03:13:27 <INFO> Started REINVENT 4.6.22 (C) AstraZeneca 2017, 2023 on 2025-08-31
03:13:27 <INFO> Command line: /home/a/miniconda3/envs/reinvent4/bin/reinvent --log-filename reinvent.log -f toml config.toml
03:13:27 <INFO> Reading run configuration from /home/a/REINVENT4/ReinventStudies/pleaseWork/justmol2mol_4_Beamsearch_BeamSearch_Compounds/graph-dock-1kypum/node-reinvent/config.toml using format toml
03:13:27 <INFO> User a on host l4-redo
03:13:27 <INFO> Python version 3.10.18
03:13:27 <INFO> PyTorch version 2.7.1+cu128, git e2d141dbde55c2a4370fac5165b0561b6af4798b
03:13:27 <INFO> PyTorch compiled with CUDA version 12.8
03:13:27 <INFO> RDKit version 2025.03.5
03:13:27 <INFO> Platform Linux-6.1.0-38-cloud-amd64-x86_64-with-glibc2.36
03:13:27 <INFO> CUDA driver version 570.86.10
03:13:27 <INFO> Number of PyTorch CUDA devices 1
03:13:27 <WARN> 'use_cuda' is deprecated, use 'device' instead
03:13:27 <INFO> Using CUDA device:0 NVIDIA L4
03:13:27 <INFO> GPU memory: 22381 MiB free, 22574 MiB total
03:13:27 <INFO> Writing TensorBoard summary to /home/a/REINVENT4/ReinventStudies/pleaseWork/justmol2mol_4_Beamsearch_BeamSearch_Compounds/graph-dock-1kypum/node-reinvent/tb_logs
03:13:27 <INFO> Writing JSON config file to /home/a/REINVENT4/ReinventStudies/pleaseWork/justmol2mol_4_Beamsearch_BeamSearch_Compounds/graph-dock-1kypum/node-reinvent/justmol2mol_4_staged_learning.json
03:13:27 <INFO> Starting 1 stage of Reinforcement Learning
03:13:27 <ERRO> /home/a/REINVENT4/ReinventStudies/priors/mol2mol_similarity.prior has invalid hash:
{ 'comments': [],
  'creation_date': 0,
  'date_format': 'UNIX epoch',
  'hash_id': '3c6a77904318ad22c299806d686463f5',
  'hash_id_format': 'xxhash.xxh3_128_hex 3.4.1',
  'model_id': '595a7122492447e0b10b11b6cf47b2ae',
  'model_id_format': 'uuid.uuid4 3.10.12',
  'origina_data_source': 'ChEMBL 28',
  'updates': []}
03:13:27 <INFO> Number of network parameters: 17,462,400
03:13:27 <INFO> Network architecture:
EncoderDecoder(
  (encoder): Encoder(
    (layers): ModuleList(
      (0-5): 6 x EncoderLayer(
        (self_attn): MultiHeadedAttention(
          (linears): ModuleList(
            (0-3): 4 x Linear(in_features=256, out_features=256, bias=True)
          )
          (dropout): Dropout(p=0.1, inplace=False)
        )
        (feed_forward): PositionwiseFeedForward(
          (w_1): Linear(in_features=256, out_features=2048, bias=True)
          (w_2): Linear(in_features=2048, out_features=256, bias=True)
          (dropout): Dropout(p=0.1, inplace=False)
        )
        (sublayer): ModuleList(
          (0-1): 2 x SublayerConnection(
            (norm): LayerNorm()
            (dropout): Dropout(p=0.1, inplace=False)
          )
        )
      )
    )
    (norm): LayerNorm()
  )
  (decoder): Decoder(
    (layers): ModuleList(
      (0-5): 6 x DecoderLayer(
        (self_attn): MultiHeadedAttention(
          (linears): ModuleList(
            (0-3): 4 x Linear(in_features=256, out_features=256, bias=True)
          )
          (dropout): Dropout(p=0.1, inplace=False)
        )
        (src_attn): MultiHeadedAttention(
          (linears): ModuleList(
            (0-3): 4 x Linear(in_features=256, out_features=256, bias=True)
          )
          (dropout): Dropout(p=0.1, inplace=False)
        )
        (feed_forward): PositionwiseFeedForward(
          (w_1): Linear(in_features=256, out_features=2048, bias=True)
          (w_2): Linear(in_features=2048, out_features=256, bias=True)
          (dropout): Dropout(p=0.1, inplace=False)
        )
        (sublayer): ModuleList(
          (0-2): 3 x SublayerConnection(
            (norm): LayerNorm()
            (dropout): Dropout(p=0.1, inplace=False)
          )
        )
      )
    )
    (norm): LayerNorm()
  )
  (src_embed): Sequential(
    (0): Embeddings(
      (lut): Embedding(128, 256)
    )
    (1): PositionalEncoding(
      (dropout): Dropout(p=0.1, inplace=False)
    )
  )
  (tgt_embed): Sequential(
    (0): Embeddings(
      (lut): Embedding(128, 256)
    )
    (1): PositionalEncoding(
      (dropout): Dropout(p=0.1, inplace=False)
    )
  )
  (generator): Generator(
    (proj): Linear(in_features=256, out_features=128, bias=True)
  )
)
03:13:28 <ERRO> /home/a/REINVENT4/ReinventStudies/priors/mol2mol_similarity.prior has invalid hash:
{ 'comments': [],
  'creation_date': 0,
  'date_format': 'UNIX epoch',
  'hash_id': '3c6a77904318ad22c299806d686463f5',
  'hash_id_format': 'xxhash.xxh3_128_hex 3.4.1',
  'model_id': '595a7122492447e0b10b11b6cf47b2ae',
  'model_id_format': 'uuid.uuid4 3.10.12',
  'origina_data_source': 'ChEMBL 28',
  'updates': []}
03:13:28 <INFO> Number of network parameters: 17,462,400
03:13:28 <INFO> Network architecture:
EncoderDecoder(
  (encoder): Encoder(
    (layers): ModuleList(
      (0-5): 6 x EncoderLayer(
        (self_attn): MultiHeadedAttention(
          (linears): ModuleList(
            (0-3): 4 x Linear(in_features=256, out_features=256, bias=True)
          )
          (dropout): Dropout(p=0.1, inplace=False)
        )
        (feed_forward): PositionwiseFeedForward(
          (w_1): Linear(in_features=256, out_features=2048, bias=True)
          (w_2): Linear(in_features=2048, out_features=256, bias=True)
          (dropout): Dropout(p=0.1, inplace=False)
        )
        (sublayer): ModuleList(
          (0-1): 2 x SublayerConnection(
            (norm): LayerNorm()
            (dropout): Dropout(p=0.1, inplace=False)
          )
        )
      )
    )
    (norm): LayerNorm()
  )
  (decoder): Decoder(
    (layers): ModuleList(
      (0-5): 6 x DecoderLayer(
        (self_attn): MultiHeadedAttention(
          (linears): ModuleList(
            (0-3): 4 x Linear(in_features=256, out_features=256, bias=True)
          )
          (dropout): Dropout(p=0.1, inplace=False)
        )
        (src_attn): MultiHeadedAttention(
          (linears): ModuleList(
            (0-3): 4 x Linear(in_features=256, out_features=256, bias=True)
          )
          (dropout): Dropout(p=0.1, inplace=False)
        )
        (feed_forward): PositionwiseFeedForward(
          (w_1): Linear(in_features=256, out_features=2048, bias=True)
          (w_2): Linear(in_features=2048, out_features=256, bias=True)
          (dropout): Dropout(p=0.1, inplace=False)
        )
        (sublayer): ModuleList(
          (0-2): 3 x SublayerConnection(
            (norm): LayerNorm()
            (dropout): Dropout(p=0.1, inplace=False)
          )
        )
      )
    )
    (norm): LayerNorm()
  )
  (src_embed): Sequential(
    (0): Embeddings(
      (lut): Embedding(128, 256)
    )
    (1): PositionalEncoding(
      (dropout): Dropout(p=0.1, inplace=False)
    )
  )
  (tgt_embed): Sequential(
    (0): Embeddings(
      (lut): Embedding(128, 256)
    )
    (1): PositionalEncoding(
      (dropout): Dropout(p=0.1, inplace=False)
    )
  )
  (generator): Generator(
    (proj): Linear(in_features=256, out_features=128, bias=True)
  )
)
03:13:28 <INFO> Using generator Mol2Mol
03:13:28 <INFO> Prior read from /home/a/REINVENT4/ReinventStudies/priors/mol2mol_similarity.prior
03:13:28 <INFO> Agent read from /home/a/REINVENT4/ReinventStudies/priors/mol2mol_similarity.prior
03:13:28 <INFO> Input molecules/fragments read from file /home/a/REINVENT4/ReinventStudies/mols/Rad51/cam833_compounds.smi
03:13:28 <WARN> randomize_smiles was set to True but the model was not trained with randomized SMILES.  Setting randomize_smiles to False.
03:13:28 <INFO> Using reward strategy dap
03:13:28 <INFO> Diversity filter memories are retained between stages
03:13:28 <INFO> Registered scoring component ROCSSimilarity
03:13:28 <INFO> Registered scoring component GroupCount
03:13:28 <INFO> Registered scoring component FragmentQed
03:13:28 <INFO> Registered scoring component FragmentSlogP
03:13:28 <INFO> Registered scoring component FragmentMolecularWeight
03:13:28 <INFO> Registered scoring component FragmentTPSA
03:13:28 <INFO> Registered scoring component FragmentDistanceMatrix
03:13:28 <INFO> Registered scoring component FragmentNumAtomStereoCenters
03:13:28 <INFO> Registered scoring component FragmentHBondAcceptors
03:13:28 <INFO> Registered scoring component FragmentHBondDonors
03:13:28 <INFO> Registered scoring component FragmentNumRotBond
03:13:28 <INFO> Registered scoring component FragmentCsp3
03:13:28 <INFO> Registered scoring component Fragmentnumsp
03:13:28 <INFO> Registered scoring component Fragmentnumsp2
03:13:28 <INFO> Registered scoring component Fragmentnumsp3
03:13:28 <INFO> Registered scoring component FragmentEffectiveLength
03:13:28 <INFO> Registered scoring component FragmentGraphLength
03:13:28 <INFO> Registered scoring component FragmentLengthRatio
03:13:28 <INFO> Registered scoring component FragmentNumHeavyAtoms
03:13:28 <INFO> Registered scoring component FragmentNumHeteroAtoms
03:13:28 <INFO> Registered scoring component FragmentNumRings
03:13:28 <INFO> Registered scoring component FragmentNumAromaticRings
03:13:28 <INFO> Registered scoring component FragmentNumAliphaticRings
03:13:28 <INFO> Registered scoring component FragmentSlogP
03:13:28 <INFO> Registered scoring component MatchingSubstructure
03:13:28 <INFO> Registered scoring component MolVolume
03:13:28 <INFO> Registered scoring component Qed
03:13:28 <INFO> Registered scoring component LargestRingSize
03:13:28 <INFO> Registered scoring component MolecularWeight
03:13:28 <INFO> Registered scoring component GraphLength
03:13:28 <INFO> Registered scoring component NumAtomStereoCenters
03:13:28 <INFO> Registered scoring component HBondAcceptors
03:13:28 <INFO> Registered scoring component HBondDonors
03:13:28 <INFO> Registered scoring component NumRotBond
03:13:28 <INFO> Registered scoring component Csp3
03:13:28 <INFO> Registered scoring component numsp
03:13:28 <INFO> Registered scoring component numsp2
03:13:28 <INFO> Registered scoring component numsp3
03:13:28 <INFO> Registered scoring component NumHeavyAtoms
03:13:28 <INFO> Registered scoring component NumHeteroAtoms
03:13:28 <INFO> Registered scoring component NumRings
03:13:28 <INFO> Registered scoring component NumAromaticRings
03:13:28 <INFO> Registered scoring component NumAliphaticRings
03:13:28 <INFO> Registered scoring component SlogP
03:13:28 <INFO> Registered scoring component LargestRingSize
03:13:28 <INFO> Registered scoring component PMI
03:13:28 <INFO> Registered scoring component RDKitDescriptors
03:13:28 <INFO> Registered scoring component TanimotoSimilarity
03:13:28 <INFO> Registered scoring component TanimotoDistance
03:13:28 <INFO> Registered scoring component TPSA
03:13:28 <INFO> Registered scoring component SAScore
03:13:28 <INFO> Registered scoring component Cazp
03:13:28 <INFO> Registered scoring component ChemProp
03:13:28 <INFO> Registered scoring component CustomAlerts
03:13:28 <INFO> Registered scoring component DockStream
03:13:28 <INFO> Registered scoring component ExternalProcess
03:13:28 <INFO> Registered scoring component REST
03:13:28 <INFO> Registered scoring component Icolos
03:13:28 <INFO> Registered scoring component Maize
03:13:28 <INFO> Registered scoring component MMP
03:13:28 <INFO> Registered scoring component Qptuna
03:13:28 <INFO> Registered scoring component ReactionFilter
03:13:28 <INFO> Registered scoring component RingPrecedence
03:13:28 <INFO> Creating filter component custom_alerts
03:13:28 <INFO> Creating scoring component QED
03:13:28 <INFO> Creating scoring component ExternalProcess
03:13:28 <INFO> Writing tabular data for stage to justmol2mol_4_1.csv
03:13:28 <INFO> Starting stage 1 <<<
03:13:28 <INFO> Current GPU memory usage: 403 MiB used, 22171 MiB free
03:23:38 <INFO> Score: 0.40 Agent NLL: 3.51 Valid: 100% Step: 1
 | Agent Prior Target Score SMILES SMILES_state Input_SMILES QED QED (raw) maize maize (raw) Unwanted SMARTS Unwanted SMARTS (raw) matchting_patterns (Unwanted SMARTS)
 | 4.0491 4.0491 71.3296 0.5888959 CC(C)C(NC(=O)[C@@H]1C[C@@H](O)CN1C(=O)CNC(=O)c1ccc2cc(F)ccc2n1)c1ccccc1 1 COc1ccc([C@H](C)NC(=O)[C@@H]2C[C@@H](O)CN2C(=O)CNC(=O)c2ccc3cc(F)ccc3n2)c(Cl)c1 0.4695327 0.4695 0.7386033 -9.5300 1.0000000 1.0000 []
 | 4.5815 4.5815 73.8224 0.6125303 CC(NC(=O)[C@@H]1C[C@@H](O)CN1C(=O)CNC(=O)c1ccc2cc(F)ccc2n1)c1ccccc1 1 COc1ccc([C@H](C)NC(=O)[C@@H]2C[C@@H](O)CN2C(=O)CNC(=O)c2ccc3cc(F)ccc3n2)c(Cl)c1 0.5163857 0.5164 0.7265760 -9.4100 1.0000000 1.0000 []
 | 3.0015 3.0015 82.8714 0.6708822 CCC(=O)N(c1ccccc1)C1CCN(C(=O)CC(N)c2ccc(C)cc2)CC1 1 CCC(=O)N(c1ccccc1)C1CCN(C(=O)[C@@H](N)C2Cc3ccccc3C2)CC1 0.8112739 0.8113 0.5547854 -7.9300 1.0000000 1.0000 []
 | 2.7466 2.7466 81.7144 0.6598512 CCC(=O)N(c1ccccc1)C1CCN(C(=O)CC(N)c2ccc(Cl)cc2)CC1 1 CCC(=O)N(c1ccccc1)C1CCN(C(=O)[C@@H](N)C2Cc3ccccc3C2)CC1 0.7725207 0.7725 0.5636141 -8.0000 1.0000000 1.0000 []
 | 2.1276 2.1276 70.5869 0.5680822 CCC(=O)N(c1ccccc1)C1CCN(C(=O)CC(N)c2ccc(OC)cc2)CC1 1 CCC(=O)N(c1ccccc1)C1CCN(C(=O)[C@@H](N)C2Cc3ccccc3C2)CC1 0.7591665 0.7592 0.4250944 -6.9100 1.0000000 1.0000 []
 | 2.8461 2.8461 87.7874 0.7080740 CCC(=O)N(c1ccccc1)C1CCN(C(=O)[C@@H](N)C2Cc3ccccc3C2)CC1 1 CCC(=O)N(c1ccccc1)C1CCN(C(=O)[C@@H](N)C2Cc3ccccc3C2)CC1 0.8309294 0.8309 0.6033832 -8.3200 1.0000000 1.0000 []
 | 3.1612 3.1612 74.1218 0.6037733 CCC(=O)N(c1ccccc1)C1CCN(C(=O)[C@@H](N)Cc2c(C)cc(O)cc2C)CC1 1 CCC(=O)N(c1ccccc1)C1CCN(C(=O)[C@@H](N)C2Cc3ccccc3C2)CC1 0.7462649 0.7463 0.4884891 -7.4100 1.0000000 1.0000 []
 | 2.9563 2.9563 79.1808 0.6416967 CCC(=O)N(c1ccccc1)C1CCN(C(=O)[C@@H](N)Cc2ccc(O)cc2)CC1 1 CCC(=O)N(c1ccccc1)C1CCN(C(=O)[C@@H](N)C2Cc3ccccc3C2)CC1 0.7873175 0.7873 0.5230096 -7.6800 1.0000000 1.0000 []
 | 3.3219 3.3219 82.4704 0.6702530 CCC(=O)N(c1ccccc1)C1CCN(C(=O)[C@@H](N)Cc2csc3ccccc23)CC1 1 CCC(=O)N(c1ccccc1)C1CCN(C(=O)[C@@H](N)C2Cc3ccccc3C2)CC1 0.6308509 0.6309 0.7121161 -9.2700 1.0000000 1.0000 []
 | 2.6294 2.6294 72.2854 0.5852720 CCC(=O)N(c1ccccc1)C1CCN(C(=O)[C@@H](N)[C@@H](C)c2c(C)cc(O)cc2C)CC1 1 CCC(=O)N(c1ccccc1)C1CCN(C(=O)[C@@H](N)C2Cc3ccccc3C2)CC1 0.7181346 0.7181 0.4769904 -7.3200 1.0000000 1.0000 []
03:25:21 <INFO> Score: 0.42 Agent NLL: 3.09 Valid: 100% Step: 2
 | Agent Prior Target Score SMILES SMILES_state Input_SMILES QED QED (raw) maize maize (raw) Unwanted SMARTS Unwanted SMARTS (raw) matchting_patterns (Unwanted SMARTS)
 | 3.3812 4.0491 71.3296 0.5888959 CC(C)C(NC(=O)[C@@H]1C[C@@H](O)CN1C(=O)CNC(=O)c1ccc2cc(F)ccc2n1)c1ccccc1 1 COc1ccc([C@H](C)NC(=O)[C@@H]2C[C@@H](O)CN2C(=O)CNC(=O)c2ccc3cc(F)ccc3n2)c(Cl)c1 0.4695327 0.4695 0.7386033 -9.5300 1.0000000 1.0000 []
 | 3.2672 4.8186 71.6209 0.5971834 CC(NC(=O)[C@@H]1C[C@@H](O)CN1C(=O)CNC(=O)c1ccc2cc(F)ccc2n1)c1ccc(Cl)cc1 1 COc1ccc([C@H](C)NC(=O)[C@@H]2C[C@@H](O)CN2C(=O)CNC(=O)c2ccc3cc(F)ccc3n2)c(Cl)c1 0.4834885 0.4835 0.7376142 -9.5200 1.0000000 1.0000 []
 | 2.9853 3.0015 82.8714 0.6708822 CCC(=O)N(c1ccccc1)C1CCN(C(=O)CC(N)c2ccc(C)cc2)CC1 1 CCC(=O)N(c1ccccc1)C1CCN(C(=O)[C@@H](N)C2Cc3ccccc3C2)CC1 0.8112739 0.8113 0.5547854 -7.9300 1.0000000 1.0000 []
 | 2.3195 2.7466 81.7144 0.6598512 CCC(=O)N(c1ccccc1)C1CCN(C(=O)CC(N)c2ccc(Cl)cc2)CC1 1 CCC(=O)N(c1ccccc1)C1CCN(C(=O)[C@@H](N)C2Cc3ccccc3C2)CC1 0.7725207 0.7725 0.5636141 -8.0000 1.0000000 1.0000 []
 | 2.5116 2.1276 70.5869 0.5680822 CCC(=O)N(c1ccccc1)C1CCN(C(=O)CC(N)c2ccc(OC)cc2)CC1 1 CCC(=O)N(c1ccccc1)C1CCN(C(=O)[C@@H](N)C2Cc3ccccc3C2)CC1 0.7591665 0.7592 0.4250944 -6.9100 1.0000000 1.0000 []
 | 2.7436 2.8461 87.7874 0.7080740 CCC(=O)N(c1ccccc1)C1CCN(C(=O)[C@@H](N)C2Cc3ccccc3C2)CC1 1 CCC(=O)N(c1ccccc1)C1CCN(C(=O)[C@@H](N)C2Cc3ccccc3C2)CC1 0.8309294 0.8309 0.6033832 -8.3200 1.0000000 1.0000 []
 | 2.5497 3.1612 74.1218 0.6037733 CCC(=O)N(c1ccccc1)C1CCN(C(=O)[C@@H](N)Cc2c(C)cc(O)cc2C)CC1 1 CCC(=O)N(c1ccccc1)C1CCN(C(=O)[C@@H](N)C2Cc3ccccc3C2)CC1 0.7462649 0.7463 0.4884891 -7.4100 1.0000000 1.0000 []
 | 2.6905 2.9563 79.1808 0.6416967 CCC(=O)N(c1ccccc1)C1CCN(C(=O)[C@@H](N)Cc2ccc(O)cc2)CC1 1 CCC(=O)N(c1ccccc1)C1CCN(C(=O)[C@@H](N)C2Cc3ccccc3C2)CC1 0.7873175 0.7873 0.5230096 -7.6800 1.0000000 1.0000 []
 | 2.3736 3.3219 82.4704 0.6702530 CCC(=O)N(c1ccccc1)C1CCN(C(=O)[C@@H](N)Cc2csc3ccccc23)CC1 1 CCC(=O)N(c1ccccc1)C1CCN(C(=O)[C@@H](N)C2Cc3ccccc3C2)CC1 0.6308509 0.6309 0.7121161 -9.2700 1.0000000 1.0000 []
 | 2.4944 2.6294 72.2854 0.5852720 CCC(=O)N(c1ccccc1)C1CCN(C(=O)[C@@H](N)[C@@H](C)c2c(C)cc(O)cc2C)CC1 1 CCC(=O)N(c1ccccc1)C1CCN(C(=O)[C@@H](N)C2Cc3ccccc3C2)CC1 0.7181346 0.7181 0.4769904 -7.3200 1.0000000 1.0000 []
03:25:39 <INFO> Score: 0.42 Agent NLL: 2.89 Valid: 100% Step: 3
 | Agent Prior Target Score SMILES SMILES_state Input_SMILES QED QED (raw) maize maize (raw) Unwanted SMARTS Unwanted SMARTS (raw) matchting_patterns (Unwanted SMARTS)
 | 3.2156 4.0491 71.3296 0.5888959 CC(C)C(NC(=O)[C@@H]1C[C@@H](O)CN1C(=O)CNC(=O)c1ccc2cc(F)ccc2n1)c1ccccc1 1 COc1ccc([C@H](C)NC(=O)[C@@H]2C[C@@H](O)CN2C(=O)CNC(=O)c2ccc3cc(F)ccc3n2)c(Cl)c1 0.4695327 0.4695 0.7386033 -9.5300 1.0000000 1.0000 []
 | 2.5753 4.8186 71.6209 0.5971834 CC(NC(=O)[C@@H]1C[C@@H](O)CN1C(=O)CNC(=O)c1ccc2cc(F)ccc2n1)c1ccc(Cl)cc1 1 COc1ccc([C@H](C)NC(=O)[C@@H]2C[C@@H](O)CN2C(=O)CNC(=O)c2ccc3cc(F)ccc3n2)c(Cl)c1 0.4834885 0.4835 0.7376142 -9.5200 1.0000000 1.0000 []
 | 3.1405 3.0015 82.8714 0.6708822 CCC(=O)N(c1ccccc1)C1CCN(C(=O)CC(N)c2ccc(C)cc2)CC1 1 CCC(=O)N(c1ccccc1)C1CCN(C(=O)[C@@H](N)C2Cc3ccccc3C2)CC1 0.8112739 0.8113 0.5547854 -7.9300 1.0000000 1.0000 []
 | 2.0942 2.7466 81.7144 0.6598512 CCC(=O)N(c1ccccc1)C1CCN(C(=O)CC(N)c2ccc(Cl)cc2)CC1 1 CCC(=O)N(c1ccccc1)C1CCN(C(=O)[C@@H](N)C2Cc3ccccc3C2)CC1 0.7725207 0.7725 0.5636141 -8.0000 1.0000000 1.0000 []
 | 3.0959 2.1276 70.5869 0.5680822 CCC(=O)N(c1ccccc1)C1CCN(C(=O)CC(N)c2ccc(OC)cc2)CC1 1 CCC(=O)N(c1ccccc1)C1CCN(C(=O)[C@@H](N)C2Cc3ccccc3C2)CC1 0.7591665 0.7592 0.4250944 -6.9100 1.0000000 1.0000 []
 | 2.5753 2.8461 87.7874 0.7080740 CCC(=O)N(c1ccccc1)C1CCN(C(=O)[C@@H](N)C2Cc3ccccc3C2)CC1 1 CCC(=O)N(c1ccccc1)C1CCN(C(=O)[C@@H](N)C2Cc3ccccc3C2)CC1 0.8309294 0.8309 0.6033832 -8.3200 1.0000000 1.0000 []
 | 2.2666 3.1612 74.1218 0.6037733 CCC(=O)N(c1ccccc1)C1CCN(C(=O)[C@@H](N)Cc2c(C)cc(O)cc2C)CC1 1 CCC(=O)N(c1ccccc1)C1CCN(C(=O)[C@@H](N)C2Cc3ccccc3C2)CC1 0.7462649 0.7463 0.4884891 -7.4100 1.0000000 1.0000 []
 | 2.6331 2.9563 79.1808 0.6416967 CCC(=O)N(c1ccccc1)C1CCN(C(=O)[C@@H](N)Cc2ccc(O)cc2)CC1 1 CCC(=O)N(c1ccccc1)C1CCN(C(=O)[C@@H](N)C2Cc3ccccc3C2)CC1 0.7873175 0.7873 0.5230096 -7.6800 1.0000000 1.0000 []
 | 2.0900 3.3219 82.4704 0.6702530 CCC(=O)N(c1ccccc1)C1CCN(C(=O)[C@@H](N)Cc2csc3ccccc23)CC1 1 CCC(=O)N(c1ccccc1)C1CCN(C(=O)[C@@H](N)C2Cc3ccccc3C2)CC1 0.6308509 0.6309 0.7121161 -9.2700 1.0000000 1.0000 []
 | 2.3994 2.6294 72.2854 0.5852720 CCC(=O)N(c1ccccc1)C1CCN(C(=O)[C@@H](N)[C@@H](C)c2c(C)cc(O)cc2C)CC1 1 CCC(=O)N(c1ccccc1)C1CCN(C(=O)[C@@H](N)C2Cc3ccccc3C2)CC1 0.7181346 0.7181 0.4769904 -7.3200 1.0000000 1.0000 []
03:25:49 <INFO> Score: 0.42 Agent NLL: 2.79 Valid: 100% Step: 4
 | Agent Prior Target Score SMILES SMILES_state Input_SMILES QED QED (raw) maize maize (raw) Unwanted SMARTS Unwanted SMARTS (raw) matchting_patterns (Unwanted SMARTS)
 | 3.0617 4.0491 71.3296 0.5888959 CC(C)C(NC(=O)[C@@H]1C[C@@H](O)CN1C(=O)CNC(=O)c1ccc2cc(F)ccc2n1)c1ccccc1 1 COc1ccc([C@H](C)NC(=O)[C@@H]2C[C@@H](O)CN2C(=O)CNC(=O)c2ccc3cc(F)ccc3n2)c(Cl)c1 0.4695327 0.4695 0.7386033 -9.5300 1.0000000 1.0000 []
 | 2.7148 4.8186 71.6209 0.5971834 CC(NC(=O)[C@@H]1C[C@@H](O)CN1C(=O)CNC(=O)c1ccc2cc(F)ccc2n1)c1ccc(Cl)cc1 1 COc1ccc([C@H](C)NC(=O)[C@@H]2C[C@@H](O)CN2C(=O)CNC(=O)c2ccc3cc(F)ccc3n2)c(Cl)c1 0.4834885 0.4835 0.7376142 -9.5200 1.0000000 1.0000 []
 | 3.3658 4.5815 73.8224 0.6125303 CC(NC(=O)[C@@H]1C[C@@H](O)CN1C(=O)CNC(=O)c1ccc2cc(F)ccc2n1)c1ccccc1 1 COc1ccc([C@H](C)NC(=O)[C@@H]2C[C@@H](O)CN2C(=O)CNC(=O)c2ccc3cc(F)ccc3n2)c(Cl)c1 0.5163857 0.5164 0.7265760 -9.4100 1.0000000 1.0000 []
 | 2.9418 3.0015 82.8714 0.6708822 CCC(=O)N(c1ccccc1)C1CCN(C(=O)CC(N)c2ccc(C)cc2)CC1 1 CCC(=O)N(c1ccccc1)C1CCN(C(=O)[C@@H](N)C2Cc3ccccc3C2)CC1 0.8112739 0.8113 0.5547854 -7.9300 1.0000000 1.0000 []
 | 2.1389 2.7466 81.7144 0.6598512 CCC(=O)N(c1ccccc1)C1CCN(C(=O)CC(N)c2ccc(Cl)cc2)CC1 1 CCC(=O)N(c1ccccc1)C1CCN(C(=O)[C@@H](N)C2Cc3ccccc3C2)CC1 0.7725207 0.7725 0.5636141 -8.0000 1.0000000 1.0000 []
 | 3.0986 2.1276 70.5869 0.5680822 CCC(=O)N(c1ccccc1)C1CCN(C(=O)CC(N)c2ccc(OC)cc2)CC1 1 CCC(=O)N(c1ccccc1)C1CCN(C(=O)[C@@H](N)C2Cc3ccccc3C2)CC1 0.7591665 0.7592 0.4250944 -6.9100 1.0000000 1.0000 []
 | 2.2908 2.8461 87.7874 0.7080740 CCC(=O)N(c1ccccc1)C1CCN(C(=O)[C@@H](N)C2Cc3ccccc3C2)CC1 1 CCC(=O)N(c1ccccc1)C1CCN(C(=O)[C@@H](N)C2Cc3ccccc3C2)CC1 0.8309294 0.8309 0.6033832 -8.3200 1.0000000 1.0000 []
 | 2.2079 3.1612 74.1218 0.6037733 CCC(=O)N(c1ccccc1)C1CCN(C(=O)[C@@H](N)Cc2c(C)cc(O)cc2C)CC1 1 CCC(=O)N(c1ccccc1)C1CCN(C(=O)[C@@H](N)C2Cc3ccccc3C2)CC1 0.7462649 0.7463 0.4884891 -7.4100 1.0000000 1.0000 []
 | 2.7495 2.9563 79.1808 0.6416967 CCC(=O)N(c1ccccc1)C1CCN(C(=O)[C@@H](N)Cc2ccc(O)cc2)CC1 1 CCC(=O)N(c1ccccc1)C1CCN(C(=O)[C@@H](N)C2Cc3ccccc3C2)CC1 0.7873175 0.7873 0.5230096 -7.6800 1.0000000 1.0000 []
 | 2.1927 3.3219 82.4704 0.6702530 CCC(=O)N(c1ccccc1)C1CCN(C(=O)[C@@H](N)Cc2csc3ccccc23)CC1 1 CCC(=O)N(c1ccccc1)C1CCN(C(=O)[C@@H](N)C2Cc3ccccc3C2)CC1 0.6308509 0.6309 0.7121161 -9.2700 1.0000000 1.0000 []
03:26:24 <INFO> Score: 0.43 Agent NLL: 2.73 Valid: 100% Step: 5
 | Agent Prior Target Score SMILES SMILES_state Input_SMILES QED QED (raw) maize maize (raw) Unwanted SMARTS Unwanted SMARTS (raw) matchting_patterns (Unwanted SMARTS)
 | 3.0251 4.0491 71.3296 0.5888959 CC(C)C(NC(=O)[C@@H]1C[C@@H](O)CN1C(=O)CNC(=O)c1ccc2cc(F)ccc2n1)c1ccccc1 1 COc1ccc([C@H](C)NC(=O)[C@@H]2C[C@@H](O)CN2C(=O)CNC(=O)c2ccc3cc(F)ccc3n2)c(Cl)c1 0.4695327 0.4695 0.7386033 -9.5300 1.0000000 1.0000 []
 | 2.2729 4.5815 73.8224 0.6125303 CC(NC(=O)[C@@H]1C[C@@H](O)CN1C(=O)CNC(=O)c1ccc2cc(F)ccc2n1)c1ccccc1 1 COc1ccc([C@H](C)NC(=O)[C@@H]2C[C@@H](O)CN2C(=O)CNC(=O)c2ccc3cc(F)ccc3n2)c(Cl)c1 0.5163857 0.5164 0.7265760 -9.4100 1.0000000 1.0000 []
 | 2.5879 3.0015 82.8714 0.6708822 CCC(=O)N(c1ccccc1)C1CCN(C(=O)CC(N)c2ccc(C)cc2)CC1 1 CCC(=O)N(c1ccccc1)C1CCN(C(=O)[C@@H](N)C2Cc3ccccc3C2)CC1 0.8112739 0.8113 0.5547854 -7.9300 1.0000000 1.0000 []
 | 2.2312 2.7466 81.7144 0.6598512 CCC(=O)N(c1ccccc1)C1CCN(C(=O)CC(N)c2ccc(Cl)cc2)CC1 1 CCC(=O)N(c1ccccc1)C1CCN(C(=O)[C@@H](N)C2Cc3ccccc3C2)CC1 0.7725207 0.7725 0.5636141 -8.0000 1.0000000 1.0000 []
 | 2.7929 2.1276 70.5869 0.5680822 CCC(=O)N(c1ccccc1)C1CCN(C(=O)CC(N)c2ccc(OC)cc2)CC1 1 CCC(=O)N(c1ccccc1)C1CCN(C(=O)[C@@H](N)C2Cc3ccccc3C2)CC1 0.7591665 0.7592 0.4250944 -6.9100 1.0000000 1.0000 []
 | 2.0932 2.8461 87.7874 0.7080740 CCC(=O)N(c1ccccc1)C1CCN(C(=O)[C@@H](N)C2Cc3ccccc3C2)CC1 1 CCC(=O)N(c1ccccc1)C1CCN(C(=O)[C@@H](N)C2Cc3ccccc3C2)CC1 0.8309294 0.8309 0.6033832 -8.3200 1.0000000 1.0000 []
 | 2.3343 3.1612 74.1218 0.6037733 CCC(=O)N(c1ccccc1)C1CCN(C(=O)[C@@H](N)Cc2c(C)cc(O)cc2C)CC1 1 CCC(=O)N(c1ccccc1)C1CCN(C(=O)[C@@H](N)C2Cc3ccccc3C2)CC1 0.7462649 0.7463 0.4884891 -7.4100 1.0000000 1.0000 []
 | 2.8340 2.9563 79.1808 0.6416967 CCC(=O)N(c1ccccc1)C1CCN(C(=O)[C@@H](N)Cc2ccc(O)cc2)CC1 1 CCC(=O)N(c1ccccc1)C1CCN(C(=O)[C@@H](N)C2Cc3ccccc3C2)CC1 0.7873175 0.7873 0.5230096 -7.6800 1.0000000 1.0000 []
 | 2.4143 3.3219 82.4704 0.6702530 CCC(=O)N(c1ccccc1)C1CCN(C(=O)[C@@H](N)Cc2csc3ccccc23)CC1 1 CCC(=O)N(c1ccccc1)C1CCN(C(=O)[C@@H](N)C2Cc3ccccc3C2)CC1 0.6308509 0.6309 0.7121161 -9.2700 1.0000000 1.0000 []
 | 2.1805 2.6294 72.2854 0.5852720 CCC(=O)N(c1ccccc1)C1CCN(C(=O)[C@@H](N)[C@@H](C)c2c(C)cc(O)cc2C)CC1 1 CCC(=O)N(c1ccccc1)C1CCN(C(=O)[C@@H](N)C2Cc3ccccc3C2)CC1 0.7181346 0.7181 0.4769904 -7.3200 1.0000000 1.0000 []
03:26:42 <INFO> Score: 0.43 Agent NLL: 2.70 Valid: 100% Step: 6
 | Agent Prior Target Score SMILES SMILES_state Input_SMILES QED QED (raw) maize maize (raw) Unwanted SMARTS Unwanted SMARTS (raw) matchting_patterns (Unwanted SMARTS)
 | 2.8442 4.0491 71.3296 0.5888959 CC(C)C(NC(=O)[C@@H]1C[C@@H](O)CN1C(=O)CNC(=O)c1ccc2cc(F)ccc2n1)c1ccccc1 1 COc1ccc([C@H](C)NC(=O)[C@@H]2C[C@@H](O)CN2C(=O)CNC(=O)c2ccc3cc(F)ccc3n2)c(Cl)c1 0.4695327 0.4695 0.7386033 -9.5300 1.0000000 1.0000 []
 | 2.2135 4.5815 73.8224 0.6125303 CC(NC(=O)[C@@H]1C[C@@H](O)CN1C(=O)CNC(=O)c1ccc2cc(F)ccc2n1)c1ccccc1 1 COc1ccc([C@H](C)NC(=O)[C@@H]2C[C@@H](O)CN2C(=O)CNC(=O)c2ccc3cc(F)ccc3n2)c(Cl)c1 0.5163857 0.5164 0.7265760 -9.4100 1.0000000 1.0000 []
 | 2.2577 3.0015 82.8714 0.6708822 CCC(=O)N(c1ccccc1)C1CCN(C(=O)CC(N)c2ccc(C)cc2)CC1 1 CCC(=O)N(c1ccccc1)C1CCN(C(=O)[C@@H](N)C2Cc3ccccc3C2)CC1 0.8112739 0.8113 0.5547854 -7.9300 1.0000000 1.0000 []
 | 2.2559 2.7466 81.7144 0.6598512 CCC(=O)N(c1ccccc1)C1CCN(C(=O)CC(N)c2ccc(Cl)cc2)CC1 1 CCC(=O)N(c1ccccc1)C1CCN(C(=O)[C@@H](N)C2Cc3ccccc3C2)CC1 0.7725207 0.7725 0.5636141 -8.0000 1.0000000 1.0000 []
 | 2.3782 2.1276 70.5869 0.5680822 CCC(=O)N(c1ccccc1)C1CCN(C(=O)CC(N)c2ccc(OC)cc2)CC1 1 CCC(=O)N(c1ccccc1)C1CCN(C(=O)[C@@H](N)C2Cc3ccccc3C2)CC1 0.7591665 0.7592 0.4250944 -6.9100 1.0000000 1.0000 []
 | 2.1441 2.8461 87.7874 0.7080740 CCC(=O)N(c1ccccc1)C1CCN(C(=O)[C@@H](N)C2Cc3ccccc3C2)CC1 1 CCC(=O)N(c1ccccc1)C1CCN(C(=O)[C@@H](N)C2Cc3ccccc3C2)CC1 0.8309294 0.8309 0.6033832 -8.3200 1.0000000 1.0000 []
 | 2.5058 3.1612 74.1218 0.6037733 CCC(=O)N(c1ccccc1)C1CCN(C(=O)[C@@H](N)Cc2c(C)cc(O)cc2C)CC1 1 CCC(=O)N(c1ccccc1)C1CCN(C(=O)[C@@H](N)C2Cc3ccccc3C2)CC1 0.7462649 0.7463 0.4884891 -7.4100 1.0000000 1.0000 []
 | 2.7538 2.9563 79.1808 0.6416967 CCC(=O)N(c1ccccc1)C1CCN(C(=O)[C@@H](N)Cc2ccc(O)cc2)CC1 1 CCC(=O)N(c1ccccc1)C1CCN(C(=O)[C@@H](N)C2Cc3ccccc3C2)CC1 0.7873175 0.7873 0.5230096 -7.6800 1.0000000 1.0000 []
 | 2.4688 3.3219 82.4704 0.6702530 CCC(=O)N(c1ccccc1)C1CCN(C(=O)[C@@H](N)Cc2csc3ccccc23)CC1 1 CCC(=O)N(c1ccccc1)C1CCN(C(=O)[C@@H](N)C2Cc3ccccc3C2)CC1 0.6308509 0.6309 0.7121161 -9.2700 1.0000000 1.0000 []
 | 2.1988 2.6294 72.2854 0.5852720 CCC(=O)N(c1ccccc1)C1CCN(C(=O)[C@@H](N)[C@@H](C)c2c(C)cc(O)cc2C)CC1 1 CCC(=O)N(c1ccccc1)C1CCN(C(=O)[C@@H](N)C2Cc3ccccc3C2)CC1 0.7181346 0.7181 0.4769904 -7.3200 1.0000000 1.0000 []
03:27:00 <INFO> Score: 0.43 Agent NLL: 2.65 Valid: 100% Step: 7
 | Agent Prior Target Score SMILES SMILES_state Input_SMILES QED QED (raw) maize maize (raw) Unwanted SMARTS Unwanted SMARTS (raw) matchting_patterns (Unwanted SMARTS)
 | 2.5737 4.0491 71.3296 0.5888959 CC(C)C(NC(=O)[C@@H]1C[C@@H](O)CN1C(=O)CNC(=O)c1ccc2cc(F)ccc2n1)c1ccccc1 1 COc1ccc([C@H](C)NC(=O)[C@@H]2C[C@@H](O)CN2C(=O)CNC(=O)c2ccc3cc(F)ccc3n2)c(Cl)c1 0.4695327 0.4695 0.7386033 -9.5300 1.0000000 1.0000 []
 | 2.2893 4.5815 73.8224 0.6125303 CC(NC(=O)[C@@H]1C[C@@H](O)CN1C(=O)CNC(=O)c1ccc2cc(F)ccc2n1)c1ccccc1 1 COc1ccc([C@H](C)NC(=O)[C@@H]2C[C@@H](O)CN2C(=O)CNC(=O)c2ccc3cc(F)ccc3n2)c(Cl)c1 0.5163857 0.5164 0.7265760 -9.4100 1.0000000 1.0000 []
 | 2.1439 3.0015 82.8714 0.6708822 CCC(=O)N(c1ccccc1)C1CCN(C(=O)CC(N)c2ccc(C)cc2)CC1 1 CCC(=O)N(c1ccccc1)C1CCN(C(=O)[C@@H](N)C2Cc3ccccc3C2)CC1 0.8112739 0.8113 0.5547854 -7.9300 1.0000000 1.0000 []
 | 2.3837 2.7466 81.7144 0.6598512 CCC(=O)N(c1ccccc1)C1CCN(C(=O)CC(N)c2ccc(Cl)cc2)CC1 1 CCC(=O)N(c1ccccc1)C1CCN(C(=O)[C@@H](N)C2Cc3ccccc3C2)CC1 0.7725207 0.7725 0.5636141 -8.0000 1.0000000 1.0000 []
 | 2.1860 2.1276 70.5869 0.5680822 CCC(=O)N(c1ccccc1)C1CCN(C(=O)CC(N)c2ccc(OC)cc2)CC1 1 CCC(=O)N(c1ccccc1)C1CCN(C(=O)[C@@H](N)C2Cc3ccccc3C2)CC1 0.7591665 0.7592 0.4250944 -6.9100 1.0000000 1.0000 []
 | 2.3199 2.8461 87.7874 0.7080740 CCC(=O)N(c1ccccc1)C1CCN(C(=O)[C@@H](N)C2Cc3ccccc3C2)CC1 1 CCC(=O)N(c1ccccc1)C1CCN(C(=O)[C@@H](N)C2Cc3ccccc3C2)CC1 0.8309294 0.8309 0.6033832 -8.3200 1.0000000 1.0000 []
 | 2.5796 3.1612 74.1218 0.6037733 CCC(=O)N(c1ccccc1)C1CCN(C(=O)[C@@H](N)Cc2c(C)cc(O)cc2C)CC1 1 CCC(=O)N(c1ccccc1)C1CCN(C(=O)[C@@H](N)C2Cc3ccccc3C2)CC1 0.7462649 0.7463 0.4884891 -7.4100 1.0000000 1.0000 []
 | 2.5010 2.9563 79.1808 0.6416967 CCC(=O)N(c1ccccc1)C1CCN(C(=O)[C@@H](N)Cc2ccc(O)cc2)CC1 1 CCC(=O)N(c1ccccc1)C1CCN(C(=O)[C@@H](N)C2Cc3ccccc3C2)CC1 0.7873175 0.7873 0.5230096 -7.6800 1.0000000 1.0000 []
 | 2.3163 3.3219 82.4704 0.6702530 CCC(=O)N(c1ccccc1)C1CCN(C(=O)[C@@H](N)Cc2csc3ccccc23)CC1 1 CCC(=O)N(c1ccccc1)C1CCN(C(=O)[C@@H](N)C2Cc3ccccc3C2)CC1 0.6308509 0.6309 0.7121161 -9.2700 1.0000000 1.0000 []
 | 2.2268 2.6294 72.2854 0.5852720 CCC(=O)N(c1ccccc1)C1CCN(C(=O)[C@@H](N)[C@@H](C)c2c(C)cc(O)cc2C)CC1 1 CCC(=O)N(c1ccccc1)C1CCN(C(=O)[C@@H](N)C2Cc3ccccc3C2)CC1 0.7181346 0.7181 0.4769904 -7.3200 1.0000000 1.0000 []
03:27:11 <INFO> Score: 0.43 Agent NLL: 2.64 Valid: 100% Step: 8
 | Agent Prior Target Score SMILES SMILES_state Input_SMILES QED QED (raw) maize maize (raw) Unwanted SMARTS Unwanted SMARTS (raw) matchting_patterns (Unwanted SMARTS)
 | 2.3133 4.0491 71.3296 0.5888959 CC(C)C(NC(=O)[C@@H]1C[C@@H](O)CN1C(=O)CNC(=O)c1ccc2cc(F)ccc2n1)c1ccccc1 1 COc1ccc([C@H](C)NC(=O)[C@@H]2C[C@@H](O)CN2C(=O)CNC(=O)c2ccc3cc(F)ccc3n2)c(Cl)c1 0.4695327 0.4695 0.7386033 -9.5300 1.0000000 1.0000 []
 | 2.3695 4.5815 73.8224 0.6125303 CC(NC(=O)[C@@H]1C[C@@H](O)CN1C(=O)CNC(=O)c1ccc2cc(F)ccc2n1)c1ccccc1 1 COc1ccc([C@H](C)NC(=O)[C@@H]2C[C@@H](O)CN2C(=O)CNC(=O)c2ccc3cc(F)ccc3n2)c(Cl)c1 0.5163857 0.5164 0.7265760 -9.4100 1.0000000 1.0000 []
 | 2.2492 3.0015 82.8714 0.6708822 CCC(=O)N(c1ccccc1)C1CCN(C(=O)CC(N)c2ccc(C)cc2)CC1 1 CCC(=O)N(c1ccccc1)C1CCN(C(=O)[C@@H](N)C2Cc3ccccc3C2)CC1 0.8112739 0.8113 0.5547854 -7.9300 1.0000000 1.0000 []
 | 2.6570 2.7466 81.7144 0.6598512 CCC(=O)N(c1ccccc1)C1CCN(C(=O)CC(N)c2ccc(Cl)cc2)CC1 1 CCC(=O)N(c1ccccc1)C1CCN(C(=O)[C@@H](N)C2Cc3ccccc3C2)CC1 0.7725207 0.7725 0.5636141 -8.0000 1.0000000 1.0000 []
 | 2.2993 2.1276 70.5869 0.5680822 CCC(=O)N(c1ccccc1)C1CCN(C(=O)CC(N)c2ccc(OC)cc2)CC1 1 CCC(=O)N(c1ccccc1)C1CCN(C(=O)[C@@H](N)C2Cc3ccccc3C2)CC1 0.7591665 0.7592 0.4250944 -6.9100 1.0000000 1.0000 []
 | 2.4062 2.8461 87.7874 0.7080740 CCC(=O)N(c1ccccc1)C1CCN(C(=O)[C@@H](N)C2Cc3ccccc3C2)CC1 1 CCC(=O)N(c1ccccc1)C1CCN(C(=O)[C@@H](N)C2Cc3ccccc3C2)CC1 0.8309294 0.8309 0.6033832 -8.3200 1.0000000 1.0000 []
 | 2.4759 3.1612 74.1218 0.6037733 CCC(=O)N(c1ccccc1)C1CCN(C(=O)[C@@H](N)Cc2c(C)cc(O)cc2C)CC1 1 CCC(=O)N(c1ccccc1)C1CCN(C(=O)[C@@H](N)C2Cc3ccccc3C2)CC1 0.7462649 0.7463 0.4884891 -7.4100 1.0000000 1.0000 []
 | 2.1217 2.9563 79.1808 0.6416967 CCC(=O)N(c1ccccc1)C1CCN(C(=O)[C@@H](N)Cc2ccc(O)cc2)CC1 1 CCC(=O)N(c1ccccc1)C1CCN(C(=O)[C@@H](N)C2Cc3ccccc3C2)CC1 0.7873175 0.7873 0.5230096 -7.6800 1.0000000 1.0000 []
 | 2.1424 3.3219 82.4704 0.6702530 CCC(=O)N(c1ccccc1)C1CCN(C(=O)[C@@H](N)Cc2csc3ccccc23)CC1 1 CCC(=O)N(c1ccccc1)C1CCN(C(=O)[C@@H](N)C2Cc3ccccc3C2)CC1 0.6308509 0.6309 0.7121161 -9.2700 1.0000000 1.0000 []
 | 2.2521 2.6294 72.2854 0.5852720 CCC(=O)N(c1ccccc1)C1CCN(C(=O)[C@@H](N)[C@@H](C)c2c(C)cc(O)cc2C)CC1 1 CCC(=O)N(c1ccccc1)C1CCN(C(=O)[C@@H](N)C2Cc3ccccc3C2)CC1 0.7181346 0.7181 0.4769904 -7.3200 1.0000000 1.0000 []
03:27:15 <INFO> Score: 0.43 Agent NLL: 2.61 Valid: 100% Step: 9
 | Agent Prior Target Score SMILES SMILES_state Input_SMILES QED QED (raw) maize maize (raw) Unwanted SMARTS Unwanted SMARTS (raw) matchting_patterns (Unwanted SMARTS)
 | 2.1291 4.0491 71.3296 0.5888959 CC(C)C(NC(=O)[C@@H]1C[C@@H](O)CN1C(=O)CNC(=O)c1ccc2cc(F)ccc2n1)c1ccccc1 1 COc1ccc([C@H](C)NC(=O)[C@@H]2C[C@@H](O)CN2C(=O)CNC(=O)c2ccc3cc(F)ccc3n2)c(Cl)c1 0.4695327 0.4695 0.7386033 -9.5300 1.0000000 1.0000 []
 | 2.3665 4.5815 73.8224 0.6125303 CC(NC(=O)[C@@H]1C[C@@H](O)CN1C(=O)CNC(=O)c1ccc2cc(F)ccc2n1)c1ccccc1 1 COc1ccc([C@H](C)NC(=O)[C@@H]2C[C@@H](O)CN2C(=O)CNC(=O)c2ccc3cc(F)ccc3n2)c(Cl)c1 0.5163857 0.5164 0.7265760 -9.4100 1.0000000 1.0000 []
 | 2.1913 3.0015 82.8714 0.6708822 CCC(=O)N(c1ccccc1)C1CCN(C(=O)CC(N)c2ccc(C)cc2)CC1 1 CCC(=O)N(c1ccccc1)C1CCN(C(=O)[C@@H](N)C2Cc3ccccc3C2)CC1 0.8112739 0.8113 0.5547854 -7.9300 1.0000000 1.0000 []
 | 2.7107 2.7466 81.7144 0.6598512 CCC(=O)N(c1ccccc1)C1CCN(C(=O)CC(N)c2ccc(Cl)cc2)CC1 1 CCC(=O)N(c1ccccc1)C1CCN(C(=O)[C@@H](N)C2Cc3ccccc3C2)CC1 0.7725207 0.7725 0.5636141 -8.0000 1.0000000 1.0000 []
 | 2.3646 2.1276 70.5869 0.5680822 CCC(=O)N(c1ccccc1)C1CCN(C(=O)CC(N)c2ccc(OC)cc2)CC1 1 CCC(=O)N(c1ccccc1)C1CCN(C(=O)[C@@H](N)C2Cc3ccccc3C2)CC1 0.7591665 0.7592 0.4250944 -6.9100 1.0000000 1.0000 []
 | 2.3461 2.8461 87.7874 0.7080740 CCC(=O)N(c1ccccc1)C1CCN(C(=O)[C@@H](N)C2Cc3ccccc3C2)CC1 1 CCC(=O)N(c1ccccc1)C1CCN(C(=O)[C@@H](N)C2Cc3ccccc3C2)CC1 0.8309294 0.8309 0.6033832 -8.3200 1.0000000 1.0000 []
 | 2.3675 3.1612 74.1218 0.6037733 CCC(=O)N(c1ccccc1)C1CCN(C(=O)[C@@H](N)Cc2c(C)cc(O)cc2C)CC1 1 CCC(=O)N(c1ccccc1)C1CCN(C(=O)[C@@H](N)C2Cc3ccccc3C2)CC1 0.7462649 0.7463 0.4884891 -7.4100 1.0000000 1.0000 []
 | 1.9727 2.9563 79.1808 0.6416967 CCC(=O)N(c1ccccc1)C1CCN(C(=O)[C@@H](N)Cc2ccc(O)cc2)CC1 1 CCC(=O)N(c1ccccc1)C1CCN(C(=O)[C@@H](N)C2Cc3ccccc3C2)CC1 0.7873175 0.7873 0.5230096 -7.6800 1.0000000 1.0000 []
 | 2.1845 3.3219 82.4704 0.6702530 CCC(=O)N(c1ccccc1)C1CCN(C(=O)[C@@H](N)Cc2csc3ccccc23)CC1 1 CCC(=O)N(c1ccccc1)C1CCN(C(=O)[C@@H](N)C2Cc3ccccc3C2)CC1 0.6308509 0.6309 0.7121161 -9.2700 1.0000000 1.0000 []
 | 2.3755 2.6294 72.2854 0.5852720 CCC(=O)N(c1ccccc1)C1CCN(C(=O)[C@@H](N)[C@@H](C)c2c(C)cc(O)cc2C)CC1 1 CCC(=O)N(c1ccccc1)C1CCN(C(=O)[C@@H](N)C2Cc3ccccc3C2)CC1 0.7181346 0.7181 0.4769904 -7.3200 1.0000000 1.0000 []
03:27:18 <INFO> Score: 0.43 Agent NLL: 2.59 Valid: 100% Step: 10
 | Agent Prior Target Score SMILES SMILES_state Input_SMILES QED QED (raw) maize maize (raw) Unwanted SMARTS Unwanted SMARTS (raw) matchting_patterns (Unwanted SMARTS)
 | 1.9984 4.0491 71.3296 0.5888959 CC(C)C(NC(=O)[C@@H]1C[C@@H](O)CN1C(=O)CNC(=O)c1ccc2cc(F)ccc2n1)c1ccccc1 1 COc1ccc([C@H](C)NC(=O)[C@@H]2C[C@@H](O)CN2C(=O)CNC(=O)c2ccc3cc(F)ccc3n2)c(Cl)c1 0.4695327 0.4695 0.7386033 -9.5300 1.0000000 1.0000 []
 | 2.2764 4.5815 73.8224 0.6125303 CC(NC(=O)[C@@H]1C[C@@H](O)CN1C(=O)CNC(=O)c1ccc2cc(F)ccc2n1)c1ccccc1 1 COc1ccc([C@H](C)NC(=O)[C@@H]2C[C@@H](O)CN2C(=O)CNC(=O)c2ccc3cc(F)ccc3n2)c(Cl)c1 0.5163857 0.5164 0.7265760 -9.4100 1.0000000 1.0000 []
 | 1.9833 3.0015 82.8714 0.6708822 CCC(=O)N(c1ccccc1)C1CCN(C(=O)CC(N)c2ccc(C)cc2)CC1 1 CCC(=O)N(c1ccccc1)C1CCN(C(=O)[C@@H](N)C2Cc3ccccc3C2)CC1 0.8112739 0.8113 0.5547854 -7.9300 1.0000000 1.0000 []
 | 2.5479 2.7466 81.7144 0.6598512 CCC(=O)N(c1ccccc1)C1CCN(C(=O)CC(N)c2ccc(Cl)cc2)CC1 1 CCC(=O)N(c1ccccc1)C1CCN(C(=O)[C@@H](N)C2Cc3ccccc3C2)CC1 0.7725207 0.7725 0.5636141 -8.0000 1.0000000 1.0000 []
 | 2.3211 2.1276 70.5869 0.5680822 CCC(=O)N(c1ccccc1)C1CCN(C(=O)CC(N)c2ccc(OC)cc2)CC1 1 CCC(=O)N(c1ccccc1)C1CCN(C(=O)[C@@H](N)C2Cc3ccccc3C2)CC1 0.7591665 0.7592 0.4250944 -6.9100 1.0000000 1.0000 []
 | 2.1626 2.8461 87.7874 0.7080740 CCC(=O)N(c1ccccc1)C1CCN(C(=O)[C@@H](N)C2Cc3ccccc3C2)CC1 1 CCC(=O)N(c1ccccc1)C1CCN(C(=O)[C@@H](N)C2Cc3ccccc3C2)CC1 0.8309294 0.8309 0.6033832 -8.3200 1.0000000 1.0000 []
 | 2.3049 3.1612 74.1218 0.6037733 CCC(=O)N(c1ccccc1)C1CCN(C(=O)[C@@H](N)Cc2c(C)cc(O)cc2C)CC1 1 CCC(=O)N(c1ccccc1)C1CCN(C(=O)[C@@H](N)C2Cc3ccccc3C2)CC1 0.7462649 0.7463 0.4884891 -7.4100 1.0000000 1.0000 []
 | 2.0918 2.9563 79.1808 0.6416967 CCC(=O)N(c1ccccc1)C1CCN(C(=O)[C@@H](N)Cc2ccc(O)cc2)CC1 1 CCC(=O)N(c1ccccc1)C1CCN(C(=O)[C@@H](N)C2Cc3ccccc3C2)CC1 0.7873175 0.7873 0.5230096 -7.6800 1.0000000 1.0000 []
 | 2.3992 3.3219 82.4704 0.6702530 CCC(=O)N(c1ccccc1)C1CCN(C(=O)[C@@H](N)Cc2csc3ccccc23)CC1 1 CCC(=O)N(c1ccccc1)C1CCN(C(=O)[C@@H](N)C2Cc3ccccc3C2)CC1 0.6308509 0.6309 0.7121161 -9.2700 1.0000000 1.0000 []
 | 2.5370 2.6294 72.2854 0.5852720 CCC(=O)N(c1ccccc1)C1CCN(C(=O)[C@@H](N)[C@@H](C)c2c(C)cc(O)cc2C)CC1 1 CCC(=O)N(c1ccccc1)C1CCN(C(=O)[C@@H](N)C2Cc3ccccc3C2)CC1 0.7181346 0.7181 0.4769904 -7.3200 1.0000000 1.0000 []
03:27:29 <INFO> Score: 0.43 Agent NLL: 2.60 Valid: 100% Step: 11
 | Agent Prior Target Score SMILES SMILES_state Input_SMILES QED QED (raw) maize maize (raw) Unwanted SMARTS Unwanted SMARTS (raw) matchting_patterns (Unwanted SMARTS)
 | 1.9632 4.0491 71.3296 0.5888959 CC(C)C(NC(=O)[C@@H]1C[C@@H](O)CN1C(=O)CNC(=O)c1ccc2cc(F)ccc2n1)c1ccccc1 1 COc1ccc([C@H](C)NC(=O)[C@@H]2C[C@@H](O)CN2C(=O)CNC(=O)c2ccc3cc(F)ccc3n2)c(Cl)c1 0.4695327 0.4695 0.7386033 -9.5300 1.0000000 1.0000 []
 | 2.1144 4.5815 73.8224 0.6125303 CC(NC(=O)[C@@H]1C[C@@H](O)CN1C(=O)CNC(=O)c1ccc2cc(F)ccc2n1)c1ccccc1 1 COc1ccc([C@H](C)NC(=O)[C@@H]2C[C@@H](O)CN2C(=O)CNC(=O)c2ccc3cc(F)ccc3n2)c(Cl)c1 0.5163857 0.5164 0.7265760 -9.4100 1.0000000 1.0000 []
 | 1.9825 3.0015 82.8714 0.6708822 CCC(=O)N(c1ccccc1)C1CCN(C(=O)CC(N)c2ccc(C)cc2)CC1 1 CCC(=O)N(c1ccccc1)C1CCN(C(=O)[C@@H](N)C2Cc3ccccc3C2)CC1 0.8112739 0.8113 0.5547854 -7.9300 1.0000000 1.0000 []
 | 2.4981 2.7466 81.7144 0.6598512 CCC(=O)N(c1ccccc1)C1CCN(C(=O)CC(N)c2ccc(Cl)cc2)CC1 1 CCC(=O)N(c1ccccc1)C1CCN(C(=O)[C@@H](N)C2Cc3ccccc3C2)CC1 0.7725207 0.7725 0.5636141 -8.0000 1.0000000 1.0000 []
 | 2.4094 2.1276 70.5869 0.5680822 CCC(=O)N(c1ccccc1)C1CCN(C(=O)CC(N)c2ccc(OC)cc2)CC1 1 CCC(=O)N(c1ccccc1)C1CCN(C(=O)[C@@H](N)C2Cc3ccccc3C2)CC1 0.7591665 0.7592 0.4250944 -6.9100 1.0000000 1.0000 []
 | 1.9664 2.8461 87.7874 0.7080740 CCC(=O)N(c1ccccc1)C1CCN(C(=O)[C@@H](N)C2Cc3ccccc3C2)CC1 1 CCC(=O)N(c1ccccc1)C1CCN(C(=O)[C@@H](N)C2Cc3ccccc3C2)CC1 0.8309294 0.8309 0.6033832 -8.3200 1.0000000 1.0000 []
 | 2.2729 3.1612 74.1218 0.6037733 CCC(=O)N(c1ccccc1)C1CCN(C(=O)[C@@H](N)Cc2c(C)cc(O)cc2C)CC1 1 CCC(=O)N(c1ccccc1)C1CCN(C(=O)[C@@H](N)C2Cc3ccccc3C2)CC1 0.7462649 0.7463 0.4884891 -7.4100 1.0000000 1.0000 []
 | 2.2956 2.9563 79.1808 0.6416967 CCC(=O)N(c1ccccc1)C1CCN(C(=O)[C@@H](N)Cc2ccc(O)cc2)CC1 1 CCC(=O)N(c1ccccc1)C1CCN(C(=O)[C@@H](N)C2Cc3ccccc3C2)CC1 0.7873175 0.7873 0.5230096 -7.6800 1.0000000 1.0000 []
 | 2.4248 3.3219 82.4704 0.6702530 CCC(=O)N(c1ccccc1)C1CCN(C(=O)[C@@H](N)Cc2csc3ccccc23)CC1 1 CCC(=O)N(c1ccccc1)C1CCN(C(=O)[C@@H](N)C2Cc3ccccc3C2)CC1 0.6308509 0.6309 0.7121161 -9.2700 1.0000000 1.0000 []
 | 2.5872 2.6294 72.2854 0.5852720 CCC(=O)N(c1ccccc1)C1CCN(C(=O)[C@@H](N)[C@@H](C)c2c(C)cc(O)cc2C)CC1 1 CCC(=O)N(c1ccccc1)C1CCN(C(=O)[C@@H](N)C2Cc3ccccc3C2)CC1 0.7181346 0.7181 0.4769904 -7.3200 1.0000000 1.0000 []
03:27:33 <INFO> Score: 0.43 Agent NLL: 2.59 Valid: 100% Step: 12
 | Agent Prior Target Score SMILES SMILES_state Input_SMILES QED QED (raw) maize maize (raw) Unwanted SMARTS Unwanted SMARTS (raw) matchting_patterns (Unwanted SMARTS)
 | 2.0534 4.0491 71.3296 0.5888959 CC(C)C(NC(=O)[C@@H]1C[C@@H](O)CN1C(=O)CNC(=O)c1ccc2cc(F)ccc2n1)c1ccccc1 1 COc1ccc([C@H](C)NC(=O)[C@@H]2C[C@@H](O)CN2C(=O)CNC(=O)c2ccc3cc(F)ccc3n2)c(Cl)c1 0.4695327 0.4695 0.7386033 -9.5300 1.0000000 1.0000 []
 | 1.9676 4.5815 73.8224 0.6125303 CC(NC(=O)[C@@H]1C[C@@H](O)CN1C(=O)CNC(=O)c1ccc2cc(F)ccc2n1)c1ccccc1 1 COc1ccc([C@H](C)NC(=O)[C@@H]2C[C@@H](O)CN2C(=O)CNC(=O)c2ccc3cc(F)ccc3n2)c(Cl)c1 0.5163857 0.5164 0.7265760 -9.4100 1.0000000 1.0000 []
 | 2.1598 3.0015 82.8714 0.6708822 CCC(=O)N(c1ccccc1)C1CCN(C(=O)CC(N)c2ccc(C)cc2)CC1 1 CCC(=O)N(c1ccccc1)C1CCN(C(=O)[C@@H](N)C2Cc3ccccc3C2)CC1 0.8112739 0.8113 0.5547854 -7.9300 1.0000000 1.0000 []
 | 2.5050 2.7466 81.7144 0.6598512 CCC(=O)N(c1ccccc1)C1CCN(C(=O)CC(N)c2ccc(Cl)cc2)CC1 1 CCC(=O)N(c1ccccc1)C1CCN(C(=O)[C@@H](N)C2Cc3ccccc3C2)CC1 0.7725207 0.7725 0.5636141 -8.0000 1.0000000 1.0000 []
 | 2.5546 2.1276 70.5869 0.5680822 CCC(=O)N(c1ccccc1)C1CCN(C(=O)CC(N)c2ccc(OC)cc2)CC1 1 CCC(=O)N(c1ccccc1)C1CCN(C(=O)[C@@H](N)C2Cc3ccccc3C2)CC1 0.7591665 0.7592 0.4250944 -6.9100 1.0000000 1.0000 []
 | 1.9524 2.8461 87.7874 0.7080740 CCC(=O)N(c1ccccc1)C1CCN(C(=O)[C@@H](N)C2Cc3ccccc3C2)CC1 1 CCC(=O)N(c1ccccc1)C1CCN(C(=O)[C@@H](N)C2Cc3ccccc3C2)CC1 0.8309294 0.8309 0.6033832 -8.3200 1.0000000 1.0000 []
 | 2.2464 3.1612 74.1218 0.6037733 CCC(=O)N(c1ccccc1)C1CCN(C(=O)[C@@H](N)Cc2c(C)cc(O)cc2C)CC1 1 CCC(=O)N(c1ccccc1)C1CCN(C(=O)[C@@H](N)C2Cc3ccccc3C2)CC1 0.7462649 0.7463 0.4884891 -7.4100 1.0000000 1.0000 []
 | 2.3788 2.9563 79.1808 0.6416967 CCC(=O)N(c1ccccc1)C1CCN(C(=O)[C@@H](N)Cc2ccc(O)cc2)CC1 1 CCC(=O)N(c1ccccc1)C1CCN(C(=O)[C@@H](N)C2Cc3ccccc3C2)CC1 0.7873175 0.7873 0.5230096 -7.6800 1.0000000 1.0000 []
 | 2.2692 3.3219 82.4704 0.6702530 CCC(=O)N(c1ccccc1)C1CCN(C(=O)[C@@H](N)Cc2csc3ccccc23)CC1 1 CCC(=O)N(c1ccccc1)C1CCN(C(=O)[C@@H](N)C2Cc3ccccc3C2)CC1 0.6308509 0.6309 0.7121161 -9.2700 1.0000000 1.0000 []
 | 2.5629 2.6294 72.2854 0.5852720 CCC(=O)N(c1ccccc1)C1CCN(C(=O)[C@@H](N)[C@@H](C)c2c(C)cc(O)cc2C)CC1 1 CCC(=O)N(c1ccccc1)C1CCN(C(=O)[C@@H](N)C2Cc3ccccc3C2)CC1 0.7181346 0.7181 0.4769904 -7.3200 1.0000000 1.0000 []
03:27:44 <INFO> Score: 0.44 Agent NLL: 2.59 Valid: 100% Step: 13
 | Agent Prior Target Score SMILES SMILES_state Input_SMILES QED QED (raw) maize maize (raw) Unwanted SMARTS Unwanted SMARTS (raw) matchting_patterns (Unwanted SMARTS)
 | 2.1950 4.0491 71.3296 0.5888959 CC(C)C(NC(=O)[C@@H]1C[C@@H](O)CN1C(=O)CNC(=O)c1ccc2cc(F)ccc2n1)c1ccccc1 1 COc1ccc([C@H](C)NC(=O)[C@@H]2C[C@@H](O)CN2C(=O)CNC(=O)c2ccc3cc(F)ccc3n2)c(Cl)c1 0.4695327 0.4695 0.7386033 -9.5300 1.0000000 1.0000 []
 | 1.9332 4.5815 73.8224 0.6125303 CC(NC(=O)[C@@H]1C[C@@H](O)CN1C(=O)CNC(=O)c1ccc2cc(F)ccc2n1)c1ccccc1 1 COc1ccc([C@H](C)NC(=O)[C@@H]2C[C@@H](O)CN2C(=O)CNC(=O)c2ccc3cc(F)ccc3n2)c(Cl)c1 0.5163857 0.5164 0.7265760 -9.4100 1.0000000 1.0000 []
 | 2.2110 3.0015 82.8714 0.6708822 CCC(=O)N(c1ccccc1)C1CCN(C(=O)CC(N)c2ccc(C)cc2)CC1 1 CCC(=O)N(c1ccccc1)C1CCN(C(=O)[C@@H](N)C2Cc3ccccc3C2)CC1 0.8112739 0.8113 0.5547854 -7.9300 1.0000000 1.0000 []
 | 2.3217 2.7466 81.7144 0.6598512 CCC(=O)N(c1ccccc1)C1CCN(C(=O)CC(N)c2ccc(Cl)cc2)CC1 1 CCC(=O)N(c1ccccc1)C1CCN(C(=O)[C@@H](N)C2Cc3ccccc3C2)CC1 0.7725207 0.7725 0.5636141 -8.0000 1.0000000 1.0000 []
 | 2.4897 2.1276 70.5869 0.5680822 CCC(=O)N(c1ccccc1)C1CCN(C(=O)CC(N)c2ccc(OC)cc2)CC1 1 CCC(=O)N(c1ccccc1)C1CCN(C(=O)[C@@H](N)C2Cc3ccccc3C2)CC1 0.7591665 0.7592 0.4250944 -6.9100 1.0000000 1.0000 []
 | 2.2310 2.8461 87.7874 0.7080740 CCC(=O)N(c1ccccc1)C1CCN(C(=O)[C@@H](N)C2Cc3ccccc3C2)CC1 1 CCC(=O)N(c1ccccc1)C1CCN(C(=O)[C@@H](N)C2Cc3ccccc3C2)CC1 0.8309294 0.8309 0.6033832 -8.3200 1.0000000 1.0000 []
 | 2.3251 3.1612 74.1218 0.6037733 CCC(=O)N(c1ccccc1)C1CCN(C(=O)[C@@H](N)Cc2c(C)cc(O)cc2C)CC1 1 CCC(=O)N(c1ccccc1)C1CCN(C(=O)[C@@H](N)C2Cc3ccccc3C2)CC1 0.7462649 0.7463 0.4884891 -7.4100 1.0000000 1.0000 []
 | 2.3648 2.9563 79.1808 0.6416967 CCC(=O)N(c1ccccc1)C1CCN(C(=O)[C@@H](N)Cc2ccc(O)cc2)CC1 1 CCC(=O)N(c1ccccc1)C1CCN(C(=O)[C@@H](N)C2Cc3ccccc3C2)CC1 0.7873175 0.7873 0.5230096 -7.6800 1.0000000 1.0000 []
 | 2.1285 3.3219 82.4704 0.6702530 CCC(=O)N(c1ccccc1)C1CCN(C(=O)[C@@H](N)Cc2csc3ccccc23)CC1 1 CCC(=O)N(c1ccccc1)C1CCN(C(=O)[C@@H](N)C2Cc3ccccc3C2)CC1 0.6308509 0.6309 0.7121161 -9.2700 1.0000000 1.0000 []
 | 2.6007 2.6294 72.2854 0.5852720 CCC(=O)N(c1ccccc1)C1CCN(C(=O)[C@@H](N)[C@@H](C)c2c(C)cc(O)cc2C)CC1 1 CCC(=O)N(c1ccccc1)C1CCN(C(=O)[C@@H](N)C2Cc3ccccc3C2)CC1 0.7181346 0.7181 0.4769904 -7.3200 1.0000000 1.0000 []
03:27:56 <INFO> Score: 0.44 Agent NLL: 2.58 Valid: 100% Step: 14
 | Agent Prior Target Score SMILES SMILES_state Input_SMILES QED QED (raw) maize maize (raw) Unwanted SMARTS Unwanted SMARTS (raw) matchting_patterns (Unwanted SMARTS)
 | 2.3279 4.0491 71.3296 0.5888959 CC(C)C(NC(=O)[C@@H]1C[C@@H](O)CN1C(=O)CNC(=O)c1ccc2cc(F)ccc2n1)c1ccccc1 1 COc1ccc([C@H](C)NC(=O)[C@@H]2C[C@@H](O)CN2C(=O)CNC(=O)c2ccc3cc(F)ccc3n2)c(Cl)c1 0.4695327 0.4695 0.7386033 -9.5300 1.0000000 1.0000 []
 | 1.9890 4.5815 73.8224 0.6125303 CC(NC(=O)[C@@H]1C[C@@H](O)CN1C(=O)CNC(=O)c1ccc2cc(F)ccc2n1)c1ccccc1 1 COc1ccc([C@H](C)NC(=O)[C@@H]2C[C@@H](O)CN2C(=O)CNC(=O)c2ccc3cc(F)ccc3n2)c(Cl)c1 0.5163857 0.5164 0.7265760 -9.4100 1.0000000 1.0000 []
 | 2.2862 3.0015 82.8714 0.6708822 CCC(=O)N(c1ccccc1)C1CCN(C(=O)CC(N)c2ccc(C)cc2)CC1 1 CCC(=O)N(c1ccccc1)C1CCN(C(=O)[C@@H](N)C2Cc3ccccc3C2)CC1 0.8112739 0.8113 0.5547854 -7.9300 1.0000000 1.0000 []
 | 2.1487 2.7466 81.7144 0.6598512 CCC(=O)N(c1ccccc1)C1CCN(C(=O)CC(N)c2ccc(Cl)cc2)CC1 1 CCC(=O)N(c1ccccc1)C1CCN(C(=O)[C@@H](N)C2Cc3ccccc3C2)CC1 0.7725207 0.7725 0.5636141 -8.0000 1.0000000 1.0000 []
 | 2.4058 2.1276 70.5869 0.5680822 CCC(=O)N(c1ccccc1)C1CCN(C(=O)CC(N)c2ccc(OC)cc2)CC1 1 CCC(=O)N(c1ccccc1)C1CCN(C(=O)[C@@H](N)C2Cc3ccccc3C2)CC1 0.7591665 0.7592 0.4250944 -6.9100 1.0000000 1.0000 []
 | 2.4640 2.8461 87.7874 0.7080740 CCC(=O)N(c1ccccc1)C1CCN(C(=O)[C@@H](N)C2Cc3ccccc3C2)CC1 1 CCC(=O)N(c1ccccc1)C1CCN(C(=O)[C@@H](N)C2Cc3ccccc3C2)CC1 0.8309294 0.8309 0.6033832 -8.3200 1.0000000 1.0000 []
 | 2.4459 3.1612 74.1218 0.6037733 CCC(=O)N(c1ccccc1)C1CCN(C(=O)[C@@H](N)Cc2c(C)cc(O)cc2C)CC1 1 CCC(=O)N(c1ccccc1)C1CCN(C(=O)[C@@H](N)C2Cc3ccccc3C2)CC1 0.7462649 0.7463 0.4884891 -7.4100 1.0000000 1.0000 []
 | 2.2791 2.9563 79.1808 0.6416967 CCC(=O)N(c1ccccc1)C1CCN(C(=O)[C@@H](N)Cc2ccc(O)cc2)CC1 1 CCC(=O)N(c1ccccc1)C1CCN(C(=O)[C@@H](N)C2Cc3ccccc3C2)CC1 0.7873175 0.7873 0.5230096 -7.6800 1.0000000 1.0000 []
 | 2.1545 3.3219 82.4704 0.6702530 CCC(=O)N(c1ccccc1)C1CCN(C(=O)[C@@H](N)Cc2csc3ccccc23)CC1 1 CCC(=O)N(c1ccccc1)C1CCN(C(=O)[C@@H](N)C2Cc3ccccc3C2)CC1 0.6308509 0.6309 0.7121161 -9.2700 1.0000000 1.0000 []
 | 2.6040 2.6294 72.2854 0.5852720 CCC(=O)N(c1ccccc1)C1CCN(C(=O)[C@@H](N)[C@@H](C)c2c(C)cc(O)cc2C)CC1 1 CCC(=O)N(c1ccccc1)C1CCN(C(=O)[C@@H](N)C2Cc3ccccc3C2)CC1 0.7181346 0.7181 0.4769904 -7.3200 1.0000000 1.0000 []
03:28:08 <INFO> Score: 0.44 Agent NLL: 2.58 Valid: 100% Step: 15
 | Agent Prior Target Score SMILES SMILES_state Input_SMILES QED QED (raw) maize maize (raw) Unwanted SMARTS Unwanted SMARTS (raw) matchting_patterns (Unwanted SMARTS)
 | 2.3812 4.0491 71.3296 0.5888959 CC(C)C(NC(=O)[C@@H]1C[C@@H](O)CN1C(=O)CNC(=O)c1ccc2cc(F)ccc2n1)c1ccccc1 1 COc1ccc([C@H](C)NC(=O)[C@@H]2C[C@@H](O)CN2C(=O)CNC(=O)c2ccc3cc(F)ccc3n2)c(Cl)c1 0.4695327 0.4695 0.7386033 -9.5300 1.0000000 1.0000 []
 | 2.1093 4.5815 73.8224 0.6125303 CC(NC(=O)[C@@H]1C[C@@H](O)CN1C(=O)CNC(=O)c1ccc2cc(F)ccc2n1)c1ccccc1 1 COc1ccc([C@H](C)NC(=O)[C@@H]2C[C@@H](O)CN2C(=O)CNC(=O)c2ccc3cc(F)ccc3n2)c(Cl)c1 0.5163857 0.5164 0.7265760 -9.4100 1.0000000 1.0000 []
 | 2.4741 3.0015 82.8714 0.6708822 CCC(=O)N(c1ccccc1)C1CCN(C(=O)CC(N)c2ccc(C)cc2)CC1 1 CCC(=O)N(c1ccccc1)C1CCN(C(=O)[C@@H](N)C2Cc3ccccc3C2)CC1 0.8112739 0.8113 0.5547854 -7.9300 1.0000000 1.0000 []
 | 2.1328 2.7466 81.7144 0.6598512 CCC(=O)N(c1ccccc1)C1CCN(C(=O)CC(N)c2ccc(Cl)cc2)CC1 1 CCC(=O)N(c1ccccc1)C1CCN(C(=O)[C@@H](N)C2Cc3ccccc3C2)CC1 0.7725207 0.7725 0.5636141 -8.0000 1.0000000 1.0000 []
 | 2.4398 2.1276 70.5869 0.5680822 CCC(=O)N(c1ccccc1)C1CCN(C(=O)CC(N)c2ccc(OC)cc2)CC1 1 CCC(=O)N(c1ccccc1)C1CCN(C(=O)[C@@H](N)C2Cc3ccccc3C2)CC1 0.7591665 0.7592 0.4250944 -6.9100 1.0000000 1.0000 []
 | 2.3516 2.8461 87.7874 0.7080740 CCC(=O)N(c1ccccc1)C1CCN(C(=O)[C@@H](N)C2Cc3ccccc3C2)CC1 1 CCC(=O)N(c1ccccc1)C1CCN(C(=O)[C@@H](N)C2Cc3ccccc3C2)CC1 0.8309294 0.8309 0.6033832 -8.3200 1.0000000 1.0000 []
 | 2.4906 3.1612 74.1218 0.6037733 CCC(=O)N(c1ccccc1)C1CCN(C(=O)[C@@H](N)Cc2c(C)cc(O)cc2C)CC1 1 CCC(=O)N(c1ccccc1)C1CCN(C(=O)[C@@H](N)C2Cc3ccccc3C2)CC1 0.7462649 0.7463 0.4884891 -7.4100 1.0000000 1.0000 []
 | 2.2359 2.9563 79.1808 0.6416967 CCC(=O)N(c1ccccc1)C1CCN(C(=O)[C@@H](N)Cc2ccc(O)cc2)CC1 1 CCC(=O)N(c1ccccc1)C1CCN(C(=O)[C@@H](N)C2Cc3ccccc3C2)CC1 0.7873175 0.7873 0.5230096 -7.6800 1.0000000 1.0000 []
 | 2.3010 3.3219 82.4704 0.6702530 CCC(=O)N(c1ccccc1)C1CCN(C(=O)[C@@H](N)Cc2csc3ccccc23)CC1 1 CCC(=O)N(c1ccccc1)C1CCN(C(=O)[C@@H](N)C2Cc3ccccc3C2)CC1 0.6308509 0.6309 0.7121161 -9.2700 1.0000000 1.0000 []
 | 2.4984 2.6294 72.2854 0.5852720 CCC(=O)N(c1ccccc1)C1CCN(C(=O)[C@@H](N)[C@@H](C)c2c(C)cc(O)cc2C)CC1 1 CCC(=O)N(c1ccccc1)C1CCN(C(=O)[C@@H](N)C2Cc3ccccc3C2)CC1 0.7181346 0.7181 0.4769904 -7.3200 1.0000000 1.0000 []
03:28:20 <INFO> Score: 0.44 Agent NLL: 2.59 Valid: 100% Step: 16
 | Agent Prior Target Score SMILES SMILES_state Input_SMILES QED QED (raw) maize maize (raw) Unwanted SMARTS Unwanted SMARTS (raw) matchting_patterns (Unwanted SMARTS)
 | 2.3601 4.0491 71.3296 0.5888959 CC(C)C(NC(=O)[C@@H]1C[C@@H](O)CN1C(=O)CNC(=O)c1ccc2cc(F)ccc2n1)c1ccccc1 1 COc1ccc([C@H](C)NC(=O)[C@@H]2C[C@@H](O)CN2C(=O)CNC(=O)c2ccc3cc(F)ccc3n2)c(Cl)c1 0.4695327 0.4695 0.7386033 -9.5300 1.0000000 1.0000 []
 | 2.2630 4.5815 73.8224 0.6125303 CC(NC(=O)[C@@H]1C[C@@H](O)CN1C(=O)CNC(=O)c1ccc2cc(F)ccc2n1)c1ccccc1 1 COc1ccc([C@H](C)NC(=O)[C@@H]2C[C@@H](O)CN2C(=O)CNC(=O)c2ccc3cc(F)ccc3n2)c(Cl)c1 0.5163857 0.5164 0.7265760 -9.4100 1.0000000 1.0000 []
 | 2.5257 3.0015 82.8714 0.6708822 CCC(=O)N(c1ccccc1)C1CCN(C(=O)CC(N)c2ccc(C)cc2)CC1 1 CCC(=O)N(c1ccccc1)C1CCN(C(=O)[C@@H](N)C2Cc3ccccc3C2)CC1 0.8112739 0.8113 0.5547854 -7.9300 1.0000000 1.0000 []
 | 2.1161 2.7466 81.7144 0.6598512 CCC(=O)N(c1ccccc1)C1CCN(C(=O)CC(N)c2ccc(Cl)cc2)CC1 1 CCC(=O)N(c1ccccc1)C1CCN(C(=O)[C@@H](N)C2Cc3ccccc3C2)CC1 0.7725207 0.7725 0.5636141 -8.0000 1.0000000 1.0000 []
 | 2.4275 2.1276 70.5869 0.5680822 CCC(=O)N(c1ccccc1)C1CCN(C(=O)CC(N)c2ccc(OC)cc2)CC1 1 CCC(=O)N(c1ccccc1)C1CCN(C(=O)[C@@H](N)C2Cc3ccccc3C2)CC1 0.7591665 0.7592 0.4250944 -6.9100 1.0000000 1.0000 []
 | 2.1432 2.8461 87.7874 0.7080740 CCC(=O)N(c1ccccc1)C1CCN(C(=O)[C@@H](N)C2Cc3ccccc3C2)CC1 1 CCC(=O)N(c1ccccc1)C1CCN(C(=O)[C@@H](N)C2Cc3ccccc3C2)CC1 0.8309294 0.8309 0.6033832 -8.3200 1.0000000 1.0000 []
 | 2.4821 3.1612 74.1218 0.6037733 CCC(=O)N(c1ccccc1)C1CCN(C(=O)[C@@H](N)Cc2c(C)cc(O)cc2C)CC1 1 CCC(=O)N(c1ccccc1)C1CCN(C(=O)[C@@H](N)C2Cc3ccccc3C2)CC1 0.7462649 0.7463 0.4884891 -7.4100 1.0000000 1.0000 []
 | 2.3451 2.9563 79.1808 0.6416967 CCC(=O)N(c1ccccc1)C1CCN(C(=O)[C@@H](N)Cc2ccc(O)cc2)CC1 1 CCC(=O)N(c1ccccc1)C1CCN(C(=O)[C@@H](N)C2Cc3ccccc3C2)CC1 0.7873175 0.7873 0.5230096 -7.6800 1.0000000 1.0000 []
 | 2.4583 3.3219 82.4704 0.6702530 CCC(=O)N(c1ccccc1)C1CCN(C(=O)[C@@H](N)Cc2csc3ccccc23)CC1 1 CCC(=O)N(c1ccccc1)C1CCN(C(=O)[C@@H](N)C2Cc3ccccc3C2)CC1 0.6308509 0.6309 0.7121161 -9.2700 1.0000000 1.0000 []
 | 2.4074 2.6294 72.2854 0.5852720 CCC(=O)N(c1ccccc1)C1CCN(C(=O)[C@@H](N)[C@@H](C)c2c(C)cc(O)cc2C)CC1 1 CCC(=O)N(c1ccccc1)C1CCN(C(=O)[C@@H](N)C2Cc3ccccc3C2)CC1 0.7181346 0.7181 0.4769904 -7.3200 1.0000000 1.0000 []
03:28:24 <INFO> Score: 0.44 Agent NLL: 2.58 Valid: 100% Step: 17
 | Agent Prior Target Score SMILES SMILES_state Input_SMILES QED QED (raw) maize maize (raw) Unwanted SMARTS Unwanted SMARTS (raw) matchting_patterns (Unwanted SMARTS)
 | 2.3243 4.0491 71.3296 0.5888959 CC(C)C(NC(=O)[C@@H]1C[C@@H](O)CN1C(=O)CNC(=O)c1ccc2cc(F)ccc2n1)c1ccccc1 1 COc1ccc([C@H](C)NC(=O)[C@@H]2C[C@@H](O)CN2C(=O)CNC(=O)c2ccc3cc(F)ccc3n2)c(Cl)c1 0.4695327 0.4695 0.7386033 -9.5300 1.0000000 1.0000 []
 | 2.3957 4.5815 73.8224 0.6125303 CC(NC(=O)[C@@H]1C[C@@H](O)CN1C(=O)CNC(=O)c1ccc2cc(F)ccc2n1)c1ccccc1 1 COc1ccc([C@H](C)NC(=O)[C@@H]2C[C@@H](O)CN2C(=O)CNC(=O)c2ccc3cc(F)ccc3n2)c(Cl)c1 0.5163857 0.5164 0.7265760 -9.4100 1.0000000 1.0000 []
 | 2.4005 3.0015 82.8714 0.6708822 CCC(=O)N(c1ccccc1)C1CCN(C(=O)CC(N)c2ccc(C)cc2)CC1 1 CCC(=O)N(c1ccccc1)C1CCN(C(=O)[C@@H](N)C2Cc3ccccc3C2)CC1 0.8112739 0.8113 0.5547854 -7.9300 1.0000000 1.0000 []
 | 2.0582 2.7466 81.7144 0.6598512 CCC(=O)N(c1ccccc1)C1CCN(C(=O)CC(N)c2ccc(Cl)cc2)CC1 1 CCC(=O)N(c1ccccc1)C1CCN(C(=O)[C@@H](N)C2Cc3ccccc3C2)CC1 0.7725207 0.7725 0.5636141 -8.0000 1.0000000 1.0000 []
 | 2.3364 2.1276 70.5869 0.5680822 CCC(=O)N(c1ccccc1)C1CCN(C(=O)CC(N)c2ccc(OC)cc2)CC1 1 CCC(=O)N(c1ccccc1)C1CCN(C(=O)[C@@H](N)C2Cc3ccccc3C2)CC1 0.7591665 0.7592 0.4250944 -6.9100 1.0000000 1.0000 []
 | 2.1206 2.8461 87.7874 0.7080740 CCC(=O)N(c1ccccc1)C1CCN(C(=O)[C@@H](N)C2Cc3ccccc3C2)CC1 1 CCC(=O)N(c1ccccc1)C1CCN(C(=O)[C@@H](N)C2Cc3ccccc3C2)CC1 0.8309294 0.8309 0.6033832 -8.3200 1.0000000 1.0000 []
 | 2.4298 3.1612 74.1218 0.6037733 CCC(=O)N(c1ccccc1)C1CCN(C(=O)[C@@H](N)Cc2c(C)cc(O)cc2C)CC1 1 CCC(=O)N(c1ccccc1)C1CCN(C(=O)[C@@H](N)C2Cc3ccccc3C2)CC1 0.7462649 0.7463 0.4884891 -7.4100 1.0000000 1.0000 []
 | 2.4610 2.9563 79.1808 0.6416967 CCC(=O)N(c1ccccc1)C1CCN(C(=O)[C@@H](N)Cc2ccc(O)cc2)CC1 1 CCC(=O)N(c1ccccc1)C1CCN(C(=O)[C@@H](N)C2Cc3ccccc3C2)CC1 0.7873175 0.7873 0.5230096 -7.6800 1.0000000 1.0000 []
 | 2.4665 3.3219 82.4704 0.6702530 CCC(=O)N(c1ccccc1)C1CCN(C(=O)[C@@H](N)Cc2csc3ccccc23)CC1 1 CCC(=O)N(c1ccccc1)C1CCN(C(=O)[C@@H](N)C2Cc3ccccc3C2)CC1 0.6308509 0.6309 0.7121161 -9.2700 1.0000000 1.0000 []
 | 2.3892 2.6294 72.2854 0.5852720 CCC(=O)N(c1ccccc1)C1CCN(C(=O)[C@@H](N)[C@@H](C)c2c(C)cc(O)cc2C)CC1 1 CCC(=O)N(c1ccccc1)C1CCN(C(=O)[C@@H](N)C2Cc3ccccc3C2)CC1 0.7181346 0.7181 0.4769904 -7.3200 1.0000000 1.0000 []
03:28:27 <INFO> Score: 0.44 Agent NLL: 2.57 Valid: 100% Step: 18
 | Agent Prior Target Score SMILES SMILES_state Input_SMILES QED QED (raw) maize maize (raw) Unwanted SMARTS Unwanted SMARTS (raw) matchting_patterns (Unwanted SMARTS)
 | 2.3312 4.0491 71.3296 0.5888959 CC(C)C(NC(=O)[C@@H]1C[C@@H](O)CN1C(=O)CNC(=O)c1ccc2cc(F)ccc2n1)c1ccccc1 1 COc1ccc([C@H](C)NC(=O)[C@@H]2C[C@@H](O)CN2C(=O)CNC(=O)c2ccc3cc(F)ccc3n2)c(Cl)c1 0.4695327 0.4695 0.7386033 -9.5300 1.0000000 1.0000 []
 | 2.4446 4.5815 73.8224 0.6125303 CC(NC(=O)[C@@H]1C[C@@H](O)CN1C(=O)CNC(=O)c1ccc2cc(F)ccc2n1)c1ccccc1 1 COc1ccc([C@H](C)NC(=O)[C@@H]2C[C@@H](O)CN2C(=O)CNC(=O)c2ccc3cc(F)ccc3n2)c(Cl)c1 0.5163857 0.5164 0.7265760 -9.4100 1.0000000 1.0000 []
 | 2.4135 3.0015 82.8714 0.6708822 CCC(=O)N(c1ccccc1)C1CCN(C(=O)CC(N)c2ccc(C)cc2)CC1 1 CCC(=O)N(c1ccccc1)C1CCN(C(=O)[C@@H](N)C2Cc3ccccc3C2)CC1 0.8112739 0.8113 0.5547854 -7.9300 1.0000000 1.0000 []
 | 2.2090 2.7466 81.7144 0.6598512 CCC(=O)N(c1ccccc1)C1CCN(C(=O)CC(N)c2ccc(Cl)cc2)CC1 1 CCC(=O)N(c1ccccc1)C1CCN(C(=O)[C@@H](N)C2Cc3ccccc3C2)CC1 0.7725207 0.7725 0.5636141 -8.0000 1.0000000 1.0000 []
 | 2.4361 2.1276 70.5869 0.5680822 CCC(=O)N(c1ccccc1)C1CCN(C(=O)CC(N)c2ccc(OC)cc2)CC1 1 CCC(=O)N(c1ccccc1)C1CCN(C(=O)[C@@H](N)C2Cc3ccccc3C2)CC1 0.7591665 0.7592 0.4250944 -6.9100 1.0000000 1.0000 []
 | 2.1693 2.8461 87.7874 0.7080740 CCC(=O)N(c1ccccc1)C1CCN(C(=O)[C@@H](N)C2Cc3ccccc3C2)CC1 1 CCC(=O)N(c1ccccc1)C1CCN(C(=O)[C@@H](N)C2Cc3ccccc3C2)CC1 0.8309294 0.8309 0.6033832 -8.3200 1.0000000 1.0000 []
 | 2.2857 3.1612 74.1218 0.6037733 CCC(=O)N(c1ccccc1)C1CCN(C(=O)[C@@H](N)Cc2c(C)cc(O)cc2C)CC1 1 CCC(=O)N(c1ccccc1)C1CCN(C(=O)[C@@H](N)C2Cc3ccccc3C2)CC1 0.7462649 0.7463 0.4884891 -7.4100 1.0000000 1.0000 []
 | 2.3548 2.9563 79.1808 0.6416967 CCC(=O)N(c1ccccc1)C1CCN(C(=O)[C@@H](N)Cc2ccc(O)cc2)CC1 1 CCC(=O)N(c1ccccc1)C1CCN(C(=O)[C@@H](N)C2Cc3ccccc3C2)CC1 0.7873175 0.7873 0.5230096 -7.6800 1.0000000 1.0000 []
 | 2.2252 3.3219 82.4704 0.6702530 CCC(=O)N(c1ccccc1)C1CCN(C(=O)[C@@H](N)Cc2csc3ccccc23)CC1 1 CCC(=O)N(c1ccccc1)C1CCN(C(=O)[C@@H](N)C2Cc3ccccc3C2)CC1 0.6308509 0.6309 0.7121161 -9.2700 1.0000000 1.0000 []
 | 2.3459 2.6294 72.2854 0.5852720 CCC(=O)N(c1ccccc1)C1CCN(C(=O)[C@@H](N)[C@@H](C)c2c(C)cc(O)cc2C)CC1 1 CCC(=O)N(c1ccccc1)C1CCN(C(=O)[C@@H](N)C2Cc3ccccc3C2)CC1 0.7181346 0.7181 0.4769904 -7.3200 1.0000000 1.0000 []
03:28:31 <INFO> Score: 0.44 Agent NLL: 2.56 Valid: 100% Step: 19
 | Agent Prior Target Score SMILES SMILES_state Input_SMILES QED QED (raw) maize maize (raw) Unwanted SMARTS Unwanted SMARTS (raw) matchting_patterns (Unwanted SMARTS)
 | 2.3651 4.0491 71.3296 0.5888959 CC(C)C(NC(=O)[C@@H]1C[C@@H](O)CN1C(=O)CNC(=O)c1ccc2cc(F)ccc2n1)c1ccccc1 1 COc1ccc([C@H](C)NC(=O)[C@@H]2C[C@@H](O)CN2C(=O)CNC(=O)c2ccc3cc(F)ccc3n2)c(Cl)c1 0.4695327 0.4695 0.7386033 -9.5300 1.0000000 1.0000 []
 | 2.4032 4.5815 73.8224 0.6125303 CC(NC(=O)[C@@H]1C[C@@H](O)CN1C(=O)CNC(=O)c1ccc2cc(F)ccc2n1)c1ccccc1 1 COc1ccc([C@H](C)NC(=O)[C@@H]2C[C@@H](O)CN2C(=O)CNC(=O)c2ccc3cc(F)ccc3n2)c(Cl)c1 0.5163857 0.5164 0.7265760 -9.4100 1.0000000 1.0000 []
 | 2.3274 3.0015 82.8714 0.6708822 CCC(=O)N(c1ccccc1)C1CCN(C(=O)CC(N)c2ccc(C)cc2)CC1 1 CCC(=O)N(c1ccccc1)C1CCN(C(=O)[C@@H](N)C2Cc3ccccc3C2)CC1 0.8112739 0.8113 0.5547854 -7.9300 1.0000000 1.0000 []
 | 2.2915 2.7466 81.7144 0.6598512 CCC(=O)N(c1ccccc1)C1CCN(C(=O)CC(N)c2ccc(Cl)cc2)CC1 1 CCC(=O)N(c1ccccc1)C1CCN(C(=O)[C@@H](N)C2Cc3ccccc3C2)CC1 0.7725207 0.7725 0.5636141 -8.0000 1.0000000 1.0000 []
 | 2.4760 2.1276 70.5869 0.5680822 CCC(=O)N(c1ccccc1)C1CCN(C(=O)CC(N)c2ccc(OC)cc2)CC1 1 CCC(=O)N(c1ccccc1)C1CCN(C(=O)[C@@H](N)C2Cc3ccccc3C2)CC1 0.7591665 0.7592 0.4250944 -6.9100 1.0000000 1.0000 []
 | 2.2751 2.8461 87.7874 0.7080740 CCC(=O)N(c1ccccc1)C1CCN(C(=O)[C@@H](N)C2Cc3ccccc3C2)CC1 1 CCC(=O)N(c1ccccc1)C1CCN(C(=O)[C@@H](N)C2Cc3ccccc3C2)CC1 0.8309294 0.8309 0.6033832 -8.3200 1.0000000 1.0000 []
 | 2.2600 3.1612 74.1218 0.6037733 CCC(=O)N(c1ccccc1)C1CCN(C(=O)[C@@H](N)Cc2c(C)cc(O)cc2C)CC1 1 CCC(=O)N(c1ccccc1)C1CCN(C(=O)[C@@H](N)C2Cc3ccccc3C2)CC1 0.7462649 0.7463 0.4884891 -7.4100 1.0000000 1.0000 []
 | 2.2595 2.9563 79.1808 0.6416967 CCC(=O)N(c1ccccc1)C1CCN(C(=O)[C@@H](N)Cc2ccc(O)cc2)CC1 1 CCC(=O)N(c1ccccc1)C1CCN(C(=O)[C@@H](N)C2Cc3ccccc3C2)CC1 0.7873175 0.7873 0.5230096 -7.6800 1.0000000 1.0000 []
 | 2.0758 3.3219 82.4704 0.6702530 CCC(=O)N(c1ccccc1)C1CCN(C(=O)[C@@H](N)Cc2csc3ccccc23)CC1 1 CCC(=O)N(c1ccccc1)C1CCN(C(=O)[C@@H](N)C2Cc3ccccc3C2)CC1 0.6308509 0.6309 0.7121161 -9.2700 1.0000000 1.0000 []
 | 2.3236 2.6294 72.2854 0.5852720 CCC(=O)N(c1ccccc1)C1CCN(C(=O)[C@@H](N)[C@@H](C)c2c(C)cc(O)cc2C)CC1 1 CCC(=O)N(c1ccccc1)C1CCN(C(=O)[C@@H](N)C2Cc3ccccc3C2)CC1 0.7181346 0.7181 0.4769904 -7.3200 1.0000000 1.0000 []
03:28:34 <INFO> Score: 0.44 Agent NLL: 2.56 Valid: 100% Step: 20
 | Agent Prior Target Score SMILES SMILES_state Input_SMILES QED QED (raw) maize maize (raw) Unwanted SMARTS Unwanted SMARTS (raw) matchting_patterns (Unwanted SMARTS)
 | 2.4086 4.0491 71.3296 0.5888959 CC(C)C(NC(=O)[C@@H]1C[C@@H](O)CN1C(=O)CNC(=O)c1ccc2cc(F)ccc2n1)c1ccccc1 1 COc1ccc([C@H](C)NC(=O)[C@@H]2C[C@@H](O)CN2C(=O)CNC(=O)c2ccc3cc(F)ccc3n2)c(Cl)c1 0.4695327 0.4695 0.7386033 -9.5300 1.0000000 1.0000 []
 | 2.3199 4.5815 73.8224 0.6125303 CC(NC(=O)[C@@H]1C[C@@H](O)CN1C(=O)CNC(=O)c1ccc2cc(F)ccc2n1)c1ccccc1 1 COc1ccc([C@H](C)NC(=O)[C@@H]2C[C@@H](O)CN2C(=O)CNC(=O)c2ccc3cc(F)ccc3n2)c(Cl)c1 0.5163857 0.5164 0.7265760 -9.4100 1.0000000 1.0000 []
 | 2.1177 3.0015 82.8714 0.6708822 CCC(=O)N(c1ccccc1)C1CCN(C(=O)CC(N)c2ccc(C)cc2)CC1 1 CCC(=O)N(c1ccccc1)C1CCN(C(=O)[C@@H](N)C2Cc3ccccc3C2)CC1 0.8112739 0.8113 0.5547854 -7.9300 1.0000000 1.0000 []
 | 2.2525 2.7466 81.7144 0.6598512 CCC(=O)N(c1ccccc1)C1CCN(C(=O)CC(N)c2ccc(Cl)cc2)CC1 1 CCC(=O)N(c1ccccc1)C1CCN(C(=O)[C@@H](N)C2Cc3ccccc3C2)CC1 0.7725207 0.7725 0.5636141 -8.0000 1.0000000 1.0000 []
 | 2.3829 2.1276 70.5869 0.5680822 CCC(=O)N(c1ccccc1)C1CCN(C(=O)CC(N)c2ccc(OC)cc2)CC1 1 CCC(=O)N(c1ccccc1)C1CCN(C(=O)[C@@H](N)C2Cc3ccccc3C2)CC1 0.7591665 0.7592 0.4250944 -6.9100 1.0000000 1.0000 []
 | 2.3102 2.8461 87.7874 0.7080740 CCC(=O)N(c1ccccc1)C1CCN(C(=O)[C@@H](N)C2Cc3ccccc3C2)CC1 1 CCC(=O)N(c1ccccc1)C1CCN(C(=O)[C@@H](N)C2Cc3ccccc3C2)CC1 0.8309294 0.8309 0.6033832 -8.3200 1.0000000 1.0000 []
 | 2.3702 3.1612 74.1218 0.6037733 CCC(=O)N(c1ccccc1)C1CCN(C(=O)[C@@H](N)Cc2c(C)cc(O)cc2C)CC1 1 CCC(=O)N(c1ccccc1)C1CCN(C(=O)[C@@H](N)C2Cc3ccccc3C2)CC1 0.7462649 0.7463 0.4884891 -7.4100 1.0000000 1.0000 []
 | 2.2909 2.9563 79.1808 0.6416967 CCC(=O)N(c1ccccc1)C1CCN(C(=O)[C@@H](N)Cc2ccc(O)cc2)CC1 1 CCC(=O)N(c1ccccc1)C1CCN(C(=O)[C@@H](N)C2Cc3ccccc3C2)CC1 0.7873175 0.7873 0.5230096 -7.6800 1.0000000 1.0000 []
 | 2.2041 3.3219 82.4704 0.6702530 CCC(=O)N(c1ccccc1)C1CCN(C(=O)[C@@H](N)Cc2csc3ccccc23)CC1 1 CCC(=O)N(c1ccccc1)C1CCN(C(=O)[C@@H](N)C2Cc3ccccc3C2)CC1 0.6308509 0.6309 0.7121161 -9.2700 1.0000000 1.0000 []
 | 2.2849 2.6294 72.2854 0.5852720 CCC(=O)N(c1ccccc1)C1CCN(C(=O)[C@@H](N)[C@@H](C)c2c(C)cc(O)cc2C)CC1 1 CCC(=O)N(c1ccccc1)C1CCN(C(=O)[C@@H](N)C2Cc3ccccc3C2)CC1 0.7181346 0.7181 0.4769904 -7.3200 1.0000000 1.0000 []
03:28:38 <INFO> Score: 0.44 Agent NLL: 2.56 Valid: 100% Step: 21
 | Agent Prior Target Score SMILES SMILES_state Input_SMILES QED QED (raw) maize maize (raw) Unwanted SMARTS Unwanted SMARTS (raw) matchting_patterns (Unwanted SMARTS)
 | 2.4406 4.0491 71.3296 0.5888959 CC(C)C(NC(=O)[C@@H]1C[C@@H](O)CN1C(=O)CNC(=O)c1ccc2cc(F)ccc2n1)c1ccccc1 1 COc1ccc([C@H](C)NC(=O)[C@@H]2C[C@@H](O)CN2C(=O)CNC(=O)c2ccc3cc(F)ccc3n2)c(Cl)c1 0.4695327 0.4695 0.7386033 -9.5300 1.0000000 1.0000 []
 | 2.2567 4.5815 73.8224 0.6125303 CC(NC(=O)[C@@H]1C[C@@H](O)CN1C(=O)CNC(=O)c1ccc2cc(F)ccc2n1)c1ccccc1 1 COc1ccc([C@H](C)NC(=O)[C@@H]2C[C@@H](O)CN2C(=O)CNC(=O)c2ccc3cc(F)ccc3n2)c(Cl)c1 0.5163857 0.5164 0.7265760 -9.4100 1.0000000 1.0000 []
 | 2.1614 3.0015 82.8714 0.6708822 CCC(=O)N(c1ccccc1)C1CCN(C(=O)CC(N)c2ccc(C)cc2)CC1 1 CCC(=O)N(c1ccccc1)C1CCN(C(=O)[C@@H](N)C2Cc3ccccc3C2)CC1 0.8112739 0.8113 0.5547854 -7.9300 1.0000000 1.0000 []
 | 2.4201 2.7466 81.7144 0.6598512 CCC(=O)N(c1ccccc1)C1CCN(C(=O)CC(N)c2ccc(Cl)cc2)CC1 1 CCC(=O)N(c1ccccc1)C1CCN(C(=O)[C@@H](N)C2Cc3ccccc3C2)CC1 0.7725207 0.7725 0.5636141 -8.0000 1.0000000 1.0000 []
 | 2.4771 2.1276 70.5869 0.5680822 CCC(=O)N(c1ccccc1)C1CCN(C(=O)CC(N)c2ccc(OC)cc2)CC1 1 CCC(=O)N(c1ccccc1)C1CCN(C(=O)[C@@H](N)C2Cc3ccccc3C2)CC1 0.7591665 0.7592 0.4250944 -6.9100 1.0000000 1.0000 []
 | 2.1623 2.8461 87.7874 0.7080740 CCC(=O)N(c1ccccc1)C1CCN(C(=O)[C@@H](N)C2Cc3ccccc3C2)CC1 1 CCC(=O)N(c1ccccc1)C1CCN(C(=O)[C@@H](N)C2Cc3ccccc3C2)CC1 0.8309294 0.8309 0.6033832 -8.3200 1.0000000 1.0000 []
 | 2.3990 3.1612 74.1218 0.6037733 CCC(=O)N(c1ccccc1)C1CCN(C(=O)[C@@H](N)Cc2c(C)cc(O)cc2C)CC1 1 CCC(=O)N(c1ccccc1)C1CCN(C(=O)[C@@H](N)C2Cc3ccccc3C2)CC1 0.7462649 0.7463 0.4884891 -7.4100 1.0000000 1.0000 []
 | 2.2845 2.9563 79.1808 0.6416967 CCC(=O)N(c1ccccc1)C1CCN(C(=O)[C@@H](N)Cc2ccc(O)cc2)CC1 1 CCC(=O)N(c1ccccc1)C1CCN(C(=O)[C@@H](N)C2Cc3ccccc3C2)CC1 0.7873175 0.7873 0.5230096 -7.6800 1.0000000 1.0000 []
 | 2.3252 3.3219 82.4704 0.6702530 CCC(=O)N(c1ccccc1)C1CCN(C(=O)[C@@H](N)Cc2csc3ccccc23)CC1 1 CCC(=O)N(c1ccccc1)C1CCN(C(=O)[C@@H](N)C2Cc3ccccc3C2)CC1 0.6308509 0.6309 0.7121161 -9.2700 1.0000000 1.0000 []
 | 2.1746 2.6294 72.2854 0.5852720 CCC(=O)N(c1ccccc1)C1CCN(C(=O)[C@@H](N)[C@@H](C)c2c(C)cc(O)cc2C)CC1 1 CCC(=O)N(c1ccccc1)C1CCN(C(=O)[C@@H](N)C2Cc3ccccc3C2)CC1 0.7181346 0.7181 0.4769904 -7.3200 1.0000000 1.0000 []
03:28:41 <INFO> Score: 0.44 Agent NLL: 2.56 Valid: 100% Step: 22
 | Agent Prior Target Score SMILES SMILES_state Input_SMILES QED QED (raw) maize maize (raw) Unwanted SMARTS Unwanted SMARTS (raw) matchting_patterns (Unwanted SMARTS)
 | 2.4227 4.0491 71.3296 0.5888959 CC(C)C(NC(=O)[C@@H]1C[C@@H](O)CN1C(=O)CNC(=O)c1ccc2cc(F)ccc2n1)c1ccccc1 1 COc1ccc([C@H](C)NC(=O)[C@@H]2C[C@@H](O)CN2C(=O)CNC(=O)c2ccc3cc(F)ccc3n2)c(Cl)c1 0.4695327 0.4695 0.7386033 -9.5300 1.0000000 1.0000 []
 | 2.2598 4.5815 73.8224 0.6125303 CC(NC(=O)[C@@H]1C[C@@H](O)CN1C(=O)CNC(=O)c1ccc2cc(F)ccc2n1)c1ccccc1 1 COc1ccc([C@H](C)NC(=O)[C@@H]2C[C@@H](O)CN2C(=O)CNC(=O)c2ccc3cc(F)ccc3n2)c(Cl)c1 0.5163857 0.5164 0.7265760 -9.4100 1.0000000 1.0000 []
 | 2.1488 3.0015 82.8714 0.6708822 CCC(=O)N(c1ccccc1)C1CCN(C(=O)CC(N)c2ccc(C)cc2)CC1 1 CCC(=O)N(c1ccccc1)C1CCN(C(=O)[C@@H](N)C2Cc3ccccc3C2)CC1 0.8112739 0.8113 0.5547854 -7.9300 1.0000000 1.0000 []
 | 2.4683 2.7466 81.7144 0.6598512 CCC(=O)N(c1ccccc1)C1CCN(C(=O)CC(N)c2ccc(Cl)cc2)CC1 1 CCC(=O)N(c1ccccc1)C1CCN(C(=O)[C@@H](N)C2Cc3ccccc3C2)CC1 0.7725207 0.7725 0.5636141 -8.0000 1.0000000 1.0000 []
 | 2.4681 2.1276 70.5869 0.5680822 CCC(=O)N(c1ccccc1)C1CCN(C(=O)CC(N)c2ccc(OC)cc2)CC1 1 CCC(=O)N(c1ccccc1)C1CCN(C(=O)[C@@H](N)C2Cc3ccccc3C2)CC1 0.7591665 0.7592 0.4250944 -6.9100 1.0000000 1.0000 []
 | 2.1063 2.8461 87.7874 0.7080740 CCC(=O)N(c1ccccc1)C1CCN(C(=O)[C@@H](N)C2Cc3ccccc3C2)CC1 1 CCC(=O)N(c1ccccc1)C1CCN(C(=O)[C@@H](N)C2Cc3ccccc3C2)CC1 0.8309294 0.8309 0.6033832 -8.3200 1.0000000 1.0000 []
 | 2.4145 3.1612 74.1218 0.6037733 CCC(=O)N(c1ccccc1)C1CCN(C(=O)[C@@H](N)Cc2c(C)cc(O)cc2C)CC1 1 CCC(=O)N(c1ccccc1)C1CCN(C(=O)[C@@H](N)C2Cc3ccccc3C2)CC1 0.7462649 0.7463 0.4884891 -7.4100 1.0000000 1.0000 []
 | 2.3095 2.9563 79.1808 0.6416967 CCC(=O)N(c1ccccc1)C1CCN(C(=O)[C@@H](N)Cc2ccc(O)cc2)CC1 1 CCC(=O)N(c1ccccc1)C1CCN(C(=O)[C@@H](N)C2Cc3ccccc3C2)CC1 0.7873175 0.7873 0.5230096 -7.6800 1.0000000 1.0000 []
 | 2.3689 3.3219 82.4704 0.6702530 CCC(=O)N(c1ccccc1)C1CCN(C(=O)[C@@H](N)Cc2csc3ccccc23)CC1 1 CCC(=O)N(c1ccccc1)C1CCN(C(=O)[C@@H](N)C2Cc3ccccc3C2)CC1 0.6308509 0.6309 0.7121161 -9.2700 1.0000000 1.0000 []
 | 2.2005 2.6294 72.2854 0.5852720 CCC(=O)N(c1ccccc1)C1CCN(C(=O)[C@@H](N)[C@@H](C)c2c(C)cc(O)cc2C)CC1 1 CCC(=O)N(c1ccccc1)C1CCN(C(=O)[C@@H](N)C2Cc3ccccc3C2)CC1 0.7181346 0.7181 0.4769904 -7.3200 1.0000000 1.0000 []
03:28:44 <INFO> Score: 0.44 Agent NLL: 2.57 Valid: 100% Step: 23
 | Agent Prior Target Score SMILES SMILES_state Input_SMILES QED QED (raw) maize maize (raw) Unwanted SMARTS Unwanted SMARTS (raw) matchting_patterns (Unwanted SMARTS)
 | 2.3718 4.0491 71.3296 0.5888959 CC(C)C(NC(=O)[C@@H]1C[C@@H](O)CN1C(=O)CNC(=O)c1ccc2cc(F)ccc2n1)c1ccccc1 1 COc1ccc([C@H](C)NC(=O)[C@@H]2C[C@@H](O)CN2C(=O)CNC(=O)c2ccc3cc(F)ccc3n2)c(Cl)c1 0.4695327 0.4695 0.7386033 -9.5300 1.0000000 1.0000 []
 | 2.3370 4.5815 73.8224 0.6125303 CC(NC(=O)[C@@H]1C[C@@H](O)CN1C(=O)CNC(=O)c1ccc2cc(F)ccc2n1)c1ccccc1 1 COc1ccc([C@H](C)NC(=O)[C@@H]2C[C@@H](O)CN2C(=O)CNC(=O)c2ccc3cc(F)ccc3n2)c(Cl)c1 0.5163857 0.5164 0.7265760 -9.4100 1.0000000 1.0000 []
 | 2.0749 3.0015 82.8714 0.6708822 CCC(=O)N(c1ccccc1)C1CCN(C(=O)CC(N)c2ccc(C)cc2)CC1 1 CCC(=O)N(c1ccccc1)C1CCN(C(=O)[C@@H](N)C2Cc3ccccc3C2)CC1 0.8112739 0.8113 0.5547854 -7.9300 1.0000000 1.0000 []
 | 2.3793 2.7466 81.7144 0.6598512 CCC(=O)N(c1ccccc1)C1CCN(C(=O)CC(N)c2ccc(Cl)cc2)CC1 1 CCC(=O)N(c1ccccc1)C1CCN(C(=O)[C@@H](N)C2Cc3ccccc3C2)CC1 0.7725207 0.7725 0.5636141 -8.0000 1.0000000 1.0000 []
 | 2.3510 2.1276 70.5869 0.5680822 CCC(=O)N(c1ccccc1)C1CCN(C(=O)CC(N)c2ccc(OC)cc2)CC1 1 CCC(=O)N(c1ccccc1)C1CCN(C(=O)[C@@H](N)C2Cc3ccccc3C2)CC1 0.7591665 0.7592 0.4250944 -6.9100 1.0000000 1.0000 []
 | 2.2072 2.8461 87.7874 0.7080740 CCC(=O)N(c1ccccc1)C1CCN(C(=O)[C@@H](N)C2Cc3ccccc3C2)CC1 1 CCC(=O)N(c1ccccc1)C1CCN(C(=O)[C@@H](N)C2Cc3ccccc3C2)CC1 0.8309294 0.8309 0.6033832 -8.3200 1.0000000 1.0000 []
 | 2.4159 3.1612 74.1218 0.6037733 CCC(=O)N(c1ccccc1)C1CCN(C(=O)[C@@H](N)Cc2c(C)cc(O)cc2C)CC1 1 CCC(=O)N(c1ccccc1)C1CCN(C(=O)[C@@H](N)C2Cc3ccccc3C2)CC1 0.7462649 0.7463 0.4884891 -7.4100 1.0000000 1.0000 []
 | 2.3428 2.9563 79.1808 0.6416967 CCC(=O)N(c1ccccc1)C1CCN(C(=O)[C@@H](N)Cc2ccc(O)cc2)CC1 1 CCC(=O)N(c1ccccc1)C1CCN(C(=O)[C@@H](N)C2Cc3ccccc3C2)CC1 0.7873175 0.7873 0.5230096 -7.6800 1.0000000 1.0000 []
 | 2.3266 3.3219 82.4704 0.6702530 CCC(=O)N(c1ccccc1)C1CCN(C(=O)[C@@H](N)Cc2csc3ccccc23)CC1 1 CCC(=O)N(c1ccccc1)C1CCN(C(=O)[C@@H](N)C2Cc3ccccc3C2)CC1 0.6308509 0.6309 0.7121161 -9.2700 1.0000000 1.0000 []
 | 2.3296 2.6294 72.2854 0.5852720 CCC(=O)N(c1ccccc1)C1CCN(C(=O)[C@@H](N)[C@@H](C)c2c(C)cc(O)cc2C)CC1 1 CCC(=O)N(c1ccccc1)C1CCN(C(=O)[C@@H](N)C2Cc3ccccc3C2)CC1 0.7181346 0.7181 0.4769904 -7.3200 1.0000000 1.0000 []
03:28:48 <INFO> Score: 0.44 Agent NLL: 2.57 Valid: 100% Step: 24
 | Agent Prior Target Score SMILES SMILES_state Input_SMILES QED QED (raw) maize maize (raw) Unwanted SMARTS Unwanted SMARTS (raw) matchting_patterns (Unwanted SMARTS)
 | 2.3354 4.0491 71.3296 0.5888959 CC(C)C(NC(=O)[C@@H]1C[C@@H](O)CN1C(=O)CNC(=O)c1ccc2cc(F)ccc2n1)c1ccccc1 1 COc1ccc([C@H](C)NC(=O)[C@@H]2C[C@@H](O)CN2C(=O)CNC(=O)c2ccc3cc(F)ccc3n2)c(Cl)c1 0.4695327 0.4695 0.7386033 -9.5300 1.0000000 1.0000 []
 | 2.4353 4.5815 73.8224 0.6125303 CC(NC(=O)[C@@H]1C[C@@H](O)CN1C(=O)CNC(=O)c1ccc2cc(F)ccc2n1)c1ccccc1 1 COc1ccc([C@H](C)NC(=O)[C@@H]2C[C@@H](O)CN2C(=O)CNC(=O)c2ccc3cc(F)ccc3n2)c(Cl)c1 0.5163857 0.5164 0.7265760 -9.4100 1.0000000 1.0000 []
 | 2.1968 3.0015 82.8714 0.6708822 CCC(=O)N(c1ccccc1)C1CCN(C(=O)CC(N)c2ccc(C)cc2)CC1 1 CCC(=O)N(c1ccccc1)C1CCN(C(=O)[C@@H](N)C2Cc3ccccc3C2)CC1 0.8112739 0.8113 0.5547854 -7.9300 1.0000000 1.0000 []
 | 2.4149 2.7466 81.7144 0.6598512 CCC(=O)N(c1ccccc1)C1CCN(C(=O)CC(N)c2ccc(Cl)cc2)CC1 1 CCC(=O)N(c1ccccc1)C1CCN(C(=O)[C@@H](N)C2Cc3ccccc3C2)CC1 0.7725207 0.7725 0.5636141 -8.0000 1.0000000 1.0000 []
 | 2.3971 2.1276 70.5869 0.5680822 CCC(=O)N(c1ccccc1)C1CCN(C(=O)CC(N)c2ccc(OC)cc2)CC1 1 CCC(=O)N(c1ccccc1)C1CCN(C(=O)[C@@H](N)C2Cc3ccccc3C2)CC1 0.7591665 0.7592 0.4250944 -6.9100 1.0000000 1.0000 []
 | 2.2740 2.8461 87.7874 0.7080740 CCC(=O)N(c1ccccc1)C1CCN(C(=O)[C@@H](N)C2Cc3ccccc3C2)CC1 1 CCC(=O)N(c1ccccc1)C1CCN(C(=O)[C@@H](N)C2Cc3ccccc3C2)CC1 0.8309294 0.8309 0.6033832 -8.3200 1.0000000 1.0000 []
 | 2.3411 3.1612 74.1218 0.6037733 CCC(=O)N(c1ccccc1)C1CCN(C(=O)[C@@H](N)Cc2c(C)cc(O)cc2C)CC1 1 CCC(=O)N(c1ccccc1)C1CCN(C(=O)[C@@H](N)C2Cc3ccccc3C2)CC1 0.7462649 0.7463 0.4884891 -7.4100 1.0000000 1.0000 []
 | 2.2910 2.9563 79.1808 0.6416967 CCC(=O)N(c1ccccc1)C1CCN(C(=O)[C@@H](N)Cc2ccc(O)cc2)CC1 1 CCC(=O)N(c1ccccc1)C1CCN(C(=O)[C@@H](N)C2Cc3ccccc3C2)CC1 0.7873175 0.7873 0.5230096 -7.6800 1.0000000 1.0000 []
 | 2.1898 3.3219 82.4704 0.6702530 CCC(=O)N(c1ccccc1)C1CCN(C(=O)[C@@H](N)Cc2csc3ccccc23)CC1 1 CCC(=O)N(c1ccccc1)C1CCN(C(=O)[C@@H](N)C2Cc3ccccc3C2)CC1 0.6308509 0.6309 0.7121161 -9.2700 1.0000000 1.0000 []
 | 2.4067 2.6294 72.2854 0.5852720 CCC(=O)N(c1ccccc1)C1CCN(C(=O)[C@@H](N)[C@@H](C)c2c(C)cc(O)cc2C)CC1 1 CCC(=O)N(c1ccccc1)C1CCN(C(=O)[C@@H](N)C2Cc3ccccc3C2)CC1 0.7181346 0.7181 0.4769904 -7.3200 1.0000000 1.0000 []
03:28:51 <INFO> Score: 0.44 Agent NLL: 2.57 Valid: 100% Step: 25
 | Agent Prior Target Score SMILES SMILES_state Input_SMILES QED QED (raw) maize maize (raw) Unwanted SMARTS Unwanted SMARTS (raw) matchting_patterns (Unwanted SMARTS)
 | 2.3342 4.0491 71.3296 0.5888959 CC(C)C(NC(=O)[C@@H]1C[C@@H](O)CN1C(=O)CNC(=O)c1ccc2cc(F)ccc2n1)c1ccccc1 1 COc1ccc([C@H](C)NC(=O)[C@@H]2C[C@@H](O)CN2C(=O)CNC(=O)c2ccc3cc(F)ccc3n2)c(Cl)c1 0.4695327 0.4695 0.7386033 -9.5300 1.0000000 1.0000 []
 | 2.4860 4.5815 73.8224 0.6125303 CC(NC(=O)[C@@H]1C[C@@H](O)CN1C(=O)CNC(=O)c1ccc2cc(F)ccc2n1)c1ccccc1 1 COc1ccc([C@H](C)NC(=O)[C@@H]2C[C@@H](O)CN2C(=O)CNC(=O)c2ccc3cc(F)ccc3n2)c(Cl)c1 0.5163857 0.5164 0.7265760 -9.4100 1.0000000 1.0000 []
 | 2.2745 3.0015 82.8714 0.6708822 CCC(=O)N(c1ccccc1)C1CCN(C(=O)CC(N)c2ccc(C)cc2)CC1 1 CCC(=O)N(c1ccccc1)C1CCN(C(=O)[C@@H](N)C2Cc3ccccc3C2)CC1 0.8112739 0.8113 0.5547854 -7.9300 1.0000000 1.0000 []
 | 2.3688 2.7466 81.7144 0.6598512 CCC(=O)N(c1ccccc1)C1CCN(C(=O)CC(N)c2ccc(Cl)cc2)CC1 1 CCC(=O)N(c1ccccc1)C1CCN(C(=O)[C@@H](N)C2Cc3ccccc3C2)CC1 0.7725207 0.7725 0.5636141 -8.0000 1.0000000 1.0000 []
 | 2.4138 2.1276 70.5869 0.5680822 CCC(=O)N(c1ccccc1)C1CCN(C(=O)CC(N)c2ccc(OC)cc2)CC1 1 CCC(=O)N(c1ccccc1)C1CCN(C(=O)[C@@H](N)C2Cc3ccccc3C2)CC1 0.7591665 0.7592 0.4250944 -6.9100 1.0000000 1.0000 []
 | 2.2760 2.8461 87.7874 0.7080740 CCC(=O)N(c1ccccc1)C1CCN(C(=O)[C@@H](N)C2Cc3ccccc3C2)CC1 1 CCC(=O)N(c1ccccc1)C1CCN(C(=O)[C@@H](N)C2Cc3ccccc3C2)CC1 0.8309294 0.8309 0.6033832 -8.3200 1.0000000 1.0000 []
 | 2.3125 3.1612 74.1218 0.6037733 CCC(=O)N(c1ccccc1)C1CCN(C(=O)[C@@H](N)Cc2c(C)cc(O)cc2C)CC1 1 CCC(=O)N(c1ccccc1)C1CCN(C(=O)[C@@H](N)C2Cc3ccccc3C2)CC1 0.7462649 0.7463 0.4884891 -7.4100 1.0000000 1.0000 []
 | 2.2784 2.9563 79.1808 0.6416967 CCC(=O)N(c1ccccc1)C1CCN(C(=O)[C@@H](N)Cc2ccc(O)cc2)CC1 1 CCC(=O)N(c1ccccc1)C1CCN(C(=O)[C@@H](N)C2Cc3ccccc3C2)CC1 0.7873175 0.7873 0.5230096 -7.6800 1.0000000 1.0000 []
 | 2.1605 3.3219 82.4704 0.6702530 CCC(=O)N(c1ccccc1)C1CCN(C(=O)[C@@H](N)Cc2csc3ccccc23)CC1 1 CCC(=O)N(c1ccccc1)C1CCN(C(=O)[C@@H](N)C2Cc3ccccc3C2)CC1 0.6308509 0.6309 0.7121161 -9.2700 1.0000000 1.0000 []
 | 2.4859 2.6294 72.2854 0.5852720 CCC(=O)N(c1ccccc1)C1CCN(C(=O)[C@@H](N)[C@@H](C)c2c(C)cc(O)cc2C)CC1 1 CCC(=O)N(c1ccccc1)C1CCN(C(=O)[C@@H](N)C2Cc3ccccc3C2)CC1 0.7181346 0.7181 0.4769904 -7.3200 1.0000000 1.0000 []
03:28:54 <INFO> Score: 0.44 Agent NLL: 2.57 Valid: 100% Step: 26
 | Agent Prior Target Score SMILES SMILES_state Input_SMILES QED QED (raw) maize maize (raw) Unwanted SMARTS Unwanted SMARTS (raw) matchting_patterns (Unwanted SMARTS)
 | 2.3728 4.0491 71.3296 0.5888959 CC(C)C(NC(=O)[C@@H]1C[C@@H](O)CN1C(=O)CNC(=O)c1ccc2cc(F)ccc2n1)c1ccccc1 1 COc1ccc([C@H](C)NC(=O)[C@@H]2C[C@@H](O)CN2C(=O)CNC(=O)c2ccc3cc(F)ccc3n2)c(Cl)c1 0.4695327 0.4695 0.7386033 -9.5300 1.0000000 1.0000 []
 | 2.4509 4.5815 73.8224 0.6125303 CC(NC(=O)[C@@H]1C[C@@H](O)CN1C(=O)CNC(=O)c1ccc2cc(F)ccc2n1)c1ccccc1 1 COc1ccc([C@H](C)NC(=O)[C@@H]2C[C@@H](O)CN2C(=O)CNC(=O)c2ccc3cc(F)ccc3n2)c(Cl)c1 0.5163857 0.5164 0.7265760 -9.4100 1.0000000 1.0000 []
 | 2.2598 3.0015 82.8714 0.6708822 CCC(=O)N(c1ccccc1)C1CCN(C(=O)CC(N)c2ccc(C)cc2)CC1 1 CCC(=O)N(c1ccccc1)C1CCN(C(=O)[C@@H](N)C2Cc3ccccc3C2)CC1 0.8112739 0.8113 0.5547854 -7.9300 1.0000000 1.0000 []
 | 2.2279 2.7466 81.7144 0.6598512 CCC(=O)N(c1ccccc1)C1CCN(C(=O)CC(N)c2ccc(Cl)cc2)CC1 1 CCC(=O)N(c1ccccc1)C1CCN(C(=O)[C@@H](N)C2Cc3ccccc3C2)CC1 0.7725207 0.7725 0.5636141 -8.0000 1.0000000 1.0000 []
 | 2.3674 2.1276 70.5869 0.5680822 CCC(=O)N(c1ccccc1)C1CCN(C(=O)CC(N)c2ccc(OC)cc2)CC1 1 CCC(=O)N(c1ccccc1)C1CCN(C(=O)[C@@H](N)C2Cc3ccccc3C2)CC1 0.7591665 0.7592 0.4250944 -6.9100 1.0000000 1.0000 []
 | 2.2228 2.8461 87.7874 0.7080740 CCC(=O)N(c1ccccc1)C1CCN(C(=O)[C@@H](N)C2Cc3ccccc3C2)CC1 1 CCC(=O)N(c1ccccc1)C1CCN(C(=O)[C@@H](N)C2Cc3ccccc3C2)CC1 0.8309294 0.8309 0.6033832 -8.3200 1.0000000 1.0000 []
 | 2.3499 3.1612 74.1218 0.6037733 CCC(=O)N(c1ccccc1)C1CCN(C(=O)[C@@H](N)Cc2c(C)cc(O)cc2C)CC1 1 CCC(=O)N(c1ccccc1)C1CCN(C(=O)[C@@H](N)C2Cc3ccccc3C2)CC1 0.7462649 0.7463 0.4884891 -7.4100 1.0000000 1.0000 []
 | 2.3140 2.9563 79.1808 0.6416967 CCC(=O)N(c1ccccc1)C1CCN(C(=O)[C@@H](N)Cc2ccc(O)cc2)CC1 1 CCC(=O)N(c1ccccc1)C1CCN(C(=O)[C@@H](N)C2Cc3ccccc3C2)CC1 0.7873175 0.7873 0.5230096 -7.6800 1.0000000 1.0000 []
 | 2.2604 3.3219 82.4704 0.6702530 CCC(=O)N(c1ccccc1)C1CCN(C(=O)[C@@H](N)Cc2csc3ccccc23)CC1 1 CCC(=O)N(c1ccccc1)C1CCN(C(=O)[C@@H](N)C2Cc3ccccc3C2)CC1 0.6308509 0.6309 0.7121161 -9.2700 1.0000000 1.0000 []
 | 2.5529 2.6294 72.2854 0.5852720 CCC(=O)N(c1ccccc1)C1CCN(C(=O)[C@@H](N)[C@@H](C)c2c(C)cc(O)cc2C)CC1 1 CCC(=O)N(c1ccccc1)C1CCN(C(=O)[C@@H](N)C2Cc3ccccc3C2)CC1 0.7181346 0.7181 0.4769904 -7.3200 1.0000000 1.0000 []
03:28:58 <INFO> Score: 0.44 Agent NLL: 2.56 Valid: 100% Step: 27
 | Agent Prior Target Score SMILES SMILES_state Input_SMILES QED QED (raw) maize maize (raw) Unwanted SMARTS Unwanted SMARTS (raw) matchting_patterns (Unwanted SMARTS)
 | 2.4339 4.0491 71.3296 0.5888959 CC(C)C(NC(=O)[C@@H]1C[C@@H](O)CN1C(=O)CNC(=O)c1ccc2cc(F)ccc2n1)c1ccccc1 1 COc1ccc([C@H](C)NC(=O)[C@@H]2C[C@@H](O)CN2C(=O)CNC(=O)c2ccc3cc(F)ccc3n2)c(Cl)c1 0.4695327 0.4695 0.7386033 -9.5300 1.0000000 1.0000 []
 | 2.3470 4.5815 73.8224 0.6125303 CC(NC(=O)[C@@H]1C[C@@H](O)CN1C(=O)CNC(=O)c1ccc2cc(F)ccc2n1)c1ccccc1 1 COc1ccc([C@H](C)NC(=O)[C@@H]2C[C@@H](O)CN2C(=O)CNC(=O)c2ccc3cc(F)ccc3n2)c(Cl)c1 0.5163857 0.5164 0.7265760 -9.4100 1.0000000 1.0000 []
 | 2.3204 3.0015 82.8714 0.6708822 CCC(=O)N(c1ccccc1)C1CCN(C(=O)CC(N)c2ccc(C)cc2)CC1 1 CCC(=O)N(c1ccccc1)C1CCN(C(=O)[C@@H](N)C2Cc3ccccc3C2)CC1 0.8112739 0.8113 0.5547854 -7.9300 1.0000000 1.0000 []
 | 2.1793 2.7466 81.7144 0.6598512 CCC(=O)N(c1ccccc1)C1CCN(C(=O)CC(N)c2ccc(Cl)cc2)CC1 1 CCC(=O)N(c1ccccc1)C1CCN(C(=O)[C@@H](N)C2Cc3ccccc3C2)CC1 0.7725207 0.7725 0.5636141 -8.0000 1.0000000 1.0000 []
 | 2.4090 2.1276 70.5869 0.5680822 CCC(=O)N(c1ccccc1)C1CCN(C(=O)CC(N)c2ccc(OC)cc2)CC1 1 CCC(=O)N(c1ccccc1)C1CCN(C(=O)[C@@H](N)C2Cc3ccccc3C2)CC1 0.7591665 0.7592 0.4250944 -6.9100 1.0000000 1.0000 []
 | 2.1292 2.8461 87.7874 0.7080740 CCC(=O)N(c1ccccc1)C1CCN(C(=O)[C@@H](N)C2Cc3ccccc3C2)CC1 1 CCC(=O)N(c1ccccc1)C1CCN(C(=O)[C@@H](N)C2Cc3ccccc3C2)CC1 0.8309294 0.8309 0.6033832 -8.3200 1.0000000 1.0000 []
 | 2.3912 3.1612 74.1218 0.6037733 CCC(=O)N(c1ccccc1)C1CCN(C(=O)[C@@H](N)Cc2c(C)cc(O)cc2C)CC1 1 CCC(=O)N(c1ccccc1)C1CCN(C(=O)[C@@H](N)C2Cc3ccccc3C2)CC1 0.7462649 0.7463 0.4884891 -7.4100 1.0000000 1.0000 []
 | 2.3182 2.9563 79.1808 0.6416967 CCC(=O)N(c1ccccc1)C1CCN(C(=O)[C@@H](N)Cc2ccc(O)cc2)CC1 1 CCC(=O)N(c1ccccc1)C1CCN(C(=O)[C@@H](N)C2Cc3ccccc3C2)CC1 0.7873175 0.7873 0.5230096 -7.6800 1.0000000 1.0000 []
 | 2.3271 3.3219 82.4704 0.6702530 CCC(=O)N(c1ccccc1)C1CCN(C(=O)[C@@H](N)Cc2csc3ccccc23)CC1 1 CCC(=O)N(c1ccccc1)C1CCN(C(=O)[C@@H](N)C2Cc3ccccc3C2)CC1 0.6308509 0.6309 0.7121161 -9.2700 1.0000000 1.0000 []
 | 2.5380 2.6294 72.2854 0.5852720 CCC(=O)N(c1ccccc1)C1CCN(C(=O)[C@@H](N)[C@@H](C)c2c(C)cc(O)cc2C)CC1 1 CCC(=O)N(c1ccccc1)C1CCN(C(=O)[C@@H](N)C2Cc3ccccc3C2)CC1 0.7181346 0.7181 0.4769904 -7.3200 1.0000000 1.0000 []
03:29:01 <INFO> Score: 0.44 Agent NLL: 2.56 Valid: 100% Step: 28
 | Agent Prior Target Score SMILES SMILES_state Input_SMILES QED QED (raw) maize maize (raw) Unwanted SMARTS Unwanted SMARTS (raw) matchting_patterns (Unwanted SMARTS)
 | 2.4640 4.0491 71.3296 0.5888959 CC(C)C(NC(=O)[C@@H]1C[C@@H](O)CN1C(=O)CNC(=O)c1ccc2cc(F)ccc2n1)c1ccccc1 1 COc1ccc([C@H](C)NC(=O)[C@@H]2C[C@@H](O)CN2C(=O)CNC(=O)c2ccc3cc(F)ccc3n2)c(Cl)c1 0.4695327 0.4695 0.7386033 -9.5300 1.0000000 1.0000 []
 | 2.2420 4.5815 73.8224 0.6125303 CC(NC(=O)[C@@H]1C[C@@H](O)CN1C(=O)CNC(=O)c1ccc2cc(F)ccc2n1)c1ccccc1 1 COc1ccc([C@H](C)NC(=O)[C@@H]2C[C@@H](O)CN2C(=O)CNC(=O)c2ccc3cc(F)ccc3n2)c(Cl)c1 0.5163857 0.5164 0.7265760 -9.4100 1.0000000 1.0000 []
 | 2.3918 3.0015 82.8714 0.6708822 CCC(=O)N(c1ccccc1)C1CCN(C(=O)CC(N)c2ccc(C)cc2)CC1 1 CCC(=O)N(c1ccccc1)C1CCN(C(=O)[C@@H](N)C2Cc3ccccc3C2)CC1 0.8112739 0.8113 0.5547854 -7.9300 1.0000000 1.0000 []
 | 2.1890 2.7466 81.7144 0.6598512 CCC(=O)N(c1ccccc1)C1CCN(C(=O)CC(N)c2ccc(Cl)cc2)CC1 1 CCC(=O)N(c1ccccc1)C1CCN(C(=O)[C@@H](N)C2Cc3ccccc3C2)CC1 0.7725207 0.7725 0.5636141 -8.0000 1.0000000 1.0000 []
 | 2.4716 2.1276 70.5869 0.5680822 CCC(=O)N(c1ccccc1)C1CCN(C(=O)CC(N)c2ccc(OC)cc2)CC1 1 CCC(=O)N(c1ccccc1)C1CCN(C(=O)[C@@H](N)C2Cc3ccccc3C2)CC1 0.7591665 0.7592 0.4250944 -6.9100 1.0000000 1.0000 []
 | 2.1108 2.8461 87.7874 0.7080740 CCC(=O)N(c1ccccc1)C1CCN(C(=O)[C@@H](N)C2Cc3ccccc3C2)CC1 1 CCC(=O)N(c1ccccc1)C1CCN(C(=O)[C@@H](N)C2Cc3ccccc3C2)CC1 0.8309294 0.8309 0.6033832 -8.3200 1.0000000 1.0000 []
 | 2.4085 3.1612 74.1218 0.6037733 CCC(=O)N(c1ccccc1)C1CCN(C(=O)[C@@H](N)Cc2c(C)cc(O)cc2C)CC1 1 CCC(=O)N(c1ccccc1)C1CCN(C(=O)[C@@H](N)C2Cc3ccccc3C2)CC1 0.7462649 0.7463 0.4884891 -7.4100 1.0000000 1.0000 []
 | 2.2862 2.9563 79.1808 0.6416967 CCC(=O)N(c1ccccc1)C1CCN(C(=O)[C@@H](N)Cc2ccc(O)cc2)CC1 1 CCC(=O)N(c1ccccc1)C1CCN(C(=O)[C@@H](N)C2Cc3ccccc3C2)CC1 0.7873175 0.7873 0.5230096 -7.6800 1.0000000 1.0000 []
 | 2.3091 3.3219 82.4704 0.6702530 CCC(=O)N(c1ccccc1)C1CCN(C(=O)[C@@H](N)Cc2csc3ccccc23)CC1 1 CCC(=O)N(c1ccccc1)C1CCN(C(=O)[C@@H](N)C2Cc3ccccc3C2)CC1 0.6308509 0.6309 0.7121161 -9.2700 1.0000000 1.0000 []
 | 2.4878 2.6294 72.2854 0.5852720 CCC(=O)N(c1ccccc1)C1CCN(C(=O)[C@@H](N)[C@@H](C)c2c(C)cc(O)cc2C)CC1 1 CCC(=O)N(c1ccccc1)C1CCN(C(=O)[C@@H](N)C2Cc3ccccc3C2)CC1 0.7181346 0.7181 0.4769904 -7.3200 1.0000000 1.0000 []
03:29:05 <INFO> Score: 0.44 Agent NLL: 2.56 Valid: 100% Step: 29
 | Agent Prior Target Score SMILES SMILES_state Input_SMILES QED QED (raw) maize maize (raw) Unwanted SMARTS Unwanted SMARTS (raw) matchting_patterns (Unwanted SMARTS)
 | 2.4154 4.0491 71.3296 0.5888959 CC(C)C(NC(=O)[C@@H]1C[C@@H](O)CN1C(=O)CNC(=O)c1ccc2cc(F)ccc2n1)c1ccccc1 1 COc1ccc([C@H](C)NC(=O)[C@@H]2C[C@@H](O)CN2C(=O)CNC(=O)c2ccc3cc(F)ccc3n2)c(Cl)c1 0.4695327 0.4695 0.7386033 -9.5300 1.0000000 1.0000 []
 | 2.1837 4.5815 73.8224 0.6125303 CC(NC(=O)[C@@H]1C[C@@H](O)CN1C(=O)CNC(=O)c1ccc2cc(F)ccc2n1)c1ccccc1 1 COc1ccc([C@H](C)NC(=O)[C@@H]2C[C@@H](O)CN2C(=O)CNC(=O)c2ccc3cc(F)ccc3n2)c(Cl)c1 0.5163857 0.5164 0.7265760 -9.4100 1.0000000 1.0000 []
 | 2.3486 3.0015 82.8714 0.6708822 CCC(=O)N(c1ccccc1)C1CCN(C(=O)CC(N)c2ccc(C)cc2)CC1 1 CCC(=O)N(c1ccccc1)C1CCN(C(=O)[C@@H](N)C2Cc3ccccc3C2)CC1 0.8112739 0.8113 0.5547854 -7.9300 1.0000000 1.0000 []
 | 2.1466 2.7466 81.7144 0.6598512 CCC(=O)N(c1ccccc1)C1CCN(C(=O)CC(N)c2ccc(Cl)cc2)CC1 1 CCC(=O)N(c1ccccc1)C1CCN(C(=O)[C@@H](N)C2Cc3ccccc3C2)CC1 0.7725207 0.7725 0.5636141 -8.0000 1.0000000 1.0000 []
 | 2.4317 2.1276 70.5869 0.5680822 CCC(=O)N(c1ccccc1)C1CCN(C(=O)CC(N)c2ccc(OC)cc2)CC1 1 CCC(=O)N(c1ccccc1)C1CCN(C(=O)[C@@H](N)C2Cc3ccccc3C2)CC1 0.7591665 0.7592 0.4250944 -6.9100 1.0000000 1.0000 []
 | 2.2125 2.8461 87.7874 0.7080740 CCC(=O)N(c1ccccc1)C1CCN(C(=O)[C@@H](N)C2Cc3ccccc3C2)CC1 1 CCC(=O)N(c1ccccc1)C1CCN(C(=O)[C@@H](N)C2Cc3ccccc3C2)CC1 0.8309294 0.8309 0.6033832 -8.3200 1.0000000 1.0000 []
 | 2.4064 3.1612 74.1218 0.6037733 CCC(=O)N(c1ccccc1)C1CCN(C(=O)[C@@H](N)Cc2c(C)cc(O)cc2C)CC1 1 CCC(=O)N(c1ccccc1)C1CCN(C(=O)[C@@H](N)C2Cc3ccccc3C2)CC1 0.7462649 0.7463 0.4884891 -7.4100 1.0000000 1.0000 []
 | 2.2800 2.9563 79.1808 0.6416967 CCC(=O)N(c1ccccc1)C1CCN(C(=O)[C@@H](N)Cc2ccc(O)cc2)CC1 1 CCC(=O)N(c1ccccc1)C1CCN(C(=O)[C@@H](N)C2Cc3ccccc3C2)CC1 0.7873175 0.7873 0.5230096 -7.6800 1.0000000 1.0000 []
 | 2.2688 3.3219 82.4704 0.6702530 CCC(=O)N(c1ccccc1)C1CCN(C(=O)[C@@H](N)Cc2csc3ccccc23)CC1 1 CCC(=O)N(c1ccccc1)C1CCN(C(=O)[C@@H](N)C2Cc3ccccc3C2)CC1 0.6308509 0.6309 0.7121161 -9.2700 1.0000000 1.0000 []
 | 2.4697 2.6294 72.2854 0.5852720 CCC(=O)N(c1ccccc1)C1CCN(C(=O)[C@@H](N)[C@@H](C)c2c(C)cc(O)cc2C)CC1 1 CCC(=O)N(c1ccccc1)C1CCN(C(=O)[C@@H](N)C2Cc3ccccc3C2)CC1 0.7181346 0.7181 0.4769904 -7.3200 1.0000000 1.0000 []
03:29:08 <INFO> Score: 0.44 Agent NLL: 2.56 Valid: 100% Step: 30
 | Agent Prior Target Score SMILES SMILES_state Input_SMILES QED QED (raw) maize maize (raw) Unwanted SMARTS Unwanted SMARTS (raw) matchting_patterns (Unwanted SMARTS)
 | 2.3045 4.0491 71.3296 0.5888959 CC(C)C(NC(=O)[C@@H]1C[C@@H](O)CN1C(=O)CNC(=O)c1ccc2cc(F)ccc2n1)c1ccccc1 1 COc1ccc([C@H](C)NC(=O)[C@@H]2C[C@@H](O)CN2C(=O)CNC(=O)c2ccc3cc(F)ccc3n2)c(Cl)c1 0.4695327 0.4695 0.7386033 -9.5300 1.0000000 1.0000 []
 | 2.1900 4.5815 73.8224 0.6125303 CC(NC(=O)[C@@H]1C[C@@H](O)CN1C(=O)CNC(=O)c1ccc2cc(F)ccc2n1)c1ccccc1 1 COc1ccc([C@H](C)NC(=O)[C@@H]2C[C@@H](O)CN2C(=O)CNC(=O)c2ccc3cc(F)ccc3n2)c(Cl)c1 0.5163857 0.5164 0.7265760 -9.4100 1.0000000 1.0000 []
 | 2.3164 3.0015 82.8714 0.6708822 CCC(=O)N(c1ccccc1)C1CCN(C(=O)CC(N)c2ccc(C)cc2)CC1 1 CCC(=O)N(c1ccccc1)C1CCN(C(=O)[C@@H](N)C2Cc3ccccc3C2)CC1 0.8112739 0.8113 0.5547854 -7.9300 1.0000000 1.0000 []
 | 2.1627 2.7466 81.7144 0.6598512 CCC(=O)N(c1ccccc1)C1CCN(C(=O)CC(N)c2ccc(Cl)cc2)CC1 1 CCC(=O)N(c1ccccc1)C1CCN(C(=O)[C@@H](N)C2Cc3ccccc3C2)CC1 0.7725207 0.7725 0.5636141 -8.0000 1.0000000 1.0000 []
 | 2.4079 2.1276 70.5869 0.5680822 CCC(=O)N(c1ccccc1)C1CCN(C(=O)CC(N)c2ccc(OC)cc2)CC1 1 CCC(=O)N(c1ccccc1)C1CCN(C(=O)[C@@H](N)C2Cc3ccccc3C2)CC1 0.7591665 0.7592 0.4250944 -6.9100 1.0000000 1.0000 []
 | 2.2928 2.8461 87.7874 0.7080740 CCC(=O)N(c1ccccc1)C1CCN(C(=O)[C@@H](N)C2Cc3ccccc3C2)CC1 1 CCC(=O)N(c1ccccc1)C1CCN(C(=O)[C@@H](N)C2Cc3ccccc3C2)CC1 0.8309294 0.8309 0.6033832 -8.3200 1.0000000 1.0000 []
 | 2.3626 3.1612 74.1218 0.6037733 CCC(=O)N(c1ccccc1)C1CCN(C(=O)[C@@H](N)Cc2c(C)cc(O)cc2C)CC1 1 CCC(=O)N(c1ccccc1)C1CCN(C(=O)[C@@H](N)C2Cc3ccccc3C2)CC1 0.7462649 0.7463 0.4884891 -7.4100 1.0000000 1.0000 []
 | 2.2841 2.9563 79.1808 0.6416967 CCC(=O)N(c1ccccc1)C1CCN(C(=O)[C@@H](N)Cc2ccc(O)cc2)CC1 1 CCC(=O)N(c1ccccc1)C1CCN(C(=O)[C@@H](N)C2Cc3ccccc3C2)CC1 0.7873175 0.7873 0.5230096 -7.6800 1.0000000 1.0000 []
 | 2.2267 3.3219 82.4704 0.6702530 CCC(=O)N(c1ccccc1)C1CCN(C(=O)[C@@H](N)Cc2csc3ccccc23)CC1 1 CCC(=O)N(c1ccccc1)C1CCN(C(=O)[C@@H](N)C2Cc3ccccc3C2)CC1 0.6308509 0.6309 0.7121161 -9.2700 1.0000000 1.0000 []
 | 2.4331 2.6294 72.2854 0.5852720 CCC(=O)N(c1ccccc1)C1CCN(C(=O)[C@@H](N)[C@@H](C)c2c(C)cc(O)cc2C)CC1 1 CCC(=O)N(c1ccccc1)C1CCN(C(=O)[C@@H](N)C2Cc3ccccc3C2)CC1 0.7181346 0.7181 0.4769904 -7.3200 1.0000000 1.0000 []
03:29:11 <INFO> Score: 0.44 Agent NLL: 2.57 Valid: 100% Step: 31
 | Agent Prior Target Score SMILES SMILES_state Input_SMILES QED QED (raw) maize maize (raw) Unwanted SMARTS Unwanted SMARTS (raw) matchting_patterns (Unwanted SMARTS)
 | 2.1874 4.0491 71.3296 0.5888959 CC(C)C(NC(=O)[C@@H]1C[C@@H](O)CN1C(=O)CNC(=O)c1ccc2cc(F)ccc2n1)c1ccccc1 1 COc1ccc([C@H](C)NC(=O)[C@@H]2C[C@@H](O)CN2C(=O)CNC(=O)c2ccc3cc(F)ccc3n2)c(Cl)c1 0.4695327 0.4695 0.7386033 -9.5300 1.0000000 1.0000 []
 | 2.2431 4.5815 73.8224 0.6125303 CC(NC(=O)[C@@H]1C[C@@H](O)CN1C(=O)CNC(=O)c1ccc2cc(F)ccc2n1)c1ccccc1 1 COc1ccc([C@H](C)NC(=O)[C@@H]2C[C@@H](O)CN2C(=O)CNC(=O)c2ccc3cc(F)ccc3n2)c(Cl)c1 0.5163857 0.5164 0.7265760 -9.4100 1.0000000 1.0000 []
 | 2.3387 3.0015 82.8714 0.6708822 CCC(=O)N(c1ccccc1)C1CCN(C(=O)CC(N)c2ccc(C)cc2)CC1 1 CCC(=O)N(c1ccccc1)C1CCN(C(=O)[C@@H](N)C2Cc3ccccc3C2)CC1 0.8112739 0.8113 0.5547854 -7.9300 1.0000000 1.0000 []
 | 2.2622 2.7466 81.7144 0.6598512 CCC(=O)N(c1ccccc1)C1CCN(C(=O)CC(N)c2ccc(Cl)cc2)CC1 1 CCC(=O)N(c1ccccc1)C1CCN(C(=O)[C@@H](N)C2Cc3ccccc3C2)CC1 0.7725207 0.7725 0.5636141 -8.0000 1.0000000 1.0000 []
 | 2.4415 2.1276 70.5869 0.5680822 CCC(=O)N(c1ccccc1)C1CCN(C(=O)CC(N)c2ccc(OC)cc2)CC1 1 CCC(=O)N(c1ccccc1)C1CCN(C(=O)[C@@H](N)C2Cc3ccccc3C2)CC1 0.7591665 0.7592 0.4250944 -6.9100 1.0000000 1.0000 []
 | 2.2581 2.8461 87.7874 0.7080740 CCC(=O)N(c1ccccc1)C1CCN(C(=O)[C@@H](N)C2Cc3ccccc3C2)CC1 1 CCC(=O)N(c1ccccc1)C1CCN(C(=O)[C@@H](N)C2Cc3ccccc3C2)CC1 0.8309294 0.8309 0.6033832 -8.3200 1.0000000 1.0000 []
 | 2.3008 3.1612 74.1218 0.6037733 CCC(=O)N(c1ccccc1)C1CCN(C(=O)[C@@H](N)Cc2c(C)cc(O)cc2C)CC1 1 CCC(=O)N(c1ccccc1)C1CCN(C(=O)[C@@H](N)C2Cc3ccccc3C2)CC1 0.7462649 0.7463 0.4884891 -7.4100 1.0000000 1.0000 []
 | 2.2971 2.9563 79.1808 0.6416967 CCC(=O)N(c1ccccc1)C1CCN(C(=O)[C@@H](N)Cc2ccc(O)cc2)CC1 1 CCC(=O)N(c1ccccc1)C1CCN(C(=O)[C@@H](N)C2Cc3ccccc3C2)CC1 0.7873175 0.7873 0.5230096 -7.6800 1.0000000 1.0000 []
 | 2.2051 3.3219 82.4704 0.6702530 CCC(=O)N(c1ccccc1)C1CCN(C(=O)[C@@H](N)Cc2csc3ccccc23)CC1 1 CCC(=O)N(c1ccccc1)C1CCN(C(=O)[C@@H](N)C2Cc3ccccc3C2)CC1 0.6308509 0.6309 0.7121161 -9.2700 1.0000000 1.0000 []
 | 2.3619 2.6294 72.2854 0.5852720 CCC(=O)N(c1ccccc1)C1CCN(C(=O)[C@@H](N)[C@@H](C)c2c(C)cc(O)cc2C)CC1 1 CCC(=O)N(c1ccccc1)C1CCN(C(=O)[C@@H](N)C2Cc3ccccc3C2)CC1 0.7181346 0.7181 0.4769904 -7.3200 1.0000000 1.0000 []
03:29:15 <INFO> Score: 0.44 Agent NLL: 2.56 Valid: 100% Step: 32
 | Agent Prior Target Score SMILES SMILES_state Input_SMILES QED QED (raw) maize maize (raw) Unwanted SMARTS Unwanted SMARTS (raw) matchting_patterns (Unwanted SMARTS)
 | 2.1223 4.0491 71.3296 0.5888959 CC(C)C(NC(=O)[C@@H]1C[C@@H](O)CN1C(=O)CNC(=O)c1ccc2cc(F)ccc2n1)c1ccccc1 1 COc1ccc([C@H](C)NC(=O)[C@@H]2C[C@@H](O)CN2C(=O)CNC(=O)c2ccc3cc(F)ccc3n2)c(Cl)c1 0.4695327 0.4695 0.7386033 -9.5300 1.0000000 1.0000 []
 | 2.2839 4.5815 73.8224 0.6125303 CC(NC(=O)[C@@H]1C[C@@H](O)CN1C(=O)CNC(=O)c1ccc2cc(F)ccc2n1)c1ccccc1 1 COc1ccc([C@H](C)NC(=O)[C@@H]2C[C@@H](O)CN2C(=O)CNC(=O)c2ccc3cc(F)ccc3n2)c(Cl)c1 0.5163857 0.5164 0.7265760 -9.4100 1.0000000 1.0000 []
 | 2.2606 3.0015 82.8714 0.6708822 CCC(=O)N(c1ccccc1)C1CCN(C(=O)CC(N)c2ccc(C)cc2)CC1 1 CCC(=O)N(c1ccccc1)C1CCN(C(=O)[C@@H](N)C2Cc3ccccc3C2)CC1 0.8112739 0.8113 0.5547854 -7.9300 1.0000000 1.0000 []
 | 2.2747 2.7466 81.7144 0.6598512 CCC(=O)N(c1ccccc1)C1CCN(C(=O)CC(N)c2ccc(Cl)cc2)CC1 1 CCC(=O)N(c1ccccc1)C1CCN(C(=O)[C@@H](N)C2Cc3ccccc3C2)CC1 0.7725207 0.7725 0.5636141 -8.0000 1.0000000 1.0000 []
 | 2.4038 2.1276 70.5869 0.5680822 CCC(=O)N(c1ccccc1)C1CCN(C(=O)CC(N)c2ccc(OC)cc2)CC1 1 CCC(=O)N(c1ccccc1)C1CCN(C(=O)[C@@H](N)C2Cc3ccccc3C2)CC1 0.7591665 0.7592 0.4250944 -6.9100 1.0000000 1.0000 []
 | 2.1892 2.8461 87.7874 0.7080740 CCC(=O)N(c1ccccc1)C1CCN(C(=O)[C@@H](N)C2Cc3ccccc3C2)CC1 1 CCC(=O)N(c1ccccc1)C1CCN(C(=O)[C@@H](N)C2Cc3ccccc3C2)CC1 0.8309294 0.8309 0.6033832 -8.3200 1.0000000 1.0000 []
 | 2.3236 3.1612 74.1218 0.6037733 CCC(=O)N(c1ccccc1)C1CCN(C(=O)[C@@H](N)Cc2c(C)cc(O)cc2C)CC1 1 CCC(=O)N(c1ccccc1)C1CCN(C(=O)[C@@H](N)C2Cc3ccccc3C2)CC1 0.7462649 0.7463 0.4884891 -7.4100 1.0000000 1.0000 []
 | 2.3466 2.9563 79.1808 0.6416967 CCC(=O)N(c1ccccc1)C1CCN(C(=O)[C@@H](N)Cc2ccc(O)cc2)CC1 1 CCC(=O)N(c1ccccc1)C1CCN(C(=O)[C@@H](N)C2Cc3ccccc3C2)CC1 0.7873175 0.7873 0.5230096 -7.6800 1.0000000 1.0000 []
 | 2.2551 3.3219 82.4704 0.6702530 CCC(=O)N(c1ccccc1)C1CCN(C(=O)[C@@H](N)Cc2csc3ccccc23)CC1 1 CCC(=O)N(c1ccccc1)C1CCN(C(=O)[C@@H](N)C2Cc3ccccc3C2)CC1 0.6308509 0.6309 0.7121161 -9.2700 1.0000000 1.0000 []
 | 2.3335 2.6294 72.2854 0.5852720 CCC(=O)N(c1ccccc1)C1CCN(C(=O)[C@@H](N)[C@@H](C)c2c(C)cc(O)cc2C)CC1 1 CCC(=O)N(c1ccccc1)C1CCN(C(=O)[C@@H](N)C2Cc3ccccc3C2)CC1 0.7181346 0.7181 0.4769904 -7.3200 1.0000000 1.0000 []
03:29:18 <INFO> Score: 0.44 Agent NLL: 2.56 Valid: 100% Step: 33
 | Agent Prior Target Score SMILES SMILES_state Input_SMILES QED QED (raw) maize maize (raw) Unwanted SMARTS Unwanted SMARTS (raw) matchting_patterns (Unwanted SMARTS)
 | 2.1484 4.0491 71.3296 0.5888959 CC(C)C(NC(=O)[C@@H]1C[C@@H](O)CN1C(=O)CNC(=O)c1ccc2cc(F)ccc2n1)c1ccccc1 1 COc1ccc([C@H](C)NC(=O)[C@@H]2C[C@@H](O)CN2C(=O)CNC(=O)c2ccc3cc(F)ccc3n2)c(Cl)c1 0.4695327 0.4695 0.7386033 -9.5300 1.0000000 1.0000 []
 | 2.2483 4.5815 73.8224 0.6125303 CC(NC(=O)[C@@H]1C[C@@H](O)CN1C(=O)CNC(=O)c1ccc2cc(F)ccc2n1)c1ccccc1 1 COc1ccc([C@H](C)NC(=O)[C@@H]2C[C@@H](O)CN2C(=O)CNC(=O)c2ccc3cc(F)ccc3n2)c(Cl)c1 0.5163857 0.5164 0.7265760 -9.4100 1.0000000 1.0000 []
 | 2.1856 3.0015 82.8714 0.6708822 CCC(=O)N(c1ccccc1)C1CCN(C(=O)CC(N)c2ccc(C)cc2)CC1 1 CCC(=O)N(c1ccccc1)C1CCN(C(=O)[C@@H](N)C2Cc3ccccc3C2)CC1 0.8112739 0.8113 0.5547854 -7.9300 1.0000000 1.0000 []
 | 2.2772 2.7466 81.7144 0.6598512 CCC(=O)N(c1ccccc1)C1CCN(C(=O)CC(N)c2ccc(Cl)cc2)CC1 1 CCC(=O)N(c1ccccc1)C1CCN(C(=O)[C@@H](N)C2Cc3ccccc3C2)CC1 0.7725207 0.7725 0.5636141 -8.0000 1.0000000 1.0000 []
 | 2.3745 2.1276 70.5869 0.5680822 CCC(=O)N(c1ccccc1)C1CCN(C(=O)CC(N)c2ccc(OC)cc2)CC1 1 CCC(=O)N(c1ccccc1)C1CCN(C(=O)[C@@H](N)C2Cc3ccccc3C2)CC1 0.7591665 0.7592 0.4250944 -6.9100 1.0000000 1.0000 []
 | 2.1415 2.8461 87.7874 0.7080740 CCC(=O)N(c1ccccc1)C1CCN(C(=O)[C@@H](N)C2Cc3ccccc3C2)CC1 1 CCC(=O)N(c1ccccc1)C1CCN(C(=O)[C@@H](N)C2Cc3ccccc3C2)CC1 0.8309294 0.8309 0.6033832 -8.3200 1.0000000 1.0000 []
 | 2.3908 3.1612 74.1218 0.6037733 CCC(=O)N(c1ccccc1)C1CCN(C(=O)[C@@H](N)Cc2c(C)cc(O)cc2C)CC1 1 CCC(=O)N(c1ccccc1)C1CCN(C(=O)[C@@H](N)C2Cc3ccccc3C2)CC1 0.7462649 0.7463 0.4884891 -7.4100 1.0000000 1.0000 []
 | 2.3479 2.9563 79.1808 0.6416967 CCC(=O)N(c1ccccc1)C1CCN(C(=O)[C@@H](N)Cc2ccc(O)cc2)CC1 1 CCC(=O)N(c1ccccc1)C1CCN(C(=O)[C@@H](N)C2Cc3ccccc3C2)CC1 0.7873175 0.7873 0.5230096 -7.6800 1.0000000 1.0000 []
 | 2.3000 3.3219 82.4704 0.6702530 CCC(=O)N(c1ccccc1)C1CCN(C(=O)[C@@H](N)Cc2csc3ccccc23)CC1 1 CCC(=O)N(c1ccccc1)C1CCN(C(=O)[C@@H](N)C2Cc3ccccc3C2)CC1 0.6308509 0.6309 0.7121161 -9.2700 1.0000000 1.0000 []
 | 2.3224 2.6294 72.2854 0.5852720 CCC(=O)N(c1ccccc1)C1CCN(C(=O)[C@@H](N)[C@@H](C)c2c(C)cc(O)cc2C)CC1 1 CCC(=O)N(c1ccccc1)C1CCN(C(=O)[C@@H](N)C2Cc3ccccc3C2)CC1 0.7181346 0.7181 0.4769904 -7.3200 1.0000000 1.0000 []
03:29:22 <INFO> Score: 0.44 Agent NLL: 2.56 Valid:  99% Step: 34
 | Agent Prior Target Score SMILES SMILES_state Input_SMILES QED QED (raw) maize maize (raw) Unwanted SMARTS Unwanted SMARTS (raw) matchting_patterns (Unwanted SMARTS)
 | 2.2331 4.0491 71.3296 0.5888959 CC(C)C(NC(=O)[C@@H]1C[C@@H](O)CN1C(=O)CNC(=O)c1ccc2cc(F)ccc2n1)c1ccccc1 1 COc1ccc([C@H](C)NC(=O)[C@@H]2C[C@@H](O)CN2C(=O)CNC(=O)c2ccc3cc(F)ccc3n2)c(Cl)c1 0.4695327 0.4695 0.7386033 -9.5300 1.0000000 1.0000 []
 | 2.1747 4.5815 73.8224 0.6125303 CC(NC(=O)[C@@H]1C[C@@H](O)CN1C(=O)CNC(=O)c1ccc2cc(F)ccc2n1)c1ccccc1 1 COc1ccc([C@H](C)NC(=O)[C@@H]2C[C@@H](O)CN2C(=O)CNC(=O)c2ccc3cc(F)ccc3n2)c(Cl)c1 0.5163857 0.5164 0.7265760 -9.4100 1.0000000 1.0000 []
 | 2.2223 3.0015 82.8714 0.6708822 CCC(=O)N(c1ccccc1)C1CCN(C(=O)CC(N)c2ccc(C)cc2)CC1 1 CCC(=O)N(c1ccccc1)C1CCN(C(=O)[C@@H](N)C2Cc3ccccc3C2)CC1 0.8112739 0.8113 0.5547854 -7.9300 1.0000000 1.0000 []
 | 2.3675 2.7466 81.7144 0.6598512 CCC(=O)N(c1ccccc1)C1CCN(C(=O)CC(N)c2ccc(Cl)cc2)CC1 1 CCC(=O)N(c1ccccc1)C1CCN(C(=O)[C@@H](N)C2Cc3ccccc3C2)CC1 0.7725207 0.7725 0.5636141 -8.0000 1.0000000 1.0000 []
 | 2.4417 2.1276 70.5869 0.5680822 CCC(=O)N(c1ccccc1)C1CCN(C(=O)CC(N)c2ccc(OC)cc2)CC1 1 CCC(=O)N(c1ccccc1)C1CCN(C(=O)[C@@H](N)C2Cc3ccccc3C2)CC1 0.7591665 0.7592 0.4250944 -6.9100 1.0000000 1.0000 []
 | 2.1317 2.8461 87.7874 0.7080740 CCC(=O)N(c1ccccc1)C1CCN(C(=O)[C@@H](N)C2Cc3ccccc3C2)CC1 1 CCC(=O)N(c1ccccc1)C1CCN(C(=O)[C@@H](N)C2Cc3ccccc3C2)CC1 0.8309294 0.8309 0.6033832 -8.3200 1.0000000 1.0000 []
 | 2.3929 3.1612 74.1218 0.6037733 CCC(=O)N(c1ccccc1)C1CCN(C(=O)[C@@H](N)Cc2c(C)cc(O)cc2C)CC1 1 CCC(=O)N(c1ccccc1)C1CCN(C(=O)[C@@H](N)C2Cc3ccccc3C2)CC1 0.7462649 0.7463 0.4884891 -7.4100 1.0000000 1.0000 []
 | 2.2650 2.9563 79.1808 0.6416967 CCC(=O)N(c1ccccc1)C1CCN(C(=O)[C@@H](N)Cc2ccc(O)cc2)CC1 1 CCC(=O)N(c1ccccc1)C1CCN(C(=O)[C@@H](N)C2Cc3ccccc3C2)CC1 0.7873175 0.7873 0.5230096 -7.6800 1.0000000 1.0000 []
 | 2.2710 3.3219 82.4704 0.6702530 CCC(=O)N(c1ccccc1)C1CCN(C(=O)[C@@H](N)Cc2csc3ccccc23)CC1 1 CCC(=O)N(c1ccccc1)C1CCN(C(=O)[C@@H](N)C2Cc3ccccc3C2)CC1 0.6308509 0.6309 0.7121161 -9.2700 1.0000000 1.0000 []
 | 2.2889 2.6294 72.2854 0.5852720 CCC(=O)N(c1ccccc1)C1CCN(C(=O)[C@@H](N)[C@@H](C)c2c(C)cc(O)cc2C)CC1 1 CCC(=O)N(c1ccccc1)C1CCN(C(=O)[C@@H](N)C2Cc3ccccc3C2)CC1 0.7181346 0.7181 0.4769904 -7.3200 1.0000000 1.0000 []
03:29:26 <INFO> Score: 0.44 Agent NLL: 2.56 Valid: 100% Step: 35
 | Agent Prior Target Score SMILES SMILES_state Input_SMILES QED QED (raw) maize maize (raw) Unwanted SMARTS Unwanted SMARTS (raw) matchting_patterns (Unwanted SMARTS)
 | 2.3065 4.0491 71.3296 0.5888959 CC(C)C(NC(=O)[C@@H]1C[C@@H](O)CN1C(=O)CNC(=O)c1ccc2cc(F)ccc2n1)c1ccccc1 1 COc1ccc([C@H](C)NC(=O)[C@@H]2C[C@@H](O)CN2C(=O)CNC(=O)c2ccc3cc(F)ccc3n2)c(Cl)c1 0.4695327 0.4695 0.7386033 -9.5300 1.0000000 1.0000 []
 | 2.1319 4.5815 73.8224 0.6125303 CC(NC(=O)[C@@H]1C[C@@H](O)CN1C(=O)CNC(=O)c1ccc2cc(F)ccc2n1)c1ccccc1 1 COc1ccc([C@H](C)NC(=O)[C@@H]2C[C@@H](O)CN2C(=O)CNC(=O)c2ccc3cc(F)ccc3n2)c(Cl)c1 0.5163857 0.5164 0.7265760 -9.4100 1.0000000 1.0000 []
 | 2.1864 3.0015 82.8714 0.6708822 CCC(=O)N(c1ccccc1)C1CCN(C(=O)CC(N)c2ccc(C)cc2)CC1 1 CCC(=O)N(c1ccccc1)C1CCN(C(=O)[C@@H](N)C2Cc3ccccc3C2)CC1 0.8112739 0.8113 0.5547854 -7.9300 1.0000000 1.0000 []
 | 2.3601 2.7466 81.7144 0.6598512 CCC(=O)N(c1ccccc1)C1CCN(C(=O)CC(N)c2ccc(Cl)cc2)CC1 1 CCC(=O)N(c1ccccc1)C1CCN(C(=O)[C@@H](N)C2Cc3ccccc3C2)CC1 0.7725207 0.7725 0.5636141 -8.0000 1.0000000 1.0000 []
 | 2.4211 2.1276 70.5869 0.5680822 CCC(=O)N(c1ccccc1)C1CCN(C(=O)CC(N)c2ccc(OC)cc2)CC1 1 CCC(=O)N(c1ccccc1)C1CCN(C(=O)[C@@H](N)C2Cc3ccccc3C2)CC1 0.7591665 0.7592 0.4250944 -6.9100 1.0000000 1.0000 []
 | 2.2090 2.8461 87.7874 0.7080740 CCC(=O)N(c1ccccc1)C1CCN(C(=O)[C@@H](N)C2Cc3ccccc3C2)CC1 1 CCC(=O)N(c1ccccc1)C1CCN(C(=O)[C@@H](N)C2Cc3ccccc3C2)CC1 0.8309294 0.8309 0.6033832 -8.3200 1.0000000 1.0000 []
 | 2.3756 3.1612 74.1218 0.6037733 CCC(=O)N(c1ccccc1)C1CCN(C(=O)[C@@H](N)Cc2c(C)cc(O)cc2C)CC1 1 CCC(=O)N(c1ccccc1)C1CCN(C(=O)[C@@H](N)C2Cc3ccccc3C2)CC1 0.7462649 0.7463 0.4884891 -7.4100 1.0000000 1.0000 []
 | 2.2429 2.9563 79.1808 0.6416967 CCC(=O)N(c1ccccc1)C1CCN(C(=O)[C@@H](N)Cc2ccc(O)cc2)CC1 1 CCC(=O)N(c1ccccc1)C1CCN(C(=O)[C@@H](N)C2Cc3ccccc3C2)CC1 0.7873175 0.7873 0.5230096 -7.6800 1.0000000 1.0000 []
 | 2.2492 3.3219 82.4704 0.6702530 CCC(=O)N(c1ccccc1)C1CCN(C(=O)[C@@H](N)Cc2csc3ccccc23)CC1 1 CCC(=O)N(c1ccccc1)C1CCN(C(=O)[C@@H](N)C2Cc3ccccc3C2)CC1 0.6308509 0.6309 0.7121161 -9.2700 1.0000000 1.0000 []
 | 2.3124 2.6294 72.2854 0.5852720 CCC(=O)N(c1ccccc1)C1CCN(C(=O)[C@@H](N)[C@@H](C)c2c(C)cc(O)cc2C)CC1 1 CCC(=O)N(c1ccccc1)C1CCN(C(=O)[C@@H](N)C2Cc3ccccc3C2)CC1 0.7181346 0.7181 0.4769904 -7.3200 1.0000000 1.0000 []
03:29:29 <INFO> Score: 0.44 Agent NLL: 2.56 Valid: 100% Step: 36
 | Agent Prior Target Score SMILES SMILES_state Input_SMILES QED QED (raw) maize maize (raw) Unwanted SMARTS Unwanted SMARTS (raw) matchting_patterns (Unwanted SMARTS)
 | 2.3309 4.0491 71.3296 0.5888959 CC(C)C(NC(=O)[C@@H]1C[C@@H](O)CN1C(=O)CNC(=O)c1ccc2cc(F)ccc2n1)c1ccccc1 1 COc1ccc([C@H](C)NC(=O)[C@@H]2C[C@@H](O)CN2C(=O)CNC(=O)c2ccc3cc(F)ccc3n2)c(Cl)c1 0.4695327 0.4695 0.7386033 -9.5300 1.0000000 1.0000 []
 | 2.1458 4.5815 73.8224 0.6125303 CC(NC(=O)[C@@H]1C[C@@H](O)CN1C(=O)CNC(=O)c1ccc2cc(F)ccc2n1)c1ccccc1 1 COc1ccc([C@H](C)NC(=O)[C@@H]2C[C@@H](O)CN2C(=O)CNC(=O)c2ccc3cc(F)ccc3n2)c(Cl)c1 0.5163857 0.5164 0.7265760 -9.4100 1.0000000 1.0000 []
 | 2.1482 3.0015 82.8714 0.6708822 CCC(=O)N(c1ccccc1)C1CCN(C(=O)CC(N)c2ccc(C)cc2)CC1 1 CCC(=O)N(c1ccccc1)C1CCN(C(=O)[C@@H](N)C2Cc3ccccc3C2)CC1 0.8112739 0.8113 0.5547854 -7.9300 1.0000000 1.0000 []
 | 2.3124 2.7466 81.7144 0.6598512 CCC(=O)N(c1ccccc1)C1CCN(C(=O)CC(N)c2ccc(Cl)cc2)CC1 1 CCC(=O)N(c1ccccc1)C1CCN(C(=O)[C@@H](N)C2Cc3ccccc3C2)CC1 0.7725207 0.7725 0.5636141 -8.0000 1.0000000 1.0000 []
 | 2.3705 2.1276 70.5869 0.5680822 CCC(=O)N(c1ccccc1)C1CCN(C(=O)CC(N)c2ccc(OC)cc2)CC1 1 CCC(=O)N(c1ccccc1)C1CCN(C(=O)[C@@H](N)C2Cc3ccccc3C2)CC1 0.7591665 0.7592 0.4250944 -6.9100 1.0000000 1.0000 []
 | 2.2711 2.8461 87.7874 0.7080740 CCC(=O)N(c1ccccc1)C1CCN(C(=O)[C@@H](N)C2Cc3ccccc3C2)CC1 1 CCC(=O)N(c1ccccc1)C1CCN(C(=O)[C@@H](N)C2Cc3ccccc3C2)CC1 0.8309294 0.8309 0.6033832 -8.3200 1.0000000 1.0000 []
 | 2.3518 3.1612 74.1218 0.6037733 CCC(=O)N(c1ccccc1)C1CCN(C(=O)[C@@H](N)Cc2c(C)cc(O)cc2C)CC1 1 CCC(=O)N(c1ccccc1)C1CCN(C(=O)[C@@H](N)C2Cc3ccccc3C2)CC1 0.7462649 0.7463 0.4884891 -7.4100 1.0000000 1.0000 []
 | 2.2891 2.9563 79.1808 0.6416967 CCC(=O)N(c1ccccc1)C1CCN(C(=O)[C@@H](N)Cc2ccc(O)cc2)CC1 1 CCC(=O)N(c1ccccc1)C1CCN(C(=O)[C@@H](N)C2Cc3ccccc3C2)CC1 0.7873175 0.7873 0.5230096 -7.6800 1.0000000 1.0000 []
 | 2.2462 3.3219 82.4704 0.6702530 CCC(=O)N(c1ccccc1)C1CCN(C(=O)[C@@H](N)Cc2csc3ccccc23)CC1 1 CCC(=O)N(c1ccccc1)C1CCN(C(=O)[C@@H](N)C2Cc3ccccc3C2)CC1 0.6308509 0.6309 0.7121161 -9.2700 1.0000000 1.0000 []
 | 2.3518 2.6294 72.2854 0.5852720 CCC(=O)N(c1ccccc1)C1CCN(C(=O)[C@@H](N)[C@@H](C)c2c(C)cc(O)cc2C)CC1 1 CCC(=O)N(c1ccccc1)C1CCN(C(=O)[C@@H](N)C2Cc3ccccc3C2)CC1 0.7181346 0.7181 0.4769904 -7.3200 1.0000000 1.0000 []
03:29:32 <INFO> Score: 0.44 Agent NLL: 2.56 Valid: 100% Step: 37
 | Agent Prior Target Score SMILES SMILES_state Input_SMILES QED QED (raw) maize maize (raw) Unwanted SMARTS Unwanted SMARTS (raw) matchting_patterns (Unwanted SMARTS)
 | 2.3020 4.0491 71.3296 0.5888959 CC(C)C(NC(=O)[C@@H]1C[C@@H](O)CN1C(=O)CNC(=O)c1ccc2cc(F)ccc2n1)c1ccccc1 1 COc1ccc([C@H](C)NC(=O)[C@@H]2C[C@@H](O)CN2C(=O)CNC(=O)c2ccc3cc(F)ccc3n2)c(Cl)c1 0.4695327 0.4695 0.7386033 -9.5300 1.0000000 1.0000 []
 | 2.2092 4.5815 73.8224 0.6125303 CC(NC(=O)[C@@H]1C[C@@H](O)CN1C(=O)CNC(=O)c1ccc2cc(F)ccc2n1)c1ccccc1 1 COc1ccc([C@H](C)NC(=O)[C@@H]2C[C@@H](O)CN2C(=O)CNC(=O)c2ccc3cc(F)ccc3n2)c(Cl)c1 0.5163857 0.5164 0.7265760 -9.4100 1.0000000 1.0000 []
 | 2.2437 3.0015 82.8714 0.6708822 CCC(=O)N(c1ccccc1)C1CCN(C(=O)CC(N)c2ccc(C)cc2)CC1 1 CCC(=O)N(c1ccccc1)C1CCN(C(=O)[C@@H](N)C2Cc3ccccc3C2)CC1 0.8112739 0.8113 0.5547854 -7.9300 1.0000000 1.0000 []
 | 2.3598 2.7466 81.7144 0.6598512 CCC(=O)N(c1ccccc1)C1CCN(C(=O)CC(N)c2ccc(Cl)cc2)CC1 1 CCC(=O)N(c1ccccc1)C1CCN(C(=O)[C@@H](N)C2Cc3ccccc3C2)CC1 0.7725207 0.7725 0.5636141 -8.0000 1.0000000 1.0000 []
 | 2.4273 2.1276 70.5869 0.5680822 CCC(=O)N(c1ccccc1)C1CCN(C(=O)CC(N)c2ccc(OC)cc2)CC1 1 CCC(=O)N(c1ccccc1)C1CCN(C(=O)[C@@H](N)C2Cc3ccccc3C2)CC1 0.7591665 0.7592 0.4250944 -6.9100 1.0000000 1.0000 []
 | 2.2259 2.8461 87.7874 0.7080740 CCC(=O)N(c1ccccc1)C1CCN(C(=O)[C@@H](N)C2Cc3ccccc3C2)CC1 1 CCC(=O)N(c1ccccc1)C1CCN(C(=O)[C@@H](N)C2Cc3ccccc3C2)CC1 0.8309294 0.8309 0.6033832 -8.3200 1.0000000 1.0000 []
 | 2.3084 3.1612 74.1218 0.6037733 CCC(=O)N(c1ccccc1)C1CCN(C(=O)[C@@H](N)Cc2c(C)cc(O)cc2C)CC1 1 CCC(=O)N(c1ccccc1)C1CCN(C(=O)[C@@H](N)C2Cc3ccccc3C2)CC1 0.7462649 0.7463 0.4884891 -7.4100 1.0000000 1.0000 []
 | 2.3112 2.9563 79.1808 0.6416967 CCC(=O)N(c1ccccc1)C1CCN(C(=O)[C@@H](N)Cc2ccc(O)cc2)CC1 1 CCC(=O)N(c1ccccc1)C1CCN(C(=O)[C@@H](N)C2Cc3ccccc3C2)CC1 0.7873175 0.7873 0.5230096 -7.6800 1.0000000 1.0000 []
 | 2.2328 3.3219 82.4704 0.6702530 CCC(=O)N(c1ccccc1)C1CCN(C(=O)[C@@H](N)Cc2csc3ccccc23)CC1 1 CCC(=O)N(c1ccccc1)C1CCN(C(=O)[C@@H](N)C2Cc3ccccc3C2)CC1 0.6308509 0.6309 0.7121161 -9.2700 1.0000000 1.0000 []
 | 2.3371 2.6294 72.2854 0.5852720 CCC(=O)N(c1ccccc1)C1CCN(C(=O)[C@@H](N)[C@@H](C)c2c(C)cc(O)cc2C)CC1 1 CCC(=O)N(c1ccccc1)C1CCN(C(=O)[C@@H](N)C2Cc3ccccc3C2)CC1 0.7181346 0.7181 0.4769904 -7.3200 1.0000000 1.0000 []
03:29:36 <INFO> Score: 0.44 Agent NLL: 2.56 Valid: 100% Step: 38
 | Agent Prior Target Score SMILES SMILES_state Input_SMILES QED QED (raw) maize maize (raw) Unwanted SMARTS Unwanted SMARTS (raw) matchting_patterns (Unwanted SMARTS)
 | 2.2544 4.0491 71.3296 0.5888959 CC(C)C(NC(=O)[C@@H]1C[C@@H](O)CN1C(=O)CNC(=O)c1ccc2cc(F)ccc2n1)c1ccccc1 1 COc1ccc([C@H](C)NC(=O)[C@@H]2C[C@@H](O)CN2C(=O)CNC(=O)c2ccc3cc(F)ccc3n2)c(Cl)c1 0.4695327 0.4695 0.7386033 -9.5300 1.0000000 1.0000 []
 | 2.2789 4.5815 73.8224 0.6125303 CC(NC(=O)[C@@H]1C[C@@H](O)CN1C(=O)CNC(=O)c1ccc2cc(F)ccc2n1)c1ccccc1 1 COc1ccc([C@H](C)NC(=O)[C@@H]2C[C@@H](O)CN2C(=O)CNC(=O)c2ccc3cc(F)ccc3n2)c(Cl)c1 0.5163857 0.5164 0.7265760 -9.4100 1.0000000 1.0000 []
 | 2.2538 3.0015 82.8714 0.6708822 CCC(=O)N(c1ccccc1)C1CCN(C(=O)CC(N)c2ccc(C)cc2)CC1 1 CCC(=O)N(c1ccccc1)C1CCN(C(=O)[C@@H](N)C2Cc3ccccc3C2)CC1 0.8112739 0.8113 0.5547854 -7.9300 1.0000000 1.0000 []
 | 2.2989 2.7466 81.7144 0.6598512 CCC(=O)N(c1ccccc1)C1CCN(C(=O)CC(N)c2ccc(Cl)cc2)CC1 1 CCC(=O)N(c1ccccc1)C1CCN(C(=O)[C@@H](N)C2Cc3ccccc3C2)CC1 0.7725207 0.7725 0.5636141 -8.0000 1.0000000 1.0000 []
 | 2.4054 2.1276 70.5869 0.5680822 CCC(=O)N(c1ccccc1)C1CCN(C(=O)CC(N)c2ccc(OC)cc2)CC1 1 CCC(=O)N(c1ccccc1)C1CCN(C(=O)[C@@H](N)C2Cc3ccccc3C2)CC1 0.7591665 0.7592 0.4250944 -6.9100 1.0000000 1.0000 []
 | 2.1903 2.8461 87.7874 0.7080740 CCC(=O)N(c1ccccc1)C1CCN(C(=O)[C@@H](N)C2Cc3ccccc3C2)CC1 1 CCC(=O)N(c1ccccc1)C1CCN(C(=O)[C@@H](N)C2Cc3ccccc3C2)CC1 0.8309294 0.8309 0.6033832 -8.3200 1.0000000 1.0000 []
 | 2.3535 3.1612 74.1218 0.6037733 CCC(=O)N(c1ccccc1)C1CCN(C(=O)[C@@H](N)Cc2c(C)cc(O)cc2C)CC1 1 CCC(=O)N(c1ccccc1)C1CCN(C(=O)[C@@H](N)C2Cc3ccccc3C2)CC1 0.7462649 0.7463 0.4884891 -7.4100 1.0000000 1.0000 []
 | 2.3477 2.9563 79.1808 0.6416967 CCC(=O)N(c1ccccc1)C1CCN(C(=O)[C@@H](N)Cc2ccc(O)cc2)CC1 1 CCC(=O)N(c1ccccc1)C1CCN(C(=O)[C@@H](N)C2Cc3ccccc3C2)CC1 0.7873175 0.7873 0.5230096 -7.6800 1.0000000 1.0000 []
 | 2.2706 3.3219 82.4704 0.6702530 CCC(=O)N(c1ccccc1)C1CCN(C(=O)[C@@H](N)Cc2csc3ccccc23)CC1 1 CCC(=O)N(c1ccccc1)C1CCN(C(=O)[C@@H](N)C2Cc3ccccc3C2)CC1 0.6308509 0.6309 0.7121161 -9.2700 1.0000000 1.0000 []
 | 2.3663 2.6294 72.2854 0.5852720 CCC(=O)N(c1ccccc1)C1CCN(C(=O)[C@@H](N)[C@@H](C)c2c(C)cc(O)cc2C)CC1 1 CCC(=O)N(c1ccccc1)C1CCN(C(=O)[C@@H](N)C2Cc3ccccc3C2)CC1 0.7181346 0.7181 0.4769904 -7.3200 1.0000000 1.0000 []
03:29:39 <INFO> Score: 0.44 Agent NLL: 2.56 Valid: 100% Step: 39
 | Agent Prior Target Score SMILES SMILES_state Input_SMILES QED QED (raw) maize maize (raw) Unwanted SMARTS Unwanted SMARTS (raw) matchting_patterns (Unwanted SMARTS)
 | 2.2348 4.0491 71.3296 0.5888959 CC(C)C(NC(=O)[C@@H]1C[C@@H](O)CN1C(=O)CNC(=O)c1ccc2cc(F)ccc2n1)c1ccccc1 1 COc1ccc([C@H](C)NC(=O)[C@@H]2C[C@@H](O)CN2C(=O)CNC(=O)c2ccc3cc(F)ccc3n2)c(Cl)c1 0.4695327 0.4695 0.7386033 -9.5300 1.0000000 1.0000 []
 | 2.3011 4.5815 73.8224 0.6125303 CC(NC(=O)[C@@H]1C[C@@H](O)CN1C(=O)CNC(=O)c1ccc2cc(F)ccc2n1)c1ccccc1 1 COc1ccc([C@H](C)NC(=O)[C@@H]2C[C@@H](O)CN2C(=O)CNC(=O)c2ccc3cc(F)ccc3n2)c(Cl)c1 0.5163857 0.5164 0.7265760 -9.4100 1.0000000 1.0000 []
 | 2.2383 3.0015 82.8714 0.6708822 CCC(=O)N(c1ccccc1)C1CCN(C(=O)CC(N)c2ccc(C)cc2)CC1 1 CCC(=O)N(c1ccccc1)C1CCN(C(=O)[C@@H](N)C2Cc3ccccc3C2)CC1 0.8112739 0.8113 0.5547854 -7.9300 1.0000000 1.0000 []
 | 2.2058 2.7466 81.7144 0.6598512 CCC(=O)N(c1ccccc1)C1CCN(C(=O)CC(N)c2ccc(Cl)cc2)CC1 1 CCC(=O)N(c1ccccc1)C1CCN(C(=O)[C@@H](N)C2Cc3ccccc3C2)CC1 0.7725207 0.7725 0.5636141 -8.0000 1.0000000 1.0000 []
 | 2.3691 2.1276 70.5869 0.5680822 CCC(=O)N(c1ccccc1)C1CCN(C(=O)CC(N)c2ccc(OC)cc2)CC1 1 CCC(=O)N(c1ccccc1)C1CCN(C(=O)[C@@H](N)C2Cc3ccccc3C2)CC1 0.7591665 0.7592 0.4250944 -6.9100 1.0000000 1.0000 []
 | 2.1902 2.8461 87.7874 0.7080740 CCC(=O)N(c1ccccc1)C1CCN(C(=O)[C@@H](N)C2Cc3ccccc3C2)CC1 1 CCC(=O)N(c1ccccc1)C1CCN(C(=O)[C@@H](N)C2Cc3ccccc3C2)CC1 0.8309294 0.8309 0.6033832 -8.3200 1.0000000 1.0000 []
 | 2.4297 3.1612 74.1218 0.6037733 CCC(=O)N(c1ccccc1)C1CCN(C(=O)[C@@H](N)Cc2c(C)cc(O)cc2C)CC1 1 CCC(=O)N(c1ccccc1)C1CCN(C(=O)[C@@H](N)C2Cc3ccccc3C2)CC1 0.7462649 0.7463 0.4884891 -7.4100 1.0000000 1.0000 []
 | 2.3469 2.9563 79.1808 0.6416967 CCC(=O)N(c1ccccc1)C1CCN(C(=O)[C@@H](N)Cc2ccc(O)cc2)CC1 1 CCC(=O)N(c1ccccc1)C1CCN(C(=O)[C@@H](N)C2Cc3ccccc3C2)CC1 0.7873175 0.7873 0.5230096 -7.6800 1.0000000 1.0000 []
 | 2.3020 3.3219 82.4704 0.6702530 CCC(=O)N(c1ccccc1)C1CCN(C(=O)[C@@H](N)Cc2csc3ccccc23)CC1 1 CCC(=O)N(c1ccccc1)C1CCN(C(=O)[C@@H](N)C2Cc3ccccc3C2)CC1 0.6308509 0.6309 0.7121161 -9.2700 1.0000000 1.0000 []
 | 2.4174 2.6294 72.2854 0.5852720 CCC(=O)N(c1ccccc1)C1CCN(C(=O)[C@@H](N)[C@@H](C)c2c(C)cc(O)cc2C)CC1 1 CCC(=O)N(c1ccccc1)C1CCN(C(=O)[C@@H](N)C2Cc3ccccc3C2)CC1 0.7181346 0.7181 0.4769904 -7.3200 1.0000000 1.0000 []
03:29:42 <INFO> Score: 0.44 Agent NLL: 2.56 Valid: 100% Step: 40
 | Agent Prior Target Score SMILES SMILES_state Input_SMILES QED QED (raw) maize maize (raw) Unwanted SMARTS Unwanted SMARTS (raw) matchting_patterns (Unwanted SMARTS)
 | 2.2530 4.0491 71.3296 0.5888959 CC(C)C(NC(=O)[C@@H]1C[C@@H](O)CN1C(=O)CNC(=O)c1ccc2cc(F)ccc2n1)c1ccccc1 1 COc1ccc([C@H](C)NC(=O)[C@@H]2C[C@@H](O)CN2C(=O)CNC(=O)c2ccc3cc(F)ccc3n2)c(Cl)c1 0.4695327 0.4695 0.7386033 -9.5300 1.0000000 1.0000 []
 | 2.2679 4.5815 73.8224 0.6125303 CC(NC(=O)[C@@H]1C[C@@H](O)CN1C(=O)CNC(=O)c1ccc2cc(F)ccc2n1)c1ccccc1 1 COc1ccc([C@H](C)NC(=O)[C@@H]2C[C@@H](O)CN2C(=O)CNC(=O)c2ccc3cc(F)ccc3n2)c(Cl)c1 0.5163857 0.5164 0.7265760 -9.4100 1.0000000 1.0000 []
 | 2.3429 3.0015 82.8714 0.6708822 CCC(=O)N(c1ccccc1)C1CCN(C(=O)CC(N)c2ccc(C)cc2)CC1 1 CCC(=O)N(c1ccccc1)C1CCN(C(=O)[C@@H](N)C2Cc3ccccc3C2)CC1 0.8112739 0.8113 0.5547854 -7.9300 1.0000000 1.0000 []
 | 2.2500 2.7466 81.7144 0.6598512 CCC(=O)N(c1ccccc1)C1CCN(C(=O)CC(N)c2ccc(Cl)cc2)CC1 1 CCC(=O)N(c1ccccc1)C1CCN(C(=O)[C@@H](N)C2Cc3ccccc3C2)CC1 0.7725207 0.7725 0.5636141 -8.0000 1.0000000 1.0000 []
 | 2.4537 2.1276 70.5869 0.5680822 CCC(=O)N(c1ccccc1)C1CCN(C(=O)CC(N)c2ccc(OC)cc2)CC1 1 CCC(=O)N(c1ccccc1)C1CCN(C(=O)[C@@H](N)C2Cc3ccccc3C2)CC1 0.7591665 0.7592 0.4250944 -6.9100 1.0000000 1.0000 []
 | 2.1827 2.8461 87.7874 0.7080740 CCC(=O)N(c1ccccc1)C1CCN(C(=O)[C@@H](N)C2Cc3ccccc3C2)CC1 1 CCC(=O)N(c1ccccc1)C1CCN(C(=O)[C@@H](N)C2Cc3ccccc3C2)CC1 0.8309294 0.8309 0.6033832 -8.3200 1.0000000 1.0000 []
 | 2.4024 3.1612 74.1218 0.6037733 CCC(=O)N(c1ccccc1)C1CCN(C(=O)[C@@H](N)Cc2c(C)cc(O)cc2C)CC1 1 CCC(=O)N(c1ccccc1)C1CCN(C(=O)[C@@H](N)C2Cc3ccccc3C2)CC1 0.7462649 0.7463 0.4884891 -7.4100 1.0000000 1.0000 []
 | 2.2686 2.9563 79.1808 0.6416967 CCC(=O)N(c1ccccc1)C1CCN(C(=O)[C@@H](N)Cc2ccc(O)cc2)CC1 1 CCC(=O)N(c1ccccc1)C1CCN(C(=O)[C@@H](N)C2Cc3ccccc3C2)CC1 0.7873175 0.7873 0.5230096 -7.6800 1.0000000 1.0000 []
 | 2.2624 3.3219 82.4704 0.6702530 CCC(=O)N(c1ccccc1)C1CCN(C(=O)[C@@H](N)Cc2csc3ccccc23)CC1 1 CCC(=O)N(c1ccccc1)C1CCN(C(=O)[C@@H](N)C2Cc3ccccc3C2)CC1 0.6308509 0.6309 0.7121161 -9.2700 1.0000000 1.0000 []
 | 2.4186 2.6294 72.2854 0.5852720 CCC(=O)N(c1ccccc1)C1CCN(C(=O)[C@@H](N)[C@@H](C)c2c(C)cc(O)cc2C)CC1 1 CCC(=O)N(c1ccccc1)C1CCN(C(=O)[C@@H](N)C2Cc3ccccc3C2)CC1 0.7181346 0.7181 0.4769904 -7.3200 1.0000000 1.0000 []
03:29:46 <INFO> Score: 0.44 Agent NLL: 2.56 Valid: 100% Step: 41
 | Agent Prior Target Score SMILES SMILES_state Input_SMILES QED QED (raw) maize maize (raw) Unwanted SMARTS Unwanted SMARTS (raw) matchting_patterns (Unwanted SMARTS)
 | 2.2825 4.0491 71.3296 0.5888959 CC(C)C(NC(=O)[C@@H]1C[C@@H](O)CN1C(=O)CNC(=O)c1ccc2cc(F)ccc2n1)c1ccccc1 1 COc1ccc([C@H](C)NC(=O)[C@@H]2C[C@@H](O)CN2C(=O)CNC(=O)c2ccc3cc(F)ccc3n2)c(Cl)c1 0.4695327 0.4695 0.7386033 -9.5300 1.0000000 1.0000 []
 | 2.2162 4.5815 73.8224 0.6125303 CC(NC(=O)[C@@H]1C[C@@H](O)CN1C(=O)CNC(=O)c1ccc2cc(F)ccc2n1)c1ccccc1 1 COc1ccc([C@H](C)NC(=O)[C@@H]2C[C@@H](O)CN2C(=O)CNC(=O)c2ccc3cc(F)ccc3n2)c(Cl)c1 0.5163857 0.5164 0.7265760 -9.4100 1.0000000 1.0000 []
 | 2.3179 3.0015 82.8714 0.6708822 CCC(=O)N(c1ccccc1)C1CCN(C(=O)CC(N)c2ccc(C)cc2)CC1 1 CCC(=O)N(c1ccccc1)C1CCN(C(=O)[C@@H](N)C2Cc3ccccc3C2)CC1 0.8112739 0.8113 0.5547854 -7.9300 1.0000000 1.0000 []
 | 2.2018 2.7466 81.7144 0.6598512 CCC(=O)N(c1ccccc1)C1CCN(C(=O)CC(N)c2ccc(Cl)cc2)CC1 1 CCC(=O)N(c1ccccc1)C1CCN(C(=O)[C@@H](N)C2Cc3ccccc3C2)CC1 0.7725207 0.7725 0.5636141 -8.0000 1.0000000 1.0000 []
 | 2.4245 2.1276 70.5869 0.5680822 CCC(=O)N(c1ccccc1)C1CCN(C(=O)CC(N)c2ccc(OC)cc2)CC1 1 CCC(=O)N(c1ccccc1)C1CCN(C(=O)[C@@H](N)C2Cc3ccccc3C2)CC1 0.7591665 0.7592 0.4250944 -6.9100 1.0000000 1.0000 []
 | 2.2324 2.8461 87.7874 0.7080740 CCC(=O)N(c1ccccc1)C1CCN(C(=O)[C@@H](N)C2Cc3ccccc3C2)CC1 1 CCC(=O)N(c1ccccc1)C1CCN(C(=O)[C@@H](N)C2Cc3ccccc3C2)CC1 0.8309294 0.8309 0.6033832 -8.3200 1.0000000 1.0000 []
 | 2.3667 3.1612 74.1218 0.6037733 CCC(=O)N(c1ccccc1)C1CCN(C(=O)[C@@H](N)Cc2c(C)cc(O)cc2C)CC1 1 CCC(=O)N(c1ccccc1)C1CCN(C(=O)[C@@H](N)C2Cc3ccccc3C2)CC1 0.7462649 0.7463 0.4884891 -7.4100 1.0000000 1.0000 []
 | 2.2646 2.9563 79.1808 0.6416967 CCC(=O)N(c1ccccc1)C1CCN(C(=O)[C@@H](N)Cc2ccc(O)cc2)CC1 1 CCC(=O)N(c1ccccc1)C1CCN(C(=O)[C@@H](N)C2Cc3ccccc3C2)CC1 0.7873175 0.7873 0.5230096 -7.6800 1.0000000 1.0000 []
 | 2.2571 3.3219 82.4704 0.6702530 CCC(=O)N(c1ccccc1)C1CCN(C(=O)[C@@H](N)Cc2csc3ccccc23)CC1 1 CCC(=O)N(c1ccccc1)C1CCN(C(=O)[C@@H](N)C2Cc3ccccc3C2)CC1 0.6308509 0.6309 0.7121161 -9.2700 1.0000000 1.0000 []
 | 2.4669 2.6294 72.2854 0.5852720 CCC(=O)N(c1ccccc1)C1CCN(C(=O)[C@@H](N)[C@@H](C)c2c(C)cc(O)cc2C)CC1 1 CCC(=O)N(c1ccccc1)C1CCN(C(=O)[C@@H](N)C2Cc3ccccc3C2)CC1 0.7181346 0.7181 0.4769904 -7.3200 1.0000000 1.0000 []
03:29:49 <INFO> Score: 0.44 Agent NLL: 2.55 Valid: 100% Step: 42
 | Agent Prior Target Score SMILES SMILES_state Input_SMILES QED QED (raw) maize maize (raw) Unwanted SMARTS Unwanted SMARTS (raw) matchting_patterns (Unwanted SMARTS)
 | 2.3004 4.0491 71.3296 0.5888959 CC(C)C(NC(=O)[C@@H]1C[C@@H](O)CN1C(=O)CNC(=O)c1ccc2cc(F)ccc2n1)c1ccccc1 1 COc1ccc([C@H](C)NC(=O)[C@@H]2C[C@@H](O)CN2C(=O)CNC(=O)c2ccc3cc(F)ccc3n2)c(Cl)c1 0.4695327 0.4695 0.7386033 -9.5300 1.0000000 1.0000 []
 | 2.1965 4.5815 73.8224 0.6125303 CC(NC(=O)[C@@H]1C[C@@H](O)CN1C(=O)CNC(=O)c1ccc2cc(F)ccc2n1)c1ccccc1 1 COc1ccc([C@H](C)NC(=O)[C@@H]2C[C@@H](O)CN2C(=O)CNC(=O)c2ccc3cc(F)ccc3n2)c(Cl)c1 0.5163857 0.5164 0.7265760 -9.4100 1.0000000 1.0000 []
 | 2.2765 3.0015 82.8714 0.6708822 CCC(=O)N(c1ccccc1)C1CCN(C(=O)CC(N)c2ccc(C)cc2)CC1 1 CCC(=O)N(c1ccccc1)C1CCN(C(=O)[C@@H](N)C2Cc3ccccc3C2)CC1 0.8112739 0.8113 0.5547854 -7.9300 1.0000000 1.0000 []
 | 2.1720 2.7466 81.7144 0.6598512 CCC(=O)N(c1ccccc1)C1CCN(C(=O)CC(N)c2ccc(Cl)cc2)CC1 1 CCC(=O)N(c1ccccc1)C1CCN(C(=O)[C@@H](N)C2Cc3ccccc3C2)CC1 0.7725207 0.7725 0.5636141 -8.0000 1.0000000 1.0000 []
 | 2.3874 2.1276 70.5869 0.5680822 CCC(=O)N(c1ccccc1)C1CCN(C(=O)CC(N)c2ccc(OC)cc2)CC1 1 CCC(=O)N(c1ccccc1)C1CCN(C(=O)[C@@H](N)C2Cc3ccccc3C2)CC1 0.7591665 0.7592 0.4250944 -6.9100 1.0000000 1.0000 []
 | 2.2435 2.8461 87.7874 0.7080740 CCC(=O)N(c1ccccc1)C1CCN(C(=O)[C@@H](N)C2Cc3ccccc3C2)CC1 1 CCC(=O)N(c1ccccc1)C1CCN(C(=O)[C@@H](N)C2Cc3ccccc3C2)CC1 0.8309294 0.8309 0.6033832 -8.3200 1.0000000 1.0000 []
 | 2.3371 3.1612 74.1218 0.6037733 CCC(=O)N(c1ccccc1)C1CCN(C(=O)[C@@H](N)Cc2c(C)cc(O)cc2C)CC1 1 CCC(=O)N(c1ccccc1)C1CCN(C(=O)[C@@H](N)C2Cc3ccccc3C2)CC1 0.7462649 0.7463 0.4884891 -7.4100 1.0000000 1.0000 []
 | 2.3032 2.9563 79.1808 0.6416967 CCC(=O)N(c1ccccc1)C1CCN(C(=O)[C@@H](N)Cc2ccc(O)cc2)CC1 1 CCC(=O)N(c1ccccc1)C1CCN(C(=O)[C@@H](N)C2Cc3ccccc3C2)CC1 0.7873175 0.7873 0.5230096 -7.6800 1.0000000 1.0000 []
 | 2.2576 3.3219 82.4704 0.6702530 CCC(=O)N(c1ccccc1)C1CCN(C(=O)[C@@H](N)Cc2csc3ccccc23)CC1 1 CCC(=O)N(c1ccccc1)C1CCN(C(=O)[C@@H](N)C2Cc3ccccc3C2)CC1 0.6308509 0.6309 0.7121161 -9.2700 1.0000000 1.0000 []
 | 2.4973 2.6294 72.2854 0.5852720 CCC(=O)N(c1ccccc1)C1CCN(C(=O)[C@@H](N)[C@@H](C)c2c(C)cc(O)cc2C)CC1 1 CCC(=O)N(c1ccccc1)C1CCN(C(=O)[C@@H](N)C2Cc3ccccc3C2)CC1 0.7181346 0.7181 0.4769904 -7.3200 1.0000000 1.0000 []
03:29:52 <INFO> Score: 0.44 Agent NLL: 2.55 Valid: 100% Step: 43
 | Agent Prior Target Score SMILES SMILES_state Input_SMILES QED QED (raw) maize maize (raw) Unwanted SMARTS Unwanted SMARTS (raw) matchting_patterns (Unwanted SMARTS)
 | 2.2941 4.0491 71.3296 0.5888959 CC(C)C(NC(=O)[C@@H]1C[C@@H](O)CN1C(=O)CNC(=O)c1ccc2cc(F)ccc2n1)c1ccccc1 1 COc1ccc([C@H](C)NC(=O)[C@@H]2C[C@@H](O)CN2C(=O)CNC(=O)c2ccc3cc(F)ccc3n2)c(Cl)c1 0.4695327 0.4695 0.7386033 -9.5300 1.0000000 1.0000 []
 | 2.2315 4.5815 73.8224 0.6125303 CC(NC(=O)[C@@H]1C[C@@H](O)CN1C(=O)CNC(=O)c1ccc2cc(F)ccc2n1)c1ccccc1 1 COc1ccc([C@H](C)NC(=O)[C@@H]2C[C@@H](O)CN2C(=O)CNC(=O)c2ccc3cc(F)ccc3n2)c(Cl)c1 0.5163857 0.5164 0.7265760 -9.4100 1.0000000 1.0000 []
 | 2.3422 3.0015 82.8714 0.6708822 CCC(=O)N(c1ccccc1)C1CCN(C(=O)CC(N)c2ccc(C)cc2)CC1 1 CCC(=O)N(c1ccccc1)C1CCN(C(=O)[C@@H](N)C2Cc3ccccc3C2)CC1 0.8112739 0.8113 0.5547854 -7.9300 1.0000000 1.0000 []
 | 2.2784 2.7466 81.7144 0.6598512 CCC(=O)N(c1ccccc1)C1CCN(C(=O)CC(N)c2ccc(Cl)cc2)CC1 1 CCC(=O)N(c1ccccc1)C1CCN(C(=O)[C@@H](N)C2Cc3ccccc3C2)CC1 0.7725207 0.7725 0.5636141 -8.0000 1.0000000 1.0000 []
 | 2.4590 2.1276 70.5869 0.5680822 CCC(=O)N(c1ccccc1)C1CCN(C(=O)CC(N)c2ccc(OC)cc2)CC1 1 CCC(=O)N(c1ccccc1)C1CCN(C(=O)[C@@H](N)C2Cc3ccccc3C2)CC1 0.7591665 0.7592 0.4250944 -6.9100 1.0000000 1.0000 []
 | 2.1675 2.8461 87.7874 0.7080740 CCC(=O)N(c1ccccc1)C1CCN(C(=O)[C@@H](N)C2Cc3ccccc3C2)CC1 1 CCC(=O)N(c1ccccc1)C1CCN(C(=O)[C@@H](N)C2Cc3ccccc3C2)CC1 0.8309294 0.8309 0.6033832 -8.3200 1.0000000 1.0000 []
 | 2.3034 3.1612 74.1218 0.6037733 CCC(=O)N(c1ccccc1)C1CCN(C(=O)[C@@H](N)Cc2c(C)cc(O)cc2C)CC1 1 CCC(=O)N(c1ccccc1)C1CCN(C(=O)[C@@H](N)C2Cc3ccccc3C2)CC1 0.7462649 0.7463 0.4884891 -7.4100 1.0000000 1.0000 []
 | 2.2990 2.9563 79.1808 0.6416967 CCC(=O)N(c1ccccc1)C1CCN(C(=O)[C@@H](N)Cc2ccc(O)cc2)CC1 1 CCC(=O)N(c1ccccc1)C1CCN(C(=O)[C@@H](N)C2Cc3ccccc3C2)CC1 0.7873175 0.7873 0.5230096 -7.6800 1.0000000 1.0000 []
 | 2.2224 3.3219 82.4704 0.6702530 CCC(=O)N(c1ccccc1)C1CCN(C(=O)[C@@H](N)Cc2csc3ccccc23)CC1 1 CCC(=O)N(c1ccccc1)C1CCN(C(=O)[C@@H](N)C2Cc3ccccc3C2)CC1 0.6308509 0.6309 0.7121161 -9.2700 1.0000000 1.0000 []
 | 2.4471 2.6294 72.2854 0.5852720 CCC(=O)N(c1ccccc1)C1CCN(C(=O)[C@@H](N)[C@@H](C)c2c(C)cc(O)cc2C)CC1 1 CCC(=O)N(c1ccccc1)C1CCN(C(=O)[C@@H](N)C2Cc3ccccc3C2)CC1 0.7181346 0.7181 0.4769904 -7.3200 1.0000000 1.0000 []
03:29:56 <INFO> Score: 0.44 Agent NLL: 2.55 Valid: 100% Step: 44
 | Agent Prior Target Score SMILES SMILES_state Input_SMILES QED QED (raw) maize maize (raw) Unwanted SMARTS Unwanted SMARTS (raw) matchting_patterns (Unwanted SMARTS)
 | 2.2858 4.0491 71.3296 0.5888959 CC(C)C(NC(=O)[C@@H]1C[C@@H](O)CN1C(=O)CNC(=O)c1ccc2cc(F)ccc2n1)c1ccccc1 1 COc1ccc([C@H](C)NC(=O)[C@@H]2C[C@@H](O)CN2C(=O)CNC(=O)c2ccc3cc(F)ccc3n2)c(Cl)c1 0.4695327 0.4695 0.7386033 -9.5300 1.0000000 1.0000 []
 | 2.2901 4.5815 73.8224 0.6125303 CC(NC(=O)[C@@H]1C[C@@H](O)CN1C(=O)CNC(=O)c1ccc2cc(F)ccc2n1)c1ccccc1 1 COc1ccc([C@H](C)NC(=O)[C@@H]2C[C@@H](O)CN2C(=O)CNC(=O)c2ccc3cc(F)ccc3n2)c(Cl)c1 0.5163857 0.5164 0.7265760 -9.4100 1.0000000 1.0000 []
 | 2.2568 3.0015 82.8714 0.6708822 CCC(=O)N(c1ccccc1)C1CCN(C(=O)CC(N)c2ccc(C)cc2)CC1 1 CCC(=O)N(c1ccccc1)C1CCN(C(=O)[C@@H](N)C2Cc3ccccc3C2)CC1 0.8112739 0.8113 0.5547854 -7.9300 1.0000000 1.0000 []
 | 2.2517 2.7466 81.7144 0.6598512 CCC(=O)N(c1ccccc1)C1CCN(C(=O)CC(N)c2ccc(Cl)cc2)CC1 1 CCC(=O)N(c1ccccc1)C1CCN(C(=O)[C@@H](N)C2Cc3ccccc3C2)CC1 0.7725207 0.7725 0.5636141 -8.0000 1.0000000 1.0000 []
 | 2.3968 2.1276 70.5869 0.5680822 CCC(=O)N(c1ccccc1)C1CCN(C(=O)CC(N)c2ccc(OC)cc2)CC1 1 CCC(=O)N(c1ccccc1)C1CCN(C(=O)[C@@H](N)C2Cc3ccccc3C2)CC1 0.7591665 0.7592 0.4250944 -6.9100 1.0000000 1.0000 []
 | 2.1598 2.8461 87.7874 0.7080740 CCC(=O)N(c1ccccc1)C1CCN(C(=O)[C@@H](N)C2Cc3ccccc3C2)CC1 1 CCC(=O)N(c1ccccc1)C1CCN(C(=O)[C@@H](N)C2Cc3ccccc3C2)CC1 0.8309294 0.8309 0.6033832 -8.3200 1.0000000 1.0000 []
 | 2.3666 3.1612 74.1218 0.6037733 CCC(=O)N(c1ccccc1)C1CCN(C(=O)[C@@H](N)Cc2c(C)cc(O)cc2C)CC1 1 CCC(=O)N(c1ccccc1)C1CCN(C(=O)[C@@H](N)C2Cc3ccccc3C2)CC1 0.7462649 0.7463 0.4884891 -7.4100 1.0000000 1.0000 []
 | 2.3237 2.9563 79.1808 0.6416967 CCC(=O)N(c1ccccc1)C1CCN(C(=O)[C@@H](N)Cc2ccc(O)cc2)CC1 1 CCC(=O)N(c1ccccc1)C1CCN(C(=O)[C@@H](N)C2Cc3ccccc3C2)CC1 0.7873175 0.7873 0.5230096 -7.6800 1.0000000 1.0000 []
 | 2.2491 3.3219 82.4704 0.6702530 CCC(=O)N(c1ccccc1)C1CCN(C(=O)[C@@H](N)Cc2csc3ccccc23)CC1 1 CCC(=O)N(c1ccccc1)C1CCN(C(=O)[C@@H](N)C2Cc3ccccc3C2)CC1 0.6308509 0.6309 0.7121161 -9.2700 1.0000000 1.0000 []
 | 2.4400 2.6294 72.2854 0.5852720 CCC(=O)N(c1ccccc1)C1CCN(C(=O)[C@@H](N)[C@@H](C)c2c(C)cc(O)cc2C)CC1 1 CCC(=O)N(c1ccccc1)C1CCN(C(=O)[C@@H](N)C2Cc3ccccc3C2)CC1 0.7181346 0.7181 0.4769904 -7.3200 1.0000000 1.0000 []
03:29:59 <INFO> Score: 0.44 Agent NLL: 2.56 Valid: 100% Step: 45
 | Agent Prior Target Score SMILES SMILES_state Input_SMILES QED QED (raw) maize maize (raw) Unwanted SMARTS Unwanted SMARTS (raw) matchting_patterns (Unwanted SMARTS)
 | 2.3031 4.0491 71.3296 0.5888959 CC(C)C(NC(=O)[C@@H]1C[C@@H](O)CN1C(=O)CNC(=O)c1ccc2cc(F)ccc2n1)c1ccccc1 1 COc1ccc([C@H](C)NC(=O)[C@@H]2C[C@@H](O)CN2C(=O)CNC(=O)c2ccc3cc(F)ccc3n2)c(Cl)c1 0.4695327 0.4695 0.7386033 -9.5300 1.0000000 1.0000 []
 | 2.3272 4.5815 73.8224 0.6125303 CC(NC(=O)[C@@H]1C[C@@H](O)CN1C(=O)CNC(=O)c1ccc2cc(F)ccc2n1)c1ccccc1 1 COc1ccc([C@H](C)NC(=O)[C@@H]2C[C@@H](O)CN2C(=O)CNC(=O)c2ccc3cc(F)ccc3n2)c(Cl)c1 0.5163857 0.5164 0.7265760 -9.4100 1.0000000 1.0000 []
 | 2.2144 3.0015 82.8714 0.6708822 CCC(=O)N(c1ccccc1)C1CCN(C(=O)CC(N)c2ccc(C)cc2)CC1 1 CCC(=O)N(c1ccccc1)C1CCN(C(=O)[C@@H](N)C2Cc3ccccc3C2)CC1 0.8112739 0.8113 0.5547854 -7.9300 1.0000000 1.0000 []
 | 2.2650 2.7466 81.7144 0.6598512 CCC(=O)N(c1ccccc1)C1CCN(C(=O)CC(N)c2ccc(Cl)cc2)CC1 1 CCC(=O)N(c1ccccc1)C1CCN(C(=O)[C@@H](N)C2Cc3ccccc3C2)CC1 0.7725207 0.7725 0.5636141 -8.0000 1.0000000 1.0000 []
 | 2.3776 2.1276 70.5869 0.5680822 CCC(=O)N(c1ccccc1)C1CCN(C(=O)CC(N)c2ccc(OC)cc2)CC1 1 CCC(=O)N(c1ccccc1)C1CCN(C(=O)[C@@H](N)C2Cc3ccccc3C2)CC1 0.7591665 0.7592 0.4250944 -6.9100 1.0000000 1.0000 []
 | 2.1827 2.8461 87.7874 0.7080740 CCC(=O)N(c1ccccc1)C1CCN(C(=O)[C@@H](N)C2Cc3ccccc3C2)CC1 1 CCC(=O)N(c1ccccc1)C1CCN(C(=O)[C@@H](N)C2Cc3ccccc3C2)CC1 0.8309294 0.8309 0.6033832 -8.3200 1.0000000 1.0000 []
 | 2.4005 3.1612 74.1218 0.6037733 CCC(=O)N(c1ccccc1)C1CCN(C(=O)[C@@H](N)Cc2c(C)cc(O)cc2C)CC1 1 CCC(=O)N(c1ccccc1)C1CCN(C(=O)[C@@H](N)C2Cc3ccccc3C2)CC1 0.7462649 0.7463 0.4884891 -7.4100 1.0000000 1.0000 []
 | 2.2971 2.9563 79.1808 0.6416967 CCC(=O)N(c1ccccc1)C1CCN(C(=O)[C@@H](N)Cc2ccc(O)cc2)CC1 1 CCC(=O)N(c1ccccc1)C1CCN(C(=O)[C@@H](N)C2Cc3ccccc3C2)CC1 0.7873175 0.7873 0.5230096 -7.6800 1.0000000 1.0000 []
 | 2.2712 3.3219 82.4704 0.6702530 CCC(=O)N(c1ccccc1)C1CCN(C(=O)[C@@H](N)Cc2csc3ccccc23)CC1 1 CCC(=O)N(c1ccccc1)C1CCN(C(=O)[C@@H](N)C2Cc3ccccc3C2)CC1 0.6308509 0.6309 0.7121161 -9.2700 1.0000000 1.0000 []
 | 2.4061 2.6294 72.2854 0.5852720 CCC(=O)N(c1ccccc1)C1CCN(C(=O)[C@@H](N)[C@@H](C)c2c(C)cc(O)cc2C)CC1 1 CCC(=O)N(c1ccccc1)C1CCN(C(=O)[C@@H](N)C2Cc3ccccc3C2)CC1 0.7181346 0.7181 0.4769904 -7.3200 1.0000000 1.0000 []
03:30:02 <INFO> Score: 0.44 Agent NLL: 2.56 Valid: 100% Step: 46
 | Agent Prior Target Score SMILES SMILES_state Input_SMILES QED QED (raw) maize maize (raw) Unwanted SMARTS Unwanted SMARTS (raw) matchting_patterns (Unwanted SMARTS)
 | 2.3356 4.0491 71.3296 0.5888959 CC(C)C(NC(=O)[C@@H]1C[C@@H](O)CN1C(=O)CNC(=O)c1ccc2cc(F)ccc2n1)c1ccccc1 1 COc1ccc([C@H](C)NC(=O)[C@@H]2C[C@@H](O)CN2C(=O)CNC(=O)c2ccc3cc(F)ccc3n2)c(Cl)c1 0.4695327 0.4695 0.7386033 -9.5300 1.0000000 1.0000 []
 | 2.3231 4.5815 73.8224 0.6125303 CC(NC(=O)[C@@H]1C[C@@H](O)CN1C(=O)CNC(=O)c1ccc2cc(F)ccc2n1)c1ccccc1 1 COc1ccc([C@H](C)NC(=O)[C@@H]2C[C@@H](O)CN2C(=O)CNC(=O)c2ccc3cc(F)ccc3n2)c(Cl)c1 0.5163857 0.5164 0.7265760 -9.4100 1.0000000 1.0000 []
 | 2.2678 3.0015 82.8714 0.6708822 CCC(=O)N(c1ccccc1)C1CCN(C(=O)CC(N)c2ccc(C)cc2)CC1 1 CCC(=O)N(c1ccccc1)C1CCN(C(=O)[C@@H](N)C2Cc3ccccc3C2)CC1 0.8112739 0.8113 0.5547854 -7.9300 1.0000000 1.0000 []
 | 2.3591 2.7466 81.7144 0.6598512 CCC(=O)N(c1ccccc1)C1CCN(C(=O)CC(N)c2ccc(Cl)cc2)CC1 1 CCC(=O)N(c1ccccc1)C1CCN(C(=O)[C@@H](N)C2Cc3ccccc3C2)CC1 0.7725207 0.7725 0.5636141 -8.0000 1.0000000 1.0000 []
 | 2.4469 2.1276 70.5869 0.5680822 CCC(=O)N(c1ccccc1)C1CCN(C(=O)CC(N)c2ccc(OC)cc2)CC1 1 CCC(=O)N(c1ccccc1)C1CCN(C(=O)[C@@H](N)C2Cc3ccccc3C2)CC1 0.7591665 0.7592 0.4250944 -6.9100 1.0000000 1.0000 []
 | 2.1946 2.8461 87.7874 0.7080740 CCC(=O)N(c1ccccc1)C1CCN(C(=O)[C@@H](N)C2Cc3ccccc3C2)CC1 1 CCC(=O)N(c1ccccc1)C1CCN(C(=O)[C@@H](N)C2Cc3ccccc3C2)CC1 0.8309294 0.8309 0.6033832 -8.3200 1.0000000 1.0000 []
 | 2.3557 3.1612 74.1218 0.6037733 CCC(=O)N(c1ccccc1)C1CCN(C(=O)[C@@H](N)Cc2c(C)cc(O)cc2C)CC1 1 CCC(=O)N(c1ccccc1)C1CCN(C(=O)[C@@H](N)C2Cc3ccccc3C2)CC1 0.7462649 0.7463 0.4884891 -7.4100 1.0000000 1.0000 []
 | 2.2497 2.9563 79.1808 0.6416967 CCC(=O)N(c1ccccc1)C1CCN(C(=O)[C@@H](N)Cc2ccc(O)cc2)CC1 1 CCC(=O)N(c1ccccc1)C1CCN(C(=O)[C@@H](N)C2Cc3ccccc3C2)CC1 0.7873175 0.7873 0.5230096 -7.6800 1.0000000 1.0000 []
 | 2.2584 3.3219 82.4704 0.6702530 CCC(=O)N(c1ccccc1)C1CCN(C(=O)[C@@H](N)Cc2csc3ccccc23)CC1 1 CCC(=O)N(c1ccccc1)C1CCN(C(=O)[C@@H](N)C2Cc3ccccc3C2)CC1 0.6308509 0.6309 0.7121161 -9.2700 1.0000000 1.0000 []
 | 2.3334 2.6294 72.2854 0.5852720 CCC(=O)N(c1ccccc1)C1CCN(C(=O)[C@@H](N)[C@@H](C)c2c(C)cc(O)cc2C)CC1 1 CCC(=O)N(c1ccccc1)C1CCN(C(=O)[C@@H](N)C2Cc3ccccc3C2)CC1 0.7181346 0.7181 0.4769904 -7.3200 1.0000000 1.0000 []
03:30:06 <INFO> Score: 0.44 Agent NLL: 2.57 Valid: 100% Step: 47
 | Agent Prior Target Score SMILES SMILES_state Input_SMILES QED QED (raw) maize maize (raw) Unwanted SMARTS Unwanted SMARTS (raw) matchting_patterns (Unwanted SMARTS)
 | 2.3637 4.0491 71.3296 0.5888959 CC(C)C(NC(=O)[C@@H]1C[C@@H](O)CN1C(=O)CNC(=O)c1ccc2cc(F)ccc2n1)c1ccccc1 1 COc1ccc([C@H](C)NC(=O)[C@@H]2C[C@@H](O)CN2C(=O)CNC(=O)c2ccc3cc(F)ccc3n2)c(Cl)c1 0.4695327 0.4695 0.7386033 -9.5300 1.0000000 1.0000 []
 | 2.2966 4.5815 73.8224 0.6125303 CC(NC(=O)[C@@H]1C[C@@H](O)CN1C(=O)CNC(=O)c1ccc2cc(F)ccc2n1)c1ccccc1 1 COc1ccc([C@H](C)NC(=O)[C@@H]2C[C@@H](O)CN2C(=O)CNC(=O)c2ccc3cc(F)ccc3n2)c(Cl)c1 0.5163857 0.5164 0.7265760 -9.4100 1.0000000 1.0000 []
 | 2.1800 3.0015 82.8714 0.6708822 CCC(=O)N(c1ccccc1)C1CCN(C(=O)CC(N)c2ccc(C)cc2)CC1 1 CCC(=O)N(c1ccccc1)C1CCN(C(=O)[C@@H](N)C2Cc3ccccc3C2)CC1 0.8112739 0.8113 0.5547854 -7.9300 1.0000000 1.0000 []
 | 2.2898 2.7466 81.7144 0.6598512 CCC(=O)N(c1ccccc1)C1CCN(C(=O)CC(N)c2ccc(Cl)cc2)CC1 1 CCC(=O)N(c1ccccc1)C1CCN(C(=O)[C@@H](N)C2Cc3ccccc3C2)CC1 0.7725207 0.7725 0.5636141 -8.0000 1.0000000 1.0000 []
 | 2.3777 2.1276 70.5869 0.5680822 CCC(=O)N(c1ccccc1)C1CCN(C(=O)CC(N)c2ccc(OC)cc2)CC1 1 CCC(=O)N(c1ccccc1)C1CCN(C(=O)[C@@H](N)C2Cc3ccccc3C2)CC1 0.7591665 0.7592 0.4250944 -6.9100 1.0000000 1.0000 []
 | 2.2470 2.8461 87.7874 0.7080740 CCC(=O)N(c1ccccc1)C1CCN(C(=O)[C@@H](N)C2Cc3ccccc3C2)CC1 1 CCC(=O)N(c1ccccc1)C1CCN(C(=O)[C@@H](N)C2Cc3ccccc3C2)CC1 0.8309294 0.8309 0.6033832 -8.3200 1.0000000 1.0000 []
 | 2.3648 3.1612 74.1218 0.6037733 CCC(=O)N(c1ccccc1)C1CCN(C(=O)[C@@H](N)Cc2c(C)cc(O)cc2C)CC1 1 CCC(=O)N(c1ccccc1)C1CCN(C(=O)[C@@H](N)C2Cc3ccccc3C2)CC1 0.7462649 0.7463 0.4884891 -7.4100 1.0000000 1.0000 []
 | 2.3127 2.9563 79.1808 0.6416967 CCC(=O)N(c1ccccc1)C1CCN(C(=O)[C@@H](N)Cc2ccc(O)cc2)CC1 1 CCC(=O)N(c1ccccc1)C1CCN(C(=O)[C@@H](N)C2Cc3ccccc3C2)CC1 0.7873175 0.7873 0.5230096 -7.6800 1.0000000 1.0000 []
 | 2.2800 3.3219 82.4704 0.6702530 CCC(=O)N(c1ccccc1)C1CCN(C(=O)[C@@H](N)Cc2csc3ccccc23)CC1 1 CCC(=O)N(c1ccccc1)C1CCN(C(=O)[C@@H](N)C2Cc3ccccc3C2)CC1 0.6308509 0.6309 0.7121161 -9.2700 1.0000000 1.0000 []
 | 2.3379 2.6294 72.2854 0.5852720 CCC(=O)N(c1ccccc1)C1CCN(C(=O)[C@@H](N)[C@@H](C)c2c(C)cc(O)cc2C)CC1 1 CCC(=O)N(c1ccccc1)C1CCN(C(=O)[C@@H](N)C2Cc3ccccc3C2)CC1 0.7181346 0.7181 0.4769904 -7.3200 1.0000000 1.0000 []
03:30:09 <INFO> Score: 0.44 Agent NLL: 2.57 Valid: 100% Step: 48
 | Agent Prior Target Score SMILES SMILES_state Input_SMILES QED QED (raw) maize maize (raw) Unwanted SMARTS Unwanted SMARTS (raw) matchting_patterns (Unwanted SMARTS)
 | 2.3708 4.0491 71.3296 0.5888959 CC(C)C(NC(=O)[C@@H]1C[C@@H](O)CN1C(=O)CNC(=O)c1ccc2cc(F)ccc2n1)c1ccccc1 1 COc1ccc([C@H](C)NC(=O)[C@@H]2C[C@@H](O)CN2C(=O)CNC(=O)c2ccc3cc(F)ccc3n2)c(Cl)c1 0.4695327 0.4695 0.7386033 -9.5300 1.0000000 1.0000 []
 | 2.2724 4.5815 73.8224 0.6125303 CC(NC(=O)[C@@H]1C[C@@H](O)CN1C(=O)CNC(=O)c1ccc2cc(F)ccc2n1)c1ccccc1 1 COc1ccc([C@H](C)NC(=O)[C@@H]2C[C@@H](O)CN2C(=O)CNC(=O)c2ccc3cc(F)ccc3n2)c(Cl)c1 0.5163857 0.5164 0.7265760 -9.4100 1.0000000 1.0000 []
 | 2.2060 3.0015 82.8714 0.6708822 CCC(=O)N(c1ccccc1)C1CCN(C(=O)CC(N)c2ccc(C)cc2)CC1 1 CCC(=O)N(c1ccccc1)C1CCN(C(=O)[C@@H](N)C2Cc3ccccc3C2)CC1 0.8112739 0.8113 0.5547854 -7.9300 1.0000000 1.0000 []
 | 2.3045 2.7466 81.7144 0.6598512 CCC(=O)N(c1ccccc1)C1CCN(C(=O)CC(N)c2ccc(Cl)cc2)CC1 1 CCC(=O)N(c1ccccc1)C1CCN(C(=O)[C@@H](N)C2Cc3ccccc3C2)CC1 0.7725207 0.7725 0.5636141 -8.0000 1.0000000 1.0000 []
 | 2.4025 2.1276 70.5869 0.5680822 CCC(=O)N(c1ccccc1)C1CCN(C(=O)CC(N)c2ccc(OC)cc2)CC1 1 CCC(=O)N(c1ccccc1)C1CCN(C(=O)[C@@H](N)C2Cc3ccccc3C2)CC1 0.7591665 0.7592 0.4250944 -6.9100 1.0000000 1.0000 []
 | 2.2246 2.8461 87.7874 0.7080740 CCC(=O)N(c1ccccc1)C1CCN(C(=O)[C@@H](N)C2Cc3ccccc3C2)CC1 1 CCC(=O)N(c1ccccc1)C1CCN(C(=O)[C@@H](N)C2Cc3ccccc3C2)CC1 0.8309294 0.8309 0.6033832 -8.3200 1.0000000 1.0000 []
 | 2.3577 3.1612 74.1218 0.6037733 CCC(=O)N(c1ccccc1)C1CCN(C(=O)[C@@H](N)Cc2c(C)cc(O)cc2C)CC1 1 CCC(=O)N(c1ccccc1)C1CCN(C(=O)[C@@H](N)C2Cc3ccccc3C2)CC1 0.7462649 0.7463 0.4884891 -7.4100 1.0000000 1.0000 []
 | 2.3399 2.9563 79.1808 0.6416967 CCC(=O)N(c1ccccc1)C1CCN(C(=O)[C@@H](N)Cc2ccc(O)cc2)CC1 1 CCC(=O)N(c1ccccc1)C1CCN(C(=O)[C@@H](N)C2Cc3ccccc3C2)CC1 0.7873175 0.7873 0.5230096 -7.6800 1.0000000 1.0000 []
 | 2.2568 3.3219 82.4704 0.6702530 CCC(=O)N(c1ccccc1)C1CCN(C(=O)[C@@H](N)Cc2csc3ccccc23)CC1 1 CCC(=O)N(c1ccccc1)C1CCN(C(=O)[C@@H](N)C2Cc3ccccc3C2)CC1 0.6308509 0.6309 0.7121161 -9.2700 1.0000000 1.0000 []
 | 2.3151 2.6294 72.2854 0.5852720 CCC(=O)N(c1ccccc1)C1CCN(C(=O)[C@@H](N)[C@@H](C)c2c(C)cc(O)cc2C)CC1 1 CCC(=O)N(c1ccccc1)C1CCN(C(=O)[C@@H](N)C2Cc3ccccc3C2)CC1 0.7181346 0.7181 0.4769904 -7.3200 1.0000000 1.0000 []
03:30:12 <INFO> Score: 0.44 Agent NLL: 2.57 Valid: 100% Step: 49
 | Agent Prior Target Score SMILES SMILES_state Input_SMILES QED QED (raw) maize maize (raw) Unwanted SMARTS Unwanted SMARTS (raw) matchting_patterns (Unwanted SMARTS)
 | 2.3423 4.0491 71.3296 0.5888959 CC(C)C(NC(=O)[C@@H]1C[C@@H](O)CN1C(=O)CNC(=O)c1ccc2cc(F)ccc2n1)c1ccccc1 1 COc1ccc([C@H](C)NC(=O)[C@@H]2C[C@@H](O)CN2C(=O)CNC(=O)c2ccc3cc(F)ccc3n2)c(Cl)c1 0.4695327 0.4695 0.7386033 -9.5300 1.0000000 1.0000 []
 | 2.2651 4.5815 73.8224 0.6125303 CC(NC(=O)[C@@H]1C[C@@H](O)CN1C(=O)CNC(=O)c1ccc2cc(F)ccc2n1)c1ccccc1 1 COc1ccc([C@H](C)NC(=O)[C@@H]2C[C@@H](O)CN2C(=O)CNC(=O)c2ccc3cc(F)ccc3n2)c(Cl)c1 0.5163857 0.5164 0.7265760 -9.4100 1.0000000 1.0000 []
 | 2.2694 3.0015 82.8714 0.6708822 CCC(=O)N(c1ccccc1)C1CCN(C(=O)CC(N)c2ccc(C)cc2)CC1 1 CCC(=O)N(c1ccccc1)C1CCN(C(=O)[C@@H](N)C2Cc3ccccc3C2)CC1 0.8112739 0.8113 0.5547854 -7.9300 1.0000000 1.0000 []
 | 2.3317 2.7466 81.7144 0.6598512 CCC(=O)N(c1ccccc1)C1CCN(C(=O)CC(N)c2ccc(Cl)cc2)CC1 1 CCC(=O)N(c1ccccc1)C1CCN(C(=O)[C@@H](N)C2Cc3ccccc3C2)CC1 0.7725207 0.7725 0.5636141 -8.0000 1.0000000 1.0000 []
 | 2.4482 2.1276 70.5869 0.5680822 CCC(=O)N(c1ccccc1)C1CCN(C(=O)CC(N)c2ccc(OC)cc2)CC1 1 CCC(=O)N(c1ccccc1)C1CCN(C(=O)[C@@H](N)C2Cc3ccccc3C2)CC1 0.7591665 0.7592 0.4250944 -6.9100 1.0000000 1.0000 []
 | 2.1862 2.8461 87.7874 0.7080740 CCC(=O)N(c1ccccc1)C1CCN(C(=O)[C@@H](N)C2Cc3ccccc3C2)CC1 1 CCC(=O)N(c1ccccc1)C1CCN(C(=O)[C@@H](N)C2Cc3ccccc3C2)CC1 0.8309294 0.8309 0.6033832 -8.3200 1.0000000 1.0000 []
 | 2.3549 3.1612 74.1218 0.6037733 CCC(=O)N(c1ccccc1)C1CCN(C(=O)[C@@H](N)Cc2c(C)cc(O)cc2C)CC1 1 CCC(=O)N(c1ccccc1)C1CCN(C(=O)[C@@H](N)C2Cc3ccccc3C2)CC1 0.7462649 0.7463 0.4884891 -7.4100 1.0000000 1.0000 []
 | 2.3149 2.9563 79.1808 0.6416967 CCC(=O)N(c1ccccc1)C1CCN(C(=O)[C@@H](N)Cc2ccc(O)cc2)CC1 1 CCC(=O)N(c1ccccc1)C1CCN(C(=O)[C@@H](N)C2Cc3ccccc3C2)CC1 0.7873175 0.7873 0.5230096 -7.6800 1.0000000 1.0000 []
 | 2.2415 3.3219 82.4704 0.6702530 CCC(=O)N(c1ccccc1)C1CCN(C(=O)[C@@H](N)Cc2csc3ccccc23)CC1 1 CCC(=O)N(c1ccccc1)C1CCN(C(=O)[C@@H](N)C2Cc3ccccc3C2)CC1 0.6308509 0.6309 0.7121161 -9.2700 1.0000000 1.0000 []
 | 2.3034 2.6294 72.2854 0.5852720 CCC(=O)N(c1ccccc1)C1CCN(C(=O)[C@@H](N)[C@@H](C)c2c(C)cc(O)cc2C)CC1 1 CCC(=O)N(c1ccccc1)C1CCN(C(=O)[C@@H](N)C2Cc3ccccc3C2)CC1 0.7181346 0.7181 0.4769904 -7.3200 1.0000000 1.0000 []
03:30:16 <INFO> Score: 0.44 Agent NLL: 2.57 Valid: 100% Step: 50
 | Agent Prior Target Score SMILES SMILES_state Input_SMILES QED QED (raw) maize maize (raw) Unwanted SMARTS Unwanted SMARTS (raw) matchting_patterns (Unwanted SMARTS)
 | 2.2926 4.0491 71.3296 0.5888959 CC(C)C(NC(=O)[C@@H]1C[C@@H](O)CN1C(=O)CNC(=O)c1ccc2cc(F)ccc2n1)c1ccccc1 1 COc1ccc([C@H](C)NC(=O)[C@@H]2C[C@@H](O)CN2C(=O)CNC(=O)c2ccc3cc(F)ccc3n2)c(Cl)c1 0.4695327 0.4695 0.7386033 -9.5300 1.0000000 1.0000 []
 | 2.2704 4.5815 73.8224 0.6125303 CC(NC(=O)[C@@H]1C[C@@H](O)CN1C(=O)CNC(=O)c1ccc2cc(F)ccc2n1)c1ccccc1 1 COc1ccc([C@H](C)NC(=O)[C@@H]2C[C@@H](O)CN2C(=O)CNC(=O)c2ccc3cc(F)ccc3n2)c(Cl)c1 0.5163857 0.5164 0.7265760 -9.4100 1.0000000 1.0000 []
 | 2.2116 3.0015 82.8714 0.6708822 CCC(=O)N(c1ccccc1)C1CCN(C(=O)CC(N)c2ccc(C)cc2)CC1 1 CCC(=O)N(c1ccccc1)C1CCN(C(=O)[C@@H](N)C2Cc3ccccc3C2)CC1 0.8112739 0.8113 0.5547854 -7.9300 1.0000000 1.0000 []
 | 2.2244 2.7466 81.7144 0.6598512 CCC(=O)N(c1ccccc1)C1CCN(C(=O)CC(N)c2ccc(Cl)cc2)CC1 1 CCC(=O)N(c1ccccc1)C1CCN(C(=O)[C@@H](N)C2Cc3ccccc3C2)CC1 0.7725207 0.7725 0.5636141 -8.0000 1.0000000 1.0000 []
 | 2.3725 2.1276 70.5869 0.5680822 CCC(=O)N(c1ccccc1)C1CCN(C(=O)CC(N)c2ccc(OC)cc2)CC1 1 CCC(=O)N(c1ccccc1)C1CCN(C(=O)[C@@H](N)C2Cc3ccccc3C2)CC1 0.7591665 0.7592 0.4250944 -6.9100 1.0000000 1.0000 []
 | 2.2143 2.8461 87.7874 0.7080740 CCC(=O)N(c1ccccc1)C1CCN(C(=O)[C@@H](N)C2Cc3ccccc3C2)CC1 1 CCC(=O)N(c1ccccc1)C1CCN(C(=O)[C@@H](N)C2Cc3ccccc3C2)CC1 0.8309294 0.8309 0.6033832 -8.3200 1.0000000 1.0000 []
 | 2.3978 3.1612 74.1218 0.6037733 CCC(=O)N(c1ccccc1)C1CCN(C(=O)[C@@H](N)Cc2c(C)cc(O)cc2C)CC1 1 CCC(=O)N(c1ccccc1)C1CCN(C(=O)[C@@H](N)C2Cc3ccccc3C2)CC1 0.7462649 0.7463 0.4884891 -7.4100 1.0000000 1.0000 []
 | 2.3114 2.9563 79.1808 0.6416967 CCC(=O)N(c1ccccc1)C1CCN(C(=O)[C@@H](N)Cc2ccc(O)cc2)CC1 1 CCC(=O)N(c1ccccc1)C1CCN(C(=O)[C@@H](N)C2Cc3ccccc3C2)CC1 0.7873175 0.7873 0.5230096 -7.6800 1.0000000 1.0000 []
 | 2.2852 3.3219 82.4704 0.6702530 CCC(=O)N(c1ccccc1)C1CCN(C(=O)[C@@H](N)Cc2csc3ccccc23)CC1 1 CCC(=O)N(c1ccccc1)C1CCN(C(=O)[C@@H](N)C2Cc3ccccc3C2)CC1 0.6308509 0.6309 0.7121161 -9.2700 1.0000000 1.0000 []
 | 2.3675 2.6294 72.2854 0.5852720 CCC(=O)N(c1ccccc1)C1CCN(C(=O)[C@@H](N)[C@@H](C)c2c(C)cc(O)cc2C)CC1 1 CCC(=O)N(c1ccccc1)C1CCN(C(=O)[C@@H](N)C2Cc3ccccc3C2)CC1 0.7181346 0.7181 0.4769904 -7.3200 1.0000000 1.0000 []
03:30:19 <INFO> Score: 0.44 Agent NLL: 2.57 Valid: 100% Step: 51
 | Agent Prior Target Score SMILES SMILES_state Input_SMILES QED QED (raw) maize maize (raw) Unwanted SMARTS Unwanted SMARTS (raw) matchting_patterns (Unwanted SMARTS)
 | 2.2539 4.0491 71.3296 0.5888959 CC(C)C(NC(=O)[C@@H]1C[C@@H](O)CN1C(=O)CNC(=O)c1ccc2cc(F)ccc2n1)c1ccccc1 1 COc1ccc([C@H](C)NC(=O)[C@@H]2C[C@@H](O)CN2C(=O)CNC(=O)c2ccc3cc(F)ccc3n2)c(Cl)c1 0.4695327 0.4695 0.7386033 -9.5300 1.0000000 1.0000 []
 | 2.2760 4.5815 73.8224 0.6125303 CC(NC(=O)[C@@H]1C[C@@H](O)CN1C(=O)CNC(=O)c1ccc2cc(F)ccc2n1)c1ccccc1 1 COc1ccc([C@H](C)NC(=O)[C@@H]2C[C@@H](O)CN2C(=O)CNC(=O)c2ccc3cc(F)ccc3n2)c(Cl)c1 0.5163857 0.5164 0.7265760 -9.4100 1.0000000 1.0000 []
 | 2.2955 3.0015 82.8714 0.6708822 CCC(=O)N(c1ccccc1)C1CCN(C(=O)CC(N)c2ccc(C)cc2)CC1 1 CCC(=O)N(c1ccccc1)C1CCN(C(=O)[C@@H](N)C2Cc3ccccc3C2)CC1 0.8112739 0.8113 0.5547854 -7.9300 1.0000000 1.0000 []
 | 2.2601 2.7466 81.7144 0.6598512 CCC(=O)N(c1ccccc1)C1CCN(C(=O)CC(N)c2ccc(Cl)cc2)CC1 1 CCC(=O)N(c1ccccc1)C1CCN(C(=O)[C@@H](N)C2Cc3ccccc3C2)CC1 0.7725207 0.7725 0.5636141 -8.0000 1.0000000 1.0000 []
 | 2.4285 2.1276 70.5869 0.5680822 CCC(=O)N(c1ccccc1)C1CCN(C(=O)CC(N)c2ccc(OC)cc2)CC1 1 CCC(=O)N(c1ccccc1)C1CCN(C(=O)[C@@H](N)C2Cc3ccccc3C2)CC1 0.7591665 0.7592 0.4250944 -6.9100 1.0000000 1.0000 []
 | 2.1916 2.8461 87.7874 0.7080740 CCC(=O)N(c1ccccc1)C1CCN(C(=O)[C@@H](N)C2Cc3ccccc3C2)CC1 1 CCC(=O)N(c1ccccc1)C1CCN(C(=O)[C@@H](N)C2Cc3ccccc3C2)CC1 0.8309294 0.8309 0.6033832 -8.3200 1.0000000 1.0000 []
 | 2.3617 3.1612 74.1218 0.6037733 CCC(=O)N(c1ccccc1)C1CCN(C(=O)[C@@H](N)Cc2c(C)cc(O)cc2C)CC1 1 CCC(=O)N(c1ccccc1)C1CCN(C(=O)[C@@H](N)C2Cc3ccccc3C2)CC1 0.7462649 0.7463 0.4884891 -7.4100 1.0000000 1.0000 []
 | 2.2638 2.9563 79.1808 0.6416967 CCC(=O)N(c1ccccc1)C1CCN(C(=O)[C@@H](N)Cc2ccc(O)cc2)CC1 1 CCC(=O)N(c1ccccc1)C1CCN(C(=O)[C@@H](N)C2Cc3ccccc3C2)CC1 0.7873175 0.7873 0.5230096 -7.6800 1.0000000 1.0000 []
 | 2.2663 3.3219 82.4704 0.6702530 CCC(=O)N(c1ccccc1)C1CCN(C(=O)[C@@H](N)Cc2csc3ccccc23)CC1 1 CCC(=O)N(c1ccccc1)C1CCN(C(=O)[C@@H](N)C2Cc3ccccc3C2)CC1 0.6308509 0.6309 0.7121161 -9.2700 1.0000000 1.0000 []
 | 2.3736 2.6294 72.2854 0.5852720 CCC(=O)N(c1ccccc1)C1CCN(C(=O)[C@@H](N)[C@@H](C)c2c(C)cc(O)cc2C)CC1 1 CCC(=O)N(c1ccccc1)C1CCN(C(=O)[C@@H](N)C2Cc3ccccc3C2)CC1 0.7181346 0.7181 0.4769904 -7.3200 1.0000000 1.0000 []
03:30:22 <INFO> Score: 0.44 Agent NLL: 2.57 Valid: 100% Step: 52
 | Agent Prior Target Score SMILES SMILES_state Input_SMILES QED QED (raw) maize maize (raw) Unwanted SMARTS Unwanted SMARTS (raw) matchting_patterns (Unwanted SMARTS)
 | 2.2463 4.0491 71.3296 0.5888959 CC(C)C(NC(=O)[C@@H]1C[C@@H](O)CN1C(=O)CNC(=O)c1ccc2cc(F)ccc2n1)c1ccccc1 1 COc1ccc([C@H](C)NC(=O)[C@@H]2C[C@@H](O)CN2C(=O)CNC(=O)c2ccc3cc(F)ccc3n2)c(Cl)c1 0.4695327 0.4695 0.7386033 -9.5300 1.0000000 1.0000 []
 | 2.2685 4.5815 73.8224 0.6125303 CC(NC(=O)[C@@H]1C[C@@H](O)CN1C(=O)CNC(=O)c1ccc2cc(F)ccc2n1)c1ccccc1 1 COc1ccc([C@H](C)NC(=O)[C@@H]2C[C@@H](O)CN2C(=O)CNC(=O)c2ccc3cc(F)ccc3n2)c(Cl)c1 0.5163857 0.5164 0.7265760 -9.4100 1.0000000 1.0000 []
 | 2.3093 3.0015 82.8714 0.6708822 CCC(=O)N(c1ccccc1)C1CCN(C(=O)CC(N)c2ccc(C)cc2)CC1 1 CCC(=O)N(c1ccccc1)C1CCN(C(=O)[C@@H](N)C2Cc3ccccc3C2)CC1 0.8112739 0.8113 0.5547854 -7.9300 1.0000000 1.0000 []
 | 2.2466 2.7466 81.7144 0.6598512 CCC(=O)N(c1ccccc1)C1CCN(C(=O)CC(N)c2ccc(Cl)cc2)CC1 1 CCC(=O)N(c1ccccc1)C1CCN(C(=O)[C@@H](N)C2Cc3ccccc3C2)CC1 0.7725207 0.7725 0.5636141 -8.0000 1.0000000 1.0000 []
 | 2.4243 2.1276 70.5869 0.5680822 CCC(=O)N(c1ccccc1)C1CCN(C(=O)CC(N)c2ccc(OC)cc2)CC1 1 CCC(=O)N(c1ccccc1)C1CCN(C(=O)[C@@H](N)C2Cc3ccccc3C2)CC1 0.7591665 0.7592 0.4250944 -6.9100 1.0000000 1.0000 []
 | 2.1882 2.8461 87.7874 0.7080740 CCC(=O)N(c1ccccc1)C1CCN(C(=O)[C@@H](N)C2Cc3ccccc3C2)CC1 1 CCC(=O)N(c1ccccc1)C1CCN(C(=O)[C@@H](N)C2Cc3ccccc3C2)CC1 0.8309294 0.8309 0.6033832 -8.3200 1.0000000 1.0000 []
 | 2.3460 3.1612 74.1218 0.6037733 CCC(=O)N(c1ccccc1)C1CCN(C(=O)[C@@H](N)Cc2c(C)cc(O)cc2C)CC1 1 CCC(=O)N(c1ccccc1)C1CCN(C(=O)[C@@H](N)C2Cc3ccccc3C2)CC1 0.7462649 0.7463 0.4884891 -7.4100 1.0000000 1.0000 []
 | 2.2850 2.9563 79.1808 0.6416967 CCC(=O)N(c1ccccc1)C1CCN(C(=O)[C@@H](N)Cc2ccc(O)cc2)CC1 1 CCC(=O)N(c1ccccc1)C1CCN(C(=O)[C@@H](N)C2Cc3ccccc3C2)CC1 0.7873175 0.7873 0.5230096 -7.6800 1.0000000 1.0000 []
 | 2.2512 3.3219 82.4704 0.6702530 CCC(=O)N(c1ccccc1)C1CCN(C(=O)[C@@H](N)Cc2csc3ccccc23)CC1 1 CCC(=O)N(c1ccccc1)C1CCN(C(=O)[C@@H](N)C2Cc3ccccc3C2)CC1 0.6308509 0.6309 0.7121161 -9.2700 1.0000000 1.0000 []
 | 2.4025 2.6294 72.2854 0.5852720 CCC(=O)N(c1ccccc1)C1CCN(C(=O)[C@@H](N)[C@@H](C)c2c(C)cc(O)cc2C)CC1 1 CCC(=O)N(c1ccccc1)C1CCN(C(=O)[C@@H](N)C2Cc3ccccc3C2)CC1 0.7181346 0.7181 0.4769904 -7.3200 1.0000000 1.0000 []
03:30:26 <INFO> Score: 0.44 Agent NLL: 2.57 Valid: 100% Step: 53
 | Agent Prior Target Score SMILES SMILES_state Input_SMILES QED QED (raw) maize maize (raw) Unwanted SMARTS Unwanted SMARTS (raw) matchting_patterns (Unwanted SMARTS)
 | 2.2703 4.0491 71.3296 0.5888959 CC(C)C(NC(=O)[C@@H]1C[C@@H](O)CN1C(=O)CNC(=O)c1ccc2cc(F)ccc2n1)c1ccccc1 1 COc1ccc([C@H](C)NC(=O)[C@@H]2C[C@@H](O)CN2C(=O)CNC(=O)c2ccc3cc(F)ccc3n2)c(Cl)c1 0.4695327 0.4695 0.7386033 -9.5300 1.0000000 1.0000 []
 | 2.2408 4.5815 73.8224 0.6125303 CC(NC(=O)[C@@H]1C[C@@H](O)CN1C(=O)CNC(=O)c1ccc2cc(F)ccc2n1)c1ccccc1 1 COc1ccc([C@H](C)NC(=O)[C@@H]2C[C@@H](O)CN2C(=O)CNC(=O)c2ccc3cc(F)ccc3n2)c(Cl)c1 0.5163857 0.5164 0.7265760 -9.4100 1.0000000 1.0000 []
 | 2.2575 3.0015 82.8714 0.6708822 CCC(=O)N(c1ccccc1)C1CCN(C(=O)CC(N)c2ccc(C)cc2)CC1 1 CCC(=O)N(c1ccccc1)C1CCN(C(=O)[C@@H](N)C2Cc3ccccc3C2)CC1 0.8112739 0.8113 0.5547854 -7.9300 1.0000000 1.0000 []
 | 2.1927 2.7466 81.7144 0.6598512 CCC(=O)N(c1ccccc1)C1CCN(C(=O)CC(N)c2ccc(Cl)cc2)CC1 1 CCC(=O)N(c1ccccc1)C1CCN(C(=O)[C@@H](N)C2Cc3ccccc3C2)CC1 0.7725207 0.7725 0.5636141 -8.0000 1.0000000 1.0000 []
 | 2.3715 2.1276 70.5869 0.5680822 CCC(=O)N(c1ccccc1)C1CCN(C(=O)CC(N)c2ccc(OC)cc2)CC1 1 CCC(=O)N(c1ccccc1)C1CCN(C(=O)[C@@H](N)C2Cc3ccccc3C2)CC1 0.7591665 0.7592 0.4250944 -6.9100 1.0000000 1.0000 []
 | 2.2051 2.8461 87.7874 0.7080740 CCC(=O)N(c1ccccc1)C1CCN(C(=O)[C@@H](N)C2Cc3ccccc3C2)CC1 1 CCC(=O)N(c1ccccc1)C1CCN(C(=O)[C@@H](N)C2Cc3ccccc3C2)CC1 0.8309294 0.8309 0.6033832 -8.3200 1.0000000 1.0000 []
 | 2.3663 3.1612 74.1218 0.6037733 CCC(=O)N(c1ccccc1)C1CCN(C(=O)[C@@H](N)Cc2c(C)cc(O)cc2C)CC1 1 CCC(=O)N(c1ccccc1)C1CCN(C(=O)[C@@H](N)C2Cc3ccccc3C2)CC1 0.7462649 0.7463 0.4884891 -7.4100 1.0000000 1.0000 []
 | 2.3351 2.9563 79.1808 0.6416967 CCC(=O)N(c1ccccc1)C1CCN(C(=O)[C@@H](N)Cc2ccc(O)cc2)CC1 1 CCC(=O)N(c1ccccc1)C1CCN(C(=O)[C@@H](N)C2Cc3ccccc3C2)CC1 0.7873175 0.7873 0.5230096 -7.6800 1.0000000 1.0000 []
 | 2.2564 3.3219 82.4704 0.6702530 CCC(=O)N(c1ccccc1)C1CCN(C(=O)[C@@H](N)Cc2csc3ccccc23)CC1 1 CCC(=O)N(c1ccccc1)C1CCN(C(=O)[C@@H](N)C2Cc3ccccc3C2)CC1 0.6308509 0.6309 0.7121161 -9.2700 1.0000000 1.0000 []
 | 2.4444 2.6294 72.2854 0.5852720 CCC(=O)N(c1ccccc1)C1CCN(C(=O)[C@@H](N)[C@@H](C)c2c(C)cc(O)cc2C)CC1 1 CCC(=O)N(c1ccccc1)C1CCN(C(=O)[C@@H](N)C2Cc3ccccc3C2)CC1 0.7181346 0.7181 0.4769904 -7.3200 1.0000000 1.0000 []
03:30:29 <INFO> Score: 0.44 Agent NLL: 2.58 Valid: 100% Step: 54
 | Agent Prior Target Score SMILES SMILES_state Input_SMILES QED QED (raw) maize maize (raw) Unwanted SMARTS Unwanted SMARTS (raw) matchting_patterns (Unwanted SMARTS)
 | 2.3003 4.0491 71.3296 0.5888959 CC(C)C(NC(=O)[C@@H]1C[C@@H](O)CN1C(=O)CNC(=O)c1ccc2cc(F)ccc2n1)c1ccccc1 1 COc1ccc([C@H](C)NC(=O)[C@@H]2C[C@@H](O)CN2C(=O)CNC(=O)c2ccc3cc(F)ccc3n2)c(Cl)c1 0.4695327 0.4695 0.7386033 -9.5300 1.0000000 1.0000 []
 | 2.2181 4.5815 73.8224 0.6125303 CC(NC(=O)[C@@H]1C[C@@H](O)CN1C(=O)CNC(=O)c1ccc2cc(F)ccc2n1)c1ccccc1 1 COc1ccc([C@H](C)NC(=O)[C@@H]2C[C@@H](O)CN2C(=O)CNC(=O)c2ccc3cc(F)ccc3n2)c(Cl)c1 0.5163857 0.5164 0.7265760 -9.4100 1.0000000 1.0000 []
 | 2.3291 3.0015 82.8714 0.6708822 CCC(=O)N(c1ccccc1)C1CCN(C(=O)CC(N)c2ccc(C)cc2)CC1 1 CCC(=O)N(c1ccccc1)C1CCN(C(=O)[C@@H](N)C2Cc3ccccc3C2)CC1 0.8112739 0.8113 0.5547854 -7.9300 1.0000000 1.0000 []
 | 2.2843 2.7466 81.7144 0.6598512 CCC(=O)N(c1ccccc1)C1CCN(C(=O)CC(N)c2ccc(Cl)cc2)CC1 1 CCC(=O)N(c1ccccc1)C1CCN(C(=O)[C@@H](N)C2Cc3ccccc3C2)CC1 0.7725207 0.7725 0.5636141 -8.0000 1.0000000 1.0000 []
 | 2.4499 2.1276 70.5869 0.5680822 CCC(=O)N(c1ccccc1)C1CCN(C(=O)CC(N)c2ccc(OC)cc2)CC1 1 CCC(=O)N(c1ccccc1)C1CCN(C(=O)[C@@H](N)C2Cc3ccccc3C2)CC1 0.7591665 0.7592 0.4250944 -6.9100 1.0000000 1.0000 []
 | 2.1770 2.8461 87.7874 0.7080740 CCC(=O)N(c1ccccc1)C1CCN(C(=O)[C@@H](N)C2Cc3ccccc3C2)CC1 1 CCC(=O)N(c1ccccc1)C1CCN(C(=O)[C@@H](N)C2Cc3ccccc3C2)CC1 0.8309294 0.8309 0.6033832 -8.3200 1.0000000 1.0000 []
 | 2.3380 3.1612 74.1218 0.6037733 CCC(=O)N(c1ccccc1)C1CCN(C(=O)[C@@H](N)Cc2c(C)cc(O)cc2C)CC1 1 CCC(=O)N(c1ccccc1)C1CCN(C(=O)[C@@H](N)C2Cc3ccccc3C2)CC1 0.7462649 0.7463 0.4884891 -7.4100 1.0000000 1.0000 []
 | 2.2913 2.9563 79.1808 0.6416967 CCC(=O)N(c1ccccc1)C1CCN(C(=O)[C@@H](N)Cc2ccc(O)cc2)CC1 1 CCC(=O)N(c1ccccc1)C1CCN(C(=O)[C@@H](N)C2Cc3ccccc3C2)CC1 0.7873175 0.7873 0.5230096 -7.6800 1.0000000 1.0000 []
 | 2.2341 3.3219 82.4704 0.6702530 CCC(=O)N(c1ccccc1)C1CCN(C(=O)[C@@H](N)Cc2csc3ccccc23)CC1 1 CCC(=O)N(c1ccccc1)C1CCN(C(=O)[C@@H](N)C2Cc3ccccc3C2)CC1 0.6308509 0.6309 0.7121161 -9.2700 1.0000000 1.0000 []
 | 2.4122 2.6294 72.2854 0.5852720 CCC(=O)N(c1ccccc1)C1CCN(C(=O)[C@@H](N)[C@@H](C)c2c(C)cc(O)cc2C)CC1 1 CCC(=O)N(c1ccccc1)C1CCN(C(=O)[C@@H](N)C2Cc3ccccc3C2)CC1 0.7181346 0.7181 0.4769904 -7.3200 1.0000000 1.0000 []
03:30:33 <INFO> Score: 0.44 Agent NLL: 2.58 Valid: 100% Step: 55
 | Agent Prior Target Score SMILES SMILES_state Input_SMILES QED QED (raw) maize maize (raw) Unwanted SMARTS Unwanted SMARTS (raw) matchting_patterns (Unwanted SMARTS)
 | 2.3053 4.0491 71.3296 0.5888959 CC(C)C(NC(=O)[C@@H]1C[C@@H](O)CN1C(=O)CNC(=O)c1ccc2cc(F)ccc2n1)c1ccccc1 1 COc1ccc([C@H](C)NC(=O)[C@@H]2C[C@@H](O)CN2C(=O)CNC(=O)c2ccc3cc(F)ccc3n2)c(Cl)c1 0.4695327 0.4695 0.7386033 -9.5300 1.0000000 1.0000 []
 | 2.2188 4.5815 73.8224 0.6125303 CC(NC(=O)[C@@H]1C[C@@H](O)CN1C(=O)CNC(=O)c1ccc2cc(F)ccc2n1)c1ccccc1 1 COc1ccc([C@H](C)NC(=O)[C@@H]2C[C@@H](O)CN2C(=O)CNC(=O)c2ccc3cc(F)ccc3n2)c(Cl)c1 0.5163857 0.5164 0.7265760 -9.4100 1.0000000 1.0000 []
 | 2.2478 3.0015 82.8714 0.6708822 CCC(=O)N(c1ccccc1)C1CCN(C(=O)CC(N)c2ccc(C)cc2)CC1 1 CCC(=O)N(c1ccccc1)C1CCN(C(=O)[C@@H](N)C2Cc3ccccc3C2)CC1 0.8112739 0.8113 0.5547854 -7.9300 1.0000000 1.0000 []
 | 2.2399 2.7466 81.7144 0.6598512 CCC(=O)N(c1ccccc1)C1CCN(C(=O)CC(N)c2ccc(Cl)cc2)CC1 1 CCC(=O)N(c1ccccc1)C1CCN(C(=O)[C@@H](N)C2Cc3ccccc3C2)CC1 0.7725207 0.7725 0.5636141 -8.0000 1.0000000 1.0000 []
 | 2.3965 2.1276 70.5869 0.5680822 CCC(=O)N(c1ccccc1)C1CCN(C(=O)CC(N)c2ccc(OC)cc2)CC1 1 CCC(=O)N(c1ccccc1)C1CCN(C(=O)[C@@H](N)C2Cc3ccccc3C2)CC1 0.7591665 0.7592 0.4250944 -6.9100 1.0000000 1.0000 []
 | 2.2125 2.8461 87.7874 0.7080740 CCC(=O)N(c1ccccc1)C1CCN(C(=O)[C@@H](N)C2Cc3ccccc3C2)CC1 1 CCC(=O)N(c1ccccc1)C1CCN(C(=O)[C@@H](N)C2Cc3ccccc3C2)CC1 0.8309294 0.8309 0.6033832 -8.3200 1.0000000 1.0000 []
 | 2.3746 3.1612 74.1218 0.6037733 CCC(=O)N(c1ccccc1)C1CCN(C(=O)[C@@H](N)Cc2c(C)cc(O)cc2C)CC1 1 CCC(=O)N(c1ccccc1)C1CCN(C(=O)[C@@H](N)C2Cc3ccccc3C2)CC1 0.7462649 0.7463 0.4884891 -7.4100 1.0000000 1.0000 []
 | 2.2911 2.9563 79.1808 0.6416967 CCC(=O)N(c1ccccc1)C1CCN(C(=O)[C@@H](N)Cc2ccc(O)cc2)CC1 1 CCC(=O)N(c1ccccc1)C1CCN(C(=O)[C@@H](N)C2Cc3ccccc3C2)CC1 0.7873175 0.7873 0.5230096 -7.6800 1.0000000 1.0000 []
 | 2.2722 3.3219 82.4704 0.6702530 CCC(=O)N(c1ccccc1)C1CCN(C(=O)[C@@H](N)Cc2csc3ccccc23)CC1 1 CCC(=O)N(c1ccccc1)C1CCN(C(=O)[C@@H](N)C2Cc3ccccc3C2)CC1 0.6308509 0.6309 0.7121161 -9.2700 1.0000000 1.0000 []
 | 2.4347 2.6294 72.2854 0.5852720 CCC(=O)N(c1ccccc1)C1CCN(C(=O)[C@@H](N)[C@@H](C)c2c(C)cc(O)cc2C)CC1 1 CCC(=O)N(c1ccccc1)C1CCN(C(=O)[C@@H](N)C2Cc3ccccc3C2)CC1 0.7181346 0.7181 0.4769904 -7.3200 1.0000000 1.0000 []
03:30:36 <INFO> Score: 0.44 Agent NLL: 2.57 Valid: 100% Step: 56
 | Agent Prior Target Score SMILES SMILES_state Input_SMILES QED QED (raw) maize maize (raw) Unwanted SMARTS Unwanted SMARTS (raw) matchting_patterns (Unwanted SMARTS)
 | 2.2868 4.0491 71.3296 0.5888959 CC(C)C(NC(=O)[C@@H]1C[C@@H](O)CN1C(=O)CNC(=O)c1ccc2cc(F)ccc2n1)c1ccccc1 1 COc1ccc([C@H](C)NC(=O)[C@@H]2C[C@@H](O)CN2C(=O)CNC(=O)c2ccc3cc(F)ccc3n2)c(Cl)c1 0.4695327 0.4695 0.7386033 -9.5300 1.0000000 1.0000 []
 | 2.2409 4.5815 73.8224 0.6125303 CC(NC(=O)[C@@H]1C[C@@H](O)CN1C(=O)CNC(=O)c1ccc2cc(F)ccc2n1)c1ccccc1 1 COc1ccc([C@H](C)NC(=O)[C@@H]2C[C@@H](O)CN2C(=O)CNC(=O)c2ccc3cc(F)ccc3n2)c(Cl)c1 0.5163857 0.5164 0.7265760 -9.4100 1.0000000 1.0000 []
 | 2.2282 3.0015 82.8714 0.6708822 CCC(=O)N(c1ccccc1)C1CCN(C(=O)CC(N)c2ccc(C)cc2)CC1 1 CCC(=O)N(c1ccccc1)C1CCN(C(=O)[C@@H](N)C2Cc3ccccc3C2)CC1 0.8112739 0.8113 0.5547854 -7.9300 1.0000000 1.0000 []
 | 2.2591 2.7466 81.7144 0.6598512 CCC(=O)N(c1ccccc1)C1CCN(C(=O)CC(N)c2ccc(Cl)cc2)CC1 1 CCC(=O)N(c1ccccc1)C1CCN(C(=O)[C@@H](N)C2Cc3ccccc3C2)CC1 0.7725207 0.7725 0.5636141 -8.0000 1.0000000 1.0000 []
 | 2.3997 2.1276 70.5869 0.5680822 CCC(=O)N(c1ccccc1)C1CCN(C(=O)CC(N)c2ccc(OC)cc2)CC1 1 CCC(=O)N(c1ccccc1)C1CCN(C(=O)[C@@H](N)C2Cc3ccccc3C2)CC1 0.7591665 0.7592 0.4250944 -6.9100 1.0000000 1.0000 []
 | 2.2147 2.8461 87.7874 0.7080740 CCC(=O)N(c1ccccc1)C1CCN(C(=O)[C@@H](N)C2Cc3ccccc3C2)CC1 1 CCC(=O)N(c1ccccc1)C1CCN(C(=O)[C@@H](N)C2Cc3ccccc3C2)CC1 0.8309294 0.8309 0.6033832 -8.3200 1.0000000 1.0000 []
 | 2.3808 3.1612 74.1218 0.6037733 CCC(=O)N(c1ccccc1)C1CCN(C(=O)[C@@H](N)Cc2c(C)cc(O)cc2C)CC1 1 CCC(=O)N(c1ccccc1)C1CCN(C(=O)[C@@H](N)C2Cc3ccccc3C2)CC1 0.7462649 0.7463 0.4884891 -7.4100 1.0000000 1.0000 []
 | 2.2857 2.9563 79.1808 0.6416967 CCC(=O)N(c1ccccc1)C1CCN(C(=O)[C@@H](N)Cc2ccc(O)cc2)CC1 1 CCC(=O)N(c1ccccc1)C1CCN(C(=O)[C@@H](N)C2Cc3ccccc3C2)CC1 0.7873175 0.7873 0.5230096 -7.6800 1.0000000 1.0000 []
 | 2.2748 3.3219 82.4704 0.6702530 CCC(=O)N(c1ccccc1)C1CCN(C(=O)[C@@H](N)Cc2csc3ccccc23)CC1 1 CCC(=O)N(c1ccccc1)C1CCN(C(=O)[C@@H](N)C2Cc3ccccc3C2)CC1 0.6308509 0.6309 0.7121161 -9.2700 1.0000000 1.0000 []
 | 2.4237 2.6294 72.2854 0.5852720 CCC(=O)N(c1ccccc1)C1CCN(C(=O)[C@@H](N)[C@@H](C)c2c(C)cc(O)cc2C)CC1 1 CCC(=O)N(c1ccccc1)C1CCN(C(=O)[C@@H](N)C2Cc3ccccc3C2)CC1 0.7181346 0.7181 0.4769904 -7.3200 1.0000000 1.0000 []
03:30:40 <INFO> Score: 0.44 Agent NLL: 2.57 Valid: 100% Step: 57
 | Agent Prior Target Score SMILES SMILES_state Input_SMILES QED QED (raw) maize maize (raw) Unwanted SMARTS Unwanted SMARTS (raw) matchting_patterns (Unwanted SMARTS)
 | 2.2629 4.0491 71.3296 0.5888959 CC(C)C(NC(=O)[C@@H]1C[C@@H](O)CN1C(=O)CNC(=O)c1ccc2cc(F)ccc2n1)c1ccccc1 1 COc1ccc([C@H](C)NC(=O)[C@@H]2C[C@@H](O)CN2C(=O)CNC(=O)c2ccc3cc(F)ccc3n2)c(Cl)c1 0.4695327 0.4695 0.7386033 -9.5300 1.0000000 1.0000 []
 | 2.2625 4.5815 73.8224 0.6125303 CC(NC(=O)[C@@H]1C[C@@H](O)CN1C(=O)CNC(=O)c1ccc2cc(F)ccc2n1)c1ccccc1 1 COc1ccc([C@H](C)NC(=O)[C@@H]2C[C@@H](O)CN2C(=O)CNC(=O)c2ccc3cc(F)ccc3n2)c(Cl)c1 0.5163857 0.5164 0.7265760 -9.4100 1.0000000 1.0000 []
 | 2.2712 3.0015 82.8714 0.6708822 CCC(=O)N(c1ccccc1)C1CCN(C(=O)CC(N)c2ccc(C)cc2)CC1 1 CCC(=O)N(c1ccccc1)C1CCN(C(=O)[C@@H](N)C2Cc3ccccc3C2)CC1 0.8112739 0.8113 0.5547854 -7.9300 1.0000000 1.0000 []
 | 2.3319 2.7466 81.7144 0.6598512 CCC(=O)N(c1ccccc1)C1CCN(C(=O)CC(N)c2ccc(Cl)cc2)CC1 1 CCC(=O)N(c1ccccc1)C1CCN(C(=O)[C@@H](N)C2Cc3ccccc3C2)CC1 0.7725207 0.7725 0.5636141 -8.0000 1.0000000 1.0000 []
 | 2.4505 2.1276 70.5869 0.5680822 CCC(=O)N(c1ccccc1)C1CCN(C(=O)CC(N)c2ccc(OC)cc2)CC1 1 CCC(=O)N(c1ccccc1)C1CCN(C(=O)[C@@H](N)C2Cc3ccccc3C2)CC1 0.7591665 0.7592 0.4250944 -6.9100 1.0000000 1.0000 []
 | 2.1841 2.8461 87.7874 0.7080740 CCC(=O)N(c1ccccc1)C1CCN(C(=O)[C@@H](N)C2Cc3ccccc3C2)CC1 1 CCC(=O)N(c1ccccc1)C1CCN(C(=O)[C@@H](N)C2Cc3ccccc3C2)CC1 0.8309294 0.8309 0.6033832 -8.3200 1.0000000 1.0000 []
 | 2.3486 3.1612 74.1218 0.6037733 CCC(=O)N(c1ccccc1)C1CCN(C(=O)[C@@H](N)Cc2c(C)cc(O)cc2C)CC1 1 CCC(=O)N(c1ccccc1)C1CCN(C(=O)[C@@H](N)C2Cc3ccccc3C2)CC1 0.7462649 0.7463 0.4884891 -7.4100 1.0000000 1.0000 []
 | 2.2863 2.9563 79.1808 0.6416967 CCC(=O)N(c1ccccc1)C1CCN(C(=O)[C@@H](N)Cc2ccc(O)cc2)CC1 1 CCC(=O)N(c1ccccc1)C1CCN(C(=O)[C@@H](N)C2Cc3ccccc3C2)CC1 0.7873175 0.7873 0.5230096 -7.6800 1.0000000 1.0000 []
 | 2.2448 3.3219 82.4704 0.6702530 CCC(=O)N(c1ccccc1)C1CCN(C(=O)[C@@H](N)Cc2csc3ccccc23)CC1 1 CCC(=O)N(c1ccccc1)C1CCN(C(=O)[C@@H](N)C2Cc3ccccc3C2)CC1 0.6308509 0.6309 0.7121161 -9.2700 1.0000000 1.0000 []
 | 2.3839 2.6294 72.2854 0.5852720 CCC(=O)N(c1ccccc1)C1CCN(C(=O)[C@@H](N)[C@@H](C)c2c(C)cc(O)cc2C)CC1 1 CCC(=O)N(c1ccccc1)C1CCN(C(=O)[C@@H](N)C2Cc3ccccc3C2)CC1 0.7181346 0.7181 0.4769904 -7.3200 1.0000000 1.0000 []
03:30:43 <INFO> Score: 0.44 Agent NLL: 2.57 Valid: 100% Step: 58
 | Agent Prior Target Score SMILES SMILES_state Input_SMILES QED QED (raw) maize maize (raw) Unwanted SMARTS Unwanted SMARTS (raw) matchting_patterns (Unwanted SMARTS)
 | 2.2567 4.0491 71.3296 0.5888959 CC(C)C(NC(=O)[C@@H]1C[C@@H](O)CN1C(=O)CNC(=O)c1ccc2cc(F)ccc2n1)c1ccccc1 1 COc1ccc([C@H](C)NC(=O)[C@@H]2C[C@@H](O)CN2C(=O)CNC(=O)c2ccc3cc(F)ccc3n2)c(Cl)c1 0.4695327 0.4695 0.7386033 -9.5300 1.0000000 1.0000 []
 | 2.2559 4.5815 73.8224 0.6125303 CC(NC(=O)[C@@H]1C[C@@H](O)CN1C(=O)CNC(=O)c1ccc2cc(F)ccc2n1)c1ccccc1 1 COc1ccc([C@H](C)NC(=O)[C@@H]2C[C@@H](O)CN2C(=O)CNC(=O)c2ccc3cc(F)ccc3n2)c(Cl)c1 0.5163857 0.5164 0.7265760 -9.4100 1.0000000 1.0000 []
 | 2.1880 3.0015 82.8714 0.6708822 CCC(=O)N(c1ccccc1)C1CCN(C(=O)CC(N)c2ccc(C)cc2)CC1 1 CCC(=O)N(c1ccccc1)C1CCN(C(=O)[C@@H](N)C2Cc3ccccc3C2)CC1 0.8112739 0.8113 0.5547854 -7.9300 1.0000000 1.0000 []
 | 2.2612 2.7466 81.7144 0.6598512 CCC(=O)N(c1ccccc1)C1CCN(C(=O)CC(N)c2ccc(Cl)cc2)CC1 1 CCC(=O)N(c1ccccc1)C1CCN(C(=O)[C@@H](N)C2Cc3ccccc3C2)CC1 0.7725207 0.7725 0.5636141 -8.0000 1.0000000 1.0000 []
 | 2.3705 2.1276 70.5869 0.5680822 CCC(=O)N(c1ccccc1)C1CCN(C(=O)CC(N)c2ccc(OC)cc2)CC1 1 CCC(=O)N(c1ccccc1)C1CCN(C(=O)[C@@H](N)C2Cc3ccccc3C2)CC1 0.7591665 0.7592 0.4250944 -6.9100 1.0000000 1.0000 []
 | 2.2091 2.8461 87.7874 0.7080740 CCC(=O)N(c1ccccc1)C1CCN(C(=O)[C@@H](N)C2Cc3ccccc3C2)CC1 1 CCC(=O)N(c1ccccc1)C1CCN(C(=O)[C@@H](N)C2Cc3ccccc3C2)CC1 0.8309294 0.8309 0.6033832 -8.3200 1.0000000 1.0000 []
 | 2.3722 3.1612 74.1218 0.6037733 CCC(=O)N(c1ccccc1)C1CCN(C(=O)[C@@H](N)Cc2c(C)cc(O)cc2C)CC1 1 CCC(=O)N(c1ccccc1)C1CCN(C(=O)[C@@H](N)C2Cc3ccccc3C2)CC1 0.7462649 0.7463 0.4884891 -7.4100 1.0000000 1.0000 []
 | 2.3437 2.9563 79.1808 0.6416967 CCC(=O)N(c1ccccc1)C1CCN(C(=O)[C@@H](N)Cc2ccc(O)cc2)CC1 1 CCC(=O)N(c1ccccc1)C1CCN(C(=O)[C@@H](N)C2Cc3ccccc3C2)CC1 0.7873175 0.7873 0.5230096 -7.6800 1.0000000 1.0000 []
 | 2.2639 3.3219 82.4704 0.6702530 CCC(=O)N(c1ccccc1)C1CCN(C(=O)[C@@H](N)Cc2csc3ccccc23)CC1 1 CCC(=O)N(c1ccccc1)C1CCN(C(=O)[C@@H](N)C2Cc3ccccc3C2)CC1 0.6308509 0.6309 0.7121161 -9.2700 1.0000000 1.0000 []
 | 2.4041 2.6294 72.2854 0.5852720 CCC(=O)N(c1ccccc1)C1CCN(C(=O)[C@@H](N)[C@@H](C)c2c(C)cc(O)cc2C)CC1 1 CCC(=O)N(c1ccccc1)C1CCN(C(=O)[C@@H](N)C2Cc3ccccc3C2)CC1 0.7181346 0.7181 0.4769904 -7.3200 1.0000000 1.0000 []
03:30:46 <INFO> Score: 0.44 Agent NLL: 2.58 Valid: 100% Step: 59
 | Agent Prior Target Score SMILES SMILES_state Input_SMILES QED QED (raw) maize maize (raw) Unwanted SMARTS Unwanted SMARTS (raw) matchting_patterns (Unwanted SMARTS)
 | 2.2714 4.0491 71.3296 0.5888959 CC(C)C(NC(=O)[C@@H]1C[C@@H](O)CN1C(=O)CNC(=O)c1ccc2cc(F)ccc2n1)c1ccccc1 1 COc1ccc([C@H](C)NC(=O)[C@@H]2C[C@@H](O)CN2C(=O)CNC(=O)c2ccc3cc(F)ccc3n2)c(Cl)c1 0.4695327 0.4695 0.7386033 -9.5300 1.0000000 1.0000 []
 | 2.2282 4.5815 73.8224 0.6125303 CC(NC(=O)[C@@H]1C[C@@H](O)CN1C(=O)CNC(=O)c1ccc2cc(F)ccc2n1)c1ccccc1 1 COc1ccc([C@H](C)NC(=O)[C@@H]2C[C@@H](O)CN2C(=O)CNC(=O)c2ccc3cc(F)ccc3n2)c(Cl)c1 0.5163857 0.5164 0.7265760 -9.4100 1.0000000 1.0000 []
 | 2.2567 3.0015 82.8714 0.6708822 CCC(=O)N(c1ccccc1)C1CCN(C(=O)CC(N)c2ccc(C)cc2)CC1 1 CCC(=O)N(c1ccccc1)C1CCN(C(=O)[C@@H](N)C2Cc3ccccc3C2)CC1 0.8112739 0.8113 0.5547854 -7.9300 1.0000000 1.0000 []
 | 2.3183 2.7466 81.7144 0.6598512 CCC(=O)N(c1ccccc1)C1CCN(C(=O)CC(N)c2ccc(Cl)cc2)CC1 1 CCC(=O)N(c1ccccc1)C1CCN(C(=O)[C@@H](N)C2Cc3ccccc3C2)CC1 0.7725207 0.7725 0.5636141 -8.0000 1.0000000 1.0000 []
 | 2.4207 2.1276 70.5869 0.5680822 CCC(=O)N(c1ccccc1)C1CCN(C(=O)CC(N)c2ccc(OC)cc2)CC1 1 CCC(=O)N(c1ccccc1)C1CCN(C(=O)[C@@H](N)C2Cc3ccccc3C2)CC1 0.7591665 0.7592 0.4250944 -6.9100 1.0000000 1.0000 []
 | 2.1922 2.8461 87.7874 0.7080740 CCC(=O)N(c1ccccc1)C1CCN(C(=O)[C@@H](N)C2Cc3ccccc3C2)CC1 1 CCC(=O)N(c1ccccc1)C1CCN(C(=O)[C@@H](N)C2Cc3ccccc3C2)CC1 0.8309294 0.8309 0.6033832 -8.3200 1.0000000 1.0000 []
 | 2.3437 3.1612 74.1218 0.6037733 CCC(=O)N(c1ccccc1)C1CCN(C(=O)[C@@H](N)Cc2c(C)cc(O)cc2C)CC1 1 CCC(=O)N(c1ccccc1)C1CCN(C(=O)[C@@H](N)C2Cc3ccccc3C2)CC1 0.7462649 0.7463 0.4884891 -7.4100 1.0000000 1.0000 []
 | 2.3015 2.9563 79.1808 0.6416967 CCC(=O)N(c1ccccc1)C1CCN(C(=O)[C@@H](N)Cc2ccc(O)cc2)CC1 1 CCC(=O)N(c1ccccc1)C1CCN(C(=O)[C@@H](N)C2Cc3ccccc3C2)CC1 0.7873175 0.7873 0.5230096 -7.6800 1.0000000 1.0000 []
 | 2.2463 3.3219 82.4704 0.6702530 CCC(=O)N(c1ccccc1)C1CCN(C(=O)[C@@H](N)Cc2csc3ccccc23)CC1 1 CCC(=O)N(c1ccccc1)C1CCN(C(=O)[C@@H](N)C2Cc3ccccc3C2)CC1 0.6308509 0.6309 0.7121161 -9.2700 1.0000000 1.0000 []
 | 2.3618 2.6294 72.2854 0.5852720 CCC(=O)N(c1ccccc1)C1CCN(C(=O)[C@@H](N)[C@@H](C)c2c(C)cc(O)cc2C)CC1 1 CCC(=O)N(c1ccccc1)C1CCN(C(=O)[C@@H](N)C2Cc3ccccc3C2)CC1 0.7181346 0.7181 0.4769904 -7.3200 1.0000000 1.0000 []
03:30:50 <INFO> Score: 0.44 Agent NLL: 2.59 Valid: 100% Step: 60
 | Agent Prior Target Score SMILES SMILES_state Input_SMILES QED QED (raw) maize maize (raw) Unwanted SMARTS Unwanted SMARTS (raw) matchting_patterns (Unwanted SMARTS)
 | 2.2832 4.0491 71.3296 0.5888959 CC(C)C(NC(=O)[C@@H]1C[C@@H](O)CN1C(=O)CNC(=O)c1ccc2cc(F)ccc2n1)c1ccccc1 1 COc1ccc([C@H](C)NC(=O)[C@@H]2C[C@@H](O)CN2C(=O)CNC(=O)c2ccc3cc(F)ccc3n2)c(Cl)c1 0.4695327 0.4695 0.7386033 -9.5300 1.0000000 1.0000 []
 | 2.2088 4.5815 73.8224 0.6125303 CC(NC(=O)[C@@H]1C[C@@H](O)CN1C(=O)CNC(=O)c1ccc2cc(F)ccc2n1)c1ccccc1 1 COc1ccc([C@H](C)NC(=O)[C@@H]2C[C@@H](O)CN2C(=O)CNC(=O)c2ccc3cc(F)ccc3n2)c(Cl)c1 0.5163857 0.5164 0.7265760 -9.4100 1.0000000 1.0000 []
 | 2.2562 3.0015 82.8714 0.6708822 CCC(=O)N(c1ccccc1)C1CCN(C(=O)CC(N)c2ccc(C)cc2)CC1 1 CCC(=O)N(c1ccccc1)C1CCN(C(=O)[C@@H](N)C2Cc3ccccc3C2)CC1 0.8112739 0.8113 0.5547854 -7.9300 1.0000000 1.0000 []
 | 2.2915 2.7466 81.7144 0.6598512 CCC(=O)N(c1ccccc1)C1CCN(C(=O)CC(N)c2ccc(Cl)cc2)CC1 1 CCC(=O)N(c1ccccc1)C1CCN(C(=O)[C@@H](N)C2Cc3ccccc3C2)CC1 0.7725207 0.7725 0.5636141 -8.0000 1.0000000 1.0000 []
 | 2.4071 2.1276 70.5869 0.5680822 CCC(=O)N(c1ccccc1)C1CCN(C(=O)CC(N)c2ccc(OC)cc2)CC1 1 CCC(=O)N(c1ccccc1)C1CCN(C(=O)[C@@H](N)C2Cc3ccccc3C2)CC1 0.7591665 0.7592 0.4250944 -6.9100 1.0000000 1.0000 []
 | 2.2081 2.8461 87.7874 0.7080740 CCC(=O)N(c1ccccc1)C1CCN(C(=O)[C@@H](N)C2Cc3ccccc3C2)CC1 1 CCC(=O)N(c1ccccc1)C1CCN(C(=O)[C@@H](N)C2Cc3ccccc3C2)CC1 0.8309294 0.8309 0.6033832 -8.3200 1.0000000 1.0000 []
 | 2.3606 3.1612 74.1218 0.6037733 CCC(=O)N(c1ccccc1)C1CCN(C(=O)[C@@H](N)Cc2c(C)cc(O)cc2C)CC1 1 CCC(=O)N(c1ccccc1)C1CCN(C(=O)[C@@H](N)C2Cc3ccccc3C2)CC1 0.7462649 0.7463 0.4884891 -7.4100 1.0000000 1.0000 []
 | 2.2760 2.9563 79.1808 0.6416967 CCC(=O)N(c1ccccc1)C1CCN(C(=O)[C@@H](N)Cc2ccc(O)cc2)CC1 1 CCC(=O)N(c1ccccc1)C1CCN(C(=O)[C@@H](N)C2Cc3ccccc3C2)CC1 0.7873175 0.7873 0.5230096 -7.6800 1.0000000 1.0000 []
 | 2.2629 3.3219 82.4704 0.6702530 CCC(=O)N(c1ccccc1)C1CCN(C(=O)[C@@H](N)Cc2csc3ccccc23)CC1 1 CCC(=O)N(c1ccccc1)C1CCN(C(=O)[C@@H](N)C2Cc3ccccc3C2)CC1 0.6308509 0.6309 0.7121161 -9.2700 1.0000000 1.0000 []
 | 2.3568 2.6294 72.2854 0.5852720 CCC(=O)N(c1ccccc1)C1CCN(C(=O)[C@@H](N)[C@@H](C)c2c(C)cc(O)cc2C)CC1 1 CCC(=O)N(c1ccccc1)C1CCN(C(=O)[C@@H](N)C2Cc3ccccc3C2)CC1 0.7181346 0.7181 0.4769904 -7.3200 1.0000000 1.0000 []
03:30:53 <INFO> Score: 0.44 Agent NLL: 2.58 Valid: 100% Step: 61
 | Agent Prior Target Score SMILES SMILES_state Input_SMILES QED QED (raw) maize maize (raw) Unwanted SMARTS Unwanted SMARTS (raw) matchting_patterns (Unwanted SMARTS)
 | 2.2771 4.0491 71.3296 0.5888959 CC(C)C(NC(=O)[C@@H]1C[C@@H](O)CN1C(=O)CNC(=O)c1ccc2cc(F)ccc2n1)c1ccccc1 1 COc1ccc([C@H](C)NC(=O)[C@@H]2C[C@@H](O)CN2C(=O)CNC(=O)c2ccc3cc(F)ccc3n2)c(Cl)c1 0.4695327 0.4695 0.7386033 -9.5300 1.0000000 1.0000 []
 | 2.2184 4.5815 73.8224 0.6125303 CC(NC(=O)[C@@H]1C[C@@H](O)CN1C(=O)CNC(=O)c1ccc2cc(F)ccc2n1)c1ccccc1 1 COc1ccc([C@H](C)NC(=O)[C@@H]2C[C@@H](O)CN2C(=O)CNC(=O)c2ccc3cc(F)ccc3n2)c(Cl)c1 0.5163857 0.5164 0.7265760 -9.4100 1.0000000 1.0000 []
 | 2.2271 3.0015 82.8714 0.6708822 CCC(=O)N(c1ccccc1)C1CCN(C(=O)CC(N)c2ccc(C)cc2)CC1 1 CCC(=O)N(c1ccccc1)C1CCN(C(=O)[C@@H](N)C2Cc3ccccc3C2)CC1 0.8112739 0.8113 0.5547854 -7.9300 1.0000000 1.0000 []
 | 2.2307 2.7466 81.7144 0.6598512 CCC(=O)N(c1ccccc1)C1CCN(C(=O)CC(N)c2ccc(Cl)cc2)CC1 1 CCC(=O)N(c1ccccc1)C1CCN(C(=O)[C@@H](N)C2Cc3ccccc3C2)CC1 0.7725207 0.7725 0.5636141 -8.0000 1.0000000 1.0000 []
 | 2.3755 2.1276 70.5869 0.5680822 CCC(=O)N(c1ccccc1)C1CCN(C(=O)CC(N)c2ccc(OC)cc2)CC1 1 CCC(=O)N(c1ccccc1)C1CCN(C(=O)[C@@H](N)C2Cc3ccccc3C2)CC1 0.7591665 0.7592 0.4250944 -6.9100 1.0000000 1.0000 []
 | 2.2204 2.8461 87.7874 0.7080740 CCC(=O)N(c1ccccc1)C1CCN(C(=O)[C@@H](N)C2Cc3ccccc3C2)CC1 1 CCC(=O)N(c1ccccc1)C1CCN(C(=O)[C@@H](N)C2Cc3ccccc3C2)CC1 0.8309294 0.8309 0.6033832 -8.3200 1.0000000 1.0000 []
 | 2.3911 3.1612 74.1218 0.6037733 CCC(=O)N(c1ccccc1)C1CCN(C(=O)[C@@H](N)Cc2c(C)cc(O)cc2C)CC1 1 CCC(=O)N(c1ccccc1)C1CCN(C(=O)[C@@H](N)C2Cc3ccccc3C2)CC1 0.7462649 0.7463 0.4884891 -7.4100 1.0000000 1.0000 []
 | 2.2945 2.9563 79.1808 0.6416967 CCC(=O)N(c1ccccc1)C1CCN(C(=O)[C@@H](N)Cc2ccc(O)cc2)CC1 1 CCC(=O)N(c1ccccc1)C1CCN(C(=O)[C@@H](N)C2Cc3ccccc3C2)CC1 0.7873175 0.7873 0.5230096 -7.6800 1.0000000 1.0000 []
 | 2.2798 3.3219 82.4704 0.6702530 CCC(=O)N(c1ccccc1)C1CCN(C(=O)[C@@H](N)Cc2csc3ccccc23)CC1 1 CCC(=O)N(c1ccccc1)C1CCN(C(=O)[C@@H](N)C2Cc3ccccc3C2)CC1 0.6308509 0.6309 0.7121161 -9.2700 1.0000000 1.0000 []
 | 2.3704 2.6294 72.2854 0.5852720 CCC(=O)N(c1ccccc1)C1CCN(C(=O)[C@@H](N)[C@@H](C)c2c(C)cc(O)cc2C)CC1 1 CCC(=O)N(c1ccccc1)C1CCN(C(=O)[C@@H](N)C2Cc3ccccc3C2)CC1 0.7181346 0.7181 0.4769904 -7.3200 1.0000000 1.0000 []
03:30:57 <INFO> Score: 0.44 Agent NLL: 2.58 Valid: 100% Step: 62
 | Agent Prior Target Score SMILES SMILES_state Input_SMILES QED QED (raw) maize maize (raw) Unwanted SMARTS Unwanted SMARTS (raw) matchting_patterns (Unwanted SMARTS)
 | 2.2623 4.0491 71.3296 0.5888959 CC(C)C(NC(=O)[C@@H]1C[C@@H](O)CN1C(=O)CNC(=O)c1ccc2cc(F)ccc2n1)c1ccccc1 1 COc1ccc([C@H](C)NC(=O)[C@@H]2C[C@@H](O)CN2C(=O)CNC(=O)c2ccc3cc(F)ccc3n2)c(Cl)c1 0.4695327 0.4695 0.7386033 -9.5300 1.0000000 1.0000 []
 | 2.2494 4.5815 73.8224 0.6125303 CC(NC(=O)[C@@H]1C[C@@H](O)CN1C(=O)CNC(=O)c1ccc2cc(F)ccc2n1)c1ccccc1 1 COc1ccc([C@H](C)NC(=O)[C@@H]2C[C@@H](O)CN2C(=O)CNC(=O)c2ccc3cc(F)ccc3n2)c(Cl)c1 0.5163857 0.5164 0.7265760 -9.4100 1.0000000 1.0000 []
 | 2.3114 3.0015 82.8714 0.6708822 CCC(=O)N(c1ccccc1)C1CCN(C(=O)CC(N)c2ccc(C)cc2)CC1 1 CCC(=O)N(c1ccccc1)C1CCN(C(=O)[C@@H](N)C2Cc3ccccc3C2)CC1 0.8112739 0.8113 0.5547854 -7.9300 1.0000000 1.0000 []
 | 2.2898 2.7466 81.7144 0.6598512 CCC(=O)N(c1ccccc1)C1CCN(C(=O)CC(N)c2ccc(Cl)cc2)CC1 1 CCC(=O)N(c1ccccc1)C1CCN(C(=O)[C@@H](N)C2Cc3ccccc3C2)CC1 0.7725207 0.7725 0.5636141 -8.0000 1.0000000 1.0000 []
 | 2.4566 2.1276 70.5869 0.5680822 CCC(=O)N(c1ccccc1)C1CCN(C(=O)CC(N)c2ccc(OC)cc2)CC1 1 CCC(=O)N(c1ccccc1)C1CCN(C(=O)[C@@H](N)C2Cc3ccccc3C2)CC1 0.7591665 0.7592 0.4250944 -6.9100 1.0000000 1.0000 []
 | 2.1773 2.8461 87.7874 0.7080740 CCC(=O)N(c1ccccc1)C1CCN(C(=O)[C@@H](N)C2Cc3ccccc3C2)CC1 1 CCC(=O)N(c1ccccc1)C1CCN(C(=O)[C@@H](N)C2Cc3ccccc3C2)CC1 0.8309294 0.8309 0.6033832 -8.3200 1.0000000 1.0000 []
 | 2.3517 3.1612 74.1218 0.6037733 CCC(=O)N(c1ccccc1)C1CCN(C(=O)[C@@H](N)Cc2c(C)cc(O)cc2C)CC1 1 CCC(=O)N(c1ccccc1)C1CCN(C(=O)[C@@H](N)C2Cc3ccccc3C2)CC1 0.7462649 0.7463 0.4884891 -7.4100 1.0000000 1.0000 []
 | 2.2938 2.9563 79.1808 0.6416967 CCC(=O)N(c1ccccc1)C1CCN(C(=O)[C@@H](N)Cc2ccc(O)cc2)CC1 1 CCC(=O)N(c1ccccc1)C1CCN(C(=O)[C@@H](N)C2Cc3ccccc3C2)CC1 0.7873175 0.7873 0.5230096 -7.6800 1.0000000 1.0000 []
 | 2.2463 3.3219 82.4704 0.6702530 CCC(=O)N(c1ccccc1)C1CCN(C(=O)[C@@H](N)Cc2csc3ccccc23)CC1 1 CCC(=O)N(c1ccccc1)C1CCN(C(=O)[C@@H](N)C2Cc3ccccc3C2)CC1 0.6308509 0.6309 0.7121161 -9.2700 1.0000000 1.0000 []
 | 2.3378 2.6294 72.2854 0.5852720 CCC(=O)N(c1ccccc1)C1CCN(C(=O)[C@@H](N)[C@@H](C)c2c(C)cc(O)cc2C)CC1 1 CCC(=O)N(c1ccccc1)C1CCN(C(=O)[C@@H](N)C2Cc3ccccc3C2)CC1 0.7181346 0.7181 0.4769904 -7.3200 1.0000000 1.0000 []
03:31:00 <INFO> Score: 0.44 Agent NLL: 2.58 Valid: 100% Step: 63
 | Agent Prior Target Score SMILES SMILES_state Input_SMILES QED QED (raw) maize maize (raw) Unwanted SMARTS Unwanted SMARTS (raw) matchting_patterns (Unwanted SMARTS)
 | 2.2592 4.0491 71.3296 0.5888959 CC(C)C(NC(=O)[C@@H]1C[C@@H](O)CN1C(=O)CNC(=O)c1ccc2cc(F)ccc2n1)c1ccccc1 1 COc1ccc([C@H](C)NC(=O)[C@@H]2C[C@@H](O)CN2C(=O)CNC(=O)c2ccc3cc(F)ccc3n2)c(Cl)c1 0.4695327 0.4695 0.7386033 -9.5300 1.0000000 1.0000 []
 | 2.2662 4.5815 73.8224 0.6125303 CC(NC(=O)[C@@H]1C[C@@H](O)CN1C(=O)CNC(=O)c1ccc2cc(F)ccc2n1)c1ccccc1 1 COc1ccc([C@H](C)NC(=O)[C@@H]2C[C@@H](O)CN2C(=O)CNC(=O)c2ccc3cc(F)ccc3n2)c(Cl)c1 0.5163857 0.5164 0.7265760 -9.4100 1.0000000 1.0000 []
 | 2.2391 3.0015 82.8714 0.6708822 CCC(=O)N(c1ccccc1)C1CCN(C(=O)CC(N)c2ccc(C)cc2)CC1 1 CCC(=O)N(c1ccccc1)C1CCN(C(=O)[C@@H](N)C2Cc3ccccc3C2)CC1 0.8112739 0.8113 0.5547854 -7.9300 1.0000000 1.0000 []
 | 2.2077 2.7466 81.7144 0.6598512 CCC(=O)N(c1ccccc1)C1CCN(C(=O)CC(N)c2ccc(Cl)cc2)CC1 1 CCC(=O)N(c1ccccc1)C1CCN(C(=O)[C@@H](N)C2Cc3ccccc3C2)CC1 0.7725207 0.7725 0.5636141 -8.0000 1.0000000 1.0000 []
 | 2.3893 2.1276 70.5869 0.5680822 CCC(=O)N(c1ccccc1)C1CCN(C(=O)CC(N)c2ccc(OC)cc2)CC1 1 CCC(=O)N(c1ccccc1)C1CCN(C(=O)[C@@H](N)C2Cc3ccccc3C2)CC1 0.7591665 0.7592 0.4250944 -6.9100 1.0000000 1.0000 []
 | 2.2085 2.8461 87.7874 0.7080740 CCC(=O)N(c1ccccc1)C1CCN(C(=O)[C@@H](N)C2Cc3ccccc3C2)CC1 1 CCC(=O)N(c1ccccc1)C1CCN(C(=O)[C@@H](N)C2Cc3ccccc3C2)CC1 0.8309294 0.8309 0.6033832 -8.3200 1.0000000 1.0000 []
 | 2.3689 3.1612 74.1218 0.6037733 CCC(=O)N(c1ccccc1)C1CCN(C(=O)[C@@H](N)Cc2c(C)cc(O)cc2C)CC1 1 CCC(=O)N(c1ccccc1)C1CCN(C(=O)[C@@H](N)C2Cc3ccccc3C2)CC1 0.7462649 0.7463 0.4884891 -7.4100 1.0000000 1.0000 []
 | 2.3434 2.9563 79.1808 0.6416967 CCC(=O)N(c1ccccc1)C1CCN(C(=O)[C@@H](N)Cc2ccc(O)cc2)CC1 1 CCC(=O)N(c1ccccc1)C1CCN(C(=O)[C@@H](N)C2Cc3ccccc3C2)CC1 0.7873175 0.7873 0.5230096 -7.6800 1.0000000 1.0000 []
 | 2.2681 3.3219 82.4704 0.6702530 CCC(=O)N(c1ccccc1)C1CCN(C(=O)[C@@H](N)Cc2csc3ccccc23)CC1 1 CCC(=O)N(c1ccccc1)C1CCN(C(=O)[C@@H](N)C2Cc3ccccc3C2)CC1 0.6308509 0.6309 0.7121161 -9.2700 1.0000000 1.0000 []
 | 2.3830 2.6294 72.2854 0.5852720 CCC(=O)N(c1ccccc1)C1CCN(C(=O)[C@@H](N)[C@@H](C)c2c(C)cc(O)cc2C)CC1 1 CCC(=O)N(c1ccccc1)C1CCN(C(=O)[C@@H](N)C2Cc3ccccc3C2)CC1 0.7181346 0.7181 0.4769904 -7.3200 1.0000000 1.0000 []
03:31:04 <INFO> Score: 0.44 Agent NLL: 2.58 Valid: 100% Step: 64
 | Agent Prior Target Score SMILES SMILES_state Input_SMILES QED QED (raw) maize maize (raw) Unwanted SMARTS Unwanted SMARTS (raw) matchting_patterns (Unwanted SMARTS)
 | 2.2796 4.0491 71.3296 0.5888959 CC(C)C(NC(=O)[C@@H]1C[C@@H](O)CN1C(=O)CNC(=O)c1ccc2cc(F)ccc2n1)c1ccccc1 1 COc1ccc([C@H](C)NC(=O)[C@@H]2C[C@@H](O)CN2C(=O)CNC(=O)c2ccc3cc(F)ccc3n2)c(Cl)c1 0.4695327 0.4695 0.7386033 -9.5300 1.0000000 1.0000 []
 | 2.2571 4.5815 73.8224 0.6125303 CC(NC(=O)[C@@H]1C[C@@H](O)CN1C(=O)CNC(=O)c1ccc2cc(F)ccc2n1)c1ccccc1 1 COc1ccc([C@H](C)NC(=O)[C@@H]2C[C@@H](O)CN2C(=O)CNC(=O)c2ccc3cc(F)ccc3n2)c(Cl)c1 0.5163857 0.5164 0.7265760 -9.4100 1.0000000 1.0000 []
 | 2.2855 3.0015 82.8714 0.6708822 CCC(=O)N(c1ccccc1)C1CCN(C(=O)CC(N)c2ccc(C)cc2)CC1 1 CCC(=O)N(c1ccccc1)C1CCN(C(=O)[C@@H](N)C2Cc3ccccc3C2)CC1 0.8112739 0.8113 0.5547854 -7.9300 1.0000000 1.0000 []
 | 2.2581 2.7466 81.7144 0.6598512 CCC(=O)N(c1ccccc1)C1CCN(C(=O)CC(N)c2ccc(Cl)cc2)CC1 1 CCC(=O)N(c1ccccc1)C1CCN(C(=O)[C@@H](N)C2Cc3ccccc3C2)CC1 0.7725207 0.7725 0.5636141 -8.0000 1.0000000 1.0000 []
 | 2.4264 2.1276 70.5869 0.5680822 CCC(=O)N(c1ccccc1)C1CCN(C(=O)CC(N)c2ccc(OC)cc2)CC1 1 CCC(=O)N(c1ccccc1)C1CCN(C(=O)[C@@H](N)C2Cc3ccccc3C2)CC1 0.7591665 0.7592 0.4250944 -6.9100 1.0000000 1.0000 []
 | 2.2009 2.8461 87.7874 0.7080740 CCC(=O)N(c1ccccc1)C1CCN(C(=O)[C@@H](N)C2Cc3ccccc3C2)CC1 1 CCC(=O)N(c1ccccc1)C1CCN(C(=O)[C@@H](N)C2Cc3ccccc3C2)CC1 0.8309294 0.8309 0.6033832 -8.3200 1.0000000 1.0000 []
 | 2.3481 3.1612 74.1218 0.6037733 CCC(=O)N(c1ccccc1)C1CCN(C(=O)[C@@H](N)Cc2c(C)cc(O)cc2C)CC1 1 CCC(=O)N(c1ccccc1)C1CCN(C(=O)[C@@H](N)C2Cc3ccccc3C2)CC1 0.7462649 0.7463 0.4884891 -7.4100 1.0000000 1.0000 []
 | 2.2987 2.9563 79.1808 0.6416967 CCC(=O)N(c1ccccc1)C1CCN(C(=O)[C@@H](N)Cc2ccc(O)cc2)CC1 1 CCC(=O)N(c1ccccc1)C1CCN(C(=O)[C@@H](N)C2Cc3ccccc3C2)CC1 0.7873175 0.7873 0.5230096 -7.6800 1.0000000 1.0000 []
 | 2.2531 3.3219 82.4704 0.6702530 CCC(=O)N(c1ccccc1)C1CCN(C(=O)[C@@H](N)Cc2csc3ccccc23)CC1 1 CCC(=O)N(c1ccccc1)C1CCN(C(=O)[C@@H](N)C2Cc3ccccc3C2)CC1 0.6308509 0.6309 0.7121161 -9.2700 1.0000000 1.0000 []
 | 2.3781 2.6294 72.2854 0.5852720 CCC(=O)N(c1ccccc1)C1CCN(C(=O)[C@@H](N)[C@@H](C)c2c(C)cc(O)cc2C)CC1 1 CCC(=O)N(c1ccccc1)C1CCN(C(=O)[C@@H](N)C2Cc3ccccc3C2)CC1 0.7181346 0.7181 0.4769904 -7.3200 1.0000000 1.0000 []
03:31:07 <INFO> Score: 0.44 Agent NLL: 2.58 Valid: 100% Step: 65
 | Agent Prior Target Score SMILES SMILES_state Input_SMILES QED QED (raw) maize maize (raw) Unwanted SMARTS Unwanted SMARTS (raw) matchting_patterns (Unwanted SMARTS)
 | 2.3030 4.0491 71.3296 0.5888959 CC(C)C(NC(=O)[C@@H]1C[C@@H](O)CN1C(=O)CNC(=O)c1ccc2cc(F)ccc2n1)c1ccccc1 1 COc1ccc([C@H](C)NC(=O)[C@@H]2C[C@@H](O)CN2C(=O)CNC(=O)c2ccc3cc(F)ccc3n2)c(Cl)c1 0.4695327 0.4695 0.7386033 -9.5300 1.0000000 1.0000 []
 | 2.2437 4.5815 73.8224 0.6125303 CC(NC(=O)[C@@H]1C[C@@H](O)CN1C(=O)CNC(=O)c1ccc2cc(F)ccc2n1)c1ccccc1 1 COc1ccc([C@H](C)NC(=O)[C@@H]2C[C@@H](O)CN2C(=O)CNC(=O)c2ccc3cc(F)ccc3n2)c(Cl)c1 0.5163857 0.5164 0.7265760 -9.4100 1.0000000 1.0000 []
 | 2.2811 3.0015 82.8714 0.6708822 CCC(=O)N(c1ccccc1)C1CCN(C(=O)CC(N)c2ccc(C)cc2)CC1 1 CCC(=O)N(c1ccccc1)C1CCN(C(=O)[C@@H](N)C2Cc3ccccc3C2)CC1 0.8112739 0.8113 0.5547854 -7.9300 1.0000000 1.0000 []
 | 2.2715 2.7466 81.7144 0.6598512 CCC(=O)N(c1ccccc1)C1CCN(C(=O)CC(N)c2ccc(Cl)cc2)CC1 1 CCC(=O)N(c1ccccc1)C1CCN(C(=O)[C@@H](N)C2Cc3ccccc3C2)CC1 0.7725207 0.7725 0.5636141 -8.0000 1.0000000 1.0000 []
 | 2.4187 2.1276 70.5869 0.5680822 CCC(=O)N(c1ccccc1)C1CCN(C(=O)CC(N)c2ccc(OC)cc2)CC1 1 CCC(=O)N(c1ccccc1)C1CCN(C(=O)[C@@H](N)C2Cc3ccccc3C2)CC1 0.7591665 0.7592 0.4250944 -6.9100 1.0000000 1.0000 []
 | 2.2026 2.8461 87.7874 0.7080740 CCC(=O)N(c1ccccc1)C1CCN(C(=O)[C@@H](N)C2Cc3ccccc3C2)CC1 1 CCC(=O)N(c1ccccc1)C1CCN(C(=O)[C@@H](N)C2Cc3ccccc3C2)CC1 0.8309294 0.8309 0.6033832 -8.3200 1.0000000 1.0000 []
 | 2.3598 3.1612 74.1218 0.6037733 CCC(=O)N(c1ccccc1)C1CCN(C(=O)[C@@H](N)Cc2c(C)cc(O)cc2C)CC1 1 CCC(=O)N(c1ccccc1)C1CCN(C(=O)[C@@H](N)C2Cc3ccccc3C2)CC1 0.7462649 0.7463 0.4884891 -7.4100 1.0000000 1.0000 []
 | 2.2716 2.9563 79.1808 0.6416967 CCC(=O)N(c1ccccc1)C1CCN(C(=O)[C@@H](N)Cc2ccc(O)cc2)CC1 1 CCC(=O)N(c1ccccc1)C1CCN(C(=O)[C@@H](N)C2Cc3ccccc3C2)CC1 0.7873175 0.7873 0.5230096 -7.6800 1.0000000 1.0000 []
 | 2.2550 3.3219 82.4704 0.6702530 CCC(=O)N(c1ccccc1)C1CCN(C(=O)[C@@H](N)Cc2csc3ccccc23)CC1 1 CCC(=O)N(c1ccccc1)C1CCN(C(=O)[C@@H](N)C2Cc3ccccc3C2)CC1 0.6308509 0.6309 0.7121161 -9.2700 1.0000000 1.0000 []
 | 2.3921 2.6294 72.2854 0.5852720 CCC(=O)N(c1ccccc1)C1CCN(C(=O)[C@@H](N)[C@@H](C)c2c(C)cc(O)cc2C)CC1 1 CCC(=O)N(c1ccccc1)C1CCN(C(=O)[C@@H](N)C2Cc3ccccc3C2)CC1 0.7181346 0.7181 0.4769904 -7.3200 1.0000000 1.0000 []
03:31:10 <INFO> Score: 0.44 Agent NLL: 2.57 Valid: 100% Step: 66
 | Agent Prior Target Score SMILES SMILES_state Input_SMILES QED QED (raw) maize maize (raw) Unwanted SMARTS Unwanted SMARTS (raw) matchting_patterns (Unwanted SMARTS)
 | 2.3107 4.0491 71.3296 0.5888959 CC(C)C(NC(=O)[C@@H]1C[C@@H](O)CN1C(=O)CNC(=O)c1ccc2cc(F)ccc2n1)c1ccccc1 1 COc1ccc([C@H](C)NC(=O)[C@@H]2C[C@@H](O)CN2C(=O)CNC(=O)c2ccc3cc(F)ccc3n2)c(Cl)c1 0.4695327 0.4695 0.7386033 -9.5300 1.0000000 1.0000 []
 | 2.2471 4.5815 73.8224 0.6125303 CC(NC(=O)[C@@H]1C[C@@H](O)CN1C(=O)CNC(=O)c1ccc2cc(F)ccc2n1)c1ccccc1 1 COc1ccc([C@H](C)NC(=O)[C@@H]2C[C@@H](O)CN2C(=O)CNC(=O)c2ccc3cc(F)ccc3n2)c(Cl)c1 0.5163857 0.5164 0.7265760 -9.4100 1.0000000 1.0000 []
 | 2.2265 3.0015 82.8714 0.6708822 CCC(=O)N(c1ccccc1)C1CCN(C(=O)CC(N)c2ccc(C)cc2)CC1 1 CCC(=O)N(c1ccccc1)C1CCN(C(=O)[C@@H](N)C2Cc3ccccc3C2)CC1 0.8112739 0.8113 0.5547854 -7.9300 1.0000000 1.0000 []
 | 2.2412 2.7466 81.7144 0.6598512 CCC(=O)N(c1ccccc1)C1CCN(C(=O)CC(N)c2ccc(Cl)cc2)CC1 1 CCC(=O)N(c1ccccc1)C1CCN(C(=O)[C@@H](N)C2Cc3ccccc3C2)CC1 0.7725207 0.7725 0.5636141 -8.0000 1.0000000 1.0000 []
 | 2.3730 2.1276 70.5869 0.5680822 CCC(=O)N(c1ccccc1)C1CCN(C(=O)CC(N)c2ccc(OC)cc2)CC1 1 CCC(=O)N(c1ccccc1)C1CCN(C(=O)[C@@H](N)C2Cc3ccccc3C2)CC1 0.7591665 0.7592 0.4250944 -6.9100 1.0000000 1.0000 []
 | 2.2075 2.8461 87.7874 0.7080740 CCC(=O)N(c1ccccc1)C1CCN(C(=O)[C@@H](N)C2Cc3ccccc3C2)CC1 1 CCC(=O)N(c1ccccc1)C1CCN(C(=O)[C@@H](N)C2Cc3ccccc3C2)CC1 0.8309294 0.8309 0.6033832 -8.3200 1.0000000 1.0000 []
 | 2.3829 3.1612 74.1218 0.6037733 CCC(=O)N(c1ccccc1)C1CCN(C(=O)[C@@H](N)Cc2c(C)cc(O)cc2C)CC1 1 CCC(=O)N(c1ccccc1)C1CCN(C(=O)[C@@H](N)C2Cc3ccccc3C2)CC1 0.7462649 0.7463 0.4884891 -7.4100 1.0000000 1.0000 []
 | 2.2981 2.9563 79.1808 0.6416967 CCC(=O)N(c1ccccc1)C1CCN(C(=O)[C@@H](N)Cc2ccc(O)cc2)CC1 1 CCC(=O)N(c1ccccc1)C1CCN(C(=O)[C@@H](N)C2Cc3ccccc3C2)CC1 0.7873175 0.7873 0.5230096 -7.6800 1.0000000 1.0000 []
 | 2.2708 3.3219 82.4704 0.6702530 CCC(=O)N(c1ccccc1)C1CCN(C(=O)[C@@H](N)Cc2csc3ccccc23)CC1 1 CCC(=O)N(c1ccccc1)C1CCN(C(=O)[C@@H](N)C2Cc3ccccc3C2)CC1 0.6308509 0.6309 0.7121161 -9.2700 1.0000000 1.0000 []
 | 2.4203 2.6294 72.2854 0.5852720 CCC(=O)N(c1ccccc1)C1CCN(C(=O)[C@@H](N)[C@@H](C)c2c(C)cc(O)cc2C)CC1 1 CCC(=O)N(c1ccccc1)C1CCN(C(=O)[C@@H](N)C2Cc3ccccc3C2)CC1 0.7181346 0.7181 0.4769904 -7.3200 1.0000000 1.0000 []
03:31:14 <INFO> Score: 0.44 Agent NLL: 2.58 Valid: 100% Step: 67
 | Agent Prior Target Score SMILES SMILES_state Input_SMILES QED QED (raw) maize maize (raw) Unwanted SMARTS Unwanted SMARTS (raw) matchting_patterns (Unwanted SMARTS)
 | 2.3019 4.0491 71.3296 0.5888959 CC(C)C(NC(=O)[C@@H]1C[C@@H](O)CN1C(=O)CNC(=O)c1ccc2cc(F)ccc2n1)c1ccccc1 1 COc1ccc([C@H](C)NC(=O)[C@@H]2C[C@@H](O)CN2C(=O)CNC(=O)c2ccc3cc(F)ccc3n2)c(Cl)c1 0.4695327 0.4695 0.7386033 -9.5300 1.0000000 1.0000 []
 | 2.2650 4.5815 73.8224 0.6125303 CC(NC(=O)[C@@H]1C[C@@H](O)CN1C(=O)CNC(=O)c1ccc2cc(F)ccc2n1)c1ccccc1 1 COc1ccc([C@H](C)NC(=O)[C@@H]2C[C@@H](O)CN2C(=O)CNC(=O)c2ccc3cc(F)ccc3n2)c(Cl)c1 0.5163857 0.5164 0.7265760 -9.4100 1.0000000 1.0000 []
 | 2.2857 3.0015 82.8714 0.6708822 CCC(=O)N(c1ccccc1)C1CCN(C(=O)CC(N)c2ccc(C)cc2)CC1 1 CCC(=O)N(c1ccccc1)C1CCN(C(=O)[C@@H](N)C2Cc3ccccc3C2)CC1 0.8112739 0.8113 0.5547854 -7.9300 1.0000000 1.0000 []
 | 2.3220 2.7466 81.7144 0.6598512 CCC(=O)N(c1ccccc1)C1CCN(C(=O)CC(N)c2ccc(Cl)cc2)CC1 1 CCC(=O)N(c1ccccc1)C1CCN(C(=O)[C@@H](N)C2Cc3ccccc3C2)CC1 0.7725207 0.7725 0.5636141 -8.0000 1.0000000 1.0000 []
 | 2.4423 2.1276 70.5869 0.5680822 CCC(=O)N(c1ccccc1)C1CCN(C(=O)CC(N)c2ccc(OC)cc2)CC1 1 CCC(=O)N(c1ccccc1)C1CCN(C(=O)[C@@H](N)C2Cc3ccccc3C2)CC1 0.7591665 0.7592 0.4250944 -6.9100 1.0000000 1.0000 []
 | 2.1696 2.8461 87.7874 0.7080740 CCC(=O)N(c1ccccc1)C1CCN(C(=O)[C@@H](N)C2Cc3ccccc3C2)CC1 1 CCC(=O)N(c1ccccc1)C1CCN(C(=O)[C@@H](N)C2Cc3ccccc3C2)CC1 0.8309294 0.8309 0.6033832 -8.3200 1.0000000 1.0000 []
 | 2.3413 3.1612 74.1218 0.6037733 CCC(=O)N(c1ccccc1)C1CCN(C(=O)[C@@H](N)Cc2c(C)cc(O)cc2C)CC1 1 CCC(=O)N(c1ccccc1)C1CCN(C(=O)[C@@H](N)C2Cc3ccccc3C2)CC1 0.7462649 0.7463 0.4884891 -7.4100 1.0000000 1.0000 []
 | 2.2913 2.9563 79.1808 0.6416967 CCC(=O)N(c1ccccc1)C1CCN(C(=O)[C@@H](N)Cc2ccc(O)cc2)CC1 1 CCC(=O)N(c1ccccc1)C1CCN(C(=O)[C@@H](N)C2Cc3ccccc3C2)CC1 0.7873175 0.7873 0.5230096 -7.6800 1.0000000 1.0000 []
 | 2.2449 3.3219 82.4704 0.6702530 CCC(=O)N(c1ccccc1)C1CCN(C(=O)[C@@H](N)Cc2csc3ccccc23)CC1 1 CCC(=O)N(c1ccccc1)C1CCN(C(=O)[C@@H](N)C2Cc3ccccc3C2)CC1 0.6308509 0.6309 0.7121161 -9.2700 1.0000000 1.0000 []
 | 2.3892 2.6294 72.2854 0.5852720 CCC(=O)N(c1ccccc1)C1CCN(C(=O)[C@@H](N)[C@@H](C)c2c(C)cc(O)cc2C)CC1 1 CCC(=O)N(c1ccccc1)C1CCN(C(=O)[C@@H](N)C2Cc3ccccc3C2)CC1 0.7181346 0.7181 0.4769904 -7.3200 1.0000000 1.0000 []
03:31:17 <INFO> Score: 0.44 Agent NLL: 2.58 Valid: 100% Step: 68
 | Agent Prior Target Score SMILES SMILES_state Input_SMILES QED QED (raw) maize maize (raw) Unwanted SMARTS Unwanted SMARTS (raw) matchting_patterns (Unwanted SMARTS)
 | 2.2923 4.0491 71.3296 0.5888959 CC(C)C(NC(=O)[C@@H]1C[C@@H](O)CN1C(=O)CNC(=O)c1ccc2cc(F)ccc2n1)c1ccccc1 1 COc1ccc([C@H](C)NC(=O)[C@@H]2C[C@@H](O)CN2C(=O)CNC(=O)c2ccc3cc(F)ccc3n2)c(Cl)c1 0.4695327 0.4695 0.7386033 -9.5300 1.0000000 1.0000 []
 | 2.2720 4.5815 73.8224 0.6125303 CC(NC(=O)[C@@H]1C[C@@H](O)CN1C(=O)CNC(=O)c1ccc2cc(F)ccc2n1)c1ccccc1 1 COc1ccc([C@H](C)NC(=O)[C@@H]2C[C@@H](O)CN2C(=O)CNC(=O)c2ccc3cc(F)ccc3n2)c(Cl)c1 0.5163857 0.5164 0.7265760 -9.4100 1.0000000 1.0000 []
 | 2.2021 3.0015 82.8714 0.6708822 CCC(=O)N(c1ccccc1)C1CCN(C(=O)CC(N)c2ccc(C)cc2)CC1 1 CCC(=O)N(c1ccccc1)C1CCN(C(=O)[C@@H](N)C2Cc3ccccc3C2)CC1 0.8112739 0.8113 0.5547854 -7.9300 1.0000000 1.0000 []
 | 2.2513 2.7466 81.7144 0.6598512 CCC(=O)N(c1ccccc1)C1CCN(C(=O)CC(N)c2ccc(Cl)cc2)CC1 1 CCC(=O)N(c1ccccc1)C1CCN(C(=O)[C@@H](N)C2Cc3ccccc3C2)CC1 0.7725207 0.7725 0.5636141 -8.0000 1.0000000 1.0000 []
 | 2.3800 2.1276 70.5869 0.5680822 CCC(=O)N(c1ccccc1)C1CCN(C(=O)CC(N)c2ccc(OC)cc2)CC1 1 CCC(=O)N(c1ccccc1)C1CCN(C(=O)[C@@H](N)C2Cc3ccccc3C2)CC1 0.7591665 0.7592 0.4250944 -6.9100 1.0000000 1.0000 []
 | 2.2083 2.8461 87.7874 0.7080740 CCC(=O)N(c1ccccc1)C1CCN(C(=O)[C@@H](N)C2Cc3ccccc3C2)CC1 1 CCC(=O)N(c1ccccc1)C1CCN(C(=O)[C@@H](N)C2Cc3ccccc3C2)CC1 0.8309294 0.8309 0.6033832 -8.3200 1.0000000 1.0000 []
 | 2.3687 3.1612 74.1218 0.6037733 CCC(=O)N(c1ccccc1)C1CCN(C(=O)[C@@H](N)Cc2c(C)cc(O)cc2C)CC1 1 CCC(=O)N(c1ccccc1)C1CCN(C(=O)[C@@H](N)C2Cc3ccccc3C2)CC1 0.7462649 0.7463 0.4884891 -7.4100 1.0000000 1.0000 []
 | 2.3287 2.9563 79.1808 0.6416967 CCC(=O)N(c1ccccc1)C1CCN(C(=O)[C@@H](N)Cc2ccc(O)cc2)CC1 1 CCC(=O)N(c1ccccc1)C1CCN(C(=O)[C@@H](N)C2Cc3ccccc3C2)CC1 0.7873175 0.7873 0.5230096 -7.6800 1.0000000 1.0000 []
 | 2.2644 3.3219 82.4704 0.6702530 CCC(=O)N(c1ccccc1)C1CCN(C(=O)[C@@H](N)Cc2csc3ccccc23)CC1 1 CCC(=O)N(c1ccccc1)C1CCN(C(=O)[C@@H](N)C2Cc3ccccc3C2)CC1 0.6308509 0.6309 0.7121161 -9.2700 1.0000000 1.0000 []
 | 2.4196 2.6294 72.2854 0.5852720 CCC(=O)N(c1ccccc1)C1CCN(C(=O)[C@@H](N)[C@@H](C)c2c(C)cc(O)cc2C)CC1 1 CCC(=O)N(c1ccccc1)C1CCN(C(=O)[C@@H](N)C2Cc3ccccc3C2)CC1 0.7181346 0.7181 0.4769904 -7.3200 1.0000000 1.0000 []
03:31:21 <INFO> Score: 0.44 Agent NLL: 2.57 Valid: 100% Step: 69
 | Agent Prior Target Score SMILES SMILES_state Input_SMILES QED QED (raw) maize maize (raw) Unwanted SMARTS Unwanted SMARTS (raw) matchting_patterns (Unwanted SMARTS)
 | 2.2902 4.0491 71.3296 0.5888959 CC(C)C(NC(=O)[C@@H]1C[C@@H](O)CN1C(=O)CNC(=O)c1ccc2cc(F)ccc2n1)c1ccccc1 1 COc1ccc([C@H](C)NC(=O)[C@@H]2C[C@@H](O)CN2C(=O)CNC(=O)c2ccc3cc(F)ccc3n2)c(Cl)c1 0.4695327 0.4695 0.7386033 -9.5300 1.0000000 1.0000 []
 | 2.2645 4.5815 73.8224 0.6125303 CC(NC(=O)[C@@H]1C[C@@H](O)CN1C(=O)CNC(=O)c1ccc2cc(F)ccc2n1)c1ccccc1 1 COc1ccc([C@H](C)NC(=O)[C@@H]2C[C@@H](O)CN2C(=O)CNC(=O)c2ccc3cc(F)ccc3n2)c(Cl)c1 0.5163857 0.5164 0.7265760 -9.4100 1.0000000 1.0000 []
 | 2.2554 3.0015 82.8714 0.6708822 CCC(=O)N(c1ccccc1)C1CCN(C(=O)CC(N)c2ccc(C)cc2)CC1 1 CCC(=O)N(c1ccccc1)C1CCN(C(=O)[C@@H](N)C2Cc3ccccc3C2)CC1 0.8112739 0.8113 0.5547854 -7.9300 1.0000000 1.0000 []
 | 2.3025 2.7466 81.7144 0.6598512 CCC(=O)N(c1ccccc1)C1CCN(C(=O)CC(N)c2ccc(Cl)cc2)CC1 1 CCC(=O)N(c1ccccc1)C1CCN(C(=O)[C@@H](N)C2Cc3ccccc3C2)CC1 0.7725207 0.7725 0.5636141 -8.0000 1.0000000 1.0000 []
 | 2.4335 2.1276 70.5869 0.5680822 CCC(=O)N(c1ccccc1)C1CCN(C(=O)CC(N)c2ccc(OC)cc2)CC1 1 CCC(=O)N(c1ccccc1)C1CCN(C(=O)[C@@H](N)C2Cc3ccccc3C2)CC1 0.7591665 0.7592 0.4250944 -6.9100 1.0000000 1.0000 []
 | 2.2007 2.8461 87.7874 0.7080740 CCC(=O)N(c1ccccc1)C1CCN(C(=O)[C@@H](N)C2Cc3ccccc3C2)CC1 1 CCC(=O)N(c1ccccc1)C1CCN(C(=O)[C@@H](N)C2Cc3ccccc3C2)CC1 0.8309294 0.8309 0.6033832 -8.3200 1.0000000 1.0000 []
 | 2.3516 3.1612 74.1218 0.6037733 CCC(=O)N(c1ccccc1)C1CCN(C(=O)[C@@H](N)Cc2c(C)cc(O)cc2C)CC1 1 CCC(=O)N(c1ccccc1)C1CCN(C(=O)[C@@H](N)C2Cc3ccccc3C2)CC1 0.7462649 0.7463 0.4884891 -7.4100 1.0000000 1.0000 []
 | 2.2873 2.9563 79.1808 0.6416967 CCC(=O)N(c1ccccc1)C1CCN(C(=O)[C@@H](N)Cc2ccc(O)cc2)CC1 1 CCC(=O)N(c1ccccc1)C1CCN(C(=O)[C@@H](N)C2Cc3ccccc3C2)CC1 0.7873175 0.7873 0.5230096 -7.6800 1.0000000 1.0000 []
 | 2.2459 3.3219 82.4704 0.6702530 CCC(=O)N(c1ccccc1)C1CCN(C(=O)[C@@H](N)Cc2csc3ccccc23)CC1 1 CCC(=O)N(c1ccccc1)C1CCN(C(=O)[C@@H](N)C2Cc3ccccc3C2)CC1 0.6308509 0.6309 0.7121161 -9.2700 1.0000000 1.0000 []
 | 2.3873 2.6294 72.2854 0.5852720 CCC(=O)N(c1ccccc1)C1CCN(C(=O)[C@@H](N)[C@@H](C)c2c(C)cc(O)cc2C)CC1 1 CCC(=O)N(c1ccccc1)C1CCN(C(=O)[C@@H](N)C2Cc3ccccc3C2)CC1 0.7181346 0.7181 0.4769904 -7.3200 1.0000000 1.0000 []
03:31:24 <INFO> Score: 0.44 Agent NLL: 2.57 Valid: 100% Step: 70
 | Agent Prior Target Score SMILES SMILES_state Input_SMILES QED QED (raw) maize maize (raw) Unwanted SMARTS Unwanted SMARTS (raw) matchting_patterns (Unwanted SMARTS)
 | 2.2936 4.0491 71.3296 0.5888959 CC(C)C(NC(=O)[C@@H]1C[C@@H](O)CN1C(=O)CNC(=O)c1ccc2cc(F)ccc2n1)c1ccccc1 1 COc1ccc([C@H](C)NC(=O)[C@@H]2C[C@@H](O)CN2C(=O)CNC(=O)c2ccc3cc(F)ccc3n2)c(Cl)c1 0.4695327 0.4695 0.7386033 -9.5300 1.0000000 1.0000 []
 | 2.2519 4.5815 73.8224 0.6125303 CC(NC(=O)[C@@H]1C[C@@H](O)CN1C(=O)CNC(=O)c1ccc2cc(F)ccc2n1)c1ccccc1 1 COc1ccc([C@H](C)NC(=O)[C@@H]2C[C@@H](O)CN2C(=O)CNC(=O)c2ccc3cc(F)ccc3n2)c(Cl)c1 0.5163857 0.5164 0.7265760 -9.4100 1.0000000 1.0000 []
 | 2.2447 3.0015 82.8714 0.6708822 CCC(=O)N(c1ccccc1)C1CCN(C(=O)CC(N)c2ccc(C)cc2)CC1 1 CCC(=O)N(c1ccccc1)C1CCN(C(=O)[C@@H](N)C2Cc3ccccc3C2)CC1 0.8112739 0.8113 0.5547854 -7.9300 1.0000000 1.0000 []
 | 2.2769 2.7466 81.7144 0.6598512 CCC(=O)N(c1ccccc1)C1CCN(C(=O)CC(N)c2ccc(Cl)cc2)CC1 1 CCC(=O)N(c1ccccc1)C1CCN(C(=O)[C@@H](N)C2Cc3ccccc3C2)CC1 0.7725207 0.7725 0.5636141 -8.0000 1.0000000 1.0000 []
 | 2.4111 2.1276 70.5869 0.5680822 CCC(=O)N(c1ccccc1)C1CCN(C(=O)CC(N)c2ccc(OC)cc2)CC1 1 CCC(=O)N(c1ccccc1)C1CCN(C(=O)[C@@H](N)C2Cc3ccccc3C2)CC1 0.7591665 0.7592 0.4250944 -6.9100 1.0000000 1.0000 []
 | 2.2091 2.8461 87.7874 0.7080740 CCC(=O)N(c1ccccc1)C1CCN(C(=O)[C@@H](N)C2Cc3ccccc3C2)CC1 1 CCC(=O)N(c1ccccc1)C1CCN(C(=O)[C@@H](N)C2Cc3ccccc3C2)CC1 0.8309294 0.8309 0.6033832 -8.3200 1.0000000 1.0000 []
 | 2.3684 3.1612 74.1218 0.6037733 CCC(=O)N(c1ccccc1)C1CCN(C(=O)[C@@H](N)Cc2c(C)cc(O)cc2C)CC1 1 CCC(=O)N(c1ccccc1)C1CCN(C(=O)[C@@H](N)C2Cc3ccccc3C2)CC1 0.7462649 0.7463 0.4884891 -7.4100 1.0000000 1.0000 []
 | 2.2841 2.9563 79.1808 0.6416967 CCC(=O)N(c1ccccc1)C1CCN(C(=O)[C@@H](N)Cc2ccc(O)cc2)CC1 1 CCC(=O)N(c1ccccc1)C1CCN(C(=O)[C@@H](N)C2Cc3ccccc3C2)CC1 0.7873175 0.7873 0.5230096 -7.6800 1.0000000 1.0000 []
 | 2.2630 3.3219 82.4704 0.6702530 CCC(=O)N(c1ccccc1)C1CCN(C(=O)[C@@H](N)Cc2csc3ccccc23)CC1 1 CCC(=O)N(c1ccccc1)C1CCN(C(=O)[C@@H](N)C2Cc3ccccc3C2)CC1 0.6308509 0.6309 0.7121161 -9.2700 1.0000000 1.0000 []
 | 2.3858 2.6294 72.2854 0.5852720 CCC(=O)N(c1ccccc1)C1CCN(C(=O)[C@@H](N)[C@@H](C)c2c(C)cc(O)cc2C)CC1 1 CCC(=O)N(c1ccccc1)C1CCN(C(=O)[C@@H](N)C2Cc3ccccc3C2)CC1 0.7181346 0.7181 0.4769904 -7.3200 1.0000000 1.0000 []
03:31:28 <INFO> Score: 0.44 Agent NLL: 2.58 Valid: 100% Step: 71
 | Agent Prior Target Score SMILES SMILES_state Input_SMILES QED QED (raw) maize maize (raw) Unwanted SMARTS Unwanted SMARTS (raw) matchting_patterns (Unwanted SMARTS)
 | 2.2928 4.0491 71.3296 0.5888959 CC(C)C(NC(=O)[C@@H]1C[C@@H](O)CN1C(=O)CNC(=O)c1ccc2cc(F)ccc2n1)c1ccccc1 1 COc1ccc([C@H](C)NC(=O)[C@@H]2C[C@@H](O)CN2C(=O)CNC(=O)c2ccc3cc(F)ccc3n2)c(Cl)c1 0.4695327 0.4695 0.7386033 -9.5300 1.0000000 1.0000 []
 | 2.2492 4.5815 73.8224 0.6125303 CC(NC(=O)[C@@H]1C[C@@H](O)CN1C(=O)CNC(=O)c1ccc2cc(F)ccc2n1)c1ccccc1 1 COc1ccc([C@H](C)NC(=O)[C@@H]2C[C@@H](O)CN2C(=O)CNC(=O)c2ccc3cc(F)ccc3n2)c(Cl)c1 0.5163857 0.5164 0.7265760 -9.4100 1.0000000 1.0000 []
 | 2.2412 3.0015 82.8714 0.6708822 CCC(=O)N(c1ccccc1)C1CCN(C(=O)CC(N)c2ccc(C)cc2)CC1 1 CCC(=O)N(c1ccccc1)C1CCN(C(=O)[C@@H](N)C2Cc3ccccc3C2)CC1 0.8112739 0.8113 0.5547854 -7.9300 1.0000000 1.0000 []
 | 2.2527 2.7466 81.7144 0.6598512 CCC(=O)N(c1ccccc1)C1CCN(C(=O)CC(N)c2ccc(Cl)cc2)CC1 1 CCC(=O)N(c1ccccc1)C1CCN(C(=O)[C@@H](N)C2Cc3ccccc3C2)CC1 0.7725207 0.7725 0.5636141 -8.0000 1.0000000 1.0000 []
 | 2.3903 2.1276 70.5869 0.5680822 CCC(=O)N(c1ccccc1)C1CCN(C(=O)CC(N)c2ccc(OC)cc2)CC1 1 CCC(=O)N(c1ccccc1)C1CCN(C(=O)[C@@H](N)C2Cc3ccccc3C2)CC1 0.7591665 0.7592 0.4250944 -6.9100 1.0000000 1.0000 []
 | 2.2039 2.8461 87.7874 0.7080740 CCC(=O)N(c1ccccc1)C1CCN(C(=O)[C@@H](N)C2Cc3ccccc3C2)CC1 1 CCC(=O)N(c1ccccc1)C1CCN(C(=O)[C@@H](N)C2Cc3ccccc3C2)CC1 0.8309294 0.8309 0.6033832 -8.3200 1.0000000 1.0000 []
 | 2.3735 3.1612 74.1218 0.6037733 CCC(=O)N(c1ccccc1)C1CCN(C(=O)[C@@H](N)Cc2c(C)cc(O)cc2C)CC1 1 CCC(=O)N(c1ccccc1)C1CCN(C(=O)[C@@H](N)C2Cc3ccccc3C2)CC1 0.7462649 0.7463 0.4884891 -7.4100 1.0000000 1.0000 []
 | 2.3047 2.9563 79.1808 0.6416967 CCC(=O)N(c1ccccc1)C1CCN(C(=O)[C@@H](N)Cc2ccc(O)cc2)CC1 1 CCC(=O)N(c1ccccc1)C1CCN(C(=O)[C@@H](N)C2Cc3ccccc3C2)CC1 0.7873175 0.7873 0.5230096 -7.6800 1.0000000 1.0000 []
 | 2.2745 3.3219 82.4704 0.6702530 CCC(=O)N(c1ccccc1)C1CCN(C(=O)[C@@H](N)Cc2csc3ccccc23)CC1 1 CCC(=O)N(c1ccccc1)C1CCN(C(=O)[C@@H](N)C2Cc3ccccc3C2)CC1 0.6308509 0.6309 0.7121161 -9.2700 1.0000000 1.0000 []
 | 2.3844 2.6294 72.2854 0.5852720 CCC(=O)N(c1ccccc1)C1CCN(C(=O)[C@@H](N)[C@@H](C)c2c(C)cc(O)cc2C)CC1 1 CCC(=O)N(c1ccccc1)C1CCN(C(=O)[C@@H](N)C2Cc3ccccc3C2)CC1 0.7181346 0.7181 0.4769904 -7.3200 1.0000000 1.0000 []
03:31:31 <INFO> Score: 0.44 Agent NLL: 2.58 Valid: 100% Step: 72
 | Agent Prior Target Score SMILES SMILES_state Input_SMILES QED QED (raw) maize maize (raw) Unwanted SMARTS Unwanted SMARTS (raw) matchting_patterns (Unwanted SMARTS)
 | 2.2884 4.0491 71.3296 0.5888959 CC(C)C(NC(=O)[C@@H]1C[C@@H](O)CN1C(=O)CNC(=O)c1ccc2cc(F)ccc2n1)c1ccccc1 1 COc1ccc([C@H](C)NC(=O)[C@@H]2C[C@@H](O)CN2C(=O)CNC(=O)c2ccc3cc(F)ccc3n2)c(Cl)c1 0.4695327 0.4695 0.7386033 -9.5300 1.0000000 1.0000 []
 | 2.2534 4.5815 73.8224 0.6125303 CC(NC(=O)[C@@H]1C[C@@H](O)CN1C(=O)CNC(=O)c1ccc2cc(F)ccc2n1)c1ccccc1 1 COc1ccc([C@H](C)NC(=O)[C@@H]2C[C@@H](O)CN2C(=O)CNC(=O)c2ccc3cc(F)ccc3n2)c(Cl)c1 0.5163857 0.5164 0.7265760 -9.4100 1.0000000 1.0000 []
 | 2.2932 3.0015 82.8714 0.6708822 CCC(=O)N(c1ccccc1)C1CCN(C(=O)CC(N)c2ccc(C)cc2)CC1 1 CCC(=O)N(c1ccccc1)C1CCN(C(=O)[C@@H](N)C2Cc3ccccc3C2)CC1 0.8112739 0.8113 0.5547854 -7.9300 1.0000000 1.0000 []
 | 2.2849 2.7466 81.7144 0.6598512 CCC(=O)N(c1ccccc1)C1CCN(C(=O)CC(N)c2ccc(Cl)cc2)CC1 1 CCC(=O)N(c1ccccc1)C1CCN(C(=O)[C@@H](N)C2Cc3ccccc3C2)CC1 0.7725207 0.7725 0.5636141 -8.0000 1.0000000 1.0000 []
 | 2.4295 2.1276 70.5869 0.5680822 CCC(=O)N(c1ccccc1)C1CCN(C(=O)CC(N)c2ccc(OC)cc2)CC1 1 CCC(=O)N(c1ccccc1)C1CCN(C(=O)[C@@H](N)C2Cc3ccccc3C2)CC1 0.7591665 0.7592 0.4250944 -6.9100 1.0000000 1.0000 []
 | 2.1821 2.8461 87.7874 0.7080740 CCC(=O)N(c1ccccc1)C1CCN(C(=O)[C@@H](N)C2Cc3ccccc3C2)CC1 1 CCC(=O)N(c1ccccc1)C1CCN(C(=O)[C@@H](N)C2Cc3ccccc3C2)CC1 0.8309294 0.8309 0.6033832 -8.3200 1.0000000 1.0000 []
 | 2.3519 3.1612 74.1218 0.6037733 CCC(=O)N(c1ccccc1)C1CCN(C(=O)[C@@H](N)Cc2c(C)cc(O)cc2C)CC1 1 CCC(=O)N(c1ccccc1)C1CCN(C(=O)[C@@H](N)C2Cc3ccccc3C2)CC1 0.7462649 0.7463 0.4884891 -7.4100 1.0000000 1.0000 []
 | 2.3036 2.9563 79.1808 0.6416967 CCC(=O)N(c1ccccc1)C1CCN(C(=O)[C@@H](N)Cc2ccc(O)cc2)CC1 1 CCC(=O)N(c1ccccc1)C1CCN(C(=O)[C@@H](N)C2Cc3ccccc3C2)CC1 0.7873175 0.7873 0.5230096 -7.6800 1.0000000 1.0000 []
 | 2.2496 3.3219 82.4704 0.6702530 CCC(=O)N(c1ccccc1)C1CCN(C(=O)[C@@H](N)Cc2csc3ccccc23)CC1 1 CCC(=O)N(c1ccccc1)C1CCN(C(=O)[C@@H](N)C2Cc3ccccc3C2)CC1 0.6308509 0.6309 0.7121161 -9.2700 1.0000000 1.0000 []
 | 2.3623 2.6294 72.2854 0.5852720 CCC(=O)N(c1ccccc1)C1CCN(C(=O)[C@@H](N)[C@@H](C)c2c(C)cc(O)cc2C)CC1 1 CCC(=O)N(c1ccccc1)C1CCN(C(=O)[C@@H](N)C2Cc3ccccc3C2)CC1 0.7181346 0.7181 0.4769904 -7.3200 1.0000000 1.0000 []
03:31:35 <INFO> Score: 0.44 Agent NLL: 2.58 Valid: 100% Step: 73
 | Agent Prior Target Score SMILES SMILES_state Input_SMILES QED QED (raw) maize maize (raw) Unwanted SMARTS Unwanted SMARTS (raw) matchting_patterns (Unwanted SMARTS)
 | 2.2821 4.0491 71.3296 0.5888959 CC(C)C(NC(=O)[C@@H]1C[C@@H](O)CN1C(=O)CNC(=O)c1ccc2cc(F)ccc2n1)c1ccccc1 1 COc1ccc([C@H](C)NC(=O)[C@@H]2C[C@@H](O)CN2C(=O)CNC(=O)c2ccc3cc(F)ccc3n2)c(Cl)c1 0.4695327 0.4695 0.7386033 -9.5300 1.0000000 1.0000 []
 | 2.2539 4.5815 73.8224 0.6125303 CC(NC(=O)[C@@H]1C[C@@H](O)CN1C(=O)CNC(=O)c1ccc2cc(F)ccc2n1)c1ccccc1 1 COc1ccc([C@H](C)NC(=O)[C@@H]2C[C@@H](O)CN2C(=O)CNC(=O)c2ccc3cc(F)ccc3n2)c(Cl)c1 0.5163857 0.5164 0.7265760 -9.4100 1.0000000 1.0000 []
 | 2.2414 3.0015 82.8714 0.6708822 CCC(=O)N(c1ccccc1)C1CCN(C(=O)CC(N)c2ccc(C)cc2)CC1 1 CCC(=O)N(c1ccccc1)C1CCN(C(=O)[C@@H](N)C2Cc3ccccc3C2)CC1 0.8112739 0.8113 0.5547854 -7.9300 1.0000000 1.0000 []
 | 2.2246 2.7466 81.7144 0.6598512 CCC(=O)N(c1ccccc1)C1CCN(C(=O)CC(N)c2ccc(Cl)cc2)CC1 1 CCC(=O)N(c1ccccc1)C1CCN(C(=O)[C@@H](N)C2Cc3ccccc3C2)CC1 0.7725207 0.7725 0.5636141 -8.0000 1.0000000 1.0000 []
 | 2.3833 2.1276 70.5869 0.5680822 CCC(=O)N(c1ccccc1)C1CCN(C(=O)CC(N)c2ccc(OC)cc2)CC1 1 CCC(=O)N(c1ccccc1)C1CCN(C(=O)[C@@H](N)C2Cc3ccccc3C2)CC1 0.7591665 0.7592 0.4250944 -6.9100 1.0000000 1.0000 []
 | 2.2147 2.8461 87.7874 0.7080740 CCC(=O)N(c1ccccc1)C1CCN(C(=O)[C@@H](N)C2Cc3ccccc3C2)CC1 1 CCC(=O)N(c1ccccc1)C1CCN(C(=O)[C@@H](N)C2Cc3ccccc3C2)CC1 0.8309294 0.8309 0.6033832 -8.3200 1.0000000 1.0000 []
 | 2.3721 3.1612 74.1218 0.6037733 CCC(=O)N(c1ccccc1)C1CCN(C(=O)[C@@H](N)Cc2c(C)cc(O)cc2C)CC1 1 CCC(=O)N(c1ccccc1)C1CCN(C(=O)[C@@H](N)C2Cc3ccccc3C2)CC1 0.7462649 0.7463 0.4884891 -7.4100 1.0000000 1.0000 []
 | 2.3193 2.9563 79.1808 0.6416967 CCC(=O)N(c1ccccc1)C1CCN(C(=O)[C@@H](N)Cc2ccc(O)cc2)CC1 1 CCC(=O)N(c1ccccc1)C1CCN(C(=O)[C@@H](N)C2Cc3ccccc3C2)CC1 0.7873175 0.7873 0.5230096 -7.6800 1.0000000 1.0000 []
 | 2.2610 3.3219 82.4704 0.6702530 CCC(=O)N(c1ccccc1)C1CCN(C(=O)[C@@H](N)Cc2csc3ccccc23)CC1 1 CCC(=O)N(c1ccccc1)C1CCN(C(=O)[C@@H](N)C2Cc3ccccc3C2)CC1 0.6308509 0.6309 0.7121161 -9.2700 1.0000000 1.0000 []
 | 2.3891 2.6294 72.2854 0.5852720 CCC(=O)N(c1ccccc1)C1CCN(C(=O)[C@@H](N)[C@@H](C)c2c(C)cc(O)cc2C)CC1 1 CCC(=O)N(c1ccccc1)C1CCN(C(=O)[C@@H](N)C2Cc3ccccc3C2)CC1 0.7181346 0.7181 0.4769904 -7.3200 1.0000000 1.0000 []
03:31:38 <INFO> Score: 0.44 Agent NLL: 2.58 Valid: 100% Step: 74
 | Agent Prior Target Score SMILES SMILES_state Input_SMILES QED QED (raw) maize maize (raw) Unwanted SMARTS Unwanted SMARTS (raw) matchting_patterns (Unwanted SMARTS)
 | 2.2800 4.0491 71.3296 0.5888959 CC(C)C(NC(=O)[C@@H]1C[C@@H](O)CN1C(=O)CNC(=O)c1ccc2cc(F)ccc2n1)c1ccccc1 1 COc1ccc([C@H](C)NC(=O)[C@@H]2C[C@@H](O)CN2C(=O)CNC(=O)c2ccc3cc(F)ccc3n2)c(Cl)c1 0.4695327 0.4695 0.7386033 -9.5300 1.0000000 1.0000 []
 | 2.2498 4.5815 73.8224 0.6125303 CC(NC(=O)[C@@H]1C[C@@H](O)CN1C(=O)CNC(=O)c1ccc2cc(F)ccc2n1)c1ccccc1 1 COc1ccc([C@H](C)NC(=O)[C@@H]2C[C@@H](O)CN2C(=O)CNC(=O)c2ccc3cc(F)ccc3n2)c(Cl)c1 0.5163857 0.5164 0.7265760 -9.4100 1.0000000 1.0000 []
 | 2.2909 3.0015 82.8714 0.6708822 CCC(=O)N(c1ccccc1)C1CCN(C(=O)CC(N)c2ccc(C)cc2)CC1 1 CCC(=O)N(c1ccccc1)C1CCN(C(=O)[C@@H](N)C2Cc3ccccc3C2)CC1 0.8112739 0.8113 0.5547854 -7.9300 1.0000000 1.0000 []
 | 2.2767 2.7466 81.7144 0.6598512 CCC(=O)N(c1ccccc1)C1CCN(C(=O)CC(N)c2ccc(Cl)cc2)CC1 1 CCC(=O)N(c1ccccc1)C1CCN(C(=O)[C@@H](N)C2Cc3ccccc3C2)CC1 0.7725207 0.7725 0.5636141 -8.0000 1.0000000 1.0000 []
 | 2.4355 2.1276 70.5869 0.5680822 CCC(=O)N(c1ccccc1)C1CCN(C(=O)CC(N)c2ccc(OC)cc2)CC1 1 CCC(=O)N(c1ccccc1)C1CCN(C(=O)[C@@H](N)C2Cc3ccccc3C2)CC1 0.7591665 0.7592 0.4250944 -6.9100 1.0000000 1.0000 []
 | 2.1990 2.8461 87.7874 0.7080740 CCC(=O)N(c1ccccc1)C1CCN(C(=O)[C@@H](N)C2Cc3ccccc3C2)CC1 1 CCC(=O)N(c1ccccc1)C1CCN(C(=O)[C@@H](N)C2Cc3ccccc3C2)CC1 0.8309294 0.8309 0.6033832 -8.3200 1.0000000 1.0000 []
 | 2.3481 3.1612 74.1218 0.6037733 CCC(=O)N(c1ccccc1)C1CCN(C(=O)[C@@H](N)Cc2c(C)cc(O)cc2C)CC1 1 CCC(=O)N(c1ccccc1)C1CCN(C(=O)[C@@H](N)C2Cc3ccccc3C2)CC1 0.7462649 0.7463 0.4884891 -7.4100 1.0000000 1.0000 []
 | 2.2801 2.9563 79.1808 0.6416967 CCC(=O)N(c1ccccc1)C1CCN(C(=O)[C@@H](N)Cc2ccc(O)cc2)CC1 1 CCC(=O)N(c1ccccc1)C1CCN(C(=O)[C@@H](N)C2Cc3ccccc3C2)CC1 0.7873175 0.7873 0.5230096 -7.6800 1.0000000 1.0000 []
 | 2.2500 3.3219 82.4704 0.6702530 CCC(=O)N(c1ccccc1)C1CCN(C(=O)[C@@H](N)Cc2csc3ccccc23)CC1 1 CCC(=O)N(c1ccccc1)C1CCN(C(=O)[C@@H](N)C2Cc3ccccc3C2)CC1 0.6308509 0.6309 0.7121161 -9.2700 1.0000000 1.0000 []
 | 2.3679 2.6294 72.2854 0.5852720 CCC(=O)N(c1ccccc1)C1CCN(C(=O)[C@@H](N)[C@@H](C)c2c(C)cc(O)cc2C)CC1 1 CCC(=O)N(c1ccccc1)C1CCN(C(=O)[C@@H](N)C2Cc3ccccc3C2)CC1 0.7181346 0.7181 0.4769904 -7.3200 1.0000000 1.0000 []
03:31:41 <INFO> Score: 0.44 Agent NLL: 2.57 Valid: 100% Step: 75
 | Agent Prior Target Score SMILES SMILES_state Input_SMILES QED QED (raw) maize maize (raw) Unwanted SMARTS Unwanted SMARTS (raw) matchting_patterns (Unwanted SMARTS)
 | 2.2776 4.0491 71.3296 0.5888959 CC(C)C(NC(=O)[C@@H]1C[C@@H](O)CN1C(=O)CNC(=O)c1ccc2cc(F)ccc2n1)c1ccccc1 1 COc1ccc([C@H](C)NC(=O)[C@@H]2C[C@@H](O)CN2C(=O)CNC(=O)c2ccc3cc(F)ccc3n2)c(Cl)c1 0.4695327 0.4695 0.7386033 -9.5300 1.0000000 1.0000 []
 | 2.2437 4.5815 73.8224 0.6125303 CC(NC(=O)[C@@H]1C[C@@H](O)CN1C(=O)CNC(=O)c1ccc2cc(F)ccc2n1)c1ccccc1 1 COc1ccc([C@H](C)NC(=O)[C@@H]2C[C@@H](O)CN2C(=O)CNC(=O)c2ccc3cc(F)ccc3n2)c(Cl)c1 0.5163857 0.5164 0.7265760 -9.4100 1.0000000 1.0000 []
 | 2.2475 3.0015 82.8714 0.6708822 CCC(=O)N(c1ccccc1)C1CCN(C(=O)CC(N)c2ccc(C)cc2)CC1 1 CCC(=O)N(c1ccccc1)C1CCN(C(=O)[C@@H](N)C2Cc3ccccc3C2)CC1 0.8112739 0.8113 0.5547854 -7.9300 1.0000000 1.0000 []
 | 2.2468 2.7466 81.7144 0.6598512 CCC(=O)N(c1ccccc1)C1CCN(C(=O)CC(N)c2ccc(Cl)cc2)CC1 1 CCC(=O)N(c1ccccc1)C1CCN(C(=O)[C@@H](N)C2Cc3ccccc3C2)CC1 0.7725207 0.7725 0.5636141 -8.0000 1.0000000 1.0000 []
 | 2.4021 2.1276 70.5869 0.5680822 CCC(=O)N(c1ccccc1)C1CCN(C(=O)CC(N)c2ccc(OC)cc2)CC1 1 CCC(=O)N(c1ccccc1)C1CCN(C(=O)[C@@H](N)C2Cc3ccccc3C2)CC1 0.7591665 0.7592 0.4250944 -6.9100 1.0000000 1.0000 []
 | 2.2056 2.8461 87.7874 0.7080740 CCC(=O)N(c1ccccc1)C1CCN(C(=O)[C@@H](N)C2Cc3ccccc3C2)CC1 1 CCC(=O)N(c1ccccc1)C1CCN(C(=O)[C@@H](N)C2Cc3ccccc3C2)CC1 0.8309294 0.8309 0.6033832 -8.3200 1.0000000 1.0000 []
 | 2.3669 3.1612 74.1218 0.6037733 CCC(=O)N(c1ccccc1)C1CCN(C(=O)[C@@H](N)Cc2c(C)cc(O)cc2C)CC1 1 CCC(=O)N(c1ccccc1)C1CCN(C(=O)[C@@H](N)C2Cc3ccccc3C2)CC1 0.7462649 0.7463 0.4884891 -7.4100 1.0000000 1.0000 []
 | 2.2969 2.9563 79.1808 0.6416967 CCC(=O)N(c1ccccc1)C1CCN(C(=O)[C@@H](N)Cc2ccc(O)cc2)CC1 1 CCC(=O)N(c1ccccc1)C1CCN(C(=O)[C@@H](N)C2Cc3ccccc3C2)CC1 0.7873175 0.7873 0.5230096 -7.6800 1.0000000 1.0000 []
 | 2.2680 3.3219 82.4704 0.6702530 CCC(=O)N(c1ccccc1)C1CCN(C(=O)[C@@H](N)Cc2csc3ccccc23)CC1 1 CCC(=O)N(c1ccccc1)C1CCN(C(=O)[C@@H](N)C2Cc3ccccc3C2)CC1 0.6308509 0.6309 0.7121161 -9.2700 1.0000000 1.0000 []
 | 2.3859 2.6294 72.2854 0.5852720 CCC(=O)N(c1ccccc1)C1CCN(C(=O)[C@@H](N)[C@@H](C)c2c(C)cc(O)cc2C)CC1 1 CCC(=O)N(c1ccccc1)C1CCN(C(=O)[C@@H](N)C2Cc3ccccc3C2)CC1 0.7181346 0.7181 0.4769904 -7.3200 1.0000000 1.0000 []
03:31:45 <INFO> Score: 0.44 Agent NLL: 2.58 Valid: 100% Step: 76
 | Agent Prior Target Score SMILES SMILES_state Input_SMILES QED QED (raw) maize maize (raw) Unwanted SMARTS Unwanted SMARTS (raw) matchting_patterns (Unwanted SMARTS)
 | 2.2768 4.0491 71.3296 0.5888959 CC(C)C(NC(=O)[C@@H]1C[C@@H](O)CN1C(=O)CNC(=O)c1ccc2cc(F)ccc2n1)c1ccccc1 1 COc1ccc([C@H](C)NC(=O)[C@@H]2C[C@@H](O)CN2C(=O)CNC(=O)c2ccc3cc(F)ccc3n2)c(Cl)c1 0.4695327 0.4695 0.7386033 -9.5300 1.0000000 1.0000 []
 | 2.2385 4.5815 73.8224 0.6125303 CC(NC(=O)[C@@H]1C[C@@H](O)CN1C(=O)CNC(=O)c1ccc2cc(F)ccc2n1)c1ccccc1 1 COc1ccc([C@H](C)NC(=O)[C@@H]2C[C@@H](O)CN2C(=O)CNC(=O)c2ccc3cc(F)ccc3n2)c(Cl)c1 0.5163857 0.5164 0.7265760 -9.4100 1.0000000 1.0000 []
 | 2.2532 3.0015 82.8714 0.6708822 CCC(=O)N(c1ccccc1)C1CCN(C(=O)CC(N)c2ccc(C)cc2)CC1 1 CCC(=O)N(c1ccccc1)C1CCN(C(=O)[C@@H](N)C2Cc3ccccc3C2)CC1 0.8112739 0.8113 0.5547854 -7.9300 1.0000000 1.0000 []
 | 2.2679 2.7466 81.7144 0.6598512 CCC(=O)N(c1ccccc1)C1CCN(C(=O)CC(N)c2ccc(Cl)cc2)CC1 1 CCC(=O)N(c1ccccc1)C1CCN(C(=O)[C@@H](N)C2Cc3ccccc3C2)CC1 0.7725207 0.7725 0.5636141 -8.0000 1.0000000 1.0000 []
 | 2.4107 2.1276 70.5869 0.5680822 CCC(=O)N(c1ccccc1)C1CCN(C(=O)CC(N)c2ccc(OC)cc2)CC1 1 CCC(=O)N(c1ccccc1)C1CCN(C(=O)[C@@H](N)C2Cc3ccccc3C2)CC1 0.7591665 0.7592 0.4250944 -6.9100 1.0000000 1.0000 []
 | 2.1914 2.8461 87.7874 0.7080740 CCC(=O)N(c1ccccc1)C1CCN(C(=O)[C@@H](N)C2Cc3ccccc3C2)CC1 1 CCC(=O)N(c1ccccc1)C1CCN(C(=O)[C@@H](N)C2Cc3ccccc3C2)CC1 0.8309294 0.8309 0.6033832 -8.3200 1.0000000 1.0000 []
 | 2.3648 3.1612 74.1218 0.6037733 CCC(=O)N(c1ccccc1)C1CCN(C(=O)[C@@H](N)Cc2c(C)cc(O)cc2C)CC1 1 CCC(=O)N(c1ccccc1)C1CCN(C(=O)[C@@H](N)C2Cc3ccccc3C2)CC1 0.7462649 0.7463 0.4884891 -7.4100 1.0000000 1.0000 []
 | 2.3049 2.9563 79.1808 0.6416967 CCC(=O)N(c1ccccc1)C1CCN(C(=O)[C@@H](N)Cc2ccc(O)cc2)CC1 1 CCC(=O)N(c1ccccc1)C1CCN(C(=O)[C@@H](N)C2Cc3ccccc3C2)CC1 0.7873175 0.7873 0.5230096 -7.6800 1.0000000 1.0000 []
 | 2.2610 3.3219 82.4704 0.6702530 CCC(=O)N(c1ccccc1)C1CCN(C(=O)[C@@H](N)Cc2csc3ccccc23)CC1 1 CCC(=O)N(c1ccccc1)C1CCN(C(=O)[C@@H](N)C2Cc3ccccc3C2)CC1 0.6308509 0.6309 0.7121161 -9.2700 1.0000000 1.0000 []
 | 2.3822 2.6294 72.2854 0.5852720 CCC(=O)N(c1ccccc1)C1CCN(C(=O)[C@@H](N)[C@@H](C)c2c(C)cc(O)cc2C)CC1 1 CCC(=O)N(c1ccccc1)C1CCN(C(=O)[C@@H](N)C2Cc3ccccc3C2)CC1 0.7181346 0.7181 0.4769904 -7.3200 1.0000000 1.0000 []
03:31:48 <INFO> Score: 0.44 Agent NLL: 2.57 Valid: 100% Step: 77
 | Agent Prior Target Score SMILES SMILES_state Input_SMILES QED QED (raw) maize maize (raw) Unwanted SMARTS Unwanted SMARTS (raw) matchting_patterns (Unwanted SMARTS)
 | 2.2756 4.0491 71.3296 0.5888959 CC(C)C(NC(=O)[C@@H]1C[C@@H](O)CN1C(=O)CNC(=O)c1ccc2cc(F)ccc2n1)c1ccccc1 1 COc1ccc([C@H](C)NC(=O)[C@@H]2C[C@@H](O)CN2C(=O)CNC(=O)c2ccc3cc(F)ccc3n2)c(Cl)c1 0.4695327 0.4695 0.7386033 -9.5300 1.0000000 1.0000 []
 | 2.2351 4.5815 73.8224 0.6125303 CC(NC(=O)[C@@H]1C[C@@H](O)CN1C(=O)CNC(=O)c1ccc2cc(F)ccc2n1)c1ccccc1 1 COc1ccc([C@H](C)NC(=O)[C@@H]2C[C@@H](O)CN2C(=O)CNC(=O)c2ccc3cc(F)ccc3n2)c(Cl)c1 0.5163857 0.5164 0.7265760 -9.4100 1.0000000 1.0000 []
 | 2.2606 3.0015 82.8714 0.6708822 CCC(=O)N(c1ccccc1)C1CCN(C(=O)CC(N)c2ccc(C)cc2)CC1 1 CCC(=O)N(c1ccccc1)C1CCN(C(=O)[C@@H](N)C2Cc3ccccc3C2)CC1 0.8112739 0.8113 0.5547854 -7.9300 1.0000000 1.0000 []
 | 2.2877 2.7466 81.7144 0.6598512 CCC(=O)N(c1ccccc1)C1CCN(C(=O)CC(N)c2ccc(Cl)cc2)CC1 1 CCC(=O)N(c1ccccc1)C1CCN(C(=O)[C@@H](N)C2Cc3ccccc3C2)CC1 0.7725207 0.7725 0.5636141 -8.0000 1.0000000 1.0000 []
 | 2.4170 2.1276 70.5869 0.5680822 CCC(=O)N(c1ccccc1)C1CCN(C(=O)CC(N)c2ccc(OC)cc2)CC1 1 CCC(=O)N(c1ccccc1)C1CCN(C(=O)[C@@H](N)C2Cc3ccccc3C2)CC1 0.7591665 0.7592 0.4250944 -6.9100 1.0000000 1.0000 []
 | 2.1925 2.8461 87.7874 0.7080740 CCC(=O)N(c1ccccc1)C1CCN(C(=O)[C@@H](N)C2Cc3ccccc3C2)CC1 1 CCC(=O)N(c1ccccc1)C1CCN(C(=O)[C@@H](N)C2Cc3ccccc3C2)CC1 0.8309294 0.8309 0.6033832 -8.3200 1.0000000 1.0000 []
 | 2.3583 3.1612 74.1218 0.6037733 CCC(=O)N(c1ccccc1)C1CCN(C(=O)[C@@H](N)Cc2c(C)cc(O)cc2C)CC1 1 CCC(=O)N(c1ccccc1)C1CCN(C(=O)[C@@H](N)C2Cc3ccccc3C2)CC1 0.7462649 0.7463 0.4884891 -7.4100 1.0000000 1.0000 []
 | 2.3006 2.9563 79.1808 0.6416967 CCC(=O)N(c1ccccc1)C1CCN(C(=O)[C@@H](N)Cc2ccc(O)cc2)CC1 1 CCC(=O)N(c1ccccc1)C1CCN(C(=O)[C@@H](N)C2Cc3ccccc3C2)CC1 0.7873175 0.7873 0.5230096 -7.6800 1.0000000 1.0000 []
 | 2.2523 3.3219 82.4704 0.6702530 CCC(=O)N(c1ccccc1)C1CCN(C(=O)[C@@H](N)Cc2csc3ccccc23)CC1 1 CCC(=O)N(c1ccccc1)C1CCN(C(=O)[C@@H](N)C2Cc3ccccc3C2)CC1 0.6308509 0.6309 0.7121161 -9.2700 1.0000000 1.0000 []
 | 2.3809 2.6294 72.2854 0.5852720 CCC(=O)N(c1ccccc1)C1CCN(C(=O)[C@@H](N)[C@@H](C)c2c(C)cc(O)cc2C)CC1 1 CCC(=O)N(c1ccccc1)C1CCN(C(=O)[C@@H](N)C2Cc3ccccc3C2)CC1 0.7181346 0.7181 0.4769904 -7.3200 1.0000000 1.0000 []
03:31:52 <INFO> Score: 0.44 Agent NLL: 2.57 Valid: 100% Step: 78
 | Agent Prior Target Score SMILES SMILES_state Input_SMILES QED QED (raw) maize maize (raw) Unwanted SMARTS Unwanted SMARTS (raw) matchting_patterns (Unwanted SMARTS)
 | 2.2719 4.0491 71.3296 0.5888959 CC(C)C(NC(=O)[C@@H]1C[C@@H](O)CN1C(=O)CNC(=O)c1ccc2cc(F)ccc2n1)c1ccccc1 1 COc1ccc([C@H](C)NC(=O)[C@@H]2C[C@@H](O)CN2C(=O)CNC(=O)c2ccc3cc(F)ccc3n2)c(Cl)c1 0.4695327 0.4695 0.7386033 -9.5300 1.0000000 1.0000 []
 | 2.2369 4.5815 73.8224 0.6125303 CC(NC(=O)[C@@H]1C[C@@H](O)CN1C(=O)CNC(=O)c1ccc2cc(F)ccc2n1)c1ccccc1 1 COc1ccc([C@H](C)NC(=O)[C@@H]2C[C@@H](O)CN2C(=O)CNC(=O)c2ccc3cc(F)ccc3n2)c(Cl)c1 0.5163857 0.5164 0.7265760 -9.4100 1.0000000 1.0000 []
 | 2.2266 3.0015 82.8714 0.6708822 CCC(=O)N(c1ccccc1)C1CCN(C(=O)CC(N)c2ccc(C)cc2)CC1 1 CCC(=O)N(c1ccccc1)C1CCN(C(=O)[C@@H](N)C2Cc3ccccc3C2)CC1 0.8112739 0.8113 0.5547854 -7.9300 1.0000000 1.0000 []
 | 2.2608 2.7466 81.7144 0.6598512 CCC(=O)N(c1ccccc1)C1CCN(C(=O)CC(N)c2ccc(Cl)cc2)CC1 1 CCC(=O)N(c1ccccc1)C1CCN(C(=O)[C@@H](N)C2Cc3ccccc3C2)CC1 0.7725207 0.7725 0.5636141 -8.0000 1.0000000 1.0000 []
 | 2.3858 2.1276 70.5869 0.5680822 CCC(=O)N(c1ccccc1)C1CCN(C(=O)CC(N)c2ccc(OC)cc2)CC1 1 CCC(=O)N(c1ccccc1)C1CCN(C(=O)[C@@H](N)C2Cc3ccccc3C2)CC1 0.7591665 0.7592 0.4250944 -6.9100 1.0000000 1.0000 []
 | 2.2150 2.8461 87.7874 0.7080740 CCC(=O)N(c1ccccc1)C1CCN(C(=O)[C@@H](N)C2Cc3ccccc3C2)CC1 1 CCC(=O)N(c1ccccc1)C1CCN(C(=O)[C@@H](N)C2Cc3ccccc3C2)CC1 0.8309294 0.8309 0.6033832 -8.3200 1.0000000 1.0000 []
 | 2.3678 3.1612 74.1218 0.6037733 CCC(=O)N(c1ccccc1)C1CCN(C(=O)[C@@H](N)Cc2c(C)cc(O)cc2C)CC1 1 CCC(=O)N(c1ccccc1)C1CCN(C(=O)[C@@H](N)C2Cc3ccccc3C2)CC1 0.7462649 0.7463 0.4884891 -7.4100 1.0000000 1.0000 []
 | 2.3044 2.9563 79.1808 0.6416967 CCC(=O)N(c1ccccc1)C1CCN(C(=O)[C@@H](N)Cc2ccc(O)cc2)CC1 1 CCC(=O)N(c1ccccc1)C1CCN(C(=O)[C@@H](N)C2Cc3ccccc3C2)CC1 0.7873175 0.7873 0.5230096 -7.6800 1.0000000 1.0000 []
 | 2.2635 3.3219 82.4704 0.6702530 CCC(=O)N(c1ccccc1)C1CCN(C(=O)[C@@H](N)Cc2csc3ccccc23)CC1 1 CCC(=O)N(c1ccccc1)C1CCN(C(=O)[C@@H](N)C2Cc3ccccc3C2)CC1 0.6308509 0.6309 0.7121161 -9.2700 1.0000000 1.0000 []
 | 2.4000 2.6294 72.2854 0.5852720 CCC(=O)N(c1ccccc1)C1CCN(C(=O)[C@@H](N)[C@@H](C)c2c(C)cc(O)cc2C)CC1 1 CCC(=O)N(c1ccccc1)C1CCN(C(=O)[C@@H](N)C2Cc3ccccc3C2)CC1 0.7181346 0.7181 0.4769904 -7.3200 1.0000000 1.0000 []
03:31:55 <INFO> Score: 0.44 Agent NLL: 2.57 Valid: 100% Step: 79
 | Agent Prior Target Score SMILES SMILES_state Input_SMILES QED QED (raw) maize maize (raw) Unwanted SMARTS Unwanted SMARTS (raw) matchting_patterns (Unwanted SMARTS)
 | 2.2711 4.0491 71.3296 0.5888959 CC(C)C(NC(=O)[C@@H]1C[C@@H](O)CN1C(=O)CNC(=O)c1ccc2cc(F)ccc2n1)c1ccccc1 1 COc1ccc([C@H](C)NC(=O)[C@@H]2C[C@@H](O)CN2C(=O)CNC(=O)c2ccc3cc(F)ccc3n2)c(Cl)c1 0.4695327 0.4695 0.7386033 -9.5300 1.0000000 1.0000 []
 | 2.2429 4.5815 73.8224 0.6125303 CC(NC(=O)[C@@H]1C[C@@H](O)CN1C(=O)CNC(=O)c1ccc2cc(F)ccc2n1)c1ccccc1 1 COc1ccc([C@H](C)NC(=O)[C@@H]2C[C@@H](O)CN2C(=O)CNC(=O)c2ccc3cc(F)ccc3n2)c(Cl)c1 0.5163857 0.5164 0.7265760 -9.4100 1.0000000 1.0000 []
 | 2.2684 3.0015 82.8714 0.6708822 CCC(=O)N(c1ccccc1)C1CCN(C(=O)CC(N)c2ccc(C)cc2)CC1 1 CCC(=O)N(c1ccccc1)C1CCN(C(=O)[C@@H](N)C2Cc3ccccc3C2)CC1 0.8112739 0.8113 0.5547854 -7.9300 1.0000000 1.0000 []
 | 2.3012 2.7466 81.7144 0.6598512 CCC(=O)N(c1ccccc1)C1CCN(C(=O)CC(N)c2ccc(Cl)cc2)CC1 1 CCC(=O)N(c1ccccc1)C1CCN(C(=O)[C@@H](N)C2Cc3ccccc3C2)CC1 0.7725207 0.7725 0.5636141 -8.0000 1.0000000 1.0000 []
 | 2.4276 2.1276 70.5869 0.5680822 CCC(=O)N(c1ccccc1)C1CCN(C(=O)CC(N)c2ccc(OC)cc2)CC1 1 CCC(=O)N(c1ccccc1)C1CCN(C(=O)[C@@H](N)C2Cc3ccccc3C2)CC1 0.7591665 0.7592 0.4250944 -6.9100 1.0000000 1.0000 []
 | 2.1932 2.8461 87.7874 0.7080740 CCC(=O)N(c1ccccc1)C1CCN(C(=O)[C@@H](N)C2Cc3ccccc3C2)CC1 1 CCC(=O)N(c1ccccc1)C1CCN(C(=O)[C@@H](N)C2Cc3ccccc3C2)CC1 0.8309294 0.8309 0.6033832 -8.3200 1.0000000 1.0000 []
 | 2.3498 3.1612 74.1218 0.6037733 CCC(=O)N(c1ccccc1)C1CCN(C(=O)[C@@H](N)Cc2c(C)cc(O)cc2C)CC1 1 CCC(=O)N(c1ccccc1)C1CCN(C(=O)[C@@H](N)C2Cc3ccccc3C2)CC1 0.7462649 0.7463 0.4884891 -7.4100 1.0000000 1.0000 []
 | 2.2840 2.9563 79.1808 0.6416967 CCC(=O)N(c1ccccc1)C1CCN(C(=O)[C@@H](N)Cc2ccc(O)cc2)CC1 1 CCC(=O)N(c1ccccc1)C1CCN(C(=O)[C@@H](N)C2Cc3ccccc3C2)CC1 0.7873175 0.7873 0.5230096 -7.6800 1.0000000 1.0000 []
 | 2.2523 3.3219 82.4704 0.6702530 CCC(=O)N(c1ccccc1)C1CCN(C(=O)[C@@H](N)Cc2csc3ccccc23)CC1 1 CCC(=O)N(c1ccccc1)C1CCN(C(=O)[C@@H](N)C2Cc3ccccc3C2)CC1 0.6308509 0.6309 0.7121161 -9.2700 1.0000000 1.0000 []
 | 2.3837 2.6294 72.2854 0.5852720 CCC(=O)N(c1ccccc1)C1CCN(C(=O)[C@@H](N)[C@@H](C)c2c(C)cc(O)cc2C)CC1 1 CCC(=O)N(c1ccccc1)C1CCN(C(=O)[C@@H](N)C2Cc3ccccc3C2)CC1 0.7181346 0.7181 0.4769904 -7.3200 1.0000000 1.0000 []
03:31:59 <INFO> Score: 0.44 Agent NLL: 2.57 Valid: 100% Step: 80
 | Agent Prior Target Score SMILES SMILES_state Input_SMILES QED QED (raw) maize maize (raw) Unwanted SMARTS Unwanted SMARTS (raw) matchting_patterns (Unwanted SMARTS)
 | 2.2751 4.0491 71.3296 0.5888959 CC(C)C(NC(=O)[C@@H]1C[C@@H](O)CN1C(=O)CNC(=O)c1ccc2cc(F)ccc2n1)c1ccccc1 1 COc1ccc([C@H](C)NC(=O)[C@@H]2C[C@@H](O)CN2C(=O)CNC(=O)c2ccc3cc(F)ccc3n2)c(Cl)c1 0.4695327 0.4695 0.7386033 -9.5300 1.0000000 1.0000 []
 | 2.2447 4.5815 73.8224 0.6125303 CC(NC(=O)[C@@H]1C[C@@H](O)CN1C(=O)CNC(=O)c1ccc2cc(F)ccc2n1)c1ccccc1 1 COc1ccc([C@H](C)NC(=O)[C@@H]2C[C@@H](O)CN2C(=O)CNC(=O)c2ccc3cc(F)ccc3n2)c(Cl)c1 0.5163857 0.5164 0.7265760 -9.4100 1.0000000 1.0000 []
 | 2.2289 3.0015 82.8714 0.6708822 CCC(=O)N(c1ccccc1)C1CCN(C(=O)CC(N)c2ccc(C)cc2)CC1 1 CCC(=O)N(c1ccccc1)C1CCN(C(=O)[C@@H](N)C2Cc3ccccc3C2)CC1 0.8112739 0.8113 0.5547854 -7.9300 1.0000000 1.0000 []
 | 2.2539 2.7466 81.7144 0.6598512 CCC(=O)N(c1ccccc1)C1CCN(C(=O)CC(N)c2ccc(Cl)cc2)CC1 1 CCC(=O)N(c1ccccc1)C1CCN(C(=O)[C@@H](N)C2Cc3ccccc3C2)CC1 0.7725207 0.7725 0.5636141 -8.0000 1.0000000 1.0000 []
 | 2.3932 2.1276 70.5869 0.5680822 CCC(=O)N(c1ccccc1)C1CCN(C(=O)CC(N)c2ccc(OC)cc2)CC1 1 CCC(=O)N(c1ccccc1)C1CCN(C(=O)[C@@H](N)C2Cc3ccccc3C2)CC1 0.7591665 0.7592 0.4250944 -6.9100 1.0000000 1.0000 []
 | 2.2004 2.8461 87.7874 0.7080740 CCC(=O)N(c1ccccc1)C1CCN(C(=O)[C@@H](N)C2Cc3ccccc3C2)CC1 1 CCC(=O)N(c1ccccc1)C1CCN(C(=O)[C@@H](N)C2Cc3ccccc3C2)CC1 0.8309294 0.8309 0.6033832 -8.3200 1.0000000 1.0000 []
 | 2.3720 3.1612 74.1218 0.6037733 CCC(=O)N(c1ccccc1)C1CCN(C(=O)[C@@H](N)Cc2c(C)cc(O)cc2C)CC1 1 CCC(=O)N(c1ccccc1)C1CCN(C(=O)[C@@H](N)C2Cc3ccccc3C2)CC1 0.7462649 0.7463 0.4884891 -7.4100 1.0000000 1.0000 []
 | 2.3076 2.9563 79.1808 0.6416967 CCC(=O)N(c1ccccc1)C1CCN(C(=O)[C@@H](N)Cc2ccc(O)cc2)CC1 1 CCC(=O)N(c1ccccc1)C1CCN(C(=O)[C@@H](N)C2Cc3ccccc3C2)CC1 0.7873175 0.7873 0.5230096 -7.6800 1.0000000 1.0000 []
 | 2.2658 3.3219 82.4704 0.6702530 CCC(=O)N(c1ccccc1)C1CCN(C(=O)[C@@H](N)Cc2csc3ccccc23)CC1 1 CCC(=O)N(c1ccccc1)C1CCN(C(=O)[C@@H](N)C2Cc3ccccc3C2)CC1 0.6308509 0.6309 0.7121161 -9.2700 1.0000000 1.0000 []
 | 2.4033 2.6294 72.2854 0.5852720 CCC(=O)N(c1ccccc1)C1CCN(C(=O)[C@@H](N)[C@@H](C)c2c(C)cc(O)cc2C)CC1 1 CCC(=O)N(c1ccccc1)C1CCN(C(=O)[C@@H](N)C2Cc3ccccc3C2)CC1 0.7181346 0.7181 0.4769904 -7.3200 1.0000000 1.0000 []
03:32:02 <INFO> Score: 0.44 Agent NLL: 2.57 Valid: 100% Step: 81
 | Agent Prior Target Score SMILES SMILES_state Input_SMILES QED QED (raw) maize maize (raw) Unwanted SMARTS Unwanted SMARTS (raw) matchting_patterns (Unwanted SMARTS)
 | 2.2835 4.0491 71.3296 0.5888959 CC(C)C(NC(=O)[C@@H]1C[C@@H](O)CN1C(=O)CNC(=O)c1ccc2cc(F)ccc2n1)c1ccccc1 1 COc1ccc([C@H](C)NC(=O)[C@@H]2C[C@@H](O)CN2C(=O)CNC(=O)c2ccc3cc(F)ccc3n2)c(Cl)c1 0.4695327 0.4695 0.7386033 -9.5300 1.0000000 1.0000 []
 | 2.2435 4.5815 73.8224 0.6125303 CC(NC(=O)[C@@H]1C[C@@H](O)CN1C(=O)CNC(=O)c1ccc2cc(F)ccc2n1)c1ccccc1 1 COc1ccc([C@H](C)NC(=O)[C@@H]2C[C@@H](O)CN2C(=O)CNC(=O)c2ccc3cc(F)ccc3n2)c(Cl)c1 0.5163857 0.5164 0.7265760 -9.4100 1.0000000 1.0000 []
 | 2.2669 3.0015 82.8714 0.6708822 CCC(=O)N(c1ccccc1)C1CCN(C(=O)CC(N)c2ccc(C)cc2)CC1 1 CCC(=O)N(c1ccccc1)C1CCN(C(=O)[C@@H](N)C2Cc3ccccc3C2)CC1 0.8112739 0.8113 0.5547854 -7.9300 1.0000000 1.0000 []
 | 2.2781 2.7466 81.7144 0.6598512 CCC(=O)N(c1ccccc1)C1CCN(C(=O)CC(N)c2ccc(Cl)cc2)CC1 1 CCC(=O)N(c1ccccc1)C1CCN(C(=O)[C@@H](N)C2Cc3ccccc3C2)CC1 0.7725207 0.7725 0.5636141 -8.0000 1.0000000 1.0000 []
 | 2.4243 2.1276 70.5869 0.5680822 CCC(=O)N(c1ccccc1)C1CCN(C(=O)CC(N)c2ccc(OC)cc2)CC1 1 CCC(=O)N(c1ccccc1)C1CCN(C(=O)[C@@H](N)C2Cc3ccccc3C2)CC1 0.7591665 0.7592 0.4250944 -6.9100 1.0000000 1.0000 []
 | 2.1878 2.8461 87.7874 0.7080740 CCC(=O)N(c1ccccc1)C1CCN(C(=O)[C@@H](N)C2Cc3ccccc3C2)CC1 1 CCC(=O)N(c1ccccc1)C1CCN(C(=O)[C@@H](N)C2Cc3ccccc3C2)CC1 0.8309294 0.8309 0.6033832 -8.3200 1.0000000 1.0000 []
 | 2.3589 3.1612 74.1218 0.6037733 CCC(=O)N(c1ccccc1)C1CCN(C(=O)[C@@H](N)Cc2c(C)cc(O)cc2C)CC1 1 CCC(=O)N(c1ccccc1)C1CCN(C(=O)[C@@H](N)C2Cc3ccccc3C2)CC1 0.7462649 0.7463 0.4884891 -7.4100 1.0000000 1.0000 []
 | 2.2955 2.9563 79.1808 0.6416967 CCC(=O)N(c1ccccc1)C1CCN(C(=O)[C@@H](N)Cc2ccc(O)cc2)CC1 1 CCC(=O)N(c1ccccc1)C1CCN(C(=O)[C@@H](N)C2Cc3ccccc3C2)CC1 0.7873175 0.7873 0.5230096 -7.6800 1.0000000 1.0000 []
 | 2.2517 3.3219 82.4704 0.6702530 CCC(=O)N(c1ccccc1)C1CCN(C(=O)[C@@H](N)Cc2csc3ccccc23)CC1 1 CCC(=O)N(c1ccccc1)C1CCN(C(=O)[C@@H](N)C2Cc3ccccc3C2)CC1 0.6308509 0.6309 0.7121161 -9.2700 1.0000000 1.0000 []
 | 2.3875 2.6294 72.2854 0.5852720 CCC(=O)N(c1ccccc1)C1CCN(C(=O)[C@@H](N)[C@@H](C)c2c(C)cc(O)cc2C)CC1 1 CCC(=O)N(c1ccccc1)C1CCN(C(=O)[C@@H](N)C2Cc3ccccc3C2)CC1 0.7181346 0.7181 0.4769904 -7.3200 1.0000000 1.0000 []
03:32:06 <INFO> Score: 0.44 Agent NLL: 2.57 Valid: 100% Step: 82
 | Agent Prior Target Score SMILES SMILES_state Input_SMILES QED QED (raw) maize maize (raw) Unwanted SMARTS Unwanted SMARTS (raw) matchting_patterns (Unwanted SMARTS)
 | 2.2868 4.0491 71.3296 0.5888959 CC(C)C(NC(=O)[C@@H]1C[C@@H](O)CN1C(=O)CNC(=O)c1ccc2cc(F)ccc2n1)c1ccccc1 1 COc1ccc([C@H](C)NC(=O)[C@@H]2C[C@@H](O)CN2C(=O)CNC(=O)c2ccc3cc(F)ccc3n2)c(Cl)c1 0.4695327 0.4695 0.7386033 -9.5300 1.0000000 1.0000 []
 | 2.2465 4.5815 73.8224 0.6125303 CC(NC(=O)[C@@H]1C[C@@H](O)CN1C(=O)CNC(=O)c1ccc2cc(F)ccc2n1)c1ccccc1 1 COc1ccc([C@H](C)NC(=O)[C@@H]2C[C@@H](O)CN2C(=O)CNC(=O)c2ccc3cc(F)ccc3n2)c(Cl)c1 0.5163857 0.5164 0.7265760 -9.4100 1.0000000 1.0000 []
 | 2.2585 3.0015 82.8714 0.6708822 CCC(=O)N(c1ccccc1)C1CCN(C(=O)CC(N)c2ccc(C)cc2)CC1 1 CCC(=O)N(c1ccccc1)C1CCN(C(=O)[C@@H](N)C2Cc3ccccc3C2)CC1 0.8112739 0.8113 0.5547854 -7.9300 1.0000000 1.0000 []
 | 2.2582 2.7466 81.7144 0.6598512 CCC(=O)N(c1ccccc1)C1CCN(C(=O)CC(N)c2ccc(Cl)cc2)CC1 1 CCC(=O)N(c1ccccc1)C1CCN(C(=O)[C@@H](N)C2Cc3ccccc3C2)CC1 0.7725207 0.7725 0.5636141 -8.0000 1.0000000 1.0000 []
 | 2.4078 2.1276 70.5869 0.5680822 CCC(=O)N(c1ccccc1)C1CCN(C(=O)CC(N)c2ccc(OC)cc2)CC1 1 CCC(=O)N(c1ccccc1)C1CCN(C(=O)[C@@H](N)C2Cc3ccccc3C2)CC1 0.7591665 0.7592 0.4250944 -6.9100 1.0000000 1.0000 []
 | 2.2039 2.8461 87.7874 0.7080740 CCC(=O)N(c1ccccc1)C1CCN(C(=O)[C@@H](N)C2Cc3ccccc3C2)CC1 1 CCC(=O)N(c1ccccc1)C1CCN(C(=O)[C@@H](N)C2Cc3ccccc3C2)CC1 0.8309294 0.8309 0.6033832 -8.3200 1.0000000 1.0000 []
 | 2.3588 3.1612 74.1218 0.6037733 CCC(=O)N(c1ccccc1)C1CCN(C(=O)[C@@H](N)Cc2c(C)cc(O)cc2C)CC1 1 CCC(=O)N(c1ccccc1)C1CCN(C(=O)[C@@H](N)C2Cc3ccccc3C2)CC1 0.7462649 0.7463 0.4884891 -7.4100 1.0000000 1.0000 []
 | 2.2974 2.9563 79.1808 0.6416967 CCC(=O)N(c1ccccc1)C1CCN(C(=O)[C@@H](N)Cc2ccc(O)cc2)CC1 1 CCC(=O)N(c1ccccc1)C1CCN(C(=O)[C@@H](N)C2Cc3ccccc3C2)CC1 0.7873175 0.7873 0.5230096 -7.6800 1.0000000 1.0000 []
 | 2.2581 3.3219 82.4704 0.6702530 CCC(=O)N(c1ccccc1)C1CCN(C(=O)[C@@H](N)Cc2csc3ccccc23)CC1 1 CCC(=O)N(c1ccccc1)C1CCN(C(=O)[C@@H](N)C2Cc3ccccc3C2)CC1 0.6308509 0.6309 0.7121161 -9.2700 1.0000000 1.0000 []
 | 2.3913 2.6294 72.2854 0.5852720 CCC(=O)N(c1ccccc1)C1CCN(C(=O)[C@@H](N)[C@@H](C)c2c(C)cc(O)cc2C)CC1 1 CCC(=O)N(c1ccccc1)C1CCN(C(=O)[C@@H](N)C2Cc3ccccc3C2)CC1 0.7181346 0.7181 0.4769904 -7.3200 1.0000000 1.0000 []
03:32:09 <INFO> Score: 0.44 Agent NLL: 2.57 Valid: 100% Step: 83
 | Agent Prior Target Score SMILES SMILES_state Input_SMILES QED QED (raw) maize maize (raw) Unwanted SMARTS Unwanted SMARTS (raw) matchting_patterns (Unwanted SMARTS)
 | 2.2883 4.0491 71.3296 0.5888959 CC(C)C(NC(=O)[C@@H]1C[C@@H](O)CN1C(=O)CNC(=O)c1ccc2cc(F)ccc2n1)c1ccccc1 1 COc1ccc([C@H](C)NC(=O)[C@@H]2C[C@@H](O)CN2C(=O)CNC(=O)c2ccc3cc(F)ccc3n2)c(Cl)c1 0.4695327 0.4695 0.7386033 -9.5300 1.0000000 1.0000 []
 | 2.2540 4.5815 73.8224 0.6125303 CC(NC(=O)[C@@H]1C[C@@H](O)CN1C(=O)CNC(=O)c1ccc2cc(F)ccc2n1)c1ccccc1 1 COc1ccc([C@H](C)NC(=O)[C@@H]2C[C@@H](O)CN2C(=O)CNC(=O)c2ccc3cc(F)ccc3n2)c(Cl)c1 0.5163857 0.5164 0.7265760 -9.4100 1.0000000 1.0000 []
 | 2.2561 3.0015 82.8714 0.6708822 CCC(=O)N(c1ccccc1)C1CCN(C(=O)CC(N)c2ccc(C)cc2)CC1 1 CCC(=O)N(c1ccccc1)C1CCN(C(=O)[C@@H](N)C2Cc3ccccc3C2)CC1 0.8112739 0.8113 0.5547854 -7.9300 1.0000000 1.0000 []
 | 2.2493 2.7466 81.7144 0.6598512 CCC(=O)N(c1ccccc1)C1CCN(C(=O)CC(N)c2ccc(Cl)cc2)CC1 1 CCC(=O)N(c1ccccc1)C1CCN(C(=O)[C@@H](N)C2Cc3ccccc3C2)CC1 0.7725207 0.7725 0.5636141 -8.0000 1.0000000 1.0000 []
 | 2.3973 2.1276 70.5869 0.5680822 CCC(=O)N(c1ccccc1)C1CCN(C(=O)CC(N)c2ccc(OC)cc2)CC1 1 CCC(=O)N(c1ccccc1)C1CCN(C(=O)[C@@H](N)C2Cc3ccccc3C2)CC1 0.7591665 0.7592 0.4250944 -6.9100 1.0000000 1.0000 []
 | 2.2088 2.8461 87.7874 0.7080740 CCC(=O)N(c1ccccc1)C1CCN(C(=O)[C@@H](N)C2Cc3ccccc3C2)CC1 1 CCC(=O)N(c1ccccc1)C1CCN(C(=O)[C@@H](N)C2Cc3ccccc3C2)CC1 0.8309294 0.8309 0.6033832 -8.3200 1.0000000 1.0000 []
 | 2.3635 3.1612 74.1218 0.6037733 CCC(=O)N(c1ccccc1)C1CCN(C(=O)[C@@H](N)Cc2c(C)cc(O)cc2C)CC1 1 CCC(=O)N(c1ccccc1)C1CCN(C(=O)[C@@H](N)C2Cc3ccccc3C2)CC1 0.7462649 0.7463 0.4884891 -7.4100 1.0000000 1.0000 []
 | 2.3006 2.9563 79.1808 0.6416967 CCC(=O)N(c1ccccc1)C1CCN(C(=O)[C@@H](N)Cc2ccc(O)cc2)CC1 1 CCC(=O)N(c1ccccc1)C1CCN(C(=O)[C@@H](N)C2Cc3ccccc3C2)CC1 0.7873175 0.7873 0.5230096 -7.6800 1.0000000 1.0000 []
 | 2.2619 3.3219 82.4704 0.6702530 CCC(=O)N(c1ccccc1)C1CCN(C(=O)[C@@H](N)Cc2csc3ccccc23)CC1 1 CCC(=O)N(c1ccccc1)C1CCN(C(=O)[C@@H](N)C2Cc3ccccc3C2)CC1 0.6308509 0.6309 0.7121161 -9.2700 1.0000000 1.0000 []
 | 2.3895 2.6294 72.2854 0.5852720 CCC(=O)N(c1ccccc1)C1CCN(C(=O)[C@@H](N)[C@@H](C)c2c(C)cc(O)cc2C)CC1 1 CCC(=O)N(c1ccccc1)C1CCN(C(=O)[C@@H](N)C2Cc3ccccc3C2)CC1 0.7181346 0.7181 0.4769904 -7.3200 1.0000000 1.0000 []
03:32:12 <INFO> Score: 0.44 Agent NLL: 2.58 Valid: 100% Step: 84
 | Agent Prior Target Score SMILES SMILES_state Input_SMILES QED QED (raw) maize maize (raw) Unwanted SMARTS Unwanted SMARTS (raw) matchting_patterns (Unwanted SMARTS)
 | 2.2844 4.0491 71.3296 0.5888959 CC(C)C(NC(=O)[C@@H]1C[C@@H](O)CN1C(=O)CNC(=O)c1ccc2cc(F)ccc2n1)c1ccccc1 1 COc1ccc([C@H](C)NC(=O)[C@@H]2C[C@@H](O)CN2C(=O)CNC(=O)c2ccc3cc(F)ccc3n2)c(Cl)c1 0.4695327 0.4695 0.7386033 -9.5300 1.0000000 1.0000 []
 | 2.2618 4.5815 73.8224 0.6125303 CC(NC(=O)[C@@H]1C[C@@H](O)CN1C(=O)CNC(=O)c1ccc2cc(F)ccc2n1)c1ccccc1 1 COc1ccc([C@H](C)NC(=O)[C@@H]2C[C@@H](O)CN2C(=O)CNC(=O)c2ccc3cc(F)ccc3n2)c(Cl)c1 0.5163857 0.5164 0.7265760 -9.4100 1.0000000 1.0000 []
 | 2.2903 3.0015 82.8714 0.6708822 CCC(=O)N(c1ccccc1)C1CCN(C(=O)CC(N)c2ccc(C)cc2)CC1 1 CCC(=O)N(c1ccccc1)C1CCN(C(=O)[C@@H](N)C2Cc3ccccc3C2)CC1 0.8112739 0.8113 0.5547854 -7.9300 1.0000000 1.0000 []
 | 2.2880 2.7466 81.7144 0.6598512 CCC(=O)N(c1ccccc1)C1CCN(C(=O)CC(N)c2ccc(Cl)cc2)CC1 1 CCC(=O)N(c1ccccc1)C1CCN(C(=O)[C@@H](N)C2Cc3ccccc3C2)CC1 0.7725207 0.7725 0.5636141 -8.0000 1.0000000 1.0000 []
 | 2.4314 2.1276 70.5869 0.5680822 CCC(=O)N(c1ccccc1)C1CCN(C(=O)CC(N)c2ccc(OC)cc2)CC1 1 CCC(=O)N(c1ccccc1)C1CCN(C(=O)[C@@H](N)C2Cc3ccccc3C2)CC1 0.7591665 0.7592 0.4250944 -6.9100 1.0000000 1.0000 []
 | 2.1875 2.8461 87.7874 0.7080740 CCC(=O)N(c1ccccc1)C1CCN(C(=O)[C@@H](N)C2Cc3ccccc3C2)CC1 1 CCC(=O)N(c1ccccc1)C1CCN(C(=O)[C@@H](N)C2Cc3ccccc3C2)CC1 0.8309294 0.8309 0.6033832 -8.3200 1.0000000 1.0000 []
 | 2.3505 3.1612 74.1218 0.6037733 CCC(=O)N(c1ccccc1)C1CCN(C(=O)[C@@H](N)Cc2c(C)cc(O)cc2C)CC1 1 CCC(=O)N(c1ccccc1)C1CCN(C(=O)[C@@H](N)C2Cc3ccccc3C2)CC1 0.7462649 0.7463 0.4884891 -7.4100 1.0000000 1.0000 []
 | 2.2916 2.9563 79.1808 0.6416967 CCC(=O)N(c1ccccc1)C1CCN(C(=O)[C@@H](N)Cc2ccc(O)cc2)CC1 1 CCC(=O)N(c1ccccc1)C1CCN(C(=O)[C@@H](N)C2Cc3ccccc3C2)CC1 0.7873175 0.7873 0.5230096 -7.6800 1.0000000 1.0000 []
 | 2.2516 3.3219 82.4704 0.6702530 CCC(=O)N(c1ccccc1)C1CCN(C(=O)[C@@H](N)Cc2csc3ccccc23)CC1 1 CCC(=O)N(c1ccccc1)C1CCN(C(=O)[C@@H](N)C2Cc3ccccc3C2)CC1 0.6308509 0.6309 0.7121161 -9.2700 1.0000000 1.0000 []
 | 2.3672 2.6294 72.2854 0.5852720 CCC(=O)N(c1ccccc1)C1CCN(C(=O)[C@@H](N)[C@@H](C)c2c(C)cc(O)cc2C)CC1 1 CCC(=O)N(c1ccccc1)C1CCN(C(=O)[C@@H](N)C2Cc3ccccc3C2)CC1 0.7181346 0.7181 0.4769904 -7.3200 1.0000000 1.0000 []
03:32:16 <INFO> Score: 0.44 Agent NLL: 2.58 Valid: 100% Step: 85
 | Agent Prior Target Score SMILES SMILES_state Input_SMILES QED QED (raw) maize maize (raw) Unwanted SMARTS Unwanted SMARTS (raw) matchting_patterns (Unwanted SMARTS)
 | 2.2922 4.0491 71.3296 0.5888959 CC(C)C(NC(=O)[C@@H]1C[C@@H](O)CN1C(=O)CNC(=O)c1ccc2cc(F)ccc2n1)c1ccccc1 1 COc1ccc([C@H](C)NC(=O)[C@@H]2C[C@@H](O)CN2C(=O)CNC(=O)c2ccc3cc(F)ccc3n2)c(Cl)c1 0.4695327 0.4695 0.7386033 -9.5300 1.0000000 1.0000 []
 | 2.2520 4.5815 73.8224 0.6125303 CC(NC(=O)[C@@H]1C[C@@H](O)CN1C(=O)CNC(=O)c1ccc2cc(F)ccc2n1)c1ccccc1 1 COc1ccc([C@H](C)NC(=O)[C@@H]2C[C@@H](O)CN2C(=O)CNC(=O)c2ccc3cc(F)ccc3n2)c(Cl)c1 0.5163857 0.5164 0.7265760 -9.4100 1.0000000 1.0000 []
 | 2.2090 3.0015 82.8714 0.6708822 CCC(=O)N(c1ccccc1)C1CCN(C(=O)CC(N)c2ccc(C)cc2)CC1 1 CCC(=O)N(c1ccccc1)C1CCN(C(=O)[C@@H](N)C2Cc3ccccc3C2)CC1 0.8112739 0.8113 0.5547854 -7.9300 1.0000000 1.0000 []
 | 2.2134 2.7466 81.7144 0.6598512 CCC(=O)N(c1ccccc1)C1CCN(C(=O)CC(N)c2ccc(Cl)cc2)CC1 1 CCC(=O)N(c1ccccc1)C1CCN(C(=O)[C@@H](N)C2Cc3ccccc3C2)CC1 0.7725207 0.7725 0.5636141 -8.0000 1.0000000 1.0000 []
 | 2.3654 2.1276 70.5869 0.5680822 CCC(=O)N(c1ccccc1)C1CCN(C(=O)CC(N)c2ccc(OC)cc2)CC1 1 CCC(=O)N(c1ccccc1)C1CCN(C(=O)[C@@H](N)C2Cc3ccccc3C2)CC1 0.7591665 0.7592 0.4250944 -6.9100 1.0000000 1.0000 []
 | 2.2166 2.8461 87.7874 0.7080740 CCC(=O)N(c1ccccc1)C1CCN(C(=O)[C@@H](N)C2Cc3ccccc3C2)CC1 1 CCC(=O)N(c1ccccc1)C1CCN(C(=O)[C@@H](N)C2Cc3ccccc3C2)CC1 0.8309294 0.8309 0.6033832 -8.3200 1.0000000 1.0000 []
 | 2.3941 3.1612 74.1218 0.6037733 CCC(=O)N(c1ccccc1)C1CCN(C(=O)[C@@H](N)Cc2c(C)cc(O)cc2C)CC1 1 CCC(=O)N(c1ccccc1)C1CCN(C(=O)[C@@H](N)C2Cc3ccccc3C2)CC1 0.7462649 0.7463 0.4884891 -7.4100 1.0000000 1.0000 []
 | 2.3258 2.9563 79.1808 0.6416967 CCC(=O)N(c1ccccc1)C1CCN(C(=O)[C@@H](N)Cc2ccc(O)cc2)CC1 1 CCC(=O)N(c1ccccc1)C1CCN(C(=O)[C@@H](N)C2Cc3ccccc3C2)CC1 0.7873175 0.7873 0.5230096 -7.6800 1.0000000 1.0000 []
 | 2.2737 3.3219 82.4704 0.6702530 CCC(=O)N(c1ccccc1)C1CCN(C(=O)[C@@H](N)Cc2csc3ccccc23)CC1 1 CCC(=O)N(c1ccccc1)C1CCN(C(=O)[C@@H](N)C2Cc3ccccc3C2)CC1 0.6308509 0.6309 0.7121161 -9.2700 1.0000000 1.0000 []
 | 2.3998 2.6294 72.2854 0.5852720 CCC(=O)N(c1ccccc1)C1CCN(C(=O)[C@@H](N)[C@@H](C)c2c(C)cc(O)cc2C)CC1 1 CCC(=O)N(c1ccccc1)C1CCN(C(=O)[C@@H](N)C2Cc3ccccc3C2)CC1 0.7181346 0.7181 0.4769904 -7.3200 1.0000000 1.0000 []
03:32:19 <INFO> Score: 0.44 Agent NLL: 2.59 Valid: 100% Step: 86
 | Agent Prior Target Score SMILES SMILES_state Input_SMILES QED QED (raw) maize maize (raw) Unwanted SMARTS Unwanted SMARTS (raw) matchting_patterns (Unwanted SMARTS)
 | 2.2824 4.0491 71.3296 0.5888959 CC(C)C(NC(=O)[C@@H]1C[C@@H](O)CN1C(=O)CNC(=O)c1ccc2cc(F)ccc2n1)c1ccccc1 1 COc1ccc([C@H](C)NC(=O)[C@@H]2C[C@@H](O)CN2C(=O)CNC(=O)c2ccc3cc(F)ccc3n2)c(Cl)c1 0.4695327 0.4695 0.7386033 -9.5300 1.0000000 1.0000 []
 | 2.2555 4.5815 73.8224 0.6125303 CC(NC(=O)[C@@H]1C[C@@H](O)CN1C(=O)CNC(=O)c1ccc2cc(F)ccc2n1)c1ccccc1 1 COc1ccc([C@H](C)NC(=O)[C@@H]2C[C@@H](O)CN2C(=O)CNC(=O)c2ccc3cc(F)ccc3n2)c(Cl)c1 0.5163857 0.5164 0.7265760 -9.4100 1.0000000 1.0000 []
 | 2.3397 3.0015 82.8714 0.6708822 CCC(=O)N(c1ccccc1)C1CCN(C(=O)CC(N)c2ccc(C)cc2)CC1 1 CCC(=O)N(c1ccccc1)C1CCN(C(=O)[C@@H](N)C2Cc3ccccc3C2)CC1 0.8112739 0.8113 0.5547854 -7.9300 1.0000000 1.0000 []
 | 2.3592 2.7466 81.7144 0.6598512 CCC(=O)N(c1ccccc1)C1CCN(C(=O)CC(N)c2ccc(Cl)cc2)CC1 1 CCC(=O)N(c1ccccc1)C1CCN(C(=O)[C@@H](N)C2Cc3ccccc3C2)CC1 0.7725207 0.7725 0.5636141 -8.0000 1.0000000 1.0000 []
 | 2.4964 2.1276 70.5869 0.5680822 CCC(=O)N(c1ccccc1)C1CCN(C(=O)CC(N)c2ccc(OC)cc2)CC1 1 CCC(=O)N(c1ccccc1)C1CCN(C(=O)[C@@H](N)C2Cc3ccccc3C2)CC1 0.7591665 0.7592 0.4250944 -6.9100 1.0000000 1.0000 []
 | 2.1693 2.8461 87.7874 0.7080740 CCC(=O)N(c1ccccc1)C1CCN(C(=O)[C@@H](N)C2Cc3ccccc3C2)CC1 1 CCC(=O)N(c1ccccc1)C1CCN(C(=O)[C@@H](N)C2Cc3ccccc3C2)CC1 0.8309294 0.8309 0.6033832 -8.3200 1.0000000 1.0000 []
 | 2.3159 3.1612 74.1218 0.6037733 CCC(=O)N(c1ccccc1)C1CCN(C(=O)[C@@H](N)Cc2c(C)cc(O)cc2C)CC1 1 CCC(=O)N(c1ccccc1)C1CCN(C(=O)[C@@H](N)C2Cc3ccccc3C2)CC1 0.7462649 0.7463 0.4884891 -7.4100 1.0000000 1.0000 []
 | 2.2631 2.9563 79.1808 0.6416967 CCC(=O)N(c1ccccc1)C1CCN(C(=O)[C@@H](N)Cc2ccc(O)cc2)CC1 1 CCC(=O)N(c1ccccc1)C1CCN(C(=O)[C@@H](N)C2Cc3ccccc3C2)CC1 0.7873175 0.7873 0.5230096 -7.6800 1.0000000 1.0000 []
 | 2.2369 3.3219 82.4704 0.6702530 CCC(=O)N(c1ccccc1)C1CCN(C(=O)[C@@H](N)Cc2csc3ccccc23)CC1 1 CCC(=O)N(c1ccccc1)C1CCN(C(=O)[C@@H](N)C2Cc3ccccc3C2)CC1 0.6308509 0.6309 0.7121161 -9.2700 1.0000000 1.0000 []
 | 2.3381 2.6294 72.2854 0.5852720 CCC(=O)N(c1ccccc1)C1CCN(C(=O)[C@@H](N)[C@@H](C)c2c(C)cc(O)cc2C)CC1 1 CCC(=O)N(c1ccccc1)C1CCN(C(=O)[C@@H](N)C2Cc3ccccc3C2)CC1 0.7181346 0.7181 0.4769904 -7.3200 1.0000000 1.0000 []
03:32:23 <INFO> Score: 0.44 Agent NLL: 2.58 Valid: 100% Step: 87
 | Agent Prior Target Score SMILES SMILES_state Input_SMILES QED QED (raw) maize maize (raw) Unwanted SMARTS Unwanted SMARTS (raw) matchting_patterns (Unwanted SMARTS)
 | 2.2963 4.0491 71.3296 0.5888959 CC(C)C(NC(=O)[C@@H]1C[C@@H](O)CN1C(=O)CNC(=O)c1ccc2cc(F)ccc2n1)c1ccccc1 1 COc1ccc([C@H](C)NC(=O)[C@@H]2C[C@@H](O)CN2C(=O)CNC(=O)c2ccc3cc(F)ccc3n2)c(Cl)c1 0.4695327 0.4695 0.7386033 -9.5300 1.0000000 1.0000 []
 | 2.2415 4.5815 73.8224 0.6125303 CC(NC(=O)[C@@H]1C[C@@H](O)CN1C(=O)CNC(=O)c1ccc2cc(F)ccc2n1)c1ccccc1 1 COc1ccc([C@H](C)NC(=O)[C@@H]2C[C@@H](O)CN2C(=O)CNC(=O)c2ccc3cc(F)ccc3n2)c(Cl)c1 0.5163857 0.5164 0.7265760 -9.4100 1.0000000 1.0000 []
 | 2.1202 3.0015 82.8714 0.6708822 CCC(=O)N(c1ccccc1)C1CCN(C(=O)CC(N)c2ccc(C)cc2)CC1 1 CCC(=O)N(c1ccccc1)C1CCN(C(=O)[C@@H](N)C2Cc3ccccc3C2)CC1 0.8112739 0.8113 0.5547854 -7.9300 1.0000000 1.0000 []
 | 2.1456 2.7466 81.7144 0.6598512 CCC(=O)N(c1ccccc1)C1CCN(C(=O)CC(N)c2ccc(Cl)cc2)CC1 1 CCC(=O)N(c1ccccc1)C1CCN(C(=O)[C@@H](N)C2Cc3ccccc3C2)CC1 0.7725207 0.7725 0.5636141 -8.0000 1.0000000 1.0000 []
 | 2.2914 2.1276 70.5869 0.5680822 CCC(=O)N(c1ccccc1)C1CCN(C(=O)CC(N)c2ccc(OC)cc2)CC1 1 CCC(=O)N(c1ccccc1)C1CCN(C(=O)[C@@H](N)C2Cc3ccccc3C2)CC1 0.7591665 0.7592 0.4250944 -6.9100 1.0000000 1.0000 []
 | 2.2563 2.8461 87.7874 0.7080740 CCC(=O)N(c1ccccc1)C1CCN(C(=O)[C@@H](N)C2Cc3ccccc3C2)CC1 1 CCC(=O)N(c1ccccc1)C1CCN(C(=O)[C@@H](N)C2Cc3ccccc3C2)CC1 0.8309294 0.8309 0.6033832 -8.3200 1.0000000 1.0000 []
 | 2.4367 3.1612 74.1218 0.6037733 CCC(=O)N(c1ccccc1)C1CCN(C(=O)[C@@H](N)Cc2c(C)cc(O)cc2C)CC1 1 CCC(=O)N(c1ccccc1)C1CCN(C(=O)[C@@H](N)C2Cc3ccccc3C2)CC1 0.7462649 0.7463 0.4884891 -7.4100 1.0000000 1.0000 []
 | 2.3638 2.9563 79.1808 0.6416967 CCC(=O)N(c1ccccc1)C1CCN(C(=O)[C@@H](N)Cc2ccc(O)cc2)CC1 1 CCC(=O)N(c1ccccc1)C1CCN(C(=O)[C@@H](N)C2Cc3ccccc3C2)CC1 0.7873175 0.7873 0.5230096 -7.6800 1.0000000 1.0000 []
 | 2.2966 3.3219 82.4704 0.6702530 CCC(=O)N(c1ccccc1)C1CCN(C(=O)[C@@H](N)Cc2csc3ccccc23)CC1 1 CCC(=O)N(c1ccccc1)C1CCN(C(=O)[C@@H](N)C2Cc3ccccc3C2)CC1 0.6308509 0.6309 0.7121161 -9.2700 1.0000000 1.0000 []
 | 2.4422 2.6294 72.2854 0.5852720 CCC(=O)N(c1ccccc1)C1CCN(C(=O)[C@@H](N)[C@@H](C)c2c(C)cc(O)cc2C)CC1 1 CCC(=O)N(c1ccccc1)C1CCN(C(=O)[C@@H](N)C2Cc3ccccc3C2)CC1 0.7181346 0.7181 0.4769904 -7.3200 1.0000000 1.0000 []
03:32:26 <INFO> Score: 0.44 Agent NLL: 2.58 Valid: 100% Step: 88
 | Agent Prior Target Score SMILES SMILES_state Input_SMILES QED QED (raw) maize maize (raw) Unwanted SMARTS Unwanted SMARTS (raw) matchting_patterns (Unwanted SMARTS)
 | 2.2830 4.0491 71.3296 0.5888959 CC(C)C(NC(=O)[C@@H]1C[C@@H](O)CN1C(=O)CNC(=O)c1ccc2cc(F)ccc2n1)c1ccccc1 1 COc1ccc([C@H](C)NC(=O)[C@@H]2C[C@@H](O)CN2C(=O)CNC(=O)c2ccc3cc(F)ccc3n2)c(Cl)c1 0.4695327 0.4695 0.7386033 -9.5300 1.0000000 1.0000 []
 | 2.2577 4.5815 73.8224 0.6125303 CC(NC(=O)[C@@H]1C[C@@H](O)CN1C(=O)CNC(=O)c1ccc2cc(F)ccc2n1)c1ccccc1 1 COc1ccc([C@H](C)NC(=O)[C@@H]2C[C@@H](O)CN2C(=O)CNC(=O)c2ccc3cc(F)ccc3n2)c(Cl)c1 0.5163857 0.5164 0.7265760 -9.4100 1.0000000 1.0000 []
 | 2.4248 3.0015 82.8714 0.6708822 CCC(=O)N(c1ccccc1)C1CCN(C(=O)CC(N)c2ccc(C)cc2)CC1 1 CCC(=O)N(c1ccccc1)C1CCN(C(=O)[C@@H](N)C2Cc3ccccc3C2)CC1 0.8112739 0.8113 0.5547854 -7.9300 1.0000000 1.0000 []
 | 2.4533 2.7466 81.7144 0.6598512 CCC(=O)N(c1ccccc1)C1CCN(C(=O)CC(N)c2ccc(Cl)cc2)CC1 1 CCC(=O)N(c1ccccc1)C1CCN(C(=O)[C@@H](N)C2Cc3ccccc3C2)CC1 0.7725207 0.7725 0.5636141 -8.0000 1.0000000 1.0000 []
 | 2.5650 2.1276 70.5869 0.5680822 CCC(=O)N(c1ccccc1)C1CCN(C(=O)CC(N)c2ccc(OC)cc2)CC1 1 CCC(=O)N(c1ccccc1)C1CCN(C(=O)[C@@H](N)C2Cc3ccccc3C2)CC1 0.7591665 0.7592 0.4250944 -6.9100 1.0000000 1.0000 []
 | 2.1394 2.8461 87.7874 0.7080740 CCC(=O)N(c1ccccc1)C1CCN(C(=O)[C@@H](N)C2Cc3ccccc3C2)CC1 1 CCC(=O)N(c1ccccc1)C1CCN(C(=O)[C@@H](N)C2Cc3ccccc3C2)CC1 0.8309294 0.8309 0.6033832 -8.3200 1.0000000 1.0000 []
 | 2.2857 3.1612 74.1218 0.6037733 CCC(=O)N(c1ccccc1)C1CCN(C(=O)[C@@H](N)Cc2c(C)cc(O)cc2C)CC1 1 CCC(=O)N(c1ccccc1)C1CCN(C(=O)[C@@H](N)C2Cc3ccccc3C2)CC1 0.7462649 0.7463 0.4884891 -7.4100 1.0000000 1.0000 []
 | 2.2268 2.9563 79.1808 0.6416967 CCC(=O)N(c1ccccc1)C1CCN(C(=O)[C@@H](N)Cc2ccc(O)cc2)CC1 1 CCC(=O)N(c1ccccc1)C1CCN(C(=O)[C@@H](N)C2Cc3ccccc3C2)CC1 0.7873175 0.7873 0.5230096 -7.6800 1.0000000 1.0000 []
 | 2.2204 3.3219 82.4704 0.6702530 CCC(=O)N(c1ccccc1)C1CCN(C(=O)[C@@H](N)Cc2csc3ccccc23)CC1 1 CCC(=O)N(c1ccccc1)C1CCN(C(=O)[C@@H](N)C2Cc3ccccc3C2)CC1 0.6308509 0.6309 0.7121161 -9.2700 1.0000000 1.0000 []
 | 2.3094 2.6294 72.2854 0.5852720 CCC(=O)N(c1ccccc1)C1CCN(C(=O)[C@@H](N)[C@@H](C)c2c(C)cc(O)cc2C)CC1 1 CCC(=O)N(c1ccccc1)C1CCN(C(=O)[C@@H](N)C2Cc3ccccc3C2)CC1 0.7181346 0.7181 0.4769904 -7.3200 1.0000000 1.0000 []
03:32:30 <INFO> Score: 0.44 Agent NLL: 2.58 Valid: 100% Step: 89
 | Agent Prior Target Score SMILES SMILES_state Input_SMILES QED QED (raw) maize maize (raw) Unwanted SMARTS Unwanted SMARTS (raw) matchting_patterns (Unwanted SMARTS)
 | 2.2740 4.0491 71.3296 0.5888959 CC(C)C(NC(=O)[C@@H]1C[C@@H](O)CN1C(=O)CNC(=O)c1ccc2cc(F)ccc2n1)c1ccccc1 1 COc1ccc([C@H](C)NC(=O)[C@@H]2C[C@@H](O)CN2C(=O)CNC(=O)c2ccc3cc(F)ccc3n2)c(Cl)c1 0.4695327 0.4695 0.7386033 -9.5300 1.0000000 1.0000 []
 | 2.2566 4.5815 73.8224 0.6125303 CC(NC(=O)[C@@H]1C[C@@H](O)CN1C(=O)CNC(=O)c1ccc2cc(F)ccc2n1)c1ccccc1 1 COc1ccc([C@H](C)NC(=O)[C@@H]2C[C@@H](O)CN2C(=O)CNC(=O)c2ccc3cc(F)ccc3n2)c(Cl)c1 0.5163857 0.5164 0.7265760 -9.4100 1.0000000 1.0000 []
 | 2.1114 3.0015 82.8714 0.6708822 CCC(=O)N(c1ccccc1)C1CCN(C(=O)CC(N)c2ccc(C)cc2)CC1 1 CCC(=O)N(c1ccccc1)C1CCN(C(=O)[C@@H](N)C2Cc3ccccc3C2)CC1 0.8112739 0.8113 0.5547854 -7.9300 1.0000000 1.0000 []
 | 2.1445 2.7466 81.7144 0.6598512 CCC(=O)N(c1ccccc1)C1CCN(C(=O)CC(N)c2ccc(Cl)cc2)CC1 1 CCC(=O)N(c1ccccc1)C1CCN(C(=O)[C@@H](N)C2Cc3ccccc3C2)CC1 0.7725207 0.7725 0.5636141 -8.0000 1.0000000 1.0000 []
 | 2.2757 2.1276 70.5869 0.5680822 CCC(=O)N(c1ccccc1)C1CCN(C(=O)CC(N)c2ccc(OC)cc2)CC1 1 CCC(=O)N(c1ccccc1)C1CCN(C(=O)[C@@H](N)C2Cc3ccccc3C2)CC1 0.7591665 0.7592 0.4250944 -6.9100 1.0000000 1.0000 []
 | 2.2635 2.8461 87.7874 0.7080740 CCC(=O)N(c1ccccc1)C1CCN(C(=O)[C@@H](N)C2Cc3ccccc3C2)CC1 1 CCC(=O)N(c1ccccc1)C1CCN(C(=O)[C@@H](N)C2Cc3ccccc3C2)CC1 0.8309294 0.8309 0.6033832 -8.3200 1.0000000 1.0000 []
 | 2.4235 3.1612 74.1218 0.6037733 CCC(=O)N(c1ccccc1)C1CCN(C(=O)[C@@H](N)Cc2c(C)cc(O)cc2C)CC1 1 CCC(=O)N(c1ccccc1)C1CCN(C(=O)[C@@H](N)C2Cc3ccccc3C2)CC1 0.7462649 0.7463 0.4884891 -7.4100 1.0000000 1.0000 []
 | 2.3656 2.9563 79.1808 0.6416967 CCC(=O)N(c1ccccc1)C1CCN(C(=O)[C@@H](N)Cc2ccc(O)cc2)CC1 1 CCC(=O)N(c1ccccc1)C1CCN(C(=O)[C@@H](N)C2Cc3ccccc3C2)CC1 0.7873175 0.7873 0.5230096 -7.6800 1.0000000 1.0000 []
 | 2.3102 3.3219 82.4704 0.6702530 CCC(=O)N(c1ccccc1)C1CCN(C(=O)[C@@H](N)Cc2csc3ccccc23)CC1 1 CCC(=O)N(c1ccccc1)C1CCN(C(=O)[C@@H](N)C2Cc3ccccc3C2)CC1 0.6308509 0.6309 0.7121161 -9.2700 1.0000000 1.0000 []
 | 2.4537 2.6294 72.2854 0.5852720 CCC(=O)N(c1ccccc1)C1CCN(C(=O)[C@@H](N)[C@@H](C)c2c(C)cc(O)cc2C)CC1 1 CCC(=O)N(c1ccccc1)C1CCN(C(=O)[C@@H](N)C2Cc3ccccc3C2)CC1 0.7181346 0.7181 0.4769904 -7.3200 1.0000000 1.0000 []
03:32:33 <INFO> Score: 0.44 Agent NLL: 2.58 Valid: 100% Step: 90
 | Agent Prior Target Score SMILES SMILES_state Input_SMILES QED QED (raw) maize maize (raw) Unwanted SMARTS Unwanted SMARTS (raw) matchting_patterns (Unwanted SMARTS)
 | 2.2933 4.0491 71.3296 0.5888959 CC(C)C(NC(=O)[C@@H]1C[C@@H](O)CN1C(=O)CNC(=O)c1ccc2cc(F)ccc2n1)c1ccccc1 1 COc1ccc([C@H](C)NC(=O)[C@@H]2C[C@@H](O)CN2C(=O)CNC(=O)c2ccc3cc(F)ccc3n2)c(Cl)c1 0.4695327 0.4695 0.7386033 -9.5300 1.0000000 1.0000 []
 | 2.2439 4.5815 73.8224 0.6125303 CC(NC(=O)[C@@H]1C[C@@H](O)CN1C(=O)CNC(=O)c1ccc2cc(F)ccc2n1)c1ccccc1 1 COc1ccc([C@H](C)NC(=O)[C@@H]2C[C@@H](O)CN2C(=O)CNC(=O)c2ccc3cc(F)ccc3n2)c(Cl)c1 0.5163857 0.5164 0.7265760 -9.4100 1.0000000 1.0000 []
 | 2.3341 3.0015 82.8714 0.6708822 CCC(=O)N(c1ccccc1)C1CCN(C(=O)CC(N)c2ccc(C)cc2)CC1 1 CCC(=O)N(c1ccccc1)C1CCN(C(=O)[C@@H](N)C2Cc3ccccc3C2)CC1 0.8112739 0.8113 0.5547854 -7.9300 1.0000000 1.0000 []
 | 2.3511 2.7466 81.7144 0.6598512 CCC(=O)N(c1ccccc1)C1CCN(C(=O)CC(N)c2ccc(Cl)cc2)CC1 1 CCC(=O)N(c1ccccc1)C1CCN(C(=O)[C@@H](N)C2Cc3ccccc3C2)CC1 0.7725207 0.7725 0.5636141 -8.0000 1.0000000 1.0000 []
 | 2.4830 2.1276 70.5869 0.5680822 CCC(=O)N(c1ccccc1)C1CCN(C(=O)CC(N)c2ccc(OC)cc2)CC1 1 CCC(=O)N(c1ccccc1)C1CCN(C(=O)[C@@H](N)C2Cc3ccccc3C2)CC1 0.7591665 0.7592 0.4250944 -6.9100 1.0000000 1.0000 []
 | 2.1587 2.8461 87.7874 0.7080740 CCC(=O)N(c1ccccc1)C1CCN(C(=O)[C@@H](N)C2Cc3ccccc3C2)CC1 1 CCC(=O)N(c1ccccc1)C1CCN(C(=O)[C@@H](N)C2Cc3ccccc3C2)CC1 0.8309294 0.8309 0.6033832 -8.3200 1.0000000 1.0000 []
 | 2.3456 3.1612 74.1218 0.6037733 CCC(=O)N(c1ccccc1)C1CCN(C(=O)[C@@H](N)Cc2c(C)cc(O)cc2C)CC1 1 CCC(=O)N(c1ccccc1)C1CCN(C(=O)[C@@H](N)C2Cc3ccccc3C2)CC1 0.7462649 0.7463 0.4884891 -7.4100 1.0000000 1.0000 []
 | 2.2730 2.9563 79.1808 0.6416967 CCC(=O)N(c1ccccc1)C1CCN(C(=O)[C@@H](N)Cc2ccc(O)cc2)CC1 1 CCC(=O)N(c1ccccc1)C1CCN(C(=O)[C@@H](N)C2Cc3ccccc3C2)CC1 0.7873175 0.7873 0.5230096 -7.6800 1.0000000 1.0000 []
 | 2.2172 3.3219 82.4704 0.6702530 CCC(=O)N(c1ccccc1)C1CCN(C(=O)[C@@H](N)Cc2csc3ccccc23)CC1 1 CCC(=O)N(c1ccccc1)C1CCN(C(=O)[C@@H](N)C2Cc3ccccc3C2)CC1 0.6308509 0.6309 0.7121161 -9.2700 1.0000000 1.0000 []
 | 2.3539 2.6294 72.2854 0.5852720 CCC(=O)N(c1ccccc1)C1CCN(C(=O)[C@@H](N)[C@@H](C)c2c(C)cc(O)cc2C)CC1 1 CCC(=O)N(c1ccccc1)C1CCN(C(=O)[C@@H](N)C2Cc3ccccc3C2)CC1 0.7181346 0.7181 0.4769904 -7.3200 1.0000000 1.0000 []
03:32:37 <INFO> Score: 0.44 Agent NLL: 2.58 Valid: 100% Step: 91
 | Agent Prior Target Score SMILES SMILES_state Input_SMILES QED QED (raw) maize maize (raw) Unwanted SMARTS Unwanted SMARTS (raw) matchting_patterns (Unwanted SMARTS)
 | 2.2842 4.0491 71.3296 0.5888959 CC(C)C(NC(=O)[C@@H]1C[C@@H](O)CN1C(=O)CNC(=O)c1ccc2cc(F)ccc2n1)c1ccccc1 1 COc1ccc([C@H](C)NC(=O)[C@@H]2C[C@@H](O)CN2C(=O)CNC(=O)c2ccc3cc(F)ccc3n2)c(Cl)c1 0.4695327 0.4695 0.7386033 -9.5300 1.0000000 1.0000 []
 | 2.2354 4.5815 73.8224 0.6125303 CC(NC(=O)[C@@H]1C[C@@H](O)CN1C(=O)CNC(=O)c1ccc2cc(F)ccc2n1)c1ccccc1 1 COc1ccc([C@H](C)NC(=O)[C@@H]2C[C@@H](O)CN2C(=O)CNC(=O)c2ccc3cc(F)ccc3n2)c(Cl)c1 0.5163857 0.5164 0.7265760 -9.4100 1.0000000 1.0000 []
 | 2.2671 3.0015 82.8714 0.6708822 CCC(=O)N(c1ccccc1)C1CCN(C(=O)CC(N)c2ccc(C)cc2)CC1 1 CCC(=O)N(c1ccccc1)C1CCN(C(=O)[C@@H](N)C2Cc3ccccc3C2)CC1 0.8112739 0.8113 0.5547854 -7.9300 1.0000000 1.0000 []
 | 2.2744 2.7466 81.7144 0.6598512 CCC(=O)N(c1ccccc1)C1CCN(C(=O)CC(N)c2ccc(Cl)cc2)CC1 1 CCC(=O)N(c1ccccc1)C1CCN(C(=O)[C@@H](N)C2Cc3ccccc3C2)CC1 0.7725207 0.7725 0.5636141 -8.0000 1.0000000 1.0000 []
 | 2.4273 2.1276 70.5869 0.5680822 CCC(=O)N(c1ccccc1)C1CCN(C(=O)CC(N)c2ccc(OC)cc2)CC1 1 CCC(=O)N(c1ccccc1)C1CCN(C(=O)[C@@H](N)C2Cc3ccccc3C2)CC1 0.7591665 0.7592 0.4250944 -6.9100 1.0000000 1.0000 []
 | 2.1968 2.8461 87.7874 0.7080740 CCC(=O)N(c1ccccc1)C1CCN(C(=O)[C@@H](N)C2Cc3ccccc3C2)CC1 1 CCC(=O)N(c1ccccc1)C1CCN(C(=O)[C@@H](N)C2Cc3ccccc3C2)CC1 0.8309294 0.8309 0.6033832 -8.3200 1.0000000 1.0000 []
 | 2.3457 3.1612 74.1218 0.6037733 CCC(=O)N(c1ccccc1)C1CCN(C(=O)[C@@H](N)Cc2c(C)cc(O)cc2C)CC1 1 CCC(=O)N(c1ccccc1)C1CCN(C(=O)[C@@H](N)C2Cc3ccccc3C2)CC1 0.7462649 0.7463 0.4884891 -7.4100 1.0000000 1.0000 []
 | 2.2829 2.9563 79.1808 0.6416967 CCC(=O)N(c1ccccc1)C1CCN(C(=O)[C@@H](N)Cc2ccc(O)cc2)CC1 1 CCC(=O)N(c1ccccc1)C1CCN(C(=O)[C@@H](N)C2Cc3ccccc3C2)CC1 0.7873175 0.7873 0.5230096 -7.6800 1.0000000 1.0000 []
 | 2.2669 3.3219 82.4704 0.6702530 CCC(=O)N(c1ccccc1)C1CCN(C(=O)[C@@H](N)Cc2csc3ccccc23)CC1 1 CCC(=O)N(c1ccccc1)C1CCN(C(=O)[C@@H](N)C2Cc3ccccc3C2)CC1 0.6308509 0.6309 0.7121161 -9.2700 1.0000000 1.0000 []
 | 2.3872 2.6294 72.2854 0.5852720 CCC(=O)N(c1ccccc1)C1CCN(C(=O)[C@@H](N)[C@@H](C)c2c(C)cc(O)cc2C)CC1 1 CCC(=O)N(c1ccccc1)C1CCN(C(=O)[C@@H](N)C2Cc3ccccc3C2)CC1 0.7181346 0.7181 0.4769904 -7.3200 1.0000000 1.0000 []
03:32:40 <INFO> Score: 0.44 Agent NLL: 2.58 Valid: 100% Step: 92
 | Agent Prior Target Score SMILES SMILES_state Input_SMILES QED QED (raw) maize maize (raw) Unwanted SMARTS Unwanted SMARTS (raw) matchting_patterns (Unwanted SMARTS)
 | 2.2654 4.0491 71.3296 0.5888959 CC(C)C(NC(=O)[C@@H]1C[C@@H](O)CN1C(=O)CNC(=O)c1ccc2cc(F)ccc2n1)c1ccccc1 1 COc1ccc([C@H](C)NC(=O)[C@@H]2C[C@@H](O)CN2C(=O)CNC(=O)c2ccc3cc(F)ccc3n2)c(Cl)c1 0.4695327 0.4695 0.7386033 -9.5300 1.0000000 1.0000 []
 | 2.2446 4.5815 73.8224 0.6125303 CC(NC(=O)[C@@H]1C[C@@H](O)CN1C(=O)CNC(=O)c1ccc2cc(F)ccc2n1)c1ccccc1 1 COc1ccc([C@H](C)NC(=O)[C@@H]2C[C@@H](O)CN2C(=O)CNC(=O)c2ccc3cc(F)ccc3n2)c(Cl)c1 0.5163857 0.5164 0.7265760 -9.4100 1.0000000 1.0000 []
 | 2.1702 3.0015 82.8714 0.6708822 CCC(=O)N(c1ccccc1)C1CCN(C(=O)CC(N)c2ccc(C)cc2)CC1 1 CCC(=O)N(c1ccccc1)C1CCN(C(=O)[C@@H](N)C2Cc3ccccc3C2)CC1 0.8112739 0.8113 0.5547854 -7.9300 1.0000000 1.0000 []
 | 2.1740 2.7466 81.7144 0.6598512 CCC(=O)N(c1ccccc1)C1CCN(C(=O)CC(N)c2ccc(Cl)cc2)CC1 1 CCC(=O)N(c1ccccc1)C1CCN(C(=O)[C@@H](N)C2Cc3ccccc3C2)CC1 0.7725207 0.7725 0.5636141 -8.0000 1.0000000 1.0000 []
 | 2.3370 2.1276 70.5869 0.5680822 CCC(=O)N(c1ccccc1)C1CCN(C(=O)CC(N)c2ccc(OC)cc2)CC1 1 CCC(=O)N(c1ccccc1)C1CCN(C(=O)[C@@H](N)C2Cc3ccccc3C2)CC1 0.7591665 0.7592 0.4250944 -6.9100 1.0000000 1.0000 []
 | 2.2426 2.8461 87.7874 0.7080740 CCC(=O)N(c1ccccc1)C1CCN(C(=O)[C@@H](N)C2Cc3ccccc3C2)CC1 1 CCC(=O)N(c1ccccc1)C1CCN(C(=O)[C@@H](N)C2Cc3ccccc3C2)CC1 0.8309294 0.8309 0.6033832 -8.3200 1.0000000 1.0000 []
 | 2.3861 3.1612 74.1218 0.6037733 CCC(=O)N(c1ccccc1)C1CCN(C(=O)[C@@H](N)Cc2c(C)cc(O)cc2C)CC1 1 CCC(=O)N(c1ccccc1)C1CCN(C(=O)[C@@H](N)C2Cc3ccccc3C2)CC1 0.7462649 0.7463 0.4884891 -7.4100 1.0000000 1.0000 []
 | 2.3324 2.9563 79.1808 0.6416967 CCC(=O)N(c1ccccc1)C1CCN(C(=O)[C@@H](N)Cc2ccc(O)cc2)CC1 1 CCC(=O)N(c1ccccc1)C1CCN(C(=O)[C@@H](N)C2Cc3ccccc3C2)CC1 0.7873175 0.7873 0.5230096 -7.6800 1.0000000 1.0000 []
 | 2.2954 3.3219 82.4704 0.6702530 CCC(=O)N(c1ccccc1)C1CCN(C(=O)[C@@H](N)Cc2csc3ccccc23)CC1 1 CCC(=O)N(c1ccccc1)C1CCN(C(=O)[C@@H](N)C2Cc3ccccc3C2)CC1 0.6308509 0.6309 0.7121161 -9.2700 1.0000000 1.0000 []
 | 2.4361 2.6294 72.2854 0.5852720 CCC(=O)N(c1ccccc1)C1CCN(C(=O)[C@@H](N)[C@@H](C)c2c(C)cc(O)cc2C)CC1 1 CCC(=O)N(c1ccccc1)C1CCN(C(=O)[C@@H](N)C2Cc3ccccc3C2)CC1 0.7181346 0.7181 0.4769904 -7.3200 1.0000000 1.0000 []
03:32:43 <INFO> Score: 0.44 Agent NLL: 2.58 Valid: 100% Step: 93
 | Agent Prior Target Score SMILES SMILES_state Input_SMILES QED QED (raw) maize maize (raw) Unwanted SMARTS Unwanted SMARTS (raw) matchting_patterns (Unwanted SMARTS)
 | 2.2741 4.0491 71.3296 0.5888959 CC(C)C(NC(=O)[C@@H]1C[C@@H](O)CN1C(=O)CNC(=O)c1ccc2cc(F)ccc2n1)c1ccccc1 1 COc1ccc([C@H](C)NC(=O)[C@@H]2C[C@@H](O)CN2C(=O)CNC(=O)c2ccc3cc(F)ccc3n2)c(Cl)c1 0.4695327 0.4695 0.7386033 -9.5300 1.0000000 1.0000 []
 | 2.2521 4.5815 73.8224 0.6125303 CC(NC(=O)[C@@H]1C[C@@H](O)CN1C(=O)CNC(=O)c1ccc2cc(F)ccc2n1)c1ccccc1 1 COc1ccc([C@H](C)NC(=O)[C@@H]2C[C@@H](O)CN2C(=O)CNC(=O)c2ccc3cc(F)ccc3n2)c(Cl)c1 0.5163857 0.5164 0.7265760 -9.4100 1.0000000 1.0000 []
 | 2.3889 3.0015 82.8714 0.6708822 CCC(=O)N(c1ccccc1)C1CCN(C(=O)CC(N)c2ccc(C)cc2)CC1 1 CCC(=O)N(c1ccccc1)C1CCN(C(=O)[C@@H](N)C2Cc3ccccc3C2)CC1 0.8112739 0.8113 0.5547854 -7.9300 1.0000000 1.0000 []
 | 2.3852 2.7466 81.7144 0.6598512 CCC(=O)N(c1ccccc1)C1CCN(C(=O)CC(N)c2ccc(Cl)cc2)CC1 1 CCC(=O)N(c1ccccc1)C1CCN(C(=O)[C@@H](N)C2Cc3ccccc3C2)CC1 0.7725207 0.7725 0.5636141 -8.0000 1.0000000 1.0000 []
 | 2.5190 2.1276 70.5869 0.5680822 CCC(=O)N(c1ccccc1)C1CCN(C(=O)CC(N)c2ccc(OC)cc2)CC1 1 CCC(=O)N(c1ccccc1)C1CCN(C(=O)[C@@H](N)C2Cc3ccccc3C2)CC1 0.7591665 0.7592 0.4250944 -6.9100 1.0000000 1.0000 []
 | 2.1420 2.8461 87.7874 0.7080740 CCC(=O)N(c1ccccc1)C1CCN(C(=O)[C@@H](N)C2Cc3ccccc3C2)CC1 1 CCC(=O)N(c1ccccc1)C1CCN(C(=O)[C@@H](N)C2Cc3ccccc3C2)CC1 0.8309294 0.8309 0.6033832 -8.3200 1.0000000 1.0000 []
 | 2.3275 3.1612 74.1218 0.6037733 CCC(=O)N(c1ccccc1)C1CCN(C(=O)[C@@H](N)Cc2c(C)cc(O)cc2C)CC1 1 CCC(=O)N(c1ccccc1)C1CCN(C(=O)[C@@H](N)C2Cc3ccccc3C2)CC1 0.7462649 0.7463 0.4884891 -7.4100 1.0000000 1.0000 []
 | 2.2634 2.9563 79.1808 0.6416967 CCC(=O)N(c1ccccc1)C1CCN(C(=O)[C@@H](N)Cc2ccc(O)cc2)CC1 1 CCC(=O)N(c1ccccc1)C1CCN(C(=O)[C@@H](N)C2Cc3ccccc3C2)CC1 0.7873175 0.7873 0.5230096 -7.6800 1.0000000 1.0000 []
 | 2.1984 3.3219 82.4704 0.6702530 CCC(=O)N(c1ccccc1)C1CCN(C(=O)[C@@H](N)Cc2csc3ccccc23)CC1 1 CCC(=O)N(c1ccccc1)C1CCN(C(=O)[C@@H](N)C2Cc3ccccc3C2)CC1 0.6308509 0.6309 0.7121161 -9.2700 1.0000000 1.0000 []
 | 2.3389 2.6294 72.2854 0.5852720 CCC(=O)N(c1ccccc1)C1CCN(C(=O)[C@@H](N)[C@@H](C)c2c(C)cc(O)cc2C)CC1 1 CCC(=O)N(c1ccccc1)C1CCN(C(=O)[C@@H](N)C2Cc3ccccc3C2)CC1 0.7181346 0.7181 0.4769904 -7.3200 1.0000000 1.0000 []
03:32:47 <INFO> Score: 0.44 Agent NLL: 2.58 Valid: 100% Step: 94
 | Agent Prior Target Score SMILES SMILES_state Input_SMILES QED QED (raw) maize maize (raw) Unwanted SMARTS Unwanted SMARTS (raw) matchting_patterns (Unwanted SMARTS)
 | 2.2808 4.0491 71.3296 0.5888959 CC(C)C(NC(=O)[C@@H]1C[C@@H](O)CN1C(=O)CNC(=O)c1ccc2cc(F)ccc2n1)c1ccccc1 1 COc1ccc([C@H](C)NC(=O)[C@@H]2C[C@@H](O)CN2C(=O)CNC(=O)c2ccc3cc(F)ccc3n2)c(Cl)c1 0.4695327 0.4695 0.7386033 -9.5300 1.0000000 1.0000 []
 | 2.2381 4.5815 73.8224 0.6125303 CC(NC(=O)[C@@H]1C[C@@H](O)CN1C(=O)CNC(=O)c1ccc2cc(F)ccc2n1)c1ccccc1 1 COc1ccc([C@H](C)NC(=O)[C@@H]2C[C@@H](O)CN2C(=O)CNC(=O)c2ccc3cc(F)ccc3n2)c(Cl)c1 0.5163857 0.5164 0.7265760 -9.4100 1.0000000 1.0000 []
 | 2.1747 3.0015 82.8714 0.6708822 CCC(=O)N(c1ccccc1)C1CCN(C(=O)CC(N)c2ccc(C)cc2)CC1 1 CCC(=O)N(c1ccccc1)C1CCN(C(=O)[C@@H](N)C2Cc3ccccc3C2)CC1 0.8112739 0.8113 0.5547854 -7.9300 1.0000000 1.0000 []
 | 2.1758 2.7466 81.7144 0.6598512 CCC(=O)N(c1ccccc1)C1CCN(C(=O)CC(N)c2ccc(Cl)cc2)CC1 1 CCC(=O)N(c1ccccc1)C1CCN(C(=O)[C@@H](N)C2Cc3ccccc3C2)CC1 0.7725207 0.7725 0.5636141 -8.0000 1.0000000 1.0000 []
 | 2.3233 2.1276 70.5869 0.5680822 CCC(=O)N(c1ccccc1)C1CCN(C(=O)CC(N)c2ccc(OC)cc2)CC1 1 CCC(=O)N(c1ccccc1)C1CCN(C(=O)[C@@H](N)C2Cc3ccccc3C2)CC1 0.7591665 0.7592 0.4250944 -6.9100 1.0000000 1.0000 []
 | 2.2337 2.8461 87.7874 0.7080740 CCC(=O)N(c1ccccc1)C1CCN(C(=O)[C@@H](N)C2Cc3ccccc3C2)CC1 1 CCC(=O)N(c1ccccc1)C1CCN(C(=O)[C@@H](N)C2Cc3ccccc3C2)CC1 0.8309294 0.8309 0.6033832 -8.3200 1.0000000 1.0000 []
 | 2.4054 3.1612 74.1218 0.6037733 CCC(=O)N(c1ccccc1)C1CCN(C(=O)[C@@H](N)Cc2c(C)cc(O)cc2C)CC1 1 CCC(=O)N(c1ccccc1)C1CCN(C(=O)[C@@H](N)C2Cc3ccccc3C2)CC1 0.7462649 0.7463 0.4884891 -7.4100 1.0000000 1.0000 []
 | 2.3404 2.9563 79.1808 0.6416967 CCC(=O)N(c1ccccc1)C1CCN(C(=O)[C@@H](N)Cc2ccc(O)cc2)CC1 1 CCC(=O)N(c1ccccc1)C1CCN(C(=O)[C@@H](N)C2Cc3ccccc3C2)CC1 0.7873175 0.7873 0.5230096 -7.6800 1.0000000 1.0000 []
 | 2.2890 3.3219 82.4704 0.6702530 CCC(=O)N(c1ccccc1)C1CCN(C(=O)[C@@H](N)Cc2csc3ccccc23)CC1 1 CCC(=O)N(c1ccccc1)C1CCN(C(=O)[C@@H](N)C2Cc3ccccc3C2)CC1 0.6308509 0.6309 0.7121161 -9.2700 1.0000000 1.0000 []
 | 2.4313 2.6294 72.2854 0.5852720 CCC(=O)N(c1ccccc1)C1CCN(C(=O)[C@@H](N)[C@@H](C)c2c(C)cc(O)cc2C)CC1 1 CCC(=O)N(c1ccccc1)C1CCN(C(=O)[C@@H](N)C2Cc3ccccc3C2)CC1 0.7181346 0.7181 0.4769904 -7.3200 1.0000000 1.0000 []
03:32:50 <INFO> Score: 0.44 Agent NLL: 2.58 Valid: 100% Step: 95
 | Agent Prior Target Score SMILES SMILES_state Input_SMILES QED QED (raw) maize maize (raw) Unwanted SMARTS Unwanted SMARTS (raw) matchting_patterns (Unwanted SMARTS)
 | 2.2784 4.0491 71.3296 0.5888959 CC(C)C(NC(=O)[C@@H]1C[C@@H](O)CN1C(=O)CNC(=O)c1ccc2cc(F)ccc2n1)c1ccccc1 1 COc1ccc([C@H](C)NC(=O)[C@@H]2C[C@@H](O)CN2C(=O)CNC(=O)c2ccc3cc(F)ccc3n2)c(Cl)c1 0.4695327 0.4695 0.7386033 -9.5300 1.0000000 1.0000 []
 | 2.2392 4.5815 73.8224 0.6125303 CC(NC(=O)[C@@H]1C[C@@H](O)CN1C(=O)CNC(=O)c1ccc2cc(F)ccc2n1)c1ccccc1 1 COc1ccc([C@H](C)NC(=O)[C@@H]2C[C@@H](O)CN2C(=O)CNC(=O)c2ccc3cc(F)ccc3n2)c(Cl)c1 0.5163857 0.5164 0.7265760 -9.4100 1.0000000 1.0000 []
 | 2.2837 3.0015 82.8714 0.6708822 CCC(=O)N(c1ccccc1)C1CCN(C(=O)CC(N)c2ccc(C)cc2)CC1 1 CCC(=O)N(c1ccccc1)C1CCN(C(=O)[C@@H](N)C2Cc3ccccc3C2)CC1 0.8112739 0.8113 0.5547854 -7.9300 1.0000000 1.0000 []
 | 2.2937 2.7466 81.7144 0.6598512 CCC(=O)N(c1ccccc1)C1CCN(C(=O)CC(N)c2ccc(Cl)cc2)CC1 1 CCC(=O)N(c1ccccc1)C1CCN(C(=O)[C@@H](N)C2Cc3ccccc3C2)CC1 0.7725207 0.7725 0.5636141 -8.0000 1.0000000 1.0000 []
 | 2.4363 2.1276 70.5869 0.5680822 CCC(=O)N(c1ccccc1)C1CCN(C(=O)CC(N)c2ccc(OC)cc2)CC1 1 CCC(=O)N(c1ccccc1)C1CCN(C(=O)[C@@H](N)C2Cc3ccccc3C2)CC1 0.7591665 0.7592 0.4250944 -6.9100 1.0000000 1.0000 []
 | 2.1983 2.8461 87.7874 0.7080740 CCC(=O)N(c1ccccc1)C1CCN(C(=O)[C@@H](N)C2Cc3ccccc3C2)CC1 1 CCC(=O)N(c1ccccc1)C1CCN(C(=O)[C@@H](N)C2Cc3ccccc3C2)CC1 0.8309294 0.8309 0.6033832 -8.3200 1.0000000 1.0000 []
 | 2.3291 3.1612 74.1218 0.6037733 CCC(=O)N(c1ccccc1)C1CCN(C(=O)[C@@H](N)Cc2c(C)cc(O)cc2C)CC1 1 CCC(=O)N(c1ccccc1)C1CCN(C(=O)[C@@H](N)C2Cc3ccccc3C2)CC1 0.7462649 0.7463 0.4884891 -7.4100 1.0000000 1.0000 []
 | 2.2746 2.9563 79.1808 0.6416967 CCC(=O)N(c1ccccc1)C1CCN(C(=O)[C@@H](N)Cc2ccc(O)cc2)CC1 1 CCC(=O)N(c1ccccc1)C1CCN(C(=O)[C@@H](N)C2Cc3ccccc3C2)CC1 0.7873175 0.7873 0.5230096 -7.6800 1.0000000 1.0000 []
 | 2.2732 3.3219 82.4704 0.6702530 CCC(=O)N(c1ccccc1)C1CCN(C(=O)[C@@H](N)Cc2csc3ccccc23)CC1 1 CCC(=O)N(c1ccccc1)C1CCN(C(=O)[C@@H](N)C2Cc3ccccc3C2)CC1 0.6308509 0.6309 0.7121161 -9.2700 1.0000000 1.0000 []
 | 2.3712 2.6294 72.2854 0.5852720 CCC(=O)N(c1ccccc1)C1CCN(C(=O)[C@@H](N)[C@@H](C)c2c(C)cc(O)cc2C)CC1 1 CCC(=O)N(c1ccccc1)C1CCN(C(=O)[C@@H](N)C2Cc3ccccc3C2)CC1 0.7181346 0.7181 0.4769904 -7.3200 1.0000000 1.0000 []
03:32:54 <INFO> Score: 0.44 Agent NLL: 2.58 Valid: 100% Step: 96
 | Agent Prior Target Score SMILES SMILES_state Input_SMILES QED QED (raw) maize maize (raw) Unwanted SMARTS Unwanted SMARTS (raw) matchting_patterns (Unwanted SMARTS)
 | 2.2793 4.0491 71.3296 0.5888959 CC(C)C(NC(=O)[C@@H]1C[C@@H](O)CN1C(=O)CNC(=O)c1ccc2cc(F)ccc2n1)c1ccccc1 1 COc1ccc([C@H](C)NC(=O)[C@@H]2C[C@@H](O)CN2C(=O)CNC(=O)c2ccc3cc(F)ccc3n2)c(Cl)c1 0.4695327 0.4695 0.7386033 -9.5300 1.0000000 1.0000 []
 | 2.2516 4.5815 73.8224 0.6125303 CC(NC(=O)[C@@H]1C[C@@H](O)CN1C(=O)CNC(=O)c1ccc2cc(F)ccc2n1)c1ccccc1 1 COc1ccc([C@H](C)NC(=O)[C@@H]2C[C@@H](O)CN2C(=O)CNC(=O)c2ccc3cc(F)ccc3n2)c(Cl)c1 0.5163857 0.5164 0.7265760 -9.4100 1.0000000 1.0000 []
 | 2.2891 3.0015 82.8714 0.6708822 CCC(=O)N(c1ccccc1)C1CCN(C(=O)CC(N)c2ccc(C)cc2)CC1 1 CCC(=O)N(c1ccccc1)C1CCN(C(=O)[C@@H](N)C2Cc3ccccc3C2)CC1 0.8112739 0.8113 0.5547854 -7.9300 1.0000000 1.0000 []
 | 2.3111 2.7466 81.7144 0.6598512 CCC(=O)N(c1ccccc1)C1CCN(C(=O)CC(N)c2ccc(Cl)cc2)CC1 1 CCC(=O)N(c1ccccc1)C1CCN(C(=O)[C@@H](N)C2Cc3ccccc3C2)CC1 0.7725207 0.7725 0.5636141 -8.0000 1.0000000 1.0000 []
 | 2.4483 2.1276 70.5869 0.5680822 CCC(=O)N(c1ccccc1)C1CCN(C(=O)CC(N)c2ccc(OC)cc2)CC1 1 CCC(=O)N(c1ccccc1)C1CCN(C(=O)[C@@H](N)C2Cc3ccccc3C2)CC1 0.7591665 0.7592 0.4250944 -6.9100 1.0000000 1.0000 []
 | 2.1869 2.8461 87.7874 0.7080740 CCC(=O)N(c1ccccc1)C1CCN(C(=O)[C@@H](N)C2Cc3ccccc3C2)CC1 1 CCC(=O)N(c1ccccc1)C1CCN(C(=O)[C@@H](N)C2Cc3ccccc3C2)CC1 0.8309294 0.8309 0.6033832 -8.3200 1.0000000 1.0000 []
 | 2.3564 3.1612 74.1218 0.6037733 CCC(=O)N(c1ccccc1)C1CCN(C(=O)[C@@H](N)Cc2c(C)cc(O)cc2C)CC1 1 CCC(=O)N(c1ccccc1)C1CCN(C(=O)[C@@H](N)C2Cc3ccccc3C2)CC1 0.7462649 0.7463 0.4884891 -7.4100 1.0000000 1.0000 []
 | 2.2829 2.9563 79.1808 0.6416967 CCC(=O)N(c1ccccc1)C1CCN(C(=O)[C@@H](N)Cc2ccc(O)cc2)CC1 1 CCC(=O)N(c1ccccc1)C1CCN(C(=O)[C@@H](N)C2Cc3ccccc3C2)CC1 0.7873175 0.7873 0.5230096 -7.6800 1.0000000 1.0000 []
 | 2.2373 3.3219 82.4704 0.6702530 CCC(=O)N(c1ccccc1)C1CCN(C(=O)[C@@H](N)Cc2csc3ccccc23)CC1 1 CCC(=O)N(c1ccccc1)C1CCN(C(=O)[C@@H](N)C2Cc3ccccc3C2)CC1 0.6308509 0.6309 0.7121161 -9.2700 1.0000000 1.0000 []
 | 2.3605 2.6294 72.2854 0.5852720 CCC(=O)N(c1ccccc1)C1CCN(C(=O)[C@@H](N)[C@@H](C)c2c(C)cc(O)cc2C)CC1 1 CCC(=O)N(c1ccccc1)C1CCN(C(=O)[C@@H](N)C2Cc3ccccc3C2)CC1 0.7181346 0.7181 0.4769904 -7.3200 1.0000000 1.0000 []
03:32:57 <INFO> Score: 0.44 Agent NLL: 2.58 Valid: 100% Step: 97
 | Agent Prior Target Score SMILES SMILES_state Input_SMILES QED QED (raw) maize maize (raw) Unwanted SMARTS Unwanted SMARTS (raw) matchting_patterns (Unwanted SMARTS)
 | 2.2854 4.0491 71.3296 0.5888959 CC(C)C(NC(=O)[C@@H]1C[C@@H](O)CN1C(=O)CNC(=O)c1ccc2cc(F)ccc2n1)c1ccccc1 1 COc1ccc([C@H](C)NC(=O)[C@@H]2C[C@@H](O)CN2C(=O)CNC(=O)c2ccc3cc(F)ccc3n2)c(Cl)c1 0.4695327 0.4695 0.7386033 -9.5300 1.0000000 1.0000 []
 | 2.2504 4.5815 73.8224 0.6125303 CC(NC(=O)[C@@H]1C[C@@H](O)CN1C(=O)CNC(=O)c1ccc2cc(F)ccc2n1)c1ccccc1 1 COc1ccc([C@H](C)NC(=O)[C@@H]2C[C@@H](O)CN2C(=O)CNC(=O)c2ccc3cc(F)ccc3n2)c(Cl)c1 0.5163857 0.5164 0.7265760 -9.4100 1.0000000 1.0000 []
 | 2.1659 3.0015 82.8714 0.6708822 CCC(=O)N(c1ccccc1)C1CCN(C(=O)CC(N)c2ccc(C)cc2)CC1 1 CCC(=O)N(c1ccccc1)C1CCN(C(=O)[C@@H](N)C2Cc3ccccc3C2)CC1 0.8112739 0.8113 0.5547854 -7.9300 1.0000000 1.0000 []
 | 2.1917 2.7466 81.7144 0.6598512 CCC(=O)N(c1ccccc1)C1CCN(C(=O)CC(N)c2ccc(Cl)cc2)CC1 1 CCC(=O)N(c1ccccc1)C1CCN(C(=O)[C@@H](N)C2Cc3ccccc3C2)CC1 0.7725207 0.7725 0.5636141 -8.0000 1.0000000 1.0000 []
 | 2.3336 2.1276 70.5869 0.5680822 CCC(=O)N(c1ccccc1)C1CCN(C(=O)CC(N)c2ccc(OC)cc2)CC1 1 CCC(=O)N(c1ccccc1)C1CCN(C(=O)[C@@H](N)C2Cc3ccccc3C2)CC1 0.7591665 0.7592 0.4250944 -6.9100 1.0000000 1.0000 []
 | 2.2291 2.8461 87.7874 0.7080740 CCC(=O)N(c1ccccc1)C1CCN(C(=O)[C@@H](N)C2Cc3ccccc3C2)CC1 1 CCC(=O)N(c1ccccc1)C1CCN(C(=O)[C@@H](N)C2Cc3ccccc3C2)CC1 0.8309294 0.8309 0.6033832 -8.3200 1.0000000 1.0000 []
 | 2.4222 3.1612 74.1218 0.6037733 CCC(=O)N(c1ccccc1)C1CCN(C(=O)[C@@H](N)Cc2c(C)cc(O)cc2C)CC1 1 CCC(=O)N(c1ccccc1)C1CCN(C(=O)[C@@H](N)C2Cc3ccccc3C2)CC1 0.7462649 0.7463 0.4884891 -7.4100 1.0000000 1.0000 []
 | 2.3454 2.9563 79.1808 0.6416967 CCC(=O)N(c1ccccc1)C1CCN(C(=O)[C@@H](N)Cc2ccc(O)cc2)CC1 1 CCC(=O)N(c1ccccc1)C1CCN(C(=O)[C@@H](N)C2Cc3ccccc3C2)CC1 0.7873175 0.7873 0.5230096 -7.6800 1.0000000 1.0000 []
 | 2.2751 3.3219 82.4704 0.6702530 CCC(=O)N(c1ccccc1)C1CCN(C(=O)[C@@H](N)Cc2csc3ccccc23)CC1 1 CCC(=O)N(c1ccccc1)C1CCN(C(=O)[C@@H](N)C2Cc3ccccc3C2)CC1 0.6308509 0.6309 0.7121161 -9.2700 1.0000000 1.0000 []
 | 2.4152 2.6294 72.2854 0.5852720 CCC(=O)N(c1ccccc1)C1CCN(C(=O)[C@@H](N)[C@@H](C)c2c(C)cc(O)cc2C)CC1 1 CCC(=O)N(c1ccccc1)C1CCN(C(=O)[C@@H](N)C2Cc3ccccc3C2)CC1 0.7181346 0.7181 0.4769904 -7.3200 1.0000000 1.0000 []
03:33:01 <INFO> Score: 0.44 Agent NLL: 2.58 Valid: 100% Step: 98
 | Agent Prior Target Score SMILES SMILES_state Input_SMILES QED QED (raw) maize maize (raw) Unwanted SMARTS Unwanted SMARTS (raw) matchting_patterns (Unwanted SMARTS)
 | 2.2869 4.0491 71.3296 0.5888959 CC(C)C(NC(=O)[C@@H]1C[C@@H](O)CN1C(=O)CNC(=O)c1ccc2cc(F)ccc2n1)c1ccccc1 1 COc1ccc([C@H](C)NC(=O)[C@@H]2C[C@@H](O)CN2C(=O)CNC(=O)c2ccc3cc(F)ccc3n2)c(Cl)c1 0.4695327 0.4695 0.7386033 -9.5300 1.0000000 1.0000 []
 | 2.2466 4.5815 73.8224 0.6125303 CC(NC(=O)[C@@H]1C[C@@H](O)CN1C(=O)CNC(=O)c1ccc2cc(F)ccc2n1)c1ccccc1 1 COc1ccc([C@H](C)NC(=O)[C@@H]2C[C@@H](O)CN2C(=O)CNC(=O)c2ccc3cc(F)ccc3n2)c(Cl)c1 0.5163857 0.5164 0.7265760 -9.4100 1.0000000 1.0000 []
 | 2.3425 3.0015 82.8714 0.6708822 CCC(=O)N(c1ccccc1)C1CCN(C(=O)CC(N)c2ccc(C)cc2)CC1 1 CCC(=O)N(c1ccccc1)C1CCN(C(=O)[C@@H](N)C2Cc3ccccc3C2)CC1 0.8112739 0.8113 0.5547854 -7.9300 1.0000000 1.0000 []
 | 2.3629 2.7466 81.7144 0.6598512 CCC(=O)N(c1ccccc1)C1CCN(C(=O)CC(N)c2ccc(Cl)cc2)CC1 1 CCC(=O)N(c1ccccc1)C1CCN(C(=O)[C@@H](N)C2Cc3ccccc3C2)CC1 0.7725207 0.7725 0.5636141 -8.0000 1.0000000 1.0000 []
 | 2.4898 2.1276 70.5869 0.5680822 CCC(=O)N(c1ccccc1)C1CCN(C(=O)CC(N)c2ccc(OC)cc2)CC1 1 CCC(=O)N(c1ccccc1)C1CCN(C(=O)[C@@H](N)C2Cc3ccccc3C2)CC1 0.7591665 0.7592 0.4250944 -6.9100 1.0000000 1.0000 []
 | 2.1669 2.8461 87.7874 0.7080740 CCC(=O)N(c1ccccc1)C1CCN(C(=O)[C@@H](N)C2Cc3ccccc3C2)CC1 1 CCC(=O)N(c1ccccc1)C1CCN(C(=O)[C@@H](N)C2Cc3ccccc3C2)CC1 0.8309294 0.8309 0.6033832 -8.3200 1.0000000 1.0000 []
 | 2.3066 3.1612 74.1218 0.6037733 CCC(=O)N(c1ccccc1)C1CCN(C(=O)[C@@H](N)Cc2c(C)cc(O)cc2C)CC1 1 CCC(=O)N(c1ccccc1)C1CCN(C(=O)[C@@H](N)C2Cc3ccccc3C2)CC1 0.7462649 0.7463 0.4884891 -7.4100 1.0000000 1.0000 []
 | 2.2624 2.9563 79.1808 0.6416967 CCC(=O)N(c1ccccc1)C1CCN(C(=O)[C@@H](N)Cc2ccc(O)cc2)CC1 1 CCC(=O)N(c1ccccc1)C1CCN(C(=O)[C@@H](N)C2Cc3ccccc3C2)CC1 0.7873175 0.7873 0.5230096 -7.6800 1.0000000 1.0000 []
 | 2.2502 3.3219 82.4704 0.6702530 CCC(=O)N(c1ccccc1)C1CCN(C(=O)[C@@H](N)Cc2csc3ccccc23)CC1 1 CCC(=O)N(c1ccccc1)C1CCN(C(=O)[C@@H](N)C2Cc3ccccc3C2)CC1 0.6308509 0.6309 0.7121161 -9.2700 1.0000000 1.0000 []
 | 2.3386 2.6294 72.2854 0.5852720 CCC(=O)N(c1ccccc1)C1CCN(C(=O)[C@@H](N)[C@@H](C)c2c(C)cc(O)cc2C)CC1 1 CCC(=O)N(c1ccccc1)C1CCN(C(=O)[C@@H](N)C2Cc3ccccc3C2)CC1 0.7181346 0.7181 0.4769904 -7.3200 1.0000000 1.0000 []
03:33:04 <INFO> Score: 0.44 Agent NLL: 2.58 Valid: 100% Step: 99
 | Agent Prior Target Score SMILES SMILES_state Input_SMILES QED QED (raw) maize maize (raw) Unwanted SMARTS Unwanted SMARTS (raw) matchting_patterns (Unwanted SMARTS)
 | 2.2784 4.0491 71.3296 0.5888959 CC(C)C(NC(=O)[C@@H]1C[C@@H](O)CN1C(=O)CNC(=O)c1ccc2cc(F)ccc2n1)c1ccccc1 1 COc1ccc([C@H](C)NC(=O)[C@@H]2C[C@@H](O)CN2C(=O)CNC(=O)c2ccc3cc(F)ccc3n2)c(Cl)c1 0.4695327 0.4695 0.7386033 -9.5300 1.0000000 1.0000 []
 | 2.2484 4.5815 73.8224 0.6125303 CC(NC(=O)[C@@H]1C[C@@H](O)CN1C(=O)CNC(=O)c1ccc2cc(F)ccc2n1)c1ccccc1 1 COc1ccc([C@H](C)NC(=O)[C@@H]2C[C@@H](O)CN2C(=O)CNC(=O)c2ccc3cc(F)ccc3n2)c(Cl)c1 0.5163857 0.5164 0.7265760 -9.4100 1.0000000 1.0000 []
 | 2.2091 3.0015 82.8714 0.6708822 CCC(=O)N(c1ccccc1)C1CCN(C(=O)CC(N)c2ccc(C)cc2)CC1 1 CCC(=O)N(c1ccccc1)C1CCN(C(=O)[C@@H](N)C2Cc3ccccc3C2)CC1 0.8112739 0.8113 0.5547854 -7.9300 1.0000000 1.0000 []
 | 2.2311 2.7466 81.7144 0.6598512 CCC(=O)N(c1ccccc1)C1CCN(C(=O)CC(N)c2ccc(Cl)cc2)CC1 1 CCC(=O)N(c1ccccc1)C1CCN(C(=O)[C@@H](N)C2Cc3ccccc3C2)CC1 0.7725207 0.7725 0.5636141 -8.0000 1.0000000 1.0000 []
 | 2.3702 2.1276 70.5869 0.5680822 CCC(=O)N(c1ccccc1)C1CCN(C(=O)CC(N)c2ccc(OC)cc2)CC1 1 CCC(=O)N(c1ccccc1)C1CCN(C(=O)[C@@H](N)C2Cc3ccccc3C2)CC1 0.7591665 0.7592 0.4250944 -6.9100 1.0000000 1.0000 []
 | 2.2265 2.8461 87.7874 0.7080740 CCC(=O)N(c1ccccc1)C1CCN(C(=O)[C@@H](N)C2Cc3ccccc3C2)CC1 1 CCC(=O)N(c1ccccc1)C1CCN(C(=O)[C@@H](N)C2Cc3ccccc3C2)CC1 0.8309294 0.8309 0.6033832 -8.3200 1.0000000 1.0000 []
 | 2.3656 3.1612 74.1218 0.6037733 CCC(=O)N(c1ccccc1)C1CCN(C(=O)[C@@H](N)Cc2c(C)cc(O)cc2C)CC1 1 CCC(=O)N(c1ccccc1)C1CCN(C(=O)[C@@H](N)C2Cc3ccccc3C2)CC1 0.7462649 0.7463 0.4884891 -7.4100 1.0000000 1.0000 []
 | 2.3146 2.9563 79.1808 0.6416967 CCC(=O)N(c1ccccc1)C1CCN(C(=O)[C@@H](N)Cc2ccc(O)cc2)CC1 1 CCC(=O)N(c1ccccc1)C1CCN(C(=O)[C@@H](N)C2Cc3ccccc3C2)CC1 0.7873175 0.7873 0.5230096 -7.6800 1.0000000 1.0000 []
 | 2.2726 3.3219 82.4704 0.6702530 CCC(=O)N(c1ccccc1)C1CCN(C(=O)[C@@H](N)Cc2csc3ccccc23)CC1 1 CCC(=O)N(c1ccccc1)C1CCN(C(=O)[C@@H](N)C2Cc3ccccc3C2)CC1 0.6308509 0.6309 0.7121161 -9.2700 1.0000000 1.0000 []
 | 2.4037 2.6294 72.2854 0.5852720 CCC(=O)N(c1ccccc1)C1CCN(C(=O)[C@@H](N)[C@@H](C)c2c(C)cc(O)cc2C)CC1 1 CCC(=O)N(c1ccccc1)C1CCN(C(=O)[C@@H](N)C2Cc3ccccc3C2)CC1 0.7181346 0.7181 0.4769904 -7.3200 1.0000000 1.0000 []
03:33:08 <INFO> Score: 0.44 Agent NLL: 2.58 Valid: 100% Step: 100
 | Agent Prior Target Score SMILES SMILES_state Input_SMILES QED QED (raw) maize maize (raw) Unwanted SMARTS Unwanted SMARTS (raw) matchting_patterns (Unwanted SMARTS)
 | 2.2797 4.0491 71.3296 0.5888959 CC(C)C(NC(=O)[C@@H]1C[C@@H](O)CN1C(=O)CNC(=O)c1ccc2cc(F)ccc2n1)c1ccccc1 1 COc1ccc([C@H](C)NC(=O)[C@@H]2C[C@@H](O)CN2C(=O)CNC(=O)c2ccc3cc(F)ccc3n2)c(Cl)c1 0.4695327 0.4695 0.7386033 -9.5300 1.0000000 1.0000 []
 | 2.2536 4.5815 73.8224 0.6125303 CC(NC(=O)[C@@H]1C[C@@H](O)CN1C(=O)CNC(=O)c1ccc2cc(F)ccc2n1)c1ccccc1 1 COc1ccc([C@H](C)NC(=O)[C@@H]2C[C@@H](O)CN2C(=O)CNC(=O)c2ccc3cc(F)ccc3n2)c(Cl)c1 0.5163857 0.5164 0.7265760 -9.4100 1.0000000 1.0000 []
 | 2.2341 3.0015 82.8714 0.6708822 CCC(=O)N(c1ccccc1)C1CCN(C(=O)CC(N)c2ccc(C)cc2)CC1 1 CCC(=O)N(c1ccccc1)C1CCN(C(=O)[C@@H](N)C2Cc3ccccc3C2)CC1 0.8112739 0.8113 0.5547854 -7.9300 1.0000000 1.0000 []
 | 2.2484 2.7466 81.7144 0.6598512 CCC(=O)N(c1ccccc1)C1CCN(C(=O)CC(N)c2ccc(Cl)cc2)CC1 1 CCC(=O)N(c1ccccc1)C1CCN(C(=O)[C@@H](N)C2Cc3ccccc3C2)CC1 0.7725207 0.7725 0.5636141 -8.0000 1.0000000 1.0000 []
 | 2.3913 2.1276 70.5869 0.5680822 CCC(=O)N(c1ccccc1)C1CCN(C(=O)CC(N)c2ccc(OC)cc2)CC1 1 CCC(=O)N(c1ccccc1)C1CCN(C(=O)[C@@H](N)C2Cc3ccccc3C2)CC1 0.7591665 0.7592 0.4250944 -6.9100 1.0000000 1.0000 []
 | 2.2025 2.8461 87.7874 0.7080740 CCC(=O)N(c1ccccc1)C1CCN(C(=O)[C@@H](N)C2Cc3ccccc3C2)CC1 1 CCC(=O)N(c1ccccc1)C1CCN(C(=O)[C@@H](N)C2Cc3ccccc3C2)CC1 0.8309294 0.8309 0.6033832 -8.3200 1.0000000 1.0000 []
 | 2.3881 3.1612 74.1218 0.6037733 CCC(=O)N(c1ccccc1)C1CCN(C(=O)[C@@H](N)Cc2c(C)cc(O)cc2C)CC1 1 CCC(=O)N(c1ccccc1)C1CCN(C(=O)[C@@H](N)C2Cc3ccccc3C2)CC1 0.7462649 0.7463 0.4884891 -7.4100 1.0000000 1.0000 []
 | 2.3071 2.9563 79.1808 0.6416967 CCC(=O)N(c1ccccc1)C1CCN(C(=O)[C@@H](N)Cc2ccc(O)cc2)CC1 1 CCC(=O)N(c1ccccc1)C1CCN(C(=O)[C@@H](N)C2Cc3ccccc3C2)CC1 0.7873175 0.7873 0.5230096 -7.6800 1.0000000 1.0000 []
 | 2.2443 3.3219 82.4704 0.6702530 CCC(=O)N(c1ccccc1)C1CCN(C(=O)[C@@H](N)Cc2csc3ccccc23)CC1 1 CCC(=O)N(c1ccccc1)C1CCN(C(=O)[C@@H](N)C2Cc3ccccc3C2)CC1 0.6308509 0.6309 0.7121161 -9.2700 1.0000000 1.0000 []
 | 2.3974 2.6294 72.2854 0.5852720 CCC(=O)N(c1ccccc1)C1CCN(C(=O)[C@@H](N)[C@@H](C)c2c(C)cc(O)cc2C)CC1 1 CCC(=O)N(c1ccccc1)C1CCN(C(=O)[C@@H](N)C2Cc3ccccc3C2)CC1 0.7181346 0.7181 0.4769904 -7.3200 1.0000000 1.0000 []
03:33:11 <INFO> Score: 0.44 Agent NLL: 2.58 Valid: 100% Step: 101
 | Agent Prior Target Score SMILES SMILES_state Input_SMILES QED QED (raw) maize maize (raw) Unwanted SMARTS Unwanted SMARTS (raw) matchting_patterns (Unwanted SMARTS)
 | 2.2869 4.0491 71.3296 0.5888959 CC(C)C(NC(=O)[C@@H]1C[C@@H](O)CN1C(=O)CNC(=O)c1ccc2cc(F)ccc2n1)c1ccccc1 1 COc1ccc([C@H](C)NC(=O)[C@@H]2C[C@@H](O)CN2C(=O)CNC(=O)c2ccc3cc(F)ccc3n2)c(Cl)c1 0.4695327 0.4695 0.7386033 -9.5300 1.0000000 1.0000 []
 | 2.2476 4.5815 73.8224 0.6125303 CC(NC(=O)[C@@H]1C[C@@H](O)CN1C(=O)CNC(=O)c1ccc2cc(F)ccc2n1)c1ccccc1 1 COc1ccc([C@H](C)NC(=O)[C@@H]2C[C@@H](O)CN2C(=O)CNC(=O)c2ccc3cc(F)ccc3n2)c(Cl)c1 0.5163857 0.5164 0.7265760 -9.4100 1.0000000 1.0000 []
 | 2.3232 3.0015 82.8714 0.6708822 CCC(=O)N(c1ccccc1)C1CCN(C(=O)CC(N)c2ccc(C)cc2)CC1 1 CCC(=O)N(c1ccccc1)C1CCN(C(=O)[C@@H](N)C2Cc3ccccc3C2)CC1 0.8112739 0.8113 0.5547854 -7.9300 1.0000000 1.0000 []
 | 2.3239 2.7466 81.7144 0.6598512 CCC(=O)N(c1ccccc1)C1CCN(C(=O)CC(N)c2ccc(Cl)cc2)CC1 1 CCC(=O)N(c1ccccc1)C1CCN(C(=O)[C@@H](N)C2Cc3ccccc3C2)CC1 0.7725207 0.7725 0.5636141 -8.0000 1.0000000 1.0000 []
 | 2.4696 2.1276 70.5869 0.5680822 CCC(=O)N(c1ccccc1)C1CCN(C(=O)CC(N)c2ccc(OC)cc2)CC1 1 CCC(=O)N(c1ccccc1)C1CCN(C(=O)[C@@H](N)C2Cc3ccccc3C2)CC1 0.7591665 0.7592 0.4250944 -6.9100 1.0000000 1.0000 []
 | 2.1614 2.8461 87.7874 0.7080740 CCC(=O)N(c1ccccc1)C1CCN(C(=O)[C@@H](N)C2Cc3ccccc3C2)CC1 1 CCC(=O)N(c1ccccc1)C1CCN(C(=O)[C@@H](N)C2Cc3ccccc3C2)CC1 0.8309294 0.8309 0.6033832 -8.3200 1.0000000 1.0000 []
 | 2.3405 3.1612 74.1218 0.6037733 CCC(=O)N(c1ccccc1)C1CCN(C(=O)[C@@H](N)Cc2c(C)cc(O)cc2C)CC1 1 CCC(=O)N(c1ccccc1)C1CCN(C(=O)[C@@H](N)C2Cc3ccccc3C2)CC1 0.7462649 0.7463 0.4884891 -7.4100 1.0000000 1.0000 []
 | 2.2679 2.9563 79.1808 0.6416967 CCC(=O)N(c1ccccc1)C1CCN(C(=O)[C@@H](N)Cc2ccc(O)cc2)CC1 1 CCC(=O)N(c1ccccc1)C1CCN(C(=O)[C@@H](N)C2Cc3ccccc3C2)CC1 0.7873175 0.7873 0.5230096 -7.6800 1.0000000 1.0000 []
 | 2.2466 3.3219 82.4704 0.6702530 CCC(=O)N(c1ccccc1)C1CCN(C(=O)[C@@H](N)Cc2csc3ccccc23)CC1 1 CCC(=O)N(c1ccccc1)C1CCN(C(=O)[C@@H](N)C2Cc3ccccc3C2)CC1 0.6308509 0.6309 0.7121161 -9.2700 1.0000000 1.0000 []
 | 2.3608 2.6294 72.2854 0.5852720 CCC(=O)N(c1ccccc1)C1CCN(C(=O)[C@@H](N)[C@@H](C)c2c(C)cc(O)cc2C)CC1 1 CCC(=O)N(c1ccccc1)C1CCN(C(=O)[C@@H](N)C2Cc3ccccc3C2)CC1 0.7181346 0.7181 0.4769904 -7.3200 1.0000000 1.0000 []
03:33:14 <INFO> Score: 0.44 Agent NLL: 2.58 Valid: 100% Step: 102
 | Agent Prior Target Score SMILES SMILES_state Input_SMILES QED QED (raw) maize maize (raw) Unwanted SMARTS Unwanted SMARTS (raw) matchting_patterns (Unwanted SMARTS)
 | 2.2867 4.0491 71.3296 0.5888959 CC(C)C(NC(=O)[C@@H]1C[C@@H](O)CN1C(=O)CNC(=O)c1ccc2cc(F)ccc2n1)c1ccccc1 1 COc1ccc([C@H](C)NC(=O)[C@@H]2C[C@@H](O)CN2C(=O)CNC(=O)c2ccc3cc(F)ccc3n2)c(Cl)c1 0.4695327 0.4695 0.7386033 -9.5300 1.0000000 1.0000 []
 | 2.2399 4.5815 73.8224 0.6125303 CC(NC(=O)[C@@H]1C[C@@H](O)CN1C(=O)CNC(=O)c1ccc2cc(F)ccc2n1)c1ccccc1 1 COc1ccc([C@H](C)NC(=O)[C@@H]2C[C@@H](O)CN2C(=O)CNC(=O)c2ccc3cc(F)ccc3n2)c(Cl)c1 0.5163857 0.5164 0.7265760 -9.4100 1.0000000 1.0000 []
 | 2.1928 3.0015 82.8714 0.6708822 CCC(=O)N(c1ccccc1)C1CCN(C(=O)CC(N)c2ccc(C)cc2)CC1 1 CCC(=O)N(c1ccccc1)C1CCN(C(=O)[C@@H](N)C2Cc3ccccc3C2)CC1 0.8112739 0.8113 0.5547854 -7.9300 1.0000000 1.0000 []
 | 2.1937 2.7466 81.7144 0.6598512 CCC(=O)N(c1ccccc1)C1CCN(C(=O)CC(N)c2ccc(Cl)cc2)CC1 1 CCC(=O)N(c1ccccc1)C1CCN(C(=O)[C@@H](N)C2Cc3ccccc3C2)CC1 0.7725207 0.7725 0.5636141 -8.0000 1.0000000 1.0000 []
 | 2.3482 2.1276 70.5869 0.5680822 CCC(=O)N(c1ccccc1)C1CCN(C(=O)CC(N)c2ccc(OC)cc2)CC1 1 CCC(=O)N(c1ccccc1)C1CCN(C(=O)[C@@H](N)C2Cc3ccccc3C2)CC1 0.7591665 0.7592 0.4250944 -6.9100 1.0000000 1.0000 []
 | 2.2299 2.8461 87.7874 0.7080740 CCC(=O)N(c1ccccc1)C1CCN(C(=O)[C@@H](N)C2Cc3ccccc3C2)CC1 1 CCC(=O)N(c1ccccc1)C1CCN(C(=O)[C@@H](N)C2Cc3ccccc3C2)CC1 0.8309294 0.8309 0.6033832 -8.3200 1.0000000 1.0000 []
 | 2.3748 3.1612 74.1218 0.6037733 CCC(=O)N(c1ccccc1)C1CCN(C(=O)[C@@H](N)Cc2c(C)cc(O)cc2C)CC1 1 CCC(=O)N(c1ccccc1)C1CCN(C(=O)[C@@H](N)C2Cc3ccccc3C2)CC1 0.7462649 0.7463 0.4884891 -7.4100 1.0000000 1.0000 []
 | 2.3251 2.9563 79.1808 0.6416967 CCC(=O)N(c1ccccc1)C1CCN(C(=O)[C@@H](N)Cc2ccc(O)cc2)CC1 1 CCC(=O)N(c1ccccc1)C1CCN(C(=O)[C@@H](N)C2Cc3ccccc3C2)CC1 0.7873175 0.7873 0.5230096 -7.6800 1.0000000 1.0000 []
 | 2.2992 3.3219 82.4704 0.6702530 CCC(=O)N(c1ccccc1)C1CCN(C(=O)[C@@H](N)Cc2csc3ccccc23)CC1 1 CCC(=O)N(c1ccccc1)C1CCN(C(=O)[C@@H](N)C2Cc3ccccc3C2)CC1 0.6308509 0.6309 0.7121161 -9.2700 1.0000000 1.0000 []
 | 2.4220 2.6294 72.2854 0.5852720 CCC(=O)N(c1ccccc1)C1CCN(C(=O)[C@@H](N)[C@@H](C)c2c(C)cc(O)cc2C)CC1 1 CCC(=O)N(c1ccccc1)C1CCN(C(=O)[C@@H](N)C2Cc3ccccc3C2)CC1 0.7181346 0.7181 0.4769904 -7.3200 1.0000000 1.0000 []
03:33:15 <WARN> Maximum number of steps of 102 reached in stage 1. Terminating all stages.
03:33:16 <INFO> Peak main memory usage: 2353.441 MiB
03:33:16 <INFO> Finished REINVENT on 2025-08-31
