Agent,Prior,Target,Score,SMILES,SMILES_state,Input_SMILES,QED,QED (raw),TanimotoDistance,TanimotoDistance (raw),maize,maize (raw),Unwanted SMARTS,Unwanted SMARTS (raw),matchting_patterns (Unwanted SMARTS),step
5.4906,5.4906,66.1418,0.5596279,COCCNC(=O)[C@@H]1C[C@@H](O)CN1C(=O)CNC(=O)c1ccc2cc(F)ccc2n1,1,COc1ccc([C@H](C)NC(=O)[C@@H]2C[C@@H](O)CN2C(=O)CNC(=O)c2ccc3cc(F)ccc3n2)c(Cl)c1,0.5370954,0.5371,0.6808511,0.6809,0.5179013,-7.6400,1.0000000,1.0000,[],1
4.1297,4.1297,75.1603,0.6194529,COc1ccc(CNC(=O)[C@@H]2C[C@@H](O)CN2C(=O)CNC(=O)c2ccc3cc(F)ccc3n2)cc1,1,COc1ccc([C@H](C)NC(=O)[C@@H]2C[C@@H](O)CN2C(=O)CNC(=O)c2ccc3cc(F)ccc3n2)c(Cl)c1,0.4701237,0.4701,0.7832168,0.7832,0.6323675,-8.5600,1.0000000,1.0000,[],1
7.3537,7.3537,72.1702,0.6212803,CSCC[C@H](NC(=O)[C@@H]1C[C@@H](O)CN1C(=O)CNC(=O)c1ccc2cc(F)ccc2n1)c1ccccc1,1,COc1ccc([C@H](C)NC(=O)[C@@H]2C[C@@H](O)CN2C(=O)CNC(=O)c2ccc3cc(F)ccc3n2)c(Cl)c1,0.3969941,0.3970,0.7189542,0.7190,0.7224911,-9.3700,1.0000000,1.0000,[],1
5.1898,5.1898,80.9942,0.6733126,C[C@@H](NC(=O)[C@@H]1C[C@@H](O)CN1C(=O)CNC(=O)c1ccc2cc(F)ccc2n1)c1ccccn1,1,COc1ccc([C@H](C)NC(=O)[C@@H]2C[C@@H](O)CN2C(=O)CNC(=O)c2ccc3cc(F)ccc3n2)c(Cl)c1,0.5047172,0.5047,0.7142857,0.7143,0.7550460,-9.7000,1.0000000,1.0000,[],1
5.9900,5.9900,76.3537,0.6433096,Cc1ccc(C(C)(C)NC(=O)[C@@H]2C[C@@H](O)CN2C(=O)CNC(=O)c2ccc3cc(F)ccc3n2)cc1,1,COc1ccc([C@H](C)NC(=O)[C@@H]2C[C@@H](O)CN2C(=O)CNC(=O)c2ccc3cc(F)ccc3n2)c(Cl)c1,0.4894968,0.4895,0.7066667,0.7067,0.7036518,-9.1900,1.0000000,1.0000,[],1
3.2004,3.2004,81.0362,0.6580983,O=C(NCC(=O)N1C[C@H](O)C[C@H]1C(=O)NCc1cccc(Cl)c1)c1ccc2cc(F)ccc2n1,1,COc1ccc([C@H](C)NC(=O)[C@@H]2C[C@@H](O)CN2C(=O)CNC(=O)c2ccc3cc(F)ccc3n2)c(Cl)c1,0.4955094,0.4955,0.7210884,0.7211,0.7245383,-9.3900,1.0000000,1.0000,[],1
5.3439,5.3439,73.8674,0.6188386,O=C(NCC(=O)N1C[C@H](O)C[C@H]1C(=O)N[C@@H](CO)c1ccccc1)c1ccc2cc(F)ccc2n1,1,COc1ccc([C@H](C)NC(=O)[C@@H]2C[C@@H](O)CN2C(=O)CNC(=O)c2ccc3cc(F)ccc3n2)c(Cl)c1,0.3976824,0.3977,0.7229730,0.7230,0.7142094,-9.2900,1.0000000,1.0000,[],1
4.0184,4.0184,80.7793,0.6624825,O=C(NCC(=O)N1CCC[C@H]1C(=O)NCc1cccc(Cl)c1)c1ccc2cc(F)ccc2n1,1,COc1ccc([C@H](C)NC(=O)[C@@H]2C[C@@H](O)CN2C(=O)CNC(=O)c2ccc3cc(F)ccc3n2)c(Cl)c1,0.5813532,0.5814,0.6089744,0.6090,0.7376142,-9.5200,1.0000000,1.0000,[],1
4.2571,4.2571,76.6724,0.6322616,O=C(NCC(=O)N1CCC[C@H]1C(=O)NCc1ccccc1)c1ccc2cc(F)ccc2n1,1,COc1ccc([C@H](C)NC(=O)[C@@H]2C[C@@H](O)CN2C(=O)CNC(=O)c2ccc3cc(F)ccc3n2)c(Cl)c1,0.6234303,0.6234,0.5897436,0.5897,0.6592771,-8.7900,1.0000000,1.0000,[],1
5.2558,5.2558,77.0136,0.6427296,O=C(NCC(=O)N1C[C@H](O)C[C@H]1C(=O)NCc1ccccc1)c1ccc2cc(F)ccc2n1,1,COc1ccc([C@H](C)NC(=O)[C@@H]2C[C@@H](O)CN2C(=O)CNC(=O)c2ccc3cc(F)ccc3n2)c(Cl)c1,0.5255299,0.5255,0.7006803,0.7007,0.6807660,-8.9800,1.0000000,1.0000,[],1
5.3950,5.4039,79.0186,0.6595507,CC(C)C[C@@H](NC(=O)[C@@H]1C[C@@H](O)CN1C(=O)CNC(=O)c1ccc2cc(F)ccc2n1)c1ccccc1,1,COc1ccc([C@H](C)NC(=O)[C@@H]2C[C@@H](O)CN2C(=O)CNC(=O)c2ccc3cc(F)ccc3n2)c(Cl)c1,0.4350574,0.4351,0.7171053,0.7171,0.7788103,-9.9600,1.0000000,1.0000,[],2
8.0017,10.3780,67.3965,0.6076130,CC(C)C[C@@H](NC(=O)[C@@H]1C[C@@H](O)CN1C(=O)CNC(=O)c1ccc2cc(F)ccc2n1)c1ccccn1,1,COc1ccc([C@H](C)NC(=O)[C@@H]2C[C@@H](O)CN2C(=O)CNC(=O)c2ccc3cc(F)ccc3n2)c(Cl)c1,0.4300692,0.4301,0.6838710,0.6839,0.6807660,-8.9800,1.0000000,1.0000,[],2
8.8078,10.8502,73.3061,0.6574707,C[C@@H](NC(=O)[C@@H]1C[C@@H](O)CN1C(=O)CNC(=O)c1ccc2cc(F)ccc2n1)c1cccnc1,1,COc1ccc([C@H](C)NC(=O)[C@@H]2C[C@@H](O)CN2C(=O)CNC(=O)c2ccc3cc(F)ccc3n2)c(Cl)c1,0.5047172,0.5047,0.7500000,0.7500,0.7025838,-9.1800,1.0000000,1.0000,[],2
2.6557,4.3567,79.8798,0.6580983,O=C(NCC(=O)N1C[C@H](O)C[C@H]1C(=O)NCc1cccc(Cl)c1)c1ccc2cc(F)ccc2n1,1,COc1ccc([C@H](C)NC(=O)[C@@H]2C[C@@H](O)CN2C(=O)CNC(=O)c2ccc3cc(F)ccc3n2)c(Cl)c1,0.4955094,0.4955,0.7210884,0.7211,0.7245383,-9.3900,1.0000000,1.0000,[],2
1.7830,5.2558,77.0136,0.6427296,O=C(NCC(=O)N1C[C@H](O)C[C@H]1C(=O)NCc1ccccc1)c1ccc2cc(F)ccc2n1,1,COc1ccc([C@H](C)NC(=O)[C@@H]2C[C@@H](O)CN2C(=O)CNC(=O)c2ccc3cc(F)ccc3n2)c(Cl)c1,0.5255299,0.5255,0.7006803,0.7007,0.6807660,-8.9800,1.0000000,1.0000,[],2
3.1452,7.1597,76.3941,0.6527645,O=C(NCC(=O)N1C[C@H](O)C[C@H]1C(=O)NCc1ccccn1)c1ccc2cc(F)ccc2n1,1,COc1ccc([C@H](C)NC(=O)[C@@H]2C[C@@H](O)CN2C(=O)CNC(=O)c2ccc3cc(F)ccc3n2)c(Cl)c1,0.5087862,0.5088,0.6666667,0.6667,0.7316291,-9.4600,1.0000000,1.0000,[],2
3.1684,10.3780,67.3965,0.6076130,CC(C)C[C@@H](NC(=O)[C@@H]1C[C@@H](O)CN1C(=O)CNC(=O)c1ccc2cc(F)ccc2n1)c1ccccn1,1,COc1ccc([C@H](C)NC(=O)[C@@H]2C[C@@H](O)CN2C(=O)CNC(=O)c2ccc3cc(F)ccc3n2)c(Cl)c1,0.4300692,0.4301,0.6838710,0.6839,0.6807660,-8.9800,1.0000000,1.0000,[],3
4.4170,6.1025,70.9552,0.6020140,CN(C)C(=O)[C@@H]1C[C@@H](O)CN1C(=O)CNC(=O)c1ccc2cc(F)ccc2n1,1,COc1ccc([C@H](C)NC(=O)[C@@H]2C[C@@H](O)CN2C(=O)CNC(=O)c2ccc3cc(F)ccc3n2)c(Cl)c1,0.7764949,0.7765,0.6214286,0.6214,0.5217329,-7.6700,1.0000000,1.0000,[],3
5.7817,7.3304,72.3546,0.6225395,O=C(NCC(=O)N1C[C@H](O)C[C@H]1C(=O)NCCc1ccccc1)c1ccc2cc(F)ccc2n1,1,COc1ccc([C@H](C)NC(=O)[C@@H]2C[C@@H](O)CN2C(=O)CNC(=O)c2ccc3cc(F)ccc3n2)c(Cl)c1,0.4898709,0.4899,0.6933333,0.6933,0.6650005,-8.8400,1.0000000,1.0000,[],3
2.7109,4.3567,79.8798,0.6580983,O=C(NCC(=O)N1C[C@H](O)C[C@H]1C(=O)NCc1cccc(Cl)c1)c1ccc2cc(F)ccc2n1,1,COc1ccc([C@H](C)NC(=O)[C@@H]2C[C@@H](O)CN2C(=O)CNC(=O)c2ccc3cc(F)ccc3n2)c(Cl)c1,0.4955094,0.4955,0.7210884,0.7211,0.7245383,-9.3900,1.0000000,1.0000,[],3
1.5044,5.2558,77.0136,0.6427296,O=C(NCC(=O)N1C[C@H](O)C[C@H]1C(=O)NCc1ccccc1)c1ccc2cc(F)ccc2n1,1,COc1ccc([C@H](C)NC(=O)[C@@H]2C[C@@H](O)CN2C(=O)CNC(=O)c2ccc3cc(F)ccc3n2)c(Cl)c1,0.5255299,0.5255,0.7006803,0.7007,0.6807660,-8.9800,1.0000000,1.0000,[],3
1.6678,7.1597,76.3941,0.6527645,O=C(NCC(=O)N1C[C@H](O)C[C@H]1C(=O)NCc1ccccn1)c1ccc2cc(F)ccc2n1,1,COc1ccc([C@H](C)NC(=O)[C@@H]2C[C@@H](O)CN2C(=O)CNC(=O)c2ccc3cc(F)ccc3n2)c(Cl)c1,0.5087862,0.5088,0.6666667,0.6667,0.7316291,-9.4600,1.0000000,1.0000,[],3
5.6359,5.5430,67.0666,0.5672624,CNC(=O)[C@@H]1C[C@@H](O)CN1C(=O)CNC(=O)c1ccc2cc(F)ccc2n1,1,COc1ccc([C@H](C)NC(=O)[C@@H]2C[C@@H](O)CN2C(=O)CNC(=O)c2ccc3cc(F)ccc3n2)c(Cl)c1,0.6870019,0.6870,0.6917293,0.6917,0.4667894,-7.2400,1.0000000,1.0000,[],4
6.5650,7.9987,74.5974,0.6452814,Cc1ccccc1CNC(=O)[C@@H]1C[C@@H](O)CN1C(=O)CNC(=O)c1ccc2cc(F)ccc2n1,1,COc1ccc([C@H](C)NC(=O)[C@@H]2C[C@@H](O)CN2C(=O)CNC(=O)c2ccc3cc(F)ccc3n2)c(Cl)c1,0.5141896,0.5142,0.6979866,0.6980,0.6950453,-9.1100,1.0000000,1.0000,[],4
2.5435,4.3567,79.8798,0.6580983,O=C(NCC(=O)N1C[C@H](O)C[C@H]1C(=O)NCc1cccc(Cl)c1)c1ccc2cc(F)ccc2n1,1,COc1ccc([C@H](C)NC(=O)[C@@H]2C[C@@H](O)CN2C(=O)CNC(=O)c2ccc3cc(F)ccc3n2)c(Cl)c1,0.4955094,0.4955,0.7210884,0.7211,0.7245383,-9.3900,1.0000000,1.0000,[],4
1.4058,5.2558,77.0136,0.6427296,O=C(NCC(=O)N1C[C@H](O)C[C@H]1C(=O)NCc1ccccc1)c1ccc2cc(F)ccc2n1,1,COc1ccc([C@H](C)NC(=O)[C@@H]2C[C@@H](O)CN2C(=O)CNC(=O)c2ccc3cc(F)ccc3n2)c(Cl)c1,0.5255299,0.5255,0.7006803,0.7007,0.6807660,-8.9800,1.0000000,1.0000,[],4
1.4959,7.1597,76.3941,0.6527645,O=C(NCC(=O)N1C[C@H](O)C[C@H]1C(=O)NCc1ccccn1)c1ccc2cc(F)ccc2n1,1,COc1ccc([C@H](C)NC(=O)[C@@H]2C[C@@H](O)CN2C(=O)CNC(=O)c2ccc3cc(F)ccc3n2)c(Cl)c1,0.5087862,0.5088,0.6666667,0.6667,0.7316291,-9.4600,1.0000000,1.0000,[],4
2.7446,6.1025,70.9552,0.6020140,CN(C)C(=O)[C@@H]1C[C@@H](O)CN1C(=O)CNC(=O)c1ccc2cc(F)ccc2n1,1,COc1ccc([C@H](C)NC(=O)[C@@H]2C[C@@H](O)CN2C(=O)CNC(=O)c2ccc3cc(F)ccc3n2)c(Cl)c1,0.7764949,0.7765,0.6214286,0.6214,0.5217329,-7.6700,1.0000000,1.0000,[],5
3.6168,5.4906,66.1418,0.5596279,COCCNC(=O)[C@@H]1C[C@@H](O)CN1C(=O)CNC(=O)c1ccc2cc(F)ccc2n1,1,COc1ccc([C@H](C)NC(=O)[C@@H]2C[C@@H](O)CN2C(=O)CNC(=O)c2ccc3cc(F)ccc3n2)c(Cl)c1,0.5370954,0.5371,0.6808511,0.6809,0.5179013,-7.6400,1.0000000,1.0000,[],5
5.7151,9.3781,56.0339,0.5110312,O=C(NCC(=O)N1C[C@H](O)C[C@H]1C(=O)NCCCO)c1ccc2cc(F)ccc2n1,1,COc1ccc([C@H](C)NC(=O)[C@@H]2C[C@@H](O)CN2C(=O)CNC(=O)c2ccc3cc(F)ccc3n2)c(Cl)c1,0.4511708,0.4512,0.6573427,0.6573,0.4795440,-7.3400,1.0000000,1.0000,[],5
2.1173,4.3567,79.8798,0.6580983,O=C(NCC(=O)N1C[C@H](O)C[C@H]1C(=O)NCc1cccc(Cl)c1)c1ccc2cc(F)ccc2n1,1,COc1ccc([C@H](C)NC(=O)[C@@H]2C[C@@H](O)CN2C(=O)CNC(=O)c2ccc3cc(F)ccc3n2)c(Cl)c1,0.4955094,0.4955,0.7210884,0.7211,0.7245383,-9.3900,1.0000000,1.0000,[],5
1.3425,5.2558,77.0136,0.6427296,O=C(NCC(=O)N1C[C@H](O)C[C@H]1C(=O)NCc1ccccc1)c1ccc2cc(F)ccc2n1,1,COc1ccc([C@H](C)NC(=O)[C@@H]2C[C@@H](O)CN2C(=O)CNC(=O)c2ccc3cc(F)ccc3n2)c(Cl)c1,0.5255299,0.5255,0.7006803,0.7007,0.6807660,-8.9800,1.0000000,1.0000,[],5
1.6596,7.1597,76.3941,0.6527645,O=C(NCC(=O)N1C[C@H](O)C[C@H]1C(=O)NCc1ccccn1)c1ccc2cc(F)ccc2n1,1,COc1ccc([C@H](C)NC(=O)[C@@H]2C[C@@H](O)CN2C(=O)CNC(=O)c2ccc3cc(F)ccc3n2)c(Cl)c1,0.5087862,0.5088,0.6666667,0.6667,0.7316291,-9.4600,1.0000000,1.0000,[],5
4.7413,12.1398,64.0233,0.5950238,CC(C)C[C@@H](NC(=O)[C@@H]1C[C@@H](O)CN1C(=O)CNC(=O)c1ccc2cc(F)ccc2n1)c1cccnc1,1,COc1ccc([C@H](C)NC(=O)[C@@H]2C[C@@H](O)CN2C(=O)CNC(=O)c2ccc3cc(F)ccc3n2)c(Cl)c1,0.4300692,0.4301,0.6948052,0.6948,0.6476911,-8.6900,1.0000000,1.0000,[],6
3.5125,7.3304,72.3546,0.6225395,O=C(NCC(=O)N1C[C@H](O)C[C@H]1C(=O)NCCc1ccccc1)c1ccc2cc(F)ccc2n1,1,COc1ccc([C@H](C)NC(=O)[C@@H]2C[C@@H](O)CN2C(=O)CNC(=O)c2ccc3cc(F)ccc3n2)c(Cl)c1,0.4898709,0.4899,0.6933333,0.6933,0.6650005,-8.8400,1.0000000,1.0000,[],6
1.7170,4.3567,79.8798,0.6580983,O=C(NCC(=O)N1C[C@H](O)C[C@H]1C(=O)NCc1cccc(Cl)c1)c1ccc2cc(F)ccc2n1,1,COc1ccc([C@H](C)NC(=O)[C@@H]2C[C@@H](O)CN2C(=O)CNC(=O)c2ccc3cc(F)ccc3n2)c(Cl)c1,0.4955094,0.4955,0.7210884,0.7211,0.7245383,-9.3900,1.0000000,1.0000,[],6
1.4909,5.2558,77.0136,0.6427296,O=C(NCC(=O)N1C[C@H](O)C[C@H]1C(=O)NCc1ccccc1)c1ccc2cc(F)ccc2n1,1,COc1ccc([C@H](C)NC(=O)[C@@H]2C[C@@H](O)CN2C(=O)CNC(=O)c2ccc3cc(F)ccc3n2)c(Cl)c1,0.5255299,0.5255,0.7006803,0.7007,0.6807660,-8.9800,1.0000000,1.0000,[],6
1.8941,7.1597,76.3941,0.6527645,O=C(NCC(=O)N1C[C@H](O)C[C@H]1C(=O)NCc1ccccn1)c1ccc2cc(F)ccc2n1,1,COc1ccc([C@H](C)NC(=O)[C@@H]2C[C@@H](O)CN2C(=O)CNC(=O)c2ccc3cc(F)ccc3n2)c(Cl)c1,0.5087862,0.5088,0.6666667,0.6667,0.7316291,-9.4600,1.0000000,1.0000,[],6
6.9310,8.6460,70.9000,0.6214528,O=C(NCC(=O)N1C[C@H](O)C[C@H]1C(=O)Nc1cccc(Cl)c1)c1ccc2cc(F)ccc2n1,1,COc1ccc([C@H](C)NC(=O)[C@@H]2C[C@@H](O)CN2C(=O)CNC(=O)c2ccc3cc(F)ccc3n2)c(Cl)c1,0.5297647,0.5298,0.6711409,0.6711,0.6476911,-8.6900,1.0000000,1.0000,[],6
4.4570,12.1398,64.0233,0.5950238,CC(C)C[C@@H](NC(=O)[C@@H]1C[C@@H](O)CN1C(=O)CNC(=O)c1ccc2cc(F)ccc2n1)c1cccnc1,1,COc1ccc([C@H](C)NC(=O)[C@@H]2C[C@@H](O)CN2C(=O)CNC(=O)c2ccc3cc(F)ccc3n2)c(Cl)c1,0.4300692,0.4301,0.6948052,0.6948,0.6476911,-8.6900,1.0000000,1.0000,[],7
2.4189,6.1026,70.9552,0.6020140,CN(C)C(=O)[C@@H]1C[C@@H](O)CN1C(=O)CNC(=O)c1ccc2cc(F)ccc2n1,1,COc1ccc([C@H](C)NC(=O)[C@@H]2C[C@@H](O)CN2C(=O)CNC(=O)c2ccc3cc(F)ccc3n2)c(Cl)c1,0.7764949,0.7765,0.6214286,0.6214,0.5217329,-7.6700,1.0000000,1.0000,[],7
3.3979,5.5430,67.0666,0.5672624,CNC(=O)[C@@H]1C[C@@H](O)CN1C(=O)CNC(=O)c1ccc2cc(F)ccc2n1,1,COc1ccc([C@H](C)NC(=O)[C@@H]2C[C@@H](O)CN2C(=O)CNC(=O)c2ccc3cc(F)ccc3n2)c(Cl)c1,0.6870019,0.6870,0.6917293,0.6917,0.4667894,-7.2400,1.0000000,1.0000,[],7
4.5229,13.7991,60.1845,0.5779964,CSCC[C@H](NC(=O)[C@@H]1C[C@@H](O)CN1C(=O)CNC(=O)c1ccc2cc(F)ccc2n1)c1ccccn1,1,COc1ccc([C@H](C)NC(=O)[C@@H]2C[C@@H](O)CN2C(=O)CNC(=O)c2ccc3cc(F)ccc3n2)c(Cl)c1,0.3907035,0.3907,0.6858974,0.6859,0.6453525,-8.6700,1.0000000,1.0000,[],7
3.0361,7.3304,72.3546,0.6225395,O=C(NCC(=O)N1C[C@H](O)C[C@H]1C(=O)NCCc1ccccc1)c1ccc2cc(F)ccc2n1,1,COc1ccc([C@H](C)NC(=O)[C@@H]2C[C@@H](O)CN2C(=O)CNC(=O)c2ccc3cc(F)ccc3n2)c(Cl)c1,0.4898709,0.4899,0.6933333,0.6933,0.6650005,-8.8400,1.0000000,1.0000,[],7
1.3177,4.3567,79.8798,0.6580983,O=C(NCC(=O)N1C[C@H](O)C[C@H]1C(=O)NCc1cccc(Cl)c1)c1ccc2cc(F)ccc2n1,1,COc1ccc([C@H](C)NC(=O)[C@@H]2C[C@@H](O)CN2C(=O)CNC(=O)c2ccc3cc(F)ccc3n2)c(Cl)c1,0.4955094,0.4955,0.7210884,0.7211,0.7245383,-9.3900,1.0000000,1.0000,[],7
1.8000,5.2558,77.0136,0.6427296,O=C(NCC(=O)N1C[C@H](O)C[C@H]1C(=O)NCc1ccccc1)c1ccc2cc(F)ccc2n1,1,COc1ccc([C@H](C)NC(=O)[C@@H]2C[C@@H](O)CN2C(=O)CNC(=O)c2ccc3cc(F)ccc3n2)c(Cl)c1,0.5255299,0.5255,0.7006803,0.7007,0.6807660,-8.9800,1.0000000,1.0000,[],7
4.7362,16.9852,56.1420,0.5713062,CC(C)C[C@@H](NC(=O)[C@@H]1C[C@@H](O)CN1C(=O)CNC(=O)c1ccc2cc(F)ccc2n1)c1cnccn1,1,COc1ccc([C@H](C)NC(=O)[C@@H]2C[C@@H](O)CN2C(=O)CNC(=O)c2ccc3cc(F)ccc3n2)c(Cl)c1,0.4216109,0.4216,0.6415094,0.6415,0.6275965,-8.5200,1.0000000,1.0000,[],8
2.4007,6.1025,70.9552,0.6020140,CN(C)C(=O)[C@@H]1C[C@@H](O)CN1C(=O)CNC(=O)c1ccc2cc(F)ccc2n1,1,COc1ccc([C@H](C)NC(=O)[C@@H]2C[C@@H](O)CN2C(=O)CNC(=O)c2ccc3cc(F)ccc3n2)c(Cl)c1,0.7764949,0.7765,0.6214286,0.6214,0.5217329,-7.6700,1.0000000,1.0000,[],8
2.8718,5.5430,67.0666,0.5672624,CNC(=O)[C@@H]1C[C@@H](O)CN1C(=O)CNC(=O)c1ccc2cc(F)ccc2n1,1,COc1ccc([C@H](C)NC(=O)[C@@H]2C[C@@H](O)CN2C(=O)CNC(=O)c2ccc3cc(F)ccc3n2)c(Cl)c1,0.6870019,0.6870,0.6917293,0.6917,0.4667894,-7.2400,1.0000000,1.0000,[],8
1.1970,4.3567,79.8798,0.6580983,O=C(NCC(=O)N1C[C@H](O)C[C@H]1C(=O)NCc1cccc(Cl)c1)c1ccc2cc(F)ccc2n1,1,COc1ccc([C@H](C)NC(=O)[C@@H]2C[C@@H](O)CN2C(=O)CNC(=O)c2ccc3cc(F)ccc3n2)c(Cl)c1,0.4955094,0.4955,0.7210884,0.7211,0.7245383,-9.3900,1.0000000,1.0000,[],8
2.0648,5.2558,77.0136,0.6427296,O=C(NCC(=O)N1C[C@H](O)C[C@H]1C(=O)NCc1ccccc1)c1ccc2cc(F)ccc2n1,1,COc1ccc([C@H](C)NC(=O)[C@@H]2C[C@@H](O)CN2C(=O)CNC(=O)c2ccc3cc(F)ccc3n2)c(Cl)c1,0.5255299,0.5255,0.7006803,0.7007,0.6807660,-8.9800,1.0000000,1.0000,[],8
4.0478,12.1398,64.0233,0.5950238,CC(C)C[C@@H](NC(=O)[C@@H]1C[C@@H](O)CN1C(=O)CNC(=O)c1ccc2cc(F)ccc2n1)c1cccnc1,1,COc1ccc([C@H](C)NC(=O)[C@@H]2C[C@@H](O)CN2C(=O)CNC(=O)c2ccc3cc(F)ccc3n2)c(Cl)c1,0.4300692,0.4301,0.6948052,0.6948,0.6476911,-8.6900,1.0000000,1.0000,[],9
2.3824,6.1025,70.9552,0.6020140,CN(C)C(=O)[C@@H]1C[C@@H](O)CN1C(=O)CNC(=O)c1ccc2cc(F)ccc2n1,1,COc1ccc([C@H](C)NC(=O)[C@@H]2C[C@@H](O)CN2C(=O)CNC(=O)c2ccc3cc(F)ccc3n2)c(Cl)c1,0.7764949,0.7765,0.6214286,0.6214,0.5217329,-7.6700,1.0000000,1.0000,[],9
3.8083,5.4906,66.1418,0.5596279,COCCNC(=O)[C@@H]1C[C@@H](O)CN1C(=O)CNC(=O)c1ccc2cc(F)ccc2n1,1,COc1ccc([C@H](C)NC(=O)[C@@H]2C[C@@H](O)CN2C(=O)CNC(=O)c2ccc3cc(F)ccc3n2)c(Cl)c1,0.5370954,0.5371,0.6808511,0.6809,0.5179013,-7.6400,1.0000000,1.0000,[],9
1.2362,4.3567,79.8798,0.6580983,O=C(NCC(=O)N1C[C@H](O)C[C@H]1C(=O)NCc1cccc(Cl)c1)c1ccc2cc(F)ccc2n1,1,COc1ccc([C@H](C)NC(=O)[C@@H]2C[C@@H](O)CN2C(=O)CNC(=O)c2ccc3cc(F)ccc3n2)c(Cl)c1,0.4955094,0.4955,0.7210884,0.7211,0.7245383,-9.3900,1.0000000,1.0000,[],9
2.1662,5.2558,77.0136,0.6427296,O=C(NCC(=O)N1C[C@H](O)C[C@H]1C(=O)NCc1ccccc1)c1ccc2cc(F)ccc2n1,1,COc1ccc([C@H](C)NC(=O)[C@@H]2C[C@@H](O)CN2C(=O)CNC(=O)c2ccc3cc(F)ccc3n2)c(Cl)c1,0.5255299,0.5255,0.7006803,0.7007,0.6807660,-8.9800,1.0000000,1.0000,[],9
6.5398,7.2809,71.1769,0.6129520,CC(C)CNC(=O)[C@@H]1C[C@@H](O)CN1C(=O)CNC(=O)c1ccc2cc(F)ccc2n1,1,COc1ccc([C@H](C)NC(=O)[C@@H]2C[C@@H](O)CN2C(=O)CNC(=O)c2ccc3cc(F)ccc3n2)c(Cl)c1,0.6461800,0.6462,0.6785714,0.6786,0.5673858,-8.0300,1.0000000,1.0000,[],10
2.2361,6.1026,70.9552,0.6020140,CN(C)C(=O)[C@@H]1C[C@@H](O)CN1C(=O)CNC(=O)c1ccc2cc(F)ccc2n1,1,COc1ccc([C@H](C)NC(=O)[C@@H]2C[C@@H](O)CN2C(=O)CNC(=O)c2ccc3cc(F)ccc3n2)c(Cl)c1,0.7764949,0.7765,0.6214286,0.6214,0.5217329,-7.6700,1.0000000,1.0000,[],10
2.0027,5.5430,67.0666,0.5672624,CNC(=O)[C@@H]1C[C@@H](O)CN1C(=O)CNC(=O)c1ccc2cc(F)ccc2n1,1,COc1ccc([C@H](C)NC(=O)[C@@H]2C[C@@H](O)CN2C(=O)CNC(=O)c2ccc3cc(F)ccc3n2)c(Cl)c1,0.6870019,0.6870,0.6917293,0.6917,0.4667894,-7.2400,1.0000000,1.0000,[],10
6.5150,6.9255,-6.9255,0.0000000,COC(=O)CNC(=O)[C@@H]1C[C@@H](O)CN1C(=O)CNC(=O)c1ccc2cc(F)ccc2n1,1,COc1ccc([C@H](C)NC(=O)[C@@H]2C[C@@H](O)CN2C(=O)CNC(=O)c2ccc3cc(F)ccc3n2)c(Cl)c1,0.0000000,0.0000,0.0000000,0.0000,0.0000000,0.0000,0.0000000,0.0000,"['C(=[O,S])[O,S]']",10
4.2711,9.3781,56.0339,0.5110312,O=C(NCC(=O)N1C[C@H](O)C[C@H]1C(=O)NCCCO)c1ccc2cc(F)ccc2n1,1,COc1ccc([C@H](C)NC(=O)[C@@H]2C[C@@H](O)CN2C(=O)CNC(=O)c2ccc3cc(F)ccc3n2)c(Cl)c1,0.4511708,0.4512,0.6573427,0.6573,0.4795440,-7.3400,1.0000000,1.0000,[],10
1.3640,4.3567,79.8798,0.6580983,O=C(NCC(=O)N1C[C@H](O)C[C@H]1C(=O)NCc1cccc(Cl)c1)c1ccc2cc(F)ccc2n1,1,COc1ccc([C@H](C)NC(=O)[C@@H]2C[C@@H](O)CN2C(=O)CNC(=O)c2ccc3cc(F)ccc3n2)c(Cl)c1,0.4955094,0.4955,0.7210884,0.7211,0.7245383,-9.3900,1.0000000,1.0000,[],10
2.1128,5.2558,77.0136,0.6427296,O=C(NCC(=O)N1C[C@H](O)C[C@H]1C(=O)NCc1ccccc1)c1ccc2cc(F)ccc2n1,1,COc1ccc([C@H](C)NC(=O)[C@@H]2C[C@@H](O)CN2C(=O)CNC(=O)c2ccc3cc(F)ccc3n2)c(Cl)c1,0.5255299,0.5255,0.7006803,0.7007,0.6807660,-8.9800,1.0000000,1.0000,[],10
1.7547,5.5430,67.0666,0.5672624,CNC(=O)[C@@H]1C[C@@H](O)CN1C(=O)CNC(=O)c1ccc2cc(F)ccc2n1,1,COc1ccc([C@H](C)NC(=O)[C@@H]2C[C@@H](O)CN2C(=O)CNC(=O)c2ccc3cc(F)ccc3n2)c(Cl)c1,0.6870019,0.6870,0.6917293,0.6917,0.4667894,-7.2400,1.0000000,1.0000,[],11
10.8687,10.4944,70.8044,0.6351467,C[C@H](NC(=O)[C@@H]1C[C@@H](O)CN1C(=O)CNC(=O)c1ccc2cc(F)ccc2n1)c1ccc(Cl)cn1,1,COc1ccc([C@H](C)NC(=O)[C@@H]2C[C@@H](O)CN2C(=O)CNC(=O)c2ccc3cc(F)ccc3n2)c(Cl)c1,0.4762095,0.4762,0.7278912,0.7279,0.6851977,-9.0200,1.0000000,1.0000,[],11
1.5916,4.3567,79.8798,0.6580983,O=C(NCC(=O)N1C[C@H](O)C[C@H]1C(=O)NCc1cccc(Cl)c1)c1ccc2cc(F)ccc2n1,1,COc1ccc([C@H](C)NC(=O)[C@@H]2C[C@@H](O)CN2C(=O)CNC(=O)c2ccc3cc(F)ccc3n2)c(Cl)c1,0.4955094,0.4955,0.7210884,0.7211,0.7245383,-9.3900,1.0000000,1.0000,[],11
2.0937,5.2558,77.0136,0.6427296,O=C(NCC(=O)N1C[C@H](O)C[C@H]1C(=O)NCc1ccccc1)c1ccc2cc(F)ccc2n1,1,COc1ccc([C@H](C)NC(=O)[C@@H]2C[C@@H](O)CN2C(=O)CNC(=O)c2ccc3cc(F)ccc3n2)c(Cl)c1,0.5255299,0.5255,0.7006803,0.7007,0.6807660,-8.9800,1.0000000,1.0000,[],11
2.8152,7.2809,71.1769,0.6129520,CC(C)CNC(=O)[C@@H]1C[C@@H](O)CN1C(=O)CNC(=O)c1ccc2cc(F)ccc2n1,1,COc1ccc([C@H](C)NC(=O)[C@@H]2C[C@@H](O)CN2C(=O)CNC(=O)c2ccc3cc(F)ccc3n2)c(Cl)c1,0.6461800,0.6462,0.6785714,0.6786,0.5673858,-8.0300,1.0000000,1.0000,[],12
5.2084,15.2886,60.8452,0.5947953,CC(C)C[C@@H](NC(=O)[C@@H]1C[C@@H](O)CN1C(=O)CNC(=O)c1ccc2cc(F)ccc2n1)c1ccncc1,1,COc1ccc([C@H](C)NC(=O)[C@@H]2C[C@@H](O)CN2C(=O)CNC(=O)c2ccc3cc(F)ccc3n2)c(Cl)c1,0.4300692,0.4301,0.6838710,0.6839,0.6523473,-8.7300,1.0000000,1.0000,[],12
2.1156,6.1025,70.9552,0.6020140,CN(C)C(=O)[C@@H]1C[C@@H](O)CN1C(=O)CNC(=O)c1ccc2cc(F)ccc2n1,1,COc1ccc([C@H](C)NC(=O)[C@@H]2C[C@@H](O)CN2C(=O)CNC(=O)c2ccc3cc(F)ccc3n2)c(Cl)c1,0.7764949,0.7765,0.6214286,0.6214,0.5217329,-7.6700,1.0000000,1.0000,[],12
1.5116,5.5430,67.0666,0.5672624,CNC(=O)[C@@H]1C[C@@H](O)CN1C(=O)CNC(=O)c1ccc2cc(F)ccc2n1,1,COc1ccc([C@H](C)NC(=O)[C@@H]2C[C@@H](O)CN2C(=O)CNC(=O)c2ccc3cc(F)ccc3n2)c(Cl)c1,0.6870019,0.6870,0.6917293,0.6917,0.4667894,-7.2400,1.0000000,1.0000,[],12
4.2083,9.3781,56.0339,0.5110312,O=C(NCC(=O)N1C[C@H](O)C[C@H]1C(=O)NCCCO)c1ccc2cc(F)ccc2n1,1,COc1ccc([C@H](C)NC(=O)[C@@H]2C[C@@H](O)CN2C(=O)CNC(=O)c2ccc3cc(F)ccc3n2)c(Cl)c1,0.4511708,0.4512,0.6573427,0.6573,0.4795440,-7.3400,1.0000000,1.0000,[],12
1.7696,4.3567,79.8798,0.6580983,O=C(NCC(=O)N1C[C@H](O)C[C@H]1C(=O)NCc1cccc(Cl)c1)c1ccc2cc(F)ccc2n1,1,COc1ccc([C@H](C)NC(=O)[C@@H]2C[C@@H](O)CN2C(=O)CNC(=O)c2ccc3cc(F)ccc3n2)c(Cl)c1,0.4955094,0.4955,0.7210884,0.7211,0.7245383,-9.3900,1.0000000,1.0000,[],12
7.7982,15.5553,-15.5553,0.0000000,CCOC(=O)CNC(=O)[C@@H]1C[C@@H](O)CN1C(=O)CNC(=O)c1ccc2cc(F)ccc2n1,1,COc1ccc([C@H](C)NC(=O)[C@@H]2C[C@@H](O)CN2C(=O)CNC(=O)c2ccc3cc(F)ccc3n2)c(Cl)c1,0.0000000,0.0000,0.0000000,0.0000,0.0000000,0.0000,0.0000000,0.0000,"['C(=[O,S])[O,S]']",13
1.3856,5.5430,67.0666,0.5672624,CNC(=O)[C@@H]1C[C@@H](O)CN1C(=O)CNC(=O)c1ccc2cc(F)ccc2n1,1,COc1ccc([C@H](C)NC(=O)[C@@H]2C[C@@H](O)CN2C(=O)CNC(=O)c2ccc3cc(F)ccc3n2)c(Cl)c1,0.6870019,0.6870,0.6917293,0.6917,0.4667894,-7.2400,1.0000000,1.0000,[],13
3.4028,5.4906,66.1418,0.5596279,COCCNC(=O)[C@@H]1C[C@@H](O)CN1C(=O)CNC(=O)c1ccc2cc(F)ccc2n1,1,COc1ccc([C@H](C)NC(=O)[C@@H]2C[C@@H](O)CN2C(=O)CNC(=O)c2ccc3cc(F)ccc3n2)c(Cl)c1,0.5370954,0.5371,0.6808511,0.6809,0.5179013,-7.6400,1.0000000,1.0000,[],13
4.5062,13.7991,60.1845,0.5779964,CSCC[C@H](NC(=O)[C@@H]1C[C@@H](O)CN1C(=O)CNC(=O)c1ccc2cc(F)ccc2n1)c1ccccn1,1,COc1ccc([C@H](C)NC(=O)[C@@H]2C[C@@H](O)CN2C(=O)CNC(=O)c2ccc3cc(F)ccc3n2)c(Cl)c1,0.3907035,0.3907,0.6858974,0.6859,0.6453525,-8.6700,1.0000000,1.0000,[],13
1.9520,4.3567,79.8798,0.6580983,O=C(NCC(=O)N1C[C@H](O)C[C@H]1C(=O)NCc1cccc(Cl)c1)c1ccc2cc(F)ccc2n1,1,COc1ccc([C@H](C)NC(=O)[C@@H]2C[C@@H](O)CN2C(=O)CNC(=O)c2ccc3cc(F)ccc3n2)c(Cl)c1,0.4955094,0.4955,0.7210884,0.7211,0.7245383,-9.3900,1.0000000,1.0000,[],13
2.1245,5.2558,77.0136,0.6427296,O=C(NCC(=O)N1C[C@H](O)C[C@H]1C(=O)NCc1ccccc1)c1ccc2cc(F)ccc2n1,1,COc1ccc([C@H](C)NC(=O)[C@@H]2C[C@@H](O)CN2C(=O)CNC(=O)c2ccc3cc(F)ccc3n2)c(Cl)c1,0.5255299,0.5255,0.7006803,0.7007,0.6807660,-8.9800,1.0000000,1.0000,[],13
2.1174,7.2809,71.1769,0.6129520,CC(C)CNC(=O)[C@@H]1C[C@@H](O)CN1C(=O)CNC(=O)c1ccc2cc(F)ccc2n1,1,COc1ccc([C@H](C)NC(=O)[C@@H]2C[C@@H](O)CN2C(=O)CNC(=O)c2ccc3cc(F)ccc3n2)c(Cl)c1,0.6461800,0.6462,0.6785714,0.6786,0.5673858,-8.0300,1.0000000,1.0000,[],14
1.3163,5.5430,67.0666,0.5672624,CNC(=O)[C@@H]1C[C@@H](O)CN1C(=O)CNC(=O)c1ccc2cc(F)ccc2n1,1,COc1ccc([C@H](C)NC(=O)[C@@H]2C[C@@H](O)CN2C(=O)CNC(=O)c2ccc3cc(F)ccc3n2)c(Cl)c1,0.6870019,0.6870,0.6917293,0.6917,0.4667894,-7.2400,1.0000000,1.0000,[],14
3.1559,5.4906,66.1418,0.5596279,COCCNC(=O)[C@@H]1C[C@@H](O)CN1C(=O)CNC(=O)c1ccc2cc(F)ccc2n1,1,COc1ccc([C@H](C)NC(=O)[C@@H]2C[C@@H](O)CN2C(=O)CNC(=O)c2ccc3cc(F)ccc3n2)c(Cl)c1,0.5370954,0.5371,0.6808511,0.6809,0.5179013,-7.6400,1.0000000,1.0000,[],14
2.0645,4.3567,79.8798,0.6580983,O=C(NCC(=O)N1C[C@H](O)C[C@H]1C(=O)NCc1cccc(Cl)c1)c1ccc2cc(F)ccc2n1,1,COc1ccc([C@H](C)NC(=O)[C@@H]2C[C@@H](O)CN2C(=O)CNC(=O)c2ccc3cc(F)ccc3n2)c(Cl)c1,0.4955094,0.4955,0.7210884,0.7211,0.7245383,-9.3900,1.0000000,1.0000,[],14
2.1922,5.2558,77.0136,0.6427296,O=C(NCC(=O)N1C[C@H](O)C[C@H]1C(=O)NCc1ccccc1)c1ccc2cc(F)ccc2n1,1,COc1ccc([C@H](C)NC(=O)[C@@H]2C[C@@H](O)CN2C(=O)CNC(=O)c2ccc3cc(F)ccc3n2)c(Cl)c1,0.5255299,0.5255,0.7006803,0.7007,0.6807660,-8.9800,1.0000000,1.0000,[],14
1.9231,7.2809,71.1769,0.6129520,CC(C)CNC(=O)[C@@H]1C[C@@H](O)CN1C(=O)CNC(=O)c1ccc2cc(F)ccc2n1,1,COc1ccc([C@H](C)NC(=O)[C@@H]2C[C@@H](O)CN2C(=O)CNC(=O)c2ccc3cc(F)ccc3n2)c(Cl)c1,0.6461800,0.6462,0.6785714,0.6786,0.5673858,-8.0300,1.0000000,1.0000,[],15
2.6037,6.1026,70.9552,0.6020140,CN(C)C(=O)[C@@H]1C[C@@H](O)CN1C(=O)CNC(=O)c1ccc2cc(F)ccc2n1,1,COc1ccc([C@H](C)NC(=O)[C@@H]2C[C@@H](O)CN2C(=O)CNC(=O)c2ccc3cc(F)ccc3n2)c(Cl)c1,0.7764949,0.7765,0.6214286,0.6214,0.5217329,-7.6700,1.0000000,1.0000,[],15
1.2883,5.5430,67.0666,0.5672624,CNC(=O)[C@@H]1C[C@@H](O)CN1C(=O)CNC(=O)c1ccc2cc(F)ccc2n1,1,COc1ccc([C@H](C)NC(=O)[C@@H]2C[C@@H](O)CN2C(=O)CNC(=O)c2ccc3cc(F)ccc3n2)c(Cl)c1,0.6870019,0.6870,0.6917293,0.6917,0.4667894,-7.2400,1.0000000,1.0000,[],15
2.8488,5.4906,66.1418,0.5596279,COCCNC(=O)[C@@H]1C[C@@H](O)CN1C(=O)CNC(=O)c1ccc2cc(F)ccc2n1,1,COc1ccc([C@H](C)NC(=O)[C@@H]2C[C@@H](O)CN2C(=O)CNC(=O)c2ccc3cc(F)ccc3n2)c(Cl)c1,0.5370954,0.5371,0.6808511,0.6809,0.5179013,-7.6400,1.0000000,1.0000,[],15
2.0888,4.3567,79.8798,0.6580983,O=C(NCC(=O)N1C[C@H](O)C[C@H]1C(=O)NCc1cccc(Cl)c1)c1ccc2cc(F)ccc2n1,1,COc1ccc([C@H](C)NC(=O)[C@@H]2C[C@@H](O)CN2C(=O)CNC(=O)c2ccc3cc(F)ccc3n2)c(Cl)c1,0.4955094,0.4955,0.7210884,0.7211,0.7245383,-9.3900,1.0000000,1.0000,[],15
2.1624,5.2558,77.0136,0.6427296,O=C(NCC(=O)N1C[C@H](O)C[C@H]1C(=O)NCc1ccccc1)c1ccc2cc(F)ccc2n1,1,COc1ccc([C@H](C)NC(=O)[C@@H]2C[C@@H](O)CN2C(=O)CNC(=O)c2ccc3cc(F)ccc3n2)c(Cl)c1,0.5255299,0.5255,0.7006803,0.7007,0.6807660,-8.9800,1.0000000,1.0000,[],15
4.7543,8.6460,70.8999,0.6214528,O=C(NCC(=O)N1C[C@H](O)C[C@H]1C(=O)Nc1cccc(Cl)c1)c1ccc2cc(F)ccc2n1,1,COc1ccc([C@H](C)NC(=O)[C@@H]2C[C@@H](O)CN2C(=O)CNC(=O)c2ccc3cc(F)ccc3n2)c(Cl)c1,0.5297647,0.5298,0.6711409,0.6711,0.6476911,-8.6900,1.0000000,1.0000,[],15
5.6089,12.4963,58.0891,0.5514487,CCNC(=O)[C@@H]1C[C@@H](O)CN1C(=O)CNC(=O)c1ccc2cc(F)ccc2n1,1,COc1ccc([C@H](C)NC(=O)[C@@H]2C[C@@H](O)CN2C(=O)CNC(=O)c2ccc3cc(F)ccc3n2)c(Cl)c1,0.6776886,0.6777,0.6962963,0.6963,0.4426883,-7.0500,1.0000000,1.0000,[],16
1.4096,5.5430,67.0666,0.5672624,CNC(=O)[C@@H]1C[C@@H](O)CN1C(=O)CNC(=O)c1ccc2cc(F)ccc2n1,1,COc1ccc([C@H](C)NC(=O)[C@@H]2C[C@@H](O)CN2C(=O)CNC(=O)c2ccc3cc(F)ccc3n2)c(Cl)c1,0.6870019,0.6870,0.6917293,0.6917,0.4667894,-7.2400,1.0000000,1.0000,[],16
2.0437,4.3567,79.8798,0.6580983,O=C(NCC(=O)N1C[C@H](O)C[C@H]1C(=O)NCc1cccc(Cl)c1)c1ccc2cc(F)ccc2n1,1,COc1ccc([C@H](C)NC(=O)[C@@H]2C[C@@H](O)CN2C(=O)CNC(=O)c2ccc3cc(F)ccc3n2)c(Cl)c1,0.4955094,0.4955,0.7210884,0.7211,0.7245383,-9.3900,1.0000000,1.0000,[],16
2.0233,5.2558,77.0136,0.6427296,O=C(NCC(=O)N1C[C@H](O)C[C@H]1C(=O)NCc1ccccc1)c1ccc2cc(F)ccc2n1,1,COc1ccc([C@H](C)NC(=O)[C@@H]2C[C@@H](O)CN2C(=O)CNC(=O)c2ccc3cc(F)ccc3n2)c(Cl)c1,0.5255299,0.5255,0.7006803,0.7007,0.6807660,-8.9800,1.0000000,1.0000,[],16
4.9856,5.6058,70.9955,0.5984477,CC(C)NC(=O)[C@@H]1C[C@@H](O)CN1C(=O)CNC(=O)c1ccc2cc(F)ccc2n1,1,COc1ccc([C@H](C)NC(=O)[C@@H]2C[C@@H](O)CN2C(=O)CNC(=O)c2ccc3cc(F)ccc3n2)c(Cl)c1,0.6778792,0.6779,0.6985294,0.6985,0.5204560,-7.6600,1.0000000,1.0000,[],17
3.0740,6.1025,70.9552,0.6020140,CN(C)C(=O)[C@@H]1C[C@@H](O)CN1C(=O)CNC(=O)c1ccc2cc(F)ccc2n1,1,COc1ccc([C@H](C)NC(=O)[C@@H]2C[C@@H](O)CN2C(=O)CNC(=O)c2ccc3cc(F)ccc3n2)c(Cl)c1,0.7764949,0.7765,0.6214286,0.6214,0.5217329,-7.6700,1.0000000,1.0000,[],17
1.4422,5.5430,67.0666,0.5672624,CNC(=O)[C@@H]1C[C@@H](O)CN1C(=O)CNC(=O)c1ccc2cc(F)ccc2n1,1,COc1ccc([C@H](C)NC(=O)[C@@H]2C[C@@H](O)CN2C(=O)CNC(=O)c2ccc3cc(F)ccc3n2)c(Cl)c1,0.6870019,0.6870,0.6917293,0.6917,0.4667894,-7.2400,1.0000000,1.0000,[],17
2.4918,5.4906,66.1418,0.5596279,COCCNC(=O)[C@@H]1C[C@@H](O)CN1C(=O)CNC(=O)c1ccc2cc(F)ccc2n1,1,COc1ccc([C@H](C)NC(=O)[C@@H]2C[C@@H](O)CN2C(=O)CNC(=O)c2ccc3cc(F)ccc3n2)c(Cl)c1,0.5370954,0.5371,0.6808511,0.6809,0.5179013,-7.6400,1.0000000,1.0000,[],17
4.2284,7.3304,72.3546,0.6225395,O=C(NCC(=O)N1C[C@H](O)C[C@H]1C(=O)NCCc1ccccc1)c1ccc2cc(F)ccc2n1,1,COc1ccc([C@H](C)NC(=O)[C@@H]2C[C@@H](O)CN2C(=O)CNC(=O)c2ccc3cc(F)ccc3n2)c(Cl)c1,0.4898709,0.4899,0.6933333,0.6933,0.6650005,-8.8400,1.0000000,1.0000,[],17
1.8413,5.2558,77.0136,0.6427296,O=C(NCC(=O)N1C[C@H](O)C[C@H]1C(=O)NCc1ccccc1)c1ccc2cc(F)ccc2n1,1,COc1ccc([C@H](C)NC(=O)[C@@H]2C[C@@H](O)CN2C(=O)CNC(=O)c2ccc3cc(F)ccc3n2)c(Cl)c1,0.5255299,0.5255,0.7006803,0.7007,0.6807660,-8.9800,1.0000000,1.0000,[],17
2.1736,7.2809,71.1769,0.6129520,CC(C)CNC(=O)[C@@H]1C[C@@H](O)CN1C(=O)CNC(=O)c1ccc2cc(F)ccc2n1,1,COc1ccc([C@H](C)NC(=O)[C@@H]2C[C@@H](O)CN2C(=O)CNC(=O)c2ccc3cc(F)ccc3n2)c(Cl)c1,0.6461800,0.6462,0.6785714,0.6786,0.5673858,-8.0300,1.0000000,1.0000,[],18
1.5106,5.5430,67.0666,0.5672624,CNC(=O)[C@@H]1C[C@@H](O)CN1C(=O)CNC(=O)c1ccc2cc(F)ccc2n1,1,COc1ccc([C@H](C)NC(=O)[C@@H]2C[C@@H](O)CN2C(=O)CNC(=O)c2ccc3cc(F)ccc3n2)c(Cl)c1,0.6870019,0.6870,0.6917293,0.6917,0.4667894,-7.2400,1.0000000,1.0000,[],18
2.3953,5.4906,66.1418,0.5596279,COCCNC(=O)[C@@H]1C[C@@H](O)CN1C(=O)CNC(=O)c1ccc2cc(F)ccc2n1,1,COc1ccc([C@H](C)NC(=O)[C@@H]2C[C@@H](O)CN2C(=O)CNC(=O)c2ccc3cc(F)ccc3n2)c(Cl)c1,0.5370954,0.5371,0.6808511,0.6809,0.5179013,-7.6400,1.0000000,1.0000,[],18
4.0516,13.7991,60.1845,0.5779964,CSCC[C@H](NC(=O)[C@@H]1C[C@@H](O)CN1C(=O)CNC(=O)c1ccc2cc(F)ccc2n1)c1ccccn1,1,COc1ccc([C@H](C)NC(=O)[C@@H]2C[C@@H](O)CN2C(=O)CNC(=O)c2ccc3cc(F)ccc3n2)c(Cl)c1,0.3907035,0.3907,0.6858974,0.6859,0.6453525,-8.6700,1.0000000,1.0000,[],18
4.1239,15.3017,57.3811,0.5678350,CSCC[C@H](NC(=O)[C@@H]1C[C@@H](O)CN1C(=O)CNC(=O)c1ccc2cc(F)ccc2n1)c1cccnc1,1,COc1ccc([C@H](C)NC(=O)[C@@H]2C[C@@H](O)CN2C(=O)CNC(=O)c2ccc3cc(F)ccc3n2)c(Cl)c1,0.3907035,0.3907,0.6967742,0.6968,0.6179802,-8.4400,1.0000000,1.0000,[],18
14.5859,18.5794,54.6874,0.5723963,CSCC[C@H](NCc1ccccc1)C(=O)[C@@H]1C[C@@H](O)CN1C(=O)CNC(=O)c1ccc2cc(F)ccc2n1,1,COc1ccc([C@H](C)NC(=O)[C@@H]2C[C@@H](O)CN2C(=O)CNC(=O)c2ccc3cc(F)ccc3n2)c(Cl)c1,0.3441012,0.3441,0.5892857,0.5893,0.7275914,-9.4200,1.0000000,1.0000,[],18
8.0062,11.7836,66.7046,0.6131891,O=C(NCC(=O)N1C[C@H](O)C[C@H]1C(=O)NCCN1CCOCC1)c1ccc2cc(F)ccc2n1,1,COc1ccc([C@H](C)NC(=O)[C@@H]2C[C@@H](O)CN2C(=O)CNC(=O)c2ccc3cc(F)ccc3n2)c(Cl)c1,0.4960040,0.4960,0.5974843,0.5975,0.6906898,-9.0700,1.0000000,1.0000,[],18
1.6544,5.2558,77.0136,0.6427296,O=C(NCC(=O)N1C[C@H](O)C[C@H]1C(=O)NCc1ccccc1)c1ccc2cc(F)ccc2n1,1,COc1ccc([C@H](C)NC(=O)[C@@H]2C[C@@H](O)CN2C(=O)CNC(=O)c2ccc3cc(F)ccc3n2)c(Cl)c1,0.5255299,0.5255,0.7006803,0.7007,0.6807660,-8.9800,1.0000000,1.0000,[],18
2.5697,7.2809,71.1769,0.6129520,CC(C)CNC(=O)[C@@H]1C[C@@H](O)CN1C(=O)CNC(=O)c1ccc2cc(F)ccc2n1,1,COc1ccc([C@H](C)NC(=O)[C@@H]2C[C@@H](O)CN2C(=O)CNC(=O)c2ccc3cc(F)ccc3n2)c(Cl)c1,0.6461800,0.6462,0.6785714,0.6786,0.5673858,-8.0300,1.0000000,1.0000,[],19
1.6606,5.5430,67.0666,0.5672624,CNC(=O)[C@@H]1C[C@@H](O)CN1C(=O)CNC(=O)c1ccc2cc(F)ccc2n1,1,COc1ccc([C@H](C)NC(=O)[C@@H]2C[C@@H](O)CN2C(=O)CNC(=O)c2ccc3cc(F)ccc3n2)c(Cl)c1,0.6870019,0.6870,0.6917293,0.6917,0.4667894,-7.2400,1.0000000,1.0000,[],19
2.2742,5.4906,66.1418,0.5596279,COCCNC(=O)[C@@H]1C[C@@H](O)CN1C(=O)CNC(=O)c1ccc2cc(F)ccc2n1,1,COc1ccc([C@H](C)NC(=O)[C@@H]2C[C@@H](O)CN2C(=O)CNC(=O)c2ccc3cc(F)ccc3n2)c(Cl)c1,0.5370954,0.5371,0.6808511,0.6809,0.5179013,-7.6400,1.0000000,1.0000,[],19
5.4410,18.2273,51.6774,0.5461306,CSCC[C@H](NC(=O)[C@@H]1C[C@@H](O)CN1C(=O)CNC(=O)c1ccc2cc(F)ccc2n1)c1ccncc1,1,COc1ccc([C@H](C)NC(=O)[C@@H]2C[C@@H](O)CN2C(=O)CNC(=O)c2ccc3cc(F)ccc3n2)c(Cl)c1,0.3907035,0.3907,0.6858974,0.6859,0.5761557,-8.1000,1.0000000,1.0000,[],19
2.0803,4.3567,79.8798,0.6580983,O=C(NCC(=O)N1C[C@H](O)C[C@H]1C(=O)NCc1cccc(Cl)c1)c1ccc2cc(F)ccc2n1,1,COc1ccc([C@H](C)NC(=O)[C@@H]2C[C@@H](O)CN2C(=O)CNC(=O)c2ccc3cc(F)ccc3n2)c(Cl)c1,0.4955094,0.4955,0.7210884,0.7211,0.7245383,-9.3900,1.0000000,1.0000,[],19
1.5077,5.2558,77.0136,0.6427296,O=C(NCC(=O)N1C[C@H](O)C[C@H]1C(=O)NCc1ccccc1)c1ccc2cc(F)ccc2n1,1,COc1ccc([C@H](C)NC(=O)[C@@H]2C[C@@H](O)CN2C(=O)CNC(=O)c2ccc3cc(F)ccc3n2)c(Cl)c1,0.5255299,0.5255,0.7006803,0.7007,0.6807660,-8.9800,1.0000000,1.0000,[],19
2.9514,5.6058,70.9955,0.5984477,CC(C)NC(=O)[C@@H]1C[C@@H](O)CN1C(=O)CNC(=O)c1ccc2cc(F)ccc2n1,1,COc1ccc([C@H](C)NC(=O)[C@@H]2C[C@@H](O)CN2C(=O)CNC(=O)c2ccc3cc(F)ccc3n2)c(Cl)c1,0.6778792,0.6779,0.6985294,0.6985,0.5204560,-7.6600,1.0000000,1.0000,[],20
1.8019,5.5430,67.0666,0.5672624,CNC(=O)[C@@H]1C[C@@H](O)CN1C(=O)CNC(=O)c1ccc2cc(F)ccc2n1,1,COc1ccc([C@H](C)NC(=O)[C@@H]2C[C@@H](O)CN2C(=O)CNC(=O)c2ccc3cc(F)ccc3n2)c(Cl)c1,0.6870019,0.6870,0.6917293,0.6917,0.4667894,-7.2400,1.0000000,1.0000,[],20
4.0751,7.3304,72.3546,0.6225395,O=C(NCC(=O)N1C[C@H](O)C[C@H]1C(=O)NCCc1ccccc1)c1ccc2cc(F)ccc2n1,1,COc1ccc([C@H](C)NC(=O)[C@@H]2C[C@@H](O)CN2C(=O)CNC(=O)c2ccc3cc(F)ccc3n2)c(Cl)c1,0.4898709,0.4899,0.6933333,0.6933,0.6650005,-8.8400,1.0000000,1.0000,[],20
2.1413,4.3567,79.8798,0.6580983,O=C(NCC(=O)N1C[C@H](O)C[C@H]1C(=O)NCc1cccc(Cl)c1)c1ccc2cc(F)ccc2n1,1,COc1ccc([C@H](C)NC(=O)[C@@H]2C[C@@H](O)CN2C(=O)CNC(=O)c2ccc3cc(F)ccc3n2)c(Cl)c1,0.4955094,0.4955,0.7210884,0.7211,0.7245383,-9.3900,1.0000000,1.0000,[],20
1.4227,5.2558,77.0136,0.6427296,O=C(NCC(=O)N1C[C@H](O)C[C@H]1C(=O)NCc1ccccc1)c1ccc2cc(F)ccc2n1,1,COc1ccc([C@H](C)NC(=O)[C@@H]2C[C@@H](O)CN2C(=O)CNC(=O)c2ccc3cc(F)ccc3n2)c(Cl)c1,0.5255299,0.5255,0.7006803,0.7007,0.6807660,-8.9800,1.0000000,1.0000,[],20
3.5036,6.1026,70.9552,0.6020140,CN(C)C(=O)[C@@H]1C[C@@H](O)CN1C(=O)CNC(=O)c1ccc2cc(F)ccc2n1,1,COc1ccc([C@H](C)NC(=O)[C@@H]2C[C@@H](O)CN2C(=O)CNC(=O)c2ccc3cc(F)ccc3n2)c(Cl)c1,0.7764949,0.7765,0.6214286,0.6214,0.5217329,-7.6700,1.0000000,1.0000,[],21
2.1390,5.4906,66.1418,0.5596279,COCCNC(=O)[C@@H]1C[C@@H](O)CN1C(=O)CNC(=O)c1ccc2cc(F)ccc2n1,1,COc1ccc([C@H](C)NC(=O)[C@@H]2C[C@@H](O)CN2C(=O)CNC(=O)c2ccc3cc(F)ccc3n2)c(Cl)c1,0.5370954,0.5371,0.6808511,0.6809,0.5179013,-7.6400,1.0000000,1.0000,[],21
3.6178,13.7991,60.1845,0.5779964,CSCC[C@H](NC(=O)[C@@H]1C[C@@H](O)CN1C(=O)CNC(=O)c1ccc2cc(F)ccc2n1)c1ccccn1,1,COc1ccc([C@H](C)NC(=O)[C@@H]2C[C@@H](O)CN2C(=O)CNC(=O)c2ccc3cc(F)ccc3n2)c(Cl)c1,0.3907035,0.3907,0.6858974,0.6859,0.6453525,-8.6700,1.0000000,1.0000,[],21
3.5274,15.3017,57.3811,0.5678350,CSCC[C@H](NC(=O)[C@@H]1C[C@@H](O)CN1C(=O)CNC(=O)c1ccc2cc(F)ccc2n1)c1cccnc1,1,COc1ccc([C@H](C)NC(=O)[C@@H]2C[C@@H](O)CN2C(=O)CNC(=O)c2ccc3cc(F)ccc3n2)c(Cl)c1,0.3907035,0.3907,0.6967742,0.6968,0.6179802,-8.4400,1.0000000,1.0000,[],21
5.4267,7.9987,74.5974,0.6452814,Cc1ccccc1CNC(=O)[C@@H]1C[C@@H](O)CN1C(=O)CNC(=O)c1ccc2cc(F)ccc2n1,1,COc1ccc([C@H](C)NC(=O)[C@@H]2C[C@@H](O)CN2C(=O)CNC(=O)c2ccc3cc(F)ccc3n2)c(Cl)c1,0.5141896,0.5142,0.6979866,0.6980,0.6950453,-9.1100,1.0000000,1.0000,[],21
2.0839,4.3567,79.8798,0.6580983,O=C(NCC(=O)N1C[C@H](O)C[C@H]1C(=O)NCc1cccc(Cl)c1)c1ccc2cc(F)ccc2n1,1,COc1ccc([C@H](C)NC(=O)[C@@H]2C[C@@H](O)CN2C(=O)CNC(=O)c2ccc3cc(F)ccc3n2)c(Cl)c1,0.4955094,0.4955,0.7210884,0.7211,0.7245383,-9.3900,1.0000000,1.0000,[],21
1.3593,5.2558,77.0136,0.6427296,O=C(NCC(=O)N1C[C@H](O)C[C@H]1C(=O)NCc1ccccc1)c1ccc2cc(F)ccc2n1,1,COc1ccc([C@H](C)NC(=O)[C@@H]2C[C@@H](O)CN2C(=O)CNC(=O)c2ccc3cc(F)ccc3n2)c(Cl)c1,0.5255299,0.5255,0.7006803,0.7007,0.6807660,-8.9800,1.0000000,1.0000,[],21
2.0966,5.5430,67.0666,0.5672624,CNC(=O)[C@@H]1C[C@@H](O)CN1C(=O)CNC(=O)c1ccc2cc(F)ccc2n1,1,COc1ccc([C@H](C)NC(=O)[C@@H]2C[C@@H](O)CN2C(=O)CNC(=O)c2ccc3cc(F)ccc3n2)c(Cl)c1,0.6870019,0.6870,0.6917293,0.6917,0.4667894,-7.2400,1.0000000,1.0000,[],22
2.1274,5.4906,66.1418,0.5596279,COCCNC(=O)[C@@H]1C[C@@H](O)CN1C(=O)CNC(=O)c1ccc2cc(F)ccc2n1,1,COc1ccc([C@H](C)NC(=O)[C@@H]2C[C@@H](O)CN2C(=O)CNC(=O)c2ccc3cc(F)ccc3n2)c(Cl)c1,0.5370954,0.5371,0.6808511,0.6809,0.5179013,-7.6400,1.0000000,1.0000,[],22
5.3754,7.9987,74.5974,0.6452814,Cc1ccccc1CNC(=O)[C@@H]1C[C@@H](O)CN1C(=O)CNC(=O)c1ccc2cc(F)ccc2n1,1,COc1ccc([C@H](C)NC(=O)[C@@H]2C[C@@H](O)CN2C(=O)CNC(=O)c2ccc3cc(F)ccc3n2)c(Cl)c1,0.5141896,0.5142,0.6979866,0.6980,0.6950453,-9.1100,1.0000000,1.0000,[],22
1.9906,4.3567,79.8798,0.6580983,O=C(NCC(=O)N1C[C@H](O)C[C@H]1C(=O)NCc1cccc(Cl)c1)c1ccc2cc(F)ccc2n1,1,COc1ccc([C@H](C)NC(=O)[C@@H]2C[C@@H](O)CN2C(=O)CNC(=O)c2ccc3cc(F)ccc3n2)c(Cl)c1,0.4955094,0.4955,0.7210884,0.7211,0.7245383,-9.3900,1.0000000,1.0000,[],22
1.3441,5.2558,77.0136,0.6427296,O=C(NCC(=O)N1C[C@H](O)C[C@H]1C(=O)NCc1ccccc1)c1ccc2cc(F)ccc2n1,1,COc1ccc([C@H](C)NC(=O)[C@@H]2C[C@@H](O)CN2C(=O)CNC(=O)c2ccc3cc(F)ccc3n2)c(Cl)c1,0.5255299,0.5255,0.7006803,0.7007,0.6807660,-8.9800,1.0000000,1.0000,[],22
2.5127,5.6058,70.9955,0.5984477,CC(C)NC(=O)[C@@H]1C[C@@H](O)CN1C(=O)CNC(=O)c1ccc2cc(F)ccc2n1,1,COc1ccc([C@H](C)NC(=O)[C@@H]2C[C@@H](O)CN2C(=O)CNC(=O)c2ccc3cc(F)ccc3n2)c(Cl)c1,0.6778792,0.6779,0.6985294,0.6985,0.5204560,-7.6600,1.0000000,1.0000,[],23
2.2330,5.5430,67.0666,0.5672624,CNC(=O)[C@@H]1C[C@@H](O)CN1C(=O)CNC(=O)c1ccc2cc(F)ccc2n1,1,COc1ccc([C@H](C)NC(=O)[C@@H]2C[C@@H](O)CN2C(=O)CNC(=O)c2ccc3cc(F)ccc3n2)c(Cl)c1,0.6870019,0.6870,0.6917293,0.6917,0.4667894,-7.2400,1.0000000,1.0000,[],23
3.3913,13.7991,60.1845,0.5779964,CSCC[C@H](NC(=O)[C@@H]1C[C@@H](O)CN1C(=O)CNC(=O)c1ccc2cc(F)ccc2n1)c1ccccn1,1,COc1ccc([C@H](C)NC(=O)[C@@H]2C[C@@H](O)CN2C(=O)CNC(=O)c2ccc3cc(F)ccc3n2)c(Cl)c1,0.3907035,0.3907,0.6858974,0.6859,0.6453525,-8.6700,1.0000000,1.0000,[],23
1.8522,4.3567,79.8798,0.6580983,O=C(NCC(=O)N1C[C@H](O)C[C@H]1C(=O)NCc1cccc(Cl)c1)c1ccc2cc(F)ccc2n1,1,COc1ccc([C@H](C)NC(=O)[C@@H]2C[C@@H](O)CN2C(=O)CNC(=O)c2ccc3cc(F)ccc3n2)c(Cl)c1,0.4955094,0.4955,0.7210884,0.7211,0.7245383,-9.3900,1.0000000,1.0000,[],23
1.3722,5.2558,77.0136,0.6427296,O=C(NCC(=O)N1C[C@H](O)C[C@H]1C(=O)NCc1ccccc1)c1ccc2cc(F)ccc2n1,1,COc1ccc([C@H](C)NC(=O)[C@@H]2C[C@@H](O)CN2C(=O)CNC(=O)c2ccc3cc(F)ccc3n2)c(Cl)c1,0.5255299,0.5255,0.7006803,0.7007,0.6807660,-8.9800,1.0000000,1.0000,[],23
2.4965,5.6058,70.9955,0.5984477,CC(C)NC(=O)[C@@H]1C[C@@H](O)CN1C(=O)CNC(=O)c1ccc2cc(F)ccc2n1,1,COc1ccc([C@H](C)NC(=O)[C@@H]2C[C@@H](O)CN2C(=O)CNC(=O)c2ccc3cc(F)ccc3n2)c(Cl)c1,0.6778792,0.6779,0.6985294,0.6985,0.5204560,-7.6600,1.0000000,1.0000,[],24
3.4759,6.1025,70.9552,0.6020140,CN(C)C(=O)[C@@H]1C[C@@H](O)CN1C(=O)CNC(=O)c1ccc2cc(F)ccc2n1,1,COc1ccc([C@H](C)NC(=O)[C@@H]2C[C@@H](O)CN2C(=O)CNC(=O)c2ccc3cc(F)ccc3n2)c(Cl)c1,0.7764949,0.7765,0.6214286,0.6214,0.5217329,-7.6700,1.0000000,1.0000,[],24
2.3038,5.5430,67.0666,0.5672624,CNC(=O)[C@@H]1C[C@@H](O)CN1C(=O)CNC(=O)c1ccc2cc(F)ccc2n1,1,COc1ccc([C@H](C)NC(=O)[C@@H]2C[C@@H](O)CN2C(=O)CNC(=O)c2ccc3cc(F)ccc3n2)c(Cl)c1,0.6870019,0.6870,0.6917293,0.6917,0.4667894,-7.2400,1.0000000,1.0000,[],24
3.1558,13.7991,60.1845,0.5779964,CSCC[C@H](NC(=O)[C@@H]1C[C@@H](O)CN1C(=O)CNC(=O)c1ccc2cc(F)ccc2n1)c1ccccn1,1,COc1ccc([C@H](C)NC(=O)[C@@H]2C[C@@H](O)CN2C(=O)CNC(=O)c2ccc3cc(F)ccc3n2)c(Cl)c1,0.3907035,0.3907,0.6858974,0.6859,0.6453525,-8.6700,1.0000000,1.0000,[],24
3.1394,15.3017,57.3811,0.5678350,CSCC[C@H](NC(=O)[C@@H]1C[C@@H](O)CN1C(=O)CNC(=O)c1ccc2cc(F)ccc2n1)c1cccnc1,1,COc1ccc([C@H](C)NC(=O)[C@@H]2C[C@@H](O)CN2C(=O)CNC(=O)c2ccc3cc(F)ccc3n2)c(Cl)c1,0.3907035,0.3907,0.6967742,0.6968,0.6179802,-8.4400,1.0000000,1.0000,[],24
3.8902,18.2273,51.6774,0.5461306,CSCC[C@H](NC(=O)[C@@H]1C[C@@H](O)CN1C(=O)CNC(=O)c1ccc2cc(F)ccc2n1)c1ccncc1,1,COc1ccc([C@H](C)NC(=O)[C@@H]2C[C@@H](O)CN2C(=O)CNC(=O)c2ccc3cc(F)ccc3n2)c(Cl)c1,0.3907035,0.3907,0.6858974,0.6859,0.5761557,-8.1000,1.0000000,1.0000,[],24
1.4304,5.2558,77.0136,0.6427296,O=C(NCC(=O)N1C[C@H](O)C[C@H]1C(=O)NCc1ccccc1)c1ccc2cc(F)ccc2n1,1,COc1ccc([C@H](C)NC(=O)[C@@H]2C[C@@H](O)CN2C(=O)CNC(=O)c2ccc3cc(F)ccc3n2)c(Cl)c1,0.5255299,0.5255,0.7006803,0.7007,0.6807660,-8.9800,1.0000000,1.0000,[],24
4.5544,8.6460,70.8999,0.6214528,O=C(NCC(=O)N1C[C@H](O)C[C@H]1C(=O)Nc1cccc(Cl)c1)c1ccc2cc(F)ccc2n1,1,COc1ccc([C@H](C)NC(=O)[C@@H]2C[C@@H](O)CN2C(=O)CNC(=O)c2ccc3cc(F)ccc3n2)c(Cl)c1,0.5297647,0.5298,0.6711409,0.6711,0.6476911,-8.6900,1.0000000,1.0000,[],24
3.3506,6.1025,70.9552,0.6020140,CN(C)C(=O)[C@@H]1C[C@@H](O)CN1C(=O)CNC(=O)c1ccc2cc(F)ccc2n1,1,COc1ccc([C@H](C)NC(=O)[C@@H]2C[C@@H](O)CN2C(=O)CNC(=O)c2ccc3cc(F)ccc3n2)c(Cl)c1,0.7764949,0.7765,0.6214286,0.6214,0.5217329,-7.6700,1.0000000,1.0000,[],25
5.6119,18.5794,54.6874,0.5723963,CSCC[C@H](NCc1ccccc1)C(=O)[C@@H]1C[C@@H](O)CN1C(=O)CNC(=O)c1ccc2cc(F)ccc2n1,1,COc1ccc([C@H](C)NC(=O)[C@@H]2C[C@@H](O)CN2C(=O)CNC(=O)c2ccc3cc(F)ccc3n2)c(Cl)c1,0.3441012,0.3441,0.5892857,0.5893,0.7275914,-9.4200,1.0000000,1.0000,[],25
7.4633,11.5107,74.5391,0.6722642,C[C@H](NC(=O)[C@@H]1C[C@@H](O)CN1C(=O)CNC(=O)c1ccc2cc(F)ccc2n1)c1cccc(Cl)c1,1,COc1ccc([C@H](C)NC(=O)[C@@H]2C[C@@H](O)CN2C(=O)CNC(=O)c2ccc3cc(F)ccc3n2)c(Cl)c1,0.4834885,0.4835,0.7957746,0.7958,0.7286044,-9.4300,1.0000000,1.0000,[],25
1.4890,5.2558,77.0136,0.6427296,O=C(NCC(=O)N1C[C@H](O)C[C@H]1C(=O)NCc1ccccc1)c1ccc2cc(F)ccc2n1,1,COc1ccc([C@H](C)NC(=O)[C@@H]2C[C@@H](O)CN2C(=O)CNC(=O)c2ccc3cc(F)ccc3n2)c(Cl)c1,0.5255299,0.5255,0.7006803,0.7007,0.6807660,-8.9800,1.0000000,1.0000,[],25
2.3960,5.6058,70.9955,0.5984477,CC(C)NC(=O)[C@@H]1C[C@@H](O)CN1C(=O)CNC(=O)c1ccc2cc(F)ccc2n1,1,COc1ccc([C@H](C)NC(=O)[C@@H]2C[C@@H](O)CN2C(=O)CNC(=O)c2ccc3cc(F)ccc3n2)c(Cl)c1,0.6778792,0.6779,0.6985294,0.6985,0.5204560,-7.6600,1.0000000,1.0000,[],26
2.9637,6.1025,70.9552,0.6020140,CN(C)C(=O)[C@@H]1C[C@@H](O)CN1C(=O)CNC(=O)c1ccc2cc(F)ccc2n1,1,COc1ccc([C@H](C)NC(=O)[C@@H]2C[C@@H](O)CN2C(=O)CNC(=O)c2ccc3cc(F)ccc3n2)c(Cl)c1,0.7764949,0.7765,0.6214286,0.6214,0.5217329,-7.6700,1.0000000,1.0000,[],26
2.5233,5.5430,67.0666,0.5672624,CNC(=O)[C@@H]1C[C@@H](O)CN1C(=O)CNC(=O)c1ccc2cc(F)ccc2n1,1,COc1ccc([C@H](C)NC(=O)[C@@H]2C[C@@H](O)CN2C(=O)CNC(=O)c2ccc3cc(F)ccc3n2)c(Cl)c1,0.6870019,0.6870,0.6917293,0.6917,0.4667894,-7.2400,1.0000000,1.0000,[],26
2.1758,5.4906,66.1418,0.5596279,COCCNC(=O)[C@@H]1C[C@@H](O)CN1C(=O)CNC(=O)c1ccc2cc(F)ccc2n1,1,COc1ccc([C@H](C)NC(=O)[C@@H]2C[C@@H](O)CN2C(=O)CNC(=O)c2ccc3cc(F)ccc3n2)c(Cl)c1,0.5370954,0.5371,0.6808511,0.6809,0.5179013,-7.6400,1.0000000,1.0000,[],26
2.9766,13.7991,60.1845,0.5779964,CSCC[C@H](NC(=O)[C@@H]1C[C@@H](O)CN1C(=O)CNC(=O)c1ccc2cc(F)ccc2n1)c1ccccn1,1,COc1ccc([C@H](C)NC(=O)[C@@H]2C[C@@H](O)CN2C(=O)CNC(=O)c2ccc3cc(F)ccc3n2)c(Cl)c1,0.3907035,0.3907,0.6858974,0.6859,0.6453525,-8.6700,1.0000000,1.0000,[],26
1.7411,4.3567,79.8798,0.6580983,O=C(NCC(=O)N1C[C@H](O)C[C@H]1C(=O)NCc1cccc(Cl)c1)c1ccc2cc(F)ccc2n1,1,COc1ccc([C@H](C)NC(=O)[C@@H]2C[C@@H](O)CN2C(=O)CNC(=O)c2ccc3cc(F)ccc3n2)c(Cl)c1,0.4955094,0.4955,0.7210884,0.7211,0.7245383,-9.3900,1.0000000,1.0000,[],26
1.5147,5.2558,77.0136,0.6427296,O=C(NCC(=O)N1C[C@H](O)C[C@H]1C(=O)NCc1ccccc1)c1ccc2cc(F)ccc2n1,1,COc1ccc([C@H](C)NC(=O)[C@@H]2C[C@@H](O)CN2C(=O)CNC(=O)c2ccc3cc(F)ccc3n2)c(Cl)c1,0.5255299,0.5255,0.7006803,0.7007,0.6807660,-8.9800,1.0000000,1.0000,[],26
6.8986,9.5771,67.6575,0.6033952,O=C(NCC(=O)N1C[C@H](O)C[C@H]1C(=O)Nc1ccccc1)c1ccc2cc(F)ccc2n1,1,COc1ccc([C@H](C)NC(=O)[C@@H]2C[C@@H](O)CN2C(=O)CNC(=O)c2ccc3cc(F)ccc3n2)c(Cl)c1,0.5638607,0.5639,0.6510067,0.6510,0.6009316,-8.3000,1.0000000,1.0000,[],26
2.3345,5.6058,70.9955,0.5984477,CC(C)NC(=O)[C@@H]1C[C@@H](O)CN1C(=O)CNC(=O)c1ccc2cc(F)ccc2n1,1,COc1ccc([C@H](C)NC(=O)[C@@H]2C[C@@H](O)CN2C(=O)CNC(=O)c2ccc3cc(F)ccc3n2)c(Cl)c1,0.6778792,0.6779,0.6985294,0.6985,0.5204560,-7.6600,1.0000000,1.0000,[],27
4.6323,12.4963,58.0891,0.5514487,CCNC(=O)[C@@H]1C[C@@H](O)CN1C(=O)CNC(=O)c1ccc2cc(F)ccc2n1,1,COc1ccc([C@H](C)NC(=O)[C@@H]2C[C@@H](O)CN2C(=O)CNC(=O)c2ccc3cc(F)ccc3n2)c(Cl)c1,0.6776886,0.6777,0.6962963,0.6963,0.4426883,-7.0500,1.0000000,1.0000,[],27
2.7228,5.5430,67.0666,0.5672624,CNC(=O)[C@@H]1C[C@@H](O)CN1C(=O)CNC(=O)c1ccc2cc(F)ccc2n1,1,COc1ccc([C@H](C)NC(=O)[C@@H]2C[C@@H](O)CN2C(=O)CNC(=O)c2ccc3cc(F)ccc3n2)c(Cl)c1,0.6870019,0.6870,0.6917293,0.6917,0.4667894,-7.2400,1.0000000,1.0000,[],27
2.2104,5.4906,66.1418,0.5596279,COCCNC(=O)[C@@H]1C[C@@H](O)CN1C(=O)CNC(=O)c1ccc2cc(F)ccc2n1,1,COc1ccc([C@H](C)NC(=O)[C@@H]2C[C@@H](O)CN2C(=O)CNC(=O)c2ccc3cc(F)ccc3n2)c(Cl)c1,0.5370954,0.5371,0.6808511,0.6809,0.5179013,-7.6400,1.0000000,1.0000,[],27
9.1685,28.5652,35.1652,0.4978937,C[C@@H](NC(=O)c1ccc2cc(F)ccc2n1)[C@H](O)CN1C[C@H](O)C[C@H]1C(=O)Nc1cccnc1,1,COc1ccc([C@H](C)NC(=O)[C@@H]2C[C@@H](O)CN2C(=O)CNC(=O)c2ccc3cc(F)ccc3n2)c(Cl)c1,0.4127079,0.4127,0.4157303,0.4157,0.5984749,-8.2800,1.0000000,1.0000,[],27
1.8566,4.3567,79.8798,0.6580983,O=C(NCC(=O)N1C[C@H](O)C[C@H]1C(=O)NCc1cccc(Cl)c1)c1ccc2cc(F)ccc2n1,1,COc1ccc([C@H](C)NC(=O)[C@@H]2C[C@@H](O)CN2C(=O)CNC(=O)c2ccc3cc(F)ccc3n2)c(Cl)c1,0.4955094,0.4955,0.7210884,0.7211,0.7245383,-9.3900,1.0000000,1.0000,[],27
1.5531,5.2558,77.0136,0.6427296,O=C(NCC(=O)N1C[C@H](O)C[C@H]1C(=O)NCc1ccccc1)c1ccc2cc(F)ccc2n1,1,COc1ccc([C@H](C)NC(=O)[C@@H]2C[C@@H](O)CN2C(=O)CNC(=O)c2ccc3cc(F)ccc3n2)c(Cl)c1,0.5255299,0.5255,0.7006803,0.7007,0.6807660,-8.9800,1.0000000,1.0000,[],27
2.2569,5.6058,70.9955,0.5984477,CC(C)NC(=O)[C@@H]1C[C@@H](O)CN1C(=O)CNC(=O)c1ccc2cc(F)ccc2n1,1,COc1ccc([C@H](C)NC(=O)[C@@H]2C[C@@H](O)CN2C(=O)CNC(=O)c2ccc3cc(F)ccc3n2)c(Cl)c1,0.6778792,0.6779,0.6985294,0.6985,0.5204560,-7.6600,1.0000000,1.0000,[],28
2.4717,6.1026,70.9552,0.6020140,CN(C)C(=O)[C@@H]1C[C@@H](O)CN1C(=O)CNC(=O)c1ccc2cc(F)ccc2n1,1,COc1ccc([C@H](C)NC(=O)[C@@H]2C[C@@H](O)CN2C(=O)CNC(=O)c2ccc3cc(F)ccc3n2)c(Cl)c1,0.7764949,0.7765,0.6214286,0.6214,0.5217329,-7.6700,1.0000000,1.0000,[],28
2.7809,5.5430,67.0666,0.5672624,CNC(=O)[C@@H]1C[C@@H](O)CN1C(=O)CNC(=O)c1ccc2cc(F)ccc2n1,1,COc1ccc([C@H](C)NC(=O)[C@@H]2C[C@@H](O)CN2C(=O)CNC(=O)c2ccc3cc(F)ccc3n2)c(Cl)c1,0.6870019,0.6870,0.6917293,0.6917,0.4667894,-7.2400,1.0000000,1.0000,[],28
2.2210,5.4906,66.1418,0.5596279,COCCNC(=O)[C@@H]1C[C@@H](O)CN1C(=O)CNC(=O)c1ccc2cc(F)ccc2n1,1,COc1ccc([C@H](C)NC(=O)[C@@H]2C[C@@H](O)CN2C(=O)CNC(=O)c2ccc3cc(F)ccc3n2)c(Cl)c1,0.5370954,0.5371,0.6808511,0.6809,0.5179013,-7.6400,1.0000000,1.0000,[],28
2.0710,18.5794,54.6874,0.5723963,CSCC[C@H](NCc1ccccc1)C(=O)[C@@H]1C[C@@H](O)CN1C(=O)CNC(=O)c1ccc2cc(F)ccc2n1,1,COc1ccc([C@H](C)NC(=O)[C@@H]2C[C@@H](O)CN2C(=O)CNC(=O)c2ccc3cc(F)ccc3n2)c(Cl)c1,0.3441012,0.3441,0.5892857,0.5893,0.7275914,-9.4200,1.0000000,1.0000,[],28
1.9886,4.3567,79.8798,0.6580983,O=C(NCC(=O)N1C[C@H](O)C[C@H]1C(=O)NCc1cccc(Cl)c1)c1ccc2cc(F)ccc2n1,1,COc1ccc([C@H](C)NC(=O)[C@@H]2C[C@@H](O)CN2C(=O)CNC(=O)c2ccc3cc(F)ccc3n2)c(Cl)c1,0.4955094,0.4955,0.7210884,0.7211,0.7245383,-9.3900,1.0000000,1.0000,[],28
1.6377,5.2558,77.0136,0.6427296,O=C(NCC(=O)N1C[C@H](O)C[C@H]1C(=O)NCc1ccccc1)c1ccc2cc(F)ccc2n1,1,COc1ccc([C@H](C)NC(=O)[C@@H]2C[C@@H](O)CN2C(=O)CNC(=O)c2ccc3cc(F)ccc3n2)c(Cl)c1,0.5255299,0.5255,0.7006803,0.7007,0.6807660,-8.9800,1.0000000,1.0000,[],28
2.1818,5.6058,70.9955,0.5984477,CC(C)NC(=O)[C@@H]1C[C@@H](O)CN1C(=O)CNC(=O)c1ccc2cc(F)ccc2n1,1,COc1ccc([C@H](C)NC(=O)[C@@H]2C[C@@H](O)CN2C(=O)CNC(=O)c2ccc3cc(F)ccc3n2)c(Cl)c1,0.6778792,0.6779,0.6985294,0.6985,0.5204560,-7.6600,1.0000000,1.0000,[],29
9.1395,29.1032,39.7123,0.5376215,C[C@@H](NC(=O)c1ccc2cc(F)ccc2n1)[C@H](O)CN1C[C@H](O)C[C@H]1C(=O)NCCc1ccccc1,1,COc1ccc([C@H](C)NC(=O)[C@@H]2C[C@@H](O)CN2C(=O)CNC(=O)c2ccc3cc(F)ccc3n2)c(Cl)c1,0.3597324,0.3597,0.4606742,0.4607,0.7100135,-9.2500,1.0000000,1.0000,[],29
9.4856,33.9692,31.2909,0.5098441,C[C@H](NC(=O)c1ccc2cc(F)ccc2n1)[C@H](O)CN1C[C@H](O)C[C@H]1C(=O)Nc1ccccn1,1,COc1ccc([C@H](C)NC(=O)[C@@H]2C[C@@H](O)CN2C(=O)CNC(=O)c2ccc3cc(F)ccc3n2)c(Cl)c1,0.4127079,0.4127,0.4237288,0.4237,0.6215976,-8.4700,1.0000000,1.0000,[],29
4.0337,7.3304,72.3546,0.6225395,O=C(NCC(=O)N1C[C@H](O)C[C@H]1C(=O)NCCc1ccccc1)c1ccc2cc(F)ccc2n1,1,COc1ccc([C@H](C)NC(=O)[C@@H]2C[C@@H](O)CN2C(=O)CNC(=O)c2ccc3cc(F)ccc3n2)c(Cl)c1,0.4898709,0.4899,0.6933333,0.6933,0.6650005,-8.8400,1.0000000,1.0000,[],29
1.7424,5.2558,77.0136,0.6427296,O=C(NCC(=O)N1C[C@H](O)C[C@H]1C(=O)NCc1ccccc1)c1ccc2cc(F)ccc2n1,1,COc1ccc([C@H](C)NC(=O)[C@@H]2C[C@@H](O)CN2C(=O)CNC(=O)c2ccc3cc(F)ccc3n2)c(Cl)c1,0.5255299,0.5255,0.7006803,0.7007,0.6807660,-8.9800,1.0000000,1.0000,[],29
3.1804,8.6460,70.8999,0.6214528,O=C(NCC(=O)N1C[C@H](O)C[C@H]1C(=O)Nc1cccc(Cl)c1)c1ccc2cc(F)ccc2n1,1,COc1ccc([C@H](C)NC(=O)[C@@H]2C[C@@H](O)CN2C(=O)CNC(=O)c2ccc3cc(F)ccc3n2)c(Cl)c1,0.5297647,0.5298,0.6711409,0.6711,0.6476911,-8.6900,1.0000000,1.0000,[],29
2.1064,5.6058,70.9955,0.5984477,CC(C)NC(=O)[C@@H]1C[C@@H](O)CN1C(=O)CNC(=O)c1ccc2cc(F)ccc2n1,1,COc1ccc([C@H](C)NC(=O)[C@@H]2C[C@@H](O)CN2C(=O)CNC(=O)c2ccc3cc(F)ccc3n2)c(Cl)c1,0.6778792,0.6779,0.6985294,0.6985,0.5204560,-7.6600,1.0000000,1.0000,[],30
2.2905,5.4906,66.1418,0.5596279,COCCNC(=O)[C@@H]1C[C@@H](O)CN1C(=O)CNC(=O)c1ccc2cc(F)ccc2n1,1,COc1ccc([C@H](C)NC(=O)[C@@H]2C[C@@H](O)CN2C(=O)CNC(=O)c2ccc3cc(F)ccc3n2)c(Cl)c1,0.5370954,0.5371,0.6808511,0.6809,0.5179013,-7.6400,1.0000000,1.0000,[],30
1.9956,18.5794,54.6874,0.5723963,CSCC[C@H](NCc1ccccc1)C(=O)[C@@H]1C[C@@H](O)CN1C(=O)CNC(=O)c1ccc2cc(F)ccc2n1,1,COc1ccc([C@H](C)NC(=O)[C@@H]2C[C@@H](O)CN2C(=O)CNC(=O)c2ccc3cc(F)ccc3n2)c(Cl)c1,0.3441012,0.3441,0.5892857,0.5893,0.7275914,-9.4200,1.0000000,1.0000,[],30
3.9254,7.9987,74.5974,0.6452814,Cc1ccccc1CNC(=O)[C@@H]1C[C@@H](O)CN1C(=O)CNC(=O)c1ccc2cc(F)ccc2n1,1,COc1ccc([C@H](C)NC(=O)[C@@H]2C[C@@H](O)CN2C(=O)CNC(=O)c2ccc3cc(F)ccc3n2)c(Cl)c1,0.5141896,0.5142,0.6979866,0.6980,0.6950453,-9.1100,1.0000000,1.0000,[],30
4.0068,7.3304,72.3546,0.6225395,O=C(NCC(=O)N1C[C@H](O)C[C@H]1C(=O)NCCc1ccccc1)c1ccc2cc(F)ccc2n1,1,COc1ccc([C@H](C)NC(=O)[C@@H]2C[C@@H](O)CN2C(=O)CNC(=O)c2ccc3cc(F)ccc3n2)c(Cl)c1,0.4898709,0.4899,0.6933333,0.6933,0.6650005,-8.8400,1.0000000,1.0000,[],30
2.2909,4.3567,79.8798,0.6580983,O=C(NCC(=O)N1C[C@H](O)C[C@H]1C(=O)NCc1cccc(Cl)c1)c1ccc2cc(F)ccc2n1,1,COc1ccc([C@H](C)NC(=O)[C@@H]2C[C@@H](O)CN2C(=O)CNC(=O)c2ccc3cc(F)ccc3n2)c(Cl)c1,0.4955094,0.4955,0.7210884,0.7211,0.7245383,-9.3900,1.0000000,1.0000,[],30
5.9895,7.2809,71.1769,0.6129520,CC(C)CNC(=O)[C@@H]1C[C@@H](O)CN1C(=O)CNC(=O)c1ccc2cc(F)ccc2n1,1,COc1ccc([C@H](C)NC(=O)[C@@H]2C[C@@H](O)CN2C(=O)CNC(=O)c2ccc3cc(F)ccc3n2)c(Cl)c1,0.6461800,0.6462,0.6785714,0.6786,0.5673858,-8.0300,1.0000000,1.0000,[],31
2.0382,5.6058,70.9955,0.5984477,CC(C)NC(=O)[C@@H]1C[C@@H](O)CN1C(=O)CNC(=O)c1ccc2cc(F)ccc2n1,1,COc1ccc([C@H](C)NC(=O)[C@@H]2C[C@@H](O)CN2C(=O)CNC(=O)c2ccc3cc(F)ccc3n2)c(Cl)c1,0.6778792,0.6779,0.6985294,0.6985,0.5204560,-7.6600,1.0000000,1.0000,[],31
2.2355,6.1025,70.9552,0.6020140,CN(C)C(=O)[C@@H]1C[C@@H](O)CN1C(=O)CNC(=O)c1ccc2cc(F)ccc2n1,1,COc1ccc([C@H](C)NC(=O)[C@@H]2C[C@@H](O)CN2C(=O)CNC(=O)c2ccc3cc(F)ccc3n2)c(Cl)c1,0.7764949,0.7765,0.6214286,0.6214,0.5217329,-7.6700,1.0000000,1.0000,[],31
6.5311,6.7427,72.8771,0.6220300,COc1ccccc1CNC(=O)[C@@H]1C[C@@H](O)CN1C(=O)CNC(=O)c1ccc2cc(F)ccc2n1,1,COc1ccc([C@H](C)NC(=O)[C@@H]2C[C@@H](O)CN2C(=O)CNC(=O)c2ccc3cc(F)ccc3n2)c(Cl)c1,0.4701237,0.4701,0.7482993,0.7483,0.6523473,-8.7300,1.0000000,1.0000,[],31
2.0212,18.5794,54.6874,0.5723963,CSCC[C@H](NCc1ccccc1)C(=O)[C@@H]1C[C@@H](O)CN1C(=O)CNC(=O)c1ccc2cc(F)ccc2n1,1,COc1ccc([C@H](C)NC(=O)[C@@H]2C[C@@H](O)CN2C(=O)CNC(=O)c2ccc3cc(F)ccc3n2)c(Cl)c1,0.3441012,0.3441,0.5892857,0.5893,0.7275914,-9.4200,1.0000000,1.0000,[],31
8.1274,27.5938,45.1602,0.5683907,C[C@@H](NC(=O)c1ccc2cc(F)ccc2n1)[C@H](O)CN1C[C@H](O)C[C@H]1c1cccc(Cl)c1,1,COc1ccc([C@H](C)NC(=O)[C@@H]2C[C@@H](O)CN2C(=O)CNC(=O)c2ccc3cc(F)ccc3n2)c(Cl)c1,0.5284513,0.5285,0.4497041,0.4497,0.6627168,-8.8200,1.0000000,1.0000,[],31
1.9384,5.2558,77.0136,0.6427296,O=C(NCC(=O)N1C[C@H](O)C[C@H]1C(=O)NCc1ccccc1)c1ccc2cc(F)ccc2n1,1,COc1ccc([C@H](C)NC(=O)[C@@H]2C[C@@H](O)CN2C(=O)CNC(=O)c2ccc3cc(F)ccc3n2)c(Cl)c1,0.5255299,0.5255,0.7006803,0.7007,0.6807660,-8.9800,1.0000000,1.0000,[],31
2.7904,8.6460,70.8999,0.6214528,O=C(NCC(=O)N1C[C@H](O)C[C@H]1C(=O)Nc1cccc(Cl)c1)c1ccc2cc(F)ccc2n1,1,COc1ccc([C@H](C)NC(=O)[C@@H]2C[C@@H](O)CN2C(=O)CNC(=O)c2ccc3cc(F)ccc3n2)c(Cl)c1,0.5297647,0.5298,0.6711409,0.6711,0.6476911,-8.6900,1.0000000,1.0000,[],31
1.9832,5.6058,70.9955,0.5984477,CC(C)NC(=O)[C@@H]1C[C@@H](O)CN1C(=O)CNC(=O)c1ccc2cc(F)ccc2n1,1,COc1ccc([C@H](C)NC(=O)[C@@H]2C[C@@H](O)CN2C(=O)CNC(=O)c2ccc3cc(F)ccc3n2)c(Cl)c1,0.6778792,0.6779,0.6985294,0.6985,0.5204560,-7.6600,1.0000000,1.0000,[],32
6.3287,11.2726,62.7494,0.5782964,CCN(CC)C(=O)[C@@H]1C[C@@H](O)CN1C(=O)CNC(=O)c1ccc2cc(F)ccc2n1,1,COc1ccc([C@H](C)NC(=O)[C@@H]2C[C@@H](O)CN2C(=O)CNC(=O)c2ccc3cc(F)ccc3n2)c(Cl)c1,0.7295309,0.7295,0.5918367,0.5918,0.5089536,-7.5700,1.0000000,1.0000,[],32
2.2346,6.1025,70.9552,0.6020140,CN(C)C(=O)[C@@H]1C[C@@H](O)CN1C(=O)CNC(=O)c1ccc2cc(F)ccc2n1,1,COc1ccc([C@H](C)NC(=O)[C@@H]2C[C@@H](O)CN2C(=O)CNC(=O)c2ccc3cc(F)ccc3n2)c(Cl)c1,0.7764949,0.7765,0.6214286,0.6214,0.5217329,-7.6700,1.0000000,1.0000,[],32
2.3785,5.4906,66.1418,0.5596279,COCCNC(=O)[C@@H]1C[C@@H](O)CN1C(=O)CNC(=O)c1ccc2cc(F)ccc2n1,1,COc1ccc([C@H](C)NC(=O)[C@@H]2C[C@@H](O)CN2C(=O)CNC(=O)c2ccc3cc(F)ccc3n2)c(Cl)c1,0.5370954,0.5371,0.6808511,0.6809,0.5179013,-7.6400,1.0000000,1.0000,[],32
7.3526,24.0941,47.5173,0.5594638,COCCNC(=O)c1ccccc1[C@@H]1C[C@@H](O)CN1C(=O)CNC(=O)c1ccc2cc(F)ccc2n1,1,COc1ccc([C@H](C)NC(=O)[C@@H]2C[C@@H](O)CN2C(=O)CNC(=O)c2ccc3cc(F)ccc3n2)c(Cl)c1,0.4110346,0.4110,0.5722892,0.5723,0.6453525,-8.6700,1.0000000,1.0000,[],32
4.8675,15.3264,48.2358,0.4965795,COCCNCc1ccccc1NC(=O)[C@@H]1C[C@@H](O)CN1C(=O)CNC(=O)c1ccc2cc(F)ccc2n1,1,COc1ccc([C@H](C)NC(=O)[C@@H]2C[C@@H](O)CN2C(=O)CNC(=O)c2ccc3cc(F)ccc3n2)c(Cl)c1,0.2957369,0.2957,0.6303030,0.6303,0.5711499,-8.0600,1.0000000,1.0000,[],32
2.0856,5.2558,77.0136,0.6427296,O=C(NCC(=O)N1C[C@H](O)C[C@H]1C(=O)NCc1ccccc1)c1ccc2cc(F)ccc2n1,1,COc1ccc([C@H](C)NC(=O)[C@@H]2C[C@@H](O)CN2C(=O)CNC(=O)c2ccc3cc(F)ccc3n2)c(Cl)c1,0.5255299,0.5255,0.7006803,0.7007,0.6807660,-8.9800,1.0000000,1.0000,[],32
2.6275,8.6460,70.8999,0.6214528,O=C(NCC(=O)N1C[C@H](O)C[C@H]1C(=O)Nc1cccc(Cl)c1)c1ccc2cc(F)ccc2n1,1,COc1ccc([C@H](C)NC(=O)[C@@H]2C[C@@H](O)CN2C(=O)CNC(=O)c2ccc3cc(F)ccc3n2)c(Cl)c1,0.5297647,0.5298,0.6711409,0.6711,0.6476911,-8.6900,1.0000000,1.0000,[],32
1.9942,5.6058,70.9955,0.5984477,CC(C)NC(=O)[C@@H]1C[C@@H](O)CN1C(=O)CNC(=O)c1ccc2cc(F)ccc2n1,1,COc1ccc([C@H](C)NC(=O)[C@@H]2C[C@@H](O)CN2C(=O)CNC(=O)c2ccc3cc(F)ccc3n2)c(Cl)c1,0.6778792,0.6779,0.6985294,0.6985,0.5204560,-7.6600,1.0000000,1.0000,[],33
2.1900,18.5794,54.6874,0.5723963,CSCC[C@H](NCc1ccccc1)C(=O)[C@@H]1C[C@@H](O)CN1C(=O)CNC(=O)c1ccc2cc(F)ccc2n1,1,COc1ccc([C@H](C)NC(=O)[C@@H]2C[C@@H](O)CN2C(=O)CNC(=O)c2ccc3cc(F)ccc3n2)c(Cl)c1,0.3441012,0.3441,0.5892857,0.5893,0.7275914,-9.4200,1.0000000,1.0000,[],33
8.6004,22.0377,51.3729,0.5735205,CSCC[C@H](O)[C@H]1C[C@@H](O)CN1C(=O)CNC(=O)c1ccc2cc(F)ccc2n1,1,COc1ccc([C@H](C)NC(=O)[C@@H]2C[C@@H](O)CN2C(=O)CNC(=O)c2ccc3cc(F)ccc3n2)c(Cl)c1,0.6205167,0.6205,0.5850340,0.5850,0.5459219,-7.8600,1.0000000,1.0000,[],33
2.7527,4.3567,79.8798,0.6580983,O=C(NCC(=O)N1C[C@H](O)C[C@H]1C(=O)NCc1cccc(Cl)c1)c1ccc2cc(F)ccc2n1,1,COc1ccc([C@H](C)NC(=O)[C@@H]2C[C@@H](O)CN2C(=O)CNC(=O)c2ccc3cc(F)ccc3n2)c(Cl)c1,0.4955094,0.4955,0.7210884,0.7211,0.7245383,-9.3900,1.0000000,1.0000,[],33
2.4992,8.6460,70.8999,0.6214528,O=C(NCC(=O)N1C[C@H](O)C[C@H]1C(=O)Nc1cccc(Cl)c1)c1ccc2cc(F)ccc2n1,1,COc1ccc([C@H](C)NC(=O)[C@@H]2C[C@@H](O)CN2C(=O)CNC(=O)c2ccc3cc(F)ccc3n2)c(Cl)c1,0.5297647,0.5298,0.6711409,0.6711,0.6476911,-8.6900,1.0000000,1.0000,[],33
3.3364,9.5771,67.6575,0.6033952,O=C(NCC(=O)N1C[C@H](O)C[C@H]1C(=O)Nc1ccccc1)c1ccc2cc(F)ccc2n1,1,COc1ccc([C@H](C)NC(=O)[C@@H]2C[C@@H](O)CN2C(=O)CNC(=O)c2ccc3cc(F)ccc3n2)c(Cl)c1,0.5638607,0.5639,0.6510067,0.6510,0.6009316,-8.3000,1.0000000,1.0000,[],33
12.0115,20.0714,57.8654,0.6088815,CC(C)NC(=O)C[C@@H]1C[C@@H](O)CN1C(=O)CNC(=O)c1ccc2cc(F)ccc2n1,1,COc1ccc([C@H](C)NC(=O)[C@@H]2C[C@@H](O)CN2C(=O)CNC(=O)c2ccc3cc(F)ccc3n2)c(Cl)c1,0.6500914,0.6501,0.6206897,0.6207,0.5836347,-8.1600,1.0000000,1.0000,[],34
2.2094,5.6058,70.9955,0.5984477,CC(C)NC(=O)[C@@H]1C[C@@H](O)CN1C(=O)CNC(=O)c1ccc2cc(F)ccc2n1,1,COc1ccc([C@H](C)NC(=O)[C@@H]2C[C@@H](O)CN2C(=O)CNC(=O)c2ccc3cc(F)ccc3n2)c(Cl)c1,0.6778792,0.6779,0.6985294,0.6985,0.5204560,-7.6600,1.0000000,1.0000,[],34
2.7676,15.3264,48.2358,0.4965795,COCCNCc1ccccc1NC(=O)[C@@H]1C[C@@H](O)CN1C(=O)CNC(=O)c1ccc2cc(F)ccc2n1,1,COc1ccc([C@H](C)NC(=O)[C@@H]2C[C@@H](O)CN2C(=O)CNC(=O)c2ccc3cc(F)ccc3n2)c(Cl)c1,0.2957369,0.2957,0.6303030,0.6303,0.5711499,-8.0600,1.0000000,1.0000,[],34
2.3356,18.5794,54.6874,0.5723963,CSCC[C@H](NCc1ccccc1)C(=O)[C@@H]1C[C@@H](O)CN1C(=O)CNC(=O)c1ccc2cc(F)ccc2n1,1,COc1ccc([C@H](C)NC(=O)[C@@H]2C[C@@H](O)CN2C(=O)CNC(=O)c2ccc3cc(F)ccc3n2)c(Cl)c1,0.3441012,0.3441,0.5892857,0.5893,0.7275914,-9.4200,1.0000000,1.0000,[],34
6.7282,45.5005,-45.5005,0.0000000,C[C@H](NCc1ccccc1)c1cccc(O)c1C[C@@H](O)CN1C(=O)CNC(=O)c1ccc2cc(F)ccc2n1,0,COc1ccc([C@H](C)NC(=O)[C@@H]2C[C@@H](O)CN2C(=O)CNC(=O)c2ccc3cc(F)ccc3n2)c(Cl)c1,0.0000000,0.0000,0.0000000,0.0000,0.0000000,0.0000,0.0000000,0.0000,None,34
4.3390,16.1080,69.0156,0.6650282,Cc1ccccc1C1CCCN1C(=O)CNC(=O)c1ccc2cc(F)ccc2n1,1,COc1ccc([C@H](C)NC(=O)[C@@H]2C[C@@H](O)CN2C(=O)CNC(=O)c2ccc3cc(F)ccc3n2)c(Cl)c1,0.7363439,0.7363,0.5192308,0.5192,0.7152528,-9.3000,1.0000000,1.0000,[],34
6.9577,24.1557,54.4961,0.6144672,Cc1ccccc1Cc1ccccc1[C@@H]1C[C@@H](O)CN1C(=O)CNC(=O)c1ccc2cc(F)ccc2n1,1,COc1ccc([C@H](C)NC(=O)[C@@H]2C[C@@H](O)CN2C(=O)CNC(=O)c2ccc3cc(F)ccc3n2)c(Cl)c1,0.4153550,0.4154,0.4833333,0.4833,0.8426831,-10.7800,1.0000000,1.0000,[],34
6.6549,6.6160,76.8523,0.6520963,O=C(NCC(=O)N1C[C@H](O)C[C@H]1C(=O)NCc1ccc(Cl)cc1)c1ccc2cc(F)ccc2n1,1,COc1ccc([C@H](C)NC(=O)[C@@H]2C[C@@H](O)CN2C(=O)CNC(=O)c2ccc3cc(F)ccc3n2)c(Cl)c1,0.4955094,0.4955,0.7260274,0.7260,0.7089589,-9.2400,1.0000000,1.0000,[],34
2.4150,5.2558,77.0136,0.6427296,O=C(NCC(=O)N1C[C@H](O)C[C@H]1C(=O)NCc1ccccc1)c1ccc2cc(F)ccc2n1,1,COc1ccc([C@H](C)NC(=O)[C@@H]2C[C@@H](O)CN2C(=O)CNC(=O)c2ccc3cc(F)ccc3n2)c(Cl)c1,0.5255299,0.5255,0.7006803,0.7007,0.6807660,-8.9800,1.0000000,1.0000,[],34
5.7148,21.5257,56.6175,0.6104940,CC(C)CNCc1ccccc1C1CCCN1C(=O)CNC(=O)c1ccc2cc(F)ccc2n1,1,COc1ccc([C@H](C)NC(=O)[C@@H]2C[C@@H](O)CN2C(=O)CNC(=O)c2ccc3cc(F)ccc3n2)c(Cl)c1,0.5259259,0.5259,0.5088757,0.5089,0.7204347,-9.3500,1.0000000,1.0000,[],35
3.0043,6.1026,70.9552,0.6020140,CN(C)C(=O)[C@@H]1C[C@@H](O)CN1C(=O)CNC(=O)c1ccc2cc(F)ccc2n1,1,COc1ccc([C@H](C)NC(=O)[C@@H]2C[C@@H](O)CN2C(=O)CNC(=O)c2ccc3cc(F)ccc3n2)c(Cl)c1,0.7764949,0.7765,0.6214286,0.6214,0.5217329,-7.6700,1.0000000,1.0000,[],35
7.4497,18.9551,56.6773,0.5908784,CN(C)S(=O)(=O)NC(=O)[C@@H]1C[C@@H](O)CN1C(=O)CNC(=O)c1ccc2cc(F)ccc2n1,1,COc1ccc([C@H](C)NC(=O)[C@@H]2C[C@@H](O)CN2C(=O)CNC(=O)c2ccc3cc(F)ccc3n2)c(Cl)c1,0.4927277,0.4927,0.6713287,0.6713,0.6070510,-8.3500,1.0000000,1.0000,[],35
4.9537,37.0225,-37.0225,0.0000000,COCCNCc1ccccc1-c1ccccc1C[C@@H](O)CN1C(=O)CNC(=O)c1ccc2cc(F)ccc2n1,0,COc1ccc([C@H](C)NC(=O)[C@@H]2C[C@@H](O)CN2C(=O)CNC(=O)c2ccc3cc(F)ccc3n2)c(Cl)c1,0.0000000,0.0000,0.0000000,0.0000,0.0000000,0.0000,0.0000000,0.0000,None,35
7.3150,18.1440,55.5933,0.5760731,CSCC[C@H](N)[C@@H]1C[C@@H](O)CN1C(=O)CNC(=O)c1ccc2cc(F)ccc2n1,1,COc1ccc([C@H](C)NC(=O)[C@@H]2C[C@@H](O)CN2C(=O)CNC(=O)c2ccc3cc(F)ccc3n2)c(Cl)c1,0.6200699,0.6201,0.5850340,0.5850,0.5509907,-7.9000,1.0000000,1.0000,[],35
6.1416,21.1046,51.5959,0.5679724,CSCC[C@H](NCc1ccccc1)C(=O)N1C[C@H](O)C[C@H]1C(=O)NC(=O)c1ccc2cc(F)ccc2n1,1,COc1ccc([C@H](C)NC(=O)[C@@H]2C[C@@H](O)CN2C(=O)CNC(=O)c2ccc3cc(F)ccc3n2)c(Cl)c1,0.3689871,0.3690,0.5748503,0.5749,0.7004409,-9.1600,1.0000000,1.0000,[],35
2.6582,18.5794,54.6874,0.5723963,CSCC[C@H](NCc1ccccc1)C(=O)[C@@H]1C[C@@H](O)CN1C(=O)CNC(=O)c1ccc2cc(F)ccc2n1,1,COc1ccc([C@H](C)NC(=O)[C@@H]2C[C@@H](O)CN2C(=O)CNC(=O)c2ccc3cc(F)ccc3n2)c(Cl)c1,0.3441012,0.3441,0.5892857,0.5893,0.7275914,-9.4200,1.0000000,1.0000,[],35
2.5927,5.2558,77.0136,0.6427296,O=C(NCC(=O)N1C[C@H](O)C[C@H]1C(=O)NCc1ccccc1)c1ccc2cc(F)ccc2n1,1,COc1ccc([C@H](C)NC(=O)[C@@H]2C[C@@H](O)CN2C(=O)CNC(=O)c2ccc3cc(F)ccc3n2)c(Cl)c1,0.5255299,0.5255,0.7006803,0.7007,0.6807660,-8.9800,1.0000000,1.0000,[],35
2.8827,9.5771,67.6575,0.6033952,O=C(NCC(=O)N1C[C@H](O)C[C@H]1C(=O)Nc1ccccc1)c1ccc2cc(F)ccc2n1,1,COc1ccc([C@H](C)NC(=O)[C@@H]2C[C@@H](O)CN2C(=O)CNC(=O)c2ccc3cc(F)ccc3n2)c(Cl)c1,0.5638607,0.5639,0.6510067,0.6510,0.6009316,-8.3000,1.0000000,1.0000,[],35
3.9290,21.4379,58.4914,0.6244481,CC(C)NCc1ccccc1C1CCCN1C(=O)CNC(=O)c1ccc2cc(F)ccc2n1,1,COc1ccc([C@H](C)NC(=O)[C@@H]2C[C@@H](O)CN2C(=O)CNC(=O)c2ccc3cc(F)ccc3n2)c(Cl)c1,0.5737600,0.5738,0.5120482,0.5120,0.7194029,-9.3400,1.0000000,1.0000,[],36
6.9496,16.1442,63.7490,0.6241660,COCc1ccccc1C1CCCN1C(=O)CNC(=O)c1ccc2cc(F)ccc2n1,1,COc1ccc([C@H](C)NC(=O)[C@@H]2C[C@@H](O)CN2C(=O)CNC(=O)c2ccc3cc(F)ccc3n2)c(Cl)c1,0.6600770,0.6601,0.5217391,0.5217,0.6638596,-8.8300,1.0000000,1.0000,[],36
4.6172,17.0226,64.9762,0.6406158,COc1ccccc1C1CCCN1C(=O)CNC(=O)c1ccc2cc(F)ccc2n1,1,COc1ccc([C@H](C)NC(=O)[C@@H]2C[C@@H](O)CN2C(=O)CNC(=O)c2ccc3cc(F)ccc3n2)c(Cl)c1,0.7030429,0.7030,0.5649351,0.5649,0.6511860,-8.7200,1.0000000,1.0000,[],36
3.4831,25.5212,43.9154,0.5424730,CSCC[C@H](NCc1ccccc1)C(=O)N1C[C@H](O)C[C@H]1C(=O)CNC(=O)c1ccc2cc(F)ccc2n1,1,COc1ccc([C@H](C)NC(=O)[C@@H]2C[C@@H](O)CN2C(=O)CNC(=O)c2ccc3cc(F)ccc3n2)c(Cl)c1,0.3441012,0.3441,0.5892857,0.5893,0.6535069,-8.7400,1.0000000,1.0000,[],36
3.6258,22.0377,51.3729,0.5735205,CSCC[C@H](O)[C@H]1C[C@@H](O)CN1C(=O)CNC(=O)c1ccc2cc(F)ccc2n1,1,COc1ccc([C@H](C)NC(=O)[C@@H]2C[C@@H](O)CN2C(=O)CNC(=O)c2ccc3cc(F)ccc3n2)c(Cl)c1,0.6205167,0.6205,0.5850340,0.5850,0.5459219,-7.8600,1.0000000,1.0000,[],36
2.4739,8.6460,70.8999,0.6214528,O=C(NCC(=O)N1C[C@H](O)C[C@H]1C(=O)Nc1cccc(Cl)c1)c1ccc2cc(F)ccc2n1,1,COc1ccc([C@H](C)NC(=O)[C@@H]2C[C@@H](O)CN2C(=O)CNC(=O)c2ccc3cc(F)ccc3n2)c(Cl)c1,0.5297647,0.5298,0.6711409,0.6711,0.6476911,-8.6900,1.0000000,1.0000,[],36
7.5957,19.8103,65.5929,0.6672131,O=C(NCC(=O)N1C[C@H](O)C[C@H]1C(=O)c1cccc(Cl)c1)c1ccc2cc(F)ccc2n1,1,COc1ccc([C@H](C)NC(=O)[C@@H]2C[C@@H](O)CN2C(=O)CNC(=O)c2ccc3cc(F)ccc3n2)c(Cl)c1,0.5760042,0.5760,0.6554054,0.6554,0.7245383,-9.3900,1.0000000,1.0000,[],36
6.6441,20.5742,54.9122,0.5897376,O=C(NCC(=O)N1C[C@H](O)C[C@H]1c1c[nH]c2ccccc12)c1ccc2cc(F)ccc2n1,1,COc1ccc([C@H](C)NC(=O)[C@@H]2C[C@@H](O)CN2C(=O)CNC(=O)c2ccc3cc(F)ccc3n2)c(Cl)c1,0.4618699,0.4619,0.5060241,0.5060,0.7194029,-9.3400,1.0000000,1.0000,[],36
6.9032,38.4696,-38.4696,0.0000000,CC(C)NCc1ccccc1-c1ccccc1C[C@@H](O)CN1C(=O)CNC(=O)c1ccc2cc(F)ccc2n1,0,COc1ccc([C@H](C)NC(=O)[C@@H]2C[C@@H](O)CN2C(=O)CNC(=O)c2ccc3cc(F)ccc3n2)c(Cl)c1,0.0000000,0.0000,0.0000000,0.0000,0.0000000,0.0000,0.0000000,0.0000,None,37
3.0808,21.4379,58.4914,0.6244481,CC(C)NCc1ccccc1C1CCCN1C(=O)CNC(=O)c1ccc2cc(F)ccc2n1,1,COc1ccc([C@H](C)NC(=O)[C@@H]2C[C@@H](O)CN2C(=O)CNC(=O)c2ccc3cc(F)ccc3n2)c(Cl)c1,0.5737600,0.5738,0.5120482,0.5120,0.7194029,-9.3400,1.0000000,1.0000,[],37
5.1915,16.4728,54.6099,0.5553335,CNC(=O)c1ccccc1[C@@H]1C[C@@H](O)CN1C(=O)CNC(=O)c1ccc2cc(F)ccc2n1,1,COc1ccc([C@H](C)NC(=O)[C@@H]2C[C@@H](O)CN2C(=O)CNC(=O)c2ccc3cc(F)ccc3n2)c(Cl)c1,0.5489656,0.5490,0.5759494,0.5759,0.5484576,-7.8800,1.0000000,1.0000,[],37
8.7117,17.1587,59.6196,0.5998301,CS(=O)(=O)Nc1ccccc1[C@@H]1C[C@@H](O)CN1C(=O)CNC(=O)c1ccc2cc(F)ccc2n1,1,COc1ccc([C@H](C)NC(=O)[C@@H]2C[C@@H](O)CN2C(=O)CNC(=O)c2ccc3cc(F)ccc3n2)c(Cl)c1,0.4875343,0.4875,0.5786164,0.5786,0.6774209,-8.9500,1.0000000,1.0000,[],37
2.9887,22.0377,51.3729,0.5735205,CSCC[C@H](O)[C@H]1C[C@@H](O)CN1C(=O)CNC(=O)c1ccc2cc(F)ccc2n1,1,COc1ccc([C@H](C)NC(=O)[C@@H]2C[C@@H](O)CN2C(=O)CNC(=O)c2ccc3cc(F)ccc3n2)c(Cl)c1,0.6205167,0.6205,0.5850340,0.5850,0.5459219,-7.8600,1.0000000,1.0000,[],37
4.6203,7.3304,72.3546,0.6225395,O=C(NCC(=O)N1C[C@H](O)C[C@H]1C(=O)NCCc1ccccc1)c1ccc2cc(F)ccc2n1,1,COc1ccc([C@H](C)NC(=O)[C@@H]2C[C@@H](O)CN2C(=O)CNC(=O)c2ccc3cc(F)ccc3n2)c(Cl)c1,0.4898709,0.4899,0.6933333,0.6933,0.6650005,-8.8400,1.0000000,1.0000,[],37
3.1910,5.2558,77.0136,0.6427296,O=C(NCC(=O)N1C[C@H](O)C[C@H]1C(=O)NCc1ccccc1)c1ccc2cc(F)ccc2n1,1,COc1ccc([C@H](C)NC(=O)[C@@H]2C[C@@H](O)CN2C(=O)CNC(=O)c2ccc3cc(F)ccc3n2)c(Cl)c1,0.5255299,0.5255,0.7006803,0.7007,0.6807660,-8.9800,1.0000000,1.0000,[],37
2.7602,8.6460,70.8999,0.6214528,O=C(NCC(=O)N1C[C@H](O)C[C@H]1C(=O)Nc1cccc(Cl)c1)c1ccc2cc(F)ccc2n1,1,COc1ccc([C@H](C)NC(=O)[C@@H]2C[C@@H](O)CN2C(=O)CNC(=O)c2ccc3cc(F)ccc3n2)c(Cl)c1,0.5297647,0.5298,0.6711409,0.6711,0.6476911,-8.6900,1.0000000,1.0000,[],37
2.9255,9.5771,67.6575,0.6033952,O=C(NCC(=O)N1C[C@H](O)C[C@H]1C(=O)Nc1ccccc1)c1ccc2cc(F)ccc2n1,1,COc1ccc([C@H](C)NC(=O)[C@@H]2C[C@@H](O)CN2C(=O)CNC(=O)c2ccc3cc(F)ccc3n2)c(Cl)c1,0.5638607,0.5639,0.6510067,0.6510,0.6009316,-8.3000,1.0000000,1.0000,[],37
11.6417,39.8353,30.4346,0.5489836,CC(C)CCN1CCCC1c1ccccc1C1CCCN1C(=O)CNC(=O)c1ccc2cc(F)ccc2n1,1,COc1ccc([C@H](C)NC(=O)[C@@H]2C[C@@H](O)CN2C(=O)CNC(=O)c2ccc3cc(F)ccc3n2)c(Cl)c1,0.4202411,0.4202,0.4648649,0.4649,0.6818771,-8.9900,1.0000000,1.0000,[],38
9.3708,16.6851,61.0240,0.6071018,CCCC[C@@H]1C[C@@H](O)CN1C(=O)CNC(=O)c1ccc2cc(F)ccc2n1,1,COc1ccc([C@H](C)NC(=O)[C@@H]2C[C@@H](O)CN2C(=O)CNC(=O)c2ccc3cc(F)ccc3n2)c(Cl)c1,0.8136950,0.8137,0.5985915,0.5986,0.5281130,-7.7200,1.0000000,1.0000,[],38
4.2438,23.8307,40.3918,0.5017386,CN(C)C(=O)CNC(=O)c1ccc2cc(F)ccc2n1,1,COc1ccc([C@H](C)NC(=O)[C@@H]2C[C@@H](O)CN2C(=O)CNC(=O)c2ccc3cc(F)ccc3n2)c(Cl)c1,0.9149626,0.9150,0.4962406,0.4962,0.3736002,-6.4900,1.0000000,1.0000,[],38
4.0205,17.0226,64.9762,0.6406158,COc1ccccc1C1CCCN1C(=O)CNC(=O)c1ccc2cc(F)ccc2n1,1,COc1ccc([C@H](C)NC(=O)[C@@H]2C[C@@H](O)CN2C(=O)CNC(=O)c2ccc3cc(F)ccc3n2)c(Cl)c1,0.7030429,0.7030,0.5649351,0.5649,0.6511860,-8.7200,1.0000000,1.0000,[],38
2.6099,22.0377,51.3729,0.5735205,CSCC[C@H](O)[C@H]1C[C@@H](O)CN1C(=O)CNC(=O)c1ccc2cc(F)ccc2n1,1,COc1ccc([C@H](C)NC(=O)[C@@H]2C[C@@H](O)CN2C(=O)CNC(=O)c2ccc3cc(F)ccc3n2)c(Cl)c1,0.6205167,0.6205,0.5850340,0.5850,0.5459219,-7.8600,1.0000000,1.0000,[],38
5.7006,24.2243,43.1327,0.5262269,C[C@@H](NCc1ccccc1)c1ccccc1NC(=O)CNC(=O)c1ccc2cc(F)ccc2n1,1,COc1ccc([C@H](C)NC(=O)[C@@H]2C[C@@H](O)CN2C(=O)CNC(=O)c2ccc3cc(F)ccc3n2)c(Cl)c1,0.3621069,0.3621,0.3989071,0.3989,0.7286044,-9.4300,1.0000000,1.0000,[],38
6.8495,20.6040,52.5462,0.5714860,Cn1cncc1C1CCCN1C(=O)CNC(=O)c1ccc2cc(F)ccc2n1,1,COc1ccc([C@H](C)NC(=O)[C@@H]2C[C@@H](O)CN2C(=O)CNC(=O)c2ccc3cc(F)ccc3n2)c(Cl)c1,0.7513991,0.7514,0.4591195,0.4591,0.5560489,-7.9400,1.0000000,1.0000,[],38
2.7080,8.6460,70.8999,0.6214528,O=C(NCC(=O)N1C[C@H](O)C[C@H]1C(=O)Nc1cccc(Cl)c1)c1ccc2cc(F)ccc2n1,1,COc1ccc([C@H](C)NC(=O)[C@@H]2C[C@@H](O)CN2C(=O)CNC(=O)c2ccc3cc(F)ccc3n2)c(Cl)c1,0.5297647,0.5298,0.6711409,0.6711,0.6476911,-8.6900,1.0000000,1.0000,[],38
4.2081,17.0884,67.8612,0.6636693,O=C(NCC(=O)N1C[C@H](O)C[C@H]1Cc1ccccc1)c1ccc2cc(F)ccc2n1,1,COc1ccc([C@H](C)NC(=O)[C@@H]2C[C@@H](O)CN2C(=O)CNC(=O)c2ccc3cc(F)ccc3n2)c(Cl)c1,0.6800857,0.6801,0.6216216,0.6216,0.6774209,-8.9500,1.0000000,1.0000,[],38
8.0225,17.7573,58.7845,0.5979835,O=C(NCC(=O)N1C[C@H](O)C[C@H]1c1nccc2ccccc12)c1ccc2cc(F)ccc2n1,1,COc1ccc([C@H](C)NC(=O)[C@@H]2C[C@@H](O)CN2C(=O)CNC(=O)c2ccc3cc(F)ccc3n2)c(Cl)c1,0.5046727,0.5047,0.4853801,0.4854,0.7224911,-9.3700,1.0000000,1.0000,[],38
3.6126,21.5257,56.6175,0.6104940,CC(C)CNCc1ccccc1C1CCCN1C(=O)CNC(=O)c1ccc2cc(F)ccc2n1,1,COc1ccc([C@H](C)NC(=O)[C@@H]2C[C@@H](O)CN2C(=O)CNC(=O)c2ccc3cc(F)ccc3n2)c(Cl)c1,0.5259259,0.5259,0.5088757,0.5089,0.7204347,-9.3500,1.0000000,1.0000,[],39
6.1848,27.6727,53.3082,0.6326634,CN(C)C(=O)Cc1ccccc1C1CCCN1C(=O)CNC(=O)c1ccc2cc(F)ccc2n1,1,COc1ccc([C@H](C)NC(=O)[C@@H]2C[C@@H](O)CN2C(=O)CNC(=O)c2ccc3cc(F)ccc3n2)c(Cl)c1,0.6104078,0.6104,0.5333333,0.5333,0.7015134,-9.1700,1.0000000,1.0000,[],39
5.7644,13.4832,62.4336,0.5930994,CN(C)C(=O)[C@H]1C[C@@H](O)CN1C(=O)CNC(=O)c1ccc2cc(F)ccc2n1,1,COc1ccc([C@H](C)NC(=O)[C@@H]2C[C@@H](O)CN2C(=O)CNC(=O)c2ccc3cc(F)ccc3n2)c(Cl)c1,0.7764949,0.7765,0.6214286,0.6214,0.5063957,-7.5500,1.0000000,1.0000,[],39
3.7963,16.1442,63.7490,0.6241660,COCc1ccccc1C1CCCN1C(=O)CNC(=O)c1ccc2cc(F)ccc2n1,1,COc1ccc([C@H](C)NC(=O)[C@@H]2C[C@@H](O)CN2C(=O)CNC(=O)c2ccc3cc(F)ccc3n2)c(Cl)c1,0.6600770,0.6601,0.5217391,0.5217,0.6638596,-8.8300,1.0000000,1.0000,[],39
8.8039,23.7435,57.8925,0.6377812,CO[C@H]1C[C@@H](c2ccccc2)N(C(=O)CNC(=O)c2ccc3cc(F)ccc3n2)C1,1,COc1ccc([C@H](C)NC(=O)[C@@H]2C[C@@H](O)CN2C(=O)CNC(=O)c2ccc3cc(F)ccc3n2)c(Cl)c1,0.7056361,0.7056,0.5320513,0.5321,0.6638596,-8.8300,1.0000000,1.0000,[],39
2.5408,22.0377,51.3729,0.5735205,CSCC[C@H](O)[C@H]1C[C@@H](O)CN1C(=O)CNC(=O)c1ccc2cc(F)ccc2n1,1,COc1ccc([C@H](C)NC(=O)[C@@H]2C[C@@H](O)CN2C(=O)CNC(=O)c2ccc3cc(F)ccc3n2)c(Cl)c1,0.6205167,0.6205,0.5850340,0.5850,0.5459219,-7.8600,1.0000000,1.0000,[],39
3.0483,16.1080,69.0156,0.6650282,Cc1ccccc1C1CCCN1C(=O)CNC(=O)c1ccc2cc(F)ccc2n1,1,COc1ccc([C@H](C)NC(=O)[C@@H]2C[C@@H](O)CN2C(=O)CNC(=O)c2ccc3cc(F)ccc3n2)c(Cl)c1,0.7363439,0.7363,0.5192308,0.5192,0.7152528,-9.3000,1.0000000,1.0000,[],39
4.9459,27.5128,47.8923,0.5891020,Cc1ccccc1Cc1ccccc1C1CCCN1C(=O)CNC(=O)c1ccc2cc(F)ccc2n1,1,COc1ccc([C@H](C)NC(=O)[C@@H]2C[C@@H](O)CN2C(=O)CNC(=O)c2ccc3cc(F)ccc3n2)c(Cl)c1,0.4029752,0.4030,0.4480874,0.4481,0.8166962,-10.4200,1.0000000,1.0000,[],39
4.2388,4.3567,79.8798,0.6580983,O=C(NCC(=O)N1C[C@H](O)C[C@H]1C(=O)NCc1cccc(Cl)c1)c1ccc2cc(F)ccc2n1,1,COc1ccc([C@H](C)NC(=O)[C@@H]2C[C@@H](O)CN2C(=O)CNC(=O)c2ccc3cc(F)ccc3n2)c(Cl)c1,0.4955094,0.4955,0.7210884,0.7211,0.7245383,-9.3900,1.0000000,1.0000,[],39
6.0251,11.2274,70.1934,0.6361002,O=C(NCC(=O)N1C[C@H](O)C[C@H]1C(=O)Nc1ccc(Cl)cc1)c1ccc2cc(F)ccc2n1,1,COc1ccc([C@H](C)NC(=O)[C@@H]2C[C@@H](O)CN2C(=O)CNC(=O)c2ccc3cc(F)ccc3n2)c(Cl)c1,0.5297647,0.5298,0.6756757,0.6757,0.6763016,-8.9400,1.0000000,1.0000,[],39
9.1859,32.0389,46.2353,0.6115170,CN(C)C(=O)CCC1CCCN1C(=O)CNC(=O)c1ccc2cc(F)ccc2n1,1,COc1ccc([C@H](C)NC(=O)[C@@H]2C[C@@H](O)CN2C(=O)CNC(=O)c2ccc3cc(F)ccc3n2)c(Cl)c1,0.8037090,0.8037,0.5129870,0.5130,0.5823908,-8.1500,1.0000000,1.0000,[],40
9.7557,30.0256,-30.0256,0.0000000,CN(C)C(=O)CCCO[C@H]1C[C@@H](O)CN1C(=O)CNC(=O)c1ccc2cc(F)ccc2n1,1,COc1ccc([C@H](C)NC(=O)[C@@H]2C[C@@H](O)CN2C(=O)CNC(=O)c2ccc3cc(F)ccc3n2)c(Cl)c1,0.0000000,0.0000,0.0000000,0.0000,0.0000000,0.0000,0.0000000,0.0000,"['[#7;!n][C;!$(C(=[O,N])[N,O])][#8;!o]']",40
4.5656,26.0187,57.0052,0.6486242,CN(C)C(=O)c1ccccc1C1CCCN1C(=O)CNC(=O)c1ccc2cc(F)ccc2n1,1,COc1ccc([C@H](C)NC(=O)[C@@H]2C[C@@H](O)CN2C(=O)CNC(=O)c2ccc3cc(F)ccc3n2)c(Cl)c1,0.6500930,0.6501,0.5465839,0.5466,0.7057813,-9.2100,1.0000000,1.0000,[],40
8.5744,31.0550,49.8381,0.6319774,CN(C)C(=O)c1cccnc1C1CCCN1C(=O)CNC(=O)c1ccc2cc(F)ccc2n1,1,COc1ccc([C@H](C)NC(=O)[C@@H]2C[C@@H](O)CN2C(=O)CNC(=O)c2ccc3cc(F)ccc3n2)c(Cl)c1,0.6460485,0.6460,0.5276074,0.5276,0.6840929,-9.0100,1.0000000,1.0000,[],40
5.8605,6.6160,76.8523,0.6520963,O=C(NCC(=O)N1C[C@H](O)C[C@H]1C(=O)NCc1ccc(Cl)cc1)c1ccc2cc(F)ccc2n1,1,COc1ccc([C@H](C)NC(=O)[C@@H]2C[C@@H](O)CN2C(=O)CNC(=O)c2ccc3cc(F)ccc3n2)c(Cl)c1,0.4955094,0.4955,0.7260274,0.7260,0.7089589,-9.2400,1.0000000,1.0000,[],40
4.2570,4.3567,79.8798,0.6580983,O=C(NCC(=O)N1C[C@H](O)C[C@H]1C(=O)NCc1cccc(Cl)c1)c1ccc2cc(F)ccc2n1,1,COc1ccc([C@H](C)NC(=O)[C@@H]2C[C@@H](O)CN2C(=O)CNC(=O)c2ccc3cc(F)ccc3n2)c(Cl)c1,0.4955094,0.4955,0.7210884,0.7211,0.7245383,-9.3900,1.0000000,1.0000,[],40
8.9642,21.6547,53.6165,0.5880567,O=C(NCC(=O)N1C[C@H](O)C[C@H]1C(=O)c1ccccc1)c1ccc2cc(F)ccc2c1,1,COc1ccc([C@H](C)NC(=O)[C@@H]2C[C@@H](O)CN2C(=O)CNC(=O)c2ccc3cc(F)ccc3n2)c(Cl)c1,0.6214406,0.6214,0.4235294,0.4235,0.6740573,-8.9200,1.0000000,1.0000,[],40
2.4014,17.0884,67.8612,0.6636693,O=C(NCC(=O)N1C[C@H](O)C[C@H]1Cc1ccccc1)c1ccc2cc(F)ccc2n1,1,COc1ccc([C@H](C)NC(=O)[C@@H]2C[C@@H](O)CN2C(=O)CNC(=O)c2ccc3cc(F)ccc3n2)c(Cl)c1,0.6800857,0.6801,0.6216216,0.6216,0.6774209,-8.9500,1.0000000,1.0000,[],40
4.4717,16.4496,66.0608,0.6446130,O=C(NCC(=O)N1C[C@H](O)C[C@H]1c1cccc(Cl)c1)c1ccc2cc(F)ccc2n1,1,COc1ccc([C@H](C)NC(=O)[C@@H]2C[C@@H](O)CN2C(=O)CNC(=O)c2ccc3cc(F)ccc3n2)c(Cl)c1,0.6699564,0.6700,0.5827815,0.5828,0.6650005,-8.8400,1.0000000,1.0000,[],40
5.3424,32.8875,43.0903,0.5935765,CC(C)CSCc1ccccc1C1CCCN1C(=O)CNC(=O)c1ccc2cc(F)ccc2n1,1,COc1ccc([C@H](C)NC(=O)[C@@H]2C[C@@H](O)CN2C(=O)CNC(=O)c2ccc3cc(F)ccc3n2)c(Cl)c1,0.4727104,0.4727,0.5178571,0.5179,0.7121161,-9.2700,1.0000000,1.0000,[],41
9.3581,25.3407,53.2957,0.6143465,CC(C)S(=O)(=O)Cc1ccccc1[C@@H]1C[C@@H](O)CN1C(=O)CNC(=O)c1ccc2cc(F)ccc2n1,1,COc1ccc([C@H](C)NC(=O)[C@@H]2C[C@@H](O)CN2C(=O)CNC(=O)c2ccc3cc(F)ccc3n2)c(Cl)c1,0.5019281,0.5019,0.5766871,0.5767,0.7015134,-9.1700,1.0000000,1.0000,[],41
4.2201,26.0187,57.0052,0.6486242,CN(C)C(=O)c1ccccc1C1CCCN1C(=O)CNC(=O)c1ccc2cc(F)ccc2n1,1,COc1ccc([C@H](C)NC(=O)[C@@H]2C[C@@H](O)CN2C(=O)CNC(=O)c2ccc3cc(F)ccc3n2)c(Cl)c1,0.6500930,0.6501,0.5465839,0.5466,0.7057813,-9.2100,1.0000000,1.0000,[],41
3.2883,16.1442,63.7490,0.6241660,COCc1ccccc1C1CCCN1C(=O)CNC(=O)c1ccc2cc(F)ccc2n1,1,COc1ccc([C@H](C)NC(=O)[C@@H]2C[C@@H](O)CN2C(=O)CNC(=O)c2ccc3cc(F)ccc3n2)c(Cl)c1,0.6600770,0.6601,0.5217391,0.5217,0.6638596,-8.8300,1.0000000,1.0000,[],41
2.6392,22.0377,51.3729,0.5735205,CSCC[C@H](O)[C@H]1C[C@@H](O)CN1C(=O)CNC(=O)c1ccc2cc(F)ccc2n1,1,COc1ccc([C@H](C)NC(=O)[C@@H]2C[C@@H](O)CN2C(=O)CNC(=O)c2ccc3cc(F)ccc3n2)c(Cl)c1,0.6205167,0.6205,0.5850340,0.5850,0.5459219,-7.8600,1.0000000,1.0000,[],41
10.5339,50.4210,29.1759,0.6218509,C[C@@H](O)CN1CCCC1c1ccccc1C1CCCN1C(=O)CNC(=O)c1ccc2cc(F)ccc2n1,1,COc1ccc([C@H](C)NC(=O)[C@@H]2C[C@@H](O)CN2C(=O)CNC(=O)c2ccc3cc(F)ccc3n2)c(Cl)c1,0.5084187,0.5084,0.4916201,0.4916,0.7734762,-9.9000,1.0000000,1.0000,[],41
3.0991,16.1080,69.0156,0.6650282,Cc1ccccc1C1CCCN1C(=O)CNC(=O)c1ccc2cc(F)ccc2n1,1,COc1ccc([C@H](C)NC(=O)[C@@H]2C[C@@H](O)CN2C(=O)CNC(=O)c2ccc3cc(F)ccc3n2)c(Cl)c1,0.7363439,0.7363,0.5192308,0.5192,0.7152528,-9.3000,1.0000000,1.0000,[],41
2.9425,9.5771,67.6575,0.6033952,O=C(NCC(=O)N1C[C@H](O)C[C@H]1C(=O)Nc1ccccc1)c1ccc2cc(F)ccc2n1,1,COc1ccc([C@H](C)NC(=O)[C@@H]2C[C@@H](O)CN2C(=O)CNC(=O)c2ccc3cc(F)ccc3n2)c(Cl)c1,0.5638607,0.5639,0.6510067,0.6510,0.6009316,-8.3000,1.0000000,1.0000,[],41
3.4649,18.2191,67.9322,0.6730575,O=C(NCC(=O)N1C[C@H](O)C[C@H]1C(=O)c1ccccc1)c1ccc2cc(F)ccc2n1,1,COc1ccc([C@H](C)NC(=O)[C@@H]2C[C@@H](O)CN2C(=O)CNC(=O)c2ccc3cc(F)ccc3n2)c(Cl)c1,0.6137592,0.6138,0.6351351,0.6351,0.7255583,-9.4000,1.0000000,1.0000,[],41
4.0077,26.0187,57.0052,0.6486242,CN(C)C(=O)c1ccccc1C1CCCN1C(=O)CNC(=O)c1ccc2cc(F)ccc2n1,1,COc1ccc([C@H](C)NC(=O)[C@@H]2C[C@@H](O)CN2C(=O)CNC(=O)c2ccc3cc(F)ccc3n2)c(Cl)c1,0.6500930,0.6501,0.5465839,0.5466,0.7057813,-9.2100,1.0000000,1.0000,[],42
5.1509,13.7950,66.4130,0.6266252,CN(C)Cc1ccccc1C1CCCN1C(=O)CNC(=O)c1ccc2cc(F)ccc2n1,1,COc1ccc([C@H](C)NC(=O)[C@@H]2C[C@@H](O)CN2C(=O)CNC(=O)c2ccc3cc(F)ccc3n2)c(Cl)c1,0.6447290,0.6447,0.5060976,0.5061,0.6874008,-9.0400,1.0000000,1.0000,[],42
5.8314,23.9297,47.7783,0.5602192,COCCNCc1ccccc1C1CCCN1C(=O)CNC(=O)c1ccc2cc(F)ccc2n1,1,COc1ccc([C@H](C)NC(=O)[C@@H]2C[C@@H](O)CN2C(=O)CNC(=O)c2ccc3cc(F)ccc3n2)c(Cl)c1,0.4754311,0.4754,0.5029240,0.5029,0.6418314,-8.6400,1.0000000,1.0000,[],42
3.8175,17.0226,64.9762,0.6406158,COc1ccccc1C1CCCN1C(=O)CNC(=O)c1ccc2cc(F)ccc2n1,1,COc1ccc([C@H](C)NC(=O)[C@@H]2C[C@@H](O)CN2C(=O)CNC(=O)c2ccc3cc(F)ccc3n2)c(Cl)c1,0.7030429,0.7030,0.5649351,0.5649,0.6511860,-8.7200,1.0000000,1.0000,[],42
5.3490,20.9542,54.9346,0.5928814,CSCC[C@@H]1C[C@@H](O)CN1C(=O)CNC(=O)c1ccc2cc(F)ccc2n1,1,COc1ccc([C@H](C)NC(=O)[C@@H]2C[C@@H](O)CN2C(=O)CNC(=O)c2ccc3cc(F)ccc3n2)c(Cl)c1,0.7849874,0.7850,0.5985915,0.5986,0.5127894,-7.6000,1.0000000,1.0000,[],42
3.2503,5.2558,77.0136,0.6427296,O=C(NCC(=O)N1C[C@H](O)C[C@H]1C(=O)NCc1ccccc1)c1ccc2cc(F)ccc2n1,1,COc1ccc([C@H](C)NC(=O)[C@@H]2C[C@@H](O)CN2C(=O)CNC(=O)c2ccc3cc(F)ccc3n2)c(Cl)c1,0.5255299,0.5255,0.7006803,0.7007,0.6807660,-8.9800,1.0000000,1.0000,[],42
2.7386,9.5771,67.6575,0.6033952,O=C(NCC(=O)N1C[C@H](O)C[C@H]1C(=O)Nc1ccccc1)c1ccc2cc(F)ccc2n1,1,COc1ccc([C@H](C)NC(=O)[C@@H]2C[C@@H](O)CN2C(=O)CNC(=O)c2ccc3cc(F)ccc3n2)c(Cl)c1,0.5638607,0.5639,0.6510067,0.6510,0.6009316,-8.3000,1.0000000,1.0000,[],42
3.3385,19.8103,65.5929,0.6672131,O=C(NCC(=O)N1C[C@H](O)C[C@H]1C(=O)c1cccc(Cl)c1)c1ccc2cc(F)ccc2n1,1,COc1ccc([C@H](C)NC(=O)[C@@H]2C[C@@H](O)CN2C(=O)CNC(=O)c2ccc3cc(F)ccc3n2)c(Cl)c1,0.5760042,0.5760,0.6554054,0.6554,0.7245383,-9.3900,1.0000000,1.0000,[],42
2.8467,18.2191,67.9323,0.6730575,O=C(NCC(=O)N1C[C@H](O)C[C@H]1C(=O)c1ccccc1)c1ccc2cc(F)ccc2n1,1,COc1ccc([C@H](C)NC(=O)[C@@H]2C[C@@H](O)CN2C(=O)CNC(=O)c2ccc3cc(F)ccc3n2)c(Cl)c1,0.6137592,0.6138,0.6351351,0.6351,0.7255583,-9.4000,1.0000000,1.0000,[],42
3.6715,17.0884,67.8612,0.6636693,O=C(NCC(=O)N1C[C@H](O)C[C@H]1Cc1ccccc1)c1ccc2cc(F)ccc2n1,1,COc1ccc([C@H](C)NC(=O)[C@@H]2C[C@@H](O)CN2C(=O)CNC(=O)c2ccc3cc(F)ccc3n2)c(Cl)c1,0.6800857,0.6801,0.6216216,0.6216,0.6774209,-8.9500,1.0000000,1.0000,[],42
4.9690,27.6727,53.3082,0.6326634,CN(C)C(=O)Cc1ccccc1C1CCCN1C(=O)CNC(=O)c1ccc2cc(F)ccc2n1,1,COc1ccc([C@H](C)NC(=O)[C@@H]2C[C@@H](O)CN2C(=O)CNC(=O)c2ccc3cc(F)ccc3n2)c(Cl)c1,0.6104078,0.6104,0.5333333,0.5333,0.7015134,-9.1700,1.0000000,1.0000,[],43
3.9853,26.0187,57.0052,0.6486242,CN(C)C(=O)c1ccccc1C1CCCN1C(=O)CNC(=O)c1ccc2cc(F)ccc2n1,1,COc1ccc([C@H](C)NC(=O)[C@@H]2C[C@@H](O)CN2C(=O)CNC(=O)c2ccc3cc(F)ccc3n2)c(Cl)c1,0.6500930,0.6501,0.5465839,0.5466,0.7057813,-9.2100,1.0000000,1.0000,[],43
7.6858,20.4568,60.4759,0.6322872,CN(C)C(=O)c1ccccc1[C@@H]1CCCN1C(=O)CNC(=O)c1ccc2cc(F)ccc2n1,1,COc1ccc([C@H](C)NC(=O)[C@@H]2C[C@@H](O)CN2C(=O)CNC(=O)c2ccc3cc(F)ccc3n2)c(Cl)c1,0.6500930,0.6501,0.5465839,0.5466,0.6706758,-8.8900,1.0000000,1.0000,[],43
10.0991,37.7295,42.2181,0.6245903,CNC(C)C1CCCN1C(=O)CNC(=O)c1ccc2cc(F)ccc2n1,1,COc1ccc([C@H](C)NC(=O)[C@@H]2C[C@@H](O)CN2C(=O)CNC(=O)c2ccc3cc(F)ccc3n2)c(Cl)c1,0.8532492,0.8532,0.5170068,0.5170,0.5873601,-8.1900,1.0000000,1.0000,[],43
9.6479,38.8573,30.8188,0.5443443,C[C@H](Cc1ccccc1)NCc1ccccc1NC(=O)CNC(=O)c1ccc2cc(F)ccc2n1,1,COc1ccc([C@H](C)NC(=O)[C@@H]2C[C@@H](O)CN2C(=O)CNC(=O)c2ccc3cc(F)ccc3n2)c(Cl)c1,0.3372671,0.3373,0.3978495,0.3978,0.8089116,-10.3200,1.0000000,1.0000,[],43
2.9736,16.1080,69.0156,0.6650282,Cc1ccccc1C1CCCN1C(=O)CNC(=O)c1ccc2cc(F)ccc2n1,1,COc1ccc([C@H](C)NC(=O)[C@@H]2C[C@@H](O)CN2C(=O)CNC(=O)c2ccc3cc(F)ccc3n2)c(Cl)c1,0.7363439,0.7363,0.5192308,0.5192,0.7152528,-9.3000,1.0000000,1.0000,[],43
3.8325,4.3567,79.8798,0.6580983,O=C(NCC(=O)N1C[C@H](O)C[C@H]1C(=O)NCc1cccc(Cl)c1)c1ccc2cc(F)ccc2n1,1,COc1ccc([C@H](C)NC(=O)[C@@H]2C[C@@H](O)CN2C(=O)CNC(=O)c2ccc3cc(F)ccc3n2)c(Cl)c1,0.4955094,0.4955,0.7210884,0.7211,0.7245383,-9.3900,1.0000000,1.0000,[],43
3.0037,8.6460,70.8999,0.6214528,O=C(NCC(=O)N1C[C@H](O)C[C@H]1C(=O)Nc1cccc(Cl)c1)c1ccc2cc(F)ccc2n1,1,COc1ccc([C@H](C)NC(=O)[C@@H]2C[C@@H](O)CN2C(=O)CNC(=O)c2ccc3cc(F)ccc3n2)c(Cl)c1,0.5297647,0.5298,0.6711409,0.6711,0.6476911,-8.6900,1.0000000,1.0000,[],43
2.8024,19.8103,65.5930,0.6672131,O=C(NCC(=O)N1C[C@H](O)C[C@H]1C(=O)c1cccc(Cl)c1)c1ccc2cc(F)ccc2n1,1,COc1ccc([C@H](C)NC(=O)[C@@H]2C[C@@H](O)CN2C(=O)CNC(=O)c2ccc3cc(F)ccc3n2)c(Cl)c1,0.5760042,0.5760,0.6554054,0.6554,0.7245383,-9.3900,1.0000000,1.0000,[],43
2.3812,18.2191,67.9323,0.6730575,O=C(NCC(=O)N1C[C@H](O)C[C@H]1C(=O)c1ccccc1)c1ccc2cc(F)ccc2n1,1,COc1ccc([C@H](C)NC(=O)[C@@H]2C[C@@H](O)CN2C(=O)CNC(=O)c2ccc3cc(F)ccc3n2)c(Cl)c1,0.6137592,0.6138,0.6351351,0.6351,0.7255583,-9.4000,1.0000000,1.0000,[],43
8.3930,24.9025,44.1540,0.5395038,COCCNc1ccccc1C1CCCN1C(=O)CNC(=O)c1ccc2cc(F)ccc2n1,1,COc1ccc([C@H](C)NC(=O)[C@@H]2C[C@@H](O)CN2C(=O)CNC(=O)c2ccc3cc(F)ccc3n2)c(Cl)c1,0.5132962,0.5133,0.5059524,0.5060,0.5711499,-8.0600,1.0000000,1.0000,[],44
3.2578,16.1442,63.7490,0.6241660,COCc1ccccc1C1CCCN1C(=O)CNC(=O)c1ccc2cc(F)ccc2n1,1,COc1ccc([C@H](C)NC(=O)[C@@H]2C[C@@H](O)CN2C(=O)CNC(=O)c2ccc3cc(F)ccc3n2)c(Cl)c1,0.6600770,0.6601,0.5217391,0.5217,0.6638596,-8.8300,1.0000000,1.0000,[],44
2.8921,16.1080,69.0156,0.6650282,Cc1ccccc1C1CCCN1C(=O)CNC(=O)c1ccc2cc(F)ccc2n1,1,COc1ccc([C@H](C)NC(=O)[C@@H]2C[C@@H](O)CN2C(=O)CNC(=O)c2ccc3cc(F)ccc3n2)c(Cl)c1,0.7363439,0.7363,0.5192308,0.5192,0.7152528,-9.3000,1.0000000,1.0000,[],44
3.2149,8.6460,70.8999,0.6214528,O=C(NCC(=O)N1C[C@H](O)C[C@H]1C(=O)Nc1cccc(Cl)c1)c1ccc2cc(F)ccc2n1,1,COc1ccc([C@H](C)NC(=O)[C@@H]2C[C@@H](O)CN2C(=O)CNC(=O)c2ccc3cc(F)ccc3n2)c(Cl)c1,0.5297647,0.5298,0.6711409,0.6711,0.6476911,-8.6900,1.0000000,1.0000,[],44
3.1216,9.5771,67.6575,0.6033952,O=C(NCC(=O)N1C[C@H](O)C[C@H]1C(=O)Nc1ccccc1)c1ccc2cc(F)ccc2n1,1,COc1ccc([C@H](C)NC(=O)[C@@H]2C[C@@H](O)CN2C(=O)CNC(=O)c2ccc3cc(F)ccc3n2)c(Cl)c1,0.5638607,0.5639,0.6510067,0.6510,0.6009316,-8.3000,1.0000000,1.0000,[],44
2.4720,19.8103,65.5929,0.6672131,O=C(NCC(=O)N1C[C@H](O)C[C@H]1C(=O)c1cccc(Cl)c1)c1ccc2cc(F)ccc2n1,1,COc1ccc([C@H](C)NC(=O)[C@@H]2C[C@@H](O)CN2C(=O)CNC(=O)c2ccc3cc(F)ccc3n2)c(Cl)c1,0.5760042,0.5760,0.6554054,0.6554,0.7245383,-9.3900,1.0000000,1.0000,[],44
2.1346,18.2191,67.9322,0.6730575,O=C(NCC(=O)N1C[C@H](O)C[C@H]1C(=O)c1ccccc1)c1ccc2cc(F)ccc2n1,1,COc1ccc([C@H](C)NC(=O)[C@@H]2C[C@@H](O)CN2C(=O)CNC(=O)c2ccc3cc(F)ccc3n2)c(Cl)c1,0.6137592,0.6138,0.6351351,0.6351,0.7255583,-9.4000,1.0000000,1.0000,[],44
5.3420,17.0884,67.8612,0.6636693,O=C(NCC(=O)N1C[C@H](O)C[C@H]1Cc1ccccc1)c1ccc2cc(F)ccc2n1,1,COc1ccc([C@H](C)NC(=O)[C@@H]2C[C@@H](O)CN2C(=O)CNC(=O)c2ccc3cc(F)ccc3n2)c(Cl)c1,0.6800857,0.6801,0.6216216,0.6216,0.6774209,-8.9500,1.0000000,1.0000,[],44
6.1439,24.0227,52.6441,0.5989597,CC(C)C1CCCCN1C(=O)CNC(=O)c1ccc2cc(F)ccc2n1,1,COc1ccc([C@H](C)NC(=O)[C@@H]2C[C@@H](O)CN2C(=O)CNC(=O)c2ccc3cc(F)ccc3n2)c(Cl)c1,0.9143320,0.9143,0.5273973,0.5274,0.5166237,-7.6300,1.0000000,1.0000,[],45
4.2907,20.9850,57.9104,0.6163706,CC(C)C1CCCN1C(=O)CNC(=O)c1ccc2cc(F)ccc2n1,1,COc1ccc([C@H](C)NC(=O)[C@@H]2C[C@@H](O)CN2C(=O)CNC(=O)c2ccc3cc(F)ccc3n2)c(Cl)c1,0.9284245,0.9284,0.5314685,0.5315,0.5408437,-7.8200,1.0000000,1.0000,[],45
7.1552,33.2003,47.0377,0.6268591,COc1cccc2c1CCCC21CCCN1C(=O)CNC(=O)c1ccc2cc(F)ccc2n1,1,COc1ccc([C@H](C)NC(=O)[C@@H]2C[C@@H](O)CN2C(=O)CNC(=O)c2ccc3cc(F)ccc3n2)c(Cl)c1,0.6571538,0.6572,0.5521472,0.5521,0.6523473,-8.7300,1.0000000,1.0000,[],45
3.4202,20.9542,54.9346,0.5928814,CSCC[C@@H]1C[C@@H](O)CN1C(=O)CNC(=O)c1ccc2cc(F)ccc2n1,1,COc1ccc([C@H](C)NC(=O)[C@@H]2C[C@@H](O)CN2C(=O)CNC(=O)c2ccc3cc(F)ccc3n2)c(Cl)c1,0.7849874,0.7850,0.5985915,0.5986,0.5127894,-7.6000,1.0000000,1.0000,[],45
2.8513,16.1080,69.0156,0.6650282,Cc1ccccc1C1CCCN1C(=O)CNC(=O)c1ccc2cc(F)ccc2n1,1,COc1ccc([C@H](C)NC(=O)[C@@H]2C[C@@H](O)CN2C(=O)CNC(=O)c2ccc3cc(F)ccc3n2)c(Cl)c1,0.7363439,0.7363,0.5192308,0.5192,0.7152528,-9.3000,1.0000000,1.0000,[],45
2.3250,19.8103,65.5929,0.6672131,O=C(NCC(=O)N1C[C@H](O)C[C@H]1C(=O)c1cccc(Cl)c1)c1ccc2cc(F)ccc2n1,1,COc1ccc([C@H](C)NC(=O)[C@@H]2C[C@@H](O)CN2C(=O)CNC(=O)c2ccc3cc(F)ccc3n2)c(Cl)c1,0.5760042,0.5760,0.6554054,0.6554,0.7245383,-9.3900,1.0000000,1.0000,[],45
2.0073,18.2191,67.9323,0.6730575,O=C(NCC(=O)N1C[C@H](O)C[C@H]1C(=O)c1ccccc1)c1ccc2cc(F)ccc2n1,1,COc1ccc([C@H](C)NC(=O)[C@@H]2C[C@@H](O)CN2C(=O)CNC(=O)c2ccc3cc(F)ccc3n2)c(Cl)c1,0.6137592,0.6138,0.6351351,0.6351,0.7255583,-9.4000,1.0000000,1.0000,[],45
4.2154,23.5737,56.3105,0.6240952,O=C(NCC(=O)N1C[C@H](O)C[C@H]1C(=O)c1cccnc1)c1ccc2cc(F)ccc2n1,1,COc1ccc([C@H](C)NC(=O)[C@@H]2C[C@@H](O)CN2C(=O)CNC(=O)c2ccc3cc(F)ccc3n2)c(Cl)c1,0.6004336,0.6004,0.6133333,0.6133,0.6418314,-8.6400,1.0000000,1.0000,[],45
3.4925,20.9850,57.9104,0.6163706,CC(C)C1CCCN1C(=O)CNC(=O)c1ccc2cc(F)ccc2n1,1,COc1ccc([C@H](C)NC(=O)[C@@H]2C[C@@H](O)CN2C(=O)CNC(=O)c2ccc3cc(F)ccc3n2)c(Cl)c1,0.9284245,0.9284,0.5314685,0.5315,0.5408437,-7.8200,1.0000000,1.0000,[],46
4.7291,18.4623,63.0845,0.6370842,CCc1ccccc1C1CCCN1C(=O)CNC(=O)c1ccc2cc(F)ccc2n1,1,COc1ccc([C@H](C)NC(=O)[C@@H]2C[C@@H](O)CN2C(=O)CNC(=O)c2ccc3cc(F)ccc3n2)c(Cl)c1,0.6971738,0.6972,0.5253165,0.5253,0.6706758,-8.8900,1.0000000,1.0000,[],46
5.0406,33.2003,47.0377,0.6268591,COc1cccc2c1CCCC21CCCN1C(=O)CNC(=O)c1ccc2cc(F)ccc2n1,1,COc1ccc([C@H](C)NC(=O)[C@@H]2C[C@@H](O)CN2C(=O)CNC(=O)c2ccc3cc(F)ccc3n2)c(Cl)c1,0.6571538,0.6572,0.5521472,0.5521,0.6523473,-8.7300,1.0000000,1.0000,[],46
6.0003,21.3011,63.8332,0.6651116,O=C(NCC(=O)N1C[C@H](O)C[C@H]1C(=O)Cc1cccc(Cl)c1)c1ccc2cc(F)ccc2n1,1,COc1ccc([C@H](C)NC(=O)[C@@H]2C[C@@H](O)CN2C(=O)CNC(=O)c2ccc3cc(F)ccc3n2)c(Cl)c1,0.5776491,0.5776,0.6490066,0.6490,0.7224911,-9.3700,1.0000000,1.0000,[],46
4.5305,4.3567,79.8798,0.6580983,O=C(NCC(=O)N1C[C@H](O)C[C@H]1C(=O)NCc1cccc(Cl)c1)c1ccc2cc(F)ccc2n1,1,COc1ccc([C@H](C)NC(=O)[C@@H]2C[C@@H](O)CN2C(=O)CNC(=O)c2ccc3cc(F)ccc3n2)c(Cl)c1,0.4955094,0.4955,0.7210884,0.7211,0.7245383,-9.3900,1.0000000,1.0000,[],46
3.8117,8.6460,70.8999,0.6214528,O=C(NCC(=O)N1C[C@H](O)C[C@H]1C(=O)Nc1cccc(Cl)c1)c1ccc2cc(F)ccc2n1,1,COc1ccc([C@H](C)NC(=O)[C@@H]2C[C@@H](O)CN2C(=O)CNC(=O)c2ccc3cc(F)ccc3n2)c(Cl)c1,0.5297647,0.5298,0.6711409,0.6711,0.6476911,-8.6900,1.0000000,1.0000,[],46
4.5245,23.8201,58.6941,0.6446417,O=C(NCC(=O)N1C[C@H](O)C[C@H]1C(=O)c1ccc(Cl)cc1)c1ccc2cc(F)ccc2n1,1,COc1ccc([C@H](C)NC(=O)[C@@H]2C[C@@H](O)CN2C(=O)CNC(=O)c2ccc3cc(F)ccc3n2)c(Cl)c1,0.5760042,0.5760,0.6598639,0.6599,0.6740573,-8.9200,1.0000000,1.0000,[],46
3.6001,21.6547,53.6165,0.5880567,O=C(NCC(=O)N1C[C@H](O)C[C@H]1C(=O)c1ccccc1)c1ccc2cc(F)ccc2c1,1,COc1ccc([C@H](C)NC(=O)[C@@H]2C[C@@H](O)CN2C(=O)CNC(=O)c2ccc3cc(F)ccc3n2)c(Cl)c1,0.6214406,0.6214,0.4235294,0.4235,0.6740573,-8.9200,1.0000000,1.0000,[],46
1.7975,18.2191,67.9322,0.6730575,O=C(NCC(=O)N1C[C@H](O)C[C@H]1C(=O)c1ccccc1)c1ccc2cc(F)ccc2n1,1,COc1ccc([C@H](C)NC(=O)[C@@H]2C[C@@H](O)CN2C(=O)CNC(=O)c2ccc3cc(F)ccc3n2)c(Cl)c1,0.6137592,0.6138,0.6351351,0.6351,0.7255583,-9.4000,1.0000000,1.0000,[],46
3.4139,16.1442,63.7490,0.6241660,COCc1ccccc1C1CCCN1C(=O)CNC(=O)c1ccc2cc(F)ccc2n1,1,COc1ccc([C@H](C)NC(=O)[C@@H]2C[C@@H](O)CN2C(=O)CNC(=O)c2ccc3cc(F)ccc3n2)c(Cl)c1,0.6600770,0.6601,0.5217391,0.5217,0.6638596,-8.8300,1.0000000,1.0000,[],47
2.9353,16.1080,69.0156,0.6650282,Cc1ccccc1C1CCCN1C(=O)CNC(=O)c1ccc2cc(F)ccc2n1,1,COc1ccc([C@H](C)NC(=O)[C@@H]2C[C@@H](O)CN2C(=O)CNC(=O)c2ccc3cc(F)ccc3n2)c(Cl)c1,0.7363439,0.7363,0.5192308,0.5192,0.7152528,-9.3000,1.0000000,1.0000,[],47
5.2740,7.3304,72.3546,0.6225395,O=C(NCC(=O)N1C[C@H](O)C[C@H]1C(=O)NCCc1ccccc1)c1ccc2cc(F)ccc2n1,1,COc1ccc([C@H](C)NC(=O)[C@@H]2C[C@@H](O)CN2C(=O)CNC(=O)c2ccc3cc(F)ccc3n2)c(Cl)c1,0.4898709,0.4899,0.6933333,0.6933,0.6650005,-8.8400,1.0000000,1.0000,[],47
4.4179,23.8201,58.6941,0.6446417,O=C(NCC(=O)N1C[C@H](O)C[C@H]1C(=O)c1ccc(Cl)cc1)c1ccc2cc(F)ccc2n1,1,COc1ccc([C@H](C)NC(=O)[C@@H]2C[C@@H](O)CN2C(=O)CNC(=O)c2ccc3cc(F)ccc3n2)c(Cl)c1,0.5760042,0.5760,0.6598639,0.6599,0.6740573,-8.9200,1.0000000,1.0000,[],47
2.0182,19.8103,65.5929,0.6672131,O=C(NCC(=O)N1C[C@H](O)C[C@H]1C(=O)c1cccc(Cl)c1)c1ccc2cc(F)ccc2n1,1,COc1ccc([C@H](C)NC(=O)[C@@H]2C[C@@H](O)CN2C(=O)CNC(=O)c2ccc3cc(F)ccc3n2)c(Cl)c1,0.5760042,0.5760,0.6554054,0.6554,0.7245383,-9.3900,1.0000000,1.0000,[],47
1.8073,18.2191,67.9322,0.6730575,O=C(NCC(=O)N1C[C@H](O)C[C@H]1C(=O)c1ccccc1)c1ccc2cc(F)ccc2n1,1,COc1ccc([C@H](C)NC(=O)[C@@H]2C[C@@H](O)CN2C(=O)CNC(=O)c2ccc3cc(F)ccc3n2)c(Cl)c1,0.6137592,0.6138,0.6351351,0.6351,0.7255583,-9.4000,1.0000000,1.0000,[],47
2.9485,20.9850,57.9104,0.6163706,CC(C)C1CCCN1C(=O)CNC(=O)c1ccc2cc(F)ccc2n1,1,COc1ccc([C@H](C)NC(=O)[C@@H]2C[C@@H](O)CN2C(=O)CNC(=O)c2ccc3cc(F)ccc3n2)c(Cl)c1,0.9284245,0.9284,0.5314685,0.5315,0.5408437,-7.8200,1.0000000,1.0000,[],48
5.5810,24.8401,-24.8401,0.0000000,CN(C)C1CCCCN1C(=O)CNC(=O)c1ccc2cc(F)ccc2n1,1,COc1ccc([C@H](C)NC(=O)[C@@H]2C[C@@H](O)CN2C(=O)CNC(=O)c2ccc3cc(F)ccc3n2)c(Cl)c1,0.0000000,0.0000,0.0000000,0.0000,0.0000000,0.0000,0.0000000,0.0000,"['[#7;!n][C;!$(C(=[O,N])[N,O])][#7;!n]']",48
9.5626,24.3486,50.3587,0.5836504,COCc1cccnc1C1CCCN1C(=O)CNC(=O)c1ccc2cc(F)ccc2n1,1,COc1ccc([C@H](C)NC(=O)[C@@H]2C[C@@H](O)CN2C(=O)CNC(=O)c2ccc3cc(F)ccc3n2)c(Cl)c1,0.6602354,0.6602,0.5030675,0.5031,0.5910757,-8.2200,1.0000000,1.0000,[],48
3.8861,33.2003,47.0377,0.6268591,COc1cccc2c1CCCC21CCCN1C(=O)CNC(=O)c1ccc2cc(F)ccc2n1,1,COc1ccc([C@H](C)NC(=O)[C@@H]2C[C@@H](O)CN2C(=O)CNC(=O)c2ccc3cc(F)ccc3n2)c(Cl)c1,0.6571538,0.6572,0.5521472,0.5521,0.6523473,-8.7300,1.0000000,1.0000,[],48
4.8717,17.4949,58.1086,0.5906522,C[C@@H]1C[C@@H](O)CN1C(=O)CNC(=O)c1ccc2cc(F)ccc2n1,1,COc1ccc([C@H](C)NC(=O)[C@@H]2C[C@@H](O)CN2C(=O)CNC(=O)c2ccc3cc(F)ccc3n2)c(Cl)c1,0.8818100,0.8818,0.5970149,0.5970,0.4808212,-7.3500,1.0000000,1.0000,[],48
3.7673,5.2558,77.0136,0.6427296,O=C(NCC(=O)N1C[C@H](O)C[C@H]1C(=O)NCc1ccccc1)c1ccc2cc(F)ccc2n1,1,COc1ccc([C@H](C)NC(=O)[C@@H]2C[C@@H](O)CN2C(=O)CNC(=O)c2ccc3cc(F)ccc3n2)c(Cl)c1,0.5255299,0.5255,0.7006803,0.7007,0.6807660,-8.9800,1.0000000,1.0000,[],48
1.9840,19.8103,65.5929,0.6672131,O=C(NCC(=O)N1C[C@H](O)C[C@H]1C(=O)c1cccc(Cl)c1)c1ccc2cc(F)ccc2n1,1,COc1ccc([C@H](C)NC(=O)[C@@H]2C[C@@H](O)CN2C(=O)CNC(=O)c2ccc3cc(F)ccc3n2)c(Cl)c1,0.5760042,0.5760,0.6554054,0.6554,0.7245383,-9.3900,1.0000000,1.0000,[],48
1.8419,18.2191,67.9323,0.6730575,O=C(NCC(=O)N1C[C@H](O)C[C@H]1C(=O)c1ccccc1)c1ccc2cc(F)ccc2n1,1,COc1ccc([C@H](C)NC(=O)[C@@H]2C[C@@H](O)CN2C(=O)CNC(=O)c2ccc3cc(F)ccc3n2)c(Cl)c1,0.6137592,0.6138,0.6351351,0.6351,0.7255583,-9.4000,1.0000000,1.0000,[],48
2.9359,20.9850,57.9104,0.6163706,CC(C)C1CCCN1C(=O)CNC(=O)c1ccc2cc(F)ccc2n1,1,COc1ccc([C@H](C)NC(=O)[C@@H]2C[C@@H](O)CN2C(=O)CNC(=O)c2ccc3cc(F)ccc3n2)c(Cl)c1,0.9284245,0.9284,0.5314685,0.5315,0.5408437,-7.8200,1.0000000,1.0000,[],49
4.8948,18.4623,63.0845,0.6370842,CCc1ccccc1C1CCCN1C(=O)CNC(=O)c1ccc2cc(F)ccc2n1,1,COc1ccc([C@H](C)NC(=O)[C@@H]2C[C@@H](O)CN2C(=O)CNC(=O)c2ccc3cc(F)ccc3n2)c(Cl)c1,0.6971738,0.6972,0.5253165,0.5253,0.6706758,-8.8900,1.0000000,1.0000,[],49
7.3441,15.3487,63.7712,0.6181246,CN(C)C(=O)C1CCCCN1C(=O)CNC(=O)c1ccc2cc(F)ccc2n1,1,COc1ccc([C@H](C)NC(=O)[C@@H]2C[C@@H](O)CN2C(=O)CNC(=O)c2ccc3cc(F)ccc3n2)c(Cl)c1,0.8648419,0.8648,0.5266667,0.5267,0.5661296,-8.0200,1.0000000,1.0000,[],49
3.6350,26.0187,57.0052,0.6486242,CN(C)C(=O)c1ccccc1C1CCCN1C(=O)CNC(=O)c1ccc2cc(F)ccc2n1,1,COc1ccc([C@H](C)NC(=O)[C@@H]2C[C@@H](O)CN2C(=O)CNC(=O)c2ccc3cc(F)ccc3n2)c(Cl)c1,0.6500930,0.6501,0.5465839,0.5466,0.7057813,-9.2100,1.0000000,1.0000,[],49
6.1666,17.0226,64.9762,0.6406158,COc1ccccc1C1CCCN1C(=O)CNC(=O)c1ccc2cc(F)ccc2n1,1,COc1ccc([C@H](C)NC(=O)[C@@H]2C[C@@H](O)CN2C(=O)CNC(=O)c2ccc3cc(F)ccc3n2)c(Cl)c1,0.7030429,0.7030,0.5649351,0.5649,0.6511860,-8.7200,1.0000000,1.0000,[],49
5.7662,16.7789,65.1045,0.6397138,CSc1ccccc1C1CCCN1C(=O)CNC(=O)c1ccc2cc(F)ccc2n1,1,COc1ccc([C@H](C)NC(=O)[C@@H]2C[C@@H](O)CN2C(=O)CNC(=O)c2ccc3cc(F)ccc3n2)c(Cl)c1,0.6253704,0.6254,0.5649351,0.5649,0.6884993,-9.0500,1.0000000,1.0000,[],49
5.2936,22.5724,60.4822,0.6488636,O=C(NCC(=O)N1C[C@H](O)C[C@H]1C(=O)Cc1ccccc1)c1ccc2cc(F)ccc2n1,1,COc1ccc([C@H](C)NC(=O)[C@@H]2C[C@@H](O)CN2C(=O)CNC(=O)c2ccc3cc(F)ccc3n2)c(Cl)c1,0.6160078,0.6160,0.6291391,0.6291,0.6763016,-8.9400,1.0000000,1.0000,[],49
8.2305,25.2288,46.4359,0.5598805,O=C(NCC(=O)N1C[C@H](O)C[C@H]1C(=O)c1ccccc1)c1cc2cc(F)ccc2[nH]1,1,COc1ccc([C@H](C)NC(=O)[C@@H]2C[C@@H](O)CN2C(=O)CNC(=O)c2ccc3cc(F)ccc3n2)c(Cl)c1,0.5601361,0.5601,0.4166667,0.4167,0.6488578,-8.7000,1.0000000,1.0000,[],49
1.9141,18.2191,67.9322,0.6730575,O=C(NCC(=O)N1C[C@H](O)C[C@H]1C(=O)c1ccccc1)c1ccc2cc(F)ccc2n1,1,COc1ccc([C@H](C)NC(=O)[C@@H]2C[C@@H](O)CN2C(=O)CNC(=O)c2ccc3cc(F)ccc3n2)c(Cl)c1,0.6137592,0.6138,0.6351351,0.6351,0.7255583,-9.4000,1.0000000,1.0000,[],49
3.5791,26.0187,57.0052,0.6486242,CN(C)C(=O)c1ccccc1C1CCCN1C(=O)CNC(=O)c1ccc2cc(F)ccc2n1,1,COc1ccc([C@H](C)NC(=O)[C@@H]2C[C@@H](O)CN2C(=O)CNC(=O)c2ccc3cc(F)ccc3n2)c(Cl)c1,0.6500930,0.6501,0.5465839,0.5466,0.7057813,-9.2100,1.0000000,1.0000,[],50
7.0782,25.2293,47.3817,0.5672733,COc1ccc2ncsc2c1C1CCCN1C(=O)CNC(=O)c1ccc2cc(F)ccc2n1,1,COc1ccc([C@H](C)NC(=O)[C@@H]2C[C@@H](O)CN2C(=O)CNC(=O)c2ccc3cc(F)ccc3n2)c(Cl)c1,0.4810827,0.4811,0.5149701,0.5150,0.6465228,-8.6800,1.0000000,1.0000,[],50
5.6851,21.3515,61.9936,0.6511332,Cc1cccc2c1CCCN2C(=O)CNC(=O)c1ccc2cc(F)ccc2n1,1,COc1ccc([C@H](C)NC(=O)[C@@H]2C[C@@H](O)CN2C(=O)CNC(=O)c2ccc3cc(F)ccc3n2)c(Cl)c1,0.7610618,0.7611,0.4904459,0.4904,0.6939597,-9.1000,1.0000000,1.0000,[],50
3.3535,9.5771,67.6575,0.6033952,O=C(NCC(=O)N1C[C@H](O)C[C@H]1C(=O)Nc1ccccc1)c1ccc2cc(F)ccc2n1,1,COc1ccc([C@H](C)NC(=O)[C@@H]2C[C@@H](O)CN2C(=O)CNC(=O)c2ccc3cc(F)ccc3n2)c(Cl)c1,0.5638607,0.5639,0.6510067,0.6510,0.6009316,-8.3000,1.0000000,1.0000,[],50
3.8916,23.8201,58.6941,0.6446417,O=C(NCC(=O)N1C[C@H](O)C[C@H]1C(=O)c1ccc(Cl)cc1)c1ccc2cc(F)ccc2n1,1,COc1ccc([C@H](C)NC(=O)[C@@H]2C[C@@H](O)CN2C(=O)CNC(=O)c2ccc3cc(F)ccc3n2)c(Cl)c1,0.5760042,0.5760,0.6598639,0.6599,0.6740573,-8.9200,1.0000000,1.0000,[],50
2.0240,19.8103,65.5929,0.6672131,O=C(NCC(=O)N1C[C@H](O)C[C@H]1C(=O)c1cccc(Cl)c1)c1ccc2cc(F)ccc2n1,1,COc1ccc([C@H](C)NC(=O)[C@@H]2C[C@@H](O)CN2C(=O)CNC(=O)c2ccc3cc(F)ccc3n2)c(Cl)c1,0.5760042,0.5760,0.6554054,0.6554,0.7245383,-9.3900,1.0000000,1.0000,[],50
3.5283,21.6547,53.6165,0.5880567,O=C(NCC(=O)N1C[C@H](O)C[C@H]1C(=O)c1ccccc1)c1ccc2cc(F)ccc2c1,1,COc1ccc([C@H](C)NC(=O)[C@@H]2C[C@@H](O)CN2C(=O)CNC(=O)c2ccc3cc(F)ccc3n2)c(Cl)c1,0.6214406,0.6214,0.4235294,0.4235,0.6740573,-8.9200,1.0000000,1.0000,[],50
1.8939,18.2191,67.9323,0.6730575,O=C(NCC(=O)N1C[C@H](O)C[C@H]1C(=O)c1ccccc1)c1ccc2cc(F)ccc2n1,1,COc1ccc([C@H](C)NC(=O)[C@@H]2C[C@@H](O)CN2C(=O)CNC(=O)c2ccc3cc(F)ccc3n2)c(Cl)c1,0.6137592,0.6138,0.6351351,0.6351,0.7255583,-9.4000,1.0000000,1.0000,[],50
2.8326,20.9850,57.9104,0.6163706,CC(C)C1CCCN1C(=O)CNC(=O)c1ccc2cc(F)ccc2n1,1,COc1ccc([C@H](C)NC(=O)[C@@H]2C[C@@H](O)CN2C(=O)CNC(=O)c2ccc3cc(F)ccc3n2)c(Cl)c1,0.9284245,0.9284,0.5314685,0.5315,0.5408437,-7.8200,1.0000000,1.0000,[],51
3.5224,16.1442,63.7490,0.6241660,COCc1ccccc1C1CCCN1C(=O)CNC(=O)c1ccc2cc(F)ccc2n1,1,COc1ccc([C@H](C)NC(=O)[C@@H]2C[C@@H](O)CN2C(=O)CNC(=O)c2ccc3cc(F)ccc3n2)c(Cl)c1,0.6600770,0.6601,0.5217391,0.5217,0.6638596,-8.8300,1.0000000,1.0000,[],51
5.0532,21.3011,63.8332,0.6651116,O=C(NCC(=O)N1C[C@H](O)C[C@H]1C(=O)Cc1cccc(Cl)c1)c1ccc2cc(F)ccc2n1,1,COc1ccc([C@H](C)NC(=O)[C@@H]2C[C@@H](O)CN2C(=O)CNC(=O)c2ccc3cc(F)ccc3n2)c(Cl)c1,0.5776491,0.5776,0.6490066,0.6490,0.7224911,-9.3700,1.0000000,1.0000,[],51
3.7552,4.3567,79.8798,0.6580983,O=C(NCC(=O)N1C[C@H](O)C[C@H]1C(=O)NCc1cccc(Cl)c1)c1ccc2cc(F)ccc2n1,1,COc1ccc([C@H](C)NC(=O)[C@@H]2C[C@@H](O)CN2C(=O)CNC(=O)c2ccc3cc(F)ccc3n2)c(Cl)c1,0.4955094,0.4955,0.7210884,0.7211,0.7245383,-9.3900,1.0000000,1.0000,[],51
3.5079,8.6460,70.8999,0.6214528,O=C(NCC(=O)N1C[C@H](O)C[C@H]1C(=O)Nc1cccc(Cl)c1)c1ccc2cc(F)ccc2n1,1,COc1ccc([C@H](C)NC(=O)[C@@H]2C[C@@H](O)CN2C(=O)CNC(=O)c2ccc3cc(F)ccc3n2)c(Cl)c1,0.5297647,0.5298,0.6711409,0.6711,0.6476911,-8.6900,1.0000000,1.0000,[],51
1.9455,19.8103,65.5929,0.6672131,O=C(NCC(=O)N1C[C@H](O)C[C@H]1C(=O)c1cccc(Cl)c1)c1ccc2cc(F)ccc2n1,1,COc1ccc([C@H](C)NC(=O)[C@@H]2C[C@@H](O)CN2C(=O)CNC(=O)c2ccc3cc(F)ccc3n2)c(Cl)c1,0.5760042,0.5760,0.6554054,0.6554,0.7245383,-9.3900,1.0000000,1.0000,[],51
3.2906,21.6547,53.6165,0.5880567,O=C(NCC(=O)N1C[C@H](O)C[C@H]1C(=O)c1ccccc1)c1ccc2cc(F)ccc2c1,1,COc1ccc([C@H](C)NC(=O)[C@@H]2C[C@@H](O)CN2C(=O)CNC(=O)c2ccc3cc(F)ccc3n2)c(Cl)c1,0.6214406,0.6214,0.4235294,0.4235,0.6740573,-8.9200,1.0000000,1.0000,[],51
1.8586,18.2191,67.9322,0.6730575,O=C(NCC(=O)N1C[C@H](O)C[C@H]1C(=O)c1ccccc1)c1ccc2cc(F)ccc2n1,1,COc1ccc([C@H](C)NC(=O)[C@@H]2C[C@@H](O)CN2C(=O)CNC(=O)c2ccc3cc(F)ccc3n2)c(Cl)c1,0.6137592,0.6138,0.6351351,0.6351,0.7255583,-9.4000,1.0000000,1.0000,[],51
2.8181,20.9850,57.9104,0.6163706,CC(C)C1CCCN1C(=O)CNC(=O)c1ccc2cc(F)ccc2n1,1,COc1ccc([C@H](C)NC(=O)[C@@H]2C[C@@H](O)CN2C(=O)CNC(=O)c2ccc3cc(F)ccc3n2)c(Cl)c1,0.9284245,0.9284,0.5314685,0.5315,0.5408437,-7.8200,1.0000000,1.0000,[],52
5.5193,14.3257,64.5526,0.6162367,CN(C)C(=O)C1CCCN1C(=O)CNC(=O)c1ccc2cc(F)ccc2n1,1,COc1ccc([C@H](C)NC(=O)[C@@H]2C[C@@H](O)CN2C(=O)CNC(=O)c2ccc3cc(F)ccc3n2)c(Cl)c1,0.8738455,0.8738,0.5410959,0.5411,0.5522562,-7.9100,1.0000000,1.0000,[],52
6.2292,37.7295,42.2181,0.6245903,CNC(C)C1CCCN1C(=O)CNC(=O)c1ccc2cc(F)ccc2n1,1,COc1ccc([C@H](C)NC(=O)[C@@H]2C[C@@H](O)CN2C(=O)CNC(=O)c2ccc3cc(F)ccc3n2)c(Cl)c1,0.8532492,0.8532,0.5170068,0.5170,0.5873601,-8.1900,1.0000000,1.0000,[],52
5.2763,33.2002,47.0377,0.6268591,COc1cccc2c1CCCC21CCCN1C(=O)CNC(=O)c1ccc2cc(F)ccc2n1,1,COc1ccc([C@H](C)NC(=O)[C@@H]2C[C@@H](O)CN2C(=O)CNC(=O)c2ccc3cc(F)ccc3n2)c(Cl)c1,0.6571538,0.6572,0.5521472,0.5521,0.6523473,-8.7300,1.0000000,1.0000,[],52
4.0375,18.0151,62.6317,0.6300532,COc1cccc2c1CCCN2C(=O)CNC(=O)c1ccc2cc(F)ccc2n1,1,COc1ccc([C@H](C)NC(=O)[C@@H]2C[C@@H](O)CN2C(=O)CNC(=O)c2ccc3cc(F)ccc3n2)c(Cl)c1,0.7394997,0.7395,0.5389610,0.5390,0.6287916,-8.5300,1.0000000,1.0000,[],52
4.8019,18.4180,64.1330,0.6449292,CS(=O)(=O)c1ccccc1C1CCCN1C(=O)CNC(=O)c1ccc2cc(F)ccc2n1,1,COc1ccc([C@H](C)NC(=O)[C@@H]2C[C@@H](O)CN2C(=O)CNC(=O)c2ccc3cc(F)ccc3n2)c(Cl)c1,0.6382645,0.6383,0.5408805,0.5409,0.7079020,-9.2300,1.0000000,1.0000,[],52
7.5585,13.8470,-13.8470,0.0000000,O=C(NCC(=O)N1C[C@H](O)C[C@H]1C(=O)NCc1ccccc1,0,COc1ccc([C@H](C)NC(=O)[C@@H]2C[C@@H](O)CN2C(=O)CNC(=O)c2ccc3cc(F)ccc3n2)c(Cl)c1,0.0000000,0.0000,0.0000000,0.0000,0.0000000,0.0000,0.0000000,0.0000,None,52
1.9804,19.8103,65.5929,0.6672131,O=C(NCC(=O)N1C[C@H](O)C[C@H]1C(=O)c1cccc(Cl)c1)c1ccc2cc(F)ccc2n1,1,COc1ccc([C@H](C)NC(=O)[C@@H]2C[C@@H](O)CN2C(=O)CNC(=O)c2ccc3cc(F)ccc3n2)c(Cl)c1,0.5760042,0.5760,0.6554054,0.6554,0.7245383,-9.3900,1.0000000,1.0000,[],52
2.0177,18.2191,67.9322,0.6730575,O=C(NCC(=O)N1C[C@H](O)C[C@H]1C(=O)c1ccccc1)c1ccc2cc(F)ccc2n1,1,COc1ccc([C@H](C)NC(=O)[C@@H]2C[C@@H](O)CN2C(=O)CNC(=O)c2ccc3cc(F)ccc3n2)c(Cl)c1,0.6137592,0.6138,0.6351351,0.6351,0.7255583,-9.4000,1.0000000,1.0000,[],52
4.3860,20.9542,54.9346,0.5928814,CSCC[C@@H]1C[C@@H](O)CN1C(=O)CNC(=O)c1ccc2cc(F)ccc2n1,1,COc1ccc([C@H](C)NC(=O)[C@@H]2C[C@@H](O)CN2C(=O)CNC(=O)c2ccc3cc(F)ccc3n2)c(Cl)c1,0.7849874,0.7850,0.5985915,0.5986,0.5127894,-7.6000,1.0000000,1.0000,[],53
3.6019,4.3567,79.8798,0.6580983,O=C(NCC(=O)N1C[C@H](O)C[C@H]1C(=O)NCc1cccc(Cl)c1)c1ccc2cc(F)ccc2n1,1,COc1ccc([C@H](C)NC(=O)[C@@H]2C[C@@H](O)CN2C(=O)CNC(=O)c2ccc3cc(F)ccc3n2)c(Cl)c1,0.4955094,0.4955,0.7210884,0.7211,0.7245383,-9.3900,1.0000000,1.0000,[],53
3.4654,8.6460,70.8999,0.6214528,O=C(NCC(=O)N1C[C@H](O)C[C@H]1C(=O)Nc1cccc(Cl)c1)c1ccc2cc(F)ccc2n1,1,COc1ccc([C@H](C)NC(=O)[C@@H]2C[C@@H](O)CN2C(=O)CNC(=O)c2ccc3cc(F)ccc3n2)c(Cl)c1,0.5297647,0.5298,0.6711409,0.6711,0.6476911,-8.6900,1.0000000,1.0000,[],53
3.6302,23.8201,58.6941,0.6446417,O=C(NCC(=O)N1C[C@H](O)C[C@H]1C(=O)c1ccc(Cl)cc1)c1ccc2cc(F)ccc2n1,1,COc1ccc([C@H](C)NC(=O)[C@@H]2C[C@@H](O)CN2C(=O)CNC(=O)c2ccc3cc(F)ccc3n2)c(Cl)c1,0.5760042,0.5760,0.6598639,0.6599,0.6740573,-8.9200,1.0000000,1.0000,[],53
1.9409,19.8103,65.5929,0.6672131,O=C(NCC(=O)N1C[C@H](O)C[C@H]1C(=O)c1cccc(Cl)c1)c1ccc2cc(F)ccc2n1,1,COc1ccc([C@H](C)NC(=O)[C@@H]2C[C@@H](O)CN2C(=O)CNC(=O)c2ccc3cc(F)ccc3n2)c(Cl)c1,0.5760042,0.5760,0.6554054,0.6554,0.7245383,-9.3900,1.0000000,1.0000,[],53
2.9253,21.6547,53.6165,0.5880567,O=C(NCC(=O)N1C[C@H](O)C[C@H]1C(=O)c1ccccc1)c1ccc2cc(F)ccc2c1,1,COc1ccc([C@H](C)NC(=O)[C@@H]2C[C@@H](O)CN2C(=O)CNC(=O)c2ccc3cc(F)ccc3n2)c(Cl)c1,0.6214406,0.6214,0.4235294,0.4235,0.6740573,-8.9200,1.0000000,1.0000,[],53
2.0560,18.2191,67.9322,0.6730575,O=C(NCC(=O)N1C[C@H](O)C[C@H]1C(=O)c1ccccc1)c1ccc2cc(F)ccc2n1,1,COc1ccc([C@H](C)NC(=O)[C@@H]2C[C@@H](O)CN2C(=O)CNC(=O)c2ccc3cc(F)ccc3n2)c(Cl)c1,0.6137592,0.6138,0.6351351,0.6351,0.7255583,-9.4000,1.0000000,1.0000,[],53
3.5003,26.0187,57.0052,0.6486242,CN(C)C(=O)c1ccccc1C1CCCN1C(=O)CNC(=O)c1ccc2cc(F)ccc2n1,1,COc1ccc([C@H](C)NC(=O)[C@@H]2C[C@@H](O)CN2C(=O)CNC(=O)c2ccc3cc(F)ccc3n2)c(Cl)c1,0.6500930,0.6501,0.5465839,0.5466,0.7057813,-9.2100,1.0000000,1.0000,[],54
6.3478,14.7986,62.6414,0.6050000,COc1ccc2ccccc2c1C1CCCN1C(=O)CNC(=O)c1ccc2cc(F)ccc2n1,1,COc1ccc([C@H](C)NC(=O)[C@@H]2C[C@@H](O)CN2C(=O)CNC(=O)c2ccc3cc(F)ccc3n2)c(Cl)c1,0.4744391,0.4744,0.5029240,0.5029,0.7493234,-9.6400,1.0000000,1.0000,[],54
5.9106,33.2003,47.0377,0.6268591,COc1cccc2c1CCCC21CCCN1C(=O)CNC(=O)c1ccc2cc(F)ccc2n1,1,COc1ccc([C@H](C)NC(=O)[C@@H]2C[C@@H](O)CN2C(=O)CNC(=O)c2ccc3cc(F)ccc3n2)c(Cl)c1,0.6571538,0.6572,0.5521472,0.5521,0.6523473,-8.7300,1.0000000,1.0000,[],54
4.9961,23.3302,53.5688,0.6007740,C[C@H]1C[C@@H](O)CN1C(=O)CNC(=O)c1ccc2cc(F)ccc2n1,1,COc1ccc([C@H](C)NC(=O)[C@@H]2C[C@@H](O)CN2C(=O)CNC(=O)c2ccc3cc(F)ccc3n2)c(Cl)c1,0.8818100,0.8818,0.5970149,0.5970,0.4974416,-7.4800,1.0000000,1.0000,[],54
3.3199,4.3567,79.8798,0.6580983,O=C(NCC(=O)N1C[C@H](O)C[C@H]1C(=O)NCc1cccc(Cl)c1)c1ccc2cc(F)ccc2n1,1,COc1ccc([C@H](C)NC(=O)[C@@H]2C[C@@H](O)CN2C(=O)CNC(=O)c2ccc3cc(F)ccc3n2)c(Cl)c1,0.4955094,0.4955,0.7210884,0.7211,0.7245383,-9.3900,1.0000000,1.0000,[],54
3.1959,8.6460,70.8999,0.6214528,O=C(NCC(=O)N1C[C@H](O)C[C@H]1C(=O)Nc1cccc(Cl)c1)c1ccc2cc(F)ccc2n1,1,COc1ccc([C@H](C)NC(=O)[C@@H]2C[C@@H](O)CN2C(=O)CNC(=O)c2ccc3cc(F)ccc3n2)c(Cl)c1,0.5297647,0.5298,0.6711409,0.6711,0.6476911,-8.6900,1.0000000,1.0000,[],54
2.0005,19.8103,65.5929,0.6672131,O=C(NCC(=O)N1C[C@H](O)C[C@H]1C(=O)c1cccc(Cl)c1)c1ccc2cc(F)ccc2n1,1,COc1ccc([C@H](C)NC(=O)[C@@H]2C[C@@H](O)CN2C(=O)CNC(=O)c2ccc3cc(F)ccc3n2)c(Cl)c1,0.5760042,0.5760,0.6554054,0.6554,0.7245383,-9.3900,1.0000000,1.0000,[],54
2.1882,18.2191,67.9322,0.6730575,O=C(NCC(=O)N1C[C@H](O)C[C@H]1C(=O)c1ccccc1)c1ccc2cc(F)ccc2n1,1,COc1ccc([C@H](C)NC(=O)[C@@H]2C[C@@H](O)CN2C(=O)CNC(=O)c2ccc3cc(F)ccc3n2)c(Cl)c1,0.6137592,0.6138,0.6351351,0.6351,0.7255583,-9.4000,1.0000000,1.0000,[],54
4.5505,23.5737,56.3105,0.6240952,O=C(NCC(=O)N1C[C@H](O)C[C@H]1C(=O)c1cccnc1)c1ccc2cc(F)ccc2n1,1,COc1ccc([C@H](C)NC(=O)[C@@H]2C[C@@H](O)CN2C(=O)CNC(=O)c2ccc3cc(F)ccc3n2)c(Cl)c1,0.6004336,0.6004,0.6133333,0.6133,0.6418314,-8.6400,1.0000000,1.0000,[],54
3.4026,21.3515,61.9936,0.6511332,Cc1cccc2c1CCCN2C(=O)CNC(=O)c1ccc2cc(F)ccc2n1,1,COc1ccc([C@H](C)NC(=O)[C@@H]2C[C@@H](O)CN2C(=O)CNC(=O)c2ccc3cc(F)ccc3n2)c(Cl)c1,0.7610618,0.7611,0.4904459,0.4904,0.6939597,-9.1000,1.0000000,1.0000,[],55
4.1678,16.1080,69.0156,0.6650282,Cc1ccccc1C1CCCN1C(=O)CNC(=O)c1ccc2cc(F)ccc2n1,1,COc1ccc([C@H](C)NC(=O)[C@@H]2C[C@@H](O)CN2C(=O)CNC(=O)c2ccc3cc(F)ccc3n2)c(Cl)c1,0.7363439,0.7363,0.5192308,0.5192,0.7152528,-9.3000,1.0000000,1.0000,[],55
4.0288,7.3304,72.3546,0.6225395,O=C(NCC(=O)N1C[C@H](O)C[C@H]1C(=O)NCCc1ccccc1)c1ccc2cc(F)ccc2n1,1,COc1ccc([C@H](C)NC(=O)[C@@H]2C[C@@H](O)CN2C(=O)CNC(=O)c2ccc3cc(F)ccc3n2)c(Cl)c1,0.4898709,0.4899,0.6933333,0.6933,0.6650005,-8.8400,1.0000000,1.0000,[],55
2.9016,4.3567,79.8798,0.6580983,O=C(NCC(=O)N1C[C@H](O)C[C@H]1C(=O)NCc1cccc(Cl)c1)c1ccc2cc(F)ccc2n1,1,COc1ccc([C@H](C)NC(=O)[C@@H]2C[C@@H](O)CN2C(=O)CNC(=O)c2ccc3cc(F)ccc3n2)c(Cl)c1,0.4955094,0.4955,0.7210884,0.7211,0.7245383,-9.3900,1.0000000,1.0000,[],55
2.7221,5.2558,77.0136,0.6427296,O=C(NCC(=O)N1C[C@H](O)C[C@H]1C(=O)NCc1ccccc1)c1ccc2cc(F)ccc2n1,1,COc1ccc([C@H](C)NC(=O)[C@@H]2C[C@@H](O)CN2C(=O)CNC(=O)c2ccc3cc(F)ccc3n2)c(Cl)c1,0.5255299,0.5255,0.7006803,0.7007,0.6807660,-8.9800,1.0000000,1.0000,[],55
2.7733,8.6460,70.8999,0.6214528,O=C(NCC(=O)N1C[C@H](O)C[C@H]1C(=O)Nc1cccc(Cl)c1)c1ccc2cc(F)ccc2n1,1,COc1ccc([C@H](C)NC(=O)[C@@H]2C[C@@H](O)CN2C(=O)CNC(=O)c2ccc3cc(F)ccc3n2)c(Cl)c1,0.5297647,0.5298,0.6711409,0.6711,0.6476911,-8.6900,1.0000000,1.0000,[],55
3.0449,9.5771,67.6575,0.6033952,O=C(NCC(=O)N1C[C@H](O)C[C@H]1C(=O)Nc1ccccc1)c1ccc2cc(F)ccc2n1,1,COc1ccc([C@H](C)NC(=O)[C@@H]2C[C@@H](O)CN2C(=O)CNC(=O)c2ccc3cc(F)ccc3n2)c(Cl)c1,0.5638607,0.5639,0.6510067,0.6510,0.6009316,-8.3000,1.0000000,1.0000,[],55
3.8158,23.8201,58.6941,0.6446417,O=C(NCC(=O)N1C[C@H](O)C[C@H]1C(=O)c1ccc(Cl)cc1)c1ccc2cc(F)ccc2n1,1,COc1ccc([C@H](C)NC(=O)[C@@H]2C[C@@H](O)CN2C(=O)CNC(=O)c2ccc3cc(F)ccc3n2)c(Cl)c1,0.5760042,0.5760,0.6598639,0.6599,0.6740573,-8.9200,1.0000000,1.0000,[],55
6.9086,37.5353,39.2460,0.5998539,CCCCC1CCCN1C(=O)CNC(=O)c1ccc2cc(F)ccc2n1,1,COc1ccc([C@H](C)NC(=O)[C@@H]2C[C@@H](O)CN2C(=O)CNC(=O)c2ccc3cc(F)ccc3n2)c(Cl)c1,0.8628932,0.8629,0.5202703,0.5203,0.5370293,-7.7900,1.0000000,1.0000,[],56
6.8916,24.3486,50.3587,0.5836504,COCc1cccnc1C1CCCN1C(=O)CNC(=O)c1ccc2cc(F)ccc2n1,1,COc1ccc([C@H](C)NC(=O)[C@@H]2C[C@@H](O)CN2C(=O)CNC(=O)c2ccc3cc(F)ccc3n2)c(Cl)c1,0.6602354,0.6602,0.5030675,0.5031,0.5910757,-8.2200,1.0000000,1.0000,[],56
4.4712,20.9542,54.9346,0.5928814,CSCC[C@@H]1C[C@@H](O)CN1C(=O)CNC(=O)c1ccc2cc(F)ccc2n1,1,COc1ccc([C@H](C)NC(=O)[C@@H]2C[C@@H](O)CN2C(=O)CNC(=O)c2ccc3cc(F)ccc3n2)c(Cl)c1,0.7849874,0.7850,0.5985915,0.5986,0.5127894,-7.6000,1.0000000,1.0000,[],56
3.4925,21.3515,61.9936,0.6511332,Cc1cccc2c1CCCN2C(=O)CNC(=O)c1ccc2cc(F)ccc2n1,1,COc1ccc([C@H](C)NC(=O)[C@@H]2C[C@@H](O)CN2C(=O)CNC(=O)c2ccc3cc(F)ccc3n2)c(Cl)c1,0.7610618,0.7611,0.4904459,0.4904,0.6939597,-9.1000,1.0000000,1.0000,[],56
4.1273,16.1080,69.0156,0.6650282,Cc1ccccc1C1CCCN1C(=O)CNC(=O)c1ccc2cc(F)ccc2n1,1,COc1ccc([C@H](C)NC(=O)[C@@H]2C[C@@H](O)CN2C(=O)CNC(=O)c2ccc3cc(F)ccc3n2)c(Cl)c1,0.7363439,0.7363,0.5192308,0.5192,0.7152528,-9.3000,1.0000000,1.0000,[],56
3.3011,6.6160,76.8523,0.6520963,O=C(NCC(=O)N1C[C@H](O)C[C@H]1C(=O)NCc1ccc(Cl)cc1)c1ccc2cc(F)ccc2n1,1,COc1ccc([C@H](C)NC(=O)[C@@H]2C[C@@H](O)CN2C(=O)CNC(=O)c2ccc3cc(F)ccc3n2)c(Cl)c1,0.4955094,0.4955,0.7260274,0.7260,0.7089589,-9.2400,1.0000000,1.0000,[],56
2.1276,8.6460,70.8999,0.6214528,O=C(NCC(=O)N1C[C@H](O)C[C@H]1C(=O)Nc1cccc(Cl)c1)c1ccc2cc(F)ccc2n1,1,COc1ccc([C@H](C)NC(=O)[C@@H]2C[C@@H](O)CN2C(=O)CNC(=O)c2ccc3cc(F)ccc3n2)c(Cl)c1,0.5297647,0.5298,0.6711409,0.6711,0.6476911,-8.6900,1.0000000,1.0000,[],56
6.1324,15.1076,59.2427,0.5808619,O=C(NCC(=O)N1C[C@H](O)C[C@H]1C(=O)Nc1ccccc1)c1ccc2cc(F)ccc2c1,1,COc1ccc([C@H](C)NC(=O)[C@@H]2C[C@@H](O)CN2C(=O)CNC(=O)c2ccc3cc(F)ccc3n2)c(Cl)c1,0.5728486,0.5728,0.4556213,0.4556,0.6604256,-8.8000,1.0000000,1.0000,[],56
7.7138,23.8039,58.8080,0.6454053,O=C(NCC(=O)N1C[C@H](O)C[C@H]1C(=O)c1ccc(Cl)c(Cl)c1)c1ccc2cc(F)ccc2n1,1,COc1ccc([C@H](C)NC(=O)[C@@H]2C[C@@H](O)CN2C(=O)CNC(=O)c2ccc3cc(F)ccc3n2)c(Cl)c1,0.5354309,0.5354,0.6466667,0.6467,0.7079020,-9.2300,1.0000000,1.0000,[],56
3.4164,19.8103,65.5930,0.6672131,O=C(NCC(=O)N1C[C@H](O)C[C@H]1C(=O)c1cccc(Cl)c1)c1ccc2cc(F)ccc2n1,1,COc1ccc([C@H](C)NC(=O)[C@@H]2C[C@@H](O)CN2C(=O)CNC(=O)c2ccc3cc(F)ccc3n2)c(Cl)c1,0.5760042,0.5760,0.6554054,0.6554,0.7245383,-9.3900,1.0000000,1.0000,[],56
2.8851,20.9850,57.9104,0.6163706,CC(C)C1CCCN1C(=O)CNC(=O)c1ccc2cc(F)ccc2n1,1,COc1ccc([C@H](C)NC(=O)[C@@H]2C[C@@H](O)CN2C(=O)CNC(=O)c2ccc3cc(F)ccc3n2)c(Cl)c1,0.9284245,0.9284,0.5314685,0.5315,0.5408437,-7.8200,1.0000000,1.0000,[],57
3.7607,16.1442,63.7490,0.6241660,COCc1ccccc1C1CCCN1C(=O)CNC(=O)c1ccc2cc(F)ccc2n1,1,COc1ccc([C@H](C)NC(=O)[C@@H]2C[C@@H](O)CN2C(=O)CNC(=O)c2ccc3cc(F)ccc3n2)c(Cl)c1,0.6600770,0.6601,0.5217391,0.5217,0.6638596,-8.8300,1.0000000,1.0000,[],57
3.8888,33.2003,47.0377,0.6268591,COc1cccc2c1CCCC21CCCN1C(=O)CNC(=O)c1ccc2cc(F)ccc2n1,1,COc1ccc([C@H](C)NC(=O)[C@@H]2C[C@@H](O)CN2C(=O)CNC(=O)c2ccc3cc(F)ccc3n2)c(Cl)c1,0.6571538,0.6572,0.5521472,0.5521,0.6523473,-8.7300,1.0000000,1.0000,[],57
4.6233,18.0151,62.6317,0.6300532,COc1cccc2c1CCCN2C(=O)CNC(=O)c1ccc2cc(F)ccc2n1,1,COc1ccc([C@H](C)NC(=O)[C@@H]2C[C@@H](O)CN2C(=O)CNC(=O)c2ccc3cc(F)ccc3n2)c(Cl)c1,0.7394997,0.7395,0.5389610,0.5390,0.6287916,-8.5300,1.0000000,1.0000,[],57
3.6056,21.3515,61.9936,0.6511332,Cc1cccc2c1CCCN2C(=O)CNC(=O)c1ccc2cc(F)ccc2n1,1,COc1ccc([C@H](C)NC(=O)[C@@H]2C[C@@H](O)CN2C(=O)CNC(=O)c2ccc3cc(F)ccc3n2)c(Cl)c1,0.7610618,0.7611,0.4904459,0.4904,0.6939597,-9.1000,1.0000000,1.0000,[],57
2.0563,5.2558,77.0136,0.6427296,O=C(NCC(=O)N1C[C@H](O)C[C@H]1C(=O)NCc1ccccc1)c1ccc2cc(F)ccc2n1,1,COc1ccc([C@H](C)NC(=O)[C@@H]2C[C@@H](O)CN2C(=O)CNC(=O)c2ccc3cc(F)ccc3n2)c(Cl)c1,0.5255299,0.5255,0.7006803,0.7007,0.6807660,-8.9800,1.0000000,1.0000,[],57
2.3653,9.5771,67.6575,0.6033952,O=C(NCC(=O)N1C[C@H](O)C[C@H]1C(=O)Nc1ccccc1)c1ccc2cc(F)ccc2n1,1,COc1ccc([C@H](C)NC(=O)[C@@H]2C[C@@H](O)CN2C(=O)CNC(=O)c2ccc3cc(F)ccc3n2)c(Cl)c1,0.5638607,0.5639,0.6510067,0.6510,0.6009316,-8.3000,1.0000000,1.0000,[],57
4.1928,18.0151,62.6317,0.6300532,COc1cccc2c1CCCN2C(=O)CNC(=O)c1ccc2cc(F)ccc2n1,1,COc1ccc([C@H](C)NC(=O)[C@@H]2C[C@@H](O)CN2C(=O)CNC(=O)c2ccc3cc(F)ccc3n2)c(Cl)c1,0.7394997,0.7395,0.5389610,0.5390,0.6287916,-8.5300,1.0000000,1.0000,[],58
2.1351,4.3567,79.8798,0.6580983,O=C(NCC(=O)N1C[C@H](O)C[C@H]1C(=O)NCc1cccc(Cl)c1)c1ccc2cc(F)ccc2n1,1,COc1ccc([C@H](C)NC(=O)[C@@H]2C[C@@H](O)CN2C(=O)CNC(=O)c2ccc3cc(F)ccc3n2)c(Cl)c1,0.4955094,0.4955,0.7210884,0.7211,0.7245383,-9.3900,1.0000000,1.0000,[],58
2.0856,5.2558,77.0136,0.6427296,O=C(NCC(=O)N1C[C@H](O)C[C@H]1C(=O)NCc1ccccc1)c1ccc2cc(F)ccc2n1,1,COc1ccc([C@H](C)NC(=O)[C@@H]2C[C@@H](O)CN2C(=O)CNC(=O)c2ccc3cc(F)ccc3n2)c(Cl)c1,0.5255299,0.5255,0.7006803,0.7007,0.6807660,-8.9800,1.0000000,1.0000,[],58
1.9205,8.6460,70.8999,0.6214528,O=C(NCC(=O)N1C[C@H](O)C[C@H]1C(=O)Nc1cccc(Cl)c1)c1ccc2cc(F)ccc2n1,1,COc1ccc([C@H](C)NC(=O)[C@@H]2C[C@@H](O)CN2C(=O)CNC(=O)c2ccc3cc(F)ccc3n2)c(Cl)c1,0.5297647,0.5298,0.6711409,0.6711,0.6476911,-8.6900,1.0000000,1.0000,[],58
2.3385,9.5771,67.6575,0.6033952,O=C(NCC(=O)N1C[C@H](O)C[C@H]1C(=O)Nc1ccccc1)c1ccc2cc(F)ccc2n1,1,COc1ccc([C@H](C)NC(=O)[C@@H]2C[C@@H](O)CN2C(=O)CNC(=O)c2ccc3cc(F)ccc3n2)c(Cl)c1,0.5638607,0.5639,0.6510067,0.6510,0.6009316,-8.3000,1.0000000,1.0000,[],58
8.9580,13.4377,55.2234,0.5364156,CNC(=O)C1CCCN1C(=O)CNC(=O)c1ccc2cc(F)ccc2n1,1,COc1ccc([C@H](C)NC(=O)[C@@H]2C[C@@H](O)CN2C(=O)CNC(=O)c2ccc3cc(F)ccc3n2)c(Cl)c1,0.8473422,0.8473,0.5704225,0.5704,0.4138806,-6.8200,1.0000000,1.0000,[],59
3.3211,18.0151,62.6317,0.6300532,COc1cccc2c1CCCN2C(=O)CNC(=O)c1ccc2cc(F)ccc2n1,1,COc1ccc([C@H](C)NC(=O)[C@@H]2C[C@@H](O)CN2C(=O)CNC(=O)c2ccc3cc(F)ccc3n2)c(Cl)c1,0.7394997,0.7395,0.5389610,0.5390,0.6287916,-8.5300,1.0000000,1.0000,[],59
15.8657,43.6745,33.7379,0.6047849,CS(=O)(=O)c1cccc2nc(C3CCCN3C(=O)CNC(=O)c3ccc4cc(F)ccc4n3)sc12,1,COc1ccc([C@H](C)NC(=O)[C@@H]2C[C@@H](O)CN2C(=O)CNC(=O)c2ccc3cc(F)ccc3n2)c(Cl)c1,0.4385693,0.4386,0.5029240,0.5029,0.7788103,-9.9600,1.0000000,1.0000,[],59
7.3074,9.7543,74.0864,0.6550056,O=C(NCC(=O)N1C[C@H](O)C[C@H]1C(=O)NCCCc1ccccc1)c1ccc2cc(F)ccc2n1,1,COc1ccc([C@H](C)NC(=O)[C@@H]2C[C@@H](O)CN2C(=O)CNC(=O)c2ccc3cc(F)ccc3n2)c(Cl)c1,0.4278657,0.4279,0.6862745,0.6863,0.7917488,-10.1100,1.0000000,1.0000,[],59
2.1189,4.3567,79.8798,0.6580983,O=C(NCC(=O)N1C[C@H](O)C[C@H]1C(=O)NCc1cccc(Cl)c1)c1ccc2cc(F)ccc2n1,1,COc1ccc([C@H](C)NC(=O)[C@@H]2C[C@@H](O)CN2C(=O)CNC(=O)c2ccc3cc(F)ccc3n2)c(Cl)c1,0.4955094,0.4955,0.7210884,0.7211,0.7245383,-9.3900,1.0000000,1.0000,[],59
2.0773,5.2558,77.0136,0.6427296,O=C(NCC(=O)N1C[C@H](O)C[C@H]1C(=O)NCc1ccccc1)c1ccc2cc(F)ccc2n1,1,COc1ccc([C@H](C)NC(=O)[C@@H]2C[C@@H](O)CN2C(=O)CNC(=O)c2ccc3cc(F)ccc3n2)c(Cl)c1,0.5255299,0.5255,0.7006803,0.7007,0.6807660,-8.9800,1.0000000,1.0000,[],59
1.8319,8.6460,70.8999,0.6214528,O=C(NCC(=O)N1C[C@H](O)C[C@H]1C(=O)Nc1cccc(Cl)c1)c1ccc2cc(F)ccc2n1,1,COc1ccc([C@H](C)NC(=O)[C@@H]2C[C@@H](O)CN2C(=O)CNC(=O)c2ccc3cc(F)ccc3n2)c(Cl)c1,0.5297647,0.5298,0.6711409,0.6711,0.6476911,-8.6900,1.0000000,1.0000,[],59
3.0793,18.0151,62.6317,0.6300532,COc1cccc2c1CCCN2C(=O)CNC(=O)c1ccc2cc(F)ccc2n1,1,COc1ccc([C@H](C)NC(=O)[C@@H]2C[C@@H](O)CN2C(=O)CNC(=O)c2ccc3cc(F)ccc3n2)c(Cl)c1,0.7394997,0.7395,0.5389610,0.5390,0.6287916,-8.5300,1.0000000,1.0000,[],60
5.0004,23.3303,53.5688,0.6007740,C[C@H]1C[C@@H](O)CN1C(=O)CNC(=O)c1ccc2cc(F)ccc2n1,1,COc1ccc([C@H](C)NC(=O)[C@@H]2C[C@@H](O)CN2C(=O)CNC(=O)c2ccc3cc(F)ccc3n2)c(Cl)c1,0.8818100,0.8818,0.5970149,0.5970,0.4974416,-7.4800,1.0000000,1.0000,[],60
3.5970,16.1080,69.0156,0.6650282,Cc1ccccc1C1CCCN1C(=O)CNC(=O)c1ccc2cc(F)ccc2n1,1,COc1ccc([C@H](C)NC(=O)[C@@H]2C[C@@H](O)CN2C(=O)CNC(=O)c2ccc3cc(F)ccc3n2)c(Cl)c1,0.7363439,0.7363,0.5192308,0.5192,0.7152528,-9.3000,1.0000000,1.0000,[],60
2.0122,5.2558,77.0136,0.6427296,O=C(NCC(=O)N1C[C@H](O)C[C@H]1C(=O)NCc1ccccc1)c1ccc2cc(F)ccc2n1,1,COc1ccc([C@H](C)NC(=O)[C@@H]2C[C@@H](O)CN2C(=O)CNC(=O)c2ccc3cc(F)ccc3n2)c(Cl)c1,0.5255299,0.5255,0.7006803,0.7007,0.6807660,-8.9800,1.0000000,1.0000,[],60
3.7119,11.2274,70.1934,0.6361002,O=C(NCC(=O)N1C[C@H](O)C[C@H]1C(=O)Nc1ccc(Cl)cc1)c1ccc2cc(F)ccc2n1,1,COc1ccc([C@H](C)NC(=O)[C@@H]2C[C@@H](O)CN2C(=O)CNC(=O)c2ccc3cc(F)ccc3n2)c(Cl)c1,0.5297647,0.5298,0.6756757,0.6757,0.6763016,-8.9400,1.0000000,1.0000,[],60
1.8544,8.6460,70.8999,0.6214528,O=C(NCC(=O)N1C[C@H](O)C[C@H]1C(=O)Nc1cccc(Cl)c1)c1ccc2cc(F)ccc2n1,1,COc1ccc([C@H](C)NC(=O)[C@@H]2C[C@@H](O)CN2C(=O)CNC(=O)c2ccc3cc(F)ccc3n2)c(Cl)c1,0.5297647,0.5298,0.6711409,0.6711,0.6476911,-8.6900,1.0000000,1.0000,[],60
2.3648,9.5771,67.6575,0.6033952,O=C(NCC(=O)N1C[C@H](O)C[C@H]1C(=O)Nc1ccccc1)c1ccc2cc(F)ccc2n1,1,COc1ccc([C@H](C)NC(=O)[C@@H]2C[C@@H](O)CN2C(=O)CNC(=O)c2ccc3cc(F)ccc3n2)c(Cl)c1,0.5638607,0.5639,0.6510067,0.6510,0.6009316,-8.3000,1.0000000,1.0000,[],60
5.7191,21.5687,61.0385,0.6453688,CNC(=O)c1ccccc1C1CCCN1C(=O)CNC(=O)c1ccc2cc(F)ccc2n1,1,COc1ccc([C@H](C)NC(=O)[C@@H]2C[C@@H](O)CN2C(=O)CNC(=O)c2ccc3cc(F)ccc3n2)c(Cl)c1,0.6461259,0.6461,0.5341615,0.5342,0.7089589,-9.2400,1.0000000,1.0000,[],61
3.9078,20.9542,54.9346,0.5928814,CSCC[C@@H]1C[C@@H](O)CN1C(=O)CNC(=O)c1ccc2cc(F)ccc2n1,1,COc1ccc([C@H](C)NC(=O)[C@@H]2C[C@@H](O)CN2C(=O)CNC(=O)c2ccc3cc(F)ccc3n2)c(Cl)c1,0.7849874,0.7850,0.5985915,0.5986,0.5127894,-7.6000,1.0000000,1.0000,[],61
5.0068,23.3302,53.5688,0.6007740,C[C@H]1C[C@@H](O)CN1C(=O)CNC(=O)c1ccc2cc(F)ccc2n1,1,COc1ccc([C@H](C)NC(=O)[C@@H]2C[C@@H](O)CN2C(=O)CNC(=O)c2ccc3cc(F)ccc3n2)c(Cl)c1,0.8818100,0.8818,0.5970149,0.5970,0.4974416,-7.4800,1.0000000,1.0000,[],61
8.9895,28.5496,50.6292,0.6185845,Cc1cccc2cccc(C3CCCN3C(=O)CNC(=O)c3ccc4cc(F)ccc4n3)c12,1,COc1ccc([C@H](C)NC(=O)[C@@H]2C[C@@H](O)CN2C(=O)CNC(=O)c2ccc3cc(F)ccc3n2)c(Cl)c1,0.4885538,0.4886,0.4682081,0.4682,0.8000598,-10.2100,1.0000000,1.0000,[],61
3.4188,16.1080,69.0156,0.6650282,Cc1ccccc1C1CCCN1C(=O)CNC(=O)c1ccc2cc(F)ccc2n1,1,COc1ccc([C@H](C)NC(=O)[C@@H]2C[C@@H](O)CN2C(=O)CNC(=O)c2ccc3cc(F)ccc3n2)c(Cl)c1,0.7363439,0.7363,0.5192308,0.5192,0.7152528,-9.3000,1.0000000,1.0000,[],61
2.0750,4.3567,79.8798,0.6580983,O=C(NCC(=O)N1C[C@H](O)C[C@H]1C(=O)NCc1cccc(Cl)c1)c1ccc2cc(F)ccc2n1,1,COc1ccc([C@H](C)NC(=O)[C@@H]2C[C@@H](O)CN2C(=O)CNC(=O)c2ccc3cc(F)ccc3n2)c(Cl)c1,0.4955094,0.4955,0.7210884,0.7211,0.7245383,-9.3900,1.0000000,1.0000,[],61
3.6049,11.2274,70.1934,0.6361002,O=C(NCC(=O)N1C[C@H](O)C[C@H]1C(=O)Nc1ccc(Cl)cc1)c1ccc2cc(F)ccc2n1,1,COc1ccc([C@H](C)NC(=O)[C@@H]2C[C@@H](O)CN2C(=O)CNC(=O)c2ccc3cc(F)ccc3n2)c(Cl)c1,0.5297647,0.5298,0.6756757,0.6757,0.6763016,-8.9400,1.0000000,1.0000,[],61
2.3072,9.5771,67.6575,0.6033952,O=C(NCC(=O)N1C[C@H](O)C[C@H]1C(=O)Nc1ccccc1)c1ccc2cc(F)ccc2n1,1,COc1ccc([C@H](C)NC(=O)[C@@H]2C[C@@H](O)CN2C(=O)CNC(=O)c2ccc3cc(F)ccc3n2)c(Cl)c1,0.5638607,0.5639,0.6510067,0.6510,0.6009316,-8.3000,1.0000000,1.0000,[],61
6.9201,19.8103,65.5929,0.6672131,O=C(NCC(=O)N1C[C@H](O)C[C@H]1C(=O)c1cccc(Cl)c1)c1ccc2cc(F)ccc2n1,1,COc1ccc([C@H](C)NC(=O)[C@@H]2C[C@@H](O)CN2C(=O)CNC(=O)c2ccc3cc(F)ccc3n2)c(Cl)c1,0.5760042,0.5760,0.6554054,0.6554,0.7245383,-9.3900,1.0000000,1.0000,[],61
4.0246,16.1442,63.7490,0.6241660,COCc1ccccc1C1CCCN1C(=O)CNC(=O)c1ccc2cc(F)ccc2n1,1,COc1ccc([C@H](C)NC(=O)[C@@H]2C[C@@H](O)CN2C(=O)CNC(=O)c2ccc3cc(F)ccc3n2)c(Cl)c1,0.6600770,0.6601,0.5217391,0.5217,0.6638596,-8.8300,1.0000000,1.0000,[],62
5.9842,15.3424,66.7661,0.6414729,COc1ccc(C2CCCN2C(=O)CNC(=O)c2ccc3cc(F)ccc3n2)cc1,1,COc1ccc([C@H](C)NC(=O)[C@@H]2C[C@@H](O)CN2C(=O)CNC(=O)c2ccc3cc(F)ccc3n2)c(Cl)c1,0.7030429,0.7030,0.5933333,0.5933,0.6371127,-8.6000,1.0000000,1.0000,[],62
7.3650,29.5172,-29.5172,0.0000000,CS(=O)(=O)C1CCCN1C(=O)CNC(=O)c1ccc2cc(F)ccc2n1,1,COc1ccc([C@H](C)NC(=O)[C@@H]2C[C@@H](O)CN2C(=O)CNC(=O)c2ccc3cc(F)ccc3n2)c(Cl)c1,0.0000000,0.0000,0.0000000,0.0000,0.0000000,0.0000,0.0000000,0.0000,"['[#7;!n][C;!$(C(=[O,N])[N,O])][#16;!s]']",62
3.2093,16.1080,69.0156,0.6650282,Cc1ccccc1C1CCCN1C(=O)CNC(=O)c1ccc2cc(F)ccc2n1,1,COc1ccc([C@H](C)NC(=O)[C@@H]2C[C@@H](O)CN2C(=O)CNC(=O)c2ccc3cc(F)ccc3n2)c(Cl)c1,0.7363439,0.7363,0.5192308,0.5192,0.7152528,-9.3000,1.0000000,1.0000,[],62
1.7797,8.6460,70.8999,0.6214528,O=C(NCC(=O)N1C[C@H](O)C[C@H]1C(=O)Nc1cccc(Cl)c1)c1ccc2cc(F)ccc2n1,1,COc1ccc([C@H](C)NC(=O)[C@@H]2C[C@@H](O)CN2C(=O)CNC(=O)c2ccc3cc(F)ccc3n2)c(Cl)c1,0.5297647,0.5298,0.6711409,0.6711,0.6476911,-8.6900,1.0000000,1.0000,[],62
3.7867,20.9542,54.9346,0.5928814,CSCC[C@@H]1C[C@@H](O)CN1C(=O)CNC(=O)c1ccc2cc(F)ccc2n1,1,COc1ccc([C@H](C)NC(=O)[C@@H]2C[C@@H](O)CN2C(=O)CNC(=O)c2ccc3cc(F)ccc3n2)c(Cl)c1,0.7849874,0.7850,0.5985915,0.5986,0.5127894,-7.6000,1.0000000,1.0000,[],63
3.3876,7.3304,72.3546,0.6225395,O=C(NCC(=O)N1C[C@H](O)C[C@H]1C(=O)NCCc1ccccc1)c1ccc2cc(F)ccc2n1,1,COc1ccc([C@H](C)NC(=O)[C@@H]2C[C@@H](O)CN2C(=O)CNC(=O)c2ccc3cc(F)ccc3n2)c(Cl)c1,0.4898709,0.4899,0.6933333,0.6933,0.6650005,-8.8400,1.0000000,1.0000,[],63
2.3294,4.3567,79.8798,0.6580983,O=C(NCC(=O)N1C[C@H](O)C[C@H]1C(=O)NCc1cccc(Cl)c1)c1ccc2cc(F)ccc2n1,1,COc1ccc([C@H](C)NC(=O)[C@@H]2C[C@@H](O)CN2C(=O)CNC(=O)c2ccc3cc(F)ccc3n2)c(Cl)c1,0.4955094,0.4955,0.7210884,0.7211,0.7245383,-9.3900,1.0000000,1.0000,[],63
2.2776,5.2558,77.0136,0.6427296,O=C(NCC(=O)N1C[C@H](O)C[C@H]1C(=O)NCc1ccccc1)c1ccc2cc(F)ccc2n1,1,COc1ccc([C@H](C)NC(=O)[C@@H]2C[C@@H](O)CN2C(=O)CNC(=O)c2ccc3cc(F)ccc3n2)c(Cl)c1,0.5255299,0.5255,0.7006803,0.7007,0.6807660,-8.9800,1.0000000,1.0000,[],63
1.7341,8.6460,70.8999,0.6214528,O=C(NCC(=O)N1C[C@H](O)C[C@H]1C(=O)Nc1cccc(Cl)c1)c1ccc2cc(F)ccc2n1,1,COc1ccc([C@H](C)NC(=O)[C@@H]2C[C@@H](O)CN2C(=O)CNC(=O)c2ccc3cc(F)ccc3n2)c(Cl)c1,0.5297647,0.5298,0.6711409,0.6711,0.6476911,-8.6900,1.0000000,1.0000,[],63
2.1798,9.5771,67.6575,0.6033952,O=C(NCC(=O)N1C[C@H](O)C[C@H]1C(=O)Nc1ccccc1)c1ccc2cc(F)ccc2n1,1,COc1ccc([C@H](C)NC(=O)[C@@H]2C[C@@H](O)CN2C(=O)CNC(=O)c2ccc3cc(F)ccc3n2)c(Cl)c1,0.5638607,0.5639,0.6510067,0.6510,0.6009316,-8.3000,1.0000000,1.0000,[],63
4.0892,18.4623,63.0845,0.6370842,CCc1ccccc1C1CCCN1C(=O)CNC(=O)c1ccc2cc(F)ccc2n1,1,COc1ccc([C@H](C)NC(=O)[C@@H]2C[C@@H](O)CN2C(=O)CNC(=O)c2ccc3cc(F)ccc3n2)c(Cl)c1,0.6971738,0.6972,0.5253165,0.5253,0.6706758,-8.8900,1.0000000,1.0000,[],64
7.2186,31.4276,41.5971,0.5705053,COCc1ccsc1C1CCCN1C(=O)CNC(=O)c1ccc2cc(F)ccc2n1,1,COc1ccc([C@H](C)NC(=O)[C@@H]2C[C@@H](O)CN2C(=O)CNC(=O)c2ccc3cc(F)ccc3n2)c(Cl)c1,0.6515774,0.6516,0.4876543,0.4877,0.5774046,-8.1100,1.0000000,1.0000,[],64
3.6587,20.9542,54.9346,0.5928814,CSCC[C@@H]1C[C@@H](O)CN1C(=O)CNC(=O)c1ccc2cc(F)ccc2n1,1,COc1ccc([C@H](C)NC(=O)[C@@H]2C[C@@H](O)CN2C(=O)CNC(=O)c2ccc3cc(F)ccc3n2)c(Cl)c1,0.7849874,0.7850,0.5985915,0.5986,0.5127894,-7.6000,1.0000000,1.0000,[],64
3.3057,7.3304,72.3546,0.6225395,O=C(NCC(=O)N1C[C@H](O)C[C@H]1C(=O)NCCc1ccccc1)c1ccc2cc(F)ccc2n1,1,COc1ccc([C@H](C)NC(=O)[C@@H]2C[C@@H](O)CN2C(=O)CNC(=O)c2ccc3cc(F)ccc3n2)c(Cl)c1,0.4898709,0.4899,0.6933333,0.6933,0.6650005,-8.8400,1.0000000,1.0000,[],64
3.6193,6.6160,76.8523,0.6520963,O=C(NCC(=O)N1C[C@H](O)C[C@H]1C(=O)NCc1ccc(Cl)cc1)c1ccc2cc(F)ccc2n1,1,COc1ccc([C@H](C)NC(=O)[C@@H]2C[C@@H](O)CN2C(=O)CNC(=O)c2ccc3cc(F)ccc3n2)c(Cl)c1,0.4955094,0.4955,0.7260274,0.7260,0.7089589,-9.2400,1.0000000,1.0000,[],64
2.3722,4.3567,79.8798,0.6580983,O=C(NCC(=O)N1C[C@H](O)C[C@H]1C(=O)NCc1cccc(Cl)c1)c1ccc2cc(F)ccc2n1,1,COc1ccc([C@H](C)NC(=O)[C@@H]2C[C@@H](O)CN2C(=O)CNC(=O)c2ccc3cc(F)ccc3n2)c(Cl)c1,0.4955094,0.4955,0.7210884,0.7211,0.7245383,-9.3900,1.0000000,1.0000,[],64
3.0973,11.2274,70.1934,0.6361002,O=C(NCC(=O)N1C[C@H](O)C[C@H]1C(=O)Nc1ccc(Cl)cc1)c1ccc2cc(F)ccc2n1,1,COc1ccc([C@H](C)NC(=O)[C@@H]2C[C@@H](O)CN2C(=O)CNC(=O)c2ccc3cc(F)ccc3n2)c(Cl)c1,0.5297647,0.5298,0.6756757,0.6757,0.6763016,-8.9400,1.0000000,1.0000,[],64
1.7409,8.6460,70.8999,0.6214528,O=C(NCC(=O)N1C[C@H](O)C[C@H]1C(=O)Nc1cccc(Cl)c1)c1ccc2cc(F)ccc2n1,1,COc1ccc([C@H](C)NC(=O)[C@@H]2C[C@@H](O)CN2C(=O)CNC(=O)c2ccc3cc(F)ccc3n2)c(Cl)c1,0.5297647,0.5298,0.6711409,0.6711,0.6476911,-8.6900,1.0000000,1.0000,[],64
4.8162,17.4949,58.1086,0.5906522,C[C@@H]1C[C@@H](O)CN1C(=O)CNC(=O)c1ccc2cc(F)ccc2n1,1,COc1ccc([C@H](C)NC(=O)[C@@H]2C[C@@H](O)CN2C(=O)CNC(=O)c2ccc3cc(F)ccc3n2)c(Cl)c1,0.8818100,0.8818,0.5970149,0.5970,0.4808212,-7.3500,1.0000000,1.0000,[],65
7.4428,33.5089,41.9687,0.5896689,Cc1ccnc2cccc(C3CCCN3C(=O)CNC(=O)c3ccc4cc(F)ccc4n3)c12,1,COc1ccc([C@H](C)NC(=O)[C@@H]2C[C@@H](O)CN2C(=O)CNC(=O)c2ccc3cc(F)ccc3n2)c(Cl)c1,0.5107098,0.5107,0.4682081,0.4682,0.7110660,-9.2600,1.0000000,1.0000,[],65
11.8352,35.9242,40.7993,0.5994023,Cn1c(Cc2ccccc2)cnc1C1CCCN1C(=O)CNC(=O)c1ccc2cc(F)ccc2n1,1,COc1ccc([C@H](C)NC(=O)[C@@H]2C[C@@H](O)CN2C(=O)CNC(=O)c2ccc3cc(F)ccc3n2)c(Cl)c1,0.4640775,0.4641,0.4606742,0.4607,0.7770423,-9.9400,1.0000000,1.0000,[],65
2.3681,4.3567,79.8798,0.6580983,O=C(NCC(=O)N1C[C@H](O)C[C@H]1C(=O)NCc1cccc(Cl)c1)c1ccc2cc(F)ccc2n1,1,COc1ccc([C@H](C)NC(=O)[C@@H]2C[C@@H](O)CN2C(=O)CNC(=O)c2ccc3cc(F)ccc3n2)c(Cl)c1,0.4955094,0.4955,0.7210884,0.7211,0.7245383,-9.3900,1.0000000,1.0000,[],65
2.3458,5.2558,77.0136,0.6427296,O=C(NCC(=O)N1C[C@H](O)C[C@H]1C(=O)NCc1ccccc1)c1ccc2cc(F)ccc2n1,1,COc1ccc([C@H](C)NC(=O)[C@@H]2C[C@@H](O)CN2C(=O)CNC(=O)c2ccc3cc(F)ccc3n2)c(Cl)c1,0.5255299,0.5255,0.7006803,0.7007,0.6807660,-8.9800,1.0000000,1.0000,[],65
1.8039,8.6460,70.8999,0.6214528,O=C(NCC(=O)N1C[C@H](O)C[C@H]1C(=O)Nc1cccc(Cl)c1)c1ccc2cc(F)ccc2n1,1,COc1ccc([C@H](C)NC(=O)[C@@H]2C[C@@H](O)CN2C(=O)CNC(=O)c2ccc3cc(F)ccc3n2)c(Cl)c1,0.5297647,0.5298,0.6711409,0.6711,0.6476911,-8.6900,1.0000000,1.0000,[],65
5.3179,24.3486,50.3587,0.5836504,COCc1cccnc1C1CCCN1C(=O)CNC(=O)c1ccc2cc(F)ccc2n1,1,COc1ccc([C@H](C)NC(=O)[C@@H]2C[C@@H](O)CN2C(=O)CNC(=O)c2ccc3cc(F)ccc3n2)c(Cl)c1,0.6602354,0.6602,0.5030675,0.5031,0.5910757,-8.2200,1.0000000,1.0000,[],66
4.3629,19.0519,58.6762,0.6072511,COc1cccc2cccc(C3CCCN3C(=O)CNC(=O)c3ccc4cc(F)ccc4n3)c12,1,COc1ccc([C@H](C)NC(=O)[C@@H]2C[C@@H](O)CN2C(=O)CNC(=O)c2ccc3cc(F)ccc3n2)c(Cl)c1,0.4744391,0.4744,0.5117647,0.5118,0.7483611,-9.6300,1.0000000,1.0000,[],66
2.9670,7.3304,72.3546,0.6225395,O=C(NCC(=O)N1C[C@H](O)C[C@H]1C(=O)NCCc1ccccc1)c1ccc2cc(F)ccc2n1,1,COc1ccc([C@H](C)NC(=O)[C@@H]2C[C@@H](O)CN2C(=O)CNC(=O)c2ccc3cc(F)ccc3n2)c(Cl)c1,0.4898709,0.4899,0.6933333,0.6933,0.6650005,-8.8400,1.0000000,1.0000,[],66
3.4236,6.6160,76.8523,0.6520963,O=C(NCC(=O)N1C[C@H](O)C[C@H]1C(=O)NCc1ccc(Cl)cc1)c1ccc2cc(F)ccc2n1,1,COc1ccc([C@H](C)NC(=O)[C@@H]2C[C@@H](O)CN2C(=O)CNC(=O)c2ccc3cc(F)ccc3n2)c(Cl)c1,0.4955094,0.4955,0.7260274,0.7260,0.7089589,-9.2400,1.0000000,1.0000,[],66
2.3136,5.2558,77.0136,0.6427296,O=C(NCC(=O)N1C[C@H](O)C[C@H]1C(=O)NCc1ccccc1)c1ccc2cc(F)ccc2n1,1,COc1ccc([C@H](C)NC(=O)[C@@H]2C[C@@H](O)CN2C(=O)CNC(=O)c2ccc3cc(F)ccc3n2)c(Cl)c1,0.5255299,0.5255,0.7006803,0.7007,0.6807660,-8.9800,1.0000000,1.0000,[],66
2.9772,11.2274,70.1934,0.6361002,O=C(NCC(=O)N1C[C@H](O)C[C@H]1C(=O)Nc1ccc(Cl)cc1)c1ccc2cc(F)ccc2n1,1,COc1ccc([C@H](C)NC(=O)[C@@H]2C[C@@H](O)CN2C(=O)CNC(=O)c2ccc3cc(F)ccc3n2)c(Cl)c1,0.5297647,0.5298,0.6756757,0.6757,0.6763016,-8.9400,1.0000000,1.0000,[],66
1.8699,8.6460,70.8999,0.6214528,O=C(NCC(=O)N1C[C@H](O)C[C@H]1C(=O)Nc1cccc(Cl)c1)c1ccc2cc(F)ccc2n1,1,COc1ccc([C@H](C)NC(=O)[C@@H]2C[C@@H](O)CN2C(=O)CNC(=O)c2ccc3cc(F)ccc3n2)c(Cl)c1,0.5297647,0.5298,0.6711409,0.6711,0.6476911,-8.6900,1.0000000,1.0000,[],66
6.9967,24.2465,55.3264,0.6216637,CCOc1ccccc1C1CCCN1C(=O)CNC(=O)c1ccc2cc(F)ccc2n1,1,COc1ccc([C@H](C)NC(=O)[C@@H]2C[C@@H](O)CN2C(=O)CNC(=O)c2ccc3cc(F)ccc3n2)c(Cl)c1,0.6560377,0.6560,0.5506329,0.5506,0.6430067,-8.6500,1.0000000,1.0000,[],67
7.7992,27.7931,46.4997,0.5804131,CNC(=O)Cc1ccccc1C1CCCN1C(=O)CNC(=O)c1ccc2cc(F)ccc2n1,1,COc1ccc([C@H](C)NC(=O)[C@@H]2C[C@@H](O)CN2C(=O)CNC(=O)c2ccc3cc(F)ccc3n2)c(Cl)c1,0.6067551,0.6068,0.5398773,0.5399,0.5885998,-8.2000,1.0000000,1.0000,[],67
5.0952,21.5687,61.0385,0.6453688,CNC(=O)c1ccccc1C1CCCN1C(=O)CNC(=O)c1ccc2cc(F)ccc2n1,1,COc1ccc([C@H](C)NC(=O)[C@@H]2C[C@@H](O)CN2C(=O)CNC(=O)c2ccc3cc(F)ccc3n2)c(Cl)c1,0.6461259,0.6461,0.5341615,0.5342,0.7089589,-9.2400,1.0000000,1.0000,[],67
3.9785,16.1442,63.7490,0.6241660,COCc1ccccc1C1CCCN1C(=O)CNC(=O)c1ccc2cc(F)ccc2n1,1,COc1ccc([C@H](C)NC(=O)[C@@H]2C[C@@H](O)CN2C(=O)CNC(=O)c2ccc3cc(F)ccc3n2)c(Cl)c1,0.6600770,0.6601,0.5217391,0.5217,0.6638596,-8.8300,1.0000000,1.0000,[],67
2.5680,16.1080,69.0156,0.6650282,Cc1ccccc1C1CCCN1C(=O)CNC(=O)c1ccc2cc(F)ccc2n1,1,COc1ccc([C@H](C)NC(=O)[C@@H]2C[C@@H](O)CN2C(=O)CNC(=O)c2ccc3cc(F)ccc3n2)c(Cl)c1,0.7363439,0.7363,0.5192308,0.5192,0.7152528,-9.3000,1.0000000,1.0000,[],67
3.2160,6.6160,76.8523,0.6520963,O=C(NCC(=O)N1C[C@H](O)C[C@H]1C(=O)NCc1ccc(Cl)cc1)c1ccc2cc(F)ccc2n1,1,COc1ccc([C@H](C)NC(=O)[C@@H]2C[C@@H](O)CN2C(=O)CNC(=O)c2ccc3cc(F)ccc3n2)c(Cl)c1,0.4955094,0.4955,0.7260274,0.7260,0.7089589,-9.2400,1.0000000,1.0000,[],67
1.9644,8.6460,70.8999,0.6214528,O=C(NCC(=O)N1C[C@H](O)C[C@H]1C(=O)Nc1cccc(Cl)c1)c1ccc2cc(F)ccc2n1,1,COc1ccc([C@H](C)NC(=O)[C@@H]2C[C@@H](O)CN2C(=O)CNC(=O)c2ccc3cc(F)ccc3n2)c(Cl)c1,0.5297647,0.5298,0.6711409,0.6711,0.6476911,-8.6900,1.0000000,1.0000,[],67
6.7145,18.2191,67.9322,0.6730575,O=C(NCC(=O)N1C[C@H](O)C[C@H]1C(=O)c1ccccc1)c1ccc2cc(F)ccc2n1,1,COc1ccc([C@H](C)NC(=O)[C@@H]2C[C@@H](O)CN2C(=O)CNC(=O)c2ccc3cc(F)ccc3n2)c(Cl)c1,0.6137592,0.6138,0.6351351,0.6351,0.7255583,-9.4000,1.0000000,1.0000,[],67
3.6774,20.9542,54.9346,0.5928814,CSCC[C@@H]1C[C@@H](O)CN1C(=O)CNC(=O)c1ccc2cc(F)ccc2n1,1,COc1ccc([C@H](C)NC(=O)[C@@H]2C[C@@H](O)CN2C(=O)CNC(=O)c2ccc3cc(F)ccc3n2)c(Cl)c1,0.7849874,0.7850,0.5985915,0.5986,0.5127894,-7.6000,1.0000000,1.0000,[],68
6.4503,16.7789,65.1045,0.6397138,CSc1ccccc1C1CCCN1C(=O)CNC(=O)c1ccc2cc(F)ccc2n1,1,COc1ccc([C@H](C)NC(=O)[C@@H]2C[C@@H](O)CN2C(=O)CNC(=O)c2ccc3cc(F)ccc3n2)c(Cl)c1,0.6253704,0.6254,0.5649351,0.5649,0.6884993,-9.0500,1.0000000,1.0000,[],68
6.5012,12.0676,75.7508,0.6860812,Cc1ccc(C2CCCN2C(=O)CNC(=O)c2ccc3cc(F)ccc3n2)cc1,1,COc1ccc([C@H](C)NC(=O)[C@@H]2C[C@@H](O)CN2C(=O)CNC(=O)c2ccc3cc(F)ccc3n2)c(Cl)c1,0.7363439,0.7363,0.5225806,0.5226,0.7588117,-9.7400,1.0000000,1.0000,[],68
2.1838,4.3567,79.8798,0.6580983,O=C(NCC(=O)N1C[C@H](O)C[C@H]1C(=O)NCc1cccc(Cl)c1)c1ccc2cc(F)ccc2n1,1,COc1ccc([C@H](C)NC(=O)[C@@H]2C[C@@H](O)CN2C(=O)CNC(=O)c2ccc3cc(F)ccc3n2)c(Cl)c1,0.4955094,0.4955,0.7210884,0.7211,0.7245383,-9.3900,1.0000000,1.0000,[],68
2.2933,5.2558,77.0136,0.6427296,O=C(NCC(=O)N1C[C@H](O)C[C@H]1C(=O)NCc1ccccc1)c1ccc2cc(F)ccc2n1,1,COc1ccc([C@H](C)NC(=O)[C@@H]2C[C@@H](O)CN2C(=O)CNC(=O)c2ccc3cc(F)ccc3n2)c(Cl)c1,0.5255299,0.5255,0.7006803,0.7007,0.6807660,-8.9800,1.0000000,1.0000,[],68
2.0720,8.6460,70.8999,0.6214528,O=C(NCC(=O)N1C[C@H](O)C[C@H]1C(=O)Nc1cccc(Cl)c1)c1ccc2cc(F)ccc2n1,1,COc1ccc([C@H](C)NC(=O)[C@@H]2C[C@@H](O)CN2C(=O)CNC(=O)c2ccc3cc(F)ccc3n2)c(Cl)c1,0.5297647,0.5298,0.6711409,0.6711,0.6476911,-8.6900,1.0000000,1.0000,[],68
2.5833,9.5771,67.6575,0.6033952,O=C(NCC(=O)N1C[C@H](O)C[C@H]1C(=O)Nc1ccccc1)c1ccc2cc(F)ccc2n1,1,COc1ccc([C@H](C)NC(=O)[C@@H]2C[C@@H](O)CN2C(=O)CNC(=O)c2ccc3cc(F)ccc3n2)c(Cl)c1,0.5638607,0.5639,0.6510067,0.6510,0.6009316,-8.3000,1.0000000,1.0000,[],68
3.8850,16.1442,63.7490,0.6241660,COCc1ccccc1C1CCCN1C(=O)CNC(=O)c1ccc2cc(F)ccc2n1,1,COc1ccc([C@H](C)NC(=O)[C@@H]2C[C@@H](O)CN2C(=O)CNC(=O)c2ccc3cc(F)ccc3n2)c(Cl)c1,0.6600770,0.6601,0.5217391,0.5217,0.6638596,-8.8300,1.0000000,1.0000,[],69
3.4114,19.0519,58.6762,0.6072511,COc1cccc2cccc(C3CCCN3C(=O)CNC(=O)c3ccc4cc(F)ccc4n3)c12,1,COc1ccc([C@H](C)NC(=O)[C@@H]2C[C@@H](O)CN2C(=O)CNC(=O)c2ccc3cc(F)ccc3n2)c(Cl)c1,0.4744391,0.4744,0.5117647,0.5118,0.7483611,-9.6300,1.0000000,1.0000,[],69
4.8461,17.0226,64.9762,0.6406158,COc1ccccc1C1CCCN1C(=O)CNC(=O)c1ccc2cc(F)ccc2n1,1,COc1ccc([C@H](C)NC(=O)[C@@H]2C[C@@H](O)CN2C(=O)CNC(=O)c2ccc3cc(F)ccc3n2)c(Cl)c1,0.7030429,0.7030,0.5649351,0.5649,0.6511860,-8.7200,1.0000000,1.0000,[],69
3.7534,20.9542,54.9346,0.5928814,CSCC[C@@H]1C[C@@H](O)CN1C(=O)CNC(=O)c1ccc2cc(F)ccc2n1,1,COc1ccc([C@H](C)NC(=O)[C@@H]2C[C@@H](O)CN2C(=O)CNC(=O)c2ccc3cc(F)ccc3n2)c(Cl)c1,0.7849874,0.7850,0.5985915,0.5986,0.5127894,-7.6000,1.0000000,1.0000,[],69
2.6260,16.1080,69.0156,0.6650282,Cc1ccccc1C1CCCN1C(=O)CNC(=O)c1ccc2cc(F)ccc2n1,1,COc1ccc([C@H](C)NC(=O)[C@@H]2C[C@@H](O)CN2C(=O)CNC(=O)c2ccc3cc(F)ccc3n2)c(Cl)c1,0.7363439,0.7363,0.5192308,0.5192,0.7152528,-9.3000,1.0000000,1.0000,[],69
2.9261,11.2274,70.1934,0.6361002,O=C(NCC(=O)N1C[C@H](O)C[C@H]1C(=O)Nc1ccc(Cl)cc1)c1ccc2cc(F)ccc2n1,1,COc1ccc([C@H](C)NC(=O)[C@@H]2C[C@@H](O)CN2C(=O)CNC(=O)c2ccc3cc(F)ccc3n2)c(Cl)c1,0.5297647,0.5298,0.6756757,0.6757,0.6763016,-8.9400,1.0000000,1.0000,[],69
2.1476,8.6460,70.8999,0.6214528,O=C(NCC(=O)N1C[C@H](O)C[C@H]1C(=O)Nc1cccc(Cl)c1)c1ccc2cc(F)ccc2n1,1,COc1ccc([C@H](C)NC(=O)[C@@H]2C[C@@H](O)CN2C(=O)CNC(=O)c2ccc3cc(F)ccc3n2)c(Cl)c1,0.5297647,0.5298,0.6711409,0.6711,0.6476911,-8.6900,1.0000000,1.0000,[],69
2.6724,9.5771,67.6575,0.6033952,O=C(NCC(=O)N1C[C@H](O)C[C@H]1C(=O)Nc1ccccc1)c1ccc2cc(F)ccc2n1,1,COc1ccc([C@H](C)NC(=O)[C@@H]2C[C@@H](O)CN2C(=O)CNC(=O)c2ccc3cc(F)ccc3n2)c(Cl)c1,0.5638607,0.5639,0.6510067,0.6510,0.6009316,-8.3000,1.0000000,1.0000,[],69
9.5529,49.2990,26.1482,0.5894313,C=CCC1CCCN1C(=O)CNC(=O)c1ccc2cc(F)ccc2n1,1,COc1ccc([C@H](C)NC(=O)[C@@H]2C[C@@H](O)CN2C(=O)CNC(=O)c2ccc3cc(F)ccc3n2)c(Cl)c1,0.8507005,0.8507,0.5136986,0.5137,0.5255619,-7.7000,1.0000000,1.0000,[],70
3.6468,18.4623,63.0845,0.6370842,CCc1ccccc1C1CCCN1C(=O)CNC(=O)c1ccc2cc(F)ccc2n1,1,COc1ccc([C@H](C)NC(=O)[C@@H]2C[C@@H](O)CN2C(=O)CNC(=O)c2ccc3cc(F)ccc3n2)c(Cl)c1,0.6971738,0.6972,0.5253165,0.5253,0.6706758,-8.8900,1.0000000,1.0000,[],70
6.6208,31.0550,49.8381,0.6319774,CN(C)C(=O)c1cccnc1C1CCCN1C(=O)CNC(=O)c1ccc2cc(F)ccc2n1,1,COc1ccc([C@H](C)NC(=O)[C@@H]2C[C@@H](O)CN2C(=O)CNC(=O)c2ccc3cc(F)ccc3n2)c(Cl)c1,0.6460485,0.6460,0.5276074,0.5276,0.6840929,-9.0100,1.0000000,1.0000,[],70
4.2581,21.9174,57.0196,0.6166954,Cc1cccnc1C1CCCN1C(=O)CNC(=O)c1ccc2cc(F)ccc2n1,1,COc1ccc([C@H](C)NC(=O)[C@@H]2C[C@@H](O)CN2C(=O)CNC(=O)c2ccc3cc(F)ccc3n2)c(Cl)c1,0.7400698,0.7401,0.5000000,0.5000,0.6252015,-8.5000,1.0000000,1.0000,[],70
8.3789,24.9231,58.8475,0.6544577,O=C(NCC(=O)N1C[C@H](O)C[C@H]1C(=O)Cc1ccc(Cl)cc1)c1ccc2cc(F)ccc2n1,1,COc1ccc([C@H](C)NC(=O)[C@@H]2C[C@@H](O)CN2C(=O)CNC(=O)c2ccc3cc(F)ccc3n2)c(Cl)c1,0.5776491,0.5776,0.6533333,0.6533,0.6972101,-9.1300,1.0000000,1.0000,[],70
2.2482,4.3567,79.8798,0.6580983,O=C(NCC(=O)N1C[C@H](O)C[C@H]1C(=O)NCc1cccc(Cl)c1)c1ccc2cc(F)ccc2n1,1,COc1ccc([C@H](C)NC(=O)[C@@H]2C[C@@H](O)CN2C(=O)CNC(=O)c2ccc3cc(F)ccc3n2)c(Cl)c1,0.4955094,0.4955,0.7210884,0.7211,0.7245383,-9.3900,1.0000000,1.0000,[],70
2.3932,5.2558,77.0136,0.6427296,O=C(NCC(=O)N1C[C@H](O)C[C@H]1C(=O)NCc1ccccc1)c1ccc2cc(F)ccc2n1,1,COc1ccc([C@H](C)NC(=O)[C@@H]2C[C@@H](O)CN2C(=O)CNC(=O)c2ccc3cc(F)ccc3n2)c(Cl)c1,0.5255299,0.5255,0.7006803,0.7007,0.6807660,-8.9800,1.0000000,1.0000,[],70
2.8516,11.2274,70.1934,0.6361002,O=C(NCC(=O)N1C[C@H](O)C[C@H]1C(=O)Nc1ccc(Cl)cc1)c1ccc2cc(F)ccc2n1,1,COc1ccc([C@H](C)NC(=O)[C@@H]2C[C@@H](O)CN2C(=O)CNC(=O)c2ccc3cc(F)ccc3n2)c(Cl)c1,0.5297647,0.5298,0.6756757,0.6757,0.6763016,-8.9400,1.0000000,1.0000,[],70
2.1486,8.6460,70.8999,0.6214528,O=C(NCC(=O)N1C[C@H](O)C[C@H]1C(=O)Nc1cccc(Cl)c1)c1ccc2cc(F)ccc2n1,1,COc1ccc([C@H](C)NC(=O)[C@@H]2C[C@@H](O)CN2C(=O)CNC(=O)c2ccc3cc(F)ccc3n2)c(Cl)c1,0.5297647,0.5298,0.6711409,0.6711,0.6476911,-8.6900,1.0000000,1.0000,[],70
2.6323,16.1080,69.0156,0.6650282,Cc1ccccc1C1CCCN1C(=O)CNC(=O)c1ccc2cc(F)ccc2n1,1,COc1ccc([C@H](C)NC(=O)[C@@H]2C[C@@H](O)CN2C(=O)CNC(=O)c2ccc3cc(F)ccc3n2)c(Cl)c1,0.7363439,0.7363,0.5192308,0.5192,0.7152528,-9.3000,1.0000000,1.0000,[],71
8.0280,9.3781,56.0339,0.5110312,O=C(NCC(=O)N1C[C@H](O)C[C@H]1C(=O)NCCCO)c1ccc2cc(F)ccc2n1,1,COc1ccc([C@H](C)NC(=O)[C@@H]2C[C@@H](O)CN2C(=O)CNC(=O)c2ccc3cc(F)ccc3n2)c(Cl)c1,0.4511708,0.4512,0.6573427,0.6573,0.4795440,-7.3400,1.0000000,1.0000,[],71
2.7355,7.3304,72.3546,0.6225395,O=C(NCC(=O)N1C[C@H](O)C[C@H]1C(=O)NCCc1ccccc1)c1ccc2cc(F)ccc2n1,1,COc1ccc([C@H](C)NC(=O)[C@@H]2C[C@@H](O)CN2C(=O)CNC(=O)c2ccc3cc(F)ccc3n2)c(Cl)c1,0.4898709,0.4899,0.6933333,0.6933,0.6650005,-8.8400,1.0000000,1.0000,[],71
2.9155,6.6160,76.8523,0.6520963,O=C(NCC(=O)N1C[C@H](O)C[C@H]1C(=O)NCc1ccc(Cl)cc1)c1ccc2cc(F)ccc2n1,1,COc1ccc([C@H](C)NC(=O)[C@@H]2C[C@@H](O)CN2C(=O)CNC(=O)c2ccc3cc(F)ccc3n2)c(Cl)c1,0.4955094,0.4955,0.7260274,0.7260,0.7089589,-9.2400,1.0000000,1.0000,[],71
2.3279,4.3567,79.8798,0.6580983,O=C(NCC(=O)N1C[C@H](O)C[C@H]1C(=O)NCc1cccc(Cl)c1)c1ccc2cc(F)ccc2n1,1,COc1ccc([C@H](C)NC(=O)[C@@H]2C[C@@H](O)CN2C(=O)CNC(=O)c2ccc3cc(F)ccc3n2)c(Cl)c1,0.4955094,0.4955,0.7210884,0.7211,0.7245383,-9.3900,1.0000000,1.0000,[],71
2.4850,5.2558,77.0136,0.6427296,O=C(NCC(=O)N1C[C@H](O)C[C@H]1C(=O)NCc1ccccc1)c1ccc2cc(F)ccc2n1,1,COc1ccc([C@H](C)NC(=O)[C@@H]2C[C@@H](O)CN2C(=O)CNC(=O)c2ccc3cc(F)ccc3n2)c(Cl)c1,0.5255299,0.5255,0.7006803,0.7007,0.6807660,-8.9800,1.0000000,1.0000,[],71
2.1419,8.6460,70.8999,0.6214528,O=C(NCC(=O)N1C[C@H](O)C[C@H]1C(=O)Nc1cccc(Cl)c1)c1ccc2cc(F)ccc2n1,1,COc1ccc([C@H](C)NC(=O)[C@@H]2C[C@@H](O)CN2C(=O)CNC(=O)c2ccc3cc(F)ccc3n2)c(Cl)c1,0.5297647,0.5298,0.6711409,0.6711,0.6476911,-8.6900,1.0000000,1.0000,[],71
2.6646,9.5771,67.6575,0.6033952,O=C(NCC(=O)N1C[C@H](O)C[C@H]1C(=O)Nc1ccccc1)c1ccc2cc(F)ccc2n1,1,COc1ccc([C@H](C)NC(=O)[C@@H]2C[C@@H](O)CN2C(=O)CNC(=O)c2ccc3cc(F)ccc3n2)c(Cl)c1,0.5638607,0.5639,0.6510067,0.6510,0.6009316,-8.3000,1.0000000,1.0000,[],71
5.6960,37.5353,39.2460,0.5998539,CCCCC1CCCN1C(=O)CNC(=O)c1ccc2cc(F)ccc2n1,1,COc1ccc([C@H](C)NC(=O)[C@@H]2C[C@@H](O)CN2C(=O)CNC(=O)c2ccc3cc(F)ccc3n2)c(Cl)c1,0.8628932,0.8629,0.5202703,0.5203,0.5370293,-7.7900,1.0000000,1.0000,[],72
3.8431,17.0226,64.9762,0.6406158,COc1ccccc1C1CCCN1C(=O)CNC(=O)c1ccc2cc(F)ccc2n1,1,COc1ccc([C@H](C)NC(=O)[C@@H]2C[C@@H](O)CN2C(=O)CNC(=O)c2ccc3cc(F)ccc3n2)c(Cl)c1,0.7030429,0.7030,0.5649351,0.5649,0.6511860,-8.7200,1.0000000,1.0000,[],72
2.6738,16.1080,69.0156,0.6650282,Cc1ccccc1C1CCCN1C(=O)CNC(=O)c1ccc2cc(F)ccc2n1,1,COc1ccc([C@H](C)NC(=O)[C@@H]2C[C@@H](O)CN2C(=O)CNC(=O)c2ccc3cc(F)ccc3n2)c(Cl)c1,0.7363439,0.7363,0.5192308,0.5192,0.7152528,-9.3000,1.0000000,1.0000,[],72
2.7287,7.3304,72.3546,0.6225395,O=C(NCC(=O)N1C[C@H](O)C[C@H]1C(=O)NCCc1ccccc1)c1ccc2cc(F)ccc2n1,1,COc1ccc([C@H](C)NC(=O)[C@@H]2C[C@@H](O)CN2C(=O)CNC(=O)c2ccc3cc(F)ccc3n2)c(Cl)c1,0.4898709,0.4899,0.6933333,0.6933,0.6650005,-8.8400,1.0000000,1.0000,[],72
2.8604,6.6160,76.8523,0.6520963,O=C(NCC(=O)N1C[C@H](O)C[C@H]1C(=O)NCc1ccc(Cl)cc1)c1ccc2cc(F)ccc2n1,1,COc1ccc([C@H](C)NC(=O)[C@@H]2C[C@@H](O)CN2C(=O)CNC(=O)c2ccc3cc(F)ccc3n2)c(Cl)c1,0.4955094,0.4955,0.7260274,0.7260,0.7089589,-9.2400,1.0000000,1.0000,[],72
2.3497,4.3567,79.8798,0.6580983,O=C(NCC(=O)N1C[C@H](O)C[C@H]1C(=O)NCc1cccc(Cl)c1)c1ccc2cc(F)ccc2n1,1,COc1ccc([C@H](C)NC(=O)[C@@H]2C[C@@H](O)CN2C(=O)CNC(=O)c2ccc3cc(F)ccc3n2)c(Cl)c1,0.4955094,0.4955,0.7210884,0.7211,0.7245383,-9.3900,1.0000000,1.0000,[],72
2.5124,5.2558,77.0136,0.6427296,O=C(NCC(=O)N1C[C@H](O)C[C@H]1C(=O)NCc1ccccc1)c1ccc2cc(F)ccc2n1,1,COc1ccc([C@H](C)NC(=O)[C@@H]2C[C@@H](O)CN2C(=O)CNC(=O)c2ccc3cc(F)ccc3n2)c(Cl)c1,0.5255299,0.5255,0.7006803,0.7007,0.6807660,-8.9800,1.0000000,1.0000,[],72
3.6009,18.4623,63.0845,0.6370842,CCc1ccccc1C1CCCN1C(=O)CNC(=O)c1ccc2cc(F)ccc2n1,1,COc1ccc([C@H](C)NC(=O)[C@@H]2C[C@@H](O)CN2C(=O)CNC(=O)c2ccc3cc(F)ccc3n2)c(Cl)c1,0.6971738,0.6972,0.5253165,0.5253,0.6706758,-8.8900,1.0000000,1.0000,[],73
4.7582,21.5687,61.0385,0.6453688,CNC(=O)c1ccccc1C1CCCN1C(=O)CNC(=O)c1ccc2cc(F)ccc2n1,1,COc1ccc([C@H](C)NC(=O)[C@@H]2C[C@@H](O)CN2C(=O)CNC(=O)c2ccc3cc(F)ccc3n2)c(Cl)c1,0.6461259,0.6461,0.5341615,0.5342,0.7089589,-9.2400,1.0000000,1.0000,[],73
6.4888,22.1505,55.7629,0.6086983,CNC(=O)c1cccnc1C1CCCN1C(=O)CNC(=O)c1ccc2cc(F)ccc2n1,1,COc1ccc([C@H](C)NC(=O)[C@@H]2C[C@@H](O)CN2C(=O)CNC(=O)c2ccc3cc(F)ccc3n2)c(Cl)c1,0.6396208,0.6396,0.5153374,0.5153,0.6453525,-8.6700,1.0000000,1.0000,[],73
9.4075,32.7415,39.2260,0.5622457,COCc1cscc1C1CCCN1C(=O)CNC(=O)c1ccc2cc(F)ccc2n1,1,COc1ccc([C@H](C)NC(=O)[C@@H]2C[C@@H](O)CN2C(=O)CNC(=O)c2ccc3cc(F)ccc3n2)c(Cl)c1,0.6515774,0.6516,0.4785276,0.4785,0.5661296,-8.0200,1.0000000,1.0000,[],73
2.6736,16.1080,69.0156,0.6650282,Cc1ccccc1C1CCCN1C(=O)CNC(=O)c1ccc2cc(F)ccc2n1,1,COc1ccc([C@H](C)NC(=O)[C@@H]2C[C@@H](O)CN2C(=O)CNC(=O)c2ccc3cc(F)ccc3n2)c(Cl)c1,0.7363439,0.7363,0.5192308,0.5192,0.7152528,-9.3000,1.0000000,1.0000,[],73
2.6462,7.3304,72.3546,0.6225395,O=C(NCC(=O)N1C[C@H](O)C[C@H]1C(=O)NCCc1ccccc1)c1ccc2cc(F)ccc2n1,1,COc1ccc([C@H](C)NC(=O)[C@@H]2C[C@@H](O)CN2C(=O)CNC(=O)c2ccc3cc(F)ccc3n2)c(Cl)c1,0.4898709,0.4899,0.6933333,0.6933,0.6650005,-8.8400,1.0000000,1.0000,[],73
2.2936,4.3567,79.8798,0.6580983,O=C(NCC(=O)N1C[C@H](O)C[C@H]1C(=O)NCc1cccc(Cl)c1)c1ccc2cc(F)ccc2n1,1,COc1ccc([C@H](C)NC(=O)[C@@H]2C[C@@H](O)CN2C(=O)CNC(=O)c2ccc3cc(F)ccc3n2)c(Cl)c1,0.4955094,0.4955,0.7210884,0.7211,0.7245383,-9.3900,1.0000000,1.0000,[],73
2.4657,5.2558,77.0136,0.6427296,O=C(NCC(=O)N1C[C@H](O)C[C@H]1C(=O)NCc1ccccc1)c1ccc2cc(F)ccc2n1,1,COc1ccc([C@H](C)NC(=O)[C@@H]2C[C@@H](O)CN2C(=O)CNC(=O)c2ccc3cc(F)ccc3n2)c(Cl)c1,0.5255299,0.5255,0.7006803,0.7007,0.6807660,-8.9800,1.0000000,1.0000,[],73
2.8251,11.2274,70.1934,0.6361002,O=C(NCC(=O)N1C[C@H](O)C[C@H]1C(=O)Nc1ccc(Cl)cc1)c1ccc2cc(F)ccc2n1,1,COc1ccc([C@H](C)NC(=O)[C@@H]2C[C@@H](O)CN2C(=O)CNC(=O)c2ccc3cc(F)ccc3n2)c(Cl)c1,0.5297647,0.5298,0.6756757,0.6757,0.6763016,-8.9400,1.0000000,1.0000,[],73
2.2948,8.6460,70.8999,0.6214528,O=C(NCC(=O)N1C[C@H](O)C[C@H]1C(=O)Nc1cccc(Cl)c1)c1ccc2cc(F)ccc2n1,1,COc1ccc([C@H](C)NC(=O)[C@@H]2C[C@@H](O)CN2C(=O)CNC(=O)c2ccc3cc(F)ccc3n2)c(Cl)c1,0.5297647,0.5298,0.6711409,0.6711,0.6476911,-8.6900,1.0000000,1.0000,[],73
5.3936,37.5353,39.2460,0.5998539,CCCCC1CCCN1C(=O)CNC(=O)c1ccc2cc(F)ccc2n1,1,COc1ccc([C@H](C)NC(=O)[C@@H]2C[C@@H](O)CN2C(=O)CNC(=O)c2ccc3cc(F)ccc3n2)c(Cl)c1,0.8628932,0.8629,0.5202703,0.5203,0.5370293,-7.7900,1.0000000,1.0000,[],74
4.5613,27.7931,46.4997,0.5804131,CNC(=O)Cc1ccccc1C1CCCN1C(=O)CNC(=O)c1ccc2cc(F)ccc2n1,1,COc1ccc([C@H](C)NC(=O)[C@@H]2C[C@@H](O)CN2C(=O)CNC(=O)c2ccc3cc(F)ccc3n2)c(Cl)c1,0.6067551,0.6068,0.5398773,0.5399,0.5885998,-8.2000,1.0000000,1.0000,[],74
3.9315,21.9174,57.0196,0.6166954,Cc1cccnc1C1CCCN1C(=O)CNC(=O)c1ccc2cc(F)ccc2n1,1,COc1ccc([C@H](C)NC(=O)[C@@H]2C[C@@H](O)CN2C(=O)CNC(=O)c2ccc3cc(F)ccc3n2)c(Cl)c1,0.7400698,0.7401,0.5000000,0.5000,0.6252015,-8.5000,1.0000000,1.0000,[],74
2.6859,6.6160,76.8523,0.6520963,O=C(NCC(=O)N1C[C@H](O)C[C@H]1C(=O)NCc1ccc(Cl)cc1)c1ccc2cc(F)ccc2n1,1,COc1ccc([C@H](C)NC(=O)[C@@H]2C[C@@H](O)CN2C(=O)CNC(=O)c2ccc3cc(F)ccc3n2)c(Cl)c1,0.4955094,0.4955,0.7260274,0.7260,0.7089589,-9.2400,1.0000000,1.0000,[],74
2.2513,4.3567,79.8798,0.6580983,O=C(NCC(=O)N1C[C@H](O)C[C@H]1C(=O)NCc1cccc(Cl)c1)c1ccc2cc(F)ccc2n1,1,COc1ccc([C@H](C)NC(=O)[C@@H]2C[C@@H](O)CN2C(=O)CNC(=O)c2ccc3cc(F)ccc3n2)c(Cl)c1,0.4955094,0.4955,0.7210884,0.7211,0.7245383,-9.3900,1.0000000,1.0000,[],74
2.4195,5.2558,77.0136,0.6427296,O=C(NCC(=O)N1C[C@H](O)C[C@H]1C(=O)NCc1ccccc1)c1ccc2cc(F)ccc2n1,1,COc1ccc([C@H](C)NC(=O)[C@@H]2C[C@@H](O)CN2C(=O)CNC(=O)c2ccc3cc(F)ccc3n2)c(Cl)c1,0.5255299,0.5255,0.7006803,0.7007,0.6807660,-8.9800,1.0000000,1.0000,[],74
2.9444,9.5771,67.6575,0.6033952,O=C(NCC(=O)N1C[C@H](O)C[C@H]1C(=O)Nc1ccccc1)c1ccc2cc(F)ccc2n1,1,COc1ccc([C@H](C)NC(=O)[C@@H]2C[C@@H](O)CN2C(=O)CNC(=O)c2ccc3cc(F)ccc3n2)c(Cl)c1,0.5638607,0.5639,0.6510067,0.6510,0.6009316,-8.3000,1.0000000,1.0000,[],74
4.9301,18.2191,67.9322,0.6730575,O=C(NCC(=O)N1C[C@H](O)C[C@H]1C(=O)c1ccccc1)c1ccc2cc(F)ccc2n1,1,COc1ccc([C@H](C)NC(=O)[C@@H]2C[C@@H](O)CN2C(=O)CNC(=O)c2ccc3cc(F)ccc3n2)c(Cl)c1,0.6137592,0.6138,0.6351351,0.6351,0.7255583,-9.4000,1.0000000,1.0000,[],74
7.3282,34.2137,45.1186,0.6197836,CNC(=O)CCc1ccccc1C1CCCN1C(=O)CNC(=O)c1ccc2cc(F)ccc2n1,1,COc1ccc([C@H](C)NC(=O)[C@@H]2C[C@@H](O)CN2C(=O)CNC(=O)c2ccc3cc(F)ccc3n2)c(Cl)c1,0.5644270,0.5644,0.5361446,0.5361,0.6982892,-9.1400,1.0000000,1.0000,[],75
5.6480,19.0519,58.6762,0.6072511,COc1cccc2cccc(C3CCCN3C(=O)CNC(=O)c3ccc4cc(F)ccc4n3)c12,1,COc1ccc([C@H](C)NC(=O)[C@@H]2C[C@@H](O)CN2C(=O)CNC(=O)c2ccc3cc(F)ccc3n2)c(Cl)c1,0.4744391,0.4744,0.5117647,0.5118,0.7483611,-9.6300,1.0000000,1.0000,[],75
6.2558,21.3011,63.8332,0.6651116,O=C(NCC(=O)N1C[C@H](O)C[C@H]1C(=O)Cc1cccc(Cl)c1)c1ccc2cc(F)ccc2n1,1,COc1ccc([C@H](C)NC(=O)[C@@H]2C[C@@H](O)CN2C(=O)CNC(=O)c2ccc3cc(F)ccc3n2)c(Cl)c1,0.5776491,0.5776,0.6490066,0.6490,0.7224911,-9.3700,1.0000000,1.0000,[],75
6.7247,12.8271,70.9473,0.6544877,O=C(NCC(=O)N1C[C@H](O)C[C@H]1C(=O)NCCCCc1ccccc1)c1ccc2cc(F)ccc2n1,1,COc1ccc([C@H](C)NC(=O)[C@@H]2C[C@@H](O)CN2C(=O)CNC(=O)c2ccc3cc(F)ccc3n2)c(Cl)c1,0.3967966,0.3968,0.6687898,0.6688,0.8315229,-10.6200,1.0000000,1.0000,[],75
2.6221,6.6160,76.8523,0.6520963,O=C(NCC(=O)N1C[C@H](O)C[C@H]1C(=O)NCc1ccc(Cl)cc1)c1ccc2cc(F)ccc2n1,1,COc1ccc([C@H](C)NC(=O)[C@@H]2C[C@@H](O)CN2C(=O)CNC(=O)c2ccc3cc(F)ccc3n2)c(Cl)c1,0.4955094,0.4955,0.7260274,0.7260,0.7089589,-9.2400,1.0000000,1.0000,[],75
2.2056,4.3567,79.8798,0.6580983,O=C(NCC(=O)N1C[C@H](O)C[C@H]1C(=O)NCc1cccc(Cl)c1)c1ccc2cc(F)ccc2n1,1,COc1ccc([C@H](C)NC(=O)[C@@H]2C[C@@H](O)CN2C(=O)CNC(=O)c2ccc3cc(F)ccc3n2)c(Cl)c1,0.4955094,0.4955,0.7210884,0.7211,0.7245383,-9.3900,1.0000000,1.0000,[],75
2.3544,5.2558,77.0136,0.6427296,O=C(NCC(=O)N1C[C@H](O)C[C@H]1C(=O)NCc1ccccc1)c1ccc2cc(F)ccc2n1,1,COc1ccc([C@H](C)NC(=O)[C@@H]2C[C@@H](O)CN2C(=O)CNC(=O)c2ccc3cc(F)ccc3n2)c(Cl)c1,0.5255299,0.5255,0.7006803,0.7007,0.6807660,-8.9800,1.0000000,1.0000,[],75
2.5572,8.6460,70.8999,0.6214528,O=C(NCC(=O)N1C[C@H](O)C[C@H]1C(=O)Nc1cccc(Cl)c1)c1ccc2cc(F)ccc2n1,1,COc1ccc([C@H](C)NC(=O)[C@@H]2C[C@@H](O)CN2C(=O)CNC(=O)c2ccc3cc(F)ccc3n2)c(Cl)c1,0.5297647,0.5298,0.6711409,0.6711,0.6476911,-8.6900,1.0000000,1.0000,[],75
6.4003,12.3468,-12.3468,0.0000000,O=C(NCC(=O)N1C[C@H](O)C[C@H]1C(=O)OCc1ccccc1)c1ccc2cc(F)ccc2n1,1,COc1ccc([C@H](C)NC(=O)[C@@H]2C[C@@H](O)CN2C(=O)CNC(=O)c2ccc3cc(F)ccc3n2)c(Cl)c1,0.0000000,0.0000,0.0000000,0.0000,0.0000000,0.0000,0.0000000,0.0000,"['C(=[O,S])[O,S]']",75
6.7898,34.2137,45.1186,0.6197836,CNC(=O)CCc1ccccc1C1CCCN1C(=O)CNC(=O)c1ccc2cc(F)ccc2n1,1,COc1ccc([C@H](C)NC(=O)[C@@H]2C[C@@H](O)CN2C(=O)CNC(=O)c2ccc3cc(F)ccc3n2)c(Cl)c1,0.5644270,0.5644,0.5361446,0.5361,0.6982892,-9.1400,1.0000000,1.0000,[],76
8.0675,24.8385,5.5270,0.2372305,COc1ccnc2ccsc12,1,COc1ccc([C@H](C)NC(=O)[C@@H]2C[C@@H](O)CN2C(=O)CNC(=O)c2ccc3cc(F)ccc3n2)c(Cl)c1,0.6464981,0.6465,0.1176471,0.1176,0.2040642,-4.8400,1.0000000,1.0000,[],76
8.2607,30.2037,55.0805,0.6662828,Cc1ccc(C)c(C2CCCN2C(=O)CNC(=O)c2ccc3cc(F)ccc3n2)c1,1,COc1ccc([C@H](C)NC(=O)[C@@H]2C[C@@H](O)CN2C(=O)CNC(=O)c2ccc3cc(F)ccc3n2)c(Cl)c1,0.7113619,0.7114,0.5189873,0.5190,0.7306232,-9.4500,1.0000000,1.0000,[],76
2.6028,16.1080,69.0156,0.6650282,Cc1ccccc1C1CCCN1C(=O)CNC(=O)c1ccc2cc(F)ccc2n1,1,COc1ccc([C@H](C)NC(=O)[C@@H]2C[C@@H](O)CN2C(=O)CNC(=O)c2ccc3cc(F)ccc3n2)c(Cl)c1,0.7363439,0.7363,0.5192308,0.5192,0.7152528,-9.3000,1.0000000,1.0000,[],76
2.4954,7.3304,72.3546,0.6225395,O=C(NCC(=O)N1C[C@H](O)C[C@H]1C(=O)NCCc1ccccc1)c1ccc2cc(F)ccc2n1,1,COc1ccc([C@H](C)NC(=O)[C@@H]2C[C@@H](O)CN2C(=O)CNC(=O)c2ccc3cc(F)ccc3n2)c(Cl)c1,0.4898709,0.4899,0.6933333,0.6933,0.6650005,-8.8400,1.0000000,1.0000,[],76
2.5562,6.6160,76.8523,0.6520963,O=C(NCC(=O)N1C[C@H](O)C[C@H]1C(=O)NCc1ccc(Cl)cc1)c1ccc2cc(F)ccc2n1,1,COc1ccc([C@H](C)NC(=O)[C@@H]2C[C@@H](O)CN2C(=O)CNC(=O)c2ccc3cc(F)ccc3n2)c(Cl)c1,0.4955094,0.4955,0.7260274,0.7260,0.7089589,-9.2400,1.0000000,1.0000,[],76
2.1482,4.3567,79.8798,0.6580983,O=C(NCC(=O)N1C[C@H](O)C[C@H]1C(=O)NCc1cccc(Cl)c1)c1ccc2cc(F)ccc2n1,1,COc1ccc([C@H](C)NC(=O)[C@@H]2C[C@@H](O)CN2C(=O)CNC(=O)c2ccc3cc(F)ccc3n2)c(Cl)c1,0.4955094,0.4955,0.7210884,0.7211,0.7245383,-9.3900,1.0000000,1.0000,[],76
2.7263,8.6460,70.8999,0.6214528,O=C(NCC(=O)N1C[C@H](O)C[C@H]1C(=O)Nc1cccc(Cl)c1)c1ccc2cc(F)ccc2n1,1,COc1ccc([C@H](C)NC(=O)[C@@H]2C[C@@H](O)CN2C(=O)CNC(=O)c2ccc3cc(F)ccc3n2)c(Cl)c1,0.5297647,0.5298,0.6711409,0.6711,0.6476911,-8.6900,1.0000000,1.0000,[],76
3.7660,16.1442,63.7490,0.6241660,COCc1ccccc1C1CCCN1C(=O)CNC(=O)c1ccc2cc(F)ccc2n1,1,COc1ccc([C@H](C)NC(=O)[C@@H]2C[C@@H](O)CN2C(=O)CNC(=O)c2ccc3cc(F)ccc3n2)c(Cl)c1,0.6600770,0.6601,0.5217391,0.5217,0.6638596,-8.8300,1.0000000,1.0000,[],77
4.0591,20.9542,54.9346,0.5928814,CSCC[C@@H]1C[C@@H](O)CN1C(=O)CNC(=O)c1ccc2cc(F)ccc2n1,1,COc1ccc([C@H](C)NC(=O)[C@@H]2C[C@@H](O)CN2C(=O)CNC(=O)c2ccc3cc(F)ccc3n2)c(Cl)c1,0.7849874,0.7850,0.5985915,0.5986,0.5127894,-7.6000,1.0000000,1.0000,[],77
5.2203,12.0676,75.7508,0.6860812,Cc1ccc(C2CCCN2C(=O)CNC(=O)c2ccc3cc(F)ccc3n2)cc1,1,COc1ccc([C@H](C)NC(=O)[C@@H]2C[C@@H](O)CN2C(=O)CNC(=O)c2ccc3cc(F)ccc3n2)c(Cl)c1,0.7363439,0.7363,0.5225806,0.5226,0.7588117,-9.7400,1.0000000,1.0000,[],77
2.5821,16.1080,69.0156,0.6650282,Cc1ccccc1C1CCCN1C(=O)CNC(=O)c1ccc2cc(F)ccc2n1,1,COc1ccc([C@H](C)NC(=O)[C@@H]2C[C@@H](O)CN2C(=O)CNC(=O)c2ccc3cc(F)ccc3n2)c(Cl)c1,0.7363439,0.7363,0.5192308,0.5192,0.7152528,-9.3000,1.0000000,1.0000,[],77
2.4736,7.3304,72.3546,0.6225395,O=C(NCC(=O)N1C[C@H](O)C[C@H]1C(=O)NCCc1ccccc1)c1ccc2cc(F)ccc2n1,1,COc1ccc([C@H](C)NC(=O)[C@@H]2C[C@@H](O)CN2C(=O)CNC(=O)c2ccc3cc(F)ccc3n2)c(Cl)c1,0.4898709,0.4899,0.6933333,0.6933,0.6650005,-8.8400,1.0000000,1.0000,[],77
2.4954,6.6160,76.8523,0.6520963,O=C(NCC(=O)N1C[C@H](O)C[C@H]1C(=O)NCc1ccc(Cl)cc1)c1ccc2cc(F)ccc2n1,1,COc1ccc([C@H](C)NC(=O)[C@@H]2C[C@@H](O)CN2C(=O)CNC(=O)c2ccc3cc(F)ccc3n2)c(Cl)c1,0.4955094,0.4955,0.7260274,0.7260,0.7089589,-9.2400,1.0000000,1.0000,[],77
3.3355,11.2274,70.1934,0.6361002,O=C(NCC(=O)N1C[C@H](O)C[C@H]1C(=O)Nc1ccc(Cl)cc1)c1ccc2cc(F)ccc2n1,1,COc1ccc([C@H](C)NC(=O)[C@@H]2C[C@@H](O)CN2C(=O)CNC(=O)c2ccc3cc(F)ccc3n2)c(Cl)c1,0.5297647,0.5298,0.6756757,0.6757,0.6763016,-8.9400,1.0000000,1.0000,[],77
3.3798,9.5771,67.6575,0.6033952,O=C(NCC(=O)N1C[C@H](O)C[C@H]1C(=O)Nc1ccccc1)c1ccc2cc(F)ccc2n1,1,COc1ccc([C@H](C)NC(=O)[C@@H]2C[C@@H](O)CN2C(=O)CNC(=O)c2ccc3cc(F)ccc3n2)c(Cl)c1,0.5638607,0.5639,0.6510067,0.6510,0.6009316,-8.3000,1.0000000,1.0000,[],77
4.4490,37.5353,39.2460,0.5998539,CCCCC1CCCN1C(=O)CNC(=O)c1ccc2cc(F)ccc2n1,1,COc1ccc([C@H](C)NC(=O)[C@@H]2C[C@@H](O)CN2C(=O)CNC(=O)c2ccc3cc(F)ccc3n2)c(Cl)c1,0.8628932,0.8629,0.5202703,0.5203,0.5370293,-7.7900,1.0000000,1.0000,[],78
3.9399,9.7543,74.0864,0.6550056,O=C(NCC(=O)N1C[C@H](O)C[C@H]1C(=O)NCCCc1ccccc1)c1ccc2cc(F)ccc2n1,1,COc1ccc([C@H](C)NC(=O)[C@@H]2C[C@@H](O)CN2C(=O)CNC(=O)c2ccc3cc(F)ccc3n2)c(Cl)c1,0.4278657,0.4279,0.6862745,0.6863,0.7917488,-10.1100,1.0000000,1.0000,[],78
2.4705,7.3304,72.3546,0.6225395,O=C(NCC(=O)N1C[C@H](O)C[C@H]1C(=O)NCCc1ccccc1)c1ccc2cc(F)ccc2n1,1,COc1ccc([C@H](C)NC(=O)[C@@H]2C[C@@H](O)CN2C(=O)CNC(=O)c2ccc3cc(F)ccc3n2)c(Cl)c1,0.4898709,0.4899,0.6933333,0.6933,0.6650005,-8.8400,1.0000000,1.0000,[],78
2.4527,6.6160,76.8523,0.6520963,O=C(NCC(=O)N1C[C@H](O)C[C@H]1C(=O)NCc1ccc(Cl)cc1)c1ccc2cc(F)ccc2n1,1,COc1ccc([C@H](C)NC(=O)[C@@H]2C[C@@H](O)CN2C(=O)CNC(=O)c2ccc3cc(F)ccc3n2)c(Cl)c1,0.4955094,0.4955,0.7260274,0.7260,0.7089589,-9.2400,1.0000000,1.0000,[],78
2.1041,4.3567,79.8798,0.6580983,O=C(NCC(=O)N1C[C@H](O)C[C@H]1C(=O)NCc1cccc(Cl)c1)c1ccc2cc(F)ccc2n1,1,COc1ccc([C@H](C)NC(=O)[C@@H]2C[C@@H](O)CN2C(=O)CNC(=O)c2ccc3cc(F)ccc3n2)c(Cl)c1,0.4955094,0.4955,0.7210884,0.7211,0.7245383,-9.3900,1.0000000,1.0000,[],78
2.9599,8.6460,70.8999,0.6214528,O=C(NCC(=O)N1C[C@H](O)C[C@H]1C(=O)Nc1cccc(Cl)c1)c1ccc2cc(F)ccc2n1,1,COc1ccc([C@H](C)NC(=O)[C@@H]2C[C@@H](O)CN2C(=O)CNC(=O)c2ccc3cc(F)ccc3n2)c(Cl)c1,0.5297647,0.5298,0.6711409,0.6711,0.6476911,-8.6900,1.0000000,1.0000,[],78
4.9289,23.8201,58.6941,0.6446417,O=C(NCC(=O)N1C[C@H](O)C[C@H]1C(=O)c1ccc(Cl)cc1)c1ccc2cc(F)ccc2n1,1,COc1ccc([C@H](C)NC(=O)[C@@H]2C[C@@H](O)CN2C(=O)CNC(=O)c2ccc3cc(F)ccc3n2)c(Cl)c1,0.5760042,0.5760,0.6598639,0.6599,0.6740573,-8.9200,1.0000000,1.0000,[],78
4.2608,37.5353,39.2460,0.5998539,CCCCC1CCCN1C(=O)CNC(=O)c1ccc2cc(F)ccc2n1,1,COc1ccc([C@H](C)NC(=O)[C@@H]2C[C@@H](O)CN2C(=O)CNC(=O)c2ccc3cc(F)ccc3n2)c(Cl)c1,0.8628932,0.8629,0.5202703,0.5203,0.5370293,-7.7900,1.0000000,1.0000,[],79
3.5144,17.0226,64.9762,0.6406158,COc1ccccc1C1CCCN1C(=O)CNC(=O)c1ccc2cc(F)ccc2n1,1,COc1ccc([C@H](C)NC(=O)[C@@H]2C[C@@H](O)CN2C(=O)CNC(=O)c2ccc3cc(F)ccc3n2)c(Cl)c1,0.7030429,0.7030,0.5649351,0.5649,0.6511860,-8.7200,1.0000000,1.0000,[],79
2.5227,16.1080,69.0156,0.6650282,Cc1ccccc1C1CCCN1C(=O)CNC(=O)c1ccc2cc(F)ccc2n1,1,COc1ccc([C@H](C)NC(=O)[C@@H]2C[C@@H](O)CN2C(=O)CNC(=O)c2ccc3cc(F)ccc3n2)c(Cl)c1,0.7363439,0.7363,0.5192308,0.5192,0.7152528,-9.3000,1.0000000,1.0000,[],79
2.3247,5.2558,77.0136,0.6427296,O=C(NCC(=O)N1C[C@H](O)C[C@H]1C(=O)NCc1ccccc1)c1ccc2cc(F)ccc2n1,1,COc1ccc([C@H](C)NC(=O)[C@@H]2C[C@@H](O)CN2C(=O)CNC(=O)c2ccc3cc(F)ccc3n2)c(Cl)c1,0.5255299,0.5255,0.7006803,0.7007,0.6807660,-8.9800,1.0000000,1.0000,[],79
3.0442,8.6460,70.8999,0.6214528,O=C(NCC(=O)N1C[C@H](O)C[C@H]1C(=O)Nc1cccc(Cl)c1)c1ccc2cc(F)ccc2n1,1,COc1ccc([C@H](C)NC(=O)[C@@H]2C[C@@H](O)CN2C(=O)CNC(=O)c2ccc3cc(F)ccc3n2)c(Cl)c1,0.5297647,0.5298,0.6711409,0.6711,0.6476911,-8.6900,1.0000000,1.0000,[],79
3.5614,9.5771,67.6575,0.6033952,O=C(NCC(=O)N1C[C@H](O)C[C@H]1C(=O)Nc1ccccc1)c1ccc2cc(F)ccc2n1,1,COc1ccc([C@H](C)NC(=O)[C@@H]2C[C@@H](O)CN2C(=O)CNC(=O)c2ccc3cc(F)ccc3n2)c(Cl)c1,0.5638607,0.5639,0.6510067,0.6510,0.6009316,-8.3000,1.0000000,1.0000,[],79
7.6895,19.5710,-19.5710,0.0000000,O=C(NCC(=O)N1C[C@H](O)C[C@H]1C(=O)OCc1ccc(Cl)cc1)c1ccc2cc(F)ccc2n1,1,COc1ccc([C@H](C)NC(=O)[C@@H]2C[C@@H](O)CN2C(=O)CNC(=O)c2ccc3cc(F)ccc3n2)c(Cl)c1,0.0000000,0.0000,0.0000000,0.0000,0.0000000,0.0000,0.0000000,0.0000,"['C(=[O,S])[O,S]']",79
4.7877,23.8201,58.6941,0.6446417,O=C(NCC(=O)N1C[C@H](O)C[C@H]1C(=O)c1ccc(Cl)cc1)c1ccc2cc(F)ccc2n1,1,COc1ccc([C@H](C)NC(=O)[C@@H]2C[C@@H](O)CN2C(=O)CNC(=O)c2ccc3cc(F)ccc3n2)c(Cl)c1,0.5760042,0.5760,0.6598639,0.6599,0.6740573,-8.9200,1.0000000,1.0000,[],79
3.8278,16.1442,63.7490,0.6241660,COCc1ccccc1C1CCCN1C(=O)CNC(=O)c1ccc2cc(F)ccc2n1,1,COc1ccc([C@H](C)NC(=O)[C@@H]2C[C@@H](O)CN2C(=O)CNC(=O)c2ccc3cc(F)ccc3n2)c(Cl)c1,0.6600770,0.6601,0.5217391,0.5217,0.6638596,-8.8300,1.0000000,1.0000,[],80
7.9930,17.5769,62.9848,0.6293883,COc1ccc(CC2CCCN2C(=O)CNC(=O)c2ccc3cc(F)ccc3n2)cc1,1,COc1ccc([C@H](C)NC(=O)[C@@H]2C[C@@H](O)CN2C(=O)CNC(=O)c2ccc3cc(F)ccc3n2)c(Cl)c1,0.6627256,0.6627,0.6200000,0.6200,0.6179802,-8.4400,1.0000000,1.0000,[],80
8.6022,16.9585,54.7905,0.5605388,O=C(NCC(=O)N1C[C@H](O)C[C@H]1C(=O)NCCCNc1ccccc1)c1ccc2cc(F)ccc2n1,1,COc1ccc([C@H](C)NC(=O)[C@@H]2C[C@@H](O)CN2C(=O)CNC(=O)c2ccc3cc(F)ccc3n2)c(Cl)c1,0.3365426,0.3365,0.6477987,0.6478,0.6729321,-8.9100,1.0000000,1.0000,[],80
5.4115,9.3781,56.0339,0.5110312,O=C(NCC(=O)N1C[C@H](O)C[C@H]1C(=O)NCCCO)c1ccc2cc(F)ccc2n1,1,COc1ccc([C@H](C)NC(=O)[C@@H]2C[C@@H](O)CN2C(=O)CNC(=O)c2ccc3cc(F)ccc3n2)c(Cl)c1,0.4511708,0.4512,0.6573427,0.6573,0.4795440,-7.3400,1.0000000,1.0000,[],80
2.4298,7.3304,72.3546,0.6225395,O=C(NCC(=O)N1C[C@H](O)C[C@H]1C(=O)NCCc1ccccc1)c1ccc2cc(F)ccc2n1,1,COc1ccc([C@H](C)NC(=O)[C@@H]2C[C@@H](O)CN2C(=O)CNC(=O)c2ccc3cc(F)ccc3n2)c(Cl)c1,0.4898709,0.4899,0.6933333,0.6933,0.6650005,-8.8400,1.0000000,1.0000,[],80
2.1545,4.3567,79.8798,0.6580983,O=C(NCC(=O)N1C[C@H](O)C[C@H]1C(=O)NCc1cccc(Cl)c1)c1ccc2cc(F)ccc2n1,1,COc1ccc([C@H](C)NC(=O)[C@@H]2C[C@@H](O)CN2C(=O)CNC(=O)c2ccc3cc(F)ccc3n2)c(Cl)c1,0.4955094,0.4955,0.7210884,0.7211,0.7245383,-9.3900,1.0000000,1.0000,[],80
2.3647,5.2558,77.0136,0.6427296,O=C(NCC(=O)N1C[C@H](O)C[C@H]1C(=O)NCc1ccccc1)c1ccc2cc(F)ccc2n1,1,COc1ccc([C@H](C)NC(=O)[C@@H]2C[C@@H](O)CN2C(=O)CNC(=O)c2ccc3cc(F)ccc3n2)c(Cl)c1,0.5255299,0.5255,0.7006803,0.7007,0.6807660,-8.9800,1.0000000,1.0000,[],80
7.1853,23.8039,58.8080,0.6454053,O=C(NCC(=O)N1C[C@H](O)C[C@H]1C(=O)c1ccc(Cl)c(Cl)c1)c1ccc2cc(F)ccc2n1,1,COc1ccc([C@H](C)NC(=O)[C@@H]2C[C@@H](O)CN2C(=O)CNC(=O)c2ccc3cc(F)ccc3n2)c(Cl)c1,0.5354309,0.5354,0.6466667,0.6467,0.7079020,-9.2300,1.0000000,1.0000,[],80
3.6169,9.7543,74.0864,0.6550056,O=C(NCC(=O)N1C[C@H](O)C[C@H]1C(=O)NCCCc1ccccc1)c1ccc2cc(F)ccc2n1,1,COc1ccc([C@H](C)NC(=O)[C@@H]2C[C@@H](O)CN2C(=O)CNC(=O)c2ccc3cc(F)ccc3n2)c(Cl)c1,0.4278657,0.4279,0.6862745,0.6863,0.7917488,-10.1100,1.0000000,1.0000,[],81
2.3927,7.3304,72.3546,0.6225395,O=C(NCC(=O)N1C[C@H](O)C[C@H]1C(=O)NCCc1ccccc1)c1ccc2cc(F)ccc2n1,1,COc1ccc([C@H](C)NC(=O)[C@@H]2C[C@@H](O)CN2C(=O)CNC(=O)c2ccc3cc(F)ccc3n2)c(Cl)c1,0.4898709,0.4899,0.6933333,0.6933,0.6650005,-8.8400,1.0000000,1.0000,[],81
2.4087,6.6160,76.8523,0.6520963,O=C(NCC(=O)N1C[C@H](O)C[C@H]1C(=O)NCc1ccc(Cl)cc1)c1ccc2cc(F)ccc2n1,1,COc1ccc([C@H](C)NC(=O)[C@@H]2C[C@@H](O)CN2C(=O)CNC(=O)c2ccc3cc(F)ccc3n2)c(Cl)c1,0.4955094,0.4955,0.7260274,0.7260,0.7089589,-9.2400,1.0000000,1.0000,[],81
2.1868,4.3567,79.8798,0.6580983,O=C(NCC(=O)N1C[C@H](O)C[C@H]1C(=O)NCc1cccc(Cl)c1)c1ccc2cc(F)ccc2n1,1,COc1ccc([C@H](C)NC(=O)[C@@H]2C[C@@H](O)CN2C(=O)CNC(=O)c2ccc3cc(F)ccc3n2)c(Cl)c1,0.4955094,0.4955,0.7210884,0.7211,0.7245383,-9.3900,1.0000000,1.0000,[],81
5.4220,24.2465,55.3264,0.6216637,CCOc1ccccc1C1CCCN1C(=O)CNC(=O)c1ccc2cc(F)ccc2n1,1,COc1ccc([C@H](C)NC(=O)[C@@H]2C[C@@H](O)CN2C(=O)CNC(=O)c2ccc3cc(F)ccc3n2)c(Cl)c1,0.6560377,0.6560,0.5506329,0.5506,0.6430067,-8.6500,1.0000000,1.0000,[],82
3.5163,18.4623,63.0845,0.6370842,CCc1ccccc1C1CCCN1C(=O)CNC(=O)c1ccc2cc(F)ccc2n1,1,COc1ccc([C@H](C)NC(=O)[C@@H]2C[C@@H](O)CN2C(=O)CNC(=O)c2ccc3cc(F)ccc3n2)c(Cl)c1,0.6971738,0.6972,0.5253165,0.5253,0.6706758,-8.8900,1.0000000,1.0000,[],82
6.3404,26.8016,45.1979,0.5624964,COCC1CCCN1C(=O)CNC(=O)c1ccc2cc(F)ccc2n1,1,COc1ccc([C@H](C)NC(=O)[C@@H]2C[C@@H](O)CN2C(=O)CNC(=O)c2ccc3cc(F)ccc3n2)c(Cl)c1,0.8960168,0.8960,0.5241379,0.5241,0.4616987,-7.2000,1.0000000,1.0000,[],82
2.3475,6.6160,76.8523,0.6520963,O=C(NCC(=O)N1C[C@H](O)C[C@H]1C(=O)NCc1ccc(Cl)cc1)c1ccc2cc(F)ccc2n1,1,COc1ccc([C@H](C)NC(=O)[C@@H]2C[C@@H](O)CN2C(=O)CNC(=O)c2ccc3cc(F)ccc3n2)c(Cl)c1,0.4955094,0.4955,0.7260274,0.7260,0.7089589,-9.2400,1.0000000,1.0000,[],82
2.1645,4.3567,79.8798,0.6580983,O=C(NCC(=O)N1C[C@H](O)C[C@H]1C(=O)NCc1cccc(Cl)c1)c1ccc2cc(F)ccc2n1,1,COc1ccc([C@H](C)NC(=O)[C@@H]2C[C@@H](O)CN2C(=O)CNC(=O)c2ccc3cc(F)ccc3n2)c(Cl)c1,0.4955094,0.4955,0.7210884,0.7211,0.7245383,-9.3900,1.0000000,1.0000,[],82
2.4626,5.2558,77.0136,0.6427296,O=C(NCC(=O)N1C[C@H](O)C[C@H]1C(=O)NCc1ccccc1)c1ccc2cc(F)ccc2n1,1,COc1ccc([C@H](C)NC(=O)[C@@H]2C[C@@H](O)CN2C(=O)CNC(=O)c2ccc3cc(F)ccc3n2)c(Cl)c1,0.5255299,0.5255,0.7006803,0.7007,0.6807660,-8.9800,1.0000000,1.0000,[],82
5.1416,21.5687,61.0385,0.6453688,CNC(=O)c1ccccc1C1CCCN1C(=O)CNC(=O)c1ccc2cc(F)ccc2n1,1,COc1ccc([C@H](C)NC(=O)[C@@H]2C[C@@H](O)CN2C(=O)CNC(=O)c2ccc3cc(F)ccc3n2)c(Cl)c1,0.6461259,0.6461,0.5341615,0.5342,0.7089589,-9.2400,1.0000000,1.0000,[],83
4.0810,12.8271,70.9473,0.6544877,O=C(NCC(=O)N1C[C@H](O)C[C@H]1C(=O)NCCCCc1ccccc1)c1ccc2cc(F)ccc2n1,1,COc1ccc([C@H](C)NC(=O)[C@@H]2C[C@@H](O)CN2C(=O)CNC(=O)c2ccc3cc(F)ccc3n2)c(Cl)c1,0.3967966,0.3968,0.6687898,0.6688,0.8315229,-10.6200,1.0000000,1.0000,[],83
4.5387,9.3781,56.0339,0.5110312,O=C(NCC(=O)N1C[C@H](O)C[C@H]1C(=O)NCCCO)c1ccc2cc(F)ccc2n1,1,COc1ccc([C@H](C)NC(=O)[C@@H]2C[C@@H](O)CN2C(=O)CNC(=O)c2ccc3cc(F)ccc3n2)c(Cl)c1,0.4511708,0.4512,0.6573427,0.6573,0.4795440,-7.3400,1.0000000,1.0000,[],83
2.2785,6.6160,76.8523,0.6520963,O=C(NCC(=O)N1C[C@H](O)C[C@H]1C(=O)NCc1ccc(Cl)cc1)c1ccc2cc(F)ccc2n1,1,COc1ccc([C@H](C)NC(=O)[C@@H]2C[C@@H](O)CN2C(=O)CNC(=O)c2ccc3cc(F)ccc3n2)c(Cl)c1,0.4955094,0.4955,0.7260274,0.7260,0.7089589,-9.2400,1.0000000,1.0000,[],83
2.1214,4.3567,79.8798,0.6580983,O=C(NCC(=O)N1C[C@H](O)C[C@H]1C(=O)NCc1cccc(Cl)c1)c1ccc2cc(F)ccc2n1,1,COc1ccc([C@H](C)NC(=O)[C@@H]2C[C@@H](O)CN2C(=O)CNC(=O)c2ccc3cc(F)ccc3n2)c(Cl)c1,0.4955094,0.4955,0.7210884,0.7211,0.7245383,-9.3900,1.0000000,1.0000,[],83
2.4642,5.2558,77.0136,0.6427296,O=C(NCC(=O)N1C[C@H](O)C[C@H]1C(=O)NCc1ccccc1)c1ccc2cc(F)ccc2n1,1,COc1ccc([C@H](C)NC(=O)[C@@H]2C[C@@H](O)CN2C(=O)CNC(=O)c2ccc3cc(F)ccc3n2)c(Cl)c1,0.5255299,0.5255,0.7006803,0.7007,0.6807660,-8.9800,1.0000000,1.0000,[],83
3.4162,8.6460,70.8999,0.6214528,O=C(NCC(=O)N1C[C@H](O)C[C@H]1C(=O)Nc1cccc(Cl)c1)c1ccc2cc(F)ccc2n1,1,COc1ccc([C@H](C)NC(=O)[C@@H]2C[C@@H](O)CN2C(=O)CNC(=O)c2ccc3cc(F)ccc3n2)c(Cl)c1,0.5297647,0.5298,0.6711409,0.6711,0.6476911,-8.6900,1.0000000,1.0000,[],83
3.8883,19.8103,65.5929,0.6672131,O=C(NCC(=O)N1C[C@H](O)C[C@H]1C(=O)c1cccc(Cl)c1)c1ccc2cc(F)ccc2n1,1,COc1ccc([C@H](C)NC(=O)[C@@H]2C[C@@H](O)CN2C(=O)CNC(=O)c2ccc3cc(F)ccc3n2)c(Cl)c1,0.5760042,0.5760,0.6554054,0.6554,0.7245383,-9.3900,1.0000000,1.0000,[],83
4.1495,18.2191,67.9322,0.6730575,O=C(NCC(=O)N1C[C@H](O)C[C@H]1C(=O)c1ccccc1)c1ccc2cc(F)ccc2n1,1,COc1ccc([C@H](C)NC(=O)[C@@H]2C[C@@H](O)CN2C(=O)CNC(=O)c2ccc3cc(F)ccc3n2)c(Cl)c1,0.6137592,0.6138,0.6351351,0.6351,0.7255583,-9.4000,1.0000000,1.0000,[],83
16.9633,40.8987,36.4386,0.6041973,Cn1c(=O)cnc2cc(C3CCCN3C(=O)CNC(=O)c3ccc4cc(F)ccc4n3)ccc21,1,COc1ccc([C@H](C)NC(=O)[C@@H]2C[C@@H](O)CN2C(=O)CNC(=O)c2ccc3cc(F)ccc3n2)c(Cl)c1,0.5062308,0.5062,0.4712644,0.4713,0.7473962,-9.6200,1.0000000,1.0000,[],84
5.0511,14.7124,56.7120,0.5580030,O=C(NCC(=O)N1C[C@H](O)C[C@H]1C(=O)NCCCCCc1ccccc1)c1ccc2cc(F)ccc2n1,1,COc1ccc([C@H](C)NC(=O)[C@@H]2C[C@@H](O)CN2C(=O)CNC(=O)c2ccc3cc(F)ccc3n2)c(Cl)c1,0.3662269,0.3662,0.6521739,0.6522,0.6371127,-8.6000,1.0000000,1.0000,[],84
2.1974,7.3304,72.3546,0.6225395,O=C(NCC(=O)N1C[C@H](O)C[C@H]1C(=O)NCCc1ccccc1)c1ccc2cc(F)ccc2n1,1,COc1ccc([C@H](C)NC(=O)[C@@H]2C[C@@H](O)CN2C(=O)CNC(=O)c2ccc3cc(F)ccc3n2)c(Cl)c1,0.4898709,0.4899,0.6933333,0.6933,0.6650005,-8.8400,1.0000000,1.0000,[],84
2.2389,6.6160,76.8523,0.6520963,O=C(NCC(=O)N1C[C@H](O)C[C@H]1C(=O)NCc1ccc(Cl)cc1)c1ccc2cc(F)ccc2n1,1,COc1ccc([C@H](C)NC(=O)[C@@H]2C[C@@H](O)CN2C(=O)CNC(=O)c2ccc3cc(F)ccc3n2)c(Cl)c1,0.4955094,0.4955,0.7260274,0.7260,0.7089589,-9.2400,1.0000000,1.0000,[],84
2.0921,4.3567,79.8798,0.6580983,O=C(NCC(=O)N1C[C@H](O)C[C@H]1C(=O)NCc1cccc(Cl)c1)c1ccc2cc(F)ccc2n1,1,COc1ccc([C@H](C)NC(=O)[C@@H]2C[C@@H](O)CN2C(=O)CNC(=O)c2ccc3cc(F)ccc3n2)c(Cl)c1,0.4955094,0.4955,0.7210884,0.7211,0.7245383,-9.3900,1.0000000,1.0000,[],84
2.4685,5.2558,77.0136,0.6427296,O=C(NCC(=O)N1C[C@H](O)C[C@H]1C(=O)NCc1ccccc1)c1ccc2cc(F)ccc2n1,1,COc1ccc([C@H](C)NC(=O)[C@@H]2C[C@@H](O)CN2C(=O)CNC(=O)c2ccc3cc(F)ccc3n2)c(Cl)c1,0.5255299,0.5255,0.7006803,0.7007,0.6807660,-8.9800,1.0000000,1.0000,[],84
3.9029,37.5353,39.2460,0.5998539,CCCCC1CCCN1C(=O)CNC(=O)c1ccc2cc(F)ccc2n1,1,COc1ccc([C@H](C)NC(=O)[C@@H]2C[C@@H](O)CN2C(=O)CNC(=O)c2ccc3cc(F)ccc3n2)c(Cl)c1,0.8628932,0.8629,0.5202703,0.5203,0.5370293,-7.7900,1.0000000,1.0000,[],85
4.0990,9.3781,56.0339,0.5110312,O=C(NCC(=O)N1C[C@H](O)C[C@H]1C(=O)NCCCO)c1ccc2cc(F)ccc2n1,1,COc1ccc([C@H](C)NC(=O)[C@@H]2C[C@@H](O)CN2C(=O)CNC(=O)c2ccc3cc(F)ccc3n2)c(Cl)c1,0.4511708,0.4512,0.6573427,0.6573,0.4795440,-7.3400,1.0000000,1.0000,[],85
2.9310,9.7543,74.0864,0.6550056,O=C(NCC(=O)N1C[C@H](O)C[C@H]1C(=O)NCCCc1ccccc1)c1ccc2cc(F)ccc2n1,1,COc1ccc([C@H](C)NC(=O)[C@@H]2C[C@@H](O)CN2C(=O)CNC(=O)c2ccc3cc(F)ccc3n2)c(Cl)c1,0.4278657,0.4279,0.6862745,0.6863,0.7917488,-10.1100,1.0000000,1.0000,[],85
5.6948,13.5263,63.1134,0.5987474,O=C(NCC(=O)N1C[C@H](O)C[C@H]1C(=O)NCCNc1ccccc1)c1ccc2cc(F)ccc2n1,1,COc1ccc([C@H](C)NC(=O)[C@@H]2C[C@@H](O)CN2C(=O)CNC(=O)c2ccc3cc(F)ccc3n2)c(Cl)c1,0.3612771,0.3613,0.6538462,0.6538,0.7376142,-9.5200,1.0000000,1.0000,[],85
2.1608,7.3304,72.3546,0.6225395,O=C(NCC(=O)N1C[C@H](O)C[C@H]1C(=O)NCCc1ccccc1)c1ccc2cc(F)ccc2n1,1,COc1ccc([C@H](C)NC(=O)[C@@H]2C[C@@H](O)CN2C(=O)CNC(=O)c2ccc3cc(F)ccc3n2)c(Cl)c1,0.4898709,0.4899,0.6933333,0.6933,0.6650005,-8.8400,1.0000000,1.0000,[],85
2.1888,6.6160,76.8523,0.6520963,O=C(NCC(=O)N1C[C@H](O)C[C@H]1C(=O)NCc1ccc(Cl)cc1)c1ccc2cc(F)ccc2n1,1,COc1ccc([C@H](C)NC(=O)[C@@H]2C[C@@H](O)CN2C(=O)CNC(=O)c2ccc3cc(F)ccc3n2)c(Cl)c1,0.4955094,0.4955,0.7260274,0.7260,0.7089589,-9.2400,1.0000000,1.0000,[],85
2.0380,4.3567,79.8798,0.6580983,O=C(NCC(=O)N1C[C@H](O)C[C@H]1C(=O)NCc1cccc(Cl)c1)c1ccc2cc(F)ccc2n1,1,COc1ccc([C@H](C)NC(=O)[C@@H]2C[C@@H](O)CN2C(=O)CNC(=O)c2ccc3cc(F)ccc3n2)c(Cl)c1,0.4955094,0.4955,0.7210884,0.7211,0.7245383,-9.3900,1.0000000,1.0000,[],85
2.4586,5.2558,77.0136,0.6427296,O=C(NCC(=O)N1C[C@H](O)C[C@H]1C(=O)NCc1ccccc1)c1ccc2cc(F)ccc2n1,1,COc1ccc([C@H](C)NC(=O)[C@@H]2C[C@@H](O)CN2C(=O)CNC(=O)c2ccc3cc(F)ccc3n2)c(Cl)c1,0.5255299,0.5255,0.7006803,0.7007,0.6807660,-8.9800,1.0000000,1.0000,[],85
4.1357,11.2274,70.1934,0.6361002,O=C(NCC(=O)N1C[C@H](O)C[C@H]1C(=O)Nc1ccc(Cl)cc1)c1ccc2cc(F)ccc2n1,1,COc1ccc([C@H](C)NC(=O)[C@@H]2C[C@@H](O)CN2C(=O)CNC(=O)c2ccc3cc(F)ccc3n2)c(Cl)c1,0.5297647,0.5298,0.6756757,0.6757,0.6763016,-8.9400,1.0000000,1.0000,[],85
4.5822,26.8016,45.1979,0.5624964,COCC1CCCN1C(=O)CNC(=O)c1ccc2cc(F)ccc2n1,1,COc1ccc([C@H](C)NC(=O)[C@@H]2C[C@@H](O)CN2C(=O)CNC(=O)c2ccc3cc(F)ccc3n2)c(Cl)c1,0.8960168,0.8960,0.5241379,0.5241,0.4616987,-7.2000,1.0000000,1.0000,[],86
3.0798,16.1080,69.0156,0.6650282,Cc1ccccc1C1CCCN1C(=O)CNC(=O)c1ccc2cc(F)ccc2n1,1,COc1ccc([C@H](C)NC(=O)[C@@H]2C[C@@H](O)CN2C(=O)CNC(=O)c2ccc3cc(F)ccc3n2)c(Cl)c1,0.7363439,0.7363,0.5192308,0.5192,0.7152528,-9.3000,1.0000000,1.0000,[],86
6.2143,22.5724,60.4822,0.6488636,O=C(NCC(=O)N1C[C@H](O)C[C@H]1C(=O)Cc1ccccc1)c1ccc2cc(F)ccc2n1,1,COc1ccc([C@H](C)NC(=O)[C@@H]2C[C@@H](O)CN2C(=O)CNC(=O)c2ccc3cc(F)ccc3n2)c(Cl)c1,0.6160078,0.6160,0.6291391,0.6291,0.6763016,-8.9400,1.0000000,1.0000,[],86
4.0486,14.7124,56.7120,0.5580030,O=C(NCC(=O)N1C[C@H](O)C[C@H]1C(=O)NCCCCCc1ccccc1)c1ccc2cc(F)ccc2n1,1,COc1ccc([C@H](C)NC(=O)[C@@H]2C[C@@H](O)CN2C(=O)CNC(=O)c2ccc3cc(F)ccc3n2)c(Cl)c1,0.3662269,0.3662,0.6521739,0.6522,0.6371127,-8.6000,1.0000000,1.0000,[],86
3.3343,12.8271,70.9473,0.6544877,O=C(NCC(=O)N1C[C@H](O)C[C@H]1C(=O)NCCCCc1ccccc1)c1ccc2cc(F)ccc2n1,1,COc1ccc([C@H](C)NC(=O)[C@@H]2C[C@@H](O)CN2C(=O)CNC(=O)c2ccc3cc(F)ccc3n2)c(Cl)c1,0.3967966,0.3968,0.6687898,0.6688,0.8315229,-10.6200,1.0000000,1.0000,[],86
2.0999,7.3304,72.3546,0.6225395,O=C(NCC(=O)N1C[C@H](O)C[C@H]1C(=O)NCCc1ccccc1)c1ccc2cc(F)ccc2n1,1,COc1ccc([C@H](C)NC(=O)[C@@H]2C[C@@H](O)CN2C(=O)CNC(=O)c2ccc3cc(F)ccc3n2)c(Cl)c1,0.4898709,0.4899,0.6933333,0.6933,0.6650005,-8.8400,1.0000000,1.0000,[],86
2.1523,6.6160,76.8523,0.6520963,O=C(NCC(=O)N1C[C@H](O)C[C@H]1C(=O)NCc1ccc(Cl)cc1)c1ccc2cc(F)ccc2n1,1,COc1ccc([C@H](C)NC(=O)[C@@H]2C[C@@H](O)CN2C(=O)CNC(=O)c2ccc3cc(F)ccc3n2)c(Cl)c1,0.4955094,0.4955,0.7260274,0.7260,0.7089589,-9.2400,1.0000000,1.0000,[],86
2.0048,4.3567,79.8798,0.6580983,O=C(NCC(=O)N1C[C@H](O)C[C@H]1C(=O)NCc1cccc(Cl)c1)c1ccc2cc(F)ccc2n1,1,COc1ccc([C@H](C)NC(=O)[C@@H]2C[C@@H](O)CN2C(=O)CNC(=O)c2ccc3cc(F)ccc3n2)c(Cl)c1,0.4955094,0.4955,0.7210884,0.7211,0.7245383,-9.3900,1.0000000,1.0000,[],86
2.4595,5.2558,77.0136,0.6427296,O=C(NCC(=O)N1C[C@H](O)C[C@H]1C(=O)NCc1ccccc1)c1ccc2cc(F)ccc2n1,1,COc1ccc([C@H](C)NC(=O)[C@@H]2C[C@@H](O)CN2C(=O)CNC(=O)c2ccc3cc(F)ccc3n2)c(Cl)c1,0.5255299,0.5255,0.7006803,0.7007,0.6807660,-8.9800,1.0000000,1.0000,[],86
7.6517,30.1740,46.6163,0.5999242,CCOCc1ccccc1C1CCCN1C(=O)CNC(=O)c1ccc2cc(F)ccc2n1,1,COc1ccc([C@H](C)NC(=O)[C@@H]2C[C@@H](O)CN2C(=O)CNC(=O)c2ccc3cc(F)ccc3n2)c(Cl)c1,0.6089241,0.6089,0.5182927,0.5183,0.6406542,-8.6300,1.0000000,1.0000,[],87
4.1974,17.0226,64.9762,0.6406158,COc1ccccc1C1CCCN1C(=O)CNC(=O)c1ccc2cc(F)ccc2n1,1,COc1ccc([C@H](C)NC(=O)[C@@H]2C[C@@H](O)CN2C(=O)CNC(=O)c2ccc3cc(F)ccc3n2)c(Cl)c1,0.7030429,0.7030,0.5649351,0.5649,0.6511860,-8.7200,1.0000000,1.0000,[],87
3.2031,16.1080,69.0156,0.6650282,Cc1ccccc1C1CCCN1C(=O)CNC(=O)c1ccc2cc(F)ccc2n1,1,COc1ccc([C@H](C)NC(=O)[C@@H]2C[C@@H](O)CN2C(=O)CNC(=O)c2ccc3cc(F)ccc3n2)c(Cl)c1,0.7363439,0.7363,0.5192308,0.5192,0.7152528,-9.3000,1.0000000,1.0000,[],87
3.1049,12.8271,70.9473,0.6544877,O=C(NCC(=O)N1C[C@H](O)C[C@H]1C(=O)NCCCCc1ccccc1)c1ccc2cc(F)ccc2n1,1,COc1ccc([C@H](C)NC(=O)[C@@H]2C[C@@H](O)CN2C(=O)CNC(=O)c2ccc3cc(F)ccc3n2)c(Cl)c1,0.3967966,0.3968,0.6687898,0.6688,0.8315229,-10.6200,1.0000000,1.0000,[],87
2.7971,9.7543,74.0864,0.6550056,O=C(NCC(=O)N1C[C@H](O)C[C@H]1C(=O)NCCCc1ccccc1)c1ccc2cc(F)ccc2n1,1,COc1ccc([C@H](C)NC(=O)[C@@H]2C[C@@H](O)CN2C(=O)CNC(=O)c2ccc3cc(F)ccc3n2)c(Cl)c1,0.4278657,0.4279,0.6862745,0.6863,0.7917488,-10.1100,1.0000000,1.0000,[],87
2.1549,6.6160,76.8523,0.6520963,O=C(NCC(=O)N1C[C@H](O)C[C@H]1C(=O)NCc1ccc(Cl)cc1)c1ccc2cc(F)ccc2n1,1,COc1ccc([C@H](C)NC(=O)[C@@H]2C[C@@H](O)CN2C(=O)CNC(=O)c2ccc3cc(F)ccc3n2)c(Cl)c1,0.4955094,0.4955,0.7260274,0.7260,0.7089589,-9.2400,1.0000000,1.0000,[],87
4.4762,11.2274,70.1934,0.6361002,O=C(NCC(=O)N1C[C@H](O)C[C@H]1C(=O)Nc1ccc(Cl)cc1)c1ccc2cc(F)ccc2n1,1,COc1ccc([C@H](C)NC(=O)[C@@H]2C[C@@H](O)CN2C(=O)CNC(=O)c2ccc3cc(F)ccc3n2)c(Cl)c1,0.5297647,0.5298,0.6756757,0.6757,0.6763016,-8.9400,1.0000000,1.0000,[],87
4.4271,16.1442,63.7490,0.6241660,COCc1ccccc1C1CCCN1C(=O)CNC(=O)c1ccc2cc(F)ccc2n1,1,COc1ccc([C@H](C)NC(=O)[C@@H]2C[C@@H](O)CN2C(=O)CNC(=O)c2ccc3cc(F)ccc3n2)c(Cl)c1,0.6600770,0.6601,0.5217391,0.5217,0.6638596,-8.8300,1.0000000,1.0000,[],88
6.1146,13.8170,63.4732,0.6038297,O=C(NCC(=O)N1C[C@H](O)C[C@H]1C(=O)NCCOCc1ccccc1)c1ccc2cc(F)ccc2n1,1,COc1ccc([C@H](C)NC(=O)[C@@H]2C[C@@H](O)CN2C(=O)CNC(=O)c2ccc3cc(F)ccc3n2)c(Cl)c1,0.3869517,0.3870,0.6794872,0.6795,0.7110660,-9.2600,1.0000000,1.0000,[],88
2.0482,7.3304,72.3546,0.6225395,O=C(NCC(=O)N1C[C@H](O)C[C@H]1C(=O)NCCc1ccccc1)c1ccc2cc(F)ccc2n1,1,COc1ccc([C@H](C)NC(=O)[C@@H]2C[C@@H](O)CN2C(=O)CNC(=O)c2ccc3cc(F)ccc3n2)c(Cl)c1,0.4898709,0.4899,0.6933333,0.6933,0.6650005,-8.8400,1.0000000,1.0000,[],88
2.1756,6.6160,76.8523,0.6520963,O=C(NCC(=O)N1C[C@H](O)C[C@H]1C(=O)NCc1ccc(Cl)cc1)c1ccc2cc(F)ccc2n1,1,COc1ccc([C@H](C)NC(=O)[C@@H]2C[C@@H](O)CN2C(=O)CNC(=O)c2ccc3cc(F)ccc3n2)c(Cl)c1,0.4955094,0.4955,0.7260274,0.7260,0.7089589,-9.2400,1.0000000,1.0000,[],88
2.0400,4.3567,79.8798,0.6580983,O=C(NCC(=O)N1C[C@H](O)C[C@H]1C(=O)NCc1cccc(Cl)c1)c1ccc2cc(F)ccc2n1,1,COc1ccc([C@H](C)NC(=O)[C@@H]2C[C@@H](O)CN2C(=O)CNC(=O)c2ccc3cc(F)ccc3n2)c(Cl)c1,0.4955094,0.4955,0.7210884,0.7211,0.7245383,-9.3900,1.0000000,1.0000,[],88
2.5141,5.2558,77.0136,0.6427296,O=C(NCC(=O)N1C[C@H](O)C[C@H]1C(=O)NCc1ccccc1)c1ccc2cc(F)ccc2n1,1,COc1ccc([C@H](C)NC(=O)[C@@H]2C[C@@H](O)CN2C(=O)CNC(=O)c2ccc3cc(F)ccc3n2)c(Cl)c1,0.5255299,0.5255,0.7006803,0.7007,0.6807660,-8.9800,1.0000000,1.0000,[],88
6.0536,31.6043,43.7617,0.5887967,CCCC1CCCN1C(=O)CNC(=O)c1ccc2cc(F)ccc2n1,1,COc1ccc([C@H](C)NC(=O)[C@@H]2C[C@@H](O)CN2C(=O)CNC(=O)c2ccc3cc(F)ccc3n2)c(Cl)c1,0.9079100,0.9079,0.5241379,0.5241,0.5025584,-7.5200,1.0000000,1.0000,[],89
5.4108,34.2137,45.1186,0.6197836,CNC(=O)CCc1ccccc1C1CCCN1C(=O)CNC(=O)c1ccc2cc(F)ccc2n1,1,COc1ccc([C@H](C)NC(=O)[C@@H]2C[C@@H](O)CN2C(=O)CNC(=O)c2ccc3cc(F)ccc3n2)c(Cl)c1,0.5644270,0.5644,0.5361446,0.5361,0.6982892,-9.1400,1.0000000,1.0000,[],89
4.3360,16.1442,63.7490,0.6241660,COCc1ccccc1C1CCCN1C(=O)CNC(=O)c1ccc2cc(F)ccc2n1,1,COc1ccc([C@H](C)NC(=O)[C@@H]2C[C@@H](O)CN2C(=O)CNC(=O)c2ccc3cc(F)ccc3n2)c(Cl)c1,0.6600770,0.6601,0.5217391,0.5217,0.6638596,-8.8300,1.0000000,1.0000,[],89
6.7061,22.5724,60.4822,0.6488636,O=C(NCC(=O)N1C[C@H](O)C[C@H]1C(=O)Cc1ccccc1)c1ccc2cc(F)ccc2n1,1,COc1ccc([C@H](C)NC(=O)[C@@H]2C[C@@H](O)CN2C(=O)CNC(=O)c2ccc3cc(F)ccc3n2)c(Cl)c1,0.6160078,0.6160,0.6291391,0.6291,0.6763016,-8.9400,1.0000000,1.0000,[],89
2.0585,7.3304,72.3546,0.6225395,O=C(NCC(=O)N1C[C@H](O)C[C@H]1C(=O)NCCc1ccccc1)c1ccc2cc(F)ccc2n1,1,COc1ccc([C@H](C)NC(=O)[C@@H]2C[C@@H](O)CN2C(=O)CNC(=O)c2ccc3cc(F)ccc3n2)c(Cl)c1,0.4898709,0.4899,0.6933333,0.6933,0.6650005,-8.8400,1.0000000,1.0000,[],89
2.1736,6.6160,76.8523,0.6520963,O=C(NCC(=O)N1C[C@H](O)C[C@H]1C(=O)NCc1ccc(Cl)cc1)c1ccc2cc(F)ccc2n1,1,COc1ccc([C@H](C)NC(=O)[C@@H]2C[C@@H](O)CN2C(=O)CNC(=O)c2ccc3cc(F)ccc3n2)c(Cl)c1,0.4955094,0.4955,0.7260274,0.7260,0.7089589,-9.2400,1.0000000,1.0000,[],89
2.0366,4.3567,79.8798,0.6580983,O=C(NCC(=O)N1C[C@H](O)C[C@H]1C(=O)NCc1cccc(Cl)c1)c1ccc2cc(F)ccc2n1,1,COc1ccc([C@H](C)NC(=O)[C@@H]2C[C@@H](O)CN2C(=O)CNC(=O)c2ccc3cc(F)ccc3n2)c(Cl)c1,0.4955094,0.4955,0.7210884,0.7211,0.7245383,-9.3900,1.0000000,1.0000,[],89
2.5137,5.2558,77.0136,0.6427296,O=C(NCC(=O)N1C[C@H](O)C[C@H]1C(=O)NCc1ccccc1)c1ccc2cc(F)ccc2n1,1,COc1ccc([C@H](C)NC(=O)[C@@H]2C[C@@H](O)CN2C(=O)CNC(=O)c2ccc3cc(F)ccc3n2)c(Cl)c1,0.5255299,0.5255,0.7006803,0.7007,0.6807660,-8.9800,1.0000000,1.0000,[],89
4.3837,19.8103,65.5929,0.6672131,O=C(NCC(=O)N1C[C@H](O)C[C@H]1C(=O)c1cccc(Cl)c1)c1ccc2cc(F)ccc2n1,1,COc1ccc([C@H](C)NC(=O)[C@@H]2C[C@@H](O)CN2C(=O)CNC(=O)c2ccc3cc(F)ccc3n2)c(Cl)c1,0.5760042,0.5760,0.6554054,0.6554,0.7245383,-9.3900,1.0000000,1.0000,[],89
4.1670,16.1442,63.7490,0.6241660,COCc1ccccc1C1CCCN1C(=O)CNC(=O)c1ccc2cc(F)ccc2n1,1,COc1ccc([C@H](C)NC(=O)[C@@H]2C[C@@H](O)CN2C(=O)CNC(=O)c2ccc3cc(F)ccc3n2)c(Cl)c1,0.6600770,0.6601,0.5217391,0.5217,0.6638596,-8.8300,1.0000000,1.0000,[],90
4.3378,17.0226,64.9762,0.6406158,COc1ccccc1C1CCCN1C(=O)CNC(=O)c1ccc2cc(F)ccc2n1,1,COc1ccc([C@H](C)NC(=O)[C@@H]2C[C@@H](O)CN2C(=O)CNC(=O)c2ccc3cc(F)ccc3n2)c(Cl)c1,0.7030429,0.7030,0.5649351,0.5649,0.6511860,-8.7200,1.0000000,1.0000,[],90
5.1162,20.9542,54.9346,0.5928814,CSCC[C@@H]1C[C@@H](O)CN1C(=O)CNC(=O)c1ccc2cc(F)ccc2n1,1,COc1ccc([C@H](C)NC(=O)[C@@H]2C[C@@H](O)CN2C(=O)CNC(=O)c2ccc3cc(F)ccc3n2)c(Cl)c1,0.7849874,0.7850,0.5985915,0.5986,0.5127894,-7.6000,1.0000000,1.0000,[],90
6.9103,22.6262,60.1094,0.6463718,O=C(NCC(=O)N1C[C@H](O)C[C@H]1C(=O)CCCc1ccccc1)c1ccc2cc(F)ccc2n1,1,COc1ccc([C@H](C)NC(=O)[C@@H]2C[C@@H](O)CN2C(=O)CNC(=O)c2ccc3cc(F)ccc3n2)c(Cl)c1,0.5351746,0.5352,0.6178344,0.6178,0.7265760,-9.4100,1.0000000,1.0000,[],90
2.6866,14.7124,56.7120,0.5580030,O=C(NCC(=O)N1C[C@H](O)C[C@H]1C(=O)NCCCCCc1ccccc1)c1ccc2cc(F)ccc2n1,1,COc1ccc([C@H](C)NC(=O)[C@@H]2C[C@@H](O)CN2C(=O)CNC(=O)c2ccc3cc(F)ccc3n2)c(Cl)c1,0.3662269,0.3662,0.6521739,0.6522,0.6371127,-8.6000,1.0000000,1.0000,[],90
2.7577,12.8271,70.9473,0.6544877,O=C(NCC(=O)N1C[C@H](O)C[C@H]1C(=O)NCCCCc1ccccc1)c1ccc2cc(F)ccc2n1,1,COc1ccc([C@H](C)NC(=O)[C@@H]2C[C@@H](O)CN2C(=O)CNC(=O)c2ccc3cc(F)ccc3n2)c(Cl)c1,0.3967966,0.3968,0.6687898,0.6688,0.8315229,-10.6200,1.0000000,1.0000,[],90
2.0892,7.3304,72.3546,0.6225395,O=C(NCC(=O)N1C[C@H](O)C[C@H]1C(=O)NCCc1ccccc1)c1ccc2cc(F)ccc2n1,1,COc1ccc([C@H](C)NC(=O)[C@@H]2C[C@@H](O)CN2C(=O)CNC(=O)c2ccc3cc(F)ccc3n2)c(Cl)c1,0.4898709,0.4899,0.6933333,0.6933,0.6650005,-8.8400,1.0000000,1.0000,[],90
2.4610,5.2558,77.0136,0.6427296,O=C(NCC(=O)N1C[C@H](O)C[C@H]1C(=O)NCc1ccccc1)c1ccc2cc(F)ccc2n1,1,COc1ccc([C@H](C)NC(=O)[C@@H]2C[C@@H](O)CN2C(=O)CNC(=O)c2ccc3cc(F)ccc3n2)c(Cl)c1,0.5255299,0.5255,0.7006803,0.7007,0.6807660,-8.9800,1.0000000,1.0000,[],90
4.3828,19.8103,65.5929,0.6672131,O=C(NCC(=O)N1C[C@H](O)C[C@H]1C(=O)c1cccc(Cl)c1)c1ccc2cc(F)ccc2n1,1,COc1ccc([C@H](C)NC(=O)[C@@H]2C[C@@H](O)CN2C(=O)CNC(=O)c2ccc3cc(F)ccc3n2)c(Cl)c1,0.5760042,0.5760,0.6554054,0.6554,0.7245383,-9.3900,1.0000000,1.0000,[],90
4.3367,18.4623,63.0845,0.6370842,CCc1ccccc1C1CCCN1C(=O)CNC(=O)c1ccc2cc(F)ccc2n1,1,COc1ccc([C@H](C)NC(=O)[C@@H]2C[C@@H](O)CN2C(=O)CNC(=O)c2ccc3cc(F)ccc3n2)c(Cl)c1,0.6971738,0.6972,0.5253165,0.5253,0.6706758,-8.8900,1.0000000,1.0000,[],91
4.2981,17.0226,64.9762,0.6406158,COc1ccccc1C1CCCN1C(=O)CNC(=O)c1ccc2cc(F)ccc2n1,1,COc1ccc([C@H](C)NC(=O)[C@@H]2C[C@@H](O)CN2C(=O)CNC(=O)c2ccc3cc(F)ccc3n2)c(Cl)c1,0.7030429,0.7030,0.5649351,0.5649,0.6511860,-8.7200,1.0000000,1.0000,[],91
3.9971,19.0830,51.8770,0.5543756,O=C(NCC(=O)N1C[C@H](O)C[C@H]1C(=O)NCCCCCCc1ccccc1)c1ccc2cc(F)ccc2n1,1,COc1ccc([C@H](C)NC(=O)[C@@H]2C[C@@H](O)CN2C(=O)CNC(=O)c2ccc3cc(F)ccc3n2)c(Cl)c1,0.3367894,0.3368,0.6363636,0.6364,0.6638596,-8.8300,1.0000000,1.0000,[],91
2.7192,12.8271,70.9473,0.6544877,O=C(NCC(=O)N1C[C@H](O)C[C@H]1C(=O)NCCCCc1ccccc1)c1ccc2cc(F)ccc2n1,1,COc1ccc([C@H](C)NC(=O)[C@@H]2C[C@@H](O)CN2C(=O)CNC(=O)c2ccc3cc(F)ccc3n2)c(Cl)c1,0.3967966,0.3968,0.6687898,0.6688,0.8315229,-10.6200,1.0000000,1.0000,[],91
5.5007,16.9585,54.7905,0.5605388,O=C(NCC(=O)N1C[C@H](O)C[C@H]1C(=O)NCCCNc1ccccc1)c1ccc2cc(F)ccc2n1,1,COc1ccc([C@H](C)NC(=O)[C@@H]2C[C@@H](O)CN2C(=O)CNC(=O)c2ccc3cc(F)ccc3n2)c(Cl)c1,0.3365426,0.3365,0.6477987,0.6478,0.6729321,-8.9100,1.0000000,1.0000,[],91
2.2278,6.6160,76.8523,0.6520963,O=C(NCC(=O)N1C[C@H](O)C[C@H]1C(=O)NCc1ccc(Cl)cc1)c1ccc2cc(F)ccc2n1,1,COc1ccc([C@H](C)NC(=O)[C@@H]2C[C@@H](O)CN2C(=O)CNC(=O)c2ccc3cc(F)ccc3n2)c(Cl)c1,0.4955094,0.4955,0.7260274,0.7260,0.7089589,-9.2400,1.0000000,1.0000,[],91
2.0379,4.3567,79.8798,0.6580983,O=C(NCC(=O)N1C[C@H](O)C[C@H]1C(=O)NCc1cccc(Cl)c1)c1ccc2cc(F)ccc2n1,1,COc1ccc([C@H](C)NC(=O)[C@@H]2C[C@@H](O)CN2C(=O)CNC(=O)c2ccc3cc(F)ccc3n2)c(Cl)c1,0.4955094,0.4955,0.7210884,0.7211,0.7245383,-9.3900,1.0000000,1.0000,[],91
5.0642,31.6043,43.7617,0.5887967,CCCC1CCCN1C(=O)CNC(=O)c1ccc2cc(F)ccc2n1,1,COc1ccc([C@H](C)NC(=O)[C@@H]2C[C@@H](O)CN2C(=O)CNC(=O)c2ccc3cc(F)ccc3n2)c(Cl)c1,0.9079100,0.9079,0.5241379,0.5241,0.5025584,-7.5200,1.0000000,1.0000,[],92
4.5895,37.5353,39.2460,0.5998539,CCCCC1CCCN1C(=O)CNC(=O)c1ccc2cc(F)ccc2n1,1,COc1ccc([C@H](C)NC(=O)[C@@H]2C[C@@H](O)CN2C(=O)CNC(=O)c2ccc3cc(F)ccc3n2)c(Cl)c1,0.8628932,0.8629,0.5202703,0.5203,0.5370293,-7.7900,1.0000000,1.0000,[],92
3.5182,16.1080,69.0156,0.6650282,Cc1ccccc1C1CCCN1C(=O)CNC(=O)c1ccc2cc(F)ccc2n1,1,COc1ccc([C@H](C)NC(=O)[C@@H]2C[C@@H](O)CN2C(=O)CNC(=O)c2ccc3cc(F)ccc3n2)c(Cl)c1,0.7363439,0.7363,0.5192308,0.5192,0.7152528,-9.3000,1.0000000,1.0000,[],92
2.4310,14.7124,56.7120,0.5580030,O=C(NCC(=O)N1C[C@H](O)C[C@H]1C(=O)NCCCCCc1ccccc1)c1ccc2cc(F)ccc2n1,1,COc1ccc([C@H](C)NC(=O)[C@@H]2C[C@@H](O)CN2C(=O)CNC(=O)c2ccc3cc(F)ccc3n2)c(Cl)c1,0.3662269,0.3662,0.6521739,0.6522,0.6371127,-8.6000,1.0000000,1.0000,[],92
5.3489,16.9585,54.7905,0.5605388,O=C(NCC(=O)N1C[C@H](O)C[C@H]1C(=O)NCCCNc1ccccc1)c1ccc2cc(F)ccc2n1,1,COc1ccc([C@H](C)NC(=O)[C@@H]2C[C@@H](O)CN2C(=O)CNC(=O)c2ccc3cc(F)ccc3n2)c(Cl)c1,0.3365426,0.3365,0.6477987,0.6478,0.6729321,-8.9100,1.0000000,1.0000,[],92
2.9301,9.7543,74.0864,0.6550056,O=C(NCC(=O)N1C[C@H](O)C[C@H]1C(=O)NCCCc1ccccc1)c1ccc2cc(F)ccc2n1,1,COc1ccc([C@H](C)NC(=O)[C@@H]2C[C@@H](O)CN2C(=O)CNC(=O)c2ccc3cc(F)ccc3n2)c(Cl)c1,0.4278657,0.4279,0.6862745,0.6863,0.7917488,-10.1100,1.0000000,1.0000,[],92
2.1631,7.3304,72.3546,0.6225395,O=C(NCC(=O)N1C[C@H](O)C[C@H]1C(=O)NCCc1ccccc1)c1ccc2cc(F)ccc2n1,1,COc1ccc([C@H](C)NC(=O)[C@@H]2C[C@@H](O)CN2C(=O)CNC(=O)c2ccc3cc(F)ccc3n2)c(Cl)c1,0.4898709,0.4899,0.6933333,0.6933,0.6650005,-8.8400,1.0000000,1.0000,[],92
2.0609,4.3567,79.8798,0.6580983,O=C(NCC(=O)N1C[C@H](O)C[C@H]1C(=O)NCc1cccc(Cl)c1)c1ccc2cc(F)ccc2n1,1,COc1ccc([C@H](C)NC(=O)[C@@H]2C[C@@H](O)CN2C(=O)CNC(=O)c2ccc3cc(F)ccc3n2)c(Cl)c1,0.4955094,0.4955,0.7210884,0.7211,0.7245383,-9.3900,1.0000000,1.0000,[],92
2.4719,5.2558,77.0136,0.6427296,O=C(NCC(=O)N1C[C@H](O)C[C@H]1C(=O)NCc1ccccc1)c1ccc2cc(F)ccc2n1,1,COc1ccc([C@H](C)NC(=O)[C@@H]2C[C@@H](O)CN2C(=O)CNC(=O)c2ccc3cc(F)ccc3n2)c(Cl)c1,0.5255299,0.5255,0.7006803,0.7007,0.6807660,-8.9800,1.0000000,1.0000,[],92
2.3815,14.7124,56.7120,0.5580030,O=C(NCC(=O)N1C[C@H](O)C[C@H]1C(=O)NCCCCCc1ccccc1)c1ccc2cc(F)ccc2n1,1,COc1ccc([C@H](C)NC(=O)[C@@H]2C[C@@H](O)CN2C(=O)CNC(=O)c2ccc3cc(F)ccc3n2)c(Cl)c1,0.3662269,0.3662,0.6521739,0.6522,0.6371127,-8.6000,1.0000000,1.0000,[],93
2.6996,12.8271,70.9473,0.6544877,O=C(NCC(=O)N1C[C@H](O)C[C@H]1C(=O)NCCCCc1ccccc1)c1ccc2cc(F)ccc2n1,1,COc1ccc([C@H](C)NC(=O)[C@@H]2C[C@@H](O)CN2C(=O)CNC(=O)c2ccc3cc(F)ccc3n2)c(Cl)c1,0.3967966,0.3968,0.6687898,0.6688,0.8315229,-10.6200,1.0000000,1.0000,[],93
4.9943,9.3781,56.0339,0.5110312,O=C(NCC(=O)N1C[C@H](O)C[C@H]1C(=O)NCCCO)c1ccc2cc(F)ccc2n1,1,COc1ccc([C@H](C)NC(=O)[C@@H]2C[C@@H](O)CN2C(=O)CNC(=O)c2ccc3cc(F)ccc3n2)c(Cl)c1,0.4511708,0.4512,0.6573427,0.6573,0.4795440,-7.3400,1.0000000,1.0000,[],93
4.7143,14.7494,60.4192,0.5872546,O=C(NCC(=O)N1C[C@H](O)C[C@H]1C(=O)NCCCOCc1ccccc1)c1ccc2cc(F)ccc2n1,1,COc1ccc([C@H](C)NC(=O)[C@@H]2C[C@@H](O)CN2C(=O)CNC(=O)c2ccc3cc(F)ccc3n2)c(Cl)c1,0.3593140,0.3593,0.6625000,0.6625,0.7068428,-9.2200,1.0000000,1.0000,[],93
2.1930,7.3304,72.3546,0.6225395,O=C(NCC(=O)N1C[C@H](O)C[C@H]1C(=O)NCCc1ccccc1)c1ccc2cc(F)ccc2n1,1,COc1ccc([C@H](C)NC(=O)[C@@H]2C[C@@H](O)CN2C(=O)CNC(=O)c2ccc3cc(F)ccc3n2)c(Cl)c1,0.4898709,0.4899,0.6933333,0.6933,0.6650005,-8.8400,1.0000000,1.0000,[],93
2.3019,6.6160,76.8523,0.6520963,O=C(NCC(=O)N1C[C@H](O)C[C@H]1C(=O)NCc1ccc(Cl)cc1)c1ccc2cc(F)ccc2n1,1,COc1ccc([C@H](C)NC(=O)[C@@H]2C[C@@H](O)CN2C(=O)CNC(=O)c2ccc3cc(F)ccc3n2)c(Cl)c1,0.4955094,0.4955,0.7260274,0.7260,0.7089589,-9.2400,1.0000000,1.0000,[],93
2.0804,4.3567,79.8798,0.6580983,O=C(NCC(=O)N1C[C@H](O)C[C@H]1C(=O)NCc1cccc(Cl)c1)c1ccc2cc(F)ccc2n1,1,COc1ccc([C@H](C)NC(=O)[C@@H]2C[C@@H](O)CN2C(=O)CNC(=O)c2ccc3cc(F)ccc3n2)c(Cl)c1,0.4955094,0.4955,0.7210884,0.7211,0.7245383,-9.3900,1.0000000,1.0000,[],93
2.4710,5.2558,77.0136,0.6427296,O=C(NCC(=O)N1C[C@H](O)C[C@H]1C(=O)NCc1ccccc1)c1ccc2cc(F)ccc2n1,1,COc1ccc([C@H](C)NC(=O)[C@@H]2C[C@@H](O)CN2C(=O)CNC(=O)c2ccc3cc(F)ccc3n2)c(Cl)c1,0.5255299,0.5255,0.7006803,0.7007,0.6807660,-8.9800,1.0000000,1.0000,[],93
4.4933,18.2191,67.9322,0.6730575,O=C(NCC(=O)N1C[C@H](O)C[C@H]1C(=O)c1ccccc1)c1ccc2cc(F)ccc2n1,1,COc1ccc([C@H](C)NC(=O)[C@@H]2C[C@@H](O)CN2C(=O)CNC(=O)c2ccc3cc(F)ccc3n2)c(Cl)c1,0.6137592,0.6138,0.6351351,0.6351,0.7255583,-9.4000,1.0000000,1.0000,[],93
5.1097,37.5353,39.2460,0.5998539,CCCCC1CCCN1C(=O)CNC(=O)c1ccc2cc(F)ccc2n1,1,COc1ccc([C@H](C)NC(=O)[C@@H]2C[C@@H](O)CN2C(=O)CNC(=O)c2ccc3cc(F)ccc3n2)c(Cl)c1,0.8628932,0.8629,0.5202703,0.5203,0.5370293,-7.7900,1.0000000,1.0000,[],94
2.4365,14.7124,56.7120,0.5580030,O=C(NCC(=O)N1C[C@H](O)C[C@H]1C(=O)NCCCCCc1ccccc1)c1ccc2cc(F)ccc2n1,1,COc1ccc([C@H](C)NC(=O)[C@@H]2C[C@@H](O)CN2C(=O)CNC(=O)c2ccc3cc(F)ccc3n2)c(Cl)c1,0.3662269,0.3662,0.6521739,0.6522,0.6371127,-8.6000,1.0000000,1.0000,[],94
2.6507,12.8271,70.9473,0.6544877,O=C(NCC(=O)N1C[C@H](O)C[C@H]1C(=O)NCCCCc1ccccc1)c1ccc2cc(F)ccc2n1,1,COc1ccc([C@H](C)NC(=O)[C@@H]2C[C@@H](O)CN2C(=O)CNC(=O)c2ccc3cc(F)ccc3n2)c(Cl)c1,0.3967966,0.3968,0.6687898,0.6688,0.8315229,-10.6200,1.0000000,1.0000,[],94
4.8931,14.7494,60.4192,0.5872546,O=C(NCC(=O)N1C[C@H](O)C[C@H]1C(=O)NCCCOCc1ccccc1)c1ccc2cc(F)ccc2n1,1,COc1ccc([C@H](C)NC(=O)[C@@H]2C[C@@H](O)CN2C(=O)CNC(=O)c2ccc3cc(F)ccc3n2)c(Cl)c1,0.3593140,0.3593,0.6625000,0.6625,0.7068428,-9.2200,1.0000000,1.0000,[],94
2.0836,4.3567,79.8798,0.6580983,O=C(NCC(=O)N1C[C@H](O)C[C@H]1C(=O)NCc1cccc(Cl)c1)c1ccc2cc(F)ccc2n1,1,COc1ccc([C@H](C)NC(=O)[C@@H]2C[C@@H](O)CN2C(=O)CNC(=O)c2ccc3cc(F)ccc3n2)c(Cl)c1,0.4955094,0.4955,0.7210884,0.7211,0.7245383,-9.3900,1.0000000,1.0000,[],94
2.4420,5.2558,77.0136,0.6427296,O=C(NCC(=O)N1C[C@H](O)C[C@H]1C(=O)NCc1ccccc1)c1ccc2cc(F)ccc2n1,1,COc1ccc([C@H](C)NC(=O)[C@@H]2C[C@@H](O)CN2C(=O)CNC(=O)c2ccc3cc(F)ccc3n2)c(Cl)c1,0.5255299,0.5255,0.7006803,0.7007,0.6807660,-8.9800,1.0000000,1.0000,[],94
5.3525,34.2137,45.1186,0.6197836,CNC(=O)CCc1ccccc1C1CCCN1C(=O)CNC(=O)c1ccc2cc(F)ccc2n1,1,COc1ccc([C@H](C)NC(=O)[C@@H]2C[C@@H](O)CN2C(=O)CNC(=O)c2ccc3cc(F)ccc3n2)c(Cl)c1,0.5644270,0.5644,0.5361446,0.5361,0.6982892,-9.1400,1.0000000,1.0000,[],95
7.5329,32.7415,39.2260,0.5622457,COCc1cscc1C1CCCN1C(=O)CNC(=O)c1ccc2cc(F)ccc2n1,1,COc1ccc([C@H](C)NC(=O)[C@@H]2C[C@@H](O)CN2C(=O)CNC(=O)c2ccc3cc(F)ccc3n2)c(Cl)c1,0.6515774,0.6516,0.4785276,0.4785,0.5661296,-8.0200,1.0000000,1.0000,[],95
3.8603,19.0830,51.8770,0.5543756,O=C(NCC(=O)N1C[C@H](O)C[C@H]1C(=O)NCCCCCCc1ccccc1)c1ccc2cc(F)ccc2n1,1,COc1ccc([C@H](C)NC(=O)[C@@H]2C[C@@H](O)CN2C(=O)CNC(=O)c2ccc3cc(F)ccc3n2)c(Cl)c1,0.3367894,0.3368,0.6363636,0.6364,0.6638596,-8.8300,1.0000000,1.0000,[],95
2.4056,14.7124,56.7120,0.5580030,O=C(NCC(=O)N1C[C@H](O)C[C@H]1C(=O)NCCCCCc1ccccc1)c1ccc2cc(F)ccc2n1,1,COc1ccc([C@H](C)NC(=O)[C@@H]2C[C@@H](O)CN2C(=O)CNC(=O)c2ccc3cc(F)ccc3n2)c(Cl)c1,0.3662269,0.3662,0.6521739,0.6522,0.6371127,-8.6000,1.0000000,1.0000,[],95
2.5682,12.8271,70.9473,0.6544877,O=C(NCC(=O)N1C[C@H](O)C[C@H]1C(=O)NCCCCc1ccccc1)c1ccc2cc(F)ccc2n1,1,COc1ccc([C@H](C)NC(=O)[C@@H]2C[C@@H](O)CN2C(=O)CNC(=O)c2ccc3cc(F)ccc3n2)c(Cl)c1,0.3967966,0.3968,0.6687898,0.6688,0.8315229,-10.6200,1.0000000,1.0000,[],95
4.4944,16.9585,54.7905,0.5605388,O=C(NCC(=O)N1C[C@H](O)C[C@H]1C(=O)NCCCNc1ccccc1)c1ccc2cc(F)ccc2n1,1,COc1ccc([C@H](C)NC(=O)[C@@H]2C[C@@H](O)CN2C(=O)CNC(=O)c2ccc3cc(F)ccc3n2)c(Cl)c1,0.3365426,0.3365,0.6477987,0.6478,0.6729321,-8.9100,1.0000000,1.0000,[],95
4.0634,9.3781,56.0339,0.5110312,O=C(NCC(=O)N1C[C@H](O)C[C@H]1C(=O)NCCCO)c1ccc2cc(F)ccc2n1,1,COc1ccc([C@H](C)NC(=O)[C@@H]2C[C@@H](O)CN2C(=O)CNC(=O)c2ccc3cc(F)ccc3n2)c(Cl)c1,0.4511708,0.4512,0.6573427,0.6573,0.4795440,-7.3400,1.0000000,1.0000,[],95
2.9475,9.7543,74.0864,0.6550056,O=C(NCC(=O)N1C[C@H](O)C[C@H]1C(=O)NCCCc1ccccc1)c1ccc2cc(F)ccc2n1,1,COc1ccc([C@H](C)NC(=O)[C@@H]2C[C@@H](O)CN2C(=O)CNC(=O)c2ccc3cc(F)ccc3n2)c(Cl)c1,0.4278657,0.4279,0.6862745,0.6863,0.7917488,-10.1100,1.0000000,1.0000,[],95
2.2456,7.3304,72.3546,0.6225395,O=C(NCC(=O)N1C[C@H](O)C[C@H]1C(=O)NCCc1ccccc1)c1ccc2cc(F)ccc2n1,1,COc1ccc([C@H](C)NC(=O)[C@@H]2C[C@@H](O)CN2C(=O)CNC(=O)c2ccc3cc(F)ccc3n2)c(Cl)c1,0.4898709,0.4899,0.6933333,0.6933,0.6650005,-8.8400,1.0000000,1.0000,[],95
8.1575,43.0861,33.0984,0.5951912,CCNC(=O)CCc1ccccc1C1CCCN1C(=O)CNC(=O)c1ccc2cc(F)ccc2n1,1,COc1ccc([C@H](C)NC(=O)[C@@H]2C[C@@H](O)CN2C(=O)CNC(=O)c2ccc3cc(F)ccc3n2)c(Cl)c1,0.5203886,0.5204,0.5325444,0.5325,0.6729321,-8.9100,1.0000000,1.0000,[],96
3.9702,17.0226,64.9762,0.6406158,COc1ccccc1C1CCCN1C(=O)CNC(=O)c1ccc2cc(F)ccc2n1,1,COc1ccc([C@H](C)NC(=O)[C@@H]2C[C@@H](O)CN2C(=O)CNC(=O)c2ccc3cc(F)ccc3n2)c(Cl)c1,0.7030429,0.7030,0.5649351,0.5649,0.6511860,-8.7200,1.0000000,1.0000,[],96
3.5754,16.1080,69.0156,0.6650282,Cc1ccccc1C1CCCN1C(=O)CNC(=O)c1ccc2cc(F)ccc2n1,1,COc1ccc([C@H](C)NC(=O)[C@@H]2C[C@@H](O)CN2C(=O)CNC(=O)c2ccc3cc(F)ccc3n2)c(Cl)c1,0.7363439,0.7363,0.5192308,0.5192,0.7152528,-9.3000,1.0000000,1.0000,[],96
7.9626,9.7917,76.6358,0.6752156,O=C(NCC(=O)N1C[C@H](O)C[C@H]1C(=O)NCCC1CCCCC1)c1ccc2cc(F)ccc2n1,1,COc1ccc([C@H](C)NC(=O)[C@@H]2C[C@@H](O)CN2C(=O)CNC(=O)c2ccc3cc(F)ccc3n2)c(Cl)c1,0.5742653,0.5743,0.5875000,0.5875,0.7849188,-10.0300,1.0000000,1.0000,[],96
2.3739,14.7124,56.7120,0.5580030,O=C(NCC(=O)N1C[C@H](O)C[C@H]1C(=O)NCCCCCc1ccccc1)c1ccc2cc(F)ccc2n1,1,COc1ccc([C@H](C)NC(=O)[C@@H]2C[C@@H](O)CN2C(=O)CNC(=O)c2ccc3cc(F)ccc3n2)c(Cl)c1,0.3662269,0.3662,0.6521739,0.6522,0.6371127,-8.6000,1.0000000,1.0000,[],96
2.4795,12.8271,70.9473,0.6544877,O=C(NCC(=O)N1C[C@H](O)C[C@H]1C(=O)NCCCCc1ccccc1)c1ccc2cc(F)ccc2n1,1,COc1ccc([C@H](C)NC(=O)[C@@H]2C[C@@H](O)CN2C(=O)CNC(=O)c2ccc3cc(F)ccc3n2)c(Cl)c1,0.3967966,0.3968,0.6687898,0.6688,0.8315229,-10.6200,1.0000000,1.0000,[],96
2.2555,7.3304,72.3546,0.6225395,O=C(NCC(=O)N1C[C@H](O)C[C@H]1C(=O)NCCc1ccccc1)c1ccc2cc(F)ccc2n1,1,COc1ccc([C@H](C)NC(=O)[C@@H]2C[C@@H](O)CN2C(=O)CNC(=O)c2ccc3cc(F)ccc3n2)c(Cl)c1,0.4898709,0.4899,0.6933333,0.6933,0.6650005,-8.8400,1.0000000,1.0000,[],96
2.5388,6.6160,76.8523,0.6520963,O=C(NCC(=O)N1C[C@H](O)C[C@H]1C(=O)NCc1ccc(Cl)cc1)c1ccc2cc(F)ccc2n1,1,COc1ccc([C@H](C)NC(=O)[C@@H]2C[C@@H](O)CN2C(=O)CNC(=O)c2ccc3cc(F)ccc3n2)c(Cl)c1,0.4955094,0.4955,0.7260274,0.7260,0.7089589,-9.2400,1.0000000,1.0000,[],96
2.4372,5.2558,77.0136,0.6427296,O=C(NCC(=O)N1C[C@H](O)C[C@H]1C(=O)NCc1ccccc1)c1ccc2cc(F)ccc2n1,1,COc1ccc([C@H](C)NC(=O)[C@@H]2C[C@@H](O)CN2C(=O)CNC(=O)c2ccc3cc(F)ccc3n2)c(Cl)c1,0.5255299,0.5255,0.7006803,0.7007,0.6807660,-8.9800,1.0000000,1.0000,[],96
4.5678,37.5353,39.2460,0.5998539,CCCCC1CCCN1C(=O)CNC(=O)c1ccc2cc(F)ccc2n1,1,COc1ccc([C@H](C)NC(=O)[C@@H]2C[C@@H](O)CN2C(=O)CNC(=O)c2ccc3cc(F)ccc3n2)c(Cl)c1,0.8628932,0.8629,0.5202703,0.5203,0.5370293,-7.7900,1.0000000,1.0000,[],97
3.9094,17.0226,64.9762,0.6406158,COc1ccccc1C1CCCN1C(=O)CNC(=O)c1ccc2cc(F)ccc2n1,1,COc1ccc([C@H](C)NC(=O)[C@@H]2C[C@@H](O)CN2C(=O)CNC(=O)c2ccc3cc(F)ccc3n2)c(Cl)c1,0.7030429,0.7030,0.5649351,0.5649,0.6511860,-8.7200,1.0000000,1.0000,[],97
10.5501,25.5328,29.3382,0.4286803,O=C(NCC(=O)N1C[C@H](O)C[C@H]1C(=O)CCCCO)c1ccc2cc(F)ccc2n1,1,COc1ccc([C@H](C)NC(=O)[C@@H]2C[C@@H](O)CN2C(=O)CNC(=O)c2ccc3cc(F)ccc3n2)c(Cl)c1,0.5467203,0.5467,0.5695364,0.5695,0.3293243,-6.1100,1.0000000,1.0000,[],97
2.3671,14.7124,56.7120,0.5580030,O=C(NCC(=O)N1C[C@H](O)C[C@H]1C(=O)NCCCCCc1ccccc1)c1ccc2cc(F)ccc2n1,1,COc1ccc([C@H](C)NC(=O)[C@@H]2C[C@@H](O)CN2C(=O)CNC(=O)c2ccc3cc(F)ccc3n2)c(Cl)c1,0.3662269,0.3662,0.6521739,0.6522,0.6371127,-8.6000,1.0000000,1.0000,[],97
2.2409,7.3304,72.3546,0.6225395,O=C(NCC(=O)N1C[C@H](O)C[C@H]1C(=O)NCCc1ccccc1)c1ccc2cc(F)ccc2n1,1,COc1ccc([C@H](C)NC(=O)[C@@H]2C[C@@H](O)CN2C(=O)CNC(=O)c2ccc3cc(F)ccc3n2)c(Cl)c1,0.4898709,0.4899,0.6933333,0.6933,0.6650005,-8.8400,1.0000000,1.0000,[],97
2.6546,6.6160,76.8523,0.6520963,O=C(NCC(=O)N1C[C@H](O)C[C@H]1C(=O)NCc1ccc(Cl)cc1)c1ccc2cc(F)ccc2n1,1,COc1ccc([C@H](C)NC(=O)[C@@H]2C[C@@H](O)CN2C(=O)CNC(=O)c2ccc3cc(F)ccc3n2)c(Cl)c1,0.4955094,0.4955,0.7260274,0.7260,0.7089589,-9.2400,1.0000000,1.0000,[],97
2.2471,4.3567,79.8798,0.6580983,O=C(NCC(=O)N1C[C@H](O)C[C@H]1C(=O)NCc1cccc(Cl)c1)c1ccc2cc(F)ccc2n1,1,COc1ccc([C@H](C)NC(=O)[C@@H]2C[C@@H](O)CN2C(=O)CNC(=O)c2ccc3cc(F)ccc3n2)c(Cl)c1,0.4955094,0.4955,0.7210884,0.7211,0.7245383,-9.3900,1.0000000,1.0000,[],97
2.4830,5.2558,77.0136,0.6427296,O=C(NCC(=O)N1C[C@H](O)C[C@H]1C(=O)NCc1ccccc1)c1ccc2cc(F)ccc2n1,1,COc1ccc([C@H](C)NC(=O)[C@@H]2C[C@@H](O)CN2C(=O)CNC(=O)c2ccc3cc(F)ccc3n2)c(Cl)c1,0.5255299,0.5255,0.7006803,0.7007,0.6807660,-8.9800,1.0000000,1.0000,[],97
7.8984,12.3468,-12.3468,0.0000000,O=C(NCC(=O)N1C[C@H](O)C[C@H]1C(=O)OCc1ccccc1)c1ccc2cc(F)ccc2n1,1,COc1ccc([C@H](C)NC(=O)[C@@H]2C[C@@H](O)CN2C(=O)CNC(=O)c2ccc3cc(F)ccc3n2)c(Cl)c1,0.0000000,0.0000,0.0000000,0.0000,0.0000000,0.0000,0.0000000,0.0000,"['C(=[O,S])[O,S]']",97
2.3315,12.8271,70.9473,0.6544877,O=C(NCC(=O)N1C[C@H](O)C[C@H]1C(=O)NCCCCc1ccccc1)c1ccc2cc(F)ccc2n1,1,COc1ccc([C@H](C)NC(=O)[C@@H]2C[C@@H](O)CN2C(=O)CNC(=O)c2ccc3cc(F)ccc3n2)c(Cl)c1,0.3967966,0.3968,0.6687898,0.6688,0.8315229,-10.6200,1.0000000,1.0000,[],98
3.7658,16.9585,54.7905,0.5605388,O=C(NCC(=O)N1C[C@H](O)C[C@H]1C(=O)NCCCNc1ccccc1)c1ccc2cc(F)ccc2n1,1,COc1ccc([C@H](C)NC(=O)[C@@H]2C[C@@H](O)CN2C(=O)CNC(=O)c2ccc3cc(F)ccc3n2)c(Cl)c1,0.3365426,0.3365,0.6477987,0.6478,0.6729321,-8.9100,1.0000000,1.0000,[],98
2.8226,9.7543,74.0864,0.6550056,O=C(NCC(=O)N1C[C@H](O)C[C@H]1C(=O)NCCCc1ccccc1)c1ccc2cc(F)ccc2n1,1,COc1ccc([C@H](C)NC(=O)[C@@H]2C[C@@H](O)CN2C(=O)CNC(=O)c2ccc3cc(F)ccc3n2)c(Cl)c1,0.4278657,0.4279,0.6862745,0.6863,0.7917488,-10.1100,1.0000000,1.0000,[],98
2.2520,7.3304,72.3546,0.6225395,O=C(NCC(=O)N1C[C@H](O)C[C@H]1C(=O)NCCc1ccccc1)c1ccc2cc(F)ccc2n1,1,COc1ccc([C@H](C)NC(=O)[C@@H]2C[C@@H](O)CN2C(=O)CNC(=O)c2ccc3cc(F)ccc3n2)c(Cl)c1,0.4898709,0.4899,0.6933333,0.6933,0.6650005,-8.8400,1.0000000,1.0000,[],98
2.2937,4.3567,79.8798,0.6580983,O=C(NCC(=O)N1C[C@H](O)C[C@H]1C(=O)NCc1cccc(Cl)c1)c1ccc2cc(F)ccc2n1,1,COc1ccc([C@H](C)NC(=O)[C@@H]2C[C@@H](O)CN2C(=O)CNC(=O)c2ccc3cc(F)ccc3n2)c(Cl)c1,0.4955094,0.4955,0.7210884,0.7211,0.7245383,-9.3900,1.0000000,1.0000,[],98
4.4237,18.4623,63.0845,0.6370842,CCc1ccccc1C1CCCN1C(=O)CNC(=O)c1ccc2cc(F)ccc2n1,1,COc1ccc([C@H](C)NC(=O)[C@@H]2C[C@@H](O)CN2C(=O)CNC(=O)c2ccc3cc(F)ccc3n2)c(Cl)c1,0.6971738,0.6972,0.5253165,0.5253,0.6706758,-8.8900,1.0000000,1.0000,[],99
3.7944,17.0226,64.9762,0.6406158,COc1ccccc1C1CCCN1C(=O)CNC(=O)c1ccc2cc(F)ccc2n1,1,COc1ccc([C@H](C)NC(=O)[C@@H]2C[C@@H](O)CN2C(=O)CNC(=O)c2ccc3cc(F)ccc3n2)c(Cl)c1,0.7030429,0.7030,0.5649351,0.5649,0.6511860,-8.7200,1.0000000,1.0000,[],99
2.5341,14.7124,56.7120,0.5580030,O=C(NCC(=O)N1C[C@H](O)C[C@H]1C(=O)NCCCCCc1ccccc1)c1ccc2cc(F)ccc2n1,1,COc1ccc([C@H](C)NC(=O)[C@@H]2C[C@@H](O)CN2C(=O)CNC(=O)c2ccc3cc(F)ccc3n2)c(Cl)c1,0.3662269,0.3662,0.6521739,0.6522,0.6371127,-8.6000,1.0000000,1.0000,[],99
2.2565,12.8271,70.9473,0.6544877,O=C(NCC(=O)N1C[C@H](O)C[C@H]1C(=O)NCCCCc1ccccc1)c1ccc2cc(F)ccc2n1,1,COc1ccc([C@H](C)NC(=O)[C@@H]2C[C@@H](O)CN2C(=O)CNC(=O)c2ccc3cc(F)ccc3n2)c(Cl)c1,0.3967966,0.3968,0.6687898,0.6688,0.8315229,-10.6200,1.0000000,1.0000,[],99
2.7202,9.7543,74.0864,0.6550056,O=C(NCC(=O)N1C[C@H](O)C[C@H]1C(=O)NCCCc1ccccc1)c1ccc2cc(F)ccc2n1,1,COc1ccc([C@H](C)NC(=O)[C@@H]2C[C@@H](O)CN2C(=O)CNC(=O)c2ccc3cc(F)ccc3n2)c(Cl)c1,0.4278657,0.4279,0.6862745,0.6863,0.7917488,-10.1100,1.0000000,1.0000,[],99
2.3149,4.3567,79.8798,0.6580983,O=C(NCC(=O)N1C[C@H](O)C[C@H]1C(=O)NCc1cccc(Cl)c1)c1ccc2cc(F)ccc2n1,1,COc1ccc([C@H](C)NC(=O)[C@@H]2C[C@@H](O)CN2C(=O)CNC(=O)c2ccc3cc(F)ccc3n2)c(Cl)c1,0.4955094,0.4955,0.7210884,0.7211,0.7245383,-9.3900,1.0000000,1.0000,[],99
2.4850,5.2558,77.0136,0.6427296,O=C(NCC(=O)N1C[C@H](O)C[C@H]1C(=O)NCc1ccccc1)c1ccc2cc(F)ccc2n1,1,COc1ccc([C@H](C)NC(=O)[C@@H]2C[C@@H](O)CN2C(=O)CNC(=O)c2ccc3cc(F)ccc3n2)c(Cl)c1,0.5255299,0.5255,0.7006803,0.7007,0.6807660,-8.9800,1.0000000,1.0000,[],99
3.7114,17.0226,64.9762,0.6406158,COc1ccccc1C1CCCN1C(=O)CNC(=O)c1ccc2cc(F)ccc2n1,1,COc1ccc([C@H](C)NC(=O)[C@@H]2C[C@@H](O)CN2C(=O)CNC(=O)c2ccc3cc(F)ccc3n2)c(Cl)c1,0.7030429,0.7030,0.5649351,0.5649,0.6511860,-8.7200,1.0000000,1.0000,[],100
2.1495,12.8271,70.9473,0.6544877,O=C(NCC(=O)N1C[C@H](O)C[C@H]1C(=O)NCCCCc1ccccc1)c1ccc2cc(F)ccc2n1,1,COc1ccc([C@H](C)NC(=O)[C@@H]2C[C@@H](O)CN2C(=O)CNC(=O)c2ccc3cc(F)ccc3n2)c(Cl)c1,0.3967966,0.3968,0.6687898,0.6688,0.8315229,-10.6200,1.0000000,1.0000,[],100
4.9222,14.7494,60.4192,0.5872546,O=C(NCC(=O)N1C[C@H](O)C[C@H]1C(=O)NCCCOCc1ccccc1)c1ccc2cc(F)ccc2n1,1,COc1ccc([C@H](C)NC(=O)[C@@H]2C[C@@H](O)CN2C(=O)CNC(=O)c2ccc3cc(F)ccc3n2)c(Cl)c1,0.3593140,0.3593,0.6625000,0.6625,0.7068428,-9.2200,1.0000000,1.0000,[],100
2.6258,9.7543,74.0864,0.6550056,O=C(NCC(=O)N1C[C@H](O)C[C@H]1C(=O)NCCCc1ccccc1)c1ccc2cc(F)ccc2n1,1,COc1ccc([C@H](C)NC(=O)[C@@H]2C[C@@H](O)CN2C(=O)CNC(=O)c2ccc3cc(F)ccc3n2)c(Cl)c1,0.4278657,0.4279,0.6862745,0.6863,0.7917488,-10.1100,1.0000000,1.0000,[],100
5.0370,9.5553,55.0075,0.5043969,O=C(NCC(=O)N1C[C@H](O)C[C@H]1C(=O)NCCO)c1ccc2cc(F)ccc2n1,1,COc1ccc([C@H](C)NC(=O)[C@@H]2C[C@@H](O)CN2C(=O)CNC(=O)c2ccc3cc(F)ccc3n2)c(Cl)c1,0.4972085,0.4972,0.6642857,0.6643,0.4426883,-7.0500,1.0000000,1.0000,[],100
2.1574,7.3304,72.3546,0.6225395,O=C(NCC(=O)N1C[C@H](O)C[C@H]1C(=O)NCCc1ccccc1)c1ccc2cc(F)ccc2n1,1,COc1ccc([C@H](C)NC(=O)[C@@H]2C[C@@H](O)CN2C(=O)CNC(=O)c2ccc3cc(F)ccc3n2)c(Cl)c1,0.4898709,0.4899,0.6933333,0.6933,0.6650005,-8.8400,1.0000000,1.0000,[],100
2.4411,5.2558,77.0136,0.6427296,O=C(NCC(=O)N1C[C@H](O)C[C@H]1C(=O)NCc1ccccc1)c1ccc2cc(F)ccc2n1,1,COc1ccc([C@H](C)NC(=O)[C@@H]2C[C@@H](O)CN2C(=O)CNC(=O)c2ccc3cc(F)ccc3n2)c(Cl)c1,0.5255299,0.5255,0.7006803,0.7007,0.6807660,-8.9800,1.0000000,1.0000,[],100
4.7664,18.2191,67.9322,0.6730575,O=C(NCC(=O)N1C[C@H](O)C[C@H]1C(=O)c1ccccc1)c1ccc2cc(F)ccc2n1,1,COc1ccc([C@H](C)NC(=O)[C@@H]2C[C@@H](O)CN2C(=O)CNC(=O)c2ccc3cc(F)ccc3n2)c(Cl)c1,0.6137592,0.6138,0.6351351,0.6351,0.7255583,-9.4000,1.0000000,1.0000,[],100
3.7142,16.1442,63.7490,0.6241660,COCc1ccccc1C1CCCN1C(=O)CNC(=O)c1ccc2cc(F)ccc2n1,1,COc1ccc([C@H](C)NC(=O)[C@@H]2C[C@@H](O)CN2C(=O)CNC(=O)c2ccc3cc(F)ccc3n2)c(Cl)c1,0.6600770,0.6601,0.5217391,0.5217,0.6638596,-8.8300,1.0000000,1.0000,[],101
3.5375,16.1080,69.0156,0.6650282,Cc1ccccc1C1CCCN1C(=O)CNC(=O)c1ccc2cc(F)ccc2n1,1,COc1ccc([C@H](C)NC(=O)[C@@H]2C[C@@H](O)CN2C(=O)CNC(=O)c2ccc3cc(F)ccc3n2)c(Cl)c1,0.7363439,0.7363,0.5192308,0.5192,0.7152528,-9.3000,1.0000000,1.0000,[],101
2.9047,14.7124,56.7120,0.5580030,O=C(NCC(=O)N1C[C@H](O)C[C@H]1C(=O)NCCCCCc1ccccc1)c1ccc2cc(F)ccc2n1,1,COc1ccc([C@H](C)NC(=O)[C@@H]2C[C@@H](O)CN2C(=O)CNC(=O)c2ccc3cc(F)ccc3n2)c(Cl)c1,0.3662269,0.3662,0.6521739,0.6522,0.6371127,-8.6000,1.0000000,1.0000,[],101
2.0631,12.8271,70.9473,0.6544877,O=C(NCC(=O)N1C[C@H](O)C[C@H]1C(=O)NCCCCc1ccccc1)c1ccc2cc(F)ccc2n1,1,COc1ccc([C@H](C)NC(=O)[C@@H]2C[C@@H](O)CN2C(=O)CNC(=O)c2ccc3cc(F)ccc3n2)c(Cl)c1,0.3967966,0.3968,0.6687898,0.6688,0.8315229,-10.6200,1.0000000,1.0000,[],101
3.2833,16.9585,54.7905,0.5605388,O=C(NCC(=O)N1C[C@H](O)C[C@H]1C(=O)NCCCNc1ccccc1)c1ccc2cc(F)ccc2n1,1,COc1ccc([C@H](C)NC(=O)[C@@H]2C[C@@H](O)CN2C(=O)CNC(=O)c2ccc3cc(F)ccc3n2)c(Cl)c1,0.3365426,0.3365,0.6477987,0.6478,0.6729321,-8.9100,1.0000000,1.0000,[],101
2.5142,9.7543,74.0864,0.6550056,O=C(NCC(=O)N1C[C@H](O)C[C@H]1C(=O)NCCCc1ccccc1)c1ccc2cc(F)ccc2n1,1,COc1ccc([C@H](C)NC(=O)[C@@H]2C[C@@H](O)CN2C(=O)CNC(=O)c2ccc3cc(F)ccc3n2)c(Cl)c1,0.4278657,0.4279,0.6862745,0.6863,0.7917488,-10.1100,1.0000000,1.0000,[],101
4.5733,13.8170,63.4732,0.6038297,O=C(NCC(=O)N1C[C@H](O)C[C@H]1C(=O)NCCOCc1ccccc1)c1ccc2cc(F)ccc2n1,1,COc1ccc([C@H](C)NC(=O)[C@@H]2C[C@@H](O)CN2C(=O)CNC(=O)c2ccc3cc(F)ccc3n2)c(Cl)c1,0.3869517,0.3870,0.6794872,0.6795,0.7110660,-9.2600,1.0000000,1.0000,[],101
3.0449,6.6160,76.8523,0.6520963,O=C(NCC(=O)N1C[C@H](O)C[C@H]1C(=O)NCc1ccc(Cl)cc1)c1ccc2cc(F)ccc2n1,1,COc1ccc([C@H](C)NC(=O)[C@@H]2C[C@@H](O)CN2C(=O)CNC(=O)c2ccc3cc(F)ccc3n2)c(Cl)c1,0.4955094,0.4955,0.7260274,0.7260,0.7089589,-9.2400,1.0000000,1.0000,[],101
2.3697,5.2558,77.0136,0.6427296,O=C(NCC(=O)N1C[C@H](O)C[C@H]1C(=O)NCc1ccccc1)c1ccc2cc(F)ccc2n1,1,COc1ccc([C@H](C)NC(=O)[C@@H]2C[C@@H](O)CN2C(=O)CNC(=O)c2ccc3cc(F)ccc3n2)c(Cl)c1,0.5255299,0.5255,0.7006803,0.7007,0.6807660,-8.9800,1.0000000,1.0000,[],101
3.7118,16.1442,63.7490,0.6241660,COCc1ccccc1C1CCCN1C(=O)CNC(=O)c1ccc2cc(F)ccc2n1,1,COc1ccc([C@H](C)NC(=O)[C@@H]2C[C@@H](O)CN2C(=O)CNC(=O)c2ccc3cc(F)ccc3n2)c(Cl)c1,0.6600770,0.6601,0.5217391,0.5217,0.6638596,-8.8300,1.0000000,1.0000,[],102
3.5284,16.1080,69.0156,0.6650282,Cc1ccccc1C1CCCN1C(=O)CNC(=O)c1ccc2cc(F)ccc2n1,1,COc1ccc([C@H](C)NC(=O)[C@@H]2C[C@@H](O)CN2C(=O)CNC(=O)c2ccc3cc(F)ccc3n2)c(Cl)c1,0.7363439,0.7363,0.5192308,0.5192,0.7152528,-9.3000,1.0000000,1.0000,[],102
3.0067,14.7124,56.7120,0.5580030,O=C(NCC(=O)N1C[C@H](O)C[C@H]1C(=O)NCCCCCc1ccccc1)c1ccc2cc(F)ccc2n1,1,COc1ccc([C@H](C)NC(=O)[C@@H]2C[C@@H](O)CN2C(=O)CNC(=O)c2ccc3cc(F)ccc3n2)c(Cl)c1,0.3662269,0.3662,0.6521739,0.6522,0.6371127,-8.6000,1.0000000,1.0000,[],102
1.9656,12.8271,70.9473,0.6544877,O=C(NCC(=O)N1C[C@H](O)C[C@H]1C(=O)NCCCCc1ccccc1)c1ccc2cc(F)ccc2n1,1,COc1ccc([C@H](C)NC(=O)[C@@H]2C[C@@H](O)CN2C(=O)CNC(=O)c2ccc3cc(F)ccc3n2)c(Cl)c1,0.3967966,0.3968,0.6687898,0.6688,0.8315229,-10.6200,1.0000000,1.0000,[],102
3.0860,9.3781,56.0339,0.5110312,O=C(NCC(=O)N1C[C@H](O)C[C@H]1C(=O)NCCCO)c1ccc2cc(F)ccc2n1,1,COc1ccc([C@H](C)NC(=O)[C@@H]2C[C@@H](O)CN2C(=O)CNC(=O)c2ccc3cc(F)ccc3n2)c(Cl)c1,0.4511708,0.4512,0.6573427,0.6573,0.4795440,-7.3400,1.0000000,1.0000,[],102
2.3809,4.3567,79.8798,0.6580983,O=C(NCC(=O)N1C[C@H](O)C[C@H]1C(=O)NCc1cccc(Cl)c1)c1ccc2cc(F)ccc2n1,1,COc1ccc([C@H](C)NC(=O)[C@@H]2C[C@@H](O)CN2C(=O)CNC(=O)c2ccc3cc(F)ccc3n2)c(Cl)c1,0.4955094,0.4955,0.7210884,0.7211,0.7245383,-9.3900,1.0000000,1.0000,[],102
2.3346,5.2558,77.0136,0.6427296,O=C(NCC(=O)N1C[C@H](O)C[C@H]1C(=O)NCc1ccccc1)c1ccc2cc(F)ccc2n1,1,COc1ccc([C@H](C)NC(=O)[C@@H]2C[C@@H](O)CN2C(=O)CNC(=O)c2ccc3cc(F)ccc3n2)c(Cl)c1,0.5255299,0.5255,0.7006803,0.7007,0.6807660,-8.9800,1.0000000,1.0000,[],102
