Agent,Prior,Target,Score,SMILES,SMILES_state,Input_SMILES,QED,QED (raw),TanimotoDistance,TanimotoDistance (raw),maize,maize (raw),Unwanted SMARTS,Unwanted SMARTS (raw),matchting_patterns (Unwanted SMARTS),step
4.0491,4.0491,80.4208,0.6599210,CC(C)C(NC(=O)[C@@H]1C[C@@H](O)CN1C(=O)CNC(=O)c1ccc2cc(F)ccc2n1)c1ccccc1,1,COc1ccc([C@H](C)NC(=O)[C@@H]2C[C@@H](O)CN2C(=O)CNC(=O)c2ccc3cc(F)ccc3n2)c(Cl)c1,0.4695327,0.4695,0.7364865,0.7365,0.7405742,-9.5500,1.0000000,1.0000,[],1
4.5815,4.5815,87.6685,0.7207036,CC(NC(=O)[C@@H]1C[C@@H](O)CN1C(=O)CNC(=O)c1ccc2cc(F)ccc2n1)c1ccccc1,1,COc1ccc([C@H](C)NC(=O)[C@@H]2C[C@@H](O)CN2C(=O)CNC(=O)c2ccc3cc(F)ccc3n2)c(Cl)c1,0.5163857,0.5164,0.7746479,0.7746,0.8212476,-10.4800,1.0000000,1.0000,[],1
4.2698,4.2698,85.5899,0.7020291,C[C@@H](NC(=O)[C@@H]1C[C@@H](O)CN1C(=O)CNC(=O)c1ccc2cc(F)ccc2n1)c1ccc(Cl)cc1,1,COc1ccc([C@H](C)NC(=O)[C@@H]2C[C@@H](O)CN2C(=O)CNC(=O)c2ccc3cc(F)ccc3n2)c(Cl)c1,0.4834885,0.4835,0.8014184,0.8014,0.7917488,-10.1100,1.0000000,1.0000,[],1
2.9778,2.9778,80.7365,0.6540182,C[C@@H](NC(=O)[C@@H]1C[C@@H](O)CN1C(=O)CNC(=O)c1ccc2cc(F)ccc2n1)c1ccccc1,1,COc1ccc([C@H](C)NC(=O)[C@@H]2C[C@@H](O)CN2C(=O)CNC(=O)c2ccc3cc(F)ccc3n2)c(Cl)c1,0.5163857,0.5164,0.7746479,0.7746,0.6763016,-8.9400,1.0000000,1.0000,[],1
3.4014,3.4014,78.9213,0.6431466,O=C(NCC(=O)N1C[C@H](O)C[C@H]1C(=O)NC1CCCCC1)c1ccc2cc(F)ccc2n1,1,COc1ccc([C@H](C)NC(=O)[C@@H]2C[C@@H](O)CN2C(=O)CNC(=O)c2ccc3cc(F)ccc3n2)c(Cl)c1,0.6501268,0.6501,0.6184211,0.6184,0.6523473,-8.7300,1.0000000,1.0000,[],1
4.3193,4.3193,77.1913,0.6368017,O=C(NCC(=O)N1C[C@H](O)C[C@H]1C(=O)NCc1ccc(Cl)c(Cl)c1)c1ccc2cc(F)ccc2n1,1,COc1ccc([C@H](C)NC(=O)[C@@H]2C[C@@H](O)CN2C(=O)CNC(=O)c2ccc3cc(F)ccc3n2)c(Cl)c1,0.4640416,0.4640,0.7114094,0.7114,0.7057813,-9.2100,1.0000000,1.0000,[],1
3.8934,3.8934,81.8078,0.6695402,O=C(NCC(=O)N1C[C@H](O)C[C@H]1C(=O)NCc1ccc(Cl)cc1)c1ccc2cc(F)ccc2n1,1,COc1ccc([C@H](C)NC(=O)[C@@H]2C[C@@H](O)CN2C(=O)CNC(=O)c2ccc3cc(F)ccc3n2)c(Cl)c1,0.4955094,0.4955,0.7260274,0.7260,0.7473962,-9.6200,1.0000000,1.0000,[],1
3.2004,3.2004,79.0450,0.6425422,O=C(NCC(=O)N1C[C@H](O)C[C@H]1C(=O)NCc1cccc(Cl)c1)c1ccc2cc(F)ccc2n1,1,COc1ccc([C@H](C)NC(=O)[C@@H]2C[C@@H](O)CN2C(=O)CNC(=O)c2ccc3cc(F)ccc3n2)c(Cl)c1,0.4955094,0.4955,0.7210884,0.7211,0.6906898,-9.0700,1.0000000,1.0000,[],1
4.2413,4.2413,74.0626,0.6117486,O=C(NCC(=O)N1C[C@H](O)C[C@H]1C(=O)N[C@@H](CO)c1cccc(Cl)c1)c1ccc2cc(F)ccc2n1,1,COc1ccc([C@H](C)NC(=O)[C@@H]2C[C@@H](O)CN2C(=O)CNC(=O)c2ccc3cc(F)ccc3n2)c(Cl)c1,0.3782864,0.3783,0.7432432,0.7432,0.7057813,-9.2100,1.0000000,1.0000,[],1
4.0500,4.0500,75.0946,0.6183172,O=C(NCC(=O)N1CCC[C@H]1C(=O)NCc1ccc(Cl)c(Cl)c1)c1ccc2ccccc2n1,1,COc1ccc([C@H](C)NC(=O)[C@@H]2C[C@@H](O)CN2C(=O)CNC(=O)c2ccc3cc(F)ccc3n2)c(Cl)c1,0.5586902,0.5587,0.5398773,0.5399,0.6961287,-9.1200,1.0000000,1.0000,[],1
3.1442,4.0491,80.4208,0.6599210,CC(C)C(NC(=O)[C@@H]1C[C@@H](O)CN1C(=O)CNC(=O)c1ccc2cc(F)ccc2n1)c1ccccc1,1,COc1ccc([C@H](C)NC(=O)[C@@H]2C[C@@H](O)CN2C(=O)CNC(=O)c2ccc3cc(F)ccc3n2)c(Cl)c1,0.4695327,0.4695,0.7364865,0.7365,0.7405742,-9.5500,1.0000000,1.0000,[],2
2.8289,4.8186,79.3090,0.6572468,CC(NC(=O)[C@@H]1C[C@@H](O)CN1C(=O)CNC(=O)c1ccc2cc(F)ccc2n1)c1ccc(Cl)cc1,1,COc1ccc([C@H](C)NC(=O)[C@@H]2C[C@@H](O)CN2C(=O)CNC(=O)c2ccc3cc(F)ccc3n2)c(Cl)c1,0.4834885,0.4835,0.8014184,0.8014,0.6939597,-9.1000,1.0000000,1.0000,[],2
3.7197,4.5815,87.6685,0.7207036,CC(NC(=O)[C@@H]1C[C@@H](O)CN1C(=O)CNC(=O)c1ccc2cc(F)ccc2n1)c1ccccc1,1,COc1ccc([C@H](C)NC(=O)[C@@H]2C[C@@H](O)CN2C(=O)CNC(=O)c2ccc3cc(F)ccc3n2)c(Cl)c1,0.5163857,0.5164,0.7746479,0.7746,0.8212476,-10.4800,1.0000000,1.0000,[],2
2.6693,4.2698,85.5899,0.7020291,C[C@@H](NC(=O)[C@@H]1C[C@@H](O)CN1C(=O)CNC(=O)c1ccc2cc(F)ccc2n1)c1ccc(Cl)cc1,1,COc1ccc([C@H](C)NC(=O)[C@@H]2C[C@@H](O)CN2C(=O)CNC(=O)c2ccc3cc(F)ccc3n2)c(Cl)c1,0.4834885,0.4835,0.8014184,0.8014,0.7917488,-10.1100,1.0000000,1.0000,[],2
3.8288,3.4014,78.9213,0.6431466,O=C(NCC(=O)N1C[C@H](O)C[C@H]1C(=O)NC1CCCCC1)c1ccc2cc(F)ccc2n1,1,COc1ccc([C@H](C)NC(=O)[C@@H]2C[C@@H](O)CN2C(=O)CNC(=O)c2ccc3cc(F)ccc3n2)c(Cl)c1,0.6501268,0.6501,0.6184211,0.6184,0.6523473,-8.7300,1.0000000,1.0000,[],2
1.3364,4.3193,77.1913,0.6368017,O=C(NCC(=O)N1C[C@H](O)C[C@H]1C(=O)NCc1ccc(Cl)c(Cl)c1)c1ccc2cc(F)ccc2n1,1,COc1ccc([C@H](C)NC(=O)[C@@H]2C[C@@H](O)CN2C(=O)CNC(=O)c2ccc3cc(F)ccc3n2)c(Cl)c1,0.4640416,0.4640,0.7114094,0.7114,0.7057813,-9.2100,1.0000000,1.0000,[],2
1.9892,3.8934,81.8078,0.6695402,O=C(NCC(=O)N1C[C@H](O)C[C@H]1C(=O)NCc1ccc(Cl)cc1)c1ccc2cc(F)ccc2n1,1,COc1ccc([C@H](C)NC(=O)[C@@H]2C[C@@H](O)CN2C(=O)CNC(=O)c2ccc3cc(F)ccc3n2)c(Cl)c1,0.4955094,0.4955,0.7260274,0.7260,0.7473962,-9.6200,1.0000000,1.0000,[],2
3.6563,3.2004,79.0450,0.6425422,O=C(NCC(=O)N1C[C@H](O)C[C@H]1C(=O)NCc1cccc(Cl)c1)c1ccc2cc(F)ccc2n1,1,COc1ccc([C@H](C)NC(=O)[C@@H]2C[C@@H](O)CN2C(=O)CNC(=O)c2ccc3cc(F)ccc3n2)c(Cl)c1,0.4955094,0.4955,0.7210884,0.7211,0.6906898,-9.0700,1.0000000,1.0000,[],2
2.8852,4.2413,74.0626,0.6117486,O=C(NCC(=O)N1C[C@H](O)C[C@H]1C(=O)N[C@@H](CO)c1cccc(Cl)c1)c1ccc2cc(F)ccc2n1,1,COc1ccc([C@H](C)NC(=O)[C@@H]2C[C@@H](O)CN2C(=O)CNC(=O)c2ccc3cc(F)ccc3n2)c(Cl)c1,0.3782864,0.3783,0.7432432,0.7432,0.7057813,-9.2100,1.0000000,1.0000,[],2
3.6924,4.6734,72.1043,0.5998256,O=C(NCC(=O)N1C[C@H](O)C[C@H]1C(=O)N[C@H](CO)c1cccc(Cl)c1)c1ccc2cc(F)ccc2n1,1,COc1ccc([C@H](C)NC(=O)[C@@H]2C[C@@H](O)CN2C(=O)CNC(=O)c2ccc3cc(F)ccc3n2)c(Cl)c1,0.3782864,0.3783,0.7432432,0.7432,0.6785380,-8.9600,1.0000000,1.0000,[],2
3.4465,4.0491,80.4208,0.6599210,CC(C)C(NC(=O)[C@@H]1C[C@@H](O)CN1C(=O)CNC(=O)c1ccc2cc(F)ccc2n1)c1ccccc1,1,COc1ccc([C@H](C)NC(=O)[C@@H]2C[C@@H](O)CN2C(=O)CNC(=O)c2ccc3cc(F)ccc3n2)c(Cl)c1,0.4695327,0.4695,0.7364865,0.7365,0.7405742,-9.5500,1.0000000,1.0000,[],3
2.6456,4.8186,79.3090,0.6572468,CC(NC(=O)[C@@H]1C[C@@H](O)CN1C(=O)CNC(=O)c1ccc2cc(F)ccc2n1)c1ccc(Cl)cc1,1,COc1ccc([C@H](C)NC(=O)[C@@H]2C[C@@H](O)CN2C(=O)CNC(=O)c2ccc3cc(F)ccc3n2)c(Cl)c1,0.4834885,0.4835,0.8014184,0.8014,0.6939597,-9.1000,1.0000000,1.0000,[],3
2.3036,4.5815,87.6685,0.7207036,CC(NC(=O)[C@@H]1C[C@@H](O)CN1C(=O)CNC(=O)c1ccc2cc(F)ccc2n1)c1ccccc1,1,COc1ccc([C@H](C)NC(=O)[C@@H]2C[C@@H](O)CN2C(=O)CNC(=O)c2ccc3cc(F)ccc3n2)c(Cl)c1,0.5163857,0.5164,0.7746479,0.7746,0.8212476,-10.4800,1.0000000,1.0000,[],3
2.5376,4.2698,85.5899,0.7020291,C[C@@H](NC(=O)[C@@H]1C[C@@H](O)CN1C(=O)CNC(=O)c1ccc2cc(F)ccc2n1)c1ccc(Cl)cc1,1,COc1ccc([C@H](C)NC(=O)[C@@H]2C[C@@H](O)CN2C(=O)CNC(=O)c2ccc3cc(F)ccc3n2)c(Cl)c1,0.4834885,0.4835,0.8014184,0.8014,0.7917488,-10.1100,1.0000000,1.0000,[],3
2.9167,3.4014,78.9213,0.6431466,O=C(NCC(=O)N1C[C@H](O)C[C@H]1C(=O)NC1CCCCC1)c1ccc2cc(F)ccc2n1,1,COc1ccc([C@H](C)NC(=O)[C@@H]2C[C@@H](O)CN2C(=O)CNC(=O)c2ccc3cc(F)ccc3n2)c(Cl)c1,0.6501268,0.6501,0.6184211,0.6184,0.6523473,-8.7300,1.0000000,1.0000,[],3
2.2591,4.3193,77.1913,0.6368017,O=C(NCC(=O)N1C[C@H](O)C[C@H]1C(=O)NCc1ccc(Cl)c(Cl)c1)c1ccc2cc(F)ccc2n1,1,COc1ccc([C@H](C)NC(=O)[C@@H]2C[C@@H](O)CN2C(=O)CNC(=O)c2ccc3cc(F)ccc3n2)c(Cl)c1,0.4640416,0.4640,0.7114094,0.7114,0.7057813,-9.2100,1.0000000,1.0000,[],3
2.0512,3.8934,81.8078,0.6695402,O=C(NCC(=O)N1C[C@H](O)C[C@H]1C(=O)NCc1ccc(Cl)cc1)c1ccc2cc(F)ccc2n1,1,COc1ccc([C@H](C)NC(=O)[C@@H]2C[C@@H](O)CN2C(=O)CNC(=O)c2ccc3cc(F)ccc3n2)c(Cl)c1,0.4955094,0.4955,0.7260274,0.7260,0.7473962,-9.6200,1.0000000,1.0000,[],3
2.8660,3.2004,79.0450,0.6425422,O=C(NCC(=O)N1C[C@H](O)C[C@H]1C(=O)NCc1cccc(Cl)c1)c1ccc2cc(F)ccc2n1,1,COc1ccc([C@H](C)NC(=O)[C@@H]2C[C@@H](O)CN2C(=O)CNC(=O)c2ccc3cc(F)ccc3n2)c(Cl)c1,0.4955094,0.4955,0.7210884,0.7211,0.6906898,-9.0700,1.0000000,1.0000,[],3
1.8626,4.2413,74.0626,0.6117486,O=C(NCC(=O)N1C[C@H](O)C[C@H]1C(=O)N[C@@H](CO)c1cccc(Cl)c1)c1ccc2cc(F)ccc2n1,1,COc1ccc([C@H](C)NC(=O)[C@@H]2C[C@@H](O)CN2C(=O)CNC(=O)c2ccc3cc(F)ccc3n2)c(Cl)c1,0.3782864,0.3783,0.7432432,0.7432,0.7057813,-9.2100,1.0000000,1.0000,[],3
2.7852,4.6734,72.1043,0.5998256,O=C(NCC(=O)N1C[C@H](O)C[C@H]1C(=O)N[C@H](CO)c1cccc(Cl)c1)c1ccc2cc(F)ccc2n1,1,COc1ccc([C@H](C)NC(=O)[C@@H]2C[C@@H](O)CN2C(=O)CNC(=O)c2ccc3cc(F)ccc3n2)c(Cl)c1,0.3782864,0.3783,0.7432432,0.7432,0.6785380,-8.9600,1.0000000,1.0000,[],3
3.2371,4.0491,80.4208,0.6599210,CC(C)C(NC(=O)[C@@H]1C[C@@H](O)CN1C(=O)CNC(=O)c1ccc2cc(F)ccc2n1)c1ccccc1,1,COc1ccc([C@H](C)NC(=O)[C@@H]2C[C@@H](O)CN2C(=O)CNC(=O)c2ccc3cc(F)ccc3n2)c(Cl)c1,0.4695327,0.4695,0.7364865,0.7365,0.7405742,-9.5500,1.0000000,1.0000,[],4
2.3848,4.8186,79.3090,0.6572468,CC(NC(=O)[C@@H]1C[C@@H](O)CN1C(=O)CNC(=O)c1ccc2cc(F)ccc2n1)c1ccc(Cl)cc1,1,COc1ccc([C@H](C)NC(=O)[C@@H]2C[C@@H](O)CN2C(=O)CNC(=O)c2ccc3cc(F)ccc3n2)c(Cl)c1,0.4834885,0.4835,0.8014184,0.8014,0.6939597,-9.1000,1.0000000,1.0000,[],4
2.1867,4.5815,87.6685,0.7207036,CC(NC(=O)[C@@H]1C[C@@H](O)CN1C(=O)CNC(=O)c1ccc2cc(F)ccc2n1)c1ccccc1,1,COc1ccc([C@H](C)NC(=O)[C@@H]2C[C@@H](O)CN2C(=O)CNC(=O)c2ccc3cc(F)ccc3n2)c(Cl)c1,0.5163857,0.5164,0.7746479,0.7746,0.8212476,-10.4800,1.0000000,1.0000,[],4
2.3722,4.2698,85.5899,0.7020291,C[C@@H](NC(=O)[C@@H]1C[C@@H](O)CN1C(=O)CNC(=O)c1ccc2cc(F)ccc2n1)c1ccc(Cl)cc1,1,COc1ccc([C@H](C)NC(=O)[C@@H]2C[C@@H](O)CN2C(=O)CNC(=O)c2ccc3cc(F)ccc3n2)c(Cl)c1,0.4834885,0.4835,0.8014184,0.8014,0.7917488,-10.1100,1.0000000,1.0000,[],4
1.8055,3.4014,78.9213,0.6431466,O=C(NCC(=O)N1C[C@H](O)C[C@H]1C(=O)NC1CCCCC1)c1ccc2cc(F)ccc2n1,1,COc1ccc([C@H](C)NC(=O)[C@@H]2C[C@@H](O)CN2C(=O)CNC(=O)c2ccc3cc(F)ccc3n2)c(Cl)c1,0.6501268,0.6501,0.6184211,0.6184,0.6523473,-8.7300,1.0000000,1.0000,[],4
3.5433,4.3193,77.1913,0.6368017,O=C(NCC(=O)N1C[C@H](O)C[C@H]1C(=O)NCc1ccc(Cl)c(Cl)c1)c1ccc2cc(F)ccc2n1,1,COc1ccc([C@H](C)NC(=O)[C@@H]2C[C@@H](O)CN2C(=O)CNC(=O)c2ccc3cc(F)ccc3n2)c(Cl)c1,0.4640416,0.4640,0.7114094,0.7114,0.7057813,-9.2100,1.0000000,1.0000,[],4
2.8785,3.8934,81.8078,0.6695402,O=C(NCC(=O)N1C[C@H](O)C[C@H]1C(=O)NCc1ccc(Cl)cc1)c1ccc2cc(F)ccc2n1,1,COc1ccc([C@H](C)NC(=O)[C@@H]2C[C@@H](O)CN2C(=O)CNC(=O)c2ccc3cc(F)ccc3n2)c(Cl)c1,0.4955094,0.4955,0.7260274,0.7260,0.7473962,-9.6200,1.0000000,1.0000,[],4
2.5733,3.2004,79.0450,0.6425422,O=C(NCC(=O)N1C[C@H](O)C[C@H]1C(=O)NCc1cccc(Cl)c1)c1ccc2cc(F)ccc2n1,1,COc1ccc([C@H](C)NC(=O)[C@@H]2C[C@@H](O)CN2C(=O)CNC(=O)c2ccc3cc(F)ccc3n2)c(Cl)c1,0.4955094,0.4955,0.7210884,0.7211,0.6906898,-9.0700,1.0000000,1.0000,[],4
1.8985,4.2413,74.0626,0.6117486,O=C(NCC(=O)N1C[C@H](O)C[C@H]1C(=O)N[C@@H](CO)c1cccc(Cl)c1)c1ccc2cc(F)ccc2n1,1,COc1ccc([C@H](C)NC(=O)[C@@H]2C[C@@H](O)CN2C(=O)CNC(=O)c2ccc3cc(F)ccc3n2)c(Cl)c1,0.3782864,0.3783,0.7432432,0.7432,0.7057813,-9.2100,1.0000000,1.0000,[],4
2.3810,4.6734,72.1043,0.5998256,O=C(NCC(=O)N1C[C@H](O)C[C@H]1C(=O)N[C@H](CO)c1cccc(Cl)c1)c1ccc2cc(F)ccc2n1,1,COc1ccc([C@H](C)NC(=O)[C@@H]2C[C@@H](O)CN2C(=O)CNC(=O)c2ccc3cc(F)ccc3n2)c(Cl)c1,0.3782864,0.3783,0.7432432,0.7432,0.6785380,-8.9600,1.0000000,1.0000,[],4
2.7760,4.0491,80.4208,0.6599210,CC(C)C(NC(=O)[C@@H]1C[C@@H](O)CN1C(=O)CNC(=O)c1ccc2cc(F)ccc2n1)c1ccccc1,1,COc1ccc([C@H](C)NC(=O)[C@@H]2C[C@@H](O)CN2C(=O)CNC(=O)c2ccc3cc(F)ccc3n2)c(Cl)c1,0.4695327,0.4695,0.7364865,0.7365,0.7405742,-9.5500,1.0000000,1.0000,[],5
2.0074,4.8186,79.3090,0.6572468,CC(NC(=O)[C@@H]1C[C@@H](O)CN1C(=O)CNC(=O)c1ccc2cc(F)ccc2n1)c1ccc(Cl)cc1,1,COc1ccc([C@H](C)NC(=O)[C@@H]2C[C@@H](O)CN2C(=O)CNC(=O)c2ccc3cc(F)ccc3n2)c(Cl)c1,0.4834885,0.4835,0.8014184,0.8014,0.6939597,-9.1000,1.0000000,1.0000,[],5
2.5086,4.5815,87.6685,0.7207036,CC(NC(=O)[C@@H]1C[C@@H](O)CN1C(=O)CNC(=O)c1ccc2cc(F)ccc2n1)c1ccccc1,1,COc1ccc([C@H](C)NC(=O)[C@@H]2C[C@@H](O)CN2C(=O)CNC(=O)c2ccc3cc(F)ccc3n2)c(Cl)c1,0.5163857,0.5164,0.7746479,0.7746,0.8212476,-10.4800,1.0000000,1.0000,[],5
2.3634,4.2698,85.5899,0.7020291,C[C@@H](NC(=O)[C@@H]1C[C@@H](O)CN1C(=O)CNC(=O)c1ccc2cc(F)ccc2n1)c1ccc(Cl)cc1,1,COc1ccc([C@H](C)NC(=O)[C@@H]2C[C@@H](O)CN2C(=O)CNC(=O)c2ccc3cc(F)ccc3n2)c(Cl)c1,0.4834885,0.4835,0.8014184,0.8014,0.7917488,-10.1100,1.0000000,1.0000,[],5
2.0878,3.4014,78.9213,0.6431466,O=C(NCC(=O)N1C[C@H](O)C[C@H]1C(=O)NC1CCCCC1)c1ccc2cc(F)ccc2n1,1,COc1ccc([C@H](C)NC(=O)[C@@H]2C[C@@H](O)CN2C(=O)CNC(=O)c2ccc3cc(F)ccc3n2)c(Cl)c1,0.6501268,0.6501,0.6184211,0.6184,0.6523473,-8.7300,1.0000000,1.0000,[],5
2.9444,4.3193,77.1913,0.6368017,O=C(NCC(=O)N1C[C@H](O)C[C@H]1C(=O)NCc1ccc(Cl)c(Cl)c1)c1ccc2cc(F)ccc2n1,1,COc1ccc([C@H](C)NC(=O)[C@@H]2C[C@@H](O)CN2C(=O)CNC(=O)c2ccc3cc(F)ccc3n2)c(Cl)c1,0.4640416,0.4640,0.7114094,0.7114,0.7057813,-9.2100,1.0000000,1.0000,[],5
2.6756,3.8934,81.8078,0.6695402,O=C(NCC(=O)N1C[C@H](O)C[C@H]1C(=O)NCc1ccc(Cl)cc1)c1ccc2cc(F)ccc2n1,1,COc1ccc([C@H](C)NC(=O)[C@@H]2C[C@@H](O)CN2C(=O)CNC(=O)c2ccc3cc(F)ccc3n2)c(Cl)c1,0.4955094,0.4955,0.7260274,0.7260,0.7473962,-9.6200,1.0000000,1.0000,[],5
2.1209,3.2004,79.0450,0.6425422,O=C(NCC(=O)N1C[C@H](O)C[C@H]1C(=O)NCc1cccc(Cl)c1)c1ccc2cc(F)ccc2n1,1,COc1ccc([C@H](C)NC(=O)[C@@H]2C[C@@H](O)CN2C(=O)CNC(=O)c2ccc3cc(F)ccc3n2)c(Cl)c1,0.4955094,0.4955,0.7210884,0.7211,0.6906898,-9.0700,1.0000000,1.0000,[],5
2.2884,4.2413,74.0626,0.6117486,O=C(NCC(=O)N1C[C@H](O)C[C@H]1C(=O)N[C@@H](CO)c1cccc(Cl)c1)c1ccc2cc(F)ccc2n1,1,COc1ccc([C@H](C)NC(=O)[C@@H]2C[C@@H](O)CN2C(=O)CNC(=O)c2ccc3cc(F)ccc3n2)c(Cl)c1,0.3782864,0.3783,0.7432432,0.7432,0.7057813,-9.2100,1.0000000,1.0000,[],5
2.3415,4.6734,72.1043,0.5998256,O=C(NCC(=O)N1C[C@H](O)C[C@H]1C(=O)N[C@H](CO)c1cccc(Cl)c1)c1ccc2cc(F)ccc2n1,1,COc1ccc([C@H](C)NC(=O)[C@@H]2C[C@@H](O)CN2C(=O)CNC(=O)c2ccc3cc(F)ccc3n2)c(Cl)c1,0.3782864,0.3783,0.7432432,0.7432,0.6785380,-8.9600,1.0000000,1.0000,[],5
2.2532,4.0491,80.4208,0.6599210,CC(C)C(NC(=O)[C@@H]1C[C@@H](O)CN1C(=O)CNC(=O)c1ccc2cc(F)ccc2n1)c1ccccc1,1,COc1ccc([C@H](C)NC(=O)[C@@H]2C[C@@H](O)CN2C(=O)CNC(=O)c2ccc3cc(F)ccc3n2)c(Cl)c1,0.4695327,0.4695,0.7364865,0.7365,0.7405742,-9.5500,1.0000000,1.0000,[],6
2.1696,4.8186,79.3090,0.6572468,CC(NC(=O)[C@@H]1C[C@@H](O)CN1C(=O)CNC(=O)c1ccc2cc(F)ccc2n1)c1ccc(Cl)cc1,1,COc1ccc([C@H](C)NC(=O)[C@@H]2C[C@@H](O)CN2C(=O)CNC(=O)c2ccc3cc(F)ccc3n2)c(Cl)c1,0.4834885,0.4835,0.8014184,0.8014,0.6939597,-9.1000,1.0000000,1.0000,[],6
2.5013,4.5815,87.6685,0.7207036,CC(NC(=O)[C@@H]1C[C@@H](O)CN1C(=O)CNC(=O)c1ccc2cc(F)ccc2n1)c1ccccc1,1,COc1ccc([C@H](C)NC(=O)[C@@H]2C[C@@H](O)CN2C(=O)CNC(=O)c2ccc3cc(F)ccc3n2)c(Cl)c1,0.5163857,0.5164,0.7746479,0.7746,0.8212476,-10.4800,1.0000000,1.0000,[],6
2.4153,4.2698,85.5899,0.7020291,C[C@@H](NC(=O)[C@@H]1C[C@@H](O)CN1C(=O)CNC(=O)c1ccc2cc(F)ccc2n1)c1ccc(Cl)cc1,1,COc1ccc([C@H](C)NC(=O)[C@@H]2C[C@@H](O)CN2C(=O)CNC(=O)c2ccc3cc(F)ccc3n2)c(Cl)c1,0.4834885,0.4835,0.8014184,0.8014,0.7917488,-10.1100,1.0000000,1.0000,[],6
2.7582,3.4014,78.9213,0.6431466,O=C(NCC(=O)N1C[C@H](O)C[C@H]1C(=O)NC1CCCCC1)c1ccc2cc(F)ccc2n1,1,COc1ccc([C@H](C)NC(=O)[C@@H]2C[C@@H](O)CN2C(=O)CNC(=O)c2ccc3cc(F)ccc3n2)c(Cl)c1,0.6501268,0.6501,0.6184211,0.6184,0.6523473,-8.7300,1.0000000,1.0000,[],6
2.1218,4.3193,77.1913,0.6368017,O=C(NCC(=O)N1C[C@H](O)C[C@H]1C(=O)NCc1ccc(Cl)c(Cl)c1)c1ccc2cc(F)ccc2n1,1,COc1ccc([C@H](C)NC(=O)[C@@H]2C[C@@H](O)CN2C(=O)CNC(=O)c2ccc3cc(F)ccc3n2)c(Cl)c1,0.4640416,0.4640,0.7114094,0.7114,0.7057813,-9.2100,1.0000000,1.0000,[],6
2.4222,3.8934,81.8078,0.6695402,O=C(NCC(=O)N1C[C@H](O)C[C@H]1C(=O)NCc1ccc(Cl)cc1)c1ccc2cc(F)ccc2n1,1,COc1ccc([C@H](C)NC(=O)[C@@H]2C[C@@H](O)CN2C(=O)CNC(=O)c2ccc3cc(F)ccc3n2)c(Cl)c1,0.4955094,0.4955,0.7260274,0.7260,0.7473962,-9.6200,1.0000000,1.0000,[],6
2.0099,3.2004,79.0450,0.6425422,O=C(NCC(=O)N1C[C@H](O)C[C@H]1C(=O)NCc1cccc(Cl)c1)c1ccc2cc(F)ccc2n1,1,COc1ccc([C@H](C)NC(=O)[C@@H]2C[C@@H](O)CN2C(=O)CNC(=O)c2ccc3cc(F)ccc3n2)c(Cl)c1,0.4955094,0.4955,0.7210884,0.7211,0.6906898,-9.0700,1.0000000,1.0000,[],6
2.6885,4.2413,74.0626,0.6117486,O=C(NCC(=O)N1C[C@H](O)C[C@H]1C(=O)N[C@@H](CO)c1cccc(Cl)c1)c1ccc2cc(F)ccc2n1,1,COc1ccc([C@H](C)NC(=O)[C@@H]2C[C@@H](O)CN2C(=O)CNC(=O)c2ccc3cc(F)ccc3n2)c(Cl)c1,0.3782864,0.3783,0.7432432,0.7432,0.7057813,-9.2100,1.0000000,1.0000,[],6
2.4450,4.6734,72.1043,0.5998256,O=C(NCC(=O)N1C[C@H](O)C[C@H]1C(=O)N[C@H](CO)c1cccc(Cl)c1)c1ccc2cc(F)ccc2n1,1,COc1ccc([C@H](C)NC(=O)[C@@H]2C[C@@H](O)CN2C(=O)CNC(=O)c2ccc3cc(F)ccc3n2)c(Cl)c1,0.3782864,0.3783,0.7432432,0.7432,0.6785380,-8.9600,1.0000000,1.0000,[],6
1.9579,4.0491,80.4208,0.6599210,CC(C)C(NC(=O)[C@@H]1C[C@@H](O)CN1C(=O)CNC(=O)c1ccc2cc(F)ccc2n1)c1ccccc1,1,COc1ccc([C@H](C)NC(=O)[C@@H]2C[C@@H](O)CN2C(=O)CNC(=O)c2ccc3cc(F)ccc3n2)c(Cl)c1,0.4695327,0.4695,0.7364865,0.7365,0.7405742,-9.5500,1.0000000,1.0000,[],7
2.5975,4.8186,79.3090,0.6572468,CC(NC(=O)[C@@H]1C[C@@H](O)CN1C(=O)CNC(=O)c1ccc2cc(F)ccc2n1)c1ccc(Cl)cc1,1,COc1ccc([C@H](C)NC(=O)[C@@H]2C[C@@H](O)CN2C(=O)CNC(=O)c2ccc3cc(F)ccc3n2)c(Cl)c1,0.4834885,0.4835,0.8014184,0.8014,0.6939597,-9.1000,1.0000000,1.0000,[],7
2.3295,4.5815,87.6685,0.7207036,CC(NC(=O)[C@@H]1C[C@@H](O)CN1C(=O)CNC(=O)c1ccc2cc(F)ccc2n1)c1ccccc1,1,COc1ccc([C@H](C)NC(=O)[C@@H]2C[C@@H](O)CN2C(=O)CNC(=O)c2ccc3cc(F)ccc3n2)c(Cl)c1,0.5163857,0.5164,0.7746479,0.7746,0.8212476,-10.4800,1.0000000,1.0000,[],7
2.4174,4.2698,85.5899,0.7020291,C[C@@H](NC(=O)[C@@H]1C[C@@H](O)CN1C(=O)CNC(=O)c1ccc2cc(F)ccc2n1)c1ccc(Cl)cc1,1,COc1ccc([C@H](C)NC(=O)[C@@H]2C[C@@H](O)CN2C(=O)CNC(=O)c2ccc3cc(F)ccc3n2)c(Cl)c1,0.4834885,0.4835,0.8014184,0.8014,0.7917488,-10.1100,1.0000000,1.0000,[],7
2.9722,3.4014,78.9213,0.6431466,O=C(NCC(=O)N1C[C@H](O)C[C@H]1C(=O)NC1CCCCC1)c1ccc2cc(F)ccc2n1,1,COc1ccc([C@H](C)NC(=O)[C@@H]2C[C@@H](O)CN2C(=O)CNC(=O)c2ccc3cc(F)ccc3n2)c(Cl)c1,0.6501268,0.6501,0.6184211,0.6184,0.6523473,-8.7300,1.0000000,1.0000,[],7
1.8786,4.3193,77.1913,0.6368017,O=C(NCC(=O)N1C[C@H](O)C[C@H]1C(=O)NCc1ccc(Cl)c(Cl)c1)c1ccc2cc(F)ccc2n1,1,COc1ccc([C@H](C)NC(=O)[C@@H]2C[C@@H](O)CN2C(=O)CNC(=O)c2ccc3cc(F)ccc3n2)c(Cl)c1,0.4640416,0.4640,0.7114094,0.7114,0.7057813,-9.2100,1.0000000,1.0000,[],7
2.2736,3.8934,81.8078,0.6695402,O=C(NCC(=O)N1C[C@H](O)C[C@H]1C(=O)NCc1ccc(Cl)cc1)c1ccc2cc(F)ccc2n1,1,COc1ccc([C@H](C)NC(=O)[C@@H]2C[C@@H](O)CN2C(=O)CNC(=O)c2ccc3cc(F)ccc3n2)c(Cl)c1,0.4955094,0.4955,0.7260274,0.7260,0.7473962,-9.6200,1.0000000,1.0000,[],7
2.1751,3.2004,79.0450,0.6425422,O=C(NCC(=O)N1C[C@H](O)C[C@H]1C(=O)NCc1cccc(Cl)c1)c1ccc2cc(F)ccc2n1,1,COc1ccc([C@H](C)NC(=O)[C@@H]2C[C@@H](O)CN2C(=O)CNC(=O)c2ccc3cc(F)ccc3n2)c(Cl)c1,0.4955094,0.4955,0.7210884,0.7211,0.6906898,-9.0700,1.0000000,1.0000,[],7
2.9035,4.2413,74.0626,0.6117486,O=C(NCC(=O)N1C[C@H](O)C[C@H]1C(=O)N[C@@H](CO)c1cccc(Cl)c1)c1ccc2cc(F)ccc2n1,1,COc1ccc([C@H](C)NC(=O)[C@@H]2C[C@@H](O)CN2C(=O)CNC(=O)c2ccc3cc(F)ccc3n2)c(Cl)c1,0.3782864,0.3783,0.7432432,0.7432,0.7057813,-9.2100,1.0000000,1.0000,[],7
2.4825,4.6734,72.1043,0.5998256,O=C(NCC(=O)N1C[C@H](O)C[C@H]1C(=O)N[C@H](CO)c1cccc(Cl)c1)c1ccc2cc(F)ccc2n1,1,COc1ccc([C@H](C)NC(=O)[C@@H]2C[C@@H](O)CN2C(=O)CNC(=O)c2ccc3cc(F)ccc3n2)c(Cl)c1,0.3782864,0.3783,0.7432432,0.7432,0.6785380,-8.9600,1.0000000,1.0000,[],7
2.0302,4.0491,80.4208,0.6599210,CC(C)C(NC(=O)[C@@H]1C[C@@H](O)CN1C(=O)CNC(=O)c1ccc2cc(F)ccc2n1)c1ccccc1,1,COc1ccc([C@H](C)NC(=O)[C@@H]2C[C@@H](O)CN2C(=O)CNC(=O)c2ccc3cc(F)ccc3n2)c(Cl)c1,0.4695327,0.4695,0.7364865,0.7365,0.7405742,-9.5500,1.0000000,1.0000,[],8
2.6512,4.8186,79.3090,0.6572468,CC(NC(=O)[C@@H]1C[C@@H](O)CN1C(=O)CNC(=O)c1ccc2cc(F)ccc2n1)c1ccc(Cl)cc1,1,COc1ccc([C@H](C)NC(=O)[C@@H]2C[C@@H](O)CN2C(=O)CNC(=O)c2ccc3cc(F)ccc3n2)c(Cl)c1,0.4834885,0.4835,0.8014184,0.8014,0.6939597,-9.1000,1.0000000,1.0000,[],8
2.1370,4.5815,87.6685,0.7207036,CC(NC(=O)[C@@H]1C[C@@H](O)CN1C(=O)CNC(=O)c1ccc2cc(F)ccc2n1)c1ccccc1,1,COc1ccc([C@H](C)NC(=O)[C@@H]2C[C@@H](O)CN2C(=O)CNC(=O)c2ccc3cc(F)ccc3n2)c(Cl)c1,0.5163857,0.5164,0.7746479,0.7746,0.8212476,-10.4800,1.0000000,1.0000,[],8
2.3137,4.2698,85.5899,0.7020291,C[C@@H](NC(=O)[C@@H]1C[C@@H](O)CN1C(=O)CNC(=O)c1ccc2cc(F)ccc2n1)c1ccc(Cl)cc1,1,COc1ccc([C@H](C)NC(=O)[C@@H]2C[C@@H](O)CN2C(=O)CNC(=O)c2ccc3cc(F)ccc3n2)c(Cl)c1,0.4834885,0.4835,0.8014184,0.8014,0.7917488,-10.1100,1.0000000,1.0000,[],8
2.6526,3.4014,78.9213,0.6431466,O=C(NCC(=O)N1C[C@H](O)C[C@H]1C(=O)NC1CCCCC1)c1ccc2cc(F)ccc2n1,1,COc1ccc([C@H](C)NC(=O)[C@@H]2C[C@@H](O)CN2C(=O)CNC(=O)c2ccc3cc(F)ccc3n2)c(Cl)c1,0.6501268,0.6501,0.6184211,0.6184,0.6523473,-8.7300,1.0000000,1.0000,[],8
2.0188,4.3193,77.1913,0.6368017,O=C(NCC(=O)N1C[C@H](O)C[C@H]1C(=O)NCc1ccc(Cl)c(Cl)c1)c1ccc2cc(F)ccc2n1,1,COc1ccc([C@H](C)NC(=O)[C@@H]2C[C@@H](O)CN2C(=O)CNC(=O)c2ccc3cc(F)ccc3n2)c(Cl)c1,0.4640416,0.4640,0.7114094,0.7114,0.7057813,-9.2100,1.0000000,1.0000,[],8
2.1682,3.8934,81.8078,0.6695402,O=C(NCC(=O)N1C[C@H](O)C[C@H]1C(=O)NCc1ccc(Cl)cc1)c1ccc2cc(F)ccc2n1,1,COc1ccc([C@H](C)NC(=O)[C@@H]2C[C@@H](O)CN2C(=O)CNC(=O)c2ccc3cc(F)ccc3n2)c(Cl)c1,0.4955094,0.4955,0.7260274,0.7260,0.7473962,-9.6200,1.0000000,1.0000,[],8
2.4225,3.2004,79.0450,0.6425422,O=C(NCC(=O)N1C[C@H](O)C[C@H]1C(=O)NCc1cccc(Cl)c1)c1ccc2cc(F)ccc2n1,1,COc1ccc([C@H](C)NC(=O)[C@@H]2C[C@@H](O)CN2C(=O)CNC(=O)c2ccc3cc(F)ccc3n2)c(Cl)c1,0.4955094,0.4955,0.7210884,0.7211,0.6906898,-9.0700,1.0000000,1.0000,[],8
2.9001,4.2413,74.0626,0.6117486,O=C(NCC(=O)N1C[C@H](O)C[C@H]1C(=O)N[C@@H](CO)c1cccc(Cl)c1)c1ccc2cc(F)ccc2n1,1,COc1ccc([C@H](C)NC(=O)[C@@H]2C[C@@H](O)CN2C(=O)CNC(=O)c2ccc3cc(F)ccc3n2)c(Cl)c1,0.3782864,0.3783,0.7432432,0.7432,0.7057813,-9.2100,1.0000000,1.0000,[],8
2.4325,4.6734,72.1043,0.5998256,O=C(NCC(=O)N1C[C@H](O)C[C@H]1C(=O)N[C@H](CO)c1cccc(Cl)c1)c1ccc2cc(F)ccc2n1,1,COc1ccc([C@H](C)NC(=O)[C@@H]2C[C@@H](O)CN2C(=O)CNC(=O)c2ccc3cc(F)ccc3n2)c(Cl)c1,0.3782864,0.3783,0.7432432,0.7432,0.6785380,-8.9600,1.0000000,1.0000,[],8
2.3612,4.0491,80.4208,0.6599210,CC(C)C(NC(=O)[C@@H]1C[C@@H](O)CN1C(=O)CNC(=O)c1ccc2cc(F)ccc2n1)c1ccccc1,1,COc1ccc([C@H](C)NC(=O)[C@@H]2C[C@@H](O)CN2C(=O)CNC(=O)c2ccc3cc(F)ccc3n2)c(Cl)c1,0.4695327,0.4695,0.7364865,0.7365,0.7405742,-9.5500,1.0000000,1.0000,[],9
2.4007,4.8186,79.3090,0.6572468,CC(NC(=O)[C@@H]1C[C@@H](O)CN1C(=O)CNC(=O)c1ccc2cc(F)ccc2n1)c1ccc(Cl)cc1,1,COc1ccc([C@H](C)NC(=O)[C@@H]2C[C@@H](O)CN2C(=O)CNC(=O)c2ccc3cc(F)ccc3n2)c(Cl)c1,0.4834885,0.4835,0.8014184,0.8014,0.6939597,-9.1000,1.0000000,1.0000,[],9
2.0040,4.5815,87.6685,0.7207036,CC(NC(=O)[C@@H]1C[C@@H](O)CN1C(=O)CNC(=O)c1ccc2cc(F)ccc2n1)c1ccccc1,1,COc1ccc([C@H](C)NC(=O)[C@@H]2C[C@@H](O)CN2C(=O)CNC(=O)c2ccc3cc(F)ccc3n2)c(Cl)c1,0.5163857,0.5164,0.7746479,0.7746,0.8212476,-10.4800,1.0000000,1.0000,[],9
2.1912,4.2698,85.5899,0.7020291,C[C@@H](NC(=O)[C@@H]1C[C@@H](O)CN1C(=O)CNC(=O)c1ccc2cc(F)ccc2n1)c1ccc(Cl)cc1,1,COc1ccc([C@H](C)NC(=O)[C@@H]2C[C@@H](O)CN2C(=O)CNC(=O)c2ccc3cc(F)ccc3n2)c(Cl)c1,0.4834885,0.4835,0.8014184,0.8014,0.7917488,-10.1100,1.0000000,1.0000,[],9
2.2209,3.4014,78.9213,0.6431466,O=C(NCC(=O)N1C[C@H](O)C[C@H]1C(=O)NC1CCCCC1)c1ccc2cc(F)ccc2n1,1,COc1ccc([C@H](C)NC(=O)[C@@H]2C[C@@H](O)CN2C(=O)CNC(=O)c2ccc3cc(F)ccc3n2)c(Cl)c1,0.6501268,0.6501,0.6184211,0.6184,0.6523473,-8.7300,1.0000000,1.0000,[],9
2.3867,4.3193,77.1913,0.6368017,O=C(NCC(=O)N1C[C@H](O)C[C@H]1C(=O)NCc1ccc(Cl)c(Cl)c1)c1ccc2cc(F)ccc2n1,1,COc1ccc([C@H](C)NC(=O)[C@@H]2C[C@@H](O)CN2C(=O)CNC(=O)c2ccc3cc(F)ccc3n2)c(Cl)c1,0.4640416,0.4640,0.7114094,0.7114,0.7057813,-9.2100,1.0000000,1.0000,[],9
2.1955,3.8934,81.8078,0.6695402,O=C(NCC(=O)N1C[C@H](O)C[C@H]1C(=O)NCc1ccc(Cl)cc1)c1ccc2cc(F)ccc2n1,1,COc1ccc([C@H](C)NC(=O)[C@@H]2C[C@@H](O)CN2C(=O)CNC(=O)c2ccc3cc(F)ccc3n2)c(Cl)c1,0.4955094,0.4955,0.7260274,0.7260,0.7473962,-9.6200,1.0000000,1.0000,[],9
2.6976,3.2004,79.0450,0.6425422,O=C(NCC(=O)N1C[C@H](O)C[C@H]1C(=O)NCc1cccc(Cl)c1)c1ccc2cc(F)ccc2n1,1,COc1ccc([C@H](C)NC(=O)[C@@H]2C[C@@H](O)CN2C(=O)CNC(=O)c2ccc3cc(F)ccc3n2)c(Cl)c1,0.4955094,0.4955,0.7210884,0.7211,0.6906898,-9.0700,1.0000000,1.0000,[],9
2.7485,4.2413,74.0626,0.6117486,O=C(NCC(=O)N1C[C@H](O)C[C@H]1C(=O)N[C@@H](CO)c1cccc(Cl)c1)c1ccc2cc(F)ccc2n1,1,COc1ccc([C@H](C)NC(=O)[C@@H]2C[C@@H](O)CN2C(=O)CNC(=O)c2ccc3cc(F)ccc3n2)c(Cl)c1,0.3782864,0.3783,0.7432432,0.7432,0.7057813,-9.2100,1.0000000,1.0000,[],9
2.3181,4.6734,72.1043,0.5998256,O=C(NCC(=O)N1C[C@H](O)C[C@H]1C(=O)N[C@H](CO)c1cccc(Cl)c1)c1ccc2cc(F)ccc2n1,1,COc1ccc([C@H](C)NC(=O)[C@@H]2C[C@@H](O)CN2C(=O)CNC(=O)c2ccc3cc(F)ccc3n2)c(Cl)c1,0.3782864,0.3783,0.7432432,0.7432,0.6785380,-8.9600,1.0000000,1.0000,[],9
2.6504,4.0491,80.4208,0.6599210,CC(C)C(NC(=O)[C@@H]1C[C@@H](O)CN1C(=O)CNC(=O)c1ccc2cc(F)ccc2n1)c1ccccc1,1,COc1ccc([C@H](C)NC(=O)[C@@H]2C[C@@H](O)CN2C(=O)CNC(=O)c2ccc3cc(F)ccc3n2)c(Cl)c1,0.4695327,0.4695,0.7364865,0.7365,0.7405742,-9.5500,1.0000000,1.0000,[],10
2.2187,4.8186,79.3090,0.6572468,CC(NC(=O)[C@@H]1C[C@@H](O)CN1C(=O)CNC(=O)c1ccc2cc(F)ccc2n1)c1ccc(Cl)cc1,1,COc1ccc([C@H](C)NC(=O)[C@@H]2C[C@@H](O)CN2C(=O)CNC(=O)c2ccc3cc(F)ccc3n2)c(Cl)c1,0.4834885,0.4835,0.8014184,0.8014,0.6939597,-9.1000,1.0000000,1.0000,[],10
2.0596,4.5815,87.6685,0.7207036,CC(NC(=O)[C@@H]1C[C@@H](O)CN1C(=O)CNC(=O)c1ccc2cc(F)ccc2n1)c1ccccc1,1,COc1ccc([C@H](C)NC(=O)[C@@H]2C[C@@H](O)CN2C(=O)CNC(=O)c2ccc3cc(F)ccc3n2)c(Cl)c1,0.5163857,0.5164,0.7746479,0.7746,0.8212476,-10.4800,1.0000000,1.0000,[],10
2.1848,4.2698,85.5899,0.7020291,C[C@@H](NC(=O)[C@@H]1C[C@@H](O)CN1C(=O)CNC(=O)c1ccc2cc(F)ccc2n1)c1ccc(Cl)cc1,1,COc1ccc([C@H](C)NC(=O)[C@@H]2C[C@@H](O)CN2C(=O)CNC(=O)c2ccc3cc(F)ccc3n2)c(Cl)c1,0.4834885,0.4835,0.8014184,0.8014,0.7917488,-10.1100,1.0000000,1.0000,[],10
2.0076,3.4014,78.9213,0.6431466,O=C(NCC(=O)N1C[C@H](O)C[C@H]1C(=O)NC1CCCCC1)c1ccc2cc(F)ccc2n1,1,COc1ccc([C@H](C)NC(=O)[C@@H]2C[C@@H](O)CN2C(=O)CNC(=O)c2ccc3cc(F)ccc3n2)c(Cl)c1,0.6501268,0.6501,0.6184211,0.6184,0.6523473,-8.7300,1.0000000,1.0000,[],10
2.6824,4.3193,77.1913,0.6368017,O=C(NCC(=O)N1C[C@H](O)C[C@H]1C(=O)NCc1ccc(Cl)c(Cl)c1)c1ccc2cc(F)ccc2n1,1,COc1ccc([C@H](C)NC(=O)[C@@H]2C[C@@H](O)CN2C(=O)CNC(=O)c2ccc3cc(F)ccc3n2)c(Cl)c1,0.4640416,0.4640,0.7114094,0.7114,0.7057813,-9.2100,1.0000000,1.0000,[],10
2.2786,3.8934,81.8078,0.6695402,O=C(NCC(=O)N1C[C@H](O)C[C@H]1C(=O)NCc1ccc(Cl)cc1)c1ccc2cc(F)ccc2n1,1,COc1ccc([C@H](C)NC(=O)[C@@H]2C[C@@H](O)CN2C(=O)CNC(=O)c2ccc3cc(F)ccc3n2)c(Cl)c1,0.4955094,0.4955,0.7260274,0.7260,0.7473962,-9.6200,1.0000000,1.0000,[],10
2.8018,3.2004,79.0450,0.6425422,O=C(NCC(=O)N1C[C@H](O)C[C@H]1C(=O)NCc1cccc(Cl)c1)c1ccc2cc(F)ccc2n1,1,COc1ccc([C@H](C)NC(=O)[C@@H]2C[C@@H](O)CN2C(=O)CNC(=O)c2ccc3cc(F)ccc3n2)c(Cl)c1,0.4955094,0.4955,0.7210884,0.7211,0.6906898,-9.0700,1.0000000,1.0000,[],10
2.5225,4.2413,74.0626,0.6117486,O=C(NCC(=O)N1C[C@H](O)C[C@H]1C(=O)N[C@@H](CO)c1cccc(Cl)c1)c1ccc2cc(F)ccc2n1,1,COc1ccc([C@H](C)NC(=O)[C@@H]2C[C@@H](O)CN2C(=O)CNC(=O)c2ccc3cc(F)ccc3n2)c(Cl)c1,0.3782864,0.3783,0.7432432,0.7432,0.7057813,-9.2100,1.0000000,1.0000,[],10
2.1886,4.6734,72.1043,0.5998256,O=C(NCC(=O)N1C[C@H](O)C[C@H]1C(=O)N[C@H](CO)c1cccc(Cl)c1)c1ccc2cc(F)ccc2n1,1,COc1ccc([C@H](C)NC(=O)[C@@H]2C[C@@H](O)CN2C(=O)CNC(=O)c2ccc3cc(F)ccc3n2)c(Cl)c1,0.3782864,0.3783,0.7432432,0.7432,0.6785380,-8.9600,1.0000000,1.0000,[],10
2.6197,4.0491,80.4208,0.6599210,CC(C)C(NC(=O)[C@@H]1C[C@@H](O)CN1C(=O)CNC(=O)c1ccc2cc(F)ccc2n1)c1ccccc1,1,COc1ccc([C@H](C)NC(=O)[C@@H]2C[C@@H](O)CN2C(=O)CNC(=O)c2ccc3cc(F)ccc3n2)c(Cl)c1,0.4695327,0.4695,0.7364865,0.7365,0.7405742,-9.5500,1.0000000,1.0000,[],11
2.2118,4.8186,79.3090,0.6572468,CC(NC(=O)[C@@H]1C[C@@H](O)CN1C(=O)CNC(=O)c1ccc2cc(F)ccc2n1)c1ccc(Cl)cc1,1,COc1ccc([C@H](C)NC(=O)[C@@H]2C[C@@H](O)CN2C(=O)CNC(=O)c2ccc3cc(F)ccc3n2)c(Cl)c1,0.4834885,0.4835,0.8014184,0.8014,0.6939597,-9.1000,1.0000000,1.0000,[],11
2.2486,4.5815,87.6685,0.7207036,CC(NC(=O)[C@@H]1C[C@@H](O)CN1C(=O)CNC(=O)c1ccc2cc(F)ccc2n1)c1ccccc1,1,COc1ccc([C@H](C)NC(=O)[C@@H]2C[C@@H](O)CN2C(=O)CNC(=O)c2ccc3cc(F)ccc3n2)c(Cl)c1,0.5163857,0.5164,0.7746479,0.7746,0.8212476,-10.4800,1.0000000,1.0000,[],11
2.2324,4.2698,85.5899,0.7020291,C[C@@H](NC(=O)[C@@H]1C[C@@H](O)CN1C(=O)CNC(=O)c1ccc2cc(F)ccc2n1)c1ccc(Cl)cc1,1,COc1ccc([C@H](C)NC(=O)[C@@H]2C[C@@H](O)CN2C(=O)CNC(=O)c2ccc3cc(F)ccc3n2)c(Cl)c1,0.4834885,0.4835,0.8014184,0.8014,0.7917488,-10.1100,1.0000000,1.0000,[],11
2.1546,3.4014,78.9213,0.6431466,O=C(NCC(=O)N1C[C@H](O)C[C@H]1C(=O)NC1CCCCC1)c1ccc2cc(F)ccc2n1,1,COc1ccc([C@H](C)NC(=O)[C@@H]2C[C@@H](O)CN2C(=O)CNC(=O)c2ccc3cc(F)ccc3n2)c(Cl)c1,0.6501268,0.6501,0.6184211,0.6184,0.6523473,-8.7300,1.0000000,1.0000,[],11
2.6328,4.3193,77.1913,0.6368017,O=C(NCC(=O)N1C[C@H](O)C[C@H]1C(=O)NCc1ccc(Cl)c(Cl)c1)c1ccc2cc(F)ccc2n1,1,COc1ccc([C@H](C)NC(=O)[C@@H]2C[C@@H](O)CN2C(=O)CNC(=O)c2ccc3cc(F)ccc3n2)c(Cl)c1,0.4640416,0.4640,0.7114094,0.7114,0.7057813,-9.2100,1.0000000,1.0000,[],11
2.2268,3.8934,81.8078,0.6695402,O=C(NCC(=O)N1C[C@H](O)C[C@H]1C(=O)NCc1ccc(Cl)cc1)c1ccc2cc(F)ccc2n1,1,COc1ccc([C@H](C)NC(=O)[C@@H]2C[C@@H](O)CN2C(=O)CNC(=O)c2ccc3cc(F)ccc3n2)c(Cl)c1,0.4955094,0.4955,0.7260274,0.7260,0.7473962,-9.6200,1.0000000,1.0000,[],11
2.5605,3.2004,79.0450,0.6425422,O=C(NCC(=O)N1C[C@H](O)C[C@H]1C(=O)NCc1cccc(Cl)c1)c1ccc2cc(F)ccc2n1,1,COc1ccc([C@H](C)NC(=O)[C@@H]2C[C@@H](O)CN2C(=O)CNC(=O)c2ccc3cc(F)ccc3n2)c(Cl)c1,0.4955094,0.4955,0.7210884,0.7211,0.6906898,-9.0700,1.0000000,1.0000,[],11
2.3376,4.2413,74.0626,0.6117486,O=C(NCC(=O)N1C[C@H](O)C[C@H]1C(=O)N[C@@H](CO)c1cccc(Cl)c1)c1ccc2cc(F)ccc2n1,1,COc1ccc([C@H](C)NC(=O)[C@@H]2C[C@@H](O)CN2C(=O)CNC(=O)c2ccc3cc(F)ccc3n2)c(Cl)c1,0.3782864,0.3783,0.7432432,0.7432,0.7057813,-9.2100,1.0000000,1.0000,[],11
2.1459,4.6734,72.1043,0.5998256,O=C(NCC(=O)N1C[C@H](O)C[C@H]1C(=O)N[C@H](CO)c1cccc(Cl)c1)c1ccc2cc(F)ccc2n1,1,COc1ccc([C@H](C)NC(=O)[C@@H]2C[C@@H](O)CN2C(=O)CNC(=O)c2ccc3cc(F)ccc3n2)c(Cl)c1,0.3782864,0.3783,0.7432432,0.7432,0.6785380,-8.9600,1.0000000,1.0000,[],11
2.3748,4.0491,80.4208,0.6599210,CC(C)C(NC(=O)[C@@H]1C[C@@H](O)CN1C(=O)CNC(=O)c1ccc2cc(F)ccc2n1)c1ccccc1,1,COc1ccc([C@H](C)NC(=O)[C@@H]2C[C@@H](O)CN2C(=O)CNC(=O)c2ccc3cc(F)ccc3n2)c(Cl)c1,0.4695327,0.4695,0.7364865,0.7365,0.7405742,-9.5500,1.0000000,1.0000,[],12
2.3212,4.8186,79.3090,0.6572468,CC(NC(=O)[C@@H]1C[C@@H](O)CN1C(=O)CNC(=O)c1ccc2cc(F)ccc2n1)c1ccc(Cl)cc1,1,COc1ccc([C@H](C)NC(=O)[C@@H]2C[C@@H](O)CN2C(=O)CNC(=O)c2ccc3cc(F)ccc3n2)c(Cl)c1,0.4834885,0.4835,0.8014184,0.8014,0.6939597,-9.1000,1.0000000,1.0000,[],12
2.4233,4.5815,87.6685,0.7207036,CC(NC(=O)[C@@H]1C[C@@H](O)CN1C(=O)CNC(=O)c1ccc2cc(F)ccc2n1)c1ccccc1,1,COc1ccc([C@H](C)NC(=O)[C@@H]2C[C@@H](O)CN2C(=O)CNC(=O)c2ccc3cc(F)ccc3n2)c(Cl)c1,0.5163857,0.5164,0.7746479,0.7746,0.8212476,-10.4800,1.0000000,1.0000,[],12
2.2904,4.2698,85.5899,0.7020291,C[C@@H](NC(=O)[C@@H]1C[C@@H](O)CN1C(=O)CNC(=O)c1ccc2cc(F)ccc2n1)c1ccc(Cl)cc1,1,COc1ccc([C@H](C)NC(=O)[C@@H]2C[C@@H](O)CN2C(=O)CNC(=O)c2ccc3cc(F)ccc3n2)c(Cl)c1,0.4834885,0.4835,0.8014184,0.8014,0.7917488,-10.1100,1.0000000,1.0000,[],12
2.4222,3.4014,78.9213,0.6431466,O=C(NCC(=O)N1C[C@H](O)C[C@H]1C(=O)NC1CCCCC1)c1ccc2cc(F)ccc2n1,1,COc1ccc([C@H](C)NC(=O)[C@@H]2C[C@@H](O)CN2C(=O)CNC(=O)c2ccc3cc(F)ccc3n2)c(Cl)c1,0.6501268,0.6501,0.6184211,0.6184,0.6523473,-8.7300,1.0000000,1.0000,[],12
2.4362,4.3193,77.1913,0.6368017,O=C(NCC(=O)N1C[C@H](O)C[C@H]1C(=O)NCc1ccc(Cl)c(Cl)c1)c1ccc2cc(F)ccc2n1,1,COc1ccc([C@H](C)NC(=O)[C@@H]2C[C@@H](O)CN2C(=O)CNC(=O)c2ccc3cc(F)ccc3n2)c(Cl)c1,0.4640416,0.4640,0.7114094,0.7114,0.7057813,-9.2100,1.0000000,1.0000,[],12
2.2041,3.8934,81.8078,0.6695402,O=C(NCC(=O)N1C[C@H](O)C[C@H]1C(=O)NCc1ccc(Cl)cc1)c1ccc2cc(F)ccc2n1,1,COc1ccc([C@H](C)NC(=O)[C@@H]2C[C@@H](O)CN2C(=O)CNC(=O)c2ccc3cc(F)ccc3n2)c(Cl)c1,0.4955094,0.4955,0.7260274,0.7260,0.7473962,-9.6200,1.0000000,1.0000,[],12
2.2361,3.2004,79.0450,0.6425422,O=C(NCC(=O)N1C[C@H](O)C[C@H]1C(=O)NCc1cccc(Cl)c1)c1ccc2cc(F)ccc2n1,1,COc1ccc([C@H](C)NC(=O)[C@@H]2C[C@@H](O)CN2C(=O)CNC(=O)c2ccc3cc(F)ccc3n2)c(Cl)c1,0.4955094,0.4955,0.7210884,0.7211,0.6906898,-9.0700,1.0000000,1.0000,[],12
2.2630,4.2413,74.0626,0.6117486,O=C(NCC(=O)N1C[C@H](O)C[C@H]1C(=O)N[C@@H](CO)c1cccc(Cl)c1)c1ccc2cc(F)ccc2n1,1,COc1ccc([C@H](C)NC(=O)[C@@H]2C[C@@H](O)CN2C(=O)CNC(=O)c2ccc3cc(F)ccc3n2)c(Cl)c1,0.3782864,0.3783,0.7432432,0.7432,0.7057813,-9.2100,1.0000000,1.0000,[],12
2.2414,4.6734,72.1043,0.5998256,O=C(NCC(=O)N1C[C@H](O)C[C@H]1C(=O)N[C@H](CO)c1cccc(Cl)c1)c1ccc2cc(F)ccc2n1,1,COc1ccc([C@H](C)NC(=O)[C@@H]2C[C@@H](O)CN2C(=O)CNC(=O)c2ccc3cc(F)ccc3n2)c(Cl)c1,0.3782864,0.3783,0.7432432,0.7432,0.6785380,-8.9600,1.0000000,1.0000,[],12
2.1640,4.0491,80.4208,0.6599210,CC(C)C(NC(=O)[C@@H]1C[C@@H](O)CN1C(=O)CNC(=O)c1ccc2cc(F)ccc2n1)c1ccccc1,1,COc1ccc([C@H](C)NC(=O)[C@@H]2C[C@@H](O)CN2C(=O)CNC(=O)c2ccc3cc(F)ccc3n2)c(Cl)c1,0.4695327,0.4695,0.7364865,0.7365,0.7405742,-9.5500,1.0000000,1.0000,[],13
2.4120,4.8186,79.3090,0.6572468,CC(NC(=O)[C@@H]1C[C@@H](O)CN1C(=O)CNC(=O)c1ccc2cc(F)ccc2n1)c1ccc(Cl)cc1,1,COc1ccc([C@H](C)NC(=O)[C@@H]2C[C@@H](O)CN2C(=O)CNC(=O)c2ccc3cc(F)ccc3n2)c(Cl)c1,0.4834885,0.4835,0.8014184,0.8014,0.6939597,-9.1000,1.0000000,1.0000,[],13
2.4836,4.5815,87.6685,0.7207036,CC(NC(=O)[C@@H]1C[C@@H](O)CN1C(=O)CNC(=O)c1ccc2cc(F)ccc2n1)c1ccccc1,1,COc1ccc([C@H](C)NC(=O)[C@@H]2C[C@@H](O)CN2C(=O)CNC(=O)c2ccc3cc(F)ccc3n2)c(Cl)c1,0.5163857,0.5164,0.7746479,0.7746,0.8212476,-10.4800,1.0000000,1.0000,[],13
2.3086,4.2698,85.5899,0.7020291,C[C@@H](NC(=O)[C@@H]1C[C@@H](O)CN1C(=O)CNC(=O)c1ccc2cc(F)ccc2n1)c1ccc(Cl)cc1,1,COc1ccc([C@H](C)NC(=O)[C@@H]2C[C@@H](O)CN2C(=O)CNC(=O)c2ccc3cc(F)ccc3n2)c(Cl)c1,0.4834885,0.4835,0.8014184,0.8014,0.7917488,-10.1100,1.0000000,1.0000,[],13
2.5982,3.4014,78.9213,0.6431466,O=C(NCC(=O)N1C[C@H](O)C[C@H]1C(=O)NC1CCCCC1)c1ccc2cc(F)ccc2n1,1,COc1ccc([C@H](C)NC(=O)[C@@H]2C[C@@H](O)CN2C(=O)CNC(=O)c2ccc3cc(F)ccc3n2)c(Cl)c1,0.6501268,0.6501,0.6184211,0.6184,0.6523473,-8.7300,1.0000000,1.0000,[],13
2.2783,4.3193,77.1913,0.6368017,O=C(NCC(=O)N1C[C@H](O)C[C@H]1C(=O)NCc1ccc(Cl)c(Cl)c1)c1ccc2cc(F)ccc2n1,1,COc1ccc([C@H](C)NC(=O)[C@@H]2C[C@@H](O)CN2C(=O)CNC(=O)c2ccc3cc(F)ccc3n2)c(Cl)c1,0.4640416,0.4640,0.7114094,0.7114,0.7057813,-9.2100,1.0000000,1.0000,[],13
2.2797,3.8934,81.8078,0.6695402,O=C(NCC(=O)N1C[C@H](O)C[C@H]1C(=O)NCc1ccc(Cl)cc1)c1ccc2cc(F)ccc2n1,1,COc1ccc([C@H](C)NC(=O)[C@@H]2C[C@@H](O)CN2C(=O)CNC(=O)c2ccc3cc(F)ccc3n2)c(Cl)c1,0.4955094,0.4955,0.7260274,0.7260,0.7473962,-9.6200,1.0000000,1.0000,[],13
2.0247,3.2004,79.0450,0.6425422,O=C(NCC(=O)N1C[C@H](O)C[C@H]1C(=O)NCc1cccc(Cl)c1)c1ccc2cc(F)ccc2n1,1,COc1ccc([C@H](C)NC(=O)[C@@H]2C[C@@H](O)CN2C(=O)CNC(=O)c2ccc3cc(F)ccc3n2)c(Cl)c1,0.4955094,0.4955,0.7210884,0.7211,0.6906898,-9.0700,1.0000000,1.0000,[],13
2.2930,4.2413,74.0626,0.6117486,O=C(NCC(=O)N1C[C@H](O)C[C@H]1C(=O)N[C@@H](CO)c1cccc(Cl)c1)c1ccc2cc(F)ccc2n1,1,COc1ccc([C@H](C)NC(=O)[C@@H]2C[C@@H](O)CN2C(=O)CNC(=O)c2ccc3cc(F)ccc3n2)c(Cl)c1,0.3782864,0.3783,0.7432432,0.7432,0.7057813,-9.2100,1.0000000,1.0000,[],13
2.4361,4.6734,72.1043,0.5998256,O=C(NCC(=O)N1C[C@H](O)C[C@H]1C(=O)N[C@H](CO)c1cccc(Cl)c1)c1ccc2cc(F)ccc2n1,1,COc1ccc([C@H](C)NC(=O)[C@@H]2C[C@@H](O)CN2C(=O)CNC(=O)c2ccc3cc(F)ccc3n2)c(Cl)c1,0.3782864,0.3783,0.7432432,0.7432,0.6785380,-8.9600,1.0000000,1.0000,[],13
2.1411,4.0491,80.4208,0.6599210,CC(C)C(NC(=O)[C@@H]1C[C@@H](O)CN1C(=O)CNC(=O)c1ccc2cc(F)ccc2n1)c1ccccc1,1,COc1ccc([C@H](C)NC(=O)[C@@H]2C[C@@H](O)CN2C(=O)CNC(=O)c2ccc3cc(F)ccc3n2)c(Cl)c1,0.4695327,0.4695,0.7364865,0.7365,0.7405742,-9.5500,1.0000000,1.0000,[],14
2.3486,4.8186,79.3090,0.6572468,CC(NC(=O)[C@@H]1C[C@@H](O)CN1C(=O)CNC(=O)c1ccc2cc(F)ccc2n1)c1ccc(Cl)cc1,1,COc1ccc([C@H](C)NC(=O)[C@@H]2C[C@@H](O)CN2C(=O)CNC(=O)c2ccc3cc(F)ccc3n2)c(Cl)c1,0.4834885,0.4835,0.8014184,0.8014,0.6939597,-9.1000,1.0000000,1.0000,[],14
2.3455,4.5815,87.6685,0.7207036,CC(NC(=O)[C@@H]1C[C@@H](O)CN1C(=O)CNC(=O)c1ccc2cc(F)ccc2n1)c1ccccc1,1,COc1ccc([C@H](C)NC(=O)[C@@H]2C[C@@H](O)CN2C(=O)CNC(=O)c2ccc3cc(F)ccc3n2)c(Cl)c1,0.5163857,0.5164,0.7746479,0.7746,0.8212476,-10.4800,1.0000000,1.0000,[],14
2.2567,4.2698,85.5899,0.7020291,C[C@@H](NC(=O)[C@@H]1C[C@@H](O)CN1C(=O)CNC(=O)c1ccc2cc(F)ccc2n1)c1ccc(Cl)cc1,1,COc1ccc([C@H](C)NC(=O)[C@@H]2C[C@@H](O)CN2C(=O)CNC(=O)c2ccc3cc(F)ccc3n2)c(Cl)c1,0.4834885,0.4835,0.8014184,0.8014,0.7917488,-10.1100,1.0000000,1.0000,[],14
2.5973,3.4014,78.9213,0.6431466,O=C(NCC(=O)N1C[C@H](O)C[C@H]1C(=O)NC1CCCCC1)c1ccc2cc(F)ccc2n1,1,COc1ccc([C@H](C)NC(=O)[C@@H]2C[C@@H](O)CN2C(=O)CNC(=O)c2ccc3cc(F)ccc3n2)c(Cl)c1,0.6501268,0.6501,0.6184211,0.6184,0.6523473,-8.7300,1.0000000,1.0000,[],14
2.2120,4.3193,77.1913,0.6368017,O=C(NCC(=O)N1C[C@H](O)C[C@H]1C(=O)NCc1ccc(Cl)c(Cl)c1)c1ccc2cc(F)ccc2n1,1,COc1ccc([C@H](C)NC(=O)[C@@H]2C[C@@H](O)CN2C(=O)CNC(=O)c2ccc3cc(F)ccc3n2)c(Cl)c1,0.4640416,0.4640,0.7114094,0.7114,0.7057813,-9.2100,1.0000000,1.0000,[],14
2.4201,3.8934,81.8078,0.6695402,O=C(NCC(=O)N1C[C@H](O)C[C@H]1C(=O)NCc1ccc(Cl)cc1)c1ccc2cc(F)ccc2n1,1,COc1ccc([C@H](C)NC(=O)[C@@H]2C[C@@H](O)CN2C(=O)CNC(=O)c2ccc3cc(F)ccc3n2)c(Cl)c1,0.4955094,0.4955,0.7260274,0.7260,0.7473962,-9.6200,1.0000000,1.0000,[],14
1.9765,3.2004,79.0450,0.6425422,O=C(NCC(=O)N1C[C@H](O)C[C@H]1C(=O)NCc1cccc(Cl)c1)c1ccc2cc(F)ccc2n1,1,COc1ccc([C@H](C)NC(=O)[C@@H]2C[C@@H](O)CN2C(=O)CNC(=O)c2ccc3cc(F)ccc3n2)c(Cl)c1,0.4955094,0.4955,0.7210884,0.7211,0.6906898,-9.0700,1.0000000,1.0000,[],14
2.3754,4.2413,74.0626,0.6117486,O=C(NCC(=O)N1C[C@H](O)C[C@H]1C(=O)N[C@@H](CO)c1cccc(Cl)c1)c1ccc2cc(F)ccc2n1,1,COc1ccc([C@H](C)NC(=O)[C@@H]2C[C@@H](O)CN2C(=O)CNC(=O)c2ccc3cc(F)ccc3n2)c(Cl)c1,0.3782864,0.3783,0.7432432,0.7432,0.7057813,-9.2100,1.0000000,1.0000,[],14
2.6471,4.6734,72.1043,0.5998256,O=C(NCC(=O)N1C[C@H](O)C[C@H]1C(=O)N[C@H](CO)c1cccc(Cl)c1)c1ccc2cc(F)ccc2n1,1,COc1ccc([C@H](C)NC(=O)[C@@H]2C[C@@H](O)CN2C(=O)CNC(=O)c2ccc3cc(F)ccc3n2)c(Cl)c1,0.3782864,0.3783,0.7432432,0.7432,0.6785380,-8.9600,1.0000000,1.0000,[],14
2.2631,4.0491,80.4208,0.6599210,CC(C)C(NC(=O)[C@@H]1C[C@@H](O)CN1C(=O)CNC(=O)c1ccc2cc(F)ccc2n1)c1ccccc1,1,COc1ccc([C@H](C)NC(=O)[C@@H]2C[C@@H](O)CN2C(=O)CNC(=O)c2ccc3cc(F)ccc3n2)c(Cl)c1,0.4695327,0.4695,0.7364865,0.7365,0.7405742,-9.5500,1.0000000,1.0000,[],15
2.2400,4.8186,79.3090,0.6572468,CC(NC(=O)[C@@H]1C[C@@H](O)CN1C(=O)CNC(=O)c1ccc2cc(F)ccc2n1)c1ccc(Cl)cc1,1,COc1ccc([C@H](C)NC(=O)[C@@H]2C[C@@H](O)CN2C(=O)CNC(=O)c2ccc3cc(F)ccc3n2)c(Cl)c1,0.4834885,0.4835,0.8014184,0.8014,0.6939597,-9.1000,1.0000000,1.0000,[],15
2.1477,4.5815,87.6685,0.7207036,CC(NC(=O)[C@@H]1C[C@@H](O)CN1C(=O)CNC(=O)c1ccc2cc(F)ccc2n1)c1ccccc1,1,COc1ccc([C@H](C)NC(=O)[C@@H]2C[C@@H](O)CN2C(=O)CNC(=O)c2ccc3cc(F)ccc3n2)c(Cl)c1,0.5163857,0.5164,0.7746479,0.7746,0.8212476,-10.4800,1.0000000,1.0000,[],15
2.1931,4.2698,85.5899,0.7020291,C[C@@H](NC(=O)[C@@H]1C[C@@H](O)CN1C(=O)CNC(=O)c1ccc2cc(F)ccc2n1)c1ccc(Cl)cc1,1,COc1ccc([C@H](C)NC(=O)[C@@H]2C[C@@H](O)CN2C(=O)CNC(=O)c2ccc3cc(F)ccc3n2)c(Cl)c1,0.4834885,0.4835,0.8014184,0.8014,0.7917488,-10.1100,1.0000000,1.0000,[],15
2.4232,3.4014,78.9213,0.6431466,O=C(NCC(=O)N1C[C@H](O)C[C@H]1C(=O)NC1CCCCC1)c1ccc2cc(F)ccc2n1,1,COc1ccc([C@H](C)NC(=O)[C@@H]2C[C@@H](O)CN2C(=O)CNC(=O)c2ccc3cc(F)ccc3n2)c(Cl)c1,0.6501268,0.6501,0.6184211,0.6184,0.6523473,-8.7300,1.0000000,1.0000,[],15
2.2554,4.3193,77.1913,0.6368017,O=C(NCC(=O)N1C[C@H](O)C[C@H]1C(=O)NCc1ccc(Cl)c(Cl)c1)c1ccc2cc(F)ccc2n1,1,COc1ccc([C@H](C)NC(=O)[C@@H]2C[C@@H](O)CN2C(=O)CNC(=O)c2ccc3cc(F)ccc3n2)c(Cl)c1,0.4640416,0.4640,0.7114094,0.7114,0.7057813,-9.2100,1.0000000,1.0000,[],15
2.5316,3.8934,81.8078,0.6695402,O=C(NCC(=O)N1C[C@H](O)C[C@H]1C(=O)NCc1ccc(Cl)cc1)c1ccc2cc(F)ccc2n1,1,COc1ccc([C@H](C)NC(=O)[C@@H]2C[C@@H](O)CN2C(=O)CNC(=O)c2ccc3cc(F)ccc3n2)c(Cl)c1,0.4955094,0.4955,0.7260274,0.7260,0.7473962,-9.6200,1.0000000,1.0000,[],15
2.0728,3.2004,79.0450,0.6425422,O=C(NCC(=O)N1C[C@H](O)C[C@H]1C(=O)NCc1cccc(Cl)c1)c1ccc2cc(F)ccc2n1,1,COc1ccc([C@H](C)NC(=O)[C@@H]2C[C@@H](O)CN2C(=O)CNC(=O)c2ccc3cc(F)ccc3n2)c(Cl)c1,0.4955094,0.4955,0.7210884,0.7211,0.6906898,-9.0700,1.0000000,1.0000,[],15
2.4165,4.2413,74.0626,0.6117486,O=C(NCC(=O)N1C[C@H](O)C[C@H]1C(=O)N[C@@H](CO)c1cccc(Cl)c1)c1ccc2cc(F)ccc2n1,1,COc1ccc([C@H](C)NC(=O)[C@@H]2C[C@@H](O)CN2C(=O)CNC(=O)c2ccc3cc(F)ccc3n2)c(Cl)c1,0.3782864,0.3783,0.7432432,0.7432,0.7057813,-9.2100,1.0000000,1.0000,[],15
2.7573,4.6734,72.1043,0.5998256,O=C(NCC(=O)N1C[C@H](O)C[C@H]1C(=O)N[C@H](CO)c1cccc(Cl)c1)c1ccc2cc(F)ccc2n1,1,COc1ccc([C@H](C)NC(=O)[C@@H]2C[C@@H](O)CN2C(=O)CNC(=O)c2ccc3cc(F)ccc3n2)c(Cl)c1,0.3782864,0.3783,0.7432432,0.7432,0.6785380,-8.9600,1.0000000,1.0000,[],15
2.4102,4.0491,80.4208,0.6599210,CC(C)C(NC(=O)[C@@H]1C[C@@H](O)CN1C(=O)CNC(=O)c1ccc2cc(F)ccc2n1)c1ccccc1,1,COc1ccc([C@H](C)NC(=O)[C@@H]2C[C@@H](O)CN2C(=O)CNC(=O)c2ccc3cc(F)ccc3n2)c(Cl)c1,0.4695327,0.4695,0.7364865,0.7365,0.7405742,-9.5500,1.0000000,1.0000,[],16
2.2531,4.8186,79.3090,0.6572468,CC(NC(=O)[C@@H]1C[C@@H](O)CN1C(=O)CNC(=O)c1ccc2cc(F)ccc2n1)c1ccc(Cl)cc1,1,COc1ccc([C@H](C)NC(=O)[C@@H]2C[C@@H](O)CN2C(=O)CNC(=O)c2ccc3cc(F)ccc3n2)c(Cl)c1,0.4834885,0.4835,0.8014184,0.8014,0.6939597,-9.1000,1.0000000,1.0000,[],16
2.0865,4.5815,87.6685,0.7207036,CC(NC(=O)[C@@H]1C[C@@H](O)CN1C(=O)CNC(=O)c1ccc2cc(F)ccc2n1)c1ccccc1,1,COc1ccc([C@H](C)NC(=O)[C@@H]2C[C@@H](O)CN2C(=O)CNC(=O)c2ccc3cc(F)ccc3n2)c(Cl)c1,0.5163857,0.5164,0.7746479,0.7746,0.8212476,-10.4800,1.0000000,1.0000,[],16
2.2244,4.2698,85.5899,0.7020291,C[C@@H](NC(=O)[C@@H]1C[C@@H](O)CN1C(=O)CNC(=O)c1ccc2cc(F)ccc2n1)c1ccc(Cl)cc1,1,COc1ccc([C@H](C)NC(=O)[C@@H]2C[C@@H](O)CN2C(=O)CNC(=O)c2ccc3cc(F)ccc3n2)c(Cl)c1,0.4834885,0.4835,0.8014184,0.8014,0.7917488,-10.1100,1.0000000,1.0000,[],16
2.1755,3.4014,78.9213,0.6431466,O=C(NCC(=O)N1C[C@H](O)C[C@H]1C(=O)NC1CCCCC1)c1ccc2cc(F)ccc2n1,1,COc1ccc([C@H](C)NC(=O)[C@@H]2C[C@@H](O)CN2C(=O)CNC(=O)c2ccc3cc(F)ccc3n2)c(Cl)c1,0.6501268,0.6501,0.6184211,0.6184,0.6523473,-8.7300,1.0000000,1.0000,[],16
2.3348,4.3193,77.1913,0.6368017,O=C(NCC(=O)N1C[C@H](O)C[C@H]1C(=O)NCc1ccc(Cl)c(Cl)c1)c1ccc2cc(F)ccc2n1,1,COc1ccc([C@H](C)NC(=O)[C@@H]2C[C@@H](O)CN2C(=O)CNC(=O)c2ccc3cc(F)ccc3n2)c(Cl)c1,0.4640416,0.4640,0.7114094,0.7114,0.7057813,-9.2100,1.0000000,1.0000,[],16
2.5106,3.8934,81.8078,0.6695402,O=C(NCC(=O)N1C[C@H](O)C[C@H]1C(=O)NCc1ccc(Cl)cc1)c1ccc2cc(F)ccc2n1,1,COc1ccc([C@H](C)NC(=O)[C@@H]2C[C@@H](O)CN2C(=O)CNC(=O)c2ccc3cc(F)ccc3n2)c(Cl)c1,0.4955094,0.4955,0.7260274,0.7260,0.7473962,-9.6200,1.0000000,1.0000,[],16
2.2124,3.2004,79.0450,0.6425422,O=C(NCC(=O)N1C[C@H](O)C[C@H]1C(=O)NCc1cccc(Cl)c1)c1ccc2cc(F)ccc2n1,1,COc1ccc([C@H](C)NC(=O)[C@@H]2C[C@@H](O)CN2C(=O)CNC(=O)c2ccc3cc(F)ccc3n2)c(Cl)c1,0.4955094,0.4955,0.7210884,0.7211,0.6906898,-9.0700,1.0000000,1.0000,[],16
2.3474,4.2413,74.0626,0.6117486,O=C(NCC(=O)N1C[C@H](O)C[C@H]1C(=O)N[C@@H](CO)c1cccc(Cl)c1)c1ccc2cc(F)ccc2n1,1,COc1ccc([C@H](C)NC(=O)[C@@H]2C[C@@H](O)CN2C(=O)CNC(=O)c2ccc3cc(F)ccc3n2)c(Cl)c1,0.3782864,0.3783,0.7432432,0.7432,0.7057813,-9.2100,1.0000000,1.0000,[],16
2.6869,4.6734,72.1043,0.5998256,O=C(NCC(=O)N1C[C@H](O)C[C@H]1C(=O)N[C@H](CO)c1cccc(Cl)c1)c1ccc2cc(F)ccc2n1,1,COc1ccc([C@H](C)NC(=O)[C@@H]2C[C@@H](O)CN2C(=O)CNC(=O)c2ccc3cc(F)ccc3n2)c(Cl)c1,0.3782864,0.3783,0.7432432,0.7432,0.6785380,-8.9600,1.0000000,1.0000,[],16
2.4486,4.0491,80.4208,0.6599210,CC(C)C(NC(=O)[C@@H]1C[C@@H](O)CN1C(=O)CNC(=O)c1ccc2cc(F)ccc2n1)c1ccccc1,1,COc1ccc([C@H](C)NC(=O)[C@@H]2C[C@@H](O)CN2C(=O)CNC(=O)c2ccc3cc(F)ccc3n2)c(Cl)c1,0.4695327,0.4695,0.7364865,0.7365,0.7405742,-9.5500,1.0000000,1.0000,[],17
2.3305,4.8186,79.3090,0.6572468,CC(NC(=O)[C@@H]1C[C@@H](O)CN1C(=O)CNC(=O)c1ccc2cc(F)ccc2n1)c1ccc(Cl)cc1,1,COc1ccc([C@H](C)NC(=O)[C@@H]2C[C@@H](O)CN2C(=O)CNC(=O)c2ccc3cc(F)ccc3n2)c(Cl)c1,0.4834885,0.4835,0.8014184,0.8014,0.6939597,-9.1000,1.0000000,1.0000,[],17
2.1432,4.5815,87.6685,0.7207036,CC(NC(=O)[C@@H]1C[C@@H](O)CN1C(=O)CNC(=O)c1ccc2cc(F)ccc2n1)c1ccccc1,1,COc1ccc([C@H](C)NC(=O)[C@@H]2C[C@@H](O)CN2C(=O)CNC(=O)c2ccc3cc(F)ccc3n2)c(Cl)c1,0.5163857,0.5164,0.7746479,0.7746,0.8212476,-10.4800,1.0000000,1.0000,[],17
2.2954,4.2698,85.5899,0.7020291,C[C@@H](NC(=O)[C@@H]1C[C@@H](O)CN1C(=O)CNC(=O)c1ccc2cc(F)ccc2n1)c1ccc(Cl)cc1,1,COc1ccc([C@H](C)NC(=O)[C@@H]2C[C@@H](O)CN2C(=O)CNC(=O)c2ccc3cc(F)ccc3n2)c(Cl)c1,0.4834885,0.4835,0.8014184,0.8014,0.7917488,-10.1100,1.0000000,1.0000,[],17
2.0533,3.4014,78.9213,0.6431466,O=C(NCC(=O)N1C[C@H](O)C[C@H]1C(=O)NC1CCCCC1)c1ccc2cc(F)ccc2n1,1,COc1ccc([C@H](C)NC(=O)[C@@H]2C[C@@H](O)CN2C(=O)CNC(=O)c2ccc3cc(F)ccc3n2)c(Cl)c1,0.6501268,0.6501,0.6184211,0.6184,0.6523473,-8.7300,1.0000000,1.0000,[],17
2.4258,4.3193,77.1913,0.6368017,O=C(NCC(=O)N1C[C@H](O)C[C@H]1C(=O)NCc1ccc(Cl)c(Cl)c1)c1ccc2cc(F)ccc2n1,1,COc1ccc([C@H](C)NC(=O)[C@@H]2C[C@@H](O)CN2C(=O)CNC(=O)c2ccc3cc(F)ccc3n2)c(Cl)c1,0.4640416,0.4640,0.7114094,0.7114,0.7057813,-9.2100,1.0000000,1.0000,[],17
2.3828,3.8934,81.8078,0.6695402,O=C(NCC(=O)N1C[C@H](O)C[C@H]1C(=O)NCc1ccc(Cl)cc1)c1ccc2cc(F)ccc2n1,1,COc1ccc([C@H](C)NC(=O)[C@@H]2C[C@@H](O)CN2C(=O)CNC(=O)c2ccc3cc(F)ccc3n2)c(Cl)c1,0.4955094,0.4955,0.7260274,0.7260,0.7473962,-9.6200,1.0000000,1.0000,[],17
2.3498,3.2004,79.0450,0.6425422,O=C(NCC(=O)N1C[C@H](O)C[C@H]1C(=O)NCc1cccc(Cl)c1)c1ccc2cc(F)ccc2n1,1,COc1ccc([C@H](C)NC(=O)[C@@H]2C[C@@H](O)CN2C(=O)CNC(=O)c2ccc3cc(F)ccc3n2)c(Cl)c1,0.4955094,0.4955,0.7210884,0.7211,0.6906898,-9.0700,1.0000000,1.0000,[],17
2.2352,4.2413,74.0626,0.6117486,O=C(NCC(=O)N1C[C@H](O)C[C@H]1C(=O)N[C@@H](CO)c1cccc(Cl)c1)c1ccc2cc(F)ccc2n1,1,COc1ccc([C@H](C)NC(=O)[C@@H]2C[C@@H](O)CN2C(=O)CNC(=O)c2ccc3cc(F)ccc3n2)c(Cl)c1,0.3782864,0.3783,0.7432432,0.7432,0.7057813,-9.2100,1.0000000,1.0000,[],17
2.5241,4.6734,72.1043,0.5998256,O=C(NCC(=O)N1C[C@H](O)C[C@H]1C(=O)N[C@H](CO)c1cccc(Cl)c1)c1ccc2cc(F)ccc2n1,1,COc1ccc([C@H](C)NC(=O)[C@@H]2C[C@@H](O)CN2C(=O)CNC(=O)c2ccc3cc(F)ccc3n2)c(Cl)c1,0.3782864,0.3783,0.7432432,0.7432,0.6785380,-8.9600,1.0000000,1.0000,[],17
2.3818,4.0491,80.4208,0.6599210,CC(C)C(NC(=O)[C@@H]1C[C@@H](O)CN1C(=O)CNC(=O)c1ccc2cc(F)ccc2n1)c1ccccc1,1,COc1ccc([C@H](C)NC(=O)[C@@H]2C[C@@H](O)CN2C(=O)CNC(=O)c2ccc3cc(F)ccc3n2)c(Cl)c1,0.4695327,0.4695,0.7364865,0.7365,0.7405742,-9.5500,1.0000000,1.0000,[],18
2.3857,4.8186,79.3090,0.6572468,CC(NC(=O)[C@@H]1C[C@@H](O)CN1C(=O)CNC(=O)c1ccc2cc(F)ccc2n1)c1ccc(Cl)cc1,1,COc1ccc([C@H](C)NC(=O)[C@@H]2C[C@@H](O)CN2C(=O)CNC(=O)c2ccc3cc(F)ccc3n2)c(Cl)c1,0.4834885,0.4835,0.8014184,0.8014,0.6939597,-9.1000,1.0000000,1.0000,[],18
2.2383,4.5815,87.6685,0.7207036,CC(NC(=O)[C@@H]1C[C@@H](O)CN1C(=O)CNC(=O)c1ccc2cc(F)ccc2n1)c1ccccc1,1,COc1ccc([C@H](C)NC(=O)[C@@H]2C[C@@H](O)CN2C(=O)CNC(=O)c2ccc3cc(F)ccc3n2)c(Cl)c1,0.5163857,0.5164,0.7746479,0.7746,0.8212476,-10.4800,1.0000000,1.0000,[],18
2.3304,4.2698,85.5899,0.7020291,C[C@@H](NC(=O)[C@@H]1C[C@@H](O)CN1C(=O)CNC(=O)c1ccc2cc(F)ccc2n1)c1ccc(Cl)cc1,1,COc1ccc([C@H](C)NC(=O)[C@@H]2C[C@@H](O)CN2C(=O)CNC(=O)c2ccc3cc(F)ccc3n2)c(Cl)c1,0.4834885,0.4835,0.8014184,0.8014,0.7917488,-10.1100,1.0000000,1.0000,[],18
2.1354,3.4014,78.9213,0.6431466,O=C(NCC(=O)N1C[C@H](O)C[C@H]1C(=O)NC1CCCCC1)c1ccc2cc(F)ccc2n1,1,COc1ccc([C@H](C)NC(=O)[C@@H]2C[C@@H](O)CN2C(=O)CNC(=O)c2ccc3cc(F)ccc3n2)c(Cl)c1,0.6501268,0.6501,0.6184211,0.6184,0.6523473,-8.7300,1.0000000,1.0000,[],18
2.4782,4.3193,77.1913,0.6368017,O=C(NCC(=O)N1C[C@H](O)C[C@H]1C(=O)NCc1ccc(Cl)c(Cl)c1)c1ccc2cc(F)ccc2n1,1,COc1ccc([C@H](C)NC(=O)[C@@H]2C[C@@H](O)CN2C(=O)CNC(=O)c2ccc3cc(F)ccc3n2)c(Cl)c1,0.4640416,0.4640,0.7114094,0.7114,0.7057813,-9.2100,1.0000000,1.0000,[],18
2.2201,3.8934,81.8078,0.6695402,O=C(NCC(=O)N1C[C@H](O)C[C@H]1C(=O)NCc1ccc(Cl)cc1)c1ccc2cc(F)ccc2n1,1,COc1ccc([C@H](C)NC(=O)[C@@H]2C[C@@H](O)CN2C(=O)CNC(=O)c2ccc3cc(F)ccc3n2)c(Cl)c1,0.4955094,0.4955,0.7260274,0.7260,0.7473962,-9.6200,1.0000000,1.0000,[],18
2.4440,3.2004,79.0450,0.6425422,O=C(NCC(=O)N1C[C@H](O)C[C@H]1C(=O)NCc1cccc(Cl)c1)c1ccc2cc(F)ccc2n1,1,COc1ccc([C@H](C)NC(=O)[C@@H]2C[C@@H](O)CN2C(=O)CNC(=O)c2ccc3cc(F)ccc3n2)c(Cl)c1,0.4955094,0.4955,0.7210884,0.7211,0.6906898,-9.0700,1.0000000,1.0000,[],18
2.1582,4.2413,74.0626,0.6117486,O=C(NCC(=O)N1C[C@H](O)C[C@H]1C(=O)N[C@@H](CO)c1cccc(Cl)c1)c1ccc2cc(F)ccc2n1,1,COc1ccc([C@H](C)NC(=O)[C@@H]2C[C@@H](O)CN2C(=O)CNC(=O)c2ccc3cc(F)ccc3n2)c(Cl)c1,0.3782864,0.3783,0.7432432,0.7432,0.7057813,-9.2100,1.0000000,1.0000,[],18
2.3773,4.6734,72.1043,0.5998256,O=C(NCC(=O)N1C[C@H](O)C[C@H]1C(=O)N[C@H](CO)c1cccc(Cl)c1)c1ccc2cc(F)ccc2n1,1,COc1ccc([C@H](C)NC(=O)[C@@H]2C[C@@H](O)CN2C(=O)CNC(=O)c2ccc3cc(F)ccc3n2)c(Cl)c1,0.3782864,0.3783,0.7432432,0.7432,0.6785380,-8.9600,1.0000000,1.0000,[],18
2.2841,4.0491,80.4208,0.6599210,CC(C)C(NC(=O)[C@@H]1C[C@@H](O)CN1C(=O)CNC(=O)c1ccc2cc(F)ccc2n1)c1ccccc1,1,COc1ccc([C@H](C)NC(=O)[C@@H]2C[C@@H](O)CN2C(=O)CNC(=O)c2ccc3cc(F)ccc3n2)c(Cl)c1,0.4695327,0.4695,0.7364865,0.7365,0.7405742,-9.5500,1.0000000,1.0000,[],19
2.3629,4.8186,79.3090,0.6572468,CC(NC(=O)[C@@H]1C[C@@H](O)CN1C(=O)CNC(=O)c1ccc2cc(F)ccc2n1)c1ccc(Cl)cc1,1,COc1ccc([C@H](C)NC(=O)[C@@H]2C[C@@H](O)CN2C(=O)CNC(=O)c2ccc3cc(F)ccc3n2)c(Cl)c1,0.4834885,0.4835,0.8014184,0.8014,0.6939597,-9.1000,1.0000000,1.0000,[],19
2.3018,4.5815,87.6685,0.7207036,CC(NC(=O)[C@@H]1C[C@@H](O)CN1C(=O)CNC(=O)c1ccc2cc(F)ccc2n1)c1ccccc1,1,COc1ccc([C@H](C)NC(=O)[C@@H]2C[C@@H](O)CN2C(=O)CNC(=O)c2ccc3cc(F)ccc3n2)c(Cl)c1,0.5163857,0.5164,0.7746479,0.7746,0.8212476,-10.4800,1.0000000,1.0000,[],19
2.3008,4.2698,85.5899,0.7020291,C[C@@H](NC(=O)[C@@H]1C[C@@H](O)CN1C(=O)CNC(=O)c1ccc2cc(F)ccc2n1)c1ccc(Cl)cc1,1,COc1ccc([C@H](C)NC(=O)[C@@H]2C[C@@H](O)CN2C(=O)CNC(=O)c2ccc3cc(F)ccc3n2)c(Cl)c1,0.4834885,0.4835,0.8014184,0.8014,0.7917488,-10.1100,1.0000000,1.0000,[],19
2.3496,3.4014,78.9213,0.6431466,O=C(NCC(=O)N1C[C@H](O)C[C@H]1C(=O)NC1CCCCC1)c1ccc2cc(F)ccc2n1,1,COc1ccc([C@H](C)NC(=O)[C@@H]2C[C@@H](O)CN2C(=O)CNC(=O)c2ccc3cc(F)ccc3n2)c(Cl)c1,0.6501268,0.6501,0.6184211,0.6184,0.6523473,-8.7300,1.0000000,1.0000,[],19
2.4443,4.3193,77.1913,0.6368017,O=C(NCC(=O)N1C[C@H](O)C[C@H]1C(=O)NCc1ccc(Cl)c(Cl)c1)c1ccc2cc(F)ccc2n1,1,COc1ccc([C@H](C)NC(=O)[C@@H]2C[C@@H](O)CN2C(=O)CNC(=O)c2ccc3cc(F)ccc3n2)c(Cl)c1,0.4640416,0.4640,0.7114094,0.7114,0.7057813,-9.2100,1.0000000,1.0000,[],19
2.1161,3.8934,81.8078,0.6695402,O=C(NCC(=O)N1C[C@H](O)C[C@H]1C(=O)NCc1ccc(Cl)cc1)c1ccc2cc(F)ccc2n1,1,COc1ccc([C@H](C)NC(=O)[C@@H]2C[C@@H](O)CN2C(=O)CNC(=O)c2ccc3cc(F)ccc3n2)c(Cl)c1,0.4955094,0.4955,0.7260274,0.7260,0.7473962,-9.6200,1.0000000,1.0000,[],19
2.4954,3.2004,79.0450,0.6425422,O=C(NCC(=O)N1C[C@H](O)C[C@H]1C(=O)NCc1cccc(Cl)c1)c1ccc2cc(F)ccc2n1,1,COc1ccc([C@H](C)NC(=O)[C@@H]2C[C@@H](O)CN2C(=O)CNC(=O)c2ccc3cc(F)ccc3n2)c(Cl)c1,0.4955094,0.4955,0.7210884,0.7211,0.6906898,-9.0700,1.0000000,1.0000,[],19
2.1648,4.2413,74.0626,0.6117486,O=C(NCC(=O)N1C[C@H](O)C[C@H]1C(=O)N[C@@H](CO)c1cccc(Cl)c1)c1ccc2cc(F)ccc2n1,1,COc1ccc([C@H](C)NC(=O)[C@@H]2C[C@@H](O)CN2C(=O)CNC(=O)c2ccc3cc(F)ccc3n2)c(Cl)c1,0.3782864,0.3783,0.7432432,0.7432,0.7057813,-9.2100,1.0000000,1.0000,[],19
2.3157,4.6734,72.1043,0.5998256,O=C(NCC(=O)N1C[C@H](O)C[C@H]1C(=O)N[C@H](CO)c1cccc(Cl)c1)c1ccc2cc(F)ccc2n1,1,COc1ccc([C@H](C)NC(=O)[C@@H]2C[C@@H](O)CN2C(=O)CNC(=O)c2ccc3cc(F)ccc3n2)c(Cl)c1,0.3782864,0.3783,0.7432432,0.7432,0.6785380,-8.9600,1.0000000,1.0000,[],19
2.2281,4.0491,80.4208,0.6599210,CC(C)C(NC(=O)[C@@H]1C[C@@H](O)CN1C(=O)CNC(=O)c1ccc2cc(F)ccc2n1)c1ccccc1,1,COc1ccc([C@H](C)NC(=O)[C@@H]2C[C@@H](O)CN2C(=O)CNC(=O)c2ccc3cc(F)ccc3n2)c(Cl)c1,0.4695327,0.4695,0.7364865,0.7365,0.7405742,-9.5500,1.0000000,1.0000,[],20
2.2892,4.8186,79.3090,0.6572468,CC(NC(=O)[C@@H]1C[C@@H](O)CN1C(=O)CNC(=O)c1ccc2cc(F)ccc2n1)c1ccc(Cl)cc1,1,COc1ccc([C@H](C)NC(=O)[C@@H]2C[C@@H](O)CN2C(=O)CNC(=O)c2ccc3cc(F)ccc3n2)c(Cl)c1,0.4834885,0.4835,0.8014184,0.8014,0.6939597,-9.1000,1.0000000,1.0000,[],20
2.2822,4.5815,87.6685,0.7207036,CC(NC(=O)[C@@H]1C[C@@H](O)CN1C(=O)CNC(=O)c1ccc2cc(F)ccc2n1)c1ccccc1,1,COc1ccc([C@H](C)NC(=O)[C@@H]2C[C@@H](O)CN2C(=O)CNC(=O)c2ccc3cc(F)ccc3n2)c(Cl)c1,0.5163857,0.5164,0.7746479,0.7746,0.8212476,-10.4800,1.0000000,1.0000,[],20
2.2235,4.2698,85.5899,0.7020291,C[C@@H](NC(=O)[C@@H]1C[C@@H](O)CN1C(=O)CNC(=O)c1ccc2cc(F)ccc2n1)c1ccc(Cl)cc1,1,COc1ccc([C@H](C)NC(=O)[C@@H]2C[C@@H](O)CN2C(=O)CNC(=O)c2ccc3cc(F)ccc3n2)c(Cl)c1,0.4834885,0.4835,0.8014184,0.8014,0.7917488,-10.1100,1.0000000,1.0000,[],20
2.5524,3.4014,78.9213,0.6431466,O=C(NCC(=O)N1C[C@H](O)C[C@H]1C(=O)NC1CCCCC1)c1ccc2cc(F)ccc2n1,1,COc1ccc([C@H](C)NC(=O)[C@@H]2C[C@@H](O)CN2C(=O)CNC(=O)c2ccc3cc(F)ccc3n2)c(Cl)c1,0.6501268,0.6501,0.6184211,0.6184,0.6523473,-8.7300,1.0000000,1.0000,[],20
2.3300,4.3193,77.1913,0.6368017,O=C(NCC(=O)N1C[C@H](O)C[C@H]1C(=O)NCc1ccc(Cl)c(Cl)c1)c1ccc2cc(F)ccc2n1,1,COc1ccc([C@H](C)NC(=O)[C@@H]2C[C@@H](O)CN2C(=O)CNC(=O)c2ccc3cc(F)ccc3n2)c(Cl)c1,0.4640416,0.4640,0.7114094,0.7114,0.7057813,-9.2100,1.0000000,1.0000,[],20
2.1124,3.8934,81.8078,0.6695402,O=C(NCC(=O)N1C[C@H](O)C[C@H]1C(=O)NCc1ccc(Cl)cc1)c1ccc2cc(F)ccc2n1,1,COc1ccc([C@H](C)NC(=O)[C@@H]2C[C@@H](O)CN2C(=O)CNC(=O)c2ccc3cc(F)ccc3n2)c(Cl)c1,0.4955094,0.4955,0.7260274,0.7260,0.7473962,-9.6200,1.0000000,1.0000,[],20
2.5040,3.2004,79.0450,0.6425422,O=C(NCC(=O)N1C[C@H](O)C[C@H]1C(=O)NCc1cccc(Cl)c1)c1ccc2cc(F)ccc2n1,1,COc1ccc([C@H](C)NC(=O)[C@@H]2C[C@@H](O)CN2C(=O)CNC(=O)c2ccc3cc(F)ccc3n2)c(Cl)c1,0.4955094,0.4955,0.7210884,0.7211,0.6906898,-9.0700,1.0000000,1.0000,[],20
2.2721,4.2413,74.0626,0.6117486,O=C(NCC(=O)N1C[C@H](O)C[C@H]1C(=O)N[C@@H](CO)c1cccc(Cl)c1)c1ccc2cc(F)ccc2n1,1,COc1ccc([C@H](C)NC(=O)[C@@H]2C[C@@H](O)CN2C(=O)CNC(=O)c2ccc3cc(F)ccc3n2)c(Cl)c1,0.3782864,0.3783,0.7432432,0.7432,0.7057813,-9.2100,1.0000000,1.0000,[],20
2.3526,4.6734,72.1043,0.5998256,O=C(NCC(=O)N1C[C@H](O)C[C@H]1C(=O)N[C@H](CO)c1cccc(Cl)c1)c1ccc2cc(F)ccc2n1,1,COc1ccc([C@H](C)NC(=O)[C@@H]2C[C@@H](O)CN2C(=O)CNC(=O)c2ccc3cc(F)ccc3n2)c(Cl)c1,0.3782864,0.3783,0.7432432,0.7432,0.6785380,-8.9600,1.0000000,1.0000,[],20
2.2324,4.0491,80.4208,0.6599210,CC(C)C(NC(=O)[C@@H]1C[C@@H](O)CN1C(=O)CNC(=O)c1ccc2cc(F)ccc2n1)c1ccccc1,1,COc1ccc([C@H](C)NC(=O)[C@@H]2C[C@@H](O)CN2C(=O)CNC(=O)c2ccc3cc(F)ccc3n2)c(Cl)c1,0.4695327,0.4695,0.7364865,0.7365,0.7405742,-9.5500,1.0000000,1.0000,[],21
2.2737,4.8186,79.3090,0.6572468,CC(NC(=O)[C@@H]1C[C@@H](O)CN1C(=O)CNC(=O)c1ccc2cc(F)ccc2n1)c1ccc(Cl)cc1,1,COc1ccc([C@H](C)NC(=O)[C@@H]2C[C@@H](O)CN2C(=O)CNC(=O)c2ccc3cc(F)ccc3n2)c(Cl)c1,0.4834885,0.4835,0.8014184,0.8014,0.6939597,-9.1000,1.0000000,1.0000,[],21
2.1975,4.5815,87.6685,0.7207036,CC(NC(=O)[C@@H]1C[C@@H](O)CN1C(=O)CNC(=O)c1ccc2cc(F)ccc2n1)c1ccccc1,1,COc1ccc([C@H](C)NC(=O)[C@@H]2C[C@@H](O)CN2C(=O)CNC(=O)c2ccc3cc(F)ccc3n2)c(Cl)c1,0.5163857,0.5164,0.7746479,0.7746,0.8212476,-10.4800,1.0000000,1.0000,[],21
2.1736,4.2698,85.5899,0.7020291,C[C@@H](NC(=O)[C@@H]1C[C@@H](O)CN1C(=O)CNC(=O)c1ccc2cc(F)ccc2n1)c1ccc(Cl)cc1,1,COc1ccc([C@H](C)NC(=O)[C@@H]2C[C@@H](O)CN2C(=O)CNC(=O)c2ccc3cc(F)ccc3n2)c(Cl)c1,0.4834885,0.4835,0.8014184,0.8014,0.7917488,-10.1100,1.0000000,1.0000,[],21
2.5460,3.4014,78.9213,0.6431466,O=C(NCC(=O)N1C[C@H](O)C[C@H]1C(=O)NC1CCCCC1)c1ccc2cc(F)ccc2n1,1,COc1ccc([C@H](C)NC(=O)[C@@H]2C[C@@H](O)CN2C(=O)CNC(=O)c2ccc3cc(F)ccc3n2)c(Cl)c1,0.6501268,0.6501,0.6184211,0.6184,0.6523473,-8.7300,1.0000000,1.0000,[],21
2.2145,4.3193,77.1913,0.6368017,O=C(NCC(=O)N1C[C@H](O)C[C@H]1C(=O)NCc1ccc(Cl)c(Cl)c1)c1ccc2cc(F)ccc2n1,1,COc1ccc([C@H](C)NC(=O)[C@@H]2C[C@@H](O)CN2C(=O)CNC(=O)c2ccc3cc(F)ccc3n2)c(Cl)c1,0.4640416,0.4640,0.7114094,0.7114,0.7057813,-9.2100,1.0000000,1.0000,[],21
2.1937,3.8934,81.8078,0.6695402,O=C(NCC(=O)N1C[C@H](O)C[C@H]1C(=O)NCc1ccc(Cl)cc1)c1ccc2cc(F)ccc2n1,1,COc1ccc([C@H](C)NC(=O)[C@@H]2C[C@@H](O)CN2C(=O)CNC(=O)c2ccc3cc(F)ccc3n2)c(Cl)c1,0.4955094,0.4955,0.7260274,0.7260,0.7473962,-9.6200,1.0000000,1.0000,[],21
2.4672,3.2004,79.0450,0.6425422,O=C(NCC(=O)N1C[C@H](O)C[C@H]1C(=O)NCc1cccc(Cl)c1)c1ccc2cc(F)ccc2n1,1,COc1ccc([C@H](C)NC(=O)[C@@H]2C[C@@H](O)CN2C(=O)CNC(=O)c2ccc3cc(F)ccc3n2)c(Cl)c1,0.4955094,0.4955,0.7210884,0.7211,0.6906898,-9.0700,1.0000000,1.0000,[],21
2.4225,4.2413,74.0626,0.6117486,O=C(NCC(=O)N1C[C@H](O)C[C@H]1C(=O)N[C@@H](CO)c1cccc(Cl)c1)c1ccc2cc(F)ccc2n1,1,COc1ccc([C@H](C)NC(=O)[C@@H]2C[C@@H](O)CN2C(=O)CNC(=O)c2ccc3cc(F)ccc3n2)c(Cl)c1,0.3782864,0.3783,0.7432432,0.7432,0.7057813,-9.2100,1.0000000,1.0000,[],21
2.4272,4.6734,72.1043,0.5998256,O=C(NCC(=O)N1C[C@H](O)C[C@H]1C(=O)N[C@H](CO)c1cccc(Cl)c1)c1ccc2cc(F)ccc2n1,1,COc1ccc([C@H](C)NC(=O)[C@@H]2C[C@@H](O)CN2C(=O)CNC(=O)c2ccc3cc(F)ccc3n2)c(Cl)c1,0.3782864,0.3783,0.7432432,0.7432,0.6785380,-8.9600,1.0000000,1.0000,[],21
2.2799,4.0491,80.4208,0.6599210,CC(C)C(NC(=O)[C@@H]1C[C@@H](O)CN1C(=O)CNC(=O)c1ccc2cc(F)ccc2n1)c1ccccc1,1,COc1ccc([C@H](C)NC(=O)[C@@H]2C[C@@H](O)CN2C(=O)CNC(=O)c2ccc3cc(F)ccc3n2)c(Cl)c1,0.4695327,0.4695,0.7364865,0.7365,0.7405742,-9.5500,1.0000000,1.0000,[],22
2.3469,4.8186,79.3090,0.6572468,CC(NC(=O)[C@@H]1C[C@@H](O)CN1C(=O)CNC(=O)c1ccc2cc(F)ccc2n1)c1ccc(Cl)cc1,1,COc1ccc([C@H](C)NC(=O)[C@@H]2C[C@@H](O)CN2C(=O)CNC(=O)c2ccc3cc(F)ccc3n2)c(Cl)c1,0.4834885,0.4835,0.8014184,0.8014,0.6939597,-9.1000,1.0000000,1.0000,[],22
2.1279,4.5815,87.6685,0.7207036,CC(NC(=O)[C@@H]1C[C@@H](O)CN1C(=O)CNC(=O)c1ccc2cc(F)ccc2n1)c1ccccc1,1,COc1ccc([C@H](C)NC(=O)[C@@H]2C[C@@H](O)CN2C(=O)CNC(=O)c2ccc3cc(F)ccc3n2)c(Cl)c1,0.5163857,0.5164,0.7746479,0.7746,0.8212476,-10.4800,1.0000000,1.0000,[],22
2.1855,4.2698,85.5899,0.7020291,C[C@@H](NC(=O)[C@@H]1C[C@@H](O)CN1C(=O)CNC(=O)c1ccc2cc(F)ccc2n1)c1ccc(Cl)cc1,1,COc1ccc([C@H](C)NC(=O)[C@@H]2C[C@@H](O)CN2C(=O)CNC(=O)c2ccc3cc(F)ccc3n2)c(Cl)c1,0.4834885,0.4835,0.8014184,0.8014,0.7917488,-10.1100,1.0000000,1.0000,[],22
2.3671,3.4014,78.9213,0.6431466,O=C(NCC(=O)N1C[C@H](O)C[C@H]1C(=O)NC1CCCCC1)c1ccc2cc(F)ccc2n1,1,COc1ccc([C@H](C)NC(=O)[C@@H]2C[C@@H](O)CN2C(=O)CNC(=O)c2ccc3cc(F)ccc3n2)c(Cl)c1,0.6501268,0.6501,0.6184211,0.6184,0.6523473,-8.7300,1.0000000,1.0000,[],22
2.1658,4.3193,77.1913,0.6368017,O=C(NCC(=O)N1C[C@H](O)C[C@H]1C(=O)NCc1ccc(Cl)c(Cl)c1)c1ccc2cc(F)ccc2n1,1,COc1ccc([C@H](C)NC(=O)[C@@H]2C[C@@H](O)CN2C(=O)CNC(=O)c2ccc3cc(F)ccc3n2)c(Cl)c1,0.4640416,0.4640,0.7114094,0.7114,0.7057813,-9.2100,1.0000000,1.0000,[],22
2.2788,3.8934,81.8078,0.6695402,O=C(NCC(=O)N1C[C@H](O)C[C@H]1C(=O)NCc1ccc(Cl)cc1)c1ccc2cc(F)ccc2n1,1,COc1ccc([C@H](C)NC(=O)[C@@H]2C[C@@H](O)CN2C(=O)CNC(=O)c2ccc3cc(F)ccc3n2)c(Cl)c1,0.4955094,0.4955,0.7260274,0.7260,0.7473962,-9.6200,1.0000000,1.0000,[],22
2.3849,3.2004,79.0450,0.6425422,O=C(NCC(=O)N1C[C@H](O)C[C@H]1C(=O)NCc1cccc(Cl)c1)c1ccc2cc(F)ccc2n1,1,COc1ccc([C@H](C)NC(=O)[C@@H]2C[C@@H](O)CN2C(=O)CNC(=O)c2ccc3cc(F)ccc3n2)c(Cl)c1,0.4955094,0.4955,0.7210884,0.7211,0.6906898,-9.0700,1.0000000,1.0000,[],22
2.5395,4.2413,74.0626,0.6117486,O=C(NCC(=O)N1C[C@H](O)C[C@H]1C(=O)N[C@@H](CO)c1cccc(Cl)c1)c1ccc2cc(F)ccc2n1,1,COc1ccc([C@H](C)NC(=O)[C@@H]2C[C@@H](O)CN2C(=O)CNC(=O)c2ccc3cc(F)ccc3n2)c(Cl)c1,0.3782864,0.3783,0.7432432,0.7432,0.7057813,-9.2100,1.0000000,1.0000,[],22
2.4650,4.6734,72.1043,0.5998256,O=C(NCC(=O)N1C[C@H](O)C[C@H]1C(=O)N[C@H](CO)c1cccc(Cl)c1)c1ccc2cc(F)ccc2n1,1,COc1ccc([C@H](C)NC(=O)[C@@H]2C[C@@H](O)CN2C(=O)CNC(=O)c2ccc3cc(F)ccc3n2)c(Cl)c1,0.3782864,0.3783,0.7432432,0.7432,0.6785380,-8.9600,1.0000000,1.0000,[],22
2.3304,4.0491,80.4208,0.6599210,CC(C)C(NC(=O)[C@@H]1C[C@@H](O)CN1C(=O)CNC(=O)c1ccc2cc(F)ccc2n1)c1ccccc1,1,COc1ccc([C@H](C)NC(=O)[C@@H]2C[C@@H](O)CN2C(=O)CNC(=O)c2ccc3cc(F)ccc3n2)c(Cl)c1,0.4695327,0.4695,0.7364865,0.7365,0.7405742,-9.5500,1.0000000,1.0000,[],23
2.3742,4.8186,79.3090,0.6572468,CC(NC(=O)[C@@H]1C[C@@H](O)CN1C(=O)CNC(=O)c1ccc2cc(F)ccc2n1)c1ccc(Cl)cc1,1,COc1ccc([C@H](C)NC(=O)[C@@H]2C[C@@H](O)CN2C(=O)CNC(=O)c2ccc3cc(F)ccc3n2)c(Cl)c1,0.4834885,0.4835,0.8014184,0.8014,0.6939597,-9.1000,1.0000000,1.0000,[],23
2.1572,4.5815,87.6685,0.7207036,CC(NC(=O)[C@@H]1C[C@@H](O)CN1C(=O)CNC(=O)c1ccc2cc(F)ccc2n1)c1ccccc1,1,COc1ccc([C@H](C)NC(=O)[C@@H]2C[C@@H](O)CN2C(=O)CNC(=O)c2ccc3cc(F)ccc3n2)c(Cl)c1,0.5163857,0.5164,0.7746479,0.7746,0.8212476,-10.4800,1.0000000,1.0000,[],23
2.2295,4.2698,85.5899,0.7020291,C[C@@H](NC(=O)[C@@H]1C[C@@H](O)CN1C(=O)CNC(=O)c1ccc2cc(F)ccc2n1)c1ccc(Cl)cc1,1,COc1ccc([C@H](C)NC(=O)[C@@H]2C[C@@H](O)CN2C(=O)CNC(=O)c2ccc3cc(F)ccc3n2)c(Cl)c1,0.4834885,0.4835,0.8014184,0.8014,0.7917488,-10.1100,1.0000000,1.0000,[],23
2.1899,3.4014,78.9213,0.6431466,O=C(NCC(=O)N1C[C@H](O)C[C@H]1C(=O)NC1CCCCC1)c1ccc2cc(F)ccc2n1,1,COc1ccc([C@H](C)NC(=O)[C@@H]2C[C@@H](O)CN2C(=O)CNC(=O)c2ccc3cc(F)ccc3n2)c(Cl)c1,0.6501268,0.6501,0.6184211,0.6184,0.6523473,-8.7300,1.0000000,1.0000,[],23
2.2088,4.3193,77.1913,0.6368017,O=C(NCC(=O)N1C[C@H](O)C[C@H]1C(=O)NCc1ccc(Cl)c(Cl)c1)c1ccc2cc(F)ccc2n1,1,COc1ccc([C@H](C)NC(=O)[C@@H]2C[C@@H](O)CN2C(=O)CNC(=O)c2ccc3cc(F)ccc3n2)c(Cl)c1,0.4640416,0.4640,0.7114094,0.7114,0.7057813,-9.2100,1.0000000,1.0000,[],23
2.3217,3.8934,81.8078,0.6695402,O=C(NCC(=O)N1C[C@H](O)C[C@H]1C(=O)NCc1ccc(Cl)cc1)c1ccc2cc(F)ccc2n1,1,COc1ccc([C@H](C)NC(=O)[C@@H]2C[C@@H](O)CN2C(=O)CNC(=O)c2ccc3cc(F)ccc3n2)c(Cl)c1,0.4955094,0.4955,0.7260274,0.7260,0.7473962,-9.6200,1.0000000,1.0000,[],23
2.3004,3.2004,79.0450,0.6425422,O=C(NCC(=O)N1C[C@H](O)C[C@H]1C(=O)NCc1cccc(Cl)c1)c1ccc2cc(F)ccc2n1,1,COc1ccc([C@H](C)NC(=O)[C@@H]2C[C@@H](O)CN2C(=O)CNC(=O)c2ccc3cc(F)ccc3n2)c(Cl)c1,0.4955094,0.4955,0.7210884,0.7211,0.6906898,-9.0700,1.0000000,1.0000,[],23
2.5763,4.2413,74.0626,0.6117486,O=C(NCC(=O)N1C[C@H](O)C[C@H]1C(=O)N[C@@H](CO)c1cccc(Cl)c1)c1ccc2cc(F)ccc2n1,1,COc1ccc([C@H](C)NC(=O)[C@@H]2C[C@@H](O)CN2C(=O)CNC(=O)c2ccc3cc(F)ccc3n2)c(Cl)c1,0.3782864,0.3783,0.7432432,0.7432,0.7057813,-9.2100,1.0000000,1.0000,[],23
2.4433,4.6734,72.1043,0.5998256,O=C(NCC(=O)N1C[C@H](O)C[C@H]1C(=O)N[C@H](CO)c1cccc(Cl)c1)c1ccc2cc(F)ccc2n1,1,COc1ccc([C@H](C)NC(=O)[C@@H]2C[C@@H](O)CN2C(=O)CNC(=O)c2ccc3cc(F)ccc3n2)c(Cl)c1,0.3782864,0.3783,0.7432432,0.7432,0.6785380,-8.9600,1.0000000,1.0000,[],23
2.3570,4.0491,80.4208,0.6599210,CC(C)C(NC(=O)[C@@H]1C[C@@H](O)CN1C(=O)CNC(=O)c1ccc2cc(F)ccc2n1)c1ccccc1,1,COc1ccc([C@H](C)NC(=O)[C@@H]2C[C@@H](O)CN2C(=O)CNC(=O)c2ccc3cc(F)ccc3n2)c(Cl)c1,0.4695327,0.4695,0.7364865,0.7365,0.7405742,-9.5500,1.0000000,1.0000,[],24
2.3147,4.8186,79.3090,0.6572468,CC(NC(=O)[C@@H]1C[C@@H](O)CN1C(=O)CNC(=O)c1ccc2cc(F)ccc2n1)c1ccc(Cl)cc1,1,COc1ccc([C@H](C)NC(=O)[C@@H]2C[C@@H](O)CN2C(=O)CNC(=O)c2ccc3cc(F)ccc3n2)c(Cl)c1,0.4834885,0.4835,0.8014184,0.8014,0.6939597,-9.1000,1.0000000,1.0000,[],24
2.2437,4.5815,87.6685,0.7207036,CC(NC(=O)[C@@H]1C[C@@H](O)CN1C(=O)CNC(=O)c1ccc2cc(F)ccc2n1)c1ccccc1,1,COc1ccc([C@H](C)NC(=O)[C@@H]2C[C@@H](O)CN2C(=O)CNC(=O)c2ccc3cc(F)ccc3n2)c(Cl)c1,0.5163857,0.5164,0.7746479,0.7746,0.8212476,-10.4800,1.0000000,1.0000,[],24
2.2596,4.2698,85.5899,0.7020291,C[C@@H](NC(=O)[C@@H]1C[C@@H](O)CN1C(=O)CNC(=O)c1ccc2cc(F)ccc2n1)c1ccc(Cl)cc1,1,COc1ccc([C@H](C)NC(=O)[C@@H]2C[C@@H](O)CN2C(=O)CNC(=O)c2ccc3cc(F)ccc3n2)c(Cl)c1,0.4834885,0.4835,0.8014184,0.8014,0.7917488,-10.1100,1.0000000,1.0000,[],24
2.1280,3.4014,78.9213,0.6431466,O=C(NCC(=O)N1C[C@H](O)C[C@H]1C(=O)NC1CCCCC1)c1ccc2cc(F)ccc2n1,1,COc1ccc([C@H](C)NC(=O)[C@@H]2C[C@@H](O)CN2C(=O)CNC(=O)c2ccc3cc(F)ccc3n2)c(Cl)c1,0.6501268,0.6501,0.6184211,0.6184,0.6523473,-8.7300,1.0000000,1.0000,[],24
2.3229,4.3193,77.1913,0.6368017,O=C(NCC(=O)N1C[C@H](O)C[C@H]1C(=O)NCc1ccc(Cl)c(Cl)c1)c1ccc2cc(F)ccc2n1,1,COc1ccc([C@H](C)NC(=O)[C@@H]2C[C@@H](O)CN2C(=O)CNC(=O)c2ccc3cc(F)ccc3n2)c(Cl)c1,0.4640416,0.4640,0.7114094,0.7114,0.7057813,-9.2100,1.0000000,1.0000,[],24
2.3275,3.8934,81.8078,0.6695402,O=C(NCC(=O)N1C[C@H](O)C[C@H]1C(=O)NCc1ccc(Cl)cc1)c1ccc2cc(F)ccc2n1,1,COc1ccc([C@H](C)NC(=O)[C@@H]2C[C@@H](O)CN2C(=O)CNC(=O)c2ccc3cc(F)ccc3n2)c(Cl)c1,0.4955094,0.4955,0.7260274,0.7260,0.7473962,-9.6200,1.0000000,1.0000,[],24
2.2419,3.2004,79.0450,0.6425422,O=C(NCC(=O)N1C[C@H](O)C[C@H]1C(=O)NCc1cccc(Cl)c1)c1ccc2cc(F)ccc2n1,1,COc1ccc([C@H](C)NC(=O)[C@@H]2C[C@@H](O)CN2C(=O)CNC(=O)c2ccc3cc(F)ccc3n2)c(Cl)c1,0.4955094,0.4955,0.7210884,0.7211,0.6906898,-9.0700,1.0000000,1.0000,[],24
2.5359,4.2413,74.0626,0.6117486,O=C(NCC(=O)N1C[C@H](O)C[C@H]1C(=O)N[C@@H](CO)c1cccc(Cl)c1)c1ccc2cc(F)ccc2n1,1,COc1ccc([C@H](C)NC(=O)[C@@H]2C[C@@H](O)CN2C(=O)CNC(=O)c2ccc3cc(F)ccc3n2)c(Cl)c1,0.3782864,0.3783,0.7432432,0.7432,0.7057813,-9.2100,1.0000000,1.0000,[],24
2.3773,4.6734,72.1043,0.5998256,O=C(NCC(=O)N1C[C@H](O)C[C@H]1C(=O)N[C@H](CO)c1cccc(Cl)c1)c1ccc2cc(F)ccc2n1,1,COc1ccc([C@H](C)NC(=O)[C@@H]2C[C@@H](O)CN2C(=O)CNC(=O)c2ccc3cc(F)ccc3n2)c(Cl)c1,0.3782864,0.3783,0.7432432,0.7432,0.6785380,-8.9600,1.0000000,1.0000,[],24
2.3417,4.0491,80.4208,0.6599210,CC(C)C(NC(=O)[C@@H]1C[C@@H](O)CN1C(=O)CNC(=O)c1ccc2cc(F)ccc2n1)c1ccccc1,1,COc1ccc([C@H](C)NC(=O)[C@@H]2C[C@@H](O)CN2C(=O)CNC(=O)c2ccc3cc(F)ccc3n2)c(Cl)c1,0.4695327,0.4695,0.7364865,0.7365,0.7405742,-9.5500,1.0000000,1.0000,[],25
2.2594,4.8186,79.3090,0.6572468,CC(NC(=O)[C@@H]1C[C@@H](O)CN1C(=O)CNC(=O)c1ccc2cc(F)ccc2n1)c1ccc(Cl)cc1,1,COc1ccc([C@H](C)NC(=O)[C@@H]2C[C@@H](O)CN2C(=O)CNC(=O)c2ccc3cc(F)ccc3n2)c(Cl)c1,0.4834885,0.4835,0.8014184,0.8014,0.6939597,-9.1000,1.0000000,1.0000,[],25
2.2997,4.5815,87.6685,0.7207036,CC(NC(=O)[C@@H]1C[C@@H](O)CN1C(=O)CNC(=O)c1ccc2cc(F)ccc2n1)c1ccccc1,1,COc1ccc([C@H](C)NC(=O)[C@@H]2C[C@@H](O)CN2C(=O)CNC(=O)c2ccc3cc(F)ccc3n2)c(Cl)c1,0.5163857,0.5164,0.7746479,0.7746,0.8212476,-10.4800,1.0000000,1.0000,[],25
2.2590,4.2698,85.5899,0.7020291,C[C@@H](NC(=O)[C@@H]1C[C@@H](O)CN1C(=O)CNC(=O)c1ccc2cc(F)ccc2n1)c1ccc(Cl)cc1,1,COc1ccc([C@H](C)NC(=O)[C@@H]2C[C@@H](O)CN2C(=O)CNC(=O)c2ccc3cc(F)ccc3n2)c(Cl)c1,0.4834885,0.4835,0.8014184,0.8014,0.7917488,-10.1100,1.0000000,1.0000,[],25
2.2119,3.4014,78.9213,0.6431466,O=C(NCC(=O)N1C[C@H](O)C[C@H]1C(=O)NC1CCCCC1)c1ccc2cc(F)ccc2n1,1,COc1ccc([C@H](C)NC(=O)[C@@H]2C[C@@H](O)CN2C(=O)CNC(=O)c2ccc3cc(F)ccc3n2)c(Cl)c1,0.6501268,0.6501,0.6184211,0.6184,0.6523473,-8.7300,1.0000000,1.0000,[],25
2.4486,4.3193,77.1913,0.6368017,O=C(NCC(=O)N1C[C@H](O)C[C@H]1C(=O)NCc1ccc(Cl)c(Cl)c1)c1ccc2cc(F)ccc2n1,1,COc1ccc([C@H](C)NC(=O)[C@@H]2C[C@@H](O)CN2C(=O)CNC(=O)c2ccc3cc(F)ccc3n2)c(Cl)c1,0.4640416,0.4640,0.7114094,0.7114,0.7057813,-9.2100,1.0000000,1.0000,[],25
2.3147,3.8934,81.8078,0.6695402,O=C(NCC(=O)N1C[C@H](O)C[C@H]1C(=O)NCc1ccc(Cl)cc1)c1ccc2cc(F)ccc2n1,1,COc1ccc([C@H](C)NC(=O)[C@@H]2C[C@@H](O)CN2C(=O)CNC(=O)c2ccc3cc(F)ccc3n2)c(Cl)c1,0.4955094,0.4955,0.7260274,0.7260,0.7473962,-9.6200,1.0000000,1.0000,[],25
2.2026,3.2004,79.0450,0.6425422,O=C(NCC(=O)N1C[C@H](O)C[C@H]1C(=O)NCc1cccc(Cl)c1)c1ccc2cc(F)ccc2n1,1,COc1ccc([C@H](C)NC(=O)[C@@H]2C[C@@H](O)CN2C(=O)CNC(=O)c2ccc3cc(F)ccc3n2)c(Cl)c1,0.4955094,0.4955,0.7210884,0.7211,0.6906898,-9.0700,1.0000000,1.0000,[],25
2.4514,4.2413,74.0626,0.6117486,O=C(NCC(=O)N1C[C@H](O)C[C@H]1C(=O)N[C@@H](CO)c1cccc(Cl)c1)c1ccc2cc(F)ccc2n1,1,COc1ccc([C@H](C)NC(=O)[C@@H]2C[C@@H](O)CN2C(=O)CNC(=O)c2ccc3cc(F)ccc3n2)c(Cl)c1,0.3782864,0.3783,0.7432432,0.7432,0.7057813,-9.2100,1.0000000,1.0000,[],25
2.2997,4.6734,72.1043,0.5998256,O=C(NCC(=O)N1C[C@H](O)C[C@H]1C(=O)N[C@H](CO)c1cccc(Cl)c1)c1ccc2cc(F)ccc2n1,1,COc1ccc([C@H](C)NC(=O)[C@@H]2C[C@@H](O)CN2C(=O)CNC(=O)c2ccc3cc(F)ccc3n2)c(Cl)c1,0.3782864,0.3783,0.7432432,0.7432,0.6785380,-8.9600,1.0000000,1.0000,[],25
2.2970,4.0491,80.4208,0.6599210,CC(C)C(NC(=O)[C@@H]1C[C@@H](O)CN1C(=O)CNC(=O)c1ccc2cc(F)ccc2n1)c1ccccc1,1,COc1ccc([C@H](C)NC(=O)[C@@H]2C[C@@H](O)CN2C(=O)CNC(=O)c2ccc3cc(F)ccc3n2)c(Cl)c1,0.4695327,0.4695,0.7364865,0.7365,0.7405742,-9.5500,1.0000000,1.0000,[],26
2.2557,4.8186,79.3090,0.6572468,CC(NC(=O)[C@@H]1C[C@@H](O)CN1C(=O)CNC(=O)c1ccc2cc(F)ccc2n1)c1ccc(Cl)cc1,1,COc1ccc([C@H](C)NC(=O)[C@@H]2C[C@@H](O)CN2C(=O)CNC(=O)c2ccc3cc(F)ccc3n2)c(Cl)c1,0.4834885,0.4835,0.8014184,0.8014,0.6939597,-9.1000,1.0000000,1.0000,[],26
2.2827,4.5815,87.6685,0.7207036,CC(NC(=O)[C@@H]1C[C@@H](O)CN1C(=O)CNC(=O)c1ccc2cc(F)ccc2n1)c1ccccc1,1,COc1ccc([C@H](C)NC(=O)[C@@H]2C[C@@H](O)CN2C(=O)CNC(=O)c2ccc3cc(F)ccc3n2)c(Cl)c1,0.5163857,0.5164,0.7746479,0.7746,0.8212476,-10.4800,1.0000000,1.0000,[],26
2.2393,4.2698,85.5899,0.7020291,C[C@@H](NC(=O)[C@@H]1C[C@@H](O)CN1C(=O)CNC(=O)c1ccc2cc(F)ccc2n1)c1ccc(Cl)cc1,1,COc1ccc([C@H](C)NC(=O)[C@@H]2C[C@@H](O)CN2C(=O)CNC(=O)c2ccc3cc(F)ccc3n2)c(Cl)c1,0.4834885,0.4835,0.8014184,0.8014,0.7917488,-10.1100,1.0000000,1.0000,[],26
2.3608,3.4014,78.9213,0.6431466,O=C(NCC(=O)N1C[C@H](O)C[C@H]1C(=O)NC1CCCCC1)c1ccc2cc(F)ccc2n1,1,COc1ccc([C@H](C)NC(=O)[C@@H]2C[C@@H](O)CN2C(=O)CNC(=O)c2ccc3cc(F)ccc3n2)c(Cl)c1,0.6501268,0.6501,0.6184211,0.6184,0.6523473,-8.7300,1.0000000,1.0000,[],26
2.5185,4.3193,77.1913,0.6368017,O=C(NCC(=O)N1C[C@H](O)C[C@H]1C(=O)NCc1ccc(Cl)c(Cl)c1)c1ccc2cc(F)ccc2n1,1,COc1ccc([C@H](C)NC(=O)[C@@H]2C[C@@H](O)CN2C(=O)CNC(=O)c2ccc3cc(F)ccc3n2)c(Cl)c1,0.4640416,0.4640,0.7114094,0.7114,0.7057813,-9.2100,1.0000000,1.0000,[],26
2.3177,3.8934,81.8078,0.6695402,O=C(NCC(=O)N1C[C@H](O)C[C@H]1C(=O)NCc1ccc(Cl)cc1)c1ccc2cc(F)ccc2n1,1,COc1ccc([C@H](C)NC(=O)[C@@H]2C[C@@H](O)CN2C(=O)CNC(=O)c2ccc3cc(F)ccc3n2)c(Cl)c1,0.4955094,0.4955,0.7260274,0.7260,0.7473962,-9.6200,1.0000000,1.0000,[],26
2.1926,3.2004,79.0450,0.6425422,O=C(NCC(=O)N1C[C@H](O)C[C@H]1C(=O)NCc1cccc(Cl)c1)c1ccc2cc(F)ccc2n1,1,COc1ccc([C@H](C)NC(=O)[C@@H]2C[C@@H](O)CN2C(=O)CNC(=O)c2ccc3cc(F)ccc3n2)c(Cl)c1,0.4955094,0.4955,0.7210884,0.7211,0.6906898,-9.0700,1.0000000,1.0000,[],26
2.3716,4.2413,74.0626,0.6117486,O=C(NCC(=O)N1C[C@H](O)C[C@H]1C(=O)N[C@@H](CO)c1cccc(Cl)c1)c1ccc2cc(F)ccc2n1,1,COc1ccc([C@H](C)NC(=O)[C@@H]2C[C@@H](O)CN2C(=O)CNC(=O)c2ccc3cc(F)ccc3n2)c(Cl)c1,0.3782864,0.3783,0.7432432,0.7432,0.7057813,-9.2100,1.0000000,1.0000,[],26
2.2545,4.6734,72.1043,0.5998256,O=C(NCC(=O)N1C[C@H](O)C[C@H]1C(=O)N[C@H](CO)c1cccc(Cl)c1)c1ccc2cc(F)ccc2n1,1,COc1ccc([C@H](C)NC(=O)[C@@H]2C[C@@H](O)CN2C(=O)CNC(=O)c2ccc3cc(F)ccc3n2)c(Cl)c1,0.3782864,0.3783,0.7432432,0.7432,0.6785380,-8.9600,1.0000000,1.0000,[],26
2.2596,4.0491,80.4208,0.6599210,CC(C)C(NC(=O)[C@@H]1C[C@@H](O)CN1C(=O)CNC(=O)c1ccc2cc(F)ccc2n1)c1ccccc1,1,COc1ccc([C@H](C)NC(=O)[C@@H]2C[C@@H](O)CN2C(=O)CNC(=O)c2ccc3cc(F)ccc3n2)c(Cl)c1,0.4695327,0.4695,0.7364865,0.7365,0.7405742,-9.5500,1.0000000,1.0000,[],27
2.2920,4.8186,79.3090,0.6572468,CC(NC(=O)[C@@H]1C[C@@H](O)CN1C(=O)CNC(=O)c1ccc2cc(F)ccc2n1)c1ccc(Cl)cc1,1,COc1ccc([C@H](C)NC(=O)[C@@H]2C[C@@H](O)CN2C(=O)CNC(=O)c2ccc3cc(F)ccc3n2)c(Cl)c1,0.4834885,0.4835,0.8014184,0.8014,0.6939597,-9.1000,1.0000000,1.0000,[],27
2.2161,4.5815,87.6685,0.7207036,CC(NC(=O)[C@@H]1C[C@@H](O)CN1C(=O)CNC(=O)c1ccc2cc(F)ccc2n1)c1ccccc1,1,COc1ccc([C@H](C)NC(=O)[C@@H]2C[C@@H](O)CN2C(=O)CNC(=O)c2ccc3cc(F)ccc3n2)c(Cl)c1,0.5163857,0.5164,0.7746479,0.7746,0.8212476,-10.4800,1.0000000,1.0000,[],27
2.2185,4.2698,85.5899,0.7020291,C[C@@H](NC(=O)[C@@H]1C[C@@H](O)CN1C(=O)CNC(=O)c1ccc2cc(F)ccc2n1)c1ccc(Cl)cc1,1,COc1ccc([C@H](C)NC(=O)[C@@H]2C[C@@H](O)CN2C(=O)CNC(=O)c2ccc3cc(F)ccc3n2)c(Cl)c1,0.4834885,0.4835,0.8014184,0.8014,0.7917488,-10.1100,1.0000000,1.0000,[],27
2.4625,3.4014,78.9213,0.6431466,O=C(NCC(=O)N1C[C@H](O)C[C@H]1C(=O)NC1CCCCC1)c1ccc2cc(F)ccc2n1,1,COc1ccc([C@H](C)NC(=O)[C@@H]2C[C@@H](O)CN2C(=O)CNC(=O)c2ccc3cc(F)ccc3n2)c(Cl)c1,0.6501268,0.6501,0.6184211,0.6184,0.6523473,-8.7300,1.0000000,1.0000,[],27
2.4894,4.3193,77.1913,0.6368017,O=C(NCC(=O)N1C[C@H](O)C[C@H]1C(=O)NCc1ccc(Cl)c(Cl)c1)c1ccc2cc(F)ccc2n1,1,COc1ccc([C@H](C)NC(=O)[C@@H]2C[C@@H](O)CN2C(=O)CNC(=O)c2ccc3cc(F)ccc3n2)c(Cl)c1,0.4640416,0.4640,0.7114094,0.7114,0.7057813,-9.2100,1.0000000,1.0000,[],27
2.3380,3.8934,81.8078,0.6695402,O=C(NCC(=O)N1C[C@H](O)C[C@H]1C(=O)NCc1ccc(Cl)cc1)c1ccc2cc(F)ccc2n1,1,COc1ccc([C@H](C)NC(=O)[C@@H]2C[C@@H](O)CN2C(=O)CNC(=O)c2ccc3cc(F)ccc3n2)c(Cl)c1,0.4955094,0.4955,0.7260274,0.7260,0.7473962,-9.6200,1.0000000,1.0000,[],27
2.2137,3.2004,79.0450,0.6425422,O=C(NCC(=O)N1C[C@H](O)C[C@H]1C(=O)NCc1cccc(Cl)c1)c1ccc2cc(F)ccc2n1,1,COc1ccc([C@H](C)NC(=O)[C@@H]2C[C@@H](O)CN2C(=O)CNC(=O)c2ccc3cc(F)ccc3n2)c(Cl)c1,0.4955094,0.4955,0.7210884,0.7211,0.6906898,-9.0700,1.0000000,1.0000,[],27
2.3356,4.2413,74.0626,0.6117486,O=C(NCC(=O)N1C[C@H](O)C[C@H]1C(=O)N[C@@H](CO)c1cccc(Cl)c1)c1ccc2cc(F)ccc2n1,1,COc1ccc([C@H](C)NC(=O)[C@@H]2C[C@@H](O)CN2C(=O)CNC(=O)c2ccc3cc(F)ccc3n2)c(Cl)c1,0.3782864,0.3783,0.7432432,0.7432,0.7057813,-9.2100,1.0000000,1.0000,[],27
2.2695,4.6734,72.1043,0.5998256,O=C(NCC(=O)N1C[C@H](O)C[C@H]1C(=O)N[C@H](CO)c1cccc(Cl)c1)c1ccc2cc(F)ccc2n1,1,COc1ccc([C@H](C)NC(=O)[C@@H]2C[C@@H](O)CN2C(=O)CNC(=O)c2ccc3cc(F)ccc3n2)c(Cl)c1,0.3782864,0.3783,0.7432432,0.7432,0.6785380,-8.9600,1.0000000,1.0000,[],27
2.2590,4.0491,80.4208,0.6599210,CC(C)C(NC(=O)[C@@H]1C[C@@H](O)CN1C(=O)CNC(=O)c1ccc2cc(F)ccc2n1)c1ccccc1,1,COc1ccc([C@H](C)NC(=O)[C@@H]2C[C@@H](O)CN2C(=O)CNC(=O)c2ccc3cc(F)ccc3n2)c(Cl)c1,0.4695327,0.4695,0.7364865,0.7365,0.7405742,-9.5500,1.0000000,1.0000,[],28
2.3217,4.8186,79.3090,0.6572468,CC(NC(=O)[C@@H]1C[C@@H](O)CN1C(=O)CNC(=O)c1ccc2cc(F)ccc2n1)c1ccc(Cl)cc1,1,COc1ccc([C@H](C)NC(=O)[C@@H]2C[C@@H](O)CN2C(=O)CNC(=O)c2ccc3cc(F)ccc3n2)c(Cl)c1,0.4834885,0.4835,0.8014184,0.8014,0.6939597,-9.1000,1.0000000,1.0000,[],28
2.1655,4.5815,87.6685,0.7207036,CC(NC(=O)[C@@H]1C[C@@H](O)CN1C(=O)CNC(=O)c1ccc2cc(F)ccc2n1)c1ccccc1,1,COc1ccc([C@H](C)NC(=O)[C@@H]2C[C@@H](O)CN2C(=O)CNC(=O)c2ccc3cc(F)ccc3n2)c(Cl)c1,0.5163857,0.5164,0.7746479,0.7746,0.8212476,-10.4800,1.0000000,1.0000,[],28
2.2160,4.2698,85.5899,0.7020291,C[C@@H](NC(=O)[C@@H]1C[C@@H](O)CN1C(=O)CNC(=O)c1ccc2cc(F)ccc2n1)c1ccc(Cl)cc1,1,COc1ccc([C@H](C)NC(=O)[C@@H]2C[C@@H](O)CN2C(=O)CNC(=O)c2ccc3cc(F)ccc3n2)c(Cl)c1,0.4834885,0.4835,0.8014184,0.8014,0.7917488,-10.1100,1.0000000,1.0000,[],28
2.4474,3.4014,78.9213,0.6431466,O=C(NCC(=O)N1C[C@H](O)C[C@H]1C(=O)NC1CCCCC1)c1ccc2cc(F)ccc2n1,1,COc1ccc([C@H](C)NC(=O)[C@@H]2C[C@@H](O)CN2C(=O)CNC(=O)c2ccc3cc(F)ccc3n2)c(Cl)c1,0.6501268,0.6501,0.6184211,0.6184,0.6523473,-8.7300,1.0000000,1.0000,[],28
2.3794,4.3193,77.1913,0.6368017,O=C(NCC(=O)N1C[C@H](O)C[C@H]1C(=O)NCc1ccc(Cl)c(Cl)c1)c1ccc2cc(F)ccc2n1,1,COc1ccc([C@H](C)NC(=O)[C@@H]2C[C@@H](O)CN2C(=O)CNC(=O)c2ccc3cc(F)ccc3n2)c(Cl)c1,0.4640416,0.4640,0.7114094,0.7114,0.7057813,-9.2100,1.0000000,1.0000,[],28
2.3521,3.8934,81.8078,0.6695402,O=C(NCC(=O)N1C[C@H](O)C[C@H]1C(=O)NCc1ccc(Cl)cc1)c1ccc2cc(F)ccc2n1,1,COc1ccc([C@H](C)NC(=O)[C@@H]2C[C@@H](O)CN2C(=O)CNC(=O)c2ccc3cc(F)ccc3n2)c(Cl)c1,0.4955094,0.4955,0.7260274,0.7260,0.7473962,-9.6200,1.0000000,1.0000,[],28
2.2587,3.2004,79.0450,0.6425422,O=C(NCC(=O)N1C[C@H](O)C[C@H]1C(=O)NCc1cccc(Cl)c1)c1ccc2cc(F)ccc2n1,1,COc1ccc([C@H](C)NC(=O)[C@@H]2C[C@@H](O)CN2C(=O)CNC(=O)c2ccc3cc(F)ccc3n2)c(Cl)c1,0.4955094,0.4955,0.7210884,0.7211,0.6906898,-9.0700,1.0000000,1.0000,[],28
2.3471,4.2413,74.0626,0.6117486,O=C(NCC(=O)N1C[C@H](O)C[C@H]1C(=O)N[C@@H](CO)c1cccc(Cl)c1)c1ccc2cc(F)ccc2n1,1,COc1ccc([C@H](C)NC(=O)[C@@H]2C[C@@H](O)CN2C(=O)CNC(=O)c2ccc3cc(F)ccc3n2)c(Cl)c1,0.3782864,0.3783,0.7432432,0.7432,0.7057813,-9.2100,1.0000000,1.0000,[],28
2.3347,4.6734,72.1043,0.5998256,O=C(NCC(=O)N1C[C@H](O)C[C@H]1C(=O)N[C@H](CO)c1cccc(Cl)c1)c1ccc2cc(F)ccc2n1,1,COc1ccc([C@H](C)NC(=O)[C@@H]2C[C@@H](O)CN2C(=O)CNC(=O)c2ccc3cc(F)ccc3n2)c(Cl)c1,0.3782864,0.3783,0.7432432,0.7432,0.6785380,-8.9600,1.0000000,1.0000,[],28
2.2857,4.0491,80.4208,0.6599210,CC(C)C(NC(=O)[C@@H]1C[C@@H](O)CN1C(=O)CNC(=O)c1ccc2cc(F)ccc2n1)c1ccccc1,1,COc1ccc([C@H](C)NC(=O)[C@@H]2C[C@@H](O)CN2C(=O)CNC(=O)c2ccc3cc(F)ccc3n2)c(Cl)c1,0.4695327,0.4695,0.7364865,0.7365,0.7405742,-9.5500,1.0000000,1.0000,[],29
2.3105,4.8186,79.3090,0.6572468,CC(NC(=O)[C@@H]1C[C@@H](O)CN1C(=O)CNC(=O)c1ccc2cc(F)ccc2n1)c1ccc(Cl)cc1,1,COc1ccc([C@H](C)NC(=O)[C@@H]2C[C@@H](O)CN2C(=O)CNC(=O)c2ccc3cc(F)ccc3n2)c(Cl)c1,0.4834885,0.4835,0.8014184,0.8014,0.6939597,-9.1000,1.0000000,1.0000,[],29
2.1741,4.5815,87.6685,0.7207036,CC(NC(=O)[C@@H]1C[C@@H](O)CN1C(=O)CNC(=O)c1ccc2cc(F)ccc2n1)c1ccccc1,1,COc1ccc([C@H](C)NC(=O)[C@@H]2C[C@@H](O)CN2C(=O)CNC(=O)c2ccc3cc(F)ccc3n2)c(Cl)c1,0.5163857,0.5164,0.7746479,0.7746,0.8212476,-10.4800,1.0000000,1.0000,[],29
2.2340,4.2698,85.5899,0.7020291,C[C@@H](NC(=O)[C@@H]1C[C@@H](O)CN1C(=O)CNC(=O)c1ccc2cc(F)ccc2n1)c1ccc(Cl)cc1,1,COc1ccc([C@H](C)NC(=O)[C@@H]2C[C@@H](O)CN2C(=O)CNC(=O)c2ccc3cc(F)ccc3n2)c(Cl)c1,0.4834885,0.4835,0.8014184,0.8014,0.7917488,-10.1100,1.0000000,1.0000,[],29
2.3402,3.4014,78.9213,0.6431466,O=C(NCC(=O)N1C[C@H](O)C[C@H]1C(=O)NC1CCCCC1)c1ccc2cc(F)ccc2n1,1,COc1ccc([C@H](C)NC(=O)[C@@H]2C[C@@H](O)CN2C(=O)CNC(=O)c2ccc3cc(F)ccc3n2)c(Cl)c1,0.6501268,0.6501,0.6184211,0.6184,0.6523473,-8.7300,1.0000000,1.0000,[],29
2.2652,4.3193,77.1913,0.6368017,O=C(NCC(=O)N1C[C@H](O)C[C@H]1C(=O)NCc1ccc(Cl)c(Cl)c1)c1ccc2cc(F)ccc2n1,1,COc1ccc([C@H](C)NC(=O)[C@@H]2C[C@@H](O)CN2C(=O)CNC(=O)c2ccc3cc(F)ccc3n2)c(Cl)c1,0.4640416,0.4640,0.7114094,0.7114,0.7057813,-9.2100,1.0000000,1.0000,[],29
2.3358,3.8934,81.8078,0.6695402,O=C(NCC(=O)N1C[C@H](O)C[C@H]1C(=O)NCc1ccc(Cl)cc1)c1ccc2cc(F)ccc2n1,1,COc1ccc([C@H](C)NC(=O)[C@@H]2C[C@@H](O)CN2C(=O)CNC(=O)c2ccc3cc(F)ccc3n2)c(Cl)c1,0.4955094,0.4955,0.7260274,0.7260,0.7473962,-9.6200,1.0000000,1.0000,[],29
2.3196,3.2004,79.0450,0.6425422,O=C(NCC(=O)N1C[C@H](O)C[C@H]1C(=O)NCc1cccc(Cl)c1)c1ccc2cc(F)ccc2n1,1,COc1ccc([C@H](C)NC(=O)[C@@H]2C[C@@H](O)CN2C(=O)CNC(=O)c2ccc3cc(F)ccc3n2)c(Cl)c1,0.4955094,0.4955,0.7210884,0.7211,0.6906898,-9.0700,1.0000000,1.0000,[],29
2.3839,4.2413,74.0626,0.6117486,O=C(NCC(=O)N1C[C@H](O)C[C@H]1C(=O)N[C@@H](CO)c1cccc(Cl)c1)c1ccc2cc(F)ccc2n1,1,COc1ccc([C@H](C)NC(=O)[C@@H]2C[C@@H](O)CN2C(=O)CNC(=O)c2ccc3cc(F)ccc3n2)c(Cl)c1,0.3782864,0.3783,0.7432432,0.7432,0.7057813,-9.2100,1.0000000,1.0000,[],29
2.4228,4.6734,72.1043,0.5998256,O=C(NCC(=O)N1C[C@H](O)C[C@H]1C(=O)N[C@H](CO)c1cccc(Cl)c1)c1ccc2cc(F)ccc2n1,1,COc1ccc([C@H](C)NC(=O)[C@@H]2C[C@@H](O)CN2C(=O)CNC(=O)c2ccc3cc(F)ccc3n2)c(Cl)c1,0.3782864,0.3783,0.7432432,0.7432,0.6785380,-8.9600,1.0000000,1.0000,[],29
2.3116,4.0491,80.4208,0.6599210,CC(C)C(NC(=O)[C@@H]1C[C@@H](O)CN1C(=O)CNC(=O)c1ccc2cc(F)ccc2n1)c1ccccc1,1,COc1ccc([C@H](C)NC(=O)[C@@H]2C[C@@H](O)CN2C(=O)CNC(=O)c2ccc3cc(F)ccc3n2)c(Cl)c1,0.4695327,0.4695,0.7364865,0.7365,0.7405742,-9.5500,1.0000000,1.0000,[],30
2.2928,4.8186,79.3090,0.6572468,CC(NC(=O)[C@@H]1C[C@@H](O)CN1C(=O)CNC(=O)c1ccc2cc(F)ccc2n1)c1ccc(Cl)cc1,1,COc1ccc([C@H](C)NC(=O)[C@@H]2C[C@@H](O)CN2C(=O)CNC(=O)c2ccc3cc(F)ccc3n2)c(Cl)c1,0.4834885,0.4835,0.8014184,0.8014,0.6939597,-9.1000,1.0000000,1.0000,[],30
2.2170,4.5815,87.6685,0.7207036,CC(NC(=O)[C@@H]1C[C@@H](O)CN1C(=O)CNC(=O)c1ccc2cc(F)ccc2n1)c1ccccc1,1,COc1ccc([C@H](C)NC(=O)[C@@H]2C[C@@H](O)CN2C(=O)CNC(=O)c2ccc3cc(F)ccc3n2)c(Cl)c1,0.5163857,0.5164,0.7746479,0.7746,0.8212476,-10.4800,1.0000000,1.0000,[],30
2.2563,4.2698,85.5899,0.7020291,C[C@@H](NC(=O)[C@@H]1C[C@@H](O)CN1C(=O)CNC(=O)c1ccc2cc(F)ccc2n1)c1ccc(Cl)cc1,1,COc1ccc([C@H](C)NC(=O)[C@@H]2C[C@@H](O)CN2C(=O)CNC(=O)c2ccc3cc(F)ccc3n2)c(Cl)c1,0.4834885,0.4835,0.8014184,0.8014,0.7917488,-10.1100,1.0000000,1.0000,[],30
2.2301,3.4014,78.9213,0.6431466,O=C(NCC(=O)N1C[C@H](O)C[C@H]1C(=O)NC1CCCCC1)c1ccc2cc(F)ccc2n1,1,COc1ccc([C@H](C)NC(=O)[C@@H]2C[C@@H](O)CN2C(=O)CNC(=O)c2ccc3cc(F)ccc3n2)c(Cl)c1,0.6501268,0.6501,0.6184211,0.6184,0.6523473,-8.7300,1.0000000,1.0000,[],30
2.2091,4.3193,77.1913,0.6368017,O=C(NCC(=O)N1C[C@H](O)C[C@H]1C(=O)NCc1ccc(Cl)c(Cl)c1)c1ccc2cc(F)ccc2n1,1,COc1ccc([C@H](C)NC(=O)[C@@H]2C[C@@H](O)CN2C(=O)CNC(=O)c2ccc3cc(F)ccc3n2)c(Cl)c1,0.4640416,0.4640,0.7114094,0.7114,0.7057813,-9.2100,1.0000000,1.0000,[],30
2.2856,3.8934,81.8078,0.6695402,O=C(NCC(=O)N1C[C@H](O)C[C@H]1C(=O)NCc1ccc(Cl)cc1)c1ccc2cc(F)ccc2n1,1,COc1ccc([C@H](C)NC(=O)[C@@H]2C[C@@H](O)CN2C(=O)CNC(=O)c2ccc3cc(F)ccc3n2)c(Cl)c1,0.4955094,0.4955,0.7260274,0.7260,0.7473962,-9.6200,1.0000000,1.0000,[],30
2.3772,3.2004,79.0450,0.6425422,O=C(NCC(=O)N1C[C@H](O)C[C@H]1C(=O)NCc1cccc(Cl)c1)c1ccc2cc(F)ccc2n1,1,COc1ccc([C@H](C)NC(=O)[C@@H]2C[C@@H](O)CN2C(=O)CNC(=O)c2ccc3cc(F)ccc3n2)c(Cl)c1,0.4955094,0.4955,0.7210884,0.7211,0.6906898,-9.0700,1.0000000,1.0000,[],30
2.4113,4.2413,74.0626,0.6117486,O=C(NCC(=O)N1C[C@H](O)C[C@H]1C(=O)N[C@@H](CO)c1cccc(Cl)c1)c1ccc2cc(F)ccc2n1,1,COc1ccc([C@H](C)NC(=O)[C@@H]2C[C@@H](O)CN2C(=O)CNC(=O)c2ccc3cc(F)ccc3n2)c(Cl)c1,0.3782864,0.3783,0.7432432,0.7432,0.7057813,-9.2100,1.0000000,1.0000,[],30
2.4939,4.6734,72.1043,0.5998256,O=C(NCC(=O)N1C[C@H](O)C[C@H]1C(=O)N[C@H](CO)c1cccc(Cl)c1)c1ccc2cc(F)ccc2n1,1,COc1ccc([C@H](C)NC(=O)[C@@H]2C[C@@H](O)CN2C(=O)CNC(=O)c2ccc3cc(F)ccc3n2)c(Cl)c1,0.3782864,0.3783,0.7432432,0.7432,0.6785380,-8.9600,1.0000000,1.0000,[],30
2.3184,4.0491,80.4208,0.6599210,CC(C)C(NC(=O)[C@@H]1C[C@@H](O)CN1C(=O)CNC(=O)c1ccc2cc(F)ccc2n1)c1ccccc1,1,COc1ccc([C@H](C)NC(=O)[C@@H]2C[C@@H](O)CN2C(=O)CNC(=O)c2ccc3cc(F)ccc3n2)c(Cl)c1,0.4695327,0.4695,0.7364865,0.7365,0.7405742,-9.5500,1.0000000,1.0000,[],31
2.3109,4.8186,79.3090,0.6572468,CC(NC(=O)[C@@H]1C[C@@H](O)CN1C(=O)CNC(=O)c1ccc2cc(F)ccc2n1)c1ccc(Cl)cc1,1,COc1ccc([C@H](C)NC(=O)[C@@H]2C[C@@H](O)CN2C(=O)CNC(=O)c2ccc3cc(F)ccc3n2)c(Cl)c1,0.4834885,0.4835,0.8014184,0.8014,0.6939597,-9.1000,1.0000000,1.0000,[],31
2.2331,4.5815,87.6685,0.7207036,CC(NC(=O)[C@@H]1C[C@@H](O)CN1C(=O)CNC(=O)c1ccc2cc(F)ccc2n1)c1ccccc1,1,COc1ccc([C@H](C)NC(=O)[C@@H]2C[C@@H](O)CN2C(=O)CNC(=O)c2ccc3cc(F)ccc3n2)c(Cl)c1,0.5163857,0.5164,0.7746479,0.7746,0.8212476,-10.4800,1.0000000,1.0000,[],31
2.2635,4.2698,85.5899,0.7020291,C[C@@H](NC(=O)[C@@H]1C[C@@H](O)CN1C(=O)CNC(=O)c1ccc2cc(F)ccc2n1)c1ccc(Cl)cc1,1,COc1ccc([C@H](C)NC(=O)[C@@H]2C[C@@H](O)CN2C(=O)CNC(=O)c2ccc3cc(F)ccc3n2)c(Cl)c1,0.4834885,0.4835,0.8014184,0.8014,0.7917488,-10.1100,1.0000000,1.0000,[],31
2.1929,3.4014,78.9213,0.6431466,O=C(NCC(=O)N1C[C@H](O)C[C@H]1C(=O)NC1CCCCC1)c1ccc2cc(F)ccc2n1,1,COc1ccc([C@H](C)NC(=O)[C@@H]2C[C@@H](O)CN2C(=O)CNC(=O)c2ccc3cc(F)ccc3n2)c(Cl)c1,0.6501268,0.6501,0.6184211,0.6184,0.6523473,-8.7300,1.0000000,1.0000,[],31
2.2338,4.3193,77.1913,0.6368017,O=C(NCC(=O)N1C[C@H](O)C[C@H]1C(=O)NCc1ccc(Cl)c(Cl)c1)c1ccc2cc(F)ccc2n1,1,COc1ccc([C@H](C)NC(=O)[C@@H]2C[C@@H](O)CN2C(=O)CNC(=O)c2ccc3cc(F)ccc3n2)c(Cl)c1,0.4640416,0.4640,0.7114094,0.7114,0.7057813,-9.2100,1.0000000,1.0000,[],31
2.2118,3.8934,81.8078,0.6695402,O=C(NCC(=O)N1C[C@H](O)C[C@H]1C(=O)NCc1ccc(Cl)cc1)c1ccc2cc(F)ccc2n1,1,COc1ccc([C@H](C)NC(=O)[C@@H]2C[C@@H](O)CN2C(=O)CNC(=O)c2ccc3cc(F)ccc3n2)c(Cl)c1,0.4955094,0.4955,0.7260274,0.7260,0.7473962,-9.6200,1.0000000,1.0000,[],31
2.4047,3.2004,79.0450,0.6425422,O=C(NCC(=O)N1C[C@H](O)C[C@H]1C(=O)NCc1cccc(Cl)c1)c1ccc2cc(F)ccc2n1,1,COc1ccc([C@H](C)NC(=O)[C@@H]2C[C@@H](O)CN2C(=O)CNC(=O)c2ccc3cc(F)ccc3n2)c(Cl)c1,0.4955094,0.4955,0.7210884,0.7211,0.6906898,-9.0700,1.0000000,1.0000,[],31
2.4033,4.2413,74.0626,0.6117486,O=C(NCC(=O)N1C[C@H](O)C[C@H]1C(=O)N[C@@H](CO)c1cccc(Cl)c1)c1ccc2cc(F)ccc2n1,1,COc1ccc([C@H](C)NC(=O)[C@@H]2C[C@@H](O)CN2C(=O)CNC(=O)c2ccc3cc(F)ccc3n2)c(Cl)c1,0.3782864,0.3783,0.7432432,0.7432,0.7057813,-9.2100,1.0000000,1.0000,[],31
2.5221,4.6734,72.1043,0.5998256,O=C(NCC(=O)N1C[C@H](O)C[C@H]1C(=O)N[C@H](CO)c1cccc(Cl)c1)c1ccc2cc(F)ccc2n1,1,COc1ccc([C@H](C)NC(=O)[C@@H]2C[C@@H](O)CN2C(=O)CNC(=O)c2ccc3cc(F)ccc3n2)c(Cl)c1,0.3782864,0.3783,0.7432432,0.7432,0.6785380,-8.9600,1.0000000,1.0000,[],31
2.3108,4.0491,80.4208,0.6599210,CC(C)C(NC(=O)[C@@H]1C[C@@H](O)CN1C(=O)CNC(=O)c1ccc2cc(F)ccc2n1)c1ccccc1,1,COc1ccc([C@H](C)NC(=O)[C@@H]2C[C@@H](O)CN2C(=O)CNC(=O)c2ccc3cc(F)ccc3n2)c(Cl)c1,0.4695327,0.4695,0.7364865,0.7365,0.7405742,-9.5500,1.0000000,1.0000,[],32
2.3456,4.8186,79.3090,0.6572468,CC(NC(=O)[C@@H]1C[C@@H](O)CN1C(=O)CNC(=O)c1ccc2cc(F)ccc2n1)c1ccc(Cl)cc1,1,COc1ccc([C@H](C)NC(=O)[C@@H]2C[C@@H](O)CN2C(=O)CNC(=O)c2ccc3cc(F)ccc3n2)c(Cl)c1,0.4834885,0.4835,0.8014184,0.8014,0.6939597,-9.1000,1.0000000,1.0000,[],32
2.2099,4.5815,87.6685,0.7207036,CC(NC(=O)[C@@H]1C[C@@H](O)CN1C(=O)CNC(=O)c1ccc2cc(F)ccc2n1)c1ccccc1,1,COc1ccc([C@H](C)NC(=O)[C@@H]2C[C@@H](O)CN2C(=O)CNC(=O)c2ccc3cc(F)ccc3n2)c(Cl)c1,0.5163857,0.5164,0.7746479,0.7746,0.8212476,-10.4800,1.0000000,1.0000,[],32
2.2437,4.2698,85.5899,0.7020291,C[C@@H](NC(=O)[C@@H]1C[C@@H](O)CN1C(=O)CNC(=O)c1ccc2cc(F)ccc2n1)c1ccc(Cl)cc1,1,COc1ccc([C@H](C)NC(=O)[C@@H]2C[C@@H](O)CN2C(=O)CNC(=O)c2ccc3cc(F)ccc3n2)c(Cl)c1,0.4834885,0.4835,0.8014184,0.8014,0.7917488,-10.1100,1.0000000,1.0000,[],32
2.2479,3.4014,78.9213,0.6431466,O=C(NCC(=O)N1C[C@H](O)C[C@H]1C(=O)NC1CCCCC1)c1ccc2cc(F)ccc2n1,1,COc1ccc([C@H](C)NC(=O)[C@@H]2C[C@@H](O)CN2C(=O)CNC(=O)c2ccc3cc(F)ccc3n2)c(Cl)c1,0.6501268,0.6501,0.6184211,0.6184,0.6523473,-8.7300,1.0000000,1.0000,[],32
2.3076,4.3193,77.1913,0.6368017,O=C(NCC(=O)N1C[C@H](O)C[C@H]1C(=O)NCc1ccc(Cl)c(Cl)c1)c1ccc2cc(F)ccc2n1,1,COc1ccc([C@H](C)NC(=O)[C@@H]2C[C@@H](O)CN2C(=O)CNC(=O)c2ccc3cc(F)ccc3n2)c(Cl)c1,0.4640416,0.4640,0.7114094,0.7114,0.7057813,-9.2100,1.0000000,1.0000,[],32
2.1625,3.8934,81.8078,0.6695402,O=C(NCC(=O)N1C[C@H](O)C[C@H]1C(=O)NCc1ccc(Cl)cc1)c1ccc2cc(F)ccc2n1,1,COc1ccc([C@H](C)NC(=O)[C@@H]2C[C@@H](O)CN2C(=O)CNC(=O)c2ccc3cc(F)ccc3n2)c(Cl)c1,0.4955094,0.4955,0.7260274,0.7260,0.7473962,-9.6200,1.0000000,1.0000,[],32
2.4003,3.2004,79.0450,0.6425422,O=C(NCC(=O)N1C[C@H](O)C[C@H]1C(=O)NCc1cccc(Cl)c1)c1ccc2cc(F)ccc2n1,1,COc1ccc([C@H](C)NC(=O)[C@@H]2C[C@@H](O)CN2C(=O)CNC(=O)c2ccc3cc(F)ccc3n2)c(Cl)c1,0.4955094,0.4955,0.7210884,0.7211,0.6906898,-9.0700,1.0000000,1.0000,[],32
2.3585,4.2413,74.0626,0.6117486,O=C(NCC(=O)N1C[C@H](O)C[C@H]1C(=O)N[C@@H](CO)c1cccc(Cl)c1)c1ccc2cc(F)ccc2n1,1,COc1ccc([C@H](C)NC(=O)[C@@H]2C[C@@H](O)CN2C(=O)CNC(=O)c2ccc3cc(F)ccc3n2)c(Cl)c1,0.3782864,0.3783,0.7432432,0.7432,0.7057813,-9.2100,1.0000000,1.0000,[],32
2.5018,4.6734,72.1043,0.5998256,O=C(NCC(=O)N1C[C@H](O)C[C@H]1C(=O)N[C@H](CO)c1cccc(Cl)c1)c1ccc2cc(F)ccc2n1,1,COc1ccc([C@H](C)NC(=O)[C@@H]2C[C@@H](O)CN2C(=O)CNC(=O)c2ccc3cc(F)ccc3n2)c(Cl)c1,0.3782864,0.3783,0.7432432,0.7432,0.6785380,-8.9600,1.0000000,1.0000,[],32
2.3005,4.0491,80.4208,0.6599210,CC(C)C(NC(=O)[C@@H]1C[C@@H](O)CN1C(=O)CNC(=O)c1ccc2cc(F)ccc2n1)c1ccccc1,1,COc1ccc([C@H](C)NC(=O)[C@@H]2C[C@@H](O)CN2C(=O)CNC(=O)c2ccc3cc(F)ccc3n2)c(Cl)c1,0.4695327,0.4695,0.7364865,0.7365,0.7405742,-9.5500,1.0000000,1.0000,[],33
2.3351,4.8186,79.3090,0.6572468,CC(NC(=O)[C@@H]1C[C@@H](O)CN1C(=O)CNC(=O)c1ccc2cc(F)ccc2n1)c1ccc(Cl)cc1,1,COc1ccc([C@H](C)NC(=O)[C@@H]2C[C@@H](O)CN2C(=O)CNC(=O)c2ccc3cc(F)ccc3n2)c(Cl)c1,0.4834885,0.4835,0.8014184,0.8014,0.6939597,-9.1000,1.0000000,1.0000,[],33
2.1984,4.5815,87.6685,0.7207036,CC(NC(=O)[C@@H]1C[C@@H](O)CN1C(=O)CNC(=O)c1ccc2cc(F)ccc2n1)c1ccccc1,1,COc1ccc([C@H](C)NC(=O)[C@@H]2C[C@@H](O)CN2C(=O)CNC(=O)c2ccc3cc(F)ccc3n2)c(Cl)c1,0.5163857,0.5164,0.7746479,0.7746,0.8212476,-10.4800,1.0000000,1.0000,[],33
2.2131,4.2698,85.5899,0.7020291,C[C@@H](NC(=O)[C@@H]1C[C@@H](O)CN1C(=O)CNC(=O)c1ccc2cc(F)ccc2n1)c1ccc(Cl)cc1,1,COc1ccc([C@H](C)NC(=O)[C@@H]2C[C@@H](O)CN2C(=O)CNC(=O)c2ccc3cc(F)ccc3n2)c(Cl)c1,0.4834885,0.4835,0.8014184,0.8014,0.7917488,-10.1100,1.0000000,1.0000,[],33
2.3486,3.4014,78.9213,0.6431466,O=C(NCC(=O)N1C[C@H](O)C[C@H]1C(=O)NC1CCCCC1)c1ccc2cc(F)ccc2n1,1,COc1ccc([C@H](C)NC(=O)[C@@H]2C[C@@H](O)CN2C(=O)CNC(=O)c2ccc3cc(F)ccc3n2)c(Cl)c1,0.6501268,0.6501,0.6184211,0.6184,0.6523473,-8.7300,1.0000000,1.0000,[],33
2.3708,4.3193,77.1913,0.6368017,O=C(NCC(=O)N1C[C@H](O)C[C@H]1C(=O)NCc1ccc(Cl)c(Cl)c1)c1ccc2cc(F)ccc2n1,1,COc1ccc([C@H](C)NC(=O)[C@@H]2C[C@@H](O)CN2C(=O)CNC(=O)c2ccc3cc(F)ccc3n2)c(Cl)c1,0.4640416,0.4640,0.7114094,0.7114,0.7057813,-9.2100,1.0000000,1.0000,[],33
2.1758,3.8934,81.8078,0.6695402,O=C(NCC(=O)N1C[C@H](O)C[C@H]1C(=O)NCc1ccc(Cl)cc1)c1ccc2cc(F)ccc2n1,1,COc1ccc([C@H](C)NC(=O)[C@@H]2C[C@@H](O)CN2C(=O)CNC(=O)c2ccc3cc(F)ccc3n2)c(Cl)c1,0.4955094,0.4955,0.7260274,0.7260,0.7473962,-9.6200,1.0000000,1.0000,[],33
2.3836,3.2004,79.0450,0.6425422,O=C(NCC(=O)N1C[C@H](O)C[C@H]1C(=O)NCc1cccc(Cl)c1)c1ccc2cc(F)ccc2n1,1,COc1ccc([C@H](C)NC(=O)[C@@H]2C[C@@H](O)CN2C(=O)CNC(=O)c2ccc3cc(F)ccc3n2)c(Cl)c1,0.4955094,0.4955,0.7210884,0.7211,0.6906898,-9.0700,1.0000000,1.0000,[],33
2.3006,4.2413,74.0626,0.6117486,O=C(NCC(=O)N1C[C@H](O)C[C@H]1C(=O)N[C@@H](CO)c1cccc(Cl)c1)c1ccc2cc(F)ccc2n1,1,COc1ccc([C@H](C)NC(=O)[C@@H]2C[C@@H](O)CN2C(=O)CNC(=O)c2ccc3cc(F)ccc3n2)c(Cl)c1,0.3782864,0.3783,0.7432432,0.7432,0.7057813,-9.2100,1.0000000,1.0000,[],33
2.4534,4.6734,72.1043,0.5998256,O=C(NCC(=O)N1C[C@H](O)C[C@H]1C(=O)N[C@H](CO)c1cccc(Cl)c1)c1ccc2cc(F)ccc2n1,1,COc1ccc([C@H](C)NC(=O)[C@@H]2C[C@@H](O)CN2C(=O)CNC(=O)c2ccc3cc(F)ccc3n2)c(Cl)c1,0.3782864,0.3783,0.7432432,0.7432,0.6785380,-8.9600,1.0000000,1.0000,[],33
2.2877,4.0491,80.4208,0.6599210,CC(C)C(NC(=O)[C@@H]1C[C@@H](O)CN1C(=O)CNC(=O)c1ccc2cc(F)ccc2n1)c1ccccc1,1,COc1ccc([C@H](C)NC(=O)[C@@H]2C[C@@H](O)CN2C(=O)CNC(=O)c2ccc3cc(F)ccc3n2)c(Cl)c1,0.4695327,0.4695,0.7364865,0.7365,0.7405742,-9.5500,1.0000000,1.0000,[],34
2.2933,4.8186,79.3090,0.6572468,CC(NC(=O)[C@@H]1C[C@@H](O)CN1C(=O)CNC(=O)c1ccc2cc(F)ccc2n1)c1ccc(Cl)cc1,1,COc1ccc([C@H](C)NC(=O)[C@@H]2C[C@@H](O)CN2C(=O)CNC(=O)c2ccc3cc(F)ccc3n2)c(Cl)c1,0.4834885,0.4835,0.8014184,0.8014,0.6939597,-9.1000,1.0000000,1.0000,[],34
2.2152,4.5815,87.6685,0.7207036,CC(NC(=O)[C@@H]1C[C@@H](O)CN1C(=O)CNC(=O)c1ccc2cc(F)ccc2n1)c1ccccc1,1,COc1ccc([C@H](C)NC(=O)[C@@H]2C[C@@H](O)CN2C(=O)CNC(=O)c2ccc3cc(F)ccc3n2)c(Cl)c1,0.5163857,0.5164,0.7746479,0.7746,0.8212476,-10.4800,1.0000000,1.0000,[],34
2.2010,4.2698,85.5899,0.7020291,C[C@@H](NC(=O)[C@@H]1C[C@@H](O)CN1C(=O)CNC(=O)c1ccc2cc(F)ccc2n1)c1ccc(Cl)cc1,1,COc1ccc([C@H](C)NC(=O)[C@@H]2C[C@@H](O)CN2C(=O)CNC(=O)c2ccc3cc(F)ccc3n2)c(Cl)c1,0.4834885,0.4835,0.8014184,0.8014,0.7917488,-10.1100,1.0000000,1.0000,[],34
2.4154,3.4014,78.9213,0.6431466,O=C(NCC(=O)N1C[C@H](O)C[C@H]1C(=O)NC1CCCCC1)c1ccc2cc(F)ccc2n1,1,COc1ccc([C@H](C)NC(=O)[C@@H]2C[C@@H](O)CN2C(=O)CNC(=O)c2ccc3cc(F)ccc3n2)c(Cl)c1,0.6501268,0.6501,0.6184211,0.6184,0.6523473,-8.7300,1.0000000,1.0000,[],34
2.3857,4.3193,77.1913,0.6368017,O=C(NCC(=O)N1C[C@H](O)C[C@H]1C(=O)NCc1ccc(Cl)c(Cl)c1)c1ccc2cc(F)ccc2n1,1,COc1ccc([C@H](C)NC(=O)[C@@H]2C[C@@H](O)CN2C(=O)CNC(=O)c2ccc3cc(F)ccc3n2)c(Cl)c1,0.4640416,0.4640,0.7114094,0.7114,0.7057813,-9.2100,1.0000000,1.0000,[],34
2.2444,3.8934,81.8078,0.6695402,O=C(NCC(=O)N1C[C@H](O)C[C@H]1C(=O)NCc1ccc(Cl)cc1)c1ccc2cc(F)ccc2n1,1,COc1ccc([C@H](C)NC(=O)[C@@H]2C[C@@H](O)CN2C(=O)CNC(=O)c2ccc3cc(F)ccc3n2)c(Cl)c1,0.4955094,0.4955,0.7260274,0.7260,0.7473962,-9.6200,1.0000000,1.0000,[],34
2.3609,3.2004,79.0450,0.6425422,O=C(NCC(=O)N1C[C@H](O)C[C@H]1C(=O)NCc1cccc(Cl)c1)c1ccc2cc(F)ccc2n1,1,COc1ccc([C@H](C)NC(=O)[C@@H]2C[C@@H](O)CN2C(=O)CNC(=O)c2ccc3cc(F)ccc3n2)c(Cl)c1,0.4955094,0.4955,0.7210884,0.7211,0.6906898,-9.0700,1.0000000,1.0000,[],34
2.2632,4.2413,74.0626,0.6117486,O=C(NCC(=O)N1C[C@H](O)C[C@H]1C(=O)N[C@@H](CO)c1cccc(Cl)c1)c1ccc2cc(F)ccc2n1,1,COc1ccc([C@H](C)NC(=O)[C@@H]2C[C@@H](O)CN2C(=O)CNC(=O)c2ccc3cc(F)ccc3n2)c(Cl)c1,0.3782864,0.3783,0.7432432,0.7432,0.7057813,-9.2100,1.0000000,1.0000,[],34
2.4046,4.6734,72.1043,0.5998256,O=C(NCC(=O)N1C[C@H](O)C[C@H]1C(=O)N[C@H](CO)c1cccc(Cl)c1)c1ccc2cc(F)ccc2n1,1,COc1ccc([C@H](C)NC(=O)[C@@H]2C[C@@H](O)CN2C(=O)CNC(=O)c2ccc3cc(F)ccc3n2)c(Cl)c1,0.3782864,0.3783,0.7432432,0.7432,0.6785380,-8.9600,1.0000000,1.0000,[],34
2.2744,4.0491,80.4208,0.6599210,CC(C)C(NC(=O)[C@@H]1C[C@@H](O)CN1C(=O)CNC(=O)c1ccc2cc(F)ccc2n1)c1ccccc1,1,COc1ccc([C@H](C)NC(=O)[C@@H]2C[C@@H](O)CN2C(=O)CNC(=O)c2ccc3cc(F)ccc3n2)c(Cl)c1,0.4695327,0.4695,0.7364865,0.7365,0.7405742,-9.5500,1.0000000,1.0000,[],35
2.2867,4.8186,79.3090,0.6572468,CC(NC(=O)[C@@H]1C[C@@H](O)CN1C(=O)CNC(=O)c1ccc2cc(F)ccc2n1)c1ccc(Cl)cc1,1,COc1ccc([C@H](C)NC(=O)[C@@H]2C[C@@H](O)CN2C(=O)CNC(=O)c2ccc3cc(F)ccc3n2)c(Cl)c1,0.4834885,0.4835,0.8014184,0.8014,0.6939597,-9.1000,1.0000000,1.0000,[],35
2.2255,4.5815,87.6685,0.7207036,CC(NC(=O)[C@@H]1C[C@@H](O)CN1C(=O)CNC(=O)c1ccc2cc(F)ccc2n1)c1ccccc1,1,COc1ccc([C@H](C)NC(=O)[C@@H]2C[C@@H](O)CN2C(=O)CNC(=O)c2ccc3cc(F)ccc3n2)c(Cl)c1,0.5163857,0.5164,0.7746479,0.7746,0.8212476,-10.4800,1.0000000,1.0000,[],35
2.2225,4.2698,85.5899,0.7020291,C[C@@H](NC(=O)[C@@H]1C[C@@H](O)CN1C(=O)CNC(=O)c1ccc2cc(F)ccc2n1)c1ccc(Cl)cc1,1,COc1ccc([C@H](C)NC(=O)[C@@H]2C[C@@H](O)CN2C(=O)CNC(=O)c2ccc3cc(F)ccc3n2)c(Cl)c1,0.4834885,0.4835,0.8014184,0.8014,0.7917488,-10.1100,1.0000000,1.0000,[],35
2.3968,3.4014,78.9213,0.6431466,O=C(NCC(=O)N1C[C@H](O)C[C@H]1C(=O)NC1CCCCC1)c1ccc2cc(F)ccc2n1,1,COc1ccc([C@H](C)NC(=O)[C@@H]2C[C@@H](O)CN2C(=O)CNC(=O)c2ccc3cc(F)ccc3n2)c(Cl)c1,0.6501268,0.6501,0.6184211,0.6184,0.6523473,-8.7300,1.0000000,1.0000,[],35
2.3612,4.3193,77.1913,0.6368017,O=C(NCC(=O)N1C[C@H](O)C[C@H]1C(=O)NCc1ccc(Cl)c(Cl)c1)c1ccc2cc(F)ccc2n1,1,COc1ccc([C@H](C)NC(=O)[C@@H]2C[C@@H](O)CN2C(=O)CNC(=O)c2ccc3cc(F)ccc3n2)c(Cl)c1,0.4640416,0.4640,0.7114094,0.7114,0.7057813,-9.2100,1.0000000,1.0000,[],35
2.3239,3.8934,81.8078,0.6695402,O=C(NCC(=O)N1C[C@H](O)C[C@H]1C(=O)NCc1ccc(Cl)cc1)c1ccc2cc(F)ccc2n1,1,COc1ccc([C@H](C)NC(=O)[C@@H]2C[C@@H](O)CN2C(=O)CNC(=O)c2ccc3cc(F)ccc3n2)c(Cl)c1,0.4955094,0.4955,0.7260274,0.7260,0.7473962,-9.6200,1.0000000,1.0000,[],35
2.3220,3.2004,79.0450,0.6425422,O=C(NCC(=O)N1C[C@H](O)C[C@H]1C(=O)NCc1cccc(Cl)c1)c1ccc2cc(F)ccc2n1,1,COc1ccc([C@H](C)NC(=O)[C@@H]2C[C@@H](O)CN2C(=O)CNC(=O)c2ccc3cc(F)ccc3n2)c(Cl)c1,0.4955094,0.4955,0.7210884,0.7211,0.6906898,-9.0700,1.0000000,1.0000,[],35
2.2683,4.2413,74.0626,0.6117486,O=C(NCC(=O)N1C[C@H](O)C[C@H]1C(=O)N[C@@H](CO)c1cccc(Cl)c1)c1ccc2cc(F)ccc2n1,1,COc1ccc([C@H](C)NC(=O)[C@@H]2C[C@@H](O)CN2C(=O)CNC(=O)c2ccc3cc(F)ccc3n2)c(Cl)c1,0.3782864,0.3783,0.7432432,0.7432,0.7057813,-9.2100,1.0000000,1.0000,[],35
2.3778,4.6734,72.1043,0.5998256,O=C(NCC(=O)N1C[C@H](O)C[C@H]1C(=O)N[C@H](CO)c1cccc(Cl)c1)c1ccc2cc(F)ccc2n1,1,COc1ccc([C@H](C)NC(=O)[C@@H]2C[C@@H](O)CN2C(=O)CNC(=O)c2ccc3cc(F)ccc3n2)c(Cl)c1,0.3782864,0.3783,0.7432432,0.7432,0.6785380,-8.9600,1.0000000,1.0000,[],35
2.2773,4.0491,80.4208,0.6599210,CC(C)C(NC(=O)[C@@H]1C[C@@H](O)CN1C(=O)CNC(=O)c1ccc2cc(F)ccc2n1)c1ccccc1,1,COc1ccc([C@H](C)NC(=O)[C@@H]2C[C@@H](O)CN2C(=O)CNC(=O)c2ccc3cc(F)ccc3n2)c(Cl)c1,0.4695327,0.4695,0.7364865,0.7365,0.7405742,-9.5500,1.0000000,1.0000,[],36
2.3129,4.8186,79.3090,0.6572468,CC(NC(=O)[C@@H]1C[C@@H](O)CN1C(=O)CNC(=O)c1ccc2cc(F)ccc2n1)c1ccc(Cl)cc1,1,COc1ccc([C@H](C)NC(=O)[C@@H]2C[C@@H](O)CN2C(=O)CNC(=O)c2ccc3cc(F)ccc3n2)c(Cl)c1,0.4834885,0.4835,0.8014184,0.8014,0.6939597,-9.1000,1.0000000,1.0000,[],36
2.2126,4.5815,87.6685,0.7207036,CC(NC(=O)[C@@H]1C[C@@H](O)CN1C(=O)CNC(=O)c1ccc2cc(F)ccc2n1)c1ccccc1,1,COc1ccc([C@H](C)NC(=O)[C@@H]2C[C@@H](O)CN2C(=O)CNC(=O)c2ccc3cc(F)ccc3n2)c(Cl)c1,0.5163857,0.5164,0.7746479,0.7746,0.8212476,-10.4800,1.0000000,1.0000,[],36
2.2582,4.2698,85.5899,0.7020291,C[C@@H](NC(=O)[C@@H]1C[C@@H](O)CN1C(=O)CNC(=O)c1ccc2cc(F)ccc2n1)c1ccc(Cl)cc1,1,COc1ccc([C@H](C)NC(=O)[C@@H]2C[C@@H](O)CN2C(=O)CNC(=O)c2ccc3cc(F)ccc3n2)c(Cl)c1,0.4834885,0.4835,0.8014184,0.8014,0.7917488,-10.1100,1.0000000,1.0000,[],36
2.3113,3.4014,78.9213,0.6431466,O=C(NCC(=O)N1C[C@H](O)C[C@H]1C(=O)NC1CCCCC1)c1ccc2cc(F)ccc2n1,1,COc1ccc([C@H](C)NC(=O)[C@@H]2C[C@@H](O)CN2C(=O)CNC(=O)c2ccc3cc(F)ccc3n2)c(Cl)c1,0.6501268,0.6501,0.6184211,0.6184,0.6523473,-8.7300,1.0000000,1.0000,[],36
2.3335,4.3193,77.1913,0.6368017,O=C(NCC(=O)N1C[C@H](O)C[C@H]1C(=O)NCc1ccc(Cl)c(Cl)c1)c1ccc2cc(F)ccc2n1,1,COc1ccc([C@H](C)NC(=O)[C@@H]2C[C@@H](O)CN2C(=O)CNC(=O)c2ccc3cc(F)ccc3n2)c(Cl)c1,0.4640416,0.4640,0.7114094,0.7114,0.7057813,-9.2100,1.0000000,1.0000,[],36
2.3714,3.8934,81.8078,0.6695402,O=C(NCC(=O)N1C[C@H](O)C[C@H]1C(=O)NCc1ccc(Cl)cc1)c1ccc2cc(F)ccc2n1,1,COc1ccc([C@H](C)NC(=O)[C@@H]2C[C@@H](O)CN2C(=O)CNC(=O)c2ccc3cc(F)ccc3n2)c(Cl)c1,0.4955094,0.4955,0.7260274,0.7260,0.7473962,-9.6200,1.0000000,1.0000,[],36
2.2758,3.2004,79.0450,0.6425422,O=C(NCC(=O)N1C[C@H](O)C[C@H]1C(=O)NCc1cccc(Cl)c1)c1ccc2cc(F)ccc2n1,1,COc1ccc([C@H](C)NC(=O)[C@@H]2C[C@@H](O)CN2C(=O)CNC(=O)c2ccc3cc(F)ccc3n2)c(Cl)c1,0.4955094,0.4955,0.7210884,0.7211,0.6906898,-9.0700,1.0000000,1.0000,[],36
2.3172,4.2413,74.0626,0.6117486,O=C(NCC(=O)N1C[C@H](O)C[C@H]1C(=O)N[C@@H](CO)c1cccc(Cl)c1)c1ccc2cc(F)ccc2n1,1,COc1ccc([C@H](C)NC(=O)[C@@H]2C[C@@H](O)CN2C(=O)CNC(=O)c2ccc3cc(F)ccc3n2)c(Cl)c1,0.3782864,0.3783,0.7432432,0.7432,0.7057813,-9.2100,1.0000000,1.0000,[],36
2.3839,4.6734,72.1043,0.5998256,O=C(NCC(=O)N1C[C@H](O)C[C@H]1C(=O)N[C@H](CO)c1cccc(Cl)c1)c1ccc2cc(F)ccc2n1,1,COc1ccc([C@H](C)NC(=O)[C@@H]2C[C@@H](O)CN2C(=O)CNC(=O)c2ccc3cc(F)ccc3n2)c(Cl)c1,0.3782864,0.3783,0.7432432,0.7432,0.6785380,-8.9600,1.0000000,1.0000,[],36
2.3029,4.0491,80.4208,0.6599210,CC(C)C(NC(=O)[C@@H]1C[C@@H](O)CN1C(=O)CNC(=O)c1ccc2cc(F)ccc2n1)c1ccccc1,1,COc1ccc([C@H](C)NC(=O)[C@@H]2C[C@@H](O)CN2C(=O)CNC(=O)c2ccc3cc(F)ccc3n2)c(Cl)c1,0.4695327,0.4695,0.7364865,0.7365,0.7405742,-9.5500,1.0000000,1.0000,[],37
2.3182,4.8186,79.3090,0.6572468,CC(NC(=O)[C@@H]1C[C@@H](O)CN1C(=O)CNC(=O)c1ccc2cc(F)ccc2n1)c1ccc(Cl)cc1,1,COc1ccc([C@H](C)NC(=O)[C@@H]2C[C@@H](O)CN2C(=O)CNC(=O)c2ccc3cc(F)ccc3n2)c(Cl)c1,0.4834885,0.4835,0.8014184,0.8014,0.6939597,-9.1000,1.0000000,1.0000,[],37
2.1987,4.5815,87.6685,0.7207036,CC(NC(=O)[C@@H]1C[C@@H](O)CN1C(=O)CNC(=O)c1ccc2cc(F)ccc2n1)c1ccccc1,1,COc1ccc([C@H](C)NC(=O)[C@@H]2C[C@@H](O)CN2C(=O)CNC(=O)c2ccc3cc(F)ccc3n2)c(Cl)c1,0.5163857,0.5164,0.7746479,0.7746,0.8212476,-10.4800,1.0000000,1.0000,[],37
2.2740,4.2698,85.5899,0.7020291,C[C@@H](NC(=O)[C@@H]1C[C@@H](O)CN1C(=O)CNC(=O)c1ccc2cc(F)ccc2n1)c1ccc(Cl)cc1,1,COc1ccc([C@H](C)NC(=O)[C@@H]2C[C@@H](O)CN2C(=O)CNC(=O)c2ccc3cc(F)ccc3n2)c(Cl)c1,0.4834885,0.4835,0.8014184,0.8014,0.7917488,-10.1100,1.0000000,1.0000,[],37
2.2409,3.4014,78.9213,0.6431466,O=C(NCC(=O)N1C[C@H](O)C[C@H]1C(=O)NC1CCCCC1)c1ccc2cc(F)ccc2n1,1,COc1ccc([C@H](C)NC(=O)[C@@H]2C[C@@H](O)CN2C(=O)CNC(=O)c2ccc3cc(F)ccc3n2)c(Cl)c1,0.6501268,0.6501,0.6184211,0.6184,0.6523473,-8.7300,1.0000000,1.0000,[],37
2.3234,4.3193,77.1913,0.6368017,O=C(NCC(=O)N1C[C@H](O)C[C@H]1C(=O)NCc1ccc(Cl)c(Cl)c1)c1ccc2cc(F)ccc2n1,1,COc1ccc([C@H](C)NC(=O)[C@@H]2C[C@@H](O)CN2C(=O)CNC(=O)c2ccc3cc(F)ccc3n2)c(Cl)c1,0.4640416,0.4640,0.7114094,0.7114,0.7057813,-9.2100,1.0000000,1.0000,[],37
2.3637,3.8934,81.8078,0.6695402,O=C(NCC(=O)N1C[C@H](O)C[C@H]1C(=O)NCc1ccc(Cl)cc1)c1ccc2cc(F)ccc2n1,1,COc1ccc([C@H](C)NC(=O)[C@@H]2C[C@@H](O)CN2C(=O)CNC(=O)c2ccc3cc(F)ccc3n2)c(Cl)c1,0.4955094,0.4955,0.7260274,0.7260,0.7473962,-9.6200,1.0000000,1.0000,[],37
2.2383,3.2004,79.0450,0.6425422,O=C(NCC(=O)N1C[C@H](O)C[C@H]1C(=O)NCc1cccc(Cl)c1)c1ccc2cc(F)ccc2n1,1,COc1ccc([C@H](C)NC(=O)[C@@H]2C[C@@H](O)CN2C(=O)CNC(=O)c2ccc3cc(F)ccc3n2)c(Cl)c1,0.4955094,0.4955,0.7210884,0.7211,0.6906898,-9.0700,1.0000000,1.0000,[],37
2.3887,4.2413,74.0626,0.6117486,O=C(NCC(=O)N1C[C@H](O)C[C@H]1C(=O)N[C@@H](CO)c1cccc(Cl)c1)c1ccc2cc(F)ccc2n1,1,COc1ccc([C@H](C)NC(=O)[C@@H]2C[C@@H](O)CN2C(=O)CNC(=O)c2ccc3cc(F)ccc3n2)c(Cl)c1,0.3782864,0.3783,0.7432432,0.7432,0.7057813,-9.2100,1.0000000,1.0000,[],37
2.4145,4.6734,72.1043,0.5998256,O=C(NCC(=O)N1C[C@H](O)C[C@H]1C(=O)N[C@H](CO)c1cccc(Cl)c1)c1ccc2cc(F)ccc2n1,1,COc1ccc([C@H](C)NC(=O)[C@@H]2C[C@@H](O)CN2C(=O)CNC(=O)c2ccc3cc(F)ccc3n2)c(Cl)c1,0.3782864,0.3783,0.7432432,0.7432,0.6785380,-8.9600,1.0000000,1.0000,[],37
2.3236,4.0491,80.4208,0.6599210,CC(C)C(NC(=O)[C@@H]1C[C@@H](O)CN1C(=O)CNC(=O)c1ccc2cc(F)ccc2n1)c1ccccc1,1,COc1ccc([C@H](C)NC(=O)[C@@H]2C[C@@H](O)CN2C(=O)CNC(=O)c2ccc3cc(F)ccc3n2)c(Cl)c1,0.4695327,0.4695,0.7364865,0.7365,0.7405742,-9.5500,1.0000000,1.0000,[],38
2.2877,4.8186,79.3090,0.6572468,CC(NC(=O)[C@@H]1C[C@@H](O)CN1C(=O)CNC(=O)c1ccc2cc(F)ccc2n1)c1ccc(Cl)cc1,1,COc1ccc([C@H](C)NC(=O)[C@@H]2C[C@@H](O)CN2C(=O)CNC(=O)c2ccc3cc(F)ccc3n2)c(Cl)c1,0.4834885,0.4835,0.8014184,0.8014,0.6939597,-9.1000,1.0000000,1.0000,[],38
2.2078,4.5815,87.6685,0.7207036,CC(NC(=O)[C@@H]1C[C@@H](O)CN1C(=O)CNC(=O)c1ccc2cc(F)ccc2n1)c1ccccc1,1,COc1ccc([C@H](C)NC(=O)[C@@H]2C[C@@H](O)CN2C(=O)CNC(=O)c2ccc3cc(F)ccc3n2)c(Cl)c1,0.5163857,0.5164,0.7746479,0.7746,0.8212476,-10.4800,1.0000000,1.0000,[],38
2.2584,4.2698,85.5899,0.7020291,C[C@@H](NC(=O)[C@@H]1C[C@@H](O)CN1C(=O)CNC(=O)c1ccc2cc(F)ccc2n1)c1ccc(Cl)cc1,1,COc1ccc([C@H](C)NC(=O)[C@@H]2C[C@@H](O)CN2C(=O)CNC(=O)c2ccc3cc(F)ccc3n2)c(Cl)c1,0.4834885,0.4835,0.8014184,0.8014,0.7917488,-10.1100,1.0000000,1.0000,[],38
2.2420,3.4014,78.9213,0.6431466,O=C(NCC(=O)N1C[C@H](O)C[C@H]1C(=O)NC1CCCCC1)c1ccc2cc(F)ccc2n1,1,COc1ccc([C@H](C)NC(=O)[C@@H]2C[C@@H](O)CN2C(=O)CNC(=O)c2ccc3cc(F)ccc3n2)c(Cl)c1,0.6501268,0.6501,0.6184211,0.6184,0.6523473,-8.7300,1.0000000,1.0000,[],38
2.3312,4.3193,77.1913,0.6368017,O=C(NCC(=O)N1C[C@H](O)C[C@H]1C(=O)NCc1ccc(Cl)c(Cl)c1)c1ccc2cc(F)ccc2n1,1,COc1ccc([C@H](C)NC(=O)[C@@H]2C[C@@H](O)CN2C(=O)CNC(=O)c2ccc3cc(F)ccc3n2)c(Cl)c1,0.4640416,0.4640,0.7114094,0.7114,0.7057813,-9.2100,1.0000000,1.0000,[],38
2.3128,3.8934,81.8078,0.6695402,O=C(NCC(=O)N1C[C@H](O)C[C@H]1C(=O)NCc1ccc(Cl)cc1)c1ccc2cc(F)ccc2n1,1,COc1ccc([C@H](C)NC(=O)[C@@H]2C[C@@H](O)CN2C(=O)CNC(=O)c2ccc3cc(F)ccc3n2)c(Cl)c1,0.4955094,0.4955,0.7260274,0.7260,0.7473962,-9.6200,1.0000000,1.0000,[],38
2.2248,3.2004,79.0450,0.6425422,O=C(NCC(=O)N1C[C@H](O)C[C@H]1C(=O)NCc1cccc(Cl)c1)c1ccc2cc(F)ccc2n1,1,COc1ccc([C@H](C)NC(=O)[C@@H]2C[C@@H](O)CN2C(=O)CNC(=O)c2ccc3cc(F)ccc3n2)c(Cl)c1,0.4955094,0.4955,0.7210884,0.7211,0.6906898,-9.0700,1.0000000,1.0000,[],38
2.4458,4.2413,74.0626,0.6117486,O=C(NCC(=O)N1C[C@H](O)C[C@H]1C(=O)N[C@@H](CO)c1cccc(Cl)c1)c1ccc2cc(F)ccc2n1,1,COc1ccc([C@H](C)NC(=O)[C@@H]2C[C@@H](O)CN2C(=O)CNC(=O)c2ccc3cc(F)ccc3n2)c(Cl)c1,0.3782864,0.3783,0.7432432,0.7432,0.7057813,-9.2100,1.0000000,1.0000,[],38
2.4365,4.6734,72.1043,0.5998256,O=C(NCC(=O)N1C[C@H](O)C[C@H]1C(=O)N[C@H](CO)c1cccc(Cl)c1)c1ccc2cc(F)ccc2n1,1,COc1ccc([C@H](C)NC(=O)[C@@H]2C[C@@H](O)CN2C(=O)CNC(=O)c2ccc3cc(F)ccc3n2)c(Cl)c1,0.3782864,0.3783,0.7432432,0.7432,0.6785380,-8.9600,1.0000000,1.0000,[],38
2.3080,4.0491,80.4208,0.6599210,CC(C)C(NC(=O)[C@@H]1C[C@@H](O)CN1C(=O)CNC(=O)c1ccc2cc(F)ccc2n1)c1ccccc1,1,COc1ccc([C@H](C)NC(=O)[C@@H]2C[C@@H](O)CN2C(=O)CNC(=O)c2ccc3cc(F)ccc3n2)c(Cl)c1,0.4695327,0.4695,0.7364865,0.7365,0.7405742,-9.5500,1.0000000,1.0000,[],39
2.2806,4.8186,79.3090,0.6572468,CC(NC(=O)[C@@H]1C[C@@H](O)CN1C(=O)CNC(=O)c1ccc2cc(F)ccc2n1)c1ccc(Cl)cc1,1,COc1ccc([C@H](C)NC(=O)[C@@H]2C[C@@H](O)CN2C(=O)CNC(=O)c2ccc3cc(F)ccc3n2)c(Cl)c1,0.4834885,0.4835,0.8014184,0.8014,0.6939597,-9.1000,1.0000000,1.0000,[],39
2.2224,4.5815,87.6685,0.7207036,CC(NC(=O)[C@@H]1C[C@@H](O)CN1C(=O)CNC(=O)c1ccc2cc(F)ccc2n1)c1ccccc1,1,COc1ccc([C@H](C)NC(=O)[C@@H]2C[C@@H](O)CN2C(=O)CNC(=O)c2ccc3cc(F)ccc3n2)c(Cl)c1,0.5163857,0.5164,0.7746479,0.7746,0.8212476,-10.4800,1.0000000,1.0000,[],39
2.2289,4.2698,85.5899,0.7020291,C[C@@H](NC(=O)[C@@H]1C[C@@H](O)CN1C(=O)CNC(=O)c1ccc2cc(F)ccc2n1)c1ccc(Cl)cc1,1,COc1ccc([C@H](C)NC(=O)[C@@H]2C[C@@H](O)CN2C(=O)CNC(=O)c2ccc3cc(F)ccc3n2)c(Cl)c1,0.4834885,0.4835,0.8014184,0.8014,0.7917488,-10.1100,1.0000000,1.0000,[],39
2.2978,3.4014,78.9213,0.6431466,O=C(NCC(=O)N1C[C@H](O)C[C@H]1C(=O)NC1CCCCC1)c1ccc2cc(F)ccc2n1,1,COc1ccc([C@H](C)NC(=O)[C@@H]2C[C@@H](O)CN2C(=O)CNC(=O)c2ccc3cc(F)ccc3n2)c(Cl)c1,0.6501268,0.6501,0.6184211,0.6184,0.6523473,-8.7300,1.0000000,1.0000,[],39
2.3460,4.3193,77.1913,0.6368017,O=C(NCC(=O)N1C[C@H](O)C[C@H]1C(=O)NCc1ccc(Cl)c(Cl)c1)c1ccc2cc(F)ccc2n1,1,COc1ccc([C@H](C)NC(=O)[C@@H]2C[C@@H](O)CN2C(=O)CNC(=O)c2ccc3cc(F)ccc3n2)c(Cl)c1,0.4640416,0.4640,0.7114094,0.7114,0.7057813,-9.2100,1.0000000,1.0000,[],39
2.2556,3.8934,81.8078,0.6695402,O=C(NCC(=O)N1C[C@H](O)C[C@H]1C(=O)NCc1ccc(Cl)cc1)c1ccc2cc(F)ccc2n1,1,COc1ccc([C@H](C)NC(=O)[C@@H]2C[C@@H](O)CN2C(=O)CNC(=O)c2ccc3cc(F)ccc3n2)c(Cl)c1,0.4955094,0.4955,0.7260274,0.7260,0.7473962,-9.6200,1.0000000,1.0000,[],39
2.2462,3.2004,79.0450,0.6425422,O=C(NCC(=O)N1C[C@H](O)C[C@H]1C(=O)NCc1cccc(Cl)c1)c1ccc2cc(F)ccc2n1,1,COc1ccc([C@H](C)NC(=O)[C@@H]2C[C@@H](O)CN2C(=O)CNC(=O)c2ccc3cc(F)ccc3n2)c(Cl)c1,0.4955094,0.4955,0.7210884,0.7211,0.6906898,-9.0700,1.0000000,1.0000,[],39
2.4614,4.2413,74.0626,0.6117486,O=C(NCC(=O)N1C[C@H](O)C[C@H]1C(=O)N[C@@H](CO)c1cccc(Cl)c1)c1ccc2cc(F)ccc2n1,1,COc1ccc([C@H](C)NC(=O)[C@@H]2C[C@@H](O)CN2C(=O)CNC(=O)c2ccc3cc(F)ccc3n2)c(Cl)c1,0.3782864,0.3783,0.7432432,0.7432,0.7057813,-9.2100,1.0000000,1.0000,[],39
2.4222,4.6734,72.1043,0.5998256,O=C(NCC(=O)N1C[C@H](O)C[C@H]1C(=O)N[C@H](CO)c1cccc(Cl)c1)c1ccc2cc(F)ccc2n1,1,COc1ccc([C@H](C)NC(=O)[C@@H]2C[C@@H](O)CN2C(=O)CNC(=O)c2ccc3cc(F)ccc3n2)c(Cl)c1,0.3782864,0.3783,0.7432432,0.7432,0.6785380,-8.9600,1.0000000,1.0000,[],39
2.2761,4.0491,80.4208,0.6599210,CC(C)C(NC(=O)[C@@H]1C[C@@H](O)CN1C(=O)CNC(=O)c1ccc2cc(F)ccc2n1)c1ccccc1,1,COc1ccc([C@H](C)NC(=O)[C@@H]2C[C@@H](O)CN2C(=O)CNC(=O)c2ccc3cc(F)ccc3n2)c(Cl)c1,0.4695327,0.4695,0.7364865,0.7365,0.7405742,-9.5500,1.0000000,1.0000,[],40
2.3143,4.8186,79.3090,0.6572468,CC(NC(=O)[C@@H]1C[C@@H](O)CN1C(=O)CNC(=O)c1ccc2cc(F)ccc2n1)c1ccc(Cl)cc1,1,COc1ccc([C@H](C)NC(=O)[C@@H]2C[C@@H](O)CN2C(=O)CNC(=O)c2ccc3cc(F)ccc3n2)c(Cl)c1,0.4834885,0.4835,0.8014184,0.8014,0.6939597,-9.1000,1.0000000,1.0000,[],40
2.2206,4.5815,87.6685,0.7207036,CC(NC(=O)[C@@H]1C[C@@H](O)CN1C(=O)CNC(=O)c1ccc2cc(F)ccc2n1)c1ccccc1,1,COc1ccc([C@H](C)NC(=O)[C@@H]2C[C@@H](O)CN2C(=O)CNC(=O)c2ccc3cc(F)ccc3n2)c(Cl)c1,0.5163857,0.5164,0.7746479,0.7746,0.8212476,-10.4800,1.0000000,1.0000,[],40
2.2070,4.2698,85.5899,0.7020291,C[C@@H](NC(=O)[C@@H]1C[C@@H](O)CN1C(=O)CNC(=O)c1ccc2cc(F)ccc2n1)c1ccc(Cl)cc1,1,COc1ccc([C@H](C)NC(=O)[C@@H]2C[C@@H](O)CN2C(=O)CNC(=O)c2ccc3cc(F)ccc3n2)c(Cl)c1,0.4834885,0.4835,0.8014184,0.8014,0.7917488,-10.1100,1.0000000,1.0000,[],40
2.3538,3.4014,78.9213,0.6431466,O=C(NCC(=O)N1C[C@H](O)C[C@H]1C(=O)NC1CCCCC1)c1ccc2cc(F)ccc2n1,1,COc1ccc([C@H](C)NC(=O)[C@@H]2C[C@@H](O)CN2C(=O)CNC(=O)c2ccc3cc(F)ccc3n2)c(Cl)c1,0.6501268,0.6501,0.6184211,0.6184,0.6523473,-8.7300,1.0000000,1.0000,[],40
2.3497,4.3193,77.1913,0.6368017,O=C(NCC(=O)N1C[C@H](O)C[C@H]1C(=O)NCc1ccc(Cl)c(Cl)c1)c1ccc2cc(F)ccc2n1,1,COc1ccc([C@H](C)NC(=O)[C@@H]2C[C@@H](O)CN2C(=O)CNC(=O)c2ccc3cc(F)ccc3n2)c(Cl)c1,0.4640416,0.4640,0.7114094,0.7114,0.7057813,-9.2100,1.0000000,1.0000,[],40
2.2280,3.8934,81.8078,0.6695402,O=C(NCC(=O)N1C[C@H](O)C[C@H]1C(=O)NCc1ccc(Cl)cc1)c1ccc2cc(F)ccc2n1,1,COc1ccc([C@H](C)NC(=O)[C@@H]2C[C@@H](O)CN2C(=O)CNC(=O)c2ccc3cc(F)ccc3n2)c(Cl)c1,0.4955094,0.4955,0.7260274,0.7260,0.7473962,-9.6200,1.0000000,1.0000,[],40
2.3038,3.2004,79.0450,0.6425422,O=C(NCC(=O)N1C[C@H](O)C[C@H]1C(=O)NCc1cccc(Cl)c1)c1ccc2cc(F)ccc2n1,1,COc1ccc([C@H](C)NC(=O)[C@@H]2C[C@@H](O)CN2C(=O)CNC(=O)c2ccc3cc(F)ccc3n2)c(Cl)c1,0.4955094,0.4955,0.7210884,0.7211,0.6906898,-9.0700,1.0000000,1.0000,[],40
2.4367,4.2413,74.0626,0.6117486,O=C(NCC(=O)N1C[C@H](O)C[C@H]1C(=O)N[C@@H](CO)c1cccc(Cl)c1)c1ccc2cc(F)ccc2n1,1,COc1ccc([C@H](C)NC(=O)[C@@H]2C[C@@H](O)CN2C(=O)CNC(=O)c2ccc3cc(F)ccc3n2)c(Cl)c1,0.3782864,0.3783,0.7432432,0.7432,0.7057813,-9.2100,1.0000000,1.0000,[],40
2.3745,4.6734,72.1043,0.5998256,O=C(NCC(=O)N1C[C@H](O)C[C@H]1C(=O)N[C@H](CO)c1cccc(Cl)c1)c1ccc2cc(F)ccc2n1,1,COc1ccc([C@H](C)NC(=O)[C@@H]2C[C@@H](O)CN2C(=O)CNC(=O)c2ccc3cc(F)ccc3n2)c(Cl)c1,0.3782864,0.3783,0.7432432,0.7432,0.6785380,-8.9600,1.0000000,1.0000,[],40
2.2731,4.0491,80.4208,0.6599210,CC(C)C(NC(=O)[C@@H]1C[C@@H](O)CN1C(=O)CNC(=O)c1ccc2cc(F)ccc2n1)c1ccccc1,1,COc1ccc([C@H](C)NC(=O)[C@@H]2C[C@@H](O)CN2C(=O)CNC(=O)c2ccc3cc(F)ccc3n2)c(Cl)c1,0.4695327,0.4695,0.7364865,0.7365,0.7405742,-9.5500,1.0000000,1.0000,[],41
2.3356,4.8186,79.3090,0.6572468,CC(NC(=O)[C@@H]1C[C@@H](O)CN1C(=O)CNC(=O)c1ccc2cc(F)ccc2n1)c1ccc(Cl)cc1,1,COc1ccc([C@H](C)NC(=O)[C@@H]2C[C@@H](O)CN2C(=O)CNC(=O)c2ccc3cc(F)ccc3n2)c(Cl)c1,0.4834885,0.4835,0.8014184,0.8014,0.6939597,-9.1000,1.0000000,1.0000,[],41
2.2102,4.5815,87.6685,0.7207036,CC(NC(=O)[C@@H]1C[C@@H](O)CN1C(=O)CNC(=O)c1ccc2cc(F)ccc2n1)c1ccccc1,1,COc1ccc([C@H](C)NC(=O)[C@@H]2C[C@@H](O)CN2C(=O)CNC(=O)c2ccc3cc(F)ccc3n2)c(Cl)c1,0.5163857,0.5164,0.7746479,0.7746,0.8212476,-10.4800,1.0000000,1.0000,[],41
2.2030,4.2698,85.5899,0.7020291,C[C@@H](NC(=O)[C@@H]1C[C@@H](O)CN1C(=O)CNC(=O)c1ccc2cc(F)ccc2n1)c1ccc(Cl)cc1,1,COc1ccc([C@H](C)NC(=O)[C@@H]2C[C@@H](O)CN2C(=O)CNC(=O)c2ccc3cc(F)ccc3n2)c(Cl)c1,0.4834885,0.4835,0.8014184,0.8014,0.7917488,-10.1100,1.0000000,1.0000,[],41
2.3689,3.4014,78.9213,0.6431466,O=C(NCC(=O)N1C[C@H](O)C[C@H]1C(=O)NC1CCCCC1)c1ccc2cc(F)ccc2n1,1,COc1ccc([C@H](C)NC(=O)[C@@H]2C[C@@H](O)CN2C(=O)CNC(=O)c2ccc3cc(F)ccc3n2)c(Cl)c1,0.6501268,0.6501,0.6184211,0.6184,0.6523473,-8.7300,1.0000000,1.0000,[],41
2.3359,4.3193,77.1913,0.6368017,O=C(NCC(=O)N1C[C@H](O)C[C@H]1C(=O)NCc1ccc(Cl)c(Cl)c1)c1ccc2cc(F)ccc2n1,1,COc1ccc([C@H](C)NC(=O)[C@@H]2C[C@@H](O)CN2C(=O)CNC(=O)c2ccc3cc(F)ccc3n2)c(Cl)c1,0.4640416,0.4640,0.7114094,0.7114,0.7057813,-9.2100,1.0000000,1.0000,[],41
2.2416,3.8934,81.8078,0.6695402,O=C(NCC(=O)N1C[C@H](O)C[C@H]1C(=O)NCc1ccc(Cl)cc1)c1ccc2cc(F)ccc2n1,1,COc1ccc([C@H](C)NC(=O)[C@@H]2C[C@@H](O)CN2C(=O)CNC(=O)c2ccc3cc(F)ccc3n2)c(Cl)c1,0.4955094,0.4955,0.7260274,0.7260,0.7473962,-9.6200,1.0000000,1.0000,[],41
2.3703,3.2004,79.0450,0.6425422,O=C(NCC(=O)N1C[C@H](O)C[C@H]1C(=O)NCc1cccc(Cl)c1)c1ccc2cc(F)ccc2n1,1,COc1ccc([C@H](C)NC(=O)[C@@H]2C[C@@H](O)CN2C(=O)CNC(=O)c2ccc3cc(F)ccc3n2)c(Cl)c1,0.4955094,0.4955,0.7210884,0.7211,0.6906898,-9.0700,1.0000000,1.0000,[],41
2.3969,4.2413,74.0626,0.6117486,O=C(NCC(=O)N1C[C@H](O)C[C@H]1C(=O)N[C@@H](CO)c1cccc(Cl)c1)c1ccc2cc(F)ccc2n1,1,COc1ccc([C@H](C)NC(=O)[C@@H]2C[C@@H](O)CN2C(=O)CNC(=O)c2ccc3cc(F)ccc3n2)c(Cl)c1,0.3782864,0.3783,0.7432432,0.7432,0.7057813,-9.2100,1.0000000,1.0000,[],41
2.3256,4.6734,72.1043,0.5998256,O=C(NCC(=O)N1C[C@H](O)C[C@H]1C(=O)N[C@H](CO)c1cccc(Cl)c1)c1ccc2cc(F)ccc2n1,1,COc1ccc([C@H](C)NC(=O)[C@@H]2C[C@@H](O)CN2C(=O)CNC(=O)c2ccc3cc(F)ccc3n2)c(Cl)c1,0.3782864,0.3783,0.7432432,0.7432,0.6785380,-8.9600,1.0000000,1.0000,[],41
2.3029,4.0491,80.4208,0.6599210,CC(C)C(NC(=O)[C@@H]1C[C@@H](O)CN1C(=O)CNC(=O)c1ccc2cc(F)ccc2n1)c1ccccc1,1,COc1ccc([C@H](C)NC(=O)[C@@H]2C[C@@H](O)CN2C(=O)CNC(=O)c2ccc3cc(F)ccc3n2)c(Cl)c1,0.4695327,0.4695,0.7364865,0.7365,0.7405742,-9.5500,1.0000000,1.0000,[],42
2.3134,4.8186,79.3090,0.6572468,CC(NC(=O)[C@@H]1C[C@@H](O)CN1C(=O)CNC(=O)c1ccc2cc(F)ccc2n1)c1ccc(Cl)cc1,1,COc1ccc([C@H](C)NC(=O)[C@@H]2C[C@@H](O)CN2C(=O)CNC(=O)c2ccc3cc(F)ccc3n2)c(Cl)c1,0.4834885,0.4835,0.8014184,0.8014,0.6939597,-9.1000,1.0000000,1.0000,[],42
2.2074,4.5815,87.6685,0.7207036,CC(NC(=O)[C@@H]1C[C@@H](O)CN1C(=O)CNC(=O)c1ccc2cc(F)ccc2n1)c1ccccc1,1,COc1ccc([C@H](C)NC(=O)[C@@H]2C[C@@H](O)CN2C(=O)CNC(=O)c2ccc3cc(F)ccc3n2)c(Cl)c1,0.5163857,0.5164,0.7746479,0.7746,0.8212476,-10.4800,1.0000000,1.0000,[],42
2.2169,4.2698,85.5899,0.7020291,C[C@@H](NC(=O)[C@@H]1C[C@@H](O)CN1C(=O)CNC(=O)c1ccc2cc(F)ccc2n1)c1ccc(Cl)cc1,1,COc1ccc([C@H](C)NC(=O)[C@@H]2C[C@@H](O)CN2C(=O)CNC(=O)c2ccc3cc(F)ccc3n2)c(Cl)c1,0.4834885,0.4835,0.8014184,0.8014,0.7917488,-10.1100,1.0000000,1.0000,[],42
2.3395,3.4014,78.9213,0.6431466,O=C(NCC(=O)N1C[C@H](O)C[C@H]1C(=O)NC1CCCCC1)c1ccc2cc(F)ccc2n1,1,COc1ccc([C@H](C)NC(=O)[C@@H]2C[C@@H](O)CN2C(=O)CNC(=O)c2ccc3cc(F)ccc3n2)c(Cl)c1,0.6501268,0.6501,0.6184211,0.6184,0.6523473,-8.7300,1.0000000,1.0000,[],42
2.3161,4.3193,77.1913,0.6368017,O=C(NCC(=O)N1C[C@H](O)C[C@H]1C(=O)NCc1ccc(Cl)c(Cl)c1)c1ccc2cc(F)ccc2n1,1,COc1ccc([C@H](C)NC(=O)[C@@H]2C[C@@H](O)CN2C(=O)CNC(=O)c2ccc3cc(F)ccc3n2)c(Cl)c1,0.4640416,0.4640,0.7114094,0.7114,0.7057813,-9.2100,1.0000000,1.0000,[],42
2.2748,3.8934,81.8078,0.6695402,O=C(NCC(=O)N1C[C@H](O)C[C@H]1C(=O)NCc1ccc(Cl)cc1)c1ccc2cc(F)ccc2n1,1,COc1ccc([C@H](C)NC(=O)[C@@H]2C[C@@H](O)CN2C(=O)CNC(=O)c2ccc3cc(F)ccc3n2)c(Cl)c1,0.4955094,0.4955,0.7260274,0.7260,0.7473962,-9.6200,1.0000000,1.0000,[],42
2.4071,3.2004,79.0450,0.6425422,O=C(NCC(=O)N1C[C@H](O)C[C@H]1C(=O)NCc1cccc(Cl)c1)c1ccc2cc(F)ccc2n1,1,COc1ccc([C@H](C)NC(=O)[C@@H]2C[C@@H](O)CN2C(=O)CNC(=O)c2ccc3cc(F)ccc3n2)c(Cl)c1,0.4955094,0.4955,0.7210884,0.7211,0.6906898,-9.0700,1.0000000,1.0000,[],42
2.3699,4.2413,74.0626,0.6117486,O=C(NCC(=O)N1C[C@H](O)C[C@H]1C(=O)N[C@@H](CO)c1cccc(Cl)c1)c1ccc2cc(F)ccc2n1,1,COc1ccc([C@H](C)NC(=O)[C@@H]2C[C@@H](O)CN2C(=O)CNC(=O)c2ccc3cc(F)ccc3n2)c(Cl)c1,0.3782864,0.3783,0.7432432,0.7432,0.7057813,-9.2100,1.0000000,1.0000,[],42
2.3077,4.6734,72.1043,0.5998256,O=C(NCC(=O)N1C[C@H](O)C[C@H]1C(=O)N[C@H](CO)c1cccc(Cl)c1)c1ccc2cc(F)ccc2n1,1,COc1ccc([C@H](C)NC(=O)[C@@H]2C[C@@H](O)CN2C(=O)CNC(=O)c2ccc3cc(F)ccc3n2)c(Cl)c1,0.3782864,0.3783,0.7432432,0.7432,0.6785380,-8.9600,1.0000000,1.0000,[],42
2.3163,4.0491,80.4208,0.6599210,CC(C)C(NC(=O)[C@@H]1C[C@@H](O)CN1C(=O)CNC(=O)c1ccc2cc(F)ccc2n1)c1ccccc1,1,COc1ccc([C@H](C)NC(=O)[C@@H]2C[C@@H](O)CN2C(=O)CNC(=O)c2ccc3cc(F)ccc3n2)c(Cl)c1,0.4695327,0.4695,0.7364865,0.7365,0.7405742,-9.5500,1.0000000,1.0000,[],43
2.3005,4.8186,79.3090,0.6572468,CC(NC(=O)[C@@H]1C[C@@H](O)CN1C(=O)CNC(=O)c1ccc2cc(F)ccc2n1)c1ccc(Cl)cc1,1,COc1ccc([C@H](C)NC(=O)[C@@H]2C[C@@H](O)CN2C(=O)CNC(=O)c2ccc3cc(F)ccc3n2)c(Cl)c1,0.4834885,0.4835,0.8014184,0.8014,0.6939597,-9.1000,1.0000000,1.0000,[],43
2.2058,4.5815,87.6685,0.7207036,CC(NC(=O)[C@@H]1C[C@@H](O)CN1C(=O)CNC(=O)c1ccc2cc(F)ccc2n1)c1ccccc1,1,COc1ccc([C@H](C)NC(=O)[C@@H]2C[C@@H](O)CN2C(=O)CNC(=O)c2ccc3cc(F)ccc3n2)c(Cl)c1,0.5163857,0.5164,0.7746479,0.7746,0.8212476,-10.4800,1.0000000,1.0000,[],43
2.2406,4.2698,85.5899,0.7020291,C[C@@H](NC(=O)[C@@H]1C[C@@H](O)CN1C(=O)CNC(=O)c1ccc2cc(F)ccc2n1)c1ccc(Cl)cc1,1,COc1ccc([C@H](C)NC(=O)[C@@H]2C[C@@H](O)CN2C(=O)CNC(=O)c2ccc3cc(F)ccc3n2)c(Cl)c1,0.4834885,0.4835,0.8014184,0.8014,0.7917488,-10.1100,1.0000000,1.0000,[],43
2.2943,3.4014,78.9213,0.6431466,O=C(NCC(=O)N1C[C@H](O)C[C@H]1C(=O)NC1CCCCC1)c1ccc2cc(F)ccc2n1,1,COc1ccc([C@H](C)NC(=O)[C@@H]2C[C@@H](O)CN2C(=O)CNC(=O)c2ccc3cc(F)ccc3n2)c(Cl)c1,0.6501268,0.6501,0.6184211,0.6184,0.6523473,-8.7300,1.0000000,1.0000,[],43
2.3133,4.3193,77.1913,0.6368017,O=C(NCC(=O)N1C[C@H](O)C[C@H]1C(=O)NCc1ccc(Cl)c(Cl)c1)c1ccc2cc(F)ccc2n1,1,COc1ccc([C@H](C)NC(=O)[C@@H]2C[C@@H](O)CN2C(=O)CNC(=O)c2ccc3cc(F)ccc3n2)c(Cl)c1,0.4640416,0.4640,0.7114094,0.7114,0.7057813,-9.2100,1.0000000,1.0000,[],43
2.2907,3.8934,81.8078,0.6695402,O=C(NCC(=O)N1C[C@H](O)C[C@H]1C(=O)NCc1ccc(Cl)cc1)c1ccc2cc(F)ccc2n1,1,COc1ccc([C@H](C)NC(=O)[C@@H]2C[C@@H](O)CN2C(=O)CNC(=O)c2ccc3cc(F)ccc3n2)c(Cl)c1,0.4955094,0.4955,0.7260274,0.7260,0.7473962,-9.6200,1.0000000,1.0000,[],43
2.3864,3.2004,79.0450,0.6425422,O=C(NCC(=O)N1C[C@H](O)C[C@H]1C(=O)NCc1cccc(Cl)c1)c1ccc2cc(F)ccc2n1,1,COc1ccc([C@H](C)NC(=O)[C@@H]2C[C@@H](O)CN2C(=O)CNC(=O)c2ccc3cc(F)ccc3n2)c(Cl)c1,0.4955094,0.4955,0.7210884,0.7211,0.6906898,-9.0700,1.0000000,1.0000,[],43
2.3692,4.2413,74.0626,0.6117486,O=C(NCC(=O)N1C[C@H](O)C[C@H]1C(=O)N[C@@H](CO)c1cccc(Cl)c1)c1ccc2cc(F)ccc2n1,1,COc1ccc([C@H](C)NC(=O)[C@@H]2C[C@@H](O)CN2C(=O)CNC(=O)c2ccc3cc(F)ccc3n2)c(Cl)c1,0.3782864,0.3783,0.7432432,0.7432,0.7057813,-9.2100,1.0000000,1.0000,[],43
2.3342,4.6734,72.1043,0.5998256,O=C(NCC(=O)N1C[C@H](O)C[C@H]1C(=O)N[C@H](CO)c1cccc(Cl)c1)c1ccc2cc(F)ccc2n1,1,COc1ccc([C@H](C)NC(=O)[C@@H]2C[C@@H](O)CN2C(=O)CNC(=O)c2ccc3cc(F)ccc3n2)c(Cl)c1,0.3782864,0.3783,0.7432432,0.7432,0.6785380,-8.9600,1.0000000,1.0000,[],43
2.2959,4.0491,80.4208,0.6599210,CC(C)C(NC(=O)[C@@H]1C[C@@H](O)CN1C(=O)CNC(=O)c1ccc2cc(F)ccc2n1)c1ccccc1,1,COc1ccc([C@H](C)NC(=O)[C@@H]2C[C@@H](O)CN2C(=O)CNC(=O)c2ccc3cc(F)ccc3n2)c(Cl)c1,0.4695327,0.4695,0.7364865,0.7365,0.7405742,-9.5500,1.0000000,1.0000,[],44
2.3131,4.8186,79.3090,0.6572468,CC(NC(=O)[C@@H]1C[C@@H](O)CN1C(=O)CNC(=O)c1ccc2cc(F)ccc2n1)c1ccc(Cl)cc1,1,COc1ccc([C@H](C)NC(=O)[C@@H]2C[C@@H](O)CN2C(=O)CNC(=O)c2ccc3cc(F)ccc3n2)c(Cl)c1,0.4834885,0.4835,0.8014184,0.8014,0.6939597,-9.1000,1.0000000,1.0000,[],44
2.2031,4.5815,87.6685,0.7207036,CC(NC(=O)[C@@H]1C[C@@H](O)CN1C(=O)CNC(=O)c1ccc2cc(F)ccc2n1)c1ccccc1,1,COc1ccc([C@H](C)NC(=O)[C@@H]2C[C@@H](O)CN2C(=O)CNC(=O)c2ccc3cc(F)ccc3n2)c(Cl)c1,0.5163857,0.5164,0.7746479,0.7746,0.8212476,-10.4800,1.0000000,1.0000,[],44
2.2577,4.2698,85.5899,0.7020291,C[C@@H](NC(=O)[C@@H]1C[C@@H](O)CN1C(=O)CNC(=O)c1ccc2cc(F)ccc2n1)c1ccc(Cl)cc1,1,COc1ccc([C@H](C)NC(=O)[C@@H]2C[C@@H](O)CN2C(=O)CNC(=O)c2ccc3cc(F)ccc3n2)c(Cl)c1,0.4834885,0.4835,0.8014184,0.8014,0.7917488,-10.1100,1.0000000,1.0000,[],44
2.2747,3.4014,78.9213,0.6431466,O=C(NCC(=O)N1C[C@H](O)C[C@H]1C(=O)NC1CCCCC1)c1ccc2cc(F)ccc2n1,1,COc1ccc([C@H](C)NC(=O)[C@@H]2C[C@@H](O)CN2C(=O)CNC(=O)c2ccc3cc(F)ccc3n2)c(Cl)c1,0.6501268,0.6501,0.6184211,0.6184,0.6523473,-8.7300,1.0000000,1.0000,[],44
2.3302,4.3193,77.1913,0.6368017,O=C(NCC(=O)N1C[C@H](O)C[C@H]1C(=O)NCc1ccc(Cl)c(Cl)c1)c1ccc2cc(F)ccc2n1,1,COc1ccc([C@H](C)NC(=O)[C@@H]2C[C@@H](O)CN2C(=O)CNC(=O)c2ccc3cc(F)ccc3n2)c(Cl)c1,0.4640416,0.4640,0.7114094,0.7114,0.7057813,-9.2100,1.0000000,1.0000,[],44
2.2807,3.8934,81.8078,0.6695402,O=C(NCC(=O)N1C[C@H](O)C[C@H]1C(=O)NCc1ccc(Cl)cc1)c1ccc2cc(F)ccc2n1,1,COc1ccc([C@H](C)NC(=O)[C@@H]2C[C@@H](O)CN2C(=O)CNC(=O)c2ccc3cc(F)ccc3n2)c(Cl)c1,0.4955094,0.4955,0.7260274,0.7260,0.7473962,-9.6200,1.0000000,1.0000,[],44
2.3195,3.2004,79.0450,0.6425422,O=C(NCC(=O)N1C[C@H](O)C[C@H]1C(=O)NCc1cccc(Cl)c1)c1ccc2cc(F)ccc2n1,1,COc1ccc([C@H](C)NC(=O)[C@@H]2C[C@@H](O)CN2C(=O)CNC(=O)c2ccc3cc(F)ccc3n2)c(Cl)c1,0.4955094,0.4955,0.7210884,0.7211,0.6906898,-9.0700,1.0000000,1.0000,[],44
2.3870,4.2413,74.0626,0.6117486,O=C(NCC(=O)N1C[C@H](O)C[C@H]1C(=O)N[C@@H](CO)c1cccc(Cl)c1)c1ccc2cc(F)ccc2n1,1,COc1ccc([C@H](C)NC(=O)[C@@H]2C[C@@H](O)CN2C(=O)CNC(=O)c2ccc3cc(F)ccc3n2)c(Cl)c1,0.3782864,0.3783,0.7432432,0.7432,0.7057813,-9.2100,1.0000000,1.0000,[],44
2.3909,4.6734,72.1043,0.5998256,O=C(NCC(=O)N1C[C@H](O)C[C@H]1C(=O)N[C@H](CO)c1cccc(Cl)c1)c1ccc2cc(F)ccc2n1,1,COc1ccc([C@H](C)NC(=O)[C@@H]2C[C@@H](O)CN2C(=O)CNC(=O)c2ccc3cc(F)ccc3n2)c(Cl)c1,0.3782864,0.3783,0.7432432,0.7432,0.6785380,-8.9600,1.0000000,1.0000,[],44
2.2809,4.0491,80.4208,0.6599210,CC(C)C(NC(=O)[C@@H]1C[C@@H](O)CN1C(=O)CNC(=O)c1ccc2cc(F)ccc2n1)c1ccccc1,1,COc1ccc([C@H](C)NC(=O)[C@@H]2C[C@@H](O)CN2C(=O)CNC(=O)c2ccc3cc(F)ccc3n2)c(Cl)c1,0.4695327,0.4695,0.7364865,0.7365,0.7405742,-9.5500,1.0000000,1.0000,[],45
2.3031,4.8186,79.3090,0.6572468,CC(NC(=O)[C@@H]1C[C@@H](O)CN1C(=O)CNC(=O)c1ccc2cc(F)ccc2n1)c1ccc(Cl)cc1,1,COc1ccc([C@H](C)NC(=O)[C@@H]2C[C@@H](O)CN2C(=O)CNC(=O)c2ccc3cc(F)ccc3n2)c(Cl)c1,0.4834885,0.4835,0.8014184,0.8014,0.6939597,-9.1000,1.0000000,1.0000,[],45
2.2106,4.5815,87.6685,0.7207036,CC(NC(=O)[C@@H]1C[C@@H](O)CN1C(=O)CNC(=O)c1ccc2cc(F)ccc2n1)c1ccccc1,1,COc1ccc([C@H](C)NC(=O)[C@@H]2C[C@@H](O)CN2C(=O)CNC(=O)c2ccc3cc(F)ccc3n2)c(Cl)c1,0.5163857,0.5164,0.7746479,0.7746,0.8212476,-10.4800,1.0000000,1.0000,[],45
2.2531,4.2698,85.5899,0.7020291,C[C@@H](NC(=O)[C@@H]1C[C@@H](O)CN1C(=O)CNC(=O)c1ccc2cc(F)ccc2n1)c1ccc(Cl)cc1,1,COc1ccc([C@H](C)NC(=O)[C@@H]2C[C@@H](O)CN2C(=O)CNC(=O)c2ccc3cc(F)ccc3n2)c(Cl)c1,0.4834885,0.4835,0.8014184,0.8014,0.7917488,-10.1100,1.0000000,1.0000,[],45
2.2980,3.4014,78.9213,0.6431466,O=C(NCC(=O)N1C[C@H](O)C[C@H]1C(=O)NC1CCCCC1)c1ccc2cc(F)ccc2n1,1,COc1ccc([C@H](C)NC(=O)[C@@H]2C[C@@H](O)CN2C(=O)CNC(=O)c2ccc3cc(F)ccc3n2)c(Cl)c1,0.6501268,0.6501,0.6184211,0.6184,0.6523473,-8.7300,1.0000000,1.0000,[],45
2.3487,4.3193,77.1913,0.6368017,O=C(NCC(=O)N1C[C@H](O)C[C@H]1C(=O)NCc1ccc(Cl)c(Cl)c1)c1ccc2cc(F)ccc2n1,1,COc1ccc([C@H](C)NC(=O)[C@@H]2C[C@@H](O)CN2C(=O)CNC(=O)c2ccc3cc(F)ccc3n2)c(Cl)c1,0.4640416,0.4640,0.7114094,0.7114,0.7057813,-9.2100,1.0000000,1.0000,[],45
2.2686,3.8934,81.8078,0.6695402,O=C(NCC(=O)N1C[C@H](O)C[C@H]1C(=O)NCc1ccc(Cl)cc1)c1ccc2cc(F)ccc2n1,1,COc1ccc([C@H](C)NC(=O)[C@@H]2C[C@@H](O)CN2C(=O)CNC(=O)c2ccc3cc(F)ccc3n2)c(Cl)c1,0.4955094,0.4955,0.7260274,0.7260,0.7473962,-9.6200,1.0000000,1.0000,[],45
2.2548,3.2004,79.0450,0.6425422,O=C(NCC(=O)N1C[C@H](O)C[C@H]1C(=O)NCc1cccc(Cl)c1)c1ccc2cc(F)ccc2n1,1,COc1ccc([C@H](C)NC(=O)[C@@H]2C[C@@H](O)CN2C(=O)CNC(=O)c2ccc3cc(F)ccc3n2)c(Cl)c1,0.4955094,0.4955,0.7210884,0.7211,0.6906898,-9.0700,1.0000000,1.0000,[],45
2.3994,4.2413,74.0626,0.6117486,O=C(NCC(=O)N1C[C@H](O)C[C@H]1C(=O)N[C@@H](CO)c1cccc(Cl)c1)c1ccc2cc(F)ccc2n1,1,COc1ccc([C@H](C)NC(=O)[C@@H]2C[C@@H](O)CN2C(=O)CNC(=O)c2ccc3cc(F)ccc3n2)c(Cl)c1,0.3782864,0.3783,0.7432432,0.7432,0.7057813,-9.2100,1.0000000,1.0000,[],45
2.4430,4.6734,72.1043,0.5998256,O=C(NCC(=O)N1C[C@H](O)C[C@H]1C(=O)N[C@H](CO)c1cccc(Cl)c1)c1ccc2cc(F)ccc2n1,1,COc1ccc([C@H](C)NC(=O)[C@@H]2C[C@@H](O)CN2C(=O)CNC(=O)c2ccc3cc(F)ccc3n2)c(Cl)c1,0.3782864,0.3783,0.7432432,0.7432,0.6785380,-8.9600,1.0000000,1.0000,[],45
2.2858,4.0491,80.4208,0.6599210,CC(C)C(NC(=O)[C@@H]1C[C@@H](O)CN1C(=O)CNC(=O)c1ccc2cc(F)ccc2n1)c1ccccc1,1,COc1ccc([C@H](C)NC(=O)[C@@H]2C[C@@H](O)CN2C(=O)CNC(=O)c2ccc3cc(F)ccc3n2)c(Cl)c1,0.4695327,0.4695,0.7364865,0.7365,0.7405742,-9.5500,1.0000000,1.0000,[],46
2.2840,4.8186,79.3090,0.6572468,CC(NC(=O)[C@@H]1C[C@@H](O)CN1C(=O)CNC(=O)c1ccc2cc(F)ccc2n1)c1ccc(Cl)cc1,1,COc1ccc([C@H](C)NC(=O)[C@@H]2C[C@@H](O)CN2C(=O)CNC(=O)c2ccc3cc(F)ccc3n2)c(Cl)c1,0.4834885,0.4835,0.8014184,0.8014,0.6939597,-9.1000,1.0000000,1.0000,[],46
2.2183,4.5815,87.6685,0.7207036,CC(NC(=O)[C@@H]1C[C@@H](O)CN1C(=O)CNC(=O)c1ccc2cc(F)ccc2n1)c1ccccc1,1,COc1ccc([C@H](C)NC(=O)[C@@H]2C[C@@H](O)CN2C(=O)CNC(=O)c2ccc3cc(F)ccc3n2)c(Cl)c1,0.5163857,0.5164,0.7746479,0.7746,0.8212476,-10.4800,1.0000000,1.0000,[],46
2.2349,4.2698,85.5899,0.7020291,C[C@@H](NC(=O)[C@@H]1C[C@@H](O)CN1C(=O)CNC(=O)c1ccc2cc(F)ccc2n1)c1ccc(Cl)cc1,1,COc1ccc([C@H](C)NC(=O)[C@@H]2C[C@@H](O)CN2C(=O)CNC(=O)c2ccc3cc(F)ccc3n2)c(Cl)c1,0.4834885,0.4835,0.8014184,0.8014,0.7917488,-10.1100,1.0000000,1.0000,[],46
2.3300,3.4014,78.9213,0.6431466,O=C(NCC(=O)N1C[C@H](O)C[C@H]1C(=O)NC1CCCCC1)c1ccc2cc(F)ccc2n1,1,COc1ccc([C@H](C)NC(=O)[C@@H]2C[C@@H](O)CN2C(=O)CNC(=O)c2ccc3cc(F)ccc3n2)c(Cl)c1,0.6501268,0.6501,0.6184211,0.6184,0.6523473,-8.7300,1.0000000,1.0000,[],46
2.3497,4.3193,77.1913,0.6368017,O=C(NCC(=O)N1C[C@H](O)C[C@H]1C(=O)NCc1ccc(Cl)c(Cl)c1)c1ccc2cc(F)ccc2n1,1,COc1ccc([C@H](C)NC(=O)[C@@H]2C[C@@H](O)CN2C(=O)CNC(=O)c2ccc3cc(F)ccc3n2)c(Cl)c1,0.4640416,0.4640,0.7114094,0.7114,0.7057813,-9.2100,1.0000000,1.0000,[],46
2.2760,3.8934,81.8078,0.6695402,O=C(NCC(=O)N1C[C@H](O)C[C@H]1C(=O)NCc1ccc(Cl)cc1)c1ccc2cc(F)ccc2n1,1,COc1ccc([C@H](C)NC(=O)[C@@H]2C[C@@H](O)CN2C(=O)CNC(=O)c2ccc3cc(F)ccc3n2)c(Cl)c1,0.4955094,0.4955,0.7260274,0.7260,0.7473962,-9.6200,1.0000000,1.0000,[],46
2.2318,3.2004,79.0450,0.6425422,O=C(NCC(=O)N1C[C@H](O)C[C@H]1C(=O)NCc1cccc(Cl)c1)c1ccc2cc(F)ccc2n1,1,COc1ccc([C@H](C)NC(=O)[C@@H]2C[C@@H](O)CN2C(=O)CNC(=O)c2ccc3cc(F)ccc3n2)c(Cl)c1,0.4955094,0.4955,0.7210884,0.7211,0.6906898,-9.0700,1.0000000,1.0000,[],46
2.3892,4.2413,74.0626,0.6117486,O=C(NCC(=O)N1C[C@H](O)C[C@H]1C(=O)N[C@@H](CO)c1cccc(Cl)c1)c1ccc2cc(F)ccc2n1,1,COc1ccc([C@H](C)NC(=O)[C@@H]2C[C@@H](O)CN2C(=O)CNC(=O)c2ccc3cc(F)ccc3n2)c(Cl)c1,0.3782864,0.3783,0.7432432,0.7432,0.7057813,-9.2100,1.0000000,1.0000,[],46
2.4645,4.6734,72.1043,0.5998256,O=C(NCC(=O)N1C[C@H](O)C[C@H]1C(=O)N[C@H](CO)c1cccc(Cl)c1)c1ccc2cc(F)ccc2n1,1,COc1ccc([C@H](C)NC(=O)[C@@H]2C[C@@H](O)CN2C(=O)CNC(=O)c2ccc3cc(F)ccc3n2)c(Cl)c1,0.3782864,0.3783,0.7432432,0.7432,0.6785380,-8.9600,1.0000000,1.0000,[],46
2.2956,4.0491,80.4208,0.6599210,CC(C)C(NC(=O)[C@@H]1C[C@@H](O)CN1C(=O)CNC(=O)c1ccc2cc(F)ccc2n1)c1ccccc1,1,COc1ccc([C@H](C)NC(=O)[C@@H]2C[C@@H](O)CN2C(=O)CNC(=O)c2ccc3cc(F)ccc3n2)c(Cl)c1,0.4695327,0.4695,0.7364865,0.7365,0.7405742,-9.5500,1.0000000,1.0000,[],47
2.2976,4.8186,79.3090,0.6572468,CC(NC(=O)[C@@H]1C[C@@H](O)CN1C(=O)CNC(=O)c1ccc2cc(F)ccc2n1)c1ccc(Cl)cc1,1,COc1ccc([C@H](C)NC(=O)[C@@H]2C[C@@H](O)CN2C(=O)CNC(=O)c2ccc3cc(F)ccc3n2)c(Cl)c1,0.4834885,0.4835,0.8014184,0.8014,0.6939597,-9.1000,1.0000000,1.0000,[],47
2.2120,4.5815,87.6685,0.7207036,CC(NC(=O)[C@@H]1C[C@@H](O)CN1C(=O)CNC(=O)c1ccc2cc(F)ccc2n1)c1ccccc1,1,COc1ccc([C@H](C)NC(=O)[C@@H]2C[C@@H](O)CN2C(=O)CNC(=O)c2ccc3cc(F)ccc3n2)c(Cl)c1,0.5163857,0.5164,0.7746479,0.7746,0.8212476,-10.4800,1.0000000,1.0000,[],47
2.2228,4.2698,85.5899,0.7020291,C[C@@H](NC(=O)[C@@H]1C[C@@H](O)CN1C(=O)CNC(=O)c1ccc2cc(F)ccc2n1)c1ccc(Cl)cc1,1,COc1ccc([C@H](C)NC(=O)[C@@H]2C[C@@H](O)CN2C(=O)CNC(=O)c2ccc3cc(F)ccc3n2)c(Cl)c1,0.4834885,0.4835,0.8014184,0.8014,0.7917488,-10.1100,1.0000000,1.0000,[],47
2.3306,3.4014,78.9213,0.6431466,O=C(NCC(=O)N1C[C@H](O)C[C@H]1C(=O)NC1CCCCC1)c1ccc2cc(F)ccc2n1,1,COc1ccc([C@H](C)NC(=O)[C@@H]2C[C@@H](O)CN2C(=O)CNC(=O)c2ccc3cc(F)ccc3n2)c(Cl)c1,0.6501268,0.6501,0.6184211,0.6184,0.6523473,-8.7300,1.0000000,1.0000,[],47
2.3368,4.3193,77.1913,0.6368017,O=C(NCC(=O)N1C[C@H](O)C[C@H]1C(=O)NCc1ccc(Cl)c(Cl)c1)c1ccc2cc(F)ccc2n1,1,COc1ccc([C@H](C)NC(=O)[C@@H]2C[C@@H](O)CN2C(=O)CNC(=O)c2ccc3cc(F)ccc3n2)c(Cl)c1,0.4640416,0.4640,0.7114094,0.7114,0.7057813,-9.2100,1.0000000,1.0000,[],47
2.2982,3.8934,81.8078,0.6695402,O=C(NCC(=O)N1C[C@H](O)C[C@H]1C(=O)NCc1ccc(Cl)cc1)c1ccc2cc(F)ccc2n1,1,COc1ccc([C@H](C)NC(=O)[C@@H]2C[C@@H](O)CN2C(=O)CNC(=O)c2ccc3cc(F)ccc3n2)c(Cl)c1,0.4955094,0.4955,0.7260274,0.7260,0.7473962,-9.6200,1.0000000,1.0000,[],47
2.2595,3.2004,79.0450,0.6425422,O=C(NCC(=O)N1C[C@H](O)C[C@H]1C(=O)NCc1cccc(Cl)c1)c1ccc2cc(F)ccc2n1,1,COc1ccc([C@H](C)NC(=O)[C@@H]2C[C@@H](O)CN2C(=O)CNC(=O)c2ccc3cc(F)ccc3n2)c(Cl)c1,0.4955094,0.4955,0.7210884,0.7211,0.6906898,-9.0700,1.0000000,1.0000,[],47
2.3569,4.2413,74.0626,0.6117486,O=C(NCC(=O)N1C[C@H](O)C[C@H]1C(=O)N[C@@H](CO)c1cccc(Cl)c1)c1ccc2cc(F)ccc2n1,1,COc1ccc([C@H](C)NC(=O)[C@@H]2C[C@@H](O)CN2C(=O)CNC(=O)c2ccc3cc(F)ccc3n2)c(Cl)c1,0.3782864,0.3783,0.7432432,0.7432,0.7057813,-9.2100,1.0000000,1.0000,[],47
2.4480,4.6734,72.1043,0.5998256,O=C(NCC(=O)N1C[C@H](O)C[C@H]1C(=O)N[C@H](CO)c1cccc(Cl)c1)c1ccc2cc(F)ccc2n1,1,COc1ccc([C@H](C)NC(=O)[C@@H]2C[C@@H](O)CN2C(=O)CNC(=O)c2ccc3cc(F)ccc3n2)c(Cl)c1,0.3782864,0.3783,0.7432432,0.7432,0.6785380,-8.9600,1.0000000,1.0000,[],47
2.2997,4.0491,80.4208,0.6599210,CC(C)C(NC(=O)[C@@H]1C[C@@H](O)CN1C(=O)CNC(=O)c1ccc2cc(F)ccc2n1)c1ccccc1,1,COc1ccc([C@H](C)NC(=O)[C@@H]2C[C@@H](O)CN2C(=O)CNC(=O)c2ccc3cc(F)ccc3n2)c(Cl)c1,0.4695327,0.4695,0.7364865,0.7365,0.7405742,-9.5500,1.0000000,1.0000,[],48
2.3261,4.8186,79.3090,0.6572468,CC(NC(=O)[C@@H]1C[C@@H](O)CN1C(=O)CNC(=O)c1ccc2cc(F)ccc2n1)c1ccc(Cl)cc1,1,COc1ccc([C@H](C)NC(=O)[C@@H]2C[C@@H](O)CN2C(=O)CNC(=O)c2ccc3cc(F)ccc3n2)c(Cl)c1,0.4834885,0.4835,0.8014184,0.8014,0.6939597,-9.1000,1.0000000,1.0000,[],48
2.2068,4.5815,87.6685,0.7207036,CC(NC(=O)[C@@H]1C[C@@H](O)CN1C(=O)CNC(=O)c1ccc2cc(F)ccc2n1)c1ccccc1,1,COc1ccc([C@H](C)NC(=O)[C@@H]2C[C@@H](O)CN2C(=O)CNC(=O)c2ccc3cc(F)ccc3n2)c(Cl)c1,0.5163857,0.5164,0.7746479,0.7746,0.8212476,-10.4800,1.0000000,1.0000,[],48
2.2249,4.2698,85.5899,0.7020291,C[C@@H](NC(=O)[C@@H]1C[C@@H](O)CN1C(=O)CNC(=O)c1ccc2cc(F)ccc2n1)c1ccc(Cl)cc1,1,COc1ccc([C@H](C)NC(=O)[C@@H]2C[C@@H](O)CN2C(=O)CNC(=O)c2ccc3cc(F)ccc3n2)c(Cl)c1,0.4834885,0.4835,0.8014184,0.8014,0.7917488,-10.1100,1.0000000,1.0000,[],48
2.3118,3.4014,78.9213,0.6431466,O=C(NCC(=O)N1C[C@H](O)C[C@H]1C(=O)NC1CCCCC1)c1ccc2cc(F)ccc2n1,1,COc1ccc([C@H](C)NC(=O)[C@@H]2C[C@@H](O)CN2C(=O)CNC(=O)c2ccc3cc(F)ccc3n2)c(Cl)c1,0.6501268,0.6501,0.6184211,0.6184,0.6523473,-8.7300,1.0000000,1.0000,[],48
2.3224,4.3193,77.1913,0.6368017,O=C(NCC(=O)N1C[C@H](O)C[C@H]1C(=O)NCc1ccc(Cl)c(Cl)c1)c1ccc2cc(F)ccc2n1,1,COc1ccc([C@H](C)NC(=O)[C@@H]2C[C@@H](O)CN2C(=O)CNC(=O)c2ccc3cc(F)ccc3n2)c(Cl)c1,0.4640416,0.4640,0.7114094,0.7114,0.7057813,-9.2100,1.0000000,1.0000,[],48
2.3095,3.8934,81.8078,0.6695402,O=C(NCC(=O)N1C[C@H](O)C[C@H]1C(=O)NCc1ccc(Cl)cc1)c1ccc2cc(F)ccc2n1,1,COc1ccc([C@H](C)NC(=O)[C@@H]2C[C@@H](O)CN2C(=O)CNC(=O)c2ccc3cc(F)ccc3n2)c(Cl)c1,0.4955094,0.4955,0.7260274,0.7260,0.7473962,-9.6200,1.0000000,1.0000,[],48
2.3150,3.2004,79.0450,0.6425422,O=C(NCC(=O)N1C[C@H](O)C[C@H]1C(=O)NCc1cccc(Cl)c1)c1ccc2cc(F)ccc2n1,1,COc1ccc([C@H](C)NC(=O)[C@@H]2C[C@@H](O)CN2C(=O)CNC(=O)c2ccc3cc(F)ccc3n2)c(Cl)c1,0.4955094,0.4955,0.7210884,0.7211,0.6906898,-9.0700,1.0000000,1.0000,[],48
2.3217,4.2413,74.0626,0.6117486,O=C(NCC(=O)N1C[C@H](O)C[C@H]1C(=O)N[C@@H](CO)c1cccc(Cl)c1)c1ccc2cc(F)ccc2n1,1,COc1ccc([C@H](C)NC(=O)[C@@H]2C[C@@H](O)CN2C(=O)CNC(=O)c2ccc3cc(F)ccc3n2)c(Cl)c1,0.3782864,0.3783,0.7432432,0.7432,0.7057813,-9.2100,1.0000000,1.0000,[],48
2.4134,4.6734,72.1043,0.5998256,O=C(NCC(=O)N1C[C@H](O)C[C@H]1C(=O)N[C@H](CO)c1cccc(Cl)c1)c1ccc2cc(F)ccc2n1,1,COc1ccc([C@H](C)NC(=O)[C@@H]2C[C@@H](O)CN2C(=O)CNC(=O)c2ccc3cc(F)ccc3n2)c(Cl)c1,0.3782864,0.3783,0.7432432,0.7432,0.6785380,-8.9600,1.0000000,1.0000,[],48
2.3012,4.0491,80.4208,0.6599210,CC(C)C(NC(=O)[C@@H]1C[C@@H](O)CN1C(=O)CNC(=O)c1ccc2cc(F)ccc2n1)c1ccccc1,1,COc1ccc([C@H](C)NC(=O)[C@@H]2C[C@@H](O)CN2C(=O)CNC(=O)c2ccc3cc(F)ccc3n2)c(Cl)c1,0.4695327,0.4695,0.7364865,0.7365,0.7405742,-9.5500,1.0000000,1.0000,[],49
2.3199,4.8186,79.3090,0.6572468,CC(NC(=O)[C@@H]1C[C@@H](O)CN1C(=O)CNC(=O)c1ccc2cc(F)ccc2n1)c1ccc(Cl)cc1,1,COc1ccc([C@H](C)NC(=O)[C@@H]2C[C@@H](O)CN2C(=O)CNC(=O)c2ccc3cc(F)ccc3n2)c(Cl)c1,0.4834885,0.4835,0.8014184,0.8014,0.6939597,-9.1000,1.0000000,1.0000,[],49
2.2213,4.5815,87.6685,0.7207036,CC(NC(=O)[C@@H]1C[C@@H](O)CN1C(=O)CNC(=O)c1ccc2cc(F)ccc2n1)c1ccccc1,1,COc1ccc([C@H](C)NC(=O)[C@@H]2C[C@@H](O)CN2C(=O)CNC(=O)c2ccc3cc(F)ccc3n2)c(Cl)c1,0.5163857,0.5164,0.7746479,0.7746,0.8212476,-10.4800,1.0000000,1.0000,[],49
2.2334,4.2698,85.5899,0.7020291,C[C@@H](NC(=O)[C@@H]1C[C@@H](O)CN1C(=O)CNC(=O)c1ccc2cc(F)ccc2n1)c1ccc(Cl)cc1,1,COc1ccc([C@H](C)NC(=O)[C@@H]2C[C@@H](O)CN2C(=O)CNC(=O)c2ccc3cc(F)ccc3n2)c(Cl)c1,0.4834885,0.4835,0.8014184,0.8014,0.7917488,-10.1100,1.0000000,1.0000,[],49
2.2972,3.4014,78.9213,0.6431466,O=C(NCC(=O)N1C[C@H](O)C[C@H]1C(=O)NC1CCCCC1)c1ccc2cc(F)ccc2n1,1,COc1ccc([C@H](C)NC(=O)[C@@H]2C[C@@H](O)CN2C(=O)CNC(=O)c2ccc3cc(F)ccc3n2)c(Cl)c1,0.6501268,0.6501,0.6184211,0.6184,0.6523473,-8.7300,1.0000000,1.0000,[],49
2.3200,4.3193,77.1913,0.6368017,O=C(NCC(=O)N1C[C@H](O)C[C@H]1C(=O)NCc1ccc(Cl)c(Cl)c1)c1ccc2cc(F)ccc2n1,1,COc1ccc([C@H](C)NC(=O)[C@@H]2C[C@@H](O)CN2C(=O)CNC(=O)c2ccc3cc(F)ccc3n2)c(Cl)c1,0.4640416,0.4640,0.7114094,0.7114,0.7057813,-9.2100,1.0000000,1.0000,[],49
2.2938,3.8934,81.8078,0.6695402,O=C(NCC(=O)N1C[C@H](O)C[C@H]1C(=O)NCc1ccc(Cl)cc1)c1ccc2cc(F)ccc2n1,1,COc1ccc([C@H](C)NC(=O)[C@@H]2C[C@@H](O)CN2C(=O)CNC(=O)c2ccc3cc(F)ccc3n2)c(Cl)c1,0.4955094,0.4955,0.7260274,0.7260,0.7473962,-9.6200,1.0000000,1.0000,[],49
2.3631,3.2004,79.0450,0.6425422,O=C(NCC(=O)N1C[C@H](O)C[C@H]1C(=O)NCc1cccc(Cl)c1)c1ccc2cc(F)ccc2n1,1,COc1ccc([C@H](C)NC(=O)[C@@H]2C[C@@H](O)CN2C(=O)CNC(=O)c2ccc3cc(F)ccc3n2)c(Cl)c1,0.4955094,0.4955,0.7210884,0.7211,0.6906898,-9.0700,1.0000000,1.0000,[],49
2.3077,4.2413,74.0626,0.6117486,O=C(NCC(=O)N1C[C@H](O)C[C@H]1C(=O)N[C@@H](CO)c1cccc(Cl)c1)c1ccc2cc(F)ccc2n1,1,COc1ccc([C@H](C)NC(=O)[C@@H]2C[C@@H](O)CN2C(=O)CNC(=O)c2ccc3cc(F)ccc3n2)c(Cl)c1,0.3782864,0.3783,0.7432432,0.7432,0.7057813,-9.2100,1.0000000,1.0000,[],49
2.3904,4.6734,72.1043,0.5998256,O=C(NCC(=O)N1C[C@H](O)C[C@H]1C(=O)N[C@H](CO)c1cccc(Cl)c1)c1ccc2cc(F)ccc2n1,1,COc1ccc([C@H](C)NC(=O)[C@@H]2C[C@@H](O)CN2C(=O)CNC(=O)c2ccc3cc(F)ccc3n2)c(Cl)c1,0.3782864,0.3783,0.7432432,0.7432,0.6785380,-8.9600,1.0000000,1.0000,[],49
2.2996,4.0491,80.4208,0.6599210,CC(C)C(NC(=O)[C@@H]1C[C@@H](O)CN1C(=O)CNC(=O)c1ccc2cc(F)ccc2n1)c1ccccc1,1,COc1ccc([C@H](C)NC(=O)[C@@H]2C[C@@H](O)CN2C(=O)CNC(=O)c2ccc3cc(F)ccc3n2)c(Cl)c1,0.4695327,0.4695,0.7364865,0.7365,0.7405742,-9.5500,1.0000000,1.0000,[],50
2.3088,4.8186,79.3090,0.6572468,CC(NC(=O)[C@@H]1C[C@@H](O)CN1C(=O)CNC(=O)c1ccc2cc(F)ccc2n1)c1ccc(Cl)cc1,1,COc1ccc([C@H](C)NC(=O)[C@@H]2C[C@@H](O)CN2C(=O)CNC(=O)c2ccc3cc(F)ccc3n2)c(Cl)c1,0.4834885,0.4835,0.8014184,0.8014,0.6939597,-9.1000,1.0000000,1.0000,[],50
2.2201,4.5815,87.6685,0.7207036,CC(NC(=O)[C@@H]1C[C@@H](O)CN1C(=O)CNC(=O)c1ccc2cc(F)ccc2n1)c1ccccc1,1,COc1ccc([C@H](C)NC(=O)[C@@H]2C[C@@H](O)CN2C(=O)CNC(=O)c2ccc3cc(F)ccc3n2)c(Cl)c1,0.5163857,0.5164,0.7746479,0.7746,0.8212476,-10.4800,1.0000000,1.0000,[],50
2.2399,4.2698,85.5899,0.7020291,C[C@@H](NC(=O)[C@@H]1C[C@@H](O)CN1C(=O)CNC(=O)c1ccc2cc(F)ccc2n1)c1ccc(Cl)cc1,1,COc1ccc([C@H](C)NC(=O)[C@@H]2C[C@@H](O)CN2C(=O)CNC(=O)c2ccc3cc(F)ccc3n2)c(Cl)c1,0.4834885,0.4835,0.8014184,0.8014,0.7917488,-10.1100,1.0000000,1.0000,[],50
2.3028,3.4014,78.9213,0.6431466,O=C(NCC(=O)N1C[C@H](O)C[C@H]1C(=O)NC1CCCCC1)c1ccc2cc(F)ccc2n1,1,COc1ccc([C@H](C)NC(=O)[C@@H]2C[C@@H](O)CN2C(=O)CNC(=O)c2ccc3cc(F)ccc3n2)c(Cl)c1,0.6501268,0.6501,0.6184211,0.6184,0.6523473,-8.7300,1.0000000,1.0000,[],50
2.3367,4.3193,77.1913,0.6368017,O=C(NCC(=O)N1C[C@H](O)C[C@H]1C(=O)NCc1ccc(Cl)c(Cl)c1)c1ccc2cc(F)ccc2n1,1,COc1ccc([C@H](C)NC(=O)[C@@H]2C[C@@H](O)CN2C(=O)CNC(=O)c2ccc3cc(F)ccc3n2)c(Cl)c1,0.4640416,0.4640,0.7114094,0.7114,0.7057813,-9.2100,1.0000000,1.0000,[],50
2.2543,3.8934,81.8078,0.6695402,O=C(NCC(=O)N1C[C@H](O)C[C@H]1C(=O)NCc1ccc(Cl)cc1)c1ccc2cc(F)ccc2n1,1,COc1ccc([C@H](C)NC(=O)[C@@H]2C[C@@H](O)CN2C(=O)CNC(=O)c2ccc3cc(F)ccc3n2)c(Cl)c1,0.4955094,0.4955,0.7260274,0.7260,0.7473962,-9.6200,1.0000000,1.0000,[],50
2.3694,3.2004,79.0450,0.6425422,O=C(NCC(=O)N1C[C@H](O)C[C@H]1C(=O)NCc1cccc(Cl)c1)c1ccc2cc(F)ccc2n1,1,COc1ccc([C@H](C)NC(=O)[C@@H]2C[C@@H](O)CN2C(=O)CNC(=O)c2ccc3cc(F)ccc3n2)c(Cl)c1,0.4955094,0.4955,0.7210884,0.7211,0.6906898,-9.0700,1.0000000,1.0000,[],50
2.3246,4.2413,74.0626,0.6117486,O=C(NCC(=O)N1C[C@H](O)C[C@H]1C(=O)N[C@@H](CO)c1cccc(Cl)c1)c1ccc2cc(F)ccc2n1,1,COc1ccc([C@H](C)NC(=O)[C@@H]2C[C@@H](O)CN2C(=O)CNC(=O)c2ccc3cc(F)ccc3n2)c(Cl)c1,0.3782864,0.3783,0.7432432,0.7432,0.7057813,-9.2100,1.0000000,1.0000,[],50
2.3938,4.6734,72.1043,0.5998256,O=C(NCC(=O)N1C[C@H](O)C[C@H]1C(=O)N[C@H](CO)c1cccc(Cl)c1)c1ccc2cc(F)ccc2n1,1,COc1ccc([C@H](C)NC(=O)[C@@H]2C[C@@H](O)CN2C(=O)CNC(=O)c2ccc3cc(F)ccc3n2)c(Cl)c1,0.3782864,0.3783,0.7432432,0.7432,0.6785380,-8.9600,1.0000000,1.0000,[],50
2.2929,4.0491,80.4208,0.6599210,CC(C)C(NC(=O)[C@@H]1C[C@@H](O)CN1C(=O)CNC(=O)c1ccc2cc(F)ccc2n1)c1ccccc1,1,COc1ccc([C@H](C)NC(=O)[C@@H]2C[C@@H](O)CN2C(=O)CNC(=O)c2ccc3cc(F)ccc3n2)c(Cl)c1,0.4695327,0.4695,0.7364865,0.7365,0.7405742,-9.5500,1.0000000,1.0000,[],51
2.3118,4.8186,79.3090,0.6572468,CC(NC(=O)[C@@H]1C[C@@H](O)CN1C(=O)CNC(=O)c1ccc2cc(F)ccc2n1)c1ccc(Cl)cc1,1,COc1ccc([C@H](C)NC(=O)[C@@H]2C[C@@H](O)CN2C(=O)CNC(=O)c2ccc3cc(F)ccc3n2)c(Cl)c1,0.4834885,0.4835,0.8014184,0.8014,0.6939597,-9.1000,1.0000000,1.0000,[],51
2.1981,4.5815,87.6685,0.7207036,CC(NC(=O)[C@@H]1C[C@@H](O)CN1C(=O)CNC(=O)c1ccc2cc(F)ccc2n1)c1ccccc1,1,COc1ccc([C@H](C)NC(=O)[C@@H]2C[C@@H](O)CN2C(=O)CNC(=O)c2ccc3cc(F)ccc3n2)c(Cl)c1,0.5163857,0.5164,0.7746479,0.7746,0.8212476,-10.4800,1.0000000,1.0000,[],51
2.2409,4.2698,85.5899,0.7020291,C[C@@H](NC(=O)[C@@H]1C[C@@H](O)CN1C(=O)CNC(=O)c1ccc2cc(F)ccc2n1)c1ccc(Cl)cc1,1,COc1ccc([C@H](C)NC(=O)[C@@H]2C[C@@H](O)CN2C(=O)CNC(=O)c2ccc3cc(F)ccc3n2)c(Cl)c1,0.4834885,0.4835,0.8014184,0.8014,0.7917488,-10.1100,1.0000000,1.0000,[],51
2.3204,3.4014,78.9213,0.6431466,O=C(NCC(=O)N1C[C@H](O)C[C@H]1C(=O)NC1CCCCC1)c1ccc2cc(F)ccc2n1,1,COc1ccc([C@H](C)NC(=O)[C@@H]2C[C@@H](O)CN2C(=O)CNC(=O)c2ccc3cc(F)ccc3n2)c(Cl)c1,0.6501268,0.6501,0.6184211,0.6184,0.6523473,-8.7300,1.0000000,1.0000,[],51
2.3479,4.3193,77.1913,0.6368017,O=C(NCC(=O)N1C[C@H](O)C[C@H]1C(=O)NCc1ccc(Cl)c(Cl)c1)c1ccc2cc(F)ccc2n1,1,COc1ccc([C@H](C)NC(=O)[C@@H]2C[C@@H](O)CN2C(=O)CNC(=O)c2ccc3cc(F)ccc3n2)c(Cl)c1,0.4640416,0.4640,0.7114094,0.7114,0.7057813,-9.2100,1.0000000,1.0000,[],51
2.2306,3.8934,81.8078,0.6695402,O=C(NCC(=O)N1C[C@H](O)C[C@H]1C(=O)NCc1ccc(Cl)cc1)c1ccc2cc(F)ccc2n1,1,COc1ccc([C@H](C)NC(=O)[C@@H]2C[C@@H](O)CN2C(=O)CNC(=O)c2ccc3cc(F)ccc3n2)c(Cl)c1,0.4955094,0.4955,0.7260274,0.7260,0.7473962,-9.6200,1.0000000,1.0000,[],51
2.3384,3.2004,79.0450,0.6425422,O=C(NCC(=O)N1C[C@H](O)C[C@H]1C(=O)NCc1cccc(Cl)c1)c1ccc2cc(F)ccc2n1,1,COc1ccc([C@H](C)NC(=O)[C@@H]2C[C@@H](O)CN2C(=O)CNC(=O)c2ccc3cc(F)ccc3n2)c(Cl)c1,0.4955094,0.4955,0.7210884,0.7211,0.6906898,-9.0700,1.0000000,1.0000,[],51
2.3609,4.2413,74.0626,0.6117486,O=C(NCC(=O)N1C[C@H](O)C[C@H]1C(=O)N[C@@H](CO)c1cccc(Cl)c1)c1ccc2cc(F)ccc2n1,1,COc1ccc([C@H](C)NC(=O)[C@@H]2C[C@@H](O)CN2C(=O)CNC(=O)c2ccc3cc(F)ccc3n2)c(Cl)c1,0.3782864,0.3783,0.7432432,0.7432,0.7057813,-9.2100,1.0000000,1.0000,[],51
2.4136,4.6734,72.1043,0.5998256,O=C(NCC(=O)N1C[C@H](O)C[C@H]1C(=O)N[C@H](CO)c1cccc(Cl)c1)c1ccc2cc(F)ccc2n1,1,COc1ccc([C@H](C)NC(=O)[C@@H]2C[C@@H](O)CN2C(=O)CNC(=O)c2ccc3cc(F)ccc3n2)c(Cl)c1,0.3782864,0.3783,0.7432432,0.7432,0.6785380,-8.9600,1.0000000,1.0000,[],51
2.2860,4.0491,80.4208,0.6599210,CC(C)C(NC(=O)[C@@H]1C[C@@H](O)CN1C(=O)CNC(=O)c1ccc2cc(F)ccc2n1)c1ccccc1,1,COc1ccc([C@H](C)NC(=O)[C@@H]2C[C@@H](O)CN2C(=O)CNC(=O)c2ccc3cc(F)ccc3n2)c(Cl)c1,0.4695327,0.4695,0.7364865,0.7365,0.7405742,-9.5500,1.0000000,1.0000,[],52
2.2933,4.8186,79.3090,0.6572468,CC(NC(=O)[C@@H]1C[C@@H](O)CN1C(=O)CNC(=O)c1ccc2cc(F)ccc2n1)c1ccc(Cl)cc1,1,COc1ccc([C@H](C)NC(=O)[C@@H]2C[C@@H](O)CN2C(=O)CNC(=O)c2ccc3cc(F)ccc3n2)c(Cl)c1,0.4834885,0.4835,0.8014184,0.8014,0.6939597,-9.1000,1.0000000,1.0000,[],52
2.2021,4.5815,87.6685,0.7207036,CC(NC(=O)[C@@H]1C[C@@H](O)CN1C(=O)CNC(=O)c1ccc2cc(F)ccc2n1)c1ccccc1,1,COc1ccc([C@H](C)NC(=O)[C@@H]2C[C@@H](O)CN2C(=O)CNC(=O)c2ccc3cc(F)ccc3n2)c(Cl)c1,0.5163857,0.5164,0.7746479,0.7746,0.8212476,-10.4800,1.0000000,1.0000,[],52
2.2368,4.2698,85.5899,0.7020291,C[C@@H](NC(=O)[C@@H]1C[C@@H](O)CN1C(=O)CNC(=O)c1ccc2cc(F)ccc2n1)c1ccc(Cl)cc1,1,COc1ccc([C@H](C)NC(=O)[C@@H]2C[C@@H](O)CN2C(=O)CNC(=O)c2ccc3cc(F)ccc3n2)c(Cl)c1,0.4834885,0.4835,0.8014184,0.8014,0.7917488,-10.1100,1.0000000,1.0000,[],52
2.3300,3.4014,78.9213,0.6431466,O=C(NCC(=O)N1C[C@H](O)C[C@H]1C(=O)NC1CCCCC1)c1ccc2cc(F)ccc2n1,1,COc1ccc([C@H](C)NC(=O)[C@@H]2C[C@@H](O)CN2C(=O)CNC(=O)c2ccc3cc(F)ccc3n2)c(Cl)c1,0.6501268,0.6501,0.6184211,0.6184,0.6523473,-8.7300,1.0000000,1.0000,[],52
2.3352,4.3193,77.1913,0.6368017,O=C(NCC(=O)N1C[C@H](O)C[C@H]1C(=O)NCc1ccc(Cl)c(Cl)c1)c1ccc2cc(F)ccc2n1,1,COc1ccc([C@H](C)NC(=O)[C@@H]2C[C@@H](O)CN2C(=O)CNC(=O)c2ccc3cc(F)ccc3n2)c(Cl)c1,0.4640416,0.4640,0.7114094,0.7114,0.7057813,-9.2100,1.0000000,1.0000,[],52
2.2488,3.8934,81.8078,0.6695402,O=C(NCC(=O)N1C[C@H](O)C[C@H]1C(=O)NCc1ccc(Cl)cc1)c1ccc2cc(F)ccc2n1,1,COc1ccc([C@H](C)NC(=O)[C@@H]2C[C@@H](O)CN2C(=O)CNC(=O)c2ccc3cc(F)ccc3n2)c(Cl)c1,0.4955094,0.4955,0.7260274,0.7260,0.7473962,-9.6200,1.0000000,1.0000,[],52
2.3028,3.2004,79.0450,0.6425422,O=C(NCC(=O)N1C[C@H](O)C[C@H]1C(=O)NCc1cccc(Cl)c1)c1ccc2cc(F)ccc2n1,1,COc1ccc([C@H](C)NC(=O)[C@@H]2C[C@@H](O)CN2C(=O)CNC(=O)c2ccc3cc(F)ccc3n2)c(Cl)c1,0.4955094,0.4955,0.7210884,0.7211,0.6906898,-9.0700,1.0000000,1.0000,[],52
2.3945,4.2413,74.0626,0.6117486,O=C(NCC(=O)N1C[C@H](O)C[C@H]1C(=O)N[C@@H](CO)c1cccc(Cl)c1)c1ccc2cc(F)ccc2n1,1,COc1ccc([C@H](C)NC(=O)[C@@H]2C[C@@H](O)CN2C(=O)CNC(=O)c2ccc3cc(F)ccc3n2)c(Cl)c1,0.3782864,0.3783,0.7432432,0.7432,0.7057813,-9.2100,1.0000000,1.0000,[],52
2.4278,4.6734,72.1043,0.5998256,O=C(NCC(=O)N1C[C@H](O)C[C@H]1C(=O)N[C@H](CO)c1cccc(Cl)c1)c1ccc2cc(F)ccc2n1,1,COc1ccc([C@H](C)NC(=O)[C@@H]2C[C@@H](O)CN2C(=O)CNC(=O)c2ccc3cc(F)ccc3n2)c(Cl)c1,0.3782864,0.3783,0.7432432,0.7432,0.6785380,-8.9600,1.0000000,1.0000,[],52
2.2847,4.0491,80.4208,0.6599210,CC(C)C(NC(=O)[C@@H]1C[C@@H](O)CN1C(=O)CNC(=O)c1ccc2cc(F)ccc2n1)c1ccccc1,1,COc1ccc([C@H](C)NC(=O)[C@@H]2C[C@@H](O)CN2C(=O)CNC(=O)c2ccc3cc(F)ccc3n2)c(Cl)c1,0.4695327,0.4695,0.7364865,0.7365,0.7405742,-9.5500,1.0000000,1.0000,[],53
2.2972,4.8186,79.3090,0.6572468,CC(NC(=O)[C@@H]1C[C@@H](O)CN1C(=O)CNC(=O)c1ccc2cc(F)ccc2n1)c1ccc(Cl)cc1,1,COc1ccc([C@H](C)NC(=O)[C@@H]2C[C@@H](O)CN2C(=O)CNC(=O)c2ccc3cc(F)ccc3n2)c(Cl)c1,0.4834885,0.4835,0.8014184,0.8014,0.6939597,-9.1000,1.0000000,1.0000,[],53
2.2105,4.5815,87.6685,0.7207036,CC(NC(=O)[C@@H]1C[C@@H](O)CN1C(=O)CNC(=O)c1ccc2cc(F)ccc2n1)c1ccccc1,1,COc1ccc([C@H](C)NC(=O)[C@@H]2C[C@@H](O)CN2C(=O)CNC(=O)c2ccc3cc(F)ccc3n2)c(Cl)c1,0.5163857,0.5164,0.7746479,0.7746,0.8212476,-10.4800,1.0000000,1.0000,[],53
2.2360,4.2698,85.5899,0.7020291,C[C@@H](NC(=O)[C@@H]1C[C@@H](O)CN1C(=O)CNC(=O)c1ccc2cc(F)ccc2n1)c1ccc(Cl)cc1,1,COc1ccc([C@H](C)NC(=O)[C@@H]2C[C@@H](O)CN2C(=O)CNC(=O)c2ccc3cc(F)ccc3n2)c(Cl)c1,0.4834885,0.4835,0.8014184,0.8014,0.7917488,-10.1100,1.0000000,1.0000,[],53
2.3177,3.4014,78.9213,0.6431466,O=C(NCC(=O)N1C[C@H](O)C[C@H]1C(=O)NC1CCCCC1)c1ccc2cc(F)ccc2n1,1,COc1ccc([C@H](C)NC(=O)[C@@H]2C[C@@H](O)CN2C(=O)CNC(=O)c2ccc3cc(F)ccc3n2)c(Cl)c1,0.6501268,0.6501,0.6184211,0.6184,0.6523473,-8.7300,1.0000000,1.0000,[],53
2.3170,4.3193,77.1913,0.6368017,O=C(NCC(=O)N1C[C@H](O)C[C@H]1C(=O)NCc1ccc(Cl)c(Cl)c1)c1ccc2cc(F)ccc2n1,1,COc1ccc([C@H](C)NC(=O)[C@@H]2C[C@@H](O)CN2C(=O)CNC(=O)c2ccc3cc(F)ccc3n2)c(Cl)c1,0.4640416,0.4640,0.7114094,0.7114,0.7057813,-9.2100,1.0000000,1.0000,[],53
2.2883,3.8934,81.8078,0.6695402,O=C(NCC(=O)N1C[C@H](O)C[C@H]1C(=O)NCc1ccc(Cl)cc1)c1ccc2cc(F)ccc2n1,1,COc1ccc([C@H](C)NC(=O)[C@@H]2C[C@@H](O)CN2C(=O)CNC(=O)c2ccc3cc(F)ccc3n2)c(Cl)c1,0.4955094,0.4955,0.7260274,0.7260,0.7473962,-9.6200,1.0000000,1.0000,[],53
2.2796,3.2004,79.0450,0.6425422,O=C(NCC(=O)N1C[C@H](O)C[C@H]1C(=O)NCc1cccc(Cl)c1)c1ccc2cc(F)ccc2n1,1,COc1ccc([C@H](C)NC(=O)[C@@H]2C[C@@H](O)CN2C(=O)CNC(=O)c2ccc3cc(F)ccc3n2)c(Cl)c1,0.4955094,0.4955,0.7210884,0.7211,0.6906898,-9.0700,1.0000000,1.0000,[],53
2.4060,4.2413,74.0626,0.6117486,O=C(NCC(=O)N1C[C@H](O)C[C@H]1C(=O)N[C@@H](CO)c1cccc(Cl)c1)c1ccc2cc(F)ccc2n1,1,COc1ccc([C@H](C)NC(=O)[C@@H]2C[C@@H](O)CN2C(=O)CNC(=O)c2ccc3cc(F)ccc3n2)c(Cl)c1,0.3782864,0.3783,0.7432432,0.7432,0.7057813,-9.2100,1.0000000,1.0000,[],53
2.4175,4.6734,72.1043,0.5998256,O=C(NCC(=O)N1C[C@H](O)C[C@H]1C(=O)N[C@H](CO)c1cccc(Cl)c1)c1ccc2cc(F)ccc2n1,1,COc1ccc([C@H](C)NC(=O)[C@@H]2C[C@@H](O)CN2C(=O)CNC(=O)c2ccc3cc(F)ccc3n2)c(Cl)c1,0.3782864,0.3783,0.7432432,0.7432,0.6785380,-8.9600,1.0000000,1.0000,[],53
2.2941,4.0491,80.4208,0.6599210,CC(C)C(NC(=O)[C@@H]1C[C@@H](O)CN1C(=O)CNC(=O)c1ccc2cc(F)ccc2n1)c1ccccc1,1,COc1ccc([C@H](C)NC(=O)[C@@H]2C[C@@H](O)CN2C(=O)CNC(=O)c2ccc3cc(F)ccc3n2)c(Cl)c1,0.4695327,0.4695,0.7364865,0.7365,0.7405742,-9.5500,1.0000000,1.0000,[],54
2.3152,4.8186,79.3090,0.6572468,CC(NC(=O)[C@@H]1C[C@@H](O)CN1C(=O)CNC(=O)c1ccc2cc(F)ccc2n1)c1ccc(Cl)cc1,1,COc1ccc([C@H](C)NC(=O)[C@@H]2C[C@@H](O)CN2C(=O)CNC(=O)c2ccc3cc(F)ccc3n2)c(Cl)c1,0.4834885,0.4835,0.8014184,0.8014,0.6939597,-9.1000,1.0000000,1.0000,[],54
2.2105,4.5815,87.6685,0.7207036,CC(NC(=O)[C@@H]1C[C@@H](O)CN1C(=O)CNC(=O)c1ccc2cc(F)ccc2n1)c1ccccc1,1,COc1ccc([C@H](C)NC(=O)[C@@H]2C[C@@H](O)CN2C(=O)CNC(=O)c2ccc3cc(F)ccc3n2)c(Cl)c1,0.5163857,0.5164,0.7746479,0.7746,0.8212476,-10.4800,1.0000000,1.0000,[],54
2.2348,4.2698,85.5899,0.7020291,C[C@@H](NC(=O)[C@@H]1C[C@@H](O)CN1C(=O)CNC(=O)c1ccc2cc(F)ccc2n1)c1ccc(Cl)cc1,1,COc1ccc([C@H](C)NC(=O)[C@@H]2C[C@@H](O)CN2C(=O)CNC(=O)c2ccc3cc(F)ccc3n2)c(Cl)c1,0.4834885,0.4835,0.8014184,0.8014,0.7917488,-10.1100,1.0000000,1.0000,[],54
2.2990,3.4014,78.9213,0.6431466,O=C(NCC(=O)N1C[C@H](O)C[C@H]1C(=O)NC1CCCCC1)c1ccc2cc(F)ccc2n1,1,COc1ccc([C@H](C)NC(=O)[C@@H]2C[C@@H](O)CN2C(=O)CNC(=O)c2ccc3cc(F)ccc3n2)c(Cl)c1,0.6501268,0.6501,0.6184211,0.6184,0.6523473,-8.7300,1.0000000,1.0000,[],54
2.3141,4.3193,77.1913,0.6368017,O=C(NCC(=O)N1C[C@H](O)C[C@H]1C(=O)NCc1ccc(Cl)c(Cl)c1)c1ccc2cc(F)ccc2n1,1,COc1ccc([C@H](C)NC(=O)[C@@H]2C[C@@H](O)CN2C(=O)CNC(=O)c2ccc3cc(F)ccc3n2)c(Cl)c1,0.4640416,0.4640,0.7114094,0.7114,0.7057813,-9.2100,1.0000000,1.0000,[],54
2.3187,3.8934,81.8078,0.6695402,O=C(NCC(=O)N1C[C@H](O)C[C@H]1C(=O)NCc1ccc(Cl)cc1)c1ccc2cc(F)ccc2n1,1,COc1ccc([C@H](C)NC(=O)[C@@H]2C[C@@H](O)CN2C(=O)CNC(=O)c2ccc3cc(F)ccc3n2)c(Cl)c1,0.4955094,0.4955,0.7260274,0.7260,0.7473962,-9.6200,1.0000000,1.0000,[],54
2.2776,3.2004,79.0450,0.6425422,O=C(NCC(=O)N1C[C@H](O)C[C@H]1C(=O)NCc1cccc(Cl)c1)c1ccc2cc(F)ccc2n1,1,COc1ccc([C@H](C)NC(=O)[C@@H]2C[C@@H](O)CN2C(=O)CNC(=O)c2ccc3cc(F)ccc3n2)c(Cl)c1,0.4955094,0.4955,0.7210884,0.7211,0.6906898,-9.0700,1.0000000,1.0000,[],54
2.3972,4.2413,74.0626,0.6117486,O=C(NCC(=O)N1C[C@H](O)C[C@H]1C(=O)N[C@@H](CO)c1cccc(Cl)c1)c1ccc2cc(F)ccc2n1,1,COc1ccc([C@H](C)NC(=O)[C@@H]2C[C@@H](O)CN2C(=O)CNC(=O)c2ccc3cc(F)ccc3n2)c(Cl)c1,0.3782864,0.3783,0.7432432,0.7432,0.7057813,-9.2100,1.0000000,1.0000,[],54
2.3894,4.6734,72.1043,0.5998256,O=C(NCC(=O)N1C[C@H](O)C[C@H]1C(=O)N[C@H](CO)c1cccc(Cl)c1)c1ccc2cc(F)ccc2n1,1,COc1ccc([C@H](C)NC(=O)[C@@H]2C[C@@H](O)CN2C(=O)CNC(=O)c2ccc3cc(F)ccc3n2)c(Cl)c1,0.3782864,0.3783,0.7432432,0.7432,0.6785380,-8.9600,1.0000000,1.0000,[],54
2.3070,4.0491,80.4208,0.6599210,CC(C)C(NC(=O)[C@@H]1C[C@@H](O)CN1C(=O)CNC(=O)c1ccc2cc(F)ccc2n1)c1ccccc1,1,COc1ccc([C@H](C)NC(=O)[C@@H]2C[C@@H](O)CN2C(=O)CNC(=O)c2ccc3cc(F)ccc3n2)c(Cl)c1,0.4695327,0.4695,0.7364865,0.7365,0.7405742,-9.5500,1.0000000,1.0000,[],55
2.3084,4.8186,79.3090,0.6572468,CC(NC(=O)[C@@H]1C[C@@H](O)CN1C(=O)CNC(=O)c1ccc2cc(F)ccc2n1)c1ccc(Cl)cc1,1,COc1ccc([C@H](C)NC(=O)[C@@H]2C[C@@H](O)CN2C(=O)CNC(=O)c2ccc3cc(F)ccc3n2)c(Cl)c1,0.4834885,0.4835,0.8014184,0.8014,0.6939597,-9.1000,1.0000000,1.0000,[],55
2.2182,4.5815,87.6685,0.7207036,CC(NC(=O)[C@@H]1C[C@@H](O)CN1C(=O)CNC(=O)c1ccc2cc(F)ccc2n1)c1ccccc1,1,COc1ccc([C@H](C)NC(=O)[C@@H]2C[C@@H](O)CN2C(=O)CNC(=O)c2ccc3cc(F)ccc3n2)c(Cl)c1,0.5163857,0.5164,0.7746479,0.7746,0.8212476,-10.4800,1.0000000,1.0000,[],55
2.2289,4.2698,85.5899,0.7020291,C[C@@H](NC(=O)[C@@H]1C[C@@H](O)CN1C(=O)CNC(=O)c1ccc2cc(F)ccc2n1)c1ccc(Cl)cc1,1,COc1ccc([C@H](C)NC(=O)[C@@H]2C[C@@H](O)CN2C(=O)CNC(=O)c2ccc3cc(F)ccc3n2)c(Cl)c1,0.4834885,0.4835,0.8014184,0.8014,0.7917488,-10.1100,1.0000000,1.0000,[],55
2.2960,3.4014,78.9213,0.6431466,O=C(NCC(=O)N1C[C@H](O)C[C@H]1C(=O)NC1CCCCC1)c1ccc2cc(F)ccc2n1,1,COc1ccc([C@H](C)NC(=O)[C@@H]2C[C@@H](O)CN2C(=O)CNC(=O)c2ccc3cc(F)ccc3n2)c(Cl)c1,0.6501268,0.6501,0.6184211,0.6184,0.6523473,-8.7300,1.0000000,1.0000,[],55
2.3360,4.3193,77.1913,0.6368017,O=C(NCC(=O)N1C[C@H](O)C[C@H]1C(=O)NCc1ccc(Cl)c(Cl)c1)c1ccc2cc(F)ccc2n1,1,COc1ccc([C@H](C)NC(=O)[C@@H]2C[C@@H](O)CN2C(=O)CNC(=O)c2ccc3cc(F)ccc3n2)c(Cl)c1,0.4640416,0.4640,0.7114094,0.7114,0.7057813,-9.2100,1.0000000,1.0000,[],55
2.3118,3.8934,81.8078,0.6695402,O=C(NCC(=O)N1C[C@H](O)C[C@H]1C(=O)NCc1ccc(Cl)cc1)c1ccc2cc(F)ccc2n1,1,COc1ccc([C@H](C)NC(=O)[C@@H]2C[C@@H](O)CN2C(=O)CNC(=O)c2ccc3cc(F)ccc3n2)c(Cl)c1,0.4955094,0.4955,0.7260274,0.7260,0.7473962,-9.6200,1.0000000,1.0000,[],55
2.2937,3.2004,79.0450,0.6425422,O=C(NCC(=O)N1C[C@H](O)C[C@H]1C(=O)NCc1cccc(Cl)c1)c1ccc2cc(F)ccc2n1,1,COc1ccc([C@H](C)NC(=O)[C@@H]2C[C@@H](O)CN2C(=O)CNC(=O)c2ccc3cc(F)ccc3n2)c(Cl)c1,0.4955094,0.4955,0.7210884,0.7211,0.6906898,-9.0700,1.0000000,1.0000,[],55
2.3829,4.2413,74.0626,0.6117486,O=C(NCC(=O)N1C[C@H](O)C[C@H]1C(=O)N[C@@H](CO)c1cccc(Cl)c1)c1ccc2cc(F)ccc2n1,1,COc1ccc([C@H](C)NC(=O)[C@@H]2C[C@@H](O)CN2C(=O)CNC(=O)c2ccc3cc(F)ccc3n2)c(Cl)c1,0.3782864,0.3783,0.7432432,0.7432,0.7057813,-9.2100,1.0000000,1.0000,[],55
2.3642,4.6734,72.1043,0.5998256,O=C(NCC(=O)N1C[C@H](O)C[C@H]1C(=O)N[C@H](CO)c1cccc(Cl)c1)c1ccc2cc(F)ccc2n1,1,COc1ccc([C@H](C)NC(=O)[C@@H]2C[C@@H](O)CN2C(=O)CNC(=O)c2ccc3cc(F)ccc3n2)c(Cl)c1,0.3782864,0.3783,0.7432432,0.7432,0.6785380,-8.9600,1.0000000,1.0000,[],55
2.3045,4.0491,80.4208,0.6599210,CC(C)C(NC(=O)[C@@H]1C[C@@H](O)CN1C(=O)CNC(=O)c1ccc2cc(F)ccc2n1)c1ccccc1,1,COc1ccc([C@H](C)NC(=O)[C@@H]2C[C@@H](O)CN2C(=O)CNC(=O)c2ccc3cc(F)ccc3n2)c(Cl)c1,0.4695327,0.4695,0.7364865,0.7365,0.7405742,-9.5500,1.0000000,1.0000,[],56
2.3053,4.8186,79.3090,0.6572468,CC(NC(=O)[C@@H]1C[C@@H](O)CN1C(=O)CNC(=O)c1ccc2cc(F)ccc2n1)c1ccc(Cl)cc1,1,COc1ccc([C@H](C)NC(=O)[C@@H]2C[C@@H](O)CN2C(=O)CNC(=O)c2ccc3cc(F)ccc3n2)c(Cl)c1,0.4834885,0.4835,0.8014184,0.8014,0.6939597,-9.1000,1.0000000,1.0000,[],56
2.2171,4.5815,87.6685,0.7207036,CC(NC(=O)[C@@H]1C[C@@H](O)CN1C(=O)CNC(=O)c1ccc2cc(F)ccc2n1)c1ccccc1,1,COc1ccc([C@H](C)NC(=O)[C@@H]2C[C@@H](O)CN2C(=O)CNC(=O)c2ccc3cc(F)ccc3n2)c(Cl)c1,0.5163857,0.5164,0.7746479,0.7746,0.8212476,-10.4800,1.0000000,1.0000,[],56
2.2244,4.2698,85.5899,0.7020291,C[C@@H](NC(=O)[C@@H]1C[C@@H](O)CN1C(=O)CNC(=O)c1ccc2cc(F)ccc2n1)c1ccc(Cl)cc1,1,COc1ccc([C@H](C)NC(=O)[C@@H]2C[C@@H](O)CN2C(=O)CNC(=O)c2ccc3cc(F)ccc3n2)c(Cl)c1,0.4834885,0.4835,0.8014184,0.8014,0.7917488,-10.1100,1.0000000,1.0000,[],56
2.3106,3.4014,78.9213,0.6431466,O=C(NCC(=O)N1C[C@H](O)C[C@H]1C(=O)NC1CCCCC1)c1ccc2cc(F)ccc2n1,1,COc1ccc([C@H](C)NC(=O)[C@@H]2C[C@@H](O)CN2C(=O)CNC(=O)c2ccc3cc(F)ccc3n2)c(Cl)c1,0.6501268,0.6501,0.6184211,0.6184,0.6523473,-8.7300,1.0000000,1.0000,[],56
2.3596,4.3193,77.1913,0.6368017,O=C(NCC(=O)N1C[C@H](O)C[C@H]1C(=O)NCc1ccc(Cl)c(Cl)c1)c1ccc2cc(F)ccc2n1,1,COc1ccc([C@H](C)NC(=O)[C@@H]2C[C@@H](O)CN2C(=O)CNC(=O)c2ccc3cc(F)ccc3n2)c(Cl)c1,0.4640416,0.4640,0.7114094,0.7114,0.7057813,-9.2100,1.0000000,1.0000,[],56
2.2802,3.8934,81.8078,0.6695402,O=C(NCC(=O)N1C[C@H](O)C[C@H]1C(=O)NCc1ccc(Cl)cc1)c1ccc2cc(F)ccc2n1,1,COc1ccc([C@H](C)NC(=O)[C@@H]2C[C@@H](O)CN2C(=O)CNC(=O)c2ccc3cc(F)ccc3n2)c(Cl)c1,0.4955094,0.4955,0.7260274,0.7260,0.7473962,-9.6200,1.0000000,1.0000,[],56
2.3137,3.2004,79.0450,0.6425422,O=C(NCC(=O)N1C[C@H](O)C[C@H]1C(=O)NCc1cccc(Cl)c1)c1ccc2cc(F)ccc2n1,1,COc1ccc([C@H](C)NC(=O)[C@@H]2C[C@@H](O)CN2C(=O)CNC(=O)c2ccc3cc(F)ccc3n2)c(Cl)c1,0.4955094,0.4955,0.7210884,0.7211,0.6906898,-9.0700,1.0000000,1.0000,[],56
2.3761,4.2413,74.0626,0.6117486,O=C(NCC(=O)N1C[C@H](O)C[C@H]1C(=O)N[C@@H](CO)c1cccc(Cl)c1)c1ccc2cc(F)ccc2n1,1,COc1ccc([C@H](C)NC(=O)[C@@H]2C[C@@H](O)CN2C(=O)CNC(=O)c2ccc3cc(F)ccc3n2)c(Cl)c1,0.3782864,0.3783,0.7432432,0.7432,0.7057813,-9.2100,1.0000000,1.0000,[],56
2.3562,4.6734,72.1043,0.5998256,O=C(NCC(=O)N1C[C@H](O)C[C@H]1C(=O)N[C@H](CO)c1cccc(Cl)c1)c1ccc2cc(F)ccc2n1,1,COc1ccc([C@H](C)NC(=O)[C@@H]2C[C@@H](O)CN2C(=O)CNC(=O)c2ccc3cc(F)ccc3n2)c(Cl)c1,0.3782864,0.3783,0.7432432,0.7432,0.6785380,-8.9600,1.0000000,1.0000,[],56
2.2887,4.0491,80.4208,0.6599210,CC(C)C(NC(=O)[C@@H]1C[C@@H](O)CN1C(=O)CNC(=O)c1ccc2cc(F)ccc2n1)c1ccccc1,1,COc1ccc([C@H](C)NC(=O)[C@@H]2C[C@@H](O)CN2C(=O)CNC(=O)c2ccc3cc(F)ccc3n2)c(Cl)c1,0.4695327,0.4695,0.7364865,0.7365,0.7405742,-9.5500,1.0000000,1.0000,[],57
2.3134,4.8186,79.3090,0.6572468,CC(NC(=O)[C@@H]1C[C@@H](O)CN1C(=O)CNC(=O)c1ccc2cc(F)ccc2n1)c1ccc(Cl)cc1,1,COc1ccc([C@H](C)NC(=O)[C@@H]2C[C@@H](O)CN2C(=O)CNC(=O)c2ccc3cc(F)ccc3n2)c(Cl)c1,0.4834885,0.4835,0.8014184,0.8014,0.6939597,-9.1000,1.0000000,1.0000,[],57
2.2073,4.5815,87.6685,0.7207036,CC(NC(=O)[C@@H]1C[C@@H](O)CN1C(=O)CNC(=O)c1ccc2cc(F)ccc2n1)c1ccccc1,1,COc1ccc([C@H](C)NC(=O)[C@@H]2C[C@@H](O)CN2C(=O)CNC(=O)c2ccc3cc(F)ccc3n2)c(Cl)c1,0.5163857,0.5164,0.7746479,0.7746,0.8212476,-10.4800,1.0000000,1.0000,[],57
2.2267,4.2698,85.5899,0.7020291,C[C@@H](NC(=O)[C@@H]1C[C@@H](O)CN1C(=O)CNC(=O)c1ccc2cc(F)ccc2n1)c1ccc(Cl)cc1,1,COc1ccc([C@H](C)NC(=O)[C@@H]2C[C@@H](O)CN2C(=O)CNC(=O)c2ccc3cc(F)ccc3n2)c(Cl)c1,0.4834885,0.4835,0.8014184,0.8014,0.7917488,-10.1100,1.0000000,1.0000,[],57
2.3266,3.4014,78.9213,0.6431466,O=C(NCC(=O)N1C[C@H](O)C[C@H]1C(=O)NC1CCCCC1)c1ccc2cc(F)ccc2n1,1,COc1ccc([C@H](C)NC(=O)[C@@H]2C[C@@H](O)CN2C(=O)CNC(=O)c2ccc3cc(F)ccc3n2)c(Cl)c1,0.6501268,0.6501,0.6184211,0.6184,0.6523473,-8.7300,1.0000000,1.0000,[],57
2.3609,4.3193,77.1913,0.6368017,O=C(NCC(=O)N1C[C@H](O)C[C@H]1C(=O)NCc1ccc(Cl)c(Cl)c1)c1ccc2cc(F)ccc2n1,1,COc1ccc([C@H](C)NC(=O)[C@@H]2C[C@@H](O)CN2C(=O)CNC(=O)c2ccc3cc(F)ccc3n2)c(Cl)c1,0.4640416,0.4640,0.7114094,0.7114,0.7057813,-9.2100,1.0000000,1.0000,[],57
2.2518,3.8934,81.8078,0.6695402,O=C(NCC(=O)N1C[C@H](O)C[C@H]1C(=O)NCc1ccc(Cl)cc1)c1ccc2cc(F)ccc2n1,1,COc1ccc([C@H](C)NC(=O)[C@@H]2C[C@@H](O)CN2C(=O)CNC(=O)c2ccc3cc(F)ccc3n2)c(Cl)c1,0.4955094,0.4955,0.7260274,0.7260,0.7473962,-9.6200,1.0000000,1.0000,[],57
2.3281,3.2004,79.0450,0.6425422,O=C(NCC(=O)N1C[C@H](O)C[C@H]1C(=O)NCc1cccc(Cl)c1)c1ccc2cc(F)ccc2n1,1,COc1ccc([C@H](C)NC(=O)[C@@H]2C[C@@H](O)CN2C(=O)CNC(=O)c2ccc3cc(F)ccc3n2)c(Cl)c1,0.4955094,0.4955,0.7210884,0.7211,0.6906898,-9.0700,1.0000000,1.0000,[],57
2.3802,4.2413,74.0626,0.6117486,O=C(NCC(=O)N1C[C@H](O)C[C@H]1C(=O)N[C@@H](CO)c1cccc(Cl)c1)c1ccc2cc(F)ccc2n1,1,COc1ccc([C@H](C)NC(=O)[C@@H]2C[C@@H](O)CN2C(=O)CNC(=O)c2ccc3cc(F)ccc3n2)c(Cl)c1,0.3782864,0.3783,0.7432432,0.7432,0.7057813,-9.2100,1.0000000,1.0000,[],57
2.3672,4.6734,72.1043,0.5998256,O=C(NCC(=O)N1C[C@H](O)C[C@H]1C(=O)N[C@H](CO)c1cccc(Cl)c1)c1ccc2cc(F)ccc2n1,1,COc1ccc([C@H](C)NC(=O)[C@@H]2C[C@@H](O)CN2C(=O)CNC(=O)c2ccc3cc(F)ccc3n2)c(Cl)c1,0.3782864,0.3783,0.7432432,0.7432,0.6785380,-8.9600,1.0000000,1.0000,[],57
2.2840,4.0491,80.4208,0.6599210,CC(C)C(NC(=O)[C@@H]1C[C@@H](O)CN1C(=O)CNC(=O)c1ccc2cc(F)ccc2n1)c1ccccc1,1,COc1ccc([C@H](C)NC(=O)[C@@H]2C[C@@H](O)CN2C(=O)CNC(=O)c2ccc3cc(F)ccc3n2)c(Cl)c1,0.4695327,0.4695,0.7364865,0.7365,0.7405742,-9.5500,1.0000000,1.0000,[],58
2.3022,4.8186,79.3090,0.6572468,CC(NC(=O)[C@@H]1C[C@@H](O)CN1C(=O)CNC(=O)c1ccc2cc(F)ccc2n1)c1ccc(Cl)cc1,1,COc1ccc([C@H](C)NC(=O)[C@@H]2C[C@@H](O)CN2C(=O)CNC(=O)c2ccc3cc(F)ccc3n2)c(Cl)c1,0.4834885,0.4835,0.8014184,0.8014,0.6939597,-9.1000,1.0000000,1.0000,[],58
2.2103,4.5815,87.6685,0.7207036,CC(NC(=O)[C@@H]1C[C@@H](O)CN1C(=O)CNC(=O)c1ccc2cc(F)ccc2n1)c1ccccc1,1,COc1ccc([C@H](C)NC(=O)[C@@H]2C[C@@H](O)CN2C(=O)CNC(=O)c2ccc3cc(F)ccc3n2)c(Cl)c1,0.5163857,0.5164,0.7746479,0.7746,0.8212476,-10.4800,1.0000000,1.0000,[],58
2.2342,4.2698,85.5899,0.7020291,C[C@@H](NC(=O)[C@@H]1C[C@@H](O)CN1C(=O)CNC(=O)c1ccc2cc(F)ccc2n1)c1ccc(Cl)cc1,1,COc1ccc([C@H](C)NC(=O)[C@@H]2C[C@@H](O)CN2C(=O)CNC(=O)c2ccc3cc(F)ccc3n2)c(Cl)c1,0.4834885,0.4835,0.8014184,0.8014,0.7917488,-10.1100,1.0000000,1.0000,[],58
2.3282,3.4014,78.9213,0.6431466,O=C(NCC(=O)N1C[C@H](O)C[C@H]1C(=O)NC1CCCCC1)c1ccc2cc(F)ccc2n1,1,COc1ccc([C@H](C)NC(=O)[C@@H]2C[C@@H](O)CN2C(=O)CNC(=O)c2ccc3cc(F)ccc3n2)c(Cl)c1,0.6501268,0.6501,0.6184211,0.6184,0.6523473,-8.7300,1.0000000,1.0000,[],58
2.3322,4.3193,77.1913,0.6368017,O=C(NCC(=O)N1C[C@H](O)C[C@H]1C(=O)NCc1ccc(Cl)c(Cl)c1)c1ccc2cc(F)ccc2n1,1,COc1ccc([C@H](C)NC(=O)[C@@H]2C[C@@H](O)CN2C(=O)CNC(=O)c2ccc3cc(F)ccc3n2)c(Cl)c1,0.4640416,0.4640,0.7114094,0.7114,0.7057813,-9.2100,1.0000000,1.0000,[],58
2.2492,3.8934,81.8078,0.6695402,O=C(NCC(=O)N1C[C@H](O)C[C@H]1C(=O)NCc1ccc(Cl)cc1)c1ccc2cc(F)ccc2n1,1,COc1ccc([C@H](C)NC(=O)[C@@H]2C[C@@H](O)CN2C(=O)CNC(=O)c2ccc3cc(F)ccc3n2)c(Cl)c1,0.4955094,0.4955,0.7260274,0.7260,0.7473962,-9.6200,1.0000000,1.0000,[],58
2.3349,3.2004,79.0450,0.6425422,O=C(NCC(=O)N1C[C@H](O)C[C@H]1C(=O)NCc1cccc(Cl)c1)c1ccc2cc(F)ccc2n1,1,COc1ccc([C@H](C)NC(=O)[C@@H]2C[C@@H](O)CN2C(=O)CNC(=O)c2ccc3cc(F)ccc3n2)c(Cl)c1,0.4955094,0.4955,0.7210884,0.7211,0.6906898,-9.0700,1.0000000,1.0000,[],58
2.3882,4.2413,74.0626,0.6117486,O=C(NCC(=O)N1C[C@H](O)C[C@H]1C(=O)N[C@@H](CO)c1cccc(Cl)c1)c1ccc2cc(F)ccc2n1,1,COc1ccc([C@H](C)NC(=O)[C@@H]2C[C@@H](O)CN2C(=O)CNC(=O)c2ccc3cc(F)ccc3n2)c(Cl)c1,0.3782864,0.3783,0.7432432,0.7432,0.7057813,-9.2100,1.0000000,1.0000,[],58
2.3880,4.6734,72.1043,0.5998256,O=C(NCC(=O)N1C[C@H](O)C[C@H]1C(=O)N[C@H](CO)c1cccc(Cl)c1)c1ccc2cc(F)ccc2n1,1,COc1ccc([C@H](C)NC(=O)[C@@H]2C[C@@H](O)CN2C(=O)CNC(=O)c2ccc3cc(F)ccc3n2)c(Cl)c1,0.3782864,0.3783,0.7432432,0.7432,0.6785380,-8.9600,1.0000000,1.0000,[],58
2.2922,4.0491,80.4208,0.6599210,CC(C)C(NC(=O)[C@@H]1C[C@@H](O)CN1C(=O)CNC(=O)c1ccc2cc(F)ccc2n1)c1ccccc1,1,COc1ccc([C@H](C)NC(=O)[C@@H]2C[C@@H](O)CN2C(=O)CNC(=O)c2ccc3cc(F)ccc3n2)c(Cl)c1,0.4695327,0.4695,0.7364865,0.7365,0.7405742,-9.5500,1.0000000,1.0000,[],59
2.3036,4.8186,79.3090,0.6572468,CC(NC(=O)[C@@H]1C[C@@H](O)CN1C(=O)CNC(=O)c1ccc2cc(F)ccc2n1)c1ccc(Cl)cc1,1,COc1ccc([C@H](C)NC(=O)[C@@H]2C[C@@H](O)CN2C(=O)CNC(=O)c2ccc3cc(F)ccc3n2)c(Cl)c1,0.4834885,0.4835,0.8014184,0.8014,0.6939597,-9.1000,1.0000000,1.0000,[],59
2.2044,4.5815,87.6685,0.7207036,CC(NC(=O)[C@@H]1C[C@@H](O)CN1C(=O)CNC(=O)c1ccc2cc(F)ccc2n1)c1ccccc1,1,COc1ccc([C@H](C)NC(=O)[C@@H]2C[C@@H](O)CN2C(=O)CNC(=O)c2ccc3cc(F)ccc3n2)c(Cl)c1,0.5163857,0.5164,0.7746479,0.7746,0.8212476,-10.4800,1.0000000,1.0000,[],59
2.2417,4.2698,85.5899,0.7020291,C[C@@H](NC(=O)[C@@H]1C[C@@H](O)CN1C(=O)CNC(=O)c1ccc2cc(F)ccc2n1)c1ccc(Cl)cc1,1,COc1ccc([C@H](C)NC(=O)[C@@H]2C[C@@H](O)CN2C(=O)CNC(=O)c2ccc3cc(F)ccc3n2)c(Cl)c1,0.4834885,0.4835,0.8014184,0.8014,0.7917488,-10.1100,1.0000000,1.0000,[],59
2.3148,3.4014,78.9213,0.6431466,O=C(NCC(=O)N1C[C@H](O)C[C@H]1C(=O)NC1CCCCC1)c1ccc2cc(F)ccc2n1,1,COc1ccc([C@H](C)NC(=O)[C@@H]2C[C@@H](O)CN2C(=O)CNC(=O)c2ccc3cc(F)ccc3n2)c(Cl)c1,0.6501268,0.6501,0.6184211,0.6184,0.6523473,-8.7300,1.0000000,1.0000,[],59
2.3032,4.3193,77.1913,0.6368017,O=C(NCC(=O)N1C[C@H](O)C[C@H]1C(=O)NCc1ccc(Cl)c(Cl)c1)c1ccc2cc(F)ccc2n1,1,COc1ccc([C@H](C)NC(=O)[C@@H]2C[C@@H](O)CN2C(=O)CNC(=O)c2ccc3cc(F)ccc3n2)c(Cl)c1,0.4640416,0.4640,0.7114094,0.7114,0.7057813,-9.2100,1.0000000,1.0000,[],59
2.2675,3.8934,81.8078,0.6695402,O=C(NCC(=O)N1C[C@H](O)C[C@H]1C(=O)NCc1ccc(Cl)cc1)c1ccc2cc(F)ccc2n1,1,COc1ccc([C@H](C)NC(=O)[C@@H]2C[C@@H](O)CN2C(=O)CNC(=O)c2ccc3cc(F)ccc3n2)c(Cl)c1,0.4955094,0.4955,0.7260274,0.7260,0.7473962,-9.6200,1.0000000,1.0000,[],59
2.3270,3.2004,79.0450,0.6425422,O=C(NCC(=O)N1C[C@H](O)C[C@H]1C(=O)NCc1cccc(Cl)c1)c1ccc2cc(F)ccc2n1,1,COc1ccc([C@H](C)NC(=O)[C@@H]2C[C@@H](O)CN2C(=O)CNC(=O)c2ccc3cc(F)ccc3n2)c(Cl)c1,0.4955094,0.4955,0.7210884,0.7211,0.6906898,-9.0700,1.0000000,1.0000,[],59
2.3904,4.2413,74.0626,0.6117486,O=C(NCC(=O)N1C[C@H](O)C[C@H]1C(=O)N[C@@H](CO)c1cccc(Cl)c1)c1ccc2cc(F)ccc2n1,1,COc1ccc([C@H](C)NC(=O)[C@@H]2C[C@@H](O)CN2C(=O)CNC(=O)c2ccc3cc(F)ccc3n2)c(Cl)c1,0.3782864,0.3783,0.7432432,0.7432,0.7057813,-9.2100,1.0000000,1.0000,[],59
2.4064,4.6734,72.1043,0.5998256,O=C(NCC(=O)N1C[C@H](O)C[C@H]1C(=O)N[C@H](CO)c1cccc(Cl)c1)c1ccc2cc(F)ccc2n1,1,COc1ccc([C@H](C)NC(=O)[C@@H]2C[C@@H](O)CN2C(=O)CNC(=O)c2ccc3cc(F)ccc3n2)c(Cl)c1,0.3782864,0.3783,0.7432432,0.7432,0.6785380,-8.9600,1.0000000,1.0000,[],59
2.2994,4.0491,80.4208,0.6599210,CC(C)C(NC(=O)[C@@H]1C[C@@H](O)CN1C(=O)CNC(=O)c1ccc2cc(F)ccc2n1)c1ccccc1,1,COc1ccc([C@H](C)NC(=O)[C@@H]2C[C@@H](O)CN2C(=O)CNC(=O)c2ccc3cc(F)ccc3n2)c(Cl)c1,0.4695327,0.4695,0.7364865,0.7365,0.7405742,-9.5500,1.0000000,1.0000,[],60
2.3106,4.8186,79.3090,0.6572468,CC(NC(=O)[C@@H]1C[C@@H](O)CN1C(=O)CNC(=O)c1ccc2cc(F)ccc2n1)c1ccc(Cl)cc1,1,COc1ccc([C@H](C)NC(=O)[C@@H]2C[C@@H](O)CN2C(=O)CNC(=O)c2ccc3cc(F)ccc3n2)c(Cl)c1,0.4834885,0.4835,0.8014184,0.8014,0.6939597,-9.1000,1.0000000,1.0000,[],60
2.2020,4.5815,87.6685,0.7207036,CC(NC(=O)[C@@H]1C[C@@H](O)CN1C(=O)CNC(=O)c1ccc2cc(F)ccc2n1)c1ccccc1,1,COc1ccc([C@H](C)NC(=O)[C@@H]2C[C@@H](O)CN2C(=O)CNC(=O)c2ccc3cc(F)ccc3n2)c(Cl)c1,0.5163857,0.5164,0.7746479,0.7746,0.8212476,-10.4800,1.0000000,1.0000,[],60
2.2424,4.2698,85.5899,0.7020291,C[C@@H](NC(=O)[C@@H]1C[C@@H](O)CN1C(=O)CNC(=O)c1ccc2cc(F)ccc2n1)c1ccc(Cl)cc1,1,COc1ccc([C@H](C)NC(=O)[C@@H]2C[C@@H](O)CN2C(=O)CNC(=O)c2ccc3cc(F)ccc3n2)c(Cl)c1,0.4834885,0.4835,0.8014184,0.8014,0.7917488,-10.1100,1.0000000,1.0000,[],60
2.2996,3.4014,78.9213,0.6431466,O=C(NCC(=O)N1C[C@H](O)C[C@H]1C(=O)NC1CCCCC1)c1ccc2cc(F)ccc2n1,1,COc1ccc([C@H](C)NC(=O)[C@@H]2C[C@@H](O)CN2C(=O)CNC(=O)c2ccc3cc(F)ccc3n2)c(Cl)c1,0.6501268,0.6501,0.6184211,0.6184,0.6523473,-8.7300,1.0000000,1.0000,[],60
2.3031,4.3193,77.1913,0.6368017,O=C(NCC(=O)N1C[C@H](O)C[C@H]1C(=O)NCc1ccc(Cl)c(Cl)c1)c1ccc2cc(F)ccc2n1,1,COc1ccc([C@H](C)NC(=O)[C@@H]2C[C@@H](O)CN2C(=O)CNC(=O)c2ccc3cc(F)ccc3n2)c(Cl)c1,0.4640416,0.4640,0.7114094,0.7114,0.7057813,-9.2100,1.0000000,1.0000,[],60
2.2867,3.8934,81.8078,0.6695402,O=C(NCC(=O)N1C[C@H](O)C[C@H]1C(=O)NCc1ccc(Cl)cc1)c1ccc2cc(F)ccc2n1,1,COc1ccc([C@H](C)NC(=O)[C@@H]2C[C@@H](O)CN2C(=O)CNC(=O)c2ccc3cc(F)ccc3n2)c(Cl)c1,0.4955094,0.4955,0.7260274,0.7260,0.7473962,-9.6200,1.0000000,1.0000,[],60
2.3092,3.2004,79.0450,0.6425422,O=C(NCC(=O)N1C[C@H](O)C[C@H]1C(=O)NCc1cccc(Cl)c1)c1ccc2cc(F)ccc2n1,1,COc1ccc([C@H](C)NC(=O)[C@@H]2C[C@@H](O)CN2C(=O)CNC(=O)c2ccc3cc(F)ccc3n2)c(Cl)c1,0.4955094,0.4955,0.7210884,0.7211,0.6906898,-9.0700,1.0000000,1.0000,[],60
2.3822,4.2413,74.0626,0.6117486,O=C(NCC(=O)N1C[C@H](O)C[C@H]1C(=O)N[C@@H](CO)c1cccc(Cl)c1)c1ccc2cc(F)ccc2n1,1,COc1ccc([C@H](C)NC(=O)[C@@H]2C[C@@H](O)CN2C(=O)CNC(=O)c2ccc3cc(F)ccc3n2)c(Cl)c1,0.3782864,0.3783,0.7432432,0.7432,0.7057813,-9.2100,1.0000000,1.0000,[],60
2.4154,4.6734,72.1043,0.5998256,O=C(NCC(=O)N1C[C@H](O)C[C@H]1C(=O)N[C@H](CO)c1cccc(Cl)c1)c1ccc2cc(F)ccc2n1,1,COc1ccc([C@H](C)NC(=O)[C@@H]2C[C@@H](O)CN2C(=O)CNC(=O)c2ccc3cc(F)ccc3n2)c(Cl)c1,0.3782864,0.3783,0.7432432,0.7432,0.6785380,-8.9600,1.0000000,1.0000,[],60
2.2977,4.0491,80.4208,0.6599210,CC(C)C(NC(=O)[C@@H]1C[C@@H](O)CN1C(=O)CNC(=O)c1ccc2cc(F)ccc2n1)c1ccccc1,1,COc1ccc([C@H](C)NC(=O)[C@@H]2C[C@@H](O)CN2C(=O)CNC(=O)c2ccc3cc(F)ccc3n2)c(Cl)c1,0.4695327,0.4695,0.7364865,0.7365,0.7405742,-9.5500,1.0000000,1.0000,[],61
2.3029,4.8186,79.3090,0.6572468,CC(NC(=O)[C@@H]1C[C@@H](O)CN1C(=O)CNC(=O)c1ccc2cc(F)ccc2n1)c1ccc(Cl)cc1,1,COc1ccc([C@H](C)NC(=O)[C@@H]2C[C@@H](O)CN2C(=O)CNC(=O)c2ccc3cc(F)ccc3n2)c(Cl)c1,0.4834885,0.4835,0.8014184,0.8014,0.6939597,-9.1000,1.0000000,1.0000,[],61
2.2166,4.5815,87.6685,0.7207036,CC(NC(=O)[C@@H]1C[C@@H](O)CN1C(=O)CNC(=O)c1ccc2cc(F)ccc2n1)c1ccccc1,1,COc1ccc([C@H](C)NC(=O)[C@@H]2C[C@@H](O)CN2C(=O)CNC(=O)c2ccc3cc(F)ccc3n2)c(Cl)c1,0.5163857,0.5164,0.7746479,0.7746,0.8212476,-10.4800,1.0000000,1.0000,[],61
2.2345,4.2698,85.5899,0.7020291,C[C@@H](NC(=O)[C@@H]1C[C@@H](O)CN1C(=O)CNC(=O)c1ccc2cc(F)ccc2n1)c1ccc(Cl)cc1,1,COc1ccc([C@H](C)NC(=O)[C@@H]2C[C@@H](O)CN2C(=O)CNC(=O)c2ccc3cc(F)ccc3n2)c(Cl)c1,0.4834885,0.4835,0.8014184,0.8014,0.7917488,-10.1100,1.0000000,1.0000,[],61
2.2995,3.4014,78.9213,0.6431466,O=C(NCC(=O)N1C[C@H](O)C[C@H]1C(=O)NC1CCCCC1)c1ccc2cc(F)ccc2n1,1,COc1ccc([C@H](C)NC(=O)[C@@H]2C[C@@H](O)CN2C(=O)CNC(=O)c2ccc3cc(F)ccc3n2)c(Cl)c1,0.6501268,0.6501,0.6184211,0.6184,0.6523473,-8.7300,1.0000000,1.0000,[],61
2.3306,4.3193,77.1913,0.6368017,O=C(NCC(=O)N1C[C@H](O)C[C@H]1C(=O)NCc1ccc(Cl)c(Cl)c1)c1ccc2cc(F)ccc2n1,1,COc1ccc([C@H](C)NC(=O)[C@@H]2C[C@@H](O)CN2C(=O)CNC(=O)c2ccc3cc(F)ccc3n2)c(Cl)c1,0.4640416,0.4640,0.7114094,0.7114,0.7057813,-9.2100,1.0000000,1.0000,[],61
2.2916,3.8934,81.8078,0.6695402,O=C(NCC(=O)N1C[C@H](O)C[C@H]1C(=O)NCc1ccc(Cl)cc1)c1ccc2cc(F)ccc2n1,1,COc1ccc([C@H](C)NC(=O)[C@@H]2C[C@@H](O)CN2C(=O)CNC(=O)c2ccc3cc(F)ccc3n2)c(Cl)c1,0.4955094,0.4955,0.7260274,0.7260,0.7473962,-9.6200,1.0000000,1.0000,[],61
2.2936,3.2004,79.0450,0.6425422,O=C(NCC(=O)N1C[C@H](O)C[C@H]1C(=O)NCc1cccc(Cl)c1)c1ccc2cc(F)ccc2n1,1,COc1ccc([C@H](C)NC(=O)[C@@H]2C[C@@H](O)CN2C(=O)CNC(=O)c2ccc3cc(F)ccc3n2)c(Cl)c1,0.4955094,0.4955,0.7210884,0.7211,0.6906898,-9.0700,1.0000000,1.0000,[],61
2.3663,4.2413,74.0626,0.6117486,O=C(NCC(=O)N1C[C@H](O)C[C@H]1C(=O)N[C@@H](CO)c1cccc(Cl)c1)c1ccc2cc(F)ccc2n1,1,COc1ccc([C@H](C)NC(=O)[C@@H]2C[C@@H](O)CN2C(=O)CNC(=O)c2ccc3cc(F)ccc3n2)c(Cl)c1,0.3782864,0.3783,0.7432432,0.7432,0.7057813,-9.2100,1.0000000,1.0000,[],61
2.4152,4.6734,72.1043,0.5998256,O=C(NCC(=O)N1C[C@H](O)C[C@H]1C(=O)N[C@H](CO)c1cccc(Cl)c1)c1ccc2cc(F)ccc2n1,1,COc1ccc([C@H](C)NC(=O)[C@@H]2C[C@@H](O)CN2C(=O)CNC(=O)c2ccc3cc(F)ccc3n2)c(Cl)c1,0.3782864,0.3783,0.7432432,0.7432,0.6785380,-8.9600,1.0000000,1.0000,[],61
2.2917,4.0491,80.4208,0.6599210,CC(C)C(NC(=O)[C@@H]1C[C@@H](O)CN1C(=O)CNC(=O)c1ccc2cc(F)ccc2n1)c1ccccc1,1,COc1ccc([C@H](C)NC(=O)[C@@H]2C[C@@H](O)CN2C(=O)CNC(=O)c2ccc3cc(F)ccc3n2)c(Cl)c1,0.4695327,0.4695,0.7364865,0.7365,0.7405742,-9.5500,1.0000000,1.0000,[],62
2.3091,4.8186,79.3090,0.6572468,CC(NC(=O)[C@@H]1C[C@@H](O)CN1C(=O)CNC(=O)c1ccc2cc(F)ccc2n1)c1ccc(Cl)cc1,1,COc1ccc([C@H](C)NC(=O)[C@@H]2C[C@@H](O)CN2C(=O)CNC(=O)c2ccc3cc(F)ccc3n2)c(Cl)c1,0.4834885,0.4835,0.8014184,0.8014,0.6939597,-9.1000,1.0000000,1.0000,[],62
2.2169,4.5815,87.6685,0.7207036,CC(NC(=O)[C@@H]1C[C@@H](O)CN1C(=O)CNC(=O)c1ccc2cc(F)ccc2n1)c1ccccc1,1,COc1ccc([C@H](C)NC(=O)[C@@H]2C[C@@H](O)CN2C(=O)CNC(=O)c2ccc3cc(F)ccc3n2)c(Cl)c1,0.5163857,0.5164,0.7746479,0.7746,0.8212476,-10.4800,1.0000000,1.0000,[],62
2.2266,4.2698,85.5899,0.7020291,C[C@@H](NC(=O)[C@@H]1C[C@@H](O)CN1C(=O)CNC(=O)c1ccc2cc(F)ccc2n1)c1ccc(Cl)cc1,1,COc1ccc([C@H](C)NC(=O)[C@@H]2C[C@@H](O)CN2C(=O)CNC(=O)c2ccc3cc(F)ccc3n2)c(Cl)c1,0.4834885,0.4835,0.8014184,0.8014,0.7917488,-10.1100,1.0000000,1.0000,[],62
2.3118,3.4014,78.9213,0.6431466,O=C(NCC(=O)N1C[C@H](O)C[C@H]1C(=O)NC1CCCCC1)c1ccc2cc(F)ccc2n1,1,COc1ccc([C@H](C)NC(=O)[C@@H]2C[C@@H](O)CN2C(=O)CNC(=O)c2ccc3cc(F)ccc3n2)c(Cl)c1,0.6501268,0.6501,0.6184211,0.6184,0.6523473,-8.7300,1.0000000,1.0000,[],62
2.3601,4.3193,77.1913,0.6368017,O=C(NCC(=O)N1C[C@H](O)C[C@H]1C(=O)NCc1ccc(Cl)c(Cl)c1)c1ccc2cc(F)ccc2n1,1,COc1ccc([C@H](C)NC(=O)[C@@H]2C[C@@H](O)CN2C(=O)CNC(=O)c2ccc3cc(F)ccc3n2)c(Cl)c1,0.4640416,0.4640,0.7114094,0.7114,0.7057813,-9.2100,1.0000000,1.0000,[],62
2.2855,3.8934,81.8078,0.6695402,O=C(NCC(=O)N1C[C@H](O)C[C@H]1C(=O)NCc1ccc(Cl)cc1)c1ccc2cc(F)ccc2n1,1,COc1ccc([C@H](C)NC(=O)[C@@H]2C[C@@H](O)CN2C(=O)CNC(=O)c2ccc3cc(F)ccc3n2)c(Cl)c1,0.4955094,0.4955,0.7260274,0.7260,0.7473962,-9.6200,1.0000000,1.0000,[],62
2.2885,3.2004,79.0450,0.6425422,O=C(NCC(=O)N1C[C@H](O)C[C@H]1C(=O)NCc1cccc(Cl)c1)c1ccc2cc(F)ccc2n1,1,COc1ccc([C@H](C)NC(=O)[C@@H]2C[C@@H](O)CN2C(=O)CNC(=O)c2ccc3cc(F)ccc3n2)c(Cl)c1,0.4955094,0.4955,0.7210884,0.7211,0.6906898,-9.0700,1.0000000,1.0000,[],62
2.3501,4.2413,74.0626,0.6117486,O=C(NCC(=O)N1C[C@H](O)C[C@H]1C(=O)N[C@@H](CO)c1cccc(Cl)c1)c1ccc2cc(F)ccc2n1,1,COc1ccc([C@H](C)NC(=O)[C@@H]2C[C@@H](O)CN2C(=O)CNC(=O)c2ccc3cc(F)ccc3n2)c(Cl)c1,0.3782864,0.3783,0.7432432,0.7432,0.7057813,-9.2100,1.0000000,1.0000,[],62
2.4088,4.6734,72.1043,0.5998256,O=C(NCC(=O)N1C[C@H](O)C[C@H]1C(=O)N[C@H](CO)c1cccc(Cl)c1)c1ccc2cc(F)ccc2n1,1,COc1ccc([C@H](C)NC(=O)[C@@H]2C[C@@H](O)CN2C(=O)CNC(=O)c2ccc3cc(F)ccc3n2)c(Cl)c1,0.3782864,0.3783,0.7432432,0.7432,0.6785380,-8.9600,1.0000000,1.0000,[],62
2.2929,4.0491,80.4208,0.6599210,CC(C)C(NC(=O)[C@@H]1C[C@@H](O)CN1C(=O)CNC(=O)c1ccc2cc(F)ccc2n1)c1ccccc1,1,COc1ccc([C@H](C)NC(=O)[C@@H]2C[C@@H](O)CN2C(=O)CNC(=O)c2ccc3cc(F)ccc3n2)c(Cl)c1,0.4695327,0.4695,0.7364865,0.7365,0.7405742,-9.5500,1.0000000,1.0000,[],63
2.3099,4.8186,79.3090,0.6572468,CC(NC(=O)[C@@H]1C[C@@H](O)CN1C(=O)CNC(=O)c1ccc2cc(F)ccc2n1)c1ccc(Cl)cc1,1,COc1ccc([C@H](C)NC(=O)[C@@H]2C[C@@H](O)CN2C(=O)CNC(=O)c2ccc3cc(F)ccc3n2)c(Cl)c1,0.4834885,0.4835,0.8014184,0.8014,0.6939597,-9.1000,1.0000000,1.0000,[],63
2.2125,4.5815,87.6685,0.7207036,CC(NC(=O)[C@@H]1C[C@@H](O)CN1C(=O)CNC(=O)c1ccc2cc(F)ccc2n1)c1ccccc1,1,COc1ccc([C@H](C)NC(=O)[C@@H]2C[C@@H](O)CN2C(=O)CNC(=O)c2ccc3cc(F)ccc3n2)c(Cl)c1,0.5163857,0.5164,0.7746479,0.7746,0.8212476,-10.4800,1.0000000,1.0000,[],63
2.2263,4.2698,85.5899,0.7020291,C[C@@H](NC(=O)[C@@H]1C[C@@H](O)CN1C(=O)CNC(=O)c1ccc2cc(F)ccc2n1)c1ccc(Cl)cc1,1,COc1ccc([C@H](C)NC(=O)[C@@H]2C[C@@H](O)CN2C(=O)CNC(=O)c2ccc3cc(F)ccc3n2)c(Cl)c1,0.4834885,0.4835,0.8014184,0.8014,0.7917488,-10.1100,1.0000000,1.0000,[],63
2.3224,3.4014,78.9213,0.6431466,O=C(NCC(=O)N1C[C@H](O)C[C@H]1C(=O)NC1CCCCC1)c1ccc2cc(F)ccc2n1,1,COc1ccc([C@H](C)NC(=O)[C@@H]2C[C@@H](O)CN2C(=O)CNC(=O)c2ccc3cc(F)ccc3n2)c(Cl)c1,0.6501268,0.6501,0.6184211,0.6184,0.6523473,-8.7300,1.0000000,1.0000,[],63
2.3612,4.3193,77.1913,0.6368017,O=C(NCC(=O)N1C[C@H](O)C[C@H]1C(=O)NCc1ccc(Cl)c(Cl)c1)c1ccc2cc(F)ccc2n1,1,COc1ccc([C@H](C)NC(=O)[C@@H]2C[C@@H](O)CN2C(=O)CNC(=O)c2ccc3cc(F)ccc3n2)c(Cl)c1,0.4640416,0.4640,0.7114094,0.7114,0.7057813,-9.2100,1.0000000,1.0000,[],63
2.2789,3.8934,81.8078,0.6695402,O=C(NCC(=O)N1C[C@H](O)C[C@H]1C(=O)NCc1ccc(Cl)cc1)c1ccc2cc(F)ccc2n1,1,COc1ccc([C@H](C)NC(=O)[C@@H]2C[C@@H](O)CN2C(=O)CNC(=O)c2ccc3cc(F)ccc3n2)c(Cl)c1,0.4955094,0.4955,0.7260274,0.7260,0.7473962,-9.6200,1.0000000,1.0000,[],63
2.3001,3.2004,79.0450,0.6425422,O=C(NCC(=O)N1C[C@H](O)C[C@H]1C(=O)NCc1cccc(Cl)c1)c1ccc2cc(F)ccc2n1,1,COc1ccc([C@H](C)NC(=O)[C@@H]2C[C@@H](O)CN2C(=O)CNC(=O)c2ccc3cc(F)ccc3n2)c(Cl)c1,0.4955094,0.4955,0.7210884,0.7211,0.6906898,-9.0700,1.0000000,1.0000,[],63
2.3421,4.2413,74.0626,0.6117486,O=C(NCC(=O)N1C[C@H](O)C[C@H]1C(=O)N[C@@H](CO)c1cccc(Cl)c1)c1ccc2cc(F)ccc2n1,1,COc1ccc([C@H](C)NC(=O)[C@@H]2C[C@@H](O)CN2C(=O)CNC(=O)c2ccc3cc(F)ccc3n2)c(Cl)c1,0.3782864,0.3783,0.7432432,0.7432,0.7057813,-9.2100,1.0000000,1.0000,[],63
2.4023,4.6734,72.1043,0.5998256,O=C(NCC(=O)N1C[C@H](O)C[C@H]1C(=O)N[C@H](CO)c1cccc(Cl)c1)c1ccc2cc(F)ccc2n1,1,COc1ccc([C@H](C)NC(=O)[C@@H]2C[C@@H](O)CN2C(=O)CNC(=O)c2ccc3cc(F)ccc3n2)c(Cl)c1,0.3782864,0.3783,0.7432432,0.7432,0.6785380,-8.9600,1.0000000,1.0000,[],63
2.2969,4.0491,80.4208,0.6599210,CC(C)C(NC(=O)[C@@H]1C[C@@H](O)CN1C(=O)CNC(=O)c1ccc2cc(F)ccc2n1)c1ccccc1,1,COc1ccc([C@H](C)NC(=O)[C@@H]2C[C@@H](O)CN2C(=O)CNC(=O)c2ccc3cc(F)ccc3n2)c(Cl)c1,0.4695327,0.4695,0.7364865,0.7365,0.7405742,-9.5500,1.0000000,1.0000,[],64
2.3026,4.8186,79.3090,0.6572468,CC(NC(=O)[C@@H]1C[C@@H](O)CN1C(=O)CNC(=O)c1ccc2cc(F)ccc2n1)c1ccc(Cl)cc1,1,COc1ccc([C@H](C)NC(=O)[C@@H]2C[C@@H](O)CN2C(=O)CNC(=O)c2ccc3cc(F)ccc3n2)c(Cl)c1,0.4834885,0.4835,0.8014184,0.8014,0.6939597,-9.1000,1.0000000,1.0000,[],64
2.2129,4.5815,87.6685,0.7207036,CC(NC(=O)[C@@H]1C[C@@H](O)CN1C(=O)CNC(=O)c1ccc2cc(F)ccc2n1)c1ccccc1,1,COc1ccc([C@H](C)NC(=O)[C@@H]2C[C@@H](O)CN2C(=O)CNC(=O)c2ccc3cc(F)ccc3n2)c(Cl)c1,0.5163857,0.5164,0.7746479,0.7746,0.8212476,-10.4800,1.0000000,1.0000,[],64
2.2342,4.2698,85.5899,0.7020291,C[C@@H](NC(=O)[C@@H]1C[C@@H](O)CN1C(=O)CNC(=O)c1ccc2cc(F)ccc2n1)c1ccc(Cl)cc1,1,COc1ccc([C@H](C)NC(=O)[C@@H]2C[C@@H](O)CN2C(=O)CNC(=O)c2ccc3cc(F)ccc3n2)c(Cl)c1,0.4834885,0.4835,0.8014184,0.8014,0.7917488,-10.1100,1.0000000,1.0000,[],64
2.3171,3.4014,78.9213,0.6431466,O=C(NCC(=O)N1C[C@H](O)C[C@H]1C(=O)NC1CCCCC1)c1ccc2cc(F)ccc2n1,1,COc1ccc([C@H](C)NC(=O)[C@@H]2C[C@@H](O)CN2C(=O)CNC(=O)c2ccc3cc(F)ccc3n2)c(Cl)c1,0.6501268,0.6501,0.6184211,0.6184,0.6523473,-8.7300,1.0000000,1.0000,[],64
2.3344,4.3193,77.1913,0.6368017,O=C(NCC(=O)N1C[C@H](O)C[C@H]1C(=O)NCc1ccc(Cl)c(Cl)c1)c1ccc2cc(F)ccc2n1,1,COc1ccc([C@H](C)NC(=O)[C@@H]2C[C@@H](O)CN2C(=O)CNC(=O)c2ccc3cc(F)ccc3n2)c(Cl)c1,0.4640416,0.4640,0.7114094,0.7114,0.7057813,-9.2100,1.0000000,1.0000,[],64
2.2785,3.8934,81.8078,0.6695402,O=C(NCC(=O)N1C[C@H](O)C[C@H]1C(=O)NCc1ccc(Cl)cc1)c1ccc2cc(F)ccc2n1,1,COc1ccc([C@H](C)NC(=O)[C@@H]2C[C@@H](O)CN2C(=O)CNC(=O)c2ccc3cc(F)ccc3n2)c(Cl)c1,0.4955094,0.4955,0.7260274,0.7260,0.7473962,-9.6200,1.0000000,1.0000,[],64
2.3217,3.2004,79.0450,0.6425422,O=C(NCC(=O)N1C[C@H](O)C[C@H]1C(=O)NCc1cccc(Cl)c1)c1ccc2cc(F)ccc2n1,1,COc1ccc([C@H](C)NC(=O)[C@@H]2C[C@@H](O)CN2C(=O)CNC(=O)c2ccc3cc(F)ccc3n2)c(Cl)c1,0.4955094,0.4955,0.7210884,0.7211,0.6906898,-9.0700,1.0000000,1.0000,[],64
2.3474,4.2413,74.0626,0.6117486,O=C(NCC(=O)N1C[C@H](O)C[C@H]1C(=O)N[C@@H](CO)c1cccc(Cl)c1)c1ccc2cc(F)ccc2n1,1,COc1ccc([C@H](C)NC(=O)[C@@H]2C[C@@H](O)CN2C(=O)CNC(=O)c2ccc3cc(F)ccc3n2)c(Cl)c1,0.3782864,0.3783,0.7432432,0.7432,0.7057813,-9.2100,1.0000000,1.0000,[],64
2.4010,4.6734,72.1043,0.5998256,O=C(NCC(=O)N1C[C@H](O)C[C@H]1C(=O)N[C@H](CO)c1cccc(Cl)c1)c1ccc2cc(F)ccc2n1,1,COc1ccc([C@H](C)NC(=O)[C@@H]2C[C@@H](O)CN2C(=O)CNC(=O)c2ccc3cc(F)ccc3n2)c(Cl)c1,0.3782864,0.3783,0.7432432,0.7432,0.6785380,-8.9600,1.0000000,1.0000,[],64
2.2940,4.0491,80.4208,0.6599210,CC(C)C(NC(=O)[C@@H]1C[C@@H](O)CN1C(=O)CNC(=O)c1ccc2cc(F)ccc2n1)c1ccccc1,1,COc1ccc([C@H](C)NC(=O)[C@@H]2C[C@@H](O)CN2C(=O)CNC(=O)c2ccc3cc(F)ccc3n2)c(Cl)c1,0.4695327,0.4695,0.7364865,0.7365,0.7405742,-9.5500,1.0000000,1.0000,[],65
2.3124,4.8186,79.3090,0.6572468,CC(NC(=O)[C@@H]1C[C@@H](O)CN1C(=O)CNC(=O)c1ccc2cc(F)ccc2n1)c1ccc(Cl)cc1,1,COc1ccc([C@H](C)NC(=O)[C@@H]2C[C@@H](O)CN2C(=O)CNC(=O)c2ccc3cc(F)ccc3n2)c(Cl)c1,0.4834885,0.4835,0.8014184,0.8014,0.6939597,-9.1000,1.0000000,1.0000,[],65
2.2037,4.5815,87.6685,0.7207036,CC(NC(=O)[C@@H]1C[C@@H](O)CN1C(=O)CNC(=O)c1ccc2cc(F)ccc2n1)c1ccccc1,1,COc1ccc([C@H](C)NC(=O)[C@@H]2C[C@@H](O)CN2C(=O)CNC(=O)c2ccc3cc(F)ccc3n2)c(Cl)c1,0.5163857,0.5164,0.7746479,0.7746,0.8212476,-10.4800,1.0000000,1.0000,[],65
2.2429,4.2698,85.5899,0.7020291,C[C@@H](NC(=O)[C@@H]1C[C@@H](O)CN1C(=O)CNC(=O)c1ccc2cc(F)ccc2n1)c1ccc(Cl)cc1,1,COc1ccc([C@H](C)NC(=O)[C@@H]2C[C@@H](O)CN2C(=O)CNC(=O)c2ccc3cc(F)ccc3n2)c(Cl)c1,0.4834885,0.4835,0.8014184,0.8014,0.7917488,-10.1100,1.0000000,1.0000,[],65
2.3056,3.4014,78.9213,0.6431466,O=C(NCC(=O)N1C[C@H](O)C[C@H]1C(=O)NC1CCCCC1)c1ccc2cc(F)ccc2n1,1,COc1ccc([C@H](C)NC(=O)[C@@H]2C[C@@H](O)CN2C(=O)CNC(=O)c2ccc3cc(F)ccc3n2)c(Cl)c1,0.6501268,0.6501,0.6184211,0.6184,0.6523473,-8.7300,1.0000000,1.0000,[],65
2.3107,4.3193,77.1913,0.6368017,O=C(NCC(=O)N1C[C@H](O)C[C@H]1C(=O)NCc1ccc(Cl)c(Cl)c1)c1ccc2cc(F)ccc2n1,1,COc1ccc([C@H](C)NC(=O)[C@@H]2C[C@@H](O)CN2C(=O)CNC(=O)c2ccc3cc(F)ccc3n2)c(Cl)c1,0.4640416,0.4640,0.7114094,0.7114,0.7057813,-9.2100,1.0000000,1.0000,[],65
2.2757,3.8934,81.8078,0.6695402,O=C(NCC(=O)N1C[C@H](O)C[C@H]1C(=O)NCc1ccc(Cl)cc1)c1ccc2cc(F)ccc2n1,1,COc1ccc([C@H](C)NC(=O)[C@@H]2C[C@@H](O)CN2C(=O)CNC(=O)c2ccc3cc(F)ccc3n2)c(Cl)c1,0.4955094,0.4955,0.7260274,0.7260,0.7473962,-9.6200,1.0000000,1.0000,[],65
2.3323,3.2004,79.0450,0.6425422,O=C(NCC(=O)N1C[C@H](O)C[C@H]1C(=O)NCc1cccc(Cl)c1)c1ccc2cc(F)ccc2n1,1,COc1ccc([C@H](C)NC(=O)[C@@H]2C[C@@H](O)CN2C(=O)CNC(=O)c2ccc3cc(F)ccc3n2)c(Cl)c1,0.4955094,0.4955,0.7210884,0.7211,0.6906898,-9.0700,1.0000000,1.0000,[],65
2.3646,4.2413,74.0626,0.6117486,O=C(NCC(=O)N1C[C@H](O)C[C@H]1C(=O)N[C@@H](CO)c1cccc(Cl)c1)c1ccc2cc(F)ccc2n1,1,COc1ccc([C@H](C)NC(=O)[C@@H]2C[C@@H](O)CN2C(=O)CNC(=O)c2ccc3cc(F)ccc3n2)c(Cl)c1,0.3782864,0.3783,0.7432432,0.7432,0.7057813,-9.2100,1.0000000,1.0000,[],65
2.4061,4.6734,72.1043,0.5998256,O=C(NCC(=O)N1C[C@H](O)C[C@H]1C(=O)N[C@H](CO)c1cccc(Cl)c1)c1ccc2cc(F)ccc2n1,1,COc1ccc([C@H](C)NC(=O)[C@@H]2C[C@@H](O)CN2C(=O)CNC(=O)c2ccc3cc(F)ccc3n2)c(Cl)c1,0.3782864,0.3783,0.7432432,0.7432,0.6785380,-8.9600,1.0000000,1.0000,[],65
2.2913,4.0491,80.4208,0.6599210,CC(C)C(NC(=O)[C@@H]1C[C@@H](O)CN1C(=O)CNC(=O)c1ccc2cc(F)ccc2n1)c1ccccc1,1,COc1ccc([C@H](C)NC(=O)[C@@H]2C[C@@H](O)CN2C(=O)CNC(=O)c2ccc3cc(F)ccc3n2)c(Cl)c1,0.4695327,0.4695,0.7364865,0.7365,0.7405742,-9.5500,1.0000000,1.0000,[],66
2.3043,4.8186,79.3090,0.6572468,CC(NC(=O)[C@@H]1C[C@@H](O)CN1C(=O)CNC(=O)c1ccc2cc(F)ccc2n1)c1ccc(Cl)cc1,1,COc1ccc([C@H](C)NC(=O)[C@@H]2C[C@@H](O)CN2C(=O)CNC(=O)c2ccc3cc(F)ccc3n2)c(Cl)c1,0.4834885,0.4835,0.8014184,0.8014,0.6939597,-9.1000,1.0000000,1.0000,[],66
2.2075,4.5815,87.6685,0.7207036,CC(NC(=O)[C@@H]1C[C@@H](O)CN1C(=O)CNC(=O)c1ccc2cc(F)ccc2n1)c1ccccc1,1,COc1ccc([C@H](C)NC(=O)[C@@H]2C[C@@H](O)CN2C(=O)CNC(=O)c2ccc3cc(F)ccc3n2)c(Cl)c1,0.5163857,0.5164,0.7746479,0.7746,0.8212476,-10.4800,1.0000000,1.0000,[],66
2.2414,4.2698,85.5899,0.7020291,C[C@@H](NC(=O)[C@@H]1C[C@@H](O)CN1C(=O)CNC(=O)c1ccc2cc(F)ccc2n1)c1ccc(Cl)cc1,1,COc1ccc([C@H](C)NC(=O)[C@@H]2C[C@@H](O)CN2C(=O)CNC(=O)c2ccc3cc(F)ccc3n2)c(Cl)c1,0.4834885,0.4835,0.8014184,0.8014,0.7917488,-10.1100,1.0000000,1.0000,[],66
2.3093,3.4014,78.9213,0.6431466,O=C(NCC(=O)N1C[C@H](O)C[C@H]1C(=O)NC1CCCCC1)c1ccc2cc(F)ccc2n1,1,COc1ccc([C@H](C)NC(=O)[C@@H]2C[C@@H](O)CN2C(=O)CNC(=O)c2ccc3cc(F)ccc3n2)c(Cl)c1,0.6501268,0.6501,0.6184211,0.6184,0.6523473,-8.7300,1.0000000,1.0000,[],66
2.3101,4.3193,77.1913,0.6368017,O=C(NCC(=O)N1C[C@H](O)C[C@H]1C(=O)NCc1ccc(Cl)c(Cl)c1)c1ccc2cc(F)ccc2n1,1,COc1ccc([C@H](C)NC(=O)[C@@H]2C[C@@H](O)CN2C(=O)CNC(=O)c2ccc3cc(F)ccc3n2)c(Cl)c1,0.4640416,0.4640,0.7114094,0.7114,0.7057813,-9.2100,1.0000000,1.0000,[],66
2.2665,3.8934,81.8078,0.6695402,O=C(NCC(=O)N1C[C@H](O)C[C@H]1C(=O)NCc1ccc(Cl)cc1)c1ccc2cc(F)ccc2n1,1,COc1ccc([C@H](C)NC(=O)[C@@H]2C[C@@H](O)CN2C(=O)CNC(=O)c2ccc3cc(F)ccc3n2)c(Cl)c1,0.4955094,0.4955,0.7260274,0.7260,0.7473962,-9.6200,1.0000000,1.0000,[],66
2.3244,3.2004,79.0450,0.6425422,O=C(NCC(=O)N1C[C@H](O)C[C@H]1C(=O)NCc1cccc(Cl)c1)c1ccc2cc(F)ccc2n1,1,COc1ccc([C@H](C)NC(=O)[C@@H]2C[C@@H](O)CN2C(=O)CNC(=O)c2ccc3cc(F)ccc3n2)c(Cl)c1,0.4955094,0.4955,0.7210884,0.7211,0.6906898,-9.0700,1.0000000,1.0000,[],66
2.3832,4.2413,74.0626,0.6117486,O=C(NCC(=O)N1C[C@H](O)C[C@H]1C(=O)N[C@@H](CO)c1cccc(Cl)c1)c1ccc2cc(F)ccc2n1,1,COc1ccc([C@H](C)NC(=O)[C@@H]2C[C@@H](O)CN2C(=O)CNC(=O)c2ccc3cc(F)ccc3n2)c(Cl)c1,0.3782864,0.3783,0.7432432,0.7432,0.7057813,-9.2100,1.0000000,1.0000,[],66
2.4115,4.6734,72.1043,0.5998256,O=C(NCC(=O)N1C[C@H](O)C[C@H]1C(=O)N[C@H](CO)c1cccc(Cl)c1)c1ccc2cc(F)ccc2n1,1,COc1ccc([C@H](C)NC(=O)[C@@H]2C[C@@H](O)CN2C(=O)CNC(=O)c2ccc3cc(F)ccc3n2)c(Cl)c1,0.3782864,0.3783,0.7432432,0.7432,0.6785380,-8.9600,1.0000000,1.0000,[],66
2.2911,4.0491,80.4208,0.6599210,CC(C)C(NC(=O)[C@@H]1C[C@@H](O)CN1C(=O)CNC(=O)c1ccc2cc(F)ccc2n1)c1ccccc1,1,COc1ccc([C@H](C)NC(=O)[C@@H]2C[C@@H](O)CN2C(=O)CNC(=O)c2ccc3cc(F)ccc3n2)c(Cl)c1,0.4695327,0.4695,0.7364865,0.7365,0.7405742,-9.5500,1.0000000,1.0000,[],67
2.3030,4.8186,79.3090,0.6572468,CC(NC(=O)[C@@H]1C[C@@H](O)CN1C(=O)CNC(=O)c1ccc2cc(F)ccc2n1)c1ccc(Cl)cc1,1,COc1ccc([C@H](C)NC(=O)[C@@H]2C[C@@H](O)CN2C(=O)CNC(=O)c2ccc3cc(F)ccc3n2)c(Cl)c1,0.4834885,0.4835,0.8014184,0.8014,0.6939597,-9.1000,1.0000000,1.0000,[],67
2.2089,4.5815,87.6685,0.7207036,CC(NC(=O)[C@@H]1C[C@@H](O)CN1C(=O)CNC(=O)c1ccc2cc(F)ccc2n1)c1ccccc1,1,COc1ccc([C@H](C)NC(=O)[C@@H]2C[C@@H](O)CN2C(=O)CNC(=O)c2ccc3cc(F)ccc3n2)c(Cl)c1,0.5163857,0.5164,0.7746479,0.7746,0.8212476,-10.4800,1.0000000,1.0000,[],67
2.2332,4.2698,85.5899,0.7020291,C[C@@H](NC(=O)[C@@H]1C[C@@H](O)CN1C(=O)CNC(=O)c1ccc2cc(F)ccc2n1)c1ccc(Cl)cc1,1,COc1ccc([C@H](C)NC(=O)[C@@H]2C[C@@H](O)CN2C(=O)CNC(=O)c2ccc3cc(F)ccc3n2)c(Cl)c1,0.4834885,0.4835,0.8014184,0.8014,0.7917488,-10.1100,1.0000000,1.0000,[],67
2.3132,3.4014,78.9213,0.6431466,O=C(NCC(=O)N1C[C@H](O)C[C@H]1C(=O)NC1CCCCC1)c1ccc2cc(F)ccc2n1,1,COc1ccc([C@H](C)NC(=O)[C@@H]2C[C@@H](O)CN2C(=O)CNC(=O)c2ccc3cc(F)ccc3n2)c(Cl)c1,0.6501268,0.6501,0.6184211,0.6184,0.6523473,-8.7300,1.0000000,1.0000,[],67
2.3321,4.3193,77.1913,0.6368017,O=C(NCC(=O)N1C[C@H](O)C[C@H]1C(=O)NCc1ccc(Cl)c(Cl)c1)c1ccc2cc(F)ccc2n1,1,COc1ccc([C@H](C)NC(=O)[C@@H]2C[C@@H](O)CN2C(=O)CNC(=O)c2ccc3cc(F)ccc3n2)c(Cl)c1,0.4640416,0.4640,0.7114094,0.7114,0.7057813,-9.2100,1.0000000,1.0000,[],67
2.2636,3.8934,81.8078,0.6695402,O=C(NCC(=O)N1C[C@H](O)C[C@H]1C(=O)NCc1ccc(Cl)cc1)c1ccc2cc(F)ccc2n1,1,COc1ccc([C@H](C)NC(=O)[C@@H]2C[C@@H](O)CN2C(=O)CNC(=O)c2ccc3cc(F)ccc3n2)c(Cl)c1,0.4955094,0.4955,0.7260274,0.7260,0.7473962,-9.6200,1.0000000,1.0000,[],67
2.3075,3.2004,79.0450,0.6425422,O=C(NCC(=O)N1C[C@H](O)C[C@H]1C(=O)NCc1cccc(Cl)c1)c1ccc2cc(F)ccc2n1,1,COc1ccc([C@H](C)NC(=O)[C@@H]2C[C@@H](O)CN2C(=O)CNC(=O)c2ccc3cc(F)ccc3n2)c(Cl)c1,0.4955094,0.4955,0.7210884,0.7211,0.6906898,-9.0700,1.0000000,1.0000,[],67
2.3905,4.2413,74.0626,0.6117486,O=C(NCC(=O)N1C[C@H](O)C[C@H]1C(=O)N[C@@H](CO)c1cccc(Cl)c1)c1ccc2cc(F)ccc2n1,1,COc1ccc([C@H](C)NC(=O)[C@@H]2C[C@@H](O)CN2C(=O)CNC(=O)c2ccc3cc(F)ccc3n2)c(Cl)c1,0.3782864,0.3783,0.7432432,0.7432,0.7057813,-9.2100,1.0000000,1.0000,[],67
2.4075,4.6734,72.1043,0.5998256,O=C(NCC(=O)N1C[C@H](O)C[C@H]1C(=O)N[C@H](CO)c1cccc(Cl)c1)c1ccc2cc(F)ccc2n1,1,COc1ccc([C@H](C)NC(=O)[C@@H]2C[C@@H](O)CN2C(=O)CNC(=O)c2ccc3cc(F)ccc3n2)c(Cl)c1,0.3782864,0.3783,0.7432432,0.7432,0.6785380,-8.9600,1.0000000,1.0000,[],67
2.2940,4.0491,80.4208,0.6599210,CC(C)C(NC(=O)[C@@H]1C[C@@H](O)CN1C(=O)CNC(=O)c1ccc2cc(F)ccc2n1)c1ccccc1,1,COc1ccc([C@H](C)NC(=O)[C@@H]2C[C@@H](O)CN2C(=O)CNC(=O)c2ccc3cc(F)ccc3n2)c(Cl)c1,0.4695327,0.4695,0.7364865,0.7365,0.7405742,-9.5500,1.0000000,1.0000,[],68
2.3092,4.8186,79.3090,0.6572468,CC(NC(=O)[C@@H]1C[C@@H](O)CN1C(=O)CNC(=O)c1ccc2cc(F)ccc2n1)c1ccc(Cl)cc1,1,COc1ccc([C@H](C)NC(=O)[C@@H]2C[C@@H](O)CN2C(=O)CNC(=O)c2ccc3cc(F)ccc3n2)c(Cl)c1,0.4834885,0.4835,0.8014184,0.8014,0.6939597,-9.1000,1.0000000,1.0000,[],68
2.2101,4.5815,87.6685,0.7207036,CC(NC(=O)[C@@H]1C[C@@H](O)CN1C(=O)CNC(=O)c1ccc2cc(F)ccc2n1)c1ccccc1,1,COc1ccc([C@H](C)NC(=O)[C@@H]2C[C@@H](O)CN2C(=O)CNC(=O)c2ccc3cc(F)ccc3n2)c(Cl)c1,0.5163857,0.5164,0.7746479,0.7746,0.8212476,-10.4800,1.0000000,1.0000,[],68
2.2274,4.2698,85.5899,0.7020291,C[C@@H](NC(=O)[C@@H]1C[C@@H](O)CN1C(=O)CNC(=O)c1ccc2cc(F)ccc2n1)c1ccc(Cl)cc1,1,COc1ccc([C@H](C)NC(=O)[C@@H]2C[C@@H](O)CN2C(=O)CNC(=O)c2ccc3cc(F)ccc3n2)c(Cl)c1,0.4834885,0.4835,0.8014184,0.8014,0.7917488,-10.1100,1.0000000,1.0000,[],68
2.3091,3.4014,78.9213,0.6431466,O=C(NCC(=O)N1C[C@H](O)C[C@H]1C(=O)NC1CCCCC1)c1ccc2cc(F)ccc2n1,1,COc1ccc([C@H](C)NC(=O)[C@@H]2C[C@@H](O)CN2C(=O)CNC(=O)c2ccc3cc(F)ccc3n2)c(Cl)c1,0.6501268,0.6501,0.6184211,0.6184,0.6523473,-8.7300,1.0000000,1.0000,[],68
2.3503,4.3193,77.1913,0.6368017,O=C(NCC(=O)N1C[C@H](O)C[C@H]1C(=O)NCc1ccc(Cl)c(Cl)c1)c1ccc2cc(F)ccc2n1,1,COc1ccc([C@H](C)NC(=O)[C@@H]2C[C@@H](O)CN2C(=O)CNC(=O)c2ccc3cc(F)ccc3n2)c(Cl)c1,0.4640416,0.4640,0.7114094,0.7114,0.7057813,-9.2100,1.0000000,1.0000,[],68
2.2758,3.8934,81.8078,0.6695402,O=C(NCC(=O)N1C[C@H](O)C[C@H]1C(=O)NCc1ccc(Cl)cc1)c1ccc2cc(F)ccc2n1,1,COc1ccc([C@H](C)NC(=O)[C@@H]2C[C@@H](O)CN2C(=O)CNC(=O)c2ccc3cc(F)ccc3n2)c(Cl)c1,0.4955094,0.4955,0.7260274,0.7260,0.7473962,-9.6200,1.0000000,1.0000,[],68
2.2973,3.2004,79.0450,0.6425422,O=C(NCC(=O)N1C[C@H](O)C[C@H]1C(=O)NCc1cccc(Cl)c1)c1ccc2cc(F)ccc2n1,1,COc1ccc([C@H](C)NC(=O)[C@@H]2C[C@@H](O)CN2C(=O)CNC(=O)c2ccc3cc(F)ccc3n2)c(Cl)c1,0.4955094,0.4955,0.7210884,0.7211,0.6906898,-9.0700,1.0000000,1.0000,[],68
2.3839,4.2413,74.0626,0.6117486,O=C(NCC(=O)N1C[C@H](O)C[C@H]1C(=O)N[C@@H](CO)c1cccc(Cl)c1)c1ccc2cc(F)ccc2n1,1,COc1ccc([C@H](C)NC(=O)[C@@H]2C[C@@H](O)CN2C(=O)CNC(=O)c2ccc3cc(F)ccc3n2)c(Cl)c1,0.3782864,0.3783,0.7432432,0.7432,0.7057813,-9.2100,1.0000000,1.0000,[],68
2.3918,4.6734,72.1043,0.5998256,O=C(NCC(=O)N1C[C@H](O)C[C@H]1C(=O)N[C@H](CO)c1cccc(Cl)c1)c1ccc2cc(F)ccc2n1,1,COc1ccc([C@H](C)NC(=O)[C@@H]2C[C@@H](O)CN2C(=O)CNC(=O)c2ccc3cc(F)ccc3n2)c(Cl)c1,0.3782864,0.3783,0.7432432,0.7432,0.6785380,-8.9600,1.0000000,1.0000,[],68
2.2996,4.0491,80.4208,0.6599210,CC(C)C(NC(=O)[C@@H]1C[C@@H](O)CN1C(=O)CNC(=O)c1ccc2cc(F)ccc2n1)c1ccccc1,1,COc1ccc([C@H](C)NC(=O)[C@@H]2C[C@@H](O)CN2C(=O)CNC(=O)c2ccc3cc(F)ccc3n2)c(Cl)c1,0.4695327,0.4695,0.7364865,0.7365,0.7405742,-9.5500,1.0000000,1.0000,[],69
2.3052,4.8186,79.3090,0.6572468,CC(NC(=O)[C@@H]1C[C@@H](O)CN1C(=O)CNC(=O)c1ccc2cc(F)ccc2n1)c1ccc(Cl)cc1,1,COc1ccc([C@H](C)NC(=O)[C@@H]2C[C@@H](O)CN2C(=O)CNC(=O)c2ccc3cc(F)ccc3n2)c(Cl)c1,0.4834885,0.4835,0.8014184,0.8014,0.6939597,-9.1000,1.0000000,1.0000,[],69
2.2205,4.5815,87.6685,0.7207036,CC(NC(=O)[C@@H]1C[C@@H](O)CN1C(=O)CNC(=O)c1ccc2cc(F)ccc2n1)c1ccccc1,1,COc1ccc([C@H](C)NC(=O)[C@@H]2C[C@@H](O)CN2C(=O)CNC(=O)c2ccc3cc(F)ccc3n2)c(Cl)c1,0.5163857,0.5164,0.7746479,0.7746,0.8212476,-10.4800,1.0000000,1.0000,[],69
2.2288,4.2698,85.5899,0.7020291,C[C@@H](NC(=O)[C@@H]1C[C@@H](O)CN1C(=O)CNC(=O)c1ccc2cc(F)ccc2n1)c1ccc(Cl)cc1,1,COc1ccc([C@H](C)NC(=O)[C@@H]2C[C@@H](O)CN2C(=O)CNC(=O)c2ccc3cc(F)ccc3n2)c(Cl)c1,0.4834885,0.4835,0.8014184,0.8014,0.7917488,-10.1100,1.0000000,1.0000,[],69
2.3084,3.4014,78.9213,0.6431466,O=C(NCC(=O)N1C[C@H](O)C[C@H]1C(=O)NC1CCCCC1)c1ccc2cc(F)ccc2n1,1,COc1ccc([C@H](C)NC(=O)[C@@H]2C[C@@H](O)CN2C(=O)CNC(=O)c2ccc3cc(F)ccc3n2)c(Cl)c1,0.6501268,0.6501,0.6184211,0.6184,0.6523473,-8.7300,1.0000000,1.0000,[],69
2.3450,4.3193,77.1913,0.6368017,O=C(NCC(=O)N1C[C@H](O)C[C@H]1C(=O)NCc1ccc(Cl)c(Cl)c1)c1ccc2cc(F)ccc2n1,1,COc1ccc([C@H](C)NC(=O)[C@@H]2C[C@@H](O)CN2C(=O)CNC(=O)c2ccc3cc(F)ccc3n2)c(Cl)c1,0.4640416,0.4640,0.7114094,0.7114,0.7057813,-9.2100,1.0000000,1.0000,[],69
2.2914,3.8934,81.8078,0.6695402,O=C(NCC(=O)N1C[C@H](O)C[C@H]1C(=O)NCc1ccc(Cl)cc1)c1ccc2cc(F)ccc2n1,1,COc1ccc([C@H](C)NC(=O)[C@@H]2C[C@@H](O)CN2C(=O)CNC(=O)c2ccc3cc(F)ccc3n2)c(Cl)c1,0.4955094,0.4955,0.7260274,0.7260,0.7473962,-9.6200,1.0000000,1.0000,[],69
2.2987,3.2004,79.0450,0.6425422,O=C(NCC(=O)N1C[C@H](O)C[C@H]1C(=O)NCc1cccc(Cl)c1)c1ccc2cc(F)ccc2n1,1,COc1ccc([C@H](C)NC(=O)[C@@H]2C[C@@H](O)CN2C(=O)CNC(=O)c2ccc3cc(F)ccc3n2)c(Cl)c1,0.4955094,0.4955,0.7210884,0.7211,0.6906898,-9.0700,1.0000000,1.0000,[],69
2.3724,4.2413,74.0626,0.6117486,O=C(NCC(=O)N1C[C@H](O)C[C@H]1C(=O)N[C@@H](CO)c1cccc(Cl)c1)c1ccc2cc(F)ccc2n1,1,COc1ccc([C@H](C)NC(=O)[C@@H]2C[C@@H](O)CN2C(=O)CNC(=O)c2ccc3cc(F)ccc3n2)c(Cl)c1,0.3782864,0.3783,0.7432432,0.7432,0.7057813,-9.2100,1.0000000,1.0000,[],69
2.3749,4.6734,72.1043,0.5998256,O=C(NCC(=O)N1C[C@H](O)C[C@H]1C(=O)N[C@H](CO)c1cccc(Cl)c1)c1ccc2cc(F)ccc2n1,1,COc1ccc([C@H](C)NC(=O)[C@@H]2C[C@@H](O)CN2C(=O)CNC(=O)c2ccc3cc(F)ccc3n2)c(Cl)c1,0.3782864,0.3783,0.7432432,0.7432,0.6785380,-8.9600,1.0000000,1.0000,[],69
2.2967,4.0491,80.4208,0.6599210,CC(C)C(NC(=O)[C@@H]1C[C@@H](O)CN1C(=O)CNC(=O)c1ccc2cc(F)ccc2n1)c1ccccc1,1,COc1ccc([C@H](C)NC(=O)[C@@H]2C[C@@H](O)CN2C(=O)CNC(=O)c2ccc3cc(F)ccc3n2)c(Cl)c1,0.4695327,0.4695,0.7364865,0.7365,0.7405742,-9.5500,1.0000000,1.0000,[],70
2.3131,4.8186,79.3090,0.6572468,CC(NC(=O)[C@@H]1C[C@@H](O)CN1C(=O)CNC(=O)c1ccc2cc(F)ccc2n1)c1ccc(Cl)cc1,1,COc1ccc([C@H](C)NC(=O)[C@@H]2C[C@@H](O)CN2C(=O)CNC(=O)c2ccc3cc(F)ccc3n2)c(Cl)c1,0.4834885,0.4835,0.8014184,0.8014,0.6939597,-9.1000,1.0000000,1.0000,[],70
2.2088,4.5815,87.6685,0.7207036,CC(NC(=O)[C@@H]1C[C@@H](O)CN1C(=O)CNC(=O)c1ccc2cc(F)ccc2n1)c1ccccc1,1,COc1ccc([C@H](C)NC(=O)[C@@H]2C[C@@H](O)CN2C(=O)CNC(=O)c2ccc3cc(F)ccc3n2)c(Cl)c1,0.5163857,0.5164,0.7746479,0.7746,0.8212476,-10.4800,1.0000000,1.0000,[],70
2.2312,4.2698,85.5899,0.7020291,C[C@@H](NC(=O)[C@@H]1C[C@@H](O)CN1C(=O)CNC(=O)c1ccc2cc(F)ccc2n1)c1ccc(Cl)cc1,1,COc1ccc([C@H](C)NC(=O)[C@@H]2C[C@@H](O)CN2C(=O)CNC(=O)c2ccc3cc(F)ccc3n2)c(Cl)c1,0.4834885,0.4835,0.8014184,0.8014,0.7917488,-10.1100,1.0000000,1.0000,[],70
2.3191,3.4014,78.9213,0.6431466,O=C(NCC(=O)N1C[C@H](O)C[C@H]1C(=O)NC1CCCCC1)c1ccc2cc(F)ccc2n1,1,COc1ccc([C@H](C)NC(=O)[C@@H]2C[C@@H](O)CN2C(=O)CNC(=O)c2ccc3cc(F)ccc3n2)c(Cl)c1,0.6501268,0.6501,0.6184211,0.6184,0.6523473,-8.7300,1.0000000,1.0000,[],70
2.3320,4.3193,77.1913,0.6368017,O=C(NCC(=O)N1C[C@H](O)C[C@H]1C(=O)NCc1ccc(Cl)c(Cl)c1)c1ccc2cc(F)ccc2n1,1,COc1ccc([C@H](C)NC(=O)[C@@H]2C[C@@H](O)CN2C(=O)CNC(=O)c2ccc3cc(F)ccc3n2)c(Cl)c1,0.4640416,0.4640,0.7114094,0.7114,0.7057813,-9.2100,1.0000000,1.0000,[],70
2.2946,3.8934,81.8078,0.6695402,O=C(NCC(=O)N1C[C@H](O)C[C@H]1C(=O)NCc1ccc(Cl)cc1)c1ccc2cc(F)ccc2n1,1,COc1ccc([C@H](C)NC(=O)[C@@H]2C[C@@H](O)CN2C(=O)CNC(=O)c2ccc3cc(F)ccc3n2)c(Cl)c1,0.4955094,0.4955,0.7260274,0.7260,0.7473962,-9.6200,1.0000000,1.0000,[],70
2.3050,3.2004,79.0450,0.6425422,O=C(NCC(=O)N1C[C@H](O)C[C@H]1C(=O)NCc1cccc(Cl)c1)c1ccc2cc(F)ccc2n1,1,COc1ccc([C@H](C)NC(=O)[C@@H]2C[C@@H](O)CN2C(=O)CNC(=O)c2ccc3cc(F)ccc3n2)c(Cl)c1,0.4955094,0.4955,0.7210884,0.7211,0.6906898,-9.0700,1.0000000,1.0000,[],70
2.3709,4.2413,74.0626,0.6117486,O=C(NCC(=O)N1C[C@H](O)C[C@H]1C(=O)N[C@@H](CO)c1cccc(Cl)c1)c1ccc2cc(F)ccc2n1,1,COc1ccc([C@H](C)NC(=O)[C@@H]2C[C@@H](O)CN2C(=O)CNC(=O)c2ccc3cc(F)ccc3n2)c(Cl)c1,0.3782864,0.3783,0.7432432,0.7432,0.7057813,-9.2100,1.0000000,1.0000,[],70
2.3736,4.6734,72.1043,0.5998256,O=C(NCC(=O)N1C[C@H](O)C[C@H]1C(=O)N[C@H](CO)c1cccc(Cl)c1)c1ccc2cc(F)ccc2n1,1,COc1ccc([C@H](C)NC(=O)[C@@H]2C[C@@H](O)CN2C(=O)CNC(=O)c2ccc3cc(F)ccc3n2)c(Cl)c1,0.3782864,0.3783,0.7432432,0.7432,0.6785380,-8.9600,1.0000000,1.0000,[],70
2.2908,4.0491,80.4208,0.6599210,CC(C)C(NC(=O)[C@@H]1C[C@@H](O)CN1C(=O)CNC(=O)c1ccc2cc(F)ccc2n1)c1ccccc1,1,COc1ccc([C@H](C)NC(=O)[C@@H]2C[C@@H](O)CN2C(=O)CNC(=O)c2ccc3cc(F)ccc3n2)c(Cl)c1,0.4695327,0.4695,0.7364865,0.7365,0.7405742,-9.5500,1.0000000,1.0000,[],71
2.3026,4.8186,79.3090,0.6572468,CC(NC(=O)[C@@H]1C[C@@H](O)CN1C(=O)CNC(=O)c1ccc2cc(F)ccc2n1)c1ccc(Cl)cc1,1,COc1ccc([C@H](C)NC(=O)[C@@H]2C[C@@H](O)CN2C(=O)CNC(=O)c2ccc3cc(F)ccc3n2)c(Cl)c1,0.4834885,0.4835,0.8014184,0.8014,0.6939597,-9.1000,1.0000000,1.0000,[],71
2.2086,4.5815,87.6685,0.7207036,CC(NC(=O)[C@@H]1C[C@@H](O)CN1C(=O)CNC(=O)c1ccc2cc(F)ccc2n1)c1ccccc1,1,COc1ccc([C@H](C)NC(=O)[C@@H]2C[C@@H](O)CN2C(=O)CNC(=O)c2ccc3cc(F)ccc3n2)c(Cl)c1,0.5163857,0.5164,0.7746479,0.7746,0.8212476,-10.4800,1.0000000,1.0000,[],71
2.2339,4.2698,85.5899,0.7020291,C[C@@H](NC(=O)[C@@H]1C[C@@H](O)CN1C(=O)CNC(=O)c1ccc2cc(F)ccc2n1)c1ccc(Cl)cc1,1,COc1ccc([C@H](C)NC(=O)[C@@H]2C[C@@H](O)CN2C(=O)CNC(=O)c2ccc3cc(F)ccc3n2)c(Cl)c1,0.4834885,0.4835,0.8014184,0.8014,0.7917488,-10.1100,1.0000000,1.0000,[],71
2.3204,3.4014,78.9213,0.6431466,O=C(NCC(=O)N1C[C@H](O)C[C@H]1C(=O)NC1CCCCC1)c1ccc2cc(F)ccc2n1,1,COc1ccc([C@H](C)NC(=O)[C@@H]2C[C@@H](O)CN2C(=O)CNC(=O)c2ccc3cc(F)ccc3n2)c(Cl)c1,0.6501268,0.6501,0.6184211,0.6184,0.6523473,-8.7300,1.0000000,1.0000,[],71
2.3258,4.3193,77.1913,0.6368017,O=C(NCC(=O)N1C[C@H](O)C[C@H]1C(=O)NCc1ccc(Cl)c(Cl)c1)c1ccc2cc(F)ccc2n1,1,COc1ccc([C@H](C)NC(=O)[C@@H]2C[C@@H](O)CN2C(=O)CNC(=O)c2ccc3cc(F)ccc3n2)c(Cl)c1,0.4640416,0.4640,0.7114094,0.7114,0.7057813,-9.2100,1.0000000,1.0000,[],71
2.2818,3.8934,81.8078,0.6695402,O=C(NCC(=O)N1C[C@H](O)C[C@H]1C(=O)NCc1ccc(Cl)cc1)c1ccc2cc(F)ccc2n1,1,COc1ccc([C@H](C)NC(=O)[C@@H]2C[C@@H](O)CN2C(=O)CNC(=O)c2ccc3cc(F)ccc3n2)c(Cl)c1,0.4955094,0.4955,0.7260274,0.7260,0.7473962,-9.6200,1.0000000,1.0000,[],71
2.3158,3.2004,79.0450,0.6425422,O=C(NCC(=O)N1C[C@H](O)C[C@H]1C(=O)NCc1cccc(Cl)c1)c1ccc2cc(F)ccc2n1,1,COc1ccc([C@H](C)NC(=O)[C@@H]2C[C@@H](O)CN2C(=O)CNC(=O)c2ccc3cc(F)ccc3n2)c(Cl)c1,0.4955094,0.4955,0.7210884,0.7211,0.6906898,-9.0700,1.0000000,1.0000,[],71
2.3794,4.2413,74.0626,0.6117486,O=C(NCC(=O)N1C[C@H](O)C[C@H]1C(=O)N[C@@H](CO)c1cccc(Cl)c1)c1ccc2cc(F)ccc2n1,1,COc1ccc([C@H](C)NC(=O)[C@@H]2C[C@@H](O)CN2C(=O)CNC(=O)c2ccc3cc(F)ccc3n2)c(Cl)c1,0.3782864,0.3783,0.7432432,0.7432,0.7057813,-9.2100,1.0000000,1.0000,[],71
2.3875,4.6734,72.1043,0.5998256,O=C(NCC(=O)N1C[C@H](O)C[C@H]1C(=O)N[C@H](CO)c1cccc(Cl)c1)c1ccc2cc(F)ccc2n1,1,COc1ccc([C@H](C)NC(=O)[C@@H]2C[C@@H](O)CN2C(=O)CNC(=O)c2ccc3cc(F)ccc3n2)c(Cl)c1,0.3782864,0.3783,0.7432432,0.7432,0.6785380,-8.9600,1.0000000,1.0000,[],71
2.2889,4.0491,80.4208,0.6599210,CC(C)C(NC(=O)[C@@H]1C[C@@H](O)CN1C(=O)CNC(=O)c1ccc2cc(F)ccc2n1)c1ccccc1,1,COc1ccc([C@H](C)NC(=O)[C@@H]2C[C@@H](O)CN2C(=O)CNC(=O)c2ccc3cc(F)ccc3n2)c(Cl)c1,0.4695327,0.4695,0.7364865,0.7365,0.7405742,-9.5500,1.0000000,1.0000,[],72
2.3078,4.8186,79.3090,0.6572468,CC(NC(=O)[C@@H]1C[C@@H](O)CN1C(=O)CNC(=O)c1ccc2cc(F)ccc2n1)c1ccc(Cl)cc1,1,COc1ccc([C@H](C)NC(=O)[C@@H]2C[C@@H](O)CN2C(=O)CNC(=O)c2ccc3cc(F)ccc3n2)c(Cl)c1,0.4834885,0.4835,0.8014184,0.8014,0.6939597,-9.1000,1.0000000,1.0000,[],72
2.2049,4.5815,87.6685,0.7207036,CC(NC(=O)[C@@H]1C[C@@H](O)CN1C(=O)CNC(=O)c1ccc2cc(F)ccc2n1)c1ccccc1,1,COc1ccc([C@H](C)NC(=O)[C@@H]2C[C@@H](O)CN2C(=O)CNC(=O)c2ccc3cc(F)ccc3n2)c(Cl)c1,0.5163857,0.5164,0.7746479,0.7746,0.8212476,-10.4800,1.0000000,1.0000,[],72
2.2395,4.2698,85.5899,0.7020291,C[C@@H](NC(=O)[C@@H]1C[C@@H](O)CN1C(=O)CNC(=O)c1ccc2cc(F)ccc2n1)c1ccc(Cl)cc1,1,COc1ccc([C@H](C)NC(=O)[C@@H]2C[C@@H](O)CN2C(=O)CNC(=O)c2ccc3cc(F)ccc3n2)c(Cl)c1,0.4834885,0.4835,0.8014184,0.8014,0.7917488,-10.1100,1.0000000,1.0000,[],72
2.3066,3.4014,78.9213,0.6431466,O=C(NCC(=O)N1C[C@H](O)C[C@H]1C(=O)NC1CCCCC1)c1ccc2cc(F)ccc2n1,1,COc1ccc([C@H](C)NC(=O)[C@@H]2C[C@@H](O)CN2C(=O)CNC(=O)c2ccc3cc(F)ccc3n2)c(Cl)c1,0.6501268,0.6501,0.6184211,0.6184,0.6523473,-8.7300,1.0000000,1.0000,[],72
2.3300,4.3193,77.1913,0.6368017,O=C(NCC(=O)N1C[C@H](O)C[C@H]1C(=O)NCc1ccc(Cl)c(Cl)c1)c1ccc2cc(F)ccc2n1,1,COc1ccc([C@H](C)NC(=O)[C@@H]2C[C@@H](O)CN2C(=O)CNC(=O)c2ccc3cc(F)ccc3n2)c(Cl)c1,0.4640416,0.4640,0.7114094,0.7114,0.7057813,-9.2100,1.0000000,1.0000,[],72
2.2635,3.8934,81.8078,0.6695402,O=C(NCC(=O)N1C[C@H](O)C[C@H]1C(=O)NCc1ccc(Cl)cc1)c1ccc2cc(F)ccc2n1,1,COc1ccc([C@H](C)NC(=O)[C@@H]2C[C@@H](O)CN2C(=O)CNC(=O)c2ccc3cc(F)ccc3n2)c(Cl)c1,0.4955094,0.4955,0.7260274,0.7260,0.7473962,-9.6200,1.0000000,1.0000,[],72
2.3198,3.2004,79.0450,0.6425422,O=C(NCC(=O)N1C[C@H](O)C[C@H]1C(=O)NCc1cccc(Cl)c1)c1ccc2cc(F)ccc2n1,1,COc1ccc([C@H](C)NC(=O)[C@@H]2C[C@@H](O)CN2C(=O)CNC(=O)c2ccc3cc(F)ccc3n2)c(Cl)c1,0.4955094,0.4955,0.7210884,0.7211,0.6906898,-9.0700,1.0000000,1.0000,[],72
2.3853,4.2413,74.0626,0.6117486,O=C(NCC(=O)N1C[C@H](O)C[C@H]1C(=O)N[C@@H](CO)c1cccc(Cl)c1)c1ccc2cc(F)ccc2n1,1,COc1ccc([C@H](C)NC(=O)[C@@H]2C[C@@H](O)CN2C(=O)CNC(=O)c2ccc3cc(F)ccc3n2)c(Cl)c1,0.3782864,0.3783,0.7432432,0.7432,0.7057813,-9.2100,1.0000000,1.0000,[],72
2.4025,4.6734,72.1043,0.5998256,O=C(NCC(=O)N1C[C@H](O)C[C@H]1C(=O)N[C@H](CO)c1cccc(Cl)c1)c1ccc2cc(F)ccc2n1,1,COc1ccc([C@H](C)NC(=O)[C@@H]2C[C@@H](O)CN2C(=O)CNC(=O)c2ccc3cc(F)ccc3n2)c(Cl)c1,0.3782864,0.3783,0.7432432,0.7432,0.6785380,-8.9600,1.0000000,1.0000,[],72
2.2953,4.0491,80.4208,0.6599210,CC(C)C(NC(=O)[C@@H]1C[C@@H](O)CN1C(=O)CNC(=O)c1ccc2cc(F)ccc2n1)c1ccccc1,1,COc1ccc([C@H](C)NC(=O)[C@@H]2C[C@@H](O)CN2C(=O)CNC(=O)c2ccc3cc(F)ccc3n2)c(Cl)c1,0.4695327,0.4695,0.7364865,0.7365,0.7405742,-9.5500,1.0000000,1.0000,[],73
2.2965,4.8186,79.3090,0.6572468,CC(NC(=O)[C@@H]1C[C@@H](O)CN1C(=O)CNC(=O)c1ccc2cc(F)ccc2n1)c1ccc(Cl)cc1,1,COc1ccc([C@H](C)NC(=O)[C@@H]2C[C@@H](O)CN2C(=O)CNC(=O)c2ccc3cc(F)ccc3n2)c(Cl)c1,0.4834885,0.4835,0.8014184,0.8014,0.6939597,-9.1000,1.0000000,1.0000,[],73
2.2165,4.5815,87.6685,0.7207036,CC(NC(=O)[C@@H]1C[C@@H](O)CN1C(=O)CNC(=O)c1ccc2cc(F)ccc2n1)c1ccccc1,1,COc1ccc([C@H](C)NC(=O)[C@@H]2C[C@@H](O)CN2C(=O)CNC(=O)c2ccc3cc(F)ccc3n2)c(Cl)c1,0.5163857,0.5164,0.7746479,0.7746,0.8212476,-10.4800,1.0000000,1.0000,[],73
2.2390,4.2698,85.5899,0.7020291,C[C@@H](NC(=O)[C@@H]1C[C@@H](O)CN1C(=O)CNC(=O)c1ccc2cc(F)ccc2n1)c1ccc(Cl)cc1,1,COc1ccc([C@H](C)NC(=O)[C@@H]2C[C@@H](O)CN2C(=O)CNC(=O)c2ccc3cc(F)ccc3n2)c(Cl)c1,0.4834885,0.4835,0.8014184,0.8014,0.7917488,-10.1100,1.0000000,1.0000,[],73
2.3024,3.4014,78.9213,0.6431466,O=C(NCC(=O)N1C[C@H](O)C[C@H]1C(=O)NC1CCCCC1)c1ccc2cc(F)ccc2n1,1,COc1ccc([C@H](C)NC(=O)[C@@H]2C[C@@H](O)CN2C(=O)CNC(=O)c2ccc3cc(F)ccc3n2)c(Cl)c1,0.6501268,0.6501,0.6184211,0.6184,0.6523473,-8.7300,1.0000000,1.0000,[],73
2.3323,4.3193,77.1913,0.6368017,O=C(NCC(=O)N1C[C@H](O)C[C@H]1C(=O)NCc1ccc(Cl)c(Cl)c1)c1ccc2cc(F)ccc2n1,1,COc1ccc([C@H](C)NC(=O)[C@@H]2C[C@@H](O)CN2C(=O)CNC(=O)c2ccc3cc(F)ccc3n2)c(Cl)c1,0.4640416,0.4640,0.7114094,0.7114,0.7057813,-9.2100,1.0000000,1.0000,[],73
2.2581,3.8934,81.8078,0.6695402,O=C(NCC(=O)N1C[C@H](O)C[C@H]1C(=O)NCc1ccc(Cl)cc1)c1ccc2cc(F)ccc2n1,1,COc1ccc([C@H](C)NC(=O)[C@@H]2C[C@@H](O)CN2C(=O)CNC(=O)c2ccc3cc(F)ccc3n2)c(Cl)c1,0.4955094,0.4955,0.7260274,0.7260,0.7473962,-9.6200,1.0000000,1.0000,[],73
2.3171,3.2004,79.0450,0.6425422,O=C(NCC(=O)N1C[C@H](O)C[C@H]1C(=O)NCc1cccc(Cl)c1)c1ccc2cc(F)ccc2n1,1,COc1ccc([C@H](C)NC(=O)[C@@H]2C[C@@H](O)CN2C(=O)CNC(=O)c2ccc3cc(F)ccc3n2)c(Cl)c1,0.4955094,0.4955,0.7210884,0.7211,0.6906898,-9.0700,1.0000000,1.0000,[],73
2.3813,4.2413,74.0626,0.6117486,O=C(NCC(=O)N1C[C@H](O)C[C@H]1C(=O)N[C@@H](CO)c1cccc(Cl)c1)c1ccc2cc(F)ccc2n1,1,COc1ccc([C@H](C)NC(=O)[C@@H]2C[C@@H](O)CN2C(=O)CNC(=O)c2ccc3cc(F)ccc3n2)c(Cl)c1,0.3782864,0.3783,0.7432432,0.7432,0.7057813,-9.2100,1.0000000,1.0000,[],73
2.4098,4.6734,72.1043,0.5998256,O=C(NCC(=O)N1C[C@H](O)C[C@H]1C(=O)N[C@H](CO)c1cccc(Cl)c1)c1ccc2cc(F)ccc2n1,1,COc1ccc([C@H](C)NC(=O)[C@@H]2C[C@@H](O)CN2C(=O)CNC(=O)c2ccc3cc(F)ccc3n2)c(Cl)c1,0.3782864,0.3783,0.7432432,0.7432,0.6785380,-8.9600,1.0000000,1.0000,[],73
2.2965,4.0491,80.4208,0.6599210,CC(C)C(NC(=O)[C@@H]1C[C@@H](O)CN1C(=O)CNC(=O)c1ccc2cc(F)ccc2n1)c1ccccc1,1,COc1ccc([C@H](C)NC(=O)[C@@H]2C[C@@H](O)CN2C(=O)CNC(=O)c2ccc3cc(F)ccc3n2)c(Cl)c1,0.4695327,0.4695,0.7364865,0.7365,0.7405742,-9.5500,1.0000000,1.0000,[],74
2.3284,4.8186,79.3090,0.6572468,CC(NC(=O)[C@@H]1C[C@@H](O)CN1C(=O)CNC(=O)c1ccc2cc(F)ccc2n1)c1ccc(Cl)cc1,1,COc1ccc([C@H](C)NC(=O)[C@@H]2C[C@@H](O)CN2C(=O)CNC(=O)c2ccc3cc(F)ccc3n2)c(Cl)c1,0.4834885,0.4835,0.8014184,0.8014,0.6939597,-9.1000,1.0000000,1.0000,[],74
2.1935,4.5815,87.6685,0.7207036,CC(NC(=O)[C@@H]1C[C@@H](O)CN1C(=O)CNC(=O)c1ccc2cc(F)ccc2n1)c1ccccc1,1,COc1ccc([C@H](C)NC(=O)[C@@H]2C[C@@H](O)CN2C(=O)CNC(=O)c2ccc3cc(F)ccc3n2)c(Cl)c1,0.5163857,0.5164,0.7746479,0.7746,0.8212476,-10.4800,1.0000000,1.0000,[],74
2.2332,4.2698,85.5899,0.7020291,C[C@@H](NC(=O)[C@@H]1C[C@@H](O)CN1C(=O)CNC(=O)c1ccc2cc(F)ccc2n1)c1ccc(Cl)cc1,1,COc1ccc([C@H](C)NC(=O)[C@@H]2C[C@@H](O)CN2C(=O)CNC(=O)c2ccc3cc(F)ccc3n2)c(Cl)c1,0.4834885,0.4835,0.8014184,0.8014,0.7917488,-10.1100,1.0000000,1.0000,[],74
2.3119,3.4014,78.9213,0.6431466,O=C(NCC(=O)N1C[C@H](O)C[C@H]1C(=O)NC1CCCCC1)c1ccc2cc(F)ccc2n1,1,COc1ccc([C@H](C)NC(=O)[C@@H]2C[C@@H](O)CN2C(=O)CNC(=O)c2ccc3cc(F)ccc3n2)c(Cl)c1,0.6501268,0.6501,0.6184211,0.6184,0.6523473,-8.7300,1.0000000,1.0000,[],74
2.3324,4.3193,77.1913,0.6368017,O=C(NCC(=O)N1C[C@H](O)C[C@H]1C(=O)NCc1ccc(Cl)c(Cl)c1)c1ccc2cc(F)ccc2n1,1,COc1ccc([C@H](C)NC(=O)[C@@H]2C[C@@H](O)CN2C(=O)CNC(=O)c2ccc3cc(F)ccc3n2)c(Cl)c1,0.4640416,0.4640,0.7114094,0.7114,0.7057813,-9.2100,1.0000000,1.0000,[],74
2.2710,3.8934,81.8078,0.6695402,O=C(NCC(=O)N1C[C@H](O)C[C@H]1C(=O)NCc1ccc(Cl)cc1)c1ccc2cc(F)ccc2n1,1,COc1ccc([C@H](C)NC(=O)[C@@H]2C[C@@H](O)CN2C(=O)CNC(=O)c2ccc3cc(F)ccc3n2)c(Cl)c1,0.4955094,0.4955,0.7260274,0.7260,0.7473962,-9.6200,1.0000000,1.0000,[],74
2.3067,3.2004,79.0450,0.6425422,O=C(NCC(=O)N1C[C@H](O)C[C@H]1C(=O)NCc1cccc(Cl)c1)c1ccc2cc(F)ccc2n1,1,COc1ccc([C@H](C)NC(=O)[C@@H]2C[C@@H](O)CN2C(=O)CNC(=O)c2ccc3cc(F)ccc3n2)c(Cl)c1,0.4955094,0.4955,0.7210884,0.7211,0.6906898,-9.0700,1.0000000,1.0000,[],74
2.3688,4.2413,74.0626,0.6117486,O=C(NCC(=O)N1C[C@H](O)C[C@H]1C(=O)N[C@@H](CO)c1cccc(Cl)c1)c1ccc2cc(F)ccc2n1,1,COc1ccc([C@H](C)NC(=O)[C@@H]2C[C@@H](O)CN2C(=O)CNC(=O)c2ccc3cc(F)ccc3n2)c(Cl)c1,0.3782864,0.3783,0.7432432,0.7432,0.7057813,-9.2100,1.0000000,1.0000,[],74
2.4070,4.6734,72.1043,0.5998256,O=C(NCC(=O)N1C[C@H](O)C[C@H]1C(=O)N[C@H](CO)c1cccc(Cl)c1)c1ccc2cc(F)ccc2n1,1,COc1ccc([C@H](C)NC(=O)[C@@H]2C[C@@H](O)CN2C(=O)CNC(=O)c2ccc3cc(F)ccc3n2)c(Cl)c1,0.3782864,0.3783,0.7432432,0.7432,0.6785380,-8.9600,1.0000000,1.0000,[],74
2.2972,4.0491,80.4208,0.6599210,CC(C)C(NC(=O)[C@@H]1C[C@@H](O)CN1C(=O)CNC(=O)c1ccc2cc(F)ccc2n1)c1ccccc1,1,COc1ccc([C@H](C)NC(=O)[C@@H]2C[C@@H](O)CN2C(=O)CNC(=O)c2ccc3cc(F)ccc3n2)c(Cl)c1,0.4695327,0.4695,0.7364865,0.7365,0.7405742,-9.5500,1.0000000,1.0000,[],75
2.2648,4.8186,79.3090,0.6572468,CC(NC(=O)[C@@H]1C[C@@H](O)CN1C(=O)CNC(=O)c1ccc2cc(F)ccc2n1)c1ccc(Cl)cc1,1,COc1ccc([C@H](C)NC(=O)[C@@H]2C[C@@H](O)CN2C(=O)CNC(=O)c2ccc3cc(F)ccc3n2)c(Cl)c1,0.4834885,0.4835,0.8014184,0.8014,0.6939597,-9.1000,1.0000000,1.0000,[],75
2.2482,4.5815,87.6685,0.7207036,CC(NC(=O)[C@@H]1C[C@@H](O)CN1C(=O)CNC(=O)c1ccc2cc(F)ccc2n1)c1ccccc1,1,COc1ccc([C@H](C)NC(=O)[C@@H]2C[C@@H](O)CN2C(=O)CNC(=O)c2ccc3cc(F)ccc3n2)c(Cl)c1,0.5163857,0.5164,0.7746479,0.7746,0.8212476,-10.4800,1.0000000,1.0000,[],75
2.2248,4.2698,85.5899,0.7020291,C[C@@H](NC(=O)[C@@H]1C[C@@H](O)CN1C(=O)CNC(=O)c1ccc2cc(F)ccc2n1)c1ccc(Cl)cc1,1,COc1ccc([C@H](C)NC(=O)[C@@H]2C[C@@H](O)CN2C(=O)CNC(=O)c2ccc3cc(F)ccc3n2)c(Cl)c1,0.4834885,0.4835,0.8014184,0.8014,0.7917488,-10.1100,1.0000000,1.0000,[],75
2.3197,3.4014,78.9213,0.6431466,O=C(NCC(=O)N1C[C@H](O)C[C@H]1C(=O)NC1CCCCC1)c1ccc2cc(F)ccc2n1,1,COc1ccc([C@H](C)NC(=O)[C@@H]2C[C@@H](O)CN2C(=O)CNC(=O)c2ccc3cc(F)ccc3n2)c(Cl)c1,0.6501268,0.6501,0.6184211,0.6184,0.6523473,-8.7300,1.0000000,1.0000,[],75
2.3273,4.3193,77.1913,0.6368017,O=C(NCC(=O)N1C[C@H](O)C[C@H]1C(=O)NCc1ccc(Cl)c(Cl)c1)c1ccc2cc(F)ccc2n1,1,COc1ccc([C@H](C)NC(=O)[C@@H]2C[C@@H](O)CN2C(=O)CNC(=O)c2ccc3cc(F)ccc3n2)c(Cl)c1,0.4640416,0.4640,0.7114094,0.7114,0.7057813,-9.2100,1.0000000,1.0000,[],75
2.2919,3.8934,81.8078,0.6695402,O=C(NCC(=O)N1C[C@H](O)C[C@H]1C(=O)NCc1ccc(Cl)cc1)c1ccc2cc(F)ccc2n1,1,COc1ccc([C@H](C)NC(=O)[C@@H]2C[C@@H](O)CN2C(=O)CNC(=O)c2ccc3cc(F)ccc3n2)c(Cl)c1,0.4955094,0.4955,0.7260274,0.7260,0.7473962,-9.6200,1.0000000,1.0000,[],75
2.3109,3.2004,79.0450,0.6425422,O=C(NCC(=O)N1C[C@H](O)C[C@H]1C(=O)NCc1cccc(Cl)c1)c1ccc2cc(F)ccc2n1,1,COc1ccc([C@H](C)NC(=O)[C@@H]2C[C@@H](O)CN2C(=O)CNC(=O)c2ccc3cc(F)ccc3n2)c(Cl)c1,0.4955094,0.4955,0.7210884,0.7211,0.6906898,-9.0700,1.0000000,1.0000,[],75
2.3576,4.2413,74.0626,0.6117486,O=C(NCC(=O)N1C[C@H](O)C[C@H]1C(=O)N[C@@H](CO)c1cccc(Cl)c1)c1ccc2cc(F)ccc2n1,1,COc1ccc([C@H](C)NC(=O)[C@@H]2C[C@@H](O)CN2C(=O)CNC(=O)c2ccc3cc(F)ccc3n2)c(Cl)c1,0.3782864,0.3783,0.7432432,0.7432,0.7057813,-9.2100,1.0000000,1.0000,[],75
2.4019,4.6734,72.1043,0.5998256,O=C(NCC(=O)N1C[C@H](O)C[C@H]1C(=O)N[C@H](CO)c1cccc(Cl)c1)c1ccc2cc(F)ccc2n1,1,COc1ccc([C@H](C)NC(=O)[C@@H]2C[C@@H](O)CN2C(=O)CNC(=O)c2ccc3cc(F)ccc3n2)c(Cl)c1,0.3782864,0.3783,0.7432432,0.7432,0.6785380,-8.9600,1.0000000,1.0000,[],75
2.2839,4.0491,80.4208,0.6599210,CC(C)C(NC(=O)[C@@H]1C[C@@H](O)CN1C(=O)CNC(=O)c1ccc2cc(F)ccc2n1)c1ccccc1,1,COc1ccc([C@H](C)NC(=O)[C@@H]2C[C@@H](O)CN2C(=O)CNC(=O)c2ccc3cc(F)ccc3n2)c(Cl)c1,0.4695327,0.4695,0.7364865,0.7365,0.7405742,-9.5500,1.0000000,1.0000,[],76
2.3902,4.8186,79.3090,0.6572468,CC(NC(=O)[C@@H]1C[C@@H](O)CN1C(=O)CNC(=O)c1ccc2cc(F)ccc2n1)c1ccc(Cl)cc1,1,COc1ccc([C@H](C)NC(=O)[C@@H]2C[C@@H](O)CN2C(=O)CNC(=O)c2ccc3cc(F)ccc3n2)c(Cl)c1,0.4834885,0.4835,0.8014184,0.8014,0.6939597,-9.1000,1.0000000,1.0000,[],76
2.1588,4.5815,87.6685,0.7207036,CC(NC(=O)[C@@H]1C[C@@H](O)CN1C(=O)CNC(=O)c1ccc2cc(F)ccc2n1)c1ccccc1,1,COc1ccc([C@H](C)NC(=O)[C@@H]2C[C@@H](O)CN2C(=O)CNC(=O)c2ccc3cc(F)ccc3n2)c(Cl)c1,0.5163857,0.5164,0.7746479,0.7746,0.8212476,-10.4800,1.0000000,1.0000,[],76
2.2354,4.2698,85.5899,0.7020291,C[C@@H](NC(=O)[C@@H]1C[C@@H](O)CN1C(=O)CNC(=O)c1ccc2cc(F)ccc2n1)c1ccc(Cl)cc1,1,COc1ccc([C@H](C)NC(=O)[C@@H]2C[C@@H](O)CN2C(=O)CNC(=O)c2ccc3cc(F)ccc3n2)c(Cl)c1,0.4834885,0.4835,0.8014184,0.8014,0.7917488,-10.1100,1.0000000,1.0000,[],76
2.3091,3.4014,78.9213,0.6431466,O=C(NCC(=O)N1C[C@H](O)C[C@H]1C(=O)NC1CCCCC1)c1ccc2cc(F)ccc2n1,1,COc1ccc([C@H](C)NC(=O)[C@@H]2C[C@@H](O)CN2C(=O)CNC(=O)c2ccc3cc(F)ccc3n2)c(Cl)c1,0.6501268,0.6501,0.6184211,0.6184,0.6523473,-8.7300,1.0000000,1.0000,[],76
2.3428,4.3193,77.1913,0.6368017,O=C(NCC(=O)N1C[C@H](O)C[C@H]1C(=O)NCc1ccc(Cl)c(Cl)c1)c1ccc2cc(F)ccc2n1,1,COc1ccc([C@H](C)NC(=O)[C@@H]2C[C@@H](O)CN2C(=O)CNC(=O)c2ccc3cc(F)ccc3n2)c(Cl)c1,0.4640416,0.4640,0.7114094,0.7114,0.7057813,-9.2100,1.0000000,1.0000,[],76
2.2922,3.8934,81.8078,0.6695402,O=C(NCC(=O)N1C[C@H](O)C[C@H]1C(=O)NCc1ccc(Cl)cc1)c1ccc2cc(F)ccc2n1,1,COc1ccc([C@H](C)NC(=O)[C@@H]2C[C@@H](O)CN2C(=O)CNC(=O)c2ccc3cc(F)ccc3n2)c(Cl)c1,0.4955094,0.4955,0.7260274,0.7260,0.7473962,-9.6200,1.0000000,1.0000,[],76
2.2938,3.2004,79.0450,0.6425422,O=C(NCC(=O)N1C[C@H](O)C[C@H]1C(=O)NCc1cccc(Cl)c1)c1ccc2cc(F)ccc2n1,1,COc1ccc([C@H](C)NC(=O)[C@@H]2C[C@@H](O)CN2C(=O)CNC(=O)c2ccc3cc(F)ccc3n2)c(Cl)c1,0.4955094,0.4955,0.7210884,0.7211,0.6906898,-9.0700,1.0000000,1.0000,[],76
2.3533,4.2413,74.0626,0.6117486,O=C(NCC(=O)N1C[C@H](O)C[C@H]1C(=O)N[C@@H](CO)c1cccc(Cl)c1)c1ccc2cc(F)ccc2n1,1,COc1ccc([C@H](C)NC(=O)[C@@H]2C[C@@H](O)CN2C(=O)CNC(=O)c2ccc3cc(F)ccc3n2)c(Cl)c1,0.3782864,0.3783,0.7432432,0.7432,0.7057813,-9.2100,1.0000000,1.0000,[],76
2.3958,4.6734,72.1043,0.5998256,O=C(NCC(=O)N1C[C@H](O)C[C@H]1C(=O)N[C@H](CO)c1cccc(Cl)c1)c1ccc2cc(F)ccc2n1,1,COc1ccc([C@H](C)NC(=O)[C@@H]2C[C@@H](O)CN2C(=O)CNC(=O)c2ccc3cc(F)ccc3n2)c(Cl)c1,0.3782864,0.3783,0.7432432,0.7432,0.6785380,-8.9600,1.0000000,1.0000,[],76
2.3090,4.0491,80.4208,0.6599210,CC(C)C(NC(=O)[C@@H]1C[C@@H](O)CN1C(=O)CNC(=O)c1ccc2cc(F)ccc2n1)c1ccccc1,1,COc1ccc([C@H](C)NC(=O)[C@@H]2C[C@@H](O)CN2C(=O)CNC(=O)c2ccc3cc(F)ccc3n2)c(Cl)c1,0.4695327,0.4695,0.7364865,0.7365,0.7405742,-9.5500,1.0000000,1.0000,[],77
2.1883,4.8186,79.3090,0.6572468,CC(NC(=O)[C@@H]1C[C@@H](O)CN1C(=O)CNC(=O)c1ccc2cc(F)ccc2n1)c1ccc(Cl)cc1,1,COc1ccc([C@H](C)NC(=O)[C@@H]2C[C@@H](O)CN2C(=O)CNC(=O)c2ccc3cc(F)ccc3n2)c(Cl)c1,0.4834885,0.4835,0.8014184,0.8014,0.6939597,-9.1000,1.0000000,1.0000,[],77
2.3052,4.5815,87.6685,0.7207036,CC(NC(=O)[C@@H]1C[C@@H](O)CN1C(=O)CNC(=O)c1ccc2cc(F)ccc2n1)c1ccccc1,1,COc1ccc([C@H](C)NC(=O)[C@@H]2C[C@@H](O)CN2C(=O)CNC(=O)c2ccc3cc(F)ccc3n2)c(Cl)c1,0.5163857,0.5164,0.7746479,0.7746,0.8212476,-10.4800,1.0000000,1.0000,[],77
2.2286,4.2698,85.5899,0.7020291,C[C@@H](NC(=O)[C@@H]1C[C@@H](O)CN1C(=O)CNC(=O)c1ccc2cc(F)ccc2n1)c1ccc(Cl)cc1,1,COc1ccc([C@H](C)NC(=O)[C@@H]2C[C@@H](O)CN2C(=O)CNC(=O)c2ccc3cc(F)ccc3n2)c(Cl)c1,0.4834885,0.4835,0.8014184,0.8014,0.7917488,-10.1100,1.0000000,1.0000,[],77
2.3159,3.4014,78.9213,0.6431466,O=C(NCC(=O)N1C[C@H](O)C[C@H]1C(=O)NC1CCCCC1)c1ccc2cc(F)ccc2n1,1,COc1ccc([C@H](C)NC(=O)[C@@H]2C[C@@H](O)CN2C(=O)CNC(=O)c2ccc3cc(F)ccc3n2)c(Cl)c1,0.6501268,0.6501,0.6184211,0.6184,0.6523473,-8.7300,1.0000000,1.0000,[],77
2.3290,4.3193,77.1913,0.6368017,O=C(NCC(=O)N1C[C@H](O)C[C@H]1C(=O)NCc1ccc(Cl)c(Cl)c1)c1ccc2cc(F)ccc2n1,1,COc1ccc([C@H](C)NC(=O)[C@@H]2C[C@@H](O)CN2C(=O)CNC(=O)c2ccc3cc(F)ccc3n2)c(Cl)c1,0.4640416,0.4640,0.7114094,0.7114,0.7057813,-9.2100,1.0000000,1.0000,[],77
2.2825,3.8934,81.8078,0.6695402,O=C(NCC(=O)N1C[C@H](O)C[C@H]1C(=O)NCc1ccc(Cl)cc1)c1ccc2cc(F)ccc2n1,1,COc1ccc([C@H](C)NC(=O)[C@@H]2C[C@@H](O)CN2C(=O)CNC(=O)c2ccc3cc(F)ccc3n2)c(Cl)c1,0.4955094,0.4955,0.7260274,0.7260,0.7473962,-9.6200,1.0000000,1.0000,[],77
2.3228,3.2004,79.0450,0.6425422,O=C(NCC(=O)N1C[C@H](O)C[C@H]1C(=O)NCc1cccc(Cl)c1)c1ccc2cc(F)ccc2n1,1,COc1ccc([C@H](C)NC(=O)[C@@H]2C[C@@H](O)CN2C(=O)CNC(=O)c2ccc3cc(F)ccc3n2)c(Cl)c1,0.4955094,0.4955,0.7210884,0.7211,0.6906898,-9.0700,1.0000000,1.0000,[],77
2.3640,4.2413,74.0626,0.6117486,O=C(NCC(=O)N1C[C@H](O)C[C@H]1C(=O)N[C@@H](CO)c1cccc(Cl)c1)c1ccc2cc(F)ccc2n1,1,COc1ccc([C@H](C)NC(=O)[C@@H]2C[C@@H](O)CN2C(=O)CNC(=O)c2ccc3cc(F)ccc3n2)c(Cl)c1,0.3782864,0.3783,0.7432432,0.7432,0.7057813,-9.2100,1.0000000,1.0000,[],77
2.4039,4.6734,72.1043,0.5998256,O=C(NCC(=O)N1C[C@H](O)C[C@H]1C(=O)N[C@H](CO)c1cccc(Cl)c1)c1ccc2cc(F)ccc2n1,1,COc1ccc([C@H](C)NC(=O)[C@@H]2C[C@@H](O)CN2C(=O)CNC(=O)c2ccc3cc(F)ccc3n2)c(Cl)c1,0.3782864,0.3783,0.7432432,0.7432,0.6785380,-8.9600,1.0000000,1.0000,[],77
2.2783,4.0491,80.4208,0.6599210,CC(C)C(NC(=O)[C@@H]1C[C@@H](O)CN1C(=O)CNC(=O)c1ccc2cc(F)ccc2n1)c1ccccc1,1,COc1ccc([C@H](C)NC(=O)[C@@H]2C[C@@H](O)CN2C(=O)CNC(=O)c2ccc3cc(F)ccc3n2)c(Cl)c1,0.4695327,0.4695,0.7364865,0.7365,0.7405742,-9.5500,1.0000000,1.0000,[],78
2.4607,4.8186,79.3090,0.6572468,CC(NC(=O)[C@@H]1C[C@@H](O)CN1C(=O)CNC(=O)c1ccc2cc(F)ccc2n1)c1ccc(Cl)cc1,1,COc1ccc([C@H](C)NC(=O)[C@@H]2C[C@@H](O)CN2C(=O)CNC(=O)c2ccc3cc(F)ccc3n2)c(Cl)c1,0.4834885,0.4835,0.8014184,0.8014,0.6939597,-9.1000,1.0000000,1.0000,[],78
2.1094,4.5815,87.6685,0.7207036,CC(NC(=O)[C@@H]1C[C@@H](O)CN1C(=O)CNC(=O)c1ccc2cc(F)ccc2n1)c1ccccc1,1,COc1ccc([C@H](C)NC(=O)[C@@H]2C[C@@H](O)CN2C(=O)CNC(=O)c2ccc3cc(F)ccc3n2)c(Cl)c1,0.5163857,0.5164,0.7746479,0.7746,0.8212476,-10.4800,1.0000000,1.0000,[],78
2.2510,4.2698,85.5899,0.7020291,C[C@@H](NC(=O)[C@@H]1C[C@@H](O)CN1C(=O)CNC(=O)c1ccc2cc(F)ccc2n1)c1ccc(Cl)cc1,1,COc1ccc([C@H](C)NC(=O)[C@@H]2C[C@@H](O)CN2C(=O)CNC(=O)c2ccc3cc(F)ccc3n2)c(Cl)c1,0.4834885,0.4835,0.8014184,0.8014,0.7917488,-10.1100,1.0000000,1.0000,[],78
2.3036,3.4014,78.9213,0.6431466,O=C(NCC(=O)N1C[C@H](O)C[C@H]1C(=O)NC1CCCCC1)c1ccc2cc(F)ccc2n1,1,COc1ccc([C@H](C)NC(=O)[C@@H]2C[C@@H](O)CN2C(=O)CNC(=O)c2ccc3cc(F)ccc3n2)c(Cl)c1,0.6501268,0.6501,0.6184211,0.6184,0.6523473,-8.7300,1.0000000,1.0000,[],78
2.3516,4.3193,77.1913,0.6368017,O=C(NCC(=O)N1C[C@H](O)C[C@H]1C(=O)NCc1ccc(Cl)c(Cl)c1)c1ccc2cc(F)ccc2n1,1,COc1ccc([C@H](C)NC(=O)[C@@H]2C[C@@H](O)CN2C(=O)CNC(=O)c2ccc3cc(F)ccc3n2)c(Cl)c1,0.4640416,0.4640,0.7114094,0.7114,0.7057813,-9.2100,1.0000000,1.0000,[],78
2.2597,3.8934,81.8078,0.6695402,O=C(NCC(=O)N1C[C@H](O)C[C@H]1C(=O)NCc1ccc(Cl)cc1)c1ccc2cc(F)ccc2n1,1,COc1ccc([C@H](C)NC(=O)[C@@H]2C[C@@H](O)CN2C(=O)CNC(=O)c2ccc3cc(F)ccc3n2)c(Cl)c1,0.4955094,0.4955,0.7260274,0.7260,0.7473962,-9.6200,1.0000000,1.0000,[],78
2.2860,3.2004,79.0450,0.6425422,O=C(NCC(=O)N1C[C@H](O)C[C@H]1C(=O)NCc1cccc(Cl)c1)c1ccc2cc(F)ccc2n1,1,COc1ccc([C@H](C)NC(=O)[C@@H]2C[C@@H](O)CN2C(=O)CNC(=O)c2ccc3cc(F)ccc3n2)c(Cl)c1,0.4955094,0.4955,0.7210884,0.7211,0.6906898,-9.0700,1.0000000,1.0000,[],78
2.3731,4.2413,74.0626,0.6117486,O=C(NCC(=O)N1C[C@H](O)C[C@H]1C(=O)N[C@@H](CO)c1cccc(Cl)c1)c1ccc2cc(F)ccc2n1,1,COc1ccc([C@H](C)NC(=O)[C@@H]2C[C@@H](O)CN2C(=O)CNC(=O)c2ccc3cc(F)ccc3n2)c(Cl)c1,0.3782864,0.3783,0.7432432,0.7432,0.7057813,-9.2100,1.0000000,1.0000,[],78
2.4013,4.6734,72.1043,0.5998256,O=C(NCC(=O)N1C[C@H](O)C[C@H]1C(=O)N[C@H](CO)c1cccc(Cl)c1)c1ccc2cc(F)ccc2n1,1,COc1ccc([C@H](C)NC(=O)[C@@H]2C[C@@H](O)CN2C(=O)CNC(=O)c2ccc3cc(F)ccc3n2)c(Cl)c1,0.3782864,0.3783,0.7432432,0.7432,0.6785380,-8.9600,1.0000000,1.0000,[],78
2.3119,4.0491,80.4208,0.6599210,CC(C)C(NC(=O)[C@@H]1C[C@@H](O)CN1C(=O)CNC(=O)c1ccc2cc(F)ccc2n1)c1ccccc1,1,COc1ccc([C@H](C)NC(=O)[C@@H]2C[C@@H](O)CN2C(=O)CNC(=O)c2ccc3cc(F)ccc3n2)c(Cl)c1,0.4695327,0.4695,0.7364865,0.7365,0.7405742,-9.5500,1.0000000,1.0000,[],79
2.1726,4.8186,79.3090,0.6572468,CC(NC(=O)[C@@H]1C[C@@H](O)CN1C(=O)CNC(=O)c1ccc2cc(F)ccc2n1)c1ccc(Cl)cc1,1,COc1ccc([C@H](C)NC(=O)[C@@H]2C[C@@H](O)CN2C(=O)CNC(=O)c2ccc3cc(F)ccc3n2)c(Cl)c1,0.4834885,0.4835,0.8014184,0.8014,0.6939597,-9.1000,1.0000000,1.0000,[],79
2.3099,4.5815,87.6685,0.7207036,CC(NC(=O)[C@@H]1C[C@@H](O)CN1C(=O)CNC(=O)c1ccc2cc(F)ccc2n1)c1ccccc1,1,COc1ccc([C@H](C)NC(=O)[C@@H]2C[C@@H](O)CN2C(=O)CNC(=O)c2ccc3cc(F)ccc3n2)c(Cl)c1,0.5163857,0.5164,0.7746479,0.7746,0.8212476,-10.4800,1.0000000,1.0000,[],79
2.2247,4.2698,85.5899,0.7020291,C[C@@H](NC(=O)[C@@H]1C[C@@H](O)CN1C(=O)CNC(=O)c1ccc2cc(F)ccc2n1)c1ccc(Cl)cc1,1,COc1ccc([C@H](C)NC(=O)[C@@H]2C[C@@H](O)CN2C(=O)CNC(=O)c2ccc3cc(F)ccc3n2)c(Cl)c1,0.4834885,0.4835,0.8014184,0.8014,0.7917488,-10.1100,1.0000000,1.0000,[],79
2.3199,3.4014,78.9213,0.6431466,O=C(NCC(=O)N1C[C@H](O)C[C@H]1C(=O)NC1CCCCC1)c1ccc2cc(F)ccc2n1,1,COc1ccc([C@H](C)NC(=O)[C@@H]2C[C@@H](O)CN2C(=O)CNC(=O)c2ccc3cc(F)ccc3n2)c(Cl)c1,0.6501268,0.6501,0.6184211,0.6184,0.6523473,-8.7300,1.0000000,1.0000,[],79
2.3120,4.3193,77.1913,0.6368017,O=C(NCC(=O)N1C[C@H](O)C[C@H]1C(=O)NCc1ccc(Cl)c(Cl)c1)c1ccc2cc(F)ccc2n1,1,COc1ccc([C@H](C)NC(=O)[C@@H]2C[C@@H](O)CN2C(=O)CNC(=O)c2ccc3cc(F)ccc3n2)c(Cl)c1,0.4640416,0.4640,0.7114094,0.7114,0.7057813,-9.2100,1.0000000,1.0000,[],79
2.2754,3.8934,81.8078,0.6695402,O=C(NCC(=O)N1C[C@H](O)C[C@H]1C(=O)NCc1ccc(Cl)cc1)c1ccc2cc(F)ccc2n1,1,COc1ccc([C@H](C)NC(=O)[C@@H]2C[C@@H](O)CN2C(=O)CNC(=O)c2ccc3cc(F)ccc3n2)c(Cl)c1,0.4955094,0.4955,0.7260274,0.7260,0.7473962,-9.6200,1.0000000,1.0000,[],79
2.3358,3.2004,79.0450,0.6425422,O=C(NCC(=O)N1C[C@H](O)C[C@H]1C(=O)NCc1cccc(Cl)c1)c1ccc2cc(F)ccc2n1,1,COc1ccc([C@H](C)NC(=O)[C@@H]2C[C@@H](O)CN2C(=O)CNC(=O)c2ccc3cc(F)ccc3n2)c(Cl)c1,0.4955094,0.4955,0.7210884,0.7211,0.6906898,-9.0700,1.0000000,1.0000,[],79
2.3833,4.2413,74.0626,0.6117486,O=C(NCC(=O)N1C[C@H](O)C[C@H]1C(=O)N[C@@H](CO)c1cccc(Cl)c1)c1ccc2cc(F)ccc2n1,1,COc1ccc([C@H](C)NC(=O)[C@@H]2C[C@@H](O)CN2C(=O)CNC(=O)c2ccc3cc(F)ccc3n2)c(Cl)c1,0.3782864,0.3783,0.7432432,0.7432,0.7057813,-9.2100,1.0000000,1.0000,[],79
2.4077,4.6734,72.1043,0.5998256,O=C(NCC(=O)N1C[C@H](O)C[C@H]1C(=O)N[C@H](CO)c1cccc(Cl)c1)c1ccc2cc(F)ccc2n1,1,COc1ccc([C@H](C)NC(=O)[C@@H]2C[C@@H](O)CN2C(=O)CNC(=O)c2ccc3cc(F)ccc3n2)c(Cl)c1,0.3782864,0.3783,0.7432432,0.7432,0.6785380,-8.9600,1.0000000,1.0000,[],79
2.2787,4.0491,80.4208,0.6599210,CC(C)C(NC(=O)[C@@H]1C[C@@H](O)CN1C(=O)CNC(=O)c1ccc2cc(F)ccc2n1)c1ccccc1,1,COc1ccc([C@H](C)NC(=O)[C@@H]2C[C@@H](O)CN2C(=O)CNC(=O)c2ccc3cc(F)ccc3n2)c(Cl)c1,0.4695327,0.4695,0.7364865,0.7365,0.7405742,-9.5500,1.0000000,1.0000,[],80
2.3452,4.8186,79.3090,0.6572468,CC(NC(=O)[C@@H]1C[C@@H](O)CN1C(=O)CNC(=O)c1ccc2cc(F)ccc2n1)c1ccc(Cl)cc1,1,COc1ccc([C@H](C)NC(=O)[C@@H]2C[C@@H](O)CN2C(=O)CNC(=O)c2ccc3cc(F)ccc3n2)c(Cl)c1,0.4834885,0.4835,0.8014184,0.8014,0.6939597,-9.1000,1.0000000,1.0000,[],80
2.1955,4.5815,87.6685,0.7207036,CC(NC(=O)[C@@H]1C[C@@H](O)CN1C(=O)CNC(=O)c1ccc2cc(F)ccc2n1)c1ccccc1,1,COc1ccc([C@H](C)NC(=O)[C@@H]2C[C@@H](O)CN2C(=O)CNC(=O)c2ccc3cc(F)ccc3n2)c(Cl)c1,0.5163857,0.5164,0.7746479,0.7746,0.8212476,-10.4800,1.0000000,1.0000,[],80
2.2363,4.2698,85.5899,0.7020291,C[C@@H](NC(=O)[C@@H]1C[C@@H](O)CN1C(=O)CNC(=O)c1ccc2cc(F)ccc2n1)c1ccc(Cl)cc1,1,COc1ccc([C@H](C)NC(=O)[C@@H]2C[C@@H](O)CN2C(=O)CNC(=O)c2ccc3cc(F)ccc3n2)c(Cl)c1,0.4834885,0.4835,0.8014184,0.8014,0.7917488,-10.1100,1.0000000,1.0000,[],80
2.3043,3.4014,78.9213,0.6431466,O=C(NCC(=O)N1C[C@H](O)C[C@H]1C(=O)NC1CCCCC1)c1ccc2cc(F)ccc2n1,1,COc1ccc([C@H](C)NC(=O)[C@@H]2C[C@@H](O)CN2C(=O)CNC(=O)c2ccc3cc(F)ccc3n2)c(Cl)c1,0.6501268,0.6501,0.6184211,0.6184,0.6523473,-8.7300,1.0000000,1.0000,[],80
2.3305,4.3193,77.1913,0.6368017,O=C(NCC(=O)N1C[C@H](O)C[C@H]1C(=O)NCc1ccc(Cl)c(Cl)c1)c1ccc2cc(F)ccc2n1,1,COc1ccc([C@H](C)NC(=O)[C@@H]2C[C@@H](O)CN2C(=O)CNC(=O)c2ccc3cc(F)ccc3n2)c(Cl)c1,0.4640416,0.4640,0.7114094,0.7114,0.7057813,-9.2100,1.0000000,1.0000,[],80
2.2796,3.8934,81.8078,0.6695402,O=C(NCC(=O)N1C[C@H](O)C[C@H]1C(=O)NCc1ccc(Cl)cc1)c1ccc2cc(F)ccc2n1,1,COc1ccc([C@H](C)NC(=O)[C@@H]2C[C@@H](O)CN2C(=O)CNC(=O)c2ccc3cc(F)ccc3n2)c(Cl)c1,0.4955094,0.4955,0.7260274,0.7260,0.7473962,-9.6200,1.0000000,1.0000,[],80
2.3058,3.2004,79.0450,0.6425422,O=C(NCC(=O)N1C[C@H](O)C[C@H]1C(=O)NCc1cccc(Cl)c1)c1ccc2cc(F)ccc2n1,1,COc1ccc([C@H](C)NC(=O)[C@@H]2C[C@@H](O)CN2C(=O)CNC(=O)c2ccc3cc(F)ccc3n2)c(Cl)c1,0.4955094,0.4955,0.7210884,0.7211,0.6906898,-9.0700,1.0000000,1.0000,[],80
2.3787,4.2413,74.0626,0.6117486,O=C(NCC(=O)N1C[C@H](O)C[C@H]1C(=O)N[C@@H](CO)c1cccc(Cl)c1)c1ccc2cc(F)ccc2n1,1,COc1ccc([C@H](C)NC(=O)[C@@H]2C[C@@H](O)CN2C(=O)CNC(=O)c2ccc3cc(F)ccc3n2)c(Cl)c1,0.3782864,0.3783,0.7432432,0.7432,0.7057813,-9.2100,1.0000000,1.0000,[],80
2.3939,4.6734,72.1043,0.5998256,O=C(NCC(=O)N1C[C@H](O)C[C@H]1C(=O)N[C@H](CO)c1cccc(Cl)c1)c1ccc2cc(F)ccc2n1,1,COc1ccc([C@H](C)NC(=O)[C@@H]2C[C@@H](O)CN2C(=O)CNC(=O)c2ccc3cc(F)ccc3n2)c(Cl)c1,0.3782864,0.3783,0.7432432,0.7432,0.6785380,-8.9600,1.0000000,1.0000,[],80
2.2887,4.0491,80.4208,0.6599210,CC(C)C(NC(=O)[C@@H]1C[C@@H](O)CN1C(=O)CNC(=O)c1ccc2cc(F)ccc2n1)c1ccccc1,1,COc1ccc([C@H](C)NC(=O)[C@@H]2C[C@@H](O)CN2C(=O)CNC(=O)c2ccc3cc(F)ccc3n2)c(Cl)c1,0.4695327,0.4695,0.7364865,0.7365,0.7405742,-9.5500,1.0000000,1.0000,[],81
2.3941,4.8186,79.3090,0.6572468,CC(NC(=O)[C@@H]1C[C@@H](O)CN1C(=O)CNC(=O)c1ccc2cc(F)ccc2n1)c1ccc(Cl)cc1,1,COc1ccc([C@H](C)NC(=O)[C@@H]2C[C@@H](O)CN2C(=O)CNC(=O)c2ccc3cc(F)ccc3n2)c(Cl)c1,0.4834885,0.4835,0.8014184,0.8014,0.6939597,-9.1000,1.0000000,1.0000,[],81
2.1539,4.5815,87.6685,0.7207036,CC(NC(=O)[C@@H]1C[C@@H](O)CN1C(=O)CNC(=O)c1ccc2cc(F)ccc2n1)c1ccccc1,1,COc1ccc([C@H](C)NC(=O)[C@@H]2C[C@@H](O)CN2C(=O)CNC(=O)c2ccc3cc(F)ccc3n2)c(Cl)c1,0.5163857,0.5164,0.7746479,0.7746,0.8212476,-10.4800,1.0000000,1.0000,[],81
2.2339,4.2698,85.5899,0.7020291,C[C@@H](NC(=O)[C@@H]1C[C@@H](O)CN1C(=O)CNC(=O)c1ccc2cc(F)ccc2n1)c1ccc(Cl)cc1,1,COc1ccc([C@H](C)NC(=O)[C@@H]2C[C@@H](O)CN2C(=O)CNC(=O)c2ccc3cc(F)ccc3n2)c(Cl)c1,0.4834885,0.4835,0.8014184,0.8014,0.7917488,-10.1100,1.0000000,1.0000,[],81
2.3102,3.4014,78.9213,0.6431466,O=C(NCC(=O)N1C[C@H](O)C[C@H]1C(=O)NC1CCCCC1)c1ccc2cc(F)ccc2n1,1,COc1ccc([C@H](C)NC(=O)[C@@H]2C[C@@H](O)CN2C(=O)CNC(=O)c2ccc3cc(F)ccc3n2)c(Cl)c1,0.6501268,0.6501,0.6184211,0.6184,0.6523473,-8.7300,1.0000000,1.0000,[],81
2.3432,4.3193,77.1913,0.6368017,O=C(NCC(=O)N1C[C@H](O)C[C@H]1C(=O)NCc1ccc(Cl)c(Cl)c1)c1ccc2cc(F)ccc2n1,1,COc1ccc([C@H](C)NC(=O)[C@@H]2C[C@@H](O)CN2C(=O)CNC(=O)c2ccc3cc(F)ccc3n2)c(Cl)c1,0.4640416,0.4640,0.7114094,0.7114,0.7057813,-9.2100,1.0000000,1.0000,[],81
2.2815,3.8934,81.8078,0.6695402,O=C(NCC(=O)N1C[C@H](O)C[C@H]1C(=O)NCc1ccc(Cl)cc1)c1ccc2cc(F)ccc2n1,1,COc1ccc([C@H](C)NC(=O)[C@@H]2C[C@@H](O)CN2C(=O)CNC(=O)c2ccc3cc(F)ccc3n2)c(Cl)c1,0.4955094,0.4955,0.7260274,0.7260,0.7473962,-9.6200,1.0000000,1.0000,[],81
2.2924,3.2004,79.0450,0.6425422,O=C(NCC(=O)N1C[C@H](O)C[C@H]1C(=O)NCc1cccc(Cl)c1)c1ccc2cc(F)ccc2n1,1,COc1ccc([C@H](C)NC(=O)[C@@H]2C[C@@H](O)CN2C(=O)CNC(=O)c2ccc3cc(F)ccc3n2)c(Cl)c1,0.4955094,0.4955,0.7210884,0.7211,0.6906898,-9.0700,1.0000000,1.0000,[],81
2.3734,4.2413,74.0626,0.6117486,O=C(NCC(=O)N1C[C@H](O)C[C@H]1C(=O)N[C@@H](CO)c1cccc(Cl)c1)c1ccc2cc(F)ccc2n1,1,COc1ccc([C@H](C)NC(=O)[C@@H]2C[C@@H](O)CN2C(=O)CNC(=O)c2ccc3cc(F)ccc3n2)c(Cl)c1,0.3782864,0.3783,0.7432432,0.7432,0.7057813,-9.2100,1.0000000,1.0000,[],81
2.3854,4.6734,72.1043,0.5998256,O=C(NCC(=O)N1C[C@H](O)C[C@H]1C(=O)N[C@H](CO)c1cccc(Cl)c1)c1ccc2cc(F)ccc2n1,1,COc1ccc([C@H](C)NC(=O)[C@@H]2C[C@@H](O)CN2C(=O)CNC(=O)c2ccc3cc(F)ccc3n2)c(Cl)c1,0.3782864,0.3783,0.7432432,0.7432,0.6785380,-8.9600,1.0000000,1.0000,[],81
2.3251,4.0491,80.4208,0.6599210,CC(C)C(NC(=O)[C@@H]1C[C@@H](O)CN1C(=O)CNC(=O)c1ccc2cc(F)ccc2n1)c1ccccc1,1,COc1ccc([C@H](C)NC(=O)[C@@H]2C[C@@H](O)CN2C(=O)CNC(=O)c2ccc3cc(F)ccc3n2)c(Cl)c1,0.4695327,0.4695,0.7364865,0.7365,0.7405742,-9.5500,1.0000000,1.0000,[],82
2.2150,4.8186,79.3090,0.6572468,CC(NC(=O)[C@@H]1C[C@@H](O)CN1C(=O)CNC(=O)c1ccc2cc(F)ccc2n1)c1ccc(Cl)cc1,1,COc1ccc([C@H](C)NC(=O)[C@@H]2C[C@@H](O)CN2C(=O)CNC(=O)c2ccc3cc(F)ccc3n2)c(Cl)c1,0.4834885,0.4835,0.8014184,0.8014,0.6939597,-9.1000,1.0000000,1.0000,[],82
2.2622,4.5815,87.6685,0.7207036,CC(NC(=O)[C@@H]1C[C@@H](O)CN1C(=O)CNC(=O)c1ccc2cc(F)ccc2n1)c1ccccc1,1,COc1ccc([C@H](C)NC(=O)[C@@H]2C[C@@H](O)CN2C(=O)CNC(=O)c2ccc3cc(F)ccc3n2)c(Cl)c1,0.5163857,0.5164,0.7746479,0.7746,0.8212476,-10.4800,1.0000000,1.0000,[],82
2.2170,4.2698,85.5899,0.7020291,C[C@@H](NC(=O)[C@@H]1C[C@@H](O)CN1C(=O)CNC(=O)c1ccc2cc(F)ccc2n1)c1ccc(Cl)cc1,1,COc1ccc([C@H](C)NC(=O)[C@@H]2C[C@@H](O)CN2C(=O)CNC(=O)c2ccc3cc(F)ccc3n2)c(Cl)c1,0.4834885,0.4835,0.8014184,0.8014,0.7917488,-10.1100,1.0000000,1.0000,[],82
2.3262,3.4014,78.9213,0.6431466,O=C(NCC(=O)N1C[C@H](O)C[C@H]1C(=O)NC1CCCCC1)c1ccc2cc(F)ccc2n1,1,COc1ccc([C@H](C)NC(=O)[C@@H]2C[C@@H](O)CN2C(=O)CNC(=O)c2ccc3cc(F)ccc3n2)c(Cl)c1,0.6501268,0.6501,0.6184211,0.6184,0.6523473,-8.7300,1.0000000,1.0000,[],82
2.3266,4.3193,77.1913,0.6368017,O=C(NCC(=O)N1C[C@H](O)C[C@H]1C(=O)NCc1ccc(Cl)c(Cl)c1)c1ccc2cc(F)ccc2n1,1,COc1ccc([C@H](C)NC(=O)[C@@H]2C[C@@H](O)CN2C(=O)CNC(=O)c2ccc3cc(F)ccc3n2)c(Cl)c1,0.4640416,0.4640,0.7114094,0.7114,0.7057813,-9.2100,1.0000000,1.0000,[],82
2.2858,3.8934,81.8078,0.6695402,O=C(NCC(=O)N1C[C@H](O)C[C@H]1C(=O)NCc1ccc(Cl)cc1)c1ccc2cc(F)ccc2n1,1,COc1ccc([C@H](C)NC(=O)[C@@H]2C[C@@H](O)CN2C(=O)CNC(=O)c2ccc3cc(F)ccc3n2)c(Cl)c1,0.4955094,0.4955,0.7260274,0.7260,0.7473962,-9.6200,1.0000000,1.0000,[],82
2.3249,3.2004,79.0450,0.6425422,O=C(NCC(=O)N1C[C@H](O)C[C@H]1C(=O)NCc1cccc(Cl)c1)c1ccc2cc(F)ccc2n1,1,COc1ccc([C@H](C)NC(=O)[C@@H]2C[C@@H](O)CN2C(=O)CNC(=O)c2ccc3cc(F)ccc3n2)c(Cl)c1,0.4955094,0.4955,0.7210884,0.7211,0.6906898,-9.0700,1.0000000,1.0000,[],82
2.3747,4.2413,74.0626,0.6117486,O=C(NCC(=O)N1C[C@H](O)C[C@H]1C(=O)N[C@@H](CO)c1cccc(Cl)c1)c1ccc2cc(F)ccc2n1,1,COc1ccc([C@H](C)NC(=O)[C@@H]2C[C@@H](O)CN2C(=O)CNC(=O)c2ccc3cc(F)ccc3n2)c(Cl)c1,0.3782864,0.3783,0.7432432,0.7432,0.7057813,-9.2100,1.0000000,1.0000,[],82
2.3901,4.6734,72.1043,0.5998256,O=C(NCC(=O)N1C[C@H](O)C[C@H]1C(=O)N[C@H](CO)c1cccc(Cl)c1)c1ccc2cc(F)ccc2n1,1,COc1ccc([C@H](C)NC(=O)[C@@H]2C[C@@H](O)CN2C(=O)CNC(=O)c2ccc3cc(F)ccc3n2)c(Cl)c1,0.3782864,0.3783,0.7432432,0.7432,0.6785380,-8.9600,1.0000000,1.0000,[],82
2.2799,4.0491,80.4208,0.6599210,CC(C)C(NC(=O)[C@@H]1C[C@@H](O)CN1C(=O)CNC(=O)c1ccc2cc(F)ccc2n1)c1ccccc1,1,COc1ccc([C@H](C)NC(=O)[C@@H]2C[C@@H](O)CN2C(=O)CNC(=O)c2ccc3cc(F)ccc3n2)c(Cl)c1,0.4695327,0.4695,0.7364865,0.7365,0.7405742,-9.5500,1.0000000,1.0000,[],83
2.2872,4.8186,79.3090,0.6572468,CC(NC(=O)[C@@H]1C[C@@H](O)CN1C(=O)CNC(=O)c1ccc2cc(F)ccc2n1)c1ccc(Cl)cc1,1,COc1ccc([C@H](C)NC(=O)[C@@H]2C[C@@H](O)CN2C(=O)CNC(=O)c2ccc3cc(F)ccc3n2)c(Cl)c1,0.4834885,0.4835,0.8014184,0.8014,0.6939597,-9.1000,1.0000000,1.0000,[],83
2.2451,4.5815,87.6685,0.7207036,CC(NC(=O)[C@@H]1C[C@@H](O)CN1C(=O)CNC(=O)c1ccc2cc(F)ccc2n1)c1ccccc1,1,COc1ccc([C@H](C)NC(=O)[C@@H]2C[C@@H](O)CN2C(=O)CNC(=O)c2ccc3cc(F)ccc3n2)c(Cl)c1,0.5163857,0.5164,0.7746479,0.7746,0.8212476,-10.4800,1.0000000,1.0000,[],83
2.2398,4.2698,85.5899,0.7020291,C[C@@H](NC(=O)[C@@H]1C[C@@H](O)CN1C(=O)CNC(=O)c1ccc2cc(F)ccc2n1)c1ccc(Cl)cc1,1,COc1ccc([C@H](C)NC(=O)[C@@H]2C[C@@H](O)CN2C(=O)CNC(=O)c2ccc3cc(F)ccc3n2)c(Cl)c1,0.4834885,0.4835,0.8014184,0.8014,0.7917488,-10.1100,1.0000000,1.0000,[],83
2.3050,3.4014,78.9213,0.6431466,O=C(NCC(=O)N1C[C@H](O)C[C@H]1C(=O)NC1CCCCC1)c1ccc2cc(F)ccc2n1,1,COc1ccc([C@H](C)NC(=O)[C@@H]2C[C@@H](O)CN2C(=O)CNC(=O)c2ccc3cc(F)ccc3n2)c(Cl)c1,0.6501268,0.6501,0.6184211,0.6184,0.6523473,-8.7300,1.0000000,1.0000,[],83
2.3378,4.3193,77.1913,0.6368017,O=C(NCC(=O)N1C[C@H](O)C[C@H]1C(=O)NCc1ccc(Cl)c(Cl)c1)c1ccc2cc(F)ccc2n1,1,COc1ccc([C@H](C)NC(=O)[C@@H]2C[C@@H](O)CN2C(=O)CNC(=O)c2ccc3cc(F)ccc3n2)c(Cl)c1,0.4640416,0.4640,0.7114094,0.7114,0.7057813,-9.2100,1.0000000,1.0000,[],83
2.2750,3.8934,81.8078,0.6695402,O=C(NCC(=O)N1C[C@H](O)C[C@H]1C(=O)NCc1ccc(Cl)cc1)c1ccc2cc(F)ccc2n1,1,COc1ccc([C@H](C)NC(=O)[C@@H]2C[C@@H](O)CN2C(=O)CNC(=O)c2ccc3cc(F)ccc3n2)c(Cl)c1,0.4955094,0.4955,0.7260274,0.7260,0.7473962,-9.6200,1.0000000,1.0000,[],83
2.3093,3.2004,79.0450,0.6425422,O=C(NCC(=O)N1C[C@H](O)C[C@H]1C(=O)NCc1cccc(Cl)c1)c1ccc2cc(F)ccc2n1,1,COc1ccc([C@H](C)NC(=O)[C@@H]2C[C@@H](O)CN2C(=O)CNC(=O)c2ccc3cc(F)ccc3n2)c(Cl)c1,0.4955094,0.4955,0.7210884,0.7211,0.6906898,-9.0700,1.0000000,1.0000,[],83
2.3734,4.2413,74.0626,0.6117486,O=C(NCC(=O)N1C[C@H](O)C[C@H]1C(=O)N[C@@H](CO)c1cccc(Cl)c1)c1ccc2cc(F)ccc2n1,1,COc1ccc([C@H](C)NC(=O)[C@@H]2C[C@@H](O)CN2C(=O)CNC(=O)c2ccc3cc(F)ccc3n2)c(Cl)c1,0.3782864,0.3783,0.7432432,0.7432,0.7057813,-9.2100,1.0000000,1.0000,[],83
2.3904,4.6734,72.1043,0.5998256,O=C(NCC(=O)N1C[C@H](O)C[C@H]1C(=O)N[C@H](CO)c1cccc(Cl)c1)c1ccc2cc(F)ccc2n1,1,COc1ccc([C@H](C)NC(=O)[C@@H]2C[C@@H](O)CN2C(=O)CNC(=O)c2ccc3cc(F)ccc3n2)c(Cl)c1,0.3782864,0.3783,0.7432432,0.7432,0.6785380,-8.9600,1.0000000,1.0000,[],83
2.2678,4.0491,80.4208,0.6599210,CC(C)C(NC(=O)[C@@H]1C[C@@H](O)CN1C(=O)CNC(=O)c1ccc2cc(F)ccc2n1)c1ccccc1,1,COc1ccc([C@H](C)NC(=O)[C@@H]2C[C@@H](O)CN2C(=O)CNC(=O)c2ccc3cc(F)ccc3n2)c(Cl)c1,0.4695327,0.4695,0.7364865,0.7365,0.7405742,-9.5500,1.0000000,1.0000,[],84
2.3841,4.8186,79.3090,0.6572468,CC(NC(=O)[C@@H]1C[C@@H](O)CN1C(=O)CNC(=O)c1ccc2cc(F)ccc2n1)c1ccc(Cl)cc1,1,COc1ccc([C@H](C)NC(=O)[C@@H]2C[C@@H](O)CN2C(=O)CNC(=O)c2ccc3cc(F)ccc3n2)c(Cl)c1,0.4834885,0.4835,0.8014184,0.8014,0.6939597,-9.1000,1.0000000,1.0000,[],84
2.1753,4.5815,87.6685,0.7207036,CC(NC(=O)[C@@H]1C[C@@H](O)CN1C(=O)CNC(=O)c1ccc2cc(F)ccc2n1)c1ccccc1,1,COc1ccc([C@H](C)NC(=O)[C@@H]2C[C@@H](O)CN2C(=O)CNC(=O)c2ccc3cc(F)ccc3n2)c(Cl)c1,0.5163857,0.5164,0.7746479,0.7746,0.8212476,-10.4800,1.0000000,1.0000,[],84
2.2501,4.2698,85.5899,0.7020291,C[C@@H](NC(=O)[C@@H]1C[C@@H](O)CN1C(=O)CNC(=O)c1ccc2cc(F)ccc2n1)c1ccc(Cl)cc1,1,COc1ccc([C@H](C)NC(=O)[C@@H]2C[C@@H](O)CN2C(=O)CNC(=O)c2ccc3cc(F)ccc3n2)c(Cl)c1,0.4834885,0.4835,0.8014184,0.8014,0.7917488,-10.1100,1.0000000,1.0000,[],84
2.3025,3.4014,78.9213,0.6431466,O=C(NCC(=O)N1C[C@H](O)C[C@H]1C(=O)NC1CCCCC1)c1ccc2cc(F)ccc2n1,1,COc1ccc([C@H](C)NC(=O)[C@@H]2C[C@@H](O)CN2C(=O)CNC(=O)c2ccc3cc(F)ccc3n2)c(Cl)c1,0.6501268,0.6501,0.6184211,0.6184,0.6523473,-8.7300,1.0000000,1.0000,[],84
2.3481,4.3193,77.1913,0.6368017,O=C(NCC(=O)N1C[C@H](O)C[C@H]1C(=O)NCc1ccc(Cl)c(Cl)c1)c1ccc2cc(F)ccc2n1,1,COc1ccc([C@H](C)NC(=O)[C@@H]2C[C@@H](O)CN2C(=O)CNC(=O)c2ccc3cc(F)ccc3n2)c(Cl)c1,0.4640416,0.4640,0.7114094,0.7114,0.7057813,-9.2100,1.0000000,1.0000,[],84
2.2687,3.8934,81.8078,0.6695402,O=C(NCC(=O)N1C[C@H](O)C[C@H]1C(=O)NCc1ccc(Cl)cc1)c1ccc2cc(F)ccc2n1,1,COc1ccc([C@H](C)NC(=O)[C@@H]2C[C@@H](O)CN2C(=O)CNC(=O)c2ccc3cc(F)ccc3n2)c(Cl)c1,0.4955094,0.4955,0.7260274,0.7260,0.7473962,-9.6200,1.0000000,1.0000,[],84
2.2868,3.2004,79.0450,0.6425422,O=C(NCC(=O)N1C[C@H](O)C[C@H]1C(=O)NCc1cccc(Cl)c1)c1ccc2cc(F)ccc2n1,1,COc1ccc([C@H](C)NC(=O)[C@@H]2C[C@@H](O)CN2C(=O)CNC(=O)c2ccc3cc(F)ccc3n2)c(Cl)c1,0.4955094,0.4955,0.7210884,0.7211,0.6906898,-9.0700,1.0000000,1.0000,[],84
2.3744,4.2413,74.0626,0.6117486,O=C(NCC(=O)N1C[C@H](O)C[C@H]1C(=O)N[C@@H](CO)c1cccc(Cl)c1)c1ccc2cc(F)ccc2n1,1,COc1ccc([C@H](C)NC(=O)[C@@H]2C[C@@H](O)CN2C(=O)CNC(=O)c2ccc3cc(F)ccc3n2)c(Cl)c1,0.3782864,0.3783,0.7432432,0.7432,0.7057813,-9.2100,1.0000000,1.0000,[],84
2.3959,4.6734,72.1043,0.5998256,O=C(NCC(=O)N1C[C@H](O)C[C@H]1C(=O)N[C@H](CO)c1cccc(Cl)c1)c1ccc2cc(F)ccc2n1,1,COc1ccc([C@H](C)NC(=O)[C@@H]2C[C@@H](O)CN2C(=O)CNC(=O)c2ccc3cc(F)ccc3n2)c(Cl)c1,0.3782864,0.3783,0.7432432,0.7432,0.6785380,-8.9600,1.0000000,1.0000,[],84
2.3234,4.0491,80.4208,0.6599210,CC(C)C(NC(=O)[C@@H]1C[C@@H](O)CN1C(=O)CNC(=O)c1ccc2cc(F)ccc2n1)c1ccccc1,1,COc1ccc([C@H](C)NC(=O)[C@@H]2C[C@@H](O)CN2C(=O)CNC(=O)c2ccc3cc(F)ccc3n2)c(Cl)c1,0.4695327,0.4695,0.7364865,0.7365,0.7405742,-9.5500,1.0000000,1.0000,[],85
2.3069,4.8186,79.3090,0.6572468,CC(NC(=O)[C@@H]1C[C@@H](O)CN1C(=O)CNC(=O)c1ccc2cc(F)ccc2n1)c1ccc(Cl)cc1,1,COc1ccc([C@H](C)NC(=O)[C@@H]2C[C@@H](O)CN2C(=O)CNC(=O)c2ccc3cc(F)ccc3n2)c(Cl)c1,0.4834885,0.4835,0.8014184,0.8014,0.6939597,-9.1000,1.0000000,1.0000,[],85
2.1675,4.5815,87.6685,0.7207036,CC(NC(=O)[C@@H]1C[C@@H](O)CN1C(=O)CNC(=O)c1ccc2cc(F)ccc2n1)c1ccccc1,1,COc1ccc([C@H](C)NC(=O)[C@@H]2C[C@@H](O)CN2C(=O)CNC(=O)c2ccc3cc(F)ccc3n2)c(Cl)c1,0.5163857,0.5164,0.7746479,0.7746,0.8212476,-10.4800,1.0000000,1.0000,[],85
2.2244,4.2698,85.5899,0.7020291,C[C@@H](NC(=O)[C@@H]1C[C@@H](O)CN1C(=O)CNC(=O)c1ccc2cc(F)ccc2n1)c1ccc(Cl)cc1,1,COc1ccc([C@H](C)NC(=O)[C@@H]2C[C@@H](O)CN2C(=O)CNC(=O)c2ccc3cc(F)ccc3n2)c(Cl)c1,0.4834885,0.4835,0.8014184,0.8014,0.7917488,-10.1100,1.0000000,1.0000,[],85
2.3241,3.4014,78.9213,0.6431466,O=C(NCC(=O)N1C[C@H](O)C[C@H]1C(=O)NC1CCCCC1)c1ccc2cc(F)ccc2n1,1,COc1ccc([C@H](C)NC(=O)[C@@H]2C[C@@H](O)CN2C(=O)CNC(=O)c2ccc3cc(F)ccc3n2)c(Cl)c1,0.6501268,0.6501,0.6184211,0.6184,0.6523473,-8.7300,1.0000000,1.0000,[],85
2.3265,4.3193,77.1913,0.6368017,O=C(NCC(=O)N1C[C@H](O)C[C@H]1C(=O)NCc1ccc(Cl)c(Cl)c1)c1ccc2cc(F)ccc2n1,1,COc1ccc([C@H](C)NC(=O)[C@@H]2C[C@@H](O)CN2C(=O)CNC(=O)c2ccc3cc(F)ccc3n2)c(Cl)c1,0.4640416,0.4640,0.7114094,0.7114,0.7057813,-9.2100,1.0000000,1.0000,[],85
2.2814,3.8934,81.8078,0.6695402,O=C(NCC(=O)N1C[C@H](O)C[C@H]1C(=O)NCc1ccc(Cl)cc1)c1ccc2cc(F)ccc2n1,1,COc1ccc([C@H](C)NC(=O)[C@@H]2C[C@@H](O)CN2C(=O)CNC(=O)c2ccc3cc(F)ccc3n2)c(Cl)c1,0.4955094,0.4955,0.7260274,0.7260,0.7473962,-9.6200,1.0000000,1.0000,[],85
2.3133,3.2004,79.0450,0.6425422,O=C(NCC(=O)N1C[C@H](O)C[C@H]1C(=O)NCc1cccc(Cl)c1)c1ccc2cc(F)ccc2n1,1,COc1ccc([C@H](C)NC(=O)[C@@H]2C[C@@H](O)CN2C(=O)CNC(=O)c2ccc3cc(F)ccc3n2)c(Cl)c1,0.4955094,0.4955,0.7210884,0.7211,0.6906898,-9.0700,1.0000000,1.0000,[],85
2.3781,4.2413,74.0626,0.6117486,O=C(NCC(=O)N1C[C@H](O)C[C@H]1C(=O)N[C@@H](CO)c1cccc(Cl)c1)c1ccc2cc(F)ccc2n1,1,COc1ccc([C@H](C)NC(=O)[C@@H]2C[C@@H](O)CN2C(=O)CNC(=O)c2ccc3cc(F)ccc3n2)c(Cl)c1,0.3782864,0.3783,0.7432432,0.7432,0.7057813,-9.2100,1.0000000,1.0000,[],85
2.4077,4.6734,72.1043,0.5998256,O=C(NCC(=O)N1C[C@H](O)C[C@H]1C(=O)N[C@H](CO)c1cccc(Cl)c1)c1ccc2cc(F)ccc2n1,1,COc1ccc([C@H](C)NC(=O)[C@@H]2C[C@@H](O)CN2C(=O)CNC(=O)c2ccc3cc(F)ccc3n2)c(Cl)c1,0.3782864,0.3783,0.7432432,0.7432,0.6785380,-8.9600,1.0000000,1.0000,[],85
2.3070,4.0491,80.4208,0.6599210,CC(C)C(NC(=O)[C@@H]1C[C@@H](O)CN1C(=O)CNC(=O)c1ccc2cc(F)ccc2n1)c1ccccc1,1,COc1ccc([C@H](C)NC(=O)[C@@H]2C[C@@H](O)CN2C(=O)CNC(=O)c2ccc3cc(F)ccc3n2)c(Cl)c1,0.4695327,0.4695,0.7364865,0.7365,0.7405742,-9.5500,1.0000000,1.0000,[],86
2.2550,4.8186,79.3090,0.6572468,CC(NC(=O)[C@@H]1C[C@@H](O)CN1C(=O)CNC(=O)c1ccc2cc(F)ccc2n1)c1ccc(Cl)cc1,1,COc1ccc([C@H](C)NC(=O)[C@@H]2C[C@@H](O)CN2C(=O)CNC(=O)c2ccc3cc(F)ccc3n2)c(Cl)c1,0.4834885,0.4835,0.8014184,0.8014,0.6939597,-9.1000,1.0000000,1.0000,[],86
2.2343,4.5815,87.6685,0.7207036,CC(NC(=O)[C@@H]1C[C@@H](O)CN1C(=O)CNC(=O)c1ccc2cc(F)ccc2n1)c1ccccc1,1,COc1ccc([C@H](C)NC(=O)[C@@H]2C[C@@H](O)CN2C(=O)CNC(=O)c2ccc3cc(F)ccc3n2)c(Cl)c1,0.5163857,0.5164,0.7746479,0.7746,0.8212476,-10.4800,1.0000000,1.0000,[],86
2.2235,4.2698,85.5899,0.7020291,C[C@@H](NC(=O)[C@@H]1C[C@@H](O)CN1C(=O)CNC(=O)c1ccc2cc(F)ccc2n1)c1ccc(Cl)cc1,1,COc1ccc([C@H](C)NC(=O)[C@@H]2C[C@@H](O)CN2C(=O)CNC(=O)c2ccc3cc(F)ccc3n2)c(Cl)c1,0.4834885,0.4835,0.8014184,0.8014,0.7917488,-10.1100,1.0000000,1.0000,[],86
2.3122,3.4014,78.9213,0.6431466,O=C(NCC(=O)N1C[C@H](O)C[C@H]1C(=O)NC1CCCCC1)c1ccc2cc(F)ccc2n1,1,COc1ccc([C@H](C)NC(=O)[C@@H]2C[C@@H](O)CN2C(=O)CNC(=O)c2ccc3cc(F)ccc3n2)c(Cl)c1,0.6501268,0.6501,0.6184211,0.6184,0.6523473,-8.7300,1.0000000,1.0000,[],86
2.3097,4.3193,77.1913,0.6368017,O=C(NCC(=O)N1C[C@H](O)C[C@H]1C(=O)NCc1ccc(Cl)c(Cl)c1)c1ccc2cc(F)ccc2n1,1,COc1ccc([C@H](C)NC(=O)[C@@H]2C[C@@H](O)CN2C(=O)CNC(=O)c2ccc3cc(F)ccc3n2)c(Cl)c1,0.4640416,0.4640,0.7114094,0.7114,0.7057813,-9.2100,1.0000000,1.0000,[],86
2.2858,3.8934,81.8078,0.6695402,O=C(NCC(=O)N1C[C@H](O)C[C@H]1C(=O)NCc1ccc(Cl)cc1)c1ccc2cc(F)ccc2n1,1,COc1ccc([C@H](C)NC(=O)[C@@H]2C[C@@H](O)CN2C(=O)CNC(=O)c2ccc3cc(F)ccc3n2)c(Cl)c1,0.4955094,0.4955,0.7260274,0.7260,0.7473962,-9.6200,1.0000000,1.0000,[],86
2.3398,3.2004,79.0450,0.6425422,O=C(NCC(=O)N1C[C@H](O)C[C@H]1C(=O)NCc1cccc(Cl)c1)c1ccc2cc(F)ccc2n1,1,COc1ccc([C@H](C)NC(=O)[C@@H]2C[C@@H](O)CN2C(=O)CNC(=O)c2ccc3cc(F)ccc3n2)c(Cl)c1,0.4955094,0.4955,0.7210884,0.7211,0.6906898,-9.0700,1.0000000,1.0000,[],86
2.3730,4.2413,74.0626,0.6117486,O=C(NCC(=O)N1C[C@H](O)C[C@H]1C(=O)N[C@@H](CO)c1cccc(Cl)c1)c1ccc2cc(F)ccc2n1,1,COc1ccc([C@H](C)NC(=O)[C@@H]2C[C@@H](O)CN2C(=O)CNC(=O)c2ccc3cc(F)ccc3n2)c(Cl)c1,0.3782864,0.3783,0.7432432,0.7432,0.7057813,-9.2100,1.0000000,1.0000,[],86
2.4063,4.6734,72.1043,0.5998256,O=C(NCC(=O)N1C[C@H](O)C[C@H]1C(=O)N[C@H](CO)c1cccc(Cl)c1)c1ccc2cc(F)ccc2n1,1,COc1ccc([C@H](C)NC(=O)[C@@H]2C[C@@H](O)CN2C(=O)CNC(=O)c2ccc3cc(F)ccc3n2)c(Cl)c1,0.3782864,0.3783,0.7432432,0.7432,0.6785380,-8.9600,1.0000000,1.0000,[],86
2.2560,4.0491,80.4208,0.6599210,CC(C)C(NC(=O)[C@@H]1C[C@@H](O)CN1C(=O)CNC(=O)c1ccc2cc(F)ccc2n1)c1ccccc1,1,COc1ccc([C@H](C)NC(=O)[C@@H]2C[C@@H](O)CN2C(=O)CNC(=O)c2ccc3cc(F)ccc3n2)c(Cl)c1,0.4695327,0.4695,0.7364865,0.7365,0.7405742,-9.5500,1.0000000,1.0000,[],87
2.3139,4.8186,79.3090,0.6572468,CC(NC(=O)[C@@H]1C[C@@H](O)CN1C(=O)CNC(=O)c1ccc2cc(F)ccc2n1)c1ccc(Cl)cc1,1,COc1ccc([C@H](C)NC(=O)[C@@H]2C[C@@H](O)CN2C(=O)CNC(=O)c2ccc3cc(F)ccc3n2)c(Cl)c1,0.4834885,0.4835,0.8014184,0.8014,0.6939597,-9.1000,1.0000000,1.0000,[],87
2.2555,4.5815,87.6685,0.7207036,CC(NC(=O)[C@@H]1C[C@@H](O)CN1C(=O)CNC(=O)c1ccc2cc(F)ccc2n1)c1ccccc1,1,COc1ccc([C@H](C)NC(=O)[C@@H]2C[C@@H](O)CN2C(=O)CNC(=O)c2ccc3cc(F)ccc3n2)c(Cl)c1,0.5163857,0.5164,0.7746479,0.7746,0.8212476,-10.4800,1.0000000,1.0000,[],87
2.2479,4.2698,85.5899,0.7020291,C[C@@H](NC(=O)[C@@H]1C[C@@H](O)CN1C(=O)CNC(=O)c1ccc2cc(F)ccc2n1)c1ccc(Cl)cc1,1,COc1ccc([C@H](C)NC(=O)[C@@H]2C[C@@H](O)CN2C(=O)CNC(=O)c2ccc3cc(F)ccc3n2)c(Cl)c1,0.4834885,0.4835,0.8014184,0.8014,0.7917488,-10.1100,1.0000000,1.0000,[],87
2.2971,3.4014,78.9213,0.6431466,O=C(NCC(=O)N1C[C@H](O)C[C@H]1C(=O)NC1CCCCC1)c1ccc2cc(F)ccc2n1,1,COc1ccc([C@H](C)NC(=O)[C@@H]2C[C@@H](O)CN2C(=O)CNC(=O)c2ccc3cc(F)ccc3n2)c(Cl)c1,0.6501268,0.6501,0.6184211,0.6184,0.6523473,-8.7300,1.0000000,1.0000,[],87
2.3293,4.3193,77.1913,0.6368017,O=C(NCC(=O)N1C[C@H](O)C[C@H]1C(=O)NCc1ccc(Cl)c(Cl)c1)c1ccc2cc(F)ccc2n1,1,COc1ccc([C@H](C)NC(=O)[C@@H]2C[C@@H](O)CN2C(=O)CNC(=O)c2ccc3cc(F)ccc3n2)c(Cl)c1,0.4640416,0.4640,0.7114094,0.7114,0.7057813,-9.2100,1.0000000,1.0000,[],87
2.2670,3.8934,81.8078,0.6695402,O=C(NCC(=O)N1C[C@H](O)C[C@H]1C(=O)NCc1ccc(Cl)cc1)c1ccc2cc(F)ccc2n1,1,COc1ccc([C@H](C)NC(=O)[C@@H]2C[C@@H](O)CN2C(=O)CNC(=O)c2ccc3cc(F)ccc3n2)c(Cl)c1,0.4955094,0.4955,0.7260274,0.7260,0.7473962,-9.6200,1.0000000,1.0000,[],87
2.3170,3.2004,79.0450,0.6425422,O=C(NCC(=O)N1C[C@H](O)C[C@H]1C(=O)NCc1cccc(Cl)c1)c1ccc2cc(F)ccc2n1,1,COc1ccc([C@H](C)NC(=O)[C@@H]2C[C@@H](O)CN2C(=O)CNC(=O)c2ccc3cc(F)ccc3n2)c(Cl)c1,0.4955094,0.4955,0.7210884,0.7211,0.6906898,-9.0700,1.0000000,1.0000,[],87
2.3628,4.2413,74.0626,0.6117486,O=C(NCC(=O)N1C[C@H](O)C[C@H]1C(=O)N[C@@H](CO)c1cccc(Cl)c1)c1ccc2cc(F)ccc2n1,1,COc1ccc([C@H](C)NC(=O)[C@@H]2C[C@@H](O)CN2C(=O)CNC(=O)c2ccc3cc(F)ccc3n2)c(Cl)c1,0.3782864,0.3783,0.7432432,0.7432,0.7057813,-9.2100,1.0000000,1.0000,[],87
2.3960,4.6734,72.1043,0.5998256,O=C(NCC(=O)N1C[C@H](O)C[C@H]1C(=O)N[C@H](CO)c1cccc(Cl)c1)c1ccc2cc(F)ccc2n1,1,COc1ccc([C@H](C)NC(=O)[C@@H]2C[C@@H](O)CN2C(=O)CNC(=O)c2ccc3cc(F)ccc3n2)c(Cl)c1,0.3782864,0.3783,0.7432432,0.7432,0.6785380,-8.9600,1.0000000,1.0000,[],87
2.2955,4.0491,80.4208,0.6599210,CC(C)C(NC(=O)[C@@H]1C[C@@H](O)CN1C(=O)CNC(=O)c1ccc2cc(F)ccc2n1)c1ccccc1,1,COc1ccc([C@H](C)NC(=O)[C@@H]2C[C@@H](O)CN2C(=O)CNC(=O)c2ccc3cc(F)ccc3n2)c(Cl)c1,0.4695327,0.4695,0.7364865,0.7365,0.7405742,-9.5500,1.0000000,1.0000,[],88
2.3352,4.8186,79.3090,0.6572468,CC(NC(=O)[C@@H]1C[C@@H](O)CN1C(=O)CNC(=O)c1ccc2cc(F)ccc2n1)c1ccc(Cl)cc1,1,COc1ccc([C@H](C)NC(=O)[C@@H]2C[C@@H](O)CN2C(=O)CNC(=O)c2ccc3cc(F)ccc3n2)c(Cl)c1,0.4834885,0.4835,0.8014184,0.8014,0.6939597,-9.1000,1.0000000,1.0000,[],88
2.1984,4.5815,87.6685,0.7207036,CC(NC(=O)[C@@H]1C[C@@H](O)CN1C(=O)CNC(=O)c1ccc2cc(F)ccc2n1)c1ccccc1,1,COc1ccc([C@H](C)NC(=O)[C@@H]2C[C@@H](O)CN2C(=O)CNC(=O)c2ccc3cc(F)ccc3n2)c(Cl)c1,0.5163857,0.5164,0.7746479,0.7746,0.8212476,-10.4800,1.0000000,1.0000,[],88
2.2357,4.2698,85.5899,0.7020291,C[C@@H](NC(=O)[C@@H]1C[C@@H](O)CN1C(=O)CNC(=O)c1ccc2cc(F)ccc2n1)c1ccc(Cl)cc1,1,COc1ccc([C@H](C)NC(=O)[C@@H]2C[C@@H](O)CN2C(=O)CNC(=O)c2ccc3cc(F)ccc3n2)c(Cl)c1,0.4834885,0.4835,0.8014184,0.8014,0.7917488,-10.1100,1.0000000,1.0000,[],88
2.3210,3.4014,78.9213,0.6431466,O=C(NCC(=O)N1C[C@H](O)C[C@H]1C(=O)NC1CCCCC1)c1ccc2cc(F)ccc2n1,1,COc1ccc([C@H](C)NC(=O)[C@@H]2C[C@@H](O)CN2C(=O)CNC(=O)c2ccc3cc(F)ccc3n2)c(Cl)c1,0.6501268,0.6501,0.6184211,0.6184,0.6523473,-8.7300,1.0000000,1.0000,[],88
2.3546,4.3193,77.1913,0.6368017,O=C(NCC(=O)N1C[C@H](O)C[C@H]1C(=O)NCc1ccc(Cl)c(Cl)c1)c1ccc2cc(F)ccc2n1,1,COc1ccc([C@H](C)NC(=O)[C@@H]2C[C@@H](O)CN2C(=O)CNC(=O)c2ccc3cc(F)ccc3n2)c(Cl)c1,0.4640416,0.4640,0.7114094,0.7114,0.7057813,-9.2100,1.0000000,1.0000,[],88
2.2607,3.8934,81.8078,0.6695402,O=C(NCC(=O)N1C[C@H](O)C[C@H]1C(=O)NCc1ccc(Cl)cc1)c1ccc2cc(F)ccc2n1,1,COc1ccc([C@H](C)NC(=O)[C@@H]2C[C@@H](O)CN2C(=O)CNC(=O)c2ccc3cc(F)ccc3n2)c(Cl)c1,0.4955094,0.4955,0.7260274,0.7260,0.7473962,-9.6200,1.0000000,1.0000,[],88
2.2883,3.2004,79.0450,0.6425422,O=C(NCC(=O)N1C[C@H](O)C[C@H]1C(=O)NCc1cccc(Cl)c1)c1ccc2cc(F)ccc2n1,1,COc1ccc([C@H](C)NC(=O)[C@@H]2C[C@@H](O)CN2C(=O)CNC(=O)c2ccc3cc(F)ccc3n2)c(Cl)c1,0.4955094,0.4955,0.7210884,0.7211,0.6906898,-9.0700,1.0000000,1.0000,[],88
2.3619,4.2413,74.0626,0.6117486,O=C(NCC(=O)N1C[C@H](O)C[C@H]1C(=O)N[C@@H](CO)c1cccc(Cl)c1)c1ccc2cc(F)ccc2n1,1,COc1ccc([C@H](C)NC(=O)[C@@H]2C[C@@H](O)CN2C(=O)CNC(=O)c2ccc3cc(F)ccc3n2)c(Cl)c1,0.3782864,0.3783,0.7432432,0.7432,0.7057813,-9.2100,1.0000000,1.0000,[],88
2.3972,4.6734,72.1043,0.5998256,O=C(NCC(=O)N1C[C@H](O)C[C@H]1C(=O)N[C@H](CO)c1cccc(Cl)c1)c1ccc2cc(F)ccc2n1,1,COc1ccc([C@H](C)NC(=O)[C@@H]2C[C@@H](O)CN2C(=O)CNC(=O)c2ccc3cc(F)ccc3n2)c(Cl)c1,0.3782864,0.3783,0.7432432,0.7432,0.6785380,-8.9600,1.0000000,1.0000,[],88
2.3342,4.0491,80.4208,0.6599210,CC(C)C(NC(=O)[C@@H]1C[C@@H](O)CN1C(=O)CNC(=O)c1ccc2cc(F)ccc2n1)c1ccccc1,1,COc1ccc([C@H](C)NC(=O)[C@@H]2C[C@@H](O)CN2C(=O)CNC(=O)c2ccc3cc(F)ccc3n2)c(Cl)c1,0.4695327,0.4695,0.7364865,0.7365,0.7405742,-9.5500,1.0000000,1.0000,[],89
2.3008,4.8186,79.3090,0.6572468,CC(NC(=O)[C@@H]1C[C@@H](O)CN1C(=O)CNC(=O)c1ccc2cc(F)ccc2n1)c1ccc(Cl)cc1,1,COc1ccc([C@H](C)NC(=O)[C@@H]2C[C@@H](O)CN2C(=O)CNC(=O)c2ccc3cc(F)ccc3n2)c(Cl)c1,0.4834885,0.4835,0.8014184,0.8014,0.6939597,-9.1000,1.0000000,1.0000,[],89
2.1707,4.5815,87.6685,0.7207036,CC(NC(=O)[C@@H]1C[C@@H](O)CN1C(=O)CNC(=O)c1ccc2cc(F)ccc2n1)c1ccccc1,1,COc1ccc([C@H](C)NC(=O)[C@@H]2C[C@@H](O)CN2C(=O)CNC(=O)c2ccc3cc(F)ccc3n2)c(Cl)c1,0.5163857,0.5164,0.7746479,0.7746,0.8212476,-10.4800,1.0000000,1.0000,[],89
2.2188,4.2698,85.5899,0.7020291,C[C@@H](NC(=O)[C@@H]1C[C@@H](O)CN1C(=O)CNC(=O)c1ccc2cc(F)ccc2n1)c1ccc(Cl)cc1,1,COc1ccc([C@H](C)NC(=O)[C@@H]2C[C@@H](O)CN2C(=O)CNC(=O)c2ccc3cc(F)ccc3n2)c(Cl)c1,0.4834885,0.4835,0.8014184,0.8014,0.7917488,-10.1100,1.0000000,1.0000,[],89
2.3237,3.4014,78.9213,0.6431466,O=C(NCC(=O)N1C[C@H](O)C[C@H]1C(=O)NC1CCCCC1)c1ccc2cc(F)ccc2n1,1,COc1ccc([C@H](C)NC(=O)[C@@H]2C[C@@H](O)CN2C(=O)CNC(=O)c2ccc3cc(F)ccc3n2)c(Cl)c1,0.6501268,0.6501,0.6184211,0.6184,0.6523473,-8.7300,1.0000000,1.0000,[],89
2.3476,4.3193,77.1913,0.6368017,O=C(NCC(=O)N1C[C@H](O)C[C@H]1C(=O)NCc1ccc(Cl)c(Cl)c1)c1ccc2cc(F)ccc2n1,1,COc1ccc([C@H](C)NC(=O)[C@@H]2C[C@@H](O)CN2C(=O)CNC(=O)c2ccc3cc(F)ccc3n2)c(Cl)c1,0.4640416,0.4640,0.7114094,0.7114,0.7057813,-9.2100,1.0000000,1.0000,[],89
2.2860,3.8934,81.8078,0.6695402,O=C(NCC(=O)N1C[C@H](O)C[C@H]1C(=O)NCc1ccc(Cl)cc1)c1ccc2cc(F)ccc2n1,1,COc1ccc([C@H](C)NC(=O)[C@@H]2C[C@@H](O)CN2C(=O)CNC(=O)c2ccc3cc(F)ccc3n2)c(Cl)c1,0.4955094,0.4955,0.7260274,0.7260,0.7473962,-9.6200,1.0000000,1.0000,[],89
2.2986,3.2004,79.0450,0.6425422,O=C(NCC(=O)N1C[C@H](O)C[C@H]1C(=O)NCc1cccc(Cl)c1)c1ccc2cc(F)ccc2n1,1,COc1ccc([C@H](C)NC(=O)[C@@H]2C[C@@H](O)CN2C(=O)CNC(=O)c2ccc3cc(F)ccc3n2)c(Cl)c1,0.4955094,0.4955,0.7210884,0.7211,0.6906898,-9.0700,1.0000000,1.0000,[],89
2.3694,4.2413,74.0626,0.6117486,O=C(NCC(=O)N1C[C@H](O)C[C@H]1C(=O)N[C@@H](CO)c1cccc(Cl)c1)c1ccc2cc(F)ccc2n1,1,COc1ccc([C@H](C)NC(=O)[C@@H]2C[C@@H](O)CN2C(=O)CNC(=O)c2ccc3cc(F)ccc3n2)c(Cl)c1,0.3782864,0.3783,0.7432432,0.7432,0.7057813,-9.2100,1.0000000,1.0000,[],89
2.4033,4.6734,72.1043,0.5998256,O=C(NCC(=O)N1C[C@H](O)C[C@H]1C(=O)N[C@H](CO)c1cccc(Cl)c1)c1ccc2cc(F)ccc2n1,1,COc1ccc([C@H](C)NC(=O)[C@@H]2C[C@@H](O)CN2C(=O)CNC(=O)c2ccc3cc(F)ccc3n2)c(Cl)c1,0.3782864,0.3783,0.7432432,0.7432,0.6785380,-8.9600,1.0000000,1.0000,[],89
2.2799,4.0491,80.4208,0.6599210,CC(C)C(NC(=O)[C@@H]1C[C@@H](O)CN1C(=O)CNC(=O)c1ccc2cc(F)ccc2n1)c1ccccc1,1,COc1ccc([C@H](C)NC(=O)[C@@H]2C[C@@H](O)CN2C(=O)CNC(=O)c2ccc3cc(F)ccc3n2)c(Cl)c1,0.4695327,0.4695,0.7364865,0.7365,0.7405742,-9.5500,1.0000000,1.0000,[],90
2.2970,4.8186,79.3090,0.6572468,CC(NC(=O)[C@@H]1C[C@@H](O)CN1C(=O)CNC(=O)c1ccc2cc(F)ccc2n1)c1ccc(Cl)cc1,1,COc1ccc([C@H](C)NC(=O)[C@@H]2C[C@@H](O)CN2C(=O)CNC(=O)c2ccc3cc(F)ccc3n2)c(Cl)c1,0.4834885,0.4835,0.8014184,0.8014,0.6939597,-9.1000,1.0000000,1.0000,[],90
2.2162,4.5815,87.6685,0.7207036,CC(NC(=O)[C@@H]1C[C@@H](O)CN1C(=O)CNC(=O)c1ccc2cc(F)ccc2n1)c1ccccc1,1,COc1ccc([C@H](C)NC(=O)[C@@H]2C[C@@H](O)CN2C(=O)CNC(=O)c2ccc3cc(F)ccc3n2)c(Cl)c1,0.5163857,0.5164,0.7746479,0.7746,0.8212476,-10.4800,1.0000000,1.0000,[],90
2.2377,4.2698,85.5899,0.7020291,C[C@@H](NC(=O)[C@@H]1C[C@@H](O)CN1C(=O)CNC(=O)c1ccc2cc(F)ccc2n1)c1ccc(Cl)cc1,1,COc1ccc([C@H](C)NC(=O)[C@@H]2C[C@@H](O)CN2C(=O)CNC(=O)c2ccc3cc(F)ccc3n2)c(Cl)c1,0.4834885,0.4835,0.8014184,0.8014,0.7917488,-10.1100,1.0000000,1.0000,[],90
2.2962,3.4014,78.9213,0.6431466,O=C(NCC(=O)N1C[C@H](O)C[C@H]1C(=O)NC1CCCCC1)c1ccc2cc(F)ccc2n1,1,COc1ccc([C@H](C)NC(=O)[C@@H]2C[C@@H](O)CN2C(=O)CNC(=O)c2ccc3cc(F)ccc3n2)c(Cl)c1,0.6501268,0.6501,0.6184211,0.6184,0.6523473,-8.7300,1.0000000,1.0000,[],90
2.3204,4.3193,77.1913,0.6368017,O=C(NCC(=O)N1C[C@H](O)C[C@H]1C(=O)NCc1ccc(Cl)c(Cl)c1)c1ccc2cc(F)ccc2n1,1,COc1ccc([C@H](C)NC(=O)[C@@H]2C[C@@H](O)CN2C(=O)CNC(=O)c2ccc3cc(F)ccc3n2)c(Cl)c1,0.4640416,0.4640,0.7114094,0.7114,0.7057813,-9.2100,1.0000000,1.0000,[],90
2.3021,3.8934,81.8078,0.6695402,O=C(NCC(=O)N1C[C@H](O)C[C@H]1C(=O)NCc1ccc(Cl)cc1)c1ccc2cc(F)ccc2n1,1,COc1ccc([C@H](C)NC(=O)[C@@H]2C[C@@H](O)CN2C(=O)CNC(=O)c2ccc3cc(F)ccc3n2)c(Cl)c1,0.4955094,0.4955,0.7260274,0.7260,0.7473962,-9.6200,1.0000000,1.0000,[],90
2.3201,3.2004,79.0450,0.6425422,O=C(NCC(=O)N1C[C@H](O)C[C@H]1C(=O)NCc1cccc(Cl)c1)c1ccc2cc(F)ccc2n1,1,COc1ccc([C@H](C)NC(=O)[C@@H]2C[C@@H](O)CN2C(=O)CNC(=O)c2ccc3cc(F)ccc3n2)c(Cl)c1,0.4955094,0.4955,0.7210884,0.7211,0.6906898,-9.0700,1.0000000,1.0000,[],90
2.3750,4.2413,74.0626,0.6117486,O=C(NCC(=O)N1C[C@H](O)C[C@H]1C(=O)N[C@@H](CO)c1cccc(Cl)c1)c1ccc2cc(F)ccc2n1,1,COc1ccc([C@H](C)NC(=O)[C@@H]2C[C@@H](O)CN2C(=O)CNC(=O)c2ccc3cc(F)ccc3n2)c(Cl)c1,0.3782864,0.3783,0.7432432,0.7432,0.7057813,-9.2100,1.0000000,1.0000,[],90
2.4005,4.6734,72.1043,0.5998256,O=C(NCC(=O)N1C[C@H](O)C[C@H]1C(=O)N[C@H](CO)c1cccc(Cl)c1)c1ccc2cc(F)ccc2n1,1,COc1ccc([C@H](C)NC(=O)[C@@H]2C[C@@H](O)CN2C(=O)CNC(=O)c2ccc3cc(F)ccc3n2)c(Cl)c1,0.3782864,0.3783,0.7432432,0.7432,0.6785380,-8.9600,1.0000000,1.0000,[],90
2.2575,4.0491,80.4208,0.6599210,CC(C)C(NC(=O)[C@@H]1C[C@@H](O)CN1C(=O)CNC(=O)c1ccc2cc(F)ccc2n1)c1ccccc1,1,COc1ccc([C@H](C)NC(=O)[C@@H]2C[C@@H](O)CN2C(=O)CNC(=O)c2ccc3cc(F)ccc3n2)c(Cl)c1,0.4695327,0.4695,0.7364865,0.7365,0.7405742,-9.5500,1.0000000,1.0000,[],91
2.3064,4.8186,79.3090,0.6572468,CC(NC(=O)[C@@H]1C[C@@H](O)CN1C(=O)CNC(=O)c1ccc2cc(F)ccc2n1)c1ccc(Cl)cc1,1,COc1ccc([C@H](C)NC(=O)[C@@H]2C[C@@H](O)CN2C(=O)CNC(=O)c2ccc3cc(F)ccc3n2)c(Cl)c1,0.4834885,0.4835,0.8014184,0.8014,0.6939597,-9.1000,1.0000000,1.0000,[],91
2.2449,4.5815,87.6685,0.7207036,CC(NC(=O)[C@@H]1C[C@@H](O)CN1C(=O)CNC(=O)c1ccc2cc(F)ccc2n1)c1ccccc1,1,COc1ccc([C@H](C)NC(=O)[C@@H]2C[C@@H](O)CN2C(=O)CNC(=O)c2ccc3cc(F)ccc3n2)c(Cl)c1,0.5163857,0.5164,0.7746479,0.7746,0.8212476,-10.4800,1.0000000,1.0000,[],91
2.2481,4.2698,85.5899,0.7020291,C[C@@H](NC(=O)[C@@H]1C[C@@H](O)CN1C(=O)CNC(=O)c1ccc2cc(F)ccc2n1)c1ccc(Cl)cc1,1,COc1ccc([C@H](C)NC(=O)[C@@H]2C[C@@H](O)CN2C(=O)CNC(=O)c2ccc3cc(F)ccc3n2)c(Cl)c1,0.4834885,0.4835,0.8014184,0.8014,0.7917488,-10.1100,1.0000000,1.0000,[],91
2.3049,3.4014,78.9213,0.6431466,O=C(NCC(=O)N1C[C@H](O)C[C@H]1C(=O)NC1CCCCC1)c1ccc2cc(F)ccc2n1,1,COc1ccc([C@H](C)NC(=O)[C@@H]2C[C@@H](O)CN2C(=O)CNC(=O)c2ccc3cc(F)ccc3n2)c(Cl)c1,0.6501268,0.6501,0.6184211,0.6184,0.6523473,-8.7300,1.0000000,1.0000,[],91
2.3123,4.3193,77.1913,0.6368017,O=C(NCC(=O)N1C[C@H](O)C[C@H]1C(=O)NCc1ccc(Cl)c(Cl)c1)c1ccc2cc(F)ccc2n1,1,COc1ccc([C@H](C)NC(=O)[C@@H]2C[C@@H](O)CN2C(=O)CNC(=O)c2ccc3cc(F)ccc3n2)c(Cl)c1,0.4640416,0.4640,0.7114094,0.7114,0.7057813,-9.2100,1.0000000,1.0000,[],91
2.2783,3.8934,81.8078,0.6695402,O=C(NCC(=O)N1C[C@H](O)C[C@H]1C(=O)NCc1ccc(Cl)cc1)c1ccc2cc(F)ccc2n1,1,COc1ccc([C@H](C)NC(=O)[C@@H]2C[C@@H](O)CN2C(=O)CNC(=O)c2ccc3cc(F)ccc3n2)c(Cl)c1,0.4955094,0.4955,0.7260274,0.7260,0.7473962,-9.6200,1.0000000,1.0000,[],91
2.3181,3.2004,79.0450,0.6425422,O=C(NCC(=O)N1C[C@H](O)C[C@H]1C(=O)NCc1cccc(Cl)c1)c1ccc2cc(F)ccc2n1,1,COc1ccc([C@H](C)NC(=O)[C@@H]2C[C@@H](O)CN2C(=O)CNC(=O)c2ccc3cc(F)ccc3n2)c(Cl)c1,0.4955094,0.4955,0.7210884,0.7211,0.6906898,-9.0700,1.0000000,1.0000,[],91
2.3766,4.2413,74.0626,0.6117486,O=C(NCC(=O)N1C[C@H](O)C[C@H]1C(=O)N[C@@H](CO)c1cccc(Cl)c1)c1ccc2cc(F)ccc2n1,1,COc1ccc([C@H](C)NC(=O)[C@@H]2C[C@@H](O)CN2C(=O)CNC(=O)c2ccc3cc(F)ccc3n2)c(Cl)c1,0.3782864,0.3783,0.7432432,0.7432,0.7057813,-9.2100,1.0000000,1.0000,[],91
2.3959,4.6734,72.1043,0.5998256,O=C(NCC(=O)N1C[C@H](O)C[C@H]1C(=O)N[C@H](CO)c1cccc(Cl)c1)c1ccc2cc(F)ccc2n1,1,COc1ccc([C@H](C)NC(=O)[C@@H]2C[C@@H](O)CN2C(=O)CNC(=O)c2ccc3cc(F)ccc3n2)c(Cl)c1,0.3782864,0.3783,0.7432432,0.7432,0.6785380,-8.9600,1.0000000,1.0000,[],91
2.3157,4.0491,80.4208,0.6599210,CC(C)C(NC(=O)[C@@H]1C[C@@H](O)CN1C(=O)CNC(=O)c1ccc2cc(F)ccc2n1)c1ccccc1,1,COc1ccc([C@H](C)NC(=O)[C@@H]2C[C@@H](O)CN2C(=O)CNC(=O)c2ccc3cc(F)ccc3n2)c(Cl)c1,0.4695327,0.4695,0.7364865,0.7365,0.7405742,-9.5500,1.0000000,1.0000,[],92
2.2991,4.8186,79.3090,0.6572468,CC(NC(=O)[C@@H]1C[C@@H](O)CN1C(=O)CNC(=O)c1ccc2cc(F)ccc2n1)c1ccc(Cl)cc1,1,COc1ccc([C@H](C)NC(=O)[C@@H]2C[C@@H](O)CN2C(=O)CNC(=O)c2ccc3cc(F)ccc3n2)c(Cl)c1,0.4834885,0.4835,0.8014184,0.8014,0.6939597,-9.1000,1.0000000,1.0000,[],92
2.2086,4.5815,87.6685,0.7207036,CC(NC(=O)[C@@H]1C[C@@H](O)CN1C(=O)CNC(=O)c1ccc2cc(F)ccc2n1)c1ccccc1,1,COc1ccc([C@H](C)NC(=O)[C@@H]2C[C@@H](O)CN2C(=O)CNC(=O)c2ccc3cc(F)ccc3n2)c(Cl)c1,0.5163857,0.5164,0.7746479,0.7746,0.8212476,-10.4800,1.0000000,1.0000,[],92
2.2270,4.2698,85.5899,0.7020291,C[C@@H](NC(=O)[C@@H]1C[C@@H](O)CN1C(=O)CNC(=O)c1ccc2cc(F)ccc2n1)c1ccc(Cl)cc1,1,COc1ccc([C@H](C)NC(=O)[C@@H]2C[C@@H](O)CN2C(=O)CNC(=O)c2ccc3cc(F)ccc3n2)c(Cl)c1,0.4834885,0.4835,0.8014184,0.8014,0.7917488,-10.1100,1.0000000,1.0000,[],92
2.3317,3.4014,78.9213,0.6431466,O=C(NCC(=O)N1C[C@H](O)C[C@H]1C(=O)NC1CCCCC1)c1ccc2cc(F)ccc2n1,1,COc1ccc([C@H](C)NC(=O)[C@@H]2C[C@@H](O)CN2C(=O)CNC(=O)c2ccc3cc(F)ccc3n2)c(Cl)c1,0.6501268,0.6501,0.6184211,0.6184,0.6523473,-8.7300,1.0000000,1.0000,[],92
2.3353,4.3193,77.1913,0.6368017,O=C(NCC(=O)N1C[C@H](O)C[C@H]1C(=O)NCc1ccc(Cl)c(Cl)c1)c1ccc2cc(F)ccc2n1,1,COc1ccc([C@H](C)NC(=O)[C@@H]2C[C@@H](O)CN2C(=O)CNC(=O)c2ccc3cc(F)ccc3n2)c(Cl)c1,0.4640416,0.4640,0.7114094,0.7114,0.7057813,-9.2100,1.0000000,1.0000,[],92
2.2517,3.8934,81.8078,0.6695402,O=C(NCC(=O)N1C[C@H](O)C[C@H]1C(=O)NCc1ccc(Cl)cc1)c1ccc2cc(F)ccc2n1,1,COc1ccc([C@H](C)NC(=O)[C@@H]2C[C@@H](O)CN2C(=O)CNC(=O)c2ccc3cc(F)ccc3n2)c(Cl)c1,0.4955094,0.4955,0.7260274,0.7260,0.7473962,-9.6200,1.0000000,1.0000,[],92
2.3065,3.2004,79.0450,0.6425422,O=C(NCC(=O)N1C[C@H](O)C[C@H]1C(=O)NCc1cccc(Cl)c1)c1ccc2cc(F)ccc2n1,1,COc1ccc([C@H](C)NC(=O)[C@@H]2C[C@@H](O)CN2C(=O)CNC(=O)c2ccc3cc(F)ccc3n2)c(Cl)c1,0.4955094,0.4955,0.7210884,0.7211,0.6906898,-9.0700,1.0000000,1.0000,[],92
2.3767,4.2413,74.0626,0.6117486,O=C(NCC(=O)N1C[C@H](O)C[C@H]1C(=O)N[C@@H](CO)c1cccc(Cl)c1)c1ccc2cc(F)ccc2n1,1,COc1ccc([C@H](C)NC(=O)[C@@H]2C[C@@H](O)CN2C(=O)CNC(=O)c2ccc3cc(F)ccc3n2)c(Cl)c1,0.3782864,0.3783,0.7432432,0.7432,0.7057813,-9.2100,1.0000000,1.0000,[],92
2.3960,4.6734,72.1043,0.5998256,O=C(NCC(=O)N1C[C@H](O)C[C@H]1C(=O)N[C@H](CO)c1cccc(Cl)c1)c1ccc2cc(F)ccc2n1,1,COc1ccc([C@H](C)NC(=O)[C@@H]2C[C@@H](O)CN2C(=O)CNC(=O)c2ccc3cc(F)ccc3n2)c(Cl)c1,0.3782864,0.3783,0.7432432,0.7432,0.6785380,-8.9600,1.0000000,1.0000,[],92
2.3267,4.0491,80.4208,0.6599210,CC(C)C(NC(=O)[C@@H]1C[C@@H](O)CN1C(=O)CNC(=O)c1ccc2cc(F)ccc2n1)c1ccccc1,1,COc1ccc([C@H](C)NC(=O)[C@@H]2C[C@@H](O)CN2C(=O)CNC(=O)c2ccc3cc(F)ccc3n2)c(Cl)c1,0.4695327,0.4695,0.7364865,0.7365,0.7405742,-9.5500,1.0000000,1.0000,[],93
2.3100,4.8186,79.3090,0.6572468,CC(NC(=O)[C@@H]1C[C@@H](O)CN1C(=O)CNC(=O)c1ccc2cc(F)ccc2n1)c1ccc(Cl)cc1,1,COc1ccc([C@H](C)NC(=O)[C@@H]2C[C@@H](O)CN2C(=O)CNC(=O)c2ccc3cc(F)ccc3n2)c(Cl)c1,0.4834885,0.4835,0.8014184,0.8014,0.6939597,-9.1000,1.0000000,1.0000,[],93
2.1862,4.5815,87.6685,0.7207036,CC(NC(=O)[C@@H]1C[C@@H](O)CN1C(=O)CNC(=O)c1ccc2cc(F)ccc2n1)c1ccccc1,1,COc1ccc([C@H](C)NC(=O)[C@@H]2C[C@@H](O)CN2C(=O)CNC(=O)c2ccc3cc(F)ccc3n2)c(Cl)c1,0.5163857,0.5164,0.7746479,0.7746,0.8212476,-10.4800,1.0000000,1.0000,[],93
2.2216,4.2698,85.5899,0.7020291,C[C@@H](NC(=O)[C@@H]1C[C@@H](O)CN1C(=O)CNC(=O)c1ccc2cc(F)ccc2n1)c1ccc(Cl)cc1,1,COc1ccc([C@H](C)NC(=O)[C@@H]2C[C@@H](O)CN2C(=O)CNC(=O)c2ccc3cc(F)ccc3n2)c(Cl)c1,0.4834885,0.4835,0.8014184,0.8014,0.7917488,-10.1100,1.0000000,1.0000,[],93
2.3133,3.4014,78.9213,0.6431466,O=C(NCC(=O)N1C[C@H](O)C[C@H]1C(=O)NC1CCCCC1)c1ccc2cc(F)ccc2n1,1,COc1ccc([C@H](C)NC(=O)[C@@H]2C[C@@H](O)CN2C(=O)CNC(=O)c2ccc3cc(F)ccc3n2)c(Cl)c1,0.6501268,0.6501,0.6184211,0.6184,0.6523473,-8.7300,1.0000000,1.0000,[],93
2.3520,4.3193,77.1913,0.6368017,O=C(NCC(=O)N1C[C@H](O)C[C@H]1C(=O)NCc1ccc(Cl)c(Cl)c1)c1ccc2cc(F)ccc2n1,1,COc1ccc([C@H](C)NC(=O)[C@@H]2C[C@@H](O)CN2C(=O)CNC(=O)c2ccc3cc(F)ccc3n2)c(Cl)c1,0.4640416,0.4640,0.7114094,0.7114,0.7057813,-9.2100,1.0000000,1.0000,[],93
2.2624,3.8934,81.8078,0.6695402,O=C(NCC(=O)N1C[C@H](O)C[C@H]1C(=O)NCc1ccc(Cl)cc1)c1ccc2cc(F)ccc2n1,1,COc1ccc([C@H](C)NC(=O)[C@@H]2C[C@@H](O)CN2C(=O)CNC(=O)c2ccc3cc(F)ccc3n2)c(Cl)c1,0.4955094,0.4955,0.7260274,0.7260,0.7473962,-9.6200,1.0000000,1.0000,[],93
2.3087,3.2004,79.0450,0.6425422,O=C(NCC(=O)N1C[C@H](O)C[C@H]1C(=O)NCc1cccc(Cl)c1)c1ccc2cc(F)ccc2n1,1,COc1ccc([C@H](C)NC(=O)[C@@H]2C[C@@H](O)CN2C(=O)CNC(=O)c2ccc3cc(F)ccc3n2)c(Cl)c1,0.4955094,0.4955,0.7210884,0.7211,0.6906898,-9.0700,1.0000000,1.0000,[],93
2.3754,4.2413,74.0626,0.6117486,O=C(NCC(=O)N1C[C@H](O)C[C@H]1C(=O)N[C@@H](CO)c1cccc(Cl)c1)c1ccc2cc(F)ccc2n1,1,COc1ccc([C@H](C)NC(=O)[C@@H]2C[C@@H](O)CN2C(=O)CNC(=O)c2ccc3cc(F)ccc3n2)c(Cl)c1,0.3782864,0.3783,0.7432432,0.7432,0.7057813,-9.2100,1.0000000,1.0000,[],93
2.3946,4.6734,72.1043,0.5998256,O=C(NCC(=O)N1C[C@H](O)C[C@H]1C(=O)N[C@H](CO)c1cccc(Cl)c1)c1ccc2cc(F)ccc2n1,1,COc1ccc([C@H](C)NC(=O)[C@@H]2C[C@@H](O)CN2C(=O)CNC(=O)c2ccc3cc(F)ccc3n2)c(Cl)c1,0.3782864,0.3783,0.7432432,0.7432,0.6785380,-8.9600,1.0000000,1.0000,[],93
2.2594,4.0491,80.4208,0.6599210,CC(C)C(NC(=O)[C@@H]1C[C@@H](O)CN1C(=O)CNC(=O)c1ccc2cc(F)ccc2n1)c1ccccc1,1,COc1ccc([C@H](C)NC(=O)[C@@H]2C[C@@H](O)CN2C(=O)CNC(=O)c2ccc3cc(F)ccc3n2)c(Cl)c1,0.4695327,0.4695,0.7364865,0.7365,0.7405742,-9.5500,1.0000000,1.0000,[],94
2.3343,4.8186,79.3090,0.6572468,CC(NC(=O)[C@@H]1C[C@@H](O)CN1C(=O)CNC(=O)c1ccc2cc(F)ccc2n1)c1ccc(Cl)cc1,1,COc1ccc([C@H](C)NC(=O)[C@@H]2C[C@@H](O)CN2C(=O)CNC(=O)c2ccc3cc(F)ccc3n2)c(Cl)c1,0.4834885,0.4835,0.8014184,0.8014,0.6939597,-9.1000,1.0000000,1.0000,[],94
2.2144,4.5815,87.6685,0.7207036,CC(NC(=O)[C@@H]1C[C@@H](O)CN1C(=O)CNC(=O)c1ccc2cc(F)ccc2n1)c1ccccc1,1,COc1ccc([C@H](C)NC(=O)[C@@H]2C[C@@H](O)CN2C(=O)CNC(=O)c2ccc3cc(F)ccc3n2)c(Cl)c1,0.5163857,0.5164,0.7746479,0.7746,0.8212476,-10.4800,1.0000000,1.0000,[],94
2.2414,4.2698,85.5899,0.7020291,C[C@@H](NC(=O)[C@@H]1C[C@@H](O)CN1C(=O)CNC(=O)c1ccc2cc(F)ccc2n1)c1ccc(Cl)cc1,1,COc1ccc([C@H](C)NC(=O)[C@@H]2C[C@@H](O)CN2C(=O)CNC(=O)c2ccc3cc(F)ccc3n2)c(Cl)c1,0.4834885,0.4835,0.8014184,0.8014,0.7917488,-10.1100,1.0000000,1.0000,[],94
2.2875,3.4014,78.9213,0.6431466,O=C(NCC(=O)N1C[C@H](O)C[C@H]1C(=O)NC1CCCCC1)c1ccc2cc(F)ccc2n1,1,COc1ccc([C@H](C)NC(=O)[C@@H]2C[C@@H](O)CN2C(=O)CNC(=O)c2ccc3cc(F)ccc3n2)c(Cl)c1,0.6501268,0.6501,0.6184211,0.6184,0.6523473,-8.7300,1.0000000,1.0000,[],94
2.3364,4.3193,77.1913,0.6368017,O=C(NCC(=O)N1C[C@H](O)C[C@H]1C(=O)NCc1ccc(Cl)c(Cl)c1)c1ccc2cc(F)ccc2n1,1,COc1ccc([C@H](C)NC(=O)[C@@H]2C[C@@H](O)CN2C(=O)CNC(=O)c2ccc3cc(F)ccc3n2)c(Cl)c1,0.4640416,0.4640,0.7114094,0.7114,0.7057813,-9.2100,1.0000000,1.0000,[],94
2.2917,3.8934,81.8078,0.6695402,O=C(NCC(=O)N1C[C@H](O)C[C@H]1C(=O)NCc1ccc(Cl)cc1)c1ccc2cc(F)ccc2n1,1,COc1ccc([C@H](C)NC(=O)[C@@H]2C[C@@H](O)CN2C(=O)CNC(=O)c2ccc3cc(F)ccc3n2)c(Cl)c1,0.4955094,0.4955,0.7260274,0.7260,0.7473962,-9.6200,1.0000000,1.0000,[],94
2.3169,3.2004,79.0450,0.6425422,O=C(NCC(=O)N1C[C@H](O)C[C@H]1C(=O)NCc1cccc(Cl)c1)c1ccc2cc(F)ccc2n1,1,COc1ccc([C@H](C)NC(=O)[C@@H]2C[C@@H](O)CN2C(=O)CNC(=O)c2ccc3cc(F)ccc3n2)c(Cl)c1,0.4955094,0.4955,0.7210884,0.7211,0.6906898,-9.0700,1.0000000,1.0000,[],94
2.3730,4.2413,74.0626,0.6117486,O=C(NCC(=O)N1C[C@H](O)C[C@H]1C(=O)N[C@@H](CO)c1cccc(Cl)c1)c1ccc2cc(F)ccc2n1,1,COc1ccc([C@H](C)NC(=O)[C@@H]2C[C@@H](O)CN2C(=O)CNC(=O)c2ccc3cc(F)ccc3n2)c(Cl)c1,0.3782864,0.3783,0.7432432,0.7432,0.7057813,-9.2100,1.0000000,1.0000,[],94
2.3907,4.6734,72.1043,0.5998256,O=C(NCC(=O)N1C[C@H](O)C[C@H]1C(=O)N[C@H](CO)c1cccc(Cl)c1)c1ccc2cc(F)ccc2n1,1,COc1ccc([C@H](C)NC(=O)[C@@H]2C[C@@H](O)CN2C(=O)CNC(=O)c2ccc3cc(F)ccc3n2)c(Cl)c1,0.3782864,0.3783,0.7432432,0.7432,0.6785380,-8.9600,1.0000000,1.0000,[],94
2.2799,4.0491,80.4208,0.6599210,CC(C)C(NC(=O)[C@@H]1C[C@@H](O)CN1C(=O)CNC(=O)c1ccc2cc(F)ccc2n1)c1ccccc1,1,COc1ccc([C@H](C)NC(=O)[C@@H]2C[C@@H](O)CN2C(=O)CNC(=O)c2ccc3cc(F)ccc3n2)c(Cl)c1,0.4695327,0.4695,0.7364865,0.7365,0.7405742,-9.5500,1.0000000,1.0000,[],95
2.2978,4.8186,79.3090,0.6572468,CC(NC(=O)[C@@H]1C[C@@H](O)CN1C(=O)CNC(=O)c1ccc2cc(F)ccc2n1)c1ccc(Cl)cc1,1,COc1ccc([C@H](C)NC(=O)[C@@H]2C[C@@H](O)CN2C(=O)CNC(=O)c2ccc3cc(F)ccc3n2)c(Cl)c1,0.4834885,0.4835,0.8014184,0.8014,0.6939597,-9.1000,1.0000000,1.0000,[],95
2.2170,4.5815,87.6685,0.7207036,CC(NC(=O)[C@@H]1C[C@@H](O)CN1C(=O)CNC(=O)c1ccc2cc(F)ccc2n1)c1ccccc1,1,COc1ccc([C@H](C)NC(=O)[C@@H]2C[C@@H](O)CN2C(=O)CNC(=O)c2ccc3cc(F)ccc3n2)c(Cl)c1,0.5163857,0.5164,0.7746479,0.7746,0.8212476,-10.4800,1.0000000,1.0000,[],95
2.2381,4.2698,85.5899,0.7020291,C[C@@H](NC(=O)[C@@H]1C[C@@H](O)CN1C(=O)CNC(=O)c1ccc2cc(F)ccc2n1)c1ccc(Cl)cc1,1,COc1ccc([C@H](C)NC(=O)[C@@H]2C[C@@H](O)CN2C(=O)CNC(=O)c2ccc3cc(F)ccc3n2)c(Cl)c1,0.4834885,0.4835,0.8014184,0.8014,0.7917488,-10.1100,1.0000000,1.0000,[],95
2.3170,3.4014,78.9213,0.6431466,O=C(NCC(=O)N1C[C@H](O)C[C@H]1C(=O)NC1CCCCC1)c1ccc2cc(F)ccc2n1,1,COc1ccc([C@H](C)NC(=O)[C@@H]2C[C@@H](O)CN2C(=O)CNC(=O)c2ccc3cc(F)ccc3n2)c(Cl)c1,0.6501268,0.6501,0.6184211,0.6184,0.6523473,-8.7300,1.0000000,1.0000,[],95
2.3157,4.3193,77.1913,0.6368017,O=C(NCC(=O)N1C[C@H](O)C[C@H]1C(=O)NCc1ccc(Cl)c(Cl)c1)c1ccc2cc(F)ccc2n1,1,COc1ccc([C@H](C)NC(=O)[C@@H]2C[C@@H](O)CN2C(=O)CNC(=O)c2ccc3cc(F)ccc3n2)c(Cl)c1,0.4640416,0.4640,0.7114094,0.7114,0.7057813,-9.2100,1.0000000,1.0000,[],95
2.2967,3.8934,81.8078,0.6695402,O=C(NCC(=O)N1C[C@H](O)C[C@H]1C(=O)NCc1ccc(Cl)cc1)c1ccc2cc(F)ccc2n1,1,COc1ccc([C@H](C)NC(=O)[C@@H]2C[C@@H](O)CN2C(=O)CNC(=O)c2ccc3cc(F)ccc3n2)c(Cl)c1,0.4955094,0.4955,0.7260274,0.7260,0.7473962,-9.6200,1.0000000,1.0000,[],95
2.3149,3.2004,79.0450,0.6425422,O=C(NCC(=O)N1C[C@H](O)C[C@H]1C(=O)NCc1cccc(Cl)c1)c1ccc2cc(F)ccc2n1,1,COc1ccc([C@H](C)NC(=O)[C@@H]2C[C@@H](O)CN2C(=O)CNC(=O)c2ccc3cc(F)ccc3n2)c(Cl)c1,0.4955094,0.4955,0.7210884,0.7211,0.6906898,-9.0700,1.0000000,1.0000,[],95
2.3727,4.2413,74.0626,0.6117486,O=C(NCC(=O)N1C[C@H](O)C[C@H]1C(=O)N[C@@H](CO)c1cccc(Cl)c1)c1ccc2cc(F)ccc2n1,1,COc1ccc([C@H](C)NC(=O)[C@@H]2C[C@@H](O)CN2C(=O)CNC(=O)c2ccc3cc(F)ccc3n2)c(Cl)c1,0.3782864,0.3783,0.7432432,0.7432,0.7057813,-9.2100,1.0000000,1.0000,[],95
2.3946,4.6734,72.1043,0.5998256,O=C(NCC(=O)N1C[C@H](O)C[C@H]1C(=O)N[C@H](CO)c1cccc(Cl)c1)c1ccc2cc(F)ccc2n1,1,COc1ccc([C@H](C)NC(=O)[C@@H]2C[C@@H](O)CN2C(=O)CNC(=O)c2ccc3cc(F)ccc3n2)c(Cl)c1,0.3782864,0.3783,0.7432432,0.7432,0.6785380,-8.9600,1.0000000,1.0000,[],95
2.3236,4.0491,80.4208,0.6599210,CC(C)C(NC(=O)[C@@H]1C[C@@H](O)CN1C(=O)CNC(=O)c1ccc2cc(F)ccc2n1)c1ccccc1,1,COc1ccc([C@H](C)NC(=O)[C@@H]2C[C@@H](O)CN2C(=O)CNC(=O)c2ccc3cc(F)ccc3n2)c(Cl)c1,0.4695327,0.4695,0.7364865,0.7365,0.7405742,-9.5500,1.0000000,1.0000,[],96
2.2747,4.8186,79.3090,0.6572468,CC(NC(=O)[C@@H]1C[C@@H](O)CN1C(=O)CNC(=O)c1ccc2cc(F)ccc2n1)c1ccc(Cl)cc1,1,COc1ccc([C@H](C)NC(=O)[C@@H]2C[C@@H](O)CN2C(=O)CNC(=O)c2ccc3cc(F)ccc3n2)c(Cl)c1,0.4834885,0.4835,0.8014184,0.8014,0.6939597,-9.1000,1.0000000,1.0000,[],96
2.2079,4.5815,87.6685,0.7207036,CC(NC(=O)[C@@H]1C[C@@H](O)CN1C(=O)CNC(=O)c1ccc2cc(F)ccc2n1)c1ccccc1,1,COc1ccc([C@H](C)NC(=O)[C@@H]2C[C@@H](O)CN2C(=O)CNC(=O)c2ccc3cc(F)ccc3n2)c(Cl)c1,0.5163857,0.5164,0.7746479,0.7746,0.8212476,-10.4800,1.0000000,1.0000,[],96
2.2292,4.2698,85.5899,0.7020291,C[C@@H](NC(=O)[C@@H]1C[C@@H](O)CN1C(=O)CNC(=O)c1ccc2cc(F)ccc2n1)c1ccc(Cl)cc1,1,COc1ccc([C@H](C)NC(=O)[C@@H]2C[C@@H](O)CN2C(=O)CNC(=O)c2ccc3cc(F)ccc3n2)c(Cl)c1,0.4834885,0.4835,0.8014184,0.8014,0.7917488,-10.1100,1.0000000,1.0000,[],96
2.3385,3.4014,78.9213,0.6431466,O=C(NCC(=O)N1C[C@H](O)C[C@H]1C(=O)NC1CCCCC1)c1ccc2cc(F)ccc2n1,1,COc1ccc([C@H](C)NC(=O)[C@@H]2C[C@@H](O)CN2C(=O)CNC(=O)c2ccc3cc(F)ccc3n2)c(Cl)c1,0.6501268,0.6501,0.6184211,0.6184,0.6523473,-8.7300,1.0000000,1.0000,[],96
2.3233,4.3193,77.1913,0.6368017,O=C(NCC(=O)N1C[C@H](O)C[C@H]1C(=O)NCc1ccc(Cl)c(Cl)c1)c1ccc2cc(F)ccc2n1,1,COc1ccc([C@H](C)NC(=O)[C@@H]2C[C@@H](O)CN2C(=O)CNC(=O)c2ccc3cc(F)ccc3n2)c(Cl)c1,0.4640416,0.4640,0.7114094,0.7114,0.7057813,-9.2100,1.0000000,1.0000,[],96
2.2733,3.8934,81.8078,0.6695402,O=C(NCC(=O)N1C[C@H](O)C[C@H]1C(=O)NCc1ccc(Cl)cc1)c1ccc2cc(F)ccc2n1,1,COc1ccc([C@H](C)NC(=O)[C@@H]2C[C@@H](O)CN2C(=O)CNC(=O)c2ccc3cc(F)ccc3n2)c(Cl)c1,0.4955094,0.4955,0.7260274,0.7260,0.7473962,-9.6200,1.0000000,1.0000,[],96
2.3032,3.2004,79.0450,0.6425422,O=C(NCC(=O)N1C[C@H](O)C[C@H]1C(=O)NCc1cccc(Cl)c1)c1ccc2cc(F)ccc2n1,1,COc1ccc([C@H](C)NC(=O)[C@@H]2C[C@@H](O)CN2C(=O)CNC(=O)c2ccc3cc(F)ccc3n2)c(Cl)c1,0.4955094,0.4955,0.7210884,0.7211,0.6906898,-9.0700,1.0000000,1.0000,[],96
2.3732,4.2413,74.0626,0.6117486,O=C(NCC(=O)N1C[C@H](O)C[C@H]1C(=O)N[C@@H](CO)c1cccc(Cl)c1)c1ccc2cc(F)ccc2n1,1,COc1ccc([C@H](C)NC(=O)[C@@H]2C[C@@H](O)CN2C(=O)CNC(=O)c2ccc3cc(F)ccc3n2)c(Cl)c1,0.3782864,0.3783,0.7432432,0.7432,0.7057813,-9.2100,1.0000000,1.0000,[],96
2.4007,4.6734,72.1043,0.5998256,O=C(NCC(=O)N1C[C@H](O)C[C@H]1C(=O)N[C@H](CO)c1cccc(Cl)c1)c1ccc2cc(F)ccc2n1,1,COc1ccc([C@H](C)NC(=O)[C@@H]2C[C@@H](O)CN2C(=O)CNC(=O)c2ccc3cc(F)ccc3n2)c(Cl)c1,0.3782864,0.3783,0.7432432,0.7432,0.6785380,-8.9600,1.0000000,1.0000,[],96
2.2924,4.0491,80.4208,0.6599210,CC(C)C(NC(=O)[C@@H]1C[C@@H](O)CN1C(=O)CNC(=O)c1ccc2cc(F)ccc2n1)c1ccccc1,1,COc1ccc([C@H](C)NC(=O)[C@@H]2C[C@@H](O)CN2C(=O)CNC(=O)c2ccc3cc(F)ccc3n2)c(Cl)c1,0.4695327,0.4695,0.7364865,0.7365,0.7405742,-9.5500,1.0000000,1.0000,[],97
2.3149,4.8186,79.3090,0.6572468,CC(NC(=O)[C@@H]1C[C@@H](O)CN1C(=O)CNC(=O)c1ccc2cc(F)ccc2n1)c1ccc(Cl)cc1,1,COc1ccc([C@H](C)NC(=O)[C@@H]2C[C@@H](O)CN2C(=O)CNC(=O)c2ccc3cc(F)ccc3n2)c(Cl)c1,0.4834885,0.4835,0.8014184,0.8014,0.6939597,-9.1000,1.0000000,1.0000,[],97
2.2193,4.5815,87.6685,0.7207036,CC(NC(=O)[C@@H]1C[C@@H](O)CN1C(=O)CNC(=O)c1ccc2cc(F)ccc2n1)c1ccccc1,1,COc1ccc([C@H](C)NC(=O)[C@@H]2C[C@@H](O)CN2C(=O)CNC(=O)c2ccc3cc(F)ccc3n2)c(Cl)c1,0.5163857,0.5164,0.7746479,0.7746,0.8212476,-10.4800,1.0000000,1.0000,[],97
2.2396,4.2698,85.5899,0.7020291,C[C@@H](NC(=O)[C@@H]1C[C@@H](O)CN1C(=O)CNC(=O)c1ccc2cc(F)ccc2n1)c1ccc(Cl)cc1,1,COc1ccc([C@H](C)NC(=O)[C@@H]2C[C@@H](O)CN2C(=O)CNC(=O)c2ccc3cc(F)ccc3n2)c(Cl)c1,0.4834885,0.4835,0.8014184,0.8014,0.7917488,-10.1100,1.0000000,1.0000,[],97
2.3000,3.4014,78.9213,0.6431466,O=C(NCC(=O)N1C[C@H](O)C[C@H]1C(=O)NC1CCCCC1)c1ccc2cc(F)ccc2n1,1,COc1ccc([C@H](C)NC(=O)[C@@H]2C[C@@H](O)CN2C(=O)CNC(=O)c2ccc3cc(F)ccc3n2)c(Cl)c1,0.6501268,0.6501,0.6184211,0.6184,0.6523473,-8.7300,1.0000000,1.0000,[],97
2.3469,4.3193,77.1913,0.6368017,O=C(NCC(=O)N1C[C@H](O)C[C@H]1C(=O)NCc1ccc(Cl)c(Cl)c1)c1ccc2cc(F)ccc2n1,1,COc1ccc([C@H](C)NC(=O)[C@@H]2C[C@@H](O)CN2C(=O)CNC(=O)c2ccc3cc(F)ccc3n2)c(Cl)c1,0.4640416,0.4640,0.7114094,0.7114,0.7057813,-9.2100,1.0000000,1.0000,[],97
2.2596,3.8934,81.8078,0.6695402,O=C(NCC(=O)N1C[C@H](O)C[C@H]1C(=O)NCc1ccc(Cl)cc1)c1ccc2cc(F)ccc2n1,1,COc1ccc([C@H](C)NC(=O)[C@@H]2C[C@@H](O)CN2C(=O)CNC(=O)c2ccc3cc(F)ccc3n2)c(Cl)c1,0.4955094,0.4955,0.7260274,0.7260,0.7473962,-9.6200,1.0000000,1.0000,[],97
2.3000,3.2004,79.0450,0.6425422,O=C(NCC(=O)N1C[C@H](O)C[C@H]1C(=O)NCc1cccc(Cl)c1)c1ccc2cc(F)ccc2n1,1,COc1ccc([C@H](C)NC(=O)[C@@H]2C[C@@H](O)CN2C(=O)CNC(=O)c2ccc3cc(F)ccc3n2)c(Cl)c1,0.4955094,0.4955,0.7210884,0.7211,0.6906898,-9.0700,1.0000000,1.0000,[],97
2.3722,4.2413,74.0626,0.6117486,O=C(NCC(=O)N1C[C@H](O)C[C@H]1C(=O)N[C@@H](CO)c1cccc(Cl)c1)c1ccc2cc(F)ccc2n1,1,COc1ccc([C@H](C)NC(=O)[C@@H]2C[C@@H](O)CN2C(=O)CNC(=O)c2ccc3cc(F)ccc3n2)c(Cl)c1,0.3782864,0.3783,0.7432432,0.7432,0.7057813,-9.2100,1.0000000,1.0000,[],97
2.4009,4.6734,72.1043,0.5998256,O=C(NCC(=O)N1C[C@H](O)C[C@H]1C(=O)N[C@H](CO)c1cccc(Cl)c1)c1ccc2cc(F)ccc2n1,1,COc1ccc([C@H](C)NC(=O)[C@@H]2C[C@@H](O)CN2C(=O)CNC(=O)c2ccc3cc(F)ccc3n2)c(Cl)c1,0.3782864,0.3783,0.7432432,0.7432,0.6785380,-8.9600,1.0000000,1.0000,[],97
2.2736,4.0491,80.4208,0.6599210,CC(C)C(NC(=O)[C@@H]1C[C@@H](O)CN1C(=O)CNC(=O)c1ccc2cc(F)ccc2n1)c1ccccc1,1,COc1ccc([C@H](C)NC(=O)[C@@H]2C[C@@H](O)CN2C(=O)CNC(=O)c2ccc3cc(F)ccc3n2)c(Cl)c1,0.4695327,0.4695,0.7364865,0.7365,0.7405742,-9.5500,1.0000000,1.0000,[],98
2.3305,4.8186,79.3090,0.6572468,CC(NC(=O)[C@@H]1C[C@@H](O)CN1C(=O)CNC(=O)c1ccc2cc(F)ccc2n1)c1ccc(Cl)cc1,1,COc1ccc([C@H](C)NC(=O)[C@@H]2C[C@@H](O)CN2C(=O)CNC(=O)c2ccc3cc(F)ccc3n2)c(Cl)c1,0.4834885,0.4835,0.8014184,0.8014,0.6939597,-9.1000,1.0000000,1.0000,[],98
2.2174,4.5815,87.6685,0.7207036,CC(NC(=O)[C@@H]1C[C@@H](O)CN1C(=O)CNC(=O)c1ccc2cc(F)ccc2n1)c1ccccc1,1,COc1ccc([C@H](C)NC(=O)[C@@H]2C[C@@H](O)CN2C(=O)CNC(=O)c2ccc3cc(F)ccc3n2)c(Cl)c1,0.5163857,0.5164,0.7746479,0.7746,0.8212476,-10.4800,1.0000000,1.0000,[],98
2.2355,4.2698,85.5899,0.7020291,C[C@@H](NC(=O)[C@@H]1C[C@@H](O)CN1C(=O)CNC(=O)c1ccc2cc(F)ccc2n1)c1ccc(Cl)cc1,1,COc1ccc([C@H](C)NC(=O)[C@@H]2C[C@@H](O)CN2C(=O)CNC(=O)c2ccc3cc(F)ccc3n2)c(Cl)c1,0.4834885,0.4835,0.8014184,0.8014,0.7917488,-10.1100,1.0000000,1.0000,[],98
2.2858,3.4014,78.9213,0.6431466,O=C(NCC(=O)N1C[C@H](O)C[C@H]1C(=O)NC1CCCCC1)c1ccc2cc(F)ccc2n1,1,COc1ccc([C@H](C)NC(=O)[C@@H]2C[C@@H](O)CN2C(=O)CNC(=O)c2ccc3cc(F)ccc3n2)c(Cl)c1,0.6501268,0.6501,0.6184211,0.6184,0.6523473,-8.7300,1.0000000,1.0000,[],98
2.3471,4.3193,77.1913,0.6368017,O=C(NCC(=O)N1C[C@H](O)C[C@H]1C(=O)NCc1ccc(Cl)c(Cl)c1)c1ccc2cc(F)ccc2n1,1,COc1ccc([C@H](C)NC(=O)[C@@H]2C[C@@H](O)CN2C(=O)CNC(=O)c2ccc3cc(F)ccc3n2)c(Cl)c1,0.4640416,0.4640,0.7114094,0.7114,0.7057813,-9.2100,1.0000000,1.0000,[],98
2.2733,3.8934,81.8078,0.6695402,O=C(NCC(=O)N1C[C@H](O)C[C@H]1C(=O)NCc1ccc(Cl)cc1)c1ccc2cc(F)ccc2n1,1,COc1ccc([C@H](C)NC(=O)[C@@H]2C[C@@H](O)CN2C(=O)CNC(=O)c2ccc3cc(F)ccc3n2)c(Cl)c1,0.4955094,0.4955,0.7260274,0.7260,0.7473962,-9.6200,1.0000000,1.0000,[],98
2.3117,3.2004,79.0450,0.6425422,O=C(NCC(=O)N1C[C@H](O)C[C@H]1C(=O)NCc1cccc(Cl)c1)c1ccc2cc(F)ccc2n1,1,COc1ccc([C@H](C)NC(=O)[C@@H]2C[C@@H](O)CN2C(=O)CNC(=O)c2ccc3cc(F)ccc3n2)c(Cl)c1,0.4955094,0.4955,0.7210884,0.7211,0.6906898,-9.0700,1.0000000,1.0000,[],98
2.3710,4.2413,74.0626,0.6117486,O=C(NCC(=O)N1C[C@H](O)C[C@H]1C(=O)N[C@@H](CO)c1cccc(Cl)c1)c1ccc2cc(F)ccc2n1,1,COc1ccc([C@H](C)NC(=O)[C@@H]2C[C@@H](O)CN2C(=O)CNC(=O)c2ccc3cc(F)ccc3n2)c(Cl)c1,0.3782864,0.3783,0.7432432,0.7432,0.7057813,-9.2100,1.0000000,1.0000,[],98
2.4006,4.6734,72.1043,0.5998256,O=C(NCC(=O)N1C[C@H](O)C[C@H]1C(=O)N[C@H](CO)c1cccc(Cl)c1)c1ccc2cc(F)ccc2n1,1,COc1ccc([C@H](C)NC(=O)[C@@H]2C[C@@H](O)CN2C(=O)CNC(=O)c2ccc3cc(F)ccc3n2)c(Cl)c1,0.3782864,0.3783,0.7432432,0.7432,0.6785380,-8.9600,1.0000000,1.0000,[],98
2.3072,4.0491,80.4208,0.6599210,CC(C)C(NC(=O)[C@@H]1C[C@@H](O)CN1C(=O)CNC(=O)c1ccc2cc(F)ccc2n1)c1ccccc1,1,COc1ccc([C@H](C)NC(=O)[C@@H]2C[C@@H](O)CN2C(=O)CNC(=O)c2ccc3cc(F)ccc3n2)c(Cl)c1,0.4695327,0.4695,0.7364865,0.7365,0.7405742,-9.5500,1.0000000,1.0000,[],99
2.2966,4.8186,79.3090,0.6572468,CC(NC(=O)[C@@H]1C[C@@H](O)CN1C(=O)CNC(=O)c1ccc2cc(F)ccc2n1)c1ccc(Cl)cc1,1,COc1ccc([C@H](C)NC(=O)[C@@H]2C[C@@H](O)CN2C(=O)CNC(=O)c2ccc3cc(F)ccc3n2)c(Cl)c1,0.4834885,0.4835,0.8014184,0.8014,0.6939597,-9.1000,1.0000000,1.0000,[],99
2.1959,4.5815,87.6685,0.7207036,CC(NC(=O)[C@@H]1C[C@@H](O)CN1C(=O)CNC(=O)c1ccc2cc(F)ccc2n1)c1ccccc1,1,COc1ccc([C@H](C)NC(=O)[C@@H]2C[C@@H](O)CN2C(=O)CNC(=O)c2ccc3cc(F)ccc3n2)c(Cl)c1,0.5163857,0.5164,0.7746479,0.7746,0.8212476,-10.4800,1.0000000,1.0000,[],99
2.2205,4.2698,85.5899,0.7020291,C[C@@H](NC(=O)[C@@H]1C[C@@H](O)CN1C(=O)CNC(=O)c1ccc2cc(F)ccc2n1)c1ccc(Cl)cc1,1,COc1ccc([C@H](C)NC(=O)[C@@H]2C[C@@H](O)CN2C(=O)CNC(=O)c2ccc3cc(F)ccc3n2)c(Cl)c1,0.4834885,0.4835,0.8014184,0.8014,0.7917488,-10.1100,1.0000000,1.0000,[],99
2.3237,3.4014,78.9213,0.6431466,O=C(NCC(=O)N1C[C@H](O)C[C@H]1C(=O)NC1CCCCC1)c1ccc2cc(F)ccc2n1,1,COc1ccc([C@H](C)NC(=O)[C@@H]2C[C@@H](O)CN2C(=O)CNC(=O)c2ccc3cc(F)ccc3n2)c(Cl)c1,0.6501268,0.6501,0.6184211,0.6184,0.6523473,-8.7300,1.0000000,1.0000,[],99
2.3237,4.3193,77.1913,0.6368017,O=C(NCC(=O)N1C[C@H](O)C[C@H]1C(=O)NCc1ccc(Cl)c(Cl)c1)c1ccc2cc(F)ccc2n1,1,COc1ccc([C@H](C)NC(=O)[C@@H]2C[C@@H](O)CN2C(=O)CNC(=O)c2ccc3cc(F)ccc3n2)c(Cl)c1,0.4640416,0.4640,0.7114094,0.7114,0.7057813,-9.2100,1.0000000,1.0000,[],99
2.2894,3.8934,81.8078,0.6695402,O=C(NCC(=O)N1C[C@H](O)C[C@H]1C(=O)NCc1ccc(Cl)cc1)c1ccc2cc(F)ccc2n1,1,COc1ccc([C@H](C)NC(=O)[C@@H]2C[C@@H](O)CN2C(=O)CNC(=O)c2ccc3cc(F)ccc3n2)c(Cl)c1,0.4955094,0.4955,0.7260274,0.7260,0.7473962,-9.6200,1.0000000,1.0000,[],99
2.3210,3.2004,79.0450,0.6425422,O=C(NCC(=O)N1C[C@H](O)C[C@H]1C(=O)NCc1cccc(Cl)c1)c1ccc2cc(F)ccc2n1,1,COc1ccc([C@H](C)NC(=O)[C@@H]2C[C@@H](O)CN2C(=O)CNC(=O)c2ccc3cc(F)ccc3n2)c(Cl)c1,0.4955094,0.4955,0.7210884,0.7211,0.6906898,-9.0700,1.0000000,1.0000,[],99
2.3694,4.2413,74.0626,0.6117486,O=C(NCC(=O)N1C[C@H](O)C[C@H]1C(=O)N[C@@H](CO)c1cccc(Cl)c1)c1ccc2cc(F)ccc2n1,1,COc1ccc([C@H](C)NC(=O)[C@@H]2C[C@@H](O)CN2C(=O)CNC(=O)c2ccc3cc(F)ccc3n2)c(Cl)c1,0.3782864,0.3783,0.7432432,0.7432,0.7057813,-9.2100,1.0000000,1.0000,[],99
2.4004,4.6734,72.1043,0.5998256,O=C(NCC(=O)N1C[C@H](O)C[C@H]1C(=O)N[C@H](CO)c1cccc(Cl)c1)c1ccc2cc(F)ccc2n1,1,COc1ccc([C@H](C)NC(=O)[C@@H]2C[C@@H](O)CN2C(=O)CNC(=O)c2ccc3cc(F)ccc3n2)c(Cl)c1,0.3782864,0.3783,0.7432432,0.7432,0.6785380,-8.9600,1.0000000,1.0000,[],99
2.3012,4.0491,80.4208,0.6599210,CC(C)C(NC(=O)[C@@H]1C[C@@H](O)CN1C(=O)CNC(=O)c1ccc2cc(F)ccc2n1)c1ccccc1,1,COc1ccc([C@H](C)NC(=O)[C@@H]2C[C@@H](O)CN2C(=O)CNC(=O)c2ccc3cc(F)ccc3n2)c(Cl)c1,0.4695327,0.4695,0.7364865,0.7365,0.7405742,-9.5500,1.0000000,1.0000,[],100
2.2951,4.8186,79.3090,0.6572468,CC(NC(=O)[C@@H]1C[C@@H](O)CN1C(=O)CNC(=O)c1ccc2cc(F)ccc2n1)c1ccc(Cl)cc1,1,COc1ccc([C@H](C)NC(=O)[C@@H]2C[C@@H](O)CN2C(=O)CNC(=O)c2ccc3cc(F)ccc3n2)c(Cl)c1,0.4834885,0.4835,0.8014184,0.8014,0.6939597,-9.1000,1.0000000,1.0000,[],100
2.2030,4.5815,87.6685,0.7207036,CC(NC(=O)[C@@H]1C[C@@H](O)CN1C(=O)CNC(=O)c1ccc2cc(F)ccc2n1)c1ccccc1,1,COc1ccc([C@H](C)NC(=O)[C@@H]2C[C@@H](O)CN2C(=O)CNC(=O)c2ccc3cc(F)ccc3n2)c(Cl)c1,0.5163857,0.5164,0.7746479,0.7746,0.8212476,-10.4800,1.0000000,1.0000,[],100
2.2351,4.2698,85.5899,0.7020291,C[C@@H](NC(=O)[C@@H]1C[C@@H](O)CN1C(=O)CNC(=O)c1ccc2cc(F)ccc2n1)c1ccc(Cl)cc1,1,COc1ccc([C@H](C)NC(=O)[C@@H]2C[C@@H](O)CN2C(=O)CNC(=O)c2ccc3cc(F)ccc3n2)c(Cl)c1,0.4834885,0.4835,0.8014184,0.8014,0.7917488,-10.1100,1.0000000,1.0000,[],100
2.3346,3.4014,78.9213,0.6431466,O=C(NCC(=O)N1C[C@H](O)C[C@H]1C(=O)NC1CCCCC1)c1ccc2cc(F)ccc2n1,1,COc1ccc([C@H](C)NC(=O)[C@@H]2C[C@@H](O)CN2C(=O)CNC(=O)c2ccc3cc(F)ccc3n2)c(Cl)c1,0.6501268,0.6501,0.6184211,0.6184,0.6523473,-8.7300,1.0000000,1.0000,[],100
2.3141,4.3193,77.1913,0.6368017,O=C(NCC(=O)N1C[C@H](O)C[C@H]1C(=O)NCc1ccc(Cl)c(Cl)c1)c1ccc2cc(F)ccc2n1,1,COc1ccc([C@H](C)NC(=O)[C@@H]2C[C@@H](O)CN2C(=O)CNC(=O)c2ccc3cc(F)ccc3n2)c(Cl)c1,0.4640416,0.4640,0.7114094,0.7114,0.7057813,-9.2100,1.0000000,1.0000,[],100
2.2828,3.8934,81.8078,0.6695402,O=C(NCC(=O)N1C[C@H](O)C[C@H]1C(=O)NCc1ccc(Cl)cc1)c1ccc2cc(F)ccc2n1,1,COc1ccc([C@H](C)NC(=O)[C@@H]2C[C@@H](O)CN2C(=O)CNC(=O)c2ccc3cc(F)ccc3n2)c(Cl)c1,0.4955094,0.4955,0.7260274,0.7260,0.7473962,-9.6200,1.0000000,1.0000,[],100
2.3146,3.2004,79.0450,0.6425422,O=C(NCC(=O)N1C[C@H](O)C[C@H]1C(=O)NCc1cccc(Cl)c1)c1ccc2cc(F)ccc2n1,1,COc1ccc([C@H](C)NC(=O)[C@@H]2C[C@@H](O)CN2C(=O)CNC(=O)c2ccc3cc(F)ccc3n2)c(Cl)c1,0.4955094,0.4955,0.7210884,0.7211,0.6906898,-9.0700,1.0000000,1.0000,[],100
2.3684,4.2413,74.0626,0.6117486,O=C(NCC(=O)N1C[C@H](O)C[C@H]1C(=O)N[C@@H](CO)c1cccc(Cl)c1)c1ccc2cc(F)ccc2n1,1,COc1ccc([C@H](C)NC(=O)[C@@H]2C[C@@H](O)CN2C(=O)CNC(=O)c2ccc3cc(F)ccc3n2)c(Cl)c1,0.3782864,0.3783,0.7432432,0.7432,0.7057813,-9.2100,1.0000000,1.0000,[],100
2.3967,4.6734,72.1043,0.5998256,O=C(NCC(=O)N1C[C@H](O)C[C@H]1C(=O)N[C@H](CO)c1cccc(Cl)c1)c1ccc2cc(F)ccc2n1,1,COc1ccc([C@H](C)NC(=O)[C@@H]2C[C@@H](O)CN2C(=O)CNC(=O)c2ccc3cc(F)ccc3n2)c(Cl)c1,0.3782864,0.3783,0.7432432,0.7432,0.6785380,-8.9600,1.0000000,1.0000,[],100
2.2732,4.0491,80.4208,0.6599210,CC(C)C(NC(=O)[C@@H]1C[C@@H](O)CN1C(=O)CNC(=O)c1ccc2cc(F)ccc2n1)c1ccccc1,1,COc1ccc([C@H](C)NC(=O)[C@@H]2C[C@@H](O)CN2C(=O)CNC(=O)c2ccc3cc(F)ccc3n2)c(Cl)c1,0.4695327,0.4695,0.7364865,0.7365,0.7405742,-9.5500,1.0000000,1.0000,[],101
2.3190,4.8186,79.3090,0.6572468,CC(NC(=O)[C@@H]1C[C@@H](O)CN1C(=O)CNC(=O)c1ccc2cc(F)ccc2n1)c1ccc(Cl)cc1,1,COc1ccc([C@H](C)NC(=O)[C@@H]2C[C@@H](O)CN2C(=O)CNC(=O)c2ccc3cc(F)ccc3n2)c(Cl)c1,0.4834885,0.4835,0.8014184,0.8014,0.6939597,-9.1000,1.0000000,1.0000,[],101
2.2235,4.5815,87.6685,0.7207036,CC(NC(=O)[C@@H]1C[C@@H](O)CN1C(=O)CNC(=O)c1ccc2cc(F)ccc2n1)c1ccccc1,1,COc1ccc([C@H](C)NC(=O)[C@@H]2C[C@@H](O)CN2C(=O)CNC(=O)c2ccc3cc(F)ccc3n2)c(Cl)c1,0.5163857,0.5164,0.7746479,0.7746,0.8212476,-10.4800,1.0000000,1.0000,[],101
2.2517,4.2698,85.5899,0.7020291,C[C@@H](NC(=O)[C@@H]1C[C@@H](O)CN1C(=O)CNC(=O)c1ccc2cc(F)ccc2n1)c1ccc(Cl)cc1,1,COc1ccc([C@H](C)NC(=O)[C@@H]2C[C@@H](O)CN2C(=O)CNC(=O)c2ccc3cc(F)ccc3n2)c(Cl)c1,0.4834885,0.4835,0.8014184,0.8014,0.7917488,-10.1100,1.0000000,1.0000,[],101
2.3025,3.4014,78.9213,0.6431466,O=C(NCC(=O)N1C[C@H](O)C[C@H]1C(=O)NC1CCCCC1)c1ccc2cc(F)ccc2n1,1,COc1ccc([C@H](C)NC(=O)[C@@H]2C[C@@H](O)CN2C(=O)CNC(=O)c2ccc3cc(F)ccc3n2)c(Cl)c1,0.6501268,0.6501,0.6184211,0.6184,0.6523473,-8.7300,1.0000000,1.0000,[],101
2.3333,4.3193,77.1913,0.6368017,O=C(NCC(=O)N1C[C@H](O)C[C@H]1C(=O)NCc1ccc(Cl)c(Cl)c1)c1ccc2cc(F)ccc2n1,1,COc1ccc([C@H](C)NC(=O)[C@@H]2C[C@@H](O)CN2C(=O)CNC(=O)c2ccc3cc(F)ccc3n2)c(Cl)c1,0.4640416,0.4640,0.7114094,0.7114,0.7057813,-9.2100,1.0000000,1.0000,[],101
2.2678,3.8934,81.8078,0.6695402,O=C(NCC(=O)N1C[C@H](O)C[C@H]1C(=O)NCc1ccc(Cl)cc1)c1ccc2cc(F)ccc2n1,1,COc1ccc([C@H](C)NC(=O)[C@@H]2C[C@@H](O)CN2C(=O)CNC(=O)c2ccc3cc(F)ccc3n2)c(Cl)c1,0.4955094,0.4955,0.7260274,0.7260,0.7473962,-9.6200,1.0000000,1.0000,[],101
2.3059,3.2004,79.0450,0.6425422,O=C(NCC(=O)N1C[C@H](O)C[C@H]1C(=O)NCc1cccc(Cl)c1)c1ccc2cc(F)ccc2n1,1,COc1ccc([C@H](C)NC(=O)[C@@H]2C[C@@H](O)CN2C(=O)CNC(=O)c2ccc3cc(F)ccc3n2)c(Cl)c1,0.4955094,0.4955,0.7210884,0.7211,0.6906898,-9.0700,1.0000000,1.0000,[],101
2.3712,4.2413,74.0626,0.6117486,O=C(NCC(=O)N1C[C@H](O)C[C@H]1C(=O)N[C@@H](CO)c1cccc(Cl)c1)c1ccc2cc(F)ccc2n1,1,COc1ccc([C@H](C)NC(=O)[C@@H]2C[C@@H](O)CN2C(=O)CNC(=O)c2ccc3cc(F)ccc3n2)c(Cl)c1,0.3782864,0.3783,0.7432432,0.7432,0.7057813,-9.2100,1.0000000,1.0000,[],101
2.3955,4.6734,72.1043,0.5998256,O=C(NCC(=O)N1C[C@H](O)C[C@H]1C(=O)N[C@H](CO)c1cccc(Cl)c1)c1ccc2cc(F)ccc2n1,1,COc1ccc([C@H](C)NC(=O)[C@@H]2C[C@@H](O)CN2C(=O)CNC(=O)c2ccc3cc(F)ccc3n2)c(Cl)c1,0.3782864,0.3783,0.7432432,0.7432,0.6785380,-8.9600,1.0000000,1.0000,[],101
2.2985,4.0491,80.4208,0.6599210,CC(C)C(NC(=O)[C@@H]1C[C@@H](O)CN1C(=O)CNC(=O)c1ccc2cc(F)ccc2n1)c1ccccc1,1,COc1ccc([C@H](C)NC(=O)[C@@H]2C[C@@H](O)CN2C(=O)CNC(=O)c2ccc3cc(F)ccc3n2)c(Cl)c1,0.4695327,0.4695,0.7364865,0.7365,0.7405742,-9.5500,1.0000000,1.0000,[],102
2.3054,4.8186,79.3090,0.6572468,CC(NC(=O)[C@@H]1C[C@@H](O)CN1C(=O)CNC(=O)c1ccc2cc(F)ccc2n1)c1ccc(Cl)cc1,1,COc1ccc([C@H](C)NC(=O)[C@@H]2C[C@@H](O)CN2C(=O)CNC(=O)c2ccc3cc(F)ccc3n2)c(Cl)c1,0.4834885,0.4835,0.8014184,0.8014,0.6939597,-9.1000,1.0000000,1.0000,[],102
2.2138,4.5815,87.6685,0.7207036,CC(NC(=O)[C@@H]1C[C@@H](O)CN1C(=O)CNC(=O)c1ccc2cc(F)ccc2n1)c1ccccc1,1,COc1ccc([C@H](C)NC(=O)[C@@H]2C[C@@H](O)CN2C(=O)CNC(=O)c2ccc3cc(F)ccc3n2)c(Cl)c1,0.5163857,0.5164,0.7746479,0.7746,0.8212476,-10.4800,1.0000000,1.0000,[],102
2.2307,4.2698,85.5899,0.7020291,C[C@@H](NC(=O)[C@@H]1C[C@@H](O)CN1C(=O)CNC(=O)c1ccc2cc(F)ccc2n1)c1ccc(Cl)cc1,1,COc1ccc([C@H](C)NC(=O)[C@@H]2C[C@@H](O)CN2C(=O)CNC(=O)c2ccc3cc(F)ccc3n2)c(Cl)c1,0.4834885,0.4835,0.8014184,0.8014,0.7917488,-10.1100,1.0000000,1.0000,[],102
2.2960,3.4014,78.9213,0.6431466,O=C(NCC(=O)N1C[C@H](O)C[C@H]1C(=O)NC1CCCCC1)c1ccc2cc(F)ccc2n1,1,COc1ccc([C@H](C)NC(=O)[C@@H]2C[C@@H](O)CN2C(=O)CNC(=O)c2ccc3cc(F)ccc3n2)c(Cl)c1,0.6501268,0.6501,0.6184211,0.6184,0.6523473,-8.7300,1.0000000,1.0000,[],102
2.3504,4.3193,77.1913,0.6368017,O=C(NCC(=O)N1C[C@H](O)C[C@H]1C(=O)NCc1ccc(Cl)c(Cl)c1)c1ccc2cc(F)ccc2n1,1,COc1ccc([C@H](C)NC(=O)[C@@H]2C[C@@H](O)CN2C(=O)CNC(=O)c2ccc3cc(F)ccc3n2)c(Cl)c1,0.4640416,0.4640,0.7114094,0.7114,0.7057813,-9.2100,1.0000000,1.0000,[],102
2.2683,3.8934,81.8078,0.6695402,O=C(NCC(=O)N1C[C@H](O)C[C@H]1C(=O)NCc1ccc(Cl)cc1)c1ccc2cc(F)ccc2n1,1,COc1ccc([C@H](C)NC(=O)[C@@H]2C[C@@H](O)CN2C(=O)CNC(=O)c2ccc3cc(F)ccc3n2)c(Cl)c1,0.4955094,0.4955,0.7260274,0.7260,0.7473962,-9.6200,1.0000000,1.0000,[],102
2.3070,3.2004,79.0450,0.6425422,O=C(NCC(=O)N1C[C@H](O)C[C@H]1C(=O)NCc1cccc(Cl)c1)c1ccc2cc(F)ccc2n1,1,COc1ccc([C@H](C)NC(=O)[C@@H]2C[C@@H](O)CN2C(=O)CNC(=O)c2ccc3cc(F)ccc3n2)c(Cl)c1,0.4955094,0.4955,0.7210884,0.7211,0.6906898,-9.0700,1.0000000,1.0000,[],102
2.3761,4.2413,74.0626,0.6117486,O=C(NCC(=O)N1C[C@H](O)C[C@H]1C(=O)N[C@@H](CO)c1cccc(Cl)c1)c1ccc2cc(F)ccc2n1,1,COc1ccc([C@H](C)NC(=O)[C@@H]2C[C@@H](O)CN2C(=O)CNC(=O)c2ccc3cc(F)ccc3n2)c(Cl)c1,0.3782864,0.3783,0.7432432,0.7432,0.7057813,-9.2100,1.0000000,1.0000,[],102
2.4005,4.6734,72.1043,0.5998256,O=C(NCC(=O)N1C[C@H](O)C[C@H]1C(=O)N[C@H](CO)c1cccc(Cl)c1)c1ccc2cc(F)ccc2n1,1,COc1ccc([C@H](C)NC(=O)[C@@H]2C[C@@H](O)CN2C(=O)CNC(=O)c2ccc3cc(F)ccc3n2)c(Cl)c1,0.3782864,0.3783,0.7432432,0.7432,0.6785380,-8.9600,1.0000000,1.0000,[],102
