00:29:44 <INFO> Started REINVENT 4.6.22 (C) AstraZeneca 2017, 2023 on 2025-08-31
00:29:44 <INFO> Command line: /home/a/miniconda3/envs/reinvent4/bin/reinvent --log-filename reinvent.log -f toml config.toml
00:29:44 <INFO> Reading run configuration from /home/a/REINVENT4/ReinventStudies/pleaseWork/justMol2Mol_3/graph-dock-b0ghhw/node-reinvent/config.toml using format toml
00:29:44 <INFO> User a on host l4-redo
00:29:44 <INFO> Python version 3.10.18
00:29:44 <INFO> PyTorch version 2.7.1+cu128, git e2d141dbde55c2a4370fac5165b0561b6af4798b
00:29:44 <INFO> PyTorch compiled with CUDA version 12.8
00:29:44 <INFO> RDKit version 2025.03.5
00:29:44 <INFO> Platform Linux-6.1.0-38-cloud-amd64-x86_64-with-glibc2.36
00:29:44 <INFO> CUDA driver version 570.86.10
00:29:44 <INFO> Number of PyTorch CUDA devices 1
00:29:44 <WARN> 'use_cuda' is deprecated, use 'device' instead
00:29:45 <INFO> Using CUDA device:0 NVIDIA L4
00:29:45 <INFO> GPU memory: 22381 MiB free, 22574 MiB total
00:29:45 <INFO> Writing TensorBoard summary to /home/a/REINVENT4/ReinventStudies/pleaseWork/justMol2Mol_3/graph-dock-b0ghhw/node-reinvent/tb_logs
00:29:45 <INFO> Writing JSON config file to /home/a/REINVENT4/ReinventStudies/pleaseWork/justMol2Mol_3/graph-dock-b0ghhw/node-reinvent/justmol2mol_3_staged_learning.json
00:29:45 <INFO> Starting 1 stage of Reinforcement Learning
00:29:45 <ERRO> /home/a/REINVENT4/ReinventStudies/priors/mol2mol_similarity.prior has invalid hash:
{ 'comments': [],
  'creation_date': 0,
  'date_format': 'UNIX epoch',
  'hash_id': '3c6a77904318ad22c299806d686463f5',
  'hash_id_format': 'xxhash.xxh3_128_hex 3.4.1',
  'model_id': '595a7122492447e0b10b11b6cf47b2ae',
  'model_id_format': 'uuid.uuid4 3.10.12',
  'origina_data_source': 'ChEMBL 28',
  'updates': []}
00:29:45 <INFO> Number of network parameters: 17,462,400
00:29:45 <INFO> Network architecture:
EncoderDecoder(
  (encoder): Encoder(
    (layers): ModuleList(
      (0-5): 6 x EncoderLayer(
        (self_attn): MultiHeadedAttention(
          (linears): ModuleList(
            (0-3): 4 x Linear(in_features=256, out_features=256, bias=True)
          )
          (dropout): Dropout(p=0.1, inplace=False)
        )
        (feed_forward): PositionwiseFeedForward(
          (w_1): Linear(in_features=256, out_features=2048, bias=True)
          (w_2): Linear(in_features=2048, out_features=256, bias=True)
          (dropout): Dropout(p=0.1, inplace=False)
        )
        (sublayer): ModuleList(
          (0-1): 2 x SublayerConnection(
            (norm): LayerNorm()
            (dropout): Dropout(p=0.1, inplace=False)
          )
        )
      )
    )
    (norm): LayerNorm()
  )
  (decoder): Decoder(
    (layers): ModuleList(
      (0-5): 6 x DecoderLayer(
        (self_attn): MultiHeadedAttention(
          (linears): ModuleList(
            (0-3): 4 x Linear(in_features=256, out_features=256, bias=True)
          )
          (dropout): Dropout(p=0.1, inplace=False)
        )
        (src_attn): MultiHeadedAttention(
          (linears): ModuleList(
            (0-3): 4 x Linear(in_features=256, out_features=256, bias=True)
          )
          (dropout): Dropout(p=0.1, inplace=False)
        )
        (feed_forward): PositionwiseFeedForward(
          (w_1): Linear(in_features=256, out_features=2048, bias=True)
          (w_2): Linear(in_features=2048, out_features=256, bias=True)
          (dropout): Dropout(p=0.1, inplace=False)
        )
        (sublayer): ModuleList(
          (0-2): 3 x SublayerConnection(
            (norm): LayerNorm()
            (dropout): Dropout(p=0.1, inplace=False)
          )
        )
      )
    )
    (norm): LayerNorm()
  )
  (src_embed): Sequential(
    (0): Embeddings(
      (lut): Embedding(128, 256)
    )
    (1): PositionalEncoding(
      (dropout): Dropout(p=0.1, inplace=False)
    )
  )
  (tgt_embed): Sequential(
    (0): Embeddings(
      (lut): Embedding(128, 256)
    )
    (1): PositionalEncoding(
      (dropout): Dropout(p=0.1, inplace=False)
    )
  )
  (generator): Generator(
    (proj): Linear(in_features=256, out_features=128, bias=True)
  )
)
00:29:45 <ERRO> /home/a/REINVENT4/ReinventStudies/priors/mol2mol_similarity.prior has invalid hash:
{ 'comments': [],
  'creation_date': 0,
  'date_format': 'UNIX epoch',
  'hash_id': '3c6a77904318ad22c299806d686463f5',
  'hash_id_format': 'xxhash.xxh3_128_hex 3.4.1',
  'model_id': '595a7122492447e0b10b11b6cf47b2ae',
  'model_id_format': 'uuid.uuid4 3.10.12',
  'origina_data_source': 'ChEMBL 28',
  'updates': []}
00:29:45 <INFO> Number of network parameters: 17,462,400
00:29:45 <INFO> Network architecture:
EncoderDecoder(
  (encoder): Encoder(
    (layers): ModuleList(
      (0-5): 6 x EncoderLayer(
        (self_attn): MultiHeadedAttention(
          (linears): ModuleList(
            (0-3): 4 x Linear(in_features=256, out_features=256, bias=True)
          )
          (dropout): Dropout(p=0.1, inplace=False)
        )
        (feed_forward): PositionwiseFeedForward(
          (w_1): Linear(in_features=256, out_features=2048, bias=True)
          (w_2): Linear(in_features=2048, out_features=256, bias=True)
          (dropout): Dropout(p=0.1, inplace=False)
        )
        (sublayer): ModuleList(
          (0-1): 2 x SublayerConnection(
            (norm): LayerNorm()
            (dropout): Dropout(p=0.1, inplace=False)
          )
        )
      )
    )
    (norm): LayerNorm()
  )
  (decoder): Decoder(
    (layers): ModuleList(
      (0-5): 6 x DecoderLayer(
        (self_attn): MultiHeadedAttention(
          (linears): ModuleList(
            (0-3): 4 x Linear(in_features=256, out_features=256, bias=True)
          )
          (dropout): Dropout(p=0.1, inplace=False)
        )
        (src_attn): MultiHeadedAttention(
          (linears): ModuleList(
            (0-3): 4 x Linear(in_features=256, out_features=256, bias=True)
          )
          (dropout): Dropout(p=0.1, inplace=False)
        )
        (feed_forward): PositionwiseFeedForward(
          (w_1): Linear(in_features=256, out_features=2048, bias=True)
          (w_2): Linear(in_features=2048, out_features=256, bias=True)
          (dropout): Dropout(p=0.1, inplace=False)
        )
        (sublayer): ModuleList(
          (0-2): 3 x SublayerConnection(
            (norm): LayerNorm()
            (dropout): Dropout(p=0.1, inplace=False)
          )
        )
      )
    )
    (norm): LayerNorm()
  )
  (src_embed): Sequential(
    (0): Embeddings(
      (lut): Embedding(128, 256)
    )
    (1): PositionalEncoding(
      (dropout): Dropout(p=0.1, inplace=False)
    )
  )
  (tgt_embed): Sequential(
    (0): Embeddings(
      (lut): Embedding(128, 256)
    )
    (1): PositionalEncoding(
      (dropout): Dropout(p=0.1, inplace=False)
    )
  )
  (generator): Generator(
    (proj): Linear(in_features=256, out_features=128, bias=True)
  )
)
00:29:45 <INFO> Using generator Mol2Mol
00:29:45 <INFO> Prior read from /home/a/REINVENT4/ReinventStudies/priors/mol2mol_similarity.prior
00:29:45 <INFO> Agent read from /home/a/REINVENT4/ReinventStudies/priors/mol2mol_similarity.prior
00:29:45 <INFO> Input molecules/fragments read from file /home/a/REINVENT4/ReinventStudies/mols/Rad51/cam833.smi
00:29:45 <WARN> randomize_smiles was set to True but the model was not trained with randomized SMILES.  Setting randomize_smiles to False.
00:29:45 <INFO> Using reward strategy dap
00:29:45 <INFO> Using diversity filter IdenticalMurckoScaffold
00:29:45 <INFO> Diversity filter memories are retained between stages
00:29:45 <INFO> Registered scoring component ROCSSimilarity
00:29:45 <INFO> Registered scoring component GroupCount
00:29:45 <INFO> Registered scoring component FragmentQed
00:29:45 <INFO> Registered scoring component FragmentSlogP
00:29:45 <INFO> Registered scoring component FragmentMolecularWeight
00:29:45 <INFO> Registered scoring component FragmentTPSA
00:29:45 <INFO> Registered scoring component FragmentDistanceMatrix
00:29:45 <INFO> Registered scoring component FragmentNumAtomStereoCenters
00:29:45 <INFO> Registered scoring component FragmentHBondAcceptors
00:29:45 <INFO> Registered scoring component FragmentHBondDonors
00:29:45 <INFO> Registered scoring component FragmentNumRotBond
00:29:45 <INFO> Registered scoring component FragmentCsp3
00:29:45 <INFO> Registered scoring component Fragmentnumsp
00:29:45 <INFO> Registered scoring component Fragmentnumsp2
00:29:45 <INFO> Registered scoring component Fragmentnumsp3
00:29:45 <INFO> Registered scoring component FragmentEffectiveLength
00:29:45 <INFO> Registered scoring component FragmentGraphLength
00:29:45 <INFO> Registered scoring component FragmentLengthRatio
00:29:45 <INFO> Registered scoring component FragmentNumHeavyAtoms
00:29:45 <INFO> Registered scoring component FragmentNumHeteroAtoms
00:29:45 <INFO> Registered scoring component FragmentNumRings
00:29:45 <INFO> Registered scoring component FragmentNumAromaticRings
00:29:45 <INFO> Registered scoring component FragmentNumAliphaticRings
00:29:45 <INFO> Registered scoring component FragmentSlogP
00:29:45 <INFO> Registered scoring component MatchingSubstructure
00:29:45 <INFO> Registered scoring component MolVolume
00:29:45 <INFO> Registered scoring component Qed
00:29:45 <INFO> Registered scoring component LargestRingSize
00:29:45 <INFO> Registered scoring component MolecularWeight
00:29:45 <INFO> Registered scoring component GraphLength
00:29:45 <INFO> Registered scoring component NumAtomStereoCenters
00:29:45 <INFO> Registered scoring component HBondAcceptors
00:29:45 <INFO> Registered scoring component HBondDonors
00:29:45 <INFO> Registered scoring component NumRotBond
00:29:45 <INFO> Registered scoring component Csp3
00:29:45 <INFO> Registered scoring component numsp
00:29:45 <INFO> Registered scoring component numsp2
00:29:45 <INFO> Registered scoring component numsp3
00:29:45 <INFO> Registered scoring component NumHeavyAtoms
00:29:45 <INFO> Registered scoring component NumHeteroAtoms
00:29:45 <INFO> Registered scoring component NumRings
00:29:45 <INFO> Registered scoring component NumAromaticRings
00:29:45 <INFO> Registered scoring component NumAliphaticRings
00:29:45 <INFO> Registered scoring component SlogP
00:29:45 <INFO> Registered scoring component LargestRingSize
00:29:45 <INFO> Registered scoring component PMI
00:29:45 <INFO> Registered scoring component RDKitDescriptors
00:29:45 <INFO> Registered scoring component TanimotoSimilarity
00:29:45 <INFO> Registered scoring component TanimotoDistance
00:29:45 <INFO> Registered scoring component TPSA
00:29:45 <INFO> Registered scoring component SAScore
00:29:45 <INFO> Registered scoring component Cazp
00:29:46 <INFO> Registered scoring component ChemProp
00:29:46 <INFO> Registered scoring component CustomAlerts
00:29:46 <INFO> Registered scoring component DockStream
00:29:46 <INFO> Registered scoring component ExternalProcess
00:29:46 <INFO> Registered scoring component REST
00:29:46 <INFO> Registered scoring component Icolos
00:29:46 <INFO> Registered scoring component Maize
00:29:46 <INFO> Registered scoring component MMP
00:29:46 <INFO> Registered scoring component Qptuna
00:29:46 <INFO> Registered scoring component ReactionFilter
00:29:46 <INFO> Registered scoring component RingPrecedence
00:29:46 <INFO> Creating filter component custom_alerts
00:29:46 <INFO> Creating scoring component QED
00:29:46 <INFO> Creating scoring component TanimotoDistance
00:29:46 <INFO> Creating scoring component ExternalProcess
00:29:46 <INFO> Writing tabular data for stage to justmol2mol_3_1.csv
00:29:46 <INFO> Starting stage 1 <<<
00:29:46 <INFO> Current GPU memory usage: 403 MiB used, 22171 MiB free
00:31:05 <INFO> Score: 0.66 Agent NLL: 3.90 Valid: 100% Step: 1
 | Agent Prior Target Score SMILES SMILES_state Input_SMILES Scaffold QED QED (raw) TanimotoDistance TanimotoDistance (raw) maize maize (raw) Unwanted SMARTS Unwanted SMARTS (raw) matchting_patterns (Unwanted SMARTS)
 | 4.0491 4.0491 78.0371 0.6412981 CC(C)C(NC(=O)[C@@H]1C[C@@H](O)CN1C(=O)CNC(=O)c1ccc2cc(F)ccc2n1)c1ccccc1 1 COc1ccc([C@H](C)NC(=O)[C@@H]2C[C@@H](O)CN2C(=O)CNC(=O)c2ccc3cc(F)ccc3n2)c(Cl)c1 O=C(NCC(=O)N1CCC[C@H]1C(=O)NCc1ccccc1)c1ccc2ccccc2n1 0.4695327 0.4695 0.7364865 0.7365 0.6993661 -9.1500 1.0000000 1.0000 []
 | 4.5815 4.5815 87.6685 0.7207036 CC(NC(=O)[C@@H]1C[C@@H](O)CN1C(=O)CNC(=O)c1ccc2cc(F)ccc2n1)c1ccccc1 1 COc1ccc([C@H](C)NC(=O)[C@@H]2C[C@@H](O)CN2C(=O)CNC(=O)c2ccc3cc(F)ccc3n2)c(Cl)c1 O=C(NCC(=O)N1CCC[C@H]1C(=O)NCc1ccccc1)c1ccc2ccccc2n1 0.5163857 0.5164 0.7746479 0.7746 0.8212476 -10.4800 1.0000000 1.0000 []
 | 4.2698 4.2698 85.2996 0.6997611 C[C@@H](NC(=O)[C@@H]1C[C@@H](O)CN1C(=O)CNC(=O)c1ccc2cc(F)ccc2n1)c1ccc(Cl)cc1 1 COc1ccc([C@H](C)NC(=O)[C@@H]2C[C@@H](O)CN2C(=O)CNC(=O)c2ccc3cc(F)ccc3n2)c(Cl)c1 O=C(NCC(=O)N1CCC[C@H]1C(=O)NCc1ccccc1)c1ccc2ccccc2n1 0.4834885 0.4835 0.8014184 0.8014 0.7866414 -10.0500 1.0000000 1.0000 []
 | 2.9778 2.9778 85.0835 0.6879791 C[C@@H](NC(=O)[C@@H]1C[C@@H](O)CN1C(=O)CNC(=O)c1ccc2cc(F)ccc2n1)c1ccccc1 1 COc1ccc([C@H](C)NC(=O)[C@@H]2C[C@@H](O)CN2C(=O)CNC(=O)c2ccc3cc(F)ccc3n2)c(Cl)c1 O=C(NCC(=O)N1CCC[C@H]1C(=O)NCc1ccccc1)c1ccc2ccccc2n1 0.5163857 0.5164 0.7746479 0.7746 0.7483611 -9.6300 1.0000000 1.0000 []
 | 3.4014 3.4014 81.2390 0.6612533 O=C(NCC(=O)N1C[C@H](O)C[C@H]1C(=O)NC1CCCCC1)c1ccc2cc(F)ccc2n1 1 COc1ccc([C@H](C)NC(=O)[C@@H]2C[C@@H](O)CN2C(=O)CNC(=O)c2ccc3cc(F)ccc3n2)c(Cl)c1 O=C(NCC(=O)N1CCC[C@H]1C(=O)NC1CCCCC1)c1ccc2ccccc2n1 0.6501268 0.6501 0.6184211 0.6184 0.6895957 -9.0600 1.0000000 1.0000 []
 | 4.3193 4.3193 80.1981 0.6602922 O=C(NCC(=O)N1C[C@H](O)C[C@H]1C(=O)NCc1ccc(Cl)c(Cl)c1)c1ccc2cc(F)ccc2n1 1 COc1ccc([C@H](C)NC(=O)[C@@H]2C[C@@H](O)CN2C(=O)CNC(=O)c2ccc3cc(F)ccc3n2)c(Cl)c1 O=C(NCC(=O)N1CCC[C@H]1C(=O)NCc1ccccc1)c1ccc2ccccc2n1 0.4640416 0.4640 0.7114094 0.7114 0.7588117 -9.7400 1.0000000 1.0000 []
 | 3.8934 3.8934 81.9182 0.6704029 O=C(NCC(=O)N1C[C@H](O)C[C@H]1C(=O)NCc1ccc(Cl)cc1)c1ccc2cc(F)ccc2n1 1 COc1ccc([C@H](C)NC(=O)[C@@H]2C[C@@H](O)CN2C(=O)CNC(=O)c2ccc3cc(F)ccc3n2)c(Cl)c1 O=C(NCC(=O)N1CCC[C@H]1C(=O)NCc1ccccc1)c1ccc2ccccc2n1 0.4955094 0.4955 0.7260274 0.7260 0.7493234 -9.6400 1.0000000 1.0000 []
 | 3.2004 3.2004 75.4219 0.6142366 O=C(NCC(=O)N1C[C@H](O)C[C@H]1C(=O)NCc1cccc(Cl)c1)c1ccc2cc(F)ccc2n1 1 COc1ccc([C@H](C)NC(=O)[C@@H]2C[C@@H](O)CN2C(=O)CNC(=O)c2ccc3cc(F)ccc3n2)c(Cl)c1 O=C(NCC(=O)N1CCC[C@H]1C(=O)NCc1ccccc1)c1ccc2ccccc2n1 0.4955094 0.4955 0.7210884 0.7211 0.6311771 -8.5500 1.0000000 1.0000 []
 | 4.2413 4.2413 74.2970 0.6135800 O=C(NCC(=O)N1C[C@H](O)C[C@H]1C(=O)N[C@@H](CO)c1cccc(Cl)c1)c1ccc2cc(F)ccc2n1 1 COc1ccc([C@H](C)NC(=O)[C@@H]2C[C@@H](O)CN2C(=O)CNC(=O)c2ccc3cc(F)ccc3n2)c(Cl)c1 O=C(NCC(=O)N1CCC[C@H]1C(=O)NCc1ccccc1)c1ccc2ccccc2n1 0.3782864 0.3783 0.7432432 0.7432 0.7100135 -9.2500 1.0000000 1.0000 []
 | 4.0500 4.0500 75.9392 0.6249158 O=C(NCC(=O)N1CCC[C@H]1C(=O)NCc1ccc(Cl)c(Cl)c1)c1ccc2ccccc2n1 1 COc1ccc([C@H](C)NC(=O)[C@@H]2C[C@@H](O)CN2C(=O)CNC(=O)c2ccc3cc(F)ccc3n2)c(Cl)c1 O=C(NCC(=O)N1CCC[C@H]1C(=O)NCc1ccccc1)c1ccc2ccccc2n1 0.5586902 0.5587 0.5398773 0.5399 0.7110660 -9.2600 1.0000000 1.0000 []
00:31:45 <INFO> Score: 0.12 Agent NLL: 2.98 Valid: 100% Step: 2
 | Agent Prior Target Score SMILES SMILES_state Input_SMILES Scaffold QED QED (raw) TanimotoDistance TanimotoDistance (raw) maize maize (raw) Unwanted SMARTS Unwanted SMARTS (raw) matchting_patterns (Unwanted SMARTS)
 | 3.1761 4.0491 -4.0491 0.0000000 CC(C)C(NC(=O)[C@@H]1C[C@@H](O)CN1C(=O)CNC(=O)c1ccc2cc(F)ccc2n1)c1ccccc1 1 COc1ccc([C@H](C)NC(=O)[C@@H]2C[C@@H](O)CN2C(=O)CNC(=O)c2ccc3cc(F)ccc3n2)c(Cl)c1 O=C(NCC(=O)N1CCC[C@H]1C(=O)NCc1ccccc1)c1ccc2ccccc2n1 0.4695327 0.4695 0.7364865 0.7365 0.6993661 -9.1500 1.0000000 1.0000 []
 | 2.8393 4.8186 74.6476 0.6208297 CC(NC(=O)[C@@H]1C[C@@H](O)CN1C(=O)CNC(=O)c1ccc2cc(F)ccc2n1)c1ccc(Cl)cc1 1 COc1ccc([C@H](C)NC(=O)[C@@H]2C[C@@H](O)CN2C(=O)CNC(=O)c2ccc3cc(F)ccc3n2)c(Cl)c1 O=C(NCC(=O)N1CCC[C@H]1C(=O)NCc1ccccc1)c1ccc2ccccc2n1 0.4834885 0.4835 0.8014184 0.8014 0.6191875 -8.4500 1.0000000 1.0000 []
 | 3.7140 4.5815 -4.5815 0.0000000 CC(NC(=O)[C@@H]1C[C@@H](O)CN1C(=O)CNC(=O)c1ccc2cc(F)ccc2n1)c1ccccc1 1 COc1ccc([C@H](C)NC(=O)[C@@H]2C[C@@H](O)CN2C(=O)CNC(=O)c2ccc3cc(F)ccc3n2)c(Cl)c1 O=C(NCC(=O)N1CCC[C@H]1C(=O)NCc1ccccc1)c1ccc2ccccc2n1 0.5163857 0.5164 0.7746479 0.7746 0.8212476 -10.4800 1.0000000 1.0000 []
 | 2.6655 4.2698 -4.2698 0.0000000 C[C@@H](NC(=O)[C@@H]1C[C@@H](O)CN1C(=O)CNC(=O)c1ccc2cc(F)ccc2n1)c1ccc(Cl)cc1 1 COc1ccc([C@H](C)NC(=O)[C@@H]2C[C@@H](O)CN2C(=O)CNC(=O)c2ccc3cc(F)ccc3n2)c(Cl)c1 O=C(NCC(=O)N1CCC[C@H]1C(=O)NCc1ccccc1)c1ccc2ccccc2n1 0.4834885 0.4835 0.8014184 0.8014 0.7866414 -10.0500 1.0000000 1.0000 []
 | 3.7679 3.4014 -3.4014 0.0000000 O=C(NCC(=O)N1C[C@H](O)C[C@H]1C(=O)NC1CCCCC1)c1ccc2cc(F)ccc2n1 1 COc1ccc([C@H](C)NC(=O)[C@@H]2C[C@@H](O)CN2C(=O)CNC(=O)c2ccc3cc(F)ccc3n2)c(Cl)c1 O=C(NCC(=O)N1CCC[C@H]1C(=O)NC1CCCCC1)c1ccc2ccccc2n1 0.6501268 0.6501 0.6184211 0.6184 0.6895957 -9.0600 1.0000000 1.0000 []
 | 1.3147 4.3193 -4.3193 0.0000000 O=C(NCC(=O)N1C[C@H](O)C[C@H]1C(=O)NCc1ccc(Cl)c(Cl)c1)c1ccc2cc(F)ccc2n1 1 COc1ccc([C@H](C)NC(=O)[C@@H]2C[C@@H](O)CN2C(=O)CNC(=O)c2ccc3cc(F)ccc3n2)c(Cl)c1 O=C(NCC(=O)N1CCC[C@H]1C(=O)NCc1ccccc1)c1ccc2ccccc2n1 0.4640416 0.4640 0.7114094 0.7114 0.7588117 -9.7400 1.0000000 1.0000 []
 | 2.0370 3.8934 -3.8934 0.0000000 O=C(NCC(=O)N1C[C@H](O)C[C@H]1C(=O)NCc1ccc(Cl)cc1)c1ccc2cc(F)ccc2n1 1 COc1ccc([C@H](C)NC(=O)[C@@H]2C[C@@H](O)CN2C(=O)CNC(=O)c2ccc3cc(F)ccc3n2)c(Cl)c1 O=C(NCC(=O)N1CCC[C@H]1C(=O)NCc1ccccc1)c1ccc2ccccc2n1 0.4955094 0.4955 0.7260274 0.7260 0.7493234 -9.6400 1.0000000 1.0000 []
 | 3.7119 3.2004 -3.2004 0.0000000 O=C(NCC(=O)N1C[C@H](O)C[C@H]1C(=O)NCc1cccc(Cl)c1)c1ccc2cc(F)ccc2n1 1 COc1ccc([C@H](C)NC(=O)[C@@H]2C[C@@H](O)CN2C(=O)CNC(=O)c2ccc3cc(F)ccc3n2)c(Cl)c1 O=C(NCC(=O)N1CCC[C@H]1C(=O)NCc1ccccc1)c1ccc2ccccc2n1 0.4955094 0.4955 0.7210884 0.7211 0.6311771 -8.5500 1.0000000 1.0000 []
 | 2.8882 4.2413 -4.2413 0.0000000 O=C(NCC(=O)N1C[C@H](O)C[C@H]1C(=O)N[C@@H](CO)c1cccc(Cl)c1)c1ccc2cc(F)ccc2n1 1 COc1ccc([C@H](C)NC(=O)[C@@H]2C[C@@H](O)CN2C(=O)CNC(=O)c2ccc3cc(F)ccc3n2)c(Cl)c1 O=C(NCC(=O)N1CCC[C@H]1C(=O)NCc1ccccc1)c1ccc2ccccc2n1 0.3782864 0.3783 0.7432432 0.7432 0.7100135 -9.2500 1.0000000 1.0000 []
 | 3.6973 4.6734 73.3336 0.6094298 O=C(NCC(=O)N1C[C@H](O)C[C@H]1C(=O)N[C@H](CO)c1cccc(Cl)c1)c1ccc2cc(F)ccc2n1 1 COc1ccc([C@H](C)NC(=O)[C@@H]2C[C@@H](O)CN2C(=O)CNC(=O)c2ccc3cc(F)ccc3n2)c(Cl)c1 O=C(NCC(=O)N1CCC[C@H]1C(=O)NCc1ccccc1)c1ccc2ccccc2n1 0.3782864 0.3783 0.7432432 0.7432 0.7004409 -9.1600 1.0000000 1.0000 []
00:32:18 <INFO> Score: 0.13 Agent NLL: 3.05 Valid:  90% Step: 3
 | Agent Prior Target Score SMILES SMILES_state Input_SMILES Scaffold QED QED (raw) TanimotoDistance TanimotoDistance (raw) maize maize (raw) Unwanted SMARTS Unwanted SMARTS (raw) matchting_patterns (Unwanted SMARTS)
 | 4.2898 4.0491 -4.0491 0.0000000 CC(C)C(NC(=O)[C@@H]1C[C@@H](O)CN1C(=O)CNC(=O)c1ccc2cc(F)ccc2n1)c1ccccc1 1 COc1ccc([C@H](C)NC(=O)[C@@H]2C[C@@H](O)CN2C(=O)CNC(=O)c2ccc3cc(F)ccc3n2)c(Cl)c1 O=C(NCC(=O)N1CCC[C@H]1C(=O)NCc1ccccc1)c1ccc2ccccc2n1 0.4695327 0.4695 0.7364865 0.7365 0.6993661 -9.1500 1.0000000 1.0000 []
 | 1.7114 4.8186 -4.8186 0.0000000 CC(NC(=O)[C@@H]1C[C@@H](O)CN1C(=O)CNC(=O)c1ccc2cc(F)ccc2n1)c1ccc(Cl)cc1 1 COc1ccc([C@H](C)NC(=O)[C@@H]2C[C@@H](O)CN2C(=O)CNC(=O)c2ccc3cc(F)ccc3n2)c(Cl)c1 O=C(NCC(=O)N1CCC[C@H]1C(=O)NCc1ccccc1)c1ccc2ccccc2n1 0.4834885 0.4835 0.8014184 0.8014 0.6191875 -8.4500 1.0000000 1.0000 []
 | 4.1122 4.1297 73.7127 0.6081443 COc1ccc(CNC(=O)[C@@H]2C[C@@H](O)CN2C(=O)CNC(=O)c2ccc3cc(F)ccc3n2)cc1 1 COc1ccc([C@H](C)NC(=O)[C@@H]2C[C@@H](O)CN2C(=O)CNC(=O)c2ccc3cc(F)ccc3n2)c(Cl)c1 O=C(NCC(=O)N1CCC[C@H]1C(=O)NCc1ccccc1)c1ccc2ccccc2n1 0.4701237 0.4701 0.7832168 0.7832 0.6094894 -8.3700 1.0000000 1.0000 []
 | 2.2934 4.2698 -4.2698 0.0000000 C[C@@H](NC(=O)[C@@H]1C[C@@H](O)CN1C(=O)CNC(=O)c1ccc2cc(F)ccc2n1)c1ccc(Cl)cc1 1 COc1ccc([C@H](C)NC(=O)[C@@H]2C[C@@H](O)CN2C(=O)CNC(=O)c2ccc3cc(F)ccc3n2)c(Cl)c1 O=C(NCC(=O)N1CCC[C@H]1C(=O)NCc1ccccc1)c1ccc2ccccc2n1 0.4834885 0.4835 0.8014184 0.8014 0.7866414 -10.0500 1.0000000 1.0000 []
 | 4.7733 5.2000 79.3195 0.6603088 C[C@H](NC(=O)[C@@H]1C[C@@H](O)CN1C(=O)CNC(=O)c1ccc2cc(F)ccc2n1)c1ccc(Cl)cc1 1 COc1ccc([C@H](C)NC(=O)[C@@H]2C[C@@H](O)CN2C(=O)CNC(=O)c2ccc3cc(F)ccc3n2)c(Cl)c1 O=C(NCC(=O)N1CCC[C@H]1C(=O)NCc1ccccc1)c1ccc2ccccc2n1 0.4834885 0.4835 0.8014184 0.8014 0.7004409 -9.1600 1.0000000 1.0000 []
 | 4.5871 5.1072 -5.1072 0.0000000 Cc1ccc(C(NC(=O)[C@@H]2C[C@@H](O)CN2C(=O)CNC(=O)c2ccc3cc(F)ccc3n2)cc1 0 COc1ccc([C@H](C)NC(=O)[C@@H]2C[C@@H](O)CN2C(=O)CNC(=O)c2ccc3cc(F)ccc3n2)c(Cl)c1 -- 0.0000000 0.0000 0.0000000 0.0000 0.0000000 0.0000 0.0000000 0.0000 None
 | 1.3301 4.3193 -4.3193 0.0000000 O=C(NCC(=O)N1C[C@H](O)C[C@H]1C(=O)NCc1ccc(Cl)c(Cl)c1)c1ccc2cc(F)ccc2n1 1 COc1ccc([C@H](C)NC(=O)[C@@H]2C[C@@H](O)CN2C(=O)CNC(=O)c2ccc3cc(F)ccc3n2)c(Cl)c1 O=C(NCC(=O)N1CCC[C@H]1C(=O)NCc1ccccc1)c1ccc2ccccc2n1 0.4640416 0.4640 0.7114094 0.7114 0.7588117 -9.7400 1.0000000 1.0000 []
 | 2.8658 3.8934 -3.8934 0.0000000 O=C(NCC(=O)N1C[C@H](O)C[C@H]1C(=O)NCc1ccc(Cl)cc1)c1ccc2cc(F)ccc2n1 1 COc1ccc([C@H](C)NC(=O)[C@@H]2C[C@@H](O)CN2C(=O)CNC(=O)c2ccc3cc(F)ccc3n2)c(Cl)c1 O=C(NCC(=O)N1CCC[C@H]1C(=O)NCc1ccccc1)c1ccc2ccccc2n1 0.4955094 0.4955 0.7260274 0.7260 0.7493234 -9.6400 1.0000000 1.0000 []
 | 2.1828 4.2413 -4.2413 0.0000000 O=C(NCC(=O)N1C[C@H](O)C[C@H]1C(=O)N[C@@H](CO)c1cccc(Cl)c1)c1ccc2cc(F)ccc2n1 1 COc1ccc([C@H](C)NC(=O)[C@@H]2C[C@@H](O)CN2C(=O)CNC(=O)c2ccc3cc(F)ccc3n2)c(Cl)c1 O=C(NCC(=O)N1CCC[C@H]1C(=O)NCc1ccccc1)c1ccc2ccccc2n1 0.3782864 0.3783 0.7432432 0.7432 0.7100135 -9.2500 1.0000000 1.0000 []
 | 2.3315 4.6734 -4.6734 0.0000000 O=C(NCC(=O)N1C[C@H](O)C[C@H]1C(=O)N[C@H](CO)c1cccc(Cl)c1)c1ccc2cc(F)ccc2n1 1 COc1ccc([C@H](C)NC(=O)[C@@H]2C[C@@H](O)CN2C(=O)CNC(=O)c2ccc3cc(F)ccc3n2)c(Cl)c1 O=C(NCC(=O)N1CCC[C@H]1C(=O)NCc1ccccc1)c1ccc2ccccc2n1 0.3782864 0.3783 0.7432432 0.7432 0.7004409 -9.1600 1.0000000 1.0000 []
00:32:39 <INFO> Score: 0.05 Agent NLL: 2.93 Valid:  90% Step: 4
 | Agent Prior Target Score SMILES SMILES_state Input_SMILES Scaffold QED QED (raw) TanimotoDistance TanimotoDistance (raw) maize maize (raw) Unwanted SMARTS Unwanted SMARTS (raw) matchting_patterns (Unwanted SMARTS)
 | 1.2768 4.8186 -4.8186 0.0000000 CC(NC(=O)[C@@H]1C[C@@H](O)CN1C(=O)CNC(=O)c1ccc2cc(F)ccc2n1)c1ccc(Cl)cc1 1 COc1ccc([C@H](C)NC(=O)[C@@H]2C[C@@H](O)CN2C(=O)CNC(=O)c2ccc3cc(F)ccc3n2)c(Cl)c1 O=C(NCC(=O)N1CCC[C@H]1C(=O)NCc1ccccc1)c1ccc2ccccc2n1 0.4834885 0.4835 0.8014184 0.8014 0.6191875 -8.4500 1.0000000 1.0000 []
 | 3.3838 4.1297 -4.1297 0.0000000 COc1ccc(CNC(=O)[C@@H]2C[C@@H](O)CN2C(=O)CNC(=O)c2ccc3cc(F)ccc3n2)cc1 1 COc1ccc([C@H](C)NC(=O)[C@@H]2C[C@@H](O)CN2C(=O)CNC(=O)c2ccc3cc(F)ccc3n2)c(Cl)c1 O=C(NCC(=O)N1CCC[C@H]1C(=O)NCc1ccccc1)c1ccc2ccccc2n1 0.4701237 0.4701 0.7832168 0.7832 0.6094894 -8.3700 1.0000000 1.0000 []
 | 2.0272 4.2698 -4.2698 0.0000000 C[C@@H](NC(=O)[C@@H]1C[C@@H](O)CN1C(=O)CNC(=O)c1ccc2cc(F)ccc2n1)c1ccc(Cl)cc1 1 COc1ccc([C@H](C)NC(=O)[C@@H]2C[C@@H](O)CN2C(=O)CNC(=O)c2ccc3cc(F)ccc3n2)c(Cl)c1 O=C(NCC(=O)N1CCC[C@H]1C(=O)NCc1ccccc1)c1ccc2ccccc2n1 0.4834885 0.4835 0.8014184 0.8014 0.7866414 -10.0500 1.0000000 1.0000 []
 | 4.0203 5.2000 -5.2000 0.0000000 C[C@H](NC(=O)[C@@H]1C[C@@H](O)CN1C(=O)CNC(=O)c1ccc2cc(F)ccc2n1)c1ccc(Cl)cc1 1 COc1ccc([C@H](C)NC(=O)[C@@H]2C[C@@H](O)CN2C(=O)CNC(=O)c2ccc3cc(F)ccc3n2)c(Cl)c1 O=C(NCC(=O)N1CCC[C@H]1C(=O)NCc1ccccc1)c1ccc2ccccc2n1 0.4834885 0.4835 0.8014184 0.8014 0.7004409 -9.1600 1.0000000 1.0000 []
 | 4.4613 5.1072 -5.1072 0.0000000 Cc1ccc(C(NC(=O)[C@@H]2C[C@@H](O)CN2C(=O)CNC(=O)c2ccc3cc(F)ccc3n2)cc1 0 COc1ccc([C@H](C)NC(=O)[C@@H]2C[C@@H](O)CN2C(=O)CNC(=O)c2ccc3cc(F)ccc3n2)c(Cl)c1 -- 0.0000000 0.0000 0.0000000 0.0000 0.0000000 0.0000 0.0000000 0.0000 None
 | 1.9268 4.3193 -4.3193 0.0000000 O=C(NCC(=O)N1C[C@H](O)C[C@H]1C(=O)NCc1ccc(Cl)c(Cl)c1)c1ccc2cc(F)ccc2n1 1 COc1ccc([C@H](C)NC(=O)[C@@H]2C[C@@H](O)CN2C(=O)CNC(=O)c2ccc3cc(F)ccc3n2)c(Cl)c1 O=C(NCC(=O)N1CCC[C@H]1C(=O)NCc1ccccc1)c1ccc2ccccc2n1 0.4640416 0.4640 0.7114094 0.7114 0.7588117 -9.7400 1.0000000 1.0000 []
 | 4.0659 3.8934 -3.8934 0.0000000 O=C(NCC(=O)N1C[C@H](O)C[C@H]1C(=O)NCc1ccc(Cl)cc1)c1ccc2cc(F)ccc2n1 1 COc1ccc([C@H](C)NC(=O)[C@@H]2C[C@@H](O)CN2C(=O)CNC(=O)c2ccc3cc(F)ccc3n2)c(Cl)c1 O=C(NCC(=O)N1CCC[C@H]1C(=O)NCc1ccccc1)c1ccc2ccccc2n1 0.4955094 0.4955 0.7260274 0.7260 0.7493234 -9.6400 1.0000000 1.0000 []
 | 3.6365 10.3732 59.8299 0.5484618 O=C(NCC(=O)N1C[C@H](O)C[C@H]1C(=O)N[C@@H](CO)c1ccc(Cl)c(Cl)c1)c1ccc2cc(F)ccc2n1 1 COc1ccc([C@H](C)NC(=O)[C@@H]2C[C@@H](O)CN2C(=O)CNC(=O)c2ccc3cc(F)ccc3n2)c(Cl)c1 O=C(NCC(=O)N1CCC[C@H]1C(=O)NCc1ccccc1)c1ccc2ccccc2n1 0.3576641 0.3577 0.7333333 0.7333 0.5873601 -8.1900 1.0000000 1.0000 []
 | 2.4813 4.2413 -4.2413 0.0000000 O=C(NCC(=O)N1C[C@H](O)C[C@H]1C(=O)N[C@@H](CO)c1cccc(Cl)c1)c1ccc2cc(F)ccc2n1 1 COc1ccc([C@H](C)NC(=O)[C@@H]2C[C@@H](O)CN2C(=O)CNC(=O)c2ccc3cc(F)ccc3n2)c(Cl)c1 O=C(NCC(=O)N1CCC[C@H]1C(=O)NCc1ccccc1)c1ccc2ccccc2n1 0.3782864 0.3783 0.7432432 0.7432 0.7100135 -9.2500 1.0000000 1.0000 []
 | 1.9968 4.6734 -4.6734 0.0000000 O=C(NCC(=O)N1C[C@H](O)C[C@H]1C(=O)N[C@H](CO)c1cccc(Cl)c1)c1ccc2cc(F)ccc2n1 1 COc1ccc([C@H](C)NC(=O)[C@@H]2C[C@@H](O)CN2C(=O)CNC(=O)c2ccc3cc(F)ccc3n2)c(Cl)c1 O=C(NCC(=O)N1CCC[C@H]1C(=O)NCc1ccccc1)c1ccc2ccccc2n1 0.3782864 0.3783 0.7432432 0.7432 0.7004409 -9.1600 1.0000000 1.0000 []
00:33:11 <INFO> Score: 0.25 Agent NLL: 3.05 Valid:  90% Step: 5
 | Agent Prior Target Score SMILES SMILES_state Input_SMILES Scaffold QED QED (raw) TanimotoDistance TanimotoDistance (raw) maize maize (raw) Unwanted SMARTS Unwanted SMARTS (raw) matchting_patterns (Unwanted SMARTS)
 | 1.1709 4.8186 -4.8186 0.0000000 CC(NC(=O)[C@@H]1C[C@@H](O)CN1C(=O)CNC(=O)c1ccc2cc(F)ccc2n1)c1ccc(Cl)cc1 1 COc1ccc([C@H](C)NC(=O)[C@@H]2C[C@@H](O)CN2C(=O)CNC(=O)c2ccc3cc(F)ccc3n2)c(Cl)c1 O=C(NCC(=O)N1CCC[C@H]1C(=O)NCc1ccccc1)c1ccc2ccccc2n1 0.4834885 0.4835 0.8014184 0.8014 0.6191875 -8.4500 1.0000000 1.0000 []
 | 3.0840 4.1297 -4.1297 0.0000000 COc1ccc(CNC(=O)[C@@H]2C[C@@H](O)CN2C(=O)CNC(=O)c2ccc3cc(F)ccc3n2)cc1 1 COc1ccc([C@H](C)NC(=O)[C@@H]2C[C@@H](O)CN2C(=O)CNC(=O)c2ccc3cc(F)ccc3n2)c(Cl)c1 O=C(NCC(=O)N1CCC[C@H]1C(=O)NCc1ccccc1)c1ccc2ccccc2n1 0.4701237 0.4701 0.7832168 0.7832 0.6094894 -8.3700 1.0000000 1.0000 []
 | 2.0223 4.2698 -4.2698 0.0000000 C[C@@H](NC(=O)[C@@H]1C[C@@H](O)CN1C(=O)CNC(=O)c1ccc2cc(F)ccc2n1)c1ccc(Cl)cc1 1 COc1ccc([C@H](C)NC(=O)[C@@H]2C[C@@H](O)CN2C(=O)CNC(=O)c2ccc3cc(F)ccc3n2)c(Cl)c1 O=C(NCC(=O)N1CCC[C@H]1C(=O)NCc1ccccc1)c1ccc2ccccc2n1 0.4834885 0.4835 0.8014184 0.8014 0.7866414 -10.0500 1.0000000 1.0000 []
 | 3.6413 5.2000 -5.2000 0.0000000 C[C@H](NC(=O)[C@@H]1C[C@@H](O)CN1C(=O)CNC(=O)c1ccc2cc(F)ccc2n1)c1ccc(Cl)cc1 1 COc1ccc([C@H](C)NC(=O)[C@@H]2C[C@@H](O)CN2C(=O)CNC(=O)c2ccc3cc(F)ccc3n2)c(Cl)c1 O=C(NCC(=O)N1CCC[C@H]1C(=O)NCc1ccccc1)c1ccc2ccccc2n1 0.4834885 0.4835 0.8014184 0.8014 0.7004409 -9.1600 1.0000000 1.0000 []
 | 4.5704 5.1072 -5.1072 0.0000000 Cc1ccc(C(NC(=O)[C@@H]2C[C@@H](O)CN2C(=O)CNC(=O)c2ccc3cc(F)ccc3n2)cc1 0 COc1ccc([C@H](C)NC(=O)[C@@H]2C[C@@H](O)CN2C(=O)CNC(=O)c2ccc3cc(F)ccc3n2)c(Cl)c1 -- 0.0000000 0.0000 0.0000000 0.0000 0.0000000 0.0000 0.0000000 0.0000 None
 | 4.9030 4.6591 84.8478 0.6992722 Cc1ccc([C@@H](C)NC(=O)[C@@H]2C[C@@H](O)CN2C(=O)CNC(=O)c2ccc3cc(F)ccc3n2)cc1 1 COc1ccc([C@H](C)NC(=O)[C@@H]2C[C@@H](O)CN2C(=O)CNC(=O)c2ccc3cc(F)ccc3n2)c(Cl)c1 O=C(NCC(=O)N1CCC[C@H]1C(=O)NCc1ccccc1)c1ccc2ccccc2n1 0.5033078 0.5033 0.7762238 0.7762 0.7823160 -10.0000 1.0000000 1.0000 []
 | 2.7221 4.3193 -4.3193 0.0000000 O=C(NCC(=O)N1C[C@H](O)C[C@H]1C(=O)NCc1ccc(Cl)c(Cl)c1)c1ccc2cc(F)ccc2n1 1 COc1ccc([C@H](C)NC(=O)[C@@H]2C[C@@H](O)CN2C(=O)CNC(=O)c2ccc3cc(F)ccc3n2)c(Cl)c1 O=C(NCC(=O)N1CCC[C@H]1C(=O)NCc1ccccc1)c1ccc2ccccc2n1 0.4640416 0.4640 0.7114094 0.7114 0.7588117 -9.7400 1.0000000 1.0000 []
 | 1.9783 10.3732 59.8299 0.5484618 O=C(NCC(=O)N1C[C@H](O)C[C@H]1C(=O)N[C@@H](CO)c1ccc(Cl)c(Cl)c1)c1ccc2cc(F)ccc2n1 1 COc1ccc([C@H](C)NC(=O)[C@@H]2C[C@@H](O)CN2C(=O)CNC(=O)c2ccc3cc(F)ccc3n2)c(Cl)c1 O=C(NCC(=O)N1CCC[C@H]1C(=O)NCc1ccccc1)c1ccc2ccccc2n1 0.3576641 0.3577 0.7333333 0.7333 0.5873601 -8.1900 1.0000000 1.0000 []
 | 1.8554 12.2158 68.4388 0.6301140 O=C(NCC(=O)N1C[C@H](O)C[C@H]1C(=O)N[C@H](CO)c1ccc(Cl)c(Cl)c1)c1ccc2cc(F)ccc2n1 1 COc1ccc([C@H](C)NC(=O)[C@@H]2C[C@@H](O)CN2C(=O)CNC(=O)c2ccc3cc(F)ccc3n2)c(Cl)c1 O=C(NCC(=O)N1CCC[C@H]1C(=O)NCc1ccccc1)c1ccc2ccccc2n1 0.3576641 0.3577 0.7333333 0.7333 0.7752643 -9.9200 1.0000000 1.0000 []
 | 4.5514 10.0226 66.2444 0.5958362 O=C(NCC(=O)N1C[C@H](O)C[C@H]1C(=O)N[C@H](CO)c1ccc(Cl)cc1)c1ccc2cc(F)ccc2n1 1 COc1ccc([C@H](C)NC(=O)[C@@H]2C[C@@H](O)CN2C(=O)CNC(=O)c2ccc3cc(F)ccc3n2)c(Cl)c1 O=C(NCC(=O)N1CCC[C@H]1C(=O)NCc1ccccc1)c1ccc2ccccc2n1 0.3782864 0.3783 0.7482993 0.7483 0.6672764 -8.8600 1.0000000 1.0000 []
00:33:31 <INFO> Score: 0.18 Agent NLL: 2.76 Valid: 100% Step: 6
 | Agent Prior Target Score SMILES SMILES_state Input_SMILES Scaffold QED QED (raw) TanimotoDistance TanimotoDistance (raw) maize maize (raw) Unwanted SMARTS Unwanted SMARTS (raw) matchting_patterns (Unwanted SMARTS)
 | 1.3993 4.8186 -4.8186 0.0000000 CC(NC(=O)[C@@H]1C[C@@H](O)CN1C(=O)CNC(=O)c1ccc2cc(F)ccc2n1)c1ccc(Cl)cc1 1 COc1ccc([C@H](C)NC(=O)[C@@H]2C[C@@H](O)CN2C(=O)CNC(=O)c2ccc3cc(F)ccc3n2)c(Cl)c1 O=C(NCC(=O)N1CCC[C@H]1C(=O)NCc1ccccc1)c1ccc2ccccc2n1 0.4834885 0.4835 0.8014184 0.8014 0.6191875 -8.4500 1.0000000 1.0000 []
 | 3.1453 4.1297 -4.1297 0.0000000 COc1ccc(CNC(=O)[C@@H]2C[C@@H](O)CN2C(=O)CNC(=O)c2ccc3cc(F)ccc3n2)cc1 1 COc1ccc([C@H](C)NC(=O)[C@@H]2C[C@@H](O)CN2C(=O)CNC(=O)c2ccc3cc(F)ccc3n2)c(Cl)c1 O=C(NCC(=O)N1CCC[C@H]1C(=O)NCc1ccccc1)c1ccc2ccccc2n1 0.4701237 0.4701 0.7832168 0.7832 0.6094894 -8.3700 1.0000000 1.0000 []
 | 2.2507 4.2698 -4.2698 0.0000000 C[C@@H](NC(=O)[C@@H]1C[C@@H](O)CN1C(=O)CNC(=O)c1ccc2cc(F)ccc2n1)c1ccc(Cl)cc1 1 COc1ccc([C@H](C)NC(=O)[C@@H]2C[C@@H](O)CN2C(=O)CNC(=O)c2ccc3cc(F)ccc3n2)c(Cl)c1 O=C(NCC(=O)N1CCC[C@H]1C(=O)NCc1ccccc1)c1ccc2ccccc2n1 0.4834885 0.4835 0.8014184 0.8014 0.7866414 -10.0500 1.0000000 1.0000 []
 | 3.6064 5.2000 -5.2000 0.0000000 C[C@H](NC(=O)[C@@H]1C[C@@H](O)CN1C(=O)CNC(=O)c1ccc2cc(F)ccc2n1)c1ccc(Cl)cc1 1 COc1ccc([C@H](C)NC(=O)[C@@H]2C[C@@H](O)CN2C(=O)CNC(=O)c2ccc3cc(F)ccc3n2)c(Cl)c1 O=C(NCC(=O)N1CCC[C@H]1C(=O)NCc1ccccc1)c1ccc2ccccc2n1 0.4834885 0.4835 0.8014184 0.8014 0.7004409 -9.1600 1.0000000 1.0000 []
 | 4.2520 4.6591 -4.6591 0.0000000 Cc1ccc([C@@H](C)NC(=O)[C@@H]2C[C@@H](O)CN2C(=O)CNC(=O)c2ccc3cc(F)ccc3n2)cc1 1 COc1ccc([C@H](C)NC(=O)[C@@H]2C[C@@H](O)CN2C(=O)CNC(=O)c2ccc3cc(F)ccc3n2)c(Cl)c1 O=C(NCC(=O)N1CCC[C@H]1C(=O)NCc1ccccc1)c1ccc2ccccc2n1 0.5033078 0.5033 0.7762238 0.7762 0.7823160 -10.0000 1.0000000 1.0000 []
 | 3.8936 4.3193 -4.3193 0.0000000 O=C(NCC(=O)N1C[C@H](O)C[C@H]1C(=O)NCc1ccc(Cl)c(Cl)c1)c1ccc2cc(F)ccc2n1 1 COc1ccc([C@H](C)NC(=O)[C@@H]2C[C@@H](O)CN2C(=O)CNC(=O)c2ccc3cc(F)ccc3n2)c(Cl)c1 O=C(NCC(=O)N1CCC[C@H]1C(=O)NCc1ccccc1)c1ccc2ccccc2n1 0.4640416 0.4640 0.7114094 0.7114 0.7588117 -9.7400 1.0000000 1.0000 []
 | 2.0722 10.3732 59.8299 0.5484618 O=C(NCC(=O)N1C[C@H](O)C[C@H]1C(=O)N[C@@H](CO)c1ccc(Cl)c(Cl)c1)c1ccc2cc(F)ccc2n1 1 COc1ccc([C@H](C)NC(=O)[C@@H]2C[C@@H](O)CN2C(=O)CNC(=O)c2ccc3cc(F)ccc3n2)c(Cl)c1 O=C(NCC(=O)N1CCC[C@H]1C(=O)NCc1ccccc1)c1ccc2ccccc2n1 0.3576641 0.3577 0.7333333 0.7333 0.5873601 -8.1900 1.0000000 1.0000 []
 | 2.9555 9.4339 69.8694 0.6195571 O=C(NCC(=O)N1C[C@H](O)C[C@H]1C(=O)N[C@@H](CO)c1ccc(Cl)cc1)c1ccc2cc(F)ccc2n1 1 COc1ccc([C@H](C)NC(=O)[C@@H]2C[C@@H](O)CN2C(=O)CNC(=O)c2ccc3cc(F)ccc3n2)c(Cl)c1 O=C(NCC(=O)N1CCC[C@H]1C(=O)NCc1ccccc1)c1ccc2ccccc2n1 0.3782864 0.3783 0.7482993 0.7483 0.7214640 -9.3600 1.0000000 1.0000 []
 | 2.4843 12.2158 -12.2158 0.0000000 O=C(NCC(=O)N1C[C@H](O)C[C@H]1C(=O)N[C@H](CO)c1ccc(Cl)c(Cl)c1)c1ccc2cc(F)ccc2n1 1 COc1ccc([C@H](C)NC(=O)[C@@H]2C[C@@H](O)CN2C(=O)CNC(=O)c2ccc3cc(F)ccc3n2)c(Cl)c1 O=C(NCC(=O)N1CCC[C@H]1C(=O)NCc1ccccc1)c1ccc2ccccc2n1 0.3576641 0.3577 0.7333333 0.7333 0.7752643 -9.9200 1.0000000 1.0000 []
 | 1.5567 10.0226 66.2444 0.5958362 O=C(NCC(=O)N1C[C@H](O)C[C@H]1C(=O)N[C@H](CO)c1ccc(Cl)cc1)c1ccc2cc(F)ccc2n1 1 COc1ccc([C@H](C)NC(=O)[C@@H]2C[C@@H](O)CN2C(=O)CNC(=O)c2ccc3cc(F)ccc3n2)c(Cl)c1 O=C(NCC(=O)N1CCC[C@H]1C(=O)NCc1ccccc1)c1ccc2ccccc2n1 0.3782864 0.3783 0.7482993 0.7483 0.6672764 -8.8600 1.0000000 1.0000 []
00:33:57 <INFO> Score: 0.19 Agent NLL: 3.30 Valid: 100% Step: 7
 | Agent Prior Target Score SMILES SMILES_state Input_SMILES Scaffold QED QED (raw) TanimotoDistance TanimotoDistance (raw) maize maize (raw) Unwanted SMARTS Unwanted SMARTS (raw) matchting_patterns (Unwanted SMARTS)
 | 1.7143 4.8186 -4.8186 0.0000000 CC(NC(=O)[C@@H]1C[C@@H](O)CN1C(=O)CNC(=O)c1ccc2cc(F)ccc2n1)c1ccc(Cl)cc1 1 COc1ccc([C@H](C)NC(=O)[C@@H]2C[C@@H](O)CN2C(=O)CNC(=O)c2ccc3cc(F)ccc3n2)c(Cl)c1 O=C(NCC(=O)N1CCC[C@H]1C(=O)NCc1ccccc1)c1ccc2ccccc2n1 0.4834885 0.4835 0.8014184 0.8014 0.6191875 -8.4500 1.0000000 1.0000 []
 | 3.3505 4.1297 -4.1297 0.0000000 COc1ccc(CNC(=O)[C@@H]2C[C@@H](O)CN2C(=O)CNC(=O)c2ccc3cc(F)ccc3n2)cc1 1 COc1ccc([C@H](C)NC(=O)[C@@H]2C[C@@H](O)CN2C(=O)CNC(=O)c2ccc3cc(F)ccc3n2)c(Cl)c1 O=C(NCC(=O)N1CCC[C@H]1C(=O)NCc1ccccc1)c1ccc2ccccc2n1 0.4701237 0.4701 0.7832168 0.7832 0.6094894 -8.3700 1.0000000 1.0000 []
 | 5.0272 5.6218 80.4374 0.6723375 COc1ccc([C@@H](C)NC(=O)[C@@H]2C[C@@H](O)CN2C(=O)CNC(=O)c2ccc3cc(F)ccc3n2)cc1 1 COc1ccc([C@H](C)NC(=O)[C@@H]2C[C@@H](O)CN2C(=O)CNC(=O)c2ccc3cc(F)ccc3n2)c(Cl)c1 O=C(NCC(=O)N1CCC[C@H]1C(=O)NCc1ccccc1)c1ccc2ccccc2n1 0.4618479 0.4618 0.8623188 0.8623 0.7162938 -9.3100 1.0000000 1.0000 []
 | 5.4175 4.1553 82.8798 0.6799623 COc1ccc([C@H](C)NC(=O)[C@@H]2C[C@@H](O)CN2C(=O)CNC(=O)c2ccc3cc(F)ccc3n2)cc1 1 COc1ccc([C@H](C)NC(=O)[C@@H]2C[C@@H](O)CN2C(=O)CNC(=O)c2ccc3cc(F)ccc3n2)c(Cl)c1 O=C(NCC(=O)N1CCC[C@H]1C(=O)NCc1ccccc1)c1ccc2ccccc2n1 0.4618479 0.4618 0.8623188 0.8623 0.7326326 -9.4700 1.0000000 1.0000 []
 | 2.6122 4.2698 -4.2698 0.0000000 C[C@@H](NC(=O)[C@@H]1C[C@@H](O)CN1C(=O)CNC(=O)c1ccc2cc(F)ccc2n1)c1ccc(Cl)cc1 1 COc1ccc([C@H](C)NC(=O)[C@@H]2C[C@@H](O)CN2C(=O)CNC(=O)c2ccc3cc(F)ccc3n2)c(Cl)c1 O=C(NCC(=O)N1CCC[C@H]1C(=O)NCc1ccccc1)c1ccc2ccccc2n1 0.4834885 0.4835 0.8014184 0.8014 0.7866414 -10.0500 1.0000000 1.0000 []
 | 3.6754 5.2000 -5.2000 0.0000000 C[C@H](NC(=O)[C@@H]1C[C@@H](O)CN1C(=O)CNC(=O)c1ccc2cc(F)ccc2n1)c1ccc(Cl)cc1 1 COc1ccc([C@H](C)NC(=O)[C@@H]2C[C@@H](O)CN2C(=O)CNC(=O)c2ccc3cc(F)ccc3n2)c(Cl)c1 O=C(NCC(=O)N1CCC[C@H]1C(=O)NCc1ccccc1)c1ccc2ccccc2n1 0.4834885 0.4835 0.8014184 0.8014 0.7004409 -9.1600 1.0000000 1.0000 []
 | 4.1362 4.6591 -4.6591 0.0000000 Cc1ccc([C@@H](C)NC(=O)[C@@H]2C[C@@H](O)CN2C(=O)CNC(=O)c2ccc3cc(F)ccc3n2)cc1 1 COc1ccc([C@H](C)NC(=O)[C@@H]2C[C@@H](O)CN2C(=O)CNC(=O)c2ccc3cc(F)ccc3n2)c(Cl)c1 O=C(NCC(=O)N1CCC[C@H]1C(=O)NCc1ccccc1)c1ccc2ccccc2n1 0.5033078 0.5033 0.7762238 0.7762 0.7823160 -10.0000 1.0000000 1.0000 []
 | 4.6137 3.8934 -3.8934 0.0000000 O=C(NCC(=O)N1C[C@H](O)C[C@H]1C(=O)NCc1ccc(Cl)cc1)c1ccc2cc(F)ccc2n1 1 COc1ccc([C@H](C)NC(=O)[C@@H]2C[C@@H](O)CN2C(=O)CNC(=O)c2ccc3cc(F)ccc3n2)c(Cl)c1 O=C(NCC(=O)N1CCC[C@H]1C(=O)NCc1ccccc1)c1ccc2ccccc2n1 0.4955094 0.4955 0.7260274 0.7260 0.7493234 -9.6400 1.0000000 1.0000 []
 | 1.3013 9.4339 -9.4339 0.0000000 O=C(NCC(=O)N1C[C@H](O)C[C@H]1C(=O)N[C@@H](CO)c1ccc(Cl)cc1)c1ccc2cc(F)ccc2n1 1 COc1ccc([C@H](C)NC(=O)[C@@H]2C[C@@H](O)CN2C(=O)CNC(=O)c2ccc3cc(F)ccc3n2)c(Cl)c1 O=C(NCC(=O)N1CCC[C@H]1C(=O)NCc1ccccc1)c1ccc2ccccc2n1 0.3782864 0.3783 0.7482993 0.7483 0.7214640 -9.3600 1.0000000 1.0000 []
 | 1.1068 10.0226 66.2444 0.5958362 O=C(NCC(=O)N1C[C@H](O)C[C@H]1C(=O)N[C@H](CO)c1ccc(Cl)cc1)c1ccc2cc(F)ccc2n1 1 COc1ccc([C@H](C)NC(=O)[C@@H]2C[C@@H](O)CN2C(=O)CNC(=O)c2ccc3cc(F)ccc3n2)c(Cl)c1 O=C(NCC(=O)N1CCC[C@H]1C(=O)NCc1ccccc1)c1ccc2ccccc2n1 0.3782864 0.3783 0.7482993 0.7483 0.6672764 -8.8600 1.0000000 1.0000 []
00:33:58 <INFO> Score: 0.06 Agent NLL: 3.13 Valid: 100% Step: 8
 | Agent Prior Target Score SMILES SMILES_state Input_SMILES Scaffold QED QED (raw) TanimotoDistance TanimotoDistance (raw) maize maize (raw) Unwanted SMARTS Unwanted SMARTS (raw) matchting_patterns (Unwanted SMARTS)
 | 1.9339 4.8186 -4.8186 0.0000000 CC(NC(=O)[C@@H]1C[C@@H](O)CN1C(=O)CNC(=O)c1ccc2cc(F)ccc2n1)c1ccc(Cl)cc1 1 COc1ccc([C@H](C)NC(=O)[C@@H]2C[C@@H](O)CN2C(=O)CNC(=O)c2ccc3cc(F)ccc3n2)c(Cl)c1 O=C(NCC(=O)N1CCC[C@H]1C(=O)NCc1ccccc1)c1ccc2ccccc2n1 0.4834885 0.4835 0.8014184 0.8014 0.6191875 -8.4500 1.0000000 1.0000 []
 | 3.8455 4.1297 -4.1297 0.0000000 COc1ccc(CNC(=O)[C@@H]2C[C@@H](O)CN2C(=O)CNC(=O)c2ccc3cc(F)ccc3n2)cc1 1 COc1ccc([C@H](C)NC(=O)[C@@H]2C[C@@H](O)CN2C(=O)CNC(=O)c2ccc3cc(F)ccc3n2)c(Cl)c1 O=C(NCC(=O)N1CCC[C@H]1C(=O)NCc1ccccc1)c1ccc2ccccc2n1 0.4701237 0.4701 0.7832168 0.7832 0.6094894 -8.3700 1.0000000 1.0000 []
 | 3.8327 5.6218 -5.6218 0.0000000 COc1ccc([C@@H](C)NC(=O)[C@@H]2C[C@@H](O)CN2C(=O)CNC(=O)c2ccc3cc(F)ccc3n2)cc1 1 COc1ccc([C@H](C)NC(=O)[C@@H]2C[C@@H](O)CN2C(=O)CNC(=O)c2ccc3cc(F)ccc3n2)c(Cl)c1 O=C(NCC(=O)N1CCC[C@H]1C(=O)NCc1ccccc1)c1ccc2ccccc2n1 0.4618479 0.4618 0.8623188 0.8623 0.7162938 -9.3100 1.0000000 1.0000 []
 | 3.9451 4.1553 -4.1553 0.0000000 COc1ccc([C@H](C)NC(=O)[C@@H]2C[C@@H](O)CN2C(=O)CNC(=O)c2ccc3cc(F)ccc3n2)cc1 1 COc1ccc([C@H](C)NC(=O)[C@@H]2C[C@@H](O)CN2C(=O)CNC(=O)c2ccc3cc(F)ccc3n2)c(Cl)c1 O=C(NCC(=O)N1CCC[C@H]1C(=O)NCc1ccccc1)c1ccc2ccccc2n1 0.4618479 0.4618 0.8623188 0.8623 0.7326326 -9.4700 1.0000000 1.0000 []
 | 2.6309 4.2698 -4.2698 0.0000000 C[C@@H](NC(=O)[C@@H]1C[C@@H](O)CN1C(=O)CNC(=O)c1ccc2cc(F)ccc2n1)c1ccc(Cl)cc1 1 COc1ccc([C@H](C)NC(=O)[C@@H]2C[C@@H](O)CN2C(=O)CNC(=O)c2ccc3cc(F)ccc3n2)c(Cl)c1 O=C(NCC(=O)N1CCC[C@H]1C(=O)NCc1ccccc1)c1ccc2ccccc2n1 0.4834885 0.4835 0.8014184 0.8014 0.7866414 -10.0500 1.0000000 1.0000 []
 | 3.6200 5.2000 -5.2000 0.0000000 C[C@H](NC(=O)[C@@H]1C[C@@H](O)CN1C(=O)CNC(=O)c1ccc2cc(F)ccc2n1)c1ccc(Cl)cc1 1 COc1ccc([C@H](C)NC(=O)[C@@H]2C[C@@H](O)CN2C(=O)CNC(=O)c2ccc3cc(F)ccc3n2)c(Cl)c1 O=C(NCC(=O)N1CCC[C@H]1C(=O)NCc1ccccc1)c1ccc2ccccc2n1 0.4834885 0.4835 0.8014184 0.8014 0.7004409 -9.1600 1.0000000 1.0000 []
 | 3.9559 4.6591 -4.6591 0.0000000 Cc1ccc([C@@H](C)NC(=O)[C@@H]2C[C@@H](O)CN2C(=O)CNC(=O)c2ccc3cc(F)ccc3n2)cc1 1 COc1ccc([C@H](C)NC(=O)[C@@H]2C[C@@H](O)CN2C(=O)CNC(=O)c2ccc3cc(F)ccc3n2)c(Cl)c1 O=C(NCC(=O)N1CCC[C@H]1C(=O)NCc1ccccc1)c1ccc2ccccc2n1 0.5033078 0.5033 0.7762238 0.7762 0.7823160 -10.0000 1.0000000 1.0000 []
 | 5.2735 3.8934 -3.8934 0.0000000 O=C(NCC(=O)N1C[C@H](O)C[C@H]1C(=O)NCc1ccc(Cl)cc1)c1ccc2cc(F)ccc2n1 1 COc1ccc([C@H](C)NC(=O)[C@@H]2C[C@@H](O)CN2C(=O)CNC(=O)c2ccc3cc(F)ccc3n2)c(Cl)c1 O=C(NCC(=O)N1CCC[C@H]1C(=O)NCc1ccccc1)c1ccc2ccccc2n1 0.4955094 0.4955 0.7260274 0.7260 0.7493234 -9.6400 1.0000000 1.0000 []
 | 1.1791 9.4339 -9.4339 0.0000000 O=C(NCC(=O)N1C[C@H](O)C[C@H]1C(=O)N[C@@H](CO)c1ccc(Cl)cc1)c1ccc2cc(F)ccc2n1 1 COc1ccc([C@H](C)NC(=O)[C@@H]2C[C@@H](O)CN2C(=O)CNC(=O)c2ccc3cc(F)ccc3n2)c(Cl)c1 O=C(NCC(=O)N1CCC[C@H]1C(=O)NCc1ccccc1)c1ccc2ccccc2n1 0.3782864 0.3783 0.7482993 0.7483 0.7214640 -9.3600 1.0000000 1.0000 []
 | 1.1188 10.0226 66.2444 0.5958362 O=C(NCC(=O)N1C[C@H](O)C[C@H]1C(=O)N[C@H](CO)c1ccc(Cl)cc1)c1ccc2cc(F)ccc2n1 1 COc1ccc([C@H](C)NC(=O)[C@@H]2C[C@@H](O)CN2C(=O)CNC(=O)c2ccc3cc(F)ccc3n2)c(Cl)c1 O=C(NCC(=O)N1CCC[C@H]1C(=O)NCc1ccccc1)c1ccc2ccccc2n1 0.3782864 0.3783 0.7482993 0.7483 0.6672764 -8.8600 1.0000000 1.0000 []
00:34:23 <INFO> Score: 0.12 Agent NLL: 3.24 Valid: 100% Step: 9
 | Agent Prior Target Score SMILES SMILES_state Input_SMILES Scaffold QED QED (raw) TanimotoDistance TanimotoDistance (raw) maize maize (raw) Unwanted SMARTS Unwanted SMARTS (raw) matchting_patterns (Unwanted SMARTS)
 | 2.1904 4.8186 -4.8186 0.0000000 CC(NC(=O)[C@@H]1C[C@@H](O)CN1C(=O)CNC(=O)c1ccc2cc(F)ccc2n1)c1ccc(Cl)cc1 1 COc1ccc([C@H](C)NC(=O)[C@@H]2C[C@@H](O)CN2C(=O)CNC(=O)c2ccc3cc(F)ccc3n2)c(Cl)c1 O=C(NCC(=O)N1CCC[C@H]1C(=O)NCc1ccccc1)c1ccc2ccccc2n1 0.4834885 0.4835 0.8014184 0.8014 0.6191875 -8.4500 1.0000000 1.0000 []
 | 4.7536 4.1297 -4.1297 0.0000000 COc1ccc(CNC(=O)[C@@H]2C[C@@H](O)CN2C(=O)CNC(=O)c2ccc3cc(F)ccc3n2)cc1 1 COc1ccc([C@H](C)NC(=O)[C@@H]2C[C@@H](O)CN2C(=O)CNC(=O)c2ccc3cc(F)ccc3n2)c(Cl)c1 O=C(NCC(=O)N1CCC[C@H]1C(=O)NCc1ccccc1)c1ccc2ccccc2n1 0.4701237 0.4701 0.7832168 0.7832 0.6094894 -8.3700 1.0000000 1.0000 []
 | 3.4911 5.6218 -5.6218 0.0000000 COc1ccc([C@@H](C)NC(=O)[C@@H]2C[C@@H](O)CN2C(=O)CNC(=O)c2ccc3cc(F)ccc3n2)cc1 1 COc1ccc([C@H](C)NC(=O)[C@@H]2C[C@@H](O)CN2C(=O)CNC(=O)c2ccc3cc(F)ccc3n2)c(Cl)c1 O=C(NCC(=O)N1CCC[C@H]1C(=O)NCc1ccccc1)c1ccc2ccccc2n1 0.4618479 0.4618 0.8623188 0.8623 0.7162938 -9.3100 1.0000000 1.0000 []
 | 3.4054 4.1553 -4.1553 0.0000000 COc1ccc([C@H](C)NC(=O)[C@@H]2C[C@@H](O)CN2C(=O)CNC(=O)c2ccc3cc(F)ccc3n2)cc1 1 COc1ccc([C@H](C)NC(=O)[C@@H]2C[C@@H](O)CN2C(=O)CNC(=O)c2ccc3cc(F)ccc3n2)c(Cl)c1 O=C(NCC(=O)N1CCC[C@H]1C(=O)NCc1ccccc1)c1ccc2ccccc2n1 0.4618479 0.4618 0.8623188 0.8623 0.7326326 -9.4700 1.0000000 1.0000 []
 | 2.7229 4.2698 -4.2698 0.0000000 C[C@@H](NC(=O)[C@@H]1C[C@@H](O)CN1C(=O)CNC(=O)c1ccc2cc(F)ccc2n1)c1ccc(Cl)cc1 1 COc1ccc([C@H](C)NC(=O)[C@@H]2C[C@@H](O)CN2C(=O)CNC(=O)c2ccc3cc(F)ccc3n2)c(Cl)c1 O=C(NCC(=O)N1CCC[C@H]1C(=O)NCc1ccccc1)c1ccc2ccccc2n1 0.4834885 0.4835 0.8014184 0.8014 0.7866414 -10.0500 1.0000000 1.0000 []
 | 3.6069 5.2000 -5.2000 0.0000000 C[C@H](NC(=O)[C@@H]1C[C@@H](O)CN1C(=O)CNC(=O)c1ccc2cc(F)ccc2n1)c1ccc(Cl)cc1 1 COc1ccc([C@H](C)NC(=O)[C@@H]2C[C@@H](O)CN2C(=O)CNC(=O)c2ccc3cc(F)ccc3n2)c(Cl)c1 O=C(NCC(=O)N1CCC[C@H]1C(=O)NCc1ccccc1)c1ccc2ccccc2n1 0.4834885 0.4835 0.8014184 0.8014 0.7004409 -9.1600 1.0000000 1.0000 []
 | 3.9781 4.6591 -4.6591 0.0000000 Cc1ccc([C@@H](C)NC(=O)[C@@H]2C[C@@H](O)CN2C(=O)CNC(=O)c2ccc3cc(F)ccc3n2)cc1 1 COc1ccc([C@H](C)NC(=O)[C@@H]2C[C@@H](O)CN2C(=O)CNC(=O)c2ccc3cc(F)ccc3n2)c(Cl)c1 O=C(NCC(=O)N1CCC[C@H]1C(=O)NCc1ccccc1)c1ccc2ccccc2n1 0.5033078 0.5033 0.7762238 0.7762 0.7823160 -10.0000 1.0000000 1.0000 []
 | 1.2745 9.4339 -9.4339 0.0000000 O=C(NCC(=O)N1C[C@H](O)C[C@H]1C(=O)N[C@@H](CO)c1ccc(Cl)cc1)c1ccc2cc(F)ccc2n1 1 COc1ccc([C@H](C)NC(=O)[C@@H]2C[C@@H](O)CN2C(=O)CNC(=O)c2ccc3cc(F)ccc3n2)c(Cl)c1 O=C(NCC(=O)N1CCC[C@H]1C(=O)NCc1ccccc1)c1ccc2ccccc2n1 0.3782864 0.3783 0.7482993 0.7483 0.7214640 -9.3600 1.0000000 1.0000 []
 | 5.9986 17.5061 58.7046 0.5953960 O=C(NCC(=O)N1C[C@H](O)C[C@H]1C(=O)N[C@@H](Cc1ccc(Cl)cc1)c1ccccc1)c1ccc2cc(F)ccc2n1 1 COc1ccc([C@H](C)NC(=O)[C@@H]2C[C@@H](O)CN2C(=O)CNC(=O)c2ccc3cc(F)ccc3n2)c(Cl)c1 O=C(NCC(=O)N1CCC[C@H]1C(=O)N[C@@H](Cc1ccccc1)c1ccccc1)c1ccc2ccccc2n1 0.2962297 0.2962 0.6547619 0.6548 0.8049257 -10.2700 1.0000000 1.0000 []
 | 0.9466 10.0226 66.2444 0.5958362 O=C(NCC(=O)N1C[C@H](O)C[C@H]1C(=O)N[C@H](CO)c1ccc(Cl)cc1)c1ccc2cc(F)ccc2n1 1 COc1ccc([C@H](C)NC(=O)[C@@H]2C[C@@H](O)CN2C(=O)CNC(=O)c2ccc3cc(F)ccc3n2)c(Cl)c1 O=C(NCC(=O)N1CCC[C@H]1C(=O)NCc1ccccc1)c1ccc2ccccc2n1 0.3782864 0.3783 0.7482993 0.7483 0.6672764 -8.8600 1.0000000 1.0000 []
00:34:24 <INFO> Score: 0.12 Agent NLL: 2.86 Valid: 100% Step: 10
 | Agent Prior Target Score SMILES SMILES_state Input_SMILES Scaffold QED QED (raw) TanimotoDistance TanimotoDistance (raw) maize maize (raw) Unwanted SMARTS Unwanted SMARTS (raw) matchting_patterns (Unwanted SMARTS)
 | 2.4923 4.8186 -4.8186 0.0000000 CC(NC(=O)[C@@H]1C[C@@H](O)CN1C(=O)CNC(=O)c1ccc2cc(F)ccc2n1)c1ccc(Cl)cc1 1 COc1ccc([C@H](C)NC(=O)[C@@H]2C[C@@H](O)CN2C(=O)CNC(=O)c2ccc3cc(F)ccc3n2)c(Cl)c1 O=C(NCC(=O)N1CCC[C@H]1C(=O)NCc1ccccc1)c1ccc2ccccc2n1 0.4834885 0.4835 0.8014184 0.8014 0.6191875 -8.4500 1.0000000 1.0000 []
 | 3.5072 5.6218 -5.6218 0.0000000 COc1ccc([C@@H](C)NC(=O)[C@@H]2C[C@@H](O)CN2C(=O)CNC(=O)c2ccc3cc(F)ccc3n2)cc1 1 COc1ccc([C@H](C)NC(=O)[C@@H]2C[C@@H](O)CN2C(=O)CNC(=O)c2ccc3cc(F)ccc3n2)c(Cl)c1 O=C(NCC(=O)N1CCC[C@H]1C(=O)NCc1ccccc1)c1ccc2ccccc2n1 0.4618479 0.4618 0.8623188 0.8623 0.7162938 -9.3100 1.0000000 1.0000 []
 | 3.2295 4.1553 -4.1553 0.0000000 COc1ccc([C@H](C)NC(=O)[C@@H]2C[C@@H](O)CN2C(=O)CNC(=O)c2ccc3cc(F)ccc3n2)cc1 1 COc1ccc([C@H](C)NC(=O)[C@@H]2C[C@@H](O)CN2C(=O)CNC(=O)c2ccc3cc(F)ccc3n2)c(Cl)c1 O=C(NCC(=O)N1CCC[C@H]1C(=O)NCc1ccccc1)c1ccc2ccccc2n1 0.4618479 0.4618 0.8623188 0.8623 0.7326326 -9.4700 1.0000000 1.0000 []
 | 2.9073 4.2698 -4.2698 0.0000000 C[C@@H](NC(=O)[C@@H]1C[C@@H](O)CN1C(=O)CNC(=O)c1ccc2cc(F)ccc2n1)c1ccc(Cl)cc1 1 COc1ccc([C@H](C)NC(=O)[C@@H]2C[C@@H](O)CN2C(=O)CNC(=O)c2ccc3cc(F)ccc3n2)c(Cl)c1 O=C(NCC(=O)N1CCC[C@H]1C(=O)NCc1ccccc1)c1ccc2ccccc2n1 0.4834885 0.4835 0.8014184 0.8014 0.7866414 -10.0500 1.0000000 1.0000 []
 | 3.6367 5.2000 -5.2000 0.0000000 C[C@H](NC(=O)[C@@H]1C[C@@H](O)CN1C(=O)CNC(=O)c1ccc2cc(F)ccc2n1)c1ccc(Cl)cc1 1 COc1ccc([C@H](C)NC(=O)[C@@H]2C[C@@H](O)CN2C(=O)CNC(=O)c2ccc3cc(F)ccc3n2)c(Cl)c1 O=C(NCC(=O)N1CCC[C@H]1C(=O)NCc1ccccc1)c1ccc2ccccc2n1 0.4834885 0.4835 0.8014184 0.8014 0.7004409 -9.1600 1.0000000 1.0000 []
 | 4.0580 4.6591 -4.6591 0.0000000 Cc1ccc([C@@H](C)NC(=O)[C@@H]2C[C@@H](O)CN2C(=O)CNC(=O)c2ccc3cc(F)ccc3n2)cc1 1 COc1ccc([C@H](C)NC(=O)[C@@H]2C[C@@H](O)CN2C(=O)CNC(=O)c2ccc3cc(F)ccc3n2)c(Cl)c1 O=C(NCC(=O)N1CCC[C@H]1C(=O)NCc1ccccc1)c1ccc2ccccc2n1 0.5033078 0.5033 0.7762238 0.7762 0.7823160 -10.0000 1.0000000 1.0000 []
 | 1.9618 9.4339 -9.4339 0.0000000 O=C(NCC(=O)N1C[C@H](O)C[C@H]1C(=O)N[C@@H](CO)c1ccc(Cl)cc1)c1ccc2cc(F)ccc2n1 1 COc1ccc([C@H](C)NC(=O)[C@@H]2C[C@@H](O)CN2C(=O)CNC(=O)c2ccc3cc(F)ccc3n2)c(Cl)c1 O=C(NCC(=O)N1CCC[C@H]1C(=O)NCc1ccccc1)c1ccc2ccccc2n1 0.3782864 0.3783 0.7482993 0.7483 0.7214640 -9.3600 1.0000000 1.0000 []
 | 3.7166 17.2814 -17.2814 0.0000000 O=C(NCC(=O)N1C[C@H](O)C[C@H]1C(=O)N[C@@H](Cc1ccc(Cl)cc1)C(=O)O)c1ccc2cc(F)ccc2n1 1 COc1ccc([C@H](C)NC(=O)[C@@H]2C[C@@H](O)CN2C(=O)CNC(=O)c2ccc3cc(F)ccc3n2)c(Cl)c1 O=C(NCC(=O)N1CCC[C@H]1C(=O)NCCc1ccccc1)c1ccc2ccccc2n1 0.0000000 0.0000 0.0000000 0.0000 0.0000000 0.0000 0.0000000 0.0000 ['C(=[O,S])[O,S]']
 | 2.2744 17.5061 58.7046 0.5953960 O=C(NCC(=O)N1C[C@H](O)C[C@H]1C(=O)N[C@@H](Cc1ccc(Cl)cc1)c1ccccc1)c1ccc2cc(F)ccc2n1 1 COc1ccc([C@H](C)NC(=O)[C@@H]2C[C@@H](O)CN2C(=O)CNC(=O)c2ccc3cc(F)ccc3n2)c(Cl)c1 O=C(NCC(=O)N1CCC[C@H]1C(=O)N[C@@H](Cc1ccccc1)c1ccccc1)c1ccc2ccccc2n1 0.2962297 0.2962 0.6547619 0.6548 0.8049257 -10.2700 1.0000000 1.0000 []
 | 0.8646 10.0226 66.2444 0.5958362 O=C(NCC(=O)N1C[C@H](O)C[C@H]1C(=O)N[C@H](CO)c1ccc(Cl)cc1)c1ccc2cc(F)ccc2n1 1 COc1ccc([C@H](C)NC(=O)[C@@H]2C[C@@H](O)CN2C(=O)CNC(=O)c2ccc3cc(F)ccc3n2)c(Cl)c1 O=C(NCC(=O)N1CCC[C@H]1C(=O)NCc1ccccc1)c1ccc2ccccc2n1 0.3782864 0.3783 0.7482993 0.7483 0.6672764 -8.8600 1.0000000 1.0000 []
00:34:50 <INFO> Score: 0.24 Agent NLL: 2.86 Valid: 100% Step: 11
 | Agent Prior Target Score SMILES SMILES_state Input_SMILES Scaffold QED QED (raw) TanimotoDistance TanimotoDistance (raw) maize maize (raw) Unwanted SMARTS Unwanted SMARTS (raw) matchting_patterns (Unwanted SMARTS)
 | 2.7963 4.8186 -4.8186 0.0000000 CC(NC(=O)[C@@H]1C[C@@H](O)CN1C(=O)CNC(=O)c1ccc2cc(F)ccc2n1)c1ccc(Cl)cc1 1 COc1ccc([C@H](C)NC(=O)[C@@H]2C[C@@H](O)CN2C(=O)CNC(=O)c2ccc3cc(F)ccc3n2)c(Cl)c1 O=C(NCC(=O)N1CCC[C@H]1C(=O)NCc1ccccc1)c1ccc2ccccc2n1 0.4834885 0.4835 0.8014184 0.8014 0.6191875 -8.4500 1.0000000 1.0000 []
 | 3.6301 5.6218 -5.6218 0.0000000 COc1ccc([C@@H](C)NC(=O)[C@@H]2C[C@@H](O)CN2C(=O)CNC(=O)c2ccc3cc(F)ccc3n2)cc1 1 COc1ccc([C@H](C)NC(=O)[C@@H]2C[C@@H](O)CN2C(=O)CNC(=O)c2ccc3cc(F)ccc3n2)c(Cl)c1 O=C(NCC(=O)N1CCC[C@H]1C(=O)NCc1ccccc1)c1ccc2ccccc2n1 0.4618479 0.4618 0.8623188 0.8623 0.7162938 -9.3100 1.0000000 1.0000 []
 | 3.1642 4.1553 -4.1553 0.0000000 COc1ccc([C@H](C)NC(=O)[C@@H]2C[C@@H](O)CN2C(=O)CNC(=O)c2ccc3cc(F)ccc3n2)cc1 1 COc1ccc([C@H](C)NC(=O)[C@@H]2C[C@@H](O)CN2C(=O)CNC(=O)c2ccc3cc(F)ccc3n2)c(Cl)c1 O=C(NCC(=O)N1CCC[C@H]1C(=O)NCc1ccccc1)c1ccc2ccccc2n1 0.4618479 0.4618 0.8623188 0.8623 0.7326326 -9.4700 1.0000000 1.0000 []
 | 3.1102 4.2698 -4.2698 0.0000000 C[C@@H](NC(=O)[C@@H]1C[C@@H](O)CN1C(=O)CNC(=O)c1ccc2cc(F)ccc2n1)c1ccc(Cl)cc1 1 COc1ccc([C@H](C)NC(=O)[C@@H]2C[C@@H](O)CN2C(=O)CNC(=O)c2ccc3cc(F)ccc3n2)c(Cl)c1 O=C(NCC(=O)N1CCC[C@H]1C(=O)NCc1ccccc1)c1ccc2ccccc2n1 0.4834885 0.4835 0.8014184 0.8014 0.7866414 -10.0500 1.0000000 1.0000 []
 | 3.6868 5.2000 -5.2000 0.0000000 C[C@H](NC(=O)[C@@H]1C[C@@H](O)CN1C(=O)CNC(=O)c1ccc2cc(F)ccc2n1)c1ccc(Cl)cc1 1 COc1ccc([C@H](C)NC(=O)[C@@H]2C[C@@H](O)CN2C(=O)CNC(=O)c2ccc3cc(F)ccc3n2)c(Cl)c1 O=C(NCC(=O)N1CCC[C@H]1C(=O)NCc1ccccc1)c1ccc2ccccc2n1 0.4834885 0.4835 0.8014184 0.8014 0.7004409 -9.1600 1.0000000 1.0000 []
 | 1.4103 17.5061 58.7046 0.5953960 O=C(NCC(=O)N1C[C@H](O)C[C@H]1C(=O)N[C@@H](Cc1ccc(Cl)cc1)c1ccccc1)c1ccc2cc(F)ccc2n1 1 COc1ccc([C@H](C)NC(=O)[C@@H]2C[C@@H](O)CN2C(=O)CNC(=O)c2ccc3cc(F)ccc3n2)c(Cl)c1 O=C(NCC(=O)N1CCC[C@H]1C(=O)N[C@@H](Cc1ccccc1)c1ccccc1)c1ccc2ccccc2n1 0.2962297 0.2962 0.6547619 0.6548 0.8049257 -10.2700 1.0000000 1.0000 []
 | 1.6262 10.0226 66.2444 0.5958362 O=C(NCC(=O)N1C[C@H](O)C[C@H]1C(=O)N[C@H](CO)c1ccc(Cl)cc1)c1ccc2cc(F)ccc2n1 1 COc1ccc([C@H](C)NC(=O)[C@@H]2C[C@@H](O)CN2C(=O)CNC(=O)c2ccc3cc(F)ccc3n2)c(Cl)c1 O=C(NCC(=O)N1CCC[C@H]1C(=O)NCc1ccccc1)c1ccc2ccccc2n1 0.3782864 0.3783 0.7482993 0.7483 0.6672764 -8.8600 1.0000000 1.0000 []
 | 3.9307 20.8607 -20.8607 0.0000000 O=C(NCC(=O)N1C[C@H](O)C[C@H]1C(=O)N[C@H](Cc1ccc(Cl)cc1)C(=O)O)c1ccc2cc(F)ccc2n1 1 COc1ccc([C@H](C)NC(=O)[C@@H]2C[C@@H](O)CN2C(=O)CNC(=O)c2ccc3cc(F)ccc3n2)c(Cl)c1 O=C(NCC(=O)N1CCC[C@H]1C(=O)NCCc1ccccc1)c1ccc2ccccc2n1 0.0000000 0.0000 0.0000000 0.0000 0.0000000 0.0000 0.0000000 0.0000 ['C(=[O,S])[O,S]']
 | 1.4953 20.3079 54.7829 0.5866468 O=C(NCC(=O)N1C[C@H](O)C[C@H]1C(=O)N[C@H](Cc1ccc(Cl)cc1)c1ccccc1)c1ccc2cc(F)ccc2n1 1 COc1ccc([C@H](C)NC(=O)[C@@H]2C[C@@H](O)CN2C(=O)CNC(=O)c2ccc3cc(F)ccc3n2)c(Cl)c1 O=C(NCC(=O)N1CCC[C@H]1C(=O)N[C@H](Cc1ccccc1)c1ccccc1)c1ccc2ccccc2n1 0.2962297 0.2962 0.6547619 0.6548 0.7814432 -9.9900 1.0000000 1.0000 []
 | 3.7751 14.8554 70.0730 0.6635036 O=C(NCC(=O)N1C[C@H](O)C[C@H]1C(=O)N[C@H](c1ccc(Cl)cc1)C1CC1)c1ccc2cc(F)ccc2n1 1 COc1ccc([C@H](C)NC(=O)[C@@H]2C[C@@H](O)CN2C(=O)CNC(=O)c2ccc3cc(F)ccc3n2)c(Cl)c1 O=C(NCC(=O)N1CCC[C@H]1C(=O)N[C@H](c1ccccc1)C1CC1)c1ccc2ccccc2n1 0.4398140 0.4398 0.7400000 0.7400 0.7716782 -9.8800 1.0000000 1.0000 []
00:35:16 <INFO> Score: 0.24 Agent NLL: 2.83 Valid: 100% Step: 12
 | Agent Prior Target Score SMILES SMILES_state Input_SMILES Scaffold QED QED (raw) TanimotoDistance TanimotoDistance (raw) maize maize (raw) Unwanted SMARTS Unwanted SMARTS (raw) matchting_patterns (Unwanted SMARTS)
 | 3.0963 4.8186 -4.8186 0.0000000 CC(NC(=O)[C@@H]1C[C@@H](O)CN1C(=O)CNC(=O)c1ccc2cc(F)ccc2n1)c1ccc(Cl)cc1 1 COc1ccc([C@H](C)NC(=O)[C@@H]2C[C@@H](O)CN2C(=O)CNC(=O)c2ccc3cc(F)ccc3n2)c(Cl)c1 O=C(NCC(=O)N1CCC[C@H]1C(=O)NCc1ccccc1)c1ccc2ccccc2n1 0.4834885 0.4835 0.8014184 0.8014 0.6191875 -8.4500 1.0000000 1.0000 []
 | 3.7991 5.6218 -5.6218 0.0000000 COc1ccc([C@@H](C)NC(=O)[C@@H]2C[C@@H](O)CN2C(=O)CNC(=O)c2ccc3cc(F)ccc3n2)cc1 1 COc1ccc([C@H](C)NC(=O)[C@@H]2C[C@@H](O)CN2C(=O)CNC(=O)c2ccc3cc(F)ccc3n2)c(Cl)c1 O=C(NCC(=O)N1CCC[C@H]1C(=O)NCc1ccccc1)c1ccc2ccccc2n1 0.4618479 0.4618 0.8623188 0.8623 0.7162938 -9.3100 1.0000000 1.0000 []
 | 3.1750 4.1553 -4.1553 0.0000000 COc1ccc([C@H](C)NC(=O)[C@@H]2C[C@@H](O)CN2C(=O)CNC(=O)c2ccc3cc(F)ccc3n2)cc1 1 COc1ccc([C@H](C)NC(=O)[C@@H]2C[C@@H](O)CN2C(=O)CNC(=O)c2ccc3cc(F)ccc3n2)c(Cl)c1 O=C(NCC(=O)N1CCC[C@H]1C(=O)NCc1ccccc1)c1ccc2ccccc2n1 0.4618479 0.4618 0.8623188 0.8623 0.7326326 -9.4700 1.0000000 1.0000 []
 | 3.3015 4.2698 -4.2698 0.0000000 C[C@@H](NC(=O)[C@@H]1C[C@@H](O)CN1C(=O)CNC(=O)c1ccc2cc(F)ccc2n1)c1ccc(Cl)cc1 1 COc1ccc([C@H](C)NC(=O)[C@@H]2C[C@@H](O)CN2C(=O)CNC(=O)c2ccc3cc(F)ccc3n2)c(Cl)c1 O=C(NCC(=O)N1CCC[C@H]1C(=O)NCc1ccccc1)c1ccc2ccccc2n1 0.4834885 0.4835 0.8014184 0.8014 0.7866414 -10.0500 1.0000000 1.0000 []
 | 3.7459 5.2000 -5.2000 0.0000000 C[C@H](NC(=O)[C@@H]1C[C@@H](O)CN1C(=O)CNC(=O)c1ccc2cc(F)ccc2n1)c1ccc(Cl)cc1 1 COc1ccc([C@H](C)NC(=O)[C@@H]2C[C@@H](O)CN2C(=O)CNC(=O)c2ccc3cc(F)ccc3n2)c(Cl)c1 O=C(NCC(=O)N1CCC[C@H]1C(=O)NCc1ccccc1)c1ccc2ccccc2n1 0.4834885 0.4835 0.8014184 0.8014 0.7004409 -9.1600 1.0000000 1.0000 []
 | 1.6330 17.5061 58.7046 0.5953960 O=C(NCC(=O)N1C[C@H](O)C[C@H]1C(=O)N[C@@H](Cc1ccc(Cl)cc1)c1ccccc1)c1ccc2cc(F)ccc2n1 1 COc1ccc([C@H](C)NC(=O)[C@@H]2C[C@@H](O)CN2C(=O)CNC(=O)c2ccc3cc(F)ccc3n2)c(Cl)c1 O=C(NCC(=O)N1CCC[C@H]1C(=O)N[C@@H](Cc1ccccc1)c1ccccc1)c1ccc2ccccc2n1 0.2962297 0.2962 0.6547619 0.6548 0.8049257 -10.2700 1.0000000 1.0000 []
 | 2.1705 20.3079 54.7829 0.5866468 O=C(NCC(=O)N1C[C@H](O)C[C@H]1C(=O)N[C@H](Cc1ccc(Cl)cc1)c1ccccc1)c1ccc2cc(F)ccc2n1 1 COc1ccc([C@H](C)NC(=O)[C@@H]2C[C@@H](O)CN2C(=O)CNC(=O)c2ccc3cc(F)ccc3n2)c(Cl)c1 O=C(NCC(=O)N1CCC[C@H]1C(=O)N[C@H](Cc1ccccc1)c1ccccc1)c1ccc2ccccc2n1 0.2962297 0.2962 0.6547619 0.6548 0.7814432 -9.9900 1.0000000 1.0000 []
 | 3.4530 15.8333 64.6188 0.6285318 O=C(NCC(=O)N1C[C@H](O)C[C@H]1C(=O)N[C@H](c1ccc(Cl)cc1)C(F)(F)F)c1ccc2cc(F)ccc2n1 1 COc1ccc([C@H](C)NC(=O)[C@@H]2C[C@@H](O)CN2C(=O)CNC(=O)c2ccc3cc(F)ccc3n2)c(Cl)c1 O=C(NCC(=O)N1CCC[C@H]1C(=O)NCc1ccccc1)c1ccc2ccccc2n1 0.4069572 0.4070 0.7284768 0.7285 0.7255583 -9.4000 1.0000000 1.0000 []
 | 1.0051 14.8554 -14.8554 0.0000000 O=C(NCC(=O)N1C[C@H](O)C[C@H]1C(=O)N[C@H](c1ccc(Cl)cc1)C1CC1)c1ccc2cc(F)ccc2n1 1 COc1ccc([C@H](C)NC(=O)[C@@H]2C[C@@H](O)CN2C(=O)CNC(=O)c2ccc3cc(F)ccc3n2)c(Cl)c1 O=C(NCC(=O)N1CCC[C@H]1C(=O)N[C@H](c1ccccc1)C1CC1)c1ccc2ccccc2n1 0.4398140 0.4398 0.7400000 0.7400 0.7716782 -9.8800 1.0000000 1.0000 []
 | 2.8751 20.9715 57.4448 0.6126277 O=C(NCC(=O)N1C[C@H](O)C[C@H]1C(=O)N[C@@H](c1ccccc1)c1ccc(Cl)cc1)c1ccc2cc(F)ccc2n1 1 COc1ccc([C@H](C)NC(=O)[C@@H]2C[C@@H](O)CN2C(=O)CNC(=O)c2ccc3cc(F)ccc3n2)c(Cl)c1 O=C(NCC(=O)N1CCC[C@H]1C(=O)NC(c1ccccc1)c1ccccc1)c1ccc2ccccc2n1 0.3195992 0.3196 0.6309524 0.6310 0.8357803 -10.6800 1.0000000 1.0000 []
00:35:36 <INFO> Score: 0.18 Agent NLL: 2.90 Valid: 100% Step: 13
 | Agent Prior Target Score SMILES SMILES_state Input_SMILES Scaffold QED QED (raw) TanimotoDistance TanimotoDistance (raw) maize maize (raw) Unwanted SMARTS Unwanted SMARTS (raw) matchting_patterns (Unwanted SMARTS)
 | 3.4090 4.8186 -4.8186 0.0000000 CC(NC(=O)[C@@H]1C[C@@H](O)CN1C(=O)CNC(=O)c1ccc2cc(F)ccc2n1)c1ccc(Cl)cc1 1 COc1ccc([C@H](C)NC(=O)[C@@H]2C[C@@H](O)CN2C(=O)CNC(=O)c2ccc3cc(F)ccc3n2)c(Cl)c1 O=C(NCC(=O)N1CCC[C@H]1C(=O)NCc1ccccc1)c1ccc2ccccc2n1 0.4834885 0.4835 0.8014184 0.8014 0.6191875 -8.4500 1.0000000 1.0000 []
 | 3.2267 4.1553 -4.1553 0.0000000 COc1ccc([C@H](C)NC(=O)[C@@H]2C[C@@H](O)CN2C(=O)CNC(=O)c2ccc3cc(F)ccc3n2)cc1 1 COc1ccc([C@H](C)NC(=O)[C@@H]2C[C@@H](O)CN2C(=O)CNC(=O)c2ccc3cc(F)ccc3n2)c(Cl)c1 O=C(NCC(=O)N1CCC[C@H]1C(=O)NCc1ccccc1)c1ccc2ccccc2n1 0.4618479 0.4618 0.8623188 0.8623 0.7326326 -9.4700 1.0000000 1.0000 []
 | 3.5069 4.2698 -4.2698 0.0000000 C[C@@H](NC(=O)[C@@H]1C[C@@H](O)CN1C(=O)CNC(=O)c1ccc2cc(F)ccc2n1)c1ccc(Cl)cc1 1 COc1ccc([C@H](C)NC(=O)[C@@H]2C[C@@H](O)CN2C(=O)CNC(=O)c2ccc3cc(F)ccc3n2)c(Cl)c1 O=C(NCC(=O)N1CCC[C@H]1C(=O)NCc1ccccc1)c1ccc2ccccc2n1 0.4834885 0.4835 0.8014184 0.8014 0.7866414 -10.0500 1.0000000 1.0000 []
 | 3.8125 5.2000 -5.2000 0.0000000 C[C@H](NC(=O)[C@@H]1C[C@@H](O)CN1C(=O)CNC(=O)c1ccc2cc(F)ccc2n1)c1ccc(Cl)cc1 1 COc1ccc([C@H](C)NC(=O)[C@@H]2C[C@@H](O)CN2C(=O)CNC(=O)c2ccc3cc(F)ccc3n2)c(Cl)c1 O=C(NCC(=O)N1CCC[C@H]1C(=O)NCc1ccccc1)c1ccc2ccccc2n1 0.4834885 0.4835 0.8014184 0.8014 0.7004409 -9.1600 1.0000000 1.0000 []
 | 2.1862 17.5061 58.7046 0.5953960 O=C(NCC(=O)N1C[C@H](O)C[C@H]1C(=O)N[C@@H](Cc1ccc(Cl)cc1)c1ccccc1)c1ccc2cc(F)ccc2n1 1 COc1ccc([C@H](C)NC(=O)[C@@H]2C[C@@H](O)CN2C(=O)CNC(=O)c2ccc3cc(F)ccc3n2)c(Cl)c1 O=C(NCC(=O)N1CCC[C@H]1C(=O)N[C@@H](Cc1ccccc1)c1ccccc1)c1ccc2ccccc2n1 0.2962297 0.2962 0.6547619 0.6548 0.8049257 -10.2700 1.0000000 1.0000 []
 | 2.8644 23.0173 54.5349 0.6058764 O=C(NCC(=O)N1C[C@H](O)C[C@H]1C(=O)N[C@H](c1ccccc1)c1ccc(Cl)cc1)c1ccc2cc(F)ccc2n1 1 COc1ccc([C@H](C)NC(=O)[C@@H]2C[C@@H](O)CN2C(=O)CNC(=O)c2ccc3cc(F)ccc3n2)c(Cl)c1 O=C(NCC(=O)N1CCC[C@H]1C(=O)NC(c1ccccc1)c1ccccc1)c1ccc2ccccc2n1 0.3195992 0.3196 0.6309524 0.6310 0.8174609 -10.4300 1.0000000 1.0000 []
 | 3.7110 20.3079 54.7829 0.5866468 O=C(NCC(=O)N1C[C@H](O)C[C@H]1C(=O)N[C@H](Cc1ccc(Cl)cc1)c1ccccc1)c1ccc2cc(F)ccc2n1 1 COc1ccc([C@H](C)NC(=O)[C@@H]2C[C@@H](O)CN2C(=O)CNC(=O)c2ccc3cc(F)ccc3n2)c(Cl)c1 O=C(NCC(=O)N1CCC[C@H]1C(=O)N[C@H](Cc1ccccc1)c1ccccc1)c1ccc2ccccc2n1 0.2962297 0.2962 0.6547619 0.6548 0.7814432 -9.9900 1.0000000 1.0000 []
 | 3.6399 15.8333 -15.8333 0.0000000 O=C(NCC(=O)N1C[C@H](O)C[C@H]1C(=O)N[C@H](c1ccc(Cl)cc1)C(F)(F)F)c1ccc2cc(F)ccc2n1 1 COc1ccc([C@H](C)NC(=O)[C@@H]2C[C@@H](O)CN2C(=O)CNC(=O)c2ccc3cc(F)ccc3n2)c(Cl)c1 O=C(NCC(=O)N1CCC[C@H]1C(=O)NCc1ccccc1)c1ccc2ccccc2n1 0.4069572 0.4070 0.7284768 0.7285 0.7255583 -9.4000 1.0000000 1.0000 []
 | 1.7745 14.8554 -14.8554 0.0000000 O=C(NCC(=O)N1C[C@H](O)C[C@H]1C(=O)N[C@H](c1ccc(Cl)cc1)C1CC1)c1ccc2cc(F)ccc2n1 1 COc1ccc([C@H](C)NC(=O)[C@@H]2C[C@@H](O)CN2C(=O)CNC(=O)c2ccc3cc(F)ccc3n2)c(Cl)c1 O=C(NCC(=O)N1CCC[C@H]1C(=O)N[C@H](c1ccccc1)C1CC1)c1ccc2ccccc2n1 0.4398140 0.4398 0.7400000 0.7400 0.7716782 -9.8800 1.0000000 1.0000 []
 | 0.8402 20.9715 -20.9715 0.0000000 O=C(NCC(=O)N1C[C@H](O)C[C@H]1C(=O)N[C@@H](c1ccccc1)c1ccc(Cl)cc1)c1ccc2cc(F)ccc2n1 1 COc1ccc([C@H](C)NC(=O)[C@@H]2C[C@@H](O)CN2C(=O)CNC(=O)c2ccc3cc(F)ccc3n2)c(Cl)c1 O=C(NCC(=O)N1CCC[C@H]1C(=O)NC(c1ccccc1)c1ccccc1)c1ccc2ccccc2n1 0.3195992 0.3196 0.6309524 0.6310 0.8357803 -10.6800 1.0000000 1.0000 []
00:35:37 <INFO> Score: 0.12 Agent NLL: 3.19 Valid: 100% Step: 14
 | Agent Prior Target Score SMILES SMILES_state Input_SMILES Scaffold QED QED (raw) TanimotoDistance TanimotoDistance (raw) maize maize (raw) Unwanted SMARTS Unwanted SMARTS (raw) matchting_patterns (Unwanted SMARTS)
 | 3.7044 4.8186 -4.8186 0.0000000 CC(NC(=O)[C@@H]1C[C@@H](O)CN1C(=O)CNC(=O)c1ccc2cc(F)ccc2n1)c1ccc(Cl)cc1 1 COc1ccc([C@H](C)NC(=O)[C@@H]2C[C@@H](O)CN2C(=O)CNC(=O)c2ccc3cc(F)ccc3n2)c(Cl)c1 O=C(NCC(=O)N1CCC[C@H]1C(=O)NCc1ccccc1)c1ccc2ccccc2n1 0.4834885 0.4835 0.8014184 0.8014 0.6191875 -8.4500 1.0000000 1.0000 []
 | 4.2136 5.6218 -5.6218 0.0000000 COc1ccc([C@@H](C)NC(=O)[C@@H]2C[C@@H](O)CN2C(=O)CNC(=O)c2ccc3cc(F)ccc3n2)cc1 1 COc1ccc([C@H](C)NC(=O)[C@@H]2C[C@@H](O)CN2C(=O)CNC(=O)c2ccc3cc(F)ccc3n2)c(Cl)c1 O=C(NCC(=O)N1CCC[C@H]1C(=O)NCc1ccccc1)c1ccc2ccccc2n1 0.4618479 0.4618 0.8623188 0.8623 0.7162938 -9.3100 1.0000000 1.0000 []
 | 3.3048 4.1553 -4.1553 0.0000000 COc1ccc([C@H](C)NC(=O)[C@@H]2C[C@@H](O)CN2C(=O)CNC(=O)c2ccc3cc(F)ccc3n2)cc1 1 COc1ccc([C@H](C)NC(=O)[C@@H]2C[C@@H](O)CN2C(=O)CNC(=O)c2ccc3cc(F)ccc3n2)c(Cl)c1 O=C(NCC(=O)N1CCC[C@H]1C(=O)NCc1ccccc1)c1ccc2ccccc2n1 0.4618479 0.4618 0.8623188 0.8623 0.7326326 -9.4700 1.0000000 1.0000 []
 | 3.6863 4.2698 -4.2698 0.0000000 C[C@@H](NC(=O)[C@@H]1C[C@@H](O)CN1C(=O)CNC(=O)c1ccc2cc(F)ccc2n1)c1ccc(Cl)cc1 1 COc1ccc([C@H](C)NC(=O)[C@@H]2C[C@@H](O)CN2C(=O)CNC(=O)c2ccc3cc(F)ccc3n2)c(Cl)c1 O=C(NCC(=O)N1CCC[C@H]1C(=O)NCc1ccccc1)c1ccc2ccccc2n1 0.4834885 0.4835 0.8014184 0.8014 0.7866414 -10.0500 1.0000000 1.0000 []
 | 3.9092 5.2000 -5.2000 0.0000000 C[C@H](NC(=O)[C@@H]1C[C@@H](O)CN1C(=O)CNC(=O)c1ccc2cc(F)ccc2n1)c1ccc(Cl)cc1 1 COc1ccc([C@H](C)NC(=O)[C@@H]2C[C@@H](O)CN2C(=O)CNC(=O)c2ccc3cc(F)ccc3n2)c(Cl)c1 O=C(NCC(=O)N1CCC[C@H]1C(=O)NCc1ccccc1)c1ccc2ccccc2n1 0.4834885 0.4835 0.8014184 0.8014 0.7004409 -9.1600 1.0000000 1.0000 []
 | 2.1731 17.5061 58.7046 0.5953960 O=C(NCC(=O)N1C[C@H](O)C[C@H]1C(=O)N[C@@H](Cc1ccc(Cl)cc1)c1ccccc1)c1ccc2cc(F)ccc2n1 1 COc1ccc([C@H](C)NC(=O)[C@@H]2C[C@@H](O)CN2C(=O)CNC(=O)c2ccc3cc(F)ccc3n2)c(Cl)c1 O=C(NCC(=O)N1CCC[C@H]1C(=O)N[C@@H](Cc1ccccc1)c1ccccc1)c1ccc2ccccc2n1 0.2962297 0.2962 0.6547619 0.6548 0.8049257 -10.2700 1.0000000 1.0000 []
 | 2.0922 23.0173 -23.0173 0.0000000 O=C(NCC(=O)N1C[C@H](O)C[C@H]1C(=O)N[C@H](c1ccccc1)c1ccc(Cl)cc1)c1ccc2cc(F)ccc2n1 1 COc1ccc([C@H](C)NC(=O)[C@@H]2C[C@@H](O)CN2C(=O)CNC(=O)c2ccc3cc(F)ccc3n2)c(Cl)c1 O=C(NCC(=O)N1CCC[C@H]1C(=O)NC(c1ccccc1)c1ccccc1)c1ccc2ccccc2n1 0.3195992 0.3196 0.6309524 0.6310 0.8174609 -10.4300 1.0000000 1.0000 []
 | 3.7651 20.3079 54.7829 0.5866468 O=C(NCC(=O)N1C[C@H](O)C[C@H]1C(=O)N[C@H](Cc1ccc(Cl)cc1)c1ccccc1)c1ccc2cc(F)ccc2n1 1 COc1ccc([C@H](C)NC(=O)[C@@H]2C[C@@H](O)CN2C(=O)CNC(=O)c2ccc3cc(F)ccc3n2)c(Cl)c1 O=C(NCC(=O)N1CCC[C@H]1C(=O)N[C@H](Cc1ccccc1)c1ccccc1)c1ccc2ccccc2n1 0.2962297 0.2962 0.6547619 0.6548 0.7814432 -9.9900 1.0000000 1.0000 []
 | 4.5089 14.8554 -14.8554 0.0000000 O=C(NCC(=O)N1C[C@H](O)C[C@H]1C(=O)N[C@H](c1ccc(Cl)cc1)C1CC1)c1ccc2cc(F)ccc2n1 1 COc1ccc([C@H](C)NC(=O)[C@@H]2C[C@@H](O)CN2C(=O)CNC(=O)c2ccc3cc(F)ccc3n2)c(Cl)c1 O=C(NCC(=O)N1CCC[C@H]1C(=O)N[C@H](c1ccccc1)C1CC1)c1ccc2ccccc2n1 0.4398140 0.4398 0.7400000 0.7400 0.7716782 -9.8800 1.0000000 1.0000 []
 | 0.5497 20.9715 -20.9715 0.0000000 O=C(NCC(=O)N1C[C@H](O)C[C@H]1C(=O)N[C@@H](c1ccccc1)c1ccc(Cl)cc1)c1ccc2cc(F)ccc2n1 1 COc1ccc([C@H](C)NC(=O)[C@@H]2C[C@@H](O)CN2C(=O)CNC(=O)c2ccc3cc(F)ccc3n2)c(Cl)c1 O=C(NCC(=O)N1CCC[C@H]1C(=O)NC(c1ccccc1)c1ccccc1)c1ccc2ccccc2n1 0.3195992 0.3196 0.6309524 0.6310 0.8357803 -10.6800 1.0000000 1.0000 []
00:35:39 <INFO> Score: 0.12 Agent NLL: 3.22 Valid: 100% Step: 15
 | Agent Prior Target Score SMILES SMILES_state Input_SMILES Scaffold QED QED (raw) TanimotoDistance TanimotoDistance (raw) maize maize (raw) Unwanted SMARTS Unwanted SMARTS (raw) matchting_patterns (Unwanted SMARTS)
 | 3.9776 4.8186 -4.8186 0.0000000 CC(NC(=O)[C@@H]1C[C@@H](O)CN1C(=O)CNC(=O)c1ccc2cc(F)ccc2n1)c1ccc(Cl)cc1 1 COc1ccc([C@H](C)NC(=O)[C@@H]2C[C@@H](O)CN2C(=O)CNC(=O)c2ccc3cc(F)ccc3n2)c(Cl)c1 O=C(NCC(=O)N1CCC[C@H]1C(=O)NCc1ccccc1)c1ccc2ccccc2n1 0.4834885 0.4835 0.8014184 0.8014 0.6191875 -8.4500 1.0000000 1.0000 []
 | 4.3092 5.6218 -5.6218 0.0000000 COc1ccc([C@@H](C)NC(=O)[C@@H]2C[C@@H](O)CN2C(=O)CNC(=O)c2ccc3cc(F)ccc3n2)cc1 1 COc1ccc([C@H](C)NC(=O)[C@@H]2C[C@@H](O)CN2C(=O)CNC(=O)c2ccc3cc(F)ccc3n2)c(Cl)c1 O=C(NCC(=O)N1CCC[C@H]1C(=O)NCc1ccccc1)c1ccc2ccccc2n1 0.4618479 0.4618 0.8623188 0.8623 0.7162938 -9.3100 1.0000000 1.0000 []
 | 3.3961 4.1553 -4.1553 0.0000000 COc1ccc([C@H](C)NC(=O)[C@@H]2C[C@@H](O)CN2C(=O)CNC(=O)c2ccc3cc(F)ccc3n2)cc1 1 COc1ccc([C@H](C)NC(=O)[C@@H]2C[C@@H](O)CN2C(=O)CNC(=O)c2ccc3cc(F)ccc3n2)c(Cl)c1 O=C(NCC(=O)N1CCC[C@H]1C(=O)NCc1ccccc1)c1ccc2ccccc2n1 0.4618479 0.4618 0.8623188 0.8623 0.7326326 -9.4700 1.0000000 1.0000 []
 | 3.8802 4.2698 -4.2698 0.0000000 C[C@@H](NC(=O)[C@@H]1C[C@@H](O)CN1C(=O)CNC(=O)c1ccc2cc(F)ccc2n1)c1ccc(Cl)cc1 1 COc1ccc([C@H](C)NC(=O)[C@@H]2C[C@@H](O)CN2C(=O)CNC(=O)c2ccc3cc(F)ccc3n2)c(Cl)c1 O=C(NCC(=O)N1CCC[C@H]1C(=O)NCc1ccccc1)c1ccc2ccccc2n1 0.4834885 0.4835 0.8014184 0.8014 0.7866414 -10.0500 1.0000000 1.0000 []
 | 4.0173 5.2000 -5.2000 0.0000000 C[C@H](NC(=O)[C@@H]1C[C@@H](O)CN1C(=O)CNC(=O)c1ccc2cc(F)ccc2n1)c1ccc(Cl)cc1 1 COc1ccc([C@H](C)NC(=O)[C@@H]2C[C@@H](O)CN2C(=O)CNC(=O)c2ccc3cc(F)ccc3n2)c(Cl)c1 O=C(NCC(=O)N1CCC[C@H]1C(=O)NCc1ccccc1)c1ccc2ccccc2n1 0.4834885 0.4835 0.8014184 0.8014 0.7004409 -9.1600 1.0000000 1.0000 []
 | 4.7176 4.6591 -4.6591 0.0000000 Cc1ccc([C@@H](C)NC(=O)[C@@H]2C[C@@H](O)CN2C(=O)CNC(=O)c2ccc3cc(F)ccc3n2)cc1 1 COc1ccc([C@H](C)NC(=O)[C@@H]2C[C@@H](O)CN2C(=O)CNC(=O)c2ccc3cc(F)ccc3n2)c(Cl)c1 O=C(NCC(=O)N1CCC[C@H]1C(=O)NCc1ccccc1)c1ccc2ccccc2n1 0.5033078 0.5033 0.7762238 0.7762 0.7823160 -10.0000 1.0000000 1.0000 []
 | 1.1524 17.5061 58.7046 0.5953960 O=C(NCC(=O)N1C[C@H](O)C[C@H]1C(=O)N[C@@H](Cc1ccc(Cl)cc1)c1ccccc1)c1ccc2cc(F)ccc2n1 1 COc1ccc([C@H](C)NC(=O)[C@@H]2C[C@@H](O)CN2C(=O)CNC(=O)c2ccc3cc(F)ccc3n2)c(Cl)c1 O=C(NCC(=O)N1CCC[C@H]1C(=O)N[C@@H](Cc1ccccc1)c1ccccc1)c1ccc2ccccc2n1 0.2962297 0.2962 0.6547619 0.6548 0.8049257 -10.2700 1.0000000 1.0000 []
 | 4.0961 23.0173 -23.0173 0.0000000 O=C(NCC(=O)N1C[C@H](O)C[C@H]1C(=O)N[C@H](c1ccccc1)c1ccc(Cl)cc1)c1ccc2cc(F)ccc2n1 1 COc1ccc([C@H](C)NC(=O)[C@@H]2C[C@@H](O)CN2C(=O)CNC(=O)c2ccc3cc(F)ccc3n2)c(Cl)c1 O=C(NCC(=O)N1CCC[C@H]1C(=O)NC(c1ccccc1)c1ccccc1)c1ccc2ccccc2n1 0.3195992 0.3196 0.6309524 0.6310 0.8174609 -10.4300 1.0000000 1.0000 []
 | 1.3796 20.3079 54.7829 0.5866468 O=C(NCC(=O)N1C[C@H](O)C[C@H]1C(=O)N[C@H](Cc1ccc(Cl)cc1)c1ccccc1)c1ccc2cc(F)ccc2n1 1 COc1ccc([C@H](C)NC(=O)[C@@H]2C[C@@H](O)CN2C(=O)CNC(=O)c2ccc3cc(F)ccc3n2)c(Cl)c1 O=C(NCC(=O)N1CCC[C@H]1C(=O)N[C@H](Cc1ccccc1)c1ccccc1)c1ccc2ccccc2n1 0.2962297 0.2962 0.6547619 0.6548 0.7814432 -9.9900 1.0000000 1.0000 []
 | 1.2625 20.9715 -20.9715 0.0000000 O=C(NCC(=O)N1C[C@H](O)C[C@H]1C(=O)N[C@@H](c1ccccc1)c1ccc(Cl)cc1)c1ccc2cc(F)ccc2n1 1 COc1ccc([C@H](C)NC(=O)[C@@H]2C[C@@H](O)CN2C(=O)CNC(=O)c2ccc3cc(F)ccc3n2)c(Cl)c1 O=C(NCC(=O)N1CCC[C@H]1C(=O)NC(c1ccccc1)c1ccccc1)c1ccc2ccccc2n1 0.3195992 0.3196 0.6309524 0.6310 0.8357803 -10.6800 1.0000000 1.0000 []
00:35:59 <INFO> Score: 0.17 Agent NLL: 3.72 Valid: 100% Step: 16
 | Agent Prior Target Score SMILES SMILES_state Input_SMILES Scaffold QED QED (raw) TanimotoDistance TanimotoDistance (raw) maize maize (raw) Unwanted SMARTS Unwanted SMARTS (raw) matchting_patterns (Unwanted SMARTS)
 | 4.2681 4.8186 -4.8186 0.0000000 CC(NC(=O)[C@@H]1C[C@@H](O)CN1C(=O)CNC(=O)c1ccc2cc(F)ccc2n1)c1ccc(Cl)cc1 1 COc1ccc([C@H](C)NC(=O)[C@@H]2C[C@@H](O)CN2C(=O)CNC(=O)c2ccc3cc(F)ccc3n2)c(Cl)c1 O=C(NCC(=O)N1CCC[C@H]1C(=O)NCc1ccccc1)c1ccc2ccccc2n1 0.4834885 0.4835 0.8014184 0.8014 0.6191875 -8.4500 1.0000000 1.0000 []
 | 4.3937 5.6218 -5.6218 0.0000000 COc1ccc([C@@H](C)NC(=O)[C@@H]2C[C@@H](O)CN2C(=O)CNC(=O)c2ccc3cc(F)ccc3n2)cc1 1 COc1ccc([C@H](C)NC(=O)[C@@H]2C[C@@H](O)CN2C(=O)CNC(=O)c2ccc3cc(F)ccc3n2)c(Cl)c1 O=C(NCC(=O)N1CCC[C@H]1C(=O)NCc1ccccc1)c1ccc2ccccc2n1 0.4618479 0.4618 0.8623188 0.8623 0.7162938 -9.3100 1.0000000 1.0000 []
 | 3.4853 4.1553 -4.1553 0.0000000 COc1ccc([C@H](C)NC(=O)[C@@H]2C[C@@H](O)CN2C(=O)CNC(=O)c2ccc3cc(F)ccc3n2)cc1 1 COc1ccc([C@H](C)NC(=O)[C@@H]2C[C@@H](O)CN2C(=O)CNC(=O)c2ccc3cc(F)ccc3n2)c(Cl)c1 O=C(NCC(=O)N1CCC[C@H]1C(=O)NCc1ccccc1)c1ccc2ccccc2n1 0.4618479 0.4618 0.8623188 0.8623 0.7326326 -9.4700 1.0000000 1.0000 []
 | 4.0532 4.2698 -4.2698 0.0000000 C[C@@H](NC(=O)[C@@H]1C[C@@H](O)CN1C(=O)CNC(=O)c1ccc2cc(F)ccc2n1)c1ccc(Cl)cc1 1 COc1ccc([C@H](C)NC(=O)[C@@H]2C[C@@H](O)CN2C(=O)CNC(=O)c2ccc3cc(F)ccc3n2)c(Cl)c1 O=C(NCC(=O)N1CCC[C@H]1C(=O)NCc1ccccc1)c1ccc2ccccc2n1 0.4834885 0.4835 0.8014184 0.8014 0.7866414 -10.0500 1.0000000 1.0000 []
 | 4.1437 5.2000 -5.2000 0.0000000 C[C@H](NC(=O)[C@@H]1C[C@@H](O)CN1C(=O)CNC(=O)c1ccc2cc(F)ccc2n1)c1ccc(Cl)cc1 1 COc1ccc([C@H](C)NC(=O)[C@@H]2C[C@@H](O)CN2C(=O)CNC(=O)c2ccc3cc(F)ccc3n2)c(Cl)c1 O=C(NCC(=O)N1CCC[C@H]1C(=O)NCc1ccccc1)c1ccc2ccccc2n1 0.4834885 0.4835 0.8014184 0.8014 0.7004409 -9.1600 1.0000000 1.0000 []
 | 4.8041 4.6591 -4.6591 0.0000000 Cc1ccc([C@@H](C)NC(=O)[C@@H]2C[C@@H](O)CN2C(=O)CNC(=O)c2ccc3cc(F)ccc3n2)cc1 1 COc1ccc([C@H](C)NC(=O)[C@@H]2C[C@@H](O)CN2C(=O)CNC(=O)c2ccc3cc(F)ccc3n2)c(Cl)c1 O=C(NCC(=O)N1CCC[C@H]1C(=O)NCc1ccccc1)c1ccc2ccccc2n1 0.5033078 0.5033 0.7762238 0.7762 0.7823160 -10.0000 1.0000000 1.0000 []
 | 0.8244 17.5061 58.7046 0.5953960 O=C(NCC(=O)N1C[C@H](O)C[C@H]1C(=O)N[C@@H](Cc1ccc(Cl)cc1)c1ccccc1)c1ccc2cc(F)ccc2n1 1 COc1ccc([C@H](C)NC(=O)[C@@H]2C[C@@H](O)CN2C(=O)CNC(=O)c2ccc3cc(F)ccc3n2)c(Cl)c1 O=C(NCC(=O)N1CCC[C@H]1C(=O)N[C@@H](Cc1ccccc1)c1ccccc1)c1ccc2ccccc2n1 0.2962297 0.2962 0.6547619 0.6548 0.8049257 -10.2700 1.0000000 1.0000 []
 | 5.4636 12.2169 59.7177 0.5619890 O=C(NCC(=O)N1C[C@H](O)C[C@H]1C(=O)N[C@@H](Cc1ccc(O)cc1)c1ccccc1)c1ccc2cc(F)ccc2n1 1 COc1ccc([C@H](C)NC(=O)[C@@H]2C[C@@H](O)CN2C(=O)CNC(=O)c2ccc3cc(F)ccc3n2)c(Cl)c1 O=C(NCC(=O)N1CCC[C@H]1C(=O)N[C@@H](Cc1ccccc1)c1ccccc1)c1ccc2ccccc2n1 0.2640185 0.2640 0.6257310 0.6257 0.7770423 -9.9400 1.0000000 1.0000 []
 | 0.8362 20.3079 54.7829 0.5866468 O=C(NCC(=O)N1C[C@H](O)C[C@H]1C(=O)N[C@H](Cc1ccc(Cl)cc1)c1ccccc1)c1ccc2cc(F)ccc2n1 1 COc1ccc([C@H](C)NC(=O)[C@@H]2C[C@@H](O)CN2C(=O)CNC(=O)c2ccc3cc(F)ccc3n2)c(Cl)c1 O=C(NCC(=O)N1CCC[C@H]1C(=O)N[C@H](Cc1ccccc1)c1ccccc1)c1ccc2ccccc2n1 0.2962297 0.2962 0.6547619 0.6548 0.7814432 -9.9900 1.0000000 1.0000 []
 | 4.9073 20.9715 -20.9715 0.0000000 O=C(NCC(=O)N1C[C@H](O)C[C@H]1C(=O)N[C@@H](c1ccccc1)c1ccc(Cl)cc1)c1ccc2cc(F)ccc2n1 1 COc1ccc([C@H](C)NC(=O)[C@@H]2C[C@@H](O)CN2C(=O)CNC(=O)c2ccc3cc(F)ccc3n2)c(Cl)c1 O=C(NCC(=O)N1CCC[C@H]1C(=O)NC(c1ccccc1)c1ccccc1)c1ccc2ccccc2n1 0.3195992 0.3196 0.6309524 0.6310 0.8357803 -10.6800 1.0000000 1.0000 []
00:36:20 <INFO> Score: 0.23 Agent NLL: 3.58 Valid: 100% Step: 17
 | Agent Prior Target Score SMILES SMILES_state Input_SMILES Scaffold QED QED (raw) TanimotoDistance TanimotoDistance (raw) maize maize (raw) Unwanted SMARTS Unwanted SMARTS (raw) matchting_patterns (Unwanted SMARTS)
 | 4.5880 4.8186 -4.8186 0.0000000 CC(NC(=O)[C@@H]1C[C@@H](O)CN1C(=O)CNC(=O)c1ccc2cc(F)ccc2n1)c1ccc(Cl)cc1 1 COc1ccc([C@H](C)NC(=O)[C@@H]2C[C@@H](O)CN2C(=O)CNC(=O)c2ccc3cc(F)ccc3n2)c(Cl)c1 O=C(NCC(=O)N1CCC[C@H]1C(=O)NCc1ccccc1)c1ccc2ccccc2n1 0.4834885 0.4835 0.8014184 0.8014 0.6191875 -8.4500 1.0000000 1.0000 []
 | 4.5029 5.6218 -5.6218 0.0000000 COc1ccc([C@@H](C)NC(=O)[C@@H]2C[C@@H](O)CN2C(=O)CNC(=O)c2ccc3cc(F)ccc3n2)cc1 1 COc1ccc([C@H](C)NC(=O)[C@@H]2C[C@@H](O)CN2C(=O)CNC(=O)c2ccc3cc(F)ccc3n2)c(Cl)c1 O=C(NCC(=O)N1CCC[C@H]1C(=O)NCc1ccccc1)c1ccc2ccccc2n1 0.4618479 0.4618 0.8623188 0.8623 0.7162938 -9.3100 1.0000000 1.0000 []
 | 3.5466 4.1553 -4.1553 0.0000000 COc1ccc([C@H](C)NC(=O)[C@@H]2C[C@@H](O)CN2C(=O)CNC(=O)c2ccc3cc(F)ccc3n2)cc1 1 COc1ccc([C@H](C)NC(=O)[C@@H]2C[C@@H](O)CN2C(=O)CNC(=O)c2ccc3cc(F)ccc3n2)c(Cl)c1 O=C(NCC(=O)N1CCC[C@H]1C(=O)NCc1ccccc1)c1ccc2ccccc2n1 0.4618479 0.4618 0.8623188 0.8623 0.7326326 -9.4700 1.0000000 1.0000 []
 | 4.2188 4.2698 -4.2698 0.0000000 C[C@@H](NC(=O)[C@@H]1C[C@@H](O)CN1C(=O)CNC(=O)c1ccc2cc(F)ccc2n1)c1ccc(Cl)cc1 1 COc1ccc([C@H](C)NC(=O)[C@@H]2C[C@@H](O)CN2C(=O)CNC(=O)c2ccc3cc(F)ccc3n2)c(Cl)c1 O=C(NCC(=O)N1CCC[C@H]1C(=O)NCc1ccccc1)c1ccc2ccccc2n1 0.4834885 0.4835 0.8014184 0.8014 0.7866414 -10.0500 1.0000000 1.0000 []
 | 4.3015 5.2000 -5.2000 0.0000000 C[C@H](NC(=O)[C@@H]1C[C@@H](O)CN1C(=O)CNC(=O)c1ccc2cc(F)ccc2n1)c1ccc(Cl)cc1 1 COc1ccc([C@H](C)NC(=O)[C@@H]2C[C@@H](O)CN2C(=O)CNC(=O)c2ccc3cc(F)ccc3n2)c(Cl)c1 O=C(NCC(=O)N1CCC[C@H]1C(=O)NCc1ccccc1)c1ccc2ccccc2n1 0.4834885 0.4835 0.8014184 0.8014 0.7004409 -9.1600 1.0000000 1.0000 []
 | 4.9117 4.6591 -4.6591 0.0000000 Cc1ccc([C@@H](C)NC(=O)[C@@H]2C[C@@H](O)CN2C(=O)CNC(=O)c2ccc3cc(F)ccc3n2)cc1 1 COc1ccc([C@H](C)NC(=O)[C@@H]2C[C@@H](O)CN2C(=O)CNC(=O)c2ccc3cc(F)ccc3n2)c(Cl)c1 O=C(NCC(=O)N1CCC[C@H]1C(=O)NCc1ccccc1)c1ccc2ccccc2n1 0.5033078 0.5033 0.7762238 0.7762 0.7823160 -10.0000 1.0000000 1.0000 []
 | 0.6364 17.5061 58.7046 0.5953960 O=C(NCC(=O)N1C[C@H](O)C[C@H]1C(=O)N[C@@H](Cc1ccc(Cl)cc1)c1ccccc1)c1ccc2cc(F)ccc2n1 1 COc1ccc([C@H](C)NC(=O)[C@@H]2C[C@@H](O)CN2C(=O)CNC(=O)c2ccc3cc(F)ccc3n2)c(Cl)c1 O=C(NCC(=O)N1CCC[C@H]1C(=O)N[C@@H](Cc1ccccc1)c1ccccc1)c1ccc2ccccc2n1 0.2962297 0.2962 0.6547619 0.6548 0.8049257 -10.2700 1.0000000 1.0000 []
 | 2.6131 12.2169 59.7177 0.5619890 O=C(NCC(=O)N1C[C@H](O)C[C@H]1C(=O)N[C@@H](Cc1ccc(O)cc1)c1ccccc1)c1ccc2cc(F)ccc2n1 1 COc1ccc([C@H](C)NC(=O)[C@@H]2C[C@@H](O)CN2C(=O)CNC(=O)c2ccc3cc(F)ccc3n2)c(Cl)c1 O=C(NCC(=O)N1CCC[C@H]1C(=O)N[C@@H](Cc1ccccc1)c1ccccc1)c1ccc2ccccc2n1 0.2640185 0.2640 0.6257310 0.6257 0.7770423 -9.9400 1.0000000 1.0000 []
 | 1.2425 20.3079 54.7829 0.5866468 O=C(NCC(=O)N1C[C@H](O)C[C@H]1C(=O)N[C@H](Cc1ccc(Cl)cc1)c1ccccc1)c1ccc2cc(F)ccc2n1 1 COc1ccc([C@H](C)NC(=O)[C@@H]2C[C@@H](O)CN2C(=O)CNC(=O)c2ccc3cc(F)ccc3n2)c(Cl)c1 O=C(NCC(=O)N1CCC[C@H]1C(=O)N[C@H](Cc1ccccc1)c1ccccc1)c1ccc2ccccc2n1 0.2962297 0.2962 0.6547619 0.6548 0.7814432 -9.9900 1.0000000 1.0000 []
 | 5.2774 17.2345 57.9434 0.5873279 O=C(NCC(=O)N1C[C@H](O)C[C@H]1C(=O)N[C@H](Cc1ccc(O)cc1)c1ccccc1)c1ccc2cc(F)ccc2n1 1 COc1ccc([C@H](C)NC(=O)[C@@H]2C[C@@H](O)CN2C(=O)CNC(=O)c2ccc3cc(F)ccc3n2)c(Cl)c1 O=C(NCC(=O)N1CCC[C@H]1C(=O)N[C@H](Cc1ccccc1)c1ccccc1)c1ccc2ccccc2n1 0.2640185 0.2640 0.6257310 0.6257 0.8486922 -10.8700 1.0000000 1.0000 []
00:36:21 <INFO> Score: 0.23 Agent NLL: 3.52 Valid: 100% Step: 18
 | Agent Prior Target Score SMILES SMILES_state Input_SMILES Scaffold QED QED (raw) TanimotoDistance TanimotoDistance (raw) maize maize (raw) Unwanted SMARTS Unwanted SMARTS (raw) matchting_patterns (Unwanted SMARTS)
 | 4.9249 4.8186 -4.8186 0.0000000 CC(NC(=O)[C@@H]1C[C@@H](O)CN1C(=O)CNC(=O)c1ccc2cc(F)ccc2n1)c1ccc(Cl)cc1 1 COc1ccc([C@H](C)NC(=O)[C@@H]2C[C@@H](O)CN2C(=O)CNC(=O)c2ccc3cc(F)ccc3n2)c(Cl)c1 O=C(NCC(=O)N1CCC[C@H]1C(=O)NCc1ccccc1)c1ccc2ccccc2n1 0.4834885 0.4835 0.8014184 0.8014 0.6191875 -8.4500 1.0000000 1.0000 []
 | 4.6121 5.6218 -5.6218 0.0000000 COc1ccc([C@@H](C)NC(=O)[C@@H]2C[C@@H](O)CN2C(=O)CNC(=O)c2ccc3cc(F)ccc3n2)cc1 1 COc1ccc([C@H](C)NC(=O)[C@@H]2C[C@@H](O)CN2C(=O)CNC(=O)c2ccc3cc(F)ccc3n2)c(Cl)c1 O=C(NCC(=O)N1CCC[C@H]1C(=O)NCc1ccccc1)c1ccc2ccccc2n1 0.4618479 0.4618 0.8623188 0.8623 0.7162938 -9.3100 1.0000000 1.0000 []
 | 3.6079 4.1553 -4.1553 0.0000000 COc1ccc([C@H](C)NC(=O)[C@@H]2C[C@@H](O)CN2C(=O)CNC(=O)c2ccc3cc(F)ccc3n2)cc1 1 COc1ccc([C@H](C)NC(=O)[C@@H]2C[C@@H](O)CN2C(=O)CNC(=O)c2ccc3cc(F)ccc3n2)c(Cl)c1 O=C(NCC(=O)N1CCC[C@H]1C(=O)NCc1ccccc1)c1ccc2ccccc2n1 0.4618479 0.4618 0.8623188 0.8623 0.7326326 -9.4700 1.0000000 1.0000 []
 | 4.4355 4.2698 -4.2698 0.0000000 C[C@@H](NC(=O)[C@@H]1C[C@@H](O)CN1C(=O)CNC(=O)c1ccc2cc(F)ccc2n1)c1ccc(Cl)cc1 1 COc1ccc([C@H](C)NC(=O)[C@@H]2C[C@@H](O)CN2C(=O)CNC(=O)c2ccc3cc(F)ccc3n2)c(Cl)c1 O=C(NCC(=O)N1CCC[C@H]1C(=O)NCc1ccccc1)c1ccc2ccccc2n1 0.4834885 0.4835 0.8014184 0.8014 0.7866414 -10.0500 1.0000000 1.0000 []
 | 4.4583 5.2000 -5.2000 0.0000000 C[C@H](NC(=O)[C@@H]1C[C@@H](O)CN1C(=O)CNC(=O)c1ccc2cc(F)ccc2n1)c1ccc(Cl)cc1 1 COc1ccc([C@H](C)NC(=O)[C@@H]2C[C@@H](O)CN2C(=O)CNC(=O)c2ccc3cc(F)ccc3n2)c(Cl)c1 O=C(NCC(=O)N1CCC[C@H]1C(=O)NCc1ccccc1)c1ccc2ccccc2n1 0.4834885 0.4835 0.8014184 0.8014 0.7004409 -9.1600 1.0000000 1.0000 []
 | 5.0135 4.6591 -4.6591 0.0000000 Cc1ccc([C@@H](C)NC(=O)[C@@H]2C[C@@H](O)CN2C(=O)CNC(=O)c2ccc3cc(F)ccc3n2)cc1 1 COc1ccc([C@H](C)NC(=O)[C@@H]2C[C@@H](O)CN2C(=O)CNC(=O)c2ccc3cc(F)ccc3n2)c(Cl)c1 O=C(NCC(=O)N1CCC[C@H]1C(=O)NCc1ccccc1)c1ccc2ccccc2n1 0.5033078 0.5033 0.7762238 0.7762 0.7823160 -10.0000 1.0000000 1.0000 []
 | 3.0912 17.5061 58.7046 0.5953960 O=C(NCC(=O)N1C[C@H](O)C[C@H]1C(=O)N[C@@H](Cc1ccc(Cl)cc1)c1ccccc1)c1ccc2cc(F)ccc2n1 1 COc1ccc([C@H](C)NC(=O)[C@@H]2C[C@@H](O)CN2C(=O)CNC(=O)c2ccc3cc(F)ccc3n2)c(Cl)c1 O=C(NCC(=O)N1CCC[C@H]1C(=O)N[C@@H](Cc1ccccc1)c1ccccc1)c1ccc2ccccc2n1 0.2962297 0.2962 0.6547619 0.6548 0.8049257 -10.2700 1.0000000 1.0000 []
 | 0.4702 12.2169 59.7177 0.5619890 O=C(NCC(=O)N1C[C@H](O)C[C@H]1C(=O)N[C@@H](Cc1ccc(O)cc1)c1ccccc1)c1ccc2cc(F)ccc2n1 1 COc1ccc([C@H](C)NC(=O)[C@@H]2C[C@@H](O)CN2C(=O)CNC(=O)c2ccc3cc(F)ccc3n2)c(Cl)c1 O=C(NCC(=O)N1CCC[C@H]1C(=O)N[C@@H](Cc1ccccc1)c1ccccc1)c1ccc2ccccc2n1 0.2640185 0.2640 0.6257310 0.6257 0.7770423 -9.9400 1.0000000 1.0000 []
 | 2.7857 20.3079 54.7829 0.5866468 O=C(NCC(=O)N1C[C@H](O)C[C@H]1C(=O)N[C@H](Cc1ccc(Cl)cc1)c1ccccc1)c1ccc2cc(F)ccc2n1 1 COc1ccc([C@H](C)NC(=O)[C@@H]2C[C@@H](O)CN2C(=O)CNC(=O)c2ccc3cc(F)ccc3n2)c(Cl)c1 O=C(NCC(=O)N1CCC[C@H]1C(=O)N[C@H](Cc1ccccc1)c1ccccc1)c1ccc2ccccc2n1 0.2962297 0.2962 0.6547619 0.6548 0.7814432 -9.9900 1.0000000 1.0000 []
 | 1.7635 17.2345 57.9434 0.5873279 O=C(NCC(=O)N1C[C@H](O)C[C@H]1C(=O)N[C@H](Cc1ccc(O)cc1)c1ccccc1)c1ccc2cc(F)ccc2n1 1 COc1ccc([C@H](C)NC(=O)[C@@H]2C[C@@H](O)CN2C(=O)CNC(=O)c2ccc3cc(F)ccc3n2)c(Cl)c1 O=C(NCC(=O)N1CCC[C@H]1C(=O)N[C@H](Cc1ccccc1)c1ccccc1)c1ccc2ccccc2n1 0.2640185 0.2640 0.6257310 0.6257 0.8486922 -10.8700 1.0000000 1.0000 []
00:36:23 <INFO> Score: 0.29 Agent NLL: 3.84 Valid: 100% Step: 19
 | Agent Prior Target Score SMILES SMILES_state Input_SMILES Scaffold QED QED (raw) TanimotoDistance TanimotoDistance (raw) maize maize (raw) Unwanted SMARTS Unwanted SMARTS (raw) matchting_patterns (Unwanted SMARTS)
 | 4.7681 5.6218 -5.6218 0.0000000 COc1ccc([C@@H](C)NC(=O)[C@@H]2C[C@@H](O)CN2C(=O)CNC(=O)c2ccc3cc(F)ccc3n2)cc1 1 COc1ccc([C@H](C)NC(=O)[C@@H]2C[C@@H](O)CN2C(=O)CNC(=O)c2ccc3cc(F)ccc3n2)c(Cl)c1 O=C(NCC(=O)N1CCC[C@H]1C(=O)NCc1ccccc1)c1ccc2ccccc2n1 0.4618479 0.4618 0.8623188 0.8623 0.7162938 -9.3100 1.0000000 1.0000 []
 | 3.6846 4.1553 -4.1553 0.0000000 COc1ccc([C@H](C)NC(=O)[C@@H]2C[C@@H](O)CN2C(=O)CNC(=O)c2ccc3cc(F)ccc3n2)cc1 1 COc1ccc([C@H](C)NC(=O)[C@@H]2C[C@@H](O)CN2C(=O)CNC(=O)c2ccc3cc(F)ccc3n2)c(Cl)c1 O=C(NCC(=O)N1CCC[C@H]1C(=O)NCc1ccccc1)c1ccc2ccccc2n1 0.4618479 0.4618 0.8623188 0.8623 0.7326326 -9.4700 1.0000000 1.0000 []
 | 4.6581 4.2698 -4.2698 0.0000000 C[C@@H](NC(=O)[C@@H]1C[C@@H](O)CN1C(=O)CNC(=O)c1ccc2cc(F)ccc2n1)c1ccc(Cl)cc1 1 COc1ccc([C@H](C)NC(=O)[C@@H]2C[C@@H](O)CN2C(=O)CNC(=O)c2ccc3cc(F)ccc3n2)c(Cl)c1 O=C(NCC(=O)N1CCC[C@H]1C(=O)NCc1ccccc1)c1ccc2ccccc2n1 0.4834885 0.4835 0.8014184 0.8014 0.7866414 -10.0500 1.0000000 1.0000 []
 | 4.6251 5.2000 -5.2000 0.0000000 C[C@H](NC(=O)[C@@H]1C[C@@H](O)CN1C(=O)CNC(=O)c1ccc2cc(F)ccc2n1)c1ccc(Cl)cc1 1 COc1ccc([C@H](C)NC(=O)[C@@H]2C[C@@H](O)CN2C(=O)CNC(=O)c2ccc3cc(F)ccc3n2)c(Cl)c1 O=C(NCC(=O)N1CCC[C@H]1C(=O)NCc1ccccc1)c1ccc2ccccc2n1 0.4834885 0.4835 0.8014184 0.8014 0.7004409 -9.1600 1.0000000 1.0000 []
 | 5.1057 4.6591 -4.6591 0.0000000 Cc1ccc([C@@H](C)NC(=O)[C@@H]2C[C@@H](O)CN2C(=O)CNC(=O)c2ccc3cc(F)ccc3n2)cc1 1 COc1ccc([C@H](C)NC(=O)[C@@H]2C[C@@H](O)CN2C(=O)CNC(=O)c2ccc3cc(F)ccc3n2)c(Cl)c1 O=C(NCC(=O)N1CCC[C@H]1C(=O)NCc1ccccc1)c1ccc2ccccc2n1 0.5033078 0.5033 0.7762238 0.7762 0.7823160 -10.0000 1.0000000 1.0000 []
 | 4.5961 17.5061 58.7046 0.5953960 O=C(NCC(=O)N1C[C@H](O)C[C@H]1C(=O)N[C@@H](Cc1ccc(Cl)cc1)c1ccccc1)c1ccc2cc(F)ccc2n1 1 COc1ccc([C@H](C)NC(=O)[C@@H]2C[C@@H](O)CN2C(=O)CNC(=O)c2ccc3cc(F)ccc3n2)c(Cl)c1 O=C(NCC(=O)N1CCC[C@H]1C(=O)N[C@@H](Cc1ccccc1)c1ccccc1)c1ccc2ccccc2n1 0.2962297 0.2962 0.6547619 0.6548 0.8049257 -10.2700 1.0000000 1.0000 []
 | 0.4337 12.2169 59.7177 0.5619890 O=C(NCC(=O)N1C[C@H](O)C[C@H]1C(=O)N[C@@H](Cc1ccc(O)cc1)c1ccccc1)c1ccc2cc(F)ccc2n1 1 COc1ccc([C@H](C)NC(=O)[C@@H]2C[C@@H](O)CN2C(=O)CNC(=O)c2ccc3cc(F)ccc3n2)c(Cl)c1 O=C(NCC(=O)N1CCC[C@H]1C(=O)N[C@@H](Cc1ccccc1)c1ccccc1)c1ccc2ccccc2n1 0.2640185 0.2640 0.6257310 0.6257 0.7770423 -9.9400 1.0000000 1.0000 []
 | 4.8623 10.0226 66.2444 0.5958362 O=C(NCC(=O)N1C[C@H](O)C[C@H]1C(=O)N[C@H](CO)c1ccc(Cl)cc1)c1ccc2cc(F)ccc2n1 1 COc1ccc([C@H](C)NC(=O)[C@@H]2C[C@@H](O)CN2C(=O)CNC(=O)c2ccc3cc(F)ccc3n2)c(Cl)c1 O=C(NCC(=O)N1CCC[C@H]1C(=O)NCc1ccccc1)c1ccc2ccccc2n1 0.3782864 0.3783 0.7482993 0.7483 0.6672764 -8.8600 1.0000000 1.0000 []
 | 4.2066 20.3079 54.7829 0.5866468 O=C(NCC(=O)N1C[C@H](O)C[C@H]1C(=O)N[C@H](Cc1ccc(Cl)cc1)c1ccccc1)c1ccc2cc(F)ccc2n1 1 COc1ccc([C@H](C)NC(=O)[C@@H]2C[C@@H](O)CN2C(=O)CNC(=O)c2ccc3cc(F)ccc3n2)c(Cl)c1 O=C(NCC(=O)N1CCC[C@H]1C(=O)N[C@H](Cc1ccccc1)c1ccccc1)c1ccc2ccccc2n1 0.2962297 0.2962 0.6547619 0.6548 0.7814432 -9.9900 1.0000000 1.0000 []
 | 1.4401 17.2345 57.9434 0.5873279 O=C(NCC(=O)N1C[C@H](O)C[C@H]1C(=O)N[C@H](Cc1ccc(O)cc1)c1ccccc1)c1ccc2cc(F)ccc2n1 1 COc1ccc([C@H](C)NC(=O)[C@@H]2C[C@@H](O)CN2C(=O)CNC(=O)c2ccc3cc(F)ccc3n2)c(Cl)c1 O=C(NCC(=O)N1CCC[C@H]1C(=O)N[C@H](Cc1ccccc1)c1ccccc1)c1ccc2ccccc2n1 0.2640185 0.2640 0.6257310 0.6257 0.8486922 -10.8700 1.0000000 1.0000 []
00:36:24 <INFO> Score: 0.29 Agent NLL: 3.41 Valid: 100% Step: 20
 | Agent Prior Target Score SMILES SMILES_state Input_SMILES Scaffold QED QED (raw) TanimotoDistance TanimotoDistance (raw) maize maize (raw) Unwanted SMARTS Unwanted SMARTS (raw) matchting_patterns (Unwanted SMARTS)
 | 4.9448 5.6218 -5.6218 0.0000000 COc1ccc([C@@H](C)NC(=O)[C@@H]2C[C@@H](O)CN2C(=O)CNC(=O)c2ccc3cc(F)ccc3n2)cc1 1 COc1ccc([C@H](C)NC(=O)[C@@H]2C[C@@H](O)CN2C(=O)CNC(=O)c2ccc3cc(F)ccc3n2)c(Cl)c1 O=C(NCC(=O)N1CCC[C@H]1C(=O)NCc1ccccc1)c1ccc2ccccc2n1 0.4618479 0.4618 0.8623188 0.8623 0.7162938 -9.3100 1.0000000 1.0000 []
 | 3.7782 4.1553 -4.1553 0.0000000 COc1ccc([C@H](C)NC(=O)[C@@H]2C[C@@H](O)CN2C(=O)CNC(=O)c2ccc3cc(F)ccc3n2)cc1 1 COc1ccc([C@H](C)NC(=O)[C@@H]2C[C@@H](O)CN2C(=O)CNC(=O)c2ccc3cc(F)ccc3n2)c(Cl)c1 O=C(NCC(=O)N1CCC[C@H]1C(=O)NCc1ccccc1)c1ccc2ccccc2n1 0.4618479 0.4618 0.8623188 0.8623 0.7326326 -9.4700 1.0000000 1.0000 []
 | 4.8811 4.2698 -4.2698 0.0000000 C[C@@H](NC(=O)[C@@H]1C[C@@H](O)CN1C(=O)CNC(=O)c1ccc2cc(F)ccc2n1)c1ccc(Cl)cc1 1 COc1ccc([C@H](C)NC(=O)[C@@H]2C[C@@H](O)CN2C(=O)CNC(=O)c2ccc3cc(F)ccc3n2)c(Cl)c1 O=C(NCC(=O)N1CCC[C@H]1C(=O)NCc1ccccc1)c1ccc2ccccc2n1 0.4834885 0.4835 0.8014184 0.8014 0.7866414 -10.0500 1.0000000 1.0000 []
 | 4.7883 5.2000 -5.2000 0.0000000 C[C@H](NC(=O)[C@@H]1C[C@@H](O)CN1C(=O)CNC(=O)c1ccc2cc(F)ccc2n1)c1ccc(Cl)cc1 1 COc1ccc([C@H](C)NC(=O)[C@@H]2C[C@@H](O)CN2C(=O)CNC(=O)c2ccc3cc(F)ccc3n2)c(Cl)c1 O=C(NCC(=O)N1CCC[C@H]1C(=O)NCc1ccccc1)c1ccc2ccccc2n1 0.4834885 0.4835 0.8014184 0.8014 0.7004409 -9.1600 1.0000000 1.0000 []
 | 3.8891 17.5061 58.7046 0.5953960 O=C(NCC(=O)N1C[C@H](O)C[C@H]1C(=O)N[C@@H](Cc1ccc(Cl)cc1)c1ccccc1)c1ccc2cc(F)ccc2n1 1 COc1ccc([C@H](C)NC(=O)[C@@H]2C[C@@H](O)CN2C(=O)CNC(=O)c2ccc3cc(F)ccc3n2)c(Cl)c1 O=C(NCC(=O)N1CCC[C@H]1C(=O)N[C@@H](Cc1ccccc1)c1ccccc1)c1ccc2ccccc2n1 0.2962297 0.2962 0.6547619 0.6548 0.8049257 -10.2700 1.0000000 1.0000 []
 | 0.6211 12.2169 59.7177 0.5619890 O=C(NCC(=O)N1C[C@H](O)C[C@H]1C(=O)N[C@@H](Cc1ccc(O)cc1)c1ccccc1)c1ccc2cc(F)ccc2n1 1 COc1ccc([C@H](C)NC(=O)[C@@H]2C[C@@H](O)CN2C(=O)CNC(=O)c2ccc3cc(F)ccc3n2)c(Cl)c1 O=C(NCC(=O)N1CCC[C@H]1C(=O)N[C@@H](Cc1ccccc1)c1ccccc1)c1ccc2ccccc2n1 0.2640185 0.2640 0.6257310 0.6257 0.7770423 -9.9400 1.0000000 1.0000 []
 | 3.8188 20.1005 -20.1005 0.0000000 C[C@@H](NC(=O)[C@@H]1C[C@@H](O)CN1C(=O)CNC(=O)c1ccc2cc(F)ccc2n1)c1ccc(Cl)cc1 2 COc1ccc([C@H](C)NC(=O)[C@@H]2C[C@@H](O)CN2C(=O)CNC(=O)c2ccc3cc(F)ccc3n2)c(Cl)c1 O=C(NCC(=O)N1CCC[C@H]1C(=O)NCc1ccccc1)c1ccc2ccccc2n1 0.0000000 0.4835 0.0000000 0.8014 0.0000000 -10.0500 0.0000000 1.0000 []
 | 2.7008 10.0226 66.2444 0.5958362 O=C(NCC(=O)N1C[C@H](O)C[C@H]1C(=O)N[C@H](CO)c1ccc(Cl)cc1)c1ccc2cc(F)ccc2n1 1 COc1ccc([C@H](C)NC(=O)[C@@H]2C[C@@H](O)CN2C(=O)CNC(=O)c2ccc3cc(F)ccc3n2)c(Cl)c1 O=C(NCC(=O)N1CCC[C@H]1C(=O)NCc1ccccc1)c1ccc2ccccc2n1 0.3782864 0.3783 0.7482993 0.7483 0.6672764 -8.8600 1.0000000 1.0000 []
 | 3.2808 20.3079 54.7829 0.5866468 O=C(NCC(=O)N1C[C@H](O)C[C@H]1C(=O)N[C@H](Cc1ccc(Cl)cc1)c1ccccc1)c1ccc2cc(F)ccc2n1 1 COc1ccc([C@H](C)NC(=O)[C@@H]2C[C@@H](O)CN2C(=O)CNC(=O)c2ccc3cc(F)ccc3n2)c(Cl)c1 O=C(NCC(=O)N1CCC[C@H]1C(=O)N[C@H](Cc1ccccc1)c1ccccc1)c1ccc2ccccc2n1 0.2962297 0.2962 0.6547619 0.6548 0.7814432 -9.9900 1.0000000 1.0000 []
 | 1.4007 17.2345 57.9434 0.5873279 O=C(NCC(=O)N1C[C@H](O)C[C@H]1C(=O)N[C@H](Cc1ccc(O)cc1)c1ccccc1)c1ccc2cc(F)ccc2n1 1 COc1ccc([C@H](C)NC(=O)[C@@H]2C[C@@H](O)CN2C(=O)CNC(=O)c2ccc3cc(F)ccc3n2)c(Cl)c1 O=C(NCC(=O)N1CCC[C@H]1C(=O)N[C@H](Cc1ccccc1)c1ccccc1)c1ccc2ccccc2n1 0.2640185 0.2640 0.6257310 0.6257 0.8486922 -10.8700 1.0000000 1.0000 []
00:36:25 <INFO> Score: 0.29 Agent NLL: 3.24 Valid: 100% Step: 21
 | Agent Prior Target Score SMILES SMILES_state Input_SMILES Scaffold QED QED (raw) TanimotoDistance TanimotoDistance (raw) maize maize (raw) Unwanted SMARTS Unwanted SMARTS (raw) matchting_patterns (Unwanted SMARTS)
 | 5.1275 5.6218 -5.6218 0.0000000 COc1ccc([C@@H](C)NC(=O)[C@@H]2C[C@@H](O)CN2C(=O)CNC(=O)c2ccc3cc(F)ccc3n2)cc1 1 COc1ccc([C@H](C)NC(=O)[C@@H]2C[C@@H](O)CN2C(=O)CNC(=O)c2ccc3cc(F)ccc3n2)c(Cl)c1 O=C(NCC(=O)N1CCC[C@H]1C(=O)NCc1ccccc1)c1ccc2ccccc2n1 0.4618479 0.4618 0.8623188 0.8623 0.7162938 -9.3100 1.0000000 1.0000 []
 | 3.8783 4.1553 -4.1553 0.0000000 COc1ccc([C@H](C)NC(=O)[C@@H]2C[C@@H](O)CN2C(=O)CNC(=O)c2ccc3cc(F)ccc3n2)cc1 1 COc1ccc([C@H](C)NC(=O)[C@@H]2C[C@@H](O)CN2C(=O)CNC(=O)c2ccc3cc(F)ccc3n2)c(Cl)c1 O=C(NCC(=O)N1CCC[C@H]1C(=O)NCc1ccccc1)c1ccc2ccccc2n1 0.4618479 0.4618 0.8623188 0.8623 0.7326326 -9.4700 1.0000000 1.0000 []
 | 5.1294 4.2698 -4.2698 0.0000000 C[C@@H](NC(=O)[C@@H]1C[C@@H](O)CN1C(=O)CNC(=O)c1ccc2cc(F)ccc2n1)c1ccc(Cl)cc1 1 COc1ccc([C@H](C)NC(=O)[C@@H]2C[C@@H](O)CN2C(=O)CNC(=O)c2ccc3cc(F)ccc3n2)c(Cl)c1 O=C(NCC(=O)N1CCC[C@H]1C(=O)NCc1ccccc1)c1ccc2ccccc2n1 0.4834885 0.4835 0.8014184 0.8014 0.7866414 -10.0500 1.0000000 1.0000 []
 | 4.9731 5.2000 -5.2000 0.0000000 C[C@H](NC(=O)[C@@H]1C[C@@H](O)CN1C(=O)CNC(=O)c1ccc2cc(F)ccc2n1)c1ccc(Cl)cc1 1 COc1ccc([C@H](C)NC(=O)[C@@H]2C[C@@H](O)CN2C(=O)CNC(=O)c2ccc3cc(F)ccc3n2)c(Cl)c1 O=C(NCC(=O)N1CCC[C@H]1C(=O)NCc1ccccc1)c1ccc2ccccc2n1 0.4834885 0.4835 0.8014184 0.8014 0.7004409 -9.1600 1.0000000 1.0000 []
 | 2.4565 17.5061 58.7046 0.5953960 O=C(NCC(=O)N1C[C@H](O)C[C@H]1C(=O)N[C@@H](Cc1ccc(Cl)cc1)c1ccccc1)c1ccc2cc(F)ccc2n1 1 COc1ccc([C@H](C)NC(=O)[C@@H]2C[C@@H](O)CN2C(=O)CNC(=O)c2ccc3cc(F)ccc3n2)c(Cl)c1 O=C(NCC(=O)N1CCC[C@H]1C(=O)N[C@@H](Cc1ccccc1)c1ccccc1)c1ccc2ccccc2n1 0.2962297 0.2962 0.6547619 0.6548 0.8049257 -10.2700 1.0000000 1.0000 []
 | 1.0858 12.2169 59.7177 0.5619890 O=C(NCC(=O)N1C[C@H](O)C[C@H]1C(=O)N[C@@H](Cc1ccc(O)cc1)c1ccccc1)c1ccc2cc(F)ccc2n1 1 COc1ccc([C@H](C)NC(=O)[C@@H]2C[C@@H](O)CN2C(=O)CNC(=O)c2ccc3cc(F)ccc3n2)c(Cl)c1 O=C(NCC(=O)N1CCC[C@H]1C(=O)N[C@@H](Cc1ccccc1)c1ccccc1)c1ccc2ccccc2n1 0.2640185 0.2640 0.6257310 0.6257 0.7770423 -9.9400 1.0000000 1.0000 []
 | 3.4891 20.1005 -20.1005 0.0000000 C[C@@H](NC(=O)[C@@H]1C[C@@H](O)CN1C(=O)CNC(=O)c1ccc2cc(F)ccc2n1)c1ccc(Cl)cc1 2 COc1ccc([C@H](C)NC(=O)[C@@H]2C[C@@H](O)CN2C(=O)CNC(=O)c2ccc3cc(F)ccc3n2)c(Cl)c1 O=C(NCC(=O)N1CCC[C@H]1C(=O)NCc1ccccc1)c1ccc2ccccc2n1 0.0000000 0.4835 0.0000000 0.8014 0.0000000 -10.0500 0.0000000 1.0000 []
 | 1.0843 10.0226 66.2444 0.5958362 O=C(NCC(=O)N1C[C@H](O)C[C@H]1C(=O)N[C@H](CO)c1ccc(Cl)cc1)c1ccc2cc(F)ccc2n1 1 COc1ccc([C@H](C)NC(=O)[C@@H]2C[C@@H](O)CN2C(=O)CNC(=O)c2ccc3cc(F)ccc3n2)c(Cl)c1 O=C(NCC(=O)N1CCC[C@H]1C(=O)NCc1ccccc1)c1ccc2ccccc2n1 0.3782864 0.3783 0.7482993 0.7483 0.6672764 -8.8600 1.0000000 1.0000 []
 | 2.5050 20.3079 54.7829 0.5866468 O=C(NCC(=O)N1C[C@H](O)C[C@H]1C(=O)N[C@H](Cc1ccc(Cl)cc1)c1ccccc1)c1ccc2cc(F)ccc2n1 1 COc1ccc([C@H](C)NC(=O)[C@@H]2C[C@@H](O)CN2C(=O)CNC(=O)c2ccc3cc(F)ccc3n2)c(Cl)c1 O=C(NCC(=O)N1CCC[C@H]1C(=O)N[C@H](Cc1ccccc1)c1ccccc1)c1ccc2ccccc2n1 0.2962297 0.2962 0.6547619 0.6548 0.7814432 -9.9900 1.0000000 1.0000 []
 | 2.7027 17.2345 57.9434 0.5873279 O=C(NCC(=O)N1C[C@H](O)C[C@H]1C(=O)N[C@H](Cc1ccc(O)cc1)c1ccccc1)c1ccc2cc(F)ccc2n1 1 COc1ccc([C@H](C)NC(=O)[C@@H]2C[C@@H](O)CN2C(=O)CNC(=O)c2ccc3cc(F)ccc3n2)c(Cl)c1 O=C(NCC(=O)N1CCC[C@H]1C(=O)N[C@H](Cc1ccccc1)c1ccccc1)c1ccc2ccccc2n1 0.2640185 0.2640 0.6257310 0.6257 0.8486922 -10.8700 1.0000000 1.0000 []
00:36:27 <INFO> Score: 0.29 Agent NLL: 3.44 Valid: 100% Step: 22
 | Agent Prior Target Score SMILES SMILES_state Input_SMILES Scaffold QED QED (raw) TanimotoDistance TanimotoDistance (raw) maize maize (raw) Unwanted SMARTS Unwanted SMARTS (raw) matchting_patterns (Unwanted SMARTS)
 | 5.2974 5.6218 -5.6218 0.0000000 COc1ccc([C@@H](C)NC(=O)[C@@H]2C[C@@H](O)CN2C(=O)CNC(=O)c2ccc3cc(F)ccc3n2)cc1 1 COc1ccc([C@H](C)NC(=O)[C@@H]2C[C@@H](O)CN2C(=O)CNC(=O)c2ccc3cc(F)ccc3n2)c(Cl)c1 O=C(NCC(=O)N1CCC[C@H]1C(=O)NCc1ccccc1)c1ccc2ccccc2n1 0.4618479 0.4618 0.8623188 0.8623 0.7162938 -9.3100 1.0000000 1.0000 []
 | 3.9816 4.1553 -4.1553 0.0000000 COc1ccc([C@H](C)NC(=O)[C@@H]2C[C@@H](O)CN2C(=O)CNC(=O)c2ccc3cc(F)ccc3n2)cc1 1 COc1ccc([C@H](C)NC(=O)[C@@H]2C[C@@H](O)CN2C(=O)CNC(=O)c2ccc3cc(F)ccc3n2)c(Cl)c1 O=C(NCC(=O)N1CCC[C@H]1C(=O)NCc1ccccc1)c1ccc2ccccc2n1 0.4618479 0.4618 0.8623188 0.8623 0.7326326 -9.4700 1.0000000 1.0000 []
 | 5.1987 5.2000 -5.2000 0.0000000 C[C@H](NC(=O)[C@@H]1C[C@@H](O)CN1C(=O)CNC(=O)c1ccc2cc(F)ccc2n1)c1ccc(Cl)cc1 1 COc1ccc([C@H](C)NC(=O)[C@@H]2C[C@@H](O)CN2C(=O)CNC(=O)c2ccc3cc(F)ccc3n2)c(Cl)c1 O=C(NCC(=O)N1CCC[C@H]1C(=O)NCc1ccccc1)c1ccc2ccccc2n1 0.4834885 0.4835 0.8014184 0.8014 0.7004409 -9.1600 1.0000000 1.0000 []
 | 5.3686 4.6591 -4.6591 0.0000000 Cc1ccc([C@@H](C)NC(=O)[C@@H]2C[C@@H](O)CN2C(=O)CNC(=O)c2ccc3cc(F)ccc3n2)cc1 1 COc1ccc([C@H](C)NC(=O)[C@@H]2C[C@@H](O)CN2C(=O)CNC(=O)c2ccc3cc(F)ccc3n2)c(Cl)c1 O=C(NCC(=O)N1CCC[C@H]1C(=O)NCc1ccccc1)c1ccc2ccccc2n1 0.5033078 0.5033 0.7762238 0.7762 0.7823160 -10.0000 1.0000000 1.0000 []
 | 1.5882 17.5061 58.7046 0.5953960 O=C(NCC(=O)N1C[C@H](O)C[C@H]1C(=O)N[C@@H](Cc1ccc(Cl)cc1)c1ccccc1)c1ccc2cc(F)ccc2n1 1 COc1ccc([C@H](C)NC(=O)[C@@H]2C[C@@H](O)CN2C(=O)CNC(=O)c2ccc3cc(F)ccc3n2)c(Cl)c1 O=C(NCC(=O)N1CCC[C@H]1C(=O)N[C@@H](Cc1ccccc1)c1ccccc1)c1ccc2ccccc2n1 0.2962297 0.2962 0.6547619 0.6548 0.8049257 -10.2700 1.0000000 1.0000 []
 | 2.3521 12.2169 59.7177 0.5619890 O=C(NCC(=O)N1C[C@H](O)C[C@H]1C(=O)N[C@@H](Cc1ccc(O)cc1)c1ccccc1)c1ccc2cc(F)ccc2n1 1 COc1ccc([C@H](C)NC(=O)[C@@H]2C[C@@H](O)CN2C(=O)CNC(=O)c2ccc3cc(F)ccc3n2)c(Cl)c1 O=C(NCC(=O)N1CCC[C@H]1C(=O)N[C@@H](Cc1ccccc1)c1ccccc1)c1ccc2ccccc2n1 0.2640185 0.2640 0.6257310 0.6257 0.7770423 -9.9400 1.0000000 1.0000 []
 | 4.2957 20.1005 -20.1005 0.0000000 C[C@@H](NC(=O)[C@@H]1C[C@@H](O)CN1C(=O)CNC(=O)c1ccc2cc(F)ccc2n1)c1ccc(Cl)cc1 1 COc1ccc([C@H](C)NC(=O)[C@@H]2C[C@@H](O)CN2C(=O)CNC(=O)c2ccc3cc(F)ccc3n2)c(Cl)c1 O=C(NCC(=O)N1CCC[C@H]1C(=O)NCc1ccccc1)c1ccc2ccccc2n1 0.4834885 0.4835 0.8014184 0.8014 0.7866414 -10.0500 1.0000000 1.0000 []
 | 0.8804 10.0226 66.2444 0.5958362 O=C(NCC(=O)N1C[C@H](O)C[C@H]1C(=O)N[C@H](CO)c1ccc(Cl)cc1)c1ccc2cc(F)ccc2n1 1 COc1ccc([C@H](C)NC(=O)[C@@H]2C[C@@H](O)CN2C(=O)CNC(=O)c2ccc3cc(F)ccc3n2)c(Cl)c1 O=C(NCC(=O)N1CCC[C@H]1C(=O)NCc1ccccc1)c1ccc2ccccc2n1 0.3782864 0.3783 0.7482993 0.7483 0.6672764 -8.8600 1.0000000 1.0000 []
 | 1.6081 20.3079 54.7829 0.5866468 O=C(NCC(=O)N1C[C@H](O)C[C@H]1C(=O)N[C@H](Cc1ccc(Cl)cc1)c1ccccc1)c1ccc2cc(F)ccc2n1 1 COc1ccc([C@H](C)NC(=O)[C@@H]2C[C@@H](O)CN2C(=O)CNC(=O)c2ccc3cc(F)ccc3n2)c(Cl)c1 O=C(NCC(=O)N1CCC[C@H]1C(=O)N[C@H](Cc1ccccc1)c1ccccc1)c1ccc2ccccc2n1 0.2962297 0.2962 0.6547619 0.6548 0.7814432 -9.9900 1.0000000 1.0000 []
 | 3.8707 17.2345 57.9434 0.5873279 O=C(NCC(=O)N1C[C@H](O)C[C@H]1C(=O)N[C@H](Cc1ccc(O)cc1)c1ccccc1)c1ccc2cc(F)ccc2n1 1 COc1ccc([C@H](C)NC(=O)[C@@H]2C[C@@H](O)CN2C(=O)CNC(=O)c2ccc3cc(F)ccc3n2)c(Cl)c1 O=C(NCC(=O)N1CCC[C@H]1C(=O)N[C@H](Cc1ccccc1)c1ccccc1)c1ccc2ccccc2n1 0.2640185 0.2640 0.6257310 0.6257 0.8486922 -10.8700 1.0000000 1.0000 []
00:36:28 <INFO> Score: 0.29 Agent NLL: 3.72 Valid: 100% Step: 23
 | Agent Prior Target Score SMILES SMILES_state Input_SMILES Scaffold QED QED (raw) TanimotoDistance TanimotoDistance (raw) maize maize (raw) Unwanted SMARTS Unwanted SMARTS (raw) matchting_patterns (Unwanted SMARTS)
 | 5.4339 5.6218 -5.6218 0.0000000 COc1ccc([C@@H](C)NC(=O)[C@@H]2C[C@@H](O)CN2C(=O)CNC(=O)c2ccc3cc(F)ccc3n2)cc1 1 COc1ccc([C@H](C)NC(=O)[C@@H]2C[C@@H](O)CN2C(=O)CNC(=O)c2ccc3cc(F)ccc3n2)c(Cl)c1 O=C(NCC(=O)N1CCC[C@H]1C(=O)NCc1ccccc1)c1ccc2ccccc2n1 0.4618479 0.4618 0.8623188 0.8623 0.7162938 -9.3100 1.0000000 1.0000 []
 | 4.0672 4.1553 -4.1553 0.0000000 COc1ccc([C@H](C)NC(=O)[C@@H]2C[C@@H](O)CN2C(=O)CNC(=O)c2ccc3cc(F)ccc3n2)cc1 1 COc1ccc([C@H](C)NC(=O)[C@@H]2C[C@@H](O)CN2C(=O)CNC(=O)c2ccc3cc(F)ccc3n2)c(Cl)c1 O=C(NCC(=O)N1CCC[C@H]1C(=O)NCc1ccccc1)c1ccc2ccccc2n1 0.4618479 0.4618 0.8623188 0.8623 0.7326326 -9.4700 1.0000000 1.0000 []
 | 5.7483 4.2698 -4.2698 0.0000000 C[C@@H](NC(=O)[C@@H]1C[C@@H](O)CN1C(=O)CNC(=O)c1ccc2cc(F)ccc2n1)c1ccc(Cl)cc1 1 COc1ccc([C@H](C)NC(=O)[C@@H]2C[C@@H](O)CN2C(=O)CNC(=O)c2ccc3cc(F)ccc3n2)c(Cl)c1 O=C(NCC(=O)N1CCC[C@H]1C(=O)NCc1ccccc1)c1ccc2ccccc2n1 0.4834885 0.4835 0.8014184 0.8014 0.7866414 -10.0500 1.0000000 1.0000 []
 | 5.5327 5.2000 -5.2000 0.0000000 C[C@H](NC(=O)[C@@H]1C[C@@H](O)CN1C(=O)CNC(=O)c1ccc2cc(F)ccc2n1)c1ccc(Cl)cc1 1 COc1ccc([C@H](C)NC(=O)[C@@H]2C[C@@H](O)CN2C(=O)CNC(=O)c2ccc3cc(F)ccc3n2)c(Cl)c1 O=C(NCC(=O)N1CCC[C@H]1C(=O)NCc1ccccc1)c1ccc2ccccc2n1 0.4834885 0.4835 0.8014184 0.8014 0.7004409 -9.1600 1.0000000 1.0000 []
 | 5.4439 4.6591 -4.6591 0.0000000 Cc1ccc([C@@H](C)NC(=O)[C@@H]2C[C@@H](O)CN2C(=O)CNC(=O)c2ccc3cc(F)ccc3n2)cc1 1 COc1ccc([C@H](C)NC(=O)[C@@H]2C[C@@H](O)CN2C(=O)CNC(=O)c2ccc3cc(F)ccc3n2)c(Cl)c1 O=C(NCC(=O)N1CCC[C@H]1C(=O)NCc1ccccc1)c1ccc2ccccc2n1 0.5033078 0.5033 0.7762238 0.7762 0.7823160 -10.0000 1.0000000 1.0000 []
 | 1.5877 17.5061 58.7046 0.5953960 O=C(NCC(=O)N1C[C@H](O)C[C@H]1C(=O)N[C@@H](Cc1ccc(Cl)cc1)c1ccccc1)c1ccc2cc(F)ccc2n1 1 COc1ccc([C@H](C)NC(=O)[C@@H]2C[C@@H](O)CN2C(=O)CNC(=O)c2ccc3cc(F)ccc3n2)c(Cl)c1 O=C(NCC(=O)N1CCC[C@H]1C(=O)N[C@@H](Cc1ccccc1)c1ccccc1)c1ccc2ccccc2n1 0.2962297 0.2962 0.6547619 0.6548 0.8049257 -10.2700 1.0000000 1.0000 []
 | 3.2792 12.2169 59.7177 0.5619890 O=C(NCC(=O)N1C[C@H](O)C[C@H]1C(=O)N[C@@H](Cc1ccc(O)cc1)c1ccccc1)c1ccc2cc(F)ccc2n1 1 COc1ccc([C@H](C)NC(=O)[C@@H]2C[C@@H](O)CN2C(=O)CNC(=O)c2ccc3cc(F)ccc3n2)c(Cl)c1 O=C(NCC(=O)N1CCC[C@H]1C(=O)N[C@@H](Cc1ccccc1)c1ccccc1)c1ccc2ccccc2n1 0.2640185 0.2640 0.6257310 0.6257 0.7770423 -9.9400 1.0000000 1.0000 []
 | 1.5419 10.0226 66.2444 0.5958362 O=C(NCC(=O)N1C[C@H](O)C[C@H]1C(=O)N[C@H](CO)c1ccc(Cl)cc1)c1ccc2cc(F)ccc2n1 1 COc1ccc([C@H](C)NC(=O)[C@@H]2C[C@@H](O)CN2C(=O)CNC(=O)c2ccc3cc(F)ccc3n2)c(Cl)c1 O=C(NCC(=O)N1CCC[C@H]1C(=O)NCc1ccccc1)c1ccc2ccccc2n1 0.3782864 0.3783 0.7482993 0.7483 0.6672764 -8.8600 1.0000000 1.0000 []
 | 0.7485 20.3079 54.7829 0.5866468 O=C(NCC(=O)N1C[C@H](O)C[C@H]1C(=O)N[C@H](Cc1ccc(Cl)cc1)c1ccccc1)c1ccc2cc(F)ccc2n1 1 COc1ccc([C@H](C)NC(=O)[C@@H]2C[C@@H](O)CN2C(=O)CNC(=O)c2ccc3cc(F)ccc3n2)c(Cl)c1 O=C(NCC(=O)N1CCC[C@H]1C(=O)N[C@H](Cc1ccccc1)c1ccccc1)c1ccc2ccccc2n1 0.2962297 0.2962 0.6547619 0.6548 0.7814432 -9.9900 1.0000000 1.0000 []
 | 3.7767 17.2345 57.9434 0.5873279 O=C(NCC(=O)N1C[C@H](O)C[C@H]1C(=O)N[C@H](Cc1ccc(O)cc1)c1ccccc1)c1ccc2cc(F)ccc2n1 1 COc1ccc([C@H](C)NC(=O)[C@@H]2C[C@@H](O)CN2C(=O)CNC(=O)c2ccc3cc(F)ccc3n2)c(Cl)c1 O=C(NCC(=O)N1CCC[C@H]1C(=O)N[C@H](Cc1ccccc1)c1ccccc1)c1ccc2ccccc2n1 0.2640185 0.2640 0.6257310 0.6257 0.8486922 -10.8700 1.0000000 1.0000 []
00:36:30 <INFO> Score: 0.29 Agent NLL: 3.78 Valid: 100% Step: 24
 | Agent Prior Target Score SMILES SMILES_state Input_SMILES Scaffold QED QED (raw) TanimotoDistance TanimotoDistance (raw) maize maize (raw) Unwanted SMARTS Unwanted SMARTS (raw) matchting_patterns (Unwanted SMARTS)
 | 5.5606 5.6218 -5.6218 0.0000000 COc1ccc([C@@H](C)NC(=O)[C@@H]2C[C@@H](O)CN2C(=O)CNC(=O)c2ccc3cc(F)ccc3n2)cc1 1 COc1ccc([C@H](C)NC(=O)[C@@H]2C[C@@H](O)CN2C(=O)CNC(=O)c2ccc3cc(F)ccc3n2)c(Cl)c1 O=C(NCC(=O)N1CCC[C@H]1C(=O)NCc1ccccc1)c1ccc2ccccc2n1 0.4618479 0.4618 0.8623188 0.8623 0.7162938 -9.3100 1.0000000 1.0000 []
 | 4.1741 4.1553 -4.1553 0.0000000 COc1ccc([C@H](C)NC(=O)[C@@H]2C[C@@H](O)CN2C(=O)CNC(=O)c2ccc3cc(F)ccc3n2)cc1 1 COc1ccc([C@H](C)NC(=O)[C@@H]2C[C@@H](O)CN2C(=O)CNC(=O)c2ccc3cc(F)ccc3n2)c(Cl)c1 O=C(NCC(=O)N1CCC[C@H]1C(=O)NCc1ccccc1)c1ccc2ccccc2n1 0.4618479 0.4618 0.8623188 0.8623 0.7326326 -9.4700 1.0000000 1.0000 []
 | 6.0967 4.2698 -4.2698 0.0000000 C[C@@H](NC(=O)[C@@H]1C[C@@H](O)CN1C(=O)CNC(=O)c1ccc2cc(F)ccc2n1)c1ccc(Cl)cc1 1 COc1ccc([C@H](C)NC(=O)[C@@H]2C[C@@H](O)CN2C(=O)CNC(=O)c2ccc3cc(F)ccc3n2)c(Cl)c1 O=C(NCC(=O)N1CCC[C@H]1C(=O)NCc1ccccc1)c1ccc2ccccc2n1 0.4834885 0.4835 0.8014184 0.8014 0.7866414 -10.0500 1.0000000 1.0000 []
 | 5.8773 5.2000 -5.2000 0.0000000 C[C@H](NC(=O)[C@@H]1C[C@@H](O)CN1C(=O)CNC(=O)c1ccc2cc(F)ccc2n1)c1ccc(Cl)cc1 1 COc1ccc([C@H](C)NC(=O)[C@@H]2C[C@@H](O)CN2C(=O)CNC(=O)c2ccc3cc(F)ccc3n2)c(Cl)c1 O=C(NCC(=O)N1CCC[C@H]1C(=O)NCc1ccccc1)c1ccc2ccccc2n1 0.4834885 0.4835 0.8014184 0.8014 0.7004409 -9.1600 1.0000000 1.0000 []
 | 5.5474 4.6591 -4.6591 0.0000000 Cc1ccc([C@@H](C)NC(=O)[C@@H]2C[C@@H](O)CN2C(=O)CNC(=O)c2ccc3cc(F)ccc3n2)cc1 1 COc1ccc([C@H](C)NC(=O)[C@@H]2C[C@@H](O)CN2C(=O)CNC(=O)c2ccc3cc(F)ccc3n2)c(Cl)c1 O=C(NCC(=O)N1CCC[C@H]1C(=O)NCc1ccccc1)c1ccc2ccccc2n1 0.5033078 0.5033 0.7762238 0.7762 0.7823160 -10.0000 1.0000000 1.0000 []
 | 1.7115 17.5061 58.7046 0.5953960 O=C(NCC(=O)N1C[C@H](O)C[C@H]1C(=O)N[C@@H](Cc1ccc(Cl)cc1)c1ccccc1)c1ccc2cc(F)ccc2n1 1 COc1ccc([C@H](C)NC(=O)[C@@H]2C[C@@H](O)CN2C(=O)CNC(=O)c2ccc3cc(F)ccc3n2)c(Cl)c1 O=C(NCC(=O)N1CCC[C@H]1C(=O)N[C@@H](Cc1ccccc1)c1ccccc1)c1ccc2ccccc2n1 0.2962297 0.2962 0.6547619 0.6548 0.8049257 -10.2700 1.0000000 1.0000 []
 | 3.0583 12.2169 59.7177 0.5619890 O=C(NCC(=O)N1C[C@H](O)C[C@H]1C(=O)N[C@@H](Cc1ccc(O)cc1)c1ccccc1)c1ccc2cc(F)ccc2n1 1 COc1ccc([C@H](C)NC(=O)[C@@H]2C[C@@H](O)CN2C(=O)CNC(=O)c2ccc3cc(F)ccc3n2)c(Cl)c1 O=C(NCC(=O)N1CCC[C@H]1C(=O)N[C@@H](Cc1ccccc1)c1ccccc1)c1ccc2ccccc2n1 0.2640185 0.2640 0.6257310 0.6257 0.7770423 -9.9400 1.0000000 1.0000 []
 | 2.1340 10.0226 66.2444 0.5958362 O=C(NCC(=O)N1C[C@H](O)C[C@H]1C(=O)N[C@H](CO)c1ccc(Cl)cc1)c1ccc2cc(F)ccc2n1 1 COc1ccc([C@H](C)NC(=O)[C@@H]2C[C@@H](O)CN2C(=O)CNC(=O)c2ccc3cc(F)ccc3n2)c(Cl)c1 O=C(NCC(=O)N1CCC[C@H]1C(=O)NCc1ccccc1)c1ccc2ccccc2n1 0.3782864 0.3783 0.7482993 0.7483 0.6672764 -8.8600 1.0000000 1.0000 []
 | 0.5670 20.3079 54.7829 0.5866468 O=C(NCC(=O)N1C[C@H](O)C[C@H]1C(=O)N[C@H](Cc1ccc(Cl)cc1)c1ccccc1)c1ccc2cc(F)ccc2n1 1 COc1ccc([C@H](C)NC(=O)[C@@H]2C[C@@H](O)CN2C(=O)CNC(=O)c2ccc3cc(F)ccc3n2)c(Cl)c1 O=C(NCC(=O)N1CCC[C@H]1C(=O)N[C@H](Cc1ccccc1)c1ccccc1)c1ccc2ccccc2n1 0.2962297 0.2962 0.6547619 0.6548 0.7814432 -9.9900 1.0000000 1.0000 []
 | 3.0849 17.2345 57.9434 0.5873279 O=C(NCC(=O)N1C[C@H](O)C[C@H]1C(=O)N[C@H](Cc1ccc(O)cc1)c1ccccc1)c1ccc2cc(F)ccc2n1 1 COc1ccc([C@H](C)NC(=O)[C@@H]2C[C@@H](O)CN2C(=O)CNC(=O)c2ccc3cc(F)ccc3n2)c(Cl)c1 O=C(NCC(=O)N1CCC[C@H]1C(=O)N[C@H](Cc1ccccc1)c1ccccc1)c1ccc2ccccc2n1 0.2640185 0.2640 0.6257310 0.6257 0.8486922 -10.8700 1.0000000 1.0000 []
00:36:31 <INFO> Score: 0.29 Agent NLL: 3.72 Valid: 100% Step: 25
 | Agent Prior Target Score SMILES SMILES_state Input_SMILES Scaffold QED QED (raw) TanimotoDistance TanimotoDistance (raw) maize maize (raw) Unwanted SMARTS Unwanted SMARTS (raw) matchting_patterns (Unwanted SMARTS)
 | 5.6764 5.6218 -5.6218 0.0000000 COc1ccc([C@@H](C)NC(=O)[C@@H]2C[C@@H](O)CN2C(=O)CNC(=O)c2ccc3cc(F)ccc3n2)cc1 1 COc1ccc([C@H](C)NC(=O)[C@@H]2C[C@@H](O)CN2C(=O)CNC(=O)c2ccc3cc(F)ccc3n2)c(Cl)c1 O=C(NCC(=O)N1CCC[C@H]1C(=O)NCc1ccccc1)c1ccc2ccccc2n1 0.4618479 0.4618 0.8623188 0.8623 0.7162938 -9.3100 1.0000000 1.0000 []
 | 4.3067 4.1553 -4.1553 0.0000000 COc1ccc([C@H](C)NC(=O)[C@@H]2C[C@@H](O)CN2C(=O)CNC(=O)c2ccc3cc(F)ccc3n2)cc1 1 COc1ccc([C@H](C)NC(=O)[C@@H]2C[C@@H](O)CN2C(=O)CNC(=O)c2ccc3cc(F)ccc3n2)c(Cl)c1 O=C(NCC(=O)N1CCC[C@H]1C(=O)NCc1ccccc1)c1ccc2ccccc2n1 0.4618479 0.4618 0.8623188 0.8623 0.7326326 -9.4700 1.0000000 1.0000 []
 | 6.3860 4.2698 -4.2698 0.0000000 C[C@@H](NC(=O)[C@@H]1C[C@@H](O)CN1C(=O)CNC(=O)c1ccc2cc(F)ccc2n1)c1ccc(Cl)cc1 1 COc1ccc([C@H](C)NC(=O)[C@@H]2C[C@@H](O)CN2C(=O)CNC(=O)c2ccc3cc(F)ccc3n2)c(Cl)c1 O=C(NCC(=O)N1CCC[C@H]1C(=O)NCc1ccccc1)c1ccc2ccccc2n1 0.4834885 0.4835 0.8014184 0.8014 0.7866414 -10.0500 1.0000000 1.0000 []
 | 6.1930 5.2000 -5.2000 0.0000000 C[C@H](NC(=O)[C@@H]1C[C@@H](O)CN1C(=O)CNC(=O)c1ccc2cc(F)ccc2n1)c1ccc(Cl)cc1 1 COc1ccc([C@H](C)NC(=O)[C@@H]2C[C@@H](O)CN2C(=O)CNC(=O)c2ccc3cc(F)ccc3n2)c(Cl)c1 O=C(NCC(=O)N1CCC[C@H]1C(=O)NCc1ccccc1)c1ccc2ccccc2n1 0.4834885 0.4835 0.8014184 0.8014 0.7004409 -9.1600 1.0000000 1.0000 []
 | 5.6758 4.6591 -4.6591 0.0000000 Cc1ccc([C@@H](C)NC(=O)[C@@H]2C[C@@H](O)CN2C(=O)CNC(=O)c2ccc3cc(F)ccc3n2)cc1 1 COc1ccc([C@H](C)NC(=O)[C@@H]2C[C@@H](O)CN2C(=O)CNC(=O)c2ccc3cc(F)ccc3n2)c(Cl)c1 O=C(NCC(=O)N1CCC[C@H]1C(=O)NCc1ccccc1)c1ccc2ccccc2n1 0.5033078 0.5033 0.7762238 0.7762 0.7823160 -10.0000 1.0000000 1.0000 []
 | 2.0371 17.5061 58.7046 0.5953960 O=C(NCC(=O)N1C[C@H](O)C[C@H]1C(=O)N[C@@H](Cc1ccc(Cl)cc1)c1ccccc1)c1ccc2cc(F)ccc2n1 1 COc1ccc([C@H](C)NC(=O)[C@@H]2C[C@@H](O)CN2C(=O)CNC(=O)c2ccc3cc(F)ccc3n2)c(Cl)c1 O=C(NCC(=O)N1CCC[C@H]1C(=O)N[C@@H](Cc1ccccc1)c1ccccc1)c1ccc2ccccc2n1 0.2962297 0.2962 0.6547619 0.6548 0.8049257 -10.2700 1.0000000 1.0000 []
 | 2.1549 12.2169 59.7177 0.5619890 O=C(NCC(=O)N1C[C@H](O)C[C@H]1C(=O)N[C@@H](Cc1ccc(O)cc1)c1ccccc1)c1ccc2cc(F)ccc2n1 1 COc1ccc([C@H](C)NC(=O)[C@@H]2C[C@@H](O)CN2C(=O)CNC(=O)c2ccc3cc(F)ccc3n2)c(Cl)c1 O=C(NCC(=O)N1CCC[C@H]1C(=O)N[C@@H](Cc1ccccc1)c1ccccc1)c1ccc2ccccc2n1 0.2640185 0.2640 0.6257310 0.6257 0.7770423 -9.9400 1.0000000 1.0000 []
 | 1.9250 10.0226 66.2444 0.5958362 O=C(NCC(=O)N1C[C@H](O)C[C@H]1C(=O)N[C@H](CO)c1ccc(Cl)cc1)c1ccc2cc(F)ccc2n1 1 COc1ccc([C@H](C)NC(=O)[C@@H]2C[C@@H](O)CN2C(=O)CNC(=O)c2ccc3cc(F)ccc3n2)c(Cl)c1 O=C(NCC(=O)N1CCC[C@H]1C(=O)NCc1ccccc1)c1ccc2ccccc2n1 0.3782864 0.3783 0.7482993 0.7483 0.6672764 -8.8600 1.0000000 1.0000 []
 | 0.8317 20.3079 54.7829 0.5866468 O=C(NCC(=O)N1C[C@H](O)C[C@H]1C(=O)N[C@H](Cc1ccc(Cl)cc1)c1ccccc1)c1ccc2cc(F)ccc2n1 1 COc1ccc([C@H](C)NC(=O)[C@@H]2C[C@@H](O)CN2C(=O)CNC(=O)c2ccc3cc(F)ccc3n2)c(Cl)c1 O=C(NCC(=O)N1CCC[C@H]1C(=O)N[C@H](Cc1ccccc1)c1ccccc1)c1ccc2ccccc2n1 0.2962297 0.2962 0.6547619 0.6548 0.7814432 -9.9900 1.0000000 1.0000 []
 | 2.0078 17.2345 57.9434 0.5873279 O=C(NCC(=O)N1C[C@H](O)C[C@H]1C(=O)N[C@H](Cc1ccc(O)cc1)c1ccccc1)c1ccc2cc(F)ccc2n1 1 COc1ccc([C@H](C)NC(=O)[C@@H]2C[C@@H](O)CN2C(=O)CNC(=O)c2ccc3cc(F)ccc3n2)c(Cl)c1 O=C(NCC(=O)N1CCC[C@H]1C(=O)N[C@H](Cc1ccccc1)c1ccccc1)c1ccc2ccccc2n1 0.2640185 0.2640 0.6257310 0.6257 0.8486922 -10.8700 1.0000000 1.0000 []
00:36:53 <INFO> Score: 0.35 Agent NLL: 3.71 Valid: 100% Step: 26
 | Agent Prior Target Score SMILES SMILES_state Input_SMILES Scaffold QED QED (raw) TanimotoDistance TanimotoDistance (raw) maize maize (raw) Unwanted SMARTS Unwanted SMARTS (raw) matchting_patterns (Unwanted SMARTS)
 | 5.7806 5.6218 -5.6218 0.0000000 COc1ccc([C@@H](C)NC(=O)[C@@H]2C[C@@H](O)CN2C(=O)CNC(=O)c2ccc3cc(F)ccc3n2)cc1 1 COc1ccc([C@H](C)NC(=O)[C@@H]2C[C@@H](O)CN2C(=O)CNC(=O)c2ccc3cc(F)ccc3n2)c(Cl)c1 O=C(NCC(=O)N1CCC[C@H]1C(=O)NCc1ccccc1)c1ccc2ccccc2n1 0.4618479 0.4618 0.8623188 0.8623 0.7162938 -9.3100 1.0000000 1.0000 []
 | 4.4522 4.1553 -4.1553 0.0000000 COc1ccc([C@H](C)NC(=O)[C@@H]2C[C@@H](O)CN2C(=O)CNC(=O)c2ccc3cc(F)ccc3n2)cc1 1 COc1ccc([C@H](C)NC(=O)[C@@H]2C[C@@H](O)CN2C(=O)CNC(=O)c2ccc3cc(F)ccc3n2)c(Cl)c1 O=C(NCC(=O)N1CCC[C@H]1C(=O)NCc1ccccc1)c1ccc2ccccc2n1 0.4618479 0.4618 0.8623188 0.8623 0.7326326 -9.4700 1.0000000 1.0000 []
 | 6.4516 5.2000 -5.2000 0.0000000 C[C@H](NC(=O)[C@@H]1C[C@@H](O)CN1C(=O)CNC(=O)c1ccc2cc(F)ccc2n1)c1ccc(Cl)cc1 1 COc1ccc([C@H](C)NC(=O)[C@@H]2C[C@@H](O)CN2C(=O)CNC(=O)c2ccc3cc(F)ccc3n2)c(Cl)c1 O=C(NCC(=O)N1CCC[C@H]1C(=O)NCc1ccccc1)c1ccc2ccccc2n1 0.4834885 0.4835 0.8014184 0.8014 0.7004409 -9.1600 1.0000000 1.0000 []
 | 5.8182 4.6591 -4.6591 0.0000000 Cc1ccc([C@@H](C)NC(=O)[C@@H]2C[C@@H](O)CN2C(=O)CNC(=O)c2ccc3cc(F)ccc3n2)cc1 1 COc1ccc([C@H](C)NC(=O)[C@@H]2C[C@@H](O)CN2C(=O)CNC(=O)c2ccc3cc(F)ccc3n2)c(Cl)c1 O=C(NCC(=O)N1CCC[C@H]1C(=O)NCc1ccccc1)c1ccc2ccccc2n1 0.5033078 0.5033 0.7762238 0.7762 0.7823160 -10.0000 1.0000000 1.0000 []
 | 2.7783 17.5061 58.7046 0.5953960 O=C(NCC(=O)N1C[C@H](O)C[C@H]1C(=O)N[C@@H](Cc1ccc(Cl)cc1)c1ccccc1)c1ccc2cc(F)ccc2n1 1 COc1ccc([C@H](C)NC(=O)[C@@H]2C[C@@H](O)CN2C(=O)CNC(=O)c2ccc3cc(F)ccc3n2)c(Cl)c1 O=C(NCC(=O)N1CCC[C@H]1C(=O)N[C@@H](Cc1ccccc1)c1ccccc1)c1ccc2ccccc2n1 0.2962297 0.2962 0.6547619 0.6548 0.8049257 -10.2700 1.0000000 1.0000 []
 | 1.4839 12.2169 59.7177 0.5619890 O=C(NCC(=O)N1C[C@H](O)C[C@H]1C(=O)N[C@@H](Cc1ccc(O)cc1)c1ccccc1)c1ccc2cc(F)ccc2n1 1 COc1ccc([C@H](C)NC(=O)[C@@H]2C[C@@H](O)CN2C(=O)CNC(=O)c2ccc3cc(F)ccc3n2)c(Cl)c1 O=C(NCC(=O)N1CCC[C@H]1C(=O)N[C@@H](Cc1ccccc1)c1ccccc1)c1ccc2ccccc2n1 0.2640185 0.2640 0.6257310 0.6257 0.7770423 -9.9400 1.0000000 1.0000 []
 | 1.2496 10.0226 66.2444 0.5958362 O=C(NCC(=O)N1C[C@H](O)C[C@H]1C(=O)N[C@H](CO)c1ccc(Cl)cc1)c1ccc2cc(F)ccc2n1 1 COc1ccc([C@H](C)NC(=O)[C@@H]2C[C@@H](O)CN2C(=O)CNC(=O)c2ccc3cc(F)ccc3n2)c(Cl)c1 O=C(NCC(=O)N1CCC[C@H]1C(=O)NCc1ccccc1)c1ccc2ccccc2n1 0.3782864 0.3783 0.7482993 0.7483 0.6672764 -8.8600 1.0000000 1.0000 []
 | 5.7997 4.7853 68.0951 0.5693787 O=C(NCC(=O)N1C[C@H](O)C[C@H]1C(=O)N[C@H](CO)c1ccccc1)c1ccc2cc(F)ccc2n1 1 COc1ccc([C@H](C)NC(=O)[C@@H]2C[C@@H](O)CN2C(=O)CNC(=O)c2ccc3cc(F)ccc3n2)c(Cl)c1 O=C(NCC(=O)N1CCC[C@H]1C(=O)NCc1ccccc1)c1ccc2ccccc2n1 0.3976824 0.3977 0.7229730 0.7230 0.6046071 -8.3300 1.0000000 1.0000 []
 | 1.8273 20.3079 54.7829 0.5866468 O=C(NCC(=O)N1C[C@H](O)C[C@H]1C(=O)N[C@H](Cc1ccc(Cl)cc1)c1ccccc1)c1ccc2cc(F)ccc2n1 1 COc1ccc([C@H](C)NC(=O)[C@@H]2C[C@@H](O)CN2C(=O)CNC(=O)c2ccc3cc(F)ccc3n2)c(Cl)c1 O=C(NCC(=O)N1CCC[C@H]1C(=O)N[C@H](Cc1ccccc1)c1ccccc1)c1ccc2ccccc2n1 0.2962297 0.2962 0.6547619 0.6548 0.7814432 -9.9900 1.0000000 1.0000 []
 | 1.4864 17.2345 57.9434 0.5873279 O=C(NCC(=O)N1C[C@H](O)C[C@H]1C(=O)N[C@H](Cc1ccc(O)cc1)c1ccccc1)c1ccc2cc(F)ccc2n1 1 COc1ccc([C@H](C)NC(=O)[C@@H]2C[C@@H](O)CN2C(=O)CNC(=O)c2ccc3cc(F)ccc3n2)c(Cl)c1 O=C(NCC(=O)N1CCC[C@H]1C(=O)N[C@H](Cc1ccccc1)c1ccccc1)c1ccc2ccccc2n1 0.2640185 0.2640 0.6257310 0.6257 0.8486922 -10.8700 1.0000000 1.0000 []
00:37:14 <INFO> Score: 0.41 Agent NLL: 3.77 Valid: 100% Step: 27
 | Agent Prior Target Score SMILES SMILES_state Input_SMILES Scaffold QED QED (raw) TanimotoDistance TanimotoDistance (raw) maize maize (raw) Unwanted SMARTS Unwanted SMARTS (raw) matchting_patterns (Unwanted SMARTS)
 | 5.8679 5.6218 -5.6218 0.0000000 COc1ccc([C@@H](C)NC(=O)[C@@H]2C[C@@H](O)CN2C(=O)CNC(=O)c2ccc3cc(F)ccc3n2)cc1 1 COc1ccc([C@H](C)NC(=O)[C@@H]2C[C@@H](O)CN2C(=O)CNC(=O)c2ccc3cc(F)ccc3n2)c(Cl)c1 O=C(NCC(=O)N1CCC[C@H]1C(=O)NCc1ccccc1)c1ccc2ccccc2n1 0.4618479 0.4618 0.8623188 0.8623 0.7162938 -9.3100 1.0000000 1.0000 []
 | 4.6043 4.1553 -4.1553 0.0000000 COc1ccc([C@H](C)NC(=O)[C@@H]2C[C@@H](O)CN2C(=O)CNC(=O)c2ccc3cc(F)ccc3n2)cc1 1 COc1ccc([C@H](C)NC(=O)[C@@H]2C[C@@H](O)CN2C(=O)CNC(=O)c2ccc3cc(F)ccc3n2)c(Cl)c1 O=C(NCC(=O)N1CCC[C@H]1C(=O)NCc1ccccc1)c1ccc2ccccc2n1 0.4618479 0.4618 0.8623188 0.8623 0.7326326 -9.4700 1.0000000 1.0000 []
 | 5.9522 4.6591 -4.6591 0.0000000 Cc1ccc([C@@H](C)NC(=O)[C@@H]2C[C@@H](O)CN2C(=O)CNC(=O)c2ccc3cc(F)ccc3n2)cc1 1 COc1ccc([C@H](C)NC(=O)[C@@H]2C[C@@H](O)CN2C(=O)CNC(=O)c2ccc3cc(F)ccc3n2)c(Cl)c1 O=C(NCC(=O)N1CCC[C@H]1C(=O)NCc1ccccc1)c1ccc2ccccc2n1 0.5033078 0.5033 0.7762238 0.7762 0.7823160 -10.0000 1.0000000 1.0000 []
 | 3.4400 17.5061 58.7046 0.5953960 O=C(NCC(=O)N1C[C@H](O)C[C@H]1C(=O)N[C@@H](Cc1ccc(Cl)cc1)c1ccccc1)c1ccc2cc(F)ccc2n1 1 COc1ccc([C@H](C)NC(=O)[C@@H]2C[C@@H](O)CN2C(=O)CNC(=O)c2ccc3cc(F)ccc3n2)c(Cl)c1 O=C(NCC(=O)N1CCC[C@H]1C(=O)N[C@@H](Cc1ccccc1)c1ccccc1)c1ccc2ccccc2n1 0.2962297 0.2962 0.6547619 0.6548 0.8049257 -10.2700 1.0000000 1.0000 []
 | 1.2030 12.2169 59.7177 0.5619890 O=C(NCC(=O)N1C[C@H](O)C[C@H]1C(=O)N[C@@H](Cc1ccc(O)cc1)c1ccccc1)c1ccc2cc(F)ccc2n1 1 COc1ccc([C@H](C)NC(=O)[C@@H]2C[C@@H](O)CN2C(=O)CNC(=O)c2ccc3cc(F)ccc3n2)c(Cl)c1 O=C(NCC(=O)N1CCC[C@H]1C(=O)N[C@@H](Cc1ccccc1)c1ccccc1)c1ccc2ccccc2n1 0.2640185 0.2640 0.6257310 0.6257 0.7770423 -9.9400 1.0000000 1.0000 []
 | 6.4792 30.0827 42.9067 0.5702296 O=C(NCC(=O)N1C[C@H](O)C[C@H]1C(=O)N[C@@H](Cc1ccc2ccccc2c1)c1ccccc1)c1ccc2cc(F)ccc2n1 1 COc1ccc([C@H](C)NC(=O)[C@@H]2C[C@@H](O)CN2C(=O)CNC(=O)c2ccc3cc(F)ccc3n2)c(Cl)c1 O=C(NCC(=O)N1CCC[C@H]1C(=O)N[C@@H](Cc1ccc2ccccc2c1)c1ccccc1)c1ccc2ccccc2n1 0.2493988 0.2494 0.5721925 0.5722 0.8607581 -11.0600 1.0000000 1.0000 []
 | 0.7401 10.0226 66.2444 0.5958362 O=C(NCC(=O)N1C[C@H](O)C[C@H]1C(=O)N[C@H](CO)c1ccc(Cl)cc1)c1ccc2cc(F)ccc2n1 1 COc1ccc([C@H](C)NC(=O)[C@@H]2C[C@@H](O)CN2C(=O)CNC(=O)c2ccc3cc(F)ccc3n2)c(Cl)c1 O=C(NCC(=O)N1CCC[C@H]1C(=O)NCc1ccccc1)c1ccc2ccccc2n1 0.3782864 0.3783 0.7482993 0.7483 0.6672764 -8.8600 1.0000000 1.0000 []
 | 3.4590 4.7853 68.0951 0.5693787 O=C(NCC(=O)N1C[C@H](O)C[C@H]1C(=O)N[C@H](CO)c1ccccc1)c1ccc2cc(F)ccc2n1 1 COc1ccc([C@H](C)NC(=O)[C@@H]2C[C@@H](O)CN2C(=O)CNC(=O)c2ccc3cc(F)ccc3n2)c(Cl)c1 O=C(NCC(=O)N1CCC[C@H]1C(=O)NCc1ccccc1)c1ccc2ccccc2n1 0.3976824 0.3977 0.7229730 0.7230 0.6046071 -8.3300 1.0000000 1.0000 []
 | 3.6755 20.3079 54.7829 0.5866468 O=C(NCC(=O)N1C[C@H](O)C[C@H]1C(=O)N[C@H](Cc1ccc(Cl)cc1)c1ccccc1)c1ccc2cc(F)ccc2n1 1 COc1ccc([C@H](C)NC(=O)[C@@H]2C[C@@H](O)CN2C(=O)CNC(=O)c2ccc3cc(F)ccc3n2)c(Cl)c1 O=C(NCC(=O)N1CCC[C@H]1C(=O)N[C@H](Cc1ccccc1)c1ccccc1)c1ccc2ccccc2n1 0.2962297 0.2962 0.6547619 0.6548 0.7814432 -9.9900 1.0000000 1.0000 []
 | 2.2951 17.2345 57.9434 0.5873279 O=C(NCC(=O)N1C[C@H](O)C[C@H]1C(=O)N[C@H](Cc1ccc(O)cc1)c1ccccc1)c1ccc2cc(F)ccc2n1 1 COc1ccc([C@H](C)NC(=O)[C@@H]2C[C@@H](O)CN2C(=O)CNC(=O)c2ccc3cc(F)ccc3n2)c(Cl)c1 O=C(NCC(=O)N1CCC[C@H]1C(=O)N[C@H](Cc1ccccc1)c1ccccc1)c1ccc2ccccc2n1 0.2640185 0.2640 0.6257310 0.6257 0.8486922 -10.8700 1.0000000 1.0000 []
00:37:42 <INFO> Score: 0.53 Agent NLL: 3.28 Valid: 100% Step: 28
 | Agent Prior Target Score SMILES SMILES_state Input_SMILES Scaffold QED QED (raw) TanimotoDistance TanimotoDistance (raw) maize maize (raw) Unwanted SMARTS Unwanted SMARTS (raw) matchting_patterns (Unwanted SMARTS)
 | 4.7745 4.1553 -4.1553 0.0000000 COc1ccc([C@H](C)NC(=O)[C@@H]2C[C@@H](O)CN2C(=O)CNC(=O)c2ccc3cc(F)ccc3n2)cc1 1 COc1ccc([C@H](C)NC(=O)[C@@H]2C[C@@H](O)CN2C(=O)CNC(=O)c2ccc3cc(F)ccc3n2)c(Cl)c1 O=C(NCC(=O)N1CCC[C@H]1C(=O)NCc1ccccc1)c1ccc2ccccc2n1 0.4618479 0.4618 0.8623188 0.8623 0.7326326 -9.4700 1.0000000 1.0000 []
 | 3.4676 17.5061 58.7046 0.5953960 O=C(NCC(=O)N1C[C@H](O)C[C@H]1C(=O)N[C@@H](Cc1ccc(Cl)cc1)c1ccccc1)c1ccc2cc(F)ccc2n1 1 COc1ccc([C@H](C)NC(=O)[C@@H]2C[C@@H](O)CN2C(=O)CNC(=O)c2ccc3cc(F)ccc3n2)c(Cl)c1 O=C(NCC(=O)N1CCC[C@H]1C(=O)N[C@@H](Cc1ccccc1)c1ccccc1)c1ccc2ccccc2n1 0.2962297 0.2962 0.6547619 0.6548 0.8049257 -10.2700 1.0000000 1.0000 []
 | 1.0765 12.2169 59.7177 0.5619890 O=C(NCC(=O)N1C[C@H](O)C[C@H]1C(=O)N[C@@H](Cc1ccc(O)cc1)c1ccccc1)c1ccc2cc(F)ccc2n1 1 COc1ccc([C@H](C)NC(=O)[C@@H]2C[C@@H](O)CN2C(=O)CNC(=O)c2ccc3cc(F)ccc3n2)c(Cl)c1 O=C(NCC(=O)N1CCC[C@H]1C(=O)N[C@@H](Cc1ccccc1)c1ccccc1)c1ccc2ccccc2n1 0.2640185 0.2640 0.6257310 0.6257 0.7770423 -9.9400 1.0000000 1.0000 []
 | 4.6119 30.0827 42.9067 0.5702296 O=C(NCC(=O)N1C[C@H](O)C[C@H]1C(=O)N[C@@H](Cc1ccc2ccccc2c1)c1ccccc1)c1ccc2cc(F)ccc2n1 1 COc1ccc([C@H](C)NC(=O)[C@@H]2C[C@@H](O)CN2C(=O)CNC(=O)c2ccc3cc(F)ccc3n2)c(Cl)c1 O=C(NCC(=O)N1CCC[C@H]1C(=O)N[C@@H](Cc1ccc2ccccc2c1)c1ccccc1)c1ccc2ccccc2n1 0.2493988 0.2494 0.5721925 0.5722 0.8607581 -11.0600 1.0000000 1.0000 []
 | 4.3914 10.2006 64.6276 0.5845955 O=C(NCC(=O)N1C[C@H](O)C[C@H]1C(=O)N[C@@H](Cc1ccccc1)c1ccccc1)c1ccc2cc(F)ccc2n1 1 COc1ccc([C@H](C)NC(=O)[C@@H]2C[C@@H](O)CN2C(=O)CNC(=O)c2ccc3cc(F)ccc3n2)c(Cl)c1 O=C(NCC(=O)N1CCC[C@H]1C(=O)N[C@@H](Cc1ccccc1)c1ccccc1)c1ccc2ccccc2n1 0.3180237 0.3180 0.6331361 0.6331 0.7616100 -9.7700 1.0000000 1.0000 []
 | 1.6806 10.0226 66.2444 0.5958362 O=C(NCC(=O)N1C[C@H](O)C[C@H]1C(=O)N[C@H](CO)c1ccc(Cl)cc1)c1ccc2cc(F)ccc2n1 1 COc1ccc([C@H](C)NC(=O)[C@@H]2C[C@@H](O)CN2C(=O)CNC(=O)c2ccc3cc(F)ccc3n2)c(Cl)c1 O=C(NCC(=O)N1CCC[C@H]1C(=O)NCc1ccccc1)c1ccc2ccccc2n1 0.3782864 0.3783 0.7482993 0.7483 0.6672764 -8.8600 1.0000000 1.0000 []
 | 1.4139 4.7853 68.0951 0.5693787 O=C(NCC(=O)N1C[C@H](O)C[C@H]1C(=O)N[C@H](CO)c1ccccc1)c1ccc2cc(F)ccc2n1 1 COc1ccc([C@H](C)NC(=O)[C@@H]2C[C@@H](O)CN2C(=O)CNC(=O)c2ccc3cc(F)ccc3n2)c(Cl)c1 O=C(NCC(=O)N1CCC[C@H]1C(=O)NCc1ccccc1)c1ccc2ccccc2n1 0.3976824 0.3977 0.7229730 0.7230 0.6046071 -8.3300 1.0000000 1.0000 []
 | 3.8410 20.3079 54.7829 0.5866468 O=C(NCC(=O)N1C[C@H](O)C[C@H]1C(=O)N[C@H](Cc1ccc(Cl)cc1)c1ccccc1)c1ccc2cc(F)ccc2n1 1 COc1ccc([C@H](C)NC(=O)[C@@H]2C[C@@H](O)CN2C(=O)CNC(=O)c2ccc3cc(F)ccc3n2)c(Cl)c1 O=C(NCC(=O)N1CCC[C@H]1C(=O)N[C@H](Cc1ccccc1)c1ccccc1)c1ccc2ccccc2n1 0.2962297 0.2962 0.6547619 0.6548 0.7814432 -9.9900 1.0000000 1.0000 []
 | 2.1362 17.2345 57.9434 0.5873279 O=C(NCC(=O)N1C[C@H](O)C[C@H]1C(=O)N[C@H](Cc1ccc(O)cc1)c1ccccc1)c1ccc2cc(F)ccc2n1 1 COc1ccc([C@H](C)NC(=O)[C@@H]2C[C@@H](O)CN2C(=O)CNC(=O)c2ccc3cc(F)ccc3n2)c(Cl)c1 O=C(NCC(=O)N1CCC[C@H]1C(=O)N[C@H](Cc1ccccc1)c1ccccc1)c1ccc2ccccc2n1 0.2640185 0.2640 0.6257310 0.6257 0.8486922 -10.8700 1.0000000 1.0000 []
 | 5.4067 14.2154 63.4160 0.6064951 O=C(NCC(=O)N1C[C@H](O)C[C@H]1C(=O)N[C@H](Cc1ccccc1)c1ccccc1)c1ccc2cc(F)ccc2n1 1 COc1ccc([C@H](C)NC(=O)[C@@H]2C[C@@H](O)CN2C(=O)CNC(=O)c2ccc3cc(F)ccc3n2)c(Cl)c1 O=C(NCC(=O)N1CCC[C@H]1C(=O)N[C@H](Cc1ccccc1)c1ccccc1)c1ccc2ccccc2n1 0.3180237 0.3180 0.6331361 0.6331 0.8197404 -10.4600 1.0000000 1.0000 []
00:38:01 <INFO> Score: 0.46 Agent NLL: 2.86 Valid: 100% Step: 29
 | Agent Prior Target Score SMILES SMILES_state Input_SMILES Scaffold QED QED (raw) TanimotoDistance TanimotoDistance (raw) maize maize (raw) Unwanted SMARTS Unwanted SMARTS (raw) matchting_patterns (Unwanted SMARTS)
 | 4.9795 4.1553 -4.1553 0.0000000 COc1ccc([C@H](C)NC(=O)[C@@H]2C[C@@H](O)CN2C(=O)CNC(=O)c2ccc3cc(F)ccc3n2)cc1 1 COc1ccc([C@H](C)NC(=O)[C@@H]2C[C@@H](O)CN2C(=O)CNC(=O)c2ccc3cc(F)ccc3n2)c(Cl)c1 O=C(NCC(=O)N1CCC[C@H]1C(=O)NCc1ccccc1)c1ccc2ccccc2n1 0.4618479 0.4618 0.8623188 0.8623 0.7326326 -9.4700 1.0000000 1.0000 []
 | 3.9112 17.5061 58.7046 0.5953960 O=C(NCC(=O)N1C[C@H](O)C[C@H]1C(=O)N[C@@H](Cc1ccc(Cl)cc1)c1ccccc1)c1ccc2cc(F)ccc2n1 1 COc1ccc([C@H](C)NC(=O)[C@@H]2C[C@@H](O)CN2C(=O)CNC(=O)c2ccc3cc(F)ccc3n2)c(Cl)c1 O=C(NCC(=O)N1CCC[C@H]1C(=O)N[C@@H](Cc1ccccc1)c1ccccc1)c1ccc2ccccc2n1 0.2962297 0.2962 0.6547619 0.6548 0.8049257 -10.2700 1.0000000 1.0000 []
 | 1.9571 12.2169 59.7177 0.5619890 O=C(NCC(=O)N1C[C@H](O)C[C@H]1C(=O)N[C@@H](Cc1ccc(O)cc1)c1ccccc1)c1ccc2cc(F)ccc2n1 1 COc1ccc([C@H](C)NC(=O)[C@@H]2C[C@@H](O)CN2C(=O)CNC(=O)c2ccc3cc(F)ccc3n2)c(Cl)c1 O=C(NCC(=O)N1CCC[C@H]1C(=O)N[C@@H](Cc1ccccc1)c1ccccc1)c1ccc2ccccc2n1 0.2640185 0.2640 0.6257310 0.6257 0.7770423 -9.9400 1.0000000 1.0000 []
 | 3.2952 30.0827 42.9067 0.5702296 O=C(NCC(=O)N1C[C@H](O)C[C@H]1C(=O)N[C@@H](Cc1ccc2ccccc2c1)c1ccccc1)c1ccc2cc(F)ccc2n1 1 COc1ccc([C@H](C)NC(=O)[C@@H]2C[C@@H](O)CN2C(=O)CNC(=O)c2ccc3cc(F)ccc3n2)c(Cl)c1 O=C(NCC(=O)N1CCC[C@H]1C(=O)N[C@@H](Cc1ccc2ccccc2c1)c1ccccc1)c1ccc2ccccc2n1 0.2493988 0.2494 0.5721925 0.5722 0.8607581 -11.0600 1.0000000 1.0000 []
 | 1.3966 10.2006 64.6276 0.5845955 O=C(NCC(=O)N1C[C@H](O)C[C@H]1C(=O)N[C@@H](Cc1ccccc1)c1ccccc1)c1ccc2cc(F)ccc2n1 1 COc1ccc([C@H](C)NC(=O)[C@@H]2C[C@@H](O)CN2C(=O)CNC(=O)c2ccc3cc(F)ccc3n2)c(Cl)c1 O=C(NCC(=O)N1CCC[C@H]1C(=O)N[C@@H](Cc1ccccc1)c1ccccc1)c1ccc2ccccc2n1 0.3180237 0.3180 0.6331361 0.6331 0.7616100 -9.7700 1.0000000 1.0000 []
 | 1.9390 4.7853 68.0951 0.5693787 O=C(NCC(=O)N1C[C@H](O)C[C@H]1C(=O)N[C@H](CO)c1ccccc1)c1ccc2cc(F)ccc2n1 1 COc1ccc([C@H](C)NC(=O)[C@@H]2C[C@@H](O)CN2C(=O)CNC(=O)c2ccc3cc(F)ccc3n2)c(Cl)c1 O=C(NCC(=O)N1CCC[C@H]1C(=O)NCc1ccccc1)c1ccc2ccccc2n1 0.3976824 0.3977 0.7229730 0.7230 0.6046071 -8.3300 1.0000000 1.0000 []
 | 3.6602 20.3079 54.7829 0.5866468 O=C(NCC(=O)N1C[C@H](O)C[C@H]1C(=O)N[C@H](Cc1ccc(Cl)cc1)c1ccccc1)c1ccc2cc(F)ccc2n1 1 COc1ccc([C@H](C)NC(=O)[C@@H]2C[C@@H](O)CN2C(=O)CNC(=O)c2ccc3cc(F)ccc3n2)c(Cl)c1 O=C(NCC(=O)N1CCC[C@H]1C(=O)N[C@H](Cc1ccccc1)c1ccccc1)c1ccc2ccccc2n1 0.2962297 0.2962 0.6547619 0.6548 0.7814432 -9.9900 1.0000000 1.0000 []
 | 2.1975 17.2345 57.9434 0.5873279 O=C(NCC(=O)N1C[C@H](O)C[C@H]1C(=O)N[C@H](Cc1ccc(O)cc1)c1ccccc1)c1ccc2cc(F)ccc2n1 1 COc1ccc([C@H](C)NC(=O)[C@@H]2C[C@@H](O)CN2C(=O)CNC(=O)c2ccc3cc(F)ccc3n2)c(Cl)c1 O=C(NCC(=O)N1CCC[C@H]1C(=O)N[C@H](Cc1ccccc1)c1ccccc1)c1ccc2ccccc2n1 0.2640185 0.2640 0.6257310 0.6257 0.8486922 -10.8700 1.0000000 1.0000 []
 | 3.7101 35.4792 36.5036 0.5623654 O=C(NCC(=O)N1C[C@H](O)C[C@H]1C(=O)N[C@H](Cc1ccc2ccccc2c1)c1ccccc1)c1ccc2cc(F)ccc2n1 1 COc1ccc([C@H](C)NC(=O)[C@@H]2C[C@@H](O)CN2C(=O)CNC(=O)c2ccc3cc(F)ccc3n2)c(Cl)c1 O=C(NCC(=O)N1CCC[C@H]1C(=O)N[C@H](Cc1ccc2ccccc2c1)c1ccccc1)c1ccc2ccccc2n1 0.2493988 0.2494 0.5721925 0.5722 0.8371800 -10.7000 1.0000000 1.0000 []
 | 1.5530 14.2154 -14.2154 0.0000000 O=C(NCC(=O)N1C[C@H](O)C[C@H]1C(=O)N[C@H](Cc1ccccc1)c1ccccc1)c1ccc2cc(F)ccc2n1 1 COc1ccc([C@H](C)NC(=O)[C@@H]2C[C@@H](O)CN2C(=O)CNC(=O)c2ccc3cc(F)ccc3n2)c(Cl)c1 O=C(NCC(=O)N1CCC[C@H]1C(=O)N[C@H](Cc1ccccc1)c1ccccc1)c1ccc2ccccc2n1 0.3180237 0.3180 0.6331361 0.6331 0.8197404 -10.4600 1.0000000 1.0000 []
00:38:20 <INFO> Score: 0.52 Agent NLL: 2.77 Valid: 100% Step: 30
 | Agent Prior Target Score SMILES SMILES_state Input_SMILES Scaffold QED QED (raw) TanimotoDistance TanimotoDistance (raw) maize maize (raw) Unwanted SMARTS Unwanted SMARTS (raw) matchting_patterns (Unwanted SMARTS)
 | 3.3841 17.5061 58.7046 0.5953960 O=C(NCC(=O)N1C[C@H](O)C[C@H]1C(=O)N[C@@H](Cc1ccc(Cl)cc1)c1ccccc1)c1ccc2cc(F)ccc2n1 1 COc1ccc([C@H](C)NC(=O)[C@@H]2C[C@@H](O)CN2C(=O)CNC(=O)c2ccc3cc(F)ccc3n2)c(Cl)c1 O=C(NCC(=O)N1CCC[C@H]1C(=O)N[C@@H](Cc1ccccc1)c1ccccc1)c1ccc2ccccc2n1 0.2962297 0.2962 0.6547619 0.6548 0.8049257 -10.2700 1.0000000 1.0000 []
 | 2.4626 12.2169 59.7177 0.5619890 O=C(NCC(=O)N1C[C@H](O)C[C@H]1C(=O)N[C@@H](Cc1ccc(O)cc1)c1ccccc1)c1ccc2cc(F)ccc2n1 1 COc1ccc([C@H](C)NC(=O)[C@@H]2C[C@@H](O)CN2C(=O)CNC(=O)c2ccc3cc(F)ccc3n2)c(Cl)c1 O=C(NCC(=O)N1CCC[C@H]1C(=O)N[C@@H](Cc1ccccc1)c1ccccc1)c1ccc2ccccc2n1 0.2640185 0.2640 0.6257310 0.6257 0.7770423 -9.9400 1.0000000 1.0000 []
 | 2.3885 30.0827 42.9067 0.5702296 O=C(NCC(=O)N1C[C@H](O)C[C@H]1C(=O)N[C@@H](Cc1ccc2ccccc2c1)c1ccccc1)c1ccc2cc(F)ccc2n1 1 COc1ccc([C@H](C)NC(=O)[C@@H]2C[C@@H](O)CN2C(=O)CNC(=O)c2ccc3cc(F)ccc3n2)c(Cl)c1 O=C(NCC(=O)N1CCC[C@H]1C(=O)N[C@@H](Cc1ccc2ccccc2c1)c1ccccc1)c1ccc2ccccc2n1 0.2493988 0.2494 0.5721925 0.5722 0.8607581 -11.0600 1.0000000 1.0000 []
 | 1.2520 10.2006 64.6276 0.5845955 O=C(NCC(=O)N1C[C@H](O)C[C@H]1C(=O)N[C@@H](Cc1ccccc1)c1ccccc1)c1ccc2cc(F)ccc2n1 1 COc1ccc([C@H](C)NC(=O)[C@@H]2C[C@@H](O)CN2C(=O)CNC(=O)c2ccc3cc(F)ccc3n2)c(Cl)c1 O=C(NCC(=O)N1CCC[C@H]1C(=O)N[C@@H](Cc1ccccc1)c1ccccc1)c1ccc2ccccc2n1 0.3180237 0.3180 0.6331361 0.6331 0.7616100 -9.7700 1.0000000 1.0000 []
 | 3.2114 4.7853 68.0951 0.5693787 O=C(NCC(=O)N1C[C@H](O)C[C@H]1C(=O)N[C@H](CO)c1ccccc1)c1ccc2cc(F)ccc2n1 1 COc1ccc([C@H](C)NC(=O)[C@@H]2C[C@@H](O)CN2C(=O)CNC(=O)c2ccc3cc(F)ccc3n2)c(Cl)c1 O=C(NCC(=O)N1CCC[C@H]1C(=O)NCc1ccccc1)c1ccc2ccccc2n1 0.3976824 0.3977 0.7229730 0.7230 0.6046071 -8.3300 1.0000000 1.0000 []
 | 3.1795 20.3079 54.7829 0.5866468 O=C(NCC(=O)N1C[C@H](O)C[C@H]1C(=O)N[C@H](Cc1ccc(Cl)cc1)c1ccccc1)c1ccc2cc(F)ccc2n1 1 COc1ccc([C@H](C)NC(=O)[C@@H]2C[C@@H](O)CN2C(=O)CNC(=O)c2ccc3cc(F)ccc3n2)c(Cl)c1 O=C(NCC(=O)N1CCC[C@H]1C(=O)N[C@H](Cc1ccccc1)c1ccccc1)c1ccc2ccccc2n1 0.2962297 0.2962 0.6547619 0.6548 0.7814432 -9.9900 1.0000000 1.0000 []
 | 2.6936 17.2345 57.9434 0.5873279 O=C(NCC(=O)N1C[C@H](O)C[C@H]1C(=O)N[C@H](Cc1ccc(O)cc1)c1ccccc1)c1ccc2cc(F)ccc2n1 1 COc1ccc([C@H](C)NC(=O)[C@@H]2C[C@@H](O)CN2C(=O)CNC(=O)c2ccc3cc(F)ccc3n2)c(Cl)c1 O=C(NCC(=O)N1CCC[C@H]1C(=O)N[C@H](Cc1ccccc1)c1ccccc1)c1ccc2ccccc2n1 0.2640185 0.2640 0.6257310 0.6257 0.8486922 -10.8700 1.0000000 1.0000 []
 | 2.7973 35.4792 36.5036 0.5623654 O=C(NCC(=O)N1C[C@H](O)C[C@H]1C(=O)N[C@H](Cc1ccc2ccccc2c1)c1ccccc1)c1ccc2cc(F)ccc2n1 1 COc1ccc([C@H](C)NC(=O)[C@@H]2C[C@@H](O)CN2C(=O)CNC(=O)c2ccc3cc(F)ccc3n2)c(Cl)c1 O=C(NCC(=O)N1CCC[C@H]1C(=O)N[C@H](Cc1ccc2ccccc2c1)c1ccccc1)c1ccc2ccccc2n1 0.2493988 0.2494 0.5721925 0.5722 0.8371800 -10.7000 1.0000000 1.0000 []
 | 1.3629 14.2154 -14.2154 0.0000000 O=C(NCC(=O)N1C[C@H](O)C[C@H]1C(=O)N[C@H](Cc1ccccc1)c1ccccc1)c1ccc2cc(F)ccc2n1 1 COc1ccc([C@H](C)NC(=O)[C@@H]2C[C@@H](O)CN2C(=O)CNC(=O)c2ccc3cc(F)ccc3n2)c(Cl)c1 O=C(NCC(=O)N1CCC[C@H]1C(=O)N[C@H](Cc1ccccc1)c1ccccc1)c1ccc2ccccc2n1 0.3180237 0.3180 0.6331361 0.6331 0.8197404 -10.4600 1.0000000 1.0000 []
 | 4.9267 8.4595 72.2782 0.6307632 O=C(NCC(=O)N1C[C@H](O)C[C@H]1C(=O)Nc1ccc(Cl)cc1)c1ccc2cc(F)ccc2n1 1 COc1ccc([C@H](C)NC(=O)[C@@H]2C[C@@H](O)CN2C(=O)CNC(=O)c2ccc3cc(F)ccc3n2)c(Cl)c1 O=C(NCC(=O)N1CCC[C@H]1C(=O)Nc1ccccc1)c1ccc2ccccc2n1 0.5297647 0.5298 0.6756757 0.6757 0.6650005 -8.8400 1.0000000 1.0000 []
00:38:22 <INFO> Score: 0.46 Agent NLL: 2.55 Valid: 100% Step: 31
 | Agent Prior Target Score SMILES SMILES_state Input_SMILES Scaffold QED QED (raw) TanimotoDistance TanimotoDistance (raw) maize maize (raw) Unwanted SMARTS Unwanted SMARTS (raw) matchting_patterns (Unwanted SMARTS)
 | 2.1185 17.5061 58.7046 0.5953960 O=C(NCC(=O)N1C[C@H](O)C[C@H]1C(=O)N[C@@H](Cc1ccc(Cl)cc1)c1ccccc1)c1ccc2cc(F)ccc2n1 1 COc1ccc([C@H](C)NC(=O)[C@@H]2C[C@@H](O)CN2C(=O)CNC(=O)c2ccc3cc(F)ccc3n2)c(Cl)c1 O=C(NCC(=O)N1CCC[C@H]1C(=O)N[C@@H](Cc1ccccc1)c1ccccc1)c1ccc2ccccc2n1 0.2962297 0.2962 0.6547619 0.6548 0.8049257 -10.2700 1.0000000 1.0000 []
 | 2.4078 12.2169 59.7177 0.5619890 O=C(NCC(=O)N1C[C@H](O)C[C@H]1C(=O)N[C@@H](Cc1ccc(O)cc1)c1ccccc1)c1ccc2cc(F)ccc2n1 1 COc1ccc([C@H](C)NC(=O)[C@@H]2C[C@@H](O)CN2C(=O)CNC(=O)c2ccc3cc(F)ccc3n2)c(Cl)c1 O=C(NCC(=O)N1CCC[C@H]1C(=O)N[C@@H](Cc1ccccc1)c1ccccc1)c1ccc2ccccc2n1 0.2640185 0.2640 0.6257310 0.6257 0.7770423 -9.9400 1.0000000 1.0000 []
 | 1.5860 30.0827 42.9067 0.5702296 O=C(NCC(=O)N1C[C@H](O)C[C@H]1C(=O)N[C@@H](Cc1ccc2ccccc2c1)c1ccccc1)c1ccc2cc(F)ccc2n1 1 COc1ccc([C@H](C)NC(=O)[C@@H]2C[C@@H](O)CN2C(=O)CNC(=O)c2ccc3cc(F)ccc3n2)c(Cl)c1 O=C(NCC(=O)N1CCC[C@H]1C(=O)N[C@@H](Cc1ccc2ccccc2c1)c1ccccc1)c1ccc2ccccc2n1 0.2493988 0.2494 0.5721925 0.5722 0.8607581 -11.0600 1.0000000 1.0000 []
 | 2.1792 10.2006 64.6276 0.5845955 O=C(NCC(=O)N1C[C@H](O)C[C@H]1C(=O)N[C@@H](Cc1ccccc1)c1ccccc1)c1ccc2cc(F)ccc2n1 1 COc1ccc([C@H](C)NC(=O)[C@@H]2C[C@@H](O)CN2C(=O)CNC(=O)c2ccc3cc(F)ccc3n2)c(Cl)c1 O=C(NCC(=O)N1CCC[C@H]1C(=O)N[C@@H](Cc1ccccc1)c1ccccc1)c1ccc2ccccc2n1 0.3180237 0.3180 0.6331361 0.6331 0.7616100 -9.7700 1.0000000 1.0000 []
 | 3.7629 4.7853 68.0951 0.5693787 O=C(NCC(=O)N1C[C@H](O)C[C@H]1C(=O)N[C@H](CO)c1ccccc1)c1ccc2cc(F)ccc2n1 1 COc1ccc([C@H](C)NC(=O)[C@@H]2C[C@@H](O)CN2C(=O)CNC(=O)c2ccc3cc(F)ccc3n2)c(Cl)c1 O=C(NCC(=O)N1CCC[C@H]1C(=O)NCc1ccccc1)c1ccc2ccccc2n1 0.3976824 0.3977 0.7229730 0.7230 0.6046071 -8.3300 1.0000000 1.0000 []
 | 2.1584 20.3079 54.7829 0.5866468 O=C(NCC(=O)N1C[C@H](O)C[C@H]1C(=O)N[C@H](Cc1ccc(Cl)cc1)c1ccccc1)c1ccc2cc(F)ccc2n1 1 COc1ccc([C@H](C)NC(=O)[C@@H]2C[C@@H](O)CN2C(=O)CNC(=O)c2ccc3cc(F)ccc3n2)c(Cl)c1 O=C(NCC(=O)N1CCC[C@H]1C(=O)N[C@H](Cc1ccccc1)c1ccccc1)c1ccc2ccccc2n1 0.2962297 0.2962 0.6547619 0.6548 0.7814432 -9.9900 1.0000000 1.0000 []
 | 2.9236 17.2345 57.9434 0.5873279 O=C(NCC(=O)N1C[C@H](O)C[C@H]1C(=O)N[C@H](Cc1ccc(O)cc1)c1ccccc1)c1ccc2cc(F)ccc2n1 1 COc1ccc([C@H](C)NC(=O)[C@@H]2C[C@@H](O)CN2C(=O)CNC(=O)c2ccc3cc(F)ccc3n2)c(Cl)c1 O=C(NCC(=O)N1CCC[C@H]1C(=O)N[C@H](Cc1ccccc1)c1ccccc1)c1ccc2ccccc2n1 0.2640185 0.2640 0.6257310 0.6257 0.8486922 -10.8700 1.0000000 1.0000 []
 | 2.1055 35.4792 36.5036 0.5623654 O=C(NCC(=O)N1C[C@H](O)C[C@H]1C(=O)N[C@H](Cc1ccc2ccccc2c1)c1ccccc1)c1ccc2cc(F)ccc2n1 1 COc1ccc([C@H](C)NC(=O)[C@@H]2C[C@@H](O)CN2C(=O)CNC(=O)c2ccc3cc(F)ccc3n2)c(Cl)c1 O=C(NCC(=O)N1CCC[C@H]1C(=O)N[C@H](Cc1ccc2ccccc2c1)c1ccccc1)c1ccc2ccccc2n1 0.2493988 0.2494 0.5721925 0.5722 0.8371800 -10.7000 1.0000000 1.0000 []
 | 2.2621 14.2154 -14.2154 0.0000000 O=C(NCC(=O)N1C[C@H](O)C[C@H]1C(=O)N[C@H](Cc1ccccc1)c1ccccc1)c1ccc2cc(F)ccc2n1 1 COc1ccc([C@H](C)NC(=O)[C@@H]2C[C@@H](O)CN2C(=O)CNC(=O)c2ccc3cc(F)ccc3n2)c(Cl)c1 O=C(NCC(=O)N1CCC[C@H]1C(=O)N[C@H](Cc1ccccc1)c1ccccc1)c1ccc2ccccc2n1 0.3180237 0.3180 0.6331361 0.6331 0.8197404 -10.4600 1.0000000 1.0000 []
 | 3.9640 8.4595 -8.4595 0.0000000 O=C(NCC(=O)N1C[C@H](O)C[C@H]1C(=O)Nc1ccc(Cl)cc1)c1ccc2cc(F)ccc2n1 1 COc1ccc([C@H](C)NC(=O)[C@@H]2C[C@@H](O)CN2C(=O)CNC(=O)c2ccc3cc(F)ccc3n2)c(Cl)c1 O=C(NCC(=O)N1CCC[C@H]1C(=O)Nc1ccccc1)c1ccc2ccccc2n1 0.5297647 0.5298 0.6756757 0.6757 0.6650005 -8.8400 1.0000000 1.0000 []
00:38:23 <INFO> Score: 0.46 Agent NLL: 2.62 Valid: 100% Step: 32
 | Agent Prior Target Score SMILES SMILES_state Input_SMILES Scaffold QED QED (raw) TanimotoDistance TanimotoDistance (raw) maize maize (raw) Unwanted SMARTS Unwanted SMARTS (raw) matchting_patterns (Unwanted SMARTS)
 | 1.5836 17.5061 58.7046 0.5953960 O=C(NCC(=O)N1C[C@H](O)C[C@H]1C(=O)N[C@@H](Cc1ccc(Cl)cc1)c1ccccc1)c1ccc2cc(F)ccc2n1 1 COc1ccc([C@H](C)NC(=O)[C@@H]2C[C@@H](O)CN2C(=O)CNC(=O)c2ccc3cc(F)ccc3n2)c(Cl)c1 O=C(NCC(=O)N1CCC[C@H]1C(=O)N[C@@H](Cc1ccccc1)c1ccccc1)c1ccc2ccccc2n1 0.2962297 0.2962 0.6547619 0.6548 0.8049257 -10.2700 1.0000000 1.0000 []
 | 2.7836 12.2169 59.7177 0.5619890 O=C(NCC(=O)N1C[C@H](O)C[C@H]1C(=O)N[C@@H](Cc1ccc(O)cc1)c1ccccc1)c1ccc2cc(F)ccc2n1 1 COc1ccc([C@H](C)NC(=O)[C@@H]2C[C@@H](O)CN2C(=O)CNC(=O)c2ccc3cc(F)ccc3n2)c(Cl)c1 O=C(NCC(=O)N1CCC[C@H]1C(=O)N[C@@H](Cc1ccccc1)c1ccccc1)c1ccc2ccccc2n1 0.2640185 0.2640 0.6257310 0.6257 0.7770423 -9.9400 1.0000000 1.0000 []
 | 1.5389 30.0827 42.9067 0.5702296 O=C(NCC(=O)N1C[C@H](O)C[C@H]1C(=O)N[C@@H](Cc1ccc2ccccc2c1)c1ccccc1)c1ccc2cc(F)ccc2n1 1 COc1ccc([C@H](C)NC(=O)[C@@H]2C[C@@H](O)CN2C(=O)CNC(=O)c2ccc3cc(F)ccc3n2)c(Cl)c1 O=C(NCC(=O)N1CCC[C@H]1C(=O)N[C@@H](Cc1ccc2ccccc2c1)c1ccccc1)c1ccc2ccccc2n1 0.2493988 0.2494 0.5721925 0.5722 0.8607581 -11.0600 1.0000000 1.0000 []
 | 2.9563 10.2006 64.6276 0.5845955 O=C(NCC(=O)N1C[C@H](O)C[C@H]1C(=O)N[C@@H](Cc1ccccc1)c1ccccc1)c1ccc2cc(F)ccc2n1 1 COc1ccc([C@H](C)NC(=O)[C@@H]2C[C@@H](O)CN2C(=O)CNC(=O)c2ccc3cc(F)ccc3n2)c(Cl)c1 O=C(NCC(=O)N1CCC[C@H]1C(=O)N[C@@H](Cc1ccccc1)c1ccccc1)c1ccc2ccccc2n1 0.3180237 0.3180 0.6331361 0.6331 0.7616100 -9.7700 1.0000000 1.0000 []
 | 3.5529 4.7853 68.0951 0.5693787 O=C(NCC(=O)N1C[C@H](O)C[C@H]1C(=O)N[C@H](CO)c1ccccc1)c1ccc2cc(F)ccc2n1 1 COc1ccc([C@H](C)NC(=O)[C@@H]2C[C@@H](O)CN2C(=O)CNC(=O)c2ccc3cc(F)ccc3n2)c(Cl)c1 O=C(NCC(=O)N1CCC[C@H]1C(=O)NCc1ccccc1)c1ccc2ccccc2n1 0.3976824 0.3977 0.7229730 0.7230 0.6046071 -8.3300 1.0000000 1.0000 []
 | 1.7847 20.3079 54.7829 0.5866468 O=C(NCC(=O)N1C[C@H](O)C[C@H]1C(=O)N[C@H](Cc1ccc(Cl)cc1)c1ccccc1)c1ccc2cc(F)ccc2n1 1 COc1ccc([C@H](C)NC(=O)[C@@H]2C[C@@H](O)CN2C(=O)CNC(=O)c2ccc3cc(F)ccc3n2)c(Cl)c1 O=C(NCC(=O)N1CCC[C@H]1C(=O)N[C@H](Cc1ccccc1)c1ccccc1)c1ccc2ccccc2n1 0.2962297 0.2962 0.6547619 0.6548 0.7814432 -9.9900 1.0000000 1.0000 []
 | 3.4106 17.2345 57.9434 0.5873279 O=C(NCC(=O)N1C[C@H](O)C[C@H]1C(=O)N[C@H](Cc1ccc(O)cc1)c1ccccc1)c1ccc2cc(F)ccc2n1 1 COc1ccc([C@H](C)NC(=O)[C@@H]2C[C@@H](O)CN2C(=O)CNC(=O)c2ccc3cc(F)ccc3n2)c(Cl)c1 O=C(NCC(=O)N1CCC[C@H]1C(=O)N[C@H](Cc1ccccc1)c1ccccc1)c1ccc2ccccc2n1 0.2640185 0.2640 0.6257310 0.6257 0.8486922 -10.8700 1.0000000 1.0000 []
 | 2.1463 35.4792 36.5036 0.5623654 O=C(NCC(=O)N1C[C@H](O)C[C@H]1C(=O)N[C@H](Cc1ccc2ccccc2c1)c1ccccc1)c1ccc2cc(F)ccc2n1 1 COc1ccc([C@H](C)NC(=O)[C@@H]2C[C@@H](O)CN2C(=O)CNC(=O)c2ccc3cc(F)ccc3n2)c(Cl)c1 O=C(NCC(=O)N1CCC[C@H]1C(=O)N[C@H](Cc1ccc2ccccc2c1)c1ccccc1)c1ccc2ccccc2n1 0.2493988 0.2494 0.5721925 0.5722 0.8371800 -10.7000 1.0000000 1.0000 []
 | 3.1408 14.2154 -14.2154 0.0000000 O=C(NCC(=O)N1C[C@H](O)C[C@H]1C(=O)N[C@H](Cc1ccccc1)c1ccccc1)c1ccc2cc(F)ccc2n1 1 COc1ccc([C@H](C)NC(=O)[C@@H]2C[C@@H](O)CN2C(=O)CNC(=O)c2ccc3cc(F)ccc3n2)c(Cl)c1 O=C(NCC(=O)N1CCC[C@H]1C(=O)N[C@H](Cc1ccccc1)c1ccccc1)c1ccc2ccccc2n1 0.3180237 0.3180 0.6331361 0.6331 0.8197404 -10.4600 1.0000000 1.0000 []
 | 3.3192 8.4595 -8.4595 0.0000000 O=C(NCC(=O)N1C[C@H](O)C[C@H]1C(=O)Nc1ccc(Cl)cc1)c1ccc2cc(F)ccc2n1 1 COc1ccc([C@H](C)NC(=O)[C@@H]2C[C@@H](O)CN2C(=O)CNC(=O)c2ccc3cc(F)ccc3n2)c(Cl)c1 O=C(NCC(=O)N1CCC[C@H]1C(=O)Nc1ccccc1)c1ccc2ccccc2n1 0.5297647 0.5298 0.6756757 0.6757 0.6650005 -8.8400 1.0000000 1.0000 []
00:38:25 <INFO> Score: 0.46 Agent NLL: 2.64 Valid: 100% Step: 33
 | Agent Prior Target Score SMILES SMILES_state Input_SMILES Scaffold QED QED (raw) TanimotoDistance TanimotoDistance (raw) maize maize (raw) Unwanted SMARTS Unwanted SMARTS (raw) matchting_patterns (Unwanted SMARTS)
 | 1.3837 17.5061 58.7046 0.5953960 O=C(NCC(=O)N1C[C@H](O)C[C@H]1C(=O)N[C@@H](Cc1ccc(Cl)cc1)c1ccccc1)c1ccc2cc(F)ccc2n1 1 COc1ccc([C@H](C)NC(=O)[C@@H]2C[C@@H](O)CN2C(=O)CNC(=O)c2ccc3cc(F)ccc3n2)c(Cl)c1 O=C(NCC(=O)N1CCC[C@H]1C(=O)N[C@@H](Cc1ccccc1)c1ccccc1)c1ccc2ccccc2n1 0.2962297 0.2962 0.6547619 0.6548 0.8049257 -10.2700 1.0000000 1.0000 []
 | 2.8111 12.2169 59.7177 0.5619890 O=C(NCC(=O)N1C[C@H](O)C[C@H]1C(=O)N[C@@H](Cc1ccc(O)cc1)c1ccccc1)c1ccc2cc(F)ccc2n1 1 COc1ccc([C@H](C)NC(=O)[C@@H]2C[C@@H](O)CN2C(=O)CNC(=O)c2ccc3cc(F)ccc3n2)c(Cl)c1 O=C(NCC(=O)N1CCC[C@H]1C(=O)N[C@@H](Cc1ccccc1)c1ccccc1)c1ccc2ccccc2n1 0.2640185 0.2640 0.6257310 0.6257 0.7770423 -9.9400 1.0000000 1.0000 []
 | 1.7405 30.0827 42.9067 0.5702296 O=C(NCC(=O)N1C[C@H](O)C[C@H]1C(=O)N[C@@H](Cc1ccc2ccccc2c1)c1ccccc1)c1ccc2cc(F)ccc2n1 1 COc1ccc([C@H](C)NC(=O)[C@@H]2C[C@@H](O)CN2C(=O)CNC(=O)c2ccc3cc(F)ccc3n2)c(Cl)c1 O=C(NCC(=O)N1CCC[C@H]1C(=O)N[C@@H](Cc1ccc2ccccc2c1)c1ccccc1)c1ccc2ccccc2n1 0.2493988 0.2494 0.5721925 0.5722 0.8607581 -11.0600 1.0000000 1.0000 []
 | 3.3750 10.2006 64.6276 0.5845955 O=C(NCC(=O)N1C[C@H](O)C[C@H]1C(=O)N[C@@H](Cc1ccccc1)c1ccccc1)c1ccc2cc(F)ccc2n1 1 COc1ccc([C@H](C)NC(=O)[C@@H]2C[C@@H](O)CN2C(=O)CNC(=O)c2ccc3cc(F)ccc3n2)c(Cl)c1 O=C(NCC(=O)N1CCC[C@H]1C(=O)N[C@@H](Cc1ccccc1)c1ccccc1)c1ccc2ccccc2n1 0.3180237 0.3180 0.6331361 0.6331 0.7616100 -9.7700 1.0000000 1.0000 []
 | 2.7488 4.7853 68.0951 0.5693787 O=C(NCC(=O)N1C[C@H](O)C[C@H]1C(=O)N[C@H](CO)c1ccccc1)c1ccc2cc(F)ccc2n1 1 COc1ccc([C@H](C)NC(=O)[C@@H]2C[C@@H](O)CN2C(=O)CNC(=O)c2ccc3cc(F)ccc3n2)c(Cl)c1 O=C(NCC(=O)N1CCC[C@H]1C(=O)NCc1ccccc1)c1ccc2ccccc2n1 0.3976824 0.3977 0.7229730 0.7230 0.6046071 -8.3300 1.0000000 1.0000 []
 | 1.7636 20.3079 54.7829 0.5866468 O=C(NCC(=O)N1C[C@H](O)C[C@H]1C(=O)N[C@H](Cc1ccc(Cl)cc1)c1ccccc1)c1ccc2cc(F)ccc2n1 1 COc1ccc([C@H](C)NC(=O)[C@@H]2C[C@@H](O)CN2C(=O)CNC(=O)c2ccc3cc(F)ccc3n2)c(Cl)c1 O=C(NCC(=O)N1CCC[C@H]1C(=O)N[C@H](Cc1ccccc1)c1ccccc1)c1ccc2ccccc2n1 0.2962297 0.2962 0.6547619 0.6548 0.7814432 -9.9900 1.0000000 1.0000 []
 | 3.4863 17.2345 57.9434 0.5873279 O=C(NCC(=O)N1C[C@H](O)C[C@H]1C(=O)N[C@H](Cc1ccc(O)cc1)c1ccccc1)c1ccc2cc(F)ccc2n1 1 COc1ccc([C@H](C)NC(=O)[C@@H]2C[C@@H](O)CN2C(=O)CNC(=O)c2ccc3cc(F)ccc3n2)c(Cl)c1 O=C(NCC(=O)N1CCC[C@H]1C(=O)N[C@H](Cc1ccccc1)c1ccccc1)c1ccc2ccccc2n1 0.2640185 0.2640 0.6257310 0.6257 0.8486922 -10.8700 1.0000000 1.0000 []
 | 2.4023 35.4792 36.5036 0.5623654 O=C(NCC(=O)N1C[C@H](O)C[C@H]1C(=O)N[C@H](Cc1ccc2ccccc2c1)c1ccccc1)c1ccc2cc(F)ccc2n1 1 COc1ccc([C@H](C)NC(=O)[C@@H]2C[C@@H](O)CN2C(=O)CNC(=O)c2ccc3cc(F)ccc3n2)c(Cl)c1 O=C(NCC(=O)N1CCC[C@H]1C(=O)N[C@H](Cc1ccc2ccccc2c1)c1ccccc1)c1ccc2ccccc2n1 0.2493988 0.2494 0.5721925 0.5722 0.8371800 -10.7000 1.0000000 1.0000 []
 | 3.7546 14.2154 -14.2154 0.0000000 O=C(NCC(=O)N1C[C@H](O)C[C@H]1C(=O)N[C@H](Cc1ccccc1)c1ccccc1)c1ccc2cc(F)ccc2n1 1 COc1ccc([C@H](C)NC(=O)[C@@H]2C[C@@H](O)CN2C(=O)CNC(=O)c2ccc3cc(F)ccc3n2)c(Cl)c1 O=C(NCC(=O)N1CCC[C@H]1C(=O)N[C@H](Cc1ccccc1)c1ccccc1)c1ccc2ccccc2n1 0.3180237 0.3180 0.6331361 0.6331 0.8197404 -10.4600 1.0000000 1.0000 []
 | 2.9690 8.4595 -8.4595 0.0000000 O=C(NCC(=O)N1C[C@H](O)C[C@H]1C(=O)Nc1ccc(Cl)cc1)c1ccc2cc(F)ccc2n1 1 COc1ccc([C@H](C)NC(=O)[C@@H]2C[C@@H](O)CN2C(=O)CNC(=O)c2ccc3cc(F)ccc3n2)c(Cl)c1 O=C(NCC(=O)N1CCC[C@H]1C(=O)Nc1ccccc1)c1ccc2ccccc2n1 0.5297647 0.5298 0.6756757 0.6757 0.6650005 -8.8400 1.0000000 1.0000 []
00:38:26 <INFO> Score: 0.46 Agent NLL: 2.65 Valid: 100% Step: 34
 | Agent Prior Target Score SMILES SMILES_state Input_SMILES Scaffold QED QED (raw) TanimotoDistance TanimotoDistance (raw) maize maize (raw) Unwanted SMARTS Unwanted SMARTS (raw) matchting_patterns (Unwanted SMARTS)
 | 4.0665 3.8934 -3.8934 0.0000000 O=C(NCC(=O)N1C[C@H](O)C[C@H]1C(=O)NCc1ccc(Cl)cc1)c1ccc2cc(F)ccc2n1 1 COc1ccc([C@H](C)NC(=O)[C@@H]2C[C@@H](O)CN2C(=O)CNC(=O)c2ccc3cc(F)ccc3n2)c(Cl)c1 O=C(NCC(=O)N1CCC[C@H]1C(=O)NCc1ccccc1)c1ccc2ccccc2n1 0.4955094 0.4955 0.7260274 0.7260 0.7493234 -9.6400 1.0000000 1.0000 []
 | 1.4107 17.5061 58.7046 0.5953960 O=C(NCC(=O)N1C[C@H](O)C[C@H]1C(=O)N[C@@H](Cc1ccc(Cl)cc1)c1ccccc1)c1ccc2cc(F)ccc2n1 1 COc1ccc([C@H](C)NC(=O)[C@@H]2C[C@@H](O)CN2C(=O)CNC(=O)c2ccc3cc(F)ccc3n2)c(Cl)c1 O=C(NCC(=O)N1CCC[C@H]1C(=O)N[C@@H](Cc1ccccc1)c1ccccc1)c1ccc2ccccc2n1 0.2962297 0.2962 0.6547619 0.6548 0.8049257 -10.2700 1.0000000 1.0000 []
 | 2.4496 12.2169 59.7177 0.5619890 O=C(NCC(=O)N1C[C@H](O)C[C@H]1C(=O)N[C@@H](Cc1ccc(O)cc1)c1ccccc1)c1ccc2cc(F)ccc2n1 1 COc1ccc([C@H](C)NC(=O)[C@@H]2C[C@@H](O)CN2C(=O)CNC(=O)c2ccc3cc(F)ccc3n2)c(Cl)c1 O=C(NCC(=O)N1CCC[C@H]1C(=O)N[C@@H](Cc1ccccc1)c1ccccc1)c1ccc2ccccc2n1 0.2640185 0.2640 0.6257310 0.6257 0.7770423 -9.9400 1.0000000 1.0000 []
 | 1.9214 30.0827 42.9067 0.5702296 O=C(NCC(=O)N1C[C@H](O)C[C@H]1C(=O)N[C@@H](Cc1ccc2ccccc2c1)c1ccccc1)c1ccc2cc(F)ccc2n1 1 COc1ccc([C@H](C)NC(=O)[C@@H]2C[C@@H](O)CN2C(=O)CNC(=O)c2ccc3cc(F)ccc3n2)c(Cl)c1 O=C(NCC(=O)N1CCC[C@H]1C(=O)N[C@@H](Cc1ccc2ccccc2c1)c1ccccc1)c1ccc2ccccc2n1 0.2493988 0.2494 0.5721925 0.5722 0.8607581 -11.0600 1.0000000 1.0000 []
 | 3.5038 10.2006 64.6276 0.5845955 O=C(NCC(=O)N1C[C@H](O)C[C@H]1C(=O)N[C@@H](Cc1ccccc1)c1ccccc1)c1ccc2cc(F)ccc2n1 1 COc1ccc([C@H](C)NC(=O)[C@@H]2C[C@@H](O)CN2C(=O)CNC(=O)c2ccc3cc(F)ccc3n2)c(Cl)c1 O=C(NCC(=O)N1CCC[C@H]1C(=O)N[C@@H](Cc1ccccc1)c1ccccc1)c1ccc2ccccc2n1 0.3180237 0.3180 0.6331361 0.6331 0.7616100 -9.7700 1.0000000 1.0000 []
 | 1.8413 4.7853 68.0951 0.5693787 O=C(NCC(=O)N1C[C@H](O)C[C@H]1C(=O)N[C@H](CO)c1ccccc1)c1ccc2cc(F)ccc2n1 1 COc1ccc([C@H](C)NC(=O)[C@@H]2C[C@@H](O)CN2C(=O)CNC(=O)c2ccc3cc(F)ccc3n2)c(Cl)c1 O=C(NCC(=O)N1CCC[C@H]1C(=O)NCc1ccccc1)c1ccc2ccccc2n1 0.3976824 0.3977 0.7229730 0.7230 0.6046071 -8.3300 1.0000000 1.0000 []
 | 2.1682 20.3079 54.7829 0.5866468 O=C(NCC(=O)N1C[C@H](O)C[C@H]1C(=O)N[C@H](Cc1ccc(Cl)cc1)c1ccccc1)c1ccc2cc(F)ccc2n1 1 COc1ccc([C@H](C)NC(=O)[C@@H]2C[C@@H](O)CN2C(=O)CNC(=O)c2ccc3cc(F)ccc3n2)c(Cl)c1 O=C(NCC(=O)N1CCC[C@H]1C(=O)N[C@H](Cc1ccccc1)c1ccccc1)c1ccc2ccccc2n1 0.2962297 0.2962 0.6547619 0.6548 0.7814432 -9.9900 1.0000000 1.0000 []
 | 3.3115 17.2345 57.9434 0.5873279 O=C(NCC(=O)N1C[C@H](O)C[C@H]1C(=O)N[C@H](Cc1ccc(O)cc1)c1ccccc1)c1ccc2cc(F)ccc2n1 1 COc1ccc([C@H](C)NC(=O)[C@@H]2C[C@@H](O)CN2C(=O)CNC(=O)c2ccc3cc(F)ccc3n2)c(Cl)c1 O=C(NCC(=O)N1CCC[C@H]1C(=O)N[C@H](Cc1ccccc1)c1ccccc1)c1ccc2ccccc2n1 0.2640185 0.2640 0.6257310 0.6257 0.8486922 -10.8700 1.0000000 1.0000 []
 | 2.8119 35.4792 36.5036 0.5623654 O=C(NCC(=O)N1C[C@H](O)C[C@H]1C(=O)N[C@H](Cc1ccc2ccccc2c1)c1ccccc1)c1ccc2cc(F)ccc2n1 1 COc1ccc([C@H](C)NC(=O)[C@@H]2C[C@@H](O)CN2C(=O)CNC(=O)c2ccc3cc(F)ccc3n2)c(Cl)c1 O=C(NCC(=O)N1CCC[C@H]1C(=O)N[C@H](Cc1ccc2ccccc2c1)c1ccccc1)c1ccc2ccccc2n1 0.2493988 0.2494 0.5721925 0.5722 0.8371800 -10.7000 1.0000000 1.0000 []
 | 2.9781 8.4595 -8.4595 0.0000000 O=C(NCC(=O)N1C[C@H](O)C[C@H]1C(=O)Nc1ccc(Cl)cc1)c1ccc2cc(F)ccc2n1 1 COc1ccc([C@H](C)NC(=O)[C@@H]2C[C@@H](O)CN2C(=O)CNC(=O)c2ccc3cc(F)ccc3n2)c(Cl)c1 O=C(NCC(=O)N1CCC[C@H]1C(=O)Nc1ccccc1)c1ccc2ccccc2n1 0.5297647 0.5298 0.6756757 0.6757 0.6650005 -8.8400 1.0000000 1.0000 []
00:38:27 <INFO> Score: 0.52 Agent NLL: 2.69 Valid: 100% Step: 35
 | Agent Prior Target Score SMILES SMILES_state Input_SMILES Scaffold QED QED (raw) TanimotoDistance TanimotoDistance (raw) maize maize (raw) Unwanted SMARTS Unwanted SMARTS (raw) matchting_patterns (Unwanted SMARTS)
 | 1.6225 17.5061 58.7046 0.5953960 O=C(NCC(=O)N1C[C@H](O)C[C@H]1C(=O)N[C@@H](Cc1ccc(Cl)cc1)c1ccccc1)c1ccc2cc(F)ccc2n1 1 COc1ccc([C@H](C)NC(=O)[C@@H]2C[C@@H](O)CN2C(=O)CNC(=O)c2ccc3cc(F)ccc3n2)c(Cl)c1 O=C(NCC(=O)N1CCC[C@H]1C(=O)N[C@@H](Cc1ccccc1)c1ccccc1)c1ccc2ccccc2n1 0.2962297 0.2962 0.6547619 0.6548 0.8049257 -10.2700 1.0000000 1.0000 []
 | 1.9144 12.2169 59.7177 0.5619890 O=C(NCC(=O)N1C[C@H](O)C[C@H]1C(=O)N[C@@H](Cc1ccc(O)cc1)c1ccccc1)c1ccc2cc(F)ccc2n1 1 COc1ccc([C@H](C)NC(=O)[C@@H]2C[C@@H](O)CN2C(=O)CNC(=O)c2ccc3cc(F)ccc3n2)c(Cl)c1 O=C(NCC(=O)N1CCC[C@H]1C(=O)N[C@@H](Cc1ccccc1)c1ccccc1)c1ccc2ccccc2n1 0.2640185 0.2640 0.6257310 0.6257 0.7770423 -9.9400 1.0000000 1.0000 []
 | 2.0983 30.0827 42.9067 0.5702296 O=C(NCC(=O)N1C[C@H](O)C[C@H]1C(=O)N[C@@H](Cc1ccc2ccccc2c1)c1ccccc1)c1ccc2cc(F)ccc2n1 1 COc1ccc([C@H](C)NC(=O)[C@@H]2C[C@@H](O)CN2C(=O)CNC(=O)c2ccc3cc(F)ccc3n2)c(Cl)c1 O=C(NCC(=O)N1CCC[C@H]1C(=O)N[C@@H](Cc1ccc2ccccc2c1)c1ccccc1)c1ccc2ccccc2n1 0.2493988 0.2494 0.5721925 0.5722 0.8607581 -11.0600 1.0000000 1.0000 []
 | 3.4015 10.2006 64.6276 0.5845955 O=C(NCC(=O)N1C[C@H](O)C[C@H]1C(=O)N[C@@H](Cc1ccccc1)c1ccccc1)c1ccc2cc(F)ccc2n1 1 COc1ccc([C@H](C)NC(=O)[C@@H]2C[C@@H](O)CN2C(=O)CNC(=O)c2ccc3cc(F)ccc3n2)c(Cl)c1 O=C(NCC(=O)N1CCC[C@H]1C(=O)N[C@@H](Cc1ccccc1)c1ccccc1)c1ccc2ccccc2n1 0.3180237 0.3180 0.6331361 0.6331 0.7616100 -9.7700 1.0000000 1.0000 []
 | 4.0736 10.0226 66.2444 0.5958362 O=C(NCC(=O)N1C[C@H](O)C[C@H]1C(=O)N[C@H](CO)c1ccc(Cl)cc1)c1ccc2cc(F)ccc2n1 1 COc1ccc([C@H](C)NC(=O)[C@@H]2C[C@@H](O)CN2C(=O)CNC(=O)c2ccc3cc(F)ccc3n2)c(Cl)c1 O=C(NCC(=O)N1CCC[C@H]1C(=O)NCc1ccccc1)c1ccc2ccccc2n1 0.3782864 0.3783 0.7482993 0.7483 0.6672764 -8.8600 1.0000000 1.0000 []
 | 1.4430 4.7853 68.0951 0.5693787 O=C(NCC(=O)N1C[C@H](O)C[C@H]1C(=O)N[C@H](CO)c1ccccc1)c1ccc2cc(F)ccc2n1 1 COc1ccc([C@H](C)NC(=O)[C@@H]2C[C@@H](O)CN2C(=O)CNC(=O)c2ccc3cc(F)ccc3n2)c(Cl)c1 O=C(NCC(=O)N1CCC[C@H]1C(=O)NCc1ccccc1)c1ccc2ccccc2n1 0.3976824 0.3977 0.7229730 0.7230 0.6046071 -8.3300 1.0000000 1.0000 []
 | 2.7533 20.3079 54.7829 0.5866468 O=C(NCC(=O)N1C[C@H](O)C[C@H]1C(=O)N[C@H](Cc1ccc(Cl)cc1)c1ccccc1)c1ccc2cc(F)ccc2n1 1 COc1ccc([C@H](C)NC(=O)[C@@H]2C[C@@H](O)CN2C(=O)CNC(=O)c2ccc3cc(F)ccc3n2)c(Cl)c1 O=C(NCC(=O)N1CCC[C@H]1C(=O)N[C@H](Cc1ccccc1)c1ccccc1)c1ccc2ccccc2n1 0.2962297 0.2962 0.6547619 0.6548 0.7814432 -9.9900 1.0000000 1.0000 []
 | 3.0099 17.2345 57.9434 0.5873279 O=C(NCC(=O)N1C[C@H](O)C[C@H]1C(=O)N[C@H](Cc1ccc(O)cc1)c1ccccc1)c1ccc2cc(F)ccc2n1 1 COc1ccc([C@H](C)NC(=O)[C@@H]2C[C@@H](O)CN2C(=O)CNC(=O)c2ccc3cc(F)ccc3n2)c(Cl)c1 O=C(NCC(=O)N1CCC[C@H]1C(=O)N[C@H](Cc1ccccc1)c1ccccc1)c1ccc2ccccc2n1 0.2640185 0.2640 0.6257310 0.6257 0.8486922 -10.8700 1.0000000 1.0000 []
 | 3.2935 35.4792 36.5036 0.5623654 O=C(NCC(=O)N1C[C@H](O)C[C@H]1C(=O)N[C@H](Cc1ccc2ccccc2c1)c1ccccc1)c1ccc2cc(F)ccc2n1 1 COc1ccc([C@H](C)NC(=O)[C@@H]2C[C@@H](O)CN2C(=O)CNC(=O)c2ccc3cc(F)ccc3n2)c(Cl)c1 O=C(NCC(=O)N1CCC[C@H]1C(=O)N[C@H](Cc1ccc2ccccc2c1)c1ccccc1)c1ccc2ccccc2n1 0.2493988 0.2494 0.5721925 0.5722 0.8371800 -10.7000 1.0000000 1.0000 []
 | 3.2619 8.4595 -8.4595 0.0000000 O=C(NCC(=O)N1C[C@H](O)C[C@H]1C(=O)Nc1ccc(Cl)cc1)c1ccc2cc(F)ccc2n1 1 COc1ccc([C@H](C)NC(=O)[C@@H]2C[C@@H](O)CN2C(=O)CNC(=O)c2ccc3cc(F)ccc3n2)c(Cl)c1 O=C(NCC(=O)N1CCC[C@H]1C(=O)Nc1ccccc1)c1ccc2ccccc2n1 0.5297647 0.5298 0.6756757 0.6757 0.6650005 -8.8400 1.0000000 1.0000 []
00:38:29 <INFO> Score: 0.52 Agent NLL: 2.67 Valid: 100% Step: 36
 | Agent Prior Target Score SMILES SMILES_state Input_SMILES Scaffold QED QED (raw) TanimotoDistance TanimotoDistance (raw) maize maize (raw) Unwanted SMARTS Unwanted SMARTS (raw) matchting_patterns (Unwanted SMARTS)
 | 2.0134 17.5061 58.7046 0.5953960 O=C(NCC(=O)N1C[C@H](O)C[C@H]1C(=O)N[C@@H](Cc1ccc(Cl)cc1)c1ccccc1)c1ccc2cc(F)ccc2n1 1 COc1ccc([C@H](C)NC(=O)[C@@H]2C[C@@H](O)CN2C(=O)CNC(=O)c2ccc3cc(F)ccc3n2)c(Cl)c1 O=C(NCC(=O)N1CCC[C@H]1C(=O)N[C@@H](Cc1ccccc1)c1ccccc1)c1ccc2ccccc2n1 0.2962297 0.2962 0.6547619 0.6548 0.8049257 -10.2700 1.0000000 1.0000 []
 | 1.5648 12.2169 59.7177 0.5619890 O=C(NCC(=O)N1C[C@H](O)C[C@H]1C(=O)N[C@@H](Cc1ccc(O)cc1)c1ccccc1)c1ccc2cc(F)ccc2n1 1 COc1ccc([C@H](C)NC(=O)[C@@H]2C[C@@H](O)CN2C(=O)CNC(=O)c2ccc3cc(F)ccc3n2)c(Cl)c1 O=C(NCC(=O)N1CCC[C@H]1C(=O)N[C@@H](Cc1ccccc1)c1ccccc1)c1ccc2ccccc2n1 0.2640185 0.2640 0.6257310 0.6257 0.7770423 -9.9400 1.0000000 1.0000 []
 | 2.2694 30.0827 42.9067 0.5702296 O=C(NCC(=O)N1C[C@H](O)C[C@H]1C(=O)N[C@@H](Cc1ccc2ccccc2c1)c1ccccc1)c1ccc2cc(F)ccc2n1 1 COc1ccc([C@H](C)NC(=O)[C@@H]2C[C@@H](O)CN2C(=O)CNC(=O)c2ccc3cc(F)ccc3n2)c(Cl)c1 O=C(NCC(=O)N1CCC[C@H]1C(=O)N[C@@H](Cc1ccc2ccccc2c1)c1ccccc1)c1ccc2ccccc2n1 0.2493988 0.2494 0.5721925 0.5722 0.8607581 -11.0600 1.0000000 1.0000 []
 | 3.2915 10.2006 64.6276 0.5845955 O=C(NCC(=O)N1C[C@H](O)C[C@H]1C(=O)N[C@@H](Cc1ccccc1)c1ccccc1)c1ccc2cc(F)ccc2n1 1 COc1ccc([C@H](C)NC(=O)[C@@H]2C[C@@H](O)CN2C(=O)CNC(=O)c2ccc3cc(F)ccc3n2)c(Cl)c1 O=C(NCC(=O)N1CCC[C@H]1C(=O)N[C@@H](Cc1ccccc1)c1ccccc1)c1ccc2ccccc2n1 0.3180237 0.3180 0.6331361 0.6331 0.7616100 -9.7700 1.0000000 1.0000 []
 | 3.2443 10.0226 66.2444 0.5958362 O=C(NCC(=O)N1C[C@H](O)C[C@H]1C(=O)N[C@H](CO)c1ccc(Cl)cc1)c1ccc2cc(F)ccc2n1 1 COc1ccc([C@H](C)NC(=O)[C@@H]2C[C@@H](O)CN2C(=O)CNC(=O)c2ccc3cc(F)ccc3n2)c(Cl)c1 O=C(NCC(=O)N1CCC[C@H]1C(=O)NCc1ccccc1)c1ccc2ccccc2n1 0.3782864 0.3783 0.7482993 0.7483 0.6672764 -8.8600 1.0000000 1.0000 []
 | 1.3868 4.7853 68.0951 0.5693787 O=C(NCC(=O)N1C[C@H](O)C[C@H]1C(=O)N[C@H](CO)c1ccccc1)c1ccc2cc(F)ccc2n1 1 COc1ccc([C@H](C)NC(=O)[C@@H]2C[C@@H](O)CN2C(=O)CNC(=O)c2ccc3cc(F)ccc3n2)c(Cl)c1 O=C(NCC(=O)N1CCC[C@H]1C(=O)NCc1ccccc1)c1ccc2ccccc2n1 0.3976824 0.3977 0.7229730 0.7230 0.6046071 -8.3300 1.0000000 1.0000 []
 | 3.1372 20.3079 54.7829 0.5866468 O=C(NCC(=O)N1C[C@H](O)C[C@H]1C(=O)N[C@H](Cc1ccc(Cl)cc1)c1ccccc1)c1ccc2cc(F)ccc2n1 1 COc1ccc([C@H](C)NC(=O)[C@@H]2C[C@@H](O)CN2C(=O)CNC(=O)c2ccc3cc(F)ccc3n2)c(Cl)c1 O=C(NCC(=O)N1CCC[C@H]1C(=O)N[C@H](Cc1ccccc1)c1ccccc1)c1ccc2ccccc2n1 0.2962297 0.2962 0.6547619 0.6548 0.7814432 -9.9900 1.0000000 1.0000 []
 | 2.6119 17.2345 57.9434 0.5873279 O=C(NCC(=O)N1C[C@H](O)C[C@H]1C(=O)N[C@H](Cc1ccc(O)cc1)c1ccccc1)c1ccc2cc(F)ccc2n1 1 COc1ccc([C@H](C)NC(=O)[C@@H]2C[C@@H](O)CN2C(=O)CNC(=O)c2ccc3cc(F)ccc3n2)c(Cl)c1 O=C(NCC(=O)N1CCC[C@H]1C(=O)N[C@H](Cc1ccccc1)c1ccccc1)c1ccc2ccccc2n1 0.2640185 0.2640 0.6257310 0.6257 0.8486922 -10.8700 1.0000000 1.0000 []
 | 3.4309 35.4792 36.5036 0.5623654 O=C(NCC(=O)N1C[C@H](O)C[C@H]1C(=O)N[C@H](Cc1ccc2ccccc2c1)c1ccccc1)c1ccc2cc(F)ccc2n1 1 COc1ccc([C@H](C)NC(=O)[C@@H]2C[C@@H](O)CN2C(=O)CNC(=O)c2ccc3cc(F)ccc3n2)c(Cl)c1 O=C(NCC(=O)N1CCC[C@H]1C(=O)N[C@H](Cc1ccc2ccccc2c1)c1ccccc1)c1ccc2ccccc2n1 0.2493988 0.2494 0.5721925 0.5722 0.8371800 -10.7000 1.0000000 1.0000 []
 | 3.7577 8.4595 -8.4595 0.0000000 O=C(NCC(=O)N1C[C@H](O)C[C@H]1C(=O)Nc1ccc(Cl)cc1)c1ccc2cc(F)ccc2n1 1 COc1ccc([C@H](C)NC(=O)[C@@H]2C[C@@H](O)CN2C(=O)CNC(=O)c2ccc3cc(F)ccc3n2)c(Cl)c1 O=C(NCC(=O)N1CCC[C@H]1C(=O)Nc1ccccc1)c1ccc2ccccc2n1 0.5297647 0.5298 0.6756757 0.6757 0.6650005 -8.8400 1.0000000 1.0000 []
00:38:30 <INFO> Score: 0.52 Agent NLL: 2.60 Valid: 100% Step: 37
 | Agent Prior Target Score SMILES SMILES_state Input_SMILES Scaffold QED QED (raw) TanimotoDistance TanimotoDistance (raw) maize maize (raw) Unwanted SMARTS Unwanted SMARTS (raw) matchting_patterns (Unwanted SMARTS)
 | 2.3234 17.5061 58.7046 0.5953960 O=C(NCC(=O)N1C[C@H](O)C[C@H]1C(=O)N[C@@H](Cc1ccc(Cl)cc1)c1ccccc1)c1ccc2cc(F)ccc2n1 1 COc1ccc([C@H](C)NC(=O)[C@@H]2C[C@@H](O)CN2C(=O)CNC(=O)c2ccc3cc(F)ccc3n2)c(Cl)c1 O=C(NCC(=O)N1CCC[C@H]1C(=O)N[C@@H](Cc1ccccc1)c1ccccc1)c1ccc2ccccc2n1 0.2962297 0.2962 0.6547619 0.6548 0.8049257 -10.2700 1.0000000 1.0000 []
 | 1.4577 12.2169 59.7177 0.5619890 O=C(NCC(=O)N1C[C@H](O)C[C@H]1C(=O)N[C@@H](Cc1ccc(O)cc1)c1ccccc1)c1ccc2cc(F)ccc2n1 1 COc1ccc([C@H](C)NC(=O)[C@@H]2C[C@@H](O)CN2C(=O)CNC(=O)c2ccc3cc(F)ccc3n2)c(Cl)c1 O=C(NCC(=O)N1CCC[C@H]1C(=O)N[C@@H](Cc1ccccc1)c1ccccc1)c1ccc2ccccc2n1 0.2640185 0.2640 0.6257310 0.6257 0.7770423 -9.9400 1.0000000 1.0000 []
 | 2.4680 30.0827 42.9067 0.5702296 O=C(NCC(=O)N1C[C@H](O)C[C@H]1C(=O)N[C@@H](Cc1ccc2ccccc2c1)c1ccccc1)c1ccc2cc(F)ccc2n1 1 COc1ccc([C@H](C)NC(=O)[C@@H]2C[C@@H](O)CN2C(=O)CNC(=O)c2ccc3cc(F)ccc3n2)c(Cl)c1 O=C(NCC(=O)N1CCC[C@H]1C(=O)N[C@@H](Cc1ccc2ccccc2c1)c1ccccc1)c1ccc2ccccc2n1 0.2493988 0.2494 0.5721925 0.5722 0.8607581 -11.0600 1.0000000 1.0000 []
 | 3.1578 10.2006 64.6276 0.5845955 O=C(NCC(=O)N1C[C@H](O)C[C@H]1C(=O)N[C@@H](Cc1ccccc1)c1ccccc1)c1ccc2cc(F)ccc2n1 1 COc1ccc([C@H](C)NC(=O)[C@@H]2C[C@@H](O)CN2C(=O)CNC(=O)c2ccc3cc(F)ccc3n2)c(Cl)c1 O=C(NCC(=O)N1CCC[C@H]1C(=O)N[C@@H](Cc1ccccc1)c1ccccc1)c1ccc2ccccc2n1 0.3180237 0.3180 0.6331361 0.6331 0.7616100 -9.7700 1.0000000 1.0000 []
 | 2.6629 10.0226 66.2444 0.5958362 O=C(NCC(=O)N1C[C@H](O)C[C@H]1C(=O)N[C@H](CO)c1ccc(Cl)cc1)c1ccc2cc(F)ccc2n1 1 COc1ccc([C@H](C)NC(=O)[C@@H]2C[C@@H](O)CN2C(=O)CNC(=O)c2ccc3cc(F)ccc3n2)c(Cl)c1 O=C(NCC(=O)N1CCC[C@H]1C(=O)NCc1ccccc1)c1ccc2ccccc2n1 0.3782864 0.3783 0.7482993 0.7483 0.6672764 -8.8600 1.0000000 1.0000 []
 | 1.6910 4.7853 68.0951 0.5693787 O=C(NCC(=O)N1C[C@H](O)C[C@H]1C(=O)N[C@H](CO)c1ccccc1)c1ccc2cc(F)ccc2n1 1 COc1ccc([C@H](C)NC(=O)[C@@H]2C[C@@H](O)CN2C(=O)CNC(=O)c2ccc3cc(F)ccc3n2)c(Cl)c1 O=C(NCC(=O)N1CCC[C@H]1C(=O)NCc1ccccc1)c1ccc2ccccc2n1 0.3976824 0.3977 0.7229730 0.7230 0.6046071 -8.3300 1.0000000 1.0000 []
 | 2.9977 20.3079 54.7829 0.5866468 O=C(NCC(=O)N1C[C@H](O)C[C@H]1C(=O)N[C@H](Cc1ccc(Cl)cc1)c1ccccc1)c1ccc2cc(F)ccc2n1 1 COc1ccc([C@H](C)NC(=O)[C@@H]2C[C@@H](O)CN2C(=O)CNC(=O)c2ccc3cc(F)ccc3n2)c(Cl)c1 O=C(NCC(=O)N1CCC[C@H]1C(=O)N[C@H](Cc1ccccc1)c1ccccc1)c1ccc2ccccc2n1 0.2962297 0.2962 0.6547619 0.6548 0.7814432 -9.9900 1.0000000 1.0000 []
 | 2.0847 17.2345 57.9434 0.5873279 O=C(NCC(=O)N1C[C@H](O)C[C@H]1C(=O)N[C@H](Cc1ccc(O)cc1)c1ccccc1)c1ccc2cc(F)ccc2n1 1 COc1ccc([C@H](C)NC(=O)[C@@H]2C[C@@H](O)CN2C(=O)CNC(=O)c2ccc3cc(F)ccc3n2)c(Cl)c1 O=C(NCC(=O)N1CCC[C@H]1C(=O)N[C@H](Cc1ccccc1)c1ccccc1)c1ccc2ccccc2n1 0.2640185 0.2640 0.6257310 0.6257 0.8486922 -10.8700 1.0000000 1.0000 []
 | 3.1876 35.4792 36.5036 0.5623654 O=C(NCC(=O)N1C[C@H](O)C[C@H]1C(=O)N[C@H](Cc1ccc2ccccc2c1)c1ccccc1)c1ccc2cc(F)ccc2n1 1 COc1ccc([C@H](C)NC(=O)[C@@H]2C[C@@H](O)CN2C(=O)CNC(=O)c2ccc3cc(F)ccc3n2)c(Cl)c1 O=C(NCC(=O)N1CCC[C@H]1C(=O)N[C@H](Cc1ccc2ccccc2c1)c1ccccc1)c1ccc2ccccc2n1 0.2493988 0.2494 0.5721925 0.5722 0.8371800 -10.7000 1.0000000 1.0000 []
 | 3.9681 14.2154 -14.2154 0.0000000 O=C(NCC(=O)N1C[C@H](O)C[C@H]1C(=O)N[C@H](Cc1ccccc1)c1ccccc1)c1ccc2cc(F)ccc2n1 1 COc1ccc([C@H](C)NC(=O)[C@@H]2C[C@@H](O)CN2C(=O)CNC(=O)c2ccc3cc(F)ccc3n2)c(Cl)c1 O=C(NCC(=O)N1CCC[C@H]1C(=O)N[C@H](Cc1ccccc1)c1ccccc1)c1ccc2ccccc2n1 0.3180237 0.3180 0.6331361 0.6331 0.8197404 -10.4600 1.0000000 1.0000 []
00:38:32 <INFO> Score: 0.52 Agent NLL: 2.51 Valid: 100% Step: 38
 | Agent Prior Target Score SMILES SMILES_state Input_SMILES Scaffold QED QED (raw) TanimotoDistance TanimotoDistance (raw) maize maize (raw) Unwanted SMARTS Unwanted SMARTS (raw) matchting_patterns (Unwanted SMARTS)
 | 2.3899 17.5061 58.7046 0.5953960 O=C(NCC(=O)N1C[C@H](O)C[C@H]1C(=O)N[C@@H](Cc1ccc(Cl)cc1)c1ccccc1)c1ccc2cc(F)ccc2n1 1 COc1ccc([C@H](C)NC(=O)[C@@H]2C[C@@H](O)CN2C(=O)CNC(=O)c2ccc3cc(F)ccc3n2)c(Cl)c1 O=C(NCC(=O)N1CCC[C@H]1C(=O)N[C@@H](Cc1ccccc1)c1ccccc1)c1ccc2ccccc2n1 0.2962297 0.2962 0.6547619 0.6548 0.8049257 -10.2700 1.0000000 1.0000 []
 | 1.5159 12.2169 59.7177 0.5619890 O=C(NCC(=O)N1C[C@H](O)C[C@H]1C(=O)N[C@@H](Cc1ccc(O)cc1)c1ccccc1)c1ccc2cc(F)ccc2n1 1 COc1ccc([C@H](C)NC(=O)[C@@H]2C[C@@H](O)CN2C(=O)CNC(=O)c2ccc3cc(F)ccc3n2)c(Cl)c1 O=C(NCC(=O)N1CCC[C@H]1C(=O)N[C@@H](Cc1ccccc1)c1ccccc1)c1ccc2ccccc2n1 0.2640185 0.2640 0.6257310 0.6257 0.7770423 -9.9400 1.0000000 1.0000 []
 | 2.6407 30.0827 42.9067 0.5702296 O=C(NCC(=O)N1C[C@H](O)C[C@H]1C(=O)N[C@@H](Cc1ccc2ccccc2c1)c1ccccc1)c1ccc2cc(F)ccc2n1 1 COc1ccc([C@H](C)NC(=O)[C@@H]2C[C@@H](O)CN2C(=O)CNC(=O)c2ccc3cc(F)ccc3n2)c(Cl)c1 O=C(NCC(=O)N1CCC[C@H]1C(=O)N[C@@H](Cc1ccc2ccccc2c1)c1ccccc1)c1ccc2ccccc2n1 0.2493988 0.2494 0.5721925 0.5722 0.8607581 -11.0600 1.0000000 1.0000 []
 | 3.0619 10.2006 64.6276 0.5845955 O=C(NCC(=O)N1C[C@H](O)C[C@H]1C(=O)N[C@@H](Cc1ccccc1)c1ccccc1)c1ccc2cc(F)ccc2n1 1 COc1ccc([C@H](C)NC(=O)[C@@H]2C[C@@H](O)CN2C(=O)CNC(=O)c2ccc3cc(F)ccc3n2)c(Cl)c1 O=C(NCC(=O)N1CCC[C@H]1C(=O)N[C@@H](Cc1ccccc1)c1ccccc1)c1ccc2ccccc2n1 0.3180237 0.3180 0.6331361 0.6331 0.7616100 -9.7700 1.0000000 1.0000 []
 | 2.4726 10.0226 66.2444 0.5958362 O=C(NCC(=O)N1C[C@H](O)C[C@H]1C(=O)N[C@H](CO)c1ccc(Cl)cc1)c1ccc2cc(F)ccc2n1 1 COc1ccc([C@H](C)NC(=O)[C@@H]2C[C@@H](O)CN2C(=O)CNC(=O)c2ccc3cc(F)ccc3n2)c(Cl)c1 O=C(NCC(=O)N1CCC[C@H]1C(=O)NCc1ccccc1)c1ccc2ccccc2n1 0.3782864 0.3783 0.7482993 0.7483 0.6672764 -8.8600 1.0000000 1.0000 []
 | 2.1978 4.7853 68.0951 0.5693787 O=C(NCC(=O)N1C[C@H](O)C[C@H]1C(=O)N[C@H](CO)c1ccccc1)c1ccc2cc(F)ccc2n1 1 COc1ccc([C@H](C)NC(=O)[C@@H]2C[C@@H](O)CN2C(=O)CNC(=O)c2ccc3cc(F)ccc3n2)c(Cl)c1 O=C(NCC(=O)N1CCC[C@H]1C(=O)NCc1ccccc1)c1ccc2ccccc2n1 0.3976824 0.3977 0.7229730 0.7230 0.6046071 -8.3300 1.0000000 1.0000 []
 | 2.6351 20.3079 54.7829 0.5866468 O=C(NCC(=O)N1C[C@H](O)C[C@H]1C(=O)N[C@H](Cc1ccc(Cl)cc1)c1ccccc1)c1ccc2cc(F)ccc2n1 1 COc1ccc([C@H](C)NC(=O)[C@@H]2C[C@@H](O)CN2C(=O)CNC(=O)c2ccc3cc(F)ccc3n2)c(Cl)c1 O=C(NCC(=O)N1CCC[C@H]1C(=O)N[C@H](Cc1ccccc1)c1ccccc1)c1ccc2ccccc2n1 0.2962297 0.2962 0.6547619 0.6548 0.7814432 -9.9900 1.0000000 1.0000 []
 | 1.7451 17.2345 57.9434 0.5873279 O=C(NCC(=O)N1C[C@H](O)C[C@H]1C(=O)N[C@H](Cc1ccc(O)cc1)c1ccccc1)c1ccc2cc(F)ccc2n1 1 COc1ccc([C@H](C)NC(=O)[C@@H]2C[C@@H](O)CN2C(=O)CNC(=O)c2ccc3cc(F)ccc3n2)c(Cl)c1 O=C(NCC(=O)N1CCC[C@H]1C(=O)N[C@H](Cc1ccccc1)c1ccccc1)c1ccc2ccccc2n1 0.2640185 0.2640 0.6257310 0.6257 0.8486922 -10.8700 1.0000000 1.0000 []
 | 2.9538 35.4792 36.5036 0.5623654 O=C(NCC(=O)N1C[C@H](O)C[C@H]1C(=O)N[C@H](Cc1ccc2ccccc2c1)c1ccccc1)c1ccc2cc(F)ccc2n1 1 COc1ccc([C@H](C)NC(=O)[C@@H]2C[C@@H](O)CN2C(=O)CNC(=O)c2ccc3cc(F)ccc3n2)c(Cl)c1 O=C(NCC(=O)N1CCC[C@H]1C(=O)N[C@H](Cc1ccc2ccccc2c1)c1ccccc1)c1ccc2ccccc2n1 0.2493988 0.2494 0.5721925 0.5722 0.8371800 -10.7000 1.0000000 1.0000 []
 | 3.4786 14.2154 -14.2154 0.0000000 O=C(NCC(=O)N1C[C@H](O)C[C@H]1C(=O)N[C@H](Cc1ccccc1)c1ccccc1)c1ccc2cc(F)ccc2n1 1 COc1ccc([C@H](C)NC(=O)[C@@H]2C[C@@H](O)CN2C(=O)CNC(=O)c2ccc3cc(F)ccc3n2)c(Cl)c1 O=C(NCC(=O)N1CCC[C@H]1C(=O)N[C@H](Cc1ccccc1)c1ccccc1)c1ccc2ccccc2n1 0.3180237 0.3180 0.6331361 0.6331 0.8197404 -10.4600 1.0000000 1.0000 []
00:38:33 <INFO> Score: 0.52 Agent NLL: 2.47 Valid: 100% Step: 39
 | Agent Prior Target Score SMILES SMILES_state Input_SMILES Scaffold QED QED (raw) TanimotoDistance TanimotoDistance (raw) maize maize (raw) Unwanted SMARTS Unwanted SMARTS (raw) matchting_patterns (Unwanted SMARTS)
 | 2.2550 17.5061 58.7046 0.5953960 O=C(NCC(=O)N1C[C@H](O)C[C@H]1C(=O)N[C@@H](Cc1ccc(Cl)cc1)c1ccccc1)c1ccc2cc(F)ccc2n1 1 COc1ccc([C@H](C)NC(=O)[C@@H]2C[C@@H](O)CN2C(=O)CNC(=O)c2ccc3cc(F)ccc3n2)c(Cl)c1 O=C(NCC(=O)N1CCC[C@H]1C(=O)N[C@@H](Cc1ccccc1)c1ccccc1)c1ccc2ccccc2n1 0.2962297 0.2962 0.6547619 0.6548 0.8049257 -10.2700 1.0000000 1.0000 []
 | 1.6761 12.2169 59.7177 0.5619890 O=C(NCC(=O)N1C[C@H](O)C[C@H]1C(=O)N[C@@H](Cc1ccc(O)cc1)c1ccccc1)c1ccc2cc(F)ccc2n1 1 COc1ccc([C@H](C)NC(=O)[C@@H]2C[C@@H](O)CN2C(=O)CNC(=O)c2ccc3cc(F)ccc3n2)c(Cl)c1 O=C(NCC(=O)N1CCC[C@H]1C(=O)N[C@@H](Cc1ccccc1)c1ccccc1)c1ccc2ccccc2n1 0.2640185 0.2640 0.6257310 0.6257 0.7770423 -9.9400 1.0000000 1.0000 []
 | 2.7653 30.0827 42.9067 0.5702296 O=C(NCC(=O)N1C[C@H](O)C[C@H]1C(=O)N[C@@H](Cc1ccc2ccccc2c1)c1ccccc1)c1ccc2cc(F)ccc2n1 1 COc1ccc([C@H](C)NC(=O)[C@@H]2C[C@@H](O)CN2C(=O)CNC(=O)c2ccc3cc(F)ccc3n2)c(Cl)c1 O=C(NCC(=O)N1CCC[C@H]1C(=O)N[C@@H](Cc1ccc2ccccc2c1)c1ccccc1)c1ccc2ccccc2n1 0.2493988 0.2494 0.5721925 0.5722 0.8607581 -11.0600 1.0000000 1.0000 []
 | 3.0199 10.2006 64.6276 0.5845955 O=C(NCC(=O)N1C[C@H](O)C[C@H]1C(=O)N[C@@H](Cc1ccccc1)c1ccccc1)c1ccc2cc(F)ccc2n1 1 COc1ccc([C@H](C)NC(=O)[C@@H]2C[C@@H](O)CN2C(=O)CNC(=O)c2ccc3cc(F)ccc3n2)c(Cl)c1 O=C(NCC(=O)N1CCC[C@H]1C(=O)N[C@@H](Cc1ccccc1)c1ccccc1)c1ccc2ccccc2n1 0.3180237 0.3180 0.6331361 0.6331 0.7616100 -9.7700 1.0000000 1.0000 []
 | 2.3777 10.0226 66.2444 0.5958362 O=C(NCC(=O)N1C[C@H](O)C[C@H]1C(=O)N[C@H](CO)c1ccc(Cl)cc1)c1ccc2cc(F)ccc2n1 1 COc1ccc([C@H](C)NC(=O)[C@@H]2C[C@@H](O)CN2C(=O)CNC(=O)c2ccc3cc(F)ccc3n2)c(Cl)c1 O=C(NCC(=O)N1CCC[C@H]1C(=O)NCc1ccccc1)c1ccc2ccccc2n1 0.3782864 0.3783 0.7482993 0.7483 0.6672764 -8.8600 1.0000000 1.0000 []
 | 2.4597 4.7853 68.0951 0.5693787 O=C(NCC(=O)N1C[C@H](O)C[C@H]1C(=O)N[C@H](CO)c1ccccc1)c1ccc2cc(F)ccc2n1 1 COc1ccc([C@H](C)NC(=O)[C@@H]2C[C@@H](O)CN2C(=O)CNC(=O)c2ccc3cc(F)ccc3n2)c(Cl)c1 O=C(NCC(=O)N1CCC[C@H]1C(=O)NCc1ccccc1)c1ccc2ccccc2n1 0.3976824 0.3977 0.7229730 0.7230 0.6046071 -8.3300 1.0000000 1.0000 []
 | 2.2798 20.3079 54.7829 0.5866468 O=C(NCC(=O)N1C[C@H](O)C[C@H]1C(=O)N[C@H](Cc1ccc(Cl)cc1)c1ccccc1)c1ccc2cc(F)ccc2n1 1 COc1ccc([C@H](C)NC(=O)[C@@H]2C[C@@H](O)CN2C(=O)CNC(=O)c2ccc3cc(F)ccc3n2)c(Cl)c1 O=C(NCC(=O)N1CCC[C@H]1C(=O)N[C@H](Cc1ccccc1)c1ccccc1)c1ccc2ccccc2n1 0.2962297 0.2962 0.6547619 0.6548 0.7814432 -9.9900 1.0000000 1.0000 []
 | 1.7414 17.2345 57.9434 0.5873279 O=C(NCC(=O)N1C[C@H](O)C[C@H]1C(=O)N[C@H](Cc1ccc(O)cc1)c1ccccc1)c1ccc2cc(F)ccc2n1 1 COc1ccc([C@H](C)NC(=O)[C@@H]2C[C@@H](O)CN2C(=O)CNC(=O)c2ccc3cc(F)ccc3n2)c(Cl)c1 O=C(NCC(=O)N1CCC[C@H]1C(=O)N[C@H](Cc1ccccc1)c1ccccc1)c1ccc2ccccc2n1 0.2640185 0.2640 0.6257310 0.6257 0.8486922 -10.8700 1.0000000 1.0000 []
 | 2.8656 35.4792 36.5036 0.5623654 O=C(NCC(=O)N1C[C@H](O)C[C@H]1C(=O)N[C@H](Cc1ccc2ccccc2c1)c1ccccc1)c1ccc2cc(F)ccc2n1 1 COc1ccc([C@H](C)NC(=O)[C@@H]2C[C@@H](O)CN2C(=O)CNC(=O)c2ccc3cc(F)ccc3n2)c(Cl)c1 O=C(NCC(=O)N1CCC[C@H]1C(=O)N[C@H](Cc1ccc2ccccc2c1)c1ccccc1)c1ccc2ccccc2n1 0.2493988 0.2494 0.5721925 0.5722 0.8371800 -10.7000 1.0000000 1.0000 []
 | 3.2477 14.2154 -14.2154 0.0000000 O=C(NCC(=O)N1C[C@H](O)C[C@H]1C(=O)N[C@H](Cc1ccccc1)c1ccccc1)c1ccc2cc(F)ccc2n1 1 COc1ccc([C@H](C)NC(=O)[C@@H]2C[C@@H](O)CN2C(=O)CNC(=O)c2ccc3cc(F)ccc3n2)c(Cl)c1 O=C(NCC(=O)N1CCC[C@H]1C(=O)N[C@H](Cc1ccccc1)c1ccccc1)c1ccc2ccccc2n1 0.3180237 0.3180 0.6331361 0.6331 0.8197404 -10.4600 1.0000000 1.0000 []
00:38:35 <INFO> Score: 0.52 Agent NLL: 2.46 Valid: 100% Step: 40
 | Agent Prior Target Score SMILES SMILES_state Input_SMILES Scaffold QED QED (raw) TanimotoDistance TanimotoDistance (raw) maize maize (raw) Unwanted SMARTS Unwanted SMARTS (raw) matchting_patterns (Unwanted SMARTS)
 | 2.0522 17.5061 58.7046 0.5953960 O=C(NCC(=O)N1C[C@H](O)C[C@H]1C(=O)N[C@@H](Cc1ccc(Cl)cc1)c1ccccc1)c1ccc2cc(F)ccc2n1 1 COc1ccc([C@H](C)NC(=O)[C@@H]2C[C@@H](O)CN2C(=O)CNC(=O)c2ccc3cc(F)ccc3n2)c(Cl)c1 O=C(NCC(=O)N1CCC[C@H]1C(=O)N[C@@H](Cc1ccccc1)c1ccccc1)c1ccc2ccccc2n1 0.2962297 0.2962 0.6547619 0.6548 0.8049257 -10.2700 1.0000000 1.0000 []
 | 1.9159 12.2169 59.7177 0.5619890 O=C(NCC(=O)N1C[C@H](O)C[C@H]1C(=O)N[C@@H](Cc1ccc(O)cc1)c1ccccc1)c1ccc2cc(F)ccc2n1 1 COc1ccc([C@H](C)NC(=O)[C@@H]2C[C@@H](O)CN2C(=O)CNC(=O)c2ccc3cc(F)ccc3n2)c(Cl)c1 O=C(NCC(=O)N1CCC[C@H]1C(=O)N[C@@H](Cc1ccccc1)c1ccccc1)c1ccc2ccccc2n1 0.2640185 0.2640 0.6257310 0.6257 0.7770423 -9.9400 1.0000000 1.0000 []
 | 2.8301 30.0827 42.9067 0.5702296 O=C(NCC(=O)N1C[C@H](O)C[C@H]1C(=O)N[C@@H](Cc1ccc2ccccc2c1)c1ccccc1)c1ccc2cc(F)ccc2n1 1 COc1ccc([C@H](C)NC(=O)[C@@H]2C[C@@H](O)CN2C(=O)CNC(=O)c2ccc3cc(F)ccc3n2)c(Cl)c1 O=C(NCC(=O)N1CCC[C@H]1C(=O)N[C@@H](Cc1ccc2ccccc2c1)c1ccccc1)c1ccc2ccccc2n1 0.2493988 0.2494 0.5721925 0.5722 0.8607581 -11.0600 1.0000000 1.0000 []
 | 3.0366 10.2006 64.6276 0.5845955 O=C(NCC(=O)N1C[C@H](O)C[C@H]1C(=O)N[C@@H](Cc1ccccc1)c1ccccc1)c1ccc2cc(F)ccc2n1 1 COc1ccc([C@H](C)NC(=O)[C@@H]2C[C@@H](O)CN2C(=O)CNC(=O)c2ccc3cc(F)ccc3n2)c(Cl)c1 O=C(NCC(=O)N1CCC[C@H]1C(=O)N[C@@H](Cc1ccccc1)c1ccccc1)c1ccc2ccccc2n1 0.3180237 0.3180 0.6331361 0.6331 0.7616100 -9.7700 1.0000000 1.0000 []
 | 2.0780 10.0226 66.2444 0.5958362 O=C(NCC(=O)N1C[C@H](O)C[C@H]1C(=O)N[C@H](CO)c1ccc(Cl)cc1)c1ccc2cc(F)ccc2n1 1 COc1ccc([C@H](C)NC(=O)[C@@H]2C[C@@H](O)CN2C(=O)CNC(=O)c2ccc3cc(F)ccc3n2)c(Cl)c1 O=C(NCC(=O)N1CCC[C@H]1C(=O)NCc1ccccc1)c1ccc2ccccc2n1 0.3782864 0.3783 0.7482993 0.7483 0.6672764 -8.8600 1.0000000 1.0000 []
 | 2.3916 4.7853 68.0951 0.5693787 O=C(NCC(=O)N1C[C@H](O)C[C@H]1C(=O)N[C@H](CO)c1ccccc1)c1ccc2cc(F)ccc2n1 1 COc1ccc([C@H](C)NC(=O)[C@@H]2C[C@@H](O)CN2C(=O)CNC(=O)c2ccc3cc(F)ccc3n2)c(Cl)c1 O=C(NCC(=O)N1CCC[C@H]1C(=O)NCc1ccccc1)c1ccc2ccccc2n1 0.3976824 0.3977 0.7229730 0.7230 0.6046071 -8.3300 1.0000000 1.0000 []
 | 2.0646 20.3079 54.7829 0.5866468 O=C(NCC(=O)N1C[C@H](O)C[C@H]1C(=O)N[C@H](Cc1ccc(Cl)cc1)c1ccccc1)c1ccc2cc(F)ccc2n1 1 COc1ccc([C@H](C)NC(=O)[C@@H]2C[C@@H](O)CN2C(=O)CNC(=O)c2ccc3cc(F)ccc3n2)c(Cl)c1 O=C(NCC(=O)N1CCC[C@H]1C(=O)N[C@H](Cc1ccccc1)c1ccccc1)c1ccc2ccccc2n1 0.2962297 0.2962 0.6547619 0.6548 0.7814432 -9.9900 1.0000000 1.0000 []
 | 2.0286 17.2345 57.9434 0.5873279 O=C(NCC(=O)N1C[C@H](O)C[C@H]1C(=O)N[C@H](Cc1ccc(O)cc1)c1ccccc1)c1ccc2cc(F)ccc2n1 1 COc1ccc([C@H](C)NC(=O)[C@@H]2C[C@@H](O)CN2C(=O)CNC(=O)c2ccc3cc(F)ccc3n2)c(Cl)c1 O=C(NCC(=O)N1CCC[C@H]1C(=O)N[C@H](Cc1ccccc1)c1ccccc1)c1ccc2ccccc2n1 0.2640185 0.2640 0.6257310 0.6257 0.8486922 -10.8700 1.0000000 1.0000 []
 | 2.8968 35.4792 36.5036 0.5623654 O=C(NCC(=O)N1C[C@H](O)C[C@H]1C(=O)N[C@H](Cc1ccc2ccccc2c1)c1ccccc1)c1ccc2cc(F)ccc2n1 1 COc1ccc([C@H](C)NC(=O)[C@@H]2C[C@@H](O)CN2C(=O)CNC(=O)c2ccc3cc(F)ccc3n2)c(Cl)c1 O=C(NCC(=O)N1CCC[C@H]1C(=O)N[C@H](Cc1ccc2ccccc2c1)c1ccccc1)c1ccc2ccccc2n1 0.2493988 0.2494 0.5721925 0.5722 0.8371800 -10.7000 1.0000000 1.0000 []
 | 3.2825 14.2154 -14.2154 0.0000000 O=C(NCC(=O)N1C[C@H](O)C[C@H]1C(=O)N[C@H](Cc1ccccc1)c1ccccc1)c1ccc2cc(F)ccc2n1 1 COc1ccc([C@H](C)NC(=O)[C@@H]2C[C@@H](O)CN2C(=O)CNC(=O)c2ccc3cc(F)ccc3n2)c(Cl)c1 O=C(NCC(=O)N1CCC[C@H]1C(=O)N[C@H](Cc1ccccc1)c1ccccc1)c1ccc2ccccc2n1 0.3180237 0.3180 0.6331361 0.6331 0.8197404 -10.4600 1.0000000 1.0000 []
00:38:36 <INFO> Score: 0.52 Agent NLL: 2.50 Valid: 100% Step: 41
 | Agent Prior Target Score SMILES SMILES_state Input_SMILES Scaffold QED QED (raw) TanimotoDistance TanimotoDistance (raw) maize maize (raw) Unwanted SMARTS Unwanted SMARTS (raw) matchting_patterns (Unwanted SMARTS)
 | 1.9317 17.5061 58.7046 0.5953960 O=C(NCC(=O)N1C[C@H](O)C[C@H]1C(=O)N[C@@H](Cc1ccc(Cl)cc1)c1ccccc1)c1ccc2cc(F)ccc2n1 1 COc1ccc([C@H](C)NC(=O)[C@@H]2C[C@@H](O)CN2C(=O)CNC(=O)c2ccc3cc(F)ccc3n2)c(Cl)c1 O=C(NCC(=O)N1CCC[C@H]1C(=O)N[C@@H](Cc1ccccc1)c1ccccc1)c1ccc2ccccc2n1 0.2962297 0.2962 0.6547619 0.6548 0.8049257 -10.2700 1.0000000 1.0000 []
 | 2.1460 12.2169 59.7177 0.5619890 O=C(NCC(=O)N1C[C@H](O)C[C@H]1C(=O)N[C@@H](Cc1ccc(O)cc1)c1ccccc1)c1ccc2cc(F)ccc2n1 1 COc1ccc([C@H](C)NC(=O)[C@@H]2C[C@@H](O)CN2C(=O)CNC(=O)c2ccc3cc(F)ccc3n2)c(Cl)c1 O=C(NCC(=O)N1CCC[C@H]1C(=O)N[C@@H](Cc1ccccc1)c1ccccc1)c1ccc2ccccc2n1 0.2640185 0.2640 0.6257310 0.6257 0.7770423 -9.9400 1.0000000 1.0000 []
 | 2.8433 30.0827 42.9067 0.5702296 O=C(NCC(=O)N1C[C@H](O)C[C@H]1C(=O)N[C@@H](Cc1ccc2ccccc2c1)c1ccccc1)c1ccc2cc(F)ccc2n1 1 COc1ccc([C@H](C)NC(=O)[C@@H]2C[C@@H](O)CN2C(=O)CNC(=O)c2ccc3cc(F)ccc3n2)c(Cl)c1 O=C(NCC(=O)N1CCC[C@H]1C(=O)N[C@@H](Cc1ccc2ccccc2c1)c1ccccc1)c1ccc2ccccc2n1 0.2493988 0.2494 0.5721925 0.5722 0.8607581 -11.0600 1.0000000 1.0000 []
 | 3.0541 10.2006 64.6276 0.5845955 O=C(NCC(=O)N1C[C@H](O)C[C@H]1C(=O)N[C@@H](Cc1ccccc1)c1ccccc1)c1ccc2cc(F)ccc2n1 1 COc1ccc([C@H](C)NC(=O)[C@@H]2C[C@@H](O)CN2C(=O)CNC(=O)c2ccc3cc(F)ccc3n2)c(Cl)c1 O=C(NCC(=O)N1CCC[C@H]1C(=O)N[C@@H](Cc1ccccc1)c1ccccc1)c1ccc2ccccc2n1 0.3180237 0.3180 0.6331361 0.6331 0.7616100 -9.7700 1.0000000 1.0000 []
 | 1.7109 10.0226 66.2444 0.5958362 O=C(NCC(=O)N1C[C@H](O)C[C@H]1C(=O)N[C@H](CO)c1ccc(Cl)cc1)c1ccc2cc(F)ccc2n1 1 COc1ccc([C@H](C)NC(=O)[C@@H]2C[C@@H](O)CN2C(=O)CNC(=O)c2ccc3cc(F)ccc3n2)c(Cl)c1 O=C(NCC(=O)N1CCC[C@H]1C(=O)NCc1ccccc1)c1ccc2ccccc2n1 0.3782864 0.3783 0.7482993 0.7483 0.6672764 -8.8600 1.0000000 1.0000 []
 | 2.1612 4.7853 68.0951 0.5693787 O=C(NCC(=O)N1C[C@H](O)C[C@H]1C(=O)N[C@H](CO)c1ccccc1)c1ccc2cc(F)ccc2n1 1 COc1ccc([C@H](C)NC(=O)[C@@H]2C[C@@H](O)CN2C(=O)CNC(=O)c2ccc3cc(F)ccc3n2)c(Cl)c1 O=C(NCC(=O)N1CCC[C@H]1C(=O)NCc1ccccc1)c1ccc2ccccc2n1 0.3976824 0.3977 0.7229730 0.7230 0.6046071 -8.3300 1.0000000 1.0000 []
 | 2.1174 20.3079 54.7829 0.5866468 O=C(NCC(=O)N1C[C@H](O)C[C@H]1C(=O)N[C@H](Cc1ccc(Cl)cc1)c1ccccc1)c1ccc2cc(F)ccc2n1 1 COc1ccc([C@H](C)NC(=O)[C@@H]2C[C@@H](O)CN2C(=O)CNC(=O)c2ccc3cc(F)ccc3n2)c(Cl)c1 O=C(NCC(=O)N1CCC[C@H]1C(=O)N[C@H](Cc1ccccc1)c1ccccc1)c1ccc2ccccc2n1 0.2962297 0.2962 0.6547619 0.6548 0.7814432 -9.9900 1.0000000 1.0000 []
 | 2.4788 17.2345 57.9434 0.5873279 O=C(NCC(=O)N1C[C@H](O)C[C@H]1C(=O)N[C@H](Cc1ccc(O)cc1)c1ccccc1)c1ccc2cc(F)ccc2n1 1 COc1ccc([C@H](C)NC(=O)[C@@H]2C[C@@H](O)CN2C(=O)CNC(=O)c2ccc3cc(F)ccc3n2)c(Cl)c1 O=C(NCC(=O)N1CCC[C@H]1C(=O)N[C@H](Cc1ccccc1)c1ccccc1)c1ccc2ccccc2n1 0.2640185 0.2640 0.6257310 0.6257 0.8486922 -10.8700 1.0000000 1.0000 []
 | 3.0405 35.4792 36.5036 0.5623654 O=C(NCC(=O)N1C[C@H](O)C[C@H]1C(=O)N[C@H](Cc1ccc2ccccc2c1)c1ccccc1)c1ccc2cc(F)ccc2n1 1 COc1ccc([C@H](C)NC(=O)[C@@H]2C[C@@H](O)CN2C(=O)CNC(=O)c2ccc3cc(F)ccc3n2)c(Cl)c1 O=C(NCC(=O)N1CCC[C@H]1C(=O)N[C@H](Cc1ccc2ccccc2c1)c1ccccc1)c1ccc2ccccc2n1 0.2493988 0.2494 0.5721925 0.5722 0.8371800 -10.7000 1.0000000 1.0000 []
 | 3.5003 14.2154 -14.2154 0.0000000 O=C(NCC(=O)N1C[C@H](O)C[C@H]1C(=O)N[C@H](Cc1ccccc1)c1ccccc1)c1ccc2cc(F)ccc2n1 1 COc1ccc([C@H](C)NC(=O)[C@@H]2C[C@@H](O)CN2C(=O)CNC(=O)c2ccc3cc(F)ccc3n2)c(Cl)c1 O=C(NCC(=O)N1CCC[C@H]1C(=O)N[C@H](Cc1ccccc1)c1ccccc1)c1ccc2ccccc2n1 0.3180237 0.3180 0.6331361 0.6331 0.8197404 -10.4600 1.0000000 1.0000 []
00:38:38 <INFO> Score: 0.52 Agent NLL: 2.55 Valid: 100% Step: 42
 | Agent Prior Target Score SMILES SMILES_state Input_SMILES Scaffold QED QED (raw) TanimotoDistance TanimotoDistance (raw) maize maize (raw) Unwanted SMARTS Unwanted SMARTS (raw) matchting_patterns (Unwanted SMARTS)
 | 1.8846 17.5061 58.7046 0.5953960 O=C(NCC(=O)N1C[C@H](O)C[C@H]1C(=O)N[C@@H](Cc1ccc(Cl)cc1)c1ccccc1)c1ccc2cc(F)ccc2n1 1 COc1ccc([C@H](C)NC(=O)[C@@H]2C[C@@H](O)CN2C(=O)CNC(=O)c2ccc3cc(F)ccc3n2)c(Cl)c1 O=C(NCC(=O)N1CCC[C@H]1C(=O)N[C@@H](Cc1ccccc1)c1ccccc1)c1ccc2ccccc2n1 0.2962297 0.2962 0.6547619 0.6548 0.8049257 -10.2700 1.0000000 1.0000 []
 | 2.2920 12.2169 59.7177 0.5619890 O=C(NCC(=O)N1C[C@H](O)C[C@H]1C(=O)N[C@@H](Cc1ccc(O)cc1)c1ccccc1)c1ccc2cc(F)ccc2n1 1 COc1ccc([C@H](C)NC(=O)[C@@H]2C[C@@H](O)CN2C(=O)CNC(=O)c2ccc3cc(F)ccc3n2)c(Cl)c1 O=C(NCC(=O)N1CCC[C@H]1C(=O)N[C@@H](Cc1ccccc1)c1ccccc1)c1ccc2ccccc2n1 0.2640185 0.2640 0.6257310 0.6257 0.7770423 -9.9400 1.0000000 1.0000 []
 | 2.7828 30.0827 42.9067 0.5702296 O=C(NCC(=O)N1C[C@H](O)C[C@H]1C(=O)N[C@@H](Cc1ccc2ccccc2c1)c1ccccc1)c1ccc2cc(F)ccc2n1 1 COc1ccc([C@H](C)NC(=O)[C@@H]2C[C@@H](O)CN2C(=O)CNC(=O)c2ccc3cc(F)ccc3n2)c(Cl)c1 O=C(NCC(=O)N1CCC[C@H]1C(=O)N[C@@H](Cc1ccc2ccccc2c1)c1ccccc1)c1ccc2ccccc2n1 0.2493988 0.2494 0.5721925 0.5722 0.8607581 -11.0600 1.0000000 1.0000 []
 | 3.0235 10.2006 64.6276 0.5845955 O=C(NCC(=O)N1C[C@H](O)C[C@H]1C(=O)N[C@@H](Cc1ccccc1)c1ccccc1)c1ccc2cc(F)ccc2n1 1 COc1ccc([C@H](C)NC(=O)[C@@H]2C[C@@H](O)CN2C(=O)CNC(=O)c2ccc3cc(F)ccc3n2)c(Cl)c1 O=C(NCC(=O)N1CCC[C@H]1C(=O)N[C@@H](Cc1ccccc1)c1ccccc1)c1ccc2ccccc2n1 0.3180237 0.3180 0.6331361 0.6331 0.7616100 -9.7700 1.0000000 1.0000 []
 | 1.5043 10.0226 66.2444 0.5958362 O=C(NCC(=O)N1C[C@H](O)C[C@H]1C(=O)N[C@H](CO)c1ccc(Cl)cc1)c1ccc2cc(F)ccc2n1 1 COc1ccc([C@H](C)NC(=O)[C@@H]2C[C@@H](O)CN2C(=O)CNC(=O)c2ccc3cc(F)ccc3n2)c(Cl)c1 O=C(NCC(=O)N1CCC[C@H]1C(=O)NCc1ccccc1)c1ccc2ccccc2n1 0.3782864 0.3783 0.7482993 0.7483 0.6672764 -8.8600 1.0000000 1.0000 []
 | 2.0215 4.7853 68.0951 0.5693787 O=C(NCC(=O)N1C[C@H](O)C[C@H]1C(=O)N[C@H](CO)c1ccccc1)c1ccc2cc(F)ccc2n1 1 COc1ccc([C@H](C)NC(=O)[C@@H]2C[C@@H](O)CN2C(=O)CNC(=O)c2ccc3cc(F)ccc3n2)c(Cl)c1 O=C(NCC(=O)N1CCC[C@H]1C(=O)NCc1ccccc1)c1ccc2ccccc2n1 0.3976824 0.3977 0.7229730 0.7230 0.6046071 -8.3300 1.0000000 1.0000 []
 | 2.2959 20.3079 54.7829 0.5866468 O=C(NCC(=O)N1C[C@H](O)C[C@H]1C(=O)N[C@H](Cc1ccc(Cl)cc1)c1ccccc1)c1ccc2cc(F)ccc2n1 1 COc1ccc([C@H](C)NC(=O)[C@@H]2C[C@@H](O)CN2C(=O)CNC(=O)c2ccc3cc(F)ccc3n2)c(Cl)c1 O=C(NCC(=O)N1CCC[C@H]1C(=O)N[C@H](Cc1ccccc1)c1ccccc1)c1ccc2ccccc2n1 0.2962297 0.2962 0.6547619 0.6548 0.7814432 -9.9900 1.0000000 1.0000 []
 | 2.8379 17.2345 57.9434 0.5873279 O=C(NCC(=O)N1C[C@H](O)C[C@H]1C(=O)N[C@H](Cc1ccc(O)cc1)c1ccccc1)c1ccc2cc(F)ccc2n1 1 COc1ccc([C@H](C)NC(=O)[C@@H]2C[C@@H](O)CN2C(=O)CNC(=O)c2ccc3cc(F)ccc3n2)c(Cl)c1 O=C(NCC(=O)N1CCC[C@H]1C(=O)N[C@H](Cc1ccccc1)c1ccccc1)c1ccc2ccccc2n1 0.2640185 0.2640 0.6257310 0.6257 0.8486922 -10.8700 1.0000000 1.0000 []
 | 3.1690 35.4792 36.5036 0.5623654 O=C(NCC(=O)N1C[C@H](O)C[C@H]1C(=O)N[C@H](Cc1ccc2ccccc2c1)c1ccccc1)c1ccc2cc(F)ccc2n1 1 COc1ccc([C@H](C)NC(=O)[C@@H]2C[C@@H](O)CN2C(=O)CNC(=O)c2ccc3cc(F)ccc3n2)c(Cl)c1 O=C(NCC(=O)N1CCC[C@H]1C(=O)N[C@H](Cc1ccc2ccccc2c1)c1ccccc1)c1ccc2ccccc2n1 0.2493988 0.2494 0.5721925 0.5722 0.8371800 -10.7000 1.0000000 1.0000 []
 | 3.7077 14.2154 -14.2154 0.0000000 O=C(NCC(=O)N1C[C@H](O)C[C@H]1C(=O)N[C@H](Cc1ccccc1)c1ccccc1)c1ccc2cc(F)ccc2n1 1 COc1ccc([C@H](C)NC(=O)[C@@H]2C[C@@H](O)CN2C(=O)CNC(=O)c2ccc3cc(F)ccc3n2)c(Cl)c1 O=C(NCC(=O)N1CCC[C@H]1C(=O)N[C@H](Cc1ccccc1)c1ccccc1)c1ccc2ccccc2n1 0.3180237 0.3180 0.6331361 0.6331 0.8197404 -10.4600 1.0000000 1.0000 []
00:38:39 <INFO> Score: 0.52 Agent NLL: 2.54 Valid: 100% Step: 43
 | Agent Prior Target Score SMILES SMILES_state Input_SMILES Scaffold QED QED (raw) TanimotoDistance TanimotoDistance (raw) maize maize (raw) Unwanted SMARTS Unwanted SMARTS (raw) matchting_patterns (Unwanted SMARTS)
 | 1.8896 17.5061 58.7046 0.5953960 O=C(NCC(=O)N1C[C@H](O)C[C@H]1C(=O)N[C@@H](Cc1ccc(Cl)cc1)c1ccccc1)c1ccc2cc(F)ccc2n1 1 COc1ccc([C@H](C)NC(=O)[C@@H]2C[C@@H](O)CN2C(=O)CNC(=O)c2ccc3cc(F)ccc3n2)c(Cl)c1 O=C(NCC(=O)N1CCC[C@H]1C(=O)N[C@@H](Cc1ccccc1)c1ccccc1)c1ccc2ccccc2n1 0.2962297 0.2962 0.6547619 0.6548 0.8049257 -10.2700 1.0000000 1.0000 []
 | 2.3153 12.2169 59.7177 0.5619890 O=C(NCC(=O)N1C[C@H](O)C[C@H]1C(=O)N[C@@H](Cc1ccc(O)cc1)c1ccccc1)c1ccc2cc(F)ccc2n1 1 COc1ccc([C@H](C)NC(=O)[C@@H]2C[C@@H](O)CN2C(=O)CNC(=O)c2ccc3cc(F)ccc3n2)c(Cl)c1 O=C(NCC(=O)N1CCC[C@H]1C(=O)N[C@@H](Cc1ccccc1)c1ccccc1)c1ccc2ccccc2n1 0.2640185 0.2640 0.6257310 0.6257 0.7770423 -9.9400 1.0000000 1.0000 []
 | 2.6766 30.0827 42.9067 0.5702296 O=C(NCC(=O)N1C[C@H](O)C[C@H]1C(=O)N[C@@H](Cc1ccc2ccccc2c1)c1ccccc1)c1ccc2cc(F)ccc2n1 1 COc1ccc([C@H](C)NC(=O)[C@@H]2C[C@@H](O)CN2C(=O)CNC(=O)c2ccc3cc(F)ccc3n2)c(Cl)c1 O=C(NCC(=O)N1CCC[C@H]1C(=O)N[C@@H](Cc1ccc2ccccc2c1)c1ccccc1)c1ccc2ccccc2n1 0.2493988 0.2494 0.5721925 0.5722 0.8607581 -11.0600 1.0000000 1.0000 []
 | 2.9270 10.2006 64.6276 0.5845955 O=C(NCC(=O)N1C[C@H](O)C[C@H]1C(=O)N[C@@H](Cc1ccccc1)c1ccccc1)c1ccc2cc(F)ccc2n1 1 COc1ccc([C@H](C)NC(=O)[C@@H]2C[C@@H](O)CN2C(=O)CNC(=O)c2ccc3cc(F)ccc3n2)c(Cl)c1 O=C(NCC(=O)N1CCC[C@H]1C(=O)N[C@@H](Cc1ccccc1)c1ccccc1)c1ccc2ccccc2n1 0.3180237 0.3180 0.6331361 0.6331 0.7616100 -9.7700 1.0000000 1.0000 []
 | 1.5063 10.0226 66.2444 0.5958362 O=C(NCC(=O)N1C[C@H](O)C[C@H]1C(=O)N[C@H](CO)c1ccc(Cl)cc1)c1ccc2cc(F)ccc2n1 1 COc1ccc([C@H](C)NC(=O)[C@@H]2C[C@@H](O)CN2C(=O)CNC(=O)c2ccc3cc(F)ccc3n2)c(Cl)c1 O=C(NCC(=O)N1CCC[C@H]1C(=O)NCc1ccccc1)c1ccc2ccccc2n1 0.3782864 0.3783 0.7482993 0.7483 0.6672764 -8.8600 1.0000000 1.0000 []
 | 2.0301 4.7853 68.0951 0.5693787 O=C(NCC(=O)N1C[C@H](O)C[C@H]1C(=O)N[C@H](CO)c1ccccc1)c1ccc2cc(F)ccc2n1 1 COc1ccc([C@H](C)NC(=O)[C@@H]2C[C@@H](O)CN2C(=O)CNC(=O)c2ccc3cc(F)ccc3n2)c(Cl)c1 O=C(NCC(=O)N1CCC[C@H]1C(=O)NCc1ccccc1)c1ccc2ccccc2n1 0.3976824 0.3977 0.7229730 0.7230 0.6046071 -8.3300 1.0000000 1.0000 []
 | 2.3692 20.3079 54.7829 0.5866468 O=C(NCC(=O)N1C[C@H](O)C[C@H]1C(=O)N[C@H](Cc1ccc(Cl)cc1)c1ccccc1)c1ccc2cc(F)ccc2n1 1 COc1ccc([C@H](C)NC(=O)[C@@H]2C[C@@H](O)CN2C(=O)CNC(=O)c2ccc3cc(F)ccc3n2)c(Cl)c1 O=C(NCC(=O)N1CCC[C@H]1C(=O)N[C@H](Cc1ccccc1)c1ccccc1)c1ccc2ccccc2n1 0.2962297 0.2962 0.6547619 0.6548 0.7814432 -9.9900 1.0000000 1.0000 []
 | 2.8818 17.2345 57.9434 0.5873279 O=C(NCC(=O)N1C[C@H](O)C[C@H]1C(=O)N[C@H](Cc1ccc(O)cc1)c1ccccc1)c1ccc2cc(F)ccc2n1 1 COc1ccc([C@H](C)NC(=O)[C@@H]2C[C@@H](O)CN2C(=O)CNC(=O)c2ccc3cc(F)ccc3n2)c(Cl)c1 O=C(NCC(=O)N1CCC[C@H]1C(=O)N[C@H](Cc1ccccc1)c1ccccc1)c1ccc2ccccc2n1 0.2640185 0.2640 0.6257310 0.6257 0.8486922 -10.8700 1.0000000 1.0000 []
 | 3.0785 35.4792 36.5036 0.5623654 O=C(NCC(=O)N1C[C@H](O)C[C@H]1C(=O)N[C@H](Cc1ccc2ccccc2c1)c1ccccc1)c1ccc2cc(F)ccc2n1 1 COc1ccc([C@H](C)NC(=O)[C@@H]2C[C@@H](O)CN2C(=O)CNC(=O)c2ccc3cc(F)ccc3n2)c(Cl)c1 O=C(NCC(=O)N1CCC[C@H]1C(=O)N[C@H](Cc1ccc2ccccc2c1)c1ccccc1)c1ccc2ccccc2n1 0.2493988 0.2494 0.5721925 0.5722 0.8371800 -10.7000 1.0000000 1.0000 []
 | 3.6936 14.2154 -14.2154 0.0000000 O=C(NCC(=O)N1C[C@H](O)C[C@H]1C(=O)N[C@H](Cc1ccccc1)c1ccccc1)c1ccc2cc(F)ccc2n1 1 COc1ccc([C@H](C)NC(=O)[C@@H]2C[C@@H](O)CN2C(=O)CNC(=O)c2ccc3cc(F)ccc3n2)c(Cl)c1 O=C(NCC(=O)N1CCC[C@H]1C(=O)N[C@H](Cc1ccccc1)c1ccccc1)c1ccc2ccccc2n1 0.3180237 0.3180 0.6331361 0.6331 0.8197404 -10.4600 1.0000000 1.0000 []
00:38:41 <INFO> Score: 0.52 Agent NLL: 2.46 Valid: 100% Step: 44
 | Agent Prior Target Score SMILES SMILES_state Input_SMILES Scaffold QED QED (raw) TanimotoDistance TanimotoDistance (raw) maize maize (raw) Unwanted SMARTS Unwanted SMARTS (raw) matchting_patterns (Unwanted SMARTS)
 | 1.9403 17.5061 58.7046 0.5953960 O=C(NCC(=O)N1C[C@H](O)C[C@H]1C(=O)N[C@@H](Cc1ccc(Cl)cc1)c1ccccc1)c1ccc2cc(F)ccc2n1 1 COc1ccc([C@H](C)NC(=O)[C@@H]2C[C@@H](O)CN2C(=O)CNC(=O)c2ccc3cc(F)ccc3n2)c(Cl)c1 O=C(NCC(=O)N1CCC[C@H]1C(=O)N[C@@H](Cc1ccccc1)c1ccccc1)c1ccc2ccccc2n1 0.2962297 0.2962 0.6547619 0.6548 0.8049257 -10.2700 1.0000000 1.0000 []
 | 2.2328 12.2169 59.7177 0.5619890 O=C(NCC(=O)N1C[C@H](O)C[C@H]1C(=O)N[C@@H](Cc1ccc(O)cc1)c1ccccc1)c1ccc2cc(F)ccc2n1 1 COc1ccc([C@H](C)NC(=O)[C@@H]2C[C@@H](O)CN2C(=O)CNC(=O)c2ccc3cc(F)ccc3n2)c(Cl)c1 O=C(NCC(=O)N1CCC[C@H]1C(=O)N[C@@H](Cc1ccccc1)c1ccccc1)c1ccc2ccccc2n1 0.2640185 0.2640 0.6257310 0.6257 0.7770423 -9.9400 1.0000000 1.0000 []
 | 2.5392 30.0827 42.9067 0.5702296 O=C(NCC(=O)N1C[C@H](O)C[C@H]1C(=O)N[C@@H](Cc1ccc2ccccc2c1)c1ccccc1)c1ccc2cc(F)ccc2n1 1 COc1ccc([C@H](C)NC(=O)[C@@H]2C[C@@H](O)CN2C(=O)CNC(=O)c2ccc3cc(F)ccc3n2)c(Cl)c1 O=C(NCC(=O)N1CCC[C@H]1C(=O)N[C@@H](Cc1ccc2ccccc2c1)c1ccccc1)c1ccc2ccccc2n1 0.2493988 0.2494 0.5721925 0.5722 0.8607581 -11.0600 1.0000000 1.0000 []
 | 2.7843 10.2006 64.6276 0.5845955 O=C(NCC(=O)N1C[C@H](O)C[C@H]1C(=O)N[C@@H](Cc1ccccc1)c1ccccc1)c1ccc2cc(F)ccc2n1 1 COc1ccc([C@H](C)NC(=O)[C@@H]2C[C@@H](O)CN2C(=O)CNC(=O)c2ccc3cc(F)ccc3n2)c(Cl)c1 O=C(NCC(=O)N1CCC[C@H]1C(=O)N[C@@H](Cc1ccccc1)c1ccccc1)c1ccc2ccccc2n1 0.3180237 0.3180 0.6331361 0.6331 0.7616100 -9.7700 1.0000000 1.0000 []
 | 1.6787 10.0226 66.2444 0.5958362 O=C(NCC(=O)N1C[C@H](O)C[C@H]1C(=O)N[C@H](CO)c1ccc(Cl)cc1)c1ccc2cc(F)ccc2n1 1 COc1ccc([C@H](C)NC(=O)[C@@H]2C[C@@H](O)CN2C(=O)CNC(=O)c2ccc3cc(F)ccc3n2)c(Cl)c1 O=C(NCC(=O)N1CCC[C@H]1C(=O)NCc1ccccc1)c1ccc2ccccc2n1 0.3782864 0.3783 0.7482993 0.7483 0.6672764 -8.8600 1.0000000 1.0000 []
 | 2.1729 4.7853 68.0951 0.5693787 O=C(NCC(=O)N1C[C@H](O)C[C@H]1C(=O)N[C@H](CO)c1ccccc1)c1ccc2cc(F)ccc2n1 1 COc1ccc([C@H](C)NC(=O)[C@@H]2C[C@@H](O)CN2C(=O)CNC(=O)c2ccc3cc(F)ccc3n2)c(Cl)c1 O=C(NCC(=O)N1CCC[C@H]1C(=O)NCc1ccccc1)c1ccc2ccccc2n1 0.3976824 0.3977 0.7229730 0.7230 0.6046071 -8.3300 1.0000000 1.0000 []
 | 2.3282 20.3079 54.7829 0.5866468 O=C(NCC(=O)N1C[C@H](O)C[C@H]1C(=O)N[C@H](Cc1ccc(Cl)cc1)c1ccccc1)c1ccc2cc(F)ccc2n1 1 COc1ccc([C@H](C)NC(=O)[C@@H]2C[C@@H](O)CN2C(=O)CNC(=O)c2ccc3cc(F)ccc3n2)c(Cl)c1 O=C(NCC(=O)N1CCC[C@H]1C(=O)N[C@H](Cc1ccccc1)c1ccccc1)c1ccc2ccccc2n1 0.2962297 0.2962 0.6547619 0.6548 0.7814432 -9.9900 1.0000000 1.0000 []
 | 2.6627 17.2345 57.9434 0.5873279 O=C(NCC(=O)N1C[C@H](O)C[C@H]1C(=O)N[C@H](Cc1ccc(O)cc1)c1ccccc1)c1ccc2cc(F)ccc2n1 1 COc1ccc([C@H](C)NC(=O)[C@@H]2C[C@@H](O)CN2C(=O)CNC(=O)c2ccc3cc(F)ccc3n2)c(Cl)c1 O=C(NCC(=O)N1CCC[C@H]1C(=O)N[C@H](Cc1ccccc1)c1ccccc1)c1ccc2ccccc2n1 0.2640185 0.2640 0.6257310 0.6257 0.8486922 -10.8700 1.0000000 1.0000 []
 | 2.7985 35.4792 36.5036 0.5623654 O=C(NCC(=O)N1C[C@H](O)C[C@H]1C(=O)N[C@H](Cc1ccc2ccccc2c1)c1ccccc1)c1ccc2cc(F)ccc2n1 1 COc1ccc([C@H](C)NC(=O)[C@@H]2C[C@@H](O)CN2C(=O)CNC(=O)c2ccc3cc(F)ccc3n2)c(Cl)c1 O=C(NCC(=O)N1CCC[C@H]1C(=O)N[C@H](Cc1ccc2ccccc2c1)c1ccccc1)c1ccc2ccccc2n1 0.2493988 0.2494 0.5721925 0.5722 0.8371800 -10.7000 1.0000000 1.0000 []
 | 3.4836 14.2154 -14.2154 0.0000000 O=C(NCC(=O)N1C[C@H](O)C[C@H]1C(=O)N[C@H](Cc1ccccc1)c1ccccc1)c1ccc2cc(F)ccc2n1 1 COc1ccc([C@H](C)NC(=O)[C@@H]2C[C@@H](O)CN2C(=O)CNC(=O)c2ccc3cc(F)ccc3n2)c(Cl)c1 O=C(NCC(=O)N1CCC[C@H]1C(=O)N[C@H](Cc1ccccc1)c1ccccc1)c1ccc2ccccc2n1 0.3180237 0.3180 0.6331361 0.6331 0.8197404 -10.4600 1.0000000 1.0000 []
00:38:42 <INFO> Score: 0.52 Agent NLL: 2.40 Valid: 100% Step: 45
 | Agent Prior Target Score SMILES SMILES_state Input_SMILES Scaffold QED QED (raw) TanimotoDistance TanimotoDistance (raw) maize maize (raw) Unwanted SMARTS Unwanted SMARTS (raw) matchting_patterns (Unwanted SMARTS)
 | 2.0358 17.5061 58.7046 0.5953960 O=C(NCC(=O)N1C[C@H](O)C[C@H]1C(=O)N[C@@H](Cc1ccc(Cl)cc1)c1ccccc1)c1ccc2cc(F)ccc2n1 1 COc1ccc([C@H](C)NC(=O)[C@@H]2C[C@@H](O)CN2C(=O)CNC(=O)c2ccc3cc(F)ccc3n2)c(Cl)c1 O=C(NCC(=O)N1CCC[C@H]1C(=O)N[C@@H](Cc1ccccc1)c1ccccc1)c1ccc2ccccc2n1 0.2962297 0.2962 0.6547619 0.6548 0.8049257 -10.2700 1.0000000 1.0000 []
 | 2.1011 12.2169 59.7177 0.5619890 O=C(NCC(=O)N1C[C@H](O)C[C@H]1C(=O)N[C@@H](Cc1ccc(O)cc1)c1ccccc1)c1ccc2cc(F)ccc2n1 1 COc1ccc([C@H](C)NC(=O)[C@@H]2C[C@@H](O)CN2C(=O)CNC(=O)c2ccc3cc(F)ccc3n2)c(Cl)c1 O=C(NCC(=O)N1CCC[C@H]1C(=O)N[C@@H](Cc1ccccc1)c1ccccc1)c1ccc2ccccc2n1 0.2640185 0.2640 0.6257310 0.6257 0.7770423 -9.9400 1.0000000 1.0000 []
 | 2.3947 30.0827 42.9067 0.5702296 O=C(NCC(=O)N1C[C@H](O)C[C@H]1C(=O)N[C@@H](Cc1ccc2ccccc2c1)c1ccccc1)c1ccc2cc(F)ccc2n1 1 COc1ccc([C@H](C)NC(=O)[C@@H]2C[C@@H](O)CN2C(=O)CNC(=O)c2ccc3cc(F)ccc3n2)c(Cl)c1 O=C(NCC(=O)N1CCC[C@H]1C(=O)N[C@@H](Cc1ccc2ccccc2c1)c1ccccc1)c1ccc2ccccc2n1 0.2493988 0.2494 0.5721925 0.5722 0.8607581 -11.0600 1.0000000 1.0000 []
 | 2.6405 10.2006 64.6276 0.5845955 O=C(NCC(=O)N1C[C@H](O)C[C@H]1C(=O)N[C@@H](Cc1ccccc1)c1ccccc1)c1ccc2cc(F)ccc2n1 1 COc1ccc([C@H](C)NC(=O)[C@@H]2C[C@@H](O)CN2C(=O)CNC(=O)c2ccc3cc(F)ccc3n2)c(Cl)c1 O=C(NCC(=O)N1CCC[C@H]1C(=O)N[C@@H](Cc1ccccc1)c1ccccc1)c1ccc2ccccc2n1 0.3180237 0.3180 0.6331361 0.6331 0.7616100 -9.7700 1.0000000 1.0000 []
 | 1.9216 10.0226 66.2444 0.5958362 O=C(NCC(=O)N1C[C@H](O)C[C@H]1C(=O)N[C@H](CO)c1ccc(Cl)cc1)c1ccc2cc(F)ccc2n1 1 COc1ccc([C@H](C)NC(=O)[C@@H]2C[C@@H](O)CN2C(=O)CNC(=O)c2ccc3cc(F)ccc3n2)c(Cl)c1 O=C(NCC(=O)N1CCC[C@H]1C(=O)NCc1ccccc1)c1ccc2ccccc2n1 0.3782864 0.3783 0.7482993 0.7483 0.6672764 -8.8600 1.0000000 1.0000 []
 | 2.3695 4.7853 68.0951 0.5693787 O=C(NCC(=O)N1C[C@H](O)C[C@H]1C(=O)N[C@H](CO)c1ccccc1)c1ccc2cc(F)ccc2n1 1 COc1ccc([C@H](C)NC(=O)[C@@H]2C[C@@H](O)CN2C(=O)CNC(=O)c2ccc3cc(F)ccc3n2)c(Cl)c1 O=C(NCC(=O)N1CCC[C@H]1C(=O)NCc1ccccc1)c1ccc2ccccc2n1 0.3976824 0.3977 0.7229730 0.7230 0.6046071 -8.3300 1.0000000 1.0000 []
 | 2.3543 20.3079 54.7829 0.5866468 O=C(NCC(=O)N1C[C@H](O)C[C@H]1C(=O)N[C@H](Cc1ccc(Cl)cc1)c1ccccc1)c1ccc2cc(F)ccc2n1 1 COc1ccc([C@H](C)NC(=O)[C@@H]2C[C@@H](O)CN2C(=O)CNC(=O)c2ccc3cc(F)ccc3n2)c(Cl)c1 O=C(NCC(=O)N1CCC[C@H]1C(=O)N[C@H](Cc1ccccc1)c1ccccc1)c1ccc2ccccc2n1 0.2962297 0.2962 0.6547619 0.6548 0.7814432 -9.9900 1.0000000 1.0000 []
 | 2.3984 17.2345 57.9434 0.5873279 O=C(NCC(=O)N1C[C@H](O)C[C@H]1C(=O)N[C@H](Cc1ccc(O)cc1)c1ccccc1)c1ccc2cc(F)ccc2n1 1 COc1ccc([C@H](C)NC(=O)[C@@H]2C[C@@H](O)CN2C(=O)CNC(=O)c2ccc3cc(F)ccc3n2)c(Cl)c1 O=C(NCC(=O)N1CCC[C@H]1C(=O)N[C@H](Cc1ccccc1)c1ccccc1)c1ccc2ccccc2n1 0.2640185 0.2640 0.6257310 0.6257 0.8486922 -10.8700 1.0000000 1.0000 []
 | 2.5253 35.4792 36.5036 0.5623654 O=C(NCC(=O)N1C[C@H](O)C[C@H]1C(=O)N[C@H](Cc1ccc2ccccc2c1)c1ccccc1)c1ccc2cc(F)ccc2n1 1 COc1ccc([C@H](C)NC(=O)[C@@H]2C[C@@H](O)CN2C(=O)CNC(=O)c2ccc3cc(F)ccc3n2)c(Cl)c1 O=C(NCC(=O)N1CCC[C@H]1C(=O)N[C@H](Cc1ccc2ccccc2c1)c1ccccc1)c1ccc2ccccc2n1 0.2493988 0.2494 0.5721925 0.5722 0.8371800 -10.7000 1.0000000 1.0000 []
 | 3.2859 14.2154 -14.2154 0.0000000 O=C(NCC(=O)N1C[C@H](O)C[C@H]1C(=O)N[C@H](Cc1ccccc1)c1ccccc1)c1ccc2cc(F)ccc2n1 1 COc1ccc([C@H](C)NC(=O)[C@@H]2C[C@@H](O)CN2C(=O)CNC(=O)c2ccc3cc(F)ccc3n2)c(Cl)c1 O=C(NCC(=O)N1CCC[C@H]1C(=O)N[C@H](Cc1ccccc1)c1ccccc1)c1ccc2ccccc2n1 0.3180237 0.3180 0.6331361 0.6331 0.8197404 -10.4600 1.0000000 1.0000 []
00:38:44 <INFO> Score: 0.52 Agent NLL: 2.38 Valid: 100% Step: 46
 | Agent Prior Target Score SMILES SMILES_state Input_SMILES Scaffold QED QED (raw) TanimotoDistance TanimotoDistance (raw) maize maize (raw) Unwanted SMARTS Unwanted SMARTS (raw) matchting_patterns (Unwanted SMARTS)
 | 2.1448 17.5061 58.7046 0.5953960 O=C(NCC(=O)N1C[C@H](O)C[C@H]1C(=O)N[C@@H](Cc1ccc(Cl)cc1)c1ccccc1)c1ccc2cc(F)ccc2n1 1 COc1ccc([C@H](C)NC(=O)[C@@H]2C[C@@H](O)CN2C(=O)CNC(=O)c2ccc3cc(F)ccc3n2)c(Cl)c1 O=C(NCC(=O)N1CCC[C@H]1C(=O)N[C@@H](Cc1ccccc1)c1ccccc1)c1ccc2ccccc2n1 0.2962297 0.2962 0.6547619 0.6548 0.8049257 -10.2700 1.0000000 1.0000 []
 | 1.9814 12.2169 59.7177 0.5619890 O=C(NCC(=O)N1C[C@H](O)C[C@H]1C(=O)N[C@@H](Cc1ccc(O)cc1)c1ccccc1)c1ccc2cc(F)ccc2n1 1 COc1ccc([C@H](C)NC(=O)[C@@H]2C[C@@H](O)CN2C(=O)CNC(=O)c2ccc3cc(F)ccc3n2)c(Cl)c1 O=C(NCC(=O)N1CCC[C@H]1C(=O)N[C@@H](Cc1ccccc1)c1ccccc1)c1ccc2ccccc2n1 0.2640185 0.2640 0.6257310 0.6257 0.7770423 -9.9400 1.0000000 1.0000 []
 | 2.2686 30.0827 42.9067 0.5702296 O=C(NCC(=O)N1C[C@H](O)C[C@H]1C(=O)N[C@@H](Cc1ccc2ccccc2c1)c1ccccc1)c1ccc2cc(F)ccc2n1 1 COc1ccc([C@H](C)NC(=O)[C@@H]2C[C@@H](O)CN2C(=O)CNC(=O)c2ccc3cc(F)ccc3n2)c(Cl)c1 O=C(NCC(=O)N1CCC[C@H]1C(=O)N[C@@H](Cc1ccc2ccccc2c1)c1ccccc1)c1ccc2ccccc2n1 0.2493988 0.2494 0.5721925 0.5722 0.8607581 -11.0600 1.0000000 1.0000 []
 | 2.5241 10.2006 64.6276 0.5845955 O=C(NCC(=O)N1C[C@H](O)C[C@H]1C(=O)N[C@@H](Cc1ccccc1)c1ccccc1)c1ccc2cc(F)ccc2n1 1 COc1ccc([C@H](C)NC(=O)[C@@H]2C[C@@H](O)CN2C(=O)CNC(=O)c2ccc3cc(F)ccc3n2)c(Cl)c1 O=C(NCC(=O)N1CCC[C@H]1C(=O)N[C@@H](Cc1ccccc1)c1ccccc1)c1ccc2ccccc2n1 0.3180237 0.3180 0.6331361 0.6331 0.7616100 -9.7700 1.0000000 1.0000 []
 | 2.1001 10.0226 66.2444 0.5958362 O=C(NCC(=O)N1C[C@H](O)C[C@H]1C(=O)N[C@H](CO)c1ccc(Cl)cc1)c1ccc2cc(F)ccc2n1 1 COc1ccc([C@H](C)NC(=O)[C@@H]2C[C@@H](O)CN2C(=O)CNC(=O)c2ccc3cc(F)ccc3n2)c(Cl)c1 O=C(NCC(=O)N1CCC[C@H]1C(=O)NCc1ccccc1)c1ccc2ccccc2n1 0.3782864 0.3783 0.7482993 0.7483 0.6672764 -8.8600 1.0000000 1.0000 []
 | 2.4930 4.7853 68.0951 0.5693787 O=C(NCC(=O)N1C[C@H](O)C[C@H]1C(=O)N[C@H](CO)c1ccccc1)c1ccc2cc(F)ccc2n1 1 COc1ccc([C@H](C)NC(=O)[C@@H]2C[C@@H](O)CN2C(=O)CNC(=O)c2ccc3cc(F)ccc3n2)c(Cl)c1 O=C(NCC(=O)N1CCC[C@H]1C(=O)NCc1ccccc1)c1ccc2ccccc2n1 0.3976824 0.3977 0.7229730 0.7230 0.6046071 -8.3300 1.0000000 1.0000 []
 | 2.5095 20.3079 54.7829 0.5866468 O=C(NCC(=O)N1C[C@H](O)C[C@H]1C(=O)N[C@H](Cc1ccc(Cl)cc1)c1ccccc1)c1ccc2cc(F)ccc2n1 1 COc1ccc([C@H](C)NC(=O)[C@@H]2C[C@@H](O)CN2C(=O)CNC(=O)c2ccc3cc(F)ccc3n2)c(Cl)c1 O=C(NCC(=O)N1CCC[C@H]1C(=O)N[C@H](Cc1ccccc1)c1ccccc1)c1ccc2ccccc2n1 0.2962297 0.2962 0.6547619 0.6548 0.7814432 -9.9900 1.0000000 1.0000 []
 | 2.2361 17.2345 57.9434 0.5873279 O=C(NCC(=O)N1C[C@H](O)C[C@H]1C(=O)N[C@H](Cc1ccc(O)cc1)c1ccccc1)c1ccc2cc(F)ccc2n1 1 COc1ccc([C@H](C)NC(=O)[C@@H]2C[C@@H](O)CN2C(=O)CNC(=O)c2ccc3cc(F)ccc3n2)c(Cl)c1 O=C(NCC(=O)N1CCC[C@H]1C(=O)N[C@H](Cc1ccccc1)c1ccccc1)c1ccc2ccccc2n1 0.2640185 0.2640 0.6257310 0.6257 0.8486922 -10.8700 1.0000000 1.0000 []
 | 2.3683 35.4792 36.5036 0.5623654 O=C(NCC(=O)N1C[C@H](O)C[C@H]1C(=O)N[C@H](Cc1ccc2ccccc2c1)c1ccccc1)c1ccc2cc(F)ccc2n1 1 COc1ccc([C@H](C)NC(=O)[C@@H]2C[C@@H](O)CN2C(=O)CNC(=O)c2ccc3cc(F)ccc3n2)c(Cl)c1 O=C(NCC(=O)N1CCC[C@H]1C(=O)N[C@H](Cc1ccc2ccccc2c1)c1ccccc1)c1ccc2ccccc2n1 0.2493988 0.2494 0.5721925 0.5722 0.8371800 -10.7000 1.0000000 1.0000 []
 | 3.1905 14.2154 -14.2154 0.0000000 O=C(NCC(=O)N1C[C@H](O)C[C@H]1C(=O)N[C@H](Cc1ccccc1)c1ccccc1)c1ccc2cc(F)ccc2n1 1 COc1ccc([C@H](C)NC(=O)[C@@H]2C[C@@H](O)CN2C(=O)CNC(=O)c2ccc3cc(F)ccc3n2)c(Cl)c1 O=C(NCC(=O)N1CCC[C@H]1C(=O)N[C@H](Cc1ccccc1)c1ccccc1)c1ccc2ccccc2n1 0.3180237 0.3180 0.6331361 0.6331 0.8197404 -10.4600 1.0000000 1.0000 []
00:38:45 <INFO> Score: 0.52 Agent NLL: 2.38 Valid: 100% Step: 47
 | Agent Prior Target Score SMILES SMILES_state Input_SMILES Scaffold QED QED (raw) TanimotoDistance TanimotoDistance (raw) maize maize (raw) Unwanted SMARTS Unwanted SMARTS (raw) matchting_patterns (Unwanted SMARTS)
 | 2.2304 17.5061 58.7046 0.5953960 O=C(NCC(=O)N1C[C@H](O)C[C@H]1C(=O)N[C@@H](Cc1ccc(Cl)cc1)c1ccccc1)c1ccc2cc(F)ccc2n1 1 COc1ccc([C@H](C)NC(=O)[C@@H]2C[C@@H](O)CN2C(=O)CNC(=O)c2ccc3cc(F)ccc3n2)c(Cl)c1 O=C(NCC(=O)N1CCC[C@H]1C(=O)N[C@@H](Cc1ccccc1)c1ccccc1)c1ccc2ccccc2n1 0.2962297 0.2962 0.6547619 0.6548 0.8049257 -10.2700 1.0000000 1.0000 []
 | 1.8983 12.2169 59.7177 0.5619890 O=C(NCC(=O)N1C[C@H](O)C[C@H]1C(=O)N[C@@H](Cc1ccc(O)cc1)c1ccccc1)c1ccc2cc(F)ccc2n1 1 COc1ccc([C@H](C)NC(=O)[C@@H]2C[C@@H](O)CN2C(=O)CNC(=O)c2ccc3cc(F)ccc3n2)c(Cl)c1 O=C(NCC(=O)N1CCC[C@H]1C(=O)N[C@@H](Cc1ccccc1)c1ccccc1)c1ccc2ccccc2n1 0.2640185 0.2640 0.6257310 0.6257 0.7770423 -9.9400 1.0000000 1.0000 []
 | 2.1837 30.0827 42.9067 0.5702296 O=C(NCC(=O)N1C[C@H](O)C[C@H]1C(=O)N[C@@H](Cc1ccc2ccccc2c1)c1ccccc1)c1ccc2cc(F)ccc2n1 1 COc1ccc([C@H](C)NC(=O)[C@@H]2C[C@@H](O)CN2C(=O)CNC(=O)c2ccc3cc(F)ccc3n2)c(Cl)c1 O=C(NCC(=O)N1CCC[C@H]1C(=O)N[C@@H](Cc1ccc2ccccc2c1)c1ccccc1)c1ccc2ccccc2n1 0.2493988 0.2494 0.5721925 0.5722 0.8607581 -11.0600 1.0000000 1.0000 []
 | 2.4387 10.2006 64.6276 0.5845955 O=C(NCC(=O)N1C[C@H](O)C[C@H]1C(=O)N[C@@H](Cc1ccccc1)c1ccccc1)c1ccc2cc(F)ccc2n1 1 COc1ccc([C@H](C)NC(=O)[C@@H]2C[C@@H](O)CN2C(=O)CNC(=O)c2ccc3cc(F)ccc3n2)c(Cl)c1 O=C(NCC(=O)N1CCC[C@H]1C(=O)N[C@@H](Cc1ccccc1)c1ccccc1)c1ccc2ccccc2n1 0.3180237 0.3180 0.6331361 0.6331 0.7616100 -9.7700 1.0000000 1.0000 []
 | 2.1058 10.0226 66.2444 0.5958362 O=C(NCC(=O)N1C[C@H](O)C[C@H]1C(=O)N[C@H](CO)c1ccc(Cl)cc1)c1ccc2cc(F)ccc2n1 1 COc1ccc([C@H](C)NC(=O)[C@@H]2C[C@@H](O)CN2C(=O)CNC(=O)c2ccc3cc(F)ccc3n2)c(Cl)c1 O=C(NCC(=O)N1CCC[C@H]1C(=O)NCc1ccccc1)c1ccc2ccccc2n1 0.3782864 0.3783 0.7482993 0.7483 0.6672764 -8.8600 1.0000000 1.0000 []
 | 2.4426 4.7853 68.0951 0.5693787 O=C(NCC(=O)N1C[C@H](O)C[C@H]1C(=O)N[C@H](CO)c1ccccc1)c1ccc2cc(F)ccc2n1 1 COc1ccc([C@H](C)NC(=O)[C@@H]2C[C@@H](O)CN2C(=O)CNC(=O)c2ccc3cc(F)ccc3n2)c(Cl)c1 O=C(NCC(=O)N1CCC[C@H]1C(=O)NCc1ccccc1)c1ccc2ccccc2n1 0.3976824 0.3977 0.7229730 0.7230 0.6046071 -8.3300 1.0000000 1.0000 []
 | 2.7452 20.3079 54.7829 0.5866468 O=C(NCC(=O)N1C[C@H](O)C[C@H]1C(=O)N[C@H](Cc1ccc(Cl)cc1)c1ccccc1)c1ccc2cc(F)ccc2n1 1 COc1ccc([C@H](C)NC(=O)[C@@H]2C[C@@H](O)CN2C(=O)CNC(=O)c2ccc3cc(F)ccc3n2)c(Cl)c1 O=C(NCC(=O)N1CCC[C@H]1C(=O)N[C@H](Cc1ccccc1)c1ccccc1)c1ccc2ccccc2n1 0.2962297 0.2962 0.6547619 0.6548 0.7814432 -9.9900 1.0000000 1.0000 []
 | 2.2239 17.2345 57.9434 0.5873279 O=C(NCC(=O)N1C[C@H](O)C[C@H]1C(=O)N[C@H](Cc1ccc(O)cc1)c1ccccc1)c1ccc2cc(F)ccc2n1 1 COc1ccc([C@H](C)NC(=O)[C@@H]2C[C@@H](O)CN2C(=O)CNC(=O)c2ccc3cc(F)ccc3n2)c(Cl)c1 O=C(NCC(=O)N1CCC[C@H]1C(=O)N[C@H](Cc1ccccc1)c1ccccc1)c1ccc2ccccc2n1 0.2640185 0.2640 0.6257310 0.6257 0.8486922 -10.8700 1.0000000 1.0000 []
 | 2.3507 35.4792 36.5036 0.5623654 O=C(NCC(=O)N1C[C@H](O)C[C@H]1C(=O)N[C@H](Cc1ccc2ccccc2c1)c1ccccc1)c1ccc2cc(F)ccc2n1 1 COc1ccc([C@H](C)NC(=O)[C@@H]2C[C@@H](O)CN2C(=O)CNC(=O)c2ccc3cc(F)ccc3n2)c(Cl)c1 O=C(NCC(=O)N1CCC[C@H]1C(=O)N[C@H](Cc1ccc2ccccc2c1)c1ccccc1)c1ccc2ccccc2n1 0.2493988 0.2494 0.5721925 0.5722 0.8371800 -10.7000 1.0000000 1.0000 []
 | 3.2282 14.2154 -14.2154 0.0000000 O=C(NCC(=O)N1C[C@H](O)C[C@H]1C(=O)N[C@H](Cc1ccccc1)c1ccccc1)c1ccc2cc(F)ccc2n1 1 COc1ccc([C@H](C)NC(=O)[C@@H]2C[C@@H](O)CN2C(=O)CNC(=O)c2ccc3cc(F)ccc3n2)c(Cl)c1 O=C(NCC(=O)N1CCC[C@H]1C(=O)N[C@H](Cc1ccccc1)c1ccccc1)c1ccc2ccccc2n1 0.3180237 0.3180 0.6331361 0.6331 0.8197404 -10.4600 1.0000000 1.0000 []
00:38:47 <INFO> Score: 0.52 Agent NLL: 2.40 Valid: 100% Step: 48
 | Agent Prior Target Score SMILES SMILES_state Input_SMILES Scaffold QED QED (raw) TanimotoDistance TanimotoDistance (raw) maize maize (raw) Unwanted SMARTS Unwanted SMARTS (raw) matchting_patterns (Unwanted SMARTS)
 | 2.2398 17.5061 58.7046 0.5953960 O=C(NCC(=O)N1C[C@H](O)C[C@H]1C(=O)N[C@@H](Cc1ccc(Cl)cc1)c1ccccc1)c1ccc2cc(F)ccc2n1 1 COc1ccc([C@H](C)NC(=O)[C@@H]2C[C@@H](O)CN2C(=O)CNC(=O)c2ccc3cc(F)ccc3n2)c(Cl)c1 O=C(NCC(=O)N1CCC[C@H]1C(=O)N[C@@H](Cc1ccccc1)c1ccccc1)c1ccc2ccccc2n1 0.2962297 0.2962 0.6547619 0.6548 0.8049257 -10.2700 1.0000000 1.0000 []
 | 1.8713 12.2169 59.7177 0.5619890 O=C(NCC(=O)N1C[C@H](O)C[C@H]1C(=O)N[C@@H](Cc1ccc(O)cc1)c1ccccc1)c1ccc2cc(F)ccc2n1 1 COc1ccc([C@H](C)NC(=O)[C@@H]2C[C@@H](O)CN2C(=O)CNC(=O)c2ccc3cc(F)ccc3n2)c(Cl)c1 O=C(NCC(=O)N1CCC[C@H]1C(=O)N[C@@H](Cc1ccccc1)c1ccccc1)c1ccc2ccccc2n1 0.2640185 0.2640 0.6257310 0.6257 0.7770423 -9.9400 1.0000000 1.0000 []
 | 2.1465 30.0827 42.9067 0.5702296 O=C(NCC(=O)N1C[C@H](O)C[C@H]1C(=O)N[C@@H](Cc1ccc2ccccc2c1)c1ccccc1)c1ccc2cc(F)ccc2n1 1 COc1ccc([C@H](C)NC(=O)[C@@H]2C[C@@H](O)CN2C(=O)CNC(=O)c2ccc3cc(F)ccc3n2)c(Cl)c1 O=C(NCC(=O)N1CCC[C@H]1C(=O)N[C@@H](Cc1ccc2ccccc2c1)c1ccccc1)c1ccc2ccccc2n1 0.2493988 0.2494 0.5721925 0.5722 0.8607581 -11.0600 1.0000000 1.0000 []
 | 2.3805 10.2006 64.6276 0.5845955 O=C(NCC(=O)N1C[C@H](O)C[C@H]1C(=O)N[C@@H](Cc1ccccc1)c1ccccc1)c1ccc2cc(F)ccc2n1 1 COc1ccc([C@H](C)NC(=O)[C@@H]2C[C@@H](O)CN2C(=O)CNC(=O)c2ccc3cc(F)ccc3n2)c(Cl)c1 O=C(NCC(=O)N1CCC[C@H]1C(=O)N[C@@H](Cc1ccccc1)c1ccccc1)c1ccc2ccccc2n1 0.3180237 0.3180 0.6331361 0.6331 0.7616100 -9.7700 1.0000000 1.0000 []
 | 1.9958 10.0226 66.2444 0.5958362 O=C(NCC(=O)N1C[C@H](O)C[C@H]1C(=O)N[C@H](CO)c1ccc(Cl)cc1)c1ccc2cc(F)ccc2n1 1 COc1ccc([C@H](C)NC(=O)[C@@H]2C[C@@H](O)CN2C(=O)CNC(=O)c2ccc3cc(F)ccc3n2)c(Cl)c1 O=C(NCC(=O)N1CCC[C@H]1C(=O)NCc1ccccc1)c1ccc2ccccc2n1 0.3782864 0.3783 0.7482993 0.7483 0.6672764 -8.8600 1.0000000 1.0000 []
 | 2.2769 4.7853 68.0951 0.5693787 O=C(NCC(=O)N1C[C@H](O)C[C@H]1C(=O)N[C@H](CO)c1ccccc1)c1ccc2cc(F)ccc2n1 1 COc1ccc([C@H](C)NC(=O)[C@@H]2C[C@@H](O)CN2C(=O)CNC(=O)c2ccc3cc(F)ccc3n2)c(Cl)c1 O=C(NCC(=O)N1CCC[C@H]1C(=O)NCc1ccccc1)c1ccc2ccccc2n1 0.3976824 0.3977 0.7229730 0.7230 0.6046071 -8.3300 1.0000000 1.0000 []
 | 2.9470 20.3079 54.7829 0.5866468 O=C(NCC(=O)N1C[C@H](O)C[C@H]1C(=O)N[C@H](Cc1ccc(Cl)cc1)c1ccccc1)c1ccc2cc(F)ccc2n1 1 COc1ccc([C@H](C)NC(=O)[C@@H]2C[C@@H](O)CN2C(=O)CNC(=O)c2ccc3cc(F)ccc3n2)c(Cl)c1 O=C(NCC(=O)N1CCC[C@H]1C(=O)N[C@H](Cc1ccccc1)c1ccccc1)c1ccc2ccccc2n1 0.2962297 0.2962 0.6547619 0.6548 0.7814432 -9.9900 1.0000000 1.0000 []
 | 2.3432 17.2345 57.9434 0.5873279 O=C(NCC(=O)N1C[C@H](O)C[C@H]1C(=O)N[C@H](Cc1ccc(O)cc1)c1ccccc1)c1ccc2cc(F)ccc2n1 1 COc1ccc([C@H](C)NC(=O)[C@@H]2C[C@@H](O)CN2C(=O)CNC(=O)c2ccc3cc(F)ccc3n2)c(Cl)c1 O=C(NCC(=O)N1CCC[C@H]1C(=O)N[C@H](Cc1ccccc1)c1ccccc1)c1ccc2ccccc2n1 0.2640185 0.2640 0.6257310 0.6257 0.8486922 -10.8700 1.0000000 1.0000 []
 | 2.4510 35.4792 36.5036 0.5623654 O=C(NCC(=O)N1C[C@H](O)C[C@H]1C(=O)N[C@H](Cc1ccc2ccccc2c1)c1ccccc1)c1ccc2cc(F)ccc2n1 1 COc1ccc([C@H](C)NC(=O)[C@@H]2C[C@@H](O)CN2C(=O)CNC(=O)c2ccc3cc(F)ccc3n2)c(Cl)c1 O=C(NCC(=O)N1CCC[C@H]1C(=O)N[C@H](Cc1ccc2ccccc2c1)c1ccccc1)c1ccc2ccccc2n1 0.2493988 0.2494 0.5721925 0.5722 0.8371800 -10.7000 1.0000000 1.0000 []
 | 3.3602 14.2154 -14.2154 0.0000000 O=C(NCC(=O)N1C[C@H](O)C[C@H]1C(=O)N[C@H](Cc1ccccc1)c1ccccc1)c1ccc2cc(F)ccc2n1 1 COc1ccc([C@H](C)NC(=O)[C@@H]2C[C@@H](O)CN2C(=O)CNC(=O)c2ccc3cc(F)ccc3n2)c(Cl)c1 O=C(NCC(=O)N1CCC[C@H]1C(=O)N[C@H](Cc1ccccc1)c1ccccc1)c1ccc2ccccc2n1 0.3180237 0.3180 0.6331361 0.6331 0.8197404 -10.4600 1.0000000 1.0000 []
00:38:48 <INFO> Score: 0.52 Agent NLL: 2.42 Valid: 100% Step: 49
 | Agent Prior Target Score SMILES SMILES_state Input_SMILES Scaffold QED QED (raw) TanimotoDistance TanimotoDistance (raw) maize maize (raw) Unwanted SMARTS Unwanted SMARTS (raw) matchting_patterns (Unwanted SMARTS)
 | 2.1588 17.5061 58.7046 0.5953960 O=C(NCC(=O)N1C[C@H](O)C[C@H]1C(=O)N[C@@H](Cc1ccc(Cl)cc1)c1ccccc1)c1ccc2cc(F)ccc2n1 1 COc1ccc([C@H](C)NC(=O)[C@@H]2C[C@@H](O)CN2C(=O)CNC(=O)c2ccc3cc(F)ccc3n2)c(Cl)c1 O=C(NCC(=O)N1CCC[C@H]1C(=O)N[C@@H](Cc1ccccc1)c1ccccc1)c1ccc2ccccc2n1 0.2962297 0.2962 0.6547619 0.6548 0.8049257 -10.2700 1.0000000 1.0000 []
 | 1.8989 12.2169 59.7177 0.5619890 O=C(NCC(=O)N1C[C@H](O)C[C@H]1C(=O)N[C@@H](Cc1ccc(O)cc1)c1ccccc1)c1ccc2cc(F)ccc2n1 1 COc1ccc([C@H](C)NC(=O)[C@@H]2C[C@@H](O)CN2C(=O)CNC(=O)c2ccc3cc(F)ccc3n2)c(Cl)c1 O=C(NCC(=O)N1CCC[C@H]1C(=O)N[C@@H](Cc1ccccc1)c1ccccc1)c1ccc2ccccc2n1 0.2640185 0.2640 0.6257310 0.6257 0.7770423 -9.9400 1.0000000 1.0000 []
 | 2.1629 30.0827 42.9067 0.5702296 O=C(NCC(=O)N1C[C@H](O)C[C@H]1C(=O)N[C@@H](Cc1ccc2ccccc2c1)c1ccccc1)c1ccc2cc(F)ccc2n1 1 COc1ccc([C@H](C)NC(=O)[C@@H]2C[C@@H](O)CN2C(=O)CNC(=O)c2ccc3cc(F)ccc3n2)c(Cl)c1 O=C(NCC(=O)N1CCC[C@H]1C(=O)N[C@@H](Cc1ccc2ccccc2c1)c1ccccc1)c1ccc2ccccc2n1 0.2493988 0.2494 0.5721925 0.5722 0.8607581 -11.0600 1.0000000 1.0000 []
 | 2.3385 10.2006 64.6276 0.5845955 O=C(NCC(=O)N1C[C@H](O)C[C@H]1C(=O)N[C@@H](Cc1ccccc1)c1ccccc1)c1ccc2cc(F)ccc2n1 1 COc1ccc([C@H](C)NC(=O)[C@@H]2C[C@@H](O)CN2C(=O)CNC(=O)c2ccc3cc(F)ccc3n2)c(Cl)c1 O=C(NCC(=O)N1CCC[C@H]1C(=O)N[C@@H](Cc1ccccc1)c1ccccc1)c1ccc2ccccc2n1 0.3180237 0.3180 0.6331361 0.6331 0.7616100 -9.7700 1.0000000 1.0000 []
 | 1.8946 10.0226 66.2444 0.5958362 O=C(NCC(=O)N1C[C@H](O)C[C@H]1C(=O)N[C@H](CO)c1ccc(Cl)cc1)c1ccc2cc(F)ccc2n1 1 COc1ccc([C@H](C)NC(=O)[C@@H]2C[C@@H](O)CN2C(=O)CNC(=O)c2ccc3cc(F)ccc3n2)c(Cl)c1 O=C(NCC(=O)N1CCC[C@H]1C(=O)NCc1ccccc1)c1ccc2ccccc2n1 0.3782864 0.3783 0.7482993 0.7483 0.6672764 -8.8600 1.0000000 1.0000 []
 | 2.1251 4.7853 68.0951 0.5693787 O=C(NCC(=O)N1C[C@H](O)C[C@H]1C(=O)N[C@H](CO)c1ccccc1)c1ccc2cc(F)ccc2n1 1 COc1ccc([C@H](C)NC(=O)[C@@H]2C[C@@H](O)CN2C(=O)CNC(=O)c2ccc3cc(F)ccc3n2)c(Cl)c1 O=C(NCC(=O)N1CCC[C@H]1C(=O)NCc1ccccc1)c1ccc2ccccc2n1 0.3976824 0.3977 0.7229730 0.7230 0.6046071 -8.3300 1.0000000 1.0000 []
 | 3.0110 20.3079 54.7829 0.5866468 O=C(NCC(=O)N1C[C@H](O)C[C@H]1C(=O)N[C@H](Cc1ccc(Cl)cc1)c1ccccc1)c1ccc2cc(F)ccc2n1 1 COc1ccc([C@H](C)NC(=O)[C@@H]2C[C@@H](O)CN2C(=O)CNC(=O)c2ccc3cc(F)ccc3n2)c(Cl)c1 O=C(NCC(=O)N1CCC[C@H]1C(=O)N[C@H](Cc1ccccc1)c1ccccc1)c1ccc2ccccc2n1 0.2962297 0.2962 0.6547619 0.6548 0.7814432 -9.9900 1.0000000 1.0000 []
 | 2.5161 17.2345 57.9434 0.5873279 O=C(NCC(=O)N1C[C@H](O)C[C@H]1C(=O)N[C@H](Cc1ccc(O)cc1)c1ccccc1)c1ccc2cc(F)ccc2n1 1 COc1ccc([C@H](C)NC(=O)[C@@H]2C[C@@H](O)CN2C(=O)CNC(=O)c2ccc3cc(F)ccc3n2)c(Cl)c1 O=C(NCC(=O)N1CCC[C@H]1C(=O)N[C@H](Cc1ccccc1)c1ccccc1)c1ccc2ccccc2n1 0.2640185 0.2640 0.6257310 0.6257 0.8486922 -10.8700 1.0000000 1.0000 []
 | 2.6014 35.4792 36.5036 0.5623654 O=C(NCC(=O)N1C[C@H](O)C[C@H]1C(=O)N[C@H](Cc1ccc2ccccc2c1)c1ccccc1)c1ccc2cc(F)ccc2n1 1 COc1ccc([C@H](C)NC(=O)[C@@H]2C[C@@H](O)CN2C(=O)CNC(=O)c2ccc3cc(F)ccc3n2)c(Cl)c1 O=C(NCC(=O)N1CCC[C@H]1C(=O)N[C@H](Cc1ccc2ccccc2c1)c1ccccc1)c1ccc2ccccc2n1 0.2493988 0.2494 0.5721925 0.5722 0.8371800 -10.7000 1.0000000 1.0000 []
 | 3.4987 14.2154 -14.2154 0.0000000 O=C(NCC(=O)N1C[C@H](O)C[C@H]1C(=O)N[C@H](Cc1ccccc1)c1ccccc1)c1ccc2cc(F)ccc2n1 1 COc1ccc([C@H](C)NC(=O)[C@@H]2C[C@@H](O)CN2C(=O)CNC(=O)c2ccc3cc(F)ccc3n2)c(Cl)c1 O=C(NCC(=O)N1CCC[C@H]1C(=O)N[C@H](Cc1ccccc1)c1ccccc1)c1ccc2ccccc2n1 0.3180237 0.3180 0.6331361 0.6331 0.8197404 -10.4600 1.0000000 1.0000 []
00:38:49 <INFO> Score: 0.52 Agent NLL: 2.42 Valid: 100% Step: 50
 | Agent Prior Target Score SMILES SMILES_state Input_SMILES Scaffold QED QED (raw) TanimotoDistance TanimotoDistance (raw) maize maize (raw) Unwanted SMARTS Unwanted SMARTS (raw) matchting_patterns (Unwanted SMARTS)
 | 2.0256 17.5061 58.7046 0.5953960 O=C(NCC(=O)N1C[C@H](O)C[C@H]1C(=O)N[C@@H](Cc1ccc(Cl)cc1)c1ccccc1)c1ccc2cc(F)ccc2n1 1 COc1ccc([C@H](C)NC(=O)[C@@H]2C[C@@H](O)CN2C(=O)CNC(=O)c2ccc3cc(F)ccc3n2)c(Cl)c1 O=C(NCC(=O)N1CCC[C@H]1C(=O)N[C@@H](Cc1ccccc1)c1ccccc1)c1ccc2ccccc2n1 0.2962297 0.2962 0.6547619 0.6548 0.8049257 -10.2700 1.0000000 1.0000 []
 | 1.9743 12.2169 59.7177 0.5619890 O=C(NCC(=O)N1C[C@H](O)C[C@H]1C(=O)N[C@@H](Cc1ccc(O)cc1)c1ccccc1)c1ccc2cc(F)ccc2n1 1 COc1ccc([C@H](C)NC(=O)[C@@H]2C[C@@H](O)CN2C(=O)CNC(=O)c2ccc3cc(F)ccc3n2)c(Cl)c1 O=C(NCC(=O)N1CCC[C@H]1C(=O)N[C@@H](Cc1ccccc1)c1ccccc1)c1ccc2ccccc2n1 0.2640185 0.2640 0.6257310 0.6257 0.7770423 -9.9400 1.0000000 1.0000 []
 | 2.2251 30.0827 42.9067 0.5702296 O=C(NCC(=O)N1C[C@H](O)C[C@H]1C(=O)N[C@@H](Cc1ccc2ccccc2c1)c1ccccc1)c1ccc2cc(F)ccc2n1 1 COc1ccc([C@H](C)NC(=O)[C@@H]2C[C@@H](O)CN2C(=O)CNC(=O)c2ccc3cc(F)ccc3n2)c(Cl)c1 O=C(NCC(=O)N1CCC[C@H]1C(=O)N[C@@H](Cc1ccc2ccccc2c1)c1ccccc1)c1ccc2ccccc2n1 0.2493988 0.2494 0.5721925 0.5722 0.8607581 -11.0600 1.0000000 1.0000 []
 | 2.3123 10.2006 64.6276 0.5845955 O=C(NCC(=O)N1C[C@H](O)C[C@H]1C(=O)N[C@@H](Cc1ccccc1)c1ccccc1)c1ccc2cc(F)ccc2n1 1 COc1ccc([C@H](C)NC(=O)[C@@H]2C[C@@H](O)CN2C(=O)CNC(=O)c2ccc3cc(F)ccc3n2)c(Cl)c1 O=C(NCC(=O)N1CCC[C@H]1C(=O)N[C@@H](Cc1ccccc1)c1ccccc1)c1ccc2ccccc2n1 0.3180237 0.3180 0.6331361 0.6331 0.7616100 -9.7700 1.0000000 1.0000 []
 | 1.8727 10.0226 66.2444 0.5958362 O=C(NCC(=O)N1C[C@H](O)C[C@H]1C(=O)N[C@H](CO)c1ccc(Cl)cc1)c1ccc2cc(F)ccc2n1 1 COc1ccc([C@H](C)NC(=O)[C@@H]2C[C@@H](O)CN2C(=O)CNC(=O)c2ccc3cc(F)ccc3n2)c(Cl)c1 O=C(NCC(=O)N1CCC[C@H]1C(=O)NCc1ccccc1)c1ccc2ccccc2n1 0.3782864 0.3783 0.7482993 0.7483 0.6672764 -8.8600 1.0000000 1.0000 []
 | 2.0573 4.7853 68.0951 0.5693787 O=C(NCC(=O)N1C[C@H](O)C[C@H]1C(=O)N[C@H](CO)c1ccccc1)c1ccc2cc(F)ccc2n1 1 COc1ccc([C@H](C)NC(=O)[C@@H]2C[C@@H](O)CN2C(=O)CNC(=O)c2ccc3cc(F)ccc3n2)c(Cl)c1 O=C(NCC(=O)N1CCC[C@H]1C(=O)NCc1ccccc1)c1ccc2ccccc2n1 0.3976824 0.3977 0.7229730 0.7230 0.6046071 -8.3300 1.0000000 1.0000 []
 | 2.8906 20.3079 54.7829 0.5866468 O=C(NCC(=O)N1C[C@H](O)C[C@H]1C(=O)N[C@H](Cc1ccc(Cl)cc1)c1ccccc1)c1ccc2cc(F)ccc2n1 1 COc1ccc([C@H](C)NC(=O)[C@@H]2C[C@@H](O)CN2C(=O)CNC(=O)c2ccc3cc(F)ccc3n2)c(Cl)c1 O=C(NCC(=O)N1CCC[C@H]1C(=O)N[C@H](Cc1ccccc1)c1ccccc1)c1ccc2ccccc2n1 0.2962297 0.2962 0.6547619 0.6548 0.7814432 -9.9900 1.0000000 1.0000 []
 | 2.6345 17.2345 57.9434 0.5873279 O=C(NCC(=O)N1C[C@H](O)C[C@H]1C(=O)N[C@H](Cc1ccc(O)cc1)c1ccccc1)c1ccc2cc(F)ccc2n1 1 COc1ccc([C@H](C)NC(=O)[C@@H]2C[C@@H](O)CN2C(=O)CNC(=O)c2ccc3cc(F)ccc3n2)c(Cl)c1 O=C(NCC(=O)N1CCC[C@H]1C(=O)N[C@H](Cc1ccccc1)c1ccccc1)c1ccc2ccccc2n1 0.2640185 0.2640 0.6257310 0.6257 0.8486922 -10.8700 1.0000000 1.0000 []
 | 2.6887 35.4792 36.5036 0.5623654 O=C(NCC(=O)N1C[C@H](O)C[C@H]1C(=O)N[C@H](Cc1ccc2ccccc2c1)c1ccccc1)c1ccc2cc(F)ccc2n1 1 COc1ccc([C@H](C)NC(=O)[C@@H]2C[C@@H](O)CN2C(=O)CNC(=O)c2ccc3cc(F)ccc3n2)c(Cl)c1 O=C(NCC(=O)N1CCC[C@H]1C(=O)N[C@H](Cc1ccc2ccccc2c1)c1ccccc1)c1ccc2ccccc2n1 0.2493988 0.2494 0.5721925 0.5722 0.8371800 -10.7000 1.0000000 1.0000 []
 | 3.5441 14.2154 -14.2154 0.0000000 O=C(NCC(=O)N1C[C@H](O)C[C@H]1C(=O)N[C@H](Cc1ccccc1)c1ccccc1)c1ccc2cc(F)ccc2n1 1 COc1ccc([C@H](C)NC(=O)[C@@H]2C[C@@H](O)CN2C(=O)CNC(=O)c2ccc3cc(F)ccc3n2)c(Cl)c1 O=C(NCC(=O)N1CCC[C@H]1C(=O)N[C@H](Cc1ccccc1)c1ccccc1)c1ccc2ccccc2n1 0.3180237 0.3180 0.6331361 0.6331 0.8197404 -10.4600 1.0000000 1.0000 []
00:38:51 <INFO> Score: 0.52 Agent NLL: 2.40 Valid: 100% Step: 51
 | Agent Prior Target Score SMILES SMILES_state Input_SMILES Scaffold QED QED (raw) TanimotoDistance TanimotoDistance (raw) maize maize (raw) Unwanted SMARTS Unwanted SMARTS (raw) matchting_patterns (Unwanted SMARTS)
 | 1.8920 17.5061 58.7046 0.5953960 O=C(NCC(=O)N1C[C@H](O)C[C@H]1C(=O)N[C@@H](Cc1ccc(Cl)cc1)c1ccccc1)c1ccc2cc(F)ccc2n1 1 COc1ccc([C@H](C)NC(=O)[C@@H]2C[C@@H](O)CN2C(=O)CNC(=O)c2ccc3cc(F)ccc3n2)c(Cl)c1 O=C(NCC(=O)N1CCC[C@H]1C(=O)N[C@@H](Cc1ccccc1)c1ccccc1)c1ccc2ccccc2n1 0.2962297 0.2962 0.6547619 0.6548 0.8049257 -10.2700 1.0000000 1.0000 []
 | 2.0791 12.2169 59.7177 0.5619890 O=C(NCC(=O)N1C[C@H](O)C[C@H]1C(=O)N[C@@H](Cc1ccc(O)cc1)c1ccccc1)c1ccc2cc(F)ccc2n1 1 COc1ccc([C@H](C)NC(=O)[C@@H]2C[C@@H](O)CN2C(=O)CNC(=O)c2ccc3cc(F)ccc3n2)c(Cl)c1 O=C(NCC(=O)N1CCC[C@H]1C(=O)N[C@@H](Cc1ccccc1)c1ccccc1)c1ccc2ccccc2n1 0.2640185 0.2640 0.6257310 0.6257 0.7770423 -9.9400 1.0000000 1.0000 []
 | 2.3142 30.0827 42.9067 0.5702296 O=C(NCC(=O)N1C[C@H](O)C[C@H]1C(=O)N[C@@H](Cc1ccc2ccccc2c1)c1ccccc1)c1ccc2cc(F)ccc2n1 1 COc1ccc([C@H](C)NC(=O)[C@@H]2C[C@@H](O)CN2C(=O)CNC(=O)c2ccc3cc(F)ccc3n2)c(Cl)c1 O=C(NCC(=O)N1CCC[C@H]1C(=O)N[C@@H](Cc1ccc2ccccc2c1)c1ccccc1)c1ccc2ccccc2n1 0.2493988 0.2494 0.5721925 0.5722 0.8607581 -11.0600 1.0000000 1.0000 []
 | 2.3023 10.2006 64.6276 0.5845955 O=C(NCC(=O)N1C[C@H](O)C[C@H]1C(=O)N[C@@H](Cc1ccccc1)c1ccccc1)c1ccc2cc(F)ccc2n1 1 COc1ccc([C@H](C)NC(=O)[C@@H]2C[C@@H](O)CN2C(=O)CNC(=O)c2ccc3cc(F)ccc3n2)c(Cl)c1 O=C(NCC(=O)N1CCC[C@H]1C(=O)N[C@@H](Cc1ccccc1)c1ccccc1)c1ccc2ccccc2n1 0.3180237 0.3180 0.6331361 0.6331 0.7616100 -9.7700 1.0000000 1.0000 []
 | 1.9378 10.0226 66.2444 0.5958362 O=C(NCC(=O)N1C[C@H](O)C[C@H]1C(=O)N[C@H](CO)c1ccc(Cl)cc1)c1ccc2cc(F)ccc2n1 1 COc1ccc([C@H](C)NC(=O)[C@@H]2C[C@@H](O)CN2C(=O)CNC(=O)c2ccc3cc(F)ccc3n2)c(Cl)c1 O=C(NCC(=O)N1CCC[C@H]1C(=O)NCc1ccccc1)c1ccc2ccccc2n1 0.3782864 0.3783 0.7482993 0.7483 0.6672764 -8.8600 1.0000000 1.0000 []
 | 2.0756 4.7853 68.0951 0.5693787 O=C(NCC(=O)N1C[C@H](O)C[C@H]1C(=O)N[C@H](CO)c1ccccc1)c1ccc2cc(F)ccc2n1 1 COc1ccc([C@H](C)NC(=O)[C@@H]2C[C@@H](O)CN2C(=O)CNC(=O)c2ccc3cc(F)ccc3n2)c(Cl)c1 O=C(NCC(=O)N1CCC[C@H]1C(=O)NCc1ccccc1)c1ccc2ccccc2n1 0.3976824 0.3977 0.7229730 0.7230 0.6046071 -8.3300 1.0000000 1.0000 []
 | 2.6365 20.3079 54.7829 0.5866468 O=C(NCC(=O)N1C[C@H](O)C[C@H]1C(=O)N[C@H](Cc1ccc(Cl)cc1)c1ccccc1)c1ccc2cc(F)ccc2n1 1 COc1ccc([C@H](C)NC(=O)[C@@H]2C[C@@H](O)CN2C(=O)CNC(=O)c2ccc3cc(F)ccc3n2)c(Cl)c1 O=C(NCC(=O)N1CCC[C@H]1C(=O)N[C@H](Cc1ccccc1)c1ccccc1)c1ccc2ccccc2n1 0.2962297 0.2962 0.6547619 0.6548 0.7814432 -9.9900 1.0000000 1.0000 []
 | 2.6537 17.2345 57.9434 0.5873279 O=C(NCC(=O)N1C[C@H](O)C[C@H]1C(=O)N[C@H](Cc1ccc(O)cc1)c1ccccc1)c1ccc2cc(F)ccc2n1 1 COc1ccc([C@H](C)NC(=O)[C@@H]2C[C@@H](O)CN2C(=O)CNC(=O)c2ccc3cc(F)ccc3n2)c(Cl)c1 O=C(NCC(=O)N1CCC[C@H]1C(=O)N[C@H](Cc1ccccc1)c1ccccc1)c1ccc2ccccc2n1 0.2640185 0.2640 0.6257310 0.6257 0.8486922 -10.8700 1.0000000 1.0000 []
 | 2.6759 35.4792 36.5036 0.5623654 O=C(NCC(=O)N1C[C@H](O)C[C@H]1C(=O)N[C@H](Cc1ccc2ccccc2c1)c1ccccc1)c1ccc2cc(F)ccc2n1 1 COc1ccc([C@H](C)NC(=O)[C@@H]2C[C@@H](O)CN2C(=O)CNC(=O)c2ccc3cc(F)ccc3n2)c(Cl)c1 O=C(NCC(=O)N1CCC[C@H]1C(=O)N[C@H](Cc1ccc2ccccc2c1)c1ccccc1)c1ccc2ccccc2n1 0.2493988 0.2494 0.5721925 0.5722 0.8371800 -10.7000 1.0000000 1.0000 []
 | 3.4761 14.2154 -14.2154 0.0000000 O=C(NCC(=O)N1C[C@H](O)C[C@H]1C(=O)N[C@H](Cc1ccccc1)c1ccccc1)c1ccc2cc(F)ccc2n1 1 COc1ccc([C@H](C)NC(=O)[C@@H]2C[C@@H](O)CN2C(=O)CNC(=O)c2ccc3cc(F)ccc3n2)c(Cl)c1 O=C(NCC(=O)N1CCC[C@H]1C(=O)N[C@H](Cc1ccccc1)c1ccccc1)c1ccc2ccccc2n1 0.3180237 0.3180 0.6331361 0.6331 0.8197404 -10.4600 1.0000000 1.0000 []
00:38:52 <INFO> Score: 0.52 Agent NLL: 2.39 Valid: 100% Step: 52
 | Agent Prior Target Score SMILES SMILES_state Input_SMILES Scaffold QED QED (raw) TanimotoDistance TanimotoDistance (raw) maize maize (raw) Unwanted SMARTS Unwanted SMARTS (raw) matchting_patterns (Unwanted SMARTS)
 | 1.8049 17.5061 58.7046 0.5953960 O=C(NCC(=O)N1C[C@H](O)C[C@H]1C(=O)N[C@@H](Cc1ccc(Cl)cc1)c1ccccc1)c1ccc2cc(F)ccc2n1 1 COc1ccc([C@H](C)NC(=O)[C@@H]2C[C@@H](O)CN2C(=O)CNC(=O)c2ccc3cc(F)ccc3n2)c(Cl)c1 O=C(NCC(=O)N1CCC[C@H]1C(=O)N[C@@H](Cc1ccccc1)c1ccccc1)c1ccc2ccccc2n1 0.2962297 0.2962 0.6547619 0.6548 0.8049257 -10.2700 1.0000000 1.0000 []
 | 2.1640 12.2169 59.7177 0.5619890 O=C(NCC(=O)N1C[C@H](O)C[C@H]1C(=O)N[C@@H](Cc1ccc(O)cc1)c1ccccc1)c1ccc2cc(F)ccc2n1 1 COc1ccc([C@H](C)NC(=O)[C@@H]2C[C@@H](O)CN2C(=O)CNC(=O)c2ccc3cc(F)ccc3n2)c(Cl)c1 O=C(NCC(=O)N1CCC[C@H]1C(=O)N[C@@H](Cc1ccccc1)c1ccccc1)c1ccc2ccccc2n1 0.2640185 0.2640 0.6257310 0.6257 0.7770423 -9.9400 1.0000000 1.0000 []
 | 2.4118 30.0827 42.9067 0.5702296 O=C(NCC(=O)N1C[C@H](O)C[C@H]1C(=O)N[C@@H](Cc1ccc2ccccc2c1)c1ccccc1)c1ccc2cc(F)ccc2n1 1 COc1ccc([C@H](C)NC(=O)[C@@H]2C[C@@H](O)CN2C(=O)CNC(=O)c2ccc3cc(F)ccc3n2)c(Cl)c1 O=C(NCC(=O)N1CCC[C@H]1C(=O)N[C@@H](Cc1ccc2ccccc2c1)c1ccccc1)c1ccc2ccccc2n1 0.2493988 0.2494 0.5721925 0.5722 0.8607581 -11.0600 1.0000000 1.0000 []
 | 2.3101 10.2006 64.6276 0.5845955 O=C(NCC(=O)N1C[C@H](O)C[C@H]1C(=O)N[C@@H](Cc1ccccc1)c1ccccc1)c1ccc2cc(F)ccc2n1 1 COc1ccc([C@H](C)NC(=O)[C@@H]2C[C@@H](O)CN2C(=O)CNC(=O)c2ccc3cc(F)ccc3n2)c(Cl)c1 O=C(NCC(=O)N1CCC[C@H]1C(=O)N[C@@H](Cc1ccccc1)c1ccccc1)c1ccc2ccccc2n1 0.3180237 0.3180 0.6331361 0.6331 0.7616100 -9.7700 1.0000000 1.0000 []
 | 2.0547 10.0226 66.2444 0.5958362 O=C(NCC(=O)N1C[C@H](O)C[C@H]1C(=O)N[C@H](CO)c1ccc(Cl)cc1)c1ccc2cc(F)ccc2n1 1 COc1ccc([C@H](C)NC(=O)[C@@H]2C[C@@H](O)CN2C(=O)CNC(=O)c2ccc3cc(F)ccc3n2)c(Cl)c1 O=C(NCC(=O)N1CCC[C@H]1C(=O)NCc1ccccc1)c1ccc2ccccc2n1 0.3782864 0.3783 0.7482993 0.7483 0.6672764 -8.8600 1.0000000 1.0000 []
 | 2.1450 4.7853 68.0951 0.5693787 O=C(NCC(=O)N1C[C@H](O)C[C@H]1C(=O)N[C@H](CO)c1ccccc1)c1ccc2cc(F)ccc2n1 1 COc1ccc([C@H](C)NC(=O)[C@@H]2C[C@@H](O)CN2C(=O)CNC(=O)c2ccc3cc(F)ccc3n2)c(Cl)c1 O=C(NCC(=O)N1CCC[C@H]1C(=O)NCc1ccccc1)c1ccc2ccccc2n1 0.3976824 0.3977 0.7229730 0.7230 0.6046071 -8.3300 1.0000000 1.0000 []
 | 2.3835 20.3079 54.7829 0.5866468 O=C(NCC(=O)N1C[C@H](O)C[C@H]1C(=O)N[C@H](Cc1ccc(Cl)cc1)c1ccccc1)c1ccc2cc(F)ccc2n1 1 COc1ccc([C@H](C)NC(=O)[C@@H]2C[C@@H](O)CN2C(=O)CNC(=O)c2ccc3cc(F)ccc3n2)c(Cl)c1 O=C(NCC(=O)N1CCC[C@H]1C(=O)N[C@H](Cc1ccccc1)c1ccccc1)c1ccc2ccccc2n1 0.2962297 0.2962 0.6547619 0.6548 0.7814432 -9.9900 1.0000000 1.0000 []
 | 2.5950 17.2345 57.9434 0.5873279 O=C(NCC(=O)N1C[C@H](O)C[C@H]1C(=O)N[C@H](Cc1ccc(O)cc1)c1ccccc1)c1ccc2cc(F)ccc2n1 1 COc1ccc([C@H](C)NC(=O)[C@@H]2C[C@@H](O)CN2C(=O)CNC(=O)c2ccc3cc(F)ccc3n2)c(Cl)c1 O=C(NCC(=O)N1CCC[C@H]1C(=O)N[C@H](Cc1ccccc1)c1ccccc1)c1ccc2ccccc2n1 0.2640185 0.2640 0.6257310 0.6257 0.8486922 -10.8700 1.0000000 1.0000 []
 | 2.6134 35.4792 36.5036 0.5623654 O=C(NCC(=O)N1C[C@H](O)C[C@H]1C(=O)N[C@H](Cc1ccc2ccccc2c1)c1ccccc1)c1ccc2cc(F)ccc2n1 1 COc1ccc([C@H](C)NC(=O)[C@@H]2C[C@@H](O)CN2C(=O)CNC(=O)c2ccc3cc(F)ccc3n2)c(Cl)c1 O=C(NCC(=O)N1CCC[C@H]1C(=O)N[C@H](Cc1ccc2ccccc2c1)c1ccccc1)c1ccc2ccccc2n1 0.2493988 0.2494 0.5721925 0.5722 0.8371800 -10.7000 1.0000000 1.0000 []
 | 3.3686 14.2154 -14.2154 0.0000000 O=C(NCC(=O)N1C[C@H](O)C[C@H]1C(=O)N[C@H](Cc1ccccc1)c1ccccc1)c1ccc2cc(F)ccc2n1 1 COc1ccc([C@H](C)NC(=O)[C@@H]2C[C@@H](O)CN2C(=O)CNC(=O)c2ccc3cc(F)ccc3n2)c(Cl)c1 O=C(NCC(=O)N1CCC[C@H]1C(=O)N[C@H](Cc1ccccc1)c1ccccc1)c1ccc2ccccc2n1 0.3180237 0.3180 0.6331361 0.6331 0.8197404 -10.4600 1.0000000 1.0000 []
00:38:54 <INFO> Score: 0.52 Agent NLL: 2.38 Valid: 100% Step: 53
 | Agent Prior Target Score SMILES SMILES_state Input_SMILES Scaffold QED QED (raw) TanimotoDistance TanimotoDistance (raw) maize maize (raw) Unwanted SMARTS Unwanted SMARTS (raw) matchting_patterns (Unwanted SMARTS)
 | 1.7808 17.5061 58.7046 0.5953960 O=C(NCC(=O)N1C[C@H](O)C[C@H]1C(=O)N[C@@H](Cc1ccc(Cl)cc1)c1ccccc1)c1ccc2cc(F)ccc2n1 1 COc1ccc([C@H](C)NC(=O)[C@@H]2C[C@@H](O)CN2C(=O)CNC(=O)c2ccc3cc(F)ccc3n2)c(Cl)c1 O=C(NCC(=O)N1CCC[C@H]1C(=O)N[C@@H](Cc1ccccc1)c1ccccc1)c1ccc2ccccc2n1 0.2962297 0.2962 0.6547619 0.6548 0.8049257 -10.2700 1.0000000 1.0000 []
 | 2.1907 12.2169 59.7177 0.5619890 O=C(NCC(=O)N1C[C@H](O)C[C@H]1C(=O)N[C@@H](Cc1ccc(O)cc1)c1ccccc1)c1ccc2cc(F)ccc2n1 1 COc1ccc([C@H](C)NC(=O)[C@@H]2C[C@@H](O)CN2C(=O)CNC(=O)c2ccc3cc(F)ccc3n2)c(Cl)c1 O=C(NCC(=O)N1CCC[C@H]1C(=O)N[C@@H](Cc1ccccc1)c1ccccc1)c1ccc2ccccc2n1 0.2640185 0.2640 0.6257310 0.6257 0.7770423 -9.9400 1.0000000 1.0000 []
 | 2.5021 30.0827 42.9067 0.5702296 O=C(NCC(=O)N1C[C@H](O)C[C@H]1C(=O)N[C@@H](Cc1ccc2ccccc2c1)c1ccccc1)c1ccc2cc(F)ccc2n1 1 COc1ccc([C@H](C)NC(=O)[C@@H]2C[C@@H](O)CN2C(=O)CNC(=O)c2ccc3cc(F)ccc3n2)c(Cl)c1 O=C(NCC(=O)N1CCC[C@H]1C(=O)N[C@@H](Cc1ccc2ccccc2c1)c1ccccc1)c1ccc2ccccc2n1 0.2493988 0.2494 0.5721925 0.5722 0.8607581 -11.0600 1.0000000 1.0000 []
 | 2.3387 10.2006 64.6276 0.5845955 O=C(NCC(=O)N1C[C@H](O)C[C@H]1C(=O)N[C@@H](Cc1ccccc1)c1ccccc1)c1ccc2cc(F)ccc2n1 1 COc1ccc([C@H](C)NC(=O)[C@@H]2C[C@@H](O)CN2C(=O)CNC(=O)c2ccc3cc(F)ccc3n2)c(Cl)c1 O=C(NCC(=O)N1CCC[C@H]1C(=O)N[C@@H](Cc1ccccc1)c1ccccc1)c1ccc2ccccc2n1 0.3180237 0.3180 0.6331361 0.6331 0.7616100 -9.7700 1.0000000 1.0000 []
 | 2.1412 10.0226 66.2444 0.5958362 O=C(NCC(=O)N1C[C@H](O)C[C@H]1C(=O)N[C@H](CO)c1ccc(Cl)cc1)c1ccc2cc(F)ccc2n1 1 COc1ccc([C@H](C)NC(=O)[C@@H]2C[C@@H](O)CN2C(=O)CNC(=O)c2ccc3cc(F)ccc3n2)c(Cl)c1 O=C(NCC(=O)N1CCC[C@H]1C(=O)NCc1ccccc1)c1ccc2ccccc2n1 0.3782864 0.3783 0.7482993 0.7483 0.6672764 -8.8600 1.0000000 1.0000 []
 | 2.1812 4.7853 68.0951 0.5693787 O=C(NCC(=O)N1C[C@H](O)C[C@H]1C(=O)N[C@H](CO)c1ccccc1)c1ccc2cc(F)ccc2n1 1 COc1ccc([C@H](C)NC(=O)[C@@H]2C[C@@H](O)CN2C(=O)CNC(=O)c2ccc3cc(F)ccc3n2)c(Cl)c1 O=C(NCC(=O)N1CCC[C@H]1C(=O)NCc1ccccc1)c1ccc2ccccc2n1 0.3976824 0.3977 0.7229730 0.7230 0.6046071 -8.3300 1.0000000 1.0000 []
 | 2.2411 20.3079 54.7829 0.5866468 O=C(NCC(=O)N1C[C@H](O)C[C@H]1C(=O)N[C@H](Cc1ccc(Cl)cc1)c1ccccc1)c1ccc2cc(F)ccc2n1 1 COc1ccc([C@H](C)NC(=O)[C@@H]2C[C@@H](O)CN2C(=O)CNC(=O)c2ccc3cc(F)ccc3n2)c(Cl)c1 O=C(NCC(=O)N1CCC[C@H]1C(=O)N[C@H](Cc1ccccc1)c1ccccc1)c1ccc2ccccc2n1 0.2962297 0.2962 0.6547619 0.6548 0.7814432 -9.9900 1.0000000 1.0000 []
 | 2.5053 17.2345 57.9434 0.5873279 O=C(NCC(=O)N1C[C@H](O)C[C@H]1C(=O)N[C@H](Cc1ccc(O)cc1)c1ccccc1)c1ccc2cc(F)ccc2n1 1 COc1ccc([C@H](C)NC(=O)[C@@H]2C[C@@H](O)CN2C(=O)CNC(=O)c2ccc3cc(F)ccc3n2)c(Cl)c1 O=C(NCC(=O)N1CCC[C@H]1C(=O)N[C@H](Cc1ccccc1)c1ccccc1)c1ccc2ccccc2n1 0.2640185 0.2640 0.6257310 0.6257 0.8486922 -10.8700 1.0000000 1.0000 []
 | 2.5746 35.4792 36.5036 0.5623654 O=C(NCC(=O)N1C[C@H](O)C[C@H]1C(=O)N[C@H](Cc1ccc2ccccc2c1)c1ccccc1)c1ccc2cc(F)ccc2n1 1 COc1ccc([C@H](C)NC(=O)[C@@H]2C[C@@H](O)CN2C(=O)CNC(=O)c2ccc3cc(F)ccc3n2)c(Cl)c1 O=C(NCC(=O)N1CCC[C@H]1C(=O)N[C@H](Cc1ccc2ccccc2c1)c1ccccc1)c1ccc2ccccc2n1 0.2493988 0.2494 0.5721925 0.5722 0.8371800 -10.7000 1.0000000 1.0000 []
 | 3.3160 14.2154 -14.2154 0.0000000 O=C(NCC(=O)N1C[C@H](O)C[C@H]1C(=O)N[C@H](Cc1ccccc1)c1ccccc1)c1ccc2cc(F)ccc2n1 1 COc1ccc([C@H](C)NC(=O)[C@@H]2C[C@@H](O)CN2C(=O)CNC(=O)c2ccc3cc(F)ccc3n2)c(Cl)c1 O=C(NCC(=O)N1CCC[C@H]1C(=O)N[C@H](Cc1ccccc1)c1ccccc1)c1ccc2ccccc2n1 0.3180237 0.3180 0.6331361 0.6331 0.8197404 -10.4600 1.0000000 1.0000 []
00:38:55 <INFO> Score: 0.52 Agent NLL: 2.38 Valid: 100% Step: 54
 | Agent Prior Target Score SMILES SMILES_state Input_SMILES Scaffold QED QED (raw) TanimotoDistance TanimotoDistance (raw) maize maize (raw) Unwanted SMARTS Unwanted SMARTS (raw) matchting_patterns (Unwanted SMARTS)
 | 1.8231 17.5061 58.7046 0.5953960 O=C(NCC(=O)N1C[C@H](O)C[C@H]1C(=O)N[C@@H](Cc1ccc(Cl)cc1)c1ccccc1)c1ccc2cc(F)ccc2n1 1 COc1ccc([C@H](C)NC(=O)[C@@H]2C[C@@H](O)CN2C(=O)CNC(=O)c2ccc3cc(F)ccc3n2)c(Cl)c1 O=C(NCC(=O)N1CCC[C@H]1C(=O)N[C@@H](Cc1ccccc1)c1ccccc1)c1ccc2ccccc2n1 0.2962297 0.2962 0.6547619 0.6548 0.8049257 -10.2700 1.0000000 1.0000 []
 | 2.1413 12.2169 59.7177 0.5619890 O=C(NCC(=O)N1C[C@H](O)C[C@H]1C(=O)N[C@@H](Cc1ccc(O)cc1)c1ccccc1)c1ccc2cc(F)ccc2n1 1 COc1ccc([C@H](C)NC(=O)[C@@H]2C[C@@H](O)CN2C(=O)CNC(=O)c2ccc3cc(F)ccc3n2)c(Cl)c1 O=C(NCC(=O)N1CCC[C@H]1C(=O)N[C@@H](Cc1ccccc1)c1ccccc1)c1ccc2ccccc2n1 0.2640185 0.2640 0.6257310 0.6257 0.7770423 -9.9400 1.0000000 1.0000 []
 | 2.5710 30.0827 42.9067 0.5702296 O=C(NCC(=O)N1C[C@H](O)C[C@H]1C(=O)N[C@@H](Cc1ccc2ccccc2c1)c1ccccc1)c1ccc2cc(F)ccc2n1 1 COc1ccc([C@H](C)NC(=O)[C@@H]2C[C@@H](O)CN2C(=O)CNC(=O)c2ccc3cc(F)ccc3n2)c(Cl)c1 O=C(NCC(=O)N1CCC[C@H]1C(=O)N[C@@H](Cc1ccc2ccccc2c1)c1ccccc1)c1ccc2ccccc2n1 0.2493988 0.2494 0.5721925 0.5722 0.8607581 -11.0600 1.0000000 1.0000 []
 | 2.3865 10.2006 64.6276 0.5845955 O=C(NCC(=O)N1C[C@H](O)C[C@H]1C(=O)N[C@@H](Cc1ccccc1)c1ccccc1)c1ccc2cc(F)ccc2n1 1 COc1ccc([C@H](C)NC(=O)[C@@H]2C[C@@H](O)CN2C(=O)CNC(=O)c2ccc3cc(F)ccc3n2)c(Cl)c1 O=C(NCC(=O)N1CCC[C@H]1C(=O)N[C@@H](Cc1ccccc1)c1ccccc1)c1ccc2ccccc2n1 0.3180237 0.3180 0.6331361 0.6331 0.7616100 -9.7700 1.0000000 1.0000 []
 | 2.1314 10.0226 66.2444 0.5958362 O=C(NCC(=O)N1C[C@H](O)C[C@H]1C(=O)N[C@H](CO)c1ccc(Cl)cc1)c1ccc2cc(F)ccc2n1 1 COc1ccc([C@H](C)NC(=O)[C@@H]2C[C@@H](O)CN2C(=O)CNC(=O)c2ccc3cc(F)ccc3n2)c(Cl)c1 O=C(NCC(=O)N1CCC[C@H]1C(=O)NCc1ccccc1)c1ccc2ccccc2n1 0.3782864 0.3783 0.7482993 0.7483 0.6672764 -8.8600 1.0000000 1.0000 []
 | 2.1226 4.7853 68.0951 0.5693787 O=C(NCC(=O)N1C[C@H](O)C[C@H]1C(=O)N[C@H](CO)c1ccccc1)c1ccc2cc(F)ccc2n1 1 COc1ccc([C@H](C)NC(=O)[C@@H]2C[C@@H](O)CN2C(=O)CNC(=O)c2ccc3cc(F)ccc3n2)c(Cl)c1 O=C(NCC(=O)N1CCC[C@H]1C(=O)NCc1ccccc1)c1ccc2ccccc2n1 0.3976824 0.3977 0.7229730 0.7230 0.6046071 -8.3300 1.0000000 1.0000 []
 | 2.2489 20.3079 54.7829 0.5866468 O=C(NCC(=O)N1C[C@H](O)C[C@H]1C(=O)N[C@H](Cc1ccc(Cl)cc1)c1ccccc1)c1ccc2cc(F)ccc2n1 1 COc1ccc([C@H](C)NC(=O)[C@@H]2C[C@@H](O)CN2C(=O)CNC(=O)c2ccc3cc(F)ccc3n2)c(Cl)c1 O=C(NCC(=O)N1CCC[C@H]1C(=O)N[C@H](Cc1ccccc1)c1ccccc1)c1ccc2ccccc2n1 0.2962297 0.2962 0.6547619 0.6548 0.7814432 -9.9900 1.0000000 1.0000 []
 | 2.4122 17.2345 57.9434 0.5873279 O=C(NCC(=O)N1C[C@H](O)C[C@H]1C(=O)N[C@H](Cc1ccc(O)cc1)c1ccccc1)c1ccc2cc(F)ccc2n1 1 COc1ccc([C@H](C)NC(=O)[C@@H]2C[C@@H](O)CN2C(=O)CNC(=O)c2ccc3cc(F)ccc3n2)c(Cl)c1 O=C(NCC(=O)N1CCC[C@H]1C(=O)N[C@H](Cc1ccccc1)c1ccccc1)c1ccc2ccccc2n1 0.2640185 0.2640 0.6257310 0.6257 0.8486922 -10.8700 1.0000000 1.0000 []
 | 2.5911 35.4792 36.5036 0.5623654 O=C(NCC(=O)N1C[C@H](O)C[C@H]1C(=O)N[C@H](Cc1ccc2ccccc2c1)c1ccccc1)c1ccc2cc(F)ccc2n1 1 COc1ccc([C@H](C)NC(=O)[C@@H]2C[C@@H](O)CN2C(=O)CNC(=O)c2ccc3cc(F)ccc3n2)c(Cl)c1 O=C(NCC(=O)N1CCC[C@H]1C(=O)N[C@H](Cc1ccc2ccccc2c1)c1ccccc1)c1ccc2ccccc2n1 0.2493988 0.2494 0.5721925 0.5722 0.8371800 -10.7000 1.0000000 1.0000 []
 | 3.3591 14.2154 -14.2154 0.0000000 O=C(NCC(=O)N1C[C@H](O)C[C@H]1C(=O)N[C@H](Cc1ccccc1)c1ccccc1)c1ccc2cc(F)ccc2n1 1 COc1ccc([C@H](C)NC(=O)[C@@H]2C[C@@H](O)CN2C(=O)CNC(=O)c2ccc3cc(F)ccc3n2)c(Cl)c1 O=C(NCC(=O)N1CCC[C@H]1C(=O)N[C@H](Cc1ccccc1)c1ccccc1)c1ccc2ccccc2n1 0.3180237 0.3180 0.6331361 0.6331 0.8197404 -10.4600 1.0000000 1.0000 []
00:38:57 <INFO> Score: 0.52 Agent NLL: 2.39 Valid: 100% Step: 55
 | Agent Prior Target Score SMILES SMILES_state Input_SMILES Scaffold QED QED (raw) TanimotoDistance TanimotoDistance (raw) maize maize (raw) Unwanted SMARTS Unwanted SMARTS (raw) matchting_patterns (Unwanted SMARTS)
 | 1.9156 17.5061 58.7046 0.5953960 O=C(NCC(=O)N1C[C@H](O)C[C@H]1C(=O)N[C@@H](Cc1ccc(Cl)cc1)c1ccccc1)c1ccc2cc(F)ccc2n1 1 COc1ccc([C@H](C)NC(=O)[C@@H]2C[C@@H](O)CN2C(=O)CNC(=O)c2ccc3cc(F)ccc3n2)c(Cl)c1 O=C(NCC(=O)N1CCC[C@H]1C(=O)N[C@@H](Cc1ccccc1)c1ccccc1)c1ccc2ccccc2n1 0.2962297 0.2962 0.6547619 0.6548 0.8049257 -10.2700 1.0000000 1.0000 []
 | 2.0471 12.2169 59.7177 0.5619890 O=C(NCC(=O)N1C[C@H](O)C[C@H]1C(=O)N[C@@H](Cc1ccc(O)cc1)c1ccccc1)c1ccc2cc(F)ccc2n1 1 COc1ccc([C@H](C)NC(=O)[C@@H]2C[C@@H](O)CN2C(=O)CNC(=O)c2ccc3cc(F)ccc3n2)c(Cl)c1 O=C(NCC(=O)N1CCC[C@H]1C(=O)N[C@@H](Cc1ccccc1)c1ccccc1)c1ccc2ccccc2n1 0.2640185 0.2640 0.6257310 0.6257 0.7770423 -9.9400 1.0000000 1.0000 []
 | 2.6097 30.0827 42.9067 0.5702296 O=C(NCC(=O)N1C[C@H](O)C[C@H]1C(=O)N[C@@H](Cc1ccc2ccccc2c1)c1ccccc1)c1ccc2cc(F)ccc2n1 1 COc1ccc([C@H](C)NC(=O)[C@@H]2C[C@@H](O)CN2C(=O)CNC(=O)c2ccc3cc(F)ccc3n2)c(Cl)c1 O=C(NCC(=O)N1CCC[C@H]1C(=O)N[C@@H](Cc1ccc2ccccc2c1)c1ccccc1)c1ccc2ccccc2n1 0.2493988 0.2494 0.5721925 0.5722 0.8607581 -11.0600 1.0000000 1.0000 []
 | 2.4434 10.2006 64.6276 0.5845955 O=C(NCC(=O)N1C[C@H](O)C[C@H]1C(=O)N[C@@H](Cc1ccccc1)c1ccccc1)c1ccc2cc(F)ccc2n1 1 COc1ccc([C@H](C)NC(=O)[C@@H]2C[C@@H](O)CN2C(=O)CNC(=O)c2ccc3cc(F)ccc3n2)c(Cl)c1 O=C(NCC(=O)N1CCC[C@H]1C(=O)N[C@@H](Cc1ccccc1)c1ccccc1)c1ccc2ccccc2n1 0.3180237 0.3180 0.6331361 0.6331 0.7616100 -9.7700 1.0000000 1.0000 []
 | 2.0482 10.0226 66.2444 0.5958362 O=C(NCC(=O)N1C[C@H](O)C[C@H]1C(=O)N[C@H](CO)c1ccc(Cl)cc1)c1ccc2cc(F)ccc2n1 1 COc1ccc([C@H](C)NC(=O)[C@@H]2C[C@@H](O)CN2C(=O)CNC(=O)c2ccc3cc(F)ccc3n2)c(Cl)c1 O=C(NCC(=O)N1CCC[C@H]1C(=O)NCc1ccccc1)c1ccc2ccccc2n1 0.3782864 0.3783 0.7482993 0.7483 0.6672764 -8.8600 1.0000000 1.0000 []
 | 1.9877 4.7853 68.0951 0.5693787 O=C(NCC(=O)N1C[C@H](O)C[C@H]1C(=O)N[C@H](CO)c1ccccc1)c1ccc2cc(F)ccc2n1 1 COc1ccc([C@H](C)NC(=O)[C@@H]2C[C@@H](O)CN2C(=O)CNC(=O)c2ccc3cc(F)ccc3n2)c(Cl)c1 O=C(NCC(=O)N1CCC[C@H]1C(=O)NCc1ccccc1)c1ccc2ccccc2n1 0.3976824 0.3977 0.7229730 0.7230 0.6046071 -8.3300 1.0000000 1.0000 []
 | 2.3885 20.3079 54.7829 0.5866468 O=C(NCC(=O)N1C[C@H](O)C[C@H]1C(=O)N[C@H](Cc1ccc(Cl)cc1)c1ccccc1)c1ccc2cc(F)ccc2n1 1 COc1ccc([C@H](C)NC(=O)[C@@H]2C[C@@H](O)CN2C(=O)CNC(=O)c2ccc3cc(F)ccc3n2)c(Cl)c1 O=C(NCC(=O)N1CCC[C@H]1C(=O)N[C@H](Cc1ccccc1)c1ccccc1)c1ccc2ccccc2n1 0.2962297 0.2962 0.6547619 0.6548 0.7814432 -9.9900 1.0000000 1.0000 []
 | 2.3458 17.2345 57.9434 0.5873279 O=C(NCC(=O)N1C[C@H](O)C[C@H]1C(=O)N[C@H](Cc1ccc(O)cc1)c1ccccc1)c1ccc2cc(F)ccc2n1 1 COc1ccc([C@H](C)NC(=O)[C@@H]2C[C@@H](O)CN2C(=O)CNC(=O)c2ccc3cc(F)ccc3n2)c(Cl)c1 O=C(NCC(=O)N1CCC[C@H]1C(=O)N[C@H](Cc1ccccc1)c1ccccc1)c1ccc2ccccc2n1 0.2640185 0.2640 0.6257310 0.6257 0.8486922 -10.8700 1.0000000 1.0000 []
 | 2.6492 35.4792 36.5036 0.5623654 O=C(NCC(=O)N1C[C@H](O)C[C@H]1C(=O)N[C@H](Cc1ccc2ccccc2c1)c1ccccc1)c1ccc2cc(F)ccc2n1 1 COc1ccc([C@H](C)NC(=O)[C@@H]2C[C@@H](O)CN2C(=O)CNC(=O)c2ccc3cc(F)ccc3n2)c(Cl)c1 O=C(NCC(=O)N1CCC[C@H]1C(=O)N[C@H](Cc1ccc2ccccc2c1)c1ccccc1)c1ccc2ccccc2n1 0.2493988 0.2494 0.5721925 0.5722 0.8371800 -10.7000 1.0000000 1.0000 []
 | 3.4924 14.2154 -14.2154 0.0000000 O=C(NCC(=O)N1C[C@H](O)C[C@H]1C(=O)N[C@H](Cc1ccccc1)c1ccccc1)c1ccc2cc(F)ccc2n1 1 COc1ccc([C@H](C)NC(=O)[C@@H]2C[C@@H](O)CN2C(=O)CNC(=O)c2ccc3cc(F)ccc3n2)c(Cl)c1 O=C(NCC(=O)N1CCC[C@H]1C(=O)N[C@H](Cc1ccccc1)c1ccccc1)c1ccc2ccccc2n1 0.3180237 0.3180 0.6331361 0.6331 0.8197404 -10.4600 1.0000000 1.0000 []
00:38:58 <INFO> Score: 0.52 Agent NLL: 2.42 Valid: 100% Step: 56
 | Agent Prior Target Score SMILES SMILES_state Input_SMILES Scaffold QED QED (raw) TanimotoDistance TanimotoDistance (raw) maize maize (raw) Unwanted SMARTS Unwanted SMARTS (raw) matchting_patterns (Unwanted SMARTS)
 | 2.0231 17.5061 58.7046 0.5953960 O=C(NCC(=O)N1C[C@H](O)C[C@H]1C(=O)N[C@@H](Cc1ccc(Cl)cc1)c1ccccc1)c1ccc2cc(F)ccc2n1 1 COc1ccc([C@H](C)NC(=O)[C@@H]2C[C@@H](O)CN2C(=O)CNC(=O)c2ccc3cc(F)ccc3n2)c(Cl)c1 O=C(NCC(=O)N1CCC[C@H]1C(=O)N[C@@H](Cc1ccccc1)c1ccccc1)c1ccc2ccccc2n1 0.2962297 0.2962 0.6547619 0.6548 0.8049257 -10.2700 1.0000000 1.0000 []
 | 1.9544 12.2169 59.7177 0.5619890 O=C(NCC(=O)N1C[C@H](O)C[C@H]1C(=O)N[C@@H](Cc1ccc(O)cc1)c1ccccc1)c1ccc2cc(F)ccc2n1 1 COc1ccc([C@H](C)NC(=O)[C@@H]2C[C@@H](O)CN2C(=O)CNC(=O)c2ccc3cc(F)ccc3n2)c(Cl)c1 O=C(NCC(=O)N1CCC[C@H]1C(=O)N[C@@H](Cc1ccccc1)c1ccccc1)c1ccc2ccccc2n1 0.2640185 0.2640 0.6257310 0.6257 0.7770423 -9.9400 1.0000000 1.0000 []
 | 2.6163 30.0827 42.9067 0.5702296 O=C(NCC(=O)N1C[C@H](O)C[C@H]1C(=O)N[C@@H](Cc1ccc2ccccc2c1)c1ccccc1)c1ccc2cc(F)ccc2n1 1 COc1ccc([C@H](C)NC(=O)[C@@H]2C[C@@H](O)CN2C(=O)CNC(=O)c2ccc3cc(F)ccc3n2)c(Cl)c1 O=C(NCC(=O)N1CCC[C@H]1C(=O)N[C@@H](Cc1ccc2ccccc2c1)c1ccccc1)c1ccc2ccccc2n1 0.2493988 0.2494 0.5721925 0.5722 0.8607581 -11.0600 1.0000000 1.0000 []
 | 2.5029 10.2006 64.6276 0.5845955 O=C(NCC(=O)N1C[C@H](O)C[C@H]1C(=O)N[C@@H](Cc1ccccc1)c1ccccc1)c1ccc2cc(F)ccc2n1 1 COc1ccc([C@H](C)NC(=O)[C@@H]2C[C@@H](O)CN2C(=O)CNC(=O)c2ccc3cc(F)ccc3n2)c(Cl)c1 O=C(NCC(=O)N1CCC[C@H]1C(=O)N[C@@H](Cc1ccccc1)c1ccccc1)c1ccc2ccccc2n1 0.3180237 0.3180 0.6331361 0.6331 0.7616100 -9.7700 1.0000000 1.0000 []
 | 1.9768 10.0226 66.2444 0.5958362 O=C(NCC(=O)N1C[C@H](O)C[C@H]1C(=O)N[C@H](CO)c1ccc(Cl)cc1)c1ccc2cc(F)ccc2n1 1 COc1ccc([C@H](C)NC(=O)[C@@H]2C[C@@H](O)CN2C(=O)CNC(=O)c2ccc3cc(F)ccc3n2)c(Cl)c1 O=C(NCC(=O)N1CCC[C@H]1C(=O)NCc1ccccc1)c1ccc2ccccc2n1 0.3782864 0.3783 0.7482993 0.7483 0.6672764 -8.8600 1.0000000 1.0000 []
 | 1.8702 4.7853 68.0951 0.5693787 O=C(NCC(=O)N1C[C@H](O)C[C@H]1C(=O)N[C@H](CO)c1ccccc1)c1ccc2cc(F)ccc2n1 1 COc1ccc([C@H](C)NC(=O)[C@@H]2C[C@@H](O)CN2C(=O)CNC(=O)c2ccc3cc(F)ccc3n2)c(Cl)c1 O=C(NCC(=O)N1CCC[C@H]1C(=O)NCc1ccccc1)c1ccc2ccccc2n1 0.3976824 0.3977 0.7229730 0.7230 0.6046071 -8.3300 1.0000000 1.0000 []
 | 2.5658 20.3079 54.7829 0.5866468 O=C(NCC(=O)N1C[C@H](O)C[C@H]1C(=O)N[C@H](Cc1ccc(Cl)cc1)c1ccccc1)c1ccc2cc(F)ccc2n1 1 COc1ccc([C@H](C)NC(=O)[C@@H]2C[C@@H](O)CN2C(=O)CNC(=O)c2ccc3cc(F)ccc3n2)c(Cl)c1 O=C(NCC(=O)N1CCC[C@H]1C(=O)N[C@H](Cc1ccccc1)c1ccccc1)c1ccc2ccccc2n1 0.2962297 0.2962 0.6547619 0.6548 0.7814432 -9.9900 1.0000000 1.0000 []
 | 2.2964 17.2345 57.9434 0.5873279 O=C(NCC(=O)N1C[C@H](O)C[C@H]1C(=O)N[C@H](Cc1ccc(O)cc1)c1ccccc1)c1ccc2cc(F)ccc2n1 1 COc1ccc([C@H](C)NC(=O)[C@@H]2C[C@@H](O)CN2C(=O)CNC(=O)c2ccc3cc(F)ccc3n2)c(Cl)c1 O=C(NCC(=O)N1CCC[C@H]1C(=O)N[C@H](Cc1ccccc1)c1ccccc1)c1ccc2ccccc2n1 0.2640185 0.2640 0.6257310 0.6257 0.8486922 -10.8700 1.0000000 1.0000 []
 | 2.7001 35.4792 36.5036 0.5623654 O=C(NCC(=O)N1C[C@H](O)C[C@H]1C(=O)N[C@H](Cc1ccc2ccccc2c1)c1ccccc1)c1ccc2cc(F)ccc2n1 1 COc1ccc([C@H](C)NC(=O)[C@@H]2C[C@@H](O)CN2C(=O)CNC(=O)c2ccc3cc(F)ccc3n2)c(Cl)c1 O=C(NCC(=O)N1CCC[C@H]1C(=O)N[C@H](Cc1ccc2ccccc2c1)c1ccccc1)c1ccc2ccccc2n1 0.2493988 0.2494 0.5721925 0.5722 0.8371800 -10.7000 1.0000000 1.0000 []
 | 3.6509 14.2154 -14.2154 0.0000000 O=C(NCC(=O)N1C[C@H](O)C[C@H]1C(=O)N[C@H](Cc1ccccc1)c1ccccc1)c1ccc2cc(F)ccc2n1 1 COc1ccc([C@H](C)NC(=O)[C@@H]2C[C@@H](O)CN2C(=O)CNC(=O)c2ccc3cc(F)ccc3n2)c(Cl)c1 O=C(NCC(=O)N1CCC[C@H]1C(=O)N[C@H](Cc1ccccc1)c1ccccc1)c1ccc2ccccc2n1 0.3180237 0.3180 0.6331361 0.6331 0.8197404 -10.4600 1.0000000 1.0000 []
00:39:00 <INFO> Score: 0.52 Agent NLL: 2.43 Valid: 100% Step: 57
 | Agent Prior Target Score SMILES SMILES_state Input_SMILES Scaffold QED QED (raw) TanimotoDistance TanimotoDistance (raw) maize maize (raw) Unwanted SMARTS Unwanted SMARTS (raw) matchting_patterns (Unwanted SMARTS)
 | 2.0978 17.5061 58.7046 0.5953960 O=C(NCC(=O)N1C[C@H](O)C[C@H]1C(=O)N[C@@H](Cc1ccc(Cl)cc1)c1ccccc1)c1ccc2cc(F)ccc2n1 1 COc1ccc([C@H](C)NC(=O)[C@@H]2C[C@@H](O)CN2C(=O)CNC(=O)c2ccc3cc(F)ccc3n2)c(Cl)c1 O=C(NCC(=O)N1CCC[C@H]1C(=O)N[C@@H](Cc1ccccc1)c1ccccc1)c1ccc2ccccc2n1 0.2962297 0.2962 0.6547619 0.6548 0.8049257 -10.2700 1.0000000 1.0000 []
 | 1.8954 12.2169 59.7177 0.5619890 O=C(NCC(=O)N1C[C@H](O)C[C@H]1C(=O)N[C@@H](Cc1ccc(O)cc1)c1ccccc1)c1ccc2cc(F)ccc2n1 1 COc1ccc([C@H](C)NC(=O)[C@@H]2C[C@@H](O)CN2C(=O)CNC(=O)c2ccc3cc(F)ccc3n2)c(Cl)c1 O=C(NCC(=O)N1CCC[C@H]1C(=O)N[C@@H](Cc1ccccc1)c1ccccc1)c1ccc2ccccc2n1 0.2640185 0.2640 0.6257310 0.6257 0.7770423 -9.9400 1.0000000 1.0000 []
 | 2.5925 30.0827 42.9067 0.5702296 O=C(NCC(=O)N1C[C@H](O)C[C@H]1C(=O)N[C@@H](Cc1ccc2ccccc2c1)c1ccccc1)c1ccc2cc(F)ccc2n1 1 COc1ccc([C@H](C)NC(=O)[C@@H]2C[C@@H](O)CN2C(=O)CNC(=O)c2ccc3cc(F)ccc3n2)c(Cl)c1 O=C(NCC(=O)N1CCC[C@H]1C(=O)N[C@@H](Cc1ccc2ccccc2c1)c1ccccc1)c1ccc2ccccc2n1 0.2493988 0.2494 0.5721925 0.5722 0.8607581 -11.0600 1.0000000 1.0000 []
 | 2.5600 10.2006 64.6276 0.5845955 O=C(NCC(=O)N1C[C@H](O)C[C@H]1C(=O)N[C@@H](Cc1ccccc1)c1ccccc1)c1ccc2cc(F)ccc2n1 1 COc1ccc([C@H](C)NC(=O)[C@@H]2C[C@@H](O)CN2C(=O)CNC(=O)c2ccc3cc(F)ccc3n2)c(Cl)c1 O=C(NCC(=O)N1CCC[C@H]1C(=O)N[C@@H](Cc1ccccc1)c1ccccc1)c1ccc2ccccc2n1 0.3180237 0.3180 0.6331361 0.6331 0.7616100 -9.7700 1.0000000 1.0000 []
 | 1.9724 10.0226 66.2444 0.5958362 O=C(NCC(=O)N1C[C@H](O)C[C@H]1C(=O)N[C@H](CO)c1ccc(Cl)cc1)c1ccc2cc(F)ccc2n1 1 COc1ccc([C@H](C)NC(=O)[C@@H]2C[C@@H](O)CN2C(=O)CNC(=O)c2ccc3cc(F)ccc3n2)c(Cl)c1 O=C(NCC(=O)N1CCC[C@H]1C(=O)NCc1ccccc1)c1ccc2ccccc2n1 0.3782864 0.3783 0.7482993 0.7483 0.6672764 -8.8600 1.0000000 1.0000 []
 | 1.8274 4.7853 68.0951 0.5693787 O=C(NCC(=O)N1C[C@H](O)C[C@H]1C(=O)N[C@H](CO)c1ccccc1)c1ccc2cc(F)ccc2n1 1 COc1ccc([C@H](C)NC(=O)[C@@H]2C[C@@H](O)CN2C(=O)CNC(=O)c2ccc3cc(F)ccc3n2)c(Cl)c1 O=C(NCC(=O)N1CCC[C@H]1C(=O)NCc1ccccc1)c1ccc2ccccc2n1 0.3976824 0.3977 0.7229730 0.7230 0.6046071 -8.3300 1.0000000 1.0000 []
 | 2.6526 20.3079 54.7829 0.5866468 O=C(NCC(=O)N1C[C@H](O)C[C@H]1C(=O)N[C@H](Cc1ccc(Cl)cc1)c1ccccc1)c1ccc2cc(F)ccc2n1 1 COc1ccc([C@H](C)NC(=O)[C@@H]2C[C@@H](O)CN2C(=O)CNC(=O)c2ccc3cc(F)ccc3n2)c(Cl)c1 O=C(NCC(=O)N1CCC[C@H]1C(=O)N[C@H](Cc1ccccc1)c1ccccc1)c1ccc2ccccc2n1 0.2962297 0.2962 0.6547619 0.6548 0.7814432 -9.9900 1.0000000 1.0000 []
 | 2.2378 17.2345 57.9434 0.5873279 O=C(NCC(=O)N1C[C@H](O)C[C@H]1C(=O)N[C@H](Cc1ccc(O)cc1)c1ccccc1)c1ccc2cc(F)ccc2n1 1 COc1ccc([C@H](C)NC(=O)[C@@H]2C[C@@H](O)CN2C(=O)CNC(=O)c2ccc3cc(F)ccc3n2)c(Cl)c1 O=C(NCC(=O)N1CCC[C@H]1C(=O)N[C@H](Cc1ccccc1)c1ccccc1)c1ccc2ccccc2n1 0.2640185 0.2640 0.6257310 0.6257 0.8486922 -10.8700 1.0000000 1.0000 []
 | 2.6981 35.4792 36.5036 0.5623654 O=C(NCC(=O)N1C[C@H](O)C[C@H]1C(=O)N[C@H](Cc1ccc2ccccc2c1)c1ccccc1)c1ccc2cc(F)ccc2n1 1 COc1ccc([C@H](C)NC(=O)[C@@H]2C[C@@H](O)CN2C(=O)CNC(=O)c2ccc3cc(F)ccc3n2)c(Cl)c1 O=C(NCC(=O)N1CCC[C@H]1C(=O)N[C@H](Cc1ccc2ccccc2c1)c1ccccc1)c1ccc2ccccc2n1 0.2493988 0.2494 0.5721925 0.5722 0.8371800 -10.7000 1.0000000 1.0000 []
 | 3.7668 14.2154 -14.2154 0.0000000 O=C(NCC(=O)N1C[C@H](O)C[C@H]1C(=O)N[C@H](Cc1ccccc1)c1ccccc1)c1ccc2cc(F)ccc2n1 1 COc1ccc([C@H](C)NC(=O)[C@@H]2C[C@@H](O)CN2C(=O)CNC(=O)c2ccc3cc(F)ccc3n2)c(Cl)c1 O=C(NCC(=O)N1CCC[C@H]1C(=O)N[C@H](Cc1ccccc1)c1ccccc1)c1ccc2ccccc2n1 0.3180237 0.3180 0.6331361 0.6331 0.8197404 -10.4600 1.0000000 1.0000 []
00:39:01 <INFO> Score: 0.52 Agent NLL: 2.43 Valid: 100% Step: 58
 | Agent Prior Target Score SMILES SMILES_state Input_SMILES Scaffold QED QED (raw) TanimotoDistance TanimotoDistance (raw) maize maize (raw) Unwanted SMARTS Unwanted SMARTS (raw) matchting_patterns (Unwanted SMARTS)
 | 2.1153 17.5061 58.7046 0.5953960 O=C(NCC(=O)N1C[C@H](O)C[C@H]1C(=O)N[C@@H](Cc1ccc(Cl)cc1)c1ccccc1)c1ccc2cc(F)ccc2n1 1 COc1ccc([C@H](C)NC(=O)[C@@H]2C[C@@H](O)CN2C(=O)CNC(=O)c2ccc3cc(F)ccc3n2)c(Cl)c1 O=C(NCC(=O)N1CCC[C@H]1C(=O)N[C@@H](Cc1ccccc1)c1ccccc1)c1ccc2ccccc2n1 0.2962297 0.2962 0.6547619 0.6548 0.8049257 -10.2700 1.0000000 1.0000 []
 | 1.8744 12.2169 59.7177 0.5619890 O=C(NCC(=O)N1C[C@H](O)C[C@H]1C(=O)N[C@@H](Cc1ccc(O)cc1)c1ccccc1)c1ccc2cc(F)ccc2n1 1 COc1ccc([C@H](C)NC(=O)[C@@H]2C[C@@H](O)CN2C(=O)CNC(=O)c2ccc3cc(F)ccc3n2)c(Cl)c1 O=C(NCC(=O)N1CCC[C@H]1C(=O)N[C@@H](Cc1ccccc1)c1ccccc1)c1ccc2ccccc2n1 0.2640185 0.2640 0.6257310 0.6257 0.7770423 -9.9400 1.0000000 1.0000 []
 | 2.5508 30.0827 42.9067 0.5702296 O=C(NCC(=O)N1C[C@H](O)C[C@H]1C(=O)N[C@@H](Cc1ccc2ccccc2c1)c1ccccc1)c1ccc2cc(F)ccc2n1 1 COc1ccc([C@H](C)NC(=O)[C@@H]2C[C@@H](O)CN2C(=O)CNC(=O)c2ccc3cc(F)ccc3n2)c(Cl)c1 O=C(NCC(=O)N1CCC[C@H]1C(=O)N[C@@H](Cc1ccc2ccccc2c1)c1ccccc1)c1ccc2ccccc2n1 0.2493988 0.2494 0.5721925 0.5722 0.8607581 -11.0600 1.0000000 1.0000 []
 | 2.6039 10.2006 64.6276 0.5845955 O=C(NCC(=O)N1C[C@H](O)C[C@H]1C(=O)N[C@@H](Cc1ccccc1)c1ccccc1)c1ccc2cc(F)ccc2n1 1 COc1ccc([C@H](C)NC(=O)[C@@H]2C[C@@H](O)CN2C(=O)CNC(=O)c2ccc3cc(F)ccc3n2)c(Cl)c1 O=C(NCC(=O)N1CCC[C@H]1C(=O)N[C@@H](Cc1ccccc1)c1ccccc1)c1ccc2ccccc2n1 0.3180237 0.3180 0.6331361 0.6331 0.7616100 -9.7700 1.0000000 1.0000 []
 | 2.0405 10.0226 66.2444 0.5958362 O=C(NCC(=O)N1C[C@H](O)C[C@H]1C(=O)N[C@H](CO)c1ccc(Cl)cc1)c1ccc2cc(F)ccc2n1 1 COc1ccc([C@H](C)NC(=O)[C@@H]2C[C@@H](O)CN2C(=O)CNC(=O)c2ccc3cc(F)ccc3n2)c(Cl)c1 O=C(NCC(=O)N1CCC[C@H]1C(=O)NCc1ccccc1)c1ccc2ccccc2n1 0.3782864 0.3783 0.7482993 0.7483 0.6672764 -8.8600 1.0000000 1.0000 []
 | 1.8675 4.7853 68.0951 0.5693787 O=C(NCC(=O)N1C[C@H](O)C[C@H]1C(=O)N[C@H](CO)c1ccccc1)c1ccc2cc(F)ccc2n1 1 COc1ccc([C@H](C)NC(=O)[C@@H]2C[C@@H](O)CN2C(=O)CNC(=O)c2ccc3cc(F)ccc3n2)c(Cl)c1 O=C(NCC(=O)N1CCC[C@H]1C(=O)NCc1ccccc1)c1ccc2ccccc2n1 0.3976824 0.3977 0.7229730 0.7230 0.6046071 -8.3300 1.0000000 1.0000 []
 | 2.6005 20.3079 54.7829 0.5866468 O=C(NCC(=O)N1C[C@H](O)C[C@H]1C(=O)N[C@H](Cc1ccc(Cl)cc1)c1ccccc1)c1ccc2cc(F)ccc2n1 1 COc1ccc([C@H](C)NC(=O)[C@@H]2C[C@@H](O)CN2C(=O)CNC(=O)c2ccc3cc(F)ccc3n2)c(Cl)c1 O=C(NCC(=O)N1CCC[C@H]1C(=O)N[C@H](Cc1ccccc1)c1ccccc1)c1ccc2ccccc2n1 0.2962297 0.2962 0.6547619 0.6548 0.7814432 -9.9900 1.0000000 1.0000 []
 | 2.1720 17.2345 57.9434 0.5873279 O=C(NCC(=O)N1C[C@H](O)C[C@H]1C(=O)N[C@H](Cc1ccc(O)cc1)c1ccccc1)c1ccc2cc(F)ccc2n1 1 COc1ccc([C@H](C)NC(=O)[C@@H]2C[C@@H](O)CN2C(=O)CNC(=O)c2ccc3cc(F)ccc3n2)c(Cl)c1 O=C(NCC(=O)N1CCC[C@H]1C(=O)N[C@H](Cc1ccccc1)c1ccccc1)c1ccc2ccccc2n1 0.2640185 0.2640 0.6257310 0.6257 0.8486922 -10.8700 1.0000000 1.0000 []
 | 2.6228 35.4792 36.5036 0.5623654 O=C(NCC(=O)N1C[C@H](O)C[C@H]1C(=O)N[C@H](Cc1ccc2ccccc2c1)c1ccccc1)c1ccc2cc(F)ccc2n1 1 COc1ccc([C@H](C)NC(=O)[C@@H]2C[C@@H](O)CN2C(=O)CNC(=O)c2ccc3cc(F)ccc3n2)c(Cl)c1 O=C(NCC(=O)N1CCC[C@H]1C(=O)N[C@H](Cc1ccc2ccccc2c1)c1ccccc1)c1ccc2ccccc2n1 0.2493988 0.2494 0.5721925 0.5722 0.8371800 -10.7000 1.0000000 1.0000 []
 | 3.8146 14.2154 -14.2154 0.0000000 O=C(NCC(=O)N1C[C@H](O)C[C@H]1C(=O)N[C@H](Cc1ccccc1)c1ccccc1)c1ccc2cc(F)ccc2n1 1 COc1ccc([C@H](C)NC(=O)[C@@H]2C[C@@H](O)CN2C(=O)CNC(=O)c2ccc3cc(F)ccc3n2)c(Cl)c1 O=C(NCC(=O)N1CCC[C@H]1C(=O)N[C@H](Cc1ccccc1)c1ccccc1)c1ccc2ccccc2n1 0.3180237 0.3180 0.6331361 0.6331 0.8197404 -10.4600 1.0000000 1.0000 []
00:39:03 <INFO> Score: 0.52 Agent NLL: 2.42 Valid: 100% Step: 59
 | Agent Prior Target Score SMILES SMILES_state Input_SMILES Scaffold QED QED (raw) TanimotoDistance TanimotoDistance (raw) maize maize (raw) Unwanted SMARTS Unwanted SMARTS (raw) matchting_patterns (Unwanted SMARTS)
 | 2.0573 17.5061 58.7046 0.5953960 O=C(NCC(=O)N1C[C@H](O)C[C@H]1C(=O)N[C@@H](Cc1ccc(Cl)cc1)c1ccccc1)c1ccc2cc(F)ccc2n1 1 COc1ccc([C@H](C)NC(=O)[C@@H]2C[C@@H](O)CN2C(=O)CNC(=O)c2ccc3cc(F)ccc3n2)c(Cl)c1 O=C(NCC(=O)N1CCC[C@H]1C(=O)N[C@@H](Cc1ccccc1)c1ccccc1)c1ccc2ccccc2n1 0.2962297 0.2962 0.6547619 0.6548 0.8049257 -10.2700 1.0000000 1.0000 []
 | 1.9010 12.2169 59.7177 0.5619890 O=C(NCC(=O)N1C[C@H](O)C[C@H]1C(=O)N[C@@H](Cc1ccc(O)cc1)c1ccccc1)c1ccc2cc(F)ccc2n1 1 COc1ccc([C@H](C)NC(=O)[C@@H]2C[C@@H](O)CN2C(=O)CNC(=O)c2ccc3cc(F)ccc3n2)c(Cl)c1 O=C(NCC(=O)N1CCC[C@H]1C(=O)N[C@@H](Cc1ccccc1)c1ccccc1)c1ccc2ccccc2n1 0.2640185 0.2640 0.6257310 0.6257 0.7770423 -9.9400 1.0000000 1.0000 []
 | 2.5020 30.0827 42.9067 0.5702296 O=C(NCC(=O)N1C[C@H](O)C[C@H]1C(=O)N[C@@H](Cc1ccc2ccccc2c1)c1ccccc1)c1ccc2cc(F)ccc2n1 1 COc1ccc([C@H](C)NC(=O)[C@@H]2C[C@@H](O)CN2C(=O)CNC(=O)c2ccc3cc(F)ccc3n2)c(Cl)c1 O=C(NCC(=O)N1CCC[C@H]1C(=O)N[C@@H](Cc1ccc2ccccc2c1)c1ccccc1)c1ccc2ccccc2n1 0.2493988 0.2494 0.5721925 0.5722 0.8607581 -11.0600 1.0000000 1.0000 []
 | 2.6342 10.2006 64.6276 0.5845955 O=C(NCC(=O)N1C[C@H](O)C[C@H]1C(=O)N[C@@H](Cc1ccccc1)c1ccccc1)c1ccc2cc(F)ccc2n1 1 COc1ccc([C@H](C)NC(=O)[C@@H]2C[C@@H](O)CN2C(=O)CNC(=O)c2ccc3cc(F)ccc3n2)c(Cl)c1 O=C(NCC(=O)N1CCC[C@H]1C(=O)N[C@@H](Cc1ccccc1)c1ccccc1)c1ccc2ccccc2n1 0.3180237 0.3180 0.6331361 0.6331 0.7616100 -9.7700 1.0000000 1.0000 []
 | 2.1407 10.0226 66.2444 0.5958362 O=C(NCC(=O)N1C[C@H](O)C[C@H]1C(=O)N[C@H](CO)c1ccc(Cl)cc1)c1ccc2cc(F)ccc2n1 1 COc1ccc([C@H](C)NC(=O)[C@@H]2C[C@@H](O)CN2C(=O)CNC(=O)c2ccc3cc(F)ccc3n2)c(Cl)c1 O=C(NCC(=O)N1CCC[C@H]1C(=O)NCc1ccccc1)c1ccc2ccccc2n1 0.3782864 0.3783 0.7482993 0.7483 0.6672764 -8.8600 1.0000000 1.0000 []
 | 1.9498 4.7853 68.0951 0.5693787 O=C(NCC(=O)N1C[C@H](O)C[C@H]1C(=O)N[C@H](CO)c1ccccc1)c1ccc2cc(F)ccc2n1 1 COc1ccc([C@H](C)NC(=O)[C@@H]2C[C@@H](O)CN2C(=O)CNC(=O)c2ccc3cc(F)ccc3n2)c(Cl)c1 O=C(NCC(=O)N1CCC[C@H]1C(=O)NCc1ccccc1)c1ccc2ccccc2n1 0.3976824 0.3977 0.7229730 0.7230 0.6046071 -8.3300 1.0000000 1.0000 []
 | 2.4560 20.3079 54.7829 0.5866468 O=C(NCC(=O)N1C[C@H](O)C[C@H]1C(=O)N[C@H](Cc1ccc(Cl)cc1)c1ccccc1)c1ccc2cc(F)ccc2n1 1 COc1ccc([C@H](C)NC(=O)[C@@H]2C[C@@H](O)CN2C(=O)CNC(=O)c2ccc3cc(F)ccc3n2)c(Cl)c1 O=C(NCC(=O)N1CCC[C@H]1C(=O)N[C@H](Cc1ccccc1)c1ccccc1)c1ccc2ccccc2n1 0.2962297 0.2962 0.6547619 0.6548 0.7814432 -9.9900 1.0000000 1.0000 []
 | 2.1509 17.2345 57.9434 0.5873279 O=C(NCC(=O)N1C[C@H](O)C[C@H]1C(=O)N[C@H](Cc1ccc(O)cc1)c1ccccc1)c1ccc2cc(F)ccc2n1 1 COc1ccc([C@H](C)NC(=O)[C@@H]2C[C@@H](O)CN2C(=O)CNC(=O)c2ccc3cc(F)ccc3n2)c(Cl)c1 O=C(NCC(=O)N1CCC[C@H]1C(=O)N[C@H](Cc1ccccc1)c1ccccc1)c1ccc2ccccc2n1 0.2640185 0.2640 0.6257310 0.6257 0.8486922 -10.8700 1.0000000 1.0000 []
 | 2.5310 35.4792 36.5036 0.5623654 O=C(NCC(=O)N1C[C@H](O)C[C@H]1C(=O)N[C@H](Cc1ccc2ccccc2c1)c1ccccc1)c1ccc2cc(F)ccc2n1 1 COc1ccc([C@H](C)NC(=O)[C@@H]2C[C@@H](O)CN2C(=O)CNC(=O)c2ccc3cc(F)ccc3n2)c(Cl)c1 O=C(NCC(=O)N1CCC[C@H]1C(=O)N[C@H](Cc1ccc2ccccc2c1)c1ccccc1)c1ccc2ccccc2n1 0.2493988 0.2494 0.5721925 0.5722 0.8371800 -10.7000 1.0000000 1.0000 []
 | 3.8427 14.2154 -14.2154 0.0000000 O=C(NCC(=O)N1C[C@H](O)C[C@H]1C(=O)N[C@H](Cc1ccccc1)c1ccccc1)c1ccc2cc(F)ccc2n1 1 COc1ccc([C@H](C)NC(=O)[C@@H]2C[C@@H](O)CN2C(=O)CNC(=O)c2ccc3cc(F)ccc3n2)c(Cl)c1 O=C(NCC(=O)N1CCC[C@H]1C(=O)N[C@H](Cc1ccccc1)c1ccccc1)c1ccc2ccccc2n1 0.3180237 0.3180 0.6331361 0.6331 0.8197404 -10.4600 1.0000000 1.0000 []
00:39:04 <INFO> Score: 0.52 Agent NLL: 2.42 Valid: 100% Step: 60
 | Agent Prior Target Score SMILES SMILES_state Input_SMILES Scaffold QED QED (raw) TanimotoDistance TanimotoDistance (raw) maize maize (raw) Unwanted SMARTS Unwanted SMARTS (raw) matchting_patterns (Unwanted SMARTS)
 | 1.9590 17.5061 58.7046 0.5953960 O=C(NCC(=O)N1C[C@H](O)C[C@H]1C(=O)N[C@@H](Cc1ccc(Cl)cc1)c1ccccc1)c1ccc2cc(F)ccc2n1 1 COc1ccc([C@H](C)NC(=O)[C@@H]2C[C@@H](O)CN2C(=O)CNC(=O)c2ccc3cc(F)ccc3n2)c(Cl)c1 O=C(NCC(=O)N1CCC[C@H]1C(=O)N[C@@H](Cc1ccccc1)c1ccccc1)c1ccc2ccccc2n1 0.2962297 0.2962 0.6547619 0.6548 0.8049257 -10.2700 1.0000000 1.0000 []
 | 1.9586 12.2169 59.7177 0.5619890 O=C(NCC(=O)N1C[C@H](O)C[C@H]1C(=O)N[C@@H](Cc1ccc(O)cc1)c1ccccc1)c1ccc2cc(F)ccc2n1 1 COc1ccc([C@H](C)NC(=O)[C@@H]2C[C@@H](O)CN2C(=O)CNC(=O)c2ccc3cc(F)ccc3n2)c(Cl)c1 O=C(NCC(=O)N1CCC[C@H]1C(=O)N[C@@H](Cc1ccccc1)c1ccccc1)c1ccc2ccccc2n1 0.2640185 0.2640 0.6257310 0.6257 0.7770423 -9.9400 1.0000000 1.0000 []
 | 2.4583 30.0827 42.9067 0.5702296 O=C(NCC(=O)N1C[C@H](O)C[C@H]1C(=O)N[C@@H](Cc1ccc2ccccc2c1)c1ccccc1)c1ccc2cc(F)ccc2n1 1 COc1ccc([C@H](C)NC(=O)[C@@H]2C[C@@H](O)CN2C(=O)CNC(=O)c2ccc3cc(F)ccc3n2)c(Cl)c1 O=C(NCC(=O)N1CCC[C@H]1C(=O)N[C@@H](Cc1ccc2ccccc2c1)c1ccccc1)c1ccc2ccccc2n1 0.2493988 0.2494 0.5721925 0.5722 0.8607581 -11.0600 1.0000000 1.0000 []
 | 2.6543 10.2006 64.6276 0.5845955 O=C(NCC(=O)N1C[C@H](O)C[C@H]1C(=O)N[C@@H](Cc1ccccc1)c1ccccc1)c1ccc2cc(F)ccc2n1 1 COc1ccc([C@H](C)NC(=O)[C@@H]2C[C@@H](O)CN2C(=O)CNC(=O)c2ccc3cc(F)ccc3n2)c(Cl)c1 O=C(NCC(=O)N1CCC[C@H]1C(=O)N[C@@H](Cc1ccccc1)c1ccccc1)c1ccc2ccccc2n1 0.3180237 0.3180 0.6331361 0.6331 0.7616100 -9.7700 1.0000000 1.0000 []
 | 2.2031 10.0226 66.2444 0.5958362 O=C(NCC(=O)N1C[C@H](O)C[C@H]1C(=O)N[C@H](CO)c1ccc(Cl)cc1)c1ccc2cc(F)ccc2n1 1 COc1ccc([C@H](C)NC(=O)[C@@H]2C[C@@H](O)CN2C(=O)CNC(=O)c2ccc3cc(F)ccc3n2)c(Cl)c1 O=C(NCC(=O)N1CCC[C@H]1C(=O)NCc1ccccc1)c1ccc2ccccc2n1 0.3782864 0.3783 0.7482993 0.7483 0.6672764 -8.8600 1.0000000 1.0000 []
 | 2.0022 4.7853 68.0951 0.5693787 O=C(NCC(=O)N1C[C@H](O)C[C@H]1C(=O)N[C@H](CO)c1ccccc1)c1ccc2cc(F)ccc2n1 1 COc1ccc([C@H](C)NC(=O)[C@@H]2C[C@@H](O)CN2C(=O)CNC(=O)c2ccc3cc(F)ccc3n2)c(Cl)c1 O=C(NCC(=O)N1CCC[C@H]1C(=O)NCc1ccccc1)c1ccc2ccccc2n1 0.3976824 0.3977 0.7229730 0.7230 0.6046071 -8.3300 1.0000000 1.0000 []
 | 2.3256 20.3079 54.7829 0.5866468 O=C(NCC(=O)N1C[C@H](O)C[C@H]1C(=O)N[C@H](Cc1ccc(Cl)cc1)c1ccccc1)c1ccc2cc(F)ccc2n1 1 COc1ccc([C@H](C)NC(=O)[C@@H]2C[C@@H](O)CN2C(=O)CNC(=O)c2ccc3cc(F)ccc3n2)c(Cl)c1 O=C(NCC(=O)N1CCC[C@H]1C(=O)N[C@H](Cc1ccccc1)c1ccccc1)c1ccc2ccccc2n1 0.2962297 0.2962 0.6547619 0.6548 0.7814432 -9.9900 1.0000000 1.0000 []
 | 2.2105 17.2345 57.9434 0.5873279 O=C(NCC(=O)N1C[C@H](O)C[C@H]1C(=O)N[C@H](Cc1ccc(O)cc1)c1ccccc1)c1ccc2cc(F)ccc2n1 1 COc1ccc([C@H](C)NC(=O)[C@@H]2C[C@@H](O)CN2C(=O)CNC(=O)c2ccc3cc(F)ccc3n2)c(Cl)c1 O=C(NCC(=O)N1CCC[C@H]1C(=O)N[C@H](Cc1ccccc1)c1ccccc1)c1ccc2ccccc2n1 0.2640185 0.2640 0.6257310 0.6257 0.8486922 -10.8700 1.0000000 1.0000 []
 | 2.4830 35.4792 36.5036 0.5623654 O=C(NCC(=O)N1C[C@H](O)C[C@H]1C(=O)N[C@H](Cc1ccc2ccccc2c1)c1ccccc1)c1ccc2cc(F)ccc2n1 1 COc1ccc([C@H](C)NC(=O)[C@@H]2C[C@@H](O)CN2C(=O)CNC(=O)c2ccc3cc(F)ccc3n2)c(Cl)c1 O=C(NCC(=O)N1CCC[C@H]1C(=O)N[C@H](Cc1ccc2ccccc2c1)c1ccccc1)c1ccc2ccccc2n1 0.2493988 0.2494 0.5721925 0.5722 0.8371800 -10.7000 1.0000000 1.0000 []
 | 3.9104 14.2154 -14.2154 0.0000000 O=C(NCC(=O)N1C[C@H](O)C[C@H]1C(=O)N[C@H](Cc1ccccc1)c1ccccc1)c1ccc2cc(F)ccc2n1 1 COc1ccc([C@H](C)NC(=O)[C@@H]2C[C@@H](O)CN2C(=O)CNC(=O)c2ccc3cc(F)ccc3n2)c(Cl)c1 O=C(NCC(=O)N1CCC[C@H]1C(=O)N[C@H](Cc1ccccc1)c1ccccc1)c1ccc2ccccc2n1 0.3180237 0.3180 0.6331361 0.6331 0.8197404 -10.4600 1.0000000 1.0000 []
00:39:05 <INFO> Score: 0.52 Agent NLL: 2.43 Valid: 100% Step: 61
 | Agent Prior Target Score SMILES SMILES_state Input_SMILES Scaffold QED QED (raw) TanimotoDistance TanimotoDistance (raw) maize maize (raw) Unwanted SMARTS Unwanted SMARTS (raw) matchting_patterns (Unwanted SMARTS)
 | 1.8730 17.5061 58.7046 0.5953960 O=C(NCC(=O)N1C[C@H](O)C[C@H]1C(=O)N[C@@H](Cc1ccc(Cl)cc1)c1ccccc1)c1ccc2cc(F)ccc2n1 1 COc1ccc([C@H](C)NC(=O)[C@@H]2C[C@@H](O)CN2C(=O)CNC(=O)c2ccc3cc(F)ccc3n2)c(Cl)c1 O=C(NCC(=O)N1CCC[C@H]1C(=O)N[C@@H](Cc1ccccc1)c1ccccc1)c1ccc2ccccc2n1 0.2962297 0.2962 0.6547619 0.6548 0.8049257 -10.2700 1.0000000 1.0000 []
 | 2.0088 12.2169 59.7177 0.5619890 O=C(NCC(=O)N1C[C@H](O)C[C@H]1C(=O)N[C@@H](Cc1ccc(O)cc1)c1ccccc1)c1ccc2cc(F)ccc2n1 1 COc1ccc([C@H](C)NC(=O)[C@@H]2C[C@@H](O)CN2C(=O)CNC(=O)c2ccc3cc(F)ccc3n2)c(Cl)c1 O=C(NCC(=O)N1CCC[C@H]1C(=O)N[C@@H](Cc1ccccc1)c1ccccc1)c1ccc2ccccc2n1 0.2640185 0.2640 0.6257310 0.6257 0.7770423 -9.9400 1.0000000 1.0000 []
 | 2.4161 30.0827 42.9067 0.5702296 O=C(NCC(=O)N1C[C@H](O)C[C@H]1C(=O)N[C@@H](Cc1ccc2ccccc2c1)c1ccccc1)c1ccc2cc(F)ccc2n1 1 COc1ccc([C@H](C)NC(=O)[C@@H]2C[C@@H](O)CN2C(=O)CNC(=O)c2ccc3cc(F)ccc3n2)c(Cl)c1 O=C(NCC(=O)N1CCC[C@H]1C(=O)N[C@@H](Cc1ccc2ccccc2c1)c1ccccc1)c1ccc2ccccc2n1 0.2493988 0.2494 0.5721925 0.5722 0.8607581 -11.0600 1.0000000 1.0000 []
 | 2.6585 10.2006 64.6276 0.5845955 O=C(NCC(=O)N1C[C@H](O)C[C@H]1C(=O)N[C@@H](Cc1ccccc1)c1ccccc1)c1ccc2cc(F)ccc2n1 1 COc1ccc([C@H](C)NC(=O)[C@@H]2C[C@@H](O)CN2C(=O)CNC(=O)c2ccc3cc(F)ccc3n2)c(Cl)c1 O=C(NCC(=O)N1CCC[C@H]1C(=O)N[C@@H](Cc1ccccc1)c1ccccc1)c1ccc2ccccc2n1 0.3180237 0.3180 0.6331361 0.6331 0.7616100 -9.7700 1.0000000 1.0000 []
 | 2.1946 10.0226 66.2444 0.5958362 O=C(NCC(=O)N1C[C@H](O)C[C@H]1C(=O)N[C@H](CO)c1ccc(Cl)cc1)c1ccc2cc(F)ccc2n1 1 COc1ccc([C@H](C)NC(=O)[C@@H]2C[C@@H](O)CN2C(=O)CNC(=O)c2ccc3cc(F)ccc3n2)c(Cl)c1 O=C(NCC(=O)N1CCC[C@H]1C(=O)NCc1ccccc1)c1ccc2ccccc2n1 0.3782864 0.3783 0.7482993 0.7483 0.6672764 -8.8600 1.0000000 1.0000 []
 | 1.9878 4.7853 68.0951 0.5693787 O=C(NCC(=O)N1C[C@H](O)C[C@H]1C(=O)N[C@H](CO)c1ccccc1)c1ccc2cc(F)ccc2n1 1 COc1ccc([C@H](C)NC(=O)[C@@H]2C[C@@H](O)CN2C(=O)CNC(=O)c2ccc3cc(F)ccc3n2)c(Cl)c1 O=C(NCC(=O)N1CCC[C@H]1C(=O)NCc1ccccc1)c1ccc2ccccc2n1 0.3976824 0.3977 0.7229730 0.7230 0.6046071 -8.3300 1.0000000 1.0000 []
 | 2.2795 20.3079 54.7829 0.5866468 O=C(NCC(=O)N1C[C@H](O)C[C@H]1C(=O)N[C@H](Cc1ccc(Cl)cc1)c1ccccc1)c1ccc2cc(F)ccc2n1 1 COc1ccc([C@H](C)NC(=O)[C@@H]2C[C@@H](O)CN2C(=O)CNC(=O)c2ccc3cc(F)ccc3n2)c(Cl)c1 O=C(NCC(=O)N1CCC[C@H]1C(=O)N[C@H](Cc1ccccc1)c1ccccc1)c1ccc2ccccc2n1 0.2962297 0.2962 0.6547619 0.6548 0.7814432 -9.9900 1.0000000 1.0000 []
 | 2.3319 17.2345 57.9434 0.5873279 O=C(NCC(=O)N1C[C@H](O)C[C@H]1C(=O)N[C@H](Cc1ccc(O)cc1)c1ccccc1)c1ccc2cc(F)ccc2n1 1 COc1ccc([C@H](C)NC(=O)[C@@H]2C[C@@H](O)CN2C(=O)CNC(=O)c2ccc3cc(F)ccc3n2)c(Cl)c1 O=C(NCC(=O)N1CCC[C@H]1C(=O)N[C@H](Cc1ccccc1)c1ccccc1)c1ccc2ccccc2n1 0.2640185 0.2640 0.6257310 0.6257 0.8486922 -10.8700 1.0000000 1.0000 []
 | 2.5016 35.4792 36.5036 0.5623654 O=C(NCC(=O)N1C[C@H](O)C[C@H]1C(=O)N[C@H](Cc1ccc2ccccc2c1)c1ccccc1)c1ccc2cc(F)ccc2n1 1 COc1ccc([C@H](C)NC(=O)[C@@H]2C[C@@H](O)CN2C(=O)CNC(=O)c2ccc3cc(F)ccc3n2)c(Cl)c1 O=C(NCC(=O)N1CCC[C@H]1C(=O)N[C@H](Cc1ccc2ccccc2c1)c1ccccc1)c1ccc2ccccc2n1 0.2493988 0.2494 0.5721925 0.5722 0.8371800 -10.7000 1.0000000 1.0000 []
 | 4.0325 14.2154 -14.2154 0.0000000 O=C(NCC(=O)N1C[C@H](O)C[C@H]1C(=O)N[C@H](Cc1ccccc1)c1ccccc1)c1ccc2cc(F)ccc2n1 1 COc1ccc([C@H](C)NC(=O)[C@@H]2C[C@@H](O)CN2C(=O)CNC(=O)c2ccc3cc(F)ccc3n2)c(Cl)c1 O=C(NCC(=O)N1CCC[C@H]1C(=O)N[C@H](Cc1ccccc1)c1ccccc1)c1ccc2ccccc2n1 0.3180237 0.3180 0.6331361 0.6331 0.8197404 -10.4600 1.0000000 1.0000 []
00:39:07 <INFO> Score: 0.52 Agent NLL: 2.45 Valid: 100% Step: 62
 | Agent Prior Target Score SMILES SMILES_state Input_SMILES Scaffold QED QED (raw) TanimotoDistance TanimotoDistance (raw) maize maize (raw) Unwanted SMARTS Unwanted SMARTS (raw) matchting_patterns (Unwanted SMARTS)
 | 1.8244 17.5061 58.7046 0.5953960 O=C(NCC(=O)N1C[C@H](O)C[C@H]1C(=O)N[C@@H](Cc1ccc(Cl)cc1)c1ccccc1)c1ccc2cc(F)ccc2n1 1 COc1ccc([C@H](C)NC(=O)[C@@H]2C[C@@H](O)CN2C(=O)CNC(=O)c2ccc3cc(F)ccc3n2)c(Cl)c1 O=C(NCC(=O)N1CCC[C@H]1C(=O)N[C@@H](Cc1ccccc1)c1ccccc1)c1ccc2ccccc2n1 0.2962297 0.2962 0.6547619 0.6548 0.8049257 -10.2700 1.0000000 1.0000 []
 | 2.0257 12.2169 59.7177 0.5619890 O=C(NCC(=O)N1C[C@H](O)C[C@H]1C(=O)N[C@@H](Cc1ccc(O)cc1)c1ccccc1)c1ccc2cc(F)ccc2n1 1 COc1ccc([C@H](C)NC(=O)[C@@H]2C[C@@H](O)CN2C(=O)CNC(=O)c2ccc3cc(F)ccc3n2)c(Cl)c1 O=C(NCC(=O)N1CCC[C@H]1C(=O)N[C@@H](Cc1ccccc1)c1ccccc1)c1ccc2ccccc2n1 0.2640185 0.2640 0.6257310 0.6257 0.7770423 -9.9400 1.0000000 1.0000 []
 | 2.3830 30.0827 42.9067 0.5702296 O=C(NCC(=O)N1C[C@H](O)C[C@H]1C(=O)N[C@@H](Cc1ccc2ccccc2c1)c1ccccc1)c1ccc2cc(F)ccc2n1 1 COc1ccc([C@H](C)NC(=O)[C@@H]2C[C@@H](O)CN2C(=O)CNC(=O)c2ccc3cc(F)ccc3n2)c(Cl)c1 O=C(NCC(=O)N1CCC[C@H]1C(=O)N[C@@H](Cc1ccc2ccccc2c1)c1ccccc1)c1ccc2ccccc2n1 0.2493988 0.2494 0.5721925 0.5722 0.8607581 -11.0600 1.0000000 1.0000 []
 | 2.6488 10.2006 64.6276 0.5845955 O=C(NCC(=O)N1C[C@H](O)C[C@H]1C(=O)N[C@@H](Cc1ccccc1)c1ccccc1)c1ccc2cc(F)ccc2n1 1 COc1ccc([C@H](C)NC(=O)[C@@H]2C[C@@H](O)CN2C(=O)CNC(=O)c2ccc3cc(F)ccc3n2)c(Cl)c1 O=C(NCC(=O)N1CCC[C@H]1C(=O)N[C@@H](Cc1ccccc1)c1ccccc1)c1ccc2ccccc2n1 0.3180237 0.3180 0.6331361 0.6331 0.7616100 -9.7700 1.0000000 1.0000 []
 | 2.1341 10.0226 66.2444 0.5958362 O=C(NCC(=O)N1C[C@H](O)C[C@H]1C(=O)N[C@H](CO)c1ccc(Cl)cc1)c1ccc2cc(F)ccc2n1 1 COc1ccc([C@H](C)NC(=O)[C@@H]2C[C@@H](O)CN2C(=O)CNC(=O)c2ccc3cc(F)ccc3n2)c(Cl)c1 O=C(NCC(=O)N1CCC[C@H]1C(=O)NCc1ccccc1)c1ccc2ccccc2n1 0.3782864 0.3783 0.7482993 0.7483 0.6672764 -8.8600 1.0000000 1.0000 []
 | 1.9220 4.7853 68.0951 0.5693787 O=C(NCC(=O)N1C[C@H](O)C[C@H]1C(=O)N[C@H](CO)c1ccccc1)c1ccc2cc(F)ccc2n1 1 COc1ccc([C@H](C)NC(=O)[C@@H]2C[C@@H](O)CN2C(=O)CNC(=O)c2ccc3cc(F)ccc3n2)c(Cl)c1 O=C(NCC(=O)N1CCC[C@H]1C(=O)NCc1ccccc1)c1ccc2ccccc2n1 0.3976824 0.3977 0.7229730 0.7230 0.6046071 -8.3300 1.0000000 1.0000 []
 | 2.3229 20.3079 54.7829 0.5866468 O=C(NCC(=O)N1C[C@H](O)C[C@H]1C(=O)N[C@H](Cc1ccc(Cl)cc1)c1ccccc1)c1ccc2cc(F)ccc2n1 1 COc1ccc([C@H](C)NC(=O)[C@@H]2C[C@@H](O)CN2C(=O)CNC(=O)c2ccc3cc(F)ccc3n2)c(Cl)c1 O=C(NCC(=O)N1CCC[C@H]1C(=O)N[C@H](Cc1ccccc1)c1ccccc1)c1ccc2ccccc2n1 0.2962297 0.2962 0.6547619 0.6548 0.7814432 -9.9900 1.0000000 1.0000 []
 | 2.4676 17.2345 57.9434 0.5873279 O=C(NCC(=O)N1C[C@H](O)C[C@H]1C(=O)N[C@H](Cc1ccc(O)cc1)c1ccccc1)c1ccc2cc(F)ccc2n1 1 COc1ccc([C@H](C)NC(=O)[C@@H]2C[C@@H](O)CN2C(=O)CNC(=O)c2ccc3cc(F)ccc3n2)c(Cl)c1 O=C(NCC(=O)N1CCC[C@H]1C(=O)N[C@H](Cc1ccccc1)c1ccccc1)c1ccc2ccccc2n1 0.2640185 0.2640 0.6257310 0.6257 0.8486922 -10.8700 1.0000000 1.0000 []
 | 2.5763 35.4792 36.5036 0.5623654 O=C(NCC(=O)N1C[C@H](O)C[C@H]1C(=O)N[C@H](Cc1ccc2ccccc2c1)c1ccccc1)c1ccc2cc(F)ccc2n1 1 COc1ccc([C@H](C)NC(=O)[C@@H]2C[C@@H](O)CN2C(=O)CNC(=O)c2ccc3cc(F)ccc3n2)c(Cl)c1 O=C(NCC(=O)N1CCC[C@H]1C(=O)N[C@H](Cc1ccc2ccccc2c1)c1ccccc1)c1ccc2ccccc2n1 0.2493988 0.2494 0.5721925 0.5722 0.8371800 -10.7000 1.0000000 1.0000 []
 | 4.1920 14.2154 -14.2154 0.0000000 O=C(NCC(=O)N1C[C@H](O)C[C@H]1C(=O)N[C@H](Cc1ccccc1)c1ccccc1)c1ccc2cc(F)ccc2n1 1 COc1ccc([C@H](C)NC(=O)[C@@H]2C[C@@H](O)CN2C(=O)CNC(=O)c2ccc3cc(F)ccc3n2)c(Cl)c1 O=C(NCC(=O)N1CCC[C@H]1C(=O)N[C@H](Cc1ccccc1)c1ccccc1)c1ccc2ccccc2n1 0.3180237 0.3180 0.6331361 0.6331 0.8197404 -10.4600 1.0000000 1.0000 []
00:39:08 <INFO> Score: 0.52 Agent NLL: 2.47 Valid: 100% Step: 63
 | Agent Prior Target Score SMILES SMILES_state Input_SMILES Scaffold QED QED (raw) TanimotoDistance TanimotoDistance (raw) maize maize (raw) Unwanted SMARTS Unwanted SMARTS (raw) matchting_patterns (Unwanted SMARTS)
 | 1.8167 17.5061 58.7046 0.5953960 O=C(NCC(=O)N1C[C@H](O)C[C@H]1C(=O)N[C@@H](Cc1ccc(Cl)cc1)c1ccccc1)c1ccc2cc(F)ccc2n1 1 COc1ccc([C@H](C)NC(=O)[C@@H]2C[C@@H](O)CN2C(=O)CNC(=O)c2ccc3cc(F)ccc3n2)c(Cl)c1 O=C(NCC(=O)N1CCC[C@H]1C(=O)N[C@@H](Cc1ccccc1)c1ccccc1)c1ccc2ccccc2n1 0.2962297 0.2962 0.6547619 0.6548 0.8049257 -10.2700 1.0000000 1.0000 []
 | 2.0061 12.2169 59.7177 0.5619890 O=C(NCC(=O)N1C[C@H](O)C[C@H]1C(=O)N[C@@H](Cc1ccc(O)cc1)c1ccccc1)c1ccc2cc(F)ccc2n1 1 COc1ccc([C@H](C)NC(=O)[C@@H]2C[C@@H](O)CN2C(=O)CNC(=O)c2ccc3cc(F)ccc3n2)c(Cl)c1 O=C(NCC(=O)N1CCC[C@H]1C(=O)N[C@@H](Cc1ccccc1)c1ccccc1)c1ccc2ccccc2n1 0.2640185 0.2640 0.6257310 0.6257 0.7770423 -9.9400 1.0000000 1.0000 []
 | 2.3677 30.0827 42.9067 0.5702296 O=C(NCC(=O)N1C[C@H](O)C[C@H]1C(=O)N[C@@H](Cc1ccc2ccccc2c1)c1ccccc1)c1ccc2cc(F)ccc2n1 1 COc1ccc([C@H](C)NC(=O)[C@@H]2C[C@@H](O)CN2C(=O)CNC(=O)c2ccc3cc(F)ccc3n2)c(Cl)c1 O=C(NCC(=O)N1CCC[C@H]1C(=O)N[C@@H](Cc1ccc2ccccc2c1)c1ccccc1)c1ccc2ccccc2n1 0.2493988 0.2494 0.5721925 0.5722 0.8607581 -11.0600 1.0000000 1.0000 []
 | 2.6286 10.2006 64.6276 0.5845955 O=C(NCC(=O)N1C[C@H](O)C[C@H]1C(=O)N[C@@H](Cc1ccccc1)c1ccccc1)c1ccc2cc(F)ccc2n1 1 COc1ccc([C@H](C)NC(=O)[C@@H]2C[C@@H](O)CN2C(=O)CNC(=O)c2ccc3cc(F)ccc3n2)c(Cl)c1 O=C(NCC(=O)N1CCC[C@H]1C(=O)N[C@@H](Cc1ccccc1)c1ccccc1)c1ccc2ccccc2n1 0.3180237 0.3180 0.6331361 0.6331 0.7616100 -9.7700 1.0000000 1.0000 []
 | 2.0894 10.0226 66.2444 0.5958362 O=C(NCC(=O)N1C[C@H](O)C[C@H]1C(=O)N[C@H](CO)c1ccc(Cl)cc1)c1ccc2cc(F)ccc2n1 1 COc1ccc([C@H](C)NC(=O)[C@@H]2C[C@@H](O)CN2C(=O)CNC(=O)c2ccc3cc(F)ccc3n2)c(Cl)c1 O=C(NCC(=O)N1CCC[C@H]1C(=O)NCc1ccccc1)c1ccc2ccccc2n1 0.3782864 0.3783 0.7482993 0.7483 0.6672764 -8.8600 1.0000000 1.0000 []
 | 1.8713 4.7853 68.0951 0.5693787 O=C(NCC(=O)N1C[C@H](O)C[C@H]1C(=O)N[C@H](CO)c1ccccc1)c1ccc2cc(F)ccc2n1 1 COc1ccc([C@H](C)NC(=O)[C@@H]2C[C@@H](O)CN2C(=O)CNC(=O)c2ccc3cc(F)ccc3n2)c(Cl)c1 O=C(NCC(=O)N1CCC[C@H]1C(=O)NCc1ccccc1)c1ccc2ccccc2n1 0.3976824 0.3977 0.7229730 0.7230 0.6046071 -8.3300 1.0000000 1.0000 []
 | 2.3955 20.3079 54.7829 0.5866468 O=C(NCC(=O)N1C[C@H](O)C[C@H]1C(=O)N[C@H](Cc1ccc(Cl)cc1)c1ccccc1)c1ccc2cc(F)ccc2n1 1 COc1ccc([C@H](C)NC(=O)[C@@H]2C[C@@H](O)CN2C(=O)CNC(=O)c2ccc3cc(F)ccc3n2)c(Cl)c1 O=C(NCC(=O)N1CCC[C@H]1C(=O)N[C@H](Cc1ccccc1)c1ccccc1)c1ccc2ccccc2n1 0.2962297 0.2962 0.6547619 0.6548 0.7814432 -9.9900 1.0000000 1.0000 []
 | 2.5355 17.2345 57.9434 0.5873279 O=C(NCC(=O)N1C[C@H](O)C[C@H]1C(=O)N[C@H](Cc1ccc(O)cc1)c1ccccc1)c1ccc2cc(F)ccc2n1 1 COc1ccc([C@H](C)NC(=O)[C@@H]2C[C@@H](O)CN2C(=O)CNC(=O)c2ccc3cc(F)ccc3n2)c(Cl)c1 O=C(NCC(=O)N1CCC[C@H]1C(=O)N[C@H](Cc1ccccc1)c1ccccc1)c1ccc2ccccc2n1 0.2640185 0.2640 0.6257310 0.6257 0.8486922 -10.8700 1.0000000 1.0000 []
 | 2.6484 35.4792 36.5036 0.5623654 O=C(NCC(=O)N1C[C@H](O)C[C@H]1C(=O)N[C@H](Cc1ccc2ccccc2c1)c1ccccc1)c1ccc2cc(F)ccc2n1 1 COc1ccc([C@H](C)NC(=O)[C@@H]2C[C@@H](O)CN2C(=O)CNC(=O)c2ccc3cc(F)ccc3n2)c(Cl)c1 O=C(NCC(=O)N1CCC[C@H]1C(=O)N[C@H](Cc1ccc2ccccc2c1)c1ccccc1)c1ccc2ccccc2n1 0.2493988 0.2494 0.5721925 0.5722 0.8371800 -10.7000 1.0000000 1.0000 []
 | 4.3232 14.2154 -14.2154 0.0000000 O=C(NCC(=O)N1C[C@H](O)C[C@H]1C(=O)N[C@H](Cc1ccccc1)c1ccccc1)c1ccc2cc(F)ccc2n1 1 COc1ccc([C@H](C)NC(=O)[C@@H]2C[C@@H](O)CN2C(=O)CNC(=O)c2ccc3cc(F)ccc3n2)c(Cl)c1 O=C(NCC(=O)N1CCC[C@H]1C(=O)N[C@H](Cc1ccccc1)c1ccccc1)c1ccc2ccccc2n1 0.3180237 0.3180 0.6331361 0.6331 0.8197404 -10.4600 1.0000000 1.0000 []
00:39:10 <INFO> Score: 0.52 Agent NLL: 2.47 Valid: 100% Step: 64
 | Agent Prior Target Score SMILES SMILES_state Input_SMILES Scaffold QED QED (raw) TanimotoDistance TanimotoDistance (raw) maize maize (raw) Unwanted SMARTS Unwanted SMARTS (raw) matchting_patterns (Unwanted SMARTS)
 | 1.8460 17.5061 58.7046 0.5953960 O=C(NCC(=O)N1C[C@H](O)C[C@H]1C(=O)N[C@@H](Cc1ccc(Cl)cc1)c1ccccc1)c1ccc2cc(F)ccc2n1 1 COc1ccc([C@H](C)NC(=O)[C@@H]2C[C@@H](O)CN2C(=O)CNC(=O)c2ccc3cc(F)ccc3n2)c(Cl)c1 O=C(NCC(=O)N1CCC[C@H]1C(=O)N[C@@H](Cc1ccccc1)c1ccccc1)c1ccc2ccccc2n1 0.2962297 0.2962 0.6547619 0.6548 0.8049257 -10.2700 1.0000000 1.0000 []
 | 1.9608 12.2169 59.7177 0.5619890 O=C(NCC(=O)N1C[C@H](O)C[C@H]1C(=O)N[C@@H](Cc1ccc(O)cc1)c1ccccc1)c1ccc2cc(F)ccc2n1 1 COc1ccc([C@H](C)NC(=O)[C@@H]2C[C@@H](O)CN2C(=O)CNC(=O)c2ccc3cc(F)ccc3n2)c(Cl)c1 O=C(NCC(=O)N1CCC[C@H]1C(=O)N[C@@H](Cc1ccccc1)c1ccccc1)c1ccc2ccccc2n1 0.2640185 0.2640 0.6257310 0.6257 0.7770423 -9.9400 1.0000000 1.0000 []
 | 2.3705 30.0827 42.9067 0.5702296 O=C(NCC(=O)N1C[C@H](O)C[C@H]1C(=O)N[C@@H](Cc1ccc2ccccc2c1)c1ccccc1)c1ccc2cc(F)ccc2n1 1 COc1ccc([C@H](C)NC(=O)[C@@H]2C[C@@H](O)CN2C(=O)CNC(=O)c2ccc3cc(F)ccc3n2)c(Cl)c1 O=C(NCC(=O)N1CCC[C@H]1C(=O)N[C@@H](Cc1ccc2ccccc2c1)c1ccccc1)c1ccc2ccccc2n1 0.2493988 0.2494 0.5721925 0.5722 0.8607581 -11.0600 1.0000000 1.0000 []
 | 2.6017 10.2006 64.6276 0.5845955 O=C(NCC(=O)N1C[C@H](O)C[C@H]1C(=O)N[C@@H](Cc1ccccc1)c1ccccc1)c1ccc2cc(F)ccc2n1 1 COc1ccc([C@H](C)NC(=O)[C@@H]2C[C@@H](O)CN2C(=O)CNC(=O)c2ccc3cc(F)ccc3n2)c(Cl)c1 O=C(NCC(=O)N1CCC[C@H]1C(=O)N[C@@H](Cc1ccccc1)c1ccccc1)c1ccc2ccccc2n1 0.3180237 0.3180 0.6331361 0.6331 0.7616100 -9.7700 1.0000000 1.0000 []
 | 2.0977 10.0226 66.2444 0.5958362 O=C(NCC(=O)N1C[C@H](O)C[C@H]1C(=O)N[C@H](CO)c1ccc(Cl)cc1)c1ccc2cc(F)ccc2n1 1 COc1ccc([C@H](C)NC(=O)[C@@H]2C[C@@H](O)CN2C(=O)CNC(=O)c2ccc3cc(F)ccc3n2)c(Cl)c1 O=C(NCC(=O)N1CCC[C@H]1C(=O)NCc1ccccc1)c1ccc2ccccc2n1 0.3782864 0.3783 0.7482993 0.7483 0.6672764 -8.8600 1.0000000 1.0000 []
 | 1.8743 4.7853 68.0951 0.5693787 O=C(NCC(=O)N1C[C@H](O)C[C@H]1C(=O)N[C@H](CO)c1ccccc1)c1ccc2cc(F)ccc2n1 1 COc1ccc([C@H](C)NC(=O)[C@@H]2C[C@@H](O)CN2C(=O)CNC(=O)c2ccc3cc(F)ccc3n2)c(Cl)c1 O=C(NCC(=O)N1CCC[C@H]1C(=O)NCc1ccccc1)c1ccc2ccccc2n1 0.3976824 0.3977 0.7229730 0.7230 0.6046071 -8.3300 1.0000000 1.0000 []
 | 2.4338 20.3079 54.7829 0.5866468 O=C(NCC(=O)N1C[C@H](O)C[C@H]1C(=O)N[C@H](Cc1ccc(Cl)cc1)c1ccccc1)c1ccc2cc(F)ccc2n1 1 COc1ccc([C@H](C)NC(=O)[C@@H]2C[C@@H](O)CN2C(=O)CNC(=O)c2ccc3cc(F)ccc3n2)c(Cl)c1 O=C(NCC(=O)N1CCC[C@H]1C(=O)N[C@H](Cc1ccccc1)c1ccccc1)c1ccc2ccccc2n1 0.2962297 0.2962 0.6547619 0.6548 0.7814432 -9.9900 1.0000000 1.0000 []
 | 2.4918 17.2345 57.9434 0.5873279 O=C(NCC(=O)N1C[C@H](O)C[C@H]1C(=O)N[C@H](Cc1ccc(O)cc1)c1ccccc1)c1ccc2cc(F)ccc2n1 1 COc1ccc([C@H](C)NC(=O)[C@@H]2C[C@@H](O)CN2C(=O)CNC(=O)c2ccc3cc(F)ccc3n2)c(Cl)c1 O=C(NCC(=O)N1CCC[C@H]1C(=O)N[C@H](Cc1ccccc1)c1ccccc1)c1ccc2ccccc2n1 0.2640185 0.2640 0.6257310 0.6257 0.8486922 -10.8700 1.0000000 1.0000 []
 | 2.6636 35.4792 36.5036 0.5623654 O=C(NCC(=O)N1C[C@H](O)C[C@H]1C(=O)N[C@H](Cc1ccc2ccccc2c1)c1ccccc1)c1ccc2cc(F)ccc2n1 1 COc1ccc([C@H](C)NC(=O)[C@@H]2C[C@@H](O)CN2C(=O)CNC(=O)c2ccc3cc(F)ccc3n2)c(Cl)c1 O=C(NCC(=O)N1CCC[C@H]1C(=O)N[C@H](Cc1ccc2ccccc2c1)c1ccccc1)c1ccc2ccccc2n1 0.2493988 0.2494 0.5721925 0.5722 0.8371800 -10.7000 1.0000000 1.0000 []
 | 4.3716 14.2154 -14.2154 0.0000000 O=C(NCC(=O)N1C[C@H](O)C[C@H]1C(=O)N[C@H](Cc1ccccc1)c1ccccc1)c1ccc2cc(F)ccc2n1 1 COc1ccc([C@H](C)NC(=O)[C@@H]2C[C@@H](O)CN2C(=O)CNC(=O)c2ccc3cc(F)ccc3n2)c(Cl)c1 O=C(NCC(=O)N1CCC[C@H]1C(=O)N[C@H](Cc1ccccc1)c1ccccc1)c1ccc2ccccc2n1 0.3180237 0.3180 0.6331361 0.6331 0.8197404 -10.4600 1.0000000 1.0000 []
00:39:11 <INFO> Score: 0.52 Agent NLL: 2.46 Valid: 100% Step: 65
 | Agent Prior Target Score SMILES SMILES_state Input_SMILES Scaffold QED QED (raw) TanimotoDistance TanimotoDistance (raw) maize maize (raw) Unwanted SMARTS Unwanted SMARTS (raw) matchting_patterns (Unwanted SMARTS)
 | 1.9057 17.5061 58.7046 0.5953960 O=C(NCC(=O)N1C[C@H](O)C[C@H]1C(=O)N[C@@H](Cc1ccc(Cl)cc1)c1ccccc1)c1ccc2cc(F)ccc2n1 1 COc1ccc([C@H](C)NC(=O)[C@@H]2C[C@@H](O)CN2C(=O)CNC(=O)c2ccc3cc(F)ccc3n2)c(Cl)c1 O=C(NCC(=O)N1CCC[C@H]1C(=O)N[C@@H](Cc1ccccc1)c1ccccc1)c1ccc2ccccc2n1 0.2962297 0.2962 0.6547619 0.6548 0.8049257 -10.2700 1.0000000 1.0000 []
 | 1.9055 12.2169 59.7177 0.5619890 O=C(NCC(=O)N1C[C@H](O)C[C@H]1C(=O)N[C@@H](Cc1ccc(O)cc1)c1ccccc1)c1ccc2cc(F)ccc2n1 1 COc1ccc([C@H](C)NC(=O)[C@@H]2C[C@@H](O)CN2C(=O)CNC(=O)c2ccc3cc(F)ccc3n2)c(Cl)c1 O=C(NCC(=O)N1CCC[C@H]1C(=O)N[C@@H](Cc1ccccc1)c1ccccc1)c1ccc2ccccc2n1 0.2640185 0.2640 0.6257310 0.6257 0.7770423 -9.9400 1.0000000 1.0000 []
 | 2.3909 30.0827 42.9067 0.5702296 O=C(NCC(=O)N1C[C@H](O)C[C@H]1C(=O)N[C@@H](Cc1ccc2ccccc2c1)c1ccccc1)c1ccc2cc(F)ccc2n1 1 COc1ccc([C@H](C)NC(=O)[C@@H]2C[C@@H](O)CN2C(=O)CNC(=O)c2ccc3cc(F)ccc3n2)c(Cl)c1 O=C(NCC(=O)N1CCC[C@H]1C(=O)N[C@@H](Cc1ccc2ccccc2c1)c1ccccc1)c1ccc2ccccc2n1 0.2493988 0.2494 0.5721925 0.5722 0.8607581 -11.0600 1.0000000 1.0000 []
 | 2.5707 10.2006 64.6276 0.5845955 O=C(NCC(=O)N1C[C@H](O)C[C@H]1C(=O)N[C@@H](Cc1ccccc1)c1ccccc1)c1ccc2cc(F)ccc2n1 1 COc1ccc([C@H](C)NC(=O)[C@@H]2C[C@@H](O)CN2C(=O)CNC(=O)c2ccc3cc(F)ccc3n2)c(Cl)c1 O=C(NCC(=O)N1CCC[C@H]1C(=O)N[C@@H](Cc1ccccc1)c1ccccc1)c1ccc2ccccc2n1 0.3180237 0.3180 0.6331361 0.6331 0.7616100 -9.7700 1.0000000 1.0000 []
 | 2.1528 10.0226 66.2444 0.5958362 O=C(NCC(=O)N1C[C@H](O)C[C@H]1C(=O)N[C@H](CO)c1ccc(Cl)cc1)c1ccc2cc(F)ccc2n1 1 COc1ccc([C@H](C)NC(=O)[C@@H]2C[C@@H](O)CN2C(=O)CNC(=O)c2ccc3cc(F)ccc3n2)c(Cl)c1 O=C(NCC(=O)N1CCC[C@H]1C(=O)NCc1ccccc1)c1ccc2ccccc2n1 0.3782864 0.3783 0.7482993 0.7483 0.6672764 -8.8600 1.0000000 1.0000 []
 | 1.9261 4.7853 68.0951 0.5693787 O=C(NCC(=O)N1C[C@H](O)C[C@H]1C(=O)N[C@H](CO)c1ccccc1)c1ccc2cc(F)ccc2n1 1 COc1ccc([C@H](C)NC(=O)[C@@H]2C[C@@H](O)CN2C(=O)CNC(=O)c2ccc3cc(F)ccc3n2)c(Cl)c1 O=C(NCC(=O)N1CCC[C@H]1C(=O)NCc1ccccc1)c1ccc2ccccc2n1 0.3976824 0.3977 0.7229730 0.7230 0.6046071 -8.3300 1.0000000 1.0000 []
 | 2.4254 20.3079 54.7829 0.5866468 O=C(NCC(=O)N1C[C@H](O)C[C@H]1C(=O)N[C@H](Cc1ccc(Cl)cc1)c1ccccc1)c1ccc2cc(F)ccc2n1 1 COc1ccc([C@H](C)NC(=O)[C@@H]2C[C@@H](O)CN2C(=O)CNC(=O)c2ccc3cc(F)ccc3n2)c(Cl)c1 O=C(NCC(=O)N1CCC[C@H]1C(=O)N[C@H](Cc1ccccc1)c1ccccc1)c1ccc2ccccc2n1 0.2962297 0.2962 0.6547619 0.6548 0.7814432 -9.9900 1.0000000 1.0000 []
 | 2.3646 17.2345 57.9434 0.5873279 O=C(NCC(=O)N1C[C@H](O)C[C@H]1C(=O)N[C@H](Cc1ccc(O)cc1)c1ccccc1)c1ccc2cc(F)ccc2n1 1 COc1ccc([C@H](C)NC(=O)[C@@H]2C[C@@H](O)CN2C(=O)CNC(=O)c2ccc3cc(F)ccc3n2)c(Cl)c1 O=C(NCC(=O)N1CCC[C@H]1C(=O)N[C@H](Cc1ccccc1)c1ccccc1)c1ccc2ccccc2n1 0.2640185 0.2640 0.6257310 0.6257 0.8486922 -10.8700 1.0000000 1.0000 []
 | 2.6236 35.4792 36.5036 0.5623654 O=C(NCC(=O)N1C[C@H](O)C[C@H]1C(=O)N[C@H](Cc1ccc2ccccc2c1)c1ccccc1)c1ccc2cc(F)ccc2n1 1 COc1ccc([C@H](C)NC(=O)[C@@H]2C[C@@H](O)CN2C(=O)CNC(=O)c2ccc3cc(F)ccc3n2)c(Cl)c1 O=C(NCC(=O)N1CCC[C@H]1C(=O)N[C@H](Cc1ccc2ccccc2c1)c1ccccc1)c1ccc2ccccc2n1 0.2493988 0.2494 0.5721925 0.5722 0.8371800 -10.7000 1.0000000 1.0000 []
 | 4.3379 14.2154 -14.2154 0.0000000 O=C(NCC(=O)N1C[C@H](O)C[C@H]1C(=O)N[C@H](Cc1ccccc1)c1ccccc1)c1ccc2cc(F)ccc2n1 1 COc1ccc([C@H](C)NC(=O)[C@@H]2C[C@@H](O)CN2C(=O)CNC(=O)c2ccc3cc(F)ccc3n2)c(Cl)c1 O=C(NCC(=O)N1CCC[C@H]1C(=O)N[C@H](Cc1ccccc1)c1ccccc1)c1ccc2ccccc2n1 0.3180237 0.3180 0.6331361 0.6331 0.8197404 -10.4600 1.0000000 1.0000 []
00:39:13 <INFO> Score: 0.52 Agent NLL: 2.45 Valid: 100% Step: 66
 | Agent Prior Target Score SMILES SMILES_state Input_SMILES Scaffold QED QED (raw) TanimotoDistance TanimotoDistance (raw) maize maize (raw) Unwanted SMARTS Unwanted SMARTS (raw) matchting_patterns (Unwanted SMARTS)
 | 1.9724 17.5061 58.7046 0.5953960 O=C(NCC(=O)N1C[C@H](O)C[C@H]1C(=O)N[C@@H](Cc1ccc(Cl)cc1)c1ccccc1)c1ccc2cc(F)ccc2n1 1 COc1ccc([C@H](C)NC(=O)[C@@H]2C[C@@H](O)CN2C(=O)CNC(=O)c2ccc3cc(F)ccc3n2)c(Cl)c1 O=C(NCC(=O)N1CCC[C@H]1C(=O)N[C@@H](Cc1ccccc1)c1ccccc1)c1ccc2ccccc2n1 0.2962297 0.2962 0.6547619 0.6548 0.8049257 -10.2700 1.0000000 1.0000 []
 | 1.8683 12.2169 59.7177 0.5619890 O=C(NCC(=O)N1C[C@H](O)C[C@H]1C(=O)N[C@@H](Cc1ccc(O)cc1)c1ccccc1)c1ccc2cc(F)ccc2n1 1 COc1ccc([C@H](C)NC(=O)[C@@H]2C[C@@H](O)CN2C(=O)CNC(=O)c2ccc3cc(F)ccc3n2)c(Cl)c1 O=C(NCC(=O)N1CCC[C@H]1C(=O)N[C@@H](Cc1ccccc1)c1ccccc1)c1ccc2ccccc2n1 0.2640185 0.2640 0.6257310 0.6257 0.7770423 -9.9400 1.0000000 1.0000 []
 | 2.4254 30.0827 42.9067 0.5702296 O=C(NCC(=O)N1C[C@H](O)C[C@H]1C(=O)N[C@@H](Cc1ccc2ccccc2c1)c1ccccc1)c1ccc2cc(F)ccc2n1 1 COc1ccc([C@H](C)NC(=O)[C@@H]2C[C@@H](O)CN2C(=O)CNC(=O)c2ccc3cc(F)ccc3n2)c(Cl)c1 O=C(NCC(=O)N1CCC[C@H]1C(=O)N[C@@H](Cc1ccc2ccccc2c1)c1ccccc1)c1ccc2ccccc2n1 0.2493988 0.2494 0.5721925 0.5722 0.8607581 -11.0600 1.0000000 1.0000 []
 | 2.5385 10.2006 64.6276 0.5845955 O=C(NCC(=O)N1C[C@H](O)C[C@H]1C(=O)N[C@@H](Cc1ccccc1)c1ccccc1)c1ccc2cc(F)ccc2n1 1 COc1ccc([C@H](C)NC(=O)[C@@H]2C[C@@H](O)CN2C(=O)CNC(=O)c2ccc3cc(F)ccc3n2)c(Cl)c1 O=C(NCC(=O)N1CCC[C@H]1C(=O)N[C@@H](Cc1ccccc1)c1ccccc1)c1ccc2ccccc2n1 0.3180237 0.3180 0.6331361 0.6331 0.7616100 -9.7700 1.0000000 1.0000 []
 | 2.2113 10.0226 66.2444 0.5958362 O=C(NCC(=O)N1C[C@H](O)C[C@H]1C(=O)N[C@H](CO)c1ccc(Cl)cc1)c1ccc2cc(F)ccc2n1 1 COc1ccc([C@H](C)NC(=O)[C@@H]2C[C@@H](O)CN2C(=O)CNC(=O)c2ccc3cc(F)ccc3n2)c(Cl)c1 O=C(NCC(=O)N1CCC[C@H]1C(=O)NCc1ccccc1)c1ccc2ccccc2n1 0.3782864 0.3783 0.7482993 0.7483 0.6672764 -8.8600 1.0000000 1.0000 []
 | 1.9853 4.7853 68.0951 0.5693787 O=C(NCC(=O)N1C[C@H](O)C[C@H]1C(=O)N[C@H](CO)c1ccccc1)c1ccc2cc(F)ccc2n1 1 COc1ccc([C@H](C)NC(=O)[C@@H]2C[C@@H](O)CN2C(=O)CNC(=O)c2ccc3cc(F)ccc3n2)c(Cl)c1 O=C(NCC(=O)N1CCC[C@H]1C(=O)NCc1ccccc1)c1ccc2ccccc2n1 0.3976824 0.3977 0.7229730 0.7230 0.6046071 -8.3300 1.0000000 1.0000 []
 | 2.4014 20.3079 54.7829 0.5866468 O=C(NCC(=O)N1C[C@H](O)C[C@H]1C(=O)N[C@H](Cc1ccc(Cl)cc1)c1ccccc1)c1ccc2cc(F)ccc2n1 1 COc1ccc([C@H](C)NC(=O)[C@@H]2C[C@@H](O)CN2C(=O)CNC(=O)c2ccc3cc(F)ccc3n2)c(Cl)c1 O=C(NCC(=O)N1CCC[C@H]1C(=O)N[C@H](Cc1ccccc1)c1ccccc1)c1ccc2ccccc2n1 0.2962297 0.2962 0.6547619 0.6548 0.7814432 -9.9900 1.0000000 1.0000 []
 | 2.2334 17.2345 57.9434 0.5873279 O=C(NCC(=O)N1C[C@H](O)C[C@H]1C(=O)N[C@H](Cc1ccc(O)cc1)c1ccccc1)c1ccc2cc(F)ccc2n1 1 COc1ccc([C@H](C)NC(=O)[C@@H]2C[C@@H](O)CN2C(=O)CNC(=O)c2ccc3cc(F)ccc3n2)c(Cl)c1 O=C(NCC(=O)N1CCC[C@H]1C(=O)N[C@H](Cc1ccccc1)c1ccccc1)c1ccc2ccccc2n1 0.2640185 0.2640 0.6257310 0.6257 0.8486922 -10.8700 1.0000000 1.0000 []
 | 2.5750 35.4792 36.5036 0.5623654 O=C(NCC(=O)N1C[C@H](O)C[C@H]1C(=O)N[C@H](Cc1ccc2ccccc2c1)c1ccccc1)c1ccc2cc(F)ccc2n1 1 COc1ccc([C@H](C)NC(=O)[C@@H]2C[C@@H](O)CN2C(=O)CNC(=O)c2ccc3cc(F)ccc3n2)c(Cl)c1 O=C(NCC(=O)N1CCC[C@H]1C(=O)N[C@H](Cc1ccc2ccccc2c1)c1ccccc1)c1ccc2ccccc2n1 0.2493988 0.2494 0.5721925 0.5722 0.8371800 -10.7000 1.0000000 1.0000 []
 | 4.2799 14.2154 -14.2154 0.0000000 O=C(NCC(=O)N1C[C@H](O)C[C@H]1C(=O)N[C@H](Cc1ccccc1)c1ccccc1)c1ccc2cc(F)ccc2n1 1 COc1ccc([C@H](C)NC(=O)[C@@H]2C[C@@H](O)CN2C(=O)CNC(=O)c2ccc3cc(F)ccc3n2)c(Cl)c1 O=C(NCC(=O)N1CCC[C@H]1C(=O)N[C@H](Cc1ccccc1)c1ccccc1)c1ccc2ccccc2n1 0.3180237 0.3180 0.6331361 0.6331 0.8197404 -10.4600 1.0000000 1.0000 []
00:39:14 <INFO> Score: 0.52 Agent NLL: 2.44 Valid: 100% Step: 67
 | Agent Prior Target Score SMILES SMILES_state Input_SMILES Scaffold QED QED (raw) TanimotoDistance TanimotoDistance (raw) maize maize (raw) Unwanted SMARTS Unwanted SMARTS (raw) matchting_patterns (Unwanted SMARTS)
 | 2.0175 17.5061 58.7046 0.5953960 O=C(NCC(=O)N1C[C@H](O)C[C@H]1C(=O)N[C@@H](Cc1ccc(Cl)cc1)c1ccccc1)c1ccc2cc(F)ccc2n1 1 COc1ccc([C@H](C)NC(=O)[C@@H]2C[C@@H](O)CN2C(=O)CNC(=O)c2ccc3cc(F)ccc3n2)c(Cl)c1 O=C(NCC(=O)N1CCC[C@H]1C(=O)N[C@@H](Cc1ccccc1)c1ccccc1)c1ccc2ccccc2n1 0.2962297 0.2962 0.6547619 0.6548 0.8049257 -10.2700 1.0000000 1.0000 []
 | 1.8681 12.2169 59.7177 0.5619890 O=C(NCC(=O)N1C[C@H](O)C[C@H]1C(=O)N[C@@H](Cc1ccc(O)cc1)c1ccccc1)c1ccc2cc(F)ccc2n1 1 COc1ccc([C@H](C)NC(=O)[C@@H]2C[C@@H](O)CN2C(=O)CNC(=O)c2ccc3cc(F)ccc3n2)c(Cl)c1 O=C(NCC(=O)N1CCC[C@H]1C(=O)N[C@@H](Cc1ccccc1)c1ccccc1)c1ccc2ccccc2n1 0.2640185 0.2640 0.6257310 0.6257 0.7770423 -9.9400 1.0000000 1.0000 []
 | 2.4685 30.0827 42.9067 0.5702296 O=C(NCC(=O)N1C[C@H](O)C[C@H]1C(=O)N[C@@H](Cc1ccc2ccccc2c1)c1ccccc1)c1ccc2cc(F)ccc2n1 1 COc1ccc([C@H](C)NC(=O)[C@@H]2C[C@@H](O)CN2C(=O)CNC(=O)c2ccc3cc(F)ccc3n2)c(Cl)c1 O=C(NCC(=O)N1CCC[C@H]1C(=O)N[C@@H](Cc1ccc2ccccc2c1)c1ccccc1)c1ccc2ccccc2n1 0.2493988 0.2494 0.5721925 0.5722 0.8607581 -11.0600 1.0000000 1.0000 []
 | 2.5081 10.2006 64.6276 0.5845955 O=C(NCC(=O)N1C[C@H](O)C[C@H]1C(=O)N[C@@H](Cc1ccccc1)c1ccccc1)c1ccc2cc(F)ccc2n1 1 COc1ccc([C@H](C)NC(=O)[C@@H]2C[C@@H](O)CN2C(=O)CNC(=O)c2ccc3cc(F)ccc3n2)c(Cl)c1 O=C(NCC(=O)N1CCC[C@H]1C(=O)N[C@@H](Cc1ccccc1)c1ccccc1)c1ccc2ccccc2n1 0.3180237 0.3180 0.6331361 0.6331 0.7616100 -9.7700 1.0000000 1.0000 []
 | 2.2188 10.0226 66.2444 0.5958362 O=C(NCC(=O)N1C[C@H](O)C[C@H]1C(=O)N[C@H](CO)c1ccc(Cl)cc1)c1ccc2cc(F)ccc2n1 1 COc1ccc([C@H](C)NC(=O)[C@@H]2C[C@@H](O)CN2C(=O)CNC(=O)c2ccc3cc(F)ccc3n2)c(Cl)c1 O=C(NCC(=O)N1CCC[C@H]1C(=O)NCc1ccccc1)c1ccc2ccccc2n1 0.3782864 0.3783 0.7482993 0.7483 0.6672764 -8.8600 1.0000000 1.0000 []
 | 1.9996 4.7853 68.0951 0.5693787 O=C(NCC(=O)N1C[C@H](O)C[C@H]1C(=O)N[C@H](CO)c1ccccc1)c1ccc2cc(F)ccc2n1 1 COc1ccc([C@H](C)NC(=O)[C@@H]2C[C@@H](O)CN2C(=O)CNC(=O)c2ccc3cc(F)ccc3n2)c(Cl)c1 O=C(NCC(=O)N1CCC[C@H]1C(=O)NCc1ccccc1)c1ccc2ccccc2n1 0.3976824 0.3977 0.7229730 0.7230 0.6046071 -8.3300 1.0000000 1.0000 []
 | 2.3873 20.3079 54.7829 0.5866468 O=C(NCC(=O)N1C[C@H](O)C[C@H]1C(=O)N[C@H](Cc1ccc(Cl)cc1)c1ccccc1)c1ccc2cc(F)ccc2n1 1 COc1ccc([C@H](C)NC(=O)[C@@H]2C[C@@H](O)CN2C(=O)CNC(=O)c2ccc3cc(F)ccc3n2)c(Cl)c1 O=C(NCC(=O)N1CCC[C@H]1C(=O)N[C@H](Cc1ccccc1)c1ccccc1)c1ccc2ccccc2n1 0.2962297 0.2962 0.6547619 0.6548 0.7814432 -9.9900 1.0000000 1.0000 []
 | 2.1672 17.2345 57.9434 0.5873279 O=C(NCC(=O)N1C[C@H](O)C[C@H]1C(=O)N[C@H](Cc1ccc(O)cc1)c1ccccc1)c1ccc2cc(F)ccc2n1 1 COc1ccc([C@H](C)NC(=O)[C@@H]2C[C@@H](O)CN2C(=O)CNC(=O)c2ccc3cc(F)ccc3n2)c(Cl)c1 O=C(NCC(=O)N1CCC[C@H]1C(=O)N[C@H](Cc1ccccc1)c1ccccc1)c1ccc2ccccc2n1 0.2640185 0.2640 0.6257310 0.6257 0.8486922 -10.8700 1.0000000 1.0000 []
 | 2.5586 35.4792 36.5036 0.5623654 O=C(NCC(=O)N1C[C@H](O)C[C@H]1C(=O)N[C@H](Cc1ccc2ccccc2c1)c1ccccc1)c1ccc2cc(F)ccc2n1 1 COc1ccc([C@H](C)NC(=O)[C@@H]2C[C@@H](O)CN2C(=O)CNC(=O)c2ccc3cc(F)ccc3n2)c(Cl)c1 O=C(NCC(=O)N1CCC[C@H]1C(=O)N[C@H](Cc1ccc2ccccc2c1)c1ccccc1)c1ccc2ccccc2n1 0.2493988 0.2494 0.5721925 0.5722 0.8371800 -10.7000 1.0000000 1.0000 []
 | 4.2514 14.2154 -14.2154 0.0000000 O=C(NCC(=O)N1C[C@H](O)C[C@H]1C(=O)N[C@H](Cc1ccccc1)c1ccccc1)c1ccc2cc(F)ccc2n1 1 COc1ccc([C@H](C)NC(=O)[C@@H]2C[C@@H](O)CN2C(=O)CNC(=O)c2ccc3cc(F)ccc3n2)c(Cl)c1 O=C(NCC(=O)N1CCC[C@H]1C(=O)N[C@H](Cc1ccccc1)c1ccccc1)c1ccc2ccccc2n1 0.3180237 0.3180 0.6331361 0.6331 0.8197404 -10.4600 1.0000000 1.0000 []
00:39:16 <INFO> Score: 0.52 Agent NLL: 2.45 Valid: 100% Step: 68
 | Agent Prior Target Score SMILES SMILES_state Input_SMILES Scaffold QED QED (raw) TanimotoDistance TanimotoDistance (raw) maize maize (raw) Unwanted SMARTS Unwanted SMARTS (raw) matchting_patterns (Unwanted SMARTS)
 | 2.0245 17.5061 58.7046 0.5953960 O=C(NCC(=O)N1C[C@H](O)C[C@H]1C(=O)N[C@@H](Cc1ccc(Cl)cc1)c1ccccc1)c1ccc2cc(F)ccc2n1 1 COc1ccc([C@H](C)NC(=O)[C@@H]2C[C@@H](O)CN2C(=O)CNC(=O)c2ccc3cc(F)ccc3n2)c(Cl)c1 O=C(NCC(=O)N1CCC[C@H]1C(=O)N[C@@H](Cc1ccccc1)c1ccccc1)c1ccc2ccccc2n1 0.2962297 0.2962 0.6547619 0.6548 0.8049257 -10.2700 1.0000000 1.0000 []
 | 1.9038 12.2169 59.7177 0.5619890 O=C(NCC(=O)N1C[C@H](O)C[C@H]1C(=O)N[C@@H](Cc1ccc(O)cc1)c1ccccc1)c1ccc2cc(F)ccc2n1 1 COc1ccc([C@H](C)NC(=O)[C@@H]2C[C@@H](O)CN2C(=O)CNC(=O)c2ccc3cc(F)ccc3n2)c(Cl)c1 O=C(NCC(=O)N1CCC[C@H]1C(=O)N[C@@H](Cc1ccccc1)c1ccccc1)c1ccc2ccccc2n1 0.2640185 0.2640 0.6257310 0.6257 0.7770423 -9.9400 1.0000000 1.0000 []
 | 2.5025 30.0827 42.9067 0.5702296 O=C(NCC(=O)N1C[C@H](O)C[C@H]1C(=O)N[C@@H](Cc1ccc2ccccc2c1)c1ccccc1)c1ccc2cc(F)ccc2n1 1 COc1ccc([C@H](C)NC(=O)[C@@H]2C[C@@H](O)CN2C(=O)CNC(=O)c2ccc3cc(F)ccc3n2)c(Cl)c1 O=C(NCC(=O)N1CCC[C@H]1C(=O)N[C@@H](Cc1ccc2ccccc2c1)c1ccccc1)c1ccc2ccccc2n1 0.2493988 0.2494 0.5721925 0.5722 0.8607581 -11.0600 1.0000000 1.0000 []
 | 2.4748 10.2006 64.6276 0.5845955 O=C(NCC(=O)N1C[C@H](O)C[C@H]1C(=O)N[C@@H](Cc1ccccc1)c1ccccc1)c1ccc2cc(F)ccc2n1 1 COc1ccc([C@H](C)NC(=O)[C@@H]2C[C@@H](O)CN2C(=O)CNC(=O)c2ccc3cc(F)ccc3n2)c(Cl)c1 O=C(NCC(=O)N1CCC[C@H]1C(=O)N[C@@H](Cc1ccccc1)c1ccccc1)c1ccc2ccccc2n1 0.3180237 0.3180 0.6331361 0.6331 0.7616100 -9.7700 1.0000000 1.0000 []
 | 2.1652 10.0226 66.2444 0.5958362 O=C(NCC(=O)N1C[C@H](O)C[C@H]1C(=O)N[C@H](CO)c1ccc(Cl)cc1)c1ccc2cc(F)ccc2n1 1 COc1ccc([C@H](C)NC(=O)[C@@H]2C[C@@H](O)CN2C(=O)CNC(=O)c2ccc3cc(F)ccc3n2)c(Cl)c1 O=C(NCC(=O)N1CCC[C@H]1C(=O)NCc1ccccc1)c1ccc2ccccc2n1 0.3782864 0.3783 0.7482993 0.7483 0.6672764 -8.8600 1.0000000 1.0000 []
 | 1.9591 4.7853 68.0951 0.5693787 O=C(NCC(=O)N1C[C@H](O)C[C@H]1C(=O)N[C@H](CO)c1ccccc1)c1ccc2cc(F)ccc2n1 1 COc1ccc([C@H](C)NC(=O)[C@@H]2C[C@@H](O)CN2C(=O)CNC(=O)c2ccc3cc(F)ccc3n2)c(Cl)c1 O=C(NCC(=O)N1CCC[C@H]1C(=O)NCc1ccccc1)c1ccc2ccccc2n1 0.3976824 0.3977 0.7229730 0.7230 0.6046071 -8.3300 1.0000000 1.0000 []
 | 2.3907 20.3079 54.7829 0.5866468 O=C(NCC(=O)N1C[C@H](O)C[C@H]1C(=O)N[C@H](Cc1ccc(Cl)cc1)c1ccccc1)c1ccc2cc(F)ccc2n1 1 COc1ccc([C@H](C)NC(=O)[C@@H]2C[C@@H](O)CN2C(=O)CNC(=O)c2ccc3cc(F)ccc3n2)c(Cl)c1 O=C(NCC(=O)N1CCC[C@H]1C(=O)N[C@H](Cc1ccccc1)c1ccccc1)c1ccc2ccccc2n1 0.2962297 0.2962 0.6547619 0.6548 0.7814432 -9.9900 1.0000000 1.0000 []
 | 2.1883 17.2345 57.9434 0.5873279 O=C(NCC(=O)N1C[C@H](O)C[C@H]1C(=O)N[C@H](Cc1ccc(O)cc1)c1ccccc1)c1ccc2cc(F)ccc2n1 1 COc1ccc([C@H](C)NC(=O)[C@@H]2C[C@@H](O)CN2C(=O)CNC(=O)c2ccc3cc(F)ccc3n2)c(Cl)c1 O=C(NCC(=O)N1CCC[C@H]1C(=O)N[C@H](Cc1ccccc1)c1ccccc1)c1ccc2ccccc2n1 0.2640185 0.2640 0.6257310 0.6257 0.8486922 -10.8700 1.0000000 1.0000 []
 | 2.5851 35.4792 36.5036 0.5623654 O=C(NCC(=O)N1C[C@H](O)C[C@H]1C(=O)N[C@H](Cc1ccc2ccccc2c1)c1ccccc1)c1ccc2cc(F)ccc2n1 1 COc1ccc([C@H](C)NC(=O)[C@@H]2C[C@@H](O)CN2C(=O)CNC(=O)c2ccc3cc(F)ccc3n2)c(Cl)c1 O=C(NCC(=O)N1CCC[C@H]1C(=O)N[C@H](Cc1ccc2ccccc2c1)c1ccccc1)c1ccc2ccccc2n1 0.2493988 0.2494 0.5721925 0.5722 0.8371800 -10.7000 1.0000000 1.0000 []
 | 4.2761 14.2154 -14.2154 0.0000000 O=C(NCC(=O)N1C[C@H](O)C[C@H]1C(=O)N[C@H](Cc1ccccc1)c1ccccc1)c1ccc2cc(F)ccc2n1 1 COc1ccc([C@H](C)NC(=O)[C@@H]2C[C@@H](O)CN2C(=O)CNC(=O)c2ccc3cc(F)ccc3n2)c(Cl)c1 O=C(NCC(=O)N1CCC[C@H]1C(=O)N[C@H](Cc1ccccc1)c1ccccc1)c1ccc2ccccc2n1 0.3180237 0.3180 0.6331361 0.6331 0.8197404 -10.4600 1.0000000 1.0000 []
00:39:17 <INFO> Score: 0.52 Agent NLL: 2.46 Valid: 100% Step: 69
 | Agent Prior Target Score SMILES SMILES_state Input_SMILES Scaffold QED QED (raw) TanimotoDistance TanimotoDistance (raw) maize maize (raw) Unwanted SMARTS Unwanted SMARTS (raw) matchting_patterns (Unwanted SMARTS)
 | 2.0056 17.5061 58.7046 0.5953960 O=C(NCC(=O)N1C[C@H](O)C[C@H]1C(=O)N[C@@H](Cc1ccc(Cl)cc1)c1ccccc1)c1ccc2cc(F)ccc2n1 1 COc1ccc([C@H](C)NC(=O)[C@@H]2C[C@@H](O)CN2C(=O)CNC(=O)c2ccc3cc(F)ccc3n2)c(Cl)c1 O=C(NCC(=O)N1CCC[C@H]1C(=O)N[C@@H](Cc1ccccc1)c1ccccc1)c1ccc2ccccc2n1 0.2962297 0.2962 0.6547619 0.6548 0.8049257 -10.2700 1.0000000 1.0000 []
 | 1.9602 12.2169 59.7177 0.5619890 O=C(NCC(=O)N1C[C@H](O)C[C@H]1C(=O)N[C@@H](Cc1ccc(O)cc1)c1ccccc1)c1ccc2cc(F)ccc2n1 1 COc1ccc([C@H](C)NC(=O)[C@@H]2C[C@@H](O)CN2C(=O)CNC(=O)c2ccc3cc(F)ccc3n2)c(Cl)c1 O=C(NCC(=O)N1CCC[C@H]1C(=O)N[C@@H](Cc1ccccc1)c1ccccc1)c1ccc2ccccc2n1 0.2640185 0.2640 0.6257310 0.6257 0.7770423 -9.9400 1.0000000 1.0000 []
 | 2.5261 30.0827 42.9067 0.5702296 O=C(NCC(=O)N1C[C@H](O)C[C@H]1C(=O)N[C@@H](Cc1ccc2ccccc2c1)c1ccccc1)c1ccc2cc(F)ccc2n1 1 COc1ccc([C@H](C)NC(=O)[C@@H]2C[C@@H](O)CN2C(=O)CNC(=O)c2ccc3cc(F)ccc3n2)c(Cl)c1 O=C(NCC(=O)N1CCC[C@H]1C(=O)N[C@@H](Cc1ccc2ccccc2c1)c1ccccc1)c1ccc2ccccc2n1 0.2493988 0.2494 0.5721925 0.5722 0.8607581 -11.0600 1.0000000 1.0000 []
 | 2.4472 10.2006 64.6276 0.5845955 O=C(NCC(=O)N1C[C@H](O)C[C@H]1C(=O)N[C@@H](Cc1ccccc1)c1ccccc1)c1ccc2cc(F)ccc2n1 1 COc1ccc([C@H](C)NC(=O)[C@@H]2C[C@@H](O)CN2C(=O)CNC(=O)c2ccc3cc(F)ccc3n2)c(Cl)c1 O=C(NCC(=O)N1CCC[C@H]1C(=O)N[C@@H](Cc1ccccc1)c1ccccc1)c1ccc2ccccc2n1 0.3180237 0.3180 0.6331361 0.6331 0.7616100 -9.7700 1.0000000 1.0000 []
 | 2.0863 10.0226 66.2444 0.5958362 O=C(NCC(=O)N1C[C@H](O)C[C@H]1C(=O)N[C@H](CO)c1ccc(Cl)cc1)c1ccc2cc(F)ccc2n1 1 COc1ccc([C@H](C)NC(=O)[C@@H]2C[C@@H](O)CN2C(=O)CNC(=O)c2ccc3cc(F)ccc3n2)c(Cl)c1 O=C(NCC(=O)N1CCC[C@H]1C(=O)NCc1ccccc1)c1ccc2ccccc2n1 0.3782864 0.3783 0.7482993 0.7483 0.6672764 -8.8600 1.0000000 1.0000 []
 | 1.8984 4.7853 68.0951 0.5693787 O=C(NCC(=O)N1C[C@H](O)C[C@H]1C(=O)N[C@H](CO)c1ccccc1)c1ccc2cc(F)ccc2n1 1 COc1ccc([C@H](C)NC(=O)[C@@H]2C[C@@H](O)CN2C(=O)CNC(=O)c2ccc3cc(F)ccc3n2)c(Cl)c1 O=C(NCC(=O)N1CCC[C@H]1C(=O)NCc1ccccc1)c1ccc2ccccc2n1 0.3976824 0.3977 0.7229730 0.7230 0.6046071 -8.3300 1.0000000 1.0000 []
 | 2.3942 20.3079 54.7829 0.5866468 O=C(NCC(=O)N1C[C@H](O)C[C@H]1C(=O)N[C@H](Cc1ccc(Cl)cc1)c1ccccc1)c1ccc2cc(F)ccc2n1 1 COc1ccc([C@H](C)NC(=O)[C@@H]2C[C@@H](O)CN2C(=O)CNC(=O)c2ccc3cc(F)ccc3n2)c(Cl)c1 O=C(NCC(=O)N1CCC[C@H]1C(=O)N[C@H](Cc1ccccc1)c1ccccc1)c1ccc2ccccc2n1 0.2962297 0.2962 0.6547619 0.6548 0.7814432 -9.9900 1.0000000 1.0000 []
 | 2.2687 17.2345 57.9434 0.5873279 O=C(NCC(=O)N1C[C@H](O)C[C@H]1C(=O)N[C@H](Cc1ccc(O)cc1)c1ccccc1)c1ccc2cc(F)ccc2n1 1 COc1ccc([C@H](C)NC(=O)[C@@H]2C[C@@H](O)CN2C(=O)CNC(=O)c2ccc3cc(F)ccc3n2)c(Cl)c1 O=C(NCC(=O)N1CCC[C@H]1C(=O)N[C@H](Cc1ccccc1)c1ccccc1)c1ccc2ccccc2n1 0.2640185 0.2640 0.6257310 0.6257 0.8486922 -10.8700 1.0000000 1.0000 []
 | 2.6286 35.4792 36.5036 0.5623654 O=C(NCC(=O)N1C[C@H](O)C[C@H]1C(=O)N[C@H](Cc1ccc2ccccc2c1)c1ccccc1)c1ccc2cc(F)ccc2n1 1 COc1ccc([C@H](C)NC(=O)[C@@H]2C[C@@H](O)CN2C(=O)CNC(=O)c2ccc3cc(F)ccc3n2)c(Cl)c1 O=C(NCC(=O)N1CCC[C@H]1C(=O)N[C@H](Cc1ccc2ccccc2c1)c1ccccc1)c1ccc2ccccc2n1 0.2493988 0.2494 0.5721925 0.5722 0.8371800 -10.7000 1.0000000 1.0000 []
 | 4.3358 14.2154 -14.2154 0.0000000 O=C(NCC(=O)N1C[C@H](O)C[C@H]1C(=O)N[C@H](Cc1ccccc1)c1ccccc1)c1ccc2cc(F)ccc2n1 1 COc1ccc([C@H](C)NC(=O)[C@@H]2C[C@@H](O)CN2C(=O)CNC(=O)c2ccc3cc(F)ccc3n2)c(Cl)c1 O=C(NCC(=O)N1CCC[C@H]1C(=O)N[C@H](Cc1ccccc1)c1ccccc1)c1ccc2ccccc2n1 0.3180237 0.3180 0.6331361 0.6331 0.8197404 -10.4600 1.0000000 1.0000 []
00:39:19 <INFO> Score: 0.52 Agent NLL: 2.46 Valid: 100% Step: 70
 | Agent Prior Target Score SMILES SMILES_state Input_SMILES Scaffold QED QED (raw) TanimotoDistance TanimotoDistance (raw) maize maize (raw) Unwanted SMARTS Unwanted SMARTS (raw) matchting_patterns (Unwanted SMARTS)
 | 1.9777 17.5061 58.7046 0.5953960 O=C(NCC(=O)N1C[C@H](O)C[C@H]1C(=O)N[C@@H](Cc1ccc(Cl)cc1)c1ccccc1)c1ccc2cc(F)ccc2n1 1 COc1ccc([C@H](C)NC(=O)[C@@H]2C[C@@H](O)CN2C(=O)CNC(=O)c2ccc3cc(F)ccc3n2)c(Cl)c1 O=C(NCC(=O)N1CCC[C@H]1C(=O)N[C@@H](Cc1ccccc1)c1ccccc1)c1ccc2ccccc2n1 0.2962297 0.2962 0.6547619 0.6548 0.8049257 -10.2700 1.0000000 1.0000 []
 | 2.0204 12.2169 59.7177 0.5619890 O=C(NCC(=O)N1C[C@H](O)C[C@H]1C(=O)N[C@@H](Cc1ccc(O)cc1)c1ccccc1)c1ccc2cc(F)ccc2n1 1 COc1ccc([C@H](C)NC(=O)[C@@H]2C[C@@H](O)CN2C(=O)CNC(=O)c2ccc3cc(F)ccc3n2)c(Cl)c1 O=C(NCC(=O)N1CCC[C@H]1C(=O)N[C@@H](Cc1ccccc1)c1ccccc1)c1ccc2ccccc2n1 0.2640185 0.2640 0.6257310 0.6257 0.7770423 -9.9400 1.0000000 1.0000 []
 | 2.5327 30.0827 42.9067 0.5702296 O=C(NCC(=O)N1C[C@H](O)C[C@H]1C(=O)N[C@@H](Cc1ccc2ccccc2c1)c1ccccc1)c1ccc2cc(F)ccc2n1 1 COc1ccc([C@H](C)NC(=O)[C@@H]2C[C@@H](O)CN2C(=O)CNC(=O)c2ccc3cc(F)ccc3n2)c(Cl)c1 O=C(NCC(=O)N1CCC[C@H]1C(=O)N[C@@H](Cc1ccc2ccccc2c1)c1ccccc1)c1ccc2ccccc2n1 0.2493988 0.2494 0.5721925 0.5722 0.8607581 -11.0600 1.0000000 1.0000 []
 | 2.4275 10.2006 64.6276 0.5845955 O=C(NCC(=O)N1C[C@H](O)C[C@H]1C(=O)N[C@@H](Cc1ccccc1)c1ccccc1)c1ccc2cc(F)ccc2n1 1 COc1ccc([C@H](C)NC(=O)[C@@H]2C[C@@H](O)CN2C(=O)CNC(=O)c2ccc3cc(F)ccc3n2)c(Cl)c1 O=C(NCC(=O)N1CCC[C@H]1C(=O)N[C@@H](Cc1ccccc1)c1ccccc1)c1ccc2ccccc2n1 0.3180237 0.3180 0.6331361 0.6331 0.7616100 -9.7700 1.0000000 1.0000 []
 | 2.0314 10.0226 66.2444 0.5958362 O=C(NCC(=O)N1C[C@H](O)C[C@H]1C(=O)N[C@H](CO)c1ccc(Cl)cc1)c1ccc2cc(F)ccc2n1 1 COc1ccc([C@H](C)NC(=O)[C@@H]2C[C@@H](O)CN2C(=O)CNC(=O)c2ccc3cc(F)ccc3n2)c(Cl)c1 O=C(NCC(=O)N1CCC[C@H]1C(=O)NCc1ccccc1)c1ccc2ccccc2n1 0.3782864 0.3783 0.7482993 0.7483 0.6672764 -8.8600 1.0000000 1.0000 []
 | 1.8644 4.7853 68.0951 0.5693787 O=C(NCC(=O)N1C[C@H](O)C[C@H]1C(=O)N[C@H](CO)c1ccccc1)c1ccc2cc(F)ccc2n1 1 COc1ccc([C@H](C)NC(=O)[C@@H]2C[C@@H](O)CN2C(=O)CNC(=O)c2ccc3cc(F)ccc3n2)c(Cl)c1 O=C(NCC(=O)N1CCC[C@H]1C(=O)NCc1ccccc1)c1ccc2ccccc2n1 0.3976824 0.3977 0.7229730 0.7230 0.6046071 -8.3300 1.0000000 1.0000 []
 | 2.3816 20.3079 54.7829 0.5866468 O=C(NCC(=O)N1C[C@H](O)C[C@H]1C(=O)N[C@H](Cc1ccc(Cl)cc1)c1ccccc1)c1ccc2cc(F)ccc2n1 1 COc1ccc([C@H](C)NC(=O)[C@@H]2C[C@@H](O)CN2C(=O)CNC(=O)c2ccc3cc(F)ccc3n2)c(Cl)c1 O=C(NCC(=O)N1CCC[C@H]1C(=O)N[C@H](Cc1ccccc1)c1ccccc1)c1ccc2ccccc2n1 0.2962297 0.2962 0.6547619 0.6548 0.7814432 -9.9900 1.0000000 1.0000 []
 | 2.3495 17.2345 57.9434 0.5873279 O=C(NCC(=O)N1C[C@H](O)C[C@H]1C(=O)N[C@H](Cc1ccc(O)cc1)c1ccccc1)c1ccc2cc(F)ccc2n1 1 COc1ccc([C@H](C)NC(=O)[C@@H]2C[C@@H](O)CN2C(=O)CNC(=O)c2ccc3cc(F)ccc3n2)c(Cl)c1 O=C(NCC(=O)N1CCC[C@H]1C(=O)N[C@H](Cc1ccccc1)c1ccccc1)c1ccc2ccccc2n1 0.2640185 0.2640 0.6257310 0.6257 0.8486922 -10.8700 1.0000000 1.0000 []
 | 2.6462 35.4792 36.5036 0.5623654 O=C(NCC(=O)N1C[C@H](O)C[C@H]1C(=O)N[C@H](Cc1ccc2ccccc2c1)c1ccccc1)c1ccc2cc(F)ccc2n1 1 COc1ccc([C@H](C)NC(=O)[C@@H]2C[C@@H](O)CN2C(=O)CNC(=O)c2ccc3cc(F)ccc3n2)c(Cl)c1 O=C(NCC(=O)N1CCC[C@H]1C(=O)N[C@H](Cc1ccc2ccccc2c1)c1ccccc1)c1ccc2ccccc2n1 0.2493988 0.2494 0.5721925 0.5722 0.8371800 -10.7000 1.0000000 1.0000 []
 | 4.3960 14.2154 -14.2154 0.0000000 O=C(NCC(=O)N1C[C@H](O)C[C@H]1C(=O)N[C@H](Cc1ccccc1)c1ccccc1)c1ccc2cc(F)ccc2n1 1 COc1ccc([C@H](C)NC(=O)[C@@H]2C[C@@H](O)CN2C(=O)CNC(=O)c2ccc3cc(F)ccc3n2)c(Cl)c1 O=C(NCC(=O)N1CCC[C@H]1C(=O)N[C@H](Cc1ccccc1)c1ccccc1)c1ccc2ccccc2n1 0.3180237 0.3180 0.6331361 0.6331 0.8197404 -10.4600 1.0000000 1.0000 []
00:39:20 <INFO> Score: 0.52 Agent NLL: 2.46 Valid: 100% Step: 71
 | Agent Prior Target Score SMILES SMILES_state Input_SMILES Scaffold QED QED (raw) TanimotoDistance TanimotoDistance (raw) maize maize (raw) Unwanted SMARTS Unwanted SMARTS (raw) matchting_patterns (Unwanted SMARTS)
 | 1.9596 17.5061 58.7046 0.5953960 O=C(NCC(=O)N1C[C@H](O)C[C@H]1C(=O)N[C@@H](Cc1ccc(Cl)cc1)c1ccccc1)c1ccc2cc(F)ccc2n1 1 COc1ccc([C@H](C)NC(=O)[C@@H]2C[C@@H](O)CN2C(=O)CNC(=O)c2ccc3cc(F)ccc3n2)c(Cl)c1 O=C(NCC(=O)N1CCC[C@H]1C(=O)N[C@@H](Cc1ccccc1)c1ccccc1)c1ccc2ccccc2n1 0.2962297 0.2962 0.6547619 0.6548 0.8049257 -10.2700 1.0000000 1.0000 []
 | 2.0645 12.2169 59.7177 0.5619890 O=C(NCC(=O)N1C[C@H](O)C[C@H]1C(=O)N[C@@H](Cc1ccc(O)cc1)c1ccccc1)c1ccc2cc(F)ccc2n1 1 COc1ccc([C@H](C)NC(=O)[C@@H]2C[C@@H](O)CN2C(=O)CNC(=O)c2ccc3cc(F)ccc3n2)c(Cl)c1 O=C(NCC(=O)N1CCC[C@H]1C(=O)N[C@@H](Cc1ccccc1)c1ccccc1)c1ccc2ccccc2n1 0.2640185 0.2640 0.6257310 0.6257 0.7770423 -9.9400 1.0000000 1.0000 []
 | 2.5205 30.0827 42.9067 0.5702296 O=C(NCC(=O)N1C[C@H](O)C[C@H]1C(=O)N[C@@H](Cc1ccc2ccccc2c1)c1ccccc1)c1ccc2cc(F)ccc2n1 1 COc1ccc([C@H](C)NC(=O)[C@@H]2C[C@@H](O)CN2C(=O)CNC(=O)c2ccc3cc(F)ccc3n2)c(Cl)c1 O=C(NCC(=O)N1CCC[C@H]1C(=O)N[C@@H](Cc1ccc2ccccc2c1)c1ccccc1)c1ccc2ccccc2n1 0.2493988 0.2494 0.5721925 0.5722 0.8607581 -11.0600 1.0000000 1.0000 []
 | 2.4098 10.2006 64.6276 0.5845955 O=C(NCC(=O)N1C[C@H](O)C[C@H]1C(=O)N[C@@H](Cc1ccccc1)c1ccccc1)c1ccc2cc(F)ccc2n1 1 COc1ccc([C@H](C)NC(=O)[C@@H]2C[C@@H](O)CN2C(=O)CNC(=O)c2ccc3cc(F)ccc3n2)c(Cl)c1 O=C(NCC(=O)N1CCC[C@H]1C(=O)N[C@@H](Cc1ccccc1)c1ccccc1)c1ccc2ccccc2n1 0.3180237 0.3180 0.6331361 0.6331 0.7616100 -9.7700 1.0000000 1.0000 []
 | 2.0314 10.0226 66.2444 0.5958362 O=C(NCC(=O)N1C[C@H](O)C[C@H]1C(=O)N[C@H](CO)c1ccc(Cl)cc1)c1ccc2cc(F)ccc2n1 1 COc1ccc([C@H](C)NC(=O)[C@@H]2C[C@@H](O)CN2C(=O)CNC(=O)c2ccc3cc(F)ccc3n2)c(Cl)c1 O=C(NCC(=O)N1CCC[C@H]1C(=O)NCc1ccccc1)c1ccc2ccccc2n1 0.3782864 0.3783 0.7482993 0.7483 0.6672764 -8.8600 1.0000000 1.0000 []
 | 1.8858 4.7853 68.0951 0.5693787 O=C(NCC(=O)N1C[C@H](O)C[C@H]1C(=O)N[C@H](CO)c1ccccc1)c1ccc2cc(F)ccc2n1 1 COc1ccc([C@H](C)NC(=O)[C@@H]2C[C@@H](O)CN2C(=O)CNC(=O)c2ccc3cc(F)ccc3n2)c(Cl)c1 O=C(NCC(=O)N1CCC[C@H]1C(=O)NCc1ccccc1)c1ccc2ccccc2n1 0.3976824 0.3977 0.7229730 0.7230 0.6046071 -8.3300 1.0000000 1.0000 []
 | 2.3390 20.3079 54.7829 0.5866468 O=C(NCC(=O)N1C[C@H](O)C[C@H]1C(=O)N[C@H](Cc1ccc(Cl)cc1)c1ccccc1)c1ccc2cc(F)ccc2n1 1 COc1ccc([C@H](C)NC(=O)[C@@H]2C[C@@H](O)CN2C(=O)CNC(=O)c2ccc3cc(F)ccc3n2)c(Cl)c1 O=C(NCC(=O)N1CCC[C@H]1C(=O)N[C@H](Cc1ccccc1)c1ccccc1)c1ccc2ccccc2n1 0.2962297 0.2962 0.6547619 0.6548 0.7814432 -9.9900 1.0000000 1.0000 []
 | 2.3749 17.2345 57.9434 0.5873279 O=C(NCC(=O)N1C[C@H](O)C[C@H]1C(=O)N[C@H](Cc1ccc(O)cc1)c1ccccc1)c1ccc2cc(F)ccc2n1 1 COc1ccc([C@H](C)NC(=O)[C@@H]2C[C@@H](O)CN2C(=O)CNC(=O)c2ccc3cc(F)ccc3n2)c(Cl)c1 O=C(NCC(=O)N1CCC[C@H]1C(=O)N[C@H](Cc1ccccc1)c1ccccc1)c1ccc2ccccc2n1 0.2640185 0.2640 0.6257310 0.6257 0.8486922 -10.8700 1.0000000 1.0000 []
 | 2.6082 35.4792 36.5036 0.5623654 O=C(NCC(=O)N1C[C@H](O)C[C@H]1C(=O)N[C@H](Cc1ccc2ccccc2c1)c1ccccc1)c1ccc2cc(F)ccc2n1 1 COc1ccc([C@H](C)NC(=O)[C@@H]2C[C@@H](O)CN2C(=O)CNC(=O)c2ccc3cc(F)ccc3n2)c(Cl)c1 O=C(NCC(=O)N1CCC[C@H]1C(=O)N[C@H](Cc1ccc2ccccc2c1)c1ccccc1)c1ccc2ccccc2n1 0.2493988 0.2494 0.5721925 0.5722 0.8371800 -10.7000 1.0000000 1.0000 []
 | 4.4254 14.2154 -14.2154 0.0000000 O=C(NCC(=O)N1C[C@H](O)C[C@H]1C(=O)N[C@H](Cc1ccccc1)c1ccccc1)c1ccc2cc(F)ccc2n1 1 COc1ccc([C@H](C)NC(=O)[C@@H]2C[C@@H](O)CN2C(=O)CNC(=O)c2ccc3cc(F)ccc3n2)c(Cl)c1 O=C(NCC(=O)N1CCC[C@H]1C(=O)N[C@H](Cc1ccccc1)c1ccccc1)c1ccc2ccccc2n1 0.3180237 0.3180 0.6331361 0.6331 0.8197404 -10.4600 1.0000000 1.0000 []
00:39:22 <INFO> Score: 0.52 Agent NLL: 2.46 Valid: 100% Step: 72
 | Agent Prior Target Score SMILES SMILES_state Input_SMILES Scaffold QED QED (raw) TanimotoDistance TanimotoDistance (raw) maize maize (raw) Unwanted SMARTS Unwanted SMARTS (raw) matchting_patterns (Unwanted SMARTS)
 | 1.9579 17.5061 58.7046 0.5953960 O=C(NCC(=O)N1C[C@H](O)C[C@H]1C(=O)N[C@@H](Cc1ccc(Cl)cc1)c1ccccc1)c1ccc2cc(F)ccc2n1 1 COc1ccc([C@H](C)NC(=O)[C@@H]2C[C@@H](O)CN2C(=O)CNC(=O)c2ccc3cc(F)ccc3n2)c(Cl)c1 O=C(NCC(=O)N1CCC[C@H]1C(=O)N[C@@H](Cc1ccccc1)c1ccccc1)c1ccc2ccccc2n1 0.2962297 0.2962 0.6547619 0.6548 0.8049257 -10.2700 1.0000000 1.0000 []
 | 2.0805 12.2169 59.7177 0.5619890 O=C(NCC(=O)N1C[C@H](O)C[C@H]1C(=O)N[C@@H](Cc1ccc(O)cc1)c1ccccc1)c1ccc2cc(F)ccc2n1 1 COc1ccc([C@H](C)NC(=O)[C@@H]2C[C@@H](O)CN2C(=O)CNC(=O)c2ccc3cc(F)ccc3n2)c(Cl)c1 O=C(NCC(=O)N1CCC[C@H]1C(=O)N[C@@H](Cc1ccccc1)c1ccccc1)c1ccc2ccccc2n1 0.2640185 0.2640 0.6257310 0.6257 0.7770423 -9.9400 1.0000000 1.0000 []
 | 2.4937 30.0827 42.9067 0.5702296 O=C(NCC(=O)N1C[C@H](O)C[C@H]1C(=O)N[C@@H](Cc1ccc2ccccc2c1)c1ccccc1)c1ccc2cc(F)ccc2n1 1 COc1ccc([C@H](C)NC(=O)[C@@H]2C[C@@H](O)CN2C(=O)CNC(=O)c2ccc3cc(F)ccc3n2)c(Cl)c1 O=C(NCC(=O)N1CCC[C@H]1C(=O)N[C@@H](Cc1ccc2ccccc2c1)c1ccccc1)c1ccc2ccccc2n1 0.2493988 0.2494 0.5721925 0.5722 0.8607581 -11.0600 1.0000000 1.0000 []
 | 2.3942 10.2006 64.6276 0.5845955 O=C(NCC(=O)N1C[C@H](O)C[C@H]1C(=O)N[C@@H](Cc1ccccc1)c1ccccc1)c1ccc2cc(F)ccc2n1 1 COc1ccc([C@H](C)NC(=O)[C@@H]2C[C@@H](O)CN2C(=O)CNC(=O)c2ccc3cc(F)ccc3n2)c(Cl)c1 O=C(NCC(=O)N1CCC[C@H]1C(=O)N[C@@H](Cc1ccccc1)c1ccccc1)c1ccc2ccccc2n1 0.3180237 0.3180 0.6331361 0.6331 0.7616100 -9.7700 1.0000000 1.0000 []
 | 2.0724 10.0226 66.2444 0.5958362 O=C(NCC(=O)N1C[C@H](O)C[C@H]1C(=O)N[C@H](CO)c1ccc(Cl)cc1)c1ccc2cc(F)ccc2n1 1 COc1ccc([C@H](C)NC(=O)[C@@H]2C[C@@H](O)CN2C(=O)CNC(=O)c2ccc3cc(F)ccc3n2)c(Cl)c1 O=C(NCC(=O)N1CCC[C@H]1C(=O)NCc1ccccc1)c1ccc2ccccc2n1 0.3782864 0.3783 0.7482993 0.7483 0.6672764 -8.8600 1.0000000 1.0000 []
 | 1.9475 4.7853 68.0951 0.5693787 O=C(NCC(=O)N1C[C@H](O)C[C@H]1C(=O)N[C@H](CO)c1ccccc1)c1ccc2cc(F)ccc2n1 1 COc1ccc([C@H](C)NC(=O)[C@@H]2C[C@@H](O)CN2C(=O)CNC(=O)c2ccc3cc(F)ccc3n2)c(Cl)c1 O=C(NCC(=O)N1CCC[C@H]1C(=O)NCc1ccccc1)c1ccc2ccccc2n1 0.3976824 0.3977 0.7229730 0.7230 0.6046071 -8.3300 1.0000000 1.0000 []
 | 2.2949 20.3079 54.7829 0.5866468 O=C(NCC(=O)N1C[C@H](O)C[C@H]1C(=O)N[C@H](Cc1ccc(Cl)cc1)c1ccccc1)c1ccc2cc(F)ccc2n1 1 COc1ccc([C@H](C)NC(=O)[C@@H]2C[C@@H](O)CN2C(=O)CNC(=O)c2ccc3cc(F)ccc3n2)c(Cl)c1 O=C(NCC(=O)N1CCC[C@H]1C(=O)N[C@H](Cc1ccccc1)c1ccccc1)c1ccc2ccccc2n1 0.2962297 0.2962 0.6547619 0.6548 0.7814432 -9.9900 1.0000000 1.0000 []
 | 2.3436 17.2345 57.9434 0.5873279 O=C(NCC(=O)N1C[C@H](O)C[C@H]1C(=O)N[C@H](Cc1ccc(O)cc1)c1ccccc1)c1ccc2cc(F)ccc2n1 1 COc1ccc([C@H](C)NC(=O)[C@@H]2C[C@@H](O)CN2C(=O)CNC(=O)c2ccc3cc(F)ccc3n2)c(Cl)c1 O=C(NCC(=O)N1CCC[C@H]1C(=O)N[C@H](Cc1ccccc1)c1ccccc1)c1ccc2ccccc2n1 0.2640185 0.2640 0.6257310 0.6257 0.8486922 -10.8700 1.0000000 1.0000 []
 | 2.5360 35.4792 36.5036 0.5623654 O=C(NCC(=O)N1C[C@H](O)C[C@H]1C(=O)N[C@H](Cc1ccc2ccccc2c1)c1ccccc1)c1ccc2cc(F)ccc2n1 1 COc1ccc([C@H](C)NC(=O)[C@@H]2C[C@@H](O)CN2C(=O)CNC(=O)c2ccc3cc(F)ccc3n2)c(Cl)c1 O=C(NCC(=O)N1CCC[C@H]1C(=O)N[C@H](Cc1ccc2ccccc2c1)c1ccccc1)c1ccc2ccccc2n1 0.2493988 0.2494 0.5721925 0.5722 0.8371800 -10.7000 1.0000000 1.0000 []
 | 4.4403 14.2154 -14.2154 0.0000000 O=C(NCC(=O)N1C[C@H](O)C[C@H]1C(=O)N[C@H](Cc1ccccc1)c1ccccc1)c1ccc2cc(F)ccc2n1 1 COc1ccc([C@H](C)NC(=O)[C@@H]2C[C@@H](O)CN2C(=O)CNC(=O)c2ccc3cc(F)ccc3n2)c(Cl)c1 O=C(NCC(=O)N1CCC[C@H]1C(=O)N[C@H](Cc1ccccc1)c1ccccc1)c1ccc2ccccc2n1 0.3180237 0.3180 0.6331361 0.6331 0.8197404 -10.4600 1.0000000 1.0000 []
00:39:23 <INFO> Score: 0.52 Agent NLL: 2.45 Valid: 100% Step: 73
 | Agent Prior Target Score SMILES SMILES_state Input_SMILES Scaffold QED QED (raw) TanimotoDistance TanimotoDistance (raw) maize maize (raw) Unwanted SMARTS Unwanted SMARTS (raw) matchting_patterns (Unwanted SMARTS)
 | 1.9770 17.5061 58.7046 0.5953960 O=C(NCC(=O)N1C[C@H](O)C[C@H]1C(=O)N[C@@H](Cc1ccc(Cl)cc1)c1ccccc1)c1ccc2cc(F)ccc2n1 1 COc1ccc([C@H](C)NC(=O)[C@@H]2C[C@@H](O)CN2C(=O)CNC(=O)c2ccc3cc(F)ccc3n2)c(Cl)c1 O=C(NCC(=O)N1CCC[C@H]1C(=O)N[C@@H](Cc1ccccc1)c1ccccc1)c1ccc2ccccc2n1 0.2962297 0.2962 0.6547619 0.6548 0.8049257 -10.2700 1.0000000 1.0000 []
 | 2.0653 12.2169 59.7177 0.5619890 O=C(NCC(=O)N1C[C@H](O)C[C@H]1C(=O)N[C@@H](Cc1ccc(O)cc1)c1ccccc1)c1ccc2cc(F)ccc2n1 1 COc1ccc([C@H](C)NC(=O)[C@@H]2C[C@@H](O)CN2C(=O)CNC(=O)c2ccc3cc(F)ccc3n2)c(Cl)c1 O=C(NCC(=O)N1CCC[C@H]1C(=O)N[C@@H](Cc1ccccc1)c1ccccc1)c1ccc2ccccc2n1 0.2640185 0.2640 0.6257310 0.6257 0.7770423 -9.9400 1.0000000 1.0000 []
 | 2.4581 30.0827 42.9067 0.5702296 O=C(NCC(=O)N1C[C@H](O)C[C@H]1C(=O)N[C@@H](Cc1ccc2ccccc2c1)c1ccccc1)c1ccc2cc(F)ccc2n1 1 COc1ccc([C@H](C)NC(=O)[C@@H]2C[C@@H](O)CN2C(=O)CNC(=O)c2ccc3cc(F)ccc3n2)c(Cl)c1 O=C(NCC(=O)N1CCC[C@H]1C(=O)N[C@@H](Cc1ccc2ccccc2c1)c1ccccc1)c1ccc2ccccc2n1 0.2493988 0.2494 0.5721925 0.5722 0.8607581 -11.0600 1.0000000 1.0000 []
 | 2.3817 10.2006 64.6276 0.5845955 O=C(NCC(=O)N1C[C@H](O)C[C@H]1C(=O)N[C@@H](Cc1ccccc1)c1ccccc1)c1ccc2cc(F)ccc2n1 1 COc1ccc([C@H](C)NC(=O)[C@@H]2C[C@@H](O)CN2C(=O)CNC(=O)c2ccc3cc(F)ccc3n2)c(Cl)c1 O=C(NCC(=O)N1CCC[C@H]1C(=O)N[C@@H](Cc1ccccc1)c1ccccc1)c1ccc2ccccc2n1 0.3180237 0.3180 0.6331361 0.6331 0.7616100 -9.7700 1.0000000 1.0000 []
 | 2.1183 10.0226 66.2444 0.5958362 O=C(NCC(=O)N1C[C@H](O)C[C@H]1C(=O)N[C@H](CO)c1ccc(Cl)cc1)c1ccc2cc(F)ccc2n1 1 COc1ccc([C@H](C)NC(=O)[C@@H]2C[C@@H](O)CN2C(=O)CNC(=O)c2ccc3cc(F)ccc3n2)c(Cl)c1 O=C(NCC(=O)N1CCC[C@H]1C(=O)NCc1ccccc1)c1ccc2ccccc2n1 0.3782864 0.3783 0.7482993 0.7483 0.6672764 -8.8600 1.0000000 1.0000 []
 | 2.0122 4.7853 68.0951 0.5693787 O=C(NCC(=O)N1C[C@H](O)C[C@H]1C(=O)N[C@H](CO)c1ccccc1)c1ccc2cc(F)ccc2n1 1 COc1ccc([C@H](C)NC(=O)[C@@H]2C[C@@H](O)CN2C(=O)CNC(=O)c2ccc3cc(F)ccc3n2)c(Cl)c1 O=C(NCC(=O)N1CCC[C@H]1C(=O)NCc1ccccc1)c1ccc2ccccc2n1 0.3976824 0.3977 0.7229730 0.7230 0.6046071 -8.3300 1.0000000 1.0000 []
 | 2.2870 20.3079 54.7829 0.5866468 O=C(NCC(=O)N1C[C@H](O)C[C@H]1C(=O)N[C@H](Cc1ccc(Cl)cc1)c1ccccc1)c1ccc2cc(F)ccc2n1 1 COc1ccc([C@H](C)NC(=O)[C@@H]2C[C@@H](O)CN2C(=O)CNC(=O)c2ccc3cc(F)ccc3n2)c(Cl)c1 O=C(NCC(=O)N1CCC[C@H]1C(=O)N[C@H](Cc1ccccc1)c1ccccc1)c1ccc2ccccc2n1 0.2962297 0.2962 0.6547619 0.6548 0.7814432 -9.9900 1.0000000 1.0000 []
 | 2.2878 17.2345 57.9434 0.5873279 O=C(NCC(=O)N1C[C@H](O)C[C@H]1C(=O)N[C@H](Cc1ccc(O)cc1)c1ccccc1)c1ccc2cc(F)ccc2n1 1 COc1ccc([C@H](C)NC(=O)[C@@H]2C[C@@H](O)CN2C(=O)CNC(=O)c2ccc3cc(F)ccc3n2)c(Cl)c1 O=C(NCC(=O)N1CCC[C@H]1C(=O)N[C@H](Cc1ccccc1)c1ccccc1)c1ccc2ccccc2n1 0.2640185 0.2640 0.6257310 0.6257 0.8486922 -10.8700 1.0000000 1.0000 []
 | 2.4701 35.4792 36.5036 0.5623654 O=C(NCC(=O)N1C[C@H](O)C[C@H]1C(=O)N[C@H](Cc1ccc2ccccc2c1)c1ccccc1)c1ccc2cc(F)ccc2n1 1 COc1ccc([C@H](C)NC(=O)[C@@H]2C[C@@H](O)CN2C(=O)CNC(=O)c2ccc3cc(F)ccc3n2)c(Cl)c1 O=C(NCC(=O)N1CCC[C@H]1C(=O)N[C@H](Cc1ccc2ccccc2c1)c1ccccc1)c1ccc2ccccc2n1 0.2493988 0.2494 0.5721925 0.5722 0.8371800 -10.7000 1.0000000 1.0000 []
 | 4.4763 14.2154 -14.2154 0.0000000 O=C(NCC(=O)N1C[C@H](O)C[C@H]1C(=O)N[C@H](Cc1ccccc1)c1ccccc1)c1ccc2cc(F)ccc2n1 1 COc1ccc([C@H](C)NC(=O)[C@@H]2C[C@@H](O)CN2C(=O)CNC(=O)c2ccc3cc(F)ccc3n2)c(Cl)c1 O=C(NCC(=O)N1CCC[C@H]1C(=O)N[C@H](Cc1ccccc1)c1ccccc1)c1ccc2ccccc2n1 0.3180237 0.3180 0.6331361 0.6331 0.8197404 -10.4600 1.0000000 1.0000 []
00:39:25 <INFO> Score: 0.52 Agent NLL: 2.47 Valid: 100% Step: 74
 | Agent Prior Target Score SMILES SMILES_state Input_SMILES Scaffold QED QED (raw) TanimotoDistance TanimotoDistance (raw) maize maize (raw) Unwanted SMARTS Unwanted SMARTS (raw) matchting_patterns (Unwanted SMARTS)
 | 2.0088 17.5061 58.7046 0.5953960 O=C(NCC(=O)N1C[C@H](O)C[C@H]1C(=O)N[C@@H](Cc1ccc(Cl)cc1)c1ccccc1)c1ccc2cc(F)ccc2n1 1 COc1ccc([C@H](C)NC(=O)[C@@H]2C[C@@H](O)CN2C(=O)CNC(=O)c2ccc3cc(F)ccc3n2)c(Cl)c1 O=C(NCC(=O)N1CCC[C@H]1C(=O)N[C@@H](Cc1ccccc1)c1ccccc1)c1ccc2ccccc2n1 0.2962297 0.2962 0.6547619 0.6548 0.8049257 -10.2700 1.0000000 1.0000 []
 | 2.0282 12.2169 59.7177 0.5619890 O=C(NCC(=O)N1C[C@H](O)C[C@H]1C(=O)N[C@@H](Cc1ccc(O)cc1)c1ccccc1)c1ccc2cc(F)ccc2n1 1 COc1ccc([C@H](C)NC(=O)[C@@H]2C[C@@H](O)CN2C(=O)CNC(=O)c2ccc3cc(F)ccc3n2)c(Cl)c1 O=C(NCC(=O)N1CCC[C@H]1C(=O)N[C@@H](Cc1ccccc1)c1ccccc1)c1ccc2ccccc2n1 0.2640185 0.2640 0.6257310 0.6257 0.7770423 -9.9400 1.0000000 1.0000 []
 | 2.4286 30.0827 42.9067 0.5702296 O=C(NCC(=O)N1C[C@H](O)C[C@H]1C(=O)N[C@@H](Cc1ccc2ccccc2c1)c1ccccc1)c1ccc2cc(F)ccc2n1 1 COc1ccc([C@H](C)NC(=O)[C@@H]2C[C@@H](O)CN2C(=O)CNC(=O)c2ccc3cc(F)ccc3n2)c(Cl)c1 O=C(NCC(=O)N1CCC[C@H]1C(=O)N[C@@H](Cc1ccc2ccccc2c1)c1ccccc1)c1ccc2ccccc2n1 0.2493988 0.2494 0.5721925 0.5722 0.8607581 -11.0600 1.0000000 1.0000 []
 | 2.3710 10.2006 64.6276 0.5845955 O=C(NCC(=O)N1C[C@H](O)C[C@H]1C(=O)N[C@@H](Cc1ccccc1)c1ccccc1)c1ccc2cc(F)ccc2n1 1 COc1ccc([C@H](C)NC(=O)[C@@H]2C[C@@H](O)CN2C(=O)CNC(=O)c2ccc3cc(F)ccc3n2)c(Cl)c1 O=C(NCC(=O)N1CCC[C@H]1C(=O)N[C@@H](Cc1ccccc1)c1ccccc1)c1ccc2ccccc2n1 0.3180237 0.3180 0.6331361 0.6331 0.7616100 -9.7700 1.0000000 1.0000 []
 | 2.0852 10.0226 66.2444 0.5958362 O=C(NCC(=O)N1C[C@H](O)C[C@H]1C(=O)N[C@H](CO)c1ccc(Cl)cc1)c1ccc2cc(F)ccc2n1 1 COc1ccc([C@H](C)NC(=O)[C@@H]2C[C@@H](O)CN2C(=O)CNC(=O)c2ccc3cc(F)ccc3n2)c(Cl)c1 O=C(NCC(=O)N1CCC[C@H]1C(=O)NCc1ccccc1)c1ccc2ccccc2n1 0.3782864 0.3783 0.7482993 0.7483 0.6672764 -8.8600 1.0000000 1.0000 []
 | 1.9960 4.7853 68.0951 0.5693787 O=C(NCC(=O)N1C[C@H](O)C[C@H]1C(=O)N[C@H](CO)c1ccccc1)c1ccc2cc(F)ccc2n1 1 COc1ccc([C@H](C)NC(=O)[C@@H]2C[C@@H](O)CN2C(=O)CNC(=O)c2ccc3cc(F)ccc3n2)c(Cl)c1 O=C(NCC(=O)N1CCC[C@H]1C(=O)NCc1ccccc1)c1ccc2ccccc2n1 0.3976824 0.3977 0.7229730 0.7230 0.6046071 -8.3300 1.0000000 1.0000 []
 | 2.3700 20.3079 54.7829 0.5866468 O=C(NCC(=O)N1C[C@H](O)C[C@H]1C(=O)N[C@H](Cc1ccc(Cl)cc1)c1ccccc1)c1ccc2cc(F)ccc2n1 1 COc1ccc([C@H](C)NC(=O)[C@@H]2C[C@@H](O)CN2C(=O)CNC(=O)c2ccc3cc(F)ccc3n2)c(Cl)c1 O=C(NCC(=O)N1CCC[C@H]1C(=O)N[C@H](Cc1ccccc1)c1ccccc1)c1ccc2ccccc2n1 0.2962297 0.2962 0.6547619 0.6548 0.7814432 -9.9900 1.0000000 1.0000 []
 | 2.2842 17.2345 57.9434 0.5873279 O=C(NCC(=O)N1C[C@H](O)C[C@H]1C(=O)N[C@H](Cc1ccc(O)cc1)c1ccccc1)c1ccc2cc(F)ccc2n1 1 COc1ccc([C@H](C)NC(=O)[C@@H]2C[C@@H](O)CN2C(=O)CNC(=O)c2ccc3cc(F)ccc3n2)c(Cl)c1 O=C(NCC(=O)N1CCC[C@H]1C(=O)N[C@H](Cc1ccccc1)c1ccccc1)c1ccc2ccccc2n1 0.2640185 0.2640 0.6257310 0.6257 0.8486922 -10.8700 1.0000000 1.0000 []
 | 2.4838 35.4792 36.5036 0.5623654 O=C(NCC(=O)N1C[C@H](O)C[C@H]1C(=O)N[C@H](Cc1ccc2ccccc2c1)c1ccccc1)c1ccc2cc(F)ccc2n1 1 COc1ccc([C@H](C)NC(=O)[C@@H]2C[C@@H](O)CN2C(=O)CNC(=O)c2ccc3cc(F)ccc3n2)c(Cl)c1 O=C(NCC(=O)N1CCC[C@H]1C(=O)N[C@H](Cc1ccc2ccccc2c1)c1ccccc1)c1ccc2ccccc2n1 0.2493988 0.2494 0.5721925 0.5722 0.8371800 -10.7000 1.0000000 1.0000 []
 | 4.5987 14.2154 -14.2154 0.0000000 O=C(NCC(=O)N1C[C@H](O)C[C@H]1C(=O)N[C@H](Cc1ccccc1)c1ccccc1)c1ccc2cc(F)ccc2n1 1 COc1ccc([C@H](C)NC(=O)[C@@H]2C[C@@H](O)CN2C(=O)CNC(=O)c2ccc3cc(F)ccc3n2)c(Cl)c1 O=C(NCC(=O)N1CCC[C@H]1C(=O)N[C@H](Cc1ccccc1)c1ccccc1)c1ccc2ccccc2n1 0.3180237 0.3180 0.6331361 0.6331 0.8197404 -10.4600 1.0000000 1.0000 []
00:39:26 <INFO> Score: 0.52 Agent NLL: 2.48 Valid: 100% Step: 75
 | Agent Prior Target Score SMILES SMILES_state Input_SMILES Scaffold QED QED (raw) TanimotoDistance TanimotoDistance (raw) maize maize (raw) Unwanted SMARTS Unwanted SMARTS (raw) matchting_patterns (Unwanted SMARTS)
 | 2.0347 17.5061 58.7046 0.5953960 O=C(NCC(=O)N1C[C@H](O)C[C@H]1C(=O)N[C@@H](Cc1ccc(Cl)cc1)c1ccccc1)c1ccc2cc(F)ccc2n1 1 COc1ccc([C@H](C)NC(=O)[C@@H]2C[C@@H](O)CN2C(=O)CNC(=O)c2ccc3cc(F)ccc3n2)c(Cl)c1 O=C(NCC(=O)N1CCC[C@H]1C(=O)N[C@@H](Cc1ccccc1)c1ccccc1)c1ccc2ccccc2n1 0.2962297 0.2962 0.6547619 0.6548 0.8049257 -10.2700 1.0000000 1.0000 []
 | 1.9891 12.2169 59.7177 0.5619890 O=C(NCC(=O)N1C[C@H](O)C[C@H]1C(=O)N[C@@H](Cc1ccc(O)cc1)c1ccccc1)c1ccc2cc(F)ccc2n1 1 COc1ccc([C@H](C)NC(=O)[C@@H]2C[C@@H](O)CN2C(=O)CNC(=O)c2ccc3cc(F)ccc3n2)c(Cl)c1 O=C(NCC(=O)N1CCC[C@H]1C(=O)N[C@@H](Cc1ccccc1)c1ccccc1)c1ccc2ccccc2n1 0.2640185 0.2640 0.6257310 0.6257 0.7770423 -9.9400 1.0000000 1.0000 []
 | 2.4139 30.0827 42.9067 0.5702296 O=C(NCC(=O)N1C[C@H](O)C[C@H]1C(=O)N[C@@H](Cc1ccc2ccccc2c1)c1ccccc1)c1ccc2cc(F)ccc2n1 1 COc1ccc([C@H](C)NC(=O)[C@@H]2C[C@@H](O)CN2C(=O)CNC(=O)c2ccc3cc(F)ccc3n2)c(Cl)c1 O=C(NCC(=O)N1CCC[C@H]1C(=O)N[C@@H](Cc1ccc2ccccc2c1)c1ccccc1)c1ccc2ccccc2n1 0.2493988 0.2494 0.5721925 0.5722 0.8607581 -11.0600 1.0000000 1.0000 []
 | 2.3610 10.2006 64.6276 0.5845955 O=C(NCC(=O)N1C[C@H](O)C[C@H]1C(=O)N[C@@H](Cc1ccccc1)c1ccccc1)c1ccc2cc(F)ccc2n1 1 COc1ccc([C@H](C)NC(=O)[C@@H]2C[C@@H](O)CN2C(=O)CNC(=O)c2ccc3cc(F)ccc3n2)c(Cl)c1 O=C(NCC(=O)N1CCC[C@H]1C(=O)N[C@@H](Cc1ccccc1)c1ccccc1)c1ccc2ccccc2n1 0.3180237 0.3180 0.6331361 0.6331 0.7616100 -9.7700 1.0000000 1.0000 []
 | 2.0460 10.0226 66.2444 0.5958362 O=C(NCC(=O)N1C[C@H](O)C[C@H]1C(=O)N[C@H](CO)c1ccc(Cl)cc1)c1ccc2cc(F)ccc2n1 1 COc1ccc([C@H](C)NC(=O)[C@@H]2C[C@@H](O)CN2C(=O)CNC(=O)c2ccc3cc(F)ccc3n2)c(Cl)c1 O=C(NCC(=O)N1CCC[C@H]1C(=O)NCc1ccccc1)c1ccc2ccccc2n1 0.3782864 0.3783 0.7482993 0.7483 0.6672764 -8.8600 1.0000000 1.0000 []
 | 1.9725 4.7853 68.0951 0.5693787 O=C(NCC(=O)N1C[C@H](O)C[C@H]1C(=O)N[C@H](CO)c1ccccc1)c1ccc2cc(F)ccc2n1 1 COc1ccc([C@H](C)NC(=O)[C@@H]2C[C@@H](O)CN2C(=O)CNC(=O)c2ccc3cc(F)ccc3n2)c(Cl)c1 O=C(NCC(=O)N1CCC[C@H]1C(=O)NCc1ccccc1)c1ccc2ccccc2n1 0.3976824 0.3977 0.7229730 0.7230 0.6046071 -8.3300 1.0000000 1.0000 []
 | 2.4547 20.3079 54.7829 0.5866468 O=C(NCC(=O)N1C[C@H](O)C[C@H]1C(=O)N[C@H](Cc1ccc(Cl)cc1)c1ccccc1)c1ccc2cc(F)ccc2n1 1 COc1ccc([C@H](C)NC(=O)[C@@H]2C[C@@H](O)CN2C(=O)CNC(=O)c2ccc3cc(F)ccc3n2)c(Cl)c1 O=C(NCC(=O)N1CCC[C@H]1C(=O)N[C@H](Cc1ccccc1)c1ccccc1)c1ccc2ccccc2n1 0.2962297 0.2962 0.6547619 0.6548 0.7814432 -9.9900 1.0000000 1.0000 []
 | 2.2883 17.2345 57.9434 0.5873279 O=C(NCC(=O)N1C[C@H](O)C[C@H]1C(=O)N[C@H](Cc1ccc(O)cc1)c1ccccc1)c1ccc2cc(F)ccc2n1 1 COc1ccc([C@H](C)NC(=O)[C@@H]2C[C@@H](O)CN2C(=O)CNC(=O)c2ccc3cc(F)ccc3n2)c(Cl)c1 O=C(NCC(=O)N1CCC[C@H]1C(=O)N[C@H](Cc1ccccc1)c1ccccc1)c1ccc2ccccc2n1 0.2640185 0.2640 0.6257310 0.6257 0.8486922 -10.8700 1.0000000 1.0000 []
 | 2.5194 35.4792 36.5036 0.5623654 O=C(NCC(=O)N1C[C@H](O)C[C@H]1C(=O)N[C@H](Cc1ccc2ccccc2c1)c1ccccc1)c1ccc2cc(F)ccc2n1 1 COc1ccc([C@H](C)NC(=O)[C@@H]2C[C@@H](O)CN2C(=O)CNC(=O)c2ccc3cc(F)ccc3n2)c(Cl)c1 O=C(NCC(=O)N1CCC[C@H]1C(=O)N[C@H](Cc1ccc2ccccc2c1)c1ccccc1)c1ccc2ccccc2n1 0.2493988 0.2494 0.5721925 0.5722 0.8371800 -10.7000 1.0000000 1.0000 []
 | 4.7376 14.2154 -14.2154 0.0000000 O=C(NCC(=O)N1C[C@H](O)C[C@H]1C(=O)N[C@H](Cc1ccccc1)c1ccccc1)c1ccc2cc(F)ccc2n1 1 COc1ccc([C@H](C)NC(=O)[C@@H]2C[C@@H](O)CN2C(=O)CNC(=O)c2ccc3cc(F)ccc3n2)c(Cl)c1 O=C(NCC(=O)N1CCC[C@H]1C(=O)N[C@H](Cc1ccccc1)c1ccccc1)c1ccc2ccccc2n1 0.3180237 0.3180 0.6331361 0.6331 0.8197404 -10.4600 1.0000000 1.0000 []
00:39:28 <INFO> Score: 0.52 Agent NLL: 2.50 Valid: 100% Step: 76
 | Agent Prior Target Score SMILES SMILES_state Input_SMILES Scaffold QED QED (raw) TanimotoDistance TanimotoDistance (raw) maize maize (raw) Unwanted SMARTS Unwanted SMARTS (raw) matchting_patterns (Unwanted SMARTS)
 | 2.0385 17.5061 58.7046 0.5953960 O=C(NCC(=O)N1C[C@H](O)C[C@H]1C(=O)N[C@@H](Cc1ccc(Cl)cc1)c1ccccc1)c1ccc2cc(F)ccc2n1 1 COc1ccc([C@H](C)NC(=O)[C@@H]2C[C@@H](O)CN2C(=O)CNC(=O)c2ccc3cc(F)ccc3n2)c(Cl)c1 O=C(NCC(=O)N1CCC[C@H]1C(=O)N[C@@H](Cc1ccccc1)c1ccccc1)c1ccc2ccccc2n1 0.2962297 0.2962 0.6547619 0.6548 0.8049257 -10.2700 1.0000000 1.0000 []
 | 1.9651 12.2169 59.7177 0.5619890 O=C(NCC(=O)N1C[C@H](O)C[C@H]1C(=O)N[C@@H](Cc1ccc(O)cc1)c1ccccc1)c1ccc2cc(F)ccc2n1 1 COc1ccc([C@H](C)NC(=O)[C@@H]2C[C@@H](O)CN2C(=O)CNC(=O)c2ccc3cc(F)ccc3n2)c(Cl)c1 O=C(NCC(=O)N1CCC[C@H]1C(=O)N[C@@H](Cc1ccccc1)c1ccccc1)c1ccc2ccccc2n1 0.2640185 0.2640 0.6257310 0.6257 0.7770423 -9.9400 1.0000000 1.0000 []
 | 2.4152 30.0827 42.9067 0.5702296 O=C(NCC(=O)N1C[C@H](O)C[C@H]1C(=O)N[C@@H](Cc1ccc2ccccc2c1)c1ccccc1)c1ccc2cc(F)ccc2n1 1 COc1ccc([C@H](C)NC(=O)[C@@H]2C[C@@H](O)CN2C(=O)CNC(=O)c2ccc3cc(F)ccc3n2)c(Cl)c1 O=C(NCC(=O)N1CCC[C@H]1C(=O)N[C@@H](Cc1ccc2ccccc2c1)c1ccccc1)c1ccc2ccccc2n1 0.2493988 0.2494 0.5721925 0.5722 0.8607581 -11.0600 1.0000000 1.0000 []
 | 2.3510 10.2006 64.6276 0.5845955 O=C(NCC(=O)N1C[C@H](O)C[C@H]1C(=O)N[C@@H](Cc1ccccc1)c1ccccc1)c1ccc2cc(F)ccc2n1 1 COc1ccc([C@H](C)NC(=O)[C@@H]2C[C@@H](O)CN2C(=O)CNC(=O)c2ccc3cc(F)ccc3n2)c(Cl)c1 O=C(NCC(=O)N1CCC[C@H]1C(=O)N[C@@H](Cc1ccccc1)c1ccccc1)c1ccc2ccccc2n1 0.3180237 0.3180 0.6331361 0.6331 0.7616100 -9.7700 1.0000000 1.0000 []
 | 2.0283 10.0226 66.2444 0.5958362 O=C(NCC(=O)N1C[C@H](O)C[C@H]1C(=O)N[C@H](CO)c1ccc(Cl)cc1)c1ccc2cc(F)ccc2n1 1 COc1ccc([C@H](C)NC(=O)[C@@H]2C[C@@H](O)CN2C(=O)CNC(=O)c2ccc3cc(F)ccc3n2)c(Cl)c1 O=C(NCC(=O)N1CCC[C@H]1C(=O)NCc1ccccc1)c1ccc2ccccc2n1 0.3782864 0.3783 0.7482993 0.7483 0.6672764 -8.8600 1.0000000 1.0000 []
 | 1.9704 4.7853 68.0951 0.5693787 O=C(NCC(=O)N1C[C@H](O)C[C@H]1C(=O)N[C@H](CO)c1ccccc1)c1ccc2cc(F)ccc2n1 1 COc1ccc([C@H](C)NC(=O)[C@@H]2C[C@@H](O)CN2C(=O)CNC(=O)c2ccc3cc(F)ccc3n2)c(Cl)c1 O=C(NCC(=O)N1CCC[C@H]1C(=O)NCc1ccccc1)c1ccc2ccccc2n1 0.3976824 0.3977 0.7229730 0.7230 0.6046071 -8.3300 1.0000000 1.0000 []
 | 2.4870 20.3079 54.7829 0.5866468 O=C(NCC(=O)N1C[C@H](O)C[C@H]1C(=O)N[C@H](Cc1ccc(Cl)cc1)c1ccccc1)c1ccc2cc(F)ccc2n1 1 COc1ccc([C@H](C)NC(=O)[C@@H]2C[C@@H](O)CN2C(=O)CNC(=O)c2ccc3cc(F)ccc3n2)c(Cl)c1 O=C(NCC(=O)N1CCC[C@H]1C(=O)N[C@H](Cc1ccccc1)c1ccccc1)c1ccc2ccccc2n1 0.2962297 0.2962 0.6547619 0.6548 0.7814432 -9.9900 1.0000000 1.0000 []
 | 2.2873 17.2345 57.9434 0.5873279 O=C(NCC(=O)N1C[C@H](O)C[C@H]1C(=O)N[C@H](Cc1ccc(O)cc1)c1ccccc1)c1ccc2cc(F)ccc2n1 1 COc1ccc([C@H](C)NC(=O)[C@@H]2C[C@@H](O)CN2C(=O)CNC(=O)c2ccc3cc(F)ccc3n2)c(Cl)c1 O=C(NCC(=O)N1CCC[C@H]1C(=O)N[C@H](Cc1ccccc1)c1ccccc1)c1ccc2ccccc2n1 0.2640185 0.2640 0.6257310 0.6257 0.8486922 -10.8700 1.0000000 1.0000 []
 | 2.5517 35.4792 36.5036 0.5623654 O=C(NCC(=O)N1C[C@H](O)C[C@H]1C(=O)N[C@H](Cc1ccc2ccccc2c1)c1ccccc1)c1ccc2cc(F)ccc2n1 1 COc1ccc([C@H](C)NC(=O)[C@@H]2C[C@@H](O)CN2C(=O)CNC(=O)c2ccc3cc(F)ccc3n2)c(Cl)c1 O=C(NCC(=O)N1CCC[C@H]1C(=O)N[C@H](Cc1ccc2ccccc2c1)c1ccccc1)c1ccc2ccccc2n1 0.2493988 0.2494 0.5721925 0.5722 0.8371800 -10.7000 1.0000000 1.0000 []
 | 4.8582 14.2154 -14.2154 0.0000000 O=C(NCC(=O)N1C[C@H](O)C[C@H]1C(=O)N[C@H](Cc1ccccc1)c1ccccc1)c1ccc2cc(F)ccc2n1 1 COc1ccc([C@H](C)NC(=O)[C@@H]2C[C@@H](O)CN2C(=O)CNC(=O)c2ccc3cc(F)ccc3n2)c(Cl)c1 O=C(NCC(=O)N1CCC[C@H]1C(=O)N[C@H](Cc1ccccc1)c1ccccc1)c1ccc2ccccc2n1 0.3180237 0.3180 0.6331361 0.6331 0.8197404 -10.4600 1.0000000 1.0000 []
00:39:29 <INFO> Score: 0.52 Agent NLL: 2.50 Valid: 100% Step: 77
 | Agent Prior Target Score SMILES SMILES_state Input_SMILES Scaffold QED QED (raw) TanimotoDistance TanimotoDistance (raw) maize maize (raw) Unwanted SMARTS Unwanted SMARTS (raw) matchting_patterns (Unwanted SMARTS)
 | 2.0155 17.5061 58.7046 0.5953960 O=C(NCC(=O)N1C[C@H](O)C[C@H]1C(=O)N[C@@H](Cc1ccc(Cl)cc1)c1ccccc1)c1ccc2cc(F)ccc2n1 1 COc1ccc([C@H](C)NC(=O)[C@@H]2C[C@@H](O)CN2C(=O)CNC(=O)c2ccc3cc(F)ccc3n2)c(Cl)c1 O=C(NCC(=O)N1CCC[C@H]1C(=O)N[C@@H](Cc1ccccc1)c1ccccc1)c1ccc2ccccc2n1 0.2962297 0.2962 0.6547619 0.6548 0.8049257 -10.2700 1.0000000 1.0000 []
 | 1.9638 12.2169 59.7177 0.5619890 O=C(NCC(=O)N1C[C@H](O)C[C@H]1C(=O)N[C@@H](Cc1ccc(O)cc1)c1ccccc1)c1ccc2cc(F)ccc2n1 1 COc1ccc([C@H](C)NC(=O)[C@@H]2C[C@@H](O)CN2C(=O)CNC(=O)c2ccc3cc(F)ccc3n2)c(Cl)c1 O=C(NCC(=O)N1CCC[C@H]1C(=O)N[C@@H](Cc1ccccc1)c1ccccc1)c1ccc2ccccc2n1 0.2640185 0.2640 0.6257310 0.6257 0.7770423 -9.9400 1.0000000 1.0000 []
 | 2.4317 30.0827 42.9067 0.5702296 O=C(NCC(=O)N1C[C@H](O)C[C@H]1C(=O)N[C@@H](Cc1ccc2ccccc2c1)c1ccccc1)c1ccc2cc(F)ccc2n1 1 COc1ccc([C@H](C)NC(=O)[C@@H]2C[C@@H](O)CN2C(=O)CNC(=O)c2ccc3cc(F)ccc3n2)c(Cl)c1 O=C(NCC(=O)N1CCC[C@H]1C(=O)N[C@@H](Cc1ccc2ccccc2c1)c1ccccc1)c1ccc2ccccc2n1 0.2493988 0.2494 0.5721925 0.5722 0.8607581 -11.0600 1.0000000 1.0000 []
 | 2.3419 10.2006 64.6276 0.5845955 O=C(NCC(=O)N1C[C@H](O)C[C@H]1C(=O)N[C@@H](Cc1ccccc1)c1ccccc1)c1ccc2cc(F)ccc2n1 1 COc1ccc([C@H](C)NC(=O)[C@@H]2C[C@@H](O)CN2C(=O)CNC(=O)c2ccc3cc(F)ccc3n2)c(Cl)c1 O=C(NCC(=O)N1CCC[C@H]1C(=O)N[C@@H](Cc1ccccc1)c1ccccc1)c1ccc2ccccc2n1 0.3180237 0.3180 0.6331361 0.6331 0.7616100 -9.7700 1.0000000 1.0000 []
 | 2.0420 10.0226 66.2444 0.5958362 O=C(NCC(=O)N1C[C@H](O)C[C@H]1C(=O)N[C@H](CO)c1ccc(Cl)cc1)c1ccc2cc(F)ccc2n1 1 COc1ccc([C@H](C)NC(=O)[C@@H]2C[C@@H](O)CN2C(=O)CNC(=O)c2ccc3cc(F)ccc3n2)c(Cl)c1 O=C(NCC(=O)N1CCC[C@H]1C(=O)NCc1ccccc1)c1ccc2ccccc2n1 0.3782864 0.3783 0.7482993 0.7483 0.6672764 -8.8600 1.0000000 1.0000 []
 | 2.0001 4.7853 68.0951 0.5693787 O=C(NCC(=O)N1C[C@H](O)C[C@H]1C(=O)N[C@H](CO)c1ccccc1)c1ccc2cc(F)ccc2n1 1 COc1ccc([C@H](C)NC(=O)[C@@H]2C[C@@H](O)CN2C(=O)CNC(=O)c2ccc3cc(F)ccc3n2)c(Cl)c1 O=C(NCC(=O)N1CCC[C@H]1C(=O)NCc1ccccc1)c1ccc2ccccc2n1 0.3976824 0.3977 0.7229730 0.7230 0.6046071 -8.3300 1.0000000 1.0000 []
 | 2.4465 20.3079 54.7829 0.5866468 O=C(NCC(=O)N1C[C@H](O)C[C@H]1C(=O)N[C@H](Cc1ccc(Cl)cc1)c1ccccc1)c1ccc2cc(F)ccc2n1 1 COc1ccc([C@H](C)NC(=O)[C@@H]2C[C@@H](O)CN2C(=O)CNC(=O)c2ccc3cc(F)ccc3n2)c(Cl)c1 O=C(NCC(=O)N1CCC[C@H]1C(=O)N[C@H](Cc1ccccc1)c1ccccc1)c1ccc2ccccc2n1 0.2962297 0.2962 0.6547619 0.6548 0.7814432 -9.9900 1.0000000 1.0000 []
 | 2.2718 17.2345 57.9434 0.5873279 O=C(NCC(=O)N1C[C@H](O)C[C@H]1C(=O)N[C@H](Cc1ccc(O)cc1)c1ccccc1)c1ccc2cc(F)ccc2n1 1 COc1ccc([C@H](C)NC(=O)[C@@H]2C[C@@H](O)CN2C(=O)CNC(=O)c2ccc3cc(F)ccc3n2)c(Cl)c1 O=C(NCC(=O)N1CCC[C@H]1C(=O)N[C@H](Cc1ccccc1)c1ccccc1)c1ccc2ccccc2n1 0.2640185 0.2640 0.6257310 0.6257 0.8486922 -10.8700 1.0000000 1.0000 []
 | 2.5654 35.4792 36.5036 0.5623654 O=C(NCC(=O)N1C[C@H](O)C[C@H]1C(=O)N[C@H](Cc1ccc2ccccc2c1)c1ccccc1)c1ccc2cc(F)ccc2n1 1 COc1ccc([C@H](C)NC(=O)[C@@H]2C[C@@H](O)CN2C(=O)CNC(=O)c2ccc3cc(F)ccc3n2)c(Cl)c1 O=C(NCC(=O)N1CCC[C@H]1C(=O)N[C@H](Cc1ccc2ccccc2c1)c1ccccc1)c1ccc2ccccc2n1 0.2493988 0.2494 0.5721925 0.5722 0.8371800 -10.7000 1.0000000 1.0000 []
 | 4.9432 14.2154 -14.2154 0.0000000 O=C(NCC(=O)N1C[C@H](O)C[C@H]1C(=O)N[C@H](Cc1ccccc1)c1ccccc1)c1ccc2cc(F)ccc2n1 1 COc1ccc([C@H](C)NC(=O)[C@@H]2C[C@@H](O)CN2C(=O)CNC(=O)c2ccc3cc(F)ccc3n2)c(Cl)c1 O=C(NCC(=O)N1CCC[C@H]1C(=O)N[C@H](Cc1ccccc1)c1ccccc1)c1ccc2ccccc2n1 0.3180237 0.3180 0.6331361 0.6331 0.8197404 -10.4600 1.0000000 1.0000 []
00:39:31 <INFO> Score: 0.52 Agent NLL: 2.51 Valid: 100% Step: 78
 | Agent Prior Target Score SMILES SMILES_state Input_SMILES Scaffold QED QED (raw) TanimotoDistance TanimotoDistance (raw) maize maize (raw) Unwanted SMARTS Unwanted SMARTS (raw) matchting_patterns (Unwanted SMARTS)
 | 1.9792 17.5061 58.7046 0.5953960 O=C(NCC(=O)N1C[C@H](O)C[C@H]1C(=O)N[C@@H](Cc1ccc(Cl)cc1)c1ccccc1)c1ccc2cc(F)ccc2n1 1 COc1ccc([C@H](C)NC(=O)[C@@H]2C[C@@H](O)CN2C(=O)CNC(=O)c2ccc3cc(F)ccc3n2)c(Cl)c1 O=C(NCC(=O)N1CCC[C@H]1C(=O)N[C@@H](Cc1ccccc1)c1ccccc1)c1ccc2ccccc2n1 0.2962297 0.2962 0.6547619 0.6548 0.8049257 -10.2700 1.0000000 1.0000 []
 | 1.9800 12.2169 59.7177 0.5619890 O=C(NCC(=O)N1C[C@H](O)C[C@H]1C(=O)N[C@@H](Cc1ccc(O)cc1)c1ccccc1)c1ccc2cc(F)ccc2n1 1 COc1ccc([C@H](C)NC(=O)[C@@H]2C[C@@H](O)CN2C(=O)CNC(=O)c2ccc3cc(F)ccc3n2)c(Cl)c1 O=C(NCC(=O)N1CCC[C@H]1C(=O)N[C@@H](Cc1ccccc1)c1ccccc1)c1ccc2ccccc2n1 0.2640185 0.2640 0.6257310 0.6257 0.7770423 -9.9400 1.0000000 1.0000 []
 | 2.4565 30.0827 42.9067 0.5702296 O=C(NCC(=O)N1C[C@H](O)C[C@H]1C(=O)N[C@@H](Cc1ccc2ccccc2c1)c1ccccc1)c1ccc2cc(F)ccc2n1 1 COc1ccc([C@H](C)NC(=O)[C@@H]2C[C@@H](O)CN2C(=O)CNC(=O)c2ccc3cc(F)ccc3n2)c(Cl)c1 O=C(NCC(=O)N1CCC[C@H]1C(=O)N[C@@H](Cc1ccc2ccccc2c1)c1ccccc1)c1ccc2ccccc2n1 0.2493988 0.2494 0.5721925 0.5722 0.8607581 -11.0600 1.0000000 1.0000 []
 | 2.3360 10.2006 64.6276 0.5845955 O=C(NCC(=O)N1C[C@H](O)C[C@H]1C(=O)N[C@@H](Cc1ccccc1)c1ccccc1)c1ccc2cc(F)ccc2n1 1 COc1ccc([C@H](C)NC(=O)[C@@H]2C[C@@H](O)CN2C(=O)CNC(=O)c2ccc3cc(F)ccc3n2)c(Cl)c1 O=C(NCC(=O)N1CCC[C@H]1C(=O)N[C@@H](Cc1ccccc1)c1ccccc1)c1ccc2ccccc2n1 0.3180237 0.3180 0.6331361 0.6331 0.7616100 -9.7700 1.0000000 1.0000 []
 | 2.0684 10.0226 66.2444 0.5958362 O=C(NCC(=O)N1C[C@H](O)C[C@H]1C(=O)N[C@H](CO)c1ccc(Cl)cc1)c1ccc2cc(F)ccc2n1 1 COc1ccc([C@H](C)NC(=O)[C@@H]2C[C@@H](O)CN2C(=O)CNC(=O)c2ccc3cc(F)ccc3n2)c(Cl)c1 O=C(NCC(=O)N1CCC[C@H]1C(=O)NCc1ccccc1)c1ccc2ccccc2n1 0.3782864 0.3783 0.7482993 0.7483 0.6672764 -8.8600 1.0000000 1.0000 []
 | 2.0412 4.7853 68.0951 0.5693787 O=C(NCC(=O)N1C[C@H](O)C[C@H]1C(=O)N[C@H](CO)c1ccccc1)c1ccc2cc(F)ccc2n1 1 COc1ccc([C@H](C)NC(=O)[C@@H]2C[C@@H](O)CN2C(=O)CNC(=O)c2ccc3cc(F)ccc3n2)c(Cl)c1 O=C(NCC(=O)N1CCC[C@H]1C(=O)NCc1ccccc1)c1ccc2ccccc2n1 0.3976824 0.3977 0.7229730 0.7230 0.6046071 -8.3300 1.0000000 1.0000 []
 | 2.3664 20.3079 54.7829 0.5866468 O=C(NCC(=O)N1C[C@H](O)C[C@H]1C(=O)N[C@H](Cc1ccc(Cl)cc1)c1ccccc1)c1ccc2cc(F)ccc2n1 1 COc1ccc([C@H](C)NC(=O)[C@@H]2C[C@@H](O)CN2C(=O)CNC(=O)c2ccc3cc(F)ccc3n2)c(Cl)c1 O=C(NCC(=O)N1CCC[C@H]1C(=O)N[C@H](Cc1ccccc1)c1ccccc1)c1ccc2ccccc2n1 0.2962297 0.2962 0.6547619 0.6548 0.7814432 -9.9900 1.0000000 1.0000 []
 | 2.2563 17.2345 57.9434 0.5873279 O=C(NCC(=O)N1C[C@H](O)C[C@H]1C(=O)N[C@H](Cc1ccc(O)cc1)c1ccccc1)c1ccc2cc(F)ccc2n1 1 COc1ccc([C@H](C)NC(=O)[C@@H]2C[C@@H](O)CN2C(=O)CNC(=O)c2ccc3cc(F)ccc3n2)c(Cl)c1 O=C(NCC(=O)N1CCC[C@H]1C(=O)N[C@H](Cc1ccccc1)c1ccccc1)c1ccc2ccccc2n1 0.2640185 0.2640 0.6257310 0.6257 0.8486922 -10.8700 1.0000000 1.0000 []
 | 2.5715 35.4792 36.5036 0.5623654 O=C(NCC(=O)N1C[C@H](O)C[C@H]1C(=O)N[C@H](Cc1ccc2ccccc2c1)c1ccccc1)c1ccc2cc(F)ccc2n1 1 COc1ccc([C@H](C)NC(=O)[C@@H]2C[C@@H](O)CN2C(=O)CNC(=O)c2ccc3cc(F)ccc3n2)c(Cl)c1 O=C(NCC(=O)N1CCC[C@H]1C(=O)N[C@H](Cc1ccc2ccccc2c1)c1ccccc1)c1ccc2ccccc2n1 0.2493988 0.2494 0.5721925 0.5722 0.8371800 -10.7000 1.0000000 1.0000 []
 | 5.0147 14.2154 -14.2154 0.0000000 O=C(NCC(=O)N1C[C@H](O)C[C@H]1C(=O)N[C@H](Cc1ccccc1)c1ccccc1)c1ccc2cc(F)ccc2n1 1 COc1ccc([C@H](C)NC(=O)[C@@H]2C[C@@H](O)CN2C(=O)CNC(=O)c2ccc3cc(F)ccc3n2)c(Cl)c1 O=C(NCC(=O)N1CCC[C@H]1C(=O)N[C@H](Cc1ccccc1)c1ccccc1)c1ccc2ccccc2n1 0.3180237 0.3180 0.6331361 0.6331 0.8197404 -10.4600 1.0000000 1.0000 []
00:39:32 <INFO> Score: 0.52 Agent NLL: 2.52 Valid: 100% Step: 79
 | Agent Prior Target Score SMILES SMILES_state Input_SMILES Scaffold QED QED (raw) TanimotoDistance TanimotoDistance (raw) maize maize (raw) Unwanted SMARTS Unwanted SMARTS (raw) matchting_patterns (Unwanted SMARTS)
 | 1.9504 17.5061 58.7046 0.5953960 O=C(NCC(=O)N1C[C@H](O)C[C@H]1C(=O)N[C@@H](Cc1ccc(Cl)cc1)c1ccccc1)c1ccc2cc(F)ccc2n1 1 COc1ccc([C@H](C)NC(=O)[C@@H]2C[C@@H](O)CN2C(=O)CNC(=O)c2ccc3cc(F)ccc3n2)c(Cl)c1 O=C(NCC(=O)N1CCC[C@H]1C(=O)N[C@@H](Cc1ccccc1)c1ccccc1)c1ccc2ccccc2n1 0.2962297 0.2962 0.6547619 0.6548 0.8049257 -10.2700 1.0000000 1.0000 []
 | 2.0024 12.2169 59.7177 0.5619890 O=C(NCC(=O)N1C[C@H](O)C[C@H]1C(=O)N[C@@H](Cc1ccc(O)cc1)c1ccccc1)c1ccc2cc(F)ccc2n1 1 COc1ccc([C@H](C)NC(=O)[C@@H]2C[C@@H](O)CN2C(=O)CNC(=O)c2ccc3cc(F)ccc3n2)c(Cl)c1 O=C(NCC(=O)N1CCC[C@H]1C(=O)N[C@@H](Cc1ccccc1)c1ccccc1)c1ccc2ccccc2n1 0.2640185 0.2640 0.6257310 0.6257 0.7770423 -9.9400 1.0000000 1.0000 []
 | 2.4792 30.0827 42.9067 0.5702296 O=C(NCC(=O)N1C[C@H](O)C[C@H]1C(=O)N[C@@H](Cc1ccc2ccccc2c1)c1ccccc1)c1ccc2cc(F)ccc2n1 1 COc1ccc([C@H](C)NC(=O)[C@@H]2C[C@@H](O)CN2C(=O)CNC(=O)c2ccc3cc(F)ccc3n2)c(Cl)c1 O=C(NCC(=O)N1CCC[C@H]1C(=O)N[C@@H](Cc1ccc2ccccc2c1)c1ccccc1)c1ccc2ccccc2n1 0.2493988 0.2494 0.5721925 0.5722 0.8607581 -11.0600 1.0000000 1.0000 []
 | 2.3355 10.2006 64.6276 0.5845955 O=C(NCC(=O)N1C[C@H](O)C[C@H]1C(=O)N[C@@H](Cc1ccccc1)c1ccccc1)c1ccc2cc(F)ccc2n1 1 COc1ccc([C@H](C)NC(=O)[C@@H]2C[C@@H](O)CN2C(=O)CNC(=O)c2ccc3cc(F)ccc3n2)c(Cl)c1 O=C(NCC(=O)N1CCC[C@H]1C(=O)N[C@@H](Cc1ccccc1)c1ccccc1)c1ccc2ccccc2n1 0.3180237 0.3180 0.6331361 0.6331 0.7616100 -9.7700 1.0000000 1.0000 []
 | 2.0746 10.0226 66.2444 0.5958362 O=C(NCC(=O)N1C[C@H](O)C[C@H]1C(=O)N[C@H](CO)c1ccc(Cl)cc1)c1ccc2cc(F)ccc2n1 1 COc1ccc([C@H](C)NC(=O)[C@@H]2C[C@@H](O)CN2C(=O)CNC(=O)c2ccc3cc(F)ccc3n2)c(Cl)c1 O=C(NCC(=O)N1CCC[C@H]1C(=O)NCc1ccccc1)c1ccc2ccccc2n1 0.3782864 0.3783 0.7482993 0.7483 0.6672764 -8.8600 1.0000000 1.0000 []
 | 2.0581 4.7853 68.0951 0.5693787 O=C(NCC(=O)N1C[C@H](O)C[C@H]1C(=O)N[C@H](CO)c1ccccc1)c1ccc2cc(F)ccc2n1 1 COc1ccc([C@H](C)NC(=O)[C@@H]2C[C@@H](O)CN2C(=O)CNC(=O)c2ccc3cc(F)ccc3n2)c(Cl)c1 O=C(NCC(=O)N1CCC[C@H]1C(=O)NCc1ccccc1)c1ccc2ccccc2n1 0.3976824 0.3977 0.7229730 0.7230 0.6046071 -8.3300 1.0000000 1.0000 []
 | 2.3034 20.3079 54.7829 0.5866468 O=C(NCC(=O)N1C[C@H](O)C[C@H]1C(=O)N[C@H](Cc1ccc(Cl)cc1)c1ccccc1)c1ccc2cc(F)ccc2n1 1 COc1ccc([C@H](C)NC(=O)[C@@H]2C[C@@H](O)CN2C(=O)CNC(=O)c2ccc3cc(F)ccc3n2)c(Cl)c1 O=C(NCC(=O)N1CCC[C@H]1C(=O)N[C@H](Cc1ccccc1)c1ccccc1)c1ccc2ccccc2n1 0.2962297 0.2962 0.6547619 0.6548 0.7814432 -9.9900 1.0000000 1.0000 []
 | 2.2583 17.2345 57.9434 0.5873279 O=C(NCC(=O)N1C[C@H](O)C[C@H]1C(=O)N[C@H](Cc1ccc(O)cc1)c1ccccc1)c1ccc2cc(F)ccc2n1 1 COc1ccc([C@H](C)NC(=O)[C@@H]2C[C@@H](O)CN2C(=O)CNC(=O)c2ccc3cc(F)ccc3n2)c(Cl)c1 O=C(NCC(=O)N1CCC[C@H]1C(=O)N[C@H](Cc1ccccc1)c1ccccc1)c1ccc2ccccc2n1 0.2640185 0.2640 0.6257310 0.6257 0.8486922 -10.8700 1.0000000 1.0000 []
 | 2.5894 35.4792 36.5036 0.5623654 O=C(NCC(=O)N1C[C@H](O)C[C@H]1C(=O)N[C@H](Cc1ccc2ccccc2c1)c1ccccc1)c1ccc2cc(F)ccc2n1 1 COc1ccc([C@H](C)NC(=O)[C@@H]2C[C@@H](O)CN2C(=O)CNC(=O)c2ccc3cc(F)ccc3n2)c(Cl)c1 O=C(NCC(=O)N1CCC[C@H]1C(=O)N[C@H](Cc1ccc2ccccc2c1)c1ccccc1)c1ccc2ccccc2n1 0.2493988 0.2494 0.5721925 0.5722 0.8371800 -10.7000 1.0000000 1.0000 []
 | 5.1085 14.2154 -14.2154 0.0000000 O=C(NCC(=O)N1C[C@H](O)C[C@H]1C(=O)N[C@H](Cc1ccccc1)c1ccccc1)c1ccc2cc(F)ccc2n1 1 COc1ccc([C@H](C)NC(=O)[C@@H]2C[C@@H](O)CN2C(=O)CNC(=O)c2ccc3cc(F)ccc3n2)c(Cl)c1 O=C(NCC(=O)N1CCC[C@H]1C(=O)N[C@H](Cc1ccccc1)c1ccccc1)c1ccc2ccccc2n1 0.3180237 0.3180 0.6331361 0.6331 0.8197404 -10.4600 1.0000000 1.0000 []
00:39:34 <INFO> Score: 0.52 Agent NLL: 2.53 Valid: 100% Step: 80
 | Agent Prior Target Score SMILES SMILES_state Input_SMILES Scaffold QED QED (raw) TanimotoDistance TanimotoDistance (raw) maize maize (raw) Unwanted SMARTS Unwanted SMARTS (raw) matchting_patterns (Unwanted SMARTS)
 | 1.9433 17.5061 58.7046 0.5953960 O=C(NCC(=O)N1C[C@H](O)C[C@H]1C(=O)N[C@@H](Cc1ccc(Cl)cc1)c1ccccc1)c1ccc2cc(F)ccc2n1 1 COc1ccc([C@H](C)NC(=O)[C@@H]2C[C@@H](O)CN2C(=O)CNC(=O)c2ccc3cc(F)ccc3n2)c(Cl)c1 O=C(NCC(=O)N1CCC[C@H]1C(=O)N[C@@H](Cc1ccccc1)c1ccccc1)c1ccc2ccccc2n1 0.2962297 0.2962 0.6547619 0.6548 0.8049257 -10.2700 1.0000000 1.0000 []
 | 2.0179 12.2169 59.7177 0.5619890 O=C(NCC(=O)N1C[C@H](O)C[C@H]1C(=O)N[C@@H](Cc1ccc(O)cc1)c1ccccc1)c1ccc2cc(F)ccc2n1 1 COc1ccc([C@H](C)NC(=O)[C@@H]2C[C@@H](O)CN2C(=O)CNC(=O)c2ccc3cc(F)ccc3n2)c(Cl)c1 O=C(NCC(=O)N1CCC[C@H]1C(=O)N[C@@H](Cc1ccccc1)c1ccccc1)c1ccc2ccccc2n1 0.2640185 0.2640 0.6257310 0.6257 0.7770423 -9.9400 1.0000000 1.0000 []
 | 2.4911 30.0827 42.9067 0.5702296 O=C(NCC(=O)N1C[C@H](O)C[C@H]1C(=O)N[C@@H](Cc1ccc2ccccc2c1)c1ccccc1)c1ccc2cc(F)ccc2n1 1 COc1ccc([C@H](C)NC(=O)[C@@H]2C[C@@H](O)CN2C(=O)CNC(=O)c2ccc3cc(F)ccc3n2)c(Cl)c1 O=C(NCC(=O)N1CCC[C@H]1C(=O)N[C@@H](Cc1ccc2ccccc2c1)c1ccccc1)c1ccc2ccccc2n1 0.2493988 0.2494 0.5721925 0.5722 0.8607581 -11.0600 1.0000000 1.0000 []
 | 2.3411 10.2006 64.6276 0.5845955 O=C(NCC(=O)N1C[C@H](O)C[C@H]1C(=O)N[C@@H](Cc1ccccc1)c1ccccc1)c1ccc2cc(F)ccc2n1 1 COc1ccc([C@H](C)NC(=O)[C@@H]2C[C@@H](O)CN2C(=O)CNC(=O)c2ccc3cc(F)ccc3n2)c(Cl)c1 O=C(NCC(=O)N1CCC[C@H]1C(=O)N[C@@H](Cc1ccccc1)c1ccccc1)c1ccc2ccccc2n1 0.3180237 0.3180 0.6331361 0.6331 0.7616100 -9.7700 1.0000000 1.0000 []
 | 2.0479 10.0226 66.2444 0.5958362 O=C(NCC(=O)N1C[C@H](O)C[C@H]1C(=O)N[C@H](CO)c1ccc(Cl)cc1)c1ccc2cc(F)ccc2n1 1 COc1ccc([C@H](C)NC(=O)[C@@H]2C[C@@H](O)CN2C(=O)CNC(=O)c2ccc3cc(F)ccc3n2)c(Cl)c1 O=C(NCC(=O)N1CCC[C@H]1C(=O)NCc1ccccc1)c1ccc2ccccc2n1 0.3782864 0.3783 0.7482993 0.7483 0.6672764 -8.8600 1.0000000 1.0000 []
 | 2.0377 4.7853 68.0951 0.5693787 O=C(NCC(=O)N1C[C@H](O)C[C@H]1C(=O)N[C@H](CO)c1ccccc1)c1ccc2cc(F)ccc2n1 1 COc1ccc([C@H](C)NC(=O)[C@@H]2C[C@@H](O)CN2C(=O)CNC(=O)c2ccc3cc(F)ccc3n2)c(Cl)c1 O=C(NCC(=O)N1CCC[C@H]1C(=O)NCc1ccccc1)c1ccc2ccccc2n1 0.3976824 0.3977 0.7229730 0.7230 0.6046071 -8.3300 1.0000000 1.0000 []
 | 2.2871 20.3079 54.7829 0.5866468 O=C(NCC(=O)N1C[C@H](O)C[C@H]1C(=O)N[C@H](Cc1ccc(Cl)cc1)c1ccccc1)c1ccc2cc(F)ccc2n1 1 COc1ccc([C@H](C)NC(=O)[C@@H]2C[C@@H](O)CN2C(=O)CNC(=O)c2ccc3cc(F)ccc3n2)c(Cl)c1 O=C(NCC(=O)N1CCC[C@H]1C(=O)N[C@H](Cc1ccccc1)c1ccccc1)c1ccc2ccccc2n1 0.2962297 0.2962 0.6547619 0.6548 0.7814432 -9.9900 1.0000000 1.0000 []
 | 2.2775 17.2345 57.9434 0.5873279 O=C(NCC(=O)N1C[C@H](O)C[C@H]1C(=O)N[C@H](Cc1ccc(O)cc1)c1ccccc1)c1ccc2cc(F)ccc2n1 1 COc1ccc([C@H](C)NC(=O)[C@@H]2C[C@@H](O)CN2C(=O)CNC(=O)c2ccc3cc(F)ccc3n2)c(Cl)c1 O=C(NCC(=O)N1CCC[C@H]1C(=O)N[C@H](Cc1ccccc1)c1ccccc1)c1ccc2ccccc2n1 0.2640185 0.2640 0.6257310 0.6257 0.8486922 -10.8700 1.0000000 1.0000 []
 | 2.6198 35.4792 36.5036 0.5623654 O=C(NCC(=O)N1C[C@H](O)C[C@H]1C(=O)N[C@H](Cc1ccc2ccccc2c1)c1ccccc1)c1ccc2cc(F)ccc2n1 1 COc1ccc([C@H](C)NC(=O)[C@@H]2C[C@@H](O)CN2C(=O)CNC(=O)c2ccc3cc(F)ccc3n2)c(Cl)c1 O=C(NCC(=O)N1CCC[C@H]1C(=O)N[C@H](Cc1ccc2ccccc2c1)c1ccccc1)c1ccc2ccccc2n1 0.2493988 0.2494 0.5721925 0.5722 0.8371800 -10.7000 1.0000000 1.0000 []
 | 5.2407 14.2154 -14.2154 0.0000000 O=C(NCC(=O)N1C[C@H](O)C[C@H]1C(=O)N[C@H](Cc1ccccc1)c1ccccc1)c1ccc2cc(F)ccc2n1 1 COc1ccc([C@H](C)NC(=O)[C@@H]2C[C@@H](O)CN2C(=O)CNC(=O)c2ccc3cc(F)ccc3n2)c(Cl)c1 O=C(NCC(=O)N1CCC[C@H]1C(=O)N[C@H](Cc1ccccc1)c1ccccc1)c1ccc2ccccc2n1 0.3180237 0.3180 0.6331361 0.6331 0.8197404 -10.4600 1.0000000 1.0000 []
00:39:35 <INFO> Score: 0.52 Agent NLL: 2.55 Valid: 100% Step: 81
 | Agent Prior Target Score SMILES SMILES_state Input_SMILES Scaffold QED QED (raw) TanimotoDistance TanimotoDistance (raw) maize maize (raw) Unwanted SMARTS Unwanted SMARTS (raw) matchting_patterns (Unwanted SMARTS)
 | 1.9600 17.5061 58.7046 0.5953960 O=C(NCC(=O)N1C[C@H](O)C[C@H]1C(=O)N[C@@H](Cc1ccc(Cl)cc1)c1ccccc1)c1ccc2cc(F)ccc2n1 1 COc1ccc([C@H](C)NC(=O)[C@@H]2C[C@@H](O)CN2C(=O)CNC(=O)c2ccc3cc(F)ccc3n2)c(Cl)c1 O=C(NCC(=O)N1CCC[C@H]1C(=O)N[C@@H](Cc1ccccc1)c1ccccc1)c1ccc2ccccc2n1 0.2962297 0.2962 0.6547619 0.6548 0.8049257 -10.2700 1.0000000 1.0000 []
 | 2.0188 12.2169 59.7177 0.5619890 O=C(NCC(=O)N1C[C@H](O)C[C@H]1C(=O)N[C@@H](Cc1ccc(O)cc1)c1ccccc1)c1ccc2cc(F)ccc2n1 1 COc1ccc([C@H](C)NC(=O)[C@@H]2C[C@@H](O)CN2C(=O)CNC(=O)c2ccc3cc(F)ccc3n2)c(Cl)c1 O=C(NCC(=O)N1CCC[C@H]1C(=O)N[C@@H](Cc1ccccc1)c1ccccc1)c1ccc2ccccc2n1 0.2640185 0.2640 0.6257310 0.6257 0.7770423 -9.9400 1.0000000 1.0000 []
 | 2.4933 30.0827 42.9067 0.5702296 O=C(NCC(=O)N1C[C@H](O)C[C@H]1C(=O)N[C@@H](Cc1ccc2ccccc2c1)c1ccccc1)c1ccc2cc(F)ccc2n1 1 COc1ccc([C@H](C)NC(=O)[C@@H]2C[C@@H](O)CN2C(=O)CNC(=O)c2ccc3cc(F)ccc3n2)c(Cl)c1 O=C(NCC(=O)N1CCC[C@H]1C(=O)N[C@@H](Cc1ccc2ccccc2c1)c1ccccc1)c1ccc2ccccc2n1 0.2493988 0.2494 0.5721925 0.5722 0.8607581 -11.0600 1.0000000 1.0000 []
 | 2.3517 10.2006 64.6276 0.5845955 O=C(NCC(=O)N1C[C@H](O)C[C@H]1C(=O)N[C@@H](Cc1ccccc1)c1ccccc1)c1ccc2cc(F)ccc2n1 1 COc1ccc([C@H](C)NC(=O)[C@@H]2C[C@@H](O)CN2C(=O)CNC(=O)c2ccc3cc(F)ccc3n2)c(Cl)c1 O=C(NCC(=O)N1CCC[C@H]1C(=O)N[C@@H](Cc1ccccc1)c1ccccc1)c1ccc2ccccc2n1 0.3180237 0.3180 0.6331361 0.6331 0.7616100 -9.7700 1.0000000 1.0000 []
 | 2.0101 10.0226 66.2444 0.5958362 O=C(NCC(=O)N1C[C@H](O)C[C@H]1C(=O)N[C@H](CO)c1ccc(Cl)cc1)c1ccc2cc(F)ccc2n1 1 COc1ccc([C@H](C)NC(=O)[C@@H]2C[C@@H](O)CN2C(=O)CNC(=O)c2ccc3cc(F)ccc3n2)c(Cl)c1 O=C(NCC(=O)N1CCC[C@H]1C(=O)NCc1ccccc1)c1ccc2ccccc2n1 0.3782864 0.3783 0.7482993 0.7483 0.6672764 -8.8600 1.0000000 1.0000 []
 | 2.0011 4.7853 68.0951 0.5693787 O=C(NCC(=O)N1C[C@H](O)C[C@H]1C(=O)N[C@H](CO)c1ccccc1)c1ccc2cc(F)ccc2n1 1 COc1ccc([C@H](C)NC(=O)[C@@H]2C[C@@H](O)CN2C(=O)CNC(=O)c2ccc3cc(F)ccc3n2)c(Cl)c1 O=C(NCC(=O)N1CCC[C@H]1C(=O)NCc1ccccc1)c1ccc2ccccc2n1 0.3976824 0.3977 0.7229730 0.7230 0.6046071 -8.3300 1.0000000 1.0000 []
 | 2.3111 20.3079 54.7829 0.5866468 O=C(NCC(=O)N1C[C@H](O)C[C@H]1C(=O)N[C@H](Cc1ccc(Cl)cc1)c1ccccc1)c1ccc2cc(F)ccc2n1 1 COc1ccc([C@H](C)NC(=O)[C@@H]2C[C@@H](O)CN2C(=O)CNC(=O)c2ccc3cc(F)ccc3n2)c(Cl)c1 O=C(NCC(=O)N1CCC[C@H]1C(=O)N[C@H](Cc1ccccc1)c1ccccc1)c1ccc2ccccc2n1 0.2962297 0.2962 0.6547619 0.6548 0.7814432 -9.9900 1.0000000 1.0000 []
 | 2.2882 17.2345 57.9434 0.5873279 O=C(NCC(=O)N1C[C@H](O)C[C@H]1C(=O)N[C@H](Cc1ccc(O)cc1)c1ccccc1)c1ccc2cc(F)ccc2n1 1 COc1ccc([C@H](C)NC(=O)[C@@H]2C[C@@H](O)CN2C(=O)CNC(=O)c2ccc3cc(F)ccc3n2)c(Cl)c1 O=C(NCC(=O)N1CCC[C@H]1C(=O)N[C@H](Cc1ccccc1)c1ccccc1)c1ccc2ccccc2n1 0.2640185 0.2640 0.6257310 0.6257 0.8486922 -10.8700 1.0000000 1.0000 []
 | 2.6455 35.4792 36.5036 0.5623654 O=C(NCC(=O)N1C[C@H](O)C[C@H]1C(=O)N[C@H](Cc1ccc2ccccc2c1)c1ccccc1)c1ccc2cc(F)ccc2n1 1 COc1ccc([C@H](C)NC(=O)[C@@H]2C[C@@H](O)CN2C(=O)CNC(=O)c2ccc3cc(F)ccc3n2)c(Cl)c1 O=C(NCC(=O)N1CCC[C@H]1C(=O)N[C@H](Cc1ccc2ccccc2c1)c1ccccc1)c1ccc2ccccc2n1 0.2493988 0.2494 0.5721925 0.5722 0.8371800 -10.7000 1.0000000 1.0000 []
 | 5.3891 14.2154 -14.2154 0.0000000 O=C(NCC(=O)N1C[C@H](O)C[C@H]1C(=O)N[C@H](Cc1ccccc1)c1ccccc1)c1ccc2cc(F)ccc2n1 1 COc1ccc([C@H](C)NC(=O)[C@@H]2C[C@@H](O)CN2C(=O)CNC(=O)c2ccc3cc(F)ccc3n2)c(Cl)c1 O=C(NCC(=O)N1CCC[C@H]1C(=O)N[C@H](Cc1ccccc1)c1ccccc1)c1ccc2ccccc2n1 0.3180237 0.3180 0.6331361 0.6331 0.8197404 -10.4600 1.0000000 1.0000 []
00:39:36 <INFO> Score: 0.52 Agent NLL: 2.56 Valid: 100% Step: 82
 | Agent Prior Target Score SMILES SMILES_state Input_SMILES Scaffold QED QED (raw) TanimotoDistance TanimotoDistance (raw) maize maize (raw) Unwanted SMARTS Unwanted SMARTS (raw) matchting_patterns (Unwanted SMARTS)
 | 1.9934 17.5061 58.7046 0.5953960 O=C(NCC(=O)N1C[C@H](O)C[C@H]1C(=O)N[C@@H](Cc1ccc(Cl)cc1)c1ccccc1)c1ccc2cc(F)ccc2n1 1 COc1ccc([C@H](C)NC(=O)[C@@H]2C[C@@H](O)CN2C(=O)CNC(=O)c2ccc3cc(F)ccc3n2)c(Cl)c1 O=C(NCC(=O)N1CCC[C@H]1C(=O)N[C@@H](Cc1ccccc1)c1ccccc1)c1ccc2ccccc2n1 0.2962297 0.2962 0.6547619 0.6548 0.8049257 -10.2700 1.0000000 1.0000 []
 | 2.0104 12.2169 59.7177 0.5619890 O=C(NCC(=O)N1C[C@H](O)C[C@H]1C(=O)N[C@@H](Cc1ccc(O)cc1)c1ccccc1)c1ccc2cc(F)ccc2n1 1 COc1ccc([C@H](C)NC(=O)[C@@H]2C[C@@H](O)CN2C(=O)CNC(=O)c2ccc3cc(F)ccc3n2)c(Cl)c1 O=C(NCC(=O)N1CCC[C@H]1C(=O)N[C@@H](Cc1ccccc1)c1ccccc1)c1ccc2ccccc2n1 0.2640185 0.2640 0.6257310 0.6257 0.7770423 -9.9400 1.0000000 1.0000 []
 | 2.4883 30.0827 42.9067 0.5702296 O=C(NCC(=O)N1C[C@H](O)C[C@H]1C(=O)N[C@@H](Cc1ccc2ccccc2c1)c1ccccc1)c1ccc2cc(F)ccc2n1 1 COc1ccc([C@H](C)NC(=O)[C@@H]2C[C@@H](O)CN2C(=O)CNC(=O)c2ccc3cc(F)ccc3n2)c(Cl)c1 O=C(NCC(=O)N1CCC[C@H]1C(=O)N[C@@H](Cc1ccc2ccccc2c1)c1ccccc1)c1ccc2ccccc2n1 0.2493988 0.2494 0.5721925 0.5722 0.8607581 -11.0600 1.0000000 1.0000 []
 | 2.3578 10.2006 64.6276 0.5845955 O=C(NCC(=O)N1C[C@H](O)C[C@H]1C(=O)N[C@@H](Cc1ccccc1)c1ccccc1)c1ccc2cc(F)ccc2n1 1 COc1ccc([C@H](C)NC(=O)[C@@H]2C[C@@H](O)CN2C(=O)CNC(=O)c2ccc3cc(F)ccc3n2)c(Cl)c1 O=C(NCC(=O)N1CCC[C@H]1C(=O)N[C@@H](Cc1ccccc1)c1ccccc1)c1ccc2ccccc2n1 0.3180237 0.3180 0.6331361 0.6331 0.7616100 -9.7700 1.0000000 1.0000 []
 | 1.9943 10.0226 66.2444 0.5958362 O=C(NCC(=O)N1C[C@H](O)C[C@H]1C(=O)N[C@H](CO)c1ccc(Cl)cc1)c1ccc2cc(F)ccc2n1 1 COc1ccc([C@H](C)NC(=O)[C@@H]2C[C@@H](O)CN2C(=O)CNC(=O)c2ccc3cc(F)ccc3n2)c(Cl)c1 O=C(NCC(=O)N1CCC[C@H]1C(=O)NCc1ccccc1)c1ccc2ccccc2n1 0.3782864 0.3783 0.7482993 0.7483 0.6672764 -8.8600 1.0000000 1.0000 []
 | 1.9820 4.7853 68.0951 0.5693787 O=C(NCC(=O)N1C[C@H](O)C[C@H]1C(=O)N[C@H](CO)c1ccccc1)c1ccc2cc(F)ccc2n1 1 COc1ccc([C@H](C)NC(=O)[C@@H]2C[C@@H](O)CN2C(=O)CNC(=O)c2ccc3cc(F)ccc3n2)c(Cl)c1 O=C(NCC(=O)N1CCC[C@H]1C(=O)NCc1ccccc1)c1ccc2ccccc2n1 0.3976824 0.3977 0.7229730 0.7230 0.6046071 -8.3300 1.0000000 1.0000 []
 | 2.3360 20.3079 54.7829 0.5866468 O=C(NCC(=O)N1C[C@H](O)C[C@H]1C(=O)N[C@H](Cc1ccc(Cl)cc1)c1ccccc1)c1ccc2cc(F)ccc2n1 1 COc1ccc([C@H](C)NC(=O)[C@@H]2C[C@@H](O)CN2C(=O)CNC(=O)c2ccc3cc(F)ccc3n2)c(Cl)c1 O=C(NCC(=O)N1CCC[C@H]1C(=O)N[C@H](Cc1ccccc1)c1ccccc1)c1ccc2ccccc2n1 0.2962297 0.2962 0.6547619 0.6548 0.7814432 -9.9900 1.0000000 1.0000 []
 | 2.2719 17.2345 57.9434 0.5873279 O=C(NCC(=O)N1C[C@H](O)C[C@H]1C(=O)N[C@H](Cc1ccc(O)cc1)c1ccccc1)c1ccc2cc(F)ccc2n1 1 COc1ccc([C@H](C)NC(=O)[C@@H]2C[C@@H](O)CN2C(=O)CNC(=O)c2ccc3cc(F)ccc3n2)c(Cl)c1 O=C(NCC(=O)N1CCC[C@H]1C(=O)N[C@H](Cc1ccccc1)c1ccccc1)c1ccc2ccccc2n1 0.2640185 0.2640 0.6257310 0.6257 0.8486922 -10.8700 1.0000000 1.0000 []
 | 2.6412 35.4792 36.5036 0.5623654 O=C(NCC(=O)N1C[C@H](O)C[C@H]1C(=O)N[C@H](Cc1ccc2ccccc2c1)c1ccccc1)c1ccc2cc(F)ccc2n1 1 COc1ccc([C@H](C)NC(=O)[C@@H]2C[C@@H](O)CN2C(=O)CNC(=O)c2ccc3cc(F)ccc3n2)c(Cl)c1 O=C(NCC(=O)N1CCC[C@H]1C(=O)N[C@H](Cc1ccc2ccccc2c1)c1ccccc1)c1ccc2ccccc2n1 0.2493988 0.2494 0.5721925 0.5722 0.8371800 -10.7000 1.0000000 1.0000 []
 | 5.5162 14.2154 -14.2154 0.0000000 O=C(NCC(=O)N1C[C@H](O)C[C@H]1C(=O)N[C@H](Cc1ccccc1)c1ccccc1)c1ccc2cc(F)ccc2n1 1 COc1ccc([C@H](C)NC(=O)[C@@H]2C[C@@H](O)CN2C(=O)CNC(=O)c2ccc3cc(F)ccc3n2)c(Cl)c1 O=C(NCC(=O)N1CCC[C@H]1C(=O)N[C@H](Cc1ccccc1)c1ccccc1)c1ccc2ccccc2n1 0.3180237 0.3180 0.6331361 0.6331 0.8197404 -10.4600 1.0000000 1.0000 []
00:39:38 <INFO> Score: 0.52 Agent NLL: 2.57 Valid: 100% Step: 83
 | Agent Prior Target Score SMILES SMILES_state Input_SMILES Scaffold QED QED (raw) TanimotoDistance TanimotoDistance (raw) maize maize (raw) Unwanted SMARTS Unwanted SMARTS (raw) matchting_patterns (Unwanted SMARTS)
 | 2.0294 17.5061 58.7046 0.5953960 O=C(NCC(=O)N1C[C@H](O)C[C@H]1C(=O)N[C@@H](Cc1ccc(Cl)cc1)c1ccccc1)c1ccc2cc(F)ccc2n1 1 COc1ccc([C@H](C)NC(=O)[C@@H]2C[C@@H](O)CN2C(=O)CNC(=O)c2ccc3cc(F)ccc3n2)c(Cl)c1 O=C(NCC(=O)N1CCC[C@H]1C(=O)N[C@@H](Cc1ccccc1)c1ccccc1)c1ccc2ccccc2n1 0.2962297 0.2962 0.6547619 0.6548 0.8049257 -10.2700 1.0000000 1.0000 []
 | 2.0038 12.2169 59.7177 0.5619890 O=C(NCC(=O)N1C[C@H](O)C[C@H]1C(=O)N[C@@H](Cc1ccc(O)cc1)c1ccccc1)c1ccc2cc(F)ccc2n1 1 COc1ccc([C@H](C)NC(=O)[C@@H]2C[C@@H](O)CN2C(=O)CNC(=O)c2ccc3cc(F)ccc3n2)c(Cl)c1 O=C(NCC(=O)N1CCC[C@H]1C(=O)N[C@@H](Cc1ccccc1)c1ccccc1)c1ccc2ccccc2n1 0.2640185 0.2640 0.6257310 0.6257 0.7770423 -9.9400 1.0000000 1.0000 []
 | 2.4794 30.0827 42.9067 0.5702296 O=C(NCC(=O)N1C[C@H](O)C[C@H]1C(=O)N[C@@H](Cc1ccc2ccccc2c1)c1ccccc1)c1ccc2cc(F)ccc2n1 1 COc1ccc([C@H](C)NC(=O)[C@@H]2C[C@@H](O)CN2C(=O)CNC(=O)c2ccc3cc(F)ccc3n2)c(Cl)c1 O=C(NCC(=O)N1CCC[C@H]1C(=O)N[C@@H](Cc1ccc2ccccc2c1)c1ccccc1)c1ccc2ccccc2n1 0.2493988 0.2494 0.5721925 0.5722 0.8607581 -11.0600 1.0000000 1.0000 []
 | 2.3538 10.2006 64.6276 0.5845955 O=C(NCC(=O)N1C[C@H](O)C[C@H]1C(=O)N[C@@H](Cc1ccccc1)c1ccccc1)c1ccc2cc(F)ccc2n1 1 COc1ccc([C@H](C)NC(=O)[C@@H]2C[C@@H](O)CN2C(=O)CNC(=O)c2ccc3cc(F)ccc3n2)c(Cl)c1 O=C(NCC(=O)N1CCC[C@H]1C(=O)N[C@@H](Cc1ccccc1)c1ccccc1)c1ccc2ccccc2n1 0.3180237 0.3180 0.6331361 0.6331 0.7616100 -9.7700 1.0000000 1.0000 []
 | 2.0110 10.0226 66.2444 0.5958362 O=C(NCC(=O)N1C[C@H](O)C[C@H]1C(=O)N[C@H](CO)c1ccc(Cl)cc1)c1ccc2cc(F)ccc2n1 1 COc1ccc([C@H](C)NC(=O)[C@@H]2C[C@@H](O)CN2C(=O)CNC(=O)c2ccc3cc(F)ccc3n2)c(Cl)c1 O=C(NCC(=O)N1CCC[C@H]1C(=O)NCc1ccccc1)c1ccc2ccccc2n1 0.3782864 0.3783 0.7482993 0.7483 0.6672764 -8.8600 1.0000000 1.0000 []
 | 1.9932 4.7853 68.0951 0.5693787 O=C(NCC(=O)N1C[C@H](O)C[C@H]1C(=O)N[C@H](CO)c1ccccc1)c1ccc2cc(F)ccc2n1 1 COc1ccc([C@H](C)NC(=O)[C@@H]2C[C@@H](O)CN2C(=O)CNC(=O)c2ccc3cc(F)ccc3n2)c(Cl)c1 O=C(NCC(=O)N1CCC[C@H]1C(=O)NCc1ccccc1)c1ccc2ccccc2n1 0.3976824 0.3977 0.7229730 0.7230 0.6046071 -8.3300 1.0000000 1.0000 []
 | 2.3374 20.3079 54.7829 0.5866468 O=C(NCC(=O)N1C[C@H](O)C[C@H]1C(=O)N[C@H](Cc1ccc(Cl)cc1)c1ccccc1)c1ccc2cc(F)ccc2n1 1 COc1ccc([C@H](C)NC(=O)[C@@H]2C[C@@H](O)CN2C(=O)CNC(=O)c2ccc3cc(F)ccc3n2)c(Cl)c1 O=C(NCC(=O)N1CCC[C@H]1C(=O)N[C@H](Cc1ccccc1)c1ccccc1)c1ccc2ccccc2n1 0.2962297 0.2962 0.6547619 0.6548 0.7814432 -9.9900 1.0000000 1.0000 []
 | 2.2311 17.2345 57.9434 0.5873279 O=C(NCC(=O)N1C[C@H](O)C[C@H]1C(=O)N[C@H](Cc1ccc(O)cc1)c1ccccc1)c1ccc2cc(F)ccc2n1 1 COc1ccc([C@H](C)NC(=O)[C@@H]2C[C@@H](O)CN2C(=O)CNC(=O)c2ccc3cc(F)ccc3n2)c(Cl)c1 O=C(NCC(=O)N1CCC[C@H]1C(=O)N[C@H](Cc1ccccc1)c1ccccc1)c1ccc2ccccc2n1 0.2640185 0.2640 0.6257310 0.6257 0.8486922 -10.8700 1.0000000 1.0000 []
 | 2.6018 35.4792 36.5036 0.5623654 O=C(NCC(=O)N1C[C@H](O)C[C@H]1C(=O)N[C@H](Cc1ccc2ccccc2c1)c1ccccc1)c1ccc2cc(F)ccc2n1 1 COc1ccc([C@H](C)NC(=O)[C@@H]2C[C@@H](O)CN2C(=O)CNC(=O)c2ccc3cc(F)ccc3n2)c(Cl)c1 O=C(NCC(=O)N1CCC[C@H]1C(=O)N[C@H](Cc1ccc2ccccc2c1)c1ccccc1)c1ccc2ccccc2n1 0.2493988 0.2494 0.5721925 0.5722 0.8371800 -10.7000 1.0000000 1.0000 []
 | 5.6116 14.2154 -14.2154 0.0000000 O=C(NCC(=O)N1C[C@H](O)C[C@H]1C(=O)N[C@H](Cc1ccccc1)c1ccccc1)c1ccc2cc(F)ccc2n1 1 COc1ccc([C@H](C)NC(=O)[C@@H]2C[C@@H](O)CN2C(=O)CNC(=O)c2ccc3cc(F)ccc3n2)c(Cl)c1 O=C(NCC(=O)N1CCC[C@H]1C(=O)N[C@H](Cc1ccccc1)c1ccccc1)c1ccc2ccccc2n1 0.3180237 0.3180 0.6331361 0.6331 0.8197404 -10.4600 1.0000000 1.0000 []
00:39:39 <INFO> Score: 0.52 Agent NLL: 2.57 Valid: 100% Step: 84
 | Agent Prior Target Score SMILES SMILES_state Input_SMILES Scaffold QED QED (raw) TanimotoDistance TanimotoDistance (raw) maize maize (raw) Unwanted SMARTS Unwanted SMARTS (raw) matchting_patterns (Unwanted SMARTS)
 | 2.0560 17.5061 58.7046 0.5953960 O=C(NCC(=O)N1C[C@H](O)C[C@H]1C(=O)N[C@@H](Cc1ccc(Cl)cc1)c1ccccc1)c1ccc2cc(F)ccc2n1 1 COc1ccc([C@H](C)NC(=O)[C@@H]2C[C@@H](O)CN2C(=O)CNC(=O)c2ccc3cc(F)ccc3n2)c(Cl)c1 O=C(NCC(=O)N1CCC[C@H]1C(=O)N[C@@H](Cc1ccccc1)c1ccccc1)c1ccc2ccccc2n1 0.2962297 0.2962 0.6547619 0.6548 0.8049257 -10.2700 1.0000000 1.0000 []
 | 2.0086 12.2169 59.7177 0.5619890 O=C(NCC(=O)N1C[C@H](O)C[C@H]1C(=O)N[C@@H](Cc1ccc(O)cc1)c1ccccc1)c1ccc2cc(F)ccc2n1 1 COc1ccc([C@H](C)NC(=O)[C@@H]2C[C@@H](O)CN2C(=O)CNC(=O)c2ccc3cc(F)ccc3n2)c(Cl)c1 O=C(NCC(=O)N1CCC[C@H]1C(=O)N[C@@H](Cc1ccccc1)c1ccccc1)c1ccc2ccccc2n1 0.2640185 0.2640 0.6257310 0.6257 0.7770423 -9.9400 1.0000000 1.0000 []
 | 2.4695 30.0827 42.9067 0.5702296 O=C(NCC(=O)N1C[C@H](O)C[C@H]1C(=O)N[C@@H](Cc1ccc2ccccc2c1)c1ccccc1)c1ccc2cc(F)ccc2n1 1 COc1ccc([C@H](C)NC(=O)[C@@H]2C[C@@H](O)CN2C(=O)CNC(=O)c2ccc3cc(F)ccc3n2)c(Cl)c1 O=C(NCC(=O)N1CCC[C@H]1C(=O)N[C@@H](Cc1ccc2ccccc2c1)c1ccccc1)c1ccc2ccccc2n1 0.2493988 0.2494 0.5721925 0.5722 0.8607581 -11.0600 1.0000000 1.0000 []
 | 2.3367 10.2006 64.6276 0.5845955 O=C(NCC(=O)N1C[C@H](O)C[C@H]1C(=O)N[C@@H](Cc1ccccc1)c1ccccc1)c1ccc2cc(F)ccc2n1 1 COc1ccc([C@H](C)NC(=O)[C@@H]2C[C@@H](O)CN2C(=O)CNC(=O)c2ccc3cc(F)ccc3n2)c(Cl)c1 O=C(NCC(=O)N1CCC[C@H]1C(=O)N[C@@H](Cc1ccccc1)c1ccccc1)c1ccc2ccccc2n1 0.3180237 0.3180 0.6331361 0.6331 0.7616100 -9.7700 1.0000000 1.0000 []
 | 2.0418 10.0226 66.2444 0.5958362 O=C(NCC(=O)N1C[C@H](O)C[C@H]1C(=O)N[C@H](CO)c1ccc(Cl)cc1)c1ccc2cc(F)ccc2n1 1 COc1ccc([C@H](C)NC(=O)[C@@H]2C[C@@H](O)CN2C(=O)CNC(=O)c2ccc3cc(F)ccc3n2)c(Cl)c1 O=C(NCC(=O)N1CCC[C@H]1C(=O)NCc1ccccc1)c1ccc2ccccc2n1 0.3782864 0.3783 0.7482993 0.7483 0.6672764 -8.8600 1.0000000 1.0000 []
 | 2.0168 4.7853 68.0951 0.5693787 O=C(NCC(=O)N1C[C@H](O)C[C@H]1C(=O)N[C@H](CO)c1ccccc1)c1ccc2cc(F)ccc2n1 1 COc1ccc([C@H](C)NC(=O)[C@@H]2C[C@@H](O)CN2C(=O)CNC(=O)c2ccc3cc(F)ccc3n2)c(Cl)c1 O=C(NCC(=O)N1CCC[C@H]1C(=O)NCc1ccccc1)c1ccc2ccccc2n1 0.3976824 0.3977 0.7229730 0.7230 0.6046071 -8.3300 1.0000000 1.0000 []
 | 2.3230 20.3079 54.7829 0.5866468 O=C(NCC(=O)N1C[C@H](O)C[C@H]1C(=O)N[C@H](Cc1ccc(Cl)cc1)c1ccccc1)c1ccc2cc(F)ccc2n1 1 COc1ccc([C@H](C)NC(=O)[C@@H]2C[C@@H](O)CN2C(=O)CNC(=O)c2ccc3cc(F)ccc3n2)c(Cl)c1 O=C(NCC(=O)N1CCC[C@H]1C(=O)N[C@H](Cc1ccccc1)c1ccccc1)c1ccc2ccccc2n1 0.2962297 0.2962 0.6547619 0.6548 0.7814432 -9.9900 1.0000000 1.0000 []
 | 2.1951 17.2345 57.9434 0.5873279 O=C(NCC(=O)N1C[C@H](O)C[C@H]1C(=O)N[C@H](Cc1ccc(O)cc1)c1ccccc1)c1ccc2cc(F)ccc2n1 1 COc1ccc([C@H](C)NC(=O)[C@@H]2C[C@@H](O)CN2C(=O)CNC(=O)c2ccc3cc(F)ccc3n2)c(Cl)c1 O=C(NCC(=O)N1CCC[C@H]1C(=O)N[C@H](Cc1ccccc1)c1ccccc1)c1ccc2ccccc2n1 0.2640185 0.2640 0.6257310 0.6257 0.8486922 -10.8700 1.0000000 1.0000 []
 | 2.5508 35.4792 36.5036 0.5623654 O=C(NCC(=O)N1C[C@H](O)C[C@H]1C(=O)N[C@H](Cc1ccc2ccccc2c1)c1ccccc1)c1ccc2cc(F)ccc2n1 1 COc1ccc([C@H](C)NC(=O)[C@@H]2C[C@@H](O)CN2C(=O)CNC(=O)c2ccc3cc(F)ccc3n2)c(Cl)c1 O=C(NCC(=O)N1CCC[C@H]1C(=O)N[C@H](Cc1ccc2ccccc2c1)c1ccccc1)c1ccc2ccccc2n1 0.2493988 0.2494 0.5721925 0.5722 0.8371800 -10.7000 1.0000000 1.0000 []
 | 5.6926 14.2154 -14.2154 0.0000000 O=C(NCC(=O)N1C[C@H](O)C[C@H]1C(=O)N[C@H](Cc1ccccc1)c1ccccc1)c1ccc2cc(F)ccc2n1 1 COc1ccc([C@H](C)NC(=O)[C@@H]2C[C@@H](O)CN2C(=O)CNC(=O)c2ccc3cc(F)ccc3n2)c(Cl)c1 O=C(NCC(=O)N1CCC[C@H]1C(=O)N[C@H](Cc1ccccc1)c1ccccc1)c1ccc2ccccc2n1 0.3180237 0.3180 0.6331361 0.6331 0.8197404 -10.4600 1.0000000 1.0000 []
00:39:41 <INFO> Score: 0.52 Agent NLL: 2.58 Valid: 100% Step: 85
 | Agent Prior Target Score SMILES SMILES_state Input_SMILES Scaffold QED QED (raw) TanimotoDistance TanimotoDistance (raw) maize maize (raw) Unwanted SMARTS Unwanted SMARTS (raw) matchting_patterns (Unwanted SMARTS)
 | 2.0686 17.5061 58.7046 0.5953960 O=C(NCC(=O)N1C[C@H](O)C[C@H]1C(=O)N[C@@H](Cc1ccc(Cl)cc1)c1ccccc1)c1ccc2cc(F)ccc2n1 1 COc1ccc([C@H](C)NC(=O)[C@@H]2C[C@@H](O)CN2C(=O)CNC(=O)c2ccc3cc(F)ccc3n2)c(Cl)c1 O=C(NCC(=O)N1CCC[C@H]1C(=O)N[C@@H](Cc1ccccc1)c1ccccc1)c1ccc2ccccc2n1 0.2962297 0.2962 0.6547619 0.6548 0.8049257 -10.2700 1.0000000 1.0000 []
 | 2.0239 12.2169 59.7177 0.5619890 O=C(NCC(=O)N1C[C@H](O)C[C@H]1C(=O)N[C@@H](Cc1ccc(O)cc1)c1ccccc1)c1ccc2cc(F)ccc2n1 1 COc1ccc([C@H](C)NC(=O)[C@@H]2C[C@@H](O)CN2C(=O)CNC(=O)c2ccc3cc(F)ccc3n2)c(Cl)c1 O=C(NCC(=O)N1CCC[C@H]1C(=O)N[C@@H](Cc1ccccc1)c1ccccc1)c1ccc2ccccc2n1 0.2640185 0.2640 0.6257310 0.6257 0.7770423 -9.9400 1.0000000 1.0000 []
 | 2.4613 30.0827 42.9067 0.5702296 O=C(NCC(=O)N1C[C@H](O)C[C@H]1C(=O)N[C@@H](Cc1ccc2ccccc2c1)c1ccccc1)c1ccc2cc(F)ccc2n1 1 COc1ccc([C@H](C)NC(=O)[C@@H]2C[C@@H](O)CN2C(=O)CNC(=O)c2ccc3cc(F)ccc3n2)c(Cl)c1 O=C(NCC(=O)N1CCC[C@H]1C(=O)N[C@@H](Cc1ccc2ccccc2c1)c1ccccc1)c1ccc2ccccc2n1 0.2493988 0.2494 0.5721925 0.5722 0.8607581 -11.0600 1.0000000 1.0000 []
 | 2.3093 10.2006 64.6276 0.5845955 O=C(NCC(=O)N1C[C@H](O)C[C@H]1C(=O)N[C@@H](Cc1ccccc1)c1ccccc1)c1ccc2cc(F)ccc2n1 1 COc1ccc([C@H](C)NC(=O)[C@@H]2C[C@@H](O)CN2C(=O)CNC(=O)c2ccc3cc(F)ccc3n2)c(Cl)c1 O=C(NCC(=O)N1CCC[C@H]1C(=O)N[C@@H](Cc1ccccc1)c1ccccc1)c1ccc2ccccc2n1 0.3180237 0.3180 0.6331361 0.6331 0.7616100 -9.7700 1.0000000 1.0000 []
 | 2.0523 10.0226 66.2444 0.5958362 O=C(NCC(=O)N1C[C@H](O)C[C@H]1C(=O)N[C@H](CO)c1ccc(Cl)cc1)c1ccc2cc(F)ccc2n1 1 COc1ccc([C@H](C)NC(=O)[C@@H]2C[C@@H](O)CN2C(=O)CNC(=O)c2ccc3cc(F)ccc3n2)c(Cl)c1 O=C(NCC(=O)N1CCC[C@H]1C(=O)NCc1ccccc1)c1ccc2ccccc2n1 0.3782864 0.3783 0.7482993 0.7483 0.6672764 -8.8600 1.0000000 1.0000 []
 | 2.0192 4.7853 68.0951 0.5693787 O=C(NCC(=O)N1C[C@H](O)C[C@H]1C(=O)N[C@H](CO)c1ccccc1)c1ccc2cc(F)ccc2n1 1 COc1ccc([C@H](C)NC(=O)[C@@H]2C[C@@H](O)CN2C(=O)CNC(=O)c2ccc3cc(F)ccc3n2)c(Cl)c1 O=C(NCC(=O)N1CCC[C@H]1C(=O)NCc1ccccc1)c1ccc2ccccc2n1 0.3976824 0.3977 0.7229730 0.7230 0.6046071 -8.3300 1.0000000 1.0000 []
 | 2.3145 20.3079 54.7829 0.5866468 O=C(NCC(=O)N1C[C@H](O)C[C@H]1C(=O)N[C@H](Cc1ccc(Cl)cc1)c1ccccc1)c1ccc2cc(F)ccc2n1 1 COc1ccc([C@H](C)NC(=O)[C@@H]2C[C@@H](O)CN2C(=O)CNC(=O)c2ccc3cc(F)ccc3n2)c(Cl)c1 O=C(NCC(=O)N1CCC[C@H]1C(=O)N[C@H](Cc1ccccc1)c1ccccc1)c1ccc2ccccc2n1 0.2962297 0.2962 0.6547619 0.6548 0.7814432 -9.9900 1.0000000 1.0000 []
 | 2.1964 17.2345 57.9434 0.5873279 O=C(NCC(=O)N1C[C@H](O)C[C@H]1C(=O)N[C@H](Cc1ccc(O)cc1)c1ccccc1)c1ccc2cc(F)ccc2n1 1 COc1ccc([C@H](C)NC(=O)[C@@H]2C[C@@H](O)CN2C(=O)CNC(=O)c2ccc3cc(F)ccc3n2)c(Cl)c1 O=C(NCC(=O)N1CCC[C@H]1C(=O)N[C@H](Cc1ccccc1)c1ccccc1)c1ccc2ccccc2n1 0.2640185 0.2640 0.6257310 0.6257 0.8486922 -10.8700 1.0000000 1.0000 []
 | 2.5303 35.4792 36.5036 0.5623654 O=C(NCC(=O)N1C[C@H](O)C[C@H]1C(=O)N[C@H](Cc1ccc2ccccc2c1)c1ccccc1)c1ccc2cc(F)ccc2n1 1 COc1ccc([C@H](C)NC(=O)[C@@H]2C[C@@H](O)CN2C(=O)CNC(=O)c2ccc3cc(F)ccc3n2)c(Cl)c1 O=C(NCC(=O)N1CCC[C@H]1C(=O)N[C@H](Cc1ccc2ccccc2c1)c1ccccc1)c1ccc2ccccc2n1 0.2493988 0.2494 0.5721925 0.5722 0.8371800 -10.7000 1.0000000 1.0000 []
 | 5.7935 14.2154 -14.2154 0.0000000 O=C(NCC(=O)N1C[C@H](O)C[C@H]1C(=O)N[C@H](Cc1ccccc1)c1ccccc1)c1ccc2cc(F)ccc2n1 1 COc1ccc([C@H](C)NC(=O)[C@@H]2C[C@@H](O)CN2C(=O)CNC(=O)c2ccc3cc(F)ccc3n2)c(Cl)c1 O=C(NCC(=O)N1CCC[C@H]1C(=O)N[C@H](Cc1ccccc1)c1ccccc1)c1ccc2ccccc2n1 0.3180237 0.3180 0.6331361 0.6331 0.8197404 -10.4600 1.0000000 1.0000 []
00:39:42 <INFO> Score: 0.52 Agent NLL: 2.59 Valid: 100% Step: 86
 | Agent Prior Target Score SMILES SMILES_state Input_SMILES Scaffold QED QED (raw) TanimotoDistance TanimotoDistance (raw) maize maize (raw) Unwanted SMARTS Unwanted SMARTS (raw) matchting_patterns (Unwanted SMARTS)
 | 2.0675 17.5061 58.7046 0.5953960 O=C(NCC(=O)N1C[C@H](O)C[C@H]1C(=O)N[C@@H](Cc1ccc(Cl)cc1)c1ccccc1)c1ccc2cc(F)ccc2n1 1 COc1ccc([C@H](C)NC(=O)[C@@H]2C[C@@H](O)CN2C(=O)CNC(=O)c2ccc3cc(F)ccc3n2)c(Cl)c1 O=C(NCC(=O)N1CCC[C@H]1C(=O)N[C@@H](Cc1ccccc1)c1ccccc1)c1ccc2ccccc2n1 0.2962297 0.2962 0.6547619 0.6548 0.8049257 -10.2700 1.0000000 1.0000 []
 | 2.0445 12.2169 59.7177 0.5619890 O=C(NCC(=O)N1C[C@H](O)C[C@H]1C(=O)N[C@@H](Cc1ccc(O)cc1)c1ccccc1)c1ccc2cc(F)ccc2n1 1 COc1ccc([C@H](C)NC(=O)[C@@H]2C[C@@H](O)CN2C(=O)CNC(=O)c2ccc3cc(F)ccc3n2)c(Cl)c1 O=C(NCC(=O)N1CCC[C@H]1C(=O)N[C@@H](Cc1ccccc1)c1ccccc1)c1ccc2ccccc2n1 0.2640185 0.2640 0.6257310 0.6257 0.7770423 -9.9400 1.0000000 1.0000 []
 | 2.4632 30.0827 42.9067 0.5702296 O=C(NCC(=O)N1C[C@H](O)C[C@H]1C(=O)N[C@@H](Cc1ccc2ccccc2c1)c1ccccc1)c1ccc2cc(F)ccc2n1 1 COc1ccc([C@H](C)NC(=O)[C@@H]2C[C@@H](O)CN2C(=O)CNC(=O)c2ccc3cc(F)ccc3n2)c(Cl)c1 O=C(NCC(=O)N1CCC[C@H]1C(=O)N[C@@H](Cc1ccc2ccccc2c1)c1ccccc1)c1ccc2ccccc2n1 0.2493988 0.2494 0.5721925 0.5722 0.8607581 -11.0600 1.0000000 1.0000 []
 | 2.2738 10.2006 64.6276 0.5845955 O=C(NCC(=O)N1C[C@H](O)C[C@H]1C(=O)N[C@@H](Cc1ccccc1)c1ccccc1)c1ccc2cc(F)ccc2n1 1 COc1ccc([C@H](C)NC(=O)[C@@H]2C[C@@H](O)CN2C(=O)CNC(=O)c2ccc3cc(F)ccc3n2)c(Cl)c1 O=C(NCC(=O)N1CCC[C@H]1C(=O)N[C@@H](Cc1ccccc1)c1ccccc1)c1ccc2ccccc2n1 0.3180237 0.3180 0.6331361 0.6331 0.7616100 -9.7700 1.0000000 1.0000 []
 | 2.0382 10.0226 66.2444 0.5958362 O=C(NCC(=O)N1C[C@H](O)C[C@H]1C(=O)N[C@H](CO)c1ccc(Cl)cc1)c1ccc2cc(F)ccc2n1 1 COc1ccc([C@H](C)NC(=O)[C@@H]2C[C@@H](O)CN2C(=O)CNC(=O)c2ccc3cc(F)ccc3n2)c(Cl)c1 O=C(NCC(=O)N1CCC[C@H]1C(=O)NCc1ccccc1)c1ccc2ccccc2n1 0.3782864 0.3783 0.7482993 0.7483 0.6672764 -8.8600 1.0000000 1.0000 []
 | 1.9970 4.7853 68.0951 0.5693787 O=C(NCC(=O)N1C[C@H](O)C[C@H]1C(=O)N[C@H](CO)c1ccccc1)c1ccc2cc(F)ccc2n1 1 COc1ccc([C@H](C)NC(=O)[C@@H]2C[C@@H](O)CN2C(=O)CNC(=O)c2ccc3cc(F)ccc3n2)c(Cl)c1 O=C(NCC(=O)N1CCC[C@H]1C(=O)NCc1ccccc1)c1ccc2ccccc2n1 0.3976824 0.3977 0.7229730 0.7230 0.6046071 -8.3300 1.0000000 1.0000 []
 | 2.3171 20.3079 54.7829 0.5866468 O=C(NCC(=O)N1C[C@H](O)C[C@H]1C(=O)N[C@H](Cc1ccc(Cl)cc1)c1ccccc1)c1ccc2cc(F)ccc2n1 1 COc1ccc([C@H](C)NC(=O)[C@@H]2C[C@@H](O)CN2C(=O)CNC(=O)c2ccc3cc(F)ccc3n2)c(Cl)c1 O=C(NCC(=O)N1CCC[C@H]1C(=O)N[C@H](Cc1ccccc1)c1ccccc1)c1ccc2ccccc2n1 0.2962297 0.2962 0.6547619 0.6548 0.7814432 -9.9900 1.0000000 1.0000 []
 | 2.2308 17.2345 57.9434 0.5873279 O=C(NCC(=O)N1C[C@H](O)C[C@H]1C(=O)N[C@H](Cc1ccc(O)cc1)c1ccccc1)c1ccc2cc(F)ccc2n1 1 COc1ccc([C@H](C)NC(=O)[C@@H]2C[C@@H](O)CN2C(=O)CNC(=O)c2ccc3cc(F)ccc3n2)c(Cl)c1 O=C(NCC(=O)N1CCC[C@H]1C(=O)N[C@H](Cc1ccccc1)c1ccccc1)c1ccc2ccccc2n1 0.2640185 0.2640 0.6257310 0.6257 0.8486922 -10.8700 1.0000000 1.0000 []
 | 2.5461 35.4792 36.5036 0.5623654 O=C(NCC(=O)N1C[C@H](O)C[C@H]1C(=O)N[C@H](Cc1ccc2ccccc2c1)c1ccccc1)c1ccc2cc(F)ccc2n1 1 COc1ccc([C@H](C)NC(=O)[C@@H]2C[C@@H](O)CN2C(=O)CNC(=O)c2ccc3cc(F)ccc3n2)c(Cl)c1 O=C(NCC(=O)N1CCC[C@H]1C(=O)N[C@H](Cc1ccc2ccccc2c1)c1ccccc1)c1ccc2ccccc2n1 0.2493988 0.2494 0.5721925 0.5722 0.8371800 -10.7000 1.0000000 1.0000 []
 | 5.9221 14.2154 -14.2154 0.0000000 O=C(NCC(=O)N1C[C@H](O)C[C@H]1C(=O)N[C@H](Cc1ccccc1)c1ccccc1)c1ccc2cc(F)ccc2n1 1 COc1ccc([C@H](C)NC(=O)[C@@H]2C[C@@H](O)CN2C(=O)CNC(=O)c2ccc3cc(F)ccc3n2)c(Cl)c1 O=C(NCC(=O)N1CCC[C@H]1C(=O)N[C@H](Cc1ccccc1)c1ccccc1)c1ccc2ccccc2n1 0.3180237 0.3180 0.6331361 0.6331 0.8197404 -10.4600 1.0000000 1.0000 []
00:39:44 <INFO> Score: 0.52 Agent NLL: 2.61 Valid: 100% Step: 87
 | Agent Prior Target Score SMILES SMILES_state Input_SMILES Scaffold QED QED (raw) TanimotoDistance TanimotoDistance (raw) maize maize (raw) Unwanted SMARTS Unwanted SMARTS (raw) matchting_patterns (Unwanted SMARTS)
 | 2.0591 17.5061 58.7046 0.5953960 O=C(NCC(=O)N1C[C@H](O)C[C@H]1C(=O)N[C@@H](Cc1ccc(Cl)cc1)c1ccccc1)c1ccc2cc(F)ccc2n1 1 COc1ccc([C@H](C)NC(=O)[C@@H]2C[C@@H](O)CN2C(=O)CNC(=O)c2ccc3cc(F)ccc3n2)c(Cl)c1 O=C(NCC(=O)N1CCC[C@H]1C(=O)N[C@@H](Cc1ccccc1)c1ccccc1)c1ccc2ccccc2n1 0.2962297 0.2962 0.6547619 0.6548 0.8049257 -10.2700 1.0000000 1.0000 []
 | 2.0632 12.2169 59.7177 0.5619890 O=C(NCC(=O)N1C[C@H](O)C[C@H]1C(=O)N[C@@H](Cc1ccc(O)cc1)c1ccccc1)c1ccc2cc(F)ccc2n1 1 COc1ccc([C@H](C)NC(=O)[C@@H]2C[C@@H](O)CN2C(=O)CNC(=O)c2ccc3cc(F)ccc3n2)c(Cl)c1 O=C(NCC(=O)N1CCC[C@H]1C(=O)N[C@@H](Cc1ccccc1)c1ccccc1)c1ccc2ccccc2n1 0.2640185 0.2640 0.6257310 0.6257 0.7770423 -9.9400 1.0000000 1.0000 []
 | 2.4748 30.0827 42.9067 0.5702296 O=C(NCC(=O)N1C[C@H](O)C[C@H]1C(=O)N[C@@H](Cc1ccc2ccccc2c1)c1ccccc1)c1ccc2cc(F)ccc2n1 1 COc1ccc([C@H](C)NC(=O)[C@@H]2C[C@@H](O)CN2C(=O)CNC(=O)c2ccc3cc(F)ccc3n2)c(Cl)c1 O=C(NCC(=O)N1CCC[C@H]1C(=O)N[C@@H](Cc1ccc2ccccc2c1)c1ccccc1)c1ccc2ccccc2n1 0.2493988 0.2494 0.5721925 0.5722 0.8607581 -11.0600 1.0000000 1.0000 []
 | 2.2339 10.2006 64.6276 0.5845955 O=C(NCC(=O)N1C[C@H](O)C[C@H]1C(=O)N[C@@H](Cc1ccccc1)c1ccccc1)c1ccc2cc(F)ccc2n1 1 COc1ccc([C@H](C)NC(=O)[C@@H]2C[C@@H](O)CN2C(=O)CNC(=O)c2ccc3cc(F)ccc3n2)c(Cl)c1 O=C(NCC(=O)N1CCC[C@H]1C(=O)N[C@@H](Cc1ccccc1)c1ccccc1)c1ccc2ccccc2n1 0.3180237 0.3180 0.6331361 0.6331 0.7616100 -9.7700 1.0000000 1.0000 []
 | 2.0221 10.0226 66.2444 0.5958362 O=C(NCC(=O)N1C[C@H](O)C[C@H]1C(=O)N[C@H](CO)c1ccc(Cl)cc1)c1ccc2cc(F)ccc2n1 1 COc1ccc([C@H](C)NC(=O)[C@@H]2C[C@@H](O)CN2C(=O)CNC(=O)c2ccc3cc(F)ccc3n2)c(Cl)c1 O=C(NCC(=O)N1CCC[C@H]1C(=O)NCc1ccccc1)c1ccc2ccccc2n1 0.3782864 0.3783 0.7482993 0.7483 0.6672764 -8.8600 1.0000000 1.0000 []
 | 1.9734 4.7853 68.0951 0.5693787 O=C(NCC(=O)N1C[C@H](O)C[C@H]1C(=O)N[C@H](CO)c1ccccc1)c1ccc2cc(F)ccc2n1 1 COc1ccc([C@H](C)NC(=O)[C@@H]2C[C@@H](O)CN2C(=O)CNC(=O)c2ccc3cc(F)ccc3n2)c(Cl)c1 O=C(NCC(=O)N1CCC[C@H]1C(=O)NCc1ccccc1)c1ccc2ccccc2n1 0.3976824 0.3977 0.7229730 0.7230 0.6046071 -8.3300 1.0000000 1.0000 []
 | 2.3145 20.3079 54.7829 0.5866468 O=C(NCC(=O)N1C[C@H](O)C[C@H]1C(=O)N[C@H](Cc1ccc(Cl)cc1)c1ccccc1)c1ccc2cc(F)ccc2n1 1 COc1ccc([C@H](C)NC(=O)[C@@H]2C[C@@H](O)CN2C(=O)CNC(=O)c2ccc3cc(F)ccc3n2)c(Cl)c1 O=C(NCC(=O)N1CCC[C@H]1C(=O)N[C@H](Cc1ccccc1)c1ccccc1)c1ccc2ccccc2n1 0.2962297 0.2962 0.6547619 0.6548 0.7814432 -9.9900 1.0000000 1.0000 []
 | 2.2725 17.2345 57.9434 0.5873279 O=C(NCC(=O)N1C[C@H](O)C[C@H]1C(=O)N[C@H](Cc1ccc(O)cc1)c1ccccc1)c1ccc2cc(F)ccc2n1 1 COc1ccc([C@H](C)NC(=O)[C@@H]2C[C@@H](O)CN2C(=O)CNC(=O)c2ccc3cc(F)ccc3n2)c(Cl)c1 O=C(NCC(=O)N1CCC[C@H]1C(=O)N[C@H](Cc1ccccc1)c1ccccc1)c1ccc2ccccc2n1 0.2640185 0.2640 0.6257310 0.6257 0.8486922 -10.8700 1.0000000 1.0000 []
 | 2.5813 35.4792 36.5036 0.5623654 O=C(NCC(=O)N1C[C@H](O)C[C@H]1C(=O)N[C@H](Cc1ccc2ccccc2c1)c1ccccc1)c1ccc2cc(F)ccc2n1 1 COc1ccc([C@H](C)NC(=O)[C@@H]2C[C@@H](O)CN2C(=O)CNC(=O)c2ccc3cc(F)ccc3n2)c(Cl)c1 O=C(NCC(=O)N1CCC[C@H]1C(=O)N[C@H](Cc1ccc2ccccc2c1)c1ccccc1)c1ccc2ccccc2n1 0.2493988 0.2494 0.5721925 0.5722 0.8371800 -10.7000 1.0000000 1.0000 []
 | 6.0555 14.2154 -14.2154 0.0000000 O=C(NCC(=O)N1C[C@H](O)C[C@H]1C(=O)N[C@H](Cc1ccccc1)c1ccccc1)c1ccc2cc(F)ccc2n1 1 COc1ccc([C@H](C)NC(=O)[C@@H]2C[C@@H](O)CN2C(=O)CNC(=O)c2ccc3cc(F)ccc3n2)c(Cl)c1 O=C(NCC(=O)N1CCC[C@H]1C(=O)N[C@H](Cc1ccccc1)c1ccccc1)c1ccc2ccccc2n1 0.3180237 0.3180 0.6331361 0.6331 0.8197404 -10.4600 1.0000000 1.0000 []
00:39:45 <INFO> Score: 0.52 Agent NLL: 2.62 Valid: 100% Step: 88
 | Agent Prior Target Score SMILES SMILES_state Input_SMILES Scaffold QED QED (raw) TanimotoDistance TanimotoDistance (raw) maize maize (raw) Unwanted SMARTS Unwanted SMARTS (raw) matchting_patterns (Unwanted SMARTS)
 | 2.0522 17.5061 58.7046 0.5953960 O=C(NCC(=O)N1C[C@H](O)C[C@H]1C(=O)N[C@@H](Cc1ccc(Cl)cc1)c1ccccc1)c1ccc2cc(F)ccc2n1 1 COc1ccc([C@H](C)NC(=O)[C@@H]2C[C@@H](O)CN2C(=O)CNC(=O)c2ccc3cc(F)ccc3n2)c(Cl)c1 O=C(NCC(=O)N1CCC[C@H]1C(=O)N[C@@H](Cc1ccccc1)c1ccccc1)c1ccc2ccccc2n1 0.2962297 0.2962 0.6547619 0.6548 0.8049257 -10.2700 1.0000000 1.0000 []
 | 2.0743 12.2169 59.7177 0.5619890 O=C(NCC(=O)N1C[C@H](O)C[C@H]1C(=O)N[C@@H](Cc1ccc(O)cc1)c1ccccc1)c1ccc2cc(F)ccc2n1 1 COc1ccc([C@H](C)NC(=O)[C@@H]2C[C@@H](O)CN2C(=O)CNC(=O)c2ccc3cc(F)ccc3n2)c(Cl)c1 O=C(NCC(=O)N1CCC[C@H]1C(=O)N[C@@H](Cc1ccccc1)c1ccccc1)c1ccc2ccccc2n1 0.2640185 0.2640 0.6257310 0.6257 0.7770423 -9.9400 1.0000000 1.0000 []
 | 2.4861 30.0827 42.9067 0.5702296 O=C(NCC(=O)N1C[C@H](O)C[C@H]1C(=O)N[C@@H](Cc1ccc2ccccc2c1)c1ccccc1)c1ccc2cc(F)ccc2n1 1 COc1ccc([C@H](C)NC(=O)[C@@H]2C[C@@H](O)CN2C(=O)CNC(=O)c2ccc3cc(F)ccc3n2)c(Cl)c1 O=C(NCC(=O)N1CCC[C@H]1C(=O)N[C@@H](Cc1ccc2ccccc2c1)c1ccccc1)c1ccc2ccccc2n1 0.2493988 0.2494 0.5721925 0.5722 0.8607581 -11.0600 1.0000000 1.0000 []
 | 2.1980 10.2006 64.6276 0.5845955 O=C(NCC(=O)N1C[C@H](O)C[C@H]1C(=O)N[C@@H](Cc1ccccc1)c1ccccc1)c1ccc2cc(F)ccc2n1 1 COc1ccc([C@H](C)NC(=O)[C@@H]2C[C@@H](O)CN2C(=O)CNC(=O)c2ccc3cc(F)ccc3n2)c(Cl)c1 O=C(NCC(=O)N1CCC[C@H]1C(=O)N[C@@H](Cc1ccccc1)c1ccccc1)c1ccc2ccccc2n1 0.3180237 0.3180 0.6331361 0.6331 0.7616100 -9.7700 1.0000000 1.0000 []
 | 2.0286 10.0226 66.2444 0.5958362 O=C(NCC(=O)N1C[C@H](O)C[C@H]1C(=O)N[C@H](CO)c1ccc(Cl)cc1)c1ccc2cc(F)ccc2n1 1 COc1ccc([C@H](C)NC(=O)[C@@H]2C[C@@H](O)CN2C(=O)CNC(=O)c2ccc3cc(F)ccc3n2)c(Cl)c1 O=C(NCC(=O)N1CCC[C@H]1C(=O)NCc1ccccc1)c1ccc2ccccc2n1 0.3782864 0.3783 0.7482993 0.7483 0.6672764 -8.8600 1.0000000 1.0000 []
 | 1.9737 4.7853 68.0951 0.5693787 O=C(NCC(=O)N1C[C@H](O)C[C@H]1C(=O)N[C@H](CO)c1ccccc1)c1ccc2cc(F)ccc2n1 1 COc1ccc([C@H](C)NC(=O)[C@@H]2C[C@@H](O)CN2C(=O)CNC(=O)c2ccc3cc(F)ccc3n2)c(Cl)c1 O=C(NCC(=O)N1CCC[C@H]1C(=O)NCc1ccccc1)c1ccc2ccccc2n1 0.3976824 0.3977 0.7229730 0.7230 0.6046071 -8.3300 1.0000000 1.0000 []
 | 2.2963 20.3079 54.7829 0.5866468 O=C(NCC(=O)N1C[C@H](O)C[C@H]1C(=O)N[C@H](Cc1ccc(Cl)cc1)c1ccccc1)c1ccc2cc(F)ccc2n1 1 COc1ccc([C@H](C)NC(=O)[C@@H]2C[C@@H](O)CN2C(=O)CNC(=O)c2ccc3cc(F)ccc3n2)c(Cl)c1 O=C(NCC(=O)N1CCC[C@H]1C(=O)N[C@H](Cc1ccccc1)c1ccccc1)c1ccc2ccccc2n1 0.2962297 0.2962 0.6547619 0.6548 0.7814432 -9.9900 1.0000000 1.0000 []
 | 2.2871 17.2345 57.9434 0.5873279 O=C(NCC(=O)N1C[C@H](O)C[C@H]1C(=O)N[C@H](Cc1ccc(O)cc1)c1ccccc1)c1ccc2cc(F)ccc2n1 1 COc1ccc([C@H](C)NC(=O)[C@@H]2C[C@@H](O)CN2C(=O)CNC(=O)c2ccc3cc(F)ccc3n2)c(Cl)c1 O=C(NCC(=O)N1CCC[C@H]1C(=O)N[C@H](Cc1ccccc1)c1ccccc1)c1ccc2ccccc2n1 0.2640185 0.2640 0.6257310 0.6257 0.8486922 -10.8700 1.0000000 1.0000 []
 | 2.6021 35.4792 36.5036 0.5623654 O=C(NCC(=O)N1C[C@H](O)C[C@H]1C(=O)N[C@H](Cc1ccc2ccccc2c1)c1ccccc1)c1ccc2cc(F)ccc2n1 1 COc1ccc([C@H](C)NC(=O)[C@@H]2C[C@@H](O)CN2C(=O)CNC(=O)c2ccc3cc(F)ccc3n2)c(Cl)c1 O=C(NCC(=O)N1CCC[C@H]1C(=O)N[C@H](Cc1ccc2ccccc2c1)c1ccccc1)c1ccc2ccccc2n1 0.2493988 0.2494 0.5721925 0.5722 0.8371800 -10.7000 1.0000000 1.0000 []
 | 6.1731 14.2154 -14.2154 0.0000000 O=C(NCC(=O)N1C[C@H](O)C[C@H]1C(=O)N[C@H](Cc1ccccc1)c1ccccc1)c1ccc2cc(F)ccc2n1 1 COc1ccc([C@H](C)NC(=O)[C@@H]2C[C@@H](O)CN2C(=O)CNC(=O)c2ccc3cc(F)ccc3n2)c(Cl)c1 O=C(NCC(=O)N1CCC[C@H]1C(=O)N[C@H](Cc1ccccc1)c1ccccc1)c1ccc2ccccc2n1 0.3180237 0.3180 0.6331361 0.6331 0.8197404 -10.4600 1.0000000 1.0000 []
00:39:47 <INFO> Score: 0.52 Agent NLL: 2.63 Valid: 100% Step: 89
 | Agent Prior Target Score SMILES SMILES_state Input_SMILES Scaffold QED QED (raw) TanimotoDistance TanimotoDistance (raw) maize maize (raw) Unwanted SMARTS Unwanted SMARTS (raw) matchting_patterns (Unwanted SMARTS)
 | 2.0550 17.5061 58.7046 0.5953960 O=C(NCC(=O)N1C[C@H](O)C[C@H]1C(=O)N[C@@H](Cc1ccc(Cl)cc1)c1ccccc1)c1ccc2cc(F)ccc2n1 1 COc1ccc([C@H](C)NC(=O)[C@@H]2C[C@@H](O)CN2C(=O)CNC(=O)c2ccc3cc(F)ccc3n2)c(Cl)c1 O=C(NCC(=O)N1CCC[C@H]1C(=O)N[C@@H](Cc1ccccc1)c1ccccc1)c1ccc2ccccc2n1 0.2962297 0.2962 0.6547619 0.6548 0.8049257 -10.2700 1.0000000 1.0000 []
 | 2.0725 12.2169 59.7177 0.5619890 O=C(NCC(=O)N1C[C@H](O)C[C@H]1C(=O)N[C@@H](Cc1ccc(O)cc1)c1ccccc1)c1ccc2cc(F)ccc2n1 1 COc1ccc([C@H](C)NC(=O)[C@@H]2C[C@@H](O)CN2C(=O)CNC(=O)c2ccc3cc(F)ccc3n2)c(Cl)c1 O=C(NCC(=O)N1CCC[C@H]1C(=O)N[C@@H](Cc1ccccc1)c1ccccc1)c1ccc2ccccc2n1 0.2640185 0.2640 0.6257310 0.6257 0.7770423 -9.9400 1.0000000 1.0000 []
 | 2.4913 30.0827 42.9067 0.5702296 O=C(NCC(=O)N1C[C@H](O)C[C@H]1C(=O)N[C@@H](Cc1ccc2ccccc2c1)c1ccccc1)c1ccc2cc(F)ccc2n1 1 COc1ccc([C@H](C)NC(=O)[C@@H]2C[C@@H](O)CN2C(=O)CNC(=O)c2ccc3cc(F)ccc3n2)c(Cl)c1 O=C(NCC(=O)N1CCC[C@H]1C(=O)N[C@@H](Cc1ccc2ccccc2c1)c1ccccc1)c1ccc2ccccc2n1 0.2493988 0.2494 0.5721925 0.5722 0.8607581 -11.0600 1.0000000 1.0000 []
 | 2.1711 10.2006 64.6276 0.5845955 O=C(NCC(=O)N1C[C@H](O)C[C@H]1C(=O)N[C@@H](Cc1ccccc1)c1ccccc1)c1ccc2cc(F)ccc2n1 1 COc1ccc([C@H](C)NC(=O)[C@@H]2C[C@@H](O)CN2C(=O)CNC(=O)c2ccc3cc(F)ccc3n2)c(Cl)c1 O=C(NCC(=O)N1CCC[C@H]1C(=O)N[C@@H](Cc1ccccc1)c1ccccc1)c1ccc2ccccc2n1 0.3180237 0.3180 0.6331361 0.6331 0.7616100 -9.7700 1.0000000 1.0000 []
 | 2.0540 10.0226 66.2444 0.5958362 O=C(NCC(=O)N1C[C@H](O)C[C@H]1C(=O)N[C@H](CO)c1ccc(Cl)cc1)c1ccc2cc(F)ccc2n1 1 COc1ccc([C@H](C)NC(=O)[C@@H]2C[C@@H](O)CN2C(=O)CNC(=O)c2ccc3cc(F)ccc3n2)c(Cl)c1 O=C(NCC(=O)N1CCC[C@H]1C(=O)NCc1ccccc1)c1ccc2ccccc2n1 0.3782864 0.3783 0.7482993 0.7483 0.6672764 -8.8600 1.0000000 1.0000 []
 | 1.9954 4.7853 68.0951 0.5693787 O=C(NCC(=O)N1C[C@H](O)C[C@H]1C(=O)N[C@H](CO)c1ccccc1)c1ccc2cc(F)ccc2n1 1 COc1ccc([C@H](C)NC(=O)[C@@H]2C[C@@H](O)CN2C(=O)CNC(=O)c2ccc3cc(F)ccc3n2)c(Cl)c1 O=C(NCC(=O)N1CCC[C@H]1C(=O)NCc1ccccc1)c1ccc2ccccc2n1 0.3976824 0.3977 0.7229730 0.7230 0.6046071 -8.3300 1.0000000 1.0000 []
 | 2.2729 20.3079 54.7829 0.5866468 O=C(NCC(=O)N1C[C@H](O)C[C@H]1C(=O)N[C@H](Cc1ccc(Cl)cc1)c1ccccc1)c1ccc2cc(F)ccc2n1 1 COc1ccc([C@H](C)NC(=O)[C@@H]2C[C@@H](O)CN2C(=O)CNC(=O)c2ccc3cc(F)ccc3n2)c(Cl)c1 O=C(NCC(=O)N1CCC[C@H]1C(=O)N[C@H](Cc1ccccc1)c1ccccc1)c1ccc2ccccc2n1 0.2962297 0.2962 0.6547619 0.6548 0.7814432 -9.9900 1.0000000 1.0000 []
 | 2.2713 17.2345 57.9434 0.5873279 O=C(NCC(=O)N1C[C@H](O)C[C@H]1C(=O)N[C@H](Cc1ccc(O)cc1)c1ccccc1)c1ccc2cc(F)ccc2n1 1 COc1ccc([C@H](C)NC(=O)[C@@H]2C[C@@H](O)CN2C(=O)CNC(=O)c2ccc3cc(F)ccc3n2)c(Cl)c1 O=C(NCC(=O)N1CCC[C@H]1C(=O)N[C@H](Cc1ccccc1)c1ccccc1)c1ccc2ccccc2n1 0.2640185 0.2640 0.6257310 0.6257 0.8486922 -10.8700 1.0000000 1.0000 []
 | 2.6002 35.4792 36.5036 0.5623654 O=C(NCC(=O)N1C[C@H](O)C[C@H]1C(=O)N[C@H](Cc1ccc2ccccc2c1)c1ccccc1)c1ccc2cc(F)ccc2n1 1 COc1ccc([C@H](C)NC(=O)[C@@H]2C[C@@H](O)CN2C(=O)CNC(=O)c2ccc3cc(F)ccc3n2)c(Cl)c1 O=C(NCC(=O)N1CCC[C@H]1C(=O)N[C@H](Cc1ccc2ccccc2c1)c1ccccc1)c1ccc2ccccc2n1 0.2493988 0.2494 0.5721925 0.5722 0.8371800 -10.7000 1.0000000 1.0000 []
 | 6.2908 14.2154 -14.2154 0.0000000 O=C(NCC(=O)N1C[C@H](O)C[C@H]1C(=O)N[C@H](Cc1ccccc1)c1ccccc1)c1ccc2cc(F)ccc2n1 1 COc1ccc([C@H](C)NC(=O)[C@@H]2C[C@@H](O)CN2C(=O)CNC(=O)c2ccc3cc(F)ccc3n2)c(Cl)c1 O=C(NCC(=O)N1CCC[C@H]1C(=O)N[C@H](Cc1ccccc1)c1ccccc1)c1ccc2ccccc2n1 0.3180237 0.3180 0.6331361 0.6331 0.8197404 -10.4600 1.0000000 1.0000 []
00:39:48 <INFO> Score: 0.52 Agent NLL: 2.64 Valid: 100% Step: 90
 | Agent Prior Target Score SMILES SMILES_state Input_SMILES Scaffold QED QED (raw) TanimotoDistance TanimotoDistance (raw) maize maize (raw) Unwanted SMARTS Unwanted SMARTS (raw) matchting_patterns (Unwanted SMARTS)
 | 2.0696 17.5061 58.7046 0.5953960 O=C(NCC(=O)N1C[C@H](O)C[C@H]1C(=O)N[C@@H](Cc1ccc(Cl)cc1)c1ccccc1)c1ccc2cc(F)ccc2n1 1 COc1ccc([C@H](C)NC(=O)[C@@H]2C[C@@H](O)CN2C(=O)CNC(=O)c2ccc3cc(F)ccc3n2)c(Cl)c1 O=C(NCC(=O)N1CCC[C@H]1C(=O)N[C@@H](Cc1ccccc1)c1ccccc1)c1ccc2ccccc2n1 0.2962297 0.2962 0.6547619 0.6548 0.8049257 -10.2700 1.0000000 1.0000 []
 | 2.0593 12.2169 59.7177 0.5619890 O=C(NCC(=O)N1C[C@H](O)C[C@H]1C(=O)N[C@@H](Cc1ccc(O)cc1)c1ccccc1)c1ccc2cc(F)ccc2n1 1 COc1ccc([C@H](C)NC(=O)[C@@H]2C[C@@H](O)CN2C(=O)CNC(=O)c2ccc3cc(F)ccc3n2)c(Cl)c1 O=C(NCC(=O)N1CCC[C@H]1C(=O)N[C@@H](Cc1ccccc1)c1ccccc1)c1ccc2ccccc2n1 0.2640185 0.2640 0.6257310 0.6257 0.7770423 -9.9400 1.0000000 1.0000 []
 | 2.4877 30.0827 42.9067 0.5702296 O=C(NCC(=O)N1C[C@H](O)C[C@H]1C(=O)N[C@@H](Cc1ccc2ccccc2c1)c1ccccc1)c1ccc2cc(F)ccc2n1 1 COc1ccc([C@H](C)NC(=O)[C@@H]2C[C@@H](O)CN2C(=O)CNC(=O)c2ccc3cc(F)ccc3n2)c(Cl)c1 O=C(NCC(=O)N1CCC[C@H]1C(=O)N[C@@H](Cc1ccc2ccccc2c1)c1ccccc1)c1ccc2ccccc2n1 0.2493988 0.2494 0.5721925 0.5722 0.8607581 -11.0600 1.0000000 1.0000 []
 | 2.1561 10.2006 64.6276 0.5845955 O=C(NCC(=O)N1C[C@H](O)C[C@H]1C(=O)N[C@@H](Cc1ccccc1)c1ccccc1)c1ccc2cc(F)ccc2n1 1 COc1ccc([C@H](C)NC(=O)[C@@H]2C[C@@H](O)CN2C(=O)CNC(=O)c2ccc3cc(F)ccc3n2)c(Cl)c1 O=C(NCC(=O)N1CCC[C@H]1C(=O)N[C@@H](Cc1ccccc1)c1ccccc1)c1ccc2ccccc2n1 0.3180237 0.3180 0.6331361 0.6331 0.7616100 -9.7700 1.0000000 1.0000 []
 | 2.0721 10.0226 66.2444 0.5958362 O=C(NCC(=O)N1C[C@H](O)C[C@H]1C(=O)N[C@H](CO)c1ccc(Cl)cc1)c1ccc2cc(F)ccc2n1 1 COc1ccc([C@H](C)NC(=O)[C@@H]2C[C@@H](O)CN2C(=O)CNC(=O)c2ccc3cc(F)ccc3n2)c(Cl)c1 O=C(NCC(=O)N1CCC[C@H]1C(=O)NCc1ccccc1)c1ccc2ccccc2n1 0.3782864 0.3783 0.7482993 0.7483 0.6672764 -8.8600 1.0000000 1.0000 []
 | 2.0132 4.7853 68.0951 0.5693787 O=C(NCC(=O)N1C[C@H](O)C[C@H]1C(=O)N[C@H](CO)c1ccccc1)c1ccc2cc(F)ccc2n1 1 COc1ccc([C@H](C)NC(=O)[C@@H]2C[C@@H](O)CN2C(=O)CNC(=O)c2ccc3cc(F)ccc3n2)c(Cl)c1 O=C(NCC(=O)N1CCC[C@H]1C(=O)NCc1ccccc1)c1ccc2ccccc2n1 0.3976824 0.3977 0.7229730 0.7230 0.6046071 -8.3300 1.0000000 1.0000 []
 | 2.2750 20.3079 54.7829 0.5866468 O=C(NCC(=O)N1C[C@H](O)C[C@H]1C(=O)N[C@H](Cc1ccc(Cl)cc1)c1ccccc1)c1ccc2cc(F)ccc2n1 1 COc1ccc([C@H](C)NC(=O)[C@@H]2C[C@@H](O)CN2C(=O)CNC(=O)c2ccc3cc(F)ccc3n2)c(Cl)c1 O=C(NCC(=O)N1CCC[C@H]1C(=O)N[C@H](Cc1ccccc1)c1ccccc1)c1ccc2ccccc2n1 0.2962297 0.2962 0.6547619 0.6548 0.7814432 -9.9900 1.0000000 1.0000 []
 | 2.2439 17.2345 57.9434 0.5873279 O=C(NCC(=O)N1C[C@H](O)C[C@H]1C(=O)N[C@H](Cc1ccc(O)cc1)c1ccccc1)c1ccc2cc(F)ccc2n1 1 COc1ccc([C@H](C)NC(=O)[C@@H]2C[C@@H](O)CN2C(=O)CNC(=O)c2ccc3cc(F)ccc3n2)c(Cl)c1 O=C(NCC(=O)N1CCC[C@H]1C(=O)N[C@H](Cc1ccccc1)c1ccccc1)c1ccc2ccccc2n1 0.2640185 0.2640 0.6257310 0.6257 0.8486922 -10.8700 1.0000000 1.0000 []
 | 2.5935 35.4792 36.5036 0.5623654 O=C(NCC(=O)N1C[C@H](O)C[C@H]1C(=O)N[C@H](Cc1ccc2ccccc2c1)c1ccccc1)c1ccc2cc(F)ccc2n1 1 COc1ccc([C@H](C)NC(=O)[C@@H]2C[C@@H](O)CN2C(=O)CNC(=O)c2ccc3cc(F)ccc3n2)c(Cl)c1 O=C(NCC(=O)N1CCC[C@H]1C(=O)N[C@H](Cc1ccc2ccccc2c1)c1ccccc1)c1ccc2ccccc2n1 0.2493988 0.2494 0.5721925 0.5722 0.8371800 -10.7000 1.0000000 1.0000 []
 | 6.4432 14.2154 -14.2154 0.0000000 O=C(NCC(=O)N1C[C@H](O)C[C@H]1C(=O)N[C@H](Cc1ccccc1)c1ccccc1)c1ccc2cc(F)ccc2n1 1 COc1ccc([C@H](C)NC(=O)[C@@H]2C[C@@H](O)CN2C(=O)CNC(=O)c2ccc3cc(F)ccc3n2)c(Cl)c1 O=C(NCC(=O)N1CCC[C@H]1C(=O)N[C@H](Cc1ccccc1)c1ccccc1)c1ccc2ccccc2n1 0.3180237 0.3180 0.6331361 0.6331 0.8197404 -10.4600 1.0000000 1.0000 []
00:39:50 <INFO> Score: 0.52 Agent NLL: 2.66 Valid: 100% Step: 91
 | Agent Prior Target Score SMILES SMILES_state Input_SMILES Scaffold QED QED (raw) TanimotoDistance TanimotoDistance (raw) maize maize (raw) Unwanted SMARTS Unwanted SMARTS (raw) matchting_patterns (Unwanted SMARTS)
 | 2.0898 17.5061 58.7046 0.5953960 O=C(NCC(=O)N1C[C@H](O)C[C@H]1C(=O)N[C@@H](Cc1ccc(Cl)cc1)c1ccccc1)c1ccc2cc(F)ccc2n1 1 COc1ccc([C@H](C)NC(=O)[C@@H]2C[C@@H](O)CN2C(=O)CNC(=O)c2ccc3cc(F)ccc3n2)c(Cl)c1 O=C(NCC(=O)N1CCC[C@H]1C(=O)N[C@@H](Cc1ccccc1)c1ccccc1)c1ccc2ccccc2n1 0.2962297 0.2962 0.6547619 0.6548 0.8049257 -10.2700 1.0000000 1.0000 []
 | 2.0427 12.2169 59.7177 0.5619890 O=C(NCC(=O)N1C[C@H](O)C[C@H]1C(=O)N[C@@H](Cc1ccc(O)cc1)c1ccccc1)c1ccc2cc(F)ccc2n1 1 COc1ccc([C@H](C)NC(=O)[C@@H]2C[C@@H](O)CN2C(=O)CNC(=O)c2ccc3cc(F)ccc3n2)c(Cl)c1 O=C(NCC(=O)N1CCC[C@H]1C(=O)N[C@@H](Cc1ccccc1)c1ccccc1)c1ccc2ccccc2n1 0.2640185 0.2640 0.6257310 0.6257 0.7770423 -9.9400 1.0000000 1.0000 []
 | 2.4750 30.0827 42.9067 0.5702296 O=C(NCC(=O)N1C[C@H](O)C[C@H]1C(=O)N[C@@H](Cc1ccc2ccccc2c1)c1ccccc1)c1ccc2cc(F)ccc2n1 1 COc1ccc([C@H](C)NC(=O)[C@@H]2C[C@@H](O)CN2C(=O)CNC(=O)c2ccc3cc(F)ccc3n2)c(Cl)c1 O=C(NCC(=O)N1CCC[C@H]1C(=O)N[C@@H](Cc1ccc2ccccc2c1)c1ccccc1)c1ccc2ccccc2n1 0.2493988 0.2494 0.5721925 0.5722 0.8607581 -11.0600 1.0000000 1.0000 []
 | 2.1547 10.2006 64.6276 0.5845955 O=C(NCC(=O)N1C[C@H](O)C[C@H]1C(=O)N[C@@H](Cc1ccccc1)c1ccccc1)c1ccc2cc(F)ccc2n1 1 COc1ccc([C@H](C)NC(=O)[C@@H]2C[C@@H](O)CN2C(=O)CNC(=O)c2ccc3cc(F)ccc3n2)c(Cl)c1 O=C(NCC(=O)N1CCC[C@H]1C(=O)N[C@@H](Cc1ccccc1)c1ccccc1)c1ccc2ccccc2n1 0.3180237 0.3180 0.6331361 0.6331 0.7616100 -9.7700 1.0000000 1.0000 []
 | 2.0674 10.0226 66.2444 0.5958362 O=C(NCC(=O)N1C[C@H](O)C[C@H]1C(=O)N[C@H](CO)c1ccc(Cl)cc1)c1ccc2cc(F)ccc2n1 1 COc1ccc([C@H](C)NC(=O)[C@@H]2C[C@@H](O)CN2C(=O)CNC(=O)c2ccc3cc(F)ccc3n2)c(Cl)c1 O=C(NCC(=O)N1CCC[C@H]1C(=O)NCc1ccccc1)c1ccc2ccccc2n1 0.3782864 0.3783 0.7482993 0.7483 0.6672764 -8.8600 1.0000000 1.0000 []
 | 2.0119 4.7853 68.0951 0.5693787 O=C(NCC(=O)N1C[C@H](O)C[C@H]1C(=O)N[C@H](CO)c1ccccc1)c1ccc2cc(F)ccc2n1 1 COc1ccc([C@H](C)NC(=O)[C@@H]2C[C@@H](O)CN2C(=O)CNC(=O)c2ccc3cc(F)ccc3n2)c(Cl)c1 O=C(NCC(=O)N1CCC[C@H]1C(=O)NCc1ccccc1)c1ccc2ccccc2n1 0.3976824 0.3977 0.7229730 0.7230 0.6046071 -8.3300 1.0000000 1.0000 []
 | 2.3000 20.3079 54.7829 0.5866468 O=C(NCC(=O)N1C[C@H](O)C[C@H]1C(=O)N[C@H](Cc1ccc(Cl)cc1)c1ccccc1)c1ccc2cc(F)ccc2n1 1 COc1ccc([C@H](C)NC(=O)[C@@H]2C[C@@H](O)CN2C(=O)CNC(=O)c2ccc3cc(F)ccc3n2)c(Cl)c1 O=C(NCC(=O)N1CCC[C@H]1C(=O)N[C@H](Cc1ccccc1)c1ccccc1)c1ccc2ccccc2n1 0.2962297 0.2962 0.6547619 0.6548 0.7814432 -9.9900 1.0000000 1.0000 []
 | 2.2255 17.2345 57.9434 0.5873279 O=C(NCC(=O)N1C[C@H](O)C[C@H]1C(=O)N[C@H](Cc1ccc(O)cc1)c1ccccc1)c1ccc2cc(F)ccc2n1 1 COc1ccc([C@H](C)NC(=O)[C@@H]2C[C@@H](O)CN2C(=O)CNC(=O)c2ccc3cc(F)ccc3n2)c(Cl)c1 O=C(NCC(=O)N1CCC[C@H]1C(=O)N[C@H](Cc1ccccc1)c1ccccc1)c1ccc2ccccc2n1 0.2640185 0.2640 0.6257310 0.6257 0.8486922 -10.8700 1.0000000 1.0000 []
 | 2.6025 35.4792 36.5036 0.5623654 O=C(NCC(=O)N1C[C@H](O)C[C@H]1C(=O)N[C@H](Cc1ccc2ccccc2c1)c1ccccc1)c1ccc2cc(F)ccc2n1 1 COc1ccc([C@H](C)NC(=O)[C@@H]2C[C@@H](O)CN2C(=O)CNC(=O)c2ccc3cc(F)ccc3n2)c(Cl)c1 O=C(NCC(=O)N1CCC[C@H]1C(=O)N[C@H](Cc1ccc2ccccc2c1)c1ccccc1)c1ccc2ccccc2n1 0.2493988 0.2494 0.5721925 0.5722 0.8371800 -10.7000 1.0000000 1.0000 []
 | 6.6462 14.2154 -14.2154 0.0000000 O=C(NCC(=O)N1C[C@H](O)C[C@H]1C(=O)N[C@H](Cc1ccccc1)c1ccccc1)c1ccc2cc(F)ccc2n1 1 COc1ccc([C@H](C)NC(=O)[C@@H]2C[C@@H](O)CN2C(=O)CNC(=O)c2ccc3cc(F)ccc3n2)c(Cl)c1 O=C(NCC(=O)N1CCC[C@H]1C(=O)N[C@H](Cc1ccccc1)c1ccccc1)c1ccc2ccccc2n1 0.3180237 0.3180 0.6331361 0.6331 0.8197404 -10.4600 1.0000000 1.0000 []
00:39:51 <INFO> Score: 0.52 Agent NLL: 2.69 Valid: 100% Step: 92
 | Agent Prior Target Score SMILES SMILES_state Input_SMILES Scaffold QED QED (raw) TanimotoDistance TanimotoDistance (raw) maize maize (raw) Unwanted SMARTS Unwanted SMARTS (raw) matchting_patterns (Unwanted SMARTS)
 | 2.1032 17.5061 58.7046 0.5953960 O=C(NCC(=O)N1C[C@H](O)C[C@H]1C(=O)N[C@@H](Cc1ccc(Cl)cc1)c1ccccc1)c1ccc2cc(F)ccc2n1 1 COc1ccc([C@H](C)NC(=O)[C@@H]2C[C@@H](O)CN2C(=O)CNC(=O)c2ccc3cc(F)ccc3n2)c(Cl)c1 O=C(NCC(=O)N1CCC[C@H]1C(=O)N[C@@H](Cc1ccccc1)c1ccccc1)c1ccc2ccccc2n1 0.2962297 0.2962 0.6547619 0.6548 0.8049257 -10.2700 1.0000000 1.0000 []
 | 2.0342 12.2169 59.7177 0.5619890 O=C(NCC(=O)N1C[C@H](O)C[C@H]1C(=O)N[C@@H](Cc1ccc(O)cc1)c1ccccc1)c1ccc2cc(F)ccc2n1 1 COc1ccc([C@H](C)NC(=O)[C@@H]2C[C@@H](O)CN2C(=O)CNC(=O)c2ccc3cc(F)ccc3n2)c(Cl)c1 O=C(NCC(=O)N1CCC[C@H]1C(=O)N[C@@H](Cc1ccccc1)c1ccccc1)c1ccc2ccccc2n1 0.2640185 0.2640 0.6257310 0.6257 0.7770423 -9.9400 1.0000000 1.0000 []
 | 2.4568 30.0827 42.9067 0.5702296 O=C(NCC(=O)N1C[C@H](O)C[C@H]1C(=O)N[C@@H](Cc1ccc2ccccc2c1)c1ccccc1)c1ccc2cc(F)ccc2n1 1 COc1ccc([C@H](C)NC(=O)[C@@H]2C[C@@H](O)CN2C(=O)CNC(=O)c2ccc3cc(F)ccc3n2)c(Cl)c1 O=C(NCC(=O)N1CCC[C@H]1C(=O)N[C@@H](Cc1ccc2ccccc2c1)c1ccccc1)c1ccc2ccccc2n1 0.2493988 0.2494 0.5721925 0.5722 0.8607581 -11.0600 1.0000000 1.0000 []
 | 2.1658 10.2006 64.6276 0.5845955 O=C(NCC(=O)N1C[C@H](O)C[C@H]1C(=O)N[C@@H](Cc1ccccc1)c1ccccc1)c1ccc2cc(F)ccc2n1 1 COc1ccc([C@H](C)NC(=O)[C@@H]2C[C@@H](O)CN2C(=O)CNC(=O)c2ccc3cc(F)ccc3n2)c(Cl)c1 O=C(NCC(=O)N1CCC[C@H]1C(=O)N[C@@H](Cc1ccccc1)c1ccccc1)c1ccc2ccccc2n1 0.3180237 0.3180 0.6331361 0.6331 0.7616100 -9.7700 1.0000000 1.0000 []
 | 2.0492 10.0226 66.2444 0.5958362 O=C(NCC(=O)N1C[C@H](O)C[C@H]1C(=O)N[C@H](CO)c1ccc(Cl)cc1)c1ccc2cc(F)ccc2n1 1 COc1ccc([C@H](C)NC(=O)[C@@H]2C[C@@H](O)CN2C(=O)CNC(=O)c2ccc3cc(F)ccc3n2)c(Cl)c1 O=C(NCC(=O)N1CCC[C@H]1C(=O)NCc1ccccc1)c1ccc2ccccc2n1 0.3782864 0.3783 0.7482993 0.7483 0.6672764 -8.8600 1.0000000 1.0000 []
 | 2.0003 4.7853 68.0951 0.5693787 O=C(NCC(=O)N1C[C@H](O)C[C@H]1C(=O)N[C@H](CO)c1ccccc1)c1ccc2cc(F)ccc2n1 1 COc1ccc([C@H](C)NC(=O)[C@@H]2C[C@@H](O)CN2C(=O)CNC(=O)c2ccc3cc(F)ccc3n2)c(Cl)c1 O=C(NCC(=O)N1CCC[C@H]1C(=O)NCc1ccccc1)c1ccc2ccccc2n1 0.3976824 0.3977 0.7229730 0.7230 0.6046071 -8.3300 1.0000000 1.0000 []
 | 2.3168 20.3079 54.7829 0.5866468 O=C(NCC(=O)N1C[C@H](O)C[C@H]1C(=O)N[C@H](Cc1ccc(Cl)cc1)c1ccccc1)c1ccc2cc(F)ccc2n1 1 COc1ccc([C@H](C)NC(=O)[C@@H]2C[C@@H](O)CN2C(=O)CNC(=O)c2ccc3cc(F)ccc3n2)c(Cl)c1 O=C(NCC(=O)N1CCC[C@H]1C(=O)N[C@H](Cc1ccccc1)c1ccccc1)c1ccc2ccccc2n1 0.2962297 0.2962 0.6547619 0.6548 0.7814432 -9.9900 1.0000000 1.0000 []
 | 2.2179 17.2345 57.9434 0.5873279 O=C(NCC(=O)N1C[C@H](O)C[C@H]1C(=O)N[C@H](Cc1ccc(O)cc1)c1ccccc1)c1ccc2cc(F)ccc2n1 1 COc1ccc([C@H](C)NC(=O)[C@@H]2C[C@@H](O)CN2C(=O)CNC(=O)c2ccc3cc(F)ccc3n2)c(Cl)c1 O=C(NCC(=O)N1CCC[C@H]1C(=O)N[C@H](Cc1ccccc1)c1ccccc1)c1ccc2ccccc2n1 0.2640185 0.2640 0.6257310 0.6257 0.8486922 -10.8700 1.0000000 1.0000 []
 | 2.6365 35.4792 36.5036 0.5623654 O=C(NCC(=O)N1C[C@H](O)C[C@H]1C(=O)N[C@H](Cc1ccc2ccccc2c1)c1ccccc1)c1ccc2cc(F)ccc2n1 1 COc1ccc([C@H](C)NC(=O)[C@@H]2C[C@@H](O)CN2C(=O)CNC(=O)c2ccc3cc(F)ccc3n2)c(Cl)c1 O=C(NCC(=O)N1CCC[C@H]1C(=O)N[C@H](Cc1ccc2ccccc2c1)c1ccccc1)c1ccc2ccccc2n1 0.2493988 0.2494 0.5721925 0.5722 0.8371800 -10.7000 1.0000000 1.0000 []
 | 6.8792 14.2154 -14.2154 0.0000000 O=C(NCC(=O)N1C[C@H](O)C[C@H]1C(=O)N[C@H](Cc1ccccc1)c1ccccc1)c1ccc2cc(F)ccc2n1 1 COc1ccc([C@H](C)NC(=O)[C@@H]2C[C@@H](O)CN2C(=O)CNC(=O)c2ccc3cc(F)ccc3n2)c(Cl)c1 O=C(NCC(=O)N1CCC[C@H]1C(=O)N[C@H](Cc1ccccc1)c1ccccc1)c1ccc2ccccc2n1 0.3180237 0.3180 0.6331361 0.6331 0.8197404 -10.4600 1.0000000 1.0000 []
00:39:53 <INFO> Score: 0.52 Agent NLL: 2.71 Valid: 100% Step: 93
 | Agent Prior Target Score SMILES SMILES_state Input_SMILES Scaffold QED QED (raw) TanimotoDistance TanimotoDistance (raw) maize maize (raw) Unwanted SMARTS Unwanted SMARTS (raw) matchting_patterns (Unwanted SMARTS)
 | 2.1035 17.5061 58.7046 0.5953960 O=C(NCC(=O)N1C[C@H](O)C[C@H]1C(=O)N[C@@H](Cc1ccc(Cl)cc1)c1ccccc1)c1ccc2cc(F)ccc2n1 1 COc1ccc([C@H](C)NC(=O)[C@@H]2C[C@@H](O)CN2C(=O)CNC(=O)c2ccc3cc(F)ccc3n2)c(Cl)c1 O=C(NCC(=O)N1CCC[C@H]1C(=O)N[C@@H](Cc1ccccc1)c1ccccc1)c1ccc2ccccc2n1 0.2962297 0.2962 0.6547619 0.6548 0.8049257 -10.2700 1.0000000 1.0000 []
 | 2.0417 12.2169 59.7177 0.5619890 O=C(NCC(=O)N1C[C@H](O)C[C@H]1C(=O)N[C@@H](Cc1ccc(O)cc1)c1ccccc1)c1ccc2cc(F)ccc2n1 1 COc1ccc([C@H](C)NC(=O)[C@@H]2C[C@@H](O)CN2C(=O)CNC(=O)c2ccc3cc(F)ccc3n2)c(Cl)c1 O=C(NCC(=O)N1CCC[C@H]1C(=O)N[C@@H](Cc1ccccc1)c1ccccc1)c1ccc2ccccc2n1 0.2640185 0.2640 0.6257310 0.6257 0.7770423 -9.9400 1.0000000 1.0000 []
 | 2.4342 30.0827 42.9067 0.5702296 O=C(NCC(=O)N1C[C@H](O)C[C@H]1C(=O)N[C@@H](Cc1ccc2ccccc2c1)c1ccccc1)c1ccc2cc(F)ccc2n1 1 COc1ccc([C@H](C)NC(=O)[C@@H]2C[C@@H](O)CN2C(=O)CNC(=O)c2ccc3cc(F)ccc3n2)c(Cl)c1 O=C(NCC(=O)N1CCC[C@H]1C(=O)N[C@@H](Cc1ccc2ccccc2c1)c1ccccc1)c1ccc2ccccc2n1 0.2493988 0.2494 0.5721925 0.5722 0.8607581 -11.0600 1.0000000 1.0000 []
 | 2.1889 10.2006 64.6276 0.5845955 O=C(NCC(=O)N1C[C@H](O)C[C@H]1C(=O)N[C@@H](Cc1ccccc1)c1ccccc1)c1ccc2cc(F)ccc2n1 1 COc1ccc([C@H](C)NC(=O)[C@@H]2C[C@@H](O)CN2C(=O)CNC(=O)c2ccc3cc(F)ccc3n2)c(Cl)c1 O=C(NCC(=O)N1CCC[C@H]1C(=O)N[C@@H](Cc1ccccc1)c1ccccc1)c1ccc2ccccc2n1 0.3180237 0.3180 0.6331361 0.6331 0.7616100 -9.7700 1.0000000 1.0000 []
 | 2.0378 10.0226 66.2444 0.5958362 O=C(NCC(=O)N1C[C@H](O)C[C@H]1C(=O)N[C@H](CO)c1ccc(Cl)cc1)c1ccc2cc(F)ccc2n1 1 COc1ccc([C@H](C)NC(=O)[C@@H]2C[C@@H](O)CN2C(=O)CNC(=O)c2ccc3cc(F)ccc3n2)c(Cl)c1 O=C(NCC(=O)N1CCC[C@H]1C(=O)NCc1ccccc1)c1ccc2ccccc2n1 0.3782864 0.3783 0.7482993 0.7483 0.6672764 -8.8600 1.0000000 1.0000 []
 | 1.9979 4.7853 68.0951 0.5693787 O=C(NCC(=O)N1C[C@H](O)C[C@H]1C(=O)N[C@H](CO)c1ccccc1)c1ccc2cc(F)ccc2n1 1 COc1ccc([C@H](C)NC(=O)[C@@H]2C[C@@H](O)CN2C(=O)CNC(=O)c2ccc3cc(F)ccc3n2)c(Cl)c1 O=C(NCC(=O)N1CCC[C@H]1C(=O)NCc1ccccc1)c1ccc2ccccc2n1 0.3976824 0.3977 0.7229730 0.7230 0.6046071 -8.3300 1.0000000 1.0000 []
 | 2.3034 20.3079 54.7829 0.5866468 O=C(NCC(=O)N1C[C@H](O)C[C@H]1C(=O)N[C@H](Cc1ccc(Cl)cc1)c1ccccc1)c1ccc2cc(F)ccc2n1 1 COc1ccc([C@H](C)NC(=O)[C@@H]2C[C@@H](O)CN2C(=O)CNC(=O)c2ccc3cc(F)ccc3n2)c(Cl)c1 O=C(NCC(=O)N1CCC[C@H]1C(=O)N[C@H](Cc1ccccc1)c1ccccc1)c1ccc2ccccc2n1 0.2962297 0.2962 0.6547619 0.6548 0.7814432 -9.9900 1.0000000 1.0000 []
 | 2.2160 17.2345 57.9434 0.5873279 O=C(NCC(=O)N1C[C@H](O)C[C@H]1C(=O)N[C@H](Cc1ccc(O)cc1)c1ccccc1)c1ccc2cc(F)ccc2n1 1 COc1ccc([C@H](C)NC(=O)[C@@H]2C[C@@H](O)CN2C(=O)CNC(=O)c2ccc3cc(F)ccc3n2)c(Cl)c1 O=C(NCC(=O)N1CCC[C@H]1C(=O)N[C@H](Cc1ccccc1)c1ccccc1)c1ccc2ccccc2n1 0.2640185 0.2640 0.6257310 0.6257 0.8486922 -10.8700 1.0000000 1.0000 []
 | 2.6558 35.4792 36.5036 0.5623654 O=C(NCC(=O)N1C[C@H](O)C[C@H]1C(=O)N[C@H](Cc1ccc2ccccc2c1)c1ccccc1)c1ccc2cc(F)ccc2n1 1 COc1ccc([C@H](C)NC(=O)[C@@H]2C[C@@H](O)CN2C(=O)CNC(=O)c2ccc3cc(F)ccc3n2)c(Cl)c1 O=C(NCC(=O)N1CCC[C@H]1C(=O)N[C@H](Cc1ccc2ccccc2c1)c1ccccc1)c1ccc2ccccc2n1 0.2493988 0.2494 0.5721925 0.5722 0.8371800 -10.7000 1.0000000 1.0000 []
 | 7.1162 14.2154 -14.2154 0.0000000 O=C(NCC(=O)N1C[C@H](O)C[C@H]1C(=O)N[C@H](Cc1ccccc1)c1ccccc1)c1ccc2cc(F)ccc2n1 1 COc1ccc([C@H](C)NC(=O)[C@@H]2C[C@@H](O)CN2C(=O)CNC(=O)c2ccc3cc(F)ccc3n2)c(Cl)c1 O=C(NCC(=O)N1CCC[C@H]1C(=O)N[C@H](Cc1ccccc1)c1ccccc1)c1ccc2ccccc2n1 0.3180237 0.3180 0.6331361 0.6331 0.8197404 -10.4600 1.0000000 1.0000 []
00:39:54 <INFO> Score: 0.52 Agent NLL: 2.73 Valid: 100% Step: 94
 | Agent Prior Target Score SMILES SMILES_state Input_SMILES Scaffold QED QED (raw) TanimotoDistance TanimotoDistance (raw) maize maize (raw) Unwanted SMARTS Unwanted SMARTS (raw) matchting_patterns (Unwanted SMARTS)
 | 2.0929 17.5061 58.7046 0.5953960 O=C(NCC(=O)N1C[C@H](O)C[C@H]1C(=O)N[C@@H](Cc1ccc(Cl)cc1)c1ccccc1)c1ccc2cc(F)ccc2n1 1 COc1ccc([C@H](C)NC(=O)[C@@H]2C[C@@H](O)CN2C(=O)CNC(=O)c2ccc3cc(F)ccc3n2)c(Cl)c1 O=C(NCC(=O)N1CCC[C@H]1C(=O)N[C@@H](Cc1ccccc1)c1ccccc1)c1ccc2ccccc2n1 0.2962297 0.2962 0.6547619 0.6548 0.8049257 -10.2700 1.0000000 1.0000 []
 | 2.0639 12.2169 59.7177 0.5619890 O=C(NCC(=O)N1C[C@H](O)C[C@H]1C(=O)N[C@@H](Cc1ccc(O)cc1)c1ccccc1)c1ccc2cc(F)ccc2n1 1 COc1ccc([C@H](C)NC(=O)[C@@H]2C[C@@H](O)CN2C(=O)CNC(=O)c2ccc3cc(F)ccc3n2)c(Cl)c1 O=C(NCC(=O)N1CCC[C@H]1C(=O)N[C@@H](Cc1ccccc1)c1ccccc1)c1ccc2ccccc2n1 0.2640185 0.2640 0.6257310 0.6257 0.7770423 -9.9400 1.0000000 1.0000 []
 | 2.4121 30.0827 42.9067 0.5702296 O=C(NCC(=O)N1C[C@H](O)C[C@H]1C(=O)N[C@@H](Cc1ccc2ccccc2c1)c1ccccc1)c1ccc2cc(F)ccc2n1 1 COc1ccc([C@H](C)NC(=O)[C@@H]2C[C@@H](O)CN2C(=O)CNC(=O)c2ccc3cc(F)ccc3n2)c(Cl)c1 O=C(NCC(=O)N1CCC[C@H]1C(=O)N[C@@H](Cc1ccc2ccccc2c1)c1ccccc1)c1ccc2ccccc2n1 0.2493988 0.2494 0.5721925 0.5722 0.8607581 -11.0600 1.0000000 1.0000 []
 | 2.2166 10.2006 64.6276 0.5845955 O=C(NCC(=O)N1C[C@H](O)C[C@H]1C(=O)N[C@@H](Cc1ccccc1)c1ccccc1)c1ccc2cc(F)ccc2n1 1 COc1ccc([C@H](C)NC(=O)[C@@H]2C[C@@H](O)CN2C(=O)CNC(=O)c2ccc3cc(F)ccc3n2)c(Cl)c1 O=C(NCC(=O)N1CCC[C@H]1C(=O)N[C@@H](Cc1ccccc1)c1ccccc1)c1ccc2ccccc2n1 0.3180237 0.3180 0.6331361 0.6331 0.7616100 -9.7700 1.0000000 1.0000 []
 | 2.0393 10.0226 66.2444 0.5958362 O=C(NCC(=O)N1C[C@H](O)C[C@H]1C(=O)N[C@H](CO)c1ccc(Cl)cc1)c1ccc2cc(F)ccc2n1 1 COc1ccc([C@H](C)NC(=O)[C@@H]2C[C@@H](O)CN2C(=O)CNC(=O)c2ccc3cc(F)ccc3n2)c(Cl)c1 O=C(NCC(=O)N1CCC[C@H]1C(=O)NCc1ccccc1)c1ccc2ccccc2n1 0.3782864 0.3783 0.7482993 0.7483 0.6672764 -8.8600 1.0000000 1.0000 []
 | 2.0099 4.7853 68.0951 0.5693787 O=C(NCC(=O)N1C[C@H](O)C[C@H]1C(=O)N[C@H](CO)c1ccccc1)c1ccc2cc(F)ccc2n1 1 COc1ccc([C@H](C)NC(=O)[C@@H]2C[C@@H](O)CN2C(=O)CNC(=O)c2ccc3cc(F)ccc3n2)c(Cl)c1 O=C(NCC(=O)N1CCC[C@H]1C(=O)NCc1ccccc1)c1ccc2ccccc2n1 0.3976824 0.3977 0.7229730 0.7230 0.6046071 -8.3300 1.0000000 1.0000 []
 | 2.2619 20.3079 54.7829 0.5866468 O=C(NCC(=O)N1C[C@H](O)C[C@H]1C(=O)N[C@H](Cc1ccc(Cl)cc1)c1ccccc1)c1ccc2cc(F)ccc2n1 1 COc1ccc([C@H](C)NC(=O)[C@@H]2C[C@@H](O)CN2C(=O)CNC(=O)c2ccc3cc(F)ccc3n2)c(Cl)c1 O=C(NCC(=O)N1CCC[C@H]1C(=O)N[C@H](Cc1ccccc1)c1ccccc1)c1ccc2ccccc2n1 0.2962297 0.2962 0.6547619 0.6548 0.7814432 -9.9900 1.0000000 1.0000 []
 | 2.2126 17.2345 57.9434 0.5873279 O=C(NCC(=O)N1C[C@H](O)C[C@H]1C(=O)N[C@H](Cc1ccc(O)cc1)c1ccccc1)c1ccc2cc(F)ccc2n1 1 COc1ccc([C@H](C)NC(=O)[C@@H]2C[C@@H](O)CN2C(=O)CNC(=O)c2ccc3cc(F)ccc3n2)c(Cl)c1 O=C(NCC(=O)N1CCC[C@H]1C(=O)N[C@H](Cc1ccccc1)c1ccccc1)c1ccc2ccccc2n1 0.2640185 0.2640 0.6257310 0.6257 0.8486922 -10.8700 1.0000000 1.0000 []
 | 2.6549 35.4792 36.5036 0.5623654 O=C(NCC(=O)N1C[C@H](O)C[C@H]1C(=O)N[C@H](Cc1ccc2ccccc2c1)c1ccccc1)c1ccc2cc(F)ccc2n1 1 COc1ccc([C@H](C)NC(=O)[C@@H]2C[C@@H](O)CN2C(=O)CNC(=O)c2ccc3cc(F)ccc3n2)c(Cl)c1 O=C(NCC(=O)N1CCC[C@H]1C(=O)N[C@H](Cc1ccc2ccccc2c1)c1ccccc1)c1ccc2ccccc2n1 0.2493988 0.2494 0.5721925 0.5722 0.8371800 -10.7000 1.0000000 1.0000 []
 | 7.3446 14.2154 -14.2154 0.0000000 O=C(NCC(=O)N1C[C@H](O)C[C@H]1C(=O)N[C@H](Cc1ccccc1)c1ccccc1)c1ccc2cc(F)ccc2n1 1 COc1ccc([C@H](C)NC(=O)[C@@H]2C[C@@H](O)CN2C(=O)CNC(=O)c2ccc3cc(F)ccc3n2)c(Cl)c1 O=C(NCC(=O)N1CCC[C@H]1C(=O)N[C@H](Cc1ccccc1)c1ccccc1)c1ccc2ccccc2n1 0.3180237 0.3180 0.6331361 0.6331 0.8197404 -10.4600 1.0000000 1.0000 []
00:39:56 <INFO> Score: 0.52 Agent NLL: 2.75 Valid: 100% Step: 95
 | Agent Prior Target Score SMILES SMILES_state Input_SMILES Scaffold QED QED (raw) TanimotoDistance TanimotoDistance (raw) maize maize (raw) Unwanted SMARTS Unwanted SMARTS (raw) matchting_patterns (Unwanted SMARTS)
 | 2.0839 17.5061 58.7046 0.5953960 O=C(NCC(=O)N1C[C@H](O)C[C@H]1C(=O)N[C@@H](Cc1ccc(Cl)cc1)c1ccccc1)c1ccc2cc(F)ccc2n1 1 COc1ccc([C@H](C)NC(=O)[C@@H]2C[C@@H](O)CN2C(=O)CNC(=O)c2ccc3cc(F)ccc3n2)c(Cl)c1 O=C(NCC(=O)N1CCC[C@H]1C(=O)N[C@@H](Cc1ccccc1)c1ccccc1)c1ccc2ccccc2n1 0.2962297 0.2962 0.6547619 0.6548 0.8049257 -10.2700 1.0000000 1.0000 []
 | 2.0885 12.2169 59.7177 0.5619890 O=C(NCC(=O)N1C[C@H](O)C[C@H]1C(=O)N[C@@H](Cc1ccc(O)cc1)c1ccccc1)c1ccc2cc(F)ccc2n1 1 COc1ccc([C@H](C)NC(=O)[C@@H]2C[C@@H](O)CN2C(=O)CNC(=O)c2ccc3cc(F)ccc3n2)c(Cl)c1 O=C(NCC(=O)N1CCC[C@H]1C(=O)N[C@@H](Cc1ccccc1)c1ccccc1)c1ccc2ccccc2n1 0.2640185 0.2640 0.6257310 0.6257 0.7770423 -9.9400 1.0000000 1.0000 []
 | 2.3897 30.0827 42.9067 0.5702296 O=C(NCC(=O)N1C[C@H](O)C[C@H]1C(=O)N[C@@H](Cc1ccc2ccccc2c1)c1ccccc1)c1ccc2cc(F)ccc2n1 1 COc1ccc([C@H](C)NC(=O)[C@@H]2C[C@@H](O)CN2C(=O)CNC(=O)c2ccc3cc(F)ccc3n2)c(Cl)c1 O=C(NCC(=O)N1CCC[C@H]1C(=O)N[C@@H](Cc1ccc2ccccc2c1)c1ccccc1)c1ccc2ccccc2n1 0.2493988 0.2494 0.5721925 0.5722 0.8607581 -11.0600 1.0000000 1.0000 []
 | 2.2431 10.2006 64.6276 0.5845955 O=C(NCC(=O)N1C[C@H](O)C[C@H]1C(=O)N[C@@H](Cc1ccccc1)c1ccccc1)c1ccc2cc(F)ccc2n1 1 COc1ccc([C@H](C)NC(=O)[C@@H]2C[C@@H](O)CN2C(=O)CNC(=O)c2ccc3cc(F)ccc3n2)c(Cl)c1 O=C(NCC(=O)N1CCC[C@H]1C(=O)N[C@@H](Cc1ccccc1)c1ccccc1)c1ccc2ccccc2n1 0.3180237 0.3180 0.6331361 0.6331 0.7616100 -9.7700 1.0000000 1.0000 []
 | 2.0403 10.0226 66.2444 0.5958362 O=C(NCC(=O)N1C[C@H](O)C[C@H]1C(=O)N[C@H](CO)c1ccc(Cl)cc1)c1ccc2cc(F)ccc2n1 1 COc1ccc([C@H](C)NC(=O)[C@@H]2C[C@@H](O)CN2C(=O)CNC(=O)c2ccc3cc(F)ccc3n2)c(Cl)c1 O=C(NCC(=O)N1CCC[C@H]1C(=O)NCc1ccccc1)c1ccc2ccccc2n1 0.3782864 0.3783 0.7482993 0.7483 0.6672764 -8.8600 1.0000000 1.0000 []
 | 2.0199 4.7853 68.0951 0.5693787 O=C(NCC(=O)N1C[C@H](O)C[C@H]1C(=O)N[C@H](CO)c1ccccc1)c1ccc2cc(F)ccc2n1 1 COc1ccc([C@H](C)NC(=O)[C@@H]2C[C@@H](O)CN2C(=O)CNC(=O)c2ccc3cc(F)ccc3n2)c(Cl)c1 O=C(NCC(=O)N1CCC[C@H]1C(=O)NCc1ccccc1)c1ccc2ccccc2n1 0.3976824 0.3977 0.7229730 0.7230 0.6046071 -8.3300 1.0000000 1.0000 []
 | 2.2239 20.3079 54.7829 0.5866468 O=C(NCC(=O)N1C[C@H](O)C[C@H]1C(=O)N[C@H](Cc1ccc(Cl)cc1)c1ccccc1)c1ccc2cc(F)ccc2n1 1 COc1ccc([C@H](C)NC(=O)[C@@H]2C[C@@H](O)CN2C(=O)CNC(=O)c2ccc3cc(F)ccc3n2)c(Cl)c1 O=C(NCC(=O)N1CCC[C@H]1C(=O)N[C@H](Cc1ccccc1)c1ccccc1)c1ccc2ccccc2n1 0.2962297 0.2962 0.6547619 0.6548 0.7814432 -9.9900 1.0000000 1.0000 []
 | 2.2083 17.2345 57.9434 0.5873279 O=C(NCC(=O)N1C[C@H](O)C[C@H]1C(=O)N[C@H](Cc1ccc(O)cc1)c1ccccc1)c1ccc2cc(F)ccc2n1 1 COc1ccc([C@H](C)NC(=O)[C@@H]2C[C@@H](O)CN2C(=O)CNC(=O)c2ccc3cc(F)ccc3n2)c(Cl)c1 O=C(NCC(=O)N1CCC[C@H]1C(=O)N[C@H](Cc1ccccc1)c1ccccc1)c1ccc2ccccc2n1 0.2640185 0.2640 0.6257310 0.6257 0.8486922 -10.8700 1.0000000 1.0000 []
 | 2.6558 35.4792 36.5036 0.5623654 O=C(NCC(=O)N1C[C@H](O)C[C@H]1C(=O)N[C@H](Cc1ccc2ccccc2c1)c1ccccc1)c1ccc2cc(F)ccc2n1 1 COc1ccc([C@H](C)NC(=O)[C@@H]2C[C@@H](O)CN2C(=O)CNC(=O)c2ccc3cc(F)ccc3n2)c(Cl)c1 O=C(NCC(=O)N1CCC[C@H]1C(=O)N[C@H](Cc1ccc2ccccc2c1)c1ccccc1)c1ccc2ccccc2n1 0.2493988 0.2494 0.5721925 0.5722 0.8371800 -10.7000 1.0000000 1.0000 []
 | 7.5670 14.2154 -14.2154 0.0000000 O=C(NCC(=O)N1C[C@H](O)C[C@H]1C(=O)N[C@H](Cc1ccccc1)c1ccccc1)c1ccc2cc(F)ccc2n1 1 COc1ccc([C@H](C)NC(=O)[C@@H]2C[C@@H](O)CN2C(=O)CNC(=O)c2ccc3cc(F)ccc3n2)c(Cl)c1 O=C(NCC(=O)N1CCC[C@H]1C(=O)N[C@H](Cc1ccccc1)c1ccccc1)c1ccc2ccccc2n1 0.3180237 0.3180 0.6331361 0.6331 0.8197404 -10.4600 1.0000000 1.0000 []
00:39:57 <INFO> Score: 0.52 Agent NLL: 2.77 Valid: 100% Step: 96
 | Agent Prior Target Score SMILES SMILES_state Input_SMILES Scaffold QED QED (raw) TanimotoDistance TanimotoDistance (raw) maize maize (raw) Unwanted SMARTS Unwanted SMARTS (raw) matchting_patterns (Unwanted SMARTS)
 | 2.0859 17.5061 58.7046 0.5953960 O=C(NCC(=O)N1C[C@H](O)C[C@H]1C(=O)N[C@@H](Cc1ccc(Cl)cc1)c1ccccc1)c1ccc2cc(F)ccc2n1 1 COc1ccc([C@H](C)NC(=O)[C@@H]2C[C@@H](O)CN2C(=O)CNC(=O)c2ccc3cc(F)ccc3n2)c(Cl)c1 O=C(NCC(=O)N1CCC[C@H]1C(=O)N[C@@H](Cc1ccccc1)c1ccccc1)c1ccc2ccccc2n1 0.2962297 0.2962 0.6547619 0.6548 0.8049257 -10.2700 1.0000000 1.0000 []
 | 2.1049 12.2169 59.7177 0.5619890 O=C(NCC(=O)N1C[C@H](O)C[C@H]1C(=O)N[C@@H](Cc1ccc(O)cc1)c1ccccc1)c1ccc2cc(F)ccc2n1 1 COc1ccc([C@H](C)NC(=O)[C@@H]2C[C@@H](O)CN2C(=O)CNC(=O)c2ccc3cc(F)ccc3n2)c(Cl)c1 O=C(NCC(=O)N1CCC[C@H]1C(=O)N[C@@H](Cc1ccccc1)c1ccccc1)c1ccc2ccccc2n1 0.2640185 0.2640 0.6257310 0.6257 0.7770423 -9.9400 1.0000000 1.0000 []
 | 2.3761 30.0827 42.9067 0.5702296 O=C(NCC(=O)N1C[C@H](O)C[C@H]1C(=O)N[C@@H](Cc1ccc2ccccc2c1)c1ccccc1)c1ccc2cc(F)ccc2n1 1 COc1ccc([C@H](C)NC(=O)[C@@H]2C[C@@H](O)CN2C(=O)CNC(=O)c2ccc3cc(F)ccc3n2)c(Cl)c1 O=C(NCC(=O)N1CCC[C@H]1C(=O)N[C@@H](Cc1ccc2ccccc2c1)c1ccccc1)c1ccc2ccccc2n1 0.2493988 0.2494 0.5721925 0.5722 0.8607581 -11.0600 1.0000000 1.0000 []
 | 2.2541 10.2006 64.6276 0.5845955 O=C(NCC(=O)N1C[C@H](O)C[C@H]1C(=O)N[C@@H](Cc1ccccc1)c1ccccc1)c1ccc2cc(F)ccc2n1 1 COc1ccc([C@H](C)NC(=O)[C@@H]2C[C@@H](O)CN2C(=O)CNC(=O)c2ccc3cc(F)ccc3n2)c(Cl)c1 O=C(NCC(=O)N1CCC[C@H]1C(=O)N[C@@H](Cc1ccccc1)c1ccccc1)c1ccc2ccccc2n1 0.3180237 0.3180 0.6331361 0.6331 0.7616100 -9.7700 1.0000000 1.0000 []
 | 2.0292 10.0226 66.2444 0.5958362 O=C(NCC(=O)N1C[C@H](O)C[C@H]1C(=O)N[C@H](CO)c1ccc(Cl)cc1)c1ccc2cc(F)ccc2n1 1 COc1ccc([C@H](C)NC(=O)[C@@H]2C[C@@H](O)CN2C(=O)CNC(=O)c2ccc3cc(F)ccc3n2)c(Cl)c1 O=C(NCC(=O)N1CCC[C@H]1C(=O)NCc1ccccc1)c1ccc2ccccc2n1 0.3782864 0.3783 0.7482993 0.7483 0.6672764 -8.8600 1.0000000 1.0000 []
 | 2.0167 4.7853 68.0951 0.5693787 O=C(NCC(=O)N1C[C@H](O)C[C@H]1C(=O)N[C@H](CO)c1ccccc1)c1ccc2cc(F)ccc2n1 1 COc1ccc([C@H](C)NC(=O)[C@@H]2C[C@@H](O)CN2C(=O)CNC(=O)c2ccc3cc(F)ccc3n2)c(Cl)c1 O=C(NCC(=O)N1CCC[C@H]1C(=O)NCc1ccccc1)c1ccc2ccccc2n1 0.3976824 0.3977 0.7229730 0.7230 0.6046071 -8.3300 1.0000000 1.0000 []
 | 2.2104 20.3079 54.7829 0.5866468 O=C(NCC(=O)N1C[C@H](O)C[C@H]1C(=O)N[C@H](Cc1ccc(Cl)cc1)c1ccccc1)c1ccc2cc(F)ccc2n1 1 COc1ccc([C@H](C)NC(=O)[C@@H]2C[C@@H](O)CN2C(=O)CNC(=O)c2ccc3cc(F)ccc3n2)c(Cl)c1 O=C(NCC(=O)N1CCC[C@H]1C(=O)N[C@H](Cc1ccccc1)c1ccccc1)c1ccc2ccccc2n1 0.2962297 0.2962 0.6547619 0.6548 0.7814432 -9.9900 1.0000000 1.0000 []
 | 2.2032 17.2345 57.9434 0.5873279 O=C(NCC(=O)N1C[C@H](O)C[C@H]1C(=O)N[C@H](Cc1ccc(O)cc1)c1ccccc1)c1ccc2cc(F)ccc2n1 1 COc1ccc([C@H](C)NC(=O)[C@@H]2C[C@@H](O)CN2C(=O)CNC(=O)c2ccc3cc(F)ccc3n2)c(Cl)c1 O=C(NCC(=O)N1CCC[C@H]1C(=O)N[C@H](Cc1ccccc1)c1ccccc1)c1ccc2ccccc2n1 0.2640185 0.2640 0.6257310 0.6257 0.8486922 -10.8700 1.0000000 1.0000 []
 | 2.6788 35.4792 36.5036 0.5623654 O=C(NCC(=O)N1C[C@H](O)C[C@H]1C(=O)N[C@H](Cc1ccc2ccccc2c1)c1ccccc1)c1ccc2cc(F)ccc2n1 1 COc1ccc([C@H](C)NC(=O)[C@@H]2C[C@@H](O)CN2C(=O)CNC(=O)c2ccc3cc(F)ccc3n2)c(Cl)c1 O=C(NCC(=O)N1CCC[C@H]1C(=O)N[C@H](Cc1ccc2ccccc2c1)c1ccccc1)c1ccc2ccccc2n1 0.2493988 0.2494 0.5721925 0.5722 0.8371800 -10.7000 1.0000000 1.0000 []
 | 7.7798 14.2154 -14.2154 0.0000000 O=C(NCC(=O)N1C[C@H](O)C[C@H]1C(=O)N[C@H](Cc1ccccc1)c1ccccc1)c1ccc2cc(F)ccc2n1 1 COc1ccc([C@H](C)NC(=O)[C@@H]2C[C@@H](O)CN2C(=O)CNC(=O)c2ccc3cc(F)ccc3n2)c(Cl)c1 O=C(NCC(=O)N1CCC[C@H]1C(=O)N[C@H](Cc1ccccc1)c1ccccc1)c1ccc2ccccc2n1 0.3180237 0.3180 0.6331361 0.6331 0.8197404 -10.4600 1.0000000 1.0000 []
00:39:58 <INFO> Score: 0.52 Agent NLL: 2.79 Valid: 100% Step: 97
 | Agent Prior Target Score SMILES SMILES_state Input_SMILES Scaffold QED QED (raw) TanimotoDistance TanimotoDistance (raw) maize maize (raw) Unwanted SMARTS Unwanted SMARTS (raw) matchting_patterns (Unwanted SMARTS)
 | 2.1021 17.5061 58.7046 0.5953960 O=C(NCC(=O)N1C[C@H](O)C[C@H]1C(=O)N[C@@H](Cc1ccc(Cl)cc1)c1ccccc1)c1ccc2cc(F)ccc2n1 1 COc1ccc([C@H](C)NC(=O)[C@@H]2C[C@@H](O)CN2C(=O)CNC(=O)c2ccc3cc(F)ccc3n2)c(Cl)c1 O=C(NCC(=O)N1CCC[C@H]1C(=O)N[C@@H](Cc1ccccc1)c1ccccc1)c1ccc2ccccc2n1 0.2962297 0.2962 0.6547619 0.6548 0.8049257 -10.2700 1.0000000 1.0000 []
 | 2.1125 12.2169 59.7177 0.5619890 O=C(NCC(=O)N1C[C@H](O)C[C@H]1C(=O)N[C@@H](Cc1ccc(O)cc1)c1ccccc1)c1ccc2cc(F)ccc2n1 1 COc1ccc([C@H](C)NC(=O)[C@@H]2C[C@@H](O)CN2C(=O)CNC(=O)c2ccc3cc(F)ccc3n2)c(Cl)c1 O=C(NCC(=O)N1CCC[C@H]1C(=O)N[C@@H](Cc1ccccc1)c1ccccc1)c1ccc2ccccc2n1 0.2640185 0.2640 0.6257310 0.6257 0.7770423 -9.9400 1.0000000 1.0000 []
 | 2.3681 30.0827 42.9067 0.5702296 O=C(NCC(=O)N1C[C@H](O)C[C@H]1C(=O)N[C@@H](Cc1ccc2ccccc2c1)c1ccccc1)c1ccc2cc(F)ccc2n1 1 COc1ccc([C@H](C)NC(=O)[C@@H]2C[C@@H](O)CN2C(=O)CNC(=O)c2ccc3cc(F)ccc3n2)c(Cl)c1 O=C(NCC(=O)N1CCC[C@H]1C(=O)N[C@@H](Cc1ccc2ccccc2c1)c1ccccc1)c1ccc2ccccc2n1 0.2493988 0.2494 0.5721925 0.5722 0.8607581 -11.0600 1.0000000 1.0000 []
 | 2.2436 10.2006 64.6276 0.5845955 O=C(NCC(=O)N1C[C@H](O)C[C@H]1C(=O)N[C@@H](Cc1ccccc1)c1ccccc1)c1ccc2cc(F)ccc2n1 1 COc1ccc([C@H](C)NC(=O)[C@@H]2C[C@@H](O)CN2C(=O)CNC(=O)c2ccc3cc(F)ccc3n2)c(Cl)c1 O=C(NCC(=O)N1CCC[C@H]1C(=O)N[C@@H](Cc1ccccc1)c1ccccc1)c1ccc2ccccc2n1 0.3180237 0.3180 0.6331361 0.6331 0.7616100 -9.7700 1.0000000 1.0000 []
 | 2.0148 10.0226 66.2444 0.5958362 O=C(NCC(=O)N1C[C@H](O)C[C@H]1C(=O)N[C@H](CO)c1ccc(Cl)cc1)c1ccc2cc(F)ccc2n1 1 COc1ccc([C@H](C)NC(=O)[C@@H]2C[C@@H](O)CN2C(=O)CNC(=O)c2ccc3cc(F)ccc3n2)c(Cl)c1 O=C(NCC(=O)N1CCC[C@H]1C(=O)NCc1ccccc1)c1ccc2ccccc2n1 0.3782864 0.3783 0.7482993 0.7483 0.6672764 -8.8600 1.0000000 1.0000 []
 | 2.0061 4.7853 68.0951 0.5693787 O=C(NCC(=O)N1C[C@H](O)C[C@H]1C(=O)N[C@H](CO)c1ccccc1)c1ccc2cc(F)ccc2n1 1 COc1ccc([C@H](C)NC(=O)[C@@H]2C[C@@H](O)CN2C(=O)CNC(=O)c2ccc3cc(F)ccc3n2)c(Cl)c1 O=C(NCC(=O)N1CCC[C@H]1C(=O)NCc1ccccc1)c1ccc2ccccc2n1 0.3976824 0.3977 0.7229730 0.7230 0.6046071 -8.3300 1.0000000 1.0000 []
 | 2.2267 20.3079 54.7829 0.5866468 O=C(NCC(=O)N1C[C@H](O)C[C@H]1C(=O)N[C@H](Cc1ccc(Cl)cc1)c1ccccc1)c1ccc2cc(F)ccc2n1 1 COc1ccc([C@H](C)NC(=O)[C@@H]2C[C@@H](O)CN2C(=O)CNC(=O)c2ccc3cc(F)ccc3n2)c(Cl)c1 O=C(NCC(=O)N1CCC[C@H]1C(=O)N[C@H](Cc1ccccc1)c1ccccc1)c1ccc2ccccc2n1 0.2962297 0.2962 0.6547619 0.6548 0.7814432 -9.9900 1.0000000 1.0000 []
 | 2.1952 17.2345 57.9434 0.5873279 O=C(NCC(=O)N1C[C@H](O)C[C@H]1C(=O)N[C@H](Cc1ccc(O)cc1)c1ccccc1)c1ccc2cc(F)ccc2n1 1 COc1ccc([C@H](C)NC(=O)[C@@H]2C[C@@H](O)CN2C(=O)CNC(=O)c2ccc3cc(F)ccc3n2)c(Cl)c1 O=C(NCC(=O)N1CCC[C@H]1C(=O)N[C@H](Cc1ccccc1)c1ccccc1)c1ccc2ccccc2n1 0.2640185 0.2640 0.6257310 0.6257 0.8486922 -10.8700 1.0000000 1.0000 []
 | 2.6973 35.4792 36.5036 0.5623654 O=C(NCC(=O)N1C[C@H](O)C[C@H]1C(=O)N[C@H](Cc1ccc2ccccc2c1)c1ccccc1)c1ccc2cc(F)ccc2n1 1 COc1ccc([C@H](C)NC(=O)[C@@H]2C[C@@H](O)CN2C(=O)CNC(=O)c2ccc3cc(F)ccc3n2)c(Cl)c1 O=C(NCC(=O)N1CCC[C@H]1C(=O)N[C@H](Cc1ccc2ccccc2c1)c1ccccc1)c1ccc2ccccc2n1 0.2493988 0.2494 0.5721925 0.5722 0.8371800 -10.7000 1.0000000 1.0000 []
 | 7.9821 14.2154 -14.2154 0.0000000 O=C(NCC(=O)N1C[C@H](O)C[C@H]1C(=O)N[C@H](Cc1ccccc1)c1ccccc1)c1ccc2cc(F)ccc2n1 1 COc1ccc([C@H](C)NC(=O)[C@@H]2C[C@@H](O)CN2C(=O)CNC(=O)c2ccc3cc(F)ccc3n2)c(Cl)c1 O=C(NCC(=O)N1CCC[C@H]1C(=O)N[C@H](Cc1ccccc1)c1ccccc1)c1ccc2ccccc2n1 0.3180237 0.3180 0.6331361 0.6331 0.8197404 -10.4600 1.0000000 1.0000 []
00:40:00 <INFO> Score: 0.52 Agent NLL: 2.81 Valid: 100% Step: 98
 | Agent Prior Target Score SMILES SMILES_state Input_SMILES Scaffold QED QED (raw) TanimotoDistance TanimotoDistance (raw) maize maize (raw) Unwanted SMARTS Unwanted SMARTS (raw) matchting_patterns (Unwanted SMARTS)
 | 2.1223 17.5061 58.7046 0.5953960 O=C(NCC(=O)N1C[C@H](O)C[C@H]1C(=O)N[C@@H](Cc1ccc(Cl)cc1)c1ccccc1)c1ccc2cc(F)ccc2n1 1 COc1ccc([C@H](C)NC(=O)[C@@H]2C[C@@H](O)CN2C(=O)CNC(=O)c2ccc3cc(F)ccc3n2)c(Cl)c1 O=C(NCC(=O)N1CCC[C@H]1C(=O)N[C@@H](Cc1ccccc1)c1ccccc1)c1ccc2ccccc2n1 0.2962297 0.2962 0.6547619 0.6548 0.8049257 -10.2700 1.0000000 1.0000 []
 | 2.1156 12.2169 59.7177 0.5619890 O=C(NCC(=O)N1C[C@H](O)C[C@H]1C(=O)N[C@@H](Cc1ccc(O)cc1)c1ccccc1)c1ccc2cc(F)ccc2n1 1 COc1ccc([C@H](C)NC(=O)[C@@H]2C[C@@H](O)CN2C(=O)CNC(=O)c2ccc3cc(F)ccc3n2)c(Cl)c1 O=C(NCC(=O)N1CCC[C@H]1C(=O)N[C@@H](Cc1ccccc1)c1ccccc1)c1ccc2ccccc2n1 0.2640185 0.2640 0.6257310 0.6257 0.7770423 -9.9400 1.0000000 1.0000 []
 | 2.3750 30.0827 42.9067 0.5702296 O=C(NCC(=O)N1C[C@H](O)C[C@H]1C(=O)N[C@@H](Cc1ccc2ccccc2c1)c1ccccc1)c1ccc2cc(F)ccc2n1 1 COc1ccc([C@H](C)NC(=O)[C@@H]2C[C@@H](O)CN2C(=O)CNC(=O)c2ccc3cc(F)ccc3n2)c(Cl)c1 O=C(NCC(=O)N1CCC[C@H]1C(=O)N[C@@H](Cc1ccc2ccccc2c1)c1ccccc1)c1ccc2ccccc2n1 0.2493988 0.2494 0.5721925 0.5722 0.8607581 -11.0600 1.0000000 1.0000 []
 | 2.2105 10.2006 64.6276 0.5845955 O=C(NCC(=O)N1C[C@H](O)C[C@H]1C(=O)N[C@@H](Cc1ccccc1)c1ccccc1)c1ccc2cc(F)ccc2n1 1 COc1ccc([C@H](C)NC(=O)[C@@H]2C[C@@H](O)CN2C(=O)CNC(=O)c2ccc3cc(F)ccc3n2)c(Cl)c1 O=C(NCC(=O)N1CCC[C@H]1C(=O)N[C@@H](Cc1ccccc1)c1ccccc1)c1ccc2ccccc2n1 0.3180237 0.3180 0.6331361 0.6331 0.7616100 -9.7700 1.0000000 1.0000 []
 | 2.0130 10.0226 66.2444 0.5958362 O=C(NCC(=O)N1C[C@H](O)C[C@H]1C(=O)N[C@H](CO)c1ccc(Cl)cc1)c1ccc2cc(F)ccc2n1 1 COc1ccc([C@H](C)NC(=O)[C@@H]2C[C@@H](O)CN2C(=O)CNC(=O)c2ccc3cc(F)ccc3n2)c(Cl)c1 O=C(NCC(=O)N1CCC[C@H]1C(=O)NCc1ccccc1)c1ccc2ccccc2n1 0.3782864 0.3783 0.7482993 0.7483 0.6672764 -8.8600 1.0000000 1.0000 []
 | 2.0039 4.7853 68.0951 0.5693787 O=C(NCC(=O)N1C[C@H](O)C[C@H]1C(=O)N[C@H](CO)c1ccccc1)c1ccc2cc(F)ccc2n1 1 COc1ccc([C@H](C)NC(=O)[C@@H]2C[C@@H](O)CN2C(=O)CNC(=O)c2ccc3cc(F)ccc3n2)c(Cl)c1 O=C(NCC(=O)N1CCC[C@H]1C(=O)NCc1ccccc1)c1ccc2ccccc2n1 0.3976824 0.3977 0.7229730 0.7230 0.6046071 -8.3300 1.0000000 1.0000 []
 | 2.2490 20.3079 54.7829 0.5866468 O=C(NCC(=O)N1C[C@H](O)C[C@H]1C(=O)N[C@H](Cc1ccc(Cl)cc1)c1ccccc1)c1ccc2cc(F)ccc2n1 1 COc1ccc([C@H](C)NC(=O)[C@@H]2C[C@@H](O)CN2C(=O)CNC(=O)c2ccc3cc(F)ccc3n2)c(Cl)c1 O=C(NCC(=O)N1CCC[C@H]1C(=O)N[C@H](Cc1ccccc1)c1ccccc1)c1ccc2ccccc2n1 0.2962297 0.2962 0.6547619 0.6548 0.7814432 -9.9900 1.0000000 1.0000 []
 | 2.1762 17.2345 57.9434 0.5873279 O=C(NCC(=O)N1C[C@H](O)C[C@H]1C(=O)N[C@H](Cc1ccc(O)cc1)c1ccccc1)c1ccc2cc(F)ccc2n1 1 COc1ccc([C@H](C)NC(=O)[C@@H]2C[C@@H](O)CN2C(=O)CNC(=O)c2ccc3cc(F)ccc3n2)c(Cl)c1 O=C(NCC(=O)N1CCC[C@H]1C(=O)N[C@H](Cc1ccccc1)c1ccccc1)c1ccc2ccccc2n1 0.2640185 0.2640 0.6257310 0.6257 0.8486922 -10.8700 1.0000000 1.0000 []
 | 2.7022 35.4792 36.5036 0.5623654 O=C(NCC(=O)N1C[C@H](O)C[C@H]1C(=O)N[C@H](Cc1ccc2ccccc2c1)c1ccccc1)c1ccc2cc(F)ccc2n1 1 COc1ccc([C@H](C)NC(=O)[C@@H]2C[C@@H](O)CN2C(=O)CNC(=O)c2ccc3cc(F)ccc3n2)c(Cl)c1 O=C(NCC(=O)N1CCC[C@H]1C(=O)N[C@H](Cc1ccc2ccccc2c1)c1ccccc1)c1ccc2ccccc2n1 0.2493988 0.2494 0.5721925 0.5722 0.8371800 -10.7000 1.0000000 1.0000 []
 | 8.1489 14.2154 -14.2154 0.0000000 O=C(NCC(=O)N1C[C@H](O)C[C@H]1C(=O)N[C@H](Cc1ccccc1)c1ccccc1)c1ccc2cc(F)ccc2n1 1 COc1ccc([C@H](C)NC(=O)[C@@H]2C[C@@H](O)CN2C(=O)CNC(=O)c2ccc3cc(F)ccc3n2)c(Cl)c1 O=C(NCC(=O)N1CCC[C@H]1C(=O)N[C@H](Cc1ccccc1)c1ccccc1)c1ccc2ccccc2n1 0.3180237 0.3180 0.6331361 0.6331 0.8197404 -10.4600 1.0000000 1.0000 []
00:40:01 <INFO> Score: 0.52 Agent NLL: 2.82 Valid: 100% Step: 99
 | Agent Prior Target Score SMILES SMILES_state Input_SMILES Scaffold QED QED (raw) TanimotoDistance TanimotoDistance (raw) maize maize (raw) Unwanted SMARTS Unwanted SMARTS (raw) matchting_patterns (Unwanted SMARTS)
 | 2.1384 17.5061 58.7046 0.5953960 O=C(NCC(=O)N1C[C@H](O)C[C@H]1C(=O)N[C@@H](Cc1ccc(Cl)cc1)c1ccccc1)c1ccc2cc(F)ccc2n1 1 COc1ccc([C@H](C)NC(=O)[C@@H]2C[C@@H](O)CN2C(=O)CNC(=O)c2ccc3cc(F)ccc3n2)c(Cl)c1 O=C(NCC(=O)N1CCC[C@H]1C(=O)N[C@@H](Cc1ccccc1)c1ccccc1)c1ccc2ccccc2n1 0.2962297 0.2962 0.6547619 0.6548 0.8049257 -10.2700 1.0000000 1.0000 []
 | 2.1204 12.2169 59.7177 0.5619890 O=C(NCC(=O)N1C[C@H](O)C[C@H]1C(=O)N[C@@H](Cc1ccc(O)cc1)c1ccccc1)c1ccc2cc(F)ccc2n1 1 COc1ccc([C@H](C)NC(=O)[C@@H]2C[C@@H](O)CN2C(=O)CNC(=O)c2ccc3cc(F)ccc3n2)c(Cl)c1 O=C(NCC(=O)N1CCC[C@H]1C(=O)N[C@@H](Cc1ccccc1)c1ccccc1)c1ccc2ccccc2n1 0.2640185 0.2640 0.6257310 0.6257 0.7770423 -9.9400 1.0000000 1.0000 []
 | 2.3892 30.0827 42.9067 0.5702296 O=C(NCC(=O)N1C[C@H](O)C[C@H]1C(=O)N[C@@H](Cc1ccc2ccccc2c1)c1ccccc1)c1ccc2cc(F)ccc2n1 1 COc1ccc([C@H](C)NC(=O)[C@@H]2C[C@@H](O)CN2C(=O)CNC(=O)c2ccc3cc(F)ccc3n2)c(Cl)c1 O=C(NCC(=O)N1CCC[C@H]1C(=O)N[C@@H](Cc1ccc2ccccc2c1)c1ccccc1)c1ccc2ccccc2n1 0.2493988 0.2494 0.5721925 0.5722 0.8607581 -11.0600 1.0000000 1.0000 []
 | 2.1664 10.2006 64.6276 0.5845955 O=C(NCC(=O)N1C[C@H](O)C[C@H]1C(=O)N[C@@H](Cc1ccccc1)c1ccccc1)c1ccc2cc(F)ccc2n1 1 COc1ccc([C@H](C)NC(=O)[C@@H]2C[C@@H](O)CN2C(=O)CNC(=O)c2ccc3cc(F)ccc3n2)c(Cl)c1 O=C(NCC(=O)N1CCC[C@H]1C(=O)N[C@@H](Cc1ccccc1)c1ccccc1)c1ccc2ccccc2n1 0.3180237 0.3180 0.6331361 0.6331 0.7616100 -9.7700 1.0000000 1.0000 []
 | 2.0265 10.0226 66.2444 0.5958362 O=C(NCC(=O)N1C[C@H](O)C[C@H]1C(=O)N[C@H](CO)c1ccc(Cl)cc1)c1ccc2cc(F)ccc2n1 1 COc1ccc([C@H](C)NC(=O)[C@@H]2C[C@@H](O)CN2C(=O)CNC(=O)c2ccc3cc(F)ccc3n2)c(Cl)c1 O=C(NCC(=O)N1CCC[C@H]1C(=O)NCc1ccccc1)c1ccc2ccccc2n1 0.3782864 0.3783 0.7482993 0.7483 0.6672764 -8.8600 1.0000000 1.0000 []
 | 2.0141 4.7853 68.0951 0.5693787 O=C(NCC(=O)N1C[C@H](O)C[C@H]1C(=O)N[C@H](CO)c1ccccc1)c1ccc2cc(F)ccc2n1 1 COc1ccc([C@H](C)NC(=O)[C@@H]2C[C@@H](O)CN2C(=O)CNC(=O)c2ccc3cc(F)ccc3n2)c(Cl)c1 O=C(NCC(=O)N1CCC[C@H]1C(=O)NCc1ccccc1)c1ccc2ccccc2n1 0.3976824 0.3977 0.7229730 0.7230 0.6046071 -8.3300 1.0000000 1.0000 []
 | 2.2595 20.3079 54.7829 0.5866468 O=C(NCC(=O)N1C[C@H](O)C[C@H]1C(=O)N[C@H](Cc1ccc(Cl)cc1)c1ccccc1)c1ccc2cc(F)ccc2n1 1 COc1ccc([C@H](C)NC(=O)[C@@H]2C[C@@H](O)CN2C(=O)CNC(=O)c2ccc3cc(F)ccc3n2)c(Cl)c1 O=C(NCC(=O)N1CCC[C@H]1C(=O)N[C@H](Cc1ccccc1)c1ccccc1)c1ccc2ccccc2n1 0.2962297 0.2962 0.6547619 0.6548 0.7814432 -9.9900 1.0000000 1.0000 []
 | 2.1538 17.2345 57.9434 0.5873279 O=C(NCC(=O)N1C[C@H](O)C[C@H]1C(=O)N[C@H](Cc1ccc(O)cc1)c1ccccc1)c1ccc2cc(F)ccc2n1 1 COc1ccc([C@H](C)NC(=O)[C@@H]2C[C@@H](O)CN2C(=O)CNC(=O)c2ccc3cc(F)ccc3n2)c(Cl)c1 O=C(NCC(=O)N1CCC[C@H]1C(=O)N[C@H](Cc1ccccc1)c1ccccc1)c1ccc2ccccc2n1 0.2640185 0.2640 0.6257310 0.6257 0.8486922 -10.8700 1.0000000 1.0000 []
 | 2.6928 35.4792 36.5036 0.5623654 O=C(NCC(=O)N1C[C@H](O)C[C@H]1C(=O)N[C@H](Cc1ccc2ccccc2c1)c1ccccc1)c1ccc2cc(F)ccc2n1 1 COc1ccc([C@H](C)NC(=O)[C@@H]2C[C@@H](O)CN2C(=O)CNC(=O)c2ccc3cc(F)ccc3n2)c(Cl)c1 O=C(NCC(=O)N1CCC[C@H]1C(=O)N[C@H](Cc1ccc2ccccc2c1)c1ccccc1)c1ccc2ccccc2n1 0.2493988 0.2494 0.5721925 0.5722 0.8371800 -10.7000 1.0000000 1.0000 []
 | 8.2873 14.2154 -14.2154 0.0000000 O=C(NCC(=O)N1C[C@H](O)C[C@H]1C(=O)N[C@H](Cc1ccccc1)c1ccccc1)c1ccc2cc(F)ccc2n1 1 COc1ccc([C@H](C)NC(=O)[C@@H]2C[C@@H](O)CN2C(=O)CNC(=O)c2ccc3cc(F)ccc3n2)c(Cl)c1 O=C(NCC(=O)N1CCC[C@H]1C(=O)N[C@H](Cc1ccccc1)c1ccccc1)c1ccc2ccccc2n1 0.3180237 0.3180 0.6331361 0.6331 0.8197404 -10.4600 1.0000000 1.0000 []
00:40:27 <INFO> Score: 0.58 Agent NLL: 2.83 Valid: 100% Step: 100
 | Agent Prior Target Score SMILES SMILES_state Input_SMILES Scaffold QED QED (raw) TanimotoDistance TanimotoDistance (raw) maize maize (raw) Unwanted SMARTS Unwanted SMARTS (raw) matchting_patterns (Unwanted SMARTS)
 | 2.1418 17.5061 58.7046 0.5953960 O=C(NCC(=O)N1C[C@H](O)C[C@H]1C(=O)N[C@@H](Cc1ccc(Cl)cc1)c1ccccc1)c1ccc2cc(F)ccc2n1 1 COc1ccc([C@H](C)NC(=O)[C@@H]2C[C@@H](O)CN2C(=O)CNC(=O)c2ccc3cc(F)ccc3n2)c(Cl)c1 O=C(NCC(=O)N1CCC[C@H]1C(=O)N[C@@H](Cc1ccccc1)c1ccccc1)c1ccc2ccccc2n1 0.2962297 0.2962 0.6547619 0.6548 0.8049257 -10.2700 1.0000000 1.0000 []
 | 8.3243 15.1466 58.3390 0.5741062 O=C(NCC(=O)N1C[C@H](O)C[C@H]1C(=O)N[C@@H](Cc1ccc(F)cc1)c1ccccc1)c1ccc2cc(F)ccc2n1 1 COc1ccc([C@H](C)NC(=O)[C@@H]2C[C@@H](O)CN2C(=O)CNC(=O)c2ccc3cc(F)ccc3n2)c(Cl)c1 O=C(NCC(=O)N1CCC[C@H]1C(=O)N[C@@H](Cc1ccccc1)c1ccccc1)c1ccc2ccccc2n1 0.3074294 0.3074 0.6547619 0.6548 0.7346324 -9.4900 1.0000000 1.0000 []
 | 2.1306 12.2169 59.7177 0.5619890 O=C(NCC(=O)N1C[C@H](O)C[C@H]1C(=O)N[C@@H](Cc1ccc(O)cc1)c1ccccc1)c1ccc2cc(F)ccc2n1 1 COc1ccc([C@H](C)NC(=O)[C@@H]2C[C@@H](O)CN2C(=O)CNC(=O)c2ccc3cc(F)ccc3n2)c(Cl)c1 O=C(NCC(=O)N1CCC[C@H]1C(=O)N[C@@H](Cc1ccccc1)c1ccccc1)c1ccc2ccccc2n1 0.2640185 0.2640 0.6257310 0.6257 0.7770423 -9.9400 1.0000000 1.0000 []
 | 2.4049 30.0827 42.9067 0.5702296 O=C(NCC(=O)N1C[C@H](O)C[C@H]1C(=O)N[C@@H](Cc1ccc2ccccc2c1)c1ccccc1)c1ccc2cc(F)ccc2n1 1 COc1ccc([C@H](C)NC(=O)[C@@H]2C[C@@H](O)CN2C(=O)CNC(=O)c2ccc3cc(F)ccc3n2)c(Cl)c1 O=C(NCC(=O)N1CCC[C@H]1C(=O)N[C@@H](Cc1ccc2ccccc2c1)c1ccccc1)c1ccc2ccccc2n1 0.2493988 0.2494 0.5721925 0.5722 0.8607581 -11.0600 1.0000000 1.0000 []
 | 2.1256 10.2006 64.6276 0.5845955 O=C(NCC(=O)N1C[C@H](O)C[C@H]1C(=O)N[C@@H](Cc1ccccc1)c1ccccc1)c1ccc2cc(F)ccc2n1 1 COc1ccc([C@H](C)NC(=O)[C@@H]2C[C@@H](O)CN2C(=O)CNC(=O)c2ccc3cc(F)ccc3n2)c(Cl)c1 O=C(NCC(=O)N1CCC[C@H]1C(=O)N[C@@H](Cc1ccccc1)c1ccccc1)c1ccc2ccccc2n1 0.3180237 0.3180 0.6331361 0.6331 0.7616100 -9.7700 1.0000000 1.0000 []
 | 2.0388 10.0226 66.2444 0.5958362 O=C(NCC(=O)N1C[C@H](O)C[C@H]1C(=O)N[C@H](CO)c1ccc(Cl)cc1)c1ccc2cc(F)ccc2n1 1 COc1ccc([C@H](C)NC(=O)[C@@H]2C[C@@H](O)CN2C(=O)CNC(=O)c2ccc3cc(F)ccc3n2)c(Cl)c1 O=C(NCC(=O)N1CCC[C@H]1C(=O)NCc1ccccc1)c1ccc2ccccc2n1 0.3782864 0.3783 0.7482993 0.7483 0.6672764 -8.8600 1.0000000 1.0000 []
 | 2.0255 4.7853 68.0951 0.5693787 O=C(NCC(=O)N1C[C@H](O)C[C@H]1C(=O)N[C@H](CO)c1ccccc1)c1ccc2cc(F)ccc2n1 1 COc1ccc([C@H](C)NC(=O)[C@@H]2C[C@@H](O)CN2C(=O)CNC(=O)c2ccc3cc(F)ccc3n2)c(Cl)c1 O=C(NCC(=O)N1CCC[C@H]1C(=O)NCc1ccccc1)c1ccc2ccccc2n1 0.3976824 0.3977 0.7229730 0.7230 0.6046071 -8.3300 1.0000000 1.0000 []
 | 2.2603 20.3079 54.7829 0.5866468 O=C(NCC(=O)N1C[C@H](O)C[C@H]1C(=O)N[C@H](Cc1ccc(Cl)cc1)c1ccccc1)c1ccc2cc(F)ccc2n1 1 COc1ccc([C@H](C)NC(=O)[C@@H]2C[C@@H](O)CN2C(=O)CNC(=O)c2ccc3cc(F)ccc3n2)c(Cl)c1 O=C(NCC(=O)N1CCC[C@H]1C(=O)N[C@H](Cc1ccccc1)c1ccccc1)c1ccc2ccccc2n1 0.2962297 0.2962 0.6547619 0.6548 0.7814432 -9.9900 1.0000000 1.0000 []
 | 2.1525 17.2345 57.9434 0.5873279 O=C(NCC(=O)N1C[C@H](O)C[C@H]1C(=O)N[C@H](Cc1ccc(O)cc1)c1ccccc1)c1ccc2cc(F)ccc2n1 1 COc1ccc([C@H](C)NC(=O)[C@@H]2C[C@@H](O)CN2C(=O)CNC(=O)c2ccc3cc(F)ccc3n2)c(Cl)c1 O=C(NCC(=O)N1CCC[C@H]1C(=O)N[C@H](Cc1ccccc1)c1ccccc1)c1ccc2ccccc2n1 0.2640185 0.2640 0.6257310 0.6257 0.8486922 -10.8700 1.0000000 1.0000 []
 | 2.6722 35.4792 36.5036 0.5623654 O=C(NCC(=O)N1C[C@H](O)C[C@H]1C(=O)N[C@H](Cc1ccc2ccccc2c1)c1ccccc1)c1ccc2cc(F)ccc2n1 1 COc1ccc([C@H](C)NC(=O)[C@@H]2C[C@@H](O)CN2C(=O)CNC(=O)c2ccc3cc(F)ccc3n2)c(Cl)c1 O=C(NCC(=O)N1CCC[C@H]1C(=O)N[C@H](Cc1ccc2ccccc2c1)c1ccccc1)c1ccc2ccccc2n1 0.2493988 0.2494 0.5721925 0.5722 0.8371800 -10.7000 1.0000000 1.0000 []
00:40:28 <INFO> Score: 0.58 Agent NLL: 2.75 Valid: 100% Step: 101
 | Agent Prior Target Score SMILES SMILES_state Input_SMILES Scaffold QED QED (raw) TanimotoDistance TanimotoDistance (raw) maize maize (raw) Unwanted SMARTS Unwanted SMARTS (raw) matchting_patterns (Unwanted SMARTS)
 | 2.1338 17.5061 58.7046 0.5953960 O=C(NCC(=O)N1C[C@H](O)C[C@H]1C(=O)N[C@@H](Cc1ccc(Cl)cc1)c1ccccc1)c1ccc2cc(F)ccc2n1 1 COc1ccc([C@H](C)NC(=O)[C@@H]2C[C@@H](O)CN2C(=O)CNC(=O)c2ccc3cc(F)ccc3n2)c(Cl)c1 O=C(NCC(=O)N1CCC[C@H]1C(=O)N[C@@H](Cc1ccccc1)c1ccccc1)c1ccc2ccccc2n1 0.2962297 0.2962 0.6547619 0.6548 0.8049257 -10.2700 1.0000000 1.0000 []
 | 7.5224 15.1466 58.3390 0.5741062 O=C(NCC(=O)N1C[C@H](O)C[C@H]1C(=O)N[C@@H](Cc1ccc(F)cc1)c1ccccc1)c1ccc2cc(F)ccc2n1 1 COc1ccc([C@H](C)NC(=O)[C@@H]2C[C@@H](O)CN2C(=O)CNC(=O)c2ccc3cc(F)ccc3n2)c(Cl)c1 O=C(NCC(=O)N1CCC[C@H]1C(=O)N[C@@H](Cc1ccccc1)c1ccccc1)c1ccc2ccccc2n1 0.3074294 0.3074 0.6547619 0.6548 0.7346324 -9.4900 1.0000000 1.0000 []
 | 2.0463 12.2169 59.7177 0.5619890 O=C(NCC(=O)N1C[C@H](O)C[C@H]1C(=O)N[C@@H](Cc1ccc(O)cc1)c1ccccc1)c1ccc2cc(F)ccc2n1 1 COc1ccc([C@H](C)NC(=O)[C@@H]2C[C@@H](O)CN2C(=O)CNC(=O)c2ccc3cc(F)ccc3n2)c(Cl)c1 O=C(NCC(=O)N1CCC[C@H]1C(=O)N[C@@H](Cc1ccccc1)c1ccccc1)c1ccc2ccccc2n1 0.2640185 0.2640 0.6257310 0.6257 0.7770423 -9.9400 1.0000000 1.0000 []
 | 2.5002 30.0827 42.9067 0.5702296 O=C(NCC(=O)N1C[C@H](O)C[C@H]1C(=O)N[C@@H](Cc1ccc2ccccc2c1)c1ccccc1)c1ccc2cc(F)ccc2n1 1 COc1ccc([C@H](C)NC(=O)[C@@H]2C[C@@H](O)CN2C(=O)CNC(=O)c2ccc3cc(F)ccc3n2)c(Cl)c1 O=C(NCC(=O)N1CCC[C@H]1C(=O)N[C@@H](Cc1ccc2ccccc2c1)c1ccccc1)c1ccc2ccccc2n1 0.2493988 0.2494 0.5721925 0.5722 0.8607581 -11.0600 1.0000000 1.0000 []
 | 1.9997 10.2006 64.6276 0.5845955 O=C(NCC(=O)N1C[C@H](O)C[C@H]1C(=O)N[C@@H](Cc1ccccc1)c1ccccc1)c1ccc2cc(F)ccc2n1 1 COc1ccc([C@H](C)NC(=O)[C@@H]2C[C@@H](O)CN2C(=O)CNC(=O)c2ccc3cc(F)ccc3n2)c(Cl)c1 O=C(NCC(=O)N1CCC[C@H]1C(=O)N[C@@H](Cc1ccccc1)c1ccccc1)c1ccc2ccccc2n1 0.3180237 0.3180 0.6331361 0.6331 0.7616100 -9.7700 1.0000000 1.0000 []
 | 2.1150 10.0226 66.2444 0.5958362 O=C(NCC(=O)N1C[C@H](O)C[C@H]1C(=O)N[C@H](CO)c1ccc(Cl)cc1)c1ccc2cc(F)ccc2n1 1 COc1ccc([C@H](C)NC(=O)[C@@H]2C[C@@H](O)CN2C(=O)CNC(=O)c2ccc3cc(F)ccc3n2)c(Cl)c1 O=C(NCC(=O)N1CCC[C@H]1C(=O)NCc1ccccc1)c1ccc2ccccc2n1 0.3782864 0.3783 0.7482993 0.7483 0.6672764 -8.8600 1.0000000 1.0000 []
 | 2.0980 4.7853 68.0951 0.5693787 O=C(NCC(=O)N1C[C@H](O)C[C@H]1C(=O)N[C@H](CO)c1ccccc1)c1ccc2cc(F)ccc2n1 1 COc1ccc([C@H](C)NC(=O)[C@@H]2C[C@@H](O)CN2C(=O)CNC(=O)c2ccc3cc(F)ccc3n2)c(Cl)c1 O=C(NCC(=O)N1CCC[C@H]1C(=O)NCc1ccccc1)c1ccc2ccccc2n1 0.3976824 0.3977 0.7229730 0.7230 0.6046071 -8.3300 1.0000000 1.0000 []
 | 2.2802 20.3079 54.7829 0.5866468 O=C(NCC(=O)N1C[C@H](O)C[C@H]1C(=O)N[C@H](Cc1ccc(Cl)cc1)c1ccccc1)c1ccc2cc(F)ccc2n1 1 COc1ccc([C@H](C)NC(=O)[C@@H]2C[C@@H](O)CN2C(=O)CNC(=O)c2ccc3cc(F)ccc3n2)c(Cl)c1 O=C(NCC(=O)N1CCC[C@H]1C(=O)N[C@H](Cc1ccccc1)c1ccccc1)c1ccc2ccccc2n1 0.2962297 0.2962 0.6547619 0.6548 0.7814432 -9.9900 1.0000000 1.0000 []
 | 2.1208 17.2345 57.9434 0.5873279 O=C(NCC(=O)N1C[C@H](O)C[C@H]1C(=O)N[C@H](Cc1ccc(O)cc1)c1ccccc1)c1ccc2cc(F)ccc2n1 1 COc1ccc([C@H](C)NC(=O)[C@@H]2C[C@@H](O)CN2C(=O)CNC(=O)c2ccc3cc(F)ccc3n2)c(Cl)c1 O=C(NCC(=O)N1CCC[C@H]1C(=O)N[C@H](Cc1ccccc1)c1ccccc1)c1ccc2ccccc2n1 0.2640185 0.2640 0.6257310 0.6257 0.8486922 -10.8700 1.0000000 1.0000 []
 | 2.7090 35.4792 36.5036 0.5623654 O=C(NCC(=O)N1C[C@H](O)C[C@H]1C(=O)N[C@H](Cc1ccc2ccccc2c1)c1ccccc1)c1ccc2cc(F)ccc2n1 1 COc1ccc([C@H](C)NC(=O)[C@@H]2C[C@@H](O)CN2C(=O)CNC(=O)c2ccc3cc(F)ccc3n2)c(Cl)c1 O=C(NCC(=O)N1CCC[C@H]1C(=O)N[C@H](Cc1ccc2ccccc2c1)c1ccccc1)c1ccc2ccccc2n1 0.2493988 0.2494 0.5721925 0.5722 0.8371800 -10.7000 1.0000000 1.0000 []
00:40:30 <INFO> Score: 0.58 Agent NLL: 2.62 Valid: 100% Step: 102
 | Agent Prior Target Score SMILES SMILES_state Input_SMILES Scaffold QED QED (raw) TanimotoDistance TanimotoDistance (raw) maize maize (raw) Unwanted SMARTS Unwanted SMARTS (raw) matchting_patterns (Unwanted SMARTS)
 | 2.1176 17.5061 58.7046 0.5953960 O=C(NCC(=O)N1C[C@H](O)C[C@H]1C(=O)N[C@@H](Cc1ccc(Cl)cc1)c1ccccc1)c1ccc2cc(F)ccc2n1 1 COc1ccc([C@H](C)NC(=O)[C@@H]2C[C@@H](O)CN2C(=O)CNC(=O)c2ccc3cc(F)ccc3n2)c(Cl)c1 O=C(NCC(=O)N1CCC[C@H]1C(=O)N[C@@H](Cc1ccccc1)c1ccccc1)c1ccc2ccccc2n1 0.2962297 0.2962 0.6547619 0.6548 0.8049257 -10.2700 1.0000000 1.0000 []
 | 6.0231 15.1466 58.3390 0.5741062 O=C(NCC(=O)N1C[C@H](O)C[C@H]1C(=O)N[C@@H](Cc1ccc(F)cc1)c1ccccc1)c1ccc2cc(F)ccc2n1 1 COc1ccc([C@H](C)NC(=O)[C@@H]2C[C@@H](O)CN2C(=O)CNC(=O)c2ccc3cc(F)ccc3n2)c(Cl)c1 O=C(NCC(=O)N1CCC[C@H]1C(=O)N[C@@H](Cc1ccccc1)c1ccccc1)c1ccc2ccccc2n1 0.3074294 0.3074 0.6547619 0.6548 0.7346324 -9.4900 1.0000000 1.0000 []
 | 1.9369 12.2169 59.7177 0.5619890 O=C(NCC(=O)N1C[C@H](O)C[C@H]1C(=O)N[C@@H](Cc1ccc(O)cc1)c1ccccc1)c1ccc2cc(F)ccc2n1 1 COc1ccc([C@H](C)NC(=O)[C@@H]2C[C@@H](O)CN2C(=O)CNC(=O)c2ccc3cc(F)ccc3n2)c(Cl)c1 O=C(NCC(=O)N1CCC[C@H]1C(=O)N[C@@H](Cc1ccccc1)c1ccccc1)c1ccc2ccccc2n1 0.2640185 0.2640 0.6257310 0.6257 0.7770423 -9.9400 1.0000000 1.0000 []
 | 2.6004 30.0827 42.9067 0.5702296 O=C(NCC(=O)N1C[C@H](O)C[C@H]1C(=O)N[C@@H](Cc1ccc2ccccc2c1)c1ccccc1)c1ccc2cc(F)ccc2n1 1 COc1ccc([C@H](C)NC(=O)[C@@H]2C[C@@H](O)CN2C(=O)CNC(=O)c2ccc3cc(F)ccc3n2)c(Cl)c1 O=C(NCC(=O)N1CCC[C@H]1C(=O)N[C@@H](Cc1ccc2ccccc2c1)c1ccccc1)c1ccc2ccccc2n1 0.2493988 0.2494 0.5721925 0.5722 0.8607581 -11.0600 1.0000000 1.0000 []
 | 1.8668 10.2006 64.6276 0.5845955 O=C(NCC(=O)N1C[C@H](O)C[C@H]1C(=O)N[C@@H](Cc1ccccc1)c1ccccc1)c1ccc2cc(F)ccc2n1 1 COc1ccc([C@H](C)NC(=O)[C@@H]2C[C@@H](O)CN2C(=O)CNC(=O)c2ccc3cc(F)ccc3n2)c(Cl)c1 O=C(NCC(=O)N1CCC[C@H]1C(=O)N[C@@H](Cc1ccccc1)c1ccccc1)c1ccc2ccccc2n1 0.3180237 0.3180 0.6331361 0.6331 0.7616100 -9.7700 1.0000000 1.0000 []
 | 2.1867 10.0226 66.2444 0.5958362 O=C(NCC(=O)N1C[C@H](O)C[C@H]1C(=O)N[C@H](CO)c1ccc(Cl)cc1)c1ccc2cc(F)ccc2n1 1 COc1ccc([C@H](C)NC(=O)[C@@H]2C[C@@H](O)CN2C(=O)CNC(=O)c2ccc3cc(F)ccc3n2)c(Cl)c1 O=C(NCC(=O)N1CCC[C@H]1C(=O)NCc1ccccc1)c1ccc2ccccc2n1 0.3782864 0.3783 0.7482993 0.7483 0.6672764 -8.8600 1.0000000 1.0000 []
 | 2.1708 4.7853 68.0951 0.5693787 O=C(NCC(=O)N1C[C@H](O)C[C@H]1C(=O)N[C@H](CO)c1ccccc1)c1ccc2cc(F)ccc2n1 1 COc1ccc([C@H](C)NC(=O)[C@@H]2C[C@@H](O)CN2C(=O)CNC(=O)c2ccc3cc(F)ccc3n2)c(Cl)c1 O=C(NCC(=O)N1CCC[C@H]1C(=O)NCc1ccccc1)c1ccc2ccccc2n1 0.3976824 0.3977 0.7229730 0.7230 0.6046071 -8.3300 1.0000000 1.0000 []
 | 2.3655 20.3079 54.7829 0.5866468 O=C(NCC(=O)N1C[C@H](O)C[C@H]1C(=O)N[C@H](Cc1ccc(Cl)cc1)c1ccccc1)c1ccc2cc(F)ccc2n1 1 COc1ccc([C@H](C)NC(=O)[C@@H]2C[C@@H](O)CN2C(=O)CNC(=O)c2ccc3cc(F)ccc3n2)c(Cl)c1 O=C(NCC(=O)N1CCC[C@H]1C(=O)N[C@H](Cc1ccccc1)c1ccccc1)c1ccc2ccccc2n1 0.2962297 0.2962 0.6547619 0.6548 0.7814432 -9.9900 1.0000000 1.0000 []
 | 2.1326 17.2345 57.9434 0.5873279 O=C(NCC(=O)N1C[C@H](O)C[C@H]1C(=O)N[C@H](Cc1ccc(O)cc1)c1ccccc1)c1ccc2cc(F)ccc2n1 1 COc1ccc([C@H](C)NC(=O)[C@@H]2C[C@@H](O)CN2C(=O)CNC(=O)c2ccc3cc(F)ccc3n2)c(Cl)c1 O=C(NCC(=O)N1CCC[C@H]1C(=O)N[C@H](Cc1ccccc1)c1ccccc1)c1ccc2ccccc2n1 0.2640185 0.2640 0.6257310 0.6257 0.8486922 -10.8700 1.0000000 1.0000 []
 | 2.7713 35.4792 36.5036 0.5623654 O=C(NCC(=O)N1C[C@H](O)C[C@H]1C(=O)N[C@H](Cc1ccc2ccccc2c1)c1ccccc1)c1ccc2cc(F)ccc2n1 1 COc1ccc([C@H](C)NC(=O)[C@@H]2C[C@@H](O)CN2C(=O)CNC(=O)c2ccc3cc(F)ccc3n2)c(Cl)c1 O=C(NCC(=O)N1CCC[C@H]1C(=O)N[C@H](Cc1ccc2ccccc2c1)c1ccccc1)c1ccc2ccccc2n1 0.2493988 0.2494 0.5721925 0.5722 0.8371800 -10.7000 1.0000000 1.0000 []
00:40:30 <WARN> Maximum number of steps of 102 reached in stage 1. Terminating all stages.
00:40:31 <INFO> Peak main memory usage: 2183.992 MiB
00:40:31 <INFO> Finished REINVENT on 2025-08-31
