Agent,Prior,Target,Score,SMILES,SMILES_state,Input_SMILES,QED,QED (raw),maize,maize (raw),Unwanted SMARTS,Unwanted SMARTS (raw),matchting_patterns (Unwanted SMARTS),step
4.0491,4.0491,71.4801,0.5900719,CC(C)C(NC(=O)[C@@H]1C[C@@H](O)CN1C(=O)CNC(=O)c1ccc2cc(F)ccc2n1)c1ccccc1,1,COc1ccc([C@H](C)NC(=O)[C@@H]2C[C@@H](O)CN2C(=O)CNC(=O)c2ccc3cc(F)ccc3n2)c(Cl)c1,0.4695327,0.4695,0.7415562,-9.5600,1.0000000,1.0000,[],1
7.5304,7.5304,55.4746,0.4922268,CCC[C@@H](NC(=O)[C@@H]1C[C@@H](O)CN1C(=O)CNC(=O)c1ccc2cc(F)ccc2n1)c1ccc(OC)cc1,1,COc1ccc([C@H](C)NC(=O)[C@@H]2C[C@@H](O)CN2C(=O)CNC(=O)c2ccc3cc(F)ccc3n2)c(Cl)c1,0.3975249,0.3975,0.6094894,-8.3700,1.0000000,1.0000,[],1
6.5920,6.5920,64.4266,0.5548325,C[C@@H](NC(=O)[C@@H]1C[C@@H](O)CN1C(=O)CNC(=O)c1ccc2cc(F)ccc2n1)c1ccc(CN(C)C)cc1,1,COc1ccc([C@H](C)NC(=O)[C@@H]2C[C@@H](O)CN2C(=O)CNC(=O)c2ccc3cc(F)ccc3n2)c(Cl)c1,0.4179061,0.4179,0.7366227,-9.5100,1.0000000,1.0000,[],1
4.2698,4.2698,73.4975,0.6075571,C[C@@H](NC(=O)[C@@H]1C[C@@H](O)CN1C(=O)CNC(=O)c1ccc2cc(F)ccc2n1)c1ccc(Cl)cc1,1,COc1ccc([C@H](C)NC(=O)[C@@H]2C[C@@H](O)CN2C(=O)CNC(=O)c2ccc3cc(F)ccc3n2)c(Cl)c1,0.4834885,0.4835,0.7634630,-9.7900,1.0000000,1.0000,[],1
6.8635,6.8635,-6.8635,0.0000000,Cc1ccc(C(NC(=O)[C@@H]2C[C@@H](O)CN2C(=O)CNC(=O)c2ccc3cc(F)ccc3n2)c(C)c1,0,COc1ccc([C@H](C)NC(=O)[C@@H]2C[C@@H](O)CN2C(=O)CNC(=O)c2ccc3cc(F)ccc3n2)c(Cl)c1,0.0000000,0.0000,0.0000000,0.0000,0.0000000,0.0000,None,1
6.2280,6.2280,66.8868,0.5712094,O=C(NCC(=O)N1C[C@H](O)C[C@H]1C(=O)NCCc1ccc(Cl)cc1)c1ccc2cc(F)ccc2n1,1,COc1ccc([C@H](C)NC(=O)[C@@H]2C[C@@H](O)CN2C(=O)CNC(=O)c2ccc3cc(F)ccc3n2)c(Cl)c1,0.4616021,0.4616,0.7068428,-9.2200,1.0000000,1.0000,[],1
3.8934,3.8934,75.4409,0.6197990,O=C(NCC(=O)N1C[C@H](O)C[C@H]1C(=O)NCc1ccc(Cl)cc1)c1ccc2cc(F)ccc2n1,1,COc1ccc([C@H](C)NC(=O)[C@@H]2C[C@@H](O)CN2C(=O)CNC(=O)c2ccc3cc(F)ccc3n2)c(Cl)c1,0.4955094,0.4955,0.7752643,-9.9200,1.0000000,1.0000,[],1
4.6734,4.6734,64.0313,0.5367557,O=C(NCC(=O)N1C[C@H](O)C[C@H]1C(=O)N[C@H](CO)c1cccc(Cl)c1)c1ccc2cc(F)ccc2n1,1,COc1ccc([C@H](C)NC(=O)[C@@H]2C[C@@H](O)CN2C(=O)CNC(=O)c2ccc3cc(F)ccc3n2)c(Cl)c1,0.3782864,0.3783,0.7616100,-9.7700,1.0000000,1.0000,[],1
4.1093,4.1093,74.0754,0.6108175,O=C(NCC(=O)N1CCC[C@H]1C(=O)NCc1ccc(Cl)c(Cl)c1)c1ccc2cc(F)ccc2n1,1,COc1ccc([C@H](C)NC(=O)[C@@H]2C[C@@H](O)CN2C(=O)CNC(=O)c2ccc3cc(F)ccc3n2)c(Cl)c1,0.5367966,0.5368,0.6950453,-9.1100,1.0000000,1.0000,[],1
4.2571,4.2571,81.8304,0.6725586,O=C(NCC(=O)N1CCC[C@H]1C(=O)NCc1ccccc1)c1ccc2cc(F)ccc2n1,1,COc1ccc([C@H](C)NC(=O)[C@@H]2C[C@@H](O)CN2C(=O)CNC(=O)c2ccc3cc(F)ccc3n2)c(Cl)c1,0.6234303,0.6234,0.7255583,-9.4000,1.0000000,1.0000,[],1
14.1825,17.9696,44.1782,0.4855300,CN(C)CC(O)(Cc1ccc(Cl)cc1)C(=O)[C@@H]1C[C@@H](O)CN1C(=O)CNC(=O)c1ccc2cc(F)ccc2n1,1,COc1ccc([C@H](C)NC(=O)[C@@H]2C[C@@H](O)CN2C(=O)CNC(=O)c2ccc3cc(F)ccc3n2)c(Cl)c1,0.3672918,0.3673,0.6418314,-8.6400,1.0000000,1.0000,[],2
8.7347,14.2438,49.1549,0.4953022,CNC[C@@H](NC(=O)[C@@H]1C[C@@H](O)CN1C(=O)CNC(=O)c1ccc2cc(F)ccc2n1)c1ccc(Cl)cc1,1,COc1ccc([C@H](C)NC(=O)[C@@H]2C[C@@H](O)CN2C(=O)CNC(=O)c2ccc3cc(F)ccc3n2)c(Cl)c1,0.3540687,0.3541,0.6928719,-9.0900,1.0000000,1.0000,[],2
2.9624,4.3193,72.6299,0.6011659,O=C(NCC(=O)N1C[C@H](O)C[C@H]1C(=O)NCc1ccc(Cl)c(Cl)c1)c1ccc2cc(F)ccc2n1,1,COc1ccc([C@H](C)NC(=O)[C@@H]2C[C@@H](O)CN2C(=O)CNC(=O)c2ccc3cc(F)ccc3n2)c(Cl)c1,0.4640416,0.4640,0.7788103,-9.9600,1.0000000,1.0000,[],2
1.6939,3.8934,75.4409,0.6197990,O=C(NCC(=O)N1C[C@H](O)C[C@H]1C(=O)NCc1ccc(Cl)cc1)c1ccc2cc(F)ccc2n1,1,COc1ccc([C@H](C)NC(=O)[C@@H]2C[C@@H](O)CN2C(=O)CNC(=O)c2ccc3cc(F)ccc3n2)c(Cl)c1,0.4955094,0.4955,0.7752643,-9.9200,1.0000000,1.0000,[],2
2.8839,4.2413,63.6868,0.5306876,O=C(NCC(=O)N1C[C@H](O)C[C@H]1C(=O)N[C@@H](CO)c1cccc(Cl)c1)c1ccc2cc(F)ccc2n1,1,COc1ccc([C@H](C)NC(=O)[C@@H]2C[C@@H](O)CN2C(=O)CNC(=O)c2ccc3cc(F)ccc3n2)c(Cl)c1,0.3782864,0.3783,0.7444872,-9.5900,1.0000000,1.0000,[],2
2.5454,4.6734,64.0313,0.5367557,O=C(NCC(=O)N1C[C@H](O)C[C@H]1C(=O)N[C@H](CO)c1cccc(Cl)c1)c1ccc2cc(F)ccc2n1,1,COc1ccc([C@H](C)NC(=O)[C@@H]2C[C@@H](O)CN2C(=O)CNC(=O)c2ccc3cc(F)ccc3n2)c(Cl)c1,0.3782864,0.3783,0.7616100,-9.7700,1.0000000,1.0000,[],2
3.5526,8.7137,66.4579,0.5872783,CC(C)C(NC(=O)[C@@H]1C[C@@H](O)CN1C(=O)CNC(=O)c1ccc2cc(F)ccc2n1)c1ccc(Cl)cc1,1,COc1ccc([C@H](C)NC(=O)[C@@H]2C[C@@H](O)CN2C(=O)CNC(=O)c2ccc3cc(F)ccc3n2)c(Cl)c1,0.4374885,0.4375,0.7883539,-10.0700,1.0000000,1.0000,[],3
5.8648,14.4432,55.0441,0.5428697,CC(C)C[C@@H](NC(=O)[C@@H]1C[C@@H](O)CN1C(=O)CNC(=O)c1ccc2cc(F)ccc2n1)c1ccc(Cl)cc1,1,COc1ccc([C@H](C)NC(=O)[C@@H]2C[C@@H](O)CN2C(=O)CNC(=O)c2ccc3cc(F)ccc3n2)c(Cl)c1,0.4039219,0.4039,0.7296150,-9.4400,1.0000000,1.0000,[],3
3.4487,4.2698,73.4975,0.6075571,C[C@@H](NC(=O)[C@@H]1C[C@@H](O)CN1C(=O)CNC(=O)c1ccc2cc(F)ccc2n1)c1ccc(Cl)cc1,1,COc1ccc([C@H](C)NC(=O)[C@@H]2C[C@@H](O)CN2C(=O)CNC(=O)c2ccc3cc(F)ccc3n2)c(Cl)c1,0.4834885,0.4835,0.7634630,-9.7900,1.0000000,1.0000,[],3
2.1291,4.3193,72.6299,0.6011659,O=C(NCC(=O)N1C[C@H](O)C[C@H]1C(=O)NCc1ccc(Cl)c(Cl)c1)c1ccc2cc(F)ccc2n1,1,COc1ccc([C@H](C)NC(=O)[C@@H]2C[C@@H](O)CN2C(=O)CNC(=O)c2ccc3cc(F)ccc3n2)c(Cl)c1,0.4640416,0.4640,0.7788103,-9.9600,1.0000000,1.0000,[],3
2.1799,3.8934,75.4409,0.6197990,O=C(NCC(=O)N1C[C@H](O)C[C@H]1C(=O)NCc1ccc(Cl)cc1)c1ccc2cc(F)ccc2n1,1,COc1ccc([C@H](C)NC(=O)[C@@H]2C[C@@H](O)CN2C(=O)CNC(=O)c2ccc3cc(F)ccc3n2)c(Cl)c1,0.4955094,0.4955,0.7752643,-9.9200,1.0000000,1.0000,[],3
2.4180,4.2413,63.6868,0.5306876,O=C(NCC(=O)N1C[C@H](O)C[C@H]1C(=O)N[C@@H](CO)c1cccc(Cl)c1)c1ccc2cc(F)ccc2n1,1,COc1ccc([C@H](C)NC(=O)[C@@H]2C[C@@H](O)CN2C(=O)CNC(=O)c2ccc3cc(F)ccc3n2)c(Cl)c1,0.3782864,0.3783,0.7444872,-9.5900,1.0000000,1.0000,[],3
1.6938,4.6734,64.0313,0.5367557,O=C(NCC(=O)N1C[C@H](O)C[C@H]1C(=O)N[C@H](CO)c1cccc(Cl)c1)c1ccc2cc(F)ccc2n1,1,COc1ccc([C@H](C)NC(=O)[C@@H]2C[C@@H](O)CN2C(=O)CNC(=O)c2ccc3cc(F)ccc3n2)c(Cl)c1,0.3782864,0.3783,0.7616100,-9.7700,1.0000000,1.0000,[],3
3.3569,8.7137,66.4579,0.5872783,CC(C)C(NC(=O)[C@@H]1C[C@@H](O)CN1C(=O)CNC(=O)c1ccc2cc(F)ccc2n1)c1ccc(Cl)cc1,1,COc1ccc([C@H](C)NC(=O)[C@@H]2C[C@@H](O)CN2C(=O)CNC(=O)c2ccc3cc(F)ccc3n2)c(Cl)c1,0.4374885,0.4375,0.7883539,-10.0700,1.0000000,1.0000,[],4
5.6907,5.2000,69.3454,0.5823862,C[C@H](NC(=O)[C@@H]1C[C@@H](O)CN1C(=O)CNC(=O)c1ccc2cc(F)ccc2n1)c1ccc(Cl)cc1,1,COc1ccc([C@H](C)NC(=O)[C@@H]2C[C@@H](O)CN2C(=O)CNC(=O)c2ccc3cc(F)ccc3n2)c(Cl)c1,0.4834885,0.4835,0.7015134,-9.1700,1.0000000,1.0000,[],4
1.5150,4.3193,72.6299,0.6011659,O=C(NCC(=O)N1C[C@H](O)C[C@H]1C(=O)NCc1ccc(Cl)c(Cl)c1)c1ccc2cc(F)ccc2n1,1,COc1ccc([C@H](C)NC(=O)[C@@H]2C[C@@H](O)CN2C(=O)CNC(=O)c2ccc3cc(F)ccc3n2)c(Cl)c1,0.4640416,0.4640,0.7788103,-9.9600,1.0000000,1.0000,[],4
2.1509,4.2413,63.6868,0.5306876,O=C(NCC(=O)N1C[C@H](O)C[C@H]1C(=O)N[C@@H](CO)c1cccc(Cl)c1)c1ccc2cc(F)ccc2n1,1,COc1ccc([C@H](C)NC(=O)[C@@H]2C[C@@H](O)CN2C(=O)CNC(=O)c2ccc3cc(F)ccc3n2)c(Cl)c1,0.3782864,0.3783,0.7444872,-9.5900,1.0000000,1.0000,[],4
1.7919,4.6734,64.0313,0.5367557,O=C(NCC(=O)N1C[C@H](O)C[C@H]1C(=O)N[C@H](CO)c1cccc(Cl)c1)c1ccc2cc(F)ccc2n1,1,COc1ccc([C@H](C)NC(=O)[C@@H]2C[C@@H](O)CN2C(=O)CNC(=O)c2ccc3cc(F)ccc3n2)c(Cl)c1,0.3782864,0.3783,0.7616100,-9.7700,1.0000000,1.0000,[],4
3.8128,12.8312,57.1337,0.5466008,CCC[C@@H](NC(=O)[C@@H]1C[C@@H](O)CN1C(=O)CNC(=O)c1ccc2cc(F)ccc2n1)c1ccc(Cl)cc1,1,COc1ccc([C@H](C)NC(=O)[C@@H]2C[C@@H](O)CN2C(=O)CNC(=O)c2ccc3cc(F)ccc3n2)c(Cl)c1,0.4165049,0.4165,0.7173324,-9.3200,1.0000000,1.0000,[],5
5.5219,6.1025,73.9591,0.6254817,CN(C)C(=O)[C@@H]1C[C@@H](O)CN1C(=O)CNC(=O)c1ccc2cc(F)ccc2n1,1,COc1ccc([C@H](C)NC(=O)[C@@H]2C[C@@H](O)CN2C(=O)CNC(=O)c2ccc3cc(F)ccc3n2)c(Cl)c1,0.7764949,0.7765,0.5038376,-7.5300,1.0000000,1.0000,[],5
6.6092,4.1297,64.7279,0.5379499,COc1ccc(CNC(=O)[C@@H]2C[C@@H](O)CN2C(=O)CNC(=O)c2ccc3cc(F)ccc3n2)cc1,1,COc1ccc([C@H](C)NC(=O)[C@@H]2C[C@@H](O)CN2C(=O)CNC(=O)c2ccc3cc(F)ccc3n2)c(Cl)c1,0.4701237,0.4701,0.6155615,-8.4200,1.0000000,1.0000,[],5
1.4987,4.3193,72.6299,0.6011659,O=C(NCC(=O)N1C[C@H](O)C[C@H]1C(=O)NCc1ccc(Cl)c(Cl)c1)c1ccc2cc(F)ccc2n1,1,COc1ccc([C@H](C)NC(=O)[C@@H]2C[C@@H](O)CN2C(=O)CNC(=O)c2ccc3cc(F)ccc3n2)c(Cl)c1,0.4640416,0.4640,0.7788103,-9.9600,1.0000000,1.0000,[],5
1.6356,4.2413,63.6868,0.5306876,O=C(NCC(=O)N1C[C@H](O)C[C@H]1C(=O)N[C@@H](CO)c1cccc(Cl)c1)c1ccc2cc(F)ccc2n1,1,COc1ccc([C@H](C)NC(=O)[C@@H]2C[C@@H](O)CN2C(=O)CNC(=O)c2ccc3cc(F)ccc3n2)c(Cl)c1,0.3782864,0.3783,0.7444872,-9.5900,1.0000000,1.0000,[],5
4.1491,14.4432,55.0441,0.5428697,CC(C)C[C@@H](NC(=O)[C@@H]1C[C@@H](O)CN1C(=O)CNC(=O)c1ccc2cc(F)ccc2n1)c1ccc(Cl)cc1,1,COc1ccc([C@H](C)NC(=O)[C@@H]2C[C@@H](O)CN2C(=O)CNC(=O)c2ccc3cc(F)ccc3n2)c(Cl)c1,0.4039219,0.4039,0.7296150,-9.4400,1.0000000,1.0000,[],6
3.8650,12.8312,57.1337,0.5466008,CCC[C@@H](NC(=O)[C@@H]1C[C@@H](O)CN1C(=O)CNC(=O)c1ccc2cc(F)ccc2n1)c1ccc(Cl)cc1,1,COc1ccc([C@H](C)NC(=O)[C@@H]2C[C@@H](O)CN2C(=O)CNC(=O)c2ccc3cc(F)ccc3n2)c(Cl)c1,0.4165049,0.4165,0.7173324,-9.3200,1.0000000,1.0000,[],6
7.2144,8.4116,62.1486,0.5512518,COCc1ccc([C@@H](C)NC(=O)[C@@H]2C[C@@H](O)CN2C(=O)CNC(=O)c2ccc3cc(F)ccc3n2)cc1,1,COc1ccc([C@H](C)NC(=O)[C@@H]2C[C@@H](O)CN2C(=O)CNC(=O)c2ccc3cc(F)ccc3n2)c(Cl)c1,0.4286264,0.4286,0.7089589,-9.2400,1.0000000,1.0000,[],6
6.9586,5.6218,64.3855,0.5469322,COc1ccc([C@@H](C)NC(=O)[C@@H]2C[C@@H](O)CN2C(=O)CNC(=O)c2ccc3cc(F)ccc3n2)cc1,1,COc1ccc([C@H](C)NC(=O)[C@@H]2C[C@@H](O)CN2C(=O)CNC(=O)c2ccc3cc(F)ccc3n2)c(Cl)c1,0.4618479,0.4618,0.6476911,-8.6900,1.0000000,1.0000,[],6
3.0579,4.2698,73.4975,0.6075571,C[C@@H](NC(=O)[C@@H]1C[C@@H](O)CN1C(=O)CNC(=O)c1ccc2cc(F)ccc2n1)c1ccc(Cl)cc1,1,COc1ccc([C@H](C)NC(=O)[C@@H]2C[C@@H](O)CN2C(=O)CNC(=O)c2ccc3cc(F)ccc3n2)c(Cl)c1,0.4834885,0.4835,0.7634630,-9.7900,1.0000000,1.0000,[],6
1.3946,4.3193,72.6299,0.6011659,O=C(NCC(=O)N1C[C@H](O)C[C@H]1C(=O)NCc1ccc(Cl)c(Cl)c1)c1ccc2cc(F)ccc2n1,1,COc1ccc([C@H](C)NC(=O)[C@@H]2C[C@@H](O)CN2C(=O)CNC(=O)c2ccc3cc(F)ccc3n2)c(Cl)c1,0.4640416,0.4640,0.7788103,-9.9600,1.0000000,1.0000,[],6
1.3531,4.2413,63.6868,0.5306876,O=C(NCC(=O)N1C[C@H](O)C[C@H]1C(=O)N[C@@H](CO)c1cccc(Cl)c1)c1ccc2cc(F)ccc2n1,1,COc1ccc([C@H](C)NC(=O)[C@@H]2C[C@@H](O)CN2C(=O)CNC(=O)c2ccc3cc(F)ccc3n2)c(Cl)c1,0.3782864,0.3783,0.7444872,-9.5900,1.0000000,1.0000,[],6
2.2371,8.7137,66.4579,0.5872783,CC(C)C(NC(=O)[C@@H]1C[C@@H](O)CN1C(=O)CNC(=O)c1ccc2cc(F)ccc2n1)c1ccc(Cl)cc1,1,COc1ccc([C@H](C)NC(=O)[C@@H]2C[C@@H](O)CN2C(=O)CNC(=O)c2ccc3cc(F)ccc3n2)c(Cl)c1,0.4374885,0.4375,0.7883539,-10.0700,1.0000000,1.0000,[],7
9.1901,30.1497,32.3693,0.4884296,CC[C@H](O)[C@@H](NC(=O)[C@@H]1C[C@@H](O)CN1C(=O)CNC(=O)c1ccc2cc(F)ccc2n1)c1ccc(Cl)cc1,1,COc1ccc([C@H](C)NC(=O)[C@@H]2C[C@@H](O)CN2C(=O)CNC(=O)c2ccc3cc(F)ccc3n2)c(Cl)c1,0.3453988,0.3454,0.6906898,-9.0700,1.0000000,1.0000,[],7
5.6107,17.9696,44.1782,0.4855300,CN(C)CC(O)(Cc1ccc(Cl)cc1)C(=O)[C@@H]1C[C@@H](O)CN1C(=O)CNC(=O)c1ccc2cc(F)ccc2n1,1,COc1ccc([C@H](C)NC(=O)[C@@H]2C[C@@H](O)CN2C(=O)CNC(=O)c2ccc3cc(F)ccc3n2)c(Cl)c1,0.3672918,0.3673,0.6418314,-8.6400,1.0000000,1.0000,[],7
3.5659,14.2438,49.1549,0.4953022,CNC[C@@H](NC(=O)[C@@H]1C[C@@H](O)CN1C(=O)CNC(=O)c1ccc2cc(F)ccc2n1)c1ccc(Cl)cc1,1,COc1ccc([C@H](C)NC(=O)[C@@H]2C[C@@H](O)CN2C(=O)CNC(=O)c2ccc3cc(F)ccc3n2)c(Cl)c1,0.3540687,0.3541,0.6928719,-9.0900,1.0000000,1.0000,[],7
1.5579,4.3193,72.6299,0.6011659,O=C(NCC(=O)N1C[C@H](O)C[C@H]1C(=O)NCc1ccc(Cl)c(Cl)c1)c1ccc2cc(F)ccc2n1,1,COc1ccc([C@H](C)NC(=O)[C@@H]2C[C@@H](O)CN2C(=O)CNC(=O)c2ccc3cc(F)ccc3n2)c(Cl)c1,0.4640416,0.4640,0.7788103,-9.9600,1.0000000,1.0000,[],7
1.2036,4.2413,63.6868,0.5306876,O=C(NCC(=O)N1C[C@H](O)C[C@H]1C(=O)N[C@@H](CO)c1cccc(Cl)c1)c1ccc2cc(F)ccc2n1,1,COc1ccc([C@H](C)NC(=O)[C@@H]2C[C@@H](O)CN2C(=O)CNC(=O)c2ccc3cc(F)ccc3n2)c(Cl)c1,0.3782864,0.3783,0.7444872,-9.5900,1.0000000,1.0000,[],7
3.5608,14.4432,55.0441,0.5428697,CC(C)C[C@@H](NC(=O)[C@@H]1C[C@@H](O)CN1C(=O)CNC(=O)c1ccc2cc(F)ccc2n1)c1ccc(Cl)cc1,1,COc1ccc([C@H](C)NC(=O)[C@@H]2C[C@@H](O)CN2C(=O)CNC(=O)c2ccc3cc(F)ccc3n2)c(Cl)c1,0.4039219,0.4039,0.7296150,-9.4400,1.0000000,1.0000,[],8
5.0874,14.2557,54.5283,0.5373747,CCCC[C@@H](NC(=O)[C@@H]1C[C@@H](O)CN1C(=O)CNC(=O)c1ccc2cc(F)ccc2n1)c1ccc(Cl)cc1,1,COc1ccc([C@H](C)NC(=O)[C@@H]2C[C@@H](O)CN2C(=O)CNC(=O)c2ccc3cc(F)ccc3n2)c(Cl)c1,0.3824556,0.3825,0.7550460,-9.7000,1.0000000,1.0000,[],8
5.7696,14.3533,49.7441,0.5007613,CSCC[C@@H](NC(=O)[C@@H]1C[C@@H](O)CN1C(=O)CNC(=O)c1ccc2cc(F)ccc2n1)c1ccc(Cl)cc1,1,COc1ccc([C@H](C)NC(=O)[C@@H]2C[C@@H](O)CN2C(=O)CNC(=O)c2ccc3cc(F)ccc3n2)c(Cl)c1,0.3713998,0.3714,0.6751806,-8.9300,1.0000000,1.0000,[],8
2.5394,4.2698,73.4975,0.6075571,C[C@@H](NC(=O)[C@@H]1C[C@@H](O)CN1C(=O)CNC(=O)c1ccc2cc(F)ccc2n1)c1ccc(Cl)cc1,1,COc1ccc([C@H](C)NC(=O)[C@@H]2C[C@@H](O)CN2C(=O)CNC(=O)c2ccc3cc(F)ccc3n2)c(Cl)c1,0.4834885,0.4835,0.7634630,-9.7900,1.0000000,1.0000,[],8
1.6100,4.3193,72.6299,0.6011659,O=C(NCC(=O)N1C[C@H](O)C[C@H]1C(=O)NCc1ccc(Cl)c(Cl)c1)c1ccc2cc(F)ccc2n1,1,COc1ccc([C@H](C)NC(=O)[C@@H]2C[C@@H](O)CN2C(=O)CNC(=O)c2ccc3cc(F)ccc3n2)c(Cl)c1,0.4640416,0.4640,0.7788103,-9.9600,1.0000000,1.0000,[],8
1.3988,4.2413,63.6868,0.5306876,O=C(NCC(=O)N1C[C@H](O)C[C@H]1C(=O)N[C@@H](CO)c1cccc(Cl)c1)c1ccc2cc(F)ccc2n1,1,COc1ccc([C@H](C)NC(=O)[C@@H]2C[C@@H](O)CN2C(=O)CNC(=O)c2ccc3cc(F)ccc3n2)c(Cl)c1,0.3782864,0.3783,0.7444872,-9.5900,1.0000000,1.0000,[],8
2.4041,12.8312,57.1337,0.5466008,CCC[C@@H](NC(=O)[C@@H]1C[C@@H](O)CN1C(=O)CNC(=O)c1ccc2cc(F)ccc2n1)c1ccc(Cl)cc1,1,COc1ccc([C@H](C)NC(=O)[C@@H]2C[C@@H](O)CN2C(=O)CNC(=O)c2ccc3cc(F)ccc3n2)c(Cl)c1,0.4165049,0.4165,0.7173324,-9.3200,1.0000000,1.0000,[],9
10.0182,12.9296,59.5876,0.5665400,CO[C@@H]1C[C@@H](C(=O)N[C@H](C)c2ccc(Cl)cn2)N(C(=O)CNC(=O)c2ccc3cc(F)ccc3n2)C1,1,COc1ccc([C@H](C)NC(=O)[C@@H]2C[C@@H](O)CN2C(=O)CNC(=O)c2ccc3cc(F)ccc3n2)c(Cl)c1,0.5019232,0.5019,0.6394753,-8.6200,1.0000000,1.0000,[],9
2.2733,4.2698,73.4975,0.6075571,C[C@@H](NC(=O)[C@@H]1C[C@@H](O)CN1C(=O)CNC(=O)c1ccc2cc(F)ccc2n1)c1ccc(Cl)cc1,1,COc1ccc([C@H](C)NC(=O)[C@@H]2C[C@@H](O)CN2C(=O)CNC(=O)c2ccc3cc(F)ccc3n2)c(Cl)c1,0.4834885,0.4835,0.7634630,-9.7900,1.0000000,1.0000,[],9
1.7541,4.3193,72.6299,0.6011659,O=C(NCC(=O)N1C[C@H](O)C[C@H]1C(=O)NCc1ccc(Cl)c(Cl)c1)c1ccc2cc(F)ccc2n1,1,COc1ccc([C@H](C)NC(=O)[C@@H]2C[C@@H](O)CN2C(=O)CNC(=O)c2ccc3cc(F)ccc3n2)c(Cl)c1,0.4640416,0.4640,0.7788103,-9.9600,1.0000000,1.0000,[],9
1.8271,4.2413,63.6868,0.5306876,O=C(NCC(=O)N1C[C@H](O)C[C@H]1C(=O)N[C@@H](CO)c1cccc(Cl)c1)c1ccc2cc(F)ccc2n1,1,COc1ccc([C@H](C)NC(=O)[C@@H]2C[C@@H](O)CN2C(=O)CNC(=O)c2ccc3cc(F)ccc3n2)c(Cl)c1,0.3782864,0.3783,0.7444872,-9.5900,1.0000000,1.0000,[],9
10.6679,21.4985,-21.4985,0.0000000,CC(C)CC(NC(=O)[C@@H]1C[C@@H](O)CN1C(=O)CNC(=O)c1ccc2cc(F)ccc2n1)Oc1ccc(C(F)(F)F)cc1,1,COc1ccc([C@H](C)NC(=O)[C@@H]2C[C@@H](O)CN2C(=O)CNC(=O)c2ccc3cc(F)ccc3n2)c(Cl)c1,0.0000000,0.0000,0.0000000,0.0000,0.0000000,0.0000,"['[#7;!n][C;!$(C(=[O,N])[N,O])][#8;!o]']",10
2.0189,12.8312,57.1337,0.5466008,CCC[C@@H](NC(=O)[C@@H]1C[C@@H](O)CN1C(=O)CNC(=O)c1ccc2cc(F)ccc2n1)c1ccc(Cl)cc1,1,COc1ccc([C@H](C)NC(=O)[C@@H]2C[C@@H](O)CN2C(=O)CNC(=O)c2ccc3cc(F)ccc3n2)c(Cl)c1,0.4165049,0.4165,0.7173324,-9.3200,1.0000000,1.0000,[],10
3.7337,12.7913,62.1797,0.5857112,CC[C@@H](NC(=O)[C@@H]1C[C@@H](O)CN1C(=O)CNC(=O)c1ccc2cc(F)ccc2n1)c1ccc(Cl)cc1,1,COc1ccc([C@H](C)NC(=O)[C@@H]2C[C@@H](O)CN2C(=O)CNC(=O)c2ccc3cc(F)ccc3n2)c(Cl)c1,0.4504375,0.4504,0.7616100,-9.7700,1.0000000,1.0000,[],10
3.5548,5.2000,69.3454,0.5823862,C[C@H](NC(=O)[C@@H]1C[C@@H](O)CN1C(=O)CNC(=O)c1ccc2cc(F)ccc2n1)c1ccc(Cl)cc1,1,COc1ccc([C@H](C)NC(=O)[C@@H]2C[C@@H](O)CN2C(=O)CNC(=O)c2ccc3cc(F)ccc3n2)c(Cl)c1,0.4834885,0.4835,0.7015134,-9.1700,1.0000000,1.0000,[],10
1.9546,4.3193,72.6299,0.6011659,O=C(NCC(=O)N1C[C@H](O)C[C@H]1C(=O)NCc1ccc(Cl)c(Cl)c1)c1ccc2cc(F)ccc2n1,1,COc1ccc([C@H](C)NC(=O)[C@@H]2C[C@@H](O)CN2C(=O)CNC(=O)c2ccc3cc(F)ccc3n2)c(Cl)c1,0.4640416,0.4640,0.7788103,-9.9600,1.0000000,1.0000,[],10
2.2487,4.2413,63.6868,0.5306876,O=C(NCC(=O)N1C[C@H](O)C[C@H]1C(=O)N[C@@H](CO)c1cccc(Cl)c1)c1ccc2cc(F)ccc2n1,1,COc1ccc([C@H](C)NC(=O)[C@@H]2C[C@@H](O)CN2C(=O)CNC(=O)c2ccc3cc(F)ccc3n2)c(Cl)c1,0.3782864,0.3783,0.7444872,-9.5900,1.0000000,1.0000,[],10
2.5929,14.4432,55.0441,0.5428697,CC(C)C[C@@H](NC(=O)[C@@H]1C[C@@H](O)CN1C(=O)CNC(=O)c1ccc2cc(F)ccc2n1)c1ccc(Cl)cc1,1,COc1ccc([C@H](C)NC(=O)[C@@H]2C[C@@H](O)CN2C(=O)CNC(=O)c2ccc3cc(F)ccc3n2)c(Cl)c1,0.4039219,0.4039,0.7296150,-9.4400,1.0000000,1.0000,[],11
1.8117,12.8312,57.1337,0.5466008,CCC[C@@H](NC(=O)[C@@H]1C[C@@H](O)CN1C(=O)CNC(=O)c1ccc2cc(F)ccc2n1)c1ccc(Cl)cc1,1,COc1ccc([C@H](C)NC(=O)[C@@H]2C[C@@H](O)CN2C(=O)CNC(=O)c2ccc3cc(F)ccc3n2)c(Cl)c1,0.4165049,0.4165,0.7173324,-9.3200,1.0000000,1.0000,[],11
4.9179,6.1026,73.9591,0.6254817,CN(C)C(=O)[C@@H]1C[C@@H](O)CN1C(=O)CNC(=O)c1ccc2cc(F)ccc2n1,1,COc1ccc([C@H](C)NC(=O)[C@@H]2C[C@@H](O)CN2C(=O)CNC(=O)c2ccc3cc(F)ccc3n2)c(Cl)c1,0.7764949,0.7765,0.5038376,-7.5300,1.0000000,1.0000,[],11
5.2935,4.1297,64.7279,0.5379499,COc1ccc(CNC(=O)[C@@H]2C[C@@H](O)CN2C(=O)CNC(=O)c2ccc3cc(F)ccc3n2)cc1,1,COc1ccc([C@H](C)NC(=O)[C@@H]2C[C@@H](O)CN2C(=O)CNC(=O)c2ccc3cc(F)ccc3n2)c(Cl)c1,0.4701237,0.4701,0.6155615,-8.4200,1.0000000,1.0000,[],11
1.9122,4.2698,73.4975,0.6075571,C[C@@H](NC(=O)[C@@H]1C[C@@H](O)CN1C(=O)CNC(=O)c1ccc2cc(F)ccc2n1)c1ccc(Cl)cc1,1,COc1ccc([C@H](C)NC(=O)[C@@H]2C[C@@H](O)CN2C(=O)CNC(=O)c2ccc3cc(F)ccc3n2)c(Cl)c1,0.4834885,0.4835,0.7634630,-9.7900,1.0000000,1.0000,[],11
2.1002,4.3193,72.6299,0.6011659,O=C(NCC(=O)N1C[C@H](O)C[C@H]1C(=O)NCc1ccc(Cl)c(Cl)c1)c1ccc2cc(F)ccc2n1,1,COc1ccc([C@H](C)NC(=O)[C@@H]2C[C@@H](O)CN2C(=O)CNC(=O)c2ccc3cc(F)ccc3n2)c(Cl)c1,0.4640416,0.4640,0.7788103,-9.9600,1.0000000,1.0000,[],11
2.4064,4.2413,63.6868,0.5306876,O=C(NCC(=O)N1C[C@H](O)C[C@H]1C(=O)N[C@@H](CO)c1cccc(Cl)c1)c1ccc2cc(F)ccc2n1,1,COc1ccc([C@H](C)NC(=O)[C@@H]2C[C@@H](O)CN2C(=O)CNC(=O)c2ccc3cc(F)ccc3n2)c(Cl)c1,0.3782864,0.3783,0.7444872,-9.5900,1.0000000,1.0000,[],11
1.8411,12.8312,57.1337,0.5466008,CCC[C@@H](NC(=O)[C@@H]1C[C@@H](O)CN1C(=O)CNC(=O)c1ccc2cc(F)ccc2n1)c1ccc(Cl)cc1,1,COc1ccc([C@H](C)NC(=O)[C@@H]2C[C@@H](O)CN2C(=O)CNC(=O)c2ccc3cc(F)ccc3n2)c(Cl)c1,0.4165049,0.4165,0.7173324,-9.3200,1.0000000,1.0000,[],12
3.8854,31.2365,29.6839,0.4759408,CC[C@@H](O)[C@@H](NC(=O)[C@@H]1C[C@@H](O)CN1C(=O)CNC(=O)c1ccc2cc(F)ccc2n1)c1ccc(Cl)cc1,1,COc1ccc([C@H](C)NC(=O)[C@@H]2C[C@@H](O)CN2C(=O)CNC(=O)c2ccc3cc(F)ccc3n2)c(Cl)c1,0.3453988,0.3454,0.6558205,-8.7600,1.0000000,1.0000,[],12
5.5688,17.9697,44.1782,0.4855300,CN(C)CC(O)(Cc1ccc(Cl)cc1)C(=O)[C@@H]1C[C@@H](O)CN1C(=O)CNC(=O)c1ccc2cc(F)ccc2n1,1,COc1ccc([C@H](C)NC(=O)[C@@H]2C[C@@H](O)CN2C(=O)CNC(=O)c2ccc3cc(F)ccc3n2)c(Cl)c1,0.3672918,0.3673,0.6418314,-8.6400,1.0000000,1.0000,[],12
3.1417,14.2438,49.1549,0.4953022,CNC[C@@H](NC(=O)[C@@H]1C[C@@H](O)CN1C(=O)CNC(=O)c1ccc2cc(F)ccc2n1)c1ccc(Cl)cc1,1,COc1ccc([C@H](C)NC(=O)[C@@H]2C[C@@H](O)CN2C(=O)CNC(=O)c2ccc3cc(F)ccc3n2)c(Cl)c1,0.3540687,0.3541,0.6928719,-9.0900,1.0000000,1.0000,[],12
5.5535,14.7734,52.6374,0.5266466,COC[C@@H](NC(=O)[C@@H]1C[C@@H](O)CN1C(=O)CNC(=O)c1ccc2cc(F)ccc2n1)c1ccc(Cl)cc1,1,COc1ccc([C@H](C)NC(=O)[C@@H]2C[C@@H](O)CN2C(=O)CNC(=O)c2ccc3cc(F)ccc3n2)c(Cl)c1,0.4121615,0.4122,0.6729321,-8.9100,1.0000000,1.0000,[],12
1.9330,4.2698,73.4975,0.6075571,C[C@@H](NC(=O)[C@@H]1C[C@@H](O)CN1C(=O)CNC(=O)c1ccc2cc(F)ccc2n1)c1ccc(Cl)cc1,1,COc1ccc([C@H](C)NC(=O)[C@@H]2C[C@@H](O)CN2C(=O)CNC(=O)c2ccc3cc(F)ccc3n2)c(Cl)c1,0.4834885,0.4835,0.7634630,-9.7900,1.0000000,1.0000,[],12
2.0071,4.3193,72.6299,0.6011659,O=C(NCC(=O)N1C[C@H](O)C[C@H]1C(=O)NCc1ccc(Cl)c(Cl)c1)c1ccc2cc(F)ccc2n1,1,COc1ccc([C@H](C)NC(=O)[C@@H]2C[C@@H](O)CN2C(=O)CNC(=O)c2ccc3cc(F)ccc3n2)c(Cl)c1,0.4640416,0.4640,0.7788103,-9.9600,1.0000000,1.0000,[],12
2.8140,14.4432,55.0441,0.5428697,CC(C)C[C@@H](NC(=O)[C@@H]1C[C@@H](O)CN1C(=O)CNC(=O)c1ccc2cc(F)ccc2n1)c1ccc(Cl)cc1,1,COc1ccc([C@H](C)NC(=O)[C@@H]2C[C@@H](O)CN2C(=O)CNC(=O)c2ccc3cc(F)ccc3n2)c(Cl)c1,0.4039219,0.4039,0.7296150,-9.4400,1.0000000,1.0000,[],13
1.8969,12.8312,57.1337,0.5466008,CCC[C@@H](NC(=O)[C@@H]1C[C@@H](O)CN1C(=O)CNC(=O)c1ccc2cc(F)ccc2n1)c1ccc(Cl)cc1,1,COc1ccc([C@H](C)NC(=O)[C@@H]2C[C@@H](O)CN2C(=O)CNC(=O)c2ccc3cc(F)ccc3n2)c(Cl)c1,0.4165049,0.4165,0.7173324,-9.3200,1.0000000,1.0000,[],13
3.3131,31.2365,29.6839,0.4759408,CC[C@@H](O)[C@@H](NC(=O)[C@@H]1C[C@@H](O)CN1C(=O)CNC(=O)c1ccc2cc(F)ccc2n1)c1ccc(Cl)cc1,1,COc1ccc([C@H](C)NC(=O)[C@@H]2C[C@@H](O)CN2C(=O)CNC(=O)c2ccc3cc(F)ccc3n2)c(Cl)c1,0.3453988,0.3454,0.6558205,-8.7600,1.0000000,1.0000,[],13
3.2133,5.6218,64.3855,0.5469322,COc1ccc([C@@H](C)NC(=O)[C@@H]2C[C@@H](O)CN2C(=O)CNC(=O)c2ccc3cc(F)ccc3n2)cc1,1,COc1ccc([C@H](C)NC(=O)[C@@H]2C[C@@H](O)CN2C(=O)CNC(=O)c2ccc3cc(F)ccc3n2)c(Cl)c1,0.4618479,0.4618,0.6476911,-8.6900,1.0000000,1.0000,[],13
1.9456,4.2698,73.4975,0.6075571,C[C@@H](NC(=O)[C@@H]1C[C@@H](O)CN1C(=O)CNC(=O)c1ccc2cc(F)ccc2n1)c1ccc(Cl)cc1,1,COc1ccc([C@H](C)NC(=O)[C@@H]2C[C@@H](O)CN2C(=O)CNC(=O)c2ccc3cc(F)ccc3n2)c(Cl)c1,0.4834885,0.4835,0.7634630,-9.7900,1.0000000,1.0000,[],13
1.7824,4.3193,72.6299,0.6011659,O=C(NCC(=O)N1C[C@H](O)C[C@H]1C(=O)NCc1ccc(Cl)c(Cl)c1)c1ccc2cc(F)ccc2n1,1,COc1ccc([C@H](C)NC(=O)[C@@H]2C[C@@H](O)CN2C(=O)CNC(=O)c2ccc3cc(F)ccc3n2)c(Cl)c1,0.4640416,0.4640,0.7788103,-9.9600,1.0000000,1.0000,[],13
2.4777,4.2413,63.6868,0.5306876,O=C(NCC(=O)N1C[C@H](O)C[C@H]1C(=O)N[C@@H](CO)c1cccc(Cl)c1)c1ccc2cc(F)ccc2n1,1,COc1ccc([C@H](C)NC(=O)[C@@H]2C[C@@H](O)CN2C(=O)CNC(=O)c2ccc3cc(F)ccc3n2)c(Cl)c1,0.3782864,0.3783,0.7444872,-9.5900,1.0000000,1.0000,[],13
2.9240,14.4432,55.0441,0.5428697,CC(C)C[C@@H](NC(=O)[C@@H]1C[C@@H](O)CN1C(=O)CNC(=O)c1ccc2cc(F)ccc2n1)c1ccc(Cl)cc1,1,COc1ccc([C@H](C)NC(=O)[C@@H]2C[C@@H](O)CN2C(=O)CNC(=O)c2ccc3cc(F)ccc3n2)c(Cl)c1,0.4039219,0.4039,0.7296150,-9.4400,1.0000000,1.0000,[],14
2.0190,12.8312,57.1337,0.5466008,CCC[C@@H](NC(=O)[C@@H]1C[C@@H](O)CN1C(=O)CNC(=O)c1ccc2cc(F)ccc2n1)c1ccc(Cl)cc1,1,COc1ccc([C@H](C)NC(=O)[C@@H]2C[C@@H](O)CN2C(=O)CNC(=O)c2ccc3cc(F)ccc3n2)c(Cl)c1,0.4165049,0.4165,0.7173324,-9.3200,1.0000000,1.0000,[],14
3.0175,31.2365,29.6839,0.4759408,CC[C@@H](O)[C@@H](NC(=O)[C@@H]1C[C@@H](O)CN1C(=O)CNC(=O)c1ccc2cc(F)ccc2n1)c1ccc(Cl)cc1,1,COc1ccc([C@H](C)NC(=O)[C@@H]2C[C@@H](O)CN2C(=O)CNC(=O)c2ccc3cc(F)ccc3n2)c(Cl)c1,0.3453988,0.3454,0.6558205,-8.7600,1.0000000,1.0000,[],14
3.1325,5.6218,64.3855,0.5469322,COc1ccc([C@@H](C)NC(=O)[C@@H]2C[C@@H](O)CN2C(=O)CNC(=O)c2ccc3cc(F)ccc3n2)cc1,1,COc1ccc([C@H](C)NC(=O)[C@@H]2C[C@@H](O)CN2C(=O)CNC(=O)c2ccc3cc(F)ccc3n2)c(Cl)c1,0.4618479,0.4618,0.6476911,-8.6900,1.0000000,1.0000,[],14
1.9514,4.2698,73.4975,0.6075571,C[C@@H](NC(=O)[C@@H]1C[C@@H](O)CN1C(=O)CNC(=O)c1ccc2cc(F)ccc2n1)c1ccc(Cl)cc1,1,COc1ccc([C@H](C)NC(=O)[C@@H]2C[C@@H](O)CN2C(=O)CNC(=O)c2ccc3cc(F)ccc3n2)c(Cl)c1,0.4834885,0.4835,0.7634630,-9.7900,1.0000000,1.0000,[],14
1.6897,4.3193,72.6299,0.6011659,O=C(NCC(=O)N1C[C@H](O)C[C@H]1C(=O)NCc1ccc(Cl)c(Cl)c1)c1ccc2cc(F)ccc2n1,1,COc1ccc([C@H](C)NC(=O)[C@@H]2C[C@@H](O)CN2C(=O)CNC(=O)c2ccc3cc(F)ccc3n2)c(Cl)c1,0.4640416,0.4640,0.7788103,-9.9600,1.0000000,1.0000,[],14
2.9426,14.4432,55.0441,0.5428697,CC(C)C[C@@H](NC(=O)[C@@H]1C[C@@H](O)CN1C(=O)CNC(=O)c1ccc2cc(F)ccc2n1)c1ccc(Cl)cc1,1,COc1ccc([C@H](C)NC(=O)[C@@H]2C[C@@H](O)CN2C(=O)CNC(=O)c2ccc3cc(F)ccc3n2)c(Cl)c1,0.4039219,0.4039,0.7296150,-9.4400,1.0000000,1.0000,[],15
2.0717,12.8312,57.1337,0.5466008,CCC[C@@H](NC(=O)[C@@H]1C[C@@H](O)CN1C(=O)CNC(=O)c1ccc2cc(F)ccc2n1)c1ccc(Cl)cc1,1,COc1ccc([C@H](C)NC(=O)[C@@H]2C[C@@H](O)CN2C(=O)CNC(=O)c2ccc3cc(F)ccc3n2)c(Cl)c1,0.4165049,0.4165,0.7173324,-9.3200,1.0000000,1.0000,[],15
3.6517,14.2438,49.1549,0.4953022,CNC[C@@H](NC(=O)[C@@H]1C[C@@H](O)CN1C(=O)CNC(=O)c1ccc2cc(F)ccc2n1)c1ccc(Cl)cc1,1,COc1ccc([C@H](C)NC(=O)[C@@H]2C[C@@H](O)CN2C(=O)CNC(=O)c2ccc3cc(F)ccc3n2)c(Cl)c1,0.3540687,0.3541,0.6928719,-9.0900,1.0000000,1.0000,[],15
14.8496,18.6545,40.3471,0.4609492,COc1ccc2[nH]c(C(=O)NCC(=O)N3C[C@H](O)C[C@H]3C(=O)N[C@@H](C)c3cccc(Cl)c3)nc2c1,1,COc1ccc([C@H](C)NC(=O)[C@@H]2C[C@@H](O)CN2C(=O)CNC(=O)c2ccc3cc(F)ccc3n2)c(Cl)c1,0.3910204,0.3910,0.5433839,-7.8400,1.0000000,1.0000,[],15
1.8899,4.2698,73.4975,0.6075571,C[C@@H](NC(=O)[C@@H]1C[C@@H](O)CN1C(=O)CNC(=O)c1ccc2cc(F)ccc2n1)c1ccc(Cl)cc1,1,COc1ccc([C@H](C)NC(=O)[C@@H]2C[C@@H](O)CN2C(=O)CNC(=O)c2ccc3cc(F)ccc3n2)c(Cl)c1,0.4834885,0.4835,0.7634630,-9.7900,1.0000000,1.0000,[],15
1.5789,4.3193,72.6299,0.6011659,O=C(NCC(=O)N1C[C@H](O)C[C@H]1C(=O)NCc1ccc(Cl)c(Cl)c1)c1ccc2cc(F)ccc2n1,1,COc1ccc([C@H](C)NC(=O)[C@@H]2C[C@@H](O)CN2C(=O)CNC(=O)c2ccc3cc(F)ccc3n2)c(Cl)c1,0.4640416,0.4640,0.7788103,-9.9600,1.0000000,1.0000,[],15
5.8885,12.3521,59.6620,0.5626099,CC(C)[C@@H](NC(=O)[C@@H]1C[C@@H](O)CN1C(=O)CNC(=O)c1ccc2cc(F)ccc2n1)c1ccc(Cl)cc1,1,COc1ccc([C@H](C)NC(=O)[C@@H]2C[C@@H](O)CN2C(=O)CNC(=O)c2ccc3cc(F)ccc3n2)c(Cl)c1,0.4374885,0.4375,0.7235159,-9.3800,1.0000000,1.0000,[],16
2.0564,12.8312,57.1337,0.5466008,CCC[C@@H](NC(=O)[C@@H]1C[C@@H](O)CN1C(=O)CNC(=O)c1ccc2cc(F)ccc2n1)c1ccc(Cl)cc1,1,COc1ccc([C@H](C)NC(=O)[C@@H]2C[C@@H](O)CN2C(=O)CNC(=O)c2ccc3cc(F)ccc3n2)c(Cl)c1,0.4165049,0.4165,0.7173324,-9.3200,1.0000000,1.0000,[],16
3.6444,14.7734,52.6374,0.5266466,COC[C@@H](NC(=O)[C@@H]1C[C@@H](O)CN1C(=O)CNC(=O)c1ccc2cc(F)ccc2n1)c1ccc(Cl)cc1,1,COc1ccc([C@H](C)NC(=O)[C@@H]2C[C@@H](O)CN2C(=O)CNC(=O)c2ccc3cc(F)ccc3n2)c(Cl)c1,0.4121615,0.4122,0.6729321,-8.9100,1.0000000,1.0000,[],16
1.7819,4.2698,73.4975,0.6075571,C[C@@H](NC(=O)[C@@H]1C[C@@H](O)CN1C(=O)CNC(=O)c1ccc2cc(F)ccc2n1)c1ccc(Cl)cc1,1,COc1ccc([C@H](C)NC(=O)[C@@H]2C[C@@H](O)CN2C(=O)CNC(=O)c2ccc3cc(F)ccc3n2)c(Cl)c1,0.4834885,0.4835,0.7634630,-9.7900,1.0000000,1.0000,[],16
3.6247,5.2000,69.3454,0.5823862,C[C@H](NC(=O)[C@@H]1C[C@@H](O)CN1C(=O)CNC(=O)c1ccc2cc(F)ccc2n1)c1ccc(Cl)cc1,1,COc1ccc([C@H](C)NC(=O)[C@@H]2C[C@@H](O)CN2C(=O)CNC(=O)c2ccc3cc(F)ccc3n2)c(Cl)c1,0.4834885,0.4835,0.7015134,-9.1700,1.0000000,1.0000,[],16
1.5500,4.3193,72.6299,0.6011659,O=C(NCC(=O)N1C[C@H](O)C[C@H]1C(=O)NCc1ccc(Cl)c(Cl)c1)c1ccc2cc(F)ccc2n1,1,COc1ccc([C@H](C)NC(=O)[C@@H]2C[C@@H](O)CN2C(=O)CNC(=O)c2ccc3cc(F)ccc3n2)c(Cl)c1,0.4640416,0.4640,0.7788103,-9.9600,1.0000000,1.0000,[],16
3.0341,14.4432,55.0441,0.5428697,CC(C)C[C@@H](NC(=O)[C@@H]1C[C@@H](O)CN1C(=O)CNC(=O)c1ccc2cc(F)ccc2n1)c1ccc(Cl)cc1,1,COc1ccc([C@H](C)NC(=O)[C@@H]2C[C@@H](O)CN2C(=O)CNC(=O)c2ccc3cc(F)ccc3n2)c(Cl)c1,0.4039219,0.4039,0.7296150,-9.4400,1.0000000,1.0000,[],17
3.5747,14.2438,49.1549,0.4953022,CNC[C@@H](NC(=O)[C@@H]1C[C@@H](O)CN1C(=O)CNC(=O)c1ccc2cc(F)ccc2n1)c1ccc(Cl)cc1,1,COc1ccc([C@H](C)NC(=O)[C@@H]2C[C@@H](O)CN2C(=O)CNC(=O)c2ccc3cc(F)ccc3n2)c(Cl)c1,0.3540687,0.3541,0.6928719,-9.0900,1.0000000,1.0000,[],17
2.6954,5.6218,64.3855,0.5469322,COc1ccc([C@@H](C)NC(=O)[C@@H]2C[C@@H](O)CN2C(=O)CNC(=O)c2ccc3cc(F)ccc3n2)cc1,1,COc1ccc([C@H](C)NC(=O)[C@@H]2C[C@@H](O)CN2C(=O)CNC(=O)c2ccc3cc(F)ccc3n2)c(Cl)c1,0.4618479,0.4618,0.6476911,-8.6900,1.0000000,1.0000,[],17
1.6291,4.2698,73.4975,0.6075571,C[C@@H](NC(=O)[C@@H]1C[C@@H](O)CN1C(=O)CNC(=O)c1ccc2cc(F)ccc2n1)c1ccc(Cl)cc1,1,COc1ccc([C@H](C)NC(=O)[C@@H]2C[C@@H](O)CN2C(=O)CNC(=O)c2ccc3cc(F)ccc3n2)c(Cl)c1,0.4834885,0.4835,0.7634630,-9.7900,1.0000000,1.0000,[],17
1.6079,4.3193,72.6299,0.6011659,O=C(NCC(=O)N1C[C@H](O)C[C@H]1C(=O)NCc1ccc(Cl)c(Cl)c1)c1ccc2cc(F)ccc2n1,1,COc1ccc([C@H](C)NC(=O)[C@@H]2C[C@@H](O)CN2C(=O)CNC(=O)c2ccc3cc(F)ccc3n2)c(Cl)c1,0.4640416,0.4640,0.7788103,-9.9600,1.0000000,1.0000,[],17
3.6670,4.2413,63.6868,0.5306876,O=C(NCC(=O)N1C[C@H](O)C[C@H]1C(=O)N[C@@H](CO)c1cccc(Cl)c1)c1ccc2cc(F)ccc2n1,1,COc1ccc([C@H](C)NC(=O)[C@@H]2C[C@@H](O)CN2C(=O)CNC(=O)c2ccc3cc(F)ccc3n2)c(Cl)c1,0.3782864,0.3783,0.7444872,-9.5900,1.0000000,1.0000,[],17
3.1362,14.4432,55.0441,0.5428697,CC(C)C[C@@H](NC(=O)[C@@H]1C[C@@H](O)CN1C(=O)CNC(=O)c1ccc2cc(F)ccc2n1)c1ccc(Cl)cc1,1,COc1ccc([C@H](C)NC(=O)[C@@H]2C[C@@H](O)CN2C(=O)CNC(=O)c2ccc3cc(F)ccc3n2)c(Cl)c1,0.4039219,0.4039,0.7296150,-9.4400,1.0000000,1.0000,[],18
2.7687,31.2365,29.6839,0.4759408,CC[C@@H](O)[C@@H](NC(=O)[C@@H]1C[C@@H](O)CN1C(=O)CNC(=O)c1ccc2cc(F)ccc2n1)c1ccc(Cl)cc1,1,COc1ccc([C@H](C)NC(=O)[C@@H]2C[C@@H](O)CN2C(=O)CNC(=O)c2ccc3cc(F)ccc3n2)c(Cl)c1,0.3453988,0.3454,0.6558205,-8.7600,1.0000000,1.0000,[],18
4.5875,4.1297,64.7279,0.5379499,COc1ccc(CNC(=O)[C@@H]2C[C@@H](O)CN2C(=O)CNC(=O)c2ccc3cc(F)ccc3n2)cc1,1,COc1ccc([C@H](C)NC(=O)[C@@H]2C[C@@H](O)CN2C(=O)CNC(=O)c2ccc3cc(F)ccc3n2)c(Cl)c1,0.4701237,0.4701,0.6155615,-8.4200,1.0000000,1.0000,[],18
2.5681,5.6218,64.3855,0.5469322,COc1ccc([C@@H](C)NC(=O)[C@@H]2C[C@@H](O)CN2C(=O)CNC(=O)c2ccc3cc(F)ccc3n2)cc1,1,COc1ccc([C@H](C)NC(=O)[C@@H]2C[C@@H](O)CN2C(=O)CNC(=O)c2ccc3cc(F)ccc3n2)c(Cl)c1,0.4618479,0.4618,0.6476911,-8.6900,1.0000000,1.0000,[],18
10.3799,17.4878,54.8799,0.5653730,COc1ccc([C@@H](C)NC(=O)[C@@H]2C[C@@H](O)CN2C(=O)CNC(=O)c2ccc3cc(F)ccc3n2)cc1Cl,1,COc1ccc([C@H](C)NC(=O)[C@@H]2C[C@@H](O)CN2C(=O)CNC(=O)c2ccc3cc(F)ccc3n2)c(Cl)c1,0.4333520,0.4334,0.7376142,-9.5200,1.0000000,1.0000,[],18
1.5284,4.2698,73.4975,0.6075571,C[C@@H](NC(=O)[C@@H]1C[C@@H](O)CN1C(=O)CNC(=O)c1ccc2cc(F)ccc2n1)c1ccc(Cl)cc1,1,COc1ccc([C@H](C)NC(=O)[C@@H]2C[C@@H](O)CN2C(=O)CNC(=O)c2ccc3cc(F)ccc3n2)c(Cl)c1,0.4834885,0.4835,0.7634630,-9.7900,1.0000000,1.0000,[],18
3.2998,14.4432,55.0441,0.5428697,CC(C)C[C@@H](NC(=O)[C@@H]1C[C@@H](O)CN1C(=O)CNC(=O)c1ccc2cc(F)ccc2n1)c1ccc(Cl)cc1,1,COc1ccc([C@H](C)NC(=O)[C@@H]2C[C@@H](O)CN2C(=O)CNC(=O)c2ccc3cc(F)ccc3n2)c(Cl)c1,0.4039219,0.4039,0.7296150,-9.4400,1.0000000,1.0000,[],19
2.2699,12.8312,57.1337,0.5466008,CCC[C@@H](NC(=O)[C@@H]1C[C@@H](O)CN1C(=O)CNC(=O)c1ccc2cc(F)ccc2n1)c1ccc(Cl)cc1,1,COc1ccc([C@H](C)NC(=O)[C@@H]2C[C@@H](O)CN2C(=O)CNC(=O)c2ccc3cc(F)ccc3n2)c(Cl)c1,0.4165049,0.4165,0.7173324,-9.3200,1.0000000,1.0000,[],19
2.8349,31.2365,29.6839,0.4759408,CC[C@@H](O)[C@@H](NC(=O)[C@@H]1C[C@@H](O)CN1C(=O)CNC(=O)c1ccc2cc(F)ccc2n1)c1ccc(Cl)cc1,1,COc1ccc([C@H](C)NC(=O)[C@@H]2C[C@@H](O)CN2C(=O)CNC(=O)c2ccc3cc(F)ccc3n2)c(Cl)c1,0.3453988,0.3454,0.6558205,-8.7600,1.0000000,1.0000,[],19
3.1793,14.7734,52.6374,0.5266466,COC[C@@H](NC(=O)[C@@H]1C[C@@H](O)CN1C(=O)CNC(=O)c1ccc2cc(F)ccc2n1)c1ccc(Cl)cc1,1,COc1ccc([C@H](C)NC(=O)[C@@H]2C[C@@H](O)CN2C(=O)CNC(=O)c2ccc3cc(F)ccc3n2)c(Cl)c1,0.4121615,0.4122,0.6729321,-8.9100,1.0000000,1.0000,[],19
2.3055,5.6218,64.3855,0.5469322,COc1ccc([C@@H](C)NC(=O)[C@@H]2C[C@@H](O)CN2C(=O)CNC(=O)c2ccc3cc(F)ccc3n2)cc1,1,COc1ccc([C@H](C)NC(=O)[C@@H]2C[C@@H](O)CN2C(=O)CNC(=O)c2ccc3cc(F)ccc3n2)c(Cl)c1,0.4618479,0.4618,0.6476911,-8.6900,1.0000000,1.0000,[],19
1.4320,4.2698,73.4975,0.6075571,C[C@@H](NC(=O)[C@@H]1C[C@@H](O)CN1C(=O)CNC(=O)c1ccc2cc(F)ccc2n1)c1ccc(Cl)cc1,1,COc1ccc([C@H](C)NC(=O)[C@@H]2C[C@@H](O)CN2C(=O)CNC(=O)c2ccc3cc(F)ccc3n2)c(Cl)c1,0.4834885,0.4835,0.7634630,-9.7900,1.0000000,1.0000,[],19
3.3816,5.2000,69.3454,0.5823862,C[C@H](NC(=O)[C@@H]1C[C@@H](O)CN1C(=O)CNC(=O)c1ccc2cc(F)ccc2n1)c1ccc(Cl)cc1,1,COc1ccc([C@H](C)NC(=O)[C@@H]2C[C@@H](O)CN2C(=O)CNC(=O)c2ccc3cc(F)ccc3n2)c(Cl)c1,0.4834885,0.4835,0.7015134,-9.1700,1.0000000,1.0000,[],19
1.9565,4.3193,72.6299,0.6011659,O=C(NCC(=O)N1C[C@H](O)C[C@H]1C(=O)NCc1ccc(Cl)c(Cl)c1)c1ccc2cc(F)ccc2n1,1,COc1ccc([C@H](C)NC(=O)[C@@H]2C[C@@H](O)CN2C(=O)CNC(=O)c2ccc3cc(F)ccc3n2)c(Cl)c1,0.4640416,0.4640,0.7788103,-9.9600,1.0000000,1.0000,[],19
4.7761,12.3521,59.6620,0.5626099,CC(C)[C@@H](NC(=O)[C@@H]1C[C@@H](O)CN1C(=O)CNC(=O)c1ccc2cc(F)ccc2n1)c1ccc(Cl)cc1,1,COc1ccc([C@H](C)NC(=O)[C@@H]2C[C@@H](O)CN2C(=O)CNC(=O)c2ccc3cc(F)ccc3n2)c(Cl)c1,0.4374885,0.4375,0.7235159,-9.3800,1.0000000,1.0000,[],20
2.7663,31.2365,29.6839,0.4759408,CC[C@@H](O)[C@@H](NC(=O)[C@@H]1C[C@@H](O)CN1C(=O)CNC(=O)c1ccc2cc(F)ccc2n1)c1ccc(Cl)cc1,1,COc1ccc([C@H](C)NC(=O)[C@@H]2C[C@@H](O)CN2C(=O)CNC(=O)c2ccc3cc(F)ccc3n2)c(Cl)c1,0.3453988,0.3454,0.6558205,-8.7600,1.0000000,1.0000,[],20
4.7102,30.1497,32.3693,0.4884296,CC[C@H](O)[C@@H](NC(=O)[C@@H]1C[C@@H](O)CN1C(=O)CNC(=O)c1ccc2cc(F)ccc2n1)c1ccc(Cl)cc1,1,COc1ccc([C@H](C)NC(=O)[C@@H]2C[C@@H](O)CN2C(=O)CNC(=O)c2ccc3cc(F)ccc3n2)c(Cl)c1,0.3453988,0.3454,0.6906898,-9.0700,1.0000000,1.0000,[],20
3.3952,14.2438,49.1549,0.4953022,CNC[C@@H](NC(=O)[C@@H]1C[C@@H](O)CN1C(=O)CNC(=O)c1ccc2cc(F)ccc2n1)c1ccc(Cl)cc1,1,COc1ccc([C@H](C)NC(=O)[C@@H]2C[C@@H](O)CN2C(=O)CNC(=O)c2ccc3cc(F)ccc3n2)c(Cl)c1,0.3540687,0.3541,0.6928719,-9.0900,1.0000000,1.0000,[],20
6.7500,10.3199,61.2761,0.5593437,COc1cccc([C@@H](C)NC(=O)[C@@H]2C[C@@H](O)CN2C(=O)CNC(=O)c2ccc3cc(F)ccc3n2)c1,1,COc1ccc([C@H](C)NC(=O)[C@@H]2C[C@@H](O)CN2C(=O)CNC(=O)c2ccc3cc(F)ccc3n2)c(Cl)c1,0.4618479,0.4618,0.6774209,-8.9500,1.0000000,1.0000,[],20
1.3998,4.2698,73.4975,0.6075571,C[C@@H](NC(=O)[C@@H]1C[C@@H](O)CN1C(=O)CNC(=O)c1ccc2cc(F)ccc2n1)c1ccc(Cl)cc1,1,COc1ccc([C@H](C)NC(=O)[C@@H]2C[C@@H](O)CN2C(=O)CNC(=O)c2ccc3cc(F)ccc3n2)c(Cl)c1,0.4834885,0.4835,0.7634630,-9.7900,1.0000000,1.0000,[],20
3.3336,5.2000,69.3454,0.5823862,C[C@H](NC(=O)[C@@H]1C[C@@H](O)CN1C(=O)CNC(=O)c1ccc2cc(F)ccc2n1)c1ccc(Cl)cc1,1,COc1ccc([C@H](C)NC(=O)[C@@H]2C[C@@H](O)CN2C(=O)CNC(=O)c2ccc3cc(F)ccc3n2)c(Cl)c1,0.4834885,0.4835,0.7015134,-9.1700,1.0000000,1.0000,[],20
5.0858,4.6591,76.1426,0.6312633,Cc1ccc([C@@H](C)NC(=O)[C@@H]2C[C@@H](O)CN2C(=O)CNC(=O)c2ccc3cc(F)ccc3n2)cc1,1,COc1ccc([C@H](C)NC(=O)[C@@H]2C[C@@H](O)CN2C(=O)CNC(=O)c2ccc3cc(F)ccc3n2)c(Cl)c1,0.5033078,0.5033,0.7917488,-10.1100,1.0000000,1.0000,[],20
8.3665,18.7361,46.2164,0.5074412,CC(C)(O)C[C@@H](NC(=O)[C@@H]1C[C@@H](O)CN1C(=O)CNC(=O)c1ccc2cc(F)ccc2n1)c1ccc(Cl)cc1,1,COc1ccc([C@H](C)NC(=O)[C@@H]2C[C@@H](O)CN2C(=O)CNC(=O)c2ccc3cc(F)ccc3n2)c(Cl)c1,0.3372744,0.3373,0.7634630,-9.7900,1.0000000,1.0000,[],21
3.4639,14.4432,55.0441,0.5428697,CC(C)C[C@@H](NC(=O)[C@@H]1C[C@@H](O)CN1C(=O)CNC(=O)c1ccc2cc(F)ccc2n1)c1ccc(Cl)cc1,1,COc1ccc([C@H](C)NC(=O)[C@@H]2C[C@@H](O)CN2C(=O)CNC(=O)c2ccc3cc(F)ccc3n2)c(Cl)c1,0.4039219,0.4039,0.7296150,-9.4400,1.0000000,1.0000,[],21
8.3804,8.8218,63.3969,0.5642088,CC(C)Oc1ccc([C@@H](C)NC(=O)[C@@H]2C[C@@H](O)CN2C(=O)CNC(=O)c2ccc3cc(F)ccc3n2)cc1,1,COc1ccc([C@H](C)NC(=O)[C@@H]2C[C@@H](O)CN2C(=O)CNC(=O)c2ccc3cc(F)ccc3n2)c(Cl)c1,0.4184831,0.4185,0.7606797,-9.7600,1.0000000,1.0000,[],21
2.4821,12.8312,57.1337,0.5466008,CCC[C@@H](NC(=O)[C@@H]1C[C@@H](O)CN1C(=O)CNC(=O)c1ccc2cc(F)ccc2n1)c1ccc(Cl)cc1,1,COc1ccc([C@H](C)NC(=O)[C@@H]2C[C@@H](O)CN2C(=O)CNC(=O)c2ccc3cc(F)ccc3n2)c(Cl)c1,0.4165049,0.4165,0.7173324,-9.3200,1.0000000,1.0000,[],21
3.3599,14.2438,49.1549,0.4953022,CNC[C@@H](NC(=O)[C@@H]1C[C@@H](O)CN1C(=O)CNC(=O)c1ccc2cc(F)ccc2n1)c1ccc(Cl)cc1,1,COc1ccc([C@H](C)NC(=O)[C@@H]2C[C@@H](O)CN2C(=O)CNC(=O)c2ccc3cc(F)ccc3n2)c(Cl)c1,0.3540687,0.3541,0.6928719,-9.0900,1.0000000,1.0000,[],21
3.1999,14.7734,52.6374,0.5266466,COC[C@@H](NC(=O)[C@@H]1C[C@@H](O)CN1C(=O)CNC(=O)c1ccc2cc(F)ccc2n1)c1ccc(Cl)cc1,1,COc1ccc([C@H](C)NC(=O)[C@@H]2C[C@@H](O)CN2C(=O)CNC(=O)c2ccc3cc(F)ccc3n2)c(Cl)c1,0.4121615,0.4122,0.6729321,-8.9100,1.0000000,1.0000,[],21
1.3621,4.2698,73.4975,0.6075571,C[C@@H](NC(=O)[C@@H]1C[C@@H](O)CN1C(=O)CNC(=O)c1ccc2cc(F)ccc2n1)c1ccc(Cl)cc1,1,COc1ccc([C@H](C)NC(=O)[C@@H]2C[C@@H](O)CN2C(=O)CNC(=O)c2ccc3cc(F)ccc3n2)c(Cl)c1,0.4834885,0.4835,0.7634630,-9.7900,1.0000000,1.0000,[],21
3.9828,4.2413,63.6868,0.5306876,O=C(NCC(=O)N1C[C@H](O)C[C@H]1C(=O)N[C@@H](CO)c1cccc(Cl)c1)c1ccc2cc(F)ccc2n1,1,COc1ccc([C@H](C)NC(=O)[C@@H]2C[C@@H](O)CN2C(=O)CNC(=O)c2ccc3cc(F)ccc3n2)c(Cl)c1,0.3782864,0.3783,0.7444872,-9.5900,1.0000000,1.0000,[],21
12.6075,42.1156,22.5987,0.5055804,CCC(C)(O)[C@@H](NC(=O)[C@@H]1C[C@@H](O)CN1C(=O)CNC(=O)c1ccc2cc(F)ccc2n1)c1ccc(Cl)cc1,1,COc1ccc([C@H](C)NC(=O)[C@@H]2C[C@@H](O)CN2C(=O)CNC(=O)c2ccc3cc(F)ccc3n2)c(Cl)c1,0.3372744,0.3373,0.7578740,-9.7300,1.0000000,1.0000,[],22
2.5810,12.8312,57.1337,0.5466008,CCC[C@@H](NC(=O)[C@@H]1C[C@@H](O)CN1C(=O)CNC(=O)c1ccc2cc(F)ccc2n1)c1ccc(Cl)cc1,1,COc1ccc([C@H](C)NC(=O)[C@@H]2C[C@@H](O)CN2C(=O)CNC(=O)c2ccc3cc(F)ccc3n2)c(Cl)c1,0.4165049,0.4165,0.7173324,-9.3200,1.0000000,1.0000,[],22
3.3732,14.2438,49.1549,0.4953022,CNC[C@@H](NC(=O)[C@@H]1C[C@@H](O)CN1C(=O)CNC(=O)c1ccc2cc(F)ccc2n1)c1ccc(Cl)cc1,1,COc1ccc([C@H](C)NC(=O)[C@@H]2C[C@@H](O)CN2C(=O)CNC(=O)c2ccc3cc(F)ccc3n2)c(Cl)c1,0.3540687,0.3541,0.6928719,-9.0900,1.0000000,1.0000,[],22
4.3490,4.1297,64.7279,0.5379499,COc1ccc(CNC(=O)[C@@H]2C[C@@H](O)CN2C(=O)CNC(=O)c2ccc3cc(F)ccc3n2)cc1,1,COc1ccc([C@H](C)NC(=O)[C@@H]2C[C@@H](O)CN2C(=O)CNC(=O)c2ccc3cc(F)ccc3n2)c(Cl)c1,0.4701237,0.4701,0.6155615,-8.4200,1.0000000,1.0000,[],22
2.2619,17.4878,54.8799,0.5653730,COc1ccc([C@@H](C)NC(=O)[C@@H]2C[C@@H](O)CN2C(=O)CNC(=O)c2ccc3cc(F)ccc3n2)cc1Cl,1,COc1ccc([C@H](C)NC(=O)[C@@H]2C[C@@H](O)CN2C(=O)CNC(=O)c2ccc3cc(F)ccc3n2)c(Cl)c1,0.4333520,0.4334,0.7376142,-9.5200,1.0000000,1.0000,[],22
6.9907,22.8445,39.3921,0.4862240,COc1ccc2[nH]c(C(=O)NCC(=O)N3C[C@@H](O)C[C@H]3C(=O)N[C@@H](C)c3cccc(Cl)c3)nc2c1,1,COc1ccc([C@H](C)NC(=O)[C@@H]2C[C@@H](O)CN2C(=O)CNC(=O)c2ccc3cc(F)ccc3n2)c(Cl)c1,0.3910204,0.3910,0.6046071,-8.3300,1.0000000,1.0000,[],22
1.4006,4.2698,73.4975,0.6075571,C[C@@H](NC(=O)[C@@H]1C[C@@H](O)CN1C(=O)CNC(=O)c1ccc2cc(F)ccc2n1)c1ccc(Cl)cc1,1,COc1ccc([C@H](C)NC(=O)[C@@H]2C[C@@H](O)CN2C(=O)CNC(=O)c2ccc3cc(F)ccc3n2)c(Cl)c1,0.4834885,0.4835,0.7634630,-9.7900,1.0000000,1.0000,[],22
3.0558,5.2000,69.3454,0.5823862,C[C@H](NC(=O)[C@@H]1C[C@@H](O)CN1C(=O)CNC(=O)c1ccc2cc(F)ccc2n1)c1ccc(Cl)cc1,1,COc1ccc([C@H](C)NC(=O)[C@@H]2C[C@@H](O)CN2C(=O)CNC(=O)c2ccc3cc(F)ccc3n2)c(Cl)c1,0.4834885,0.4835,0.7015134,-9.1700,1.0000000,1.0000,[],22
3.1301,14.4432,55.0441,0.5428697,CC(C)C[C@@H](NC(=O)[C@@H]1C[C@@H](O)CN1C(=O)CNC(=O)c1ccc2cc(F)ccc2n1)c1ccc(Cl)cc1,1,COc1ccc([C@H](C)NC(=O)[C@@H]2C[C@@H](O)CN2C(=O)CNC(=O)c2ccc3cc(F)ccc3n2)c(Cl)c1,0.4039219,0.4039,0.7296150,-9.4400,1.0000000,1.0000,[],23
3.2863,14.2438,49.1549,0.4953022,CNC[C@@H](NC(=O)[C@@H]1C[C@@H](O)CN1C(=O)CNC(=O)c1ccc2cc(F)ccc2n1)c1ccc(Cl)cc1,1,COc1ccc([C@H](C)NC(=O)[C@@H]2C[C@@H](O)CN2C(=O)CNC(=O)c2ccc3cc(F)ccc3n2)c(Cl)c1,0.3540687,0.3541,0.6928719,-9.0900,1.0000000,1.0000,[],23
5.2379,13.9396,57.8846,0.5611267,COc1ccc([C@@H](C)NC(=O)[C@@H]2C[C@@H](O)CN2C(=O)CNC(=O)c2ccc3cc(F)ccc3n2)c(Cl)c1,1,COc1ccc([C@H](C)NC(=O)[C@@H]2C[C@@H](O)CN2C(=O)CNC(=O)c2ccc3cc(F)ccc3n2)c(Cl)c1,0.4333520,0.4334,0.7265760,-9.4100,1.0000000,1.0000,[],23
7.2841,16.3295,49.5282,0.5145135,COc1ccc2nc(C(=O)NCC(=O)N3C[C@H](O)C[C@H]3C(=O)N[C@@H](C)c3cccc(Cl)c3)ccc2c1,1,COc1ccc([C@H](C)NC(=O)[C@@H]2C[C@@H](O)CN2C(=O)CNC(=O)c2ccc3cc(F)ccc3n2)c(Cl)c1,0.4488080,0.4488,0.5898383,-8.2100,1.0000000,1.0000,[],23
1.4551,4.2698,73.4975,0.6075571,C[C@@H](NC(=O)[C@@H]1C[C@@H](O)CN1C(=O)CNC(=O)c1ccc2cc(F)ccc2n1)c1ccc(Cl)cc1,1,COc1ccc([C@H](C)NC(=O)[C@@H]2C[C@@H](O)CN2C(=O)CNC(=O)c2ccc3cc(F)ccc3n2)c(Cl)c1,0.4834885,0.4835,0.7634630,-9.7900,1.0000000,1.0000,[],23
6.5918,14.1176,63.0165,0.6026098,Cc1ccc([C@@H](C)NC(=O)[C@@H]2C[C@@H](O)CN2C(=O)CNC(=O)c2ccc3cc(F)ccc3n2)cc1Cl,1,COc1ccc([C@H](C)NC(=O)[C@@H]2C[C@@H](O)CN2C(=O)CNC(=O)c2ccc3cc(F)ccc3n2)c(Cl)c1,0.4700345,0.4700,0.7725785,-9.8900,1.0000000,1.0000,[],23
3.1567,14.4432,55.0441,0.5428697,CC(C)C[C@@H](NC(=O)[C@@H]1C[C@@H](O)CN1C(=O)CNC(=O)c1ccc2cc(F)ccc2n1)c1ccc(Cl)cc1,1,COc1ccc([C@H](C)NC(=O)[C@@H]2C[C@@H](O)CN2C(=O)CNC(=O)c2ccc3cc(F)ccc3n2)c(Cl)c1,0.4039219,0.4039,0.7296150,-9.4400,1.0000000,1.0000,[],24
2.6259,31.2365,29.6839,0.4759408,CC[C@@H](O)[C@@H](NC(=O)[C@@H]1C[C@@H](O)CN1C(=O)CNC(=O)c1ccc2cc(F)ccc2n1)c1ccc(Cl)cc1,1,COc1ccc([C@H](C)NC(=O)[C@@H]2C[C@@H](O)CN2C(=O)CNC(=O)c2ccc3cc(F)ccc3n2)c(Cl)c1,0.3453988,0.3454,0.6558205,-8.7600,1.0000000,1.0000,[],24
3.3531,14.7734,52.6374,0.5266466,COC[C@@H](NC(=O)[C@@H]1C[C@@H](O)CN1C(=O)CNC(=O)c1ccc2cc(F)ccc2n1)c1ccc(Cl)cc1,1,COc1ccc([C@H](C)NC(=O)[C@@H]2C[C@@H](O)CN2C(=O)CNC(=O)c2ccc3cc(F)ccc3n2)c(Cl)c1,0.4121615,0.4122,0.6729321,-8.9100,1.0000000,1.0000,[],24
2.1260,13.9396,57.8846,0.5611267,COc1ccc([C@@H](C)NC(=O)[C@@H]2C[C@@H](O)CN2C(=O)CNC(=O)c2ccc3cc(F)ccc3n2)c(Cl)c1,1,COc1ccc([C@H](C)NC(=O)[C@@H]2C[C@@H](O)CN2C(=O)CNC(=O)c2ccc3cc(F)ccc3n2)c(Cl)c1,0.4333520,0.4334,0.7265760,-9.4100,1.0000000,1.0000,[],24
1.5793,4.2698,73.4975,0.6075571,C[C@@H](NC(=O)[C@@H]1C[C@@H](O)CN1C(=O)CNC(=O)c1ccc2cc(F)ccc2n1)c1ccc(Cl)cc1,1,COc1ccc([C@H](C)NC(=O)[C@@H]2C[C@@H](O)CN2C(=O)CNC(=O)c2ccc3cc(F)ccc3n2)c(Cl)c1,0.4834885,0.4835,0.7634630,-9.7900,1.0000000,1.0000,[],24
3.7843,4.3193,72.6299,0.6011659,O=C(NCC(=O)N1C[C@H](O)C[C@H]1C(=O)NCc1ccc(Cl)c(Cl)c1)c1ccc2cc(F)ccc2n1,1,COc1ccc([C@H](C)NC(=O)[C@@H]2C[C@@H](O)CN2C(=O)CNC(=O)c2ccc3cc(F)ccc3n2)c(Cl)c1,0.4640416,0.4640,0.7788103,-9.9600,1.0000000,1.0000,[],24
1.8541,13.9396,57.8846,0.5611267,COc1ccc([C@@H](C)NC(=O)[C@@H]2C[C@@H](O)CN2C(=O)CNC(=O)c2ccc3cc(F)ccc3n2)c(Cl)c1,1,COc1ccc([C@H](C)NC(=O)[C@@H]2C[C@@H](O)CN2C(=O)CNC(=O)c2ccc3cc(F)ccc3n2)c(Cl)c1,0.4333520,0.4334,0.7265760,-9.4100,1.0000000,1.0000,[],25
7.0911,18.5553,37.8130,0.4403776,COc1ccc2[nH]c([C@H](C)NC(=O)[C@@H]3C[C@@H](O)CN3C(=O)CNC(=O)c3ccc4cc(F)ccc4n3)nc2c1,1,COc1ccc([C@H](C)NC(=O)[C@@H]2C[C@@H](O)CN2C(=O)CNC(=O)c2ccc3cc(F)ccc3n2)c(Cl)c1,0.2825767,0.2826,0.6863003,-9.0300,1.0000000,1.0000,[],25
4.7099,18.3794,51.3681,0.5449026,COc1ccc2nc(C(=O)NCC(=O)N3C[C@@H](O)C[C@H]3C(=O)N[C@@H](C)c3cccc(Cl)c3)ccc2c1,1,COc1ccc([C@H](C)NC(=O)[C@@H]2C[C@@H](O)CN2C(=O)CNC(=O)c2ccc3cc(F)ccc3n2)c(Cl)c1,0.4488080,0.4488,0.6615722,-8.8100,1.0000000,1.0000,[],25
4.6763,14.3533,49.7441,0.5007613,CSCC[C@@H](NC(=O)[C@@H]1C[C@@H](O)CN1C(=O)CNC(=O)c1ccc2cc(F)ccc2n1)c1ccc(Cl)cc1,1,COc1ccc([C@H](C)NC(=O)[C@@H]2C[C@@H](O)CN2C(=O)CNC(=O)c2ccc3cc(F)ccc3n2)c(Cl)c1,0.3713998,0.3714,0.6751806,-8.9300,1.0000000,1.0000,[],25
1.8508,4.2698,73.4975,0.6075571,C[C@@H](NC(=O)[C@@H]1C[C@@H](O)CN1C(=O)CNC(=O)c1ccc2cc(F)ccc2n1)c1ccc(Cl)cc1,1,COc1ccc([C@H](C)NC(=O)[C@@H]2C[C@@H](O)CN2C(=O)CNC(=O)c2ccc3cc(F)ccc3n2)c(Cl)c1,0.4834885,0.4835,0.7634630,-9.7900,1.0000000,1.0000,[],25
3.1401,14.8599,59.5306,0.5811763,C[C@@H](NC(=O)[C@@H]1C[C@@H](O)CN1C(=O)CNC(=O)c1ccc2cc(F)ccc2n1)c1ccc(Cl)cc1Cl,1,COc1ccc([C@H](C)NC(=O)[C@@H]2C[C@@H](O)CN2C(=O)CNC(=O)c2ccc3cc(F)ccc3n2)c(Cl)c1,0.4507611,0.4508,0.7493234,-9.6400,1.0000000,1.0000,[],25
3.0983,5.2000,69.3454,0.5823862,C[C@H](NC(=O)[C@@H]1C[C@@H](O)CN1C(=O)CNC(=O)c1ccc2cc(F)ccc2n1)c1ccc(Cl)cc1,1,COc1ccc([C@H](C)NC(=O)[C@@H]2C[C@@H](O)CN2C(=O)CNC(=O)c2ccc3cc(F)ccc3n2)c(Cl)c1,0.4834885,0.4835,0.7015134,-9.1700,1.0000000,1.0000,[],25
3.1886,14.4432,55.0441,0.5428697,CC(C)C[C@@H](NC(=O)[C@@H]1C[C@@H](O)CN1C(=O)CNC(=O)c1ccc2cc(F)ccc2n1)c1ccc(Cl)cc1,1,COc1ccc([C@H](C)NC(=O)[C@@H]2C[C@@H](O)CN2C(=O)CNC(=O)c2ccc3cc(F)ccc3n2)c(Cl)c1,0.4039219,0.4039,0.7296150,-9.4400,1.0000000,1.0000,[],26
3.6321,12.8312,57.1337,0.5466008,CCC[C@@H](NC(=O)[C@@H]1C[C@@H](O)CN1C(=O)CNC(=O)c1ccc2cc(F)ccc2n1)c1ccc(Cl)cc1,1,COc1ccc([C@H](C)NC(=O)[C@@H]2C[C@@H](O)CN2C(=O)CNC(=O)c2ccc3cc(F)ccc3n2)c(Cl)c1,0.4165049,0.4165,0.7173324,-9.3200,1.0000000,1.0000,[],26
3.4506,27.3440,37.2960,0.5050001,CCC[C@@H](NC(=O)[C@@H]1C[C@@H](O)CN1C(=O)CNC(=O)c1ccc2cc(F)ccc2n1)c1ccc(Cl)cc1Cl,1,COc1ccc([C@H](C)NC(=O)[C@@H]2C[C@@H](O)CN2C(=O)CNC(=O)c2ccc3cc(F)ccc3n2)c(Cl)c1,0.3848176,0.3848,0.6627168,-8.8200,1.0000000,1.0000,[],26
3.1860,14.2438,49.1549,0.4953022,CNC[C@@H](NC(=O)[C@@H]1C[C@@H](O)CN1C(=O)CNC(=O)c1ccc2cc(F)ccc2n1)c1ccc(Cl)cc1,1,COc1ccc([C@H](C)NC(=O)[C@@H]2C[C@@H](O)CN2C(=O)CNC(=O)c2ccc3cc(F)ccc3n2)c(Cl)c1,0.3540687,0.3541,0.6928719,-9.0900,1.0000000,1.0000,[],26
1.9799,13.9396,57.8846,0.5611267,COc1ccc([C@@H](C)NC(=O)[C@@H]2C[C@@H](O)CN2C(=O)CNC(=O)c2ccc3cc(F)ccc3n2)c(Cl)c1,1,COc1ccc([C@H](C)NC(=O)[C@@H]2C[C@@H](O)CN2C(=O)CNC(=O)c2ccc3cc(F)ccc3n2)c(Cl)c1,0.4333520,0.4334,0.7265760,-9.4100,1.0000000,1.0000,[],26
2.8814,4.2698,73.4975,0.6075571,C[C@@H](NC(=O)[C@@H]1C[C@@H](O)CN1C(=O)CNC(=O)c1ccc2cc(F)ccc2n1)c1ccc(Cl)cc1,1,COc1ccc([C@H](C)NC(=O)[C@@H]2C[C@@H](O)CN2C(=O)CNC(=O)c2ccc3cc(F)ccc3n2)c(Cl)c1,0.4834885,0.4835,0.7634630,-9.7900,1.0000000,1.0000,[],26
4.4736,14.6899,61.0288,0.5915528,Cc1ccc([C@@H](C)NC(=O)[C@@H]2C[C@@H](O)CN2C(=O)CNC(=O)c2ccc3cc(F)ccc3n2)c(Cl)c1,1,COc1ccc([C@H](C)NC(=O)[C@@H]2C[C@@H](O)CN2C(=O)CNC(=O)c2ccc3cc(F)ccc3n2)c(Cl)c1,0.4700345,0.4700,0.7444872,-9.5900,1.0000000,1.0000,[],26
2.9861,31.2365,29.6839,0.4759408,CC[C@@H](O)[C@@H](NC(=O)[C@@H]1C[C@@H](O)CN1C(=O)CNC(=O)c1ccc2cc(F)ccc2n1)c1ccc(Cl)cc1,1,COc1ccc([C@H](C)NC(=O)[C@@H]2C[C@@H](O)CN2C(=O)CNC(=O)c2ccc3cc(F)ccc3n2)c(Cl)c1,0.3453988,0.3454,0.6558205,-8.7600,1.0000000,1.0000,[],27
2.7735,14.2438,49.1549,0.4953022,CNC[C@@H](NC(=O)[C@@H]1C[C@@H](O)CN1C(=O)CNC(=O)c1ccc2cc(F)ccc2n1)c1ccc(Cl)cc1,1,COc1ccc([C@H](C)NC(=O)[C@@H]2C[C@@H](O)CN2C(=O)CNC(=O)c2ccc3cc(F)ccc3n2)c(Cl)c1,0.3540687,0.3541,0.6928719,-9.0900,1.0000000,1.0000,[],27
6.7525,12.9296,59.5876,0.5665400,CO[C@@H]1C[C@@H](C(=O)N[C@H](C)c2ccc(Cl)cn2)N(C(=O)CNC(=O)c2ccc3cc(F)ccc3n2)C1,1,COc1ccc([C@H](C)NC(=O)[C@@H]2C[C@@H](O)CN2C(=O)CNC(=O)c2ccc3cc(F)ccc3n2)c(Cl)c1,0.5019232,0.5019,0.6394753,-8.6200,1.0000000,1.0000,[],27
2.2044,13.9396,57.8846,0.5611267,COc1ccc([C@@H](C)NC(=O)[C@@H]2C[C@@H](O)CN2C(=O)CNC(=O)c2ccc3cc(F)ccc3n2)c(Cl)c1,1,COc1ccc([C@H](C)NC(=O)[C@@H]2C[C@@H](O)CN2C(=O)CNC(=O)c2ccc3cc(F)ccc3n2)c(Cl)c1,0.4333520,0.4334,0.7265760,-9.4100,1.0000000,1.0000,[],27
6.3194,15.8679,53.4294,0.5413849,COc1ccc2nc(C(=O)NCC(=O)N3C[C@@H](O)C[C@H]3C(=O)NCc3ccc(Cl)c(Cl)c3)ccc2c1,1,COc1ccc([C@H](C)NC(=O)[C@@H]2C[C@@H](O)CN2C(=O)CNC(=O)c2ccc3cc(F)ccc3n2)c(Cl)c1,0.4312459,0.4312,0.6796530,-8.9700,1.0000000,1.0000,[],27
2.8352,18.3794,51.3681,0.5449026,COc1ccc2nc(C(=O)NCC(=O)N3C[C@@H](O)C[C@H]3C(=O)N[C@@H](C)c3cccc(Cl)c3)ccc2c1,1,COc1ccc([C@H](C)NC(=O)[C@@H]2C[C@@H](O)CN2C(=O)CNC(=O)c2ccc3cc(F)ccc3n2)c(Cl)c1,0.4488080,0.4488,0.6615722,-8.8100,1.0000000,1.0000,[],27
7.2342,23.3979,45.1844,0.5357991,CSC[C@@H](NC(=O)[C@@H]1C[C@@H](O)CN1C(=O)CNC(=O)c1ccc2cc(F)ccc2n1)c1ccc(Cl)cc1,1,COc1ccc([C@H](C)NC(=O)[C@@H]2C[C@@H](O)CN2C(=O)CNC(=O)c2ccc3cc(F)ccc3n2)c(Cl)c1,0.4019559,0.4020,0.7142094,-9.2900,1.0000000,1.0000,[],27
1.6985,4.2698,73.4975,0.6075571,C[C@@H](NC(=O)[C@@H]1C[C@@H](O)CN1C(=O)CNC(=O)c1ccc2cc(F)ccc2n1)c1ccc(Cl)cc1,1,COc1ccc([C@H](C)NC(=O)[C@@H]2C[C@@H](O)CN2C(=O)CNC(=O)c2ccc3cc(F)ccc3n2)c(Cl)c1,0.4834885,0.4835,0.7634630,-9.7900,1.0000000,1.0000,[],27
2.7121,14.2438,49.1549,0.4953022,CNC[C@@H](NC(=O)[C@@H]1C[C@@H](O)CN1C(=O)CNC(=O)c1ccc2cc(F)ccc2n1)c1ccc(Cl)cc1,1,COc1ccc([C@H](C)NC(=O)[C@@H]2C[C@@H](O)CN2C(=O)CNC(=O)c2ccc3cc(F)ccc3n2)c(Cl)c1,0.3540687,0.3541,0.6928719,-9.0900,1.0000000,1.0000,[],28
2.5788,13.9396,57.8846,0.5611267,COc1ccc([C@@H](C)NC(=O)[C@@H]2C[C@@H](O)CN2C(=O)CNC(=O)c2ccc3cc(F)ccc3n2)c(Cl)c1,1,COc1ccc([C@H](C)NC(=O)[C@@H]2C[C@@H](O)CN2C(=O)CNC(=O)c2ccc3cc(F)ccc3n2)c(Cl)c1,0.4333520,0.4334,0.7265760,-9.4100,1.0000000,1.0000,[],28
8.1811,18.0035,37.5924,0.4343431,COc1ccc2[nH]c(CNC(=O)[C@@H]3C[C@@H](O)CN3C(=O)CNC(=O)c3ccc4cc(F)ccc4n3)nc2c1,1,COc1ccc([C@H](C)NC(=O)[C@@H]2C[C@@H](O)CN2C(=O)CNC(=O)c2ccc3cc(F)ccc3n2)c(Cl)c1,0.2866529,0.2867,0.6581267,-8.7800,1.0000000,1.0000,[],28
9.9663,14.5266,62.7719,0.6038942,COc1ccc2nc(C(=O)NCC(=O)N3CC[C@H](O)C3)ccc2c1,1,COc1ccc([C@H](C)NC(=O)[C@@H]2C[C@@H](O)CN2C(=O)CNC(=O)c2ccc3cc(F)ccc3n2)c(Cl)c1,0.8553821,0.8554,0.4263454,-6.9200,1.0000000,1.0000,[],28
2.2761,18.3794,51.3681,0.5449026,COc1ccc2nc(C(=O)NCC(=O)N3C[C@@H](O)C[C@H]3C(=O)N[C@@H](C)c3cccc(Cl)c3)ccc2c1,1,COc1ccc([C@H](C)NC(=O)[C@@H]2C[C@@H](O)CN2C(=O)CNC(=O)c2ccc3cc(F)ccc3n2)c(Cl)c1,0.4488080,0.4488,0.6615722,-8.8100,1.0000000,1.0000,[],28
1.6844,4.2698,73.4975,0.6075571,C[C@@H](NC(=O)[C@@H]1C[C@@H](O)CN1C(=O)CNC(=O)c1ccc2cc(F)ccc2n1)c1ccc(Cl)cc1,1,COc1ccc([C@H](C)NC(=O)[C@@H]2C[C@@H](O)CN2C(=O)CNC(=O)c2ccc3cc(F)ccc3n2)c(Cl)c1,0.4834885,0.4835,0.7634630,-9.7900,1.0000000,1.0000,[],28
10.0001,21.3856,50.8937,0.5646821,C[C@@H](NC(=O)[C@@H]1C[C@@H](O)CN1C(=O)CNC(=O)c1ccc2cc(F)ccc2n1)c1cn(C)nc1Cl,1,COc1ccc([C@H](C)NC(=O)[C@@H]2C[C@@H](O)CN2C(=O)CNC(=O)c2ccc3cc(F)ccc3n2)c(Cl)c1,0.4661149,0.4661,0.6840929,-9.0100,1.0000000,1.0000,[],28
3.7597,12.3521,59.6620,0.5626099,CC(C)[C@@H](NC(=O)[C@@H]1C[C@@H](O)CN1C(=O)CNC(=O)c1ccc2cc(F)ccc2n1)c1ccc(Cl)cc1,1,COc1ccc([C@H](C)NC(=O)[C@@H]2C[C@@H](O)CN2C(=O)CNC(=O)c2ccc3cc(F)ccc3n2)c(Cl)c1,0.4374885,0.4375,0.7235159,-9.3800,1.0000000,1.0000,[],29
3.1195,12.8312,57.1337,0.5466008,CCC[C@@H](NC(=O)[C@@H]1C[C@@H](O)CN1C(=O)CNC(=O)c1ccc2cc(F)ccc2n1)c1ccc(Cl)cc1,1,COc1ccc([C@H](C)NC(=O)[C@@H]2C[C@@H](O)CN2C(=O)CNC(=O)c2ccc3cc(F)ccc3n2)c(Cl)c1,0.4165049,0.4165,0.7173324,-9.3200,1.0000000,1.0000,[],29
4.4658,30.1497,32.3693,0.4884296,CC[C@H](O)[C@@H](NC(=O)[C@@H]1C[C@@H](O)CN1C(=O)CNC(=O)c1ccc2cc(F)ccc2n1)c1ccc(Cl)cc1,1,COc1ccc([C@H](C)NC(=O)[C@@H]2C[C@@H](O)CN2C(=O)CNC(=O)c2ccc3cc(F)ccc3n2)c(Cl)c1,0.3453988,0.3454,0.6906898,-9.0700,1.0000000,1.0000,[],29
2.6372,14.2438,49.1549,0.4953022,CNC[C@@H](NC(=O)[C@@H]1C[C@@H](O)CN1C(=O)CNC(=O)c1ccc2cc(F)ccc2n1)c1ccc(Cl)cc1,1,COc1ccc([C@H](C)NC(=O)[C@@H]2C[C@@H](O)CN2C(=O)CNC(=O)c2ccc3cc(F)ccc3n2)c(Cl)c1,0.3540687,0.3541,0.6928719,-9.0900,1.0000000,1.0000,[],29
3.0152,13.9396,57.8846,0.5611267,COc1ccc([C@@H](C)NC(=O)[C@@H]2C[C@@H](O)CN2C(=O)CNC(=O)c2ccc3cc(F)ccc3n2)c(Cl)c1,1,COc1ccc([C@H](C)NC(=O)[C@@H]2C[C@@H](O)CN2C(=O)CNC(=O)c2ccc3cc(F)ccc3n2)c(Cl)c1,0.4333520,0.4334,0.7265760,-9.4100,1.0000000,1.0000,[],29
3.6623,15.8679,53.4294,0.5413849,COc1ccc2nc(C(=O)NCC(=O)N3C[C@@H](O)C[C@H]3C(=O)NCc3ccc(Cl)c(Cl)c3)ccc2c1,1,COc1ccc([C@H](C)NC(=O)[C@@H]2C[C@@H](O)CN2C(=O)CNC(=O)c2ccc3cc(F)ccc3n2)c(Cl)c1,0.4312459,0.4312,0.6796530,-8.9700,1.0000000,1.0000,[],29
2.1435,18.3794,51.3681,0.5449026,COc1ccc2nc(C(=O)NCC(=O)N3C[C@@H](O)C[C@H]3C(=O)N[C@@H](C)c3cccc(Cl)c3)ccc2c1,1,COc1ccc([C@H](C)NC(=O)[C@@H]2C[C@@H](O)CN2C(=O)CNC(=O)c2ccc3cc(F)ccc3n2)c(Cl)c1,0.4488080,0.4488,0.6615722,-8.8100,1.0000000,1.0000,[],29
2.6927,5.2000,69.3454,0.5823862,C[C@H](NC(=O)[C@@H]1C[C@@H](O)CN1C(=O)CNC(=O)c1ccc2cc(F)ccc2n1)c1ccc(Cl)cc1,1,COc1ccc([C@H](C)NC(=O)[C@@H]2C[C@@H](O)CN2C(=O)CNC(=O)c2ccc3cc(F)ccc3n2)c(Cl)c1,0.4834885,0.4835,0.7015134,-9.1700,1.0000000,1.0000,[],29
2.8689,14.4432,55.0441,0.5428697,CC(C)C[C@@H](NC(=O)[C@@H]1C[C@@H](O)CN1C(=O)CNC(=O)c1ccc2cc(F)ccc2n1)c1ccc(Cl)cc1,1,COc1ccc([C@H](C)NC(=O)[C@@H]2C[C@@H](O)CN2C(=O)CNC(=O)c2ccc3cc(F)ccc3n2)c(Cl)c1,0.4039219,0.4039,0.7296150,-9.4400,1.0000000,1.0000,[],30
3.7247,12.3521,59.6620,0.5626099,CC(C)[C@@H](NC(=O)[C@@H]1C[C@@H](O)CN1C(=O)CNC(=O)c1ccc2cc(F)ccc2n1)c1ccc(Cl)cc1,1,COc1ccc([C@H](C)NC(=O)[C@@H]2C[C@@H](O)CN2C(=O)CNC(=O)c2ccc3cc(F)ccc3n2)c(Cl)c1,0.4374885,0.4375,0.7235159,-9.3800,1.0000000,1.0000,[],30
3.1994,12.8312,57.1337,0.5466008,CCC[C@@H](NC(=O)[C@@H]1C[C@@H](O)CN1C(=O)CNC(=O)c1ccc2cc(F)ccc2n1)c1ccc(Cl)cc1,1,COc1ccc([C@H](C)NC(=O)[C@@H]2C[C@@H](O)CN2C(=O)CNC(=O)c2ccc3cc(F)ccc3n2)c(Cl)c1,0.4165049,0.4165,0.7173324,-9.3200,1.0000000,1.0000,[],30
13.2054,32.2842,22.7174,0.4296993,COc1ccc2[nH]c(C(=O)NCC(=O)N3C[C@@H](O)C[C@H]3C(=O)NCc3ccc4cc(Cl)ccc4n3)nc2c1,1,COc1ccc([C@H](C)NC(=O)[C@@H]2C[C@@H](O)CN2C(=O)CNC(=O)c2ccc3cc(F)ccc3n2)c(Cl)c1,0.2810482,0.2810,0.6569746,-8.7700,1.0000000,1.0000,[],30
2.8365,15.8679,53.4294,0.5413849,COc1ccc2nc(C(=O)NCC(=O)N3C[C@@H](O)C[C@H]3C(=O)NCc3ccc(Cl)c(Cl)c3)ccc2c1,1,COc1ccc([C@H](C)NC(=O)[C@@H]2C[C@@H](O)CN2C(=O)CNC(=O)c2ccc3cc(F)ccc3n2)c(Cl)c1,0.4312459,0.4312,0.6796530,-8.9700,1.0000000,1.0000,[],30
5.0055,23.3979,45.1844,0.5357991,CSC[C@@H](NC(=O)[C@@H]1C[C@@H](O)CN1C(=O)CNC(=O)c1ccc2cc(F)ccc2n1)c1ccc(Cl)cc1,1,COc1ccc([C@H](C)NC(=O)[C@@H]2C[C@@H](O)CN2C(=O)CNC(=O)c2ccc3cc(F)ccc3n2)c(Cl)c1,0.4019559,0.4020,0.7142094,-9.2900,1.0000000,1.0000,[],30
2.7346,5.2000,69.3454,0.5823862,C[C@H](NC(=O)[C@@H]1C[C@@H](O)CN1C(=O)CNC(=O)c1ccc2cc(F)ccc2n1)c1ccc(Cl)cc1,1,COc1ccc([C@H](C)NC(=O)[C@@H]2C[C@@H](O)CN2C(=O)CNC(=O)c2ccc3cc(F)ccc3n2)c(Cl)c1,0.4834885,0.4835,0.7015134,-9.1700,1.0000000,1.0000,[],30
7.0164,21.3856,50.8937,0.5646821,C[C@@H](NC(=O)[C@@H]1C[C@@H](O)CN1C(=O)CNC(=O)c1ccc2cc(F)ccc2n1)c1cn(C)nc1Cl,1,COc1ccc([C@H](C)NC(=O)[C@@H]2C[C@@H](O)CN2C(=O)CNC(=O)c2ccc3cc(F)ccc3n2)c(Cl)c1,0.4661149,0.4661,0.6840929,-9.0100,1.0000000,1.0000,[],30
2.8230,14.4432,55.0441,0.5428697,CC(C)C[C@@H](NC(=O)[C@@H]1C[C@@H](O)CN1C(=O)CNC(=O)c1ccc2cc(F)ccc2n1)c1ccc(Cl)cc1,1,COc1ccc([C@H](C)NC(=O)[C@@H]2C[C@@H](O)CN2C(=O)CNC(=O)c2ccc3cc(F)ccc3n2)c(Cl)c1,0.4039219,0.4039,0.7296150,-9.4400,1.0000000,1.0000,[],31
3.5876,12.3521,59.6620,0.5626099,CC(C)[C@@H](NC(=O)[C@@H]1C[C@@H](O)CN1C(=O)CNC(=O)c1ccc2cc(F)ccc2n1)c1ccc(Cl)cc1,1,COc1ccc([C@H](C)NC(=O)[C@@H]2C[C@@H](O)CN2C(=O)CNC(=O)c2ccc3cc(F)ccc3n2)c(Cl)c1,0.4374885,0.4375,0.7235159,-9.3800,1.0000000,1.0000,[],31
3.2572,12.8312,57.1337,0.5466008,CCC[C@@H](NC(=O)[C@@H]1C[C@@H](O)CN1C(=O)CNC(=O)c1ccc2cc(F)ccc2n1)c1ccc(Cl)cc1,1,COc1ccc([C@H](C)NC(=O)[C@@H]2C[C@@H](O)CN2C(=O)CNC(=O)c2ccc3cc(F)ccc3n2)c(Cl)c1,0.4165049,0.4165,0.7173324,-9.3200,1.0000000,1.0000,[],31
7.9556,18.1453,47.0153,0.5090671,COc1ccc2nc(C(=O)NCC(=O)N3CC(O)C[C@H]3C(=O)NCc3ccc(Cl)c(Cl)c3)ccc2c1,1,COc1ccc([C@H](C)NC(=O)[C@@H]2C[C@@H](O)CN2C(=O)CNC(=O)c2ccc3cc(F)ccc3n2)c(Cl)c1,0.4312459,0.4312,0.6009316,-8.3000,1.0000000,1.0000,[],31
2.1424,15.8679,53.4294,0.5413849,COc1ccc2nc(C(=O)NCC(=O)N3C[C@@H](O)C[C@H]3C(=O)NCc3ccc(Cl)c(Cl)c3)ccc2c1,1,COc1ccc([C@H](C)NC(=O)[C@@H]2C[C@@H](O)CN2C(=O)CNC(=O)c2ccc3cc(F)ccc3n2)c(Cl)c1,0.4312459,0.4312,0.6796530,-8.9700,1.0000000,1.0000,[],31
4.3642,23.3979,45.1844,0.5357991,CSC[C@@H](NC(=O)[C@@H]1C[C@@H](O)CN1C(=O)CNC(=O)c1ccc2cc(F)ccc2n1)c1ccc(Cl)cc1,1,COc1ccc([C@H](C)NC(=O)[C@@H]2C[C@@H](O)CN2C(=O)CNC(=O)c2ccc3cc(F)ccc3n2)c(Cl)c1,0.4019559,0.4020,0.7142094,-9.2900,1.0000000,1.0000,[],31
6.7557,16.2053,-16.2053,0.0000000,CS[C@@H](NC(=O)[C@@H]1C[C@@H](O)CN1C(=O)CNC(=O)c1ccc2cc(F)ccc2n1)c1ccc(Cl)cc1,1,COc1ccc([C@H](C)NC(=O)[C@@H]2C[C@@H](O)CN2C(=O)CNC(=O)c2ccc3cc(F)ccc3n2)c(Cl)c1,0.0000000,0.0000,0.0000000,0.0000,0.0000000,0.0000,"['[#7;!n][C;!$(C(=[O,N])[N,O])][#16;!s]']",31
1.7815,4.2698,73.4975,0.6075571,C[C@@H](NC(=O)[C@@H]1C[C@@H](O)CN1C(=O)CNC(=O)c1ccc2cc(F)ccc2n1)c1ccc(Cl)cc1,1,COc1ccc([C@H](C)NC(=O)[C@@H]2C[C@@H](O)CN2C(=O)CNC(=O)c2ccc3cc(F)ccc3n2)c(Cl)c1,0.4834885,0.4835,0.7634630,-9.7900,1.0000000,1.0000,[],31
3.4333,31.2365,29.6839,0.4759408,CC[C@@H](O)[C@@H](NC(=O)[C@@H]1C[C@@H](O)CN1C(=O)CNC(=O)c1ccc2cc(F)ccc2n1)c1ccc(Cl)cc1,1,COc1ccc([C@H](C)NC(=O)[C@@H]2C[C@@H](O)CN2C(=O)CNC(=O)c2ccc3cc(F)ccc3n2)c(Cl)c1,0.3453988,0.3454,0.6558205,-8.7600,1.0000000,1.0000,[],32
2.5371,14.2438,49.1549,0.4953022,CNC[C@@H](NC(=O)[C@@H]1C[C@@H](O)CN1C(=O)CNC(=O)c1ccc2cc(F)ccc2n1)c1ccc(Cl)cc1,1,COc1ccc([C@H](C)NC(=O)[C@@H]2C[C@@H](O)CN2C(=O)CNC(=O)c2ccc3cc(F)ccc3n2)c(Cl)c1,0.3540687,0.3541,0.6928719,-9.0900,1.0000000,1.0000,[],32
1.8730,15.8679,53.4294,0.5413849,COc1ccc2nc(C(=O)NCC(=O)N3C[C@@H](O)C[C@H]3C(=O)NCc3ccc(Cl)c(Cl)c3)ccc2c1,1,COc1ccc([C@H](C)NC(=O)[C@@H]2C[C@@H](O)CN2C(=O)CNC(=O)c2ccc3cc(F)ccc3n2)c(Cl)c1,0.4312459,0.4312,0.6796530,-8.9700,1.0000000,1.0000,[],32
3.7535,18.3794,51.3681,0.5449026,COc1ccc2nc(C(=O)NCC(=O)N3C[C@@H](O)C[C@H]3C(=O)N[C@@H](C)c3cccc(Cl)c3)ccc2c1,1,COc1ccc([C@H](C)NC(=O)[C@@H]2C[C@@H](O)CN2C(=O)CNC(=O)c2ccc3cc(F)ccc3n2)c(Cl)c1,0.4488080,0.4488,0.6615722,-8.8100,1.0000000,1.0000,[],32
3.9381,23.3979,45.1844,0.5357991,CSC[C@@H](NC(=O)[C@@H]1C[C@@H](O)CN1C(=O)CNC(=O)c1ccc2cc(F)ccc2n1)c1ccc(Cl)cc1,1,COc1ccc([C@H](C)NC(=O)[C@@H]2C[C@@H](O)CN2C(=O)CNC(=O)c2ccc3cc(F)ccc3n2)c(Cl)c1,0.4019559,0.4020,0.7142094,-9.2900,1.0000000,1.0000,[],32
1.8127,4.2698,73.4975,0.6075571,C[C@@H](NC(=O)[C@@H]1C[C@@H](O)CN1C(=O)CNC(=O)c1ccc2cc(F)ccc2n1)c1ccc(Cl)cc1,1,COc1ccc([C@H](C)NC(=O)[C@@H]2C[C@@H](O)CN2C(=O)CNC(=O)c2ccc3cc(F)ccc3n2)c(Cl)c1,0.4834885,0.4835,0.7634630,-9.7900,1.0000000,1.0000,[],32
2.7185,14.4432,55.0441,0.5428697,CC(C)C[C@@H](NC(=O)[C@@H]1C[C@@H](O)CN1C(=O)CNC(=O)c1ccc2cc(F)ccc2n1)c1ccc(Cl)cc1,1,COc1ccc([C@H](C)NC(=O)[C@@H]2C[C@@H](O)CN2C(=O)CNC(=O)c2ccc3cc(F)ccc3n2)c(Cl)c1,0.4039219,0.4039,0.7296150,-9.4400,1.0000000,1.0000,[],33
3.4485,31.2365,29.6839,0.4759408,CC[C@@H](O)[C@@H](NC(=O)[C@@H]1C[C@@H](O)CN1C(=O)CNC(=O)c1ccc2cc(F)ccc2n1)c1ccc(Cl)cc1,1,COc1ccc([C@H](C)NC(=O)[C@@H]2C[C@@H](O)CN2C(=O)CNC(=O)c2ccc3cc(F)ccc3n2)c(Cl)c1,0.3453988,0.3454,0.6558205,-8.7600,1.0000000,1.0000,[],33
2.5345,14.2438,49.1549,0.4953022,CNC[C@@H](NC(=O)[C@@H]1C[C@@H](O)CN1C(=O)CNC(=O)c1ccc2cc(F)ccc2n1)c1ccc(Cl)cc1,1,COc1ccc([C@H](C)NC(=O)[C@@H]2C[C@@H](O)CN2C(=O)CNC(=O)c2ccc3cc(F)ccc3n2)c(Cl)c1,0.3540687,0.3541,0.6928719,-9.0900,1.0000000,1.0000,[],33
7.7314,13.0994,53.2858,0.5186341,CN[C@@H](Cc1ccc(OC)cc1)C(=O)[C@@H]1C[C@@H](O)CN1C(=O)CNC(=O)c1ccc2cc(F)ccc2n1,1,COc1ccc([C@H](C)NC(=O)[C@@H]2C[C@@H](O)CN2C(=O)CNC(=O)c2ccc3cc(F)ccc3n2)c(Cl)c1,0.4003860,0.4004,0.6718049,-8.9000,1.0000000,1.0000,[],33
4.1108,14.7734,52.6374,0.5266466,COC[C@@H](NC(=O)[C@@H]1C[C@@H](O)CN1C(=O)CNC(=O)c1ccc2cc(F)ccc2n1)c1ccc(Cl)cc1,1,COc1ccc([C@H](C)NC(=O)[C@@H]2C[C@@H](O)CN2C(=O)CNC(=O)c2ccc3cc(F)ccc3n2)c(Cl)c1,0.4121615,0.4122,0.6729321,-8.9100,1.0000000,1.0000,[],33
1.7442,15.8679,53.4294,0.5413849,COc1ccc2nc(C(=O)NCC(=O)N3C[C@@H](O)C[C@H]3C(=O)NCc3ccc(Cl)c(Cl)c3)ccc2c1,1,COc1ccc([C@H](C)NC(=O)[C@@H]2C[C@@H](O)CN2C(=O)CNC(=O)c2ccc3cc(F)ccc3n2)c(Cl)c1,0.4312459,0.4312,0.6796530,-8.9700,1.0000000,1.0000,[],33
6.1558,16.7612,56.1269,0.5694381,COc1ccc2nc(C(=O)NCC(=O)N3C[C@@H](O)C[C@H]3C(=O)N[C@H](C)c3cccc(Cl)c3)ccc2c1,1,COc1ccc([C@H](C)NC(=O)[C@@H]2C[C@@H](O)CN2C(=O)CNC(=O)c2ccc3cc(F)ccc3n2)c(Cl)c1,0.4488080,0.4488,0.7224911,-9.3700,1.0000000,1.0000,[],33
1.8224,4.2698,73.4975,0.6075571,C[C@@H](NC(=O)[C@@H]1C[C@@H](O)CN1C(=O)CNC(=O)c1ccc2cc(F)ccc2n1)c1ccc(Cl)cc1,1,COc1ccc([C@H](C)NC(=O)[C@@H]2C[C@@H](O)CN2C(=O)CNC(=O)c2ccc3cc(F)ccc3n2)c(Cl)c1,0.4834885,0.4835,0.7634630,-9.7900,1.0000000,1.0000,[],33
2.7951,5.2000,69.3454,0.5823862,C[C@H](NC(=O)[C@@H]1C[C@@H](O)CN1C(=O)CNC(=O)c1ccc2cc(F)ccc2n1)c1ccc(Cl)cc1,1,COc1ccc([C@H](C)NC(=O)[C@@H]2C[C@@H](O)CN2C(=O)CNC(=O)c2ccc3cc(F)ccc3n2)c(Cl)c1,0.4834885,0.4835,0.7015134,-9.1700,1.0000000,1.0000,[],33
4.2119,14.6899,61.0288,0.5915528,Cc1ccc([C@@H](C)NC(=O)[C@@H]2C[C@@H](O)CN2C(=O)CNC(=O)c2ccc3cc(F)ccc3n2)c(Cl)c1,1,COc1ccc([C@H](C)NC(=O)[C@@H]2C[C@@H](O)CN2C(=O)CNC(=O)c2ccc3cc(F)ccc3n2)c(Cl)c1,0.4700345,0.4700,0.7444872,-9.5900,1.0000000,1.0000,[],33
5.0755,27.2473,38.4703,0.5134183,CC(C)Oc1ccc([C@@H](C)NC(=O)[C@@H]2C[C@@H](O)CN2C(=O)CNC(=O)c2ccc3cc(F)ccc3n2)c(Cl)c1,1,COc1ccc([C@H](C)NC(=O)[C@@H]2C[C@@H](O)CN2C(=O)CNC(=O)c2ccc3cc(F)ccc3n2)c(Cl)c1,0.3910622,0.3911,0.6740573,-8.9200,1.0000000,1.0000,[],34
4.5643,13.9396,57.8846,0.5611267,COc1ccc([C@@H](C)NC(=O)[C@@H]2C[C@@H](O)CN2C(=O)CNC(=O)c2ccc3cc(F)ccc3n2)c(Cl)c1,1,COc1ccc([C@H](C)NC(=O)[C@@H]2C[C@@H](O)CN2C(=O)CNC(=O)c2ccc3cc(F)ccc3n2)c(Cl)c1,0.4333520,0.4334,0.7265760,-9.4100,1.0000000,1.0000,[],34
3.6088,14.5265,62.7719,0.6038942,COc1ccc2nc(C(=O)NCC(=O)N3CC[C@H](O)C3)ccc2c1,1,COc1ccc([C@H](C)NC(=O)[C@@H]2C[C@@H](O)CN2C(=O)CNC(=O)c2ccc3cc(F)ccc3n2)c(Cl)c1,0.8553821,0.8554,0.4263454,-6.9200,1.0000000,1.0000,[],34
1.6615,15.8679,53.4294,0.5413849,COc1ccc2nc(C(=O)NCC(=O)N3C[C@@H](O)C[C@H]3C(=O)NCc3ccc(Cl)c(Cl)c3)ccc2c1,1,COc1ccc([C@H](C)NC(=O)[C@@H]2C[C@@H](O)CN2C(=O)CNC(=O)c2ccc3cc(F)ccc3n2)c(Cl)c1,0.4312459,0.4312,0.6796530,-8.9700,1.0000000,1.0000,[],34
4.4808,18.3794,51.3681,0.5449026,COc1ccc2nc(C(=O)NCC(=O)N3C[C@@H](O)C[C@H]3C(=O)N[C@@H](C)c3cccc(Cl)c3)ccc2c1,1,COc1ccc([C@H](C)NC(=O)[C@@H]2C[C@@H](O)CN2C(=O)CNC(=O)c2ccc3cc(F)ccc3n2)c(Cl)c1,0.4488080,0.4488,0.6615722,-8.8100,1.0000000,1.0000,[],34
5.0764,13.8039,50.1374,0.4995414,COc1ccc2nc(C(=O)NCC(=O)N3C[C@H](O)C[C@H]3C(=O)NCc3ccc(Cl)c(Cl)c3)ccc2c1,1,COc1ccc([C@H](C)NC(=O)[C@@H]2C[C@@H](O)CN2C(=O)CNC(=O)c2ccc3cc(F)ccc3n2)c(Cl)c1,0.4312459,0.4312,0.5786527,-8.1200,1.0000000,1.0000,[],34
3.4608,23.3979,45.1844,0.5357991,CSC[C@@H](NC(=O)[C@@H]1C[C@@H](O)CN1C(=O)CNC(=O)c1ccc2cc(F)ccc2n1)c1ccc(Cl)cc1,1,COc1ccc([C@H](C)NC(=O)[C@@H]2C[C@@H](O)CN2C(=O)CNC(=O)c2ccc3cc(F)ccc3n2)c(Cl)c1,0.4019559,0.4020,0.7142094,-9.2900,1.0000000,1.0000,[],34
1.8454,4.2698,73.4975,0.6075571,C[C@@H](NC(=O)[C@@H]1C[C@@H](O)CN1C(=O)CNC(=O)c1ccc2cc(F)ccc2n1)c1ccc(Cl)cc1,1,COc1ccc([C@H](C)NC(=O)[C@@H]2C[C@@H](O)CN2C(=O)CNC(=O)c2ccc3cc(F)ccc3n2)c(Cl)c1,0.4834885,0.4835,0.7634630,-9.7900,1.0000000,1.0000,[],34
19.2606,50.0901,18.9675,0.5395128,Cn1cc([C@@H](Cc2ccc(Cl)cn2)NC(=O)CNC(=O)c2ccc3cc(F)ccc3n2)c(Cl)n1,1,COc1ccc([C@H](C)NC(=O)[C@@H]2C[C@@H](O)CN2C(=O)CNC(=O)c2ccc3cc(F)ccc3n2)c(Cl)c1,0.4028756,0.4029,0.7224911,-9.3700,1.0000000,1.0000,[],34
3.1099,12.3521,59.6620,0.5626099,CC(C)[C@@H](NC(=O)[C@@H]1C[C@@H](O)CN1C(=O)CNC(=O)c1ccc2cc(F)ccc2n1)c1ccc(Cl)cc1,1,COc1ccc([C@H](C)NC(=O)[C@@H]2C[C@@H](O)CN2C(=O)CNC(=O)c2ccc3cc(F)ccc3n2)c(Cl)c1,0.4374885,0.4375,0.7235159,-9.3800,1.0000000,1.0000,[],35
3.4797,31.2365,29.6839,0.4759408,CC[C@@H](O)[C@@H](NC(=O)[C@@H]1C[C@@H](O)CN1C(=O)CNC(=O)c1ccc2cc(F)ccc2n1)c1ccc(Cl)cc1,1,COc1ccc([C@H](C)NC(=O)[C@@H]2C[C@@H](O)CN2C(=O)CNC(=O)c2ccc3cc(F)ccc3n2)c(Cl)c1,0.3453988,0.3454,0.6558205,-8.7600,1.0000000,1.0000,[],35
2.5169,14.2438,49.1549,0.4953022,CNC[C@@H](NC(=O)[C@@H]1C[C@@H](O)CN1C(=O)CNC(=O)c1ccc2cc(F)ccc2n1)c1ccc(Cl)cc1,1,COc1ccc([C@H](C)NC(=O)[C@@H]2C[C@@H](O)CN2C(=O)CNC(=O)c2ccc3cc(F)ccc3n2)c(Cl)c1,0.3540687,0.3541,0.6928719,-9.0900,1.0000000,1.0000,[],35
4.3025,14.7734,52.6374,0.5266466,COC[C@@H](NC(=O)[C@@H]1C[C@@H](O)CN1C(=O)CNC(=O)c1ccc2cc(F)ccc2n1)c1ccc(Cl)cc1,1,COc1ccc([C@H](C)NC(=O)[C@@H]2C[C@@H](O)CN2C(=O)CNC(=O)c2ccc3cc(F)ccc3n2)c(Cl)c1,0.4121615,0.4122,0.6729321,-8.9100,1.0000000,1.0000,[],35
1.7213,15.8679,53.4294,0.5413849,COc1ccc2nc(C(=O)NCC(=O)N3C[C@@H](O)C[C@H]3C(=O)NCc3ccc(Cl)c(Cl)c3)ccc2c1,1,COc1ccc([C@H](C)NC(=O)[C@@H]2C[C@@H](O)CN2C(=O)CNC(=O)c2ccc3cc(F)ccc3n2)c(Cl)c1,0.4312459,0.4312,0.6796530,-8.9700,1.0000000,1.0000,[],35
7.2739,30.6563,52.4783,0.6494889,COc1ccc2nc(C(=O)NCC(=O)N3C[C@@H](O)C[C@H]3c3ccc(Cl)c(Cl)c3)ccc2c1,1,COc1ccc([C@H](C)NC(=O)[C@@H]2C[C@@H](O)CN2C(=O)CNC(=O)c2ccc3cc(F)ccc3n2)c(Cl)c1,0.5897718,0.5898,0.7152528,-9.3000,1.0000000,1.0000,[],35
1.9190,4.2698,73.4975,0.6075571,C[C@@H](NC(=O)[C@@H]1C[C@@H](O)CN1C(=O)CNC(=O)c1ccc2cc(F)ccc2n1)c1ccc(Cl)cc1,1,COc1ccc([C@H](C)NC(=O)[C@@H]2C[C@@H](O)CN2C(=O)CNC(=O)c2ccc3cc(F)ccc3n2)c(Cl)c1,0.4834885,0.4835,0.7634630,-9.7900,1.0000000,1.0000,[],35
4.0544,14.6899,61.0288,0.5915528,Cc1ccc([C@@H](C)NC(=O)[C@@H]2C[C@@H](O)CN2C(=O)CNC(=O)c2ccc3cc(F)ccc3n2)c(Cl)c1,1,COc1ccc([C@H](C)NC(=O)[C@@H]2C[C@@H](O)CN2C(=O)CNC(=O)c2ccc3cc(F)ccc3n2)c(Cl)c1,0.4700345,0.4700,0.7444872,-9.5900,1.0000000,1.0000,[],35
3.4785,31.2365,29.6839,0.4759408,CC[C@@H](O)[C@@H](NC(=O)[C@@H]1C[C@@H](O)CN1C(=O)CNC(=O)c1ccc2cc(F)ccc2n1)c1ccc(Cl)cc1,1,COc1ccc([C@H](C)NC(=O)[C@@H]2C[C@@H](O)CN2C(=O)CNC(=O)c2ccc3cc(F)ccc3n2)c(Cl)c1,0.3453988,0.3454,0.6558205,-8.7600,1.0000000,1.0000,[],36
2.6518,15.8679,53.4294,0.5413849,COc1ccc2nc(C(=O)NCC(=O)N3C[C@@H](O)C[C@H]3C(=O)NCc3ccc(Cl)c(Cl)c3)ccc2c1,1,COc1ccc([C@H](C)NC(=O)[C@@H]2C[C@@H](O)CN2C(=O)CNC(=O)c2ccc3cc(F)ccc3n2)c(Cl)c1,0.4312459,0.4312,0.6796530,-8.9700,1.0000000,1.0000,[],36
2.0165,30.6563,52.4783,0.6494889,COc1ccc2nc(C(=O)NCC(=O)N3C[C@@H](O)C[C@H]3c3ccc(Cl)c(Cl)c3)ccc2c1,1,COc1ccc([C@H](C)NC(=O)[C@@H]2C[C@@H](O)CN2C(=O)CNC(=O)c2ccc3cc(F)ccc3n2)c(Cl)c1,0.5897718,0.5898,0.7152528,-9.3000,1.0000000,1.0000,[],36
3.2632,23.3979,45.1844,0.5357991,CSC[C@@H](NC(=O)[C@@H]1C[C@@H](O)CN1C(=O)CNC(=O)c1ccc2cc(F)ccc2n1)c1ccc(Cl)cc1,1,COc1ccc([C@H](C)NC(=O)[C@@H]2C[C@@H](O)CN2C(=O)CNC(=O)c2ccc3cc(F)ccc3n2)c(Cl)c1,0.4019559,0.4020,0.7142094,-9.2900,1.0000000,1.0000,[],36
2.0006,4.2698,73.4975,0.6075571,C[C@@H](NC(=O)[C@@H]1C[C@@H](O)CN1C(=O)CNC(=O)c1ccc2cc(F)ccc2n1)c1ccc(Cl)cc1,1,COc1ccc([C@H](C)NC(=O)[C@@H]2C[C@@H](O)CN2C(=O)CNC(=O)c2ccc3cc(F)ccc3n2)c(Cl)c1,0.4834885,0.4835,0.7634630,-9.7900,1.0000000,1.0000,[],36
3.0927,5.2000,69.3454,0.5823862,C[C@H](NC(=O)[C@@H]1C[C@@H](O)CN1C(=O)CNC(=O)c1ccc2cc(F)ccc2n1)c1ccc(Cl)cc1,1,COc1ccc([C@H](C)NC(=O)[C@@H]2C[C@@H](O)CN2C(=O)CNC(=O)c2ccc3cc(F)ccc3n2)c(Cl)c1,0.4834885,0.4835,0.7015134,-9.1700,1.0000000,1.0000,[],36
6.7023,10.8579,63.8995,0.5840425,CC(C)[C@H](NC(=O)[C@@H]1C[C@@H](O)CN1C(=O)CNC(=O)c1ccc2cc(F)ccc2n1)c1ccc(Cl)cc1,1,COc1ccc([C@H](C)NC(=O)[C@@H]2C[C@@H](O)CN2C(=O)CNC(=O)c2ccc3cc(F)ccc3n2)c(Cl)c1,0.4374885,0.4375,0.7796905,-9.9700,1.0000000,1.0000,[],37
2.5625,14.2438,49.1549,0.4953022,CNC[C@@H](NC(=O)[C@@H]1C[C@@H](O)CN1C(=O)CNC(=O)c1ccc2cc(F)ccc2n1)c1ccc(Cl)cc1,1,COc1ccc([C@H](C)NC(=O)[C@@H]2C[C@@H](O)CN2C(=O)CNC(=O)c2ccc3cc(F)ccc3n2)c(Cl)c1,0.3540687,0.3541,0.6928719,-9.0900,1.0000000,1.0000,[],37
4.8507,15.8679,53.4294,0.5413849,COc1ccc2nc(C(=O)NCC(=O)N3C[C@@H](O)C[C@H]3C(=O)NCc3ccc(Cl)c(Cl)c3)ccc2c1,1,COc1ccc([C@H](C)NC(=O)[C@@H]2C[C@@H](O)CN2C(=O)CNC(=O)c2ccc3cc(F)ccc3n2)c(Cl)c1,0.4312459,0.4312,0.6796530,-8.9700,1.0000000,1.0000,[],37
1.3694,30.6563,52.4783,0.6494889,COc1ccc2nc(C(=O)NCC(=O)N3C[C@@H](O)C[C@H]3c3ccc(Cl)c(Cl)c3)ccc2c1,1,COc1ccc([C@H](C)NC(=O)[C@@H]2C[C@@H](O)CN2C(=O)CNC(=O)c2ccc3cc(F)ccc3n2)c(Cl)c1,0.5897718,0.5898,0.7152528,-9.3000,1.0000000,1.0000,[],37
5.4738,26.7459,-26.7459,0.0000000,COc1ccc2nc(C(=O)NCC(=O)N3C[C@@H](O)C[C@H]3c3ccc4c(c3)OCO4)ccc2c1,1,COc1ccc([C@H](C)NC(=O)[C@@H]2C[C@@H](O)CN2C(=O)CNC(=O)c2ccc3cc(F)ccc3n2)c(Cl)c1,0.0000000,0.0000,0.0000000,0.0000,0.0000000,0.0000,"['[#8;!o][C;!$(C(=[O,N])[N,O])][#8;!o]']",37
8.3908,14.3533,49.7441,0.5007613,CSCC[C@@H](NC(=O)[C@@H]1C[C@@H](O)CN1C(=O)CNC(=O)c1ccc2cc(F)ccc2n1)c1ccc(Cl)cc1,1,COc1ccc([C@H](C)NC(=O)[C@@H]2C[C@@H](O)CN2C(=O)CNC(=O)c2ccc3cc(F)ccc3n2)c(Cl)c1,0.3713998,0.3714,0.6751806,-8.9300,1.0000000,1.0000,[],37
3.1000,5.2000,69.3454,0.5823862,C[C@H](NC(=O)[C@@H]1C[C@@H](O)CN1C(=O)CNC(=O)c1ccc2cc(F)ccc2n1)c1ccc(Cl)cc1,1,COc1ccc([C@H](C)NC(=O)[C@@H]2C[C@@H](O)CN2C(=O)CNC(=O)c2ccc3cc(F)ccc3n2)c(Cl)c1,0.4834885,0.4835,0.7015134,-9.1700,1.0000000,1.0000,[],37
3.8179,14.6899,61.0288,0.5915528,Cc1ccc([C@@H](C)NC(=O)[C@@H]2C[C@@H](O)CN2C(=O)CNC(=O)c2ccc3cc(F)ccc3n2)c(Cl)c1,1,COc1ccc([C@H](C)NC(=O)[C@@H]2C[C@@H](O)CN2C(=O)CNC(=O)c2ccc3cc(F)ccc3n2)c(Cl)c1,0.4700345,0.4700,0.7444872,-9.5900,1.0000000,1.0000,[],37
5.5876,21.6695,57.3961,0.6177002,CC(C)(O)C[C@@H](NC(=O)CNC(=O)c1ccc2cc(F)ccc2n1)c1ccc(Cl)cc1,1,COc1ccc([C@H](C)NC(=O)[C@@H]2C[C@@H](O)CN2C(=O)CNC(=O)c2ccc3cc(F)ccc3n2)c(Cl)c1,0.5179768,0.5180,0.7366227,-9.5100,1.0000000,1.0000,[],38
3.0552,14.4432,55.0441,0.5428697,CC(C)C[C@@H](NC(=O)[C@@H]1C[C@@H](O)CN1C(=O)CNC(=O)c1ccc2cc(F)ccc2n1)c1ccc(Cl)cc1,1,COc1ccc([C@H](C)NC(=O)[C@@H]2C[C@@H](O)CN2C(=O)CNC(=O)c2ccc3cc(F)ccc3n2)c(Cl)c1,0.4039219,0.4039,0.7296150,-9.4400,1.0000000,1.0000,[],38
4.8623,30.1497,32.3693,0.4884296,CC[C@H](O)[C@@H](NC(=O)[C@@H]1C[C@@H](O)CN1C(=O)CNC(=O)c1ccc2cc(F)ccc2n1)c1ccc(Cl)cc1,1,COc1ccc([C@H](C)NC(=O)[C@@H]2C[C@@H](O)CN2C(=O)CNC(=O)c2ccc3cc(F)ccc3n2)c(Cl)c1,0.3453988,0.3454,0.6906898,-9.0700,1.0000000,1.0000,[],38
2.5693,14.2438,49.1549,0.4953022,CNC[C@@H](NC(=O)[C@@H]1C[C@@H](O)CN1C(=O)CNC(=O)c1ccc2cc(F)ccc2n1)c1ccc(Cl)cc1,1,COc1ccc([C@H](C)NC(=O)[C@@H]2C[C@@H](O)CN2C(=O)CNC(=O)c2ccc3cc(F)ccc3n2)c(Cl)c1,0.3540687,0.3541,0.6928719,-9.0900,1.0000000,1.0000,[],38
3.3308,13.9396,57.8846,0.5611267,COc1ccc([C@@H](C)NC(=O)[C@@H]2C[C@@H](O)CN2C(=O)CNC(=O)c2ccc3cc(F)ccc3n2)c(Cl)c1,1,COc1ccc([C@H](C)NC(=O)[C@@H]2C[C@@H](O)CN2C(=O)CNC(=O)c2ccc3cc(F)ccc3n2)c(Cl)c1,0.4333520,0.4334,0.7265760,-9.4100,1.0000000,1.0000,[],38
1.4460,30.6563,52.4783,0.6494889,COc1ccc2nc(C(=O)NCC(=O)N3C[C@@H](O)C[C@H]3c3ccc(Cl)c(Cl)c3)ccc2c1,1,COc1ccc([C@H](C)NC(=O)[C@@H]2C[C@@H](O)CN2C(=O)CNC(=O)c2ccc3cc(F)ccc3n2)c(Cl)c1,0.5897718,0.5898,0.7152528,-9.3000,1.0000000,1.0000,[],38
2.9638,5.2000,69.3454,0.5823862,C[C@H](NC(=O)[C@@H]1C[C@@H](O)CN1C(=O)CNC(=O)c1ccc2cc(F)ccc2n1)c1ccc(Cl)cc1,1,COc1ccc([C@H](C)NC(=O)[C@@H]2C[C@@H](O)CN2C(=O)CNC(=O)c2ccc3cc(F)ccc3n2)c(Cl)c1,0.4834885,0.4835,0.7015134,-9.1700,1.0000000,1.0000,[],38
2.7255,15.8679,53.4294,0.5413849,COc1ccc2nc(C(=O)NCC(=O)N3C[C@@H](O)C[C@H]3C(=O)NCc3ccc(Cl)c(Cl)c3)ccc2c1,1,COc1ccc([C@H](C)NC(=O)[C@@H]2C[C@@H](O)CN2C(=O)CNC(=O)c2ccc3cc(F)ccc3n2)c(Cl)c1,0.4312459,0.4312,0.6796530,-8.9700,1.0000000,1.0000,[],39
1.6525,30.6563,52.4782,0.6494889,COc1ccc2nc(C(=O)NCC(=O)N3C[C@@H](O)C[C@H]3c3ccc(Cl)c(Cl)c3)ccc2c1,1,COc1ccc([C@H](C)NC(=O)[C@@H]2C[C@@H](O)CN2C(=O)CNC(=O)c2ccc3cc(F)ccc3n2)c(Cl)c1,0.5897718,0.5898,0.7152528,-9.3000,1.0000000,1.0000,[],39
2.6278,23.3979,45.1844,0.5357991,CSC[C@@H](NC(=O)[C@@H]1C[C@@H](O)CN1C(=O)CNC(=O)c1ccc2cc(F)ccc2n1)c1ccc(Cl)cc1,1,COc1ccc([C@H](C)NC(=O)[C@@H]2C[C@@H](O)CN2C(=O)CNC(=O)c2ccc3cc(F)ccc3n2)c(Cl)c1,0.4019559,0.4020,0.7142094,-9.2900,1.0000000,1.0000,[],39
2.0867,4.2698,73.4975,0.6075571,C[C@@H](NC(=O)[C@@H]1C[C@@H](O)CN1C(=O)CNC(=O)c1ccc2cc(F)ccc2n1)c1ccc(Cl)cc1,1,COc1ccc([C@H](C)NC(=O)[C@@H]2C[C@@H](O)CN2C(=O)CNC(=O)c2ccc3cc(F)ccc3n2)c(Cl)c1,0.4834885,0.4835,0.7634630,-9.7900,1.0000000,1.0000,[],39
4.9978,4.3193,72.6299,0.6011659,O=C(NCC(=O)N1C[C@H](O)C[C@H]1C(=O)NCc1ccc(Cl)c(Cl)c1)c1ccc2cc(F)ccc2n1,1,COc1ccc([C@H](C)NC(=O)[C@@H]2C[C@@H](O)CN2C(=O)CNC(=O)c2ccc3cc(F)ccc3n2)c(Cl)c1,0.4640416,0.4640,0.7788103,-9.9600,1.0000000,1.0000,[],39
4.3839,21.6695,57.3961,0.6177002,CC(C)(O)C[C@@H](NC(=O)CNC(=O)c1ccc2cc(F)ccc2n1)c1ccc(Cl)cc1,1,COc1ccc([C@H](C)NC(=O)[C@@H]2C[C@@H](O)CN2C(=O)CNC(=O)c2ccc3cc(F)ccc3n2)c(Cl)c1,0.5179768,0.5180,0.7366227,-9.5100,1.0000000,1.0000,[],40
5.9162,36.8487,31.1954,0.5315952,CC[C@@H](O)[C@@H](NC(=O)CNC(=O)c1ccc2cc(F)ccc2n1)c1ccc(OC)c(Cl)c1,1,COc1ccc([C@H](C)NC(=O)[C@@H]2C[C@@H](O)CN2C(=O)CNC(=O)c2ccc3cc(F)ccc3n2)c(Cl)c1,0.4791033,0.4791,0.5898383,-8.2100,1.0000000,1.0000,[],40
2.7704,14.2438,49.1549,0.4953022,CNC[C@@H](NC(=O)[C@@H]1C[C@@H](O)CN1C(=O)CNC(=O)c1ccc2cc(F)ccc2n1)c1ccc(Cl)cc1,1,COc1ccc([C@H](C)NC(=O)[C@@H]2C[C@@H](O)CN2C(=O)CNC(=O)c2ccc3cc(F)ccc3n2)c(Cl)c1,0.3540687,0.3541,0.6928719,-9.0900,1.0000000,1.0000,[],40
1.6444,15.8679,53.4294,0.5413849,COc1ccc2nc(C(=O)NCC(=O)N3C[C@@H](O)C[C@H]3C(=O)NCc3ccc(Cl)c(Cl)c3)ccc2c1,1,COc1ccc([C@H](C)NC(=O)[C@@H]2C[C@@H](O)CN2C(=O)CNC(=O)c2ccc3cc(F)ccc3n2)c(Cl)c1,0.4312459,0.4312,0.6796530,-8.9700,1.0000000,1.0000,[],40
2.0938,4.2698,73.4975,0.6075571,C[C@@H](NC(=O)[C@@H]1C[C@@H](O)CN1C(=O)CNC(=O)c1ccc2cc(F)ccc2n1)c1ccc(Cl)cc1,1,COc1ccc([C@H](C)NC(=O)[C@@H]2C[C@@H](O)CN2C(=O)CNC(=O)c2ccc3cc(F)ccc3n2)c(Cl)c1,0.4834885,0.4835,0.7634630,-9.7900,1.0000000,1.0000,[],40
7.8774,13.8210,57.8872,0.5602203,Cc1ccc(CNC(=O)[C@@H]2C[C@@H](O)CN2C(=O)CNC(=O)c2ccc3cc(F)ccc3n2)c(Cl)c1,1,COc1ccc([C@H](C)NC(=O)[C@@H]2C[C@@H](O)CN2C(=O)CNC(=O)c2ccc3cc(F)ccc3n2)c(Cl)c1,0.4828242,0.4828,0.6500229,-8.7100,1.0000000,1.0000,[],40
7.7329,12.7913,62.1797,0.5857112,CC[C@@H](NC(=O)[C@@H]1C[C@@H](O)CN1C(=O)CNC(=O)c1ccc2cc(F)ccc2n1)c1ccc(Cl)cc1,1,COc1ccc([C@H](C)NC(=O)[C@@H]2C[C@@H](O)CN2C(=O)CNC(=O)c2ccc3cc(F)ccc3n2)c(Cl)c1,0.4504375,0.4504,0.7616100,-9.7700,1.0000000,1.0000,[],41
2.9920,14.2438,49.1549,0.4953022,CNC[C@@H](NC(=O)[C@@H]1C[C@@H](O)CN1C(=O)CNC(=O)c1ccc2cc(F)ccc2n1)c1ccc(Cl)cc1,1,COc1ccc([C@H](C)NC(=O)[C@@H]2C[C@@H](O)CN2C(=O)CNC(=O)c2ccc3cc(F)ccc3n2)c(Cl)c1,0.3540687,0.3541,0.6928719,-9.0900,1.0000000,1.0000,[],41
8.0594,26.6665,51.1653,0.6080604,COC[C@@H](NC(=O)CNC(=O)c1ccc2cc(F)ccc2n1)c1ccc(Cl)cc1,1,COc1ccc([C@H](C)NC(=O)[C@@H]2C[C@@H](O)CN2C(=O)CNC(=O)c2ccc3cc(F)ccc3n2)c(Cl)c1,0.6203510,0.6204,0.5960133,-8.2600,1.0000000,1.0000,[],41
1.5880,15.8679,53.4294,0.5413849,COc1ccc2nc(C(=O)NCC(=O)N3C[C@@H](O)C[C@H]3C(=O)NCc3ccc(Cl)c(Cl)c3)ccc2c1,1,COc1ccc([C@H](C)NC(=O)[C@@H]2C[C@@H](O)CN2C(=O)CNC(=O)c2ccc3cc(F)ccc3n2)c(Cl)c1,0.4312459,0.4312,0.6796530,-8.9700,1.0000000,1.0000,[],41
2.3999,23.3979,45.1844,0.5357991,CSC[C@@H](NC(=O)[C@@H]1C[C@@H](O)CN1C(=O)CNC(=O)c1ccc2cc(F)ccc2n1)c1ccc(Cl)cc1,1,COc1ccc([C@H](C)NC(=O)[C@@H]2C[C@@H](O)CN2C(=O)CNC(=O)c2ccc3cc(F)ccc3n2)c(Cl)c1,0.4019559,0.4020,0.7142094,-9.2900,1.0000000,1.0000,[],41
11.7252,34.9646,34.2181,0.5404898,C[C@@H](NC(=O)CNC(=O)c1ccc2cc(F)ccc2n1)c1ccc(-c2ccc(Cl)cn2)nc1,1,COc1ccc([C@H](C)NC(=O)[C@@H]2C[C@@H](O)CN2C(=O)CNC(=O)c2ccc3cc(F)ccc3n2)c(Cl)c1,0.4486110,0.4486,0.6511860,-8.7200,1.0000000,1.0000,[],41
2.5840,5.2000,69.3454,0.5823862,C[C@H](NC(=O)[C@@H]1C[C@@H](O)CN1C(=O)CNC(=O)c1ccc2cc(F)ccc2n1)c1ccc(Cl)cc1,1,COc1ccc([C@H](C)NC(=O)[C@@H]2C[C@@H](O)CN2C(=O)CNC(=O)c2ccc3cc(F)ccc3n2)c(Cl)c1,0.4834885,0.4835,0.7015134,-9.1700,1.0000000,1.0000,[],41
8.5083,23.9324,44.8379,0.5372681,CN(C)CC(O)(Cc1ccc(Cl)cc1)C1C[C@@H](O)CN1C(=O)CNC(=O)c1ccc2cc(F)ccc2n1,1,COc1ccc([C@H](C)NC(=O)[C@@H]2C[C@@H](O)CN2C(=O)CNC(=O)c2ccc3cc(F)ccc3n2)c(Cl)c1,0.4140173,0.4140,0.6972101,-9.1300,1.0000000,1.0000,[],42
3.4784,26.0334,45.0828,0.5555960,CNC[C@@H](NC(=O)CNC(=O)c1ccc2cc(F)ccc2n1)c1ccc(OC)c(Cl)c1,1,COc1ccc([C@H](C)NC(=O)[C@@H]2C[C@@H](O)CN2C(=O)CNC(=O)c2ccc3cc(F)ccc3n2)c(Cl)c1,0.4966025,0.4966,0.6215976,-8.4700,1.0000000,1.0000,[],42
1.6696,15.8679,53.4294,0.5413849,COc1ccc2nc(C(=O)NCC(=O)N3C[C@@H](O)C[C@H]3C(=O)NCc3ccc(Cl)c(Cl)c3)ccc2c1,1,COc1ccc([C@H](C)NC(=O)[C@@H]2C[C@@H](O)CN2C(=O)CNC(=O)c2ccc3cc(F)ccc3n2)c(Cl)c1,0.4312459,0.4312,0.6796530,-8.9700,1.0000000,1.0000,[],42
4.8043,40.0973,34.6225,0.5837486,CSC[C@@H](NC(=O)CNC(=O)c1ccc2cc(F)ccc2n1)c1ccc(Cl)c(Cl)c1,1,COc1ccc([C@H](C)NC(=O)[C@@H]2C[C@@H](O)CN2C(=O)CNC(=O)c2ccc3cc(F)ccc3n2)c(Cl)c1,0.5328781,0.5329,0.6394753,-8.6200,1.0000000,1.0000,[],42
3.1381,36.3063,38.5297,0.5846569,CSC[C@@H](NC(=O)CNC(=O)c1ccc2cc(F)ccc2n1)c1ccc(Cl)cc1,1,COc1ccc([C@H](C)NC(=O)[C@@H]2C[C@@H](O)CN2C(=O)CNC(=O)c2ccc3cc(F)ccc3n2)c(Cl)c1,0.5932835,0.5933,0.5761557,-8.1000,1.0000000,1.0000,[],42
3.6708,23.0656,45.2299,0.5335583,C[C@@H](NC(=O)CNC(=O)c1ccc2cc(F)ccc2n1)c1ccc(-c2ccc(Cl)cc2)cc1,1,COc1ccc([C@H](C)NC(=O)[C@@H]2C[C@@H](O)CN2C(=O)CNC(=O)c2ccc3cc(F)ccc3n2)c(Cl)c1,0.4089538,0.4090,0.6961287,-9.1200,1.0000000,1.0000,[],42
3.4503,14.6899,61.0288,0.5915528,Cc1ccc([C@@H](C)NC(=O)[C@@H]2C[C@@H](O)CN2C(=O)CNC(=O)c2ccc3cc(F)ccc3n2)c(Cl)c1,1,COc1ccc([C@H](C)NC(=O)[C@@H]2C[C@@H](O)CN2C(=O)CNC(=O)c2ccc3cc(F)ccc3n2)c(Cl)c1,0.4700345,0.4700,0.7444872,-9.5900,1.0000000,1.0000,[],42
3.4644,21.6695,57.3961,0.6177002,CC(C)(O)C[C@@H](NC(=O)CNC(=O)c1ccc2cc(F)ccc2n1)c1ccc(Cl)cc1,1,COc1ccc([C@H](C)NC(=O)[C@@H]2C[C@@H](O)CN2C(=O)CNC(=O)c2ccc3cc(F)ccc3n2)c(Cl)c1,0.5179768,0.5180,0.7366227,-9.5100,1.0000000,1.0000,[],43
12.9899,39.5373,36.4968,0.5940164,C[C@@H](NC(=O)CNC(=O)c1ccc2cc(F)ccc2n1)c1ccc(CC(C)(C)O)cc1Cl,1,COc1ccc([C@H](C)NC(=O)[C@@H]2C[C@@H](O)CN2C(=O)CNC(=O)c2ccc3cc(F)ccc3n2)c(Cl)c1,0.5007047,0.5007,0.7047176,-9.2000,1.0000000,1.0000,[],43
4.9507,21.3429,54.8019,0.5948813,CCC[C@@H](NC(=O)CNC(=O)c1ccc2cc(F)ccc2n1)c1ccc(OC)c(Cl)c1,1,COc1ccc([C@H](C)NC(=O)[C@@H]2C[C@@H](O)CN2C(=O)CNC(=O)c2ccc3cc(F)ccc3n2)c(Cl)c1,0.5396046,0.5396,0.6558205,-8.7600,1.0000000,1.0000,[],43
5.0736,44.2888,18.8390,0.4931855,CC[C@@H](NC(=O)CNC(=O)c1ccc2cc(F)ccc2n1)c1ccc(-c2ccc(Cl)cn2)cc1,1,COc1ccc([C@H](C)NC(=O)[C@@H]2C[C@@H](O)CN2C(=O)CNC(=O)c2ccc3cc(F)ccc3n2)c(Cl)c1,0.3890457,0.3890,0.6252015,-8.5000,1.0000000,1.0000,[],43
4.8745,6.1026,73.9591,0.6254817,CN(C)C(=O)[C@@H]1C[C@@H](O)CN1C(=O)CNC(=O)c1ccc2cc(F)ccc2n1,1,COc1ccc([C@H](C)NC(=O)[C@@H]2C[C@@H](O)CN2C(=O)CNC(=O)c2ccc3cc(F)ccc3n2)c(Cl)c1,0.7764949,0.7765,0.5038376,-7.5300,1.0000000,1.0000,[],43
3.1660,26.0334,45.0829,0.5555960,CNC[C@@H](NC(=O)CNC(=O)c1ccc2cc(F)ccc2n1)c1ccc(OC)c(Cl)c1,1,COc1ccc([C@H](C)NC(=O)[C@@H]2C[C@@H](O)CN2C(=O)CNC(=O)c2ccc3cc(F)ccc3n2)c(Cl)c1,0.4966025,0.4966,0.6215976,-8.4700,1.0000000,1.0000,[],43
1.7361,15.8679,53.4294,0.5413849,COc1ccc2nc(C(=O)NCC(=O)N3C[C@@H](O)C[C@H]3C(=O)NCc3ccc(Cl)c(Cl)c3)ccc2c1,1,COc1ccc([C@H](C)NC(=O)[C@@H]2C[C@@H](O)CN2C(=O)CNC(=O)c2ccc3cc(F)ccc3n2)c(Cl)c1,0.4312459,0.4312,0.6796530,-8.9700,1.0000000,1.0000,[],43
3.5591,36.3063,38.5298,0.5846569,CSC[C@@H](NC(=O)CNC(=O)c1ccc2cc(F)ccc2n1)c1ccc(Cl)cc1,1,COc1ccc([C@H](C)NC(=O)[C@@H]2C[C@@H](O)CN2C(=O)CNC(=O)c2ccc3cc(F)ccc3n2)c(Cl)c1,0.5932835,0.5933,0.5761557,-8.1000,1.0000000,1.0000,[],43
3.1617,23.0655,45.2299,0.5335583,C[C@@H](NC(=O)CNC(=O)c1ccc2cc(F)ccc2n1)c1ccc(-c2ccc(Cl)cc2)cc1,1,COc1ccc([C@H](C)NC(=O)[C@@H]2C[C@@H](O)CN2C(=O)CNC(=O)c2ccc3cc(F)ccc3n2)c(Cl)c1,0.4089538,0.4090,0.6961287,-9.1200,1.0000000,1.0000,[],43
5.7309,32.1107,29.7889,0.4835903,CC(C)(O)C[C@@H](NC(=O)CNC(=O)c1ccc2cc(F)ccc2n1)c1ccc(-c2ccc(Cl)cc2)cc1,1,COc1ccc([C@H](C)NC(=O)[C@@H]2C[C@@H](O)CN2C(=O)CNC(=O)c2ccc3cc(F)ccc3n2)c(Cl)c1,0.2888221,0.2888,0.8097013,-10.3300,1.0000000,1.0000,[],44
3.2304,21.6695,57.3961,0.6177002,CC(C)(O)C[C@@H](NC(=O)CNC(=O)c1ccc2cc(F)ccc2n1)c1ccc(Cl)cc1,1,COc1ccc([C@H](C)NC(=O)[C@@H]2C[C@@H](O)CN2C(=O)CNC(=O)c2ccc3cc(F)ccc3n2)c(Cl)c1,0.5179768,0.5180,0.7366227,-9.5100,1.0000000,1.0000,[],44
9.4654,24.7460,51.9155,0.5989186,CN(C)C[C@@H](NC(=O)CNC(=O)c1ccc2cc(F)ccc2n1)c1ccc(Cl)c(Cl)c1,1,COc1ccc([C@H](C)NC(=O)[C@@H]2C[C@@H](O)CN2C(=O)CNC(=O)c2ccc3cc(F)ccc3n2)c(Cl)c1,0.5588749,0.5589,0.6418314,-8.6400,1.0000000,1.0000,[],44
1.7957,15.8679,53.4294,0.5413849,COc1ccc2nc(C(=O)NCC(=O)N3C[C@@H](O)C[C@H]3C(=O)NCc3ccc(Cl)c(Cl)c3)ccc2c1,1,COc1ccc([C@H](C)NC(=O)[C@@H]2C[C@@H](O)CN2C(=O)CNC(=O)c2ccc3cc(F)ccc3n2)c(Cl)c1,0.4312459,0.4312,0.6796530,-8.9700,1.0000000,1.0000,[],44
4.9716,34.9646,34.2181,0.5404898,C[C@@H](NC(=O)CNC(=O)c1ccc2cc(F)ccc2n1)c1ccc(-c2ccc(Cl)cn2)nc1,1,COc1ccc([C@H](C)NC(=O)[C@@H]2C[C@@H](O)CN2C(=O)CNC(=O)c2ccc3cc(F)ccc3n2)c(Cl)c1,0.4486110,0.4486,0.6511860,-8.7200,1.0000000,1.0000,[],44
3.5194,25.8805,46.2706,0.5636806,C[C@H](NC(=O)CNC(=O)c1ccc2cc(F)ccc2n1)c1ccc(-c2ccc(Cl)cn2)cc1,1,COc1ccc([C@H](C)NC(=O)[C@@H]2C[C@@H](O)CN2C(=O)CNC(=O)c2ccc3cc(F)ccc3n2)c(Cl)c1,0.4348832,0.4349,0.7306232,-9.4500,1.0000000,1.0000,[],44
3.1178,4.3193,72.6299,0.6011659,O=C(NCC(=O)N1C[C@H](O)C[C@H]1C(=O)NCc1ccc(Cl)c(Cl)c1)c1ccc2cc(F)ccc2n1,1,COc1ccc([C@H](C)NC(=O)[C@@H]2C[C@@H](O)CN2C(=O)CNC(=O)c2ccc3cc(F)ccc3n2)c(Cl)c1,0.4640416,0.4640,0.7788103,-9.9600,1.0000000,1.0000,[],44
6.9690,45.9613,6.6567,0.4110781,CC(C)C[C@@H](NC(=O)CNC(=O)c1ccc2cc(F)ccc2n1)c1ccc(OCC(O)c2ccc(Cl)cc2)nc1,1,COc1ccc([C@H](C)NC(=O)[C@@H]2C[C@@H](O)CN2C(=O)CNC(=O)c2ccc3cc(F)ccc3n2)c(Cl)c1,0.2316088,0.2316,0.7296150,-9.4400,1.0000000,1.0000,[],45
4.6721,21.3429,54.8020,0.5948813,CCC[C@@H](NC(=O)CNC(=O)c1ccc2cc(F)ccc2n1)c1ccc(OC)c(Cl)c1,1,COc1ccc([C@H](C)NC(=O)[C@@H]2C[C@@H](O)CN2C(=O)CNC(=O)c2ccc3cc(F)ccc3n2)c(Cl)c1,0.5396046,0.5396,0.6558205,-8.7600,1.0000000,1.0000,[],45
5.8648,52.9801,14.4314,0.5266523,CC[C@@H](NC(=O)CNC(=O)c1ccc2cc(F)ccc2n1)c1ccc(-c2ccc(Cl)cn2)nc1,1,COc1ccc([C@H](C)NC(=O)[C@@H]2C[C@@H](O)CN2C(=O)CNC(=O)c2ccc3cc(F)ccc3n2)c(Cl)c1,0.4087651,0.4088,0.6785380,-8.9600,1.0000000,1.0000,[],45
6.6294,22.1897,55.2777,0.6052140,CN(C)C[C@@H](NC(=O)CNC(=O)c1ccc2cc(F)ccc2n1)c1ccc(Cl)cc1,1,COc1ccc([C@H](C)NC(=O)[C@@H]2C[C@@H](O)CN2C(=O)CNC(=O)c2ccc3cc(F)ccc3n2)c(Cl)c1,0.6058214,0.6058,0.6046071,-8.3300,1.0000000,1.0000,[],45
1.8860,15.8679,53.4294,0.5413849,COc1ccc2nc(C(=O)NCC(=O)N3C[C@@H](O)C[C@H]3C(=O)NCc3ccc(Cl)c(Cl)c3)ccc2c1,1,COc1ccc([C@H](C)NC(=O)[C@@H]2C[C@@H](O)CN2C(=O)CNC(=O)c2ccc3cc(F)ccc3n2)c(Cl)c1,0.4312459,0.4312,0.6796530,-8.9700,1.0000000,1.0000,[],45
4.8940,61.9120,-0.5858,0.4791108,CSC[C@@H](NC(=O)CNC(=O)c1ccc2cc(F)ccc2n1)c1ccc(-c2ccc(Cl)cn2)cc1,1,COc1ccc([C@H](C)NC(=O)[C@@H]2C[C@@H](O)CN2C(=O)CNC(=O)c2ccc3cc(F)ccc3n2)c(Cl)c1,0.3481801,0.3482,0.6592771,-8.7900,1.0000000,1.0000,[],45
5.1982,44.2735,25.2121,0.5428559,CSC[C@@H](NC(=O)CNC(=O)c1ccc2cc(F)ccc2n1)c1ccc(OC2CCOCC2)c(Cl)c1,1,COc1ccc([C@H](C)NC(=O)[C@@H]2C[C@@H](O)CN2C(=O)CNC(=O)c2ccc3cc(F)ccc3n2)c(Cl)c1,0.4213708,0.4214,0.6993661,-9.1500,1.0000000,1.0000,[],45
3.0769,25.2153,44.6568,0.5458763,C[C@@H](NC(=O)CNC(=O)c1ccc2cc(F)ccc2n1)c1ccc(-c2ccc(Cl)cn2)cc1,1,COc1ccc([C@H](C)NC(=O)[C@@H]2C[C@@H](O)CN2C(=O)CNC(=O)c2ccc3cc(F)ccc3n2)c(Cl)c1,0.4348832,0.4349,0.6851977,-9.0200,1.0000000,1.0000,[],45
8.2592,30.9285,39.7465,0.5521481,CC(C)(NC(=O)CNC(=O)c1ccc2cc(F)ccc2n1)c1ccc(-c2ccc(Cl)cc2)cn1,1,COc1ccc([C@H](C)NC(=O)[C@@H]2C[C@@H](O)CN2C(=O)CNC(=O)c2ccc3cc(F)ccc3n2)c(Cl)c1,0.4155582,0.4156,0.7336336,-9.4800,1.0000000,1.0000,[],46
3.8424,26.0738,44.8391,0.5540065,CC(C)(O)C[C@@H](NC(=O)CNC(=O)c1ccc2cc(F)ccc2n1)c1ccc(Cl)c(Cl)c1,1,COc1ccc([C@H](C)NC(=O)[C@@H]2C[C@@H](O)CN2C(=O)CNC(=O)c2ccc3cc(F)ccc3n2)c(Cl)c1,0.4688251,0.4688,0.6546646,-8.7500,1.0000000,1.0000,[],46
6.6532,21.8096,54.0969,0.5930194,CN(C)C(=O)C[C@@H](NC(=O)CNC(=O)c1ccc2cc(F)ccc2n1)c1ccc(Cl)c(Cl)c1,1,COc1ccc([C@H](C)NC(=O)[C@@H]2C[C@@H](O)CN2C(=O)CNC(=O)c2ccc3cc(F)ccc3n2)c(Cl)c1,0.5270260,0.5270,0.6672764,-8.8600,1.0000000,1.0000,[],46
5.1233,30.3999,39.7546,0.5480818,CN(C)CC(O)(Cc1ccc(Cl)cc1)[C@@H]1C[C@@H](O)CN1C(=O)CNC(=O)c1ccc2cc(F)ccc2n1,1,COc1ccc([C@H](C)NC(=O)[C@@H]2C[C@@H](O)CN2C(=O)CNC(=O)c2ccc3cc(F)ccc3n2)c(Cl)c1,0.4140173,0.4140,0.7255583,-9.4000,1.0000000,1.0000,[],46
1.9767,15.8679,53.4294,0.5413849,COc1ccc2nc(C(=O)NCC(=O)N3C[C@@H](O)C[C@H]3C(=O)NCc3ccc(Cl)c(Cl)c3)ccc2c1,1,COc1ccc([C@H](C)NC(=O)[C@@H]2C[C@@H](O)CN2C(=O)CNC(=O)c2ccc3cc(F)ccc3n2)c(Cl)c1,0.4312459,0.4312,0.6796530,-8.9700,1.0000000,1.0000,[],46
3.6478,40.0973,34.6225,0.5837486,CSC[C@@H](NC(=O)CNC(=O)c1ccc2cc(F)ccc2n1)c1ccc(Cl)c(Cl)c1,1,COc1ccc([C@H](C)NC(=O)[C@@H]2C[C@@H](O)CN2C(=O)CNC(=O)c2ccc3cc(F)ccc3n2)c(Cl)c1,0.5328781,0.5329,0.6394753,-8.6200,1.0000000,1.0000,[],46
3.0815,34.9646,34.2181,0.5404898,C[C@@H](NC(=O)CNC(=O)c1ccc2cc(F)ccc2n1)c1ccc(-c2ccc(Cl)cn2)nc1,1,COc1ccc([C@H](C)NC(=O)[C@@H]2C[C@@H](O)CN2C(=O)CNC(=O)c2ccc3cc(F)ccc3n2)c(Cl)c1,0.4486110,0.4486,0.6511860,-8.7200,1.0000000,1.0000,[],46
2.5896,4.3193,72.6299,0.6011659,O=C(NCC(=O)N1C[C@H](O)C[C@H]1C(=O)NCc1ccc(Cl)c(Cl)c1)c1ccc2cc(F)ccc2n1,1,COc1ccc([C@H](C)NC(=O)[C@@H]2C[C@@H](O)CN2C(=O)CNC(=O)c2ccc3cc(F)ccc3n2)c(Cl)c1,0.4640416,0.4640,0.7788103,-9.9600,1.0000000,1.0000,[],46
7.6634,4.2413,63.6868,0.5306876,O=C(NCC(=O)N1C[C@H](O)C[C@H]1C(=O)N[C@@H](CO)c1cccc(Cl)c1)c1ccc2cc(F)ccc2n1,1,COc1ccc([C@H](C)NC(=O)[C@@H]2C[C@@H](O)CN2C(=O)CNC(=O)c2ccc3cc(F)ccc3n2)c(Cl)c1,0.3782864,0.3783,0.7444872,-9.5900,1.0000000,1.0000,[],46
2.9616,6.1025,73.9591,0.6254817,CN(C)C(=O)[C@@H]1C[C@@H](O)CN1C(=O)CNC(=O)c1ccc2cc(F)ccc2n1,1,COc1ccc([C@H](C)NC(=O)[C@@H]2C[C@@H](O)CN2C(=O)CNC(=O)c2ccc3cc(F)ccc3n2)c(Cl)c1,0.7764949,0.7765,0.5038376,-7.5300,1.0000000,1.0000,[],47
6.4483,49.7593,15.4475,0.5094280,COC[C@@H](NC(=O)CNC(=O)c1ccc2cc(F)ccc2n1)c1ccc(-c2ccc(Cl)cn2)cc1,1,COc1ccc([C@H](C)NC(=O)[C@@H]2C[C@@H](O)CN2C(=O)CNC(=O)c2ccc3cc(F)ccc3n2)c(Cl)c1,0.3818372,0.3818,0.6796530,-8.9700,1.0000000,1.0000,[],47
8.3814,23.6486,42.5133,0.5168898,CO[C@@H]1C[C@@H](C(=O)NCc2ccc(-c3ccccn3)cn2)N(C(=O)CNC(=O)c2ccc3cc(F)ccc3n2)C1,1,COc1ccc([C@H](C)NC(=O)[C@@H]2C[C@@H](O)CN2C(=O)CNC(=O)c2ccc3cc(F)ccc3n2)c(Cl)c1,0.3503762,0.3504,0.7625377,-9.7800,1.0000000,1.0000,[],47
2.1155,15.8679,53.4294,0.5413849,COc1ccc2nc(C(=O)NCC(=O)N3C[C@@H](O)C[C@H]3C(=O)NCc3ccc(Cl)c(Cl)c3)ccc2c1,1,COc1ccc([C@H](C)NC(=O)[C@@H]2C[C@@H](O)CN2C(=O)CNC(=O)c2ccc3cc(F)ccc3n2)c(Cl)c1,0.4312459,0.4312,0.6796530,-8.9700,1.0000000,1.0000,[],47
8.3022,41.8395,25.7770,0.5282535,CSC[C@@H](NC(=O)CNC(=O)c1ccc2cc(F)ccc2n1)c1ccc(C(F)(F)F)c(F)c1,1,COc1ccc([C@H](C)NC(=O)[C@@H]2C[C@@H](O)CN2C(=O)CNC(=O)c2ccc3cc(F)ccc3n2)c(Cl)c1,0.4864456,0.4864,0.5736546,-8.0800,1.0000000,1.0000,[],47
3.1843,40.0973,34.6225,0.5837486,CSC[C@@H](NC(=O)CNC(=O)c1ccc2cc(F)ccc2n1)c1ccc(Cl)c(Cl)c1,1,COc1ccc([C@H](C)NC(=O)[C@@H]2C[C@@H](O)CN2C(=O)CNC(=O)c2ccc3cc(F)ccc3n2)c(Cl)c1,0.5328781,0.5329,0.6394753,-8.6200,1.0000000,1.0000,[],47
8.0437,50.1986,9.9322,0.4697713,CSC[C@@H](NC(=O)CNC(=O)c1ccc2cc(F)ccc2n1)c1ccc(OCC(F)(F)F)c(Cl)c1,1,COc1ccc([C@H](C)NC(=O)[C@@H]2C[C@@H](O)CN2C(=O)CNC(=O)c2ccc3cc(F)ccc3n2)c(Cl)c1,0.3847003,0.3847,0.5736546,-8.0800,1.0000000,1.0000,[],47
4.3251,37.0158,34.0861,0.5554834,Cc1ccc([C@@H](C)NC(=O)CNC(=O)c2ccc3cc(F)ccc3n2)c(-c2ccc(Cl)cc2)n1,1,COc1ccc([C@H](C)NC(=O)[C@@H]2C[C@@H](O)CN2C(=O)CNC(=O)c2ccc3cc(F)ccc3n2)c(Cl)c1,0.4096959,0.4097,0.7531484,-9.6800,1.0000000,1.0000,[],47
12.3516,49.5811,17.8789,0.5270310,Cn1cc([C@@H](CN2CCC[C@@H]2C(=O)CNC(=O)c2ccc3cc(F)ccc3n2)c2ccc(Cl)cc2)cn1,1,COc1ccc([C@H](C)NC(=O)[C@@H]2C[C@@H](O)CN2C(=O)CNC(=O)c2ccc3cc(F)ccc3n2)c(Cl)c1,0.3740719,0.3741,0.7425356,-9.5700,1.0000000,1.0000,[],47
2.9009,26.0738,44.8391,0.5540065,CC(C)(O)C[C@@H](NC(=O)CNC(=O)c1ccc2cc(F)ccc2n1)c1ccc(Cl)c(Cl)c1,1,COc1ccc([C@H](C)NC(=O)[C@@H]2C[C@@H](O)CN2C(=O)CNC(=O)c2ccc3cc(F)ccc3n2)c(Cl)c1,0.4688251,0.4688,0.6546646,-8.7500,1.0000000,1.0000,[],48
10.8537,21.6740,37.7219,0.4640308,CC(C)(O)C[C@@H](NC(=O)CNC(=O)c1ccc2cc(F)ccc2n1)c1ccc(OCC(F)(F)F)cc1,1,COc1ccc([C@H](C)NC(=O)[C@@H]2C[C@@H](O)CN2C(=O)CNC(=O)c2ccc3cc(F)ccc3n2)c(Cl)c1,0.3795030,0.3795,0.5673858,-8.0300,1.0000000,1.0000,[],48
8.0820,38.7421,23.7408,0.4881476,CC(C)c1ccc([C@@H](C)NC(=O)CNC(=O)c2ccc3cc(F)ccc3n2)c(-c2ccc(Cl)cc2)c1,1,COc1ccc([C@H](C)NC(=O)[C@@H]2C[C@@H](O)CN2C(=O)CNC(=O)c2ccc3cc(F)ccc3n2)c(Cl)c1,0.3052752,0.3053,0.7805681,-9.9800,1.0000000,1.0000,[],48
5.7600,26.8422,49.8794,0.5993876,CN(C)CC[C@@H](NC(=O)CNC(=O)c1ccc2cc(F)ccc2n1)c1ccc(Cl)c(Cl)c1,1,COc1ccc([C@H](C)NC(=O)[C@@H]2C[C@@H](O)CN2C(=O)CNC(=O)c2ccc3cc(F)ccc3n2)c(Cl)c1,0.5098007,0.5098,0.7047176,-9.2000,1.0000000,1.0000,[],48
2.2210,15.8679,53.4294,0.5413849,COc1ccc2nc(C(=O)NCC(=O)N3C[C@@H](O)C[C@H]3C(=O)NCc3ccc(Cl)c(Cl)c3)ccc2c1,1,COc1ccc([C@H](C)NC(=O)[C@@H]2C[C@@H](O)CN2C(=O)CNC(=O)c2ccc3cc(F)ccc3n2)c(Cl)c1,0.4312459,0.4312,0.6796530,-8.9700,1.0000000,1.0000,[],48
2.6589,34.9646,34.2181,0.5404898,C[C@@H](NC(=O)CNC(=O)c1ccc2cc(F)ccc2n1)c1ccc(-c2ccc(Cl)cn2)nc1,1,COc1ccc([C@H](C)NC(=O)[C@@H]2C[C@@H](O)CN2C(=O)CNC(=O)c2ccc3cc(F)ccc3n2)c(Cl)c1,0.4486110,0.4486,0.6511860,-8.7200,1.0000000,1.0000,[],48
3.0596,34.7738,36.9226,0.5601280,C[C@H](NC(=O)CNC(=O)c1ccc2cc(F)ccc2n1)c1ccc(-c2ccc(Cl)cn2)nc1,1,COc1ccc([C@H](C)NC(=O)[C@@H]2C[C@@H](O)CN2C(=O)CNC(=O)c2ccc3cc(F)ccc3n2)c(Cl)c1,0.4486110,0.4486,0.6993661,-9.1500,1.0000000,1.0000,[],48
6.4703,27.1054,33.2097,0.4712118,CC(C)(NC(=O)CNC(=O)c1ccc2cc(F)ccc2n1)c1ccc(-c2ccc(C(F)(F)F)cc2)cc1,1,COc1ccc([C@H](C)NC(=O)[C@@H]2C[C@@H](O)CN2C(=O)CNC(=O)c2ccc3cc(F)ccc3n2)c(Cl)c1,0.3209690,0.3210,0.6917819,-9.0800,1.0000000,1.0000,[],49
4.2119,32.1107,29.7889,0.4835903,CC(C)(O)C[C@@H](NC(=O)CNC(=O)c1ccc2cc(F)ccc2n1)c1ccc(-c2ccc(Cl)cc2)cc1,1,COc1ccc([C@H](C)NC(=O)[C@@H]2C[C@@H](O)CN2C(=O)CNC(=O)c2ccc3cc(F)ccc3n2)c(Cl)c1,0.2888221,0.2888,0.8097013,-10.3300,1.0000000,1.0000,[],49
2.9402,26.0738,44.8391,0.5540065,CC(C)(O)C[C@@H](NC(=O)CNC(=O)c1ccc2cc(F)ccc2n1)c1ccc(Cl)c(Cl)c1,1,COc1ccc([C@H](C)NC(=O)[C@@H]2C[C@@H](O)CN2C(=O)CNC(=O)c2ccc3cc(F)ccc3n2)c(Cl)c1,0.4688251,0.4688,0.6546646,-8.7500,1.0000000,1.0000,[],49
3.3746,30.3999,39.7546,0.5480818,CN(C)CC(O)(Cc1ccc(Cl)cc1)[C@@H]1C[C@@H](O)CN1C(=O)CNC(=O)c1ccc2cc(F)ccc2n1,1,COc1ccc([C@H](C)NC(=O)[C@@H]2C[C@@H](O)CN2C(=O)CNC(=O)c2ccc3cc(F)ccc3n2)c(Cl)c1,0.4140173,0.4140,0.7255583,-9.4000,1.0000000,1.0000,[],49
14.4751,38.1838,27.6890,0.5146307,CN(Cc1ccc(-c2ccncc2)nc1)C(=O)CNC(=O)CNC(=O)c1ccc2cc(F)ccc2n1,1,COc1ccc([C@H](C)NC(=O)[C@@H]2C[C@@H](O)CN2C(=O)CNC(=O)c2ccc3cc(F)ccc3n2)c(Cl)c1,0.3948924,0.3949,0.6706758,-8.8900,1.0000000,1.0000,[],49
6.3584,60.9807,3.1876,0.5013151,COC[C@@H](NC(=O)CNC(=O)c1ccc2cc(F)ccc2n1)c1ccc(-c2ccc(Cl)cn2)nc1,1,COc1ccc([C@H](C)NC(=O)[C@@H]2C[C@@H](O)CN2C(=O)CNC(=O)c2ccc3cc(F)ccc3n2)c(Cl)c1,0.3873219,0.3873,0.6488578,-8.7000,1.0000000,1.0000,[],49
2.2232,15.8679,53.4294,0.5413849,COc1ccc2nc(C(=O)NCC(=O)N3C[C@@H](O)C[C@H]3C(=O)NCc3ccc(Cl)c(Cl)c3)ccc2c1,1,COc1ccc([C@H](C)NC(=O)[C@@H]2C[C@@H](O)CN2C(=O)CNC(=O)c2ccc3cc(F)ccc3n2)c(Cl)c1,0.4312459,0.4312,0.6796530,-8.9700,1.0000000,1.0000,[],49
7.3293,21.4333,30.6513,0.4069109,COc1ccc2nc(C(=O)NCC(=O)N3C[C@@H](O)C[C@H]3C(=O)NCc3ccc(Cl)nc3)ccc2c1,1,COc1ccc([C@H](C)NC(=O)[C@@H]2C[C@@H](O)CN2C(=O)CNC(=O)c2ccc3cc(F)ccc3n2)c(Cl)c1,0.4187644,0.4188,0.3953929,-6.6700,1.0000000,1.0000,[],49
3.0111,34.7738,36.9226,0.5601280,C[C@H](NC(=O)CNC(=O)c1ccc2cc(F)ccc2n1)c1ccc(-c2ccc(Cl)cn2)nc1,1,COc1ccc([C@H](C)NC(=O)[C@@H]2C[C@@H](O)CN2C(=O)CNC(=O)c2ccc3cc(F)ccc3n2)c(Cl)c1,0.4486110,0.4486,0.6993661,-9.1500,1.0000000,1.0000,[],49
1.9459,4.3193,72.6299,0.6011659,O=C(NCC(=O)N1C[C@H](O)C[C@H]1C(=O)NCc1ccc(Cl)c(Cl)c1)c1ccc2cc(F)ccc2n1,1,COc1ccc([C@H](C)NC(=O)[C@@H]2C[C@@H](O)CN2C(=O)CNC(=O)c2ccc3cc(F)ccc3n2)c(Cl)c1,0.4640416,0.4640,0.7788103,-9.9600,1.0000000,1.0000,[],49
3.1811,26.0738,44.8391,0.5540065,CC(C)(O)C[C@@H](NC(=O)CNC(=O)c1ccc2cc(F)ccc2n1)c1ccc(Cl)c(Cl)c1,1,COc1ccc([C@H](C)NC(=O)[C@@H]2C[C@@H](O)CN2C(=O)CNC(=O)c2ccc3cc(F)ccc3n2)c(Cl)c1,0.4688251,0.4688,0.6546646,-8.7500,1.0000000,1.0000,[],50
3.3427,30.3999,39.7546,0.5480818,CN(C)CC(O)(Cc1ccc(Cl)cc1)[C@@H]1C[C@@H](O)CN1C(=O)CNC(=O)c1ccc2cc(F)ccc2n1,1,COc1ccc([C@H](C)NC(=O)[C@@H]2C[C@@H](O)CN2C(=O)CNC(=O)c2ccc3cc(F)ccc3n2)c(Cl)c1,0.4140173,0.4140,0.7255583,-9.4000,1.0000000,1.0000,[],50
3.2612,24.7460,51.9155,0.5989186,CN(C)C[C@@H](NC(=O)CNC(=O)c1ccc2cc(F)ccc2n1)c1ccc(Cl)c(Cl)c1,1,COc1ccc([C@H](C)NC(=O)[C@@H]2C[C@@H](O)CN2C(=O)CNC(=O)c2ccc3cc(F)ccc3n2)c(Cl)c1,0.5588749,0.5589,0.6418314,-8.6400,1.0000000,1.0000,[],50
3.4406,40.0973,34.6225,0.5837486,CSC[C@@H](NC(=O)CNC(=O)c1ccc2cc(F)ccc2n1)c1ccc(Cl)c(Cl)c1,1,COc1ccc([C@H](C)NC(=O)[C@@H]2C[C@@H](O)CN2C(=O)CNC(=O)c2ccc3cc(F)ccc3n2)c(Cl)c1,0.5328781,0.5329,0.6394753,-8.6200,1.0000000,1.0000,[],50
3.0434,34.7738,36.9226,0.5601280,C[C@H](NC(=O)CNC(=O)c1ccc2cc(F)ccc2n1)c1ccc(-c2ccc(Cl)cn2)nc1,1,COc1ccc([C@H](C)NC(=O)[C@@H]2C[C@@H](O)CN2C(=O)CNC(=O)c2ccc3cc(F)ccc3n2)c(Cl)c1,0.4486110,0.4486,0.6993661,-9.1500,1.0000000,1.0000,[],50
5.0078,35.5685,25.1692,0.4745136,Cc1ccc(CNC(=O)CNC(=O)c2ccc3cc(F)ccc3n2)c([C@@H](C)NCc2ccc(Cl)c(Cl)c2)n1,1,COc1ccc([C@H](C)NC(=O)[C@@H]2C[C@@H](O)CN2C(=O)CNC(=O)c2ccc3cc(F)ccc3n2)c(Cl)c1,0.2617739,0.2618,0.8601437,-11.0500,1.0000000,1.0000,[],50
1.8519,4.3193,72.6299,0.6011659,O=C(NCC(=O)N1C[C@H](O)C[C@H]1C(=O)NCc1ccc(Cl)c(Cl)c1)c1ccc2cc(F)ccc2n1,1,COc1ccc([C@H](C)NC(=O)[C@@H]2C[C@@H](O)CN2C(=O)CNC(=O)c2ccc3cc(F)ccc3n2)c(Cl)c1,0.4640416,0.4640,0.7788103,-9.9600,1.0000000,1.0000,[],50
11.0095,57.7526,0.8020,0.4574576,CC(C)C[C@@H](NC(=O)CNC(=O)c1ccc2cc(F)ccc2n1)c1ccc(Oc2ccc(Cl)cn2)c(Cl)c1,1,COc1ccc([C@H](C)NC(=O)[C@@H]2C[C@@H](O)CN2C(=O)CNC(=O)c2ccc3cc(F)ccc3n2)c(Cl)c1,0.2460080,0.2460,0.8506529,-10.9000,1.0000000,1.0000,[],51
11.3425,37.7328,29.5750,0.5258425,CC(C)N(Cc1ccc(C(F)(F)F)nc1)C(=O)CNC(=O)CNC(=O)c1ccc2cc(F)ccc2n1,1,COc1ccc([C@H](C)NC(=O)[C@@H]2C[C@@H](O)CN2C(=O)CNC(=O)c2ccc3cc(F)ccc3n2)c(Cl)c1,0.4582666,0.4583,0.6033832,-8.3200,1.0000000,1.0000,[],51
10.0078,26.4230,50.1187,0.5979822,CC(C)N(Cc1ccc(Cl)cc1)C(=O)C1C[C@@H](O)CN1C(=O)CNC(=O)c1ccc2cc(F)ccc2n1,1,COc1ccc([C@H](C)NC(=O)[C@@H]2C[C@@H](O)CN2C(=O)CNC(=O)c2ccc3cc(F)ccc3n2)c(Cl)c1,0.4921477,0.4921,0.7265760,-9.4100,1.0000000,1.0000,[],51
14.2771,45.6615,16.5068,0.4856898,CN(C)C(=O)C[C@@H](NC(=O)CNC(=O)c1ccc2cc(F)ccc2n1)c1ccc(-c2ccc(Cl)c(Cl)c2)cc1,1,COc1ccc([C@H](C)NC(=O)[C@@H]2C[C@@H](O)CN2C(=O)CNC(=O)c2ccc3cc(F)ccc3n2)c(Cl)c1,0.2979412,0.2979,0.7917488,-10.1100,1.0000000,1.0000,[],51
3.2081,21.8096,54.0969,0.5930194,CN(C)C(=O)C[C@@H](NC(=O)CNC(=O)c1ccc2cc(F)ccc2n1)c1ccc(Cl)c(Cl)c1,1,COc1ccc([C@H](C)NC(=O)[C@@H]2C[C@@H](O)CN2C(=O)CNC(=O)c2ccc3cc(F)ccc3n2)c(Cl)c1,0.5270260,0.5270,0.6672764,-8.8600,1.0000000,1.0000,[],51
4.2456,6.1025,73.9591,0.6254817,CN(C)C(=O)[C@@H]1C[C@@H](O)CN1C(=O)CNC(=O)c1ccc2cc(F)ccc2n1,1,COc1ccc([C@H](C)NC(=O)[C@@H]2C[C@@H](O)CN2C(=O)CNC(=O)c2ccc3cc(F)ccc3n2)c(Cl)c1,0.7764949,0.7765,0.5038376,-7.5300,1.0000000,1.0000,[],51
8.6260,22.6776,44.2540,0.5229030,CN(C)CC(NC(=O)CNC(=O)c1ccc2cc(F)ccc2n1)c1ccc(OC(F)(F)F)cc1,1,COc1ccc([C@H](C)NC(=O)[C@@H]2C[C@@H](O)CN2C(=O)CNC(=O)c2ccc3cc(F)ccc3n2)c(Cl)c1,0.4851327,0.4851,0.5636141,-8.0000,1.0000000,1.0000,[],51
6.4004,19.4836,44.2130,0.4976302,COc1ccc2nc(C(=O)NCC(=O)N3C[C@@H](O)C[C@H]3C(=O)N[C@@H](C)c3ccc(Cl)c(Cl)c3)ccc2c1,1,COc1ccc([C@H](C)NC(=O)[C@@H]2C[C@@H](O)CN2C(=O)CNC(=O)c2ccc3cc(F)ccc3n2)c(Cl)c1,0.4198369,0.4198,0.5898383,-8.2100,1.0000000,1.0000,[],51
8.4718,52.1062,5.4823,0.4499105,Cc1ccc(CNC(=O)CNC(=O)c2ccc3cc(F)ccc3n2)c([C@@H](C)NC(C)c2ccc(Cl)c(Cl)c2)n1,1,COc1ccc([C@H](C)NC(=O)[C@@H]2C[C@@H](O)CN2C(=O)CNC(=O)c2ccc3cc(F)ccc3n2)c(Cl)c1,0.2358413,0.2358,0.8582869,-11.0200,1.0000000,1.0000,[],51
5.4010,43.4137,18.4599,0.4833879,CC(C)(O)C[C@@H](NC(=O)CNC(=O)c1ccc2cc(F)ccc2n1)c1ccc(-c2ccc(Cl)cc2)nc1,1,COc1ccc([C@H](C)NC(=O)[C@@H]2C[C@@H](O)CN2C(=O)CNC(=O)c2ccc3cc(F)ccc3n2)c(Cl)c1,0.3083149,0.3083,0.7578740,-9.7300,1.0000000,1.0000,[],52
3.4131,26.0738,44.8391,0.5540065,CC(C)(O)C[C@@H](NC(=O)CNC(=O)c1ccc2cc(F)ccc2n1)c1ccc(Cl)c(Cl)c1,1,COc1ccc([C@H](C)NC(=O)[C@@H]2C[C@@H](O)CN2C(=O)CNC(=O)c2ccc3cc(F)ccc3n2)c(Cl)c1,0.4688251,0.4688,0.6546646,-8.7500,1.0000000,1.0000,[],52
5.3520,24.3392,60.1885,0.6603728,CN(C)C(=O)C[C@@H]1C[C@@H](O)CN1C(=O)CNC(=O)c1ccc2cc(F)ccc2n1,1,COc1ccc([C@H](C)NC(=O)[C@@H]2C[C@@H](O)CN2C(=O)CNC(=O)c2ccc3cc(F)ccc3n2)c(Cl)c1,0.7602000,0.7602,0.5736546,-8.0800,1.0000000,1.0000,[],52
3.5277,6.1026,73.9591,0.6254817,CN(C)C(=O)[C@@H]1C[C@@H](O)CN1C(=O)CNC(=O)c1ccc2cc(F)ccc2n1,1,COc1ccc([C@H](C)NC(=O)[C@@H]2C[C@@H](O)CN2C(=O)CNC(=O)c2ccc3cc(F)ccc3n2)c(Cl)c1,0.7764949,0.7765,0.5038376,-7.5300,1.0000000,1.0000,[],52
2.3492,15.8679,53.4294,0.5413849,COc1ccc2nc(C(=O)NCC(=O)N3C[C@@H](O)C[C@H]3C(=O)NCc3ccc(Cl)c(Cl)c3)ccc2c1,1,COc1ccc([C@H](C)NC(=O)[C@@H]2C[C@@H](O)CN2C(=O)CNC(=O)c2ccc3cc(F)ccc3n2)c(Cl)c1,0.4312459,0.4312,0.6796530,-8.9700,1.0000000,1.0000,[],52
3.6493,40.0973,34.6225,0.5837486,CSC[C@@H](NC(=O)CNC(=O)c1ccc2cc(F)ccc2n1)c1ccc(Cl)c(Cl)c1,1,COc1ccc([C@H](C)NC(=O)[C@@H]2C[C@@H](O)CN2C(=O)CNC(=O)c2ccc3cc(F)ccc3n2)c(Cl)c1,0.5328781,0.5329,0.6394753,-8.6200,1.0000000,1.0000,[],52
3.1201,34.9646,34.2181,0.5404898,C[C@@H](NC(=O)CNC(=O)c1ccc2cc(F)ccc2n1)c1ccc(-c2ccc(Cl)cn2)nc1,1,COc1ccc([C@H](C)NC(=O)[C@@H]2C[C@@H](O)CN2C(=O)CNC(=O)c2ccc3cc(F)ccc3n2)c(Cl)c1,0.4486110,0.4486,0.6511860,-8.7200,1.0000000,1.0000,[],52
3.2929,34.7738,36.9226,0.5601280,C[C@H](NC(=O)CNC(=O)c1ccc2cc(F)ccc2n1)c1ccc(-c2ccc(Cl)cn2)nc1,1,COc1ccc([C@H](C)NC(=O)[C@@H]2C[C@@H](O)CN2C(=O)CNC(=O)c2ccc3cc(F)ccc3n2)c(Cl)c1,0.4486110,0.4486,0.6993661,-9.1500,1.0000000,1.0000,[],52
1.7522,4.3193,72.6299,0.6011659,O=C(NCC(=O)N1C[C@H](O)C[C@H]1C(=O)NCc1ccc(Cl)c(Cl)c1)c1ccc2cc(F)ccc2n1,1,COc1ccc([C@H](C)NC(=O)[C@@H]2C[C@@H](O)CN2C(=O)CNC(=O)c2ccc3cc(F)ccc3n2)c(Cl)c1,0.4640416,0.4640,0.7788103,-9.9600,1.0000000,1.0000,[],52
2.7929,24.3392,60.1885,0.6603728,CN(C)C(=O)C[C@@H]1C[C@@H](O)CN1C(=O)CNC(=O)c1ccc2cc(F)ccc2n1,1,COc1ccc([C@H](C)NC(=O)[C@@H]2C[C@@H](O)CN2C(=O)CNC(=O)c2ccc3cc(F)ccc3n2)c(Cl)c1,0.7602000,0.7602,0.5736546,-8.0800,1.0000000,1.0000,[],53
2.7106,6.1026,73.9591,0.6254817,CN(C)C(=O)[C@@H]1C[C@@H](O)CN1C(=O)CNC(=O)c1ccc2cc(F)ccc2n1,1,COc1ccc([C@H](C)NC(=O)[C@@H]2C[C@@H](O)CN2C(=O)CNC(=O)c2ccc3cc(F)ccc3n2)c(Cl)c1,0.7764949,0.7765,0.5038376,-7.5300,1.0000000,1.0000,[],53
3.9856,23.8251,53.5306,0.6043414,CN(C)CC(NC(=O)CNC(=O)c1ccc2cc(F)ccc2n1)c1ccc(Cl)c(Cl)c1,1,COc1ccc([C@H](C)NC(=O)[C@@H]2C[C@@H](O)CN2C(=O)CNC(=O)c2ccc3cc(F)ccc3n2)c(Cl)c1,0.5588749,0.5589,0.6535069,-8.7400,1.0000000,1.0000,[],53
2.4645,15.8679,53.4294,0.5413849,COc1ccc2nc(C(=O)NCC(=O)N3C[C@@H](O)C[C@H]3C(=O)NCc3ccc(Cl)c(Cl)c3)ccc2c1,1,COc1ccc([C@H](C)NC(=O)[C@@H]2C[C@@H](O)CN2C(=O)CNC(=O)c2ccc3cc(F)ccc3n2)c(Cl)c1,0.4312459,0.4312,0.6796530,-8.9700,1.0000000,1.0000,[],53
5.0550,73.6775,-11.2666,0.4875855,CSC[C@@H](NC(=O)CNC(=O)c1ccc2cc(F)ccc2n1)c1ccc(-c2ccc(Cl)cn2)nc1,1,COc1ccc([C@H](C)NC(=O)[C@@H]2C[C@@H](O)CN2C(=O)CNC(=O)c2ccc3cc(F)ccc3n2)c(Cl)c1,0.3644372,0.3644,0.6523473,-8.7300,1.0000000,1.0000,[],53
6.4733,25.3638,45.1422,0.5508282,O=C(CNC(=O)C1C[C@@H](O)CN1C(=O)CNC(=O)c1ccc2cc(F)ccc2n1)c1ccc(Cl)c(Cl)c1,1,COc1ccc([C@H](C)NC(=O)[C@@H]2C[C@@H](O)CN2C(=O)CNC(=O)c2ccc3cc(F)ccc3n2)c(Cl)c1,0.3900256,0.3900,0.7779275,-9.9500,1.0000000,1.0000,[],53
1.7143,4.3193,72.6299,0.6011659,O=C(NCC(=O)N1C[C@H](O)C[C@H]1C(=O)NCc1ccc(Cl)c(Cl)c1)c1ccc2cc(F)ccc2n1,1,COc1ccc([C@H](C)NC(=O)[C@@H]2C[C@@H](O)CN2C(=O)CNC(=O)c2ccc3cc(F)ccc3n2)c(Cl)c1,0.4640416,0.4640,0.7788103,-9.9600,1.0000000,1.0000,[],53
12.5047,41.2161,16.8194,0.4534021,CC(O)(CNC(=O)CNC(=O)c1ccc2cc(F)ccc2n1)c1ccc(Oc2ccc(Cl)c(Cl)c2)nc1,1,COc1ccc([C@H](C)NC(=O)[C@@H]2C[C@@H](O)CN2C(=O)CNC(=O)c2ccc3cc(F)ccc3n2)c(Cl)c1,0.2990591,0.2991,0.6874008,-9.0400,1.0000000,1.0000,[],54
2.6970,24.3392,60.1885,0.6603728,CN(C)C(=O)C[C@@H]1C[C@@H](O)CN1C(=O)CNC(=O)c1ccc2cc(F)ccc2n1,1,COc1ccc([C@H](C)NC(=O)[C@@H]2C[C@@H](O)CN2C(=O)CNC(=O)c2ccc3cc(F)ccc3n2)c(Cl)c1,0.7602000,0.7602,0.5736546,-8.0800,1.0000000,1.0000,[],54
2.0892,6.1025,73.9591,0.6254817,CN(C)C(=O)[C@@H]1C[C@@H](O)CN1C(=O)CNC(=O)c1ccc2cc(F)ccc2n1,1,COc1ccc([C@H](C)NC(=O)[C@@H]2C[C@@H](O)CN2C(=O)CNC(=O)c2ccc3cc(F)ccc3n2)c(Cl)c1,0.7764949,0.7765,0.5038376,-7.5300,1.0000000,1.0000,[],54
3.7722,23.8251,53.5306,0.6043414,CN(C)CC(NC(=O)CNC(=O)c1ccc2cc(F)ccc2n1)c1ccc(Cl)c(Cl)c1,1,COc1ccc([C@H](C)NC(=O)[C@@H]2C[C@@H](O)CN2C(=O)CNC(=O)c2ccc3cc(F)ccc3n2)c(Cl)c1,0.5588749,0.5589,0.6535069,-8.7400,1.0000000,1.0000,[],54
5.4558,23.1827,58.7168,0.6398399,CN(C)Cc1ccc([C@@H]2C[C@@H](O)CN2C(=O)CNC(=O)c2ccc3cc(F)ccc3n2)c(Cl)c1,1,COc1ccc([C@H](C)NC(=O)[C@@H]2C[C@@H](O)CN2C(=O)CNC(=O)c2ccc3cc(F)ccc3n2)c(Cl)c1,0.5611112,0.5611,0.7296150,-9.4400,1.0000000,1.0000,[],54
9.9682,30.9471,34.3534,0.5101603,CNC[C@@H](NC(=O)CNC(=O)c1ccc2cc(F)ccc2n1)c1ccc(OC2COC2)c(Cl)c1,1,COc1ccc([C@H](C)NC(=O)[C@@H]2C[C@@H](O)CN2C(=O)CNC(=O)c2ccc3cc(F)ccc3n2)c(Cl)c1,0.4295984,0.4296,0.6058297,-8.3400,1.0000000,1.0000,[],54
6.5803,23.6486,42.5133,0.5168898,CO[C@@H]1C[C@@H](C(=O)NCc2ccc(-c3ccccn3)cn2)N(C(=O)CNC(=O)c2ccc3cc(F)ccc3n2)C1,1,COc1ccc([C@H](C)NC(=O)[C@@H]2C[C@@H](O)CN2C(=O)CNC(=O)c2ccc3cc(F)ccc3n2)c(Cl)c1,0.3503762,0.3504,0.7625377,-9.7800,1.0000000,1.0000,[],54
2.5624,15.8679,53.4294,0.5413849,COc1ccc2nc(C(=O)NCC(=O)N3C[C@@H](O)C[C@H]3C(=O)NCc3ccc(Cl)c(Cl)c3)ccc2c1,1,COc1ccc([C@H](C)NC(=O)[C@@H]2C[C@@H](O)CN2C(=O)CNC(=O)c2ccc3cc(F)ccc3n2)c(Cl)c1,0.4312459,0.4312,0.6796530,-8.9700,1.0000000,1.0000,[],54
1.7553,4.3193,72.6299,0.6011659,O=C(NCC(=O)N1C[C@H](O)C[C@H]1C(=O)NCc1ccc(Cl)c(Cl)c1)c1ccc2cc(F)ccc2n1,1,COc1ccc([C@H](C)NC(=O)[C@@H]2C[C@@H](O)CN2C(=O)CNC(=O)c2ccc3cc(F)ccc3n2)c(Cl)c1,0.4640416,0.4640,0.7788103,-9.9600,1.0000000,1.0000,[],54
7.2468,11.0008,66.6501,0.6066478,CC(C)c1ccc(CNC(=O)C2C[C@@H](O)CN2C(=O)CNC(=O)c2ccc3cc(F)ccc3n2)cc1,1,COc1ccc([C@H](C)NC(=O)[C@@H]2C[C@@H](O)CN2C(=O)CNC(=O)c2ccc3cc(F)ccc3n2)c(Cl)c1,0.4693831,0.4694,0.7840537,-10.0200,1.0000000,1.0000,[],55
4.8680,12.3060,68.5644,0.6317997,CN(C)C(=O)C1C[C@@H](O)CN1C(=O)CNC(=O)c1ccc2cc(F)ccc2n1,1,COc1ccc([C@H](C)NC(=O)[C@@H]2C[C@@H](O)CN2C(=O)CNC(=O)c2ccc3cc(F)ccc3n2)c(Cl)c1,0.7764949,0.7765,0.5140676,-7.6100,1.0000000,1.0000,[],55
1.7671,6.1025,73.9591,0.6254817,CN(C)C(=O)[C@@H]1C[C@@H](O)CN1C(=O)CNC(=O)c1ccc2cc(F)ccc2n1,1,COc1ccc([C@H](C)NC(=O)[C@@H]2C[C@@H](O)CN2C(=O)CNC(=O)c2ccc3cc(F)ccc3n2)c(Cl)c1,0.7764949,0.7765,0.5038376,-7.5300,1.0000000,1.0000,[],55
5.0315,22.6776,44.2540,0.5229030,CN(C)CC(NC(=O)CNC(=O)c1ccc2cc(F)ccc2n1)c1ccc(OC(F)(F)F)cc1,1,COc1ccc([C@H](C)NC(=O)[C@@H]2C[C@@H](O)CN2C(=O)CNC(=O)c2ccc3cc(F)ccc3n2)c(Cl)c1,0.4851327,0.4851,0.5636141,-8.0000,1.0000000,1.0000,[],55
7.7175,21.1588,44.0351,0.5093272,CN(C)CC(NC(=O)CNC(=O)c1ccc2cc(F)ccc2n1)c1ccc(OCC(F)(F)F)cc1,1,COc1ccc([C@H](C)NC(=O)[C@@H]2C[C@@H](O)CN2C(=O)CNC(=O)c2ccc3cc(F)ccc3n2)c(Cl)c1,0.4473431,0.4473,0.5798998,-8.1300,1.0000000,1.0000,[],55
2.6235,15.8679,53.4294,0.5413849,COc1ccc2nc(C(=O)NCC(=O)N3C[C@@H](O)C[C@H]3C(=O)NCc3ccc(Cl)c(Cl)c3)ccc2c1,1,COc1ccc([C@H](C)NC(=O)[C@@H]2C[C@@H](O)CN2C(=O)CNC(=O)c2ccc3cc(F)ccc3n2)c(Cl)c1,0.4312459,0.4312,0.6796530,-8.9700,1.0000000,1.0000,[],55
7.1388,39.6183,25.9126,0.5119604,C[C@H](NC(=O)CNC(=O)c1ccc2cc(F)ccc2n1)c1ccc(-c2ccc(C(F)(F)F)cn2)nc1,1,COc1ccc([C@H](C)NC(=O)[C@@H]2C[C@@H](O)CN2C(=O)CNC(=O)c2ccc3cc(F)ccc3n2)c(Cl)c1,0.3837611,0.3838,0.6829860,-9.0000,1.0000000,1.0000,[],55
1.9416,4.3193,72.6299,0.6011659,O=C(NCC(=O)N1C[C@H](O)C[C@H]1C(=O)NCc1ccc(Cl)c(Cl)c1)c1ccc2cc(F)ccc2n1,1,COc1ccc([C@H](C)NC(=O)[C@@H]2C[C@@H](O)CN2C(=O)CNC(=O)c2ccc3cc(F)ccc3n2)c(Cl)c1,0.4640416,0.4640,0.7788103,-9.9600,1.0000000,1.0000,[],55
17.8037,44.0090,27.0322,0.5550091,CC[C@@H](NC(=O)CNC(=O)CO)c1ccc2cc(F)ccc2n1,1,COc1ccc([C@H](C)NC(=O)[C@@H]2C[C@@H](O)CN2C(=O)CNC(=O)c2ccc3cc(F)ccc3n2)c(Cl)c1,0.7420346,0.7420,0.4151223,-6.8300,1.0000000,1.0000,[],56
7.6449,47.1740,20.8187,0.5311937,CCc1ccc([C@@H]2C[C@@H](O)CN2C(=O)CNC(=O)CNC(=O)c2ccc3cc(F)ccc3n2)c(Cl)n1,1,COc1ccc([C@H](C)NC(=O)[C@@H]2C[C@@H](O)CN2C(=O)CNC(=O)c2ccc3cc(F)ccc3n2)c(Cl)c1,0.4158452,0.4158,0.6785380,-8.9600,1.0000000,1.0000,[],56
1.5812,6.1025,73.9591,0.6254817,CN(C)C(=O)[C@@H]1C[C@@H](O)CN1C(=O)CNC(=O)c1ccc2cc(F)ccc2n1,1,COc1ccc([C@H](C)NC(=O)[C@@H]2C[C@@H](O)CN2C(=O)CNC(=O)c2ccc3cc(F)ccc3n2)c(Cl)c1,0.7764949,0.7765,0.5038376,-7.5300,1.0000000,1.0000,[],56
10.9916,59.1766,-1.0750,0.4539188,COC[C@@H](NC(=O)CNC(=O)c1ccc2cc(F)ccc2n1)c1ccc(-c2ccc(C(F)(F)F)nc2)nc1,1,COc1ccc([C@H](C)NC(=O)[C@@H]2C[C@@H](O)CN2C(=O)CNC(=O)c2ccc3cc(F)ccc3n2)c(Cl)c1,0.3347224,0.3347,0.6155615,-8.4200,1.0000000,1.0000,[],56
2.6875,15.8679,53.4294,0.5413849,COc1ccc2nc(C(=O)NCC(=O)N3C[C@@H](O)C[C@H]3C(=O)NCc3ccc(Cl)c(Cl)c3)ccc2c1,1,COc1ccc([C@H](C)NC(=O)[C@@H]2C[C@@H](O)CN2C(=O)CNC(=O)c2ccc3cc(F)ccc3n2)c(Cl)c1,0.4312459,0.4312,0.6796530,-8.9700,1.0000000,1.0000,[],56
4.1468,10.5212,69.9655,0.6288024,Cc1ccc(CNC(=O)C2C[C@@H](O)CN2C(=O)CNC(=O)c2ccc3cc(F)ccc3n2)cc1,1,COc1ccc([C@H](C)NC(=O)[C@@H]2C[C@@H](O)CN2C(=O)CNC(=O)c2ccc3cc(F)ccc3n2)c(Cl)c1,0.5141896,0.5142,0.7689624,-9.8500,1.0000000,1.0000,[],56
2.8041,25.3638,45.1422,0.5508282,O=C(CNC(=O)C1C[C@@H](O)CN1C(=O)CNC(=O)c1ccc2cc(F)ccc2n1)c1ccc(Cl)c(Cl)c1,1,COc1ccc([C@H](C)NC(=O)[C@@H]2C[C@@H](O)CN2C(=O)CNC(=O)c2ccc3cc(F)ccc3n2)c(Cl)c1,0.3900256,0.3900,0.7779275,-9.9500,1.0000000,1.0000,[],56
1.8796,4.3193,72.6299,0.6011659,O=C(NCC(=O)N1C[C@H](O)C[C@H]1C(=O)NCc1ccc(Cl)c(Cl)c1)c1ccc2cc(F)ccc2n1,1,COc1ccc([C@H](C)NC(=O)[C@@H]2C[C@@H](O)CN2C(=O)CNC(=O)c2ccc3cc(F)ccc3n2)c(Cl)c1,0.4640416,0.4640,0.7788103,-9.9600,1.0000000,1.0000,[],56
2.9891,34.1390,31.9642,0.5164311,CC(C)(O)C[C@@H]1C[C@@H](O)CN1C(=O)CNC(=O)CNC(=O)c1ccc2cc(F)ccc2n1,1,COc1ccc([C@H](C)NC(=O)[C@@H]2C[C@@H](O)CN2C(=O)CNC(=O)c2ccc3cc(F)ccc3n2)c(Cl)c1,0.4851542,0.4852,0.5497244,-7.8900,1.0000000,1.0000,[],57
1.5939,6.1025,73.9591,0.6254817,CN(C)C(=O)[C@@H]1C[C@@H](O)CN1C(=O)CNC(=O)c1ccc2cc(F)ccc2n1,1,COc1ccc([C@H](C)NC(=O)[C@@H]2C[C@@H](O)CN2C(=O)CNC(=O)c2ccc3cc(F)ccc3n2)c(Cl)c1,0.7764949,0.7765,0.5038376,-7.5300,1.0000000,1.0000,[],57
5.8415,23.1827,58.7168,0.6398399,CN(C)Cc1ccc([C@@H]2C[C@@H](O)CN2C(=O)CNC(=O)c2ccc3cc(F)ccc3n2)c(Cl)c1,1,COc1ccc([C@H](C)NC(=O)[C@@H]2C[C@@H](O)CN2C(=O)CNC(=O)c2ccc3cc(F)ccc3n2)c(Cl)c1,0.5611112,0.5611,0.7296150,-9.4400,1.0000000,1.0000,[],57
4.9194,25.2895,58.1096,0.6515552,CSC[C@@H]1C[C@@H](O)CN1C(=O)CNC(=O)c1ccc2cc(F)ccc2n1,1,COc1ccc([C@H](C)NC(=O)[C@@H]2C[C@@H](O)CN2C(=O)CNC(=O)c2ccc3cc(F)ccc3n2)c(Cl)c1,0.8237657,0.8238,0.5153458,-7.6200,1.0000000,1.0000,[],57
3.8110,10.5212,69.9655,0.6288024,Cc1ccc(CNC(=O)C2C[C@@H](O)CN2C(=O)CNC(=O)c2ccc3cc(F)ccc3n2)cc1,1,COc1ccc([C@H](C)NC(=O)[C@@H]2C[C@@H](O)CN2C(=O)CNC(=O)c2ccc3cc(F)ccc3n2)c(Cl)c1,0.5141896,0.5142,0.7689624,-9.8500,1.0000000,1.0000,[],57
11.8336,60.3355,-60.3355,0.0000000,Cn1cc(C[C@@H]2C[C@@H](O)CN2C(=O)CNC(=O)C2CCc3cc(F)ccc3n2)c(Cl)n1,0,COc1ccc([C@H](C)NC(=O)[C@@H]2C[C@@H](O)CN2C(=O)CNC(=O)c2ccc3cc(F)ccc3n2)c(Cl)c1,0.0000000,0.0000,0.0000000,0.0000,0.0000000,0.0000,None,57
2.0366,25.3638,45.1422,0.5508282,O=C(CNC(=O)C1C[C@@H](O)CN1C(=O)CNC(=O)c1ccc2cc(F)ccc2n1)c1ccc(Cl)c(Cl)c1,1,COc1ccc([C@H](C)NC(=O)[C@@H]2C[C@@H](O)CN2C(=O)CNC(=O)c2ccc3cc(F)ccc3n2)c(Cl)c1,0.3900256,0.3900,0.7779275,-9.9500,1.0000000,1.0000,[],57
2.4099,4.3193,72.6299,0.6011659,O=C(NCC(=O)N1C[C@H](O)C[C@H]1C(=O)NCc1ccc(Cl)c(Cl)c1)c1ccc2cc(F)ccc2n1,1,COc1ccc([C@H](C)NC(=O)[C@@H]2C[C@@H](O)CN2C(=O)CNC(=O)c2ccc3cc(F)ccc3n2)c(Cl)c1,0.4640416,0.4640,0.7788103,-9.9600,1.0000000,1.0000,[],57
5.0555,26.9871,61.4996,0.6913016,CC(C)(O)C[C@@H]1C[C@@H](O)CN1C(=O)CNC(=O)c1ccc2cc(F)ccc2n1,1,COc1ccc([C@H](C)NC(=O)[C@@H]2C[C@@H](O)CN2C(=O)CNC(=O)c2ccc3cc(F)ccc3n2)c(Cl)c1,0.7137656,0.7138,0.6695446,-8.8800,1.0000000,1.0000,[],58
1.2666,6.1025,73.9591,0.6254817,CN(C)C(=O)[C@@H]1C[C@@H](O)CN1C(=O)CNC(=O)c1ccc2cc(F)ccc2n1,1,COc1ccc([C@H](C)NC(=O)[C@@H]2C[C@@H](O)CN2C(=O)CNC(=O)c2ccc3cc(F)ccc3n2)c(Cl)c1,0.7764949,0.7765,0.5038376,-7.5300,1.0000000,1.0000,[],58
3.5342,10.5212,69.9655,0.6288024,Cc1ccc(CNC(=O)C2C[C@@H](O)CN2C(=O)CNC(=O)c2ccc3cc(F)ccc3n2)cc1,1,COc1ccc([C@H](C)NC(=O)[C@@H]2C[C@@H](O)CN2C(=O)CNC(=O)c2ccc3cc(F)ccc3n2)c(Cl)c1,0.5141896,0.5142,0.7689624,-9.8500,1.0000000,1.0000,[],58
2.6992,25.3638,45.1422,0.5508282,O=C(CNC(=O)C1C[C@@H](O)CN1C(=O)CNC(=O)c1ccc2cc(F)ccc2n1)c1ccc(Cl)c(Cl)c1,1,COc1ccc([C@H](C)NC(=O)[C@@H]2C[C@@H](O)CN2C(=O)CNC(=O)c2ccc3cc(F)ccc3n2)c(Cl)c1,0.3900256,0.3900,0.7779275,-9.9500,1.0000000,1.0000,[],58
5.0768,4.2413,63.6868,0.5306876,O=C(NCC(=O)N1C[C@H](O)C[C@H]1C(=O)N[C@@H](CO)c1cccc(Cl)c1)c1ccc2cc(F)ccc2n1,1,COc1ccc([C@H](C)NC(=O)[C@@H]2C[C@@H](O)CN2C(=O)CNC(=O)c2ccc3cc(F)ccc3n2)c(Cl)c1,0.3782864,0.3783,0.7444872,-9.5900,1.0000000,1.0000,[],58
