,smiles,score_type,origin,m_score__min__energy,m_primary,rmsd,m_score__min__rmsd,meeko,energy,cluster_rmsd,cluster,Structure
0,O=S(=O)(Cc1ccccc1)N1C=Cc2ccccc2C1c1c[nH]c2ccccc12,oracle,autodockgpu,-6.94,energy,4.380151356206755,4.380151356206755,"{""free_energy"": -6.84, ""intermolecular_energy"": -8.04, ""internal_energy"": -2.88, ""cluster_size"": 50, ""cluster_id"": 1, ""rank_in_cluster"": 47}",-6.94,0.0,1,O=S(=O)(Cc1ccccc1)N1C=Cc2ccccc2[C@@H]1c1c[nH]c2ccccc12
1,O=S(=O)(Cc1ccccc1)N1C=Cc2ccccc2C1c1c[nH]c2ccccc12,oracle,autodockgpu,-6.94,energy,4.3446956432969435,4.3446956432969435,"{""free_energy"": -6.87, ""intermolecular_energy"": -8.06, ""internal_energy"": -2.87, ""cluster_size"": 50, ""cluster_id"": 1, ""rank_in_cluster"": 26}",-6.92,0.05,1,O=S(=O)(Cc1ccccc1)N1C=Cc2ccccc2[C@@H]1c1c[nH]c2ccccc12
2,O=S(=O)(Cc1ccccc1)N1C=Cc2ccccc2C1c1c[nH]c2ccccc12,oracle,autodockgpu,-6.94,energy,4.33581136410286,4.33581136410286,"{""free_energy"": -6.85, ""intermolecular_energy"": -8.04, ""internal_energy"": -2.88, ""cluster_size"": 50, ""cluster_id"": 1, ""rank_in_cluster"": 44}",-6.92,0.1,1,O=S(=O)(Cc1ccccc1)N1C=Cc2ccccc2[C@@H]1c1c[nH]c2ccccc12
3,O=S(=O)(Cc1ccccc1)N1C=Cc2ccccc2C1c1c[nH]c2ccccc12,oracle,autodockgpu,-6.94,energy,4.3419871119103,4.3419871119103,"{""free_energy"": -6.85, ""intermolecular_energy"": -8.05, ""internal_energy"": -2.88, ""cluster_size"": 50, ""cluster_id"": 1, ""rank_in_cluster"": 42}",-6.92,0.05,1,O=S(=O)(Cc1ccccc1)N1C=Cc2ccccc2[C@@H]1c1c[nH]c2ccccc12
4,O=S(=O)(Cc1ccccc1)N1C=Cc2ccccc2C1c1c[nH]c2ccccc12,oracle,autodockgpu,-6.94,energy,4.3444670506435505,4.3444670506435505,"{""free_energy"": -6.9, ""intermolecular_energy"": -8.09, ""internal_energy"": -2.82, ""cluster_size"": 50, ""cluster_id"": 1, ""rank_in_cluster"": 14}",-6.91,0.16,1,O=S(=O)(Cc1ccccc1)N1C=Cc2ccccc2[C@@H]1c1c[nH]c2ccccc12
5,O=S(=O)(Cc1ccccc1)N1C=Cc2ccccc2C1c1c[nH]c2ccccc12,oracle,autodockgpu,-6.94,energy,4.346695719516112,4.346695719516112,"{""free_energy"": -6.89, ""intermolecular_energy"": -8.09, ""internal_energy"": -2.83, ""cluster_size"": 50, ""cluster_id"": 1, ""rank_in_cluster"": 19}",-6.91,0.07,1,O=S(=O)(Cc1ccccc1)N1C=Cc2ccccc2[C@@H]1c1c[nH]c2ccccc12
6,O=S(=O)(Cc1ccccc1)N1C=Cc2ccccc2C1c1c[nH]c2ccccc12,oracle,autodockgpu,-6.94,energy,4.349161042473056,4.349161042473056,"{""free_energy"": -6.86, ""intermolecular_energy"": -8.05, ""internal_energy"": -2.87, ""cluster_size"": 50, ""cluster_id"": 1, ""rank_in_cluster"": 30}",-6.91,0.07,1,O=S(=O)(Cc1ccccc1)N1C=Cc2ccccc2[C@@H]1c1c[nH]c2ccccc12
7,O=S(=O)(Cc1ccccc1)N1C=Cc2ccccc2C1c1c[nH]c2ccccc12,oracle,autodockgpu,-6.94,energy,4.344472489675936,4.344472489675936,"{""free_energy"": -6.9, ""intermolecular_energy"": -8.1, ""internal_energy"": -2.83, ""cluster_size"": 50, ""cluster_id"": 1, ""rank_in_cluster"": 12}",-6.91,0.06,1,O=S(=O)(Cc1ccccc1)N1C=Cc2ccccc2[C@@H]1c1c[nH]c2ccccc12
8,O=S(=O)(Cc1ccccc1)N1C=Cc2ccccc2C1c1c[nH]c2ccccc12,oracle,autodockgpu,-6.94,energy,4.347974597250627,4.347974597250627,"{""free_energy"": -6.92, ""intermolecular_energy"": -8.11, ""internal_energy"": -2.81, ""cluster_size"": 50, ""cluster_id"": 1, ""rank_in_cluster"": 3}",-6.91,0.11,1,O=S(=O)(Cc1ccccc1)N1C=Cc2ccccc2[C@@H]1c1c[nH]c2ccccc12
9,O=S(=O)(Cc1ccccc1)N1C=Cc2ccccc2C1c1c[nH]c2ccccc12,oracle,autodockgpu,-6.94,energy,4.352770226460222,4.352770226460222,"{""free_energy"": -6.91, ""intermolecular_energy"": -8.11, ""internal_energy"": -2.82, ""cluster_size"": 50, ""cluster_id"": 1, ""rank_in_cluster"": 7}",-6.91,0.06,1,O=S(=O)(Cc1ccccc1)N1C=Cc2ccccc2[C@@H]1c1c[nH]c2ccccc12
10,O=S(=O)(Cc1ccccc1)N1C=Cc2ccccc2C1c1c[nH]c2ccccc12,oracle,autodockgpu,-6.94,energy,4.337152784769982,4.337152784769982,"{""free_energy"": -6.86, ""intermolecular_energy"": -8.05, ""internal_energy"": -2.88, ""cluster_size"": 50, ""cluster_id"": 1, ""rank_in_cluster"": 38}",-6.9,0.16,1,O=S(=O)(Cc1ccccc1)N1C=Cc2ccccc2[C@@H]1c1c[nH]c2ccccc12
11,O=S(=O)(Cc1ccccc1)N1C=Cc2ccccc2C1c1c[nH]c2ccccc12,oracle,autodockgpu,-6.94,energy,4.349689889642337,4.349689889642337,"{""free_energy"": -6.86, ""intermolecular_energy"": -8.05, ""internal_energy"": -2.88, ""cluster_size"": 50, ""cluster_id"": 1, ""rank_in_cluster"": 35}",-6.9,0.06,1,O=S(=O)(Cc1ccccc1)N1C=Cc2ccccc2[C@@H]1c1c[nH]c2ccccc12
12,O=S(=O)(Cc1ccccc1)N1C=Cc2ccccc2C1c1c[nH]c2ccccc12,oracle,autodockgpu,-6.94,energy,4.3361239320831455,4.3361239320831455,"{""free_energy"": -6.84, ""intermolecular_energy"": -8.04, ""internal_energy"": -2.89, ""cluster_size"": 50, ""cluster_id"": 1, ""rank_in_cluster"": 48}",-6.9,0.06,1,O=S(=O)(Cc1ccccc1)N1C=Cc2ccccc2[C@@H]1c1c[nH]c2ccccc12
13,O=S(=O)(Cc1ccccc1)N1C=Cc2ccccc2C1c1c[nH]c2ccccc12,oracle,autodockgpu,-6.94,energy,4.3495184015428565,4.3495184015428565,"{""free_energy"": -6.9, ""intermolecular_energy"": -8.09, ""internal_energy"": -2.84, ""cluster_size"": 50, ""cluster_id"": 1, ""rank_in_cluster"": 17}",-6.9,0.07,1,O=S(=O)(Cc1ccccc1)N1C=Cc2ccccc2[C@@H]1c1c[nH]c2ccccc12
14,O=S(=O)(Cc1ccccc1)N1C=Cc2ccccc2C1c1c[nH]c2ccccc12,oracle,autodockgpu,-6.94,energy,4.347683871214168,4.347683871214168,"{""free_energy"": -6.9, ""intermolecular_energy"": -8.1, ""internal_energy"": -2.82, ""cluster_size"": 50, ""cluster_id"": 1, ""rank_in_cluster"": 13}",-6.9,0.07,1,O=S(=O)(Cc1ccccc1)N1C=Cc2ccccc2[C@@H]1c1c[nH]c2ccccc12
15,O=S(=O)(Cc1ccccc1)N1C=Cc2ccccc2C1c1c[nH]c2ccccc12,oracle,autodockgpu,-6.94,energy,4.34636071094348,4.34636071094348,"{""free_energy"": -6.9, ""intermolecular_energy"": -8.09, ""internal_energy"": -2.82, ""cluster_size"": 50, ""cluster_id"": 1, ""rank_in_cluster"": 16}",-6.9,0.08,1,O=S(=O)(Cc1ccccc1)N1C=Cc2ccccc2[C@@H]1c1c[nH]c2ccccc12
16,O=S(=O)(Cc1ccccc1)N1C=Cc2ccccc2C1c1c[nH]c2ccccc12,oracle,autodockgpu,-6.94,energy,4.350878012855284,4.350878012855284,"{""free_energy"": -6.88, ""intermolecular_energy"": -8.07, ""internal_energy"": -2.85, ""cluster_size"": 50, ""cluster_id"": 1, ""rank_in_cluster"": 21}",-6.9,0.13,1,O=S(=O)(Cc1ccccc1)N1C=Cc2ccccc2[C@@H]1c1c[nH]c2ccccc12
17,O=S(=O)(Cc1ccccc1)N1C=Cc2ccccc2C1c1c[nH]c2ccccc12,oracle,autodockgpu,-6.94,energy,4.3519808197332335,4.3519808197332335,"{""free_energy"": -6.86, ""intermolecular_energy"": -8.05, ""internal_energy"": -2.88, ""cluster_size"": 50, ""cluster_id"": 1, ""rank_in_cluster"": 39}",-6.9,0.17,1,O=S(=O)(Cc1ccccc1)N1C=Cc2ccccc2[C@@H]1c1c[nH]c2ccccc12
18,O=S(=O)(Cc1ccccc1)N1C=Cc2ccccc2C1c1c[nH]c2ccccc12,oracle,autodockgpu,-6.94,energy,4.3415160290554216,4.3415160290554216,"{""free_energy"": -6.91, ""intermolecular_energy"": -8.11, ""internal_energy"": -2.82, ""cluster_size"": 50, ""cluster_id"": 1, ""rank_in_cluster"": 5}",-6.89,0.08,1,O=S(=O)(Cc1ccccc1)N1C=Cc2ccccc2[C@@H]1c1c[nH]c2ccccc12
19,O=S(=O)(Cc1ccccc1)N1C=Cc2ccccc2C1c1c[nH]c2ccccc12,oracle,autodockgpu,-6.94,energy,4.336427990186048,4.336427990186048,"{""free_energy"": -6.85, ""intermolecular_energy"": -8.04, ""internal_energy"": -2.88, ""cluster_size"": 50, ""cluster_id"": 1, ""rank_in_cluster"": 46}",-6.88,0.2,1,O=S(=O)(Cc1ccccc1)N1C=Cc2ccccc2[C@@H]1c1c[nH]c2ccccc12
20,O=S(=O)(Cc1ccccc1)N1C=Cc2ccccc2C1c1c[nH]c2ccccc12,oracle,autodockgpu,-6.94,energy,4.3407695212667905,4.3407695212667905,"{""free_energy"": -6.86, ""intermolecular_energy"": -8.05, ""internal_energy"": -2.88, ""cluster_size"": 50, ""cluster_id"": 1, ""rank_in_cluster"": 40}",-6.88,0.21,1,O=S(=O)(Cc1ccccc1)N1C=Cc2ccccc2[C@@H]1c1c[nH]c2ccccc12
21,O=S(=O)(Cc1ccccc1)N1C=Cc2ccccc2C1c1c[nH]c2ccccc12,oracle,autodockgpu,-6.94,energy,4.349289577817235,4.349289577817235,"{""free_energy"": -6.92, ""intermolecular_energy"": -8.11, ""internal_energy"": -2.81, ""cluster_size"": 50, ""cluster_id"": 1, ""rank_in_cluster"": 4}",-6.87,0.2,1,O=S(=O)(Cc1ccccc1)N1C=Cc2ccccc2[C@@H]1c1c[nH]c2ccccc12
22,O=S(=O)(Cc1ccccc1)N1C=Cc2ccccc2C1c1c[nH]c2ccccc12,oracle,autodockgpu,-6.94,energy,4.340155876612817,4.340155876612817,"{""free_energy"": -6.9, ""intermolecular_energy"": -8.09, ""internal_energy"": -2.84, ""cluster_size"": 50, ""cluster_id"": 1, ""rank_in_cluster"": 18}",-6.87,0.26,1,O=S(=O)(Cc1ccccc1)N1C=Cc2ccccc2[C@@H]1c1c[nH]c2ccccc12
23,O=S(=O)(Cc1ccccc1)N1C=Cc2ccccc2C1c1c[nH]c2ccccc12,oracle,autodockgpu,-6.94,energy,4.352074406482122,4.352074406482122,"{""free_energy"": -6.86, ""intermolecular_energy"": -8.05, ""internal_energy"": -2.88, ""cluster_size"": 50, ""cluster_id"": 1, ""rank_in_cluster"": 32}",-6.87,0.16,1,O=S(=O)(Cc1ccccc1)N1C=Cc2ccccc2[C@@H]1c1c[nH]c2ccccc12
24,O=S(=O)(Cc1ccccc1)N1C=Cc2ccccc2C1c1c[nH]c2ccccc12,oracle,autodockgpu,-6.94,energy,4.344755347362531,4.344755347362531,"{""free_energy"": -6.87, ""intermolecular_energy"": -8.07, ""internal_energy"": -2.85, ""cluster_size"": 50, ""cluster_id"": 1, ""rank_in_cluster"": 22}",-6.87,0.24,1,O=S(=O)(Cc1ccccc1)N1C=Cc2ccccc2[C@@H]1c1c[nH]c2ccccc12
25,O=S(=O)(Cc1ccccc1)N1C=Cc2ccccc2C1c1c[nH]c2ccccc12,oracle,autodockgpu,-6.94,energy,4.35175778753172,4.35175778753172,"{""free_energy"": -6.9, ""intermolecular_energy"": -8.1, ""internal_energy"": -2.83, ""cluster_size"": 50, ""cluster_id"": 1, ""rank_in_cluster"": 11}",-6.87,0.24,1,O=S(=O)(Cc1ccccc1)N1C=Cc2ccccc2[C@@H]1c1c[nH]c2ccccc12
26,O=S(=O)(Cc1ccccc1)N1C=Cc2ccccc2C1c1c[nH]c2ccccc12,oracle,autodockgpu,-6.94,energy,4.354372357324596,4.354372357324596,"{""free_energy"": -6.86, ""intermolecular_energy"": -8.05, ""internal_energy"": -2.87, ""cluster_size"": 50, ""cluster_id"": 1, ""rank_in_cluster"": 33}",-6.87,0.18,1,O=S(=O)(Cc1ccccc1)N1C=Cc2ccccc2[C@@H]1c1c[nH]c2ccccc12
27,O=S(=O)(Cc1ccccc1)N1C=Cc2ccccc2C1c1c[nH]c2ccccc12,oracle,autodockgpu,-6.94,energy,4.34566090352171,4.34566090352171,"{""free_energy"": -6.86, ""intermolecular_energy"": -8.05, ""internal_energy"": -2.87, ""cluster_size"": 50, ""cluster_id"": 1, ""rank_in_cluster"": 36}",-6.86,0.3,1,O=S(=O)(Cc1ccccc1)N1C=Cc2ccccc2[C@@H]1c1c[nH]c2ccccc12
28,O=S(=O)(Cc1ccccc1)N1C=Cc2ccccc2C1c1c[nH]c2ccccc12,oracle,autodockgpu,-6.94,energy,4.356834803301435,4.356834803301435,"{""free_energy"": -6.87, ""intermolecular_energy"": -8.06, ""internal_energy"": -2.86, ""cluster_size"": 50, ""cluster_id"": 1, ""rank_in_cluster"": 23}",-6.86,0.25,1,O=S(=O)(Cc1ccccc1)N1C=Cc2ccccc2[C@@H]1c1c[nH]c2ccccc12
29,O=S(=O)(Cc1ccccc1)N1C=Cc2ccccc2C1c1c[nH]c2ccccc12,oracle,autodockgpu,-6.94,energy,4.348911728134319,4.348911728134319,"{""free_energy"": -6.86, ""intermolecular_energy"": -8.05, ""internal_energy"": -2.88, ""cluster_size"": 50, ""cluster_id"": 1, ""rank_in_cluster"": 31}",-6.86,0.26,1,O=S(=O)(Cc1ccccc1)N1C=Cc2ccccc2[C@@H]1c1c[nH]c2ccccc12
30,O=S(=O)(Cc1ccccc1)N1C=Cc2ccccc2C1c1c[nH]c2ccccc12,oracle,autodockgpu,-6.94,energy,4.349111850648523,4.349111850648523,"{""free_energy"": -6.91, ""intermolecular_energy"": -8.1, ""internal_energy"": -2.83, ""cluster_size"": 50, ""cluster_id"": 1, ""rank_in_cluster"": 10}",-6.86,0.26,1,O=S(=O)(Cc1ccccc1)N1C=Cc2ccccc2[C@@H]1c1c[nH]c2ccccc12
31,O=S(=O)(Cc1ccccc1)N1C=Cc2ccccc2C1c1c[nH]c2ccccc12,oracle,autodockgpu,-6.94,energy,4.342623519708923,4.342623519708923,"{""free_energy"": -6.86, ""intermolecular_energy"": -8.05, ""internal_energy"": -2.88, ""cluster_size"": 50, ""cluster_id"": 1, ""rank_in_cluster"": 37}",-6.86,0.25,1,O=S(=O)(Cc1ccccc1)N1C=Cc2ccccc2[C@@H]1c1c[nH]c2ccccc12
32,O=S(=O)(Cc1ccccc1)N1C=Cc2ccccc2C1c1c[nH]c2ccccc12,oracle,autodockgpu,-6.94,energy,4.366137825901126,4.366137825901126,"{""free_energy"": -6.87, ""intermolecular_energy"": -8.06, ""internal_energy"": -2.84, ""cluster_size"": 50, ""cluster_id"": 1, ""rank_in_cluster"": 24}",-6.86,0.24,1,O=S(=O)(Cc1ccccc1)N1C=Cc2ccccc2[C@@H]1c1c[nH]c2ccccc12
33,O=S(=O)(Cc1ccccc1)N1C=Cc2ccccc2C1c1c[nH]c2ccccc12,oracle,autodockgpu,-6.94,energy,4.211800762794755,4.211800762794755,"{""free_energy"": -6.81, ""intermolecular_energy"": -8.01, ""internal_energy"": -2.81, ""cluster_size"": 50, ""cluster_id"": 1, ""rank_in_cluster"": 50}",-6.86,0.25,1,O=S(=O)(Cc1ccccc1)N1C=Cc2ccccc2[C@@H]1c1c[nH]c2ccccc12
34,O=S(=O)(Cc1ccccc1)N1C=Cc2ccccc2C1c1c[nH]c2ccccc12,oracle,autodockgpu,-6.94,energy,4.346013650724699,4.346013650724699,"{""free_energy"": -6.9, ""intermolecular_energy"": -8.09, ""internal_energy"": -2.82, ""cluster_size"": 50, ""cluster_id"": 1, ""rank_in_cluster"": 15}",-6.86,0.26,1,O=S(=O)(Cc1ccccc1)N1C=Cc2ccccc2[C@@H]1c1c[nH]c2ccccc12
35,O=S(=O)(Cc1ccccc1)N1C=Cc2ccccc2C1c1c[nH]c2ccccc12,oracle,autodockgpu,-6.94,energy,4.347643664574393,4.347643664574393,"{""free_energy"": -6.91, ""intermolecular_energy"": -8.1, ""internal_energy"": -2.8, ""cluster_size"": 50, ""cluster_id"": 1, ""rank_in_cluster"": 9}",-6.86,0.26,1,O=S(=O)(Cc1ccccc1)N1C=Cc2ccccc2[C@@H]1c1c[nH]c2ccccc12
36,O=S(=O)(Cc1ccccc1)N1C=Cc2ccccc2C1c1c[nH]c2ccccc12,oracle,autodockgpu,-6.94,energy,4.333729637371866,4.333729637371866,"{""free_energy"": -6.86, ""intermolecular_energy"": -8.06, ""internal_energy"": -2.86, ""cluster_size"": 50, ""cluster_id"": 1, ""rank_in_cluster"": 28}",-6.86,0.27,1,O=S(=O)(Cc1ccccc1)N1C=Cc2ccccc2[C@@H]1c1c[nH]c2ccccc12
37,O=S(=O)(Cc1ccccc1)N1C=Cc2ccccc2C1c1c[nH]c2ccccc12,oracle,autodockgpu,-6.94,energy,4.34517068823901,4.34517068823901,"{""free_energy"": -6.87, ""intermolecular_energy"": -8.06, ""internal_energy"": -2.86, ""cluster_size"": 50, ""cluster_id"": 1, ""rank_in_cluster"": 25}",-6.86,0.25,1,O=S(=O)(Cc1ccccc1)N1C=Cc2ccccc2[C@@H]1c1c[nH]c2ccccc12
38,O=S(=O)(Cc1ccccc1)N1C=Cc2ccccc2C1c1c[nH]c2ccccc12,oracle,autodockgpu,-6.94,energy,4.343310674475539,4.343310674475539,"{""free_energy"": -6.85, ""intermolecular_energy"": -8.04, ""internal_energy"": -2.89, ""cluster_size"": 50, ""cluster_id"": 1, ""rank_in_cluster"": 45}",-6.86,0.25,1,O=S(=O)(Cc1ccccc1)N1C=Cc2ccccc2[C@@H]1c1c[nH]c2ccccc12
39,O=S(=O)(Cc1ccccc1)N1C=Cc2ccccc2C1c1c[nH]c2ccccc12,oracle,autodockgpu,-6.94,energy,4.347834690682795,4.347834690682795,"{""free_energy"": -6.88, ""intermolecular_energy"": -8.08, ""internal_energy"": -2.86, ""cluster_size"": 50, ""cluster_id"": 1, ""rank_in_cluster"": 20}",-6.86,0.25,1,O=S(=O)(Cc1ccccc1)N1C=Cc2ccccc2[C@@H]1c1c[nH]c2ccccc12
40,O=S(=O)(Cc1ccccc1)N1C=Cc2ccccc2C1c1c[nH]c2ccccc12,oracle,autodockgpu,-6.94,energy,4.3586194317707365,4.3586194317707365,"{""free_energy"": -6.87, ""intermolecular_energy"": -8.06, ""internal_energy"": -2.85, ""cluster_size"": 50, ""cluster_id"": 1, ""rank_in_cluster"": 27}",-6.85,0.26,1,O=S(=O)(Cc1ccccc1)N1C=Cc2ccccc2[C@@H]1c1c[nH]c2ccccc12
41,O=S(=O)(Cc1ccccc1)N1C=Cc2ccccc2C1c1c[nH]c2ccccc12,oracle,autodockgpu,-6.94,energy,4.346971070387785,4.346971070387785,"{""free_energy"": -6.91, ""intermolecular_energy"": -8.11, ""internal_energy"": -2.82, ""cluster_size"": 50, ""cluster_id"": 1, ""rank_in_cluster"": 8}",-6.85,0.27,1,O=S(=O)(Cc1ccccc1)N1C=Cc2ccccc2[C@@H]1c1c[nH]c2ccccc12
42,O=S(=O)(Cc1ccccc1)N1C=Cc2ccccc2C1c1c[nH]c2ccccc12,oracle,autodockgpu,-6.94,energy,4.344206966876742,4.344206966876742,"{""free_energy"": -6.86, ""intermolecular_energy"": -8.05, ""internal_energy"": -2.88, ""cluster_size"": 50, ""cluster_id"": 1, ""rank_in_cluster"": 34}",-6.85,0.24,1,O=S(=O)(Cc1ccccc1)N1C=Cc2ccccc2[C@@H]1c1c[nH]c2ccccc12
43,O=S(=O)(Cc1ccccc1)N1C=Cc2ccccc2C1c1c[nH]c2ccccc12,oracle,autodockgpu,-6.94,energy,4.343902201554309,4.343902201554309,"{""free_energy"": -6.85, ""intermolecular_energy"": -8.04, ""internal_energy"": -2.88, ""cluster_size"": 50, ""cluster_id"": 1, ""rank_in_cluster"": 43}",-6.85,0.25,1,O=S(=O)(Cc1ccccc1)N1C=Cc2ccccc2[C@@H]1c1c[nH]c2ccccc12
44,O=S(=O)(Cc1ccccc1)N1C=Cc2ccccc2C1c1c[nH]c2ccccc12,oracle,autodockgpu,-6.94,energy,4.3512273616465595,4.3512273616465595,"{""free_energy"": -6.92, ""intermolecular_energy"": -8.12, ""internal_energy"": -2.8, ""cluster_size"": 50, ""cluster_id"": 1, ""rank_in_cluster"": 2}",-6.85,0.26,1,O=S(=O)(Cc1ccccc1)N1C=Cc2ccccc2[C@@H]1c1c[nH]c2ccccc12
45,O=S(=O)(Cc1ccccc1)N1C=Cc2ccccc2C1c1c[nH]c2ccccc12,oracle,autodockgpu,-6.94,energy,4.342815322709642,4.342815322709642,"{""free_energy"": -6.86, ""intermolecular_energy"": -8.05, ""internal_energy"": -2.87, ""cluster_size"": 50, ""cluster_id"": 1, ""rank_in_cluster"": 29}",-6.85,0.26,1,O=S(=O)(Cc1ccccc1)N1C=Cc2ccccc2[C@@H]1c1c[nH]c2ccccc12
46,O=S(=O)(Cc1ccccc1)N1C=Cc2ccccc2C1c1c[nH]c2ccccc12,oracle,autodockgpu,-6.94,energy,4.3362347679107245,4.3362347679107245,"{""free_energy"": -6.84, ""intermolecular_energy"": -8.03, ""internal_energy"": -2.89, ""cluster_size"": 50, ""cluster_id"": 1, ""rank_in_cluster"": 49}",-6.84,0.28,1,O=S(=O)(Cc1ccccc1)N1C=Cc2ccccc2[C@@H]1c1c[nH]c2ccccc12
47,O=S(=O)(Cc1ccccc1)N1C=Cc2ccccc2C1c1c[nH]c2ccccc12,oracle,autodockgpu,-6.94,energy,4.351288415362134,4.351288415362134,"{""free_energy"": -6.91, ""intermolecular_energy"": -8.11, ""internal_energy"": -2.82, ""cluster_size"": 50, ""cluster_id"": 1, ""rank_in_cluster"": 6}",-6.84,0.26,1,O=S(=O)(Cc1ccccc1)N1C=Cc2ccccc2[C@@H]1c1c[nH]c2ccccc12
48,O=S(=O)(Cc1ccccc1)N1C=Cc2ccccc2C1c1c[nH]c2ccccc12,oracle,autodockgpu,-6.94,energy,4.35011237355999,4.35011237355999,"{""free_energy"": -6.94, ""intermolecular_energy"": -8.14, ""internal_energy"": -2.78, ""cluster_size"": 50, ""cluster_id"": 1, ""rank_in_cluster"": 1}",-6.84,0.25,1,O=S(=O)(Cc1ccccc1)N1C=Cc2ccccc2[C@@H]1c1c[nH]c2ccccc12
49,O=S(=O)(Cc1ccccc1)N1C=Cc2ccccc2C1c1c[nH]c2ccccc12,oracle,autodockgpu,-6.94,energy,4.3410959615288265,4.3410959615288265,"{""free_energy"": -6.85, ""intermolecular_energy"": -8.05, ""internal_energy"": -2.88, ""cluster_size"": 50, ""cluster_id"": 1, ""rank_in_cluster"": 41}",-6.81,0.52,1,O=S(=O)(Cc1ccccc1)N1C=Cc2ccccc2[C@@H]1c1c[nH]c2ccccc12
50,O=S(=O)(Cc1ccccc1)N1C=Cc2ccccc2C1c1c[nH]c2ccccc12,oracle,autodockgpu,-7.79,energy,4.8977423591955445,4.8977423591955445,"{""free_energy"": -7.38, ""intermolecular_energy"": -8.58, ""internal_energy"": -2.08, ""cluster_size"": 36, ""cluster_id"": 4, ""rank_in_cluster"": 8}",-7.79,0.0,1,O=S(=O)(Cc1ccccc1)N1C=Cc2ccccc2[C@H]1c1c[nH]c2ccccc12
51,O=S(=O)(Cc1ccccc1)N1C=Cc2ccccc2C1c1c[nH]c2ccccc12,oracle,autodockgpu,-7.79,energy,4.988517947198608,4.988517947198608,"{""free_energy"": -7.27, ""intermolecular_energy"": -8.47, ""internal_energy"": -2.23, ""cluster_size"": 36, ""cluster_id"": 4, ""rank_in_cluster"": 24}",-7.79,0.22,1,O=S(=O)(Cc1ccccc1)N1C=Cc2ccccc2[C@H]1c1c[nH]c2ccccc12
52,O=S(=O)(Cc1ccccc1)N1C=Cc2ccccc2C1c1c[nH]c2ccccc12,oracle,autodockgpu,-7.79,energy,5.005371932910597,5.005371932910597,"{""free_energy"": -7.31, ""intermolecular_energy"": -8.5, ""internal_energy"": -2.22, ""cluster_size"": 36, ""cluster_id"": 4, ""rank_in_cluster"": 12}",-7.73,0.25,1,O=S(=O)(Cc1ccccc1)N1C=Cc2ccccc2[C@H]1c1c[nH]c2ccccc12
53,O=S(=O)(Cc1ccccc1)N1C=Cc2ccccc2C1c1c[nH]c2ccccc12,oracle,autodockgpu,-7.79,energy,4.676038779037293,4.676038779037293,"{""free_energy"": -7.15, ""intermolecular_energy"": -8.34, ""internal_energy"": -2.24, ""cluster_size"": 36, ""cluster_id"": 4, ""rank_in_cluster"": 34}",-7.63,0.0,2,O=S(=O)(Cc1ccccc1)N1C=Cc2ccccc2[C@H]1c1c[nH]c2ccccc12
54,O=S(=O)(Cc1ccccc1)N1C=Cc2ccccc2C1c1c[nH]c2ccccc12,oracle,autodockgpu,-7.79,energy,4.598861728519704,4.598861728519704,"{""free_energy"": -7.08, ""intermolecular_energy"": -8.27, ""internal_energy"": -2.18, ""cluster_size"": 36, ""cluster_id"": 4, ""rank_in_cluster"": 35}",-7.61,0.07,2,O=S(=O)(Cc1ccccc1)N1C=Cc2ccccc2[C@H]1c1c[nH]c2ccccc12
55,O=S(=O)(Cc1ccccc1)N1C=Cc2ccccc2C1c1c[nH]c2ccccc12,oracle,autodockgpu,-7.79,energy,4.9457414893512315,4.9457414893512315,"{""free_energy"": -7.42, ""intermolecular_energy"": -8.61, ""internal_energy"": -2.1, ""cluster_size"": 36, ""cluster_id"": 4, ""rank_in_cluster"": 5}",-7.61,0.03,2,O=S(=O)(Cc1ccccc1)N1C=Cc2ccccc2[C@H]1c1c[nH]c2ccccc12
56,O=S(=O)(Cc1ccccc1)N1C=Cc2ccccc2C1c1c[nH]c2ccccc12,oracle,autodockgpu,-7.79,energy,4.962061928929132,4.962061928929132,"{""free_energy"": -7.31, ""intermolecular_energy"": -8.5, ""internal_energy"": -2.21, ""cluster_size"": 36, ""cluster_id"": 4, ""rank_in_cluster"": 13}",-7.61,0.38,2,O=S(=O)(Cc1ccccc1)N1C=Cc2ccccc2[C@H]1c1c[nH]c2ccccc12
57,O=S(=O)(Cc1ccccc1)N1C=Cc2ccccc2C1c1c[nH]c2ccccc12,oracle,autodockgpu,-7.79,energy,10.777233084354783,10.777233084354783,"{""free_energy"": -7.54, ""intermolecular_energy"": -8.73, ""internal_energy"": -1.96, ""cluster_size"": 7, ""cluster_id"": 2, ""rank_in_cluster"": 7}",-7.59,0.34,2,O=S(=O)(Cc1ccccc1)N1C=Cc2ccccc2[C@H]1c1c[nH]c2ccccc12
58,O=S(=O)(Cc1ccccc1)N1C=Cc2ccccc2C1c1c[nH]c2ccccc12,oracle,autodockgpu,-7.79,energy,4.970369409031143,4.970369409031143,"{""free_energy"": -7.25, ""intermolecular_energy"": -8.44, ""internal_energy"": -2.24, ""cluster_size"": 36, ""cluster_id"": 4, ""rank_in_cluster"": 29}",-7.58,0.38,2,O=S(=O)(Cc1ccccc1)N1C=Cc2ccccc2[C@H]1c1c[nH]c2ccccc12
59,O=S(=O)(Cc1ccccc1)N1C=Cc2ccccc2C1c1c[nH]c2ccccc12,oracle,autodockgpu,-7.79,energy,4.994126602174541,4.994126602174541,"{""free_energy"": -7.29, ""intermolecular_energy"": -8.48, ""internal_energy"": -2.24, ""cluster_size"": 36, ""cluster_id"": 4, ""rank_in_cluster"": 20}",-7.54,0.35,2,O=S(=O)(Cc1ccccc1)N1C=Cc2ccccc2[C@H]1c1c[nH]c2ccccc12
60,O=S(=O)(Cc1ccccc1)N1C=Cc2ccccc2C1c1c[nH]c2ccccc12,oracle,autodockgpu,-7.79,energy,4.976334796151718,4.976334796151718,"{""free_energy"": -7.3, ""intermolecular_energy"": -8.5, ""internal_energy"": -2.24, ""cluster_size"": 36, ""cluster_id"": 4, ""rank_in_cluster"": 14}",-7.53,0.0,3,O=S(=O)(Cc1ccccc1)N1C=Cc2ccccc2[C@H]1c1c[nH]c2ccccc12
61,O=S(=O)(Cc1ccccc1)N1C=Cc2ccccc2C1c1c[nH]c2ccccc12,oracle,autodockgpu,-7.79,energy,4.96739706138463,4.96739706138463,"{""free_energy"": -7.28, ""intermolecular_energy"": -8.48, ""internal_energy"": -2.26, ""cluster_size"": 36, ""cluster_id"": 4, ""rank_in_cluster"": 23}",-7.53,0.07,3,O=S(=O)(Cc1ccccc1)N1C=Cc2ccccc2[C@H]1c1c[nH]c2ccccc12
62,O=S(=O)(Cc1ccccc1)N1C=Cc2ccccc2C1c1c[nH]c2ccccc12,oracle,autodockgpu,-7.79,energy,10.825420095522412,10.825420095522412,"{""free_energy"": -7.63, ""intermolecular_energy"": -8.82, ""internal_energy"": -1.89, ""cluster_size"": 7, ""cluster_id"": 2, ""rank_in_cluster"": 1}",-7.36,0.36,3,O=S(=O)(Cc1ccccc1)N1C=Cc2ccccc2[C@H]1c1c[nH]c2ccccc12
63,O=S(=O)(Cc1ccccc1)N1C=Cc2ccccc2C1c1c[nH]c2ccccc12,oracle,autodockgpu,-7.79,energy,4.950459133101545,4.950459133101545,"{""free_energy"": -7.29, ""intermolecular_energy"": -8.49, ""internal_energy"": -2.26, ""cluster_size"": 36, ""cluster_id"": 4, ""rank_in_cluster"": 19}",-7.5,0.0,4,O=S(=O)(Cc1ccccc1)N1C=Cc2ccccc2[C@H]1c1c[nH]c2ccccc12
64,O=S(=O)(Cc1ccccc1)N1C=Cc2ccccc2C1c1c[nH]c2ccccc12,oracle,autodockgpu,-7.79,energy,11.646515407371348,11.646515407371348,"{""free_energy"": -7.21, ""intermolecular_energy"": -8.4, ""internal_energy"": -2.27, ""cluster_size"": 1, ""cluster_id"": 5, ""rank_in_cluster"": 1}",-7.45,0.69,4,O=S(=O)(Cc1ccccc1)N1C=Cc2ccccc2[C@H]1c1c[nH]c2ccccc12
65,O=S(=O)(Cc1ccccc1)N1C=Cc2ccccc2C1c1c[nH]c2ccccc12,oracle,autodockgpu,-7.79,energy,10.80685053518368,10.80685053518368,"{""free_energy"": -7.61, ""intermolecular_energy"": -8.8, ""internal_energy"": -1.9, ""cluster_size"": 7, ""cluster_id"": 2, ""rank_in_cluster"": 4}",-7.44,0.68,4,O=S(=O)(Cc1ccccc1)N1C=Cc2ccccc2[C@H]1c1c[nH]c2ccccc12
66,O=S(=O)(Cc1ccccc1)N1C=Cc2ccccc2C1c1c[nH]c2ccccc12,oracle,autodockgpu,-7.79,energy,10.822294158829203,10.822294158829203,"{""free_energy"": -7.61, ""intermolecular_energy"": -8.8, ""internal_energy"": -1.89, ""cluster_size"": 7, ""cluster_id"": 2, ""rank_in_cluster"": 2}",-7.43,0.69,4,O=S(=O)(Cc1ccccc1)N1C=Cc2ccccc2[C@H]1c1c[nH]c2ccccc12
67,O=S(=O)(Cc1ccccc1)N1C=Cc2ccccc2C1c1c[nH]c2ccccc12,oracle,autodockgpu,-7.79,energy,5.004815257056529,5.004815257056529,"{""free_energy"": -7.3, ""intermolecular_energy"": -8.49, ""internal_energy"": -2.2, ""cluster_size"": 36, ""cluster_id"": 4, ""rank_in_cluster"": 17}",-7.42,0.67,4,O=S(=O)(Cc1ccccc1)N1C=Cc2ccccc2[C@H]1c1c[nH]c2ccccc12
68,O=S(=O)(Cc1ccccc1)N1C=Cc2ccccc2C1c1c[nH]c2ccccc12,oracle,autodockgpu,-7.79,energy,10.814099760658614,10.814099760658614,"{""free_energy"": -7.58, ""intermolecular_energy"": -8.78, ""internal_energy"": -1.94, ""cluster_size"": 7, ""cluster_id"": 2, ""rank_in_cluster"": 6}",-7.41,0.64,4,O=S(=O)(Cc1ccccc1)N1C=Cc2ccccc2[C@H]1c1c[nH]c2ccccc12
69,O=S(=O)(Cc1ccccc1)N1C=Cc2ccccc2C1c1c[nH]c2ccccc12,oracle,autodockgpu,-7.79,energy,11.93277350794559,11.93277350794559,"{""free_energy"": -7.53, ""intermolecular_energy"": -8.72, ""internal_energy"": -2.1, ""cluster_size"": 3, ""cluster_id"": 3, ""rank_in_cluster"": 2}",-7.4,0.68,4,O=S(=O)(Cc1ccccc1)N1C=Cc2ccccc2[C@H]1c1c[nH]c2ccccc12
70,O=S(=O)(Cc1ccccc1)N1C=Cc2ccccc2C1c1c[nH]c2ccccc12,oracle,autodockgpu,-7.79,energy,4.672379120848205,4.672379120848205,"{""free_energy"": -7.16, ""intermolecular_energy"": -8.35, ""internal_energy"": -2.24, ""cluster_size"": 36, ""cluster_id"": 4, ""rank_in_cluster"": 33}",-7.38,0.71,4,O=S(=O)(Cc1ccccc1)N1C=Cc2ccccc2[C@H]1c1c[nH]c2ccccc12
71,O=S(=O)(Cc1ccccc1)N1C=Cc2ccccc2C1c1c[nH]c2ccccc12,oracle,autodockgpu,-7.79,energy,4.941456407687308,4.941456407687308,"{""free_energy"": -7.44, ""intermolecular_energy"": -8.64, ""internal_energy"": -2.06, ""cluster_size"": 36, ""cluster_id"": 4, ""rank_in_cluster"": 3}",-7.33,0.72,4,O=S(=O)(Cc1ccccc1)N1C=Cc2ccccc2[C@H]1c1c[nH]c2ccccc12
72,O=S(=O)(Cc1ccccc1)N1C=Cc2ccccc2C1c1c[nH]c2ccccc12,oracle,autodockgpu,-7.79,energy,5.009650320477902,5.009650320477902,"{""free_energy"": -7.07, ""intermolecular_energy"": -8.26, ""internal_energy"": -2.38, ""cluster_size"": 36, ""cluster_id"": 4, ""rank_in_cluster"": 36}",-7.32,0.69,4,O=S(=O)(Cc1ccccc1)N1C=Cc2ccccc2[C@H]1c1c[nH]c2ccccc12
73,O=S(=O)(Cc1ccccc1)N1C=Cc2ccccc2C1c1c[nH]c2ccccc12,oracle,autodockgpu,-7.79,energy,4.962289763359023,4.962289763359023,"{""free_energy"": -7.29, ""intermolecular_energy"": -8.48, ""internal_energy"": -2.26, ""cluster_size"": 36, ""cluster_id"": 4, ""rank_in_cluster"": 22}",-7.31,0.73,4,O=S(=O)(Cc1ccccc1)N1C=Cc2ccccc2[C@H]1c1c[nH]c2ccccc12
74,O=S(=O)(Cc1ccccc1)N1C=Cc2ccccc2C1c1c[nH]c2ccccc12,oracle,autodockgpu,-7.79,energy,11.971032529053218,11.971032529053218,"{""free_energy"": -7.36, ""intermolecular_energy"": -8.56, ""internal_energy"": -2.11, ""cluster_size"": 3, ""cluster_id"": 3, ""rank_in_cluster"": 3}",-7.31,0.7,4,O=S(=O)(Cc1ccccc1)N1C=Cc2ccccc2[C@H]1c1c[nH]c2ccccc12
75,O=S(=O)(Cc1ccccc1)N1C=Cc2ccccc2C1c1c[nH]c2ccccc12,oracle,autodockgpu,-7.79,energy,10.819011804683965,10.819011804683965,"{""free_energy"": -7.59, ""intermolecular_energy"": -8.78, ""internal_energy"": -1.92, ""cluster_size"": 7, ""cluster_id"": 2, ""rank_in_cluster"": 5}",-7.31,0.65,4,O=S(=O)(Cc1ccccc1)N1C=Cc2ccccc2[C@H]1c1c[nH]c2ccccc12
76,O=S(=O)(Cc1ccccc1)N1C=Cc2ccccc2C1c1c[nH]c2ccccc12,oracle,autodockgpu,-7.79,energy,5.014429417432759,5.014429417432759,"{""free_energy"": -7.31, ""intermolecular_energy"": -8.5, ""internal_energy"": -2.22, ""cluster_size"": 36, ""cluster_id"": 4, ""rank_in_cluster"": 11}",-7.3,0.73,4,O=S(=O)(Cc1ccccc1)N1C=Cc2ccccc2[C@H]1c1c[nH]c2ccccc12
77,O=S(=O)(Cc1ccccc1)N1C=Cc2ccccc2C1c1c[nH]c2ccccc12,oracle,autodockgpu,-7.79,energy,11.468412747203194,11.468412747203194,"{""free_energy"": -7.79, ""intermolecular_energy"": -8.98, ""internal_energy"": -1.77, ""cluster_size"": 3, ""cluster_id"": 1, ""rank_in_cluster"": 2}",-7.3,0.72,4,O=S(=O)(Cc1ccccc1)N1C=Cc2ccccc2[C@H]1c1c[nH]c2ccccc12
78,O=S(=O)(Cc1ccccc1)N1C=Cc2ccccc2C1c1c[nH]c2ccccc12,oracle,autodockgpu,-7.79,energy,4.9629927528051345,4.9629927528051345,"{""free_energy"": -7.22, ""intermolecular_energy"": -8.42, ""internal_energy"": -2.25, ""cluster_size"": 36, ""cluster_id"": 4, ""rank_in_cluster"": 31}",-7.3,0.72,4,O=S(=O)(Cc1ccccc1)N1C=Cc2ccccc2[C@H]1c1c[nH]c2ccccc12
79,O=S(=O)(Cc1ccccc1)N1C=Cc2ccccc2C1c1c[nH]c2ccccc12,oracle,autodockgpu,-7.79,energy,4.9862739395814275,4.9862739395814275,"{""free_energy"": -7.26, ""intermolecular_energy"": -8.45, ""internal_energy"": -2.24, ""cluster_size"": 36, ""cluster_id"": 4, ""rank_in_cluster"": 27}",-7.3,0.69,4,O=S(=O)(Cc1ccccc1)N1C=Cc2ccccc2[C@H]1c1c[nH]c2ccccc12
80,O=S(=O)(Cc1ccccc1)N1C=Cc2ccccc2C1c1c[nH]c2ccccc12,oracle,autodockgpu,-7.79,energy,11.521066823460906,11.521066823460906,"{""free_energy"": -7.73, ""intermolecular_energy"": -8.92, ""internal_energy"": -1.79, ""cluster_size"": 3, ""cluster_id"": 1, ""rank_in_cluster"": 3}",-7.3,0.69,4,O=S(=O)(Cc1ccccc1)N1C=Cc2ccccc2[C@H]1c1c[nH]c2ccccc12
81,O=S(=O)(Cc1ccccc1)N1C=Cc2ccccc2C1c1c[nH]c2ccccc12,oracle,autodockgpu,-7.79,energy,4.898363821826538,4.898363821826538,"{""free_energy"": -7.4, ""intermolecular_energy"": -8.6, ""internal_energy"": -2.09, ""cluster_size"": 36, ""cluster_id"": 4, ""rank_in_cluster"": 7}",-7.29,0.73,4,O=S(=O)(Cc1ccccc1)N1C=Cc2ccccc2[C@H]1c1c[nH]c2ccccc12
82,O=S(=O)(Cc1ccccc1)N1C=Cc2ccccc2C1c1c[nH]c2ccccc12,oracle,autodockgpu,-7.79,energy,4.981215822625422,4.981215822625422,"{""free_energy"": -7.27, ""intermolecular_energy"": -8.47, ""internal_energy"": -2.23, ""cluster_size"": 36, ""cluster_id"": 4, ""rank_in_cluster"": 25}",-7.29,0.73,4,O=S(=O)(Cc1ccccc1)N1C=Cc2ccccc2[C@H]1c1c[nH]c2ccccc12
83,O=S(=O)(Cc1ccccc1)N1C=Cc2ccccc2C1c1c[nH]c2ccccc12,oracle,autodockgpu,-7.79,energy,4.950807286988005,4.950807286988005,"{""free_energy"": -7.41, ""intermolecular_energy"": -8.6, ""internal_energy"": -2.09, ""cluster_size"": 36, ""cluster_id"": 4, ""rank_in_cluster"": 6}",-7.29,0.73,4,O=S(=O)(Cc1ccccc1)N1C=Cc2ccccc2[C@H]1c1c[nH]c2ccccc12
84,O=S(=O)(Cc1ccccc1)N1C=Cc2ccccc2C1c1c[nH]c2ccccc12,oracle,autodockgpu,-7.79,energy,4.925927692290715,4.925927692290715,"{""free_energy"": -7.45, ""intermolecular_energy"": -8.64, ""internal_energy"": -2.05, ""cluster_size"": 36, ""cluster_id"": 4, ""rank_in_cluster"": 2}",-7.29,0.72,4,O=S(=O)(Cc1ccccc1)N1C=Cc2ccccc2[C@H]1c1c[nH]c2ccccc12
85,O=S(=O)(Cc1ccccc1)N1C=Cc2ccccc2C1c1c[nH]c2ccccc12,oracle,autodockgpu,-7.79,energy,4.962994554263419,4.962994554263419,"{""free_energy"": -7.29, ""intermolecular_energy"": -8.48, ""internal_energy"": -2.25, ""cluster_size"": 36, ""cluster_id"": 4, ""rank_in_cluster"": 21}",-7.28,0.73,4,O=S(=O)(Cc1ccccc1)N1C=Cc2ccccc2[C@H]1c1c[nH]c2ccccc12
86,O=S(=O)(Cc1ccccc1)N1C=Cc2ccccc2C1c1c[nH]c2ccccc12,oracle,autodockgpu,-7.79,energy,4.957290338782,4.957290338782,"{""free_energy"": -7.26, ""intermolecular_energy"": -8.45, ""internal_energy"": -2.24, ""cluster_size"": 36, ""cluster_id"": 4, ""rank_in_cluster"": 28}",-7.27,0.75,4,O=S(=O)(Cc1ccccc1)N1C=Cc2ccccc2[C@H]1c1c[nH]c2ccccc12
87,O=S(=O)(Cc1ccccc1)N1C=Cc2ccccc2C1c1c[nH]c2ccccc12,oracle,autodockgpu,-7.79,energy,5.041893010892533,5.041893010892533,"{""free_energy"": -7.22, ""intermolecular_energy"": -8.41, ""internal_energy"": -2.24, ""cluster_size"": 36, ""cluster_id"": 4, ""rank_in_cluster"": 32}",-7.27,0.73,4,O=S(=O)(Cc1ccccc1)N1C=Cc2ccccc2[C@H]1c1c[nH]c2ccccc12
88,O=S(=O)(Cc1ccccc1)N1C=Cc2ccccc2C1c1c[nH]c2ccccc12,oracle,autodockgpu,-7.79,energy,4.965152474485175,4.965152474485175,"{""free_energy"": -7.3, ""intermolecular_energy"": -8.5, ""internal_energy"": -2.25, ""cluster_size"": 36, ""cluster_id"": 4, ""rank_in_cluster"": 15}",-7.27,0.72,4,O=S(=O)(Cc1ccccc1)N1C=Cc2ccccc2[C@H]1c1c[nH]c2ccccc12
89,O=S(=O)(Cc1ccccc1)N1C=Cc2ccccc2C1c1c[nH]c2ccccc12,oracle,autodockgpu,-7.79,energy,4.973574543752921,4.973574543752921,"{""free_energy"": -7.3, ""intermolecular_energy"": -8.49, ""internal_energy"": -2.24, ""cluster_size"": 36, ""cluster_id"": 4, ""rank_in_cluster"": 18}",-7.26,0.73,4,O=S(=O)(Cc1ccccc1)N1C=Cc2ccccc2[C@H]1c1c[nH]c2ccccc12
90,O=S(=O)(Cc1ccccc1)N1C=Cc2ccccc2C1c1c[nH]c2ccccc12,oracle,autodockgpu,-7.79,energy,4.9902975189455105,4.9902975189455105,"{""free_energy"": -7.27, ""intermolecular_energy"": -8.46, ""internal_energy"": -2.25, ""cluster_size"": 36, ""cluster_id"": 4, ""rank_in_cluster"": 26}",-7.26,0.72,4,O=S(=O)(Cc1ccccc1)N1C=Cc2ccccc2[C@H]1c1c[nH]c2ccccc12
91,O=S(=O)(Cc1ccccc1)N1C=Cc2ccccc2C1c1c[nH]c2ccccc12,oracle,autodockgpu,-7.79,energy,4.928693397197181,4.928693397197181,"{""free_energy"": -7.43, ""intermolecular_energy"": -8.62, ""internal_energy"": -2.04, ""cluster_size"": 36, ""cluster_id"": 4, ""rank_in_cluster"": 4}",-7.25,0.74,4,O=S(=O)(Cc1ccccc1)N1C=Cc2ccccc2[C@H]1c1c[nH]c2ccccc12
92,O=S(=O)(Cc1ccccc1)N1C=Cc2ccccc2C1c1c[nH]c2ccccc12,oracle,autodockgpu,-7.79,energy,5.019719457943987,5.019719457943987,"{""free_energy"": -7.33, ""intermolecular_energy"": -8.53, ""internal_energy"": -2.21, ""cluster_size"": 36, ""cluster_id"": 4, ""rank_in_cluster"": 9}",-7.23,0.73,4,O=S(=O)(Cc1ccccc1)N1C=Cc2ccccc2[C@H]1c1c[nH]c2ccccc12
93,O=S(=O)(Cc1ccccc1)N1C=Cc2ccccc2C1c1c[nH]c2ccccc12,oracle,autodockgpu,-7.79,energy,4.9777729995631645,4.9777729995631645,"{""free_energy"": -7.3, ""intermolecular_energy"": -8.49, ""internal_energy"": -2.24, ""cluster_size"": 36, ""cluster_id"": 4, ""rank_in_cluster"": 16}",-7.22,0.75,4,O=S(=O)(Cc1ccccc1)N1C=Cc2ccccc2[C@H]1c1c[nH]c2ccccc12
94,O=S(=O)(Cc1ccccc1)N1C=Cc2ccccc2C1c1c[nH]c2ccccc12,oracle,autodockgpu,-7.79,energy,5.0234021514575815,5.0234021514575815,"{""free_energy"": -7.32, ""intermolecular_energy"": -8.51, ""internal_energy"": -2.18, ""cluster_size"": 36, ""cluster_id"": 4, ""rank_in_cluster"": 10}",-7.22,0.76,4,O=S(=O)(Cc1ccccc1)N1C=Cc2ccccc2[C@H]1c1c[nH]c2ccccc12
95,O=S(=O)(Cc1ccccc1)N1C=Cc2ccccc2C1c1c[nH]c2ccccc12,oracle,autodockgpu,-7.79,energy,4.890423376100315,4.890423376100315,"{""free_energy"": -7.5, ""intermolecular_energy"": -8.69, ""internal_energy"": -1.89, ""cluster_size"": 36, ""cluster_id"": 4, ""rank_in_cluster"": 1}",-7.16,0.81,4,O=S(=O)(Cc1ccccc1)N1C=Cc2ccccc2[C@H]1c1c[nH]c2ccccc12
96,O=S(=O)(Cc1ccccc1)N1C=Cc2ccccc2C1c1c[nH]c2ccccc12,oracle,autodockgpu,-7.79,energy,11.934871285346045,11.934871285346045,"{""free_energy"": -7.53, ""intermolecular_energy"": -8.72, ""internal_energy"": -2.1, ""cluster_size"": 3, ""cluster_id"": 3, ""rank_in_cluster"": 1}",-7.15,0.8,4,O=S(=O)(Cc1ccccc1)N1C=Cc2ccccc2[C@H]1c1c[nH]c2ccccc12
97,O=S(=O)(Cc1ccccc1)N1C=Cc2ccccc2C1c1c[nH]c2ccccc12,oracle,autodockgpu,-7.79,energy,10.830326556886137,10.830326556886137,"{""free_energy"": -7.61, ""intermolecular_energy"": -8.8, ""internal_energy"": -1.91, ""cluster_size"": 7, ""cluster_id"": 2, ""rank_in_cluster"": 3}",-7.08,1.1,4,O=S(=O)(Cc1ccccc1)N1C=Cc2ccccc2[C@H]1c1c[nH]c2ccccc12
98,O=S(=O)(Cc1ccccc1)N1C=Cc2ccccc2C1c1c[nH]c2ccccc12,oracle,autodockgpu,-7.79,energy,4.962438209354387,4.962438209354387,"{""free_energy"": -7.23, ""intermolecular_energy"": -8.42, ""internal_energy"": -2.28, ""cluster_size"": 36, ""cluster_id"": 4, ""rank_in_cluster"": 30}",-7.07,0.92,4,O=S(=O)(Cc1ccccc1)N1C=Cc2ccccc2[C@H]1c1c[nH]c2ccccc12
99,O=S(=O)(Cc1ccccc1)N1C=Cc2ccccc2C1c1c[nH]c2ccccc12,oracle,autodockgpu,-7.79,energy,11.602152766561714,11.602152766561714,"{""free_energy"": -7.79, ""intermolecular_energy"": -8.99, ""internal_energy"": -1.75, ""cluster_size"": 3, ""cluster_id"": 1, ""rank_in_cluster"": 1}",-7.21,0.0,5,O=S(=O)(Cc1ccccc1)N1C=Cc2ccccc2[C@H]1c1c[nH]c2ccccc12
100,O=C(CCCOc1ccc(Cl)cc1Cl)NN=Cc1cccnc1F,oracle,autodockgpu,-7.33,energy,7.591509076610316,7.591509076610316,"{""free_energy"": -5.85, ""intermolecular_energy"": -8.23, ""internal_energy"": -1.47, ""cluster_size"": 4, ""cluster_id"": 5, ""rank_in_cluster"": 3}",-7.33,0.0,1,O=C(CCCOc1ccc(Cl)cc1Cl)N/N=C/c1cccnc1F
101,O=C(CCCOc1ccc(Cl)cc1Cl)NN=Cc1cccnc1F,oracle,autodockgpu,-7.33,energy,5.59230595325426,5.59230595325426,"{""free_energy"": -4.5, ""intermolecular_energy"": -6.89, ""internal_energy"": -2.93, ""cluster_size"": 1, ""cluster_id"": 11, ""rank_in_cluster"": 1}",-7.24,0.61,1,O=C(CCCOc1ccc(Cl)cc1Cl)N/N=C\c1cccnc1F
102,O=C(CCCOc1ccc(Cl)cc1Cl)NN=Cc1cccnc1F,oracle,autodockgpu,-7.33,energy,12.733605738008341,12.733605738008341,"{""free_energy"": -7.02, ""intermolecular_energy"": -9.4, ""internal_energy"": -0.51, ""cluster_size"": 8, ""cluster_id"": 1, ""rank_in_cluster"": 4}",-7.11,0.88,1,O=C(CCCOc1ccc(Cl)cc1Cl)N/N=C/c1cccnc1F
103,O=C(CCCOc1ccc(Cl)cc1Cl)NN=Cc1cccnc1F,oracle,autodockgpu,-7.33,energy,7.2490032066294425,7.2490032066294425,"{""free_energy"": -6.08, ""intermolecular_energy"": -8.46, ""internal_energy"": -1.59, ""cluster_size"": 16, ""cluster_id"": 3, ""rank_in_cluster"": 8}",-7.02,0.76,1,O=C(CCCOc1ccc(Cl)cc1Cl)N/N=C/c1cccnc1F
104,O=C(CCCOc1ccc(Cl)cc1Cl)NN=Cc1cccnc1F,oracle,autodockgpu,-7.33,energy,6.103856954812541,6.103856954812541,"{""free_energy"": -4.56, ""intermolecular_energy"": -6.95, ""internal_energy"": -2.92, ""cluster_size"": 6, ""cluster_id"": 7, ""rank_in_cluster"": 6}",-6.83,1.13,1,O=C(CCCOc1ccc(Cl)cc1Cl)N/N=C\c1cccnc1F
105,O=C(CCCOc1ccc(Cl)cc1Cl)NN=Cc1cccnc1F,oracle,autodockgpu,-7.33,energy,7.360958726414777,7.360958726414777,"{""free_energy"": -6.36, ""intermolecular_energy"": -8.74, ""internal_energy"": -1.61, ""cluster_size"": 16, ""cluster_id"": 3, ""rank_in_cluster"": 7}",-6.79,0.67,1,O=C(CCCOc1ccc(Cl)cc1Cl)N/N=C/c1cccnc1F
106,O=C(CCCOc1ccc(Cl)cc1Cl)NN=Cc1cccnc1F,oracle,autodockgpu,-7.33,energy,12.001365027610502,12.001365027610502,"{""free_energy"": -6.15, ""intermolecular_energy"": -8.54, ""internal_energy"": -1.32, ""cluster_size"": 8, ""cluster_id"": 1, ""rank_in_cluster"": 7}",-6.15,1.51,1,O=C(CCCOc1ccc(Cl)cc1Cl)N/N=C/c1cccnc1F
107,O=C(CCCOc1ccc(Cl)cc1Cl)NN=Cc1cccnc1F,oracle,autodockgpu,-7.33,energy,6.159768193513165,6.159768193513165,"{""free_energy"": -5.32, ""intermolecular_energy"": -7.71, ""internal_energy"": -1.89, ""cluster_size"": 6, ""cluster_id"": 7, ""rank_in_cluster"": 4}",-6.15,1.28,1,O=C(CCCOc1ccc(Cl)cc1Cl)N/N=C\c1cccnc1F
108,O=C(CCCOc1ccc(Cl)cc1Cl)NN=Cc1cccnc1F,oracle,autodockgpu,-7.33,energy,6.325615431226773,6.325615431226773,"{""free_energy"": -6.64, ""intermolecular_energy"": -9.03, ""internal_energy"": -0.64, ""cluster_size"": 16, ""cluster_id"": 3, ""rank_in_cluster"": 3}",-6.96,0.0,2,O=C(CCCOc1ccc(Cl)cc1Cl)N/N=C/c1cccnc1F
109,O=C(CCCOc1ccc(Cl)cc1Cl)NN=Cc1cccnc1F,oracle,autodockgpu,-7.33,energy,5.975652554886652,5.975652554886652,"{""free_energy"": -6.7, ""intermolecular_energy"": -9.08, ""internal_energy"": -0.64, ""cluster_size"": 5, ""cluster_id"": 2, ""rank_in_cluster"": 2}",-6.7,1.43,2,O=C(CCCOc1ccc(Cl)cc1Cl)N/N=C\c1cccnc1F
110,O=C(CCCOc1ccc(Cl)cc1Cl)NN=Cc1cccnc1F,oracle,autodockgpu,-7.33,energy,6.753423490790244,6.753423490790244,"{""free_energy"": -6.07, ""intermolecular_energy"": -8.46, ""internal_energy"": -1.47, ""cluster_size"": 5, ""cluster_id"": 2, ""rank_in_cluster"": 5}",-6.42,1.94,2,O=C(CCCOc1ccc(Cl)cc1Cl)N/N=C/c1cccnc1F
111,O=C(CCCOc1ccc(Cl)cc1Cl)NN=Cc1cccnc1F,oracle,autodockgpu,-7.33,energy,7.356761895487531,7.356761895487531,"{""free_energy"": -6.37, ""intermolecular_energy"": -8.76, ""internal_energy"": -1.48, ""cluster_size"": 16, ""cluster_id"": 3, ""rank_in_cluster"": 6}",-6.11,1.65,2,O=C(CCCOc1ccc(Cl)cc1Cl)N/N=C/c1cccnc1F
112,O=C(CCCOc1ccc(Cl)cc1Cl)NN=Cc1cccnc1F,oracle,autodockgpu,-7.33,energy,7.0142058061193655,7.0142058061193655,"{""free_energy"": -5.92, ""intermolecular_energy"": -8.31, ""internal_energy"": -1.61, ""cluster_size"": 16, ""cluster_id"": 3, ""rank_in_cluster"": 14}",-6.07,1.82,2,O=C(CCCOc1ccc(Cl)cc1Cl)N/N=C/c1cccnc1F
113,O=C(CCCOc1ccc(Cl)cc1Cl)NN=Cc1cccnc1F,oracle,autodockgpu,-7.33,energy,12.553201081717173,12.553201081717173,"{""free_energy"": -6.79, ""intermolecular_energy"": -9.18, ""internal_energy"": -0.52, ""cluster_size"": 8, ""cluster_id"": 1, ""rank_in_cluster"": 6}",-6.91,0.0,3,O=C(CCCOc1ccc(Cl)cc1Cl)N/N=C/c1cccnc1F
114,O=C(CCCOc1ccc(Cl)cc1Cl)NN=Cc1cccnc1F,oracle,autodockgpu,-7.33,energy,7.291984161299513,7.291984161299513,"{""free_energy"": -6.4, ""intermolecular_energy"": -8.78, ""internal_energy"": -1.41, ""cluster_size"": 4, ""cluster_id"": 5, ""rank_in_cluster"": 1}",-6.83,1.16,3,O=C(CCCOc1ccc(Cl)cc1Cl)N/N=C/c1cccnc1F
115,O=C(CCCOc1ccc(Cl)cc1Cl)NN=Cc1cccnc1F,oracle,autodockgpu,-7.33,energy,7.031128890188065,7.031128890188065,"{""free_energy"": -6.05, ""intermolecular_energy"": -8.44, ""internal_energy"": -1.25, ""cluster_size"": 16, ""cluster_id"": 3, ""rank_in_cluster"": 10}",-6.64,0.53,3,O=C(CCCOc1ccc(Cl)cc1Cl)N/N=C/c1cccnc1F
116,O=C(CCCOc1ccc(Cl)cc1Cl)NN=Cc1cccnc1F,oracle,autodockgpu,-7.33,energy,9.250021027094986,9.250021027094986,"{""free_energy"": -5.78, ""intermolecular_energy"": -8.17, ""internal_energy"": -1.72, ""cluster_size"": 5, ""cluster_id"": 6, ""rank_in_cluster"": 4}",-6.61,1.4,3,O=C(CCCOc1ccc(Cl)cc1Cl)N/N=C\c1cccnc1F
117,O=C(CCCOc1ccc(Cl)cc1Cl)NN=Cc1cccnc1F,oracle,autodockgpu,-7.33,energy,7.475013034149628,7.475013034149628,"{""free_energy"": -5.84, ""intermolecular_energy"": -8.23, ""internal_energy"": -1.81, ""cluster_size"": 16, ""cluster_id"": 3, ""rank_in_cluster"": 16}",-6.48,1.21,3,O=C(CCCOc1ccc(Cl)cc1Cl)N/N=C/c1cccnc1F
118,O=C(CCCOc1ccc(Cl)cc1Cl)NN=Cc1cccnc1F,oracle,autodockgpu,-7.33,energy,12.67386438258261,12.67386438258261,"{""free_energy"": -7.11, ""intermolecular_energy"": -9.5, ""internal_energy"": -0.58, ""cluster_size"": 8, ""cluster_id"": 1, ""rank_in_cluster"": 3}",-6.37,1.48,3,O=C(CCCOc1ccc(Cl)cc1Cl)N/N=C/c1cccnc1F
119,O=C(CCCOc1ccc(Cl)cc1Cl)NN=Cc1cccnc1F,oracle,autodockgpu,-7.33,energy,12.282834365124183,12.282834365124183,"{""free_energy"": -6.15, ""intermolecular_energy"": -8.54, ""internal_energy"": -0.98, ""cluster_size"": 8, ""cluster_id"": 1, ""rank_in_cluster"": 8}",-6.36,1.52,3,O=C(CCCOc1ccc(Cl)cc1Cl)N/N=C/c1cccnc1F
120,O=C(CCCOc1ccc(Cl)cc1Cl)NN=Cc1cccnc1F,oracle,autodockgpu,-7.33,energy,9.0754359386629,9.0754359386629,"{""free_energy"": -5.91, ""intermolecular_energy"": -8.3, ""internal_energy"": -1.58, ""cluster_size"": 5, ""cluster_id"": 6, ""rank_in_cluster"": 3}",-6.08,1.88,3,O=C(CCCOc1ccc(Cl)cc1Cl)N/N=C/c1cccnc1F
121,O=C(CCCOc1ccc(Cl)cc1Cl)NN=Cc1cccnc1F,oracle,autodockgpu,-7.33,energy,6.467779395833663,6.467779395833663,"{""free_energy"": -5.97, ""intermolecular_energy"": -8.36, ""internal_energy"": -1.6, ""cluster_size"": 16, ""cluster_id"": 3, ""rank_in_cluster"": 12}",-6.07,1.59,3,O=C(CCCOc1ccc(Cl)cc1Cl)N/N=C/c1cccnc1F
122,O=C(CCCOc1ccc(Cl)cc1Cl)NN=Cc1cccnc1F,oracle,autodockgpu,-7.33,energy,12.607567714196326,12.607567714196326,"{""free_energy"": -6.83, ""intermolecular_energy"": -9.22, ""internal_energy"": -0.49, ""cluster_size"": 8, ""cluster_id"": 1, ""rank_in_cluster"": 5}",-6.05,1.56,3,O=C(CCCOc1ccc(Cl)cc1Cl)N/N=C/c1cccnc1F
123,O=C(CCCOc1ccc(Cl)cc1Cl)NN=Cc1cccnc1F,oracle,autodockgpu,-7.33,energy,6.849054406666122,6.849054406666122,"{""free_energy"": -5.88, ""intermolecular_energy"": -8.27, ""internal_energy"": -1.93, ""cluster_size"": 6, ""cluster_id"": 7, ""rank_in_cluster"": 2}",-6.04,1.65,3,O=C(CCCOc1ccc(Cl)cc1Cl)N/N=C/c1cccnc1F
124,O=C(CCCOc1ccc(Cl)cc1Cl)NN=Cc1cccnc1F,oracle,autodockgpu,-7.33,energy,7.479047420787068,7.479047420787068,"{""free_energy"": -6.07, ""intermolecular_energy"": -8.46, ""internal_energy"": -1.61, ""cluster_size"": 16, ""cluster_id"": 3, ""rank_in_cluster"": 9}",-5.97,1.88,3,O=C(CCCOc1ccc(Cl)cc1Cl)N/N=C/c1cccnc1F
125,O=C(CCCOc1ccc(Cl)cc1Cl)NN=Cc1cccnc1F,oracle,autodockgpu,-7.33,energy,7.947941494284844,7.947941494284844,"{""free_energy"": -5.57, ""intermolecular_energy"": -7.96, ""internal_energy"": -1.8, ""cluster_size"": 4, ""cluster_id"": 5, ""rank_in_cluster"": 4}",-5.94,1.84,3,O=C(CCCOc1ccc(Cl)cc1Cl)N/N=C\c1cccnc1F
126,O=C(CCCOc1ccc(Cl)cc1Cl)NN=Cc1cccnc1F,oracle,autodockgpu,-7.33,energy,12.767584966433722,12.767584966433722,"{""free_energy"": -7.24, ""intermolecular_energy"": -9.62, ""internal_energy"": -0.45, ""cluster_size"": 8, ""cluster_id"": 1, ""rank_in_cluster"": 2}",-5.92,1.79,3,O=C(CCCOc1ccc(Cl)cc1Cl)N/N=C/c1cccnc1F
127,O=C(CCCOc1ccc(Cl)cc1Cl)NN=Cc1cccnc1F,oracle,autodockgpu,-7.33,energy,10.714146874909618,10.714146874909618,"{""free_energy"": -6.52, ""intermolecular_energy"": -8.91, ""internal_energy"": -0.91, ""cluster_size"": 1, ""cluster_id"": 4, ""rank_in_cluster"": 1}",-5.9,1.91,3,O=C(CCCOc1ccc(Cl)cc1Cl)N/N=C\c1cccnc1F
128,O=C(CCCOc1ccc(Cl)cc1Cl)NN=Cc1cccnc1F,oracle,autodockgpu,-7.33,energy,7.2516432882037485,7.2516432882037485,"{""free_energy"": -6.04, ""intermolecular_energy"": -8.43, ""internal_energy"": -1.35, ""cluster_size"": 16, ""cluster_id"": 3, ""rank_in_cluster"": 11}",-5.84,1.93,3,O=C(CCCOc1ccc(Cl)cc1Cl)N/N=C/c1cccnc1F
129,O=C(CCCOc1ccc(Cl)cc1Cl)NN=Cc1cccnc1F,oracle,autodockgpu,-7.33,energy,12.638271588001874,12.638271588001874,"{""free_energy"": -5.22, ""intermolecular_energy"": -7.61, ""internal_energy"": -2.07, ""cluster_size"": 1, ""cluster_id"": 9, ""rank_in_cluster"": 1}",-6.52,0.0,4,O=C(CCCOc1ccc(Cl)cc1Cl)N/N=C\c1cccnc1F
130,O=C(CCCOc1ccc(Cl)cc1Cl)NN=Cc1cccnc1F,oracle,autodockgpu,-7.33,energy,7.457535643475009,7.457535643475009,"{""free_energy"": -5.9, ""intermolecular_energy"": -8.28, ""internal_energy"": -1.81, ""cluster_size"": 16, ""cluster_id"": 3, ""rank_in_cluster"": 15}",-6.4,0.0,5,O=C(CCCOc1ccc(Cl)cc1Cl)N/N=C/c1cccnc1F
131,O=C(CCCOc1ccc(Cl)cc1Cl)NN=Cc1cccnc1F,oracle,autodockgpu,-7.33,energy,8.17188149616401,8.17188149616401,"{""free_energy"": -5.78, ""intermolecular_energy"": -8.16, ""internal_energy"": -1.76, ""cluster_size"": 5, ""cluster_id"": 6, ""rank_in_cluster"": 5}",-6.25,0.55,5,O=C(CCCOc1ccc(Cl)cc1Cl)N/N=C\c1cccnc1F
132,O=C(CCCOc1ccc(Cl)cc1Cl)NN=Cc1cccnc1F,oracle,autodockgpu,-7.33,energy,7.472791380029793,7.472791380029793,"{""free_energy"": -6.25, ""intermolecular_energy"": -8.64, ""internal_energy"": -1.5, ""cluster_size"": 4, ""cluster_id"": 5, ""rank_in_cluster"": 2}",-5.85,1.22,5,O=C(CCCOc1ccc(Cl)cc1Cl)N/N=C/c1cccnc1F
133,O=C(CCCOc1ccc(Cl)cc1Cl)NN=Cc1cccnc1F,oracle,autodockgpu,-7.33,energy,7.033366961517583,7.033366961517583,"{""free_energy"": -5.92, ""intermolecular_energy"": -8.3, ""internal_energy"": -1.97, ""cluster_size"": 6, ""cluster_id"": 7, ""rank_in_cluster"": 1}",-5.57,1.96,5,O=C(CCCOc1ccc(Cl)cc1Cl)N/N=C/c1cccnc1F
134,O=C(CCCOc1ccc(Cl)cc1Cl)NN=Cc1cccnc1F,oracle,autodockgpu,-7.33,energy,9.754703671019362,9.754703671019362,"{""free_energy"": -5.13, ""intermolecular_energy"": -7.51, ""internal_energy"": -1.86, ""cluster_size"": 1, ""cluster_id"": 10, ""rank_in_cluster"": 1}",-6.16,0.0,6,O=C(CCCOc1ccc(Cl)cc1Cl)N/N=C/c1cccnc1F
135,O=C(CCCOc1ccc(Cl)cc1Cl)NN=Cc1cccnc1F,oracle,autodockgpu,-7.33,energy,12.277265347947411,12.277265347947411,"{""free_energy"": -5.52, ""intermolecular_energy"": -7.91, ""internal_energy"": -1.9, ""cluster_size"": 1, ""cluster_id"": 8, ""rank_in_cluster"": 1}",-5.94,1.61,6,O=C(CCCOc1ccc(Cl)cc1Cl)N/N=C\c1cccnc1F
136,O=C(CCCOc1ccc(Cl)cc1Cl)NN=Cc1cccnc1F,oracle,autodockgpu,-7.33,energy,6.252369013888908,6.252369013888908,"{""free_energy"": -6.83, ""intermolecular_energy"": -9.22, ""internal_energy"": -0.73, ""cluster_size"": 16, ""cluster_id"": 3, ""rank_in_cluster"": 2}",-5.91,1.21,6,O=C(CCCOc1ccc(Cl)cc1Cl)N/N=C\c1cccnc1F
137,O=C(CCCOc1ccc(Cl)cc1Cl)NN=Cc1cccnc1F,oracle,autodockgpu,-7.33,energy,6.095043273914476,6.095043273914476,"{""free_energy"": -5.94, ""intermolecular_energy"": -8.33, ""internal_energy"": -1.57, ""cluster_size"": 16, ""cluster_id"": 3, ""rank_in_cluster"": 13}",-5.78,1.36,6,O=C(CCCOc1ccc(Cl)cc1Cl)N/N=C/c1cccnc1F
138,O=C(CCCOc1ccc(Cl)cc1Cl)NN=Cc1cccnc1F,oracle,autodockgpu,-7.33,energy,6.275480316971919,6.275480316971919,"{""free_energy"": -5.52, ""intermolecular_energy"": -7.9, ""internal_energy"": -1.85, ""cluster_size"": 6, ""cluster_id"": 7, ""rank_in_cluster"": 3}",-5.78,1.82,6,O=C(CCCOc1ccc(Cl)cc1Cl)N/N=C\c1cccnc1F
139,O=C(CCCOc1ccc(Cl)cc1Cl)NN=Cc1cccnc1F,oracle,autodockgpu,-7.33,energy,6.18300758382225,6.18300758382225,"{""free_energy"": -6.96, ""intermolecular_energy"": -9.34, ""internal_energy"": -0.61, ""cluster_size"": 5, ""cluster_id"": 2, ""rank_in_cluster"": 1}",-5.92,0.0,7,O=C(CCCOc1ccc(Cl)cc1Cl)N/N=C/c1cccnc1F
140,O=C(CCCOc1ccc(Cl)cc1Cl)NN=Cc1cccnc1F,oracle,autodockgpu,-7.33,energy,7.325676463654698,7.325676463654698,"{""free_energy"": -4.74, ""intermolecular_energy"": -7.13, ""internal_energy"": -2.45, ""cluster_size"": 6, ""cluster_id"": 7, ""rank_in_cluster"": 5}",-5.88,0.35,7,O=C(CCCOc1ccc(Cl)cc1Cl)N/N=C\c1cccnc1F
141,O=C(CCCOc1ccc(Cl)cc1Cl)NN=Cc1cccnc1F,oracle,autodockgpu,-7.33,energy,8.887649948936629,8.887649948936629,"{""free_energy"": -5.94, ""intermolecular_energy"": -8.32, ""internal_energy"": -1.62, ""cluster_size"": 5, ""cluster_id"": 6, ""rank_in_cluster"": 2}",-5.52,1.23,7,O=C(CCCOc1ccc(Cl)cc1Cl)N/N=C/c1cccnc1F
142,O=C(CCCOc1ccc(Cl)cc1Cl)NN=Cc1cccnc1F,oracle,autodockgpu,-7.33,energy,6.213252662777726,6.213252662777726,"{""free_energy"": -6.91, ""intermolecular_energy"": -9.3, ""internal_energy"": -0.69, ""cluster_size"": 16, ""cluster_id"": 3, ""rank_in_cluster"": 1}",-5.32,1.31,7,O=C(CCCOc1ccc(Cl)cc1Cl)N/N=C/c1cccnc1F
143,O=C(CCCOc1ccc(Cl)cc1Cl)NN=Cc1cccnc1F,oracle,autodockgpu,-7.33,energy,12.545384017688999,12.545384017688999,"{""free_energy"": -7.33, ""intermolecular_energy"": -9.71, ""internal_energy"": -0.61, ""cluster_size"": 8, ""cluster_id"": 1, ""rank_in_cluster"": 1}",-4.74,1.56,7,O=C(CCCOc1ccc(Cl)cc1Cl)N/N=C/c1cccnc1F
144,O=C(CCCOc1ccc(Cl)cc1Cl)NN=Cc1cccnc1F,oracle,autodockgpu,-7.33,energy,6.0925819181731855,6.0925819181731855,"{""free_energy"": -6.48, ""intermolecular_energy"": -8.87, ""internal_energy"": -0.77, ""cluster_size"": 16, ""cluster_id"": 3, ""rank_in_cluster"": 5}",-4.56,1.63,7,O=C(CCCOc1ccc(Cl)cc1Cl)N/N=C/c1cccnc1F
145,O=C(CCCOc1ccc(Cl)cc1Cl)NN=Cc1cccnc1F,oracle,autodockgpu,-7.33,energy,5.676905333090198,5.676905333090198,"{""free_energy"": -6.61, ""intermolecular_energy"": -8.99, ""internal_energy"": -0.77, ""cluster_size"": 16, ""cluster_id"": 3, ""rank_in_cluster"": 4}",-5.52,0.0,8,O=C(CCCOc1ccc(Cl)cc1Cl)N/N=C\c1cccnc1F
146,O=C(CCCOc1ccc(Cl)cc1Cl)NN=Cc1cccnc1F,oracle,autodockgpu,-7.33,energy,7.062148249180849,7.062148249180849,"{""free_energy"": -6.42, ""intermolecular_energy"": -8.81, ""internal_energy"": -1.35, ""cluster_size"": 5, ""cluster_id"": 2, ""rank_in_cluster"": 3}",-5.22,0.0,9,O=C(CCCOc1ccc(Cl)cc1Cl)N/N=C/c1cccnc1F
147,O=C(CCCOc1ccc(Cl)cc1Cl)NN=Cc1cccnc1F,oracle,autodockgpu,-7.33,energy,5.346865528828044,5.346865528828044,"{""free_energy"": -4.12, ""intermolecular_energy"": -6.5, ""internal_energy"": -3.1, ""cluster_size"": 1, ""cluster_id"": 12, ""rank_in_cluster"": 1}",-5.13,0.0,10,O=C(CCCOc1ccc(Cl)cc1Cl)N/N=C\c1cccnc1F
148,O=C(CCCOc1ccc(Cl)cc1Cl)NN=Cc1cccnc1F,oracle,autodockgpu,-7.33,energy,9.308656451999193,9.308656451999193,"{""free_energy"": -6.16, ""intermolecular_energy"": -8.54, ""internal_energy"": -1.64, ""cluster_size"": 5, ""cluster_id"": 6, ""rank_in_cluster"": 1}",-4.5,0.0,11,O=C(CCCOc1ccc(Cl)cc1Cl)N/N=C/c1cccnc1F
149,O=C(CCCOc1ccc(Cl)cc1Cl)NN=Cc1cccnc1F,oracle,autodockgpu,-7.33,energy,6.5038192518582525,6.5038192518582525,"{""free_energy"": -6.11, ""intermolecular_energy"": -8.49, ""internal_energy"": -1.27, ""cluster_size"": 5, ""cluster_id"": 2, ""rank_in_cluster"": 4}",-4.12,0.0,12,O=C(CCCOc1ccc(Cl)cc1Cl)N/N=C/c1cccnc1F
150,O=C(CCCOc1ccc(Cl)cc1Cl)NN=Cc1cccnc1F,oracle,autodockgpu,-6.93,energy,4.840023470081796,4.840023470081796,"{""free_energy"": -5.32, ""intermolecular_energy"": -7.71, ""internal_energy"": -1.81, ""cluster_size"": 1, ""cluster_id"": 9, ""rank_in_cluster"": 1}",-6.93,0.0,1,O=C(CCCOc1ccc(Cl)cc1Cl)N/N=C/c1cccnc1F
151,O=C(CCCOc1ccc(Cl)cc1Cl)NN=Cc1cccnc1F,oracle,autodockgpu,-6.93,energy,7.066502813602119,7.066502813602119,"{""free_energy"": -6.04, ""intermolecular_energy"": -8.42, ""internal_energy"": -1.5, ""cluster_size"": 22, ""cluster_id"": 1, ""rank_in_cluster"": 19}",-6.91,1.36,1,O=C(CCCOc1ccc(Cl)cc1Cl)N/N=C/c1cccnc1F
152,O=C(CCCOc1ccc(Cl)cc1Cl)NN=Cc1cccnc1F,oracle,autodockgpu,-6.93,energy,7.386249352967721,7.386249352967721,"{""free_energy"": -5.65, ""intermolecular_energy"": -8.04, ""internal_energy"": -1.66, ""cluster_size"": 6, ""cluster_id"": 3, ""rank_in_cluster"": 6}",-6.86,0.24,1,O=C(CCCOc1ccc(Cl)cc1Cl)N/N=C/c1cccnc1F
153,O=C(CCCOc1ccc(Cl)cc1Cl)NN=Cc1cccnc1F,oracle,autodockgpu,-6.93,energy,6.545184452244988,6.545184452244988,"{""free_energy"": -6.4, ""intermolecular_energy"": -8.79, ""internal_energy"": -0.77, ""cluster_size"": 22, ""cluster_id"": 1, ""rank_in_cluster"": 12}",-6.86,1.17,1,O=C(CCCOc1ccc(Cl)cc1Cl)N/N=C/c1cccnc1F
154,O=C(CCCOc1ccc(Cl)cc1Cl)NN=Cc1cccnc1F,oracle,autodockgpu,-6.93,energy,5.961486894422841,5.961486894422841,"{""free_energy"": -6.65, ""intermolecular_energy"": -9.04, ""internal_energy"": -0.72, ""cluster_size"": 22, ""cluster_id"": 1, ""rank_in_cluster"": 9}",-6.83,1.25,1,O=C(CCCOc1ccc(Cl)cc1Cl)N/N=C/c1cccnc1F
155,O=C(CCCOc1ccc(Cl)cc1Cl)NN=Cc1cccnc1F,oracle,autodockgpu,-6.93,energy,6.511899101252206,6.511899101252206,"{""free_energy"": -5.85, ""intermolecular_energy"": -8.23, ""internal_energy"": -1.63, ""cluster_size"": 22, ""cluster_id"": 1, ""rank_in_cluster"": 22}",-6.81,1.89,1,O=C(CCCOc1ccc(Cl)cc1Cl)N/N=C/c1cccnc1F
156,O=C(CCCOc1ccc(Cl)cc1Cl)NN=Cc1cccnc1F,oracle,autodockgpu,-6.93,energy,6.887349261014485,6.887349261014485,"{""free_energy"": -5.96, ""intermolecular_energy"": -8.35, ""internal_energy"": -1.29, ""cluster_size"": 22, ""cluster_id"": 1, ""rank_in_cluster"": 21}",-6.8,1.2,1,O=C(CCCOc1ccc(Cl)cc1Cl)N/N=C/c1cccnc1F
157,O=C(CCCOc1ccc(Cl)cc1Cl)NN=Cc1cccnc1F,oracle,autodockgpu,-6.93,energy,7.177957367841928,7.177957367841928,"{""free_energy"": -6.33, ""intermolecular_energy"": -8.72, ""internal_energy"": -1.44, ""cluster_size"": 22, ""cluster_id"": 1, ""rank_in_cluster"": 14}",-6.71,1.5,1,O=C(CCCOc1ccc(Cl)cc1Cl)N/N=C/c1cccnc1F
158,O=C(CCCOc1ccc(Cl)cc1Cl)NN=Cc1cccnc1F,oracle,autodockgpu,-6.93,energy,5.7631365220906,5.7631365220906,"{""free_energy"": -6.86, ""intermolecular_energy"": -9.24, ""internal_energy"": -0.66, ""cluster_size"": 22, ""cluster_id"": 1, ""rank_in_cluster"": 4}",-6.65,1.8,1,O=C(CCCOc1ccc(Cl)cc1Cl)N/N=C/c1cccnc1F
159,O=C(CCCOc1ccc(Cl)cc1Cl)NN=Cc1cccnc1F,oracle,autodockgpu,-6.93,energy,12.898605587819276,12.898605587819276,"{""free_energy"": -5.49, ""intermolecular_energy"": -7.87, ""internal_energy"": -1.8, ""cluster_size"": 1, ""cluster_id"": 8, ""rank_in_cluster"": 1}",-6.63,1.97,1,O=C(CCCOc1ccc(Cl)cc1Cl)N/N=C\c1cccnc1F
160,O=C(CCCOc1ccc(Cl)cc1Cl)NN=Cc1cccnc1F,oracle,autodockgpu,-6.93,energy,5.967453257736095,5.967453257736095,"{""free_energy"": -4.54, ""intermolecular_energy"": -6.92, ""internal_energy"": -2.77, ""cluster_size"": 4, ""cluster_id"": 7, ""rank_in_cluster"": 4}",-6.47,1.83,1,O=C(CCCOc1ccc(Cl)cc1Cl)N/N=C\c1cccnc1F
161,O=C(CCCOc1ccc(Cl)cc1Cl)NN=Cc1cccnc1F,oracle,autodockgpu,-6.93,energy,7.645780535344988,7.645780535344988,"{""free_energy"": -5.8, ""intermolecular_energy"": -8.18, ""internal_energy"": -1.63, ""cluster_size"": 6, ""cluster_id"": 3, ""rank_in_cluster"": 5}",-6.4,1.87,1,O=C(CCCOc1ccc(Cl)cc1Cl)N/N=C/c1cccnc1F
162,O=C(CCCOc1ccc(Cl)cc1Cl)NN=Cc1cccnc1F,oracle,autodockgpu,-6.93,energy,5.699676738702812,5.699676738702812,"{""free_energy"": -6.91, ""intermolecular_energy"": -9.3, ""internal_energy"": -0.4, ""cluster_size"": 22, ""cluster_id"": 1, ""rank_in_cluster"": 2}",-6.35,1.83,1,O=C(CCCOc1ccc(Cl)cc1Cl)N/N=C/c1cccnc1F
163,O=C(CCCOc1ccc(Cl)cc1Cl)NN=Cc1cccnc1F,oracle,autodockgpu,-6.93,energy,6.912792648493184,6.912792648493184,"{""free_energy"": -6.0, ""intermolecular_energy"": -8.39, ""internal_energy"": -1.72, ""cluster_size"": 6, ""cluster_id"": 3, ""rank_in_cluster"": 4}",-6.33,1.72,1,O=C(CCCOc1ccc(Cl)cc1Cl)N/N=C/c1cccnc1F
164,O=C(CCCOc1ccc(Cl)cc1Cl)NN=Cc1cccnc1F,oracle,autodockgpu,-6.93,energy,6.462260550260958,6.462260550260958,"{""free_energy"": -6.8, ""intermolecular_energy"": -9.18, ""internal_energy"": -0.75, ""cluster_size"": 22, ""cluster_id"": 1, ""rank_in_cluster"": 7}",-6.27,1.88,1,O=C(CCCOc1ccc(Cl)cc1Cl)N/N=C\c1cccnc1F
165,O=C(CCCOc1ccc(Cl)cc1Cl)NN=Cc1cccnc1F,oracle,autodockgpu,-6.93,energy,6.605977768258548,6.605977768258548,"{""free_energy"": -5.98, ""intermolecular_energy"": -8.36, ""internal_energy"": -1.61, ""cluster_size"": 1, ""cluster_id"": 5, ""rank_in_cluster"": 1}",-6.17,1.99,1,O=C(CCCOc1ccc(Cl)cc1Cl)N/N=C/c1cccnc1F
166,O=C(CCCOc1ccc(Cl)cc1Cl)NN=Cc1cccnc1F,oracle,autodockgpu,-6.93,energy,6.368010093812075,6.368010093812075,"{""free_energy"": -6.03, ""intermolecular_energy"": -8.41, ""internal_energy"": -1.63, ""cluster_size"": 22, ""cluster_id"": 1, ""rank_in_cluster"": 20}",-6.14,1.8,1,O=C(CCCOc1ccc(Cl)cc1Cl)N/N=C/c1cccnc1F
167,O=C(CCCOc1ccc(Cl)cc1Cl)NN=Cc1cccnc1F,oracle,autodockgpu,-6.93,energy,12.595614293843381,12.595614293843381,"{""free_energy"": -6.67, ""intermolecular_energy"": -9.06, ""internal_energy"": -0.57, ""cluster_size"": 7, ""cluster_id"": 2, ""rank_in_cluster"": 2}",-6.08,1.64,1,O=C(CCCOc1ccc(Cl)cc1Cl)N/N=C\c1cccnc1F
168,O=C(CCCOc1ccc(Cl)cc1Cl)NN=Cc1cccnc1F,oracle,autodockgpu,-6.93,energy,7.08850303907776,7.08850303907776,"{""free_energy"": -6.27, ""intermolecular_energy"": -8.66, ""internal_energy"": -1.5, ""cluster_size"": 22, ""cluster_id"": 1, ""rank_in_cluster"": 15}",-6.04,1.96,1,O=C(CCCOc1ccc(Cl)cc1Cl)N/N=C/c1cccnc1F
169,O=C(CCCOc1ccc(Cl)cc1Cl)NN=Cc1cccnc1F,oracle,autodockgpu,-6.93,energy,12.850961157768067,12.850961157768067,"{""free_energy"": -5.62, ""intermolecular_energy"": -8.01, ""internal_energy"": -1.83, ""cluster_size"": 5, ""cluster_id"": 6, ""rank_in_cluster"": 5}",-6.03,1.72,1,O=C(CCCOc1ccc(Cl)cc1Cl)N/N=C\c1cccnc1F
170,O=C(CCCOc1ccc(Cl)cc1Cl)NN=Cc1cccnc1F,oracle,autodockgpu,-6.93,energy,6.702256614231102,6.702256614231102,"{""free_energy"": -6.47, ""intermolecular_energy"": -8.86, ""internal_energy"": -0.81, ""cluster_size"": 22, ""cluster_id"": 1, ""rank_in_cluster"": 11}",-5.96,1.79,1,O=C(CCCOc1ccc(Cl)cc1Cl)N/N=C/c1cccnc1F
171,O=C(CCCOc1ccc(Cl)cc1Cl)NN=Cc1cccnc1F,oracle,autodockgpu,-6.93,energy,12.752450964291613,12.752450964291613,"{""free_energy"": -6.66, ""intermolecular_energy"": -9.04, ""internal_energy"": -0.67, ""cluster_size"": 7, ""cluster_id"": 2, ""rank_in_cluster"": 3}",-5.85,1.82,1,O=C(CCCOc1ccc(Cl)cc1Cl)N/N=C/c1cccnc1F
172,O=C(CCCOc1ccc(Cl)cc1Cl)NN=Cc1cccnc1F,oracle,autodockgpu,-6.93,energy,12.598583088729145,12.598583088729145,"{""free_energy"": -5.65, ""intermolecular_energy"": -8.03, ""internal_energy"": -1.81, ""cluster_size"": 5, ""cluster_id"": 6, ""rank_in_cluster"": 4}",-6.78,0.0,2,O=C(CCCOc1ccc(Cl)cc1Cl)N/N=C\c1cccnc1F
173,O=C(CCCOc1ccc(Cl)cc1Cl)NN=Cc1cccnc1F,oracle,autodockgpu,-6.93,energy,12.174533699086682,12.174533699086682,"{""free_energy"": -6.29, ""intermolecular_energy"": -8.67, ""internal_energy"": -1.14, ""cluster_size"": 7, ""cluster_id"": 2, ""rank_in_cluster"": 5}",-6.67,1.45,2,O=C(CCCOc1ccc(Cl)cc1Cl)N/N=C/c1cccnc1F
174,O=C(CCCOc1ccc(Cl)cc1Cl)NN=Cc1cccnc1F,oracle,autodockgpu,-6.93,energy,12.950570247793916,12.950570247793916,"{""free_energy"": -6.78, ""intermolecular_energy"": -9.16, ""internal_energy"": -0.46, ""cluster_size"": 7, ""cluster_id"": 2, ""rank_in_cluster"": 1}",-6.66,1.94,2,O=C(CCCOc1ccc(Cl)cc1Cl)N/N=C/c1cccnc1F
175,O=C(CCCOc1ccc(Cl)cc1Cl)NN=Cc1cccnc1F,oracle,autodockgpu,-6.93,energy,12.52734484521582,12.52734484521582,"{""free_energy"": -5.9, ""intermolecular_energy"": -8.29, ""internal_energy"": -1.44, ""cluster_size"": 7, ""cluster_id"": 2, ""rank_in_cluster"": 7}",-6.47,1.83,2,O=C(CCCOc1ccc(Cl)cc1Cl)N/N=C/c1cccnc1F
176,O=C(CCCOc1ccc(Cl)cc1Cl)NN=Cc1cccnc1F,oracle,autodockgpu,-6.93,energy,6.632728218186286,6.632728218186286,"{""free_energy"": -5.55, ""intermolecular_energy"": -7.94, ""internal_energy"": -2.09, ""cluster_size"": 4, ""cluster_id"": 7, ""rank_in_cluster"": 2}",-6.29,1.71,2,O=C(CCCOc1ccc(Cl)cc1Cl)N/N=C\c1cccnc1F
177,O=C(CCCOc1ccc(Cl)cc1Cl)NN=Cc1cccnc1F,oracle,autodockgpu,-6.93,energy,12.705215943646587,12.705215943646587,"{""free_energy"": -5.86, ""intermolecular_energy"": -8.25, ""internal_energy"": -1.82, ""cluster_size"": 5, ""cluster_id"": 6, ""rank_in_cluster"": 3}",-5.94,1.83,2,O=C(CCCOc1ccc(Cl)cc1Cl)N/N=C\c1cccnc1F
178,O=C(CCCOc1ccc(Cl)cc1Cl)NN=Cc1cccnc1F,oracle,autodockgpu,-6.93,energy,7.580307284128916,7.580307284128916,"{""free_energy"": -6.17, ""intermolecular_energy"": -8.56, ""internal_energy"": -1.51, ""cluster_size"": 6, ""cluster_id"": 3, ""rank_in_cluster"": 1}",-5.9,1.78,2,O=C(CCCOc1ccc(Cl)cc1Cl)N/N=C/c1cccnc1F
179,O=C(CCCOc1ccc(Cl)cc1Cl)NN=Cc1cccnc1F,oracle,autodockgpu,-6.93,energy,7.7548356328819965,7.7548356328819965,"{""free_energy"": -6.1, ""intermolecular_energy"": -8.48, ""internal_energy"": -1.37, ""cluster_size"": 6, ""cluster_id"": 3, ""rank_in_cluster"": 2}",-6.17,0.0,3,O=C(CCCOc1ccc(Cl)cc1Cl)N/N=C/c1cccnc1F
180,O=C(CCCOc1ccc(Cl)cc1Cl)NN=Cc1cccnc1F,oracle,autodockgpu,-6.93,energy,12.525581238640573,12.525581238640573,"{""free_energy"": -5.94, ""intermolecular_energy"": -8.33, ""internal_energy"": -1.41, ""cluster_size"": 7, ""cluster_id"": 2, ""rank_in_cluster"": 6}",-6.1,1.57,3,O=C(CCCOc1ccc(Cl)cc1Cl)N/N=C/c1cccnc1F
181,O=C(CCCOc1ccc(Cl)cc1Cl)NN=Cc1cccnc1F,oracle,autodockgpu,-6.93,energy,7.03088530998845,7.03088530998845,"{""free_energy"": -6.35, ""intermolecular_energy"": -8.73, ""internal_energy"": -1.4, ""cluster_size"": 22, ""cluster_id"": 1, ""rank_in_cluster"": 13}",-6.01,1.86,3,O=C(CCCOc1ccc(Cl)cc1Cl)N/N=C/c1cccnc1F
182,O=C(CCCOc1ccc(Cl)cc1Cl)NN=Cc1cccnc1F,oracle,autodockgpu,-6.93,energy,6.285559077355277,6.285559077355277,"{""free_energy"": -6.86, ""intermolecular_energy"": -9.25, ""internal_energy"": -0.77, ""cluster_size"": 22, ""cluster_id"": 1, ""rank_in_cluster"": 3}",-6.0,1.85,3,O=C(CCCOc1ccc(Cl)cc1Cl)N/N=C/c1cccnc1F
183,O=C(CCCOc1ccc(Cl)cc1Cl)NN=Cc1cccnc1F,oracle,autodockgpu,-6.93,energy,12.6915195545526,12.6915195545526,"{""free_energy"": -5.88, ""intermolecular_energy"": -8.26, ""internal_energy"": -1.8, ""cluster_size"": 5, ""cluster_id"": 6, ""rank_in_cluster"": 1}",-5.8,1.73,3,O=C(CCCOc1ccc(Cl)cc1Cl)N/N=C\c1cccnc1F
184,O=C(CCCOc1ccc(Cl)cc1Cl)NN=Cc1cccnc1F,oracle,autodockgpu,-6.93,energy,12.775862650568365,12.775862650568365,"{""free_energy"": -5.87, ""intermolecular_energy"": -8.26, ""internal_energy"": -1.67, ""cluster_size"": 5, ""cluster_id"": 6, ""rank_in_cluster"": 2}",-5.65,1.75,3,O=C(CCCOc1ccc(Cl)cc1Cl)N/N=C\c1cccnc1F
185,O=C(CCCOc1ccc(Cl)cc1Cl)NN=Cc1cccnc1F,oracle,autodockgpu,-6.93,energy,6.297175568986307,6.297175568986307,"{""free_energy"": -6.63, ""intermolecular_energy"": -9.02, ""internal_energy"": -0.79, ""cluster_size"": 22, ""cluster_id"": 1, ""rank_in_cluster"": 10}",-6.03,0.0,4,O=C(CCCOc1ccc(Cl)cc1Cl)N/N=C\c1cccnc1F
186,O=C(CCCOc1ccc(Cl)cc1Cl)NN=Cc1cccnc1F,oracle,autodockgpu,-6.93,energy,5.615269058055839,5.615269058055839,"{""free_energy"": -4.46, ""intermolecular_energy"": -6.85, ""internal_energy"": -2.88, ""cluster_size"": 1, ""cluster_id"": 10, ""rank_in_cluster"": 1}",-5.81,1.09,4,O=C(CCCOc1ccc(Cl)cc1Cl)N/N=C\c1cccnc1F
187,O=C(CCCOc1ccc(Cl)cc1Cl)NN=Cc1cccnc1F,oracle,autodockgpu,-6.93,energy,6.315967817518284,6.315967817518284,"{""free_energy"": -6.08, ""intermolecular_energy"": -8.47, ""internal_energy"": -1.61, ""cluster_size"": 22, ""cluster_id"": 1, ""rank_in_cluster"": 18}",-5.98,0.0,5,O=C(CCCOc1ccc(Cl)cc1Cl)N/N=C/c1cccnc1F
188,O=C(CCCOc1ccc(Cl)cc1Cl)NN=Cc1cccnc1F,oracle,autodockgpu,-6.93,energy,7.1073497058725525,7.1073497058725525,"{""free_energy"": -6.01, ""intermolecular_energy"": -8.39, ""internal_energy"": -1.6, ""cluster_size"": 6, ""cluster_id"": 3, ""rank_in_cluster"": 3}",-5.88,0.0,6,O=C(CCCOc1ccc(Cl)cc1Cl)N/N=C\c1cccnc1F
189,O=C(CCCOc1ccc(Cl)cc1Cl)NN=Cc1cccnc1F,oracle,autodockgpu,-6.93,energy,6.4324985579300105,6.4324985579300105,"{""free_energy"": -6.83, ""intermolecular_energy"": -9.22, ""internal_energy"": -0.54, ""cluster_size"": 22, ""cluster_id"": 1, ""rank_in_cluster"": 5}",-5.87,1.2,6,O=C(CCCOc1ccc(Cl)cc1Cl)N/N=C/c1cccnc1F
190,O=C(CCCOc1ccc(Cl)cc1Cl)NN=Cc1cccnc1F,oracle,autodockgpu,-6.93,energy,6.105491127894234,6.105491127894234,"{""free_energy"": -4.75, ""intermolecular_energy"": -7.14, ""internal_energy"": -2.72, ""cluster_size"": 4, ""cluster_id"": 7, ""rank_in_cluster"": 3}",-5.86,1.06,6,O=C(CCCOc1ccc(Cl)cc1Cl)N/N=C\c1cccnc1F
191,O=C(CCCOc1ccc(Cl)cc1Cl)NN=Cc1cccnc1F,oracle,autodockgpu,-6.93,energy,7.303651980763758,7.303651980763758,"{""free_energy"": -6.14, ""intermolecular_energy"": -8.53, ""internal_energy"": -1.44, ""cluster_size"": 22, ""cluster_id"": 1, ""rank_in_cluster"": 17}",-5.65,1.22,6,O=C(CCCOc1ccc(Cl)cc1Cl)N/N=C\c1cccnc1F
192,O=C(CCCOc1ccc(Cl)cc1Cl)NN=Cc1cccnc1F,oracle,autodockgpu,-6.93,energy,12.22381513371846,12.22381513371846,"{""free_energy"": -6.47, ""intermolecular_energy"": -8.85, ""internal_energy"": -1.25, ""cluster_size"": 7, ""cluster_id"": 2, ""rank_in_cluster"": 4}",-5.62,0.88,6,O=C(CCCOc1ccc(Cl)cc1Cl)N/N=C/c1cccnc1F
193,O=C(CCCOc1ccc(Cl)cc1Cl)NN=Cc1cccnc1F,oracle,autodockgpu,-6.93,energy,7.273017107283203,7.273017107283203,"{""free_energy"": -6.17, ""intermolecular_energy"": -8.56, ""internal_energy"": -1.56, ""cluster_size"": 22, ""cluster_id"": 1, ""rank_in_cluster"": 16}",-5.82,0.0,7,O=C(CCCOc1ccc(Cl)cc1Cl)N/N=C/c1cccnc1F
194,O=C(CCCOc1ccc(Cl)cc1Cl)NN=Cc1cccnc1F,oracle,autodockgpu,-6.93,energy,8.848973437830645,8.848973437830645,"{""free_energy"": -5.81, ""intermolecular_energy"": -8.2, ""internal_energy"": -1.69, ""cluster_size"": 2, ""cluster_id"": 4, ""rank_in_cluster"": 2}",-5.55,0.51,7,O=C(CCCOc1ccc(Cl)cc1Cl)N/N=C/c1cccnc1F
195,O=C(CCCOc1ccc(Cl)cc1Cl)NN=Cc1cccnc1F,oracle,autodockgpu,-6.93,energy,8.970090603457766,8.970090603457766,"{""free_energy"": -6.03, ""intermolecular_energy"": -8.42, ""internal_energy"": -1.7, ""cluster_size"": 2, ""cluster_id"": 4, ""rank_in_cluster"": 1}",-4.75,1.47,7,O=C(CCCOc1ccc(Cl)cc1Cl)N/N=C/c1cccnc1F
196,O=C(CCCOc1ccc(Cl)cc1Cl)NN=Cc1cccnc1F,oracle,autodockgpu,-6.93,energy,6.200885785541337,6.200885785541337,"{""free_energy"": -6.93, ""intermolecular_energy"": -9.31, ""internal_energy"": -0.75, ""cluster_size"": 22, ""cluster_id"": 1, ""rank_in_cluster"": 1}",-4.54,1.52,7,O=C(CCCOc1ccc(Cl)cc1Cl)N/N=C/c1cccnc1F
197,O=C(CCCOc1ccc(Cl)cc1Cl)NN=Cc1cccnc1F,oracle,autodockgpu,-6.93,energy,5.679355679974236,5.679355679974236,"{""free_energy"": -6.71, ""intermolecular_energy"": -9.1, ""internal_energy"": -0.48, ""cluster_size"": 22, ""cluster_id"": 1, ""rank_in_cluster"": 8}",-5.49,0.0,8,O=C(CCCOc1ccc(Cl)cc1Cl)N/N=C/c1cccnc1F
198,O=C(CCCOc1ccc(Cl)cc1Cl)NN=Cc1cccnc1F,oracle,autodockgpu,-6.93,energy,6.122788786956335,6.122788786956335,"{""free_energy"": -6.81, ""intermolecular_energy"": -9.2, ""internal_energy"": -0.68, ""cluster_size"": 22, ""cluster_id"": 1, ""rank_in_cluster"": 6}",-5.32,0.0,9,O=C(CCCOc1ccc(Cl)cc1Cl)N/N=C/c1cccnc1F
199,O=C(CCCOc1ccc(Cl)cc1Cl)NN=Cc1cccnc1F,oracle,autodockgpu,-6.93,energy,6.483915350818073,6.483915350818073,"{""free_energy"": -5.82, ""intermolecular_energy"": -8.21, ""internal_energy"": -1.85, ""cluster_size"": 4, ""cluster_id"": 7, ""rank_in_cluster"": 1}",-4.46,0.0,10,O=C(CCCOc1ccc(Cl)cc1Cl)N/N=C\c1cccnc1F
200,O=c1c2ccccc2nc(/C=C/c2cccnc2)n1Cc1ccc(Cl)cc1,oracle,autodockgpu,-7.73,energy,9.162952827666002,9.162952827666002,"{""free_energy"": -7.63, ""intermolecular_energy"": -9.12, ""internal_energy"": -1.21, ""cluster_size"": 5, ""cluster_id"": 1, ""rank_in_cluster"": 4}",-7.73,0.0,1,O=c1c2ccccc2nc(/C=C/c2cccnc2)n1Cc1ccc(Cl)cc1
201,O=c1c2ccccc2nc(/C=C/c2cccnc2)n1Cc1ccc(Cl)cc1,oracle,autodockgpu,-7.73,energy,10.022790012821757,10.022790012821757,"{""free_energy"": -7.42, ""intermolecular_energy"": -8.91, ""internal_energy"": -1.46, ""cluster_size"": 26, ""cluster_id"": 3, ""rank_in_cluster"": 22}",-7.68,0.13,1,O=c1c2ccccc2nc(/C=C\c2cccnc2)n1Cc1ccc(Cl)cc1
202,O=c1c2ccccc2nc(/C=C/c2cccnc2)n1Cc1ccc(Cl)cc1,oracle,autodockgpu,-7.73,energy,10.129315863300207,10.129315863300207,"{""free_energy"": -7.39, ""intermolecular_energy"": -8.89, ""internal_energy"": -1.45, ""cluster_size"": 26, ""cluster_id"": 3, ""rank_in_cluster"": 24}",-7.64,0.21,1,O=c1c2ccccc2nc(/C=C\c2cccnc2)n1Cc1ccc(Cl)cc1
203,O=c1c2ccccc2nc(/C=C/c2cccnc2)n1Cc1ccc(Cl)cc1,oracle,autodockgpu,-7.73,energy,9.274824347582019,9.274824347582019,"{""free_energy"": -7.41, ""intermolecular_energy"": -8.9, ""internal_energy"": -1.39, ""cluster_size"": 5, ""cluster_id"": 5, ""rank_in_cluster"": 3}",-7.63,1.14,1,O=c1c2ccccc2nc(/C=C\c2cccnc2)n1Cc1ccc(Cl)cc1
204,O=c1c2ccccc2nc(/C=C/c2cccnc2)n1Cc1ccc(Cl)cc1,oracle,autodockgpu,-7.73,energy,9.270798685242056,9.270798685242056,"{""free_energy"": -7.47, ""intermolecular_energy"": -8.97, ""internal_energy"": -1.17, ""cluster_size"": 7, ""cluster_id"": 2, ""rank_in_cluster"": 6}",-7.57,0.19,1,O=c1c2ccccc2nc(/C=C\c2cccnc2)n1Cc1ccc(Cl)cc1
205,O=c1c2ccccc2nc(/C=C/c2cccnc2)n1Cc1ccc(Cl)cc1,oracle,autodockgpu,-7.73,energy,10.202754772952341,10.202754772952341,"{""free_energy"": -7.54, ""intermolecular_energy"": -9.03, ""internal_energy"": -1.35, ""cluster_size"": 26, ""cluster_id"": 3, ""rank_in_cluster"": 11}",-7.61,0.0,2,O=c1c2ccccc2nc(/C=C\c2cccnc2)n1Cc1ccc(Cl)cc1
206,O=c1c2ccccc2nc(/C=C/c2cccnc2)n1Cc1ccc(Cl)cc1,oracle,autodockgpu,-7.73,energy,10.129314531974762,10.129314531974762,"{""free_energy"": -7.39, ""intermolecular_energy"": -8.88, ""internal_energy"": -1.44, ""cluster_size"": 26, ""cluster_id"": 3, ""rank_in_cluster"": 26}",-7.57,0.32,2,O=c1c2ccccc2nc(/C=C\c2cccnc2)n1Cc1ccc(Cl)cc1
207,O=c1c2ccccc2nc(/C=C/c2cccnc2)n1Cc1ccc(Cl)cc1,oracle,autodockgpu,-7.73,energy,10.042942000935623,10.042942000935623,"{""free_energy"": -7.6, ""intermolecular_energy"": -9.09, ""internal_energy"": -1.34, ""cluster_size"": 26, ""cluster_id"": 3, ""rank_in_cluster"": 1}",-7.57,0.07,2,O=c1c2ccccc2nc(/C=C\c2cccnc2)n1Cc1ccc(Cl)cc1
208,O=c1c2ccccc2nc(/C=C/c2cccnc2)n1Cc1ccc(Cl)cc1,oracle,autodockgpu,-7.73,energy,9.156539377309114,9.156539377309114,"{""free_energy"": -7.42, ""intermolecular_energy"": -8.91, ""internal_energy"": -1.4, ""cluster_size"": 5, ""cluster_id"": 5, ""rank_in_cluster"": 2}",-7.55,0.18,2,O=c1c2ccccc2nc(/C=C\c2cccnc2)n1Cc1ccc(Cl)cc1
209,O=c1c2ccccc2nc(/C=C/c2cccnc2)n1Cc1ccc(Cl)cc1,oracle,autodockgpu,-7.73,energy,8.844249639115217,8.844249639115217,"{""free_energy"": -7.73, ""intermolecular_energy"": -9.22, ""internal_energy"": -1.44, ""cluster_size"": 5, ""cluster_id"": 1, ""rank_in_cluster"": 1}",-7.48,0.96,2,O=c1c2ccccc2nc(/C=C\c2cccnc2)n1Cc1ccc(Cl)cc1
210,O=c1c2ccccc2nc(/C=C/c2cccnc2)n1Cc1ccc(Cl)cc1,oracle,autodockgpu,-7.73,energy,10.067763268670296,10.067763268670296,"{""free_energy"": -7.59, ""intermolecular_energy"": -9.08, ""internal_energy"": -1.35, ""cluster_size"": 26, ""cluster_id"": 3, ""rank_in_cluster"": 2}",-7.47,0.6,2,O=c1c2ccccc2nc(/C=C\c2cccnc2)n1Cc1ccc(Cl)cc1
211,O=c1c2ccccc2nc(/C=C/c2cccnc2)n1Cc1ccc(Cl)cc1,oracle,autodockgpu,-7.73,energy,10.073908919907304,10.073908919907304,"{""free_energy"": -7.46, ""intermolecular_energy"": -8.95, ""internal_energy"": -1.46, ""cluster_size"": 26, ""cluster_id"": 3, ""rank_in_cluster"": 16}",-7.43,1.08,2,O=c1c2ccccc2nc(/C=C\c2cccnc2)n1Cc1ccc(Cl)cc1
212,O=c1c2ccccc2nc(/C=C/c2cccnc2)n1Cc1ccc(Cl)cc1,oracle,autodockgpu,-7.73,energy,5.0653906225282705,5.0653906225282705,"{""free_energy"": -7.55, ""intermolecular_energy"": -9.04, ""internal_energy"": -1.19, ""cluster_size"": 6, ""cluster_id"": 4, ""rank_in_cluster"": 1}",-7.6,0.0,3,O=c1c2ccccc2nc(/C=C\c2cccnc2)n1Cc1ccc(Cl)cc1
213,O=c1c2ccccc2nc(/C=C/c2cccnc2)n1Cc1ccc(Cl)cc1,oracle,autodockgpu,-7.73,energy,9.313498137496945,9.313498137496945,"{""free_energy"": -7.57, ""intermolecular_energy"": -9.06, ""internal_energy"": -1.12, ""cluster_size"": 7, ""cluster_id"": 2, ""rank_in_cluster"": 3}",-7.59,0.03,3,O=c1c2ccccc2nc(/C=C\c2cccnc2)n1Cc1ccc(Cl)cc1
214,O=c1c2ccccc2nc(/C=C/c2cccnc2)n1Cc1ccc(Cl)cc1,oracle,autodockgpu,-7.73,energy,9.184148663123361,9.184148663123361,"{""free_energy"": -7.48, ""intermolecular_energy"": -8.97, ""internal_energy"": -1.15, ""cluster_size"": 7, ""cluster_id"": 2, ""rank_in_cluster"": 5}",-7.58,0.07,3,O=c1c2ccccc2nc(/C=C/c2cccnc2)n1Cc1ccc(Cl)cc1
215,O=c1c2ccccc2nc(/C=C/c2cccnc2)n1Cc1ccc(Cl)cc1,oracle,autodockgpu,-7.73,energy,8.91037593687473,8.91037593687473,"{""free_energy"": -7.43, ""intermolecular_energy"": -8.92, ""internal_energy"": -1.39, ""cluster_size"": 5, ""cluster_id"": 5, ""rank_in_cluster"": 1}",-7.57,0.09,3,O=c1c2ccccc2nc(/C=C\c2cccnc2)n1Cc1ccc(Cl)cc1
216,O=c1c2ccccc2nc(/C=C/c2cccnc2)n1Cc1ccc(Cl)cc1,oracle,autodockgpu,-7.73,energy,4.675701847191635,4.675701847191635,"{""free_energy"": -7.48, ""intermolecular_energy"": -8.97, ""internal_energy"": -1.33, ""cluster_size"": 6, ""cluster_id"": 4, ""rank_in_cluster"": 5}",-7.57,0.07,3,O=c1c2ccccc2nc(/C=C\c2cccnc2)n1Cc1ccc(Cl)cc1
217,O=c1c2ccccc2nc(/C=C/c2cccnc2)n1Cc1ccc(Cl)cc1,oracle,autodockgpu,-7.73,energy,10.223155727008805,10.223155727008805,"{""free_energy"": -7.51, ""intermolecular_energy"": -9.0, ""internal_energy"": -1.39, ""cluster_size"": 26, ""cluster_id"": 3, ""rank_in_cluster"": 13}",-7.56,0.14,3,O=c1c2ccccc2nc(/C=C\c2cccnc2)n1Cc1ccc(Cl)cc1
218,O=c1c2ccccc2nc(/C=C/c2cccnc2)n1Cc1ccc(Cl)cc1,oracle,autodockgpu,-7.73,energy,8.640598516142818,8.640598516142818,"{""free_energy"": -7.34, ""intermolecular_energy"": -8.83, ""internal_energy"": -1.37, ""cluster_size"": 5, ""cluster_id"": 5, ""rank_in_cluster"": 5}",-7.55,0.09,3,O=c1c2ccccc2nc(/C=C\c2cccnc2)n1Cc1ccc(Cl)cc1
219,O=c1c2ccccc2nc(/C=C/c2cccnc2)n1Cc1ccc(Cl)cc1,oracle,autodockgpu,-7.73,energy,10.043082911709773,10.043082911709773,"{""free_energy"": -7.55, ""intermolecular_energy"": -9.04, ""internal_energy"": -1.38, ""cluster_size"": 26, ""cluster_id"": 3, ""rank_in_cluster"": 7}",-7.55,0.15,3,O=c1c2ccccc2nc(/C=C\c2cccnc2)n1Cc1ccc(Cl)cc1
220,O=c1c2ccccc2nc(/C=C/c2cccnc2)n1Cc1ccc(Cl)cc1,oracle,autodockgpu,-7.73,energy,10.059764727456075,10.059764727456075,"{""free_energy"": -7.47, ""intermolecular_energy"": -8.96, ""internal_energy"": -1.45, ""cluster_size"": 26, ""cluster_id"": 3, ""rank_in_cluster"": 15}",-7.55,0.13,3,O=c1c2ccccc2nc(/C=C\c2cccnc2)n1Cc1ccc(Cl)cc1
221,O=c1c2ccccc2nc(/C=C/c2cccnc2)n1Cc1ccc(Cl)cc1,oracle,autodockgpu,-7.73,energy,10.059837054365337,10.059837054365337,"{""free_energy"": -7.57, ""intermolecular_energy"": -9.06, ""internal_energy"": -1.38, ""cluster_size"": 26, ""cluster_id"": 3, ""rank_in_cluster"": 5}",-7.54,0.09,3,O=c1c2ccccc2nc(/C=C\c2cccnc2)n1Cc1ccc(Cl)cc1
222,O=c1c2ccccc2nc(/C=C/c2cccnc2)n1Cc1ccc(Cl)cc1,oracle,autodockgpu,-7.73,energy,9.920547006519238,9.920547006519238,"{""free_energy"": -7.45, ""intermolecular_energy"": -8.94, ""internal_energy"": -1.4, ""cluster_size"": 26, ""cluster_id"": 3, ""rank_in_cluster"": 18}",-7.54,0.12,3,O=c1c2ccccc2nc(/C=C\c2cccnc2)n1Cc1ccc(Cl)cc1
223,O=c1c2ccccc2nc(/C=C/c2cccnc2)n1Cc1ccc(Cl)cc1,oracle,autodockgpu,-7.73,energy,10.220171948128902,10.220171948128902,"{""free_energy"": -7.52, ""intermolecular_energy"": -9.01, ""internal_energy"": -1.37, ""cluster_size"": 26, ""cluster_id"": 3, ""rank_in_cluster"": 12}",-7.52,0.15,3,O=c1c2ccccc2nc(/C=C\c2cccnc2)n1Cc1ccc(Cl)cc1
224,O=c1c2ccccc2nc(/C=C/c2cccnc2)n1Cc1ccc(Cl)cc1,oracle,autodockgpu,-7.73,energy,10.06848086857881,10.06848086857881,"{""free_energy"": -7.48, ""intermolecular_energy"": -8.97, ""internal_energy"": -1.44, ""cluster_size"": 26, ""cluster_id"": 3, ""rank_in_cluster"": 14}",-7.51,0.14,3,O=c1c2ccccc2nc(/C=C\c2cccnc2)n1Cc1ccc(Cl)cc1
225,O=c1c2ccccc2nc(/C=C/c2cccnc2)n1Cc1ccc(Cl)cc1,oracle,autodockgpu,-7.73,energy,10.057618756076058,10.057618756076058,"{""free_energy"": -7.46, ""intermolecular_energy"": -8.95, ""internal_energy"": -1.45, ""cluster_size"": 26, ""cluster_id"": 3, ""rank_in_cluster"": 17}",-7.48,0.2,3,O=c1c2ccccc2nc(/C=C\c2cccnc2)n1Cc1ccc(Cl)cc1
226,O=c1c2ccccc2nc(/C=C/c2cccnc2)n1Cc1ccc(Cl)cc1,oracle,autodockgpu,-7.73,energy,8.841529007821926,8.841529007821926,"{""free_energy"": -7.68, ""intermolecular_energy"": -9.18, ""internal_energy"": -1.45, ""cluster_size"": 5, ""cluster_id"": 1, ""rank_in_cluster"": 2}",-7.47,0.2,3,O=c1c2ccccc2nc(/C=C\c2cccnc2)n1Cc1ccc(Cl)cc1
227,O=c1c2ccccc2nc(/C=C/c2cccnc2)n1Cc1ccc(Cl)cc1,oracle,autodockgpu,-7.73,energy,8.656207830322606,8.656207830322606,"{""free_energy"": -7.64, ""intermolecular_energy"": -9.13, ""internal_energy"": -1.35, ""cluster_size"": 5, ""cluster_id"": 1, ""rank_in_cluster"": 3}",-7.46,0.23,3,O=c1c2ccccc2nc(/C=C\c2cccnc2)n1Cc1ccc(Cl)cc1
228,O=c1c2ccccc2nc(/C=C/c2cccnc2)n1Cc1ccc(Cl)cc1,oracle,autodockgpu,-7.73,energy,4.7039550589641355,4.7039550589641355,"{""free_energy"": -7.53, ""intermolecular_energy"": -9.02, ""internal_energy"": -1.19, ""cluster_size"": 6, ""cluster_id"": 4, ""rank_in_cluster"": 2}",-7.46,0.22,3,O=c1c2ccccc2nc(/C=C/c2cccnc2)n1Cc1ccc(Cl)cc1
229,O=c1c2ccccc2nc(/C=C/c2cccnc2)n1Cc1ccc(Cl)cc1,oracle,autodockgpu,-7.73,energy,8.619878510292565,8.619878510292565,"{""free_energy"": -7.57, ""intermolecular_energy"": -9.06, ""internal_energy"": -1.38, ""cluster_size"": 5, ""cluster_id"": 1, ""rank_in_cluster"": 5}",-7.45,0.27,3,O=c1c2ccccc2nc(/C=C\c2cccnc2)n1Cc1ccc(Cl)cc1
230,O=c1c2ccccc2nc(/C=C/c2cccnc2)n1Cc1ccc(Cl)cc1,oracle,autodockgpu,-7.73,energy,10.026617578438179,10.026617578438179,"{""free_energy"": -7.58, ""intermolecular_energy"": -9.07, ""internal_energy"": -1.36, ""cluster_size"": 26, ""cluster_id"": 3, ""rank_in_cluster"": 3}",-7.43,0.24,3,O=c1c2ccccc2nc(/C=C\c2cccnc2)n1Cc1ccc(Cl)cc1
231,O=c1c2ccccc2nc(/C=C/c2cccnc2)n1Cc1ccc(Cl)cc1,oracle,autodockgpu,-7.73,energy,4.913501425144455,4.913501425144455,"{""free_energy"": -7.49, ""intermolecular_energy"": -8.98, ""internal_energy"": -1.33, ""cluster_size"": 6, ""cluster_id"": 4, ""rank_in_cluster"": 4}",-7.43,0.24,3,O=c1c2ccccc2nc(/C=C\c2cccnc2)n1Cc1ccc(Cl)cc1
232,O=c1c2ccccc2nc(/C=C/c2cccnc2)n1Cc1ccc(Cl)cc1,oracle,autodockgpu,-7.73,energy,4.766796726259018,4.766796726259018,"{""free_energy"": -7.5, ""intermolecular_energy"": -8.99, ""internal_energy"": -1.21, ""cluster_size"": 6, ""cluster_id"": 4, ""rank_in_cluster"": 3}",-7.42,0.23,3,O=c1c2ccccc2nc(/C=C\c2cccnc2)n1Cc1ccc(Cl)cc1
233,O=c1c2ccccc2nc(/C=C/c2cccnc2)n1Cc1ccc(Cl)cc1,oracle,autodockgpu,-7.73,energy,10.0215235579648,10.0215235579648,"{""free_energy"": -7.39, ""intermolecular_energy"": -8.88, ""internal_energy"": -1.38, ""cluster_size"": 26, ""cluster_id"": 3, ""rank_in_cluster"": 25}",-7.42,0.23,3,O=c1c2ccccc2nc(/C=C\c2cccnc2)n1Cc1ccc(Cl)cc1
234,O=c1c2ccccc2nc(/C=C/c2cccnc2)n1Cc1ccc(Cl)cc1,oracle,autodockgpu,-7.73,energy,9.375666031639502,9.375666031639502,"{""free_energy"": -7.43, ""intermolecular_energy"": -8.92, ""internal_energy"": -1.13, ""cluster_size"": 7, ""cluster_id"": 2, ""rank_in_cluster"": 7}",-7.42,0.25,3,O=c1c2ccccc2nc(/C=C\c2cccnc2)n1Cc1ccc(Cl)cc1
235,O=c1c2ccccc2nc(/C=C/c2cccnc2)n1Cc1ccc(Cl)cc1,oracle,autodockgpu,-7.73,energy,5.125343022517938,5.125343022517938,"{""free_energy"": -7.47, ""intermolecular_energy"": -8.96, ""internal_energy"": -1.31, ""cluster_size"": 6, ""cluster_id"": 4, ""rank_in_cluster"": 6}",-7.39,0.24,3,O=c1c2ccccc2nc(/C=C\c2cccnc2)n1Cc1ccc(Cl)cc1
236,O=c1c2ccccc2nc(/C=C/c2cccnc2)n1Cc1ccc(Cl)cc1,oracle,autodockgpu,-7.73,energy,10.10516129362807,10.10516129362807,"{""free_energy"": -7.55, ""intermolecular_energy"": -9.04, ""internal_energy"": -1.38, ""cluster_size"": 26, ""cluster_id"": 3, ""rank_in_cluster"": 9}",-7.39,0.31,3,O=c1c2ccccc2nc(/C=C\c2cccnc2)n1Cc1ccc(Cl)cc1
237,O=c1c2ccccc2nc(/C=C/c2cccnc2)n1Cc1ccc(Cl)cc1,oracle,autodockgpu,-7.73,energy,10.207539511982544,10.207539511982544,"{""free_energy"": -7.55, ""intermolecular_energy"": -9.04, ""internal_energy"": -1.35, ""cluster_size"": 26, ""cluster_id"": 3, ""rank_in_cluster"": 8}",-7.39,0.28,3,O=c1c2ccccc2nc(/C=C\c2cccnc2)n1Cc1ccc(Cl)cc1
238,O=c1c2ccccc2nc(/C=C/c2cccnc2)n1Cc1ccc(Cl)cc1,oracle,autodockgpu,-7.73,energy,9.295896588868015,9.295896588868015,"{""free_energy"": -7.61, ""intermolecular_energy"": -9.1, ""internal_energy"": -1.09, ""cluster_size"": 7, ""cluster_id"": 2, ""rank_in_cluster"": 1}",-7.55,0.0,4,O=c1c2ccccc2nc(/C=C\c2cccnc2)n1Cc1ccc(Cl)cc1
239,O=c1c2ccccc2nc(/C=C/c2cccnc2)n1Cc1ccc(Cl)cc1,oracle,autodockgpu,-7.73,energy,8.919632740879672,8.919632740879672,"{""free_energy"": -7.37, ""intermolecular_energy"": -8.86, ""internal_energy"": -1.38, ""cluster_size"": 5, ""cluster_id"": 5, ""rank_in_cluster"": 4}",-7.53,0.19,4,O=c1c2ccccc2nc(/C=C\c2cccnc2)n1Cc1ccc(Cl)cc1
240,O=c1c2ccccc2nc(/C=C/c2cccnc2)n1Cc1ccc(Cl)cc1,oracle,autodockgpu,-7.73,energy,4.646012090071984,4.646012090071984,"{""free_energy"": -6.72, ""intermolecular_energy"": -8.21, ""internal_energy"": -1.9, ""cluster_size"": 1, ""cluster_id"": 6, ""rank_in_cluster"": 1}",-7.5,0.18,4,O=c1c2ccccc2nc(/C=C\c2cccnc2)n1Cc1ccc(Cl)cc1
241,O=c1c2ccccc2nc(/C=C/c2cccnc2)n1Cc1ccc(Cl)cc1,oracle,autodockgpu,-7.73,energy,10.045911889063817,10.045911889063817,"{""free_energy"": -7.57, ""intermolecular_energy"": -9.06, ""internal_energy"": -1.38, ""cluster_size"": 26, ""cluster_id"": 3, ""rank_in_cluster"": 4}",-7.49,1.92,4,O=c1c2ccccc2nc(/C=C\c2cccnc2)n1Cc1ccc(Cl)cc1
242,O=c1c2ccccc2nc(/C=C/c2cccnc2)n1Cc1ccc(Cl)cc1,oracle,autodockgpu,-7.73,energy,10.030446747819623,10.030446747819623,"{""free_energy"": -7.43, ""intermolecular_energy"": -8.93, ""internal_energy"": -1.47, ""cluster_size"": 26, ""cluster_id"": 3, ""rank_in_cluster"": 19}",-7.48,1.91,4,O=c1c2ccccc2nc(/C=C\c2cccnc2)n1Cc1ccc(Cl)cc1
243,O=c1c2ccccc2nc(/C=C/c2cccnc2)n1Cc1ccc(Cl)cc1,oracle,autodockgpu,-7.73,energy,10.054146189885229,10.054146189885229,"{""free_energy"": -7.54, ""intermolecular_energy"": -9.03, ""internal_energy"": -1.4, ""cluster_size"": 26, ""cluster_id"": 3, ""rank_in_cluster"": 10}",-7.47,1.92,4,O=c1c2ccccc2nc(/C=C\c2cccnc2)n1Cc1ccc(Cl)cc1
244,O=c1c2ccccc2nc(/C=C/c2cccnc2)n1Cc1ccc(Cl)cc1,oracle,autodockgpu,-7.73,energy,10.008374511394063,10.008374511394063,"{""free_energy"": -7.42, ""intermolecular_energy"": -8.91, ""internal_energy"": -1.47, ""cluster_size"": 26, ""cluster_id"": 3, ""rank_in_cluster"": 21}",-7.43,0.0,5,O=c1c2ccccc2nc(/C=C\c2cccnc2)n1Cc1ccc(Cl)cc1
245,O=c1c2ccccc2nc(/C=C/c2cccnc2)n1Cc1ccc(Cl)cc1,oracle,autodockgpu,-7.73,energy,9.178189917005527,9.178189917005527,"{""free_energy"": -7.55, ""intermolecular_energy"": -9.04, ""internal_energy"": -1.14, ""cluster_size"": 7, ""cluster_id"": 2, ""rank_in_cluster"": 4}",-7.42,0.18,5,O=c1c2ccccc2nc(/C=C\c2cccnc2)n1Cc1ccc(Cl)cc1
246,O=c1c2ccccc2nc(/C=C/c2cccnc2)n1Cc1ccc(Cl)cc1,oracle,autodockgpu,-7.73,energy,9.928635982474562,9.928635982474562,"{""free_energy"": -7.42, ""intermolecular_energy"": -8.91, ""internal_energy"": -1.43, ""cluster_size"": 26, ""cluster_id"": 3, ""rank_in_cluster"": 23}",-7.41,0.26,5,O=c1c2ccccc2nc(/C=C\c2cccnc2)n1Cc1ccc(Cl)cc1
247,O=c1c2ccccc2nc(/C=C/c2cccnc2)n1Cc1ccc(Cl)cc1,oracle,autodockgpu,-7.73,energy,10.210106178612515,10.210106178612515,"{""free_energy"": -7.56, ""intermolecular_energy"": -9.05, ""internal_energy"": -1.35, ""cluster_size"": 26, ""cluster_id"": 3, ""rank_in_cluster"": 6}",-7.37,0.71,5,O=c1c2ccccc2nc(/C=C\c2cccnc2)n1Cc1ccc(Cl)cc1
248,O=c1c2ccccc2nc(/C=C/c2cccnc2)n1Cc1ccc(Cl)cc1,oracle,autodockgpu,-7.73,energy,9.264694695313509,9.264694695313509,"{""free_energy"": -7.57, ""intermolecular_energy"": -9.07, ""internal_energy"": -1.05, ""cluster_size"": 7, ""cluster_id"": 2, ""rank_in_cluster"": 2}",-7.34,0.78,5,O=c1c2ccccc2nc(/C=C/c2cccnc2)n1Cc1ccc(Cl)cc1
249,O=c1c2ccccc2nc(/C=C/c2cccnc2)n1Cc1ccc(Cl)cc1,oracle,autodockgpu,-7.73,energy,10.03126680924,10.03126680924,"{""free_energy"": -7.43, ""intermolecular_energy"": -8.92, ""internal_energy"": -1.47, ""cluster_size"": 26, ""cluster_id"": 3, ""rank_in_cluster"": 20}",-6.72,0.0,6,O=c1c2ccccc2nc(/C=C\c2cccnc2)n1Cc1ccc(Cl)cc1
250,CCNC1CN(c2nc(N3CCc4ccccc4C3)nc(N3CCc4ccccc4C3)n2)CCO1,oracle,autodockgpu,-9.61,energy,7.4800417293079375,7.4800417293079375,"{""free_energy"": -9.33, ""intermolecular_energy"": -10.82, ""internal_energy"": -1.05, ""cluster_size"": 43, ""cluster_id"": 1, ""rank_in_cluster"": 22}",-9.61,0.0,1,CCN[C@@H]1CN(c2nc(N3CCc4ccccc4C3)nc(N3CCc4ccccc4C3)n2)CCO1
251,CCNC1CN(c2nc(N3CCc4ccccc4C3)nc(N3CCc4ccccc4C3)n2)CCO1,oracle,autodockgpu,-9.61,energy,7.5047417197830715,7.5047417197830715,"{""free_energy"": -9.52, ""intermolecular_energy"": -11.01, ""internal_energy"": -1.03, ""cluster_size"": 43, ""cluster_id"": 1, ""rank_in_cluster"": 10}",-9.6,0.06,1,CCN[C@@H]1CN(c2nc(N3CCc4ccccc4C3)nc(N3CCc4ccccc4C3)n2)CCO1
252,CCNC1CN(c2nc(N3CCc4ccccc4C3)nc(N3CCc4ccccc4C3)n2)CCO1,oracle,autodockgpu,-9.61,energy,9.770694842234906,9.770694842234906,"{""free_energy"": -9.52, ""intermolecular_energy"": -11.01, ""internal_energy"": -1.02, ""cluster_size"": 43, ""cluster_id"": 1, ""rank_in_cluster"": 8}",-9.58,0.14,1,CCN[C@@H]1CN(c2nc(N3CCc4ccccc4C3)nc(N3CCc4ccccc4C3)n2)CCO1
253,CCNC1CN(c2nc(N3CCc4ccccc4C3)nc(N3CCc4ccccc4C3)n2)CCO1,oracle,autodockgpu,-9.61,energy,9.751174615811978,9.751174615811978,"{""free_energy"": -9.49, ""intermolecular_energy"": -10.98, ""internal_energy"": -1.02, ""cluster_size"": 43, ""cluster_id"": 1, ""rank_in_cluster"": 12}",-9.55,0.11,1,CCN[C@@H]1CN(c2nc(N3CCc4ccccc4C3)nc(N3CCc4ccccc4C3)n2)CCO1
254,CCNC1CN(c2nc(N3CCc4ccccc4C3)nc(N3CCc4ccccc4C3)n2)CCO1,oracle,autodockgpu,-9.61,energy,9.842058650385022,9.842058650385022,"{""free_energy"": -9.37, ""intermolecular_energy"": -10.86, ""internal_energy"": -1.03, ""cluster_size"": 43, ""cluster_id"": 1, ""rank_in_cluster"": 20}",-9.54,1.75,1,CCN[C@@H]1CN(c2nc(N3CCc4ccccc4C3)nc(N3CCc4ccccc4C3)n2)CCO1
255,CCNC1CN(c2nc(N3CCc4ccccc4C3)nc(N3CCc4ccccc4C3)n2)CCO1,oracle,autodockgpu,-9.61,energy,7.673765055284669,7.673765055284669,"{""free_energy"": -9.55, ""intermolecular_energy"": -11.04, ""internal_energy"": -0.99, ""cluster_size"": 43, ""cluster_id"": 1, ""rank_in_cluster"": 4}",-9.53,1.73,1,CCN[C@@H]1CN(c2nc(N3CCc4ccccc4C3)nc(N3CCc4ccccc4C3)n2)CCO1
256,CCNC1CN(c2nc(N3CCc4ccccc4C3)nc(N3CCc4ccccc4C3)n2)CCO1,oracle,autodockgpu,-9.61,energy,9.894577075797445,9.894577075797445,"{""free_energy"": -9.41, ""intermolecular_energy"": -10.9, ""internal_energy"": -1.02, ""cluster_size"": 43, ""cluster_id"": 1, ""rank_in_cluster"": 15}",-9.52,0.24,1,CCN[C@@H]1CN(c2nc(N3CCc4ccccc4C3)nc(N3CCc4ccccc4C3)n2)CCO1
257,CCNC1CN(c2nc(N3CCc4ccccc4C3)nc(N3CCc4ccccc4C3)n2)CCO1,oracle,autodockgpu,-9.61,energy,8.292050066584315,8.292050066584315,"{""free_energy"": -9.2, ""intermolecular_energy"": -10.69, ""internal_energy"": -1.05, ""cluster_size"": 5, ""cluster_id"": 2, ""rank_in_cluster"": 2}",-9.52,1.73,1,CCN[C@@H]1CN(c2nc(N3CCc4ccccc4C3)nc(N3CCc4ccccc4C3)n2)CCO1
258,CCNC1CN(c2nc(N3CCc4ccccc4C3)nc(N3CCc4ccccc4C3)n2)CCO1,oracle,autodockgpu,-9.61,energy,9.773189841668971,9.773189841668971,"{""free_energy"": -9.43, ""intermolecular_energy"": -10.92, ""internal_energy"": -1.01, ""cluster_size"": 43, ""cluster_id"": 1, ""rank_in_cluster"": 14}",-9.52,0.25,1,CCN[C@@H]1CN(c2nc(N3CCc4ccccc4C3)nc(N3CCc4ccccc4C3)n2)CCO1
259,CCNC1CN(c2nc(N3CCc4ccccc4C3)nc(N3CCc4ccccc4C3)n2)CCO1,oracle,autodockgpu,-9.61,energy,7.814757228701484,7.814757228701484,"{""free_energy"": -9.2, ""intermolecular_energy"": -10.7, ""internal_energy"": -0.96, ""cluster_size"": 43, ""cluster_id"": 1, ""rank_in_cluster"": 32}",-9.52,0.25,1,CCN[C@@H]1CN(c2nc(N3CCc4ccccc4C3)nc(N3CCc4ccccc4C3)n2)CCO1
260,CCNC1CN(c2nc(N3CCc4ccccc4C3)nc(N3CCc4ccccc4C3)n2)CCO1,oracle,autodockgpu,-9.61,energy,9.013895001086459,9.013895001086459,"{""free_energy"": -9.23, ""intermolecular_energy"": -10.72, ""internal_energy"": -1.03, ""cluster_size"": 43, ""cluster_id"": 1, ""rank_in_cluster"": 27}",-9.52,0.23,1,CCN[C@@H]1CN(c2nc(N3CCc4ccccc4C3)nc(N3CCc4ccccc4C3)n2)CCO1
261,CCNC1CN(c2nc(N3CCc4ccccc4C3)nc(N3CCc4ccccc4C3)n2)CCO1,oracle,autodockgpu,-9.61,energy,9.772271879268247,9.772271879268247,"{""free_energy"": -9.54, ""intermolecular_energy"": -11.03, ""internal_energy"": -1.02, ""cluster_size"": 43, ""cluster_id"": 1, ""rank_in_cluster"": 5}",-9.49,1.71,1,CCN[C@@H]1CN(c2nc(N3CCc4ccccc4C3)nc(N3CCc4ccccc4C3)n2)CCO1
262,CCNC1CN(c2nc(N3CCc4ccccc4C3)nc(N3CCc4ccccc4C3)n2)CCO1,oracle,autodockgpu,-9.61,energy,7.689152992909839,7.689152992909839,"{""free_energy"": -9.6, ""intermolecular_energy"": -11.09, ""internal_energy"": -0.98, ""cluster_size"": 43, ""cluster_id"": 1, ""rank_in_cluster"": 2}",-9.44,0.35,1,CCN[C@@H]1CN(c2nc(N3CCc4ccccc4C3)nc(N3CCc4ccccc4C3)n2)CCO1
263,CCNC1CN(c2nc(N3CCc4ccccc4C3)nc(N3CCc4ccccc4C3)n2)CCO1,oracle,autodockgpu,-9.61,energy,7.669466495842214,7.669466495842214,"{""free_energy"": -9.58, ""intermolecular_energy"": -11.07, ""internal_energy"": -0.98, ""cluster_size"": 43, ""cluster_id"": 1, ""rank_in_cluster"": 3}",-9.43,1.71,1,CCN[C@@H]1CN(c2nc(N3CCc4ccccc4C3)nc(N3CCc4ccccc4C3)n2)CCO1
264,CCNC1CN(c2nc(N3CCc4ccccc4C3)nc(N3CCc4ccccc4C3)n2)CCO1,oracle,autodockgpu,-9.61,energy,2.4295111090119508,2.4295111090119508,"{""free_energy"": -9.01, ""intermolecular_energy"": -10.5, ""internal_energy"": -1.03, ""cluster_size"": 1, ""cluster_id"": 4, ""rank_in_cluster"": 1}",-9.41,1.89,1,CCN[C@@H]1CN(c2nc(N3CCc4ccccc4C3)nc(N3CCc4ccccc4C3)n2)CCO1
265,CCNC1CN(c2nc(N3CCc4ccccc4C3)nc(N3CCc4ccccc4C3)n2)CCO1,oracle,autodockgpu,-9.61,energy,8.919502785943537,8.919502785943537,"{""free_energy"": -9.24, ""intermolecular_energy"": -10.73, ""internal_energy"": -1.03, ""cluster_size"": 43, ""cluster_id"": 1, ""rank_in_cluster"": 26}",-9.41,1.63,1,CCN[C@@H]1CN(c2nc(N3CCc4ccccc4C3)nc(N3CCc4ccccc4C3)n2)CCO1
266,CCNC1CN(c2nc(N3CCc4ccccc4C3)nc(N3CCc4ccccc4C3)n2)CCO1,oracle,autodockgpu,-9.61,energy,9.025977627876138,9.025977627876138,"{""free_energy"": -9.36, ""intermolecular_energy"": -10.85, ""internal_energy"": -1.0, ""cluster_size"": 43, ""cluster_id"": 1, ""rank_in_cluster"": 21}",-9.4,1.61,1,CCN[C@@H]1CN(c2nc(N3CCc4ccccc4C3)nc(N3CCc4ccccc4C3)n2)CCO1
267,CCNC1CN(c2nc(N3CCc4ccccc4C3)nc(N3CCc4ccccc4C3)n2)CCO1,oracle,autodockgpu,-9.61,energy,7.477269001941681,7.477269001941681,"{""free_energy"": -9.52, ""intermolecular_energy"": -11.01, ""internal_energy"": -1.04, ""cluster_size"": 43, ""cluster_id"": 1, ""rank_in_cluster"": 11}",-9.38,1.54,1,CCN[C@@H]1CN(c2nc(N3CCc4ccccc4C3)nc(N3CCc4ccccc4C3)n2)CCO1
268,CCNC1CN(c2nc(N3CCc4ccccc4C3)nc(N3CCc4ccccc4C3)n2)CCO1,oracle,autodockgpu,-9.61,energy,9.0882652997707,9.0882652997707,"{""free_energy"": -9.14, ""intermolecular_energy"": -10.64, ""internal_energy"": -0.98, ""cluster_size"": 43, ""cluster_id"": 1, ""rank_in_cluster"": 38}",-9.38,1.78,1,CCN[C@@H]1CN(c2nc(N3CCc4ccccc4C3)nc(N3CCc4ccccc4C3)n2)CCO1
269,CCNC1CN(c2nc(N3CCc4ccccc4C3)nc(N3CCc4ccccc4C3)n2)CCO1,oracle,autodockgpu,-9.61,energy,9.36515527991476,9.36515527991476,"{""free_energy"": -9.2, ""intermolecular_energy"": -10.69, ""internal_energy"": -1.01, ""cluster_size"": 43, ""cluster_id"": 1, ""rank_in_cluster"": 33}",-9.37,1.89,1,CCN[C@@H]1CN(c2nc(N3CCc4ccccc4C3)nc(N3CCc4ccccc4C3)n2)CCO1
270,CCNC1CN(c2nc(N3CCc4ccccc4C3)nc(N3CCc4ccccc4C3)n2)CCO1,oracle,autodockgpu,-9.61,energy,8.30855110938395,8.30855110938395,"{""free_energy"": -9.2, ""intermolecular_energy"": -10.69, ""internal_energy"": -1.05, ""cluster_size"": 5, ""cluster_id"": 2, ""rank_in_cluster"": 1}",-9.36,1.65,1,CCN[C@@H]1CN(c2nc(N3CCc4ccccc4C3)nc(N3CCc4ccccc4C3)n2)CCO1
271,CCNC1CN(c2nc(N3CCc4ccccc4C3)nc(N3CCc4ccccc4C3)n2)CCO1,oracle,autodockgpu,-9.61,energy,9.416694201566894,9.416694201566894,"{""free_energy"": -9.18, ""intermolecular_energy"": -10.67, ""internal_energy"": -1.01, ""cluster_size"": 43, ""cluster_id"": 1, ""rank_in_cluster"": 35}",-9.33,0.29,1,CCN[C@@H]1CN(c2nc(N3CCc4ccccc4C3)nc(N3CCc4ccccc4C3)n2)CCO1
272,CCNC1CN(c2nc(N3CCc4ccccc4C3)nc(N3CCc4ccccc4C3)n2)CCO1,oracle,autodockgpu,-9.61,energy,8.789441272370082,8.789441272370082,"{""free_energy"": -9.21, ""intermolecular_energy"": -10.7, ""internal_energy"": -1.04, ""cluster_size"": 43, ""cluster_id"": 1, ""rank_in_cluster"": 31}",-9.28,1.35,1,CCN[C@@H]1CN(c2nc(N3CCc4ccccc4C3)nc(N3CCc4ccccc4C3)n2)CCO1
273,CCNC1CN(c2nc(N3CCc4ccccc4C3)nc(N3CCc4ccccc4C3)n2)CCO1,oracle,autodockgpu,-9.61,energy,7.4839232166208625,7.4839232166208625,"{""free_energy"": -9.52, ""intermolecular_energy"": -11.02, ""internal_energy"": -1.04, ""cluster_size"": 43, ""cluster_id"": 1, ""rank_in_cluster"": 7}",-9.28,1.38,1,CCN[C@@H]1CN(c2nc(N3CCc4ccccc4C3)nc(N3CCc4ccccc4C3)n2)CCO1
274,CCNC1CN(c2nc(N3CCc4ccccc4C3)nc(N3CCc4ccccc4C3)n2)CCO1,oracle,autodockgpu,-9.61,energy,8.81496279534461,8.81496279534461,"{""free_energy"": -9.25, ""intermolecular_energy"": -10.74, ""internal_energy"": -1.04, ""cluster_size"": 43, ""cluster_id"": 1, ""rank_in_cluster"": 25}",-9.25,1.54,1,CCN[C@@H]1CN(c2nc(N3CCc4ccccc4C3)nc(N3CCc4ccccc4C3)n2)CCO1
275,CCNC1CN(c2nc(N3CCc4ccccc4C3)nc(N3CCc4ccccc4C3)n2)CCO1,oracle,autodockgpu,-9.61,energy,7.500988714918562,7.500988714918562,"{""free_energy"": -9.52, ""intermolecular_energy"": -11.01, ""internal_energy"": -1.04, ""cluster_size"": 43, ""cluster_id"": 1, ""rank_in_cluster"": 9}",-9.24,1.52,1,CCN[C@@H]1CN(c2nc(N3CCc4ccccc4C3)nc(N3CCc4ccccc4C3)n2)CCO1
276,CCNC1CN(c2nc(N3CCc4ccccc4C3)nc(N3CCc4ccccc4C3)n2)CCO1,oracle,autodockgpu,-9.61,energy,9.67939861885306,9.67939861885306,"{""free_energy"": -9.53, ""intermolecular_energy"": -11.02, ""internal_energy"": -1.03, ""cluster_size"": 43, ""cluster_id"": 1, ""rank_in_cluster"": 6}",-9.23,1.61,1,CCN[C@@H]1CN(c2nc(N3CCc4ccccc4C3)nc(N3CCc4ccccc4C3)n2)CCO1
277,CCNC1CN(c2nc(N3CCc4ccccc4C3)nc(N3CCc4ccccc4C3)n2)CCO1,oracle,autodockgpu,-9.61,energy,9.309752195314728,9.309752195314728,"{""free_energy"": -8.83, ""intermolecular_energy"": -10.32, ""internal_energy"": -1.08, ""cluster_size"": 43, ""cluster_id"": 1, ""rank_in_cluster"": 43}",-9.22,1.53,1,CCN[C@@H]1CN(c2nc(N3CCc4ccccc4C3)nc(N3CCc4ccccc4C3)n2)CCO1
278,CCNC1CN(c2nc(N3CCc4ccccc4C3)nc(N3CCc4ccccc4C3)n2)CCO1,oracle,autodockgpu,-9.61,energy,9.956844838252595,9.956844838252595,"{""free_energy"": -9.17, ""intermolecular_energy"": -10.66, ""internal_energy"": -1.03, ""cluster_size"": 1, ""cluster_id"": 3, ""rank_in_cluster"": 1}",-9.22,1.39,1,CCN[C@@H]1CN(c2nc(N3CCc4ccccc4C3)nc(N3CCc4ccccc4C3)n2)CCO1
279,CCNC1CN(c2nc(N3CCc4ccccc4C3)nc(N3CCc4ccccc4C3)n2)CCO1,oracle,autodockgpu,-9.61,energy,8.767789205435035,8.767789205435035,"{""free_energy"": -9.19, ""intermolecular_energy"": -10.68, ""internal_energy"": -1.06, ""cluster_size"": 43, ""cluster_id"": 1, ""rank_in_cluster"": 34}",-9.21,1.33,1,CCN[C@@H]1CN(c2nc(N3CCc4ccccc4C3)nc(N3CCc4ccccc4C3)n2)CCO1
280,CCNC1CN(c2nc(N3CCc4ccccc4C3)nc(N3CCc4ccccc4C3)n2)CCO1,oracle,autodockgpu,-9.61,energy,9.460078964769238,9.460078964769238,"{""free_energy"": -9.28, ""intermolecular_energy"": -10.77, ""internal_energy"": -1.01, ""cluster_size"": 43, ""cluster_id"": 1, ""rank_in_cluster"": 24}",-9.21,1.5,1,CCN[C@@H]1CN(c2nc(N3CCc4ccccc4C3)nc(N3CCc4ccccc4C3)n2)CCO1
281,CCNC1CN(c2nc(N3CCc4ccccc4C3)nc(N3CCc4ccccc4C3)n2)CCO1,oracle,autodockgpu,-9.61,energy,9.370533759521127,9.370533759521127,"{""free_energy"": -9.28, ""intermolecular_energy"": -10.77, ""internal_energy"": -1.01, ""cluster_size"": 43, ""cluster_id"": 1, ""rank_in_cluster"": 23}",-9.2,1.36,1,CCN[C@@H]1CN(c2nc(N3CCc4ccccc4C3)nc(N3CCc4ccccc4C3)n2)CCO1
282,CCNC1CN(c2nc(N3CCc4ccccc4C3)nc(N3CCc4ccccc4C3)n2)CCO1,oracle,autodockgpu,-9.61,energy,9.222297488715347,9.222297488715347,"{""free_energy"": -8.94, ""intermolecular_energy"": -10.44, ""internal_energy"": -0.98, ""cluster_size"": 43, ""cluster_id"": 1, ""rank_in_cluster"": 41}",-9.2,1.42,1,CCN[C@@H]1CN(c2nc(N3CCc4ccccc4C3)nc(N3CCc4ccccc4C3)n2)CCO1
283,CCNC1CN(c2nc(N3CCc4ccccc4C3)nc(N3CCc4ccccc4C3)n2)CCO1,oracle,autodockgpu,-9.61,energy,9.431464588666001,9.431464588666001,"{""free_energy"": -9.11, ""intermolecular_energy"": -10.61, ""internal_energy"": -1.03, ""cluster_size"": 5, ""cluster_id"": 2, ""rank_in_cluster"": 3}",-9.19,1.47,1,CCN[C@@H]1CN(c2nc(N3CCc4ccccc4C3)nc(N3CCc4ccccc4C3)n2)CCO1
284,CCNC1CN(c2nc(N3CCc4ccccc4C3)nc(N3CCc4ccccc4C3)n2)CCO1,oracle,autodockgpu,-9.61,energy,9.35494188869622,9.35494188869622,"{""free_energy"": -9.14, ""intermolecular_energy"": -10.63, ""internal_energy"": -1.01, ""cluster_size"": 43, ""cluster_id"": 1, ""rank_in_cluster"": 39}",-9.18,1.44,1,CCN[C@@H]1CN(c2nc(N3CCc4ccccc4C3)nc(N3CCc4ccccc4C3)n2)CCO1
285,CCNC1CN(c2nc(N3CCc4ccccc4C3)nc(N3CCc4ccccc4C3)n2)CCO1,oracle,autodockgpu,-9.61,energy,9.264544324289366,9.264544324289366,"{""free_energy"": -9.22, ""intermolecular_energy"": -10.71, ""internal_energy"": -1.0, ""cluster_size"": 43, ""cluster_id"": 1, ""rank_in_cluster"": 29}",-9.17,1.71,1,CCN[C@@H]1CN(c2nc(N3CCc4ccccc4C3)nc(N3CCc4ccccc4C3)n2)CCO1
286,CCNC1CN(c2nc(N3CCc4ccccc4C3)nc(N3CCc4ccccc4C3)n2)CCO1,oracle,autodockgpu,-9.61,energy,7.707021210045963,7.707021210045963,"{""free_energy"": -9.61, ""intermolecular_energy"": -11.1, ""internal_energy"": -0.98, ""cluster_size"": 43, ""cluster_id"": 1, ""rank_in_cluster"": 1}",-9.16,0.84,1,CCN[C@@H]1CN(c2nc(N3CCc4ccccc4C3)nc(N3CCc4ccccc4C3)n2)CCO1
287,CCNC1CN(c2nc(N3CCc4ccccc4C3)nc(N3CCc4ccccc4C3)n2)CCO1,oracle,autodockgpu,-9.61,energy,9.460308794627338,9.460308794627338,"{""free_energy"": -9.11, ""intermolecular_energy"": -10.6, ""internal_energy"": -1.03, ""cluster_size"": 5, ""cluster_id"": 2, ""rank_in_cluster"": 5}",-9.14,1.58,1,CCN[C@@H]1CN(c2nc(N3CCc4ccccc4C3)nc(N3CCc4ccccc4C3)n2)CCO1
288,CCNC1CN(c2nc(N3CCc4ccccc4C3)nc(N3CCc4ccccc4C3)n2)CCO1,oracle,autodockgpu,-9.61,energy,9.350483893815893,9.350483893815893,"{""free_energy"": -8.84, ""intermolecular_energy"": -10.33, ""internal_energy"": -1.07, ""cluster_size"": 43, ""cluster_id"": 1, ""rank_in_cluster"": 42}",-9.14,1.43,1,CCN[C@@H]1CN(c2nc(N3CCc4ccccc4C3)nc(N3CCc4ccccc4C3)n2)CCO1
289,CCNC1CN(c2nc(N3CCc4ccccc4C3)nc(N3CCc4ccccc4C3)n2)CCO1,oracle,autodockgpu,-9.61,energy,7.62138622958658,7.62138622958658,"{""free_energy"": -9.16, ""intermolecular_energy"": -10.65, ""internal_energy"": -0.97, ""cluster_size"": 43, ""cluster_id"": 1, ""rank_in_cluster"": 37}",-9.09,1.57,1,CCN[C@@H]1CN(c2nc(N3CCc4ccccc4C3)nc(N3CCc4ccccc4C3)n2)CCO1
290,CCNC1CN(c2nc(N3CCc4ccccc4C3)nc(N3CCc4ccccc4C3)n2)CCO1,oracle,autodockgpu,-9.61,energy,8.827331501612113,8.827331501612113,"{""free_energy"": -9.22, ""intermolecular_energy"": -10.71, ""internal_energy"": -1.04, ""cluster_size"": 43, ""cluster_id"": 1, ""rank_in_cluster"": 28}",-8.94,1.88,1,CCN[C@@H]1CN(c2nc(N3CCc4ccccc4C3)nc(N3CCc4ccccc4C3)n2)CCO1
291,CCNC1CN(c2nc(N3CCc4ccccc4C3)nc(N3CCc4ccccc4C3)n2)CCO1,oracle,autodockgpu,-9.61,energy,8.976481912511305,8.976481912511305,"{""free_energy"": -9.41, ""intermolecular_energy"": -10.9, ""internal_energy"": -1.0, ""cluster_size"": 43, ""cluster_id"": 1, ""rank_in_cluster"": 16}",-8.84,1.9,1,CCN[C@@H]1CN(c2nc(N3CCc4ccccc4C3)nc(N3CCc4ccccc4C3)n2)CCO1
292,CCNC1CN(c2nc(N3CCc4ccccc4C3)nc(N3CCc4ccccc4C3)n2)CCO1,oracle,autodockgpu,-9.61,energy,9.282026167089725,9.282026167089725,"{""free_energy"": -9.17, ""intermolecular_energy"": -10.66, ""internal_energy"": -1.03, ""cluster_size"": 43, ""cluster_id"": 1, ""rank_in_cluster"": 36}",-8.83,1.91,1,CCN[C@@H]1CN(c2nc(N3CCc4ccccc4C3)nc(N3CCc4ccccc4C3)n2)CCO1
293,CCNC1CN(c2nc(N3CCc4ccccc4C3)nc(N3CCc4ccccc4C3)n2)CCO1,oracle,autodockgpu,-9.61,energy,8.890155913262728,8.890155913262728,"{""free_energy"": -9.09, ""intermolecular_energy"": -10.59, ""internal_energy"": -1.03, ""cluster_size"": 43, ""cluster_id"": 1, ""rank_in_cluster"": 40}",-9.2,0.0,2,CCN[C@@H]1CN(c2nc(N3CCc4ccccc4C3)nc(N3CCc4ccccc4C3)n2)CCO1
294,CCNC1CN(c2nc(N3CCc4ccccc4C3)nc(N3CCc4ccccc4C3)n2)CCO1,oracle,autodockgpu,-9.61,energy,9.0070991993188,9.0070991993188,"{""free_energy"": -9.38, ""intermolecular_energy"": -10.87, ""internal_energy"": -1.02, ""cluster_size"": 43, ""cluster_id"": 1, ""rank_in_cluster"": 18}",-9.2,0.18,2,CCN[C@@H]1CN(c2nc(N3CCc4ccccc4C3)nc(N3CCc4ccccc4C3)n2)CCO1
295,CCNC1CN(c2nc(N3CCc4ccccc4C3)nc(N3CCc4ccccc4C3)n2)CCO1,oracle,autodockgpu,-9.61,energy,7.428569786280922,7.428569786280922,"{""free_energy"": -9.21, ""intermolecular_energy"": -10.71, ""internal_energy"": -1.03, ""cluster_size"": 43, ""cluster_id"": 1, ""rank_in_cluster"": 30}",-9.11,0.64,2,CCN[C@@H]1CN(c2nc(N3CCc4ccccc4C3)nc(N3CCc4ccccc4C3)n2)CCO1
296,CCNC1CN(c2nc(N3CCc4ccccc4C3)nc(N3CCc4ccccc4C3)n2)CCO1,oracle,autodockgpu,-9.61,energy,7.436874594330309,7.436874594330309,"{""free_energy"": -9.44, ""intermolecular_energy"": -10.94, ""internal_energy"": -1.04, ""cluster_size"": 43, ""cluster_id"": 1, ""rank_in_cluster"": 13}",-9.11,0.65,2,CCN[C@@H]1CN(c2nc(N3CCc4ccccc4C3)nc(N3CCc4ccccc4C3)n2)CCO1
297,CCNC1CN(c2nc(N3CCc4ccccc4C3)nc(N3CCc4ccccc4C3)n2)CCO1,oracle,autodockgpu,-9.61,energy,9.820749472039504,9.820749472039504,"{""free_energy"": -9.38, ""intermolecular_energy"": -10.87, ""internal_energy"": -1.0, ""cluster_size"": 43, ""cluster_id"": 1, ""rank_in_cluster"": 19}",-9.11,0.65,2,CCN[C@@H]1CN(c2nc(N3CCc4ccccc4C3)nc(N3CCc4ccccc4C3)n2)CCO1
298,CCNC1CN(c2nc(N3CCc4ccccc4C3)nc(N3CCc4ccccc4C3)n2)CCO1,oracle,autodockgpu,-9.61,energy,8.96479314740392,8.96479314740392,"{""free_energy"": -9.4, ""intermolecular_energy"": -10.9, ""internal_energy"": -1.01, ""cluster_size"": 43, ""cluster_id"": 1, ""rank_in_cluster"": 17}",-9.17,0.0,3,CCN[C@@H]1CN(c2nc(N3CCc4ccccc4C3)nc(N3CCc4ccccc4C3)n2)CCO1
299,CCNC1CN(c2nc(N3CCc4ccccc4C3)nc(N3CCc4ccccc4C3)n2)CCO1,oracle,autodockgpu,-9.61,energy,9.494802138696118,9.494802138696118,"{""free_energy"": -9.11, ""intermolecular_energy"": -10.6, ""internal_energy"": -1.03, ""cluster_size"": 5, ""cluster_id"": 2, ""rank_in_cluster"": 4}",-9.01,0.0,4,CCN[C@@H]1CN(c2nc(N3CCc4ccccc4C3)nc(N3CCc4ccccc4C3)n2)CCO1
300,CCNC1CN(c2nc(N3CCc4ccccc4C3)nc(N3CCc4ccccc4C3)n2)CCO1,oracle,autodockgpu,-9.56,energy,6.20278546253393,6.20278546253393,"{""free_energy"": -9.52, ""intermolecular_energy"": -11.01, ""internal_energy"": -1.01, ""cluster_size"": 47, ""cluster_id"": 1, ""rank_in_cluster"": 5}",-9.56,0.0,1,CCN[C@H]1CN(c2nc(N3CCc4ccccc4C3)nc(N3CCc4ccccc4C3)n2)CCO1
301,CCNC1CN(c2nc(N3CCc4ccccc4C3)nc(N3CCc4ccccc4C3)n2)CCO1,oracle,autodockgpu,-9.56,energy,9.231461280117731,9.231461280117731,"{""free_energy"": -8.78, ""intermolecular_energy"": -10.27, ""internal_energy"": -0.97, ""cluster_size"": 47, ""cluster_id"": 1, ""rank_in_cluster"": 46}",-9.56,0.21,1,CCN[C@H]1CN(c2nc(N3CCc4ccccc4C3)nc(N3CCc4ccccc4C3)n2)CCO1
302,CCNC1CN(c2nc(N3CCc4ccccc4C3)nc(N3CCc4ccccc4C3)n2)CCO1,oracle,autodockgpu,-9.56,energy,7.145795509396245,7.145795509396245,"{""free_energy"": -9.24, ""intermolecular_energy"": -10.73, ""internal_energy"": -1.01, ""cluster_size"": 47, ""cluster_id"": 1, ""rank_in_cluster"": 17}",-9.56,0.21,1,CCN[C@H]1CN(c2nc(N3CCc4ccccc4C3)nc(N3CCc4ccccc4C3)n2)CCO1
303,CCNC1CN(c2nc(N3CCc4ccccc4C3)nc(N3CCc4ccccc4C3)n2)CCO1,oracle,autodockgpu,-9.56,energy,7.858260546960102,7.858260546960102,"{""free_energy"": -9.13, ""intermolecular_energy"": -10.62, ""internal_energy"": -0.92, ""cluster_size"": 47, ""cluster_id"": 1, ""rank_in_cluster"": 25}",-9.55,0.03,1,CCN[C@H]1CN(c2nc(N3CCc4ccccc4C3)nc(N3CCc4ccccc4C3)n2)CCO1
304,CCNC1CN(c2nc(N3CCc4ccccc4C3)nc(N3CCc4ccccc4C3)n2)CCO1,oracle,autodockgpu,-9.56,energy,7.668542292318465,7.668542292318465,"{""free_energy"": -9.2, ""intermolecular_energy"": -10.69, ""internal_energy"": -0.89, ""cluster_size"": 47, ""cluster_id"": 1, ""rank_in_cluster"": 22}",-9.52,0.15,1,CCN[C@H]1CN(c2nc(N3CCc4ccccc4C3)nc(N3CCc4ccccc4C3)n2)CCO1
305,CCNC1CN(c2nc(N3CCc4ccccc4C3)nc(N3CCc4ccccc4C3)n2)CCO1,oracle,autodockgpu,-9.56,energy,9.159341249527648,9.159341249527648,"{""free_energy"": -9.08, ""intermolecular_energy"": -10.57, ""internal_energy"": -0.98, ""cluster_size"": 47, ""cluster_id"": 1, ""rank_in_cluster"": 33}",-9.51,0.47,1,CCN[C@H]1CN(c2nc(N3CCc4ccccc4C3)nc(N3CCc4ccccc4C3)n2)CCO1
306,CCNC1CN(c2nc(N3CCc4ccccc4C3)nc(N3CCc4ccccc4C3)n2)CCO1,oracle,autodockgpu,-9.56,energy,7.573886555119761,7.573886555119761,"{""free_energy"": -9.13, ""intermolecular_energy"": -10.62, ""internal_energy"": -0.99, ""cluster_size"": 47, ""cluster_id"": 1, ""rank_in_cluster"": 24}",-9.46,0.61,1,CCN[C@H]1CN(c2nc(N3CCc4ccccc4C3)nc(N3CCc4ccccc4C3)n2)CCO1
307,CCNC1CN(c2nc(N3CCc4ccccc4C3)nc(N3CCc4ccccc4C3)n2)CCO1,oracle,autodockgpu,-9.56,energy,7.174005774857711,7.174005774857711,"{""free_energy"": -9.2, ""intermolecular_energy"": -10.69, ""internal_energy"": -1.01, ""cluster_size"": 47, ""cluster_id"": 1, ""rank_in_cluster"": 21}",-9.43,0.45,1,CCN[C@H]1CN(c2nc(N3CCc4ccccc4C3)nc(N3CCc4ccccc4C3)n2)CCO1
308,CCNC1CN(c2nc(N3CCc4ccccc4C3)nc(N3CCc4ccccc4C3)n2)CCO1,oracle,autodockgpu,-9.56,energy,7.542579953175253,7.542579953175253,"{""free_energy"": -8.61, ""intermolecular_energy"": -10.11, ""internal_energy"": -1.08, ""cluster_size"": 47, ""cluster_id"": 1, ""rank_in_cluster"": 47}",-9.41,0.45,1,CCN[C@H]1CN(c2nc(N3CCc4ccccc4C3)nc(N3CCc4ccccc4C3)n2)CCO1
309,CCNC1CN(c2nc(N3CCc4ccccc4C3)nc(N3CCc4ccccc4C3)n2)CCO1,oracle,autodockgpu,-9.56,energy,7.689834917501749,7.689834917501749,"{""free_energy"": -9.01, ""intermolecular_energy"": -10.5, ""internal_energy"": -1.0, ""cluster_size"": 47, ""cluster_id"": 1, ""rank_in_cluster"": 43}",-9.4,0.49,1,CCN[C@H]1CN(c2nc(N3CCc4ccccc4C3)nc(N3CCc4ccccc4C3)n2)CCO1
310,CCNC1CN(c2nc(N3CCc4ccccc4C3)nc(N3CCc4ccccc4C3)n2)CCO1,oracle,autodockgpu,-9.56,energy,9.103078285134687,9.103078285134687,"{""free_energy"": -8.76, ""intermolecular_energy"": -10.25, ""internal_energy"": -1.0, ""cluster_size"": 1, ""cluster_id"": 2, ""rank_in_cluster"": 1}",-9.39,0.47,1,CCN[C@H]1CN(c2nc(N3CCc4ccccc4C3)nc(N3CCc4ccccc4C3)n2)CCO1
311,CCNC1CN(c2nc(N3CCc4ccccc4C3)nc(N3CCc4ccccc4C3)n2)CCO1,oracle,autodockgpu,-9.56,energy,9.18376588291419,9.18376588291419,"{""free_energy"": -9.05, ""intermolecular_energy"": -10.54, ""internal_energy"": -0.97, ""cluster_size"": 47, ""cluster_id"": 1, ""rank_in_cluster"": 36}",-9.37,0.51,1,CCN[C@H]1CN(c2nc(N3CCc4ccccc4C3)nc(N3CCc4ccccc4C3)n2)CCO1
312,CCNC1CN(c2nc(N3CCc4ccccc4C3)nc(N3CCc4ccccc4C3)n2)CCO1,oracle,autodockgpu,-9.56,energy,6.1651407896607635,6.1651407896607635,"{""free_energy"": -9.37, ""intermolecular_energy"": -10.87, ""internal_energy"": -1.05, ""cluster_size"": 47, ""cluster_id"": 1, ""rank_in_cluster"": 12}",-9.37,0.5,1,CCN[C@H]1CN(c2nc(N3CCc4ccccc4C3)nc(N3CCc4ccccc4C3)n2)CCO1
313,CCNC1CN(c2nc(N3CCc4ccccc4C3)nc(N3CCc4ccccc4C3)n2)CCO1,oracle,autodockgpu,-9.56,energy,6.152191834270611,6.152191834270611,"{""free_energy"": -9.37, ""intermolecular_energy"": -10.86, ""internal_energy"": -1.05, ""cluster_size"": 47, ""cluster_id"": 1, ""rank_in_cluster"": 13}",-9.34,1.45,1,CCN[C@H]1CN(c2nc(N3CCc4ccccc4C3)nc(N3CCc4ccccc4C3)n2)CCO1
314,CCNC1CN(c2nc(N3CCc4ccccc4C3)nc(N3CCc4ccccc4C3)n2)CCO1,oracle,autodockgpu,-9.56,energy,6.045965516184845,6.045965516184845,"{""free_energy"": -9.51, ""intermolecular_energy"": -11.0, ""internal_energy"": -0.86, ""cluster_size"": 47, ""cluster_id"": 1, ""rank_in_cluster"": 6}",-9.25,1.36,1,CCN[C@H]1CN(c2nc(N3CCc4ccccc4C3)nc(N3CCc4ccccc4C3)n2)CCO1
315,CCNC1CN(c2nc(N3CCc4ccccc4C3)nc(N3CCc4ccccc4C3)n2)CCO1,oracle,autodockgpu,-9.56,energy,6.1562444102592515,6.1562444102592515,"{""free_energy"": -9.39, ""intermolecular_energy"": -10.88, ""internal_energy"": -1.05, ""cluster_size"": 47, ""cluster_id"": 1, ""rank_in_cluster"": 11}",-9.24,1.34,1,CCN[C@H]1CN(c2nc(N3CCc4ccccc4C3)nc(N3CCc4ccccc4C3)n2)CCO1
316,CCNC1CN(c2nc(N3CCc4ccccc4C3)nc(N3CCc4ccccc4C3)n2)CCO1,oracle,autodockgpu,-9.56,energy,6.221300515635588,6.221300515635588,"{""free_energy"": -9.56, ""intermolecular_energy"": -11.05, ""internal_energy"": -0.98, ""cluster_size"": 47, ""cluster_id"": 1, ""rank_in_cluster"": 3}",-9.24,1.33,1,CCN[C@H]1CN(c2nc(N3CCc4ccccc4C3)nc(N3CCc4ccccc4C3)n2)CCO1
317,CCNC1CN(c2nc(N3CCc4ccccc4C3)nc(N3CCc4ccccc4C3)n2)CCO1,oracle,autodockgpu,-9.56,energy,6.178931178016708,6.178931178016708,"{""free_energy"": -9.41, ""intermolecular_energy"": -10.9, ""internal_energy"": -1.05, ""cluster_size"": 47, ""cluster_id"": 1, ""rank_in_cluster"": 9}",-9.24,1.48,1,CCN[C@H]1CN(c2nc(N3CCc4ccccc4C3)nc(N3CCc4ccccc4C3)n2)CCO1
318,CCNC1CN(c2nc(N3CCc4ccccc4C3)nc(N3CCc4ccccc4C3)n2)CCO1,oracle,autodockgpu,-9.56,energy,2.4228466452973385,2.4228466452973385,"{""free_energy"": -8.52, ""intermolecular_energy"": -10.01, ""internal_energy"": -1.01, ""cluster_size"": 2, ""cluster_id"": 3, ""rank_in_cluster"": 1}",-9.23,1.35,1,CCN[C@H]1CN(c2nc(N3CCc4ccccc4C3)nc(N3CCc4ccccc4C3)n2)CCO1
319,CCNC1CN(c2nc(N3CCc4ccccc4C3)nc(N3CCc4ccccc4C3)n2)CCO1,oracle,autodockgpu,-9.56,energy,6.047174178353682,6.047174178353682,"{""free_energy"": -9.46, ""intermolecular_energy"": -10.95, ""internal_energy"": -0.76, ""cluster_size"": 47, ""cluster_id"": 1, ""rank_in_cluster"": 7}",-9.23,1.48,1,CCN[C@H]1CN(c2nc(N3CCc4ccccc4C3)nc(N3CCc4ccccc4C3)n2)CCO1
320,CCNC1CN(c2nc(N3CCc4ccccc4C3)nc(N3CCc4ccccc4C3)n2)CCO1,oracle,autodockgpu,-9.56,energy,6.225964256597827,6.225964256597827,"{""free_energy"": -9.56, ""intermolecular_energy"": -11.05, ""internal_energy"": -0.99, ""cluster_size"": 47, ""cluster_id"": 1, ""rank_in_cluster"": 1}",-9.2,1.35,1,CCN[C@H]1CN(c2nc(N3CCc4ccccc4C3)nc(N3CCc4ccccc4C3)n2)CCO1
321,CCNC1CN(c2nc(N3CCc4ccccc4C3)nc(N3CCc4ccccc4C3)n2)CCO1,oracle,autodockgpu,-9.56,energy,9.068709487316802,9.068709487316802,"{""free_energy"": -8.82, ""intermolecular_energy"": -10.32, ""internal_energy"": -1.02, ""cluster_size"": 47, ""cluster_id"": 1, ""rank_in_cluster"": 45}",-9.2,1.47,1,CCN[C@H]1CN(c2nc(N3CCc4ccccc4C3)nc(N3CCc4ccccc4C3)n2)CCO1
322,CCNC1CN(c2nc(N3CCc4ccccc4C3)nc(N3CCc4ccccc4C3)n2)CCO1,oracle,autodockgpu,-9.56,energy,7.582775168128219,7.582775168128219,"{""free_energy"": -9.01, ""intermolecular_energy"": -10.51, ""internal_energy"": -1.07, ""cluster_size"": 47, ""cluster_id"": 1, ""rank_in_cluster"": 41}",-9.14,1.48,1,CCN[C@H]1CN(c2nc(N3CCc4ccccc4C3)nc(N3CCc4ccccc4C3)n2)CCO1
323,CCNC1CN(c2nc(N3CCc4ccccc4C3)nc(N3CCc4ccccc4C3)n2)CCO1,oracle,autodockgpu,-9.56,energy,7.507729465498935,7.507729465498935,"{""free_energy"": -9.1, ""intermolecular_energy"": -10.6, ""internal_energy"": -1.07, ""cluster_size"": 47, ""cluster_id"": 1, ""rank_in_cluster"": 30}",-9.13,1.55,1,CCN[C@H]1CN(c2nc(N3CCc4ccccc4C3)nc(N3CCc4ccccc4C3)n2)CCO1
324,CCNC1CN(c2nc(N3CCc4ccccc4C3)nc(N3CCc4ccccc4C3)n2)CCO1,oracle,autodockgpu,-9.56,energy,7.184814996602697,7.184814996602697,"{""free_energy"": -9.23, ""intermolecular_energy"": -10.72, ""internal_energy"": -1.02, ""cluster_size"": 47, ""cluster_id"": 1, ""rank_in_cluster"": 19}",-9.13,1.42,1,CCN[C@H]1CN(c2nc(N3CCc4ccccc4C3)nc(N3CCc4ccccc4C3)n2)CCO1
325,CCNC1CN(c2nc(N3CCc4ccccc4C3)nc(N3CCc4ccccc4C3)n2)CCO1,oracle,autodockgpu,-9.56,energy,7.678880670002975,7.678880670002975,"{""free_energy"": -9.04, ""intermolecular_energy"": -10.53, ""internal_energy"": -0.98, ""cluster_size"": 47, ""cluster_id"": 1, ""rank_in_cluster"": 39}",-9.12,1.51,1,CCN[C@H]1CN(c2nc(N3CCc4ccccc4C3)nc(N3CCc4ccccc4C3)n2)CCO1
326,CCNC1CN(c2nc(N3CCc4ccccc4C3)nc(N3CCc4ccccc4C3)n2)CCO1,oracle,autodockgpu,-9.56,energy,9.23697924245222,9.23697924245222,"{""free_energy"": -9.02, ""intermolecular_energy"": -10.51, ""internal_energy"": -0.97, ""cluster_size"": 47, ""cluster_id"": 1, ""rank_in_cluster"": 40}",-9.12,1.81,1,CCN[C@H]1CN(c2nc(N3CCc4ccccc4C3)nc(N3CCc4ccccc4C3)n2)CCO1
327,CCNC1CN(c2nc(N3CCc4ccccc4C3)nc(N3CCc4ccccc4C3)n2)CCO1,oracle,autodockgpu,-9.56,energy,7.613553639128794,7.613553639128794,"{""free_energy"": -9.12, ""intermolecular_energy"": -10.61, ""internal_energy"": -0.99, ""cluster_size"": 47, ""cluster_id"": 1, ""rank_in_cluster"": 26}",-9.11,1.77,1,CCN[C@H]1CN(c2nc(N3CCc4ccccc4C3)nc(N3CCc4ccccc4C3)n2)CCO1
328,CCNC1CN(c2nc(N3CCc4ccccc4C3)nc(N3CCc4ccccc4C3)n2)CCO1,oracle,autodockgpu,-9.56,energy,9.233451360487013,9.233451360487013,"{""free_energy"": -9.11, ""intermolecular_energy"": -10.6, ""internal_energy"": -0.97, ""cluster_size"": 47, ""cluster_id"": 1, ""rank_in_cluster"": 28}",-9.11,1.79,1,CCN[C@H]1CN(c2nc(N3CCc4ccccc4C3)nc(N3CCc4ccccc4C3)n2)CCO1
329,CCNC1CN(c2nc(N3CCc4ccccc4C3)nc(N3CCc4ccccc4C3)n2)CCO1,oracle,autodockgpu,-9.56,energy,7.611730441086402,7.611730441086402,"{""free_energy"": -9.14, ""intermolecular_energy"": -10.63, ""internal_energy"": -0.97, ""cluster_size"": 47, ""cluster_id"": 1, ""rank_in_cluster"": 23}",-9.1,1.34,1,CCN[C@H]1CN(c2nc(N3CCc4ccccc4C3)nc(N3CCc4ccccc4C3)n2)CCO1
330,CCNC1CN(c2nc(N3CCc4ccccc4C3)nc(N3CCc4ccccc4C3)n2)CCO1,oracle,autodockgpu,-9.56,energy,7.6903378264308,7.6903378264308,"{""free_energy"": -9.04, ""intermolecular_energy"": -10.53, ""internal_energy"": -1.0, ""cluster_size"": 47, ""cluster_id"": 1, ""rank_in_cluster"": 38}",-9.1,1.46,1,CCN[C@H]1CN(c2nc(N3CCc4ccccc4C3)nc(N3CCc4ccccc4C3)n2)CCO1
331,CCNC1CN(c2nc(N3CCc4ccccc4C3)nc(N3CCc4ccccc4C3)n2)CCO1,oracle,autodockgpu,-9.56,energy,2.4518179925216996,2.4518179925216996,"{""free_energy"": -8.51, ""intermolecular_energy"": -10.0, ""internal_energy"": -1.04, ""cluster_size"": 2, ""cluster_id"": 3, ""rank_in_cluster"": 2}",-9.09,1.51,1,CCN[C@H]1CN(c2nc(N3CCc4ccccc4C3)nc(N3CCc4ccccc4C3)n2)CCO1
332,CCNC1CN(c2nc(N3CCc4ccccc4C3)nc(N3CCc4ccccc4C3)n2)CCO1,oracle,autodockgpu,-9.56,energy,9.268818100997903,9.268818100997903,"{""free_energy"": -9.07, ""intermolecular_energy"": -10.56, ""internal_energy"": -0.98, ""cluster_size"": 47, ""cluster_id"": 1, ""rank_in_cluster"": 34}",-9.08,1.73,1,CCN[C@H]1CN(c2nc(N3CCc4ccccc4C3)nc(N3CCc4ccccc4C3)n2)CCO1
333,CCNC1CN(c2nc(N3CCc4ccccc4C3)nc(N3CCc4ccccc4C3)n2)CCO1,oracle,autodockgpu,-9.56,energy,9.22900895425929,9.22900895425929,"{""free_energy"": -9.11, ""intermolecular_energy"": -10.6, ""internal_energy"": -0.98, ""cluster_size"": 47, ""cluster_id"": 1, ""rank_in_cluster"": 29}",-9.07,1.8,1,CCN[C@H]1CN(c2nc(N3CCc4ccccc4C3)nc(N3CCc4ccccc4C3)n2)CCO1
334,CCNC1CN(c2nc(N3CCc4ccccc4C3)nc(N3CCc4ccccc4C3)n2)CCO1,oracle,autodockgpu,-9.56,energy,7.381338848401465,7.381338848401465,"{""free_energy"": -9.1, ""intermolecular_energy"": -10.59, ""internal_energy"": -0.99, ""cluster_size"": 47, ""cluster_id"": 1, ""rank_in_cluster"": 31}",-9.06,1.45,1,CCN[C@H]1CN(c2nc(N3CCc4ccccc4C3)nc(N3CCc4ccccc4C3)n2)CCO1
335,CCNC1CN(c2nc(N3CCc4ccccc4C3)nc(N3CCc4ccccc4C3)n2)CCO1,oracle,autodockgpu,-9.56,energy,7.163266527003326,7.163266527003326,"{""free_energy"": -9.24, ""intermolecular_energy"": -10.73, ""internal_energy"": -1.01, ""cluster_size"": 47, ""cluster_id"": 1, ""rank_in_cluster"": 16}",-9.05,1.75,1,CCN[C@H]1CN(c2nc(N3CCc4ccccc4C3)nc(N3CCc4ccccc4C3)n2)CCO1
336,CCNC1CN(c2nc(N3CCc4ccccc4C3)nc(N3CCc4ccccc4C3)n2)CCO1,oracle,autodockgpu,-9.56,energy,7.19387846337087,7.19387846337087,"{""free_energy"": -9.25, ""intermolecular_energy"": -10.74, ""internal_energy"": -1.02, ""cluster_size"": 47, ""cluster_id"": 1, ""rank_in_cluster"": 15}",-9.04,1.52,1,CCN[C@H]1CN(c2nc(N3CCc4ccccc4C3)nc(N3CCc4ccccc4C3)n2)CCO1
337,CCNC1CN(c2nc(N3CCc4ccccc4C3)nc(N3CCc4ccccc4C3)n2)CCO1,oracle,autodockgpu,-9.56,energy,9.22665200154987,9.22665200154987,"{""free_energy"": -9.12, ""intermolecular_energy"": -10.61, ""internal_energy"": -0.98, ""cluster_size"": 47, ""cluster_id"": 1, ""rank_in_cluster"": 27}",-9.04,1.57,1,CCN[C@H]1CN(c2nc(N3CCc4ccccc4C3)nc(N3CCc4ccccc4C3)n2)CCO1
338,CCNC1CN(c2nc(N3CCc4ccccc4C3)nc(N3CCc4ccccc4C3)n2)CCO1,oracle,autodockgpu,-9.56,energy,7.886052126819032,7.886052126819032,"{""free_energy"": -9.04, ""intermolecular_energy"": -10.53, ""internal_energy"": -0.98, ""cluster_size"": 47, ""cluster_id"": 1, ""rank_in_cluster"": 37}",-9.04,1.54,1,CCN[C@H]1CN(c2nc(N3CCc4ccccc4C3)nc(N3CCc4ccccc4C3)n2)CCO1
339,CCNC1CN(c2nc(N3CCc4ccccc4C3)nc(N3CCc4ccccc4C3)n2)CCO1,oracle,autodockgpu,-9.56,energy,6.15261491515428,6.15261491515428,"{""free_energy"": -9.4, ""intermolecular_energy"": -10.89, ""internal_energy"": -1.05, ""cluster_size"": 47, ""cluster_id"": 1, ""rank_in_cluster"": 10}",-9.02,1.8,1,CCN[C@H]1CN(c2nc(N3CCc4ccccc4C3)nc(N3CCc4ccccc4C3)n2)CCO1
340,CCNC1CN(c2nc(N3CCc4ccccc4C3)nc(N3CCc4ccccc4C3)n2)CCO1,oracle,autodockgpu,-9.56,energy,7.407576642183242,7.407576642183242,"{""free_energy"": -9.01, ""intermolecular_energy"": -10.5, ""internal_energy"": -1.03, ""cluster_size"": 47, ""cluster_id"": 1, ""rank_in_cluster"": 42}",-9.01,1.38,1,CCN[C@H]1CN(c2nc(N3CCc4ccccc4C3)nc(N3CCc4ccccc4C3)n2)CCO1
341,CCNC1CN(c2nc(N3CCc4ccccc4C3)nc(N3CCc4ccccc4C3)n2)CCO1,oracle,autodockgpu,-9.56,energy,7.45853272524807,7.45853272524807,"{""free_energy"": -9.06, ""intermolecular_energy"": -10.55, ""internal_energy"": -0.99, ""cluster_size"": 47, ""cluster_id"": 1, ""rank_in_cluster"": 35}",-9.01,1.33,1,CCN[C@H]1CN(c2nc(N3CCc4ccccc4C3)nc(N3CCc4ccccc4C3)n2)CCO1
342,CCNC1CN(c2nc(N3CCc4ccccc4C3)nc(N3CCc4ccccc4C3)n2)CCO1,oracle,autodockgpu,-9.56,energy,7.4158439940778615,7.4158439940778615,"{""free_energy"": -9.24, ""intermolecular_energy"": -10.73, ""internal_energy"": -0.96, ""cluster_size"": 47, ""cluster_id"": 1, ""rank_in_cluster"": 18}",-9.01,1.56,1,CCN[C@H]1CN(c2nc(N3CCc4ccccc4C3)nc(N3CCc4ccccc4C3)n2)CCO1
343,CCNC1CN(c2nc(N3CCc4ccccc4C3)nc(N3CCc4ccccc4C3)n2)CCO1,oracle,autodockgpu,-9.56,energy,6.1491304413709775,6.1491304413709775,"{""free_energy"": -9.43, ""intermolecular_energy"": -10.92, ""internal_energy"": -1.04, ""cluster_size"": 47, ""cluster_id"": 1, ""rank_in_cluster"": 8}",-8.96,1.54,1,CCN[C@H]1CN(c2nc(N3CCc4ccccc4C3)nc(N3CCc4ccccc4C3)n2)CCO1
344,CCNC1CN(c2nc(N3CCc4ccccc4C3)nc(N3CCc4ccccc4C3)n2)CCO1,oracle,autodockgpu,-9.56,energy,7.711397255932579,7.711397255932579,"{""free_energy"": -9.34, ""intermolecular_energy"": -10.83, ""internal_energy"": -0.89, ""cluster_size"": 47, ""cluster_id"": 1, ""rank_in_cluster"": 14}",-8.82,1.75,1,CCN[C@H]1CN(c2nc(N3CCc4ccccc4C3)nc(N3CCc4ccccc4C3)n2)CCO1
345,CCNC1CN(c2nc(N3CCc4ccccc4C3)nc(N3CCc4ccccc4C3)n2)CCO1,oracle,autodockgpu,-9.56,energy,7.4096908298651165,7.4096908298651165,"{""free_energy"": -9.23, ""intermolecular_energy"": -10.72, ""internal_energy"": -0.96, ""cluster_size"": 47, ""cluster_id"": 1, ""rank_in_cluster"": 20}",-8.78,1.85,1,CCN[C@H]1CN(c2nc(N3CCc4ccccc4C3)nc(N3CCc4ccccc4C3)n2)CCO1
346,CCNC1CN(c2nc(N3CCc4ccccc4C3)nc(N3CCc4ccccc4C3)n2)CCO1,oracle,autodockgpu,-9.56,energy,6.2465706762753,6.2465706762753,"{""free_energy"": -9.56, ""intermolecular_energy"": -11.05, ""internal_energy"": -0.99, ""cluster_size"": 47, ""cluster_id"": 1, ""rank_in_cluster"": 2}",-8.61,1.64,1,CCN[C@H]1CN(c2nc(N3CCc4ccccc4C3)nc(N3CCc4ccccc4C3)n2)CCO1
347,CCNC1CN(c2nc(N3CCc4ccccc4C3)nc(N3CCc4ccccc4C3)n2)CCO1,oracle,autodockgpu,-9.56,energy,6.230853198919295,6.230853198919295,"{""free_energy"": -9.55, ""intermolecular_energy"": -11.05, ""internal_energy"": -0.99, ""cluster_size"": 47, ""cluster_id"": 1, ""rank_in_cluster"": 4}",-8.76,0.0,2,CCN[C@H]1CN(c2nc(N3CCc4ccccc4C3)nc(N3CCc4ccccc4C3)n2)CCO1
348,CCNC1CN(c2nc(N3CCc4ccccc4C3)nc(N3CCc4ccccc4C3)n2)CCO1,oracle,autodockgpu,-9.56,energy,7.4944164796348725,7.4944164796348725,"{""free_energy"": -9.09, ""intermolecular_energy"": -10.58, ""internal_energy"": -0.99, ""cluster_size"": 47, ""cluster_id"": 1, ""rank_in_cluster"": 32}",-8.52,0.0,3,CCN[C@H]1CN(c2nc(N3CCc4ccccc4C3)nc(N3CCc4ccccc4C3)n2)CCO1
349,CCNC1CN(c2nc(N3CCc4ccccc4C3)nc(N3CCc4ccccc4C3)n2)CCO1,oracle,autodockgpu,-9.56,energy,7.729086765735125,7.729086765735125,"{""free_energy"": -8.96, ""intermolecular_energy"": -10.46, ""internal_energy"": -1.0, ""cluster_size"": 47, ""cluster_id"": 1, ""rank_in_cluster"": 44}",-8.51,0.3,3,CCN[C@H]1CN(c2nc(N3CCc4ccccc4C3)nc(N3CCc4ccccc4C3)n2)CCO1
350,C[C@H](NC(=O)c1cc2c(=O)n3ccccc3nc2[nH]c1=N)c1ccccc1,oracle,autodockgpu,-8.04,energy,4.7746035099345026,4.7746035099345026,"{""free_energy"": -7.89, ""intermolecular_energy"": -9.08, ""internal_energy"": -0.37, ""cluster_size"": 42, ""cluster_id"": 1, ""rank_in_cluster"": 16}",-8.04,0.0,1,C[C@H](NC(=O)c1cc2c(=O)n3ccccc3nc2[nH]c1=N)c1ccccc1
351,C[C@H](NC(=O)c1cc2c(=O)n3ccccc3nc2[nH]c1=N)c1ccccc1,oracle,autodockgpu,-8.04,energy,4.999707121683654,4.999707121683654,"{""free_energy"": -7.33, ""intermolecular_energy"": -8.53, ""internal_energy"": -0.99, ""cluster_size"": 42, ""cluster_id"": 1, ""rank_in_cluster"": 33}",-8.02,0.07,1,C[C@H](NC(=O)c1cc2c(=O)n3ccccc3nc2[nH]c1=N)c1ccccc1
352,C[C@H](NC(=O)c1cc2c(=O)n3ccccc3nc2[nH]c1=N)c1ccccc1,oracle,autodockgpu,-8.04,energy,4.67788786741212,4.67788786741212,"{""free_energy"": -7.92, ""intermolecular_energy"": -9.11, ""internal_energy"": -0.6, ""cluster_size"": 42, ""cluster_id"": 1, ""rank_in_cluster"": 11}",-8.02,0.06,1,C[C@H](NC(=O)c1cc2c(=O)n3ccccc3nc2[nH]c1=N)c1ccccc1
353,C[C@H](NC(=O)c1cc2c(=O)n3ccccc3nc2[nH]c1=N)c1ccccc1,oracle,autodockgpu,-8.04,energy,5.069739427245994,5.069739427245994,"{""free_energy"": -7.29, ""intermolecular_energy"": -8.48, ""internal_energy"": -1.0, ""cluster_size"": 42, ""cluster_id"": 1, ""rank_in_cluster"": 38}",-7.97,0.11,1,C[C@H](NC(=O)c1cc2c(=O)n3ccccc3nc2[nH]c1=N)c1ccccc1
354,C[C@H](NC(=O)c1cc2c(=O)n3ccccc3nc2[nH]c1=N)c1ccccc1,oracle,autodockgpu,-8.04,energy,4.779768126855012,4.779768126855012,"{""free_energy"": -7.91, ""intermolecular_energy"": -9.1, ""internal_energy"": -0.38, ""cluster_size"": 42, ""cluster_id"": 1, ""rank_in_cluster"": 13}",-7.97,0.1,1,C[C@H](NC(=O)c1cc2c(=O)n3ccccc3nc2[nH]c1=N)c1ccccc1
355,C[C@H](NC(=O)c1cc2c(=O)n3ccccc3nc2[nH]c1=N)c1ccccc1,oracle,autodockgpu,-8.04,energy,4.8871692644664995,4.8871692644664995,"{""free_energy"": -8.02, ""intermolecular_energy"": -9.22, ""internal_energy"": -0.53, ""cluster_size"": 42, ""cluster_id"": 1, ""rank_in_cluster"": 2}",-7.96,0.15,1,C[C@H](NC(=O)c1cc2c(=O)n3ccccc3nc2[nH]c1=N)c1ccccc1
356,C[C@H](NC(=O)c1cc2c(=O)n3ccccc3nc2[nH]c1=N)c1ccccc1,oracle,autodockgpu,-8.04,energy,4.875579673056445,4.875579673056445,"{""free_energy"": -8.02, ""intermolecular_energy"": -9.21, ""internal_energy"": -0.53, ""cluster_size"": 42, ""cluster_id"": 1, ""rank_in_cluster"": 3}",-7.96,0.21,1,C[C@H](NC(=O)c1cc2c(=O)n3ccccc3nc2[nH]c1=N)c1ccccc1
357,C[C@H](NC(=O)c1cc2c(=O)n3ccccc3nc2[nH]c1=N)c1ccccc1,oracle,autodockgpu,-8.04,energy,4.726983054872992,4.726983054872992,"{""free_energy"": -7.74, ""intermolecular_energy"": -8.94, ""internal_energy"": -0.58, ""cluster_size"": 42, ""cluster_id"": 1, ""rank_in_cluster"": 26}",-7.95,0.57,1,C[C@H](NC(=O)c1cc2c(=O)n3ccccc3nc2[nH]c1=N)c1ccccc1
358,C[C@H](NC(=O)c1cc2c(=O)n3ccccc3nc2[nH]c1=N)c1ccccc1,oracle,autodockgpu,-8.04,energy,5.170046618896049,5.170046618896049,"{""free_energy"": -7.27, ""intermolecular_energy"": -8.46, ""internal_energy"": -0.89, ""cluster_size"": 42, ""cluster_id"": 1, ""rank_in_cluster"": 40}",-7.94,0.28,1,C[C@H](NC(=O)c1cc2c(=O)n3ccccc3nc2[nH]c1=N)c1ccccc1
359,C[C@H](NC(=O)c1cc2c(=O)n3ccccc3nc2[nH]c1=N)c1ccccc1,oracle,autodockgpu,-8.04,energy,4.783374255005111,4.783374255005111,"{""free_energy"": -7.63, ""intermolecular_energy"": -8.82, ""internal_energy"": -0.62, ""cluster_size"": 42, ""cluster_id"": 1, ""rank_in_cluster"": 31}",-7.92,0.43,1,C[C@H](NC(=O)c1cc2c(=O)n3ccccc3nc2[nH]c1=N)c1ccccc1
360,C[C@H](NC(=O)c1cc2c(=O)n3ccccc3nc2[nH]c1=N)c1ccccc1,oracle,autodockgpu,-8.04,energy,4.638164150362471,4.638164150362471,"{""free_energy"": -7.83, ""intermolecular_energy"": -9.02, ""internal_energy"": -0.65, ""cluster_size"": 42, ""cluster_id"": 1, ""rank_in_cluster"": 22}",-7.92,0.43,1,C[C@H](NC(=O)c1cc2c(=O)n3ccccc3nc2[nH]c1=N)c1ccccc1
361,C[C@H](NC(=O)c1cc2c(=O)n3ccccc3nc2[nH]c1=N)c1ccccc1,oracle,autodockgpu,-8.04,energy,4.935976929672913,4.935976929672913,"{""free_energy"": -7.65, ""intermolecular_energy"": -8.84, ""internal_energy"": -0.61, ""cluster_size"": 42, ""cluster_id"": 1, ""rank_in_cluster"": 30}",-7.91,0.23,1,C[C@H](NC(=O)c1cc2c(=O)n3ccccc3nc2[nH]c1=N)c1ccccc1
362,C[C@H](NC(=O)c1cc2c(=O)n3ccccc3nc2[nH]c1=N)c1ccccc1,oracle,autodockgpu,-8.04,energy,4.881933689441182,4.881933689441182,"{""free_energy"": -7.96, ""intermolecular_energy"": -9.15, ""internal_energy"": -0.58, ""cluster_size"": 42, ""cluster_id"": 1, ""rank_in_cluster"": 6}",-7.91,0.62,1,C[C@H](NC(=O)c1cc2c(=O)n3ccccc3nc2[nH]c1=N)c1ccccc1
363,C[C@H](NC(=O)c1cc2c(=O)n3ccccc3nc2[nH]c1=N)c1ccccc1,oracle,autodockgpu,-8.04,energy,4.713065439864961,4.713065439864961,"{""free_energy"": -7.83, ""intermolecular_energy"": -9.02, ""internal_energy"": -0.53, ""cluster_size"": 42, ""cluster_id"": 1, ""rank_in_cluster"": 21}",-7.9,0.22,1,C[C@H](NC(=O)c1cc2c(=O)n3ccccc3nc2[nH]c1=N)c1ccccc1
364,C[C@H](NC(=O)c1cc2c(=O)n3ccccc3nc2[nH]c1=N)c1ccccc1,oracle,autodockgpu,-8.04,energy,4.663035777351878,4.663035777351878,"{""free_energy"": -7.85, ""intermolecular_energy"": -9.04, ""internal_energy"": -0.67, ""cluster_size"": 42, ""cluster_id"": 1, ""rank_in_cluster"": 19}",-7.9,0.44,1,C[C@H](NC(=O)c1cc2c(=O)n3ccccc3nc2[nH]c1=N)c1ccccc1
365,C[C@H](NC(=O)c1cc2c(=O)n3ccccc3nc2[nH]c1=N)c1ccccc1,oracle,autodockgpu,-8.04,energy,4.8817232901812435,4.8817232901812435,"{""free_energy"": -7.9, ""intermolecular_energy"": -9.1, ""internal_energy"": -0.57, ""cluster_size"": 42, ""cluster_id"": 1, ""rank_in_cluster"": 14}",-7.89,0.56,1,C[C@H](NC(=O)c1cc2c(=O)n3ccccc3nc2[nH]c1=N)c1ccccc1
366,C[C@H](NC(=O)c1cc2c(=O)n3ccccc3nc2[nH]c1=N)c1ccccc1,oracle,autodockgpu,-8.04,energy,4.658887843890911,4.658887843890911,"{""free_energy"": -7.9, ""intermolecular_energy"": -9.09, ""internal_energy"": -0.6, ""cluster_size"": 42, ""cluster_id"": 1, ""rank_in_cluster"": 15}",-7.88,0.14,1,C[C@H](NC(=O)c1cc2c(=O)n3ccccc3nc2[nH]c1=N)c1ccccc1
367,C[C@H](NC(=O)c1cc2c(=O)n3ccccc3nc2[nH]c1=N)c1ccccc1,oracle,autodockgpu,-8.04,energy,4.202962014398735,4.202962014398735,"{""free_energy"": -7.17, ""intermolecular_energy"": -8.36, ""internal_energy"": -0.89, ""cluster_size"": 8, ""cluster_id"": 2, ""rank_in_cluster"": 5}",-7.88,0.56,1,C[C@H](NC(=O)c1cc2c(=O)n3ccccc3nc2[nH]c1=N)c1ccccc1
368,C[C@H](NC(=O)c1cc2c(=O)n3ccccc3nc2[nH]c1=N)c1ccccc1,oracle,autodockgpu,-8.04,energy,4.7460867967130715,4.7460867967130715,"{""free_energy"": -7.94, ""intermolecular_energy"": -9.13, ""internal_energy"": -0.6, ""cluster_size"": 42, ""cluster_id"": 1, ""rank_in_cluster"": 9}",-7.85,0.47,1,C[C@H](NC(=O)c1cc2c(=O)n3ccccc3nc2[nH]c1=N)c1ccccc1
369,C[C@H](NC(=O)c1cc2c(=O)n3ccccc3nc2[nH]c1=N)c1ccccc1,oracle,autodockgpu,-8.04,energy,5.1427420293436805,5.1427420293436805,"{""free_energy"": -7.31, ""intermolecular_energy"": -8.5, ""internal_energy"": -0.96, ""cluster_size"": 42, ""cluster_id"": 1, ""rank_in_cluster"": 35}",-7.85,0.58,1,C[C@H](NC(=O)c1cc2c(=O)n3ccccc3nc2[nH]c1=N)c1ccccc1
370,C[C@H](NC(=O)c1cc2c(=O)n3ccccc3nc2[nH]c1=N)c1ccccc1,oracle,autodockgpu,-8.04,energy,4.787584187909595,4.787584187909595,"{""free_energy"": -7.18, ""intermolecular_energy"": -8.37, ""internal_energy"": -0.87, ""cluster_size"": 8, ""cluster_id"": 2, ""rank_in_cluster"": 4}",-7.83,0.2,1,C[C@H](NC(=O)c1cc2c(=O)n3ccccc3nc2[nH]c1=N)c1ccccc1
371,C[C@H](NC(=O)c1cc2c(=O)n3ccccc3nc2[nH]c1=N)c1ccccc1,oracle,autodockgpu,-8.04,energy,4.681735519642696,4.681735519642696,"{""free_energy"": -7.88, ""intermolecular_energy"": -9.08, ""internal_energy"": -0.45, ""cluster_size"": 42, ""cluster_id"": 1, ""rank_in_cluster"": 17}",-7.83,0.52,1,C[C@H](NC(=O)c1cc2c(=O)n3ccccc3nc2[nH]c1=N)c1ccccc1
372,C[C@H](NC(=O)c1cc2c(=O)n3ccccc3nc2[nH]c1=N)c1ccccc1,oracle,autodockgpu,-8.04,energy,4.526508120636408,4.526508120636408,"{""free_energy"": -7.1, ""intermolecular_energy"": -8.29, ""internal_energy"": -0.9, ""cluster_size"": 8, ""cluster_id"": 2, ""rank_in_cluster"": 7}",-7.82,0.21,1,C[C@H](NC(=O)c1cc2c(=O)n3ccccc3nc2[nH]c1=N)c1ccccc1
373,C[C@H](NC(=O)c1cc2c(=O)n3ccccc3nc2[nH]c1=N)c1ccccc1,oracle,autodockgpu,-8.04,energy,4.232809693396162,4.232809693396162,"{""free_energy"": -7.25, ""intermolecular_energy"": -8.44, ""internal_energy"": -0.86, ""cluster_size"": 8, ""cluster_id"": 2, ""rank_in_cluster"": 3}",-7.77,0.29,1,C[C@H](NC(=O)c1cc2c(=O)n3ccccc3nc2[nH]c1=N)c1ccccc1
374,C[C@H](NC(=O)c1cc2c(=O)n3ccccc3nc2[nH]c1=N)c1ccccc1,oracle,autodockgpu,-8.04,energy,4.978503940233041,4.978503940233041,"{""free_energy"": -7.35, ""intermolecular_energy"": -8.54, ""internal_energy"": -0.98, ""cluster_size"": 42, ""cluster_id"": 1, ""rank_in_cluster"": 32}",-7.75,0.28,1,C[C@H](NC(=O)c1cc2c(=O)n3ccccc3nc2[nH]c1=N)c1ccccc1
375,C[C@H](NC(=O)c1cc2c(=O)n3ccccc3nc2[nH]c1=N)c1ccccc1,oracle,autodockgpu,-8.04,energy,5.1775199450270435,5.1775199450270435,"{""free_energy"": -7.28, ""intermolecular_energy"": -8.47, ""internal_energy"": -0.99, ""cluster_size"": 42, ""cluster_id"": 1, ""rank_in_cluster"": 39}",-7.74,0.29,1,C[C@H](NC(=O)c1cc2c(=O)n3ccccc3nc2[nH]c1=N)c1ccccc1
376,C[C@H](NC(=O)c1cc2c(=O)n3ccccc3nc2[nH]c1=N)c1ccccc1,oracle,autodockgpu,-8.04,energy,5.089792246150379,5.089792246150379,"{""free_energy"": -7.24, ""intermolecular_energy"": -8.44, ""internal_energy"": -1.02, ""cluster_size"": 42, ""cluster_id"": 1, ""rank_in_cluster"": 42}",-7.71,0.44,1,C[C@H](NC(=O)c1cc2c(=O)n3ccccc3nc2[nH]c1=N)c1ccccc1
377,C[C@H](NC(=O)c1cc2c(=O)n3ccccc3nc2[nH]c1=N)c1ccccc1,oracle,autodockgpu,-8.04,energy,4.355833650521762,4.355833650521762,"{""free_energy"": -7.02, ""intermolecular_energy"": -8.21, ""internal_energy"": -0.96, ""cluster_size"": 8, ""cluster_id"": 2, ""rank_in_cluster"": 8}",-7.67,0.34,1,C[C@H](NC(=O)c1cc2c(=O)n3ccccc3nc2[nH]c1=N)c1ccccc1
378,C[C@H](NC(=O)c1cc2c(=O)n3ccccc3nc2[nH]c1=N)c1ccccc1,oracle,autodockgpu,-8.04,energy,5.114636790052597,5.114636790052597,"{""free_energy"": -7.3, ""intermolecular_energy"": -8.49, ""internal_energy"": -0.99, ""cluster_size"": 42, ""cluster_id"": 1, ""rank_in_cluster"": 37}",-7.65,0.71,1,C[C@H](NC(=O)c1cc2c(=O)n3ccccc3nc2[nH]c1=N)c1ccccc1
379,C[C@H](NC(=O)c1cc2c(=O)n3ccccc3nc2[nH]c1=N)c1ccccc1,oracle,autodockgpu,-8.04,energy,4.592983779877245,4.592983779877245,"{""free_energy"": -7.25, ""intermolecular_energy"": -8.44, ""internal_energy"": -0.85, ""cluster_size"": 8, ""cluster_id"": 2, ""rank_in_cluster"": 2}",-7.65,0.32,1,C[C@H](NC(=O)c1cc2c(=O)n3ccccc3nc2[nH]c1=N)c1ccccc1
380,C[C@H](NC(=O)c1cc2c(=O)n3ccccc3nc2[nH]c1=N)c1ccccc1,oracle,autodockgpu,-8.04,energy,4.896223972898149,4.896223972898149,"{""free_energy"": -8.04, ""intermolecular_energy"": -9.23, ""internal_energy"": -0.52, ""cluster_size"": 42, ""cluster_id"": 1, ""rank_in_cluster"": 1}",-7.63,0.6,1,C[C@H](NC(=O)c1cc2c(=O)n3ccccc3nc2[nH]c1=N)c1ccccc1
381,C[C@H](NC(=O)c1cc2c(=O)n3ccccc3nc2[nH]c1=N)c1ccccc1,oracle,autodockgpu,-8.04,energy,4.87488764977313,4.87488764977313,"{""free_energy"": -7.97, ""intermolecular_energy"": -9.16, ""internal_energy"": -0.57, ""cluster_size"": 42, ""cluster_id"": 1, ""rank_in_cluster"": 5}",-7.35,0.96,1,C[C@H](NC(=O)c1cc2c(=O)n3ccccc3nc2[nH]c1=N)c1ccccc1
382,C[C@H](NC(=O)c1cc2c(=O)n3ccccc3nc2[nH]c1=N)c1ccccc1,oracle,autodockgpu,-8.04,energy,4.931612181715649,4.931612181715649,"{""free_energy"": -7.95, ""intermolecular_energy"": -9.15, ""internal_energy"": -0.4, ""cluster_size"": 42, ""cluster_id"": 1, ""rank_in_cluster"": 8}",-7.33,0.97,1,C[C@H](NC(=O)c1cc2c(=O)n3ccccc3nc2[nH]c1=N)c1ccccc1
383,C[C@H](NC(=O)c1cc2c(=O)n3ccccc3nc2[nH]c1=N)c1ccccc1,oracle,autodockgpu,-8.04,energy,4.704322316915016,4.704322316915016,"{""free_energy"": -7.71, ""intermolecular_energy"": -8.9, ""internal_energy"": -0.65, ""cluster_size"": 42, ""cluster_id"": 1, ""rank_in_cluster"": 27}",-7.33,0.97,1,C[C@H](NC(=O)c1cc2c(=O)n3ccccc3nc2[nH]c1=N)c1ccccc1
384,C[C@H](NC(=O)c1cc2c(=O)n3ccccc3nc2[nH]c1=N)c1ccccc1,oracle,autodockgpu,-8.04,energy,4.622494457879574,4.622494457879574,"{""free_energy"": -7.88, ""intermolecular_energy"": -9.08, ""internal_energy"": -0.62, ""cluster_size"": 42, ""cluster_id"": 1, ""rank_in_cluster"": 18}",-7.31,1.06,1,C[C@H](NC(=O)c1cc2c(=O)n3ccccc3nc2[nH]c1=N)c1ccccc1
385,C[C@H](NC(=O)c1cc2c(=O)n3ccccc3nc2[nH]c1=N)c1ccccc1,oracle,autodockgpu,-8.04,energy,4.898850093822199,4.898850093822199,"{""free_energy"": -7.91, ""intermolecular_energy"": -9.1, ""internal_energy"": -0.56, ""cluster_size"": 42, ""cluster_id"": 1, ""rank_in_cluster"": 12}",-7.3,1.01,1,C[C@H](NC(=O)c1cc2c(=O)n3ccccc3nc2[nH]c1=N)c1ccccc1
386,C[C@H](NC(=O)c1cc2c(=O)n3ccccc3nc2[nH]c1=N)c1ccccc1,oracle,autodockgpu,-8.04,energy,4.68518121563302,4.68518121563302,"{""free_energy"": -7.92, ""intermolecular_energy"": -9.11, ""internal_energy"": -0.59, ""cluster_size"": 42, ""cluster_id"": 1, ""rank_in_cluster"": 10}",-7.3,1.04,1,C[C@H](NC(=O)c1cc2c(=O)n3ccccc3nc2[nH]c1=N)c1ccccc1
387,C[C@H](NC(=O)c1cc2c(=O)n3ccccc3nc2[nH]c1=N)c1ccccc1,oracle,autodockgpu,-8.04,energy,4.771227951652844,4.771227951652844,"{""free_energy"": -7.96, ""intermolecular_energy"": -9.15, ""internal_energy"": -0.57, ""cluster_size"": 42, ""cluster_id"": 1, ""rank_in_cluster"": 7}",-7.29,1.0,1,C[C@H](NC(=O)c1cc2c(=O)n3ccccc3nc2[nH]c1=N)c1ccccc1
388,C[C@H](NC(=O)c1cc2c(=O)n3ccccc3nc2[nH]c1=N)c1ccccc1,oracle,autodockgpu,-8.04,energy,4.610176386570549,4.610176386570549,"{""free_energy"": -7.25, ""intermolecular_energy"": -8.45, ""internal_energy"": -0.86, ""cluster_size"": 8, ""cluster_id"": 2, ""rank_in_cluster"": 1}",-7.28,1.03,1,C[C@H](NC(=O)c1cc2c(=O)n3ccccc3nc2[nH]c1=N)c1ccccc1
389,C[C@H](NC(=O)c1cc2c(=O)n3ccccc3nc2[nH]c1=N)c1ccccc1,oracle,autodockgpu,-8.04,energy,4.890961270063725,4.890961270063725,"{""free_energy"": -7.77, ""intermolecular_energy"": -8.96, ""internal_energy"": -0.64, ""cluster_size"": 42, ""cluster_id"": 1, ""rank_in_cluster"": 24}",-7.27,0.93,1,C[C@H](NC(=O)c1cc2c(=O)n3ccccc3nc2[nH]c1=N)c1ccccc1
390,C[C@H](NC(=O)c1cc2c(=O)n3ccccc3nc2[nH]c1=N)c1ccccc1,oracle,autodockgpu,-8.04,energy,5.110298691785609,5.110298691785609,"{""free_energy"": -7.25, ""intermolecular_energy"": -8.45, ""internal_energy"": -1.01, ""cluster_size"": 42, ""cluster_id"": 1, ""rank_in_cluster"": 41}",-7.25,1.02,1,C[C@H](NC(=O)c1cc2c(=O)n3ccccc3nc2[nH]c1=N)c1ccccc1
391,C[C@H](NC(=O)c1cc2c(=O)n3ccccc3nc2[nH]c1=N)c1ccccc1,oracle,autodockgpu,-8.04,energy,4.8873167207640416,4.8873167207640416,"{""free_energy"": -7.97, ""intermolecular_energy"": -9.16, ""internal_energy"": -0.58, ""cluster_size"": 42, ""cluster_id"": 1, ""rank_in_cluster"": 4}",-7.24,1.01,1,C[C@H](NC(=O)c1cc2c(=O)n3ccccc3nc2[nH]c1=N)c1ccccc1
392,C[C@H](NC(=O)c1cc2c(=O)n3ccccc3nc2[nH]c1=N)c1ccccc1,oracle,autodockgpu,-8.04,energy,4.715945217888508,4.715945217888508,"{""free_energy"": -7.82, ""intermolecular_energy"": -9.01, ""internal_energy"": -0.55, ""cluster_size"": 42, ""cluster_id"": 1, ""rank_in_cluster"": 23}",-7.25,0.0,2,C[C@H](NC(=O)c1cc2c(=O)n3ccccc3nc2[nH]c1=N)c1ccccc1
393,C[C@H](NC(=O)c1cc2c(=O)n3ccccc3nc2[nH]c1=N)c1ccccc1,oracle,autodockgpu,-8.04,energy,5.08386278426679,5.08386278426679,"{""free_energy"": -7.3, ""intermolecular_energy"": -8.5, ""internal_energy"": -1.0, ""cluster_size"": 42, ""cluster_id"": 1, ""rank_in_cluster"": 36}",-7.25,0.07,2,C[C@H](NC(=O)c1cc2c(=O)n3ccccc3nc2[nH]c1=N)c1ccccc1
394,C[C@H](NC(=O)c1cc2c(=O)n3ccccc3nc2[nH]c1=N)c1ccccc1,oracle,autodockgpu,-8.04,energy,4.707378128753624,4.707378128753624,"{""free_energy"": -7.75, ""intermolecular_energy"": -8.94, ""internal_energy"": -0.58, ""cluster_size"": 42, ""cluster_id"": 1, ""rank_in_cluster"": 25}",-7.25,1.58,2,C[C@H](NC(=O)c1cc2c(=O)n3ccccc3nc2[nH]c1=N)c1ccccc1
395,C[C@H](NC(=O)c1cc2c(=O)n3ccccc3nc2[nH]c1=N)c1ccccc1,oracle,autodockgpu,-8.04,energy,4.973685264347495,4.973685264347495,"{""free_energy"": -7.67, ""intermolecular_energy"": -8.86, ""internal_energy"": -0.65, ""cluster_size"": 42, ""cluster_id"": 1, ""rank_in_cluster"": 28}",-7.18,0.33,2,C[C@H](NC(=O)c1cc2c(=O)n3ccccc3nc2[nH]c1=N)c1ccccc1
396,C[C@H](NC(=O)c1cc2c(=O)n3ccccc3nc2[nH]c1=N)c1ccccc1,oracle,autodockgpu,-8.04,energy,4.988425201315479,4.988425201315479,"{""free_energy"": -7.33, ""intermolecular_energy"": -8.53, ""internal_energy"": -0.99, ""cluster_size"": 42, ""cluster_id"": 1, ""rank_in_cluster"": 34}",-7.17,1.53,2,C[C@H](NC(=O)c1cc2c(=O)n3ccccc3nc2[nH]c1=N)c1ccccc1
397,C[C@H](NC(=O)c1cc2c(=O)n3ccccc3nc2[nH]c1=N)c1ccccc1,oracle,autodockgpu,-8.04,energy,5.1756240256268775,5.1756240256268775,"{""free_energy"": -7.65, ""intermolecular_energy"": -8.85, ""internal_energy"": -0.4, ""cluster_size"": 42, ""cluster_id"": 1, ""rank_in_cluster"": 29}",-7.15,0.33,2,C[C@H](NC(=O)c1cc2c(=O)n3ccccc3nc2[nH]c1=N)c1ccccc1
398,C[C@H](NC(=O)c1cc2c(=O)n3ccccc3nc2[nH]c1=N)c1ccccc1,oracle,autodockgpu,-8.04,energy,4.616654684566056,4.616654684566056,"{""free_energy"": -7.85, ""intermolecular_energy"": -9.04, ""internal_energy"": -0.65, ""cluster_size"": 42, ""cluster_id"": 1, ""rank_in_cluster"": 20}",-7.1,0.4,2,C[C@H](NC(=O)c1cc2c(=O)n3ccccc3nc2[nH]c1=N)c1ccccc1
399,C[C@H](NC(=O)c1cc2c(=O)n3ccccc3nc2[nH]c1=N)c1ccccc1,oracle,autodockgpu,-8.04,energy,4.614596419139418,4.614596419139418,"{""free_energy"": -7.15, ""intermolecular_energy"": -8.35, ""internal_energy"": -0.85, ""cluster_size"": 8, ""cluster_id"": 2, ""rank_in_cluster"": 6}",-7.02,1.63,2,C[C@H](NC(=O)c1cc2c(=O)n3ccccc3nc2[nH]c1=N)c1ccccc1
400,O=c1c2ccccc2nc(/C=C/c2cccnc2)n1CC1CCCCC1,oracle,autodockgpu,-7.31,energy,7.542111904725981,7.542111904725981,"{""free_energy"": -6.44, ""intermolecular_energy"": -7.94, ""internal_energy"": -1.94, ""cluster_size"": 14, ""cluster_id"": 4, ""rank_in_cluster"": 10}",-7.31,0.0,1,O=c1c2ccccc2nc(/C=C/c2cccnc2)n1CC1CCCCC1
401,O=c1c2ccccc2nc(/C=C/c2cccnc2)n1CC1CCCCC1,oracle,autodockgpu,-7.31,energy,11.72900890813616,11.72900890813616,"{""free_energy"": -7.05, ""intermolecular_energy"": -8.54, ""internal_energy"": -1.44, ""cluster_size"": 8, ""cluster_id"": 1, ""rank_in_cluster"": 6}",-7.28,0.12,1,O=c1c2ccccc2nc(/C=C\c2cccnc2)n1CC1CCCCC1
402,O=c1c2ccccc2nc(/C=C/c2cccnc2)n1CC1CCCCC1,oracle,autodockgpu,-7.31,energy,7.516504271781845,7.516504271781845,"{""free_energy"": -6.55, ""intermolecular_energy"": -8.04, ""internal_energy"": -1.8, ""cluster_size"": 14, ""cluster_id"": 4, ""rank_in_cluster"": 1}",-7.23,0.36,1,O=c1c2ccccc2nc(/C=C/c2cccnc2)n1CC1CCCCC1
403,O=c1c2ccccc2nc(/C=C/c2cccnc2)n1CC1CCCCC1,oracle,autodockgpu,-7.31,energy,10.728147492019312,10.728147492019312,"{""free_energy"": -7.24, ""intermolecular_energy"": -8.73, ""internal_energy"": -1.38, ""cluster_size"": 18, ""cluster_id"": 2, ""rank_in_cluster"": 1}",-7.13,0.72,1,O=c1c2ccccc2nc(/C=C\c2cccnc2)n1CC1CCCCC1
404,O=c1c2ccccc2nc(/C=C/c2cccnc2)n1CC1CCCCC1,oracle,autodockgpu,-7.31,energy,11.544397458838958,11.544397458838958,"{""free_energy"": -7.01, ""intermolecular_energy"": -8.5, ""internal_energy"": -1.31, ""cluster_size"": 8, ""cluster_id"": 1, ""rank_in_cluster"": 8}",-7.08,0.71,1,O=c1c2ccccc2nc(/C=C\c2cccnc2)n1CC1CCCCC1
405,O=c1c2ccccc2nc(/C=C/c2cccnc2)n1CC1CCCCC1,oracle,autodockgpu,-7.31,energy,10.745192610626187,10.745192610626187,"{""free_energy"": -7.21, ""intermolecular_energy"": -8.7, ""internal_energy"": -1.39, ""cluster_size"": 18, ""cluster_id"": 2, ""rank_in_cluster"": 14}",-7.05,1.63,1,O=c1c2ccccc2nc(/C=C\c2cccnc2)n1CC1CCCCC1
406,O=c1c2ccccc2nc(/C=C/c2cccnc2)n1CC1CCCCC1,oracle,autodockgpu,-7.31,energy,11.733475453728678,11.733475453728678,"{""free_energy"": -7.28, ""intermolecular_energy"": -8.77, ""internal_energy"": -1.23, ""cluster_size"": 8, ""cluster_id"": 1, ""rank_in_cluster"": 2}",-7.01,1.71,1,O=c1c2ccccc2nc(/C=C/c2cccnc2)n1CC1CCCCC1
407,O=c1c2ccccc2nc(/C=C/c2cccnc2)n1CC1CCCCC1,oracle,autodockgpu,-7.31,energy,10.740564510185324,10.740564510185324,"{""free_energy"": -7.21, ""intermolecular_energy"": -8.7, ""internal_energy"": -1.38, ""cluster_size"": 18, ""cluster_id"": 2, ""rank_in_cluster"": 16}",-7.01,0.82,1,O=c1c2ccccc2nc(/C=C\c2cccnc2)n1CC1CCCCC1
408,O=c1c2ccccc2nc(/C=C/c2cccnc2)n1CC1CCCCC1,oracle,autodockgpu,-7.31,energy,10.477268458369585,10.477268458369585,"{""free_energy"": -6.84, ""intermolecular_energy"": -8.34, ""internal_energy"": -1.53, ""cluster_size"": 18, ""cluster_id"": 2, ""rank_in_cluster"": 18}",-7.24,0.0,2,O=c1c2ccccc2nc(/C=C\c2cccnc2)n1CC1CCCCC1
409,O=c1c2ccccc2nc(/C=C/c2cccnc2)n1CC1CCCCC1,oracle,autodockgpu,-7.31,energy,10.74401459827591,10.74401459827591,"{""free_energy"": -7.23, ""intermolecular_energy"": -8.72, ""internal_energy"": -1.37, ""cluster_size"": 18, ""cluster_id"": 2, ""rank_in_cluster"": 5}",-7.23,0.06,2,O=c1c2ccccc2nc(/C=C\c2cccnc2)n1CC1CCCCC1
410,O=c1c2ccccc2nc(/C=C/c2cccnc2)n1CC1CCCCC1,oracle,autodockgpu,-7.31,energy,11.74552792353832,11.74552792353832,"{""free_energy"": -7.23, ""intermolecular_energy"": -8.72, ""internal_energy"": -1.3, ""cluster_size"": 8, ""cluster_id"": 1, ""rank_in_cluster"": 3}",-7.23,0.18,2,O=c1c2ccccc2nc(/C=C/c2cccnc2)n1CC1CCCCC1
411,O=c1c2ccccc2nc(/C=C/c2cccnc2)n1CC1CCCCC1,oracle,autodockgpu,-7.31,energy,7.7981268342018355,7.7981268342018355,"{""free_energy"": -6.42, ""intermolecular_energy"": -7.91, ""internal_energy"": -1.88, ""cluster_size"": 5, ""cluster_id"": 5, ""rank_in_cluster"": 3}",-7.23,0.13,2,O=c1c2ccccc2nc(/C=C/c2cccnc2)n1CC1CCCCC1
412,O=c1c2ccccc2nc(/C=C/c2cccnc2)n1CC1CCCCC1,oracle,autodockgpu,-7.31,energy,11.729935316118933,11.729935316118933,"{""free_energy"": -7.31, ""intermolecular_energy"": -8.8, ""internal_energy"": -1.23, ""cluster_size"": 8, ""cluster_id"": 1, ""rank_in_cluster"": 1}",-7.23,0.18,2,O=c1c2ccccc2nc(/C=C/c2cccnc2)n1CC1CCCCC1
413,O=c1c2ccccc2nc(/C=C/c2cccnc2)n1CC1CCCCC1,oracle,autodockgpu,-7.31,energy,10.730423563601981,10.730423563601981,"{""free_energy"": -7.23, ""intermolecular_energy"": -8.72, ""internal_energy"": -1.38, ""cluster_size"": 18, ""cluster_id"": 2, ""rank_in_cluster"": 2}",-7.23,0.03,2,O=c1c2ccccc2nc(/C=C\c2cccnc2)n1CC1CCCCC1
414,O=c1c2ccccc2nc(/C=C/c2cccnc2)n1CC1CCCCC1,oracle,autodockgpu,-7.31,energy,4.936329299592835,4.936329299592835,"{""free_energy"": -7.02, ""intermolecular_energy"": -8.51, ""internal_energy"": -1.57, ""cluster_size"": 5, ""cluster_id"": 3, ""rank_in_cluster"": 3}",-7.22,0.05,2,O=c1c2ccccc2nc(/C=C\c2cccnc2)n1CC1CCCCC1
415,O=c1c2ccccc2nc(/C=C/c2cccnc2)n1CC1CCCCC1,oracle,autodockgpu,-7.31,energy,10.734739411969795,10.734739411969795,"{""free_energy"": -7.21, ""intermolecular_energy"": -8.7, ""internal_energy"": -1.39, ""cluster_size"": 18, ""cluster_id"": 2, ""rank_in_cluster"": 13}",-7.22,0.04,2,O=c1c2ccccc2nc(/C=C\c2cccnc2)n1CC1CCCCC1
416,O=c1c2ccccc2nc(/C=C/c2cccnc2)n1CC1CCCCC1,oracle,autodockgpu,-7.31,energy,7.5159573880284265,7.5159573880284265,"{""free_energy"": -6.53, ""intermolecular_energy"": -8.02, ""internal_energy"": -1.95, ""cluster_size"": 14, ""cluster_id"": 4, ""rank_in_cluster"": 6}",-7.22,0.12,2,O=c1c2ccccc2nc(/C=C\c2cccnc2)n1CC1CCCCC1
417,O=c1c2ccccc2nc(/C=C/c2cccnc2)n1CC1CCCCC1,oracle,autodockgpu,-7.31,energy,10.729539999059146,10.729539999059146,"{""free_energy"": -7.22, ""intermolecular_energy"": -8.71, ""internal_energy"": -1.38, ""cluster_size"": 18, ""cluster_id"": 2, ""rank_in_cluster"": 9}",-7.22,0.07,2,O=c1c2ccccc2nc(/C=C\c2cccnc2)n1CC1CCCCC1
418,O=c1c2ccccc2nc(/C=C/c2cccnc2)n1CC1CCCCC1,oracle,autodockgpu,-7.31,energy,7.52467786807529,7.52467786807529,"{""free_energy"": -6.53, ""intermolecular_energy"": -8.02, ""internal_energy"": -1.95, ""cluster_size"": 14, ""cluster_id"": 4, ""rank_in_cluster"": 8}",-7.22,0.08,2,O=c1c2ccccc2nc(/C=C\c2cccnc2)n1CC1CCCCC1
419,O=c1c2ccccc2nc(/C=C/c2cccnc2)n1CC1CCCCC1,oracle,autodockgpu,-7.31,energy,11.91046221283407,11.91046221283407,"{""free_energy"": -7.01, ""intermolecular_energy"": -8.51, ""internal_energy"": -1.34, ""cluster_size"": 8, ""cluster_id"": 1, ""rank_in_cluster"": 7}",-7.21,0.1,2,O=c1c2ccccc2nc(/C=C/c2cccnc2)n1CC1CCCCC1
420,O=c1c2ccccc2nc(/C=C/c2cccnc2)n1CC1CCCCC1,oracle,autodockgpu,-7.31,energy,7.8179739245042015,7.8179739245042015,"{""free_energy"": -6.44, ""intermolecular_energy"": -7.93, ""internal_energy"": -1.85, ""cluster_size"": 5, ""cluster_id"": 5, ""rank_in_cluster"": 2}",-7.21,0.07,2,O=c1c2ccccc2nc(/C=C/c2cccnc2)n1CC1CCCCC1
421,O=c1c2ccccc2nc(/C=C/c2cccnc2)n1CC1CCCCC1,oracle,autodockgpu,-7.31,energy,5.014695156385893,5.014695156385893,"{""free_energy"": -7.06, ""intermolecular_energy"": -8.55, ""internal_energy"": -1.48, ""cluster_size"": 5, ""cluster_id"": 3, ""rank_in_cluster"": 1}",-7.21,0.05,2,O=c1c2ccccc2nc(/C=C/c2cccnc2)n1CC1CCCCC1
422,O=c1c2ccccc2nc(/C=C/c2cccnc2)n1CC1CCCCC1,oracle,autodockgpu,-7.31,energy,10.737277888305307,10.737277888305307,"{""free_energy"": -7.23, ""intermolecular_energy"": -8.72, ""internal_energy"": -1.38, ""cluster_size"": 18, ""cluster_id"": 2, ""rank_in_cluster"": 3}",-7.21,0.06,2,O=c1c2ccccc2nc(/C=C\c2cccnc2)n1CC1CCCCC1
423,O=c1c2ccccc2nc(/C=C/c2cccnc2)n1CC1CCCCC1,oracle,autodockgpu,-7.31,energy,10.714484094936298,10.714484094936298,"{""free_energy"": -7.22, ""intermolecular_energy"": -8.71, ""internal_energy"": -1.39, ""cluster_size"": 18, ""cluster_id"": 2, ""rank_in_cluster"": 10}",-7.21,0.21,2,O=c1c2ccccc2nc(/C=C\c2cccnc2)n1CC1CCCCC1
424,O=c1c2ccccc2nc(/C=C/c2cccnc2)n1CC1CCCCC1,oracle,autodockgpu,-7.31,energy,10.723585429790749,10.723585429790749,"{""free_energy"": -7.21, ""intermolecular_energy"": -8.7, ""internal_energy"": -1.39, ""cluster_size"": 18, ""cluster_id"": 2, ""rank_in_cluster"": 12}",-7.18,0.06,2,O=c1c2ccccc2nc(/C=C\c2cccnc2)n1CC1CCCCC1
425,O=c1c2ccccc2nc(/C=C/c2cccnc2)n1CC1CCCCC1,oracle,autodockgpu,-7.31,energy,4.83807576817216,4.83807576817216,"{""free_energy"": -7.0, ""intermolecular_energy"": -8.49, ""internal_energy"": -1.5, ""cluster_size"": 5, ""cluster_id"": 3, ""rank_in_cluster"": 4}",-6.84,0.45,2,O=c1c2ccccc2nc(/C=C/c2cccnc2)n1CC1CCCCC1
426,O=c1c2ccccc2nc(/C=C/c2cccnc2)n1CC1CCCCC1,oracle,autodockgpu,-7.31,energy,7.826991500164367,7.826991500164367,"{""free_energy"": -6.41, ""intermolecular_energy"": -7.91, ""internal_energy"": -1.9, ""cluster_size"": 5, ""cluster_id"": 5, ""rank_in_cluster"": 5}",-7.06,0.0,3,O=c1c2ccccc2nc(/C=C/c2cccnc2)n1CC1CCCCC1
427,O=c1c2ccccc2nc(/C=C/c2cccnc2)n1CC1CCCCC1,oracle,autodockgpu,-7.31,energy,5.0445510122158375,5.0445510122158375,"{""free_energy"": -7.03, ""intermolecular_energy"": -8.53, ""internal_energy"": -1.54, ""cluster_size"": 5, ""cluster_id"": 3, ""rank_in_cluster"": 2}",-7.03,0.17,3,O=c1c2ccccc2nc(/C=C\c2cccnc2)n1CC1CCCCC1
428,O=c1c2ccccc2nc(/C=C/c2cccnc2)n1CC1CCCCC1,oracle,autodockgpu,-7.31,energy,11.732870909161111,11.732870909161111,"{""free_energy"": -7.13, ""intermolecular_energy"": -8.62, ""internal_energy"": -1.33, ""cluster_size"": 8, ""cluster_id"": 1, ""rank_in_cluster"": 4}",-7.02,0.38,3,O=c1c2ccccc2nc(/C=C/c2cccnc2)n1CC1CCCCC1
429,O=c1c2ccccc2nc(/C=C/c2cccnc2)n1CC1CCCCC1,oracle,autodockgpu,-7.31,energy,10.719303562528644,10.719303562528644,"{""free_energy"": -7.22, ""intermolecular_energy"": -8.71, ""internal_energy"": -1.38, ""cluster_size"": 18, ""cluster_id"": 2, ""rank_in_cluster"": 8}",-7.0,0.5,3,O=c1c2ccccc2nc(/C=C\c2cccnc2)n1CC1CCCCC1
430,O=c1c2ccccc2nc(/C=C/c2cccnc2)n1CC1CCCCC1,oracle,autodockgpu,-7.31,energy,7.524985400576203,7.524985400576203,"{""free_energy"": -6.53, ""intermolecular_energy"": -8.02, ""internal_energy"": -1.95, ""cluster_size"": 14, ""cluster_id"": 4, ""rank_in_cluster"": 7}",-6.94,0.32,3,O=c1c2ccccc2nc(/C=C/c2cccnc2)n1CC1CCCCC1
431,O=c1c2ccccc2nc(/C=C/c2cccnc2)n1CC1CCCCC1,oracle,autodockgpu,-7.31,energy,7.559483165824774,7.559483165824774,"{""free_energy"": -6.44, ""intermolecular_energy"": -7.94, ""internal_energy"": -1.93, ""cluster_size"": 14, ""cluster_id"": 4, ""rank_in_cluster"": 11}",-6.55,0.0,4,O=c1c2ccccc2nc(/C=C/c2cccnc2)n1CC1CCCCC1
432,O=c1c2ccccc2nc(/C=C/c2cccnc2)n1CC1CCCCC1,oracle,autodockgpu,-7.31,energy,10.740902646891517,10.740902646891517,"{""free_energy"": -7.22, ""intermolecular_energy"": -8.72, ""internal_energy"": -1.38, ""cluster_size"": 18, ""cluster_id"": 2, ""rank_in_cluster"": 7}",-6.54,0.4,4,O=c1c2ccccc2nc(/C=C\c2cccnc2)n1CC1CCCCC1
433,O=c1c2ccccc2nc(/C=C/c2cccnc2)n1CC1CCCCC1,oracle,autodockgpu,-7.31,energy,11.624490775666622,11.624490775666622,"{""free_energy"": -7.08, ""intermolecular_energy"": -8.57, ""internal_energy"": -1.38, ""cluster_size"": 8, ""cluster_id"": 1, ""rank_in_cluster"": 5}",-6.54,0.36,4,O=c1c2ccccc2nc(/C=C\c2cccnc2)n1CC1CCCCC1
434,O=c1c2ccccc2nc(/C=C/c2cccnc2)n1CC1CCCCC1,oracle,autodockgpu,-7.31,energy,10.736719586656744,10.736719586656744,"{""free_energy"": -7.23, ""intermolecular_energy"": -8.72, ""internal_energy"": -1.38, ""cluster_size"": 18, ""cluster_id"": 2, ""rank_in_cluster"": 6}",-6.53,0.4,4,O=c1c2ccccc2nc(/C=C\c2cccnc2)n1CC1CCCCC1
435,O=c1c2ccccc2nc(/C=C/c2cccnc2)n1CC1CCCCC1,oracle,autodockgpu,-7.31,energy,10.7302904568881,10.7302904568881,"{""free_energy"": -7.21, ""intermolecular_energy"": -8.7, ""internal_energy"": -1.39, ""cluster_size"": 18, ""cluster_id"": 2, ""rank_in_cluster"": 15}",-6.53,0.08,4,O=c1c2ccccc2nc(/C=C\c2cccnc2)n1CC1CCCCC1
436,O=c1c2ccccc2nc(/C=C/c2cccnc2)n1CC1CCCCC1,oracle,autodockgpu,-7.31,energy,7.550264094912744,7.550264094912744,"{""free_energy"": -6.44, ""intermolecular_energy"": -7.93, ""internal_energy"": -1.93, ""cluster_size"": 14, ""cluster_id"": 4, ""rank_in_cluster"": 12}",-6.53,0.4,4,O=c1c2ccccc2nc(/C=C/c2cccnc2)n1CC1CCCCC1
437,O=c1c2ccccc2nc(/C=C/c2cccnc2)n1CC1CCCCC1,oracle,autodockgpu,-7.31,energy,7.807116205965556,7.807116205965556,"{""free_energy"": -6.45, ""intermolecular_energy"": -7.94, ""internal_energy"": -1.89, ""cluster_size"": 5, ""cluster_id"": 5, ""rank_in_cluster"": 1}",-6.53,0.39,4,O=c1c2ccccc2nc(/C=C/c2cccnc2)n1CC1CCCCC1
438,O=c1c2ccccc2nc(/C=C/c2cccnc2)n1CC1CCCCC1,oracle,autodockgpu,-7.31,energy,7.379857968297263,7.379857968297263,"{""free_energy"": -6.4, ""intermolecular_energy"": -7.89, ""internal_energy"": -1.93, ""cluster_size"": 14, ""cluster_id"": 4, ""rank_in_cluster"": 14}",-6.53,0.41,4,O=c1c2ccccc2nc(/C=C/c2cccnc2)n1CC1CCCCC1
439,O=c1c2ccccc2nc(/C=C/c2cccnc2)n1CC1CCCCC1,oracle,autodockgpu,-7.31,energy,7.529287883607788,7.529287883607788,"{""free_energy"": -6.53, ""intermolecular_energy"": -8.02, ""internal_energy"": -1.81, ""cluster_size"": 14, ""cluster_id"": 4, ""rank_in_cluster"": 5}",-6.46,0.8,4,O=c1c2ccccc2nc(/C=C/c2cccnc2)n1CC1CCCCC1
440,O=c1c2ccccc2nc(/C=C/c2cccnc2)n1CC1CCCCC1,oracle,autodockgpu,-7.31,energy,7.369464302371573,7.369464302371573,"{""free_energy"": -6.4, ""intermolecular_energy"": -7.89, ""internal_energy"": -1.92, ""cluster_size"": 14, ""cluster_id"": 4, ""rank_in_cluster"": 13}",-6.44,0.57,4,O=c1c2ccccc2nc(/C=C/c2cccnc2)n1CC1CCCCC1
441,O=c1c2ccccc2nc(/C=C/c2cccnc2)n1CC1CCCCC1,oracle,autodockgpu,-7.31,energy,7.542893569368722,7.542893569368722,"{""free_energy"": -6.54, ""intermolecular_energy"": -8.03, ""internal_energy"": -1.93, ""cluster_size"": 14, ""cluster_id"": 4, ""rank_in_cluster"": 3}",-6.44,0.57,4,O=c1c2ccccc2nc(/C=C/c2cccnc2)n1CC1CCCCC1
442,O=c1c2ccccc2nc(/C=C/c2cccnc2)n1CC1CCCCC1,oracle,autodockgpu,-7.31,energy,7.391954667836615,7.391954667836615,"{""free_energy"": -6.46, ""intermolecular_energy"": -7.95, ""internal_energy"": -1.85, ""cluster_size"": 14, ""cluster_id"": 4, ""rank_in_cluster"": 9}",-6.44,0.56,4,O=c1c2ccccc2nc(/C=C/c2cccnc2)n1CC1CCCCC1
443,O=c1c2ccccc2nc(/C=C/c2cccnc2)n1CC1CCCCC1,oracle,autodockgpu,-7.31,energy,10.756748107143993,10.756748107143993,"{""free_energy"": -7.22, ""intermolecular_energy"": -8.71, ""internal_energy"": -1.39, ""cluster_size"": 18, ""cluster_id"": 2, ""rank_in_cluster"": 11}",-6.4,0.75,4,O=c1c2ccccc2nc(/C=C\c2cccnc2)n1CC1CCCCC1
444,O=c1c2ccccc2nc(/C=C/c2cccnc2)n1CC1CCCCC1,oracle,autodockgpu,-7.31,energy,10.711989595777416,10.711989595777416,"{""free_energy"": -7.18, ""intermolecular_energy"": -8.67, ""internal_energy"": -1.38, ""cluster_size"": 18, ""cluster_id"": 2, ""rank_in_cluster"": 17}",-6.4,0.75,4,O=c1c2ccccc2nc(/C=C\c2cccnc2)n1CC1CCCCC1
445,O=c1c2ccccc2nc(/C=C/c2cccnc2)n1CC1CCCCC1,oracle,autodockgpu,-7.31,energy,10.720486008487725,10.720486008487725,"{""free_energy"": -7.23, ""intermolecular_energy"": -8.72, ""internal_energy"": -1.38, ""cluster_size"": 18, ""cluster_id"": 2, ""rank_in_cluster"": 4}",-6.45,0.0,5,O=c1c2ccccc2nc(/C=C\c2cccnc2)n1CC1CCCCC1
446,O=c1c2ccccc2nc(/C=C/c2cccnc2)n1CC1CCCCC1,oracle,autodockgpu,-7.31,energy,7.83341193947848,7.83341193947848,"{""free_energy"": -6.42, ""intermolecular_energy"": -7.91, ""internal_energy"": -1.91, ""cluster_size"": 5, ""cluster_id"": 5, ""rank_in_cluster"": 4}",-6.44,0.59,5,O=c1c2ccccc2nc(/C=C/c2cccnc2)n1CC1CCCCC1
447,O=c1c2ccccc2nc(/C=C/c2cccnc2)n1CC1CCCCC1,oracle,autodockgpu,-7.31,energy,7.538187697715327,7.538187697715327,"{""free_energy"": -6.54, ""intermolecular_energy"": -8.03, ""internal_energy"": -1.92, ""cluster_size"": 14, ""cluster_id"": 4, ""rank_in_cluster"": 2}",-6.42,0.58,5,O=c1c2ccccc2nc(/C=C/c2cccnc2)n1CC1CCCCC1
448,O=c1c2ccccc2nc(/C=C/c2cccnc2)n1CC1CCCCC1,oracle,autodockgpu,-7.31,energy,7.540699329300107,7.540699329300107,"{""free_energy"": -6.53, ""intermolecular_energy"": -8.02, ""internal_energy"": -1.93, ""cluster_size"": 14, ""cluster_id"": 4, ""rank_in_cluster"": 4}",-6.42,0.13,5,O=c1c2ccccc2nc(/C=C/c2cccnc2)n1CC1CCCCC1
449,O=c1c2ccccc2nc(/C=C/c2cccnc2)n1CC1CCCCC1,oracle,autodockgpu,-7.31,energy,4.9435888154063585,4.9435888154063585,"{""free_energy"": -6.94, ""intermolecular_energy"": -8.43, ""internal_energy"": -1.58, ""cluster_size"": 5, ""cluster_id"": 3, ""rank_in_cluster"": 5}",-6.41,0.16,5,O=c1c2ccccc2nc(/C=C\c2cccnc2)n1CC1CCCCC1
450,O=S(=O)(Cc1ccccc1)N1Cc2ccccc2C1c1c[nH]c2ccccc12,oracle,autodockgpu,-7.8,energy,7.774370094531045,7.774370094531045,"{""free_energy"": -7.44, ""intermolecular_energy"": -8.63, ""internal_energy"": -1.73, ""cluster_size"": 24, ""cluster_id"": 2, ""rank_in_cluster"": 11}",-7.8,0.0,1,O=S(=O)(Cc1ccccc1)N1Cc2ccccc2[C@@H]1c1c[nH]c2ccccc12
451,O=S(=O)(Cc1ccccc1)N1Cc2ccccc2C1c1c[nH]c2ccccc12,oracle,autodockgpu,-7.8,energy,7.773280558997192,7.773280558997192,"{""free_energy"": -7.41, ""intermolecular_energy"": -8.6, ""internal_energy"": -1.7, ""cluster_size"": 24, ""cluster_id"": 2, ""rank_in_cluster"": 15}",-7.49,1.32,1,O=S(=O)(Cc1ccccc1)N1Cc2ccccc2[C@@H]1c1c[nH]c2ccccc12
452,O=S(=O)(Cc1ccccc1)N1Cc2ccccc2C1c1c[nH]c2ccccc12,oracle,autodockgpu,-7.8,energy,4.5296991639522375,4.5296991639522375,"{""free_energy"": -6.24, ""intermolecular_energy"": -7.44, ""internal_energy"": -2.58, ""cluster_size"": 16, ""cluster_id"": 4, ""rank_in_cluster"": 15}",-7.35,0.96,1,O=S(=O)(Cc1ccccc1)N1Cc2ccccc2[C@@H]1c1c[nH]c2ccccc12
453,O=S(=O)(Cc1ccccc1)N1Cc2ccccc2C1c1c[nH]c2ccccc12,oracle,autodockgpu,-7.8,energy,7.86481549286338,7.86481549286338,"{""free_energy"": -7.53, ""intermolecular_energy"": -8.72, ""internal_energy"": -1.63, ""cluster_size"": 24, ""cluster_id"": 2, ""rank_in_cluster"": 2}",-7.19,1.06,1,O=S(=O)(Cc1ccccc1)N1Cc2ccccc2[C@@H]1c1c[nH]c2ccccc12
454,O=S(=O)(Cc1ccccc1)N1Cc2ccccc2C1c1c[nH]c2ccccc12,oracle,autodockgpu,-7.8,energy,4.551055715235746,4.551055715235746,"{""free_energy"": -6.26, ""intermolecular_energy"": -7.46, ""internal_energy"": -2.61, ""cluster_size"": 16, ""cluster_id"": 4, ""rank_in_cluster"": 7}",-7.54,0.0,2,O=S(=O)(Cc1ccccc1)N1Cc2ccccc2[C@@H]1c1c[nH]c2ccccc12
455,O=S(=O)(Cc1ccccc1)N1Cc2ccccc2C1c1c[nH]c2ccccc12,oracle,autodockgpu,-7.8,energy,7.866035907893563,7.866035907893563,"{""free_energy"": -7.54, ""intermolecular_energy"": -8.74, ""internal_energy"": -1.61, ""cluster_size"": 24, ""cluster_id"": 2, ""rank_in_cluster"": 1}",-7.53,0.05,2,O=S(=O)(Cc1ccccc1)N1Cc2ccccc2[C@@H]1c1c[nH]c2ccccc12
456,O=S(=O)(Cc1ccccc1)N1Cc2ccccc2C1c1c[nH]c2ccccc12,oracle,autodockgpu,-7.8,energy,8.001032018862613,8.001032018862613,"{""free_energy"": -7.38, ""intermolecular_energy"": -8.57, ""internal_energy"": -1.63, ""cluster_size"": 24, ""cluster_id"": 2, ""rank_in_cluster"": 19}",-7.53,0.04,2,O=S(=O)(Cc1ccccc1)N1Cc2ccccc2[C@@H]1c1c[nH]c2ccccc12
457,O=S(=O)(Cc1ccccc1)N1Cc2ccccc2C1c1c[nH]c2ccccc12,oracle,autodockgpu,-7.8,energy,11.307163720008717,11.307163720008717,"{""free_energy"": -7.49, ""intermolecular_energy"": -8.68, ""internal_energy"": -1.32, ""cluster_size"": 4, ""cluster_id"": 1, ""rank_in_cluster"": 2}",-7.51,0.35,2,O=S(=O)(Cc1ccccc1)N1Cc2ccccc2[C@@H]1c1c[nH]c2ccccc12
458,O=S(=O)(Cc1ccccc1)N1Cc2ccccc2C1c1c[nH]c2ccccc12,oracle,autodockgpu,-7.8,energy,5.286406325368389,5.286406325368389,"{""free_energy"": -6.55, ""intermolecular_energy"": -7.74, ""internal_energy"": -2.28, ""cluster_size"": 6, ""cluster_id"": 3, ""rank_in_cluster"": 4}",-7.49,0.63,2,O=S(=O)(Cc1ccccc1)N1Cc2ccccc2[C@@H]1c1c[nH]c2ccccc12
459,O=S(=O)(Cc1ccccc1)N1Cc2ccccc2C1c1c[nH]c2ccccc12,oracle,autodockgpu,-7.8,energy,4.56181451384418,4.56181451384418,"{""free_energy"": -6.26, ""intermolecular_energy"": -7.45, ""internal_energy"": -2.61, ""cluster_size"": 16, ""cluster_id"": 4, ""rank_in_cluster"": 11}",-7.47,0.38,2,O=S(=O)(Cc1ccccc1)N1Cc2ccccc2[C@@H]1c1c[nH]c2ccccc12
460,O=S(=O)(Cc1ccccc1)N1Cc2ccccc2C1c1c[nH]c2ccccc12,oracle,autodockgpu,-7.8,energy,10.704124107315103,10.704124107315103,"{""free_energy"": -7.35, ""intermolecular_energy"": -8.54, ""internal_energy"": -1.56, ""cluster_size"": 4, ""cluster_id"": 1, ""rank_in_cluster"": 3}",-7.46,0.63,2,O=S(=O)(Cc1ccccc1)N1Cc2ccccc2[C@@H]1c1c[nH]c2ccccc12
461,O=S(=O)(Cc1ccccc1)N1Cc2ccccc2C1c1c[nH]c2ccccc12,oracle,autodockgpu,-7.8,energy,5.3216894151942995,5.3216894151942995,"{""free_energy"": -6.54, ""intermolecular_energy"": -7.74, ""internal_energy"": -2.29, ""cluster_size"": 24, ""cluster_id"": 2, ""rank_in_cluster"": 24}",-7.45,0.61,2,O=S(=O)(Cc1ccccc1)N1Cc2ccccc2[C@@H]1c1c[nH]c2ccccc12
462,O=S(=O)(Cc1ccccc1)N1Cc2ccccc2C1c1c[nH]c2ccccc12,oracle,autodockgpu,-7.8,energy,7.711782842308781,7.711782842308781,"{""free_energy"": -7.41, ""intermolecular_energy"": -8.6, ""internal_energy"": -1.69, ""cluster_size"": 24, ""cluster_id"": 2, ""rank_in_cluster"": 13}",-7.44,0.62,2,O=S(=O)(Cc1ccccc1)N1Cc2ccccc2[C@@H]1c1c[nH]c2ccccc12
463,O=S(=O)(Cc1ccccc1)N1Cc2ccccc2C1c1c[nH]c2ccccc12,oracle,autodockgpu,-7.8,energy,4.552674824769258,4.552674824769258,"{""free_energy"": -6.27, ""intermolecular_energy"": -7.46, ""internal_energy"": -2.62, ""cluster_size"": 16, ""cluster_id"": 4, ""rank_in_cluster"": 2}",-7.44,0.61,2,O=S(=O)(Cc1ccccc1)N1Cc2ccccc2[C@@H]1c1c[nH]c2ccccc12
464,O=S(=O)(Cc1ccccc1)N1Cc2ccccc2C1c1c[nH]c2ccccc12,oracle,autodockgpu,-7.8,energy,4.5392686438128,4.5392686438128,"{""free_energy"": -6.23, ""intermolecular_energy"": -7.43, ""internal_energy"": -2.62, ""cluster_size"": 16, ""cluster_id"": 4, ""rank_in_cluster"": 16}",-7.44,0.61,2,O=S(=O)(Cc1ccccc1)N1Cc2ccccc2[C@@H]1c1c[nH]c2ccccc12
465,O=S(=O)(Cc1ccccc1)N1Cc2ccccc2C1c1c[nH]c2ccccc12,oracle,autodockgpu,-7.8,energy,7.888648677832014,7.888648677832014,"{""free_energy"": -7.19, ""intermolecular_energy"": -8.38, ""internal_energy"": -1.74, ""cluster_size"": 24, ""cluster_id"": 2, ""rank_in_cluster"": 22}",-7.42,0.38,2,O=S(=O)(Cc1ccccc1)N1Cc2ccccc2[C@@H]1c1c[nH]c2ccccc12
466,O=S(=O)(Cc1ccccc1)N1Cc2ccccc2C1c1c[nH]c2ccccc12,oracle,autodockgpu,-7.8,energy,7.735331266185078,7.735331266185078,"{""free_energy"": -7.46, ""intermolecular_energy"": -8.65, ""internal_energy"": -1.69, ""cluster_size"": 24, ""cluster_id"": 2, ""rank_in_cluster"": 7}",-7.41,0.64,2,O=S(=O)(Cc1ccccc1)N1Cc2ccccc2[C@@H]1c1c[nH]c2ccccc12
467,O=S(=O)(Cc1ccccc1)N1Cc2ccccc2C1c1c[nH]c2ccccc12,oracle,autodockgpu,-7.8,energy,4.529116602078121,4.529116602078121,"{""free_energy"": -6.26, ""intermolecular_energy"": -7.45, ""internal_energy"": -2.6, ""cluster_size"": 16, ""cluster_id"": 4, ""rank_in_cluster"": 10}",-7.41,0.38,2,O=S(=O)(Cc1ccccc1)N1Cc2ccccc2[C@@H]1c1c[nH]c2ccccc12
468,O=S(=O)(Cc1ccccc1)N1Cc2ccccc2C1c1c[nH]c2ccccc12,oracle,autodockgpu,-7.8,energy,7.853320995220748,7.853320995220748,"{""free_energy"": -7.38, ""intermolecular_energy"": -8.57, ""internal_energy"": -1.69, ""cluster_size"": 24, ""cluster_id"": 2, ""rank_in_cluster"": 18}",-7.41,0.61,2,O=S(=O)(Cc1ccccc1)N1Cc2ccccc2[C@@H]1c1c[nH]c2ccccc12
469,O=S(=O)(Cc1ccccc1)N1Cc2ccccc2C1c1c[nH]c2ccccc12,oracle,autodockgpu,-7.8,energy,4.540991857642464,4.540991857642464,"{""free_energy"": -6.25, ""intermolecular_energy"": -7.44, ""internal_energy"": -2.63, ""cluster_size"": 16, ""cluster_id"": 4, ""rank_in_cluster"": 13}",-7.41,0.62,2,O=S(=O)(Cc1ccccc1)N1Cc2ccccc2[C@@H]1c1c[nH]c2ccccc12
470,O=S(=O)(Cc1ccccc1)N1Cc2ccccc2C1c1c[nH]c2ccccc12,oracle,autodockgpu,-7.8,energy,4.5350305962108735,4.5350305962108735,"{""free_energy"": -6.26, ""intermolecular_energy"": -7.45, ""internal_energy"": -2.61, ""cluster_size"": 16, ""cluster_id"": 4, ""rank_in_cluster"": 12}",-7.41,0.61,2,O=S(=O)(Cc1ccccc1)N1Cc2ccccc2[C@@H]1c1c[nH]c2ccccc12
471,O=S(=O)(Cc1ccccc1)N1Cc2ccccc2C1c1c[nH]c2ccccc12,oracle,autodockgpu,-7.8,energy,7.86656664711551,7.86656664711551,"{""free_energy"": -7.33, ""intermolecular_energy"": -8.52, ""internal_energy"": -1.71, ""cluster_size"": 24, ""cluster_id"": 2, ""rank_in_cluster"": 21}",-7.38,0.51,2,O=S(=O)(Cc1ccccc1)N1Cc2ccccc2[C@@H]1c1c[nH]c2ccccc12
472,O=S(=O)(Cc1ccccc1)N1Cc2ccccc2C1c1c[nH]c2ccccc12,oracle,autodockgpu,-7.8,energy,7.753010906790756,7.753010906790756,"{""free_energy"": -7.45, ""intermolecular_energy"": -8.64, ""internal_energy"": -1.71, ""cluster_size"": 24, ""cluster_id"": 2, ""rank_in_cluster"": 8}",-7.38,0.2,2,O=S(=O)(Cc1ccccc1)N1Cc2ccccc2[C@@H]1c1c[nH]c2ccccc12
473,O=S(=O)(Cc1ccccc1)N1Cc2ccccc2C1c1c[nH]c2ccccc12,oracle,autodockgpu,-7.8,energy,4.544701385199256,4.544701385199256,"{""free_energy"": -6.25, ""intermolecular_energy"": -7.44, ""internal_energy"": -2.61, ""cluster_size"": 16, ""cluster_id"": 4, ""rank_in_cluster"": 14}",-7.35,0.4,2,O=S(=O)(Cc1ccccc1)N1Cc2ccccc2[C@@H]1c1c[nH]c2ccccc12
474,O=S(=O)(Cc1ccccc1)N1Cc2ccccc2C1c1c[nH]c2ccccc12,oracle,autodockgpu,-7.8,energy,7.750339217000815,7.750339217000815,"{""free_energy"": -7.44, ""intermolecular_energy"": -8.63, ""internal_energy"": -1.72, ""cluster_size"": 24, ""cluster_id"": 2, ""rank_in_cluster"": 9}",-7.33,0.58,2,O=S(=O)(Cc1ccccc1)N1Cc2ccccc2[C@@H]1c1c[nH]c2ccccc12
475,O=S(=O)(Cc1ccccc1)N1Cc2ccccc2C1c1c[nH]c2ccccc12,oracle,autodockgpu,-7.8,energy,5.2370142003350315,5.2370142003350315,"{""free_energy"": -6.56, ""intermolecular_energy"": -7.75, ""internal_energy"": -2.25, ""cluster_size"": 6, ""cluster_id"": 3, ""rank_in_cluster"": 1}",-7.19,0.56,2,O=S(=O)(Cc1ccccc1)N1Cc2ccccc2[C@@H]1c1c[nH]c2ccccc12
476,O=S(=O)(Cc1ccccc1)N1Cc2ccccc2C1c1c[nH]c2ccccc12,oracle,autodockgpu,-7.8,energy,4.558464555900983,4.558464555900983,"{""free_energy"": -6.27, ""intermolecular_energy"": -7.47, ""internal_energy"": -2.61, ""cluster_size"": 16, ""cluster_id"": 4, ""rank_in_cluster"": 1}",-6.56,2.0,2,O=S(=O)(Cc1ccccc1)N1Cc2ccccc2[C@@H]1c1c[nH]c2ccccc12
477,O=S(=O)(Cc1ccccc1)N1Cc2ccccc2C1c1c[nH]c2ccccc12,oracle,autodockgpu,-7.8,energy,5.264987575607375,5.264987575607375,"{""free_energy"": -6.55, ""intermolecular_energy"": -7.74, ""internal_energy"": -2.29, ""cluster_size"": 6, ""cluster_id"": 3, ""rank_in_cluster"": 5}",-6.54,1.99,2,O=S(=O)(Cc1ccccc1)N1Cc2ccccc2[C@@H]1c1c[nH]c2ccccc12
478,O=S(=O)(Cc1ccccc1)N1Cc2ccccc2C1c1c[nH]c2ccccc12,oracle,autodockgpu,-7.8,energy,7.79304756826635,7.79304756826635,"{""free_energy"": -7.47, ""intermolecular_energy"": -8.66, ""internal_energy"": -1.66, ""cluster_size"": 24, ""cluster_id"": 2, ""rank_in_cluster"": 6}",-6.56,0.0,3,O=S(=O)(Cc1ccccc1)N1Cc2ccccc2[C@@H]1c1c[nH]c2ccccc12
479,O=S(=O)(Cc1ccccc1)N1Cc2ccccc2C1c1c[nH]c2ccccc12,oracle,autodockgpu,-7.8,energy,7.77715595118206,7.77715595118206,"{""free_energy"": -7.41, ""intermolecular_energy"": -8.6, ""internal_energy"": -1.72, ""cluster_size"": 24, ""cluster_id"": 2, ""rank_in_cluster"": 16}",-6.56,0.12,3,O=S(=O)(Cc1ccccc1)N1Cc2ccccc2[C@@H]1c1c[nH]c2ccccc12
480,O=S(=O)(Cc1ccccc1)N1Cc2ccccc2C1c1c[nH]c2ccccc12,oracle,autodockgpu,-7.8,energy,7.69254723101304,7.69254723101304,"{""free_energy"": -7.49, ""intermolecular_energy"": -8.68, ""internal_energy"": -1.68, ""cluster_size"": 24, ""cluster_id"": 2, ""rank_in_cluster"": 5}",-6.55,0.12,3,O=S(=O)(Cc1ccccc1)N1Cc2ccccc2[C@@H]1c1c[nH]c2ccccc12
481,O=S(=O)(Cc1ccccc1)N1Cc2ccccc2C1c1c[nH]c2ccccc12,oracle,autodockgpu,-7.8,energy,5.2794621566615545,5.2794621566615545,"{""free_energy"": -6.55, ""intermolecular_energy"": -7.75, ""internal_energy"": -2.28, ""cluster_size"": 6, ""cluster_id"": 3, ""rank_in_cluster"": 3}",-6.55,0.11,3,O=S(=O)(Cc1ccccc1)N1Cc2ccccc2[C@@H]1c1c[nH]c2ccccc12
482,O=S(=O)(Cc1ccccc1)N1Cc2ccccc2C1c1c[nH]c2ccccc12,oracle,autodockgpu,-7.8,energy,7.768254112989415,7.768254112989415,"{""free_energy"": -7.44, ""intermolecular_energy"": -8.63, ""internal_energy"": -1.73, ""cluster_size"": 24, ""cluster_id"": 2, ""rank_in_cluster"": 10}",-6.55,0.12,3,O=S(=O)(Cc1ccccc1)N1Cc2ccccc2[C@@H]1c1c[nH]c2ccccc12
483,O=S(=O)(Cc1ccccc1)N1Cc2ccccc2C1c1c[nH]c2ccccc12,oracle,autodockgpu,-7.8,energy,4.553485814823556,4.553485814823556,"{""free_energy"": -6.27, ""intermolecular_energy"": -7.46, ""internal_energy"": -2.61, ""cluster_size"": 16, ""cluster_id"": 4, ""rank_in_cluster"": 5}",-6.55,0.09,3,O=S(=O)(Cc1ccccc1)N1Cc2ccccc2[C@@H]1c1c[nH]c2ccccc12
484,O=S(=O)(Cc1ccccc1)N1Cc2ccccc2C1c1c[nH]c2ccccc12,oracle,autodockgpu,-7.8,energy,5.2553072412112165,5.2553072412112165,"{""free_energy"": -6.55, ""intermolecular_energy"": -7.74, ""internal_energy"": -2.28, ""cluster_size"": 6, ""cluster_id"": 3, ""rank_in_cluster"": 6}",-6.27,0.0,4,O=S(=O)(Cc1ccccc1)N1Cc2ccccc2[C@@H]1c1c[nH]c2ccccc12
485,O=S(=O)(Cc1ccccc1)N1Cc2ccccc2C1c1c[nH]c2ccccc12,oracle,autodockgpu,-7.8,energy,7.967018407605686,7.967018407605686,"{""free_energy"": -7.35, ""intermolecular_energy"": -8.55, ""internal_energy"": -1.7, ""cluster_size"": 24, ""cluster_id"": 2, ""rank_in_cluster"": 20}",-6.27,0.03,4,O=S(=O)(Cc1ccccc1)N1Cc2ccccc2[C@@H]1c1c[nH]c2ccccc12
486,O=S(=O)(Cc1ccccc1)N1Cc2ccccc2C1c1c[nH]c2ccccc12,oracle,autodockgpu,-7.8,energy,7.848228092816169,7.848228092816169,"{""free_energy"": -7.53, ""intermolecular_energy"": -8.72, ""internal_energy"": -1.62, ""cluster_size"": 24, ""cluster_id"": 2, ""rank_in_cluster"": 3}",-6.27,0.04,4,O=S(=O)(Cc1ccccc1)N1Cc2ccccc2[C@@H]1c1c[nH]c2ccccc12
487,O=S(=O)(Cc1ccccc1)N1Cc2ccccc2C1c1c[nH]c2ccccc12,oracle,autodockgpu,-7.8,energy,5.309191320078576,5.309191320078576,"{""free_energy"": -6.56, ""intermolecular_energy"": -7.75, ""internal_energy"": -2.28, ""cluster_size"": 24, ""cluster_id"": 2, ""rank_in_cluster"": 23}",-6.27,0.05,4,O=S(=O)(Cc1ccccc1)N1Cc2ccccc2[C@@H]1c1c[nH]c2ccccc12
488,O=S(=O)(Cc1ccccc1)N1Cc2ccccc2C1c1c[nH]c2ccccc12,oracle,autodockgpu,-7.8,energy,4.548195727388581,4.548195727388581,"{""free_energy"": -6.27, ""intermolecular_energy"": -7.46, ""internal_energy"": -2.61, ""cluster_size"": 16, ""cluster_id"": 4, ""rank_in_cluster"": 4}",-6.27,0.03,4,O=S(=O)(Cc1ccccc1)N1Cc2ccccc2[C@@H]1c1c[nH]c2ccccc12
489,O=S(=O)(Cc1ccccc1)N1Cc2ccccc2C1c1c[nH]c2ccccc12,oracle,autodockgpu,-7.8,energy,7.901965062681137,7.901965062681137,"{""free_energy"": -7.41, ""intermolecular_energy"": -8.6, ""internal_energy"": -1.68, ""cluster_size"": 24, ""cluster_id"": 2, ""rank_in_cluster"": 14}",-6.27,0.03,4,O=S(=O)(Cc1ccccc1)N1Cc2ccccc2[C@@H]1c1c[nH]c2ccccc12
490,O=S(=O)(Cc1ccccc1)N1Cc2ccccc2C1c1c[nH]c2ccccc12,oracle,autodockgpu,-7.8,energy,4.566218347420774,4.566218347420774,"{""free_energy"": -6.26, ""intermolecular_energy"": -7.46, ""internal_energy"": -2.61, ""cluster_size"": 16, ""cluster_id"": 4, ""rank_in_cluster"": 8}",-6.26,0.04,4,O=S(=O)(Cc1ccccc1)N1Cc2ccccc2[C@@H]1c1c[nH]c2ccccc12
491,O=S(=O)(Cc1ccccc1)N1Cc2ccccc2C1c1c[nH]c2ccccc12,oracle,autodockgpu,-7.8,energy,10.599599377771108,10.599599377771108,"{""free_energy"": -7.19, ""intermolecular_energy"": -8.38, ""internal_energy"": -1.67, ""cluster_size"": 4, ""cluster_id"": 1, ""rank_in_cluster"": 4}",-6.26,0.04,4,O=S(=O)(Cc1ccccc1)N1Cc2ccccc2[C@@H]1c1c[nH]c2ccccc12
492,O=S(=O)(Cc1ccccc1)N1Cc2ccccc2C1c1c[nH]c2ccccc12,oracle,autodockgpu,-7.8,energy,7.802654610442116,7.802654610442116,"{""free_energy"": -7.51, ""intermolecular_energy"": -8.71, ""internal_energy"": -1.65, ""cluster_size"": 24, ""cluster_id"": 2, ""rank_in_cluster"": 4}",-6.26,0.09,4,O=S(=O)(Cc1ccccc1)N1Cc2ccccc2[C@@H]1c1c[nH]c2ccccc12
493,O=S(=O)(Cc1ccccc1)N1Cc2ccccc2C1c1c[nH]c2ccccc12,oracle,autodockgpu,-7.8,energy,4.562951642872043,4.562951642872043,"{""free_energy"": -6.27, ""intermolecular_energy"": -7.46, ""internal_energy"": -2.61, ""cluster_size"": 16, ""cluster_id"": 4, ""rank_in_cluster"": 6}",-6.26,0.07,4,O=S(=O)(Cc1ccccc1)N1Cc2ccccc2[C@@H]1c1c[nH]c2ccccc12
494,O=S(=O)(Cc1ccccc1)N1Cc2ccccc2C1c1c[nH]c2ccccc12,oracle,autodockgpu,-7.8,energy,7.883822899108578,7.883822899108578,"{""free_energy"": -7.42, ""intermolecular_energy"": -8.61, ""internal_energy"": -1.64, ""cluster_size"": 24, ""cluster_id"": 2, ""rank_in_cluster"": 12}",-6.26,0.04,4,O=S(=O)(Cc1ccccc1)N1Cc2ccccc2[C@@H]1c1c[nH]c2ccccc12
495,O=S(=O)(Cc1ccccc1)N1Cc2ccccc2C1c1c[nH]c2ccccc12,oracle,autodockgpu,-7.8,energy,4.521664512032387,4.521664512032387,"{""free_energy"": -6.26, ""intermolecular_energy"": -7.45, ""internal_energy"": -2.6, ""cluster_size"": 16, ""cluster_id"": 4, ""rank_in_cluster"": 9}",-6.26,0.07,4,O=S(=O)(Cc1ccccc1)N1Cc2ccccc2[C@@H]1c1c[nH]c2ccccc12
496,O=S(=O)(Cc1ccccc1)N1Cc2ccccc2C1c1c[nH]c2ccccc12,oracle,autodockgpu,-7.8,energy,5.2738039904302285,5.2738039904302285,"{""free_energy"": -6.56, ""intermolecular_energy"": -7.75, ""internal_energy"": -2.27, ""cluster_size"": 6, ""cluster_id"": 3, ""rank_in_cluster"": 2}",-6.25,0.06,4,O=S(=O)(Cc1ccccc1)N1Cc2ccccc2[C@@H]1c1c[nH]c2ccccc12
497,O=S(=O)(Cc1ccccc1)N1Cc2ccccc2C1c1c[nH]c2ccccc12,oracle,autodockgpu,-7.8,energy,7.774150386822485,7.774150386822485,"{""free_energy"": -7.41, ""intermolecular_energy"": -8.6, ""internal_energy"": -1.71, ""cluster_size"": 24, ""cluster_id"": 2, ""rank_in_cluster"": 17}",-6.25,0.08,4,O=S(=O)(Cc1ccccc1)N1Cc2ccccc2[C@@H]1c1c[nH]c2ccccc12
498,O=S(=O)(Cc1ccccc1)N1Cc2ccccc2C1c1c[nH]c2ccccc12,oracle,autodockgpu,-7.8,energy,4.545470889642283,4.545470889642283,"{""free_energy"": -6.27, ""intermolecular_energy"": -7.46, ""internal_energy"": -2.61, ""cluster_size"": 16, ""cluster_id"": 4, ""rank_in_cluster"": 3}",-6.24,0.1,4,O=S(=O)(Cc1ccccc1)N1Cc2ccccc2[C@@H]1c1c[nH]c2ccccc12
499,O=S(=O)(Cc1ccccc1)N1Cc2ccccc2C1c1c[nH]c2ccccc12,oracle,autodockgpu,-7.8,energy,10.86706431552236,10.86706431552236,"{""free_energy"": -7.8, ""intermolecular_energy"": -8.99, ""internal_energy"": -1.28, ""cluster_size"": 4, ""cluster_id"": 1, ""rank_in_cluster"": 1}",-6.23,0.18,4,O=S(=O)(Cc1ccccc1)N1Cc2ccccc2[C@@H]1c1c[nH]c2ccccc12
500,O=S(=O)(Cc1ccccc1)N1Cc2ccccc2C1c1c[nH]c2ccccc12,oracle,autodockgpu,-7.5,energy,5.814142757135478,5.814142757135478,"{""free_energy"": -7.06, ""intermolecular_energy"": -8.26, ""internal_energy"": -1.66, ""cluster_size"": 23, ""cluster_id"": 4, ""rank_in_cluster"": 3}",-7.5,0.0,1,O=S(=O)(Cc1ccccc1)N1Cc2ccccc2[C@H]1c1c[nH]c2ccccc12
501,O=S(=O)(Cc1ccccc1)N1Cc2ccccc2C1c1c[nH]c2ccccc12,oracle,autodockgpu,-7.5,energy,6.989580292740473,6.989580292740473,"{""free_energy"": -6.63, ""intermolecular_energy"": -7.82, ""internal_energy"": -2.3, ""cluster_size"": 23, ""cluster_id"": 4, ""rank_in_cluster"": 13}",-7.49,0.04,1,O=S(=O)(Cc1ccccc1)N1Cc2ccccc2[C@H]1c1c[nH]c2ccccc12
502,O=S(=O)(Cc1ccccc1)N1Cc2ccccc2C1c1c[nH]c2ccccc12,oracle,autodockgpu,-7.5,energy,6.713035664789146,6.713035664789146,"{""free_energy"": -6.87, ""intermolecular_energy"": -8.06, ""internal_energy"": -1.95, ""cluster_size"": 5, ""cluster_id"": 5, ""rank_in_cluster"": 3}",-7.47,0.22,1,O=S(=O)(Cc1ccccc1)N1Cc2ccccc2[C@H]1c1c[nH]c2ccccc12
503,O=S(=O)(Cc1ccccc1)N1Cc2ccccc2C1c1c[nH]c2ccccc12,oracle,autodockgpu,-7.5,energy,6.691216947065349,6.691216947065349,"{""free_energy"": -7.47, ""intermolecular_energy"": -8.67, ""internal_energy"": -1.29, ""cluster_size"": 8, ""cluster_id"": 1, ""rank_in_cluster"": 3}",-6.9,1.33,1,O=S(=O)(Cc1ccccc1)N1Cc2ccccc2[C@H]1c1c[nH]c2ccccc12
504,O=S(=O)(Cc1ccccc1)N1Cc2ccccc2C1c1c[nH]c2ccccc12,oracle,autodockgpu,-7.5,energy,11.261852477165085,11.261852477165085,"{""free_energy"": -6.99, ""intermolecular_energy"": -8.19, ""internal_energy"": -1.74, ""cluster_size"": 4, ""cluster_id"": 2, ""rank_in_cluster"": 4}",-6.88,1.34,1,O=S(=O)(Cc1ccccc1)N1Cc2ccccc2[C@H]1c1c[nH]c2ccccc12
505,O=S(=O)(Cc1ccccc1)N1Cc2ccccc2C1c1c[nH]c2ccccc12,oracle,autodockgpu,-7.5,energy,5.928669453735085,5.928669453735085,"{""free_energy"": -7.05, ""intermolecular_energy"": -8.25, ""internal_energy"": -1.78, ""cluster_size"": 23, ""cluster_id"": 4, ""rank_in_cluster"": 7}",-6.87,1.32,1,O=S(=O)(Cc1ccccc1)N1Cc2ccccc2[C@H]1c1c[nH]c2ccccc12
506,O=S(=O)(Cc1ccccc1)N1Cc2ccccc2C1c1c[nH]c2ccccc12,oracle,autodockgpu,-7.5,energy,10.901726534481801,10.901726534481801,"{""free_energy"": -7.22, ""intermolecular_energy"": -8.42, ""internal_energy"": -1.6, ""cluster_size"": 4, ""cluster_id"": 2, ""rank_in_cluster"": 2}",-6.64,1.62,1,O=S(=O)(Cc1ccccc1)N1Cc2ccccc2[C@H]1c1c[nH]c2ccccc12
507,O=S(=O)(Cc1ccccc1)N1Cc2ccccc2C1c1c[nH]c2ccccc12,oracle,autodockgpu,-7.5,energy,7.020259460769037,7.020259460769037,"{""free_energy"": -6.55, ""intermolecular_energy"": -7.74, ""internal_energy"": -2.33, ""cluster_size"": 23, ""cluster_id"": 4, ""rank_in_cluster"": 21}",-6.6,1.97,1,O=S(=O)(Cc1ccccc1)N1Cc2ccccc2[C@H]1c1c[nH]c2ccccc12
508,O=S(=O)(Cc1ccccc1)N1Cc2ccccc2C1c1c[nH]c2ccccc12,oracle,autodockgpu,-7.5,energy,6.764408362188842,6.764408362188842,"{""free_energy"": -6.9, ""intermolecular_energy"": -8.09, ""internal_energy"": -1.85, ""cluster_size"": 8, ""cluster_id"": 1, ""rank_in_cluster"": 4}",-7.24,0.0,2,O=S(=O)(Cc1ccccc1)N1Cc2ccccc2[C@H]1c1c[nH]c2ccccc12
509,O=S(=O)(Cc1ccccc1)N1Cc2ccccc2C1c1c[nH]c2ccccc12,oracle,autodockgpu,-7.5,energy,6.686049613830528,6.686049613830528,"{""free_energy"": -7.49, ""intermolecular_energy"": -8.69, ""internal_energy"": -1.29, ""cluster_size"": 8, ""cluster_id"": 1, ""rank_in_cluster"": 2}",-7.22,0.11,2,O=S(=O)(Cc1ccccc1)N1Cc2ccccc2[C@H]1c1c[nH]c2ccccc12
510,O=S(=O)(Cc1ccccc1)N1Cc2ccccc2C1c1c[nH]c2ccccc12,oracle,autodockgpu,-7.5,energy,10.694495778369538,10.694495778369538,"{""free_energy"": -7.22, ""intermolecular_energy"": -8.41, ""internal_energy"": -1.79, ""cluster_size"": 10, ""cluster_id"": 3, ""rank_in_cluster"": 1}",-7.0,0.89,2,O=S(=O)(Cc1ccccc1)N1Cc2ccccc2[C@H]1c1c[nH]c2ccccc12
511,O=S(=O)(Cc1ccccc1)N1Cc2ccccc2C1c1c[nH]c2ccccc12,oracle,autodockgpu,-7.5,energy,6.911910348356416,6.911910348356416,"{""free_energy"": -6.56, ""intermolecular_energy"": -7.75, ""internal_energy"": -2.3, ""cluster_size"": 23, ""cluster_id"": 4, ""rank_in_cluster"": 19}",-6.99,0.9,2,O=S(=O)(Cc1ccccc1)N1Cc2ccccc2[C@H]1c1c[nH]c2ccccc12
512,O=S(=O)(Cc1ccccc1)N1Cc2ccccc2C1c1c[nH]c2ccccc12,oracle,autodockgpu,-7.5,energy,10.663882109842922,10.663882109842922,"{""free_energy"": -7.18, ""intermolecular_energy"": -8.38, ""internal_energy"": -1.82, ""cluster_size"": 10, ""cluster_id"": 3, ""rank_in_cluster"": 3}",-7.22,0.0,3,O=S(=O)(Cc1ccccc1)N1Cc2ccccc2[C@H]1c1c[nH]c2ccccc12
513,O=S(=O)(Cc1ccccc1)N1Cc2ccccc2C1c1c[nH]c2ccccc12,oracle,autodockgpu,-7.5,energy,5.939433519474789,5.939433519474789,"{""free_energy"": -7.06, ""intermolecular_energy"": -8.26, ""internal_energy"": -1.76, ""cluster_size"": 23, ""cluster_id"": 4, ""rank_in_cluster"": 4}",-7.2,0.28,3,O=S(=O)(Cc1ccccc1)N1Cc2ccccc2[C@H]1c1c[nH]c2ccccc12
514,O=S(=O)(Cc1ccccc1)N1Cc2ccccc2C1c1c[nH]c2ccccc12,oracle,autodockgpu,-7.5,energy,7.061969641059255,7.061969641059255,"{""free_energy"": -6.63, ""intermolecular_energy"": -7.82, ""internal_energy"": -2.27, ""cluster_size"": 5, ""cluster_id"": 5, ""rank_in_cluster"": 5}",-7.18,0.06,3,O=S(=O)(Cc1ccccc1)N1Cc2ccccc2[C@H]1c1c[nH]c2ccccc12
515,O=S(=O)(Cc1ccccc1)N1Cc2ccccc2C1c1c[nH]c2ccccc12,oracle,autodockgpu,-7.5,energy,7.004337222499115,7.004337222499115,"{""free_energy"": -6.6, ""intermolecular_energy"": -7.79, ""internal_energy"": -1.96, ""cluster_size"": 8, ""cluster_id"": 1, ""rank_in_cluster"": 8}",-7.17,0.19,3,O=S(=O)(Cc1ccccc1)N1Cc2ccccc2[C@H]1c1c[nH]c2ccccc12
516,O=S(=O)(Cc1ccccc1)N1Cc2ccccc2C1c1c[nH]c2ccccc12,oracle,autodockgpu,-7.5,energy,6.933107571048814,6.933107571048814,"{""free_energy"": -6.58, ""intermolecular_energy"": -7.77, ""internal_energy"": -2.3, ""cluster_size"": 23, ""cluster_id"": 4, ""rank_in_cluster"": 17}",-7.17,0.29,3,O=S(=O)(Cc1ccccc1)N1Cc2ccccc2[C@H]1c1c[nH]c2ccccc12
517,O=S(=O)(Cc1ccccc1)N1Cc2ccccc2C1c1c[nH]c2ccccc12,oracle,autodockgpu,-7.5,energy,6.709654156359294,6.709654156359294,"{""free_energy"": -6.87, ""intermolecular_energy"": -8.07, ""internal_energy"": -1.93, ""cluster_size"": 5, ""cluster_id"": 5, ""rank_in_cluster"": 2}",-7.16,0.35,3,O=S(=O)(Cc1ccccc1)N1Cc2ccccc2[C@H]1c1c[nH]c2ccccc12
518,O=S(=O)(Cc1ccccc1)N1Cc2ccccc2C1c1c[nH]c2ccccc12,oracle,autodockgpu,-7.5,energy,6.865818188396323,6.865818188396323,"{""free_energy"": -6.55, ""intermolecular_energy"": -7.74, ""internal_energy"": -2.29, ""cluster_size"": 23, ""cluster_id"": 4, ""rank_in_cluster"": 22}",-7.15,0.07,3,O=S(=O)(Cc1ccccc1)N1Cc2ccccc2[C@H]1c1c[nH]c2ccccc12
519,O=S(=O)(Cc1ccccc1)N1Cc2ccccc2C1c1c[nH]c2ccccc12,oracle,autodockgpu,-7.5,energy,10.688637391755625,10.688637391755625,"{""free_energy"": -7.17, ""intermolecular_energy"": -8.37, ""internal_energy"": -1.82, ""cluster_size"": 10, ""cluster_id"": 3, ""rank_in_cluster"": 4}",-7.09,0.27,3,O=S(=O)(Cc1ccccc1)N1Cc2ccccc2[C@H]1c1c[nH]c2ccccc12
520,O=S(=O)(Cc1ccccc1)N1Cc2ccccc2C1c1c[nH]c2ccccc12,oracle,autodockgpu,-7.5,energy,7.025330134677383,7.025330134677383,"{""free_energy"": -6.66, ""intermolecular_energy"": -7.86, ""internal_energy"": -2.28, ""cluster_size"": 23, ""cluster_id"": 4, ""rank_in_cluster"": 12}",-7.07,0.17,3,O=S(=O)(Cc1ccccc1)N1Cc2ccccc2[C@H]1c1c[nH]c2ccccc12
521,O=S(=O)(Cc1ccccc1)N1Cc2ccccc2C1c1c[nH]c2ccccc12,oracle,autodockgpu,-7.5,energy,10.590710680804795,10.590710680804795,"{""free_energy"": -7.17, ""intermolecular_energy"": -8.37, ""internal_energy"": -1.84, ""cluster_size"": 10, ""cluster_id"": 3, ""rank_in_cluster"": 5}",-7.06,0.32,3,O=S(=O)(Cc1ccccc1)N1Cc2ccccc2[C@H]1c1c[nH]c2ccccc12
522,O=S(=O)(Cc1ccccc1)N1Cc2ccccc2C1c1c[nH]c2ccccc12,oracle,autodockgpu,-7.5,energy,6.924652314307262,6.924652314307262,"{""free_energy"": -6.56, ""intermolecular_energy"": -7.75, ""internal_energy"": -2.29, ""cluster_size"": 23, ""cluster_id"": 4, ""rank_in_cluster"": 18}",-7.07,0.0,4,O=S(=O)(Cc1ccccc1)N1Cc2ccccc2[C@H]1c1c[nH]c2ccccc12
523,O=S(=O)(Cc1ccccc1)N1Cc2ccccc2C1c1c[nH]c2ccccc12,oracle,autodockgpu,-7.5,energy,10.62475793727834,10.62475793727834,"{""free_energy"": -7.07, ""intermolecular_energy"": -8.26, ""internal_energy"": -1.88, ""cluster_size"": 10, ""cluster_id"": 3, ""rank_in_cluster"": 9}",-7.06,0.03,4,O=S(=O)(Cc1ccccc1)N1Cc2ccccc2[C@H]1c1c[nH]c2ccccc12
524,O=S(=O)(Cc1ccccc1)N1Cc2ccccc2C1c1c[nH]c2ccccc12,oracle,autodockgpu,-7.5,energy,6.692189005597142,6.692189005597142,"{""free_energy"": -6.64, ""intermolecular_energy"": -7.83, ""internal_energy"": -1.98, ""cluster_size"": 8, ""cluster_id"": 1, ""rank_in_cluster"": 7}",-7.06,1.13,4,O=S(=O)(Cc1ccccc1)N1Cc2ccccc2[C@H]1c1c[nH]c2ccccc12
525,O=S(=O)(Cc1ccccc1)N1Cc2ccccc2C1c1c[nH]c2ccccc12,oracle,autodockgpu,-7.5,energy,7.051825870552151,7.051825870552151,"{""free_energy"": -6.66, ""intermolecular_energy"": -7.86, ""internal_energy"": -2.27, ""cluster_size"": 23, ""cluster_id"": 4, ""rank_in_cluster"": 11}",-7.06,0.03,4,O=S(=O)(Cc1ccccc1)N1Cc2ccccc2[C@H]1c1c[nH]c2ccccc12
526,O=S(=O)(Cc1ccccc1)N1Cc2ccccc2C1c1c[nH]c2ccccc12,oracle,autodockgpu,-7.5,energy,6.9602281873056775,6.9602281873056775,"{""free_energy"": -6.6, ""intermolecular_energy"": -7.79, ""internal_energy"": -2.3, ""cluster_size"": 23, ""cluster_id"": 4, ""rank_in_cluster"": 14}",-7.06,0.04,4,O=S(=O)(Cc1ccccc1)N1Cc2ccccc2[C@H]1c1c[nH]c2ccccc12
527,O=S(=O)(Cc1ccccc1)N1Cc2ccccc2C1c1c[nH]c2ccccc12,oracle,autodockgpu,-7.5,energy,6.68184088119315,6.68184088119315,"{""free_energy"": -7.5, ""intermolecular_energy"": -8.7, ""internal_energy"": -1.29, ""cluster_size"": 8, ""cluster_id"": 1, ""rank_in_cluster"": 1}",-7.06,0.05,4,O=S(=O)(Cc1ccccc1)N1Cc2ccccc2[C@H]1c1c[nH]c2ccccc12
528,O=S(=O)(Cc1ccccc1)N1Cc2ccccc2C1c1c[nH]c2ccccc12,oracle,autodockgpu,-7.5,energy,6.719088387376041,6.719088387376041,"{""free_energy"": -6.88, ""intermolecular_energy"": -8.07, ""internal_energy"": -1.94, ""cluster_size"": 5, ""cluster_id"": 5, ""rank_in_cluster"": 1}",-7.05,0.04,4,O=S(=O)(Cc1ccccc1)N1Cc2ccccc2[C@H]1c1c[nH]c2ccccc12
529,O=S(=O)(Cc1ccccc1)N1Cc2ccccc2C1c1c[nH]c2ccccc12,oracle,autodockgpu,-7.5,energy,5.919122526804623,5.919122526804623,"{""free_energy"": -7.05, ""intermolecular_energy"": -8.24, ""internal_energy"": -1.79, ""cluster_size"": 23, ""cluster_id"": 4, ""rank_in_cluster"": 8}",-7.05,0.07,4,O=S(=O)(Cc1ccccc1)N1Cc2ccccc2[C@H]1c1c[nH]c2ccccc12
530,O=S(=O)(Cc1ccccc1)N1Cc2ccccc2C1c1c[nH]c2ccccc12,oracle,autodockgpu,-7.5,energy,10.687834012179641,10.687834012179641,"{""free_energy"": -7.2, ""intermolecular_energy"": -8.39, ""internal_energy"": -1.8, ""cluster_size"": 10, ""cluster_id"": 3, ""rank_in_cluster"": 2}",-7.04,1.14,4,O=S(=O)(Cc1ccccc1)N1Cc2ccccc2[C@H]1c1c[nH]c2ccccc12
531,O=S(=O)(Cc1ccccc1)N1Cc2ccccc2C1c1c[nH]c2ccccc12,oracle,autodockgpu,-7.5,energy,10.584567290067001,10.584567290067001,"{""free_energy"": -7.16, ""intermolecular_energy"": -8.35, ""internal_energy"": -1.8, ""cluster_size"": 10, ""cluster_id"": 3, ""rank_in_cluster"": 6}",-6.69,2.0,4,O=S(=O)(Cc1ccccc1)N1Cc2ccccc2[C@H]1c1c[nH]c2ccccc12
532,O=S(=O)(Cc1ccccc1)N1Cc2ccccc2C1c1c[nH]c2ccccc12,oracle,autodockgpu,-7.5,energy,6.927103218441178,6.927103218441178,"{""free_energy"": -6.53, ""intermolecular_energy"": -7.72, ""internal_energy"": -2.32, ""cluster_size"": 23, ""cluster_id"": 4, ""rank_in_cluster"": 23}",-6.66,1.99,4,O=S(=O)(Cc1ccccc1)N1Cc2ccccc2[C@H]1c1c[nH]c2ccccc12
533,O=S(=O)(Cc1ccccc1)N1Cc2ccccc2C1c1c[nH]c2ccccc12,oracle,autodockgpu,-7.5,energy,5.830813474954831,5.830813474954831,"{""free_energy"": -7.04, ""intermolecular_energy"": -8.23, ""internal_energy"": -1.66, ""cluster_size"": 23, ""cluster_id"": 4, ""rank_in_cluster"": 9}",-6.66,1.98,4,O=S(=O)(Cc1ccccc1)N1Cc2ccccc2[C@H]1c1c[nH]c2ccccc12
534,O=S(=O)(Cc1ccccc1)N1Cc2ccccc2C1c1c[nH]c2ccccc12,oracle,autodockgpu,-7.5,energy,6.76091306682513,6.76091306682513,"{""free_energy"": -6.87, ""intermolecular_energy"": -8.07, ""internal_energy"": -1.86, ""cluster_size"": 8, ""cluster_id"": 1, ""rank_in_cluster"": 6}",-6.63,1.96,4,O=S(=O)(Cc1ccccc1)N1Cc2ccccc2[C@H]1c1c[nH]c2ccccc12
535,O=S(=O)(Cc1ccccc1)N1Cc2ccccc2C1c1c[nH]c2ccccc12,oracle,autodockgpu,-7.5,energy,11.260262709165358,11.260262709165358,"{""free_energy"": -7.0, ""intermolecular_energy"": -8.19, ""internal_energy"": -1.75, ""cluster_size"": 4, ""cluster_id"": 2, ""rank_in_cluster"": 3}",-6.6,1.95,4,O=S(=O)(Cc1ccccc1)N1Cc2ccccc2[C@H]1c1c[nH]c2ccccc12
536,O=S(=O)(Cc1ccccc1)N1Cc2ccccc2C1c1c[nH]c2ccccc12,oracle,autodockgpu,-7.5,energy,6.72360788537972,6.72360788537972,"{""free_energy"": -6.84, ""intermolecular_energy"": -8.03, ""internal_energy"": -1.94, ""cluster_size"": 5, ""cluster_id"": 5, ""rank_in_cluster"": 4}",-6.6,1.98,4,O=S(=O)(Cc1ccccc1)N1Cc2ccccc2[C@H]1c1c[nH]c2ccccc12
537,O=S(=O)(Cc1ccccc1)N1Cc2ccccc2C1c1c[nH]c2ccccc12,oracle,autodockgpu,-7.5,energy,5.932181745092937,5.932181745092937,"{""free_energy"": -7.06, ""intermolecular_energy"": -8.25, ""internal_energy"": -1.76, ""cluster_size"": 23, ""cluster_id"": 4, ""rank_in_cluster"": 5}",-6.6,1.96,4,O=S(=O)(Cc1ccccc1)N1Cc2ccccc2[C@H]1c1c[nH]c2ccccc12
538,O=S(=O)(Cc1ccccc1)N1Cc2ccccc2C1c1c[nH]c2ccccc12,oracle,autodockgpu,-7.5,energy,6.763883911736911,6.763883911736911,"{""free_energy"": -6.88, ""intermolecular_energy"": -8.07, ""internal_energy"": -1.86, ""cluster_size"": 8, ""cluster_id"": 1, ""rank_in_cluster"": 5}",-6.58,1.94,4,O=S(=O)(Cc1ccccc1)N1Cc2ccccc2[C@H]1c1c[nH]c2ccccc12
539,O=S(=O)(Cc1ccccc1)N1Cc2ccccc2C1c1c[nH]c2ccccc12,oracle,autodockgpu,-7.5,energy,10.8893296093233,10.8893296093233,"{""free_energy"": -7.24, ""intermolecular_energy"": -8.44, ""internal_energy"": -1.59, ""cluster_size"": 4, ""cluster_id"": 2, ""rank_in_cluster"": 1}",-6.56,1.96,4,O=S(=O)(Cc1ccccc1)N1Cc2ccccc2[C@H]1c1c[nH]c2ccccc12
540,O=S(=O)(Cc1ccccc1)N1Cc2ccccc2C1c1c[nH]c2ccccc12,oracle,autodockgpu,-7.5,energy,10.606255587663368,10.606255587663368,"{""free_energy"": -7.09, ""intermolecular_energy"": -8.29, ""internal_energy"": -1.87, ""cluster_size"": 10, ""cluster_id"": 3, ""rank_in_cluster"": 8}",-6.56,1.95,4,O=S(=O)(Cc1ccccc1)N1Cc2ccccc2[C@H]1c1c[nH]c2ccccc12
541,O=S(=O)(Cc1ccccc1)N1Cc2ccccc2C1c1c[nH]c2ccccc12,oracle,autodockgpu,-7.5,energy,10.655946239794728,10.655946239794728,"{""free_energy"": -7.15, ""intermolecular_energy"": -8.34, ""internal_energy"": -1.82, ""cluster_size"": 10, ""cluster_id"": 3, ""rank_in_cluster"": 7}",-6.55,1.91,4,O=S(=O)(Cc1ccccc1)N1Cc2ccccc2[C@H]1c1c[nH]c2ccccc12
542,O=S(=O)(Cc1ccccc1)N1Cc2ccccc2C1c1c[nH]c2ccccc12,oracle,autodockgpu,-7.5,energy,6.862620725098039,6.862620725098039,"{""free_energy"": -6.55, ""intermolecular_energy"": -7.74, ""internal_energy"": -2.29, ""cluster_size"": 23, ""cluster_id"": 4, ""rank_in_cluster"": 20}",-6.55,1.99,4,O=S(=O)(Cc1ccccc1)N1Cc2ccccc2[C@H]1c1c[nH]c2ccccc12
543,O=S(=O)(Cc1ccccc1)N1Cc2ccccc2C1c1c[nH]c2ccccc12,oracle,autodockgpu,-7.5,energy,5.932219545521459,5.932219545521459,"{""free_energy"": -7.06, ""intermolecular_energy"": -8.25, ""internal_energy"": -1.78, ""cluster_size"": 23, ""cluster_id"": 4, ""rank_in_cluster"": 6}",-6.55,1.92,4,O=S(=O)(Cc1ccccc1)N1Cc2ccccc2[C@H]1c1c[nH]c2ccccc12
544,O=S(=O)(Cc1ccccc1)N1Cc2ccccc2C1c1c[nH]c2ccccc12,oracle,autodockgpu,-7.5,energy,7.057190173757346,7.057190173757346,"{""free_energy"": -6.69, ""intermolecular_energy"": -7.88, ""internal_energy"": -2.26, ""cluster_size"": 23, ""cluster_id"": 4, ""rank_in_cluster"": 10}",-6.53,1.95,4,O=S(=O)(Cc1ccccc1)N1Cc2ccccc2[C@H]1c1c[nH]c2ccccc12
545,O=S(=O)(Cc1ccccc1)N1Cc2ccccc2C1c1c[nH]c2ccccc12,oracle,autodockgpu,-7.5,energy,5.939463764547665,5.939463764547665,"{""free_energy"": -7.06, ""intermolecular_energy"": -8.26, ""internal_energy"": -1.76, ""cluster_size"": 23, ""cluster_id"": 4, ""rank_in_cluster"": 2}",-6.88,0.0,5,O=S(=O)(Cc1ccccc1)N1Cc2ccccc2[C@H]1c1c[nH]c2ccccc12
546,O=S(=O)(Cc1ccccc1)N1Cc2ccccc2C1c1c[nH]c2ccccc12,oracle,autodockgpu,-7.5,energy,10.712668610429125,10.712668610429125,"{""free_energy"": -7.06, ""intermolecular_energy"": -8.25, ""internal_energy"": -1.86, ""cluster_size"": 10, ""cluster_id"": 3, ""rank_in_cluster"": 10}",-6.87,0.03,5,O=S(=O)(Cc1ccccc1)N1Cc2ccccc2[C@H]1c1c[nH]c2ccccc12
547,O=S(=O)(Cc1ccccc1)N1Cc2ccccc2C1c1c[nH]c2ccccc12,oracle,autodockgpu,-7.5,energy,5.943208402233812,5.943208402233812,"{""free_energy"": -7.07, ""intermolecular_energy"": -8.26, ""internal_energy"": -1.75, ""cluster_size"": 23, ""cluster_id"": 4, ""rank_in_cluster"": 1}",-6.87,0.03,5,O=S(=O)(Cc1ccccc1)N1Cc2ccccc2[C@H]1c1c[nH]c2ccccc12
548,O=S(=O)(Cc1ccccc1)N1Cc2ccccc2C1c1c[nH]c2ccccc12,oracle,autodockgpu,-7.5,energy,6.961818327950393,6.961818327950393,"{""free_energy"": -6.6, ""intermolecular_energy"": -7.79, ""internal_energy"": -2.31, ""cluster_size"": 23, ""cluster_id"": 4, ""rank_in_cluster"": 16}",-6.84,0.04,5,O=S(=O)(Cc1ccccc1)N1Cc2ccccc2[C@H]1c1c[nH]c2ccccc12
549,O=S(=O)(Cc1ccccc1)N1Cc2ccccc2C1c1c[nH]c2ccccc12,oracle,autodockgpu,-7.5,energy,7.020507571298374,7.020507571298374,"{""free_energy"": -6.6, ""intermolecular_energy"": -7.79, ""internal_energy"": -2.3, ""cluster_size"": 23, ""cluster_id"": 4, ""rank_in_cluster"": 15}",-6.63,1.95,5,O=S(=O)(Cc1ccccc1)N1Cc2ccccc2[C@H]1c1c[nH]c2ccccc12
550,CCC(=O)N(c1ccccc1)C1CCN(C(=O)[C@@H](N)C2Cc3ccccc3C2)CC1,oracle,autodockgpu,-8.64,energy,6.233655349465968,6.233655349465968,"{""free_energy"": -8.53, ""intermolecular_energy"": -10.62, ""internal_energy"": -1.42, ""cluster_size"": 8, ""cluster_id"": 1, ""rank_in_cluster"": 3}",-8.64,0.0,1,CCC(=O)N(c1ccccc1)C1CCN(C(=O)[C@@H](N)C2Cc3ccccc3C2)CC1
551,CCC(=O)N(c1ccccc1)C1CCN(C(=O)[C@@H](N)C2Cc3ccccc3C2)CC1,oracle,autodockgpu,-8.64,energy,8.925692865307251,8.925692865307251,"{""free_energy"": -7.63, ""intermolecular_energy"": -9.72, ""internal_energy"": -2.46, ""cluster_size"": 18, ""cluster_id"": 3, ""rank_in_cluster"": 5}",-8.58,0.72,1,CCC(=O)N(c1ccccc1)C1CCN(C(=O)[C@@H](N)C2Cc3ccccc3C2)CC1
552,CCC(=O)N(c1ccccc1)C1CCN(C(=O)[C@@H](N)C2Cc3ccccc3C2)CC1,oracle,autodockgpu,-8.64,energy,5.085172214220933,5.085172214220933,"{""free_energy"": -7.59, ""intermolecular_energy"": -9.68, ""internal_energy"": -2.43, ""cluster_size"": 14, ""cluster_id"": 2, ""rank_in_cluster"": 8}",-8.53,0.83,1,CCC(=O)N(c1ccccc1)C1CCN(C(=O)[C@@H](N)C2Cc3ccccc3C2)CC1
553,CCC(=O)N(c1ccccc1)C1CCN(C(=O)[C@@H](N)C2Cc3ccccc3C2)CC1,oracle,autodockgpu,-8.64,energy,5.146789298129513,5.146789298129513,"{""free_energy"": -7.22, ""intermolecular_energy"": -9.3, ""internal_energy"": -2.42, ""cluster_size"": 14, ""cluster_id"": 2, ""rank_in_cluster"": 14}",-8.49,0.38,1,CCC(=O)N(c1ccccc1)C1CCN(C(=O)[C@@H](N)C2Cc3ccccc3C2)CC1
554,CCC(=O)N(c1ccccc1)C1CCN(C(=O)[C@@H](N)C2Cc3ccccc3C2)CC1,oracle,autodockgpu,-8.64,energy,5.120088344237816,5.120088344237816,"{""free_energy"": -7.67, ""intermolecular_energy"": -9.76, ""internal_energy"": -2.38, ""cluster_size"": 14, ""cluster_id"": 2, ""rank_in_cluster"": 7}",-8.49,0.75,1,CCC(=O)N(c1ccccc1)C1CCN(C(=O)[C@@H](N)C2Cc3ccccc3C2)CC1
555,CCC(=O)N(c1ccccc1)C1CCN(C(=O)[C@@H](N)C2Cc3ccccc3C2)CC1,oracle,autodockgpu,-8.64,energy,6.11935221548274,6.11935221548274,"{""free_energy"": -8.64, ""intermolecular_energy"": -10.73, ""internal_energy"": -1.22, ""cluster_size"": 8, ""cluster_id"": 1, ""rank_in_cluster"": 1}",-8.44,0.79,1,CCC(=O)N(c1ccccc1)C1CCN(C(=O)[C@@H](N)C2Cc3ccccc3C2)CC1
556,CCC(=O)N(c1ccccc1)C1CCN(C(=O)[C@@H](N)C2Cc3ccccc3C2)CC1,oracle,autodockgpu,-8.64,energy,9.677045661842266,9.677045661842266,"{""free_energy"": -7.43, ""intermolecular_energy"": -9.52, ""internal_energy"": -2.42, ""cluster_size"": 18, ""cluster_id"": 3, ""rank_in_cluster"": 14}",-8.43,0.78,1,CCC(=O)N(c1ccccc1)C1CCN(C(=O)[C@@H](N)C2Cc3ccccc3C2)CC1
557,CCC(=O)N(c1ccccc1)C1CCN(C(=O)[C@@H](N)C2Cc3ccccc3C2)CC1,oracle,autodockgpu,-8.64,energy,9.638329953103678,9.638329953103678,"{""free_energy"": -7.31, ""intermolecular_energy"": -9.4, ""internal_energy"": -2.47, ""cluster_size"": 18, ""cluster_id"": 3, ""rank_in_cluster"": 18}",-8.34,0.36,1,CCC(=O)N(c1ccccc1)C1CCN(C(=O)[C@@H](N)C2Cc3ccccc3C2)CC1
558,CCC(=O)N(c1ccccc1)C1CCN(C(=O)[C@@H](N)C2Cc3ccccc3C2)CC1,oracle,autodockgpu,-8.64,energy,8.940487076697247,8.940487076697247,"{""free_energy"": -7.62, ""intermolecular_energy"": -9.71, ""internal_energy"": -2.45, ""cluster_size"": 18, ""cluster_id"": 3, ""rank_in_cluster"": 10}",-7.76,0.0,2,CCC(=O)N(c1ccccc1)C1CCN(C(=O)[C@@H](N)C2Cc3ccccc3C2)CC1
559,CCC(=O)N(c1ccccc1)C1CCN(C(=O)[C@@H](N)C2Cc3ccccc3C2)CC1,oracle,autodockgpu,-8.64,energy,9.676243541314824,9.676243541314824,"{""free_energy"": -7.52, ""intermolecular_energy"": -9.61, ""internal_energy"": -2.46, ""cluster_size"": 18, ""cluster_id"": 3, ""rank_in_cluster"": 13}",-7.7,0.94,2,CCC(=O)N(c1ccccc1)C1CCN(C(=O)[C@@H](N)C2Cc3ccccc3C2)CC1
560,CCC(=O)N(c1ccccc1)C1CCN(C(=O)[C@@H](N)C2Cc3ccccc3C2)CC1,oracle,autodockgpu,-8.64,energy,6.253030245731153,6.253030245731153,"{""free_energy"": -8.44, ""intermolecular_energy"": -10.53, ""internal_energy"": -1.38, ""cluster_size"": 8, ""cluster_id"": 1, ""rank_in_cluster"": 6}",-7.7,0.93,2,CCC(=O)N(c1ccccc1)C1CCN(C(=O)[C@@H](N)C2Cc3ccccc3C2)CC1
561,CCC(=O)N(c1ccccc1)C1CCN(C(=O)[C@@H](N)C2Cc3ccccc3C2)CC1,oracle,autodockgpu,-8.64,energy,5.9959348852405006,5.9959348852405006,"{""free_energy"": -8.49, ""intermolecular_energy"": -10.58, ""internal_energy"": -1.44, ""cluster_size"": 8, ""cluster_id"": 1, ""rank_in_cluster"": 4}",-7.7,0.94,2,CCC(=O)N(c1ccccc1)C1CCN(C(=O)[C@@H](N)C2Cc3ccccc3C2)CC1
562,CCC(=O)N(c1ccccc1)C1CCN(C(=O)[C@@H](N)C2Cc3ccccc3C2)CC1,oracle,autodockgpu,-8.64,energy,5.441161820930115,5.441161820930115,"{""free_energy"": -7.5, ""intermolecular_energy"": -9.58, ""internal_energy"": -2.4, ""cluster_size"": 14, ""cluster_id"": 2, ""rank_in_cluster"": 11}",-7.7,0.95,2,CCC(=O)N(c1ccccc1)C1CCN(C(=O)[C@@H](N)C2Cc3ccccc3C2)CC1
563,CCC(=O)N(c1ccccc1)C1CCN(C(=O)[C@@H](N)C2Cc3ccccc3C2)CC1,oracle,autodockgpu,-8.64,energy,8.177319793406719,8.177319793406719,"{""free_energy"": -7.19, ""intermolecular_energy"": -9.28, ""internal_energy"": -2.54, ""cluster_size"": 10, ""cluster_id"": 4, ""rank_in_cluster"": 5}",-7.68,0.95,2,CCC(=O)N(c1ccccc1)C1CCN(C(=O)[C@@H](N)C2Cc3ccccc3C2)CC1
564,CCC(=O)N(c1ccccc1)C1CCN(C(=O)[C@@H](N)C2Cc3ccccc3C2)CC1,oracle,autodockgpu,-8.64,energy,5.106188249294547,5.106188249294547,"{""free_energy"": -7.7, ""intermolecular_energy"": -9.79, ""internal_energy"": -2.38, ""cluster_size"": 14, ""cluster_id"": 2, ""rank_in_cluster"": 3}",-7.67,0.94,2,CCC(=O)N(c1ccccc1)C1CCN(C(=O)[C@@H](N)C2Cc3ccccc3C2)CC1
565,CCC(=O)N(c1ccccc1)C1CCN(C(=O)[C@@H](N)C2Cc3ccccc3C2)CC1,oracle,autodockgpu,-8.64,energy,8.141523150604778,8.141523150604778,"{""free_energy"": -7.19, ""intermolecular_energy"": -9.28, ""internal_energy"": -2.53, ""cluster_size"": 10, ""cluster_id"": 4, ""rank_in_cluster"": 6}",-7.59,0.99,2,CCC(=O)N(c1ccccc1)C1CCN(C(=O)[C@@H](N)C2Cc3ccccc3C2)CC1
566,CCC(=O)N(c1ccccc1)C1CCN(C(=O)[C@@H](N)C2Cc3ccccc3C2)CC1,oracle,autodockgpu,-8.64,energy,8.90833086889445,8.90833086889445,"{""free_energy"": -7.62, ""intermolecular_energy"": -9.71, ""internal_energy"": -2.46, ""cluster_size"": 18, ""cluster_id"": 3, ""rank_in_cluster"": 11}",-7.59,0.99,2,CCC(=O)N(c1ccccc1)C1CCN(C(=O)[C@@H](N)C2Cc3ccccc3C2)CC1
567,CCC(=O)N(c1ccccc1)C1CCN(C(=O)[C@@H](N)C2Cc3ccccc3C2)CC1,oracle,autodockgpu,-8.64,energy,8.916461177368168,8.916461177368168,"{""free_energy"": -7.64, ""intermolecular_energy"": -9.73, ""internal_energy"": -2.45, ""cluster_size"": 18, ""cluster_id"": 3, ""rank_in_cluster"": 2}",-7.5,1.23,2,CCC(=O)N(c1ccccc1)C1CCN(C(=O)[C@@H](N)C2Cc3ccccc3C2)CC1
568,CCC(=O)N(c1ccccc1)C1CCN(C(=O)[C@@H](N)C2Cc3ccccc3C2)CC1,oracle,autodockgpu,-8.64,energy,5.185714107294101,5.185714107294101,"{""free_energy"": -7.48, ""intermolecular_energy"": -9.57, ""internal_energy"": -2.43, ""cluster_size"": 14, ""cluster_id"": 2, ""rank_in_cluster"": 12}",-7.5,1.22,2,CCC(=O)N(c1ccccc1)C1CCN(C(=O)[C@@H](N)C2Cc3ccccc3C2)CC1
569,CCC(=O)N(c1ccccc1)C1CCN(C(=O)[C@@H](N)C2Cc3ccccc3C2)CC1,oracle,autodockgpu,-8.64,energy,9.05896110250706,9.05896110250706,"{""free_energy"": -7.32, ""intermolecular_energy"": -9.41, ""internal_energy"": -2.46, ""cluster_size"": 18, ""cluster_id"": 3, ""rank_in_cluster"": 17}",-7.48,0.92,2,CCC(=O)N(c1ccccc1)C1CCN(C(=O)[C@@H](N)C2Cc3ccccc3C2)CC1
570,CCC(=O)N(c1ccccc1)C1CCN(C(=O)[C@@H](N)C2Cc3ccccc3C2)CC1,oracle,autodockgpu,-8.64,energy,5.142476331108388,5.142476331108388,"{""free_energy"": -7.68, ""intermolecular_energy"": -9.77, ""internal_energy"": -2.4, ""cluster_size"": 14, ""cluster_id"": 2, ""rank_in_cluster"": 6}",-7.41,1.29,2,CCC(=O)N(c1ccccc1)C1CCN(C(=O)[C@@H](N)C2Cc3ccccc3C2)CC1
571,CCC(=O)N(c1ccccc1)C1CCN(C(=O)[C@@H](N)C2Cc3ccccc3C2)CC1,oracle,autodockgpu,-8.64,energy,8.148474276209894,8.148474276209894,"{""free_energy"": -7.19, ""intermolecular_energy"": -9.28, ""internal_energy"": -2.54, ""cluster_size"": 10, ""cluster_id"": 4, ""rank_in_cluster"": 2}",-7.22,1.14,2,CCC(=O)N(c1ccccc1)C1CCN(C(=O)[C@@H](N)C2Cc3ccccc3C2)CC1
572,CCC(=O)N(c1ccccc1)C1CCN(C(=O)[C@@H](N)C2Cc3ccccc3C2)CC1,oracle,autodockgpu,-8.64,energy,6.015577847797834,6.015577847797834,"{""free_energy"": -8.58, ""intermolecular_energy"": -10.67, ""internal_energy"": -1.4, ""cluster_size"": 8, ""cluster_id"": 1, ""rank_in_cluster"": 2}",-7.65,0.0,3,CCC(=O)N(c1ccccc1)C1CCN(C(=O)[C@@H](N)C2Cc3ccccc3C2)CC1
573,CCC(=O)N(c1ccccc1)C1CCN(C(=O)[C@@H](N)C2Cc3ccccc3C2)CC1,oracle,autodockgpu,-8.64,energy,5.104669467483791,5.104669467483791,"{""free_energy"": -7.7, ""intermolecular_energy"": -9.79, ""internal_energy"": -2.38, ""cluster_size"": 14, ""cluster_id"": 2, ""rank_in_cluster"": 2}",-7.64,0.03,3,CCC(=O)N(c1ccccc1)C1CCN(C(=O)[C@@H](N)C2Cc3ccccc3C2)CC1
574,CCC(=O)N(c1ccccc1)C1CCN(C(=O)[C@@H](N)C2Cc3ccccc3C2)CC1,oracle,autodockgpu,-8.64,energy,8.265316715355167,8.265316715355167,"{""free_energy"": -7.06, ""intermolecular_energy"": -9.15, ""internal_energy"": -2.58, ""cluster_size"": 10, ""cluster_id"": 4, ""rank_in_cluster"": 10}",-7.64,0.05,3,CCC(=O)N(c1ccccc1)C1CCN(C(=O)[C@@H](N)C2Cc3ccccc3C2)CC1
575,CCC(=O)N(c1ccccc1)C1CCN(C(=O)[C@@H](N)C2Cc3ccccc3C2)CC1,oracle,autodockgpu,-8.64,energy,8.951512775111812,8.951512775111812,"{""free_energy"": -7.63, ""intermolecular_energy"": -9.72, ""internal_energy"": -2.45, ""cluster_size"": 18, ""cluster_id"": 3, ""rank_in_cluster"": 4}",-7.63,0.06,3,CCC(=O)N(c1ccccc1)C1CCN(C(=O)[C@@H](N)C2Cc3ccccc3C2)CC1
576,CCC(=O)N(c1ccccc1)C1CCN(C(=O)[C@@H](N)C2Cc3ccccc3C2)CC1,oracle,autodockgpu,-8.64,energy,8.154215585548618,8.154215585548618,"{""free_energy"": -7.19, ""intermolecular_energy"": -9.28, ""internal_energy"": -2.54, ""cluster_size"": 10, ""cluster_id"": 4, ""rank_in_cluster"": 3}",-7.63,0.07,3,CCC(=O)N(c1ccccc1)C1CCN(C(=O)[C@@H](N)C2Cc3ccccc3C2)CC1
577,CCC(=O)N(c1ccccc1)C1CCN(C(=O)[C@@H](N)C2Cc3ccccc3C2)CC1,oracle,autodockgpu,-8.64,energy,5.082601415358885,5.082601415358885,"{""free_energy"": -7.7, ""intermolecular_energy"": -9.79, ""internal_energy"": -2.36, ""cluster_size"": 14, ""cluster_id"": 2, ""rank_in_cluster"": 4}",-7.63,0.07,3,CCC(=O)N(c1ccccc1)C1CCN(C(=O)[C@@H](N)C2Cc3ccccc3C2)CC1
578,CCC(=O)N(c1ccccc1)C1CCN(C(=O)[C@@H](N)C2Cc3ccccc3C2)CC1,oracle,autodockgpu,-8.64,energy,8.911221941952597,8.911221941952597,"{""free_energy"": -7.63, ""intermolecular_energy"": -9.71, ""internal_energy"": -2.46, ""cluster_size"": 18, ""cluster_id"": 3, ""rank_in_cluster"": 8}",-7.63,0.17,3,CCC(=O)N(c1ccccc1)C1CCN(C(=O)[C@@H](N)C2Cc3ccccc3C2)CC1
579,CCC(=O)N(c1ccccc1)C1CCN(C(=O)[C@@H](N)C2Cc3ccccc3C2)CC1,oracle,autodockgpu,-8.64,energy,9.671614077116306,9.671614077116306,"{""free_energy"": -7.53, ""intermolecular_energy"": -9.62, ""internal_energy"": -2.46, ""cluster_size"": 18, ""cluster_id"": 3, ""rank_in_cluster"": 12}",-7.63,0.1,3,CCC(=O)N(c1ccccc1)C1CCN(C(=O)[C@@H](N)C2Cc3ccccc3C2)CC1
580,CCC(=O)N(c1ccccc1)C1CCN(C(=O)[C@@H](N)C2Cc3ccccc3C2)CC1,oracle,autodockgpu,-8.64,energy,6.0399738812238715,6.0399738812238715,"{""free_energy"": -8.34, ""intermolecular_energy"": -10.43, ""internal_energy"": -1.5, ""cluster_size"": 8, ""cluster_id"": 1, ""rank_in_cluster"": 8}",-7.63,0.11,3,CCC(=O)N(c1ccccc1)C1CCN(C(=O)[C@@H](N)C2Cc3ccccc3C2)CC1
581,CCC(=O)N(c1ccccc1)C1CCN(C(=O)[C@@H](N)C2Cc3ccccc3C2)CC1,oracle,autodockgpu,-8.64,energy,5.090644143445924,5.090644143445924,"{""free_energy"": -7.59, ""intermolecular_energy"": -9.68, ""internal_energy"": -2.42, ""cluster_size"": 14, ""cluster_id"": 2, ""rank_in_cluster"": 9}",-7.62,0.03,3,CCC(=O)N(c1ccccc1)C1CCN(C(=O)[C@@H](N)C2Cc3ccccc3C2)CC1
582,CCC(=O)N(c1ccccc1)C1CCN(C(=O)[C@@H](N)C2Cc3ccccc3C2)CC1,oracle,autodockgpu,-8.64,energy,9.127413039850412,9.127413039850412,"{""free_energy"": -7.32, ""intermolecular_energy"": -9.41, ""internal_energy"": -2.43, ""cluster_size"": 18, ""cluster_id"": 3, ""rank_in_cluster"": 15}",-7.62,0.12,3,CCC(=O)N(c1ccccc1)C1CCN(C(=O)[C@@H](N)C2Cc3ccccc3C2)CC1
583,CCC(=O)N(c1ccccc1)C1CCN(C(=O)[C@@H](N)C2Cc3ccccc3C2)CC1,oracle,autodockgpu,-8.64,energy,5.4505465003648155,5.4505465003648155,"{""free_energy"": -7.41, ""intermolecular_energy"": -9.5, ""internal_energy"": -2.46, ""cluster_size"": 14, ""cluster_id"": 2, ""rank_in_cluster"": 13}",-7.53,0.65,3,CCC(=O)N(c1ccccc1)C1CCN(C(=O)[C@@H](N)C2Cc3ccccc3C2)CC1
584,CCC(=O)N(c1ccccc1)C1CCN(C(=O)[C@@H](N)C2Cc3ccccc3C2)CC1,oracle,autodockgpu,-8.64,energy,8.154589735804247,8.154589735804247,"{""free_energy"": -7.13, ""intermolecular_energy"": -9.22, ""internal_energy"": -2.54, ""cluster_size"": 10, ""cluster_id"": 4, ""rank_in_cluster"": 8}",-7.52,0.65,3,CCC(=O)N(c1ccccc1)C1CCN(C(=O)[C@@H](N)C2Cc3ccccc3C2)CC1
585,CCC(=O)N(c1ccccc1)C1CCN(C(=O)[C@@H](N)C2Cc3ccccc3C2)CC1,oracle,autodockgpu,-8.64,energy,8.909564266841539,8.909564266841539,"{""free_energy"": -7.63, ""intermolecular_energy"": -9.71, ""internal_energy"": -2.46, ""cluster_size"": 18, ""cluster_id"": 3, ""rank_in_cluster"": 9}",-7.43,0.75,3,CCC(=O)N(c1ccccc1)C1CCN(C(=O)[C@@H](N)C2Cc3ccccc3C2)CC1
586,CCC(=O)N(c1ccccc1)C1CCN(C(=O)[C@@H](N)C2Cc3ccccc3C2)CC1,oracle,autodockgpu,-8.64,energy,5.396801292239026,5.396801292239026,"{""free_energy"": -7.5, ""intermolecular_energy"": -9.59, ""internal_energy"": -2.39, ""cluster_size"": 14, ""cluster_id"": 2, ""rank_in_cluster"": 10}",-7.32,0.62,3,CCC(=O)N(c1ccccc1)C1CCN(C(=O)[C@@H](N)C2Cc3ccccc3C2)CC1
587,CCC(=O)N(c1ccccc1)C1CCN(C(=O)[C@@H](N)C2Cc3ccccc3C2)CC1,oracle,autodockgpu,-8.64,energy,8.924720786147766,8.924720786147766,"{""free_energy"": -7.63, ""intermolecular_energy"": -9.72, ""internal_energy"": -2.45, ""cluster_size"": 18, ""cluster_id"": 3, ""rank_in_cluster"": 7}",-7.32,0.57,3,CCC(=O)N(c1ccccc1)C1CCN(C(=O)[C@@H](N)C2Cc3ccccc3C2)CC1
588,CCC(=O)N(c1ccccc1)C1CCN(C(=O)[C@@H](N)C2Cc3ccccc3C2)CC1,oracle,autodockgpu,-8.64,energy,5.080218530665979,5.080218530665979,"{""free_energy"": -7.76, ""intermolecular_energy"": -9.84, ""internal_energy"": -2.06, ""cluster_size"": 14, ""cluster_id"": 2, ""rank_in_cluster"": 1}",-7.32,0.6,3,CCC(=O)N(c1ccccc1)C1CCN(C(=O)[C@@H](N)C2Cc3ccccc3C2)CC1
589,CCC(=O)N(c1ccccc1)C1CCN(C(=O)[C@@H](N)C2Cc3ccccc3C2)CC1,oracle,autodockgpu,-8.64,energy,6.061394618178889,6.061394618178889,"{""free_energy"": -8.49, ""intermolecular_energy"": -10.58, ""internal_energy"": -1.44, ""cluster_size"": 8, ""cluster_id"": 1, ""rank_in_cluster"": 5}",-7.31,0.61,3,CCC(=O)N(c1ccccc1)C1CCN(C(=O)[C@@H](N)C2Cc3ccccc3C2)CC1
590,CCC(=O)N(c1ccccc1)C1CCN(C(=O)[C@@H](N)C2Cc3ccccc3C2)CC1,oracle,autodockgpu,-8.64,energy,8.908506431641504,8.908506431641504,"{""free_energy"": -7.63, ""intermolecular_energy"": -9.72, ""internal_energy"": -2.45, ""cluster_size"": 18, ""cluster_id"": 3, ""rank_in_cluster"": 6}",-7.31,0.0,4,CCC(=O)N(c1ccccc1)C1CCN(C(=O)[C@@H](N)C2Cc3ccccc3C2)CC1
591,CCC(=O)N(c1ccccc1)C1CCN(C(=O)[C@@H](N)C2Cc3ccccc3C2)CC1,oracle,autodockgpu,-8.64,energy,8.143084185439696,8.143084185439696,"{""free_energy"": -7.19, ""intermolecular_energy"": -9.28, ""internal_energy"": -2.53, ""cluster_size"": 10, ""cluster_id"": 4, ""rank_in_cluster"": 4}",-7.19,0.44,4,CCC(=O)N(c1ccccc1)C1CCN(C(=O)[C@@H](N)C2Cc3ccccc3C2)CC1
592,CCC(=O)N(c1ccccc1)C1CCN(C(=O)[C@@H](N)C2Cc3ccccc3C2)CC1,oracle,autodockgpu,-8.64,energy,8.048728886533503,8.048728886533503,"{""free_energy"": -7.31, ""intermolecular_energy"": -9.4, ""internal_energy"": -2.29, ""cluster_size"": 10, ""cluster_id"": 4, ""rank_in_cluster"": 1}",-7.19,0.44,4,CCC(=O)N(c1ccccc1)C1CCN(C(=O)[C@@H](N)C2Cc3ccccc3C2)CC1
593,CCC(=O)N(c1ccccc1)C1CCN(C(=O)[C@@H](N)C2Cc3ccccc3C2)CC1,oracle,autodockgpu,-8.64,energy,8.159050719162437,8.159050719162437,"{""free_energy"": -7.12, ""intermolecular_energy"": -9.21, ""internal_energy"": -2.55, ""cluster_size"": 10, ""cluster_id"": 4, ""rank_in_cluster"": 9}",-7.19,0.44,4,CCC(=O)N(c1ccccc1)C1CCN(C(=O)[C@@H](N)C2Cc3ccccc3C2)CC1
594,CCC(=O)N(c1ccccc1)C1CCN(C(=O)[C@@H](N)C2Cc3ccccc3C2)CC1,oracle,autodockgpu,-8.64,energy,8.922803190959007,8.922803190959007,"{""free_energy"": -7.65, ""intermolecular_energy"": -9.73, ""internal_energy"": -2.45, ""cluster_size"": 18, ""cluster_id"": 3, ""rank_in_cluster"": 1}",-7.19,0.45,4,CCC(=O)N(c1ccccc1)C1CCN(C(=O)[C@@H](N)C2Cc3ccccc3C2)CC1
595,CCC(=O)N(c1ccccc1)C1CCN(C(=O)[C@@H](N)C2Cc3ccccc3C2)CC1,oracle,autodockgpu,-8.64,energy,6.237261467850667,6.237261467850667,"{""free_energy"": -8.43, ""intermolecular_energy"": -10.52, ""internal_energy"": -1.39, ""cluster_size"": 8, ""cluster_id"": 1, ""rank_in_cluster"": 7}",-7.19,0.44,4,CCC(=O)N(c1ccccc1)C1CCN(C(=O)[C@@H](N)C2Cc3ccccc3C2)CC1
596,CCC(=O)N(c1ccccc1)C1CCN(C(=O)[C@@H](N)C2Cc3ccccc3C2)CC1,oracle,autodockgpu,-8.64,energy,8.15576769568601,8.15576769568601,"{""free_energy"": -7.16, ""intermolecular_energy"": -9.25, ""internal_energy"": -2.55, ""cluster_size"": 10, ""cluster_id"": 4, ""rank_in_cluster"": 7}",-7.16,0.45,4,CCC(=O)N(c1ccccc1)C1CCN(C(=O)[C@@H](N)C2Cc3ccccc3C2)CC1
597,CCC(=O)N(c1ccccc1)C1CCN(C(=O)[C@@H](N)C2Cc3ccccc3C2)CC1,oracle,autodockgpu,-8.64,energy,8.92651841882524,8.92651841882524,"{""free_energy"": -7.64, ""intermolecular_energy"": -9.73, ""internal_energy"": -2.45, ""cluster_size"": 18, ""cluster_id"": 3, ""rank_in_cluster"": 3}",-7.13,0.48,4,CCC(=O)N(c1ccccc1)C1CCN(C(=O)[C@@H](N)C2Cc3ccccc3C2)CC1
598,CCC(=O)N(c1ccccc1)C1CCN(C(=O)[C@@H](N)C2Cc3ccccc3C2)CC1,oracle,autodockgpu,-8.64,energy,9.060593276192845,9.060593276192845,"{""free_energy"": -7.32, ""intermolecular_energy"": -9.41, ""internal_energy"": -2.45, ""cluster_size"": 18, ""cluster_id"": 3, ""rank_in_cluster"": 16}",-7.12,0.46,4,CCC(=O)N(c1ccccc1)C1CCN(C(=O)[C@@H](N)C2Cc3ccccc3C2)CC1
599,CCC(=O)N(c1ccccc1)C1CCN(C(=O)[C@@H](N)C2Cc3ccccc3C2)CC1,oracle,autodockgpu,-8.64,energy,5.064258888958956,5.064258888958956,"{""free_energy"": -7.7, ""intermolecular_energy"": -9.78, ""internal_energy"": -2.37, ""cluster_size"": 14, ""cluster_id"": 2, ""rank_in_cluster"": 5}",-7.06,0.73,4,CCC(=O)N(c1ccccc1)C1CCN(C(=O)[C@@H](N)C2Cc3ccccc3C2)CC1
600,O=c1c2ccccc2nc(/C=C/c2cccnc2)n1Cc1ccccc1,oracle,autodockgpu,-7.35,energy,4.3241491687448965,4.3241491687448965,"{""free_energy"": -6.37, ""intermolecular_energy"": -7.86, ""internal_energy"": -2.03, ""cluster_size"": 11, ""cluster_id"": 5, ""rank_in_cluster"": 11}",-7.35,0.0,1,O=c1c2ccccc2nc(/C=C\c2cccnc2)n1Cc1ccccc1
601,O=c1c2ccccc2nc(/C=C/c2cccnc2)n1Cc1ccccc1,oracle,autodockgpu,-7.35,energy,10.124991664425874,10.124991664425874,"{""free_energy"": -7.05, ""intermolecular_energy"": -8.54, ""internal_energy"": -1.48, ""cluster_size"": 21, ""cluster_id"": 3, ""rank_in_cluster"": 17}",-7.32,0.3,1,O=c1c2ccccc2nc(/C=C\c2cccnc2)n1Cc1ccccc1
602,O=c1c2ccccc2nc(/C=C/c2cccnc2)n1Cc1ccccc1,oracle,autodockgpu,-7.35,energy,12.939242910457022,12.939242910457022,"{""free_energy"": -7.35, ""intermolecular_energy"": -8.84, ""internal_energy"": -1.16, ""cluster_size"": 7, ""cluster_id"": 1, ""rank_in_cluster"": 1}",-7.26,0.39,1,O=c1c2ccccc2nc(/C=C/c2cccnc2)n1Cc1ccccc1
603,O=c1c2ccccc2nc(/C=C/c2cccnc2)n1Cc1ccccc1,oracle,autodockgpu,-7.35,energy,4.628139836753062,4.628139836753062,"{""free_energy"": -6.66, ""intermolecular_energy"": -8.15, ""internal_energy"": -1.8, ""cluster_size"": 11, ""cluster_id"": 5, ""rank_in_cluster"": 5}",-7.11,0.73,1,O=c1c2ccccc2nc(/C=C\c2cccnc2)n1Cc1ccccc1
604,O=c1c2ccccc2nc(/C=C/c2cccnc2)n1Cc1ccccc1,oracle,autodockgpu,-7.35,energy,4.542702605903597,4.542702605903597,"{""free_energy"": -6.75, ""intermolecular_energy"": -8.24, ""internal_energy"": -1.66, ""cluster_size"": 11, ""cluster_id"": 5, ""rank_in_cluster"": 2}",-7.06,1.05,1,O=c1c2ccccc2nc(/C=C\c2cccnc2)n1Cc1ccccc1
605,O=c1c2ccccc2nc(/C=C/c2cccnc2)n1Cc1ccccc1,oracle,autodockgpu,-7.35,energy,4.667754368958742,4.667754368958742,"{""free_energy"": -7.25, ""intermolecular_energy"": -8.74, ""internal_energy"": -1.34, ""cluster_size"": 7, ""cluster_id"": 2, ""rank_in_cluster"": 4}",-6.94,1.89,1,O=c1c2ccccc2nc(/C=C\c2cccnc2)n1Cc1ccccc1
606,O=c1c2ccccc2nc(/C=C/c2cccnc2)n1Cc1ccccc1,oracle,autodockgpu,-7.35,energy,4.542220691172963,4.542220691172963,"{""free_energy"": -6.89, ""intermolecular_energy"": -8.38, ""internal_energy"": -1.67, ""cluster_size"": 11, ""cluster_id"": 5, ""rank_in_cluster"": 1}",-6.65,1.69,1,O=c1c2ccccc2nc(/C=C\c2cccnc2)n1Cc1ccccc1
607,O=c1c2ccccc2nc(/C=C/c2cccnc2)n1Cc1ccccc1,oracle,autodockgpu,-7.35,energy,4.956888416753619,4.956888416753619,"{""free_energy"": -7.24, ""intermolecular_energy"": -8.73, ""internal_energy"": -1.33, ""cluster_size"": 7, ""cluster_id"": 2, ""rank_in_cluster"": 5}",-7.27,0.0,2,O=c1c2ccccc2nc(/C=C\c2cccnc2)n1Cc1ccccc1
608,O=c1c2ccccc2nc(/C=C/c2cccnc2)n1Cc1ccccc1,oracle,autodockgpu,-7.35,energy,10.10630427858054,10.10630427858054,"{""free_energy"": -7.06, ""intermolecular_energy"": -8.55, ""internal_energy"": -1.46, ""cluster_size"": 21, ""cluster_id"": 3, ""rank_in_cluster"": 13}",-7.26,0.06,2,O=c1c2ccccc2nc(/C=C\c2cccnc2)n1Cc1ccccc1
609,O=c1c2ccccc2nc(/C=C/c2cccnc2)n1Cc1ccccc1,oracle,autodockgpu,-7.35,energy,10.071816979107911,10.071816979107911,"{""free_energy"": -7.05, ""intermolecular_energy"": -8.54, ""internal_energy"": -1.47, ""cluster_size"": 21, ""cluster_id"": 3, ""rank_in_cluster"": 16}",-7.25,0.09,2,O=c1c2ccccc2nc(/C=C\c2cccnc2)n1Cc1ccccc1
610,O=c1c2ccccc2nc(/C=C/c2cccnc2)n1Cc1ccccc1,oracle,autodockgpu,-7.35,energy,8.649511070772052,8.649511070772052,"{""free_energy"": -7.13, ""intermolecular_energy"": -8.62, ""internal_energy"": -1.43, ""cluster_size"": 3, ""cluster_id"": 4, ""rank_in_cluster"": 3}",-7.25,0.08,2,O=c1c2ccccc2nc(/C=C\c2cccnc2)n1Cc1ccccc1
611,O=c1c2ccccc2nc(/C=C/c2cccnc2)n1Cc1ccccc1,oracle,autodockgpu,-7.35,energy,12.76808884875597,12.76808884875597,"{""free_energy"": -7.32, ""intermolecular_energy"": -8.81, ""internal_energy"": -1.22, ""cluster_size"": 7, ""cluster_id"": 1, ""rank_in_cluster"": 2}",-7.24,0.09,2,O=c1c2ccccc2nc(/C=C\c2cccnc2)n1Cc1ccccc1
612,O=c1c2ccccc2nc(/C=C/c2cccnc2)n1Cc1ccccc1,oracle,autodockgpu,-7.35,energy,4.955638306410159,4.955638306410159,"{""free_energy"": -7.26, ""intermolecular_energy"": -8.75, ""internal_energy"": -1.33, ""cluster_size"": 7, ""cluster_id"": 2, ""rank_in_cluster"": 2}",-7.24,0.18,2,O=c1c2ccccc2nc(/C=C\c2cccnc2)n1Cc1ccccc1
613,O=c1c2ccccc2nc(/C=C/c2cccnc2)n1Cc1ccccc1,oracle,autodockgpu,-7.35,energy,10.037638281257017,10.037638281257017,"{""free_energy"": -7.07, ""intermolecular_energy"": -8.56, ""internal_energy"": -1.43, ""cluster_size"": 21, ""cluster_id"": 3, ""rank_in_cluster"": 10}",-7.18,0.2,2,O=c1c2ccccc2nc(/C=C\c2cccnc2)n1Cc1ccccc1
614,O=c1c2ccccc2nc(/C=C/c2cccnc2)n1Cc1ccccc1,oracle,autodockgpu,-7.35,energy,4.980554323632756,4.980554323632756,"{""free_energy"": -7.25, ""intermolecular_energy"": -8.74, ""internal_energy"": -1.33, ""cluster_size"": 7, ""cluster_id"": 2, ""rank_in_cluster"": 3}",-7.23,0.0,3,O=c1c2ccccc2nc(/C=C\c2cccnc2)n1Cc1ccccc1
615,O=c1c2ccccc2nc(/C=C/c2cccnc2)n1Cc1ccccc1,oracle,autodockgpu,-7.35,energy,10.152891590965782,10.152891590965782,"{""free_energy"": -7.0, ""intermolecular_energy"": -8.49, ""internal_energy"": -1.51, ""cluster_size"": 21, ""cluster_id"": 3, ""rank_in_cluster"": 19}",-7.21,0.06,3,O=c1c2ccccc2nc(/C=C\c2cccnc2)n1Cc1ccccc1
616,O=c1c2ccccc2nc(/C=C/c2cccnc2)n1Cc1ccccc1,oracle,autodockgpu,-7.35,energy,10.119521823281902,10.119521823281902,"{""free_energy"": -7.08, ""intermolecular_energy"": -8.57, ""internal_energy"": -1.48, ""cluster_size"": 21, ""cluster_id"": 3, ""rank_in_cluster"": 8}",-7.19,0.17,3,O=c1c2ccccc2nc(/C=C\c2cccnc2)n1Cc1ccccc1
617,O=c1c2ccccc2nc(/C=C/c2cccnc2)n1Cc1ccccc1,oracle,autodockgpu,-7.35,energy,10.110686494070562,10.110686494070562,"{""free_energy"": -7.0, ""intermolecular_energy"": -8.49, ""internal_energy"": -1.5, ""cluster_size"": 21, ""cluster_id"": 3, ""rank_in_cluster"": 20}",-7.19,0.07,3,O=c1c2ccccc2nc(/C=C\c2cccnc2)n1Cc1ccccc1
618,O=c1c2ccccc2nc(/C=C/c2cccnc2)n1Cc1ccccc1,oracle,autodockgpu,-7.35,energy,8.601036554052047,8.601036554052047,"{""free_energy"": -7.15, ""intermolecular_energy"": -8.64, ""internal_energy"": -1.46, ""cluster_size"": 3, ""cluster_id"": 4, ""rank_in_cluster"": 1}",-7.12,0.17,3,O=c1c2ccccc2nc(/C=C\c2cccnc2)n1Cc1ccccc1
619,O=c1c2ccccc2nc(/C=C/c2cccnc2)n1Cc1ccccc1,oracle,autodockgpu,-7.35,energy,10.174519330160619,10.174519330160619,"{""free_energy"": -7.06, ""intermolecular_energy"": -8.55, ""internal_energy"": -1.48, ""cluster_size"": 21, ""cluster_id"": 3, ""rank_in_cluster"": 12}",-7.12,0.18,3,O=c1c2ccccc2nc(/C=C\c2cccnc2)n1Cc1ccccc1
620,O=c1c2ccccc2nc(/C=C/c2cccnc2)n1Cc1ccccc1,oracle,autodockgpu,-7.35,energy,5.001213441038118,5.001213441038118,"{""free_energy"": -7.24, ""intermolecular_energy"": -8.73, ""internal_energy"": -1.32, ""cluster_size"": 7, ""cluster_id"": 2, ""rank_in_cluster"": 6}",-7.11,0.18,3,O=c1c2ccccc2nc(/C=C\c2cccnc2)n1Cc1ccccc1
621,O=c1c2ccccc2nc(/C=C/c2cccnc2)n1Cc1ccccc1,oracle,autodockgpu,-7.35,energy,10.110588408017128,10.110588408017128,"{""free_energy"": -7.06, ""intermolecular_energy"": -8.55, ""internal_energy"": -1.47, ""cluster_size"": 21, ""cluster_id"": 3, ""rank_in_cluster"": 14}",-7.08,0.23,3,O=c1c2ccccc2nc(/C=C\c2cccnc2)n1Cc1ccccc1
622,O=c1c2ccccc2nc(/C=C/c2cccnc2)n1Cc1ccccc1,oracle,autodockgpu,-7.35,energy,12.895077811817059,12.895077811817059,"{""free_energy"": -6.94, ""intermolecular_energy"": -8.43, ""internal_energy"": -1.48, ""cluster_size"": 7, ""cluster_id"": 1, ""rank_in_cluster"": 6}",-7.08,0.21,3,O=c1c2ccccc2nc(/C=C\c2cccnc2)n1Cc1ccccc1
623,O=c1c2ccccc2nc(/C=C/c2cccnc2)n1Cc1ccccc1,oracle,autodockgpu,-7.35,energy,8.630822862584646,8.630822862584646,"{""free_energy"": -7.14, ""intermolecular_energy"": -8.63, ""internal_energy"": -1.41, ""cluster_size"": 3, ""cluster_id"": 4, ""rank_in_cluster"": 2}",-7.07,0.25,3,O=c1c2ccccc2nc(/C=C\c2cccnc2)n1Cc1ccccc1
624,O=c1c2ccccc2nc(/C=C/c2cccnc2)n1Cc1ccccc1,oracle,autodockgpu,-7.35,energy,4.454959574433963,4.454959574433963,"{""free_energy"": -6.52, ""intermolecular_energy"": -8.01, ""internal_energy"": -1.98, ""cluster_size"": 11, ""cluster_id"": 5, ""rank_in_cluster"": 7}",-7.06,0.24,3,O=c1c2ccccc2nc(/C=C\c2cccnc2)n1Cc1ccccc1
625,O=c1c2ccccc2nc(/C=C/c2cccnc2)n1Cc1ccccc1,oracle,autodockgpu,-7.35,energy,9.984925118560001,9.984925118560001,"{""free_energy"": -7.01, ""intermolecular_energy"": -8.5, ""internal_energy"": -1.42, ""cluster_size"": 21, ""cluster_id"": 3, ""rank_in_cluster"": 18}",-7.06,0.25,3,O=c1c2ccccc2nc(/C=C\c2cccnc2)n1Cc1ccccc1
626,O=c1c2ccccc2nc(/C=C/c2cccnc2)n1Cc1ccccc1,oracle,autodockgpu,-7.35,energy,4.208540181025096,4.208540181025096,"{""free_energy"": -6.4, ""intermolecular_energy"": -7.89, ""internal_energy"": -1.92, ""cluster_size"": 11, ""cluster_id"": 5, ""rank_in_cluster"": 10}",-7.06,0.23,3,O=c1c2ccccc2nc(/C=C/c2cccnc2)n1Cc1ccccc1
627,O=c1c2ccccc2nc(/C=C/c2cccnc2)n1Cc1ccccc1,oracle,autodockgpu,-7.35,energy,12.836305559530487,12.836305559530487,"{""free_energy"": -7.11, ""intermolecular_energy"": -8.6, ""internal_energy"": -1.32, ""cluster_size"": 7, ""cluster_id"": 1, ""rank_in_cluster"": 4}",-7.06,0.23,3,O=c1c2ccccc2nc(/C=C\c2cccnc2)n1Cc1ccccc1
628,O=c1c2ccccc2nc(/C=C/c2cccnc2)n1Cc1ccccc1,oracle,autodockgpu,-7.35,energy,12.761603908367794,12.761603908367794,"{""free_energy"": -7.26, ""intermolecular_energy"": -8.75, ""internal_energy"": -1.23, ""cluster_size"": 7, ""cluster_id"": 1, ""rank_in_cluster"": 3}",-7.06,0.26,3,O=c1c2ccccc2nc(/C=C\c2cccnc2)n1Cc1ccccc1
629,O=c1c2ccccc2nc(/C=C/c2cccnc2)n1Cc1ccccc1,oracle,autodockgpu,-7.35,energy,12.75670508341195,12.75670508341195,"{""free_energy"": -7.06, ""intermolecular_energy"": -8.56, ""internal_energy"": -1.17, ""cluster_size"": 7, ""cluster_id"": 1, ""rank_in_cluster"": 5}",-7.05,0.22,3,O=c1c2ccccc2nc(/C=C/c2cccnc2)n1Cc1ccccc1
630,O=c1c2ccccc2nc(/C=C/c2cccnc2)n1Cc1ccccc1,oracle,autodockgpu,-7.35,energy,10.157100357058146,10.157100357058146,"{""free_energy"": -7.12, ""intermolecular_energy"": -8.61, ""internal_energy"": -1.46, ""cluster_size"": 21, ""cluster_id"": 3, ""rank_in_cluster"": 5}",-7.05,0.23,3,O=c1c2ccccc2nc(/C=C\c2cccnc2)n1Cc1ccccc1
631,O=c1c2ccccc2nc(/C=C/c2cccnc2)n1Cc1ccccc1,oracle,autodockgpu,-7.35,energy,13.205084203681412,13.205084203681412,"{""free_energy"": -6.65, ""intermolecular_energy"": -8.14, ""internal_energy"": -1.6, ""cluster_size"": 7, ""cluster_id"": 1, ""rank_in_cluster"": 7}",-7.01,0.33,3,O=c1c2ccccc2nc(/C=C\c2cccnc2)n1Cc1ccccc1
632,O=c1c2ccccc2nc(/C=C/c2cccnc2)n1Cc1ccccc1,oracle,autodockgpu,-7.35,energy,4.565553851991554,4.565553851991554,"{""free_energy"": -6.65, ""intermolecular_energy"": -8.15, ""internal_energy"": -1.86, ""cluster_size"": 11, ""cluster_id"": 5, ""rank_in_cluster"": 6}",-7.0,0.29,3,O=c1c2ccccc2nc(/C=C\c2cccnc2)n1Cc1ccccc1
633,O=c1c2ccccc2nc(/C=C/c2cccnc2)n1Cc1ccccc1,oracle,autodockgpu,-7.35,energy,4.624896330593701,4.624896330593701,"{""free_energy"": -7.27, ""intermolecular_energy"": -8.76, ""internal_energy"": -1.34, ""cluster_size"": 7, ""cluster_id"": 2, ""rank_in_cluster"": 1}",-7.0,0.28,3,O=c1c2ccccc2nc(/C=C\c2cccnc2)n1Cc1ccccc1
634,O=c1c2ccccc2nc(/C=C/c2cccnc2)n1Cc1ccccc1,oracle,autodockgpu,-7.35,energy,10.134743730082072,10.134743730082072,"{""free_energy"": -7.23, ""intermolecular_energy"": -8.72, ""internal_energy"": -1.37, ""cluster_size"": 21, ""cluster_id"": 3, ""rank_in_cluster"": 1}",-6.91,0.44,3,O=c1c2ccccc2nc(/C=C\c2cccnc2)n1Cc1ccccc1
635,O=c1c2ccccc2nc(/C=C/c2cccnc2)n1Cc1ccccc1,oracle,autodockgpu,-7.35,energy,10.14285724343385,10.14285724343385,"{""free_energy"": -7.19, ""intermolecular_energy"": -8.68, ""internal_energy"": -1.41, ""cluster_size"": 21, ""cluster_id"": 3, ""rank_in_cluster"": 4}",-7.15,0.0,4,O=c1c2ccccc2nc(/C=C\c2cccnc2)n1Cc1ccccc1
636,O=c1c2ccccc2nc(/C=C/c2cccnc2)n1Cc1ccccc1,oracle,autodockgpu,-7.35,energy,10.103179839384046,10.103179839384046,"{""free_energy"": -7.06, ""intermolecular_energy"": -8.55, ""internal_energy"": -1.46, ""cluster_size"": 21, ""cluster_id"": 3, ""rank_in_cluster"": 11}",-7.14,0.11,4,O=c1c2ccccc2nc(/C=C\c2cccnc2)n1Cc1ccccc1
637,O=c1c2ccccc2nc(/C=C/c2cccnc2)n1Cc1ccccc1,oracle,autodockgpu,-7.35,energy,10.137866573601784,10.137866573601784,"{""free_energy"": -7.11, ""intermolecular_energy"": -8.6, ""internal_energy"": -1.46, ""cluster_size"": 21, ""cluster_id"": 3, ""rank_in_cluster"": 7}",-7.13,0.14,4,O=c1c2ccccc2nc(/C=C\c2cccnc2)n1Cc1ccccc1
638,O=c1c2ccccc2nc(/C=C/c2cccnc2)n1Cc1ccccc1,oracle,autodockgpu,-7.35,energy,10.066034262866058,10.066034262866058,"{""free_energy"": -7.06, ""intermolecular_energy"": -8.55, ""internal_energy"": -1.45, ""cluster_size"": 21, ""cluster_id"": 3, ""rank_in_cluster"": 15}",-6.89,0.0,5,O=c1c2ccccc2nc(/C=C\c2cccnc2)n1Cc1ccccc1
639,O=c1c2ccccc2nc(/C=C/c2cccnc2)n1Cc1ccccc1,oracle,autodockgpu,-7.35,energy,13.007573804834696,13.007573804834696,"{""free_energy"": -6.71, ""intermolecular_energy"": -8.2, ""internal_energy"": -1.47, ""cluster_size"": 1, ""cluster_id"": 6, ""rank_in_cluster"": 1}",-6.75,0.57,5,O=c1c2ccccc2nc(/C=C\c2cccnc2)n1Cc1ccccc1
640,O=c1c2ccccc2nc(/C=C/c2cccnc2)n1Cc1ccccc1,oracle,autodockgpu,-7.35,energy,4.384851218022742,4.384851218022742,"{""free_energy"": -6.44, ""intermolecular_energy"": -7.93, ""internal_energy"": -2.02, ""cluster_size"": 11, ""cluster_id"": 5, ""rank_in_cluster"": 9}",-6.74,0.38,5,O=c1c2ccccc2nc(/C=C\c2cccnc2)n1Cc1ccccc1
641,O=c1c2ccccc2nc(/C=C/c2cccnc2)n1Cc1ccccc1,oracle,autodockgpu,-7.35,energy,10.1464733984787,10.1464733984787,"{""free_energy"": -7.12, ""intermolecular_energy"": -8.61, ""internal_energy"": -1.47, ""cluster_size"": 21, ""cluster_id"": 3, ""rank_in_cluster"": 6}",-6.66,0.25,5,O=c1c2ccccc2nc(/C=C\c2cccnc2)n1Cc1ccccc1
642,O=c1c2ccccc2nc(/C=C/c2cccnc2)n1Cc1ccccc1,oracle,autodockgpu,-7.35,energy,10.22278705170635,10.22278705170635,"{""free_energy"": -7.19, ""intermolecular_energy"": -8.68, ""internal_energy"": -1.38, ""cluster_size"": 21, ""cluster_id"": 3, ""rank_in_cluster"": 3}",-6.66,0.26,5,O=c1c2ccccc2nc(/C=C\c2cccnc2)n1Cc1ccccc1
643,O=c1c2ccccc2nc(/C=C/c2cccnc2)n1Cc1ccccc1,oracle,autodockgpu,-7.35,energy,10.142369761865003,10.142369761865003,"{""free_energy"": -7.21, ""intermolecular_energy"": -8.7, ""internal_energy"": -1.39, ""cluster_size"": 21, ""cluster_id"": 3, ""rank_in_cluster"": 2}",-6.65,0.32,5,O=c1c2ccccc2nc(/C=C\c2cccnc2)n1Cc1ccccc1
644,O=c1c2ccccc2nc(/C=C/c2cccnc2)n1Cc1ccccc1,oracle,autodockgpu,-7.35,energy,4.445048550260856,4.445048550260856,"{""free_energy"": -6.66, ""intermolecular_energy"": -8.15, ""internal_energy"": -1.88, ""cluster_size"": 11, ""cluster_id"": 5, ""rank_in_cluster"": 4}",-6.52,0.59,5,O=c1c2ccccc2nc(/C=C\c2cccnc2)n1Cc1ccccc1
645,O=c1c2ccccc2nc(/C=C/c2cccnc2)n1Cc1ccccc1,oracle,autodockgpu,-7.35,energy,10.261304989503556,10.261304989503556,"{""free_energy"": -6.91, ""intermolecular_energy"": -8.4, ""internal_energy"": -1.5, ""cluster_size"": 21, ""cluster_id"": 3, ""rank_in_cluster"": 21}",-6.49,0.67,5,O=c1c2ccccc2nc(/C=C\c2cccnc2)n1Cc1ccccc1
646,O=c1c2ccccc2nc(/C=C/c2cccnc2)n1Cc1ccccc1,oracle,autodockgpu,-7.35,energy,4.645075038859889,4.645075038859889,"{""free_energy"": -7.18, ""intermolecular_energy"": -8.68, ""internal_energy"": -1.33, ""cluster_size"": 7, ""cluster_id"": 2, ""rank_in_cluster"": 7}",-6.44,0.7,5,O=c1c2ccccc2nc(/C=C\c2cccnc2)n1Cc1ccccc1
647,O=c1c2ccccc2nc(/C=C/c2cccnc2)n1Cc1ccccc1,oracle,autodockgpu,-7.35,energy,4.390722447164461,4.390722447164461,"{""free_energy"": -6.74, ""intermolecular_energy"": -8.23, ""internal_energy"": -1.83, ""cluster_size"": 11, ""cluster_id"": 5, ""rank_in_cluster"": 3}",-6.4,1.62,5,O=c1c2ccccc2nc(/C=C\c2cccnc2)n1Cc1ccccc1
648,O=c1c2ccccc2nc(/C=C/c2cccnc2)n1Cc1ccccc1,oracle,autodockgpu,-7.35,energy,4.267044755172763,4.267044755172763,"{""free_energy"": -6.49, ""intermolecular_energy"": -7.98, ""internal_energy"": -2.0, ""cluster_size"": 11, ""cluster_id"": 5, ""rank_in_cluster"": 8}",-6.37,0.75,5,O=c1c2ccccc2nc(/C=C\c2cccnc2)n1Cc1ccccc1
649,O=c1c2ccccc2nc(/C=C/c2cccnc2)n1Cc1ccccc1,oracle,autodockgpu,-7.35,energy,10.145410304968605,10.145410304968605,"{""free_energy"": -7.08, ""intermolecular_energy"": -8.57, ""internal_energy"": -1.47, ""cluster_size"": 21, ""cluster_id"": 3, ""rank_in_cluster"": 9}",-6.71,0.0,6,O=c1c2ccccc2nc(/C=C\c2cccnc2)n1Cc1ccccc1
650,NC(=O)c1ccc2cc(C(=O)N3C[C@]4(CCN(C5CCNC5)C4)c4ccccc43)[nH]c2c1,oracle,autodockgpu,-9.39,energy,6.9176145408990175,6.9176145408990175,"{""free_energy"": -8.42, ""intermolecular_energy"": -9.61, ""internal_energy"": -1.24, ""cluster_size"": 39, ""cluster_id"": 1, ""rank_in_cluster"": 38}",-9.39,0.0,1,NC(=O)c1ccc2cc(C(=O)N3C[C@]4(CCN([C@@H]5CCNC5)C4)c4ccccc43)[nH]c2c1
651,NC(=O)c1ccc2cc(C(=O)N3C[C@]4(CCN(C5CCNC5)C4)c4ccccc43)[nH]c2c1,oracle,autodockgpu,-9.39,energy,6.769293663616191,6.769293663616191,"{""free_energy"": -8.41, ""intermolecular_energy"": -9.6, ""internal_energy"": -1.25, ""cluster_size"": 1, ""cluster_id"": 3, ""rank_in_cluster"": 1}",-9.37,0.04,1,NC(=O)c1ccc2cc(C(=O)N3C[C@]4(CCN([C@@H]5CCNC5)C4)c4ccccc43)[nH]c2c1
652,NC(=O)c1ccc2cc(C(=O)N3C[C@]4(CCN(C5CCNC5)C4)c4ccccc43)[nH]c2c1,oracle,autodockgpu,-9.39,energy,7.2117106039641925,7.2117106039641925,"{""free_energy"": -9.36, ""intermolecular_energy"": -10.55, ""internal_energy"": -1.24, ""cluster_size"": 39, ""cluster_id"": 1, ""rank_in_cluster"": 4}",-9.36,0.9,1,NC(=O)c1ccc2cc(C(=O)N3C[C@]4(CCN([C@@H]5CCNC5)C4)c4ccccc43)[nH]c2c1
653,NC(=O)c1ccc2cc(C(=O)N3C[C@]4(CCN(C5CCNC5)C4)c4ccccc43)[nH]c2c1,oracle,autodockgpu,-9.39,energy,6.729333231037901,6.729333231037901,"{""free_energy"": -9.08, ""intermolecular_energy"": -10.27, ""internal_energy"": -1.22, ""cluster_size"": 39, ""cluster_id"": 1, ""rank_in_cluster"": 20}",-9.36,0.9,1,NC(=O)c1ccc2cc(C(=O)N3C[C@]4(CCN([C@@H]5CCNC5)C4)c4ccccc43)[nH]c2c1
654,NC(=O)c1ccc2cc(C(=O)N3C[C@]4(CCN(C5CCNC5)C4)c4ccccc43)[nH]c2c1,oracle,autodockgpu,-9.39,energy,6.59353308578911,6.59353308578911,"{""free_energy"": -9.05, ""intermolecular_energy"": -10.24, ""internal_energy"": -1.21, ""cluster_size"": 39, ""cluster_id"": 1, ""rank_in_cluster"": 22}",-9.34,0.91,1,NC(=O)c1ccc2cc(C(=O)N3C[C@]4(CCN([C@@H]5CCNC5)C4)c4ccccc43)[nH]c2c1
655,NC(=O)c1ccc2cc(C(=O)N3C[C@]4(CCN(C5CCNC5)C4)c4ccccc43)[nH]c2c1,oracle,autodockgpu,-9.39,energy,6.364664168166247,6.364664168166247,"{""free_energy"": -8.37, ""intermolecular_energy"": -9.57, ""internal_energy"": -1.37, ""cluster_size"": 4, ""cluster_id"": 5, ""rank_in_cluster"": 1}",-9.33,0.06,1,NC(=O)c1ccc2cc(C(=O)N3C[C@]4(CCN([C@@H]5CCNC5)C4)c4ccccc43)[nH]c2c1
656,NC(=O)c1ccc2cc(C(=O)N3C[C@]4(CCN(C5CCNC5)C4)c4ccccc43)[nH]c2c1,oracle,autodockgpu,-9.39,energy,6.548788793234125,6.548788793234125,"{""free_energy"": -8.84, ""intermolecular_energy"": -10.03, ""internal_energy"": -1.19, ""cluster_size"": 3, ""cluster_id"": 2, ""rank_in_cluster"": 2}",-9.33,0.92,1,NC(=O)c1ccc2cc(C(=O)N3C[C@]4(CCN([C@@H]5CCNC5)C4)c4ccccc43)[nH]c2c1
657,NC(=O)c1ccc2cc(C(=O)N3C[C@]4(CCN(C5CCNC5)C4)c4ccccc43)[nH]c2c1,oracle,autodockgpu,-9.39,energy,6.681144447691962,6.681144447691962,"{""free_energy"": -9.11, ""intermolecular_energy"": -10.3, ""internal_energy"": -1.21, ""cluster_size"": 39, ""cluster_id"": 1, ""rank_in_cluster"": 18}",-9.3,0.91,1,NC(=O)c1ccc2cc(C(=O)N3C[C@]4(CCN([C@@H]5CCNC5)C4)c4ccccc43)[nH]c2c1
658,NC(=O)c1ccc2cc(C(=O)N3C[C@]4(CCN(C5CCNC5)C4)c4ccccc43)[nH]c2c1,oracle,autodockgpu,-9.39,energy,6.743815268076539,6.743815268076539,"{""free_energy"": -8.73, ""intermolecular_energy"": -9.93, ""internal_energy"": -1.17, ""cluster_size"": 39, ""cluster_id"": 1, ""rank_in_cluster"": 29}",-9.27,0.91,1,NC(=O)c1ccc2cc(C(=O)N3C[C@]4(CCN([C@@H]5CCNC5)C4)c4ccccc43)[nH]c2c1
659,NC(=O)c1ccc2cc(C(=O)N3C[C@]4(CCN(C5CCNC5)C4)c4ccccc43)[nH]c2c1,oracle,autodockgpu,-9.39,energy,7.035190998800421,7.035190998800421,"{""free_energy"": -8.63, ""intermolecular_energy"": -9.82, ""internal_energy"": -1.22, ""cluster_size"": 39, ""cluster_id"": 1, ""rank_in_cluster"": 33}",-9.26,0.91,1,NC(=O)c1ccc2cc(C(=O)N3C[C@]4(CCN([C@@H]5CCNC5)C4)c4ccccc43)[nH]c2c1
660,NC(=O)c1ccc2cc(C(=O)N3C[C@]4(CCN(C5CCNC5)C4)c4ccccc43)[nH]c2c1,oracle,autodockgpu,-9.39,energy,6.777298255326776,6.777298255326776,"{""free_energy"": -9.39, ""intermolecular_energy"": -10.58, ""internal_energy"": -1.22, ""cluster_size"": 39, ""cluster_id"": 1, ""rank_in_cluster"": 1}",-9.23,0.92,1,NC(=O)c1ccc2cc(C(=O)N3C[C@]4(CCN([C@@H]5CCNC5)C4)c4ccccc43)[nH]c2c1
661,NC(=O)c1ccc2cc(C(=O)N3C[C@]4(CCN(C5CCNC5)C4)c4ccccc43)[nH]c2c1,oracle,autodockgpu,-9.39,energy,7.249094081650954,7.249094081650954,"{""free_energy"": -9.22, ""intermolecular_energy"": -10.41, ""internal_energy"": -1.23, ""cluster_size"": 39, ""cluster_id"": 1, ""rank_in_cluster"": 12}",-9.22,0.94,1,NC(=O)c1ccc2cc(C(=O)N3C[C@]4(CCN([C@@H]5CCNC5)C4)c4ccccc43)[nH]c2c1
662,NC(=O)c1ccc2cc(C(=O)N3C[C@]4(CCN(C5CCNC5)C4)c4ccccc43)[nH]c2c1,oracle,autodockgpu,-9.39,energy,6.713565500054237,6.713565500054237,"{""free_energy"": -9.16, ""intermolecular_energy"": -10.35, ""internal_energy"": -1.22, ""cluster_size"": 39, ""cluster_id"": 1, ""rank_in_cluster"": 16}",-9.21,0.9,1,NC(=O)c1ccc2cc(C(=O)N3C[C@]4(CCN([C@@H]5CCNC5)C4)c4ccccc43)[nH]c2c1
663,NC(=O)c1ccc2cc(C(=O)N3C[C@]4(CCN(C5CCNC5)C4)c4ccccc43)[nH]c2c1,oracle,autodockgpu,-9.39,energy,6.907599784475804,6.907599784475804,"{""free_energy"": -8.54, ""intermolecular_energy"": -9.73, ""internal_energy"": -1.24, ""cluster_size"": 39, ""cluster_id"": 1, ""rank_in_cluster"": 36}",-9.19,0.62,1,NC(=O)c1ccc2cc(C(=O)N3C[C@]4(CCN([C@@H]5CCNC5)C4)c4ccccc43)[nH]c2c1
664,NC(=O)c1ccc2cc(C(=O)N3C[C@]4(CCN(C5CCNC5)C4)c4ccccc43)[nH]c2c1,oracle,autodockgpu,-9.39,energy,6.855044273769996,6.855044273769996,"{""free_energy"": -9.03, ""intermolecular_energy"": -10.22, ""internal_energy"": -1.2, ""cluster_size"": 39, ""cluster_id"": 1, ""rank_in_cluster"": 23}",-9.17,0.91,1,NC(=O)c1ccc2cc(C(=O)N3C[C@]4(CCN([C@@H]5CCNC5)C4)c4ccccc43)[nH]c2c1
665,NC(=O)c1ccc2cc(C(=O)N3C[C@]4(CCN(C5CCNC5)C4)c4ccccc43)[nH]c2c1,oracle,autodockgpu,-9.39,energy,6.637513992107572,6.637513992107572,"{""free_energy"": -9.0, ""intermolecular_energy"": -10.19, ""internal_energy"": -1.11, ""cluster_size"": 39, ""cluster_id"": 1, ""rank_in_cluster"": 26}",-9.16,0.26,1,NC(=O)c1ccc2cc(C(=O)N3C[C@]4(CCN([C@@H]5CCNC5)C4)c4ccccc43)[nH]c2c1
666,NC(=O)c1ccc2cc(C(=O)N3C[C@]4(CCN(C5CCNC5)C4)c4ccccc43)[nH]c2c1,oracle,autodockgpu,-9.39,energy,6.893564568306567,6.893564568306567,"{""free_energy"": -9.19, ""intermolecular_energy"": -10.38, ""internal_energy"": -1.18, ""cluster_size"": 39, ""cluster_id"": 1, ""rank_in_cluster"": 14}",-9.14,0.92,1,NC(=O)c1ccc2cc(C(=O)N3C[C@]4(CCN([C@@H]5CCNC5)C4)c4ccccc43)[nH]c2c1
667,NC(=O)c1ccc2cc(C(=O)N3C[C@]4(CCN(C5CCNC5)C4)c4ccccc43)[nH]c2c1,oracle,autodockgpu,-9.39,energy,6.688627879556549,6.688627879556549,"{""free_energy"": -9.1, ""intermolecular_energy"": -10.29, ""internal_energy"": -1.2, ""cluster_size"": 39, ""cluster_id"": 1, ""rank_in_cluster"": 19}",-9.11,0.33,1,NC(=O)c1ccc2cc(C(=O)N3C[C@]4(CCN([C@@H]5CCNC5)C4)c4ccccc43)[nH]c2c1
668,NC(=O)c1ccc2cc(C(=O)N3C[C@]4(CCN(C5CCNC5)C4)c4ccccc43)[nH]c2c1,oracle,autodockgpu,-9.39,energy,7.142312855854188,7.142312855854188,"{""free_energy"": -9.0, ""intermolecular_energy"": -10.2, ""internal_energy"": -1.25, ""cluster_size"": 39, ""cluster_id"": 1, ""rank_in_cluster"": 24}",-9.1,0.42,1,NC(=O)c1ccc2cc(C(=O)N3C[C@]4(CCN([C@@H]5CCNC5)C4)c4ccccc43)[nH]c2c1
669,NC(=O)c1ccc2cc(C(=O)N3C[C@]4(CCN(C5CCNC5)C4)c4ccccc43)[nH]c2c1,oracle,autodockgpu,-9.39,energy,6.586028590840002,6.586028590840002,"{""free_energy"": -7.66, ""intermolecular_energy"": -8.85, ""internal_energy"": -1.4, ""cluster_size"": 1, ""cluster_id"": 7, ""rank_in_cluster"": 1}",-9.08,0.35,1,NC(=O)c1ccc2cc(C(=O)N3C[C@]4(CCN([C@@H]5CCNC5)C4)c4ccccc43)[nH]c2c1
670,NC(=O)c1ccc2cc(C(=O)N3C[C@]4(CCN(C5CCNC5)C4)c4ccccc43)[nH]c2c1,oracle,autodockgpu,-9.39,energy,6.8365080490224015,6.8365080490224015,"{""free_energy"": -8.66, ""intermolecular_energy"": -9.85, ""internal_energy"": -1.19, ""cluster_size"": 39, ""cluster_id"": 1, ""rank_in_cluster"": 32}",-9.07,0.93,1,NC(=O)c1ccc2cc(C(=O)N3C[C@]4(CCN([C@@H]5CCNC5)C4)c4ccccc43)[nH]c2c1
671,NC(=O)c1ccc2cc(C(=O)N3C[C@]4(CCN(C5CCNC5)C4)c4ccccc43)[nH]c2c1,oracle,autodockgpu,-9.39,energy,7.182567492482077,7.182567492482077,"{""free_energy"": -9.3, ""intermolecular_energy"": -10.49, ""internal_energy"": -1.25, ""cluster_size"": 39, ""cluster_id"": 1, ""rank_in_cluster"": 8}",-9.05,0.52,1,NC(=O)c1ccc2cc(C(=O)N3C[C@]4(CCN([C@@H]5CCNC5)C4)c4ccccc43)[nH]c2c1
672,NC(=O)c1ccc2cc(C(=O)N3C[C@]4(CCN(C5CCNC5)C4)c4ccccc43)[nH]c2c1,oracle,autodockgpu,-9.39,energy,6.8878078307570085,6.8878078307570085,"{""free_energy"": -8.62, ""intermolecular_energy"": -9.81, ""internal_energy"": -1.1, ""cluster_size"": 39, ""cluster_id"": 1, ""rank_in_cluster"": 34}",-9.03,0.58,1,NC(=O)c1ccc2cc(C(=O)N3C[C@]4(CCN([C@@H]5CCNC5)C4)c4ccccc43)[nH]c2c1
673,NC(=O)c1ccc2cc(C(=O)N3C[C@]4(CCN(C5CCNC5)C4)c4ccccc43)[nH]c2c1,oracle,autodockgpu,-9.39,energy,6.758992291739291,6.758992291739291,"{""free_energy"": -9.37, ""intermolecular_energy"": -10.56, ""internal_energy"": -1.22, ""cluster_size"": 39, ""cluster_id"": 1, ""rank_in_cluster"": 2}",-9.0,0.92,1,NC(=O)c1ccc2cc(C(=O)N3C[C@]4(CCN([C@@H]5CCNC5)C4)c4ccccc43)[nH]c2c1
674,NC(=O)c1ccc2cc(C(=O)N3C[C@]4(CCN(C5CCNC5)C4)c4ccccc43)[nH]c2c1,oracle,autodockgpu,-9.39,energy,9.474416680998411,9.474416680998411,"{""free_energy"": -8.4, ""intermolecular_energy"": -9.59, ""internal_energy"": -1.28, ""cluster_size"": 1, ""cluster_id"": 4, ""rank_in_cluster"": 1}",-9.0,0.44,1,NC(=O)c1ccc2cc(C(=O)N3C[C@]4(CCN([C@@H]5CCNC5)C4)c4ccccc43)[nH]c2c1
675,NC(=O)c1ccc2cc(C(=O)N3C[C@]4(CCN(C5CCNC5)C4)c4ccccc43)[nH]c2c1,oracle,autodockgpu,-9.39,energy,7.212382409648371,7.212382409648371,"{""free_energy"": -9.21, ""intermolecular_energy"": -10.4, ""internal_energy"": -1.23, ""cluster_size"": 39, ""cluster_id"": 1, ""rank_in_cluster"": 13}",-9.0,0.72,1,NC(=O)c1ccc2cc(C(=O)N3C[C@]4(CCN([C@@H]5CCNC5)C4)c4ccccc43)[nH]c2c1
676,NC(=O)c1ccc2cc(C(=O)N3C[C@]4(CCN(C5CCNC5)C4)c4ccccc43)[nH]c2c1,oracle,autodockgpu,-9.39,energy,7.154482089377426,7.154482089377426,"{""free_energy"": -9.07, ""intermolecular_energy"": -10.26, ""internal_energy"": -1.24, ""cluster_size"": 39, ""cluster_id"": 1, ""rank_in_cluster"": 21}",-9.0,0.63,1,NC(=O)c1ccc2cc(C(=O)N3C[C@]4(CCN([C@@H]5CCNC5)C4)c4ccccc43)[nH]c2c1
677,NC(=O)c1ccc2cc(C(=O)N3C[C@]4(CCN(C5CCNC5)C4)c4ccccc43)[nH]c2c1,oracle,autodockgpu,-9.39,energy,7.2185668151350555,7.2185668151350555,"{""free_energy"": -9.27, ""intermolecular_energy"": -10.46, ""internal_energy"": -1.23, ""cluster_size"": 39, ""cluster_id"": 1, ""rank_in_cluster"": 9}",-8.97,0.51,1,NC(=O)c1ccc2cc(C(=O)N3C[C@]4(CCN([C@@H]5CCNC5)C4)c4ccccc43)[nH]c2c1
678,NC(=O)c1ccc2cc(C(=O)N3C[C@]4(CCN(C5CCNC5)C4)c4ccccc43)[nH]c2c1,oracle,autodockgpu,-9.39,energy,6.280231333085677,6.280231333085677,"{""free_energy"": -8.62, ""intermolecular_energy"": -9.82, ""internal_energy"": -1.24, ""cluster_size"": 3, ""cluster_id"": 2, ""rank_in_cluster"": 3}",-8.73,0.77,1,NC(=O)c1ccc2cc(C(=O)N3C[C@]4(CCN([C@@H]5CCNC5)C4)c4ccccc43)[nH]c2c1
679,NC(=O)c1ccc2cc(C(=O)N3C[C@]4(CCN(C5CCNC5)C4)c4ccccc43)[nH]c2c1,oracle,autodockgpu,-9.39,energy,6.995046898754742,6.995046898754742,"{""free_energy"": -8.61, ""intermolecular_energy"": -9.81, ""internal_energy"": -1.23, ""cluster_size"": 39, ""cluster_id"": 1, ""rank_in_cluster"": 35}",-8.72,0.73,1,NC(=O)c1ccc2cc(C(=O)N3C[C@]4(CCN([C@@H]5CCNC5)C4)c4ccccc43)[nH]c2c1
680,NC(=O)c1ccc2cc(C(=O)N3C[C@]4(CCN(C5CCNC5)C4)c4ccccc43)[nH]c2c1,oracle,autodockgpu,-9.39,energy,7.149461164845366,7.149461164845366,"{""free_energy"": -9.17, ""intermolecular_energy"": -10.37, ""internal_energy"": -1.25, ""cluster_size"": 39, ""cluster_id"": 1, ""rank_in_cluster"": 15}",-8.71,0.96,1,NC(=O)c1ccc2cc(C(=O)N3C[C@]4(CCN([C@@H]5CCNC5)C4)c4ccccc43)[nH]c2c1
681,NC(=O)c1ccc2cc(C(=O)N3C[C@]4(CCN(C5CCNC5)C4)c4ccccc43)[nH]c2c1,oracle,autodockgpu,-9.39,energy,6.533194571205994,6.533194571205994,"{""free_energy"": -8.85, ""intermolecular_energy"": -10.04, ""internal_energy"": -1.2, ""cluster_size"": 3, ""cluster_id"": 2, ""rank_in_cluster"": 1}",-8.66,0.95,1,NC(=O)c1ccc2cc(C(=O)N3C[C@]4(CCN([C@@H]5CCNC5)C4)c4ccccc43)[nH]c2c1
682,NC(=O)c1ccc2cc(C(=O)N3C[C@]4(CCN(C5CCNC5)C4)c4ccccc43)[nH]c2c1,oracle,autodockgpu,-9.39,energy,7.222579876536541,7.222579876536541,"{""free_energy"": -9.36, ""intermolecular_energy"": -10.56, ""internal_energy"": -1.23, ""cluster_size"": 39, ""cluster_id"": 1, ""rank_in_cluster"": 3}",-8.63,1.14,1,NC(=O)c1ccc2cc(C(=O)N3C[C@]4(CCN([C@@H]5CCNC5)C4)c4ccccc43)[nH]c2c1
683,NC(=O)c1ccc2cc(C(=O)N3C[C@]4(CCN(C5CCNC5)C4)c4ccccc43)[nH]c2c1,oracle,autodockgpu,-9.39,energy,7.163572714879704,7.163572714879704,"{""free_energy"": -9.26, ""intermolecular_energy"": -10.45, ""internal_energy"": -1.25, ""cluster_size"": 39, ""cluster_id"": 1, ""rank_in_cluster"": 10}",-8.62,0.9,1,NC(=O)c1ccc2cc(C(=O)N3C[C@]4(CCN([C@@H]5CCNC5)C4)c4ccccc43)[nH]c2c1
684,NC(=O)c1ccc2cc(C(=O)N3C[C@]4(CCN(C5CCNC5)C4)c4ccccc43)[nH]c2c1,oracle,autodockgpu,-9.39,energy,7.222155650551748,7.222155650551748,"{""free_energy"": -9.34, ""intermolecular_energy"": -10.53, ""internal_energy"": -1.23, ""cluster_size"": 39, ""cluster_id"": 1, ""rank_in_cluster"": 5}",-8.61,1.17,1,NC(=O)c1ccc2cc(C(=O)N3C[C@]4(CCN([C@@H]5CCNC5)C4)c4ccccc43)[nH]c2c1
685,NC(=O)c1ccc2cc(C(=O)N3C[C@]4(CCN(C5CCNC5)C4)c4ccccc43)[nH]c2c1,oracle,autodockgpu,-9.39,energy,6.343189081165585,6.343189081165585,"{""free_energy"": -8.37, ""intermolecular_energy"": -9.56, ""internal_energy"": -1.37, ""cluster_size"": 4, ""cluster_id"": 5, ""rank_in_cluster"": 2}",-8.54,1.2,1,NC(=O)c1ccc2cc(C(=O)N3C[C@]4(CCN([C@@H]5CCNC5)C4)c4ccccc43)[nH]c2c1
686,NC(=O)c1ccc2cc(C(=O)N3C[C@]4(CCN(C5CCNC5)C4)c4ccccc43)[nH]c2c1,oracle,autodockgpu,-9.39,energy,7.096103651885009,7.096103651885009,"{""free_energy"": -8.71, ""intermolecular_energy"": -9.9, ""internal_energy"": -1.26, ""cluster_size"": 39, ""cluster_id"": 1, ""rank_in_cluster"": 31}",-8.49,1.61,1,NC(=O)c1ccc2cc(C(=O)N3C[C@]4(CCN([C@@H]5CCNC5)C4)c4ccccc43)[nH]c2c1
687,NC(=O)c1ccc2cc(C(=O)N3C[C@]4(CCN(C5CCNC5)C4)c4ccccc43)[nH]c2c1,oracle,autodockgpu,-9.39,energy,7.253544706494798,7.253544706494798,"{""free_energy"": -9.33, ""intermolecular_energy"": -10.52, ""internal_energy"": -1.22, ""cluster_size"": 39, ""cluster_id"": 1, ""rank_in_cluster"": 7}",-8.42,1.28,1,NC(=O)c1ccc2cc(C(=O)N3C[C@]4(CCN([C@@H]5CCNC5)C4)c4ccccc43)[nH]c2c1
688,NC(=O)c1ccc2cc(C(=O)N3C[C@]4(CCN(C5CCNC5)C4)c4ccccc43)[nH]c2c1,oracle,autodockgpu,-9.39,energy,6.832665204331557,6.832665204331557,"{""free_energy"": -8.42, ""intermolecular_energy"": -9.61, ""internal_energy"": -1.17, ""cluster_size"": 39, ""cluster_id"": 1, ""rank_in_cluster"": 39}",-8.42,1.3,1,NC(=O)c1ccc2cc(C(=O)N3C[C@]4(CCN([C@@H]5CCNC5)C4)c4ccccc43)[nH]c2c1
689,NC(=O)c1ccc2cc(C(=O)N3C[C@]4(CCN(C5CCNC5)C4)c4ccccc43)[nH]c2c1,oracle,autodockgpu,-9.39,energy,6.82211604263152,6.82211604263152,"{""free_energy"": -9.0, ""intermolecular_energy"": -10.19, ""internal_energy"": -1.2, ""cluster_size"": 39, ""cluster_id"": 1, ""rank_in_cluster"": 27}",-8.85,0.0,2,NC(=O)c1ccc2cc(C(=O)N3C[C@]4(CCN([C@@H]5CCNC5)C4)c4ccccc43)[nH]c2c1
690,NC(=O)c1ccc2cc(C(=O)N3C[C@]4(CCN(C5CCNC5)C4)c4ccccc43)[nH]c2c1,oracle,autodockgpu,-9.39,energy,2.1641788427213227,2.1641788427213227,"{""free_energy"": -8.25, ""intermolecular_energy"": -9.44, ""internal_energy"": -1.15, ""cluster_size"": 1, ""cluster_id"": 6, ""rank_in_cluster"": 1}",-8.84,0.15,2,NC(=O)c1ccc2cc(C(=O)N3C[C@]4(CCN([C@@H]5CCNC5)C4)c4ccccc43)[nH]c2c1
691,NC(=O)c1ccc2cc(C(=O)N3C[C@]4(CCN(C5CCNC5)C4)c4ccccc43)[nH]c2c1,oracle,autodockgpu,-9.39,energy,7.1544137191423305,7.1544137191423305,"{""free_energy"": -9.23, ""intermolecular_energy"": -10.42, ""internal_energy"": -1.25, ""cluster_size"": 39, ""cluster_id"": 1, ""rank_in_cluster"": 11}",-8.62,0.39,2,NC(=O)c1ccc2cc(C(=O)N3C[C@]4(CCN([C@@H]5CCNC5)C4)c4ccccc43)[nH]c2c1
692,NC(=O)c1ccc2cc(C(=O)N3C[C@]4(CCN(C5CCNC5)C4)c4ccccc43)[nH]c2c1,oracle,autodockgpu,-9.39,energy,7.120322304348277,7.120322304348277,"{""free_energy"": -9.14, ""intermolecular_energy"": -10.33, ""internal_energy"": -1.26, ""cluster_size"": 39, ""cluster_id"": 1, ""rank_in_cluster"": 17}",-8.41,0.0,3,NC(=O)c1ccc2cc(C(=O)N3C[C@]4(CCN([C@@H]5CCNC5)C4)c4ccccc43)[nH]c2c1
693,NC(=O)c1ccc2cc(C(=O)N3C[C@]4(CCN(C5CCNC5)C4)c4ccccc43)[nH]c2c1,oracle,autodockgpu,-9.39,energy,7.336227115735375,7.336227115735375,"{""free_energy"": -8.49, ""intermolecular_energy"": -9.68, ""internal_energy"": -1.19, ""cluster_size"": 39, ""cluster_id"": 1, ""rank_in_cluster"": 37}",-8.4,0.0,4,NC(=O)c1ccc2cc(C(=O)N3C[C@]4(CCN([C@@H]5CCNC5)C4)c4ccccc43)[nH]c2c1
694,NC(=O)c1ccc2cc(C(=O)N3C[C@]4(CCN(C5CCNC5)C4)c4ccccc43)[nH]c2c1,oracle,autodockgpu,-9.39,energy,6.239306164135113,6.239306164135113,"{""free_energy"": -8.06, ""intermolecular_energy"": -9.25, ""internal_energy"": -1.45, ""cluster_size"": 4, ""cluster_id"": 5, ""rank_in_cluster"": 4}",-8.37,0.0,5,NC(=O)c1ccc2cc(C(=O)N3C[C@]4(CCN([C@@H]5CCNC5)C4)c4ccccc43)[nH]c2c1
695,NC(=O)c1ccc2cc(C(=O)N3C[C@]4(CCN(C5CCNC5)C4)c4ccccc43)[nH]c2c1,oracle,autodockgpu,-9.39,energy,6.339081935939947,6.339081935939947,"{""free_energy"": -8.36, ""intermolecular_energy"": -9.55, ""internal_energy"": -1.37, ""cluster_size"": 4, ""cluster_id"": 5, ""rank_in_cluster"": 3}",-8.37,0.11,5,NC(=O)c1ccc2cc(C(=O)N3C[C@]4(CCN([C@@H]5CCNC5)C4)c4ccccc43)[nH]c2c1
696,NC(=O)c1ccc2cc(C(=O)N3C[C@]4(CCN(C5CCNC5)C4)c4ccccc43)[nH]c2c1,oracle,autodockgpu,-9.39,energy,6.797481932441188,6.797481932441188,"{""free_energy"": -8.97, ""intermolecular_energy"": -10.16, ""internal_energy"": -1.21, ""cluster_size"": 39, ""cluster_id"": 1, ""rank_in_cluster"": 28}",-8.36,0.14,5,NC(=O)c1ccc2cc(C(=O)N3C[C@]4(CCN([C@@H]5CCNC5)C4)c4ccccc43)[nH]c2c1
697,NC(=O)c1ccc2cc(C(=O)N3C[C@]4(CCN(C5CCNC5)C4)c4ccccc43)[nH]c2c1,oracle,autodockgpu,-9.39,energy,6.7602837273049365,6.7602837273049365,"{""free_energy"": -9.33, ""intermolecular_energy"": -10.53, ""internal_energy"": -1.23, ""cluster_size"": 39, ""cluster_id"": 1, ""rank_in_cluster"": 6}",-8.06,1.0,5,NC(=O)c1ccc2cc(C(=O)N3C[C@]4(CCN([C@@H]5CCNC5)C4)c4ccccc43)[nH]c2c1
698,NC(=O)c1ccc2cc(C(=O)N3C[C@]4(CCN(C5CCNC5)C4)c4ccccc43)[nH]c2c1,oracle,autodockgpu,-9.39,energy,6.875105731375535,6.875105731375535,"{""free_energy"": -8.72, ""intermolecular_energy"": -9.91, ""internal_energy"": -1.18, ""cluster_size"": 39, ""cluster_id"": 1, ""rank_in_cluster"": 30}",-8.25,0.0,6,NC(=O)c1ccc2cc(C(=O)N3C[C@]4(CCN([C@@H]5CCNC5)C4)c4ccccc43)[nH]c2c1
699,NC(=O)c1ccc2cc(C(=O)N3C[C@]4(CCN(C5CCNC5)C4)c4ccccc43)[nH]c2c1,oracle,autodockgpu,-9.39,energy,6.8404565521804255,6.8404565521804255,"{""free_energy"": -9.0, ""intermolecular_energy"": -10.2, ""internal_energy"": -1.2, ""cluster_size"": 39, ""cluster_id"": 1, ""rank_in_cluster"": 25}",-7.66,0.0,7,NC(=O)c1ccc2cc(C(=O)N3C[C@]4(CCN([C@@H]5CCNC5)C4)c4ccccc43)[nH]c2c1
700,NC(=O)c1ccc2cc(C(=O)N3C[C@]4(CCN(C5CCNC5)C4)c4ccccc43)[nH]c2c1,oracle,autodockgpu,-8.85,energy,2.4790359294948,2.4790359294948,"{""free_energy"": -8.0, ""intermolecular_energy"": -9.2, ""internal_energy"": -1.14, ""cluster_size"": 1, ""cluster_id"": 4, ""rank_in_cluster"": 1}",-8.85,0.0,1,NC(=O)c1ccc2cc(C(=O)N3C[C@]4(CCN([C@H]5CCNC5)C4)c4ccccc43)[nH]c2c1
701,NC(=O)c1ccc2cc(C(=O)N3C[C@]4(CCN(C5CCNC5)C4)c4ccccc43)[nH]c2c1,oracle,autodockgpu,-8.85,energy,3.2318043818820485,3.2318043818820485,"{""free_energy"": -8.46, ""intermolecular_energy"": -9.65, ""internal_energy"": -1.25, ""cluster_size"": 15, ""cluster_id"": 3, ""rank_in_cluster"": 8}",-8.84,0.18,1,NC(=O)c1ccc2cc(C(=O)N3C[C@]4(CCN([C@H]5CCNC5)C4)c4ccccc43)[nH]c2c1
702,NC(=O)c1ccc2cc(C(=O)N3C[C@]4(CCN(C5CCNC5)C4)c4ccccc43)[nH]c2c1,oracle,autodockgpu,-8.85,energy,3.1153133038007472,3.1153133038007472,"{""free_energy"": -8.32, ""intermolecular_energy"": -9.51, ""internal_energy"": -1.3, ""cluster_size"": 15, ""cluster_id"": 3, ""rank_in_cluster"": 12}",-8.8,0.19,1,NC(=O)c1ccc2cc(C(=O)N3C[C@]4(CCN([C@H]5CCNC5)C4)c4ccccc43)[nH]c2c1
703,NC(=O)c1ccc2cc(C(=O)N3C[C@]4(CCN(C5CCNC5)C4)c4ccccc43)[nH]c2c1,oracle,autodockgpu,-8.85,energy,7.365910705641573,7.365910705641573,"{""free_energy"": -8.69, ""intermolecular_energy"": -9.89, ""internal_energy"": -1.1, ""cluster_size"": 23, ""cluster_id"": 2, ""rank_in_cluster"": 13}",-8.66,0.83,1,NC(=O)c1ccc2cc(C(=O)N3C[C@]4(CCN([C@H]5CCNC5)C4)c4ccccc43)[nH]c2c1
704,NC(=O)c1ccc2cc(C(=O)N3C[C@]4(CCN(C5CCNC5)C4)c4ccccc43)[nH]c2c1,oracle,autodockgpu,-8.85,energy,7.01540469618521,7.01540469618521,"{""free_energy"": -8.79, ""intermolecular_energy"": -9.98, ""internal_energy"": -1.16, ""cluster_size"": 23, ""cluster_id"": 2, ""rank_in_cluster"": 4}",-8.62,0.83,1,NC(=O)c1ccc2cc(C(=O)N3C[C@]4(CCN([C@H]5CCNC5)C4)c4ccccc43)[nH]c2c1
705,NC(=O)c1ccc2cc(C(=O)N3C[C@]4(CCN(C5CCNC5)C4)c4ccccc43)[nH]c2c1,oracle,autodockgpu,-8.85,energy,3.269815758225233,3.269815758225233,"{""free_energy"": -8.55, ""intermolecular_energy"": -9.74, ""internal_energy"": -1.28, ""cluster_size"": 15, ""cluster_id"": 3, ""rank_in_cluster"": 4}",-8.6,0.82,1,NC(=O)c1ccc2cc(C(=O)N3C[C@]4(CCN([C@H]5CCNC5)C4)c4ccccc43)[nH]c2c1
706,NC(=O)c1ccc2cc(C(=O)N3C[C@]4(CCN(C5CCNC5)C4)c4ccccc43)[nH]c2c1,oracle,autodockgpu,-8.85,energy,3.224411646043611,3.224411646043611,"{""free_energy"": -8.45, ""intermolecular_energy"": -9.64, ""internal_energy"": -1.28, ""cluster_size"": 15, ""cluster_id"": 3, ""rank_in_cluster"": 10}",-8.6,0.23,1,NC(=O)c1ccc2cc(C(=O)N3C[C@]4(CCN([C@H]5CCNC5)C4)c4ccccc43)[nH]c2c1
707,NC(=O)c1ccc2cc(C(=O)N3C[C@]4(CCN(C5CCNC5)C4)c4ccccc43)[nH]c2c1,oracle,autodockgpu,-8.85,energy,5.800969037917662,5.800969037917662,"{""free_energy"": -7.79, ""intermolecular_energy"": -8.99, ""internal_energy"": -1.17, ""cluster_size"": 1, ""cluster_id"": 5, ""rank_in_cluster"": 1}",-8.46,0.87,1,NC(=O)c1ccc2cc(C(=O)N3C[C@]4(CCN([C@H]5CCNC5)C4)c4ccccc43)[nH]c2c1
708,NC(=O)c1ccc2cc(C(=O)N3C[C@]4(CCN(C5CCNC5)C4)c4ccccc43)[nH]c2c1,oracle,autodockgpu,-8.85,energy,9.472666192087237,9.472666192087237,"{""free_energy"": -8.35, ""intermolecular_energy"": -9.54, ""internal_energy"": -1.18, ""cluster_size"": 10, ""cluster_id"": 1, ""rank_in_cluster"": 10}",-8.37,0.88,1,NC(=O)c1ccc2cc(C(=O)N3C[C@]4(CCN([C@H]5CCNC5)C4)c4ccccc43)[nH]c2c1
709,NC(=O)c1ccc2cc(C(=O)N3C[C@]4(CCN(C5CCNC5)C4)c4ccccc43)[nH]c2c1,oracle,autodockgpu,-8.85,energy,9.41973517920107,9.41973517920107,"{""free_energy"": -8.46, ""intermolecular_energy"": -9.65, ""internal_energy"": -1.17, ""cluster_size"": 10, ""cluster_id"": 1, ""rank_in_cluster"": 8}",-8.35,1.17,1,NC(=O)c1ccc2cc(C(=O)N3C[C@]4(CCN([C@H]5CCNC5)C4)c4ccccc43)[nH]c2c1
710,NC(=O)c1ccc2cc(C(=O)N3C[C@]4(CCN(C5CCNC5)C4)c4ccccc43)[nH]c2c1,oracle,autodockgpu,-8.85,energy,9.419389681072678,9.419389681072678,"{""free_energy"": -8.6, ""intermolecular_energy"": -9.79, ""internal_energy"": -1.16, ""cluster_size"": 10, ""cluster_id"": 1, ""rank_in_cluster"": 6}",-8.82,0.0,2,NC(=O)c1ccc2cc(C(=O)N3C[C@]4(CCN([C@H]5CCNC5)C4)c4ccccc43)[nH]c2c1
711,NC(=O)c1ccc2cc(C(=O)N3C[C@]4(CCN(C5CCNC5)C4)c4ccccc43)[nH]c2c1,oracle,autodockgpu,-8.85,energy,2.9401106151719976,2.9401106151719976,"{""free_energy"": -8.26, ""intermolecular_energy"": -9.45, ""internal_energy"": -1.21, ""cluster_size"": 15, ""cluster_id"": 3, ""rank_in_cluster"": 15}",-8.8,0.05,2,NC(=O)c1ccc2cc(C(=O)N3C[C@]4(CCN([C@H]5CCNC5)C4)c4ccccc43)[nH]c2c1
712,NC(=O)c1ccc2cc(C(=O)N3C[C@]4(CCN(C5CCNC5)C4)c4ccccc43)[nH]c2c1,oracle,autodockgpu,-8.85,energy,7.069394549434948,7.069394549434948,"{""free_energy"": -8.79, ""intermolecular_energy"": -9.98, ""internal_energy"": -1.15, ""cluster_size"": 23, ""cluster_id"": 2, ""rank_in_cluster"": 3}",-8.79,1.42,2,NC(=O)c1ccc2cc(C(=O)N3C[C@]4(CCN([C@H]5CCNC5)C4)c4ccccc43)[nH]c2c1
713,NC(=O)c1ccc2cc(C(=O)N3C[C@]4(CCN(C5CCNC5)C4)c4ccccc43)[nH]c2c1,oracle,autodockgpu,-8.85,energy,7.089814978243573,7.089814978243573,"{""free_energy"": -8.82, ""intermolecular_energy"": -10.01, ""internal_energy"": -1.16, ""cluster_size"": 23, ""cluster_id"": 2, ""rank_in_cluster"": 1}",-8.79,1.4,2,NC(=O)c1ccc2cc(C(=O)N3C[C@]4(CCN([C@H]5CCNC5)C4)c4ccccc43)[nH]c2c1
714,NC(=O)c1ccc2cc(C(=O)N3C[C@]4(CCN(C5CCNC5)C4)c4ccccc43)[nH]c2c1,oracle,autodockgpu,-8.85,energy,3.2594956282331062,3.2594956282331062,"{""free_energy"": -8.56, ""intermolecular_energy"": -9.75, ""internal_energy"": -1.28, ""cluster_size"": 15, ""cluster_id"": 3, ""rank_in_cluster"": 1}",-8.79,1.41,2,NC(=O)c1ccc2cc(C(=O)N3C[C@]4(CCN([C@H]5CCNC5)C4)c4ccccc43)[nH]c2c1
715,NC(=O)c1ccc2cc(C(=O)N3C[C@]4(CCN(C5CCNC5)C4)c4ccccc43)[nH]c2c1,oracle,autodockgpu,-8.85,energy,6.966306792632917,6.966306792632917,"{""free_energy"": -8.57, ""intermolecular_energy"": -9.76, ""internal_energy"": -1.14, ""cluster_size"": 23, ""cluster_id"": 2, ""rank_in_cluster"": 19}",-8.78,1.39,2,NC(=O)c1ccc2cc(C(=O)N3C[C@]4(CCN([C@H]5CCNC5)C4)c4ccccc43)[nH]c2c1
716,NC(=O)c1ccc2cc(C(=O)N3C[C@]4(CCN(C5CCNC5)C4)c4ccccc43)[nH]c2c1,oracle,autodockgpu,-8.85,energy,3.241723476849416,3.241723476849416,"{""free_energy"": -8.55, ""intermolecular_energy"": -9.74, ""internal_energy"": -1.29, ""cluster_size"": 15, ""cluster_id"": 3, ""rank_in_cluster"": 3}",-8.77,1.38,2,NC(=O)c1ccc2cc(C(=O)N3C[C@]4(CCN([C@H]5CCNC5)C4)c4ccccc43)[nH]c2c1
717,NC(=O)c1ccc2cc(C(=O)N3C[C@]4(CCN(C5CCNC5)C4)c4ccccc43)[nH]c2c1,oracle,autodockgpu,-8.85,energy,7.0541230185118815,7.0541230185118815,"{""free_energy"": -8.64, ""intermolecular_energy"": -9.83, ""internal_energy"": -1.13, ""cluster_size"": 23, ""cluster_id"": 2, ""rank_in_cluster"": 15}",-8.76,0.25,2,NC(=O)c1ccc2cc(C(=O)N3C[C@]4(CCN([C@H]5CCNC5)C4)c4ccccc43)[nH]c2c1
718,NC(=O)c1ccc2cc(C(=O)N3C[C@]4(CCN(C5CCNC5)C4)c4ccccc43)[nH]c2c1,oracle,autodockgpu,-8.85,energy,2.962987036631893,2.962987036631893,"{""free_energy"": -8.27, ""intermolecular_energy"": -9.47, ""internal_energy"": -1.23, ""cluster_size"": 15, ""cluster_id"": 3, ""rank_in_cluster"": 14}",-8.76,1.38,2,NC(=O)c1ccc2cc(C(=O)N3C[C@]4(CCN([C@H]5CCNC5)C4)c4ccccc43)[nH]c2c1
719,NC(=O)c1ccc2cc(C(=O)N3C[C@]4(CCN(C5CCNC5)C4)c4ccccc43)[nH]c2c1,oracle,autodockgpu,-8.85,energy,9.35065628110402,9.35065628110402,"{""free_energy"": -8.66, ""intermolecular_energy"": -9.86, ""internal_energy"": -1.18, ""cluster_size"": 10, ""cluster_id"": 1, ""rank_in_cluster"": 4}",-8.75,0.73,2,NC(=O)c1ccc2cc(C(=O)N3C[C@]4(CCN([C@H]5CCNC5)C4)c4ccccc43)[nH]c2c1
720,NC(=O)c1ccc2cc(C(=O)N3C[C@]4(CCN(C5CCNC5)C4)c4ccccc43)[nH]c2c1,oracle,autodockgpu,-8.85,energy,7.123681717954638,7.123681717954638,"{""free_energy"": -8.6, ""intermolecular_energy"": -9.8, ""internal_energy"": -1.14, ""cluster_size"": 23, ""cluster_id"": 2, ""rank_in_cluster"": 16}",-8.72,0.25,2,NC(=O)c1ccc2cc(C(=O)N3C[C@]4(CCN([C@H]5CCNC5)C4)c4ccccc43)[nH]c2c1
721,NC(=O)c1ccc2cc(C(=O)N3C[C@]4(CCN(C5CCNC5)C4)c4ccccc43)[nH]c2c1,oracle,autodockgpu,-8.85,energy,3.2778516546630763,3.2778516546630763,"{""free_energy"": -8.45, ""intermolecular_energy"": -9.64, ""internal_energy"": -1.29, ""cluster_size"": 15, ""cluster_id"": 3, ""rank_in_cluster"": 9}",-8.72,0.41,2,NC(=O)c1ccc2cc(C(=O)N3C[C@]4(CCN([C@H]5CCNC5)C4)c4ccccc43)[nH]c2c1
722,NC(=O)c1ccc2cc(C(=O)N3C[C@]4(CCN(C5CCNC5)C4)c4ccccc43)[nH]c2c1,oracle,autodockgpu,-8.85,energy,7.048489108511999,7.048489108511999,"{""free_energy"": -8.78, ""intermolecular_energy"": -9.97, ""internal_energy"": -1.15, ""cluster_size"": 23, ""cluster_id"": 2, ""rank_in_cluster"": 6}",-8.69,1.0,2,NC(=O)c1ccc2cc(C(=O)N3C[C@]4(CCN([C@H]5CCNC5)C4)c4ccccc43)[nH]c2c1
723,NC(=O)c1ccc2cc(C(=O)N3C[C@]4(CCN(C5CCNC5)C4)c4ccccc43)[nH]c2c1,oracle,autodockgpu,-8.85,energy,3.1097131353839154,3.1097131353839154,"{""free_energy"": -8.36, ""intermolecular_energy"": -9.55, ""internal_energy"": -1.29, ""cluster_size"": 15, ""cluster_id"": 3, ""rank_in_cluster"": 11}",-8.69,1.42,2,NC(=O)c1ccc2cc(C(=O)N3C[C@]4(CCN([C@H]5CCNC5)C4)c4ccccc43)[nH]c2c1
724,NC(=O)c1ccc2cc(C(=O)N3C[C@]4(CCN(C5CCNC5)C4)c4ccccc43)[nH]c2c1,oracle,autodockgpu,-8.85,energy,7.178703925288001,7.178703925288001,"{""free_energy"": -8.72, ""intermolecular_energy"": -9.91, ""internal_energy"": -1.18, ""cluster_size"": 23, ""cluster_id"": 2, ""rank_in_cluster"": 12}",-8.64,1.51,2,NC(=O)c1ccc2cc(C(=O)N3C[C@]4(CCN([C@H]5CCNC5)C4)c4ccccc43)[nH]c2c1
725,NC(=O)c1ccc2cc(C(=O)N3C[C@]4(CCN(C5CCNC5)C4)c4ccccc43)[nH]c2c1,oracle,autodockgpu,-8.85,energy,6.80227464644772,6.80227464644772,"{""free_energy"": -8.57, ""intermolecular_energy"": -9.76, ""internal_energy"": -1.15, ""cluster_size"": 23, ""cluster_id"": 2, ""rank_in_cluster"": 18}",-8.6,1.52,2,NC(=O)c1ccc2cc(C(=O)N3C[C@]4(CCN([C@H]5CCNC5)C4)c4ccccc43)[nH]c2c1
726,NC(=O)c1ccc2cc(C(=O)N3C[C@]4(CCN(C5CCNC5)C4)c4ccccc43)[nH]c2c1,oracle,autodockgpu,-8.85,energy,7.196733926240766,7.196733926240766,"{""free_energy"": -8.76, ""intermolecular_energy"": -9.95, ""internal_energy"": -1.18, ""cluster_size"": 23, ""cluster_id"": 2, ""rank_in_cluster"": 8}",-8.59,1.55,2,NC(=O)c1ccc2cc(C(=O)N3C[C@]4(CCN([C@H]5CCNC5)C4)c4ccccc43)[nH]c2c1
727,NC(=O)c1ccc2cc(C(=O)N3C[C@]4(CCN(C5CCNC5)C4)c4ccccc43)[nH]c2c1,oracle,autodockgpu,-8.85,energy,7.165691000193007,7.165691000193007,"{""free_energy"": -8.2, ""intermolecular_energy"": -9.39, ""internal_energy"": -1.2, ""cluster_size"": 23, ""cluster_id"": 2, ""rank_in_cluster"": 22}",-8.57,1.02,2,NC(=O)c1ccc2cc(C(=O)N3C[C@]4(CCN([C@H]5CCNC5)C4)c4ccccc43)[nH]c2c1
728,NC(=O)c1ccc2cc(C(=O)N3C[C@]4(CCN(C5CCNC5)C4)c4ccccc43)[nH]c2c1,oracle,autodockgpu,-8.85,energy,9.830136119619942,9.830136119619942,"{""free_energy"": -8.6, ""intermolecular_energy"": -9.79, ""internal_energy"": -1.17, ""cluster_size"": 10, ""cluster_id"": 1, ""rank_in_cluster"": 7}",-8.57,0.8,2,NC(=O)c1ccc2cc(C(=O)N3C[C@]4(CCN([C@H]5CCNC5)C4)c4ccccc43)[nH]c2c1
729,NC(=O)c1ccc2cc(C(=O)N3C[C@]4(CCN(C5CCNC5)C4)c4ccccc43)[nH]c2c1,oracle,autodockgpu,-8.85,energy,2.8866084746671183,2.8866084746671183,"{""free_energy"": -8.3, ""intermolecular_energy"": -9.49, ""internal_energy"": -1.19, ""cluster_size"": 15, ""cluster_id"": 3, ""rank_in_cluster"": 13}",-8.51,1.47,2,NC(=O)c1ccc2cc(C(=O)N3C[C@]4(CCN([C@H]5CCNC5)C4)c4ccccc43)[nH]c2c1
730,NC(=O)c1ccc2cc(C(=O)N3C[C@]4(CCN(C5CCNC5)C4)c4ccccc43)[nH]c2c1,oracle,autodockgpu,-8.85,energy,9.81155937618815,9.81155937618815,"{""free_energy"": -8.8, ""intermolecular_energy"": -10.0, ""internal_energy"": -1.17, ""cluster_size"": 10, ""cluster_id"": 1, ""rank_in_cluster"": 3}",-8.51,1.65,2,NC(=O)c1ccc2cc(C(=O)N3C[C@]4(CCN([C@H]5CCNC5)C4)c4ccccc43)[nH]c2c1
731,NC(=O)c1ccc2cc(C(=O)N3C[C@]4(CCN(C5CCNC5)C4)c4ccccc43)[nH]c2c1,oracle,autodockgpu,-8.85,energy,6.992289535294314,6.992289535294314,"{""free_energy"": -8.77, ""intermolecular_energy"": -9.96, ""internal_energy"": -1.16, ""cluster_size"": 23, ""cluster_id"": 2, ""rank_in_cluster"": 7}",-8.2,0.69,2,NC(=O)c1ccc2cc(C(=O)N3C[C@]4(CCN([C@H]5CCNC5)C4)c4ccccc43)[nH]c2c1
732,NC(=O)c1ccc2cc(C(=O)N3C[C@]4(CCN(C5CCNC5)C4)c4ccccc43)[nH]c2c1,oracle,autodockgpu,-8.85,energy,7.183642296802098,7.183642296802098,"{""free_energy"": -8.72, ""intermolecular_energy"": -9.91, ""internal_energy"": -1.18, ""cluster_size"": 23, ""cluster_id"": 2, ""rank_in_cluster"": 11}",-8.02,1.57,2,NC(=O)c1ccc2cc(C(=O)N3C[C@]4(CCN([C@H]5CCNC5)C4)c4ccccc43)[nH]c2c1
733,NC(=O)c1ccc2cc(C(=O)N3C[C@]4(CCN(C5CCNC5)C4)c4ccccc43)[nH]c2c1,oracle,autodockgpu,-8.85,energy,6.936100342874676,6.936100342874676,"{""free_energy"": -8.51, ""intermolecular_energy"": -9.7, ""internal_energy"": -1.19, ""cluster_size"": 23, ""cluster_id"": 2, ""rank_in_cluster"": 20}",-8.56,0.0,3,NC(=O)c1ccc2cc(C(=O)N3C[C@]4(CCN([C@H]5CCNC5)C4)c4ccccc43)[nH]c2c1
734,NC(=O)c1ccc2cc(C(=O)N3C[C@]4(CCN(C5CCNC5)C4)c4ccccc43)[nH]c2c1,oracle,autodockgpu,-8.85,energy,7.015246790160028,7.015246790160028,"{""free_energy"": -8.76, ""intermolecular_energy"": -9.95, ""internal_energy"": -1.16, ""cluster_size"": 23, ""cluster_id"": 2, ""rank_in_cluster"": 9}",-8.55,0.22,3,NC(=O)c1ccc2cc(C(=O)N3C[C@]4(CCN([C@H]5CCNC5)C4)c4ccccc43)[nH]c2c1
735,NC(=O)c1ccc2cc(C(=O)N3C[C@]4(CCN(C5CCNC5)C4)c4ccccc43)[nH]c2c1,oracle,autodockgpu,-8.85,energy,3.230729070210297,3.230729070210297,"{""free_energy"": -8.55, ""intermolecular_energy"": -9.74, ""internal_energy"": -1.29, ""cluster_size"": 15, ""cluster_id"": 3, ""rank_in_cluster"": 2}",-8.55,0.2,3,NC(=O)c1ccc2cc(C(=O)N3C[C@]4(CCN([C@H]5CCNC5)C4)c4ccccc43)[nH]c2c1
736,NC(=O)c1ccc2cc(C(=O)N3C[C@]4(CCN(C5CCNC5)C4)c4ccccc43)[nH]c2c1,oracle,autodockgpu,-8.85,energy,9.361370851993293,9.361370851993293,"{""free_energy"": -8.62, ""intermolecular_energy"": -9.81, ""internal_energy"": -1.18, ""cluster_size"": 10, ""cluster_id"": 1, ""rank_in_cluster"": 5}",-8.55,0.06,3,NC(=O)c1ccc2cc(C(=O)N3C[C@]4(CCN([C@H]5CCNC5)C4)c4ccccc43)[nH]c2c1
737,NC(=O)c1ccc2cc(C(=O)N3C[C@]4(CCN(C5CCNC5)C4)c4ccccc43)[nH]c2c1,oracle,autodockgpu,-8.85,energy,9.82869609942733,9.82869609942733,"{""free_energy"": -8.85, ""intermolecular_energy"": -10.05, ""internal_energy"": -1.17, ""cluster_size"": 10, ""cluster_id"": 1, ""rank_in_cluster"": 1}",-8.53,0.23,3,NC(=O)c1ccc2cc(C(=O)N3C[C@]4(CCN([C@H]5CCNC5)C4)c4ccccc43)[nH]c2c1
738,NC(=O)c1ccc2cc(C(=O)N3C[C@]4(CCN(C5CCNC5)C4)c4ccccc43)[nH]c2c1,oracle,autodockgpu,-8.85,energy,7.203136968673276,7.203136968673276,"{""free_energy"": -8.51, ""intermolecular_energy"": -9.7, ""internal_energy"": -1.19, ""cluster_size"": 23, ""cluster_id"": 2, ""rank_in_cluster"": 21}",-8.51,0.12,3,NC(=O)c1ccc2cc(C(=O)N3C[C@]4(CCN([C@H]5CCNC5)C4)c4ccccc43)[nH]c2c1
739,NC(=O)c1ccc2cc(C(=O)N3C[C@]4(CCN(C5CCNC5)C4)c4ccccc43)[nH]c2c1,oracle,autodockgpu,-8.85,energy,7.066732099455518,7.066732099455518,"{""free_energy"": -8.8, ""intermolecular_energy"": -9.99, ""internal_energy"": -1.16, ""cluster_size"": 23, ""cluster_id"": 2, ""rank_in_cluster"": 2}",-8.5,0.25,3,NC(=O)c1ccc2cc(C(=O)N3C[C@]4(CCN([C@H]5CCNC5)C4)c4ccccc43)[nH]c2c1
740,NC(=O)c1ccc2cc(C(=O)N3C[C@]4(CCN(C5CCNC5)C4)c4ccccc43)[nH]c2c1,oracle,autodockgpu,-8.85,energy,7.109654148773505,7.109654148773505,"{""free_energy"": -8.59, ""intermolecular_energy"": -9.79, ""internal_energy"": -1.13, ""cluster_size"": 23, ""cluster_id"": 2, ""rank_in_cluster"": 17}",-8.46,0.37,3,NC(=O)c1ccc2cc(C(=O)N3C[C@]4(CCN([C@H]5CCNC5)C4)c4ccccc43)[nH]c2c1
741,NC(=O)c1ccc2cc(C(=O)N3C[C@]4(CCN(C5CCNC5)C4)c4ccccc43)[nH]c2c1,oracle,autodockgpu,-8.85,energy,9.815912149565168,9.815912149565168,"{""free_energy"": -8.84, ""intermolecular_energy"": -10.03, ""internal_energy"": -1.17, ""cluster_size"": 10, ""cluster_id"": 1, ""rank_in_cluster"": 2}",-8.45,0.24,3,NC(=O)c1ccc2cc(C(=O)N3C[C@]4(CCN([C@H]5CCNC5)C4)c4ccccc43)[nH]c2c1
742,NC(=O)c1ccc2cc(C(=O)N3C[C@]4(CCN(C5CCNC5)C4)c4ccccc43)[nH]c2c1,oracle,autodockgpu,-8.85,energy,9.810876371100669,9.810876371100669,"{""free_energy"": -8.37, ""intermolecular_energy"": -9.56, ""internal_energy"": -1.17, ""cluster_size"": 10, ""cluster_id"": 1, ""rank_in_cluster"": 9}",-8.45,0.35,3,NC(=O)c1ccc2cc(C(=O)N3C[C@]4(CCN([C@H]5CCNC5)C4)c4ccccc43)[nH]c2c1
743,NC(=O)c1ccc2cc(C(=O)N3C[C@]4(CCN(C5CCNC5)C4)c4ccccc43)[nH]c2c1,oracle,autodockgpu,-8.85,energy,3.2493560308688503,3.2493560308688503,"{""free_energy"": -8.5, ""intermolecular_energy"": -9.7, ""internal_energy"": -1.28, ""cluster_size"": 15, ""cluster_id"": 3, ""rank_in_cluster"": 7}",-8.36,0.67,3,NC(=O)c1ccc2cc(C(=O)N3C[C@]4(CCN([C@H]5CCNC5)C4)c4ccccc43)[nH]c2c1
744,NC(=O)c1ccc2cc(C(=O)N3C[C@]4(CCN(C5CCNC5)C4)c4ccccc43)[nH]c2c1,oracle,autodockgpu,-8.85,energy,3.2703254960851895,3.2703254960851895,"{""free_energy"": -8.51, ""intermolecular_energy"": -9.7, ""internal_energy"": -1.28, ""cluster_size"": 15, ""cluster_id"": 3, ""rank_in_cluster"": 6}",-8.32,0.6,3,NC(=O)c1ccc2cc(C(=O)N3C[C@]4(CCN([C@H]5CCNC5)C4)c4ccccc43)[nH]c2c1
745,NC(=O)c1ccc2cc(C(=O)N3C[C@]4(CCN(C5CCNC5)C4)c4ccccc43)[nH]c2c1,oracle,autodockgpu,-8.85,energy,6.494847313235419,6.494847313235419,"{""free_energy"": -8.02, ""intermolecular_energy"": -9.21, ""internal_energy"": -1.24, ""cluster_size"": 23, ""cluster_id"": 2, ""rank_in_cluster"": 23}",-8.3,1.43,3,NC(=O)c1ccc2cc(C(=O)N3C[C@]4(CCN([C@H]5CCNC5)C4)c4ccccc43)[nH]c2c1
746,NC(=O)c1ccc2cc(C(=O)N3C[C@]4(CCN(C5CCNC5)C4)c4ccccc43)[nH]c2c1,oracle,autodockgpu,-8.85,energy,7.021432128483111,7.021432128483111,"{""free_energy"": -8.79, ""intermolecular_energy"": -9.98, ""internal_energy"": -1.16, ""cluster_size"": 23, ""cluster_id"": 2, ""rank_in_cluster"": 5}",-8.27,1.21,3,NC(=O)c1ccc2cc(C(=O)N3C[C@]4(CCN([C@H]5CCNC5)C4)c4ccccc43)[nH]c2c1
747,NC(=O)c1ccc2cc(C(=O)N3C[C@]4(CCN(C5CCNC5)C4)c4ccccc43)[nH]c2c1,oracle,autodockgpu,-8.85,energy,7.378188931151226,7.378188931151226,"{""free_energy"": -8.75, ""intermolecular_energy"": -9.95, ""internal_energy"": -1.13, ""cluster_size"": 23, ""cluster_id"": 2, ""rank_in_cluster"": 10}",-8.26,1.45,3,NC(=O)c1ccc2cc(C(=O)N3C[C@]4(CCN([C@H]5CCNC5)C4)c4ccccc43)[nH]c2c1
748,NC(=O)c1ccc2cc(C(=O)N3C[C@]4(CCN(C5CCNC5)C4)c4ccccc43)[nH]c2c1,oracle,autodockgpu,-8.85,energy,6.9806729210369705,6.9806729210369705,"{""free_energy"": -8.69, ""intermolecular_energy"": -9.88, ""internal_energy"": -1.17, ""cluster_size"": 23, ""cluster_id"": 2, ""rank_in_cluster"": 14}",-8.0,0.0,4,NC(=O)c1ccc2cc(C(=O)N3C[C@]4(CCN([C@H]5CCNC5)C4)c4ccccc43)[nH]c2c1
749,NC(=O)c1ccc2cc(C(=O)N3C[C@]4(CCN(C5CCNC5)C4)c4ccccc43)[nH]c2c1,oracle,autodockgpu,-8.85,energy,3.232549352113525,3.232549352113525,"{""free_energy"": -8.53, ""intermolecular_energy"": -9.73, ""internal_energy"": -1.29, ""cluster_size"": 15, ""cluster_id"": 3, ""rank_in_cluster"": 5}",-7.79,0.0,5,NC(=O)c1ccc2cc(C(=O)N3C[C@]4(CCN([C@H]5CCNC5)C4)c4ccccc43)[nH]c2c1
750,O=C(CCCOc1ccc(Cl)cc1Cl)NN=Cc1cccc(C(F)(F)F)c1,oracle,autodockgpu,-7.42,energy,12.794598082296567,12.794598082296567,"{""free_energy"": -6.5, ""intermolecular_energy"": -9.19, ""internal_energy"": -1.27, ""cluster_size"": 1, ""cluster_id"": 6, ""rank_in_cluster"": 1}",-7.42,0.0,1,O=C(CCCOc1ccc(Cl)cc1Cl)N/N=C/c1cccc(C(F)(F)F)c1
751,O=C(CCCOc1ccc(Cl)cc1Cl)NN=Cc1cccc(C(F)(F)F)c1,oracle,autodockgpu,-7.42,energy,6.524713214470592,6.524713214470592,"{""free_energy"": -6.69, ""intermolecular_energy"": -9.37, ""internal_energy"": -1.6, ""cluster_size"": 13, ""cluster_id"": 1, ""rank_in_cluster"": 10}",-7.39,1.71,1,O=C(CCCOc1ccc(Cl)cc1Cl)N/N=C\c1cccc(C(F)(F)F)c1
752,O=C(CCCOc1ccc(Cl)cc1Cl)NN=Cc1cccc(C(F)(F)F)c1,oracle,autodockgpu,-7.42,energy,9.3335457349111,9.3335457349111,"{""free_energy"": -5.89, ""intermolecular_energy"": -8.57, ""internal_energy"": -1.93, ""cluster_size"": 12, ""cluster_id"": 7, ""rank_in_cluster"": 7}",-7.37,1.75,1,O=C(CCCOc1ccc(Cl)cc1Cl)N/N=C/c1cccc(C(F)(F)F)c1
753,O=C(CCCOc1ccc(Cl)cc1Cl)NN=Cc1cccc(C(F)(F)F)c1,oracle,autodockgpu,-7.42,energy,7.242864508289719,7.242864508289719,"{""free_energy"": -5.81, ""intermolecular_energy"": -8.49, ""internal_energy"": -2.41, ""cluster_size"": 2, ""cluster_id"": 9, ""rank_in_cluster"": 1}",-7.12,1.3,1,O=C(CCCOc1ccc(Cl)cc1Cl)N/N=C/c1cccc(C(F)(F)F)c1
754,O=C(CCCOc1ccc(Cl)cc1Cl)NN=Cc1cccc(C(F)(F)F)c1,oracle,autodockgpu,-7.42,energy,12.797406221322932,12.797406221322932,"{""free_energy"": -6.44, ""intermolecular_energy"": -9.12, ""internal_energy"": -1.54, ""cluster_size"": 5, ""cluster_id"": 4, ""rank_in_cluster"": 4}",-7.11,1.28,1,O=C(CCCOc1ccc(Cl)cc1Cl)N/N=C\c1cccc(C(F)(F)F)c1
755,O=C(CCCOc1ccc(Cl)cc1Cl)NN=Cc1cccc(C(F)(F)F)c1,oracle,autodockgpu,-7.42,energy,5.454366350092348,5.454366350092348,"{""free_energy"": -4.7, ""intermolecular_energy"": -7.38, ""internal_energy"": -3.09, ""cluster_size"": 1, ""cluster_id"": 10, ""rank_in_cluster"": 1}",-7.05,0.92,1,O=C(CCCOc1ccc(Cl)cc1Cl)N/N=C\c1cccc(C(F)(F)F)c1
756,O=C(CCCOc1ccc(Cl)cc1Cl)NN=Cc1cccc(C(F)(F)F)c1,oracle,autodockgpu,-7.42,energy,6.069704469674565,6.069704469674565,"{""free_energy"": -6.43, ""intermolecular_energy"": -9.11, ""internal_energy"": -1.63, ""cluster_size"": 7, ""cluster_id"": 2, ""rank_in_cluster"": 4}",-6.88,1.81,1,O=C(CCCOc1ccc(Cl)cc1Cl)N/N=C/c1cccc(C(F)(F)F)c1
757,O=C(CCCOc1ccc(Cl)cc1Cl)NN=Cc1cccc(C(F)(F)F)c1,oracle,autodockgpu,-7.42,energy,5.982281009297154,5.982281009297154,"{""free_energy"": -6.79, ""intermolecular_energy"": -9.47, ""internal_energy"": -1.6, ""cluster_size"": 13, ""cluster_id"": 1, ""rank_in_cluster"": 8}",-6.79,1.57,1,O=C(CCCOc1ccc(Cl)cc1Cl)N/N=C/c1cccc(C(F)(F)F)c1
758,O=C(CCCOc1ccc(Cl)cc1Cl)NN=Cc1cccc(C(F)(F)F)c1,oracle,autodockgpu,-7.42,energy,12.70734643945012,12.70734643945012,"{""free_energy"": -6.58, ""intermolecular_energy"": -9.27, ""internal_energy"": -1.46, ""cluster_size"": 5, ""cluster_id"": 4, ""rank_in_cluster"": 2}",-6.7,1.54,1,O=C(CCCOc1ccc(Cl)cc1Cl)N/N=C/c1cccc(C(F)(F)F)c1
759,O=C(CCCOc1ccc(Cl)cc1Cl)NN=Cc1cccc(C(F)(F)F)c1,oracle,autodockgpu,-7.42,energy,13.192048619994816,13.192048619994816,"{""free_energy"": -7.04, ""intermolecular_energy"": -9.72, ""internal_energy"": -0.8, ""cluster_size"": 6, ""cluster_id"": 3, ""rank_in_cluster"": 3}",-6.69,1.31,1,O=C(CCCOc1ccc(Cl)cc1Cl)N/N=C/c1cccc(C(F)(F)F)c1
760,O=C(CCCOc1ccc(Cl)cc1Cl)NN=Cc1cccc(C(F)(F)F)c1,oracle,autodockgpu,-7.42,energy,9.076369599174024,9.076369599174024,"{""free_energy"": -6.5, ""intermolecular_energy"": -9.19, ""internal_energy"": -1.34, ""cluster_size"": 2, ""cluster_id"": 5, ""rank_in_cluster"": 2}",-6.49,1.63,1,O=C(CCCOc1ccc(Cl)cc1Cl)N/N=C/c1cccc(C(F)(F)F)c1
761,O=C(CCCOc1ccc(Cl)cc1Cl)NN=Cc1cccc(C(F)(F)F)c1,oracle,autodockgpu,-7.42,energy,9.8390950549865,9.8390950549865,"{""free_energy"": -5.97, ""intermolecular_energy"": -8.66, ""internal_energy"": -1.95, ""cluster_size"": 12, ""cluster_id"": 7, ""rank_in_cluster"": 5}",-6.4,1.81,1,O=C(CCCOc1ccc(Cl)cc1Cl)N/N=C\c1cccc(C(F)(F)F)c1
762,O=C(CCCOc1ccc(Cl)cc1Cl)NN=Cc1cccc(C(F)(F)F)c1,oracle,autodockgpu,-7.42,energy,6.2039944053197384,6.2039944053197384,"{""free_energy"": -7.05, ""intermolecular_energy"": -9.73, ""internal_energy"": -0.79, ""cluster_size"": 13, ""cluster_id"": 1, ""rank_in_cluster"": 6}",-6.35,1.83,1,O=C(CCCOc1ccc(Cl)cc1Cl)N/N=C/c1cccc(C(F)(F)F)c1
763,O=C(CCCOc1ccc(Cl)cc1Cl)NN=Cc1cccc(C(F)(F)F)c1,oracle,autodockgpu,-7.42,energy,6.985362365674066,6.985362365674066,"{""free_energy"": -6.35, ""intermolecular_energy"": -9.04, ""internal_energy"": -1.77, ""cluster_size"": 13, ""cluster_id"": 1, ""rank_in_cluster"": 13}",-7.35,0.0,2,O=C(CCCOc1ccc(Cl)cc1Cl)N/N=C/c1cccc(C(F)(F)F)c1
764,O=C(CCCOc1ccc(Cl)cc1Cl)NN=Cc1cccc(C(F)(F)F)c1,oracle,autodockgpu,-7.42,energy,6.92234702573729,6.92234702573729,"{""free_energy"": -6.7, ""intermolecular_energy"": -9.39, ""internal_energy"": -1.6, ""cluster_size"": 13, ""cluster_id"": 1, ""rank_in_cluster"": 9}",-7.24,0.29,2,O=C(CCCOc1ccc(Cl)cc1Cl)N/N=C\c1cccc(C(F)(F)F)c1
765,O=C(CCCOc1ccc(Cl)cc1Cl)NN=Cc1cccc(C(F)(F)F)c1,oracle,autodockgpu,-7.42,energy,6.152321354135117,6.152321354135117,"{""free_energy"": -7.42, ""intermolecular_energy"": -10.1, ""internal_energy"": -0.96, ""cluster_size"": 13, ""cluster_id"": 1, ""rank_in_cluster"": 1}",-6.79,1.24,2,O=C(CCCOc1ccc(Cl)cc1Cl)N/N=C/c1cccc(C(F)(F)F)c1
766,O=C(CCCOc1ccc(Cl)cc1Cl)NN=Cc1cccc(C(F)(F)F)c1,oracle,autodockgpu,-7.42,energy,9.829519822882489,9.829519822882489,"{""free_energy"": -6.12, ""intermolecular_energy"": -8.8, ""internal_energy"": -2.06, ""cluster_size"": 12, ""cluster_id"": 7, ""rank_in_cluster"": 4}",-6.43,1.72,2,O=C(CCCOc1ccc(Cl)cc1Cl)N/N=C/c1cccc(C(F)(F)F)c1
767,O=C(CCCOc1ccc(Cl)cc1Cl)NN=Cc1cccc(C(F)(F)F)c1,oracle,autodockgpu,-7.42,energy,7.048866073309365,7.048866073309365,"{""free_energy"": -5.7, ""intermolecular_energy"": -8.38, ""internal_energy"": -2.39, ""cluster_size"": 2, ""cluster_id"": 9, ""rank_in_cluster"": 2}",-5.97,1.5,2,O=C(CCCOc1ccc(Cl)cc1Cl)N/N=C/c1cccc(C(F)(F)F)c1
768,O=C(CCCOc1ccc(Cl)cc1Cl)NN=Cc1cccc(C(F)(F)F)c1,oracle,autodockgpu,-7.42,energy,6.880896508902912,6.880896508902912,"{""free_energy"": -6.49, ""intermolecular_energy"": -9.17, ""internal_energy"": -1.56, ""cluster_size"": 13, ""cluster_id"": 1, ""rank_in_cluster"": 11}",-5.87,1.95,2,O=C(CCCOc1ccc(Cl)cc1Cl)N/N=C/c1cccc(C(F)(F)F)c1
769,O=C(CCCOc1ccc(Cl)cc1Cl)NN=Cc1cccc(C(F)(F)F)c1,oracle,autodockgpu,-7.42,energy,5.752778649284642,5.752778649284642,"{""free_energy"": -7.12, ""intermolecular_energy"": -9.81, ""internal_energy"": -1.08, ""cluster_size"": 13, ""cluster_id"": 1, ""rank_in_cluster"": 4}",-5.61,1.65,2,O=C(CCCOc1ccc(Cl)cc1Cl)N/N=C/c1cccc(C(F)(F)F)c1
770,O=C(CCCOc1ccc(Cl)cc1Cl)NN=Cc1cccc(C(F)(F)F)c1,oracle,autodockgpu,-7.42,energy,6.170011050266012,6.170011050266012,"{""free_energy"": -7.39, ""intermolecular_energy"": -10.08, ""internal_energy"": -0.92, ""cluster_size"": 13, ""cluster_id"": 1, ""rank_in_cluster"": 2}",-7.3,0.0,3,O=C(CCCOc1ccc(Cl)cc1Cl)N/N=C/c1cccc(C(F)(F)F)c1
771,O=C(CCCOc1ccc(Cl)cc1Cl)NN=Cc1cccc(C(F)(F)F)c1,oracle,autodockgpu,-7.42,energy,12.784648143677366,12.784648143677366,"{""free_energy"": -7.3, ""intermolecular_energy"": -9.98, ""internal_energy"": -0.73, ""cluster_size"": 6, ""cluster_id"": 3, ""rank_in_cluster"": 1}",-7.27,0.57,3,O=C(CCCOc1ccc(Cl)cc1Cl)N/N=C/c1cccc(C(F)(F)F)c1
772,O=C(CCCOc1ccc(Cl)cc1Cl)NN=Cc1cccc(C(F)(F)F)c1,oracle,autodockgpu,-7.42,energy,12.758661995954707,12.758661995954707,"{""free_energy"": -6.01, ""intermolecular_energy"": -8.69, ""internal_energy"": -1.76, ""cluster_size"": 5, ""cluster_id"": 4, ""rank_in_cluster"": 5}",-7.04,1.95,3,O=C(CCCOc1ccc(Cl)cc1Cl)N/N=C\c1cccc(C(F)(F)F)c1
773,O=C(CCCOc1ccc(Cl)cc1Cl)NN=Cc1cccc(C(F)(F)F)c1,oracle,autodockgpu,-7.42,energy,12.176103078842557,12.176103078842557,"{""free_energy"": -6.58, ""intermolecular_energy"": -9.27, ""internal_energy"": -1.64, ""cluster_size"": 6, ""cluster_id"": 3, ""rank_in_cluster"": 5}",-6.64,1.97,3,O=C(CCCOc1ccc(Cl)cc1Cl)N/N=C/c1cccc(C(F)(F)F)c1
774,O=C(CCCOc1ccc(Cl)cc1Cl)NN=Cc1cccc(C(F)(F)F)c1,oracle,autodockgpu,-7.42,energy,5.957192660347774,5.957192660347774,"{""free_energy"": -7.35, ""intermolecular_energy"": -10.03, ""internal_energy"": -0.96, ""cluster_size"": 7, ""cluster_id"": 2, ""rank_in_cluster"": 1}",-6.58,1.39,3,O=C(CCCOc1ccc(Cl)cc1Cl)N/N=C/c1cccc(C(F)(F)F)c1
775,O=C(CCCOc1ccc(Cl)cc1Cl)NN=Cc1cccc(C(F)(F)F)c1,oracle,autodockgpu,-7.42,energy,10.15248572865394,10.15248572865394,"{""free_energy"": -5.85, ""intermolecular_energy"": -8.54, ""internal_energy"": -2.23, ""cluster_size"": 12, ""cluster_id"": 7, ""rank_in_cluster"": 8}",-6.55,1.32,3,O=C(CCCOc1ccc(Cl)cc1Cl)N/N=C/c1cccc(C(F)(F)F)c1
776,O=C(CCCOc1ccc(Cl)cc1Cl)NN=Cc1cccc(C(F)(F)F)c1,oracle,autodockgpu,-7.42,energy,12.654529508237603,12.654529508237603,"{""free_energy"": -6.85, ""intermolecular_energy"": -9.53, ""internal_energy"": -1.44, ""cluster_size"": 5, ""cluster_id"": 4, ""rank_in_cluster"": 1}",-6.85,0.0,4,O=C(CCCOc1ccc(Cl)cc1Cl)N/N=C/c1cccc(C(F)(F)F)c1
777,O=C(CCCOc1ccc(Cl)cc1Cl)NN=Cc1cccc(C(F)(F)F)c1,oracle,autodockgpu,-7.42,energy,10.101610382461786,10.101610382461786,"{""free_energy"": -5.78, ""intermolecular_energy"": -8.46, ""internal_energy"": -2.27, ""cluster_size"": 12, ""cluster_id"": 7, ""rank_in_cluster"": 10}",-6.58,1.13,4,O=C(CCCOc1ccc(Cl)cc1Cl)N/N=C/c1cccc(C(F)(F)F)c1
778,O=C(CCCOc1ccc(Cl)cc1Cl)NN=Cc1cccc(C(F)(F)F)c1,oracle,autodockgpu,-7.42,energy,10.828887063877007,10.828887063877007,"{""free_energy"": -5.86, ""intermolecular_energy"": -8.55, ""internal_energy"": -1.82, ""cluster_size"": 1, ""cluster_id"": 8, ""rank_in_cluster"": 1}",-6.5,0.56,4,O=C(CCCOc1ccc(Cl)cc1Cl)N/N=C/c1cccc(C(F)(F)F)c1
779,O=C(CCCOc1ccc(Cl)cc1Cl)NN=Cc1cccc(C(F)(F)F)c1,oracle,autodockgpu,-7.42,energy,5.274089930855003,5.274089930855003,"{""free_energy"": -7.11, ""intermolecular_energy"": -9.79, ""internal_energy"": -0.99, ""cluster_size"": 13, ""cluster_id"": 1, ""rank_in_cluster"": 5}",-6.44,0.85,4,O=C(CCCOc1ccc(Cl)cc1Cl)N/N=C/c1cccc(C(F)(F)F)c1
780,O=C(CCCOc1ccc(Cl)cc1Cl)NN=Cc1cccc(C(F)(F)F)c1,oracle,autodockgpu,-7.42,energy,12.436220143467091,12.436220143467091,"{""free_energy"": -6.5, ""intermolecular_energy"": -9.19, ""internal_energy"": -1.6, ""cluster_size"": 5, ""cluster_id"": 4, ""rank_in_cluster"": 3}",-6.01,1.13,4,O=C(CCCOc1ccc(Cl)cc1Cl)N/N=C/c1cccc(C(F)(F)F)c1
781,O=C(CCCOc1ccc(Cl)cc1Cl)NN=Cc1cccc(C(F)(F)F)c1,oracle,autodockgpu,-7.42,energy,5.176915244133425,5.176915244133425,"{""free_energy"": -6.88, ""intermolecular_energy"": -9.57, ""internal_energy"": -0.94, ""cluster_size"": 13, ""cluster_id"": 1, ""rank_in_cluster"": 7}",-6.52,0.0,5,O=C(CCCOc1ccc(Cl)cc1Cl)N/N=C/c1cccc(C(F)(F)F)c1
782,O=C(CCCOc1ccc(Cl)cc1Cl)NN=Cc1cccc(C(F)(F)F)c1,oracle,autodockgpu,-7.42,energy,12.286127804552644,12.286127804552644,"{""free_energy"": -6.55, ""intermolecular_energy"": -9.24, ""internal_energy"": -1.65, ""cluster_size"": 6, ""cluster_id"": 3, ""rank_in_cluster"": 6}",-6.5,1.19,5,O=C(CCCOc1ccc(Cl)cc1Cl)N/N=C/c1cccc(C(F)(F)F)c1
783,O=C(CCCOc1ccc(Cl)cc1Cl)NN=Cc1cccc(C(F)(F)F)c1,oracle,autodockgpu,-7.42,energy,9.780306338042763,9.780306338042763,"{""free_energy"": -5.97, ""intermolecular_energy"": -8.65, ""internal_energy"": -1.93, ""cluster_size"": 12, ""cluster_id"": 7, ""rank_in_cluster"": 6}",-6.5,0.0,6,O=C(CCCOc1ccc(Cl)cc1Cl)N/N=C/c1cccc(C(F)(F)F)c1
784,O=C(CCCOc1ccc(Cl)cc1Cl)NN=Cc1cccc(C(F)(F)F)c1,oracle,autodockgpu,-7.42,energy,9.85335704472607,9.85335704472607,"{""free_energy"": -6.24, ""intermolecular_energy"": -8.92, ""internal_energy"": -1.96, ""cluster_size"": 12, ""cluster_id"": 7, ""rank_in_cluster"": 2}",-6.3,0.0,7,O=C(CCCOc1ccc(Cl)cc1Cl)N/N=C/c1cccc(C(F)(F)F)c1
785,O=C(CCCOc1ccc(Cl)cc1Cl)NN=Cc1cccc(C(F)(F)F)c1,oracle,autodockgpu,-7.42,energy,6.022395302997176,6.022395302997176,"{""free_energy"": -7.37, ""intermolecular_energy"": -10.05, ""internal_energy"": -0.9, ""cluster_size"": 13, ""cluster_id"": 1, ""rank_in_cluster"": 3}",-6.24,0.32,7,O=C(CCCOc1ccc(Cl)cc1Cl)N/N=C/c1cccc(C(F)(F)F)c1
786,O=C(CCCOc1ccc(Cl)cc1Cl)NN=Cc1cccc(C(F)(F)F)c1,oracle,autodockgpu,-7.42,energy,5.8505444247598675,5.8505444247598675,"{""free_energy"": -6.79, ""intermolecular_energy"": -9.47, ""internal_energy"": -1.59, ""cluster_size"": 7, ""cluster_id"": 2, ""rank_in_cluster"": 3}",-6.17,1.74,7,O=C(CCCOc1ccc(Cl)cc1Cl)N/N=C/c1cccc(C(F)(F)F)c1
787,O=C(CCCOc1ccc(Cl)cc1Cl)NN=Cc1cccc(C(F)(F)F)c1,oracle,autodockgpu,-7.42,energy,9.456949710332738,9.456949710332738,"{""free_energy"": -6.3, ""intermolecular_energy"": -8.99, ""internal_energy"": -1.92, ""cluster_size"": 12, ""cluster_id"": 7, ""rank_in_cluster"": 1}",-6.12,0.46,7,O=C(CCCOc1ccc(Cl)cc1Cl)N/N=C/c1cccc(C(F)(F)F)c1
788,O=C(CCCOc1ccc(Cl)cc1Cl)NN=Cc1cccc(C(F)(F)F)c1,oracle,autodockgpu,-7.42,energy,9.249194960109127,9.249194960109127,"{""free_energy"": -5.8, ""intermolecular_energy"": -8.48, ""internal_energy"": -1.92, ""cluster_size"": 12, ""cluster_id"": 7, ""rank_in_cluster"": 9}",-5.97,0.55,7,O=C(CCCOc1ccc(Cl)cc1Cl)N/N=C/c1cccc(C(F)(F)F)c1
789,O=C(CCCOc1ccc(Cl)cc1Cl)NN=Cc1cccc(C(F)(F)F)c1,oracle,autodockgpu,-7.42,energy,5.905497973850954,5.905497973850954,"{""free_energy"": -7.24, ""intermolecular_energy"": -9.93, ""internal_energy"": -1.01, ""cluster_size"": 7, ""cluster_id"": 2, ""rank_in_cluster"": 2}",-5.97,0.54,7,O=C(CCCOc1ccc(Cl)cc1Cl)N/N=C/c1cccc(C(F)(F)F)c1
790,O=C(CCCOc1ccc(Cl)cc1Cl)NN=Cc1cccc(C(F)(F)F)c1,oracle,autodockgpu,-7.42,energy,6.490644813226045,6.490644813226045,"{""free_energy"": -5.61, ""intermolecular_energy"": -8.29, ""internal_energy"": -2.0, ""cluster_size"": 7, ""cluster_id"": 2, ""rank_in_cluster"": 7}",-5.89,0.52,7,O=C(CCCOc1ccc(Cl)cc1Cl)N/N=C\c1cccc(C(F)(F)F)c1
791,O=C(CCCOc1ccc(Cl)cc1Cl)NN=Cc1cccc(C(F)(F)F)c1,oracle,autodockgpu,-7.42,energy,6.977765715449416,6.977765715449416,"{""free_energy"": -5.87, ""intermolecular_energy"": -8.56, ""internal_energy"": -1.93, ""cluster_size"": 7, ""cluster_id"": 2, ""rank_in_cluster"": 6}",-5.85,0.82,7,O=C(CCCOc1ccc(Cl)cc1Cl)N/N=C\c1cccc(C(F)(F)F)c1
792,O=C(CCCOc1ccc(Cl)cc1Cl)NN=Cc1cccc(C(F)(F)F)c1,oracle,autodockgpu,-7.42,energy,10.102440728468805,10.102440728468805,"{""free_energy"": -6.52, ""intermolecular_energy"": -9.21, ""internal_energy"": -1.31, ""cluster_size"": 2, ""cluster_id"": 5, ""rank_in_cluster"": 1}",-5.8,1.69,7,O=C(CCCOc1ccc(Cl)cc1Cl)N/N=C/c1cccc(C(F)(F)F)c1
793,O=C(CCCOc1ccc(Cl)cc1Cl)NN=Cc1cccc(C(F)(F)F)c1,oracle,autodockgpu,-7.42,energy,12.600180532756273,12.600180532756273,"{""free_energy"": -6.64, ""intermolecular_energy"": -9.32, ""internal_energy"": -1.36, ""cluster_size"": 6, ""cluster_id"": 3, ""rank_in_cluster"": 4}",-5.78,0.85,7,O=C(CCCOc1ccc(Cl)cc1Cl)N/N=C/c1cccc(C(F)(F)F)c1
794,O=C(CCCOc1ccc(Cl)cc1Cl)NN=Cc1cccc(C(F)(F)F)c1,oracle,autodockgpu,-7.42,energy,6.120780988813091,6.120780988813091,"{""free_energy"": -5.97, ""intermolecular_energy"": -8.65, ""internal_energy"": -1.87, ""cluster_size"": 7, ""cluster_id"": 2, ""rank_in_cluster"": 5}",-5.49,1.98,7,O=C(CCCOc1ccc(Cl)cc1Cl)N/N=C\c1cccc(C(F)(F)F)c1
795,O=C(CCCOc1ccc(Cl)cc1Cl)NN=Cc1cccc(C(F)(F)F)c1,oracle,autodockgpu,-7.42,energy,12.894959741034683,12.894959741034683,"{""free_energy"": -7.27, ""intermolecular_energy"": -9.95, ""internal_energy"": -0.7, ""cluster_size"": 6, ""cluster_id"": 3, ""rank_in_cluster"": 2}",-5.04,1.49,7,O=C(CCCOc1ccc(Cl)cc1Cl)N/N=C/c1cccc(C(F)(F)F)c1
796,O=C(CCCOc1ccc(Cl)cc1Cl)NN=Cc1cccc(C(F)(F)F)c1,oracle,autodockgpu,-7.42,energy,11.37710266088466,11.37710266088466,"{""free_energy"": -5.49, ""intermolecular_energy"": -8.18, ""internal_energy"": -2.11, ""cluster_size"": 12, ""cluster_id"": 7, ""rank_in_cluster"": 11}",-5.86,0.0,8,O=C(CCCOc1ccc(Cl)cc1Cl)N/N=C\c1cccc(C(F)(F)F)c1
797,O=C(CCCOc1ccc(Cl)cc1Cl)NN=Cc1cccc(C(F)(F)F)c1,oracle,autodockgpu,-7.42,energy,6.314348665205543,6.314348665205543,"{""free_energy"": -6.4, ""intermolecular_energy"": -9.08, ""internal_energy"": -1.77, ""cluster_size"": 13, ""cluster_id"": 1, ""rank_in_cluster"": 12}",-5.81,0.0,9,O=C(CCCOc1ccc(Cl)cc1Cl)N/N=C/c1cccc(C(F)(F)F)c1
798,O=C(CCCOc1ccc(Cl)cc1Cl)NN=Cc1cccc(C(F)(F)F)c1,oracle,autodockgpu,-7.42,energy,10.130084074808481,10.130084074808481,"{""free_energy"": -6.17, ""intermolecular_energy"": -8.86, ""internal_energy"": -1.83, ""cluster_size"": 12, ""cluster_id"": 7, ""rank_in_cluster"": 3}",-5.7,0.34,9,O=C(CCCOc1ccc(Cl)cc1Cl)N/N=C/c1cccc(C(F)(F)F)c1
799,O=C(CCCOc1ccc(Cl)cc1Cl)NN=Cc1cccc(C(F)(F)F)c1,oracle,autodockgpu,-7.42,energy,11.014579232752398,11.014579232752398,"{""free_energy"": -5.04, ""intermolecular_energy"": -7.72, ""internal_energy"": -2.64, ""cluster_size"": 12, ""cluster_id"": 7, ""rank_in_cluster"": 12}",-4.7,0.0,10,O=C(CCCOc1ccc(Cl)cc1Cl)N/N=C\c1cccc(C(F)(F)F)c1
800,O=C(CCCOc1ccc(Cl)cc1Cl)NN=Cc1cccc(C(F)(F)F)c1,oracle,autodockgpu,-7.79,energy,7.679477847124725,7.679477847124725,"{""free_energy"": -6.14, ""intermolecular_energy"": -8.82, ""internal_energy"": -1.82, ""cluster_size"": 2, ""cluster_id"": 7, ""rank_in_cluster"": 1}",-7.79,0.0,1,O=C(CCCOc1ccc(Cl)cc1Cl)N/N=C/c1cccc(C(F)(F)F)c1
801,O=C(CCCOc1ccc(Cl)cc1Cl)NN=Cc1cccc(C(F)(F)F)c1,oracle,autodockgpu,-7.79,energy,5.456061570652035,5.456061570652035,"{""free_energy"": -6.6, ""intermolecular_energy"": -9.29, ""internal_energy"": -0.95, ""cluster_size"": 11, ""cluster_id"": 1, ""rank_in_cluster"": 11}",-7.7,0.26,1,O=C(CCCOc1ccc(Cl)cc1Cl)N/N=C/c1cccc(C(F)(F)F)c1
802,O=C(CCCOc1ccc(Cl)cc1Cl)NN=Cc1cccc(C(F)(F)F)c1,oracle,autodockgpu,-7.79,energy,7.385026869620745,7.385026869620745,"{""free_energy"": -5.6, ""intermolecular_energy"": -8.29, ""internal_energy"": -2.28, ""cluster_size"": 3, ""cluster_id"": 12, ""rank_in_cluster"": 1}",-7.44,1.71,1,O=C(CCCOc1ccc(Cl)cc1Cl)N/N=C/c1cccc(C(F)(F)F)c1
803,O=C(CCCOc1ccc(Cl)cc1Cl)NN=Cc1cccc(C(F)(F)F)c1,oracle,autodockgpu,-7.79,energy,12.16451694496167,12.16451694496167,"{""free_energy"": -5.94, ""intermolecular_energy"": -8.63, ""internal_energy"": -1.53, ""cluster_size"": 1, ""cluster_id"": 9, ""rank_in_cluster"": 1}",-7.41,0.45,1,O=C(CCCOc1ccc(Cl)cc1Cl)N/N=C/c1cccc(C(F)(F)F)c1
804,O=C(CCCOc1ccc(Cl)cc1Cl)NN=Cc1cccc(C(F)(F)F)c1,oracle,autodockgpu,-7.79,energy,5.666513121475377,5.666513121475377,"{""free_energy"": -7.09, ""intermolecular_energy"": -9.78, ""internal_energy"": -0.89, ""cluster_size"": 11, ""cluster_id"": 1, ""rank_in_cluster"": 7}",-7.14,1.54,1,O=C(CCCOc1ccc(Cl)cc1Cl)N/N=C/c1cccc(C(F)(F)F)c1
805,O=C(CCCOc1ccc(Cl)cc1Cl)NN=Cc1cccc(C(F)(F)F)c1,oracle,autodockgpu,-7.79,energy,5.524302679552222,5.524302679552222,"{""free_energy"": -6.93, ""intermolecular_energy"": -9.62, ""internal_energy"": -0.91, ""cluster_size"": 1, ""cluster_id"": 3, ""rank_in_cluster"": 1}",-7.12,1.35,1,O=C(CCCOc1ccc(Cl)cc1Cl)N/N=C/c1cccc(C(F)(F)F)c1
806,O=C(CCCOc1ccc(Cl)cc1Cl)NN=Cc1cccc(C(F)(F)F)c1,oracle,autodockgpu,-7.79,energy,10.80015869707348,10.80015869707348,"{""free_energy"": -5.74, ""intermolecular_energy"": -8.43, ""internal_energy"": -1.92, ""cluster_size"": 5, ""cluster_id"": 11, ""rank_in_cluster"": 2}",-7.09,1.53,1,O=C(CCCOc1ccc(Cl)cc1Cl)N/N=C/c1cccc(C(F)(F)F)c1
807,O=C(CCCOc1ccc(Cl)cc1Cl)NN=Cc1cccc(C(F)(F)F)c1,oracle,autodockgpu,-7.79,energy,9.698831824557516,9.698831824557516,"{""free_energy"": -6.18, ""intermolecular_energy"": -8.87, ""internal_energy"": -2.05, ""cluster_size"": 2, ""cluster_id"": 6, ""rank_in_cluster"": 1}",-7.06,1.57,1,O=C(CCCOc1ccc(Cl)cc1Cl)N/N=C/c1cccc(C(F)(F)F)c1
808,O=C(CCCOc1ccc(Cl)cc1Cl)NN=Cc1cccc(C(F)(F)F)c1,oracle,autodockgpu,-7.79,energy,10.192190397312372,10.192190397312372,"{""free_energy"": -5.56, ""intermolecular_energy"": -8.25, ""internal_energy"": -1.99, ""cluster_size"": 2, ""cluster_id"": 10, ""rank_in_cluster"": 2}",-6.95,0.73,1,O=C(CCCOc1ccc(Cl)cc1Cl)N/N=C\c1cccc(C(F)(F)F)c1
809,O=C(CCCOc1ccc(Cl)cc1Cl)NN=Cc1cccc(C(F)(F)F)c1,oracle,autodockgpu,-7.79,energy,5.938303296396608,5.938303296396608,"{""free_energy"": -7.44, ""intermolecular_energy"": -10.13, ""internal_energy"": -0.64, ""cluster_size"": 11, ""cluster_id"": 1, ""rank_in_cluster"": 3}",-6.78,1.74,1,O=C(CCCOc1ccc(Cl)cc1Cl)N/N=C/c1cccc(C(F)(F)F)c1
810,O=C(CCCOc1ccc(Cl)cc1Cl)NN=Cc1cccc(C(F)(F)F)c1,oracle,autodockgpu,-7.79,energy,9.443015579074398,9.443015579074398,"{""free_energy"": -6.44, ""intermolecular_energy"": -9.12, ""internal_energy"": -1.5, ""cluster_size"": 6, ""cluster_id"": 4, ""rank_in_cluster"": 4}",-6.6,1.58,1,O=C(CCCOc1ccc(Cl)cc1Cl)N/N=C/c1cccc(C(F)(F)F)c1
811,O=C(CCCOc1ccc(Cl)cc1Cl)NN=Cc1cccc(C(F)(F)F)c1,oracle,autodockgpu,-7.79,energy,6.242959970911775,6.242959970911775,"{""free_energy"": -6.6, ""intermolecular_energy"": -9.29, ""internal_energy"": -1.02, ""cluster_size"": 14, ""cluster_id"": 2, ""rank_in_cluster"": 12}",-7.27,0.0,2,O=C(CCCOc1ccc(Cl)cc1Cl)N/N=C/c1cccc(C(F)(F)F)c1
812,O=C(CCCOc1ccc(Cl)cc1Cl)NN=Cc1cccc(C(F)(F)F)c1,oracle,autodockgpu,-7.79,energy,5.9658586695387115,5.9658586695387115,"{""free_energy"": -6.95, ""intermolecular_energy"": -9.64, ""internal_energy"": -0.85, ""cluster_size"": 11, ""cluster_id"": 1, ""rank_in_cluster"": 9}",-7.19,1.0,2,O=C(CCCOc1ccc(Cl)cc1Cl)N/N=C/c1cccc(C(F)(F)F)c1
813,O=C(CCCOc1ccc(Cl)cc1Cl)NN=Cc1cccc(C(F)(F)F)c1,oracle,autodockgpu,-7.79,energy,6.750038724466311,6.750038724466311,"{""free_energy"": -6.84, ""intermolecular_energy"": -9.53, ""internal_energy"": -0.83, ""cluster_size"": 14, ""cluster_id"": 2, ""rank_in_cluster"": 10}",-7.1,1.69,2,O=C(CCCOc1ccc(Cl)cc1Cl)N/N=C/c1cccc(C(F)(F)F)c1
814,O=C(CCCOc1ccc(Cl)cc1Cl)NN=Cc1cccc(C(F)(F)F)c1,oracle,autodockgpu,-7.79,energy,9.626386826946987,9.626386826946987,"{""free_energy"": -5.91, ""intermolecular_energy"": -8.6, ""internal_energy"": -1.88, ""cluster_size"": 2, ""cluster_id"": 10, ""rank_in_cluster"": 1}",-7.02,1.0,2,O=C(CCCOc1ccc(Cl)cc1Cl)N/N=C/c1cccc(C(F)(F)F)c1
815,O=C(CCCOc1ccc(Cl)cc1Cl)NN=Cc1cccc(C(F)(F)F)c1,oracle,autodockgpu,-7.79,energy,5.7276300482417675,5.7276300482417675,"{""free_energy"": -7.14, ""intermolecular_energy"": -9.82, ""internal_energy"": -0.86, ""cluster_size"": 11, ""cluster_id"": 1, ""rank_in_cluster"": 5}",-7.01,1.71,2,O=C(CCCOc1ccc(Cl)cc1Cl)N/N=C/c1cccc(C(F)(F)F)c1
816,O=C(CCCOc1ccc(Cl)cc1Cl)NN=Cc1cccc(C(F)(F)F)c1,oracle,autodockgpu,-7.79,energy,8.112196909023282,8.112196909023282,"{""free_energy"": -5.52, ""intermolecular_energy"": -8.21, ""internal_energy"": -2.03, ""cluster_size"": 2, ""cluster_id"": 7, ""rank_in_cluster"": 2}",-6.99,1.26,2,O=C(CCCOc1ccc(Cl)cc1Cl)N/N=C/c1cccc(C(F)(F)F)c1
817,O=C(CCCOc1ccc(Cl)cc1Cl)NN=Cc1cccc(C(F)(F)F)c1,oracle,autodockgpu,-7.79,energy,5.385674299639718,5.385674299639718,"{""free_energy"": -7.27, ""intermolecular_energy"": -9.95, ""internal_energy"": -0.9, ""cluster_size"": 14, ""cluster_id"": 2, ""rank_in_cluster"": 1}",-6.96,1.35,2,O=C(CCCOc1ccc(Cl)cc1Cl)N/N=C/c1cccc(C(F)(F)F)c1
818,O=C(CCCOc1ccc(Cl)cc1Cl)NN=Cc1cccc(C(F)(F)F)c1,oracle,autodockgpu,-7.79,energy,10.39957415469427,10.39957415469427,"{""free_energy"": -5.57, ""intermolecular_energy"": -8.25, ""internal_energy"": -2.39, ""cluster_size"": 5, ""cluster_id"": 11, ""rank_in_cluster"": 3}",-6.88,1.24,2,O=C(CCCOc1ccc(Cl)cc1Cl)N/N=C/c1cccc(C(F)(F)F)c1
819,O=C(CCCOc1ccc(Cl)cc1Cl)NN=Cc1cccc(C(F)(F)F)c1,oracle,autodockgpu,-7.79,energy,11.859619878732051,11.859619878732051,"{""free_energy"": -5.3, ""intermolecular_energy"": -7.98, ""internal_energy"": -2.61, ""cluster_size"": 1, ""cluster_id"": 13, ""rank_in_cluster"": 1}",-6.85,1.37,2,O=C(CCCOc1ccc(Cl)cc1Cl)N/N=C/c1cccc(C(F)(F)F)c1
820,O=C(CCCOc1ccc(Cl)cc1Cl)NN=Cc1cccc(C(F)(F)F)c1,oracle,autodockgpu,-7.79,energy,6.68400782541465,6.68400782541465,"{""free_energy"": -6.85, ""intermolecular_energy"": -9.54, ""internal_energy"": -0.77, ""cluster_size"": 14, ""cluster_id"": 2, ""rank_in_cluster"": 9}",-6.84,1.25,2,O=C(CCCOc1ccc(Cl)cc1Cl)N/N=C\c1cccc(C(F)(F)F)c1
821,O=C(CCCOc1ccc(Cl)cc1Cl)NN=Cc1cccc(C(F)(F)F)c1,oracle,autodockgpu,-7.79,energy,8.020757403606584,8.020757403606584,"{""free_energy"": -5.4, ""intermolecular_energy"": -8.09, ""internal_energy"": -2.41, ""cluster_size"": 3, ""cluster_id"": 12, ""rank_in_cluster"": 2}",-6.79,1.31,2,O=C(CCCOc1ccc(Cl)cc1Cl)N/N=C\c1cccc(C(F)(F)F)c1
822,O=C(CCCOc1ccc(Cl)cc1Cl)NN=Cc1cccc(C(F)(F)F)c1,oracle,autodockgpu,-7.79,energy,7.277163169242599,7.277163169242599,"{""free_energy"": -5.24, ""intermolecular_energy"": -7.92, ""internal_energy"": -2.4, ""cluster_size"": 3, ""cluster_id"": 12, ""rank_in_cluster"": 3}",-6.6,1.23,2,O=C(CCCOc1ccc(Cl)cc1Cl)N/N=C\c1cccc(C(F)(F)F)c1
823,O=C(CCCOc1ccc(Cl)cc1Cl)NN=Cc1cccc(C(F)(F)F)c1,oracle,autodockgpu,-7.79,energy,6.024259510654383,6.024259510654383,"{""free_energy"": -6.99, ""intermolecular_energy"": -9.68, ""internal_energy"": -1.11, ""cluster_size"": 14, ""cluster_id"": 2, ""rank_in_cluster"": 6}",-6.59,1.19,2,O=C(CCCOc1ccc(Cl)cc1Cl)N/N=C\c1cccc(C(F)(F)F)c1
824,O=C(CCCOc1ccc(Cl)cc1Cl)NN=Cc1cccc(C(F)(F)F)c1,oracle,autodockgpu,-7.79,energy,10.625165758404492,10.625165758404492,"{""free_energy"": -5.56, ""intermolecular_energy"": -8.24, ""internal_energy"": -2.49, ""cluster_size"": 5, ""cluster_id"": 11, ""rank_in_cluster"": 4}",-6.34,1.47,2,O=C(CCCOc1ccc(Cl)cc1Cl)N/N=C/c1cccc(C(F)(F)F)c1
825,O=C(CCCOc1ccc(Cl)cc1Cl)NN=Cc1cccc(C(F)(F)F)c1,oracle,autodockgpu,-7.79,energy,9.244273032860537,9.244273032860537,"{""free_energy"": -6.6, ""intermolecular_energy"": -9.29, ""internal_energy"": -1.09, ""cluster_size"": 6, ""cluster_id"": 4, ""rank_in_cluster"": 2}",-6.93,0.0,3,O=C(CCCOc1ccc(Cl)cc1Cl)N/N=C/c1cccc(C(F)(F)F)c1
826,O=C(CCCOc1ccc(Cl)cc1Cl)NN=Cc1cccc(C(F)(F)F)c1,oracle,autodockgpu,-7.79,energy,6.855081960605669,6.855081960605669,"{""free_energy"": -6.59, ""intermolecular_energy"": -9.28, ""internal_energy"": -1.0, ""cluster_size"": 14, ""cluster_id"": 2, ""rank_in_cluster"": 13}",-6.7,0.0,4,O=C(CCCOc1ccc(Cl)cc1Cl)N/N=C/c1cccc(C(F)(F)F)c1
827,O=C(CCCOc1ccc(Cl)cc1Cl)NN=Cc1cccc(C(F)(F)F)c1,oracle,autodockgpu,-7.79,energy,10.616393038146738,10.616393038146738,"{""free_energy"": -5.9, ""intermolecular_energy"": -8.58, ""internal_energy"": -2.04, ""cluster_size"": 5, ""cluster_id"": 11, ""rank_in_cluster"": 1}",-6.6,1.85,4,O=C(CCCOc1ccc(Cl)cc1Cl)N/N=C/c1cccc(C(F)(F)F)c1
828,O=C(CCCOc1ccc(Cl)cc1Cl)NN=Cc1cccc(C(F)(F)F)c1,oracle,autodockgpu,-7.79,energy,5.758768111318455,5.758768111318455,"{""free_energy"": -7.41, ""intermolecular_energy"": -10.09, ""internal_energy"": -0.83, ""cluster_size"": 11, ""cluster_id"": 1, ""rank_in_cluster"": 4}",-6.54,0.88,4,O=C(CCCOc1ccc(Cl)cc1Cl)N/N=C/c1cccc(C(F)(F)F)c1
829,O=C(CCCOc1ccc(Cl)cc1Cl)NN=Cc1cccc(C(F)(F)F)c1,oracle,autodockgpu,-7.79,energy,6.142692188158235,6.142692188158235,"{""free_energy"": -6.79, ""intermolecular_energy"": -9.48, ""internal_energy"": -1.23, ""cluster_size"": 14, ""cluster_id"": 2, ""rank_in_cluster"": 11}",-6.44,1.74,4,O=C(CCCOc1ccc(Cl)cc1Cl)N/N=C\c1cccc(C(F)(F)F)c1
830,O=C(CCCOc1ccc(Cl)cc1Cl)NN=Cc1cccc(C(F)(F)F)c1,oracle,autodockgpu,-7.79,energy,5.589802429183208,5.589802429183208,"{""free_energy"": -7.1, ""intermolecular_energy"": -9.79, ""internal_energy"": -0.84, ""cluster_size"": 14, ""cluster_id"": 2, ""rank_in_cluster"": 3}",-6.21,1.66,4,O=C(CCCOc1ccc(Cl)cc1Cl)N/N=C/c1cccc(C(F)(F)F)c1
831,O=C(CCCOc1ccc(Cl)cc1Cl)NN=Cc1cccc(C(F)(F)F)c1,oracle,autodockgpu,-7.79,energy,5.4916925834536015,5.4916925834536015,"{""free_energy"": -6.88, ""intermolecular_energy"": -9.56, ""internal_energy"": -0.88, ""cluster_size"": 14, ""cluster_id"": 2, ""rank_in_cluster"": 8}",-6.03,1.98,4,O=C(CCCOc1ccc(Cl)cc1Cl)N/N=C/c1cccc(C(F)(F)F)c1
832,O=C(CCCOc1ccc(Cl)cc1Cl)NN=Cc1cccc(C(F)(F)F)c1,oracle,autodockgpu,-7.79,energy,10.224641542352868,10.224641542352868,"{""free_energy"": -5.19, ""intermolecular_energy"": -7.88, ""internal_energy"": -2.62, ""cluster_size"": 5, ""cluster_id"": 11, ""rank_in_cluster"": 5}",-6.62,0.0,5,O=C(CCCOc1ccc(Cl)cc1Cl)N/N=C/c1cccc(C(F)(F)F)c1
833,O=C(CCCOc1ccc(Cl)cc1Cl)NN=Cc1cccc(C(F)(F)F)c1,oracle,autodockgpu,-7.79,energy,5.891285945496573,5.891285945496573,"{""free_energy"": -7.7, ""intermolecular_energy"": -10.39, ""internal_energy"": -0.95, ""cluster_size"": 11, ""cluster_id"": 1, ""rank_in_cluster"": 2}",-6.18,0.0,6,O=C(CCCOc1ccc(Cl)cc1Cl)N/N=C/c1cccc(C(F)(F)F)c1
834,O=C(CCCOc1ccc(Cl)cc1Cl)NN=Cc1cccc(C(F)(F)F)c1,oracle,autodockgpu,-7.79,energy,5.825552592701303,5.825552592701303,"{""free_energy"": -6.34, ""intermolecular_energy"": -9.03, ""internal_energy"": -1.35, ""cluster_size"": 14, ""cluster_id"": 2, ""rank_in_cluster"": 14}",-6.05,0.19,6,O=C(CCCOc1ccc(Cl)cc1Cl)N/N=C\c1cccc(C(F)(F)F)c1
835,O=C(CCCOc1ccc(Cl)cc1Cl)NN=Cc1cccc(C(F)(F)F)c1,oracle,autodockgpu,-7.79,energy,8.913531719773175,8.913531719773175,"{""free_energy"": -6.02, ""intermolecular_energy"": -8.7, ""internal_energy"": -1.79, ""cluster_size"": 1, ""cluster_id"": 8, ""rank_in_cluster"": 1}",-6.14,0.0,7,O=C(CCCOc1ccc(Cl)cc1Cl)N/N=C/c1cccc(C(F)(F)F)c1
836,O=C(CCCOc1ccc(Cl)cc1Cl)NN=Cc1cccc(C(F)(F)F)c1,oracle,autodockgpu,-7.79,energy,9.676609033334552,9.676609033334552,"{""free_energy"": -6.05, ""intermolecular_energy"": -8.73, ""internal_energy"": -2.06, ""cluster_size"": 2, ""cluster_id"": 6, ""rank_in_cluster"": 2}",-5.52,0.85,7,O=C(CCCOc1ccc(Cl)cc1Cl)N/N=C/c1cccc(C(F)(F)F)c1
837,O=C(CCCOc1ccc(Cl)cc1Cl)NN=Cc1cccc(C(F)(F)F)c1,oracle,autodockgpu,-7.79,energy,5.616141447861637,5.616141447861637,"{""free_energy"": -7.12, ""intermolecular_energy"": -9.8, ""internal_energy"": -0.94, ""cluster_size"": 11, ""cluster_id"": 1, ""rank_in_cluster"": 6}",-6.02,0.0,8,O=C(CCCOc1ccc(Cl)cc1Cl)N/N=C/c1cccc(C(F)(F)F)c1
838,O=C(CCCOc1ccc(Cl)cc1Cl)NN=Cc1cccc(C(F)(F)F)c1,oracle,autodockgpu,-7.79,energy,6.391343666871768,6.391343666871768,"{""free_energy"": -6.78, ""intermolecular_energy"": -9.46, ""internal_energy"": -0.99, ""cluster_size"": 11, ""cluster_id"": 1, ""rank_in_cluster"": 10}",-5.94,0.0,9,O=C(CCCOc1ccc(Cl)cc1Cl)N/N=C/c1cccc(C(F)(F)F)c1
839,O=C(CCCOc1ccc(Cl)cc1Cl)NN=Cc1cccc(C(F)(F)F)c1,oracle,autodockgpu,-7.79,energy,6.565114187318413,6.565114187318413,"{""free_energy"": -6.96, ""intermolecular_energy"": -9.65, ""internal_energy"": -0.85, ""cluster_size"": 14, ""cluster_id"": 2, ""rank_in_cluster"": 7}",-5.91,0.0,10,O=C(CCCOc1ccc(Cl)cc1Cl)N/N=C/c1cccc(C(F)(F)F)c1
840,O=C(CCCOc1ccc(Cl)cc1Cl)NN=Cc1cccc(C(F)(F)F)c1,oracle,autodockgpu,-7.79,energy,6.358711054257881,6.358711054257881,"{""free_energy"": -7.06, ""intermolecular_energy"": -9.74, ""internal_energy"": -1.15, ""cluster_size"": 11, ""cluster_id"": 1, ""rank_in_cluster"": 8}",-5.56,1.13,10,O=C(CCCOc1ccc(Cl)cc1Cl)N/N=C/c1cccc(C(F)(F)F)c1
841,O=C(CCCOc1ccc(Cl)cc1Cl)NN=Cc1cccc(C(F)(F)F)c1,oracle,autodockgpu,-7.79,energy,5.9257148531675625,5.9257148531675625,"{""free_energy"": -7.19, ""intermolecular_energy"": -9.87, ""internal_energy"": -0.68, ""cluster_size"": 14, ""cluster_id"": 2, ""rank_in_cluster"": 2}",-5.9,0.0,11,O=C(CCCOc1ccc(Cl)cc1Cl)N/N=C/c1cccc(C(F)(F)F)c1
842,O=C(CCCOc1ccc(Cl)cc1Cl)NN=Cc1cccc(C(F)(F)F)c1,oracle,autodockgpu,-7.79,energy,5.328562163040259,5.328562163040259,"{""free_energy"": -7.02, ""intermolecular_energy"": -9.7, ""internal_energy"": -0.89, ""cluster_size"": 14, ""cluster_id"": 2, ""rank_in_cluster"": 4}",-5.74,0.7,11,O=C(CCCOc1ccc(Cl)cc1Cl)N/N=C/c1cccc(C(F)(F)F)c1
843,O=C(CCCOc1ccc(Cl)cc1Cl)NN=Cc1cccc(C(F)(F)F)c1,oracle,autodockgpu,-7.79,energy,13.118685372196225,13.118685372196225,"{""free_energy"": -6.62, ""intermolecular_energy"": -9.31, ""internal_energy"": -0.8, ""cluster_size"": 1, ""cluster_id"": 5, ""rank_in_cluster"": 1}",-5.57,0.65,11,O=C(CCCOc1ccc(Cl)cc1Cl)N/N=C/c1cccc(C(F)(F)F)c1
844,O=C(CCCOc1ccc(Cl)cc1Cl)NN=Cc1cccc(C(F)(F)F)c1,oracle,autodockgpu,-7.79,energy,9.19955760553,9.19955760553,"{""free_energy"": -6.54, ""intermolecular_energy"": -9.22, ""internal_energy"": -1.19, ""cluster_size"": 6, ""cluster_id"": 4, ""rank_in_cluster"": 3}",-5.56,0.83,11,O=C(CCCOc1ccc(Cl)cc1Cl)N/N=C/c1cccc(C(F)(F)F)c1
845,O=C(CCCOc1ccc(Cl)cc1Cl)NN=Cc1cccc(C(F)(F)F)c1,oracle,autodockgpu,-7.79,energy,9.808853478171503,9.808853478171503,"{""free_energy"": -6.03, ""intermolecular_energy"": -8.71, ""internal_energy"": -2.13, ""cluster_size"": 6, ""cluster_id"": 4, ""rank_in_cluster"": 6}",-5.19,1.35,11,O=C(CCCOc1ccc(Cl)cc1Cl)N/N=C/c1cccc(C(F)(F)F)c1
846,O=C(CCCOc1ccc(Cl)cc1Cl)NN=Cc1cccc(C(F)(F)F)c1,oracle,autodockgpu,-7.79,energy,7.550695788782765,7.550695788782765,"{""free_energy"": -7.01, ""intermolecular_energy"": -9.69, ""internal_energy"": -0.96, ""cluster_size"": 14, ""cluster_id"": 2, ""rank_in_cluster"": 5}",-5.6,0.0,12,O=C(CCCOc1ccc(Cl)cc1Cl)N/N=C/c1cccc(C(F)(F)F)c1
847,O=C(CCCOc1ccc(Cl)cc1Cl)NN=Cc1cccc(C(F)(F)F)c1,oracle,autodockgpu,-7.79,energy,9.913962511153938,9.913962511153938,"{""free_energy"": -6.7, ""intermolecular_energy"": -9.39, ""internal_energy"": -1.36, ""cluster_size"": 6, ""cluster_id"": 4, ""rank_in_cluster"": 1}",-5.4,1.15,12,O=C(CCCOc1ccc(Cl)cc1Cl)N/N=C/c1cccc(C(F)(F)F)c1
848,O=C(CCCOc1ccc(Cl)cc1Cl)NN=Cc1cccc(C(F)(F)F)c1,oracle,autodockgpu,-7.79,energy,5.8927607271316464,5.8927607271316464,"{""free_energy"": -7.79, ""intermolecular_energy"": -10.47, ""internal_energy"": -0.93, ""cluster_size"": 11, ""cluster_id"": 1, ""rank_in_cluster"": 1}",-5.24,0.56,12,O=C(CCCOc1ccc(Cl)cc1Cl)N/N=C/c1cccc(C(F)(F)F)c1
849,O=C(CCCOc1ccc(Cl)cc1Cl)NN=Cc1cccc(C(F)(F)F)c1,oracle,autodockgpu,-7.79,energy,9.931692361495614,9.931692361495614,"{""free_energy"": -6.21, ""intermolecular_energy"": -8.89, ""internal_energy"": -1.98, ""cluster_size"": 6, ""cluster_id"": 4, ""rank_in_cluster"": 5}",-5.3,0.0,13,O=C(CCCOc1ccc(Cl)cc1Cl)N/N=C/c1cccc(C(F)(F)F)c1
850,CN1CCN(C(=O)c2cccc(C3=Nc4ccc(C#Cc5ccccc5)cc4NC(=O)C3)c2)CC1,oracle,autodockgpu,-6.41,energy,12.583530186370705,12.583530186370705,"{""free_energy"": -5.77, ""intermolecular_energy"": -8.45, ""internal_energy"": -1.24, ""cluster_size"": 4, ""cluster_id"": 3, ""rank_in_cluster"": 3}",-6.41,0.0,1,CN1CCN(C(=O)c2cccc(C3=Nc4ccc(C#Cc5ccccc5)cc4NC(=O)C3)c2)CC1
851,CN1CCN(C(=O)c2cccc(C3=Nc4ccc(C#Cc5ccccc5)cc4NC(=O)C3)c2)CC1,oracle,autodockgpu,-6.41,energy,11.273145700689609,11.273145700689609,"{""free_energy"": -5.26, ""intermolecular_energy"": -7.94, ""internal_energy"": -1.25, ""cluster_size"": 1, ""cluster_id"": 10, ""rank_in_cluster"": 1}",-6.37,0.12,1,CN1CCN(C(=O)c2cccc(C3=Nc4ccc(C#Cc5ccccc5)cc4NC(=O)C3)c2)CC1
852,CN1CCN(C(=O)c2cccc(C3=Nc4ccc(C#Cc5ccccc5)cc4NC(=O)C3)c2)CC1,oracle,autodockgpu,-6.41,energy,9.319662546391806,9.319662546391806,"{""free_energy"": -5.59, ""intermolecular_energy"": -8.28, ""internal_energy"": -1.23, ""cluster_size"": 7, ""cluster_id"": 5, ""rank_in_cluster"": 5}",-6.15,0.45,1,CN1CCN(C(=O)c2cccc(C3=Nc4ccc(C#Cc5ccccc5)cc4NC(=O)C3)c2)CC1
853,CN1CCN(C(=O)c2cccc(C3=Nc4ccc(C#Cc5ccccc5)cc4NC(=O)C3)c2)CC1,oracle,autodockgpu,-6.41,energy,8.595544481446328,8.595544481446328,"{""free_energy"": -6.02, ""intermolecular_energy"": -8.71, ""internal_energy"": -1.27, ""cluster_size"": 5, ""cluster_id"": 4, ""rank_in_cluster"": 1}",-6.15,0.65,1,CN1CCN(C(=O)c2cccc(C3=Nc4ccc(C#Cc5ccccc5)cc4NC(=O)C3)c2)CC1
854,CN1CCN(C(=O)c2cccc(C3=Nc4ccc(C#Cc5ccccc5)cc4NC(=O)C3)c2)CC1,oracle,autodockgpu,-6.41,energy,8.529156130590492,8.529156130590492,"{""free_energy"": -6.01, ""intermolecular_energy"": -8.69, ""internal_energy"": -1.25, ""cluster_size"": 10, ""cluster_id"": 1, ""rank_in_cluster"": 7}",-6.05,0.7,1,CN1CCN(C(=O)c2cccc(C3=Nc4ccc(C#Cc5ccccc5)cc4NC(=O)C3)c2)CC1
855,CN1CCN(C(=O)c2cccc(C3=Nc4ccc(C#Cc5ccccc5)cc4NC(=O)C3)c2)CC1,oracle,autodockgpu,-6.41,energy,9.20082864657654,9.20082864657654,"{""free_energy"": -5.86, ""intermolecular_energy"": -8.55, ""internal_energy"": -1.23, ""cluster_size"": 7, ""cluster_id"": 5, ""rank_in_cluster"": 3}",-6.02,0.69,1,CN1CCN(C(=O)c2cccc(C3=Nc4ccc(C#Cc5ccccc5)cc4NC(=O)C3)c2)CC1
856,CN1CCN(C(=O)c2cccc(C3=Nc4ccc(C#Cc5ccccc5)cc4NC(=O)C3)c2)CC1,oracle,autodockgpu,-6.41,energy,8.876560822786304,8.876560822786304,"{""free_energy"": -5.22, ""intermolecular_energy"": -7.9, ""internal_energy"": -1.12, ""cluster_size"": 1, ""cluster_id"": 11, ""rank_in_cluster"": 1}",-6.01,0.48,1,CN1CCN(C(=O)c2cccc(C3=Nc4ccc(C#Cc5ccccc5)cc4NC(=O)C3)c2)CC1
857,CN1CCN(C(=O)c2cccc(C3=Nc4ccc(C#Cc5ccccc5)cc4NC(=O)C3)c2)CC1,oracle,autodockgpu,-6.41,energy,9.212355806572383,9.212355806572383,"{""free_energy"": -6.01, ""intermolecular_energy"": -8.7, ""internal_energy"": -1.24, ""cluster_size"": 7, ""cluster_id"": 5, ""rank_in_cluster"": 1}",-5.82,1.62,1,CN1CCN(C(=O)c2cccc(C3=Nc4ccc(C#Cc5ccccc5)cc4NC(=O)C3)c2)CC1
858,CN1CCN(C(=O)c2cccc(C3=Nc4ccc(C#Cc5ccccc5)cc4NC(=O)C3)c2)CC1,oracle,autodockgpu,-6.41,energy,6.649333682608686,6.649333682608686,"{""free_energy"": -5.15, ""intermolecular_energy"": -7.83, ""internal_energy"": -1.26, ""cluster_size"": 1, ""cluster_id"": 12, ""rank_in_cluster"": 1}",-5.78,0.62,1,CN1CCN(C(=O)c2cccc(C3=Nc4ccc(C#Cc5ccccc5)cc4NC(=O)C3)c2)CC1
859,CN1CCN(C(=O)c2cccc(C3=Nc4ccc(C#Cc5ccccc5)cc4NC(=O)C3)c2)CC1,oracle,autodockgpu,-6.41,energy,8.51105800327359,8.51105800327359,"{""free_energy"": -5.59, ""intermolecular_energy"": -8.28, ""internal_energy"": -1.28, ""cluster_size"": 2, ""cluster_id"": 7, ""rank_in_cluster"": 1}",-5.37,0.26,1,CN1CCN(C(=O)c2cccc(C3=Nc4ccc(C#Cc5ccccc5)cc4NC(=O)C3)c2)CC1
860,CN1CCN(C(=O)c2cccc(C3=Nc4ccc(C#Cc5ccccc5)cc4NC(=O)C3)c2)CC1,oracle,autodockgpu,-6.41,energy,12.458580237368533,12.458580237368533,"{""free_energy"": -6.09, ""intermolecular_energy"": -8.77, ""internal_energy"": -1.22, ""cluster_size"": 4, ""cluster_id"": 3, ""rank_in_cluster"": 2}",-6.21,0.0,2,CN1CCN(C(=O)c2cccc(C3=Nc4ccc(C#Cc5ccccc5)cc4NC(=O)C3)c2)CC1
861,CN1CCN(C(=O)c2cccc(C3=Nc4ccc(C#Cc5ccccc5)cc4NC(=O)C3)c2)CC1,oracle,autodockgpu,-6.41,energy,9.858925675963789,9.858925675963789,"{""free_energy"": -6.01, ""intermolecular_energy"": -8.7, ""internal_energy"": -1.23, ""cluster_size"": 14, ""cluster_id"": 2, ""rank_in_cluster"": 5}",-6.1,0.07,2,CN1CCN(C(=O)c2cccc(C3=Nc4ccc(C#Cc5ccccc5)cc4NC(=O)C3)c2)CC1
862,CN1CCN(C(=O)c2cccc(C3=Nc4ccc(C#Cc5ccccc5)cc4NC(=O)C3)c2)CC1,oracle,autodockgpu,-6.41,energy,9.928724889259241,9.928724889259241,"{""free_energy"": -5.64, ""intermolecular_energy"": -8.33, ""internal_energy"": -1.21, ""cluster_size"": 14, ""cluster_id"": 2, ""rank_in_cluster"": 14}",-6.09,0.24,2,CN1CCN(C(=O)c2cccc(C3=Nc4ccc(C#Cc5ccccc5)cc4NC(=O)C3)c2)CC1
863,CN1CCN(C(=O)c2cccc(C3=Nc4ccc(C#Cc5ccccc5)cc4NC(=O)C3)c2)CC1,oracle,autodockgpu,-6.41,energy,10.000389434592416,10.000389434592416,"{""free_energy"": -5.79, ""intermolecular_energy"": -8.48, ""internal_energy"": -1.24, ""cluster_size"": 14, ""cluster_id"": 2, ""rank_in_cluster"": 11}",-6.06,1.08,2,CN1CCN(C(=O)c2cccc(C3=Nc4ccc(C#Cc5ccccc5)cc4NC(=O)C3)c2)CC1
864,CN1CCN(C(=O)c2cccc(C3=Nc4ccc(C#Cc5ccccc5)cc4NC(=O)C3)c2)CC1,oracle,autodockgpu,-6.41,energy,8.236649233374974,8.236649233374974,"{""free_energy"": -5.82, ""intermolecular_energy"": -8.5, ""internal_energy"": -1.09, ""cluster_size"": 10, ""cluster_id"": 1, ""rank_in_cluster"": 8}",-6.01,0.65,2,CN1CCN(C(=O)c2cccc(C3=Nc4ccc(C#Cc5ccccc5)cc4NC(=O)C3)c2)CC1
865,CN1CCN(C(=O)c2cccc(C3=Nc4ccc(C#Cc5ccccc5)cc4NC(=O)C3)c2)CC1,oracle,autodockgpu,-6.41,energy,8.585317430554639,8.585317430554639,"{""free_energy"": -6.05, ""intermolecular_energy"": -8.73, ""internal_energy"": -1.26, ""cluster_size"": 10, ""cluster_id"": 1, ""rank_in_cluster"": 5}",-5.91,1.09,2,CN1CCN(C(=O)c2cccc(C3=Nc4ccc(C#Cc5ccccc5)cc4NC(=O)C3)c2)CC1
866,CN1CCN(C(=O)c2cccc(C3=Nc4ccc(C#Cc5ccccc5)cc4NC(=O)C3)c2)CC1,oracle,autodockgpu,-6.41,energy,8.579081821624367,8.579081821624367,"{""free_energy"": -5.37, ""intermolecular_energy"": -8.06, ""internal_energy"": -1.25, ""cluster_size"": 10, ""cluster_id"": 1, ""rank_in_cluster"": 10}",-5.91,0.16,2,CN1CCN(C(=O)c2cccc(C3=Nc4ccc(C#Cc5ccccc5)cc4NC(=O)C3)c2)CC1
867,CN1CCN(C(=O)c2cccc(C3=Nc4ccc(C#Cc5ccccc5)cc4NC(=O)C3)c2)CC1,oracle,autodockgpu,-6.41,energy,7.431182974349664,7.431182974349664,"{""free_energy"": -5.52, ""intermolecular_energy"": -8.2, ""internal_energy"": -1.28, ""cluster_size"": 3, ""cluster_id"": 6, ""rank_in_cluster"": 2}",-5.82,0.27,2,CN1CCN(C(=O)c2cccc(C3=Nc4ccc(C#Cc5ccccc5)cc4NC(=O)C3)c2)CC1
868,CN1CCN(C(=O)c2cccc(C3=Nc4ccc(C#Cc5ccccc5)cc4NC(=O)C3)c2)CC1,oracle,autodockgpu,-6.41,energy,9.88535150033807,9.88535150033807,"{""free_energy"": -6.1, ""intermolecular_energy"": -8.79, ""internal_energy"": -1.24, ""cluster_size"": 14, ""cluster_id"": 2, ""rank_in_cluster"": 2}",-5.81,0.32,2,CN1CCN(C(=O)c2cccc(C3=Nc4ccc(C#Cc5ccccc5)cc4NC(=O)C3)c2)CC1
869,CN1CCN(C(=O)c2cccc(C3=Nc4ccc(C#Cc5ccccc5)cc4NC(=O)C3)c2)CC1,oracle,autodockgpu,-6.41,energy,10.069860690490033,10.069860690490033,"{""free_energy"": -5.71, ""intermolecular_energy"": -8.39, ""internal_energy"": -1.26, ""cluster_size"": 14, ""cluster_id"": 2, ""rank_in_cluster"": 12}",-5.8,0.61,2,CN1CCN(C(=O)c2cccc(C3=Nc4ccc(C#Cc5ccccc5)cc4NC(=O)C3)c2)CC1
870,CN1CCN(C(=O)c2cccc(C3=Nc4ccc(C#Cc5ccccc5)cc4NC(=O)C3)c2)CC1,oracle,autodockgpu,-6.41,energy,8.580720102459887,8.580720102459887,"{""free_energy"": -5.64, ""intermolecular_energy"": -8.33, ""internal_energy"": -1.27, ""cluster_size"": 5, ""cluster_id"": 4, ""rank_in_cluster"": 3}",-5.79,0.31,2,CN1CCN(C(=O)c2cccc(C3=Nc4ccc(C#Cc5ccccc5)cc4NC(=O)C3)c2)CC1
871,CN1CCN(C(=O)c2cccc(C3=Nc4ccc(C#Cc5ccccc5)cc4NC(=O)C3)c2)CC1,oracle,autodockgpu,-6.41,energy,8.617713975628428,8.617713975628428,"{""free_energy"": -6.15, ""intermolecular_energy"": -8.83, ""internal_energy"": -1.26, ""cluster_size"": 10, ""cluster_id"": 1, ""rank_in_cluster"": 4}",-5.71,0.53,2,CN1CCN(C(=O)c2cccc(C3=Nc4ccc(C#Cc5ccccc5)cc4NC(=O)C3)c2)CC1
872,CN1CCN(C(=O)c2cccc(C3=Nc4ccc(C#Cc5ccccc5)cc4NC(=O)C3)c2)CC1,oracle,autodockgpu,-6.41,energy,7.691640111785071,7.691640111785071,"{""free_energy"": -5.73, ""intermolecular_energy"": -8.42, ""internal_energy"": -1.25, ""cluster_size"": 3, ""cluster_id"": 6, ""rank_in_cluster"": 1}",-5.7,0.73,2,CN1CCN(C(=O)c2cccc(C3=Nc4ccc(C#Cc5ccccc5)cc4NC(=O)C3)c2)CC1
873,CN1CCN(C(=O)c2cccc(C3=Nc4ccc(C#Cc5ccccc5)cc4NC(=O)C3)c2)CC1,oracle,autodockgpu,-6.41,energy,9.971698184761104,9.971698184761104,"{""free_energy"": -6.09, ""intermolecular_energy"": -8.78, ""internal_energy"": -1.25, ""cluster_size"": 14, ""cluster_id"": 2, ""rank_in_cluster"": 3}",-5.64,1.21,2,CN1CCN(C(=O)c2cccc(C3=Nc4ccc(C#Cc5ccccc5)cc4NC(=O)C3)c2)CC1
874,CN1CCN(C(=O)c2cccc(C3=Nc4ccc(C#Cc5ccccc5)cc4NC(=O)C3)c2)CC1,oracle,autodockgpu,-6.41,energy,10.50352090719809,10.50352090719809,"{""free_energy"": -5.38, ""intermolecular_energy"": -8.07, ""internal_energy"": -1.14, ""cluster_size"": 7, ""cluster_id"": 5, ""rank_in_cluster"": 7}",-6.2,0.0,3,CN1CCN(C(=O)c2cccc(C3=Nc4ccc(C#Cc5ccccc5)cc4NC(=O)C3)c2)CC1
875,CN1CCN(C(=O)c2cccc(C3=Nc4ccc(C#Cc5ccccc5)cc4NC(=O)C3)c2)CC1,oracle,autodockgpu,-6.41,energy,9.932305153031567,9.932305153031567,"{""free_energy"": -5.75, ""intermolecular_energy"": -8.43, ""internal_energy"": -1.18, ""cluster_size"": 7, ""cluster_id"": 5, ""rank_in_cluster"": 4}",-6.09,1.07,3,CN1CCN(C(=O)c2cccc(C3=Nc4ccc(C#Cc5ccccc5)cc4NC(=O)C3)c2)CC1
876,CN1CCN(C(=O)c2cccc(C3=Nc4ccc(C#Cc5ccccc5)cc4NC(=O)C3)c2)CC1,oracle,autodockgpu,-6.41,energy,9.915449369904765,9.915449369904765,"{""free_energy"": -5.82, ""intermolecular_energy"": -8.5, ""internal_energy"": -1.24, ""cluster_size"": 14, ""cluster_id"": 2, ""rank_in_cluster"": 8}",-5.77,1.17,3,CN1CCN(C(=O)c2cccc(C3=Nc4ccc(C#Cc5ccccc5)cc4NC(=O)C3)c2)CC1
877,CN1CCN(C(=O)c2cccc(C3=Nc4ccc(C#Cc5ccccc5)cc4NC(=O)C3)c2)CC1,oracle,autodockgpu,-6.41,energy,9.838020590118827,9.838020590118827,"{""free_energy"": -5.91, ""intermolecular_energy"": -8.6, ""internal_energy"": -1.23, ""cluster_size"": 14, ""cluster_id"": 2, ""rank_in_cluster"": 6}",-5.66,0.31,3,CN1CCN(C(=O)c2cccc(C3=Nc4ccc(C#Cc5ccccc5)cc4NC(=O)C3)c2)CC1
878,CN1CCN(C(=O)c2cccc(C3=Nc4ccc(C#Cc5ccccc5)cc4NC(=O)C3)c2)CC1,oracle,autodockgpu,-6.41,energy,7.406056856337186,7.406056856337186,"{""free_energy"": -5.41, ""intermolecular_energy"": -8.09, ""internal_energy"": -1.28, ""cluster_size"": 3, ""cluster_id"": 6, ""rank_in_cluster"": 3}",-6.02,0.0,4,CN1CCN(C(=O)c2cccc(C3=Nc4ccc(C#Cc5ccccc5)cc4NC(=O)C3)c2)CC1
879,CN1CCN(C(=O)c2cccc(C3=Nc4ccc(C#Cc5ccccc5)cc4NC(=O)C3)c2)CC1,oracle,autodockgpu,-6.41,energy,12.527130135360931,12.527130135360931,"{""free_energy"": -6.2, ""intermolecular_energy"": -8.88, ""internal_energy"": -1.21, ""cluster_size"": 4, ""cluster_id"": 3, ""rank_in_cluster"": 1}",-5.86,0.55,4,CN1CCN(C(=O)c2cccc(C3=Nc4ccc(C#Cc5ccccc5)cc4NC(=O)C3)c2)CC1
880,CN1CCN(C(=O)c2cccc(C3=Nc4ccc(C#Cc5ccccc5)cc4NC(=O)C3)c2)CC1,oracle,autodockgpu,-6.41,energy,9.732637458706098,9.732637458706098,"{""free_energy"": -5.7, ""intermolecular_energy"": -8.39, ""internal_energy"": -1.23, ""cluster_size"": 14, ""cluster_id"": 2, ""rank_in_cluster"": 13}",-5.64,0.19,4,CN1CCN(C(=O)c2cccc(C3=Nc4ccc(C#Cc5ccccc5)cc4NC(=O)C3)c2)CC1
881,CN1CCN(C(=O)c2cccc(C3=Nc4ccc(C#Cc5ccccc5)cc4NC(=O)C3)c2)CC1,oracle,autodockgpu,-6.41,energy,8.527213793298698,8.527213793298698,"{""free_energy"": -6.15, ""intermolecular_energy"": -8.83, ""internal_energy"": -1.26, ""cluster_size"": 10, ""cluster_id"": 1, ""rank_in_cluster"": 3}",-5.52,1.26,4,CN1CCN(C(=O)c2cccc(C3=Nc4ccc(C#Cc5ccccc5)cc4NC(=O)C3)c2)CC1
882,CN1CCN(C(=O)c2cccc(C3=Nc4ccc(C#Cc5ccccc5)cc4NC(=O)C3)c2)CC1,oracle,autodockgpu,-6.41,energy,8.260733000105283,8.260733000105283,"{""free_energy"": -5.15, ""intermolecular_energy"": -7.84, ""internal_energy"": -1.26, ""cluster_size"": 2, ""cluster_id"": 7, ""rank_in_cluster"": 2}",-5.4,0.2,4,CN1CCN(C(=O)c2cccc(C3=Nc4ccc(C#Cc5ccccc5)cc4NC(=O)C3)c2)CC1
883,CN1CCN(C(=O)c2cccc(C3=Nc4ccc(C#Cc5ccccc5)cc4NC(=O)C3)c2)CC1,oracle,autodockgpu,-6.41,energy,8.64015763450236,8.64015763450236,"{""free_energy"": -5.78, ""intermolecular_energy"": -8.47, ""internal_energy"": -1.26, ""cluster_size"": 10, ""cluster_id"": 1, ""rank_in_cluster"": 9}",-6.01,0.0,5,CN1CCN(C(=O)c2cccc(C3=Nc4ccc(C#Cc5ccccc5)cc4NC(=O)C3)c2)CC1
884,CN1CCN(C(=O)c2cccc(C3=Nc4ccc(C#Cc5ccccc5)cc4NC(=O)C3)c2)CC1,oracle,autodockgpu,-6.41,energy,8.913009894276371,8.913009894276371,"{""free_energy"": -5.52, ""intermolecular_energy"": -8.21, ""internal_energy"": -1.23, ""cluster_size"": 5, ""cluster_id"": 4, ""rank_in_cluster"": 4}",-5.93,0.44,5,CN1CCN(C(=O)c2cccc(C3=Nc4ccc(C#Cc5ccccc5)cc4NC(=O)C3)c2)CC1
885,CN1CCN(C(=O)c2cccc(C3=Nc4ccc(C#Cc5ccccc5)cc4NC(=O)C3)c2)CC1,oracle,autodockgpu,-6.41,energy,9.988406256967647,9.988406256967647,"{""free_energy"": -5.81, ""intermolecular_energy"": -8.49, ""internal_energy"": -1.25, ""cluster_size"": 14, ""cluster_id"": 2, ""rank_in_cluster"": 9}",-5.86,0.09,5,CN1CCN(C(=O)c2cccc(C3=Nc4ccc(C#Cc5ccccc5)cc4NC(=O)C3)c2)CC1
886,CN1CCN(C(=O)c2cccc(C3=Nc4ccc(C#Cc5ccccc5)cc4NC(=O)C3)c2)CC1,oracle,autodockgpu,-6.41,energy,9.904908051360241,9.904908051360241,"{""free_energy"": -5.91, ""intermolecular_energy"": -8.59, ""internal_energy"": -1.24, ""cluster_size"": 14, ""cluster_id"": 2, ""rank_in_cluster"": 7}",-5.75,1.3,5,CN1CCN(C(=O)c2cccc(C3=Nc4ccc(C#Cc5ccccc5)cc4NC(=O)C3)c2)CC1
887,CN1CCN(C(=O)c2cccc(C3=Nc4ccc(C#Cc5ccccc5)cc4NC(=O)C3)c2)CC1,oracle,autodockgpu,-6.41,energy,12.399327281063522,12.399327281063522,"{""free_energy"": -5.66, ""intermolecular_energy"": -8.34, ""internal_energy"": -1.22, ""cluster_size"": 4, ""cluster_id"": 3, ""rank_in_cluster"": 4}",-5.59,0.2,5,CN1CCN(C(=O)c2cccc(C3=Nc4ccc(C#Cc5ccccc5)cc4NC(=O)C3)c2)CC1
888,CN1CCN(C(=O)c2cccc(C3=Nc4ccc(C#Cc5ccccc5)cc4NC(=O)C3)c2)CC1,oracle,autodockgpu,-6.41,energy,9.33585655697032,9.33585655697032,"{""free_energy"": -5.52, ""intermolecular_energy"": -8.21, ""internal_energy"": -1.24, ""cluster_size"": 7, ""cluster_id"": 5, ""rank_in_cluster"": 6}",-5.52,0.32,5,CN1CCN(C(=O)c2cccc(C3=Nc4ccc(C#Cc5ccccc5)cc4NC(=O)C3)c2)CC1
889,CN1CCN(C(=O)c2cccc(C3=Nc4ccc(C#Cc5ccccc5)cc4NC(=O)C3)c2)CC1,oracle,autodockgpu,-6.41,energy,8.587445466359478,8.587445466359478,"{""free_energy"": -6.41, ""intermolecular_energy"": -9.09, ""internal_energy"": -1.24, ""cluster_size"": 10, ""cluster_id"": 1, ""rank_in_cluster"": 1}",-5.38,1.43,5,CN1CCN(C(=O)c2cccc(C3=Nc4ccc(C#Cc5ccccc5)cc4NC(=O)C3)c2)CC1
890,CN1CCN(C(=O)c2cccc(C3=Nc4ccc(C#Cc5ccccc5)cc4NC(=O)C3)c2)CC1,oracle,autodockgpu,-6.41,energy,9.892527683648495,9.892527683648495,"{""free_energy"": -6.06, ""intermolecular_energy"": -8.75, ""internal_energy"": -1.22, ""cluster_size"": 14, ""cluster_id"": 2, ""rank_in_cluster"": 4}",-5.73,0.0,6,CN1CCN(C(=O)c2cccc(C3=Nc4ccc(C#Cc5ccccc5)cc4NC(=O)C3)c2)CC1
891,CN1CCN(C(=O)c2cccc(C3=Nc4ccc(C#Cc5ccccc5)cc4NC(=O)C3)c2)CC1,oracle,autodockgpu,-6.41,energy,9.906359693414757,9.906359693414757,"{""free_energy"": -6.21, ""intermolecular_energy"": -8.9, ""internal_energy"": -1.24, ""cluster_size"": 14, ""cluster_id"": 2, ""rank_in_cluster"": 1}",-5.52,1.29,6,CN1CCN(C(=O)c2cccc(C3=Nc4ccc(C#Cc5ccccc5)cc4NC(=O)C3)c2)CC1
892,CN1CCN(C(=O)c2cccc(C3=Nc4ccc(C#Cc5ccccc5)cc4NC(=O)C3)c2)CC1,oracle,autodockgpu,-6.41,energy,8.561641223874878,8.561641223874878,"{""free_energy"": -5.4, ""intermolecular_energy"": -8.09, ""internal_energy"": -1.27, ""cluster_size"": 5, ""cluster_id"": 4, ""rank_in_cluster"": 5}",-5.41,1.34,6,CN1CCN(C(=O)c2cccc(C3=Nc4ccc(C#Cc5ccccc5)cc4NC(=O)C3)c2)CC1
893,CN1CCN(C(=O)c2cccc(C3=Nc4ccc(C#Cc5ccccc5)cc4NC(=O)C3)c2)CC1,oracle,autodockgpu,-6.41,energy,8.538458439398859,8.538458439398859,"{""free_energy"": -6.37, ""intermolecular_energy"": -9.06, ""internal_energy"": -1.24, ""cluster_size"": 10, ""cluster_id"": 1, ""rank_in_cluster"": 2}",-5.59,0.0,7,CN1CCN(C(=O)c2cccc(C3=Nc4ccc(C#Cc5ccccc5)cc4NC(=O)C3)c2)CC1
894,CN1CCN(C(=O)c2cccc(C3=Nc4ccc(C#Cc5ccccc5)cc4NC(=O)C3)c2)CC1,oracle,autodockgpu,-6.41,energy,9.25244361482083,9.25244361482083,"{""free_energy"": -5.93, ""intermolecular_energy"": -8.62, ""internal_energy"": -1.24, ""cluster_size"": 7, ""cluster_id"": 5, ""rank_in_cluster"": 2}",-5.15,0.75,7,CN1CCN(C(=O)c2cccc(C3=Nc4ccc(C#Cc5ccccc5)cc4NC(=O)C3)c2)CC1
895,CN1CCN(C(=O)c2cccc(C3=Nc4ccc(C#Cc5ccccc5)cc4NC(=O)C3)c2)CC1,oracle,autodockgpu,-6.41,energy,8.885813014975202,8.885813014975202,"{""free_energy"": -5.36, ""intermolecular_energy"": -8.05, ""internal_energy"": -1.3, ""cluster_size"": 1, ""cluster_id"": 9, ""rank_in_cluster"": 1}",-5.54,0.0,8,CN1CCN(C(=O)c2cccc(C3=Nc4ccc(C#Cc5ccccc5)cc4NC(=O)C3)c2)CC1
896,CN1CCN(C(=O)c2cccc(C3=Nc4ccc(C#Cc5ccccc5)cc4NC(=O)C3)c2)CC1,oracle,autodockgpu,-6.41,energy,8.610004089918675,8.610004089918675,"{""free_energy"": -6.02, ""intermolecular_energy"": -8.7, ""internal_energy"": -1.26, ""cluster_size"": 10, ""cluster_id"": 1, ""rank_in_cluster"": 6}",-5.36,0.0,9,CN1CCN(C(=O)c2cccc(C3=Nc4ccc(C#Cc5ccccc5)cc4NC(=O)C3)c2)CC1
897,CN1CCN(C(=O)c2cccc(C3=Nc4ccc(C#Cc5ccccc5)cc4NC(=O)C3)c2)CC1,oracle,autodockgpu,-6.41,energy,9.870801242825271,9.870801242825271,"{""free_energy"": -5.8, ""intermolecular_energy"": -8.48, ""internal_energy"": -1.23, ""cluster_size"": 14, ""cluster_id"": 2, ""rank_in_cluster"": 10}",-5.26,0.0,10,CN1CCN(C(=O)c2cccc(C3=Nc4ccc(C#Cc5ccccc5)cc4NC(=O)C3)c2)CC1
898,CN1CCN(C(=O)c2cccc(C3=Nc4ccc(C#Cc5ccccc5)cc4NC(=O)C3)c2)CC1,oracle,autodockgpu,-6.41,energy,8.646196296481277,8.646196296481277,"{""free_energy"": -5.86, ""intermolecular_energy"": -8.54, ""internal_energy"": -1.23, ""cluster_size"": 5, ""cluster_id"": 4, ""rank_in_cluster"": 2}",-5.22,0.0,11,CN1CCN(C(=O)c2cccc(C3=Nc4ccc(C#Cc5ccccc5)cc4NC(=O)C3)c2)CC1
899,CN1CCN(C(=O)c2cccc(C3=Nc4ccc(C#Cc5ccccc5)cc4NC(=O)C3)c2)CC1,oracle,autodockgpu,-6.41,energy,9.42283742175649,9.42283742175649,"{""free_energy"": -5.54, ""intermolecular_energy"": -8.22, ""internal_energy"": -1.28, ""cluster_size"": 1, ""cluster_id"": 8, ""rank_in_cluster"": 1}",-5.15,0.0,12,CN1CCN(C(=O)c2cccc(C3=Nc4ccc(C#Cc5ccccc5)cc4NC(=O)C3)c2)CC1
900,COc1ccc([C@H](C)NC(=O)[C@@H]2C[C@@H](O)CN2C(=O)CNC(=O)c2ccc3cc(F)ccc3n2)c(Cl)c1,oracle,autodockgpu,-9.23,energy,6.169840151843021,6.169840151843021,"{""free_energy"": -5.76, ""intermolecular_energy"": -8.44, ""internal_energy"": -4.91, ""cluster_size"": 5, ""cluster_id"": 12, ""rank_in_cluster"": 3}",-9.23,0.0,1,COc1ccc([C@H](C)NC(=O)[C@@H]2C[C@@H](O)CN2C(=O)CNC(=O)c2ccc3cc(F)ccc3n2)c(Cl)c1
901,COc1ccc([C@H](C)NC(=O)[C@@H]2C[C@@H](O)CN2C(=O)CNC(=O)c2ccc3cc(F)ccc3n2)c(Cl)c1,oracle,autodockgpu,-9.23,energy,3.1010064305977574,3.1010064305977574,"{""free_energy"": -7.13, ""intermolecular_energy"": -9.82, ""internal_energy"": -3.37, ""cluster_size"": 3, ""cluster_id"": 4, ""rank_in_cluster"": 3}",-9.09,0.89,1,COc1ccc([C@H](C)NC(=O)[C@@H]2C[C@@H](O)CN2C(=O)CNC(=O)c2ccc3cc(F)ccc3n2)c(Cl)c1
902,COc1ccc([C@H](C)NC(=O)[C@@H]2C[C@@H](O)CN2C(=O)CNC(=O)c2ccc3cc(F)ccc3n2)c(Cl)c1,oracle,autodockgpu,-9.23,energy,6.511998811699777,6.511998811699777,"{""free_energy"": -8.67, ""intermolecular_energy"": -11.36, ""internal_energy"": -2.86, ""cluster_size"": 8, ""cluster_id"": 2, ""rank_in_cluster"": 3}",-8.93,1.53,1,COc1ccc([C@H](C)NC(=O)[C@@H]2C[C@@H](O)CN2C(=O)CNC(=O)c2ccc3cc(F)ccc3n2)c(Cl)c1
903,COc1ccc([C@H](C)NC(=O)[C@@H]2C[C@@H](O)CN2C(=O)CNC(=O)c2ccc3cc(F)ccc3n2)c(Cl)c1,oracle,autodockgpu,-9.23,energy,4.845608409583355,4.845608409583355,"{""free_energy"": -9.09, ""intermolecular_energy"": -11.77, ""internal_energy"": -3.12, ""cluster_size"": 9, ""cluster_id"": 1, ""rank_in_cluster"": 2}",-8.69,0.59,1,COc1ccc([C@H](C)NC(=O)[C@@H]2C[C@@H](O)CN2C(=O)CNC(=O)c2ccc3cc(F)ccc3n2)c(Cl)c1
904,COc1ccc([C@H](C)NC(=O)[C@@H]2C[C@@H](O)CN2C(=O)CNC(=O)c2ccc3cc(F)ccc3n2)c(Cl)c1,oracle,autodockgpu,-9.23,energy,6.333946002346714,6.333946002346714,"{""free_energy"": -6.45, ""intermolecular_energy"": -9.13, ""internal_energy"": -3.98, ""cluster_size"": 11, ""cluster_id"": 8, ""rank_in_cluster"": 6}",-8.67,0.7,1,COc1ccc([C@H](C)NC(=O)[C@@H]2C[C@@H](O)CN2C(=O)CNC(=O)c2ccc3cc(F)ccc3n2)c(Cl)c1
905,COc1ccc([C@H](C)NC(=O)[C@@H]2C[C@@H](O)CN2C(=O)CNC(=O)c2ccc3cc(F)ccc3n2)c(Cl)c1,oracle,autodockgpu,-9.23,energy,1.9851479209069574,1.9851479209069574,"{""free_energy"": -8.1, ""intermolecular_energy"": -10.79, ""internal_energy"": -2.07, ""cluster_size"": 3, ""cluster_id"": 4, ""rank_in_cluster"": 2}",-8.51,1.49,1,COc1ccc([C@H](C)NC(=O)[C@@H]2C[C@@H](O)CN2C(=O)CNC(=O)c2ccc3cc(F)ccc3n2)c(Cl)c1
906,COc1ccc([C@H](C)NC(=O)[C@@H]2C[C@@H](O)CN2C(=O)CNC(=O)c2ccc3cc(F)ccc3n2)c(Cl)c1,oracle,autodockgpu,-9.23,energy,6.755203254221409,6.755203254221409,"{""free_energy"": -9.19, ""intermolecular_energy"": -11.87, ""internal_energy"": -1.91, ""cluster_size"": 8, ""cluster_id"": 2, ""rank_in_cluster"": 1}",-8.38,1.41,1,COc1ccc([C@H](C)NC(=O)[C@@H]2C[C@@H](O)CN2C(=O)CNC(=O)c2ccc3cc(F)ccc3n2)c(Cl)c1
907,COc1ccc([C@H](C)NC(=O)[C@@H]2C[C@@H](O)CN2C(=O)CNC(=O)c2ccc3cc(F)ccc3n2)c(Cl)c1,oracle,autodockgpu,-9.23,energy,6.629207108473775,6.629207108473775,"{""free_energy"": -6.63, ""intermolecular_energy"": -9.32, ""internal_energy"": -4.67, ""cluster_size"": 11, ""cluster_id"": 8, ""rank_in_cluster"": 5}",-8.38,1.09,1,COc1ccc([C@H](C)NC(=O)[C@@H]2C[C@@H](O)CN2C(=O)CNC(=O)c2ccc3cc(F)ccc3n2)c(Cl)c1
908,COc1ccc([C@H](C)NC(=O)[C@@H]2C[C@@H](O)CN2C(=O)CNC(=O)c2ccc3cc(F)ccc3n2)c(Cl)c1,oracle,autodockgpu,-9.23,energy,7.061819722001407,7.061819722001407,"{""free_energy"": -6.36, ""intermolecular_energy"": -9.04, ""internal_energy"": -4.26, ""cluster_size"": 11, ""cluster_id"": 8, ""rank_in_cluster"": 8}",-7.29,1.3,1,COc1ccc([C@H](C)NC(=O)[C@@H]2C[C@@H](O)CN2C(=O)CNC(=O)c2ccc3cc(F)ccc3n2)c(Cl)c1
909,COc1ccc([C@H](C)NC(=O)[C@@H]2C[C@@H](O)CN2C(=O)CNC(=O)c2ccc3cc(F)ccc3n2)c(Cl)c1,oracle,autodockgpu,-9.23,energy,3.4016598625754297,3.4016598625754297,"{""free_energy"": -7.61, ""intermolecular_energy"": -10.3, ""internal_energy"": -3.56, ""cluster_size"": 5, ""cluster_id"": 3, ""rank_in_cluster"": 5}",-9.19,0.0,2,COc1ccc([C@H](C)NC(=O)[C@@H]2C[C@@H](O)CN2C(=O)CNC(=O)c2ccc3cc(F)ccc3n2)c(Cl)c1
910,COc1ccc([C@H](C)NC(=O)[C@@H]2C[C@@H](O)CN2C(=O)CNC(=O)c2ccc3cc(F)ccc3n2)c(Cl)c1,oracle,autodockgpu,-9.23,energy,4.318442439823463,4.318442439823463,"{""free_energy"": -8.67, ""intermolecular_energy"": -11.35, ""internal_energy"": -2.13, ""cluster_size"": 9, ""cluster_id"": 1, ""rank_in_cluster"": 5}",-8.94,0.36,2,COc1ccc([C@H](C)NC(=O)[C@@H]2C[C@@H](O)CN2C(=O)CNC(=O)c2ccc3cc(F)ccc3n2)c(Cl)c1
911,COc1ccc([C@H](C)NC(=O)[C@@H]2C[C@@H](O)CN2C(=O)CNC(=O)c2ccc3cc(F)ccc3n2)c(Cl)c1,oracle,autodockgpu,-9.23,energy,6.5021428010064515,6.5021428010064515,"{""free_energy"": -7.45, ""intermolecular_energy"": -10.14, ""internal_energy"": -2.47, ""cluster_size"": 8, ""cluster_id"": 2, ""rank_in_cluster"": 8}",-8.67,1.28,2,COc1ccc([C@H](C)NC(=O)[C@@H]2C[C@@H](O)CN2C(=O)CNC(=O)c2ccc3cc(F)ccc3n2)c(Cl)c1
912,COc1ccc([C@H](C)NC(=O)[C@@H]2C[C@@H](O)CN2C(=O)CNC(=O)c2ccc3cc(F)ccc3n2)c(Cl)c1,oracle,autodockgpu,-9.23,energy,6.710195251918089,6.710195251918089,"{""free_energy"": -8.94, ""intermolecular_energy"": -11.63, ""internal_energy"": -2.21, ""cluster_size"": 8, ""cluster_id"": 2, ""rank_in_cluster"": 2}",-8.42,1.33,2,COc1ccc([C@H](C)NC(=O)[C@@H]2C[C@@H](O)CN2C(=O)CNC(=O)c2ccc3cc(F)ccc3n2)c(Cl)c1
913,COc1ccc([C@H](C)NC(=O)[C@@H]2C[C@@H](O)CN2C(=O)CNC(=O)c2ccc3cc(F)ccc3n2)c(Cl)c1,oracle,autodockgpu,-9.23,energy,6.356771244948355,6.356771244948355,"{""free_energy"": -7.56, ""intermolecular_energy"": -10.24, ""internal_energy"": -3.5, ""cluster_size"": 8, ""cluster_id"": 2, ""rank_in_cluster"": 7}",-8.09,1.39,2,COc1ccc([C@H](C)NC(=O)[C@@H]2C[C@@H](O)CN2C(=O)CNC(=O)c2ccc3cc(F)ccc3n2)c(Cl)c1
914,COc1ccc([C@H](C)NC(=O)[C@@H]2C[C@@H](O)CN2C(=O)CNC(=O)c2ccc3cc(F)ccc3n2)c(Cl)c1,oracle,autodockgpu,-9.23,energy,6.673497735784111,6.673497735784111,"{""free_energy"": -5.91, ""intermolecular_energy"": -8.6, ""internal_energy"": -4.46, ""cluster_size"": 11, ""cluster_id"": 8, ""rank_in_cluster"": 10}",-7.79,1.25,2,COc1ccc([C@H](C)NC(=O)[C@@H]2C[C@@H](O)CN2C(=O)CNC(=O)c2ccc3cc(F)ccc3n2)c(Cl)c1
915,COc1ccc([C@H](C)NC(=O)[C@@H]2C[C@@H](O)CN2C(=O)CNC(=O)c2ccc3cc(F)ccc3n2)c(Cl)c1,oracle,autodockgpu,-9.23,energy,6.279740542376061,6.279740542376061,"{""free_energy"": -6.43, ""intermolecular_energy"": -9.11, ""internal_energy"": -4.83, ""cluster_size"": 11, ""cluster_id"": 8, ""rank_in_cluster"": 7}",-7.56,1.32,2,COc1ccc([C@H](C)NC(=O)[C@@H]2C[C@@H](O)CN2C(=O)CNC(=O)c2ccc3cc(F)ccc3n2)c(Cl)c1
916,COc1ccc([C@H](C)NC(=O)[C@@H]2C[C@@H](O)CN2C(=O)CNC(=O)c2ccc3cc(F)ccc3n2)c(Cl)c1,oracle,autodockgpu,-9.23,energy,2.681222595499833,2.681222595499833,"{""free_energy"": -8.42, ""intermolecular_energy"": -11.11, ""internal_energy"": -2.04, ""cluster_size"": 3, ""cluster_id"": 4, ""rank_in_cluster"": 1}",-7.45,1.33,2,COc1ccc([C@H](C)NC(=O)[C@@H]2C[C@@H](O)CN2C(=O)CNC(=O)c2ccc3cc(F)ccc3n2)c(Cl)c1
917,COc1ccc([C@H](C)NC(=O)[C@@H]2C[C@@H](O)CN2C(=O)CNC(=O)c2ccc3cc(F)ccc3n2)c(Cl)c1,oracle,autodockgpu,-9.23,energy,3.6599783280278206,3.6599783280278206,"{""free_energy"": -8.03, ""intermolecular_energy"": -10.71, ""internal_energy"": -2.71, ""cluster_size"": 2, ""cluster_id"": 6, ""rank_in_cluster"": 1}",-8.76,0.0,3,COc1ccc([C@H](C)NC(=O)[C@@H]2C[C@@H](O)CN2C(=O)CNC(=O)c2ccc3cc(F)ccc3n2)c(Cl)c1
918,COc1ccc([C@H](C)NC(=O)[C@@H]2C[C@@H](O)CN2C(=O)CNC(=O)c2ccc3cc(F)ccc3n2)c(Cl)c1,oracle,autodockgpu,-9.23,energy,6.360560088417928,6.360560088417928,"{""free_energy"": -5.83, ""intermolecular_energy"": -8.51, ""internal_energy"": -4.8, ""cluster_size"": 5, ""cluster_id"": 12, ""rank_in_cluster"": 2}",-8.74,0.79,3,COc1ccc([C@H](C)NC(=O)[C@@H]2C[C@@H](O)CN2C(=O)CNC(=O)c2ccc3cc(F)ccc3n2)c(Cl)c1
919,COc1ccc([C@H](C)NC(=O)[C@@H]2C[C@@H](O)CN2C(=O)CNC(=O)c2ccc3cc(F)ccc3n2)c(Cl)c1,oracle,autodockgpu,-9.23,energy,6.411884432052626,6.411884432052626,"{""free_energy"": -7.79, ""intermolecular_energy"": -10.48, ""internal_energy"": -3.38, ""cluster_size"": 8, ""cluster_id"": 2, ""rank_in_cluster"": 6}",-7.94,1.99,3,COc1ccc([C@H](C)NC(=O)[C@@H]2C[C@@H](O)CN2C(=O)CNC(=O)c2ccc3cc(F)ccc3n2)c(Cl)c1
920,COc1ccc([C@H](C)NC(=O)[C@@H]2C[C@@H](O)CN2C(=O)CNC(=O)c2ccc3cc(F)ccc3n2)c(Cl)c1,oracle,autodockgpu,-9.23,energy,4.134520861869094,4.134520861869094,"{""free_energy"": -8.51, ""intermolecular_energy"": -11.19, ""internal_energy"": -2.65, ""cluster_size"": 9, ""cluster_id"": 1, ""rank_in_cluster"": 6}",-7.82,1.64,3,COc1ccc([C@H](C)NC(=O)[C@@H]2C[C@@H](O)CN2C(=O)CNC(=O)c2ccc3cc(F)ccc3n2)c(Cl)c1
921,COc1ccc([C@H](C)NC(=O)[C@@H]2C[C@@H](O)CN2C(=O)CNC(=O)c2ccc3cc(F)ccc3n2)c(Cl)c1,oracle,autodockgpu,-9.23,energy,6.163130230201476,6.163130230201476,"{""free_energy"": -5.83, ""intermolecular_energy"": -8.52, ""internal_energy"": -4.8, ""cluster_size"": 5, ""cluster_id"": 12, ""rank_in_cluster"": 1}",-7.61,1.67,3,COc1ccc([C@H](C)NC(=O)[C@@H]2C[C@@H](O)CN2C(=O)CNC(=O)c2ccc3cc(F)ccc3n2)c(Cl)c1
922,COc1ccc([C@H](C)NC(=O)[C@@H]2C[C@@H](O)CN2C(=O)CNC(=O)c2ccc3cc(F)ccc3n2)c(Cl)c1,oracle,autodockgpu,-9.23,energy,7.958541258899683,7.958541258899683,"{""free_energy"": -7.91, ""intermolecular_energy"": -10.59, ""internal_energy"": -2.55, ""cluster_size"": 1, ""cluster_id"": 7, ""rank_in_cluster"": 1}",-8.42,0.0,4,COc1ccc([C@H](C)NC(=O)[C@@H]2C[C@@H](O)CN2C(=O)CNC(=O)c2ccc3cc(F)ccc3n2)c(Cl)c1
923,COc1ccc([C@H](C)NC(=O)[C@@H]2C[C@@H](O)CN2C(=O)CNC(=O)c2ccc3cc(F)ccc3n2)c(Cl)c1,oracle,autodockgpu,-9.23,energy,4.068809017613682,4.068809017613682,"{""free_energy"": -8.93, ""intermolecular_energy"": -11.61, ""internal_energy"": -2.26, ""cluster_size"": 9, ""cluster_id"": 1, ""rank_in_cluster"": 3}",-8.1,1.68,4,COc1ccc([C@H](C)NC(=O)[C@@H]2C[C@@H](O)CN2C(=O)CNC(=O)c2ccc3cc(F)ccc3n2)c(Cl)c1
924,COc1ccc([C@H](C)NC(=O)[C@@H]2C[C@@H](O)CN2C(=O)CNC(=O)c2ccc3cc(F)ccc3n2)c(Cl)c1,oracle,autodockgpu,-9.23,energy,6.441313457312288,6.441313457312288,"{""free_energy"": -5.89, ""intermolecular_energy"": -8.58, ""internal_energy"": -4.61, ""cluster_size"": 11, ""cluster_id"": 8, ""rank_in_cluster"": 11}",-7.13,1.49,4,COc1ccc([C@H](C)NC(=O)[C@@H]2C[C@@H](O)CN2C(=O)CNC(=O)c2ccc3cc(F)ccc3n2)c(Cl)c1
925,COc1ccc([C@H](C)NC(=O)[C@@H]2C[C@@H](O)CN2C(=O)CNC(=O)c2ccc3cc(F)ccc3n2)c(Cl)c1,oracle,autodockgpu,-9.23,energy,6.195767214083775,6.195767214083775,"{""free_energy"": -5.61, ""intermolecular_energy"": -8.3, ""internal_energy"": -4.92, ""cluster_size"": 5, ""cluster_id"": 12, ""rank_in_cluster"": 5}",-8.42,0.0,5,COc1ccc([C@H](C)NC(=O)[C@@H]2C[C@@H](O)CN2C(=O)CNC(=O)c2ccc3cc(F)ccc3n2)c(Cl)c1
926,COc1ccc([C@H](C)NC(=O)[C@@H]2C[C@@H](O)CN2C(=O)CNC(=O)c2ccc3cc(F)ccc3n2)c(Cl)c1,oracle,autodockgpu,-9.23,energy,4.4118453478259445,4.4118453478259445,"{""free_energy"": -9.23, ""intermolecular_energy"": -11.91, ""internal_energy"": -2.73, ""cluster_size"": 9, ""cluster_id"": 1, ""rank_in_cluster"": 1}",-8.01,1.93,5,COc1ccc([C@H](C)NC(=O)[C@@H]2C[C@@H](O)CN2C(=O)CNC(=O)c2ccc3cc(F)ccc3n2)c(Cl)c1
927,COc1ccc([C@H](C)NC(=O)[C@@H]2C[C@@H](O)CN2C(=O)CNC(=O)c2ccc3cc(F)ccc3n2)c(Cl)c1,oracle,autodockgpu,-9.23,energy,6.702439057267932,6.702439057267932,"{""free_energy"": -6.67, ""intermolecular_energy"": -9.35, ""internal_energy"": -4.56, ""cluster_size"": 11, ""cluster_id"": 8, ""rank_in_cluster"": 4}",-8.03,0.0,6,COc1ccc([C@H](C)NC(=O)[C@@H]2C[C@@H](O)CN2C(=O)CNC(=O)c2ccc3cc(F)ccc3n2)c(Cl)c1
928,COc1ccc([C@H](C)NC(=O)[C@@H]2C[C@@H](O)CN2C(=O)CNC(=O)c2ccc3cc(F)ccc3n2)c(Cl)c1,oracle,autodockgpu,-9.23,energy,3.4799525766940085,3.4799525766940085,"{""free_energy"": -7.94, ""intermolecular_energy"": -10.62, ""internal_energy"": -2.68, ""cluster_size"": 5, ""cluster_id"": 3, ""rank_in_cluster"": 3}",-7.05,1.85,6,COc1ccc([C@H](C)NC(=O)[C@@H]2C[C@@H](O)CN2C(=O)CNC(=O)c2ccc3cc(F)ccc3n2)c(Cl)c1
929,COc1ccc([C@H](C)NC(=O)[C@@H]2C[C@@H](O)CN2C(=O)CNC(=O)c2ccc3cc(F)ccc3n2)c(Cl)c1,oracle,autodockgpu,-9.23,energy,6.609091027547671,6.609091027547671,"{""free_energy"": -7.35, ""intermolecular_energy"": -10.03, ""internal_energy"": -4.28, ""cluster_size"": 11, ""cluster_id"": 8, ""rank_in_cluster"": 1}",-7.91,0.0,7,COc1ccc([C@H](C)NC(=O)[C@@H]2C[C@@H](O)CN2C(=O)CNC(=O)c2ccc3cc(F)ccc3n2)c(Cl)c1
930,COc1ccc([C@H](C)NC(=O)[C@@H]2C[C@@H](O)CN2C(=O)CNC(=O)c2ccc3cc(F)ccc3n2)c(Cl)c1,oracle,autodockgpu,-9.23,energy,6.843839007289767,6.843839007289767,"{""free_energy"": -6.58, ""intermolecular_energy"": -9.27, ""internal_energy"": -3.58, ""cluster_size"": 1, ""cluster_id"": 10, ""rank_in_cluster"": 1}",-7.35,0.0,8,COc1ccc([C@H](C)NC(=O)[C@@H]2C[C@@H](O)CN2C(=O)CNC(=O)c2ccc3cc(F)ccc3n2)c(Cl)c1
931,COc1ccc([C@H](C)NC(=O)[C@@H]2C[C@@H](O)CN2C(=O)CNC(=O)c2ccc3cc(F)ccc3n2)c(Cl)c1,oracle,autodockgpu,-9.23,energy,4.639319559797462,4.639319559797462,"{""free_energy"": -8.69, ""intermolecular_energy"": -11.38, ""internal_energy"": -2.7, ""cluster_size"": 9, ""cluster_id"": 1, ""rank_in_cluster"": 4}",-7.31,0.93,8,COc1ccc([C@H](C)NC(=O)[C@@H]2C[C@@H](O)CN2C(=O)CNC(=O)c2ccc3cc(F)ccc3n2)c(Cl)c1
932,COc1ccc([C@H](C)NC(=O)[C@@H]2C[C@@H](O)CN2C(=O)CNC(=O)c2ccc3cc(F)ccc3n2)c(Cl)c1,oracle,autodockgpu,-9.23,energy,6.822466096081168,6.822466096081168,"{""free_energy"": -8.09, ""intermolecular_energy"": -10.77, ""internal_energy"": -2.49, ""cluster_size"": 8, ""cluster_id"": 2, ""rank_in_cluster"": 5}",-7.01,0.56,8,COc1ccc([C@H](C)NC(=O)[C@@H]2C[C@@H](O)CN2C(=O)CNC(=O)c2ccc3cc(F)ccc3n2)c(Cl)c1
933,COc1ccc([C@H](C)NC(=O)[C@@H]2C[C@@H](O)CN2C(=O)CNC(=O)c2ccc3cc(F)ccc3n2)c(Cl)c1,oracle,autodockgpu,-9.23,energy,6.483829998115853,6.483829998115853,"{""free_energy"": -8.42, ""intermolecular_energy"": -11.1, ""internal_energy"": -3.0, ""cluster_size"": 8, ""cluster_id"": 2, ""rank_in_cluster"": 4}",-6.67,1.46,8,COc1ccc([C@H](C)NC(=O)[C@@H]2C[C@@H](O)CN2C(=O)CNC(=O)c2ccc3cc(F)ccc3n2)c(Cl)c1
934,COc1ccc([C@H](C)NC(=O)[C@@H]2C[C@@H](O)CN2C(=O)CNC(=O)c2ccc3cc(F)ccc3n2)c(Cl)c1,oracle,autodockgpu,-9.23,energy,2.9957713033828473,2.9957713033828473,"{""free_energy"": -7.82, ""intermolecular_energy"": -10.51, ""internal_energy"": -2.74, ""cluster_size"": 5, ""cluster_id"": 3, ""rank_in_cluster"": 4}",-6.63,1.72,8,COc1ccc([C@H](C)NC(=O)[C@@H]2C[C@@H](O)CN2C(=O)CNC(=O)c2ccc3cc(F)ccc3n2)c(Cl)c1
935,COc1ccc([C@H](C)NC(=O)[C@@H]2C[C@@H](O)CN2C(=O)CNC(=O)c2ccc3cc(F)ccc3n2)c(Cl)c1,oracle,autodockgpu,-9.23,energy,6.523248324041997,6.523248324041997,"{""free_energy"": -6.14, ""intermolecular_energy"": -8.83, ""internal_energy"": -4.47, ""cluster_size"": 11, ""cluster_id"": 8, ""rank_in_cluster"": 9}",-6.45,1.55,8,COc1ccc([C@H](C)NC(=O)[C@@H]2C[C@@H](O)CN2C(=O)CNC(=O)c2ccc3cc(F)ccc3n2)c(Cl)c1
936,COc1ccc([C@H](C)NC(=O)[C@@H]2C[C@@H](O)CN2C(=O)CNC(=O)c2ccc3cc(F)ccc3n2)c(Cl)c1,oracle,autodockgpu,-9.23,energy,1.6636577855746353,1.6636577855746353,"{""free_energy"": -8.42, ""intermolecular_energy"": -11.11, ""internal_energy"": -2.57, ""cluster_size"": 2, ""cluster_id"": 5, ""rank_in_cluster"": 1}",-6.43,1.74,8,COc1ccc([C@H](C)NC(=O)[C@@H]2C[C@@H](O)CN2C(=O)CNC(=O)c2ccc3cc(F)ccc3n2)c(Cl)c1
937,COc1ccc([C@H](C)NC(=O)[C@@H]2C[C@@H](O)CN2C(=O)CNC(=O)c2ccc3cc(F)ccc3n2)c(Cl)c1,oracle,autodockgpu,-9.23,energy,3.288970259715013,3.288970259715013,"{""free_energy"": -8.76, ""intermolecular_energy"": -11.44, ""internal_energy"": -1.94, ""cluster_size"": 5, ""cluster_id"": 3, ""rank_in_cluster"": 1}",-6.36,1.38,8,COc1ccc([C@H](C)NC(=O)[C@@H]2C[C@@H](O)CN2C(=O)CNC(=O)c2ccc3cc(F)ccc3n2)c(Cl)c1
938,COc1ccc([C@H](C)NC(=O)[C@@H]2C[C@@H](O)CN2C(=O)CNC(=O)c2ccc3cc(F)ccc3n2)c(Cl)c1,oracle,autodockgpu,-9.23,energy,6.712457360126859,6.712457360126859,"{""free_energy"": -7.01, ""intermolecular_energy"": -9.7, ""internal_energy"": -4.28, ""cluster_size"": 11, ""cluster_id"": 8, ""rank_in_cluster"": 3}",-6.14,1.02,8,COc1ccc([C@H](C)NC(=O)[C@@H]2C[C@@H](O)CN2C(=O)CNC(=O)c2ccc3cc(F)ccc3n2)c(Cl)c1
939,COc1ccc([C@H](C)NC(=O)[C@@H]2C[C@@H](O)CN2C(=O)CNC(=O)c2ccc3cc(F)ccc3n2)c(Cl)c1,oracle,autodockgpu,-9.23,energy,3.153193985667839,3.153193985667839,"{""free_energy"": -8.74, ""intermolecular_energy"": -11.42, ""internal_energy"": -1.91, ""cluster_size"": 5, ""cluster_id"": 3, ""rank_in_cluster"": 2}",-5.91,1.86,8,COc1ccc([C@H](C)NC(=O)[C@@H]2C[C@@H](O)CN2C(=O)CNC(=O)c2ccc3cc(F)ccc3n2)c(Cl)c1
940,COc1ccc([C@H](C)NC(=O)[C@@H]2C[C@@H](O)CN2C(=O)CNC(=O)c2ccc3cc(F)ccc3n2)c(Cl)c1,oracle,autodockgpu,-9.23,energy,6.153824853299837,6.153824853299837,"{""free_energy"": -5.72, ""intermolecular_energy"": -8.41, ""internal_energy"": -4.89, ""cluster_size"": 5, ""cluster_id"": 12, ""rank_in_cluster"": 4}",-5.89,1.81,8,COc1ccc([C@H](C)NC(=O)[C@@H]2C[C@@H](O)CN2C(=O)CNC(=O)c2ccc3cc(F)ccc3n2)c(Cl)c1
941,COc1ccc([C@H](C)NC(=O)[C@@H]2C[C@@H](O)CN2C(=O)CNC(=O)c2ccc3cc(F)ccc3n2)c(Cl)c1,oracle,autodockgpu,-9.23,energy,4.447298039529073,4.447298039529073,"{""free_energy"": -7.05, ""intermolecular_energy"": -9.74, ""internal_energy"": -3.62, ""cluster_size"": 2, ""cluster_id"": 6, ""rank_in_cluster"": 2}",-7.11,0.0,9,COc1ccc([C@H](C)NC(=O)[C@@H]2C[C@@H](O)CN2C(=O)CNC(=O)c2ccc3cc(F)ccc3n2)c(Cl)c1
942,COc1ccc([C@H](C)NC(=O)[C@@H]2C[C@@H](O)CN2C(=O)CNC(=O)c2ccc3cc(F)ccc3n2)c(Cl)c1,oracle,autodockgpu,-9.23,energy,5.081671642118927,5.081671642118927,"{""free_energy"": -8.38, ""intermolecular_energy"": -11.07, ""internal_energy"": -3.08, ""cluster_size"": 9, ""cluster_id"": 1, ""rank_in_cluster"": 8}",-6.58,0.0,10,COc1ccc([C@H](C)NC(=O)[C@@H]2C[C@@H](O)CN2C(=O)CNC(=O)c2ccc3cc(F)ccc3n2)c(Cl)c1
943,COc1ccc([C@H](C)NC(=O)[C@@H]2C[C@@H](O)CN2C(=O)CNC(=O)c2ccc3cc(F)ccc3n2)c(Cl)c1,oracle,autodockgpu,-9.23,energy,6.5249773033595355,6.5249773033595355,"{""free_energy"": -7.31, ""intermolecular_energy"": -9.99, ""internal_energy"": -3.58, ""cluster_size"": 11, ""cluster_id"": 8, ""rank_in_cluster"": 2}",-6.5,0.0,11,COc1ccc([C@H](C)NC(=O)[C@@H]2C[C@@H](O)CN2C(=O)CNC(=O)c2ccc3cc(F)ccc3n2)c(Cl)c1
944,COc1ccc([C@H](C)NC(=O)[C@@H]2C[C@@H](O)CN2C(=O)CNC(=O)c2ccc3cc(F)ccc3n2)c(Cl)c1,oracle,autodockgpu,-9.23,energy,4.031452096486303,4.031452096486303,"{""free_energy"": -6.5, ""intermolecular_energy"": -9.18, ""internal_energy"": -3.61, ""cluster_size"": 1, ""cluster_id"": 11, ""rank_in_cluster"": 1}",-5.83,0.0,12,COc1ccc([C@H](C)NC(=O)[C@@H]2C[C@@H](O)CN2C(=O)CNC(=O)c2ccc3cc(F)ccc3n2)c(Cl)c1
945,COc1ccc([C@H](C)NC(=O)[C@@H]2C[C@@H](O)CN2C(=O)CNC(=O)c2ccc3cc(F)ccc3n2)c(Cl)c1,oracle,autodockgpu,-9.23,energy,4.2405354922069085,4.2405354922069085,"{""free_energy"": -8.38, ""intermolecular_energy"": -11.07, ""internal_energy"": -2.3, ""cluster_size"": 9, ""cluster_id"": 1, ""rank_in_cluster"": 7}",-5.83,0.58,12,COc1ccc([C@H](C)NC(=O)[C@@H]2C[C@@H](O)CN2C(=O)CNC(=O)c2ccc3cc(F)ccc3n2)c(Cl)c1
946,COc1ccc([C@H](C)NC(=O)[C@@H]2C[C@@H](O)CN2C(=O)CNC(=O)c2ccc3cc(F)ccc3n2)c(Cl)c1,oracle,autodockgpu,-9.23,energy,2.777645240480596,2.777645240480596,"{""free_energy"": -8.01, ""intermolecular_energy"": -10.7, ""internal_energy"": -2.6, ""cluster_size"": 2, ""cluster_id"": 5, ""rank_in_cluster"": 2}",-5.76,0.28,12,COc1ccc([C@H](C)NC(=O)[C@@H]2C[C@@H](O)CN2C(=O)CNC(=O)c2ccc3cc(F)ccc3n2)c(Cl)c1
947,COc1ccc([C@H](C)NC(=O)[C@@H]2C[C@@H](O)CN2C(=O)CNC(=O)c2ccc3cc(F)ccc3n2)c(Cl)c1,oracle,autodockgpu,-9.23,energy,9.493591546969785,9.493591546969785,"{""free_energy"": -7.11, ""intermolecular_energy"": -9.8, ""internal_energy"": -3.08, ""cluster_size"": 1, ""cluster_id"": 9, ""rank_in_cluster"": 1}",-5.72,0.21,12,COc1ccc([C@H](C)NC(=O)[C@@H]2C[C@@H](O)CN2C(=O)CNC(=O)c2ccc3cc(F)ccc3n2)c(Cl)c1
948,COc1ccc([C@H](C)NC(=O)[C@@H]2C[C@@H](O)CN2C(=O)CNC(=O)c2ccc3cc(F)ccc3n2)c(Cl)c1,oracle,autodockgpu,-9.23,energy,4.4463658088928,4.4463658088928,"{""free_energy"": -7.29, ""intermolecular_energy"": -9.97, ""internal_energy"": -3.16, ""cluster_size"": 9, ""cluster_id"": 1, ""rank_in_cluster"": 9}",-5.61,0.45,12,COc1ccc([C@H](C)NC(=O)[C@@H]2C[C@@H](O)CN2C(=O)CNC(=O)c2ccc3cc(F)ccc3n2)c(Cl)c1
949,COc1ccc([C@H](C)NC(=O)[C@@H]2C[C@@H](O)CN2C(=O)CNC(=O)c2ccc3cc(F)ccc3n2)c(Cl)c1,oracle,autodockgpu,-9.23,energy,7.744930030904711,7.744930030904711,"{""free_energy"": -4.35, ""intermolecular_energy"": -7.03, ""internal_energy"": -5.3, ""cluster_size"": 1, ""cluster_id"": 13, ""rank_in_cluster"": 1}",-4.35,0.0,13,COc1ccc([C@H](C)NC(=O)[C@@H]2C[C@@H](O)CN2C(=O)CNC(=O)c2ccc3cc(F)ccc3n2)c(Cl)c1
