,smiles,score_type,origin,m_score__min__energy,m_primary,rmsd,m_score__min__rmsd,meeko,energy,cluster_rmsd,cluster,Structure
0,O=S(=O)(Cc1ccccc1)N1C=Cc2ccccc2C1c1c[nH]c2ccccc12,oracle,autodockgpu,-6.94,energy,4.356693302313307,4.356693302313307,"{""free_energy"": -6.86, ""intermolecular_energy"": -8.05, ""internal_energy"": -2.87, ""cluster_size"": 50, ""cluster_id"": 1, ""rank_in_cluster"": 33}",-6.94,0.0,1,O=S(=O)(Cc1ccccc1)N1C=Cc2ccccc2[C@@H]1c1c[nH]c2ccccc12
1,O=S(=O)(Cc1ccccc1)N1C=Cc2ccccc2C1c1c[nH]c2ccccc12,oracle,autodockgpu,-6.94,energy,4.349079179651813,4.349079179651813,"{""free_energy"": -6.87, ""intermolecular_energy"": -8.06, ""internal_energy"": -2.86, ""cluster_size"": 50, ""cluster_id"": 1, ""rank_in_cluster"": 29}",-6.93,0.16,1,O=S(=O)(Cc1ccccc1)N1C=Cc2ccccc2[C@@H]1c1c[nH]c2ccccc12
2,O=S(=O)(Cc1ccccc1)N1C=Cc2ccccc2C1c1c[nH]c2ccccc12,oracle,autodockgpu,-6.94,energy,4.33581136410286,4.33581136410286,"{""free_energy"": -6.85, ""intermolecular_energy"": -8.04, ""internal_energy"": -2.88, ""cluster_size"": 50, ""cluster_id"": 1, ""rank_in_cluster"": 49}",-6.91,0.07,1,O=S(=O)(Cc1ccccc1)N1C=Cc2ccccc2[C@@H]1c1c[nH]c2ccccc12
3,O=S(=O)(Cc1ccccc1)N1C=Cc2ccccc2C1c1c[nH]c2ccccc12,oracle,autodockgpu,-6.94,energy,4.3485277637554995,4.3485277637554995,"{""free_energy"": -6.86, ""intermolecular_energy"": -8.05, ""internal_energy"": -2.87, ""cluster_size"": 50, ""cluster_id"": 1, ""rank_in_cluster"": 44}",-6.91,0.06,1,O=S(=O)(Cc1ccccc1)N1C=Cc2ccccc2[C@@H]1c1c[nH]c2ccccc12
4,O=S(=O)(Cc1ccccc1)N1C=Cc2ccccc2C1c1c[nH]c2ccccc12,oracle,autodockgpu,-6.94,energy,4.345846549879287,4.345846549879287,"{""free_energy"": -6.87, ""intermolecular_energy"": -8.07, ""internal_energy"": -2.86, ""cluster_size"": 50, ""cluster_id"": 1, ""rank_in_cluster"": 25}",-6.91,0.07,1,O=S(=O)(Cc1ccccc1)N1C=Cc2ccccc2[C@@H]1c1c[nH]c2ccccc12
5,O=S(=O)(Cc1ccccc1)N1C=Cc2ccccc2C1c1c[nH]c2ccccc12,oracle,autodockgpu,-6.94,energy,4.355777517262589,4.355777517262589,"{""free_energy"": -6.88, ""intermolecular_energy"": -8.07, ""internal_energy"": -2.84, ""cluster_size"": 50, ""cluster_id"": 1, ""rank_in_cluster"": 22}",-6.91,0.06,1,O=S(=O)(Cc1ccccc1)N1C=Cc2ccccc2[C@@H]1c1c[nH]c2ccccc12
6,O=S(=O)(Cc1ccccc1)N1C=Cc2ccccc2C1c1c[nH]c2ccccc12,oracle,autodockgpu,-6.94,energy,4.349161042473056,4.349161042473056,"{""free_energy"": -6.86, ""intermolecular_energy"": -8.05, ""internal_energy"": -2.87, ""cluster_size"": 50, ""cluster_id"": 1, ""rank_in_cluster"": 31}",-6.91,0.15,1,O=S(=O)(Cc1ccccc1)N1C=Cc2ccccc2[C@@H]1c1c[nH]c2ccccc12
7,O=S(=O)(Cc1ccccc1)N1C=Cc2ccccc2C1c1c[nH]c2ccccc12,oracle,autodockgpu,-6.94,energy,4.350852274823696,4.350852274823696,"{""free_energy"": -6.86, ""intermolecular_energy"": -8.05, ""internal_energy"": -2.88, ""cluster_size"": 50, ""cluster_id"": 1, ""rank_in_cluster"": 41}",-6.91,0.07,1,O=S(=O)(Cc1ccccc1)N1C=Cc2ccccc2[C@@H]1c1c[nH]c2ccccc12
8,O=S(=O)(Cc1ccccc1)N1C=Cc2ccccc2C1c1c[nH]c2ccccc12,oracle,autodockgpu,-6.94,energy,4.352337544702948,4.352337544702948,"{""free_energy"": -6.9, ""intermolecular_energy"": -8.09, ""internal_energy"": -2.84, ""cluster_size"": 50, ""cluster_id"": 1, ""rank_in_cluster"": 13}",-6.9,0.17,1,O=S(=O)(Cc1ccccc1)N1C=Cc2ccccc2[C@@H]1c1c[nH]c2ccccc12
9,O=S(=O)(Cc1ccccc1)N1C=Cc2ccccc2C1c1c[nH]c2ccccc12,oracle,autodockgpu,-6.94,energy,4.352770226460222,4.352770226460222,"{""free_energy"": -6.91, ""intermolecular_energy"": -8.11, ""internal_energy"": -2.82, ""cluster_size"": 50, ""cluster_id"": 1, ""rank_in_cluster"": 3}",-6.9,0.16,1,O=S(=O)(Cc1ccccc1)N1C=Cc2ccccc2[C@@H]1c1c[nH]c2ccccc12
10,O=S(=O)(Cc1ccccc1)N1C=Cc2ccccc2C1c1c[nH]c2ccccc12,oracle,autodockgpu,-6.94,energy,4.337152784769982,4.337152784769982,"{""free_energy"": -6.86, ""intermolecular_energy"": -8.05, ""internal_energy"": -2.88, ""cluster_size"": 50, ""cluster_id"": 1, ""rank_in_cluster"": 43}",-6.9,0.06,1,O=S(=O)(Cc1ccccc1)N1C=Cc2ccccc2[C@@H]1c1c[nH]c2ccccc12
11,O=S(=O)(Cc1ccccc1)N1C=Cc2ccccc2C1c1c[nH]c2ccccc12,oracle,autodockgpu,-6.94,energy,4.345899075200311,4.345899075200311,"{""free_energy"": -6.85, ""intermolecular_energy"": -8.04, ""internal_energy"": -2.88, ""cluster_size"": 50, ""cluster_id"": 1, ""rank_in_cluster"": 50}",-6.9,0.07,1,O=S(=O)(Cc1ccccc1)N1C=Cc2ccccc2[C@@H]1c1c[nH]c2ccccc12
12,O=S(=O)(Cc1ccccc1)N1C=Cc2ccccc2C1c1c[nH]c2ccccc12,oracle,autodockgpu,-6.94,energy,4.341403299237199,4.341403299237199,"{""free_energy"": -6.93, ""intermolecular_energy"": -8.12, ""internal_energy"": -2.81, ""cluster_size"": 50, ""cluster_id"": 1, ""rank_in_cluster"": 2}",-6.9,0.16,1,O=S(=O)(Cc1ccccc1)N1C=Cc2ccccc2[C@@H]1c1c[nH]c2ccccc12
13,O=S(=O)(Cc1ccccc1)N1C=Cc2ccccc2C1c1c[nH]c2ccccc12,oracle,autodockgpu,-6.94,energy,4.351910609816226,4.351910609816226,"{""free_energy"": -6.91, ""intermolecular_energy"": -8.1, ""internal_energy"": -2.83, ""cluster_size"": 50, ""cluster_id"": 1, ""rank_in_cluster"": 7}",-6.9,0.14,1,O=S(=O)(Cc1ccccc1)N1C=Cc2ccccc2[C@@H]1c1c[nH]c2ccccc12
14,O=S(=O)(Cc1ccccc1)N1C=Cc2ccccc2C1c1c[nH]c2ccccc12,oracle,autodockgpu,-6.94,energy,4.347683871214168,4.347683871214168,"{""free_energy"": -6.9, ""intermolecular_energy"": -8.1, ""internal_energy"": -2.82, ""cluster_size"": 50, ""cluster_id"": 1, ""rank_in_cluster"": 11}",-6.89,0.09,1,O=S(=O)(Cc1ccccc1)N1C=Cc2ccccc2[C@@H]1c1c[nH]c2ccccc12
15,O=S(=O)(Cc1ccccc1)N1C=Cc2ccccc2C1c1c[nH]c2ccccc12,oracle,autodockgpu,-6.94,energy,4.351551287931222,4.351551287931222,"{""free_energy"": -6.91, ""intermolecular_energy"": -8.1, ""internal_energy"": -2.82, ""cluster_size"": 50, ""cluster_id"": 1, ""rank_in_cluster"": 8}",-6.89,0.21,1,O=S(=O)(Cc1ccccc1)N1C=Cc2ccccc2[C@@H]1c1c[nH]c2ccccc12
16,O=S(=O)(Cc1ccccc1)N1C=Cc2ccccc2C1c1c[nH]c2ccccc12,oracle,autodockgpu,-6.94,energy,4.350878012855284,4.350878012855284,"{""free_energy"": -6.88, ""intermolecular_energy"": -8.07, ""internal_energy"": -2.85, ""cluster_size"": 50, ""cluster_id"": 1, ""rank_in_cluster"": 21}",-6.89,0.18,1,O=S(=O)(Cc1ccccc1)N1C=Cc2ccccc2[C@@H]1c1c[nH]c2ccccc12
17,O=S(=O)(Cc1ccccc1)N1C=Cc2ccccc2C1c1c[nH]c2ccccc12,oracle,autodockgpu,-6.94,energy,4.3519808197332335,4.3519808197332335,"{""free_energy"": -6.86, ""intermolecular_energy"": -8.05, ""internal_energy"": -2.88, ""cluster_size"": 50, ""cluster_id"": 1, ""rank_in_cluster"": 45}",-6.89,0.21,1,O=S(=O)(Cc1ccccc1)N1C=Cc2ccccc2[C@@H]1c1c[nH]c2ccccc12
18,O=S(=O)(Cc1ccccc1)N1C=Cc2ccccc2C1c1c[nH]c2ccccc12,oracle,autodockgpu,-6.94,energy,4.337583402119364,4.337583402119364,"{""free_energy"": -6.86, ""intermolecular_energy"": -8.05, ""internal_energy"": -2.87, ""cluster_size"": 50, ""cluster_id"": 1, ""rank_in_cluster"": 38}",-6.88,0.17,1,O=S(=O)(Cc1ccccc1)N1C=Cc2ccccc2[C@@H]1c1c[nH]c2ccccc12
19,O=S(=O)(Cc1ccccc1)N1C=Cc2ccccc2C1c1c[nH]c2ccccc12,oracle,autodockgpu,-6.94,energy,4.346303356672836,4.346303356672836,"{""free_energy"": -6.9, ""intermolecular_energy"": -8.09, ""internal_energy"": -2.84, ""cluster_size"": 50, ""cluster_id"": 1, ""rank_in_cluster"": 14}",-6.88,0.2,1,O=S(=O)(Cc1ccccc1)N1C=Cc2ccccc2[C@@H]1c1c[nH]c2ccccc12
20,O=S(=O)(Cc1ccccc1)N1C=Cc2ccccc2C1c1c[nH]c2ccccc12,oracle,autodockgpu,-6.94,energy,4.344610110457326,4.344610110457326,"{""free_energy"": -6.88, ""intermolecular_energy"": -8.07, ""internal_energy"": -2.86, ""cluster_size"": 50, ""cluster_id"": 1, ""rank_in_cluster"": 20}",-6.88,0.21,1,O=S(=O)(Cc1ccccc1)N1C=Cc2ccccc2[C@@H]1c1c[nH]c2ccccc12
21,O=S(=O)(Cc1ccccc1)N1C=Cc2ccccc2C1c1c[nH]c2ccccc12,oracle,autodockgpu,-6.94,energy,4.35045702787186,4.35045702787186,"{""free_energy"": -6.91, ""intermolecular_energy"": -8.1, ""internal_energy"": -2.83, ""cluster_size"": 50, ""cluster_id"": 1, ""rank_in_cluster"": 5}",-6.88,0.14,1,O=S(=O)(Cc1ccccc1)N1C=Cc2ccccc2[C@@H]1c1c[nH]c2ccccc12
22,O=S(=O)(Cc1ccccc1)N1C=Cc2ccccc2C1c1c[nH]c2ccccc12,oracle,autodockgpu,-6.94,energy,4.347268361185057,4.347268361185057,"{""free_energy"": -6.86, ""intermolecular_energy"": -8.05, ""internal_energy"": -2.88, ""cluster_size"": 50, ""cluster_id"": 1, ""rank_in_cluster"": 35}",-6.87,0.2,1,O=S(=O)(Cc1ccccc1)N1C=Cc2ccccc2[C@@H]1c1c[nH]c2ccccc12
23,O=S(=O)(Cc1ccccc1)N1C=Cc2ccccc2C1c1c[nH]c2ccccc12,oracle,autodockgpu,-6.94,energy,4.347792823022303,4.347792823022303,"{""free_energy"": -6.86, ""intermolecular_energy"": -8.05, ""internal_energy"": -2.88, ""cluster_size"": 50, ""cluster_id"": 1, ""rank_in_cluster"": 34}",-6.87,0.18,1,O=S(=O)(Cc1ccccc1)N1C=Cc2ccccc2[C@@H]1c1c[nH]c2ccccc12
24,O=S(=O)(Cc1ccccc1)N1C=Cc2ccccc2C1c1c[nH]c2ccccc12,oracle,autodockgpu,-6.94,energy,4.344755347362531,4.344755347362531,"{""free_energy"": -6.87, ""intermolecular_energy"": -8.07, ""internal_energy"": -2.85, ""cluster_size"": 50, ""cluster_id"": 1, ""rank_in_cluster"": 23}",-6.87,0.22,1,O=S(=O)(Cc1ccccc1)N1C=Cc2ccccc2[C@@H]1c1c[nH]c2ccccc12
25,O=S(=O)(Cc1ccccc1)N1C=Cc2ccccc2C1c1c[nH]c2ccccc12,oracle,autodockgpu,-6.94,energy,4.35175778753172,4.35175778753172,"{""free_energy"": -6.9, ""intermolecular_energy"": -8.1, ""internal_energy"": -2.83, ""cluster_size"": 50, ""cluster_id"": 1, ""rank_in_cluster"": 10}",-6.87,0.14,1,O=S(=O)(Cc1ccccc1)N1C=Cc2ccccc2[C@@H]1c1c[nH]c2ccccc12
26,O=S(=O)(Cc1ccccc1)N1C=Cc2ccccc2C1c1c[nH]c2ccccc12,oracle,autodockgpu,-6.94,energy,4.353562922682795,4.353562922682795,"{""free_energy"": -6.87, ""intermolecular_energy"": -8.06, ""internal_energy"": -2.85, ""cluster_size"": 50, ""cluster_id"": 1, ""rank_in_cluster"": 26}",-6.87,0.16,1,O=S(=O)(Cc1ccccc1)N1C=Cc2ccccc2[C@@H]1c1c[nH]c2ccccc12
27,O=S(=O)(Cc1ccccc1)N1C=Cc2ccccc2C1c1c[nH]c2ccccc12,oracle,autodockgpu,-6.94,energy,4.352206674373676,4.352206674373676,"{""free_energy"": -6.87, ""intermolecular_energy"": -8.06, ""internal_energy"": -2.86, ""cluster_size"": 50, ""cluster_id"": 1, ""rank_in_cluster"": 28}",-6.87,0.24,1,O=S(=O)(Cc1ccccc1)N1C=Cc2ccccc2[C@@H]1c1c[nH]c2ccccc12
28,O=S(=O)(Cc1ccccc1)N1C=Cc2ccccc2C1c1c[nH]c2ccccc12,oracle,autodockgpu,-6.94,energy,4.353750300197596,4.353750300197596,"{""free_energy"": -6.86, ""intermolecular_energy"": -8.05, ""internal_energy"": -2.88, ""cluster_size"": 50, ""cluster_id"": 1, ""rank_in_cluster"": 39}",-6.87,0.24,1,O=S(=O)(Cc1ccccc1)N1C=Cc2ccccc2[C@@H]1c1c[nH]c2ccccc12
29,O=S(=O)(Cc1ccccc1)N1C=Cc2ccccc2C1c1c[nH]c2ccccc12,oracle,autodockgpu,-6.94,energy,4.350641509505849,4.350641509505849,"{""free_energy"": -6.86, ""intermolecular_energy"": -8.05, ""internal_energy"": -2.88, ""cluster_size"": 50, ""cluster_id"": 1, ""rank_in_cluster"": 37}",-6.86,0.22,1,O=S(=O)(Cc1ccccc1)N1C=Cc2ccccc2[C@@H]1c1c[nH]c2ccccc12
30,O=S(=O)(Cc1ccccc1)N1C=Cc2ccccc2C1c1c[nH]c2ccccc12,oracle,autodockgpu,-6.94,energy,4.348852301061119,4.348852301061119,"{""free_energy"": -6.91, ""intermolecular_energy"": -8.1, ""internal_energy"": -2.83, ""cluster_size"": 50, ""cluster_id"": 1, ""rank_in_cluster"": 6}",-6.86,0.26,1,O=S(=O)(Cc1ccccc1)N1C=Cc2ccccc2[C@@H]1c1c[nH]c2ccccc12
31,O=S(=O)(Cc1ccccc1)N1C=Cc2ccccc2C1c1c[nH]c2ccccc12,oracle,autodockgpu,-6.94,energy,4.342623519708923,4.342623519708923,"{""free_energy"": -6.86, ""intermolecular_energy"": -8.05, ""internal_energy"": -2.88, ""cluster_size"": 50, ""cluster_id"": 1, ""rank_in_cluster"": 42}",-6.86,0.24,1,O=S(=O)(Cc1ccccc1)N1C=Cc2ccccc2[C@@H]1c1c[nH]c2ccccc12
32,O=S(=O)(Cc1ccccc1)N1C=Cc2ccccc2C1c1c[nH]c2ccccc12,oracle,autodockgpu,-6.94,energy,4.366137825901126,4.366137825901126,"{""free_energy"": -6.87, ""intermolecular_energy"": -8.06, ""internal_energy"": -2.84, ""cluster_size"": 50, ""cluster_id"": 1, ""rank_in_cluster"": 27}",-6.86,0.25,1,O=S(=O)(Cc1ccccc1)N1C=Cc2ccccc2[C@@H]1c1c[nH]c2ccccc12
33,O=S(=O)(Cc1ccccc1)N1C=Cc2ccccc2C1c1c[nH]c2ccccc12,oracle,autodockgpu,-6.94,energy,4.340218118967602,4.340218118967602,"{""free_energy"": -6.86, ""intermolecular_energy"": -8.05, ""internal_energy"": -2.88, ""cluster_size"": 50, ""cluster_id"": 1, ""rank_in_cluster"": 36}",-6.86,0.25,1,O=S(=O)(Cc1ccccc1)N1C=Cc2ccccc2[C@@H]1c1c[nH]c2ccccc12
34,O=S(=O)(Cc1ccccc1)N1C=Cc2ccccc2C1c1c[nH]c2ccccc12,oracle,autodockgpu,-6.94,energy,4.3462870742731035,4.3462870742731035,"{""free_energy"": -6.89, ""intermolecular_energy"": -8.09, ""internal_energy"": -2.83, ""cluster_size"": 50, ""cluster_id"": 1, ""rank_in_cluster"": 15}",-6.86,0.26,1,O=S(=O)(Cc1ccccc1)N1C=Cc2ccccc2[C@@H]1c1c[nH]c2ccccc12
35,O=S(=O)(Cc1ccccc1)N1C=Cc2ccccc2C1c1c[nH]c2ccccc12,oracle,autodockgpu,-6.94,energy,4.360379493582206,4.360379493582206,"{""free_energy"": -6.87, ""intermolecular_energy"": -8.07, ""internal_energy"": -2.84, ""cluster_size"": 50, ""cluster_id"": 1, ""rank_in_cluster"": 24}",-6.86,0.25,1,O=S(=O)(Cc1ccccc1)N1C=Cc2ccccc2[C@@H]1c1c[nH]c2ccccc12
36,O=S(=O)(Cc1ccccc1)N1C=Cc2ccccc2C1c1c[nH]c2ccccc12,oracle,autodockgpu,-6.94,energy,4.350485670682496,4.350485670682496,"{""free_energy"": -6.85, ""intermolecular_energy"": -8.05, ""internal_energy"": -2.88, ""cluster_size"": 50, ""cluster_id"": 1, ""rank_in_cluster"": 46}",-6.86,0.27,1,O=S(=O)(Cc1ccccc1)N1C=Cc2ccccc2[C@@H]1c1c[nH]c2ccccc12
37,O=S(=O)(Cc1ccccc1)N1C=Cc2ccccc2C1c1c[nH]c2ccccc12,oracle,autodockgpu,-6.94,energy,4.343202542060672,4.343202542060672,"{""free_energy"": -6.85, ""intermolecular_energy"": -8.05, ""internal_energy"": -2.87, ""cluster_size"": 50, ""cluster_id"": 1, ""rank_in_cluster"": 47}",-6.86,0.24,1,O=S(=O)(Cc1ccccc1)N1C=Cc2ccccc2[C@@H]1c1c[nH]c2ccccc12
38,O=S(=O)(Cc1ccccc1)N1C=Cc2ccccc2C1c1c[nH]c2ccccc12,oracle,autodockgpu,-6.94,energy,4.348859707020395,4.348859707020395,"{""free_energy"": -6.9, ""intermolecular_energy"": -8.1, ""internal_energy"": -2.84, ""cluster_size"": 50, ""cluster_id"": 1, ""rank_in_cluster"": 9}",-6.86,0.26,1,O=S(=O)(Cc1ccccc1)N1C=Cc2ccccc2[C@@H]1c1c[nH]c2ccccc12
39,O=S(=O)(Cc1ccccc1)N1C=Cc2ccccc2C1c1c[nH]c2ccccc12,oracle,autodockgpu,-6.94,energy,4.334757224665126,4.334757224665126,"{""free_energy"": -6.89, ""intermolecular_energy"": -8.09, ""internal_energy"": -2.84, ""cluster_size"": 50, ""cluster_id"": 1, ""rank_in_cluster"": 16}",-6.86,0.25,1,O=S(=O)(Cc1ccccc1)N1C=Cc2ccccc2[C@@H]1c1c[nH]c2ccccc12
40,O=S(=O)(Cc1ccccc1)N1C=Cc2ccccc2C1c1c[nH]c2ccccc12,oracle,autodockgpu,-6.94,energy,4.344274339846703,4.344274339846703,"{""free_energy"": -6.9, ""intermolecular_energy"": -8.09, ""internal_energy"": -2.82, ""cluster_size"": 50, ""cluster_id"": 1, ""rank_in_cluster"": 12}",-6.86,0.27,1,O=S(=O)(Cc1ccccc1)N1C=Cc2ccccc2[C@@H]1c1c[nH]c2ccccc12
41,O=S(=O)(Cc1ccccc1)N1C=Cc2ccccc2C1c1c[nH]c2ccccc12,oracle,autodockgpu,-6.94,energy,4.346971070387785,4.346971070387785,"{""free_energy"": -6.91, ""intermolecular_energy"": -8.11, ""internal_energy"": -2.82, ""cluster_size"": 50, ""cluster_id"": 1, ""rank_in_cluster"": 4}",-6.86,0.27,1,O=S(=O)(Cc1ccccc1)N1C=Cc2ccccc2[C@@H]1c1c[nH]c2ccccc12
42,O=S(=O)(Cc1ccccc1)N1C=Cc2ccccc2C1c1c[nH]c2ccccc12,oracle,autodockgpu,-6.94,energy,4.340244996280083,4.340244996280083,"{""free_energy"": -6.86, ""intermolecular_energy"": -8.05, ""internal_energy"": -2.88, ""cluster_size"": 50, ""cluster_id"": 1, ""rank_in_cluster"": 32}",-6.86,0.25,1,O=S(=O)(Cc1ccccc1)N1C=Cc2ccccc2[C@@H]1c1c[nH]c2ccccc12
43,O=S(=O)(Cc1ccccc1)N1C=Cc2ccccc2C1c1c[nH]c2ccccc12,oracle,autodockgpu,-6.94,energy,4.343902201554309,4.343902201554309,"{""free_energy"": -6.85, ""intermolecular_energy"": -8.04, ""internal_energy"": -2.88, ""cluster_size"": 50, ""cluster_id"": 1, ""rank_in_cluster"": 48}",-6.86,0.27,1,O=S(=O)(Cc1ccccc1)N1C=Cc2ccccc2[C@@H]1c1c[nH]c2ccccc12
44,O=S(=O)(Cc1ccccc1)N1C=Cc2ccccc2C1c1c[nH]c2ccccc12,oracle,autodockgpu,-6.94,energy,4.347995589089513,4.347995589089513,"{""free_energy"": -6.89, ""intermolecular_energy"": -8.08, ""internal_energy"": -2.84, ""cluster_size"": 50, ""cluster_id"": 1, ""rank_in_cluster"": 17}",-6.86,0.25,1,O=S(=O)(Cc1ccccc1)N1C=Cc2ccccc2[C@@H]1c1c[nH]c2ccccc12
45,O=S(=O)(Cc1ccccc1)N1C=Cc2ccccc2C1c1c[nH]c2ccccc12,oracle,autodockgpu,-6.94,energy,4.348294123979107,4.348294123979107,"{""free_energy"": -6.89, ""intermolecular_energy"": -8.08, ""internal_energy"": -2.84, ""cluster_size"": 50, ""cluster_id"": 1, ""rank_in_cluster"": 18}",-6.85,0.25,1,O=S(=O)(Cc1ccccc1)N1C=Cc2ccccc2[C@@H]1c1c[nH]c2ccccc12
46,O=S(=O)(Cc1ccccc1)N1C=Cc2ccccc2C1c1c[nH]c2ccccc12,oracle,autodockgpu,-6.94,energy,4.340235955452884,4.340235955452884,"{""free_energy"": -6.86, ""intermolecular_energy"": -8.06, ""internal_energy"": -2.87, ""cluster_size"": 50, ""cluster_id"": 1, ""rank_in_cluster"": 30}",-6.85,0.26,1,O=S(=O)(Cc1ccccc1)N1C=Cc2ccccc2[C@@H]1c1c[nH]c2ccccc12
47,O=S(=O)(Cc1ccccc1)N1C=Cc2ccccc2C1c1c[nH]c2ccccc12,oracle,autodockgpu,-6.94,energy,4.353344844502499,4.353344844502499,"{""free_energy"": -6.86, ""intermolecular_energy"": -8.05, ""internal_energy"": -2.88, ""cluster_size"": 50, ""cluster_id"": 1, ""rank_in_cluster"": 40}",-6.85,0.24,1,O=S(=O)(Cc1ccccc1)N1C=Cc2ccccc2[C@@H]1c1c[nH]c2ccccc12
48,O=S(=O)(Cc1ccccc1)N1C=Cc2ccccc2C1c1c[nH]c2ccccc12,oracle,autodockgpu,-6.94,energy,4.35011237355999,4.35011237355999,"{""free_energy"": -6.94, ""intermolecular_energy"": -8.14, ""internal_energy"": -2.78, ""cluster_size"": 50, ""cluster_id"": 1, ""rank_in_cluster"": 1}",-6.85,0.25,1,O=S(=O)(Cc1ccccc1)N1C=Cc2ccccc2[C@@H]1c1c[nH]c2ccccc12
49,O=S(=O)(Cc1ccccc1)N1C=Cc2ccccc2C1c1c[nH]c2ccccc12,oracle,autodockgpu,-6.94,energy,4.35854985665078,4.35854985665078,"{""free_energy"": -6.88, ""intermolecular_energy"": -8.07, ""internal_energy"": -2.84, ""cluster_size"": 50, ""cluster_id"": 1, ""rank_in_cluster"": 19}",-6.85,0.27,1,O=S(=O)(Cc1ccccc1)N1C=Cc2ccccc2[C@@H]1c1c[nH]c2ccccc12
50,O=S(=O)(Cc1ccccc1)N1C=Cc2ccccc2C1c1c[nH]c2ccccc12,oracle,autodockgpu,-7.85,energy,4.983446134866831,4.983446134866831,"{""free_energy"": -7.27, ""intermolecular_energy"": -8.46, ""internal_energy"": -2.22, ""cluster_size"": 35, ""cluster_id"": 4, ""rank_in_cluster"": 28}",-7.85,0.0,1,O=S(=O)(Cc1ccccc1)N1C=Cc2ccccc2[C@H]1c1c[nH]c2ccccc12
51,O=S(=O)(Cc1ccccc1)N1C=Cc2ccccc2C1c1c[nH]c2ccccc12,oracle,autodockgpu,-7.85,energy,10.773763622967303,10.773763622967303,"{""free_energy"": -7.52, ""intermolecular_energy"": -8.72, ""internal_energy"": -1.97, ""cluster_size"": 7, ""cluster_id"": 2, ""rank_in_cluster"": 7}",-7.82,0.11,1,O=S(=O)(Cc1ccccc1)N1C=Cc2ccccc2[C@H]1c1c[nH]c2ccccc12
52,O=S(=O)(Cc1ccccc1)N1C=Cc2ccccc2C1c1c[nH]c2ccccc12,oracle,autodockgpu,-7.85,energy,5.02566006231032,5.02566006231032,"{""free_energy"": -7.32, ""intermolecular_energy"": -8.52, ""internal_energy"": -2.22, ""cluster_size"": 35, ""cluster_id"": 4, ""rank_in_cluster"": 5}",-7.82,0.15,1,O=S(=O)(Cc1ccccc1)N1C=Cc2ccccc2[C@H]1c1c[nH]c2ccccc12
53,O=S(=O)(Cc1ccccc1)N1C=Cc2ccccc2C1c1c[nH]c2ccccc12,oracle,autodockgpu,-7.85,energy,11.577709811517963,11.577709811517963,"{""free_energy"": -7.85, ""intermolecular_energy"": -9.04, ""internal_energy"": -1.73, ""cluster_size"": 5, ""cluster_id"": 1, ""rank_in_cluster"": 1}",-7.81,0.16,1,O=S(=O)(Cc1ccccc1)N1C=Cc2ccccc2[C@H]1c1c[nH]c2ccccc12
54,O=S(=O)(Cc1ccccc1)N1C=Cc2ccccc2C1c1c[nH]c2ccccc12,oracle,autodockgpu,-7.85,energy,4.977292152168859,4.977292152168859,"{""free_energy"": -7.3, ""intermolecular_energy"": -8.5, ""internal_energy"": -2.24, ""cluster_size"": 35, ""cluster_id"": 4, ""rank_in_cluster"": 11}",-7.68,0.81,1,O=S(=O)(Cc1ccccc1)N1C=Cc2ccccc2[C@H]1c1c[nH]c2ccccc12
55,O=S(=O)(Cc1ccccc1)N1C=Cc2ccccc2C1c1c[nH]c2ccccc12,oracle,autodockgpu,-7.85,energy,4.955676620282666,4.955676620282666,"{""free_energy"": -7.28, ""intermolecular_energy"": -8.47, ""internal_energy"": -2.26, ""cluster_size"": 35, ""cluster_id"": 4, ""rank_in_cluster"": 24}",-7.63,0.0,2,O=S(=O)(Cc1ccccc1)N1C=Cc2ccccc2[C@H]1c1c[nH]c2ccccc12
56,O=S(=O)(Cc1ccccc1)N1C=Cc2ccccc2C1c1c[nH]c2ccccc12,oracle,autodockgpu,-7.85,energy,5.004613691621909,5.004613691621909,"{""free_energy"": -7.31, ""intermolecular_energy"": -8.5, ""internal_energy"": -2.22, ""cluster_size"": 35, ""cluster_id"": 4, ""rank_in_cluster"": 10}",-7.61,0.07,2,O=S(=O)(Cc1ccccc1)N1C=Cc2ccccc2[C@H]1c1c[nH]c2ccccc12
57,O=S(=O)(Cc1ccccc1)N1C=Cc2ccccc2C1c1c[nH]c2ccccc12,oracle,autodockgpu,-7.85,energy,4.971705112286527,4.971705112286527,"{""free_energy"": -7.29, ""intermolecular_energy"": -8.48, ""internal_energy"": -2.25, ""cluster_size"": 35, ""cluster_id"": 4, ""rank_in_cluster"": 22}",-7.61,0.03,2,O=S(=O)(Cc1ccccc1)N1C=Cc2ccccc2[C@H]1c1c[nH]c2ccccc12
58,O=S(=O)(Cc1ccccc1)N1C=Cc2ccccc2C1c1c[nH]c2ccccc12,oracle,autodockgpu,-7.85,energy,4.970369409031143,4.970369409031143,"{""free_energy"": -7.25, ""intermolecular_energy"": -8.44, ""internal_energy"": -2.24, ""cluster_size"": 35, ""cluster_id"": 4, ""rank_in_cluster"": 30}",-7.61,0.38,2,O=S(=O)(Cc1ccccc1)N1C=Cc2ccccc2[C@H]1c1c[nH]c2ccccc12
59,O=S(=O)(Cc1ccccc1)N1C=Cc2ccccc2C1c1c[nH]c2ccccc12,oracle,autodockgpu,-7.85,energy,4.994126602174541,4.994126602174541,"{""free_energy"": -7.29, ""intermolecular_energy"": -8.48, ""internal_energy"": -2.24, ""cluster_size"": 35, ""cluster_id"": 4, ""rank_in_cluster"": 20}",-7.59,0.08,2,O=S(=O)(Cc1ccccc1)N1C=Cc2ccccc2[C@H]1c1c[nH]c2ccccc12
60,O=S(=O)(Cc1ccccc1)N1C=Cc2ccccc2C1c1c[nH]c2ccccc12,oracle,autodockgpu,-7.85,energy,4.959219579772465,4.959219579772465,"{""free_energy"": -7.3, ""intermolecular_energy"": -8.49, ""internal_energy"": -2.24, ""cluster_size"": 35, ""cluster_id"": 4, ""rank_in_cluster"": 14}",-7.57,0.08,2,O=S(=O)(Cc1ccccc1)N1C=Cc2ccccc2[C@H]1c1c[nH]c2ccccc12
61,O=S(=O)(Cc1ccccc1)N1C=Cc2ccccc2C1c1c[nH]c2ccccc12,oracle,autodockgpu,-7.85,energy,4.932174585686532,4.932174585686532,"{""free_energy"": -7.44, ""intermolecular_energy"": -8.63, ""internal_energy"": -2.08, ""cluster_size"": 35, ""cluster_id"": 4, ""rank_in_cluster"": 2}",-7.52,0.37,2,O=S(=O)(Cc1ccccc1)N1C=Cc2ccccc2[C@H]1c1c[nH]c2ccccc12
62,O=S(=O)(Cc1ccccc1)N1C=Cc2ccccc2C1c1c[nH]c2ccccc12,oracle,autodockgpu,-7.85,energy,10.825420095522412,10.825420095522412,"{""free_energy"": -7.63, ""intermolecular_energy"": -8.82, ""internal_energy"": -1.89, ""cluster_size"": 7, ""cluster_id"": 2, ""rank_in_cluster"": 1}",-7.53,0.0,3,O=S(=O)(Cc1ccccc1)N1C=Cc2ccccc2[C@H]1c1c[nH]c2ccccc12
63,O=S(=O)(Cc1ccccc1)N1C=Cc2ccccc2C1c1c[nH]c2ccccc12,oracle,autodockgpu,-7.85,energy,4.975227259938417,4.975227259938417,"{""free_energy"": -7.29, ""intermolecular_energy"": -8.48, ""internal_energy"": -2.25, ""cluster_size"": 35, ""cluster_id"": 4, ""rank_in_cluster"": 19}",-7.53,0.07,3,O=S(=O)(Cc1ccccc1)N1C=Cc2ccccc2[C@H]1c1c[nH]c2ccccc12
64,O=S(=O)(Cc1ccccc1)N1C=Cc2ccccc2C1c1c[nH]c2ccccc12,oracle,autodockgpu,-7.85,energy,11.646515407371348,11.646515407371348,"{""free_energy"": -7.21, ""intermolecular_energy"": -8.4, ""internal_energy"": -2.27, ""cluster_size"": 1, ""cluster_id"": 5, ""rank_in_cluster"": 1}",-7.5,0.0,4,O=S(=O)(Cc1ccccc1)N1C=Cc2ccccc2[C@H]1c1c[nH]c2ccccc12
65,O=S(=O)(Cc1ccccc1)N1C=Cc2ccccc2C1c1c[nH]c2ccccc12,oracle,autodockgpu,-7.85,energy,10.80685053518368,10.80685053518368,"{""free_energy"": -7.61, ""intermolecular_energy"": -8.8, ""internal_energy"": -1.9, ""cluster_size"": 7, ""cluster_id"": 2, ""rank_in_cluster"": 4}",-7.44,0.67,4,O=S(=O)(Cc1ccccc1)N1C=Cc2ccccc2[C@H]1c1c[nH]c2ccccc12
66,O=S(=O)(Cc1ccccc1)N1C=Cc2ccccc2C1c1c[nH]c2ccccc12,oracle,autodockgpu,-7.85,energy,10.822294158829203,10.822294158829203,"{""free_energy"": -7.61, ""intermolecular_energy"": -8.8, ""internal_energy"": -1.89, ""cluster_size"": 7, ""cluster_id"": 2, ""rank_in_cluster"": 2}",-7.43,0.69,4,O=S(=O)(Cc1ccccc1)N1C=Cc2ccccc2[C@H]1c1c[nH]c2ccccc12
67,O=S(=O)(Cc1ccccc1)N1C=Cc2ccccc2C1c1c[nH]c2ccccc12,oracle,autodockgpu,-7.85,energy,5.003103736807438,5.003103736807438,"{""free_energy"": -7.31, ""intermolecular_energy"": -8.5, ""internal_energy"": -2.19, ""cluster_size"": 35, ""cluster_id"": 4, ""rank_in_cluster"": 9}",-7.41,0.64,4,O=S(=O)(Cc1ccccc1)N1C=Cc2ccccc2[C@H]1c1c[nH]c2ccccc12
68,O=S(=O)(Cc1ccccc1)N1C=Cc2ccccc2C1c1c[nH]c2ccccc12,oracle,autodockgpu,-7.85,energy,11.482691327406853,11.482691327406853,"{""free_energy"": -7.82, ""intermolecular_energy"": -9.02, ""internal_energy"": -1.71, ""cluster_size"": 5, ""cluster_id"": 1, ""rank_in_cluster"": 3}",-7.32,0.73,4,O=S(=O)(Cc1ccccc1)N1C=Cc2ccccc2[C@H]1c1c[nH]c2ccccc12
69,O=S(=O)(Cc1ccccc1)N1C=Cc2ccccc2C1c1c[nH]c2ccccc12,oracle,autodockgpu,-7.85,energy,11.93277350794559,11.93277350794559,"{""free_energy"": -7.53, ""intermolecular_energy"": -8.72, ""internal_energy"": -2.1, ""cluster_size"": 2, ""cluster_id"": 3, ""rank_in_cluster"": 2}",-7.32,0.72,4,O=S(=O)(Cc1ccccc1)N1C=Cc2ccccc2[C@H]1c1c[nH]c2ccccc12
70,O=S(=O)(Cc1ccccc1)N1C=Cc2ccccc2C1c1c[nH]c2ccccc12,oracle,autodockgpu,-7.85,energy,4.990948622327294,4.990948622327294,"{""free_energy"": -7.04, ""intermolecular_energy"": -8.23, ""internal_energy"": -2.39, ""cluster_size"": 35, ""cluster_id"": 4, ""rank_in_cluster"": 35}",-7.32,0.72,4,O=S(=O)(Cc1ccccc1)N1C=Cc2ccccc2[C@H]1c1c[nH]c2ccccc12
71,O=S(=O)(Cc1ccccc1)N1C=Cc2ccccc2C1c1c[nH]c2ccccc12,oracle,autodockgpu,-7.85,energy,4.955797915130446,4.955797915130446,"{""free_energy"": -7.29, ""intermolecular_energy"": -8.48, ""internal_energy"": -2.25, ""cluster_size"": 35, ""cluster_id"": 4, ""rank_in_cluster"": 21}",-7.32,0.69,4,O=S(=O)(Cc1ccccc1)N1C=Cc2ccccc2[C@H]1c1c[nH]c2ccccc12
72,O=S(=O)(Cc1ccccc1)N1C=Cc2ccccc2C1c1c[nH]c2ccccc12,oracle,autodockgpu,-7.85,energy,4.996934045328655,4.996934045328655,"{""free_energy"": -7.3, ""intermolecular_energy"": -8.49, ""internal_energy"": -2.23, ""cluster_size"": 35, ""cluster_id"": 4, ""rank_in_cluster"": 17}",-7.31,0.68,4,O=S(=O)(Cc1ccccc1)N1C=Cc2ccccc2[C@H]1c1c[nH]c2ccccc12
73,O=S(=O)(Cc1ccccc1)N1C=Cc2ccccc2C1c1c[nH]c2ccccc12,oracle,autodockgpu,-7.85,energy,4.954134191859362,4.954134191859362,"{""free_energy"": -7.28, ""intermolecular_energy"": -8.47, ""internal_energy"": -2.26, ""cluster_size"": 35, ""cluster_id"": 4, ""rank_in_cluster"": 27}",-7.31,0.71,4,O=S(=O)(Cc1ccccc1)N1C=Cc2ccccc2[C@H]1c1c[nH]c2ccccc12
74,O=S(=O)(Cc1ccccc1)N1C=Cc2ccccc2C1c1c[nH]c2ccccc12,oracle,autodockgpu,-7.85,energy,4.705531188416803,4.705531188416803,"{""free_energy"": -7.14, ""intermolecular_energy"": -8.34, ""internal_energy"": -2.23, ""cluster_size"": 35, ""cluster_id"": 4, ""rank_in_cluster"": 32}",-7.3,0.73,4,O=S(=O)(Cc1ccccc1)N1C=Cc2ccccc2[C@H]1c1c[nH]c2ccccc12
75,O=S(=O)(Cc1ccccc1)N1C=Cc2ccccc2C1c1c[nH]c2ccccc12,oracle,autodockgpu,-7.85,energy,10.789533517769044,10.789533517769044,"{""free_energy"": -7.57, ""intermolecular_energy"": -8.77, ""internal_energy"": -1.93, ""cluster_size"": 7, ""cluster_id"": 2, ""rank_in_cluster"": 6}",-7.3,0.71,4,O=S(=O)(Cc1ccccc1)N1C=Cc2ccccc2[C@H]1c1c[nH]c2ccccc12
76,O=S(=O)(Cc1ccccc1)N1C=Cc2ccccc2C1c1c[nH]c2ccccc12,oracle,autodockgpu,-7.85,energy,4.93431478631345,4.93431478631345,"{""free_energy"": -7.24, ""intermolecular_energy"": -8.43, ""internal_energy"": -2.28, ""cluster_size"": 35, ""cluster_id"": 4, ""rank_in_cluster"": 31}",-7.3,0.7,4,O=S(=O)(Cc1ccccc1)N1C=Cc2ccccc2[C@H]1c1c[nH]c2ccccc12
77,O=S(=O)(Cc1ccccc1)N1C=Cc2ccccc2C1c1c[nH]c2ccccc12,oracle,autodockgpu,-7.85,energy,5.027562243181241,5.027562243181241,"{""free_energy"": -7.32, ""intermolecular_energy"": -8.52, ""internal_energy"": -2.21, ""cluster_size"": 35, ""cluster_id"": 4, ""rank_in_cluster"": 6}",-7.3,0.72,4,O=S(=O)(Cc1ccccc1)N1C=Cc2ccccc2[C@H]1c1c[nH]c2ccccc12
78,O=S(=O)(Cc1ccccc1)N1C=Cc2ccccc2C1c1c[nH]c2ccccc12,oracle,autodockgpu,-7.85,energy,10.808262512916293,10.808262512916293,"{""free_energy"": -7.59, ""intermolecular_energy"": -8.78, ""internal_energy"": -1.92, ""cluster_size"": 7, ""cluster_id"": 2, ""rank_in_cluster"": 5}",-7.3,0.72,4,O=S(=O)(Cc1ccccc1)N1C=Cc2ccccc2[C@H]1c1c[nH]c2ccccc12
79,O=S(=O)(Cc1ccccc1)N1C=Cc2ccccc2C1c1c[nH]c2ccccc12,oracle,autodockgpu,-7.85,energy,4.9862739395814275,4.9862739395814275,"{""free_energy"": -7.26, ""intermolecular_energy"": -8.45, ""internal_energy"": -2.24, ""cluster_size"": 35, ""cluster_id"": 4, ""rank_in_cluster"": 29}",-7.3,0.72,4,O=S(=O)(Cc1ccccc1)N1C=Cc2ccccc2[C@H]1c1c[nH]c2ccccc12
80,O=S(=O)(Cc1ccccc1)N1C=Cc2ccccc2C1c1c[nH]c2ccccc12,oracle,autodockgpu,-7.85,energy,11.551774378071633,11.551774378071633,"{""free_energy"": -7.81, ""intermolecular_energy"": -9.0, ""internal_energy"": -1.75, ""cluster_size"": 5, ""cluster_id"": 1, ""rank_in_cluster"": 4}",-7.3,0.71,4,O=S(=O)(Cc1ccccc1)N1C=Cc2ccccc2[C@H]1c1c[nH]c2ccccc12
81,O=S(=O)(Cc1ccccc1)N1C=Cc2ccccc2C1c1c[nH]c2ccccc12,oracle,autodockgpu,-7.85,energy,4.99957031388369,4.99957031388369,"{""free_energy"": -7.3, ""intermolecular_energy"": -8.5, ""internal_energy"": -2.23, ""cluster_size"": 35, ""cluster_id"": 4, ""rank_in_cluster"": 13}",-7.29,0.7,4,O=S(=O)(Cc1ccccc1)N1C=Cc2ccccc2[C@H]1c1c[nH]c2ccccc12
82,O=S(=O)(Cc1ccccc1)N1C=Cc2ccccc2C1c1c[nH]c2ccccc12,oracle,autodockgpu,-7.85,energy,10.966922432252016,10.966922432252016,"{""free_energy"": -7.68, ""intermolecular_energy"": -8.88, ""internal_energy"": -1.64, ""cluster_size"": 5, ""cluster_id"": 1, ""rank_in_cluster"": 5}",-7.29,0.72,4,O=S(=O)(Cc1ccccc1)N1C=Cc2ccccc2[C@H]1c1c[nH]c2ccccc12
83,O=S(=O)(Cc1ccccc1)N1C=Cc2ccccc2C1c1c[nH]c2ccccc12,oracle,autodockgpu,-7.85,energy,4.950807286988005,4.950807286988005,"{""free_energy"": -7.41, ""intermolecular_energy"": -8.6, ""internal_energy"": -2.09, ""cluster_size"": 35, ""cluster_id"": 4, ""rank_in_cluster"": 4}",-7.29,0.73,4,O=S(=O)(Cc1ccccc1)N1C=Cc2ccccc2[C@H]1c1c[nH]c2ccccc12
84,O=S(=O)(Cc1ccccc1)N1C=Cc2ccccc2C1c1c[nH]c2ccccc12,oracle,autodockgpu,-7.85,energy,11.507679842324078,11.507679842324078,"{""free_energy"": -7.82, ""intermolecular_energy"": -9.02, ""internal_energy"": -1.74, ""cluster_size"": 5, ""cluster_id"": 1, ""rank_in_cluster"": 2}",-7.29,0.72,4,O=S(=O)(Cc1ccccc1)N1C=Cc2ccccc2[C@H]1c1c[nH]c2ccccc12
85,O=S(=O)(Cc1ccccc1)N1C=Cc2ccccc2C1c1c[nH]c2ccccc12,oracle,autodockgpu,-7.85,energy,4.9646154353697085,4.9646154353697085,"{""free_energy"": -7.29, ""intermolecular_energy"": -8.48, ""internal_energy"": -2.25, ""cluster_size"": 35, ""cluster_id"": 4, ""rank_in_cluster"": 23}",-7.29,0.73,4,O=S(=O)(Cc1ccccc1)N1C=Cc2ccccc2[C@H]1c1c[nH]c2ccccc12
86,O=S(=O)(Cc1ccccc1)N1C=Cc2ccccc2C1c1c[nH]c2ccccc12,oracle,autodockgpu,-7.85,energy,4.980578878961957,4.980578878961957,"{""free_energy"": -7.28, ""intermolecular_energy"": -8.47, ""internal_energy"": -2.22, ""cluster_size"": 35, ""cluster_id"": 4, ""rank_in_cluster"": 25}",-7.29,0.73,4,O=S(=O)(Cc1ccccc1)N1C=Cc2ccccc2[C@H]1c1c[nH]c2ccccc12
87,O=S(=O)(Cc1ccccc1)N1C=Cc2ccccc2C1c1c[nH]c2ccccc12,oracle,autodockgpu,-7.85,energy,5.005380199183999,5.005380199183999,"{""free_energy"": -7.06, ""intermolecular_energy"": -8.25, ""internal_energy"": -2.36, ""cluster_size"": 35, ""cluster_id"": 4, ""rank_in_cluster"": 34}",-7.28,0.73,4,O=S(=O)(Cc1ccccc1)N1C=Cc2ccccc2[C@H]1c1c[nH]c2ccccc12
88,O=S(=O)(Cc1ccccc1)N1C=Cc2ccccc2C1c1c[nH]c2ccccc12,oracle,autodockgpu,-7.85,energy,4.9616626478075485,4.9616626478075485,"{""free_energy"": -7.3, ""intermolecular_energy"": -8.49, ""internal_energy"": -2.25, ""cluster_size"": 35, ""cluster_id"": 4, ""rank_in_cluster"": 16}",-7.28,0.73,4,O=S(=O)(Cc1ccccc1)N1C=Cc2ccccc2[C@H]1c1c[nH]c2ccccc12
89,O=S(=O)(Cc1ccccc1)N1C=Cc2ccccc2C1c1c[nH]c2ccccc12,oracle,autodockgpu,-7.85,energy,4.990540234729198,4.990540234729198,"{""free_energy"": -7.32, ""intermolecular_energy"": -8.51, ""internal_energy"": -2.22, ""cluster_size"": 35, ""cluster_id"": 4, ""rank_in_cluster"": 7}",-7.28,0.75,4,O=S(=O)(Cc1ccccc1)N1C=Cc2ccccc2[C@H]1c1c[nH]c2ccccc12
90,O=S(=O)(Cc1ccccc1)N1C=Cc2ccccc2C1c1c[nH]c2ccccc12,oracle,autodockgpu,-7.85,energy,4.647583605246869,4.647583605246869,"{""free_energy"": -7.14, ""intermolecular_energy"": -8.33, ""internal_energy"": -2.25, ""cluster_size"": 35, ""cluster_id"": 4, ""rank_in_cluster"": 33}",-7.28,0.72,4,O=S(=O)(Cc1ccccc1)N1C=Cc2ccccc2[C@H]1c1c[nH]c2ccccc12
91,O=S(=O)(Cc1ccccc1)N1C=Cc2ccccc2C1c1c[nH]c2ccccc12,oracle,autodockgpu,-7.85,energy,4.928693397197181,4.928693397197181,"{""free_energy"": -7.43, ""intermolecular_energy"": -8.62, ""internal_energy"": -2.04, ""cluster_size"": 35, ""cluster_id"": 4, ""rank_in_cluster"": 3}",-7.27,0.75,4,O=S(=O)(Cc1ccccc1)N1C=Cc2ccccc2[C@H]1c1c[nH]c2ccccc12
92,O=S(=O)(Cc1ccccc1)N1C=Cc2ccccc2C1c1c[nH]c2ccccc12,oracle,autodockgpu,-7.85,energy,4.989695618372592,4.989695618372592,"{""free_energy"": -7.3, ""intermolecular_energy"": -8.5, ""internal_energy"": -2.23, ""cluster_size"": 35, ""cluster_id"": 4, ""rank_in_cluster"": 12}",-7.26,0.73,4,O=S(=O)(Cc1ccccc1)N1C=Cc2ccccc2[C@H]1c1c[nH]c2ccccc12
93,O=S(=O)(Cc1ccccc1)N1C=Cc2ccccc2C1c1c[nH]c2ccccc12,oracle,autodockgpu,-7.85,energy,4.9777729995631645,4.9777729995631645,"{""free_energy"": -7.3, ""intermolecular_energy"": -8.49, ""internal_energy"": -2.24, ""cluster_size"": 35, ""cluster_id"": 4, ""rank_in_cluster"": 15}",-7.25,0.74,4,O=S(=O)(Cc1ccccc1)N1C=Cc2ccccc2[C@H]1c1c[nH]c2ccccc12
94,O=S(=O)(Cc1ccccc1)N1C=Cc2ccccc2C1c1c[nH]c2ccccc12,oracle,autodockgpu,-7.85,energy,5.0234021514575815,5.0234021514575815,"{""free_energy"": -7.32, ""intermolecular_energy"": -8.51, ""internal_energy"": -2.18, ""cluster_size"": 35, ""cluster_id"": 4, ""rank_in_cluster"": 8}",-7.24,0.73,4,O=S(=O)(Cc1ccccc1)N1C=Cc2ccccc2[C@H]1c1c[nH]c2ccccc12
95,O=S(=O)(Cc1ccccc1)N1C=Cc2ccccc2C1c1c[nH]c2ccccc12,oracle,autodockgpu,-7.85,energy,4.890423376100315,4.890423376100315,"{""free_energy"": -7.5, ""intermolecular_energy"": -8.69, ""internal_energy"": -1.89, ""cluster_size"": 35, ""cluster_id"": 4, ""rank_in_cluster"": 1}",-7.14,0.78,4,O=S(=O)(Cc1ccccc1)N1C=Cc2ccccc2[C@H]1c1c[nH]c2ccccc12
96,O=S(=O)(Cc1ccccc1)N1C=Cc2ccccc2C1c1c[nH]c2ccccc12,oracle,autodockgpu,-7.85,energy,11.934871285346045,11.934871285346045,"{""free_energy"": -7.53, ""intermolecular_energy"": -8.72, ""internal_energy"": -2.1, ""cluster_size"": 2, ""cluster_id"": 3, ""rank_in_cluster"": 1}",-7.14,0.8,4,O=S(=O)(Cc1ccccc1)N1C=Cc2ccccc2[C@H]1c1c[nH]c2ccccc12
97,O=S(=O)(Cc1ccccc1)N1C=Cc2ccccc2C1c1c[nH]c2ccccc12,oracle,autodockgpu,-7.85,energy,10.830326556886137,10.830326556886137,"{""free_energy"": -7.61, ""intermolecular_energy"": -8.8, ""internal_energy"": -1.91, ""cluster_size"": 7, ""cluster_id"": 2, ""rank_in_cluster"": 3}",-7.06,0.9,4,O=S(=O)(Cc1ccccc1)N1C=Cc2ccccc2[C@H]1c1c[nH]c2ccccc12
98,O=S(=O)(Cc1ccccc1)N1C=Cc2ccccc2C1c1c[nH]c2ccccc12,oracle,autodockgpu,-7.85,energy,5.045939372385875,5.045939372385875,"{""free_energy"": -7.28, ""intermolecular_energy"": -8.47, ""internal_energy"": -2.23, ""cluster_size"": 35, ""cluster_id"": 4, ""rank_in_cluster"": 26}",-7.04,0.93,4,O=S(=O)(Cc1ccccc1)N1C=Cc2ccccc2[C@H]1c1c[nH]c2ccccc12
99,O=S(=O)(Cc1ccccc1)N1C=Cc2ccccc2C1c1c[nH]c2ccccc12,oracle,autodockgpu,-7.85,energy,4.965831955524034,4.965831955524034,"{""free_energy"": -7.29, ""intermolecular_energy"": -8.49, ""internal_energy"": -2.23, ""cluster_size"": 35, ""cluster_id"": 4, ""rank_in_cluster"": 18}",-7.21,0.0,5,O=S(=O)(Cc1ccccc1)N1C=Cc2ccccc2[C@H]1c1c[nH]c2ccccc12
100,O=C(CCCOc1ccc(Cl)cc1Cl)NN=Cc1cccnc1F,oracle,autodockgpu,-7.33,energy,7.061599359170595,7.061599359170595,"{""free_energy"": -5.94, ""intermolecular_energy"": -8.33, ""internal_energy"": -1.68, ""cluster_size"": 10, ""cluster_id"": 2, ""rank_in_cluster"": 10}",-7.33,0.0,1,O=C(CCCOc1ccc(Cl)cc1Cl)N/N=C/c1cccnc1F
101,O=C(CCCOc1ccc(Cl)cc1Cl)NN=Cc1cccnc1F,oracle,autodockgpu,-7.33,energy,6.27762923800458,6.27762923800458,"{""free_energy"": -6.91, ""intermolecular_energy"": -9.29, ""internal_energy"": -0.65, ""cluster_size"": 10, ""cluster_id"": 2, ""rank_in_cluster"": 1}",-7.1,0.82,1,O=C(CCCOc1ccc(Cl)cc1Cl)N/N=C/c1cccnc1F
102,O=C(CCCOc1ccc(Cl)cc1Cl)NN=Cc1cccnc1F,oracle,autodockgpu,-7.33,energy,12.733605738008341,12.733605738008341,"{""free_energy"": -7.02, ""intermolecular_energy"": -9.4, ""internal_energy"": -0.51, ""cluster_size"": 8, ""cluster_id"": 1, ""rank_in_cluster"": 4}",-7.08,0.73,1,O=C(CCCOc1ccc(Cl)cc1Cl)N/N=C/c1cccnc1F
103,O=C(CCCOc1ccc(Cl)cc1Cl)NN=Cc1cccnc1F,oracle,autodockgpu,-7.33,energy,7.703597050173894,7.703597050173894,"{""free_energy"": -6.12, ""intermolecular_energy"": -8.51, ""internal_energy"": -1.62, ""cluster_size"": 10, ""cluster_id"": 2, ""rank_in_cluster"": 8}",-7.02,0.76,1,O=C(CCCOc1ccc(Cl)cc1Cl)N/N=C/c1cccnc1F
104,O=C(CCCOc1ccc(Cl)cc1Cl)NN=Cc1cccnc1F,oracle,autodockgpu,-7.33,energy,6.285841035652636,6.285841035652636,"{""free_energy"": -6.76, ""intermolecular_energy"": -9.15, ""internal_energy"": -0.76, ""cluster_size"": 10, ""cluster_id"": 2, ""rank_in_cluster"": 4}",-6.95,0.74,1,O=C(CCCOc1ccc(Cl)cc1Cl)N/N=C/c1cccnc1F
105,O=C(CCCOc1ccc(Cl)cc1Cl)NN=Cc1cccnc1F,oracle,autodockgpu,-7.33,energy,7.343935699614684,7.343935699614684,"{""free_energy"": -6.42, ""intermolecular_energy"": -8.8, ""internal_energy"": -1.52, ""cluster_size"": 10, ""cluster_id"": 2, ""rank_in_cluster"": 5}",-6.52,1.3,1,O=C(CCCOc1ccc(Cl)cc1Cl)N/N=C/c1cccnc1F
106,O=C(CCCOc1ccc(Cl)cc1Cl)NN=Cc1cccnc1F,oracle,autodockgpu,-7.33,energy,12.001365027610502,12.001365027610502,"{""free_energy"": -6.15, ""intermolecular_energy"": -8.54, ""internal_energy"": -1.32, ""cluster_size"": 8, ""cluster_id"": 1, ""rank_in_cluster"": 7}",-6.15,1.51,1,O=C(CCCOc1ccc(Cl)cc1Cl)N/N=C/c1cccnc1F
107,O=C(CCCOc1ccc(Cl)cc1Cl)NN=Cc1cccnc1F,oracle,autodockgpu,-7.33,energy,6.159768193513165,6.159768193513165,"{""free_energy"": -5.32, ""intermolecular_energy"": -7.71, ""internal_energy"": -1.89, ""cluster_size"": 6, ""cluster_id"": 9, ""rank_in_cluster"": 4}",-6.15,1.74,1,O=C(CCCOc1ccc(Cl)cc1Cl)N/N=C\c1cccnc1F
108,O=C(CCCOc1ccc(Cl)cc1Cl)NN=Cc1cccnc1F,oracle,autodockgpu,-7.33,energy,8.891134434244924,8.891134434244924,"{""free_energy"": -5.91, ""intermolecular_energy"": -8.3, ""internal_energy"": -1.67, ""cluster_size"": 8, ""cluster_id"": 6, ""rank_in_cluster"": 6}",-6.91,0.0,2,O=C(CCCOc1ccc(Cl)cc1Cl)N/N=C/c1cccnc1F
109,O=C(CCCOc1ccc(Cl)cc1Cl)NN=Cc1cccnc1F,oracle,autodockgpu,-7.33,energy,5.975652554886652,5.975652554886652,"{""free_energy"": -6.7, ""intermolecular_energy"": -9.08, ""internal_energy"": -0.64, ""cluster_size"": 6, ""cluster_id"": 3, ""rank_in_cluster"": 1}",-6.83,1.91,2,O=C(CCCOc1ccc(Cl)cc1Cl)N/N=C\c1cccnc1F
110,O=C(CCCOc1ccc(Cl)cc1Cl)NN=Cc1cccnc1F,oracle,autodockgpu,-7.33,energy,6.701453876331886,6.701453876331886,"{""free_energy"": -6.11, ""intermolecular_energy"": -8.5, ""internal_energy"": -1.41, ""cluster_size"": 6, ""cluster_id"": 3, ""rank_in_cluster"": 4}",-6.76,1.7,2,O=C(CCCOc1ccc(Cl)cc1Cl)N/N=C/c1cccnc1F
111,O=C(CCCOc1ccc(Cl)cc1Cl)NN=Cc1cccnc1F,oracle,autodockgpu,-7.33,energy,13.007106109711307,13.007106109711307,"{""free_energy"": -5.94, ""intermolecular_energy"": -8.33, ""internal_energy"": -1.37, ""cluster_size"": 1, ""cluster_id"": 7, ""rank_in_cluster"": 1}",-6.76,1.18,2,O=C(CCCOc1ccc(Cl)cc1Cl)N/N=C/c1cccnc1F
112,O=C(CCCOc1ccc(Cl)cc1Cl)NN=Cc1cccnc1F,oracle,autodockgpu,-7.33,energy,7.786041291449349,7.786041291449349,"{""free_energy"": -5.73, ""intermolecular_energy"": -8.11, ""internal_energy"": -1.8, ""cluster_size"": 6, ""cluster_id"": 5, ""rank_in_cluster"": 5}",-6.42,1.57,2,O=C(CCCOc1ccc(Cl)cc1Cl)N/N=C/c1cccnc1F
113,O=C(CCCOc1ccc(Cl)cc1Cl)NN=Cc1cccnc1F,oracle,autodockgpu,-7.33,energy,14.368674718653823,14.368674718653823,"{""free_energy"": -5.24, ""intermolecular_energy"": -7.63, ""internal_energy"": -2.1, ""cluster_size"": 1, ""cluster_id"": 11, ""rank_in_cluster"": 1}",-6.28,1.62,2,O=C(CCCOc1ccc(Cl)cc1Cl)N/N=C\c1cccnc1F
114,O=C(CCCOc1ccc(Cl)cc1Cl)NN=Cc1cccnc1F,oracle,autodockgpu,-7.33,energy,7.291984161299513,7.291984161299513,"{""free_energy"": -6.4, ""intermolecular_energy"": -8.78, ""internal_energy"": -1.41, ""cluster_size"": 6, ""cluster_id"": 5, ""rank_in_cluster"": 2}",-6.21,1.68,2,O=C(CCCOc1ccc(Cl)cc1Cl)N/N=C/c1cccnc1F
115,O=C(CCCOc1ccc(Cl)cc1Cl)NN=Cc1cccnc1F,oracle,autodockgpu,-7.33,energy,9.303159032860176,9.303159032860176,"{""free_energy"": -6.19, ""intermolecular_energy"": -8.58, ""internal_energy"": -1.66, ""cluster_size"": 8, ""cluster_id"": 6, ""rank_in_cluster"": 2}",-6.12,1.66,2,O=C(CCCOc1ccc(Cl)cc1Cl)N/N=C/c1cccnc1F
116,O=C(CCCOc1ccc(Cl)cc1Cl)NN=Cc1cccnc1F,oracle,autodockgpu,-7.33,energy,6.151812053283111,6.151812053283111,"{""free_energy"": -6.76, ""intermolecular_energy"": -9.15, ""internal_energy"": -0.5, ""cluster_size"": 10, ""cluster_id"": 2, ""rank_in_cluster"": 3}",-6.0,1.91,2,O=C(CCCOc1ccc(Cl)cc1Cl)N/N=C/c1cccnc1F
117,O=C(CCCOc1ccc(Cl)cc1Cl)NN=Cc1cccnc1F,oracle,autodockgpu,-7.33,energy,9.962546434825128,9.962546434825128,"{""free_energy"": -6.55, ""intermolecular_energy"": -8.94, ""internal_energy"": -1.13, ""cluster_size"": 2, ""cluster_id"": 4, ""rank_in_cluster"": 1}",-5.94,1.89,2,O=C(CCCOc1ccc(Cl)cc1Cl)N/N=C\c1cccnc1F
118,O=C(CCCOc1ccc(Cl)cc1Cl)NN=Cc1cccnc1F,oracle,autodockgpu,-7.33,energy,9.550479809266655,9.550479809266655,"{""free_energy"": -6.1, ""intermolecular_energy"": -8.49, ""internal_energy"": -1.71, ""cluster_size"": 8, ""cluster_id"": 6, ""rank_in_cluster"": 4}",-6.7,0.0,3,O=C(CCCOc1ccc(Cl)cc1Cl)N/N=C/c1cccnc1F
119,O=C(CCCOc1ccc(Cl)cc1Cl)NN=Cc1cccnc1F,oracle,autodockgpu,-7.33,energy,12.644060352726132,12.644060352726132,"{""free_energy"": -6.52, ""intermolecular_energy"": -8.91, ""internal_energy"": -0.53, ""cluster_size"": 8, ""cluster_id"": 1, ""rank_in_cluster"": 6}",-6.63,1.42,3,O=C(CCCOc1ccc(Cl)cc1Cl)N/N=C/c1cccnc1F
120,O=C(CCCOc1ccc(Cl)cc1Cl)NN=Cc1cccnc1F,oracle,autodockgpu,-7.33,energy,9.07279980007293,9.07279980007293,"{""free_energy"": -5.98, ""intermolecular_energy"": -8.36, ""internal_energy"": -1.56, ""cluster_size"": 8, ""cluster_id"": 6, ""rank_in_cluster"": 5}",-6.46,1.03,3,O=C(CCCOc1ccc(Cl)cc1Cl)N/N=C/c1cccnc1F
121,O=C(CCCOc1ccc(Cl)cc1Cl)NN=Cc1cccnc1F,oracle,autodockgpu,-7.33,energy,6.602970997810703,6.602970997810703,"{""free_energy"": -6.06, ""intermolecular_energy"": -8.44, ""internal_energy"": -1.54, ""cluster_size"": 6, ""cluster_id"": 3, ""rank_in_cluster"": 6}",-6.11,1.84,3,O=C(CCCOc1ccc(Cl)cc1Cl)N/N=C/c1cccnc1F
122,O=C(CCCOc1ccc(Cl)cc1Cl)NN=Cc1cccnc1F,oracle,autodockgpu,-7.33,energy,12.741055872648927,12.741055872648927,"{""free_energy"": -7.08, ""intermolecular_energy"": -9.47, ""internal_energy"": -0.51, ""cluster_size"": 8, ""cluster_id"": 1, ""rank_in_cluster"": 3}",-6.11,1.75,3,O=C(CCCOc1ccc(Cl)cc1Cl)N/N=C/c1cccnc1F
123,O=C(CCCOc1ccc(Cl)cc1Cl)NN=Cc1cccnc1F,oracle,autodockgpu,-7.33,energy,6.849054406666122,6.849054406666122,"{""free_energy"": -5.88, ""intermolecular_energy"": -8.27, ""internal_energy"": -1.93, ""cluster_size"": 6, ""cluster_id"": 9, ""rank_in_cluster"": 1}",-6.06,1.88,3,O=C(CCCOc1ccc(Cl)cc1Cl)N/N=C/c1cccnc1F
124,O=C(CCCOc1ccc(Cl)cc1Cl)NN=Cc1cccnc1F,oracle,autodockgpu,-7.33,energy,12.46770347574884,12.46770347574884,"{""free_energy"": -5.58, ""intermolecular_energy"": -7.96, ""internal_energy"": -1.64, ""cluster_size"": 1, ""cluster_id"": 10, ""rank_in_cluster"": 1}",-6.55,0.0,4,O=C(CCCOc1ccc(Cl)cc1Cl)N/N=C/c1cccnc1F
125,O=C(CCCOc1ccc(Cl)cc1Cl)NN=Cc1cccnc1F,oracle,autodockgpu,-7.33,energy,7.121566150083723,7.121566150083723,"{""free_energy"": -6.21, ""intermolecular_energy"": -8.6, ""internal_energy"": -1.35, ""cluster_size"": 10, ""cluster_id"": 2, ""rank_in_cluster"": 7}",-6.52,1.34,4,O=C(CCCOc1ccc(Cl)cc1Cl)N/N=C/c1cccnc1F
126,O=C(CCCOc1ccc(Cl)cc1Cl)NN=Cc1cccnc1F,oracle,autodockgpu,-7.33,energy,6.017467335976567,6.017467335976567,"{""free_energy"": -6.63, ""intermolecular_energy"": -9.02, ""internal_energy"": -0.62, ""cluster_size"": 6, ""cluster_id"": 3, ""rank_in_cluster"": 2}",-6.42,0.0,5,O=C(CCCOc1ccc(Cl)cc1Cl)N/N=C/c1cccnc1F
127,O=C(CCCOc1ccc(Cl)cc1Cl)NN=Cc1cccnc1F,oracle,autodockgpu,-7.33,energy,10.714146874909618,10.714146874909618,"{""free_energy"": -6.52, ""intermolecular_energy"": -8.91, ""internal_energy"": -0.91, ""cluster_size"": 2, ""cluster_id"": 4, ""rank_in_cluster"": 2}",-6.4,0.91,5,O=C(CCCOc1ccc(Cl)cc1Cl)N/N=C\c1cccnc1F
128,O=C(CCCOc1ccc(Cl)cc1Cl)NN=Cc1cccnc1F,oracle,autodockgpu,-7.33,energy,7.0192798408814,7.0192798408814,"{""free_energy"": -6.19, ""intermolecular_energy"": -8.58, ""internal_energy"": -1.34, ""cluster_size"": 6, ""cluster_id"": 5, ""rank_in_cluster"": 4}",-6.34,0.95,5,O=C(CCCOc1ccc(Cl)cc1Cl)N/N=C/c1cccnc1F
129,O=C(CCCOc1ccc(Cl)cc1Cl)NN=Cc1cccnc1F,oracle,autodockgpu,-7.33,energy,7.734810284927913,7.734810284927913,"{""free_energy"": -5.68, ""intermolecular_energy"": -8.07, ""internal_energy"": -1.73, ""cluster_size"": 6, ""cluster_id"": 5, ""rank_in_cluster"": 6}",-6.19,1.75,5,O=C(CCCOc1ccc(Cl)cc1Cl)N/N=C/c1cccnc1F
130,O=C(CCCOc1ccc(Cl)cc1Cl)NN=Cc1cccnc1F,oracle,autodockgpu,-7.33,energy,7.457535643475009,7.457535643475009,"{""free_energy"": -5.9, ""intermolecular_energy"": -8.28, ""internal_energy"": -1.81, ""cluster_size"": 1, ""cluster_id"": 8, ""rank_in_cluster"": 1}",-5.73,1.93,5,O=C(CCCOc1ccc(Cl)cc1Cl)N/N=C/c1cccnc1F
131,O=C(CCCOc1ccc(Cl)cc1Cl)NN=Cc1cccnc1F,oracle,autodockgpu,-7.33,energy,8.17188149616401,8.17188149616401,"{""free_energy"": -5.78, ""intermolecular_energy"": -8.16, ""internal_energy"": -1.76, ""cluster_size"": 8, ""cluster_id"": 6, ""rank_in_cluster"": 7}",-5.68,1.94,5,O=C(CCCOc1ccc(Cl)cc1Cl)N/N=C\c1cccnc1F
132,O=C(CCCOc1ccc(Cl)cc1Cl)NN=Cc1cccnc1F,oracle,autodockgpu,-7.33,energy,7.515646283111567,7.515646283111567,"{""free_energy"": -6.34, ""intermolecular_energy"": -8.73, ""internal_energy"": -1.51, ""cluster_size"": 6, ""cluster_id"": 5, ""rank_in_cluster"": 3}",-6.22,0.0,6,O=C(CCCOc1ccc(Cl)cc1Cl)N/N=C/c1cccnc1F
133,O=C(CCCOc1ccc(Cl)cc1Cl)NN=Cc1cccnc1F,oracle,autodockgpu,-7.33,energy,6.675328260997068,6.675328260997068,"{""free_energy"": -5.4, ""intermolecular_energy"": -7.79, ""internal_energy"": -2.04, ""cluster_size"": 6, ""cluster_id"": 9, ""rank_in_cluster"": 3}",-6.19,0.24,6,O=C(CCCOc1ccc(Cl)cc1Cl)N/N=C\c1cccnc1F
134,O=C(CCCOc1ccc(Cl)cc1Cl)NN=Cc1cccnc1F,oracle,autodockgpu,-7.33,energy,6.392345227127876,6.392345227127876,"{""free_energy"": -6.0, ""intermolecular_energy"": -8.38, ""internal_energy"": -1.56, ""cluster_size"": 10, ""cluster_id"": 2, ""rank_in_cluster"": 9}",-6.16,0.4,6,O=C(CCCOc1ccc(Cl)cc1Cl)N/N=C/c1cccnc1F
135,O=C(CCCOc1ccc(Cl)cc1Cl)NN=Cc1cccnc1F,oracle,autodockgpu,-7.33,energy,7.459779780529553,7.459779780529553,"{""free_energy"": -6.28, ""intermolecular_energy"": -8.66, ""internal_energy"": -1.54, ""cluster_size"": 10, ""cluster_id"": 2, ""rank_in_cluster"": 6}",-6.1,0.23,6,O=C(CCCOc1ccc(Cl)cc1Cl)N/N=C/c1cccnc1F
136,O=C(CCCOc1ccc(Cl)cc1Cl)NN=Cc1cccnc1F,oracle,autodockgpu,-7.33,energy,12.956576091180258,12.956576091180258,"{""free_energy"": -7.1, ""intermolecular_energy"": -9.48, ""internal_energy"": -0.47, ""cluster_size"": 8, ""cluster_id"": 1, ""rank_in_cluster"": 2}",-5.98,1.26,6,O=C(CCCOc1ccc(Cl)cc1Cl)N/N=C/c1cccnc1F
137,O=C(CCCOc1ccc(Cl)cc1Cl)NN=Cc1cccnc1F,oracle,autodockgpu,-7.33,energy,7.924846198444269,7.924846198444269,"{""free_energy"": -5.53, ""intermolecular_energy"": -7.91, ""internal_energy"": -1.75, ""cluster_size"": 8, ""cluster_id"": 6, ""rank_in_cluster"": 8}",-5.91,0.82,6,O=C(CCCOc1ccc(Cl)cc1Cl)N/N=C\c1cccnc1F
138,O=C(CCCOc1ccc(Cl)cc1Cl)NN=Cc1cccnc1F,oracle,autodockgpu,-7.33,energy,6.275480316971919,6.275480316971919,"{""free_energy"": -5.52, ""intermolecular_energy"": -7.9, ""internal_energy"": -1.85, ""cluster_size"": 6, ""cluster_id"": 9, ""rank_in_cluster"": 2}",-5.78,1.79,6,O=C(CCCOc1ccc(Cl)cc1Cl)N/N=C\c1cccnc1F
139,O=C(CCCOc1ccc(Cl)cc1Cl)NN=Cc1cccnc1F,oracle,autodockgpu,-7.33,energy,12.834016329523624,12.834016329523624,"{""free_energy"": -6.95, ""intermolecular_energy"": -9.33, ""internal_energy"": -0.51, ""cluster_size"": 8, ""cluster_id"": 1, ""rank_in_cluster"": 5}",-5.53,1.81,6,O=C(CCCOc1ccc(Cl)cc1Cl)N/N=C/c1cccnc1F
140,O=C(CCCOc1ccc(Cl)cc1Cl)NN=Cc1cccnc1F,oracle,autodockgpu,-7.33,energy,7.325676463654698,7.325676463654698,"{""free_energy"": -4.74, ""intermolecular_energy"": -7.13, ""internal_energy"": -2.45, ""cluster_size"": 6, ""cluster_id"": 9, ""rank_in_cluster"": 6}",-5.94,0.0,7,O=C(CCCOc1ccc(Cl)cc1Cl)N/N=C\c1cccnc1F
141,O=C(CCCOc1ccc(Cl)cc1Cl)NN=Cc1cccnc1F,oracle,autodockgpu,-7.33,energy,6.533770801042787,6.533770801042787,"{""free_energy"": -4.86, ""intermolecular_energy"": -7.25, ""internal_energy"": -2.68, ""cluster_size"": 6, ""cluster_id"": 9, ""rank_in_cluster"": 5}",-5.9,0.0,8,O=C(CCCOc1ccc(Cl)cc1Cl)N/N=C\c1cccnc1F
142,O=C(CCCOc1ccc(Cl)cc1Cl)NN=Cc1cccnc1F,oracle,autodockgpu,-7.33,energy,12.086848392550356,12.086848392550356,"{""free_energy"": -6.15, ""intermolecular_energy"": -8.53, ""internal_energy"": -1.42, ""cluster_size"": 8, ""cluster_id"": 1, ""rank_in_cluster"": 8}",-5.88,0.0,9,O=C(CCCOc1ccc(Cl)cc1Cl)N/N=C/c1cccnc1F
143,O=C(CCCOc1ccc(Cl)cc1Cl)NN=Cc1cccnc1F,oracle,autodockgpu,-7.33,energy,12.545384017688999,12.545384017688999,"{""free_energy"": -7.33, ""intermolecular_energy"": -9.71, ""internal_energy"": -0.61, ""cluster_size"": 8, ""cluster_id"": 1, ""rank_in_cluster"": 1}",-5.52,1.21,9,O=C(CCCOc1ccc(Cl)cc1Cl)N/N=C/c1cccnc1F
144,O=C(CCCOc1ccc(Cl)cc1Cl)NN=Cc1cccnc1F,oracle,autodockgpu,-7.33,energy,6.530145703691719,6.530145703691719,"{""free_energy"": -6.46, ""intermolecular_energy"": -8.84, ""internal_energy"": -0.71, ""cluster_size"": 6, ""cluster_id"": 3, ""rank_in_cluster"": 3}",-5.4,0.4,9,O=C(CCCOc1ccc(Cl)cc1Cl)N/N=C/c1cccnc1F
145,O=C(CCCOc1ccc(Cl)cc1Cl)NN=Cc1cccnc1F,oracle,autodockgpu,-7.33,energy,9.17899251336873,9.17899251336873,"{""free_energy"": -6.16, ""intermolecular_energy"": -8.54, ""internal_energy"": -1.59, ""cluster_size"": 8, ""cluster_id"": 6, ""rank_in_cluster"": 3}",-5.32,1.29,9,O=C(CCCOc1ccc(Cl)cc1Cl)N/N=C/c1cccnc1F
146,O=C(CCCOc1ccc(Cl)cc1Cl)NN=Cc1cccnc1F,oracle,autodockgpu,-7.33,energy,7.109995137989086,7.109995137989086,"{""free_energy"": -6.42, ""intermolecular_energy"": -8.81, ""internal_energy"": -1.38, ""cluster_size"": 6, ""cluster_id"": 5, ""rank_in_cluster"": 1}",-4.86,1.4,9,O=C(CCCOc1ccc(Cl)cc1Cl)N/N=C/c1cccnc1F
147,O=C(CCCOc1ccc(Cl)cc1Cl)NN=Cc1cccnc1F,oracle,autodockgpu,-7.33,energy,6.448887813721695,6.448887813721695,"{""free_energy"": -6.83, ""intermolecular_energy"": -9.22, ""internal_energy"": -0.65, ""cluster_size"": 10, ""cluster_id"": 2, ""rank_in_cluster"": 2}",-4.74,1.57,9,O=C(CCCOc1ccc(Cl)cc1Cl)N/N=C\c1cccnc1F
148,O=C(CCCOc1ccc(Cl)cc1Cl)NN=Cc1cccnc1F,oracle,autodockgpu,-7.33,energy,9.334208301537284,9.334208301537284,"{""free_energy"": -6.22, ""intermolecular_energy"": -8.6, ""internal_energy"": -1.7, ""cluster_size"": 8, ""cluster_id"": 6, ""rank_in_cluster"": 1}",-5.58,0.0,10,O=C(CCCOc1ccc(Cl)cc1Cl)N/N=C/c1cccnc1F
149,O=C(CCCOc1ccc(Cl)cc1Cl)NN=Cc1cccnc1F,oracle,autodockgpu,-7.33,energy,6.5038192518582525,6.5038192518582525,"{""free_energy"": -6.11, ""intermolecular_energy"": -8.49, ""internal_energy"": -1.27, ""cluster_size"": 6, ""cluster_id"": 3, ""rank_in_cluster"": 5}",-5.24,0.0,11,O=C(CCCOc1ccc(Cl)cc1Cl)N/N=C/c1cccnc1F
150,O=C(CCCOc1ccc(Cl)cc1Cl)NN=Cc1cccnc1F,oracle,autodockgpu,-6.91,energy,12.793606370239605,12.793606370239605,"{""free_energy"": -6.6, ""intermolecular_energy"": -8.99, ""internal_energy"": -0.57, ""cluster_size"": 5, ""cluster_id"": 3, ""rank_in_cluster"": 3}",-6.91,0.0,1,O=C(CCCOc1ccc(Cl)cc1Cl)N/N=C\c1cccnc1F
151,O=C(CCCOc1ccc(Cl)cc1Cl)NN=Cc1cccnc1F,oracle,autodockgpu,-6.91,energy,7.066502813602119,7.066502813602119,"{""free_energy"": -6.04, ""intermolecular_energy"": -8.42, ""internal_energy"": -1.5, ""cluster_size"": 3, ""cluster_id"": 4, ""rank_in_cluster"": 3}",-6.86,1.33,1,O=C(CCCOc1ccc(Cl)cc1Cl)N/N=C/c1cccnc1F
152,O=C(CCCOc1ccc(Cl)cc1Cl)NN=Cc1cccnc1F,oracle,autodockgpu,-6.91,energy,7.7944422495945584,7.7944422495945584,"{""free_energy"": -5.46, ""intermolecular_energy"": -7.85, ""internal_energy"": -1.79, ""cluster_size"": 2, ""cluster_id"": 9, ""rank_in_cluster"": 2}",-6.85,1.61,1,O=C(CCCOc1ccc(Cl)cc1Cl)N/N=C\c1cccnc1F
153,O=C(CCCOc1ccc(Cl)cc1Cl)NN=Cc1cccnc1F,oracle,autodockgpu,-6.91,energy,12.813072976226879,12.813072976226879,"{""free_energy"": -5.82, ""intermolecular_energy"": -8.21, ""internal_energy"": -1.59, ""cluster_size"": 1, ""cluster_id"": 8, ""rank_in_cluster"": 1}",-6.8,1.46,1,O=C(CCCOc1ccc(Cl)cc1Cl)N/N=C/c1cccnc1F
154,O=C(CCCOc1ccc(Cl)cc1Cl)NN=Cc1cccnc1F,oracle,autodockgpu,-6.91,energy,5.961750022305614,5.961750022305614,"{""free_energy"": -6.76, ""intermolecular_energy"": -9.14, ""internal_energy"": -0.66, ""cluster_size"": 16, ""cluster_id"": 1, ""rank_in_cluster"": 5}",-6.76,1.75,1,O=C(CCCOc1ccc(Cl)cc1Cl)N/N=C\c1cccnc1F
155,O=C(CCCOc1ccc(Cl)cc1Cl)NN=Cc1cccnc1F,oracle,autodockgpu,-6.91,energy,6.8730287008260404,6.8730287008260404,"{""free_energy"": -5.9, ""intermolecular_energy"": -8.29, ""internal_energy"": -2.05, ""cluster_size"": 6, ""cluster_id"": 6, ""rank_in_cluster"": 1}",-6.71,1.34,1,O=C(CCCOc1ccc(Cl)cc1Cl)N/N=C\c1cccnc1F
156,O=C(CCCOc1ccc(Cl)cc1Cl)NN=Cc1cccnc1F,oracle,autodockgpu,-6.91,energy,12.589212869664436,12.589212869664436,"{""free_energy"": -5.61, ""intermolecular_energy"": -8.0, ""internal_energy"": -1.82, ""cluster_size"": 4, ""cluster_id"": 7, ""rank_in_cluster"": 4}",-6.57,1.67,1,O=C(CCCOc1ccc(Cl)cc1Cl)N/N=C\c1cccnc1F
157,O=C(CCCOc1ccc(Cl)cc1Cl)NN=Cc1cccnc1F,oracle,autodockgpu,-6.91,energy,7.177957367841928,7.177957367841928,"{""free_energy"": -6.33, ""intermolecular_energy"": -8.72, ""internal_energy"": -1.44, ""cluster_size"": 8, ""cluster_id"": 2, ""rank_in_cluster"": 6}",-6.33,1.68,1,O=C(CCCOc1ccc(Cl)cc1Cl)N/N=C/c1cccnc1F
158,O=C(CCCOc1ccc(Cl)cc1Cl)NN=Cc1cccnc1F,oracle,autodockgpu,-6.91,energy,6.23646147464129,6.23646147464129,"{""free_energy"": -6.86, ""intermolecular_energy"": -9.24, ""internal_energy"": -0.7, ""cluster_size"": 16, ""cluster_id"": 1, ""rank_in_cluster"": 2}",-6.26,1.7,1,O=C(CCCOc1ccc(Cl)cc1Cl)N/N=C/c1cccnc1F
159,O=C(CCCOc1ccc(Cl)cc1Cl)NN=Cc1cccnc1F,oracle,autodockgpu,-6.91,energy,6.027211053991934,6.027211053991934,"{""free_energy"": -6.8, ""intermolecular_energy"": -9.19, ""internal_energy"": -0.66, ""cluster_size"": 16, ""cluster_id"": 1, ""rank_in_cluster"": 4}",-6.26,1.75,1,O=C(CCCOc1ccc(Cl)cc1Cl)N/N=C/c1cccnc1F
160,O=C(CCCOc1ccc(Cl)cc1Cl)NN=Cc1cccnc1F,oracle,autodockgpu,-6.91,energy,6.244421003779692,6.244421003779692,"{""free_energy"": -4.72, ""intermolecular_energy"": -7.11, ""internal_energy"": -2.74, ""cluster_size"": 6, ""cluster_id"": 6, ""rank_in_cluster"": 4}",-6.22,1.81,1,O=C(CCCOc1ccc(Cl)cc1Cl)N/N=C\c1cccnc1F
161,O=C(CCCOc1ccc(Cl)cc1Cl)NN=Cc1cccnc1F,oracle,autodockgpu,-6.91,energy,6.286133521845164,6.286133521845164,"{""free_energy"": -6.57, ""intermolecular_energy"": -8.96, ""internal_energy"": -0.88, ""cluster_size"": 8, ""cluster_id"": 2, ""rank_in_cluster"": 5}",-6.17,1.74,1,O=C(CCCOc1ccc(Cl)cc1Cl)N/N=C\c1cccnc1F
162,O=C(CCCOc1ccc(Cl)cc1Cl)NN=Cc1cccnc1F,oracle,autodockgpu,-6.91,energy,5.699676738702812,5.699676738702812,"{""free_energy"": -6.91, ""intermolecular_energy"": -9.3, ""internal_energy"": -0.4, ""cluster_size"": 16, ""cluster_id"": 1, ""rank_in_cluster"": 1}",-6.15,1.89,1,O=C(CCCOc1ccc(Cl)cc1Cl)N/N=C/c1cccnc1F
163,O=C(CCCOc1ccc(Cl)cc1Cl)NN=Cc1cccnc1F,oracle,autodockgpu,-6.91,energy,6.05576316137209,6.05576316137209,"{""free_energy"": -6.57, ""intermolecular_energy"": -8.95, ""internal_energy"": -0.77, ""cluster_size"": 16, ""cluster_id"": 1, ""rank_in_cluster"": 7}",-6.04,1.68,1,O=C(CCCOc1ccc(Cl)cc1Cl)N/N=C/c1cccnc1F
164,O=C(CCCOc1ccc(Cl)cc1Cl)NN=Cc1cccnc1F,oracle,autodockgpu,-6.91,energy,6.144437678804474,6.144437678804474,"{""free_energy"": -6.84, ""intermolecular_energy"": -9.23, ""internal_energy"": -0.69, ""cluster_size"": 8, ""cluster_id"": 2, ""rank_in_cluster"": 2}",-6.03,1.85,1,O=C(CCCOc1ccc(Cl)cc1Cl)N/N=C/c1cccnc1F
165,O=C(CCCOc1ccc(Cl)cc1Cl)NN=Cc1cccnc1F,oracle,autodockgpu,-6.91,energy,5.607220844180587,5.607220844180587,"{""free_energy"": -4.27, ""intermolecular_energy"": -6.65, ""internal_energy"": -2.94, ""cluster_size"": 1, ""cluster_id"": 10, ""rank_in_cluster"": 1}",-5.85,1.95,1,O=C(CCCOc1ccc(Cl)cc1Cl)N/N=C\c1cccnc1F
166,O=C(CCCOc1ccc(Cl)cc1Cl)NN=Cc1cccnc1F,oracle,autodockgpu,-6.91,energy,6.43695398417154,6.43695398417154,"{""free_energy"": -6.05, ""intermolecular_energy"": -8.43, ""internal_energy"": -1.61, ""cluster_size"": 8, ""cluster_id"": 2, ""rank_in_cluster"": 7}",-6.88,0.0,2,O=C(CCCOc1ccc(Cl)cc1Cl)N/N=C\c1cccnc1F
167,O=C(CCCOc1ccc(Cl)cc1Cl)NN=Cc1cccnc1F,oracle,autodockgpu,-6.91,energy,6.03349542711711,6.03349542711711,"{""free_energy"": -6.71, ""intermolecular_energy"": -9.09, ""internal_energy"": -0.69, ""cluster_size"": 16, ""cluster_id"": 1, ""rank_in_cluster"": 6}",-6.84,1.97,2,O=C(CCCOc1ccc(Cl)cc1Cl)N/N=C/c1cccnc1F
168,O=C(CCCOc1ccc(Cl)cc1Cl)NN=Cc1cccnc1F,oracle,autodockgpu,-6.91,energy,5.470210902373386,5.470210902373386,"{""free_energy"": -4.1, ""intermolecular_energy"": -6.48, ""internal_energy"": -3.12, ""cluster_size"": 6, ""cluster_id"": 6, ""rank_in_cluster"": 6}",-6.81,1.76,2,O=C(CCCOc1ccc(Cl)cc1Cl)N/N=C\c1cccnc1F
169,O=C(CCCOc1ccc(Cl)cc1Cl)NN=Cc1cccnc1F,oracle,autodockgpu,-6.91,energy,5.632760935438733,5.632760935438733,"{""free_energy"": -6.38, ""intermolecular_energy"": -8.77, ""internal_energy"": -0.75, ""cluster_size"": 3, ""cluster_id"": 4, ""rank_in_cluster"": 2}",-6.74,1.84,2,O=C(CCCOc1ccc(Cl)cc1Cl)N/N=C/c1cccnc1F
170,O=C(CCCOc1ccc(Cl)cc1Cl)NN=Cc1cccnc1F,oracle,autodockgpu,-6.91,energy,6.68486036557189,6.68486036557189,"{""free_energy"": -6.49, ""intermolecular_energy"": -8.88, ""internal_energy"": -0.86, ""cluster_size"": 3, ""cluster_id"": 4, ""rank_in_cluster"": 1}",-6.57,1.22,2,O=C(CCCOc1ccc(Cl)cc1Cl)N/N=C/c1cccnc1F
171,O=C(CCCOc1ccc(Cl)cc1Cl)NN=Cc1cccnc1F,oracle,autodockgpu,-6.91,energy,12.478635018696798,12.478635018696798,"{""free_energy"": -6.76, ""intermolecular_energy"": -9.15, ""internal_energy"": -0.64, ""cluster_size"": 5, ""cluster_id"": 3, ""rank_in_cluster"": 1}",-6.33,1.92,2,O=C(CCCOc1ccc(Cl)cc1Cl)N/N=C/c1cccnc1F
172,O=C(CCCOc1ccc(Cl)cc1Cl)NN=Cc1cccnc1F,oracle,autodockgpu,-6.91,energy,12.554210887505564,12.554210887505564,"{""free_energy"": -5.62, ""intermolecular_energy"": -8.01, ""internal_energy"": -1.81, ""cluster_size"": 4, ""cluster_id"": 7, ""rank_in_cluster"": 3}",-6.05,1.98,2,O=C(CCCOc1ccc(Cl)cc1Cl)N/N=C\c1cccnc1F
173,O=C(CCCOc1ccc(Cl)cc1Cl)NN=Cc1cccnc1F,oracle,autodockgpu,-6.91,energy,9.154975664161247,9.154975664161247,"{""free_energy"": -5.92, ""intermolecular_energy"": -8.3, ""internal_energy"": -1.8, ""cluster_size"": 4, ""cluster_id"": 5, ""rank_in_cluster"": 4}",-5.95,1.92,2,O=C(CCCOc1ccc(Cl)cc1Cl)N/N=C\c1cccnc1F
174,O=C(CCCOc1ccc(Cl)cc1Cl)NN=Cc1cccnc1F,oracle,autodockgpu,-6.91,energy,9.227051182906651,9.227051182906651,"{""free_energy"": -6.22, ""intermolecular_energy"": -8.61, ""internal_energy"": -1.75, ""cluster_size"": 4, ""cluster_id"": 5, ""rank_in_cluster"": 1}",-6.76,0.0,3,O=C(CCCOc1ccc(Cl)cc1Cl)N/N=C/c1cccnc1F
175,O=C(CCCOc1ccc(Cl)cc1Cl)NN=Cc1cccnc1F,oracle,autodockgpu,-6.91,energy,7.173374294912575,7.173374294912575,"{""free_energy"": -6.26, ""intermolecular_energy"": -8.64, ""internal_energy"": -1.58, ""cluster_size"": 16, ""cluster_id"": 1, ""rank_in_cluster"": 9}",-6.72,1.42,3,O=C(CCCOc1ccc(Cl)cc1Cl)N/N=C/c1cccnc1F
176,O=C(CCCOc1ccc(Cl)cc1Cl)NN=Cc1cccnc1F,oracle,autodockgpu,-6.91,energy,6.6154424169802875,6.6154424169802875,"{""free_energy"": -5.71, ""intermolecular_energy"": -8.1, ""internal_energy"": -2.09, ""cluster_size"": 6, ""cluster_id"": 6, ""rank_in_cluster"": 2}",-6.6,1.28,3,O=C(CCCOc1ccc(Cl)cc1Cl)N/N=C\c1cccnc1F
177,O=C(CCCOc1ccc(Cl)cc1Cl)NN=Cc1cccnc1F,oracle,autodockgpu,-6.91,energy,7.247440231316642,7.247440231316642,"{""free_energy"": -6.22, ""intermolecular_energy"": -8.61, ""internal_energy"": -1.37, ""cluster_size"": 16, ""cluster_id"": 1, ""rank_in_cluster"": 11}",-6.43,1.36,3,O=C(CCCOc1ccc(Cl)cc1Cl)N/N=C/c1cccnc1F
178,O=C(CCCOc1ccc(Cl)cc1Cl)NN=Cc1cccnc1F,oracle,autodockgpu,-6.91,energy,6.254994688133511,6.254994688133511,"{""free_energy"": -4.8, ""intermolecular_energy"": -7.19, ""internal_energy"": -2.84, ""cluster_size"": 6, ""cluster_id"": 6, ""rank_in_cluster"": 3}",-6.35,1.78,3,O=C(CCCOc1ccc(Cl)cc1Cl)N/N=C\c1cccnc1F
179,O=C(CCCOc1ccc(Cl)cc1Cl)NN=Cc1cccnc1F,oracle,autodockgpu,-6.91,energy,7.525376554681784,7.525376554681784,"{""free_energy"": -6.26, ""intermolecular_energy"": -8.64, ""internal_energy"": -1.45, ""cluster_size"": 16, ""cluster_id"": 1, ""rank_in_cluster"": 10}",-6.49,0.0,4,O=C(CCCOc1ccc(Cl)cc1Cl)N/N=C/c1cccnc1F
180,O=C(CCCOc1ccc(Cl)cc1Cl)NN=Cc1cccnc1F,oracle,autodockgpu,-6.91,energy,6.293004330789013,6.293004330789013,"{""free_energy"": -5.95, ""intermolecular_energy"": -8.34, ""internal_energy"": -1.62, ""cluster_size"": 8, ""cluster_id"": 2, ""rank_in_cluster"": 8}",-6.38,1.45,4,O=C(CCCOc1ccc(Cl)cc1Cl)N/N=C/c1cccnc1F
181,O=C(CCCOc1ccc(Cl)cc1Cl)NN=Cc1cccnc1F,oracle,autodockgpu,-6.91,energy,6.709258554702046,6.709258554702046,"{""free_energy"": -6.15, ""intermolecular_energy"": -8.53, ""internal_energy"": -1.4, ""cluster_size"": 16, ""cluster_id"": 1, ""rank_in_cluster"": 13}",-6.04,1.74,4,O=C(CCCOc1ccc(Cl)cc1Cl)N/N=C/c1cccnc1F
182,O=C(CCCOc1ccc(Cl)cc1Cl)NN=Cc1cccnc1F,oracle,autodockgpu,-6.91,energy,7.059419845699794,7.059419845699794,"{""free_energy"": -5.71, ""intermolecular_energy"": -8.1, ""internal_energy"": -1.75, ""cluster_size"": 2, ""cluster_id"": 9, ""rank_in_cluster"": 1}",-6.22,0.0,5,O=C(CCCOc1ccc(Cl)cc1Cl)N/N=C\c1cccnc1F
183,O=C(CCCOc1ccc(Cl)cc1Cl)NN=Cc1cccnc1F,oracle,autodockgpu,-6.91,energy,12.637756699733927,12.637756699733927,"{""free_energy"": -5.88, ""intermolecular_energy"": -8.27, ""internal_energy"": -1.79, ""cluster_size"": 4, ""cluster_id"": 7, ""rank_in_cluster"": 1}",-6.0,0.89,5,O=C(CCCOc1ccc(Cl)cc1Cl)N/N=C\c1cccnc1F
184,O=C(CCCOc1ccc(Cl)cc1Cl)NN=Cc1cccnc1F,oracle,autodockgpu,-6.91,energy,12.775862650568365,12.775862650568365,"{""free_energy"": -5.87, ""intermolecular_energy"": -8.26, ""internal_energy"": -1.67, ""cluster_size"": 4, ""cluster_id"": 7, ""rank_in_cluster"": 2}",-5.94,0.93,5,O=C(CCCOc1ccc(Cl)cc1Cl)N/N=C\c1cccnc1F
185,O=C(CCCOc1ccc(Cl)cc1Cl)NN=Cc1cccnc1F,oracle,autodockgpu,-6.91,energy,8.994870586096942,8.994870586096942,"{""free_energy"": -5.94, ""intermolecular_energy"": -8.33, ""internal_energy"": -1.67, ""cluster_size"": 4, ""cluster_id"": 5, ""rank_in_cluster"": 3}",-5.92,1.29,5,O=C(CCCOc1ccc(Cl)cc1Cl)N/N=C/c1cccnc1F
186,O=C(CCCOc1ccc(Cl)cc1Cl)NN=Cc1cccnc1F,oracle,autodockgpu,-6.91,energy,6.432729535320871,6.432729535320871,"{""free_energy"": -6.33, ""intermolecular_energy"": -8.72, ""internal_energy"": -0.73, ""cluster_size"": 16, ""cluster_id"": 1, ""rank_in_cluster"": 8}",-5.9,0.0,6,O=C(CCCOc1ccc(Cl)cc1Cl)N/N=C\c1cccnc1F
187,O=C(CCCOc1ccc(Cl)cc1Cl)NN=Cc1cccnc1F,oracle,autodockgpu,-6.91,energy,12.217512047335484,12.217512047335484,"{""free_energy"": -6.35, ""intermolecular_energy"": -8.73, ""internal_energy"": -1.39, ""cluster_size"": 5, ""cluster_id"": 3, ""rank_in_cluster"": 5}",-5.71,0.33,6,O=C(CCCOc1ccc(Cl)cc1Cl)N/N=C/c1cccnc1F
188,O=C(CCCOc1ccc(Cl)cc1Cl)NN=Cc1cccnc1F,oracle,autodockgpu,-6.91,energy,7.261006357731415,7.261006357731415,"{""free_energy"": -5.85, ""intermolecular_energy"": -8.23, ""internal_energy"": -1.53, ""cluster_size"": 16, ""cluster_id"": 1, ""rank_in_cluster"": 16}",-4.8,1.53,6,O=C(CCCOc1ccc(Cl)cc1Cl)N/N=C\c1cccnc1F
189,O=C(CCCOc1ccc(Cl)cc1Cl)NN=Cc1cccnc1F,oracle,autodockgpu,-6.91,energy,6.282043878565939,6.282043878565939,"{""free_energy"": -6.04, ""intermolecular_energy"": -8.43, ""internal_energy"": -1.42, ""cluster_size"": 16, ""cluster_id"": 1, ""rank_in_cluster"": 14}",-4.72,1.57,6,O=C(CCCOc1ccc(Cl)cc1Cl)N/N=C/c1cccnc1F
190,O=C(CCCOc1ccc(Cl)cc1Cl)NN=Cc1cccnc1F,oracle,autodockgpu,-6.91,energy,5.762539978682433,5.762539978682433,"{""free_energy"": -6.88, ""intermolecular_energy"": -9.27, ""internal_energy"": -0.63, ""cluster_size"": 8, ""cluster_id"": 2, ""rank_in_cluster"": 1}",-4.67,1.39,6,O=C(CCCOc1ccc(Cl)cc1Cl)N/N=C/c1cccnc1F
191,O=C(CCCOc1ccc(Cl)cc1Cl)NN=Cc1cccnc1F,oracle,autodockgpu,-6.91,energy,6.846935096378359,6.846935096378359,"{""free_energy"": -6.03, ""intermolecular_energy"": -8.41, ""internal_energy"": -1.51, ""cluster_size"": 16, ""cluster_id"": 1, ""rank_in_cluster"": 15}",-4.1,1.87,6,O=C(CCCOc1ccc(Cl)cc1Cl)N/N=C/c1cccnc1F
192,O=C(CCCOc1ccc(Cl)cc1Cl)NN=Cc1cccnc1F,oracle,autodockgpu,-6.91,energy,12.215920413307686,12.215920413307686,"{""free_energy"": -6.43, ""intermolecular_energy"": -8.82, ""internal_energy"": -1.29, ""cluster_size"": 5, ""cluster_id"": 3, ""rank_in_cluster"": 4}",-5.88,0.0,7,O=C(CCCOc1ccc(Cl)cc1Cl)N/N=C/c1cccnc1F
193,O=C(CCCOc1ccc(Cl)cc1Cl)NN=Cc1cccnc1F,oracle,autodockgpu,-6.91,energy,7.273017107283203,7.273017107283203,"{""free_energy"": -6.17, ""intermolecular_energy"": -8.56, ""internal_energy"": -1.56, ""cluster_size"": 16, ""cluster_id"": 1, ""rank_in_cluster"": 12}",-5.87,1.18,7,O=C(CCCOc1ccc(Cl)cc1Cl)N/N=C/c1cccnc1F
194,O=C(CCCOc1ccc(Cl)cc1Cl)NN=Cc1cccnc1F,oracle,autodockgpu,-6.91,energy,12.865199771720249,12.865199771720249,"{""free_energy"": -6.72, ""intermolecular_energy"": -9.11, ""internal_energy"": -0.62, ""cluster_size"": 5, ""cluster_id"": 3, ""rank_in_cluster"": 2}",-5.62,1.22,7,O=C(CCCOc1ccc(Cl)cc1Cl)N/N=C/c1cccnc1F
195,O=C(CCCOc1ccc(Cl)cc1Cl)NN=Cc1cccnc1F,oracle,autodockgpu,-6.91,energy,9.138205777396156,9.138205777396156,"{""free_energy"": -6.0, ""intermolecular_energy"": -8.39, ""internal_energy"": -1.72, ""cluster_size"": 4, ""cluster_id"": 5, ""rank_in_cluster"": 2}",-5.61,1.23,7,O=C(CCCOc1ccc(Cl)cc1Cl)N/N=C/c1cccnc1F
196,O=C(CCCOc1ccc(Cl)cc1Cl)NN=Cc1cccnc1F,oracle,autodockgpu,-6.91,energy,7.04354614993195,7.04354614993195,"{""free_energy"": -4.67, ""intermolecular_energy"": -7.06, ""internal_energy"": -2.65, ""cluster_size"": 6, ""cluster_id"": 6, ""rank_in_cluster"": 5}",-5.82,0.0,8,O=C(CCCOc1ccc(Cl)cc1Cl)N/N=C\c1cccnc1F
197,O=C(CCCOc1ccc(Cl)cc1Cl)NN=Cc1cccnc1F,oracle,autodockgpu,-6.91,energy,6.398275318140316,6.398275318140316,"{""free_energy"": -6.85, ""intermolecular_energy"": -9.24, ""internal_energy"": -0.55, ""cluster_size"": 16, ""cluster_id"": 1, ""rank_in_cluster"": 3}",-5.71,0.0,9,O=C(CCCOc1ccc(Cl)cc1Cl)N/N=C/c1cccnc1F
198,O=C(CCCOc1ccc(Cl)cc1Cl)NN=Cc1cccnc1F,oracle,autodockgpu,-6.91,energy,6.122788786956335,6.122788786956335,"{""free_energy"": -6.81, ""intermolecular_energy"": -9.2, ""internal_energy"": -0.68, ""cluster_size"": 8, ""cluster_id"": 2, ""rank_in_cluster"": 3}",-5.46,0.65,9,O=C(CCCOc1ccc(Cl)cc1Cl)N/N=C/c1cccnc1F
199,O=C(CCCOc1ccc(Cl)cc1Cl)NN=Cc1cccnc1F,oracle,autodockgpu,-6.91,energy,6.223930926872759,6.223930926872759,"{""free_energy"": -6.74, ""intermolecular_energy"": -9.13, ""internal_energy"": -0.65, ""cluster_size"": 8, ""cluster_id"": 2, ""rank_in_cluster"": 4}",-4.27,0.0,10,O=C(CCCOc1ccc(Cl)cc1Cl)N/N=C/c1cccnc1F
200,O=c1c2ccccc2nc(/C=C/c2cccnc2)n1Cc1ccc(Cl)cc1,oracle,autodockgpu,-7.8,energy,9.162952827666002,9.162952827666002,"{""free_energy"": -7.63, ""intermolecular_energy"": -9.12, ""internal_energy"": -1.21, ""cluster_size"": 5, ""cluster_id"": 1, ""rank_in_cluster"": 3}",-7.8,0.0,1,O=c1c2ccccc2nc(/C=C/c2cccnc2)n1Cc1ccc(Cl)cc1
201,O=c1c2ccccc2nc(/C=C/c2cccnc2)n1Cc1ccc(Cl)cc1,oracle,autodockgpu,-7.8,energy,10.022790012821757,10.022790012821757,"{""free_energy"": -7.42, ""intermolecular_energy"": -8.91, ""internal_energy"": -1.46, ""cluster_size"": 28, ""cluster_id"": 2, ""rank_in_cluster"": 22}",-7.73,0.09,1,O=c1c2ccccc2nc(/C=C\c2cccnc2)n1Cc1ccc(Cl)cc1
202,O=c1c2ccccc2nc(/C=C/c2cccnc2)n1Cc1ccc(Cl)cc1,oracle,autodockgpu,-7.8,energy,10.000365024241988,10.000365024241988,"{""free_energy"": -7.42, ""intermolecular_energy"": -8.91, ""internal_energy"": -1.45, ""cluster_size"": 28, ""cluster_id"": 2, ""rank_in_cluster"": 23}",-7.63,1.16,1,O=c1c2ccccc2nc(/C=C\c2cccnc2)n1Cc1ccc(Cl)cc1
203,O=c1c2ccccc2nc(/C=C/c2cccnc2)n1Cc1ccc(Cl)cc1,oracle,autodockgpu,-7.8,energy,8.960694169869544,8.960694169869544,"{""free_energy"": -7.31, ""intermolecular_energy"": -8.8, ""internal_energy"": -1.41, ""cluster_size"": 4, ""cluster_id"": 5, ""rank_in_cluster"": 3}",-7.62,0.21,1,O=c1c2ccccc2nc(/C=C\c2cccnc2)n1Cc1ccc(Cl)cc1
204,O=c1c2ccccc2nc(/C=C/c2cccnc2)n1Cc1ccc(Cl)cc1,oracle,autodockgpu,-7.8,energy,10.049832525550412,10.049832525550412,"{""free_energy"": -7.59, ""intermolecular_energy"": -9.09, ""internal_energy"": -1.35, ""cluster_size"": 28, ""cluster_id"": 2, ""rank_in_cluster"": 4}",-7.53,0.25,1,O=c1c2ccccc2nc(/C=C\c2cccnc2)n1Cc1ccc(Cl)cc1
205,O=c1c2ccccc2nc(/C=C/c2cccnc2)n1Cc1ccc(Cl)cc1,oracle,autodockgpu,-7.8,energy,5.042970736284932,5.042970736284932,"{""free_energy"": -7.56, ""intermolecular_energy"": -9.05, ""internal_energy"": -1.19, ""cluster_size"": 6, ""cluster_id"": 4, ""rank_in_cluster"": 1}",-7.6,0.0,2,O=c1c2ccccc2nc(/C=C\c2cccnc2)n1Cc1ccc(Cl)cc1
206,O=c1c2ccccc2nc(/C=C/c2cccnc2)n1Cc1ccc(Cl)cc1,oracle,autodockgpu,-7.8,energy,10.129314531974762,10.129314531974762,"{""free_energy"": -7.39, ""intermolecular_energy"": -8.88, ""internal_energy"": -1.44, ""cluster_size"": 28, ""cluster_id"": 2, ""rank_in_cluster"": 27}",-7.6,0.02,2,O=c1c2ccccc2nc(/C=C\c2cccnc2)n1Cc1ccc(Cl)cc1
207,O=c1c2ccccc2nc(/C=C/c2cccnc2)n1Cc1ccc(Cl)cc1,oracle,autodockgpu,-7.8,energy,10.042942000935623,10.042942000935623,"{""free_energy"": -7.6, ""intermolecular_energy"": -9.09, ""internal_energy"": -1.34, ""cluster_size"": 28, ""cluster_id"": 2, ""rank_in_cluster"": 1}",-7.6,0.04,2,O=c1c2ccccc2nc(/C=C\c2cccnc2)n1Cc1ccc(Cl)cc1
208,O=c1c2ccccc2nc(/C=C/c2cccnc2)n1Cc1ccc(Cl)cc1,oracle,autodockgpu,-7.8,energy,9.964206272790378,9.964206272790378,"{""free_energy"": -7.42, ""intermolecular_energy"": -8.91, ""internal_energy"": -1.46, ""cluster_size"": 28, ""cluster_id"": 2, ""rank_in_cluster"": 24}",-7.59,0.02,2,O=c1c2ccccc2nc(/C=C\c2cccnc2)n1Cc1ccc(Cl)cc1
209,O=c1c2ccccc2nc(/C=C/c2cccnc2)n1Cc1ccc(Cl)cc1,oracle,autodockgpu,-7.8,energy,8.844249639115217,8.844249639115217,"{""free_energy"": -7.73, ""intermolecular_energy"": -9.22, ""internal_energy"": -1.44, ""cluster_size"": 5, ""cluster_id"": 1, ""rank_in_cluster"": 2}",-7.59,0.03,2,O=c1c2ccccc2nc(/C=C\c2cccnc2)n1Cc1ccc(Cl)cc1
210,O=c1c2ccccc2nc(/C=C/c2cccnc2)n1Cc1ccc(Cl)cc1,oracle,autodockgpu,-7.8,energy,10.067763268670296,10.067763268670296,"{""free_energy"": -7.59, ""intermolecular_energy"": -9.08, ""internal_energy"": -1.35, ""cluster_size"": 28, ""cluster_id"": 2, ""rank_in_cluster"": 5}",-7.57,0.07,2,O=c1c2ccccc2nc(/C=C\c2cccnc2)n1Cc1ccc(Cl)cc1
211,O=c1c2ccccc2nc(/C=C/c2cccnc2)n1Cc1ccc(Cl)cc1,oracle,autodockgpu,-7.8,energy,10.206530163555446,10.206530163555446,"{""free_energy"": -7.53, ""intermolecular_energy"": -9.02, ""internal_energy"": -1.38, ""cluster_size"": 28, ""cluster_id"": 2, ""rank_in_cluster"": 13}",-7.56,0.14,2,O=c1c2ccccc2nc(/C=C\c2cccnc2)n1Cc1ccc(Cl)cc1
212,O=c1c2ccccc2nc(/C=C/c2cccnc2)n1Cc1ccc(Cl)cc1,oracle,autodockgpu,-7.8,energy,8.964813922178527,8.964813922178527,"{""free_energy"": -7.53, ""intermolecular_energy"": -9.02, ""internal_energy"": -1.45, ""cluster_size"": 5, ""cluster_id"": 1, ""rank_in_cluster"": 5}",-7.55,0.09,2,O=c1c2ccccc2nc(/C=C\c2cccnc2)n1Cc1ccc(Cl)cc1
213,O=c1c2ccccc2nc(/C=C/c2cccnc2)n1Cc1ccc(Cl)cc1,oracle,autodockgpu,-7.8,energy,9.291908918421244,9.291908918421244,"{""free_energy"": -7.58, ""intermolecular_energy"": -9.07, ""internal_energy"": -1.12, ""cluster_size"": 5, ""cluster_id"": 3, ""rank_in_cluster"": 2}",-7.54,0.14,2,O=c1c2ccccc2nc(/C=C\c2cccnc2)n1Cc1ccc(Cl)cc1
214,O=c1c2ccccc2nc(/C=C/c2cccnc2)n1Cc1ccc(Cl)cc1,oracle,autodockgpu,-7.8,energy,9.176699488123308,9.176699488123308,"{""free_energy"": -7.46, ""intermolecular_energy"": -8.96, ""internal_energy"": -1.15, ""cluster_size"": 5, ""cluster_id"": 3, ""rank_in_cluster"": 4}",-7.54,0.09,2,O=c1c2ccccc2nc(/C=C\c2cccnc2)n1Cc1ccc(Cl)cc1
215,O=c1c2ccccc2nc(/C=C/c2cccnc2)n1Cc1ccc(Cl)cc1,oracle,autodockgpu,-7.8,energy,8.91037593687473,8.91037593687473,"{""free_energy"": -7.43, ""intermolecular_energy"": -8.92, ""internal_energy"": -1.39, ""cluster_size"": 4, ""cluster_id"": 5, ""rank_in_cluster"": 1}",-7.53,0.15,2,O=c1c2ccccc2nc(/C=C\c2cccnc2)n1Cc1ccc(Cl)cc1
216,O=c1c2ccccc2nc(/C=C/c2cccnc2)n1Cc1ccc(Cl)cc1,oracle,autodockgpu,-7.8,energy,4.675701847191635,4.675701847191635,"{""free_energy"": -7.48, ""intermolecular_energy"": -8.97, ""internal_energy"": -1.33, ""cluster_size"": 6, ""cluster_id"": 4, ""rank_in_cluster"": 5}",-7.53,0.14,2,O=c1c2ccccc2nc(/C=C\c2cccnc2)n1Cc1ccc(Cl)cc1
217,O=c1c2ccccc2nc(/C=C/c2cccnc2)n1Cc1ccc(Cl)cc1,oracle,autodockgpu,-7.8,energy,10.150045966054483,10.150045966054483,"{""free_energy"": -7.41, ""intermolecular_energy"": -8.91, ""internal_energy"": -1.45, ""cluster_size"": 28, ""cluster_id"": 2, ""rank_in_cluster"": 25}",-7.53,0.14,2,O=c1c2ccccc2nc(/C=C\c2cccnc2)n1Cc1ccc(Cl)cc1
218,O=c1c2ccccc2nc(/C=C/c2cccnc2)n1Cc1ccc(Cl)cc1,oracle,autodockgpu,-7.8,energy,7.953047176894287,7.953047176894287,"{""free_energy"": -7.05, ""intermolecular_energy"": -8.54, ""internal_energy"": -1.48, ""cluster_size"": 1, ""cluster_id"": 6, ""rank_in_cluster"": 1}",-7.5,0.13,2,O=c1c2ccccc2nc(/C=C\c2cccnc2)n1Cc1ccc(Cl)cc1
219,O=c1c2ccccc2nc(/C=C/c2cccnc2)n1Cc1ccc(Cl)cc1,oracle,autodockgpu,-7.8,energy,10.043082911709773,10.043082911709773,"{""free_energy"": -7.55, ""intermolecular_energy"": -9.04, ""internal_energy"": -1.38, ""cluster_size"": 28, ""cluster_id"": 2, ""rank_in_cluster"": 8}",-7.49,0.26,2,O=c1c2ccccc2nc(/C=C\c2cccnc2)n1Cc1ccc(Cl)cc1
220,O=c1c2ccccc2nc(/C=C/c2cccnc2)n1Cc1ccc(Cl)cc1,oracle,autodockgpu,-7.8,energy,10.078500856184627,10.078500856184627,"{""free_energy"": -7.47, ""intermolecular_energy"": -8.96, ""internal_energy"": -1.46, ""cluster_size"": 28, ""cluster_id"": 2, ""rank_in_cluster"": 19}",-7.49,0.17,2,O=c1c2ccccc2nc(/C=C\c2cccnc2)n1Cc1ccc(Cl)cc1
221,O=c1c2ccccc2nc(/C=C/c2cccnc2)n1Cc1ccc(Cl)cc1,oracle,autodockgpu,-7.8,energy,10.059837054365337,10.059837054365337,"{""free_energy"": -7.57, ""intermolecular_energy"": -9.06, ""internal_energy"": -1.38, ""cluster_size"": 28, ""cluster_id"": 2, ""rank_in_cluster"": 6}",-7.48,0.2,2,O=c1c2ccccc2nc(/C=C\c2cccnc2)n1Cc1ccc(Cl)cc1
222,O=c1c2ccccc2nc(/C=C/c2cccnc2)n1Cc1ccc(Cl)cc1,oracle,autodockgpu,-7.8,energy,10.20670277985676,10.20670277985676,"{""free_energy"": -7.53, ""intermolecular_energy"": -9.02, ""internal_energy"": -1.38, ""cluster_size"": 28, ""cluster_id"": 2, ""rank_in_cluster"": 11}",-7.47,0.22,2,O=c1c2ccccc2nc(/C=C\c2cccnc2)n1Cc1ccc(Cl)cc1
223,O=c1c2ccccc2nc(/C=C/c2cccnc2)n1Cc1ccc(Cl)cc1,oracle,autodockgpu,-7.8,energy,10.208844192006476,10.208844192006476,"{""free_energy"": -7.49, ""intermolecular_energy"": -8.98, ""internal_energy"": -1.41, ""cluster_size"": 28, ""cluster_id"": 2, ""rank_in_cluster"": 16}",-7.47,0.22,2,O=c1c2ccccc2nc(/C=C\c2cccnc2)n1Cc1ccc(Cl)cc1
224,O=c1c2ccccc2nc(/C=C/c2cccnc2)n1Cc1ccc(Cl)cc1,oracle,autodockgpu,-7.8,energy,10.06848086857881,10.06848086857881,"{""free_energy"": -7.48, ""intermolecular_energy"": -8.97, ""internal_energy"": -1.44, ""cluster_size"": 28, ""cluster_id"": 2, ""rank_in_cluster"": 17}",-7.46,0.22,2,O=c1c2ccccc2nc(/C=C\c2cccnc2)n1Cc1ccc(Cl)cc1
225,O=c1c2ccccc2nc(/C=C/c2cccnc2)n1Cc1ccc(Cl)cc1,oracle,autodockgpu,-7.8,energy,10.057618756076058,10.057618756076058,"{""free_energy"": -7.46, ""intermolecular_energy"": -8.95, ""internal_energy"": -1.45, ""cluster_size"": 28, ""cluster_id"": 2, ""rank_in_cluster"": 20}",-7.42,0.25,2,O=c1c2ccccc2nc(/C=C\c2cccnc2)n1Cc1ccc(Cl)cc1
226,O=c1c2ccccc2nc(/C=C/c2cccnc2)n1Cc1ccc(Cl)cc1,oracle,autodockgpu,-7.8,energy,10.068801450266884,10.068801450266884,"{""free_energy"": -7.47, ""intermolecular_energy"": -8.97, ""internal_energy"": -1.45, ""cluster_size"": 28, ""cluster_id"": 2, ""rank_in_cluster"": 18}",-7.42,0.23,2,O=c1c2ccccc2nc(/C=C\c2cccnc2)n1Cc1ccc(Cl)cc1
227,O=c1c2ccccc2nc(/C=C/c2cccnc2)n1Cc1ccc(Cl)cc1,oracle,autodockgpu,-7.8,energy,8.645726200642084,8.645726200642084,"{""free_energy"": -7.62, ""intermolecular_energy"": -9.11, ""internal_energy"": -1.36, ""cluster_size"": 5, ""cluster_id"": 1, ""rank_in_cluster"": 4}",-7.42,0.25,2,O=c1c2ccccc2nc(/C=C\c2cccnc2)n1Cc1ccc(Cl)cc1
228,O=c1c2ccccc2nc(/C=C/c2cccnc2)n1Cc1ccc(Cl)cc1,oracle,autodockgpu,-7.8,energy,4.683844448382946,4.683844448382946,"{""free_energy"": -7.52, ""intermolecular_energy"": -9.01, ""internal_energy"": -1.2, ""cluster_size"": 6, ""cluster_id"": 4, ""rank_in_cluster"": 2}",-7.42,0.24,2,O=c1c2ccccc2nc(/C=C\c2cccnc2)n1Cc1ccc(Cl)cc1
229,O=c1c2ccccc2nc(/C=C/c2cccnc2)n1Cc1ccc(Cl)cc1,oracle,autodockgpu,-7.8,energy,10.090145977130248,10.090145977130248,"{""free_energy"": -7.49, ""intermolecular_energy"": -8.99, ""internal_energy"": -1.44, ""cluster_size"": 28, ""cluster_id"": 2, ""rank_in_cluster"": 15}",-7.41,0.25,2,O=c1c2ccccc2nc(/C=C\c2cccnc2)n1Cc1ccc(Cl)cc1
230,O=c1c2ccccc2nc(/C=C/c2cccnc2)n1Cc1ccc(Cl)cc1,oracle,autodockgpu,-7.8,energy,10.049468806884917,10.049468806884917,"{""free_energy"": -7.6, ""intermolecular_energy"": -9.09, ""internal_energy"": -1.35, ""cluster_size"": 28, ""cluster_id"": 2, ""rank_in_cluster"": 3}",-7.4,0.25,2,O=c1c2ccccc2nc(/C=C\c2cccnc2)n1Cc1ccc(Cl)cc1
231,O=c1c2ccccc2nc(/C=C/c2cccnc2)n1Cc1ccc(Cl)cc1,oracle,autodockgpu,-7.8,energy,10.143659241338401,10.143659241338401,"{""free_energy"": -7.4, ""intermolecular_energy"": -8.89, ""internal_energy"": -1.45, ""cluster_size"": 28, ""cluster_id"": 2, ""rank_in_cluster"": 26}",-7.39,0.28,2,O=c1c2ccccc2nc(/C=C\c2cccnc2)n1Cc1ccc(Cl)cc1
232,O=c1c2ccccc2nc(/C=C/c2cccnc2)n1Cc1ccc(Cl)cc1,oracle,autodockgpu,-7.8,energy,4.766796726259018,4.766796726259018,"{""free_energy"": -7.5, ""intermolecular_energy"": -8.99, ""internal_energy"": -1.21, ""cluster_size"": 6, ""cluster_id"": 4, ""rank_in_cluster"": 3}",-7.36,0.29,2,O=c1c2ccccc2nc(/C=C\c2cccnc2)n1Cc1ccc(Cl)cc1
233,O=c1c2ccccc2nc(/C=C/c2cccnc2)n1Cc1ccc(Cl)cc1,oracle,autodockgpu,-7.8,energy,10.073452182193066,10.073452182193066,"{""free_energy"": -7.36, ""intermolecular_energy"": -8.85, ""internal_energy"": -1.44, ""cluster_size"": 28, ""cluster_id"": 2, ""rank_in_cluster"": 28}",-7.6,0.0,3,O=c1c2ccccc2nc(/C=C\c2cccnc2)n1Cc1ccc(Cl)cc1
234,O=c1c2ccccc2nc(/C=C/c2cccnc2)n1Cc1ccc(Cl)cc1,oracle,autodockgpu,-7.8,energy,5.159071556117159,5.159071556117159,"{""free_energy"": -7.42, ""intermolecular_energy"": -8.91, ""internal_energy"": -1.29, ""cluster_size"": 6, ""cluster_id"": 4, ""rank_in_cluster"": 6}",-7.58,0.05,3,O=c1c2ccccc2nc(/C=C\c2cccnc2)n1Cc1ccc(Cl)cc1
235,O=c1c2ccccc2nc(/C=C/c2cccnc2)n1Cc1ccc(Cl)cc1,oracle,autodockgpu,-7.8,energy,5.0154140219927354,5.0154140219927354,"{""free_energy"": -7.48, ""intermolecular_energy"": -8.97, ""internal_energy"": -1.34, ""cluster_size"": 6, ""cluster_id"": 4, ""rank_in_cluster"": 4}",-7.51,0.87,3,O=c1c2ccccc2nc(/C=C\c2cccnc2)n1Cc1ccc(Cl)cc1
236,O=c1c2ccccc2nc(/C=C/c2cccnc2)n1Cc1ccc(Cl)cc1,oracle,autodockgpu,-7.8,energy,10.209915972195988,10.209915972195988,"{""free_energy"": -7.53, ""intermolecular_energy"": -9.02, ""internal_energy"": -1.38, ""cluster_size"": 28, ""cluster_id"": 2, ""rank_in_cluster"": 12}",-7.46,1.02,3,O=c1c2ccccc2nc(/C=C\c2cccnc2)n1Cc1ccc(Cl)cc1
237,O=c1c2ccccc2nc(/C=C/c2cccnc2)n1Cc1ccc(Cl)cc1,oracle,autodockgpu,-7.8,energy,10.20624007243326,10.20624007243326,"{""free_energy"": -7.54, ""intermolecular_energy"": -9.03, ""internal_energy"": -1.35, ""cluster_size"": 28, ""cluster_id"": 2, ""rank_in_cluster"": 9}",-7.41,0.44,3,O=c1c2ccccc2nc(/C=C\c2cccnc2)n1Cc1ccc(Cl)cc1
238,O=c1c2ccccc2nc(/C=C/c2cccnc2)n1Cc1ccc(Cl)cc1,oracle,autodockgpu,-7.8,energy,9.30327176215437,9.30327176215437,"{""free_energy"": -7.6, ""intermolecular_energy"": -9.09, ""internal_energy"": -1.1, ""cluster_size"": 5, ""cluster_id"": 3, ""rank_in_cluster"": 1}",-7.56,0.0,4,O=c1c2ccccc2nc(/C=C\c2cccnc2)n1Cc1ccc(Cl)cc1
239,O=c1c2ccccc2nc(/C=C/c2cccnc2)n1Cc1ccc(Cl)cc1,oracle,autodockgpu,-7.8,energy,8.420920180467263,8.420920180467263,"{""free_energy"": -7.04, ""intermolecular_energy"": -8.53, ""internal_energy"": -1.46, ""cluster_size"": 4, ""cluster_id"": 5, ""rank_in_cluster"": 4}",-7.52,0.17,4,O=c1c2ccccc2nc(/C=C/c2cccnc2)n1Cc1ccc(Cl)cc1
240,O=c1c2ccccc2nc(/C=C/c2cccnc2)n1Cc1ccc(Cl)cc1,oracle,autodockgpu,-7.8,energy,8.668029353431239,8.668029353431239,"{""free_energy"": -7.35, ""intermolecular_energy"": -8.84, ""internal_energy"": -1.38, ""cluster_size"": 4, ""cluster_id"": 5, ""rank_in_cluster"": 2}",-7.5,0.2,4,O=c1c2ccccc2nc(/C=C\c2cccnc2)n1Cc1ccc(Cl)cc1
241,O=c1c2ccccc2nc(/C=C/c2cccnc2)n1Cc1ccc(Cl)cc1,oracle,autodockgpu,-7.8,energy,10.005219562628662,10.005219562628662,"{""free_energy"": -7.5, ""intermolecular_energy"": -8.99, ""internal_energy"": -1.36, ""cluster_size"": 28, ""cluster_id"": 2, ""rank_in_cluster"": 14}",-7.48,1.93,4,O=c1c2ccccc2nc(/C=C\c2cccnc2)n1Cc1ccc(Cl)cc1
242,O=c1c2ccccc2nc(/C=C/c2cccnc2)n1Cc1ccc(Cl)cc1,oracle,autodockgpu,-7.8,energy,8.87171834431291,8.87171834431291,"{""free_energy"": -7.8, ""intermolecular_energy"": -9.3, ""internal_energy"": -1.36, ""cluster_size"": 5, ""cluster_id"": 1, ""rank_in_cluster"": 1}",-7.48,1.91,4,O=c1c2ccccc2nc(/C=C\c2cccnc2)n1Cc1ccc(Cl)cc1
243,O=c1c2ccccc2nc(/C=C/c2cccnc2)n1Cc1ccc(Cl)cc1,oracle,autodockgpu,-7.8,energy,10.054146189885229,10.054146189885229,"{""free_energy"": -7.54, ""intermolecular_energy"": -9.03, ""internal_energy"": -1.4, ""cluster_size"": 28, ""cluster_id"": 2, ""rank_in_cluster"": 10}",-7.42,1.92,4,O=c1c2ccccc2nc(/C=C\c2cccnc2)n1Cc1ccc(Cl)cc1
244,O=c1c2ccccc2nc(/C=C/c2cccnc2)n1Cc1ccc(Cl)cc1,oracle,autodockgpu,-7.8,energy,9.072721715092477,9.072721715092477,"{""free_energy"": -7.41, ""intermolecular_energy"": -8.91, ""internal_energy"": -1.15, ""cluster_size"": 5, ""cluster_id"": 3, ""rank_in_cluster"": 5}",-7.43,0.0,5,O=c1c2ccccc2nc(/C=C\c2cccnc2)n1Cc1ccc(Cl)cc1
245,O=c1c2ccccc2nc(/C=C/c2cccnc2)n1Cc1ccc(Cl)cc1,oracle,autodockgpu,-7.8,energy,10.049048918035657,10.049048918035657,"{""free_energy"": -7.6, ""intermolecular_energy"": -9.09, ""internal_energy"": -1.35, ""cluster_size"": 28, ""cluster_id"": 2, ""rank_in_cluster"": 2}",-7.35,0.72,5,O=c1c2ccccc2nc(/C=C\c2cccnc2)n1Cc1ccc(Cl)cc1
246,O=c1c2ccccc2nc(/C=C/c2cccnc2)n1Cc1ccc(Cl)cc1,oracle,autodockgpu,-7.8,energy,9.968772013607213,9.968772013607213,"{""free_energy"": -7.42, ""intermolecular_energy"": -8.91, ""internal_energy"": -1.43, ""cluster_size"": 28, ""cluster_id"": 2, ""rank_in_cluster"": 21}",-7.31,0.66,5,O=c1c2ccccc2nc(/C=C\c2cccnc2)n1Cc1ccc(Cl)cc1
247,O=c1c2ccccc2nc(/C=C/c2cccnc2)n1Cc1ccc(Cl)cc1,oracle,autodockgpu,-7.8,energy,10.210106178612515,10.210106178612515,"{""free_energy"": -7.56, ""intermolecular_energy"": -9.05, ""internal_energy"": -1.35, ""cluster_size"": 28, ""cluster_id"": 2, ""rank_in_cluster"": 7}",-7.04,1.24,5,O=c1c2ccccc2nc(/C=C\c2cccnc2)n1Cc1ccc(Cl)cc1
248,O=c1c2ccccc2nc(/C=C/c2cccnc2)n1Cc1ccc(Cl)cc1,oracle,autodockgpu,-7.8,energy,4.904212817669489,4.904212817669489,"{""free_energy"": -6.81, ""intermolecular_energy"": -8.3, ""internal_energy"": -1.81, ""cluster_size"": 1, ""cluster_id"": 7, ""rank_in_cluster"": 1}",-7.05,0.0,6,O=c1c2ccccc2nc(/C=C\c2cccnc2)n1Cc1ccc(Cl)cc1
249,O=c1c2ccccc2nc(/C=C/c2cccnc2)n1Cc1ccc(Cl)cc1,oracle,autodockgpu,-7.8,energy,9.35712417336929,9.35712417336929,"{""free_energy"": -7.51, ""intermolecular_energy"": -9.0, ""internal_energy"": -1.16, ""cluster_size"": 5, ""cluster_id"": 3, ""rank_in_cluster"": 3}",-6.81,0.0,7,O=c1c2ccccc2nc(/C=C/c2cccnc2)n1Cc1ccc(Cl)cc1
250,CCNC1CN(c2nc(N3CCc4ccccc4C3)nc(N3CCc4ccccc4C3)n2)CCO1,oracle,autodockgpu,-9.61,energy,8.245941583089468,8.245941583089468,"{""free_energy"": -9.21, ""intermolecular_energy"": -10.7, ""internal_energy"": -1.04, ""cluster_size"": 7, ""cluster_id"": 2, ""rank_in_cluster"": 5}",-9.61,0.0,1,CCN[C@@H]1CN(c2nc(N3CCc4ccccc4C3)nc(N3CCc4ccccc4C3)n2)CCO1
251,CCNC1CN(c2nc(N3CCc4ccccc4C3)nc(N3CCc4ccccc4C3)n2)CCO1,oracle,autodockgpu,-9.61,energy,7.5047417197830715,7.5047417197830715,"{""free_energy"": -9.52, ""intermolecular_energy"": -11.01, ""internal_energy"": -1.03, ""cluster_size"": 40, ""cluster_id"": 1, ""rank_in_cluster"": 7}",-9.55,0.07,1,CCN[C@@H]1CN(c2nc(N3CCc4ccccc4C3)nc(N3CCc4ccccc4C3)n2)CCO1
252,CCNC1CN(c2nc(N3CCc4ccccc4C3)nc(N3CCc4ccccc4C3)n2)CCO1,oracle,autodockgpu,-9.61,energy,9.66937752409569,9.66937752409569,"{""free_energy"": -9.54, ""intermolecular_energy"": -11.03, ""internal_energy"": -1.03, ""cluster_size"": 40, ""cluster_id"": 1, ""rank_in_cluster"": 3}",-9.54,1.71,1,CCN[C@@H]1CN(c2nc(N3CCc4ccccc4C3)nc(N3CCc4ccccc4C3)n2)CCO1
253,CCNC1CN(c2nc(N3CCc4ccccc4C3)nc(N3CCc4ccccc4C3)n2)CCO1,oracle,autodockgpu,-9.61,energy,9.797111078605672,9.797111078605672,"{""free_energy"": -9.51, ""intermolecular_energy"": -11.01, ""internal_energy"": -1.02, ""cluster_size"": 40, ""cluster_id"": 1, ""rank_in_cluster"": 9}",-9.54,0.25,1,CCN[C@@H]1CN(c2nc(N3CCc4ccccc4C3)nc(N3CCc4ccccc4C3)n2)CCO1
254,CCNC1CN(c2nc(N3CCc4ccccc4C3)nc(N3CCc4ccccc4C3)n2)CCO1,oracle,autodockgpu,-9.61,energy,9.802641161367093,9.802641161367093,"{""free_energy"": -9.35, ""intermolecular_energy"": -10.84, ""internal_energy"": -1.04, ""cluster_size"": 40, ""cluster_id"": 1, ""rank_in_cluster"": 18}",-9.54,1.73,1,CCN[C@@H]1CN(c2nc(N3CCc4ccccc4C3)nc(N3CCc4ccccc4C3)n2)CCO1
255,CCNC1CN(c2nc(N3CCc4ccccc4C3)nc(N3CCc4ccccc4C3)n2)CCO1,oracle,autodockgpu,-9.61,energy,9.755172367584443,9.755172367584443,"{""free_energy"": -9.52, ""intermolecular_energy"": -11.01, ""internal_energy"": -1.03, ""cluster_size"": 40, ""cluster_id"": 1, ""rank_in_cluster"": 6}",-9.52,1.77,1,CCN[C@@H]1CN(c2nc(N3CCc4ccccc4C3)nc(N3CCc4ccccc4C3)n2)CCO1
256,CCNC1CN(c2nc(N3CCc4ccccc4C3)nc(N3CCc4ccccc4C3)n2)CCO1,oracle,autodockgpu,-9.61,energy,8.157405773028442,8.157405773028442,"{""free_energy"": -9.22, ""intermolecular_energy"": -10.71, ""internal_energy"": -1.05, ""cluster_size"": 7, ""cluster_id"": 2, ""rank_in_cluster"": 4}",-9.52,0.25,1,CCN[C@@H]1CN(c2nc(N3CCc4ccccc4C3)nc(N3CCc4ccccc4C3)n2)CCO1
257,CCNC1CN(c2nc(N3CCc4ccccc4C3)nc(N3CCc4ccccc4C3)n2)CCO1,oracle,autodockgpu,-9.61,energy,8.24512204255033,8.24512204255033,"{""free_energy"": -9.22, ""intermolecular_energy"": -10.71, ""internal_energy"": -1.05, ""cluster_size"": 7, ""cluster_id"": 2, ""rank_in_cluster"": 2}",-9.51,0.1,1,CCN[C@@H]1CN(c2nc(N3CCc4ccccc4C3)nc(N3CCc4ccccc4C3)n2)CCO1
258,CCNC1CN(c2nc(N3CCc4ccccc4C3)nc(N3CCc4ccccc4C3)n2)CCO1,oracle,autodockgpu,-9.61,energy,9.773189841668971,9.773189841668971,"{""free_energy"": -9.43, ""intermolecular_energy"": -10.92, ""internal_energy"": -1.01, ""cluster_size"": 40, ""cluster_id"": 1, ""rank_in_cluster"": 14}",-9.51,1.74,1,CCN[C@@H]1CN(c2nc(N3CCc4ccccc4C3)nc(N3CCc4ccccc4C3)n2)CCO1
259,CCNC1CN(c2nc(N3CCc4ccccc4C3)nc(N3CCc4ccccc4C3)n2)CCO1,oracle,autodockgpu,-9.61,energy,7.390351808702457,7.390351808702457,"{""free_energy"": -9.32, ""intermolecular_energy"": -10.81, ""internal_energy"": -1.03, ""cluster_size"": 40, ""cluster_id"": 1, ""rank_in_cluster"": 20}",-9.5,0.25,1,CCN[C@@H]1CN(c2nc(N3CCc4ccccc4C3)nc(N3CCc4ccccc4C3)n2)CCO1
260,CCNC1CN(c2nc(N3CCc4ccccc4C3)nc(N3CCc4ccccc4C3)n2)CCO1,oracle,autodockgpu,-9.61,energy,9.195794307598213,9.195794307598213,"{""free_energy"": -8.99, ""intermolecular_energy"": -10.48, ""internal_energy"": -1.07, ""cluster_size"": 40, ""cluster_id"": 1, ""rank_in_cluster"": 40}",-9.5,1.74,1,CCN[C@@H]1CN(c2nc(N3CCc4ccccc4C3)nc(N3CCc4ccccc4C3)n2)CCO1
261,CCNC1CN(c2nc(N3CCc4ccccc4C3)nc(N3CCc4ccccc4C3)n2)CCO1,oracle,autodockgpu,-9.61,energy,9.79281540136095,9.79281540136095,"{""free_energy"": -9.48, ""intermolecular_energy"": -10.97, ""internal_energy"": -1.02, ""cluster_size"": 40, ""cluster_id"": 1, ""rank_in_cluster"": 12}",-9.48,1.75,1,CCN[C@@H]1CN(c2nc(N3CCc4ccccc4C3)nc(N3CCc4ccccc4C3)n2)CCO1
262,CCNC1CN(c2nc(N3CCc4ccccc4C3)nc(N3CCc4ccccc4C3)n2)CCO1,oracle,autodockgpu,-9.61,energy,8.836464481479094,8.836464481479094,"{""free_energy"": -9.3, ""intermolecular_energy"": -10.79, ""internal_energy"": -1.04, ""cluster_size"": 40, ""cluster_id"": 1, ""rank_in_cluster"": 21}",-9.43,1.91,1,CCN[C@@H]1CN(c2nc(N3CCc4ccccc4C3)nc(N3CCc4ccccc4C3)n2)CCO1
263,CCNC1CN(c2nc(N3CCc4ccccc4C3)nc(N3CCc4ccccc4C3)n2)CCO1,oracle,autodockgpu,-9.61,energy,8.237086279079453,8.237086279079453,"{""free_energy"": -9.22, ""intermolecular_energy"": -10.71, ""internal_energy"": -1.05, ""cluster_size"": 7, ""cluster_id"": 2, ""rank_in_cluster"": 3}",-9.43,1.71,1,CCN[C@@H]1CN(c2nc(N3CCc4ccccc4C3)nc(N3CCc4ccccc4C3)n2)CCO1
264,CCNC1CN(c2nc(N3CCc4ccccc4C3)nc(N3CCc4ccccc4C3)n2)CCO1,oracle,autodockgpu,-9.61,energy,7.496389737642753,7.496389737642753,"{""free_energy"": -9.39, ""intermolecular_energy"": -10.88, ""internal_energy"": -1.05, ""cluster_size"": 40, ""cluster_id"": 1, ""rank_in_cluster"": 16}",-9.41,1.63,1,CCN[C@@H]1CN(c2nc(N3CCc4ccccc4C3)nc(N3CCc4ccccc4C3)n2)CCO1
265,CCNC1CN(c2nc(N3CCc4ccccc4C3)nc(N3CCc4ccccc4C3)n2)CCO1,oracle,autodockgpu,-9.61,energy,9.039100418740645,9.039100418740645,"{""free_energy"": -9.36, ""intermolecular_energy"": -10.86, ""internal_energy"": -1.03, ""cluster_size"": 40, ""cluster_id"": 1, ""rank_in_cluster"": 17}",-9.39,0.27,1,CCN[C@@H]1CN(c2nc(N3CCc4ccccc4C3)nc(N3CCc4ccccc4C3)n2)CCO1
266,CCNC1CN(c2nc(N3CCc4ccccc4C3)nc(N3CCc4ccccc4C3)n2)CCO1,oracle,autodockgpu,-9.61,energy,2.389790153284375,2.389790153284375,"{""free_energy"": -9.03, ""intermolecular_energy"": -10.53, ""internal_energy"": -1.01, ""cluster_size"": 2, ""cluster_id"": 4, ""rank_in_cluster"": 1}",-9.36,1.56,1,CCN[C@@H]1CN(c2nc(N3CCc4ccccc4C3)nc(N3CCc4ccccc4C3)n2)CCO1
267,CCNC1CN(c2nc(N3CCc4ccccc4C3)nc(N3CCc4ccccc4C3)n2)CCO1,oracle,autodockgpu,-9.61,energy,7.402554452547109,7.402554452547109,"{""free_energy"": -9.28, ""intermolecular_energy"": -10.77, ""internal_energy"": -1.02, ""cluster_size"": 40, ""cluster_id"": 1, ""rank_in_cluster"": 26}",-9.35,1.87,1,CCN[C@@H]1CN(c2nc(N3CCc4ccccc4C3)nc(N3CCc4ccccc4C3)n2)CCO1
268,CCNC1CN(c2nc(N3CCc4ccccc4C3)nc(N3CCc4ccccc4C3)n2)CCO1,oracle,autodockgpu,-9.61,energy,7.824784190262339,7.824784190262339,"{""free_energy"": -9.18, ""intermolecular_energy"": -10.67, ""internal_energy"": -0.96, ""cluster_size"": 40, ""cluster_id"": 1, ""rank_in_cluster"": 35}",-9.34,1.33,1,CCN[C@@H]1CN(c2nc(N3CCc4ccccc4C3)nc(N3CCc4ccccc4C3)n2)CCO1
269,CCNC1CN(c2nc(N3CCc4ccccc4C3)nc(N3CCc4ccccc4C3)n2)CCO1,oracle,autodockgpu,-9.61,energy,9.400566591145113,9.400566591145113,"{""free_energy"": -9.18, ""intermolecular_energy"": -10.67, ""internal_energy"": -1.01, ""cluster_size"": 40, ""cluster_id"": 1, ""rank_in_cluster"": 33}",-9.32,0.36,1,CCN[C@@H]1CN(c2nc(N3CCc4ccccc4C3)nc(N3CCc4ccccc4C3)n2)CCO1
270,CCNC1CN(c2nc(N3CCc4ccccc4C3)nc(N3CCc4ccccc4C3)n2)CCO1,oracle,autodockgpu,-9.61,energy,7.6949522903805985,7.6949522903805985,"{""free_energy"": -9.51, ""intermolecular_energy"": -11.01, ""internal_energy"": -0.98, ""cluster_size"": 40, ""cluster_id"": 1, ""rank_in_cluster"": 8}",-9.3,1.55,1,CCN[C@@H]1CN(c2nc(N3CCc4ccccc4C3)nc(N3CCc4ccccc4C3)n2)CCO1
271,CCNC1CN(c2nc(N3CCc4ccccc4C3)nc(N3CCc4ccccc4C3)n2)CCO1,oracle,autodockgpu,-9.61,energy,9.386808298193037,9.386808298193037,"{""free_energy"": -9.27, ""intermolecular_energy"": -10.76, ""internal_energy"": -1.01, ""cluster_size"": 40, ""cluster_id"": 1, ""rank_in_cluster"": 28}",-9.3,1.2,1,CCN[C@@H]1CN(c2nc(N3CCc4ccccc4C3)nc(N3CCc4ccccc4C3)n2)CCO1
272,CCNC1CN(c2nc(N3CCc4ccccc4C3)nc(N3CCc4ccccc4C3)n2)CCO1,oracle,autodockgpu,-9.61,energy,9.375986363366033,9.375986363366033,"{""free_energy"": -9.26, ""intermolecular_energy"": -10.76, ""internal_energy"": -1.02, ""cluster_size"": 40, ""cluster_id"": 1, ""rank_in_cluster"": 29}",-9.3,1.6,1,CCN[C@@H]1CN(c2nc(N3CCc4ccccc4C3)nc(N3CCc4ccccc4C3)n2)CCO1
273,CCNC1CN(c2nc(N3CCc4ccccc4C3)nc(N3CCc4ccccc4C3)n2)CCO1,oracle,autodockgpu,-9.61,energy,7.476645269471394,7.476645269471394,"{""free_energy"": -9.23, ""intermolecular_energy"": -10.73, ""internal_energy"": -0.96, ""cluster_size"": 40, ""cluster_id"": 1, ""rank_in_cluster"": 31}",-9.29,1.38,1,CCN[C@@H]1CN(c2nc(N3CCc4ccccc4C3)nc(N3CCc4ccccc4C3)n2)CCO1
274,CCNC1CN(c2nc(N3CCc4ccccc4C3)nc(N3CCc4ccccc4C3)n2)CCO1,oracle,autodockgpu,-9.61,energy,9.474478858270013,9.474478858270013,"{""free_energy"": -9.28, ""intermolecular_energy"": -10.77, ""internal_energy"": -0.98, ""cluster_size"": 40, ""cluster_id"": 1, ""rank_in_cluster"": 27}",-9.28,1.42,1,CCN[C@@H]1CN(c2nc(N3CCc4ccccc4C3)nc(N3CCc4ccccc4C3)n2)CCO1
275,CCNC1CN(c2nc(N3CCc4ccccc4C3)nc(N3CCc4ccccc4C3)n2)CCO1,oracle,autodockgpu,-9.61,energy,7.462507367673191,7.462507367673191,"{""free_energy"": -9.54, ""intermolecular_energy"": -11.03, ""internal_energy"": -1.04, ""cluster_size"": 40, ""cluster_id"": 1, ""rank_in_cluster"": 4}",-9.28,1.38,1,CCN[C@@H]1CN(c2nc(N3CCc4ccccc4C3)nc(N3CCc4ccccc4C3)n2)CCO1
276,CCNC1CN(c2nc(N3CCc4ccccc4C3)nc(N3CCc4ccccc4C3)n2)CCO1,oracle,autodockgpu,-9.61,energy,9.694312820486646,9.694312820486646,"{""free_energy"": -9.54, ""intermolecular_energy"": -11.03, ""internal_energy"": -1.03, ""cluster_size"": 40, ""cluster_id"": 1, ""rank_in_cluster"": 5}",-9.28,1.45,1,CCN[C@@H]1CN(c2nc(N3CCc4ccccc4C3)nc(N3CCc4ccccc4C3)n2)CCO1
277,CCNC1CN(c2nc(N3CCc4ccccc4C3)nc(N3CCc4ccccc4C3)n2)CCO1,oracle,autodockgpu,-9.61,energy,8.324487165660102,8.324487165660102,"{""free_energy"": -9.17, ""intermolecular_energy"": -10.67, ""internal_energy"": -1.05, ""cluster_size"": 7, ""cluster_id"": 2, ""rank_in_cluster"": 6}",-9.27,1.36,1,CCN[C@@H]1CN(c2nc(N3CCc4ccccc4C3)nc(N3CCc4ccccc4C3)n2)CCO1
278,CCNC1CN(c2nc(N3CCc4ccccc4C3)nc(N3CCc4ccccc4C3)n2)CCO1,oracle,autodockgpu,-9.61,energy,9.742299474733084,9.742299474733084,"{""free_energy"": -9.14, ""intermolecular_energy"": -10.64, ""internal_energy"": -1.05, ""cluster_size"": 1, ""cluster_id"": 3, ""rank_in_cluster"": 1}",-9.26,1.36,1,CCN[C@@H]1CN(c2nc(N3CCc4ccccc4C3)nc(N3CCc4ccccc4C3)n2)CCO1
279,CCNC1CN(c2nc(N3CCc4ccccc4C3)nc(N3CCc4ccccc4C3)n2)CCO1,oracle,autodockgpu,-9.61,energy,7.502862284044717,7.502862284044717,"{""free_energy"": -9.5, ""intermolecular_energy"": -10.99, ""internal_energy"": -1.03, ""cluster_size"": 40, ""cluster_id"": 1, ""rank_in_cluster"": 10}",-9.26,1.4,1,CCN[C@@H]1CN(c2nc(N3CCc4ccccc4C3)nc(N3CCc4ccccc4C3)n2)CCO1
280,CCNC1CN(c2nc(N3CCc4ccccc4C3)nc(N3CCc4ccccc4C3)n2)CCO1,oracle,autodockgpu,-9.61,energy,9.389811614419063,9.389811614419063,"{""free_energy"": -9.28, ""intermolecular_energy"": -10.78, ""internal_energy"": -0.98, ""cluster_size"": 40, ""cluster_id"": 1, ""rank_in_cluster"": 25}",-9.23,0.93,1,CCN[C@@H]1CN(c2nc(N3CCc4ccccc4C3)nc(N3CCc4ccccc4C3)n2)CCO1
281,CCNC1CN(c2nc(N3CCc4ccccc4C3)nc(N3CCc4ccccc4C3)n2)CCO1,oracle,autodockgpu,-9.61,energy,9.304150818271527,9.304150818271527,"{""free_energy"": -9.18, ""intermolecular_energy"": -10.67, ""internal_energy"": -1.02, ""cluster_size"": 40, ""cluster_id"": 1, ""rank_in_cluster"": 34}",-9.22,1.4,1,CCN[C@@H]1CN(c2nc(N3CCc4ccccc4C3)nc(N3CCc4ccccc4C3)n2)CCO1
282,CCNC1CN(c2nc(N3CCc4ccccc4C3)nc(N3CCc4ccccc4C3)n2)CCO1,oracle,autodockgpu,-9.61,energy,9.040666660332104,9.040666660332104,"{""free_energy"": -9.3, ""intermolecular_energy"": -10.79, ""internal_energy"": -1.02, ""cluster_size"": 40, ""cluster_id"": 1, ""rank_in_cluster"": 23}",-9.18,1.42,1,CCN[C@@H]1CN(c2nc(N3CCc4ccccc4C3)nc(N3CCc4ccccc4C3)n2)CCO1
283,CCNC1CN(c2nc(N3CCc4ccccc4C3)nc(N3CCc4ccccc4C3)n2)CCO1,oracle,autodockgpu,-9.61,energy,8.190251736764347,8.190251736764347,"{""free_energy"": -9.23, ""intermolecular_energy"": -10.72, ""internal_energy"": -1.05, ""cluster_size"": 7, ""cluster_id"": 2, ""rank_in_cluster"": 1}",-9.18,1.32,1,CCN[C@@H]1CN(c2nc(N3CCc4ccccc4C3)nc(N3CCc4ccccc4C3)n2)CCO1
284,CCNC1CN(c2nc(N3CCc4ccccc4C3)nc(N3CCc4ccccc4C3)n2)CCO1,oracle,autodockgpu,-9.61,energy,9.421683141499217,9.421683141499217,"{""free_energy"": -9.09, ""intermolecular_energy"": -10.59, ""internal_energy"": -1.03, ""cluster_size"": 7, ""cluster_id"": 2, ""rank_in_cluster"": 7}",-9.18,1.35,1,CCN[C@@H]1CN(c2nc(N3CCc4ccccc4C3)nc(N3CCc4ccccc4C3)n2)CCO1
285,CCNC1CN(c2nc(N3CCc4ccccc4C3)nc(N3CCc4ccccc4C3)n2)CCO1,oracle,autodockgpu,-9.61,energy,9.299873803109955,9.299873803109955,"{""free_energy"": -9.22, ""intermolecular_energy"": -10.71, ""internal_energy"": -1.0, ""cluster_size"": 40, ""cluster_id"": 1, ""rank_in_cluster"": 32}",-9.16,1.77,1,CCN[C@@H]1CN(c2nc(N3CCc4ccccc4C3)nc(N3CCc4ccccc4C3)n2)CCO1
286,CCNC1CN(c2nc(N3CCc4ccccc4C3)nc(N3CCc4ccccc4C3)n2)CCO1,oracle,autodockgpu,-9.61,energy,7.707021210045963,7.707021210045963,"{""free_energy"": -9.61, ""intermolecular_energy"": -11.1, ""internal_energy"": -0.98, ""cluster_size"": 40, ""cluster_id"": 1, ""rank_in_cluster"": 1}",-9.12,1.35,1,CCN[C@@H]1CN(c2nc(N3CCc4ccccc4C3)nc(N3CCc4ccccc4C3)n2)CCO1
287,CCNC1CN(c2nc(N3CCc4ccccc4C3)nc(N3CCc4ccccc4C3)n2)CCO1,oracle,autodockgpu,-9.61,energy,7.645618943215958,7.645618943215958,"{""free_energy"": -9.3, ""intermolecular_energy"": -10.79, ""internal_energy"": -0.96, ""cluster_size"": 40, ""cluster_id"": 1, ""rank_in_cluster"": 22}",-9.08,1.95,1,CCN[C@@H]1CN(c2nc(N3CCc4ccccc4C3)nc(N3CCc4ccccc4C3)n2)CCO1
288,CCNC1CN(c2nc(N3CCc4ccccc4C3)nc(N3CCc4ccccc4C3)n2)CCO1,oracle,autodockgpu,-9.61,energy,9.870176612097964,9.870176612097964,"{""free_energy"": -9.08, ""intermolecular_energy"": -10.57, ""internal_energy"": -0.99, ""cluster_size"": 40, ""cluster_id"": 1, ""rank_in_cluster"": 38}",-9.01,1.29,1,CCN[C@@H]1CN(c2nc(N3CCc4ccccc4C3)nc(N3CCc4ccccc4C3)n2)CCO1
289,CCNC1CN(c2nc(N3CCc4ccccc4C3)nc(N3CCc4ccccc4C3)n2)CCO1,oracle,autodockgpu,-9.61,energy,8.012673059794151,8.012673059794151,"{""free_energy"": -9.12, ""intermolecular_energy"": -10.61, ""internal_energy"": -0.98, ""cluster_size"": 40, ""cluster_id"": 1, ""rank_in_cluster"": 37}",-8.99,1.29,1,CCN[C@@H]1CN(c2nc(N3CCc4ccccc4C3)nc(N3CCc4ccccc4C3)n2)CCO1
290,CCNC1CN(c2nc(N3CCc4ccccc4C3)nc(N3CCc4ccccc4C3)n2)CCO1,oracle,autodockgpu,-9.61,energy,9.763452676949143,9.763452676949143,"{""free_energy"": -9.5, ""intermolecular_energy"": -10.99, ""internal_energy"": -1.03, ""cluster_size"": 40, ""cluster_id"": 1, ""rank_in_cluster"": 11}",-9.23,0.0,2,CCN[C@@H]1CN(c2nc(N3CCc4ccccc4C3)nc(N3CCc4ccccc4C3)n2)CCO1
291,CCNC1CN(c2nc(N3CCc4ccccc4C3)nc(N3CCc4ccccc4C3)n2)CCO1,oracle,autodockgpu,-9.61,energy,8.976481912511305,8.976481912511305,"{""free_energy"": -9.41, ""intermolecular_energy"": -10.9, ""internal_energy"": -1.0, ""cluster_size"": 40, ""cluster_id"": 1, ""rank_in_cluster"": 15}",-9.22,0.08,2,CCN[C@@H]1CN(c2nc(N3CCc4ccccc4C3)nc(N3CCc4ccccc4C3)n2)CCO1
292,CCNC1CN(c2nc(N3CCc4ccccc4C3)nc(N3CCc4ccccc4C3)n2)CCO1,oracle,autodockgpu,-9.61,energy,7.647104905378575,7.647104905378575,"{""free_energy"": -9.34, ""intermolecular_energy"": -10.83, ""internal_energy"": -0.96, ""cluster_size"": 40, ""cluster_id"": 1, ""rank_in_cluster"": 19}",-9.22,0.14,2,CCN[C@@H]1CN(c2nc(N3CCc4ccccc4C3)nc(N3CCc4ccccc4C3)n2)CCO1
293,CCNC1CN(c2nc(N3CCc4ccccc4C3)nc(N3CCc4ccccc4C3)n2)CCO1,oracle,autodockgpu,-9.61,energy,9.88631123931749,9.88631123931749,"{""free_energy"": -9.43, ""intermolecular_energy"": -10.92, ""internal_energy"": -1.03, ""cluster_size"": 40, ""cluster_id"": 1, ""rank_in_cluster"": 13}",-9.22,0.07,2,CCN[C@@H]1CN(c2nc(N3CCc4ccccc4C3)nc(N3CCc4ccccc4C3)n2)CCO1
294,CCNC1CN(c2nc(N3CCc4ccccc4C3)nc(N3CCc4ccccc4C3)n2)CCO1,oracle,autodockgpu,-9.61,energy,2.1678169209263474,2.1678169209263474,"{""free_energy"": -8.95, ""intermolecular_energy"": -10.45, ""internal_energy"": -0.97, ""cluster_size"": 2, ""cluster_id"": 4, ""rank_in_cluster"": 2}",-9.21,0.1,2,CCN[C@@H]1CN(c2nc(N3CCc4ccccc4C3)nc(N3CCc4ccccc4C3)n2)CCO1
295,CCNC1CN(c2nc(N3CCc4ccccc4C3)nc(N3CCc4ccccc4C3)n2)CCO1,oracle,autodockgpu,-9.61,energy,7.727212881556957,7.727212881556957,"{""free_energy"": -9.55, ""intermolecular_energy"": -11.05, ""internal_energy"": -0.98, ""cluster_size"": 40, ""cluster_id"": 1, ""rank_in_cluster"": 2}",-9.17,0.14,2,CCN[C@@H]1CN(c2nc(N3CCc4ccccc4C3)nc(N3CCc4ccccc4C3)n2)CCO1
296,CCNC1CN(c2nc(N3CCc4ccccc4C3)nc(N3CCc4ccccc4C3)n2)CCO1,oracle,autodockgpu,-9.61,energy,9.451014537471218,9.451014537471218,"{""free_energy"": -9.29, ""intermolecular_energy"": -10.79, ""internal_energy"": -1.01, ""cluster_size"": 40, ""cluster_id"": 1, ""rank_in_cluster"": 24}",-9.09,0.71,2,CCN[C@@H]1CN(c2nc(N3CCc4ccccc4C3)nc(N3CCc4ccccc4C3)n2)CCO1
297,CCNC1CN(c2nc(N3CCc4ccccc4C3)nc(N3CCc4ccccc4C3)n2)CCO1,oracle,autodockgpu,-9.61,energy,7.250951086086789,7.250951086086789,"{""free_energy"": -9.01, ""intermolecular_energy"": -10.5, ""internal_energy"": -1.02, ""cluster_size"": 40, ""cluster_id"": 1, ""rank_in_cluster"": 39}",-9.14,0.0,3,CCN[C@@H]1CN(c2nc(N3CCc4ccccc4C3)nc(N3CCc4ccccc4C3)n2)CCO1
298,CCNC1CN(c2nc(N3CCc4ccccc4C3)nc(N3CCc4ccccc4C3)n2)CCO1,oracle,autodockgpu,-9.61,energy,9.398729959338029,9.398729959338029,"{""free_energy"": -9.26, ""intermolecular_energy"": -10.75, ""internal_energy"": -1.04, ""cluster_size"": 40, ""cluster_id"": 1, ""rank_in_cluster"": 30}",-9.03,0.0,4,CCN[C@@H]1CN(c2nc(N3CCc4ccccc4C3)nc(N3CCc4ccccc4C3)n2)CCO1
299,CCNC1CN(c2nc(N3CCc4ccccc4C3)nc(N3CCc4ccccc4C3)n2)CCO1,oracle,autodockgpu,-9.61,energy,9.261681435995278,9.261681435995278,"{""free_energy"": -9.16, ""intermolecular_energy"": -10.65, ""internal_energy"": -1.03, ""cluster_size"": 40, ""cluster_id"": 1, ""rank_in_cluster"": 36}",-8.95,1.02,4,CCN[C@@H]1CN(c2nc(N3CCc4ccccc4C3)nc(N3CCc4ccccc4C3)n2)CCO1
300,CCNC1CN(c2nc(N3CCc4ccccc4C3)nc(N3CCc4ccccc4C3)n2)CCO1,oracle,autodockgpu,-9.55,energy,7.667690342507324,7.667690342507324,"{""free_energy"": -9.06, ""intermolecular_energy"": -10.55, ""internal_energy"": -1.0, ""cluster_size"": 45, ""cluster_id"": 1, ""rank_in_cluster"": 29}",-9.55,0.0,1,CCN[C@H]1CN(c2nc(N3CCc4ccccc4C3)nc(N3CCc4ccccc4C3)n2)CCO1
301,CCNC1CN(c2nc(N3CCc4ccccc4C3)nc(N3CCc4ccccc4C3)n2)CCO1,oracle,autodockgpu,-9.55,energy,9.013356959746858,9.013356959746858,"{""free_energy"": -8.76, ""intermolecular_energy"": -10.25, ""internal_energy"": -1.0, ""cluster_size"": 45, ""cluster_id"": 1, ""rank_in_cluster"": 40}",-9.55,0.08,1,CCN[C@H]1CN(c2nc(N3CCc4ccccc4C3)nc(N3CCc4ccccc4C3)n2)CCO1
302,CCNC1CN(c2nc(N3CCc4ccccc4C3)nc(N3CCc4ccccc4C3)n2)CCO1,oracle,autodockgpu,-9.55,energy,7.171142690703885,7.171142690703885,"{""free_energy"": -9.24, ""intermolecular_energy"": -10.73, ""internal_energy"": -1.02, ""cluster_size"": 45, ""cluster_id"": 1, ""rank_in_cluster"": 15}",-9.51,0.3,1,CCN[C@H]1CN(c2nc(N3CCc4ccccc4C3)nc(N3CCc4ccccc4C3)n2)CCO1
303,CCNC1CN(c2nc(N3CCc4ccccc4C3)nc(N3CCc4ccccc4C3)n2)CCO1,oracle,autodockgpu,-9.55,energy,9.450751176023632,9.450751176023632,"{""free_energy"": -8.54, ""intermolecular_energy"": -10.03, ""internal_energy"": -1.01, ""cluster_size"": 1, ""cluster_id"": 4, ""rank_in_cluster"": 1}",-9.48,0.61,1,CCN[C@H]1CN(c2nc(N3CCc4ccccc4C3)nc(N3CCc4ccccc4C3)n2)CCO1
304,CCNC1CN(c2nc(N3CCc4ccccc4C3)nc(N3CCc4ccccc4C3)n2)CCO1,oracle,autodockgpu,-9.55,energy,7.459707487846787,7.459707487846787,"{""free_energy"": -9.21, ""intermolecular_energy"": -10.7, ""internal_energy"": -0.96, ""cluster_size"": 45, ""cluster_id"": 1, ""rank_in_cluster"": 17}",-9.47,0.51,1,CCN[C@H]1CN(c2nc(N3CCc4ccccc4C3)nc(N3CCc4ccccc4C3)n2)CCO1
305,CCNC1CN(c2nc(N3CCc4ccccc4C3)nc(N3CCc4ccccc4C3)n2)CCO1,oracle,autodockgpu,-9.55,energy,7.753667683622915,7.753667683622915,"{""free_energy"": -9.04, ""intermolecular_energy"": -10.53, ""internal_energy"": -0.98, ""cluster_size"": 45, ""cluster_id"": 1, ""rank_in_cluster"": 34}",-9.43,0.53,1,CCN[C@H]1CN(c2nc(N3CCc4ccccc4C3)nc(N3CCc4ccccc4C3)n2)CCO1
306,CCNC1CN(c2nc(N3CCc4ccccc4C3)nc(N3CCc4ccccc4C3)n2)CCO1,oracle,autodockgpu,-9.55,energy,7.405149225584477,7.405149225584477,"{""free_energy"": -9.09, ""intermolecular_energy"": -10.58, ""internal_energy"": -0.99, ""cluster_size"": 45, ""cluster_id"": 1, ""rank_in_cluster"": 24}",-9.4,0.56,1,CCN[C@H]1CN(c2nc(N3CCc4ccccc4C3)nc(N3CCc4ccccc4C3)n2)CCO1
307,CCNC1CN(c2nc(N3CCc4ccccc4C3)nc(N3CCc4ccccc4C3)n2)CCO1,oracle,autodockgpu,-9.55,energy,7.257583548025385,7.257583548025385,"{""free_energy"": -8.54, ""intermolecular_energy"": -10.03, ""internal_energy"": -1.04, ""cluster_size"": 45, ""cluster_id"": 1, ""rank_in_cluster"": 45}",-9.39,0.56,1,CCN[C@H]1CN(c2nc(N3CCc4ccccc4C3)nc(N3CCc4ccccc4C3)n2)CCO1
308,CCNC1CN(c2nc(N3CCc4ccccc4C3)nc(N3CCc4ccccc4C3)n2)CCO1,oracle,autodockgpu,-9.55,energy,7.746211711725162,7.746211711725162,"{""free_energy"": -8.67, ""intermolecular_energy"": -10.16, ""internal_energy"": -1.03, ""cluster_size"": 45, ""cluster_id"": 1, ""rank_in_cluster"": 42}",-9.38,0.57,1,CCN[C@H]1CN(c2nc(N3CCc4ccccc4C3)nc(N3CCc4ccccc4C3)n2)CCO1
309,CCNC1CN(c2nc(N3CCc4ccccc4C3)nc(N3CCc4ccccc4C3)n2)CCO1,oracle,autodockgpu,-9.55,energy,7.248872481183176,7.248872481183176,"{""free_energy"": -9.05, ""intermolecular_energy"": -10.54, ""internal_energy"": -1.01, ""cluster_size"": 45, ""cluster_id"": 1, ""rank_in_cluster"": 32}",-9.37,0.57,1,CCN[C@H]1CN(c2nc(N3CCc4ccccc4C3)nc(N3CCc4ccccc4C3)n2)CCO1
310,CCNC1CN(c2nc(N3CCc4ccccc4C3)nc(N3CCc4ccccc4C3)n2)CCO1,oracle,autodockgpu,-9.55,energy,9.100460199759098,9.100460199759098,"{""free_energy"": -8.77, ""intermolecular_energy"": -10.26, ""internal_energy"": -1.0, ""cluster_size"": 1, ""cluster_id"": 2, ""rank_in_cluster"": 1}",-9.34,1.43,1,CCN[C@H]1CN(c2nc(N3CCc4ccccc4C3)nc(N3CCc4ccccc4C3)n2)CCO1
311,CCNC1CN(c2nc(N3CCc4ccccc4C3)nc(N3CCc4ccccc4C3)n2)CCO1,oracle,autodockgpu,-9.55,energy,9.166816909076534,9.166816909076534,"{""free_energy"": -9.04, ""intermolecular_energy"": -10.53, ""internal_energy"": -0.98, ""cluster_size"": 45, ""cluster_id"": 1, ""rank_in_cluster"": 33}",-9.25,1.33,1,CCN[C@H]1CN(c2nc(N3CCc4ccccc4C3)nc(N3CCc4ccccc4C3)n2)CCO1
312,CCNC1CN(c2nc(N3CCc4ccccc4C3)nc(N3CCc4ccccc4C3)n2)CCO1,oracle,autodockgpu,-9.55,energy,6.231234821210663,6.231234821210663,"{""free_energy"": -9.55, ""intermolecular_energy"": -11.05, ""internal_energy"": -0.99, ""cluster_size"": 45, ""cluster_id"": 1, ""rank_in_cluster"": 1}",-9.24,1.34,1,CCN[C@H]1CN(c2nc(N3CCc4ccccc4C3)nc(N3CCc4ccccc4C3)n2)CCO1
313,CCNC1CN(c2nc(N3CCc4ccccc4C3)nc(N3CCc4ccccc4C3)n2)CCO1,oracle,autodockgpu,-9.55,energy,6.158867677945821,6.158867677945821,"{""free_energy"": -9.39, ""intermolecular_energy"": -10.88, ""internal_energy"": -1.05, ""cluster_size"": 45, ""cluster_id"": 1, ""rank_in_cluster"": 8}",-9.24,1.46,1,CCN[C@H]1CN(c2nc(N3CCc4ccccc4C3)nc(N3CCc4ccccc4C3)n2)CCO1
314,CCNC1CN(c2nc(N3CCc4ccccc4C3)nc(N3CCc4ccccc4C3)n2)CCO1,oracle,autodockgpu,-9.55,energy,7.701252950497141,7.701252950497141,"{""free_energy"": -9.05, ""intermolecular_energy"": -10.54, ""internal_energy"": -0.99, ""cluster_size"": 45, ""cluster_id"": 1, ""rank_in_cluster"": 31}",-9.24,1.33,1,CCN[C@H]1CN(c2nc(N3CCc4ccccc4C3)nc(N3CCc4ccccc4C3)n2)CCO1
315,CCNC1CN(c2nc(N3CCc4ccccc4C3)nc(N3CCc4ccccc4C3)n2)CCO1,oracle,autodockgpu,-9.55,energy,7.534933934491975,7.534933934491975,"{""free_energy"": -8.69, ""intermolecular_energy"": -10.19, ""internal_energy"": -1.02, ""cluster_size"": 45, ""cluster_id"": 1, ""rank_in_cluster"": 41}",-9.23,1.34,1,CCN[C@H]1CN(c2nc(N3CCc4ccccc4C3)nc(N3CCc4ccccc4C3)n2)CCO1
316,CCNC1CN(c2nc(N3CCc4ccccc4C3)nc(N3CCc4ccccc4C3)n2)CCO1,oracle,autodockgpu,-9.55,energy,6.174584649278614,6.174584649278614,"{""free_energy"": -9.51, ""intermolecular_energy"": -11.0, ""internal_energy"": -1.01, ""cluster_size"": 45, ""cluster_id"": 1, ""rank_in_cluster"": 3}",-9.21,1.48,1,CCN[C@H]1CN(c2nc(N3CCc4ccccc4C3)nc(N3CCc4ccccc4C3)n2)CCO1
317,CCNC1CN(c2nc(N3CCc4ccccc4C3)nc(N3CCc4ccccc4C3)n2)CCO1,oracle,autodockgpu,-9.55,energy,7.411682190511083,7.411682190511083,"{""free_energy"": -9.09, ""intermolecular_energy"": -10.58, ""internal_energy"": -0.98, ""cluster_size"": 45, ""cluster_id"": 1, ""rank_in_cluster"": 23}",-9.13,1.52,1,CCN[C@H]1CN(c2nc(N3CCc4ccccc4C3)nc(N3CCc4ccccc4C3)n2)CCO1
318,CCNC1CN(c2nc(N3CCc4ccccc4C3)nc(N3CCc4ccccc4C3)n2)CCO1,oracle,autodockgpu,-9.55,energy,2.5798888332874195,2.5798888332874195,"{""free_energy"": -8.49, ""intermolecular_energy"": -9.99, ""internal_energy"": -1.06, ""cluster_size"": 3, ""cluster_id"": 3, ""rank_in_cluster"": 3}",-9.12,1.8,1,CCN[C@H]1CN(c2nc(N3CCc4ccccc4C3)nc(N3CCc4ccccc4C3)n2)CCO1
319,CCNC1CN(c2nc(N3CCc4ccccc4C3)nc(N3CCc4ccccc4C3)n2)CCO1,oracle,autodockgpu,-9.55,energy,6.050385978414073,6.050385978414073,"{""free_energy"": -9.48, ""intermolecular_energy"": -10.97, ""internal_energy"": -0.82, ""cluster_size"": 45, ""cluster_id"": 1, ""rank_in_cluster"": 4}",-9.11,1.44,1,CCN[C@H]1CN(c2nc(N3CCc4ccccc4C3)nc(N3CCc4ccccc4C3)n2)CCO1
320,CCNC1CN(c2nc(N3CCc4ccccc4C3)nc(N3CCc4ccccc4C3)n2)CCO1,oracle,autodockgpu,-9.55,energy,6.170971796999683,6.170971796999683,"{""free_energy"": -9.43, ""intermolecular_energy"": -10.92, ""internal_energy"": -1.05, ""cluster_size"": 45, ""cluster_id"": 1, ""rank_in_cluster"": 6}",-9.11,1.78,1,CCN[C@H]1CN(c2nc(N3CCc4ccccc4C3)nc(N3CCc4ccccc4C3)n2)CCO1
321,CCNC1CN(c2nc(N3CCc4ccccc4C3)nc(N3CCc4ccccc4C3)n2)CCO1,oracle,autodockgpu,-9.55,energy,9.238373320574158,9.238373320574158,"{""free_energy"": -9.12, ""intermolecular_energy"": -10.61, ""internal_energy"": -0.98, ""cluster_size"": 45, ""cluster_id"": 1, ""rank_in_cluster"": 19}",-9.09,1.8,1,CCN[C@H]1CN(c2nc(N3CCc4ccccc4C3)nc(N3CCc4ccccc4C3)n2)CCO1
322,CCNC1CN(c2nc(N3CCc4ccccc4C3)nc(N3CCc4ccccc4C3)n2)CCO1,oracle,autodockgpu,-9.55,energy,7.4075965530252015,7.4075965530252015,"{""free_energy"": -9.11, ""intermolecular_energy"": -10.6, ""internal_energy"": -0.98, ""cluster_size"": 45, ""cluster_id"": 1, ""rank_in_cluster"": 20}",-9.09,1.43,1,CCN[C@H]1CN(c2nc(N3CCc4ccccc4C3)nc(N3CCc4ccccc4C3)n2)CCO1
323,CCNC1CN(c2nc(N3CCc4ccccc4C3)nc(N3CCc4ccccc4C3)n2)CCO1,oracle,autodockgpu,-9.55,energy,7.211633835610518,7.211633835610518,"{""free_energy"": -9.24, ""intermolecular_energy"": -10.73, ""internal_energy"": -1.02, ""cluster_size"": 45, ""cluster_id"": 1, ""rank_in_cluster"": 13}",-9.09,1.43,1,CCN[C@H]1CN(c2nc(N3CCc4ccccc4C3)nc(N3CCc4ccccc4C3)n2)CCO1
324,CCNC1CN(c2nc(N3CCc4ccccc4C3)nc(N3CCc4ccccc4C3)n2)CCO1,oracle,autodockgpu,-9.55,energy,9.319202649986293,9.319202649986293,"{""free_energy"": -9.03, ""intermolecular_energy"": -10.52, ""internal_energy"": -0.98, ""cluster_size"": 45, ""cluster_id"": 1, ""rank_in_cluster"": 35}",-9.09,1.51,1,CCN[C@H]1CN(c2nc(N3CCc4ccccc4C3)nc(N3CCc4ccccc4C3)n2)CCO1
325,CCNC1CN(c2nc(N3CCc4ccccc4C3)nc(N3CCc4ccccc4C3)n2)CCO1,oracle,autodockgpu,-9.55,energy,7.398057127756844,7.398057127756844,"{""free_energy"": -9.08, ""intermolecular_energy"": -10.57, ""internal_energy"": -0.99, ""cluster_size"": 45, ""cluster_id"": 1, ""rank_in_cluster"": 27}",-9.08,1.77,1,CCN[C@H]1CN(c2nc(N3CCc4ccccc4C3)nc(N3CCc4ccccc4C3)n2)CCO1
326,CCNC1CN(c2nc(N3CCc4ccccc4C3)nc(N3CCc4ccccc4C3)n2)CCO1,oracle,autodockgpu,-9.55,energy,6.16792679085989,6.16792679085989,"{""free_energy"": -9.37, ""intermolecular_energy"": -10.86, ""internal_energy"": -1.05, ""cluster_size"": 45, ""cluster_id"": 1, ""rank_in_cluster"": 10}",-9.08,1.47,1,CCN[C@H]1CN(c2nc(N3CCc4ccccc4C3)nc(N3CCc4ccccc4C3)n2)CCO1
327,CCNC1CN(c2nc(N3CCc4ccccc4C3)nc(N3CCc4ccccc4C3)n2)CCO1,oracle,autodockgpu,-9.55,energy,7.806746707803089,7.806746707803089,"{""free_energy"": -9.06, ""intermolecular_energy"": -10.55, ""internal_energy"": -0.98, ""cluster_size"": 45, ""cluster_id"": 1, ""rank_in_cluster"": 28}",-9.06,1.51,1,CCN[C@H]1CN(c2nc(N3CCc4ccccc4C3)nc(N3CCc4ccccc4C3)n2)CCO1
328,CCNC1CN(c2nc(N3CCc4ccccc4C3)nc(N3CCc4ccccc4C3)n2)CCO1,oracle,autodockgpu,-9.55,energy,6.147935126236301,6.147935126236301,"{""free_energy"": -9.4, ""intermolecular_energy"": -10.89, ""internal_energy"": -1.05, ""cluster_size"": 45, ""cluster_id"": 1, ""rank_in_cluster"": 7}",-9.06,1.55,1,CCN[C@H]1CN(c2nc(N3CCc4ccccc4C3)nc(N3CCc4ccccc4C3)n2)CCO1
329,CCNC1CN(c2nc(N3CCc4ccccc4C3)nc(N3CCc4ccccc4C3)n2)CCO1,oracle,autodockgpu,-9.55,energy,7.174166860290449,7.174166860290449,"{""free_energy"": -9.23, ""intermolecular_energy"": -10.72, ""internal_energy"": -1.02, ""cluster_size"": 45, ""cluster_id"": 1, ""rank_in_cluster"": 16}",-9.05,1.57,1,CCN[C@H]1CN(c2nc(N3CCc4ccccc4C3)nc(N3CCc4ccccc4C3)n2)CCO1
330,CCNC1CN(c2nc(N3CCc4ccccc4C3)nc(N3CCc4ccccc4C3)n2)CCO1,oracle,autodockgpu,-9.55,energy,7.484894813818725,7.484894813818725,"{""free_energy"": -9.05, ""intermolecular_energy"": -10.54, ""internal_energy"": -1.0, ""cluster_size"": 45, ""cluster_id"": 1, ""rank_in_cluster"": 30}",-9.05,1.54,1,CCN[C@H]1CN(c2nc(N3CCc4ccccc4C3)nc(N3CCc4ccccc4C3)n2)CCO1
331,CCNC1CN(c2nc(N3CCc4ccccc4C3)nc(N3CCc4ccccc4C3)n2)CCO1,oracle,autodockgpu,-9.55,energy,2.0191973524345808,2.0191973524345808,"{""free_energy"": -8.55, ""intermolecular_energy"": -10.05, ""internal_energy"": -1.0, ""cluster_size"": 3, ""cluster_id"": 3, ""rank_in_cluster"": 1}",-9.05,1.34,1,CCN[C@H]1CN(c2nc(N3CCc4ccccc4C3)nc(N3CCc4ccccc4C3)n2)CCO1
332,CCNC1CN(c2nc(N3CCc4ccccc4C3)nc(N3CCc4ccccc4C3)n2)CCO1,oracle,autodockgpu,-9.55,energy,9.207876281324708,9.207876281324708,"{""free_energy"": -9.08, ""intermolecular_energy"": -10.57, ""internal_energy"": -0.97, ""cluster_size"": 45, ""cluster_id"": 1, ""rank_in_cluster"": 26}",-9.04,1.72,1,CCN[C@H]1CN(c2nc(N3CCc4ccccc4C3)nc(N3CCc4ccccc4C3)n2)CCO1
333,CCNC1CN(c2nc(N3CCc4ccccc4C3)nc(N3CCc4ccccc4C3)n2)CCO1,oracle,autodockgpu,-9.55,energy,9.22900895425929,9.22900895425929,"{""free_energy"": -9.11, ""intermolecular_energy"": -10.6, ""internal_energy"": -0.98, ""cluster_size"": 45, ""cluster_id"": 1, ""rank_in_cluster"": 21}",-9.04,1.46,1,CCN[C@H]1CN(c2nc(N3CCc4ccccc4C3)nc(N3CCc4ccccc4C3)n2)CCO1
334,CCNC1CN(c2nc(N3CCc4ccccc4C3)nc(N3CCc4ccccc4C3)n2)CCO1,oracle,autodockgpu,-9.55,energy,6.100536703555714,6.100536703555714,"{""free_energy"": -9.47, ""intermolecular_energy"": -10.96, ""internal_energy"": -0.87, ""cluster_size"": 45, ""cluster_id"": 1, ""rank_in_cluster"": 5}",-9.03,1.81,1,CCN[C@H]1CN(c2nc(N3CCc4ccccc4C3)nc(N3CCc4ccccc4C3)n2)CCO1
335,CCNC1CN(c2nc(N3CCc4ccccc4C3)nc(N3CCc4ccccc4C3)n2)CCO1,oracle,autodockgpu,-9.55,energy,7.1765873602671775,7.1765873602671775,"{""free_energy"": -9.25, ""intermolecular_energy"": -10.74, ""internal_energy"": -1.02, ""cluster_size"": 45, ""cluster_id"": 1, ""rank_in_cluster"": 12}",-9.03,1.55,1,CCN[C@H]1CN(c2nc(N3CCc4ccccc4C3)nc(N3CCc4ccccc4C3)n2)CCO1
336,CCNC1CN(c2nc(N3CCc4ccccc4C3)nc(N3CCc4ccccc4C3)n2)CCO1,oracle,autodockgpu,-9.55,energy,7.556235734398407,7.556235734398407,"{""free_energy"": -9.13, ""intermolecular_energy"": -10.62, ""internal_energy"": -1.0, ""cluster_size"": 45, ""cluster_id"": 1, ""rank_in_cluster"": 18}",-9.01,1.31,1,CCN[C@H]1CN(c2nc(N3CCc4ccccc4C3)nc(N3CCc4ccccc4C3)n2)CCO1
337,CCNC1CN(c2nc(N3CCc4ccccc4C3)nc(N3CCc4ccccc4C3)n2)CCO1,oracle,autodockgpu,-9.55,energy,9.226539845576408,9.226539845576408,"{""free_energy"": -9.09, ""intermolecular_energy"": -10.58, ""internal_energy"": -0.98, ""cluster_size"": 45, ""cluster_id"": 1, ""rank_in_cluster"": 22}",-9.01,1.81,1,CCN[C@H]1CN(c2nc(N3CCc4ccccc4C3)nc(N3CCc4ccccc4C3)n2)CCO1
338,CCNC1CN(c2nc(N3CCc4ccccc4C3)nc(N3CCc4ccccc4C3)n2)CCO1,oracle,autodockgpu,-9.55,energy,8.059059304420924,8.059059304420924,"{""free_energy"": -8.6, ""intermolecular_energy"": -10.09, ""internal_energy"": -1.07, ""cluster_size"": 45, ""cluster_id"": 1, ""rank_in_cluster"": 44}",-8.96,1.52,1,CCN[C@H]1CN(c2nc(N3CCc4ccccc4C3)nc(N3CCc4ccccc4C3)n2)CCO1
339,CCNC1CN(c2nc(N3CCc4ccccc4C3)nc(N3CCc4ccccc4C3)n2)CCO1,oracle,autodockgpu,-9.55,energy,9.327625523541187,9.327625523541187,"{""free_energy"": -9.01, ""intermolecular_energy"": -10.5, ""internal_energy"": -0.98, ""cluster_size"": 45, ""cluster_id"": 1, ""rank_in_cluster"": 38}",-8.76,1.86,1,CCN[C@H]1CN(c2nc(N3CCc4ccccc4C3)nc(N3CCc4ccccc4C3)n2)CCO1
340,CCNC1CN(c2nc(N3CCc4ccccc4C3)nc(N3CCc4ccccc4C3)n2)CCO1,oracle,autodockgpu,-9.55,energy,7.407576642183242,7.407576642183242,"{""free_energy"": -9.01, ""intermolecular_energy"": -10.5, ""internal_energy"": -1.03, ""cluster_size"": 45, ""cluster_id"": 1, ""rank_in_cluster"": 37}",-8.69,1.63,1,CCN[C@H]1CN(c2nc(N3CCc4ccccc4C3)nc(N3CCc4ccccc4C3)n2)CCO1
341,CCNC1CN(c2nc(N3CCc4ccccc4C3)nc(N3CCc4ccccc4C3)n2)CCO1,oracle,autodockgpu,-9.55,energy,2.1622323046807663,2.1622323046807663,"{""free_energy"": -8.53, ""intermolecular_energy"": -10.02, ""internal_energy"": -1.02, ""cluster_size"": 3, ""cluster_id"": 3, ""rank_in_cluster"": 2}",-8.67,1.77,1,CCN[C@H]1CN(c2nc(N3CCc4ccccc4C3)nc(N3CCc4ccccc4C3)n2)CCO1
342,CCNC1CN(c2nc(N3CCc4ccccc4C3)nc(N3CCc4ccccc4C3)n2)CCO1,oracle,autodockgpu,-9.55,energy,7.4158439940778615,7.4158439940778615,"{""free_energy"": -9.24, ""intermolecular_energy"": -10.73, ""internal_energy"": -0.96, ""cluster_size"": 45, ""cluster_id"": 1, ""rank_in_cluster"": 14}",-8.61,1.56,1,CCN[C@H]1CN(c2nc(N3CCc4ccccc4C3)nc(N3CCc4ccccc4C3)n2)CCO1
343,CCNC1CN(c2nc(N3CCc4ccccc4C3)nc(N3CCc4ccccc4C3)n2)CCO1,oracle,autodockgpu,-9.55,energy,8.066754455495778,8.066754455495778,"{""free_energy"": -8.61, ""intermolecular_energy"": -10.1, ""internal_energy"": -1.08, ""cluster_size"": 45, ""cluster_id"": 1, ""rank_in_cluster"": 43}",-8.6,1.57,1,CCN[C@H]1CN(c2nc(N3CCc4ccccc4C3)nc(N3CCc4ccccc4C3)n2)CCO1
344,CCNC1CN(c2nc(N3CCc4ccccc4C3)nc(N3CCc4ccccc4C3)n2)CCO1,oracle,autodockgpu,-9.55,energy,7.711397255932579,7.711397255932579,"{""free_energy"": -9.34, ""intermolecular_energy"": -10.83, ""internal_energy"": -0.89, ""cluster_size"": 45, ""cluster_id"": 1, ""rank_in_cluster"": 11}",-8.54,1.41,1,CCN[C@H]1CN(c2nc(N3CCc4ccccc4C3)nc(N3CCc4ccccc4C3)n2)CCO1
345,CCNC1CN(c2nc(N3CCc4ccccc4C3)nc(N3CCc4ccccc4C3)n2)CCO1,oracle,autodockgpu,-9.55,energy,7.577120478972684,7.577120478972684,"{""free_energy"": -9.09, ""intermolecular_energy"": -10.58, ""internal_energy"": -1.0, ""cluster_size"": 45, ""cluster_id"": 1, ""rank_in_cluster"": 25}",-8.77,0.0,2,CCN[C@H]1CN(c2nc(N3CCc4ccccc4C3)nc(N3CCc4ccccc4C3)n2)CCO1
346,CCNC1CN(c2nc(N3CCc4ccccc4C3)nc(N3CCc4ccccc4C3)n2)CCO1,oracle,autodockgpu,-9.55,energy,6.242113110229941,6.242113110229941,"{""free_energy"": -9.55, ""intermolecular_energy"": -11.05, ""internal_energy"": -0.99, ""cluster_size"": 45, ""cluster_id"": 1, ""rank_in_cluster"": 2}",-8.55,0.0,3,CCN[C@H]1CN(c2nc(N3CCc4ccccc4C3)nc(N3CCc4ccccc4C3)n2)CCO1
347,CCNC1CN(c2nc(N3CCc4ccccc4C3)nc(N3CCc4ccccc4C3)n2)CCO1,oracle,autodockgpu,-9.55,energy,6.154478715585306,6.154478715585306,"{""free_energy"": -9.38, ""intermolecular_energy"": -10.87, ""internal_energy"": -1.05, ""cluster_size"": 45, ""cluster_id"": 1, ""rank_in_cluster"": 9}",-8.53,0.35,3,CCN[C@H]1CN(c2nc(N3CCc4ccccc4C3)nc(N3CCc4ccccc4C3)n2)CCO1
348,CCNC1CN(c2nc(N3CCc4ccccc4C3)nc(N3CCc4ccccc4C3)n2)CCO1,oracle,autodockgpu,-9.55,energy,7.694976151999112,7.694976151999112,"{""free_energy"": -9.03, ""intermolecular_energy"": -10.52, ""internal_energy"": -1.0, ""cluster_size"": 45, ""cluster_id"": 1, ""rank_in_cluster"": 36}",-8.49,0.46,3,CCN[C@H]1CN(c2nc(N3CCc4ccccc4C3)nc(N3CCc4ccccc4C3)n2)CCO1
349,CCNC1CN(c2nc(N3CCc4ccccc4C3)nc(N3CCc4ccccc4C3)n2)CCO1,oracle,autodockgpu,-9.55,energy,7.729086765735125,7.729086765735125,"{""free_energy"": -8.96, ""intermolecular_energy"": -10.46, ""internal_energy"": -1.0, ""cluster_size"": 45, ""cluster_id"": 1, ""rank_in_cluster"": 39}",-8.54,0.0,4,CCN[C@H]1CN(c2nc(N3CCc4ccccc4C3)nc(N3CCc4ccccc4C3)n2)CCO1
350,C[C@H](NC(=O)c1cc2c(=O)n3ccccc3nc2[nH]c1=N)c1ccccc1,oracle,autodockgpu,-8.05,energy,4.965978003655896,4.965978003655896,"{""free_energy"": -8.04, ""intermolecular_energy"": -9.23, ""internal_energy"": -0.36, ""cluster_size"": 41, ""cluster_id"": 1, ""rank_in_cluster"": 2}",-8.05,0.0,1,C[C@H](NC(=O)c1cc2c(=O)n3ccccc3nc2[nH]c1=N)c1ccccc1
351,C[C@H](NC(=O)c1cc2c(=O)n3ccccc3nc2[nH]c1=N)c1ccccc1,oracle,autodockgpu,-8.05,energy,4.999707121683654,4.999707121683654,"{""free_energy"": -7.33, ""intermolecular_energy"": -8.53, ""internal_energy"": -0.99, ""cluster_size"": 41, ""cluster_id"": 1, ""rank_in_cluster"": 34}",-8.04,0.47,1,C[C@H](NC(=O)c1cc2c(=O)n3ccccc3nc2[nH]c1=N)c1ccccc1
352,C[C@H](NC(=O)c1cc2c(=O)n3ccccc3nc2[nH]c1=N)c1ccccc1,oracle,autodockgpu,-8.05,energy,4.702102550959289,4.702102550959289,"{""free_energy"": -7.92, ""intermolecular_energy"": -9.12, ""internal_energy"": -0.59, ""cluster_size"": 41, ""cluster_id"": 1, ""rank_in_cluster"": 9}",-8.02,0.07,1,C[C@H](NC(=O)c1cc2c(=O)n3ccccc3nc2[nH]c1=N)c1ccccc1
353,C[C@H](NC(=O)c1cc2c(=O)n3ccccc3nc2[nH]c1=N)c1ccccc1,oracle,autodockgpu,-8.05,energy,4.827318875718249,4.827318875718249,"{""free_energy"": -7.05, ""intermolecular_energy"": -8.24, ""internal_energy"": -0.92, ""cluster_size"": 9, ""cluster_id"": 2, ""rank_in_cluster"": 9}",-7.97,0.1,1,C[C@H](NC(=O)c1cc2c(=O)n3ccccc3nc2[nH]c1=N)c1ccccc1
354,C[C@H](NC(=O)c1cc2c(=O)n3ccccc3nc2[nH]c1=N)c1ccccc1,oracle,autodockgpu,-8.05,energy,4.779768126855012,4.779768126855012,"{""free_energy"": -7.91, ""intermolecular_energy"": -9.1, ""internal_energy"": -0.38, ""cluster_size"": 41, ""cluster_id"": 1, ""rank_in_cluster"": 14}",-7.97,0.09,1,C[C@H](NC(=O)c1cc2c(=O)n3ccccc3nc2[nH]c1=N)c1ccccc1
355,C[C@H](NC(=O)c1cc2c(=O)n3ccccc3nc2[nH]c1=N)c1ccccc1,oracle,autodockgpu,-8.05,energy,4.628894696448423,4.628894696448423,"{""free_energy"": -7.87, ""intermolecular_energy"": -9.07, ""internal_energy"": -0.54, ""cluster_size"": 41, ""cluster_id"": 1, ""rank_in_cluster"": 18}",-7.96,0.2,1,C[C@H](NC(=O)c1cc2c(=O)n3ccccc3nc2[nH]c1=N)c1ccccc1
356,C[C@H](NC(=O)c1cc2c(=O)n3ccccc3nc2[nH]c1=N)c1ccccc1,oracle,autodockgpu,-8.05,energy,4.875579673056445,4.875579673056445,"{""free_energy"": -8.02, ""intermolecular_energy"": -9.21, ""internal_energy"": -0.53, ""cluster_size"": 41, ""cluster_id"": 1, ""rank_in_cluster"": 3}",-7.95,0.11,1,C[C@H](NC(=O)c1cc2c(=O)n3ccccc3nc2[nH]c1=N)c1ccccc1
357,C[C@H](NC(=O)c1cc2c(=O)n3ccccc3nc2[nH]c1=N)c1ccccc1,oracle,autodockgpu,-8.05,energy,4.726983054872992,4.726983054872992,"{""free_energy"": -7.74, ""intermolecular_energy"": -8.94, ""internal_energy"": -0.58, ""cluster_size"": 41, ""cluster_id"": 1, ""rank_in_cluster"": 24}",-7.94,0.27,1,C[C@H](NC(=O)c1cc2c(=O)n3ccccc3nc2[nH]c1=N)c1ccccc1
358,C[C@H](NC(=O)c1cc2c(=O)n3ccccc3nc2[nH]c1=N)c1ccccc1,oracle,autodockgpu,-8.05,energy,5.109149338644006,5.109149338644006,"{""free_energy"": -7.29, ""intermolecular_energy"": -8.48, ""internal_energy"": -0.99, ""cluster_size"": 41, ""cluster_id"": 1, ""rank_in_cluster"": 40}",-7.92,0.37,1,C[C@H](NC(=O)c1cc2c(=O)n3ccccc3nc2[nH]c1=N)c1ccccc1
359,C[C@H](NC(=O)c1cc2c(=O)n3ccccc3nc2[nH]c1=N)c1ccccc1,oracle,autodockgpu,-8.05,energy,4.783374255005111,4.783374255005111,"{""free_energy"": -7.63, ""intermolecular_energy"": -8.82, ""internal_energy"": -0.62, ""cluster_size"": 41, ""cluster_id"": 1, ""rank_in_cluster"": 30}",-7.92,0.44,1,C[C@H](NC(=O)c1cc2c(=O)n3ccccc3nc2[nH]c1=N)c1ccccc1
360,C[C@H](NC(=O)c1cc2c(=O)n3ccccc3nc2[nH]c1=N)c1ccccc1,oracle,autodockgpu,-8.05,energy,4.638164150362471,4.638164150362471,"{""free_energy"": -7.83, ""intermolecular_energy"": -9.02, ""internal_energy"": -0.65, ""cluster_size"": 41, ""cluster_id"": 1, ""rank_in_cluster"": 21}",-7.91,0.21,1,C[C@H](NC(=O)c1cc2c(=O)n3ccccc3nc2[nH]c1=N)c1ccccc1
361,C[C@H](NC(=O)c1cc2c(=O)n3ccccc3nc2[nH]c1=N)c1ccccc1,oracle,autodockgpu,-8.05,energy,4.935976929672913,4.935976929672913,"{""free_energy"": -7.65, ""intermolecular_energy"": -8.84, ""internal_energy"": -0.61, ""cluster_size"": 41, ""cluster_id"": 1, ""rank_in_cluster"": 29}",-7.91,0.42,1,C[C@H](NC(=O)c1cc2c(=O)n3ccccc3nc2[nH]c1=N)c1ccccc1
362,C[C@H](NC(=O)c1cc2c(=O)n3ccccc3nc2[nH]c1=N)c1ccccc1,oracle,autodockgpu,-8.05,energy,4.869352035560689,4.869352035560689,"{""free_energy"": -7.91, ""intermolecular_energy"": -9.11, ""internal_energy"": -0.57, ""cluster_size"": 41, ""cluster_id"": 1, ""rank_in_cluster"": 11}",-7.91,0.22,1,C[C@H](NC(=O)c1cc2c(=O)n3ccccc3nc2[nH]c1=N)c1ccccc1
363,C[C@H](NC(=O)c1cc2c(=O)n3ccccc3nc2[nH]c1=N)c1ccccc1,oracle,autodockgpu,-8.05,energy,4.713065439864961,4.713065439864961,"{""free_energy"": -7.83, ""intermolecular_energy"": -9.02, ""internal_energy"": -0.53, ""cluster_size"": 41, ""cluster_id"": 1, ""rank_in_cluster"": 20}",-7.91,0.61,1,C[C@H](NC(=O)c1cc2c(=O)n3ccccc3nc2[nH]c1=N)c1ccccc1
364,C[C@H](NC(=O)c1cc2c(=O)n3ccccc3nc2[nH]c1=N)c1ccccc1,oracle,autodockgpu,-8.05,energy,4.257716897829591,4.257716897829591,"{""free_energy"": -7.09, ""intermolecular_energy"": -8.28, ""internal_energy"": -0.96, ""cluster_size"": 9, ""cluster_id"": 2, ""rank_in_cluster"": 8}",-7.9,0.55,1,C[C@H](NC(=O)c1cc2c(=O)n3ccccc3nc2[nH]c1=N)c1ccccc1
365,C[C@H](NC(=O)c1cc2c(=O)n3ccccc3nc2[nH]c1=N)c1ccccc1,oracle,autodockgpu,-8.05,energy,4.8817232901812435,4.8817232901812435,"{""free_energy"": -7.9, ""intermolecular_energy"": -9.1, ""internal_energy"": -0.57, ""cluster_size"": 41, ""cluster_id"": 1, ""rank_in_cluster"": 16}",-7.9,0.21,1,C[C@H](NC(=O)c1cc2c(=O)n3ccccc3nc2[nH]c1=N)c1ccccc1
366,C[C@H](NC(=O)c1cc2c(=O)n3ccccc3nc2[nH]c1=N)c1ccccc1,oracle,autodockgpu,-8.05,energy,4.676486264913948,4.676486264913948,"{""free_energy"": -7.91, ""intermolecular_energy"": -9.1, ""internal_energy"": -0.58, ""cluster_size"": 41, ""cluster_id"": 1, ""rank_in_cluster"": 12}",-7.88,0.56,1,C[C@H](NC(=O)c1cc2c(=O)n3ccccc3nc2[nH]c1=N)c1ccccc1
367,C[C@H](NC(=O)c1cc2c(=O)n3ccccc3nc2[nH]c1=N)c1ccccc1,oracle,autodockgpu,-8.05,energy,4.202962014398735,4.202962014398735,"{""free_energy"": -7.17, ""intermolecular_energy"": -8.36, ""internal_energy"": -0.89, ""cluster_size"": 9, ""cluster_id"": 2, ""rank_in_cluster"": 4}",-7.87,0.15,1,C[C@H](NC(=O)c1cc2c(=O)n3ccccc3nc2[nH]c1=N)c1ccccc1
368,C[C@H](NC(=O)c1cc2c(=O)n3ccccc3nc2[nH]c1=N)c1ccccc1,oracle,autodockgpu,-8.05,energy,4.7460867967130715,4.7460867967130715,"{""free_energy"": -7.94, ""intermolecular_energy"": -9.13, ""internal_energy"": -0.6, ""cluster_size"": 41, ""cluster_id"": 1, ""rank_in_cluster"": 8}",-7.85,0.5,1,C[C@H](NC(=O)c1cc2c(=O)n3ccccc3nc2[nH]c1=N)c1ccccc1
369,C[C@H](NC(=O)c1cc2c(=O)n3ccccc3nc2[nH]c1=N)c1ccccc1,oracle,autodockgpu,-8.05,energy,5.1427420293436805,5.1427420293436805,"{""free_energy"": -7.31, ""intermolecular_energy"": -8.5, ""internal_energy"": -0.96, ""cluster_size"": 41, ""cluster_id"": 1, ""rank_in_cluster"": 37}",-7.83,0.2,1,C[C@H](NC(=O)c1cc2c(=O)n3ccccc3nc2[nH]c1=N)c1ccccc1
370,C[C@H](NC(=O)c1cc2c(=O)n3ccccc3nc2[nH]c1=N)c1ccccc1,oracle,autodockgpu,-8.05,energy,4.787584187909595,4.787584187909595,"{""free_energy"": -7.18, ""intermolecular_energy"": -8.37, ""internal_energy"": -0.87, ""cluster_size"": 9, ""cluster_id"": 2, ""rank_in_cluster"": 3}",-7.83,0.52,1,C[C@H](NC(=O)c1cc2c(=O)n3ccccc3nc2[nH]c1=N)c1ccccc1
371,C[C@H](NC(=O)c1cc2c(=O)n3ccccc3nc2[nH]c1=N)c1ccccc1,oracle,autodockgpu,-8.05,energy,4.826703206220703,4.826703206220703,"{""free_energy"": -7.55, ""intermolecular_energy"": -8.74, ""internal_energy"": -0.69, ""cluster_size"": 41, ""cluster_id"": 1, ""rank_in_cluster"": 31}",-7.8,0.22,1,C[C@H](NC(=O)c1cc2c(=O)n3ccccc3nc2[nH]c1=N)c1ccccc1
372,C[C@H](NC(=O)c1cc2c(=O)n3ccccc3nc2[nH]c1=N)c1ccccc1,oracle,autodockgpu,-8.05,energy,4.526508120636408,4.526508120636408,"{""free_energy"": -7.1, ""intermolecular_energy"": -8.29, ""internal_energy"": -0.9, ""cluster_size"": 9, ""cluster_id"": 2, ""rank_in_cluster"": 7}",-7.77,0.31,1,C[C@H](NC(=O)c1cc2c(=O)n3ccccc3nc2[nH]c1=N)c1ccccc1
373,C[C@H](NC(=O)c1cc2c(=O)n3ccccc3nc2[nH]c1=N)c1ccccc1,oracle,autodockgpu,-8.05,energy,4.232809693396162,4.232809693396162,"{""free_energy"": -7.25, ""intermolecular_energy"": -8.44, ""internal_energy"": -0.86, ""cluster_size"": 9, ""cluster_id"": 2, ""rank_in_cluster"": 2}",-7.74,0.29,1,C[C@H](NC(=O)c1cc2c(=O)n3ccccc3nc2[nH]c1=N)c1ccccc1
374,C[C@H](NC(=O)c1cc2c(=O)n3ccccc3nc2[nH]c1=N)c1ccccc1,oracle,autodockgpu,-8.05,energy,4.973822418696384,4.973822418696384,"{""free_energy"": -7.32, ""intermolecular_energy"": -8.52, ""internal_energy"": -0.97, ""cluster_size"": 41, ""cluster_id"": 1, ""rank_in_cluster"": 35}",-7.71,0.43,1,C[C@H](NC(=O)c1cc2c(=O)n3ccccc3nc2[nH]c1=N)c1ccccc1
375,C[C@H](NC(=O)c1cc2c(=O)n3ccccc3nc2[nH]c1=N)c1ccccc1,oracle,autodockgpu,-8.05,energy,4.978782191286488,4.978782191286488,"{""free_energy"": -7.32, ""intermolecular_energy"": -8.51, ""internal_energy"": -0.97, ""cluster_size"": 41, ""cluster_id"": 1, ""rank_in_cluster"": 36}",-7.67,0.34,1,C[C@H](NC(=O)c1cc2c(=O)n3ccccc3nc2[nH]c1=N)c1ccccc1
376,C[C@H](NC(=O)c1cc2c(=O)n3ccccc3nc2[nH]c1=N)c1ccccc1,oracle,autodockgpu,-8.05,energy,4.972739932738333,4.972739932738333,"{""free_energy"": -7.34, ""intermolecular_energy"": -8.53, ""internal_energy"": -0.98, ""cluster_size"": 41, ""cluster_id"": 1, ""rank_in_cluster"": 32}",-7.66,0.49,1,C[C@H](NC(=O)c1cc2c(=O)n3ccccc3nc2[nH]c1=N)c1ccccc1
377,C[C@H](NC(=O)c1cc2c(=O)n3ccccc3nc2[nH]c1=N)c1ccccc1,oracle,autodockgpu,-8.05,energy,4.741024343527369,4.741024343527369,"{""free_energy"": -7.9, ""intermolecular_energy"": -9.1, ""internal_energy"": -0.37, ""cluster_size"": 41, ""cluster_id"": 1, ""rank_in_cluster"": 15}",-7.65,0.71,1,C[C@H](NC(=O)c1cc2c(=O)n3ccccc3nc2[nH]c1=N)c1ccccc1
378,C[C@H](NC(=O)c1cc2c(=O)n3ccccc3nc2[nH]c1=N)c1ccccc1,oracle,autodockgpu,-8.05,energy,5.114636790052597,5.114636790052597,"{""free_energy"": -7.3, ""intermolecular_energy"": -8.49, ""internal_energy"": -0.99, ""cluster_size"": 41, ""cluster_id"": 1, ""rank_in_cluster"": 39}",-7.65,0.32,1,C[C@H](NC(=O)c1cc2c(=O)n3ccccc3nc2[nH]c1=N)c1ccccc1
379,C[C@H](NC(=O)c1cc2c(=O)n3ccccc3nc2[nH]c1=N)c1ccccc1,oracle,autodockgpu,-8.05,energy,4.592983779877245,4.592983779877245,"{""free_energy"": -7.25, ""intermolecular_energy"": -8.44, ""internal_energy"": -0.85, ""cluster_size"": 9, ""cluster_id"": 2, ""rank_in_cluster"": 1}",-7.63,0.6,1,C[C@H](NC(=O)c1cc2c(=O)n3ccccc3nc2[nH]c1=N)c1ccccc1
380,C[C@H](NC(=O)c1cc2c(=O)n3ccccc3nc2[nH]c1=N)c1ccccc1,oracle,autodockgpu,-8.05,energy,4.8955700512258895,4.8955700512258895,"{""free_energy"": -8.05, ""intermolecular_energy"": -9.24, ""internal_energy"": -0.5, ""cluster_size"": 41, ""cluster_id"": 1, ""rank_in_cluster"": 1}",-7.55,0.39,1,C[C@H](NC(=O)c1cc2c(=O)n3ccccc3nc2[nH]c1=N)c1ccccc1
381,C[C@H](NC(=O)c1cc2c(=O)n3ccccc3nc2[nH]c1=N)c1ccccc1,oracle,autodockgpu,-8.05,energy,4.87488764977313,4.87488764977313,"{""free_energy"": -7.97, ""intermolecular_energy"": -9.16, ""internal_energy"": -0.57, ""cluster_size"": 41, ""cluster_id"": 1, ""rank_in_cluster"": 5}",-7.34,0.96,1,C[C@H](NC(=O)c1cc2c(=O)n3ccccc3nc2[nH]c1=N)c1ccccc1
382,C[C@H](NC(=O)c1cc2c(=O)n3ccccc3nc2[nH]c1=N)c1ccccc1,oracle,autodockgpu,-8.05,energy,4.704669830418558,4.704669830418558,"{""free_energy"": -7.8, ""intermolecular_energy"": -9.0, ""internal_energy"": -0.57, ""cluster_size"": 41, ""cluster_id"": 1, ""rank_in_cluster"": 22}",-7.33,0.95,1,C[C@H](NC(=O)c1cc2c(=O)n3ccccc3nc2[nH]c1=N)c1ccccc1
383,C[C@H](NC(=O)c1cc2c(=O)n3ccccc3nc2[nH]c1=N)c1ccccc1,oracle,autodockgpu,-8.05,energy,4.704322316915016,4.704322316915016,"{""free_energy"": -7.71, ""intermolecular_energy"": -8.9, ""internal_energy"": -0.65, ""cluster_size"": 41, ""cluster_id"": 1, ""rank_in_cluster"": 25}",-7.33,0.96,1,C[C@H](NC(=O)c1cc2c(=O)n3ccccc3nc2[nH]c1=N)c1ccccc1
384,C[C@H](NC(=O)c1cc2c(=O)n3ccccc3nc2[nH]c1=N)c1ccccc1,oracle,autodockgpu,-8.05,energy,4.622494457879574,4.622494457879574,"{""free_energy"": -7.88, ""intermolecular_energy"": -9.08, ""internal_energy"": -0.62, ""cluster_size"": 41, ""cluster_id"": 1, ""rank_in_cluster"": 17}",-7.32,0.96,1,C[C@H](NC(=O)c1cc2c(=O)n3ccccc3nc2[nH]c1=N)c1ccccc1
385,C[C@H](NC(=O)c1cc2c(=O)n3ccccc3nc2[nH]c1=N)c1ccccc1,oracle,autodockgpu,-8.05,energy,4.898850093822199,4.898850093822199,"{""free_energy"": -7.91, ""intermolecular_energy"": -9.1, ""internal_energy"": -0.56, ""cluster_size"": 41, ""cluster_id"": 1, ""rank_in_cluster"": 13}",-7.32,0.97,1,C[C@H](NC(=O)c1cc2c(=O)n3ccccc3nc2[nH]c1=N)c1ccccc1
386,C[C@H](NC(=O)c1cc2c(=O)n3ccccc3nc2[nH]c1=N)c1ccccc1,oracle,autodockgpu,-8.05,energy,4.661592440344413,4.661592440344413,"{""free_energy"": -7.92, ""intermolecular_energy"": -9.11, ""internal_energy"": -0.6, ""cluster_size"": 41, ""cluster_id"": 1, ""rank_in_cluster"": 10}",-7.31,1.05,1,C[C@H](NC(=O)c1cc2c(=O)n3ccccc3nc2[nH]c1=N)c1ccccc1
387,C[C@H](NC(=O)c1cc2c(=O)n3ccccc3nc2[nH]c1=N)c1ccccc1,oracle,autodockgpu,-8.05,energy,4.771227951652844,4.771227951652844,"{""free_energy"": -7.96, ""intermolecular_energy"": -9.15, ""internal_energy"": -0.57, ""cluster_size"": 41, ""cluster_id"": 1, ""rank_in_cluster"": 6}",-7.3,1.04,1,C[C@H](NC(=O)c1cc2c(=O)n3ccccc3nc2[nH]c1=N)c1ccccc1
388,C[C@H](NC(=O)c1cc2c(=O)n3ccccc3nc2[nH]c1=N)c1ccccc1,oracle,autodockgpu,-8.05,energy,4.365315085598732,4.365315085598732,"{""free_energy"": -7.1, ""intermolecular_energy"": -8.29, ""internal_energy"": -0.96, ""cluster_size"": 9, ""cluster_id"": 2, ""rank_in_cluster"": 6}",-7.3,1.04,1,C[C@H](NC(=O)c1cc2c(=O)n3ccccc3nc2[nH]c1=N)c1ccccc1
389,C[C@H](NC(=O)c1cc2c(=O)n3ccccc3nc2[nH]c1=N)c1ccccc1,oracle,autodockgpu,-8.05,energy,4.890961270063725,4.890961270063725,"{""free_energy"": -7.77, ""intermolecular_energy"": -8.96, ""internal_energy"": -0.64, ""cluster_size"": 41, ""cluster_id"": 1, ""rank_in_cluster"": 23}",-7.29,1.02,1,C[C@H](NC(=O)c1cc2c(=O)n3ccccc3nc2[nH]c1=N)c1ccccc1
390,C[C@H](NC(=O)c1cc2c(=O)n3ccccc3nc2[nH]c1=N)c1ccccc1,oracle,autodockgpu,-8.05,energy,4.890421940661154,4.890421940661154,"{""free_energy"": -7.95, ""intermolecular_energy"": -9.14, ""internal_energy"": -0.59, ""cluster_size"": 41, ""cluster_id"": 1, ""rank_in_cluster"": 7}",-7.28,1.03,1,C[C@H](NC(=O)c1cc2c(=O)n3ccccc3nc2[nH]c1=N)c1ccccc1
391,C[C@H](NC(=O)c1cc2c(=O)n3ccccc3nc2[nH]c1=N)c1ccccc1,oracle,autodockgpu,-8.05,energy,4.8873167207640416,4.8873167207640416,"{""free_energy"": -7.97, ""intermolecular_energy"": -9.16, ""internal_energy"": -0.58, ""cluster_size"": 41, ""cluster_id"": 1, ""rank_in_cluster"": 4}",-7.25,0.0,2,C[C@H](NC(=O)c1cc2c(=O)n3ccccc3nc2[nH]c1=N)c1ccccc1
392,C[C@H](NC(=O)c1cc2c(=O)n3ccccc3nc2[nH]c1=N)c1ccccc1,oracle,autodockgpu,-8.05,energy,5.15544396871591,5.15544396871591,"{""free_energy"": -7.28, ""intermolecular_energy"": -8.47, ""internal_energy"": -0.99, ""cluster_size"": 41, ""cluster_id"": 1, ""rank_in_cluster"": 41}",-7.25,1.59,2,C[C@H](NC(=O)c1cc2c(=O)n3ccccc3nc2[nH]c1=N)c1ccccc1
393,C[C@H](NC(=O)c1cc2c(=O)n3ccccc3nc2[nH]c1=N)c1ccccc1,oracle,autodockgpu,-8.05,energy,4.631874905389424,4.631874905389424,"{""free_energy"": -7.85, ""intermolecular_energy"": -9.04, ""internal_energy"": -0.62, ""cluster_size"": 41, ""cluster_id"": 1, ""rank_in_cluster"": 19}",-7.18,0.35,2,C[C@H](NC(=O)c1cc2c(=O)n3ccccc3nc2[nH]c1=N)c1ccccc1
394,C[C@H](NC(=O)c1cc2c(=O)n3ccccc3nc2[nH]c1=N)c1ccccc1,oracle,autodockgpu,-8.05,energy,5.098882106838601,5.098882106838601,"{""free_energy"": -7.3, ""intermolecular_energy"": -8.5, ""internal_energy"": -0.98, ""cluster_size"": 41, ""cluster_id"": 1, ""rank_in_cluster"": 38}",-7.17,1.54,2,C[C@H](NC(=O)c1cc2c(=O)n3ccccc3nc2[nH]c1=N)c1ccccc1
395,C[C@H](NC(=O)c1cc2c(=O)n3ccccc3nc2[nH]c1=N)c1ccccc1,oracle,autodockgpu,-8.05,energy,4.973685264347495,4.973685264347495,"{""free_energy"": -7.67, ""intermolecular_energy"": -8.86, ""internal_energy"": -0.65, ""cluster_size"": 41, ""cluster_id"": 1, ""rank_in_cluster"": 26}",-7.12,1.7,2,C[C@H](NC(=O)c1cc2c(=O)n3ccccc3nc2[nH]c1=N)c1ccccc1
396,C[C@H](NC(=O)c1cc2c(=O)n3ccccc3nc2[nH]c1=N)c1ccccc1,oracle,autodockgpu,-8.05,energy,4.9848621526819406,4.9848621526819406,"{""free_energy"": -7.33, ""intermolecular_energy"": -8.53, ""internal_energy"": -0.98, ""cluster_size"": 41, ""cluster_id"": 1, ""rank_in_cluster"": 33}",-7.1,1.62,2,C[C@H](NC(=O)c1cc2c(=O)n3ccccc3nc2[nH]c1=N)c1ccccc1
397,C[C@H](NC(=O)c1cc2c(=O)n3ccccc3nc2[nH]c1=N)c1ccccc1,oracle,autodockgpu,-8.05,energy,5.1756240256268775,5.1756240256268775,"{""free_energy"": -7.65, ""intermolecular_energy"": -8.85, ""internal_energy"": -0.4, ""cluster_size"": 41, ""cluster_id"": 1, ""rank_in_cluster"": 28}",-7.1,0.43,2,C[C@H](NC(=O)c1cc2c(=O)n3ccccc3nc2[nH]c1=N)c1ccccc1
398,C[C@H](NC(=O)c1cc2c(=O)n3ccccc3nc2[nH]c1=N)c1ccccc1,oracle,autodockgpu,-8.05,energy,4.515421044654995,4.515421044654995,"{""free_energy"": -7.66, ""intermolecular_energy"": -8.86, ""internal_energy"": -0.66, ""cluster_size"": 41, ""cluster_id"": 1, ""rank_in_cluster"": 27}",-7.09,1.66,2,C[C@H](NC(=O)c1cc2c(=O)n3ccccc3nc2[nH]c1=N)c1ccccc1
399,C[C@H](NC(=O)c1cc2c(=O)n3ccccc3nc2[nH]c1=N)c1ccccc1,oracle,autodockgpu,-8.05,energy,4.349465138400284,4.349465138400284,"{""free_energy"": -7.12, ""intermolecular_energy"": -8.31, ""internal_energy"": -0.96, ""cluster_size"": 9, ""cluster_id"": 2, ""rank_in_cluster"": 5}",-7.05,0.76,2,C[C@H](NC(=O)c1cc2c(=O)n3ccccc3nc2[nH]c1=N)c1ccccc1
400,O=c1c2ccccc2nc(/C=C/c2cccnc2)n1CC1CCCCC1,oracle,autodockgpu,-7.31,energy,4.450052670848786,4.450052670848786,"{""free_energy"": -6.44, ""intermolecular_energy"": -7.94, ""internal_energy"": -1.94, ""cluster_size"": 16, ""cluster_id"": 5, ""rank_in_cluster"": 13}",-7.31,0.0,1,O=c1c2ccccc2nc(/C=C/c2cccnc2)n1CC1CCCCC1
401,O=c1c2ccccc2nc(/C=C/c2cccnc2)n1CC1CCCCC1,oracle,autodockgpu,-7.31,energy,12.859166592077182,12.859166592077182,"{""free_energy"": -7.05, ""intermolecular_energy"": -8.54, ""internal_energy"": -1.44, ""cluster_size"": 9, ""cluster_id"": 1, ""rank_in_cluster"": 8}",-7.28,0.12,1,O=c1c2ccccc2nc(/C=C\c2cccnc2)n1CC1CCCCC1
402,O=c1c2ccccc2nc(/C=C/c2cccnc2)n1CC1CCCCC1,oracle,autodockgpu,-7.31,energy,3.9891834101368864,3.9891834101368864,"{""free_energy"": -6.45, ""intermolecular_energy"": -7.95, ""internal_energy"": -1.85, ""cluster_size"": 16, ""cluster_id"": 5, ""rank_in_cluster"": 10}",-7.27,0.12,1,O=c1c2ccccc2nc(/C=C/c2cccnc2)n1CC1CCCCC1
403,O=c1c2ccccc2nc(/C=C/c2cccnc2)n1CC1CCCCC1,oracle,autodockgpu,-7.31,energy,10.331834590705578,10.331834590705578,"{""free_energy"": -7.24, ""intermolecular_energy"": -8.73, ""internal_energy"": -1.38, ""cluster_size"": 17, ""cluster_id"": 2, ""rank_in_cluster"": 1}",-7.26,0.28,1,O=c1c2ccccc2nc(/C=C\c2cccnc2)n1CC1CCCCC1
404,O=c1c2ccccc2nc(/C=C/c2cccnc2)n1CC1CCCCC1,oracle,autodockgpu,-7.31,energy,4.482735022756132,4.482735022756132,"{""free_energy"": -6.44, ""intermolecular_energy"": -7.93, ""internal_energy"": -1.95, ""cluster_size"": 16, ""cluster_id"": 5, ""rank_in_cluster"": 15}",-7.23,0.36,1,O=c1c2ccccc2nc(/C=C/c2cccnc2)n1CC1CCCCC1
405,O=c1c2ccccc2nc(/C=C/c2cccnc2)n1CC1CCCCC1,oracle,autodockgpu,-7.31,energy,10.361321578215797,10.361321578215797,"{""free_energy"": -7.21, ""intermolecular_energy"": -8.7, ""internal_energy"": -1.39, ""cluster_size"": 17, ""cluster_id"": 2, ""rank_in_cluster"": 13}",-7.13,0.72,1,O=c1c2ccccc2nc(/C=C\c2cccnc2)n1CC1CCCCC1
406,O=c1c2ccccc2nc(/C=C/c2cccnc2)n1CC1CCCCC1,oracle,autodockgpu,-7.31,energy,12.748050776478072,12.748050776478072,"{""free_energy"": -7.28, ""intermolecular_energy"": -8.77, ""internal_energy"": -1.23, ""cluster_size"": 9, ""cluster_id"": 1, ""rank_in_cluster"": 2}",-7.08,0.71,1,O=c1c2ccccc2nc(/C=C/c2cccnc2)n1CC1CCCCC1
407,O=c1c2ccccc2nc(/C=C/c2cccnc2)n1CC1CCCCC1,oracle,autodockgpu,-7.31,energy,10.311672401696441,10.311672401696441,"{""free_energy"": -7.21, ""intermolecular_energy"": -8.7, ""internal_energy"": -1.38, ""cluster_size"": 17, ""cluster_id"": 2, ""rank_in_cluster"": 15}",-7.05,1.63,1,O=c1c2ccccc2nc(/C=C\c2cccnc2)n1CC1CCCCC1
408,O=c1c2ccccc2nc(/C=C/c2cccnc2)n1CC1CCCCC1,oracle,autodockgpu,-7.31,energy,10.730970137802244,10.730970137802244,"{""free_energy"": -6.84, ""intermolecular_energy"": -8.34, ""internal_energy"": -1.53, ""cluster_size"": 17, ""cluster_id"": 2, ""rank_in_cluster"": 17}",-7.01,1.71,1,O=c1c2ccccc2nc(/C=C\c2cccnc2)n1CC1CCCCC1
409,O=c1c2ccccc2nc(/C=C/c2cccnc2)n1CC1CCCCC1,oracle,autodockgpu,-7.31,energy,10.304518765296477,10.304518765296477,"{""free_energy"": -7.23, ""intermolecular_energy"": -8.72, ""internal_energy"": -1.37, ""cluster_size"": 17, ""cluster_id"": 2, ""rank_in_cluster"": 5}",-7.24,0.0,2,O=c1c2ccccc2nc(/C=C\c2cccnc2)n1CC1CCCCC1
410,O=c1c2ccccc2nc(/C=C/c2cccnc2)n1CC1CCCCC1,oracle,autodockgpu,-7.31,energy,12.55093195017849,12.55093195017849,"{""free_energy"": -7.23, ""intermolecular_energy"": -8.72, ""internal_energy"": -1.3, ""cluster_size"": 9, ""cluster_id"": 1, ""rank_in_cluster"": 5}",-7.23,0.06,2,O=c1c2ccccc2nc(/C=C/c2cccnc2)n1CC1CCCCC1
411,O=c1c2ccccc2nc(/C=C/c2cccnc2)n1CC1CCCCC1,oracle,autodockgpu,-7.31,energy,4.3386127873311136,4.3386127873311136,"{""free_energy"": -6.49, ""intermolecular_energy"": -7.98, ""internal_energy"": -1.92, ""cluster_size"": 16, ""cluster_id"": 5, ""rank_in_cluster"": 9}",-7.23,0.18,2,O=c1c2ccccc2nc(/C=C/c2cccnc2)n1CC1CCCCC1
412,O=c1c2ccccc2nc(/C=C/c2cccnc2)n1CC1CCCCC1,oracle,autodockgpu,-7.31,energy,12.739457584389,12.739457584389,"{""free_energy"": -7.31, ""intermolecular_energy"": -8.8, ""internal_energy"": -1.23, ""cluster_size"": 9, ""cluster_id"": 1, ""rank_in_cluster"": 1}",-7.23,0.13,2,O=c1c2ccccc2nc(/C=C/c2cccnc2)n1CC1CCCCC1
413,O=c1c2ccccc2nc(/C=C/c2cccnc2)n1CC1CCCCC1,oracle,autodockgpu,-7.31,energy,10.31877361677732,10.31877361677732,"{""free_energy"": -7.23, ""intermolecular_energy"": -8.72, ""internal_energy"": -1.38, ""cluster_size"": 17, ""cluster_id"": 2, ""rank_in_cluster"": 2}",-7.23,0.18,2,O=c1c2ccccc2nc(/C=C\c2cccnc2)n1CC1CCCCC1
414,O=c1c2ccccc2nc(/C=C/c2cccnc2)n1CC1CCCCC1,oracle,autodockgpu,-7.31,energy,7.667196836687695,7.667196836687695,"{""free_energy"": -7.02, ""intermolecular_energy"": -8.51, ""internal_energy"": -1.57, ""cluster_size"": 4, ""cluster_id"": 4, ""rank_in_cluster"": 3}",-7.23,0.03,2,O=c1c2ccccc2nc(/C=C\c2cccnc2)n1CC1CCCCC1
415,O=c1c2ccccc2nc(/C=C/c2cccnc2)n1CC1CCCCC1,oracle,autodockgpu,-7.31,energy,10.32916349852479,10.32916349852479,"{""free_energy"": -7.21, ""intermolecular_energy"": -8.7, ""internal_energy"": -1.39, ""cluster_size"": 17, ""cluster_id"": 2, ""rank_in_cluster"": 12}",-7.22,0.05,2,O=c1c2ccccc2nc(/C=C\c2cccnc2)n1CC1CCCCC1
416,O=c1c2ccccc2nc(/C=C/c2cccnc2)n1CC1CCCCC1,oracle,autodockgpu,-7.31,energy,4.481222601667543,4.481222601667543,"{""free_energy"": -6.45, ""intermolecular_energy"": -7.94, ""internal_energy"": -1.93, ""cluster_size"": 16, ""cluster_id"": 5, ""rank_in_cluster"": 11}",-7.22,0.12,2,O=c1c2ccccc2nc(/C=C/c2cccnc2)n1CC1CCCCC1
417,O=c1c2ccccc2nc(/C=C/c2cccnc2)n1CC1CCCCC1,oracle,autodockgpu,-7.31,energy,10.327617301991367,10.327617301991367,"{""free_energy"": -7.22, ""intermolecular_energy"": -8.71, ""internal_energy"": -1.38, ""cluster_size"": 17, ""cluster_id"": 2, ""rank_in_cluster"": 8}",-7.22,0.07,2,O=c1c2ccccc2nc(/C=C\c2cccnc2)n1CC1CCCCC1
418,O=c1c2ccccc2nc(/C=C/c2cccnc2)n1CC1CCCCC1,oracle,autodockgpu,-7.31,energy,4.4446841785953275,4.4446841785953275,"{""free_energy"": -6.53, ""intermolecular_energy"": -8.02, ""internal_energy"": -1.95, ""cluster_size"": 16, ""cluster_id"": 5, ""rank_in_cluster"": 8}",-7.22,0.08,2,O=c1c2ccccc2nc(/C=C\c2cccnc2)n1CC1CCCCC1
419,O=c1c2ccccc2nc(/C=C/c2cccnc2)n1CC1CCCCC1,oracle,autodockgpu,-7.31,energy,12.934568485109686,12.934568485109686,"{""free_energy"": -7.01, ""intermolecular_energy"": -8.51, ""internal_energy"": -1.34, ""cluster_size"": 9, ""cluster_id"": 1, ""rank_in_cluster"": 9}",-7.21,0.1,2,O=c1c2ccccc2nc(/C=C/c2cccnc2)n1CC1CCCCC1
420,O=c1c2ccccc2nc(/C=C/c2cccnc2)n1CC1CCCCC1,oracle,autodockgpu,-7.31,energy,4.537352023742419,4.537352023742419,"{""free_energy"": -6.44, ""intermolecular_energy"": -7.93, ""internal_energy"": -1.85, ""cluster_size"": 3, ""cluster_id"": 6, ""rank_in_cluster"": 2}",-7.21,0.07,2,O=c1c2ccccc2nc(/C=C/c2cccnc2)n1CC1CCCCC1
421,O=c1c2ccccc2nc(/C=C/c2cccnc2)n1CC1CCCCC1,oracle,autodockgpu,-7.31,energy,7.676584739109035,7.676584739109035,"{""free_energy"": -7.06, ""intermolecular_energy"": -8.55, ""internal_energy"": -1.48, ""cluster_size"": 4, ""cluster_id"": 4, ""rank_in_cluster"": 1}",-7.21,0.05,2,O=c1c2ccccc2nc(/C=C/c2cccnc2)n1CC1CCCCC1
422,O=c1c2ccccc2nc(/C=C/c2cccnc2)n1CC1CCCCC1,oracle,autodockgpu,-7.31,energy,10.296642617726688,10.296642617726688,"{""free_energy"": -7.23, ""intermolecular_energy"": -8.72, ""internal_energy"": -1.38, ""cluster_size"": 17, ""cluster_id"": 2, ""rank_in_cluster"": 3}",-7.21,0.06,2,O=c1c2ccccc2nc(/C=C\c2cccnc2)n1CC1CCCCC1
423,O=c1c2ccccc2nc(/C=C/c2cccnc2)n1CC1CCCCC1,oracle,autodockgpu,-7.31,energy,10.312871516574813,10.312871516574813,"{""free_energy"": -7.22, ""intermolecular_energy"": -8.71, ""internal_energy"": -1.39, ""cluster_size"": 17, ""cluster_id"": 2, ""rank_in_cluster"": 9}",-7.21,0.21,2,O=c1c2ccccc2nc(/C=C\c2cccnc2)n1CC1CCCCC1
424,O=c1c2ccccc2nc(/C=C/c2cccnc2)n1CC1CCCCC1,oracle,autodockgpu,-7.31,energy,10.331883640010428,10.331883640010428,"{""free_energy"": -7.21, ""intermolecular_energy"": -8.7, ""internal_energy"": -1.39, ""cluster_size"": 17, ""cluster_id"": 2, ""rank_in_cluster"": 11}",-7.18,0.06,2,O=c1c2ccccc2nc(/C=C\c2cccnc2)n1CC1CCCCC1
425,O=c1c2ccccc2nc(/C=C/c2cccnc2)n1CC1CCCCC1,oracle,autodockgpu,-7.31,energy,4.416312782692528,4.416312782692528,"{""free_energy"": -6.54, ""intermolecular_energy"": -8.03, ""internal_energy"": -1.94, ""cluster_size"": 16, ""cluster_id"": 5, ""rank_in_cluster"": 6}",-6.84,0.45,2,O=c1c2ccccc2nc(/C=C/c2cccnc2)n1CC1CCCCC1
426,O=c1c2ccccc2nc(/C=C/c2cccnc2)n1CC1CCCCC1,oracle,autodockgpu,-7.31,energy,5.0259649603509935,5.0259649603509935,"{""free_energy"": -7.08, ""intermolecular_energy"": -8.58, ""internal_energy"": -1.42, ""cluster_size"": 1, ""cluster_id"": 3, ""rank_in_cluster"": 1}",-7.08,0.0,3,O=c1c2ccccc2nc(/C=C\c2cccnc2)n1CC1CCCCC1
427,O=c1c2ccccc2nc(/C=C/c2cccnc2)n1CC1CCCCC1,oracle,autodockgpu,-7.31,energy,7.671850788400888,7.671850788400888,"{""free_energy"": -7.03, ""intermolecular_energy"": -8.53, ""internal_energy"": -1.54, ""cluster_size"": 4, ""cluster_id"": 4, ""rank_in_cluster"": 2}",-7.06,0.0,4,O=c1c2ccccc2nc(/C=C\c2cccnc2)n1CC1CCCCC1
428,O=c1c2ccccc2nc(/C=C/c2cccnc2)n1CC1CCCCC1,oracle,autodockgpu,-7.31,energy,12.77643524867096,12.77643524867096,"{""free_energy"": -7.13, ""intermolecular_energy"": -8.62, ""internal_energy"": -1.33, ""cluster_size"": 9, ""cluster_id"": 1, ""rank_in_cluster"": 6}",-7.03,0.17,4,O=c1c2ccccc2nc(/C=C/c2cccnc2)n1CC1CCCCC1
429,O=c1c2ccccc2nc(/C=C/c2cccnc2)n1CC1CCCCC1,oracle,autodockgpu,-7.31,energy,4.500210559253033,4.500210559253033,"{""free_energy"": -6.55, ""intermolecular_energy"": -8.04, ""internal_energy"": -1.91, ""cluster_size"": 16, ""cluster_id"": 5, ""rank_in_cluster"": 2}",-7.02,0.38,4,O=c1c2ccccc2nc(/C=C/c2cccnc2)n1CC1CCCCC1
430,O=c1c2ccccc2nc(/C=C/c2cccnc2)n1CC1CCCCC1,oracle,autodockgpu,-7.31,energy,12.724771975472574,12.724771975472574,"{""free_energy"": -7.26, ""intermolecular_energy"": -8.75, ""internal_energy"": -1.28, ""cluster_size"": 9, ""cluster_id"": 1, ""rank_in_cluster"": 4}",-6.94,0.32,4,O=c1c2ccccc2nc(/C=C\c2cccnc2)n1CC1CCCCC1
431,O=c1c2ccccc2nc(/C=C/c2cccnc2)n1CC1CCCCC1,oracle,autodockgpu,-7.31,energy,4.4557140537590225,4.4557140537590225,"{""free_energy"": -6.45, ""intermolecular_energy"": -7.94, ""internal_energy"": -1.94, ""cluster_size"": 16, ""cluster_id"": 5, ""rank_in_cluster"": 12}",-6.55,0.0,5,O=c1c2ccccc2nc(/C=C/c2cccnc2)n1CC1CCCCC1
432,O=c1c2ccccc2nc(/C=C/c2cccnc2)n1CC1CCCCC1,oracle,autodockgpu,-7.31,energy,10.33290370637279,10.33290370637279,"{""free_energy"": -7.22, ""intermolecular_energy"": -8.72, ""internal_energy"": -1.38, ""cluster_size"": 17, ""cluster_id"": 2, ""rank_in_cluster"": 7}",-6.55,0.23,5,O=c1c2ccccc2nc(/C=C\c2cccnc2)n1CC1CCCCC1
433,O=c1c2ccccc2nc(/C=C/c2cccnc2)n1CC1CCCCC1,oracle,autodockgpu,-7.31,energy,12.695311076807263,12.695311076807263,"{""free_energy"": -7.08, ""intermolecular_energy"": -8.57, ""internal_energy"": -1.38, ""cluster_size"": 9, ""cluster_id"": 1, ""rank_in_cluster"": 7}",-6.55,0.18,5,O=c1c2ccccc2nc(/C=C\c2cccnc2)n1CC1CCCCC1
434,O=c1c2ccccc2nc(/C=C/c2cccnc2)n1CC1CCCCC1,oracle,autodockgpu,-7.31,energy,10.328698774590896,10.328698774590896,"{""free_energy"": -7.23, ""intermolecular_energy"": -8.72, ""internal_energy"": -1.38, ""cluster_size"": 17, ""cluster_id"": 2, ""rank_in_cluster"": 6}",-6.54,0.05,5,O=c1c2ccccc2nc(/C=C\c2cccnc2)n1CC1CCCCC1
435,O=c1c2ccccc2nc(/C=C/c2cccnc2)n1CC1CCCCC1,oracle,autodockgpu,-7.31,energy,10.331957718414126,10.331957718414126,"{""free_energy"": -7.21, ""intermolecular_energy"": -8.7, ""internal_energy"": -1.39, ""cluster_size"": 17, ""cluster_id"": 2, ""rank_in_cluster"": 14}",-6.54,0.07,5,O=c1c2ccccc2nc(/C=C\c2cccnc2)n1CC1CCCCC1
436,O=c1c2ccccc2nc(/C=C/c2cccnc2)n1CC1CCCCC1,oracle,autodockgpu,-7.31,energy,4.454979856285761,4.454979856285761,"{""free_energy"": -6.44, ""intermolecular_energy"": -7.93, ""internal_energy"": -1.93, ""cluster_size"": 16, ""cluster_id"": 5, ""rank_in_cluster"": 14}",-6.54,0.06,5,O=c1c2ccccc2nc(/C=C/c2cccnc2)n1CC1CCCCC1
437,O=c1c2ccccc2nc(/C=C/c2cccnc2)n1CC1CCCCC1,oracle,autodockgpu,-7.31,energy,4.502515030685427,4.502515030685427,"{""free_energy"": -6.55, ""intermolecular_energy"": -8.04, ""internal_energy"": -1.9, ""cluster_size"": 16, ""cluster_id"": 5, ""rank_in_cluster"": 3}",-6.53,0.05,5,O=c1c2ccccc2nc(/C=C/c2cccnc2)n1CC1CCCCC1
438,O=c1c2ccccc2nc(/C=C/c2cccnc2)n1CC1CCCCC1,oracle,autodockgpu,-7.31,energy,4.508628322093956,4.508628322093956,"{""free_energy"": -6.44, ""intermolecular_energy"": -7.93, ""internal_energy"": -1.88, ""cluster_size"": 3, ""cluster_id"": 6, ""rank_in_cluster"": 1}",-6.53,0.11,5,O=c1c2ccccc2nc(/C=C/c2cccnc2)n1CC1CCCCC1
439,O=c1c2ccccc2nc(/C=C/c2cccnc2)n1CC1CCCCC1,oracle,autodockgpu,-7.31,energy,12.70602698713909,12.70602698713909,"{""free_energy"": -7.27, ""intermolecular_energy"": -8.76, ""internal_energy"": -1.23, ""cluster_size"": 9, ""cluster_id"": 1, ""rank_in_cluster"": 3}",-6.49,0.22,5,O=c1c2ccccc2nc(/C=C/c2cccnc2)n1CC1CCCCC1
440,O=c1c2ccccc2nc(/C=C/c2cccnc2)n1CC1CCCCC1,oracle,autodockgpu,-7.31,energy,3.914461202251895,3.914461202251895,"{""free_energy"": -6.4, ""intermolecular_energy"": -7.89, ""internal_energy"": -1.92, ""cluster_size"": 16, ""cluster_id"": 5, ""rank_in_cluster"": 16}",-6.45,0.92,5,O=c1c2ccccc2nc(/C=C/c2cccnc2)n1CC1CCCCC1
441,O=c1c2ccccc2nc(/C=C/c2cccnc2)n1CC1CCCCC1,oracle,autodockgpu,-7.31,energy,4.454496846867553,4.454496846867553,"{""free_energy"": -6.55, ""intermolecular_energy"": -8.04, ""internal_energy"": -1.93, ""cluster_size"": 16, ""cluster_id"": 5, ""rank_in_cluster"": 1}",-6.45,0.55,5,O=c1c2ccccc2nc(/C=C/c2cccnc2)n1CC1CCCCC1
442,O=c1c2ccccc2nc(/C=C/c2cccnc2)n1CC1CCCCC1,oracle,autodockgpu,-7.31,energy,4.437586764868737,4.437586764868737,"{""free_energy"": -6.54, ""intermolecular_energy"": -8.03, ""internal_energy"": -1.92, ""cluster_size"": 16, ""cluster_id"": 5, ""rank_in_cluster"": 5}",-6.45,0.53,5,O=c1c2ccccc2nc(/C=C/c2cccnc2)n1CC1CCCCC1
443,O=c1c2ccccc2nc(/C=C/c2cccnc2)n1CC1CCCCC1,oracle,autodockgpu,-7.31,energy,10.35175339221865,10.35175339221865,"{""free_energy"": -7.22, ""intermolecular_energy"": -8.71, ""internal_energy"": -1.39, ""cluster_size"": 17, ""cluster_id"": 2, ""rank_in_cluster"": 10}",-6.44,0.53,5,O=c1c2ccccc2nc(/C=C\c2cccnc2)n1CC1CCCCC1
444,O=c1c2ccccc2nc(/C=C/c2cccnc2)n1CC1CCCCC1,oracle,autodockgpu,-7.31,energy,10.30299854189964,10.30299854189964,"{""free_energy"": -7.18, ""intermolecular_energy"": -8.67, ""internal_energy"": -1.38, ""cluster_size"": 17, ""cluster_id"": 2, ""rank_in_cluster"": 16}",-6.44,0.55,5,O=c1c2ccccc2nc(/C=C\c2cccnc2)n1CC1CCCCC1
445,O=c1c2ccccc2nc(/C=C/c2cccnc2)n1CC1CCCCC1,oracle,autodockgpu,-7.31,energy,10.292760150633052,10.292760150633052,"{""free_energy"": -7.23, ""intermolecular_energy"": -8.72, ""internal_energy"": -1.38, ""cluster_size"": 17, ""cluster_id"": 2, ""rank_in_cluster"": 4}",-6.44,0.53,5,O=c1c2ccccc2nc(/C=C\c2cccnc2)n1CC1CCCCC1
446,O=c1c2ccccc2nc(/C=C/c2cccnc2)n1CC1CCCCC1,oracle,autodockgpu,-7.31,energy,4.502236214049715,4.502236214049715,"{""free_energy"": -6.42, ""intermolecular_energy"": -7.91, ""internal_energy"": -1.91, ""cluster_size"": 3, ""cluster_id"": 6, ""rank_in_cluster"": 3}",-6.4,0.87,5,O=c1c2ccccc2nc(/C=C/c2cccnc2)n1CC1CCCCC1
447,O=c1c2ccccc2nc(/C=C/c2cccnc2)n1CC1CCCCC1,oracle,autodockgpu,-7.31,energy,4.43678788500849,4.43678788500849,"{""free_energy"": -6.54, ""intermolecular_energy"": -8.03, ""internal_energy"": -1.92, ""cluster_size"": 16, ""cluster_id"": 5, ""rank_in_cluster"": 4}",-6.44,0.0,6,O=c1c2ccccc2nc(/C=C/c2cccnc2)n1CC1CCCCC1
448,O=c1c2ccccc2nc(/C=C/c2cccnc2)n1CC1CCCCC1,oracle,autodockgpu,-7.31,energy,4.4493457436095625,4.4493457436095625,"{""free_energy"": -6.53, ""intermolecular_energy"": -8.02, ""internal_energy"": -1.93, ""cluster_size"": 16, ""cluster_id"": 5, ""rank_in_cluster"": 7}",-6.44,0.59,6,O=c1c2ccccc2nc(/C=C/c2cccnc2)n1CC1CCCCC1
449,O=c1c2ccccc2nc(/C=C/c2cccnc2)n1CC1CCCCC1,oracle,autodockgpu,-7.31,energy,7.65489555416845,7.65489555416845,"{""free_energy"": -6.94, ""intermolecular_energy"": -8.43, ""internal_energy"": -1.58, ""cluster_size"": 4, ""cluster_id"": 4, ""rank_in_cluster"": 4}",-6.42,0.09,6,O=c1c2ccccc2nc(/C=C\c2cccnc2)n1CC1CCCCC1
450,O=S(=O)(Cc1ccccc1)N1Cc2ccccc2C1c1c[nH]c2ccccc12,oracle,autodockgpu,-7.54,energy,7.774370094531045,7.774370094531045,"{""free_energy"": -7.44, ""intermolecular_energy"": -8.63, ""internal_energy"": -1.73, ""cluster_size"": 25, ""cluster_id"": 1, ""rank_in_cluster"": 14}",-7.54,0.0,1,O=S(=O)(Cc1ccccc1)N1Cc2ccccc2[C@@H]1c1c[nH]c2ccccc12
451,O=S(=O)(Cc1ccccc1)N1Cc2ccccc2C1c1c[nH]c2ccccc12,oracle,autodockgpu,-7.54,energy,7.760440098571841,7.760440098571841,"{""free_energy"": -7.54, ""intermolecular_energy"": -8.73, ""internal_energy"": -1.59, ""cluster_size"": 25, ""cluster_id"": 1, ""rank_in_cluster"": 2}",-7.54,0.36,1,O=S(=O)(Cc1ccccc1)N1Cc2ccccc2[C@@H]1c1c[nH]c2ccccc12
452,O=S(=O)(Cc1ccccc1)N1Cc2ccccc2C1c1c[nH]c2ccccc12,oracle,autodockgpu,-7.54,energy,4.542515335474425,4.542515335474425,"{""free_energy"": -6.25, ""intermolecular_energy"": -7.45, ""internal_energy"": -2.6, ""cluster_size"": 17, ""cluster_id"": 5, ""rank_in_cluster"": 14}",-7.53,0.05,1,O=S(=O)(Cc1ccccc1)N1Cc2ccccc2[C@@H]1c1c[nH]c2ccccc12
453,O=S(=O)(Cc1ccccc1)N1Cc2ccccc2C1c1c[nH]c2ccccc12,oracle,autodockgpu,-7.54,energy,7.86481549286338,7.86481549286338,"{""free_energy"": -7.53, ""intermolecular_energy"": -8.72, ""internal_energy"": -1.63, ""cluster_size"": 25, ""cluster_id"": 1, ""rank_in_cluster"": 3}",-7.53,0.04,1,O=S(=O)(Cc1ccccc1)N1Cc2ccccc2[C@@H]1c1c[nH]c2ccccc12
454,O=S(=O)(Cc1ccccc1)N1Cc2ccccc2C1c1c[nH]c2ccccc12,oracle,autodockgpu,-7.54,energy,7.71605295417728,7.71605295417728,"{""free_energy"": -7.46, ""intermolecular_energy"": -8.66, ""internal_energy"": -1.7, ""cluster_size"": 25, ""cluster_id"": 1, ""rank_in_cluster"": 10}",-7.51,0.35,1,O=S(=O)(Cc1ccccc1)N1Cc2ccccc2[C@@H]1c1c[nH]c2ccccc12
455,O=S(=O)(Cc1ccccc1)N1Cc2ccccc2C1c1c[nH]c2ccccc12,oracle,autodockgpu,-7.54,energy,7.866035907893563,7.866035907893563,"{""free_energy"": -7.54, ""intermolecular_energy"": -8.74, ""internal_energy"": -1.61, ""cluster_size"": 25, ""cluster_id"": 1, ""rank_in_cluster"": 1}",-7.49,0.75,1,O=S(=O)(Cc1ccccc1)N1Cc2ccccc2[C@@H]1c1c[nH]c2ccccc12
456,O=S(=O)(Cc1ccccc1)N1Cc2ccccc2C1c1c[nH]c2ccccc12,oracle,autodockgpu,-7.54,energy,8.001032018862613,8.001032018862613,"{""free_energy"": -7.38, ""intermolecular_energy"": -8.57, ""internal_energy"": -1.63, ""cluster_size"": 25, ""cluster_id"": 1, ""rank_in_cluster"": 21}",-7.49,0.63,1,O=S(=O)(Cc1ccccc1)N1Cc2ccccc2[C@@H]1c1c[nH]c2ccccc12
457,O=S(=O)(Cc1ccccc1)N1Cc2ccccc2C1c1c[nH]c2ccccc12,oracle,autodockgpu,-7.54,energy,5.211283318592945,5.211283318592945,"{""free_energy"": -6.56, ""intermolecular_energy"": -7.75, ""internal_energy"": -2.27, ""cluster_size"": 5, ""cluster_id"": 4, ""rank_in_cluster"": 3}",-7.48,0.64,1,O=S(=O)(Cc1ccccc1)N1Cc2ccccc2[C@@H]1c1c[nH]c2ccccc12
458,O=S(=O)(Cc1ccccc1)N1Cc2ccccc2C1c1c[nH]c2ccccc12,oracle,autodockgpu,-7.54,energy,5.286406325368389,5.286406325368389,"{""free_energy"": -6.55, ""intermolecular_energy"": -7.74, ""internal_energy"": -2.28, ""cluster_size"": 5, ""cluster_id"": 4, ""rank_in_cluster"": 5}",-7.47,0.38,1,O=S(=O)(Cc1ccccc1)N1Cc2ccccc2[C@@H]1c1c[nH]c2ccccc12
459,O=S(=O)(Cc1ccccc1)N1Cc2ccccc2C1c1c[nH]c2ccccc12,oracle,autodockgpu,-7.54,energy,4.56181451384418,4.56181451384418,"{""free_energy"": -6.26, ""intermolecular_energy"": -7.45, ""internal_energy"": -2.61, ""cluster_size"": 17, ""cluster_id"": 5, ""rank_in_cluster"": 10}",-7.46,0.64,1,O=S(=O)(Cc1ccccc1)N1Cc2ccccc2[C@@H]1c1c[nH]c2ccccc12
460,O=S(=O)(Cc1ccccc1)N1Cc2ccccc2C1c1c[nH]c2ccccc12,oracle,autodockgpu,-7.54,energy,10.754725870585313,10.754725870585313,"{""free_energy"": -7.32, ""intermolecular_energy"": -8.51, ""internal_energy"": -1.56, ""cluster_size"": 2, ""cluster_id"": 2, ""rank_in_cluster"": 2}",-7.46,0.63,1,O=S(=O)(Cc1ccccc1)N1Cc2ccccc2[C@@H]1c1c[nH]c2ccccc12
461,O=S(=O)(Cc1ccccc1)N1Cc2ccccc2C1c1c[nH]c2ccccc12,oracle,autodockgpu,-7.54,energy,4.532904058044481,4.532904058044481,"{""free_energy"": -6.26, ""intermolecular_energy"": -7.45, ""internal_energy"": -2.62, ""cluster_size"": 17, ""cluster_id"": 5, ""rank_in_cluster"": 12}",-7.44,0.62,1,O=S(=O)(Cc1ccccc1)N1Cc2ccccc2[C@@H]1c1c[nH]c2ccccc12
462,O=S(=O)(Cc1ccccc1)N1Cc2ccccc2C1c1c[nH]c2ccccc12,oracle,autodockgpu,-7.54,energy,5.3072559979374185,5.3072559979374185,"{""free_energy"": -6.55, ""intermolecular_energy"": -7.74, ""internal_energy"": -2.28, ""cluster_size"": 25, ""cluster_id"": 1, ""rank_in_cluster"": 24}",-7.44,0.62,1,O=S(=O)(Cc1ccccc1)N1Cc2ccccc2[C@@H]1c1c[nH]c2ccccc12
463,O=S(=O)(Cc1ccccc1)N1Cc2ccccc2C1c1c[nH]c2ccccc12,oracle,autodockgpu,-7.54,energy,4.552674824769258,4.552674824769258,"{""free_energy"": -6.27, ""intermolecular_energy"": -7.46, ""internal_energy"": -2.62, ""cluster_size"": 17, ""cluster_id"": 5, ""rank_in_cluster"": 3}",-7.44,0.61,1,O=S(=O)(Cc1ccccc1)N1Cc2ccccc2[C@@H]1c1c[nH]c2ccccc12
464,O=S(=O)(Cc1ccccc1)N1Cc2ccccc2C1c1c[nH]c2ccccc12,oracle,autodockgpu,-7.54,energy,6.484502049586268,6.484502049586268,"{""free_energy"": -7.19, ""intermolecular_energy"": -8.38, ""internal_energy"": -1.42, ""cluster_size"": 1, ""cluster_id"": 3, ""rank_in_cluster"": 1}",-7.43,0.45,1,O=S(=O)(Cc1ccccc1)N1Cc2ccccc2[C@@H]1c1c[nH]c2ccccc12
465,O=S(=O)(Cc1ccccc1)N1Cc2ccccc2C1c1c[nH]c2ccccc12,oracle,autodockgpu,-7.54,energy,7.869336135133679,7.869336135133679,"{""free_energy"": -7.4, ""intermolecular_energy"": -8.59, ""internal_energy"": -1.68, ""cluster_size"": 25, ""cluster_id"": 1, ""rank_in_cluster"": 20}",-7.42,0.63,1,O=S(=O)(Cc1ccccc1)N1Cc2ccccc2[C@@H]1c1c[nH]c2ccccc12
466,O=S(=O)(Cc1ccccc1)N1Cc2ccccc2C1c1c[nH]c2ccccc12,oracle,autodockgpu,-7.54,energy,7.735331266185078,7.735331266185078,"{""free_energy"": -7.46, ""intermolecular_energy"": -8.65, ""internal_energy"": -1.69, ""cluster_size"": 25, ""cluster_id"": 1, ""rank_in_cluster"": 11}",-7.42,0.38,1,O=S(=O)(Cc1ccccc1)N1Cc2ccccc2[C@@H]1c1c[nH]c2ccccc12
467,O=S(=O)(Cc1ccccc1)N1Cc2ccccc2C1c1c[nH]c2ccccc12,oracle,autodockgpu,-7.54,energy,4.529116602078121,4.529116602078121,"{""free_energy"": -6.26, ""intermolecular_energy"": -7.45, ""internal_energy"": -2.6, ""cluster_size"": 17, ""cluster_id"": 5, ""rank_in_cluster"": 9}",-7.41,0.61,1,O=S(=O)(Cc1ccccc1)N1Cc2ccccc2[C@@H]1c1c[nH]c2ccccc12
468,O=S(=O)(Cc1ccccc1)N1Cc2ccccc2C1c1c[nH]c2ccccc12,oracle,autodockgpu,-7.54,energy,7.777292502224346,7.777292502224346,"{""free_energy"": -7.43, ""intermolecular_energy"": -8.62, ""internal_energy"": -1.68, ""cluster_size"": 25, ""cluster_id"": 1, ""rank_in_cluster"": 15}",-7.4,0.37,1,O=S(=O)(Cc1ccccc1)N1Cc2ccccc2[C@@H]1c1c[nH]c2ccccc12
469,O=S(=O)(Cc1ccccc1)N1Cc2ccccc2C1c1c[nH]c2ccccc12,oracle,autodockgpu,-7.54,energy,4.5412617041686065,4.5412617041686065,"{""free_energy"": -6.26, ""intermolecular_energy"": -7.45, ""internal_energy"": -2.61, ""cluster_size"": 17, ""cluster_id"": 5, ""rank_in_cluster"": 11}",-7.4,0.5,1,O=S(=O)(Cc1ccccc1)N1Cc2ccccc2[C@@H]1c1c[nH]c2ccccc12
470,O=S(=O)(Cc1ccccc1)N1Cc2ccccc2C1c1c[nH]c2ccccc12,oracle,autodockgpu,-7.54,energy,4.5350305962108735,4.5350305962108735,"{""free_energy"": -6.26, ""intermolecular_energy"": -7.45, ""internal_energy"": -2.61, ""cluster_size"": 17, ""cluster_id"": 5, ""rank_in_cluster"": 13}",-7.38,0.2,1,O=S(=O)(Cc1ccccc1)N1Cc2ccccc2[C@@H]1c1c[nH]c2ccccc12
471,O=S(=O)(Cc1ccccc1)N1Cc2ccccc2C1c1c[nH]c2ccccc12,oracle,autodockgpu,-7.54,energy,5.3030921523404695,5.3030921523404695,"{""free_energy"": -6.55, ""intermolecular_energy"": -7.75, ""internal_energy"": -2.29, ""cluster_size"": 25, ""cluster_id"": 1, ""rank_in_cluster"": 23}",-6.56,2.0,1,O=S(=O)(Cc1ccccc1)N1Cc2ccccc2[C@@H]1c1c[nH]c2ccccc12
472,O=S(=O)(Cc1ccccc1)N1Cc2ccccc2C1c1c[nH]c2ccccc12,oracle,autodockgpu,-7.54,energy,7.762824953448365,7.762824953448365,"{""free_energy"": -7.44, ""intermolecular_energy"": -8.64, ""internal_energy"": -1.73, ""cluster_size"": 25, ""cluster_id"": 1, ""rank_in_cluster"": 12}",-6.55,2.0,1,O=S(=O)(Cc1ccccc1)N1Cc2ccccc2[C@@H]1c1c[nH]c2ccccc12
473,O=S(=O)(Cc1ccccc1)N1Cc2ccccc2C1c1c[nH]c2ccccc12,oracle,autodockgpu,-7.54,energy,4.544701385199256,4.544701385199256,"{""free_energy"": -6.25, ""intermolecular_energy"": -7.44, ""internal_energy"": -2.61, ""cluster_size"": 17, ""cluster_id"": 5, ""rank_in_cluster"": 15}",-6.55,1.99,1,O=S(=O)(Cc1ccccc1)N1Cc2ccccc2[C@@H]1c1c[nH]c2ccccc12
474,O=S(=O)(Cc1ccccc1)N1Cc2ccccc2C1c1c[nH]c2ccccc12,oracle,autodockgpu,-7.54,energy,7.750339217000815,7.750339217000815,"{""free_energy"": -7.44, ""intermolecular_energy"": -8.63, ""internal_energy"": -1.72, ""cluster_size"": 25, ""cluster_id"": 1, ""rank_in_cluster"": 13}",-6.54,1.99,1,O=S(=O)(Cc1ccccc1)N1Cc2ccccc2[C@@H]1c1c[nH]c2ccccc12
475,O=S(=O)(Cc1ccccc1)N1Cc2ccccc2C1c1c[nH]c2ccccc12,oracle,autodockgpu,-7.54,energy,5.2370142003350315,5.2370142003350315,"{""free_energy"": -6.56, ""intermolecular_energy"": -7.75, ""internal_energy"": -2.25, ""cluster_size"": 5, ""cluster_id"": 4, ""rank_in_cluster"": 1}",-7.37,0.0,2,O=S(=O)(Cc1ccccc1)N1Cc2ccccc2[C@@H]1c1c[nH]c2ccccc12
476,O=S(=O)(Cc1ccccc1)N1Cc2ccccc2C1c1c[nH]c2ccccc12,oracle,autodockgpu,-7.54,energy,4.560119060687371,4.560119060687371,"{""free_energy"": -6.28, ""intermolecular_energy"": -7.47, ""internal_energy"": -2.61, ""cluster_size"": 17, ""cluster_id"": 5, ""rank_in_cluster"": 2}",-7.32,1.2,2,O=S(=O)(Cc1ccccc1)N1Cc2ccccc2[C@@H]1c1c[nH]c2ccccc12
477,O=S(=O)(Cc1ccccc1)N1Cc2ccccc2C1c1c[nH]c2ccccc12,oracle,autodockgpu,-7.54,energy,7.706163557755085,7.706163557755085,"{""free_energy"": -7.48, ""intermolecular_energy"": -8.67, ""internal_energy"": -1.66, ""cluster_size"": 25, ""cluster_id"": 1, ""rank_in_cluster"": 8}",-7.19,0.0,3,O=S(=O)(Cc1ccccc1)N1Cc2ccccc2[C@@H]1c1c[nH]c2ccccc12
478,O=S(=O)(Cc1ccccc1)N1Cc2ccccc2C1c1c[nH]c2ccccc12,oracle,autodockgpu,-7.54,energy,7.79304756826635,7.79304756826635,"{""free_energy"": -7.47, ""intermolecular_energy"": -8.66, ""internal_energy"": -1.66, ""cluster_size"": 25, ""cluster_id"": 1, ""rank_in_cluster"": 9}",-6.56,0.0,4,O=S(=O)(Cc1ccccc1)N1Cc2ccccc2[C@@H]1c1c[nH]c2ccccc12
479,O=S(=O)(Cc1ccccc1)N1Cc2ccccc2C1c1c[nH]c2ccccc12,oracle,autodockgpu,-7.54,energy,4.555808531559946,4.555808531559946,"{""free_energy"": -6.27, ""intermolecular_energy"": -7.46, ""internal_energy"": -2.62, ""cluster_size"": 17, ""cluster_id"": 5, ""rank_in_cluster"": 5}",-6.56,0.11,4,O=S(=O)(Cc1ccccc1)N1Cc2ccccc2[C@@H]1c1c[nH]c2ccccc12
480,O=S(=O)(Cc1ccccc1)N1Cc2ccccc2C1c1c[nH]c2ccccc12,oracle,autodockgpu,-7.54,energy,7.69254723101304,7.69254723101304,"{""free_energy"": -7.49, ""intermolecular_energy"": -8.68, ""internal_energy"": -1.68, ""cluster_size"": 25, ""cluster_id"": 1, ""rank_in_cluster"": 7}",-6.56,0.04,4,O=S(=O)(Cc1ccccc1)N1Cc2ccccc2[C@@H]1c1c[nH]c2ccccc12
481,O=S(=O)(Cc1ccccc1)N1Cc2ccccc2C1c1c[nH]c2ccccc12,oracle,autodockgpu,-7.54,energy,5.2794621566615545,5.2794621566615545,"{""free_energy"": -6.55, ""intermolecular_energy"": -7.75, ""internal_energy"": -2.28, ""cluster_size"": 5, ""cluster_id"": 4, ""rank_in_cluster"": 4}",-6.55,0.12,4,O=S(=O)(Cc1ccccc1)N1Cc2ccccc2[C@@H]1c1c[nH]c2ccccc12
482,O=S(=O)(Cc1ccccc1)N1Cc2ccccc2C1c1c[nH]c2ccccc12,oracle,autodockgpu,-7.54,energy,7.751031775855735,7.751031775855735,"{""free_energy"": -7.42, ""intermolecular_energy"": -8.61, ""internal_energy"": -1.71, ""cluster_size"": 25, ""cluster_id"": 1, ""rank_in_cluster"": 16}",-6.55,0.11,4,O=S(=O)(Cc1ccccc1)N1Cc2ccccc2[C@@H]1c1c[nH]c2ccccc12
483,O=S(=O)(Cc1ccccc1)N1Cc2ccccc2C1c1c[nH]c2ccccc12,oracle,autodockgpu,-7.54,energy,4.557287249286958,4.557287249286958,"{""free_energy"": -6.25, ""intermolecular_energy"": -7.44, ""internal_energy"": -2.62, ""cluster_size"": 17, ""cluster_id"": 5, ""rank_in_cluster"": 16}",-6.28,0.0,5,O=S(=O)(Cc1ccccc1)N1Cc2ccccc2[C@@H]1c1c[nH]c2ccccc12
484,O=S(=O)(Cc1ccccc1)N1Cc2ccccc2C1c1c[nH]c2ccccc12,oracle,autodockgpu,-7.54,energy,5.2614458386473775,5.2614458386473775,"{""free_energy"": -6.56, ""intermolecular_energy"": -7.75, ""internal_energy"": -2.28, ""cluster_size"": 5, ""cluster_id"": 4, ""rank_in_cluster"": 2}",-6.28,0.03,5,O=S(=O)(Cc1ccccc1)N1Cc2ccccc2[C@@H]1c1c[nH]c2ccccc12
485,O=S(=O)(Cc1ccccc1)N1Cc2ccccc2C1c1c[nH]c2ccccc12,oracle,autodockgpu,-7.54,energy,4.4666458231651625,4.4666458231651625,"{""free_energy"": -6.23, ""intermolecular_energy"": -7.43, ""internal_energy"": -2.6, ""cluster_size"": 17, ""cluster_id"": 5, ""rank_in_cluster"": 17}",-6.27,0.03,5,O=S(=O)(Cc1ccccc1)N1Cc2ccccc2[C@@H]1c1c[nH]c2ccccc12
486,O=S(=O)(Cc1ccccc1)N1Cc2ccccc2C1c1c[nH]c2ccccc12,oracle,autodockgpu,-7.54,energy,7.848228092816169,7.848228092816169,"{""free_energy"": -7.53, ""intermolecular_energy"": -8.72, ""internal_energy"": -1.62, ""cluster_size"": 25, ""cluster_id"": 1, ""rank_in_cluster"": 4}",-6.27,0.03,5,O=S(=O)(Cc1ccccc1)N1Cc2ccccc2[C@@H]1c1c[nH]c2ccccc12
487,O=S(=O)(Cc1ccccc1)N1Cc2ccccc2C1c1c[nH]c2ccccc12,oracle,autodockgpu,-7.54,energy,5.309191320078576,5.309191320078576,"{""free_energy"": -6.56, ""intermolecular_energy"": -7.75, ""internal_energy"": -2.28, ""cluster_size"": 25, ""cluster_id"": 1, ""rank_in_cluster"": 22}",-6.27,0.04,5,O=S(=O)(Cc1ccccc1)N1Cc2ccccc2[C@@H]1c1c[nH]c2ccccc12
488,O=S(=O)(Cc1ccccc1)N1Cc2ccccc2C1c1c[nH]c2ccccc12,oracle,autodockgpu,-7.54,energy,4.534925590629687,4.534925590629687,"{""free_energy"": -6.27, ""intermolecular_energy"": -7.46, ""internal_energy"": -2.62, ""cluster_size"": 17, ""cluster_id"": 5, ""rank_in_cluster"": 6}",-6.27,0.05,5,O=S(=O)(Cc1ccccc1)N1Cc2ccccc2[C@@H]1c1c[nH]c2ccccc12
489,O=S(=O)(Cc1ccccc1)N1Cc2ccccc2C1c1c[nH]c2ccccc12,oracle,autodockgpu,-7.54,energy,7.901314716648648,7.901314716648648,"{""free_energy"": -7.4, ""intermolecular_energy"": -8.59, ""internal_energy"": -1.68, ""cluster_size"": 25, ""cluster_id"": 1, ""rank_in_cluster"": 19}",-6.26,0.03,5,O=S(=O)(Cc1ccccc1)N1Cc2ccccc2[C@@H]1c1c[nH]c2ccccc12
490,O=S(=O)(Cc1ccccc1)N1Cc2ccccc2C1c1c[nH]c2ccccc12,oracle,autodockgpu,-7.54,energy,4.566218347420774,4.566218347420774,"{""free_energy"": -6.26, ""intermolecular_energy"": -7.46, ""internal_energy"": -2.61, ""cluster_size"": 17, ""cluster_id"": 5, ""rank_in_cluster"": 7}",-6.26,0.09,5,O=S(=O)(Cc1ccccc1)N1Cc2ccccc2[C@@H]1c1c[nH]c2ccccc12
491,O=S(=O)(Cc1ccccc1)N1Cc2ccccc2C1c1c[nH]c2ccccc12,oracle,autodockgpu,-7.54,energy,5.306911528668606,5.306911528668606,"{""free_energy"": -6.54, ""intermolecular_energy"": -7.74, ""internal_energy"": -2.29, ""cluster_size"": 25, ""cluster_id"": 1, ""rank_in_cluster"": 25}",-6.26,0.07,5,O=S(=O)(Cc1ccccc1)N1Cc2ccccc2[C@@H]1c1c[nH]c2ccccc12
492,O=S(=O)(Cc1ccccc1)N1Cc2ccccc2C1c1c[nH]c2ccccc12,oracle,autodockgpu,-7.54,energy,7.802654610442116,7.802654610442116,"{""free_energy"": -7.51, ""intermolecular_energy"": -8.71, ""internal_energy"": -1.65, ""cluster_size"": 25, ""cluster_id"": 1, ""rank_in_cluster"": 5}",-6.26,0.03,5,O=S(=O)(Cc1ccccc1)N1Cc2ccccc2[C@@H]1c1c[nH]c2ccccc12
493,O=S(=O)(Cc1ccccc1)N1Cc2ccccc2C1c1c[nH]c2ccccc12,oracle,autodockgpu,-7.54,energy,4.562951642872043,4.562951642872043,"{""free_energy"": -6.27, ""intermolecular_energy"": -7.46, ""internal_energy"": -2.61, ""cluster_size"": 17, ""cluster_id"": 5, ""rank_in_cluster"": 4}",-6.26,0.05,5,O=S(=O)(Cc1ccccc1)N1Cc2ccccc2[C@@H]1c1c[nH]c2ccccc12
494,O=S(=O)(Cc1ccccc1)N1Cc2ccccc2C1c1c[nH]c2ccccc12,oracle,autodockgpu,-7.54,energy,7.883822899108578,7.883822899108578,"{""free_energy"": -7.42, ""intermolecular_energy"": -8.61, ""internal_energy"": -1.64, ""cluster_size"": 25, ""cluster_id"": 1, ""rank_in_cluster"": 17}",-6.26,0.06,5,O=S(=O)(Cc1ccccc1)N1Cc2ccccc2[C@@H]1c1c[nH]c2ccccc12
495,O=S(=O)(Cc1ccccc1)N1Cc2ccccc2C1c1c[nH]c2ccccc12,oracle,autodockgpu,-7.54,energy,4.521664512032387,4.521664512032387,"{""free_energy"": -6.26, ""intermolecular_energy"": -7.45, ""internal_energy"": -2.6, ""cluster_size"": 17, ""cluster_id"": 5, ""rank_in_cluster"": 8}",-6.26,0.06,5,O=S(=O)(Cc1ccccc1)N1Cc2ccccc2[C@@H]1c1c[nH]c2ccccc12
496,O=S(=O)(Cc1ccccc1)N1Cc2ccccc2C1c1c[nH]c2ccccc12,oracle,autodockgpu,-7.54,energy,7.673896653150453,7.673896653150453,"{""free_energy"": -7.49, ""intermolecular_energy"": -8.68, ""internal_energy"": -1.61, ""cluster_size"": 25, ""cluster_id"": 1, ""rank_in_cluster"": 6}",-6.25,0.05,5,O=S(=O)(Cc1ccccc1)N1Cc2ccccc2[C@@H]1c1c[nH]c2ccccc12
497,O=S(=O)(Cc1ccccc1)N1Cc2ccccc2C1c1c[nH]c2ccccc12,oracle,autodockgpu,-7.54,energy,7.774150386822485,7.774150386822485,"{""free_energy"": -7.41, ""intermolecular_energy"": -8.6, ""internal_energy"": -1.71, ""cluster_size"": 25, ""cluster_id"": 1, ""rank_in_cluster"": 18}",-6.25,0.07,5,O=S(=O)(Cc1ccccc1)N1Cc2ccccc2[C@@H]1c1c[nH]c2ccccc12
498,O=S(=O)(Cc1ccccc1)N1Cc2ccccc2C1c1c[nH]c2ccccc12,oracle,autodockgpu,-7.54,energy,4.563824305789862,4.563824305789862,"{""free_energy"": -6.28, ""intermolecular_energy"": -7.47, ""internal_energy"": -2.62, ""cluster_size"": 17, ""cluster_id"": 5, ""rank_in_cluster"": 1}",-6.25,0.09,5,O=S(=O)(Cc1ccccc1)N1Cc2ccccc2[C@@H]1c1c[nH]c2ccccc12
499,O=S(=O)(Cc1ccccc1)N1Cc2ccccc2C1c1c[nH]c2ccccc12,oracle,autodockgpu,-7.54,energy,10.908981143788647,10.908981143788647,"{""free_energy"": -7.37, ""intermolecular_energy"": -8.57, ""internal_energy"": -1.38, ""cluster_size"": 2, ""cluster_id"": 2, ""rank_in_cluster"": 1}",-6.23,0.22,5,O=S(=O)(Cc1ccccc1)N1Cc2ccccc2[C@@H]1c1c[nH]c2ccccc12
500,O=S(=O)(Cc1ccccc1)N1Cc2ccccc2C1c1c[nH]c2ccccc12,oracle,autodockgpu,-7.54,energy,6.777855624209006,6.777855624209006,"{""free_energy"": -7.26, ""intermolecular_energy"": -8.45, ""internal_energy"": -1.4, ""cluster_size"": 11, ""cluster_id"": 1, ""rank_in_cluster"": 4}",-7.54,0.0,1,O=S(=O)(Cc1ccccc1)N1Cc2ccccc2[C@H]1c1c[nH]c2ccccc12
501,O=S(=O)(Cc1ccccc1)N1Cc2ccccc2C1c1c[nH]c2ccccc12,oracle,autodockgpu,-7.54,energy,10.573353659569008,10.573353659569008,"{""free_energy"": -7.17, ""intermolecular_energy"": -8.36, ""internal_energy"": -1.85, ""cluster_size"": 13, ""cluster_id"": 3, ""rank_in_cluster"": 4}",-7.49,0.05,1,O=S(=O)(Cc1ccccc1)N1Cc2ccccc2[C@H]1c1c[nH]c2ccccc12
502,O=S(=O)(Cc1ccccc1)N1Cc2ccccc2C1c1c[nH]c2ccccc12,oracle,autodockgpu,-7.54,energy,6.713035664789146,6.713035664789146,"{""free_energy"": -6.87, ""intermolecular_energy"": -8.06, ""internal_energy"": -1.95, ""cluster_size"": 5, ""cluster_id"": 5, ""rank_in_cluster"": 3}",-7.48,0.06,1,O=S(=O)(Cc1ccccc1)N1Cc2ccccc2[C@H]1c1c[nH]c2ccccc12
503,O=S(=O)(Cc1ccccc1)N1Cc2ccccc2C1c1c[nH]c2ccccc12,oracle,autodockgpu,-7.54,energy,10.663860149941849,10.663860149941849,"{""free_energy"": -7.17, ""intermolecular_energy"": -8.36, ""internal_energy"": -1.84, ""cluster_size"": 13, ""cluster_id"": 3, ""rank_in_cluster"": 5}",-7.26,0.93,1,O=S(=O)(Cc1ccccc1)N1Cc2ccccc2[C@H]1c1c[nH]c2ccccc12
504,O=S(=O)(Cc1ccccc1)N1Cc2ccccc2C1c1c[nH]c2ccccc12,oracle,autodockgpu,-7.54,energy,11.261852477165085,11.261852477165085,"{""free_energy"": -6.99, ""intermolecular_energy"": -8.19, ""internal_energy"": -1.74, ""cluster_size"": 2, ""cluster_id"": 2, ""rank_in_cluster"": 2}",-6.9,1.34,1,O=S(=O)(Cc1ccccc1)N1Cc2ccccc2[C@H]1c1c[nH]c2ccccc12
505,O=S(=O)(Cc1ccccc1)N1Cc2ccccc2C1c1c[nH]c2ccccc12,oracle,autodockgpu,-7.54,energy,5.928669453735085,5.928669453735085,"{""free_energy"": -7.05, ""intermolecular_energy"": -8.25, ""internal_energy"": -1.78, ""cluster_size"": 19, ""cluster_id"": 4, ""rank_in_cluster"": 5}",-6.9,1.33,1,O=S(=O)(Cc1ccccc1)N1Cc2ccccc2[C@H]1c1c[nH]c2ccccc12
506,O=S(=O)(Cc1ccccc1)N1Cc2ccccc2C1c1c[nH]c2ccccc12,oracle,autodockgpu,-7.54,energy,6.710881804552252,6.710881804552252,"{""free_energy"": -6.82, ""intermolecular_energy"": -8.02, ""internal_energy"": -1.95, ""cluster_size"": 5, ""cluster_id"": 5, ""rank_in_cluster"": 4}",-6.89,1.34,1,O=S(=O)(Cc1ccccc1)N1Cc2ccccc2[C@H]1c1c[nH]c2ccccc12
507,O=S(=O)(Cc1ccccc1)N1Cc2ccccc2C1c1c[nH]c2ccccc12,oracle,autodockgpu,-7.54,energy,7.029658621301569,7.029658621301569,"{""free_energy"": -6.53, ""intermolecular_energy"": -7.73, ""internal_energy"": -2.33, ""cluster_size"": 19, ""cluster_id"": 4, ""rank_in_cluster"": 19}",-6.89,1.34,1,O=S(=O)(Cc1ccccc1)N1Cc2ccccc2[C@H]1c1c[nH]c2ccccc12
508,O=S(=O)(Cc1ccccc1)N1Cc2ccccc2C1c1c[nH]c2ccccc12,oracle,autodockgpu,-7.54,energy,6.757179587321147,6.757179587321147,"{""free_energy"": -6.89, ""intermolecular_energy"": -8.08, ""internal_energy"": -1.85, ""cluster_size"": 11, ""cluster_id"": 1, ""rank_in_cluster"": 8}",-6.89,1.33,1,O=S(=O)(Cc1ccccc1)N1Cc2ccccc2[C@H]1c1c[nH]c2ccccc12
509,O=S(=O)(Cc1ccccc1)N1Cc2ccccc2C1c1c[nH]c2ccccc12,oracle,autodockgpu,-7.54,energy,6.686049613830528,6.686049613830528,"{""free_energy"": -7.49, ""intermolecular_energy"": -8.69, ""internal_energy"": -1.29, ""cluster_size"": 11, ""cluster_id"": 1, ""rank_in_cluster"": 2}",-6.88,1.33,1,O=S(=O)(Cc1ccccc1)N1Cc2ccccc2[C@H]1c1c[nH]c2ccccc12
510,O=S(=O)(Cc1ccccc1)N1Cc2ccccc2C1c1c[nH]c2ccccc12,oracle,autodockgpu,-7.54,energy,10.694495778369538,10.694495778369538,"{""free_energy"": -7.22, ""intermolecular_energy"": -8.41, ""internal_energy"": -1.79, ""cluster_size"": 13, ""cluster_id"": 3, ""rank_in_cluster"": 1}",-6.88,1.34,1,O=S(=O)(Cc1ccccc1)N1Cc2ccccc2[C@H]1c1c[nH]c2ccccc12
511,O=S(=O)(Cc1ccccc1)N1Cc2ccccc2C1c1c[nH]c2ccccc12,oracle,autodockgpu,-7.54,energy,6.770321723709661,6.770321723709661,"{""free_energy"": -6.88, ""intermolecular_energy"": -8.08, ""internal_energy"": -1.85, ""cluster_size"": 11, ""cluster_id"": 1, ""rank_in_cluster"": 10}",-7.27,0.0,2,O=S(=O)(Cc1ccccc1)N1Cc2ccccc2[C@H]1c1c[nH]c2ccccc12
512,O=S(=O)(Cc1ccccc1)N1Cc2ccccc2C1c1c[nH]c2ccccc12,oracle,autodockgpu,-7.54,energy,10.70136503198734,10.70136503198734,"{""free_energy"": -7.15, ""intermolecular_energy"": -8.34, ""internal_energy"": -1.83, ""cluster_size"": 13, ""cluster_id"": 3, ""rank_in_cluster"": 7}",-6.99,0.91,2,O=S(=O)(Cc1ccccc1)N1Cc2ccccc2[C@H]1c1c[nH]c2ccccc12
513,O=S(=O)(Cc1ccccc1)N1Cc2ccccc2C1c1c[nH]c2ccccc12,oracle,autodockgpu,-7.54,energy,6.6892250970967835,6.6892250970967835,"{""free_energy"": -7.48, ""intermolecular_energy"": -8.67, ""internal_energy"": -1.3, ""cluster_size"": 11, ""cluster_id"": 1, ""rank_in_cluster"": 3}",-7.22,0.0,3,O=S(=O)(Cc1ccccc1)N1Cc2ccccc2[C@H]1c1c[nH]c2ccccc12
514,O=S(=O)(Cc1ccccc1)N1Cc2ccccc2C1c1c[nH]c2ccccc12,oracle,autodockgpu,-7.54,energy,7.061969641059255,7.061969641059255,"{""free_energy"": -6.63, ""intermolecular_energy"": -7.82, ""internal_energy"": -2.27, ""cluster_size"": 5, ""cluster_id"": 5, ""rank_in_cluster"": 5}",-7.2,0.23,3,O=S(=O)(Cc1ccccc1)N1Cc2ccccc2[C@H]1c1c[nH]c2ccccc12
515,O=S(=O)(Cc1ccccc1)N1Cc2ccccc2C1c1c[nH]c2ccccc12,oracle,autodockgpu,-7.54,energy,6.7663636584612155,6.7663636584612155,"{""free_energy"": -6.9, ""intermolecular_energy"": -8.09, ""internal_energy"": -1.85, ""cluster_size"": 11, ""cluster_id"": 1, ""rank_in_cluster"": 6}",-7.17,0.19,3,O=S(=O)(Cc1ccccc1)N1Cc2ccccc2[C@H]1c1c[nH]c2ccccc12
516,O=S(=O)(Cc1ccccc1)N1Cc2ccccc2C1c1c[nH]c2ccccc12,oracle,autodockgpu,-7.54,energy,7.027993138184143,7.027993138184143,"{""free_energy"": -6.64, ""intermolecular_energy"": -7.84, ""internal_energy"": -2.29, ""cluster_size"": 19, ""cluster_id"": 4, ""rank_in_cluster"": 15}",-7.17,0.32,3,O=S(=O)(Cc1ccccc1)N1Cc2ccccc2[C@H]1c1c[nH]c2ccccc12
517,O=S(=O)(Cc1ccccc1)N1Cc2ccccc2C1c1c[nH]c2ccccc12,oracle,autodockgpu,-7.54,energy,6.709654156359294,6.709654156359294,"{""free_energy"": -6.87, ""intermolecular_energy"": -8.07, ""internal_energy"": -1.93, ""cluster_size"": 5, ""cluster_id"": 5, ""rank_in_cluster"": 2}",-7.17,0.26,3,O=S(=O)(Cc1ccccc1)N1Cc2ccccc2[C@H]1c1c[nH]c2ccccc12
518,O=S(=O)(Cc1ccccc1)N1Cc2ccccc2C1c1c[nH]c2ccccc12,oracle,autodockgpu,-7.54,energy,10.666070977476284,10.666070977476284,"{""free_energy"": -7.11, ""intermolecular_energy"": -8.3, ""internal_energy"": -1.85, ""cluster_size"": 13, ""cluster_id"": 3, ""rank_in_cluster"": 10}",-7.16,0.35,3,O=S(=O)(Cc1ccccc1)N1Cc2ccccc2[C@H]1c1c[nH]c2ccccc12
519,O=S(=O)(Cc1ccccc1)N1Cc2ccccc2C1c1c[nH]c2ccccc12,oracle,autodockgpu,-7.54,energy,10.688637391755625,10.688637391755625,"{""free_energy"": -7.17, ""intermolecular_energy"": -8.37, ""internal_energy"": -1.82, ""cluster_size"": 13, ""cluster_id"": 3, ""rank_in_cluster"": 3}",-7.15,0.2,3,O=S(=O)(Cc1ccccc1)N1Cc2ccccc2[C@H]1c1c[nH]c2ccccc12
520,O=S(=O)(Cc1ccccc1)N1Cc2ccccc2C1c1c[nH]c2ccccc12,oracle,autodockgpu,-7.54,energy,7.025330134677383,7.025330134677383,"{""free_energy"": -6.66, ""intermolecular_energy"": -7.86, ""internal_energy"": -2.28, ""cluster_size"": 19, ""cluster_id"": 4, ""rank_in_cluster"": 13}",-7.15,0.07,3,O=S(=O)(Cc1ccccc1)N1Cc2ccccc2[C@H]1c1c[nH]c2ccccc12
521,O=S(=O)(Cc1ccccc1)N1Cc2ccccc2C1c1c[nH]c2ccccc12,oracle,autodockgpu,-7.54,energy,6.678886067130874,6.678886067130874,"{""free_energy"": -7.54, ""intermolecular_energy"": -8.73, ""internal_energy"": -1.26, ""cluster_size"": 11, ""cluster_id"": 1, ""rank_in_cluster"": 1}",-7.12,0.13,3,O=S(=O)(Cc1ccccc1)N1Cc2ccccc2[C@H]1c1c[nH]c2ccccc12
522,O=S(=O)(Cc1ccccc1)N1Cc2ccccc2C1c1c[nH]c2ccccc12,oracle,autodockgpu,-7.54,energy,6.855988311864444,6.855988311864444,"{""free_energy"": -6.56, ""intermolecular_energy"": -7.75, ""internal_energy"": -2.27, ""cluster_size"": 19, ""cluster_id"": 4, ""rank_in_cluster"": 18}",-7.11,0.29,3,O=S(=O)(Cc1ccccc1)N1Cc2ccccc2[C@H]1c1c[nH]c2ccccc12
523,O=S(=O)(Cc1ccccc1)N1Cc2ccccc2C1c1c[nH]c2ccccc12,oracle,autodockgpu,-7.54,energy,10.62475793727834,10.62475793727834,"{""free_energy"": -7.07, ""intermolecular_energy"": -8.26, ""internal_energy"": -1.88, ""cluster_size"": 13, ""cluster_id"": 3, ""rank_in_cluster"": 13}",-7.11,0.22,3,O=S(=O)(Cc1ccccc1)N1Cc2ccccc2[C@H]1c1c[nH]c2ccccc12
524,O=S(=O)(Cc1ccccc1)N1Cc2ccccc2C1c1c[nH]c2ccccc12,oracle,autodockgpu,-7.54,energy,6.759363455783385,6.759363455783385,"{""free_energy"": -6.89, ""intermolecular_energy"": -8.08, ""internal_energy"": -1.85, ""cluster_size"": 11, ""cluster_id"": 1, ""rank_in_cluster"": 9}",-7.09,0.17,3,O=S(=O)(Cc1ccccc1)N1Cc2ccccc2[C@H]1c1c[nH]c2ccccc12
525,O=S(=O)(Cc1ccccc1)N1Cc2ccccc2C1c1c[nH]c2ccccc12,oracle,autodockgpu,-7.54,energy,7.051825870552151,7.051825870552151,"{""free_energy"": -6.66, ""intermolecular_energy"": -7.86, ""internal_energy"": -2.27, ""cluster_size"": 19, ""cluster_id"": 4, ""rank_in_cluster"": 12}",-7.07,0.17,3,O=S(=O)(Cc1ccccc1)N1Cc2ccccc2[C@H]1c1c[nH]c2ccccc12
526,O=S(=O)(Cc1ccccc1)N1Cc2ccccc2C1c1c[nH]c2ccccc12,oracle,autodockgpu,-7.54,energy,6.923481767210893,6.923481767210893,"{""free_energy"": -6.58, ""intermolecular_energy"": -7.78, ""internal_energy"": -2.31, ""cluster_size"": 19, ""cluster_id"": 4, ""rank_in_cluster"": 17}",-7.07,0.0,4,O=S(=O)(Cc1ccccc1)N1Cc2ccccc2[C@H]1c1c[nH]c2ccccc12
527,O=S(=O)(Cc1ccccc1)N1Cc2ccccc2C1c1c[nH]c2ccccc12,oracle,autodockgpu,-7.54,energy,6.765781044068166,6.765781044068166,"{""free_energy"": -6.89, ""intermolecular_energy"": -8.09, ""internal_energy"": -1.85, ""cluster_size"": 11, ""cluster_id"": 1, ""rank_in_cluster"": 7}",-7.07,0.05,4,O=S(=O)(Cc1ccccc1)N1Cc2ccccc2[C@H]1c1c[nH]c2ccccc12
528,O=S(=O)(Cc1ccccc1)N1Cc2ccccc2C1c1c[nH]c2ccccc12,oracle,autodockgpu,-7.54,energy,6.719088387376041,6.719088387376041,"{""free_energy"": -6.88, ""intermolecular_energy"": -8.07, ""internal_energy"": -1.94, ""cluster_size"": 5, ""cluster_id"": 5, ""rank_in_cluster"": 1}",-7.06,0.05,4,O=S(=O)(Cc1ccccc1)N1Cc2ccccc2[C@H]1c1c[nH]c2ccccc12
529,O=S(=O)(Cc1ccccc1)N1Cc2ccccc2C1c1c[nH]c2ccccc12,oracle,autodockgpu,-7.54,energy,5.919122526804623,5.919122526804623,"{""free_energy"": -7.05, ""intermolecular_energy"": -8.24, ""internal_energy"": -1.79, ""cluster_size"": 19, ""cluster_id"": 4, ""rank_in_cluster"": 6}",-7.05,0.05,4,O=S(=O)(Cc1ccccc1)N1Cc2ccccc2[C@H]1c1c[nH]c2ccccc12
530,O=S(=O)(Cc1ccccc1)N1Cc2ccccc2C1c1c[nH]c2ccccc12,oracle,autodockgpu,-7.54,energy,10.69558543507818,10.69558543507818,"{""free_energy"": -7.2, ""intermolecular_energy"": -8.4, ""internal_energy"": -1.8, ""cluster_size"": 13, ""cluster_id"": 3, ""rank_in_cluster"": 2}",-7.05,0.04,4,O=S(=O)(Cc1ccccc1)N1Cc2ccccc2[C@H]1c1c[nH]c2ccccc12
531,O=S(=O)(Cc1ccccc1)N1Cc2ccccc2C1c1c[nH]c2ccccc12,oracle,autodockgpu,-7.54,energy,10.584567290067001,10.584567290067001,"{""free_energy"": -7.16, ""intermolecular_energy"": -8.35, ""internal_energy"": -1.8, ""cluster_size"": 13, ""cluster_id"": 3, ""rank_in_cluster"": 6}",-7.05,0.07,4,O=S(=O)(Cc1ccccc1)N1Cc2ccccc2[C@H]1c1c[nH]c2ccccc12
532,O=S(=O)(Cc1ccccc1)N1Cc2ccccc2C1c1c[nH]c2ccccc12,oracle,autodockgpu,-7.54,energy,5.9308275296318635,5.9308275296318635,"{""free_energy"": -7.0, ""intermolecular_energy"": -8.19, ""internal_energy"": -1.78, ""cluster_size"": 19, ""cluster_id"": 4, ""rank_in_cluster"": 9}",-7.04,1.14,4,O=S(=O)(Cc1ccccc1)N1Cc2ccccc2[C@H]1c1c[nH]c2ccccc12
533,O=S(=O)(Cc1ccccc1)N1Cc2ccccc2C1c1c[nH]c2ccccc12,oracle,autodockgpu,-7.54,energy,5.830813474954831,5.830813474954831,"{""free_energy"": -7.04, ""intermolecular_energy"": -8.23, ""internal_energy"": -1.66, ""cluster_size"": 19, ""cluster_id"": 4, ""rank_in_cluster"": 7}",-7.02,0.04,4,O=S(=O)(Cc1ccccc1)N1Cc2ccccc2[C@H]1c1c[nH]c2ccccc12
534,O=S(=O)(Cc1ccccc1)N1Cc2ccccc2C1c1c[nH]c2ccccc12,oracle,autodockgpu,-7.54,energy,6.760900979229167,6.760900979229167,"{""free_energy"": -6.9, ""intermolecular_energy"": -8.09, ""internal_energy"": -1.84, ""cluster_size"": 11, ""cluster_id"": 1, ""rank_in_cluster"": 5}",-7.0,0.06,4,O=S(=O)(Cc1ccccc1)N1Cc2ccccc2[C@H]1c1c[nH]c2ccccc12
535,O=S(=O)(Cc1ccccc1)N1Cc2ccccc2C1c1c[nH]c2ccccc12,oracle,autodockgpu,-7.54,energy,5.946089642363651,5.946089642363651,"{""free_energy"": -7.07, ""intermolecular_energy"": -8.26, ""internal_energy"": -1.77, ""cluster_size"": 19, ""cluster_id"": 4, ""rank_in_cluster"": 2}",-6.69,2.0,4,O=S(=O)(Cc1ccccc1)N1Cc2ccccc2[C@H]1c1c[nH]c2ccccc12
536,O=S(=O)(Cc1ccccc1)N1Cc2ccccc2C1c1c[nH]c2ccccc12,oracle,autodockgpu,-7.54,energy,10.648518318623005,10.648518318623005,"{""free_energy"": -7.12, ""intermolecular_energy"": -8.31, ""internal_energy"": -1.87, ""cluster_size"": 13, ""cluster_id"": 3, ""rank_in_cluster"": 9}",-6.67,1.99,4,O=S(=O)(Cc1ccccc1)N1Cc2ccccc2[C@H]1c1c[nH]c2ccccc12
537,O=S(=O)(Cc1ccccc1)N1Cc2ccccc2C1c1c[nH]c2ccccc12,oracle,autodockgpu,-7.54,energy,5.927874146451058,5.927874146451058,"{""free_energy"": -7.05, ""intermolecular_energy"": -8.25, ""internal_energy"": -1.78, ""cluster_size"": 19, ""cluster_id"": 4, ""rank_in_cluster"": 4}",-6.66,1.99,4,O=S(=O)(Cc1ccccc1)N1Cc2ccccc2[C@H]1c1c[nH]c2ccccc12
538,O=S(=O)(Cc1ccccc1)N1Cc2ccccc2C1c1c[nH]c2ccccc12,oracle,autodockgpu,-7.54,energy,6.763883911736911,6.763883911736911,"{""free_energy"": -6.88, ""intermolecular_energy"": -8.07, ""internal_energy"": -1.86, ""cluster_size"": 11, ""cluster_id"": 1, ""rank_in_cluster"": 11}",-6.66,1.98,4,O=S(=O)(Cc1ccccc1)N1Cc2ccccc2[C@H]1c1c[nH]c2ccccc12
539,O=S(=O)(Cc1ccccc1)N1Cc2ccccc2C1c1c[nH]c2ccccc12,oracle,autodockgpu,-7.54,energy,10.89734240240571,10.89734240240571,"{""free_energy"": -7.27, ""intermolecular_energy"": -8.46, ""internal_energy"": -1.58, ""cluster_size"": 2, ""cluster_id"": 2, ""rank_in_cluster"": 1}",-6.66,1.98,4,O=S(=O)(Cc1ccccc1)N1Cc2ccccc2[C@H]1c1c[nH]c2ccccc12
540,O=S(=O)(Cc1ccccc1)N1Cc2ccccc2C1c1c[nH]c2ccccc12,oracle,autodockgpu,-7.54,energy,10.610311856629558,10.610311856629558,"{""free_energy"": -7.11, ""intermolecular_energy"": -8.3, ""internal_energy"": -1.87, ""cluster_size"": 13, ""cluster_id"": 3, ""rank_in_cluster"": 11}",-6.64,1.98,4,O=S(=O)(Cc1ccccc1)N1Cc2ccccc2[C@H]1c1c[nH]c2ccccc12
541,O=S(=O)(Cc1ccccc1)N1Cc2ccccc2C1c1c[nH]c2ccccc12,oracle,autodockgpu,-7.54,energy,10.655946239794728,10.655946239794728,"{""free_energy"": -7.15, ""intermolecular_energy"": -8.34, ""internal_energy"": -1.82, ""cluster_size"": 13, ""cluster_id"": 3, ""rank_in_cluster"": 8}",-6.64,1.97,4,O=S(=O)(Cc1ccccc1)N1Cc2ccccc2[C@H]1c1c[nH]c2ccccc12
542,O=S(=O)(Cc1ccccc1)N1Cc2ccccc2C1c1c[nH]c2ccccc12,oracle,autodockgpu,-7.54,energy,7.049110284328624,7.049110284328624,"{""free_energy"": -6.67, ""intermolecular_energy"": -7.86, ""internal_energy"": -2.27, ""cluster_size"": 19, ""cluster_id"": 4, ""rank_in_cluster"": 11}",-6.58,1.94,4,O=S(=O)(Cc1ccccc1)N1Cc2ccccc2[C@H]1c1c[nH]c2ccccc12
543,O=S(=O)(Cc1ccccc1)N1Cc2ccccc2C1c1c[nH]c2ccccc12,oracle,autodockgpu,-7.54,energy,5.941419082261691,5.941419082261691,"{""free_energy"": -7.06, ""intermolecular_energy"": -8.25, ""internal_energy"": -1.76, ""cluster_size"": 19, ""cluster_id"": 4, ""rank_in_cluster"": 3}",-6.56,1.92,4,O=S(=O)(Cc1ccccc1)N1Cc2ccccc2[C@H]1c1c[nH]c2ccccc12
544,O=S(=O)(Cc1ccccc1)N1Cc2ccccc2C1c1c[nH]c2ccccc12,oracle,autodockgpu,-7.54,energy,7.057190173757346,7.057190173757346,"{""free_energy"": -6.69, ""intermolecular_energy"": -7.88, ""internal_energy"": -2.26, ""cluster_size"": 19, ""cluster_id"": 4, ""rank_in_cluster"": 10}",-6.53,2.0,4,O=S(=O)(Cc1ccccc1)N1Cc2ccccc2[C@H]1c1c[nH]c2ccccc12
545,O=S(=O)(Cc1ccccc1)N1Cc2ccccc2C1c1c[nH]c2ccccc12,oracle,autodockgpu,-7.54,energy,5.9396943016071395,5.9396943016071395,"{""free_energy"": -7.02, ""intermolecular_energy"": -8.21, ""internal_energy"": -1.75, ""cluster_size"": 19, ""cluster_id"": 4, ""rank_in_cluster"": 8}",-6.88,0.0,5,O=S(=O)(Cc1ccccc1)N1Cc2ccccc2[C@H]1c1c[nH]c2ccccc12
546,O=S(=O)(Cc1ccccc1)N1Cc2ccccc2C1c1c[nH]c2ccccc12,oracle,autodockgpu,-7.54,energy,10.616176423635574,10.616176423635574,"{""free_energy"": -7.09, ""intermolecular_energy"": -8.28, ""internal_energy"": -1.86, ""cluster_size"": 13, ""cluster_id"": 3, ""rank_in_cluster"": 12}",-6.87,0.03,5,O=S(=O)(Cc1ccccc1)N1Cc2ccccc2[C@H]1c1c[nH]c2ccccc12
547,O=S(=O)(Cc1ccccc1)N1Cc2ccccc2C1c1c[nH]c2ccccc12,oracle,autodockgpu,-7.54,energy,5.943208402233812,5.943208402233812,"{""free_energy"": -7.07, ""intermolecular_energy"": -8.26, ""internal_energy"": -1.75, ""cluster_size"": 19, ""cluster_id"": 4, ""rank_in_cluster"": 1}",-6.87,0.03,5,O=S(=O)(Cc1ccccc1)N1Cc2ccccc2[C@H]1c1c[nH]c2ccccc12
548,O=S(=O)(Cc1ccccc1)N1Cc2ccccc2C1c1c[nH]c2ccccc12,oracle,autodockgpu,-7.54,energy,7.009764071592969,7.009764071592969,"{""free_energy"": -6.64, ""intermolecular_energy"": -7.84, ""internal_energy"": -2.3, ""cluster_size"": 19, ""cluster_id"": 4, ""rank_in_cluster"": 16}",-6.82,0.06,5,O=S(=O)(Cc1ccccc1)N1Cc2ccccc2[C@H]1c1c[nH]c2ccccc12
549,O=S(=O)(Cc1ccccc1)N1Cc2ccccc2C1c1c[nH]c2ccccc12,oracle,autodockgpu,-7.54,energy,7.026255641896351,7.026255641896351,"{""free_energy"": -6.66, ""intermolecular_energy"": -7.85, ""internal_energy"": -2.29, ""cluster_size"": 19, ""cluster_id"": 4, ""rank_in_cluster"": 14}",-6.63,1.95,5,O=S(=O)(Cc1ccccc1)N1Cc2ccccc2[C@H]1c1c[nH]c2ccccc12
550,CCC(=O)N(c1ccccc1)C1CCN(C(=O)[C@@H](N)C2Cc3ccccc3C2)CC1,oracle,autodockgpu,-8.64,energy,12.278264605333604,12.278264605333604,"{""free_energy"": -8.44, ""intermolecular_energy"": -10.53, ""internal_energy"": -1.43, ""cluster_size"": 12, ""cluster_id"": 1, ""rank_in_cluster"": 7}",-8.64,0.0,1,CCC(=O)N(c1ccccc1)C1CCN(C(=O)[C@@H](N)C2Cc3ccccc3C2)CC1
551,CCC(=O)N(c1ccccc1)C1CCN(C(=O)[C@@H](N)C2Cc3ccccc3C2)CC1,oracle,autodockgpu,-8.64,energy,6.616451960167555,6.616451960167555,"{""free_energy"": -7.63, ""intermolecular_energy"": -9.72, ""internal_energy"": -2.46, ""cluster_size"": 20, ""cluster_id"": 3, ""rank_in_cluster"": 4}",-8.58,0.72,1,CCC(=O)N(c1ccccc1)C1CCN(C(=O)[C@@H](N)C2Cc3ccccc3C2)CC1
552,CCC(=O)N(c1ccccc1)C1CCN(C(=O)[C@@H](N)C2Cc3ccccc3C2)CC1,oracle,autodockgpu,-8.64,energy,11.2297917710614,11.2297917710614,"{""free_energy"": -7.59, ""intermolecular_energy"": -9.68, ""internal_energy"": -2.43, ""cluster_size"": 11, ""cluster_id"": 2, ""rank_in_cluster"": 7}",-8.58,0.77,1,CCC(=O)N(c1ccccc1)C1CCN(C(=O)[C@@H](N)C2Cc3ccccc3C2)CC1
553,CCC(=O)N(c1ccccc1)C1CCN(C(=O)[C@@H](N)C2Cc3ccccc3C2)CC1,oracle,autodockgpu,-8.64,energy,12.523798998624835,12.523798998624835,"{""free_energy"": -8.56, ""intermolecular_energy"": -10.65, ""internal_energy"": -1.42, ""cluster_size"": 12, ""cluster_id"": 1, ""rank_in_cluster"": 4}",-8.56,0.75,1,CCC(=O)N(c1ccccc1)C1CCN(C(=O)[C@@H](N)C2Cc3ccccc3C2)CC1
554,CCC(=O)N(c1ccccc1)C1CCN(C(=O)[C@@H](N)C2Cc3ccccc3C2)CC1,oracle,autodockgpu,-8.64,energy,3.435831060577933,3.435831060577933,"{""free_energy"": -7.17, ""intermolecular_energy"": -9.26, ""internal_energy"": -2.54, ""cluster_size"": 7, ""cluster_id"": 4, ""rank_in_cluster"": 4}",-8.5,0.39,1,CCC(=O)N(c1ccccc1)C1CCN(C(=O)[C@@H](N)C2Cc3ccccc3C2)CC1
555,CCC(=O)N(c1ccccc1)C1CCN(C(=O)[C@@H](N)C2Cc3ccccc3C2)CC1,oracle,autodockgpu,-8.64,energy,12.23245201806168,12.23245201806168,"{""free_energy"": -8.64, ""intermolecular_energy"": -10.73, ""internal_energy"": -1.22, ""cluster_size"": 12, ""cluster_id"": 1, ""rank_in_cluster"": 1}",-8.48,0.37,1,CCC(=O)N(c1ccccc1)C1CCN(C(=O)[C@@H](N)C2Cc3ccccc3C2)CC1
556,CCC(=O)N(c1ccccc1)C1CCN(C(=O)[C@@H](N)C2Cc3ccccc3C2)CC1,oracle,autodockgpu,-8.64,energy,6.836355104804525,6.836355104804525,"{""free_energy"": -7.59, ""intermolecular_energy"": -9.68, ""internal_energy"": -2.46, ""cluster_size"": 20, ""cluster_id"": 3, ""rank_in_cluster"": 11}",-8.44,0.42,1,CCC(=O)N(c1ccccc1)C1CCN(C(=O)[C@@H](N)C2Cc3ccccc3C2)CC1
557,CCC(=O)N(c1ccccc1)C1CCN(C(=O)[C@@H](N)C2Cc3ccccc3C2)CC1,oracle,autodockgpu,-8.64,energy,12.2208265043115,12.2208265043115,"{""free_energy"": -8.32, ""intermolecular_energy"": -10.41, ""internal_energy"": -1.49, ""cluster_size"": 12, ""cluster_id"": 1, ""rank_in_cluster"": 11}",-8.42,0.88,1,CCC(=O)N(c1ccccc1)C1CCN(C(=O)[C@@H](N)C2Cc3ccccc3C2)CC1
558,CCC(=O)N(c1ccccc1)C1CCN(C(=O)[C@@H](N)C2Cc3ccccc3C2)CC1,oracle,autodockgpu,-8.64,energy,11.330968274768418,11.330968274768418,"{""free_energy"": -7.35, ""intermolecular_energy"": -9.44, ""internal_energy"": -2.49, ""cluster_size"": 11, ""cluster_id"": 2, ""rank_in_cluster"": 10}",-8.39,0.77,1,CCC(=O)N(c1ccccc1)C1CCN(C(=O)[C@@H](N)C2Cc3ccccc3C2)CC1
559,CCC(=O)N(c1ccccc1)C1CCN(C(=O)[C@@H](N)C2Cc3ccccc3C2)CC1,oracle,autodockgpu,-8.64,energy,6.842106125804498,6.842106125804498,"{""free_energy"": -7.52, ""intermolecular_energy"": -9.61, ""internal_energy"": -2.44, ""cluster_size"": 20, ""cluster_id"": 3, ""rank_in_cluster"": 14}",-8.35,0.78,1,CCC(=O)N(c1ccccc1)C1CCN(C(=O)[C@@H](N)C2Cc3ccccc3C2)CC1
560,CCC(=O)N(c1ccccc1)C1CCN(C(=O)[C@@H](N)C2Cc3ccccc3C2)CC1,oracle,autodockgpu,-8.64,energy,6.59519811197201,6.59519811197201,"{""free_energy"": -7.63, ""intermolecular_energy"": -9.72, ""internal_energy"": -2.44, ""cluster_size"": 20, ""cluster_id"": 3, ""rank_in_cluster"": 8}",-8.32,0.56,1,CCC(=O)N(c1ccccc1)C1CCN(C(=O)[C@@H](N)C2Cc3ccccc3C2)CC1
561,CCC(=O)N(c1ccccc1)C1CCN(C(=O)[C@@H](N)C2Cc3ccccc3C2)CC1,oracle,autodockgpu,-8.64,energy,12.386369716285495,12.386369716285495,"{""free_energy"": -8.48, ""intermolecular_energy"": -10.56, ""internal_energy"": -1.46, ""cluster_size"": 12, ""cluster_id"": 1, ""rank_in_cluster"": 6}",-8.3,0.32,1,CCC(=O)N(c1ccccc1)C1CCN(C(=O)[C@@H](N)C2Cc3ccccc3C2)CC1
562,CCC(=O)N(c1ccccc1)C1CCN(C(=O)[C@@H](N)C2Cc3ccccc3C2)CC1,oracle,autodockgpu,-8.64,energy,6.83047937714104,6.83047937714104,"{""free_energy"": -7.26, ""intermolecular_energy"": -9.35, ""internal_energy"": -2.48, ""cluster_size"": 20, ""cluster_id"": 3, ""rank_in_cluster"": 20}",-7.7,0.0,2,CCC(=O)N(c1ccccc1)C1CCN(C(=O)[C@@H](N)C2Cc3ccccc3C2)CC1
563,CCC(=O)N(c1ccccc1)C1CCN(C(=O)[C@@H](N)C2Cc3ccccc3C2)CC1,oracle,autodockgpu,-8.64,energy,12.507843097803685,12.507843097803685,"{""free_energy"": -8.42, ""intermolecular_energy"": -10.51, ""internal_energy"": -1.46, ""cluster_size"": 12, ""cluster_id"": 1, ""rank_in_cluster"": 8}",-7.7,0.02,2,CCC(=O)N(c1ccccc1)C1CCN(C(=O)[C@@H](N)C2Cc3ccccc3C2)CC1
564,CCC(=O)N(c1ccccc1)C1CCN(C(=O)[C@@H](N)C2Cc3ccccc3C2)CC1,oracle,autodockgpu,-8.64,energy,10.98254077773522,10.98254077773522,"{""free_energy"": -7.7, ""intermolecular_energy"": -9.79, ""internal_energy"": -2.37, ""cluster_size"": 11, ""cluster_id"": 2, ""rank_in_cluster"": 3}",-7.7,0.05,2,CCC(=O)N(c1ccccc1)C1CCN(C(=O)[C@@H](N)C2Cc3ccccc3C2)CC1
565,CCC(=O)N(c1ccccc1)C1CCN(C(=O)[C@@H](N)C2Cc3ccccc3C2)CC1,oracle,autodockgpu,-8.64,energy,6.830763666399039,6.830763666399039,"{""free_energy"": -7.31, ""intermolecular_energy"": -9.4, ""internal_energy"": -2.43, ""cluster_size"": 20, ""cluster_id"": 3, ""rank_in_cluster"": 17}",-7.68,0.04,2,CCC(=O)N(c1ccccc1)C1CCN(C(=O)[C@@H](N)C2Cc3ccccc3C2)CC1
566,CCC(=O)N(c1ccccc1)C1CCN(C(=O)[C@@H](N)C2Cc3ccccc3C2)CC1,oracle,autodockgpu,-8.64,energy,6.718356445417076,6.718356445417076,"{""free_energy"": -7.63, ""intermolecular_energy"": -9.72, ""internal_energy"": -2.45, ""cluster_size"": 20, ""cluster_id"": 3, ""rank_in_cluster"": 7}",-7.68,0.1,2,CCC(=O)N(c1ccccc1)C1CCN(C(=O)[C@@H](N)C2Cc3ccccc3C2)CC1
567,CCC(=O)N(c1ccccc1)C1CCN(C(=O)[C@@H](N)C2Cc3ccccc3C2)CC1,oracle,autodockgpu,-8.64,energy,6.771339621658595,6.771339621658595,"{""free_energy"": -7.65, ""intermolecular_energy"": -9.73, ""internal_energy"": -2.45, ""cluster_size"": 20, ""cluster_id"": 3, ""rank_in_cluster"": 1}",-7.67,0.23,2,CCC(=O)N(c1ccccc1)C1CCN(C(=O)[C@@H](N)C2Cc3ccccc3C2)CC1
568,CCC(=O)N(c1ccccc1)C1CCN(C(=O)[C@@H](N)C2Cc3ccccc3C2)CC1,oracle,autodockgpu,-8.64,energy,10.955799896787449,10.955799896787449,"{""free_energy"": -7.68, ""intermolecular_energy"": -9.77, ""internal_energy"": -2.36, ""cluster_size"": 11, ""cluster_id"": 2, ""rank_in_cluster"": 4}",-7.59,0.28,2,CCC(=O)N(c1ccccc1)C1CCN(C(=O)[C@@H](N)C2Cc3ccccc3C2)CC1
569,CCC(=O)N(c1ccccc1)C1CCN(C(=O)[C@@H](N)C2Cc3ccccc3C2)CC1,oracle,autodockgpu,-8.64,energy,6.863791896189551,6.863791896189551,"{""free_energy"": -7.28, ""intermolecular_energy"": -9.37, ""internal_energy"": -2.46, ""cluster_size"": 20, ""cluster_id"": 3, ""rank_in_cluster"": 18}",-7.58,0.29,2,CCC(=O)N(c1ccccc1)C1CCN(C(=O)[C@@H](N)C2Cc3ccccc3C2)CC1
570,CCC(=O)N(c1ccccc1)C1CCN(C(=O)[C@@H](N)C2Cc3ccccc3C2)CC1,oracle,autodockgpu,-8.64,energy,10.966447671873489,10.966447671873489,"{""free_energy"": -7.7, ""intermolecular_energy"": -9.79, ""internal_energy"": -2.38, ""cluster_size"": 11, ""cluster_id"": 2, ""rank_in_cluster"": 2}",-7.4,0.74,2,CCC(=O)N(c1ccccc1)C1CCN(C(=O)[C@@H](N)C2Cc3ccccc3C2)CC1
571,CCC(=O)N(c1ccccc1)C1CCN(C(=O)[C@@H](N)C2Cc3ccccc3C2)CC1,oracle,autodockgpu,-8.64,energy,6.5662364402130144,6.5662364402130144,"{""free_energy"": -7.26, ""intermolecular_energy"": -9.35, ""internal_energy"": -2.44, ""cluster_size"": 20, ""cluster_id"": 3, ""rank_in_cluster"": 19}",-7.35,0.74,2,CCC(=O)N(c1ccccc1)C1CCN(C(=O)[C@@H](N)C2Cc3ccccc3C2)CC1
572,CCC(=O)N(c1ccccc1)C1CCN(C(=O)[C@@H](N)C2Cc3ccccc3C2)CC1,oracle,autodockgpu,-8.64,energy,12.483889866826269,12.483889866826269,"{""free_energy"": -8.58, ""intermolecular_energy"": -10.67, ""internal_energy"": -1.4, ""cluster_size"": 12, ""cluster_id"": 1, ""rank_in_cluster"": 2}",-7.15,1.4,2,CCC(=O)N(c1ccccc1)C1CCN(C(=O)[C@@H](N)C2Cc3ccccc3C2)CC1
573,CCC(=O)N(c1ccccc1)C1CCN(C(=O)[C@@H](N)C2Cc3ccccc3C2)CC1,oracle,autodockgpu,-8.64,energy,10.972306204381503,10.972306204381503,"{""free_energy"": -7.7, ""intermolecular_energy"": -9.79, ""internal_energy"": -2.38, ""cluster_size"": 11, ""cluster_id"": 2, ""rank_in_cluster"": 1}",-7.65,0.0,3,CCC(=O)N(c1ccccc1)C1CCN(C(=O)[C@@H](N)C2Cc3ccccc3C2)CC1
574,CCC(=O)N(c1ccccc1)C1CCN(C(=O)[C@@H](N)C2Cc3ccccc3C2)CC1,oracle,autodockgpu,-8.64,energy,3.4542714574143956,3.4542714574143956,"{""free_energy"": -7.1, ""intermolecular_energy"": -9.19, ""internal_energy"": -2.55, ""cluster_size"": 7, ""cluster_id"": 4, ""rank_in_cluster"": 7}",-7.64,0.04,3,CCC(=O)N(c1ccccc1)C1CCN(C(=O)[C@@H](N)C2Cc3ccccc3C2)CC1
575,CCC(=O)N(c1ccccc1)C1CCN(C(=O)[C@@H](N)C2Cc3ccccc3C2)CC1,oracle,autodockgpu,-8.64,energy,6.72573609343519,6.72573609343519,"{""free_energy"": -7.63, ""intermolecular_energy"": -9.72, ""internal_energy"": -2.45, ""cluster_size"": 20, ""cluster_id"": 3, ""rank_in_cluster"": 3}",-7.63,0.08,3,CCC(=O)N(c1ccccc1)C1CCN(C(=O)[C@@H](N)C2Cc3ccccc3C2)CC1
576,CCC(=O)N(c1ccccc1)C1CCN(C(=O)[C@@H](N)C2Cc3ccccc3C2)CC1,oracle,autodockgpu,-8.64,energy,3.4252794580304893,3.4252794580304893,"{""free_energy"": -7.19, ""intermolecular_energy"": -9.28, ""internal_energy"": -2.53, ""cluster_size"": 7, ""cluster_id"": 4, ""rank_in_cluster"": 1}",-7.63,0.05,3,CCC(=O)N(c1ccccc1)C1CCN(C(=O)[C@@H](N)C2Cc3ccccc3C2)CC1
577,CCC(=O)N(c1ccccc1)C1CCN(C(=O)[C@@H](N)C2Cc3ccccc3C2)CC1,oracle,autodockgpu,-8.64,energy,3.413496005378543,3.413496005378543,"{""free_energy"": -7.13, ""intermolecular_energy"": -9.21, ""internal_energy"": -2.54, ""cluster_size"": 7, ""cluster_id"": 4, ""rank_in_cluster"": 6}",-7.63,0.07,3,CCC(=O)N(c1ccccc1)C1CCN(C(=O)[C@@H](N)C2Cc3ccccc3C2)CC1
578,CCC(=O)N(c1ccccc1)C1CCN(C(=O)[C@@H](N)C2Cc3ccccc3C2)CC1,oracle,autodockgpu,-8.64,energy,11.25538576650155,11.25538576650155,"{""free_energy"": -7.58, ""intermolecular_energy"": -9.66, ""internal_energy"": -2.44, ""cluster_size"": 11, ""cluster_id"": 2, ""rank_in_cluster"": 8}",-7.63,0.07,3,CCC(=O)N(c1ccccc1)C1CCN(C(=O)[C@@H](N)C2Cc3ccccc3C2)CC1
579,CCC(=O)N(c1ccccc1)C1CCN(C(=O)[C@@H](N)C2Cc3ccccc3C2)CC1,oracle,autodockgpu,-8.64,energy,6.684937138137362,6.684937138137362,"{""free_energy"": -7.53, ""intermolecular_energy"": -9.62, ""internal_energy"": -2.46, ""cluster_size"": 20, ""cluster_id"": 3, ""rank_in_cluster"": 13}",-7.63,0.08,3,CCC(=O)N(c1ccccc1)C1CCN(C(=O)[C@@H](N)C2Cc3ccccc3C2)CC1
580,CCC(=O)N(c1ccccc1)C1CCN(C(=O)[C@@H](N)C2Cc3ccccc3C2)CC1,oracle,autodockgpu,-8.64,energy,12.372486598059483,12.372486598059483,"{""free_energy"": -8.35, ""intermolecular_energy"": -10.44, ""internal_energy"": -1.41, ""cluster_size"": 12, ""cluster_id"": 1, ""rank_in_cluster"": 10}",-7.63,0.15,3,CCC(=O)N(c1ccccc1)C1CCN(C(=O)[C@@H](N)C2Cc3ccccc3C2)CC1
581,CCC(=O)N(c1ccccc1)C1CCN(C(=O)[C@@H](N)C2Cc3ccccc3C2)CC1,oracle,autodockgpu,-8.64,energy,11.152082523565754,11.152082523565754,"{""free_energy"": -7.67, ""intermolecular_energy"": -9.76, ""internal_energy"": -2.39, ""cluster_size"": 11, ""cluster_id"": 2, ""rank_in_cluster"": 6}",-7.63,0.18,3,CCC(=O)N(c1ccccc1)C1CCN(C(=O)[C@@H](N)C2Cc3ccccc3C2)CC1
582,CCC(=O)N(c1ccccc1)C1CCN(C(=O)[C@@H](N)C2Cc3ccccc3C2)CC1,oracle,autodockgpu,-8.64,energy,6.752595892083255,6.752595892083255,"{""free_energy"": -7.45, ""intermolecular_energy"": -9.54, ""internal_energy"": -2.46, ""cluster_size"": 20, ""cluster_id"": 3, ""rank_in_cluster"": 16}",-7.59,0.14,3,CCC(=O)N(c1ccccc1)C1CCN(C(=O)[C@@H](N)C2Cc3ccccc3C2)CC1
583,CCC(=O)N(c1ccccc1)C1CCN(C(=O)[C@@H](N)C2Cc3ccccc3C2)CC1,oracle,autodockgpu,-8.64,energy,3.3807431013959333,3.3807431013959333,"{""free_energy"": -7.17, ""intermolecular_energy"": -9.26, ""internal_energy"": -2.52, ""cluster_size"": 7, ""cluster_id"": 4, ""rank_in_cluster"": 3}",-7.59,0.13,3,CCC(=O)N(c1ccccc1)C1CCN(C(=O)[C@@H](N)C2Cc3ccccc3C2)CC1
584,CCC(=O)N(c1ccccc1)C1CCN(C(=O)[C@@H](N)C2Cc3ccccc3C2)CC1,oracle,autodockgpu,-8.64,energy,11.440805901104913,11.440805901104913,"{""free_energy"": -7.4, ""intermolecular_energy"": -9.49, ""internal_energy"": -2.45, ""cluster_size"": 11, ""cluster_id"": 2, ""rank_in_cluster"": 9}",-7.57,0.15,3,CCC(=O)N(c1ccccc1)C1CCN(C(=O)[C@@H](N)C2Cc3ccccc3C2)CC1
585,CCC(=O)N(c1ccccc1)C1CCN(C(=O)[C@@H](N)C2Cc3ccccc3C2)CC1,oracle,autodockgpu,-8.64,energy,6.8102818954288376,6.8102818954288376,"{""free_energy"": -7.63, ""intermolecular_energy"": -9.72, ""internal_energy"": -2.46, ""cluster_size"": 20, ""cluster_id"": 3, ""rank_in_cluster"": 6}",-7.53,0.64,3,CCC(=O)N(c1ccccc1)C1CCN(C(=O)[C@@H](N)C2Cc3ccccc3C2)CC1
586,CCC(=O)N(c1ccccc1)C1CCN(C(=O)[C@@H](N)C2Cc3ccccc3C2)CC1,oracle,autodockgpu,-8.64,energy,10.982243159707542,10.982243159707542,"{""free_energy"": -7.68, ""intermolecular_energy"": -9.77, ""internal_energy"": -2.4, ""cluster_size"": 11, ""cluster_id"": 2, ""rank_in_cluster"": 5}",-7.52,0.63,3,CCC(=O)N(c1ccccc1)C1CCN(C(=O)[C@@H](N)C2Cc3ccccc3C2)CC1
587,CCC(=O)N(c1ccccc1)C1CCN(C(=O)[C@@H](N)C2Cc3ccccc3C2)CC1,oracle,autodockgpu,-8.64,energy,6.7108616410448505,6.7108616410448505,"{""free_energy"": -7.63, ""intermolecular_energy"": -9.72, ""internal_energy"": -2.44, ""cluster_size"": 20, ""cluster_id"": 3, ""rank_in_cluster"": 9}",-7.51,0.27,3,CCC(=O)N(c1ccccc1)C1CCN(C(=O)[C@@H](N)C2Cc3ccccc3C2)CC1
588,CCC(=O)N(c1ccccc1)C1CCN(C(=O)[C@@H](N)C2Cc3ccccc3C2)CC1,oracle,autodockgpu,-8.64,energy,10.672816207930659,10.672816207930659,"{""free_energy"": -7.15, ""intermolecular_energy"": -9.24, ""internal_energy"": -2.6, ""cluster_size"": 11, ""cluster_id"": 2, ""rank_in_cluster"": 11}",-7.45,0.67,3,CCC(=O)N(c1ccccc1)C1CCN(C(=O)[C@@H](N)C2Cc3ccccc3C2)CC1
589,CCC(=O)N(c1ccccc1)C1CCN(C(=O)[C@@H](N)C2Cc3ccccc3C2)CC1,oracle,autodockgpu,-8.64,energy,12.334822394633665,12.334822394633665,"{""free_energy"": -8.5, ""intermolecular_energy"": -10.59, ""internal_energy"": -1.44, ""cluster_size"": 12, ""cluster_id"": 1, ""rank_in_cluster"": 5}",-7.31,0.6,3,CCC(=O)N(c1ccccc1)C1CCN(C(=O)[C@@H](N)C2Cc3ccccc3C2)CC1
590,CCC(=O)N(c1ccccc1)C1CCN(C(=O)[C@@H](N)C2Cc3ccccc3C2)CC1,oracle,autodockgpu,-8.64,energy,6.7097646701846605,6.7097646701846605,"{""free_energy"": -7.63, ""intermolecular_energy"": -9.72, ""internal_energy"": -2.45, ""cluster_size"": 20, ""cluster_id"": 3, ""rank_in_cluster"": 5}",-7.28,0.62,3,CCC(=O)N(c1ccccc1)C1CCN(C(=O)[C@@H](N)C2Cc3ccccc3C2)CC1
591,CCC(=O)N(c1ccccc1)C1CCN(C(=O)[C@@H](N)C2Cc3ccccc3C2)CC1,oracle,autodockgpu,-8.64,energy,3.4104152719682563,3.4104152719682563,"{""free_energy"": -7.18, ""intermolecular_energy"": -9.27, ""internal_energy"": -2.53, ""cluster_size"": 7, ""cluster_id"": 4, ""rank_in_cluster"": 2}",-7.26,0.74,3,CCC(=O)N(c1ccccc1)C1CCN(C(=O)[C@@H](N)C2Cc3ccccc3C2)CC1
592,CCC(=O)N(c1ccccc1)C1CCN(C(=O)[C@@H](N)C2Cc3ccccc3C2)CC1,oracle,autodockgpu,-8.64,energy,6.876714710946754,6.876714710946754,"{""free_energy"": -7.51, ""intermolecular_energy"": -9.6, ""internal_energy"": -2.47, ""cluster_size"": 20, ""cluster_id"": 3, ""rank_in_cluster"": 15}",-7.26,0.65,3,CCC(=O)N(c1ccccc1)C1CCN(C(=O)[C@@H](N)C2Cc3ccccc3C2)CC1
593,CCC(=O)N(c1ccccc1)C1CCN(C(=O)[C@@H](N)C2Cc3ccccc3C2)CC1,oracle,autodockgpu,-8.64,energy,12.360333542329368,12.360333542329368,"{""free_energy"": -8.39, ""intermolecular_energy"": -10.48, ""internal_energy"": -1.39, ""cluster_size"": 12, ""cluster_id"": 1, ""rank_in_cluster"": 9}",-7.19,0.0,4,CCC(=O)N(c1ccccc1)C1CCN(C(=O)[C@@H](N)C2Cc3ccccc3C2)CC1
594,CCC(=O)N(c1ccccc1)C1CCN(C(=O)[C@@H](N)C2Cc3ccccc3C2)CC1,oracle,autodockgpu,-8.64,energy,6.8307032190901005,6.8307032190901005,"{""free_energy"": -7.59, ""intermolecular_energy"": -9.68, ""internal_energy"": -2.46, ""cluster_size"": 20, ""cluster_id"": 3, ""rank_in_cluster"": 10}",-7.18,0.05,4,CCC(=O)N(c1ccccc1)C1CCN(C(=O)[C@@H](N)C2Cc3ccccc3C2)CC1
595,CCC(=O)N(c1ccccc1)C1CCN(C(=O)[C@@H](N)C2Cc3ccccc3C2)CC1,oracle,autodockgpu,-8.64,energy,12.429829732964738,12.429829732964738,"{""free_energy"": -8.58, ""intermolecular_energy"": -10.67, ""internal_energy"": -1.26, ""cluster_size"": 12, ""cluster_id"": 1, ""rank_in_cluster"": 3}",-7.17,0.08,4,CCC(=O)N(c1ccccc1)C1CCN(C(=O)[C@@H](N)C2Cc3ccccc3C2)CC1
596,CCC(=O)N(c1ccccc1)C1CCN(C(=O)[C@@H](N)C2Cc3ccccc3C2)CC1,oracle,autodockgpu,-8.64,energy,3.4166588803732125,3.4166588803732125,"{""free_energy"": -7.13, ""intermolecular_energy"": -9.22, ""internal_energy"": -2.55, ""cluster_size"": 7, ""cluster_id"": 4, ""rank_in_cluster"": 5}",-7.17,0.17,4,CCC(=O)N(c1ccccc1)C1CCN(C(=O)[C@@H](N)C2Cc3ccccc3C2)CC1
597,CCC(=O)N(c1ccccc1)C1CCN(C(=O)[C@@H](N)C2Cc3ccccc3C2)CC1,oracle,autodockgpu,-8.64,energy,6.741695879744556,6.741695879744556,"{""free_energy"": -7.64, ""intermolecular_energy"": -9.73, ""internal_energy"": -2.45, ""cluster_size"": 20, ""cluster_id"": 3, ""rank_in_cluster"": 2}",-7.13,0.23,4,CCC(=O)N(c1ccccc1)C1CCN(C(=O)[C@@H](N)C2Cc3ccccc3C2)CC1
598,CCC(=O)N(c1ccccc1)C1CCN(C(=O)[C@@H](N)C2Cc3ccccc3C2)CC1,oracle,autodockgpu,-8.64,energy,12.294587940091674,12.294587940091674,"{""free_energy"": -8.3, ""intermolecular_energy"": -10.39, ""internal_energy"": -1.47, ""cluster_size"": 12, ""cluster_id"": 1, ""rank_in_cluster"": 12}",-7.13,0.24,4,CCC(=O)N(c1ccccc1)C1CCN(C(=O)[C@@H](N)C2Cc3ccccc3C2)CC1
599,CCC(=O)N(c1ccccc1)C1CCN(C(=O)[C@@H](N)C2Cc3ccccc3C2)CC1,oracle,autodockgpu,-8.64,energy,6.845931645778747,6.845931645778747,"{""free_energy"": -7.57, ""intermolecular_energy"": -9.66, ""internal_energy"": -2.47, ""cluster_size"": 20, ""cluster_id"": 3, ""rank_in_cluster"": 12}",-7.1,0.32,4,CCC(=O)N(c1ccccc1)C1CCN(C(=O)[C@@H](N)C2Cc3ccccc3C2)CC1
600,O=c1c2ccccc2nc(/C=C/c2cccnc2)n1Cc1ccccc1,oracle,autodockgpu,-7.35,energy,4.3241491687448965,4.3241491687448965,"{""free_energy"": -6.37, ""intermolecular_energy"": -7.86, ""internal_energy"": -2.03, ""cluster_size"": 10, ""cluster_id"": 6, ""rank_in_cluster"": 10}",-7.35,0.0,1,O=c1c2ccccc2nc(/C=C\c2cccnc2)n1Cc1ccccc1
601,O=c1c2ccccc2nc(/C=C/c2cccnc2)n1Cc1ccccc1,oracle,autodockgpu,-7.35,energy,10.124991664425874,10.124991664425874,"{""free_energy"": -7.05, ""intermolecular_energy"": -8.54, ""internal_energy"": -1.48, ""cluster_size"": 23, ""cluster_id"": 3, ""rank_in_cluster"": 19}",-7.32,0.3,1,O=c1c2ccccc2nc(/C=C\c2cccnc2)n1Cc1ccccc1
602,O=c1c2ccccc2nc(/C=C/c2cccnc2)n1Cc1ccccc1,oracle,autodockgpu,-7.35,energy,12.939242910457022,12.939242910457022,"{""free_energy"": -7.35, ""intermolecular_energy"": -8.84, ""internal_energy"": -1.16, ""cluster_size"": 5, ""cluster_id"": 1, ""rank_in_cluster"": 1}",-7.08,0.76,1,O=c1c2ccccc2nc(/C=C/c2cccnc2)n1Cc1ccccc1
603,O=c1c2ccccc2nc(/C=C/c2cccnc2)n1Cc1ccccc1,oracle,autodockgpu,-7.35,energy,4.618025394432923,4.618025394432923,"{""free_energy"": -6.66, ""intermolecular_energy"": -8.15, ""internal_energy"": -1.79, ""cluster_size"": 10, ""cluster_id"": 6, ""rank_in_cluster"": 4}",-6.94,1.89,1,O=c1c2ccccc2nc(/C=C\c2cccnc2)n1Cc1ccccc1
604,O=c1c2ccccc2nc(/C=C/c2cccnc2)n1Cc1ccccc1,oracle,autodockgpu,-7.35,energy,13.029042792247298,13.029042792247298,"{""free_energy"": -6.89, ""intermolecular_energy"": -8.38, ""internal_energy"": -1.53, ""cluster_size"": 1, ""cluster_id"": 7, ""rank_in_cluster"": 1}",-6.85,2.0,1,O=c1c2ccccc2nc(/C=C\c2cccnc2)n1Cc1ccccc1
605,O=c1c2ccccc2nc(/C=C/c2cccnc2)n1Cc1ccccc1,oracle,autodockgpu,-7.35,energy,4.667754368958742,4.667754368958742,"{""free_energy"": -7.25, ""intermolecular_energy"": -8.74, ""internal_energy"": -1.34, ""cluster_size"": 6, ""cluster_id"": 2, ""rank_in_cluster"": 3}",-7.26,0.0,2,O=c1c2ccccc2nc(/C=C\c2cccnc2)n1Cc1ccccc1
606,O=c1c2ccccc2nc(/C=C/c2cccnc2)n1Cc1ccccc1,oracle,autodockgpu,-7.35,energy,4.542220691172963,4.542220691172963,"{""free_energy"": -6.89, ""intermolecular_energy"": -8.38, ""internal_energy"": -1.67, ""cluster_size"": 10, ""cluster_id"": 6, ""rank_in_cluster"": 1}",-7.25,0.06,2,O=c1c2ccccc2nc(/C=C\c2cccnc2)n1Cc1ccccc1
607,O=c1c2ccccc2nc(/C=C/c2cccnc2)n1Cc1ccccc1,oracle,autodockgpu,-7.35,energy,4.956888416753619,4.956888416753619,"{""free_energy"": -7.24, ""intermolecular_energy"": -8.73, ""internal_energy"": -1.33, ""cluster_size"": 6, ""cluster_id"": 2, ""rank_in_cluster"": 5}",-7.25,0.09,2,O=c1c2ccccc2nc(/C=C\c2cccnc2)n1Cc1ccccc1
608,O=c1c2ccccc2nc(/C=C/c2cccnc2)n1Cc1ccccc1,oracle,autodockgpu,-7.35,energy,8.879088187327481,8.879088187327481,"{""free_energy"": -7.02, ""intermolecular_energy"": -8.51, ""internal_energy"": -1.35, ""cluster_size"": 4, ""cluster_id"": 5, ""rank_in_cluster"": 4}",-7.25,0.08,2,O=c1c2ccccc2nc(/C=C\c2cccnc2)n1Cc1ccccc1
609,O=c1c2ccccc2nc(/C=C/c2cccnc2)n1Cc1ccccc1,oracle,autodockgpu,-7.35,energy,10.071816979107911,10.071816979107911,"{""free_energy"": -7.05, ""intermolecular_energy"": -8.54, ""internal_energy"": -1.47, ""cluster_size"": 23, ""cluster_id"": 3, ""rank_in_cluster"": 18}",-7.24,0.09,2,O=c1c2ccccc2nc(/C=C\c2cccnc2)n1Cc1ccccc1
610,O=c1c2ccccc2nc(/C=C/c2cccnc2)n1Cc1ccccc1,oracle,autodockgpu,-7.35,energy,8.649511070772052,8.649511070772052,"{""free_energy"": -7.13, ""intermolecular_energy"": -8.62, ""internal_energy"": -1.43, ""cluster_size"": 4, ""cluster_id"": 5, ""rank_in_cluster"": 3}",-7.24,0.16,2,O=c1c2ccccc2nc(/C=C\c2cccnc2)n1Cc1ccccc1
611,O=c1c2ccccc2nc(/C=C/c2cccnc2)n1Cc1ccccc1,oracle,autodockgpu,-7.35,energy,12.76808884875597,12.76808884875597,"{""free_energy"": -7.32, ""intermolecular_energy"": -8.81, ""internal_energy"": -1.22, ""cluster_size"": 5, ""cluster_id"": 1, ""rank_in_cluster"": 2}",-7.21,0.0,3,O=c1c2ccccc2nc(/C=C\c2cccnc2)n1Cc1ccccc1
612,O=c1c2ccccc2nc(/C=C/c2cccnc2)n1Cc1ccccc1,oracle,autodockgpu,-7.35,energy,4.955638306410159,4.955638306410159,"{""free_energy"": -7.26, ""intermolecular_energy"": -8.75, ""internal_energy"": -1.33, ""cluster_size"": 6, ""cluster_id"": 2, ""rank_in_cluster"": 1}",-7.19,0.18,3,O=c1c2ccccc2nc(/C=C\c2cccnc2)n1Cc1ccccc1
613,O=c1c2ccccc2nc(/C=C/c2cccnc2)n1Cc1ccccc1,oracle,autodockgpu,-7.35,energy,10.032865674297488,10.032865674297488,"{""free_energy"": -7.08, ""intermolecular_energy"": -8.57, ""internal_energy"": -1.42, ""cluster_size"": 23, ""cluster_id"": 3, ""rank_in_cluster"": 9}",-7.19,0.04,3,O=c1c2ccccc2nc(/C=C\c2cccnc2)n1Cc1ccccc1
614,O=c1c2ccccc2nc(/C=C/c2cccnc2)n1Cc1ccccc1,oracle,autodockgpu,-7.35,energy,4.980554323632756,4.980554323632756,"{""free_energy"": -7.25, ""intermolecular_energy"": -8.74, ""internal_energy"": -1.33, ""cluster_size"": 6, ""cluster_id"": 2, ""rank_in_cluster"": 2}",-7.12,0.13,3,O=c1c2ccccc2nc(/C=C\c2cccnc2)n1Cc1ccccc1
615,O=c1c2ccccc2nc(/C=C/c2cccnc2)n1Cc1ccccc1,oracle,autodockgpu,-7.35,energy,10.152891590965782,10.152891590965782,"{""free_energy"": -7.0, ""intermolecular_energy"": -8.49, ""internal_energy"": -1.51, ""cluster_size"": 23, ""cluster_id"": 3, ""rank_in_cluster"": 20}",-7.12,0.14,3,O=c1c2ccccc2nc(/C=C\c2cccnc2)n1Cc1ccccc1
616,O=c1c2ccccc2nc(/C=C/c2cccnc2)n1Cc1ccccc1,oracle,autodockgpu,-7.35,energy,10.11461464491115,10.11461464491115,"{""free_energy"": -7.08, ""intermolecular_energy"": -8.57, ""internal_energy"": -1.47, ""cluster_size"": 23, ""cluster_id"": 3, ""rank_in_cluster"": 10}",-7.11,0.14,3,O=c1c2ccccc2nc(/C=C\c2cccnc2)n1Cc1ccccc1
617,O=c1c2ccccc2nc(/C=C/c2cccnc2)n1Cc1ccccc1,oracle,autodockgpu,-7.35,energy,10.110686494070562,10.110686494070562,"{""free_energy"": -7.0, ""intermolecular_energy"": -8.49, ""internal_energy"": -1.5, ""cluster_size"": 23, ""cluster_id"": 3, ""rank_in_cluster"": 21}",-7.11,0.14,3,O=c1c2ccccc2nc(/C=C\c2cccnc2)n1Cc1ccccc1
618,O=c1c2ccccc2nc(/C=C/c2cccnc2)n1Cc1ccccc1,oracle,autodockgpu,-7.35,energy,8.601036554052047,8.601036554052047,"{""free_energy"": -7.15, ""intermolecular_energy"": -8.64, ""internal_energy"": -1.46, ""cluster_size"": 4, ""cluster_id"": 5, ""rank_in_cluster"": 1}",-7.08,0.17,3,O=c1c2ccccc2nc(/C=C\c2cccnc2)n1Cc1ccccc1
619,O=c1c2ccccc2nc(/C=C/c2cccnc2)n1Cc1ccccc1,oracle,autodockgpu,-7.35,energy,10.174519330160619,10.174519330160619,"{""free_energy"": -7.06, ""intermolecular_energy"": -8.55, ""internal_energy"": -1.48, ""cluster_size"": 23, ""cluster_id"": 3, ""rank_in_cluster"": 13}",-7.08,0.22,3,O=c1c2ccccc2nc(/C=C\c2cccnc2)n1Cc1ccccc1
620,O=c1c2ccccc2nc(/C=C/c2cccnc2)n1Cc1ccccc1,oracle,autodockgpu,-7.35,energy,5.001213441038118,5.001213441038118,"{""free_energy"": -7.24, ""intermolecular_energy"": -8.73, ""internal_energy"": -1.32, ""cluster_size"": 6, ""cluster_id"": 2, ""rank_in_cluster"": 6}",-7.08,0.18,3,O=c1c2ccccc2nc(/C=C\c2cccnc2)n1Cc1ccccc1
621,O=c1c2ccccc2nc(/C=C/c2cccnc2)n1Cc1ccccc1,oracle,autodockgpu,-7.35,energy,10.110588408017128,10.110588408017128,"{""free_energy"": -7.06, ""intermolecular_energy"": -8.55, ""internal_energy"": -1.47, ""cluster_size"": 23, ""cluster_id"": 3, ""rank_in_cluster"": 16}",-7.07,0.2,3,O=c1c2ccccc2nc(/C=C\c2cccnc2)n1Cc1ccccc1
622,O=c1c2ccccc2nc(/C=C/c2cccnc2)n1Cc1ccccc1,oracle,autodockgpu,-7.35,energy,12.895077811817059,12.895077811817059,"{""free_energy"": -6.94, ""intermolecular_energy"": -8.43, ""internal_energy"": -1.48, ""cluster_size"": 5, ""cluster_id"": 1, ""rank_in_cluster"": 4}",-7.06,0.2,3,O=c1c2ccccc2nc(/C=C\c2cccnc2)n1Cc1ccccc1
623,O=c1c2ccccc2nc(/C=C/c2cccnc2)n1Cc1ccccc1,oracle,autodockgpu,-7.35,energy,8.630822862584646,8.630822862584646,"{""free_energy"": -7.14, ""intermolecular_energy"": -8.63, ""internal_energy"": -1.41, ""cluster_size"": 4, ""cluster_id"": 5, ""rank_in_cluster"": 2}",-7.06,0.22,3,O=c1c2ccccc2nc(/C=C\c2cccnc2)n1Cc1ccccc1
624,O=c1c2ccccc2nc(/C=C/c2cccnc2)n1Cc1ccccc1,oracle,autodockgpu,-7.35,energy,4.428334895349583,4.428334895349583,"{""free_energy"": -6.51, ""intermolecular_energy"": -8.0, ""internal_energy"": -1.97, ""cluster_size"": 10, ""cluster_id"": 6, ""rank_in_cluster"": 6}",-7.06,0.26,3,O=c1c2ccccc2nc(/C=C\c2cccnc2)n1Cc1ccccc1
625,O=c1c2ccccc2nc(/C=C/c2cccnc2)n1Cc1ccccc1,oracle,autodockgpu,-7.35,energy,10.007485467070168,10.007485467070168,"{""free_energy"": -7.06, ""intermolecular_energy"": -8.55, ""internal_energy"": -1.39, ""cluster_size"": 23, ""cluster_id"": 3, ""rank_in_cluster"": 14}",-7.06,0.19,3,O=c1c2ccccc2nc(/C=C\c2cccnc2)n1Cc1ccccc1
626,O=c1c2ccccc2nc(/C=C/c2cccnc2)n1Cc1ccccc1,oracle,autodockgpu,-7.35,energy,4.2103833661161225,4.2103833661161225,"{""free_energy"": -6.44, ""intermolecular_energy"": -7.93, ""internal_energy"": -1.88, ""cluster_size"": 10, ""cluster_id"": 6, ""rank_in_cluster"": 8}",-7.06,0.19,3,O=c1c2ccccc2nc(/C=C/c2cccnc2)n1Cc1ccccc1
627,O=c1c2ccccc2nc(/C=C/c2cccnc2)n1Cc1ccccc1,oracle,autodockgpu,-7.35,energy,10.276443127761151,10.276443127761151,"{""free_energy"": -6.91, ""intermolecular_energy"": -8.41, ""internal_energy"": -1.48, ""cluster_size"": 23, ""cluster_id"": 3, ""rank_in_cluster"": 22}",-7.06,0.21,3,O=c1c2ccccc2nc(/C=C\c2cccnc2)n1Cc1ccccc1
628,O=c1c2ccccc2nc(/C=C/c2cccnc2)n1Cc1ccccc1,oracle,autodockgpu,-7.35,energy,12.769543870421307,12.769543870421307,"{""free_energy"": -7.08, ""intermolecular_energy"": -8.57, ""internal_energy"": -1.34, ""cluster_size"": 5, ""cluster_id"": 1, ""rank_in_cluster"": 3}",-7.05,0.17,3,O=c1c2ccccc2nc(/C=C\c2cccnc2)n1Cc1ccccc1
629,O=c1c2ccccc2nc(/C=C/c2cccnc2)n1Cc1ccccc1,oracle,autodockgpu,-7.35,energy,7.996735471073844,7.996735471073844,"{""free_energy"": -7.16, ""intermolecular_energy"": -8.65, ""internal_energy"": -1.11, ""cluster_size"": 1, ""cluster_id"": 4, ""rank_in_cluster"": 1}",-7.05,0.19,3,O=c1c2ccccc2nc(/C=C/c2cccnc2)n1Cc1ccccc1
630,O=c1c2ccccc2nc(/C=C/c2cccnc2)n1Cc1ccccc1,oracle,autodockgpu,-7.35,energy,10.157100357058146,10.157100357058146,"{""free_energy"": -7.12, ""intermolecular_energy"": -8.61, ""internal_energy"": -1.46, ""cluster_size"": 23, ""cluster_id"": 3, ""rank_in_cluster"": 4}",-7.0,0.25,3,O=c1c2ccccc2nc(/C=C\c2cccnc2)n1Cc1ccccc1
631,O=c1c2ccccc2nc(/C=C/c2cccnc2)n1Cc1ccccc1,oracle,autodockgpu,-7.35,energy,10.097291792094987,10.097291792094987,"{""free_energy"": -7.06, ""intermolecular_energy"": -8.55, ""internal_energy"": -1.47, ""cluster_size"": 23, ""cluster_id"": 3, ""rank_in_cluster"": 15}",-7.0,0.23,3,O=c1c2ccccc2nc(/C=C\c2cccnc2)n1Cc1ccccc1
632,O=c1c2ccccc2nc(/C=C/c2cccnc2)n1Cc1ccccc1,oracle,autodockgpu,-7.35,energy,4.565553851991554,4.565553851991554,"{""free_energy"": -6.65, ""intermolecular_energy"": -8.15, ""internal_energy"": -1.86, ""cluster_size"": 10, ""cluster_id"": 6, ""rank_in_cluster"": 5}",-6.91,0.42,3,O=c1c2ccccc2nc(/C=C\c2cccnc2)n1Cc1ccccc1
633,O=c1c2ccccc2nc(/C=C/c2cccnc2)n1Cc1ccccc1,oracle,autodockgpu,-7.35,energy,4.622880431290167,4.622880431290167,"{""free_energy"": -7.25, ""intermolecular_energy"": -8.74, ""internal_energy"": -1.34, ""cluster_size"": 6, ""cluster_id"": 2, ""rank_in_cluster"": 4}",-6.91,0.41,3,O=c1c2ccccc2nc(/C=C\c2cccnc2)n1Cc1ccccc1
634,O=c1c2ccccc2nc(/C=C/c2cccnc2)n1Cc1ccccc1,oracle,autodockgpu,-7.35,energy,10.089567466630788,10.089567466630788,"{""free_energy"": -7.11, ""intermolecular_energy"": -8.6, ""internal_energy"": -1.45, ""cluster_size"": 23, ""cluster_id"": 3, ""rank_in_cluster"": 7}",-7.16,0.0,4,O=c1c2ccccc2nc(/C=C\c2cccnc2)n1Cc1ccccc1
635,O=c1c2ccccc2nc(/C=C/c2cccnc2)n1Cc1ccccc1,oracle,autodockgpu,-7.35,energy,10.14285724343385,10.14285724343385,"{""free_energy"": -7.19, ""intermolecular_energy"": -8.68, ""internal_energy"": -1.41, ""cluster_size"": 23, ""cluster_id"": 3, ""rank_in_cluster"": 3}",-7.15,0.0,5,O=c1c2ccccc2nc(/C=C\c2cccnc2)n1Cc1ccccc1
636,O=c1c2ccccc2nc(/C=C/c2cccnc2)n1Cc1ccccc1,oracle,autodockgpu,-7.35,energy,10.103179839384046,10.103179839384046,"{""free_energy"": -7.06, ""intermolecular_energy"": -8.55, ""internal_energy"": -1.46, ""cluster_size"": 23, ""cluster_id"": 3, ""rank_in_cluster"": 12}",-7.14,0.11,5,O=c1c2ccccc2nc(/C=C\c2cccnc2)n1Cc1ccccc1
637,O=c1c2ccccc2nc(/C=C/c2cccnc2)n1Cc1ccccc1,oracle,autodockgpu,-7.35,energy,10.137866573601784,10.137866573601784,"{""free_energy"": -7.11, ""intermolecular_energy"": -8.6, ""internal_energy"": -1.46, ""cluster_size"": 23, ""cluster_id"": 3, ""rank_in_cluster"": 6}",-7.13,0.14,5,O=c1c2ccccc2nc(/C=C\c2cccnc2)n1Cc1ccccc1
638,O=c1c2ccccc2nc(/C=C/c2cccnc2)n1Cc1ccccc1,oracle,autodockgpu,-7.35,energy,10.066034262866058,10.066034262866058,"{""free_energy"": -7.06, ""intermolecular_energy"": -8.55, ""internal_energy"": -1.45, ""cluster_size"": 23, ""cluster_id"": 3, ""rank_in_cluster"": 17}",-7.02,0.17,5,O=c1c2ccccc2nc(/C=C\c2cccnc2)n1Cc1ccccc1
639,O=c1c2ccccc2nc(/C=C/c2cccnc2)n1Cc1ccccc1,oracle,autodockgpu,-7.35,energy,12.917774108971328,12.917774108971328,"{""free_energy"": -6.85, ""intermolecular_energy"": -8.34, ""internal_energy"": -1.49, ""cluster_size"": 5, ""cluster_id"": 1, ""rank_in_cluster"": 5}",-6.89,0.0,6,O=c1c2ccccc2nc(/C=C\c2cccnc2)n1Cc1ccccc1
640,O=c1c2ccccc2nc(/C=C/c2cccnc2)n1Cc1ccccc1,oracle,autodockgpu,-7.35,energy,4.384851218022742,4.384851218022742,"{""free_energy"": -6.44, ""intermolecular_energy"": -7.93, ""internal_energy"": -2.02, ""cluster_size"": 10, ""cluster_id"": 6, ""rank_in_cluster"": 9}",-6.74,0.38,6,O=c1c2ccccc2nc(/C=C\c2cccnc2)n1Cc1ccccc1
641,O=c1c2ccccc2nc(/C=C/c2cccnc2)n1Cc1ccccc1,oracle,autodockgpu,-7.35,energy,10.1464733984787,10.1464733984787,"{""free_energy"": -7.12, ""intermolecular_energy"": -8.61, ""internal_energy"": -1.47, ""cluster_size"": 23, ""cluster_id"": 3, ""rank_in_cluster"": 5}",-6.7,0.2,6,O=c1c2ccccc2nc(/C=C\c2cccnc2)n1Cc1ccccc1
642,O=c1c2ccccc2nc(/C=C/c2cccnc2)n1Cc1ccccc1,oracle,autodockgpu,-7.35,energy,10.22278705170635,10.22278705170635,"{""free_energy"": -7.19, ""intermolecular_energy"": -8.68, ""internal_energy"": -1.38, ""cluster_size"": 23, ""cluster_id"": 3, ""rank_in_cluster"": 2}",-6.66,0.27,6,O=c1c2ccccc2nc(/C=C\c2cccnc2)n1Cc1ccccc1
643,O=c1c2ccccc2nc(/C=C/c2cccnc2)n1Cc1ccccc1,oracle,autodockgpu,-7.35,energy,10.142369761865003,10.142369761865003,"{""free_energy"": -7.21, ""intermolecular_energy"": -8.7, ""internal_energy"": -1.39, ""cluster_size"": 23, ""cluster_id"": 3, ""rank_in_cluster"": 1}",-6.65,0.32,6,O=c1c2ccccc2nc(/C=C\c2cccnc2)n1Cc1ccccc1
644,O=c1c2ccccc2nc(/C=C/c2cccnc2)n1Cc1ccccc1,oracle,autodockgpu,-7.35,energy,4.473430100047947,4.473430100047947,"{""free_energy"": -6.7, ""intermolecular_energy"": -8.19, ""internal_energy"": -1.84, ""cluster_size"": 10, ""cluster_id"": 6, ""rank_in_cluster"": 3}",-6.51,0.65,6,O=c1c2ccccc2nc(/C=C\c2cccnc2)n1Cc1ccccc1
645,O=c1c2ccccc2nc(/C=C/c2cccnc2)n1Cc1ccccc1,oracle,autodockgpu,-7.35,energy,10.261304989503556,10.261304989503556,"{""free_energy"": -6.91, ""intermolecular_energy"": -8.4, ""internal_energy"": -1.5, ""cluster_size"": 23, ""cluster_id"": 3, ""rank_in_cluster"": 23}",-6.5,0.65,6,O=c1c2ccccc2nc(/C=C\c2cccnc2)n1Cc1ccccc1
646,O=c1c2ccccc2nc(/C=C/c2cccnc2)n1Cc1ccccc1,oracle,autodockgpu,-7.35,energy,10.052547485127214,10.052547485127214,"{""free_energy"": -7.07, ""intermolecular_energy"": -8.56, ""internal_energy"": -1.45, ""cluster_size"": 23, ""cluster_id"": 3, ""rank_in_cluster"": 11}",-6.44,1.65,6,O=c1c2ccccc2nc(/C=C\c2cccnc2)n1Cc1ccccc1
647,O=c1c2ccccc2nc(/C=C/c2cccnc2)n1Cc1ccccc1,oracle,autodockgpu,-7.35,energy,4.390722447164461,4.390722447164461,"{""free_energy"": -6.74, ""intermolecular_energy"": -8.23, ""internal_energy"": -1.83, ""cluster_size"": 10, ""cluster_id"": 6, ""rank_in_cluster"": 2}",-6.44,0.7,6,O=c1c2ccccc2nc(/C=C\c2cccnc2)n1Cc1ccccc1
648,O=c1c2ccccc2nc(/C=C/c2cccnc2)n1Cc1ccccc1,oracle,autodockgpu,-7.35,energy,4.257544043688553,4.257544043688553,"{""free_energy"": -6.5, ""intermolecular_energy"": -7.99, ""internal_energy"": -2.0, ""cluster_size"": 10, ""cluster_id"": 6, ""rank_in_cluster"": 7}",-6.37,0.75,6,O=c1c2ccccc2nc(/C=C\c2cccnc2)n1Cc1ccccc1
649,O=c1c2ccccc2nc(/C=C/c2cccnc2)n1Cc1ccccc1,oracle,autodockgpu,-7.35,energy,10.145410304968605,10.145410304968605,"{""free_energy"": -7.08, ""intermolecular_energy"": -8.57, ""internal_energy"": -1.47, ""cluster_size"": 23, ""cluster_id"": 3, ""rank_in_cluster"": 8}",-6.89,0.0,7,O=c1c2ccccc2nc(/C=C\c2cccnc2)n1Cc1ccccc1
650,NC(=O)c1ccc2cc(C(=O)N3C[C@]4(CCN(C5CCNC5)C4)c4ccccc43)[nH]c2c1,oracle,autodockgpu,-9.4,energy,2.5839841454489307,2.5839841454489307,"{""free_energy"": -8.24, ""intermolecular_energy"": -9.44, ""internal_energy"": -1.21, ""cluster_size"": 5, ""cluster_id"": 5, ""rank_in_cluster"": 2}",-9.4,0.0,1,NC(=O)c1ccc2cc(C(=O)N3C[C@]4(CCN([C@@H]5CCNC5)C4)c4ccccc43)[nH]c2c1
651,NC(=O)c1ccc2cc(C(=O)N3C[C@]4(CCN(C5CCNC5)C4)c4ccccc43)[nH]c2c1,oracle,autodockgpu,-9.4,energy,6.7541637482928705,6.7541637482928705,"{""free_energy"": -8.41, ""intermolecular_energy"": -9.6, ""internal_energy"": -1.26, ""cluster_size"": 3, ""cluster_id"": 2, ""rank_in_cluster"": 2}",-9.39,0.2,1,NC(=O)c1ccc2cc(C(=O)N3C[C@]4(CCN([C@@H]5CCNC5)C4)c4ccccc43)[nH]c2c1
652,NC(=O)c1ccc2cc(C(=O)N3C[C@]4(CCN(C5CCNC5)C4)c4ccccc43)[nH]c2c1,oracle,autodockgpu,-9.4,energy,7.215813216579769,7.215813216579769,"{""free_energy"": -9.36, ""intermolecular_energy"": -10.55, ""internal_energy"": -1.23, ""cluster_size"": 33, ""cluster_id"": 1, ""rank_in_cluster"": 5}",-9.37,0.18,1,NC(=O)c1ccc2cc(C(=O)N3C[C@]4(CCN([C@@H]5CCNC5)C4)c4ccccc43)[nH]c2c1
653,NC(=O)c1ccc2cc(C(=O)N3C[C@]4(CCN(C5CCNC5)C4)c4ccccc43)[nH]c2c1,oracle,autodockgpu,-9.4,energy,6.251186954704644,6.251186954704644,"{""free_energy"": -8.07, ""intermolecular_energy"": -9.27, ""internal_energy"": -1.43, ""cluster_size"": 6, ""cluster_id"": 3, ""rank_in_cluster"": 4}",-9.36,0.93,1,NC(=O)c1ccc2cc(C(=O)N3C[C@]4(CCN([C@@H]5CCNC5)C4)c4ccccc43)[nH]c2c1
654,NC(=O)c1ccc2cc(C(=O)N3C[C@]4(CCN(C5CCNC5)C4)c4ccccc43)[nH]c2c1,oracle,autodockgpu,-9.4,energy,6.789250507343042,6.789250507343042,"{""free_energy"": -8.41, ""intermolecular_energy"": -9.61, ""internal_energy"": -1.25, ""cluster_size"": 3, ""cluster_id"": 2, ""rank_in_cluster"": 1}",-9.36,0.93,1,NC(=O)c1ccc2cc(C(=O)N3C[C@]4(CCN([C@@H]5CCNC5)C4)c4ccccc43)[nH]c2c1
655,NC(=O)c1ccc2cc(C(=O)N3C[C@]4(CCN(C5CCNC5)C4)c4ccccc43)[nH]c2c1,oracle,autodockgpu,-9.4,energy,6.349247451117078,6.349247451117078,"{""free_energy"": -8.37, ""intermolecular_energy"": -9.57, ""internal_energy"": -1.36, ""cluster_size"": 6, ""cluster_id"": 3, ""rank_in_cluster"": 1}",-9.36,0.93,1,NC(=O)c1ccc2cc(C(=O)N3C[C@]4(CCN([C@@H]5CCNC5)C4)c4ccccc43)[nH]c2c1
656,NC(=O)c1ccc2cc(C(=O)N3C[C@]4(CCN(C5CCNC5)C4)c4ccccc43)[nH]c2c1,oracle,autodockgpu,-9.4,energy,9.444416874657199,9.444416874657199,"{""free_energy"": -8.24, ""intermolecular_energy"": -9.44, ""internal_energy"": -1.29, ""cluster_size"": 3, ""cluster_id"": 4, ""rank_in_cluster"": 3}",-9.33,0.94,1,NC(=O)c1ccc2cc(C(=O)N3C[C@]4(CCN([C@@H]5CCNC5)C4)c4ccccc43)[nH]c2c1
657,NC(=O)c1ccc2cc(C(=O)N3C[C@]4(CCN(C5CCNC5)C4)c4ccccc43)[nH]c2c1,oracle,autodockgpu,-9.4,energy,7.172435742321831,7.172435742321831,"{""free_energy"": -9.24, ""intermolecular_energy"": -10.43, ""internal_energy"": -1.24, ""cluster_size"": 33, ""cluster_id"": 1, ""rank_in_cluster"": 11}",-9.31,0.95,1,NC(=O)c1ccc2cc(C(=O)N3C[C@]4(CCN([C@@H]5CCNC5)C4)c4ccccc43)[nH]c2c1
658,NC(=O)c1ccc2cc(C(=O)N3C[C@]4(CCN(C5CCNC5)C4)c4ccccc43)[nH]c2c1,oracle,autodockgpu,-9.4,energy,6.75270749068949,6.75270749068949,"{""free_energy"": -8.74, ""intermolecular_energy"": -9.93, ""internal_energy"": -1.18, ""cluster_size"": 33, ""cluster_id"": 1, ""rank_in_cluster"": 30}",-9.3,0.93,1,NC(=O)c1ccc2cc(C(=O)N3C[C@]4(CCN([C@@H]5CCNC5)C4)c4ccccc43)[nH]c2c1
659,NC(=O)c1ccc2cc(C(=O)N3C[C@]4(CCN(C5CCNC5)C4)c4ccccc43)[nH]c2c1,oracle,autodockgpu,-9.4,energy,7.184855456120498,7.184855456120498,"{""free_energy"": -9.0, ""intermolecular_energy"": -10.19, ""internal_energy"": -1.22, ""cluster_size"": 33, ""cluster_id"": 1, ""rank_in_cluster"": 22}",-9.28,0.93,1,NC(=O)c1ccc2cc(C(=O)N3C[C@]4(CCN([C@@H]5CCNC5)C4)c4ccccc43)[nH]c2c1
660,NC(=O)c1ccc2cc(C(=O)N3C[C@]4(CCN(C5CCNC5)C4)c4ccccc43)[nH]c2c1,oracle,autodockgpu,-9.4,energy,6.989321357231804,6.989321357231804,"{""free_energy"": -8.64, ""intermolecular_energy"": -9.83, ""internal_energy"": -1.22, ""cluster_size"": 33, ""cluster_id"": 1, ""rank_in_cluster"": 31}",-9.24,0.95,1,NC(=O)c1ccc2cc(C(=O)N3C[C@]4(CCN([C@@H]5CCNC5)C4)c4ccccc43)[nH]c2c1
661,NC(=O)c1ccc2cc(C(=O)N3C[C@]4(CCN(C5CCNC5)C4)c4ccccc43)[nH]c2c1,oracle,autodockgpu,-9.4,energy,7.184190442412267,7.184190442412267,"{""free_energy"": -9.33, ""intermolecular_energy"": -10.52, ""internal_energy"": -1.24, ""cluster_size"": 33, ""cluster_id"": 1, ""rank_in_cluster"": 7}",-9.22,0.56,1,NC(=O)c1ccc2cc(C(=O)N3C[C@]4(CCN([C@@H]5CCNC5)C4)c4ccccc43)[nH]c2c1
662,NC(=O)c1ccc2cc(C(=O)N3C[C@]4(CCN(C5CCNC5)C4)c4ccccc43)[nH]c2c1,oracle,autodockgpu,-9.4,energy,6.830055581388295,6.830055581388295,"{""free_energy"": -9.01, ""intermolecular_energy"": -10.2, ""internal_energy"": -1.2, ""cluster_size"": 33, ""cluster_id"": 1, ""rank_in_cluster"": 21}",-9.19,0.55,1,NC(=O)c1ccc2cc(C(=O)N3C[C@]4(CCN([C@@H]5CCNC5)C4)c4ccccc43)[nH]c2c1
663,NC(=O)c1ccc2cc(C(=O)N3C[C@]4(CCN(C5CCNC5)C4)c4ccccc43)[nH]c2c1,oracle,autodockgpu,-9.4,energy,7.264988309178152,7.264988309178152,"{""free_energy"": -8.98, ""intermolecular_energy"": -10.18, ""internal_energy"": -1.21, ""cluster_size"": 33, ""cluster_id"": 1, ""rank_in_cluster"": 23}",-9.17,0.98,1,NC(=O)c1ccc2cc(C(=O)N3C[C@]4(CCN([C@@H]5CCNC5)C4)c4ccccc43)[nH]c2c1
664,NC(=O)c1ccc2cc(C(=O)N3C[C@]4(CCN(C5CCNC5)C4)c4ccccc43)[nH]c2c1,oracle,autodockgpu,-9.4,energy,7.13185264562551,7.13185264562551,"{""free_energy"": -8.96, ""intermolecular_energy"": -10.15, ""internal_energy"": -1.15, ""cluster_size"": 33, ""cluster_id"": 1, ""rank_in_cluster"": 25}",-9.14,0.98,1,NC(=O)c1ccc2cc(C(=O)N3C[C@]4(CCN([C@@H]5CCNC5)C4)c4ccccc43)[nH]c2c1
665,NC(=O)c1ccc2cc(C(=O)N3C[C@]4(CCN(C5CCNC5)C4)c4ccccc43)[nH]c2c1,oracle,autodockgpu,-9.4,energy,6.41548163283818,6.41548163283818,"{""free_energy"": -8.04, ""intermolecular_energy"": -9.23, ""internal_energy"": -1.38, ""cluster_size"": 6, ""cluster_id"": 3, ""rank_in_cluster"": 5}",-9.11,0.58,1,NC(=O)c1ccc2cc(C(=O)N3C[C@]4(CCN([C@@H]5CCNC5)C4)c4ccccc43)[nH]c2c1
666,NC(=O)c1ccc2cc(C(=O)N3C[C@]4(CCN(C5CCNC5)C4)c4ccccc43)[nH]c2c1,oracle,autodockgpu,-9.4,energy,6.893564568306567,6.893564568306567,"{""free_energy"": -9.19, ""intermolecular_energy"": -10.38, ""internal_energy"": -1.18, ""cluster_size"": 33, ""cluster_id"": 1, ""rank_in_cluster"": 13}",-9.1,1.0,1,NC(=O)c1ccc2cc(C(=O)N3C[C@]4(CCN([C@@H]5CCNC5)C4)c4ccccc43)[nH]c2c1
667,NC(=O)c1ccc2cc(C(=O)N3C[C@]4(CCN(C5CCNC5)C4)c4ccccc43)[nH]c2c1,oracle,autodockgpu,-9.4,energy,7.234908779211234,7.234908779211234,"{""free_energy"": -9.28, ""intermolecular_energy"": -10.48, ""internal_energy"": -1.24, ""cluster_size"": 33, ""cluster_id"": 1, ""rank_in_cluster"": 10}",-9.08,0.59,1,NC(=O)c1ccc2cc(C(=O)N3C[C@]4(CCN([C@@H]5CCNC5)C4)c4ccccc43)[nH]c2c1
668,NC(=O)c1ccc2cc(C(=O)N3C[C@]4(CCN(C5CCNC5)C4)c4ccccc43)[nH]c2c1,oracle,autodockgpu,-9.4,energy,6.814012867900602,6.814012867900602,"{""free_energy"": -8.98, ""intermolecular_energy"": -10.17, ""internal_energy"": -1.15, ""cluster_size"": 33, ""cluster_id"": 1, ""rank_in_cluster"": 24}",-9.01,0.99,1,NC(=O)c1ccc2cc(C(=O)N3C[C@]4(CCN([C@@H]5CCNC5)C4)c4ccccc43)[nH]c2c1
669,NC(=O)c1ccc2cc(C(=O)N3C[C@]4(CCN(C5CCNC5)C4)c4ccccc43)[nH]c2c1,oracle,autodockgpu,-9.4,energy,7.1505487087323765,7.1505487087323765,"{""free_energy"": -9.17, ""intermolecular_energy"": -10.36, ""internal_energy"": -1.25, ""cluster_size"": 33, ""cluster_id"": 1, ""rank_in_cluster"": 14}",-9.01,0.99,1,NC(=O)c1ccc2cc(C(=O)N3C[C@]4(CCN([C@@H]5CCNC5)C4)c4ccccc43)[nH]c2c1
670,NC(=O)c1ccc2cc(C(=O)N3C[C@]4(CCN(C5CCNC5)C4)c4ccccc43)[nH]c2c1,oracle,autodockgpu,-9.4,energy,6.167222933352938,6.167222933352938,"{""free_energy"": -8.01, ""intermolecular_energy"": -9.21, ""internal_energy"": -1.46, ""cluster_size"": 6, ""cluster_id"": 3, ""rank_in_cluster"": 6}",-9.01,0.5,1,NC(=O)c1ccc2cc(C(=O)N3C[C@]4(CCN([C@@H]5CCNC5)C4)c4ccccc43)[nH]c2c1
671,NC(=O)c1ccc2cc(C(=O)N3C[C@]4(CCN(C5CCNC5)C4)c4ccccc43)[nH]c2c1,oracle,autodockgpu,-9.4,energy,7.249813558646079,7.249813558646079,"{""free_energy"": -9.3, ""intermolecular_energy"": -10.49, ""internal_energy"": -1.23, ""cluster_size"": 33, ""cluster_id"": 1, ""rank_in_cluster"": 9}",-9.0,0.99,1,NC(=O)c1ccc2cc(C(=O)N3C[C@]4(CCN([C@@H]5CCNC5)C4)c4ccccc43)[nH]c2c1
672,NC(=O)c1ccc2cc(C(=O)N3C[C@]4(CCN(C5CCNC5)C4)c4ccccc43)[nH]c2c1,oracle,autodockgpu,-9.4,energy,6.788813637621868,6.788813637621868,"{""free_energy"": -9.39, ""intermolecular_energy"": -10.59, ""internal_energy"": -1.21, ""cluster_size"": 33, ""cluster_id"": 1, ""rank_in_cluster"": 2}",-8.98,0.98,1,NC(=O)c1ccc2cc(C(=O)N3C[C@]4(CCN([C@@H]5CCNC5)C4)c4ccccc43)[nH]c2c1
673,NC(=O)c1ccc2cc(C(=O)N3C[C@]4(CCN(C5CCNC5)C4)c4ccccc43)[nH]c2c1,oracle,autodockgpu,-9.4,energy,6.894218938585047,6.894218938585047,"{""free_energy"": -9.37, ""intermolecular_energy"": -10.56, ""internal_energy"": -1.21, ""cluster_size"": 33, ""cluster_id"": 1, ""rank_in_cluster"": 3}",-8.98,0.67,1,NC(=O)c1ccc2cc(C(=O)N3C[C@]4(CCN([C@@H]5CCNC5)C4)c4ccccc43)[nH]c2c1
674,NC(=O)c1ccc2cc(C(=O)N3C[C@]4(CCN(C5CCNC5)C4)c4ccccc43)[nH]c2c1,oracle,autodockgpu,-9.4,energy,9.504151302193424,9.504151302193424,"{""free_energy"": -8.36, ""intermolecular_energy"": -9.55, ""internal_energy"": -1.29, ""cluster_size"": 3, ""cluster_id"": 4, ""rank_in_cluster"": 1}",-8.96,1.15,1,NC(=O)c1ccc2cc(C(=O)N3C[C@]4(CCN([C@@H]5CCNC5)C4)c4ccccc43)[nH]c2c1
675,NC(=O)c1ccc2cc(C(=O)N3C[C@]4(CCN(C5CCNC5)C4)c4ccccc43)[nH]c2c1,oracle,autodockgpu,-9.4,energy,7.141896493735543,7.141896493735543,"{""free_energy"": -9.01, ""intermolecular_energy"": -10.2, ""internal_energy"": -1.25, ""cluster_size"": 33, ""cluster_id"": 1, ""rank_in_cluster"": 20}",-8.9,0.74,1,NC(=O)c1ccc2cc(C(=O)N3C[C@]4(CCN([C@@H]5CCNC5)C4)c4ccccc43)[nH]c2c1
676,NC(=O)c1ccc2cc(C(=O)N3C[C@]4(CCN(C5CCNC5)C4)c4ccccc43)[nH]c2c1,oracle,autodockgpu,-9.4,energy,6.8917217733404135,6.8917217733404135,"{""free_energy"": -9.22, ""intermolecular_energy"": -10.41, ""internal_energy"": -1.16, ""cluster_size"": 33, ""cluster_id"": 1, ""rank_in_cluster"": 12}",-8.86,1.03,1,NC(=O)c1ccc2cc(C(=O)N3C[C@]4(CCN([C@@H]5CCNC5)C4)c4ccccc43)[nH]c2c1
677,NC(=O)c1ccc2cc(C(=O)N3C[C@]4(CCN(C5CCNC5)C4)c4ccccc43)[nH]c2c1,oracle,autodockgpu,-9.4,energy,7.225883232080172,7.225883232080172,"{""free_energy"": -9.36, ""intermolecular_energy"": -10.55, ""internal_energy"": -1.23, ""cluster_size"": 33, ""cluster_id"": 1, ""rank_in_cluster"": 4}",-8.8,0.56,1,NC(=O)c1ccc2cc(C(=O)N3C[C@]4(CCN([C@@H]5CCNC5)C4)c4ccccc43)[nH]c2c1
678,NC(=O)c1ccc2cc(C(=O)N3C[C@]4(CCN(C5CCNC5)C4)c4ccccc43)[nH]c2c1,oracle,autodockgpu,-9.4,energy,7.46326924933961,7.46326924933961,"{""free_energy"": -8.08, ""intermolecular_energy"": -9.28, ""internal_energy"": -1.2, ""cluster_size"": 33, ""cluster_id"": 1, ""rank_in_cluster"": 33}",-8.77,0.48,1,NC(=O)c1ccc2cc(C(=O)N3C[C@]4(CCN([C@@H]5CCNC5)C4)c4ccccc43)[nH]c2c1
679,NC(=O)c1ccc2cc(C(=O)N3C[C@]4(CCN(C5CCNC5)C4)c4ccccc43)[nH]c2c1,oracle,autodockgpu,-9.4,energy,7.134309023432468,7.134309023432468,"{""free_energy"": -8.86, ""intermolecular_energy"": -10.05, ""internal_energy"": -1.26, ""cluster_size"": 33, ""cluster_id"": 1, ""rank_in_cluster"": 27}",-8.74,0.85,1,NC(=O)c1ccc2cc(C(=O)N3C[C@]4(CCN([C@@H]5CCNC5)C4)c4ccccc43)[nH]c2c1
680,NC(=O)c1ccc2cc(C(=O)N3C[C@]4(CCN(C5CCNC5)C4)c4ccccc43)[nH]c2c1,oracle,autodockgpu,-9.4,energy,6.931114935722204,6.931114935722204,"{""free_energy"": -8.58, ""intermolecular_energy"": -9.77, ""internal_energy"": -1.24, ""cluster_size"": 33, ""cluster_id"": 1, ""rank_in_cluster"": 32}",-8.64,1.06,1,NC(=O)c1ccc2cc(C(=O)N3C[C@]4(CCN([C@@H]5CCNC5)C4)c4ccccc43)[nH]c2c1
681,NC(=O)c1ccc2cc(C(=O)N3C[C@]4(CCN(C5CCNC5)C4)c4ccccc43)[nH]c2c1,oracle,autodockgpu,-9.4,energy,7.105922408255671,7.105922408255671,"{""free_energy"": -9.14, ""intermolecular_energy"": -10.33, ""internal_energy"": -1.25, ""cluster_size"": 33, ""cluster_id"": 1, ""rank_in_cluster"": 15}",-8.58,1.23,1,NC(=O)c1ccc2cc(C(=O)N3C[C@]4(CCN([C@@H]5CCNC5)C4)c4ccccc43)[nH]c2c1
682,NC(=O)c1ccc2cc(C(=O)N3C[C@]4(CCN(C5CCNC5)C4)c4ccccc43)[nH]c2c1,oracle,autodockgpu,-9.4,energy,7.212121681867444,7.212121681867444,"{""free_energy"": -9.36, ""intermolecular_energy"": -10.55, ""internal_energy"": -1.24, ""cluster_size"": 33, ""cluster_id"": 1, ""rank_in_cluster"": 6}",-8.08,1.46,1,NC(=O)c1ccc2cc(C(=O)N3C[C@]4(CCN([C@@H]5CCNC5)C4)c4ccccc43)[nH]c2c1
683,NC(=O)c1ccc2cc(C(=O)N3C[C@]4(CCN(C5CCNC5)C4)c4ccccc43)[nH]c2c1,oracle,autodockgpu,-9.4,energy,2.594111614899515,2.594111614899515,"{""free_energy"": -8.23, ""intermolecular_energy"": -9.43, ""internal_energy"": -1.22, ""cluster_size"": 5, ""cluster_id"": 5, ""rank_in_cluster"": 3}",-8.41,0.0,2,NC(=O)c1ccc2cc(C(=O)N3C[C@]4(CCN([C@@H]5CCNC5)C4)c4ccccc43)[nH]c2c1
684,NC(=O)c1ccc2cc(C(=O)N3C[C@]4(CCN(C5CCNC5)C4)c4ccccc43)[nH]c2c1,oracle,autodockgpu,-9.4,energy,7.123762957863585,7.123762957863585,"{""free_energy"": -9.01, ""intermolecular_energy"": -10.21, ""internal_energy"": -1.25, ""cluster_size"": 33, ""cluster_id"": 1, ""rank_in_cluster"": 19}",-8.41,0.06,2,NC(=O)c1ccc2cc(C(=O)N3C[C@]4(CCN([C@@H]5CCNC5)C4)c4ccccc43)[nH]c2c1
685,NC(=O)c1ccc2cc(C(=O)N3C[C@]4(CCN(C5CCNC5)C4)c4ccccc43)[nH]c2c1,oracle,autodockgpu,-9.4,energy,6.69151854393713,6.69151854393713,"{""free_energy"": -8.77, ""intermolecular_energy"": -9.96, ""internal_energy"": -1.22, ""cluster_size"": 33, ""cluster_id"": 1, ""rank_in_cluster"": 29}",-8.19,0.37,2,NC(=O)c1ccc2cc(C(=O)N3C[C@]4(CCN([C@@H]5CCNC5)C4)c4ccccc43)[nH]c2c1
686,NC(=O)c1ccc2cc(C(=O)N3C[C@]4(CCN(C5CCNC5)C4)c4ccccc43)[nH]c2c1,oracle,autodockgpu,-9.4,energy,6.847282492169148,6.847282492169148,"{""free_energy"": -9.11, ""intermolecular_energy"": -10.31, ""internal_energy"": -1.15, ""cluster_size"": 33, ""cluster_id"": 1, ""rank_in_cluster"": 16}",-8.37,0.0,3,NC(=O)c1ccc2cc(C(=O)N3C[C@]4(CCN([C@@H]5CCNC5)C4)c4ccccc43)[nH]c2c1
687,NC(=O)c1ccc2cc(C(=O)N3C[C@]4(CCN(C5CCNC5)C4)c4ccccc43)[nH]c2c1,oracle,autodockgpu,-9.4,energy,7.131804019641387,7.131804019641387,"{""free_energy"": -9.1, ""intermolecular_energy"": -10.29, ""internal_energy"": -1.26, ""cluster_size"": 33, ""cluster_id"": 1, ""rank_in_cluster"": 17}",-8.36,0.13,3,NC(=O)c1ccc2cc(C(=O)N3C[C@]4(CCN([C@@H]5CCNC5)C4)c4ccccc43)[nH]c2c1
688,NC(=O)c1ccc2cc(C(=O)N3C[C@]4(CCN(C5CCNC5)C4)c4ccccc43)[nH]c2c1,oracle,autodockgpu,-9.4,energy,9.414399285177343,9.414399285177343,"{""free_energy"": -8.3, ""intermolecular_energy"": -9.49, ""internal_energy"": -1.16, ""cluster_size"": 3, ""cluster_id"": 4, ""rank_in_cluster"": 2}",-8.27,1.55,3,NC(=O)c1ccc2cc(C(=O)N3C[C@]4(CCN([C@@H]5CCNC5)C4)c4ccccc43)[nH]c2c1
689,NC(=O)c1ccc2cc(C(=O)N3C[C@]4(CCN(C5CCNC5)C4)c4ccccc43)[nH]c2c1,oracle,autodockgpu,-9.4,energy,6.631030472192453,6.631030472192453,"{""free_energy"": -9.08, ""intermolecular_energy"": -10.27, ""internal_energy"": -1.2, ""cluster_size"": 33, ""cluster_id"": 1, ""rank_in_cluster"": 18}",-8.07,0.99,3,NC(=O)c1ccc2cc(C(=O)N3C[C@]4(CCN([C@@H]5CCNC5)C4)c4ccccc43)[nH]c2c1
690,NC(=O)c1ccc2cc(C(=O)N3C[C@]4(CCN(C5CCNC5)C4)c4ccccc43)[nH]c2c1,oracle,autodockgpu,-9.4,energy,2.1641788427213227,2.1641788427213227,"{""free_energy"": -8.25, ""intermolecular_energy"": -9.44, ""internal_energy"": -1.15, ""cluster_size"": 5, ""cluster_id"": 5, ""rank_in_cluster"": 1}",-8.04,1.08,3,NC(=O)c1ccc2cc(C(=O)N3C[C@]4(CCN([C@@H]5CCNC5)C4)c4ccccc43)[nH]c2c1
691,NC(=O)c1ccc2cc(C(=O)N3C[C@]4(CCN(C5CCNC5)C4)c4ccccc43)[nH]c2c1,oracle,autodockgpu,-9.4,energy,6.891964340191293,6.891964340191293,"{""free_energy"": -8.19, ""intermolecular_energy"": -9.39, ""internal_energy"": -1.24, ""cluster_size"": 3, ""cluster_id"": 2, ""rank_in_cluster"": 3}",-8.01,1.07,3,NC(=O)c1ccc2cc(C(=O)N3C[C@]4(CCN([C@@H]5CCNC5)C4)c4ccccc43)[nH]c2c1
692,NC(=O)c1ccc2cc(C(=O)N3C[C@]4(CCN(C5CCNC5)C4)c4ccccc43)[nH]c2c1,oracle,autodockgpu,-9.4,energy,5.806832735111936,5.806832735111936,"{""free_energy"": -8.27, ""intermolecular_energy"": -9.46, ""internal_energy"": -1.26, ""cluster_size"": 6, ""cluster_id"": 3, ""rank_in_cluster"": 3}",-8.36,0.0,4,NC(=O)c1ccc2cc(C(=O)N3C[C@]4(CCN([C@@H]5CCNC5)C4)c4ccccc43)[nH]c2c1
693,NC(=O)c1ccc2cc(C(=O)N3C[C@]4(CCN(C5CCNC5)C4)c4ccccc43)[nH]c2c1,oracle,autodockgpu,-9.4,energy,6.846621328273199,6.846621328273199,"{""free_energy"": -8.9, ""intermolecular_energy"": -10.09, ""internal_energy"": -1.1, ""cluster_size"": 33, ""cluster_id"": 1, ""rank_in_cluster"": 26}",-8.3,1.98,4,NC(=O)c1ccc2cc(C(=O)N3C[C@]4(CCN([C@@H]5CCNC5)C4)c4ccccc43)[nH]c2c1
694,NC(=O)c1ccc2cc(C(=O)N3C[C@]4(CCN(C5CCNC5)C4)c4ccccc43)[nH]c2c1,oracle,autodockgpu,-9.4,energy,2.5881234343792006,2.5881234343792006,"{""free_energy"": -8.22, ""intermolecular_energy"": -9.41, ""internal_energy"": -1.18, ""cluster_size"": 5, ""cluster_id"": 5, ""rank_in_cluster"": 5}",-8.24,0.19,4,NC(=O)c1ccc2cc(C(=O)N3C[C@]4(CCN([C@@H]5CCNC5)C4)c4ccccc43)[nH]c2c1
695,NC(=O)c1ccc2cc(C(=O)N3C[C@]4(CCN(C5CCNC5)C4)c4ccccc43)[nH]c2c1,oracle,autodockgpu,-9.4,energy,6.339081935939947,6.339081935939947,"{""free_energy"": -8.36, ""intermolecular_energy"": -9.55, ""internal_energy"": -1.37, ""cluster_size"": 6, ""cluster_id"": 3, ""rank_in_cluster"": 2}",-8.25,0.0,5,NC(=O)c1ccc2cc(C(=O)N3C[C@]4(CCN([C@@H]5CCNC5)C4)c4ccccc43)[nH]c2c1
696,NC(=O)c1ccc2cc(C(=O)N3C[C@]4(CCN(C5CCNC5)C4)c4ccccc43)[nH]c2c1,oracle,autodockgpu,-9.4,energy,6.853759529170829,6.853759529170829,"{""free_energy"": -9.4, ""intermolecular_energy"": -10.6, ""internal_energy"": -1.21, ""cluster_size"": 33, ""cluster_id"": 1, ""rank_in_cluster"": 1}",-8.24,1.22,5,NC(=O)c1ccc2cc(C(=O)N3C[C@]4(CCN([C@@H]5CCNC5)C4)c4ccccc43)[nH]c2c1
697,NC(=O)c1ccc2cc(C(=O)N3C[C@]4(CCN(C5CCNC5)C4)c4ccccc43)[nH]c2c1,oracle,autodockgpu,-9.4,energy,6.626057111808805,6.626057111808805,"{""free_energy"": -8.8, ""intermolecular_energy"": -9.99, ""internal_energy"": -1.24, ""cluster_size"": 33, ""cluster_id"": 1, ""rank_in_cluster"": 28}",-8.23,1.23,5,NC(=O)c1ccc2cc(C(=O)N3C[C@]4(CCN([C@@H]5CCNC5)C4)c4ccccc43)[nH]c2c1
698,NC(=O)c1ccc2cc(C(=O)N3C[C@]4(CCN(C5CCNC5)C4)c4ccccc43)[nH]c2c1,oracle,autodockgpu,-9.4,energy,7.183645191588429,7.183645191588429,"{""free_energy"": -9.31, ""intermolecular_energy"": -10.5, ""internal_energy"": -1.24, ""cluster_size"": 33, ""cluster_id"": 1, ""rank_in_cluster"": 8}",-8.22,1.22,5,NC(=O)c1ccc2cc(C(=O)N3C[C@]4(CCN([C@@H]5CCNC5)C4)c4ccccc43)[nH]c2c1
699,NC(=O)c1ccc2cc(C(=O)N3C[C@]4(CCN(C5CCNC5)C4)c4ccccc43)[nH]c2c1,oracle,autodockgpu,-9.4,energy,2.62578587457651,2.62578587457651,"{""free_energy"": -8.22, ""intermolecular_energy"": -9.41, ""internal_energy"": -1.21, ""cluster_size"": 5, ""cluster_id"": 5, ""rank_in_cluster"": 4}",-8.22,1.69,5,NC(=O)c1ccc2cc(C(=O)N3C[C@]4(CCN([C@@H]5CCNC5)C4)c4ccccc43)[nH]c2c1
700,NC(=O)c1ccc2cc(C(=O)N3C[C@]4(CCN(C5CCNC5)C4)c4ccccc43)[nH]c2c1,oracle,autodockgpu,-8.87,energy,6.987678204547356,6.987678204547356,"{""free_energy"": -8.73, ""intermolecular_energy"": -9.93, ""internal_energy"": -1.16, ""cluster_size"": 18, ""cluster_id"": 2, ""rank_in_cluster"": 9}",-8.87,0.0,1,NC(=O)c1ccc2cc(C(=O)N3C[C@]4(CCN([C@H]5CCNC5)C4)c4ccccc43)[nH]c2c1
701,NC(=O)c1ccc2cc(C(=O)N3C[C@]4(CCN(C5CCNC5)C4)c4ccccc43)[nH]c2c1,oracle,autodockgpu,-8.87,energy,3.235737001862444,3.235737001862444,"{""free_energy"": -8.53, ""intermolecular_energy"": -9.73, ""internal_energy"": -1.29, ""cluster_size"": 22, ""cluster_id"": 3, ""rank_in_cluster"": 4}",-8.73,0.22,1,NC(=O)c1ccc2cc(C(=O)N3C[C@]4(CCN([C@H]5CCNC5)C4)c4ccccc43)[nH]c2c1
702,NC(=O)c1ccc2cc(C(=O)N3C[C@]4(CCN(C5CCNC5)C4)c4ccccc43)[nH]c2c1,oracle,autodockgpu,-8.87,energy,3.1018874208530463,3.1018874208530463,"{""free_energy"": -8.32, ""intermolecular_energy"": -9.52, ""internal_energy"": -1.27, ""cluster_size"": 22, ""cluster_id"": 3, ""rank_in_cluster"": 17}",-8.65,0.83,1,NC(=O)c1ccc2cc(C(=O)N3C[C@]4(CCN([C@H]5CCNC5)C4)c4ccccc43)[nH]c2c1
703,NC(=O)c1ccc2cc(C(=O)N3C[C@]4(CCN(C5CCNC5)C4)c4ccccc43)[nH]c2c1,oracle,autodockgpu,-8.87,energy,3.26831774291873,3.26831774291873,"{""free_energy"": -8.54, ""intermolecular_energy"": -9.74, ""internal_energy"": -1.28, ""cluster_size"": 22, ""cluster_id"": 3, ""rank_in_cluster"": 2}",-8.63,0.78,1,NC(=O)c1ccc2cc(C(=O)N3C[C@]4(CCN([C@H]5CCNC5)C4)c4ccccc43)[nH]c2c1
704,NC(=O)c1ccc2cc(C(=O)N3C[C@]4(CCN(C5CCNC5)C4)c4ccccc43)[nH]c2c1,oracle,autodockgpu,-8.87,energy,7.026325071988216,7.026325071988216,"{""free_energy"": -8.72, ""intermolecular_energy"": -9.92, ""internal_energy"": -1.15, ""cluster_size"": 18, ""cluster_id"": 2, ""rank_in_cluster"": 11}",-8.6,0.86,1,NC(=O)c1ccc2cc(C(=O)N3C[C@]4(CCN([C@H]5CCNC5)C4)c4ccccc43)[nH]c2c1
705,NC(=O)c1ccc2cc(C(=O)N3C[C@]4(CCN(C5CCNC5)C4)c4ccccc43)[nH]c2c1,oracle,autodockgpu,-8.87,energy,3.250720996206047,3.250720996206047,"{""free_energy"": -8.5, ""intermolecular_energy"": -9.7, ""internal_energy"": -1.28, ""cluster_size"": 22, ""cluster_id"": 3, ""rank_in_cluster"": 8}",-8.52,0.57,1,NC(=O)c1ccc2cc(C(=O)N3C[C@]4(CCN([C@H]5CCNC5)C4)c4ccccc43)[nH]c2c1
706,NC(=O)c1ccc2cc(C(=O)N3C[C@]4(CCN(C5CCNC5)C4)c4ccccc43)[nH]c2c1,oracle,autodockgpu,-8.87,energy,3.236099799781821,3.236099799781821,"{""free_energy"": -8.51, ""intermolecular_energy"": -9.7, ""internal_energy"": -1.29, ""cluster_size"": 22, ""cluster_id"": 3, ""rank_in_cluster"": 6}",-8.37,0.86,1,NC(=O)c1ccc2cc(C(=O)N3C[C@]4(CCN([C@H]5CCNC5)C4)c4ccccc43)[nH]c2c1
707,NC(=O)c1ccc2cc(C(=O)N3C[C@]4(CCN(C5CCNC5)C4)c4ccccc43)[nH]c2c1,oracle,autodockgpu,-8.87,energy,3.2442788819684667,3.2442788819684667,"{""free_energy"": -8.46, ""intermolecular_energy"": -9.66, ""internal_energy"": -1.29, ""cluster_size"": 22, ""cluster_id"": 3, ""rank_in_cluster"": 11}",-8.36,1.72,1,NC(=O)c1ccc2cc(C(=O)N3C[C@]4(CCN([C@H]5CCNC5)C4)c4ccccc43)[nH]c2c1
708,NC(=O)c1ccc2cc(C(=O)N3C[C@]4(CCN(C5CCNC5)C4)c4ccccc43)[nH]c2c1,oracle,autodockgpu,-8.87,energy,9.49541225085299,9.49541225085299,"{""free_energy"": -8.33, ""intermolecular_energy"": -9.53, ""internal_energy"": -1.18, ""cluster_size"": 10, ""cluster_id"": 1, ""rank_in_cluster"": 9}",-8.33,1.15,1,NC(=O)c1ccc2cc(C(=O)N3C[C@]4(CCN([C@H]5CCNC5)C4)c4ccccc43)[nH]c2c1
709,NC(=O)c1ccc2cc(C(=O)N3C[C@]4(CCN(C5CCNC5)C4)c4ccccc43)[nH]c2c1,oracle,autodockgpu,-8.87,energy,3.2226441309659863,3.2226441309659863,"{""free_energy"": -8.53, ""intermolecular_energy"": -9.72, ""internal_energy"": -1.29, ""cluster_size"": 22, ""cluster_id"": 3, ""rank_in_cluster"": 5}",-8.33,1.17,1,NC(=O)c1ccc2cc(C(=O)N3C[C@]4(CCN([C@H]5CCNC5)C4)c4ccccc43)[nH]c2c1
710,NC(=O)c1ccc2cc(C(=O)N3C[C@]4(CCN(C5CCNC5)C4)c4ccccc43)[nH]c2c1,oracle,autodockgpu,-8.87,energy,9.388081318251217,9.388081318251217,"{""free_energy"": -8.63, ""intermolecular_energy"": -9.82, ""internal_energy"": -1.16, ""cluster_size"": 10, ""cluster_id"": 1, ""rank_in_cluster"": 4}",-8.82,0.0,2,NC(=O)c1ccc2cc(C(=O)N3C[C@]4(CCN([C@H]5CCNC5)C4)c4ccccc43)[nH]c2c1
711,NC(=O)c1ccc2cc(C(=O)N3C[C@]4(CCN(C5CCNC5)C4)c4ccccc43)[nH]c2c1,oracle,autodockgpu,-8.87,energy,2.929489970697117,2.929489970697117,"{""free_energy"": -8.23, ""intermolecular_energy"": -9.42, ""internal_energy"": -1.2, ""cluster_size"": 22, ""cluster_id"": 3, ""rank_in_cluster"": 22}",-8.79,0.88,2,NC(=O)c1ccc2cc(C(=O)N3C[C@]4(CCN([C@H]5CCNC5)C4)c4ccccc43)[nH]c2c1
712,NC(=O)c1ccc2cc(C(=O)N3C[C@]4(CCN(C5CCNC5)C4)c4ccccc43)[nH]c2c1,oracle,autodockgpu,-8.87,energy,7.045851388655825,7.045851388655825,"{""free_energy"": -8.78, ""intermolecular_energy"": -9.98, ""internal_energy"": -1.15, ""cluster_size"": 18, ""cluster_id"": 2, ""rank_in_cluster"": 3}",-8.78,1.43,2,NC(=O)c1ccc2cc(C(=O)N3C[C@]4(CCN([C@H]5CCNC5)C4)c4ccccc43)[nH]c2c1
713,NC(=O)c1ccc2cc(C(=O)N3C[C@]4(CCN(C5CCNC5)C4)c4ccccc43)[nH]c2c1,oracle,autodockgpu,-8.87,energy,7.089814978243573,7.089814978243573,"{""free_energy"": -8.82, ""intermolecular_energy"": -10.01, ""internal_energy"": -1.16, ""cluster_size"": 18, ""cluster_id"": 2, ""rank_in_cluster"": 1}",-8.78,1.4,2,NC(=O)c1ccc2cc(C(=O)N3C[C@]4(CCN([C@H]5CCNC5)C4)c4ccccc43)[nH]c2c1
714,NC(=O)c1ccc2cc(C(=O)N3C[C@]4(CCN(C5CCNC5)C4)c4ccccc43)[nH]c2c1,oracle,autodockgpu,-8.87,energy,3.249405258338116,3.249405258338116,"{""free_energy"": -8.54, ""intermolecular_energy"": -9.73, ""internal_energy"": -1.28, ""cluster_size"": 22, ""cluster_id"": 3, ""rank_in_cluster"": 3}",-8.78,1.39,2,NC(=O)c1ccc2cc(C(=O)N3C[C@]4(CCN([C@H]5CCNC5)C4)c4ccccc43)[nH]c2c1
715,NC(=O)c1ccc2cc(C(=O)N3C[C@]4(CCN(C5CCNC5)C4)c4ccccc43)[nH]c2c1,oracle,autodockgpu,-8.87,energy,7.365534427668544,7.365534427668544,"{""free_energy"": -8.71, ""intermolecular_energy"": -9.91, ""internal_energy"": -1.13, ""cluster_size"": 18, ""cluster_id"": 2, ""rank_in_cluster"": 12}",-8.78,0.07,2,NC(=O)c1ccc2cc(C(=O)N3C[C@]4(CCN([C@H]5CCNC5)C4)c4ccccc43)[nH]c2c1
716,NC(=O)c1ccc2cc(C(=O)N3C[C@]4(CCN(C5CCNC5)C4)c4ccccc43)[nH]c2c1,oracle,autodockgpu,-8.87,energy,3.248220802091965,3.248220802091965,"{""free_energy"": -8.49, ""intermolecular_energy"": -9.68, ""internal_energy"": -1.29, ""cluster_size"": 22, ""cluster_id"": 3, ""rank_in_cluster"": 10}",-8.76,0.24,2,NC(=O)c1ccc2cc(C(=O)N3C[C@]4(CCN([C@H]5CCNC5)C4)c4ccccc43)[nH]c2c1
717,NC(=O)c1ccc2cc(C(=O)N3C[C@]4(CCN(C5CCNC5)C4)c4ccccc43)[nH]c2c1,oracle,autodockgpu,-8.87,energy,3.2203729204442446,3.2203729204442446,"{""free_energy"": -8.45, ""intermolecular_energy"": -9.65, ""internal_energy"": -1.25, ""cluster_size"": 22, ""cluster_id"": 3, ""rank_in_cluster"": 13}",-8.75,0.73,2,NC(=O)c1ccc2cc(C(=O)N3C[C@]4(CCN([C@H]5CCNC5)C4)c4ccccc43)[nH]c2c1
718,NC(=O)c1ccc2cc(C(=O)N3C[C@]4(CCN(C5CCNC5)C4)c4ccccc43)[nH]c2c1,oracle,autodockgpu,-8.87,energy,3.2244882473334227,3.2244882473334227,"{""free_energy"": -8.39, ""intermolecular_energy"": -9.58, ""internal_energy"": -1.26, ""cluster_size"": 22, ""cluster_id"": 3, ""rank_in_cluster"": 16}",-8.73,1.42,2,NC(=O)c1ccc2cc(C(=O)N3C[C@]4(CCN([C@H]5CCNC5)C4)c4ccccc43)[nH]c2c1
719,NC(=O)c1ccc2cc(C(=O)N3C[C@]4(CCN(C5CCNC5)C4)c4ccccc43)[nH]c2c1,oracle,autodockgpu,-8.87,energy,9.824643997413448,9.824643997413448,"{""free_energy"": -8.73, ""intermolecular_energy"": -9.92, ""internal_energy"": -1.17, ""cluster_size"": 10, ""cluster_id"": 1, ""rank_in_cluster"": 2}",-8.73,0.81,2,NC(=O)c1ccc2cc(C(=O)N3C[C@]4(CCN([C@H]5CCNC5)C4)c4ccccc43)[nH]c2c1
720,NC(=O)c1ccc2cc(C(=O)N3C[C@]4(CCN(C5CCNC5)C4)c4ccccc43)[nH]c2c1,oracle,autodockgpu,-8.87,energy,3.272779086682386,3.272779086682386,"{""free_energy"": -8.45, ""intermolecular_energy"": -9.65, ""internal_energy"": -1.28, ""cluster_size"": 22, ""cluster_id"": 3, ""rank_in_cluster"": 12}",-8.72,1.42,2,NC(=O)c1ccc2cc(C(=O)N3C[C@]4(CCN([C@H]5CCNC5)C4)c4ccccc43)[nH]c2c1
721,NC(=O)c1ccc2cc(C(=O)N3C[C@]4(CCN(C5CCNC5)C4)c4ccccc43)[nH]c2c1,oracle,autodockgpu,-8.87,energy,3.2778516546630763,3.2778516546630763,"{""free_energy"": -8.45, ""intermolecular_energy"": -9.64, ""internal_energy"": -1.29, ""cluster_size"": 22, ""cluster_id"": 3, ""rank_in_cluster"": 14}",-8.71,0.65,2,NC(=O)c1ccc2cc(C(=O)N3C[C@]4(CCN([C@H]5CCNC5)C4)c4ccccc43)[nH]c2c1
722,NC(=O)c1ccc2cc(C(=O)N3C[C@]4(CCN(C5CCNC5)C4)c4ccccc43)[nH]c2c1,oracle,autodockgpu,-8.87,energy,7.048489108511999,7.048489108511999,"{""free_energy"": -8.78, ""intermolecular_energy"": -9.97, ""internal_energy"": -1.15, ""cluster_size"": 18, ""cluster_id"": 2, ""rank_in_cluster"": 5}",-8.71,0.26,2,NC(=O)c1ccc2cc(C(=O)N3C[C@]4(CCN([C@H]5CCNC5)C4)c4ccccc43)[nH]c2c1
723,NC(=O)c1ccc2cc(C(=O)N3C[C@]4(CCN(C5CCNC5)C4)c4ccccc43)[nH]c2c1,oracle,autodockgpu,-8.87,energy,2.9227455931442248,2.9227455931442248,"{""free_energy"": -8.23, ""intermolecular_energy"": -9.43, ""internal_energy"": -1.2, ""cluster_size"": 22, ""cluster_id"": 3, ""rank_in_cluster"": 20}",-8.69,1.4,2,NC(=O)c1ccc2cc(C(=O)N3C[C@]4(CCN([C@H]5CCNC5)C4)c4ccccc43)[nH]c2c1
724,NC(=O)c1ccc2cc(C(=O)N3C[C@]4(CCN(C5CCNC5)C4)c4ccccc43)[nH]c2c1,oracle,autodockgpu,-8.87,energy,6.907829341918253,6.907829341918253,"{""free_energy"": -8.79, ""intermolecular_energy"": -9.99, ""internal_energy"": -1.15, ""cluster_size"": 18, ""cluster_id"": 2, ""rank_in_cluster"": 2}",-8.58,0.35,2,NC(=O)c1ccc2cc(C(=O)N3C[C@]4(CCN([C@H]5CCNC5)C4)c4ccccc43)[nH]c2c1
725,NC(=O)c1ccc2cc(C(=O)N3C[C@]4(CCN(C5CCNC5)C4)c4ccccc43)[nH]c2c1,oracle,autodockgpu,-8.87,energy,7.296623540751247,7.296623540751247,"{""free_energy"": -8.73, ""intermolecular_energy"": -9.92, ""internal_energy"": -1.13, ""cluster_size"": 18, ""cluster_id"": 2, ""rank_in_cluster"": 10}",-8.53,1.46,2,NC(=O)c1ccc2cc(C(=O)N3C[C@]4(CCN([C@H]5CCNC5)C4)c4ccccc43)[nH]c2c1
726,NC(=O)c1ccc2cc(C(=O)N3C[C@]4(CCN(C5CCNC5)C4)c4ccccc43)[nH]c2c1,oracle,autodockgpu,-8.87,energy,7.191574651630665,7.191574651630665,"{""free_energy"": -8.76, ""intermolecular_energy"": -9.95, ""internal_energy"": -1.18, ""cluster_size"": 18, ""cluster_id"": 2, ""rank_in_cluster"": 7}",-8.52,1.67,2,NC(=O)c1ccc2cc(C(=O)N3C[C@]4(CCN([C@H]5CCNC5)C4)c4ccccc43)[nH]c2c1
727,NC(=O)c1ccc2cc(C(=O)N3C[C@]4(CCN(C5CCNC5)C4)c4ccccc43)[nH]c2c1,oracle,autodockgpu,-8.87,energy,7.279375398819412,7.279375398819412,"{""free_energy"": -8.52, ""intermolecular_energy"": -9.72, ""internal_energy"": -1.2, ""cluster_size"": 18, ""cluster_id"": 2, ""rank_in_cluster"": 17}",-8.51,1.46,2,NC(=O)c1ccc2cc(C(=O)N3C[C@]4(CCN([C@H]5CCNC5)C4)c4ccccc43)[nH]c2c1
728,NC(=O)c1ccc2cc(C(=O)N3C[C@]4(CCN(C5CCNC5)C4)c4ccccc43)[nH]c2c1,oracle,autodockgpu,-8.87,energy,9.380859177029537,9.380859177029537,"{""free_energy"": -8.36, ""intermolecular_energy"": -9.55, ""internal_energy"": -1.22, ""cluster_size"": 10, ""cluster_id"": 1, ""rank_in_cluster"": 8}",-8.55,0.0,3,NC(=O)c1ccc2cc(C(=O)N3C[C@]4(CCN([C@H]5CCNC5)C4)c4ccccc43)[nH]c2c1
729,NC(=O)c1ccc2cc(C(=O)N3C[C@]4(CCN(C5CCNC5)C4)c4ccccc43)[nH]c2c1,oracle,autodockgpu,-8.87,energy,2.988234783365488,2.988234783365488,"{""free_energy"": -8.3, ""intermolecular_energy"": -9.5, ""internal_energy"": -1.23, ""cluster_size"": 22, ""cluster_id"": 3, ""rank_in_cluster"": 18}",-8.54,0.25,3,NC(=O)c1ccc2cc(C(=O)N3C[C@]4(CCN([C@H]5CCNC5)C4)c4ccccc43)[nH]c2c1
730,NC(=O)c1ccc2cc(C(=O)N3C[C@]4(CCN(C5CCNC5)C4)c4ccccc43)[nH]c2c1,oracle,autodockgpu,-8.87,energy,9.820531060138995,9.820531060138995,"{""free_energy"": -8.87, ""intermolecular_energy"": -10.06, ""internal_energy"": -1.17, ""cluster_size"": 10, ""cluster_id"": 1, ""rank_in_cluster"": 1}",-8.54,0.17,3,NC(=O)c1ccc2cc(C(=O)N3C[C@]4(CCN([C@H]5CCNC5)C4)c4ccccc43)[nH]c2c1
731,NC(=O)c1ccc2cc(C(=O)N3C[C@]4(CCN(C5CCNC5)C4)c4ccccc43)[nH]c2c1,oracle,autodockgpu,-8.87,energy,7.072288993854927,7.072288993854927,"{""free_energy"": -8.78, ""intermolecular_energy"": -9.97, ""internal_energy"": -1.16, ""cluster_size"": 18, ""cluster_id"": 2, ""rank_in_cluster"": 6}",-8.53,0.03,3,NC(=O)c1ccc2cc(C(=O)N3C[C@]4(CCN([C@H]5CCNC5)C4)c4ccccc43)[nH]c2c1
732,NC(=O)c1ccc2cc(C(=O)N3C[C@]4(CCN(C5CCNC5)C4)c4ccccc43)[nH]c2c1,oracle,autodockgpu,-8.87,energy,7.1426989582146385,7.1426989582146385,"{""free_energy"": -8.58, ""intermolecular_energy"": -9.77, ""internal_energy"": -1.17, ""cluster_size"": 18, ""cluster_id"": 2, ""rank_in_cluster"": 15}",-8.53,0.08,3,NC(=O)c1ccc2cc(C(=O)N3C[C@]4(CCN([C@H]5CCNC5)C4)c4ccccc43)[nH]c2c1
733,NC(=O)c1ccc2cc(C(=O)N3C[C@]4(CCN(C5CCNC5)C4)c4ccccc43)[nH]c2c1,oracle,autodockgpu,-8.87,energy,6.941239547483313,6.941239547483313,"{""free_energy"": -8.51, ""intermolecular_energy"": -9.7, ""internal_energy"": -1.19, ""cluster_size"": 18, ""cluster_id"": 2, ""rank_in_cluster"": 18}",-8.51,0.08,3,NC(=O)c1ccc2cc(C(=O)N3C[C@]4(CCN([C@H]5CCNC5)C4)c4ccccc43)[nH]c2c1
734,NC(=O)c1ccc2cc(C(=O)N3C[C@]4(CCN(C5CCNC5)C4)c4ccccc43)[nH]c2c1,oracle,autodockgpu,-8.87,energy,6.9226764070154045,6.9226764070154045,"{""free_energy"": -8.53, ""intermolecular_energy"": -9.73, ""internal_energy"": -1.19, ""cluster_size"": 18, ""cluster_id"": 2, ""rank_in_cluster"": 16}",-8.51,0.28,3,NC(=O)c1ccc2cc(C(=O)N3C[C@]4(CCN([C@H]5CCNC5)C4)c4ccccc43)[nH]c2c1
735,NC(=O)c1ccc2cc(C(=O)N3C[C@]4(CCN(C5CCNC5)C4)c4ccccc43)[nH]c2c1,oracle,autodockgpu,-8.87,energy,7.04065135091799,7.04065135091799,"{""free_energy"": -8.78, ""intermolecular_energy"": -9.97, ""internal_energy"": -1.15, ""cluster_size"": 18, ""cluster_id"": 2, ""rank_in_cluster"": 4}",-8.5,0.11,3,NC(=O)c1ccc2cc(C(=O)N3C[C@]4(CCN([C@H]5CCNC5)C4)c4ccccc43)[nH]c2c1
736,NC(=O)c1ccc2cc(C(=O)N3C[C@]4(CCN(C5CCNC5)C4)c4ccccc43)[nH]c2c1,oracle,autodockgpu,-8.87,energy,6.964322469290717,6.964322469290717,"{""free_energy"": -8.69, ""intermolecular_energy"": -9.89, ""internal_energy"": -1.17, ""cluster_size"": 18, ""cluster_id"": 2, ""rank_in_cluster"": 14}",-8.49,0.27,3,NC(=O)c1ccc2cc(C(=O)N3C[C@]4(CCN([C@H]5CCNC5)C4)c4ccccc43)[nH]c2c1
737,NC(=O)c1ccc2cc(C(=O)N3C[C@]4(CCN(C5CCNC5)C4)c4ccccc43)[nH]c2c1,oracle,autodockgpu,-8.87,energy,3.036218751256982,3.036218751256982,"{""free_energy"": -8.23, ""intermolecular_energy"": -9.42, ""internal_energy"": -1.22, ""cluster_size"": 22, ""cluster_id"": 3, ""rank_in_cluster"": 21}",-8.49,0.17,3,NC(=O)c1ccc2cc(C(=O)N3C[C@]4(CCN([C@H]5CCNC5)C4)c4ccccc43)[nH]c2c1
738,NC(=O)c1ccc2cc(C(=O)N3C[C@]4(CCN(C5CCNC5)C4)c4ccccc43)[nH]c2c1,oracle,autodockgpu,-8.87,energy,3.217946618428035,3.217946618428035,"{""free_energy"": -8.49, ""intermolecular_energy"": -9.68, ""internal_energy"": -1.26, ""cluster_size"": 22, ""cluster_id"": 3, ""rank_in_cluster"": 9}",-8.46,0.12,3,NC(=O)c1ccc2cc(C(=O)N3C[C@]4(CCN([C@H]5CCNC5)C4)c4ccccc43)[nH]c2c1
739,NC(=O)c1ccc2cc(C(=O)N3C[C@]4(CCN(C5CCNC5)C4)c4ccccc43)[nH]c2c1,oracle,autodockgpu,-8.87,energy,7.209524488199286,7.209524488199286,"{""free_energy"": -8.71, ""intermolecular_energy"": -9.9, ""internal_energy"": -1.17, ""cluster_size"": 18, ""cluster_id"": 2, ""rank_in_cluster"": 13}",-8.45,0.29,3,NC(=O)c1ccc2cc(C(=O)N3C[C@]4(CCN([C@H]5CCNC5)C4)c4ccccc43)[nH]c2c1
740,NC(=O)c1ccc2cc(C(=O)N3C[C@]4(CCN(C5CCNC5)C4)c4ccccc43)[nH]c2c1,oracle,autodockgpu,-8.87,energy,9.4535070911159,9.4535070911159,"{""free_energy"": -8.33, ""intermolecular_energy"": -9.53, ""internal_energy"": -1.18, ""cluster_size"": 10, ""cluster_id"": 1, ""rank_in_cluster"": 10}",-8.45,0.36,3,NC(=O)c1ccc2cc(C(=O)N3C[C@]4(CCN([C@H]5CCNC5)C4)c4ccccc43)[nH]c2c1
741,NC(=O)c1ccc2cc(C(=O)N3C[C@]4(CCN(C5CCNC5)C4)c4ccccc43)[nH]c2c1,oracle,autodockgpu,-8.87,energy,9.33938444056077,9.33938444056077,"{""free_energy"": -8.65, ""intermolecular_energy"": -9.84, ""internal_energy"": -1.18, ""cluster_size"": 10, ""cluster_id"": 1, ""rank_in_cluster"": 3}",-8.45,0.34,3,NC(=O)c1ccc2cc(C(=O)N3C[C@]4(CCN([C@H]5CCNC5)C4)c4ccccc43)[nH]c2c1
742,NC(=O)c1ccc2cc(C(=O)N3C[C@]4(CCN(C5CCNC5)C4)c4ccccc43)[nH]c2c1,oracle,autodockgpu,-8.87,energy,9.810876371100669,9.810876371100669,"{""free_energy"": -8.37, ""intermolecular_energy"": -9.56, ""internal_energy"": -1.17, ""cluster_size"": 10, ""cluster_id"": 1, ""rank_in_cluster"": 7}",-8.44,0.21,3,NC(=O)c1ccc2cc(C(=O)N3C[C@]4(CCN([C@H]5CCNC5)C4)c4ccccc43)[nH]c2c1
743,NC(=O)c1ccc2cc(C(=O)N3C[C@]4(CCN(C5CCNC5)C4)c4ccccc43)[nH]c2c1,oracle,autodockgpu,-8.87,energy,3.234373211534588,3.234373211534588,"{""free_energy"": -8.55, ""intermolecular_energy"": -9.75, ""internal_energy"": -1.29, ""cluster_size"": 22, ""cluster_id"": 3, ""rank_in_cluster"": 1}",-8.39,0.34,3,NC(=O)c1ccc2cc(C(=O)N3C[C@]4(CCN([C@H]5CCNC5)C4)c4ccccc43)[nH]c2c1
744,NC(=O)c1ccc2cc(C(=O)N3C[C@]4(CCN(C5CCNC5)C4)c4ccccc43)[nH]c2c1,oracle,autodockgpu,-8.87,energy,3.2455006025202198,3.2455006025202198,"{""free_energy"": -8.44, ""intermolecular_energy"": -9.63, ""internal_energy"": -1.27, ""cluster_size"": 22, ""cluster_id"": 3, ""rank_in_cluster"": 15}",-8.32,0.56,3,NC(=O)c1ccc2cc(C(=O)N3C[C@]4(CCN([C@H]5CCNC5)C4)c4ccccc43)[nH]c2c1
745,NC(=O)c1ccc2cc(C(=O)N3C[C@]4(CCN(C5CCNC5)C4)c4ccccc43)[nH]c2c1,oracle,autodockgpu,-8.87,energy,9.346572677098232,9.346572677098232,"{""free_energy"": -8.6, ""intermolecular_energy"": -9.79, ""internal_energy"": -1.18, ""cluster_size"": 10, ""cluster_id"": 1, ""rank_in_cluster"": 5}",-8.3,1.23,3,NC(=O)c1ccc2cc(C(=O)N3C[C@]4(CCN([C@H]5CCNC5)C4)c4ccccc43)[nH]c2c1
746,NC(=O)c1ccc2cc(C(=O)N3C[C@]4(CCN(C5CCNC5)C4)c4ccccc43)[nH]c2c1,oracle,autodockgpu,-8.87,energy,9.626162628554987,9.626162628554987,"{""free_energy"": -8.52, ""intermolecular_energy"": -9.71, ""internal_energy"": -1.16, ""cluster_size"": 10, ""cluster_id"": 1, ""rank_in_cluster"": 6}",-8.25,0.67,3,NC(=O)c1ccc2cc(C(=O)N3C[C@]4(CCN([C@H]5CCNC5)C4)c4ccccc43)[nH]c2c1
747,NC(=O)c1ccc2cc(C(=O)N3C[C@]4(CCN(C5CCNC5)C4)c4ccccc43)[nH]c2c1,oracle,autodockgpu,-8.87,energy,7.378188931151226,7.378188931151226,"{""free_energy"": -8.75, ""intermolecular_energy"": -9.95, ""internal_energy"": -1.13, ""cluster_size"": 18, ""cluster_id"": 2, ""rank_in_cluster"": 8}",-8.23,1.4,3,NC(=O)c1ccc2cc(C(=O)N3C[C@]4(CCN([C@H]5CCNC5)C4)c4ccccc43)[nH]c2c1
748,NC(=O)c1ccc2cc(C(=O)N3C[C@]4(CCN(C5CCNC5)C4)c4ccccc43)[nH]c2c1,oracle,autodockgpu,-8.87,energy,3.0558970580495215,3.0558970580495215,"{""free_energy"": -8.25, ""intermolecular_energy"": -9.44, ""internal_energy"": -1.29, ""cluster_size"": 22, ""cluster_id"": 3, ""rank_in_cluster"": 19}",-8.23,1.27,3,NC(=O)c1ccc2cc(C(=O)N3C[C@]4(CCN([C@H]5CCNC5)C4)c4ccccc43)[nH]c2c1
749,NC(=O)c1ccc2cc(C(=O)N3C[C@]4(CCN(C5CCNC5)C4)c4ccccc43)[nH]c2c1,oracle,autodockgpu,-8.87,energy,3.293336466644825,3.293336466644825,"{""free_energy"": -8.51, ""intermolecular_energy"": -9.7, ""internal_energy"": -1.28, ""cluster_size"": 22, ""cluster_id"": 3, ""rank_in_cluster"": 7}",-8.23,1.41,3,NC(=O)c1ccc2cc(C(=O)N3C[C@]4(CCN([C@H]5CCNC5)C4)c4ccccc43)[nH]c2c1
750,O=C(CCCOc1ccc(Cl)cc1Cl)NN=Cc1cccc(C(F)(F)F)c1,oracle,autodockgpu,-7.52,energy,9.400107484431262,9.400107484431262,"{""free_energy"": -5.4, ""intermolecular_energy"": -8.09, ""internal_energy"": -2.2, ""cluster_size"": 1, ""cluster_id"": 11, ""rank_in_cluster"": 1}",-7.52,0.0,1,O=C(CCCOc1ccc(Cl)cc1Cl)N/N=C\c1cccc(C(F)(F)F)c1
751,O=C(CCCOc1ccc(Cl)cc1Cl)NN=Cc1cccc(C(F)(F)F)c1,oracle,autodockgpu,-7.52,energy,7.04983938071137,7.04983938071137,"{""free_energy"": -4.81, ""intermolecular_energy"": -7.49, ""internal_energy"": -2.72, ""cluster_size"": 1, ""cluster_id"": 13, ""rank_in_cluster"": 1}",-7.44,1.94,1,O=C(CCCOc1ccc(Cl)cc1Cl)N/N=C\c1cccc(C(F)(F)F)c1
752,O=C(CCCOc1ccc(Cl)cc1Cl)NN=Cc1cccc(C(F)(F)F)c1,oracle,autodockgpu,-7.52,energy,12.658459779587798,12.658459779587798,"{""free_energy"": -6.48, ""intermolecular_energy"": -9.16, ""internal_energy"": -1.46, ""cluster_size"": 2, ""cluster_id"": 4, ""rank_in_cluster"": 1}",-7.38,1.8,1,O=C(CCCOc1ccc(Cl)cc1Cl)N/N=C/c1cccc(C(F)(F)F)c1
753,O=C(CCCOc1ccc(Cl)cc1Cl)NN=Cc1cccc(C(F)(F)F)c1,oracle,autodockgpu,-7.52,energy,6.041286753784111,6.041286753784111,"{""free_energy"": -6.36, ""intermolecular_energy"": -9.04, ""internal_energy"": -1.79, ""cluster_size"": 15, ""cluster_id"": 1, ""rank_in_cluster"": 14}",-7.35,1.14,1,O=C(CCCOc1ccc(Cl)cc1Cl)N/N=C\c1cccc(C(F)(F)F)c1
754,O=C(CCCOc1ccc(Cl)cc1Cl)NN=Cc1cccc(C(F)(F)F)c1,oracle,autodockgpu,-7.52,energy,5.383514081673146,5.383514081673146,"{""free_energy"": -7.12, ""intermolecular_energy"": -9.81, ""internal_energy"": -0.72, ""cluster_size"": 5, ""cluster_id"": 3, ""rank_in_cluster"": 1}",-7.08,1.51,1,O=C(CCCOc1ccc(Cl)cc1Cl)N/N=C/c1cccc(C(F)(F)F)c1
755,O=C(CCCOc1ccc(Cl)cc1Cl)NN=Cc1cccc(C(F)(F)F)c1,oracle,autodockgpu,-7.52,energy,11.142567081547368,11.142567081547368,"{""free_energy"": -5.6, ""intermolecular_energy"": -8.28, ""internal_energy"": -2.14, ""cluster_size"": 9, ""cluster_id"": 8, ""rank_in_cluster"": 6}",-7.06,1.12,1,O=C(CCCOc1ccc(Cl)cc1Cl)N/N=C/c1cccc(C(F)(F)F)c1
756,O=C(CCCOc1ccc(Cl)cc1Cl)NN=Cc1cccc(C(F)(F)F)c1,oracle,autodockgpu,-7.52,energy,5.464357106739129,5.464357106739129,"{""free_energy"": -6.99, ""intermolecular_energy"": -9.68, ""internal_energy"": -0.88, ""cluster_size"": 15, ""cluster_id"": 1, ""rank_in_cluster"": 7}",-6.99,1.72,1,O=C(CCCOc1ccc(Cl)cc1Cl)N/N=C/c1cccc(C(F)(F)F)c1
757,O=C(CCCOc1ccc(Cl)cc1Cl)NN=Cc1cccc(C(F)(F)F)c1,oracle,autodockgpu,-7.52,energy,7.06892814739402,7.06892814739402,"{""free_energy"": -6.38, ""intermolecular_energy"": -9.06, ""internal_energy"": -1.54, ""cluster_size"": 15, ""cluster_id"": 1, ""rank_in_cluster"": 13}",-6.98,1.6,1,O=C(CCCOc1ccc(Cl)cc1Cl)N/N=C/c1cccc(C(F)(F)F)c1
758,O=C(CCCOc1ccc(Cl)cc1Cl)NN=Cc1cccc(C(F)(F)F)c1,oracle,autodockgpu,-7.52,energy,12.698136235382995,12.698136235382995,"{""free_energy"": -6.42, ""intermolecular_energy"": -9.11, ""internal_energy"": -1.46, ""cluster_size"": 2, ""cluster_id"": 4, ""rank_in_cluster"": 2}",-6.9,1.9,1,O=C(CCCOc1ccc(Cl)cc1Cl)N/N=C/c1cccc(C(F)(F)F)c1
759,O=C(CCCOc1ccc(Cl)cc1Cl)NN=Cc1cccc(C(F)(F)F)c1,oracle,autodockgpu,-7.52,energy,9.624483114988287,9.624483114988287,"{""free_energy"": -5.58, ""intermolecular_energy"": -8.26, ""internal_energy"": -2.07, ""cluster_size"": 9, ""cluster_id"": 8, ""rank_in_cluster"": 8}",-6.78,1.72,1,O=C(CCCOc1ccc(Cl)cc1Cl)N/N=C/c1cccc(C(F)(F)F)c1
760,O=C(CCCOc1ccc(Cl)cc1Cl)NN=Cc1cccc(C(F)(F)F)c1,oracle,autodockgpu,-7.52,energy,6.236286414567858,6.236286414567858,"{""free_energy"": -6.24, ""intermolecular_energy"": -8.93, ""internal_energy"": -1.91, ""cluster_size"": 15, ""cluster_id"": 1, ""rank_in_cluster"": 15}",-6.77,1.27,1,O=C(CCCOc1ccc(Cl)cc1Cl)N/N=C/c1cccc(C(F)(F)F)c1
761,O=C(CCCOc1ccc(Cl)cc1Cl)NN=Cc1cccc(C(F)(F)F)c1,oracle,autodockgpu,-7.52,energy,5.2460251723203095,5.2460251723203095,"{""free_energy"": -6.77, ""intermolecular_energy"": -9.46, ""internal_energy"": -0.94, ""cluster_size"": 15, ""cluster_id"": 1, ""rank_in_cluster"": 11}",-6.5,1.69,1,O=C(CCCOc1ccc(Cl)cc1Cl)N/N=C/c1cccc(C(F)(F)F)c1
762,O=C(CCCOc1ccc(Cl)cc1Cl)NN=Cc1cccc(C(F)(F)F)c1,oracle,autodockgpu,-7.52,energy,9.75228920556755,9.75228920556755,"{""free_energy"": -5.92, ""intermolecular_energy"": -8.6, ""internal_energy"": -2.06, ""cluster_size"": 1, ""cluster_id"": 7, ""rank_in_cluster"": 1}",-6.38,1.9,1,O=C(CCCOc1ccc(Cl)cc1Cl)N/N=C/c1cccc(C(F)(F)F)c1
763,O=C(CCCOc1ccc(Cl)cc1Cl)NN=Cc1cccc(C(F)(F)F)c1,oracle,autodockgpu,-7.52,energy,6.985362365674066,6.985362365674066,"{""free_energy"": -6.35, ""intermolecular_energy"": -9.04, ""internal_energy"": -1.77, ""cluster_size"": 5, ""cluster_id"": 3, ""rank_in_cluster"": 5}",-6.36,1.79,1,O=C(CCCOc1ccc(Cl)cc1Cl)N/N=C/c1cccc(C(F)(F)F)c1
764,O=C(CCCOc1ccc(Cl)cc1Cl)NN=Cc1cccc(C(F)(F)F)c1,oracle,autodockgpu,-7.52,energy,9.442556510761293,9.442556510761293,"{""free_energy"": -6.01, ""intermolecular_energy"": -8.69, ""internal_energy"": -2.09, ""cluster_size"": 3, ""cluster_id"": 5, ""rank_in_cluster"": 3}",-6.24,1.91,1,O=C(CCCOc1ccc(Cl)cc1Cl)N/N=C/c1cccc(C(F)(F)F)c1
765,O=C(CCCOc1ccc(Cl)cc1Cl)NN=Cc1cccc(C(F)(F)F)c1,oracle,autodockgpu,-7.52,energy,6.0514122024862225,6.0514122024862225,"{""free_energy"": -6.9, ""intermolecular_energy"": -9.58, ""internal_energy"": -0.73, ""cluster_size"": 15, ""cluster_id"": 1, ""rank_in_cluster"": 9}",-7.35,0.0,2,O=C(CCCOc1ccc(Cl)cc1Cl)N/N=C\c1cccc(C(F)(F)F)c1
766,O=C(CCCOc1ccc(Cl)cc1Cl)NN=Cc1cccc(C(F)(F)F)c1,oracle,autodockgpu,-7.52,energy,12.495665393977724,12.495665393977724,"{""free_energy"": -6.46, ""intermolecular_energy"": -9.14, ""internal_energy"": -1.46, ""cluster_size"": 6, ""cluster_id"": 2, ""rank_in_cluster"": 5}",-7.28,1.04,2,O=C(CCCOc1ccc(Cl)cc1Cl)N/N=C/c1cccc(C(F)(F)F)c1
767,O=C(CCCOc1ccc(Cl)cc1Cl)NN=Cc1cccc(C(F)(F)F)c1,oracle,autodockgpu,-7.52,energy,10.135199940398554,10.135199940398554,"{""free_energy"": -5.49, ""intermolecular_energy"": -8.17, ""internal_energy"": -2.22, ""cluster_size"": 9, ""cluster_id"": 8, ""rank_in_cluster"": 9}",-6.72,1.91,2,O=C(CCCOc1ccc(Cl)cc1Cl)N/N=C/c1cccc(C(F)(F)F)c1
768,O=C(CCCOc1ccc(Cl)cc1Cl)NN=Cc1cccc(C(F)(F)F)c1,oracle,autodockgpu,-7.52,energy,5.863108416090946,5.863108416090946,"{""free_energy"": -6.78, ""intermolecular_energy"": -9.46, ""internal_energy"": -1.59, ""cluster_size"": 15, ""cluster_id"": 1, ""rank_in_cluster"": 10}",-6.55,1.3,2,O=C(CCCOc1ccc(Cl)cc1Cl)N/N=C/c1cccc(C(F)(F)F)c1
769,O=C(CCCOc1ccc(Cl)cc1Cl)NN=Cc1cccc(C(F)(F)F)c1,oracle,autodockgpu,-7.52,energy,10.267040602285292,10.267040602285292,"{""free_energy"": -5.59, ""intermolecular_energy"": -8.27, ""internal_energy"": -2.18, ""cluster_size"": 9, ""cluster_id"": 8, ""rank_in_cluster"": 7}",-6.46,1.32,2,O=C(CCCOc1ccc(Cl)cc1Cl)N/N=C/c1cccc(C(F)(F)F)c1
770,O=C(CCCOc1ccc(Cl)cc1Cl)NN=Cc1cccc(C(F)(F)F)c1,oracle,autodockgpu,-7.52,energy,6.012067522595582,6.012067522595582,"{""free_energy"": -4.45, ""intermolecular_energy"": -7.14, ""internal_energy"": -3.27, ""cluster_size"": 3, ""cluster_id"": 12, ""rank_in_cluster"": 3}",-6.43,1.95,2,O=C(CCCOc1ccc(Cl)cc1Cl)N/N=C\c1cccc(C(F)(F)F)c1
771,O=C(CCCOc1ccc(Cl)cc1Cl)NN=Cc1cccc(C(F)(F)F)c1,oracle,autodockgpu,-7.52,energy,12.681056127988331,12.681056127988331,"{""free_energy"": -7.35, ""intermolecular_energy"": -10.03, ""internal_energy"": -0.71, ""cluster_size"": 6, ""cluster_id"": 2, ""rank_in_cluster"": 1}",-7.12,0.0,3,O=C(CCCOc1ccc(Cl)cc1Cl)N/N=C/c1cccc(C(F)(F)F)c1
772,O=C(CCCOc1ccc(Cl)cc1Cl)NN=Cc1cccc(C(F)(F)F)c1,oracle,autodockgpu,-7.52,energy,12.637027233191807,12.637027233191807,"{""free_energy"": -6.55, ""intermolecular_energy"": -9.24, ""internal_energy"": -1.37, ""cluster_size"": 6, ""cluster_id"": 2, ""rank_in_cluster"": 4}",-7.04,0.76,3,O=C(CCCOc1ccc(Cl)cc1Cl)N/N=C/c1cccc(C(F)(F)F)c1
773,O=C(CCCOc1ccc(Cl)cc1Cl)NN=Cc1cccc(C(F)(F)F)c1,oracle,autodockgpu,-7.52,energy,9.11431731572743,9.11431731572743,"{""free_energy"": -5.78, ""intermolecular_energy"": -8.46, ""internal_energy"": -1.91, ""cluster_size"": 9, ""cluster_id"": 8, ""rank_in_cluster"": 4}",-6.97,1.52,3,O=C(CCCOc1ccc(Cl)cc1Cl)N/N=C/c1cccc(C(F)(F)F)c1
774,O=C(CCCOc1ccc(Cl)cc1Cl)NN=Cc1cccc(C(F)(F)F)c1,oracle,autodockgpu,-7.52,energy,5.94598196893957,5.94598196893957,"{""free_energy"": -7.35, ""intermolecular_energy"": -10.03, ""internal_energy"": -0.96, ""cluster_size"": 15, ""cluster_id"": 1, ""rank_in_cluster"": 4}",-6.54,1.86,3,O=C(CCCOc1ccc(Cl)cc1Cl)N/N=C/c1cccc(C(F)(F)F)c1
775,O=C(CCCOc1ccc(Cl)cc1Cl)NN=Cc1cccc(C(F)(F)F)c1,oracle,autodockgpu,-7.52,energy,10.233325525835017,10.233325525835017,"{""free_energy"": -5.81, ""intermolecular_energy"": -8.5, ""internal_energy"": -2.24, ""cluster_size"": 9, ""cluster_id"": 8, ""rank_in_cluster"": 2}",-6.35,1.91,3,O=C(CCCOc1ccc(Cl)cc1Cl)N/N=C/c1cccc(C(F)(F)F)c1
776,O=C(CCCOc1ccc(Cl)cc1Cl)NN=Cc1cccc(C(F)(F)F)c1,oracle,autodockgpu,-7.52,energy,9.812749934676974,9.812749934676974,"{""free_energy"": -5.68, ""intermolecular_energy"": -8.36, ""internal_energy"": -1.97, ""cluster_size"": 9, ""cluster_id"": 8, ""rank_in_cluster"": 5}",-6.48,0.0,4,O=C(CCCOc1ccc(Cl)cc1Cl)N/N=C/c1cccc(C(F)(F)F)c1
777,O=C(CCCOc1ccc(Cl)cc1Cl)NN=Cc1cccc(C(F)(F)F)c1,oracle,autodockgpu,-7.52,energy,7.226002187480709,7.226002187480709,"{""free_energy"": -5.75, ""intermolecular_energy"": -8.44, ""internal_energy"": -1.9, ""cluster_size"": 1, ""cluster_id"": 9, ""rank_in_cluster"": 1}",-6.42,0.77,4,O=C(CCCOc1ccc(Cl)cc1Cl)N/N=C\c1cccc(C(F)(F)F)c1
778,O=C(CCCOc1ccc(Cl)cc1Cl)NN=Cc1cccc(C(F)(F)F)c1,oracle,autodockgpu,-7.52,energy,7.082974445371897,7.082974445371897,"{""free_energy"": -6.54, ""intermolecular_energy"": -9.22, ""internal_energy"": -1.82, ""cluster_size"": 5, ""cluster_id"": 3, ""rank_in_cluster"": 4}",-6.23,0.0,5,O=C(CCCOc1ccc(Cl)cc1Cl)N/N=C/c1cccc(C(F)(F)F)c1
779,O=C(CCCOc1ccc(Cl)cc1Cl)NN=Cc1cccc(C(F)(F)F)c1,oracle,autodockgpu,-7.52,energy,5.131304101790644,5.131304101790644,"{""free_energy"": -7.04, ""intermolecular_energy"": -9.72, ""internal_energy"": -1.03, ""cluster_size"": 5, ""cluster_id"": 3, ""rank_in_cluster"": 2}",-6.14,0.46,5,O=C(CCCOc1ccc(Cl)cc1Cl)N/N=C/c1cccc(C(F)(F)F)c1
780,O=C(CCCOc1ccc(Cl)cc1Cl)NN=Cc1cccc(C(F)(F)F)c1,oracle,autodockgpu,-7.52,energy,7.071050564623616,7.071050564623616,"{""free_energy"": -4.78, ""intermolecular_energy"": -7.47, ""internal_energy"": -2.97, ""cluster_size"": 3, ""cluster_id"": 12, ""rank_in_cluster"": 2}",-6.01,1.42,5,O=C(CCCOc1ccc(Cl)cc1Cl)N/N=C\c1cccc(C(F)(F)F)c1
781,O=C(CCCOc1ccc(Cl)cc1Cl)NN=Cc1cccc(C(F)(F)F)c1,oracle,autodockgpu,-7.52,energy,6.006568586590389,6.006568586590389,"{""free_energy"": -7.06, ""intermolecular_energy"": -9.75, ""internal_energy"": -0.91, ""cluster_size"": 15, ""cluster_id"": 1, ""rank_in_cluster"": 6}",-6.03,0.0,6,O=C(CCCOc1ccc(Cl)cc1Cl)N/N=C/c1cccc(C(F)(F)F)c1
782,O=C(CCCOc1ccc(Cl)cc1Cl)NN=Cc1cccc(C(F)(F)F)c1,oracle,autodockgpu,-7.52,energy,5.64631972956882,5.64631972956882,"{""free_energy"": -7.08, ""intermolecular_energy"": -9.76, ""internal_energy"": -1.04, ""cluster_size"": 15, ""cluster_id"": 1, ""rank_in_cluster"": 5}",-5.92,0.0,7,O=C(CCCOc1ccc(Cl)cc1Cl)N/N=C/c1cccc(C(F)(F)F)c1
783,O=C(CCCOc1ccc(Cl)cc1Cl)NN=Cc1cccc(C(F)(F)F)c1,oracle,autodockgpu,-7.52,energy,11.046936253707498,11.046936253707498,"{""free_energy"": -6.14, ""intermolecular_energy"": -8.82, ""internal_energy"": -1.75, ""cluster_size"": 3, ""cluster_id"": 5, ""rank_in_cluster"": 2}",-5.87,0.0,8,O=C(CCCOc1ccc(Cl)cc1Cl)N/N=C/c1cccc(C(F)(F)F)c1
784,O=C(CCCOc1ccc(Cl)cc1Cl)NN=Cc1cccc(C(F)(F)F)c1,oracle,autodockgpu,-7.52,energy,6.142777163418696,6.142777163418696,"{""free_energy"": -7.52, ""intermolecular_energy"": -10.21, ""internal_energy"": -0.76, ""cluster_size"": 15, ""cluster_id"": 1, ""rank_in_cluster"": 1}",-5.81,1.39,8,O=C(CCCOc1ccc(Cl)cc1Cl)N/N=C/c1cccc(C(F)(F)F)c1
785,O=C(CCCOc1ccc(Cl)cc1Cl)NN=Cc1cccc(C(F)(F)F)c1,oracle,autodockgpu,-7.52,energy,6.105694059787769,6.105694059787769,"{""free_energy"": -7.44, ""intermolecular_energy"": -10.13, ""internal_energy"": -0.96, ""cluster_size"": 15, ""cluster_id"": 1, ""rank_in_cluster"": 2}",-5.81,1.41,8,O=C(CCCOc1ccc(Cl)cc1Cl)N/N=C/c1cccc(C(F)(F)F)c1
786,O=C(CCCOc1ccc(Cl)cc1Cl)NN=Cc1cccc(C(F)(F)F)c1,oracle,autodockgpu,-7.52,energy,5.876809590399148,5.876809590399148,"{""free_energy"": -6.98, ""intermolecular_energy"": -9.67, ""internal_energy"": -0.9, ""cluster_size"": 15, ""cluster_id"": 1, ""rank_in_cluster"": 8}",-5.78,1.14,8,O=C(CCCOc1ccc(Cl)cc1Cl)N/N=C/c1cccc(C(F)(F)F)c1
787,O=C(CCCOc1ccc(Cl)cc1Cl)NN=Cc1cccc(C(F)(F)F)c1,oracle,autodockgpu,-7.52,energy,6.0573300388766125,6.0573300388766125,"{""free_energy"": -6.5, ""intermolecular_energy"": -9.19, ""internal_energy"": -1.6, ""cluster_size"": 15, ""cluster_id"": 1, ""rank_in_cluster"": 12}",-5.68,0.59,8,O=C(CCCOc1ccc(Cl)cc1Cl)N/N=C/c1cccc(C(F)(F)F)c1
788,O=C(CCCOc1ccc(Cl)cc1Cl)NN=Cc1cccc(C(F)(F)F)c1,oracle,autodockgpu,-7.52,energy,6.117425718370092,6.117425718370092,"{""free_energy"": -7.38, ""intermolecular_energy"": -10.06, ""internal_energy"": -0.72, ""cluster_size"": 15, ""cluster_id"": 1, ""rank_in_cluster"": 3}",-5.6,1.38,8,O=C(CCCOc1ccc(Cl)cc1Cl)N/N=C/c1cccc(C(F)(F)F)c1
789,O=C(CCCOc1ccc(Cl)cc1Cl)NN=Cc1cccc(C(F)(F)F)c1,oracle,autodockgpu,-7.52,energy,11.132180090750468,11.132180090750468,"{""free_energy"": -6.23, ""intermolecular_energy"": -8.91, ""internal_energy"": -1.8, ""cluster_size"": 3, ""cluster_id"": 5, ""rank_in_cluster"": 1}",-5.59,1.54,8,O=C(CCCOc1ccc(Cl)cc1Cl)N/N=C/c1cccc(C(F)(F)F)c1
790,O=C(CCCOc1ccc(Cl)cc1Cl)NN=Cc1cccc(C(F)(F)F)c1,oracle,autodockgpu,-7.52,energy,12.411690800678109,12.411690800678109,"{""free_energy"": -5.66, ""intermolecular_energy"": -8.34, ""internal_energy"": -2.23, ""cluster_size"": 2, ""cluster_id"": 10, ""rank_in_cluster"": 2}",-5.58,1.58,8,O=C(CCCOc1ccc(Cl)cc1Cl)N/N=C\c1cccc(C(F)(F)F)c1
791,O=C(CCCOc1ccc(Cl)cc1Cl)NN=Cc1cccc(C(F)(F)F)c1,oracle,autodockgpu,-7.52,energy,6.476177075325096,6.476177075325096,"{""free_energy"": -6.03, ""intermolecular_energy"": -8.72, ""internal_energy"": -1.87, ""cluster_size"": 1, ""cluster_id"": 6, ""rank_in_cluster"": 1}",-5.49,1.34,8,O=C(CCCOc1ccc(Cl)cc1Cl)N/N=C\c1cccc(C(F)(F)F)c1
792,O=C(CCCOc1ccc(Cl)cc1Cl)NN=Cc1cccc(C(F)(F)F)c1,oracle,autodockgpu,-7.52,energy,10.528525829083799,10.528525829083799,"{""free_energy"": -5.81, ""intermolecular_energy"": -8.49, ""internal_energy"": -2.3, ""cluster_size"": 9, ""cluster_id"": 8, ""rank_in_cluster"": 3}",-5.75,0.0,9,O=C(CCCOc1ccc(Cl)cc1Cl)N/N=C/c1cccc(C(F)(F)F)c1
793,O=C(CCCOc1ccc(Cl)cc1Cl)NN=Cc1cccc(C(F)(F)F)c1,oracle,autodockgpu,-7.52,energy,12.89632742145994,12.89632742145994,"{""free_energy"": -6.72, ""intermolecular_energy"": -9.4, ""internal_energy"": -1.37, ""cluster_size"": 6, ""cluster_id"": 2, ""rank_in_cluster"": 3}",-5.69,0.0,10,O=C(CCCOc1ccc(Cl)cc1Cl)N/N=C/c1cccc(C(F)(F)F)c1
794,O=C(CCCOc1ccc(Cl)cc1Cl)NN=Cc1cccc(C(F)(F)F)c1,oracle,autodockgpu,-7.52,energy,12.513561025452002,12.513561025452002,"{""free_energy"": -5.69, ""intermolecular_energy"": -8.37, ""internal_energy"": -2.22, ""cluster_size"": 2, ""cluster_id"": 10, ""rank_in_cluster"": 1}",-5.66,0.3,10,O=C(CCCOc1ccc(Cl)cc1Cl)N/N=C\c1cccc(C(F)(F)F)c1
795,O=C(CCCOc1ccc(Cl)cc1Cl)NN=Cc1cccc(C(F)(F)F)c1,oracle,autodockgpu,-7.52,energy,12.43418055615382,12.43418055615382,"{""free_energy"": -6.43, ""intermolecular_energy"": -9.11, ""internal_energy"": -1.61, ""cluster_size"": 6, ""cluster_id"": 2, ""rank_in_cluster"": 6}",-5.4,0.0,11,O=C(CCCOc1ccc(Cl)cc1Cl)N/N=C/c1cccc(C(F)(F)F)c1
796,O=C(CCCOc1ccc(Cl)cc1Cl)NN=Cc1cccc(C(F)(F)F)c1,oracle,autodockgpu,-7.52,energy,9.861857898701645,9.861857898701645,"{""free_energy"": -5.87, ""intermolecular_energy"": -8.56, ""internal_energy"": -1.98, ""cluster_size"": 9, ""cluster_id"": 8, ""rank_in_cluster"": 1}",-5.34,0.0,12,O=C(CCCOc1ccc(Cl)cc1Cl)N/N=C/c1cccc(C(F)(F)F)c1
797,O=C(CCCOc1ccc(Cl)cc1Cl)NN=Cc1cccc(C(F)(F)F)c1,oracle,autodockgpu,-7.52,energy,5.913693941426174,5.913693941426174,"{""free_energy"": -6.97, ""intermolecular_energy"": -9.65, ""internal_energy"": -0.88, ""cluster_size"": 5, ""cluster_id"": 3, ""rank_in_cluster"": 3}",-4.78,1.88,12,O=C(CCCOc1ccc(Cl)cc1Cl)N/N=C\c1cccc(C(F)(F)F)c1
798,O=C(CCCOc1ccc(Cl)cc1Cl)NN=Cc1cccc(C(F)(F)F)c1,oracle,autodockgpu,-7.52,energy,12.45308994242765,12.45308994242765,"{""free_energy"": -7.28, ""intermolecular_energy"": -9.97, ""internal_energy"": -0.72, ""cluster_size"": 6, ""cluster_id"": 2, ""rank_in_cluster"": 2}",-4.45,1.58,12,O=C(CCCOc1ccc(Cl)cc1Cl)N/N=C/c1cccc(C(F)(F)F)c1
799,O=C(CCCOc1ccc(Cl)cc1Cl)NN=Cc1cccc(C(F)(F)F)c1,oracle,autodockgpu,-7.52,energy,6.965884689674648,6.965884689674648,"{""free_energy"": -5.34, ""intermolecular_energy"": -8.03, ""internal_energy"": -2.35, ""cluster_size"": 3, ""cluster_id"": 12, ""rank_in_cluster"": 1}",-4.81,0.0,13,O=C(CCCOc1ccc(Cl)cc1Cl)N/N=C/c1cccc(C(F)(F)F)c1
800,O=C(CCCOc1ccc(Cl)cc1Cl)NN=Cc1cccc(C(F)(F)F)c1,oracle,autodockgpu,-7.79,energy,7.679477847124725,7.679477847124725,"{""free_energy"": -6.14, ""intermolecular_energy"": -8.82, ""internal_energy"": -1.82, ""cluster_size"": 3, ""cluster_id"": 4, ""rank_in_cluster"": 1}",-7.79,0.0,1,O=C(CCCOc1ccc(Cl)cc1Cl)N/N=C/c1cccc(C(F)(F)F)c1
801,O=C(CCCOc1ccc(Cl)cc1Cl)NN=Cc1cccc(C(F)(F)F)c1,oracle,autodockgpu,-7.79,energy,7.283832635267286,7.283832635267286,"{""free_energy"": -5.46, ""intermolecular_energy"": -8.15, ""internal_energy"": -2.28, ""cluster_size"": 3, ""cluster_id"": 9, ""rank_in_cluster"": 1}",-7.63,1.62,1,O=C(CCCOc1ccc(Cl)cc1Cl)N/N=C/c1cccc(C(F)(F)F)c1
802,O=C(CCCOc1ccc(Cl)cc1Cl)NN=Cc1cccc(C(F)(F)F)c1,oracle,autodockgpu,-7.79,energy,10.707996515800438,10.707996515800438,"{""free_energy"": -5.66, ""intermolecular_energy"": -8.35, ""internal_energy"": -2.48, ""cluster_size"": 13, ""cluster_id"": 6, ""rank_in_cluster"": 5}",-7.43,0.67,1,O=C(CCCOc1ccc(Cl)cc1Cl)N/N=C/c1cccc(C(F)(F)F)c1
803,O=C(CCCOc1ccc(Cl)cc1Cl)NN=Cc1cccc(C(F)(F)F)c1,oracle,autodockgpu,-7.79,energy,8.126458610865285,8.126458610865285,"{""free_energy"": -5.4, ""intermolecular_energy"": -8.09, ""internal_energy"": -2.42, ""cluster_size"": 3, ""cluster_id"": 9, ""rank_in_cluster"": 2}",-7.37,1.7,1,O=C(CCCOc1ccc(Cl)cc1Cl)N/N=C\c1cccc(C(F)(F)F)c1
804,O=C(CCCOc1ccc(Cl)cc1Cl)NN=Cc1cccc(C(F)(F)F)c1,oracle,autodockgpu,-7.79,energy,6.45478105544847,6.45478105544847,"{""free_energy"": -5.54, ""intermolecular_energy"": -8.23, ""internal_energy"": -2.3, ""cluster_size"": 1, ""cluster_id"": 8, ""rank_in_cluster"": 1}",-7.3,0.58,1,O=C(CCCOc1ccc(Cl)cc1Cl)N/N=C\c1cccc(C(F)(F)F)c1
805,O=C(CCCOc1ccc(Cl)cc1Cl)NN=Cc1cccc(C(F)(F)F)c1,oracle,autodockgpu,-7.79,energy,5.522834508910975,5.522834508910975,"{""free_energy"": -7.08, ""intermolecular_energy"": -9.76, ""internal_energy"": -0.89, ""cluster_size"": 13, ""cluster_id"": 1, ""rank_in_cluster"": 7}",-7.21,0.63,1,O=C(CCCOc1ccc(Cl)cc1Cl)N/N=C/c1cccc(C(F)(F)F)c1
806,O=C(CCCOc1ccc(Cl)cc1Cl)NN=Cc1cccc(C(F)(F)F)c1,oracle,autodockgpu,-7.79,energy,6.285093436447762,6.285093436447762,"{""free_energy"": -7.43, ""intermolecular_energy"": -10.11, ""internal_energy"": -0.77, ""cluster_size"": 13, ""cluster_id"": 1, ""rank_in_cluster"": 3}",-7.08,1.61,1,O=C(CCCOc1ccc(Cl)cc1Cl)N/N=C/c1cccc(C(F)(F)F)c1
807,O=C(CCCOc1ccc(Cl)cc1Cl)NN=Cc1cccc(C(F)(F)F)c1,oracle,autodockgpu,-7.79,energy,6.918147234566812,6.918147234566812,"{""free_energy"": -6.66, ""intermolecular_energy"": -9.35, ""internal_energy"": -1.35, ""cluster_size"": 13, ""cluster_id"": 1, ""rank_in_cluster"": 10}",-6.74,2.0,1,O=C(CCCOc1ccc(Cl)cc1Cl)N/N=C/c1cccc(C(F)(F)F)c1
808,O=C(CCCOc1ccc(Cl)cc1Cl)NN=Cc1cccc(C(F)(F)F)c1,oracle,autodockgpu,-7.79,energy,9.514840665907014,9.514840665907014,"{""free_energy"": -6.33, ""intermolecular_energy"": -9.01, ""internal_energy"": -1.42, ""cluster_size"": 8, ""cluster_id"": 3, ""rank_in_cluster"": 4}",-6.74,1.83,1,O=C(CCCOc1ccc(Cl)cc1Cl)N/N=C/c1cccc(C(F)(F)F)c1
809,O=C(CCCOc1ccc(Cl)cc1Cl)NN=Cc1cccc(C(F)(F)F)c1,oracle,autodockgpu,-7.79,energy,7.264846108430413,7.264846108430413,"{""free_energy"": -6.62, ""intermolecular_energy"": -9.3, ""internal_energy"": -1.58, ""cluster_size"": 13, ""cluster_id"": 1, ""rank_in_cluster"": 11}",-6.66,1.12,1,O=C(CCCOc1ccc(Cl)cc1Cl)N/N=C/c1cccc(C(F)(F)F)c1
810,O=C(CCCOc1ccc(Cl)cc1Cl)NN=Cc1cccc(C(F)(F)F)c1,oracle,autodockgpu,-7.79,energy,7.351369023736232,7.351369023736232,"{""free_energy"": -6.91, ""intermolecular_energy"": -9.59, ""internal_energy"": -0.94, ""cluster_size"": 5, ""cluster_id"": 2, ""rank_in_cluster"": 3}",-6.62,1.22,1,O=C(CCCOc1ccc(Cl)cc1Cl)N/N=C\c1cccc(C(F)(F)F)c1
811,O=C(CCCOc1ccc(Cl)cc1Cl)NN=Cc1cccc(C(F)(F)F)c1,oracle,autodockgpu,-7.79,energy,6.694430752965874,6.694430752965874,"{""free_energy"": -6.74, ""intermolecular_energy"": -9.42, ""internal_energy"": -1.58, ""cluster_size"": 13, ""cluster_id"": 1, ""rank_in_cluster"": 9}",-6.52,1.94,1,O=C(CCCOc1ccc(Cl)cc1Cl)N/N=C/c1cccc(C(F)(F)F)c1
812,O=C(CCCOc1ccc(Cl)cc1Cl)NN=Cc1cccc(C(F)(F)F)c1,oracle,autodockgpu,-7.79,energy,10.380069178596061,10.380069178596061,"{""free_energy"": -5.46, ""intermolecular_energy"": -8.14, ""internal_energy"": -2.47, ""cluster_size"": 13, ""cluster_id"": 6, ""rank_in_cluster"": 12}",-6.35,1.89,1,O=C(CCCOc1ccc(Cl)cc1Cl)N/N=C/c1cccc(C(F)(F)F)c1
813,O=C(CCCOc1ccc(Cl)cc1Cl)NN=Cc1cccc(C(F)(F)F)c1,oracle,autodockgpu,-7.79,energy,9.738735510582986,9.738735510582986,"{""free_energy"": -6.18, ""intermolecular_energy"": -8.87, ""internal_energy"": -2.05, ""cluster_size"": 8, ""cluster_id"": 3, ""rank_in_cluster"": 5}",-7.42,0.0,2,O=C(CCCOc1ccc(Cl)cc1Cl)N/N=C/c1cccc(C(F)(F)F)c1
814,O=C(CCCOc1ccc(Cl)cc1Cl)NN=Cc1cccc(C(F)(F)F)c1,oracle,autodockgpu,-7.79,energy,9.693546048367446,9.693546048367446,"{""free_energy"": -5.94, ""intermolecular_energy"": -8.63, ""internal_energy"": -1.92, ""cluster_size"": 13, ""cluster_id"": 6, ""rank_in_cluster"": 2}",-7.01,1.76,2,O=C(CCCOc1ccc(Cl)cc1Cl)N/N=C/c1cccc(C(F)(F)F)c1
815,O=C(CCCOc1ccc(Cl)cc1Cl)NN=Cc1cccc(C(F)(F)F)c1,oracle,autodockgpu,-7.79,energy,6.75537453899469,6.75537453899469,"{""free_energy"": -6.1, ""intermolecular_energy"": -8.79, ""internal_energy"": -1.65, ""cluster_size"": 1, ""cluster_id"": 5, ""rank_in_cluster"": 1}",-6.91,1.91,2,O=C(CCCOc1ccc(Cl)cc1Cl)N/N=C\c1cccc(C(F)(F)F)c1
816,O=C(CCCOc1ccc(Cl)cc1Cl)NN=Cc1cccc(C(F)(F)F)c1,oracle,autodockgpu,-7.79,energy,10.633362067850879,10.633362067850879,"{""free_energy"": -5.62, ""intermolecular_energy"": -8.3, ""internal_energy"": -2.08, ""cluster_size"": 13, ""cluster_id"": 6, ""rank_in_cluster"": 8}",-6.85,1.37,2,O=C(CCCOc1ccc(Cl)cc1Cl)N/N=C/c1cccc(C(F)(F)F)c1
817,O=C(CCCOc1ccc(Cl)cc1Cl)NN=Cc1cccc(C(F)(F)F)c1,oracle,autodockgpu,-7.79,energy,5.381954034127976,5.381954034127976,"{""free_energy"": -6.74, ""intermolecular_energy"": -9.43, ""internal_energy"": -1.0, ""cluster_size"": 13, ""cluster_id"": 1, ""rank_in_cluster"": 8}",-6.7,1.12,2,O=C(CCCOc1ccc(Cl)cc1Cl)N/N=C\c1cccc(C(F)(F)F)c1
818,O=C(CCCOc1ccc(Cl)cc1Cl)NN=Cc1cccc(C(F)(F)F)c1,oracle,autodockgpu,-7.79,energy,10.510079865177444,10.510079865177444,"{""free_energy"": -5.61, ""intermolecular_energy"": -8.3, ""internal_energy"": -2.4, ""cluster_size"": 13, ""cluster_id"": 6, ""rank_in_cluster"": 9}",-6.68,0.0,3,O=C(CCCOc1ccc(Cl)cc1Cl)N/N=C/c1cccc(C(F)(F)F)c1
819,O=C(CCCOc1ccc(Cl)cc1Cl)NN=Cc1cccc(C(F)(F)F)c1,oracle,autodockgpu,-7.79,energy,10.566827280523333,10.566827280523333,"{""free_energy"": -5.55, ""intermolecular_energy"": -8.24, ""internal_energy"": -2.48, ""cluster_size"": 13, ""cluster_id"": 6, ""rank_in_cluster"": 10}",-6.46,1.66,3,O=C(CCCOc1ccc(Cl)cc1Cl)N/N=C/c1cccc(C(F)(F)F)c1
820,O=C(CCCOc1ccc(Cl)cc1Cl)NN=Cc1cccc(C(F)(F)F)c1,oracle,autodockgpu,-7.79,energy,6.68400782541465,6.68400782541465,"{""free_energy"": -6.85, ""intermolecular_energy"": -9.54, ""internal_energy"": -0.77, ""cluster_size"": 5, ""cluster_id"": 2, ""rank_in_cluster"": 4}",-6.42,0.96,3,O=C(CCCOc1ccc(Cl)cc1Cl)N/N=C\c1cccc(C(F)(F)F)c1
821,O=C(CCCOc1ccc(Cl)cc1Cl)NN=Cc1cccc(C(F)(F)F)c1,oracle,autodockgpu,-7.79,energy,10.636046675544957,10.636046675544957,"{""free_energy"": -5.35, ""intermolecular_energy"": -8.04, ""internal_energy"": -2.39, ""cluster_size"": 1, ""cluster_id"": 10, ""rank_in_cluster"": 1}",-6.33,1.22,3,O=C(CCCOc1ccc(Cl)cc1Cl)N/N=C/c1cccc(C(F)(F)F)c1
822,O=C(CCCOc1ccc(Cl)cc1Cl)NN=Cc1cccc(C(F)(F)F)c1,oracle,autodockgpu,-7.79,energy,7.299687158998573,7.299687158998573,"{""free_energy"": -5.08, ""intermolecular_energy"": -7.76, ""internal_energy"": -2.52, ""cluster_size"": 3, ""cluster_id"": 9, ""rank_in_cluster"": 3}",-6.18,1.99,3,O=C(CCCOc1ccc(Cl)cc1Cl)N/N=C\c1cccc(C(F)(F)F)c1
823,O=C(CCCOc1ccc(Cl)cc1Cl)NN=Cc1cccc(C(F)(F)F)c1,oracle,autodockgpu,-7.79,energy,6.050091959547253,6.050091959547253,"{""free_energy"": -4.45, ""intermolecular_energy"": -7.14, ""internal_energy"": -3.14, ""cluster_size"": 1, ""cluster_id"": 11, ""rank_in_cluster"": 1}",-6.18,0.8,3,O=C(CCCOc1ccc(Cl)cc1Cl)N/N=C\c1cccc(C(F)(F)F)c1
824,O=C(CCCOc1ccc(Cl)cc1Cl)NN=Cc1cccc(C(F)(F)F)c1,oracle,autodockgpu,-7.79,energy,10.493023395325563,10.493023395325563,"{""free_energy"": -5.66, ""intermolecular_energy"": -8.34, ""internal_energy"": -2.46, ""cluster_size"": 13, ""cluster_id"": 6, ""rank_in_cluster"": 6}",-6.13,1.96,3,O=C(CCCOc1ccc(Cl)cc1Cl)N/N=C/c1cccc(C(F)(F)F)c1
825,O=C(CCCOc1ccc(Cl)cc1Cl)NN=Cc1cccc(C(F)(F)F)c1,oracle,autodockgpu,-7.79,energy,9.199745082403183,9.199745082403183,"{""free_energy"": -6.68, ""intermolecular_energy"": -9.36, ""internal_energy"": -1.3, ""cluster_size"": 8, ""cluster_id"": 3, ""rank_in_cluster"": 1}",-6.01,1.67,3,O=C(CCCOc1ccc(Cl)cc1Cl)N/N=C/c1cccc(C(F)(F)F)c1
826,O=C(CCCOc1ccc(Cl)cc1Cl)NN=Cc1cccc(C(F)(F)F)c1,oracle,autodockgpu,-7.79,energy,10.3809357761119,10.3809357761119,"{""free_energy"": -5.64, ""intermolecular_energy"": -8.33, ""internal_energy"": -2.41, ""cluster_size"": 13, ""cluster_id"": 6, ""rank_in_cluster"": 7}",-6.14,0.0,4,O=C(CCCOc1ccc(Cl)cc1Cl)N/N=C/c1cccc(C(F)(F)F)c1
827,O=C(CCCOc1ccc(Cl)cc1Cl)NN=Cc1cccc(C(F)(F)F)c1,oracle,autodockgpu,-7.79,energy,9.738250152041674,9.738250152041674,"{""free_energy"": -6.05, ""intermolecular_energy"": -8.74, ""internal_energy"": -1.79, ""cluster_size"": 13, ""cluster_id"": 6, ""rank_in_cluster"": 1}",-5.72,0.75,4,O=C(CCCOc1ccc(Cl)cc1Cl)N/N=C/c1cccc(C(F)(F)F)c1
828,O=C(CCCOc1ccc(Cl)cc1Cl)NN=Cc1cccc(C(F)(F)F)c1,oracle,autodockgpu,-7.79,energy,5.866219065683093,5.866219065683093,"{""free_energy"": -7.63, ""intermolecular_energy"": -10.31, ""internal_energy"": -0.95, ""cluster_size"": 13, ""cluster_id"": 1, ""rank_in_cluster"": 2}",-5.58,1.23,4,O=C(CCCOc1ccc(Cl)cc1Cl)N/N=C/c1cccc(C(F)(F)F)c1
829,O=C(CCCOc1ccc(Cl)cc1Cl)NN=Cc1cccc(C(F)(F)F)c1,oracle,autodockgpu,-7.79,energy,8.584782713953523,8.584782713953523,"{""free_energy"": -5.58, ""intermolecular_energy"": -8.26, ""internal_energy"": -2.0, ""cluster_size"": 3, ""cluster_id"": 4, ""rank_in_cluster"": 3}",-6.1,0.0,5,O=C(CCCOc1ccc(Cl)cc1Cl)N/N=C\c1cccc(C(F)(F)F)c1
830,O=C(CCCOc1ccc(Cl)cc1Cl)NN=Cc1cccc(C(F)(F)F)c1,oracle,autodockgpu,-7.79,energy,8.847296641526208,8.847296641526208,"{""free_energy"": -6.18, ""intermolecular_energy"": -8.87, ""internal_energy"": -1.28, ""cluster_size"": 8, ""cluster_id"": 3, ""rank_in_cluster"": 6}",-6.05,0.0,6,O=C(CCCOc1ccc(Cl)cc1Cl)N/N=C/c1cccc(C(F)(F)F)c1
831,O=C(CCCOc1ccc(Cl)cc1Cl)NN=Cc1cccc(C(F)(F)F)c1,oracle,autodockgpu,-7.79,energy,9.585288357147562,9.585288357147562,"{""free_energy"": -6.46, ""intermolecular_energy"": -9.15, ""internal_energy"": -1.49, ""cluster_size"": 8, ""cluster_id"": 3, ""rank_in_cluster"": 2}",-5.94,1.92,6,O=C(CCCOc1ccc(Cl)cc1Cl)N/N=C/c1cccc(C(F)(F)F)c1
832,O=C(CCCOc1ccc(Cl)cc1Cl)NN=Cc1cccc(C(F)(F)F)c1,oracle,autodockgpu,-7.79,energy,6.970880158439834,6.970880158439834,"{""free_energy"": -6.52, ""intermolecular_energy"": -9.21, ""internal_energy"": -1.65, ""cluster_size"": 13, ""cluster_id"": 1, ""rank_in_cluster"": 12}",-5.94,0.5,6,O=C(CCCOc1ccc(Cl)cc1Cl)N/N=C/c1cccc(C(F)(F)F)c1
833,O=C(CCCOc1ccc(Cl)cc1Cl)NN=Cc1cccc(C(F)(F)F)c1,oracle,autodockgpu,-7.79,energy,5.458128615663435,5.458128615663435,"{""free_energy"": -7.01, ""intermolecular_energy"": -9.69, ""internal_energy"": -0.77, ""cluster_size"": 5, ""cluster_id"": 2, ""rank_in_cluster"": 2}",-5.82,1.25,6,O=C(CCCOc1ccc(Cl)cc1Cl)N/N=C/c1cccc(C(F)(F)F)c1
834,O=C(CCCOc1ccc(Cl)cc1Cl)NN=Cc1cccc(C(F)(F)F)c1,oracle,autodockgpu,-7.79,energy,8.640027987736651,8.640027987736651,"{""free_energy"": -5.72, ""intermolecular_energy"": -8.4, ""internal_energy"": -1.98, ""cluster_size"": 3, ""cluster_id"": 4, ""rank_in_cluster"": 2}",-5.66,1.33,6,O=C(CCCOc1ccc(Cl)cc1Cl)N/N=C\c1cccc(C(F)(F)F)c1
835,O=C(CCCOc1ccc(Cl)cc1Cl)NN=Cc1cccc(C(F)(F)F)c1,oracle,autodockgpu,-7.79,energy,6.855685646076741,6.855685646076741,"{""free_energy"": -6.35, ""intermolecular_energy"": -9.04, ""internal_energy"": -1.67, ""cluster_size"": 13, ""cluster_id"": 1, ""rank_in_cluster"": 13}",-5.66,1.29,6,O=C(CCCOc1ccc(Cl)cc1Cl)N/N=C\c1cccc(C(F)(F)F)c1
836,O=C(CCCOc1ccc(Cl)cc1Cl)NN=Cc1cccc(C(F)(F)F)c1,oracle,autodockgpu,-7.79,energy,9.794564315663317,9.794564315663317,"{""free_energy"": -6.13, ""intermolecular_energy"": -8.82, ""internal_energy"": -2.03, ""cluster_size"": 8, ""cluster_id"": 3, ""rank_in_cluster"": 7}",-5.64,1.28,6,O=C(CCCOc1ccc(Cl)cc1Cl)N/N=C/c1cccc(C(F)(F)F)c1
837,O=C(CCCOc1ccc(Cl)cc1Cl)NN=Cc1cccc(C(F)(F)F)c1,oracle,autodockgpu,-7.79,energy,6.079860683828699,6.079860683828699,"{""free_energy"": -7.42, ""intermolecular_energy"": -10.1, ""internal_energy"": -0.77, ""cluster_size"": 5, ""cluster_id"": 2, ""rank_in_cluster"": 1}",-5.62,1.02,6,O=C(CCCOc1ccc(Cl)cc1Cl)N/N=C/c1cccc(C(F)(F)F)c1
838,O=C(CCCOc1ccc(Cl)cc1Cl)NN=Cc1cccc(C(F)(F)F)c1,oracle,autodockgpu,-7.79,energy,10.050279874847174,10.050279874847174,"{""free_energy"": -5.17, ""intermolecular_energy"": -7.85, ""internal_energy"": -2.41, ""cluster_size"": 13, ""cluster_id"": 6, ""rank_in_cluster"": 13}",-5.61,1.31,6,O=C(CCCOc1ccc(Cl)cc1Cl)N/N=C/c1cccc(C(F)(F)F)c1
839,O=C(CCCOc1ccc(Cl)cc1Cl)NN=Cc1cccc(C(F)(F)F)c1,oracle,autodockgpu,-7.79,energy,6.009774590682749,6.009774590682749,"{""free_energy"": -6.7, ""intermolecular_energy"": -9.38, ""internal_energy"": -0.99, ""cluster_size"": 5, ""cluster_id"": 2, ""rank_in_cluster"": 5}",-5.55,1.33,6,O=C(CCCOc1ccc(Cl)cc1Cl)N/N=C/c1cccc(C(F)(F)F)c1
840,O=C(CCCOc1ccc(Cl)cc1Cl)NN=Cc1cccc(C(F)(F)F)c1,oracle,autodockgpu,-7.79,energy,11.552492899414405,11.552492899414405,"{""free_energy"": -5.93, ""intermolecular_energy"": -8.61, ""internal_energy"": -1.83, ""cluster_size"": 1, ""cluster_id"": 7, ""rank_in_cluster"": 1}",-5.5,1.42,6,O=C(CCCOc1ccc(Cl)cc1Cl)N/N=C\c1cccc(C(F)(F)F)c1
841,O=C(CCCOc1ccc(Cl)cc1Cl)NN=Cc1cccc(C(F)(F)F)c1,oracle,autodockgpu,-7.79,energy,5.683374437856367,5.683374437856367,"{""free_energy"": -7.37, ""intermolecular_energy"": -10.06, ""internal_energy"": -0.93, ""cluster_size"": 13, ""cluster_id"": 1, ""rank_in_cluster"": 4}",-5.46,1.31,6,O=C(CCCOc1ccc(Cl)cc1Cl)N/N=C/c1cccc(C(F)(F)F)c1
842,O=C(CCCOc1ccc(Cl)cc1Cl)NN=Cc1cccc(C(F)(F)F)c1,oracle,autodockgpu,-7.79,energy,10.61232898618357,10.61232898618357,"{""free_energy"": -5.5, ""intermolecular_energy"": -8.18, ""internal_energy"": -2.55, ""cluster_size"": 13, ""cluster_id"": 6, ""rank_in_cluster"": 11}",-5.17,1.11,6,O=C(CCCOc1ccc(Cl)cc1Cl)N/N=C/c1cccc(C(F)(F)F)c1
843,O=C(CCCOc1ccc(Cl)cc1Cl)NN=Cc1cccc(C(F)(F)F)c1,oracle,autodockgpu,-7.79,energy,5.8634502095020755,5.8634502095020755,"{""free_energy"": -7.3, ""intermolecular_energy"": -9.98, ""internal_energy"": -0.97, ""cluster_size"": 13, ""cluster_id"": 1, ""rank_in_cluster"": 5}",-5.93,0.0,7,O=C(CCCOc1ccc(Cl)cc1Cl)N/N=C/c1cccc(C(F)(F)F)c1
844,O=C(CCCOc1ccc(Cl)cc1Cl)NN=Cc1cccc(C(F)(F)F)c1,oracle,autodockgpu,-7.79,energy,5.795750356156081,5.795750356156081,"{""free_energy"": -7.21, ""intermolecular_energy"": -9.89, ""internal_energy"": -0.81, ""cluster_size"": 13, ""cluster_id"": 1, ""rank_in_cluster"": 6}",-5.54,0.0,8,O=C(CCCOc1ccc(Cl)cc1Cl)N/N=C\c1cccc(C(F)(F)F)c1
845,O=C(CCCOc1ccc(Cl)cc1Cl)NN=Cc1cccc(C(F)(F)F)c1,oracle,autodockgpu,-7.79,energy,9.672728359720303,9.672728359720303,"{""free_energy"": -6.01, ""intermolecular_energy"": -8.69, ""internal_energy"": -1.95, ""cluster_size"": 8, ""cluster_id"": 3, ""rank_in_cluster"": 8}",-5.46,0.0,9,O=C(CCCOc1ccc(Cl)cc1Cl)N/N=C/c1cccc(C(F)(F)F)c1
846,O=C(CCCOc1ccc(Cl)cc1Cl)NN=Cc1cccc(C(F)(F)F)c1,oracle,autodockgpu,-7.79,energy,9.358951122654492,9.358951122654492,"{""free_energy"": -5.94, ""intermolecular_energy"": -8.62, ""internal_energy"": -1.76, ""cluster_size"": 13, ""cluster_id"": 6, ""rank_in_cluster"": 3}",-5.4,1.12,9,O=C(CCCOc1ccc(Cl)cc1Cl)N/N=C/c1cccc(C(F)(F)F)c1
847,O=C(CCCOc1ccc(Cl)cc1Cl)NN=Cc1cccc(C(F)(F)F)c1,oracle,autodockgpu,-7.79,energy,10.115811130415855,10.115811130415855,"{""free_energy"": -6.42, ""intermolecular_energy"": -9.1, ""internal_energy"": -1.53, ""cluster_size"": 8, ""cluster_id"": 3, ""rank_in_cluster"": 3}",-5.08,0.55,9,O=C(CCCOc1ccc(Cl)cc1Cl)N/N=C/c1cccc(C(F)(F)F)c1
848,O=C(CCCOc1ccc(Cl)cc1Cl)NN=Cc1cccc(C(F)(F)F)c1,oracle,autodockgpu,-7.79,energy,5.8927607271316464,5.8927607271316464,"{""free_energy"": -7.79, ""intermolecular_energy"": -10.47, ""internal_energy"": -0.93, ""cluster_size"": 13, ""cluster_id"": 1, ""rank_in_cluster"": 1}",-5.35,0.0,10,O=C(CCCOc1ccc(Cl)cc1Cl)N/N=C/c1cccc(C(F)(F)F)c1
849,O=C(CCCOc1ccc(Cl)cc1Cl)NN=Cc1cccc(C(F)(F)F)c1,oracle,autodockgpu,-7.79,energy,10.406985656364645,10.406985656364645,"{""free_energy"": -5.82, ""intermolecular_energy"": -8.5, ""internal_energy"": -2.4, ""cluster_size"": 13, ""cluster_id"": 6, ""rank_in_cluster"": 4}",-4.45,0.0,11,O=C(CCCOc1ccc(Cl)cc1Cl)N/N=C/c1cccc(C(F)(F)F)c1
850,CN1CCN(C(=O)c2cccc(C3=Nc4ccc(C#Cc5ccccc5)cc4NC(=O)C3)c2)CC1,oracle,autodockgpu,-6.38,energy,9.955427197889728,9.955427197889728,"{""free_energy"": -5.76, ""intermolecular_energy"": -8.44, ""internal_energy"": -1.22, ""cluster_size"": 17, ""cluster_id"": 2, ""rank_in_cluster"": 13}",-6.38,0.0,1,CN1CCN(C(=O)c2cccc(C3=Nc4ccc(C#Cc5ccccc5)cc4NC(=O)C3)c2)CC1
851,CN1CCN(C(=O)c2cccc(C3=Nc4ccc(C#Cc5ccccc5)cc4NC(=O)C3)c2)CC1,oracle,autodockgpu,-6.38,energy,11.265653920317861,11.265653920317861,"{""free_energy"": -5.28, ""intermolecular_energy"": -7.96, ""internal_energy"": -1.25, ""cluster_size"": 2, ""cluster_id"": 10, ""rank_in_cluster"": 2}",-6.28,0.86,1,CN1CCN(C(=O)c2cccc(C3=Nc4ccc(C#Cc5ccccc5)cc4NC(=O)C3)c2)CC1
852,CN1CCN(C(=O)c2cccc(C3=Nc4ccc(C#Cc5ccccc5)cc4NC(=O)C3)c2)CC1,oracle,autodockgpu,-6.38,energy,8.682149518072674,8.682149518072674,"{""free_energy"": -5.99, ""intermolecular_energy"": -8.67, ""internal_energy"": -1.24, ""cluster_size"": 7, ""cluster_id"": 4, ""rank_in_cluster"": 2}",-6.26,0.74,1,CN1CCN(C(=O)c2cccc(C3=Nc4ccc(C#Cc5ccccc5)cc4NC(=O)C3)c2)CC1
853,CN1CCN(C(=O)c2cccc(C3=Nc4ccc(C#Cc5ccccc5)cc4NC(=O)C3)c2)CC1,oracle,autodockgpu,-6.38,energy,8.602726776352888,8.602726776352888,"{""free_energy"": -6.03, ""intermolecular_energy"": -8.71, ""internal_energy"": -1.26, ""cluster_size"": 8, ""cluster_id"": 1, ""rank_in_cluster"": 6}",-6.08,0.53,1,CN1CCN(C(=O)c2cccc(C3=Nc4ccc(C#Cc5ccccc5)cc4NC(=O)C3)c2)CC1
854,CN1CCN(C(=O)c2cccc(C3=Nc4ccc(C#Cc5ccccc5)cc4NC(=O)C3)c2)CC1,oracle,autodockgpu,-6.38,energy,8.502553957244164,8.502553957244164,"{""free_energy"": -6.06, ""intermolecular_energy"": -8.74, ""internal_energy"": -1.24, ""cluster_size"": 8, ""cluster_id"": 1, ""rank_in_cluster"": 5}",-6.06,0.09,1,CN1CCN(C(=O)c2cccc(C3=Nc4ccc(C#Cc5ccccc5)cc4NC(=O)C3)c2)CC1
855,CN1CCN(C(=O)c2cccc(C3=Nc4ccc(C#Cc5ccccc5)cc4NC(=O)C3)c2)CC1,oracle,autodockgpu,-6.38,energy,9.265334183430205,9.265334183430205,"{""free_energy"": -5.94, ""intermolecular_energy"": -8.62, ""internal_energy"": -1.24, ""cluster_size"": 2, ""cluster_id"": 7, ""rank_in_cluster"": 1}",-6.03,0.67,1,CN1CCN(C(=O)c2cccc(C3=Nc4ccc(C#Cc5ccccc5)cc4NC(=O)C3)c2)CC1
856,CN1CCN(C(=O)c2cccc(C3=Nc4ccc(C#Cc5ccccc5)cc4NC(=O)C3)c2)CC1,oracle,autodockgpu,-6.38,energy,8.678969208918332,8.678969208918332,"{""free_energy"": -6.17, ""intermolecular_energy"": -8.86, ""internal_energy"": -1.24, ""cluster_size"": 7, ""cluster_id"": 4, ""rank_in_cluster"": 1}",-5.92,1.74,1,CN1CCN(C(=O)c2cccc(C3=Nc4ccc(C#Cc5ccccc5)cc4NC(=O)C3)c2)CC1
857,CN1CCN(C(=O)c2cccc(C3=Nc4ccc(C#Cc5ccccc5)cc4NC(=O)C3)c2)CC1,oracle,autodockgpu,-6.38,energy,10.283467939900781,10.283467939900781,"{""free_energy"": -5.83, ""intermolecular_energy"": -8.51, ""internal_energy"": -1.22, ""cluster_size"": 2, ""cluster_id"": 7, ""rank_in_cluster"": 2}",-5.79,1.56,1,CN1CCN(C(=O)c2cccc(C3=Nc4ccc(C#Cc5ccccc5)cc4NC(=O)C3)c2)CC1
858,CN1CCN(C(=O)c2cccc(C3=Nc4ccc(C#Cc5ccccc5)cc4NC(=O)C3)c2)CC1,oracle,autodockgpu,-6.38,energy,8.200584776754278,8.200584776754278,"{""free_energy"": -5.85, ""intermolecular_energy"": -8.54, ""internal_energy"": -1.29, ""cluster_size"": 7, ""cluster_id"": 4, ""rank_in_cluster"": 6}",-6.37,0.0,2,CN1CCN(C(=O)c2cccc(C3=Nc4ccc(C#Cc5ccccc5)cc4NC(=O)C3)c2)CC1
859,CN1CCN(C(=O)c2cccc(C3=Nc4ccc(C#Cc5ccccc5)cc4NC(=O)C3)c2)CC1,oracle,autodockgpu,-6.38,energy,9.936035730636355,9.936035730636355,"{""free_energy"": -6.07, ""intermolecular_energy"": -8.75, ""internal_energy"": -1.26, ""cluster_size"": 17, ""cluster_id"": 2, ""rank_in_cluster"": 7}",-6.22,0.6,2,CN1CCN(C(=O)c2cccc(C3=Nc4ccc(C#Cc5ccccc5)cc4NC(=O)C3)c2)CC1
860,CN1CCN(C(=O)c2cccc(C3=Nc4ccc(C#Cc5ccccc5)cc4NC(=O)C3)c2)CC1,oracle,autodockgpu,-6.38,energy,8.570312759545534,8.570312759545534,"{""free_energy"": -5.97, ""intermolecular_energy"": -8.66, ""internal_energy"": -1.27, ""cluster_size"": 7, ""cluster_id"": 4, ""rank_in_cluster"": 3}",-6.21,0.26,2,CN1CCN(C(=O)c2cccc(C3=Nc4ccc(C#Cc5ccccc5)cc4NC(=O)C3)c2)CC1
861,CN1CCN(C(=O)c2cccc(C3=Nc4ccc(C#Cc5ccccc5)cc4NC(=O)C3)c2)CC1,oracle,autodockgpu,-6.38,energy,8.469847468318578,8.469847468318578,"{""free_energy"": -5.88, ""intermolecular_energy"": -8.57, ""internal_energy"": -1.28, ""cluster_size"": 7, ""cluster_id"": 4, ""rank_in_cluster"": 5}",-6.16,0.59,2,CN1CCN(C(=O)c2cccc(C3=Nc4ccc(C#Cc5ccccc5)cc4NC(=O)C3)c2)CC1
862,CN1CCN(C(=O)c2cccc(C3=Nc4ccc(C#Cc5ccccc5)cc4NC(=O)C3)c2)CC1,oracle,autodockgpu,-6.38,energy,8.489487338893765,8.489487338893765,"{""free_energy"": -6.08, ""intermolecular_energy"": -8.76, ""internal_energy"": -1.26, ""cluster_size"": 8, ""cluster_id"": 1, ""rank_in_cluster"": 4}",-6.11,0.75,2,CN1CCN(C(=O)c2cccc(C3=Nc4ccc(C#Cc5ccccc5)cc4NC(=O)C3)c2)CC1
863,CN1CCN(C(=O)c2cccc(C3=Nc4ccc(C#Cc5ccccc5)cc4NC(=O)C3)c2)CC1,oracle,autodockgpu,-6.38,energy,9.957615792929577,9.957615792929577,"{""free_energy"": -5.85, ""intermolecular_energy"": -8.54, ""internal_energy"": -1.24, ""cluster_size"": 17, ""cluster_id"": 2, ""rank_in_cluster"": 10}",-6.08,0.8,2,CN1CCN(C(=O)c2cccc(C3=Nc4ccc(C#Cc5ccccc5)cc4NC(=O)C3)c2)CC1
864,CN1CCN(C(=O)c2cccc(C3=Nc4ccc(C#Cc5ccccc5)cc4NC(=O)C3)c2)CC1,oracle,autodockgpu,-6.38,energy,9.357237776844835,9.357237776844835,"{""free_energy"": -5.79, ""intermolecular_energy"": -8.48, ""internal_energy"": -1.02, ""cluster_size"": 2, ""cluster_id"": 5, ""rank_in_cluster"": 2}",-6.07,0.83,2,CN1CCN(C(=O)c2cccc(C3=Nc4ccc(C#Cc5ccccc5)cc4NC(=O)C3)c2)CC1
865,CN1CCN(C(=O)c2cccc(C3=Nc4ccc(C#Cc5ccccc5)cc4NC(=O)C3)c2)CC1,oracle,autodockgpu,-6.38,energy,12.886445312192096,12.886445312192096,"{""free_energy"": -6.04, ""intermolecular_energy"": -8.72, ""internal_energy"": -1.17, ""cluster_size"": 2, ""cluster_id"": 3, ""rank_in_cluster"": 2}",-6.04,0.16,2,CN1CCN(C(=O)c2cccc(C3=Nc4ccc(C#Cc5ccccc5)cc4NC(=O)C3)c2)CC1
866,CN1CCN(C(=O)c2cccc(C3=Nc4ccc(C#Cc5ccccc5)cc4NC(=O)C3)c2)CC1,oracle,autodockgpu,-6.38,energy,9.967405971914781,9.967405971914781,"{""free_energy"": -6.08, ""intermolecular_energy"": -8.76, ""internal_energy"": -1.26, ""cluster_size"": 17, ""cluster_id"": 2, ""rank_in_cluster"": 6}",-5.86,0.46,2,CN1CCN(C(=O)c2cccc(C3=Nc4ccc(C#Cc5ccccc5)cc4NC(=O)C3)c2)CC1
867,CN1CCN(C(=O)c2cccc(C3=Nc4ccc(C#Cc5ccccc5)cc4NC(=O)C3)c2)CC1,oracle,autodockgpu,-6.38,energy,7.744493185062344,7.744493185062344,"{""free_energy"": -5.81, ""intermolecular_energy"": -8.5, ""internal_energy"": -1.25, ""cluster_size"": 4, ""cluster_id"": 6, ""rank_in_cluster"": 2}",-5.85,0.48,2,CN1CCN(C(=O)c2cccc(C3=Nc4ccc(C#Cc5ccccc5)cc4NC(=O)C3)c2)CC1
868,CN1CCN(C(=O)c2cccc(C3=Nc4ccc(C#Cc5ccccc5)cc4NC(=O)C3)c2)CC1,oracle,autodockgpu,-6.38,energy,9.672567576497691,9.672567576497691,"{""free_energy"": -5.77, ""intermolecular_energy"": -8.45, ""internal_energy"": -1.23, ""cluster_size"": 17, ""cluster_id"": 2, ""rank_in_cluster"": 11}",-5.77,0.63,2,CN1CCN(C(=O)c2cccc(C3=Nc4ccc(C#Cc5ccccc5)cc4NC(=O)C3)c2)CC1
869,CN1CCN(C(=O)c2cccc(C3=Nc4ccc(C#Cc5ccccc5)cc4NC(=O)C3)c2)CC1,oracle,autodockgpu,-6.38,energy,9.872681564511176,9.872681564511176,"{""free_energy"": -6.37, ""intermolecular_energy"": -9.05, ""internal_energy"": -1.23, ""cluster_size"": 17, ""cluster_id"": 2, ""rank_in_cluster"": 1}",-5.77,0.59,2,CN1CCN(C(=O)c2cccc(C3=Nc4ccc(C#Cc5ccccc5)cc4NC(=O)C3)c2)CC1
870,CN1CCN(C(=O)c2cccc(C3=Nc4ccc(C#Cc5ccccc5)cc4NC(=O)C3)c2)CC1,oracle,autodockgpu,-6.38,energy,10.270507911277162,10.270507911277162,"{""free_energy"": -5.58, ""intermolecular_energy"": -8.27, ""internal_energy"": -1.21, ""cluster_size"": 17, ""cluster_id"": 2, ""rank_in_cluster"": 16}",-5.76,0.66,2,CN1CCN(C(=O)c2cccc(C3=Nc4ccc(C#Cc5ccccc5)cc4NC(=O)C3)c2)CC1
871,CN1CCN(C(=O)c2cccc(C3=Nc4ccc(C#Cc5ccccc5)cc4NC(=O)C3)c2)CC1,oracle,autodockgpu,-6.38,energy,9.980707558605086,9.980707558605086,"{""free_energy"": -6.11, ""intermolecular_energy"": -8.8, ""internal_energy"": -1.26, ""cluster_size"": 17, ""cluster_id"": 2, ""rank_in_cluster"": 5}",-5.74,0.82,2,CN1CCN(C(=O)c2cccc(C3=Nc4ccc(C#Cc5ccccc5)cc4NC(=O)C3)c2)CC1
872,CN1CCN(C(=O)c2cccc(C3=Nc4ccc(C#Cc5ccccc5)cc4NC(=O)C3)c2)CC1,oracle,autodockgpu,-6.38,energy,9.55405800031886,9.55405800031886,"{""free_energy"": -6.15, ""intermolecular_energy"": -8.83, ""internal_energy"": -1.02, ""cluster_size"": 2, ""cluster_id"": 5, ""rank_in_cluster"": 1}",-5.72,0.52,2,CN1CCN(C(=O)c2cccc(C3=Nc4ccc(C#Cc5ccccc5)cc4NC(=O)C3)c2)CC1
873,CN1CCN(C(=O)c2cccc(C3=Nc4ccc(C#Cc5ccccc5)cc4NC(=O)C3)c2)CC1,oracle,autodockgpu,-6.38,energy,7.42996972473481,7.42996972473481,"{""free_energy"": -5.47, ""intermolecular_energy"": -8.15, ""internal_energy"": -1.28, ""cluster_size"": 4, ""cluster_id"": 6, ""rank_in_cluster"": 3}",-5.58,1.13,2,CN1CCN(C(=O)c2cccc(C3=Nc4ccc(C#Cc5ccccc5)cc4NC(=O)C3)c2)CC1
874,CN1CCN(C(=O)c2cccc(C3=Nc4ccc(C#Cc5ccccc5)cc4NC(=O)C3)c2)CC1,oracle,autodockgpu,-6.38,energy,12.957447503839694,12.957447503839694,"{""free_energy"": -5.88, ""intermolecular_energy"": -8.57, ""internal_energy"": -1.24, ""cluster_size"": 2, ""cluster_id"": 8, ""rank_in_cluster"": 2}",-5.29,0.78,2,CN1CCN(C(=O)c2cccc(C3=Nc4ccc(C#Cc5ccccc5)cc4NC(=O)C3)c2)CC1
875,CN1CCN(C(=O)c2cccc(C3=Nc4ccc(C#Cc5ccccc5)cc4NC(=O)C3)c2)CC1,oracle,autodockgpu,-6.38,energy,9.736471165266359,9.736471165266359,"{""free_energy"": -6.22, ""intermolecular_energy"": -8.9, ""internal_energy"": -1.23, ""cluster_size"": 17, ""cluster_id"": 2, ""rank_in_cluster"": 2}",-6.3,0.0,3,CN1CCN(C(=O)c2cccc(C3=Nc4ccc(C#Cc5ccccc5)cc4NC(=O)C3)c2)CC1
876,CN1CCN(C(=O)c2cccc(C3=Nc4ccc(C#Cc5ccccc5)cc4NC(=O)C3)c2)CC1,oracle,autodockgpu,-6.38,energy,9.878371814490725,9.878371814490725,"{""free_energy"": -5.5, ""intermolecular_energy"": -8.18, ""internal_energy"": -1.29, ""cluster_size"": 4, ""cluster_id"": 9, ""rank_in_cluster"": 3}",-6.04,1.24,3,CN1CCN(C(=O)c2cccc(C3=Nc4ccc(C#Cc5ccccc5)cc4NC(=O)C3)c2)CC1
877,CN1CCN(C(=O)c2cccc(C3=Nc4ccc(C#Cc5ccccc5)cc4NC(=O)C3)c2)CC1,oracle,autodockgpu,-6.38,energy,9.853411704368192,9.853411704368192,"{""free_energy"": -6.04, ""intermolecular_energy"": -8.73, ""internal_energy"": -1.23, ""cluster_size"": 17, ""cluster_id"": 2, ""rank_in_cluster"": 8}",-6.17,0.0,4,CN1CCN(C(=O)c2cccc(C3=Nc4ccc(C#Cc5ccccc5)cc4NC(=O)C3)c2)CC1
878,CN1CCN(C(=O)c2cccc(C3=Nc4ccc(C#Cc5ccccc5)cc4NC(=O)C3)c2)CC1,oracle,autodockgpu,-6.38,energy,10.682828757333521,10.682828757333521,"{""free_energy"": -5.48, ""intermolecular_energy"": -8.16, ""internal_energy"": -1.24, ""cluster_size"": 2, ""cluster_id"": 10, ""rank_in_cluster"": 1}",-5.99,0.17,4,CN1CCN(C(=O)c2cccc(C3=Nc4ccc(C#Cc5ccccc5)cc4NC(=O)C3)c2)CC1
879,CN1CCN(C(=O)c2cccc(C3=Nc4ccc(C#Cc5ccccc5)cc4NC(=O)C3)c2)CC1,oracle,autodockgpu,-6.38,energy,8.658968170994214,8.658968170994214,"{""free_energy"": -6.26, ""intermolecular_energy"": -8.95, ""internal_energy"": -1.24, ""cluster_size"": 8, ""cluster_id"": 1, ""rank_in_cluster"": 3}",-5.97,0.56,4,CN1CCN(C(=O)c2cccc(C3=Nc4ccc(C#Cc5ccccc5)cc4NC(=O)C3)c2)CC1
880,CN1CCN(C(=O)c2cccc(C3=Nc4ccc(C#Cc5ccccc5)cc4NC(=O)C3)c2)CC1,oracle,autodockgpu,-6.38,energy,9.798005806892867,9.798005806892867,"{""free_energy"": -5.77, ""intermolecular_energy"": -8.45, ""internal_energy"": -1.23, ""cluster_size"": 17, ""cluster_id"": 2, ""rank_in_cluster"": 12}",-5.96,0.43,4,CN1CCN(C(=O)c2cccc(C3=Nc4ccc(C#Cc5ccccc5)cc4NC(=O)C3)c2)CC1
881,CN1CCN(C(=O)c2cccc(C3=Nc4ccc(C#Cc5ccccc5)cc4NC(=O)C3)c2)CC1,oracle,autodockgpu,-6.38,energy,9.866968287660315,9.866968287660315,"{""free_energy"": -5.63, ""intermolecular_energy"": -8.31, ""internal_energy"": -1.29, ""cluster_size"": 4, ""cluster_id"": 9, ""rank_in_cluster"": 1}",-5.88,0.67,4,CN1CCN(C(=O)c2cccc(C3=Nc4ccc(C#Cc5ccccc5)cc4NC(=O)C3)c2)CC1
882,CN1CCN(C(=O)c2cccc(C3=Nc4ccc(C#Cc5ccccc5)cc4NC(=O)C3)c2)CC1,oracle,autodockgpu,-6.38,energy,7.798024378761797,7.798024378761797,"{""free_energy"": -5.19, ""intermolecular_energy"": -7.87, ""internal_energy"": -1.21, ""cluster_size"": 4, ""cluster_id"": 6, ""rank_in_cluster"": 4}",-5.85,0.94,4,CN1CCN(C(=O)c2cccc(C3=Nc4ccc(C#Cc5ccccc5)cc4NC(=O)C3)c2)CC1
883,CN1CCN(C(=O)c2cccc(C3=Nc4ccc(C#Cc5ccccc5)cc4NC(=O)C3)c2)CC1,oracle,autodockgpu,-6.38,energy,8.723739130697366,8.723739130697366,"{""free_energy"": -5.79, ""intermolecular_energy"": -8.48, ""internal_energy"": -1.23, ""cluster_size"": 7, ""cluster_id"": 4, ""rank_in_cluster"": 7}",-5.79,0.48,4,CN1CCN(C(=O)c2cccc(C3=Nc4ccc(C#Cc5ccccc5)cc4NC(=O)C3)c2)CC1
884,CN1CCN(C(=O)c2cccc(C3=Nc4ccc(C#Cc5ccccc5)cc4NC(=O)C3)c2)CC1,oracle,autodockgpu,-6.38,energy,8.60899791856563,8.60899791856563,"{""free_energy"": -5.96, ""intermolecular_energy"": -8.64, ""internal_energy"": -1.26, ""cluster_size"": 7, ""cluster_id"": 4, ""rank_in_cluster"": 4}",-6.15,0.0,5,CN1CCN(C(=O)c2cccc(C3=Nc4ccc(C#Cc5ccccc5)cc4NC(=O)C3)c2)CC1
885,CN1CCN(C(=O)c2cccc(C3=Nc4ccc(C#Cc5ccccc5)cc4NC(=O)C3)c2)CC1,oracle,autodockgpu,-6.38,energy,8.719809919710922,8.719809919710922,"{""free_energy"": -6.28, ""intermolecular_energy"": -8.96, ""internal_energy"": -1.24, ""cluster_size"": 8, ""cluster_id"": 1, ""rank_in_cluster"": 2}",-5.79,0.62,5,CN1CCN(C(=O)c2cccc(C3=Nc4ccc(C#Cc5ccccc5)cc4NC(=O)C3)c2)CC1
886,CN1CCN(C(=O)c2cccc(C3=Nc4ccc(C#Cc5ccccc5)cc4NC(=O)C3)c2)CC1,oracle,autodockgpu,-6.38,energy,8.65430385911851,8.65430385911851,"{""free_energy"": -5.79, ""intermolecular_energy"": -8.48, ""internal_energy"": -1.19, ""cluster_size"": 8, ""cluster_id"": 1, ""rank_in_cluster"": 8}",-5.94,0.0,6,CN1CCN(C(=O)c2cccc(C3=Nc4ccc(C#Cc5ccccc5)cc4NC(=O)C3)c2)CC1
887,CN1CCN(C(=O)c2cccc(C3=Nc4ccc(C#Cc5ccccc5)cc4NC(=O)C3)c2)CC1,oracle,autodockgpu,-6.38,energy,12.507502940054914,12.507502940054914,"{""free_energy"": -6.3, ""intermolecular_energy"": -8.98, ""internal_energy"": -1.21, ""cluster_size"": 2, ""cluster_id"": 3, ""rank_in_cluster"": 1}",-5.81,0.2,6,CN1CCN(C(=O)c2cccc(C3=Nc4ccc(C#Cc5ccccc5)cc4NC(=O)C3)c2)CC1
888,CN1CCN(C(=O)c2cccc(C3=Nc4ccc(C#Cc5ccccc5)cc4NC(=O)C3)c2)CC1,oracle,autodockgpu,-6.38,energy,9.900448339465626,9.900448339465626,"{""free_energy"": -5.23, ""intermolecular_energy"": -7.92, ""internal_energy"": -1.29, ""cluster_size"": 4, ""cluster_id"": 9, ""rank_in_cluster"": 4}",-5.47,1.25,6,CN1CCN(C(=O)c2cccc(C3=Nc4ccc(C#Cc5ccccc5)cc4NC(=O)C3)c2)CC1
889,CN1CCN(C(=O)c2cccc(C3=Nc4ccc(C#Cc5ccccc5)cc4NC(=O)C3)c2)CC1,oracle,autodockgpu,-6.38,energy,8.432483437015469,8.432483437015469,"{""free_energy"": -5.92, ""intermolecular_energy"": -8.6, ""internal_energy"": -1.11, ""cluster_size"": 8, ""cluster_id"": 1, ""rank_in_cluster"": 7}",-5.19,1.69,6,CN1CCN(C(=O)c2cccc(C3=Nc4ccc(C#Cc5ccccc5)cc4NC(=O)C3)c2)CC1
890,CN1CCN(C(=O)c2cccc(C3=Nc4ccc(C#Cc5ccccc5)cc4NC(=O)C3)c2)CC1,oracle,autodockgpu,-6.38,energy,8.51470791776669,8.51470791776669,"{""free_energy"": -6.38, ""intermolecular_energy"": -9.06, ""internal_energy"": -1.24, ""cluster_size"": 8, ""cluster_id"": 1, ""rank_in_cluster"": 1}",-5.94,0.0,7,CN1CCN(C(=O)c2cccc(C3=Nc4ccc(C#Cc5ccccc5)cc4NC(=O)C3)c2)CC1
891,CN1CCN(C(=O)c2cccc(C3=Nc4ccc(C#Cc5ccccc5)cc4NC(=O)C3)c2)CC1,oracle,autodockgpu,-6.38,energy,9.906359693414757,9.906359693414757,"{""free_energy"": -6.21, ""intermolecular_energy"": -8.9, ""internal_energy"": -1.24, ""cluster_size"": 17, ""cluster_id"": 2, ""rank_in_cluster"": 3}",-5.83,1.03,7,CN1CCN(C(=O)c2cccc(C3=Nc4ccc(C#Cc5ccccc5)cc4NC(=O)C3)c2)CC1
892,CN1CCN(C(=O)c2cccc(C3=Nc4ccc(C#Cc5ccccc5)cc4NC(=O)C3)c2)CC1,oracle,autodockgpu,-6.38,energy,9.940830207243122,9.940830207243122,"{""free_energy"": -5.74, ""intermolecular_energy"": -8.42, ""internal_energy"": -1.26, ""cluster_size"": 17, ""cluster_id"": 2, ""rank_in_cluster"": 14}",-5.92,0.0,8,CN1CCN(C(=O)c2cccc(C3=Nc4ccc(C#Cc5ccccc5)cc4NC(=O)C3)c2)CC1
893,CN1CCN(C(=O)c2cccc(C3=Nc4ccc(C#Cc5ccccc5)cc4NC(=O)C3)c2)CC1,oracle,autodockgpu,-6.38,energy,7.67273327815534,7.67273327815534,"{""free_energy"": -5.94, ""intermolecular_energy"": -8.63, ""internal_energy"": -1.25, ""cluster_size"": 4, ""cluster_id"": 6, ""rank_in_cluster"": 1}",-5.88,0.29,8,CN1CCN(C(=O)c2cccc(C3=Nc4ccc(C#Cc5ccccc5)cc4NC(=O)C3)c2)CC1
894,CN1CCN(C(=O)c2cccc(C3=Nc4ccc(C#Cc5ccccc5)cc4NC(=O)C3)c2)CC1,oracle,autodockgpu,-6.38,energy,9.92807425648898,9.92807425648898,"{""free_energy"": -5.29, ""intermolecular_energy"": -7.97, ""internal_energy"": -1.26, ""cluster_size"": 17, ""cluster_id"": 2, ""rank_in_cluster"": 17}",-5.63,0.0,9,CN1CCN(C(=O)c2cccc(C3=Nc4ccc(C#Cc5ccccc5)cc4NC(=O)C3)c2)CC1
895,CN1CCN(C(=O)c2cccc(C3=Nc4ccc(C#Cc5ccccc5)cc4NC(=O)C3)c2)CC1,oracle,autodockgpu,-6.38,energy,9.963224744715838,9.963224744715838,"{""free_energy"": -5.72, ""intermolecular_energy"": -8.4, ""internal_energy"": -1.25, ""cluster_size"": 17, ""cluster_id"": 2, ""rank_in_cluster"": 15}",-5.54,0.24,9,CN1CCN(C(=O)c2cccc(C3=Nc4ccc(C#Cc5ccccc5)cc4NC(=O)C3)c2)CC1
896,CN1CCN(C(=O)c2cccc(C3=Nc4ccc(C#Cc5ccccc5)cc4NC(=O)C3)c2)CC1,oracle,autodockgpu,-6.38,energy,9.791708546073224,9.791708546073224,"{""free_energy"": -5.54, ""intermolecular_energy"": -8.22, ""internal_energy"": -1.29, ""cluster_size"": 4, ""cluster_id"": 9, ""rank_in_cluster"": 2}",-5.5,0.24,9,CN1CCN(C(=O)c2cccc(C3=Nc4ccc(C#Cc5ccccc5)cc4NC(=O)C3)c2)CC1
897,CN1CCN(C(=O)c2cccc(C3=Nc4ccc(C#Cc5ccccc5)cc4NC(=O)C3)c2)CC1,oracle,autodockgpu,-6.38,energy,9.775155220008335,9.775155220008335,"{""free_energy"": -6.16, ""intermolecular_energy"": -8.84, ""internal_energy"": -1.23, ""cluster_size"": 17, ""cluster_id"": 2, ""rank_in_cluster"": 4}",-5.23,0.16,9,CN1CCN(C(=O)c2cccc(C3=Nc4ccc(C#Cc5ccccc5)cc4NC(=O)C3)c2)CC1
898,CN1CCN(C(=O)c2cccc(C3=Nc4ccc(C#Cc5ccccc5)cc4NC(=O)C3)c2)CC1,oracle,autodockgpu,-6.38,energy,9.942026906452314,9.942026906452314,"{""free_energy"": -5.86, ""intermolecular_energy"": -8.55, ""internal_energy"": -1.25, ""cluster_size"": 17, ""cluster_id"": 2, ""rank_in_cluster"": 9}",-5.48,0.0,10,CN1CCN(C(=O)c2cccc(C3=Nc4ccc(C#Cc5ccccc5)cc4NC(=O)C3)c2)CC1
899,CN1CCN(C(=O)c2cccc(C3=Nc4ccc(C#Cc5ccccc5)cc4NC(=O)C3)c2)CC1,oracle,autodockgpu,-6.38,energy,12.835113544052705,12.835113544052705,"{""free_energy"": -5.92, ""intermolecular_energy"": -8.61, ""internal_energy"": -1.23, ""cluster_size"": 2, ""cluster_id"": 8, ""rank_in_cluster"": 1}",-5.28,1.64,10,CN1CCN(C(=O)c2cccc(C3=Nc4ccc(C#Cc5ccccc5)cc4NC(=O)C3)c2)CC1
900,COc1ccc([C@H](C)NC(=O)[C@@H]2C[C@@H](O)CN2C(=O)CNC(=O)c2ccc3cc(F)ccc3n2)c(Cl)c1,oracle,autodockgpu,-8.74,energy,6.144232303354076,6.144232303354076,"{""free_energy"": -5.8, ""intermolecular_energy"": -8.48, ""internal_energy"": -4.87, ""cluster_size"": 3, ""cluster_id"": 14, ""rank_in_cluster"": 3}",-8.74,0.0,1,COc1ccc([C@H](C)NC(=O)[C@@H]2C[C@@H](O)CN2C(=O)CNC(=O)c2ccc3cc(F)ccc3n2)c(Cl)c1
901,COc1ccc([C@H](C)NC(=O)[C@@H]2C[C@@H](O)CN2C(=O)CNC(=O)c2ccc3cc(F)ccc3n2)c(Cl)c1,oracle,autodockgpu,-8.74,energy,1.7047868064265426,1.7047868064265426,"{""free_energy"": -8.26, ""intermolecular_energy"": -10.94, ""internal_energy"": -2.21, ""cluster_size"": 8, ""cluster_id"": 3, ""rank_in_cluster"": 4}",-8.51,0.91,1,COc1ccc([C@H](C)NC(=O)[C@@H]2C[C@@H](O)CN2C(=O)CNC(=O)c2ccc3cc(F)ccc3n2)c(Cl)c1
902,COc1ccc([C@H](C)NC(=O)[C@@H]2C[C@@H](O)CN2C(=O)CNC(=O)c2ccc3cc(F)ccc3n2)c(Cl)c1,oracle,autodockgpu,-8.74,energy,6.535164324850421,6.535164324850421,"{""free_energy"": -8.67, ""intermolecular_energy"": -11.36, ""internal_energy"": -2.88, ""cluster_size"": 5, ""cluster_id"": 2, ""rank_in_cluster"": 1}",-8.51,1.89,1,COc1ccc([C@H](C)NC(=O)[C@@H]2C[C@@H](O)CN2C(=O)CNC(=O)c2ccc3cc(F)ccc3n2)c(Cl)c1
903,COc1ccc([C@H](C)NC(=O)[C@@H]2C[C@@H](O)CN2C(=O)CNC(=O)c2ccc3cc(F)ccc3n2)c(Cl)c1,oracle,autodockgpu,-8.74,energy,6.634034957800131,6.634034957800131,"{""free_energy"": -6.46, ""intermolecular_energy"": -9.14, ""internal_energy"": -4.13, ""cluster_size"": 19, ""cluster_id"": 9, ""rank_in_cluster"": 12}",-8.5,1.89,1,COc1ccc([C@H](C)NC(=O)[C@@H]2C[C@@H](O)CN2C(=O)CNC(=O)c2ccc3cc(F)ccc3n2)c(Cl)c1
904,COc1ccc([C@H](C)NC(=O)[C@@H]2C[C@@H](O)CN2C(=O)CNC(=O)c2ccc3cc(F)ccc3n2)c(Cl)c1,oracle,autodockgpu,-8.74,energy,6.548338544706088,6.548338544706088,"{""free_energy"": -6.62, ""intermolecular_energy"": -9.3, ""internal_energy"": -4.7, ""cluster_size"": 19, ""cluster_id"": 9, ""rank_in_cluster"": 7}",-8.67,0.0,2,COc1ccc([C@H](C)NC(=O)[C@@H]2C[C@@H](O)CN2C(=O)CNC(=O)c2ccc3cc(F)ccc3n2)c(Cl)c1
905,COc1ccc([C@H](C)NC(=O)[C@@H]2C[C@@H](O)CN2C(=O)CNC(=O)c2ccc3cc(F)ccc3n2)c(Cl)c1,oracle,autodockgpu,-8.74,energy,1.9752825790815258,1.9752825790815258,"{""free_energy"": -8.12, ""intermolecular_energy"": -10.8, ""internal_energy"": -2.06, ""cluster_size"": 8, ""cluster_id"": 3, ""rank_in_cluster"": 7}",-8.4,0.33,2,COc1ccc([C@H](C)NC(=O)[C@@H]2C[C@@H](O)CN2C(=O)CNC(=O)c2ccc3cc(F)ccc3n2)c(Cl)c1
906,COc1ccc([C@H](C)NC(=O)[C@@H]2C[C@@H](O)CN2C(=O)CNC(=O)c2ccc3cc(F)ccc3n2)c(Cl)c1,oracle,autodockgpu,-8.74,energy,6.830686959848556,6.830686959848556,"{""free_energy"": -6.47, ""intermolecular_energy"": -9.16, ""internal_energy"": -4.12, ""cluster_size"": 19, ""cluster_id"": 9, ""rank_in_cluster"": 11}",-8.18,0.7,2,COc1ccc([C@H](C)NC(=O)[C@@H]2C[C@@H](O)CN2C(=O)CNC(=O)c2ccc3cc(F)ccc3n2)c(Cl)c1
907,COc1ccc([C@H](C)NC(=O)[C@@H]2C[C@@H](O)CN2C(=O)CNC(=O)c2ccc3cc(F)ccc3n2)c(Cl)c1,oracle,autodockgpu,-8.74,energy,6.817091696150422,6.817091696150422,"{""free_energy"": -6.7, ""intermolecular_energy"": -9.38, ""internal_energy"": -4.28, ""cluster_size"": 19, ""cluster_id"": 9, ""rank_in_cluster"": 3}",-7.36,1.31,2,COc1ccc([C@H](C)NC(=O)[C@@H]2C[C@@H](O)CN2C(=O)CNC(=O)c2ccc3cc(F)ccc3n2)c(Cl)c1
908,COc1ccc([C@H](C)NC(=O)[C@@H]2C[C@@H](O)CN2C(=O)CNC(=O)c2ccc3cc(F)ccc3n2)c(Cl)c1,oracle,autodockgpu,-8.74,energy,6.637941036379134,6.637941036379134,"{""free_energy"": -6.7, ""intermolecular_energy"": -9.38, ""internal_energy"": -4.35, ""cluster_size"": 19, ""cluster_id"": 9, ""rank_in_cluster"": 4}",-6.93,1.0,2,COc1ccc([C@H](C)NC(=O)[C@@H]2C[C@@H](O)CN2C(=O)CNC(=O)c2ccc3cc(F)ccc3n2)c(Cl)c1
909,COc1ccc([C@H](C)NC(=O)[C@@H]2C[C@@H](O)CN2C(=O)CNC(=O)c2ccc3cc(F)ccc3n2)c(Cl)c1,oracle,autodockgpu,-8.74,energy,3.181720796175187,3.181720796175187,"{""free_energy"": -7.32, ""intermolecular_energy"": -10.01, ""internal_energy"": -3.46, ""cluster_size"": 1, ""cluster_id"": 11, ""rank_in_cluster"": 1}",-8.6,0.0,3,COc1ccc([C@H](C)NC(=O)[C@@H]2C[C@@H](O)CN2C(=O)CNC(=O)c2ccc3cc(F)ccc3n2)c(Cl)c1
910,COc1ccc([C@H](C)NC(=O)[C@@H]2C[C@@H](O)CN2C(=O)CNC(=O)c2ccc3cc(F)ccc3n2)c(Cl)c1,oracle,autodockgpu,-8.74,energy,6.705197267430691,6.705197267430691,"{""free_energy"": -6.58, ""intermolecular_energy"": -9.26, ""internal_energy"": -4.09, ""cluster_size"": 19, ""cluster_id"": 9, ""rank_in_cluster"": 9}",-8.58,1.33,3,COc1ccc([C@H](C)NC(=O)[C@@H]2C[C@@H](O)CN2C(=O)CNC(=O)c2ccc3cc(F)ccc3n2)c(Cl)c1
911,COc1ccc([C@H](C)NC(=O)[C@@H]2C[C@@H](O)CN2C(=O)CNC(=O)c2ccc3cc(F)ccc3n2)c(Cl)c1,oracle,autodockgpu,-8.74,energy,6.605235242483225,6.605235242483225,"{""free_energy"": -7.05, ""intermolecular_energy"": -9.73, ""internal_energy"": -4.3, ""cluster_size"": 19, ""cluster_id"": 9, ""rank_in_cluster"": 2}",-8.39,1.95,3,COc1ccc([C@H](C)NC(=O)[C@@H]2C[C@@H](O)CN2C(=O)CNC(=O)c2ccc3cc(F)ccc3n2)c(Cl)c1
912,COc1ccc([C@H](C)NC(=O)[C@@H]2C[C@@H](O)CN2C(=O)CNC(=O)c2ccc3cc(F)ccc3n2)c(Cl)c1,oracle,autodockgpu,-8.74,energy,6.2173956015896845,6.2173956015896845,"{""free_energy"": -6.43, ""intermolecular_energy"": -9.11, ""internal_energy"": -4.82, ""cluster_size"": 19, ""cluster_id"": 9, ""rank_in_cluster"": 13}",-8.26,1.31,3,COc1ccc([C@H](C)NC(=O)[C@@H]2C[C@@H](O)CN2C(=O)CNC(=O)c2ccc3cc(F)ccc3n2)c(Cl)c1
913,COc1ccc([C@H](C)NC(=O)[C@@H]2C[C@@H](O)CN2C(=O)CNC(=O)c2ccc3cc(F)ccc3n2)c(Cl)c1,oracle,autodockgpu,-8.74,energy,6.529506768085891,6.529506768085891,"{""free_energy"": -8.4, ""intermolecular_energy"": -11.08, ""internal_energy"": -3.03, ""cluster_size"": 5, ""cluster_id"": 2, ""rank_in_cluster"": 2}",-8.18,0.67,3,COc1ccc([C@H](C)NC(=O)[C@@H]2C[C@@H](O)CN2C(=O)CNC(=O)c2ccc3cc(F)ccc3n2)c(Cl)c1
914,COc1ccc([C@H](C)NC(=O)[C@@H]2C[C@@H](O)CN2C(=O)CNC(=O)c2ccc3cc(F)ccc3n2)c(Cl)c1,oracle,autodockgpu,-8.74,energy,6.948930791813659,6.948930791813659,"{""free_energy"": -7.36, ""intermolecular_energy"": -10.05, ""internal_energy"": -3.18, ""cluster_size"": 5, ""cluster_id"": 2, ""rank_in_cluster"": 4}",-8.12,1.95,3,COc1ccc([C@H](C)NC(=O)[C@@H]2C[C@@H](O)CN2C(=O)CNC(=O)c2ccc3cc(F)ccc3n2)c(Cl)c1
915,COc1ccc([C@H](C)NC(=O)[C@@H]2C[C@@H](O)CN2C(=O)CNC(=O)c2ccc3cc(F)ccc3n2)c(Cl)c1,oracle,autodockgpu,-8.74,energy,4.129448919166061,4.129448919166061,"{""free_energy"": -8.5, ""intermolecular_energy"": -11.19, ""internal_energy"": -2.66, ""cluster_size"": 4, ""cluster_id"": 1, ""rank_in_cluster"": 4}",-8.12,1.69,3,COc1ccc([C@H](C)NC(=O)[C@@H]2C[C@@H](O)CN2C(=O)CNC(=O)c2ccc3cc(F)ccc3n2)c(Cl)c1
916,COc1ccc([C@H](C)NC(=O)[C@@H]2C[C@@H](O)CN2C(=O)CNC(=O)c2ccc3cc(F)ccc3n2)c(Cl)c1,oracle,autodockgpu,-8.74,energy,3.5077651433201313,3.5077651433201313,"{""free_energy"": -8.51, ""intermolecular_energy"": -11.2, ""internal_energy"": -1.6, ""cluster_size"": 4, ""cluster_id"": 1, ""rank_in_cluster"": 2}",-7.43,1.02,3,COc1ccc([C@H](C)NC(=O)[C@@H]2C[C@@H](O)CN2C(=O)CNC(=O)c2ccc3cc(F)ccc3n2)c(Cl)c1
917,COc1ccc([C@H](C)NC(=O)[C@@H]2C[C@@H](O)CN2C(=O)CNC(=O)c2ccc3cc(F)ccc3n2)c(Cl)c1,oracle,autodockgpu,-8.74,energy,3.6488394926780985,3.6488394926780985,"{""free_energy"": -8.04, ""intermolecular_energy"": -10.72, ""internal_energy"": -2.69, ""cluster_size"": 1, ""cluster_id"": 6, ""rank_in_cluster"": 1}",-8.56,0.0,4,COc1ccc([C@H](C)NC(=O)[C@@H]2C[C@@H](O)CN2C(=O)CNC(=O)c2ccc3cc(F)ccc3n2)c(Cl)c1
918,COc1ccc([C@H](C)NC(=O)[C@@H]2C[C@@H](O)CN2C(=O)CNC(=O)c2ccc3cc(F)ccc3n2)c(Cl)c1,oracle,autodockgpu,-8.74,energy,6.8300591119210265,6.8300591119210265,"{""free_energy"": -6.39, ""intermolecular_energy"": -9.08, ""internal_energy"": -4.28, ""cluster_size"": 19, ""cluster_id"": 9, ""rank_in_cluster"": 15}",-8.03,1.92,4,COc1ccc([C@H](C)NC(=O)[C@@H]2C[C@@H](O)CN2C(=O)CNC(=O)c2ccc3cc(F)ccc3n2)c(Cl)c1
919,COc1ccc([C@H](C)NC(=O)[C@@H]2C[C@@H](O)CN2C(=O)CNC(=O)c2ccc3cc(F)ccc3n2)c(Cl)c1,oracle,autodockgpu,-8.74,energy,8.59863315216579,8.59863315216579,"{""free_energy"": -7.73, ""intermolecular_energy"": -10.41, ""internal_energy"": -2.64, ""cluster_size"": 1, ""cluster_id"": 8, ""rank_in_cluster"": 1}",-7.54,0.99,4,COc1ccc([C@H](C)NC(=O)[C@@H]2C[C@@H](O)CN2C(=O)CNC(=O)c2ccc3cc(F)ccc3n2)c(Cl)c1
920,COc1ccc([C@H](C)NC(=O)[C@@H]2C[C@@H](O)CN2C(=O)CNC(=O)c2ccc3cc(F)ccc3n2)c(Cl)c1,oracle,autodockgpu,-8.74,energy,4.131787094324048,4.131787094324048,"{""free_energy"": -8.51, ""intermolecular_energy"": -11.19, ""internal_energy"": -2.65, ""cluster_size"": 4, ""cluster_id"": 1, ""rank_in_cluster"": 3}",-8.27,0.0,5,COc1ccc([C@H](C)NC(=O)[C@@H]2C[C@@H](O)CN2C(=O)CNC(=O)c2ccc3cc(F)ccc3n2)c(Cl)c1
921,COc1ccc([C@H](C)NC(=O)[C@@H]2C[C@@H](O)CN2C(=O)CNC(=O)c2ccc3cc(F)ccc3n2)c(Cl)c1,oracle,autodockgpu,-8.74,energy,6.606539295404673,6.606539295404673,"{""free_energy"": -7.82, ""intermolecular_energy"": -10.51, ""internal_energy"": -3.01, ""cluster_size"": 1, ""cluster_id"": 7, ""rank_in_cluster"": 1}",-8.04,0.0,6,COc1ccc([C@H](C)NC(=O)[C@@H]2C[C@@H](O)CN2C(=O)CNC(=O)c2ccc3cc(F)ccc3n2)c(Cl)c1
922,COc1ccc([C@H](C)NC(=O)[C@@H]2C[C@@H](O)CN2C(=O)CNC(=O)c2ccc3cc(F)ccc3n2)c(Cl)c1,oracle,autodockgpu,-8.74,energy,6.630095371045939,6.630095371045939,"{""free_energy"": -7.47, ""intermolecular_energy"": -10.16, ""internal_energy"": -4.26, ""cluster_size"": 19, ""cluster_id"": 9, ""rank_in_cluster"": 1}",-7.82,0.0,7,COc1ccc([C@H](C)NC(=O)[C@@H]2C[C@@H](O)CN2C(=O)CNC(=O)c2ccc3cc(F)ccc3n2)c(Cl)c1
923,COc1ccc([C@H](C)NC(=O)[C@@H]2C[C@@H](O)CN2C(=O)CNC(=O)c2ccc3cc(F)ccc3n2)c(Cl)c1,oracle,autodockgpu,-8.74,energy,6.88077697182156,6.88077697182156,"{""free_energy"": -6.24, ""intermolecular_energy"": -8.92, ""internal_energy"": -4.36, ""cluster_size"": 19, ""cluster_id"": 9, ""rank_in_cluster"": 19}",-7.73,0.0,8,COc1ccc([C@H](C)NC(=O)[C@@H]2C[C@@H](O)CN2C(=O)CNC(=O)c2ccc3cc(F)ccc3n2)c(Cl)c1
924,COc1ccc([C@H](C)NC(=O)[C@@H]2C[C@@H](O)CN2C(=O)CNC(=O)c2ccc3cc(F)ccc3n2)c(Cl)c1,oracle,autodockgpu,-8.74,energy,6.779300978290735,6.779300978290735,"{""free_energy"": -6.48, ""intermolecular_energy"": -9.16, ""internal_energy"": -4.21, ""cluster_size"": 19, ""cluster_id"": 9, ""rank_in_cluster"": 10}",-7.47,0.0,9,COc1ccc([C@H](C)NC(=O)[C@@H]2C[C@@H](O)CN2C(=O)CNC(=O)c2ccc3cc(F)ccc3n2)c(Cl)c1
925,COc1ccc([C@H](C)NC(=O)[C@@H]2C[C@@H](O)CN2C(=O)CNC(=O)c2ccc3cc(F)ccc3n2)c(Cl)c1,oracle,autodockgpu,-8.74,energy,6.916463837478533,6.916463837478533,"{""free_energy"": -6.33, ""intermolecular_energy"": -9.02, ""internal_energy"": -4.41, ""cluster_size"": 19, ""cluster_id"": 9, ""rank_in_cluster"": 17}",-7.05,0.67,9,COc1ccc([C@H](C)NC(=O)[C@@H]2C[C@@H](O)CN2C(=O)CNC(=O)c2ccc3cc(F)ccc3n2)c(Cl)c1
926,COc1ccc([C@H](C)NC(=O)[C@@H]2C[C@@H](O)CN2C(=O)CNC(=O)c2ccc3cc(F)ccc3n2)c(Cl)c1,oracle,autodockgpu,-8.74,energy,5.092042336498504,5.092042336498504,"{""free_energy"": -8.56, ""intermolecular_energy"": -11.24, ""internal_energy"": -2.78, ""cluster_size"": 3, ""cluster_id"": 4, ""rank_in_cluster"": 1}",-6.7,1.52,9,COc1ccc([C@H](C)NC(=O)[C@@H]2C[C@@H](O)CN2C(=O)CNC(=O)c2ccc3cc(F)ccc3n2)c(Cl)c1
927,COc1ccc([C@H](C)NC(=O)[C@@H]2C[C@@H](O)CN2C(=O)CNC(=O)c2ccc3cc(F)ccc3n2)c(Cl)c1,oracle,autodockgpu,-8.74,energy,1.6833384574814192,1.6833384574814192,"{""free_energy"": -8.18, ""intermolecular_energy"": -10.87, ""internal_energy"": -2.75, ""cluster_size"": 8, ""cluster_id"": 3, ""rank_in_cluster"": 5}",-6.7,0.47,9,COc1ccc([C@H](C)NC(=O)[C@@H]2C[C@@H](O)CN2C(=O)CNC(=O)c2ccc3cc(F)ccc3n2)c(Cl)c1
928,COc1ccc([C@H](C)NC(=O)[C@@H]2C[C@@H](O)CN2C(=O)CNC(=O)c2ccc3cc(F)ccc3n2)c(Cl)c1,oracle,autodockgpu,-8.74,energy,6.733403216261993,6.733403216261993,"{""free_energy"": -6.7, ""intermolecular_energy"": -9.38, ""internal_energy"": -4.61, ""cluster_size"": 19, ""cluster_id"": 9, ""rank_in_cluster"": 5}",-6.7,1.58,9,COc1ccc([C@H](C)NC(=O)[C@@H]2C[C@@H](O)CN2C(=O)CNC(=O)c2ccc3cc(F)ccc3n2)c(Cl)c1
929,COc1ccc([C@H](C)NC(=O)[C@@H]2C[C@@H](O)CN2C(=O)CNC(=O)c2ccc3cc(F)ccc3n2)c(Cl)c1,oracle,autodockgpu,-8.74,energy,1.9644697028638896,1.9644697028638896,"{""free_energy"": -7.43, ""intermolecular_energy"": -10.11, ""internal_energy"": -2.61, ""cluster_size"": 8, ""cluster_id"": 3, ""rank_in_cluster"": 8}",-6.66,1.55,9,COc1ccc([C@H](C)NC(=O)[C@@H]2C[C@@H](O)CN2C(=O)CNC(=O)c2ccc3cc(F)ccc3n2)c(Cl)c1
930,COc1ccc([C@H](C)NC(=O)[C@@H]2C[C@@H](O)CN2C(=O)CNC(=O)c2ccc3cc(F)ccc3n2)c(Cl)c1,oracle,autodockgpu,-8.74,energy,6.50523817253099,6.50523817253099,"{""free_energy"": -6.45, ""intermolecular_energy"": -9.14, ""internal_energy"": -3.43, ""cluster_size"": 1, ""cluster_id"": 12, ""rank_in_cluster"": 1}",-6.62,1.71,9,COc1ccc([C@H](C)NC(=O)[C@@H]2C[C@@H](O)CN2C(=O)CNC(=O)c2ccc3cc(F)ccc3n2)c(Cl)c1
931,COc1ccc([C@H](C)NC(=O)[C@@H]2C[C@@H](O)CN2C(=O)CNC(=O)c2ccc3cc(F)ccc3n2)c(Cl)c1,oracle,autodockgpu,-8.74,energy,5.6716765776852345,5.6716765776852345,"{""free_energy"": -7.54, ""intermolecular_energy"": -10.23, ""internal_energy"": -3.32, ""cluster_size"": 3, ""cluster_id"": 4, ""rank_in_cluster"": 3}",-6.6,1.56,9,COc1ccc([C@H](C)NC(=O)[C@@H]2C[C@@H](O)CN2C(=O)CNC(=O)c2ccc3cc(F)ccc3n2)c(Cl)c1
932,COc1ccc([C@H](C)NC(=O)[C@@H]2C[C@@H](O)CN2C(=O)CNC(=O)c2ccc3cc(F)ccc3n2)c(Cl)c1,oracle,autodockgpu,-8.74,energy,6.695202748436495,6.695202748436495,"{""free_energy"": -6.93, ""intermolecular_energy"": -9.62, ""internal_energy"": -3.34, ""cluster_size"": 5, ""cluster_id"": 2, ""rank_in_cluster"": 5}",-6.58,1.55,9,COc1ccc([C@H](C)NC(=O)[C@@H]2C[C@@H](O)CN2C(=O)CNC(=O)c2ccc3cc(F)ccc3n2)c(Cl)c1
933,COc1ccc([C@H](C)NC(=O)[C@@H]2C[C@@H](O)CN2C(=O)CNC(=O)c2ccc3cc(F)ccc3n2)c(Cl)c1,oracle,autodockgpu,-8.74,energy,5.0660661296393625,5.0660661296393625,"{""free_energy"": -8.03, ""intermolecular_energy"": -10.72, ""internal_energy"": -3.26, ""cluster_size"": 3, ""cluster_id"": 4, ""rank_in_cluster"": 2}",-6.48,1.4,9,COc1ccc([C@H](C)NC(=O)[C@@H]2C[C@@H](O)CN2C(=O)CNC(=O)c2ccc3cc(F)ccc3n2)c(Cl)c1
934,COc1ccc([C@H](C)NC(=O)[C@@H]2C[C@@H](O)CN2C(=O)CNC(=O)c2ccc3cc(F)ccc3n2)c(Cl)c1,oracle,autodockgpu,-8.74,energy,2.816521667627189,2.816521667627189,"{""free_energy"": -8.39, ""intermolecular_energy"": -11.08, ""internal_energy"": -1.97, ""cluster_size"": 8, ""cluster_id"": 3, ""rank_in_cluster"": 3}",-6.47,1.4,9,COc1ccc([C@H](C)NC(=O)[C@@H]2C[C@@H](O)CN2C(=O)CNC(=O)c2ccc3cc(F)ccc3n2)c(Cl)c1
935,COc1ccc([C@H](C)NC(=O)[C@@H]2C[C@@H](O)CN2C(=O)CNC(=O)c2ccc3cc(F)ccc3n2)c(Cl)c1,oracle,autodockgpu,-8.74,energy,6.843830173649914,6.843830173649914,"{""free_energy"": -6.6, ""intermolecular_energy"": -9.29, ""internal_energy"": -4.53, ""cluster_size"": 19, ""cluster_id"": 9, ""rank_in_cluster"": 8}",-6.46,1.51,9,COc1ccc([C@H](C)NC(=O)[C@@H]2C[C@@H](O)CN2C(=O)CNC(=O)c2ccc3cc(F)ccc3n2)c(Cl)c1
936,COc1ccc([C@H](C)NC(=O)[C@@H]2C[C@@H](O)CN2C(=O)CNC(=O)c2ccc3cc(F)ccc3n2)c(Cl)c1,oracle,autodockgpu,-8.74,energy,1.6573278240020384,1.6573278240020384,"{""free_energy"": -8.6, ""intermolecular_energy"": -11.28, ""internal_energy"": -2.2, ""cluster_size"": 8, ""cluster_id"": 3, ""rank_in_cluster"": 1}",-6.43,1.87,9,COc1ccc([C@H](C)NC(=O)[C@@H]2C[C@@H](O)CN2C(=O)CNC(=O)c2ccc3cc(F)ccc3n2)c(Cl)c1
937,COc1ccc([C@H](C)NC(=O)[C@@H]2C[C@@H](O)CN2C(=O)CNC(=O)c2ccc3cc(F)ccc3n2)c(Cl)c1,oracle,autodockgpu,-8.74,energy,3.362874409360992,3.362874409360992,"{""free_energy"": -8.74, ""intermolecular_energy"": -11.42, ""internal_energy"": -1.96, ""cluster_size"": 4, ""cluster_id"": 1, ""rank_in_cluster"": 1}",-6.41,1.55,9,COc1ccc([C@H](C)NC(=O)[C@@H]2C[C@@H](O)CN2C(=O)CNC(=O)c2ccc3cc(F)ccc3n2)c(Cl)c1
938,COc1ccc([C@H](C)NC(=O)[C@@H]2C[C@@H](O)CN2C(=O)CNC(=O)c2ccc3cc(F)ccc3n2)c(Cl)c1,oracle,autodockgpu,-8.74,energy,10.053197029292507,10.053197029292507,"{""free_energy"": -7.4, ""intermolecular_energy"": -10.08, ""internal_energy"": -2.65, ""cluster_size"": 1, ""cluster_id"": 10, ""rank_in_cluster"": 1}",-6.39,1.1,9,COc1ccc([C@H](C)NC(=O)[C@@H]2C[C@@H](O)CN2C(=O)CNC(=O)c2ccc3cc(F)ccc3n2)c(Cl)c1
939,COc1ccc([C@H](C)NC(=O)[C@@H]2C[C@@H](O)CN2C(=O)CNC(=O)c2ccc3cc(F)ccc3n2)c(Cl)c1,oracle,autodockgpu,-8.74,energy,6.783697527339992,6.783697527339992,"{""free_energy"": -6.66, ""intermolecular_energy"": -9.35, ""internal_energy"": -4.61, ""cluster_size"": 19, ""cluster_id"": 9, ""rank_in_cluster"": 6}",-6.39,1.82,9,COc1ccc([C@H](C)NC(=O)[C@@H]2C[C@@H](O)CN2C(=O)CNC(=O)c2ccc3cc(F)ccc3n2)c(Cl)c1
940,COc1ccc([C@H](C)NC(=O)[C@@H]2C[C@@H](O)CN2C(=O)CNC(=O)c2ccc3cc(F)ccc3n2)c(Cl)c1,oracle,autodockgpu,-8.74,energy,6.514317861976915,6.514317861976915,"{""free_energy"": -5.85, ""intermolecular_energy"": -8.54, ""internal_energy"": -4.28, ""cluster_size"": 3, ""cluster_id"": 14, ""rank_in_cluster"": 1}",-6.33,1.17,9,COc1ccc([C@H](C)NC(=O)[C@@H]2C[C@@H](O)CN2C(=O)CNC(=O)c2ccc3cc(F)ccc3n2)c(Cl)c1
941,COc1ccc([C@H](C)NC(=O)[C@@H]2C[C@@H](O)CN2C(=O)CNC(=O)c2ccc3cc(F)ccc3n2)c(Cl)c1,oracle,autodockgpu,-8.74,energy,1.6868333536311677,1.6868333536311677,"{""free_energy"": -8.58, ""intermolecular_energy"": -11.26, ""internal_energy"": -2.09, ""cluster_size"": 8, ""cluster_id"": 3, ""rank_in_cluster"": 2}",-6.31,1.53,9,COc1ccc([C@H](C)NC(=O)[C@@H]2C[C@@H](O)CN2C(=O)CNC(=O)c2ccc3cc(F)ccc3n2)c(Cl)c1
942,COc1ccc([C@H](C)NC(=O)[C@@H]2C[C@@H](O)CN2C(=O)CNC(=O)c2ccc3cc(F)ccc3n2)c(Cl)c1,oracle,autodockgpu,-8.74,energy,6.172272949199363,6.172272949199363,"{""free_energy"": -5.81, ""intermolecular_energy"": -8.49, ""internal_energy"": -4.85, ""cluster_size"": 3, ""cluster_id"": 14, ""rank_in_cluster"": 2}",-6.24,1.02,9,COc1ccc([C@H](C)NC(=O)[C@@H]2C[C@@H](O)CN2C(=O)CNC(=O)c2ccc3cc(F)ccc3n2)c(Cl)c1
943,COc1ccc([C@H](C)NC(=O)[C@@H]2C[C@@H](O)CN2C(=O)CNC(=O)c2ccc3cc(F)ccc3n2)c(Cl)c1,oracle,autodockgpu,-8.74,energy,6.649571464934567,6.649571464934567,"{""free_energy"": -6.41, ""intermolecular_energy"": -9.09, ""internal_energy"": -4.42, ""cluster_size"": 19, ""cluster_id"": 9, ""rank_in_cluster"": 14}",-7.4,0.0,10,COc1ccc([C@H](C)NC(=O)[C@@H]2C[C@@H](O)CN2C(=O)CNC(=O)c2ccc3cc(F)ccc3n2)c(Cl)c1
944,COc1ccc([C@H](C)NC(=O)[C@@H]2C[C@@H](O)CN2C(=O)CNC(=O)c2ccc3cc(F)ccc3n2)c(Cl)c1,oracle,autodockgpu,-8.74,energy,6.496448060715442,6.496448060715442,"{""free_energy"": -8.18, ""intermolecular_energy"": -10.86, ""internal_energy"": -2.9, ""cluster_size"": 5, ""cluster_id"": 2, ""rank_in_cluster"": 3}",-7.32,0.0,11,COc1ccc([C@H](C)NC(=O)[C@@H]2C[C@@H](O)CN2C(=O)CNC(=O)c2ccc3cc(F)ccc3n2)c(Cl)c1
945,COc1ccc([C@H](C)NC(=O)[C@@H]2C[C@@H](O)CN2C(=O)CNC(=O)c2ccc3cc(F)ccc3n2)c(Cl)c1,oracle,autodockgpu,-8.74,energy,6.732217649159489,6.732217649159489,"{""free_energy"": -6.31, ""intermolecular_energy"": -8.99, ""internal_energy"": -4.5, ""cluster_size"": 19, ""cluster_id"": 9, ""rank_in_cluster"": 18}",-6.45,0.0,12,COc1ccc([C@H](C)NC(=O)[C@@H]2C[C@@H](O)CN2C(=O)CNC(=O)c2ccc3cc(F)ccc3n2)c(Cl)c1
946,COc1ccc([C@H](C)NC(=O)[C@@H]2C[C@@H](O)CN2C(=O)CNC(=O)c2ccc3cc(F)ccc3n2)c(Cl)c1,oracle,autodockgpu,-8.74,energy,2.8356152959686676,2.8356152959686676,"{""free_energy"": -8.12, ""intermolecular_energy"": -10.81, ""internal_energy"": -2.54, ""cluster_size"": 8, ""cluster_id"": 3, ""rank_in_cluster"": 6}",-6.43,0.0,13,COc1ccc([C@H](C)NC(=O)[C@@H]2C[C@@H](O)CN2C(=O)CNC(=O)c2ccc3cc(F)ccc3n2)c(Cl)c1
947,COc1ccc([C@H](C)NC(=O)[C@@H]2C[C@@H](O)CN2C(=O)CNC(=O)c2ccc3cc(F)ccc3n2)c(Cl)c1,oracle,autodockgpu,-8.74,energy,8.238138915685164,8.238138915685164,"{""free_energy"": -8.27, ""intermolecular_energy"": -10.95, ""internal_energy"": -2.72, ""cluster_size"": 1, ""cluster_id"": 5, ""rank_in_cluster"": 1}",-5.85,0.0,14,COc1ccc([C@H](C)NC(=O)[C@@H]2C[C@@H](O)CN2C(=O)CNC(=O)c2ccc3cc(F)ccc3n2)c(Cl)c1
948,COc1ccc([C@H](C)NC(=O)[C@@H]2C[C@@H](O)CN2C(=O)CNC(=O)c2ccc3cc(F)ccc3n2)c(Cl)c1,oracle,autodockgpu,-8.74,energy,6.468476795208726,6.468476795208726,"{""free_energy"": -6.39, ""intermolecular_energy"": -9.07, ""internal_energy"": -4.85, ""cluster_size"": 19, ""cluster_id"": 9, ""rank_in_cluster"": 16}",-5.81,1.44,14,COc1ccc([C@H](C)NC(=O)[C@@H]2C[C@@H](O)CN2C(=O)CNC(=O)c2ccc3cc(F)ccc3n2)c(Cl)c1
949,COc1ccc([C@H](C)NC(=O)[C@@H]2C[C@@H](O)CN2C(=O)CNC(=O)c2ccc3cc(F)ccc3n2)c(Cl)c1,oracle,autodockgpu,-8.74,energy,9.27544720622335,9.27544720622335,"{""free_energy"": -6.43, ""intermolecular_energy"": -9.11, ""internal_energy"": -3.44, ""cluster_size"": 1, ""cluster_id"": 13, ""rank_in_cluster"": 1}",-5.8,1.51,14,COc1ccc([C@H](C)NC(=O)[C@@H]2C[C@@H](O)CN2C(=O)CNC(=O)c2ccc3cc(F)ccc3n2)c(Cl)c1
