2025-09-17 05:40:28,411 |     INFO |             dock | 
              ___           ___                       ___           ___
             /\__\         /\  \          ___        /\  \         /\  \
            /::|  |       /::\  \        /\  \       \:\  \       /::\  \
           /:|:|  |      /:/\:\  \       \:\  \       \:\  \     /:/\:\  \
          /:/|:|__|__   /::\~\:\  \      /::\__\       \:\  \   /::\~\:\  \
         /:/ |::::\__\ /:/\:\ \:\__\  __/:/\/__/ _______\:\__\ /:/\:\ \:\__\
         \/__/~~/:/  / \/__\:\/:/  / /\/:/  /    \::::::::/__/ \:\~\:\ \/__/
               /:/  /       \::/  /  \::/__/      \:\~~\~~      \:\ \:\__\
              /:/  /        /:/  /    \:\__\       \:\  \        \:\ \/__/
             /:/  /        /:/  /      \/__/        \:\__\        \:\__\
             \/__/         \/__/                     \/__/         \/__/


2025-09-17 05:40:28,411 |     INFO |             dock | Starting Maize version 0.9.1 (c) AstraZeneca 2025
2025-09-17 05:40:28,411 |     INFO |             dock | Running workflow 'dock' with parameters:
2025-09-17 05:40:28,412 |     INFO |             dock | data = /tmp/tmp6nps6t7c/input.json (from 'reinvententry')
2025-09-17 05:40:28,412 |     INFO |             dock | data = /tmp/tmp6nps6t7c/output.json (from 'reinventexit')
2025-09-17 05:40:28,412 |     INFO |             dock | n_variants = 10 (from 'gypsum')
2025-09-17 05:40:28,412 |     INFO |             dock | ph_range = (6.5, 7.5) (from 'gypsum')
2025-09-17 05:40:28,412 |     INFO |             dock | use_filters = False (from 'gypsum')
2025-09-17 05:40:28,412 |     INFO |             dock | constraints = False (from 'autodockgpu')
2025-09-17 05:40:28,412 |     INFO |             dock | grid_file = /home/a/REINVENT4/ReinventStudies/mols/Rad51/maps/rad51_receptor.maps.fld (from 'autodockgpu')
2025-09-17 05:40:28,412 |     INFO |             dock | lsit = 600 (from 'autodockgpu')
2025-09-17 05:40:28,412 |     INFO |             dock | nrun = 50 (from 'autodockgpu')
2025-09-17 05:40:28,412 |     INFO |             dock | population_size = 300 (from 'autodockgpu')
2025-09-17 05:40:28,412 |     INFO |             dock | base_path = /home/a/REINVENT4/ReinventStudies/scoringData/sampledDockingData/justmol2mol_4_compounds_Mols (from 'logger')
2025-09-17 05:40:28,412 |     INFO |             dock | path = /home/a/REINVENT4/ReinventStudies/mols/Rad51/Cam833HMdsRad51Docked_Cam833-Acid_3.sdf (from 'loadmolecule')
2025-09-17 05:40:28,412 |     INFO |             dock | tag = rmsd (from 'logtags')
2025-09-17 05:40:28,412 |     INFO |             dock | base_path = /home/a/REINVENT4/ReinventStudies/scoringData/sampledDockingData/justmol2mol_4_compounds_Mols (from 'sdftodataframe')
2025-09-17 05:40:28,413 |    DEBUG |             dock | Setting executable for 'reinvententry' to '/home/a/miniconda3/envs/maize-dev/bin/python'
2025-09-17 05:40:28,413 |    DEBUG |             dock | Launching 'reinvententry'
2025-09-17 05:40:28,417 |    DEBUG |             dock | Setting executable for 'reinventexit' to '/home/a/miniconda3/envs/maize-dev/bin/python'
2025-09-17 05:40:28,418 |    DEBUG |             dock | Launching 'reinventexit'
2025-09-17 05:40:28,422 |    DEBUG |             dock | Setting executable for 'stripEpoch' to '/home/a/miniconda3/envs/maize-dev/bin/python'
2025-09-17 05:40:28,423 |    DEBUG |             dock | Launching 'stripEpoch'
2025-09-17 05:40:28,429 |    DEBUG |             dock | Setting executable for 'void1' to '/home/a/miniconda3/envs/maize-dev/bin/python'
2025-09-17 05:40:28,430 |    DEBUG |             dock | Launching 'void1'
2025-09-17 05:40:28,435 |    DEBUG |             dock | Setting executable for 'gypsum' to '/home/a/miniconda3/envs/maize-dev/bin/python'
2025-09-17 05:40:28,436 |    DEBUG |             dock | Launching 'gypsum'
2025-09-17 05:40:28,442 |    DEBUG |             dock | Setting executable for 'autodockgpu' to '/home/a/miniconda3/envs/maize-dev/bin/python'
2025-09-17 05:40:28,443 |    DEBUG |             dock | Launching 'autodockgpu'
2025-09-17 05:40:28,448 |    DEBUG |             dock | Setting executable for 'logger' to '/home/a/miniconda3/envs/maize-dev/bin/python'
2025-09-17 05:40:28,449 |    DEBUG |             dock | Launching 'logger'
2025-09-17 05:40:28,455 |    DEBUG |             dock | Setting executable for 'void2' to '/home/a/miniconda3/envs/maize-dev/bin/python'
2025-09-17 05:40:28,456 |    DEBUG |             dock | Launching 'void2'
2025-09-17 05:40:28,462 |    DEBUG |             dock | Setting executable for 'loadmolecule' to '/home/a/miniconda3/envs/maize-dev/bin/python'
2025-09-17 05:40:28,463 |    DEBUG |             dock | Launching 'loadmolecule'
2025-09-17 05:40:28,469 |    DEBUG |             dock | Setting executable for 'rmsd' to '/home/a/miniconda3/envs/maize-dev/bin/python'
2025-09-17 05:40:28,470 |    DEBUG |             dock | Launching 'rmsd'
2025-09-17 05:40:28,476 |    DEBUG |             dock | Setting executable for 'logtags' to '/home/a/miniconda3/envs/maize-dev/bin/python'
2025-09-17 05:40:28,477 |    DEBUG |             dock | Launching 'logtags'
2025-09-17 05:40:28,483 |    DEBUG |             dock | Setting executable for 'sdftodataframe' to '/home/a/miniconda3/envs/maize-dev/bin/python'
2025-09-17 05:40:28,484 |    DEBUG |             dock | Launching 'sdftodataframe'
2025-09-17 05:40:28,490 |    DEBUG |             dock | Launching 'Logger'
2025-09-17 05:40:28,423 |    DEBUG |    reinvententry | Using executable at
2025-09-17 05:40:28,423 |    DEBUG |    reinvententry | '/home/a/miniconda3/envs/maize-dev/bin/python'
2025-09-17 05:40:28,424 |    DEBUG |    reinvententry | Running in '/home/a/REINVENT4/ReinventStudies/temp2/graph-dock-zjewu3/node-reinvententry'
2025-09-17 05:40:28,430 |    DEBUG |     reinventexit | Using executable at
2025-09-17 05:40:28,431 |    DEBUG |     reinventexit | '/home/a/miniconda3/envs/maize-dev/bin/python'
2025-09-17 05:40:28,431 |    DEBUG |     reinventexit | Running in '/home/a/REINVENT4/ReinventStudies/temp2/graph-dock-zjewu3/node-reinventexit'
2025-09-17 05:40:28,435 |    DEBUG |       stripEpoch | Using executable at
2025-09-17 05:40:28,435 |    DEBUG |       stripEpoch | '/home/a/miniconda3/envs/maize-dev/bin/python'
2025-09-17 05:40:28,436 |    DEBUG |       stripEpoch | Running in '/home/a/REINVENT4/ReinventStudies/temp2/graph-dock-zjewu3/node-stripEpoch'
2025-09-17 05:40:28,442 |    DEBUG |            void1 | Using executable at
2025-09-17 05:40:28,443 |    DEBUG |            void1 | '/home/a/miniconda3/envs/maize-dev/bin/python'
2025-09-17 05:40:28,444 |    DEBUG |            void1 | Running in '/home/a/REINVENT4/ReinventStudies/temp2/graph-dock-zjewu3/node-void1'
2025-09-17 05:40:28,448 |    DEBUG |           gypsum | Using executable at
2025-09-17 05:40:28,449 |    DEBUG |           gypsum | '/home/a/miniconda3/envs/maize-dev/bin/python'
2025-09-17 05:40:28,449 |    DEBUG |           gypsum | Running in '/home/a/REINVENT4/ReinventStudies/temp2/graph-dock-zjewu3/node-gypsum'
2025-09-17 05:40:28,460 |    DEBUG |           logger | Using executable at
2025-09-17 05:40:28,461 |    DEBUG |           logger | '/home/a/miniconda3/envs/maize-dev/bin/python'
2025-09-17 05:40:28,461 |    DEBUG |           logger | Running in '/home/a/REINVENT4/ReinventStudies/temp2/graph-dock-zjewu3/node-logger'
2025-09-17 05:40:28,468 |    DEBUG |            void2 | Using executable at
2025-09-17 05:40:28,469 |    DEBUG |            void2 | '/home/a/miniconda3/envs/maize-dev/bin/python'
2025-09-17 05:40:28,469 |    DEBUG |            void2 | Running in '/home/a/REINVENT4/ReinventStudies/temp2/graph-dock-zjewu3/node-void2'
2025-09-17 05:40:28,475 |    DEBUG |     loadmolecule | Using executable at
2025-09-17 05:40:28,476 |    DEBUG |     loadmolecule | '/home/a/miniconda3/envs/maize-dev/bin/python'
2025-09-17 05:40:28,476 |    DEBUG |     loadmolecule | Running in '/home/a/REINVENT4/ReinventStudies/temp2/graph-dock-zjewu3/node-loadmolecule'
2025-09-17 05:40:28,482 |    DEBUG |             rmsd | Using executable at
2025-09-17 05:40:28,483 |    DEBUG |             rmsd | '/home/a/miniconda3/envs/maize-dev/bin/python'
2025-09-17 05:40:28,483 |    DEBUG |             rmsd | Running in '/home/a/REINVENT4/ReinventStudies/temp2/graph-dock-zjewu3/node-rmsd'
2025-09-17 05:40:28,489 |    DEBUG |          logtags | Using executable at
2025-09-17 05:40:28,490 |    DEBUG |          logtags | '/home/a/miniconda3/envs/maize-dev/bin/python'
2025-09-17 05:40:28,490 |    DEBUG |          logtags | Running in '/home/a/REINVENT4/ReinventStudies/temp2/graph-dock-zjewu3/node-logtags'
2025-09-17 05:40:28,496 |    DEBUG |   sdftodataframe | Using executable at
2025-09-17 05:40:28,497 |    DEBUG |   sdftodataframe | '/home/a/miniconda3/envs/maize-dev/bin/python'
2025-09-17 05:40:28,497 |    DEBUG |   sdftodataframe | Running in '/home/a/REINVENT4/ReinventStudies/temp2/graph-dock-zjewu3/node-sdftodataframe'
2025-09-17 05:40:28,508 |    DEBUG |      autodockgpu | Using executable at
2025-09-17 05:40:28,509 |    DEBUG |      autodockgpu | '/home/a/miniconda3/envs/maize-dev/bin/python'
2025-09-17 05:40:28,509 |    DEBUG |      autodockgpu | Running in '/home/a/REINVENT4/ReinventStudies/temp2/graph-dock-zjewu3/node-autodockgpu'
2025-09-17 05:40:28,666 |    DEBUG |     reinventexit | Starting up
2025-09-17 05:40:28,667 |    DEBUG |     reinventexit | Status changed to RUNNING
2025-09-17 05:40:28,668 |    DEBUG |     reinventexit | Status changed to WAITING_FOR_INPUT
2025-09-17 05:40:28,726 |    DEBUG |            void1 | Starting up
2025-09-17 05:40:28,726 |    DEBUG |            void1 | Status changed to RUNNING
2025-09-17 05:40:28,882 |    DEBUG |             rmsd | Starting up
2025-09-17 05:40:28,883 |    DEBUG |             rmsd | Status changed to RUNNING
2025-09-17 05:40:28,885 |    DEBUG |           gypsum | Starting up
2025-09-17 05:40:28,886 |    DEBUG |           gypsum | Status changed to RUNNING
2025-09-17 05:40:29,020 |    DEBUG |           logger | Starting up
2025-09-17 05:40:29,021 |    DEBUG |           logger | Status changed to RUNNING
2025-09-17 05:40:29,093 |    DEBUG |    reinvententry | Starting up
2025-09-17 05:40:29,094 |    DEBUG |    reinvententry | Status changed to RUNNING
2025-09-17 05:40:29,096 |    DEBUG |   sdftodataframe | Starting up
2025-09-17 05:40:29,096 |    DEBUG |   sdftodataframe | Status changed to RUNNING
2025-09-17 05:40:29,097 |    DEBUG |    reinvententry | Received the following data from REINVENT
    O=C(NCC(=O)N1CCCCC1)c1ccc2cc(Cl)ccc2n1                                     
    O=S(=O)(Cc1ccccc1)N1Cc2ccccc2C1c1c[nH]c2ccccc12                            
    CN(CCNC(=O)CNC(=O)c1ccc2cc(Cl)ccc2n1)c1ccccc1                              
    O=S(=O)(Cc1ccccc1)N1C=Cc2ccccc2C1c1c[nH]c2ccccc12                          
    O=C(NCC(=O)N1CCCCC1Cc1ccccc1)c1ccc2ccccc2n1                                
    O=C(CCCOc1ccc(Cl)cc1Cl)NN=Cc1cccnc1F                                       
    O=C(NCC(=O)N1CCCCC1c1ccc(F)cc1)c1ccc2cc(Cl)ccc2n1                          
    O=C(CCCOc1ccc(Cl)cc1Cl)NN=Cc1cccc(C(F)(F)F)c1                              
    O=C(NCC(=O)N1CCC1C1CCCCC1)c1ccc2cc(F)ccc2n1                                
    CCNC1CN(c2nc(N3CCc4ccccc4C3)nc(N3CCc4ccccc4C3)n2)CCO1                      
    O=C(NCC(=O)N1CCCCC1c1ccc(Cl)cc1)c1ccc2ccccc2n1                             
    C[C@H](NC(=O)c1cc2c(=O)n3ccccc3nc2[nH]c1=N)c1ccccc1                        
    CC(NC(=O)CNC(=O)c1ccc2ccccc2n1)c1ccc(OC2CCCC2)cc1                          
    CN1CCN(C(=O)c2cccc(C3=Nc4ccc(C#Cc5ccccc5)cc4NC(=O)C3)c2)CC1                
    O=C(NCC(=O)N1C[C@H](O)C[C@H]1COc1ccccc1)c1ccc2cc(Cl)ccc2n1                 
    NC(=O)c1ccc2cc(C(=O)N3C[C@]4(CCN(C5CCNC5)C4)c4ccccc43)[nH]c2c1             
    O=C(NCC(=O)N1CCC2(CCNC2)C1)c1ccc2cc(Cl)ccc2n1                              
    CCC(=O)N(c1ccccc1)C1CCN(C(=O)[C@@H](N)C2Cc3ccccc3C2)CC1                    
    O=C(NCC(=O)N1C[C@@H](O)C[C@H]1C1CCCCC1)c1ccc2cc(F)ccc2n1                   
    CCC(=O)N(c1ccccc1)C1CCN(C(=O)CC(N)Cc2c[nH]c3ccccc23)CC1                    
    CCC(=O)N(c1ccccc1)C1CCN(C(=O)[C@H](N)c2ccc3ccccc3c2)CC1                    
    CCC(=O)N(c1ccccc1)C1CCN(C(=O)[C@H](N)Cc2cnc3ccccc3c2)CC1                   
    CCC(=O)N(c1ccccc1)C1CCN(C(=O)[C@@H]2CCCN2C(=O)c2ccc3ccccc3c2)CC1           
    CCC(=O)N(c1ccccc1)C1CCN(C(=O)[C@H](C)NCc2ccc3ccccc3c2)CC1                  
    CCC(=O)N(c1ccccc1)C1CCN(C(=O)C2Cc3ccc(-c4ccccc4)cc3C2O)CC1                 
    CCC(=O)N(c1ccccc1)C1CCN(C(=O)[C@H](N)Cc2ccc(-c3ccccc3)cc2)CC1              
    CCC(=O)N(c1ccccc1)C1CCN(C(=O)[C@H](N)Cc2ccc3ccccc3c2)CC1                   
    CCC(=O)N(c1ccccc1)C1CCN(C(=O)C[C@@H](N)Cc2ccc3ccccc3c2)CC1                 
    CCC(=O)N(c1ccccc1)C1CCN(C(=O)[C@H](N)Cc2ccc(O)c3ccccc23)CC1                
    CCC(=O)N(c1ccccc1)C1CCN(C(=O)[C@H](N)Cc2ccc3cc(F)ccc3c2)CC1                
    CCC(=O)N(c1ccccc1)C1CCN(C(=O)CC(N)CCc2c[nH]c3ccccc23)CC1                   
    CCC(=O)N(c1ccccc1)C1CCN(C(=O)[C@@H](N)Cc2ccc3ccccc3n2)CC1                  
    CCC(=O)N(c1ccccc1)C1CCN(C(=O)[C@@H](N)C(c2ccccc2)c2cccc(F)c2)CC1           
    CCC(=O)N(c1ccccc1)C1CCN(C(=O)C[C@H]2C[C@@H](c3ccccc3)CN2C)CC1              
    CCC(=O)N(c1ccccc1)C1CCN(C(=O)CCc2c(-c3ccccc3)noc2C)CC1                     
    CCC(=O)N(c1ccccc1)C1CCN(C(=O)[C@H](N)C(c2ccccc2)c2ccccc2)CC1               
    CCC(=O)N(c1ccccc1)C1CCN(C(=O)[C@H](N)C2Cc3cc4ccccc4cc3C2)CC1               
    CCC(=O)N(c1ccccc1)C1CCN(C(=O)/C=C/c2ccc3ccccc3c2)CC1                       
    CCC(=O)N(c1ccccc1)C1CCN(C(=O)CC(N)c2ccc3ccccc3c2)CC1                       
    CCC(=O)N(c1ccccc1)C1CCN(C(=O)Cc2ccc3ccccc3c2)CC1                           
    CCC(=O)N(c1ccccc1)C1CCN(C(=O)[C@H](N)C2Cc3ccccc3C2c2cccnc2)CC1             
    CCC(=O)N(c1ccccc1)C1CCN(C(=O)CC(N)c2cccc3ccccc23)CC1                       
    CCC(=O)N(c1ccccc1)C1CCN(C(=O)[C@H](N)Cc2ccc3cc(Cl)ccc3c2)CC1               
    CCC(=O)N(c1ccccc1)C1CCN(C(=O)[C@H](C)NC(C)(C)c2cccc(Br)c2)CC1              
    CCC(=O)N(c1ccccc1)C1CCN(C(=O)[C@H](N)C2Cc3cccc(Cl)c3C2)CC1                 
    CCC(=O)N(c1ccccc1)C1CCN(C(=O)[C@@H](NCC2CCOCC2)c2cccc(Cl)c2)CC1            
    CCC(=O)N(c1ccccc1)C1CCN(C(=O)C[C@@H](N)Cc2ccc(Cl)c(Cl)c2)CC1               
    CCC(=O)N(c1ccccc1)C1CCN(C(=O)CC(N)C(c2ccccc2)c2ccccc2)CC1                  
    O=C(NCC(=O)N1CCC[C@@H]1c1ccccc1)c1ccc2cc(C(F)(F)F)ccc2n1                   
    CCC(=O)N(c1ccccc1)C1CCN(C(=O)[C@H](N)[C@H]2C[C@@H](c3ccccc3)C2)CC1         
    CCC(=O)N(c1ccccc1)C1CCN(C(=O)[C@H](C)NCc2ccccc2Br)CC1                      
    CCC(=O)N(c1ccccc1)C1CCN(C(=O)[C@@H](N)C2CCc3ccc(Cl)cc3C2)CC1               
    CCC(=O)N(c1ccccc1)C1CCN(C(=O)[C@H](N)c2ccc(S(C)(=O)=O)cc2)CC1              
    CCC(=O)N(c1ccccc1)C1CCN(C(=O)[C@@H](N)CC2CCCc3ccccc32)CC1                  
    CCC(=O)N(c1ccccc1)C1CCN(C(=O)[C@@H](N)Cc2cccc(-c3ccccc3)c2)CC1             
    O=C(NCC(=O)N1CCCC(F)(F)[C@H]1c1ccccc1)c1ccc2cc(F)ccc2n1                    
    CCC(=O)N(c1ccccc1)C1CCN(C(=O)[C@@H](N)CC2Cc3ccc(F)cc3C2)CC1                
    CCC(=O)N(c1ccccc1)C1CCN(C(=O)[C@@H](N)C[C@@H](C)c2c(C)cc(O)cc2C)CC1        
    CCC(=O)N(c1ccccc1)C1CCN(C(=O)CC(N)C2Cc3ccccc3C2)CC1                        
    CCC(=O)N(c1ccccc1)C1CCN(C(=O)[C@@H](N)Cc2cccc3ccccc23)CC1                  
    CCC(=O)N(c1ccccc1)C1CCN(C(=O)[C@H](C)NCc2ccc3cc(F)ccc3c2)CC1               
    CCC(=O)N(c1ccccc1)C1CCN(C(=O)[C@@H](N)C(C)(C)c2ccc3ccccc3c2)CC1            
    CCC(=O)N(c1ccccc1)C1CCN(C(=O)[C@@H](N)CCc2ccc3ccccc3c2)CC1                 
    CCC(=O)N(c1ccccc1)C1CCN(C(=O)[C@@H](N)Cc2c(C)ccc3ccccc23)CC1               
    CCC(=O)N(c1ccccc1)C1CCN(C(=O)[C@@H](N)Cc2ccc(S(C)(=O)=O)cc2)CC1            
    CCC(=O)N(c1ccccc1)C1CCN(C(=O)[C@@H](N)Cc2ccc(Cc3ccccc3)cc2)CC1             
    CCC(=O)N(c1ccccc1)C1CCN(C(=O)Cc2ccc(-c3ccccc3)cc2)CC1                      
    CCC(=O)N(c1ccccc1)C1CCN(C(=O)C2Cc3ccccc3C2c2ccncc2)CC1                     
    CCC(=O)N(c1ccccc1)C1CCN(C(=O)[C@@H](N)C2Cc3ccccc3C2=O)CC1                  
    O=C(NCC(=O)N1CCCCC1C(=O)NC1CCCC1)c1ccc2ccccc2n1                            
    CCC(=O)N(c1ccccc1)C1CCN(C(=O)[C@@H](N)CC2Cc3ccccc3C2)CC1                   
    CCC(=O)N(c1ccccc1)C1CCN(C(=O)[C@H](N)C2Cc3cccc(C)c3C2)CC1                  
    CCC(=O)N(c1ccccc1)C1CCN(C(=O)[C@@H](N)CCC2=Cc3ccccc3CC2)CC1                
    CCC(=O)N(c1ccccc1)C1CCN(C(=O)CCc2ccc3ccccc3c2)CC1                          
    CCC(=O)N(c1ccccc1)C1CCN(C(=O)[C@H](N)CC(C)c2ccccc2)CC1                     
    CCC(=O)N(c1ccccc1)C1CCN(C(=O)[C@@H](N)[C@@H]2CCCc3ccccc32)CC1              
    CCC(=O)N(c1ccccc1)C1CCN(C(=O)[C@@H](N)C2Cc3ccc(C)cc3C2)CC1                 
    CCC(=O)N(c1ccccc1)C1CCN(C(=O)[C@H](N)Cc2ccc(Cl)c(Cl)c2)CC1                 
    CCC(=O)N(c1ccccc1)C1CCN(C(=O)[C@H](N)c2cccc(Oc3ccccc3)c2)CC1               
    CCC(=O)N(c1ccccc1)C1CCN(C(=O)[C@@H]2CCCN2Cc2ccccc2Cl)CC1                   
    CCC(=O)N(c1ccccc1)C1CCN(C(=O)[C@@H](N)Cc2ccc3ccc(O)cc3c2)CC1               
    CCC(=O)N(c1ccccc1)C1CCN(C(=O)C[C@@H](N)Cc2ccc3cccc(Cl)c3c2)CC1             
    CCC(=O)N(c1ccccc1)C1CCN(C(=O)[C@@H](N)CN2CCN(c3ccccc3)CC2)CC1              
    CCC(=O)N(c1ccccc1)C1CCN(C(=O)[C@@H](NC(=O)c2ccccc2)C2CCCCC2)CC1            
    CCC(=O)N(c1ccccc1)C1CCN(C(=O)Cc2cccc([N+](=O)[O-])c2)CC1                   
    CCC(=O)N(c1ccccc1)C1CCN(C(=O)[C@H](N)Cc2ccccc2Br)CC1                       
    CCC(=O)N(c1ccccc1)C1CCN(C(=O)[C@H](N)Cc2csc3ccccc23)CC1                    
    CCC(=O)N(c1ccccc1)C1CCN(C(=O)CC(N)c2ccc(S(C)(=O)=O)cc2)CC1                 
    O=C(NCC(=O)N1CCCCC1c1cc(Cl)cc(Cl)c1)c1ccc2ccccc2n1                         
    CCC(=O)N(c1ccccc1)C1CCN(C(=O)[C@@H](N)C2CCC(c3ccccc3)CC2)CC1               
    CCC(=O)N(c1ccccc1)C1CCN(C(=O)[C@@H](N)C2c3ccccc3C2c2ccccc2)CC1             
    CCC(=O)N(c1ccccc1)C1CCN(C(=O)C[C@@H](N)Cc2ccccc2Br)CC1                     
    CCC(=O)N(c1ccccc1)C1CCN(C(=O)Cc2cnc3ccccc3c2)CC1                           
    CCC(=O)N(c1ccccc1)C1CCN(C(=O)[C@@H](N)Cc2ccccc2-c2ccccc2)CC1               
    CCC(=O)N(c1ccccc1)C1CCN(C(=O)[C@H](N)C2Cc3ccc(Cl)cc3C2)CC1                 
    CCC(=O)N(c1ccccc1)C1CCN(C(=O)Cc2cnc(-c3ccccc3)s2)CC1                       
    CCC(=O)N(c1ccccc1)C1CCN(C(=O)[C@H](N)Cc2ccccc2C)CC1                        
    CCC(=O)N(c1ccccc1)C1CCN(C(=O)[C@@H](N)Cc2cc(C)cc(C)c2)CC1                  
    CCC(=O)N(c1ccccc1)C1CCN(C(=O)CC(N)Cc2ccc(C#N)cc2)CC1                       
    CCC(=O)N(c1ccccc1)C1CCN(C(=O)[C@@H](N)Cc2ccc3cc(O)ccc3c2)CC1               
    CCC(=O)N(c1ccccc1)C1CCN(C(=O)[C@@H](N)C2CCc3ccc(Br)cc3C2)CC1               
    CCC(=O)N(c1ccccc1)C1CCN(C(=O)[C@H](N)Cc2cccc(N3CCOCC3)c2)CC1               
    CCC(=O)N(c1ccccc1)C1CCN(C(=O)C[C@@H](N)Cc2ccc(C)c(F)c2)CC1                 
    O=C1CN(c2nc(N3CCN(Cc4ccccc4)CC3)nc(N3CCc4ccccc4C3)n2)CCN1                  
    O=C(NCCC1CCNCC1)c1cnc(N2CCc3ccccc3C2)nc1N1CCc2ccccc2C1                     
    CN(CCN1CCc2ccccc2C1)c1nc(N2CCNCC2)nc(N2CCc3ccccc3C2)n1                     
    c1ccc(CCCNc2cc(N3CCNCC3)nc(N3CCc4ccccc4C3)n2)cc1                           
    c1ccc(CCCNc2nc(N3CCNCC3)nc(N3CCc4ccccc4C3)n2)cc1                           
    CC(NC(=O)CNC(=O)c1ccc2cc(F)ccc2n1)c1ccccc1                                 
    c1ccc2c(c1)CCN(c1cc(NC3CCCNC3)nc(N3CCc4ccccc4C3)n1)C2                      
    c1ccc2c(c1)CCN(c1nc(CC3CCCNC3)nc(N3CCc4ccccc4C3)n1)C2                      
    O=C(Nc1nc(N2CCc3ccccc3C2)nc(N2CCc3ccccc3C2)n1)C1CCCNC1                     
    OC1CCN(c2nc(NCCCc3ccccc3)nc(N3CCc4ccccc4C3)n2)CC1                          
    Oc1cccc(-c2nc(N3CCC(N4CCCCC4)CC3)nc(N3CCc4ccccc4C3)n2)c1                   
    NC(=O)CC[C@H]1C[C@H](c2nc(N3CCc4ccccc4C3)nc(N3CCc4ccccc4C3)n2)CN1          
    N[C@H]1CC[C@H](c2nc(N3CCc4ccccc4C3)nc(N3CCc4ccccc4C3)n2)CC1                
    NC(=O)CCCc1cnc(N2CCc3ccccc3C2)nc1N1CCc2ccccc2C1                            
    CNC1(CNc2nc(N3CCc4ccccc4C3)nc(N3CCc4ccccc4C3)n2)CCCCC1                     
    c1ccc(N2CCN(c3nc(N4CCOCC4)nc(N4CCc5ccccc5C4)n3)CC2)cc1                     
    O=C(NCC(=O)N1CCCC[C@H]1CN1CCCCC1)c1ccc2cc(Cl)ccc2n1                        
    NC(=O)CC1CCN(c2nc(N3CCc4ccccc4C3)nc(N3CCc4ccccc4C3)n2)CC1                  
    c1ccc2c(c1)CCN(c1nc(NCC3CCCNC3)nc(N3CCc4ccccc4C3)n1)C2                     
    NS(=O)(=O)CCCc1cnc(N2CCc3ccccc3C2)nc1N1CCc2ccccc2C1                        
    NC1CCC(Nc2nc(NCc3ccccc3)nc(N3CCc4ccccc4C3)n2)CC1                           
    c1ccc2c(c1)CCN(c1nc(NC3CCNC3)nc(N3CCc4ccccc4C3)n1)C2                       
    c1ccc2c(c1)CCN(c1nc(NCC3CCCCC3)nc(N3CCNCC3)n1)C2                           
    c1ccc2c(c1)CCN(c1nc(NCC3CCCCC3)nc(N3CCc4ccccc4C3)n1)C2                     
    NCC1CCN(c2nc(NCCc3ccccc3)nc(N3CCc4ccccc4C3)n2)CC1                          
    c1ccc2c(c1)CCN(c1nc(NCC3CCNC3)nc(N3CCc4ccccc4C3)n1)C2                      
    c1ccc2c(c1)CCN(c1nc(NCCC3CCNCC3)nc(N3CCc4ccccc4C3)n1)C2                    
    NC(=O)CN1CCC(c2cc(N3CCc4ccccc4C3)nc(N3CCc4ccccc4C3)n2)CC1                  
    c1ccc(CCNc2nc(N3CCNCC3)nc(N3CCc4ccccc4C3)n2)nc1                            
    COC1(CNc2nc(N3CCN(c4ccccn4)CC3)nc(N3CCc4ccccc4C3)n2)COC1                   
    CN(C)C1CCN(c2nc(N3CCN(c4ccccc4)CC3)nc(N3CCc4ccccc4C3)n2)CC1                
    O=C(NCC(=O)N1CCCC1Cc1ccccc1)c1ccc2cc(Cl)ccc2n1                             
    C[C@@H](NC(=O)CNC(=O)c1ccc2cc(C(F)(F)F)ccc2n1)c1ccccc1                     
    c1ccc(CN2CCN(c3nc(N4CCNCC4)nc(N4CCc5ccccc5C4)n3)CC2)cc1                    
    c1ccc(CCNc2nc(-c3cccnc3)nc(N3CCc4ccccc4C3)n2)cc1                           
    NC(=O)CC[C@H]1CC[C@H](c2nc(N3CCc4ccccc4C3)nc(N3CCc4ccccc4C3)n2)CC1         
    NC(=O)C1CCN(c2nc(NCCc3ccc(Cl)cc3)nc(N3CCc4ccccc4C3)n2)CC1                  
    c1ccc2c(c1)CCN(c1nc(NCCC3CCOCC3)nc(C3CCc4ccccc43)n1)C2                     
    c1ccc2c(c1)CCN(c1nc(NCCC3CCCCC3)nc(N3CCNCC3)n1)C2                          
    NS(=O)(=O)CCn1cc(N2CCc3ccccc3C2)nc1N1CCc2ccccc2C1                          
    N[C@@H]1C[C@H](N)CN(c2nc(N3CCN(Cc4ccccc4)CC3)nc(N3CCc4ccccc4C3)n2)C1       
    c1ccc2c(c1)CCN(c1nc(NCCC3CCNCC3)nc(N3CCNCC3)n1)C2                          
    NC(=O)CCNc1nc(N2CCN(c3ccccc3)CC2)nc(N2CCc3ccccc3C2)n1                      
    c1ccc2c(c1)CCN(c1nc(NCCN3CCCCC3)nc(N3CCc4ccccc4C3)n1)C2                    
    C[C@H](NC(=O)CNC(=O)c1ccc2ccccc2n1)[C@H]1CCCN1Cc1ccccc1                    
    c1ccc(CCCNc2nc(NC3CCCC3)nc(N3CCc4ccccc4C3)n2)cc1                           
    c1ccc2c(c1)CCN(c1nc(CCN3CCNCC3)nc(N3CCc4ccccc4C3)n1)C2                     
    c1cncc(CCNc2nc(N3CCNCC3)nc(N3CCc4ccccc4C3)n2)c1                            
    c1ccc(CCNc2nc(NC3CCNCC3)nc(N3CCc4ccccc4C3)n2)cc1                           
    c1ccc2c(c1)CCN(c1nc(NCC3CCCN3)nc(N3CCc4ccccc4C3)n1)C2                      
    NCC1CCN(c2nc(N3CCN(c4ccccc4)CC3)nc(N3CCc4ccccc4C3)n2)CC1                   
    c1ccc2c(c1)CCN(c1nc(NCCC3CCCN3)nc(N3CCc4ccccc4C3)n1)C2                     
    C[C@H]1Cc2ccccc2CN1c1nc(N2CCc3ccccc3C2)nc(N2CC[C@H](O)C2)n1                
    c1ccc2c(c1)CCC(c1nc(NCCN3CCCC3)nc(N3CCc4ccccc4C3)n1)C2                     
    c1ccc2c(c1)CCN(c1nc(NCCC3CCCCN3)nc(N3CCOCC3)n1)C2                          
    O=C(NCC1CCCNC1)c1nc(N2CCc3ccccc3C2)nc(N2CCc3ccccc3C2)n1                    
    O=C(NCC(=O)N1CCCC[C@H]1c1ncc(O)o1)c1ccc2cc(F)ccc2n1                        
    COc1ccc(NC(=O)CNC(=O)c2ccc3ccccc3n2)cc1                                    
    c1ccc2c(c1)CCN(c1nc(NCCC3CCCCN3)nc(N3CCNCC3)n1)C2                          
    c1ccc(CCNc2nc(N3CCOCC3)nc(N3CCc4ccccc4C3)n2)cc1                            
    NS(=O)(=O)CCCn1cc(N2CCc3ccccc3C2)nc1N1CCc2ccccc2C1                         
    O=C1CC(c2cccc(C(=O)N3CCOCC3)c2)=Nc2ccc(Nc3ccccc3)cc21                      
    O=C1CC(c2cccc(C(=O)N3CCN(CC4CCCC4)CC3)c2)=Nc2ccccc21                       
    CN1CCN(c2cccc3c2CC(c2cccc(C(=O)NCc4ccccc4)c2)=N3)CC1                       
    O=C1CC(c2cccc(C(=O)N3CCC(N4CCCC4)CC3)c2)=Nc2ccccc21                        
    O=C1CC(c2cccc(C(=O)N3CCCC3)c2)=Nc2ccc(OCc3ccccc3)cc21                      
    O=C1CC(c2cccc(C(=O)N3CCOCC3)c2)=Nc2cc(-c3ccccc3)ccc21                      
    O=C1CC(c2cccc(C(=O)N3CCCCC3)c2)=Nc2ccc(-c3cccnc3)cc21                      
    O=C1CC(c2cccc(C(=O)N3CCc4ccccc4C3)c2)=Nc2cc(Cl)ccc21                       
    O=C1CC(c2cccc(C(=O)N3CCNCC3)c2)=Nc2ccc(Oc3ccc(F)cc3)cc21                   
    O=C1CC(c2cccc(C(=O)N3CCCC3)c2)=Nc2ccc(-c3ccccc3F)cc21                      
    O=C(NCCC1CCCC1)c1cccc(C2=Nc3ccccc3C(=O)C2)c1                               
    Cc1ccc2c(c1)CC(c1cccc(C(=O)Nc3cnc4ccccc4c3)c1)=N2                          
    O=C1CC(c2cccc(C(=O)N3CCCC3)c2)=Nc2ccc(-c3ccccc3)cc21                       
    O=C1CC(c2cccc(C(=O)N3CCNCC3)c2)=Nc2ccc(-c3ccccc3)cc21                      
    O=C1CC(c2cccc(C(=O)N3CCCC3)c2)=Nc2ccc(-c3cc(Cl)ccn3)cc21                   
    O=C1CC(c2cccc(C(=O)N3CCC3)c2)=Nc2ccc(Oc3ccccc3)cc21                        
    O=C1CC(c2cccc(C(=O)N3CCOCC3)c2)=Nc2ccc(-c3ccccc3F)cc21                     
    O=C(NCc1ccccc1Cl)c1cccc(C2=Nc3ccc(Cl)cc3C(=O)C2)c1                         
    O=C1CC(c2cccc(C(=O)N3CCN(c4ccccn4)CC3)c2)=Nc2ccccc21                       
    O=C1CC(c2cccc(C(=O)N3CCOCC3)c2)=Nc2ccc(-c3ccccc3)cc21                      
    O=C1CC(c2cccc(C(=O)N3CCCC3)c2)=Nc2ccc(-c3ccc(F)cc3)cc21                    
    O=C1CC(c2cccc(C(=O)N3CCCCC3)c2)=Nc2ccc(-c3ccccc3)cc21                      
    O=C1CC(c2cccc(C(=O)N3CCOCC3)c2)=Nc2ccc(OCc3ccc(F)cc3)cc21                  
    Cc1ccc2c(c1)CC(c1cccc(C(=O)Nc3ccc4cn[nH]c4c3)c1)=N2                        
    O=C1CC(c2cccc(C(=O)N3CCCC3)c2)=Nc2ccc(-c3ccncc3)cc21                       
    Cc1ccc2c(c1)CC(c1cccc(C(=O)Nc3ccc4c(c3)CCC4)c1)=N2                         
    O=C1CC(c2cccc(C(=O)N3CCCC3)c2)=Nc2ccc(-c3cccnc3)cc21                       
    O=C1CC(c2cccc(C(=O)N3CCN(c4nccs4)CC3)c2)=Nc2ccc(Cl)cc21                    
    O=C(NCCCN1CCOCC1)c1cccc(C2=Nc3ccccc3C(=O)C2)c1                             
    O=C1CC(c2cccc(C(=O)N3CCCCC3)c2)=Nc2ccc(-c3ccsc3)cc21                       
    O=C1CC(c2cccc(C(=O)N3CCSCC3)c2)=Nc2ccc(-c3ccccc3)cc21                      
    O=C1CC(c2cccc(C(=O)N3CCOCC3)c2)=Nc2ccc(-c3ccc(F)cc3)cc21                   
    O=C1CC(c2cccc(C(=O)N3CCOCC3)c2)=Nc2cc(N3CCCCC3)ccc21                       
    O=C(NCCc1cccnc1)c1cccc(C2=Nc3ccc(Cl)cc3C(=O)C2)c1                          
    O=C(NCc1ccccc1)c1cccc(C2=Nc3ccc(Br)cc3C(=O)C2)c1                           
    O=C1CC(c2cccc(C(=O)N3CCNCC3)c2)=Nc2ccc(-c3cccc(F)c3)cc21                   
    Cc1ccc2c(c1)CC(c1cccc(C(=O)Nc3ccc4c(c3)CNCC4)c1)=N2                        
    O=C1CC(c2cccc(C(=O)N3CCOCC3)c2)=Nc2ccc(-c3cccnc3)cc21                      
    O=C1CC(c2cccc(C(=O)N3CCNCC3)c2)=Nc2ccc(-c3ccccc3F)cc21                     
    O=C1CC(c2cccc(C(=O)N3CCN(CC4CC4)CC3)c2)=Nc2cc(Cl)ccc21                     
    Cc1ccc2c(c1)CC(c1cccc(C(=O)Nc3cccc4cccnc34)c1)=N2                          
    O=C1CC(c2cccc(C(=O)N3CCNCC3)c2)=Nc2ccc(N3CCCC3)cc21                        
    NC(=O)c1ccc2c(c1)CC(c1cccc(C(=O)NCCc3ccncc3)c1)=N2                         
    O=C1CC(c2cccc(C(=O)N3CCC3)c2)=Nc2ccc(-c3ccccc3F)cc21                       
    O=C(NCCC1CCCC1)c1cccc(C2=Nc3ccc(Cl)cc3C(=O)C2)c1                           
    O=C1CC(c2cccc(C(=O)N3CCC3)c2)=Nc2ccc(OCc3cccnc3)cc21                       
    O=C1CC(c2cccc(C(=O)N3CCN(c4ccccc4)CC3)c2)=Nc2ccc(Cl)cc21                   
    Cc1ccc2c(c1)CC(c1cccc(C(=O)N3CCN(c4ccc(F)cc4)CC3)c1)=N2                    
    O=C(NCCN1CCCCC1)c1cccc(C2=Nc3ccc(Cl)cc3C(=O)C2)c1                          
    O=C1CC(c2cccc(C(=O)N3CCC3)c2)=Nc2ccc(-c3ccccc3)cc21                        
    O=C(NCCN1CCCC1)c1cccc(C2=Nc3ccccc3C(=O)C2)c1                               
    O=C1CC(c2cccc(C(=O)N3CCCC3)c2)=Nc2ccc(N3CCCCC3)cc21                        
    Cc1ccc2c(c1)CC(c1cccc(C(=O)Nc3ccc(C4CC4)cn3)c1)=N2                         
    O=C1CC(c2cccc(C(=O)N3CCCC3)c2)=Nc2ccc(-c3ccc(O)cc3)cc21                    
    O=C1CC(c2cccc(C(=O)N3CCN(CCO)CC3)c2)=Nc2ccccc21                            
    Cc1ccc2c(c1)CC(c1cccc(C(=O)Nc3cccc(C4CC4)c3)c1)=N2                         
    COc1ccc2c(c1)CC(c1cccc(C(=O)Nc3ccc4c(c3)CCC4)c1)=N2                        
    O=C1CC(c2cccc(C(=O)N3CCC3)c2)=Nc2ccc(-c3cc(Cl)ccn3)cc21                    
    O=C(NCCN1CCCC1)c1cccc(C2=Nc3ccc(F)cc3C(=O)C2)c1                            
    O=C1CC(c2cccc(C(=O)N3CCOCC3)c2)=Nc2cc(N3CCOCC3)ccc21                       
    Cc1ccc2c(c1)CC(c1cccc(C(=O)Nc3ccc(C4CC4)cc3)c1)=N2                         
    O=C1CC(c2cccc(C(=O)N3CCOCC3)c2)=Nc2ccc(-c3cc(Cl)ccn3)cc21                  
    Cc1ccc2c(c1)CC(c1cccc(C(=O)Nc3ccc4c(c3)CN(C)CC4)c1)=N2                     
    O=C1CC(c2cccc(C(=O)N3CCC3)c2)=Nc2ccc(-c3cc(F)cc(F)c3)cc21                  
    Cc1ccc2c(c1)CC(c1cccc(C(=O)N3CCN(C4CC4)CC3)c1)=N2                          
    O=C1CC(c2cccc(C(=O)N3CCNCC3)c2)=Nc2ccc(-c3ccc(F)cc3)cc21                   
    Cc1ccc2c(c1)CC(c1cccc(C(=O)Nc3ccc(C4CCC4)cc3)c1)=N2                        
    O=C(NCCC1CCCC1)c1cccc(C2=Nc3ccc(C(F)(F)F)cc3C(=O)C2)c1                     
    Cc1ccc2c(c1)CC(c1cccc(C(=O)Nc3ccc(C(=O)N4CCN(C)CC4)cc3)c1)=N2              
    O=C1CC(c2cccc(C(=O)N3CCCC3)c2)=Nc2ccc(N3CCCC3)cc21                         
    O=C(NCc1ccccn1)c1cccc(C2=Nc3cc(Cl)ccc3C(=O)C2)c1                           
    O=C1CC(c2cccc(C(=O)N3CCC3)c2)=Nc2ccc(-c3ccc(F)cc3)cc21                     
    O=C1CC(c2cccc(C(=O)N3CCOCC3)c2)=Nc2ccc(-c3cncnc3)cc21                      
    O=C(NCC1CC1)c1cccc(C2=Nc3ccc(-c4ccccc4)cc3C(=O)C2)c1                       
    O=C1CC(c2cccc(C(=O)N3CCOCC3)c2)=Nc2ccc(Oc3ccccc3)cc21                      
    O=C(NCCC1CCCC1)c1cccc(C2=Nc3cc(Cl)ccc3C(=O)C2)c1                           
    O=C(NCCN1CCOCC1)c1cccc(C2=Nc3ccccc3C(=O)C2)c1                              
    O=C1CC(c2cccc(C(=O)N3CCS(=O)(=O)CC3)c2)=Nc2ccc(Cl)cc21                     
    Cc1ccc2c(c1)CC(c1cccc(C(=O)N3CCN(c4nccs4)CC3)c1)=N2                        
    O=C1CC(c2cccc(C(=O)N3CCCC3)c2)=Nc2ccc(-c3ccoc3)cc21                        
    Cc1ccc2c(c1)CC(c1cccc(C(=O)N3CCN(c4ccccc4)CC3)c1)=N2                       
    O=C1CC(c2cccc(C(=O)N3CCC3)c2)=Nc2ccc(-c3ccncc3)cc21                        
    O=C1CC(c2cccc(C(=O)N3CCC3)c2)=Nc2ccc(-c3cccnc3)cc21                        
    O=C1CC(c2cccc(C(=O)N3CCNCC3)c2)=Nc2ccc(-c3cc(Cl)ccn3)cc21                  
    O=C1CC(c2cccc(C(=O)N3CCCC3)c2)=Nc2ccc(N3CCOCC3)cc21                        
    Cc1ccc2c(c1)CC(c1cccc(C(=O)NCCC3CCCCC3)c1)=N2                              
    N=c1[nH]c2nc3ccccc3cc2cc1C(=O)N1CCN(CCc2ccccc2)CC1                         
    O=c1c2ccccc2nc(/C=C/c2ccc(CN3CCCCC3)cn2)n1CC1CCCCC1                        
    O=c1c2cc(Cl)ccc2nc(/C=C/c2cccc(N3CCCCC3)c2)n1CC1CCNCC1                     
    O=c1c2ccccc2nc(/C=C/c2cccc(CN3CCOCC3)c2)n1CC1CCNCC1                        
    CN1CCN(Cc2ccc(/C=C/c3nc4ccccc4c(=O)n3CC3CCCCC3)cc2)CC1                     
    O=C(NCC(=O)N1C[C@H](O)C[C@@H]1COCc1ccccc1)c1ccc2ccccc2n1                   
    NS(=O)(=O)c1ccc(/C=C/c2nc3cc(Cl)ccc3c(=O)n2CC2CCNCC2)cc1                   
    NS(=O)(=O)c1ccc(/C=C/c2nc3ccc(F)cc3c(=O)n2CC2CCNCC2)cc1                    
    NS(=O)(=O)c1cccc(/C=C/c2cc3ccccc3c(=O)n2CC2CCCCC2)c1                       
    NS(=O)(=O)c1cccc(/C=C/c2nc3ccccc3c(=O)n2CC2CCNCC2)c1                       
    CN1CCN(Cc2ccc3nc(/C=C/c4ccncc4)n(CC4CCCCC4)c(=O)c3c2)CC1                   
    O=c1c2ccc(Cl)cc2nc(/C=C/c2cccc(N3CCCC3)n2)n1CC1CCNCC1                      
    CN(C)S(=O)(=O)c1ccc(/C=C/c2nc3ccccc3c(=O)n2CC2CCCCC2)cc1                   
    NS(=O)(=O)c1ccc(/C=C/c2nc3cccc(Cl)c3c(=O)n2CC2CCCCC2)cc1                   
    O=c1c2ccccc2nc(/C=C/c2cccc(N3CCCCC3)c2)n1CC1CCNCC1                         
    O=c1c2cccc(Cl)c2nc(/C=C/c2cccc(N3CCCCC3)n2)n1CC1CCNCC1                     
    O=c1c2ccc(N3CCCCC3)cc2nc(/C=C/c2ccccc2)n1CC1CCNCC1                         
    CC(C)CNC(=O)c1cccc(/C=C/c2nc3ccccc3c(=O)n2CC2CCCCC2)c1                     
    NS(=O)(=O)c1ccc(/C=C/c2nc3ccc(Cl)cc3c(=O)n2CC2CCCCC2)cc1                   
    O=c1c2c(Cl)cccc2nc(/C=C/c2ccc(CN3CCOCC3)cn2)n1CC1CCNCC1                    
    CN1CCN(Cc2cccc(/C=C/c3nc4ccccc4c(=O)n3CC3CCCCC3)c2)CC1                     
    O=C(NCC(=O)N1C[C@@H](F)C[C@H]1COCc1ccccc1)c1ccc2ccccc2n1                   
    O=c1c2ccccc2nc(/C=C/c2cccc(N3CCCC3)c2)n1CC1CCNCC1                          
    NS(=O)(=O)c1ccc(CCc2nc3ccccc3c(=O)n2CC2CCCCC2)cc1                          
    NS(=O)(=O)c1ccc(/C=C/c2nc3ccccc3c(=O)n2CC2CCCCC2)cc1                       
    NS(=O)(=O)c1cccc(/C=C/c2nc3ccccc3c(=O)n2CC2CCCCC2)c1                       
    NS(=O)(=O)c1cccc(/C=C/c2nc3ccc(F)cc3c(=O)n2CC2CCCCC2)c1                    
    N#Cc1ccc2c(OCC3CCCCC3)nc(/C=C/c3cccnc3)nc2c1                               
    CC(C)c1ccc(/C=C/c2nc3ccccc3c(=O)n2CC2CCNCC2)cc1                            
    O=c1c2c(Cl)cccc2nc(/C=C/c2cccc(N3CCNCC3)c2)n1CC1CCCCC1                     
    O=c1c2c(Cl)cccc2nc(/C=C/c2ccc(C3CC3)cc2)n1CC1CCNCC1                        
    NS(=O)(=O)Cc1ccc2nc(/C=C/c3ccncc3)n(CC3CCCCC3)c(=O)c2c1                    
    CS(=O)(=O)c1ccc(/C=C/c2nc3ccccc3c(=O)n2CC2CCNCC2)cc1                       
    Cc1nc2ccc(C(=O)NCC3CCCCC3)cc2c(=O)n1CC1CCCCC1                              
    O=c1c2cc(Cl)ccc2nc(/C=C/c2cccc(N3CCCC3)n2)n1CC1CCNCC1                      
    O=c1c2ccc(Cl)cc2nc(/C=C/c2cccc(Cl)c2)n1CC1CCNCC1                           
    NS(=O)(=O)c1ccc(OCc2nc3ccccc3c(=O)n2CC2CCCCC2)cc1                          
    CN1CCN(c2ccnc(/C=C/c3nc4ccccc4c(=O)n3CC3CCCCC3)c2)CC1                      
    NS(=O)(=O)c1ccc(/C=C/c2nc3cc(Cl)ccc3c(=O)n2CC2CCCCC2)cc1                   
    CS(=O)(=O)Nc1ccc2nc(/C=C/c3ccncc3)n(CC3CCCCC3)c(=O)c2c1                    
    NS(=O)(=O)c1cccc(/C=C/c2nc3ccc(Cl)cc3c(=O)n2CC2CCCCC2)c1                   
    CC(c1ccc2nc(/C=C/c3ccccn3)n(CC3CCCCC3)c(=O)c2c1)N1CCOCC1                   
    CN1CCN(c2cccc(/C=C/c3nc4ccccc4c(=O)n3CC3CCCCC3)c2)CC1                      
    CCS(=O)(=O)c1ccc(/C=C/c2nc3ccc(F)cc3c(=O)n2CC2CCCCC2)cc1                   
    NS(=O)(=O)c1ccc(C(=O)c2nc3ccccc3c(=O)n2CC2CCCCC2)cc1                       
    CCNC(=O)c1ccc(/C=C/c2nc3ccccc3c(=O)n2CC2CCNCC2)cc1                         
    NS(=O)(=O)c1cccc(/C=C/c2cc3cc(Cl)ccc3c(=O)n2CC2CCNCC2)c1                   
    O=c1c2ccccc2nc(/C=C/c2ccc(CN3CCC(O)C3)cc2)n1CC1CCCCC1                      
    CN1CCN(Cc2ccccc2/C=C/c2nc3ccccc3c(=O)n2CC2CCCCC2)CC1                       
    O=c1c2ccc(F)cc2nc(/C=C/c2cccc(N3CCOCC3)c2)n1CC1CCCCC1                      
    CN1CCN(Cc2ccc3c(=O)n(CC4CCCCC4)c(/C=C/c4ccncc4)nc3c2)CC1                   
    NS(=O)(=O)c1ccc(-n2c(/C=C/c3ccccn3)nc3ccccc3c2=O)cc1                       
    NS(=O)(=O)c1cccc(/C=C/c2nc3cc(Cl)ccc3c(=O)n2CC2CCCCC2)c1                   
    NS(=O)(=O)c1ccc(NCc2nc3ccccc3c(=O)n2CC2CCCCC2)cc1                          
    NS(=O)(=O)c1ccc(/C=C/c2nc3ccc(F)cc3c(=O)n2CC2CCCCC2)cc1                    
    NS(=O)(=O)c1ccc(/C=C/c2nc3cc(F)c(F)cc3c(=O)n2CC2CCCCC2)cc1                 
    NS(=O)(=O)c1cccc(/C=C/c2nc3c(Cl)cc(Cl)cc3c(=O)n2CC2CCCCC2)c1               
    CS(=O)(=O)c1ccc(/C=C/c2nc3ccccc3c(=O)n2CC2CCCCC2)cc1                       
    CC(=O)Nc1ccc(/C=C/c2nc3cccc(Cl)c3c(=O)n2CC2CCNCC2)cc1                      
    CN1CCN(CCCn2c(/C=C/c3ccccn3)nc3ccccc3c2=O)CC1                              
    O=c1c2cc(F)ccc2nc(/C=C/c2cccc(N3CCOCC3)c2)n1CC1CCNCC1                      
    CS(=O)(=O)c1ccc(/C=C/c2nc3ccc(F)cc3c(=O)n2CC2CCCCC2)cc1                    
    O=c1c2ccccc2nc(/C=C/c2nc3ccccc3[nH]2)n1CC1CCNCC1                           
    O=c1c2c(-c3cccs3)cccc2nc(/C=C/c2ccccn2)n1CC1CCNCC1                         
    CS(=O)(=O)c1ccc(/C=C/c2nc3cc(F)c(F)cc3c(=O)n2CC2CCCCC2)cc1                 
    NCc1cccc(/C=C/c2nc3ccc(F)cc3c(=O)n2CC2CCCCC2)c1                            
    NS(=O)(=O)c1ccc(Cc2nc3ccccc3c(=O)n2CC2CCCCC2)cc1                           
    CS(=O)(=O)c1cccc(/C=C/c2nc3ccc(F)cc3c(=O)n2CC2CCCCC2)c1                    
    NS(=O)(=O)c1ccc(Cn2c(/C=C/c3ccccn3)nc3ccccc3c2=O)cc1                       
    CS(=O)(=O)c1ccc(OCc2nc3cccc(Cl)c3c(=O)n2CC2CCCCC2)cc1                      
    CN1CCN(c2cccc3nc(/C=C/c4ccccc4)n(CC4CCCCC4)c(=O)c23)CC1                    
    O=c1c2cc(Cl)ccc2nc(/C=C/c2cccc(O)c2)n1CC1CCNCC1                            
    CN1CCN(Cc2ccc3c(N)nc(/C=C/c4cccnc4)nc3c2)CC1                               
    O=c1c2c(F)cccc2nc(/C=C/c2cccc(C(F)(F)F)c2)n1CC1CCNCC1                      
    NS(=O)(=O)c1cccc(Cn2c(/C=C/c3ccccn3)nc3ccccc3c2=O)c1                       
    CS(=O)(=O)c1ccc(-n2c(/C=C/c3ccccn3)nc3ccccc3c2=O)cc1                       
    O=c1c2ccc(Cl)cc2nc(/C=C/c2cccc(O)c2)n1Cc1cccc(O)c1                         
    O=c1c2cc(Cl)ccc2nc(/C=C/c2cccc(O)c2)n1Cc1cccc(O)c1                         
    NS(=O)(=O)c1ccc(/C=C/c2nc3ccc(F)cc3c(=O)n2Cc2ccccc2)cc1                    
    O=c1c2ccc(Cl)cc2nc(/C=C/c2ccccc2)n1Cc1cccc(O)c1                            
    O=c1c2c(Cl)cccc2nc(/C=C/c2ccccc2)n1Cc1cccc(O)c1                            
    O=c1c2ccccc2nc(/C=C/c2ccc(Cl)cc2)n1Cc1cccc(O)c1                            
    CC(O)c1cccc(/C=C/c2nc3ccccc3c(=O)n2Cc2ccco2)c1                             
    O=c1c2ccc(F)cc2nc(/C=C/c2ccccc2)n1Cc1cccc(O)c1                             
    CS(=O)(=O)c1ccc(/C=C/c2nc3ccccc3c(=O)n2-c2ccccc2)cc1                       
    O=c1c2ccc(F)cc2nc(/C=C/c2ccc(F)cc2)n1Cc1cccc(O)c1                          
    CS(=O)(=O)c1ccc(/C=C/c2nc3ccccc3c(=O)n2Cc2ccco2)cc1                        
    O=c1c2ccc(Cl)cc2nc(/C=C/c2ccccn2)n1Cc1cccc(O)c1                            
    N#Cc1cccc(/C=C/c2nc3ccccc3c(=O)n2Cc2ccoc2)c1                               
    N#Cc1ccc(/C=C/c2nc3ccccc3c(=O)n2Cc2cccnc2)cc1                              
    N#Cc1ccc(/C=C/c2nc3ccc(F)cc3c(=O)n2Cc2cccnc2)cc1                           
    O=c1c2ccccc2nc(/C=C/c2ccccc2)n1Cc1cccc(O)c1                                
    N#Cc1cccc(/C=C/c2nc3ccccc3c(=O)n2Cc2cccnc2)c1                              
    O=c1c2cc(F)ccc2nc(/C=C/c2ccccc2)n1Cc1cccc(O)c1                             
    Cc1ccc(/C=C/c2nc3ccc(F)cc3c(=O)n2Cc2ccccc2)nc1C                            
    O=c1c2ccc(Cl)cc2nc(/C=C/c2ccncc2)n1Cc1cccc(O)c1                            
    N#Cc1cccc(/C=C/c2nc3ccc(F)c(F)c3c(=O)n2Cc2cccnc2)c1                        
    O=c1c2ccc(F)cc2nc(/C=C/c2cccc(O)c2)n1Cc1cccnc1                             
    CN(C)c1cccc(/C=C/c2nc3ccc(F)cc3c(=O)n2Cc2cccnc2)c1                         
    O=c1c2cc(Cl)ccc2nc(/C=C/c2ccccc2)n1Cc1cccc(O)c1                            
    N#Cc1ccccc1/C=C/c1nc2ccccc2c(=O)n1Cc1ccncc1                                
    N#Cc1cccc(/C=C/c2nc3ccccc3c(=O)n2Cc2ccncc2)c1                              
    N#Cc1ccc(/C=C/c2nc3cc(F)ccc3c(=O)n2Cc2ccncc2)cc1                           
    N#Cc1cccc(/C=C/c2nc3ccccc3c(=O)n2CCc2ccccn2)c1                             
    NS(=O)(=O)c1ccccc1/C=C/c1nc2ccccc2c(=O)n1Cc1ccccc1                         
    O=c1c2c(C(F)(F)F)cccc2nc(/C=C/c2ccccn2)n1Cc1cccc(O)c1                      
    O=c1c2ccccc2nc(/C=C/c2cccnc2)n1Cc1ccccc1                                   
    O=C(NCC(=O)N1CCCCC1c1ccc(Cl)cc1)c1cnc2ccccc2n1                             
    O=c1c2ccccc2nc(/C=C/c2cccnc2)n1Cc1ccc(Cl)cc1                               
    O=C(NCC(=O)N1CC[C@H](F)[C@H]1COc1cccc(Cl)c1)c1ccc2ccccc2n1                 
    O=c1c2ccccc2nc(/C=C/c2cccnc2)n1CC1CCCCC1                                   
    N#Cc1ccccc1CNC(=O)CNC(=O)c1ccc2cc(Cl)ccc2n1                                
    O=C(NCC(=O)N1CC[C@H](O)[C@H]1c1ccc(Cl)cc1)c1ccc2ccccc2n1                   
    O=C(NCC(=O)N1CCCCC1c1ccc(Cl)cc1)c1ccc2cc(Cl)ccc2n1                         
    O=C(NCC(=O)N1C[C@H](O)C[C@H]1c1ccc(Cl)cc1)c1ccc2ccccc2n1                   
    O=C(NCC(=O)N1CCC[C@H]1CO)c1ccc2cc(F)ccc2n1                                 
    O=C(NCC(=O)N1CCCCC1c1ccc(Cl)cc1)c1ccc2cc(Br)ccc2n1                         
    O=C(NCC(=O)N1CCCCC1c1ccccc1)c1ccc2ccccc2n1                                 
    O=C(NCC(=O)N1CCCC[C@H]1c1ccc(Cl)cc1)c1ccc2cc(F)ccc2n1                      
    O=C(NCC(=O)N1CCC[C@@H]1c1ccccc1)c1ccc2ccccc2n1                             
    O=C(NCC(=O)N1CCC[C@H]1c1c[nH]c2ccccc12)c1ccc2ccccc2n1                      
    O=C(NCC(=O)N1CCCCC1C1CCC1)c1ccc2cc(F)ccc2n1                                
    O=C(NCC(=O)N1C[C@@H]([C@H](O)c2ccccc2)[C@@H](O)C1)c1ccc2ccccc2n1           
    O=C(NCC(=O)N1CCCC[C@H]1CN1CCCC1)c1ccc2cc(F)ccc2n1                          
    O=C(NCC(=O)N1CCCCC1CC(F)(F)F)c1ccc2cc(F)ccc2n1                             
    O=C(NCC(=O)N1C[C@H](O)C[C@H]1C1CCCC1)c1ccc2cc(F)ccc2n1                     
    C[C@@H](NC(=O)CNC(=O)c1ccc2cc(Cl)ccc2n1)C1CCCCC1                           
    O=C(NCC(=O)N1CCCCC1C1CCNCC1)c1ccc2cc(Cl)ccc2n1                             
    O=C(NCC(=O)N1CCCC1c1ccc(C(F)(F)F)cc1)c1ccc2cc(F)ccc2n1                     
    CN(CCNC(=O)c1ccc2cc(Cl)ccc2n1)C1CCCCC1                                     
    COc1ccc2ccc(C(=O)NCC(=O)N3CCC[C@H]3C(=O)NCCc3ccccn3)nc2c1                  
    CC(C)CNC(=O)CNC(=O)c1ccc2ccccc2n1                                          
    CC(C)C[C@H](NC(=O)CNC(=O)c1ccc2ccccc2n1)c1ccccc1                           
    O=C(NCC(=O)N1CCC[C@H]1CNc1cccc(Cl)c1)c1ccc2cc(F)ccc2n1                     
    O=C(NCC(=O)N1CCC[C@H]1c1ccc(Cl)cc1)c1ccc2cc(F)ccc2n1                       
    O=C(NCC(=O)N1C[C@@H](O)[C@@H](O)C1)c1ccc2ccccc2n1                          
    O=C(NCC(=O)N1C[C@H](F)C[C@H]1c1ccccc1)c1ccc2cc(Cl)ccc2n1                   
    N#Cc1ccccc1[C@H](NC(=O)CNC(=O)c1ccc2cc(Cl)ccc2n1)C1CCCC1                   
    O=C(NCC(=O)N1CCCCC1c1ccccn1)c1ccc2cc(F)ccc2n1                              
    COc1cccc(CNC(=O)CNC(=O)c2ccc3ccccc3n2)c1                                   
    CC(C)C[C@H](NC(=O)CNC(=O)c1ccc2ccccc2n1)C(=O)NCc1ccccn1                    
    CN(CCNC(=O)c1ccc2cc(Cl)ccc2n1)C(=O)CNC(=O)c1ccc2ncccc2c1                   
    O=C(NCC(=O)N1CCCC[C@H]1c1ccccc1)c1ccc2cc(Cl)ccc2n1                         
    C[C@H](NC(=O)CNC(=O)c1ccc2ccccc2n1)c1ccccc1                                
    CCCCNC(=O)[C@@H]1C[C@H](O)CN1C(=O)CNC(=O)c1ccc2cc(Cl)ccc2n1                
    O=C(NCC(=O)N1CCC1c1c[nH]cn1)c1ccc2ccccc2n1                                 
    O=C(NCC(=O)N1C[C@H](O)C[C@H]1Cc1ccccc1)c1ccc2cc(F)ccc2n1                   
    O=C(NCC(=O)N1CCCCC1C1CCCCC1)c1ccc2ccccc2n1                                 
    O=C(NCC(=O)N1C[C@H](O)C[C@@H]1C1CCCC1)c1ccc2cc(Cl)ccc2n1                   
    O=C(NCC(=O)N1CCCCC1C1CCOCC1)c1ccc2ccccc2n1                                 
    CC(C)C[C@H](NC(=O)CNC(=O)c1ccc2cc(Cl)ccc2n1)c1ccccc1                       
    O=C(NCC(=O)N1C[C@H](F)C[C@H]1C(=O)N1CCCCC1)c1ccc2ccccc2n1                  
    C[C@@H](NC(=O)CNC(=O)c1ccc2cc(Cl)ccc2n1)c1ccccc1                           
    O=C(NCC(=O)N1CCCC1C1CCCCC1)c1ccc2cc(F)ccc2n1                               
    O=C(NCC(=O)N1CCC[C@H]1c1cc(Cl)ccc1Cl)c1ccc2cc(Cl)ccc2n1                    
    O=C(NCC(=O)N1CCCC1c1ccc(Cl)cc1)c1ccc2ccccc2n1                              
    CSCC[C@H](NC(=O)CNC(=O)c1ccc2ccccc2n1)c1ccccc1                             
    O=C(NCC(=O)N1C[C@H](O)C[C@H]1c1ccc(Cl)cc1)c1ccc2cc(Cl)ccc2n1               
    CC(C)c1ccccc1NC(=O)CNC(=O)c1ccc2cc(Cl)ccc2n1                               
    O=C(NCC(=O)N1C[C@H](O)C[C@@H]1c1ccccc1)c1ccc2ccccc2n1                      
    O=C(NCC(=O)N1CCCC[C@H]1c1ccccc1)c1cc(Cl)cc(Cl)c1                           
    O=C(NCC(=O)N1CCCC[C@H]1CO)c1ccc2cc(Cl)ccc2n1                               
    O=C(NCC(=O)N1C[C@H](O)C[C@H]1CN1CCCC1)c1ccc2ccccc2n1                       
    O=C(NCC(=O)N1CCCCC1c1ccccn1)c1ccc2ccccc2n1                                 
    O=C(NCC(=O)N1C[C@H](O)C[C@H]1CO)c1ccc2ccccc2n1                             
    O=C(NCC(=O)N1CCC[C@@H]1COc1ccccc1)c1ccc2cc(F)ccc2n1                        
    O=C(NCC(=O)N1C[C@H](O)C[C@H]1c1ccccc1)c1ccc2cc(Cl)ccc2n1                   
    O=C(NCC(=O)N1CCC[C@H]1CNCc1ccccc1)c1ccc2cc(Cl)ccc2n1                       
    O=C(NCC(=O)N1CCC[C@H]1CNc1ccc(Cl)cn1)c1ccc2cc(F)ccc2n1                     
    O=C(NCC(=O)N1CCCCC1C1CCCCC1)c1ccc2cc(Cl)ccc2n1                             
    O=C(NCC(=O)N1C[C@H](O)C[C@H]1Cc1ccc(Cl)cc1)c1ccc2ccccc2n1                  
    O=C(NCC(=O)N1CCC[C@@H]1c1c[nH]c(=O)[nH]1)c1ccc2ccccc2n1                    
    O=C(NCC(=O)N1CCCCC1CNc1ccc(Cl)cc1)c1ccc2ccccc2n1                           
    Cc1ccc(NC(=O)CNC(=O)c2ccc3cc(Cl)ccc3n2)cc1                                 
    O=C(NCC(=O)N1CCCCC1c1ccc(F)cc1)c1ccc2ccccc2n1                              
    COc1cccc(NC(=O)[C@H]2C[C@H](O)CN2C(=O)CNC(=O)c2ccc3ccccc3n2)c1             
    N#Cc1cccc(NC(=O)[C@@H]2CCCN2C(=O)CNC(=O)c2ccc3cc(Cl)ccc3n2)c1              
    O=C(NCC(=O)N1CCC[C@@H]1c1ncc(Cl)cn1)c1ccc2cc(F)ccc2n1                      
    O=C(NCC(=O)N1CCCCC1)c1ccc2ccccc2n1                                         
    O=C(NCC(=O)N1CCCCC1C1CCOCC1)c1ccc2cc(Cl)ccc2n1                             
    O=C(NCC(=O)N1C[C@H](O)C[C@@H]1CO)c1ccc2cc(F)ccc2n1                         
    O=C(NCC(=O)N1C[C@H](O)C[C@H]1Cc1ccccc1)c1ccc2ccccc2n1                      
    O=C(NCC(=O)N1CC[C@H](F)[C@H]1c1ccccc1)c1ccc2ccccc2n1                       
    O=C(NCC(=O)N1C[C@H](O)C[C@H]1COc1ccc(Cl)cc1)c1ccc2ccccc2n1                 
    O=C(NCC(=O)N1CCC[C@H]1c1ccccc1)c1ccc2cc(F)ccc2n1                           
    C[C@@H](NC(=O)CNC(=O)c1ccc2ccc(Cl)cc2n1)c1ccccc1                           
    O=C(NCC(=O)N1CCCC1c1cc(Cl)ccn1)c1ccc2cc(Cl)ccc2n1                          
    Cc1ccccc1CNC(=O)CNC(=O)c1ccc2cc(F)ccc2n1                                   
    O=C(NCC(=O)N1CCCC1C1CCCCC1)c1ccc2cc(Cl)ccc2n1                              
    O=C(NCC(=O)N1CCCC[C@H]1c1ncc[nH]1)c1ccc2ccccc2n1                           
    COC[C@@H]1C[C@H](O)CN1C(=O)CNC(=O)c1ccc2ccc(F)cc2n1                        
    O=C(NCC(=O)N1CCC(F)(F)C1)c1ccc2cc(Cl)ccc2n1                                
    N#Cc1ccc(NC(=O)CNC(=O)c2ccc3cc(Cl)ccc3n2)cc1                               
    O=C(NCC(=O)N1CCC[C@H]1c1ccc(Cl)cc1)c1ccc2cc(Cl)ccc2n1                      
    O=C(NCC(=O)N1CCC[C@H]1CO)c1ccc2ccccc2n1                                    
    O=C(NCC(=O)N1CCCCC1c1cccc(Cl)c1)c1ccc2ccccc2n1                             
    O=C(NCC(=O)N1C[C@H](O)C[C@H]1Cc1ccccc1)c1ccc2cc(Cl)ccc2n1                  
    O=C(NCC(=O)N1CCCC[C@H]1CO)c1ccc2cc(F)ccc2n1                                
    O=C(NCC(=O)N1CCC[C@H]1c1ncc(OCC2CCC2)o1)c1ccc2cc(Cl)ccc2n1                 
    O=C(NCC(=O)N1CCCCC1c1ccc(F)cc1)c1ccc2cc(F)ccc2n1                           
    O=C(NCC(=O)N1CCC[C@H]1c1ccccc1)c1ccc2cc(Cl)ccc2n1                          
    O=C(NCC(=O)N1CCCC1C1CCOCC1)c1ccc2cc(Cl)ccc2n1                              
    O=C(NCC(=O)N1CCCCC1c1ccccc1)c1ccc2cc(F)ccc2n1                              
    O=C(NCC(=O)N1CC[C@H](O)[C@H]1Cc1ccccc1)c1ccc2cc(Cl)ccc2n1                  
    O=C(NCC(=O)N1CCCC[C@H]1c1ncc(Cl)cn1)c1ccc2cc(F)ccc2n1                      
    O=C(NCC(=O)N1CCC[C@H]1c1ncc(Cl)cn1)c1ccc2ccccc2n1                          
    O=C(NCC(=O)N1CCCC1Cc1ccc(Cl)cc1)c1ccc2ccccc2n1                             
    O=C(NCC(=O)N1CCCC1c1cccc(Cl)c1)c1ccc2ccccc2n1                              
    O=C(NCC(=O)N1CCCCC1c1ccc(Cl)cc1)c1ccc2ccc(Cl)cc2n1                         
    O=C(NCC(=O)N1C[C@H](O)C[C@H]1C1CCCC1)c1ccc2ccccc2n1                        
    O=C(NCC(=O)N1C[C@H](O)C[C@H]1c1ccc(Cl)c(Cl)c1)c1ccc2cc(Cl)ccc2n1           
    O=C(NCC(=O)N1CCCC1c1ccc(F)cc1)c1ccc2cc(Cl)ccc2n1                           
    O=C(NCC(=O)N1C[C@H](O)C[C@H]1C1CCCCC1)c1ccc2cc(Cl)ccc2n1                   
    CC(C)NC(=O)CNC(=O)c1ccc2cc(Cl)ccc2n1                                       
    C[C@@H](NC(=O)CNC(=O)c1ccc2ccccc2n1)C1CCCCC1                               
    COc1ccccc1[C@H](C)NC(=O)CNC(=O)c1ccc2cc(Cl)ccc2n1                          
    CN(CCNC(=O)c1ccc2cc(Cl)ccc2n1)CC(=O)N[C@H]1CCCC[C@H]1c1ccccc1              
    O=C(NCC(=O)N1C[C@H](O)C[C@H]1COc1ccccc1)c1ccc2cc(F)ccc2n1                  
    O=C(NCC(=O)N1C[C@H](O)C[C@H]1CN1CCCC1)c1cnc2ccccc2n1                       
    O=C(NCC(=O)N1CCC[C@H]1c1ccccc1)c1cnc2ccccc2n1                              
    CN(CC(=O)N1CCC[C@H]1c1ncc(F)cn1)C(=O)CNC(=O)c1ccc2ccccc2n1                 
    O=C(NCC(=O)N1C[C@H](O)C[C@H]1Cn1cccn1)c1ccc2cc(F)ccc2n1                    
    O=C(NCC(=O)N1CCCCC1c1cccc(Cl)c1)c1ccc2cc(Cl)ccc2n1                         
    O=C(NCC(=O)N1CCC[C@H]1CO)c1ccc2cc(Cl)ccc2n1                                
    O=C(NCC(=O)N1C[C@@H](O)[C@@H](O)C1)c1ccc2cc(Cl)ccc2n1                      
    CC(C)CNC(=O)CNC(=O)c1ccc2cc(Cl)ccc2n1                                      
    O=C(NCC(=O)N1CC[C@@H](c2ccccc2)C1)c1ccc2ccccc2n1                           
    COc1ccc2ccc(C(=O)NCC(=O)N3CC[C@H](O)C3)nc2c1                               
    O=C(NCC(=O)N1CCCCC1c1cccc(O)c1)c1ccc2ccccc2n1                              
    CN(CCCNC(=O)CNC(=O)c1ccc2cc(Cl)ccc2n1)C1CCCCC1                             
    O=C(NCC(=O)N1CCCC[C@H]1c1ncc[nH]1)c1ccc2cc(F)ccc2n1                        
    CC(C)C[C@H](NC(=O)CNC(=O)c1ccc2cc(F)ccc2n1)c1ccccc1                        
    O=C(NCC(=O)N1CCCCC1c1ccc(Br)cc1)c1ccc2ccccc2n1                             
    O=C(NCC(=O)N1CCCC[C@H]1CO)c1ccc2ccccc2n1                                   
    O=C(NCC(=O)N1CCCC[C@H]1Cn1cccn1)c1ccc2cc(Cl)ccc2n1                         
    O=C(NCC(=O)N1CCCCCC1c1ccc(Cl)cc1)c1ccc2cc(Cl)ccc2n1                        
    COc1ccccc1NC(=O)CNC(=O)c1ccc2cc(Cl)ccc2n1                                  
    O=C(NCC(=O)N1CCCCC1c1ccccn1)c1ccc2cc(Cl)ccc2n1                             
    O=C(NCC(=O)N1C[C@@H](O)C[C@H]1COc1ccccc1)c1ccc2ccccc2n1                    
    N#C[C@H]1CCC[C@H]1NC(=O)CNC(=O)c1ccc2cc(F)ccc2n1                           
    O=C(NCC(=O)N1CCC[C@H]1c1c[nH]cn1)c1ccc2cc(Cl)ccc2n1                        
    N#Cc1ccccc1NC(=O)CNC(=O)c1ccc2ccccc2n1                                     
    O=C(NCC(=O)N1CCCC1C1CCOCC1)c1ccc2ccc(F)cc2n1                               
    O=C(NCC(=O)N1C[C@@H](F)C[C@H]1COCc1ccccc1)c1ccc2cc(Cl)ccc2n1               
    N[C@@H]1CCN(C(=O)CNC(=O)c2ccc3ccccc3n2)[C@H]1c1ccccc1                      
    O=C(NCC(=O)N1CCCCC1c1ccc(O)cc1)c1ccc2cc(Cl)ccc2n1                          
    O=C(NCC(=O)N1CCC[C@H]1CNc1ccc(Cl)cc1)c1ccc2cc(F)ccc2n1                     
    O=C(NCC(=O)N1C[C@@H](O)[C@@H](O)C1)c1ccc2cc(F)ccc2n1                       
    O=C(NCC(=O)N1CCC[C@H]1CO)c1ccc2ccc(F)cc2n1                                 
    O=C(NCC(=O)N1CCCC1c1ncc[nH]1)c1ccc2cc(Cl)ccc2n1                            
    O=C(NCC(=O)N1CCCCC1c1ccc(O)cc1)c1ccc2cc(F)ccc2n1                           
    O=C(NCC(=O)N1CCCCC1c1c[nH]cn1)c1ccc2ccccc2n1                               
    CSCCC[C@H](NC(=O)CNC(=O)c1ccc2ccccc2n1)c1ccccc1                            
    O=C(NCC(=O)N1CCCCC1c1cccc(Cl)c1)c1ccc2cc(F)ccc2n1                          
    O=C(NCC(=O)N1C[C@H](O)C[C@H]1CO)c1ccc2cc(Cl)ccc2n1                         
    O=C(NCC(=O)N1C[C@H](O)C[C@H]1CN1CCCC1)c1ccc2cc(Cl)ccc2n1                   
    O=C(NCC(=O)N1CCCC[C@H]1c1ncc[nH]1)c1ccc2cc(Cl)ccc2n1                       
    O=C(NCC(=O)N1CCC[C@H]1COCc1ccccc1)c1ccc2cc(F)ccc2n1                        
    O=C(NCC(=O)N1C[C@@H](F)C[C@H]1Cc1ccccc1)c1ccc2ccccc2n1                     
    CN(C)C(=O)[C@@H]1CCCN1C(=O)CNC(=O)c1ccc2cc(Cl)ccc2n1                       
    O=C(NCC(=O)N1CC[C@H](F)[C@H]1COc1ccccc1)c1ccc2cc(Cl)ccc2n1                 
    O=C(NCC(=O)N1CCCC[C@@H]1c1c[nH]c(Cl)c1)c1ccc2cc(Cl)ccc2n1                  
    O=C(NCC(=O)N1CCC[C@H]1COc1ccc(Cl)cc1)c1ccc2cc(Cl)ccc2n1                    
    O=C(NCC(=O)N1CCCCC1c1ccncc1)c1ccc2cc(F)ccc2n1                              
    O=C(NCC(=O)N1CCCC1C1CCCCC1)c1ccc2ccccc2n1                                  
    O=C(NCC(=O)N1CCCCC1c1ccc(C(F)(F)F)cc1)c1ccc2ccccc2n1                       
    CSCC[C@H](N)C(=O)NC(=O)CNC(=O)c1ccc2cc(Cl)ccc2n1                           
    O=C(NCC(=O)N1CCCCC1C1CCCCC1)c1ccc2cc(F)ccc2n1                              
    O=C(NCC(=O)N1C[C@H](O)C[C@H]1Cn1ccnc1)c1ccc2ccccc2n1                       
    O=C(NCC(=O)N1CCC[C@@H]1c1ncco1)c1ccc2cc(Cl)ccc2n1                          
    Cc1ccccc1[C@H](C)NC(=O)CNC(=O)c1ccc2ccccc2n1                               
    O=C(NCC(=O)N1CCCC1C1CCOCC1)c1ccc2cc(F)ccc2n1                               
    O=C(NCC(=O)N1CCCCC1C1CCOCC1)c1ccc2cc(F)ccc2n1                              
    N#C[C@@H]1CCCN1C(=O)CNC(=O)c1ccc2cc(Cl)ccc2n1                              
    O=C(NCC(=O)N1CCC[C@H]1COCc1ccccc1)c1ccc2cc(Cl)ccc2n1                       
    O=C(NCC(=O)N1CCC[C@H]1CNC1CCCC1)c1ccc2cc(F)ccc2n1                          
    O=C(NCC(=O)N1CCC[C@H]1c1cnc(Cl)cn1)c1ccc2ccccc2n1                          
    O=C(NCC(=O)N1CCC[C@@H]1CNCc1ccc(Cl)cc1)c1ccc2cc(Cl)ccc2n1                  
    COc1ccccc1NC(=O)CNC(=O)c1ccc2ccccc2n1                                      
    O=C(NCC(=O)N1CCCC[C@H]1CNC1CCCC1)c1ccc2cc(Cl)ccc2n1                        
    O=C(NCC(=O)N1C[C@H](O)[C@@H](O)[C@H]1C1CCCCC1)c1ccc2cc(Cl)ccc2n1           
    O=C(NCC(=O)N1CCC[C@H]1c1csc(-c2ccccc2)n1)c1ccc2cc(F)ccc2n1                 
    O=C(NCC(=O)N1CCCC1c1ccc(F)cc1)c1ccc2ccccc2n1                               
    O=C(NCC(=O)N1CCCC[C@H]1c1ccccc1)c1ccc2ccc(Cl)cc2n1                         
    O=C(NCC(=O)N1CCC[C@@H]1c1c[nH]c2ccccc12)c1ccc2cc(Cl)ccc2n1                 
    CC(C)CNC(=O)CNC(=O)c1ccc2cc(F)ccc2n1                                       
    O=C(NCC(=O)N1CCC(F)(F)C1)c1ccc2ccccc2n1                                    
    O=C(NCC(=O)N1C[C@H](F)C[C@H]1COc1ccccc1)c1ccc2cc(F)ccc2n1                  
    O=C(NCC(=O)N1CC[C@H](O)[C@H]1Cc1ccccc1)c1ccc2ccccc2n1                      
    O=C(NCC(=O)N1CCCC1c1cccc(Cl)c1)c1ccc2cc(Cl)ccc2n1                          
    O=C(NCC(=O)N1CC[C@H](O)[C@H]1CO)c1ccc2cc(Cl)ccc2n1                         
    CS(=O)(=O)N1C[C@H](O)C[C@H]1C(=O)CNC(=O)c1ccc2cc(Cl)ccc2n1                 
    Cc1ccccc1[C@H](C)NC(=O)CNC(=O)c1ccc2cc(Cl)ccc2n1                           
    N#Cc1ccccc1[C@H]1CCCN1C(=O)CNC(=O)c1ccc2cc(Cl)ccc2n1                       
    CC(NC(=O)CNC(=O)c1ccc2ccccc2n1)c1ccc(-c2ccc(C(F)(F)F)cc2)cc1               
    O=C(NCC(=O)N1C[C@H](O)C[C@H]1c1ccccc1)c1cnc2ccccc2n1                       
    O=C(NCC(=O)N1CCC[C@H]1c1cnc(Cl)c(Cl)c1)c1ccc2cc(F)ccc2n1                   
    O=C(NCC(=O)N1CC[C@H](S(=O)(=O)C2CCCC2)C1)c1ccc2ccccc2n1                    
    O=C(NCC(=O)N1CCCCC1c1ccccc1Cl)c1ccc2ccccc2n1                               
    O=C(NCC(=O)N1C[C@H](O)C[C@H]1CSc1ccccc1)c1ccc2ccccc2n1                     
    CN(C)C(=O)CNC(=O)CNC(=O)c1ccc2cc(F)ccc2n1                                  
    O=C(NCC(=O)N1C[C@H](O)C[C@H]1C1CC1)c1ccc2cc(Cl)ccc2n1                      
    O=C(NCC(=O)N1C[C@H](O)C[C@H]1CN1CCCCC1)c1ccc2cc(Cl)ccc2n1                  
    O=C(NCC(=O)N1CC[C@H](O)C1)c1ccc2ccccc2n1                                   
    CSCC[C@@H](NC(=O)CNC(=O)c1ccc2cc(Cl)ccc2n1)c1ccccc1                        
    O=C(NCC(=O)N1CC[C@H](O)[C@H]1COc1ccccc1)c1ccc2cc(Cl)ccc2n1                 
    O=C(NCC(=O)N1CCC[C@@H]1c1ncc[nH]1)c1ccc2cc(F)ccc2n1                        
    O=C(NCC(=O)N1CCCC[C@H]1COCc1ccccc1)c1ccc2cc(F)ccc2n1                       
    O=C(NCC(=O)N1CCCC[C@H]1c1c[nH]cn1)c1ccc2cc(F)ccc2n1                        
    C[C@H](NC(=O)CNC(=O)c1ccc2ccccc2n1)c1ccc(Cl)cc1                            
    N#Cc1ccccc1CNC(=O)CNC(=O)c1ccc2ccccc2n1                                    
    O=C(NCC(=O)N1CCC[C@@H]1c1c[nH]cn1)c1ccc2ccccc2n1                           
    O=C(NCC(=O)N1CCCCC1c1ccc(O)cc1)c1ccc2ccccc2n1                              
    O=C(NCC(=O)N1CCCC[C@H]1CNCc1ccccc1)c1ccc2cc(Cl)ccc2n1                      
    O=C(NCC(=O)N1CCCCCC1c1ccccc1)c1ccc2cc(F)ccc2n1                             
    O=C(NCC(=O)N1CCCC1)c1ccc2ccccc2n1                                          
    O=C(NCC(=O)N1CCCC[C@H]1COCc1ccccc1)c1ccc2ccccc2n1                          
    N#Cc1ccccc1NC(=O)CNC(=O)CNC(=O)c1ccc2cc(Cl)ccc2n1                          
    C[C@H](NC(=O)CNC(=O)c1ccc2ccccc2n1)c1cccc2ccccc12                          
    O=C(NCC(=O)N1CCCC1C1CCCC1)c1ccc2cc(Cl)ccc2n1                               
    O=C(NCC(=O)N1C[C@H](O)C[C@H]1C1CCOCC1)c1ccc2cc(F)ccc2n1                    
    O=C(NCC(=O)N1CCCC[C@H]1Cc1ccccc1)c1ccc2cc(F)ccc2n1                         
    O=C(NCC(=O)N1C[C@H](O)C[C@H]1COC1CCCCC1)c1ccc2cc(F)ccc2n1                  
    CCC[C@H](NC(=O)CNC(=O)c1ccc2ccccc2n1)c1ccccc1                              
    O=C(NCC(=O)N1CCCC[C@H]1COc1ccccc1)c1ccc2cc(F)ccc2n1                        
    O=C(NCC(=O)N1CC[C@H](c2ccccc2)C1)c1ccc2cc(Cl)ccc2n1                        
    O=C(NCC(=O)N1CCCCC1c1cccc(C(F)(F)F)c1)c1ccc2ccccc2n1                       
    O=C(NCC(=O)N1C[C@H](c2ccccc2)C[C@H]1CO)c1ccc2ccccc2n1                      
    O=C(NCC(=O)N1CCC[C@H]1CNC1CCCC1)c1ccc2cc(Cl)ccc2n1                         
    O=C(NCC(=O)N1CCCC1C1CC1)c1ccc2cc(Cl)ccc2n1                                 
    C[C@@H](NC(=O)CNC(=O)c1ccc2ccccc2n1)C(N)=O                                 
    O=C(NCC(=O)N1CCC[C@H]1CN1CCCC1)c1ccc2cc(F)ccc2n1                           
    O=C(NCC(=O)N1CCC[C@H]1c1ncccn1)c1ccc2cc(F)ccc2n1                           
    CC(C)CNC(=O)c1ccc2cc(F)ccc2n1                                              
    CC(C)NC(=O)CNC(=O)c1ccc2ccccc2n1                                           
    O=C(NCC(=O)N1C[C@H](O)C[C@H]1c1ccccc1)c1ccc2cc(F)ccc2n1                    
    O=C(NCC(=O)N1CCCC[C@H]1Cc1ccccc1)c1ccc2cc(Cl)ccc2n1                        
    O=C(NCC(=O)N1CCC[C@@H]1COc1ccc(Cl)cc1)c1ccc2cc(F)ccc2n1                    
    O=C(NCC(=O)N1CCCCC1)c1ccc2cc(F)ccc2n1                                      
    O=C(NCC(=O)N1CCCC[C@H]1c1ccc(Br)cc1)c1ccc2cc(F)ccc2n1                      
    COc1ccccc1CNC(=O)CNC(=O)c1ccc2cc(Cl)ccc2n1                                 
    CSCC[C@H](NC(=O)CNC(=O)c1ccc2cc(F)ccc2n1)c1ccccc1                          
    O=C(NCC(=O)N1CCC[C@H]1COc1ccccc1)c1ccc2cc(Cl)ccc2n1                        
    O=C(NCC(=O)N1CCC[C@@H]1c1c[nH]c2ccccc12)c1ccc2cc(F)ccc2n1                  
    O=C(NCC(=O)N1C[C@H](O)C[C@H]1c1ncc[nH]1)c1ccc2cc(Cl)ccc2n1                 
    O=C(NCC(=O)N1C[C@H](O)C[C@H]1Cn1cccn1)c1ccc2ccccc2n1                       
    O=C(NCC(=O)N1CCC[C@H]1c1c[nH]c(-c2ccccc2)n1)c1ccc2ccccc2n1                 
    O=C(NCC(=O)N1CCCC[C@H]1CNC1CC1)c1ccc2ccccc2n1                              
    O=C(NCC(=O)N1C[C@H](O)C[C@H]1C1CCOCC1)c1ccc2cc(Cl)ccc2n1                   
    O=C(NCC(=O)N1CCC[C@H]1c1ncccn1)c1ccc2cc(Cl)ccc2n1                          
    O=C(NCC(=O)N1CCCC1c1ccccn1)c1ccc2cc(Br)ccc2n1                              
    O=C(NCC(=O)N1CCCCCC1c1ccccc1)c1ccc2cc(Cl)ccc2n1                            
    N#Cc1ccccc1[C@H](CNC(=O)CNC(=O)c1ccc2cc(F)ccc2n1)C1CCCC1                   
    O=C(NCC(=O)N1C[C@H](O)[C@H](O)[C@H]1Cc1ccccc1)c1ccc2ccccc2n1               
    O=C(NCC(=O)N1CCCC1c1ccccn1)c1ccc2cc(Cl)ccc2n1                              
    O=C(NCC(=O)N1CCC[C@H]1COCc1ccccc1)c1ccc2ccccc2n1                           
    O=C(NCC(=O)N1CCC[C@@H]1Cc1ccccc1)c1ccc2ccccc2n1                            
    O=C(NCC(=O)N1C[C@H](O)C[C@H]1C1CCOCC1)c1ccc2ccc(F)cc2n1                    
    O=C(NCC(=O)N1CCC[C@H]1c1cnc[nH]1)c1ccc2cc(Cl)ccc2n1                        
    O=C(NCC(=O)N1CCC[C@@H]1c1cc(-c2ccccn2)cs1)c1ccc2cc(F)ccc2n1                
    O=C(NCC(=O)N1CCCCC1c1ccncc1)c1ccc2cc(Cl)ccc2n1                             
    O=C(NCC(=O)N1CCCC1c1cccc(F)c1)c1ccc2ccccc2n1                               
    O=C(NCC(=O)N1C[C@H](O)C[C@H]1CN1CCCCC1)c1ccc2ccccc2n1                      
    CN(CCCN=C(O)CNC(=O)c1ccc2cc(F)ccc2n1)Cc1ccccc1                             
    O=C(NCC(=O)N1CC[C@H](c2cccnc2)C1)c1ccc2cc(F)ccc2n1                         
    O=C(NCC(=O)N1CC[C@H](c2ccccc2)C1)c1ccc2cc(F)ccc2n1                         
    O=C(NCC(=O)N1CCC[C@H]1CNCc1ccccc1)c1ccc2cc(F)ccc2n1                        
    O=C(NCC(=O)N1CCCCCC1)c1ccc2cc(Cl)ccc2n1                                    
    O=C(NCC(=O)N1CCC[C@H]1[C@@H](O)C1CCCC1)c1ccc2cc(F)ccc2n1                   
    O=C(NCC(=O)N1CCC[C@H]1c1c[nH]cn1)c1ccc2cc(F)ccc2n1                         
    O=C(NCC(=O)N1CCC[C@H]1COc1ccc(Cl)cc1)c1ccc2ccccc2n1                        
    O=C(NCC(=O)N1C[C@H](O)C[C@H]1C(=O)N1CCCC1)c1ccc2cc(Cl)ccc2n1               
    O=C(NCC(=O)N1CCCC1c1ccccn1)c1ccc2ccccc2n1                                  
    O=C(NCC(=O)N1C[C@H](O)C[C@H]1COCc1ccccc1)c1ccc2cc(F)ccc2n1                 
    O=C(NCC(=O)N1CCC(F)(F)C1)c1ccc2cc(F)ccc2n1                                 
    O=C(NCC(=O)N1CCCC1C1CCCC1)c1ccc2cc(F)ccc2n1                                
    O=C(NCC(=O)N1CCCCC1c1cccnc1)c1ccc2cc(F)ccc2n1                              
    O=C(NCC(=O)N1CCC[C@H]1c1ccc(Br)cc1)c1ccc2ccccc2n1                          
    O=C(NCC(=O)N1C[C@H](O)C[C@H]1CN1CC[C@H](F)C1)c1ccc2cc(Cl)ccc2n1            
    O=C(NCC(=O)N1CCCCC1c1cccc(Br)c1)c1ccc2ccccc2n1                             
    O=C(NCC(=O)N1CCCCC1C1CCCC1)c1ccc2ccccc2n1                                  
    O=C(NCC(=O)N1CCCC1C1CCNC1)c1ccc2cc(F)ccc2n1                                
    O=C(NCC(=O)N1CCC[C@H]1c1c[nH]c(-c2ccccc2)n1)c1ccc2cc(F)ccc2n1              
    O=C(NCC(=O)N1CCC[C@H]1c1ncc(Cl)c(Cl)c1Cl)c1ccc2cc(F)ccc2n1                 
    O=C(NCC(=O)N1CCCCC1c1ccc(Br)cc1)c1ccc2cc(Cl)ccc2n1                         
    O=C(NCC(=O)N1CCC[C@@H]1c1nc(-c2ccccc2)cs1)c1ccc2cc(F)ccc2n1                
    O=C(NCC(=O)N1CCCC[C@H]1COCc1ccccc1)c1ccc2cc(Cl)ccc2n1                      
    O=C(NCC(=O)N1C[C@H](O)[C@H](c2ccccc2)C1)c1ccc2ccccc2n1                     
    O=C(NCC(=O)N1C[C@H](O)C[C@H]1Cn1cccn1)c1ccc2cc(Cl)ccc2n1                   
    O=C(NCC(=O)N1C[C@@H]([C@H](O)c2ccccc2)[C@@H](O)C1)c1ccc2cc(Cl)ccc2n1       
    CC(C)c1ccccc1NC(=O)CNC(=O)c1ccc2ccccc2n1                                   
    O=C(NCC(=O)N1CCCC[C@H]1CN1CCCC1)c1ccc2cc(Cl)ccc2n1                         
    O=C(NCC(=O)N1CCCCC1c1cccc(O)c1)c1ccc2cc(Cl)ccc2n1                          
    N[C@@H]1CCN(C(=O)CNC(=O)c2ccc3ccccc3n2)[C@H]1C(=O)NCc1ccccc1               
    N#Cc1cccc(NC(=O)CNC(=O)c2ccc3cc(Cl)ccc3n2)c1                               
    CN(C)C(=O)CNC(=O)CNC(=O)c1ccc2ccccc2n1                                     
    O=C(NCC(=O)N1C[C@H](O)C[C@H]1c1ccccc1)c1ccc2ccc(Cl)cc2n1                   
    O=C(NCC(=O)N1CCCCC1Cc1ccncc1)c1ccc2cc(F)ccc2n1                             
    O=C(NCC(=O)N1C[C@H](O)C[C@H]1Cc1ccc(Cl)cc1)c1ccc2cc(F)ccc2n1               
    CC(C)CNC(=O)[C@@H]1CCCN1C(=O)CNC(=O)c1ccc2cc(Cl)ccc2n1                     
    O=C(NCC(=O)N1CCCC[C@H]1c1ccccc1)c1ccc2c(Cl)cccc2n1                         
    O=C(NCC(=O)N1C[C@H](O)C[C@H]1COCc1ccccc1)c1ccc2cc(Cl)ccc2n1                
    CC1CCC(NC(=O)[C@H]2CCCN2C(=O)CNC(=O)c2ccc3cc(Cl)ccc3n2)CC1                 
    O=C(NCC(=O)N1C[C@H](F)C[C@H]1c1ccccc1)c1ccc2ccccc2n1                       
    O=C(NCC(=O)N1CCC[C@H]1CNc1ncccn1)c1ccc2ccccc2n1                            
    O=C(NCC(=O)N1C[C@H](F)C[C@H]1COc1ccc(Cl)cc1)c1ccc2ccccc2n1                 
    O=C(NCC(=O)N1CCCCC1c1cccnc1)c1ccc2ccccc2n1                                 
    O=C(NCC(=O)N1CCCCC1Cc1ccccc1)c1cnc2ccccc2n1                                
    O=C(NCC(=O)N1CCCC[C@H]1CN1CCCC1)c1ccc2ccccc2n1                             
    O=C(NCC(=O)N1CCCCC1C1CCCCC1)c1cnc2ccccc2n1                                 
    O=C(NCC(=O)N1CCC[C@H]1c1ncc(Cl)cn1)c1ccc2cc(Cl)ccc2n1                      
    N#Cc1ccccc1NC(=O)CNC(=O)c1ccc2cc(Cl)ccc2n1                                 
    O=C(NCC(=O)N1CCCCC1Cc1ccc(Cl)cc1)c1ccc2ccccc2n1                            
    O=C(NCC(=O)N1CC[C@H](O)[C@H]1CN1CCCC1)c1ccc2cc(F)ccc2n1                    
    COc1ccc(NC(=O)CNC(=O)c2ccc3cc(Cl)ccc3n2)cc1                                
    O=C(NCC(=O)N1CC[C@H](O)C1)c1ccc2cc(Cl)ccc2n1                               
    O=C(NCC(=O)N1CCC[C@H]1CNc1ccc(Cl)cc1)c1ccc2cc(Cl)ccc2n1                    
    Cc1ccc(NC(=O)[C@H]2C[C@H](O)CN2C(=O)CNC(=O)c2ccc3ccccc3n2)cc1              
    O=C(NCC(=O)N1C[C@H](O)C[C@H]1c1ncc[nH]1)c1ccc2ccccc2n1                     
    O=C(NCC(=O)N1CCCC1c1ccccn1)c1ccc2cc(F)ccc2n1                               
    CCC[C@H](NC(=O)CNC(=O)c1ccc2cc(F)ccc2n1)c1ccccc1                           
    O=C(NCC(=O)N1CCCCCC1c1ccc(Cl)cc1)c1ccc2cc(F)ccc2n1                         
    O=C(NCC(=O)N1CCC[C@H]1COc1cc(Cl)ccc1Cl)c1ccc2cc(F)ccc2n1                   
    O=C(NCC(=O)N1C[C@H](O)C[C@H]1c1ncc[nH]1)c1ccc2cc(F)ccc2n1                  
    O=C(NCC(=O)N1C[C@H](O)C[C@H]1COC1CCCC1)c1ccc2ccccc2n1                      
    O=C(NCC(=O)N1CCCC1)c1ccc2cc(Cl)ccc2n1                                      
    CC(C)NC(=O)CNC(=O)c1ccc2cc(F)ccc2n1                                        
    O=C(NCC(=O)N1CCCCC1C1CCCC1)c1ccc2cc(Cl)ccc2n1                              
    O=C(NCC(=O)N1CC[C@H](O)[C@H]1COc1ccccc1)c1ccc2cc(F)ccc2n1                  
    O=C(NCC(=O)N1C[C@@H](Cc2ccccc2)[C@@H](O)C1)c1ccc2ccccc2n1                  
    COc1cccc(CNC(=O)CNC(=O)c2ccc3cc(Cl)ccc3n2)c1                               
    N#Cc1ccc(NC(=O)CNC(=O)c2ccc3ccccc3n2)cc1                                   
    CCC[C@H](NC(=O)CNC(=O)c1ccc2cc(Cl)ccc2n1)c1ccccc1                          
    Cc1ccc(NC(=O)CNC(=O)c2ccc3cc(F)ccc3n2)cc1                                  
    O=C(NCC(=O)N1CCCC1c1ccc([N+](=O)[O-])cc1)c1ccc2ccccc2n1                    
    O=C(NCC(=O)N1CC[C@H](O)[C@H]1Cc1ccc(Cl)cc1)c1ccc2ccccc2n1                  
    O=C(NCC(=O)N1CCCCCC1c1ccc(O)cc1)c1ccc2cc(Cl)ccc2n1                         
    O=C(NCC(=O)N1CCCCCC1c1ccccc1)c1ccc2ccccc2n1                                
    O=C(NCC(=O)N1CCCC[C@H]1c1cnc[nH]1)c1ccc2cc(F)ccc2n1                        
    O=C(NCC(=O)N1CCCC1C1CCOCC1)c1ccc2ccccc2n1                                  
    O=C(NCC(=O)N1C[C@H](O)C[C@H]1c1nccs1)c1ccc2ccccc2n1                        
    C[C@@H](NC(=O)CNC(=O)c1ccc2cccnc2n1)c1ccccc1                               
    O=C(NCC(=O)N1CCCC[C@H]1CNCc1ccccc1)c1ccc2cc(F)ccc2n1                       
    O=C(NCC(=O)N1CCCC[C@H]1CNC1CCCC1)c1ccc2cc(F)ccc2n1                         
    O=C(NCC(=O)N1CC[C@H](c2cnc[nH]2)C1)c1ccc2cc(F)ccc2n1                       
    CN(C)c1cccc(CNC(=O)CNC(=O)c2ccc3ccccc3n2)c1                                
    O=C(NCC(=O)N1CCC(F)(F)C[C@H]1c1ccccc1)c1ccc2cc(F)ccc2n1                    
    O=C(NCC(=O)N1CCCC[C@H]1c1ccccc1)c1ccc2cc(C(F)(F)F)ccc2n1                   
    O=C(NCC(=O)N1CCC[C@H]1c1ccc(Cl)c(Cl)c1)c1ccc2ccccc2n1                      
    COc1cccc(NC(=O)CNC(=O)c2ccc3cc(Cl)ccc3n2)c1                                
    O=C(NCC(=O)N1CC[C@H](O)[C@H]1Cc1ccccc1)c1ccc2c(Cl)cccc2n1                  
    O=C(NCC(=O)N1CCCC1c1ccc(C(F)(F)F)cc1)c1ccc2ccccc2n1                        
    O=C(NCC(=O)N1CCCCC1c1cccnc1)c1ccc2cc(Cl)ccc2n1                             
    O=C(NCC(=O)N1CC[C@H](O)[C@H]1c1ccccc1)c1ccc2cc(F)ccc2n1                    
    O=C(NCC(=O)N1C[C@H](F)C[C@H]1c1ccc(Cl)cc1)c1ccc2ccccc2n1                   
    N#C[C@@H]1CCCN1C(=O)CNC(=O)c1ccc2ccccc2n1                                  
    O=C(NCC(=O)N1CCC[C@H]1c1nc(-c2ccccc2)co1)c1ccc2cc(Cl)ccc2n1                
    O=C(NCC(=O)N1CCC(F)(F)C1)c1ccc2ccc(F)cc2n1                                 
    COc1ccccc1NC(=O)CNC(=O)c1ccc2cc(F)ccc2n1                                   
    O=C(NCC(=O)N1C[C@H](F)C[C@H]1C1CCCC1)c1ccc2ccccc2n1                        
    O=C(NCC(=O)N1CCCCC1)c1ccc2cc(C(F)(F)F)ccc2n1                               
    O=C(NCC(=O)N1CCC[C@H]1Cn1cccn1)c1ccc2cc(Cl)ccc2n1                          
    O=C(NCC(=O)N1CCCC[C@H]1c1c[nH]cn1)c1ccc2cc(Cl)ccc2n1                       
    O=C(NCC(=O)N1C[C@H](O)C[C@H]1COc1cccnc1)c1ccc2cc(Cl)ccc2n1                 
    O=C(NCC(=O)N1CCCCC1c1cccc(F)c1)c1ccc2cc(Cl)ccc2n1                          
    O=C(NCC(=O)N1CC[C@H](O)C1)c1ccc2cc(F)ccc2n1                                
    O=C(NCC(=O)N1CCCCCC1c1ccc(Cl)cc1)c1ccc2ccccc2n1                            
    CC(C)[C@H]1C[C@@H](O)CN1C(=O)CNC(=O)c1ccc2ccccc2n1                         
    O=C(NCC(=O)N1CCCC[C@H]1c1c[nH]c(-c2ccccc2)n1)c1ccc2ccccc2n1                
    O=C(NCC(=O)N1C[C@H](O)[C@H](O)[C@H]1C1CCCC1)c1ccc2cc(F)ccc2n1              
    O=C(NCC(=O)N1CCC[C@H]1c1ccccc1)c1ccc2c(Cl)cccc2n1                          
    O=C(NCC(=O)N1C[C@H](O)C[C@H]1c1ccc(Cl)cc1)c1ccc2cc(F)ccc2n1                
    O=C(NCC(=O)N1CCC[C@@H]1c1cnc[nH]1)c1ccc2cc(F)ccc2n1                        
    O=C(NCC(=O)N1CCC[C@@H]1c1cnc(N2CCCC2)nc1)c1ccc2cc(F)ccc2n1                 
    O=C(NCC(=O)N1CCC[C@H]1CNCc1ccc(Cl)cc1)c1ccc2ccccc2n1                       
    COC[C@@H]1CCCN1C(=O)CNC(=O)c1ccc2cc(Cl)ccc2n1                              
    O=C(NCC(=O)N1CCCCC1c1cccc(F)c1)c1ccc2cc(F)ccc2n1                           
    Cc1ccccc1CNC(=O)CNC(=O)c1ccc2ccccc2n1                                      
    CCC[C@@H]1C[C@@H](O)CN1C(=O)CNC(=O)c1ccc2cc(Cl)ccc2n1                      
    O=C(NCC(=O)N1C[C@H](O)[C@H](O)[C@@H]1C1CC1)c1ccc2ccccc2n1                  
    O=C(NCC(=O)N1C[C@H](c2ccccc2)C[C@H]1c1cccnc1)c1ccc2cc(F)ccc2n1             
    CC(C)NC(=O)[C@H]1CCCN1C(=O)CNC(=O)c1ccc2cc(Cl)ccc2n1                       
    COc1cccc(NC(=O)CNC(=O)c2ccc3ccccc3n2)c1                                    
    CN1CCN(c2ccc(/C=C/c3nc4ccccc4c(=O)n3CC3CCCCC3)cc2)CC1                      
    O=C(NCC(=O)N1CCCCC1c1ccc(OC(F)(F)F)cc1)c1ccc2ccccc2n1                      
    O=C(NCC(=O)N1CCCC1c1cccnc1)c1ccc2cc(Cl)ccc2n1                              
    CC(C)[C@@H]1C[C@H](F)CN1C(=O)CNC(=O)c1ccc2cc(F)ccc2n1                      
    O=C(NCC(=O)N1CCC[C@H]1Cc1cnc[nH]1)c1ccc2cc(Cl)ccc2n1                       
    CN(C)C(=O)[C@@H]1CCCN1C(=O)CNC(=O)c1ccc2ccccc2n1                           
    O=C(NCC(=O)N1CCCCCC1C1CC1)c1ccc2cc(F)ccc2n1                                
    O=C(NCC(=O)N1C[C@H](O)[C@H](O)[C@H]1C1CC1)c1ccc2cc(F)ccc2n1                
    N#Cc1ccccc1[C@H]1CCCN1C(=O)CNC(=O)c1ccc2ccccc2n1                           
    O=C(NCC(=O)N1C[C@H](O)C[C@H]1COc1ccc(Cl)cc1)c1ccc2cc(Cl)ccc2n1             
    N#Cc1ccccc1NC(=O)CNC(=O)CNC(=O)c1ccc2ccccc2n1                              
    O=C(NCC(=O)N1CCC1c1ccc(Cl)cc1)c1ccc2cc(F)ccc2n1                            
    O=C(NCC(=O)N1C[C@H](O)C[C@H]1c1cccc(Cl)c1)c1ccc2cc(F)ccc2n1                
    O=C(NCC(=O)N1CCC[C@H]1Cc1ccccc1)c1ccc2cc(F)ccc2n1                          
    O=C(NCC(=O)N1C[C@H](O)C[C@H]1CN1CCCC1)c1ccc2cc(F)ccc2n1                    
    O=C(NCC(=O)N1CCCC[C@H]1c1ncc(Cl)cn1)c1ccc2cc(Cl)ccc2n1                     
    O=C(NCC(=O)N1C[C@H](O)C[C@H]1CNC1CCCC1)c1ccc2ccccc2n1                      
    CN(CCNC(=O)c1ccc2cc(F)ccc2n1)C(=O)[C@H]1C[C@H](O)CN1C1CCCCC1               
    O=C(NCC(=O)N1CCCC[C@H]1c1cocn1)c1ccc2ccccc2n1                              
    C[C@H](NC(=O)CNC(=O)c1ccc2c(Cl)cccc2n1)c1ccccc1                            
    O=C(NCC(=O)N1CCCCC1c1cccc(F)c1)c1ccc2ccccc2n1                              
    O=C(NCC(=O)N1CCCC[C@H]1c1ncc(Cl)cn1)c1ccc2ccccc2n1                         
    O=C(NCC(=O)N1CC[C@H](c2ccc(Cl)cc2)C1)c1ccc2ccccc2n1                        
    O=C(NCC(=O)N1C[C@H](O)[C@H](O)[C@H]1c1cccnc1)c1ccc2ccccc2n1                
    O=C(NCC(=O)N1CC[C@H](O)[C@H]1Cc1ccccc1)c1ccc2cc(F)ccc2n1                   
    C[C@@H](NC(=O)CNC(=O)c1ccc2cc(Br)ccc2n1)c1ccccc1                           
    O=C(NCC(=O)N1C[C@H](O)C[C@H]1c1ncccn1)c1ccc2cc(F)ccc2n1                    
    C[C@@H](NC(=O)CNC(=O)c1cnc2ccccc2n1)c1ccccc1                               
    O=C(NCC(=O)N1C[C@H](O)C[C@H]1c1ccccc1)c1ccc2c(Cl)cccc2n1                   
    O=C(NCC(=O)N1CC[C@H](c2cccnc2)C1)c1ccc2ccccc2n1                            
    O=C(NCC(=O)N1C[C@H](O)C[C@H]1C1CC1)c1ccc2cc(F)ccc2n1                       
    O=C(NCC(=O)N1CCCC1C1CCCC1)c1ccc2ccccc2n1                                   
    O=C(NCC(=O)N1CCCC1c1cccc(O)c1)c1ccc2ccccc2n1                               
    CN(C)C(=O)CNC(=O)CNC(=O)c1ccc2cc(Cl)ccc2n1                                 
    CC(C)CNC(=O)c1ccc2ccccc2n1                                                 
    CN(CCNC(=O)c1ccc2cc(F)ccc2n1)[C@H]1CCCC[C@H]1c1ccccc1                      
    COc1ccccc1[C@H](C)NC(=O)CNC(=O)c1ccc2ccccc2n1                              
    O=C(NCC(=O)N1CCC[C@H]1CN1CCCC1)c1ccc2ccccc2n1                              
    O=C(NCC(=O)N1CCCC[C@H]1c1ncccn1)c1ccc2cc(Cl)ccc2n1                         
    O=C(NCC(=O)N1C[C@H](O)C[C@H]1COc1ccc(Cl)cc1)c1ccc2cc(F)ccc2n1              
    O=C(NCC(=O)N1CC(F)C[C@H]1c1ncc[nH]1)c1ccc2cc(Cl)ccc2n1                     
    CC(C)[C@H](NC(=O)CNC(=O)c1ccc2ccccc2n1)c1ccccc1                            
    O=C(NCC(=O)N1CCCCC1C1CCCC1)c1ccc2cc(F)ccc2n1                               
    O=C(NCC(=O)N1CCC[C@@H]1c1nc(-c2ccccc2)co1)c1ccc2ccccc2n1                   
    O=C(NCC(=O)N1CCCC[C@H]1CNC1CCCC1)c1ccc2ccccc2n1                            
    O=C(NCC(=O)N1CCCCC1c1ccc(OC(F)(F)F)cc1)c1ccc2cc(F)ccc2n1                   
    CN(CC(=O)N1CCC[C@H]1c1ccccc1)C(=O)CNC(=O)c1ccc2ccccc2n1                    
    O=C(NCC(=O)N1CCC[C@H]1c1ncc(OC2CCCC2)o1)c1ccc2cc(F)ccc2n1                  
    O=C(NCC(=O)N1CCC[C@H]1CNCc1ccc(Cl)cc1)c1ccc2cc(F)ccc2n1                    
    O=C(NCC(=O)N1CCC[C@H]1c1ccccc1)c1ccc2ccc(Cl)cc2n1                          
    O=C(NCC(=O)N1CCC[C@H]1COc1ccccc1)c1ccc2ccccc2n1                            
    O=C(NCC(=O)N1CCCCC1c1cc(F)cc(F)c1)c1ccc2cc(Cl)ccc2n1                       
    O=C(NCC(=O)N1C[C@H](O)C[C@H]1c1ncc(Cl)cn1)c1ccc2cc(Cl)ccc2n1               
    O=C(NCC(=O)N1CCCC1c1ccc(F)cc1)c1ccc2cc(F)ccc2n1                            
    O=C(NCC(=O)N1CCCCC1CCc1ccccc1)c1ccc2ccccc2n1                               
    N[C@@H]1CCN(C(=O)CNC(=O)c2ccc3cc(Cl)ccc3n2)[C@H]1C(=O)NC1CCCC1             
    O=C(NCC(=O)N1CCCCC1c1ccc([N+](=O)[O-])cc1)c1ccc2cc(Cl)ccc2n1               
    Cc1ccc(NC(=O)CNC(=O)c2ccc3ccccc3n2)c(C)c1                                  
    O=C(NCC(=O)N1C[C@H](O)C[C@H]1CNC1CCCC1)c1ccc2cc(F)ccc2n1                   
    O=C(NCC(=O)N1CCC[C@H]1CNC1CCCC1)c1ccc2ccccc2n1                             
    O=C(NCC(=O)N1CCCCC1c1ccc(Cl)cc1)c1ccc2c(Cl)cccc2n1                         
    O=C(NCC(=O)N1CCCCC1c1ccccc1)c1ccc2cc(OC(F)(F)F)ccc2n1                      
    O=C(NCC(=O)N1CCCCC1CNc1ccccn1)c1ccc2cc(F)ccc2n1                            
    O=C(NCC(=O)N1CCCCC1c1ccccc1)c1ccc2ccc(F)cc2n1                              
    C[C@H](NC(=O)CNC(=O)c1ccc2ccccc2n1)[C@H](O)c1ccccc1                        
    O=C(NCC(=O)N1CCCC[C@H]1c1ncccn1)c1ccc2cc(F)ccc2n1                          
    C[C@@H]1C[C@@H](c2ccccc2)N(C(=O)CNC(=O)c2ccc3[nH]ccc3n2)[C@H]1C(=O)NCc1ccccc1
    C[C@@H]1C[C@@H](C(=O)NCc2cccc(C(F)(F)F)c2)N(C(=O)CNC(=O)c2ccc3ccccc3n2)C1  
    CN(CCNC(=O)CNC(=O)c1ccc2ccccc2n1)c1ccccc1                                  
    O=C(NCC(=O)N1CCCCC1c1cc(F)cc(F)c1)c1ccc2ccccc2n1                           
    CN(CC(=O)N1CCC[C@H]1c1ncc(Cl)cn1)C(=O)CNC(=O)c1ccc2ccccc2n1                
    O=C(NCC(=O)N1C[C@H](F)C[C@H]1c1ncc[nH]1)c1ccc2ccccc2n1                     
    O=C(NCC(=O)N1CCC[C@H]1CNCc1ccccc1)c1ccc2ccccc2n1                           
    Cc1ccc(NC(=O)CNC(=O)c2ccc3ccccc3n2)cc1                                     
    COc1ccccc1CNC(=O)CNC(=O)c1ccc2cc(F)ccc2n1                                  
    O=C(NCC(=O)N1C[C@H](O)C[C@H]1c1cccc(Cl)c1)c1ccc2ccccc2n1                   
    O=C(NCC(=O)N1CCC[C@H]1CNC1CCCCC1)c1ccc2cc(Cl)ccc2n1                        
    COc1ccccc1CNC(=O)CNC(=O)c1ccc2ccccc2n1                                     
    N#Cc1cccc(NC(=O)CNC(=O)c2ccc3ccccc3n2)c1                                   
    O=C(NCC(=O)N1CCC[C@H]1CN1CCCC1)c1ccc2cc(Cl)ccc2n1                          
    O=C(NCC(=O)N1CCCCC1C1CC1)c1ccc2cc(Cl)ccc2n1                                
    O=C(NCC(=O)N1CCCC[C@H]1c1nc(-c2ccccc2)co1)c1ccc2cc(F)ccc2n1                
    O=C(NCC(=O)N1CCCC[C@H]1COc1ccccc1)c1ccc2cc(Cl)ccc2n1                       
    O=C(NCC(=O)N1C[C@H](O)C[C@H]1Cc1cnccn1)c1ccc2cc(F)ccc2n1                   
    O=C(NCC(=O)N1CCCC[C@H]1c1c[nH]c(-c2ccccc2)n1)c1ccc2cc(F)ccc2n1             
    CC(NC(=O)CNC(=O)c1ccc2ccccc2n1)c1ccc(-c2ccccc2)cc1                         
    O=C(NCC(=O)N1CCCCC[C@H]1c1ncc[nH]1)c1ccc2cc(Cl)ccc2n1                      
    O=C(NCC(=O)N1CCC[C@H]1c1nc(-c2ccccc2)co1)c1ccc2cc(F)ccc2n1                 
    O=C(NCC(=O)N1CCCC1c1ccc(OC(F)(F)F)cc1)c1ccc2cc(Cl)ccc2n1                   
    O=C(NCC(=O)N1C[C@H](O)C[C@H]1Cc1ccc(Cl)cc1)c1ccc2cc(Cl)ccc2n1              
    CN(CCCc1ccccn1)C(=O)CNC(=O)c1ccc2cc(Cl)ccc2n1                              
    O=C(NCC(=O)N1CC[C@H](c2ccc(F)cc2)C1)c1ccc2cc(F)ccc2n1                      
    O=C(NCC(=O)N1CCC[C@H]1c1nc[nH]n1)c1ccc2ccccc2n1                            
    O=C(NCC(=O)N1C[C@H](O)C[C@H]1COc1ccccc1)c1ccc2c(Cl)cccc2n1                 
    CCC[C@@H]1C[C@@H](O)CN1C(=O)CNC(=O)c1ccc2ccccc2n1                          
    O=C(NCC(=O)N1CCC[C@H]1c1c[nH]c(-c2ccccc2)n1)c1ccc2cc(Cl)ccc2n1             
    O=C(NCC(=O)N1C[C@H](O)C[C@H]1COc1ccc(C(F)(F)F)cc1)c1ccc2ccccc2n1           
    O=C(NCC(=O)N1CC[C@H](O)[C@H]1Cc1ccc(Cl)cc1)c1ccc2cc(Cl)ccc2n1              
    O=C(NCC(=O)N1C[C@H](O)C[C@H]1C1CCCCC1)c1ccc2ccccc2n1                       
    O=C(NCC(=O)N1CCCCC1c1ccc(C(F)(F)F)cc1)c1ccc2cc(Cl)ccc2n1                   
    O=C(NCC(=O)N1CCCCC1c1ccc(C(F)(F)F)cc1)c1ccc2cc(F)ccc2n1                    
    CN(CC(=O)N1CCC[C@H]1c1ncccn1)C(=O)CNC(=O)c1ccc2ccccc2n1                    
    Cc1ccccc1CNC(=O)CNC(=O)c1ccc2cc(Cl)ccc2n1                                  
    O=C(NCC(=O)N1CCCCC1c1cccc([N+](=O)[O-])c1)c1ccc2ccccc2n1                   
    O=C(NCC(=O)N1CCCC1c1cccnc1)c1ccc2cc(F)ccc2n1                               
    CN(CCNC(=O)c1ccc2cc(Cl)ccc2n1)C(=O)CN1CCCCC1                               
    O=C(NCC(=O)N1CCCC(F)C1)c1ccc2cc(Cl)ccc2n1                                  
    O=C(NCC(=O)N1CCCCC1c1ccccc1)c1cnc2ccccc2n1                                 
    CC(C)(C)CNC(=O)CNC(=O)c1ccc2cc(Cl)ccc2n1                                   
    CC(C)C[C@H](NC(=O)CNC(=O)c1ccc2ccccc2n1)C(=O)NCc1ccccc1                    
    O=C(NCC(=O)N1CCCC1c1cccc(Cl)c1)c1ccc2cc(F)ccc2n1                           
    O=C(NCC(=O)N1CCC[C@@H]1c1ncc[nH]1)c1ccc2ccccc2n1                           
    COc1ccccc1NC(=O)[C@@H]1CCCN1C(=O)CNC(=O)c1ccc2cc(Cl)ccc2n1                 
    O=C(NCC(=O)N1CCC[C@H]1CO)c1ccc2c(F)cccc2n1                                 
    O=C(NCC(=O)N1CCCC1c1cccc(C(F)(F)F)c1)c1ccc2ccccc2n1                        
    O=C(NCC(=O)N1C[C@H](O)C[C@H]1CN1CCCCC1)c1ccc2cc(F)ccc2n1                   
    O=C(NCC(=O)N1CCCC1c1ccncc1)c1ccc2cc(Cl)ccc2n1                              
    Nc1ccc(CNC(=O)CNC(=O)c2ccc3ccccc3n2)cc1                                    
    O=C(NCC(=O)N1CCCC[C@H]1c1nc(-c2ccccc2)cs1)c1ccc2cc(Cl)ccc2n1               
    O=C(NCC(=O)N1CCCC[C@H]1c1nc(-c2ccccc2)co1)c1ccc2cc(Cl)ccc2n1               
    O=C(NCC(=O)N1CC[C@H](O)[C@H]1Cc1ccc(Cl)cc1)c1ccc2cc(F)ccc2n1               
    O=C(NCC(=O)N1CCCCC1c1cccc(O)c1)c1ccc2cc(F)ccc2n1                           
    O=C(NCC(=O)N1C[C@H](O)[C@H](c2ccc(Cl)cc2)C1)c1ccc2ccccc2n1                 
    O=C(NCC(=O)N1CCC[C@H]1Cn1cccn1)c1ccc2cc(F)ccc2n1                           
    O=C(NCC(=O)N1CCC[C@H]1Cc1ccc(Cl)cc1)c1ccc2cc(F)ccc2n1                      
    O=C(NCC(=O)N1CCC[C@H]1c1nc(-c2ccccc2)cs1)c1ccc2cc(Cl)ccc2n1                
    O=C(NCC(=O)N1C[C@H](O)[C@H](c2ccccc2)C1)c1ccc2cc(F)ccc2n1                  
    O=C(NCC(=O)N1CCC[C@H]1Cn1cccn1)c1ccc2ccccc2n1                              
    COc1ccccc1NC(=O)CNC(=O)CNC(=O)c1ccc2cc(Cl)ccc2n1                           
    Cc1ccccc1[C@H](C)NC(=O)CNC(=O)c1ccc2cc(F)ccc2n1                            
    O=C(NCC(=O)N1CC[C@H](c2cccnc2)C1)c1ccc2cc(Cl)ccc2n1                        
    O=C(NCC(=O)N1CCCC1c1ccc(OC(F)(F)F)cc1)c1ccc2ccccc2n1                       
    CN(CCNC(=O)c1ccc2cc(Cl)ccc2n1)C(=O)CNC(=O)c1cccc2ccccc12                   
    O=C(NCC(=O)N1CC[C@H](c2ncc[nH]2)C1)c1ccc2ccccc2n1                          
    O=C(NCC(=O)N1CC[C@H](c2ccc(Cl)cc2)C1)c1ccc2cc(F)ccc2n1                     
    O=C(NCC(=O)N1CCCCCC1c1ccc(F)cc1)c1ccc2cc(Cl)ccc2n1                         
    C[C@H](NC(=O)CNC(=O)c1ccc2ccccc2n1)c1cccc(Cl)c1                            
    O=C(NCC(=O)N1C[C@H](O)C[C@H]1/C=C/c1ccccc1)c1ccc2ccccc2n1                  
    O=C(NCC(=O)N1CCCC[C@H]1c1nc(-c2ccccc2)co1)c1ccc2ccccc2n1                   
    O=C(NCC(=O)N1CCCCC1c1ccc(Cl)cc1)c1ccc2cc(C(F)(F)F)ccc2n1                   
    O=C(NCC(=O)N1CCCC[C@H]1CNc1ccc(Cl)cc1)c1ccc2cc(Cl)ccc2n1                   
    O=C(NCC(=O)N1CCCC1c1ccncc1)c1ccc2cc(F)ccc2n1                               
    O=C(NCC(=O)N1C[C@H](O)C[C@H]1c1ccc(Cl)c(Cl)c1)c1ccc2ccccc2n1               
    CC(C)CCNC(=O)CNC(=O)c1ccc2cc(Cl)ccc2n1                                     
    O=C(NCC(=O)N1CCCC1)c1ccc2cc(F)ccc2n1                                       
    CC(C)[C@H](NC(=O)CNC(=O)c1ccc2cc(Cl)ccc2n1)c1ccccc1                        
    CC(C)C[C@H](NC(=O)CNC(=O)c1ccc2ccccc2n1)C(=O)NC1CCCC1                      
    O=C(NCC(=O)N1CCCC[C@H]1c1nc(-c2ccccc2)cs1)c1ccc2cc(F)ccc2n1                
    O=C(NCC(=O)N1CCC[C@H]1CNc1ccc(Cl)cc1)c1ccc2ccccc2n1                        
    O=C(NCC(=O)N1CCCCC1Cc1ccccn1)c1ccc2ccccc2n1                                
    CC(C)NC(=O)CNC(=O)CNC(=O)c1ccc2cc(Cl)ccc2n1                                
    O=C(NCC(=O)N1CCCCCC1C1CCOCC1)c1ccc2cc(Cl)ccc2n1                            
    N[C@@H]1CCN(C(=O)CNC(=O)c2ccc3cc(Cl)ccc3n2)[C@H]1CO                        
    O=C(NCC(=O)N1CC[C@H](c2ccncc2)C1)c1ccc2cc(F)ccc2n1                         
    COC[C@H](NC(=O)CNC(=O)c1ccc2ccccc2n1)c1ccccc1                              
    O=C(NCC(=O)N1CCCC[C@H]1CNCc1ccccc1)c1ccc2ccccc2n1                          
    O=C(NCC(=O)N1CCCC1c1ccc(O)cc1)c1ccc2ccccc2n1                               
    COCCNC(=O)CNC(=O)c1ccc2cc(Cl)ccc2n1                                        
    O=C(NCC(=O)N1CCC[C@H]1c1ncccn1)c1ccc2ccccc2n1                              
    O=C(NCC(=O)N1CC[C@H](O)[C@H]1CO)c1ccc2cc(F)ccc2n1                          
    O=C(NCC(=O)N1CC[C@H](O)[C@H]1c1ccccc1)c1ccc2cc(Cl)ccc2n1                   
    O=C(NCC(=O)N1CCCC[C@H]1Cn1cccn1)c1ccc2cc(F)ccc2n1                          
    O=C(NCC(=O)N1CCCC[C@H]1CNc1ccc(Cl)cc1)c1ccc2cc(F)ccc2n1                    
    O=C(NCC(=O)N1C[C@H](O)[C@H](c2ccccc2)C1)c1ccc2cc(Cl)ccc2n1                 
    O=C(NCC(=O)N1C[C@H](O)C[C@H]1COCc1ccc(Cl)cc1)c1ccc2ccccc2n1                
    O=C(NCC(=O)N1C[C@H](F)C[C@H]1COc1ccccc1)c1ccc2ccccc2n1                     
    O=C(NCC(=O)N1CCCC1c1cccc(F)c1)c1ccc2cc(Cl)ccc2n1                           
    O=C(NCC(=O)N1C[C@@H](F)C[C@H]1c1ccccc1)c1ccc2cc(F)ccc2n1                   
    O=C(NCC(=O)N1CC[C@H](O)[C@H]1COc1ccccc1)c1ccc2ccccc2n1                     
    O=C(NCC(=O)N1CCCCC1CCO)c1ccc2ccccc2n1                                      
    N[C@@H]1CCN(C(=O)CNC(=O)c2ccc3cc(Cl)ccc3n2)[C@H]1c1ccccc1                  
    Cc1ccccc1NC(=O)CNC(=O)c1ccc2cc(Cl)ccc2n1                                   
    O=C(NCC(=O)N1CCCC[C@H]1c1c[nH]c2ccccc12)c1ccc2cc(F)ccc2n1                  
    O=C(NCC(=O)N1CCCCC1c1ccc(Cl)cc1)c1ccc2ccc(F)cc2n1                          
    O=C(NCC(=O)N1C[C@@H](F)C[C@H]1c1ccc(Cl)cc1)c1ccc2cc(F)ccc2n1               
    O=C(NCC(=O)N1CCCC[C@H]1CNC1CCCCC1)c1ccc2cc(F)ccc2n1                        
    O=C(NCC(=O)N1CCCC1c1cccc(Br)c1)c1ccc2ccccc2n1                              
    O=C(NCC(=O)N1CCC[C@H]1c1cnc(Cl)c(Cl)c1)c1ccc2cc(Cl)ccc2n1                  
    O=C(NCC(=O)N1CCCC1c1ccccc1Cl)c1ccc2ccccc2n1                                
    O=C(NCC(=O)N1C[C@H](O)C[C@H]1C1CCOCC1)c1ccc2ccccc2n1                       
    C[C@H](c1ccccc1)N(C)C(=O)CNC(=O)c1ccc2cc(Cl)ccc2n1                         
    O=C(NCC(=O)N1CCC[C@H]1CNC1CCCCC1)c1ccc2cc(F)ccc2n1                         
    O=C(NCC(=O)N1CC[C@H](c2ncc[nH]2)C1)c1ccc2cc(F)ccc2n1                       
    O=C(NCC(=O)N1CCCC[C@H]1c1ncccn1)c1ccc2ccccc2n1                             
    CC(C)NC(=O)[C@H]1CCCN1C(=O)CNC(=O)c1ccc2ccccc2n1                           
    O=C(NCC(=O)N1CCCCC1)c1ccc2cc(OC(F)(F)F)ccc2n1                              
    O=C(NCC(=O)N1CCC[C@H]1CNC1CCCCC1)c1ccc2ccccc2n1                            
    COc1ccc2ccc(C(=O)NCC(=O)N3CCC[C@H]3c3ccccc3)nc2c1                          
    O=C(NCC(=O)N1C[C@@H](F)C[C@H]1c1ccc(Cl)cc1)c1ccc2cc(Cl)ccc2n1              
    O=C(NCC(=O)N1CCCC[C@H]1CNC1CCCCC1)c1ccc2cc(Cl)ccc2n1                       
    CC(C)[C@H]1C[C@@H](O)CN1C(=O)CNC(=O)c1ccc2cc(Cl)ccc2n1                     
    O=C(NCC(=O)N1CCC[C@H]1Cc1ccc(Cl)cc1)c1ccc2cc(Cl)ccc2n1                     
    O=C(NCC(=O)N1C[C@H](O)C[C@H]1c1ccccc1)c1ccc2cc(C(F)(F)F)ccc2n1             
    O=C(NCC(=O)N1CC[C@H](c2ccccn2)C1)c1ccc2cc(F)ccc2n1                         
    COc1ccccc1[C@H](C)NC(=O)CNC(=O)c1ccc2cc(F)ccc2n1                           
    O=C(NCC(=O)N1CCC[C@H]1c1ccc(Cl)cc1)c1ccc2ccc(Cl)cc2n1                      
    COCCNC(=O)c1ccc2cc(F)ccc2n1                                                
    O=C(NCC(=O)N1CCCC(F)(F)C1)c1ccc2ccccc2n1                                   
    O=C(NCC(=O)N1CCCCC1c1ccccc1F)c1ccc2ccccc2n1                                
    O=C(NCC(=O)N1CCCC1c1ccc(Br)cc1)c1ccc2cc(Cl)ccc2n1                          
    O=C(NCC(=O)N1CCC[C@@H]1c1ncc(C2CCCC2)o1)c1ccc2cc(F)ccc2n1                  
    O=C(NCC(=O)N1CCCC1Cc1ccccn1)c1ccc2ccccc2n1                                 
    O=C(NCC(=O)N1CCCCC1/C=C/c1ccccc1)c1ccc2ccccc2n1                            
    O=C(NCC(=O)N1C[C@H](O)[C@H](O)[C@H]1C1CCCC1)c1ccc2cc(Cl)ccc2n1             
    O=C(NCC(=O)N1C[C@H](O)[C@H](O)[C@H]1C1CCCCC1)c1ccc2cc(F)ccc2n1             
    O=C(NCC(=O)N1CCC[C@H]1CNC1CC1)c1ccc2ccccc2n1                               
    O=C(NCC(=O)N1CCCC[C@H]1COc1ccccc1)c1ccc2ccccc2n1                           
    O=C(NCC(=O)N1CC[C@H](CO)C1)c1ccc2cc(F)ccc2n1                               
    O=C(NCC(=O)N1CCCCC1c1ccccc1)c1ccc2cc(Br)ccc2n1                             
    O=C(NCC(=O)N1C[C@H](O)C[C@H]1C(=O)N1CCCC1)c1ccc2ccccc2n1                   
    O=C(NCC(=O)N1C[C@H](F)C[C@H]1CO)c1ccc2ccccc2n1                             
    O=C(NCC(=O)N1CCC[C@H]1CNCC1CC1)c1ccc2cc(Cl)ccc2n1                          
    C[C@H](NC(=O)CCNC(=O)c1ccc2ccccc2n1)c1ccccc1                               
    C[C@@H](NC(=O)CNC(=O)c1ccc2cccc(Cl)c2n1)c1ccccc1                           
    O=C(NCC(=O)N1CCCC1c1ccc(O)cc1)c1ccc2cc(Cl)ccc2n1                           
    C[C@H](NC(=O)CNC(=O)c1ccc2ccccc2n1)[C@H]1CCCN1                             
    C[C@H](NC(=O)CNC(=O)c1ccc2cc(Cl)ccc2n1)[C@H](O)c1ccccc1                    
    O=C(NCC(=O)N1CCCC1c1cccc(F)c1)c1ccc2cc(F)ccc2n1                            
    O=C(NCC(=O)N1C[C@@H](F)C[C@H]1COc1ccccc1)c1ccc2cc(Cl)ccc2n1                
    O=C(NCC(=O)N1CCC[C@@H]1c1ncc(C2CCCC2)o1)c1ccc2cc(Cl)ccc2n1                 
    N[C@@H]1CCN(C(=O)CNC(=O)c2ccc3ccccc3n2)[C@H]1C(=O)NC1CCCC1                 
    O=C(NCC(=O)N1CCC[C@H]1CN1CCCCC1)c1ccc2cc(Cl)ccc2n1                         
    O=C(NCC(=O)N1CCC[C@H]1c1nc(-c2ccccc2)c[nH]1)c1ccc2ccccc2n1                 
    O=C(NCC(=O)N1CC[C@H](OCc2ccccc2)C1)c1ccc2cc(F)ccc2n1                       
    O=C(NCC(=O)N1CCC[C@H]1Cc1c[nH]cn1)c1ccc2ccccc2n1                           
    C[C@@H](NC(=O)CNC(=O)c1ccc2ccc(F)cc2n1)c1ccccc1                            
    Cc1cccc(NC(=O)CNC(=O)c2ccc3cc(Cl)ccc3n2)c1                                 
    O=C(NCC(=O)N1CC[C@H](O)[C@H]1C1CC1)c1ccc2cc(Cl)ccc2n1                      
    O=C(NCC(=O)N1CCCC1c1ccc(C(F)(F)F)cc1)c1ccc2cc(Cl)ccc2n1                    
    O=C(NCC(=O)N1CCCC[C@H]1Cc1ccc(Cl)cc1)c1ccc2cc(F)ccc2n1                     
    CN(C)c1ccccc1[C@H]1CCCN1C(=O)CNC(=O)c1ccc2cc(Cl)ccc2n1                     
    O=C(NCC(=O)N1C[C@H](F)C[C@H]1CN1CCCC1)c1ccc2ccccc2n1                       
    O=C(NCC(=O)N1CCCC[C@H]1c1ccc(-c2ccccc2)cc1)c1ccc2cc(F)ccc2n1               
    O=C(NCC(=O)N1CCCC[C@H]1c1cnc[nH]1)c1ccc2cc(Cl)ccc2n1                       
    O=C(NCC(=O)N1CCCC[C@H]1c1ccc(Cl)c(Cl)c1)c1ccc2ccccc2n1                     
    O=C(NCC(=O)N1CCC[C@H]1c1ccc(Cl)cc1)c1ccc2c(Cl)cccc2n1                      
    O=C(NCC(=O)N1CCCC[C@H]1CNC1CCCCC1)c1ccc2ccccc2n1                           
    O=C(NCC(=O)N1CCCC[C@H]1CN1CCCCC1)c1ccc2cc(F)ccc2n1                         
    O=C(NCC(=O)N1C[C@H](O)C[C@H]1C1CCC1)c1ccc2cc(F)ccc2n1                      
    O=C(NCC(=O)N1CCCCC1C1CCCCC1)c1ccc2ccc(Cl)cc2n1                             
    O=C(NCC(=O)N1CC[C@H](F)C1)c1ccc2cc(Cl)ccc2n1                               
    CC(C)CNC(=O)c1ccc2cc(Cl)ccc2n1                                             
    O=C(NCC(=O)N1CCC[C@H]1c1ccccc1)c1ccc2cc(Br)ccc2n1                          
    COC[C@H](NC(=O)CNC(=O)c1ccc2cc(Cl)ccc2n1)c1ccccc1                          
    O=C(NCC(=O)N1CC[C@H](c2cnc[nH]2)C1)c1ccc2ccccc2n1                          
    O=C(NCC(=O)N1CCCCC1C1CC1)c1ccc2cc(F)ccc2n1                                 
    O=C(NCC(=O)N1C[C@H](O)C[C@H]1c1cc(F)cc(F)c1)c1ccc2ccccc2n1                 
    O=C(NCC(=O)N1CC[C@H](O)[C@H]1c1ccccc1)c1ccc2ccccc2n1                       
    O=C(NCC(=O)N1CCCC[C@H]1CNc1ccccc1)c1ccc2cc(Cl)ccc2n1                       
    COC[C@H]1CCCN1C(=O)CNC(=O)c1ccc2ccccc2n1                                   
    O=C(NCC(=O)N1CC[C@H](O)[C@H]1COCc1ccccc1)c1ccc2cc(F)ccc2n1                 
    CN(CCNC(=O)c1ccc2cc(Cl)ccc2n1)C(=O)CNC(=O)c1ccc2ccccc2n1                   
    Cc1cccc(NC(=O)CNC(=O)c2ccc3ccccc3n2)c1                                     
    Cc1ccc([C@H](C)NC(=O)CNC(=O)c2ccc3ccccc3n2)cc1                             
    O=C(NCC(=O)N1C[C@H](O)C[C@H]1COc1cccc(Cl)c1)c1ccc2ccccc2n1                 
    O=C(NCC(=O)N1CC[C@H](c2cnc[nH]2)C1)c1ccc2cc(Cl)ccc2n1                      
    O=C(NCC(=O)N1CCCC1CCc1ccccc1)c1ccc2ccccc2n1                                
    COc1cccc(CNC(=O)CNC(=O)c2ccc3cc(F)ccc3n2)c1                                
    Cc1ccc([C@H](C)NC(=O)CNC(=O)c2ccc3cc(Cl)ccc3n2)cc1                         
    O=C(NCC(=O)N1CC[C@H](O)[C@H]1CN1CCCC1)c1ccc2cc(Cl)ccc2n1                   
    O=C(NCC(=O)N1CCC[C@H]1CNc1ncc(Cl)cn1)c1ccc2ccccc2n1                        
    O=C(NCC(=O)N1CC[C@H](F)[C@H]1COc1ccccc1)c1ccc2cc(F)ccc2n1                  
    CCCC[C@H](NC(=O)CNC(=O)c1ccc2ccccc2n1)c1ccccc1                             
    O=C(NCC(=O)N1C[C@H](O)C[C@H]1c1c[nH]cn1)c1ccc2ccccc2n1                     
    O=C(NCC(=O)N1CCCC1c1ccc(OC(F)(F)F)cc1)c1ccc2cc(F)ccc2n1                    
    O=C(NCC(=O)N1C[C@H](O)C[C@H]1c1nccs1)c1ccc2cc(F)ccc2n1                     
    O=C(NCC(=O)N1CCC[C@H]1c1cnc[nH]1)c1ccc2ccccc2n1                            
    CN(C)C(=O)[C@@H]1CCCN1C(=O)CNC(=O)c1ccc2cc(F)ccc2n1                        
    O=C(NCC(=O)N1CCCC[C@H]1c1nnc[nH]1)c1ccc2cc(Cl)ccc2n1                       
    CC1CCC(NC(=O)CNC(=O)c2ccc3cc(Cl)ccc3n2)CC1                                 
    O=C(NCC(=O)N1CCCC1Cc1cccc(Cl)c1)c1ccc2ccccc2n1                             
    O=C(NCC(=O)N1CCC[C@@H]1c1ncc(C(F)(F)F)o1)c1ccc2ccccc2n1                    
    O=C(NCC(=O)N1C[C@H](O)C[C@H]1c1ncc(Cl)cn1)c1ccc2ccccc2n1                   
    O=C(NCC(=O)N1CCC[C@H]1c1nc(-c2ccccc2)cs1)c1ccc2ccccc2n1                    
    O=C(NCC(=O)N1C[C@H](O)C[C@H]1C1CCC1)c1ccc2cc(Cl)ccc2n1                     
    O=C(NCC(=O)N1C[C@H](O)C[C@H]1COc1ccccn1)c1ccc2ccccc2n1                     
    O=C(NCC(=O)N1C[C@H](O)[C@H](O)[C@H]1COc1ccccc1)c1ccc2ccccc2n1              
    O=C(NCC(=O)N1CCC[C@H]1CN1CCCCC1)c1ccc2cc(F)ccc2n1                          
    CC(C)C[C@H](NC(=O)CNC(=O)c1ccc2ccccc2n1)C(=O)N1CCCC1                       
    O=C(NCC(=O)N1CCC[C@H]1c1ncc(F)cn1)c1ccc2cc(Cl)ccc2n1                       
    CC[C@H](NC(=O)CNC(=O)c1ccc2ccccc2n1)c1ccccc1                               
    CN(CCNC(=O)CNC(=O)c1ccc2cc(Cl)ccc2n1)C1CCCCC1                              
    COC[C@H]1CCCN1C(=O)CNC(=O)c1ccc2cc(F)ccc2n1                                
    CCCC[C@H](NC(=O)CNC(=O)c1ccc2cc(Cl)ccc2n1)c1ccccc1                         
    CNC(=O)CNC(=O)CNC(=O)c1ccc2cc(Cl)ccc2n1                                    
    N#C[C@H]1CCC[C@H]1NC(=O)CNC(=O)c1ccc2cc(Cl)ccc2n1                          
    O=C(NCC(=O)N1CCC[C@H]1Cn1ccnc1)c1ccc2cc(Cl)ccc2n1                          
    O=C(NCC(=O)N1CCCC[C@H]1COc1ccc(Cl)cc1)c1ccc2ccccc2n1                       
    O=C(NCC(=O)N1CCCC1c1cccc(O)c1)c1ccc2cc(Cl)ccc2n1                           
    O=C(NCC(=O)N1C[C@H](c2ccccc2)C[C@H]1CO)c1ccc2cc(F)ccc2n1                   
    O=C(NCC(=O)N1C[C@H](O)C[C@H]1COc1ccc(C(F)(F)F)cc1)c1ccc2cc(F)ccc2n1        
    O=C(NCC(=O)N1C[C@H](O)C[C@H]1c1ccccc1)c1ccc2ccc(F)cc2n1                    
    O=C(NCC(=O)N1CCCCCC1)c1ccc2cc(F)ccc2n1                                     
    COc1cccc(NC(=O)CNC(=O)c2ccc3cc(F)ccc3n2)c1                                 
    O=C(NCC(=O)N1CCCCCC1Cc1ccccc1)c1ccc2cc(Cl)ccc2n1                           
    O=C(NCC(=O)N1C[C@H](O)[C@H](O)[C@H]1C1CC1)c1ccc2cc(Cl)ccc2n1               
    O=C(NCC(=O)N1C[C@H](O)C[C@H]1C1CC1)c1ccc2ccccc2n1                          
    CC(C)NC(=O)[C@H]1CCCN1C(=O)CNC(=O)c1ccc2cc(F)ccc2n1                        
    COC[C@H](NC(=O)CNC(=O)c1ccc2cc(F)ccc2n1)c1ccccc1                           
    O=C(NCC(=O)N1CCCCC1C1CCC1)c1ccc2cc(Cl)ccc2n1                               
    O=C(NCC(=O)N1CCC[C@H]1c1ccc(Cl)cc1)c1ccc2ccc(F)cc2n1                       
    CN(CCNC(=O)c1ccc2cc(Cl)ccc2n1)C(=O)CNC(=O)c1ccccc1                         
    O=C(NCC(=O)N1CCCC[C@H]1c1nnc[nH]1)c1ccc2cc(F)ccc2n1                        
    CC(C)NC(=O)CNC(=O)CNC(=O)c1ccc2ccccc2n1                                    
    O=C(NCC(=O)N1CCCCCC1C1CCCCC1)c1ccc2cc(Cl)ccc2n1                            
    O=C(NCC(=O)N1C[C@H](O)C[C@H]1CNCc1ccccc1)c1ccc2ccccc2n1                    
    N#Cc1ccccc1[C@H](NC(=O)CNC(=O)c1ccc2ccccc2n1)C1CC1                         
    O=C(NCC(=O)N1C[C@H](O)C[C@H]1c1cccc(Cl)c1)c1ccc2cc(Cl)ccc2n1               
    O=C(NCC(=O)N1CCCC[C@H]1c1ncc[nH]1)c1ccc2c(Cl)cccc2n1                       
    O=C(NCC(=O)N1CCCC[C@H]1c1ncc[nH]1)c1ccc2ccc(Cl)cc2n1                       
    O=C(NCC(=O)N1CCCCCC1)c1ccc2ccccc2n1                                        
    O=C(NCC(=O)N1C[C@H](O)C[C@H]1COC1CCCC1)c1ccc2cc(F)ccc2n1                   
    O=C(NCC(=O)N1CCCCCC1c1ccccn1)c1ccc2cc(Cl)ccc2n1                            
    O=C(NCC(=O)N1CCCC[C@H]1COc1ccc(Cl)cc1)c1ccc2cc(F)ccc2n1                    
    O=C(NCC(=O)N1CCCCC1c1ccccn1)c1ccc2cc(C(F)(F)F)ccc2n1                       
    CN(CCNC(=O)CNC(=O)c1ccc2ccccc2n1)C1CCCCC1                                  
    O=C(NCC(=O)N1C[C@H](O)C[C@H]1CN1CCOCC1)c1ccc2ccccc2n1                      
    O=C(NCC(=O)N1CCC[C@H]1CNc1ccccc1)c1ccc2cc(Cl)ccc2n1                        
    COc1ccc(NC(=O)CNC(=O)c2ccc3cc(F)ccc3n2)cc1                                 
    O=C(NCC(=O)N1C[C@H](O)[C@H](O)[C@H]1CO)c1ccc2ccccc2n1                      
    O=C(NCC(=O)N1C[C@H](O)C[C@H]1CNC1CCCCC1)c1ccc2ccccc2n1                     
    CN(CCNC(=O)CNC(=O)c1ccc2cc(Cl)ccc2n1)C1CCCC1                               
    O=C(NCC(=O)N1CCC[C@H]1CNC1CC1)c1ccc2cc(Cl)ccc2n1                           
    O=C(NCC(=O)N1CC[C@H](O)[C@H]1C1CCCC1)c1ccc2cc(F)ccc2n1                     
    COCCNC(=O)CNC(=O)c1ccc2cc(F)ccc2n1                                         
    O=C(NCC(=O)N1CCCC[C@H]1c1c[nH]c2ccccc12)c1ccc2ccccc2n1                     
    O=C(NCC(=O)N1C[C@H](O)C[C@H]1c1nccs1)c1ccc2cc(Cl)ccc2n1                    
    O=C(NCC(=O)N1CCCCC1Cc1ccccc1)c1ccc2cc(C(F)(F)F)ccc2n1                      
    NC(=O)CNC(=O)CNC(=O)c1ccc2cc(Cl)ccc2n1                                     
    O=C(NCC(=O)N1CCCC[C@H]1Cn1cccn1)c1ccc2ccccc2n1                             
    CCCCNC(=O)CNC(=O)c1ccc2cc(Cl)ccc2n1                                        
    O=C(NCC(=O)N1CCCC1c1cccc(OC(F)(F)F)c1)c1ccc2ccccc2n1                       
    O=C(NCC(=O)N1CCCCC1c1cc(F)cc(F)c1)c1ccc2cc(F)ccc2n1                        
    COCCNC(=O)CNC(=O)c1ccc2ccccc2n1                                            
    N[C@@H]1CCN(C(=O)CNC(=O)c2ccc3cc(Cl)ccc3n2)[C@H]1C(=O)NCc1ccccc1           
    O=C(NCC(=O)N1CC[C@H](Cc2ccccc2)C1)c1ccc2cc(F)ccc2n1                        
    O=C(NCC(=O)N1CC[C@H](F)[C@H]1CO)c1ccc2cc(Cl)ccc2n1                         
    C[C@H](c1ccccc1)N(C)C(=O)CNC(=O)c1ccc2ccccc2n1                             
    CC(C)(C)CNC(=O)CNC(=O)c1ccc2ccccc2n1                                       
    O=C(NCC(=O)N1C[C@H](O)C[C@H]1COc1cc(F)cc(F)c1)c1ccc2ccccc2n1               
    O=C(NCC(=O)N1C[C@H](O)C[C@H]1CC1CCOCC1)c1ccc2ccccc2n1                      
    O=C(NCC(=O)N1C[C@H](O)[C@H](O)[C@H]1C1CCCC1)c1ccc2ccccc2n1                 
    CCC[C@@H]1C[C@@H](O)CN1C(=O)CNC(=O)c1ccc2cc(F)ccc2n1                       
    O=C(NCC(=O)N1CCC[C@H]1c1cncnc1)c1ccc2cc(F)ccc2n1                           
    O=C(NCC(=O)N1CCCC1c1ccc(OCC(F)(F)F)cc1)c1ccc2ccccc2n1                      
    N#C[C@H]1CCC[C@H]1NC(=O)CNC(=O)c1ccc2ccccc2n1                              
    O=C(NCC(=O)N1CC[C@H](O)[C@H]1COCc1ccccc1)c1ccc2cc(Cl)ccc2n1                
    O=C(NCC(=O)N1CC[C@H](O)[C@H]1CO)c1ccc2ccccc2n1                             
    O=C(NCC(=O)N1CCCC[C@H]1CO)c1ccc2c(Cl)cccc2n1                               
    O=C(NCC(=O)N1CCCCC1C1CCCCC1)c1ccc2c(Cl)cccc2n1                             
    O=C(NCC(=O)N1C[C@H](O)C[C@H]1COCc1ccc(Cl)cc1)c1ccc2cc(F)ccc2n1             
    O=C(NCC(=O)N1CCCC1c1cccc(C(F)(F)F)c1)c1ccc2cc(Cl)ccc2n1                    
    O=C(NCC(=O)N1CCCC1c1cccc(C(F)(F)F)c1)c1ccc2cc(F)ccc2n1                     
    O=C(NCC(=O)N1CCCCC1c1ccncc1)c1ccc2ccccc2n1                                 
    O=C(NCC(=O)N1CCC[C@H]1c1ccccc1)c1ccc2ccc(F)cc2n1                           
    O=C(NCC(=O)N1CCCCC1Cc1c[nH]cn1)c1ccc2ccccc2n1                              
    O=C(NCC(=O)N1CC[C@H](O)[C@H]1C1CCCC1)c1ccc2cc(Cl)ccc2n1                    
    O=C(NCC(=O)N1C[C@H](c2ccccc2)C[C@H]1c1ccccc1)c1ccc2ccccc2n1                
    C[C@@H](NC(=O)CNC(=O)c1ccc2cccc(F)c2n1)c1ccccc1                            
    O=C(NCC(=O)N1C[C@H](O)C[C@H]1c1cccnc1)c1ccc2ccccc2n1                       
    O=C(NCC(=O)N1CC[C@H](OCC2CC2)C1)c1ccc2cc(F)ccc2n1                          
    N#C[C@@H]1CCCN1C(=O)CNC(=O)c1ccc2cc(F)ccc2n1                               
    O=C(NCC(=O)N1C[C@H](O)C[C@H]1c1ncccn1)c1ccc2cc(Cl)ccc2n1                   
    C[C@H](NC(=O)CCNC(=O)c1ccc2cc(Cl)ccc2n1)c1ccccc1                           
    O=C(NCC(=O)N1CCCC1C1CCCCC1)c1ccc2ccc(Cl)cc2n1                              
    O=C(NCC(=O)N1CCCC[C@H]1CN1CCCCC1)c1ccc2ccccc2n1                            
    CC(C)(C)CNC(=O)CNC(=O)CNC(=O)c1ccc2cc(Cl)ccc2n1                            
    Cc1cccc(C)c1NC(=O)CNC(=O)c1ccc2cc(Cl)ccc2n1                                
    O=C(NCC(=O)N1CCCCC1/C=C/c1ccccc1)c1ccc2cc(F)ccc2n1                         
    O=C(NCC(=O)N1CCCC[C@H]1CNCc1ccc(Cl)cc1)c1ccc2ccccc2n1                      
    O=C(NCC(=O)N1CCCCC1c1cccc(Cl)c1)c1cnc2ccccc2n1                             
    O=C(NCC(=O)N1CCCC[C@H]1CNc1ccccc1)c1ccc2cc(F)ccc2n1                        
    O=C(NCC(=O)N1CCC[C@H]1CNc1ccc(Cl)cn1)c1ccc2cc(Cl)ccc2n1                    
    O=C(NCC(=O)N1CCC[C@H]1CNCC1CC1)c1ccc2ccccc2n1                              
    O=C(NCC(=O)N1C[C@@H](F)C[C@H]1CO)c1ccc2cc(Cl)ccc2n1                        
    O=C(NCC(=O)N1CCCC1)c1ccc2ccc(C3CCCC3)cc2n1                                 
    CN(C[C@@H]1CCCN1C(=O)CNC(=O)c1ccc2cc(Cl)ccc2n1)c1ccccc1                    
    O=C(NCC(=O)N1C[C@H](O)C[C@H]1c1ncccn1)c1ccc2ccccc2n1                       
    CN1CCC(NC(=O)CNC(=O)c2ccc3cc(Cl)ccc3n2)CC1                                 
    O=C(NCC(=O)N1CC[C@H](O)[C@H]1C1CCCCC1)c1ccc2cc(F)ccc2n1                    
    O=C(NCC(=O)N1CCCC1c1ccc(Br)cc1)c1ccc2cc(F)ccc2n1                           
    CN(CCNC(=O)c1ccc2ccccc2n1)C1CCCCC1                                         
    O=C(NCC(=O)N1CCCC1c1cnccn1)c1ccc2cc(F)ccc2n1                               
    CN(C)C(=O)[C@@H]1C[C@H](O)CN1C(=O)CNC(=O)c1ccc2cc(Cl)ccc2n1                
    CCCC[C@H](NC(=O)CNC(=O)c1ccc2cc(F)ccc2n1)c1ccccc1                          
    O=C(NCC(=O)N1C[C@H](O)C[C@H]1Cn1cccc1)c1ccc2cc(Cl)ccc2n1                   
    O=C(NCC(=O)N1CCC[C@H]1CN1CCCCC1)c1ccc2ccccc2n1                             
    O=C(NCC(=O)N1CCCCC1c1ccccn1)c1ccc2c(Cl)cccc2n1                             
    O=C(NCC(=O)N1CCCC1c1ccccc1Cl)c1ccc2cc(Cl)ccc2n1                            
    O=C(NCC(=O)N1C[C@H](O)C[C@H]1Cn1cccc1)c1ccc2cc(F)ccc2n1                    
    CN(CCNC(=O)c1ccc2cc(Cl)ccc2n1)C(=O)CNC(=O)c1ccc2ccccc2c1                   
    CCc1ccccc1[C@H](C)NC(=O)CNC(=O)c1ccc2cc(Cl)ccc2n1                          
    O=C(NCC(=O)N1CCCCCC1C1CCOCC1)c1ccc2cc(F)ccc2n1                             
    O=C(NCC(=O)N1CC[C@H](CO)C1)c1ccc2cc(Cl)ccc2n1                              
    O=C(NCC(=O)N1C[C@H](O)C[C@H]1CCc1ccccc1)c1ccc2ccccc2n1                     
    O=C(NCC(=O)N1CCC[C@H]1CNc1ccc(Cl)c(Cl)c1)c1ccc2ccccc2n1                    
    O=C(NCC(=O)N1CC[C@H](F)C1)c1ccc2cc(F)ccc2n1                                
    O=C(NCC(=O)N1CCC[C@H]1CNC1CC1)c1ccc2cc(F)ccc2n1                            
    O=C(NCC(=O)N1C[C@H](O)C[C@H]1CNC1CCCC1)c1ccc2cc(Cl)ccc2n1                  
    O=C(NCC(=O)N1CCC[C@H]1CNCC1CC1)c1ccc2cc(F)ccc2n1                           
    O=C(NCC(=O)N1CCCC1CCO)c1ccc2ccccc2n1                                       
    O=C(NCC(=O)N1CC[C@H](O)[C@H]1C1CC1)c1ccc2cc(F)ccc2n1                       
    O=C(NCC(=O)N1C[C@H](O)C[C@H]1CNc1ccccc1)c1ccc2ccccc2n1                     
    O=C(NCC(=O)N1CCCC1C1CCNCC1)c1ccc2cc(F)ccc2n1                               
    O=C(NCC(=O)N1CCC[C@H]1c1nnc[nH]1)c1ccc2cc(F)ccc2n1                         
    CN(CCNC(=O)c1ccc2ccccc2n1)C(=O)CNC(=O)c1ccc2ccccc2n1                       
    O=C(NCC(=O)N1C[C@H](c2ccccc2)C[C@H]1CO)c1ccc2cc(Cl)ccc2n1                  
    CC[C@H](NC(=O)CNC(=O)c1ccc2cc(Cl)ccc2n1)c1ccccc1                           
    CN(CC(=O)N1CCC[C@H]1c1ncccn1)C(=O)CNC(=O)c1ccc2cc(Cl)ccc2n1                
    O=C(NCC(=O)N1CC[C@H](O)[C@H]1c1ccc(Cl)cc1)c1ccc2cc(F)ccc2n1                
    O=C(NCC(=O)N1CCCCC1c1ccc(OC(F)(F)F)cc1)c1ccc2cc(Cl)ccc2n1                  
    O=C(NCC(=O)N1CCC[C@H]1c1cnc(N2CCCC2)nc1)c1ccc2cc(Cl)ccc2n1                 
    O=C(NCC(=O)N1CCC[C@H]1c1cncnc1)c1ccc2cc(Cl)ccc2n1                          
    C[C@H](NC(=O)CNC(=O)c1ccc2ccccc2n1)[C@H]1CCCN1Cc1ccc(Cl)cc1                
    O=C(NCC(=O)N1CCCCC1C1CCC(F)(F)CC1)c1ccc2ccccc2n1                           
    O=C(NCC(=O)N1C[C@H](c2ccccc2)C[C@H]1c1ccccc1)c1ccc2cc(F)ccc2n1             
    O=C(NCC(=O)N1CCC[C@H]1c1nnc[nH]1)c1ccc2cc(Cl)ccc2n1                        
    O=C(NCC(=O)N1C[C@H](O)C[C@H]1COc1cccnc1)c1ccc2ccccc2n1                     
    C[C@H](NC(=O)CNC(=O)c1cc(Cl)cc2ccccc12)c1ccccc1                            
    O=C(NCC(=O)N1CCC[C@H]1c1cocn1)c1ccc2cc(F)ccc2n1                            
    O=C(NCC(=O)N1CCCC[C@H]1c1ncco1)c1ccc2cc(Cl)ccc2n1                          
    O=C(NCC(=O)N1CCCC(F)(F)C1)c1ccc2cc(Cl)ccc2n1                               
    O=C(NCC(=O)N1C[C@H](O)C[C@H]1c1ccc(F)cc1)c1ccc2ccccc2n1                    
    CN(CCNC(=O)c1ccc2cc(F)ccc2n1)C(=O)CNC(=O)c1cccc2ccccc12                    
    O=C(NCC(=O)N1CCC[C@H]1c1cc(Cl)cc(Cl)c1)c1ccc2ccccc2n1                      
    O=C(NCC(=O)N1CCC1C1CCCCC1)c1ccc2cc(Cl)ccc2n1                               
    O=C(NCC(=O)N1CCCC1C1CCNCC1)c1ccc2cc(Cl)ccc2n1                              
    O=C(NCC(=O)N1CC[C@H](O)[C@H]1COc1ccc(Cl)cc1)c1ccc2cc(Cl)ccc2n1             
    C[C@H](NC(=O)CNC(=O)c1ccc2cc(Cl)ccc2n1)[C@H]1CCCN(C2CCCC2)C1               
    O=C(NCC(=O)N1C[C@H](O)C[C@H]1C(=O)N1CCCC1)c1ccc2cc(F)ccc2n1                
    CN(CCNC(=O)c1ccc2ccccc2n1)C(=O)CNC(=O)c1ccc2ccccc2c1                       
    O=C(NCC(=O)N1CCC[C@H]1c1c[nH]c(-c2ccccn2)n1)c1ccc2ccccc2n1                 
    O=C(NCC(=O)N1C[C@@H](F)C[C@H]1CN1CCCC1)c1ccc2cc(Cl)ccc2n1                  
    O=C(NCC(=O)N1C[C@H](O)[C@H](O)[C@H]1COCc1ccccc1)c1ccc2ccccc2n1             
    O=C(NCC(=O)N1CCC[C@H]1c1cnc(NC2CCCC2)nc1)c1ccc2cc(F)ccc2n1                 
    O=C(NCC(=O)N1CCC[C@H]1c1cc(C(F)(F)F)ccc1F)c1ccc2cc(Cl)ccc2n1               

2025-09-17 05:40:29,097 |    DEBUG |    reinvententry | Received 1169 smiles
2025-09-17 05:40:29,098 |    DEBUG |    reinvententry | Status changed to WAITING_FOR_OUTPUT
2025-09-17 05:40:29,172 |    DEBUG |            void2 | Starting up
2025-09-17 05:40:29,173 |    DEBUG |            void2 | Status changed to RUNNING
2025-09-17 05:40:29,272 |    DEBUG |      autodockgpu | Starting up
2025-09-17 05:40:29,273 |    DEBUG |      autodockgpu | Status changed to RUNNING
2025-09-17 05:40:29,308 |    DEBUG |       stripEpoch | Starting up
2025-09-17 05:40:29,308 |    DEBUG |       stripEpoch | Status changed to RUNNING
2025-09-17 05:40:29,380 |    DEBUG |     loadmolecule | Starting up
2025-09-17 05:40:29,381 |    DEBUG |     loadmolecule | Status changed to RUNNING
2025-09-17 05:40:29,384 |    DEBUG |             rmsd | Status changed to WAITING_FOR_INPUT
2025-09-17 05:40:29,386 |    DEBUG |     loadmolecule | Status changed to WAITING_FOR_OUTPUT
2025-09-17 05:40:29,387 |    DEBUG |           gypsum | Status changed to WAITING_FOR_INPUT
2025-09-17 05:40:29,389 |    DEBUG |           gypsum | Status changed to RUNNING
2025-09-17 05:40:29,394 |    DEBUG |           gypsum | Status changed to WAITING_FOR_COMMAND
2025-09-17 05:40:29,396 |    DEBUG |           gypsum | Running command: conda run -n gypsum_dl_env /home/a/miniconda3/envs/gypsum_dl_env/bin/run-gypsum-dl --source input.smi --max_variants_per_compound 10 --thoroughness 3 --separate_output_files --min_ph 6.5 --max_ph 7.5 --job_manager multiprocessing --num_processors 4
2025-09-17 05:40:29,455 |    DEBUG |           gypsum | Running job with PSI/J id=39c4fc0c-1336-4203-8791-aa6267628cb4, stdout=/home/a/REINVENT4/ReinventStudies/temp2/graph-dock-zjewu3/node-gypsum/job-u1gr7v-out, stderr=/home/a/REINVENT4/ReinventStudies/temp2/graph-dock-zjewu3/node-gypsum/job-u1gr7v-err
2025-09-17 05:40:29,487 |    DEBUG |          logtags | Starting up
2025-09-17 05:40:29,487 |    DEBUG |          logtags | Status changed to RUNNING
2025-09-17 05:40:29,522 |    DEBUG |           logger | Status changed to WAITING_FOR_INPUT
2025-09-17 05:40:29,598 |    DEBUG |   sdftodataframe | Status changed to WAITING_FOR_INPUT
2025-09-17 05:40:29,605 |    DEBUG |    reinvententry | Status changed to RUNNING
2025-09-17 05:40:29,605 |    DEBUG |    reinvententry | Status changed to WAITING_FOR_OUTPUT
2025-09-17 05:40:29,774 |    DEBUG |      autodockgpu | Status changed to WAITING_FOR_INPUT
2025-09-17 05:40:29,809 |    DEBUG |       stripEpoch | Status changed to WAITING_FOR_INPUT
2025-09-17 05:40:29,811 |    DEBUG |       stripEpoch | Status changed to RUNNING
2025-09-17 05:40:29,811 |    DEBUG |       stripEpoch | Status changed to WAITING_FOR_OUTPUT
2025-09-17 05:40:29,889 |    DEBUG |     loadmolecule | Status changed to RUNNING
2025-09-17 05:40:29,889 |    DEBUG |     loadmolecule | Shutting down, runtime: 0:00:00.004447s
2025-09-17 05:40:29,891 |    DEBUG |     loadmolecule | Shutting down, total time: 0:00:00.508878s
2025-09-17 05:40:29,891 |    DEBUG |     loadmolecule | Status changed to COMPLETED
2025-09-17 05:40:29,891 |    DEBUG |     loadmolecule | Closed port out
2025-09-17 05:40:29,892 |     INFO |             dock | Node 'loadmolecule' finished (1/12)
2025-09-17 05:40:29,989 |    DEBUG |          logtags | Status changed to WAITING_FOR_INPUT
2025-09-17 05:40:30,107 |    DEBUG |    reinvententry | Status changed to RUNNING
2025-09-17 05:40:30,107 |    DEBUG |    reinvententry | Shutting down, runtime: 0:00:00.004055s
2025-09-17 05:40:30,108 |    DEBUG |    reinvententry | Shutting down, total time: 0:00:01.013758s
2025-09-17 05:40:30,108 |    DEBUG |    reinvententry | Status changed to COMPLETED
2025-09-17 05:40:30,108 |    DEBUG |    reinvententry | Closed port out
2025-09-17 05:40:30,108 |    DEBUG |    reinvententry | Closed port out_metadata
2025-09-17 05:40:30,109 |     INFO |             dock | Node 'reinvententry' finished (2/12)
2025-09-17 05:40:30,312 |    DEBUG |       stripEpoch | Status changed to RUNNING
2025-09-17 05:40:30,313 |    DEBUG |       stripEpoch | Shutting down due to inactive port
2025-09-17 05:40:30,313 |    DEBUG |       stripEpoch | Status changed to STOPPED
2025-09-17 05:40:30,313 |    DEBUG |       stripEpoch | Shutting down, runtime: 0:00:00.501557s
2025-09-17 05:40:30,314 |    DEBUG |       stripEpoch | Shutting down, total time: 0:00:01.005252s
2025-09-17 05:40:30,315 |     INFO |             dock | Node 'stripEpoch' finished (3/12)
2025-09-17 05:40:30,315 |    DEBUG |       stripEpoch | Closed port inp
2025-09-17 05:40:30,315 |    DEBUG |       stripEpoch | Closed port out
2025-09-17 05:40:30,730 |    DEBUG |            void1 | Status changed to WAITING_FOR_INPUT
2025-09-17 05:40:30,731 |    DEBUG |            void1 | Status changed to RUNNING
2025-09-17 05:40:30,731 |    DEBUG |            void1 | Shutting down due to inactive port
2025-09-17 05:40:30,734 |     INFO |             dock | Workflow status
                                   |     reinventexit | WAITING_FOR_INPUT
                                   |            void1 | WAITING_FOR_INPUT
                                   |             rmsd | WAITING_FOR_INPUT
                                   |           gypsum | WAITING_FOR_COMMAND
                                   |           logger | WAITING_FOR_INPUT
                                   |    reinvententry | COMPLETED
                                   |   sdftodataframe | WAITING_FOR_INPUT
                                   |            void2 | RUNNING
                                   |      autodockgpu | WAITING_FOR_INPUT
                                   |       stripEpoch | STOPPED
                                   |     loadmolecule | COMPLETED
                                   |          logtags | WAITING_FOR_INPUT
2025-09-17 05:40:30,731 |    DEBUG |            void1 | Status changed to STOPPED
2025-09-17 05:40:30,731 |    DEBUG |            void1 | Shutting down, runtime: 0:00:02.004231s
2025-09-17 05:40:30,733 |    DEBUG |            void1 | Shutting down, total time: 0:00:02.005952s
2025-09-17 05:40:30,733 |    DEBUG |            void1 | Closed port inp
2025-09-17 05:40:30,734 |     INFO |             dock | Node 'void1' finished (4/12)
2025-09-17 05:50:39,447 |     INFO |             dock | Workflow status
                                   |     reinventexit | WAITING_FOR_INPUT
                                   |            void1 | STOPPED
                                   |             rmsd | WAITING_FOR_INPUT (1 | 0)
                                   |           gypsum | WAITING_FOR_COMMAND
                                   |           logger | WAITING_FOR_INPUT
                                   |    reinvententry | COMPLETED
                                   |   sdftodataframe | WAITING_FOR_INPUT
                                   |            void2 | RUNNING
                                   |      autodockgpu | WAITING_FOR_INPUT
                                   |       stripEpoch | STOPPED
                                   |     loadmolecule | COMPLETED
                                   |          logtags | WAITING_FOR_INPUT
2025-09-17 06:00:50,220 |     INFO |             dock | Workflow status
                                   |     reinventexit | WAITING_FOR_INPUT
                                   |            void1 | STOPPED
                                   |             rmsd | WAITING_FOR_INPUT (1 | 0)
                                   |           gypsum | WAITING_FOR_COMMAND
                                   |           logger | WAITING_FOR_INPUT
                                   |    reinvententry | COMPLETED
                                   |   sdftodataframe | WAITING_FOR_INPUT
                                   |            void2 | RUNNING
                                   |      autodockgpu | WAITING_FOR_INPUT
                                   |       stripEpoch | STOPPED
                                   |     loadmolecule | COMPLETED
                                   |          logtags | WAITING_FOR_INPUT
2025-09-17 06:11:00,967 |     INFO |             dock | Workflow status
                                   |     reinventexit | WAITING_FOR_INPUT
                                   |            void1 | STOPPED
                                   |             rmsd | WAITING_FOR_INPUT (1 | 0)
                                   |           gypsum | WAITING_FOR_COMMAND
                                   |           logger | WAITING_FOR_INPUT
                                   |    reinvententry | COMPLETED
                                   |   sdftodataframe | WAITING_FOR_INPUT
                                   |            void2 | RUNNING
                                   |      autodockgpu | WAITING_FOR_INPUT
                                   |       stripEpoch | STOPPED
                                   |     loadmolecule | COMPLETED
                                   |          logtags | WAITING_FOR_INPUT
2025-09-17 06:21:11,715 |     INFO |             dock | Workflow status
                                   |     reinventexit | WAITING_FOR_INPUT
                                   |            void1 | STOPPED
                                   |             rmsd | WAITING_FOR_INPUT (1 | 0)
                                   |           gypsum | WAITING_FOR_COMMAND
                                   |           logger | WAITING_FOR_INPUT
                                   |    reinvententry | COMPLETED
                                   |   sdftodataframe | WAITING_FOR_INPUT
                                   |            void2 | RUNNING
                                   |      autodockgpu | WAITING_FOR_INPUT
                                   |       stripEpoch | STOPPED
                                   |     loadmolecule | COMPLETED
                                   |          logtags | WAITING_FOR_INPUT
2025-09-17 06:33:45,406 |     INFO |             dock | 
              ___           ___                       ___           ___
             /\__\         /\  \          ___        /\  \         /\  \
            /::|  |       /::\  \        /\  \       \:\  \       /::\  \
           /:|:|  |      /:/\:\  \       \:\  \       \:\  \     /:/\:\  \
          /:/|:|__|__   /::\~\:\  \      /::\__\       \:\  \   /::\~\:\  \
         /:/ |::::\__\ /:/\:\ \:\__\  __/:/\/__/ _______\:\__\ /:/\:\ \:\__\
         \/__/~~/:/  / \/__\:\/:/  / /\/:/  /    \::::::::/__/ \:\~\:\ \/__/
               /:/  /       \::/  /  \::/__/      \:\~~\~~      \:\ \:\__\
              /:/  /        /:/  /    \:\__\       \:\  \        \:\ \/__/
             /:/  /        /:/  /      \/__/        \:\__\        \:\__\
             \/__/         \/__/                     \/__/         \/__/


2025-09-17 06:33:45,406 |     INFO |             dock | Starting Maize version 0.9.1 (c) AstraZeneca 2025
2025-09-17 06:33:45,406 |     INFO |             dock | Running workflow 'dock' with parameters:
2025-09-17 06:33:45,407 |     INFO |             dock | data = /tmp/tmpbc8crsdd/input.json (from 'reinvententry')
2025-09-17 06:33:45,407 |     INFO |             dock | data = /tmp/tmpbc8crsdd/output.json (from 'reinventexit')
2025-09-17 06:33:45,407 |     INFO |             dock | n_variants = 10 (from 'gypsum')
2025-09-17 06:33:45,407 |     INFO |             dock | ph_range = (6.5, 7.5) (from 'gypsum')
2025-09-17 06:33:45,407 |     INFO |             dock | use_filters = False (from 'gypsum')
2025-09-17 06:33:45,407 |     INFO |             dock | constraints = False (from 'autodockgpu')
2025-09-17 06:33:45,407 |     INFO |             dock | grid_file = /home/a/REINVENT4/ReinventStudies/mols/Rad51/maps/rad51_receptor.maps.fld (from 'autodockgpu')
2025-09-17 06:33:45,407 |     INFO |             dock | lsit = 600 (from 'autodockgpu')
2025-09-17 06:33:45,407 |     INFO |             dock | nrun = 50 (from 'autodockgpu')
2025-09-17 06:33:45,407 |     INFO |             dock | population_size = 300 (from 'autodockgpu')
2025-09-17 06:33:45,407 |     INFO |             dock | base_path = /home/a/REINVENT4/ReinventStudies/scoringData/sampledDockingData/justmol2mol_4_compounds_Mols (from 'logger')
2025-09-17 06:33:45,408 |     INFO |             dock | path = /home/a/REINVENT4/ReinventStudies/mols/Rad51/Cam833HMdsRad51Docked_Cam833-Acid_3.sdf (from 'loadmolecule')
2025-09-17 06:33:45,408 |     INFO |             dock | tag = rmsd (from 'logtags')
2025-09-17 06:33:45,408 |     INFO |             dock | base_path = /home/a/REINVENT4/ReinventStudies/scoringData/sampledDockingData/justmol2mol_4_compounds_Mols (from 'sdftodataframe')
2025-09-17 06:33:45,410 |    DEBUG |             dock | Setting executable for 'reinvententry' to '/home/a/miniconda3/envs/maize-dev/bin/python'
2025-09-17 06:33:45,410 |    DEBUG |             dock | Launching 'reinvententry'
2025-09-17 06:33:45,414 |    DEBUG |             dock | Setting executable for 'reinventexit' to '/home/a/miniconda3/envs/maize-dev/bin/python'
2025-09-17 06:33:45,415 |    DEBUG |             dock | Launching 'reinventexit'
2025-09-17 06:33:45,420 |    DEBUG |             dock | Setting executable for 'stripEpoch' to '/home/a/miniconda3/envs/maize-dev/bin/python'
2025-09-17 06:33:45,421 |    DEBUG |             dock | Launching 'stripEpoch'
2025-09-17 06:33:45,426 |    DEBUG |             dock | Setting executable for 'void1' to '/home/a/miniconda3/envs/maize-dev/bin/python'
2025-09-17 06:33:45,427 |    DEBUG |             dock | Launching 'void1'
2025-09-17 06:33:45,432 |    DEBUG |             dock | Setting executable for 'gypsum' to '/home/a/miniconda3/envs/maize-dev/bin/python'
2025-09-17 06:33:45,433 |    DEBUG |             dock | Launching 'gypsum'
2025-09-17 06:33:45,439 |    DEBUG |             dock | Setting executable for 'autodockgpu' to '/home/a/miniconda3/envs/maize-dev/bin/python'
2025-09-17 06:33:45,440 |    DEBUG |             dock | Launching 'autodockgpu'
2025-09-17 06:33:45,445 |    DEBUG |             dock | Setting executable for 'logger' to '/home/a/miniconda3/envs/maize-dev/bin/python'
2025-09-17 06:33:45,446 |    DEBUG |             dock | Launching 'logger'
2025-09-17 06:33:45,452 |    DEBUG |             dock | Setting executable for 'void2' to '/home/a/miniconda3/envs/maize-dev/bin/python'
2025-09-17 06:33:45,452 |    DEBUG |             dock | Launching 'void2'
2025-09-17 06:33:45,458 |    DEBUG |             dock | Setting executable for 'loadmolecule' to '/home/a/miniconda3/envs/maize-dev/bin/python'
2025-09-17 06:33:45,459 |    DEBUG |             dock | Launching 'loadmolecule'
2025-09-17 06:33:45,465 |    DEBUG |             dock | Setting executable for 'rmsd' to '/home/a/miniconda3/envs/maize-dev/bin/python'
2025-09-17 06:33:45,466 |    DEBUG |             dock | Launching 'rmsd'
2025-09-17 06:33:45,471 |    DEBUG |             dock | Setting executable for 'logtags' to '/home/a/miniconda3/envs/maize-dev/bin/python'
2025-09-17 06:33:45,472 |    DEBUG |             dock | Launching 'logtags'
2025-09-17 06:33:45,478 |    DEBUG |             dock | Setting executable for 'sdftodataframe' to '/home/a/miniconda3/envs/maize-dev/bin/python'
2025-09-17 06:33:45,479 |    DEBUG |             dock | Launching 'sdftodataframe'
2025-09-17 06:33:45,485 |    DEBUG |             dock | Launching 'Logger'
2025-09-17 06:33:45,420 |    DEBUG |    reinvententry | Using executable at
2025-09-17 06:33:45,421 |    DEBUG |    reinvententry | '/home/a/miniconda3/envs/maize-dev/bin/python'
2025-09-17 06:33:45,422 |    DEBUG |    reinvententry | Running in '/home/a/REINVENT4/ReinventStudies/temp2/graph-dock-dqk4yc/node-reinvententry'
2025-09-17 06:33:45,428 |    DEBUG |     reinventexit | Using executable at
2025-09-17 06:33:45,429 |    DEBUG |     reinventexit | '/home/a/miniconda3/envs/maize-dev/bin/python'
2025-09-17 06:33:45,430 |    DEBUG |     reinventexit | Running in '/home/a/REINVENT4/ReinventStudies/temp2/graph-dock-dqk4yc/node-reinventexit'
2025-09-17 06:33:45,433 |    DEBUG |       stripEpoch | Using executable at
2025-09-17 06:33:45,434 |    DEBUG |       stripEpoch | '/home/a/miniconda3/envs/maize-dev/bin/python'
2025-09-17 06:33:45,434 |    DEBUG |       stripEpoch | Running in '/home/a/REINVENT4/ReinventStudies/temp2/graph-dock-dqk4yc/node-stripEpoch'
2025-09-17 06:33:45,441 |    DEBUG |            void1 | Using executable at
2025-09-17 06:33:45,442 |    DEBUG |            void1 | '/home/a/miniconda3/envs/maize-dev/bin/python'
2025-09-17 06:33:45,442 |    DEBUG |            void1 | Running in '/home/a/REINVENT4/ReinventStudies/temp2/graph-dock-dqk4yc/node-void1'
2025-09-17 06:33:45,446 |    DEBUG |           gypsum | Using executable at
2025-09-17 06:33:45,446 |    DEBUG |           gypsum | '/home/a/miniconda3/envs/maize-dev/bin/python'
2025-09-17 06:33:45,447 |    DEBUG |           gypsum | Running in '/home/a/REINVENT4/ReinventStudies/temp2/graph-dock-dqk4yc/node-gypsum'
2025-09-17 06:33:45,458 |    DEBUG |           logger | Using executable at
2025-09-17 06:33:45,459 |    DEBUG |           logger | '/home/a/miniconda3/envs/maize-dev/bin/python'
2025-09-17 06:33:45,459 |    DEBUG |           logger | Running in '/home/a/REINVENT4/ReinventStudies/temp2/graph-dock-dqk4yc/node-logger'
2025-09-17 06:33:45,465 |    DEBUG |            void2 | Using executable at
2025-09-17 06:33:45,466 |    DEBUG |            void2 | '/home/a/miniconda3/envs/maize-dev/bin/python'
2025-09-17 06:33:45,466 |    DEBUG |            void2 | Running in '/home/a/REINVENT4/ReinventStudies/temp2/graph-dock-dqk4yc/node-void2'
2025-09-17 06:33:45,471 |    DEBUG |     loadmolecule | Using executable at
2025-09-17 06:33:45,472 |    DEBUG |     loadmolecule | '/home/a/miniconda3/envs/maize-dev/bin/python'
2025-09-17 06:33:45,472 |    DEBUG |     loadmolecule | Running in '/home/a/REINVENT4/ReinventStudies/temp2/graph-dock-dqk4yc/node-loadmolecule'
2025-09-17 06:33:45,478 |    DEBUG |             rmsd | Using executable at
2025-09-17 06:33:45,479 |    DEBUG |             rmsd | '/home/a/miniconda3/envs/maize-dev/bin/python'
2025-09-17 06:33:45,479 |    DEBUG |             rmsd | Running in '/home/a/REINVENT4/ReinventStudies/temp2/graph-dock-dqk4yc/node-rmsd'
2025-09-17 06:33:45,484 |    DEBUG |          logtags | Using executable at
2025-09-17 06:33:45,485 |    DEBUG |          logtags | '/home/a/miniconda3/envs/maize-dev/bin/python'
2025-09-17 06:33:45,485 |    DEBUG |          logtags | Running in '/home/a/REINVENT4/ReinventStudies/temp2/graph-dock-dqk4yc/node-logtags'
2025-09-17 06:33:45,492 |    DEBUG |   sdftodataframe | Using executable at
2025-09-17 06:33:45,492 |    DEBUG |   sdftodataframe | '/home/a/miniconda3/envs/maize-dev/bin/python'
2025-09-17 06:33:45,493 |    DEBUG |   sdftodataframe | Running in '/home/a/REINVENT4/ReinventStudies/temp2/graph-dock-dqk4yc/node-sdftodataframe'
2025-09-17 06:33:45,517 |    DEBUG |      autodockgpu | Using executable at
2025-09-17 06:33:45,517 |    DEBUG |      autodockgpu | '/home/a/miniconda3/envs/maize-dev/bin/python'
2025-09-17 06:33:45,518 |    DEBUG |      autodockgpu | Running in '/home/a/REINVENT4/ReinventStudies/temp2/graph-dock-dqk4yc/node-autodockgpu'
2025-09-17 06:33:45,658 |    DEBUG |            void1 | Starting up
2025-09-17 06:33:45,659 |    DEBUG |            void1 | Status changed to RUNNING
2025-09-17 06:33:45,677 |    DEBUG |             rmsd | Starting up
2025-09-17 06:33:45,678 |    DEBUG |             rmsd | Status changed to RUNNING
2025-09-17 06:33:45,680 |    DEBUG |          logtags | Starting up
2025-09-17 06:33:45,681 |    DEBUG |          logtags | Status changed to RUNNING
2025-09-17 06:33:45,812 |    DEBUG |           gypsum | Starting up
2025-09-17 06:33:45,812 |    DEBUG |           gypsum | Status changed to RUNNING
2025-09-17 06:33:45,920 |    DEBUG |   sdftodataframe | Starting up
2025-09-17 06:33:45,920 |    DEBUG |   sdftodataframe | Status changed to RUNNING
2025-09-17 06:33:45,949 |    DEBUG |            void2 | Starting up
2025-09-17 06:33:45,949 |    DEBUG |            void2 | Status changed to RUNNING
2025-09-17 06:33:45,974 |    DEBUG |    reinvententry | Starting up
2025-09-17 06:33:45,975 |    DEBUG |    reinvententry | Status changed to RUNNING
2025-09-17 06:33:45,978 |    DEBUG |    reinvententry | Received the following data from REINVENT
    O=C(NCC(=O)N1CCCCC1)c1ccc2cc(Cl)ccc2n1                                     
    O=S(=O)(Cc1ccccc1)N1Cc2ccccc2C1c1c[nH]c2ccccc12                            
    CN(CCNC(=O)CNC(=O)c1ccc2cc(Cl)ccc2n1)c1ccccc1                              
    O=S(=O)(Cc1ccccc1)N1C=Cc2ccccc2C1c1c[nH]c2ccccc12                          
    O=C(NCC(=O)N1CCCCC1Cc1ccccc1)c1ccc2ccccc2n1                                
    O=C(CCCOc1ccc(Cl)cc1Cl)NN=Cc1cccnc1F                                       
    O=C(NCC(=O)N1CCCCC1c1ccc(F)cc1)c1ccc2cc(Cl)ccc2n1                          
    O=C(CCCOc1ccc(Cl)cc1Cl)NN=Cc1cccc(C(F)(F)F)c1                              
    O=C(NCC(=O)N1CCC1C1CCCCC1)c1ccc2cc(F)ccc2n1                                
    CCNC1CN(c2nc(N3CCc4ccccc4C3)nc(N3CCc4ccccc4C3)n2)CCO1                      
    O=C(NCC(=O)N1CCCCC1c1ccc(Cl)cc1)c1ccc2ccccc2n1                             
    C[C@H](NC(=O)c1cc2c(=O)n3ccccc3nc2[nH]c1=N)c1ccccc1                        
    CC(NC(=O)CNC(=O)c1ccc2ccccc2n1)c1ccc(OC2CCCC2)cc1                          
    CN1CCN(C(=O)c2cccc(C3=Nc4ccc(C#Cc5ccccc5)cc4NC(=O)C3)c2)CC1                
    O=C(NCC(=O)N1C[C@H](O)C[C@H]1COc1ccccc1)c1ccc2cc(Cl)ccc2n1                 
    NC(=O)c1ccc2cc(C(=O)N3C[C@]4(CCN(C5CCNC5)C4)c4ccccc43)[nH]c2c1             
    O=C(NCC(=O)N1CCC2(CCNC2)C1)c1ccc2cc(Cl)ccc2n1                              
    CCC(=O)N(c1ccccc1)C1CCN(C(=O)[C@@H](N)C2Cc3ccccc3C2)CC1                    
    O=C(NCC(=O)N1C[C@@H](O)C[C@H]1C1CCCCC1)c1ccc2cc(F)ccc2n1                   
    CCC(=O)N(c1ccccc1)C1CCN(C(=O)CC(N)Cc2c[nH]c3ccccc23)CC1                    
    CCC(=O)N(c1ccccc1)C1CCN(C(=O)[C@H](N)c2ccc3ccccc3c2)CC1                    
    CCC(=O)N(c1ccccc1)C1CCN(C(=O)[C@H](N)Cc2cnc3ccccc3c2)CC1                   
    CCC(=O)N(c1ccccc1)C1CCN(C(=O)[C@@H]2CCCN2C(=O)c2ccc3ccccc3c2)CC1           
    CCC(=O)N(c1ccccc1)C1CCN(C(=O)[C@H](C)NCc2ccc3ccccc3c2)CC1                  
    CCC(=O)N(c1ccccc1)C1CCN(C(=O)C2Cc3ccc(-c4ccccc4)cc3C2O)CC1                 
    CCC(=O)N(c1ccccc1)C1CCN(C(=O)[C@H](N)Cc2ccc(-c3ccccc3)cc2)CC1              
    CCC(=O)N(c1ccccc1)C1CCN(C(=O)[C@H](N)Cc2ccc3ccccc3c2)CC1                   
    CCC(=O)N(c1ccccc1)C1CCN(C(=O)C[C@@H](N)Cc2ccc3ccccc3c2)CC1                 
    CCC(=O)N(c1ccccc1)C1CCN(C(=O)[C@H](N)Cc2ccc(O)c3ccccc23)CC1                
    CCC(=O)N(c1ccccc1)C1CCN(C(=O)[C@H](N)Cc2ccc3cc(F)ccc3c2)CC1                
    CCC(=O)N(c1ccccc1)C1CCN(C(=O)CC(N)CCc2c[nH]c3ccccc23)CC1                   
    CCC(=O)N(c1ccccc1)C1CCN(C(=O)[C@@H](N)Cc2ccc3ccccc3n2)CC1                  
    CCC(=O)N(c1ccccc1)C1CCN(C(=O)[C@@H](N)C(c2ccccc2)c2cccc(F)c2)CC1           
    CCC(=O)N(c1ccccc1)C1CCN(C(=O)C[C@H]2C[C@@H](c3ccccc3)CN2C)CC1              
    CCC(=O)N(c1ccccc1)C1CCN(C(=O)CCc2c(-c3ccccc3)noc2C)CC1                     
    CCC(=O)N(c1ccccc1)C1CCN(C(=O)[C@H](N)C(c2ccccc2)c2ccccc2)CC1               
    CCC(=O)N(c1ccccc1)C1CCN(C(=O)[C@H](N)C2Cc3cc4ccccc4cc3C2)CC1               
    CCC(=O)N(c1ccccc1)C1CCN(C(=O)/C=C/c2ccc3ccccc3c2)CC1                       
    CCC(=O)N(c1ccccc1)C1CCN(C(=O)CC(N)c2ccc3ccccc3c2)CC1                       
    CCC(=O)N(c1ccccc1)C1CCN(C(=O)Cc2ccc3ccccc3c2)CC1                           
    CCC(=O)N(c1ccccc1)C1CCN(C(=O)[C@H](N)C2Cc3ccccc3C2c2cccnc2)CC1             
    CCC(=O)N(c1ccccc1)C1CCN(C(=O)CC(N)c2cccc3ccccc23)CC1                       
    CCC(=O)N(c1ccccc1)C1CCN(C(=O)[C@H](N)Cc2ccc3cc(Cl)ccc3c2)CC1               
    CCC(=O)N(c1ccccc1)C1CCN(C(=O)[C@H](C)NC(C)(C)c2cccc(Br)c2)CC1              
    CCC(=O)N(c1ccccc1)C1CCN(C(=O)[C@H](N)C2Cc3cccc(Cl)c3C2)CC1                 
    CCC(=O)N(c1ccccc1)C1CCN(C(=O)[C@@H](NCC2CCOCC2)c2cccc(Cl)c2)CC1            
    CCC(=O)N(c1ccccc1)C1CCN(C(=O)C[C@@H](N)Cc2ccc(Cl)c(Cl)c2)CC1               
    CCC(=O)N(c1ccccc1)C1CCN(C(=O)CC(N)C(c2ccccc2)c2ccccc2)CC1                  
    O=C(NCC(=O)N1CCC[C@@H]1c1ccccc1)c1ccc2cc(C(F)(F)F)ccc2n1                   
    CCC(=O)N(c1ccccc1)C1CCN(C(=O)[C@H](N)[C@H]2C[C@@H](c3ccccc3)C2)CC1         
    CCC(=O)N(c1ccccc1)C1CCN(C(=O)[C@H](C)NCc2ccccc2Br)CC1                      
    CCC(=O)N(c1ccccc1)C1CCN(C(=O)[C@@H](N)C2CCc3ccc(Cl)cc3C2)CC1               
    CCC(=O)N(c1ccccc1)C1CCN(C(=O)[C@H](N)c2ccc(S(C)(=O)=O)cc2)CC1              
    CCC(=O)N(c1ccccc1)C1CCN(C(=O)[C@@H](N)CC2CCCc3ccccc32)CC1                  
    CCC(=O)N(c1ccccc1)C1CCN(C(=O)[C@@H](N)Cc2cccc(-c3ccccc3)c2)CC1             
    O=C(NCC(=O)N1CCCC(F)(F)[C@H]1c1ccccc1)c1ccc2cc(F)ccc2n1                    
    CCC(=O)N(c1ccccc1)C1CCN(C(=O)[C@@H](N)CC2Cc3ccc(F)cc3C2)CC1                
    CCC(=O)N(c1ccccc1)C1CCN(C(=O)[C@@H](N)C[C@@H](C)c2c(C)cc(O)cc2C)CC1        
    CCC(=O)N(c1ccccc1)C1CCN(C(=O)CC(N)C2Cc3ccccc3C2)CC1                        
    CCC(=O)N(c1ccccc1)C1CCN(C(=O)[C@@H](N)Cc2cccc3ccccc23)CC1                  
    CCC(=O)N(c1ccccc1)C1CCN(C(=O)[C@H](C)NCc2ccc3cc(F)ccc3c2)CC1               
    CCC(=O)N(c1ccccc1)C1CCN(C(=O)[C@@H](N)C(C)(C)c2ccc3ccccc3c2)CC1            
    CCC(=O)N(c1ccccc1)C1CCN(C(=O)[C@@H](N)CCc2ccc3ccccc3c2)CC1                 
    CCC(=O)N(c1ccccc1)C1CCN(C(=O)[C@@H](N)Cc2c(C)ccc3ccccc23)CC1               
    CCC(=O)N(c1ccccc1)C1CCN(C(=O)[C@@H](N)Cc2ccc(S(C)(=O)=O)cc2)CC1            
    CCC(=O)N(c1ccccc1)C1CCN(C(=O)[C@@H](N)Cc2ccc(Cc3ccccc3)cc2)CC1             
    CCC(=O)N(c1ccccc1)C1CCN(C(=O)Cc2ccc(-c3ccccc3)cc2)CC1                      
    CCC(=O)N(c1ccccc1)C1CCN(C(=O)C2Cc3ccccc3C2c2ccncc2)CC1                     
    CCC(=O)N(c1ccccc1)C1CCN(C(=O)[C@@H](N)C2Cc3ccccc3C2=O)CC1                  
    O=C(NCC(=O)N1CCCCC1C(=O)NC1CCCC1)c1ccc2ccccc2n1                            
    CCC(=O)N(c1ccccc1)C1CCN(C(=O)[C@@H](N)CC2Cc3ccccc3C2)CC1                   
    CCC(=O)N(c1ccccc1)C1CCN(C(=O)[C@H](N)C2Cc3cccc(C)c3C2)CC1                  
    CCC(=O)N(c1ccccc1)C1CCN(C(=O)[C@@H](N)CCC2=Cc3ccccc3CC2)CC1                
    CCC(=O)N(c1ccccc1)C1CCN(C(=O)CCc2ccc3ccccc3c2)CC1                          
    CCC(=O)N(c1ccccc1)C1CCN(C(=O)[C@H](N)CC(C)c2ccccc2)CC1                     
    CCC(=O)N(c1ccccc1)C1CCN(C(=O)[C@@H](N)[C@@H]2CCCc3ccccc32)CC1              
    CCC(=O)N(c1ccccc1)C1CCN(C(=O)[C@@H](N)C2Cc3ccc(C)cc3C2)CC1                 
    CCC(=O)N(c1ccccc1)C1CCN(C(=O)[C@H](N)Cc2ccc(Cl)c(Cl)c2)CC1                 
    CCC(=O)N(c1ccccc1)C1CCN(C(=O)[C@H](N)c2cccc(Oc3ccccc3)c2)CC1               
    CCC(=O)N(c1ccccc1)C1CCN(C(=O)[C@@H]2CCCN2Cc2ccccc2Cl)CC1                   
    CCC(=O)N(c1ccccc1)C1CCN(C(=O)[C@@H](N)Cc2ccc3ccc(O)cc3c2)CC1               
    CCC(=O)N(c1ccccc1)C1CCN(C(=O)C[C@@H](N)Cc2ccc3cccc(Cl)c3c2)CC1             
    CCC(=O)N(c1ccccc1)C1CCN(C(=O)[C@@H](N)CN2CCN(c3ccccc3)CC2)CC1              
    CCC(=O)N(c1ccccc1)C1CCN(C(=O)[C@@H](NC(=O)c2ccccc2)C2CCCCC2)CC1            
    CCC(=O)N(c1ccccc1)C1CCN(C(=O)Cc2cccc([N+](=O)[O-])c2)CC1                   
    CCC(=O)N(c1ccccc1)C1CCN(C(=O)[C@H](N)Cc2ccccc2Br)CC1                       
    CCC(=O)N(c1ccccc1)C1CCN(C(=O)[C@H](N)Cc2csc3ccccc23)CC1                    
    CCC(=O)N(c1ccccc1)C1CCN(C(=O)CC(N)c2ccc(S(C)(=O)=O)cc2)CC1                 
    O=C(NCC(=O)N1CCCCC1c1cc(Cl)cc(Cl)c1)c1ccc2ccccc2n1                         
    CCC(=O)N(c1ccccc1)C1CCN(C(=O)[C@@H](N)C2CCC(c3ccccc3)CC2)CC1               
    CCC(=O)N(c1ccccc1)C1CCN(C(=O)[C@@H](N)C2c3ccccc3C2c2ccccc2)CC1             
    CCC(=O)N(c1ccccc1)C1CCN(C(=O)C[C@@H](N)Cc2ccccc2Br)CC1                     
    CCC(=O)N(c1ccccc1)C1CCN(C(=O)Cc2cnc3ccccc3c2)CC1                           
    CCC(=O)N(c1ccccc1)C1CCN(C(=O)[C@@H](N)Cc2ccccc2-c2ccccc2)CC1               
    CCC(=O)N(c1ccccc1)C1CCN(C(=O)[C@H](N)C2Cc3ccc(Cl)cc3C2)CC1                 
    CCC(=O)N(c1ccccc1)C1CCN(C(=O)Cc2cnc(-c3ccccc3)s2)CC1                       
    CCC(=O)N(c1ccccc1)C1CCN(C(=O)[C@H](N)Cc2ccccc2C)CC1                        
    CCC(=O)N(c1ccccc1)C1CCN(C(=O)[C@@H](N)Cc2cc(C)cc(C)c2)CC1                  
    CCC(=O)N(c1ccccc1)C1CCN(C(=O)CC(N)Cc2ccc(C#N)cc2)CC1                       
    CCC(=O)N(c1ccccc1)C1CCN(C(=O)[C@@H](N)Cc2ccc3cc(O)ccc3c2)CC1               
    CCC(=O)N(c1ccccc1)C1CCN(C(=O)[C@@H](N)C2CCc3ccc(Br)cc3C2)CC1               
    CCC(=O)N(c1ccccc1)C1CCN(C(=O)[C@H](N)Cc2cccc(N3CCOCC3)c2)CC1               
    CCC(=O)N(c1ccccc1)C1CCN(C(=O)C[C@@H](N)Cc2ccc(C)c(F)c2)CC1                 
    O=C1CN(c2nc(N3CCN(Cc4ccccc4)CC3)nc(N3CCc4ccccc4C3)n2)CCN1                  
    O=C(NCCC1CCNCC1)c1cnc(N2CCc3ccccc3C2)nc1N1CCc2ccccc2C1                     
    CN(CCN1CCc2ccccc2C1)c1nc(N2CCNCC2)nc(N2CCc3ccccc3C2)n1                     
    c1ccc(CCCNc2cc(N3CCNCC3)nc(N3CCc4ccccc4C3)n2)cc1                           
    c1ccc(CCCNc2nc(N3CCNCC3)nc(N3CCc4ccccc4C3)n2)cc1                           
    CC(NC(=O)CNC(=O)c1ccc2cc(F)ccc2n1)c1ccccc1                                 
    c1ccc2c(c1)CCN(c1cc(NC3CCCNC3)nc(N3CCc4ccccc4C3)n1)C2                      
    c1ccc2c(c1)CCN(c1nc(CC3CCCNC3)nc(N3CCc4ccccc4C3)n1)C2                      
    O=C(Nc1nc(N2CCc3ccccc3C2)nc(N2CCc3ccccc3C2)n1)C1CCCNC1                     
    OC1CCN(c2nc(NCCCc3ccccc3)nc(N3CCc4ccccc4C3)n2)CC1                          
    Oc1cccc(-c2nc(N3CCC(N4CCCCC4)CC3)nc(N3CCc4ccccc4C3)n2)c1                   
    NC(=O)CC[C@H]1C[C@H](c2nc(N3CCc4ccccc4C3)nc(N3CCc4ccccc4C3)n2)CN1          
    N[C@H]1CC[C@H](c2nc(N3CCc4ccccc4C3)nc(N3CCc4ccccc4C3)n2)CC1                
    NC(=O)CCCc1cnc(N2CCc3ccccc3C2)nc1N1CCc2ccccc2C1                            
    CNC1(CNc2nc(N3CCc4ccccc4C3)nc(N3CCc4ccccc4C3)n2)CCCCC1                     
    c1ccc(N2CCN(c3nc(N4CCOCC4)nc(N4CCc5ccccc5C4)n3)CC2)cc1                     
    O=C(NCC(=O)N1CCCC[C@H]1CN1CCCCC1)c1ccc2cc(Cl)ccc2n1                        
    NC(=O)CC1CCN(c2nc(N3CCc4ccccc4C3)nc(N3CCc4ccccc4C3)n2)CC1                  
    c1ccc2c(c1)CCN(c1nc(NCC3CCCNC3)nc(N3CCc4ccccc4C3)n1)C2                     
    NS(=O)(=O)CCCc1cnc(N2CCc3ccccc3C2)nc1N1CCc2ccccc2C1                        
    NC1CCC(Nc2nc(NCc3ccccc3)nc(N3CCc4ccccc4C3)n2)CC1                           
    c1ccc2c(c1)CCN(c1nc(NC3CCNC3)nc(N3CCc4ccccc4C3)n1)C2                       
    c1ccc2c(c1)CCN(c1nc(NCC3CCCCC3)nc(N3CCNCC3)n1)C2                           
    c1ccc2c(c1)CCN(c1nc(NCC3CCCCC3)nc(N3CCc4ccccc4C3)n1)C2                     
    NCC1CCN(c2nc(NCCc3ccccc3)nc(N3CCc4ccccc4C3)n2)CC1                          
    c1ccc2c(c1)CCN(c1nc(NCC3CCNC3)nc(N3CCc4ccccc4C3)n1)C2                      
    c1ccc2c(c1)CCN(c1nc(NCCC3CCNCC3)nc(N3CCc4ccccc4C3)n1)C2                    
    NC(=O)CN1CCC(c2cc(N3CCc4ccccc4C3)nc(N3CCc4ccccc4C3)n2)CC1                  
    c1ccc(CCNc2nc(N3CCNCC3)nc(N3CCc4ccccc4C3)n2)nc1                            
    COC1(CNc2nc(N3CCN(c4ccccn4)CC3)nc(N3CCc4ccccc4C3)n2)COC1                   
    CN(C)C1CCN(c2nc(N3CCN(c4ccccc4)CC3)nc(N3CCc4ccccc4C3)n2)CC1                
    O=C(NCC(=O)N1CCCC1Cc1ccccc1)c1ccc2cc(Cl)ccc2n1                             
    C[C@@H](NC(=O)CNC(=O)c1ccc2cc(C(F)(F)F)ccc2n1)c1ccccc1                     
    c1ccc(CN2CCN(c3nc(N4CCNCC4)nc(N4CCc5ccccc5C4)n3)CC2)cc1                    
    c1ccc(CCNc2nc(-c3cccnc3)nc(N3CCc4ccccc4C3)n2)cc1                           
    NC(=O)CC[C@H]1CC[C@H](c2nc(N3CCc4ccccc4C3)nc(N3CCc4ccccc4C3)n2)CC1         
    NC(=O)C1CCN(c2nc(NCCc3ccc(Cl)cc3)nc(N3CCc4ccccc4C3)n2)CC1                  
    c1ccc2c(c1)CCN(c1nc(NCCC3CCOCC3)nc(C3CCc4ccccc43)n1)C2                     
    c1ccc2c(c1)CCN(c1nc(NCCC3CCCCC3)nc(N3CCNCC3)n1)C2                          
    NS(=O)(=O)CCn1cc(N2CCc3ccccc3C2)nc1N1CCc2ccccc2C1                          
    N[C@@H]1C[C@H](N)CN(c2nc(N3CCN(Cc4ccccc4)CC3)nc(N3CCc4ccccc4C3)n2)C1       
    c1ccc2c(c1)CCN(c1nc(NCCC3CCNCC3)nc(N3CCNCC3)n1)C2                          
    NC(=O)CCNc1nc(N2CCN(c3ccccc3)CC2)nc(N2CCc3ccccc3C2)n1                      
    c1ccc2c(c1)CCN(c1nc(NCCN3CCCCC3)nc(N3CCc4ccccc4C3)n1)C2                    
    C[C@H](NC(=O)CNC(=O)c1ccc2ccccc2n1)[C@H]1CCCN1Cc1ccccc1                    
    c1ccc(CCCNc2nc(NC3CCCC3)nc(N3CCc4ccccc4C3)n2)cc1                           
    c1ccc2c(c1)CCN(c1nc(CCN3CCNCC3)nc(N3CCc4ccccc4C3)n1)C2                     
    c1cncc(CCNc2nc(N3CCNCC3)nc(N3CCc4ccccc4C3)n2)c1                            
    c1ccc(CCNc2nc(NC3CCNCC3)nc(N3CCc4ccccc4C3)n2)cc1                           
    c1ccc2c(c1)CCN(c1nc(NCC3CCCN3)nc(N3CCc4ccccc4C3)n1)C2                      
    NCC1CCN(c2nc(N3CCN(c4ccccc4)CC3)nc(N3CCc4ccccc4C3)n2)CC1                   
    c1ccc2c(c1)CCN(c1nc(NCCC3CCCN3)nc(N3CCc4ccccc4C3)n1)C2                     
    C[C@H]1Cc2ccccc2CN1c1nc(N2CCc3ccccc3C2)nc(N2CC[C@H](O)C2)n1                
    c1ccc2c(c1)CCC(c1nc(NCCN3CCCC3)nc(N3CCc4ccccc4C3)n1)C2                     
    c1ccc2c(c1)CCN(c1nc(NCCC3CCCCN3)nc(N3CCOCC3)n1)C2                          
    O=C(NCC1CCCNC1)c1nc(N2CCc3ccccc3C2)nc(N2CCc3ccccc3C2)n1                    
    O=C(NCC(=O)N1CCCC[C@H]1c1ncc(O)o1)c1ccc2cc(F)ccc2n1                        
    COc1ccc(NC(=O)CNC(=O)c2ccc3ccccc3n2)cc1                                    
    c1ccc2c(c1)CCN(c1nc(NCCC3CCCCN3)nc(N3CCNCC3)n1)C2                          
    c1ccc(CCNc2nc(N3CCOCC3)nc(N3CCc4ccccc4C3)n2)cc1                            
    NS(=O)(=O)CCCn1cc(N2CCc3ccccc3C2)nc1N1CCc2ccccc2C1                         
    O=C1CC(c2cccc(C(=O)N3CCOCC3)c2)=Nc2ccc(Nc3ccccc3)cc21                      
    O=C1CC(c2cccc(C(=O)N3CCN(CC4CCCC4)CC3)c2)=Nc2ccccc21                       
    CN1CCN(c2cccc3c2CC(c2cccc(C(=O)NCc4ccccc4)c2)=N3)CC1                       
    O=C1CC(c2cccc(C(=O)N3CCC(N4CCCC4)CC3)c2)=Nc2ccccc21                        
    O=C1CC(c2cccc(C(=O)N3CCCC3)c2)=Nc2ccc(OCc3ccccc3)cc21                      
    O=C1CC(c2cccc(C(=O)N3CCOCC3)c2)=Nc2cc(-c3ccccc3)ccc21                      
    O=C1CC(c2cccc(C(=O)N3CCCCC3)c2)=Nc2ccc(-c3cccnc3)cc21                      
    O=C1CC(c2cccc(C(=O)N3CCc4ccccc4C3)c2)=Nc2cc(Cl)ccc21                       
    O=C1CC(c2cccc(C(=O)N3CCNCC3)c2)=Nc2ccc(Oc3ccc(F)cc3)cc21                   
    O=C1CC(c2cccc(C(=O)N3CCCC3)c2)=Nc2ccc(-c3ccccc3F)cc21                      
    O=C(NCCC1CCCC1)c1cccc(C2=Nc3ccccc3C(=O)C2)c1                               
    Cc1ccc2c(c1)CC(c1cccc(C(=O)Nc3cnc4ccccc4c3)c1)=N2                          
    O=C1CC(c2cccc(C(=O)N3CCCC3)c2)=Nc2ccc(-c3ccccc3)cc21                       
    O=C1CC(c2cccc(C(=O)N3CCNCC3)c2)=Nc2ccc(-c3ccccc3)cc21                      
    O=C1CC(c2cccc(C(=O)N3CCCC3)c2)=Nc2ccc(-c3cc(Cl)ccn3)cc21                   
    O=C1CC(c2cccc(C(=O)N3CCC3)c2)=Nc2ccc(Oc3ccccc3)cc21                        
    O=C1CC(c2cccc(C(=O)N3CCOCC3)c2)=Nc2ccc(-c3ccccc3F)cc21                     
    O=C(NCc1ccccc1Cl)c1cccc(C2=Nc3ccc(Cl)cc3C(=O)C2)c1                         
    O=C1CC(c2cccc(C(=O)N3CCN(c4ccccn4)CC3)c2)=Nc2ccccc21                       
    O=C1CC(c2cccc(C(=O)N3CCOCC3)c2)=Nc2ccc(-c3ccccc3)cc21                      
    O=C1CC(c2cccc(C(=O)N3CCCC3)c2)=Nc2ccc(-c3ccc(F)cc3)cc21                    
    O=C1CC(c2cccc(C(=O)N3CCCCC3)c2)=Nc2ccc(-c3ccccc3)cc21                      
    O=C1CC(c2cccc(C(=O)N3CCOCC3)c2)=Nc2ccc(OCc3ccc(F)cc3)cc21                  
    Cc1ccc2c(c1)CC(c1cccc(C(=O)Nc3ccc4cn[nH]c4c3)c1)=N2                        
    O=C1CC(c2cccc(C(=O)N3CCCC3)c2)=Nc2ccc(-c3ccncc3)cc21                       
    Cc1ccc2c(c1)CC(c1cccc(C(=O)Nc3ccc4c(c3)CCC4)c1)=N2                         
    O=C1CC(c2cccc(C(=O)N3CCCC3)c2)=Nc2ccc(-c3cccnc3)cc21                       
    O=C1CC(c2cccc(C(=O)N3CCN(c4nccs4)CC3)c2)=Nc2ccc(Cl)cc21                    
    O=C(NCCCN1CCOCC1)c1cccc(C2=Nc3ccccc3C(=O)C2)c1                             
    O=C1CC(c2cccc(C(=O)N3CCCCC3)c2)=Nc2ccc(-c3ccsc3)cc21                       
    O=C1CC(c2cccc(C(=O)N3CCSCC3)c2)=Nc2ccc(-c3ccccc3)cc21                      
    O=C1CC(c2cccc(C(=O)N3CCOCC3)c2)=Nc2ccc(-c3ccc(F)cc3)cc21                   
    O=C1CC(c2cccc(C(=O)N3CCOCC3)c2)=Nc2cc(N3CCCCC3)ccc21                       
    O=C(NCCc1cccnc1)c1cccc(C2=Nc3ccc(Cl)cc3C(=O)C2)c1                          
    O=C(NCc1ccccc1)c1cccc(C2=Nc3ccc(Br)cc3C(=O)C2)c1                           
    O=C1CC(c2cccc(C(=O)N3CCNCC3)c2)=Nc2ccc(-c3cccc(F)c3)cc21                   
    Cc1ccc2c(c1)CC(c1cccc(C(=O)Nc3ccc4c(c3)CNCC4)c1)=N2                        
    O=C1CC(c2cccc(C(=O)N3CCOCC3)c2)=Nc2ccc(-c3cccnc3)cc21                      
    O=C1CC(c2cccc(C(=O)N3CCNCC3)c2)=Nc2ccc(-c3ccccc3F)cc21                     
    O=C1CC(c2cccc(C(=O)N3CCN(CC4CC4)CC3)c2)=Nc2cc(Cl)ccc21                     
    Cc1ccc2c(c1)CC(c1cccc(C(=O)Nc3cccc4cccnc34)c1)=N2                          
    O=C1CC(c2cccc(C(=O)N3CCNCC3)c2)=Nc2ccc(N3CCCC3)cc21                        
    NC(=O)c1ccc2c(c1)CC(c1cccc(C(=O)NCCc3ccncc3)c1)=N2                         
    O=C1CC(c2cccc(C(=O)N3CCC3)c2)=Nc2ccc(-c3ccccc3F)cc21                       
    O=C(NCCC1CCCC1)c1cccc(C2=Nc3ccc(Cl)cc3C(=O)C2)c1                           
    O=C1CC(c2cccc(C(=O)N3CCC3)c2)=Nc2ccc(OCc3cccnc3)cc21                       
    O=C1CC(c2cccc(C(=O)N3CCN(c4ccccc4)CC3)c2)=Nc2ccc(Cl)cc21                   
    Cc1ccc2c(c1)CC(c1cccc(C(=O)N3CCN(c4ccc(F)cc4)CC3)c1)=N2                    
    O=C(NCCN1CCCCC1)c1cccc(C2=Nc3ccc(Cl)cc3C(=O)C2)c1                          
    O=C1CC(c2cccc(C(=O)N3CCC3)c2)=Nc2ccc(-c3ccccc3)cc21                        
    O=C(NCCN1CCCC1)c1cccc(C2=Nc3ccccc3C(=O)C2)c1                               
    O=C1CC(c2cccc(C(=O)N3CCCC3)c2)=Nc2ccc(N3CCCCC3)cc21                        
    Cc1ccc2c(c1)CC(c1cccc(C(=O)Nc3ccc(C4CC4)cn3)c1)=N2                         
    O=C1CC(c2cccc(C(=O)N3CCCC3)c2)=Nc2ccc(-c3ccc(O)cc3)cc21                    
    O=C1CC(c2cccc(C(=O)N3CCN(CCO)CC3)c2)=Nc2ccccc21                            
    Cc1ccc2c(c1)CC(c1cccc(C(=O)Nc3cccc(C4CC4)c3)c1)=N2                         
    COc1ccc2c(c1)CC(c1cccc(C(=O)Nc3ccc4c(c3)CCC4)c1)=N2                        
    O=C1CC(c2cccc(C(=O)N3CCC3)c2)=Nc2ccc(-c3cc(Cl)ccn3)cc21                    
    O=C(NCCN1CCCC1)c1cccc(C2=Nc3ccc(F)cc3C(=O)C2)c1                            
    O=C1CC(c2cccc(C(=O)N3CCOCC3)c2)=Nc2cc(N3CCOCC3)ccc21                       
    Cc1ccc2c(c1)CC(c1cccc(C(=O)Nc3ccc(C4CC4)cc3)c1)=N2                         
    O=C1CC(c2cccc(C(=O)N3CCOCC3)c2)=Nc2ccc(-c3cc(Cl)ccn3)cc21                  
    Cc1ccc2c(c1)CC(c1cccc(C(=O)Nc3ccc4c(c3)CN(C)CC4)c1)=N2                     
    O=C1CC(c2cccc(C(=O)N3CCC3)c2)=Nc2ccc(-c3cc(F)cc(F)c3)cc21                  
    Cc1ccc2c(c1)CC(c1cccc(C(=O)N3CCN(C4CC4)CC3)c1)=N2                          
    O=C1CC(c2cccc(C(=O)N3CCNCC3)c2)=Nc2ccc(-c3ccc(F)cc3)cc21                   
    Cc1ccc2c(c1)CC(c1cccc(C(=O)Nc3ccc(C4CCC4)cc3)c1)=N2                        
    O=C(NCCC1CCCC1)c1cccc(C2=Nc3ccc(C(F)(F)F)cc3C(=O)C2)c1                     
    Cc1ccc2c(c1)CC(c1cccc(C(=O)Nc3ccc(C(=O)N4CCN(C)CC4)cc3)c1)=N2              
    O=C1CC(c2cccc(C(=O)N3CCCC3)c2)=Nc2ccc(N3CCCC3)cc21                         
    O=C(NCc1ccccn1)c1cccc(C2=Nc3cc(Cl)ccc3C(=O)C2)c1                           
    O=C1CC(c2cccc(C(=O)N3CCC3)c2)=Nc2ccc(-c3ccc(F)cc3)cc21                     
    O=C1CC(c2cccc(C(=O)N3CCOCC3)c2)=Nc2ccc(-c3cncnc3)cc21                      
    O=C(NCC1CC1)c1cccc(C2=Nc3ccc(-c4ccccc4)cc3C(=O)C2)c1                       
    O=C1CC(c2cccc(C(=O)N3CCOCC3)c2)=Nc2ccc(Oc3ccccc3)cc21                      
    O=C(NCCC1CCCC1)c1cccc(C2=Nc3cc(Cl)ccc3C(=O)C2)c1                           
    O=C(NCCN1CCOCC1)c1cccc(C2=Nc3ccccc3C(=O)C2)c1                              
    O=C1CC(c2cccc(C(=O)N3CCS(=O)(=O)CC3)c2)=Nc2ccc(Cl)cc21                     
    Cc1ccc2c(c1)CC(c1cccc(C(=O)N3CCN(c4nccs4)CC3)c1)=N2                        
    O=C1CC(c2cccc(C(=O)N3CCCC3)c2)=Nc2ccc(-c3ccoc3)cc21                        
    Cc1ccc2c(c1)CC(c1cccc(C(=O)N3CCN(c4ccccc4)CC3)c1)=N2                       
    O=C1CC(c2cccc(C(=O)N3CCC3)c2)=Nc2ccc(-c3ccncc3)cc21                        
    O=C1CC(c2cccc(C(=O)N3CCC3)c2)=Nc2ccc(-c3cccnc3)cc21                        
    O=C1CC(c2cccc(C(=O)N3CCNCC3)c2)=Nc2ccc(-c3cc(Cl)ccn3)cc21                  
    O=C1CC(c2cccc(C(=O)N3CCCC3)c2)=Nc2ccc(N3CCOCC3)cc21                        
    Cc1ccc2c(c1)CC(c1cccc(C(=O)NCCC3CCCCC3)c1)=N2                              
    N=c1[nH]c2nc3ccccc3cc2cc1C(=O)N1CCN(CCc2ccccc2)CC1                         
    O=c1c2ccccc2nc(/C=C/c2ccc(CN3CCCCC3)cn2)n1CC1CCCCC1                        
    O=c1c2cc(Cl)ccc2nc(/C=C/c2cccc(N3CCCCC3)c2)n1CC1CCNCC1                     
    O=c1c2ccccc2nc(/C=C/c2cccc(CN3CCOCC3)c2)n1CC1CCNCC1                        
    CN1CCN(Cc2ccc(/C=C/c3nc4ccccc4c(=O)n3CC3CCCCC3)cc2)CC1                     
    O=C(NCC(=O)N1C[C@H](O)C[C@@H]1COCc1ccccc1)c1ccc2ccccc2n1                   
    NS(=O)(=O)c1ccc(/C=C/c2nc3cc(Cl)ccc3c(=O)n2CC2CCNCC2)cc1                   
    NS(=O)(=O)c1ccc(/C=C/c2nc3ccc(F)cc3c(=O)n2CC2CCNCC2)cc1                    
    NS(=O)(=O)c1cccc(/C=C/c2cc3ccccc3c(=O)n2CC2CCCCC2)c1                       
    NS(=O)(=O)c1cccc(/C=C/c2nc3ccccc3c(=O)n2CC2CCNCC2)c1                       
    CN1CCN(Cc2ccc3nc(/C=C/c4ccncc4)n(CC4CCCCC4)c(=O)c3c2)CC1                   
    O=c1c2ccc(Cl)cc2nc(/C=C/c2cccc(N3CCCC3)n2)n1CC1CCNCC1                      
    CN(C)S(=O)(=O)c1ccc(/C=C/c2nc3ccccc3c(=O)n2CC2CCCCC2)cc1                   
    NS(=O)(=O)c1ccc(/C=C/c2nc3cccc(Cl)c3c(=O)n2CC2CCCCC2)cc1                   
    O=c1c2ccccc2nc(/C=C/c2cccc(N3CCCCC3)c2)n1CC1CCNCC1                         
    O=c1c2cccc(Cl)c2nc(/C=C/c2cccc(N3CCCCC3)n2)n1CC1CCNCC1                     
    O=c1c2ccc(N3CCCCC3)cc2nc(/C=C/c2ccccc2)n1CC1CCNCC1                         
    CC(C)CNC(=O)c1cccc(/C=C/c2nc3ccccc3c(=O)n2CC2CCCCC2)c1                     
    NS(=O)(=O)c1ccc(/C=C/c2nc3ccc(Cl)cc3c(=O)n2CC2CCCCC2)cc1                   
    O=c1c2c(Cl)cccc2nc(/C=C/c2ccc(CN3CCOCC3)cn2)n1CC1CCNCC1                    
    CN1CCN(Cc2cccc(/C=C/c3nc4ccccc4c(=O)n3CC3CCCCC3)c2)CC1                     
    O=C(NCC(=O)N1C[C@@H](F)C[C@H]1COCc1ccccc1)c1ccc2ccccc2n1                   
    O=c1c2ccccc2nc(/C=C/c2cccc(N3CCCC3)c2)n1CC1CCNCC1                          
    NS(=O)(=O)c1ccc(CCc2nc3ccccc3c(=O)n2CC2CCCCC2)cc1                          
    NS(=O)(=O)c1ccc(/C=C/c2nc3ccccc3c(=O)n2CC2CCCCC2)cc1                       
    NS(=O)(=O)c1cccc(/C=C/c2nc3ccccc3c(=O)n2CC2CCCCC2)c1                       
    NS(=O)(=O)c1cccc(/C=C/c2nc3ccc(F)cc3c(=O)n2CC2CCCCC2)c1                    
    N#Cc1ccc2c(OCC3CCCCC3)nc(/C=C/c3cccnc3)nc2c1                               
    CC(C)c1ccc(/C=C/c2nc3ccccc3c(=O)n2CC2CCNCC2)cc1                            
    O=c1c2c(Cl)cccc2nc(/C=C/c2cccc(N3CCNCC3)c2)n1CC1CCCCC1                     
    O=c1c2c(Cl)cccc2nc(/C=C/c2ccc(C3CC3)cc2)n1CC1CCNCC1                        
    NS(=O)(=O)Cc1ccc2nc(/C=C/c3ccncc3)n(CC3CCCCC3)c(=O)c2c1                    
    CS(=O)(=O)c1ccc(/C=C/c2nc3ccccc3c(=O)n2CC2CCNCC2)cc1                       
    Cc1nc2ccc(C(=O)NCC3CCCCC3)cc2c(=O)n1CC1CCCCC1                              
    O=c1c2cc(Cl)ccc2nc(/C=C/c2cccc(N3CCCC3)n2)n1CC1CCNCC1                      
    O=c1c2ccc(Cl)cc2nc(/C=C/c2cccc(Cl)c2)n1CC1CCNCC1                           
    NS(=O)(=O)c1ccc(OCc2nc3ccccc3c(=O)n2CC2CCCCC2)cc1                          
    CN1CCN(c2ccnc(/C=C/c3nc4ccccc4c(=O)n3CC3CCCCC3)c2)CC1                      
    NS(=O)(=O)c1ccc(/C=C/c2nc3cc(Cl)ccc3c(=O)n2CC2CCCCC2)cc1                   
    CS(=O)(=O)Nc1ccc2nc(/C=C/c3ccncc3)n(CC3CCCCC3)c(=O)c2c1                    
    NS(=O)(=O)c1cccc(/C=C/c2nc3ccc(Cl)cc3c(=O)n2CC2CCCCC2)c1                   
    CC(c1ccc2nc(/C=C/c3ccccn3)n(CC3CCCCC3)c(=O)c2c1)N1CCOCC1                   
    CN1CCN(c2cccc(/C=C/c3nc4ccccc4c(=O)n3CC3CCCCC3)c2)CC1                      
    CCS(=O)(=O)c1ccc(/C=C/c2nc3ccc(F)cc3c(=O)n2CC2CCCCC2)cc1                   
    NS(=O)(=O)c1ccc(C(=O)c2nc3ccccc3c(=O)n2CC2CCCCC2)cc1                       
    CCNC(=O)c1ccc(/C=C/c2nc3ccccc3c(=O)n2CC2CCNCC2)cc1                         
    NS(=O)(=O)c1cccc(/C=C/c2cc3cc(Cl)ccc3c(=O)n2CC2CCNCC2)c1                   
    O=c1c2ccccc2nc(/C=C/c2ccc(CN3CCC(O)C3)cc2)n1CC1CCCCC1                      
    CN1CCN(Cc2ccccc2/C=C/c2nc3ccccc3c(=O)n2CC2CCCCC2)CC1                       
    O=c1c2ccc(F)cc2nc(/C=C/c2cccc(N3CCOCC3)c2)n1CC1CCCCC1                      
    CN1CCN(Cc2ccc3c(=O)n(CC4CCCCC4)c(/C=C/c4ccncc4)nc3c2)CC1                   
    NS(=O)(=O)c1ccc(-n2c(/C=C/c3ccccn3)nc3ccccc3c2=O)cc1                       
    NS(=O)(=O)c1cccc(/C=C/c2nc3cc(Cl)ccc3c(=O)n2CC2CCCCC2)c1                   
    NS(=O)(=O)c1ccc(NCc2nc3ccccc3c(=O)n2CC2CCCCC2)cc1                          
    NS(=O)(=O)c1ccc(/C=C/c2nc3ccc(F)cc3c(=O)n2CC2CCCCC2)cc1                    
    NS(=O)(=O)c1ccc(/C=C/c2nc3cc(F)c(F)cc3c(=O)n2CC2CCCCC2)cc1                 
    NS(=O)(=O)c1cccc(/C=C/c2nc3c(Cl)cc(Cl)cc3c(=O)n2CC2CCCCC2)c1               
    CS(=O)(=O)c1ccc(/C=C/c2nc3ccccc3c(=O)n2CC2CCCCC2)cc1                       
    CC(=O)Nc1ccc(/C=C/c2nc3cccc(Cl)c3c(=O)n2CC2CCNCC2)cc1                      
    CN1CCN(CCCn2c(/C=C/c3ccccn3)nc3ccccc3c2=O)CC1                              
    O=c1c2cc(F)ccc2nc(/C=C/c2cccc(N3CCOCC3)c2)n1CC1CCNCC1                      
    CS(=O)(=O)c1ccc(/C=C/c2nc3ccc(F)cc3c(=O)n2CC2CCCCC2)cc1                    
    O=c1c2ccccc2nc(/C=C/c2nc3ccccc3[nH]2)n1CC1CCNCC1                           
    O=c1c2c(-c3cccs3)cccc2nc(/C=C/c2ccccn2)n1CC1CCNCC1                         
    CS(=O)(=O)c1ccc(/C=C/c2nc3cc(F)c(F)cc3c(=O)n2CC2CCCCC2)cc1                 
    NCc1cccc(/C=C/c2nc3ccc(F)cc3c(=O)n2CC2CCCCC2)c1                            
    NS(=O)(=O)c1ccc(Cc2nc3ccccc3c(=O)n2CC2CCCCC2)cc1                           
    CS(=O)(=O)c1cccc(/C=C/c2nc3ccc(F)cc3c(=O)n2CC2CCCCC2)c1                    
    NS(=O)(=O)c1ccc(Cn2c(/C=C/c3ccccn3)nc3ccccc3c2=O)cc1                       
    CS(=O)(=O)c1ccc(OCc2nc3cccc(Cl)c3c(=O)n2CC2CCCCC2)cc1                      
    CN1CCN(c2cccc3nc(/C=C/c4ccccc4)n(CC4CCCCC4)c(=O)c23)CC1                    
    O=c1c2cc(Cl)ccc2nc(/C=C/c2cccc(O)c2)n1CC1CCNCC1                            
    CN1CCN(Cc2ccc3c(N)nc(/C=C/c4cccnc4)nc3c2)CC1                               
    O=c1c2c(F)cccc2nc(/C=C/c2cccc(C(F)(F)F)c2)n1CC1CCNCC1                      
    NS(=O)(=O)c1cccc(Cn2c(/C=C/c3ccccn3)nc3ccccc3c2=O)c1                       
    CS(=O)(=O)c1ccc(-n2c(/C=C/c3ccccn3)nc3ccccc3c2=O)cc1                       
    O=c1c2ccc(Cl)cc2nc(/C=C/c2cccc(O)c2)n1Cc1cccc(O)c1                         
    O=c1c2cc(Cl)ccc2nc(/C=C/c2cccc(O)c2)n1Cc1cccc(O)c1                         
    NS(=O)(=O)c1ccc(/C=C/c2nc3ccc(F)cc3c(=O)n2Cc2ccccc2)cc1                    
    O=c1c2ccc(Cl)cc2nc(/C=C/c2ccccc2)n1Cc1cccc(O)c1                            
    O=c1c2c(Cl)cccc2nc(/C=C/c2ccccc2)n1Cc1cccc(O)c1                            
    O=c1c2ccccc2nc(/C=C/c2ccc(Cl)cc2)n1Cc1cccc(O)c1                            
    CC(O)c1cccc(/C=C/c2nc3ccccc3c(=O)n2Cc2ccco2)c1                             
    O=c1c2ccc(F)cc2nc(/C=C/c2ccccc2)n1Cc1cccc(O)c1                             
    CS(=O)(=O)c1ccc(/C=C/c2nc3ccccc3c(=O)n2-c2ccccc2)cc1                       
    O=c1c2ccc(F)cc2nc(/C=C/c2ccc(F)cc2)n1Cc1cccc(O)c1                          
    CS(=O)(=O)c1ccc(/C=C/c2nc3ccccc3c(=O)n2Cc2ccco2)cc1                        
    O=c1c2ccc(Cl)cc2nc(/C=C/c2ccccn2)n1Cc1cccc(O)c1                            
    N#Cc1cccc(/C=C/c2nc3ccccc3c(=O)n2Cc2ccoc2)c1                               
    N#Cc1ccc(/C=C/c2nc3ccccc3c(=O)n2Cc2cccnc2)cc1                              
    N#Cc1ccc(/C=C/c2nc3ccc(F)cc3c(=O)n2Cc2cccnc2)cc1                           
    O=c1c2ccccc2nc(/C=C/c2ccccc2)n1Cc1cccc(O)c1                                
    N#Cc1cccc(/C=C/c2nc3ccccc3c(=O)n2Cc2cccnc2)c1                              
    O=c1c2cc(F)ccc2nc(/C=C/c2ccccc2)n1Cc1cccc(O)c1                             
    Cc1ccc(/C=C/c2nc3ccc(F)cc3c(=O)n2Cc2ccccc2)nc1C                            
    O=c1c2ccc(Cl)cc2nc(/C=C/c2ccncc2)n1Cc1cccc(O)c1                            
    N#Cc1cccc(/C=C/c2nc3ccc(F)c(F)c3c(=O)n2Cc2cccnc2)c1                        
    O=c1c2ccc(F)cc2nc(/C=C/c2cccc(O)c2)n1Cc1cccnc1                             
    CN(C)c1cccc(/C=C/c2nc3ccc(F)cc3c(=O)n2Cc2cccnc2)c1                         
    O=c1c2cc(Cl)ccc2nc(/C=C/c2ccccc2)n1Cc1cccc(O)c1                            
    N#Cc1ccccc1/C=C/c1nc2ccccc2c(=O)n1Cc1ccncc1                                
    N#Cc1cccc(/C=C/c2nc3ccccc3c(=O)n2Cc2ccncc2)c1                              
    N#Cc1ccc(/C=C/c2nc3cc(F)ccc3c(=O)n2Cc2ccncc2)cc1                           
    N#Cc1cccc(/C=C/c2nc3ccccc3c(=O)n2CCc2ccccn2)c1                             
    NS(=O)(=O)c1ccccc1/C=C/c1nc2ccccc2c(=O)n1Cc1ccccc1                         
    O=c1c2c(C(F)(F)F)cccc2nc(/C=C/c2ccccn2)n1Cc1cccc(O)c1                      
    O=c1c2ccccc2nc(/C=C/c2cccnc2)n1Cc1ccccc1                                   
    O=C(NCC(=O)N1CCCCC1c1ccc(Cl)cc1)c1cnc2ccccc2n1                             
    O=c1c2ccccc2nc(/C=C/c2cccnc2)n1Cc1ccc(Cl)cc1                               
    O=C(NCC(=O)N1CC[C@H](F)[C@H]1COc1cccc(Cl)c1)c1ccc2ccccc2n1                 
    O=c1c2ccccc2nc(/C=C/c2cccnc2)n1CC1CCCCC1                                   
    N#Cc1ccccc1CNC(=O)CNC(=O)c1ccc2cc(Cl)ccc2n1                                
    O=C(NCC(=O)N1CC[C@H](O)[C@H]1c1ccc(Cl)cc1)c1ccc2ccccc2n1                   
    O=C(NCC(=O)N1CCCCC1c1ccc(Cl)cc1)c1ccc2cc(Cl)ccc2n1                         
    O=C(NCC(=O)N1C[C@H](O)C[C@H]1c1ccc(Cl)cc1)c1ccc2ccccc2n1                   
    O=C(NCC(=O)N1CCC[C@H]1CO)c1ccc2cc(F)ccc2n1                                 
    O=C(NCC(=O)N1CCCCC1c1ccc(Cl)cc1)c1ccc2cc(Br)ccc2n1                         
    O=C(NCC(=O)N1CCCCC1c1ccccc1)c1ccc2ccccc2n1                                 
    O=C(NCC(=O)N1CCCC[C@H]1c1ccc(Cl)cc1)c1ccc2cc(F)ccc2n1                      
    O=C(NCC(=O)N1CCC[C@@H]1c1ccccc1)c1ccc2ccccc2n1                             
    O=C(NCC(=O)N1CCC[C@H]1c1c[nH]c2ccccc12)c1ccc2ccccc2n1                      
    O=C(NCC(=O)N1CCCCC1C1CCC1)c1ccc2cc(F)ccc2n1                                
    O=C(NCC(=O)N1C[C@@H]([C@H](O)c2ccccc2)[C@@H](O)C1)c1ccc2ccccc2n1           
    O=C(NCC(=O)N1CCCC[C@H]1CN1CCCC1)c1ccc2cc(F)ccc2n1                          
    O=C(NCC(=O)N1CCCCC1CC(F)(F)F)c1ccc2cc(F)ccc2n1                             
    O=C(NCC(=O)N1C[C@H](O)C[C@H]1C1CCCC1)c1ccc2cc(F)ccc2n1                     
    C[C@@H](NC(=O)CNC(=O)c1ccc2cc(Cl)ccc2n1)C1CCCCC1                           
    O=C(NCC(=O)N1CCCCC1C1CCNCC1)c1ccc2cc(Cl)ccc2n1                             
    O=C(NCC(=O)N1CCCC1c1ccc(C(F)(F)F)cc1)c1ccc2cc(F)ccc2n1                     
    CN(CCNC(=O)c1ccc2cc(Cl)ccc2n1)C1CCCCC1                                     
    COc1ccc2ccc(C(=O)NCC(=O)N3CCC[C@H]3C(=O)NCCc3ccccn3)nc2c1                  
    CC(C)CNC(=O)CNC(=O)c1ccc2ccccc2n1                                          
    CC(C)C[C@H](NC(=O)CNC(=O)c1ccc2ccccc2n1)c1ccccc1                           
    O=C(NCC(=O)N1CCC[C@H]1CNc1cccc(Cl)c1)c1ccc2cc(F)ccc2n1                     
    O=C(NCC(=O)N1CCC[C@H]1c1ccc(Cl)cc1)c1ccc2cc(F)ccc2n1                       
    O=C(NCC(=O)N1C[C@@H](O)[C@@H](O)C1)c1ccc2ccccc2n1                          
    O=C(NCC(=O)N1C[C@H](F)C[C@H]1c1ccccc1)c1ccc2cc(Cl)ccc2n1                   
    N#Cc1ccccc1[C@H](NC(=O)CNC(=O)c1ccc2cc(Cl)ccc2n1)C1CCCC1                   
    O=C(NCC(=O)N1CCCCC1c1ccccn1)c1ccc2cc(F)ccc2n1                              
    COc1cccc(CNC(=O)CNC(=O)c2ccc3ccccc3n2)c1                                   
    CC(C)C[C@H](NC(=O)CNC(=O)c1ccc2ccccc2n1)C(=O)NCc1ccccn1                    
    CN(CCNC(=O)c1ccc2cc(Cl)ccc2n1)C(=O)CNC(=O)c1ccc2ncccc2c1                   
    O=C(NCC(=O)N1CCCC[C@H]1c1ccccc1)c1ccc2cc(Cl)ccc2n1                         
    C[C@H](NC(=O)CNC(=O)c1ccc2ccccc2n1)c1ccccc1                                
    CCCCNC(=O)[C@@H]1C[C@H](O)CN1C(=O)CNC(=O)c1ccc2cc(Cl)ccc2n1                
    O=C(NCC(=O)N1CCC1c1c[nH]cn1)c1ccc2ccccc2n1                                 
    O=C(NCC(=O)N1C[C@H](O)C[C@H]1Cc1ccccc1)c1ccc2cc(F)ccc2n1                   
    O=C(NCC(=O)N1CCCCC1C1CCCCC1)c1ccc2ccccc2n1                                 
    O=C(NCC(=O)N1C[C@H](O)C[C@@H]1C1CCCC1)c1ccc2cc(Cl)ccc2n1                   
    O=C(NCC(=O)N1CCCCC1C1CCOCC1)c1ccc2ccccc2n1                                 
    CC(C)C[C@H](NC(=O)CNC(=O)c1ccc2cc(Cl)ccc2n1)c1ccccc1                       
    O=C(NCC(=O)N1C[C@H](F)C[C@H]1C(=O)N1CCCCC1)c1ccc2ccccc2n1                  
    C[C@@H](NC(=O)CNC(=O)c1ccc2cc(Cl)ccc2n1)c1ccccc1                           
    O=C(NCC(=O)N1CCCC1C1CCCCC1)c1ccc2cc(F)ccc2n1                               
    O=C(NCC(=O)N1CCC[C@H]1c1cc(Cl)ccc1Cl)c1ccc2cc(Cl)ccc2n1                    
    O=C(NCC(=O)N1CCCC1c1ccc(Cl)cc1)c1ccc2ccccc2n1                              
    CSCC[C@H](NC(=O)CNC(=O)c1ccc2ccccc2n1)c1ccccc1                             
    O=C(NCC(=O)N1C[C@H](O)C[C@H]1c1ccc(Cl)cc1)c1ccc2cc(Cl)ccc2n1               
    CC(C)c1ccccc1NC(=O)CNC(=O)c1ccc2cc(Cl)ccc2n1                               
    O=C(NCC(=O)N1C[C@H](O)C[C@@H]1c1ccccc1)c1ccc2ccccc2n1                      
    O=C(NCC(=O)N1CCCC[C@H]1c1ccccc1)c1cc(Cl)cc(Cl)c1                           
    O=C(NCC(=O)N1CCCC[C@H]1CO)c1ccc2cc(Cl)ccc2n1                               
    O=C(NCC(=O)N1C[C@H](O)C[C@H]1CN1CCCC1)c1ccc2ccccc2n1                       
    O=C(NCC(=O)N1CCCCC1c1ccccn1)c1ccc2ccccc2n1                                 
    O=C(NCC(=O)N1C[C@H](O)C[C@H]1CO)c1ccc2ccccc2n1                             
    O=C(NCC(=O)N1CCC[C@@H]1COc1ccccc1)c1ccc2cc(F)ccc2n1                        
    O=C(NCC(=O)N1C[C@H](O)C[C@H]1c1ccccc1)c1ccc2cc(Cl)ccc2n1                   
    O=C(NCC(=O)N1CCC[C@H]1CNCc1ccccc1)c1ccc2cc(Cl)ccc2n1                       
    O=C(NCC(=O)N1CCC[C@H]1CNc1ccc(Cl)cn1)c1ccc2cc(F)ccc2n1                     
    O=C(NCC(=O)N1CCCCC1C1CCCCC1)c1ccc2cc(Cl)ccc2n1                             
    O=C(NCC(=O)N1C[C@H](O)C[C@H]1Cc1ccc(Cl)cc1)c1ccc2ccccc2n1                  
    O=C(NCC(=O)N1CCC[C@@H]1c1c[nH]c(=O)[nH]1)c1ccc2ccccc2n1                    
    O=C(NCC(=O)N1CCCCC1CNc1ccc(Cl)cc1)c1ccc2ccccc2n1                           
    Cc1ccc(NC(=O)CNC(=O)c2ccc3cc(Cl)ccc3n2)cc1                                 
    O=C(NCC(=O)N1CCCCC1c1ccc(F)cc1)c1ccc2ccccc2n1                              
    COc1cccc(NC(=O)[C@H]2C[C@H](O)CN2C(=O)CNC(=O)c2ccc3ccccc3n2)c1             
    N#Cc1cccc(NC(=O)[C@@H]2CCCN2C(=O)CNC(=O)c2ccc3cc(Cl)ccc3n2)c1              
    O=C(NCC(=O)N1CCC[C@@H]1c1ncc(Cl)cn1)c1ccc2cc(F)ccc2n1                      
    O=C(NCC(=O)N1CCCCC1)c1ccc2ccccc2n1                                         
    O=C(NCC(=O)N1CCCCC1C1CCOCC1)c1ccc2cc(Cl)ccc2n1                             
    O=C(NCC(=O)N1C[C@H](O)C[C@@H]1CO)c1ccc2cc(F)ccc2n1                         
    O=C(NCC(=O)N1C[C@H](O)C[C@H]1Cc1ccccc1)c1ccc2ccccc2n1                      
    O=C(NCC(=O)N1CC[C@H](F)[C@H]1c1ccccc1)c1ccc2ccccc2n1                       
    O=C(NCC(=O)N1C[C@H](O)C[C@H]1COc1ccc(Cl)cc1)c1ccc2ccccc2n1                 
    O=C(NCC(=O)N1CCC[C@H]1c1ccccc1)c1ccc2cc(F)ccc2n1                           
    C[C@@H](NC(=O)CNC(=O)c1ccc2ccc(Cl)cc2n1)c1ccccc1                           
    O=C(NCC(=O)N1CCCC1c1cc(Cl)ccn1)c1ccc2cc(Cl)ccc2n1                          
    Cc1ccccc1CNC(=O)CNC(=O)c1ccc2cc(F)ccc2n1                                   
    O=C(NCC(=O)N1CCCC1C1CCCCC1)c1ccc2cc(Cl)ccc2n1                              
    O=C(NCC(=O)N1CCCC[C@H]1c1ncc[nH]1)c1ccc2ccccc2n1                           
    COC[C@@H]1C[C@H](O)CN1C(=O)CNC(=O)c1ccc2ccc(F)cc2n1                        
    O=C(NCC(=O)N1CCC(F)(F)C1)c1ccc2cc(Cl)ccc2n1                                
    N#Cc1ccc(NC(=O)CNC(=O)c2ccc3cc(Cl)ccc3n2)cc1                               
    O=C(NCC(=O)N1CCC[C@H]1c1ccc(Cl)cc1)c1ccc2cc(Cl)ccc2n1                      
    O=C(NCC(=O)N1CCC[C@H]1CO)c1ccc2ccccc2n1                                    
    O=C(NCC(=O)N1CCCCC1c1cccc(Cl)c1)c1ccc2ccccc2n1                             
    O=C(NCC(=O)N1C[C@H](O)C[C@H]1Cc1ccccc1)c1ccc2cc(Cl)ccc2n1                  
    O=C(NCC(=O)N1CCCC[C@H]1CO)c1ccc2cc(F)ccc2n1                                
    O=C(NCC(=O)N1CCC[C@H]1c1ncc(OCC2CCC2)o1)c1ccc2cc(Cl)ccc2n1                 
    O=C(NCC(=O)N1CCCCC1c1ccc(F)cc1)c1ccc2cc(F)ccc2n1                           
    O=C(NCC(=O)N1CCC[C@H]1c1ccccc1)c1ccc2cc(Cl)ccc2n1                          
    O=C(NCC(=O)N1CCCC1C1CCOCC1)c1ccc2cc(Cl)ccc2n1                              
    O=C(NCC(=O)N1CCCCC1c1ccccc1)c1ccc2cc(F)ccc2n1                              
    O=C(NCC(=O)N1CC[C@H](O)[C@H]1Cc1ccccc1)c1ccc2cc(Cl)ccc2n1                  
    O=C(NCC(=O)N1CCCC[C@H]1c1ncc(Cl)cn1)c1ccc2cc(F)ccc2n1                      
    O=C(NCC(=O)N1CCC[C@H]1c1ncc(Cl)cn1)c1ccc2ccccc2n1                          
    O=C(NCC(=O)N1CCCC1Cc1ccc(Cl)cc1)c1ccc2ccccc2n1                             
    O=C(NCC(=O)N1CCCC1c1cccc(Cl)c1)c1ccc2ccccc2n1                              
    O=C(NCC(=O)N1CCCCC1c1ccc(Cl)cc1)c1ccc2ccc(Cl)cc2n1                         
    O=C(NCC(=O)N1C[C@H](O)C[C@H]1C1CCCC1)c1ccc2ccccc2n1                        
    O=C(NCC(=O)N1C[C@H](O)C[C@H]1c1ccc(Cl)c(Cl)c1)c1ccc2cc(Cl)ccc2n1           
    O=C(NCC(=O)N1CCCC1c1ccc(F)cc1)c1ccc2cc(Cl)ccc2n1                           
    O=C(NCC(=O)N1C[C@H](O)C[C@H]1C1CCCCC1)c1ccc2cc(Cl)ccc2n1                   
    CC(C)NC(=O)CNC(=O)c1ccc2cc(Cl)ccc2n1                                       
    C[C@@H](NC(=O)CNC(=O)c1ccc2ccccc2n1)C1CCCCC1                               
    COc1ccccc1[C@H](C)NC(=O)CNC(=O)c1ccc2cc(Cl)ccc2n1                          
    CN(CCNC(=O)c1ccc2cc(Cl)ccc2n1)CC(=O)N[C@H]1CCCC[C@H]1c1ccccc1              
    O=C(NCC(=O)N1C[C@H](O)C[C@H]1COc1ccccc1)c1ccc2cc(F)ccc2n1                  
    O=C(NCC(=O)N1C[C@H](O)C[C@H]1CN1CCCC1)c1cnc2ccccc2n1                       
    O=C(NCC(=O)N1CCC[C@H]1c1ccccc1)c1cnc2ccccc2n1                              
    CN(CC(=O)N1CCC[C@H]1c1ncc(F)cn1)C(=O)CNC(=O)c1ccc2ccccc2n1                 
    O=C(NCC(=O)N1C[C@H](O)C[C@H]1Cn1cccn1)c1ccc2cc(F)ccc2n1                    
    O=C(NCC(=O)N1CCCCC1c1cccc(Cl)c1)c1ccc2cc(Cl)ccc2n1                         
    O=C(NCC(=O)N1CCC[C@H]1CO)c1ccc2cc(Cl)ccc2n1                                
    O=C(NCC(=O)N1C[C@@H](O)[C@@H](O)C1)c1ccc2cc(Cl)ccc2n1                      
    CC(C)CNC(=O)CNC(=O)c1ccc2cc(Cl)ccc2n1                                      
    O=C(NCC(=O)N1CC[C@@H](c2ccccc2)C1)c1ccc2ccccc2n1                           
    COc1ccc2ccc(C(=O)NCC(=O)N3CC[C@H](O)C3)nc2c1                               
    O=C(NCC(=O)N1CCCCC1c1cccc(O)c1)c1ccc2ccccc2n1                              
    CN(CCCNC(=O)CNC(=O)c1ccc2cc(Cl)ccc2n1)C1CCCCC1                             
    O=C(NCC(=O)N1CCCC[C@H]1c1ncc[nH]1)c1ccc2cc(F)ccc2n1                        
    CC(C)C[C@H](NC(=O)CNC(=O)c1ccc2cc(F)ccc2n1)c1ccccc1                        
    O=C(NCC(=O)N1CCCCC1c1ccc(Br)cc1)c1ccc2ccccc2n1                             
    O=C(NCC(=O)N1CCCC[C@H]1CO)c1ccc2ccccc2n1                                   
    O=C(NCC(=O)N1CCCC[C@H]1Cn1cccn1)c1ccc2cc(Cl)ccc2n1                         
    O=C(NCC(=O)N1CCCCCC1c1ccc(Cl)cc1)c1ccc2cc(Cl)ccc2n1                        
    COc1ccccc1NC(=O)CNC(=O)c1ccc2cc(Cl)ccc2n1                                  
    O=C(NCC(=O)N1CCCCC1c1ccccn1)c1ccc2cc(Cl)ccc2n1                             
    O=C(NCC(=O)N1C[C@@H](O)C[C@H]1COc1ccccc1)c1ccc2ccccc2n1                    
    N#C[C@H]1CCC[C@H]1NC(=O)CNC(=O)c1ccc2cc(F)ccc2n1                           
    O=C(NCC(=O)N1CCC[C@H]1c1c[nH]cn1)c1ccc2cc(Cl)ccc2n1                        
    N#Cc1ccccc1NC(=O)CNC(=O)c1ccc2ccccc2n1                                     
    O=C(NCC(=O)N1CCCC1C1CCOCC1)c1ccc2ccc(F)cc2n1                               
    O=C(NCC(=O)N1C[C@@H](F)C[C@H]1COCc1ccccc1)c1ccc2cc(Cl)ccc2n1               
    N[C@@H]1CCN(C(=O)CNC(=O)c2ccc3ccccc3n2)[C@H]1c1ccccc1                      
    O=C(NCC(=O)N1CCCCC1c1ccc(O)cc1)c1ccc2cc(Cl)ccc2n1                          
    O=C(NCC(=O)N1CCC[C@H]1CNc1ccc(Cl)cc1)c1ccc2cc(F)ccc2n1                     
    O=C(NCC(=O)N1C[C@@H](O)[C@@H](O)C1)c1ccc2cc(F)ccc2n1                       
    O=C(NCC(=O)N1CCC[C@H]1CO)c1ccc2ccc(F)cc2n1                                 
    O=C(NCC(=O)N1CCCC1c1ncc[nH]1)c1ccc2cc(Cl)ccc2n1                            
    O=C(NCC(=O)N1CCCCC1c1ccc(O)cc1)c1ccc2cc(F)ccc2n1                           
    O=C(NCC(=O)N1CCCCC1c1c[nH]cn1)c1ccc2ccccc2n1                               
    CSCCC[C@H](NC(=O)CNC(=O)c1ccc2ccccc2n1)c1ccccc1                            
    O=C(NCC(=O)N1CCCCC1c1cccc(Cl)c1)c1ccc2cc(F)ccc2n1                          
    O=C(NCC(=O)N1C[C@H](O)C[C@H]1CO)c1ccc2cc(Cl)ccc2n1                         
    O=C(NCC(=O)N1C[C@H](O)C[C@H]1CN1CCCC1)c1ccc2cc(Cl)ccc2n1                   
    O=C(NCC(=O)N1CCCC[C@H]1c1ncc[nH]1)c1ccc2cc(Cl)ccc2n1                       
    O=C(NCC(=O)N1CCC[C@H]1COCc1ccccc1)c1ccc2cc(F)ccc2n1                        
    O=C(NCC(=O)N1C[C@@H](F)C[C@H]1Cc1ccccc1)c1ccc2ccccc2n1                     
    CN(C)C(=O)[C@@H]1CCCN1C(=O)CNC(=O)c1ccc2cc(Cl)ccc2n1                       
    O=C(NCC(=O)N1CC[C@H](F)[C@H]1COc1ccccc1)c1ccc2cc(Cl)ccc2n1                 
    O=C(NCC(=O)N1CCCC[C@@H]1c1c[nH]c(Cl)c1)c1ccc2cc(Cl)ccc2n1                  
    O=C(NCC(=O)N1CCC[C@H]1COc1ccc(Cl)cc1)c1ccc2cc(Cl)ccc2n1                    
    O=C(NCC(=O)N1CCCCC1c1ccncc1)c1ccc2cc(F)ccc2n1                              
    O=C(NCC(=O)N1CCCC1C1CCCCC1)c1ccc2ccccc2n1                                  
    O=C(NCC(=O)N1CCCCC1c1ccc(C(F)(F)F)cc1)c1ccc2ccccc2n1                       
    CSCC[C@H](N)C(=O)NC(=O)CNC(=O)c1ccc2cc(Cl)ccc2n1                           
    O=C(NCC(=O)N1CCCCC1C1CCCCC1)c1ccc2cc(F)ccc2n1                              
    O=C(NCC(=O)N1C[C@H](O)C[C@H]1Cn1ccnc1)c1ccc2ccccc2n1                       
    O=C(NCC(=O)N1CCC[C@@H]1c1ncco1)c1ccc2cc(Cl)ccc2n1                          
    Cc1ccccc1[C@H](C)NC(=O)CNC(=O)c1ccc2ccccc2n1                               
    O=C(NCC(=O)N1CCCC1C1CCOCC1)c1ccc2cc(F)ccc2n1                               
    O=C(NCC(=O)N1CCCCC1C1CCOCC1)c1ccc2cc(F)ccc2n1                              
    N#C[C@@H]1CCCN1C(=O)CNC(=O)c1ccc2cc(Cl)ccc2n1                              
    O=C(NCC(=O)N1CCC[C@H]1COCc1ccccc1)c1ccc2cc(Cl)ccc2n1                       
    O=C(NCC(=O)N1CCC[C@H]1CNC1CCCC1)c1ccc2cc(F)ccc2n1                          
    O=C(NCC(=O)N1CCC[C@H]1c1cnc(Cl)cn1)c1ccc2ccccc2n1                          
    O=C(NCC(=O)N1CCC[C@@H]1CNCc1ccc(Cl)cc1)c1ccc2cc(Cl)ccc2n1                  
    COc1ccccc1NC(=O)CNC(=O)c1ccc2ccccc2n1                                      
    O=C(NCC(=O)N1CCCC[C@H]1CNC1CCCC1)c1ccc2cc(Cl)ccc2n1                        
    O=C(NCC(=O)N1C[C@H](O)[C@@H](O)[C@H]1C1CCCCC1)c1ccc2cc(Cl)ccc2n1           
    O=C(NCC(=O)N1CCC[C@H]1c1csc(-c2ccccc2)n1)c1ccc2cc(F)ccc2n1                 
    O=C(NCC(=O)N1CCCC1c1ccc(F)cc1)c1ccc2ccccc2n1                               
    O=C(NCC(=O)N1CCCC[C@H]1c1ccccc1)c1ccc2ccc(Cl)cc2n1                         
    O=C(NCC(=O)N1CCC[C@@H]1c1c[nH]c2ccccc12)c1ccc2cc(Cl)ccc2n1                 
    CC(C)CNC(=O)CNC(=O)c1ccc2cc(F)ccc2n1                                       
    O=C(NCC(=O)N1CCC(F)(F)C1)c1ccc2ccccc2n1                                    
    O=C(NCC(=O)N1C[C@H](F)C[C@H]1COc1ccccc1)c1ccc2cc(F)ccc2n1                  
    O=C(NCC(=O)N1CC[C@H](O)[C@H]1Cc1ccccc1)c1ccc2ccccc2n1                      
    O=C(NCC(=O)N1CCCC1c1cccc(Cl)c1)c1ccc2cc(Cl)ccc2n1                          
    O=C(NCC(=O)N1CC[C@H](O)[C@H]1CO)c1ccc2cc(Cl)ccc2n1                         
    CS(=O)(=O)N1C[C@H](O)C[C@H]1C(=O)CNC(=O)c1ccc2cc(Cl)ccc2n1                 
    Cc1ccccc1[C@H](C)NC(=O)CNC(=O)c1ccc2cc(Cl)ccc2n1                           
    N#Cc1ccccc1[C@H]1CCCN1C(=O)CNC(=O)c1ccc2cc(Cl)ccc2n1                       
    CC(NC(=O)CNC(=O)c1ccc2ccccc2n1)c1ccc(-c2ccc(C(F)(F)F)cc2)cc1               
    O=C(NCC(=O)N1C[C@H](O)C[C@H]1c1ccccc1)c1cnc2ccccc2n1                       
    O=C(NCC(=O)N1CCC[C@H]1c1cnc(Cl)c(Cl)c1)c1ccc2cc(F)ccc2n1                   
    O=C(NCC(=O)N1CC[C@H](S(=O)(=O)C2CCCC2)C1)c1ccc2ccccc2n1                    
    O=C(NCC(=O)N1CCCCC1c1ccccc1Cl)c1ccc2ccccc2n1                               
    O=C(NCC(=O)N1C[C@H](O)C[C@H]1CSc1ccccc1)c1ccc2ccccc2n1                     
    CN(C)C(=O)CNC(=O)CNC(=O)c1ccc2cc(F)ccc2n1                                  
    O=C(NCC(=O)N1C[C@H](O)C[C@H]1C1CC1)c1ccc2cc(Cl)ccc2n1                      
    O=C(NCC(=O)N1C[C@H](O)C[C@H]1CN1CCCCC1)c1ccc2cc(Cl)ccc2n1                  
    O=C(NCC(=O)N1CC[C@H](O)C1)c1ccc2ccccc2n1                                   
    CSCC[C@@H](NC(=O)CNC(=O)c1ccc2cc(Cl)ccc2n1)c1ccccc1                        
    O=C(NCC(=O)N1CC[C@H](O)[C@H]1COc1ccccc1)c1ccc2cc(Cl)ccc2n1                 
    O=C(NCC(=O)N1CCC[C@@H]1c1ncc[nH]1)c1ccc2cc(F)ccc2n1                        
    O=C(NCC(=O)N1CCCC[C@H]1COCc1ccccc1)c1ccc2cc(F)ccc2n1                       
    O=C(NCC(=O)N1CCCC[C@H]1c1c[nH]cn1)c1ccc2cc(F)ccc2n1                        
    C[C@H](NC(=O)CNC(=O)c1ccc2ccccc2n1)c1ccc(Cl)cc1                            
    N#Cc1ccccc1CNC(=O)CNC(=O)c1ccc2ccccc2n1                                    
    O=C(NCC(=O)N1CCC[C@@H]1c1c[nH]cn1)c1ccc2ccccc2n1                           
    O=C(NCC(=O)N1CCCCC1c1ccc(O)cc1)c1ccc2ccccc2n1                              
    O=C(NCC(=O)N1CCCC[C@H]1CNCc1ccccc1)c1ccc2cc(Cl)ccc2n1                      
    O=C(NCC(=O)N1CCCCCC1c1ccccc1)c1ccc2cc(F)ccc2n1                             
    O=C(NCC(=O)N1CCCC1)c1ccc2ccccc2n1                                          
    O=C(NCC(=O)N1CCCC[C@H]1COCc1ccccc1)c1ccc2ccccc2n1                          
    N#Cc1ccccc1NC(=O)CNC(=O)CNC(=O)c1ccc2cc(Cl)ccc2n1                          
    C[C@H](NC(=O)CNC(=O)c1ccc2ccccc2n1)c1cccc2ccccc12                          
    O=C(NCC(=O)N1CCCC1C1CCCC1)c1ccc2cc(Cl)ccc2n1                               
    O=C(NCC(=O)N1C[C@H](O)C[C@H]1C1CCOCC1)c1ccc2cc(F)ccc2n1                    
    O=C(NCC(=O)N1CCCC[C@H]1Cc1ccccc1)c1ccc2cc(F)ccc2n1                         
    O=C(NCC(=O)N1C[C@H](O)C[C@H]1COC1CCCCC1)c1ccc2cc(F)ccc2n1                  
    CCC[C@H](NC(=O)CNC(=O)c1ccc2ccccc2n1)c1ccccc1                              
    O=C(NCC(=O)N1CCCC[C@H]1COc1ccccc1)c1ccc2cc(F)ccc2n1                        
    O=C(NCC(=O)N1CC[C@H](c2ccccc2)C1)c1ccc2cc(Cl)ccc2n1                        
    O=C(NCC(=O)N1CCCCC1c1cccc(C(F)(F)F)c1)c1ccc2ccccc2n1                       
    O=C(NCC(=O)N1C[C@H](c2ccccc2)C[C@H]1CO)c1ccc2ccccc2n1                      
    O=C(NCC(=O)N1CCC[C@H]1CNC1CCCC1)c1ccc2cc(Cl)ccc2n1                         
    O=C(NCC(=O)N1CCCC1C1CC1)c1ccc2cc(Cl)ccc2n1                                 
    C[C@@H](NC(=O)CNC(=O)c1ccc2ccccc2n1)C(N)=O                                 
    O=C(NCC(=O)N1CCC[C@H]1CN1CCCC1)c1ccc2cc(F)ccc2n1                           
    O=C(NCC(=O)N1CCC[C@H]1c1ncccn1)c1ccc2cc(F)ccc2n1                           
    CC(C)CNC(=O)c1ccc2cc(F)ccc2n1                                              
    CC(C)NC(=O)CNC(=O)c1ccc2ccccc2n1                                           
    O=C(NCC(=O)N1C[C@H](O)C[C@H]1c1ccccc1)c1ccc2cc(F)ccc2n1                    
    O=C(NCC(=O)N1CCCC[C@H]1Cc1ccccc1)c1ccc2cc(Cl)ccc2n1                        
    O=C(NCC(=O)N1CCC[C@@H]1COc1ccc(Cl)cc1)c1ccc2cc(F)ccc2n1                    
    O=C(NCC(=O)N1CCCCC1)c1ccc2cc(F)ccc2n1                                      
    O=C(NCC(=O)N1CCCC[C@H]1c1ccc(Br)cc1)c1ccc2cc(F)ccc2n1                      
    COc1ccccc1CNC(=O)CNC(=O)c1ccc2cc(Cl)ccc2n1                                 
    CSCC[C@H](NC(=O)CNC(=O)c1ccc2cc(F)ccc2n1)c1ccccc1                          
    O=C(NCC(=O)N1CCC[C@H]1COc1ccccc1)c1ccc2cc(Cl)ccc2n1                        
    O=C(NCC(=O)N1CCC[C@@H]1c1c[nH]c2ccccc12)c1ccc2cc(F)ccc2n1                  
    O=C(NCC(=O)N1C[C@H](O)C[C@H]1c1ncc[nH]1)c1ccc2cc(Cl)ccc2n1                 
    O=C(NCC(=O)N1C[C@H](O)C[C@H]1Cn1cccn1)c1ccc2ccccc2n1                       
    O=C(NCC(=O)N1CCC[C@H]1c1c[nH]c(-c2ccccc2)n1)c1ccc2ccccc2n1                 
    O=C(NCC(=O)N1CCCC[C@H]1CNC1CC1)c1ccc2ccccc2n1                              
    O=C(NCC(=O)N1C[C@H](O)C[C@H]1C1CCOCC1)c1ccc2cc(Cl)ccc2n1                   
    O=C(NCC(=O)N1CCC[C@H]1c1ncccn1)c1ccc2cc(Cl)ccc2n1                          
    O=C(NCC(=O)N1CCCC1c1ccccn1)c1ccc2cc(Br)ccc2n1                              
    O=C(NCC(=O)N1CCCCCC1c1ccccc1)c1ccc2cc(Cl)ccc2n1                            
    N#Cc1ccccc1[C@H](CNC(=O)CNC(=O)c1ccc2cc(F)ccc2n1)C1CCCC1                   
    O=C(NCC(=O)N1C[C@H](O)[C@H](O)[C@H]1Cc1ccccc1)c1ccc2ccccc2n1               
    O=C(NCC(=O)N1CCCC1c1ccccn1)c1ccc2cc(Cl)ccc2n1                              
    O=C(NCC(=O)N1CCC[C@H]1COCc1ccccc1)c1ccc2ccccc2n1                           
    O=C(NCC(=O)N1CCC[C@@H]1Cc1ccccc1)c1ccc2ccccc2n1                            
    O=C(NCC(=O)N1C[C@H](O)C[C@H]1C1CCOCC1)c1ccc2ccc(F)cc2n1                    
    O=C(NCC(=O)N1CCC[C@H]1c1cnc[nH]1)c1ccc2cc(Cl)ccc2n1                        
    O=C(NCC(=O)N1CCC[C@@H]1c1cc(-c2ccccn2)cs1)c1ccc2cc(F)ccc2n1                
    O=C(NCC(=O)N1CCCCC1c1ccncc1)c1ccc2cc(Cl)ccc2n1                             
    O=C(NCC(=O)N1CCCC1c1cccc(F)c1)c1ccc2ccccc2n1                               
    O=C(NCC(=O)N1C[C@H](O)C[C@H]1CN1CCCCC1)c1ccc2ccccc2n1                      
    CN(CCCN=C(O)CNC(=O)c1ccc2cc(F)ccc2n1)Cc1ccccc1                             
    O=C(NCC(=O)N1CC[C@H](c2cccnc2)C1)c1ccc2cc(F)ccc2n1                         
    O=C(NCC(=O)N1CC[C@H](c2ccccc2)C1)c1ccc2cc(F)ccc2n1                         
    O=C(NCC(=O)N1CCC[C@H]1CNCc1ccccc1)c1ccc2cc(F)ccc2n1                        
    O=C(NCC(=O)N1CCCCCC1)c1ccc2cc(Cl)ccc2n1                                    
    O=C(NCC(=O)N1CCC[C@H]1[C@@H](O)C1CCCC1)c1ccc2cc(F)ccc2n1                   
    O=C(NCC(=O)N1CCC[C@H]1c1c[nH]cn1)c1ccc2cc(F)ccc2n1                         
    O=C(NCC(=O)N1CCC[C@H]1COc1ccc(Cl)cc1)c1ccc2ccccc2n1                        
    O=C(NCC(=O)N1C[C@H](O)C[C@H]1C(=O)N1CCCC1)c1ccc2cc(Cl)ccc2n1               
    O=C(NCC(=O)N1CCCC1c1ccccn1)c1ccc2ccccc2n1                                  
    O=C(NCC(=O)N1C[C@H](O)C[C@H]1COCc1ccccc1)c1ccc2cc(F)ccc2n1                 
    O=C(NCC(=O)N1CCC(F)(F)C1)c1ccc2cc(F)ccc2n1                                 
    O=C(NCC(=O)N1CCCC1C1CCCC1)c1ccc2cc(F)ccc2n1                                
    O=C(NCC(=O)N1CCCCC1c1cccnc1)c1ccc2cc(F)ccc2n1                              
    O=C(NCC(=O)N1CCC[C@H]1c1ccc(Br)cc1)c1ccc2ccccc2n1                          
    O=C(NCC(=O)N1C[C@H](O)C[C@H]1CN1CC[C@H](F)C1)c1ccc2cc(Cl)ccc2n1            
    O=C(NCC(=O)N1CCCCC1c1cccc(Br)c1)c1ccc2ccccc2n1                             
    O=C(NCC(=O)N1CCCCC1C1CCCC1)c1ccc2ccccc2n1                                  
    O=C(NCC(=O)N1CCCC1C1CCNC1)c1ccc2cc(F)ccc2n1                                
    O=C(NCC(=O)N1CCC[C@H]1c1c[nH]c(-c2ccccc2)n1)c1ccc2cc(F)ccc2n1              
    O=C(NCC(=O)N1CCC[C@H]1c1ncc(Cl)c(Cl)c1Cl)c1ccc2cc(F)ccc2n1                 
    O=C(NCC(=O)N1CCCCC1c1ccc(Br)cc1)c1ccc2cc(Cl)ccc2n1                         
    O=C(NCC(=O)N1CCC[C@@H]1c1nc(-c2ccccc2)cs1)c1ccc2cc(F)ccc2n1                
    O=C(NCC(=O)N1CCCC[C@H]1COCc1ccccc1)c1ccc2cc(Cl)ccc2n1                      
    O=C(NCC(=O)N1C[C@H](O)[C@H](c2ccccc2)C1)c1ccc2ccccc2n1                     
    O=C(NCC(=O)N1C[C@H](O)C[C@H]1Cn1cccn1)c1ccc2cc(Cl)ccc2n1                   
    O=C(NCC(=O)N1C[C@@H]([C@H](O)c2ccccc2)[C@@H](O)C1)c1ccc2cc(Cl)ccc2n1       
    CC(C)c1ccccc1NC(=O)CNC(=O)c1ccc2ccccc2n1                                   
    O=C(NCC(=O)N1CCCC[C@H]1CN1CCCC1)c1ccc2cc(Cl)ccc2n1                         
    O=C(NCC(=O)N1CCCCC1c1cccc(O)c1)c1ccc2cc(Cl)ccc2n1                          
    N[C@@H]1CCN(C(=O)CNC(=O)c2ccc3ccccc3n2)[C@H]1C(=O)NCc1ccccc1               
    N#Cc1cccc(NC(=O)CNC(=O)c2ccc3cc(Cl)ccc3n2)c1                               
    CN(C)C(=O)CNC(=O)CNC(=O)c1ccc2ccccc2n1                                     
    O=C(NCC(=O)N1C[C@H](O)C[C@H]1c1ccccc1)c1ccc2ccc(Cl)cc2n1                   
    O=C(NCC(=O)N1CCCCC1Cc1ccncc1)c1ccc2cc(F)ccc2n1                             
    O=C(NCC(=O)N1C[C@H](O)C[C@H]1Cc1ccc(Cl)cc1)c1ccc2cc(F)ccc2n1               
    CC(C)CNC(=O)[C@@H]1CCCN1C(=O)CNC(=O)c1ccc2cc(Cl)ccc2n1                     
    O=C(NCC(=O)N1CCCC[C@H]1c1ccccc1)c1ccc2c(Cl)cccc2n1                         
    O=C(NCC(=O)N1C[C@H](O)C[C@H]1COCc1ccccc1)c1ccc2cc(Cl)ccc2n1                
    CC1CCC(NC(=O)[C@H]2CCCN2C(=O)CNC(=O)c2ccc3cc(Cl)ccc3n2)CC1                 
    O=C(NCC(=O)N1C[C@H](F)C[C@H]1c1ccccc1)c1ccc2ccccc2n1                       
    O=C(NCC(=O)N1CCC[C@H]1CNc1ncccn1)c1ccc2ccccc2n1                            
    O=C(NCC(=O)N1C[C@H](F)C[C@H]1COc1ccc(Cl)cc1)c1ccc2ccccc2n1                 
    O=C(NCC(=O)N1CCCCC1c1cccnc1)c1ccc2ccccc2n1                                 
    O=C(NCC(=O)N1CCCCC1Cc1ccccc1)c1cnc2ccccc2n1                                
    O=C(NCC(=O)N1CCCC[C@H]1CN1CCCC1)c1ccc2ccccc2n1                             
    O=C(NCC(=O)N1CCCCC1C1CCCCC1)c1cnc2ccccc2n1                                 
    O=C(NCC(=O)N1CCC[C@H]1c1ncc(Cl)cn1)c1ccc2cc(Cl)ccc2n1                      
    N#Cc1ccccc1NC(=O)CNC(=O)c1ccc2cc(Cl)ccc2n1                                 
    O=C(NCC(=O)N1CCCCC1Cc1ccc(Cl)cc1)c1ccc2ccccc2n1                            
    O=C(NCC(=O)N1CC[C@H](O)[C@H]1CN1CCCC1)c1ccc2cc(F)ccc2n1                    
    COc1ccc(NC(=O)CNC(=O)c2ccc3cc(Cl)ccc3n2)cc1                                
    O=C(NCC(=O)N1CC[C@H](O)C1)c1ccc2cc(Cl)ccc2n1                               
    O=C(NCC(=O)N1CCC[C@H]1CNc1ccc(Cl)cc1)c1ccc2cc(Cl)ccc2n1                    
    Cc1ccc(NC(=O)[C@H]2C[C@H](O)CN2C(=O)CNC(=O)c2ccc3ccccc3n2)cc1              
    O=C(NCC(=O)N1C[C@H](O)C[C@H]1c1ncc[nH]1)c1ccc2ccccc2n1                     
    O=C(NCC(=O)N1CCCC1c1ccccn1)c1ccc2cc(F)ccc2n1                               
    CCC[C@H](NC(=O)CNC(=O)c1ccc2cc(F)ccc2n1)c1ccccc1                           
    O=C(NCC(=O)N1CCCCCC1c1ccc(Cl)cc1)c1ccc2cc(F)ccc2n1                         
    O=C(NCC(=O)N1CCC[C@H]1COc1cc(Cl)ccc1Cl)c1ccc2cc(F)ccc2n1                   
    O=C(NCC(=O)N1C[C@H](O)C[C@H]1c1ncc[nH]1)c1ccc2cc(F)ccc2n1                  
    O=C(NCC(=O)N1C[C@H](O)C[C@H]1COC1CCCC1)c1ccc2ccccc2n1                      
    O=C(NCC(=O)N1CCCC1)c1ccc2cc(Cl)ccc2n1                                      
    CC(C)NC(=O)CNC(=O)c1ccc2cc(F)ccc2n1                                        
    O=C(NCC(=O)N1CCCCC1C1CCCC1)c1ccc2cc(Cl)ccc2n1                              
    O=C(NCC(=O)N1CC[C@H](O)[C@H]1COc1ccccc1)c1ccc2cc(F)ccc2n1                  
    O=C(NCC(=O)N1C[C@@H](Cc2ccccc2)[C@@H](O)C1)c1ccc2ccccc2n1                  
    COc1cccc(CNC(=O)CNC(=O)c2ccc3cc(Cl)ccc3n2)c1                               
    N#Cc1ccc(NC(=O)CNC(=O)c2ccc3ccccc3n2)cc1                                   
    CCC[C@H](NC(=O)CNC(=O)c1ccc2cc(Cl)ccc2n1)c1ccccc1                          
    Cc1ccc(NC(=O)CNC(=O)c2ccc3cc(F)ccc3n2)cc1                                  
    O=C(NCC(=O)N1CCCC1c1ccc([N+](=O)[O-])cc1)c1ccc2ccccc2n1                    
    O=C(NCC(=O)N1CC[C@H](O)[C@H]1Cc1ccc(Cl)cc1)c1ccc2ccccc2n1                  
    O=C(NCC(=O)N1CCCCCC1c1ccc(O)cc1)c1ccc2cc(Cl)ccc2n1                         
    O=C(NCC(=O)N1CCCCCC1c1ccccc1)c1ccc2ccccc2n1                                
    O=C(NCC(=O)N1CCCC[C@H]1c1cnc[nH]1)c1ccc2cc(F)ccc2n1                        
    O=C(NCC(=O)N1CCCC1C1CCOCC1)c1ccc2ccccc2n1                                  
    O=C(NCC(=O)N1C[C@H](O)C[C@H]1c1nccs1)c1ccc2ccccc2n1                        
    C[C@@H](NC(=O)CNC(=O)c1ccc2cccnc2n1)c1ccccc1                               
    O=C(NCC(=O)N1CCCC[C@H]1CNCc1ccccc1)c1ccc2cc(F)ccc2n1                       
    O=C(NCC(=O)N1CCCC[C@H]1CNC1CCCC1)c1ccc2cc(F)ccc2n1                         
    O=C(NCC(=O)N1CC[C@H](c2cnc[nH]2)C1)c1ccc2cc(F)ccc2n1                       
    CN(C)c1cccc(CNC(=O)CNC(=O)c2ccc3ccccc3n2)c1                                
    O=C(NCC(=O)N1CCC(F)(F)C[C@H]1c1ccccc1)c1ccc2cc(F)ccc2n1                    
    O=C(NCC(=O)N1CCCC[C@H]1c1ccccc1)c1ccc2cc(C(F)(F)F)ccc2n1                   
    O=C(NCC(=O)N1CCC[C@H]1c1ccc(Cl)c(Cl)c1)c1ccc2ccccc2n1                      
    COc1cccc(NC(=O)CNC(=O)c2ccc3cc(Cl)ccc3n2)c1                                
    O=C(NCC(=O)N1CC[C@H](O)[C@H]1Cc1ccccc1)c1ccc2c(Cl)cccc2n1                  
    O=C(NCC(=O)N1CCCC1c1ccc(C(F)(F)F)cc1)c1ccc2ccccc2n1                        
    O=C(NCC(=O)N1CCCCC1c1cccnc1)c1ccc2cc(Cl)ccc2n1                             
    O=C(NCC(=O)N1CC[C@H](O)[C@H]1c1ccccc1)c1ccc2cc(F)ccc2n1                    
    O=C(NCC(=O)N1C[C@H](F)C[C@H]1c1ccc(Cl)cc1)c1ccc2ccccc2n1                   
    N#C[C@@H]1CCCN1C(=O)CNC(=O)c1ccc2ccccc2n1                                  
    O=C(NCC(=O)N1CCC[C@H]1c1nc(-c2ccccc2)co1)c1ccc2cc(Cl)ccc2n1                
    O=C(NCC(=O)N1CCC(F)(F)C1)c1ccc2ccc(F)cc2n1                                 
    COc1ccccc1NC(=O)CNC(=O)c1ccc2cc(F)ccc2n1                                   
    O=C(NCC(=O)N1C[C@H](F)C[C@H]1C1CCCC1)c1ccc2ccccc2n1                        
    O=C(NCC(=O)N1CCCCC1)c1ccc2cc(C(F)(F)F)ccc2n1                               
    O=C(NCC(=O)N1CCC[C@H]1Cn1cccn1)c1ccc2cc(Cl)ccc2n1                          
    O=C(NCC(=O)N1CCCC[C@H]1c1c[nH]cn1)c1ccc2cc(Cl)ccc2n1                       
    O=C(NCC(=O)N1C[C@H](O)C[C@H]1COc1cccnc1)c1ccc2cc(Cl)ccc2n1                 
    O=C(NCC(=O)N1CCCCC1c1cccc(F)c1)c1ccc2cc(Cl)ccc2n1                          
    O=C(NCC(=O)N1CC[C@H](O)C1)c1ccc2cc(F)ccc2n1                                
    O=C(NCC(=O)N1CCCCCC1c1ccc(Cl)cc1)c1ccc2ccccc2n1                            
    CC(C)[C@H]1C[C@@H](O)CN1C(=O)CNC(=O)c1ccc2ccccc2n1                         
    O=C(NCC(=O)N1CCCC[C@H]1c1c[nH]c(-c2ccccc2)n1)c1ccc2ccccc2n1                
    O=C(NCC(=O)N1C[C@H](O)[C@H](O)[C@H]1C1CCCC1)c1ccc2cc(F)ccc2n1              
    O=C(NCC(=O)N1CCC[C@H]1c1ccccc1)c1ccc2c(Cl)cccc2n1                          
    O=C(NCC(=O)N1C[C@H](O)C[C@H]1c1ccc(Cl)cc1)c1ccc2cc(F)ccc2n1                
    O=C(NCC(=O)N1CCC[C@@H]1c1cnc[nH]1)c1ccc2cc(F)ccc2n1                        
    O=C(NCC(=O)N1CCC[C@@H]1c1cnc(N2CCCC2)nc1)c1ccc2cc(F)ccc2n1                 
    O=C(NCC(=O)N1CCC[C@H]1CNCc1ccc(Cl)cc1)c1ccc2ccccc2n1                       
    COC[C@@H]1CCCN1C(=O)CNC(=O)c1ccc2cc(Cl)ccc2n1                              
    O=C(NCC(=O)N1CCCCC1c1cccc(F)c1)c1ccc2cc(F)ccc2n1                           
    Cc1ccccc1CNC(=O)CNC(=O)c1ccc2ccccc2n1                                      
    CCC[C@@H]1C[C@@H](O)CN1C(=O)CNC(=O)c1ccc2cc(Cl)ccc2n1                      
    O=C(NCC(=O)N1C[C@H](O)[C@H](O)[C@@H]1C1CC1)c1ccc2ccccc2n1                  
    O=C(NCC(=O)N1C[C@H](c2ccccc2)C[C@H]1c1cccnc1)c1ccc2cc(F)ccc2n1             
    CC(C)NC(=O)[C@H]1CCCN1C(=O)CNC(=O)c1ccc2cc(Cl)ccc2n1                       
    COc1cccc(NC(=O)CNC(=O)c2ccc3ccccc3n2)c1                                    
    CN1CCN(c2ccc(/C=C/c3nc4ccccc4c(=O)n3CC3CCCCC3)cc2)CC1                      
    O=C(NCC(=O)N1CCCCC1c1ccc(OC(F)(F)F)cc1)c1ccc2ccccc2n1                      
    O=C(NCC(=O)N1CCCC1c1cccnc1)c1ccc2cc(Cl)ccc2n1                              
    CC(C)[C@@H]1C[C@H](F)CN1C(=O)CNC(=O)c1ccc2cc(F)ccc2n1                      
    O=C(NCC(=O)N1CCC[C@H]1Cc1cnc[nH]1)c1ccc2cc(Cl)ccc2n1                       
    CN(C)C(=O)[C@@H]1CCCN1C(=O)CNC(=O)c1ccc2ccccc2n1                           
    O=C(NCC(=O)N1CCCCCC1C1CC1)c1ccc2cc(F)ccc2n1                                
    O=C(NCC(=O)N1C[C@H](O)[C@H](O)[C@H]1C1CC1)c1ccc2cc(F)ccc2n1                
    N#Cc1ccccc1[C@H]1CCCN1C(=O)CNC(=O)c1ccc2ccccc2n1                           
    O=C(NCC(=O)N1C[C@H](O)C[C@H]1COc1ccc(Cl)cc1)c1ccc2cc(Cl)ccc2n1             
    N#Cc1ccccc1NC(=O)CNC(=O)CNC(=O)c1ccc2ccccc2n1                              
    O=C(NCC(=O)N1CCC1c1ccc(Cl)cc1)c1ccc2cc(F)ccc2n1                            
    O=C(NCC(=O)N1C[C@H](O)C[C@H]1c1cccc(Cl)c1)c1ccc2cc(F)ccc2n1                
    O=C(NCC(=O)N1CCC[C@H]1Cc1ccccc1)c1ccc2cc(F)ccc2n1                          
    O=C(NCC(=O)N1C[C@H](O)C[C@H]1CN1CCCC1)c1ccc2cc(F)ccc2n1                    
    O=C(NCC(=O)N1CCCC[C@H]1c1ncc(Cl)cn1)c1ccc2cc(Cl)ccc2n1                     
    O=C(NCC(=O)N1C[C@H](O)C[C@H]1CNC1CCCC1)c1ccc2ccccc2n1                      
    CN(CCNC(=O)c1ccc2cc(F)ccc2n1)C(=O)[C@H]1C[C@H](O)CN1C1CCCCC1               
    O=C(NCC(=O)N1CCCC[C@H]1c1cocn1)c1ccc2ccccc2n1                              
    C[C@H](NC(=O)CNC(=O)c1ccc2c(Cl)cccc2n1)c1ccccc1                            
    O=C(NCC(=O)N1CCCCC1c1cccc(F)c1)c1ccc2ccccc2n1                              
    O=C(NCC(=O)N1CCCC[C@H]1c1ncc(Cl)cn1)c1ccc2ccccc2n1                         
    O=C(NCC(=O)N1CC[C@H](c2ccc(Cl)cc2)C1)c1ccc2ccccc2n1                        
    O=C(NCC(=O)N1C[C@H](O)[C@H](O)[C@H]1c1cccnc1)c1ccc2ccccc2n1                
    O=C(NCC(=O)N1CC[C@H](O)[C@H]1Cc1ccccc1)c1ccc2cc(F)ccc2n1                   
    C[C@@H](NC(=O)CNC(=O)c1ccc2cc(Br)ccc2n1)c1ccccc1                           
    O=C(NCC(=O)N1C[C@H](O)C[C@H]1c1ncccn1)c1ccc2cc(F)ccc2n1                    
    C[C@@H](NC(=O)CNC(=O)c1cnc2ccccc2n1)c1ccccc1                               
    O=C(NCC(=O)N1C[C@H](O)C[C@H]1c1ccccc1)c1ccc2c(Cl)cccc2n1                   
    O=C(NCC(=O)N1CC[C@H](c2cccnc2)C1)c1ccc2ccccc2n1                            
    O=C(NCC(=O)N1C[C@H](O)C[C@H]1C1CC1)c1ccc2cc(F)ccc2n1                       
    O=C(NCC(=O)N1CCCC1C1CCCC1)c1ccc2ccccc2n1                                   
    O=C(NCC(=O)N1CCCC1c1cccc(O)c1)c1ccc2ccccc2n1                               
    CN(C)C(=O)CNC(=O)CNC(=O)c1ccc2cc(Cl)ccc2n1                                 
    CC(C)CNC(=O)c1ccc2ccccc2n1                                                 
    CN(CCNC(=O)c1ccc2cc(F)ccc2n1)[C@H]1CCCC[C@H]1c1ccccc1                      
    COc1ccccc1[C@H](C)NC(=O)CNC(=O)c1ccc2ccccc2n1                              
    O=C(NCC(=O)N1CCC[C@H]1CN1CCCC1)c1ccc2ccccc2n1                              
    O=C(NCC(=O)N1CCCC[C@H]1c1ncccn1)c1ccc2cc(Cl)ccc2n1                         
    O=C(NCC(=O)N1C[C@H](O)C[C@H]1COc1ccc(Cl)cc1)c1ccc2cc(F)ccc2n1              
    O=C(NCC(=O)N1CC(F)C[C@H]1c1ncc[nH]1)c1ccc2cc(Cl)ccc2n1                     
    CC(C)[C@H](NC(=O)CNC(=O)c1ccc2ccccc2n1)c1ccccc1                            
    O=C(NCC(=O)N1CCCCC1C1CCCC1)c1ccc2cc(F)ccc2n1                               
    O=C(NCC(=O)N1CCC[C@@H]1c1nc(-c2ccccc2)co1)c1ccc2ccccc2n1                   
    O=C(NCC(=O)N1CCCC[C@H]1CNC1CCCC1)c1ccc2ccccc2n1                            
    O=C(NCC(=O)N1CCCCC1c1ccc(OC(F)(F)F)cc1)c1ccc2cc(F)ccc2n1                   
    CN(CC(=O)N1CCC[C@H]1c1ccccc1)C(=O)CNC(=O)c1ccc2ccccc2n1                    
    O=C(NCC(=O)N1CCC[C@H]1c1ncc(OC2CCCC2)o1)c1ccc2cc(F)ccc2n1                  
    O=C(NCC(=O)N1CCC[C@H]1CNCc1ccc(Cl)cc1)c1ccc2cc(F)ccc2n1                    
    O=C(NCC(=O)N1CCC[C@H]1c1ccccc1)c1ccc2ccc(Cl)cc2n1                          
    O=C(NCC(=O)N1CCC[C@H]1COc1ccccc1)c1ccc2ccccc2n1                            
    O=C(NCC(=O)N1CCCCC1c1cc(F)cc(F)c1)c1ccc2cc(Cl)ccc2n1                       
    O=C(NCC(=O)N1C[C@H](O)C[C@H]1c1ncc(Cl)cn1)c1ccc2cc(Cl)ccc2n1               
    O=C(NCC(=O)N1CCCC1c1ccc(F)cc1)c1ccc2cc(F)ccc2n1                            
    O=C(NCC(=O)N1CCCCC1CCc1ccccc1)c1ccc2ccccc2n1                               
    N[C@@H]1CCN(C(=O)CNC(=O)c2ccc3cc(Cl)ccc3n2)[C@H]1C(=O)NC1CCCC1             
    O=C(NCC(=O)N1CCCCC1c1ccc([N+](=O)[O-])cc1)c1ccc2cc(Cl)ccc2n1               
    Cc1ccc(NC(=O)CNC(=O)c2ccc3ccccc3n2)c(C)c1                                  
    O=C(NCC(=O)N1C[C@H](O)C[C@H]1CNC1CCCC1)c1ccc2cc(F)ccc2n1                   
    O=C(NCC(=O)N1CCC[C@H]1CNC1CCCC1)c1ccc2ccccc2n1                             
    O=C(NCC(=O)N1CCCCC1c1ccc(Cl)cc1)c1ccc2c(Cl)cccc2n1                         
    O=C(NCC(=O)N1CCCCC1c1ccccc1)c1ccc2cc(OC(F)(F)F)ccc2n1                      
    O=C(NCC(=O)N1CCCCC1CNc1ccccn1)c1ccc2cc(F)ccc2n1                            
    O=C(NCC(=O)N1CCCCC1c1ccccc1)c1ccc2ccc(F)cc2n1                              
    C[C@H](NC(=O)CNC(=O)c1ccc2ccccc2n1)[C@H](O)c1ccccc1                        
    O=C(NCC(=O)N1CCCC[C@H]1c1ncccn1)c1ccc2cc(F)ccc2n1                          
    C[C@@H]1C[C@@H](c2ccccc2)N(C(=O)CNC(=O)c2ccc3[nH]ccc3n2)[C@H]1C(=O)NCc1ccccc1
    C[C@@H]1C[C@@H](C(=O)NCc2cccc(C(F)(F)F)c2)N(C(=O)CNC(=O)c2ccc3ccccc3n2)C1  
    CN(CCNC(=O)CNC(=O)c1ccc2ccccc2n1)c1ccccc1                                  
    O=C(NCC(=O)N1CCCCC1c1cc(F)cc(F)c1)c1ccc2ccccc2n1                           
    CN(CC(=O)N1CCC[C@H]1c1ncc(Cl)cn1)C(=O)CNC(=O)c1ccc2ccccc2n1                
    O=C(NCC(=O)N1C[C@H](F)C[C@H]1c1ncc[nH]1)c1ccc2ccccc2n1                     
    O=C(NCC(=O)N1CCC[C@H]1CNCc1ccccc1)c1ccc2ccccc2n1                           
    Cc1ccc(NC(=O)CNC(=O)c2ccc3ccccc3n2)cc1                                     
    COc1ccccc1CNC(=O)CNC(=O)c1ccc2cc(F)ccc2n1                                  
    O=C(NCC(=O)N1C[C@H](O)C[C@H]1c1cccc(Cl)c1)c1ccc2ccccc2n1                   
    O=C(NCC(=O)N1CCC[C@H]1CNC1CCCCC1)c1ccc2cc(Cl)ccc2n1                        
    COc1ccccc1CNC(=O)CNC(=O)c1ccc2ccccc2n1                                     
    N#Cc1cccc(NC(=O)CNC(=O)c2ccc3ccccc3n2)c1                                   
    O=C(NCC(=O)N1CCC[C@H]1CN1CCCC1)c1ccc2cc(Cl)ccc2n1                          
    O=C(NCC(=O)N1CCCCC1C1CC1)c1ccc2cc(Cl)ccc2n1                                
    O=C(NCC(=O)N1CCCC[C@H]1c1nc(-c2ccccc2)co1)c1ccc2cc(F)ccc2n1                
    O=C(NCC(=O)N1CCCC[C@H]1COc1ccccc1)c1ccc2cc(Cl)ccc2n1                       
    O=C(NCC(=O)N1C[C@H](O)C[C@H]1Cc1cnccn1)c1ccc2cc(F)ccc2n1                   
    O=C(NCC(=O)N1CCCC[C@H]1c1c[nH]c(-c2ccccc2)n1)c1ccc2cc(F)ccc2n1             
    CC(NC(=O)CNC(=O)c1ccc2ccccc2n1)c1ccc(-c2ccccc2)cc1                         
    O=C(NCC(=O)N1CCCCC[C@H]1c1ncc[nH]1)c1ccc2cc(Cl)ccc2n1                      
    O=C(NCC(=O)N1CCC[C@H]1c1nc(-c2ccccc2)co1)c1ccc2cc(F)ccc2n1                 
    O=C(NCC(=O)N1CCCC1c1ccc(OC(F)(F)F)cc1)c1ccc2cc(Cl)ccc2n1                   
    O=C(NCC(=O)N1C[C@H](O)C[C@H]1Cc1ccc(Cl)cc1)c1ccc2cc(Cl)ccc2n1              
    CN(CCCc1ccccn1)C(=O)CNC(=O)c1ccc2cc(Cl)ccc2n1                              
    O=C(NCC(=O)N1CC[C@H](c2ccc(F)cc2)C1)c1ccc2cc(F)ccc2n1                      
    O=C(NCC(=O)N1CCC[C@H]1c1nc[nH]n1)c1ccc2ccccc2n1                            
    O=C(NCC(=O)N1C[C@H](O)C[C@H]1COc1ccccc1)c1ccc2c(Cl)cccc2n1                 
    CCC[C@@H]1C[C@@H](O)CN1C(=O)CNC(=O)c1ccc2ccccc2n1                          
    O=C(NCC(=O)N1CCC[C@H]1c1c[nH]c(-c2ccccc2)n1)c1ccc2cc(Cl)ccc2n1             
    O=C(NCC(=O)N1C[C@H](O)C[C@H]1COc1ccc(C(F)(F)F)cc1)c1ccc2ccccc2n1           
    O=C(NCC(=O)N1CC[C@H](O)[C@H]1Cc1ccc(Cl)cc1)c1ccc2cc(Cl)ccc2n1              
    O=C(NCC(=O)N1C[C@H](O)C[C@H]1C1CCCCC1)c1ccc2ccccc2n1                       
    O=C(NCC(=O)N1CCCCC1c1ccc(C(F)(F)F)cc1)c1ccc2cc(Cl)ccc2n1                   
    O=C(NCC(=O)N1CCCCC1c1ccc(C(F)(F)F)cc1)c1ccc2cc(F)ccc2n1                    
    CN(CC(=O)N1CCC[C@H]1c1ncccn1)C(=O)CNC(=O)c1ccc2ccccc2n1                    
    Cc1ccccc1CNC(=O)CNC(=O)c1ccc2cc(Cl)ccc2n1                                  
    O=C(NCC(=O)N1CCCCC1c1cccc([N+](=O)[O-])c1)c1ccc2ccccc2n1                   
    O=C(NCC(=O)N1CCCC1c1cccnc1)c1ccc2cc(F)ccc2n1                               
    CN(CCNC(=O)c1ccc2cc(Cl)ccc2n1)C(=O)CN1CCCCC1                               
    O=C(NCC(=O)N1CCCC(F)C1)c1ccc2cc(Cl)ccc2n1                                  
    O=C(NCC(=O)N1CCCCC1c1ccccc1)c1cnc2ccccc2n1                                 
    CC(C)(C)CNC(=O)CNC(=O)c1ccc2cc(Cl)ccc2n1                                   
    CC(C)C[C@H](NC(=O)CNC(=O)c1ccc2ccccc2n1)C(=O)NCc1ccccc1                    
    O=C(NCC(=O)N1CCCC1c1cccc(Cl)c1)c1ccc2cc(F)ccc2n1                           
    O=C(NCC(=O)N1CCC[C@@H]1c1ncc[nH]1)c1ccc2ccccc2n1                           
    COc1ccccc1NC(=O)[C@@H]1CCCN1C(=O)CNC(=O)c1ccc2cc(Cl)ccc2n1                 
    O=C(NCC(=O)N1CCC[C@H]1CO)c1ccc2c(F)cccc2n1                                 
    O=C(NCC(=O)N1CCCC1c1cccc(C(F)(F)F)c1)c1ccc2ccccc2n1                        
    O=C(NCC(=O)N1C[C@H](O)C[C@H]1CN1CCCCC1)c1ccc2cc(F)ccc2n1                   
    O=C(NCC(=O)N1CCCC1c1ccncc1)c1ccc2cc(Cl)ccc2n1                              
    Nc1ccc(CNC(=O)CNC(=O)c2ccc3ccccc3n2)cc1                                    
    O=C(NCC(=O)N1CCCC[C@H]1c1nc(-c2ccccc2)cs1)c1ccc2cc(Cl)ccc2n1               
    O=C(NCC(=O)N1CCCC[C@H]1c1nc(-c2ccccc2)co1)c1ccc2cc(Cl)ccc2n1               
    O=C(NCC(=O)N1CC[C@H](O)[C@H]1Cc1ccc(Cl)cc1)c1ccc2cc(F)ccc2n1               
    O=C(NCC(=O)N1CCCCC1c1cccc(O)c1)c1ccc2cc(F)ccc2n1                           
    O=C(NCC(=O)N1C[C@H](O)[C@H](c2ccc(Cl)cc2)C1)c1ccc2ccccc2n1                 
    O=C(NCC(=O)N1CCC[C@H]1Cn1cccn1)c1ccc2cc(F)ccc2n1                           
    O=C(NCC(=O)N1CCC[C@H]1Cc1ccc(Cl)cc1)c1ccc2cc(F)ccc2n1                      
    O=C(NCC(=O)N1CCC[C@H]1c1nc(-c2ccccc2)cs1)c1ccc2cc(Cl)ccc2n1                
    O=C(NCC(=O)N1C[C@H](O)[C@H](c2ccccc2)C1)c1ccc2cc(F)ccc2n1                  
    O=C(NCC(=O)N1CCC[C@H]1Cn1cccn1)c1ccc2ccccc2n1                              
    COc1ccccc1NC(=O)CNC(=O)CNC(=O)c1ccc2cc(Cl)ccc2n1                           
    Cc1ccccc1[C@H](C)NC(=O)CNC(=O)c1ccc2cc(F)ccc2n1                            
    O=C(NCC(=O)N1CC[C@H](c2cccnc2)C1)c1ccc2cc(Cl)ccc2n1                        
    O=C(NCC(=O)N1CCCC1c1ccc(OC(F)(F)F)cc1)c1ccc2ccccc2n1                       
    CN(CCNC(=O)c1ccc2cc(Cl)ccc2n1)C(=O)CNC(=O)c1cccc2ccccc12                   
    O=C(NCC(=O)N1CC[C@H](c2ncc[nH]2)C1)c1ccc2ccccc2n1                          
    O=C(NCC(=O)N1CC[C@H](c2ccc(Cl)cc2)C1)c1ccc2cc(F)ccc2n1                     
    O=C(NCC(=O)N1CCCCCC1c1ccc(F)cc1)c1ccc2cc(Cl)ccc2n1                         
    C[C@H](NC(=O)CNC(=O)c1ccc2ccccc2n1)c1cccc(Cl)c1                            
    O=C(NCC(=O)N1C[C@H](O)C[C@H]1/C=C/c1ccccc1)c1ccc2ccccc2n1                  
    O=C(NCC(=O)N1CCCC[C@H]1c1nc(-c2ccccc2)co1)c1ccc2ccccc2n1                   
    O=C(NCC(=O)N1CCCCC1c1ccc(Cl)cc1)c1ccc2cc(C(F)(F)F)ccc2n1                   
    O=C(NCC(=O)N1CCCC[C@H]1CNc1ccc(Cl)cc1)c1ccc2cc(Cl)ccc2n1                   
    O=C(NCC(=O)N1CCCC1c1ccncc1)c1ccc2cc(F)ccc2n1                               
    O=C(NCC(=O)N1C[C@H](O)C[C@H]1c1ccc(Cl)c(Cl)c1)c1ccc2ccccc2n1               
    CC(C)CCNC(=O)CNC(=O)c1ccc2cc(Cl)ccc2n1                                     
    O=C(NCC(=O)N1CCCC1)c1ccc2cc(F)ccc2n1                                       
    CC(C)[C@H](NC(=O)CNC(=O)c1ccc2cc(Cl)ccc2n1)c1ccccc1                        
    CC(C)C[C@H](NC(=O)CNC(=O)c1ccc2ccccc2n1)C(=O)NC1CCCC1                      
    O=C(NCC(=O)N1CCCC[C@H]1c1nc(-c2ccccc2)cs1)c1ccc2cc(F)ccc2n1                
    O=C(NCC(=O)N1CCC[C@H]1CNc1ccc(Cl)cc1)c1ccc2ccccc2n1                        
    O=C(NCC(=O)N1CCCCC1Cc1ccccn1)c1ccc2ccccc2n1                                
    CC(C)NC(=O)CNC(=O)CNC(=O)c1ccc2cc(Cl)ccc2n1                                
    O=C(NCC(=O)N1CCCCCC1C1CCOCC1)c1ccc2cc(Cl)ccc2n1                            
    N[C@@H]1CCN(C(=O)CNC(=O)c2ccc3cc(Cl)ccc3n2)[C@H]1CO                        
    O=C(NCC(=O)N1CC[C@H](c2ccncc2)C1)c1ccc2cc(F)ccc2n1                         
    COC[C@H](NC(=O)CNC(=O)c1ccc2ccccc2n1)c1ccccc1                              
    O=C(NCC(=O)N1CCCC[C@H]1CNCc1ccccc1)c1ccc2ccccc2n1                          
    O=C(NCC(=O)N1CCCC1c1ccc(O)cc1)c1ccc2ccccc2n1                               
    COCCNC(=O)CNC(=O)c1ccc2cc(Cl)ccc2n1                                        
    O=C(NCC(=O)N1CCC[C@H]1c1ncccn1)c1ccc2ccccc2n1                              
    O=C(NCC(=O)N1CC[C@H](O)[C@H]1CO)c1ccc2cc(F)ccc2n1                          
    O=C(NCC(=O)N1CC[C@H](O)[C@H]1c1ccccc1)c1ccc2cc(Cl)ccc2n1                   
    O=C(NCC(=O)N1CCCC[C@H]1Cn1cccn1)c1ccc2cc(F)ccc2n1                          
    O=C(NCC(=O)N1CCCC[C@H]1CNc1ccc(Cl)cc1)c1ccc2cc(F)ccc2n1                    
    O=C(NCC(=O)N1C[C@H](O)[C@H](c2ccccc2)C1)c1ccc2cc(Cl)ccc2n1                 
    O=C(NCC(=O)N1C[C@H](O)C[C@H]1COCc1ccc(Cl)cc1)c1ccc2ccccc2n1                
    O=C(NCC(=O)N1C[C@H](F)C[C@H]1COc1ccccc1)c1ccc2ccccc2n1                     
    O=C(NCC(=O)N1CCCC1c1cccc(F)c1)c1ccc2cc(Cl)ccc2n1                           
    O=C(NCC(=O)N1C[C@@H](F)C[C@H]1c1ccccc1)c1ccc2cc(F)ccc2n1                   
    O=C(NCC(=O)N1CC[C@H](O)[C@H]1COc1ccccc1)c1ccc2ccccc2n1                     
    O=C(NCC(=O)N1CCCCC1CCO)c1ccc2ccccc2n1                                      
    N[C@@H]1CCN(C(=O)CNC(=O)c2ccc3cc(Cl)ccc3n2)[C@H]1c1ccccc1                  
    Cc1ccccc1NC(=O)CNC(=O)c1ccc2cc(Cl)ccc2n1                                   
    O=C(NCC(=O)N1CCCC[C@H]1c1c[nH]c2ccccc12)c1ccc2cc(F)ccc2n1                  
    O=C(NCC(=O)N1CCCCC1c1ccc(Cl)cc1)c1ccc2ccc(F)cc2n1                          
    O=C(NCC(=O)N1C[C@@H](F)C[C@H]1c1ccc(Cl)cc1)c1ccc2cc(F)ccc2n1               
    O=C(NCC(=O)N1CCCC[C@H]1CNC1CCCCC1)c1ccc2cc(F)ccc2n1                        
    O=C(NCC(=O)N1CCCC1c1cccc(Br)c1)c1ccc2ccccc2n1                              
    O=C(NCC(=O)N1CCC[C@H]1c1cnc(Cl)c(Cl)c1)c1ccc2cc(Cl)ccc2n1                  
    O=C(NCC(=O)N1CCCC1c1ccccc1Cl)c1ccc2ccccc2n1                                
    O=C(NCC(=O)N1C[C@H](O)C[C@H]1C1CCOCC1)c1ccc2ccccc2n1                       
    C[C@H](c1ccccc1)N(C)C(=O)CNC(=O)c1ccc2cc(Cl)ccc2n1                         
    O=C(NCC(=O)N1CCC[C@H]1CNC1CCCCC1)c1ccc2cc(F)ccc2n1                         
    O=C(NCC(=O)N1CC[C@H](c2ncc[nH]2)C1)c1ccc2cc(F)ccc2n1                       
    O=C(NCC(=O)N1CCCC[C@H]1c1ncccn1)c1ccc2ccccc2n1                             
    CC(C)NC(=O)[C@H]1CCCN1C(=O)CNC(=O)c1ccc2ccccc2n1                           
    O=C(NCC(=O)N1CCCCC1)c1ccc2cc(OC(F)(F)F)ccc2n1                              
    O=C(NCC(=O)N1CCC[C@H]1CNC1CCCCC1)c1ccc2ccccc2n1                            
    COc1ccc2ccc(C(=O)NCC(=O)N3CCC[C@H]3c3ccccc3)nc2c1                          
    O=C(NCC(=O)N1C[C@@H](F)C[C@H]1c1ccc(Cl)cc1)c1ccc2cc(Cl)ccc2n1              
    O=C(NCC(=O)N1CCCC[C@H]1CNC1CCCCC1)c1ccc2cc(Cl)ccc2n1                       
    CC(C)[C@H]1C[C@@H](O)CN1C(=O)CNC(=O)c1ccc2cc(Cl)ccc2n1                     
    O=C(NCC(=O)N1CCC[C@H]1Cc1ccc(Cl)cc1)c1ccc2cc(Cl)ccc2n1                     
    O=C(NCC(=O)N1C[C@H](O)C[C@H]1c1ccccc1)c1ccc2cc(C(F)(F)F)ccc2n1             
    O=C(NCC(=O)N1CC[C@H](c2ccccn2)C1)c1ccc2cc(F)ccc2n1                         
    COc1ccccc1[C@H](C)NC(=O)CNC(=O)c1ccc2cc(F)ccc2n1                           
    O=C(NCC(=O)N1CCC[C@H]1c1ccc(Cl)cc1)c1ccc2ccc(Cl)cc2n1                      
    COCCNC(=O)c1ccc2cc(F)ccc2n1                                                
    O=C(NCC(=O)N1CCCC(F)(F)C1)c1ccc2ccccc2n1                                   
    O=C(NCC(=O)N1CCCCC1c1ccccc1F)c1ccc2ccccc2n1                                
    O=C(NCC(=O)N1CCCC1c1ccc(Br)cc1)c1ccc2cc(Cl)ccc2n1                          
    O=C(NCC(=O)N1CCC[C@@H]1c1ncc(C2CCCC2)o1)c1ccc2cc(F)ccc2n1                  
    O=C(NCC(=O)N1CCCC1Cc1ccccn1)c1ccc2ccccc2n1                                 
    O=C(NCC(=O)N1CCCCC1/C=C/c1ccccc1)c1ccc2ccccc2n1                            
    O=C(NCC(=O)N1C[C@H](O)[C@H](O)[C@H]1C1CCCC1)c1ccc2cc(Cl)ccc2n1             
    O=C(NCC(=O)N1C[C@H](O)[C@H](O)[C@H]1C1CCCCC1)c1ccc2cc(F)ccc2n1             
    O=C(NCC(=O)N1CCC[C@H]1CNC1CC1)c1ccc2ccccc2n1                               
    O=C(NCC(=O)N1CCCC[C@H]1COc1ccccc1)c1ccc2ccccc2n1                           
    O=C(NCC(=O)N1CC[C@H](CO)C1)c1ccc2cc(F)ccc2n1                               
    O=C(NCC(=O)N1CCCCC1c1ccccc1)c1ccc2cc(Br)ccc2n1                             
    O=C(NCC(=O)N1C[C@H](O)C[C@H]1C(=O)N1CCCC1)c1ccc2ccccc2n1                   
    O=C(NCC(=O)N1C[C@H](F)C[C@H]1CO)c1ccc2ccccc2n1                             
    O=C(NCC(=O)N1CCC[C@H]1CNCC1CC1)c1ccc2cc(Cl)ccc2n1                          
    C[C@H](NC(=O)CCNC(=O)c1ccc2ccccc2n1)c1ccccc1                               
    C[C@@H](NC(=O)CNC(=O)c1ccc2cccc(Cl)c2n1)c1ccccc1                           
    O=C(NCC(=O)N1CCCC1c1ccc(O)cc1)c1ccc2cc(Cl)ccc2n1                           
    C[C@H](NC(=O)CNC(=O)c1ccc2ccccc2n1)[C@H]1CCCN1                             
    C[C@H](NC(=O)CNC(=O)c1ccc2cc(Cl)ccc2n1)[C@H](O)c1ccccc1                    
    O=C(NCC(=O)N1CCCC1c1cccc(F)c1)c1ccc2cc(F)ccc2n1                            
    O=C(NCC(=O)N1C[C@@H](F)C[C@H]1COc1ccccc1)c1ccc2cc(Cl)ccc2n1                
    O=C(NCC(=O)N1CCC[C@@H]1c1ncc(C2CCCC2)o1)c1ccc2cc(Cl)ccc2n1                 
    N[C@@H]1CCN(C(=O)CNC(=O)c2ccc3ccccc3n2)[C@H]1C(=O)NC1CCCC1                 
    O=C(NCC(=O)N1CCC[C@H]1CN1CCCCC1)c1ccc2cc(Cl)ccc2n1                         
    O=C(NCC(=O)N1CCC[C@H]1c1nc(-c2ccccc2)c[nH]1)c1ccc2ccccc2n1                 
    O=C(NCC(=O)N1CC[C@H](OCc2ccccc2)C1)c1ccc2cc(F)ccc2n1                       
    O=C(NCC(=O)N1CCC[C@H]1Cc1c[nH]cn1)c1ccc2ccccc2n1                           
    C[C@@H](NC(=O)CNC(=O)c1ccc2ccc(F)cc2n1)c1ccccc1                            
    Cc1cccc(NC(=O)CNC(=O)c2ccc3cc(Cl)ccc3n2)c1                                 
    O=C(NCC(=O)N1CC[C@H](O)[C@H]1C1CC1)c1ccc2cc(Cl)ccc2n1                      
    O=C(NCC(=O)N1CCCC1c1ccc(C(F)(F)F)cc1)c1ccc2cc(Cl)ccc2n1                    
    O=C(NCC(=O)N1CCCC[C@H]1Cc1ccc(Cl)cc1)c1ccc2cc(F)ccc2n1                     
    CN(C)c1ccccc1[C@H]1CCCN1C(=O)CNC(=O)c1ccc2cc(Cl)ccc2n1                     
    O=C(NCC(=O)N1C[C@H](F)C[C@H]1CN1CCCC1)c1ccc2ccccc2n1                       
    O=C(NCC(=O)N1CCCC[C@H]1c1ccc(-c2ccccc2)cc1)c1ccc2cc(F)ccc2n1               
    O=C(NCC(=O)N1CCCC[C@H]1c1cnc[nH]1)c1ccc2cc(Cl)ccc2n1                       
    O=C(NCC(=O)N1CCCC[C@H]1c1ccc(Cl)c(Cl)c1)c1ccc2ccccc2n1                     
    O=C(NCC(=O)N1CCC[C@H]1c1ccc(Cl)cc1)c1ccc2c(Cl)cccc2n1                      
    O=C(NCC(=O)N1CCCC[C@H]1CNC1CCCCC1)c1ccc2ccccc2n1                           
    O=C(NCC(=O)N1CCCC[C@H]1CN1CCCCC1)c1ccc2cc(F)ccc2n1                         
    O=C(NCC(=O)N1C[C@H](O)C[C@H]1C1CCC1)c1ccc2cc(F)ccc2n1                      
    O=C(NCC(=O)N1CCCCC1C1CCCCC1)c1ccc2ccc(Cl)cc2n1                             
    O=C(NCC(=O)N1CC[C@H](F)C1)c1ccc2cc(Cl)ccc2n1                               
    CC(C)CNC(=O)c1ccc2cc(Cl)ccc2n1                                             
    O=C(NCC(=O)N1CCC[C@H]1c1ccccc1)c1ccc2cc(Br)ccc2n1                          
    COC[C@H](NC(=O)CNC(=O)c1ccc2cc(Cl)ccc2n1)c1ccccc1                          
    O=C(NCC(=O)N1CC[C@H](c2cnc[nH]2)C1)c1ccc2ccccc2n1                          
    O=C(NCC(=O)N1CCCCC1C1CC1)c1ccc2cc(F)ccc2n1                                 
    O=C(NCC(=O)N1C[C@H](O)C[C@H]1c1cc(F)cc(F)c1)c1ccc2ccccc2n1                 
    O=C(NCC(=O)N1CC[C@H](O)[C@H]1c1ccccc1)c1ccc2ccccc2n1                       
    O=C(NCC(=O)N1CCCC[C@H]1CNc1ccccc1)c1ccc2cc(Cl)ccc2n1                       
    COC[C@H]1CCCN1C(=O)CNC(=O)c1ccc2ccccc2n1                                   
    O=C(NCC(=O)N1CC[C@H](O)[C@H]1COCc1ccccc1)c1ccc2cc(F)ccc2n1                 
    CN(CCNC(=O)c1ccc2cc(Cl)ccc2n1)C(=O)CNC(=O)c1ccc2ccccc2n1                   
    Cc1cccc(NC(=O)CNC(=O)c2ccc3ccccc3n2)c1                                     
    Cc1ccc([C@H](C)NC(=O)CNC(=O)c2ccc3ccccc3n2)cc1                             
    O=C(NCC(=O)N1C[C@H](O)C[C@H]1COc1cccc(Cl)c1)c1ccc2ccccc2n1                 
    O=C(NCC(=O)N1CC[C@H](c2cnc[nH]2)C1)c1ccc2cc(Cl)ccc2n1                      
    O=C(NCC(=O)N1CCCC1CCc1ccccc1)c1ccc2ccccc2n1                                
    COc1cccc(CNC(=O)CNC(=O)c2ccc3cc(F)ccc3n2)c1                                
    Cc1ccc([C@H](C)NC(=O)CNC(=O)c2ccc3cc(Cl)ccc3n2)cc1                         
    O=C(NCC(=O)N1CC[C@H](O)[C@H]1CN1CCCC1)c1ccc2cc(Cl)ccc2n1                   
    O=C(NCC(=O)N1CCC[C@H]1CNc1ncc(Cl)cn1)c1ccc2ccccc2n1                        
    O=C(NCC(=O)N1CC[C@H](F)[C@H]1COc1ccccc1)c1ccc2cc(F)ccc2n1                  
    CCCC[C@H](NC(=O)CNC(=O)c1ccc2ccccc2n1)c1ccccc1                             
    O=C(NCC(=O)N1C[C@H](O)C[C@H]1c1c[nH]cn1)c1ccc2ccccc2n1                     
    O=C(NCC(=O)N1CCCC1c1ccc(OC(F)(F)F)cc1)c1ccc2cc(F)ccc2n1                    
    O=C(NCC(=O)N1C[C@H](O)C[C@H]1c1nccs1)c1ccc2cc(F)ccc2n1                     
    O=C(NCC(=O)N1CCC[C@H]1c1cnc[nH]1)c1ccc2ccccc2n1                            
    CN(C)C(=O)[C@@H]1CCCN1C(=O)CNC(=O)c1ccc2cc(F)ccc2n1                        
    O=C(NCC(=O)N1CCCC[C@H]1c1nnc[nH]1)c1ccc2cc(Cl)ccc2n1                       
    CC1CCC(NC(=O)CNC(=O)c2ccc3cc(Cl)ccc3n2)CC1                                 
    O=C(NCC(=O)N1CCCC1Cc1cccc(Cl)c1)c1ccc2ccccc2n1                             
    O=C(NCC(=O)N1CCC[C@@H]1c1ncc(C(F)(F)F)o1)c1ccc2ccccc2n1                    
    O=C(NCC(=O)N1C[C@H](O)C[C@H]1c1ncc(Cl)cn1)c1ccc2ccccc2n1                   
    O=C(NCC(=O)N1CCC[C@H]1c1nc(-c2ccccc2)cs1)c1ccc2ccccc2n1                    
    O=C(NCC(=O)N1C[C@H](O)C[C@H]1C1CCC1)c1ccc2cc(Cl)ccc2n1                     
    O=C(NCC(=O)N1C[C@H](O)C[C@H]1COc1ccccn1)c1ccc2ccccc2n1                     
    O=C(NCC(=O)N1C[C@H](O)[C@H](O)[C@H]1COc1ccccc1)c1ccc2ccccc2n1              
    O=C(NCC(=O)N1CCC[C@H]1CN1CCCCC1)c1ccc2cc(F)ccc2n1                          
    CC(C)C[C@H](NC(=O)CNC(=O)c1ccc2ccccc2n1)C(=O)N1CCCC1                       
    O=C(NCC(=O)N1CCC[C@H]1c1ncc(F)cn1)c1ccc2cc(Cl)ccc2n1                       
    CC[C@H](NC(=O)CNC(=O)c1ccc2ccccc2n1)c1ccccc1                               
    CN(CCNC(=O)CNC(=O)c1ccc2cc(Cl)ccc2n1)C1CCCCC1                              
    COC[C@H]1CCCN1C(=O)CNC(=O)c1ccc2cc(F)ccc2n1                                
    CCCC[C@H](NC(=O)CNC(=O)c1ccc2cc(Cl)ccc2n1)c1ccccc1                         
    CNC(=O)CNC(=O)CNC(=O)c1ccc2cc(Cl)ccc2n1                                    
    N#C[C@H]1CCC[C@H]1NC(=O)CNC(=O)c1ccc2cc(Cl)ccc2n1                          
    O=C(NCC(=O)N1CCC[C@H]1Cn1ccnc1)c1ccc2cc(Cl)ccc2n1                          
    O=C(NCC(=O)N1CCCC[C@H]1COc1ccc(Cl)cc1)c1ccc2ccccc2n1                       
    O=C(NCC(=O)N1CCCC1c1cccc(O)c1)c1ccc2cc(Cl)ccc2n1                           
    O=C(NCC(=O)N1C[C@H](c2ccccc2)C[C@H]1CO)c1ccc2cc(F)ccc2n1                   
    O=C(NCC(=O)N1C[C@H](O)C[C@H]1COc1ccc(C(F)(F)F)cc1)c1ccc2cc(F)ccc2n1        
    O=C(NCC(=O)N1C[C@H](O)C[C@H]1c1ccccc1)c1ccc2ccc(F)cc2n1                    
    O=C(NCC(=O)N1CCCCCC1)c1ccc2cc(F)ccc2n1                                     
    COc1cccc(NC(=O)CNC(=O)c2ccc3cc(F)ccc3n2)c1                                 
    O=C(NCC(=O)N1CCCCCC1Cc1ccccc1)c1ccc2cc(Cl)ccc2n1                           
    O=C(NCC(=O)N1C[C@H](O)[C@H](O)[C@H]1C1CC1)c1ccc2cc(Cl)ccc2n1               
    O=C(NCC(=O)N1C[C@H](O)C[C@H]1C1CC1)c1ccc2ccccc2n1                          
    CC(C)NC(=O)[C@H]1CCCN1C(=O)CNC(=O)c1ccc2cc(F)ccc2n1                        
    COC[C@H](NC(=O)CNC(=O)c1ccc2cc(F)ccc2n1)c1ccccc1                           
    O=C(NCC(=O)N1CCCCC1C1CCC1)c1ccc2cc(Cl)ccc2n1                               
    O=C(NCC(=O)N1CCC[C@H]1c1ccc(Cl)cc1)c1ccc2ccc(F)cc2n1                       
    CN(CCNC(=O)c1ccc2cc(Cl)ccc2n1)C(=O)CNC(=O)c1ccccc1                         
    O=C(NCC(=O)N1CCCC[C@H]1c1nnc[nH]1)c1ccc2cc(F)ccc2n1                        
    CC(C)NC(=O)CNC(=O)CNC(=O)c1ccc2ccccc2n1                                    
    O=C(NCC(=O)N1CCCCCC1C1CCCCC1)c1ccc2cc(Cl)ccc2n1                            
    O=C(NCC(=O)N1C[C@H](O)C[C@H]1CNCc1ccccc1)c1ccc2ccccc2n1                    
    N#Cc1ccccc1[C@H](NC(=O)CNC(=O)c1ccc2ccccc2n1)C1CC1                         
    O=C(NCC(=O)N1C[C@H](O)C[C@H]1c1cccc(Cl)c1)c1ccc2cc(Cl)ccc2n1               
    O=C(NCC(=O)N1CCCC[C@H]1c1ncc[nH]1)c1ccc2c(Cl)cccc2n1                       
    O=C(NCC(=O)N1CCCC[C@H]1c1ncc[nH]1)c1ccc2ccc(Cl)cc2n1                       
    O=C(NCC(=O)N1CCCCCC1)c1ccc2ccccc2n1                                        
    O=C(NCC(=O)N1C[C@H](O)C[C@H]1COC1CCCC1)c1ccc2cc(F)ccc2n1                   
    O=C(NCC(=O)N1CCCCCC1c1ccccn1)c1ccc2cc(Cl)ccc2n1                            
    O=C(NCC(=O)N1CCCC[C@H]1COc1ccc(Cl)cc1)c1ccc2cc(F)ccc2n1                    
    O=C(NCC(=O)N1CCCCC1c1ccccn1)c1ccc2cc(C(F)(F)F)ccc2n1                       
    CN(CCNC(=O)CNC(=O)c1ccc2ccccc2n1)C1CCCCC1                                  
    O=C(NCC(=O)N1C[C@H](O)C[C@H]1CN1CCOCC1)c1ccc2ccccc2n1                      
    O=C(NCC(=O)N1CCC[C@H]1CNc1ccccc1)c1ccc2cc(Cl)ccc2n1                        
    COc1ccc(NC(=O)CNC(=O)c2ccc3cc(F)ccc3n2)cc1                                 
    O=C(NCC(=O)N1C[C@H](O)[C@H](O)[C@H]1CO)c1ccc2ccccc2n1                      
    O=C(NCC(=O)N1C[C@H](O)C[C@H]1CNC1CCCCC1)c1ccc2ccccc2n1                     
    CN(CCNC(=O)CNC(=O)c1ccc2cc(Cl)ccc2n1)C1CCCC1                               
    O=C(NCC(=O)N1CCC[C@H]1CNC1CC1)c1ccc2cc(Cl)ccc2n1                           
    O=C(NCC(=O)N1CC[C@H](O)[C@H]1C1CCCC1)c1ccc2cc(F)ccc2n1                     
    COCCNC(=O)CNC(=O)c1ccc2cc(F)ccc2n1                                         
    O=C(NCC(=O)N1CCCC[C@H]1c1c[nH]c2ccccc12)c1ccc2ccccc2n1                     
    O=C(NCC(=O)N1C[C@H](O)C[C@H]1c1nccs1)c1ccc2cc(Cl)ccc2n1                    
    O=C(NCC(=O)N1CCCCC1Cc1ccccc1)c1ccc2cc(C(F)(F)F)ccc2n1                      
    NC(=O)CNC(=O)CNC(=O)c1ccc2cc(Cl)ccc2n1                                     
    O=C(NCC(=O)N1CCCC[C@H]1Cn1cccn1)c1ccc2ccccc2n1                             
    CCCCNC(=O)CNC(=O)c1ccc2cc(Cl)ccc2n1                                        
    O=C(NCC(=O)N1CCCC1c1cccc(OC(F)(F)F)c1)c1ccc2ccccc2n1                       
    O=C(NCC(=O)N1CCCCC1c1cc(F)cc(F)c1)c1ccc2cc(F)ccc2n1                        
    COCCNC(=O)CNC(=O)c1ccc2ccccc2n1                                            
    N[C@@H]1CCN(C(=O)CNC(=O)c2ccc3cc(Cl)ccc3n2)[C@H]1C(=O)NCc1ccccc1           
    O=C(NCC(=O)N1CC[C@H](Cc2ccccc2)C1)c1ccc2cc(F)ccc2n1                        
    O=C(NCC(=O)N1CC[C@H](F)[C@H]1CO)c1ccc2cc(Cl)ccc2n1                         
    C[C@H](c1ccccc1)N(C)C(=O)CNC(=O)c1ccc2ccccc2n1                             
    CC(C)(C)CNC(=O)CNC(=O)c1ccc2ccccc2n1                                       
    O=C(NCC(=O)N1C[C@H](O)C[C@H]1COc1cc(F)cc(F)c1)c1ccc2ccccc2n1               
    O=C(NCC(=O)N1C[C@H](O)C[C@H]1CC1CCOCC1)c1ccc2ccccc2n1                      
    O=C(NCC(=O)N1C[C@H](O)[C@H](O)[C@H]1C1CCCC1)c1ccc2ccccc2n1                 
    CCC[C@@H]1C[C@@H](O)CN1C(=O)CNC(=O)c1ccc2cc(F)ccc2n1                       
    O=C(NCC(=O)N1CCC[C@H]1c1cncnc1)c1ccc2cc(F)ccc2n1                           
    O=C(NCC(=O)N1CCCC1c1ccc(OCC(F)(F)F)cc1)c1ccc2ccccc2n1                      
    N#C[C@H]1CCC[C@H]1NC(=O)CNC(=O)c1ccc2ccccc2n1                              
    O=C(NCC(=O)N1CC[C@H](O)[C@H]1COCc1ccccc1)c1ccc2cc(Cl)ccc2n1                
    O=C(NCC(=O)N1CC[C@H](O)[C@H]1CO)c1ccc2ccccc2n1                             
    O=C(NCC(=O)N1CCCC[C@H]1CO)c1ccc2c(Cl)cccc2n1                               
    O=C(NCC(=O)N1CCCCC1C1CCCCC1)c1ccc2c(Cl)cccc2n1                             
    O=C(NCC(=O)N1C[C@H](O)C[C@H]1COCc1ccc(Cl)cc1)c1ccc2cc(F)ccc2n1             
    O=C(NCC(=O)N1CCCC1c1cccc(C(F)(F)F)c1)c1ccc2cc(Cl)ccc2n1                    
    O=C(NCC(=O)N1CCCC1c1cccc(C(F)(F)F)c1)c1ccc2cc(F)ccc2n1                     
    O=C(NCC(=O)N1CCCCC1c1ccncc1)c1ccc2ccccc2n1                                 
    O=C(NCC(=O)N1CCC[C@H]1c1ccccc1)c1ccc2ccc(F)cc2n1                           
    O=C(NCC(=O)N1CCCCC1Cc1c[nH]cn1)c1ccc2ccccc2n1                              
    O=C(NCC(=O)N1CC[C@H](O)[C@H]1C1CCCC1)c1ccc2cc(Cl)ccc2n1                    
    O=C(NCC(=O)N1C[C@H](c2ccccc2)C[C@H]1c1ccccc1)c1ccc2ccccc2n1                
    C[C@@H](NC(=O)CNC(=O)c1ccc2cccc(F)c2n1)c1ccccc1                            
    O=C(NCC(=O)N1C[C@H](O)C[C@H]1c1cccnc1)c1ccc2ccccc2n1                       
    O=C(NCC(=O)N1CC[C@H](OCC2CC2)C1)c1ccc2cc(F)ccc2n1                          
    N#C[C@@H]1CCCN1C(=O)CNC(=O)c1ccc2cc(F)ccc2n1                               
    O=C(NCC(=O)N1C[C@H](O)C[C@H]1c1ncccn1)c1ccc2cc(Cl)ccc2n1                   
    C[C@H](NC(=O)CCNC(=O)c1ccc2cc(Cl)ccc2n1)c1ccccc1                           
    O=C(NCC(=O)N1CCCC1C1CCCCC1)c1ccc2ccc(Cl)cc2n1                              
    O=C(NCC(=O)N1CCCC[C@H]1CN1CCCCC1)c1ccc2ccccc2n1                            
    CC(C)(C)CNC(=O)CNC(=O)CNC(=O)c1ccc2cc(Cl)ccc2n1                            
    Cc1cccc(C)c1NC(=O)CNC(=O)c1ccc2cc(Cl)ccc2n1                                
    O=C(NCC(=O)N1CCCCC1/C=C/c1ccccc1)c1ccc2cc(F)ccc2n1                         
    O=C(NCC(=O)N1CCCC[C@H]1CNCc1ccc(Cl)cc1)c1ccc2ccccc2n1                      
    O=C(NCC(=O)N1CCCCC1c1cccc(Cl)c1)c1cnc2ccccc2n1                             
    O=C(NCC(=O)N1CCCC[C@H]1CNc1ccccc1)c1ccc2cc(F)ccc2n1                        
    O=C(NCC(=O)N1CCC[C@H]1CNc1ccc(Cl)cn1)c1ccc2cc(Cl)ccc2n1                    
    O=C(NCC(=O)N1CCC[C@H]1CNCC1CC1)c1ccc2ccccc2n1                              
    O=C(NCC(=O)N1C[C@@H](F)C[C@H]1CO)c1ccc2cc(Cl)ccc2n1                        
    O=C(NCC(=O)N1CCCC1)c1ccc2ccc(C3CCCC3)cc2n1                                 
    CN(C[C@@H]1CCCN1C(=O)CNC(=O)c1ccc2cc(Cl)ccc2n1)c1ccccc1                    
    O=C(NCC(=O)N1C[C@H](O)C[C@H]1c1ncccn1)c1ccc2ccccc2n1                       
    CN1CCC(NC(=O)CNC(=O)c2ccc3cc(Cl)ccc3n2)CC1                                 
    O=C(NCC(=O)N1CC[C@H](O)[C@H]1C1CCCCC1)c1ccc2cc(F)ccc2n1                    
    O=C(NCC(=O)N1CCCC1c1ccc(Br)cc1)c1ccc2cc(F)ccc2n1                           
    CN(CCNC(=O)c1ccc2ccccc2n1)C1CCCCC1                                         
    O=C(NCC(=O)N1CCCC1c1cnccn1)c1ccc2cc(F)ccc2n1                               
    CN(C)C(=O)[C@@H]1C[C@H](O)CN1C(=O)CNC(=O)c1ccc2cc(Cl)ccc2n1                
    CCCC[C@H](NC(=O)CNC(=O)c1ccc2cc(F)ccc2n1)c1ccccc1                          
    O=C(NCC(=O)N1C[C@H](O)C[C@H]1Cn1cccc1)c1ccc2cc(Cl)ccc2n1                   
    O=C(NCC(=O)N1CCC[C@H]1CN1CCCCC1)c1ccc2ccccc2n1                             
    O=C(NCC(=O)N1CCCCC1c1ccccn1)c1ccc2c(Cl)cccc2n1                             
    O=C(NCC(=O)N1CCCC1c1ccccc1Cl)c1ccc2cc(Cl)ccc2n1                            
    O=C(NCC(=O)N1C[C@H](O)C[C@H]1Cn1cccc1)c1ccc2cc(F)ccc2n1                    
    CN(CCNC(=O)c1ccc2cc(Cl)ccc2n1)C(=O)CNC(=O)c1ccc2ccccc2c1                   
    CCc1ccccc1[C@H](C)NC(=O)CNC(=O)c1ccc2cc(Cl)ccc2n1                          
    O=C(NCC(=O)N1CCCCCC1C1CCOCC1)c1ccc2cc(F)ccc2n1                             
    O=C(NCC(=O)N1CC[C@H](CO)C1)c1ccc2cc(Cl)ccc2n1                              
    O=C(NCC(=O)N1C[C@H](O)C[C@H]1CCc1ccccc1)c1ccc2ccccc2n1                     
    O=C(NCC(=O)N1CCC[C@H]1CNc1ccc(Cl)c(Cl)c1)c1ccc2ccccc2n1                    
    O=C(NCC(=O)N1CC[C@H](F)C1)c1ccc2cc(F)ccc2n1                                
    O=C(NCC(=O)N1CCC[C@H]1CNC1CC1)c1ccc2cc(F)ccc2n1                            
    O=C(NCC(=O)N1C[C@H](O)C[C@H]1CNC1CCCC1)c1ccc2cc(Cl)ccc2n1                  
    O=C(NCC(=O)N1CCC[C@H]1CNCC1CC1)c1ccc2cc(F)ccc2n1                           
    O=C(NCC(=O)N1CCCC1CCO)c1ccc2ccccc2n1                                       
    O=C(NCC(=O)N1CC[C@H](O)[C@H]1C1CC1)c1ccc2cc(F)ccc2n1                       
    O=C(NCC(=O)N1C[C@H](O)C[C@H]1CNc1ccccc1)c1ccc2ccccc2n1                     
    O=C(NCC(=O)N1CCCC1C1CCNCC1)c1ccc2cc(F)ccc2n1                               
    O=C(NCC(=O)N1CCC[C@H]1c1nnc[nH]1)c1ccc2cc(F)ccc2n1                         
    CN(CCNC(=O)c1ccc2ccccc2n1)C(=O)CNC(=O)c1ccc2ccccc2n1                       
    O=C(NCC(=O)N1C[C@H](c2ccccc2)C[C@H]1CO)c1ccc2cc(Cl)ccc2n1                  
    CC[C@H](NC(=O)CNC(=O)c1ccc2cc(Cl)ccc2n1)c1ccccc1                           
    CN(CC(=O)N1CCC[C@H]1c1ncccn1)C(=O)CNC(=O)c1ccc2cc(Cl)ccc2n1                
    O=C(NCC(=O)N1CC[C@H](O)[C@H]1c1ccc(Cl)cc1)c1ccc2cc(F)ccc2n1                
    O=C(NCC(=O)N1CCCCC1c1ccc(OC(F)(F)F)cc1)c1ccc2cc(Cl)ccc2n1                  
    O=C(NCC(=O)N1CCC[C@H]1c1cnc(N2CCCC2)nc1)c1ccc2cc(Cl)ccc2n1                 
    O=C(NCC(=O)N1CCC[C@H]1c1cncnc1)c1ccc2cc(Cl)ccc2n1                          
    C[C@H](NC(=O)CNC(=O)c1ccc2ccccc2n1)[C@H]1CCCN1Cc1ccc(Cl)cc1                
    O=C(NCC(=O)N1CCCCC1C1CCC(F)(F)CC1)c1ccc2ccccc2n1                           
    O=C(NCC(=O)N1C[C@H](c2ccccc2)C[C@H]1c1ccccc1)c1ccc2cc(F)ccc2n1             
    O=C(NCC(=O)N1CCC[C@H]1c1nnc[nH]1)c1ccc2cc(Cl)ccc2n1                        
    O=C(NCC(=O)N1C[C@H](O)C[C@H]1COc1cccnc1)c1ccc2ccccc2n1                     
    C[C@H](NC(=O)CNC(=O)c1cc(Cl)cc2ccccc12)c1ccccc1                            
    O=C(NCC(=O)N1CCC[C@H]1c1cocn1)c1ccc2cc(F)ccc2n1                            
    O=C(NCC(=O)N1CCCC[C@H]1c1ncco1)c1ccc2cc(Cl)ccc2n1                          
    O=C(NCC(=O)N1CCCC(F)(F)C1)c1ccc2cc(Cl)ccc2n1                               
    O=C(NCC(=O)N1C[C@H](O)C[C@H]1c1ccc(F)cc1)c1ccc2ccccc2n1                    
    CN(CCNC(=O)c1ccc2cc(F)ccc2n1)C(=O)CNC(=O)c1cccc2ccccc12                    
    O=C(NCC(=O)N1CCC[C@H]1c1cc(Cl)cc(Cl)c1)c1ccc2ccccc2n1                      
    O=C(NCC(=O)N1CCC1C1CCCCC1)c1ccc2cc(Cl)ccc2n1                               
    O=C(NCC(=O)N1CCCC1C1CCNCC1)c1ccc2cc(Cl)ccc2n1                              
    O=C(NCC(=O)N1CC[C@H](O)[C@H]1COc1ccc(Cl)cc1)c1ccc2cc(Cl)ccc2n1             
    C[C@H](NC(=O)CNC(=O)c1ccc2cc(Cl)ccc2n1)[C@H]1CCCN(C2CCCC2)C1               
    O=C(NCC(=O)N1C[C@H](O)C[C@H]1C(=O)N1CCCC1)c1ccc2cc(F)ccc2n1                
    CN(CCNC(=O)c1ccc2ccccc2n1)C(=O)CNC(=O)c1ccc2ccccc2c1                       
    O=C(NCC(=O)N1CCC[C@H]1c1c[nH]c(-c2ccccn2)n1)c1ccc2ccccc2n1                 
    O=C(NCC(=O)N1C[C@@H](F)C[C@H]1CN1CCCC1)c1ccc2cc(Cl)ccc2n1                  
    O=C(NCC(=O)N1C[C@H](O)[C@H](O)[C@H]1COCc1ccccc1)c1ccc2ccccc2n1             
    O=C(NCC(=O)N1CCC[C@H]1c1cnc(NC2CCCC2)nc1)c1ccc2cc(F)ccc2n1                 
    O=C(NCC(=O)N1CCC[C@H]1c1cc(C(F)(F)F)ccc1F)c1ccc2cc(Cl)ccc2n1               

2025-09-17 06:33:45,978 |    DEBUG |    reinvententry | Received 1169 smiles
2025-09-17 06:33:45,979 |    DEBUG |    reinvententry | Status changed to WAITING_FOR_OUTPUT
2025-09-17 06:33:46,005 |    DEBUG |           logger | Starting up
2025-09-17 06:33:46,005 |    DEBUG |           logger | Status changed to RUNNING
2025-09-17 06:33:46,163 |    DEBUG |       stripEpoch | Starting up
2025-09-17 06:33:46,163 |    DEBUG |       stripEpoch | Status changed to RUNNING
2025-09-17 06:33:46,179 |    DEBUG |             rmsd | Status changed to WAITING_FOR_INPUT
2025-09-17 06:33:46,182 |    DEBUG |          logtags | Status changed to WAITING_FOR_INPUT
2025-09-17 06:33:46,258 |    DEBUG |     loadmolecule | Starting up
2025-09-17 06:33:46,258 |    DEBUG |     loadmolecule | Status changed to RUNNING
2025-09-17 06:33:46,270 |    DEBUG |     loadmolecule | Status changed to WAITING_FOR_OUTPUT
2025-09-17 06:33:46,314 |    DEBUG |           gypsum | Status changed to WAITING_FOR_INPUT
2025-09-17 06:33:46,316 |    DEBUG |           gypsum | Status changed to RUNNING
2025-09-17 06:33:46,315 |    DEBUG |      autodockgpu | Starting up
2025-09-17 06:33:46,316 |    DEBUG |      autodockgpu | Status changed to RUNNING
2025-09-17 06:33:46,322 |    DEBUG |           gypsum | Status changed to WAITING_FOR_COMMAND
2025-09-17 06:33:46,324 |    DEBUG |           gypsum | Running command: conda run -n gypsum_dl_env /home/a/miniconda3/envs/gypsum_dl_env/bin/run-gypsum-dl --source input.smi --max_variants_per_compound 10 --thoroughness 3 --separate_output_files --min_ph 6.5 --max_ph 7.5 --job_manager multiprocessing --num_processors 4
2025-09-17 06:33:46,394 |    DEBUG |           gypsum | Running job with PSI/J id=7845776a-8d0d-4a28-a5f5-02a4edf69edf, stdout=/home/a/REINVENT4/ReinventStudies/temp2/graph-dock-dqk4yc/node-gypsum/job-e3trkq-out, stderr=/home/a/REINVENT4/ReinventStudies/temp2/graph-dock-dqk4yc/node-gypsum/job-e3trkq-err
2025-09-17 06:33:46,407 |    DEBUG |     reinventexit | Starting up
2025-09-17 06:33:46,407 |    DEBUG |     reinventexit | Status changed to RUNNING
2025-09-17 06:33:46,408 |    DEBUG |     reinventexit | Status changed to WAITING_FOR_INPUT
2025-09-17 06:33:46,422 |    DEBUG |   sdftodataframe | Status changed to WAITING_FOR_INPUT
2025-09-17 06:33:46,486 |    DEBUG |    reinvententry | Status changed to RUNNING
2025-09-17 06:33:46,487 |    DEBUG |    reinvententry | Status changed to WAITING_FOR_OUTPUT
2025-09-17 06:33:46,507 |    DEBUG |           logger | Status changed to WAITING_FOR_INPUT
2025-09-17 06:33:46,665 |    DEBUG |       stripEpoch | Status changed to WAITING_FOR_INPUT
2025-09-17 06:33:46,666 |    DEBUG |       stripEpoch | Status changed to RUNNING
2025-09-17 06:33:46,666 |    DEBUG |       stripEpoch | Status changed to WAITING_FOR_OUTPUT
2025-09-17 06:33:46,774 |    DEBUG |     loadmolecule | Status changed to RUNNING
2025-09-17 06:33:46,774 |    DEBUG |     loadmolecule | Shutting down, runtime: 0:00:00.011354s
2025-09-17 06:33:46,775 |    DEBUG |     loadmolecule | Shutting down, total time: 0:00:00.515864s
2025-09-17 06:33:46,775 |    DEBUG |     loadmolecule | Status changed to COMPLETED
2025-09-17 06:33:46,775 |    DEBUG |     loadmolecule | Closed port out
2025-09-17 06:33:46,777 |     INFO |             dock | Node 'loadmolecule' finished (1/12)
2025-09-17 06:33:46,818 |    DEBUG |      autodockgpu | Status changed to WAITING_FOR_INPUT
2025-09-17 06:33:46,988 |    DEBUG |    reinvententry | Status changed to RUNNING
2025-09-17 06:33:46,989 |    DEBUG |    reinvententry | Shutting down, runtime: 0:00:00.004034s
2025-09-17 06:33:46,989 |    DEBUG |    reinvententry | Shutting down, total time: 0:00:01.014268s
2025-09-17 06:33:46,989 |    DEBUG |    reinvententry | Status changed to COMPLETED
2025-09-17 06:33:46,989 |    DEBUG |    reinvententry | Closed port out
2025-09-17 06:33:46,990 |    DEBUG |    reinvententry | Closed port out_metadata
2025-09-17 06:33:46,991 |     INFO |             dock | Node 'reinvententry' finished (2/12)
2025-09-17 06:33:47,168 |    DEBUG |       stripEpoch | Status changed to RUNNING
2025-09-17 06:33:47,168 |    DEBUG |       stripEpoch | Shutting down due to inactive port
2025-09-17 06:33:47,168 |    DEBUG |       stripEpoch | Status changed to STOPPED
2025-09-17 06:33:47,169 |    DEBUG |       stripEpoch | Shutting down, runtime: 0:00:00.501435s
2025-09-17 06:33:47,170 |    DEBUG |       stripEpoch | Shutting down, total time: 0:00:01.005816s
2025-09-17 06:33:47,170 |    DEBUG |       stripEpoch | Closed port inp
2025-09-17 06:33:47,170 |    DEBUG |       stripEpoch | Closed port out
2025-09-17 06:33:47,172 |     INFO |             dock | Node 'stripEpoch' finished (3/12)
2025-09-17 06:33:47,664 |    DEBUG |            void1 | Status changed to WAITING_FOR_INPUT
2025-09-17 06:33:47,665 |    DEBUG |            void1 | Status changed to RUNNING
2025-09-17 06:33:47,665 |    DEBUG |            void1 | Shutting down due to inactive port
2025-09-17 06:33:47,666 |    DEBUG |            void1 | Status changed to STOPPED
2025-09-17 06:33:47,666 |    DEBUG |            void1 | Shutting down, runtime: 0:00:02.005226s
2025-09-17 06:33:47,669 |     INFO |             dock | Workflow status
                                   |            void1 | WAITING_FOR_INPUT
                                   |             rmsd | WAITING_FOR_INPUT
                                   |          logtags | WAITING_FOR_INPUT
                                   |           gypsum | WAITING_FOR_COMMAND
                                   |   sdftodataframe | WAITING_FOR_INPUT
                                   |            void2 | RUNNING
                                   |    reinvententry | COMPLETED
                                   |           logger | WAITING_FOR_INPUT
                                   |       stripEpoch | STOPPED
                                   |     loadmolecule | COMPLETED
                                   |      autodockgpu | WAITING_FOR_INPUT
                                   |     reinventexit | WAITING_FOR_INPUT
2025-09-17 06:33:47,668 |    DEBUG |            void1 | Shutting down, total time: 0:00:02.007268s
2025-09-17 06:33:47,668 |    DEBUG |            void1 | Closed port inp
2025-09-17 06:33:47,669 |     INFO |             dock | Node 'void1' finished (4/12)
2025-09-17 06:43:56,921 |     INFO |             dock | Workflow status
                                   |            void1 | STOPPED
                                   |             rmsd | WAITING_FOR_INPUT (1 | 0)
                                   |          logtags | WAITING_FOR_INPUT
                                   |           gypsum | WAITING_FOR_COMMAND
                                   |   sdftodataframe | WAITING_FOR_INPUT
                                   |            void2 | RUNNING
                                   |    reinvententry | COMPLETED
                                   |           logger | WAITING_FOR_INPUT
                                   |       stripEpoch | STOPPED
                                   |     loadmolecule | COMPLETED
                                   |      autodockgpu | WAITING_FOR_INPUT
                                   |     reinventexit | WAITING_FOR_INPUT
