SMILES,Comment,RDKit_SMILES (REINVENT),Score,SAScore,DockingScore,SAScore (raw),DockingScore (raw)
O=C(NCC(=O)N1CCCCC1)c1ccc2cc(Cl)ccc2n1,,O=C(NCC(=O)N1CCCCC1)c1ccc2cc(Cl)ccc2n1,0.23894956707954407,0.15112965,0.37780076,2.0020334792675403,-7.96
O=S(=O)(N1Cc2c(C1c1c[nH]c3c1cccc3)cccc2)Cc1ccccc1,,O=S(=O)(Cc1ccccc1)N1Cc2ccccc2C1c1c[nH]c2ccccc12,0.3011419177055359,0.2157486,0.42033398,2.7579708407227344,-8.33
CN(CCNC(=O)CNC(=O)c1ccc2cc(Cl)ccc2n1)c1ccccc1,,CN(CCNC(=O)CNC(=O)c1ccc2cc(Cl)ccc2n1)c1ccccc1,0.2588484585285187,0.16210118,0.41333765,2.146378506201124,-8.27
O=S(N1C(C2=CNC3=C2C=CC=C3)C4=C(C=CC=C4)C=C1)(CC5=CC=CC=C5)=O,,O=S(=O)(Cc1ccccc1)N1C=Cc2ccccc2C1c1c[nH]c2ccccc12,0.3068271577358246,0.23981316,0.39256775,2.995810707372712,-8.09
O=C(NCC(=O)N1CCCCC1Cc1ccccc1)c1ccc2ccccc2n1,,O=C(NCC(=O)N1CCCCC1Cc1ccccc1)c1ccc2ccccc2n1,0.3333057761192322,0.19360507,0.57381105,2.5214756847482764,-9.62
Clc1c(OCCCC(=O)NN=Cc2c(nccc2)F)ccc(c1)Cl,,O=C(CCCOc1ccc(Cl)cc1Cl)NN=Cc1cccnc1F,0.22450856864452362,0.17640755,0.2857253,2.3232192293293856,-7.09
O=C(NCC(=O)N1CCCCC1c1ccc(F)cc1)c1ccc2cc(Cl)ccc2n1,,O=C(NCC(=O)N1CCCCC1c1ccc(F)cc1)c1ccc2cc(Cl)ccc2n1,0.3346008360385895,0.2034857,0.5501994,2.6293611823695358,-9.42
Clc1c(OCCCC(=O)NN=Cc2cc(ccc2)C(F)(F)F)ccc(c1)Cl,,O=C(CCCOc1ccc(Cl)cc1Cl)NN=Cc1cccc(C(F)(F)F)c1,0.22967754304409027,0.16317752,0.32327843,2.160108115684176,-7.46
O=C(NCC(=O)N1CCC1C1CCCCC1)c1ccc2cc(F)ccc2n1,,O=C(NCC(=O)N1CCC1C1CCCCC1)c1ccc2cc(F)ccc2n1,0.32375192642211914,0.21584132,0.4856128,2.7589225238816404,-8.88
CCNC1CN(c2nc(N3CCc4ccccc4C3)nc(N3CCc4ccccc4C3)n2)CCO1,,CCNC1CN(c2nc(N3CCc4ccccc4C3)nc(N3CCc4ccccc4C3)n2)CCO1,0.43208685517311096,0.27849194,0.6703931,3.3462857727619424,-10.48
O=C(NCC(=O)N1CCCCC1c1ccc(Cl)cc1)c1ccc2ccccc2n1,,O=C(NCC(=O)N1CCCCC1c1ccc(Cl)cc1)c1ccc2ccccc2n1,0.3210527300834656,0.19450082,0.5299457,2.5314251352977255,-9.25
C[C@H](NC(=O)c1cc2c(=O)n3ccccc3nc2[nH]c1=N)c1ccccc1,,C[C@H](NC(=O)c1cc2c(=O)n3ccccc3nc2[nH]c1=N)c1ccccc1,0.3137405216693878,0.25221014,0.3902822,3.1119321296604765,-8.07
CC(NC(=O)CNC(=O)c1ccc2ccccc2n1)c1ccc(OC2CCCC2)cc1,,CC(NC(=O)CNC(=O)c1ccc2ccccc2n1)c1ccc(OC2CCCC2)cc1,0.3281974792480469,0.2000991,0.5383012,2.5928360052909873,-9.32
CN1CCN(C(=O)c2cccc(C3=Nc4ccc(C#Cc5ccccc5)cc4NC(=O)C3)c2)CC1,,CN1CCN(C(=O)c2cccc(C3=Nc4ccc(C#Cc5ccccc5)cc4NC(=O)C3)c2)CC1,0.2233491986989975,0.20463656,0.24377298,2.641670171386613,-6.64
O=C(NCC(=O)N1C[C@H](O)C[C@H]1COc1ccccc1)c1ccc2cc(Cl)ccc2n1,,O=C(NCC(=O)N1C[C@H](O)C[C@H]1COc1ccccc1)c1ccc2cc(Cl)ccc2n1,0.3182239830493927,0.24708052,0.40985227,3.0643595809238313,-8.24
NC(=O)c1ccc2cc(C(=O)N3C[C@]4(CCN(C5CCNC5)C4)c4ccccc34)[nH]c2c1,,NC(=O)c1ccc2cc(C(=O)N3C[C@]4(CCN(C5CCNC5)C4)c4ccccc43)[nH]c2c1,0.44095754623413086,0.35962465,0.5406848,3.9976595034730398,-9.34
O=C(NCC(=O)N1CCC2(CCNC2)C1)c1ccc2cc(Cl)ccc2n1,,O=C(NCC(=O)N1CCC2(CCNC2)C1)c1ccc2cc(Cl)ccc2n1,0.3653932213783264,0.28843114,0.46289116,3.431300862071608,-8.69
CCC(=O)N(c1ccccc1)C1CCN(C(=O)[C@@H](N)C2Cc3ccccc3C2)CC1,,CCC(=O)N(c1ccccc1)C1CCN(C(=O)[C@@H](N)C2Cc3ccccc3C2)CC1,0.34297505021095276,0.23582943,0.4988007,2.957630949811394,-8.99
O=C(NCC(=O)N1C[C@@H](O)C[C@H]1C1CCCCC1)c1ccc2cc(F)ccc2n1,,O=C(NCC(=O)N1C[C@@H](O)C[C@H]1C1CCCCC1)c1ccc2cc(F)ccc2n1,0.36423659324645996,0.26034173,0.5095929,3.186050606925466,-9.08
CCC(=O)N(c1ccccc1)C1CCN(C(=O)CC(N)Cc2c[nH]c3ccccc23)CC1,,CCC(=O)N(c1ccccc1)C1CCN(C(=O)CC(N)Cc2c[nH]c3ccccc23)CC1,0.35282617807388306,0.22822832,0.5454463,2.883522672847068,-9.38
CCC(=O)N(c1ccccc1)C1CCN(C(=O)[C@H](N)c2ccc3ccccc3c2)CC1,,CCC(=O)N(c1ccccc1)C1CCN(C(=O)[C@H](N)c2ccc3ccccc3c2)CC1,0.3453788161277771,0.21774614,0.54782385,2.7784112689037794,-9.4
CCC(=O)N(c1ccccc1)C1CCN(C(=O)[C@H](N)Cc2cnc3ccccc3c2)CC1,,CCC(=O)N(c1ccccc1)C1CCN(C(=O)[C@H](N)Cc2cnc3ccccc3c2)CC1,0.3253917694091797,0.22525011,0.47005433,2.8540138099708123,-8.75
CCC(=O)N(c1ccccc1)C1CCN(C(=O)[C@@H]2CCCN2C(=O)c2ccc3ccccc3c2)CC1,,CCC(=O)N(c1ccccc1)C1CCN(C(=O)[C@@H]2CCCN2C(=O)c2ccc3ccccc3c2)CC1,0.36167094111442566,0.22252516,0.58782506,2.826770979199228,-9.74
CCC(=O)N(c1ccccc1)C1CCN(C(=O)[C@H](C)NCc2ccc3ccccc3c2)CC1,,CCC(=O)N(c1ccccc1)C1CCN(C(=O)[C@H](C)NCc2ccc3ccccc3c2)CC1,0.3405246436595917,0.21685451,0.5347227,2.7693039543741573,-9.29
CCC(=O)N(c1ccccc1)C1CCN(C(=O)C2Cc3ccc(-c4ccccc4)cc3C2O)CC1,,CCC(=O)N(c1ccccc1)C1CCN(C(=O)C2Cc3ccc(-c4ccccc4)cc3C2O)CC1,0.3990169167518616,0.26613623,0.59824437,3.237954459651739,-9.83
CCC(=O)N(c1ccccc1)C1CCN(C(=O)[C@H](N)Cc2ccc(-c3ccccc3)cc2)CC1,,CCC(=O)N(c1ccccc1)C1CCN(C(=O)[C@H](N)Cc2ccc(-c3ccccc3)cc2)CC1,0.3413566052913666,0.20776036,0.5608592,2.6748246656971624,-9.51
CCC(=O)N(c1ccccc1)C1CCN(C(=O)[C@H](N)Cc2ccc3ccccc3c2)CC1,,CCC(=O)N(c1ccccc1)C1CCN(C(=O)[C@H](N)Cc2ccc3ccccc3c2)CC1,0.32589271664619446,0.21343602,0.49760145,2.734134712980847,-8.98
CCC(=O)N(c1ccccc1)C1CCN(C(=O)C[C@@H](N)Cc2ccc3ccccc3c2)CC1,,CCC(=O)N(c1ccccc1)C1CCN(C(=O)C[C@@H](N)Cc2ccc3ccccc3c2)CC1,0.37317728996276855,0.22102876,0.6300596,2.811709622390353,-10.11
CCC(=O)N(c1ccccc1)C1CCN(C(=O)[C@H](N)Cc2ccc(O)c3ccccc23)CC1,,CCC(=O)N(c1ccccc1)C1CCN(C(=O)[C@H](N)Cc2ccc(O)c3ccccc23)CC1,0.3727983236312866,0.22751354,0.6108586,2.876465556579344,-9.94
CCC(=O)N(c1ccccc1)C1CCN(C(=O)[C@H](N)Cc2ccc3cc(F)ccc3c2)CC1,,CCC(=O)N(c1ccccc1)C1CCN(C(=O)[C@H](N)Cc2ccc3cc(F)ccc3c2)CC1,0.32499393820762634,0.22299832,0.47364062,2.831518584402586,-8.78
CCC(=O)N(c1ccccc1)C1CCN(C(=O)CC(N)CCc2c[nH]c3ccccc23)CC1,,CCC(=O)N(c1ccccc1)C1CCN(C(=O)CC(N)CCc2c[nH]c3ccccc23)CC1,0.3658430278301239,0.23566267,0.5679352,2.956022982714238,-9.57
CCC(=O)N(c1ccccc1)C1CCN(C(=O)[C@@H](N)Cc2ccc3ccccc3n2)CC1,,CCC(=O)N(c1ccccc1)C1CCN(C(=O)[C@@H](N)Cc2ccc3ccccc3n2)CC1,0.33599230647087097,0.22578168,0.5,2.859300933716632,-9.0
CCC(=O)N(c1ccccc1)C1CCN(C(=O)[C@@H](N)C(c2ccccc2)c2cccc(F)c2)CC1,,CCC(=O)N(c1ccccc1)C1CCN(C(=O)[C@@H](N)C(c2ccccc2)c2cccc(F)c2)CC1,0.3373657166957855,0.25848234,0.44032264,3.1692374924011686,-8.5
CCC(=O)N(c1ccccc1)C1CCN(C(=O)C[C@H]2C[C@@H](c3ccccc3)CN2C)CC1,,CCC(=O)N(c1ccccc1)C1CCN(C(=O)C[C@H]2C[C@@H](c3ccccc3)CN2C)CC1,0.3504489064216614,0.26808113,0.45812404,3.2552135800345328,-8.65
CCC(=O)N(c1ccccc1)C1CCN(C(=O)CCc2c(-c3ccccc3)noc2C)CC1,,CCC(=O)N(c1ccccc1)C1CCN(C(=O)CCc2c(-c3ccccc3)noc2C)CC1,0.3263932466506958,0.1864207,0.57146317,2.440376915843464,-9.6
CCC(=O)N(c1ccccc1)C1CCN(C(=O)[C@H](N)C(c2ccccc2)c2ccccc2)CC1,,CCC(=O)N(c1ccccc1)C1CCN(C(=O)[C@H](N)C(c2ccccc2)c2ccccc2)CC1,0.3062126934528351,0.22122796,0.42384434,2.813718543248182,-8.36
CCC(=O)N(c1ccccc1)C1CCN(C(=O)[C@H](N)C2Cc3cc4ccccc4cc3C2)CC1,,CCC(=O)N(c1ccccc1)C1CCN(C(=O)[C@H](N)C2Cc3cc4ccccc4cc3C2)CC1,0.3519175052642822,0.2500912,0.49520308,3.092359673546457,-8.96
CCC(=O)N(c1ccccc1)C1CCN(C(=O)/C=C/c2ccc3ccccc3c2)CC1,,CCC(=O)N(c1ccccc1)C1CCN(C(=O)/C=C/c2ccc3ccccc3c2)CC1,0.3112668991088867,0.17496277,0.55375826,2.305888318987014,-9.45
CCC(=O)N(c1ccccc1)C1CCN(C(=O)CC(N)c2ccc3ccccc3c2)CC1,,CCC(=O)N(c1ccccc1)C1CCN(C(=O)CC(N)c2ccc3ccccc3c2)CC1,0.35452672839164734,0.2199428,0.57146317,2.800733207964125,-9.6
CCC(=O)N(c1ccccc1)C1CCN(C(=O)Cc2ccc3ccccc3c2)CC1,,CCC(=O)N(c1ccccc1)C1CCN(C(=O)Cc2ccc3ccccc3c2)CC1,0.28899088501930237,0.16388714,0.5095929,2.169120186584344,-9.08
CCC(=O)N(c1ccccc1)C1CCN(C(=O)[C@H](N)C2Cc3ccccc3C2c2cccnc2)CC1,,CCC(=O)N(c1ccccc1)C1CCN(C(=O)[C@H](N)C2Cc3ccccc3C2c2cccnc2)CC1,0.4164044260978699,0.3185862,0.54425657,3.6792642868049787,-9.37
CCC(=O)N(c1ccccc1)C1CCN(C(=O)CC(N)c2cccc3ccccc23)CC1,,CCC(=O)N(c1ccccc1)C1CCN(C(=O)CC(N)c2cccc3ccccc23)CC1,0.3452646732330322,0.22047542,0.5406848,2.8061211678303444,-9.34
CCC(=O)N(c1ccccc1)C1CCN(C(=O)[C@H](N)Cc2ccc3cc(Cl)ccc3c2)CC1,,CCC(=O)N(c1ccccc1)C1CCN(C(=O)[C@H](N)Cc2ccc3cc(Cl)ccc3c2)CC1,0.3661322593688965,0.22194348,0.6039954,2.8209248037151866,-9.88
CCC(=O)N(c1ccccc1)C1CCN(C(=O)[C@H](C)NC(C)(C)c2cccc(Br)c2)CC1,,CCC(=O)N(c1ccccc1)C1CCN(C(=O)[C@H](C)NC(C)(C)c2cccc(Br)c2)CC1,0.3463623821735382,0.24826737,0.48321658,3.0754250553204816,-8.86
CCC(=O)N(c1ccccc1)C1CCN(C(=O)[C@H](N)C2Cc3cccc(Cl)c3C2)CC1,,CCC(=O)N(c1ccccc1)C1CCN(C(=O)[C@H](N)C2Cc3cccc(Cl)c3C2)CC1,0.4015674889087677,0.28045395,0.5749838,3.3632118045429085,-9.63
CCC(=O)N(c1ccccc1)C1CCN(C(=O)[C@@H](NCC2CCOCC2)c2cccc(Cl)c2)CC1,,CCC(=O)N(c1ccccc1)C1CCN(C(=O)[C@@H](NCC2CCOCC2)c2cccc(Cl)c2)CC1,0.3667919337749481,0.24827884,0.5418759,3.0755319851938347,-9.35
CCC(=O)N(c1ccccc1)C1CCN(C(=O)C[C@@H](N)Cc2ccc(Cl)c(Cl)c2)CC1,,CCC(=O)N(c1ccccc1)C1CCN(C(=O)C[C@@H](N)Cc2ccc(Cl)c(Cl)c2)CC1,0.3438109755516052,0.2240638,0.52755505,2.84218290184271,-9.23
CCC(=O)N(c1ccccc1)C1CCN(C(=O)CC(N)C(c2ccccc2)c2ccccc2)CC1,,CCC(=O)N(c1ccccc1)C1CCN(C(=O)CC(N)C(c2ccccc2)c2ccccc2)CC1,0.3369324207305908,0.23148818,0.4904071,2.9155129448282597,-8.92
O=C(NCC(=O)N1CCC[C@@H]1c1ccccc1)c1ccc2cc(C(F)(F)F)ccc2n1,,O=C(NCC(=O)N1CCC[C@@H]1c1ccccc1)c1ccc2cc(C(F)(F)F)ccc2n1,0.30303463339805603,0.20967685,0.4379596,2.6949833479483303,-8.48
CCC(=O)N(c1ccccc1)C1CCN(C(=O)[C@H](N)[C@H]2C[C@@H](c3ccccc3)C2)CC1,,CCC(=O)N(c1ccccc1)C1CCN(C(=O)[C@H](N)[C@H]2C[C@@H](c3ccccc3)C2)CC1,0.35437777638435364,0.23329616,0.5383012,2.9331198864098678,-9.32
CCC(=O)N(c1ccccc1)C1CCN(C(=O)[C@H](C)NCc2ccccc2Br)CC1,,CCC(=O)N(c1ccccc1)C1CCN(C(=O)[C@H](C)NCc2ccccc2Br)CC1,0.324002742767334,0.21997327,0.47722977,2.8010415380466895,-8.81
CCC(=O)N(c1ccccc1)C1CCN(C(=O)[C@@H](N)C2CCc3ccc(Cl)cc3C2)CC1,,CCC(=O)N(c1ccccc1)C1CCN(C(=O)[C@@H](N)C2CCc3ccc(Cl)cc3C2)CC1,0.3470889925956726,0.27581614,0.43677926,3.3230836487617923,-8.47
CCC(=O)N(c1ccccc1)C1CCN(C(=O)[C@H](N)c2ccc(S(C)(=O)=O)cc2)CC1,,CCC(=O)N(c1ccccc1)C1CCN(C(=O)[C@H](N)c2ccc(S(C)(=O)=O)cc2)CC1,0.35406360030174255,0.22398803,0.55967736,2.841425379172918,-9.5
CCC(=O)N(c1ccccc1)C1CCN(C(=O)[C@@H](N)CC2CCCc3ccccc32)CC1,,CCC(=O)N(c1ccccc1)C1CCN(C(=O)[C@@H](N)CC2CCCc3ccccc32)CC1,0.37890684604644775,0.26612082,0.5394932,3.2378170917402187,-9.33
CCC(=O)N(c1ccccc1)C1CCN(C(=O)[C@@H](N)Cc2cccc(-c3ccccc3)c2)CC1,,CCC(=O)N(c1ccccc1)C1CCN(C(=O)[C@@H](N)Cc2cccc(-c3ccccc3)c2)CC1,0.3342238664627075,0.21174204,0.52755505,2.716555277942062,-9.23
O=C(NCC(=O)N1CCCC(F)(F)[C@H]1c1ccccc1)c1ccc2cc(F)ccc2n1,,O=C(NCC(=O)N1CCCC(F)(F)[C@H]1c1ccccc1)c1ccc2cc(F)ccc2n1,0.3471939265727997,0.24460721,0.49280488,3.0411859703259516,-8.94
CCC(=O)N(c1ccccc1)C1CCN(C(=O)[C@@H](N)CC2Cc3ccc(F)cc3C2)CC1,,CCC(=O)N(c1ccccc1)C1CCN(C(=O)[C@@H](N)CC2Cc3ccc(F)cc3C2)CC1,0.3567107915878296,0.27418005,0.46408403,3.3088281965217243,-8.7
CCC(=O)N(c1ccccc1)C1CCN(C(=O)[C@@H](N)C[C@@H](C)c2c(C)cc(O)cc2C)CC1,,CCC(=O)N(c1ccccc1)C1CCN(C(=O)[C@@H](N)C[C@@H](C)c2c(C)cc(O)cc2C)CC1,0.31761083006858826,0.29089296,0.3467828,3.4520856905636377,-7.68
CCC(=O)N(c1ccccc1)C1CCN(C(=O)CC(N)C2Cc3ccccc3C2)CC1,,CCC(=O)N(c1ccccc1)C1CCN(C(=O)CC(N)C2Cc3ccccc3C2)CC1,0.3283643126487732,0.24291478,0.44387215,3.0252368523091366,-8.53
CCC(=O)N(c1ccccc1)C1CCN(C(=O)[C@@H](N)Cc2cccc3ccccc23)CC1,,CCC(=O)N(c1ccccc1)C1CCN(C(=O)[C@@H](N)Cc2cccc3ccccc23)CC1,0.3312655985355377,0.21383336,0.51318884,2.7382434086330214,-9.11
CCC(=O)N(c1ccccc1)C1CCN(C(=O)[C@H](C)NCc2ccc3cc(F)ccc3c2)CC1,,CCC(=O)N(c1ccccc1)C1CCN(C(=O)[C@H](C)NCc2ccc3cc(F)ccc3c2)CC1,0.344763845205307,0.22633365,0.5251633,2.864781704976,-9.21
CCC(=O)N(c1ccccc1)C1CCN(C(=O)[C@@H](N)C(C)(C)c2ccc3ccccc3c2)CC1,,CCC(=O)N(c1ccccc1)C1CCN(C(=O)[C@@H](N)C(C)(C)c2ccc3ccccc3c2)CC1,0.3622014820575714,0.2426366,0.5406848,3.022608201803914,-9.34
CCC(=O)N(c1ccccc1)C1CCN(C(=O)[C@@H](N)CCc2ccc3ccccc3c2)CC1,,CCC(=O)N(c1ccccc1)C1CCN(C(=O)[C@@H](N)CCc2ccc3ccccc3c2)CC1,0.3415428102016449,0.21962455,0.5311405,2.797509298503714,-9.26
CCC(=O)N(c1ccccc1)C1CCN(C(=O)[C@@H](N)Cc2c(C)ccc3ccccc23)CC1,,CCC(=O)N(c1ccccc1)C1CCN(C(=O)[C@@H](N)Cc2c(C)ccc3ccccc23)CC1,0.356314480304718,0.22684498,0.55967736,2.8698503356300815,-9.5
CCC(=O)N(c1ccccc1)C1CCN(C(=O)[C@@H](N)Cc2ccc(S(C)(=O)=O)cc2)CC1,,CCC(=O)N(c1ccccc1)C1CCN(C(=O)[C@@H](N)Cc2ccc(S(C)(=O)=O)cc2)CC1,0.3223152160644531,0.2187849,0.47483677,2.788987025934137,-8.79
CCC(=O)N(c1ccccc1)C1CCN(C(=O)[C@@H](N)Cc2ccc(Cc3ccccc3)cc2)CC1,,CCC(=O)N(c1ccccc1)C1CCN(C(=O)[C@@H](N)Cc2ccc(Cc3ccccc3)cc2)CC1,0.30079570412635803,0.21288134,0.42501628,2.7283897155822583,-8.37
CCC(=O)N(c1ccccc1)C1CCN(C(=O)Cc2ccc(-c3ccccc3)cc2)CC1,,CCC(=O)N(c1ccccc1)C1CCN(C(=O)Cc2ccc(-c3ccccc3)cc2)CC1,0.2957186996936798,0.15963079,0.54782385,2.114586060013803,-9.4
CCC(=O)N(c1ccccc1)C1CCN(C(=O)C2Cc3ccccc3C2c2ccncc2)CC1,,CCC(=O)N(c1ccccc1)C1CCN(C(=O)C2Cc3ccccc3C2c2ccncc2)CC1,0.358691543340683,0.27371225,0.47005433,3.304741990566324,-8.75
CCC(=O)N(c1ccccc1)C1CCN(C(=O)[C@@H](N)C2Cc3ccccc3C2=O)CC1,,CCC(=O)N(c1ccccc1)C1CCN(C(=O)[C@@H](N)C2Cc3ccccc3C2=O)CC1,0.3553219139575958,0.277753,0.45455378,3.339892049298154,-8.62
O=C(NCC(=O)N1CCCCC1C(=O)NC1CCCC1)c1ccc2ccccc2n1,,O=C(NCC(=O)N1CCCCC1C(=O)NC1CCCC1)c1ccc2ccccc2n1,0.3352668881416321,0.20562863,0.5466353,2.6522397031270444,-9.39
CCC(=O)N(c1ccccc1)C1CCN(C(=O)[C@@H](N)CC2Cc3ccccc3C2)CC1,,CCC(=O)N(c1ccccc1)C1CCN(C(=O)[C@@H](N)CC2Cc3ccccc3C2)CC1,0.3559742867946625,0.23645067,0.535916,2.963613688955636,-9.3
CCC(=O)N(c1ccccc1)C1CCN(C(=O)[C@H](N)C2Cc3cccc(C)c3C2)CC1,,CCC(=O)N(c1ccccc1)C1CCN(C(=O)[C@H](N)C2Cc3cccc(C)c3C2)CC1,0.3897572159767151,0.2785071,0.5454463,3.3464170492981538,-9.38
CCC(=O)N(c1ccccc1)C1CCN(C(=O)[C@@H](N)CCC2=Cc3ccccc3CC2)CC1,,CCC(=O)N(c1ccccc1)C1CCN(C(=O)[C@@H](N)CCC2=Cc3ccccc3CC2)CC1,0.38556402921676636,0.25645733,0.5796661,3.1508369098397466,-9.67
CCC(=O)N(c1ccccc1)C1CCN(C(=O)CCc2ccc3ccccc3c2)CC1,,CCC(=O)N(c1ccccc1)C1CCN(C(=O)CCc2ccc3ccccc3c2)CC1,0.30611884593963623,0.16603239,0.56440043,2.1961744728331656,-9.54
CCC(=O)N(c1ccccc1)C1CCN(C(=O)[C@H](N)CC(C)c2ccccc2)CC1,,CCC(=O)N(c1ccccc1)C1CCN(C(=O)[C@H](N)CC(C)c2ccccc2)CC1,0.3445054590702057,0.24500503,0.48441458,3.0449237338432438,-8.87
CCC(=O)N(c1ccccc1)C1CCN(C(=O)[C@@H](N)[C@@H]2CCCc3ccccc32)CC1,,CCC(=O)N(c1ccccc1)C1CCN(C(=O)[C@@H](N)[C@@H]2CCCc3ccccc32)CC1,0.34706902503967285,0.26850915,0.4486137,3.259000721805421,-8.57
CCC(=O)N(c1ccccc1)C1CCN(C(=O)[C@@H](N)C2Cc3ccc(C)cc3C2)CC1,,CCC(=O)N(c1ccccc1)C1CCN(C(=O)[C@@H](N)C2Cc3ccc(C)cc3C2)CC1,0.3740215003490448,0.27195874,0.51438713,3.2893882031443074,-9.12
CCC(=O)N(c1ccccc1)C1CCN(C(=O)[C@H](N)Cc2ccc(Cl)c(Cl)c2)CC1,,CCC(=O)N(c1ccccc1)C1CCN(C(=O)[C@H](N)Cc2ccc(Cl)c(Cl)c2)CC1,0.28161394596099854,0.21633409,0.36659235,2.7639760047564508,-7.86
CCC(=O)N(c1ccccc1)C1CCN(C(=O)[C@H](N)c2cccc(Oc3ccccc3)c2)CC1,,CCC(=O)N(c1ccccc1)C1CCN(C(=O)[C@H](N)c2cccc(Oc3ccccc3)c2)CC1,0.3162897527217865,0.2200822,0.45455378,2.8021442889310713,-8.62
CCC(=O)N(c1ccccc1)C1CCN(C(=O)[C@@H]2CCCN2Cc2ccccc2Cl)CC1,,CCC(=O)N(c1ccccc1)C1CCN(C(=O)[C@@H]2CCCN2Cc2ccccc2Cl)CC1,0.3488995134830475,0.21935727,0.5549434,2.7947989270276707,-9.46
CCC(=O)N(c1ccccc1)C1CCN(C(=O)[C@@H](N)Cc2ccc3ccc(O)cc3c2)CC1,,CCC(=O)N(c1ccccc1)C1CCN(C(=O)[C@@H](N)Cc2ccc3ccc(O)cc3c2)CC1,0.36386638879776,0.22933076,0.5773266,2.8943771768739435,-9.65
CCC(=O)N(c1ccccc1)C1CCN(C(=O)C[C@@H](N)Cc2ccc3cccc(Cl)c3c2)CC1,,CCC(=O)N(c1ccccc1)C1CCN(C(=O)C[C@@H](N)Cc2ccc3cccc(Cl)c3c2)CC1,0.3784438371658325,0.2335853,0.61313677,2.935926669290035,-9.96
CCC(=O)N(c1ccccc1)C1CCN(C(=O)[C@@H](N)CN2CCN(c3ccccc3)CC2)CC1,,CCC(=O)N(c1ccccc1)C1CCN(C(=O)[C@@H](N)CN2CCN(c3ccccc3)CC2)CC1,0.31884831190109253,0.2236572,0.45455378,2.838117444347084,-8.62
CCC(=O)N(c1ccccc1)C1CCN(C(=O)[C@@H](NC(=O)c2ccccc2)C2CCCCC2)CC1,,CCC(=O)N(c1ccccc1)C1CCN(C(=O)[C@@H](NC(=O)c2ccccc2)C2CCCCC2)CC1,0.31740060448646545,0.2233831,0.4509881,2.835373873998101,-8.59
CCC(=O)N(c1ccccc1)C1CCN(C(=O)Cc2cccc([N+](=O)[O-])c2)CC1,,CCC(=O)N(c1ccccc1)C1CCN(C(=O)Cc2cccc([N+](=O)[O-])c2)CC1,0.2561851739883423,0.17115644,0.38345528,2.2596827451609993,-8.01
CCC(=O)N(c1ccccc1)C1CCN(C(=O)[C@H](N)Cc2ccccc2Br)CC1,,CCC(=O)N(c1ccccc1)C1CCN(C(=O)[C@H](N)Cc2ccccc2Br)CC1,0.29174312949180603,0.21681367,0.39256775,2.7688861913148806,-8.09
CCC(=O)N(c1ccccc1)C1CCN(C(=O)[C@H](N)Cc2csc3ccccc23)CC1,,CCC(=O)N(c1ccccc1)C1CCN(C(=O)[C@H](N)Cc2csc3ccccc23)CC1,0.35528644919395447,0.230418,0.54782385,2.9050460139340295,-9.4
CCC(=O)N(c1ccccc1)C1CCN(C(=O)CC(N)c2ccc(S(C)(=O)=O)cc2)CC1,,CCC(=O)N(c1ccccc1)C1CCN(C(=O)CC(N)c2ccc(S(C)(=O)=O)cc2)CC1,0.33501115441322327,0.22663927,0.49520308,2.8678120907569546,-8.96
O=C(NCC(=O)N1CCCCC1c1cc(Cl)cc(Cl)c1)c1ccc2ccccc2n1,,O=C(NCC(=O)N1CCCCC1c1cc(Cl)cc(Cl)c1)c1ccc2ccccc2n1,0.3509032726287842,0.21156822,0.5820018,2.7147452610815197,-9.69
CCC(=O)N(c1ccccc1)C1CCN(C(=O)[C@@H](N)C2CCC(c3ccccc3)CC2)CC1,,CCC(=O)N(c1ccccc1)C1CCN(C(=O)[C@@H](N)C2CCC(c3ccccc3)CC2)CC1,0.33278128504753113,0.23089637,0.4796238,2.909728731702094,-8.83
CCC(=O)N(c1ccccc1)C1CCN(C(=O)[C@@H](N)C2c3ccccc3C2c2ccccc2)CC1,,CCC(=O)N(c1ccccc1)C1CCN(C(=O)[C@@H](N)C2c3ccccc3C2c2ccccc2)CC1,0.4265911877155304,0.30129376,0.6039954,3.5387822000583586,-9.88
CCC(=O)N(c1ccccc1)C1CCN(C(=O)C[C@@H](N)Cc2ccccc2Br)CC1,,CCC(=O)N(c1ccccc1)C1CCN(C(=O)C[C@@H](N)Cc2ccccc2Br)CC1,0.32310202717781067,0.22379719,0.46647108,2.8395175561462374,-8.72
CCC(=O)N(c1ccccc1)C1CCN(C(=O)Cc2cnc3ccccc3c2)CC1,,CCC(=O)N(c1ccccc1)C1CCN(C(=O)Cc2cnc3ccccc3c2)CC1,0.29043933749198914,0.17370838,0.4856128,2.2907498948071563,-8.88
CCC(=O)N(c1ccccc1)C1CCN(C(=O)[C@@H](N)Cc2ccccc2-c2ccccc2)CC1,,CCC(=O)N(c1ccccc1)C1CCN(C(=O)[C@@H](N)Cc2ccccc2-c2ccccc2)CC1,0.31529197096824646,0.21475682,0.46289116,2.74777129050093,-8.69
CCC(=O)N(c1ccccc1)C1CCN(C(=O)[C@H](N)C2Cc3ccc(Cl)cc3C2)CC1,,CCC(=O)N(c1ccccc1)C1CCN(C(=O)[C@H](N)C2Cc3ccc(Cl)cc3C2)CC1,0.3688601553440094,0.27276993,0.4988007,3.2964985178296224,-8.99
CCC(=O)N(c1ccccc1)C1CCN(C(=O)Cc2cnc(-c3ccccc3)s2)CC1,,CCC(=O)N(c1ccccc1)C1CCN(C(=O)Cc2cnc(-c3ccccc3)s2)CC1,0.2919617295265198,0.18367717,0.46408403,2.408772934371628,-8.7
CCC(=O)N(c1ccccc1)C1CCN(C(=O)[C@H](N)Cc2ccccc2C)CC1,,CCC(=O)N(c1ccccc1)C1CCN(C(=O)[C@H](N)Cc2ccccc2C)CC1,0.2667195200920105,0.21038324,0.3381415,2.70237906185897,-7.6
CCC(=O)N(c1ccccc1)C1CCN(C(=O)[C@@H](N)Cc2cc(C)cc(C)c2)CC1,,CCC(=O)N(c1ccccc1)C1CCN(C(=O)[C@@H](N)Cc2cc(C)cc(C)c2)CC1,0.31683793663978577,0.21912463,0.45812404,2.7924380926685384,-8.65
CCC(=O)N(c1ccccc1)C1CCN(C(=O)CC(N)Cc2ccc(C#N)cc2)CC1,,CCC(=O)N(c1ccccc1)C1CCN(C(=O)CC(N)Cc2ccc(C#N)cc2)CC1,0.3059886395931244,0.22588366,0.41450125,2.860314292004274,-8.28
CCC(=O)N(c1ccccc1)C1CCN(C(=O)[C@@H](N)Cc2ccc3cc(O)ccc3c2)CC1,,CCC(=O)N(c1ccccc1)C1CCN(C(=O)[C@@H](N)Cc2ccc3cc(O)ccc3c2)CC1,0.3379206359386444,0.22729038,0.5023986,2.8742590099345,-9.02
CCC(=O)N(c1ccccc1)C1CCN(C(=O)[C@@H](N)C2CCc3ccc(Br)cc3C2)CC1,,CCC(=O)N(c1ccccc1)C1CCN(C(=O)[C@@H](N)C2CCc3ccc(Br)cc3C2)CC1,0.40184175968170166,0.2802659,0.57615566,3.3615926935631446,-9.64
CCC(=O)N(c1ccccc1)C1CCN(C(=O)[C@H](N)Cc2cccc(N3CCOCC3)c2)CC1,,CCC(=O)N(c1ccccc1)C1CCN(C(=O)[C@H](N)Cc2cccc(N3CCOCC3)c2)CC1,0.3319326341152191,0.22972019,0.4796238,2.8982026876751856,-8.83
CCC(=O)N(c1ccccc1)C1CCN(C(=O)C[C@@H](N)Cc2ccc(C)c(F)c2)CC1,,CCC(=O)N(c1ccccc1)C1CCN(C(=O)C[C@@H](N)Cc2ccc(C)c(F)c2)CC1,0.2963734269142151,0.22506073,0.3902822,2.852128259932895,-8.07
O=C1CN(c2nc(N3CCN(Cc4ccccc4)CC3)nc(N3CCc4ccccc4C3)n2)CCN1,,O=C1CN(c2nc(N3CCN(Cc4ccccc4)CC3)nc(N3CCc4ccccc4C3)n2)CCN1,0.34746837615966797,0.19876172,0.60743225,2.5782840684855888,-9.91
O=C(NCCC1CCNCC1)c1cnc(N2CCc3ccccc3C2)nc1N1CCc2ccccc2C1,,O=C(NCCC1CCNCC1)c1cnc(N2CCc3ccccc3C2)nc1N1CCc2ccccc2C1,0.3685557246208191,0.21407232,0.63452077,2.7407117697945225,-10.15
CN(CCN1CCc2ccccc2C1)c1nc(N2CCNCC2)nc(N2CCc3ccccc3C2)n1,,CN(CCN1CCc2ccccc2C1)c1nc(N2CCNCC2)nc(N2CCc3ccccc3C2)n1,0.4019082486629486,0.2182961,0.7399594,2.784014622044179,-11.18
c1ccc(CCCNc2cc(N3CCNCC3)nc(N3CCc4ccccc4C3)n2)cc1,,c1ccc(CCCNc2cc(N3CCNCC3)nc(N3CCc4ccccc4C3)n2)cc1,0.34921300411224365,0.18731502,0.6510407,2.4506016462420916,-10.3
c1ccc(CCCNc2nc(N3CCNCC3)nc(N3CCc4ccccc4C3)n2)cc1,,c1ccc(CCCNc2nc(N3CCNCC3)nc(N3CCc4ccccc4C3)n2)cc1,0.3649808168411255,0.18727067,0.7113287,2.450095396242091,-10.88
CC(NC(=O)CNC(=O)c1ccc2cc(F)ccc2n1)c1ccccc1,,CC(NC(=O)CNC(=O)c1ccc2cc(F)ccc2n1)c1ccccc1,0.2868461608886719,0.18101424,0.45455378,2.37774545019591,-8.62
c1ccc2c(c1)CCN(c1cc(NC3CCCNC3)nc(N3CCc4ccccc4C3)n1)C2,,c1ccc2c(c1)CCN(c1cc(NC3CCCNC3)nc(N3CCc4ccccc4C3)n1)C2,0.39851611852645874,0.2502914,0.63452077,3.0942140463874086,-10.15
c1ccc2c(c1)CCN(c1nc(CC3CCCNC3)nc(N3CCc4ccccc4C3)n1)C2,,c1ccc2c(c1)CCN(c1nc(CC3CCCNC3)nc(N3CCc4ccccc4C3)n1)C2,0.4226488471031189,0.25728396,0.69429916,3.158359500932864,-10.71
O=C(Nc1nc(N2CCc3ccccc3C2)nc(N2CCc3ccccc3C2)n1)C1CCCNC1,,O=C(Nc1nc(N2CCc3ccccc3C2)nc(N2CCc3ccccc3C2)n1)C1CCCNC1,0.39114910364151,0.2523515,0.6062878,3.113233701756025,-9.9
OC1CCN(c2nc(NCCCc3ccccc3)nc(N3CCc4ccccc4C3)n2)CC1,,OC1CCN(c2nc(NCCCc3ccccc3)nc(N3CCc4ccccc4C3)n2)CC1,0.36193540692329407,0.18812479,0.6963316,2.4598270736555765,-10.73
Oc1cccc(-c2nc(N3CCC(N4CCCCC4)CC3)nc(N3CCc4ccccc4C3)n2)c1,,Oc1cccc(-c2nc(N3CCC(N4CCCCC4)CC3)nc(N3CCc4ccccc4C3)n2)c1,0.3493952453136444,0.19947281,0.6119983,2.5860304829076703,-9.95
NC(=O)CC[C@H]1C[C@H](c2nc(N3CCc4ccccc4C3)nc(N3CCc4ccccc4C3)n2)CN1,,NC(=O)CC[C@H]1C[C@H](c2nc(N3CCc4ccccc4C3)nc(N3CCc4ccccc4C3)n2)CN1,0.46018821001052856,0.3134264,0.6756712,3.637793795969192,-10.53
N[C@H]1CC[C@H](c2nc(N3CCc4ccccc4C3)nc(N3CCc4ccccc4C3)n2)CC1,,N[C@H]1CC[C@H](c2nc(N3CCc4ccccc4C3)nc(N3CCc4ccccc4C3)n2)CC1,0.36660245060920715,0.2085382,0.64447355,2.683022835037054,-10.24
NC(=O)CCCc1cnc(N2CCc3ccccc3C2)nc1N1CCc2ccccc2C1,,NC(=O)CCCc1cnc(N2CCc3ccccc3C2)nc1N1CCc2ccccc2C1,0.32894960045814514,0.19795251,0.5466353,2.569443902788736,-9.39
CNC1(CNc2nc(N3CCc4ccccc4C3)nc(N3CCc4ccccc4C3)n2)CCCCC1,,CNC1(CNc2nc(N3CCc4ccccc4C3)nc(N3CCc4ccccc4C3)n2)CCCCC1,0.3922969400882721,0.22992603,0.66933227,2.9002226738055015,-10.47
c1ccc(N2CCN(c3nc(N4CCOCC4)nc(N4CCc5ccccc5C4)n3)CC2)cc1,,c1ccc(N2CCN(c3nc(N4CCOCC4)nc(N4CCc5ccccc5C4)n3)CC2)cc1,0.29910212755203247,0.18468082,0.48441458,2.42037656753614,-8.87
O=C(NCC(=O)N1CCCC[C@H]1CN1CCCCC1)c1ccc2cc(Cl)ccc2n1,,O=C(NCC(=O)N1CCCC[C@H]1CN1CCCCC1)c1ccc2cc(Cl)ccc2n1,0.3148045837879181,0.2157602,0.45931518,2.758089570501051,-8.66
NC(=O)CC1CCN(c2nc(N3CCc4ccccc4C3)nc(N3CCc4ccccc4C3)n2)CC1,,NC(=O)CC1CCN(c2nc(N3CCc4ccccc4C3)nc(N3CCc4ccccc4C3)n2)CC1,0.3365061283111572,0.20897104,0.5418759,2.6875746711469013,-9.35
c1ccc2c(c1)CCN(c1nc(NCC3CCCNC3)nc(N3CCc4ccccc4C3)n1)C2,,c1ccc2c(c1)CCN(c1nc(NCC3CCCNC3)nc(N3CCc4ccccc4C3)n1)C2,0.42391812801361084,0.2544054,0.7063787,3.132094118093507,-10.83
NS(=O)(=O)CCCc1cnc(N2CCc3ccccc3C2)nc1N1CCc2ccccc2C1,,NS(=O)(=O)CCCc1cnc(N2CCc3ccccc3C2)nc1N1CCc2ccccc2C1,0.37846970558166504,0.2090903,0.6850596,2.68882806462889,-10.62
NC1CCC(Nc2nc(NCc3ccccc3)nc(N3CCc4ccccc4C3)n2)CC1,,NC1CCC(Nc2nc(NCc3ccccc3)nc(N3CCc4ccccc4C3)n2)CC1,0.3695695698261261,0.19017892,0.7181746,2.4830932403716446,-10.95
c1ccc2c(c1)CCN(c1nc(NC3CCNC3)nc(N3CCc4ccccc4C3)n1)C2,,c1ccc2c(c1)CCN(c1nc(NC3CCNC3)nc(N3CCc4ccccc4C3)n1)C2,0.40428730845451355,0.24898049,0.65646994,3.0820566402383722,-10.35
c1ccc2c(c1)CCN(c1nc(NCC3CCCCC3)nc(N3CCNCC3)n1)C2,,c1ccc2c(c1)CCN(c1nc(NCC3CCCCC3)nc(N3CCNCC3)n1)C2,0.3460276126861572,0.19748887,0.6062878,2.5643663404304995,-9.9
c1ccc2c(c1)CCN(c1nc(NCC3CCCCC3)nc(N3CCc4ccccc4C3)n1)C2,,c1ccc2c(c1)CCN(c1nc(NCC3CCCCC3)nc(N3CCc4ccccc4C3)n1)C2,0.3581556975841522,0.1980281,0.6477642,2.570270685183198,-10.27
NCC1CCN(c2nc(NCCc3ccccc3)nc(N3CCc4ccccc4C3)n2)CC1,,NCC1CCN(c2nc(NCCc3ccccc3)nc(N3CCc4ccccc4C3)n2)CC1,0.3457697331905365,0.1897546,0.6300596,2.4783032118031443,-10.11
c1ccc2c(c1)CCN(c1nc(NCC3CCNC3)nc(N3CCc4ccccc4C3)n1)C2,,c1ccc2c(c1)CCN(c1nc(NCC3CCNC3)nc(N3CCc4ccccc4C3)n1)C2,0.41121476888656616,0.25263622,0.66933227,3.115854605827968,-10.47
c1ccc2c(c1)CCN(c1nc(NCCC3CCNCC3)nc(N3CCc4ccccc4C3)n1)C2,,c1ccc2c(c1)CCN(c1nc(NCCC3CCNCC3)nc(N3CCc4ccccc4C3)n1)C2,0.3674117624759674,0.21274547,0.63452077,2.726980436415701,-10.15
NC(=O)CN1CCC(c2cc(N3CCc4ccccc4C3)nc(N3CCc4ccccc4C3)n2)CC1,,NC(=O)CN1CCC(c2cc(N3CCc4ccccc4C3)nc(N3CCc4ccccc4C3)n2)CC1,0.38895726203918457,0.20897149,0.7239635,2.6875798961106163,-11.01
c1ccc(CCNc2nc(N3CCNCC3)nc(N3CCc4ccccc4C3)n2)nc1,,c1ccc(CCNc2nc(N3CCNCC3)nc(N3CCc4ccccc4C3)n2)nc1,0.3572775721549988,0.19806439,0.64447355,2.5706674753145577,-10.24
COC1(CNc2nc(N3CCN(c4ccccn4)CC3)nc(N3CCc4ccccc4C3)n2)COC1,,COC1(CNc2nc(N3CCN(c4ccccn4)CC3)nc(N3CCc4ccccc4C3)n2)COC1,0.3313244581222534,0.232357,0.47244495,2.9239859919016187,-8.77
CN(C)C1CCN(c2nc(N3CCN(c4ccccc4)CC3)nc(N3CCc4ccccc4C3)n2)CC1,,CN(C)C1CCN(c2nc(N3CCN(c4ccccc4)CC3)nc(N3CCc4ccccc4C3)n2)CC1,0.3095146119594574,0.19825335,0.48321658,2.572733430152514,-8.86
O=C(NCC(=O)N1CCCC1Cc1ccccc1)c1ccc2cc(Cl)ccc2n1,,O=C(NCC(=O)N1CCCC1Cc1ccccc1)c1ccc2cc(Cl)ccc2n1,0.31117576360702515,0.20038706,0.48321658,2.5959597506823435,-8.86
C[C@@H](NC(=O)CNC(=O)c1ccc2cc(C(F)(F)F)ccc2n1)c1ccccc1,,C[C@@H](NC(=O)CNC(=O)c1ccc2cc(C(F)(F)F)ccc2n1)c1ccccc1,0.27128034830093384,0.19421323,0.37892902,2.5282346591072518,-7.97
c1ccc(CN2CCN(c3nc(N4CCNCC4)nc(N4CCc5ccccc5C4)n3)CC2)cc1,,c1ccc(CN2CCN(c3nc(N4CCNCC4)nc(N4CCc5ccccc5C4)n3)CC2)cc1,0.3376636803150177,0.19021913,0.5993968,2.483546590261856,-9.84
c1ccc(CCNc2nc(-c3cccnc3)nc(N3CCc4ccccc4C3)n2)cc1,,c1ccc(CCNc2nc(-c3cccnc3)nc(N3CCc4ccccc4C3)n2)cc1,0.3256409168243408,0.1755676,0.6039954,2.313157301617286,-9.88
NC(=O)CC[C@H]1CC[C@H](c2nc(N3CCc4ccccc4C3)nc(N3CCc4ccccc4C3)n2)CC1,,NC(=O)CC[C@H]1CC[C@H](c2nc(N3CCc4ccccc4C3)nc(N3CCc4ccccc4C3)n2)CC1,0.3887917697429657,0.21582623,0.70037377,2.758767304535011,-10.77
NC(=O)C1CCN(c2nc(NCCc3ccc(Cl)cc3)nc(N3CCc4ccccc4C3)n2)CC1,,NC(=O)C1CCN(c2nc(NCCc3ccc(Cl)cc3)nc(N3CCc4ccccc4C3)n2)CC1,0.3476141095161438,0.1924683,0.6278207,2.5087986781739424,-10.09
c1ccc2c(c1)CCN(c1nc(NCCC3CCOCC3)nc(C3CCc4ccccc43)n1)C2,,c1ccc2c(c1)CCN(c1nc(NCCC3CCOCC3)nc(C3CCc4ccccc43)n1)C2,0.40148115158081055,0.26191825,0.61541003,3.2002457018039134,-9.98
c1ccc2c(c1)CCN(c1nc(NCCC3CCCCC3)nc(N3CCNCC3)n1)C2,,c1ccc2c(c1)CCN(c1nc(NCCC3CCCCC3)nc(N3CCNCC3)n1)C2,0.3637896180152893,0.20093653,0.65863025,2.601910651493217,-10.37
NS(=O)(=O)CCn1cc(N2CCc3ccccc3C2)nc1N1CCc2ccccc2C1,,NS(=O)(=O)CCn1cc(N2CCc3ccccc3C2)nc1N1CCc2ccccc2C1,0.38125815987586975,0.22828333,0.6367429,2.8840652420639366,-10.17
N[C@@H]1C[C@H](N)CN(c2nc(N3CCN(Cc4ccccc4)CC3)nc(N3CCc4ccccc4C3)n2)C1,,N[C@@H]1C[C@H](N)CN(c2nc(N3CCN(Cc4ccccc4)CC3)nc(N3CCc4ccccc4C3)n2)C1,0.4291093647480011,0.28049245,0.65646994,3.3635433819944165,-10.35
c1ccc2c(c1)CCN(c1nc(NCCC3CCNCC3)nc(N3CCNCC3)n1)C2,,c1ccc2c(c1)CCN(c1nc(NCCC3CCNCC3)nc(N3CCNCC3)n1)C2,0.37137478590011597,0.21327642,0.6466689,2.7324828599299416,-10.26
NC(=O)CCNc1nc(N2CCN(c3ccccc3)CC2)nc(N2CCc3ccccc3C2)n1,,NC(=O)CCNc1nc(N2CCN(c3ccccc3)CC2)nc(N2CCc3ccccc3C2)n1,0.32813090085983276,0.18802454,0.57263744,2.4586863231922464,-9.61
c1ccc2c(c1)CCN(c1nc(NCCN3CCCCC3)nc(N3CCc4ccccc4C3)n1)C2,,c1ccc2c(c1)CCN(c1nc(NCCN3CCCCC3)nc(N3CCc4ccccc4C3)n1)C2,0.35672447085380554,0.19846913,0.6411694,2.5750907660860314,-10.21
C[C@H](NC(=O)CNC(=O)c1ccc2ccccc2n1)[C@H]1CCCN1Cc1ccccc1,,C[C@H](NC(=O)CNC(=O)c1ccc2ccccc2n1)[C@H]1CCCN1Cc1ccccc1,0.3593159019947052,0.23465659,0.5501994,2.9463054409065474,-9.42
c1ccc(CCCNc2nc(NC3CCCC3)nc(N3CCc4ccccc4C3)n2)cc1,,c1ccc(CCCNc2nc(NC3CCCC3)nc(N3CCc4ccccc4C3)n2)cc1,0.34149959683418274,0.18095696,0.64447355,2.3770742423959366,-10.24
c1ccc2c(c1)CCN(c1nc(CCN3CCNCC3)nc(N3CCc4ccccc4C3)n1)C2,,c1ccc2c(c1)CCN(c1nc(CCN3CCNCC3)nc(N3CCc4ccccc4C3)n1)C2,0.38291051983833313,0.21025527,0.697345,2.701040820929803,-10.74
c1cncc(CCNc2nc(N3CCNCC3)nc(N3CCc4ccccc4C3)n2)c1,,c1cncc(CCNc2nc(N3CCNCC3)nc(N3CCc4ccccc4C3)n2)c1,0.32904887199401855,0.19764231,0.54782385,2.56604762419793,-9.4
c1ccc(CCNc2nc(NC3CCNCC3)nc(N3CCc4ccccc4C3)n2)cc1,,c1ccc(CCNc2nc(NC3CCNCC3)nc(N3CCc4ccccc4C3)n2)cc1,0.36773210763931274,0.1919787,0.7043849,2.503320877011321,-10.81
c1ccc2c(c1)CCN(c1nc(NCC3CCCN3)nc(N3CCc4ccccc4C3)n1)C2,,c1ccc2c(c1)CCN(c1nc(NCC3CCCN3)nc(N3CCc4ccccc4C3)n1)C2,0.4209054410457611,0.2547925,0.69531643,3.1356378226111854,-10.72
NCC1CCN(c2nc(N3CCN(c4ccccc4)CC3)nc(N3CCc4ccccc4C3)n2)CC1,,NCC1CCN(c2nc(N3CCN(c4ccccc4)CC3)nc(N3CCc4ccccc4C3)n2)CC1,0.34907224774360657,0.19583991,0.62219924,2.5462347514474875,-10.04
c1ccc2c(c1)CCN(c1nc(NCCC3CCCN3)nc(N3CCc4ccccc4C3)n1)C2,,c1ccc2c(c1)CCN(c1nc(NCCC3CCCN3)nc(N3CCc4ccccc4C3)n1)C2,0.4249814748764038,0.2586204,0.6983565,3.170488688229254,-10.75
C[C@H]1Cc2ccccc2CN1c1nc(N2CCc3ccccc3C2)nc(N2CC[C@H](O)C2)n1,,C[C@H]1Cc2ccccc2CN1c1nc(N2CCc3ccccc3C2)nc(N2CC[C@H](O)C2)n1,0.3873627185821533,0.2870284,0.52277017,3.4194106811955276,-9.19
c1ccc2c(c1)CCC(c1nc(NCCN3CCCC3)nc(N3CCc4ccccc4C3)n1)C2,,c1ccc2c(c1)CCC(c1nc(NCCN3CCCC3)nc(N3CCc4ccccc4C3)n1)C2,0.4051618278026581,0.2468247,0.6650717,3.0619701361930547,-10.43
c1ccc2c(c1)CCN(c1nc(NCCC3CCCCN3)nc(N3CCOCC3)n1)C2,,c1ccc2c(c1)CCN(c1nc(NCCC3CCCCN3)nc(N3CCOCC3)n1)C2,0.40134185552597046,0.25385344,0.63452077,3.127035558640862,-10.15
O=C(NCC1CCCNC1)c1nc(N2CCc3ccccc3C2)nc(N2CCc3ccccc3C2)n1,,O=C(NCC1CCCNC1)c1nc(N2CCc3ccccc3C2)nc(N2CCc3ccccc3C2)n1,0.4193804860115051,0.2674774,0.6575508,3.249864062481871,-10.36
O=C(NCC(=O)N1CCCC[C@H]1c1ncc(O)o1)c1ccc2cc(F)ccc2n1,,O=C(NCC(=O)N1CCCC[C@H]1c1ncc(O)o1)c1ccc2cc(F)ccc2n1,0.3087320625782013,0.25921592,0.36770695,3.17587994795495,-7.87
COc1ccc(NC(=O)CNC(=O)c2ccc3ccccc3n2)cc1,,COc1ccc(NC(=O)CNC(=O)c2ccc3ccccc3n2)cc1,0.24020856618881226,0.13390984,0.43088806,1.7569973900227964,-8.42
c1ccc2c(c1)CCN(c1nc(NCCC3CCCCN3)nc(N3CCNCC3)n1)C2,,c1ccc2c(c1)CCN(c1nc(NCCC3CCCCN3)nc(N3CCNCC3)n1)C2,0.40914779901504517,0.26153895,0.64006495,3.196835062362947,-10.2
c1ccc(CCNc2nc(N3CCOCC3)nc(N3CCc4ccccc4C3)n2)cc1,,c1ccc(CCNc2nc(N3CCOCC3)nc(N3CCc4ccccc4C3)n2)cc1,0.33394655585289,0.1785891,0.6244519,2.3491781452897413,-10.06
NS(=O)(=O)CCCn1cc(N2CCc3ccccc3C2)nc1N1CCc2ccccc2C1,,NS(=O)(=O)CCCn1cc(N2CCc3ccccc3C2)nc1N1CCc2ccccc2C1,0.36673805117607117,0.2274566,0.5913075,2.8759026853239753,-9.77
O=C1CC(c2cccc(C(=O)N3CCOCC3)c2)=Nc2ccc(Nc3ccccc3)cc21,,O=C1CC(c2cccc(C(=O)N3CCOCC3)c2)=Nc2ccc(Nc3ccccc3)cc21,0.3269810974597931,0.18370497,0.5820018,2.409095130284644,-9.69
O=C1CC(c2cccc(C(=O)N3CCN(CC4CCCC4)CC3)c2)=Nc2ccccc21,,O=C1CC(c2cccc(C(=O)N3CCN(CC4CCCC4)CC3)c2)=Nc2ccccc21,0.32772356271743774,0.1849111,0.58083445,2.4230320214384076,-9.68
CN1CCN(c2cccc3c2CC(c2cccc(C(=O)NCc4ccccc4)c2)=N3)CC1,,CN1CCN(c2cccc3c2CC(c2cccc(C(=O)NCc4ccccc4)c2)=N3)CC1,0.31937485933303833,0.17885754,0.57028794,2.3523553594172135,-9.59
O=C1CC(c2cccc(C(=O)N3CCC(N4CCCC4)CC3)c2)=Nc2ccccc21,,O=C1CC(c2cccc(C(=O)N3CCC(N4CCCC4)CC3)c2)=Nc2ccccc21,0.32630571722984314,0.18593863,0.57263744,2.4348499068640646,-9.61
O=C1CC(c2cccc(C(=O)N3CCCC3)c2)=Nc2ccc(OCc3ccccc3)cc21,,O=C1CC(c2cccc(C(=O)N3CCCC3)c2)=Nc2ccc(OCc3ccccc3)cc21,0.3141804039478302,0.17525867,0.56322074,2.3094470124450357,-9.53
O=C1CC(c2cccc(C(=O)N3CCOCC3)c2)=Nc2cc(-c3ccccc3)ccc21,,O=C1CC(c2cccc(C(=O)N3CCOCC3)c2)=Nc2cc(-c3ccccc3)ccc21,0.3252052664756775,0.18098974,0.584334,2.37745839506478,-9.71
O=C1CC(c2cccc(C(=O)N3CCCCC3)c2)=Nc2ccc(-c3cccnc3)cc21,,O=C1CC(c2cccc(C(=O)N3CCCCC3)c2)=Nc2ccc(-c3cccnc3)cc21,0.3173617124557495,0.18586996,0.5418759,2.4340617762989325,-9.35
O=C1CC(c2cccc(C(=O)N3CCc4ccccc4C3)c2)=Nc2cc(Cl)ccc21,,O=C1CC(c2cccc(C(=O)N3CCc4ccccc4C3)c2)=Nc2cc(Cl)ccc21,0.3260655403137207,0.18642992,0.57028794,2.440482520801851,-9.59
O=C1CC(c2cccc(C(=O)N3CCNCC3)c2)=Nc2ccc(Oc3ccc(F)cc3)cc21,,O=C1CC(c2cccc(C(=O)N3CCNCC3)c2)=Nc2ccc(Oc3ccc(F)cc3)cc21,0.3154699504375458,0.19347546,0.51438713,2.5200333530904278,-9.12
O=C1CC(c2cccc(C(=O)N3CCCC3)c2)=Nc2ccc(-c3ccccc3F)cc21,,O=C1CC(c2cccc(C(=O)N3CCCC3)c2)=Nc2ccc(-c3ccccc3F)cc21,0.30759942531585693,0.18057898,0.52396685,2.3726406266793223,-9.2
O=C(NCCC1CCCC1)c1cccc(C2=Nc3ccccc3C(=O)C2)c1,,O=C(NCCC1CCCC1)c1cccc(C2=Nc3ccccc3C(=O)C2)c1,0.315030962228775,0.17732447,0.55967736,2.334160625908128,-9.5
Cc1ccc2c(c1)CC(c1cccc(C(=O)Nc3cnc4ccccc4c3)c1)=N2,,Cc1ccc2c(c1)CC(c1cccc(C(=O)Nc3cnc4ccccc4c3)c1)=N2,0.31406041979789734,0.17439447,0.56557953,2.2990404871320855,-9.55
O=C1CC(c2cccc(C(=O)N3CCCC3)c2)=Nc2ccc(-c3ccccc3)cc21,,O=C1CC(c2cccc(C(=O)N3CCCC3)c2)=Nc2ccc(-c3ccccc3)cc21,0.30348169803619385,0.17224096,0.5347227,2.2729301516193097,-9.29
O=C1CC(c2cccc(C(=O)N3CCNCC3)c2)=Nc2ccc(-c3ccccc3)cc21,,O=C1CC(c2cccc(C(=O)N3CCNCC3)c2)=Nc2ccc(-c3ccccc3)cc21,0.30968374013900757,0.18514964,0.5179811,2.425779950432492,-9.15
O=C1CC(c2cccc(C(=O)N3CCCC3)c2)=Nc2ccc(-c3cc(Cl)ccn3)cc21,,O=C1CC(c2cccc(C(=O)N3CCCC3)c2)=Nc2ccc(-c3cc(Cl)ccn3)cc21,0.31198734045028687,0.19514027,0.4988007,2.5385067805254753,-8.99
O=C1CC(c2cccc(C(=O)N3CCC3)c2)=Nc2ccc(Oc3ccccc3)cc21,,O=C1CC(c2cccc(C(=O)N3CCC3)c2)=Nc2ccc(Oc3ccccc3)cc21,0.3052259385585785,0.17500801,0.532335,2.306432653427846,-9.27
O=C1CC(c2cccc(C(=O)N3CCOCC3)c2)=Nc2ccc(-c3ccccc3F)cc21,,O=C1CC(c2cccc(C(=O)N3CCOCC3)c2)=Nc2ccc(-c3ccccc3F)cc21,0.31409019231796265,0.18699972,0.52755505,2.4470009483512722,-9.23
O=C(NCc1ccccc1Cl)c1cccc(C2=Nc3ccc(Cl)cc3C(=O)C2)c1,,O=C(NCc1ccccc1Cl)c1cccc(C2=Nc3ccc(Cl)cc3C(=O)C2)c1,0.30823758244514465,0.17418839,0.5454463,2.2965525952932353,-9.38
O=C1CC(c2cccc(C(=O)N3CCN(c4ccccn4)CC3)c2)=Nc2ccccc21,,O=C1CC(c2cccc(C(=O)N3CCN(c4ccccn4)CC3)c2)=Nc2ccccc21,0.30533304810523987,0.18040104,0.5167835,2.370550533695381,-9.14
O=C1CC(c2cccc(C(=O)N3CCOCC3)c2)=Nc2ccc(-c3ccccc3)cc21,,O=C1CC(c2cccc(C(=O)N3CCOCC3)c2)=Nc2ccc(-c3ccccc3)cc21,0.307720422744751,0.1786822,0.5299457,2.3502803730867594,-9.25
O=C1CC(c2cccc(C(=O)N3CCCC3)c2)=Nc2ccc(-c3ccc(F)cc3)cc21,,O=C1CC(c2cccc(C(=O)N3CCCC3)c2)=Nc2ccc(-c3ccc(F)cc3)cc21,0.30217745900154114,0.1775146,0.51438713,2.3364237036023976,-9.12
O=C1CC(c2cccc(C(=O)N3CCCCC3)c2)=Nc2ccc(-c3ccccc3)cc21,,O=C1CC(c2cccc(C(=O)N3CCCCC3)c2)=Nc2ccc(-c3ccccc3)cc21,0.3038463294506073,0.17381953,0.5311405,2.292094574270191,-9.26
O=C1CC(c2cccc(C(=O)N3CCOCC3)c2)=Nc2ccc(OCc3ccc(F)cc3)cc21,,O=C1CC(c2cccc(C(=O)N3CCOCC3)c2)=Nc2ccc(OCc3ccc(F)cc3)cc21,0.33563894033432007,0.18722588,0.6016983,2.4495838896258135,-9.86
Cc1ccc2c(c1)CC(c1cccc(C(=O)Nc3ccc4cn[nH]c4c3)c1)=N2,,Cc1ccc2c(c1)CC(c1cccc(C(=O)Nc3ccc4cn[nH]c4c3)c1)=N2,0.3205408453941345,0.18594196,0.5525725,2.434888407702063,-9.44
O=C1CC(c2cccc(C(=O)N3CCCC3)c2)=Nc2ccc(-c3ccncc3)cc21,,O=C1CC(c2cccc(C(=O)N3CCCC3)c2)=Nc2ccc(-c3ccncc3)cc21,0.3041868209838867,0.18505925,0.5,2.424739067703225,-9.0
Cc1ccc2c(c1)CC(c1cccc(C(=O)Nc3ccc4c(c3)CCC4)c1)=N2,,Cc1ccc2c(c1)CC(c1cccc(C(=O)Nc3ccc4c(c3)CCC4)c1)=N2,0.3067416548728943,0.17402087,0.5406848,2.294528933030394,-9.34
O=C1CC(c2cccc(C(=O)N3CCCC3)c2)=Nc2ccc(-c3cccnc3)cc21,,O=C1CC(c2cccc(C(=O)N3CCCC3)c2)=Nc2ccc(-c3cccnc3)cc21,0.31208983063697815,0.18462539,0.52755505,2.4197371446263034,-9.23
O=C1CC(c2cccc(C(=O)N3CCN(c4nccs4)CC3)c2)=Nc2ccc(Cl)cc21,,O=C1CC(c2cccc(C(=O)N3CCN(c4nccs4)CC3)c2)=Nc2ccc(Cl)cc21,0.29663246870040894,0.19929731,0.44150525,2.5841206266793204,-8.51
O=C(NCCCN1CCOCC1)c1cccc(C2=Nc3ccccc3C(=O)C2)c1,,O=C(NCCCN1CCOCC1)c1cccc(C2=Nc3ccccc3C(=O)C2)c1,0.28898489475250244,0.17995071,0.46408403,2.365254423783668,-8.7
O=C1CC(c2cccc(C(=O)N3CCCCC3)c2)=Nc2ccc(-c3ccsc3)cc21,,O=C1CC(c2cccc(C(=O)N3CCCCC3)c2)=Nc2ccc(-c3ccsc3)cc21,0.33183276653289795,0.193883,0.5679352,2.5245666900808477,-9.57
O=C1CC(c2cccc(C(=O)N3CCSCC3)c2)=Nc2ccc(-c3ccccc3)cc21,,O=C1CC(c2cccc(C(=O)N3CCSCC3)c2)=Nc2ccc(-c3ccccc3)cc21,0.3426515758037567,0.1907835,0.61541003,2.489904379849227,-9.98
O=C1CC(c2cccc(C(=O)N3CCOCC3)c2)=Nc2ccc(-c3ccc(F)cc3)cc21,,O=C1CC(c2cccc(C(=O)N3CCOCC3)c2)=Nc2ccc(-c3ccc(F)cc3)cc21,0.2981417775154114,0.18395174,0.48321658,2.4119523131155383,-8.86
O=C1CC(c2cccc(C(=O)N3CCOCC3)c2)=Nc2cc(N3CCCCC3)ccc21,,O=C1CC(c2cccc(C(=O)N3CCOCC3)c2)=Nc2cc(N3CCCCC3)ccc21,0.33781930804252625,0.19414257,0.58782506,2.527450280102821,-9.74
O=C(NCCc1cccnc1)c1cccc(C2=Nc3ccc(Cl)cc3C(=O)C2)c1,,O=C(NCCc1cccnc1)c1cccc(C2=Nc3ccc(Cl)cc3C(=O)C2)c1,0.2965259253978729,0.18151316,0.48441458,2.383585800642104,-8.87
O=C(NCc1ccccc1)c1cccc(C2=Nc3ccc(Br)cc3C(=O)C2)c1,,O=C(NCc1ccccc1)c1cccc(C2=Nc3ccc(Br)cc3C(=O)C2)c1,0.2933773100376129,0.16850363,0.51079166,2.226995578850696,-9.09
O=C1CC(c2cccc(C(=O)N3CCNCC3)c2)=Nc2ccc(-c3cccc(F)c3)cc21,,O=C1CC(c2cccc(C(=O)N3CCNCC3)c2)=Nc2ccc(-c3cccc(F)c3)cc21,0.27196207642555237,0.19403304,0.38118953,2.5262337026937036,-7.99
Cc1ccc2c(c1)CC(c1cccc(C(=O)Nc3ccc4c(c3)CNCC4)c1)=N2,,Cc1ccc2c(c1)CC(c1cccc(C(=O)Nc3ccc4c(c3)CNCC4)c1)=N2,0.32156604528427124,0.19040895,0.5430665,2.4856866409782388,-9.36
O=C1CC(c2cccc(C(=O)N3CCOCC3)c2)=Nc2ccc(-c3cccnc3)cc21,,O=C1CC(c2cccc(C(=O)N3CCOCC3)c2)=Nc2ccc(-c3cccnc3)cc21,0.31270748376846313,0.19099183,0.5119903,2.492247575115499,-9.1
O=C1CC(c2cccc(C(=O)N3CCNCC3)c2)=Nc2ccc(-c3ccccc3F)cc21,,O=C1CC(c2cccc(C(=O)N3CCNCC3)c2)=Nc2ccc(-c3ccccc3F)cc21,0.3020114600658417,0.19355124,0.47124946,2.5208768788723646,-8.76
O=C1CC(c2cccc(C(=O)N3CCN(CC4CC4)CC3)c2)=Nc2cc(Cl)ccc21,,O=C1CC(c2cccc(C(=O)N3CCN(CC4CC4)CC3)c2)=Nc2cc(Cl)ccc21,0.30044305324554443,0.19106145,0.47244495,2.4930300255825557,-8.77
Cc1ccc2c(c1)CC(c1cccc(C(=O)Nc3cccc4cccnc34)c1)=N2,,Cc1ccc2c(c1)CC(c1cccc(C(=O)Nc3cccc4cccnc34)c1)=N2,0.308267742395401,0.17498595,0.5430665,2.3061671839646642,-9.36
O=C1CC(c2cccc(C(=O)N3CCNCC3)c2)=Nc2ccc(N3CCCC3)cc21,,O=C1CC(c2cccc(C(=O)N3CCNCC3)c2)=Nc2ccc(N3CCCC3)cc21,0.2692456543445587,0.19774885,0.36659235,2.5672144173535756,-7.86
NC(=O)c1ccc2c(c1)CC(c1cccc(C(=O)NCCc3ccncc3)c1)=N2,,NC(=O)c1ccc2c(c1)CC(c1cccc(C(=O)NCCc3ccncc3)c1)=N2,0.27761977910995483,0.18034507,0.42736256,2.369892943499247,-8.39
O=C1CC(c2cccc(C(=O)N3CCC3)c2)=Nc2ccc(-c3ccccc3F)cc21,,O=C1CC(c2cccc(C(=O)N3CCC3)c2)=Nc2ccc(-c3ccccc3F)cc21,0.29669734835624695,0.17950253,0.4904071,2.359973317174685,-8.92
O=C(NCCC1CCCC1)c1cccc(C2=Nc3ccc(Cl)cc3C(=O)C2)c1,,O=C(NCCC1CCCC1)c1cccc(C2=Nc3ccc(Cl)cc3C(=O)C2)c1,0.30147719383239746,0.18443102,0.49280488,2.4174930147481337,-8.94
O=C1CC(c2cccc(C(=O)N3CCC3)c2)=Nc2ccc(OCc3cccnc3)cc21,,O=C1CC(c2cccc(C(=O)N3CCC3)c2)=Nc2ccc(OCc3cccnc3)cc21,0.3008663058280945,0.18686585,0.48441458,2.44547139591009,-8.87
O=C1CC(c2cccc(C(=O)N3CCN(c4ccccc4)CC3)c2)=Nc2ccc(Cl)cc21,,O=C1CC(c2cccc(C(=O)N3CCN(c4ccccc4)CC3)c2)=Nc2ccc(Cl)cc21,0.3012377917766571,0.1768242,0.51318884,2.3281964818500303,-9.11
Cc1ccc2c(c1)CC(c1cccc(C(=O)N3CCN(c4ccc(F)cc4)CC3)c1)=N2,,Cc1ccc2c(c1)CC(c1cccc(C(=O)N3CCN(c4ccc(F)cc4)CC3)c1)=N2,0.2927209138870239,0.17387317,0.49280488,2.2927437036023974,-8.94
O=C(NCCN1CCCCC1)c1cccc(C2=Nc3ccc(Cl)cc3C(=O)C2)c1,,O=C(NCCN1CCCCC1)c1cccc(C2=Nc3ccc(Cl)cc3C(=O)C2)c1,0.2977873980998993,0.18126701,0.48920828,2.3807061303124346,-8.91
O=C1CC(c2cccc(C(=O)N3CCC3)c2)=Nc2ccc(-c3ccccc3)cc21,,O=C1CC(c2cccc(C(=O)N3CCC3)c2)=Nc2ccc(-c3ccccc3)cc21,0.28851404786109924,0.17099103,0.48681116,2.2576566797629827,-8.89
O=C(NCCN1CCCC1)c1cccc(C2=Nc3ccccc3C(=O)C2)c1,,O=C(NCCN1CCCC1)c1cccc(C2=Nc3ccccc3C(=O)C2)c1,0.2892589867115021,0.17315376,0.48321658,2.2840287855965418,-8.86
O=C1CC(c2cccc(C(=O)N3CCCC3)c2)=Nc2ccc(N3CCCCC3)cc21,,O=C1CC(c2cccc(C(=O)N3CCCC3)c2)=Nc2ccc(N3CCCCC3)cc21,0.30412349104881287,0.18542695,0.4988007,2.4289715851857423,-8.99
Cc1ccc2c(c1)CC(c1cccc(C(=O)Nc3ccc(C4CC4)cn3)c1)=N2,,Cc1ccc2c(c1)CC(c1cccc(C(=O)Nc3ccc(C4CC4)cn3)c1)=N2,0.2887510359287262,0.18536471,0.4498006,2.4282554079105267,-8.58
O=C1CC(c2cccc(C(=O)N3CCCC3)c2)=Nc2ccc(-c3ccc(O)cc3)cc21,,O=C1CC(c2cccc(C(=O)N3CCCC3)c2)=Nc2ccc(-c3ccc(O)cc3)cc21,0.2945752441883087,0.18182977,0.47722977,2.3872852420639354,-8.81
O=C1CC(c2cccc(C(=O)N3CCN(CCO)CC3)c2)=Nc2ccccc21,,O=C1CC(c2cccc(C(=O)N3CCN(CCO)CC3)c2)=Nc2ccccc21,0.285695880651474,0.17909667,0.45574337,2.355181903637021,-8.63
Cc1ccc2c(c1)CC(c1cccc(C(=O)Nc3cccc(C4CC4)c3)c1)=N2,,Cc1ccc2c(c1)CC(c1cccc(C(=O)Nc3cccc(C4CC4)c3)c1)=N2,0.29502516984939575,0.17161018,0.5071951,2.265233185688306,-9.06
COc1ccc2c(c1)CC(c1cccc(C(=O)Nc3ccc4c(c3)CCC4)c1)=N2,,COc1ccc2c(c1)CC(c1cccc(C(=O)Nc3ccc4c(c3)CCC4)c1)=N2,0.2851376533508301,0.17384984,0.46766502,2.292461120616247,-8.73
O=C1CC(c2cccc(C(=O)N3CCC3)c2)=Nc2ccc(-c3cc(Cl)ccn3)cc21,,O=C1CC(c2cccc(C(=O)N3CCC3)c2)=Nc2ccc(-c3cc(Cl)ccn3)cc21,0.30251652002334595,0.19469288,0.47005433,2.5335541758508935,-8.75
O=C(NCCN1CCCC1)c1cccc(C2=Nc3ccc(F)cc3C(=O)C2)c1,,O=C(NCCN1CCCC1)c1cccc(C2=Nc3ccc(F)cc3C(=O)C2)c1,0.2939165532588959,0.18101749,0.47722977,2.3777836130387318,-8.81
O=C1CC(c2cccc(C(=O)N3CCOCC3)c2)=Nc2cc(N3CCOCC3)ccc21,,O=C1CC(c2cccc(C(=O)N3CCOCC3)c2)=Nc2cc(N3CCOCC3)ccc21,0.3031975328922272,0.19859688,0.46289116,2.576485444937985,-8.69
Cc1ccc2c(c1)CC(c1cccc(C(=O)Nc3ccc(C4CC4)cc3)c1)=N2,,Cc1ccc2c(c1)CC(c1cccc(C(=O)Nc3ccc(C4CC4)cc3)c1)=N2,0.2806569039821625,0.16757274,0.47005433,2.215428057483175,-8.75
O=C1CC(c2cccc(C(=O)N3CCOCC3)c2)=Nc2ccc(-c3cc(Cl)ccn3)cc21,,O=C1CC(c2cccc(C(=O)N3CCOCC3)c2)=Nc2ccc(-c3cc(Cl)ccn3)cc21,0.30537161231040955,0.20145518,0.46289116,2.607516581105614,-8.69
Cc1ccc2c(c1)CC(c1cccc(C(=O)Nc3ccc4c(c3)CN(C)CC4)c1)=N2,,Cc1ccc2c(c1)CC(c1cccc(C(=O)Nc3ccc4c(c3)CN(C)CC4)c1)=N2,0.3169982135295868,0.18585294,0.5406848,2.4338666056824874,-9.34
O=C1CC(c2cccc(C(=O)N3CCC3)c2)=Nc2ccc(-c3cc(F)cc(F)c3)cc21,,O=C1CC(c2cccc(C(=O)N3CCC3)c2)=Nc2ccc(-c3cc(F)cc(F)c3)cc21,0.2974093556404114,0.19108666,0.46289116,2.493313493812188,-8.69
Cc1ccc2c(c1)CC(c1cccc(C(=O)N3CCN(C4CC4)CC3)c1)=N2,,Cc1ccc2c(c1)CC(c1cccc(C(=O)N3CCN(C4CC4)CC3)c1)=N2,0.25582173466682434,0.18016101,0.36325705,2.3677289204179033,-7.83
O=C1CC(c2cccc(C(=O)N3CCNCC3)c2)=Nc2ccc(-c3ccc(F)cc3)cc21,,O=C1CC(c2cccc(C(=O)N3CCNCC3)c2)=Nc2ccc(-c3ccc(F)cc3)cc21,0.2895633280277252,0.19042152,0.44032264,2.4858282436366324,-8.5
Cc1ccc2c(c1)CC(c1cccc(C(=O)Nc3ccc(C4CCC4)cc3)c1)=N2,,Cc1ccc2c(c1)CC(c1cccc(C(=O)Nc3ccc(C4CCC4)cc3)c1)=N2,0.2874830365180969,0.1701901,0.4856128,2.2478226138289177,-8.88
O=C(NCCC1CCCC1)c1cccc(C2=Nc3ccc(C(F)(F)F)cc3C(=O)C2)c1,,O=C(NCCC1CCCC1)c1cccc(C2=Nc3ccc(C(F)(F)F)cc3C(=O)C2)c1,0.30509236454963684,0.19602808,0.47483677,2.548309472833166,-8.79
Cc1ccc2c(c1)CC(c1cccc(C(=O)Nc3ccc(C(=O)N4CCN(C)CC4)cc3)c1)=N2,,Cc1ccc2c(c1)CC(c1cccc(C(=O)Nc3ccc(C(=O)N4CCN(C)CC4)cc3)c1)=N2,0.292860746383667,0.1774927,0.48321658,2.3361627250760773,-8.86
O=C1CC(c2cccc(C(=O)N3CCCC3)c2)=Nc2ccc(N3CCCC3)cc21,,O=C1CC(c2cccc(C(=O)N3CCCC3)c2)=Nc2ccc(N3CCCC3)cc21,0.28489771485328674,0.1843346,0.44032264,2.4163793106614957,-8.5
O=C(NCc1ccccn1)c1cccc(C2=Nc3cc(Cl)ccc3C(=O)C2)c1,,O=C(NCc1ccccn1)c1cccc(C2=Nc3cc(Cl)ccc3C(=O)C2)c1,0.29776594042778015,0.18213338,0.48681116,2.3908280574831764,-8.89
O=C1CC(c2cccc(C(=O)N3CCC3)c2)=Nc2ccc(-c3ccc(F)cc3)cc21,,O=C1CC(c2cccc(C(=O)N3CCC3)c2)=Nc2ccc(-c3ccc(F)cc3)cc21,0.28123974800109863,0.17631158,0.4486137,2.322071886047672,-8.57
O=C1CC(c2cccc(C(=O)N3CCOCC3)c2)=Nc2ccc(-c3cncnc3)cc21,,O=C1CC(c2cccc(C(=O)N3CCOCC3)c2)=Nc2ccc(-c3cncnc3)cc21,0.309480756521225,0.20272908,0.47244495,2.621240474523784,-8.77
O=C(NCC1CC1)c1cccc(C2=Nc3ccc(-c4ccccc4)cc3C(=O)C2)c1,,O=C(NCC1CC1)c1cccc(C2=Nc3ccc(-c4ccccc4)cc3C(=O)C2)c1,0.2835441827774048,0.17594965,0.45693356,2.317738754223601,-8.64
O=C1CC(c2cccc(C(=O)N3CCOCC3)c2)=Nc2ccc(Oc3ccccc3)cc21,,O=C1CC(c2cccc(C(=O)N3CCOCC3)c2)=Nc2ccc(Oc3ccccc3)cc21,0.2877848446369171,0.18267879,0.45336467,2.3971815459965917,-8.61
O=C(NCCC1CCCC1)c1cccc(C2=Nc3cc(Cl)ccc3C(=O)C2)c1,,O=C(NCCC1CCCC1)c1cccc(C2=Nc3cc(Cl)ccc3C(=O)C2)c1,0.30061233043670654,0.18701299,0.48321658,2.447152843807963,-8.86
O=C(NCCN1CCOCC1)c1cccc(C2=Nc3ccccc3C(=O)C2)c1,,O=C(NCCN1CCOCC1)c1cccc(C2=Nc3ccccc3C(=O)C2)c1,0.29473814368247986,0.17888854,0.4856128,2.352721615957222,-8.88
O=C1CC(c2cccc(C(=O)N3CCS(=O)(=O)CC3)c2)=Nc2ccc(Cl)cc21,,O=C1CC(c2cccc(C(=O)N3CCS(=O)(=O)CC3)c2)=Nc2ccc(Cl)cc21,0.3248826563358307,0.20519322,0.51438713,2.6476057919849616,-9.12
Cc1ccc2c(c1)CC(c1cccc(C(=O)N3CCN(c4nccs4)CC3)c1)=N2,,Cc1ccc2c(c1)CC(c1cccc(C(=O)N3CCN(c4nccs4)CC3)c1)=N2,0.27151188254356384,0.19168131,0.38459003,2.499988903421677,-8.02
O=C1CC(c2cccc(C(=O)N3CCCC3)c2)=Nc2ccc(-c3ccoc3)cc21,,O=C1CC(c2cccc(C(=O)N3CCCC3)c2)=Nc2ccc(-c3ccoc3)cc21,0.28950342535972595,0.19829075,0.42267346,2.5731422065890985,-8.35
Cc1ccc2c(c1)CC(c1cccc(C(=O)N3CCN(c4ccccc4)CC3)c1)=N2,,Cc1ccc2c(c1)CC(c1cccc(C(=O)N3CCN(c4ccccc4)CC3)c1)=N2,0.28186461329460144,0.16858941,0.47124946,2.2280591725983303,-8.76
O=C1CC(c2cccc(C(=O)N3CCC3)c2)=Nc2ccc(-c3ccncc3)cc21,,O=C1CC(c2cccc(C(=O)N3CCC3)c2)=Nc2ccc(-c3ccncc3)cc21,0.2891075611114502,0.1843619,0.45336467,2.416694591850897,-8.61
O=C1CC(c2cccc(C(=O)N3CCC3)c2)=Nc2ccc(-c3cccnc3)cc21,,O=C1CC(c2cccc(C(=O)N3CCC3)c2)=Nc2ccc(-c3cccnc3)cc21,0.28837332129478455,0.18390873,0.4521762,2.411454481960787,-8.6
O=C1CC(c2cccc(C(=O)N3CCNCC3)c2)=Nc2ccc(-c3cc(Cl)ccn3)cc21,,O=C1CC(c2cccc(C(=O)N3CCNCC3)c2)=Nc2ccc(-c3cc(Cl)ccn3)cc21,0.3371378481388092,0.20838335,0.5454463,2.681392511626706,-9.38
O=C1CC(c2cccc(C(=O)N3CCCC3)c2)=Nc2ccc(N3CCOCC3)cc21,,O=C1CC(c2cccc(C(=O)N3CCCC3)c2)=Nc2ccc(N3CCOCC3)cc21,0.28368648886680603,0.18987635,0.42384434,2.4796784033675614,-8.36
Cc1ccc2c(c1)CC(c1cccc(C(=O)NCCC3CCCCC3)c1)=N2,,Cc1ccc2c(c1)CC(c1cccc(C(=O)NCCC3CCCCC3)c1)=N2,0.28706082701683044,0.17756248,0.46408403,2.336992953074633,-8.7
N=c1[nH]c2nc3ccccc3cc2cc1C(=O)N1CCN(CCc2ccccc2)CC1,,N=c1[nH]c2nc3ccccc3cc2cc1C(=O)N1CCN(CCc2ccccc2)CC1,0.30920153856277466,0.1930634,0.49520308,2.5154421651408594,-8.96
O=c1c2ccccc2nc(/C=C/c2ccc(CN3CCCCC3)cn2)n1CC1CCCCC1,,O=c1c2ccccc2nc(/C=C/c2ccc(CN3CCCCC3)cn2)n1CC1CCCCC1,0.34076988697052,0.19448316,0.59709084,2.5312294284436465,-9.82
O=c1c2cc(Cl)ccc2nc(/C=C/c2cccc(N3CCCCC3)c2)n1CC1CCNCC1,,O=c1c2cc(Cl)ccc2nc(/C=C/c2cccc(N3CCCCC3)c2)n1CC1CCNCC1,0.348292738199234,0.20277305,0.59824437,2.6217128931380085,-9.83
O=c1c2ccccc2nc(/C=C/c2cccc(CN3CCOCC3)c2)n1CC1CCNCC1,,O=c1c2ccccc2nc(/C=C/c2cccc(CN3CCOCC3)c2)n1CC1CCNCC1,0.33488500118255615,0.1974661,0.5679352,2.564116869573944,-9.57
CN1CCN(Cc2ccc(/C=C/c3nc4ccccc4c(=O)n3CC3CCCCC3)cc2)CC1,,CN1CCN(Cc2ccc(/C=C/c3nc4ccccc4c(=O)n3CC3CCCCC3)cc2)CC1,0.3215394914150238,0.18356504,0.56322074,2.407473553961479,-9.53
O=C(NCC(=O)N1C[C@H](O)C[C@@H]1COCc1ccccc1)c1ccc2ccccc2n1,,O=C(NCC(=O)N1C[C@H](O)C[C@@H]1COCc1ccccc1)c1ccc2ccccc2n1,0.3541320562362671,0.24323717,0.5155854,3.0282808255219296,-9.13
NS(=O)(=O)c1ccc(/C=C/c2nc3cc(Cl)ccc3c(=O)n2CC2CCNCC2)cc1,,NS(=O)(=O)c1ccc(/C=C/c2nc3cc(Cl)ccc3c(=O)n2CC2CCNCC2)cc1,0.36189505457878113,0.2001642,0.65430295,2.593542339966035,-10.33
NS(=O)(=O)c1ccc(/C=C/c2nc3ccc(F)cc3c(=O)n2CC2CCNCC2)cc1,,NS(=O)(=O)c1ccc(/C=C/c2nc3ccc(F)cc3c(=O)n2CC2CCNCC2)cc1,0.355368971824646,0.20079325,0.62894094,2.6003599973086917,-10.1
NS(=O)(=O)c1cccc(/C=C/c2cc3ccccc3c(=O)n2CC2CCCCC2)c1,,NS(=O)(=O)c1cccc(/C=C/c2cc3ccccc3c(=O)n2CC2CCCCC2)c1,0.3197120130062103,0.19244583,0.5311405,2.5085473779975818,-9.26
NS(=O)(=O)c1cccc(/C=C/c2nc3ccccc3c(=O)n2CC2CCNCC2)c1,,NS(=O)(=O)c1cccc(/C=C/c2nc3ccccc3c(=O)n2CC2CCNCC2)c1,0.33259403705596924,0.19723095,0.5608592,2.5615378967811253,-9.51
CN1CCN(Cc2ccc3nc(/C=C/c4ccncc4)n(CC4CCCCC4)c(=O)c3c2)CC1,,CN1CCN(Cc2ccc3nc(/C=C/c4ccncc4)n(CC4CCCCC4)c(=O)c3c2)CC1,0.3080815076828003,0.20140968,0.47124946,2.607025707807633,-8.76
O=c1c2ccc(Cl)cc2nc(/C=C/c2cccc(N3CCCC3)n2)n1CC1CCNCC1,,O=c1c2ccc(Cl)cc2nc(/C=C/c2cccc(N3CCCC3)n2)n1CC1CCNCC1,0.3412095904350281,0.21485358,0.5418759,2.7487677980424188,-9.35
CN(C)S(=O)(=O)c1ccc(/C=C/c2nc3ccccc3c(=O)n2CC2CCCCC2)cc1,,CN(C)S(=O)(=O)c1ccc(/C=C/c2nc3ccccc3c(=O)n2CC2CCCCC2)cc1,0.3218017518520355,0.1830978,0.56557953,2.402052190409462,-9.55
NS(=O)(=O)c1ccc(/C=C/c2nc3cccc(Cl)c3c(=O)n2CC2CCCCC2)cc1,,NS(=O)(=O)c1ccc(/C=C/c2nc3cccc(Cl)c3c(=O)n2CC2CCCCC2)cc1,0.3306637704372406,0.19453855,0.5620403,2.5318435637422585,-9.52
O=c1c2ccccc2nc(/C=C/c2cccc(N3CCCCC3)c2)n1CC1CCNCC1,,O=c1c2ccccc2nc(/C=C/c2cccc(N3CCCCC3)c2)n1CC1CCNCC1,0.3393837809562683,0.19440998,0.59246624,2.53041793672792,-9.78
O=c1c2cccc(Cl)c2nc(/C=C/c2cccc(N3CCCCC3)n2)n1CC1CCNCC1,,O=c1c2cccc(Cl)c2nc(/C=C/c2cccc(N3CCCCC3)n2)n1CC1CCNCC1,0.3644677996635437,0.2216174,0.5993968,2.81764310725379,-9.84
O=c1c2ccc(N3CCCCC3)cc2nc(/C=C/c2ccccc2)n1CC1CCNCC1,,O=c1c2ccc(N3CCCCC3)cc2nc(/C=C/c2ccccc2)n1CC1CCNCC1,0.30963897705078125,0.19550346,0.4904071,2.542520932679338,-8.92
CC(C)CNC(=O)c1cccc(/C=C/c2nc3ccccc3c(=O)n2CC2CCCCC2)c1,,CC(C)CNC(=O)c1cccc(/C=C/c2nc3ccccc3c(=O)n2CC2CCCCC2)c1,0.32002022862434387,0.18376245,0.55731153,2.4097608834547994,-9.48
NS(=O)(=O)c1ccc(/C=C/c2nc3ccc(Cl)cc3c(=O)n2CC2CCCCC2)cc1,,NS(=O)(=O)c1ccc(/C=C/c2nc3ccc(Cl)cc3c(=O)n2CC2CCCCC2)cc1,0.316671758890152,0.18753831,0.5347227,2.4531486336723276,-9.29
O=c1c2c(Cl)cccc2nc(/C=C/c2ccc(CN3CCOCC3)cn2)n1CC1CCNCC1,,O=c1c2c(Cl)cccc2nc(/C=C/c2ccc(CN3CCOCC3)cn2)n1CC1CCNCC1,0.3773576319217682,0.22560829,0.63117707,2.857577400115325,-10.12
CN1CCN(Cc2cccc(/C=C/c3nc4ccccc4c(=O)n3CC3CCCCC3)c2)CC1,,CN1CCN(Cc2cccc(/C=C/c3nc4ccccc4c(=O)n3CC3CCCCC3)c2)CC1,0.3203253746032715,0.18770893,0.5466353,2.45509324626917,-9.39
O=C(NCC(=O)N1C[C@@H](F)C[C@H]1COCc1ccccc1)c1ccc2ccccc2n1,,O=C(NCC(=O)N1C[C@@H](F)C[C@H]1COCc1ccccc1)c1ccc2ccccc2n1,0.34103086590766907,0.25125143,0.46289116,3.103090056291161,-8.69
O=c1c2ccccc2nc(/C=C/c2cccc(N3CCCC3)c2)n1CC1CCNCC1,,O=c1c2ccccc2nc(/C=C/c2cccc(N3CCCC3)c2)n1CC1CCNCC1,0.32885411381721497,0.19322744,0.55967736,2.517270760458585,-9.5
NS(=O)(=O)c1ccc(CCc2nc3ccccc3c(=O)n2CC2CCCCC2)cc1,,NS(=O)(=O)c1ccc(CCc2nc3ccccc3c(=O)n2CC2CCCCC2)cc1,0.28367647528648376,0.16778222,0.4796238,2.218035750090605,-8.83
NS(=O)(=O)c1ccc(/C=C/c2nc3ccccc3c(=O)n2CC2CCCCC2)cc1,,NS(=O)(=O)c1ccc(/C=C/c2nc3ccccc3c(=O)n2CC2CCCCC2)cc1,0.30726394057273865,0.17895976,0.52755505,2.3535638359582265,-9.23
NS(=O)(=O)c1cccc(/C=C/c2nc3ccccc3c(=O)n2CC2CCCCC2)c1,,NS(=O)(=O)c1cccc(/C=C/c2nc3ccccc3c(=O)n2CC2CCCCC2)c1,0.3214961886405945,0.18467745,0.55967736,2.4203377178902485,-9.5
NS(=O)(=O)c1cccc(/C=C/c2nc3ccc(F)cc3c(=O)n2CC2CCCCC2)c1,,NS(=O)(=O)c1cccc(/C=C/c2nc3ccc(F)cc3c(=O)n2CC2CCCCC2)c1,0.3196827471256256,0.19415835,0.5263593,2.527625207098902,-9.22
N#Cc1ccc2c(OCC3CCCCC3)nc(/C=C/c3cccnc3)nc2c1,,N#Cc1ccc2c(OCC3CCCCC3)nc(/C=C/c3cccnc3)nc2c1,0.3414498567581177,0.20875396,0.5584948,2.685292438082497,-9.49
CC(C)c1ccc(/C=C/c2nc3ccccc3c(=O)n2CC2CCNCC2)cc1,,CC(C)c1ccc(/C=C/c2nc3ccccc3c(=O)n2CC2CCNCC2)cc1,0.3156031668186188,0.18503645,0.5383012,2.424476459982765,-9.32
O=c1c2c(Cl)cccc2nc(/C=C/c2cccc(N3CCNCC3)c2)n1CC1CCCCC1,,O=c1c2c(Cl)cccc2nc(/C=C/c2cccc(N3CCNCC3)c2)n1CC1CCCCC1,0.3269757926464081,0.20833106,0.51318884,2.6808416798152486,-9.11
O=c1c2c(Cl)cccc2nc(/C=C/c2ccc(C3CC3)cc2)n1CC1CCNCC1,,O=c1c2c(Cl)cccc2nc(/C=C/c2ccc(C3CC3)cc2)n1CC1CCNCC1,0.316098153591156,0.2037451,0.4904071,2.6321403457355395,-8.92
NS(=O)(=O)Cc1ccc2nc(/C=C/c3ccncc3)n(CC3CCCCC3)c(=O)c2c1,,NS(=O)(=O)Cc1ccc2nc(/C=C/c3ccncc3)n(CC3CCCCC3)c(=O)c2c1,0.31533950567245483,0.20889094,0.47603315,2.686733089946392,-8.8
CS(=O)(=O)c1ccc(/C=C/c2nc3ccccc3c(=O)n2CC2CCNCC2)cc1,,CS(=O)(=O)c1ccc(/C=C/c2nc3ccccc3c(=O)n2CC2CCNCC2)cc1,0.3267996311187744,0.18962014,0.56322074,2.4767833350637716,-9.53
Cc1nc2ccc(C(=O)NCC3CCCCC3)cc2c(=O)n1CC1CCCCC1,,Cc1nc2ccc(C(=O)NCC3CCCCC3)cc2c(=O)n1CC1CCCCC1,0.29492640495300293,0.1727204,0.5035977,2.2787654709717753,-9.03
O=c1c2cc(Cl)ccc2nc(/C=C/c2cccc(N3CCCC3)n2)n1CC1CCNCC1,,O=c1c2cc(Cl)ccc2nc(/C=C/c2cccc(N3CCCC3)n2)n1CC1CCNCC1,0.36310452222824097,0.21463527,0.6142741,2.7465185345399625,-9.97
O=c1c2ccc(Cl)cc2nc(/C=C/c2cccc(Cl)c2)n1CC1CCNCC1,,O=c1c2ccc(Cl)cc2nc(/C=C/c2cccc(Cl)c2)n1CC1CCNCC1,0.29257217049598694,0.19284484,0.44387215,2.5130041258592453,-8.53
NS(=O)(=O)c1ccc(OCc2nc3ccccc3c(=O)n2CC2CCCCC2)cc1,,NS(=O)(=O)c1ccc(OCc2nc3ccccc3c(=O)n2CC2CCCCC2)cc1,0.2841311991214752,0.16624467,0.4856128,2.1988362867632354,-8.88
CN1CCN(c2ccnc(/C=C/c3nc4ccccc4c(=O)n3CC3CCCCC3)c2)CC1,,CN1CCN(c2ccnc(/C=C/c3nc4ccccc4c(=O)n3CC3CCCCC3)c2)CC1,0.3110491633415222,0.20222868,0.47842664,2.615857540243482,-8.82
NS(=O)(=O)c1ccc(/C=C/c2nc3cc(Cl)ccc3c(=O)n2CC2CCCCC2)cc1,,NS(=O)(=O)c1ccc(/C=C/c2nc3cc(Cl)ccc3c(=O)n2CC2CCCCC2)cc1,0.3248424232006073,0.18774915,0.5620403,2.455551256049949,-9.52
CS(=O)(=O)Nc1ccc2nc(/C=C/c3ccncc3)n(CC3CCCCC3)c(=O)c2c1,,CS(=O)(=O)Nc1ccc2nc(/C=C/c3ccncc3)n(CC3CCCCC3)c(=O)c2c1,0.3015367090702057,0.20055462,0.45336467,2.59777544085391,-8.61
NS(=O)(=O)c1cccc(/C=C/c2nc3ccc(Cl)cc3c(=O)n2CC2CCCCC2)c1,,NS(=O)(=O)c1cccc(/C=C/c2nc3ccc(Cl)cc3c(=O)n2CC2CCCCC2)c1,0.31791001558303833,0.19332924,0.52277017,2.518404927378622,-9.19
CC(c1ccc2nc(/C=C/c3ccccn3)n(CC3CCCCC3)c(=O)c2c1)N1CCOCC1,,CC(c1ccc2nc(/C=C/c3ccccn3)n(CC3CCCCC3)c(=O)c2c1)N1CCOCC1,0.3419548571109772,0.25928202,0.4509881,3.1764778556500683,-8.59
CN1CCN(c2cccc(/C=C/c3nc4ccccc4c(=O)n3CC3CCCCC3)c2)CC1,,CN1CCN(c2cccc(/C=C/c3nc4ccccc4c(=O)n3CC3CCCCC3)c2)CC1,0.31251952052116394,0.18812104,0.51917875,2.45978426506505,-9.16
CCS(=O)(=O)c1ccc(/C=C/c2nc3ccc(F)cc3c(=O)n2CC2CCCCC2)cc1,,CCS(=O)(=O)c1ccc(/C=C/c2nc3ccc(F)cc3c(=O)n2CC2CCCCC2)cc1,0.32072916626930237,0.19280529,0.5335289,2.512562756766183,-9.28
NS(=O)(=O)c1ccc(C(=O)c2nc3ccccc3c(=O)n2CC2CCCCC2)cc1,,NS(=O)(=O)c1ccc(C(=O)c2nc3ccccc3c(=O)n2CC2CCCCC2)cc1,0.29126858711242676,0.17600429,0.4820189,2.3183931277608156,-8.85
CCNC(=O)c1ccc(/C=C/c2nc3ccccc3c(=O)n2CC2CCNCC2)cc1,,CCNC(=O)c1ccc(/C=C/c2nc3ccccc3c(=O)n2CC2CCNCC2)cc1,0.30544453859329224,0.18659274,0.5,2.442346780525476,-9.0
NS(=O)(=O)c1cccc(/C=C/c2cc3cc(Cl)ccc3c(=O)n2CC2CCNCC2)c1,,NS(=O)(=O)c1cccc(/C=C/c2cc3cc(Cl)ccc3c(=O)n2CC2CCNCC2)c1,0.33699625730514526,0.21526942,0.52755505,2.7530468854205807,-9.23
O=c1c2ccccc2nc(/C=C/c2ccc(CN3CCC(O)C3)cc2)n1CC1CCCCC1,,O=c1c2ccccc2nc(/C=C/c2ccc(CN3CCC(O)C3)cc2)n1CC1CCCCC1,0.3556659519672394,0.22794805,0.5549434,2.8807574390771933,-9.46
CN1CCN(Cc2ccccc2/C=C/c2nc3ccccc3c(=O)n2CC2CCCCC2)CC1,,CN1CCN(Cc2ccccc2/C=C/c2nc3ccccc3c(=O)n2CC2CCCCC2)CC1,0.30007806420326233,0.19108103,0.47124946,2.4932504770384014,-8.76
O=c1c2ccc(F)cc2nc(/C=C/c2cccc(N3CCOCC3)c2)n1CC1CCCCC1,,O=c1c2ccc(F)cc2nc(/C=C/c2cccc(N3CCOCC3)c2)n1CC1CCCCC1,0.3148972988128662,0.19690382,0.5035977,2.5579463586415763,-9.03
CN1CCN(Cc2ccc3c(=O)n(CC4CCCCC4)c(/C=C/c4ccncc4)nc3c2)CC1,,CN1CCN(Cc2ccc3c(=O)n(CC4CCCCC4)c(/C=C/c4ccncc4)nc3c2)CC1,0.30931559205055237,0.20200151,0.47364062,2.6134101693460927,-8.78
NS(=O)(=O)c1ccc(-n2c(/C=C/c3ccccn3)nc3ccccc3c2=O)cc1,,NS(=O)(=O)c1ccc(-n2c(/C=C/c3ccccn3)nc3ccccc3c2=O)cc1,0.2824743986129761,0.17692657,0.4509881,2.329418026247824,-8.59
NS(=O)(=O)c1cccc(/C=C/c2nc3cc(Cl)ccc3c(=O)n2CC2CCCCC2)c1,,NS(=O)(=O)c1cccc(/C=C/c2nc3cc(Cl)ccc3c(=O)n2CC2CCCCC2)c1,0.30770739912986755,0.19354503,0.48920828,2.5208075497562437,-8.91
NS(=O)(=O)c1ccc(NCc2nc3ccccc3c(=O)n2CC2CCCCC2)cc1,,NS(=O)(=O)c1ccc(NCc2nc3ccccc3c(=O)n2CC2CCCCC2)cc1,0.3018624186515808,0.17002836,0.535916,2.245832708945704,-9.3
NS(=O)(=O)c1ccc(/C=C/c2nc3ccc(F)cc3c(=O)n2CC2CCCCC2)cc1,,NS(=O)(=O)c1ccc(/C=C/c2nc3ccc(F)cc3c(=O)n2CC2CCCCC2)cc1,0.30980801582336426,0.18834838,0.5095929,2.4623689133926074,-9.08
NS(=O)(=O)c1ccc(/C=C/c2nc3cc(F)c(F)cc3c(=O)n2CC2CCCCC2)cc1,,NS(=O)(=O)c1ccc(/C=C/c2nc3cc(F)c(F)cc3c(=O)n2CC2CCCCC2)cc1,0.3139956295490265,0.198137,0.49760145,2.571461742395936,-8.98
NS(=O)(=O)c1cccc(/C=C/c2nc3c(Cl)cc(Cl)cc3c(=O)n2CC2CCCCC2)c1,,NS(=O)(=O)c1cccc(/C=C/c2nc3c(Cl)cc(Cl)cc3c(=O)n2CC2CCCCC2)c1,0.32557258009910583,0.20898764,0.5071951,2.687749434703628,-9.06
CS(=O)(=O)c1ccc(/C=C/c2nc3ccccc3c(=O)n2CC2CCCCC2)cc1,,CS(=O)(=O)c1ccc(/C=C/c2nc3ccccc3c(=O)n2CC2CCCCC2)cc1,0.30491766333580017,0.17744398,0.52396685,2.335583156172895,-9.2
CC(=O)Nc1ccc(/C=C/c2nc3cccc(Cl)c3c(=O)n2CC2CCNCC2)cc1,,CC(=O)Nc1ccc(/C=C/c2nc3cccc(Cl)c3c(=O)n2CC2CCNCC2)cc1,0.31237027049064636,0.19945529,0.48920828,2.5858397450890003,-8.91
CN1CCN(CCCn2c(/C=C/c3ccccn3)nc3ccccc3c2=O)CC1,,CN1CCN(CCCn2c(/C=C/c3ccccn3)nc3ccccc3c2=O)CC1,0.2595350444316864,0.18430175,0.36547917,2.415999763150186,-7.85
O=c1c2cc(F)ccc2nc(/C=C/c2cccc(N3CCOCC3)c2)n1CC1CCNCC1,,O=c1c2cc(F)ccc2nc(/C=C/c2cccc(N3CCOCC3)c2)n1CC1CCNCC1,0.33451712131500244,0.20787933,0.5383012,2.6760797448430047,-9.32
CS(=O)(=O)c1ccc(/C=C/c2nc3ccc(F)cc3c(=O)n2CC2CCCCC2)cc1,,CS(=O)(=O)c1ccc(/C=C/c2nc3ccc(F)cc3c(=O)n2CC2CCCCC2)cc1,0.31214335560798645,0.18680687,0.52157336,2.4447968854205797,-9.18
O=c1c2ccccc2nc(/C=C/c2nc3ccccc3[nH]2)n1CC1CCNCC1,,O=c1c2ccccc2nc(/C=C/c2nc3ccccc3[nH]2)n1CC1CCNCC1,0.32834184169769287,0.20161544,0.5347227,2.609246137979186,-9.29
O=c1c2c(-c3cccs3)cccc2nc(/C=C/c2ccccn2)n1CC1CCNCC1,,O=c1c2c(-c3cccs3)cccc2nc(/C=C/c2ccccn2)n1CC1CCNCC1,0.28619828820228577,0.22074501,0.37105918,2.8088451751743033,-7.9
CS(=O)(=O)c1ccc(/C=C/c2nc3cc(F)c(F)cc3c(=O)n2CC2CCCCC2)cc1,,CS(=O)(=O)c1ccc(/C=C/c2nc3cc(F)c(F)cc3c(=O)n2CC2CCCCC2)cc1,0.32202744483947754,0.19657032,0.52755505,2.554280203934397,-9.23
NCc1cccc(/C=C/c2nc3ccc(F)cc3c(=O)n2CC2CCCCC2)c1,,NCc1cccc(/C=C/c2nc3ccc(F)cc3c(=O)n2CC2CCCCC2)c1,0.2863870859146118,0.18828657,0.4355995,2.4616665698728752,-8.46
NS(=O)(=O)c1ccc(Cc2nc3ccccc3c(=O)n2CC2CCCCC2)cc1,,NS(=O)(=O)c1ccc(Cc2nc3ccccc3c(=O)n2CC2CCCCC2)cc1,0.272747665643692,0.16626443,0.4474275,2.199084013272847,-8.56
CS(=O)(=O)c1cccc(/C=C/c2nc3ccc(F)cc3c(=O)n2CC2CCCCC2)c1,,CS(=O)(=O)c1cccc(/C=C/c2nc3ccc(F)cc3c(=O)n2CC2CCCCC2)c1,0.30079200863838196,0.19247949,0.47005433,2.5089234588471534,-8.75
NS(=O)(=O)c1ccc(Cn2c(/C=C/c3ccccn3)nc3ccccc3c2=O)cc1,,NS(=O)(=O)c1ccc(Cn2c(/C=C/c3ccccn3)nc3ccccc3c2=O)cc1,0.2926642894744873,0.17813766,0.48082125,2.343826447765025,-8.84
CS(=O)(=O)c1ccc(OCc2nc3cccc(Cl)c3c(=O)n2CC2CCCCC2)cc1,,CS(=O)(=O)c1ccc(OCc2nc3cccc(Cl)c3c(=O)n2CC2CCCCC2)cc1,0.30899864435195923,0.1797644,0.5311405,2.363060521784215,-9.26
CN1CCN(c2cccc3nc(/C=C/c4ccccc4)n(CC4CCCCC4)c(=O)c23)CC1,,CN1CCN(c2cccc3nc(/C=C/c4ccccc4)n(CC4CCCCC4)c(=O)c23)CC1,0.2803111672401428,0.19446032,0.40406364,2.5309763348509353,-8.19
O=c1c2cc(Cl)ccc2nc(/C=C/c2cccc(O)c2)n1CC1CCNCC1,,O=c1c2cc(Cl)ccc2nc(/C=C/c2cccc(O)c2)n1CC1CCNCC1,0.29518958926200867,0.19736321,0.44150525,2.56298874124386,-8.51
CN1CCN(Cc2ccc3c(N)nc(/C=C/c4cccnc4)nc3c2)CC1,,CN1CCN(Cc2ccc3c(N)nc(/C=C/c4cccnc4)nc3c2)CC1,0.2855258285999298,0.19503668,0.41799825,2.537360820650097,-8.31
O=c1c2c(F)cccc2nc(/C=C/c2cccc(C(F)(F)F)c2)n1CC1CCNCC1,,O=c1c2c(F)cccc2nc(/C=C/c2cccc(C(F)(F)F)c2)n1CC1CCNCC1,0.29927995800971985,0.21016142,0.426189,2.700058598707294,-8.38
NS(=O)(=O)c1cccc(Cn2c(/C=C/c3ccccn3)nc3ccccc3c2=O)c1,,NS(=O)(=O)c1cccc(Cn2c(/C=C/c3ccccn3)nc3ccccc3c2=O)c1,0.27992045879364014,0.18284416,0.42853683,2.39910480196896,-8.4
CS(=O)(=O)c1ccc(-n2c(/C=C/c3ccccn3)nc3ccccc3c2=O)cc1,,CS(=O)(=O)c1ccc(-n2c(/C=C/c3ccccn3)nc3ccccc3c2=O)cc1,0.2863817512989044,0.17537022,0.46766502,2.310787442373867,-8.73
O=c1c2ccc(Cl)cc2nc(/C=C/c2cccc(O)c2)n1Cc1cccc(O)c1,,O=c1c2ccc(Cl)cc2nc(/C=C/c2cccc(O)c2)n1Cc1cccc(O)c1,0.30443915724754333,0.1806025,0.51318884,2.3729166360717358,-9.11
O=c1c2cc(Cl)ccc2nc(/C=C/c2cccc(O)c2)n1Cc1cccc(O)c1,,O=c1c2cc(Cl)ccc2nc(/C=C/c2cccc(O)c2)n1Cc1cccc(O)c1,0.29303503036499023,0.18038559,0.47603315,2.3703692774063043,-8.8
NS(=O)(=O)c1ccc(/C=C/c2nc3ccc(F)cc3c(=O)n2Cc2ccccc2)cc1,,NS(=O)(=O)c1ccc(/C=C/c2nc3ccc(F)cc3c(=O)n2Cc2ccccc2)cc1,0.3019604980945587,0.1716686,0.5311405,2.265947060245754,-9.26
O=c1c2ccc(Cl)cc2nc(/C=C/c2ccccc2)n1Cc1cccc(O)c1,,O=c1c2ccc(Cl)cc2nc(/C=C/c2ccccc2)n1Cc1cccc(O)c1,0.26550865173339844,0.16771153,0.42033398,2.2171562626113808,-8.33
O=c1c2c(Cl)cccc2nc(/C=C/c2ccccc2)n1Cc1cccc(O)c1,,O=c1c2c(Cl)cccc2nc(/C=C/c2ccccc2)n1Cc1cccc(O)c1,0.28964197635650635,0.17447746,0.48082125,2.300041732696851,-8.84
O=c1c2ccccc2nc(/C=C/c2ccc(Cl)cc2)n1Cc1cccc(O)c1,,O=c1c2ccccc2nc(/C=C/c2ccc(Cl)cc2)n1Cc1cccc(O)c1,0.2746698558330536,0.16340421,0.46169883,2.1629904506455677,-8.68
CC(O)c1cccc(/C=C/c2nc3ccccc3c(=O)n2Cc2ccco2)c1,,CC(O)c1cccc(/C=C/c2nc3ccccc3c(=O)n2Cc2ccco2)c1,0.3269207775592804,0.22117867,0.48321658,2.8132217266931328,-8.86
O=c1c2ccc(F)cc2nc(/C=C/c2ccccc2)n1Cc1cccc(O)c1,,O=c1c2ccc(F)cc2nc(/C=C/c2ccccc2)n1Cc1cccc(O)c1,0.26466259360313416,0.16898936,0.41450125,2.2330109634660804,-8.28
CS(=O)(=O)c1ccc(/C=C/c2nc3ccccc3c(=O)n2-c2ccccc2)cc1,,CS(=O)(=O)c1ccc(/C=C/c2nc3ccccc3c(=O)n2-c2ccccc2)cc1,0.2813023626804352,0.15979509,0.49520308,2.1167127435786863,-8.96
O=c1c2ccc(F)cc2nc(/C=C/c2ccc(F)cc2)n1Cc1cccc(O)c1,,O=c1c2ccc(F)cc2nc(/C=C/c2ccc(F)cc2)n1Cc1cccc(O)c1,0.2706492841243744,0.17378524,0.42150325,2.2916797500661747,-8.34
CS(=O)(=O)c1ccc(/C=C/c2nc3ccccc3c(=O)n2Cc2ccco2)cc1,,CS(=O)(=O)c1ccc(/C=C/c2nc3ccccc3c(=O)n2Cc2ccco2)cc1,0.2928861081600189,0.17664748,0.4856128,2.326086608268213,-8.88
O=c1c2ccc(Cl)cc2nc(/C=C/c2ccccn2)n1Cc1cccc(O)c1,,O=c1c2ccc(Cl)cc2nc(/C=C/c2ccccn2)n1Cc1cccc(O)c1,0.27322545647621155,0.18370213,0.40637606,2.4090622455173634,-8.21
N#Cc1cccc(/C=C/c2nc3ccccc3c(=O)n2Cc2ccoc2)c1,,N#Cc1cccc(/C=C/c2nc3ccccc3c(=O)n2Cc2ccoc2)c1,0.3073092997074127,0.19257267,0.4904071,2.509964715489433,-8.92
N#Cc1ccc(/C=C/c2nc3ccccc3c(=O)n2Cc2cccnc2)cc1,,N#Cc1ccc(/C=C/c2nc3ccccc3c(=O)n2Cc2cccnc2)cc1,0.28875845670700073,0.17341463,0.48082125,2.2871921600472778,-8.84
N#Cc1ccc(/C=C/c2nc3ccc(F)cc3c(=O)n2Cc2cccnc2)cc1,,N#Cc1ccc(/C=C/c2nc3ccc(F)cc3c(=O)n2Cc2cccnc2)cc1,0.2920641005039215,0.18286546,0.46647108,2.3993522841585886,-8.72
O=c1c2ccccc2nc(/C=C/c2ccccc2)n1Cc1cccc(O)c1,,O=c1c2ccccc2nc(/C=C/c2ccccc2)n1Cc1cccc(O)c1,0.25956636667251587,0.15896095,0.42384434,2.105897140026922,-8.36
N#Cc1cccc(/C=C/c2nc3ccccc3c(=O)n2Cc2cccnc2)c1,,N#Cc1cccc(/C=C/c2nc3ccccc3c(=O)n2Cc2cccnc2)c1,0.2776889204978943,0.17750342,0.43442047,2.3362902838746713,-8.45
O=c1c2cc(F)ccc2nc(/C=C/c2ccccc2)n1Cc1cccc(O)c1,,O=c1c2cc(F)ccc2nc(/C=C/c2ccccc2)n1Cc1cccc(O)c1,0.2769567370414734,0.16830751,0.45574337,2.2245631002182193,-8.63
Cc1ccc(/C=C/c2nc3ccc(F)cc3c(=O)n2Cc2ccccc2)nc1C,,Cc1ccc(/C=C/c2nc3ccc(F)cc3c(=O)n2Cc2ccccc2)nc1C,0.28506985306739807,0.18455744,0.44032264,2.418952595293238,-8.5
O=c1c2ccc(Cl)cc2nc(/C=C/c2ccncc2)n1Cc1cccc(O)c1,,O=c1c2ccc(Cl)cc2nc(/C=C/c2ccncc2)n1Cc1cccc(O)c1,0.2699286639690399,0.18240368,0.39945185,2.393978484833603,-8.15
N#Cc1cccc(/C=C/c2nc3ccc(F)c(F)c3c(=O)n2Cc2cccnc2)c1,,N#Cc1cccc(/C=C/c2nc3ccc(F)c(F)c3c(=O)n2Cc2cccnc2)c1,0.30524322390556335,0.20605555,0.4521762,2.656776894992216,-8.6
O=c1c2ccc(F)cc2nc(/C=C/c2cccc(O)c2)n1Cc1cccnc1,,O=c1c2ccc(F)cc2nc(/C=C/c2cccc(O)c2)n1Cc1cccnc1,0.28121626377105713,0.1815488,0.4355995,2.384002416457534,-8.46
CN(C)c1cccc(/C=C/c2nc3ccc(F)cc3c(=O)n2Cc2cccnc2)c1,,CN(C)c1cccc(/C=C/c2nc3ccc(F)cc3c(=O)n2Cc2cccnc2)c1,0.2934294641017914,0.18794219,0.45812404,2.457749703578978,-8.65
O=c1c2cc(Cl)ccc2nc(/C=C/c2ccccc2)n1Cc1cccc(O)c1,,O=c1c2cc(Cl)ccc2nc(/C=C/c2ccccc2)n1Cc1cccc(O)c1,0.2762930989265442,0.1675019,0.45574337,2.2145460062011253,-8.63
N#Cc1ccccc1/C=C/c1nc2ccccc2c(=O)n1Cc1ccncc1,,N#Cc1ccccc1/C=C/c1nc2ccccc2c(=O)n1Cc1ccncc1,0.28686240315437317,0.18009189,0.45693356,2.3669156122048776,-8.64
N#Cc1cccc(/C=C/c2nc3ccccc3c(=O)n2Cc2ccncc2)c1,,N#Cc1cccc(/C=C/c2nc3ccccc3c(=O)n2Cc2ccncc2)c1,0.28334546089172363,0.17801942,0.4509881,2.342423116895308,-8.59
N#Cc1ccc(/C=C/c2nc3cc(F)ccc3c(=O)n2Cc2ccncc2)cc1,,N#Cc1ccc(/C=C/c2nc3cc(F)ccc3c(=O)n2Cc2ccncc2)cc1,0.29490622878074646,0.18408425,0.47244495,2.4134852511915543,-8.77
N#Cc1cccc(/C=C/c2nc3ccccc3c(=O)n2CCc2ccccn2)c1,,N#Cc1cccc(/C=C/c2nc3ccccc3c(=O)n2CCc2ccccn2)c1,0.28428006172180176,0.18255539,0.4426884,2.395745283512177,-8.52
NS(=O)(=O)c1ccccc1/C=C/c1nc2ccccc2c(=O)n1Cc1ccccc1,,NS(=O)(=O)c1ccccc1/C=C/c1nc2ccccc2c(=O)n1Cc1ccccc1,0.27181461453437805,0.17240798,0.42853683,2.2749643726308566,-8.4
O=c1c2c(C(F)(F)F)cccc2nc(/C=C/c2ccccn2)n1Cc1cccc(O)c1,,O=c1c2c(C(F)(F)F)cccc2nc(/C=C/c2ccccn2)n1Cc1cccc(O)c1,0.2796075940132141,0.2063194,0.37892902,2.659577479826174,-7.97
O=c1n(Cc2ccccc2)c(/C=C/c2cccnc2)nc2c1cccc2,,O=c1c2ccccc2nc(/C=C/c2cccnc2)n1Cc1ccccc1,0.22346624732017517,0.1585607,0.3149404,2.1006910279251994,-7.38
O=C(NCC(=O)N1CCCCC1c1ccc(Cl)cc1)c1cnc2ccccc2n1,,O=C(NCC(=O)N1CCCCC1c1ccc(Cl)cc1)c1cnc2ccccc2n1,0.32444724440574646,0.20136191,0.52277017,2.606509201231791,-9.19
O=c1c2ccccc2nc(/C=C/c2cccnc2)n1Cc1ccc(Cl)cc1,,O=c1c2ccccc2nc(/C=C/c2cccnc2)n1Cc1ccc(Cl)cc1,0.24547776579856873,0.1638787,0.36770695,2.169012816755256,-7.87
O=C(NCC(=O)N1CC[C@H](F)[C@H]1COc1cccc(Cl)c1)c1ccc2ccccc2n1,,O=C(NCC(=O)N1CC[C@H](F)[C@H]1COc1cccc(Cl)c1)c1ccc2ccccc2n1,0.3610697090625763,0.2678068,0.48681116,3.2527839543032604,-8.89
O=c1c2ccccc2nc(/C=C/c2cccnc2)n1CC1CCCCC1,,O=c1c2ccccc2nc(/C=C/c2cccnc2)n1CC1CCCCC1,0.23155781626701355,0.17657101,0.30366832,2.3251731458073177,-7.27
N#Cc1ccccc1CNC(=O)CNC(=O)c1ccc2cc(Cl)ccc2n1,,N#Cc1ccccc1CNC(=O)CNC(=O)c1ccc2cc(Cl)ccc2n1,0.2875305712223053,0.16300203,0.5071951,2.157874413386473,-9.06
O=C(NCC(=O)N1CC[C@H](O)[C@H]1c1ccc(Cl)cc1)c1ccc2ccccc2n1,,O=C(NCC(=O)N1CC[C@H](O)[C@H]1c1ccc(Cl)cc1)c1ccc2ccccc2n1,0.34356942772865295,0.23952675,0.49280488,2.9930802640153633,-8.94
O=C(NCC(=O)N1CCCCC1c1ccc(Cl)cc1)c1ccc2cc(Cl)ccc2n1,,O=C(NCC(=O)N1CCCCC1c1ccc(Cl)cc1)c1ccc2cc(Cl)ccc2n1,0.3182852268218994,0.2030981,0.4988007,2.6252041161799102,-8.99
O=C(NCC(=O)N1C[C@H](O)C[C@H]1c1ccc(Cl)cc1)c1ccc2ccccc2n1,,O=C(NCC(=O)N1C[C@H](O)C[C@H]1c1ccc(Cl)cc1)c1ccc2ccccc2n1,0.3457539975643158,0.23738359,0.5035977,2.972577947055216,-9.03
O=C(NCC(=O)N1CCC[C@H]1CO)c1ccc2cc(F)ccc2n1,,O=C(NCC(=O)N1CCC[C@H]1CO)c1ccc2cc(F)ccc2n1,0.2375791221857071,0.20519142,0.27507895,2.647586553642409,-6.98
O=C(NCC(=O)N1CCCCC1c1ccc(Cl)cc1)c1ccc2cc(Br)ccc2n1,,O=C(NCC(=O)N1CCCCC1c1ccc(Cl)cc1)c1ccc2cc(Br)ccc2n1,0.3364790380001068,0.2066689,0.54782385,2.6632826492747217,-9.4
O=C(NCC(=O)N1CCCCC1c1ccccc1)c1ccc2ccccc2n1,,O=C(NCC(=O)N1CCCCC1c1ccccc1)c1ccc2ccccc2n1,0.32268762588500977,0.18884638,0.55138624,2.4680222478521916,-9.43
O=C(NCC(=O)N1CCCC[C@H]1c1ccc(Cl)cc1)c1ccc2cc(F)ccc2n1,,O=C(NCC(=O)N1CCCC[C@H]1c1ccc(Cl)cc1)c1ccc2cc(F)ccc2n1,0.3240787982940674,0.20417906,0.51438713,2.6367833648382284,-9.12
O=C(NCC(=O)N1CCC[C@@H]1c1ccccc1)c1ccc2ccccc2n1,,O=C(NCC(=O)N1CCC[C@@H]1c1ccccc1)c1ccc2ccccc2n1,0.3035849332809448,0.18701887,0.49280488,2.4472200746269035,-8.94
O=C(NCC(=O)N1CCC[C@H]1c1c[nH]c2ccccc12)c1ccc2ccccc2n1,,O=C(NCC(=O)N1CCC[C@H]1c1c[nH]c2ccccc12)c1ccc2ccccc2n1,0.36225664615631104,0.21129614,0.6210709,2.7119104952659416,-10.03
O=C(NCC(=O)N1CCCCC1C1CCC1)c1ccc2cc(F)ccc2n1,,O=C(NCC(=O)N1CCCCC1C1CCC1)c1ccc2cc(F)ccc2n1,0.3079131543636322,0.2113411,0.4486137,2.712378882907231,-8.57
O=C(NCC(=O)N1C[C@@H]([C@H](O)c2ccccc2)[C@@H](O)C1)c1ccc2ccccc2n1,,O=C(NCC(=O)N1C[C@@H]([C@H](O)c2ccccc2)[C@@H](O)C1)c1ccc2ccccc2n1,0.35298874974250793,0.27340177,0.45574337,3.3020279384409514,-8.63
O=C(NCC(=O)N1CCCC[C@H]1CN1CCCC1)c1ccc2cc(F)ccc2n1,,O=C(NCC(=O)N1CCCC[C@H]1CN1CCCC1)c1ccc2cc(F)ccc2n1,0.3222251236438751,0.21540447,0.4820189,2.7544355748581673,-8.85
O=C(NCC(=O)N1CCCCC1CC(F)(F)F)c1ccc2cc(F)ccc2n1,,O=C(NCC(=O)N1CCCCC1CC(F)(F)F)c1ccc2cc(F)ccc2n1,0.26841121912002563,0.23179232,0.31081522,2.9184816214991827,-7.34
O=C(NCC(=O)N1C[C@H](O)C[C@H]1C1CCCC1)c1ccc2cc(F)ccc2n1,,O=C(NCC(=O)N1C[C@H](O)C[C@H]1C1CCCC1)c1ccc2cc(F)ccc2n1,0.35375869274139404,0.25962722,0.4820189,3.1795992819668113,-8.85
C[C@@H](NC(=O)CNC(=O)c1ccc2cc(Cl)ccc2n1)C1CCCCC1,,C[C@@H](NC(=O)CNC(=O)c1ccc2cc(Cl)ccc2n1)C1CCCCC1,0.2936115562915802,0.20339483,0.42384434,2.628387030237489,-8.36
O=C(NCC(=O)N1CCCCC1C1CCNCC1)c1ccc2cc(Cl)ccc2n1,,O=C(NCC(=O)N1CCCCC1C1CCNCC1)c1ccc2cc(Cl)ccc2n1,0.34363141655921936,0.22902621,0.5155854,2.8913822781548717,-9.13
O=C(NCC(=O)N1CCCC1c1ccc(C(F)(F)F)cc1)c1ccc2cc(F)ccc2n1,,O=C(NCC(=O)N1CCCC1c1ccc(C(F)(F)F)cc1)c1ccc2cc(F)ccc2n1,0.3197401165962219,0.21694185,0.47124946,2.7701971210076035,-8.76
CN(CCNC(=O)c1ccc2cc(Cl)ccc2n1)C1CCCCC1,,CN(CCNC(=O)c1ccc2cc(Cl)ccc2n1)C1CCCCC1,0.2579095959663391,0.16321923,0.40753382,2.1606388240569085,-8.22
COc1ccc2ccc(C(=O)NCC(=O)N3CCC[C@H]3C(=O)NCCc3ccccn3)nc2c1,,COc1ccc2ccc(C(=O)NCC(=O)N3CCC[C@H]3C(=O)NCCc3ccccn3)nc2c1,0.3165966272354126,0.22108784,0.45336467,2.81230567040674,-8.61
CC(C)CNC(=O)CNC(=O)c1ccc2ccccc2n1,,CC(C)CNC(=O)CNC(=O)c1ccc2ccccc2n1,0.2156122475862503,0.14287454,0.32538086,1.8876420558950109,-7.48
CC(C)C[C@H](NC(=O)CNC(=O)c1ccc2ccccc2n1)c1ccccc1,,CC(C)C[C@H](NC(=O)CNC(=O)c1ccc2ccccc2n1)c1ccccc1,0.316328227519989,0.18839373,0.5311405,2.4628842694281765,-9.26
O=C(NCC(=O)N1CCC[C@H]1CNc1cccc(Cl)c1)c1ccc2cc(F)ccc2n1,,O=C(NCC(=O)N1CCC[C@H]1CNc1cccc(Cl)c1)c1ccc2cc(F)ccc2n1,0.3266967535018921,0.21817039,0.48920828,2.7827346915485496,-8.91
O=C(NCC(=O)N1CCC[C@H]1c1ccc(Cl)cc1)c1ccc2cc(F)ccc2n1,,O=C(NCC(=O)N1CCC[C@H]1c1ccc(Cl)cc1)c1ccc2cc(F)ccc2n1,0.3223782777786255,0.20251365,0.51318884,2.618924248232984,-9.11
O=C(NCC(=O)N1C[C@@H](O)[C@@H](O)C1)c1ccc2ccccc2n1,,O=C(NCC(=O)N1C[C@@H](O)[C@@H](O)C1)c1ccc2ccccc2n1,0.31152042746543884,0.23412472,0.41450125,2.941156894893366,-8.28
O=C(NCC(=O)N1C[C@H](F)C[C@H]1c1ccccc1)c1ccc2cc(Cl)ccc2n1,,O=C(NCC(=O)N1C[C@H](F)C[C@H]1c1ccccc1)c1ccc2cc(Cl)ccc2n1,0.3406311571598053,0.2500185,0.46408403,3.091686566146967,-8.7
N#Cc1ccccc1[C@H](NC(=O)CNC(=O)c1ccc2cc(Cl)ccc2n1)C1CCCC1,,N#Cc1ccccc1[C@H](NC(=O)CNC(=O)c1ccc2cc(Cl)ccc2n1)C1CCCC1,0.35810551047325134,0.23408905,0.54782385,2.9408111343855303,-9.4
O=C(NCC(=O)N1CCCCC1c1ccccn1)c1ccc2cc(F)ccc2n1,,O=C(NCC(=O)N1CCCCC1c1ccccn1)c1ccc2cc(F)ccc2n1,0.32505688071250916,0.2170492,0.48681116,2.771294915517508,-8.89
COc1cccc(CNC(=O)CNC(=O)c2ccc3ccccc3n2)c1,,COc1cccc(CNC(=O)CNC(=O)c2ccc3ccccc3n2)c1,0.23989377915859222,0.14161518,0.40637606,1.869711335617506,-8.21
CC(C)C[C@H](NC(=O)CNC(=O)c1ccc2ccccc2n1)C(=O)NCc1ccccn1,,CC(C)C[C@H](NC(=O)CNC(=O)c1ccc2ccccc2n1)C(=O)NCc1ccccn1,0.34291544556617737,0.20748013,0.5667578,2.6718654895621263,-9.56
CN(CCNC(=O)c1ccc2cc(Cl)ccc2n1)C(=O)CNC(=O)c1ccc2ncccc2c1,,CN(CCNC(=O)c1ccc2cc(Cl)ccc2n1)C(=O)CNC(=O)c1ccc2ncccc2c1,0.2887427508831024,0.18151455,0.45931518,2.3836020281882817,-8.66
O=C(NCC(=O)N1CCCC[C@H]1c1ccccc1)c1ccc2cc(Cl)ccc2n1,,O=C(NCC(=O)N1CCCC[C@H]1c1ccccc1)c1ccc2cc(Cl)ccc2n1,0.3194282352924347,0.1974413,0.5167835,2.5638449155175085,-9.14
C[C@H](NC(=O)CNC(=O)c1ccc2ccccc2n1)c1ccccc1,,C[C@H](NC(=O)CNC(=O)c1ccc2ccccc2n1)c1ccccc1,0.2816641330718994,0.17094897,0.46408403,2.25714084555754,-8.7
CCCCNC(=O)[C@@H]1C[C@H](O)CN1C(=O)CNC(=O)c1ccc2cc(Cl)ccc2n1,,CCCCNC(=O)[C@@H]1C[C@H](O)CN1C(=O)CNC(=O)c1ccc2cc(Cl)ccc2n1,0.3073475956916809,0.25003272,0.37780076,3.091817748064317,-7.96
O=C(NCC(=O)N1CCC1c1c[nH]cn1)c1ccc2ccccc2n1,,O=C(NCC(=O)N1CCC1c1c[nH]cn1)c1ccc2ccccc2n1,0.3152325451374054,0.25239643,0.39371222,3.1136474577809325,-8.1
O=C(NCC(=O)N1C[C@H](O)C[C@H]1Cc1ccccc1)c1ccc2cc(F)ccc2n1,,O=C(NCC(=O)N1C[C@H](O)C[C@H]1Cc1ccccc1)c1ccc2cc(F)ccc2n1,0.33735308051109314,0.24397463,0.46647108,3.0352329793446646,-8.72
O=C(NCC(=O)N1CCCCC1C1CCCCC1)c1ccc2ccccc2n1,,O=C(NCC(=O)N1CCCCC1C1CCCCC1)c1ccc2ccccc2n1,0.3318817615509033,0.20507112,0.5371088,2.646304987064198,-9.31
O=C(NCC(=O)N1C[C@H](O)C[C@@H]1C1CCCC1)c1ccc2cc(Cl)ccc2n1,,O=C(NCC(=O)N1C[C@H](O)C[C@@H]1C1CCCC1)c1ccc2cc(Cl)ccc2n1,0.32118427753448486,0.25825226,0.39945185,3.1671515896591185,-8.15
O=C(NCC(=O)N1CCCCC1C1CCOCC1)c1ccc2ccccc2n1,,O=C(NCC(=O)N1CCCCC1C1CCOCC1)c1ccc2ccccc2n1,0.3293226361274719,0.21795233,0.49760145,2.780513054606411,-8.98
CC(C)C[C@H](NC(=O)CNC(=O)c1ccc2cc(Cl)ccc2n1)c1ccccc1,,CC(C)C[C@H](NC(=O)CNC(=O)c1ccc2cc(Cl)ccc2n1)c1ccccc1,0.3147025406360626,0.19712974,0.5023986,2.560427279494993,-9.02
O=C(NCC(=O)N1C[C@H](F)C[C@H]1C(=O)N1CCCCC1)c1ccc2ccccc2n1,,O=C(NCC(=O)N1C[C@H](F)C[C@H]1C(=O)N1CCCCC1)c1ccc2ccccc2n1,0.3487895131111145,0.2542796,0.47842664,3.13094210277937,-8.82
C[C@@H](NC(=O)CNC(=O)c1ccc2cc(Cl)ccc2n1)c1ccccc1,,C[C@@H](NC(=O)CNC(=O)c1ccc2cc(Cl)ccc2n1)c1ccccc1,0.2911408841609955,0.17986868,0.47124946,2.364288485538946,-8.76
O=C(NCC(=O)N1CCCC1C1CCCCC1)c1ccc2cc(F)ccc2n1,,O=C(NCC(=O)N1CCCC1C1CCCCC1)c1ccc2cc(F)ccc2n1,0.32418927550315857,0.21378642,0.491606,2.7377584788298854,-8.93
O=C(NCC(=O)N1CCC[C@H]1c1cc(Cl)ccc1Cl)c1ccc2cc(Cl)ccc2n1,,O=C(NCC(=O)N1CCC[C@H]1c1cc(Cl)ccc1Cl)c1ccc2cc(Cl)ccc2n1,0.327183336019516,0.21564956,0.49640232,2.756953755241259,-8.97
O=C(NCC(=O)N1CCCC1c1ccc(Cl)cc1)c1ccc2ccccc2n1,,O=C(NCC(=O)N1CCCC1c1ccc(Cl)cc1)c1ccc2ccccc2n1,0.31739020347595215,0.19269757,0.52277017,2.5113601882315937,-9.19
CSCC[C@H](NC(=O)CNC(=O)c1ccc2ccccc2n1)c1ccccc1,,CSCC[C@H](NC(=O)CNC(=O)c1ccc2ccccc2n1)c1ccccc1,0.3049168288707733,0.19629706,0.47364062,2.551273008744415,-8.78
O=C(NCC(=O)N1C[C@H](O)C[C@H]1c1ccc(Cl)cc1)c1ccc2cc(Cl)ccc2n1,,O=C(NCC(=O)N1C[C@H](O)C[C@H]1c1ccc(Cl)cc1)c1ccc2cc(Cl)ccc2n1,0.33014750480651855,0.24687672,0.44150525,3.0624562225310266,-8.51
CC(C)c1ccccc1NC(=O)CNC(=O)c1ccc2cc(Cl)ccc2n1,,CC(C)c1ccccc1NC(=O)CNC(=O)c1ccc2cc(Cl)ccc2n1,0.28600597381591797,0.1529754,0.5347227,2.026902480056645,-9.29
O=C(NCC(=O)N1C[C@H](O)C[C@@H]1c1ccccc1)c1ccc2ccccc2n1,,O=C(NCC(=O)N1C[C@H](O)C[C@@H]1c1ccccc1)c1ccc2ccccc2n1,0.355576753616333,0.23129645,0.5466353,2.913640393077923,-9.39
O=C(NCC(=O)N1CCCC[C@H]1c1ccccc1)c1cc(Cl)cc(Cl)c1,,O=C(NCC(=O)N1CCCC[C@H]1c1ccccc1)c1cc(Cl)cc(Cl)c1,0.25725963711738586,0.18731017,0.35333115,2.45054628179674,-7.74
O=C(NCC(=O)N1CCCC[C@H]1CO)c1ccc2cc(Cl)ccc2n1,,O=C(NCC(=O)N1CCCC[C@H]1CO)c1ccc2cc(Cl)ccc2n1,0.25167813897132874,0.20446806,0.30978864,2.639871316846813,-7.33
O=C(NCC(=O)N1C[C@H](O)C[C@H]1CN1CCCC1)c1ccc2ccccc2n1,,O=C(NCC(=O)N1C[C@H](O)C[C@H]1CN1CCCC1)c1ccc2ccccc2n1,0.3168434202671051,0.24916226,0.40290916,3.083744666582195,-8.18
O=C(NCC(=O)N1CCCCC1c1ccccn1)c1ccc2ccccc2n1,,O=C(NCC(=O)N1CCCCC1c1ccccn1)c1ccc2ccccc2n1,0.3120453357696533,0.20715114,0.47005433,2.668387913893465,-8.75
O=C(NCC(=O)N1C[C@H](O)C[C@H]1CO)c1ccc2ccccc2n1,,O=C(NCC(=O)N1C[C@H](O)C[C@H]1CO)c1ccc2ccccc2n1,0.26609769463539124,0.24115406,0.29362136,3.008564043556609,-7.17
O=C(NCC(=O)N1CCC[C@@H]1COc1ccccc1)c1ccc2cc(F)ccc2n1,,O=C(NCC(=O)N1CCC[C@@H]1COc1ccccc1)c1ccc2cc(F)ccc2n1,0.3002367913722992,0.20582291,0.4379596,2.654305485620414,-8.48
O=C(NCC(=O)N1C[C@H](O)C[C@H]1c1ccccc1)c1ccc2cc(Cl)ccc2n1,,O=C(NCC(=O)N1C[C@H](O)C[C@H]1c1ccccc1)c1ccc2cc(Cl)ccc2n1,0.3436563313007355,0.24081968,0.4904071,3.0053883270366804,-8.92
O=C(NCC(=O)N1CCC[C@H]1CNCc1ccccc1)c1ccc2cc(Cl)ccc2n1,,O=C(NCC(=O)N1CCC[C@H]1CNCc1ccccc1)c1ccc2cc(Cl)ccc2n1,0.3225419521331787,0.20906954,0.49760145,2.6886098514448324,-8.98
O=C(NCC(=O)N1CCC[C@H]1CNc1ccc(Cl)cn1)c1ccc2cc(F)ccc2n1,,O=C(NCC(=O)N1CCC[C@H]1CNc1ccc(Cl)cn1)c1ccc2cc(F)ccc2n1,0.320366233587265,0.22999759,0.44624174,2.90092483848027,-8.55
O=C(NCC(=O)N1CCCCC1C1CCCCC1)c1ccc2cc(Cl)ccc2n1,,O=C(NCC(=O)N1CCCCC1C1CCCCC1)c1ccc2cc(Cl)ccc2n1,0.34037071466445923,0.21379846,0.5418759,2.7378828276054197,-9.35
O=C(NCC(=O)N1C[C@H](O)C[C@H]1Cc1ccc(Cl)cc1)c1ccc2ccccc2n1,,O=C(NCC(=O)N1C[C@H](O)C[C@H]1Cc1ccc(Cl)cc1)c1ccc2ccccc2n1,0.3574373424053192,0.240002,0.532335,2.997610081312464,-9.27
O=C(NCC(=O)N1CCC[C@@H]1c1c[nH]c(=O)[nH]1)c1ccc2ccccc2n1,,O=C(NCC(=O)N1CCC[C@@H]1c1c[nH]c(=O)[nH]1)c1ccc2ccccc2n1,0.3371642827987671,0.24370162,0.46647108,3.032660985420102,-8.72
O=C(NCC(=O)N1CCCCC1CNc1ccc(Cl)cc1)c1ccc2ccccc2n1,,O=C(NCC(=O)N1CCCCC1CNc1ccc(Cl)cc1)c1ccc2ccccc2n1,0.327813982963562,0.20650831,0.5203762,2.6615806206756023,-9.17
Cc1ccc(NC(=O)CNC(=O)c2ccc3cc(Cl)ccc3n2)cc1,,Cc1ccc(NC(=O)CNC(=O)c2ccc3cc(Cl)ccc3n2)cc1,0.26412346959114075,0.1405336,0.49640232,1.8542048656457641,-8.97
O=C(NCC(=O)N1CCCCC1c1ccc(F)cc1)c1ccc2ccccc2n1,,O=C(NCC(=O)N1CCCCC1c1ccc(F)cc1)c1ccc2ccccc2n1,0.3281586170196533,0.19488494,0.5525725,2.5356811792537712,-9.44
COc1cccc(NC(=O)[C@H]2C[C@H](O)CN2C(=O)CNC(=O)c2ccc3ccccc3n2)c1,,COc1cccc(NC(=O)[C@H]2C[C@H](O)CN2C(=O)CNC(=O)c2ccc3ccccc3n2)c1,0.3565131425857544,0.23876248,0.532335,2.9857835682996487,-9.27
N#Cc1cccc(NC(=O)[C@@H]2CCCN2C(=O)CNC(=O)c2ccc3cc(Cl)ccc3n2)c1,,N#Cc1cccc(NC(=O)[C@@H]2CCCN2C(=O)CNC(=O)c2ccc3cc(Cl)ccc3n2)c1,0.3265978693962097,0.21750534,0.4904071,2.7759542636169865,-8.92
O=C(NCC(=O)N1CCC[C@@H]1c1ncc(Cl)cn1)c1ccc2cc(F)ccc2n1,,O=C(NCC(=O)N1CCC[C@@H]1c1ncc(Cl)cn1)c1ccc2cc(F)ccc2n1,0.32864201068878174,0.23823111,0.45336467,2.9807008932746903,-8.61
O=C(NCC(=O)N1CCCCC1)c1ccc2ccccc2n1,,O=C(NCC(=O)N1CCCCC1)c1ccc2ccccc2n1,0.2154172658920288,0.14307891,0.32432866,1.8905389821867562,-7.47
O=C(NCC(=O)N1CCCCC1C1CCOCC1)c1ccc2cc(Cl)ccc2n1,,O=C(NCC(=O)N1CCCCC1C1CCOCC1)c1ccc2cc(Cl)ccc2n1,0.3354974091053009,0.22674857,0.49640232,2.868895464968057,-8.97
O=C(NCC(=O)N1C[C@H](O)C[C@@H]1CO)c1ccc2cc(F)ccc2n1,,O=C(NCC(=O)N1C[C@H](O)C[C@@H]1CO)c1ccc2cc(F)ccc2n1,0.2906029522418976,0.25295022,0.33386052,3.1187419844698017,-7.56
O=C(NCC(=O)N1C[C@H](O)C[C@H]1Cc1ccccc1)c1ccc2ccccc2n1,,O=C(NCC(=O)N1C[C@H](O)C[C@H]1Cc1ccccc1)c1ccc2ccccc2n1,0.36740586161613464,0.23334111,0.5784967,2.9335564390451534,-9.66
O=C(NCC(=O)N1CC[C@H](F)[C@H]1c1ccccc1)c1ccc2ccccc2n1,,O=C(NCC(=O)N1CC[C@H](F)[C@H]1c1ccccc1)c1ccc2ccccc2n1,0.34783193469047546,0.24431804,0.49520308,3.038466034103563,-8.96
O=C(NCC(=O)N1C[C@H](O)C[C@H]1COc1ccc(Cl)cc1)c1ccc2ccccc2n1,,O=C(NCC(=O)N1C[C@H](O)C[C@H]1COc1ccc(Cl)cc1)c1ccc2ccccc2n1,0.35099732875823975,0.24290282,0.5071951,3.0251236258676517,-9.06
O=C(NCC(=O)N1CCC[C@H]1c1ccccc1)c1ccc2cc(F)ccc2n1,,O=C(NCC(=O)N1CCC[C@H]1c1ccccc1)c1ccc2cc(F)ccc2n1,0.30185550451278687,0.1968427,0.46289116,2.5572747181461253,-8.69
C[C@@H](NC(=O)CNC(=O)c1ccc2ccc(Cl)cc2n1)c1ccccc1,,C[C@@H](NC(=O)CNC(=O)c1ccc2ccc(Cl)cc2n1)c1ccccc1,0.3079187870025635,0.18054189,0.5251633,2.372205117555577,-9.21
O=C(NCC(=O)N1CCCC1c1cc(Cl)ccn1)c1ccc2cc(Cl)ccc2n1,,O=C(NCC(=O)N1CCCC1c1cc(Cl)ccn1)c1ccc2cc(Cl)ccc2n1,0.33409181237220764,0.22928262,0.48681116,2.8939038589836787,-8.89
Cc1ccccc1CNC(=O)CNC(=O)c1ccc2cc(F)ccc2n1,,Cc1ccccc1CNC(=O)CNC(=O)c1ccc2cc(F)ccc2n1,0.2611275911331177,0.15040345,0.45336467,1.992180217114388,-8.61
O=C(NCC(=O)N1CCCC1C1CCCCC1)c1ccc2cc(Cl)ccc2n1,,O=C(NCC(=O)N1CCCC1C1CCCCC1)c1ccc2cc(Cl)ccc2n1,0.32642701268196106,0.21259932,0.50119925,2.725464461735868,-9.01
O=C(NCC(=O)N1CCCC[C@H]1c1ncc[nH]1)c1ccc2ccccc2n1,,O=C(NCC(=O)N1CCCC[C@H]1c1ncc[nH]1)c1ccc2ccccc2n1,0.31321626901626587,0.22460872,0.43677926,2.84762280101444,-8.47
COC[C@@H]1C[C@H](O)CN1C(=O)CNC(=O)c1ccc2ccc(F)cc2n1,,COC[C@@H]1C[C@H](O)CN1C(=O)CNC(=O)c1ccc2ccc(F)cc2n1,0.26947635412216187,0.25766847,0.28182536,3.1618536503716017,-7.05
O=C(NCC(=O)N1CCC(F)(F)C1)c1ccc2cc(Cl)ccc2n1,,O=C(NCC(=O)N1CCC(F)(F)C1)c1ccc2cc(Cl)ccc2n1,0.22851534187793732,0.18592933,0.28085548,2.434743251751213,-7.04
N#Cc1ccc(NC(=O)CNC(=O)c2ccc3cc(Cl)ccc3n2)cc1,,N#Cc1ccc(NC(=O)CNC(=O)c2ccc3cc(Cl)ccc3n2)cc1,0.254926472902298,0.15248518,0.426189,2.0203215892557598,-8.38
O=C(NCC(=O)N1CCC[C@H]1c1ccc(Cl)cc1)c1ccc2cc(Cl)ccc2n1,,O=C(NCC(=O)N1CCC[C@H]1c1ccc(Cl)cc1)c1ccc2cc(Cl)ccc2n1,0.30375391244888306,0.20140053,0.45812404,2.6069264725147256,-8.65
O=C(NCC(=O)N1CCC[C@H]1CO)c1ccc2ccccc2n1,,O=C(NCC(=O)N1CCC[C@H]1CO)c1ccc2ccccc2n1,0.23038731515407562,0.19430515,0.27316993,2.5292547320050804,-6.96
O=C(NCC(=O)N1CCCCC1c1cccc(Cl)c1)c1ccc2ccccc2n1,,O=C(NCC(=O)N1CCCCC1c1cccc(Cl)c1)c1ccc2ccccc2n1,0.33049991726875305,0.19852836,0.5501994,2.5757377726603643,-9.42
O=C(NCC(=O)N1C[C@H](O)C[C@H]1Cc1ccccc1)c1ccc2cc(Cl)ccc2n1,,O=C(NCC(=O)N1C[C@H](O)C[C@H]1Cc1ccccc1)c1ccc2cc(Cl)ccc2n1,0.35459619760513306,0.24274722,0.5179811,3.0236537306863456,-9.15
O=C(NCC(=O)N1CCCC[C@H]1CO)c1ccc2cc(F)ccc2n1,,O=C(NCC(=O)N1CCCC[C@H]1CO)c1ccc2cc(F)ccc2n1,0.2750788629055023,0.20578447,0.36770695,2.6538968856442136,-7.87
O=C(NCC(=O)N1CCC[C@H]1c1ncc(OCC2CCC2)o1)c1ccc2cc(Cl)ccc2n1,,O=C(NCC(=O)N1CCC[C@H]1c1ncc(OCC2CCC2)o1)c1ccc2cc(Cl)ccc2n1,0.32230862975120544,0.27091256,0.38345528,3.2801978814996646,-8.01
O=C(NCC(=O)N1CCCCC1c1ccc(F)cc1)c1ccc2cc(F)ccc2n1,,O=C(NCC(=O)N1CCCCC1c1ccc(F)cc1)c1ccc2cc(F)ccc2n1,0.34120696783065796,0.20456816,0.569112,2.640940431027854,-9.58
O=C(NCC(=O)N1CCC[C@H]1c1ccccc1)c1ccc2cc(Cl)ccc2n1,,O=C(NCC(=O)N1CCC[C@H]1c1ccccc1)c1ccc2cc(Cl)ccc2n1,0.30753564834594727,0.19572626,0.48321658,2.5449807010521077,-8.86
O=C(NCC(=O)N1CCCC1C1CCOCC1)c1ccc2cc(Cl)ccc2n1,,O=C(NCC(=O)N1CCCC1C1CCOCC1)c1ccc2cc(Cl)ccc2n1,0.33208924531936646,0.22598584,0.48800963,2.8613294190008247,-8.9
O=C(NCC(=O)N1CCCCC1c1ccccc1)c1ccc2cc(F)ccc2n1,,O=C(NCC(=O)N1CCCCC1c1ccccc1)c1ccc2cc(F)ccc2n1,0.3258155584335327,0.1985249,0.5347227,2.5756998605724526,-9.29
O=C(NCC(=O)N1CC[C@H](O)[C@H]1Cc1ccccc1)c1ccc2cc(Cl)ccc2n1,,O=C(NCC(=O)N1CC[C@H](O)[C@H]1Cc1ccccc1)c1ccc2cc(Cl)ccc2n1,0.3558644652366638,0.2490972,0.508394,3.083140671652356,-9.07
O=C(NCC(=O)N1CCCC[C@H]1c1ncc(Cl)cn1)c1ccc2cc(F)ccc2n1,,O=C(NCC(=O)N1CCCC[C@H]1c1ncc(Cl)cn1)c1ccc2cc(F)ccc2n1,0.30750206112861633,0.23877883,0.39600462,2.9859398943552247,-8.12
O=C(NCC(=O)N1CCC[C@H]1c1ncc(Cl)cn1)c1ccc2ccccc2n1,,O=C(NCC(=O)N1CCC[C@H]1c1ncc(Cl)cn1)c1ccc2ccccc2n1,0.3134922385215759,0.22808102,0.43088806,2.882069589940995,-8.42
O=C(NCC(=O)N1CCCC1Cc1ccc(Cl)cc1)c1ccc2ccccc2n1,,O=C(NCC(=O)N1CCCC1Cc1ccc(Cl)cc1)c1ccc2ccccc2n1,0.3194596469402313,0.19793902,0.5155854,2.5692960144186063,-9.13
O=C(NCC(=O)N1CCCC1c1cccc(Cl)c1)c1ccc2ccccc2n1,,O=C(NCC(=O)N1CCCC1c1cccc(Cl)c1)c1ccc2ccccc2n1,0.33015942573547363,0.19684625,0.55375826,2.55731403438544,-9.45
O=C(NCC(=O)N1CCCCC1c1ccc(Cl)cc1)c1ccc2ccc(Cl)cc2n1,,O=C(NCC(=O)N1CCCCC1c1ccc(Cl)cc1)c1ccc2ccc(Cl)cc2n1,0.31954824924468994,0.20373352,0.50119925,2.63201610186864,-9.01
O=C(NCC(=O)N1C[C@H](O)C[C@H]1C1CCCC1)c1ccc2ccccc2n1,,O=C(NCC(=O)N1C[C@H](O)C[C@H]1C1CCCC1)c1ccc2ccccc2n1,0.34614256024360657,0.24856842,0.4820189,3.0782258056510443,-8.85
O=C(NCC(=O)N1C[C@H](O)C[C@H]1c1ccc(Cl)c(Cl)c1)c1ccc2cc(Cl)ccc2n1,,O=C(NCC(=O)N1C[C@H](O)C[C@H]1c1ccc(Cl)c(Cl)c1)c1ccc2cc(Cl)ccc2n1,0.3571576476097107,0.25759447,0.49520308,3.161181409076307,-8.96
O=C(NCC(=O)N1CCCC1c1ccc(F)cc1)c1ccc2cc(Cl)ccc2n1,,O=C(NCC(=O)N1CCCC1c1ccc(F)cc1)c1ccc2cc(Cl)ccc2n1,0.30994081497192383,0.20179963,0.47603315,2.611233794108797,-8.8
O=C(NCC(=O)N1C[C@H](O)C[C@H]1C1CCCCC1)c1ccc2cc(Cl)ccc2n1,,O=C(NCC(=O)N1C[C@H](O)C[C@H]1C1CCCCC1)c1ccc2cc(Cl)ccc2n1,0.3489278554916382,0.25901398,0.47005433,3.1740528312072085,-8.75
CC(C)NC(=O)CNC(=O)c1ccc2cc(Cl)ccc2n1,,CC(C)NC(=O)CNC(=O)c1ccc2cc(Cl)ccc2n1,0.21065299212932587,0.1485989,0.29862052,1.9675255832968919,-7.22
C[C@@H](NC(=O)CNC(=O)c1ccc2ccccc2n1)C1CCCCC1,,C[C@@H](NC(=O)CNC(=O)c1ccc2ccccc2n1)C1CCCCC1,0.31387826800346375,0.19424392,0.5071951,2.528575460942154,-9.06
COc1ccccc1[C@H](C)NC(=O)CNC(=O)c1ccc2cc(Cl)ccc2n1,,COc1ccccc1[C@H](C)NC(=O)CNC(=O)c1ccc2cc(Cl)ccc2n1,0.28803393244743347,0.19097519,0.43442047,2.4920603721545636,-8.45
CN(CCNC(=O)c1ccc2cc(Cl)ccc2n1)CC(=O)N[C@H]1CCCC[C@H]1c1ccccc1,,CN(CCNC(=O)c1ccc2cc(Cl)ccc2n1)CC(=O)N[C@H]1CCCC[C@H]1c1ccccc1,0.37878212332725525,0.25106764,0.57146317,3.101392782631404,-9.6
O=C(NCC(=O)N1C[C@H](O)C[C@H]1COc1ccccc1)c1ccc2cc(F)ccc2n1,,O=C(NCC(=O)N1C[C@H](O)C[C@H]1COc1ccccc1)c1ccc2cc(F)ccc2n1,0.34205570816993713,0.24828064,0.47124946,3.075548517829623,-8.76
O=C(NCC(=O)N1C[C@H](O)C[C@H]1CN1CCCC1)c1cnc2ccccc2n1,,O=C(NCC(=O)N1C[C@H](O)C[C@H]1CN1CCCC1)c1cnc2ccccc2n1,0.33182281255722046,0.2576416,0.42736256,3.161609623847152,-8.39
O=C(NCC(=O)N1CCC[C@H]1c1ccccc1)c1cnc2ccccc2n1,,O=C(NCC(=O)N1CCC[C@H]1c1ccccc1)c1cnc2ccccc2n1,0.301292359828949,0.19410707,0.46766502,2.527056296632745,-8.73
CN(CC(=O)N1CCC[C@H]1c1ncc(F)cn1)C(=O)CNC(=O)c1ccc2ccccc2n1,,CN(CC(=O)N1CCC[C@H]1c1ncc(F)cn1)C(=O)CNC(=O)c1ccc2ccccc2n1,0.3380500376224518,0.25009722,0.45693356,3.092415474746284,-8.64
O=C(NCC(=O)N1C[C@H](O)C[C@H]1Cn1cccn1)c1ccc2cc(F)ccc2n1,,O=C(NCC(=O)N1C[C@H](O)C[C@H]1Cn1cccn1)c1ccc2cc(F)ccc2n1,0.35314276814460754,0.27579916,0.4521762,3.3229356857021113,-8.6
O=C(NCC(=O)N1CCCCC1c1cccc(Cl)c1)c1ccc2cc(Cl)ccc2n1,,O=C(NCC(=O)N1CCCCC1c1cccc(Cl)c1)c1ccc2cc(Cl)ccc2n1,0.3331975042819977,0.20716041,0.535916,2.668486227092254,-9.3
O=C(NCC(=O)N1CCC[C@H]1CO)c1ccc2cc(Cl)ccc2n1,,O=C(NCC(=O)N1CCC[C@H]1CO)c1ccc2cc(Cl)ccc2n1,0.25003132224082947,0.20381999,0.30671996,2.632942209751006,-7.3
O=C(NCC(=O)N1C[C@@H](O)[C@@H](O)C1)c1ccc2cc(Cl)ccc2n1,,O=C(NCC(=O)N1C[C@@H](O)[C@@H](O)C1)c1ccc2cc(Cl)ccc2n1,0.3057919144630432,0.24458118,0.38232177,3.040940764026658,-8.0
CC(C)CNC(=O)CNC(=O)c1ccc2cc(Cl)ccc2n1,,CC(C)CNC(=O)CNC(=O)c1ccc2cc(Cl)ccc2n1,0.23015961050987244,0.15133113,0.3500499,2.004759927174147,-7.71
O=C(NCC(=O)N1CC[C@@H](c2ccccc2)C1)c1ccc2ccccc2n1,,O=C(NCC(=O)N1CC[C@@H](c2ccccc2)C1)c1ccc2ccccc2n1,0.3146827220916748,0.18813238,0.5263593,2.4599129665451116,-9.22
COc1ccc2ccc(C(=O)NCC(=O)N3CC[C@H](O)C3)nc2c1,,COc1ccc2ccc(C(=O)NCC(=O)N3CC[C@H](O)C3)nc2c1,0.23513942956924438,0.20099884,0.27507895,2.6025845174433133,-6.98
O=C(NCC(=O)N1CCCCC1c1cccc(O)c1)c1ccc2ccccc2n1,,O=C(NCC(=O)N1CCCCC1c1cccc(O)c1)c1ccc2ccccc2n1,0.32796162366867065,0.20342073,0.52875054,2.628664695737287,-9.24
CN(CCCNC(=O)CNC(=O)c1ccc2cc(Cl)ccc2n1)C1CCCCC1,,CN(CCCNC(=O)CNC(=O)c1ccc2cc(Cl)ccc2n1)C1CCCCC1,0.2753697335720062,0.17407843,0.4355995,2.295224699093051,-8.46
O=C(NCC(=O)N1CCCC[C@H]1c1ncc[nH]1)c1ccc2cc(F)ccc2n1,,O=C(NCC(=O)N1CCCC[C@H]1c1ncc[nH]1)c1ccc2cc(F)ccc2n1,0.30316731333732605,0.23481019,0.39142436,2.947790957462363,-8.08
CC(C)C[C@H](NC(=O)CNC(=O)c1ccc2cc(F)ccc2n1)c1ccccc1,,CC(C)C[C@H](NC(=O)CNC(=O)c1ccc2cc(F)ccc2n1)c1ccccc1,0.3189573585987091,0.1982385,0.51318884,2.5725713695512784,-9.11
O=C(NCC(=O)N1CCCCC1c1ccc(Br)cc1)c1ccc2ccccc2n1,,O=C(NCC(=O)N1CCCCC1c1ccc(Br)cc1)c1ccc2ccccc2n1,0.3173137605190277,0.1985193,0.5071951,2.5756388715614627,-9.06
O=C(NCC(=O)N1CCCC[C@H]1CO)c1ccc2ccccc2n1,,O=C(NCC(=O)N1CCCC[C@H]1CO)c1ccc2ccccc2n1,0.27192556858062744,0.19513817,0.37892902,2.538483700996334,-7.97
O=C(NCC(=O)N1CCCC[C@H]1Cn1cccn1)c1ccc2cc(Cl)ccc2n1,,O=C(NCC(=O)N1CCCC[C@H]1Cn1cccn1)c1ccc2cc(Cl)ccc2n1,0.3043362498283386,0.2279183,0.40637606,2.8804635968361882,-8.21
O=C(NCC(=O)N1CCCCCC1c1ccc(Cl)cc1)c1ccc2cc(Cl)ccc2n1,,O=C(NCC(=O)N1CCCCCC1c1ccc(Cl)cc1)c1ccc2cc(Cl)ccc2n1,0.23874779045581818,0.2050688,0.27795804,2.646280067520893,-7.01
COc1ccccc1NC(=O)CNC(=O)c1ccc2cc(Cl)ccc2n1,,COc1ccccc1NC(=O)CNC(=O)c1ccc2cc(Cl)ccc2n1,0.25560837984085083,0.14373577,0.45455378,1.899828242062414,-8.62
O=C(NCC(=O)N1CCCCC1c1ccccn1)c1ccc2cc(Cl)ccc2n1,,O=C(NCC(=O)N1CCCCC1c1ccccn1)c1ccc2cc(Cl)ccc2n1,0.32578161358833313,0.21589173,0.491606,2.7594399704625623,-8.93
O=C(NCC(=O)N1C[C@@H](O)C[C@H]1COc1ccccc1)c1ccc2ccccc2n1,,O=C(NCC(=O)N1C[C@@H](O)C[C@H]1COc1ccccc1)c1ccc2ccccc2n1,0.34809020161628723,0.23777172,0.5095929,2.9763008098301373,-9.08
N#C[C@H]1CCC[C@H]1NC(=O)CNC(=O)c1ccc2cc(F)ccc2n1,,N#C[C@H]1CCC[C@H]1NC(=O)CNC(=O)c1ccc2cc(F)ccc2n1,0.28270307183265686,0.2512817,0.31805354,3.103369939894659,-7.41
O=C(NCC(=O)N1CCC[C@H]1c1c[nH]cn1)c1ccc2cc(Cl)ccc2n1,,O=C(NCC(=O)N1CCC[C@H]1c1c[nH]cn1)c1ccc2cc(Cl)ccc2n1,0.31724974513053894,0.2548953,0.39485782,3.1365781451834156,-8.11
N#Cc1ccccc1NC(=O)CNC(=O)c1ccc2ccccc2n1,,N#Cc1ccccc1NC(=O)CNC(=O)c1ccc2ccccc2n1,0.2656286954879761,0.14822203,0.47603315,1.962345466945873,-8.8
O=C(NCC(=O)N1CCCC1C1CCOCC1)c1ccc2ccc(F)cc2n1,,O=C(NCC(=O)N1CCCC1C1CCOCC1)c1ccc2ccc(F)cc2n1,0.31108149886131287,0.22831897,0.42384434,2.884416598488004,-8.36
O=C(NCC(=O)N1C[C@@H](F)C[C@H]1COCc1ccccc1)c1ccc2cc(Cl)ccc2n1,,O=C(NCC(=O)N1C[C@@H](F)C[C@H]1COCc1ccccc1)c1ccc2cc(Cl)ccc2n1,0.36348527669906616,0.26049453,0.5071951,3.187429131873996,-9.06
N[C@@H]1CCN(C(=O)CNC(=O)c2ccc3ccccc3n2)[C@H]1c1ccccc1,,N[C@@H]1CCN(C(=O)CNC(=O)c2ccc3ccccc3n2)[C@H]1c1ccccc1,0.33931368589401245,0.23767611,0.48441458,2.975383982821512,-8.87
O=C(NCC(=O)N1CCCCC1c1ccc(O)cc1)c1ccc2cc(Cl)ccc2n1,,O=C(NCC(=O)N1CCCCC1c1ccc(O)cc1)c1ccc2cc(Cl)ccc2n1,0.3342705965042114,0.20849694,0.535916,2.6825883737827727,-9.3
O=C(NCC(=O)N1CCC[C@H]1CNc1ccc(Cl)cc1)c1ccc2cc(F)ccc2n1,,O=C(NCC(=O)N1CCC[C@H]1CNc1ccc(Cl)cc1)c1ccc2cc(F)ccc2n1,0.32582932710647583,0.21438627,0.49520308,2.7439514590507095,-8.96
O=C(NCC(=O)N1C[C@@H](O)[C@@H](O)C1)c1ccc2cc(F)ccc2n1,,O=C(NCC(=O)N1C[C@@H](O)[C@@H](O)C1)c1ccc2cc(F)ccc2n1,0.29994717240333557,0.24616536,0.36547917,3.0558036802149466,-7.85
O=C(NCC(=O)N1CCC[C@H]1CO)c1ccc2ccc(F)cc2n1,,O=C(NCC(=O)N1CCC[C@H]1CO)c1ccc2ccc(F)cc2n1,0.21904392540454865,0.20640104,0.23246121,2.6604431147283822,-6.51
O=C(NCC(=O)N1CCCC1c1ncc[nH]1)c1ccc2cc(Cl)ccc2n1,,O=C(NCC(=O)N1CCCC1c1ncc[nH]1)c1ccc2cc(Cl)ccc2n1,0.31094640493392944,0.2332627,0.41450125,2.932794713230752,-8.28
O=C(NCC(=O)N1CCCCC1c1ccc(O)cc1)c1ccc2cc(F)ccc2n1,,O=C(NCC(=O)N1CCCCC1c1ccc(O)cc1)c1ccc2cc(F)ccc2n1,0.31824791431427,0.20959908,0.48321658,2.694167622441091,-8.86
O=C(NCC(=O)N1CCCCC1c1c[nH]cn1)c1ccc2ccccc2n1,,O=C(NCC(=O)N1CCCCC1c1c[nH]cn1)c1ccc2ccccc2n1,0.3180507719516754,0.24542086,0.41217488,3.048826695853778,-8.26
CSCCC[C@H](NC(=O)CNC(=O)c1ccc2ccccc2n1)c1ccccc1,,CSCCC[C@H](NC(=O)CNC(=O)c1ccc2ccccc2n1)c1ccccc1,0.3112585246562958,0.20403196,0.47483677,2.6352103001328917,-8.79
O=C(NCC(=O)N1CCCCC1c1cccc(Cl)c1)c1ccc2cc(F)ccc2n1,,O=C(NCC(=O)N1CCCCC1c1cccc(Cl)c1)c1ccc2cc(F)ccc2n1,0.3355615735054016,0.20825733,0.5406848,2.680065475750572,-9.34
O=C(NCC(=O)N1C[C@H](O)C[C@H]1CO)c1ccc2cc(Cl)ccc2n1,,O=C(NCC(=O)N1C[C@H](O)C[C@H]1CO)c1ccc2cc(Cl)ccc2n1,0.2684760093688965,0.25140586,0.28670526,3.104516050403868,-7.1
O=C(NCC(=O)N1C[C@H](O)C[C@H]1CN1CCCC1)c1ccc2cc(Cl)ccc2n1,,O=C(NCC(=O)N1C[C@H](O)C[C@H]1CN1CCCC1)c1ccc2cc(Cl)ccc2n1,0.3051597774028778,0.2587203,0.35993505,3.1713937023842256,-7.8
O=C(NCC(=O)N1CCCC[C@H]1c1ncc[nH]1)c1ccc2cc(Cl)ccc2n1,,O=C(NCC(=O)N1CCCC[C@H]1c1ncc[nH]1)c1ccc2cc(Cl)ccc2n1,0.2952643930912018,0.23354101,0.3733009,2.9354969403683455,-7.92
O=C(NCC(=O)N1CCC[C@H]1COCc1ccccc1)c1ccc2cc(F)ccc2n1,,O=C(NCC(=O)N1CCC[C@H]1COCc1ccccc1)c1ccc2cc(F)ccc2n1,0.3153359889984131,0.21100669,0.47124946,2.7088913899063716,-8.76
O=C(NCC(=O)N1C[C@@H](F)C[C@H]1Cc1ccccc1)c1ccc2ccccc2n1,,O=C(NCC(=O)N1C[C@@H](F)C[C@H]1Cc1ccccc1)c1ccc2ccccc2n1,0.3595004677772522,0.24169646,0.5347227,3.0137091862979,-9.29
CN(C)C(=O)[C@@H]1CCCN1C(=O)CNC(=O)c1ccc2cc(Cl)ccc2n1,,CN(C)C(=O)[C@@H]1CCCN1C(=O)CNC(=O)c1ccc2cc(Cl)ccc2n1,0.28672170639038086,0.21250236,0.38686317,2.7244579558343034,-8.04
O=C(NCC(=O)N1CC[C@H](F)[C@H]1COc1ccccc1)c1ccc2cc(Cl)ccc2n1,,O=C(NCC(=O)N1CC[C@H](F)[C@H]1COc1ccccc1)c1ccc2cc(Cl)ccc2n1,0.3488495349884033,0.26633185,0.45693356,3.239693893801965,-8.64
O=C(NCC(=O)N1CCCC[C@@H]1c1c[nH]c(Cl)c1)c1ccc2cc(Cl)ccc2n1,,O=C(NCC(=O)N1CCCC[C@@H]1c1c[nH]c(Cl)c1)c1ccc2cc(Cl)ccc2n1,0.35437652468681335,0.25670606,0.48920828,3.1531021907723726,-8.91
O=C(NCC(=O)N1CCC[C@H]1COc1ccc(Cl)cc1)c1ccc2cc(Cl)ccc2n1,,O=C(NCC(=O)N1CCC[C@H]1COc1ccc(Cl)cc1)c1ccc2cc(Cl)ccc2n1,0.286817342042923,0.20955412,0.39256775,2.6936961435796647,-8.09
O=C(NCC(=O)N1CCCCC1c1ccncc1)c1ccc2cc(F)ccc2n1,,O=C(NCC(=O)N1CCCCC1c1ccncc1)c1ccc2cc(F)ccc2n1,0.32132089138031006,0.21473074,0.48082125,2.747502607825199,-8.84
O=C(NCC(=O)N1CCCC1C1CCCCC1)c1ccc2ccccc2n1,,O=C(NCC(=O)N1CCCC1C1CCCCC1)c1ccc2ccccc2n1,0.335185170173645,0.2037575,0.55138624,2.6322730444418987,-9.43
O=C(NCC(=O)N1CCCCC1c1ccc(C(F)(F)F)cc1)c1ccc2ccccc2n1,,O=C(NCC(=O)N1CCCCC1c1ccc(C(F)(F)F)cc1)c1ccc2ccccc2n1,0.30056414008140564,0.20908621,0.43206477,2.688785185251051,-8.43
CSCC[C@H](N)C(=O)NC(=O)CNC(=O)c1ccc2cc(Cl)ccc2n1,,CSCC[C@H](N)C(=O)NC(=O)CNC(=O)c1ccc2cc(Cl)ccc2n1,0.27459433674812317,0.22088088,0.34136975,2.810217175767635,-7.63
O=C(NCC(=O)N1CCCCC1C1CCCCC1)c1ccc2cc(F)ccc2n1,,O=C(NCC(=O)N1CCCCC1C1CCCCC1)c1ccc2cc(F)ccc2n1,0.326255738735199,0.2149478,0.49520308,2.7497377726603656,-8.96
O=C(NCC(=O)N1C[C@H](O)C[C@H]1Cn1ccnc1)c1ccc2ccccc2n1,,O=C(NCC(=O)N1C[C@H](O)C[C@H]1Cn1ccnc1)c1ccc2ccccc2n1,0.33305129408836365,0.27064186,0.40985227,3.2778164614539893,-8.24
O=C(NCC(=O)N1CCC[C@@H]1c1ncco1)c1ccc2cc(Cl)ccc2n1,,O=C(NCC(=O)N1CCC[C@@H]1c1ncco1)c1ccc2cc(Cl)ccc2n1,0.2911406457424164,0.23477367,0.3610409,2.947437908497024,-7.81
Cc1ccccc1[C@H](C)NC(=O)CNC(=O)c1ccc2ccccc2n1,,Cc1ccccc1[C@H](C)NC(=O)CNC(=O)c1ccc2ccccc2n1,0.29870790243148804,0.18105829,0.49280488,2.3782618743123347,-8.94
O=C(NCC(=O)N1CCCC1C1CCOCC1)c1ccc2cc(F)ccc2n1,,O=C(NCC(=O)N1CCCC1C1CCOCC1)c1ccc2cc(F)ccc2n1,0.3111933469772339,0.22722615,0.426189,2.8736234360948423,-8.38
O=C(NCC(=O)N1CCCCC1C1CCOCC1)c1ccc2cc(F)ccc2n1,,O=C(NCC(=O)N1CCCCC1C1CCOCC1)c1ccc2cc(F)ccc2n1,0.3347540497779846,0.22794734,0.491606,2.8807504100230013,-8.93
N#C[C@@H]1CCCN1C(=O)CNC(=O)c1ccc2cc(Cl)ccc2n1,,N#C[C@@H]1CCCN1C(=O)CNC(=O)c1ccc2cc(Cl)ccc2n1,0.24768231809139252,0.2169276,0.28279728,2.7700517120134496,-7.06
O=C(NCC(=O)N1CCC[C@H]1COCc1ccccc1)c1ccc2cc(Cl)ccc2n1,,O=C(NCC(=O)N1CCC[C@H]1COCc1ccccc1)c1ccc2cc(Cl)ccc2n1,0.3189074695110321,0.20994823,0.48441458,2.697826774521756,-8.87
O=C(NCC(=O)N1CCC[C@H]1CNC1CCCC1)c1ccc2cc(F)ccc2n1,,O=C(NCC(=O)N1CCC[C@H]1CNC1CCCC1)c1ccc2cc(F)ccc2n1,0.3362365961074829,0.22237684,0.508394,2.8252817287043204,-9.07
O=C(NCC(=O)N1CCC[C@H]1c1cnc(Cl)cn1)c1ccc2ccccc2n1,,O=C(NCC(=O)N1CCC[C@H]1c1cnc(Cl)cn1)c1ccc2ccccc2n1,0.32677534222602844,0.2373988,0.4498006,2.9727242907956963,-8.58
O=C(NCC(=O)N1CCC[C@@H]1CNCc1ccc(Cl)cc1)c1ccc2cc(Cl)ccc2n1,,O=C(NCC(=O)N1CCC[C@@H]1CNCc1ccc(Cl)cc1)c1ccc2cc(Cl)ccc2n1,0.3143942654132843,0.21519813,0.45931518,2.752313809970813,-8.66
COc1ccccc1NC(=O)CNC(=O)c1ccc2ccccc2n1,,COc1ccccc1NC(=O)CNC(=O)c1ccc2ccccc2n1,0.24916169047355652,0.13622041,0.45574337,1.7913570054074128,-8.63
O=C(NCC(=O)N1CCCC[C@H]1CNC1CCCC1)c1ccc2cc(Cl)ccc2n1,,O=C(NCC(=O)N1CCCC[C@H]1CNC1CCCC1)c1ccc2cc(Cl)ccc2n1,0.3377764821052551,0.22232156,0.51318884,2.824726175275588,-9.11
O=C(NCC(=O)N1C[C@H](O)[C@@H](O)[C@H]1C1CCCCC1)c1ccc2cc(Cl)ccc2n1,,O=C(NCC(=O)N1C[C@H](O)[C@@H](O)[C@H]1C1CCCCC1)c1ccc2cc(Cl)ccc2n1,0.37344130873680115,0.29744178,0.4688595,3.5068785456176323,-8.74
O=C(NCC(=O)N1CCC[C@H]1c1csc(-c2ccccc2)n1)c1ccc2cc(F)ccc2n1,,O=C(NCC(=O)N1CCC[C@H]1c1csc(-c2ccccc2)n1)c1ccc2cc(F)ccc2n1,0.3557526171207428,0.23102301,0.54782385,2.910967674009786,-9.4
O=C(NCC(=O)N1CCCC1c1ccc(F)cc1)c1ccc2ccccc2n1,,O=C(NCC(=O)N1CCCC1c1ccc(F)cc1)c1ccc2ccccc2n1,0.31368598341941833,0.19309314,0.5095929,2.51577386344527,-9.08
O=C(NCC(=O)N1CCCC[C@H]1c1ccccc1)c1ccc2ccc(Cl)cc2n1,,O=C(NCC(=O)N1CCCC[C@H]1c1ccccc1)c1ccc2ccc(Cl)cc2n1,0.3035808503627777,0.19807823,0.46527737,2.570819091341683,-8.71
O=C(NCC(=O)N1CCC[C@@H]1c1c[nH]c2ccccc12)c1ccc2cc(Cl)ccc2n1,,O=C(NCC(=O)N1CCC[C@@H]1c1c[nH]c2ccccc12)c1ccc2cc(Cl)ccc2n1,0.3580634891986847,0.2198498,0.5831684,2.799791389906371,-9.7
CC(C)CNC(=O)CNC(=O)c1ccc2cc(F)ccc2n1,,CC(C)CNC(=O)CNC(=O)c1ccc2cc(F)ccc2n1,0.2224269062280655,0.15254197,0.32432866,2.021084769544892,-7.47
O=C(NCC(=O)N1CCC(F)(F)C1)c1ccc2ccccc2n1,,O=C(NCC(=O)N1CCC(F)(F)C1)c1ccc2ccccc2n1,0.22214077413082123,0.1775323,0.27795804,2.3366342108436555,-7.01
O=C(NCC(=O)N1C[C@H](F)C[C@H]1COc1ccccc1)c1ccc2cc(F)ccc2n1,,O=C(NCC(=O)N1C[C@H](F)C[C@H]1COc1ccccc1)c1ccc2cc(F)ccc2n1,0.35205626487731934,0.25649703,0.48321658,3.1511983017535634,-8.86
O=C(NCC(=O)N1CC[C@H](O)[C@H]1Cc1ccccc1)c1ccc2ccccc2n1,,O=C(NCC(=O)N1CC[C@H](O)[C@H]1Cc1ccccc1)c1ccc2ccccc2n1,0.3579912483692169,0.2396714,0.5347227,2.9944597357484497,-9.29
O=C(NCC(=O)N1CCCC1c1cccc(Cl)c1)c1ccc2cc(Cl)ccc2n1,,O=C(NCC(=O)N1CCCC1c1cccc(Cl)c1)c1ccc2cc(Cl)ccc2n1,0.3270801305770874,0.20558472,0.5203762,2.651772997074504,-9.17
O=C(NCC(=O)N1CC[C@H](O)[C@H]1CO)c1ccc2cc(Cl)ccc2n1,,O=C(NCC(=O)N1CC[C@H](O)[C@H]1CO)c1ccc2cc(Cl)ccc2n1,0.2796688973903656,0.2610408,0.2996263,3.1923520943599115,-7.23
CS(=O)(=O)N1C[C@H](O)C[C@H]1C(=O)CNC(=O)c1ccc2cc(Cl)ccc2n1,,CS(=O)(=O)N1C[C@H](O)C[C@H]1C(=O)CNC(=O)c1ccc2cc(Cl)ccc2n1,0.3382149636745453,0.27831078,0.41101313,3.3447192168136866,-8.25
Cc1ccccc1[C@H](C)NC(=O)CNC(=O)c1ccc2cc(Cl)ccc2n1,,Cc1ccccc1[C@H](C)NC(=O)CNC(=O)c1ccc2cc(Cl)ccc2n1,0.29234999418258667,0.1900142,0.4498006,2.481234498344426,-8.58
N#Cc1ccccc1[C@H]1CCCN1C(=O)CNC(=O)c1ccc2cc(Cl)ccc2n1,,N#Cc1ccccc1[C@H]1CCCN1C(=O)CNC(=O)c1ccc2cc(Cl)ccc2n1,0.3359639346599579,0.2225411,0.5071951,2.8269313075931493,-9.06
CC(NC(=O)CNC(=O)c1ccc2ccccc2n1)c1ccc(-c2ccc(C(F)(F)F)cc2)cc1,,CC(NC(=O)CNC(=O)c1ccc2ccccc2n1)c1ccc(-c2ccc(C(F)(F)F)cc2)cc1,0.3249664902687073,0.20200695,0.52277017,2.6134688819604346,-9.19
O=C(NCC(=O)N1C[C@H](O)C[C@H]1c1ccccc1)c1cnc2ccccc2n1,,O=C(NCC(=O)N1C[C@H](O)C[C@H]1c1ccccc1)c1cnc2ccccc2n1,0.3276903033256531,0.23936167,0.4486137,2.99150535034288,-8.57
O=C(NCC(=O)N1CCC[C@H]1c1cnc(Cl)c(Cl)c1)c1ccc2cc(F)ccc2n1,,O=C(NCC(=O)N1CCC[C@H]1c1cnc(Cl)c(Cl)c1)c1ccc2cc(F)ccc2n1,0.3403366208076477,0.232215,0.4988007,2.9226026240195413,-8.99
O=C(NCC(=O)N1CC[C@H](S(=O)(=O)C2CCCC2)C1)c1ccc2ccccc2n1,,O=C(NCC(=O)N1CC[C@H](S(=O)(=O)C2CCCC2)C1)c1ccc2ccccc2n1,0.35114291310310364,0.2425311,0.508394,3.0216104391505,-9.07
O=C(NCC(=O)N1CCCCC1c1ccccc1Cl)c1ccc2ccccc2n1,,O=C(NCC(=O)N1CCCCC1c1ccccc1Cl)c1ccc2ccccc2n1,0.3207235634326935,0.19812754,0.51917875,2.571358102330695,-9.16
O=C(NCC(=O)N1C[C@H](O)C[C@H]1CSc1ccccc1)c1ccc2ccccc2n1,,O=C(NCC(=O)N1C[C@H](O)C[C@H]1CSc1ccccc1)c1ccc2ccccc2n1,0.3661012053489685,0.25234395,0.5311405,3.1131644703075914,-9.26
CN(C)C(=O)CNC(=O)CNC(=O)c1ccc2cc(F)ccc2n1,,CN(C)C(=O)CNC(=O)CNC(=O)c1ccc2cc(F)ccc2n1,0.23885492980480194,0.16247462,0.3511421,2.1511502865075016,-7.72
O=C(NCC(=O)N1C[C@H](O)C[C@H]1C1CC1)c1ccc2cc(Cl)ccc2n1,,O=C(NCC(=O)N1C[C@H](O)C[C@H]1C1CC1)c1ccc2cc(Cl)ccc2n1,0.3060511350631714,0.25473353,0.36770695,3.135098328980664,-7.87
O=C(NCC(=O)N1C[C@H](O)C[C@H]1CN1CCCCC1)c1ccc2cc(Cl)ccc2n1,,O=C(NCC(=O)N1C[C@H](O)C[C@H]1CN1CCCCC1)c1ccc2cc(Cl)ccc2n1,0.3743091821670532,0.25970182,0.5394932,3.1802730509010164,-9.33
O=C(NCC(=O)N1CC[C@H](O)C1)c1ccc2ccccc2n1,,O=C(NCC(=O)N1CC[C@H](O)C1)c1ccc2ccccc2n1,0.25115469098091125,0.19137552,0.32960683,2.4965582962379838,-7.52
CSCC[C@@H](NC(=O)CNC(=O)c1ccc2cc(Cl)ccc2n1)c1ccccc1,,CSCC[C@@H](NC(=O)CNC(=O)c1ccc2cc(Cl)ccc2n1)c1ccccc1,0.29152292013168335,0.20503102,0.41450125,2.6458775383163946,-8.28
O=C(NCC(=O)N1CC[C@H](O)[C@H]1COc1ccccc1)c1ccc2cc(Cl)ccc2n1,,O=C(NCC(=O)N1CC[C@H](O)[C@H]1COc1ccccc1)c1ccc2cc(Cl)ccc2n1,0.3405420184135437,0.25714394,0.4509881,3.1570868065072375,-8.59
O=C(NCC(=O)N1CCC[C@@H]1c1ncc[nH]1)c1ccc2cc(F)ccc2n1,,O=C(NCC(=O)N1CCC[C@@H]1c1ncc[nH]1)c1ccc2cc(F)ccc2n1,0.31138497591018677,0.23457967,0.41333765,2.945561577136079,-8.27
O=C(NCC(=O)N1CCCC[C@H]1COCc1ccccc1)c1ccc2cc(F)ccc2n1,,O=C(NCC(=O)N1CCCC[C@H]1COCc1ccccc1)c1ccc2cc(F)ccc2n1,0.32144230604171753,0.2127727,0.4856128,2.727263324481548,-8.88
O=C(NCC(=O)N1CCCC[C@H]1c1c[nH]cn1)c1ccc2cc(F)ccc2n1,,O=C(NCC(=O)N1CCCC[C@H]1c1c[nH]cn1)c1ccc2cc(F)ccc2n1,0.3205201029777527,0.2557105,0.40175563,3.144026854898261,-8.17
C[C@H](NC(=O)CNC(=O)c1ccc2ccccc2n1)c1ccc(Cl)cc1,,C[C@H](NC(=O)CNC(=O)c1ccc2ccccc2n1)c1ccc(Cl)cc1,0.28985753655433655,0.17738636,0.47364062,2.3348972173476774,-8.78
N#Cc1ccccc1CNC(=O)CNC(=O)c1ccc2ccccc2n1,,N#Cc1ccccc1CNC(=O)CNC(=O)c1ccc2ccccc2n1,0.29609519243240356,0.15533715,0.56440043,2.058367951002122,-9.54
O=C(NCC(=O)N1CCC[C@@H]1c1c[nH]cn1)c1ccc2ccccc2n1,,O=C(NCC(=O)N1CCC[C@@H]1c1c[nH]cn1)c1ccc2ccccc2n1,0.3169758915901184,0.2458419,0.40869248,3.052774058358727,-8.23
O=C(NCC(=O)N1CCCCC1c1ccc(O)cc1)c1ccc2ccccc2n1,,O=C(NCC(=O)N1CCCCC1c1ccc(O)cc1)c1ccc2ccccc2n1,0.3164912760257721,0.19985412,0.50119925,2.590175684748276,-9.01
O=C(NCC(=O)N1CCCC[C@H]1CNCc1ccccc1)c1ccc2cc(Cl)ccc2n1,,O=C(NCC(=O)N1CCCC[C@H]1CNCc1ccccc1)c1ccc2cc(Cl)ccc2n1,0.33767300844192505,0.21088639,0.5406848,2.7076360291961876,-9.34
O=C(NCC(=O)N1CCCCCC1c1ccccc1)c1ccc2cc(F)ccc2n1,,O=C(NCC(=O)N1CCCCCC1c1ccccc1)c1ccc2cc(F)ccc2n1,0.2381073236465454,0.20047967,0.28279728,2.5969633105541003,-7.06
O=C(NCC(=O)N1CCCC1)c1ccc2ccccc2n1,,O=C(NCC(=O)N1CCCC1)c1ccc2ccccc2n1,0.20959895849227905,0.1418119,0.30978864,1.8725210479227101,-7.33
O=C(NCC(=O)N1CCCC[C@H]1COCc1ccccc1)c1ccc2ccccc2n1,,O=C(NCC(=O)N1CCCC[C@H]1COCc1ccccc1)c1ccc2ccccc2n1,0.3211442232131958,0.2033411,0.5071951,2.627811001064444,-9.06
N#Cc1ccccc1NC(=O)CNC(=O)CNC(=O)c1ccc2cc(Cl)ccc2n1,,N#Cc1ccccc1NC(=O)CNC(=O)CNC(=O)c1ccc2cc(Cl)ccc2n1,0.2879002094268799,0.16657212,0.49760145,2.202937381154481,-8.98
C[C@H](NC(=O)CNC(=O)c1ccc2ccccc2n1)c1cccc2ccccc12,,C[C@H](NC(=O)CNC(=O)c1ccc2ccccc2n1)c1cccc2ccccc12,0.34081485867500305,0.18567649,0.6255761,2.431839970462562,-10.07
O=C(NCC(=O)N1CCCC1C1CCCC1)c1ccc2cc(Cl)ccc2n1,,O=C(NCC(=O)N1CCCC1C1CCCC1)c1ccc2cc(Cl)ccc2n1,0.3207785189151764,0.21137322,0.48681116,2.712713648141996,-8.89
O=C(NCC(=O)N1C[C@H](O)C[C@H]1C1CCOCC1)c1ccc2cc(F)ccc2n1,,O=C(NCC(=O)N1C[C@H](O)C[C@H]1C1CCOCC1)c1ccc2cc(F)ccc2n1,0.3458300828933716,0.27530572,0.43442047,3.318641709798497,-8.45
O=C(NCC(=O)N1CCCC[C@H]1Cc1ccccc1)c1ccc2cc(F)ccc2n1,,O=C(NCC(=O)N1CCCC[C@H]1Cc1ccccc1)c1ccc2cc(F)ccc2n1,0.3357970714569092,0.20319131,0.5549434,2.6262041593604675,-9.46
O=C(NCC(=O)N1C[C@H](O)C[C@H]1COC1CCCCC1)c1ccc2cc(F)ccc2n1,,O=C(NCC(=O)N1C[C@H](O)C[C@H]1COC1CCCCC1)c1ccc2cc(F)ccc2n1,0.34678107500076294,0.27311134,0.44032264,3.2994874979506266,-8.5
CCC[C@H](NC(=O)CNC(=O)c1ccc2ccccc2n1)c1ccccc1,,CCC[C@H](NC(=O)CNC(=O)c1ccc2ccccc2n1)c1ccccc1,0.30174070596694946,0.1843051,0.49400395,2.416038500213002,-8.95
O=C(NCC(=O)N1CCCC[C@H]1COc1ccccc1)c1ccc2cc(F)ccc2n1,,O=C(NCC(=O)N1CCCC[C@H]1COc1ccccc1)c1ccc2cc(F)ccc2n1,0.31354987621307373,0.20756985,0.47364062,2.672812928367909,-8.78
O=C(NCC(=O)N1CC[C@H](c2ccccc2)C1)c1ccc2cc(Cl)ccc2n1,,O=C(NCC(=O)N1CC[C@H](c2ccccc2)C1)c1ccc2cc(Cl)ccc2n1,0.31522926688194275,0.19685045,0.5047969,2.557360188231595,-9.04
O=C(NCC(=O)N1CCCCC1c1cccc(C(F)(F)F)c1)c1ccc2ccccc2n1,,O=C(NCC(=O)N1CCCCC1c1cccc(C(F)(F)F)c1)c1ccc2ccccc2n1,0.3330235183238983,0.21214803,0.52277017,2.7207774084125074,-9.19
O=C(NCC(=O)N1C[C@H](c2ccccc2)C[C@H]1CO)c1ccc2ccccc2n1,,O=C(NCC(=O)N1C[C@H](c2ccccc2)C[C@H]1CO)c1ccc2ccccc2n1,0.34714198112487793,0.23986444,0.5023986,2.9962992961880097,-9.02
O=C(NCC(=O)N1CCC[C@H]1CNC1CCCC1)c1ccc2cc(Cl)ccc2n1,,O=C(NCC(=O)N1CCC[C@H]1CNC1CCCC1)c1ccc2cc(Cl)ccc2n1,0.30788296461105347,0.221199,0.42853683,2.8134267836493763,-8.4
O=C(NCC(=O)N1CCCC1C1CC1)c1ccc2cc(Cl)ccc2n1,,O=C(NCC(=O)N1CCCC1C1CC1)c1ccc2cc(Cl)ccc2n1,0.2894496023654938,0.2067549,0.40521932,2.6641937437157175,-8.2
C[C@@H](NC(=O)CNC(=O)c1ccc2ccccc2n1)C(N)=O,,C[C@@H](NC(=O)CNC(=O)c1ccc2ccccc2n1)C(N)=O,0.2584630846977234,0.18559785,0.35993505,2.430936138068285,-7.8
O=C(NCC(=O)N1CCC[C@H]1CN1CCCC1)c1ccc2cc(F)ccc2n1,,O=C(NCC(=O)N1CCC[C@H]1CN1CCCC1)c1ccc2cc(F)ccc2n1,0.2975919544696808,0.2142582,0.41333765,2.74263027370168,-8.27
O=C(NCC(=O)N1CCC[C@H]1c1ncccn1)c1ccc2cc(F)ccc2n1,,O=C(NCC(=O)N1CCC[C@H]1c1ncccn1)c1ccc2cc(F)ccc2n1,0.2991810739040375,0.23001742,0.38914144,2.901119162590568,-8.06
CC(C)CNC(=O)c1ccc2cc(F)ccc2n1,,CC(C)CNC(=O)c1ccc2cc(F)ccc2n1,0.17175818979740143,0.14361385,0.20541805,1.8981065029149917,-6.18
CC(C)NC(=O)CNC(=O)c1ccc2ccccc2n1,,CC(C)NC(=O)CNC(=O)c1ccc2ccccc2n1,0.20476877689361572,0.13994183,0.2996263,1.8456789822046247,-7.23
O=C(NCC(=O)N1C[C@H](O)C[C@H]1c1ccccc1)c1ccc2cc(F)ccc2n1,,O=C(NCC(=O)N1C[C@H](O)C[C@H]1c1ccccc1)c1ccc2cc(F)ccc2n1,0.33215731382369995,0.24208465,0.45574337,3.017386102754938,-8.63
O=C(NCC(=O)N1CCCC[C@H]1Cc1ccccc1)c1ccc2cc(Cl)ccc2n1,,O=C(NCC(=O)N1CCCC[C@H]1Cc1ccccc1)c1ccc2cc(Cl)ccc2n1,0.3246903717517853,0.20212659,0.52157336,2.6147580055143127,-9.18
O=C(NCC(=O)N1CCC[C@@H]1COc1ccc(Cl)cc1)c1ccc2cc(F)ccc2n1,,O=C(NCC(=O)N1CCC[C@@H]1COc1ccc(Cl)cc1)c1ccc2cc(F)ccc2n1,0.31902429461479187,0.21062295,0.48321658,2.7048850804854556,-8.86
O=C(NCC(=O)N1CCCCC1)c1ccc2cc(F)ccc2n1,,O=C(NCC(=O)N1CCCCC1)c1ccc2cc(F)ccc2n1,0.21609553694725037,0.15224728,0.30671996,2.017121591155652,-7.3
O=C(NCC(=O)N1CCCC[C@H]1c1ccc(Br)cc1)c1ccc2cc(F)ccc2n1,,O=C(NCC(=O)N1CCCC[C@H]1c1ccc(Br)cc1)c1ccc2cc(F)ccc2n1,0.328433632850647,0.20824821,0.5179811,2.679968874677227,-9.15
COc1ccccc1CNC(=O)CNC(=O)c1ccc2cc(Cl)ccc2n1,,COc1ccccc1CNC(=O)CNC(=O)c1ccc2cc(Cl)ccc2n1,0.24748246371746063,0.14986224,0.40869248,1.9848118759239348,-8.23
CSCC[C@H](NC(=O)CNC(=O)c1ccc2cc(F)ccc2n1)c1ccccc1,,CSCC[C@H](NC(=O)CNC(=O)c1ccc2cc(F)ccc2n1)c1ccccc1,0.3000766336917877,0.20615901,0.43677926,2.657875314034653,-8.47
O=C(NCC(=O)N1CCC[C@H]1COc1ccccc1)c1ccc2cc(Cl)ccc2n1,,O=C(NCC(=O)N1CCC[C@H]1COc1ccccc1)c1ccc2cc(Cl)ccc2n1,0.2974296510219574,0.20474796,0.43206477,2.642859331774261,-8.43
O=C(NCC(=O)N1CCC[C@@H]1c1c[nH]c2ccccc12)c1ccc2cc(F)ccc2n1,,O=C(NCC(=O)N1CCC[C@@H]1c1c[nH]c2ccccc12)c1ccc2cc(F)ccc2n1,0.34601205587387085,0.2209442,0.5418759,2.8108560052909866,-9.35
O=C(NCC(=O)N1C[C@H](O)C[C@H]1c1ncc[nH]1)c1ccc2cc(Cl)ccc2n1,,O=C(NCC(=O)N1C[C@H](O)C[C@H]1c1ncc[nH]1)c1ccc2cc(Cl)ccc2n1,0.3220744729042053,0.2829628,0.36659235,3.3847508204283496,-7.86
O=C(NCC(=O)N1C[C@H](O)C[C@H]1Cn1cccn1)c1ccc2ccccc2n1,,O=C(NCC(=O)N1C[C@H](O)C[C@H]1Cn1cccn1)c1ccc2ccccc2n1,0.32808467745780945,0.26487672,0.40637606,3.2267344101719377,-8.21
O=C(NCC(=O)N1CCC[C@H]1c1c[nH]c(-c2ccccc2)n1)c1ccc2ccccc2n1,,O=C(NCC(=O)N1CCC[C@H]1c1c[nH]c(-c2ccccc2)n1)c1ccc2ccccc2n1,0.37776753306388855,0.24373807,0.5854987,3.0330045841827253,-9.72
O=C(NCC(=O)N1CCCC[C@H]1CNC1CC1)c1ccc2ccccc2n1,,O=C(NCC(=O)N1CCCC[C@H]1CNC1CC1)c1ccc2ccccc2n1,0.2930387258529663,0.21011326,0.40869248,2.699554476544362,-8.23
O=C(NCC(=O)N1C[C@H](O)C[C@H]1C1CCOCC1)c1ccc2cc(Cl)ccc2n1,,O=C(NCC(=O)N1C[C@H](O)C[C@H]1C1CCOCC1)c1ccc2cc(Cl)ccc2n1,0.33601638674736023,0.27392992,0.41217488,3.3066439340802383,-8.26
O=C(NCC(=O)N1CCC[C@H]1c1ncccn1)c1ccc2cc(Cl)ccc2n1,,O=C(NCC(=O)N1CCC[C@H]1c1ncccn1)c1ccc2cc(Cl)ccc2n1,0.29574036598205566,0.22876638,0.38232177,2.8888251454965506,-8.0
O=C(NCC(=O)N1CCCC1c1ccccn1)c1ccc2cc(Br)ccc2n1,,O=C(NCC(=O)N1CCCC1c1ccccn1)c1ccc2cc(Br)ccc2n1,0.323882132768631,0.21871231,0.4796238,2.788249077120483,-8.83
O=C(NCC(=O)N1CCCCCC1c1ccccc1)c1ccc2cc(Cl)ccc2n1,,O=C(NCC(=O)N1CCCCCC1c1ccccc1)c1ccc2cc(Cl)ccc2n1,0.24075326323509216,0.19942564,0.29064536,2.5855171567079474,-7.14
N#Cc1ccccc1[C@H](CNC(=O)CNC(=O)c1ccc2cc(F)ccc2n1)C1CCCC1,,N#Cc1ccccc1[C@H](CNC(=O)CNC(=O)c1ccc2cc(F)ccc2n1)C1CCCC1,0.37765195965766907,0.24653727,0.5784967,3.05928322562922,-9.66
O=C(NCC(=O)N1C[C@H](O)[C@H](O)[C@H]1Cc1ccccc1)c1ccc2ccccc2n1,,O=C(NCC(=O)N1C[C@H](O)[C@H](O)[C@H]1Cc1ccccc1)c1ccc2ccccc2n1,0.3964959979057312,0.27120626,0.5796661,3.2827801745769083,-9.67
O=C(NCC(=O)N1CCCC1c1ccccn1)c1ccc2cc(Cl)ccc2n1,,O=C(NCC(=O)N1CCCC1c1ccccn1)c1ccc2cc(Cl)ccc2n1,0.32094353437423706,0.21476154,0.4796238,2.747820017291424,-8.83
O=C(NCC(=O)N1CCC[C@H]1COCc1ccccc1)c1ccc2ccccc2n1,,O=C(NCC(=O)N1CCC[C@H]1COCc1ccccc1)c1ccc2ccccc2n1,0.3123985528945923,0.20146556,0.48441458,2.6076285022589474,-8.87
O=C(NCC(=O)N1CCC[C@@H]1Cc1ccccc1)c1ccc2ccccc2n1,,O=C(NCC(=O)N1CCC[C@@H]1Cc1ccccc1)c1ccc2ccccc2n1,0.3227085769176483,0.19176441,0.5430665,2.500920371679582,-9.36
O=C(NCC(=O)N1C[C@H](O)C[C@H]1C1CCOCC1)c1ccc2ccc(F)cc2n1,,O=C(NCC(=O)N1C[C@H](O)C[C@H]1C1CCOCC1)c1ccc2ccc(F)cc2n1,0.3437630832195282,0.2765171,0.42736256,3.329174795989414,-8.39
O=C(NCC(=O)N1CCC[C@H]1c1cnc[nH]1)c1ccc2cc(Cl)ccc2n1,,O=C(NCC(=O)N1CCC[C@H]1c1cnc[nH]1)c1ccc2cc(Cl)ccc2n1,0.3124813735485077,0.23959881,0.40753382,2.9937674942958417,-8.22
O=C(NCC(=O)N1CCC[C@@H]1c1cc(-c2ccccn2)cs1)c1ccc2cc(F)ccc2n1,,O=C(NCC(=O)N1CCC[C@@H]1c1cc(-c2ccccn2)cs1)c1ccc2cc(F)ccc2n1,0.3677540123462677,0.24794927,0.5454463,3.072462866317478,-9.38
O=C(NCC(=O)N1CCCCC1c1ccncc1)c1ccc2cc(Cl)ccc2n1,,O=C(NCC(=O)N1CCCCC1c1ccncc1)c1ccc2cc(Cl)ccc2n1,0.31158411502838135,0.2135823,0.45455378,2.735647662770255,-8.62
O=C(NCC(=O)N1CCCC1c1cccc(F)c1)c1ccc2ccccc2n1,,O=C(NCC(=O)N1CCCC1c1cccc(F)c1)c1ccc2ccccc2n1,0.30971193313598633,0.19752668,0.4856128,2.5647807010521078,-8.88
O=C(NCC(=O)N1C[C@H](O)C[C@H]1CN1CCCCC1)c1ccc2ccccc2n1,,O=C(NCC(=O)N1C[C@H](O)C[C@H]1CN1CCCCC1)c1ccc2ccccc2n1,0.34079426527023315,0.250258,0.46408403,3.0939047906935055,-8.7
CN(CCCN=C(O)CNC(=O)c1ccc2cc(F)ccc2n1)Cc1ccccc1,,CN(CCCN=C(O)CNC(=O)c1ccc2cc(F)ccc2n1)Cc1ccccc1,0.2734871804714203,0.1927704,0.38800168,2.512173138283808,-8.05
O=C(NCC(=O)N1CC[C@H](c2cccnc2)C1)c1ccc2cc(F)ccc2n1,,O=C(NCC(=O)N1CC[C@H](c2cccnc2)C1)c1ccc2cc(F)ccc2n1,0.31720858812332153,0.2140631,0.47005433,2.740616598488005,-8.75
O=C(NCC(=O)N1CC[C@H](c2ccccc2)C1)c1ccc2cc(F)ccc2n1,,O=C(NCC(=O)N1CC[C@H](c2ccccc2)C1)c1ccc2cc(F)ccc2n1,0.3108249306678772,0.19797176,0.48800963,2.5696542053256124,-8.9
O=C(NCC(=O)N1CCC[C@H]1CNCc1ccccc1)c1ccc2cc(F)ccc2n1,,O=C(NCC(=O)N1CCC[C@H]1CNCc1ccccc1)c1ccc2cc(F)ccc2n1,0.33143162727355957,0.21012469,0.52277017,2.699674466829448,-9.19
O=C(NCC(=O)N1CCCCCC1)c1ccc2cc(Cl)ccc2n1,,O=C(NCC(=O)N1CCCCCC1)c1ccc2cc(Cl)ccc2n1,0.16594868898391724,0.15233412,0.18078005,2.018290329073631,-5.85
O=C(NCC(=O)N1CCC[C@H]1[C@@H](O)C1CCCC1)c1ccc2cc(F)ccc2n1,,O=C(NCC(=O)N1CCC[C@H]1[C@@H](O)C1CCCC1)c1ccc2cc(F)ccc2n1,0.3563014268875122,0.26803172,0.47364062,3.254775908130286,-8.78
O=C(NCC(=O)N1CCC[C@H]1c1c[nH]cn1)c1ccc2cc(F)ccc2n1,,O=C(NCC(=O)N1CCC[C@H]1c1c[nH]cn1)c1ccc2cc(F)ccc2n1,0.3273076117038727,0.2562936,0.41799825,3.1493450090887416,-8.31
O=C(NCC(=O)N1CCC[C@H]1COc1ccc(Cl)cc1)c1ccc2ccccc2n1,,O=C(NCC(=O)N1CCC[C@H]1COc1ccc(Cl)cc1)c1ccc2ccccc2n1,0.31166020035743713,0.2010115,0.48321658,2.602721400739778,-8.86
O=C(NCC(=O)N1C[C@H](O)C[C@H]1C(=O)N1CCCC1)c1ccc2cc(Cl)ccc2n1,,O=C(NCC(=O)N1C[C@H](O)C[C@H]1C(=O)N1CCCC1)c1ccc2cc(Cl)ccc2n1,0.31112033128738403,0.253179,0.38232177,3.1208446388206195,-8.0
O=C(NCC(=O)N1CCCC1c1ccccn1)c1ccc2ccccc2n1,,O=C(NCC(=O)N1CCCC1c1ccccn1)c1ccc2ccccc2n1,0.3189336359500885,0.20590658,0.49400395,2.655194563429241,-8.95
O=C(NCC(=O)N1C[C@H](O)C[C@H]1COCc1ccccc1)c1ccc2cc(F)ccc2n1,,O=C(NCC(=O)N1C[C@H](O)C[C@H]1COCc1ccccc1)c1ccc2cc(F)ccc2n1,0.3548339009284973,0.25363922,0.49640232,3.1250702689977423,-8.97
O=C(NCC(=O)N1CCC(F)(F)C1)c1ccc2cc(F)ccc2n1,,O=C(NCC(=O)N1CCC(F)(F)C1)c1ccc2cc(F)ccc2n1,0.2190861701965332,0.1872278,0.25636548,2.4496061679395016,-6.78
O=C(NCC(=O)N1CCCC1C1CCCC1)c1ccc2cc(F)ccc2n1,,O=C(NCC(=O)N1CCCC1C1CCCC1)c1ccc2cc(F)ccc2n1,0.32446974515914917,0.21260087,0.49520308,2.725480512047321,-8.96
O=C(NCC(=O)N1CCCCC1c1cccnc1)c1ccc2cc(F)ccc2n1,,O=C(NCC(=O)N1CCCCC1c1cccnc1)c1ccc2cc(F)ccc2n1,0.3109069764614105,0.21321274,0.45336467,2.7318234869460785,-8.61
O=C(NCC(=O)N1CCC[C@H]1c1ccc(Br)cc1)c1ccc2ccccc2n1,,O=C(NCC(=O)N1CCC[C@H]1c1ccc(Br)cc1)c1ccc2ccccc2n1,0.32188037037849426,0.19683695,0.5263593,2.5572114702828763,-9.22
O=C(NCC(=O)N1C[C@H](O)C[C@H]1CN1CC[C@H](F)C1)c1ccc2cc(Cl)ccc2n1,,O=C(NCC(=O)N1C[C@H](O)C[C@H]1CN1CC[C@H](F)C1)c1ccc2cc(Cl)ccc2n1,0.35549402236938477,0.30660772,0.41217488,3.582416645165143,-8.26
O=C(NCC(=O)N1CCCCC1c1cccc(Br)c1)c1ccc2ccccc2n1,,O=C(NCC(=O)N1CCCCC1c1cccc(Br)c1)c1ccc2ccccc2n1,0.35412558913230896,0.20228514,0.6199415,2.616465245187836,-10.02
O=C(NCC(=O)N1CCCCC1C1CCCC1)c1ccc2ccccc2n1,,O=C(NCC(=O)N1CCCCC1C1CCCC1)c1ccc2ccccc2n1,0.3201879560947418,0.20357586,0.5035977,2.6303275721926287,-9.03
O=C(NCC(=O)N1CCCC1C1CCNC1)c1ccc2cc(F)ccc2n1,,O=C(NCC(=O)N1CCCC1C1CCNC1)c1ccc2cc(F)ccc2n1,0.3528628349304199,0.25514287,0.48800963,3.138841781982406,-8.9
O=C(NCC(=O)N1CCC[C@H]1c1c[nH]c(-c2ccccc2)n1)c1ccc2cc(F)ccc2n1,,O=C(NCC(=O)N1CCC[C@H]1c1c[nH]c(-c2ccccc2)n1)c1ccc2cc(F)ccc2n1,0.3753868341445923,0.25338647,0.55612785,3.1227503663174776,-9.47
O=C(NCC(=O)N1CCC[C@H]1c1ncc(Cl)c(Cl)c1Cl)c1ccc2cc(F)ccc2n1,,O=C(NCC(=O)N1CCC[C@H]1c1ncc(Cl)c(Cl)c1Cl)c1ccc2cc(F)ccc2n1,0.35575586557388306,0.25251883,0.50119925,3.1147738832750713,-9.01
O=C(NCC(=O)N1CCCCC1c1ccc(Br)cc1)c1ccc2cc(Cl)ccc2n1,,O=C(NCC(=O)N1CCCCC1c1ccc(Br)cc1)c1ccc2cc(Cl)ccc2n1,0.33869126439094543,0.20715132,0.55375826,2.668389626018909,-9.45
O=C(NCC(=O)N1CCC[C@@H]1c1nc(-c2ccccc2)cs1)c1ccc2cc(F)ccc2n1,,O=C(NCC(=O)N1CCC[C@@H]1c1nc(-c2ccccc2)cs1)c1ccc2cc(F)ccc2n1,0.35220324993133545,0.22353114,0.5549434,2.8368561355482473,-9.46
O=C(NCC(=O)N1CCCC[C@H]1COCc1ccccc1)c1ccc2cc(Cl)ccc2n1,,O=C(NCC(=O)N1CCCC[C@H]1COCc1ccccc1)c1ccc2cc(Cl)ccc2n1,0.33460238575935364,0.21174212,0.52875054,2.716555632173856,-9.24
O=C(NCC(=O)N1C[C@H](O)[C@H](c2ccccc2)C1)c1ccc2ccccc2n1,,O=C(NCC(=O)N1C[C@H](O)[C@H](c2ccccc2)C1)c1ccc2ccccc2n1,0.3400724232196808,0.2307451,0.50119925,2.9082489400864695,-9.01
O=C(NCC(=O)N1C[C@H](O)C[C@H]1Cn1cccn1)c1ccc2cc(Cl)ccc2n1,,O=C(NCC(=O)N1C[C@H](O)C[C@H]1Cn1cccn1)c1ccc2cc(Cl)ccc2n1,0.3582422137260437,0.27442184,0.46766502,3.310937909983852,-8.73
O=C(NCC(=O)N1C[C@@H]([C@H](O)c2ccccc2)[C@@H](O)C1)c1ccc2cc(Cl)ccc2n1,,O=C(NCC(=O)N1C[C@@H]([C@H](O)c2ccccc2)[C@@H](O)C1)c1ccc2cc(Cl)ccc2n1,0.3526889979839325,0.28325656,0.43914086,3.387264915371185,-8.49
CC(C)c1ccccc1NC(=O)CNC(=O)c1ccc2ccccc2n1,,CC(C)c1ccccc1NC(=O)CNC(=O)c1ccc2ccccc2n1,0.27756640315055847,0.14537925,0.5299457,1.922915768049938,-9.25
O=C(NCC(=O)N1CCCC[C@H]1CN1CCCC1)c1ccc2cc(Cl)ccc2n1,,O=C(NCC(=O)N1CCCC[C@H]1CN1CCCC1)c1ccc2cc(Cl)ccc2n1,0.2959116995334625,0.21425337,0.40869248,2.7425806298032214,-8.23
O=C(NCC(=O)N1CCCCC1c1cccc(O)c1)c1ccc2cc(Cl)ccc2n1,,O=C(NCC(=O)N1CCCCC1c1cccc(O)c1)c1ccc2cc(Cl)ccc2n1,0.3225070834159851,0.21209075,0.4904071,2.7201822914929696,-8.92
N[C@@H]1CCN(C(=O)CNC(=O)c2ccc3ccccc3n2)[C@H]1C(=O)NCc1ccccc1,,N[C@@H]1CCN(C(=O)CNC(=O)c2ccc3ccccc3n2)[C@H]1C(=O)NCc1ccccc1,0.38146495819091797,0.25154075,0.5784967,3.10576090444925,-9.66
N#Cc1cccc(NC(=O)CNC(=O)c2ccc3cc(Cl)ccc3n2)c1,,N#Cc1cccc(NC(=O)CNC(=O)c2ccc3cc(Cl)ccc3n2)c1,0.27798935770988464,0.15530117,0.49760145,2.057891443725614,-8.98
CN(C)C(=O)CNC(=O)CNC(=O)c1ccc2ccccc2n1,,CN(C)C(=O)CNC(=O)CNC(=O)c1ccc2ccccc2n1,0.22855505347251892,0.15302299,0.34136975,2.0275404941276793,-7.63
O=C(NCC(=O)N1C[C@H](O)C[C@H]1c1ccccc1)c1ccc2ccc(Cl)cc2n1,,O=C(NCC(=O)N1C[C@H](O)C[C@H]1c1ccccc1)c1ccc2ccc(Cl)cc2n1,0.32569974660873413,0.24156332,0.43914086,3.0124465290756053,-8.49
O=C(NCC(=O)N1CCCCC1Cc1ccncc1)c1ccc2cc(F)ccc2n1,,O=C(NCC(=O)N1CCCCC1Cc1ccncc1)c1ccc2cc(F)ccc2n1,0.3309496343135834,0.2185312,0.50119925,2.7864073423843383,-9.01
O=C(NCC(=O)N1C[C@H](O)C[C@H]1Cc1ccc(Cl)cc1)c1ccc2cc(F)ccc2n1,,O=C(NCC(=O)N1C[C@H](O)C[C@H]1Cc1ccc(Cl)cc1)c1ccc2cc(F)ccc2n1,0.3548315763473511,0.2506087,0.5023986,3.0971500912561964,-9.02
CC(C)CNC(=O)[C@@H]1CCCN1C(=O)CNC(=O)c1ccc2cc(Cl)ccc2n1,,CC(C)CNC(=O)[C@@H]1CCCN1C(=O)CNC(=O)c1ccc2cc(Cl)ccc2n1,0.29193276166915894,0.21152347,0.40290916,2.7142791035516964,-8.18
O=C(NCC(=O)N1CCCC[C@H]1c1ccccc1)c1ccc2c(Cl)cccc2n1,,O=C(NCC(=O)N1CCCC[C@H]1c1ccccc1)c1ccc2c(Cl)cccc2n1,0.3339075744152069,0.19837412,0.5620403,2.5740531572757472,-9.52
O=C(NCC(=O)N1C[C@H](O)C[C@H]1COCc1ccccc1)c1ccc2cc(Cl)ccc2n1,,O=C(NCC(=O)N1C[C@H](O)C[C@H]1COCc1ccccc1)c1ccc2cc(Cl)ccc2n1,0.35186487436294556,0.25246146,0.4904071,3.114246188730185,-8.92
CC1CCC(NC(=O)[C@H]2CCCN2C(=O)CNC(=O)c2ccc3cc(Cl)ccc3n2)CC1,,CC1CCC(NC(=O)[C@H]2CCCN2C(=O)CNC(=O)c2ccc3cc(Cl)ccc3n2)CC1,0.34359604120254517,0.22327776,0.52875054,2.8343189130617024,-9.24
O=C(NCC(=O)N1C[C@H](F)C[C@H]1c1ccccc1)c1ccc2ccccc2n1,,O=C(NCC(=O)N1C[C@H](F)C[C@H]1c1ccccc1)c1ccc2ccccc2n1,0.3400343656539917,0.24047057,0.48082125,3.002069452906982,-8.84
O=C(NCC(=O)N1CCC[C@H]1CNc1ncccn1)c1ccc2ccccc2n1,,O=C(NCC(=O)N1CCC[C@H]1CNc1ncccn1)c1ccc2ccccc2n1,0.30310091376304626,0.22040115,0.4168316,2.8053707073727114,-8.3
O=C(NCC(=O)N1C[C@H](F)C[C@H]1COc1ccc(Cl)cc1)c1ccc2ccccc2n1,,O=C(NCC(=O)N1C[C@H](F)C[C@H]1COc1ccc(Cl)cc1)c1ccc2ccccc2n1,0.32616743445396423,0.2510006,0.42384434,3.100773409791592,-8.36
O=C(NCC(=O)N1CCCCC1c1cccnc1)c1ccc2ccccc2n1,,O=C(NCC(=O)N1CCCCC1c1cccnc1)c1ccc2ccccc2n1,0.32530108094215393,0.2033544,0.5203762,2.627953767552002,-9.17
O=C(NCC(=O)N1CCCCC1Cc1ccccc1)c1cnc2ccccc2n1,,O=C(NCC(=O)N1CCCCC1Cc1ccccc1)c1cnc2ccccc2n1,0.3291384279727936,0.20036095,0.5406848,2.595676408730176,-9.34
O=C(NCC(=O)N1CCCC[C@H]1CN1CCCC1)c1ccc2ccccc2n1,,O=C(NCC(=O)N1CCCC[C@H]1CN1CCCC1)c1ccc2ccccc2n1,0.3020363748073578,0.20552307,0.44387215,2.6511173698034103,-8.53
O=C(NCC(=O)N1CCCCC1C1CCCCC1)c1cnc2ccccc2n1,,O=C(NCC(=O)N1CCCCC1C1CCCCC1)c1cnc2ccccc2n1,0.3235173523426056,0.21238318,0.49280488,2.723220371679581,-8.94
O=C(NCC(=O)N1CCC[C@H]1c1ncc(Cl)cn1)c1ccc2cc(Cl)ccc2n1,,O=C(NCC(=O)N1CCC[C@H]1c1ncc(Cl)cn1)c1ccc2cc(Cl)ccc2n1,0.2960885763168335,0.23697998,0.36994034,2.9687031175564336,-7.89
N#Cc1ccccc1NC(=O)CNC(=O)c1ccc2cc(Cl)ccc2n1,,N#Cc1ccccc1NC(=O)CNC(=O)c1ccc2cc(Cl)ccc2n1,0.27754220366477966,0.15592928,0.49400395,2.066195393829565,-8.95
O=C(NCC(=O)N1CCCCC1Cc1ccc(Cl)cc1)c1ccc2ccccc2n1,,O=C(NCC(=O)N1CCCCC1Cc1ccc(Cl)cc1)c1ccc2ccccc2n1,0.3426607847213745,0.19974719,0.58782506,2.589013708432084,-9.74
O=C(NCC(=O)N1CC[C@H](O)[C@H]1CN1CCCC1)c1ccc2cc(F)ccc2n1,,O=C(NCC(=O)N1CC[C@H](O)[C@H]1CN1CCCC1)c1ccc2cc(F)ccc2n1,0.34804365038871765,0.2707352,0.4474275,3.278638002662259,-8.56
COc1ccc(NC(=O)CNC(=O)c2ccc3cc(Cl)ccc3n2)cc1,,COc1ccc(NC(=O)CNC(=O)c2ccc3cc(Cl)ccc3n2)cc1,0.24037958681583405,0.14138345,0.40869248,1.866397264931436,-8.23
O=C(NCC(=O)N1CC[C@H](O)C1)c1ccc2cc(Cl)ccc2n1,,O=C(NCC(=O)N1CC[C@H](O)C1)c1ccc2cc(Cl)ccc2n1,0.2665505111217499,0.20108384,0.35333115,2.603503908981949,-7.74
O=C(NCC(=O)N1CCC[C@H]1CNc1ccc(Cl)cc1)c1ccc2cc(Cl)ccc2n1,,O=C(NCC(=O)N1CCC[C@H]1CNc1ccc(Cl)cc1)c1ccc2cc(Cl)ccc2n1,0.3101569414138794,0.21330345,0.4509881,2.7327625221449185,-8.59
Cc1ccc(NC(=O)[C@H]2C[C@H](O)CN2C(=O)CNC(=O)c2ccc3ccccc3n2)cc1,,Cc1ccc(NC(=O)[C@H]2C[C@H](O)CN2C(=O)CNC(=O)c2ccc3ccccc3n2)cc1,0.36217060685157776,0.23386891,0.5608592,2.938677900663736,-9.51
O=C(NCC(=O)N1C[C@H](O)C[C@H]1c1ncc[nH]1)c1ccc2ccccc2n1,,O=C(NCC(=O)N1C[C@H](O)C[C@H]1c1ncc[nH]1)c1ccc2ccccc2n1,0.319428414106369,0.27333048,0.3733009,3.3014045038758972,-7.92
O=C(NCC(=O)N1CCCC1c1ccccn1)c1ccc2cc(F)ccc2n1,,O=C(NCC(=O)N1CCCC1c1ccccn1)c1ccc2cc(F)ccc2n1,0.3293883502483368,0.21595739,0.5023986,2.76011403438544,-9.02
CCC[C@H](NC(=O)CNC(=O)c1ccc2cc(F)ccc2n1)c1ccccc1,,CCC[C@H](NC(=O)CNC(=O)c1ccc2cc(F)ccc2n1)c1ccccc1,0.2998073101043701,0.1941805,0.46289116,2.527871192505099,-8.69
O=C(NCC(=O)N1CCCCCC1c1ccc(Cl)cc1)c1ccc2cc(F)ccc2n1,,O=C(NCC(=O)N1CCCCCC1c1ccc(Cl)cc1)c1ccc2cc(F)ccc2n1,0.2298744171857834,0.20612074,0.25636548,2.657469004426682,-6.78
O=C(NCC(=O)N1CCC[C@H]1COc1cc(Cl)ccc1Cl)c1ccc2cc(F)ccc2n1,,O=C(NCC(=O)N1CCC[C@H]1COc1cc(Cl)ccc1Cl)c1ccc2cc(F)ccc2n1,0.33001992106437683,0.22372769,0.48681116,2.838822716950123,-8.89
O=C(NCC(=O)N1C[C@H](O)C[C@H]1c1ncc[nH]1)c1ccc2cc(F)ccc2n1,,O=C(NCC(=O)N1C[C@H](O)C[C@H]1c1ncc[nH]1)c1ccc2cc(F)ccc2n1,0.3297567367553711,0.28441888,0.38232177,3.3971985127360416,-8.0
O=C(NCC(=O)N1C[C@H](O)C[C@H]1COC1CCCC1)c1ccc2ccccc2n1,,O=C(NCC(=O)N1C[C@H](O)C[C@H]1COC1CCCC1)c1ccc2ccccc2n1,0.35020166635513306,0.26157346,0.4688595,3.1971459994847145,-8.74
O=C(NCC(=O)N1CCCC1)c1ccc2cc(Cl)ccc2n1,,O=C(NCC(=O)N1CCCC1)c1ccc2cc(Cl)ccc2n1,0.2063455432653427,0.1500451,0.28377128,1.9873035769669762,-7.07
CC(C)NC(=O)CNC(=O)c1ccc2cc(F)ccc2n1,,CC(C)NC(=O)CNC(=O)c1ccc2cc(F)ccc2n1,0.20940697193145752,0.14985368,0.29262733,1.9846948140661205,-7.16
O=C(NCC(=O)N1CCCCC1C1CCCC1)c1ccc2cc(Cl)ccc2n1,,O=C(NCC(=O)N1CCCCC1C1CCCC1)c1ccc2cc(Cl)ccc2n1,0.33093634247779846,0.21241656,0.5155854,2.723567025838431,-9.13
O=C(NCC(=O)N1CC[C@H](O)[C@H]1COc1ccccc1)c1ccc2cc(F)ccc2n1,,O=C(NCC(=O)N1CC[C@H](O)[C@H]1COc1ccccc1)c1ccc2cc(F)ccc2n1,0.35334354639053345,0.25837624,0.48321658,3.1682757434130266,-8.86
O=C(NCC(=O)N1C[C@@H](Cc2ccccc2)[C@@H](O)C1)c1ccc2ccccc2n1,,O=C(NCC(=O)N1C[C@@H](Cc2ccccc2)[C@@H](O)C1)c1ccc2ccccc2n1,0.34455594420433044,0.23462395,0.50599605,2.9459899555286704,-9.05
COc1cccc(CNC(=O)CNC(=O)c2ccc3cc(Cl)ccc3n2)c1,,COc1cccc(CNC(=O)CNC(=O)c2ccc3cc(Cl)ccc3n2)c1,0.24753524363040924,0.14907967,0.41101313,1.9741179698300293,-8.25
N#Cc1ccc(NC(=O)CNC(=O)c2ccc3ccccc3n2)cc1,,N#Cc1ccc(NC(=O)CNC(=O)c2ccc3ccccc3n2)cc1,0.2605839967727661,0.14482807,0.4688595,1.9151973900227954,-8.74
CCC[C@H](NC(=O)CNC(=O)c1ccc2cc(Cl)ccc2n1)c1ccccc1,,CCC[C@H](NC(=O)CNC(=O)c1ccc2cc(Cl)ccc2n1)c1ccccc1,0.31032130122184753,0.19306172,0.4988007,2.5154235001974072,-8.99
Cc1ccc(NC(=O)CNC(=O)c2ccc3cc(F)ccc3n2)cc1,,Cc1ccc(NC(=O)CNC(=O)c2ccc3cc(F)ccc3n2)cc1,0.25921979546546936,0.14151159,0.47483677,1.8682304344431664,-8.79
O=C(NCC(=O)N1CCCC1c1ccc([N+](=O)[O-])cc1)c1ccc2ccccc2n1,,O=C(NCC(=O)N1CCCC1c1ccc([N+](=O)[O-])cc1)c1ccc2ccccc2n1,0.337629109621048,0.20454164,0.55731153,2.640657067879374,-9.48
O=C(NCC(=O)N1CC[C@H](O)[C@H]1Cc1ccc(Cl)cc1)c1ccc2ccccc2n1,,O=C(NCC(=O)N1CC[C@H](O)[C@H]1Cc1ccc(Cl)cc1)c1ccc2ccccc2n1,0.36852189898490906,0.24630356,0.55138624,3.057097022278475,-9.43
O=C(NCC(=O)N1CCCCCC1c1ccc(O)cc1)c1ccc2cc(Cl)ccc2n1,,O=C(NCC(=O)N1CCCCCC1c1ccc(O)cc1)c1ccc2cc(Cl)ccc2n1,0.2322048544883728,0.21032119,0.25636548,2.7017300243056805,-6.78
O=C(NCC(=O)N1CCCCCC1c1ccccc1)c1ccc2ccccc2n1,,O=C(NCC(=O)N1CCCCCC1c1ccccc1)c1ccc2ccccc2n1,0.2339668571949005,0.19092952,0.28670526,2.491546815969997,-7.1
O=C(NCC(=O)N1CCCC[C@H]1c1cnc[nH]1)c1ccc2cc(F)ccc2n1,,O=C(NCC(=O)N1CCCC[C@H]1c1cnc[nH]1)c1ccc2cc(F)ccc2n1,0.3021557927131653,0.2409373,0.37892902,3.0065054873768933,-7.97
O=C(NCC(=O)N1CCCC1C1CCOCC1)c1ccc2ccccc2n1,,O=C(NCC(=O)N1CCCC1C1CCOCC1)c1ccc2ccccc2n1,0.3178064823150635,0.21707687,0.46527737,2.7715776208781193,-8.71
O=C(NCC(=O)N1C[C@H](O)C[C@H]1c1nccs1)c1ccc2ccccc2n1,,O=C(NCC(=O)N1C[C@H](O)C[C@H]1c1nccs1)c1ccc2ccccc2n1,0.31659603118896484,0.26689804,0.37554812,3.244724030503116,-7.94
C[C@@H](NC(=O)CNC(=O)c1ccc2cccnc2n1)c1ccccc1,,C[C@@H](NC(=O)CNC(=O)c1ccc2cccnc2n1)c1ccccc1,0.2841585874557495,0.19103657,0.42267346,2.492750460942153,-8.35
O=C(NCC(=O)N1CCCC[C@H]1CNCc1ccccc1)c1ccc2cc(F)ccc2n1,,O=C(NCC(=O)N1CCCC[C@H]1CNCc1ccccc1)c1ccc2cc(F)ccc2n1,0.34438851475715637,0.21191396,0.55967736,2.7183437215038815,-9.5
O=C(NCC(=O)N1CCCC[C@H]1CNC1CCCC1)c1ccc2cc(F)ccc2n1,,O=C(NCC(=O)N1CCCC[C@H]1CNC1CCCC1)c1ccc2cc(F)ccc2n1,0.34257039427757263,0.22346283,0.5251633,2.836172329121741,-9.21
O=C(NCC(=O)N1CC[C@H](c2cnc[nH]2)C1)c1ccc2cc(F)ccc2n1,,O=C(NCC(=O)N1CC[C@H](c2cnc[nH]2)C1)c1ccc2cc(F)ccc2n1,0.32257139682769775,0.23822626,0.43677926,2.9806544765443626,-8.47
CN(C)c1cccc(CNC(=O)CNC(=O)c2ccc3ccccc3n2)c1,,CN(C)c1cccc(CNC(=O)CNC(=O)c2ccc3ccccc3n2)c1,0.24848221242427826,0.15324399,0.40290916,2.0305005872126465,-8.18
O=C(NCC(=O)N1CCC(F)(F)C[C@H]1c1ccccc1)c1ccc2cc(F)ccc2n1,,O=C(NCC(=O)N1CCC(F)(F)C[C@H]1c1ccccc1)c1ccc2cc(F)ccc2n1,0.3445877432823181,0.23805243,0.4988007,2.9789899913049727,-8.99
O=C(NCC(=O)N1CCCC[C@H]1c1ccccc1)c1ccc2cc(C(F)(F)F)ccc2n1,,O=C(NCC(=O)N1CCCC[C@H]1c1ccccc1)c1ccc2cc(C(F)(F)F)ccc2n1,0.30595311522483826,0.21145189,0.4426884,2.713533283306843,-8.52
O=C(NCC(=O)N1CCC[C@H]1c1ccc(Cl)c(Cl)c1)c1ccc2ccccc2n1,,O=C(NCC(=O)N1CCC[C@H]1c1ccc(Cl)c(Cl)c1)c1ccc2ccccc2n1,0.3426133692264557,0.20250265,0.5796661,2.6188058052302043,-9.67
COc1cccc(NC(=O)CNC(=O)c2ccc3cc(Cl)ccc3n2)c1,,COc1cccc(NC(=O)CNC(=O)c2ccc3cc(Cl)ccc3n2)c1,0.2630482614040375,0.14462905,0.47842664,1.9124039177380894,-8.82
O=C(NCC(=O)N1CC[C@H](O)[C@H]1Cc1ccccc1)c1ccc2c(Cl)cccc2n1,,O=C(NCC(=O)N1CC[C@H](O)[C@H]1Cc1ccccc1)c1ccc2c(Cl)cccc2n1,0.38195890188217163,0.25017235,0.5831684,3.093111512439476,-9.7
O=C(NCC(=O)N1CCCC1c1ccc(C(F)(F)F)cc1)c1ccc2ccccc2n1,,O=C(NCC(=O)N1CCCC1c1ccc(C(F)(F)F)cc1)c1ccc2ccccc2n1,0.30692750215530396,0.20724608,0.45455378,2.669391564731548,-8.62
O=C(NCC(=O)N1CCCCC1c1cccnc1)c1ccc2cc(Cl)ccc2n1,,O=C(NCC(=O)N1CCCCC1c1cccnc1)c1ccc2cc(Cl)ccc2n1,0.3252395689487457,0.21207021,0.4988007,2.7199685418911326,-8.99
O=C(NCC(=O)N1CC[C@H](O)[C@H]1c1ccccc1)c1ccc2cc(F)ccc2n1,,O=C(NCC(=O)N1CC[C@H](O)[C@H]1c1ccccc1)c1ccc2cc(F)ccc2n1,0.34610000252723694,0.24425668,0.4904071,3.0378884197150864,-8.92
O=C(NCC(=O)N1C[C@H](F)C[C@H]1c1ccc(Cl)cc1)c1ccc2ccccc2n1,,O=C(NCC(=O)N1C[C@H](F)C[C@H]1c1ccc(Cl)cc1)c1ccc2ccccc2n1,0.35649484395980835,0.24649376,0.5155854,3.058876186165503,-9.13
N#C[C@@H]1CCCN1C(=O)CNC(=O)c1ccc2ccccc2n1,,N#C[C@@H]1CCCN1C(=O)CNC(=O)c1ccc2ccccc2n1,0.255545973777771,0.20735273,0.3149404,2.6705190676694173,-7.38
O=C(NCC(=O)N1CCC[C@H]1c1nc(-c2ccccc2)co1)c1ccc2cc(Cl)ccc2n1,,O=C(NCC(=O)N1CCC[C@H]1c1nc(-c2ccccc2)co1)c1ccc2cc(Cl)ccc2n1,0.3480684757232666,0.2322812,0.52157336,2.9232474817020933,-9.18
O=C(NCC(=O)N1CCC(F)(F)C1)c1ccc2ccc(F)cc2n1,,O=C(NCC(=O)N1CCC(F)(F)C1)c1ccc2ccc(F)cc2n1,0.21545758843421936,0.18837352,0.24643576,2.4626546179969075,-6.67
COc1ccccc1NC(=O)CNC(=O)c1ccc2cc(F)ccc2n1,,COc1ccccc1NC(=O)CNC(=O)c1ccc2cc(F)ccc2n1,0.25241056084632874,0.14469181,0.44032264,1.9132852067193795,-8.5
O=C(NCC(=O)N1C[C@H](F)C[C@H]1C1CCCC1)c1ccc2ccccc2n1,,O=C(NCC(=O)N1C[C@H](F)C[C@H]1C1CCCC1)c1ccc2ccccc2n1,0.3489595949649811,0.25906113,0.47005433,3.174479651804891,-8.75
O=C(NCC(=O)N1CCCCC1)c1ccc2cc(C(F)(F)F)ccc2n1,,O=C(NCC(=O)N1CCCCC1)c1ccc2cc(C(F)(F)F)ccc2n1,0.22434285283088684,0.1630039,0.30876386,2.1578984041106573,-7.32
O=C(NCC(=O)N1CCC[C@H]1Cn1cccn1)c1ccc2cc(Cl)ccc2n1,,O=C(NCC(=O)N1CCC[C@H]1Cn1cccn1)c1ccc2cc(Cl)ccc2n1,0.2982114553451538,0.22719608,0.39142436,2.873326000197407,-8.08
O=C(NCC(=O)N1CCCC[C@H]1c1c[nH]cn1)c1ccc2cc(Cl)ccc2n1,,O=C(NCC(=O)N1CCCC[C@H]1c1c[nH]cn1)c1ccc2cc(Cl)ccc2n1,0.34402137994766235,0.25436592,0.46527737,3.1317328378042433,-8.71
O=C(NCC(=O)N1C[C@H](O)C[C@H]1COc1cccnc1)c1ccc2cc(Cl)ccc2n1,,O=C(NCC(=O)N1C[C@H](O)C[C@H]1COc1cccnc1)c1ccc2cc(Cl)ccc2n1,0.34739720821380615,0.26550168,0.45455378,3.2323056483395627,-8.62
O=C(NCC(=O)N1CCCCC1c1cccc(F)c1)c1ccc2cc(Cl)ccc2n1,,O=C(NCC(=O)N1CCCCC1c1cccc(F)c1)c1ccc2cc(Cl)ccc2n1,0.33261561393737793,0.20782617,0.532335,2.675518785231789,-9.27
O=C(NCC(=O)N1CC[C@H](O)C1)c1ccc2cc(F)ccc2n1,,O=C(NCC(=O)N1CC[C@H](O)C1)c1ccc2cc(F)ccc2n1,0.26624542474746704,0.20250437,0.3500499,2.6188241456683397,-7.71
O=C(NCC(=O)N1CCCCCC1c1ccc(Cl)cc1)c1ccc2ccccc2n1,,O=C(NCC(=O)N1CCCCCC1c1ccc(Cl)cc1)c1ccc2ccccc2n1,0.25781112909317017,0.19656439,0.3381415,2.554215299944021,-7.6
CC(C)[C@H]1C[C@@H](O)CN1C(=O)CNC(=O)c1ccc2ccccc2n1,,CC(C)[C@H]1C[C@@H](O)CN1C(=O)CNC(=O)c1ccc2ccccc2n1,0.31485214829444885,0.24960649,0.3971526,3.0878670394148564,-8.13
O=C(NCC(=O)N1CCCC[C@H]1c1c[nH]c(-c2ccccc2)n1)c1ccc2ccccc2n1,,O=C(NCC(=O)N1CCCC[C@H]1c1c[nH]c(-c2ccccc2)n1)c1ccc2ccccc2n1,0.39133793115615845,0.24480695,0.6255761,3.0430629109249328,-10.07
O=C(NCC(=O)N1C[C@H](O)[C@H](O)[C@H]1C1CCCC1)c1ccc2cc(F)ccc2n1,,O=C(NCC(=O)N1C[C@H](O)[C@H](O)[C@H]1C1CCCC1)c1ccc2cc(F)ccc2n1,0.35473528504371643,0.29854366,0.42150325,3.516029037093527,-8.34
O=C(NCC(=O)N1CCC[C@H]1c1ccccc1)c1ccc2c(Cl)cccc2n1,,O=C(NCC(=O)N1CCC[C@H]1c1ccccc1)c1ccc2c(Cl)cccc2n1,0.3246658146381378,0.19668734,0.535916,2.5555670258384318,-9.3
O=C(NCC(=O)N1C[C@H](O)C[C@H]1c1ccc(Cl)cc1)c1ccc2cc(F)ccc2n1,,O=C(NCC(=O)N1C[C@H](O)C[C@H]1c1ccc(Cl)cc1)c1ccc2cc(F)ccc2n1,0.34282028675079346,0.24813275,0.47364062,3.0741716976441484,-8.78
O=C(NCC(=O)N1CCC[C@@H]1c1cnc[nH]1)c1ccc2cc(F)ccc2n1,,O=C(NCC(=O)N1CCC[C@@H]1c1cnc[nH]1)c1ccc2cc(F)ccc2n1,0.29810115694999695,0.2409403,0.36882293,3.0065343582011668,-7.88
O=C(NCC(=O)N1CCC[C@@H]1c1cnc(N2CCCC2)nc1)c1ccc2cc(F)ccc2n1,,O=C(NCC(=O)N1CCC[C@@H]1c1cnc(N2CCCC2)nc1)c1ccc2cc(F)ccc2n1,0.33051350712776184,0.2409521,0.45336467,3.0066460393944014,-8.61
O=C(NCC(=O)N1CCC[C@H]1CNCc1ccc(Cl)cc1)c1ccc2ccccc2n1,,O=C(NCC(=O)N1CCC[C@H]1CNCc1ccc(Cl)cc1)c1ccc2ccccc2n1,0.3156554698944092,0.20671053,0.4820189,2.6637236975986784,-8.85
COC[C@@H]1CCCN1C(=O)CNC(=O)c1ccc2cc(Cl)ccc2n1,,COC[C@@H]1CCCN1C(=O)CNC(=O)c1ccc2cc(Cl)ccc2n1,0.25074148178100586,0.20912914,0.30063385,2.6892357805521225,-7.24
O=C(NCC(=O)N1CCCCC1c1cccc(F)c1)c1ccc2cc(F)ccc2n1,,O=C(NCC(=O)N1CCCCC1c1cccc(F)c1)c1ccc2cc(F)ccc2n1,0.3346141278743744,0.20892568,0.535916,2.6870980338901074,-9.3
Cc1ccccc1CNC(=O)CNC(=O)c1ccc2ccccc2n1,,Cc1ccccc1CNC(=O)CNC(=O)c1ccc2ccccc2n1,0.2697656750679016,0.1418065,0.51318884,1.8724435438689504,-9.11
CCC[C@@H]1C[C@@H](O)CN1C(=O)CNC(=O)c1ccc2cc(Cl)ccc2n1,,CCC[C@@H]1C[C@@H](O)CN1C(=O)CNC(=O)c1ccc2cc(Cl)ccc2n1,0.31191328167915344,0.253719,0.38345528,3.125802438569705,-8.01
O=C(NCC(=O)N1C[C@H](O)[C@H](O)[C@@H]1C1CC1)c1ccc2ccccc2n1,,O=C(NCC(=O)N1C[C@H](O)[C@H](O)[C@@H]1C1CC1)c1ccc2ccccc2n1,0.3508760631084442,0.28416902,0.4332422,3.3950651360442112,-8.44
O=C(NCC(=O)N1C[C@H](c2ccccc2)C[C@H]1c1cccnc1)c1ccc2cc(F)ccc2n1,,O=C(NCC(=O)N1C[C@H](c2ccccc2)C[C@H]1c1cccnc1)c1ccc2cc(F)ccc2n1,0.38605764508247375,0.26080513,0.57146317,3.1902287038530392,-9.6
CC(C)NC(=O)[C@H]1CCCN1C(=O)CNC(=O)c1ccc2cc(Cl)ccc2n1,,CC(C)NC(=O)[C@H]1CCCN1C(=O)CNC(=O)c1ccc2cc(Cl)ccc2n1,0.30441200733184814,0.2082132,0.44505668,2.6795999646944466,-8.54
COc1cccc(NC(=O)CNC(=O)c2ccc3ccccc3n2)c1,,COc1cccc(NC(=O)CNC(=O)c2ccc3ccccc3n2)c1,0.2506152391433716,0.13709822,0.45812404,1.8042820054074102,-8.65
CN1CCN(c2ccc(/C=C/c3nc4ccccc4c(=O)n3CC3CCCCC3)cc2)CC1,,CN1CCN(c2ccc(/C=C/c3nc4ccccc4c(=O)n3CC3CCCCC3)cc2)CC1,0.31030163168907166,0.18334699,0.5251633,2.404944931203037,-9.21
O=C(NCC(=O)N1CCCCC1c1ccc(OC(F)(F)F)cc1)c1ccc2ccccc2n1,,O=C(NCC(=O)N1CCCCC1c1ccc(OC(F)(F)F)cc1)c1ccc2ccccc2n1,0.3185933828353882,0.21484351,0.47244495,2.748664083584254,-8.77
O=C(NCC(=O)N1CCCC1c1cccnc1)c1ccc2cc(Cl)ccc2n1,,O=C(NCC(=O)N1CCCC1c1cccnc1)c1ccc2cc(Cl)ccc2n1,0.3119821548461914,0.21081461,0.46169883,2.706886683958091,-8.68
CC(C)[C@@H]1C[C@H](F)CN1C(=O)CNC(=O)c1ccc2cc(F)ccc2n1,,CC(C)[C@@H]1C[C@H](F)CN1C(=O)CNC(=O)c1ccc2cc(F)ccc2n1,0.3059769570827484,0.27338925,0.34244913,3.3019185344601167,-7.64
O=C(NCC(=O)N1CCC[C@H]1Cc1cnc[nH]1)c1ccc2cc(Cl)ccc2n1,,O=C(NCC(=O)N1CCC[C@H]1Cc1cnc[nH]1)c1ccc2cc(Cl)ccc2n1,0.3245469033718109,0.23541397,0.4474275,2.9536234360948423,-8.56
CN(C)C(=O)[C@@H]1CCCN1C(=O)CNC(=O)c1ccc2ccccc2n1,,CN(C)C(=O)[C@@H]1CCCN1C(=O)CNC(=O)c1ccc2ccccc2n1,0.2738139033317566,0.2032793,0.36882293,2.6271481557465606,-7.88
O=C(NCC(=O)N1CCCCCC1C1CC1)c1ccc2cc(F)ccc2n1,,O=C(NCC(=O)N1CCCCCC1C1CC1)c1ccc2cc(F)ccc2n1,0.20096644759178162,0.20988518,0.19242668,2.697166095694442,-6.01
O=C(NCC(=O)N1C[C@H](O)[C@H](O)[C@H]1C1CC1)c1ccc2cc(F)ccc2n1,,O=C(NCC(=O)N1C[C@H](O)[C@H](O)[C@H]1C1CC1)c1ccc2cc(F)ccc2n1,0.31646043062210083,0.29616958,0.3381415,3.4962896421382776,-7.6
N#Cc1ccccc1[C@H]1CCCN1C(=O)CNC(=O)c1ccc2ccccc2n1,,N#Cc1ccccc1[C@H]1CCCN1C(=O)CNC(=O)c1ccc2ccccc2n1,0.31822469830513,0.21380548,0.47364062,2.737955355077947,-8.78
O=C(NCC(=O)N1C[C@H](O)C[C@H]1COc1ccc(Cl)cc1)c1ccc2cc(Cl)ccc2n1,,O=C(NCC(=O)N1C[C@H](O)C[C@H]1COc1ccc(Cl)cc1)c1ccc2cc(Cl)ccc2n1,0.3123517632484436,0.25219154,0.38686317,3.111760909962131,-8.04
N#Cc1ccccc1NC(=O)CNC(=O)CNC(=O)c1ccc2ccccc2n1,,N#Cc1ccccc1NC(=O)CNC(=O)CNC(=O)c1ccc2ccccc2n1,0.28975316882133484,0.15914337,0.52755505,2.1082665897325317,-9.23
O=C(NCC(=O)N1CCC1c1ccc(Cl)cc1)c1ccc2cc(F)ccc2n1,,O=C(NCC(=O)N1CCC1c1ccc(Cl)cc1)c1ccc2cc(F)ccc2n1,0.31943169236183167,0.20555222,0.49640232,2.6514273463512517,-8.97
O=C(NCC(=O)N1C[C@H](O)C[C@H]1c1cccc(Cl)c1)c1ccc2cc(F)ccc2n1,,O=C(NCC(=O)N1C[C@H](O)C[C@H]1c1cccc(Cl)c1)c1ccc2cc(F)ccc2n1,0.344323068857193,0.25286546,0.4688595,3.1179630098613433,-8.74
O=C(NCC(=O)N1CCC[C@H]1Cc1ccccc1)c1ccc2cc(F)ccc2n1,,O=C(NCC(=O)N1CCC[C@H]1Cc1ccccc1)c1ccc2cc(F)ccc2n1,0.32380062341690063,0.20148279,0.5203762,2.6078146957372876,-9.17
O=C(NCC(=O)N1C[C@H](O)C[C@H]1CN1CCCC1)c1ccc2cc(F)ccc2n1,,O=C(NCC(=O)N1C[C@H](O)C[C@H]1CN1CCCC1)c1ccc2cc(F)ccc2n1,0.35536205768585205,0.26004708,0.4856128,3.1833914781024824,-8.88
O=C(NCC(=O)N1CCCC[C@H]1c1ncc(Cl)cn1)c1ccc2cc(Cl)ccc2n1,,O=C(NCC(=O)N1CCCC[C@H]1c1ncc(Cl)cn1)c1ccc2cc(Cl)ccc2n1,0.3273240029811859,0.2375694,0.4509881,2.9743606456969065,-8.59
O=C(NCC(=O)N1C[C@H](O)C[C@H]1CNC1CCCC1)c1ccc2ccccc2n1,,O=C(NCC(=O)N1C[C@H](O)C[C@H]1CNC1CCCC1)c1ccc2ccccc2n1,0.3442041873931885,0.25727424,0.4605068,3.158271274209989,-8.67
CN(CCNC(=O)c1ccc2cc(F)ccc2n1)C(=O)[C@H]1C[C@H](O)CN1C1CCCCC1,,CN(CCNC(=O)c1ccc2cc(F)ccc2n1)C(=O)[C@H]1C[C@H](O)CN1C1CCCCC1,0.3632410168647766,0.27927914,0.47244495,3.353085677502283,-8.77
O=C(NCC(=O)N1CCCC[C@H]1c1cocn1)c1ccc2ccccc2n1,,O=C(NCC(=O)N1CCCC[C@H]1c1cocn1)c1ccc2ccccc2n1,0.32011696696281433,0.24379396,0.42033398,3.033531077548032,-8.33
C[C@H](NC(=O)CNC(=O)c1ccc2c(Cl)cccc2n1)c1ccccc1,,C[C@H](NC(=O)CNC(=O)c1ccc2c(Cl)cccc2n1)c1ccccc1,0.30179139971733093,0.18085477,0.5035977,2.3758762194266794,-9.03
O=C(NCC(=O)N1CCCCC1c1cccc(F)c1)c1ccc2ccccc2n1,,O=C(NCC(=O)N1CCCCC1c1cccc(F)c1)c1ccc2ccccc2n1,0.312543660402298,0.19918866,0.4904071,2.5829377726603635,-8.92
O=C(NCC(=O)N1CCCC[C@H]1c1ncc(Cl)cn1)c1ccc2ccccc2n1,,O=C(NCC(=O)N1CCCC[C@H]1c1ncc(Cl)cn1)c1ccc2ccccc2n1,0.30793970823287964,0.22877346,0.41450125,2.8888949155175077,-8.28
O=C(NCC(=O)N1CC[C@H](c2ccc(Cl)cc2)C1)c1ccc2ccccc2n1,,O=C(NCC(=O)N1CC[C@H](c2ccc(Cl)cc2)C1)c1ccc2ccccc2n1,0.3124125003814697,0.19380862,0.5035977,2.523739675411081,-9.03
O=C(NCC(=O)N1C[C@H](O)[C@H](O)[C@H]1c1cccnc1)c1ccc2ccccc2n1,,O=C(NCC(=O)N1C[C@H](O)[C@H](O)[C@H]1c1cccnc1)c1ccc2ccccc2n1,0.3728120028972626,0.2883472,0.4820189,3.430590618503593,-8.85
O=C(NCC(=O)N1CC[C@H](O)[C@H]1Cc1ccccc1)c1ccc2cc(F)ccc2n1,,O=C(NCC(=O)N1CC[C@H](O)[C@H]1Cc1ccccc1)c1ccc2cc(F)ccc2n1,0.3621782064437866,0.25034606,0.52396685,3.0947199203106734,-9.2
C[C@@H](NC(=O)CNC(=O)c1ccc2cc(Br)ccc2n1)c1ccccc1,,C[C@@H](NC(=O)CNC(=O)c1ccc2cc(Br)ccc2n1)c1ccccc1,0.30375832319259644,0.18365723,0.5023986,2.408541915892375,-9.02
O=C(NCC(=O)N1C[C@H](O)C[C@H]1c1ncccn1)c1ccc2cc(F)ccc2n1,,O=C(NCC(=O)N1C[C@H](O)C[C@H]1c1ncccn1)c1ccc2cc(F)ccc2n1,0.3388025760650635,0.27770802,0.41333765,3.3395026921895994,-8.27
C[C@@H](NC(=O)CNC(=O)c1cnc2ccccc2n1)c1ccccc1,,C[C@@H](NC(=O)CNC(=O)c1cnc2ccccc2n1)c1ccccc1,0.2846192419528961,0.17821455,0.45455378,2.344738922480616,-8.62
O=C(NCC(=O)N1C[C@H](O)C[C@H]1c1ccccc1)c1ccc2c(Cl)cccc2n1,,O=C(NCC(=O)N1C[C@H](O)C[C@H]1c1ccccc1)c1ccc2c(Cl)cccc2n1,0.34316736459732056,0.24190865,0.48681116,3.0157195596594786,-8.89
O=C(NCC(=O)N1CC[C@H](c2cccnc2)C1)c1ccc2ccccc2n1,,O=C(NCC(=O)N1CC[C@H](c2cccnc2)C1)c1ccc2ccccc2n1,0.32130834460258484,0.20403132,0.50599605,2.6352035215597187,-9.05
O=C(NCC(=O)N1C[C@H](O)C[C@H]1C1CC1)c1ccc2cc(F)ccc2n1,,O=C(NCC(=O)N1C[C@H](O)C[C@H]1C1CC1)c1ccc2cc(F)ccc2n1,0.3111315071582794,0.2562272,0.37780076,3.148739635619231,-7.96
O=C(NCC(=O)N1CCCC1C1CCCC1)c1ccc2ccccc2n1,,O=C(NCC(=O)N1CCCC1C1CCCC1)c1ccc2ccccc2n1,0.3119625151157379,0.20240496,0.48082125,2.617755232447797,-8.84
O=C(NCC(=O)N1CCCC1c1cccc(O)c1)c1ccc2ccccc2n1,,O=C(NCC(=O)N1CCCC1c1cccc(O)c1)c1ccc2ccccc2n1,0.3241271674633026,0.20188935,0.5203762,2.61220121387262,-9.17
CN(C)C(=O)CNC(=O)CNC(=O)c1ccc2cc(Cl)ccc2n1,,CN(C)C(=O)CNC(=O)CNC(=O)c1ccc2cc(Cl)ccc2n1,0.22575601935386658,0.1612962,0.31597632,2.13606217461939,-7.39
CC(C)CNC(=O)c1ccc2ccccc2n1,,CC(C)CNC(=O)c1ccc2ccccc2n1,0.16711173951625824,0.13288392,0.21015584,1.741581004917478,-6.24
CN(CCNC(=O)c1ccc2cc(F)ccc2n1)[C@H]1CCCC[C@H]1c1ccccc1,,CN(CCNC(=O)c1ccc2cc(F)ccc2n1)[C@H]1CCCC[C@H]1c1ccccc1,0.3613535165786743,0.24639578,0.5299457,3.057959695771782,-9.25
COc1ccccc1[C@H](C)NC(=O)CNC(=O)c1ccc2ccccc2n1,,COc1ccccc1[C@H](C)NC(=O)CNC(=O)c1ccc2ccccc2n1,0.2763264775276184,0.18216266,0.4191656,2.3911696920980408,-8.32
O=C(NCC(=O)N1CCC[C@H]1CN1CCCC1)c1ccc2ccccc2n1,,O=C(NCC(=O)N1CCC[C@H]1CN1CCCC1)c1ccc2ccccc2n1,0.29380306601524353,0.20422438,0.42267346,2.6372681758927268,-8.35
O=C(NCC(=O)N1CCCC[C@H]1c1ncccn1)c1ccc2cc(Cl)ccc2n1,,O=C(NCC(=O)N1CCCC[C@H]1c1ncccn1)c1ccc2cc(Cl)ccc2n1,0.3105472922325134,0.22943574,0.42033398,2.895409201231793,-8.33
O=C(NCC(=O)N1C[C@H](O)C[C@H]1COc1ccc(Cl)cc1)c1ccc2cc(F)ccc2n1,,O=C(NCC(=O)N1C[C@H](O)C[C@H]1COc1ccc(Cl)cc1)c1ccc2cc(F)ccc2n1,0.3344685733318329,0.25338143,0.44150525,3.1227039361666957,-8.51
O=C(NCC(=O)N1CC(F)C[C@H]1c1ncc[nH]1)c1ccc2cc(Cl)ccc2n1,,O=C(NCC(=O)N1CC(F)C[C@H]1c1ncc[nH]1)c1ccc2cc(Cl)ccc2n1,0.3468520939350128,0.29353598,0.40985227,3.474285243505271,-8.24
CC(C)[C@H](NC(=O)CNC(=O)c1ccc2ccccc2n1)c1ccccc1,,CC(C)[C@H](NC(=O)CNC(=O)c1ccc2ccccc2n1)c1ccccc1,0.2967568337917328,0.18453293,0.47722977,2.41866959219794,-8.81
O=C(NCC(=O)N1CCCCC1C1CCCC1)c1ccc2cc(F)ccc2n1,,O=C(NCC(=O)N1CCCCC1C1CCCC1)c1ccc2cc(F)ccc2n1,0.3303128778934479,0.21360292,0.51079166,2.7358610429324486,-9.09
O=C(NCC(=O)N1CCC[C@@H]1c1nc(-c2ccccc2)co1)c1ccc2ccccc2n1,,O=C(NCC(=O)N1CCC[C@@H]1c1nc(-c2ccccc2)co1)c1ccc2ccccc2n1,0.3594764173030853,0.22383049,0.5773266,2.839850738028879,-9.65
O=C(NCC(=O)N1CCCC[C@H]1CNC1CCCC1)c1ccc2ccccc2n1,,O=C(NCC(=O)N1CCCC[C@H]1CNC1CCCC1)c1ccc2ccccc2n1,0.3318985104560852,0.21365352,0.5155854,2.7363842820333453,-9.13
O=C(NCC(=O)N1CCCCC1c1ccc(OC(F)(F)F)cc1)c1ccc2cc(F)ccc2n1,,O=C(NCC(=O)N1CCCCC1c1ccc(OC(F)(F)F)cc1)c1ccc2cc(F)ccc2n1,0.3226836025714874,0.22436604,0.46408403,2.8452014710346827,-8.7
CN(CC(=O)N1CCC[C@H]1c1ccccc1)C(=O)CNC(=O)c1ccc2ccccc2n1,,CN(CC(=O)N1CCC[C@H]1c1ccccc1)C(=O)CNC(=O)c1ccc2ccccc2n1,0.32097822427749634,0.20957235,0.491606,2.693887555790212,-8.93
O=C(NCC(=O)N1CCC[C@H]1c1ncc(OC2CCCC2)o1)c1ccc2cc(F)ccc2n1,,O=C(NCC(=O)N1CCC[C@H]1c1ncc(OC2CCCC2)o1)c1ccc2cc(F)ccc2n1,0.3635757267475128,0.2742368,0.4820189,3.309322962471324,-8.85
O=C(NCC(=O)N1CCC[C@H]1CNCc1ccc(Cl)cc1)c1ccc2cc(F)ccc2n1,,O=C(NCC(=O)N1CCC[C@H]1CNCc1ccc(Cl)cc1)c1ccc2cc(F)ccc2n1,0.31229346990585327,0.21625228,0.4509881,2.7631378902383723,-8.59
O=C(NCC(=O)N1CCC[C@H]1c1ccccc1)c1ccc2ccc(Cl)cc2n1,,O=C(NCC(=O)N1CCC[C@H]1c1ccccc1)c1ccc2ccc(Cl)cc2n1,0.29445526003837585,0.19638246,0.44150525,2.5522131796845855,-8.51
O=C(NCC(=O)N1CCC[C@H]1COc1ccccc1)c1ccc2ccccc2n1,,O=C(NCC(=O)N1CCC[C@H]1COc1ccccc1)c1ccc2ccccc2n1,0.3135870695114136,0.19620311,0.50119925,2.550238218684928,-9.01
O=C(NCC(=O)N1CCCCC1c1cc(F)cc(F)c1)c1ccc2cc(Cl)ccc2n1,,O=C(NCC(=O)N1CCCCC1c1cc(F)cc(F)c1)c1ccc2cc(Cl)ccc2n1,0.3365149199962616,0.22118054,0.5119903,2.813240515780498,-9.1
O=C(NCC(=O)N1C[C@H](O)C[C@H]1c1ncc(Cl)cn1)c1ccc2cc(Cl)ccc2n1,,O=C(NCC(=O)N1C[C@H](O)C[C@H]1c1ncc(Cl)cn1)c1ccc2cc(Cl)ccc2n1,0.32620540261268616,0.2850515,0.3733009,3.402594322078537,-7.92
O=C(NCC(=O)N1CCCC1c1ccc(F)cc1)c1ccc2cc(F)ccc2n1,,O=C(NCC(=O)N1CCCC1c1ccc(F)cc1)c1ccc2cc(F)ccc2n1,0.3017120957374573,0.2029144,0.4486137,2.6232315698270536,-8.57
O=C(NCC(=O)N1CCCCC1CCc1ccccc1)c1ccc2ccccc2n1,,O=C(NCC(=O)N1CCCCC1CCc1ccccc1)c1ccc2ccccc2n1,0.322767436504364,0.1970283,0.52875054,2.5593132924687385,-9.24
N[C@@H]1CCN(C(=O)CNC(=O)c2ccc3cc(Cl)ccc3n2)[C@H]1C(=O)NC1CCCC1,,N[C@@H]1CCN(C(=O)CNC(=O)c2ccc3cc(Cl)ccc3n2)[C@H]1C(=O)NC1CCCC1,0.38133272528648376,0.27439547,0.5299457,3.3107081332142387,-9.25
O=C(NCC(=O)N1CCCCC1c1ccc([N+](=O)[O-])cc1)c1ccc2cc(Cl)ccc2n1,,O=C(NCC(=O)N1CCCCC1c1ccc([N+](=O)[O-])cc1)c1ccc2cc(Cl)ccc2n1,0.3261866271495819,0.21485671,0.49520308,2.7487998936196067,-8.96
Cc1ccc(NC(=O)CNC(=O)c2ccc3ccccc3n2)c(C)c1,,Cc1ccc(NC(=O)CNC(=O)c2ccc3ccccc3n2)c(C)c1,0.2585234045982361,0.13934743,0.4796238,1.837084388939374,-8.83
O=C(NCC(=O)N1C[C@H](O)C[C@H]1CNC1CCCC1)c1ccc2cc(F)ccc2n1,,O=C(NCC(=O)N1C[C@H](O)C[C@H]1CNC1CCCC1)c1ccc2cc(F)ccc2n1,0.3643173575401306,0.26802564,0.49520308,3.2547218881103177,-8.96
O=C(NCC(=O)N1CCC[C@H]1CNC1CCCC1)c1ccc2ccccc2n1,,O=C(NCC(=O)N1CCC[C@H]1CNC1CCCC1)c1ccc2ccccc2n1,0.32551419734954834,0.21242853,0.4988007,2.723691478621422,-8.99
O=C(NCC(=O)N1CCCCC1c1ccc(Cl)cc1)c1ccc2c(Cl)cccc2n1,,O=C(NCC(=O)N1CCCCC1c1ccc(Cl)cc1)c1ccc2c(Cl)cccc2n1,0.3295627236366272,0.20402865,0.532335,2.635174956967031,-9.27
O=C(NCC(=O)N1CCCCC1c1ccccc1)c1ccc2cc(OC(F)(F)F)ccc2n1,,O=C(NCC(=O)N1CCCCC1c1ccccc1)c1ccc2cc(OC(F)(F)F)ccc2n1,0.3264387547969818,0.21782592,0.48920828,2.779224312716824,-8.91
O=C(NCC(=O)N1CCCCC1CNc1ccccn1)c1ccc2cc(F)ccc2n1,,O=C(NCC(=O)N1CCCCC1CNc1ccccn1)c1ccc2cc(F)ccc2n1,0.33925536274909973,0.2242726,0.51318884,2.8442683129832957,-9.11
O=C(NCC(=O)N1CCCCC1c1ccccc1)c1ccc2ccc(F)cc2n1,,O=C(NCC(=O)N1CCCCC1c1ccccc1)c1ccc2ccc(F)cc2n1,0.3131541311740875,0.1994799,0.491606,2.5861075528801454,-8.93
C[C@H](NC(=O)CNC(=O)c1ccc2ccccc2n1)[C@H](O)c1ccccc1,,C[C@H](NC(=O)CNC(=O)c1ccc2ccccc2n1)[C@H](O)c1ccccc1,0.32958561182022095,0.21570131,0.5035977,2.7574854613799324,-9.03
O=C(NCC(=O)N1CCCC[C@H]1c1ncccn1)c1ccc2cc(F)ccc2n1,,O=C(NCC(=O)N1CCCC[C@H]1c1ncccn1)c1ccc2cc(F)ccc2n1,0.32124245166778564,0.23064452,0.4474275,2.907264146286737,-8.56
C[C@@H]1C[C@@H](c2ccccc2)N(C(=O)CNC(=O)c2ccc3[nH]ccc3n2)[C@H]1C(=O)NCc1ccccc1,,C[C@@H]1C[C@@H](c2ccccc2)N(C(=O)CNC(=O)c2ccc3[nH]ccc3n2)[C@H]1C(=O)NCc1ccccc1,0.4302860200405121,0.3088873,0.5993968,3.601004811835841,-9.84
C[C@@H]1C[C@@H](C(=O)NCc2cccc(C(F)(F)F)c2)N(C(=O)CNC(=O)c2ccc3ccccc3n2)C1,,C[C@@H]1C[C@@H](C(=O)NCc2cccc(C(F)(F)F)c2)N(C(=O)CNC(=O)c2ccc3ccccc3n2)C1,0.35906314849853516,0.25847265,0.4988007,3.1691496769273897,-8.99
CN(CCNC(=O)CNC(=O)c1ccc2ccccc2n1)c1ccccc1,,CN(CCNC(=O)CNC(=O)c1ccc2ccccc2n1)c1ccccc1,0.2594832181930542,0.1545721,0.4355995,2.048218269530329,-8.46
O=C(NCC(=O)N1CCCCC1c1cc(F)cc(F)c1)c1ccc2ccccc2n1,,O=C(NCC(=O)N1CCCCC1c1cc(F)cc(F)c1)c1ccc2ccccc2n1,0.32712435722351074,0.21249172,0.5035977,2.724347407772038,-9.03
CN(CC(=O)N1CCC[C@H]1c1ncc(Cl)cn1)C(=O)CNC(=O)c1ccc2ccccc2n1,,CN(CC(=O)N1CCC[C@H]1c1ncc(Cl)cn1)C(=O)CNC(=O)c1ccc2ccccc2n1,0.33830952644348145,0.24789609,0.46169883,3.0719673569066774,-8.68
O=C(NCC(=O)N1C[C@H](F)C[C@H]1c1ncc[nH]1)c1ccc2ccccc2n1,,O=C(NCC(=O)N1C[C@H](F)C[C@H]1c1ncc[nH]1)c1ccc2ccccc2n1,0.33435970544815063,0.28395474,0.39371222,3.3932346813906893,-8.1
O=C(NCC(=O)N1CCC[C@H]1CNCc1ccccc1)c1ccc2ccccc2n1,,O=C(NCC(=O)N1CCC[C@H]1CNCc1ccccc1)c1ccc2ccccc2n1,0.3289667069911957,0.200594,0.5394932,2.598202103657549,-9.33
Cc1ccc(NC(=O)CNC(=O)c2ccc3ccccc3n2)cc1,,Cc1ccc(NC(=O)CNC(=O)c2ccc3ccccc3n2)cc1,0.23702697455883026,0.13292007,0.42267346,1.7421257805786468,-8.35
COc1ccccc1CNC(=O)CNC(=O)c1ccc2cc(F)ccc2n1,,COc1ccccc1CNC(=O)CNC(=O)c1ccc2cc(F)ccc2n1,0.2443823367357254,0.1508132,0.39600462,1.997744543256605,-8.12
O=C(NCC(=O)N1C[C@H](O)C[C@H]1c1cccc(Cl)c1)c1ccc2ccccc2n1,,O=C(NCC(=O)N1C[C@H](O)C[C@H]1c1cccc(Cl)c1)c1ccc2ccccc2n1,0.3441392183303833,0.24208872,0.48920828,3.0174244716149943,-8.91
O=C(NCC(=O)N1CCC[C@H]1CNC1CCCCC1)c1ccc2cc(Cl)ccc2n1,,O=C(NCC(=O)N1CCC[C@H]1CNC1CCCCC1)c1ccc2cc(Cl)ccc2n1,0.3379100561141968,0.22249745,0.51318884,2.8264927535249242,-9.11
COc1ccccc1CNC(=O)CNC(=O)c1ccc2ccccc2n1,,COc1ccccc1CNC(=O)CNC(=O)c1ccc2ccccc2n1,0.25005435943603516,0.14238523,0.43914086,1.8806904125405843,-8.49
N#Cc1cccc(NC(=O)CNC(=O)c2ccc3ccccc3n2)c1,,N#Cc1cccc(NC(=O)CNC(=O)c2ccc3ccccc3n2)c1,0.27003034949302673,0.14760283,0.49400395,1.953810851561256,-8.95
O=C(NCC(=O)N1CCC[C@H]1CN1CCCC1)c1ccc2cc(Cl)ccc2n1,,O=C(NCC(=O)N1CCC[C@H]1CN1CCCC1)c1ccc2cc(Cl)ccc2n1,0.29467421770095825,0.21306916,0.40753382,2.7303362566076625,-8.22
O=C(NCC(=O)N1CCCCC1C1CC1)c1ccc2cc(Cl)ccc2n1,,O=C(NCC(=O)N1CCCCC1C1CC1)c1ccc2cc(Cl)ccc2n1,0.2920471727848053,0.2075154,0.41101313,2.6722381736886334,-8.25
O=C(NCC(=O)N1CCCC[C@H]1c1nc(-c2ccccc2)co1)c1ccc2cc(F)ccc2n1,,O=C(NCC(=O)N1CCCC[C@H]1c1nc(-c2ccccc2)co1)c1ccc2cc(F)ccc2n1,0.35869574546813965,0.23486133,0.54782385,2.9482855619437736,-9.4
O=C(NCC(=O)N1CCCC[C@H]1COc1ccccc1)c1ccc2cc(Cl)ccc2n1,,O=C(NCC(=O)N1CCCC[C@H]1COc1ccccc1)c1ccc2cc(Cl)ccc2n1,0.30277109146118164,0.20652416,0.44387215,2.6617483129832937,-8.53
O=C(NCC(=O)N1C[C@H](O)C[C@H]1Cc1cnccn1)c1ccc2cc(F)ccc2n1,,O=C(NCC(=O)N1C[C@H](O)C[C@H]1Cc1cnccn1)c1ccc2cc(F)ccc2n1,0.35507524013519287,0.28178516,0.4474275,3.3746553407042352,-8.56
O=C(NCC(=O)N1CCCC[C@H]1c1c[nH]c(-c2ccccc2)n1)c1ccc2cc(F)ccc2n1,,O=C(NCC(=O)N1CCCC[C@H]1c1c[nH]c(-c2ccccc2)n1)c1ccc2cc(F)ccc2n1,0.36507055163383484,0.2543606,0.52396685,3.131684163342374,-9.2
CC(NC(=O)CNC(=O)c1ccc2ccccc2n1)c1ccc(-c2ccccc2)cc1,,CC(NC(=O)CNC(=O)c1ccc2ccccc2n1)c1ccc(-c2ccccc2)cc1,0.3198223114013672,0.18123002,0.56440043,2.380272928367912,-9.54
O=C(NCC(=O)N1CCCCC[C@H]1c1ncc[nH]1)c1ccc2cc(Cl)ccc2n1,,O=C(NCC(=O)N1CCCCC[C@H]1c1ncc[nH]1)c1ccc2cc(Cl)ccc2n1,0.21935471892356873,0.23423693,0.20541805,2.9422438166164078,-6.18
O=C(NCC(=O)N1CCC[C@H]1c1nc(-c2ccccc2)co1)c1ccc2cc(F)ccc2n1,,O=C(NCC(=O)N1CCC[C@H]1c1nc(-c2ccccc2)co1)c1ccc2cc(F)ccc2n1,0.3520517349243164,0.23334773,0.5311405,2.9336205586251705,-9.26
O=C(NCC(=O)N1CCCC1c1ccc(OC(F)(F)F)cc1)c1ccc2cc(Cl)ccc2n1,,O=C(NCC(=O)N1CCCC1c1ccc(OC(F)(F)F)cc1)c1ccc2cc(Cl)ccc2n1,0.2875899076461792,0.22155839,0.3733009,2.8170488309576776,-7.92
O=C(NCC(=O)N1C[C@H](O)C[C@H]1Cc1ccc(Cl)cc1)c1ccc2cc(Cl)ccc2n1,,O=C(NCC(=O)N1C[C@H](O)C[C@H]1Cc1ccc(Cl)cc1)c1ccc2cc(Cl)ccc2n1,0.3548097014427185,0.24938732,0.5047969,3.085834007340112,-9.04
CN(CCCc1ccccn1)C(=O)CNC(=O)c1ccc2cc(Cl)ccc2n1,,CN(CCCc1ccccn1)C(=O)CNC(=O)c1ccc2cc(Cl)ccc2n1,0.26303255558013916,0.17320266,0.39945185,2.2846219677395876,-8.15
O=C(NCC(=O)N1CC[C@H](c2ccc(F)cc2)C1)c1ccc2cc(F)ccc2n1,,O=C(NCC(=O)N1CC[C@H](c2ccc(F)cc2)C1)c1ccc2cc(F)ccc2n1,0.30969440937042236,0.20404157,0.47005433,2.6353127561106486,-8.75
O=C(NCC(=O)N1CCC[C@H]1c1nc[nH]n1)c1ccc2ccccc2n1,,O=C(NCC(=O)N1CCC[C@H]1c1nc[nH]n1)c1ccc2ccccc2n1,0.3215637803077698,0.25886294,0.39945185,3.1726853943911166,-8.15
O=C(NCC(=O)N1C[C@H](O)C[C@H]1COc1ccccc1)c1ccc2c(Cl)cccc2n1,,O=C(NCC(=O)N1C[C@H](O)C[C@H]1COc1ccccc1)c1ccc2c(Cl)cccc2n1,0.3658628761768341,0.24811369,0.5394932,3.0739943259540814,-9.33
CCC[C@@H]1C[C@@H](O)CN1C(=O)CNC(=O)c1ccc2ccccc2n1,,CCC[C@@H]1C[C@@H](O)CN1C(=O)CNC(=O)c1ccc2ccccc2n1,0.3038501441478729,0.243647,0.37892902,3.0321461045750464,-7.97
O=C(NCC(=O)N1CCC[C@H]1c1c[nH]c(-c2ccccc2)n1)c1ccc2cc(Cl)ccc2n1,,O=C(NCC(=O)N1CCC[C@H]1c1c[nH]c(-c2ccccc2)n1)c1ccc2cc(Cl)ccc2n1,0.36645054817199707,0.2522585,0.532335,3.112377289394402,-9.27
O=C(NCC(=O)N1C[C@H](O)C[C@H]1COc1ccc(C(F)(F)F)cc1)c1ccc2ccccc2n1,,O=C(NCC(=O)N1C[C@H](O)C[C@H]1COc1ccc(C(F)(F)F)cc1)c1ccc2ccccc2n1,0.34571874141693115,0.2582064,0.46289116,3.166736002804088,-8.69
O=C(NCC(=O)N1CC[C@H](O)[C@H]1Cc1ccc(Cl)cc1)c1ccc2cc(Cl)ccc2n1,,O=C(NCC(=O)N1CC[C@H](O)[C@H]1Cc1ccc(Cl)cc1)c1ccc2cc(Cl)ccc2n1,0.342263400554657,0.25570416,0.45812404,3.1439689723750774,-8.65
O=C(NCC(=O)N1C[C@H](O)C[C@H]1C1CCCCC1)c1ccc2ccccc2n1,,O=C(NCC(=O)N1C[C@H](O)C[C@H]1C1CCCCC1)c1ccc2ccccc2n1,0.3791113495826721,0.24945584,0.57615566,3.0864694529069814,-9.64
O=C(NCC(=O)N1CCCCC1c1ccc(C(F)(F)F)cc1)c1ccc2cc(Cl)ccc2n1,,O=C(NCC(=O)N1CCCCC1c1ccc(C(F)(F)F)cc1)c1ccc2cc(Cl)ccc2n1,0.30412405729293823,0.21761855,0.42501628,2.7771093768633843,-8.37
O=C(NCC(=O)N1CCCCC1c1ccc(C(F)(F)F)cc1)c1ccc2cc(F)ccc2n1,,O=C(NCC(=O)N1CCCCC1c1ccc(C(F)(F)F)cc1)c1ccc2cc(F)ccc2n1,0.315273255109787,0.21866985,0.45455378,2.7878170691710764,-8.62
CN(CC(=O)N1CCC[C@H]1c1ncccn1)C(=O)CNC(=O)c1ccc2ccccc2n1,,CN(CC(=O)N1CCC[C@H]1c1ncccn1)C(=O)CNC(=O)c1ccc2ccccc2n1,0.3188721537590027,0.23989812,0.42384434,2.996620164485865,-8.36
Cc1ccccc1CNC(=O)CNC(=O)c1ccc2cc(Cl)ccc2n1,,Cc1ccccc1CNC(=O)CNC(=O)c1ccc2cc(Cl)ccc2n1,0.2616317868232727,0.14941627,0.45812404,1.9787232524574243,-8.65
O=C(NCC(=O)N1CCCCC1c1cccc([N+](=O)[O-])c1)c1ccc2ccccc2n1,,O=C(NCC(=O)N1CCCCC1c1cccc([N+](=O)[O-])c1)c1ccc2ccccc2n1,0.3488213121891022,0.20906515,0.5820018,2.6885637321708487,-9.69
O=C(NCC(=O)N1CCCC1c1cccnc1)c1ccc2cc(F)ccc2n1,,O=C(NCC(=O)N1CCCC1c1cccnc1)c1ccc2cc(F)ccc2n1,0.32557213306427,0.21199442,0.5,2.7191807010521067,-9.0
CN(CCNC(=O)c1ccc2cc(Cl)ccc2n1)C(=O)CN1CCCCC1,,CN(CCNC(=O)c1ccc2cc(Cl)ccc2n1)C(=O)CN1CCCCC1,0.24773484468460083,0.16741362,0.36659235,2.213446041758102,-7.86
O=C(NCC(=O)N1CCCC(F)C1)c1ccc2cc(Cl)ccc2n1,,O=C(NCC(=O)N1CCCC(F)C1)c1ccc2cc(Cl)ccc2n1,0.2616332173347473,0.21382004,0.3201381,2.7381057844116388,-7.43
O=C(NCC(=O)N1CCCCC1c1ccccc1)c1cnc2ccccc2n1,,O=C(NCC(=O)N1CCCCC1c1ccccc1)c1cnc2ccccc2n1,0.3067694306373596,0.19572234,0.48082125,2.5449376324675743,-8.84
CC(C)(C)CNC(=O)CNC(=O)c1ccc2cc(Cl)ccc2n1,,CC(C)(C)CNC(=O)CNC(=O)c1ccc2cc(Cl)ccc2n1,0.2268323302268982,0.16230482,0.31701404,2.1489815312155915,-7.4
CC(C)C[C@H](NC(=O)CNC(=O)c1ccc2ccccc2n1)C(=O)NCc1ccccc1,,CC(C)C[C@H](NC(=O)CNC(=O)c1ccc2ccccc2n1)C(=O)NCc1ccccc1,0.3511123061180115,0.19293858,0.63895905,2.5140497668233266,-10.19
O=C(NCC(=O)N1CCCC1c1cccc(Cl)c1)c1ccc2cc(F)ccc2n1,,O=C(NCC(=O)N1CCCC1c1cccc(Cl)c1)c1ccc2cc(F)ccc2n1,0.3294830918312073,0.20671496,0.5251633,2.6637707727927626,-9.21
O=C(NCC(=O)N1CCC[C@@H]1c1ncc[nH]1)c1ccc2ccccc2n1,,O=C(NCC(=O)N1CCC[C@@H]1c1ncc[nH]1)c1ccc2ccccc2n1,0.28712892532348633,0.22420846,0.36770695,2.843627904512573,-7.87
COc1ccccc1NC(=O)[C@@H]1CCCN1C(=O)CNC(=O)c1ccc2cc(Cl)ccc2n1,,COc1ccccc1NC(=O)[C@@H]1CCCN1C(=O)CNC(=O)c1ccc2cc(Cl)ccc2n1,0.3207409083843231,0.20574945,0.5,2.6535248037151877,-9.0
O=C(NCC(=O)N1CCC[C@H]1CO)c1ccc2c(F)cccc2n1,,O=C(NCC(=O)N1CCC[C@H]1CO)c1ccc2c(F)cccc2n1,0.2411842942237854,0.20783293,0.27988762,2.6755903997962562,-7.03
O=C(NCC(=O)N1CCCC1c1cccc(C(F)(F)F)c1)c1ccc2ccccc2n1,,O=C(NCC(=O)N1CCCC1c1cccc(C(F)(F)F)c1)c1ccc2ccccc2n1,0.3467441201210022,0.21039234,0.57146317,2.702474431864413,-9.6
O=C(NCC(=O)N1C[C@H](O)C[C@H]1CN1CCCCC1)c1ccc2cc(F)ccc2n1,,O=C(NCC(=O)N1C[C@H](O)C[C@H]1CN1CCCCC1)c1ccc2cc(F)ccc2n1,0.3339691162109375,0.26098534,0.42736256,3.1918522995593346,-8.39
O=C(NCC(=O)N1CCCC1c1ccncc1)c1ccc2cc(Cl)ccc2n1,,O=C(NCC(=O)N1CCCC1c1ccncc1)c1ccc2cc(Cl)ccc2n1,0.3045676350593567,0.21237603,0.43677926,2.7231465130179195,-8.47
Nc1ccc(CNC(=O)CNC(=O)c2ccc3ccccc3n2)cc1,,Nc1ccc(CNC(=O)CNC(=O)c2ccc3ccccc3n2)cc1,0.24861282110214233,0.14502563,0.426189,1.9179666207920256,-8.38
O=C(NCC(=O)N1CCCC[C@H]1c1nc(-c2ccccc2)cs1)c1ccc2cc(Cl)ccc2n1,,O=C(NCC(=O)N1CCCC[C@H]1c1nc(-c2ccccc2)cs1)c1ccc2cc(Cl)ccc2n1,0.3539239466190338,0.22428524,0.5584948,2.8443946528528645,-9.49
O=C(NCC(=O)N1CCCC[C@H]1c1nc(-c2ccccc2)co1)c1ccc2cc(Cl)ccc2n1,,O=C(NCC(=O)N1CCCC[C@H]1c1nc(-c2ccccc2)co1)c1ccc2cc(Cl)ccc2n1,0.3551698327064514,0.23382244,0.5394932,2.9382268206850313,-9.33
O=C(NCC(=O)N1CC[C@H](O)[C@H]1Cc1ccc(Cl)cc1)c1ccc2cc(F)ccc2n1,,O=C(NCC(=O)N1CC[C@H](O)[C@H]1Cc1ccc(Cl)cc1)c1ccc2cc(F)ccc2n1,0.3827965259552002,0.2569459,0.57028794,3.1552850562911594,-9.59
O=C(NCC(=O)N1CCCCC1c1cccc(O)c1)c1ccc2cc(F)ccc2n1,,O=C(NCC(=O)N1CCCCC1c1cccc(O)c1)c1ccc2cc(F)ccc2n1,0.326501727104187,0.21320677,0.5,2.731761540151288,-9.0
O=C(NCC(=O)N1C[C@H](O)[C@H](c2ccc(Cl)cc2)C1)c1ccc2ccccc2n1,,O=C(NCC(=O)N1C[C@H](O)[C@H](c2ccc(Cl)cc2)C1)c1ccc2ccccc2n1,0.35226985812187195,0.23683569,0.52396685,2.9673164085936765,-9.2
O=C(NCC(=O)N1CCC[C@H]1Cn1cccn1)c1ccc2cc(F)ccc2n1,,O=C(NCC(=O)N1CCC[C@H]1Cn1cccn1)c1ccc2cc(F)ccc2n1,0.3059854209423065,0.22844106,0.40985227,2.8856200172914246,-8.24
O=C(NCC(=O)N1CCC[C@H]1Cc1ccc(Cl)cc1)c1ccc2cc(F)ccc2n1,,O=C(NCC(=O)N1CCC[C@H]1Cc1ccc(Cl)cc1)c1ccc2cc(F)ccc2n1,0.3229992091655731,0.2076608,0.5023986,2.6737735258400175,-9.02
O=C(NCC(=O)N1CCC[C@H]1c1nc(-c2ccccc2)cs1)c1ccc2cc(Cl)ccc2n1,,O=C(NCC(=O)N1CCC[C@H]1c1nc(-c2ccccc2)cs1)c1ccc2cc(Cl)ccc2n1,0.3623614013195038,0.22249646,0.59014773,2.82648305862517,-9.76
O=C(NCC(=O)N1C[C@H](O)[C@H](c2ccccc2)C1)c1ccc2cc(F)ccc2n1,,O=C(NCC(=O)N1C[C@H](O)[C@H](c2ccccc2)C1)c1ccc2cc(F)ccc2n1,0.345002681016922,0.24152935,0.49280488,3.0121245642933996,-8.94
O=C(NCC(=O)N1CCC[C@H]1Cn1cccn1)c1ccc2ccccc2n1,,O=C(NCC(=O)N1CCC[C@H]1Cn1cccn1)c1ccc2ccccc2n1,0.305846631526947,0.21828264,0.42853683,2.78387791299107,-8.4
COc1ccccc1NC(=O)CNC(=O)CNC(=O)c1ccc2cc(Cl)ccc2n1,,COc1ccccc1NC(=O)CNC(=O)CNC(=O)c1ccc2cc(Cl)ccc2n1,0.2664010524749756,0.15531692,0.45693356,2.0581000960866085,-8.64
Cc1ccccc1[C@H](C)NC(=O)CNC(=O)c1ccc2cc(F)ccc2n1,,Cc1ccccc1[C@H](C)NC(=O)CNC(=O)c1ccc2cc(F)ccc2n1,0.29671311378479004,0.19117777,0.4605068,2.494337332352522,-8.67
O=C(NCC(=O)N1CC[C@H](c2cccnc2)C1)c1ccc2cc(Cl)ccc2n1,,O=C(NCC(=O)N1CC[C@H](c2cccnc2)C1)c1ccc2cc(Cl)ccc2n1,0.3086196184158325,0.21287486,0.4474275,2.7283225813939875,-8.56
O=C(NCC(=O)N1CCCC1c1ccc(OC(F)(F)F)cc1)c1ccc2ccccc2n1,,O=C(NCC(=O)N1CCCC1c1ccc(OC(F)(F)F)cc1)c1ccc2ccccc2n1,0.30253586173057556,0.21299833,0.429712,2.729602429545219,-8.41
CN(CCNC(=O)c1ccc2cc(Cl)ccc2n1)C(=O)CNC(=O)c1cccc2ccccc12,,CN(CCNC(=O)c1ccc2cc(Cl)ccc2n1)C(=O)CNC(=O)c1cccc2ccccc12,0.317572683095932,0.17433533,0.5784967,2.298326849758464,-9.66
O=C(NCC(=O)N1CC[C@H](c2ncc[nH]2)C1)c1ccc2ccccc2n1,,O=C(NCC(=O)N1CC[C@H](c2ncc[nH]2)C1)c1ccc2ccccc2n1,0.3332500755786896,0.22535412,0.49280488,2.855049159573303,-8.94
O=C(NCC(=O)N1CC[C@H](c2ccc(Cl)cc2)C1)c1ccc2cc(F)ccc2n1,,O=C(NCC(=O)N1CC[C@H](c2ccc(Cl)cc2)C1)c1ccc2cc(F)ccc2n1,0.31601598858833313,0.20363915,0.4904071,2.631005434516581,-8.92
O=C(NCC(=O)N1CCCCCC1c1ccc(F)cc1)c1ccc2cc(Cl)ccc2n1,,O=C(NCC(=O)N1CCCCCC1c1ccc(F)cc1)c1ccc2cc(Cl)ccc2n1,0.22786232829093933,0.20544599,0.25272453,2.6502970078839,-6.74
C[C@H](NC(=O)CNC(=O)c1ccc2ccccc2n1)c1cccc(Cl)c1,,C[C@H](NC(=O)CNC(=O)c1ccc2ccccc2n1)c1cccc(Cl)c1,0.301911324262619,0.18099855,0.5035977,2.37756208221254,-9.03
O=C(NCC(=O)N1C[C@H](O)C[C@H]1/C=C/c1ccccc1)c1ccc2ccccc2n1,,O=C(NCC(=O)N1C[C@H](O)C[C@H]1/C=C/c1ccccc1)c1ccc2ccccc2n1,0.3696599304676056,0.26139298,0.52277017,3.195522029989289,-9.19
O=C(NCC(=O)N1CCCC[C@H]1c1nc(-c2ccccc2)co1)c1ccc2ccccc2n1,,O=C(NCC(=O)N1CCCC[C@H]1c1nc(-c2ccccc2)co1)c1ccc2ccccc2n1,0.34642237424850464,0.2254379,0.532335,2.8558828950645054,-9.27
O=C(NCC(=O)N1CCCCC1c1ccc(Cl)cc1)c1ccc2cc(C(F)(F)F)ccc2n1,,O=C(NCC(=O)N1CCCCC1c1ccc(Cl)cc1)c1ccc2cc(C(F)(F)F)ccc2n1,0.3100283443927765,0.21712239,0.4426884,2.772042875622688,-8.52
O=C(NCC(=O)N1CCCC[C@H]1CNc1ccc(Cl)cc1)c1ccc2cc(Cl)ccc2n1,,O=C(NCC(=O)N1CCCC[C@H]1CNc1ccc(Cl)cc1)c1ccc2cc(Cl)ccc2n1,0.31015223264694214,0.21499439,0.4474275,2.750217321676498,-8.56
O=C(NCC(=O)N1CCCC1c1ccncc1)c1ccc2cc(F)ccc2n1,,O=C(NCC(=O)N1CCCC1c1ccncc1)c1ccc2cc(F)ccc2n1,0.311569482088089,0.21356225,0.45455378,2.735440530111937,-8.62
O=C(NCC(=O)N1C[C@H](O)C[C@H]1c1ccc(Cl)c(Cl)c1)c1ccc2ccccc2n1,,O=C(NCC(=O)N1C[C@H](O)C[C@H]1c1ccc(Cl)c(Cl)c1)c1ccc2ccccc2n1,0.3630244731903076,0.24812035,0.5311405,3.0740560415355516,-9.26
CC(C)CCNC(=O)CNC(=O)c1ccc2cc(Cl)ccc2n1,,CC(C)CCNC(=O)CNC(=O)c1ccc2cc(Cl)ccc2n1,0.24118080735206604,0.15396525,0.37780076,2.0401383306661423,-7.96
O=C(NCC(=O)N1CCCC1)c1ccc2cc(F)ccc2n1,,O=C(NCC(=O)N1CCCC1)c1ccc2cc(F)ccc2n1,0.19688783586025238,0.15120919,0.25636548,2.0031101703735708,-6.78
CC(C)[C@H](NC(=O)CNC(=O)c1ccc2cc(Cl)ccc2n1)c1ccccc1,,CC(C)[C@H](NC(=O)CNC(=O)c1ccc2cc(Cl)ccc2n1)c1ccccc1,0.30072012543678284,0.19337045,0.46766502,2.518864072251935,-8.73
CC(C)C[C@H](NC(=O)CNC(=O)c1ccc2ccccc2n1)C(=O)NC1CCCC1,,CC(C)C[C@H](NC(=O)CNC(=O)c1ccc2ccccc2n1)C(=O)NC1CCCC1,0.3202597200870514,0.20222256,0.5071951,2.615791402300083,-9.06
O=C(NCC(=O)N1CCCC[C@H]1c1nc(-c2ccccc2)cs1)c1ccc2cc(F)ccc2n1,,O=C(NCC(=O)N1CCCC[C@H]1c1nc(-c2ccccc2)cs1)c1ccc2cc(F)ccc2n1,0.37304067611694336,0.22529423,0.6176783,2.854453394111605,-10.0
O=C(NCC(=O)N1CCC[C@H]1CNc1ccc(Cl)cc1)c1ccc2ccccc2n1,,O=C(NCC(=O)N1CCC[C@H]1CNc1ccc(Cl)cc1)c1ccc2ccccc2n1,0.3308696150779724,0.20473172,0.5347227,2.6426858569731984,-9.29
O=C(NCC(=O)N1CCCCC1Cc1ccccn1)c1ccc2ccccc2n1,,O=C(NCC(=O)N1CCCCC1Cc1ccccn1)c1ccc2ccccc2n1,0.34088149666786194,0.21165332,0.5490119,2.7156313408568735,-9.41
CC(C)NC(=O)CNC(=O)CNC(=O)c1ccc2cc(Cl)ccc2n1,,CC(C)NC(=O)CNC(=O)CNC(=O)c1ccc2cc(Cl)ccc2n1,0.2381938397884369,0.1581145,0.35883057,2.094874647547879,-7.79
O=C(NCC(=O)N1CCCCCC1C1CCOCC1)c1ccc2cc(Cl)ccc2n1,,O=C(NCC(=O)N1CCCCCC1C1CCOCC1)c1ccc2cc(Cl)ccc2n1,0.2551666498184204,0.22787628,0.2857253,2.880048721694685,-7.09
N[C@@H]1CCN(C(=O)CNC(=O)c2ccc3cc(Cl)ccc3n2)[C@H]1CO,,N[C@@H]1CCN(C(=O)CNC(=O)c2ccc3cc(Cl)ccc3n2)[C@H]1CO,0.2875656187534332,0.2669368,0.30978864,3.2450683580961748,-7.33
O=C(NCC(=O)N1CC[C@H](c2ccncc2)C1)c1ccc2cc(F)ccc2n1,,O=C(NCC(=O)N1CC[C@H](c2ccncc2)C1)c1ccc2cc(F)ccc2n1,0.3161070942878723,0.21476154,0.46527737,2.747820017291424,-8.71
COC[C@H](NC(=O)CNC(=O)c1ccc2ccccc2n1)c1ccccc1,,COC[C@H](NC(=O)CNC(=O)c1ccc2ccccc2n1)c1ccccc1,0.27493083477020264,0.1892267,0.39945185,2.4723319913372617,-8.15
O=C(NCC(=O)N1CCCC[C@H]1CNCc1ccccc1)c1ccc2ccccc2n1,,O=C(NCC(=O)N1CCCC[C@H]1CNCc1ccccc1)c1ccc2ccccc2n1,0.34534820914268494,0.20249239,0.58898693,2.6186953628564975,-9.75
O=C(NCC(=O)N1CCCC1c1ccc(O)cc1)c1ccc2ccccc2n1,,O=C(NCC(=O)N1CCCC1c1ccc(O)cc1)c1ccc2ccccc2n1,0.311395525932312,0.19821246,0.48920828,2.5722866839580902,-8.91
COCCNC(=O)CNC(=O)c1ccc2cc(Cl)ccc2n1,,COCCNC(=O)CNC(=O)c1ccc2cc(Cl)ccc2n1,0.20279008150100708,0.15106916,0.27221847,2.0012139279063597,-6.95
O=C(NCC(=O)N1CCC[C@H]1c1ncccn1)c1ccc2ccccc2n1,,O=C(NCC(=O)N1CCC[C@H]1c1ncccn1)c1ccc2ccccc2n1,0.30102434754371643,0.21984762,0.41217488,2.7997694417155117,-8.26
O=C(NCC(=O)N1CC[C@H](O)[C@H]1CO)c1ccc2cc(F)ccc2n1,,O=C(NCC(=O)N1CC[C@H](O)[C@H]1CO)c1ccc2cc(F)ccc2n1,0.2885400354862213,0.26262358,0.31701404,3.206578028425846,-7.4
O=C(NCC(=O)N1CC[C@H](O)[C@H]1c1ccccc1)c1ccc2cc(Cl)ccc2n1,,O=C(NCC(=O)N1CC[C@H](O)[C@H]1c1ccccc1)c1ccc2cc(Cl)ccc2n1,0.3353731334209442,0.24298401,0.46289116,3.025890643996828,-8.69
O=C(NCC(=O)N1CCCC[C@H]1Cn1cccn1)c1ccc2cc(F)ccc2n1,,O=C(NCC(=O)N1CCCC[C@H]1Cn1cccn1)c1ccc2cc(F)ccc2n1,0.3099029064178467,0.22912139,0.4191656,2.892318541891134,-8.32
O=C(NCC(=O)N1CCCC[C@H]1CNc1ccc(Cl)cc1)c1ccc2cc(F)ccc2n1,,O=C(NCC(=O)N1CCCC[C@H]1CNc1ccc(Cl)cc1)c1ccc2cc(F)ccc2n1,0.3345275819301605,0.21604784,0.5179811,2.7610414019440572,-9.15
O=C(NCC(=O)N1C[C@H](O)[C@H](c2ccccc2)C1)c1ccc2cc(Cl)ccc2n1,,O=C(NCC(=O)N1C[C@H](O)[C@H](c2ccccc2)C1)c1ccc2cc(Cl)ccc2n1,0.34618642926216125,0.2402664,0.4988007,3.000126788575143,-8.99
O=C(NCC(=O)N1C[C@H](O)C[C@H]1COCc1ccc(Cl)cc1)c1ccc2ccccc2n1,,O=C(NCC(=O)N1C[C@H](O)C[C@H]1COCc1ccc(Cl)cc1)c1ccc2ccccc2n1,0.36833685636520386,0.24982584,0.5430665,3.089901038228512,-9.36
O=C(NCC(=O)N1C[C@H](F)C[C@H]1COc1ccccc1)c1ccc2ccccc2n1,,O=C(NCC(=O)N1C[C@H](F)C[C@H]1COc1ccccc1)c1ccc2ccccc2n1,0.33522841334342957,0.24593964,0.45693356,3.053689669246583,-8.64
O=C(NCC(=O)N1CCCC1c1cccc(F)c1)c1ccc2cc(Cl)ccc2n1,,O=C(NCC(=O)N1CCCC1c1cccc(F)c1)c1ccc2cc(Cl)ccc2n1,0.31805121898651123,0.20627062,0.4904071,2.6590597440624553,-8.92
O=C(NCC(=O)N1C[C@@H](F)C[C@H]1c1ccccc1)c1ccc2cc(F)ccc2n1,,O=C(NCC(=O)N1C[C@@H](F)C[C@H]1c1ccccc1)c1ccc2cc(F)ccc2n1,0.3514944314956665,0.25131577,0.491606,3.1036843418652245,-8.93
O=C(NCC(=O)N1CC[C@H](O)[C@H]1COc1ccccc1)c1ccc2ccccc2n1,,O=C(NCC(=O)N1CC[C@H](O)[C@H]1COc1ccccc1)c1ccc2ccccc2n1,0.34903377294540405,0.24780941,0.491606,3.071159695771782,-8.93
O=C(NCC(=O)N1CCCCC1CCO)c1ccc2ccccc2n1,,O=C(NCC(=O)N1CCCCC1CCO)c1ccc2ccccc2n1,0.27562540769577026,0.20108317,0.37780076,2.603496614788307,-7.96
N[C@@H]1CCN(C(=O)CNC(=O)c2ccc3cc(Cl)ccc3n2)[C@H]1c1ccccc1,,N[C@@H]1CCN(C(=O)CNC(=O)c2ccc3cc(Cl)ccc3n2)[C@H]1c1ccccc1,0.33871811628341675,0.24721806,0.46408403,3.065644119437051,-8.7
Cc1ccccc1NC(=O)CNC(=O)c1ccc2cc(Cl)ccc2n1,,Cc1ccccc1NC(=O)CNC(=O)c1ccc2cc(Cl)ccc2n1,0.26707878708839417,0.14164299,0.5035977,1.8701084409437065,-9.03
O=C(NCC(=O)N1CCCC[C@H]1c1c[nH]c2ccccc12)c1ccc2cc(F)ccc2n1,,O=C(NCC(=O)N1CCCC[C@H]1c1c[nH]c2ccccc12)c1ccc2cc(F)ccc2n1,0.36338281631469727,0.22244227,0.59362394,2.8259387587247247,-9.79
O=C(NCC(=O)N1CCCCC1c1ccc(Cl)cc1)c1ccc2ccc(F)cc2n1,,O=C(NCC(=O)N1CCCCC1c1ccc(Cl)cc1)c1ccc2ccc(F)cc2n1,0.3315619230270386,0.20513159,0.535916,2.646949017789929,-9.3
O=C(NCC(=O)N1C[C@@H](F)C[C@H]1c1ccc(Cl)cc1)c1ccc2cc(F)ccc2n1,,O=C(NCC(=O)N1C[C@@H](F)C[C@H]1c1ccc(Cl)cc1)c1ccc2cc(F)ccc2n1,0.35347509384155273,0.25729272,0.4856128,3.15843938995184,-8.88
O=C(NCC(=O)N1CCCC[C@H]1CNC1CCCCC1)c1ccc2cc(F)ccc2n1,,O=C(NCC(=O)N1CCCC[C@H]1CNC1CCCCC1)c1ccc2cc(F)ccc2n1,0.3614110052585602,0.22487977,0.58083445,2.8503252360602183,-9.68
O=C(NCC(=O)N1CCCC1c1cccc(Br)c1)c1ccc2ccccc2n1,,O=C(NCC(=O)N1CCCC1c1cccc(Br)c1)c1ccc2ccccc2n1,0.33231788873672485,0.20071845,0.5501994,2.599549931821338,-9.42
O=C(NCC(=O)N1CCC[C@H]1c1cnc(Cl)c(Cl)c1)c1ccc2cc(Cl)ccc2n1,,O=C(NCC(=O)N1CCC[C@H]1c1cnc(Cl)c(Cl)c1)c1ccc2cc(Cl)ccc2n1,0.33781978487968445,0.23101479,0.49400395,2.9108871489064185,-8.95
O=C(NCC(=O)N1CCCC1c1ccccc1Cl)c1ccc2ccccc2n1,,O=C(NCC(=O)N1CCCC1c1ccccc1Cl)c1ccc2ccccc2n1,0.30961477756500244,0.19643323,0.48800963,2.552772154043561,-8.9
O=C(NCC(=O)N1C[C@H](O)C[C@H]1C1CCOCC1)c1ccc2ccccc2n1,,O=C(NCC(=O)N1C[C@H](O)C[C@H]1C1CCOCC1)c1ccc2ccccc2n1,0.37134289741516113,0.26438382,0.52157336,3.222334410171939,-9.18
C[C@H](c1ccccc1)N(C)C(=O)CNC(=O)c1ccc2cc(Cl)ccc2n1,,C[C@H](c1ccccc1)N(C)C(=O)CNC(=O)c1ccc2cc(Cl)ccc2n1,0.30117836594581604,0.19545683,0.46408403,2.5420063606926036,-8.7
O=C(NCC(=O)N1CCC[C@H]1CNC1CCCCC1)c1ccc2cc(F)ccc2n1,,O=C(NCC(=O)N1CCC[C@H]1CNC1CCCCC1)c1ccc2cc(F)ccc2n1,0.3335914611816406,0.22363937,0.49760145,2.8379389073710772,-8.98
O=C(NCC(=O)N1CC[C@H](c2ncc[nH]2)C1)c1ccc2cc(F)ccc2n1,,O=C(NCC(=O)N1CC[C@H](c2ncc[nH]2)C1)c1ccc2cc(F)ccc2n1,0.3307558000087738,0.23573186,0.46408403,2.9566899795029418,-8.7
O=C(NCC(=O)N1CCCC[C@H]1c1ncccn1)c1ccc2ccccc2n1,,O=C(NCC(=O)N1CCCC[C@H]1c1ncccn1)c1ccc2ccccc2n1,0.315437912940979,0.220629,0.4509881,2.807673467364385,-8.59
CC(C)NC(=O)[C@H]1CCCN1C(=O)CNC(=O)c1ccc2ccccc2n1,,CC(C)NC(=O)[C@H]1CCCN1C(=O)CNC(=O)c1ccc2ccccc2n1,0.29653629660606384,0.19916813,0.44150525,2.582714053000295,-8.51
O=C(NCC(=O)N1CCCCC1)c1ccc2cc(OC(F)(F)F)ccc2n1,,O=C(NCC(=O)N1CCCCC1)c1ccc2cc(OC(F)(F)F)ccc2n1,0.21275608241558075,0.16862696,0.26843363,2.2285243424048247,-6.91
O=C(NCC(=O)N1CCC[C@H]1CNC1CCCCC1)c1ccc2ccccc2n1,,O=C(NCC(=O)N1CCC[C@H]1CNC1CCCCC1)c1ccc2ccccc2n1,0.3308747112751007,0.2138284,0.5119903,2.738192426829725,-9.1
COc1ccc2ccc(C(=O)NCC(=O)N3CCC[C@H]3c3ccccc3)nc2c1,,COc1ccc2ccc(C(=O)NCC(=O)N3CCC[C@H]3c3ccccc3)nc2c1,0.2893258333206177,0.19695581,0.42501628,2.558517442990036,-8.37
O=C(NCC(=O)N1C[C@@H](F)C[C@H]1c1ccc(Cl)cc1)c1ccc2cc(Cl)ccc2n1,,O=C(NCC(=O)N1C[C@@H](F)C[C@H]1c1ccc(Cl)cc1)c1ccc2cc(Cl)ccc2n1,0.3468959331512451,0.25600612,0.47005433,3.1467239148387183,-8.75
O=C(NCC(=O)N1CCCC[C@H]1CNC1CCCCC1)c1ccc2cc(Cl)ccc2n1,,O=C(NCC(=O)N1CCCC[C@H]1CNC1CCCCC1)c1ccc2cc(Cl)ccc2n1,0.3360939621925354,0.22377147,0.5047969,2.839260620675603,-9.04
CC(C)[C@H]1C[C@@H](O)CN1C(=O)CNC(=O)c1ccc2cc(Cl)ccc2n1,,CC(C)[C@H]1C[C@@H](O)CN1C(=O)CNC(=O)c1ccc2cc(Cl)ccc2n1,0.32212498784065247,0.25976726,0.39945185,3.1808646883062703,-8.15
O=C(NCC(=O)N1CCC[C@H]1Cc1ccc(Cl)cc1)c1ccc2cc(Cl)ccc2n1,,O=C(NCC(=O)N1CCC[C@H]1Cc1ccc(Cl)cc1)c1ccc2cc(Cl)ccc2n1,0.312395840883255,0.2065662,0.47244495,2.6621942771816993,-8.77
O=C(NCC(=O)N1C[C@H](O)C[C@H]1c1ccccc1)c1ccc2cc(C(F)(F)F)ccc2n1,,O=C(NCC(=O)N1C[C@H](O)C[C@H]1c1ccccc1)c1ccc2cc(C(F)(F)F)ccc2n1,0.3419967591762543,0.2553059,0.45812404,3.1403311720077776,-8.65
O=C(NCC(=O)N1CC[C@H](c2ccccn2)C1)c1ccc2cc(F)ccc2n1,,O=C(NCC(=O)N1CC[C@H](c2ccccn2)C1)c1ccc2cc(F)ccc2n1,0.31938838958740234,0.21646488,0.47124946,2.7653157437871503,-8.76
COc1ccccc1[C@H](C)NC(=O)CNC(=O)c1ccc2cc(F)ccc2n1,,COc1ccccc1[C@H](C)NC(=O)CNC(=O)c1ccc2cc(F)ccc2n1,0.27621105313301086,0.19209881,0.3971526,2.50466563018767,-8.13
O=C(NCC(=O)N1CCC[C@H]1c1ccc(Cl)cc1)c1ccc2ccc(Cl)cc2n1,,O=C(NCC(=O)N1CCC[C@H]1c1ccc(Cl)cc1)c1ccc2ccc(Cl)cc2n1,0.3081829845905304,0.20205483,0.47005433,2.6139846745536524,-8.75
COCCNC(=O)c1ccc2cc(F)ccc2n1,,COCCNC(=O)c1ccc2cc(F)ccc2n1,0.15672901272773743,0.14361018,0.17104626,1.8980552449964403,-5.71
O=C(NCC(=O)N1CCCC(F)(F)C1)c1ccc2ccccc2n1,,O=C(NCC(=O)N1CCCC(F)(F)C1)c1ccc2ccccc2n1,0.23511838912963867,0.1796337,0.307741,2.36152013430676,-7.31
O=C(NCC(=O)N1CCCCC1c1ccccc1F)c1ccc2ccccc2n1,,O=C(NCC(=O)N1CCCCC1c1ccccc1F)c1ccc2ccccc2n1,0.3203282952308655,0.19901694,0.5155854,2.581066893539486,-9.13
O=C(NCC(=O)N1CCCC1c1ccc(Br)cc1)c1ccc2cc(Cl)ccc2n1,,O=C(NCC(=O)N1CCCC1c1ccc(Br)cc1)c1ccc2cc(Cl)ccc2n1,0.31243354082107544,0.2055753,0.47483677,2.651672904396099,-8.79
O=C(NCC(=O)N1CCC[C@@H]1c1ncc(C2CCCC2)o1)c1ccc2cc(F)ccc2n1,,O=C(NCC(=O)N1CCC[C@@H]1c1ncc(C2CCCC2)o1)c1ccc2cc(F)ccc2n1,0.3609426021575928,0.25808316,0.5047969,3.1656176669133096,-9.04
O=C(NCC(=O)N1CCCC1Cc1ccccn1)c1ccc2ccccc2n1,,O=C(NCC(=O)N1CCCC1Cc1ccccn1)c1ccc2ccccc2n1,0.3247065246105194,0.2103641,0.50119925,2.7021792834994702,-9.01
O=C(NCC(=O)N1CCCCC1/C=C/c1ccccc1)c1ccc2ccccc2n1,,O=C(NCC(=O)N1CCCCC1/C=C/c1ccccc1)c1ccc2ccccc2n1,0.3525904715061188,0.21754692,0.57146317,2.7763785022589484,-9.6
O=C(NCC(=O)N1C[C@H](O)[C@H](O)[C@H]1C1CCCC1)c1ccc2cc(Cl)ccc2n1,,O=C(NCC(=O)N1C[C@H](O)[C@H](O)[C@H]1C1CCCC1)c1ccc2cc(Cl)ccc2n1,0.3494345247745514,0.2970818,0.41101313,3.503884947037241,-8.25
O=C(NCC(=O)N1C[C@H](O)[C@H](O)[C@H]1C1CCCCC1)c1ccc2cc(F)ccc2n1,,O=C(NCC(=O)N1C[C@H](O)[C@H](O)[C@H]1C1CCCCC1)c1ccc2cc(F)ccc2n1,0.3767046332359314,0.29885298,0.47483677,3.5185940207307542,-8.79
O=C(NCC(=O)N1CCC[C@H]1CNC1CC1)c1ccc2ccccc2n1,,O=C(NCC(=O)N1CCC[C@H]1CNC1CC1)c1ccc2ccccc2n1,0.2961241900920868,0.20920022,0.4191656,2.689982406536865,-8.32
O=C(NCC(=O)N1CCCC[C@H]1COc1ccccc1)c1ccc2ccccc2n1,,O=C(NCC(=O)N1CCCC[C@H]1COc1ccccc1)c1ccc2ccccc2n1,0.31582850217819214,0.19807008,0.5035977,2.570730075685521,-9.03
O=C(NCC(=O)N1CC[C@H](CO)C1)c1ccc2cc(F)ccc2n1,,O=C(NCC(=O)N1CC[C@H](CO)C1)c1ccc2cc(F)ccc2n1,0.2704344689846039,0.20507407,0.35662627,2.646336327398066,-7.77
O=C(NCC(=O)N1CCCCC1c1ccccc1)c1ccc2cc(Br)ccc2n1,,O=C(NCC(=O)N1CCCCC1c1ccccc1)c1ccc2cc(Br)ccc2n1,0.3116679787635803,0.20102154,0.48321658,2.602830080352671,-8.86
O=C(NCC(=O)N1C[C@H](O)C[C@H]1C(=O)N1CCCC1)c1ccc2ccccc2n1,,O=C(NCC(=O)N1C[C@H](O)C[C@H]1C(=O)N1CCCC1)c1ccc2ccccc2n1,0.327997088432312,0.24367112,0.44150525,3.0323733131349204,-8.51
O=C(NCC(=O)N1C[C@H](F)C[C@H]1CO)c1ccc2ccccc2n1,,O=C(NCC(=O)N1C[C@H](F)C[C@H]1CO)c1ccc2ccccc2n1,0.2654396593570709,0.25173756,0.27988762,3.1075762607511805,-7.03
O=C(NCC(=O)N1CCC[C@H]1CNCC1CC1)c1ccc2cc(Cl)ccc2n1,,O=C(NCC(=O)N1CCC[C@H]1CNCC1CC1)c1ccc2cc(Cl)ccc2n1,0.29957884550094604,0.22338825,0.40175563,2.8354254232743283,-8.17
C[C@H](NC(=O)CCNC(=O)c1ccc2ccccc2n1)c1ccccc1,,C[C@H](NC(=O)CCNC(=O)c1ccc2ccccc2n1)c1ccccc1,0.291817843914032,0.1732234,0.491606,2.2848734834599433,-8.93
C[C@@H](NC(=O)CNC(=O)c1ccc2cccc(Cl)c2n1)c1ccccc1,,C[C@@H](NC(=O)CNC(=O)c1ccc2cccc(Cl)c2n1)c1ccccc1,0.31306976079940796,0.1845325,0.5311405,2.4186645770150363,-9.26
O=C(NCC(=O)N1CCCC1c1ccc(O)cc1)c1ccc2cc(Cl)ccc2n1,,O=C(NCC(=O)N1CCCC1c1ccc(O)cc1)c1ccc2cc(Cl)ccc2n1,0.3067169785499573,0.20696184,0.45455378,2.6663848599104636,-8.62
C[C@H](NC(=O)CNC(=O)c1ccc2ccccc2n1)[C@H]1CCCN1,,C[C@H](NC(=O)CNC(=O)c1ccc2ccccc2n1)[C@H]1CCCN1,0.33549830317497253,0.2419183,0.46527737,3.0158107285851354,-8.71
C[C@H](NC(=O)CNC(=O)c1ccc2cc(Cl)ccc2n1)[C@H](O)c1ccccc1,,C[C@H](NC(=O)CNC(=O)c1ccc2cc(Cl)ccc2n1)[C@H](O)c1ccccc1,0.3308260142803192,0.2253768,0.4856128,2.855274948958048,-8.88
O=C(NCC(=O)N1CCCC1c1cccc(F)c1)c1ccc2cc(F)ccc2n1,,O=C(NCC(=O)N1CCCC1c1cccc(F)c1)c1ccc2cc(F)ccc2n1,0.3150038719177246,0.20740366,0.47842664,2.671057519780714,-8.82
O=C(NCC(=O)N1C[C@@H](F)C[C@H]1COc1ccccc1)c1ccc2cc(Cl)ccc2n1,,O=C(NCC(=O)N1C[C@@H](F)C[C@H]1COc1ccccc1)c1ccc2cc(Cl)ccc2n1,0.3284754455089569,0.2552706,0.42267346,3.1400093648477725,-8.35
O=C(NCC(=O)N1CCC[C@@H]1c1ncc(C2CCCC2)o1)c1ccc2cc(Cl)ccc2n1,,O=C(NCC(=O)N1CCC[C@@H]1c1ncc(C2CCCC2)o1)c1ccc2cc(Cl)ccc2n1,0.3584025204181671,0.2569047,0.5,3.1549099746056175,-9.0
N[C@@H]1CCN(C(=O)CNC(=O)c2ccc3ccccc3n2)[C@H]1C(=O)NC1CCCC1,,N[C@@H]1CCN(C(=O)CNC(=O)c2ccc3ccccc3n2)[C@H]1C(=O)NC1CCCC1,0.3871316909790039,0.26498652,0.56557953,3.2277138380208727,-9.55
O=C(NCC(=O)N1CCC[C@H]1CN1CCCCC1)c1ccc2cc(Cl)ccc2n1,,O=C(NCC(=O)N1CCC[C@H]1CN1CCCCC1)c1ccc2cc(Cl)ccc2n1,0.30396655201911926,0.21443075,0.43088806,2.744410300132893,-8.42
O=C(NCC(=O)N1CCC[C@H]1c1nc(-c2ccccc2)c[nH]1)c1ccc2ccccc2n1,,O=C(NCC(=O)N1CCC[C@H]1c1nc(-c2ccccc2)c[nH]1)c1ccc2ccccc2n1,0.35561513900756836,0.23650038,0.5347227,2.9640919818914,-9.29
O=C(NCC(=O)N1CC[C@H](OCc2ccccc2)C1)c1ccc2cc(F)ccc2n1,,O=C(NCC(=O)N1CC[C@H](OCc2ccccc2)C1)c1ccc2cc(F)ccc2n1,0.3207479417324066,0.20625319,0.4988007,2.6588747163896453,-8.99
O=C(NCC(=O)N1CCC[C@H]1Cc1c[nH]cn1)c1ccc2ccccc2n1,,O=C(NCC(=O)N1CCC[C@H]1Cc1c[nH]cn1)c1ccc2ccccc2n1,0.32239994406700134,0.23926523,0.43442047,2.9905852158148285,-8.45
C[C@@H](NC(=O)CNC(=O)c1ccc2ccc(F)cc2n1)c1ccccc1,,C[C@@H](NC(=O)CNC(=O)c1ccc2ccc(F)cc2n1)c1ccccc1,0.29767704010009766,0.18202461,0.48681116,2.389559587410046,-8.89
Cc1cccc(NC(=O)CNC(=O)c2ccc3cc(Cl)ccc3n2)c1,,Cc1cccc(NC(=O)CNC(=O)c2ccc3cc(Cl)ccc3n2)c1,0.2735511064529419,0.14380021,0.5203762,1.9007376933814086,-9.17
O=C(NCC(=O)N1CC[C@H](O)[C@H]1C1CC1)c1ccc2cc(Cl)ccc2n1,,O=C(NCC(=O)N1CC[C@H](O)[C@H]1C1CC1)c1ccc2cc(Cl)ccc2n1,0.30225861072540283,0.26262748,0.3478703,3.2066127652293464,-7.69
O=C(NCC(=O)N1CCCC1c1ccc(C(F)(F)F)cc1)c1ccc2cc(Cl)ccc2n1,,O=C(NCC(=O)N1CCCC1c1ccc(C(F)(F)F)cc1)c1ccc2cc(Cl)ccc2n1,0.3091270327568054,0.2158618,0.4426884,2.759132505622988,-8.52
O=C(NCC(=O)N1CCCC[C@H]1Cc1ccc(Cl)cc1)c1ccc2cc(F)ccc2n1,,O=C(NCC(=O)N1CCCC[C@H]1Cc1ccc(Cl)cc1)c1ccc2cc(F)ccc2n1,0.3368057906627655,0.2093434,0.5418759,2.6914854262071497,-9.35
CN(C)c1ccccc1[C@H]1CCCN1C(=O)CNC(=O)c1ccc2cc(Cl)ccc2n1,,CN(C)c1ccccc1[C@H]1CCCN1C(=O)CNC(=O)c1ccc2cc(Cl)ccc2n1,0.3238253593444824,0.22422644,0.46766502,2.843807473822455,-8.73
O=C(NCC(=O)N1C[C@H](F)C[C@H]1CN1CCCC1)c1ccc2ccccc2n1,,O=C(NCC(=O)N1C[C@H](F)C[C@H]1CN1CCCC1)c1ccc2ccccc2n1,0.3303680717945099,0.2582208,0.42267346,3.1668660341035624,-8.35
O=C(NCC(=O)N1CCCC[C@H]1c1ccc(-c2ccccc2)cc1)c1ccc2cc(F)ccc2n1,,O=C(NCC(=O)N1CCCC[C@H]1c1ccc(-c2ccccc2)cc1)c1ccc2cc(F)ccc2n1,0.3481253981590271,0.20740071,0.584334,2.671026183482441,-9.71
O=C(NCC(=O)N1CCCC[C@H]1c1cnc[nH]1)c1ccc2cc(Cl)ccc2n1,,O=C(NCC(=O)N1CCCC[C@H]1c1cnc[nH]1)c1ccc2cc(Cl)ccc2n1,0.31073349714279175,0.23964538,0.40290916,2.9942114702828757,-8.18
O=C(NCC(=O)N1CCCC[C@H]1c1ccc(Cl)c(Cl)c1)c1ccc2ccccc2n1,,O=C(NCC(=O)N1CCCC[C@H]1c1ccc(Cl)c(Cl)c1)c1ccc2ccccc2n1,0.32781994342803955,0.20416836,0.5263593,2.636669053568104,-9.22
O=C(NCC(=O)N1CCC[C@H]1c1ccc(Cl)cc1)c1ccc2c(Cl)cccc2n1,,O=C(NCC(=O)N1CCC[C@H]1c1ccc(Cl)cc1)c1ccc2c(Cl)cccc2n1,0.331866055727005,0.20235875,0.54425657,2.6172577051375256,-9.37
O=C(NCC(=O)N1CCCC[C@H]1CNC1CCCCC1)c1ccc2ccccc2n1,,O=C(NCC(=O)N1CCCC[C@H]1CNC1CCCCC1)c1ccc2ccccc2n1,0.31844982504844666,0.21519451,0.47124946,2.7522767540072,-8.76
O=C(NCC(=O)N1CCCC[C@H]1CN1CCCCC1)c1ccc2cc(F)ccc2n1,,O=C(NCC(=O)N1CCCC[C@H]1CN1CCCCC1)c1ccc2cc(F)ccc2n1,0.3192868232727051,0.21687718,0.47005433,2.769535724347204,-8.75
O=C(NCC(=O)N1C[C@H](O)C[C@H]1C1CCC1)c1ccc2cc(F)ccc2n1,,O=C(NCC(=O)N1C[C@H](O)C[C@H]1C1CCC1)c1ccc2cc(F)ccc2n1,0.3034515678882599,0.25820547,0.35662627,3.16672725379804,-7.77
O=C(NCC(=O)N1CCCCC1C1CCCCC1)c1ccc2ccc(Cl)cc2n1,,O=C(NCC(=O)N1CCCCC1C1CCCCC1)c1ccc2ccc(Cl)cc2n1,0.3486471474170685,0.21447405,0.5667578,2.744857003429594,-9.56
O=C(NCC(=O)N1CC[C@H](F)C1)c1ccc2cc(Cl)ccc2n1,,O=C(NCC(=O)N1CC[C@H](F)C1)c1ccc2cc(Cl)ccc2n1,0.23893365263938904,0.21193096,0.2693768,2.7185207137156766,-6.92
CC(C)CNC(=O)c1ccc2cc(Cl)ccc2n1,,CC(C)CNC(=O)c1ccc2cc(Cl)ccc2n1,0.17059078812599182,0.14220953,0.20463622,1.8781901952226825,-6.17
O=C(NCC(=O)N1CCC[C@H]1c1ccccc1)c1ccc2cc(Br)ccc2n1,,O=C(NCC(=O)N1CCC[C@H]1c1ccccc1)c1ccc2cc(Br)ccc2n1,0.31080523133277893,0.19941576,0.48441458,2.5854097608811664,-8.87
COC[C@H](NC(=O)CNC(=O)c1ccc2cc(Cl)ccc2n1)c1ccccc1,,COC[C@H](NC(=O)CNC(=O)c1ccc2cc(Cl)ccc2n1)c1ccccc1,0.2937048077583313,0.19803166,0.4355995,2.5703096540435624,-8.46
O=C(NCC(=O)N1CC[C@H](c2cnc[nH]2)C1)c1ccc2ccccc2n1,,O=C(NCC(=O)N1CC[C@H](c2cnc[nH]2)C1)c1ccc2ccccc2n1,0.33015522360801697,0.22783531,0.47842664,2.879644301273707,-8.82
O=C(NCC(=O)N1CCCCC1C1CC1)c1ccc2cc(F)ccc2n1,,O=C(NCC(=O)N1CCCCC1C1CC1)c1ccc2cc(F)ccc2n1,0.28671249747276306,0.20879224,0.39371222,2.685695138345597,-8.1
O=C(NCC(=O)N1C[C@H](O)C[C@H]1c1cc(F)cc(F)c1)c1ccc2ccccc2n1,,O=C(NCC(=O)N1C[C@H](O)C[C@H]1c1cc(F)cc(F)c1)c1ccc2ccccc2n1,0.3666679859161377,0.25776896,0.52157336,3.1627659057889446,-9.18
O=C(NCC(=O)N1CC[C@H](O)[C@H]1c1ccccc1)c1ccc2ccccc2n1,,O=C(NCC(=O)N1CC[C@H](O)[C@H]1c1ccccc1)c1ccc2ccccc2n1,0.34165307879447937,0.23345365,0.5,2.9346489400864684,-9.0
O=C(NCC(=O)N1CCCC[C@H]1CNc1ccccc1)c1ccc2cc(Cl)ccc2n1,,O=C(NCC(=O)N1CCCC[C@H]1CNc1ccccc1)c1ccc2cc(Cl)ccc2n1,0.32586902379989624,0.20986453,0.50599605,2.696949851444833,-9.05
COC[C@H]1CCCN1C(=O)CNC(=O)c1ccc2ccccc2n1,,COC[C@H]1CCCN1C(=O)CNC(=O)c1ccc2ccccc2n1,0.2446565181016922,0.19977157,0.2996263,2.5892790187220864,-7.23
O=C(NCC(=O)N1CC[C@H](O)[C@H]1COCc1ccccc1)c1ccc2cc(F)ccc2n1,,O=C(NCC(=O)N1CC[C@H](O)[C@H]1COCc1ccccc1)c1ccc2cc(F)ccc2n1,0.3650479018688202,0.2621195,0.508394,3.202053379365637,-9.07
CN(CCNC(=O)c1ccc2cc(Cl)ccc2n1)C(=O)CNC(=O)c1ccc2ccccc2n1,,CN(CCNC(=O)c1ccc2cc(Cl)ccc2n1)C(=O)CNC(=O)c1ccc2ccccc2n1,0.2987183630466461,0.18240216,0.48920828,2.393960949679162,-8.91
Cc1cccc(NC(=O)CNC(=O)c2ccc3ccccc3n2)c1,,Cc1cccc(NC(=O)CNC(=O)c2ccc3ccccc3n2)c1,0.25679346919059753,0.13612904,0.48441458,1.7900073859298171,-8.87
Cc1ccc([C@H](C)NC(=O)CNC(=O)c2ccc3ccccc3n2)cc1,,Cc1ccc([C@H](C)NC(=O)CNC(=O)c2ccc3ccccc3n2)cc1,0.2878563702106476,0.17628022,0.47005433,2.3216965936470526,-8.75
O=C(NCC(=O)N1C[C@H](O)C[C@H]1COc1cccc(Cl)c1)c1ccc2ccccc2n1,,O=C(NCC(=O)N1C[C@H](O)C[C@H]1COc1cccc(Cl)c1)c1ccc2ccccc2n1,0.36532649397850037,0.24848497,0.5371088,3.0774496414251287,-9.31
O=C(NCC(=O)N1CC[C@H](c2cnc[nH]2)C1)c1ccc2cc(Cl)ccc2n1,,O=C(NCC(=O)N1CC[C@H](c2cnc[nH]2)C1)c1ccc2cc(Cl)ccc2n1,0.3290066123008728,0.23689514,0.45693356,2.9678876126390374,-8.64
O=C(NCC(=O)N1CCCC1CCc1ccccc1)c1ccc2ccccc2n1,,O=C(NCC(=O)N1CCCC1CCc1ccccc1)c1ccc2ccccc2n1,0.3258865177631378,0.19513229,0.54425657,2.53841849017814,-9.37
COc1cccc(CNC(=O)CNC(=O)c2ccc3cc(F)ccc3n2)c1,,COc1cccc(CNC(=O)CNC(=O)c2ccc3cc(F)ccc3n2)c1,0.24268409609794617,0.15002653,0.39256775,1.987050637162696,-8.09
Cc1ccc([C@H](C)NC(=O)CNC(=O)c2ccc3cc(Cl)ccc3n2)cc1,,Cc1ccc([C@H](C)NC(=O)CNC(=O)c2ccc3cc(Cl)ccc3n2)cc1,0.29315564036369324,0.18518245,0.46408403,2.426157777696652,-8.7
O=C(NCC(=O)N1CC[C@H](O)[C@H]1CN1CCCC1)c1ccc2cc(Cl)ccc2n1,,O=C(NCC(=O)N1CC[C@H](O)[C@H]1CN1CCCC1)c1ccc2cc(Cl)ccc2n1,0.34532400965690613,0.26937377,0.4426884,3.266640226944001,-8.52
O=C(NCC(=O)N1CCC[C@H]1CNc1ncc(Cl)cn1)c1ccc2ccccc2n1,,O=C(NCC(=O)N1CCC[C@H]1CNc1ncc(Cl)cn1)c1ccc2ccccc2n1,0.33104971051216125,0.22964601,0.47722977,2.897474185885665,-8.81
O=C(NCC(=O)N1CC[C@H](F)[C@H]1COc1ccccc1)c1ccc2cc(F)ccc2n1,,O=C(NCC(=O)N1CC[C@H](F)[C@H]1COc1ccccc1)c1ccc2cc(F)ccc2n1,0.3464759290218353,0.26759228,0.4486137,3.2508828307077557,-8.57
CCCC[C@H](NC(=O)CNC(=O)c1ccc2ccccc2n1)c1ccccc1,,CCCC[C@H](NC(=O)CNC(=O)c1ccc2ccccc2n1)c1ccccc1,0.30840036273002625,0.18708083,0.508394,2.4479277095991154,-9.07
O=C(NCC(=O)N1C[C@H](O)C[C@H]1c1c[nH]cn1)c1ccc2ccccc2n1,,O=C(NCC(=O)N1C[C@H](O)C[C@H]1c1c[nH]cn1)c1ccc2ccccc2n1,0.36645278334617615,0.29776314,0.4509881,3.509549474290097,-8.59
O=C(NCC(=O)N1CCCC1c1ccc(OC(F)(F)F)cc1)c1ccc2cc(F)ccc2n1,,O=C(NCC(=O)N1CCCC1c1ccc(OC(F)(F)F)cc1)c1ccc2cc(F)ccc2n1,0.31056371331214905,0.2226233,0.4332422,2.8277565232653696,-8.44
O=C(NCC(=O)N1C[C@H](O)C[C@H]1c1nccs1)c1ccc2cc(F)ccc2n1,,O=C(NCC(=O)N1C[C@H](O)C[C@H]1c1nccs1)c1ccc2cc(F)ccc2n1,0.3206857144832611,0.27798897,0.36994034,3.3419350511975807,-7.89
O=C(NCC(=O)N1CCC[C@H]1c1cnc[nH]1)c1ccc2ccccc2n1,,O=C(NCC(=O)N1CCC[C@H]1c1cnc[nH]1)c1ccc2ccccc2n1,0.3030231297016144,0.23053633,0.39830172,2.906205232447798,-8.14
CN(C)C(=O)[C@@H]1CCCN1C(=O)CNC(=O)c1ccc2cc(F)ccc2n1,,CN(C)C(=O)[C@@H]1CCCN1C(=O)CNC(=O)c1ccc2cc(F)ccc2n1,0.2671593129634857,0.21378423,0.33386052,2.7377354942958405,-7.56
O=C(NCC(=O)N1CCCC[C@H]1c1nnc[nH]1)c1ccc2cc(Cl)ccc2n1,,O=C(NCC(=O)N1CCCC[C@H]1c1nnc[nH]1)c1ccc2cc(Cl)ccc2n1,0.3388634920120239,0.25596288,0.4486137,3.146329419000824,-8.57
CC1CCC(NC(=O)CNC(=O)c2ccc3cc(Cl)ccc3n2)CC1,,CC1CCC(NC(=O)CNC(=O)c2ccc3cc(Cl)ccc3n2)CC1,0.27623867988586426,0.1615168,0.47244495,2.13889348969777,-8.77
O=C(NCC(=O)N1CCCC1Cc1cccc(Cl)c1)c1ccc2ccccc2n1,,O=C(NCC(=O)N1CCCC1Cc1cccc(Cl)c1)c1ccc2ccccc2n1,0.33033624291419983,0.20226768,0.5394932,2.6162773330999247,-9.33
O=C(NCC(=O)N1CCC[C@@H]1c1ncc(C(F)(F)F)o1)c1ccc2ccccc2n1,,O=C(NCC(=O)N1CCC[C@@H]1c1ncc(C(F)(F)F)o1)c1ccc2ccccc2n1,0.31048184633255005,0.25214097,0.38232177,3.1112947507163726,-8.0
O=C(NCC(=O)N1C[C@H](O)C[C@H]1c1ncc(Cl)cn1)c1ccc2ccccc2n1,,O=C(NCC(=O)N1C[C@H](O)C[C@H]1c1ncc(Cl)cn1)c1ccc2ccccc2n1,0.3355919420719147,0.27556655,0.40869248,3.3209121453870054,-8.23
O=C(NCC(=O)N1CCC[C@H]1c1nc(-c2ccccc2)cs1)c1ccc2ccccc2n1,,O=C(NCC(=O)N1CCC[C@H]1c1nc(-c2ccccc2)cs1)c1ccc2ccccc2n1,0.34210559725761414,0.21410292,0.5466353,2.7410274974396813,-9.39
O=C(NCC(=O)N1C[C@H](O)C[C@H]1C1CCC1)c1ccc2cc(Cl)ccc2n1,,O=C(NCC(=O)N1C[C@H](O)C[C@H]1C1CCC1)c1ccc2cc(Cl)ccc2n1,0.32025715708732605,0.25676346,0.39945185,3.153624419789942,-8.15
O=C(NCC(=O)N1C[C@H](O)C[C@H]1COc1ccccn1)c1ccc2ccccc2n1,,O=C(NCC(=O)N1C[C@H](O)C[C@H]1COc1ccccn1)c1ccc2ccccc2n1,0.3351099193096161,0.25850224,0.43442047,3.1694180512094476,-8.45
O=C(NCC(=O)N1C[C@H](O)[C@H](O)[C@H]1COc1ccccc1)c1ccc2ccccc2n1,,O=C(NCC(=O)N1C[C@H](O)[C@H](O)[C@H]1COc1ccccc1)c1ccc2ccccc2n1,0.35763490200042725,0.27560255,0.46408403,3.3212251436260765,-8.7
O=C(NCC(=O)N1CCC[C@H]1CN1CCCCC1)c1ccc2cc(F)ccc2n1,,O=C(NCC(=O)N1CCC[C@H]1CN1CCCCC1)c1ccc2cc(F)ccc2n1,0.31711673736572266,0.21558253,0.46647108,2.756265245187837,-8.72
CC(C)C[C@H](NC(=O)CNC(=O)c1ccc2ccccc2n1)C(=O)N1CCCC1,,CC(C)C[C@H](NC(=O)CNC(=O)c1ccc2ccccc2n1)C(=O)N1CCCC1,0.29707857966423035,0.19989721,0.44150525,2.5906439774312027,-8.51
O=C(NCC(=O)N1CCC[C@H]1c1ncc(F)cn1)c1ccc2cc(Cl)ccc2n1,,O=C(NCC(=O)N1CCC[C@H]1c1ncc(F)cn1)c1ccc2cc(Cl)ccc2n1,0.3207376003265381,0.23939894,0.429712,2.991861226916951,-8.41
CC[C@H](NC(=O)CNC(=O)c1ccc2ccccc2n1)c1ccccc1,,CC[C@H](NC(=O)CNC(=O)c1ccc2ccccc2n1)c1ccccc1,0.28604942560195923,0.17954023,0.45574337,2.3604180988445584,-8.63
CN(CCNC(=O)CNC(=O)c1ccc2cc(Cl)ccc2n1)C1CCCCC1,,CN(CCNC(=O)CNC(=O)c1ccc2cc(Cl)ccc2n1)C1CCCCC1,0.27464422583580017,0.17222922,0.4379596,2.272786967739586,-8.48
COC[C@H]1CCCN1C(=O)CNC(=O)c1ccc2cc(F)ccc2n1,,COC[C@H]1CCCN1C(=O)CNC(=O)c1ccc2cc(F)ccc2n1,0.2570352256298065,0.21046762,0.3139063,2.7032613493495212,-7.37
CCCC[C@H](NC(=O)CNC(=O)c1ccc2cc(Cl)ccc2n1)c1ccccc1,,CCCC[C@H](NC(=O)CNC(=O)c1ccc2cc(Cl)ccc2n1)c1ccccc1,0.305244117975235,0.19573002,0.47603315,2.5450224873432727,-8.8
CNC(=O)CNC(=O)CNC(=O)c1ccc2cc(Cl)ccc2n1,,CNC(=O)CNC(=O)CNC(=O)c1ccc2cc(Cl)ccc2n1,0.21966606378555298,0.15732,0.30671996,2.0844849652815256,-7.3
N#C[C@H]1CCC[C@H]1NC(=O)CNC(=O)c1ccc2cc(Cl)ccc2n1,,N#C[C@H]1CCC[C@H]1NC(=O)CNC(=O)c1ccc2cc(Cl)ccc2n1,0.29522547125816345,0.24976577,0.34895933,3.0893443710972583,-7.7
O=C(NCC(=O)N1CCC[C@H]1Cn1ccnc1)c1ccc2cc(Cl)ccc2n1,,O=C(NCC(=O)N1CCC[C@H]1Cn1ccnc1)c1ccc2cc(Cl)ccc2n1,0.3007267713546753,0.23240034,0.38914144,2.9244080514794586,-8.06
O=C(NCC(=O)N1CCCC[C@H]1COc1ccc(Cl)cc1)c1ccc2ccccc2n1,,O=C(NCC(=O)N1CCCC[C@H]1COc1ccc(Cl)cc1)c1ccc2ccccc2n1,0.2996934950351715,0.20288804,0.4426884,2.6229483129832936,-8.52
O=C(NCC(=O)N1CCCC1c1cccc(O)c1)c1ccc2cc(Cl)ccc2n1,,O=C(NCC(=O)N1CCCC1c1cccc(O)c1)c1ccc2cc(Cl)ccc2n1,0.31667667627334595,0.21066628,0.47603315,2.7053375939234385,-8.8
O=C(NCC(=O)N1C[C@H](c2ccccc2)C[C@H]1CO)c1ccc2cc(F)ccc2n1,,O=C(NCC(=O)N1C[C@H](c2ccccc2)C[C@H]1CO)c1ccc2cc(F)ccc2n1,0.3457821011543274,0.25054023,0.47722977,3.096516700274897,-8.81
O=C(NCC(=O)N1C[C@H](O)C[C@H]1COc1ccc(C(F)(F)F)cc1)c1ccc2cc(F)ccc2n1,,O=C(NCC(=O)N1C[C@H](O)C[C@H]1COc1ccc(C(F)(F)F)cc1)c1ccc2cc(F)ccc2n1,0.33969607949256897,0.26853666,0.429712,3.2592439633587826,-8.41
O=C(NCC(=O)N1C[C@H](O)C[C@H]1c1ccccc1)c1ccc2ccc(F)cc2n1,,O=C(NCC(=O)N1C[C@H](O)C[C@H]1c1ccccc1)c1ccc2ccc(F)cc2n1,0.3166077435016632,0.24319889,0.41217488,3.027919188945857,-8.26
O=C(NCC(=O)N1CCCCCC1)c1ccc2cc(F)ccc2n1,,O=C(NCC(=O)N1CCCCCC1)c1ccc2cc(F)ccc2n1,0.16134493052959442,0.15341003,0.16969025,2.0327224360970426,-5.69
COc1cccc(NC(=O)CNC(=O)c2ccc3cc(F)ccc3n2)c1,,COc1cccc(NC(=O)CNC(=O)c2ccc3cc(F)ccc3n2)c1,0.2548888623714447,0.14559,0.44624174,1.9258608823950532,-8.55
O=C(NCC(=O)N1CCCCCC1Cc1ccccc1)c1ccc2cc(Cl)ccc2n1,,O=C(NCC(=O)N1CCCCCC1Cc1ccccc1)c1ccc2cc(Cl)ccc2n1,0.2485595941543579,0.20413306,0.30265492,2.636291389906372,-7.26
O=C(NCC(=O)N1C[C@H](O)[C@H](O)[C@H]1C1CC1)c1ccc2cc(Cl)ccc2n1,,O=C(NCC(=O)N1C[C@H](O)[C@H](O)[C@H]1C1CC1)c1ccc2cc(Cl)ccc2n1,0.34253647923469543,0.29457882,0.39830172,3.4830121036767387,-8.14
O=C(NCC(=O)N1C[C@H](O)C[C@H]1C1CC1)c1ccc2ccccc2n1,,O=C(NCC(=O)N1C[C@H](O)C[C@H]1C1CC1)c1ccc2ccccc2n1,0.29857492446899414,0.24466237,0.36436743,3.0417038510539207,-7.84
CC(C)NC(=O)[C@H]1CCCN1C(=O)CNC(=O)c1ccc2cc(F)ccc2n1,,CC(C)NC(=O)[C@H]1CCCN1C(=O)CNC(=O)c1ccc2cc(F)ccc2n1,0.29463180899620056,0.20942737,0.41450125,2.6923668285997735,-8.28
COC[C@H](NC(=O)CNC(=O)c1ccc2cc(F)ccc2n1)c1ccccc1,,COC[C@H](NC(=O)CNC(=O)c1ccc2cc(F)ccc2n1)c1ccccc1,0.29094913601875305,0.1991721,0.42501628,2.5827573463512543,-8.37
O=C(NCC(=O)N1CCCCC1C1CCC1)c1ccc2cc(Cl)ccc2n1,,O=C(NCC(=O)N1CCCCC1C1CCC1)c1ccc2cc(Cl)ccc2n1,0.30822646617889404,0.21010292,0.4521762,2.6994462155745627,-8.6
O=C(NCC(=O)N1CCC[C@H]1c1ccc(Cl)cc1)c1ccc2ccc(F)cc2n1,,O=C(NCC(=O)N1CCC[C@H]1c1ccc(Cl)cc1)c1ccc2ccc(F)cc2n1,0.3005422055721283,0.20349465,0.44387215,2.6294573344239005,-8.53
CN(CCNC(=O)c1ccc2cc(Cl)ccc2n1)C(=O)CNC(=O)c1ccccc1,,CN(CCNC(=O)c1ccc2cc(Cl)ccc2n1)C(=O)CNC(=O)c1ccccc1,0.2696310579776764,0.16248642,0.4474275,2.151301001063983,-8.56
O=C(NCC(=O)N1CCCC[C@H]1c1nnc[nH]1)c1ccc2cc(F)ccc2n1,,O=C(NCC(=O)N1CCCC[C@H]1c1nnc[nH]1)c1ccc2cc(F)ccc2n1,0.32382670044898987,0.25731295,0.40753382,3.1586234360948424,-8.22
CC(C)NC(=O)CNC(=O)CNC(=O)c1ccc2ccccc2n1,,CC(C)NC(=O)CNC(=O)CNC(=O)c1ccc2ccccc2n1,0.2327614426612854,0.15006028,0.3610409,1.9875104159303163,-7.81
O=C(NCC(=O)N1CCCCCC1C1CCCCC1)c1ccc2cc(Cl)ccc2n1,,O=C(NCC(=O)N1CCCCCC1C1CCCCC1)c1ccc2cc(Cl)ccc2n1,0.24421803653240204,0.2153187,0.2769962,2.7535537614824843,-7.0
O=C(NCC(=O)N1C[C@H](O)C[C@H]1CNCc1ccccc1)c1ccc2ccccc2n1,,O=C(NCC(=O)N1C[C@H](O)C[C@H]1CNCc1ccccc1)c1ccc2ccccc2n1,0.3589078187942505,0.24307178,0.5299457,3.0267192870603914,-9.25
N#Cc1ccccc1[C@H](NC(=O)CNC(=O)c1ccc2ccccc2n1)C1CC1,,N#Cc1ccccc1[C@H](NC(=O)CNC(=O)c1ccc2ccccc2n1)C1CC1,0.3415879011154175,0.22067548,0.52875054,2.808142783914171,-9.24
O=C(NCC(=O)N1C[C@H](O)C[C@H]1c1cccc(Cl)c1)c1ccc2cc(Cl)ccc2n1,,O=C(NCC(=O)N1C[C@H](O)C[C@H]1c1cccc(Cl)c1)c1ccc2cc(Cl)ccc2n1,0.34824246168136597,0.2515935,0.4820189,3.1062475347482215,-8.85
O=C(NCC(=O)N1CCCC[C@H]1c1ncc[nH]1)c1ccc2c(Cl)cccc2n1,,O=C(NCC(=O)N1CCCC[C@H]1c1ncc[nH]1)c1ccc2c(Cl)cccc2n1,0.34169286489486694,0.23463361,0.49760145,2.9460832651546696,-8.98
O=C(NCC(=O)N1CCCC[C@H]1c1ncc[nH]1)c1ccc2ccc(Cl)cc2n1,,O=C(NCC(=O)N1CCCC[C@H]1c1ncc[nH]1)c1ccc2ccc(Cl)cc2n1,0.31599143147468567,0.23428708,0.426189,2.942729419000825,-8.38
O=C(NCC(=O)N1CCCCCC1)c1ccc2ccccc2n1,,O=C(NCC(=O)N1CCCCCC1)c1ccc2ccccc2n1,0.15812283754348755,0.14444448,0.17309648,1.9098109555226284,-5.74
O=C(NCC(=O)N1C[C@H](O)C[C@H]1COC1CCCC1)c1ccc2cc(F)ccc2n1,,O=C(NCC(=O)N1C[C@H](O)C[C@H]1COC1CCCC1)c1ccc2cc(F)ccc2n1,0.3444259762763977,0.27233556,0.4355995,3.292692550006562,-8.46
O=C(NCC(=O)N1CCCCCC1c1ccccn1)c1ccc2cc(Cl)ccc2n1,,O=C(NCC(=O)N1CCCCCC1c1ccccn1)c1ccc2cc(Cl)ccc2n1,0.2364741414785385,0.21734993,0.25728106,2.7743675545859325,-6.79
O=C(NCC(=O)N1CCCC[C@H]1COc1ccc(Cl)cc1)c1ccc2cc(F)ccc2n1,,O=C(NCC(=O)N1CCCC[C@H]1COc1ccc(Cl)cc1)c1ccc2cc(F)ccc2n1,0.34073108434677124,0.21238592,0.5466353,2.7232489270276687,-9.39
O=C(NCC(=O)N1CCCCC1c1ccccn1)c1ccc2cc(C(F)(F)F)ccc2n1,,O=C(NCC(=O)N1CCCCC1c1ccccn1)c1ccc2cc(C(F)(F)F)ccc2n1,0.3249531686306,0.22930078,0.4605068,2.8940825647945854,-8.67
CN(CCNC(=O)CNC(=O)c1ccc2ccccc2n1)C1CCCCC1,,CN(CCNC(=O)CNC(=O)c1ccc2ccccc2n1)C1CCCCC1,0.28754812479019165,0.16457835,0.5023986,2.17786797367234,-9.02
O=C(NCC(=O)N1C[C@H](O)C[C@H]1CN1CCOCC1)c1ccc2ccccc2n1,,O=C(NCC(=O)N1C[C@H](O)C[C@H]1CN1CCOCC1)c1ccc2ccccc2n1,0.3376297354698181,0.2561333,0.44505668,3.1478833621220765,-8.54
O=C(NCC(=O)N1CCC[C@H]1CNc1ccccc1)c1ccc2cc(Cl)ccc2n1,,O=C(NCC(=O)N1CCC[C@H]1CNc1ccccc1)c1ccc2cc(Cl)ccc2n1,0.3116264343261719,0.20818233,0.46647108,2.679274716389644,-8.72
COc1ccc(NC(=O)CNC(=O)c2ccc3cc(F)ccc3n2)cc1,,COc1ccc(NC(=O)CNC(=O)c2ccc3cc(F)ccc3n2)cc1,0.24730423092842102,0.14232643,0.429712,1.8798542295884015,-8.41
O=C(NCC(=O)N1C[C@H](O)[C@H](O)[C@H]1CO)c1ccc2ccccc2n1,,O=C(NCC(=O)N1C[C@H](O)[C@H](O)[C@H]1CO)c1ccc2ccccc2n1,0.28939589858055115,0.28140208,0.29761684,3.371365290103272,-7.21
O=C(NCC(=O)N1C[C@H](O)C[C@H]1CNC1CCCCC1)c1ccc2ccccc2n1,,O=C(NCC(=O)N1C[C@H](O)C[C@H]1CNC1CCCCC1)c1ccc2ccccc2n1,0.37455329298973083,0.25832966,0.5430665,3.1678535949760267,-9.36
CN(CCNC(=O)CNC(=O)c1ccc2cc(Cl)ccc2n1)C1CCCC1,,CN(CCNC(=O)CNC(=O)c1ccc2cc(Cl)ccc2n1)C1CCCC1,0.26854208111763,0.17108968,0.42150325,2.2588650227770835,-8.34
O=C(NCC(=O)N1CCC[C@H]1CNC1CC1)c1ccc2cc(Cl)ccc2n1,,O=C(NCC(=O)N1CCC[C@H]1CNC1CC1)c1ccc2cc(Cl)ccc2n1,0.2863158881664276,0.21828574,0.37554812,2.7839095522378994,-7.94
O=C(NCC(=O)N1CC[C@H](O)[C@H]1C1CCCC1)c1ccc2cc(F)ccc2n1,,O=C(NCC(=O)N1CC[C@H](O)[C@H]1C1CCCC1)c1ccc2cc(F)ccc2n1,0.3560056984424591,0.2669129,0.47483677,3.2448562050437344,-8.79
COCCNC(=O)CNC(=O)c1ccc2cc(F)ccc2n1,,COCCNC(=O)CNC(=O)c1ccc2cc(F)ccc2n1,0.19968771934509277,0.15225872,0.26189095,2.0172754663678987,-6.84
O=C(NCC(=O)N1CCCC[C@H]1c1c[nH]c2ccccc12)c1ccc2ccccc2n1,,O=C(NCC(=O)N1CCCC[C@H]1c1c[nH]c2ccccc12)c1ccc2ccccc2n1,0.37230512499809265,0.21290694,0.6510407,2.728655126170107,-10.3
O=C(NCC(=O)N1C[C@H](O)C[C@H]1c1nccs1)c1ccc2cc(Cl)ccc2n1,,O=C(NCC(=O)N1C[C@H](O)C[C@H]1c1nccs1)c1ccc2cc(Cl)ccc2n1,0.33857280015945435,0.27655306,0.41450125,3.329487358889888,-8.28
O=C(NCC(=O)N1CCCCC1Cc1ccccc1)c1ccc2cc(C(F)(F)F)ccc2n1,,O=C(NCC(=O)N1CCCCC1Cc1ccccc1)c1ccc2cc(C(F)(F)F)ccc2n1,0.31791961193084717,0.21612242,0.46766502,2.7618061457773795,-8.73
NC(=O)CNC(=O)CNC(=O)c1ccc2cc(Cl)ccc2n1,,NC(=O)CNC(=O)CNC(=O)c1ccc2cc(Cl)ccc2n1,0.21394231915473938,0.15641506,0.29262733,2.0725992714364416,-7.16
O=C(NCC(=O)N1CCCC[C@H]1Cn1cccn1)c1ccc2ccccc2n1,,O=C(NCC(=O)N1CCCC[C@H]1Cn1cccn1)c1ccc2ccccc2n1,0.3089456260204315,0.2191173,0.4355995,2.792363336032304,-8.46
CCCCNC(=O)CNC(=O)c1ccc2cc(Cl)ccc2n1,,CCCCNC(=O)CNC(=O)c1ccc2cc(Cl)ccc2n1,0.2236040234565735,0.1473951,0.33921593,1.9509412231917178,-7.61
O=C(NCC(=O)N1CCCC1c1cccc(OC(F)(F)F)c1)c1ccc2ccccc2n1,,O=C(NCC(=O)N1CCCC1c1cccc(OC(F)(F)F)c1)c1ccc2ccccc2n1,0.31793954968452454,0.21725868,0.46527737,2.7734353965781864,-8.71
O=C(NCC(=O)N1CCCCC1c1cc(F)cc(F)c1)c1ccc2cc(F)ccc2n1,,O=C(NCC(=O)N1CCCCC1c1cc(F)cc(F)c1)c1ccc2cc(F)ccc2n1,0.3309876620769501,0.22230467,0.49280488,2.8245565996965816,-8.94
COCCNC(=O)CNC(=O)c1ccc2ccccc2n1,,COCCNC(=O)CNC(=O)c1ccc2ccccc2n1,0.16797521710395813,0.14272052,0.19769877,1.8854559281244754,-6.08
N[C@@H]1CCN(C(=O)CNC(=O)c2ccc3cc(Cl)ccc3n2)[C@H]1C(=O)NCc1ccccc1,,N[C@@H]1CCN(C(=O)CNC(=O)c2ccc3cc(Cl)ccc3n2)[C@H]1C(=O)NCc1ccccc1,0.35054466128349304,0.26075697,0.47124946,3.1897948612620066,-8.76
O=C(NCC(=O)N1CC[C@H](Cc2ccccc2)C1)c1ccc2cc(F)ccc2n1,,O=C(NCC(=O)N1CC[C@H](Cc2ccccc2)C1)c1ccc2cc(F)ccc2n1,0.32097041606903076,0.20074871,0.51318884,2.5998778825504747,-9.11
O=C(NCC(=O)N1CC[C@H](F)[C@H]1CO)c1ccc2cc(Cl)ccc2n1,,O=C(NCC(=O)N1CC[C@H](F)[C@H]1CO)c1ccc2cc(Cl)ccc2n1,0.26921945810317993,0.27287072,0.26561707,3.297381105348922,-6.88
C[C@H](c1ccccc1)N(C)C(=O)CNC(=O)c1ccc2ccccc2n1,,C[C@H](c1ccccc1)N(C)C(=O)CNC(=O)c1ccc2ccccc2n1,0.30164194107055664,0.18644685,0.48800963,2.4406762194266793,-8.9
CC(C)(C)CNC(=O)CNC(=O)c1ccc2ccccc2n1,,CC(C)(C)CNC(=O)CNC(=O)c1ccc2ccccc2n1,0.22915148735046387,0.15382268,0.34136975,2.0382358414238304,-7.63
O=C(NCC(=O)N1C[C@H](O)C[C@H]1COc1cc(F)cc(F)c1)c1ccc2ccccc2n1,,O=C(NCC(=O)N1C[C@H](O)C[C@H]1COc1cc(F)cc(F)c1)c1ccc2ccccc2n1,0.33998754620552063,0.2639319,0.4379596,3.218295652143026,-8.48
O=C(NCC(=O)N1C[C@H](O)C[C@H]1CC1CCOCC1)c1ccc2ccccc2n1,,O=C(NCC(=O)N1C[C@H](O)C[C@H]1CC1CCOCC1)c1ccc2ccccc2n1,0.36945897340774536,0.2704057,0.5047969,3.2757377577264712,-9.04
O=C(NCC(=O)N1C[C@H](O)[C@H](O)[C@H]1C1CCCC1)c1ccc2ccccc2n1,,O=C(NCC(=O)N1C[C@H](O)[C@H](O)[C@H]1C1CCCC1)c1ccc2ccccc2n1,0.35408058762550354,0.2870399,0.43677926,3.4195081095783024,-8.47
CCC[C@@H]1C[C@@H](O)CN1C(=O)CNC(=O)c1ccc2cc(F)ccc2n1,,CCC[C@@H]1C[C@@H](O)CN1C(=O)CNC(=O)c1ccc2cc(F)ccc2n1,0.28723418712615967,0.2552087,0.32327843,3.139443745208271,-7.46
O=C(NCC(=O)N1CCC[C@H]1c1cncnc1)c1ccc2cc(F)ccc2n1,,O=C(NCC(=O)N1CCC[C@H]1c1cncnc1)c1ccc2cc(F)ccc2n1,0.30090025067329407,0.22996739,0.39371222,2.9006285642999696,-8.1
O=C(NCC(=O)N1CCCC1c1ccc(OCC(F)(F)F)cc1)c1ccc2ccccc2n1,,O=C(NCC(=O)N1CCCC1c1ccc(OCC(F)(F)F)cc1)c1ccc2ccccc2n1,0.28840941190719604,0.21756539,0.38232177,2.7765670295744354,-8.0
N#C[C@H]1CCC[C@H]1NC(=O)CNC(=O)c1ccc2ccccc2n1,,N#C[C@H]1CCC[C@H]1NC(=O)CNC(=O)c1ccc2ccccc2n1,0.32175928354263306,0.23961458,0.43206477,2.9939177519965074,-8.43
O=C(NCC(=O)N1CC[C@H](O)[C@H]1COCc1ccccc1)c1ccc2cc(Cl)ccc2n1,,O=C(NCC(=O)N1CC[C@H](O)[C@H]1COCc1ccccc1)c1ccc2cc(Cl)ccc2n1,0.3524269461631775,0.2609162,0.47603315,3.1912292990980777,-8.8
O=C(NCC(=O)N1CC[C@H](O)[C@H]1CO)c1ccc2ccccc2n1,,O=C(NCC(=O)N1CC[C@H](O)[C@H]1CO)c1ccc2ccccc2n1,0.29306760430336,0.250807,0.34244913,3.098983500570184,-7.64
O=C(NCC(=O)N1CCCC[C@H]1CO)c1ccc2c(Cl)cccc2n1,,O=C(NCC(=O)N1CCCC[C@H]1CO)c1ccc2c(Cl)cccc2n1,0.298454612493515,0.20560125,0.4332422,2.651948673293184,-8.44
O=C(NCC(=O)N1CCCCC1C1CCCCC1)c1ccc2c(Cl)cccc2n1,,O=C(NCC(=O)N1CCCCC1C1CCCCC1)c1ccc2c(Cl)cccc2n1,0.35178297758102417,0.21478786,0.57615566,2.74809106936366,-9.64
O=C(NCC(=O)N1C[C@H](O)C[C@H]1COCc1ccc(Cl)cc1)c1ccc2cc(F)ccc2n1,,O=C(NCC(=O)N1C[C@H](O)C[C@H]1COCc1ccc(Cl)cc1)c1ccc2cc(F)ccc2n1,0.3767370581626892,0.26021042,0.5454463,3.184866219690811,-9.38
O=C(NCC(=O)N1CCCC1c1cccc(C(F)(F)F)c1)c1ccc2cc(Cl)ccc2n1,,O=C(NCC(=O)N1CCCC1c1cccc(C(F)(F)F)c1)c1ccc2cc(Cl)ccc2n1,0.33526694774627686,0.21903032,0.51318884,2.79148019793068,-9.11
O=C(NCC(=O)N1CCCC1c1cccc(C(F)(F)F)c1)c1ccc2cc(F)ccc2n1,,O=C(NCC(=O)N1CCCC1c1cccc(C(F)(F)F)c1)c1ccc2cc(F)ccc2n1,0.33727627992630005,0.22012176,0.5167835,2.8025448133152953,-9.14
O=C(NCC(=O)N1CCCCC1c1ccncc1)c1ccc2ccccc2n1,,O=C(NCC(=O)N1CCCCC1c1ccncc1)c1ccc2ccccc2n1,0.3246158957481384,0.20485635,0.51438713,2.644015306013541,-9.12
O=C(NCC(=O)N1CCC[C@H]1c1ccccc1)c1ccc2ccc(F)cc2n1,,O=C(NCC(=O)N1CCC[C@H]1c1ccccc1)c1ccc2ccc(F)cc2n1,0.3061026334762573,0.19782679,0.47364062,2.568067880539287,-8.78
O=C(NCC(=O)N1CCCCC1Cc1c[nH]cn1)c1ccc2ccccc2n1,,O=C(NCC(=O)N1CCCCC1Cc1c[nH]cn1)c1ccc2ccccc2n1,0.3229024112224579,0.23936194,0.4355995,2.9915081765576303,-8.46
O=C(NCC(=O)N1CC[C@H](O)[C@H]1C1CCCC1)c1ccc2cc(Cl)ccc2n1,,O=C(NCC(=O)N1CC[C@H](O)[C@H]1C1CCCC1)c1ccc2cc(Cl)ccc2n1,0.34329864382743835,0.2655132,0.44387215,3.2324085127360416,-8.53
O=C(NCC(=O)N1C[C@H](c2ccccc2)C[C@H]1c1ccccc1)c1ccc2ccccc2n1,,O=C(NCC(=O)N1C[C@H](c2ccccc2)C[C@H]1c1ccccc1)c1ccc2ccccc2n1,0.37013596296310425,0.23634401,0.5796661,2.962587524970308,-9.67
C[C@@H](NC(=O)CNC(=O)c1ccc2cccc(F)c2n1)c1ccccc1,,C[C@@H](NC(=O)CNC(=O)c1ccc2cccc(F)c2n1)c1ccccc1,0.29777804017066956,0.18534034,0.47842664,2.427975179925639,-8.82
O=C(NCC(=O)N1C[C@H](O)C[C@H]1c1cccnc1)c1ccc2ccccc2n1,,O=C(NCC(=O)N1C[C@H](O)C[C@H]1c1cccnc1)c1ccc2ccccc2n1,0.35148921608924866,0.24828039,0.49760145,3.0755463759839046,-8.98
O=C(NCC(=O)N1CC[C@H](OCC2CC2)C1)c1ccc2cc(F)ccc2n1,,O=C(NCC(=O)N1CC[C@H](OCC2CC2)C1)c1ccc2cc(F)ccc2n1,0.283317506313324,0.22232611,0.3610409,2.824771889900237,-7.81
N#C[C@@H]1CCCN1C(=O)CNC(=O)c1ccc2cc(F)ccc2n1,,N#C[C@@H]1CCCN1C(=O)CNC(=O)c1ccc2cc(F)ccc2n1,0.2587977945804596,0.21836303,0.30671996,2.7846960559048526,-7.3
O=C(NCC(=O)N1C[C@H](O)C[C@H]1c1ncccn1)c1ccc2cc(Cl)ccc2n1,,O=C(NCC(=O)N1C[C@H](O)C[C@H]1c1ncccn1)c1ccc2cc(Cl)ccc2n1,0.3403319716453552,0.2763248,0.4191656,3.3275049164713426,-8.32
C[C@H](NC(=O)CCNC(=O)c1ccc2cc(Cl)ccc2n1)c1ccccc1,,C[C@H](NC(=O)CCNC(=O)c1ccc2cc(Cl)ccc2n1)c1ccccc1,0.2898813784122467,0.18200436,0.46169883,2.3893229388512864,-8.68
O=C(NCC(=O)N1CCCC1C1CCCCC1)c1ccc2ccc(Cl)cc2n1,,O=C(NCC(=O)N1CCCC1C1CCCCC1)c1ccc2ccc(Cl)cc2n1,0.3399713933467865,0.21329708,0.5418759,2.7326969403683457,-9.35
O=C(NCC(=O)N1CCCC[C@H]1CN1CCCCC1)c1ccc2ccccc2n1,,O=C(NCC(=O)N1CCCC[C@H]1CN1CCCCC1)c1ccc2ccccc2n1,0.31793421506881714,0.20713149,0.48800963,2.668179757146465,-8.9
CC(C)(C)CNC(=O)CNC(=O)CNC(=O)c1ccc2cc(Cl)ccc2n1,,CC(C)(C)CNC(=O)CNC(=O)CNC(=O)c1ccc2cc(Cl)ccc2n1,0.2622112035751343,0.17113568,0.40175563,2.25942824874031,-8.17
Cc1cccc(C)c1NC(=O)CNC(=O)c1ccc2cc(Cl)ccc2n1,,Cc1cccc(C)c1NC(=O)CNC(=O)c1ccc2cc(Cl)ccc2n1,0.26455816626548767,0.15081538,0.46408403,1.997774273446801,-8.7
O=C(NCC(=O)N1CCCCC1/C=C/c1ccccc1)c1ccc2cc(F)ccc2n1,,O=C(NCC(=O)N1CCCCC1/C=C/c1ccccc1)c1ccc2cc(F)ccc2n1,0.3438854217529297,0.22725323,0.5203762,2.8738913899063707,-9.17
O=C(NCC(=O)N1CCCC[C@H]1CNCc1ccc(Cl)cc1)c1ccc2ccccc2n1,,O=C(NCC(=O)N1CCCC[C@H]1CNCc1ccc(Cl)cc1)c1ccc2ccccc2n1,0.3182660639286041,0.20858857,0.4856128,2.6835526545063626,-8.88
O=C(NCC(=O)N1CCCCC1c1cccc(Cl)c1)c1cnc2ccccc2n1,,O=C(NCC(=O)N1CCCCC1c1cccc(Cl)c1)c1cnc2ccccc2n1,0.3430368900299072,0.20549533,0.57263744,2.65082183859443,-9.61
O=C(NCC(=O)N1CCCC[C@H]1CNc1ccccc1)c1ccc2cc(F)ccc2n1,,O=C(NCC(=O)N1CCCC[C@H]1CNc1ccccc1)c1ccc2cc(F)ccc2n1,0.34682366251945496,0.21092264,0.57028794,2.7080144668294484,-9.59
O=C(NCC(=O)N1CCC[C@H]1CNc1ccc(Cl)cn1)c1ccc2cc(Cl)ccc2n1,,O=C(NCC(=O)N1CCC[C@H]1CNc1ccc(Cl)cn1)c1ccc2cc(Cl)ccc2n1,0.3097253441810608,0.2288589,0.4191656,2.889735901574479,-8.32
O=C(NCC(=O)N1CCC[C@H]1CNCC1CC1)c1ccc2ccccc2n1,,O=C(NCC(=O)N1CCC[C@H]1CNCC1CC1)c1ccc2ccccc2n1,0.30767717957496643,0.21441476,0.44150525,2.7442456008047174,-8.51
O=C(NCC(=O)N1C[C@@H](F)C[C@H]1CO)c1ccc2cc(Cl)ccc2n1,,O=C(NCC(=O)N1C[C@@H](F)C[C@H]1CO)c1ccc2cc(Cl)ccc2n1,0.26984497904777527,0.2619688,0.27795804,3.2006993471071645,-7.01
O=C(NCC(=O)N1CCCC1)c1ccc2ccc(C3CCCC3)cc2n1,,O=C(NCC(=O)N1CCCC1)c1ccc2ccc(C3CCCC3)cc2n1,0.2825581431388855,0.16646196,0.4796238,2.201558436832082,-8.83
CN(C[C@@H]1CCCN1C(=O)CNC(=O)c1ccc2cc(Cl)ccc2n1)c1ccccc1,,CN(C[C@@H]1CCCN1C(=O)CNC(=O)c1ccc2cc(Cl)ccc2n1)c1ccccc1,0.32126766443252563,0.21957655,0.47005433,2.7970226777196814,-8.75
O=C(NCC(=O)N1C[C@H](O)C[C@H]1c1ncccn1)c1ccc2ccccc2n1,,O=C(NCC(=O)N1C[C@H](O)C[C@H]1c1ncccn1)c1ccc2ccccc2n1,0.34135857224464417,0.2667839,0.43677926,3.2437104785480084,-8.47
CN1CCC(NC(=O)CNC(=O)c2ccc3cc(Cl)ccc3n2)CC1,,CN1CCC(NC(=O)CNC(=O)c2ccc3cc(Cl)ccc3n2)CC1,0.26334813237190247,0.16227964,0.42736256,2.1486599035655924,-8.39
O=C(NCC(=O)N1CC[C@H](O)[C@H]1C1CCCCC1)c1ccc2cc(F)ccc2n1,,O=C(NCC(=O)N1CC[C@H](O)[C@H]1C1CCCCC1)c1ccc2cc(F)ccc2n1,0.37514644861221313,0.26737416,0.5263593,3.248948846035754,-9.22
O=C(NCC(=O)N1CCCC1c1ccc(Br)cc1)c1ccc2cc(F)ccc2n1,,O=C(NCC(=O)N1CCCC1c1ccc(Br)cc1)c1ccc2cc(F)ccc2n1,0.30612578988075256,0.20670554,0.45336467,2.6636706801143557,-8.61
CN(CCNC(=O)c1ccc2ccccc2n1)C1CCCCC1,,CN(CCNC(=O)c1ccc2ccccc2n1)C1CCCCC1,0.2348911613225937,0.15518923,0.3555264,2.056408659311378,-7.76
O=C(NCC(=O)N1CCCC1c1cnccn1)c1ccc2cc(F)ccc2n1,,O=C(NCC(=O)N1CCCC1c1cnccn1)c1ccc2cc(F)ccc2n1,0.32182788848876953,0.23334011,0.44387215,2.9335465130179195,-8.53
CN(C)C(=O)[C@@H]1C[C@H](O)CN1C(=O)CNC(=O)c1ccc2cc(Cl)ccc2n1,,CN(C)C(=O)[C@@H]1C[C@H](O)CN1C(=O)CNC(=O)c1ccc2cc(Cl)ccc2n1,0.28736168146133423,0.2571017,0.3211831,3.1567025087400378,-7.44
CCCC[C@H](NC(=O)CNC(=O)c1ccc2cc(F)ccc2n1)c1ccccc1,,CCCC[C@H](NC(=O)CNC(=O)c1ccc2cc(F)ccc2n1)c1ccccc1,0.31067943572998047,0.19681954,0.4904071,2.5570202630615313,-8.92
O=C(NCC(=O)N1C[C@H](O)C[C@H]1Cn1cccc1)c1ccc2cc(Cl)ccc2n1,,O=C(NCC(=O)N1C[C@H](O)C[C@H]1Cn1cccc1)c1ccc2cc(Cl)ccc2n1,0.3369626998901367,0.2818101,0.40290916,3.374868771893028,-8.18
O=C(NCC(=O)N1CCC[C@H]1CN1CCCCC1)c1ccc2ccccc2n1,,O=C(NCC(=O)N1CCC[C@H]1CN1CCCCC1)c1ccc2ccccc2n1,0.3137069344520569,0.20569934,0.47842664,2.652991666238682,-8.82
O=C(NCC(=O)N1CCCCC1c1ccccn1)c1ccc2c(Cl)cccc2n1,,O=C(NCC(=O)N1CCCCC1c1ccccn1)c1ccc2c(Cl)cccc2n1,0.3355647921562195,0.21688817,0.51917875,2.769648212220803,-9.16
O=C(NCC(=O)N1CCCC1c1ccccc1Cl)c1ccc2cc(Cl)ccc2n1,,O=C(NCC(=O)N1CCCC1c1ccccc1Cl)c1ccc2cc(Cl)ccc2n1,0.33886289596557617,0.20516832,0.55967736,2.647340559632429,-9.5
O=C(NCC(=O)N1C[C@H](O)C[C@H]1Cn1cccc1)c1ccc2cc(F)ccc2n1,,O=C(NCC(=O)N1C[C@H](O)C[C@H]1Cn1cccc1)c1ccc2cc(F)ccc2n1,0.37630438804626465,0.28321,0.5,3.3868665476112856,-9.0
CN(CCNC(=O)c1ccc2cc(Cl)ccc2n1)C(=O)CNC(=O)c1ccc2ccccc2c1,,CN(CCNC(=O)c1ccc2cc(Cl)ccc2n1)C(=O)CNC(=O)c1ccc2ccccc2c1,0.30328840017318726,0.17357223,0.5299457,2.2891013144690113,-9.25
CCc1ccccc1[C@H](C)NC(=O)CNC(=O)c1ccc2cc(Cl)ccc2n1,,CCc1ccccc1[C@H](C)NC(=O)CNC(=O)c1ccc2cc(Cl)ccc2n1,0.31412234902381897,0.19925731,0.49520308,2.58368510438436,-8.96
O=C(NCC(=O)N1CCCCCC1C1CCOCC1)c1ccc2cc(F)ccc2n1,,O=C(NCC(=O)N1CCCCCC1C1CCOCC1)c1ccc2cc(F)ccc2n1,0.2440473735332489,0.22903766,0.2600407,2.891494875540838,-6.82
O=C(NCC(=O)N1CC[C@H](CO)C1)c1ccc2cc(Cl)ccc2n1,,O=C(NCC(=O)N1CC[C@H](CO)C1)c1ccc2cc(Cl)ccc2n1,0.2645339369773865,0.20370322,0.34353018,2.631691983506663,-7.65
O=C(NCC(=O)N1C[C@H](O)C[C@H]1CCc1ccccc1)c1ccc2ccccc2n1,,O=C(NCC(=O)N1C[C@H](O)C[C@H]1CCc1ccccc1)c1ccc2ccccc2n1,0.35923805832862854,0.23815784,0.5418759,2.9799994835701913,-9.35
O=C(NCC(=O)N1CCC[C@H]1CNc1ccc(Cl)c(Cl)c1)c1ccc2ccccc2n1,,O=C(NCC(=O)N1CCC[C@H]1CNc1ccc(Cl)c(Cl)c1)c1ccc2ccccc2n1,0.33546924591064453,0.21332297,0.52755505,2.732964769335929,-9.23
O=C(NCC(=O)N1CC[C@H](F)C1)c1ccc2cc(F)ccc2n1,,O=C(NCC(=O)N1CC[C@H](F)C1)c1ccc2cc(F)ccc2n1,0.2418677657842636,0.21340764,0.27412337,2.733840950402069,-6.97
O=C(NCC(=O)N1CCC[C@H]1CNC1CC1)c1ccc2cc(F)ccc2n1,,O=C(NCC(=O)N1CCC[C@H]1CNC1CC1)c1ccc2cc(F)ccc2n1,0.29230019450187683,0.21955876,0.38914144,2.796842219570568,-8.06
O=C(NCC(=O)N1C[C@H](O)C[C@H]1CNC1CCCC1)c1ccc2cc(Cl)ccc2n1,,O=C(NCC(=O)N1C[C@H](O)C[C@H]1CNC1CCCC1)c1ccc2cc(Cl)ccc2n1,0.3226391673088074,0.26671994,0.3902822,3.2431426394519995,-8.07
O=C(NCC(=O)N1CCC[C@H]1CNCC1CC1)c1ccc2cc(F)ccc2n1,,O=C(NCC(=O)N1CCC[C@H]1CNCC1CC1)c1ccc2cc(F)ccc2n1,0.32370537519454956,0.22463383,0.46647108,2.847873115582022,-8.72
O=C(NCC(=O)N1CCCC1CCO)c1ccc2ccccc2n1,,O=C(NCC(=O)N1CCCC1CCO)c1ccc2ccccc2n1,0.27793577313423157,0.2002673,0.38572592,2.594660958521416,-8.03
O=C(NCC(=O)N1CC[C@H](O)[C@H]1C1CC1)c1ccc2cc(F)ccc2n1,,O=C(NCC(=O)N1CC[C@H](O)[C@H]1C1CC1)c1ccc2cc(F)ccc2n1,0.30929243564605713,0.26415098,0.36214828,3.220254071867913,-7.82
O=C(NCC(=O)N1C[C@H](O)C[C@H]1CNc1ccccc1)c1ccc2ccccc2n1,,O=C(NCC(=O)N1C[C@H](O)C[C@H]1CNc1ccccc1)c1ccc2ccccc2n1,0.36004412174224854,0.24242802,0.5347227,3.020635557840748,-9.29
O=C(NCC(=O)N1CCCC1C1CCNCC1)c1ccc2cc(F)ccc2n1,,O=C(NCC(=O)N1CCCC1C1CCNCC1)c1ccc2cc(F)ccc2n1,0.3363688588142395,0.2295919,0.49280488,2.8969430942144996,-8.94
O=C(NCC(=O)N1CCC[C@H]1c1nnc[nH]1)c1ccc2cc(F)ccc2n1,,O=C(NCC(=O)N1CCC[C@H]1c1nnc[nH]1)c1ccc2cc(F)ccc2n1,0.31961458921432495,0.25796035,0.39600462,3.164502997254422,-8.12
CN(CCNC(=O)c1ccc2ccccc2n1)C(=O)CNC(=O)c1ccc2ccccc2n1,,CN(CCNC(=O)c1ccc2ccccc2n1)C(=O)CNC(=O)c1ccc2ccccc2n1,0.2987365126609802,0.17512706,0.5095929,2.3078648510661353,-9.08
O=C(NCC(=O)N1C[C@H](c2ccccc2)C[C@H]1CO)c1ccc2cc(Cl)ccc2n1,,O=C(NCC(=O)N1C[C@H](c2ccccc2)C[C@H]1CO)c1ccc2cc(Cl)ccc2n1,0.3487926125526428,0.24929073,0.48800963,3.084937451616578,-8.9
CC[C@H](NC(=O)CNC(=O)c1ccc2cc(Cl)ccc2n1)c1ccccc1,,CC[C@H](NC(=O)CNC(=O)c1ccc2cc(Cl)ccc2n1)c1ccccc1,0.2953077256679535,0.18839559,0.46289116,2.462905356433705,-8.69
CN(CC(=O)N1CCC[C@H]1c1ncccn1)C(=O)CNC(=O)c1ccc2cc(Cl)ccc2n1,,CN(CC(=O)N1CCC[C@H]1c1ncccn1)C(=O)CNC(=O)c1ccc2cc(Cl)ccc2n1,0.3387359380722046,0.24852139,0.46169883,3.077788633502421,-8.68
O=C(NCC(=O)N1CC[C@H](O)[C@H]1c1ccc(Cl)cc1)c1ccc2cc(F)ccc2n1,,O=C(NCC(=O)N1CC[C@H](O)[C@H]1c1ccc(Cl)cc1)c1ccc2cc(F)ccc2n1,0.3386199176311493,0.25028902,0.45812404,3.094191607146411,-8.65
O=C(NCC(=O)N1CCCCC1c1ccc(OC(F)(F)F)cc1)c1ccc2cc(Cl)ccc2n1,,O=C(NCC(=O)N1CCCCC1c1ccc(OC(F)(F)F)cc1)c1ccc2cc(Cl)ccc2n1,0.31442806124687195,0.22332862,0.4426884,2.8348283941116055,-8.52
O=C(NCC(=O)N1CCC[C@H]1c1cnc(N2CCCC2)nc1)c1ccc2cc(Cl)ccc2n1,,O=C(NCC(=O)N1CCC[C@H]1c1cnc(N2CCCC2)nc1)c1ccc2cc(Cl)ccc2n1,0.33577972650527954,0.23986168,0.47005433,2.996272962471325,-8.75
O=C(NCC(=O)N1CCC[C@H]1c1cncnc1)c1ccc2cc(Cl)ccc2n1,,O=C(NCC(=O)N1CCC[C@H]1c1cncnc1)c1ccc2cc(Cl)ccc2n1,0.3040000796318054,0.22871658,0.40406364,2.888334547205954,-8.19
C[C@H](NC(=O)CNC(=O)c1ccc2ccccc2n1)[C@H]1CCCN1Cc1ccc(Cl)cc1,,C[C@H](NC(=O)CNC(=O)c1ccc2ccccc2n1)[C@H]1CCCN1Cc1ccc(Cl)cc1,0.36356011033058167,0.24127457,0.54782385,3.0097077271917234,-9.4
O=C(NCC(=O)N1CCCCC1C1CCC(F)(F)CC1)c1ccc2ccccc2n1,,O=C(NCC(=O)N1CCCCC1C1CCC(F)(F)CC1)c1ccc2ccccc2n1,0.3676779866218567,0.2385271,0.5667578,2.983532917611038,-9.56
O=C(NCC(=O)N1C[C@H](c2ccccc2)C[C@H]1c1ccccc1)c1ccc2cc(F)ccc2n1,,O=C(NCC(=O)N1C[C@H](c2ccccc2)C[C@H]1c1ccccc1)c1ccc2cc(F)ccc2n1,0.3794271945953369,0.24637447,0.584334,3.0577601723845076,-9.71
O=C(NCC(=O)N1CCC[C@H]1c1nnc[nH]1)c1ccc2cc(Cl)ccc2n1,,O=C(NCC(=O)N1CCC[C@H]1c1nnc[nH]1)c1ccc2cc(Cl)ccc2n1,0.3071439862251282,0.25655603,0.36770695,3.151736133349095,-7.87
O=C(NCC(=O)N1C[C@H](O)C[C@H]1COc1cccnc1)c1ccc2ccccc2n1,,O=C(NCC(=O)N1C[C@H](O)C[C@H]1COc1cccnc1)c1ccc2ccccc2n1,0.332681268453598,0.25615788,0.43206477,3.148107706381861,-8.43
C[C@H](NC(=O)CNC(=O)c1cc(Cl)cc2ccccc12)c1ccccc1,,C[C@H](NC(=O)CNC(=O)c1cc(Cl)cc2ccccc12)c1ccccc1,0.283295601606369,0.17161088,0.46766502,2.2652417079921676,-8.73
O=C(NCC(=O)N1CCC[C@H]1c1cocn1)c1ccc2cc(F)ccc2n1,,O=C(NCC(=O)N1CCC[C@H]1c1cocn1)c1ccc2cc(F)ccc2n1,0.29294517636299133,0.2545975,0.3370688,3.1338532931124092,-7.59
O=C(NCC(=O)N1CCCC[C@H]1c1ncco1)c1ccc2cc(Cl)ccc2n1,,O=C(NCC(=O)N1CCCC[C@H]1c1ncco1)c1ccc2cc(Cl)ccc2n1,0.2926179766654968,0.2349971,0.36436743,2.9495977950692005,-7.84
O=C(NCC(=O)N1CCCC(F)(F)C1)c1ccc2cc(Cl)ccc2n1,,O=C(NCC(=O)N1CCCC(F)(F)C1)c1ccc2cc(Cl)ccc2n1,0.23646853864192963,0.18788373,0.29761684,2.4570839834293885,-7.21
O=C(NCC(=O)N1C[C@H](O)C[C@H]1c1ccc(F)cc1)c1ccc2ccccc2n1,,O=C(NCC(=O)N1C[C@H](O)C[C@H]1c1ccc(F)cc1)c1ccc2ccccc2n1,0.344428688287735,0.23783271,0.4988007,2.9768852686492853,-8.99
CN(CCNC(=O)c1ccc2cc(F)ccc2n1)C(=O)CNC(=O)c1cccc2ccccc12,,CN(CCNC(=O)c1ccc2cc(F)ccc2n1)C(=O)CNC(=O)c1cccc2ccccc12,0.3173799514770508,0.17518762,0.5749838,2.3085929877441895,-9.63
O=C(NCC(=O)N1CCC[C@H]1c1cc(Cl)cc(Cl)c1)c1ccc2ccccc2n1,,O=C(NCC(=O)N1CCC[C@H]1c1cc(Cl)cc(Cl)c1)c1ccc2ccccc2n1,0.34220826625823975,0.21012752,0.55731153,2.6997040443404927,-9.48
O=C(NCC(=O)N1CCC1C1CCCCC1)c1ccc2cc(Cl)ccc2n1,,O=C(NCC(=O)N1CCC1C1CCCCC1)c1ccc2cc(Cl)ccc2n1,0.3306942284107208,0.21460006,0.5095929,2.7461556599763153,-9.08
O=C(NCC(=O)N1CCCC1C1CCNCC1)c1ccc2cc(Cl)ccc2n1,,O=C(NCC(=O)N1CCCC1C1CCNCC1)c1ccc2cc(Cl)ccc2n1,0.3378923833370209,0.22834253,0.5,2.884649077120484,-9.0
O=C(NCC(=O)N1CC[C@H](O)[C@H]1COc1ccc(Cl)cc1)c1ccc2cc(Cl)ccc2n1,,O=C(NCC(=O)N1CC[C@H](O)[C@H]1COc1ccc(Cl)cc1)c1ccc2cc(Cl)ccc2n1,0.3277931809425354,0.2621637,0.40985227,3.202450174543703,-8.24
C[C@H](NC(=O)CNC(=O)c1ccc2cc(Cl)ccc2n1)[C@H]1CCCN(C2CCCC2)C1,,C[C@H](NC(=O)CNC(=O)c1ccc2cc(Cl)ccc2n1)[C@H]1CCCN(C2CCCC2)C1,0.3570777475833893,0.25562218,0.4988007,3.1432204279419835,-8.99
O=C(NCC(=O)N1C[C@H](O)C[C@H]1C(=O)N1CCCC1)c1ccc2cc(F)ccc2n1,,O=C(NCC(=O)N1C[C@H](O)C[C@H]1C(=O)N1CCCC1)c1ccc2cc(F)ccc2n1,0.3297652006149292,0.25445628,0.42736256,3.1325601139337422,-8.39
CN(CCNC(=O)c1ccc2ccccc2n1)C(=O)CNC(=O)c1ccc2ccccc2c1,,CN(CCNC(=O)c1ccc2ccccc2n1)C(=O)CNC(=O)c1ccc2ccccc2c1,0.30581724643707275,0.1664012,0.5620403,2.2007976445884037,-9.52
O=C(NCC(=O)N1CCC[C@H]1c1c[nH]c(-c2ccccn2)n1)c1ccc2ccccc2n1,,O=C(NCC(=O)N1CCC[C@H]1c1c[nH]c(-c2ccccn2)n1)c1ccc2ccccc2n1,0.378940612077713,0.2576584,0.55731153,3.1617620309912375,-9.48
O=C(NCC(=O)N1C[C@@H](F)C[C@H]1CN1CCCC1)c1ccc2cc(Cl)ccc2n1,,O=C(NCC(=O)N1C[C@@H](F)C[C@H]1CN1CCCC1)c1ccc2cc(Cl)ccc2n1,0.3232773542404175,0.26777613,0.3902822,3.252512145387005,-8.07
O=C(NCC(=O)N1C[C@H](O)[C@H](O)[C@H]1COCc1ccccc1)c1ccc2ccccc2n1,,O=C(NCC(=O)N1C[C@H](O)[C@H](O)[C@H]1COCc1ccccc1)c1ccc2ccccc2n1,0.3752257525920868,0.2795771,0.5035977,3.3556563457731166,-9.03
O=C(NCC(=O)N1CCC[C@H]1c1cnc(NC2CCCC2)nc1)c1ccc2cc(F)ccc2n1,,O=C(NCC(=O)N1CCC[C@H]1c1cnc(NC2CCCC2)nc1)c1ccc2cc(F)ccc2n1,0.34722694754600525,0.24705774,0.48800963,3.064147100405312,-8.9
O=C(NCC(=O)N1CCC[C@H]1c1cc(C(F)(F)F)ccc1F)c1ccc2cc(Cl)ccc2n1,,O=C(NCC(=O)N1CCC[C@H]1c1cc(C(F)(F)F)ccc1F)c1ccc2cc(Cl)ccc2n1,0.33862560987472534,0.22933461,0.5,2.8944151865515924,-9.0
