04:21:11 <INFO> Started REINVENT 4.6.22 (C) AstraZeneca 2017, 2023 on 2025-08-31
04:21:11 <INFO> Command line: /home/a/miniconda3/envs/reinvent4/bin/reinvent --log-filename reinvent.log -f toml config.toml
04:21:11 <INFO> Reading run configuration from /home/a/REINVENT4/ReinventStudies/pleaseWork/justmol2mol_4_Compounds/graph-dock/node-reinvent/config.toml using format toml
04:21:11 <INFO> User a on host l4-redo
04:21:11 <INFO> Python version 3.10.18
04:21:11 <INFO> PyTorch version 2.7.1+cu128, git e2d141dbde55c2a4370fac5165b0561b6af4798b
04:21:11 <INFO> PyTorch compiled with CUDA version 12.8
04:21:11 <INFO> RDKit version 2025.03.5
04:21:11 <INFO> Platform Linux-6.1.0-38-cloud-amd64-x86_64-with-glibc2.36
04:21:11 <INFO> CUDA driver version 570.86.10
04:21:11 <INFO> Number of PyTorch CUDA devices 1
04:21:11 <WARN> 'use_cuda' is deprecated, use 'device' instead
04:21:11 <INFO> Using CUDA device:0 NVIDIA L4
04:21:11 <INFO> GPU memory: 22381 MiB free, 22574 MiB total
04:21:11 <INFO> Writing TensorBoard summary to /home/a/REINVENT4/ReinventStudies/pleaseWork/justmol2mol_4_Compounds/graph-dock/node-reinvent/tb_logs
04:21:11 <INFO> Writing JSON config file to /home/a/REINVENT4/ReinventStudies/pleaseWork/justmol2mol_4_Compounds/graph-dock/node-reinvent/justmol2mol_4__staged_learning.json
04:21:11 <INFO> Starting 1 stage of Reinforcement Learning
04:21:12 <ERRO> /home/a/REINVENT4/ReinventStudies/priors/mol2mol_similarity.prior has invalid hash:
{ 'comments': [],
  'creation_date': 0,
  'date_format': 'UNIX epoch',
  'hash_id': '3c6a77904318ad22c299806d686463f5',
  'hash_id_format': 'xxhash.xxh3_128_hex 3.4.1',
  'model_id': '595a7122492447e0b10b11b6cf47b2ae',
  'model_id_format': 'uuid.uuid4 3.10.12',
  'origina_data_source': 'ChEMBL 28',
  'updates': []}
04:21:12 <INFO> Number of network parameters: 17,462,400
04:21:12 <INFO> Network architecture:
EncoderDecoder(
  (encoder): Encoder(
    (layers): ModuleList(
      (0-5): 6 x EncoderLayer(
        (self_attn): MultiHeadedAttention(
          (linears): ModuleList(
            (0-3): 4 x Linear(in_features=256, out_features=256, bias=True)
          )
          (dropout): Dropout(p=0.1, inplace=False)
        )
        (feed_forward): PositionwiseFeedForward(
          (w_1): Linear(in_features=256, out_features=2048, bias=True)
          (w_2): Linear(in_features=2048, out_features=256, bias=True)
          (dropout): Dropout(p=0.1, inplace=False)
        )
        (sublayer): ModuleList(
          (0-1): 2 x SublayerConnection(
            (norm): LayerNorm()
            (dropout): Dropout(p=0.1, inplace=False)
          )
        )
      )
    )
    (norm): LayerNorm()
  )
  (decoder): Decoder(
    (layers): ModuleList(
      (0-5): 6 x DecoderLayer(
        (self_attn): MultiHeadedAttention(
          (linears): ModuleList(
            (0-3): 4 x Linear(in_features=256, out_features=256, bias=True)
          )
          (dropout): Dropout(p=0.1, inplace=False)
        )
        (src_attn): MultiHeadedAttention(
          (linears): ModuleList(
            (0-3): 4 x Linear(in_features=256, out_features=256, bias=True)
          )
          (dropout): Dropout(p=0.1, inplace=False)
        )
        (feed_forward): PositionwiseFeedForward(
          (w_1): Linear(in_features=256, out_features=2048, bias=True)
          (w_2): Linear(in_features=2048, out_features=256, bias=True)
          (dropout): Dropout(p=0.1, inplace=False)
        )
        (sublayer): ModuleList(
          (0-2): 3 x SublayerConnection(
            (norm): LayerNorm()
            (dropout): Dropout(p=0.1, inplace=False)
          )
        )
      )
    )
    (norm): LayerNorm()
  )
  (src_embed): Sequential(
    (0): Embeddings(
      (lut): Embedding(128, 256)
    )
    (1): PositionalEncoding(
      (dropout): Dropout(p=0.1, inplace=False)
    )
  )
  (tgt_embed): Sequential(
    (0): Embeddings(
      (lut): Embedding(128, 256)
    )
    (1): PositionalEncoding(
      (dropout): Dropout(p=0.1, inplace=False)
    )
  )
  (generator): Generator(
    (proj): Linear(in_features=256, out_features=128, bias=True)
  )
)
04:21:12 <ERRO> /home/a/REINVENT4/ReinventStudies/priors/mol2mol_similarity.prior has invalid hash:
{ 'comments': [],
  'creation_date': 0,
  'date_format': 'UNIX epoch',
  'hash_id': '3c6a77904318ad22c299806d686463f5',
  'hash_id_format': 'xxhash.xxh3_128_hex 3.4.1',
  'model_id': '595a7122492447e0b10b11b6cf47b2ae',
  'model_id_format': 'uuid.uuid4 3.10.12',
  'origina_data_source': 'ChEMBL 28',
  'updates': []}
04:21:12 <INFO> Number of network parameters: 17,462,400
04:21:12 <INFO> Network architecture:
EncoderDecoder(
  (encoder): Encoder(
    (layers): ModuleList(
      (0-5): 6 x EncoderLayer(
        (self_attn): MultiHeadedAttention(
          (linears): ModuleList(
            (0-3): 4 x Linear(in_features=256, out_features=256, bias=True)
          )
          (dropout): Dropout(p=0.1, inplace=False)
        )
        (feed_forward): PositionwiseFeedForward(
          (w_1): Linear(in_features=256, out_features=2048, bias=True)
          (w_2): Linear(in_features=2048, out_features=256, bias=True)
          (dropout): Dropout(p=0.1, inplace=False)
        )
        (sublayer): ModuleList(
          (0-1): 2 x SublayerConnection(
            (norm): LayerNorm()
            (dropout): Dropout(p=0.1, inplace=False)
          )
        )
      )
    )
    (norm): LayerNorm()
  )
  (decoder): Decoder(
    (layers): ModuleList(
      (0-5): 6 x DecoderLayer(
        (self_attn): MultiHeadedAttention(
          (linears): ModuleList(
            (0-3): 4 x Linear(in_features=256, out_features=256, bias=True)
          )
          (dropout): Dropout(p=0.1, inplace=False)
        )
        (src_attn): MultiHeadedAttention(
          (linears): ModuleList(
            (0-3): 4 x Linear(in_features=256, out_features=256, bias=True)
          )
          (dropout): Dropout(p=0.1, inplace=False)
        )
        (feed_forward): PositionwiseFeedForward(
          (w_1): Linear(in_features=256, out_features=2048, bias=True)
          (w_2): Linear(in_features=2048, out_features=256, bias=True)
          (dropout): Dropout(p=0.1, inplace=False)
        )
        (sublayer): ModuleList(
          (0-2): 3 x SublayerConnection(
            (norm): LayerNorm()
            (dropout): Dropout(p=0.1, inplace=False)
          )
        )
      )
    )
    (norm): LayerNorm()
  )
  (src_embed): Sequential(
    (0): Embeddings(
      (lut): Embedding(128, 256)
    )
    (1): PositionalEncoding(
      (dropout): Dropout(p=0.1, inplace=False)
    )
  )
  (tgt_embed): Sequential(
    (0): Embeddings(
      (lut): Embedding(128, 256)
    )
    (1): PositionalEncoding(
      (dropout): Dropout(p=0.1, inplace=False)
    )
  )
  (generator): Generator(
    (proj): Linear(in_features=256, out_features=128, bias=True)
  )
)
04:21:12 <INFO> Using generator Mol2Mol
04:21:12 <INFO> Prior read from /home/a/REINVENT4/ReinventStudies/priors/mol2mol_similarity.prior
04:21:12 <INFO> Agent read from /home/a/REINVENT4/ReinventStudies/priors/mol2mol_similarity.prior
04:21:12 <INFO> Input molecules/fragments read from file /home/a/REINVENT4/ReinventStudies/mols/Rad51/cam833_compounds.smi
04:21:12 <WARN> randomize_smiles was set to True but the model was not trained with randomized SMILES.  Setting randomize_smiles to False.
04:21:12 <INFO> Using reward strategy dap
04:21:12 <INFO> Diversity filter memories are retained between stages
04:21:12 <INFO> Registered scoring component ROCSSimilarity
04:21:12 <INFO> Registered scoring component GroupCount
04:21:12 <INFO> Registered scoring component FragmentQed
04:21:12 <INFO> Registered scoring component FragmentSlogP
04:21:12 <INFO> Registered scoring component FragmentMolecularWeight
04:21:12 <INFO> Registered scoring component FragmentTPSA
04:21:12 <INFO> Registered scoring component FragmentDistanceMatrix
04:21:12 <INFO> Registered scoring component FragmentNumAtomStereoCenters
04:21:12 <INFO> Registered scoring component FragmentHBondAcceptors
04:21:12 <INFO> Registered scoring component FragmentHBondDonors
04:21:12 <INFO> Registered scoring component FragmentNumRotBond
04:21:12 <INFO> Registered scoring component FragmentCsp3
04:21:12 <INFO> Registered scoring component Fragmentnumsp
04:21:12 <INFO> Registered scoring component Fragmentnumsp2
04:21:12 <INFO> Registered scoring component Fragmentnumsp3
04:21:12 <INFO> Registered scoring component FragmentEffectiveLength
04:21:12 <INFO> Registered scoring component FragmentGraphLength
04:21:12 <INFO> Registered scoring component FragmentLengthRatio
04:21:12 <INFO> Registered scoring component FragmentNumHeavyAtoms
04:21:12 <INFO> Registered scoring component FragmentNumHeteroAtoms
04:21:12 <INFO> Registered scoring component FragmentNumRings
04:21:12 <INFO> Registered scoring component FragmentNumAromaticRings
04:21:12 <INFO> Registered scoring component FragmentNumAliphaticRings
04:21:12 <INFO> Registered scoring component FragmentSlogP
04:21:12 <INFO> Registered scoring component MatchingSubstructure
04:21:12 <INFO> Registered scoring component MolVolume
04:21:12 <INFO> Registered scoring component Qed
04:21:12 <INFO> Registered scoring component LargestRingSize
04:21:12 <INFO> Registered scoring component MolecularWeight
04:21:12 <INFO> Registered scoring component GraphLength
04:21:12 <INFO> Registered scoring component NumAtomStereoCenters
04:21:12 <INFO> Registered scoring component HBondAcceptors
04:21:12 <INFO> Registered scoring component HBondDonors
04:21:12 <INFO> Registered scoring component NumRotBond
04:21:12 <INFO> Registered scoring component Csp3
04:21:12 <INFO> Registered scoring component numsp
04:21:12 <INFO> Registered scoring component numsp2
04:21:12 <INFO> Registered scoring component numsp3
04:21:12 <INFO> Registered scoring component NumHeavyAtoms
04:21:12 <INFO> Registered scoring component NumHeteroAtoms
04:21:12 <INFO> Registered scoring component NumRings
04:21:12 <INFO> Registered scoring component NumAromaticRings
04:21:12 <INFO> Registered scoring component NumAliphaticRings
04:21:12 <INFO> Registered scoring component SlogP
04:21:12 <INFO> Registered scoring component LargestRingSize
04:21:12 <INFO> Registered scoring component PMI
04:21:12 <INFO> Registered scoring component RDKitDescriptors
04:21:12 <INFO> Registered scoring component TanimotoSimilarity
04:21:12 <INFO> Registered scoring component TanimotoDistance
04:21:12 <INFO> Registered scoring component TPSA
04:21:12 <INFO> Registered scoring component SAScore
04:21:12 <INFO> Registered scoring component Cazp
04:21:13 <INFO> Registered scoring component ChemProp
04:21:13 <INFO> Registered scoring component CustomAlerts
04:21:13 <INFO> Registered scoring component DockStream
04:21:13 <INFO> Registered scoring component ExternalProcess
04:21:13 <INFO> Registered scoring component REST
04:21:13 <INFO> Registered scoring component Icolos
04:21:13 <INFO> Registered scoring component Maize
04:21:13 <INFO> Registered scoring component MMP
04:21:13 <INFO> Registered scoring component Qptuna
04:21:13 <INFO> Registered scoring component ReactionFilter
04:21:13 <INFO> Registered scoring component RingPrecedence
04:21:13 <INFO> Creating filter component custom_alerts
04:21:13 <INFO> Creating scoring component QED
04:21:13 <INFO> Creating scoring component ExternalProcess
04:21:13 <INFO> Writing tabular data for stage to justmol2mol_4__1.csv
04:21:13 <INFO> Starting stage 1 <<<
04:21:13 <INFO> Current GPU memory usage: 403 MiB used, 22171 MiB free
04:45:44 <INFO> Score: 0.33 Agent NLL: 5.62 Valid:  99% Step: 1
 | Agent Prior Target Score SMILES SMILES_state Input_SMILES QED QED (raw) maize maize (raw) Unwanted SMARTS Unwanted SMARTS (raw) matchting_patterns (Unwanted SMARTS)
 | 8.7822 8.7822 -8.7822 0.0000000 C#Cc1ccc2c(c1)NC(=O)CC(c1cccc(C#N)c1)=N2 1 CN1CCN(C(=O)c2cccc(C3=Nc4ccc(C#Cc5ccccc5)cc4NC(=O)C3)c2)CC1 0.0000000 0.0000 0.0000000 0.0000 0.0000000 0.0000 ['C#C']
 | 15.3720 15.3720 -15.3720 0.0000000 CC(C)(C)CCn1c(/C=C/c2cccnc2)nc2ccc(C(=O)O)cc2c1=O 1 O=c1c2ccccc2nc(/C=C/c2cccnc2)n1CC1CCCCC1 0.0000000 0.0000 0.0000000 0.0000 0.0000000 0.0000 ['C(=[O,S])[O,S]']
 | 7.1587 7.1587 -7.1587 0.0000000 CC(C)(C)NC1CN(c2nc(N3CCc4ccccc4C3)nc(N3CCc4ccccc4C3)n2)CCO1 1 CCNC1CN(c2nc(N3CCc4ccccc4C3)nc(N3CCc4ccccc4C3)n2)CCO1 0.0000000 0.0000 0.0000000 0.0000 0.0000000 0.0000 ['[#7;!n][C;!$(C(=[O,N])[N,O])][#8;!o]']
 | 5.4039 5.4039 53.6041 0.4609998 CC(C)C[C@@H](NC(=O)[C@@H]1C[C@@H](O)CN1C(=O)CNC(=O)c1ccc2cc(F)ccc2n1)c1ccccc1 1 COc1ccc([C@H](C)NC(=O)[C@@H]2C[C@@H](O)CN2C(=O)CNC(=O)c2ccc3cc(F)ccc3n2)c(Cl)c1 0.4350574 0.4351 0.4884892 -8.8800 1.0000000 1.0000 []
 | 4.3390 4.3390 56.9970 0.4791876 CC(C)C[C@H](NC(=O)[C@@H]1C[C@@H](O)CN1C(=O)CNC(=O)c1ccc2cc(F)ccc2n1)c1ccccc1 1 COc1ccc([C@H](C)NC(=O)[C@@H]2C[C@@H](O)CN2C(=O)CNC(=O)c2ccc3cc(F)ccc3n2)c(Cl)c1 0.4350574 0.4351 0.5277942 -9.2900 1.0000000 1.0000 []
 | 7.9932 7.9932 56.6757 0.5052259 CC(C)[C@H](NC(=O)[C@@H]1C[C@@H](F)CN1C(=O)CNC(=O)c1ccc2cc(F)ccc2n1)c1ccccc1 1 COc1ccc([C@H](C)NC(=O)[C@@H]2C[C@@H](O)CN2C(=O)CNC(=O)c2ccc3cc(F)ccc3n2)c(Cl)c1 0.5256310 0.5256 0.4856129 -8.8500 1.0000000 1.0000 []
 | 6.1229 6.1229 54.0259 0.4699128 CC(C)[C@H](NC(=O)[C@@H]1C[C@@H](O)CN1C(=O)CNC(=O)c1ccc2cc(F)ccc2n1)c1ccccc1 1 COc1ccc([C@H](C)NC(=O)[C@@H]2C[C@@H](O)CN2C(=O)CNC(=O)c2ccc3cc(F)ccc3n2)c(Cl)c1 0.4695327 0.4695 0.4702933 -8.6900 1.0000000 1.0000 []
 | 9.7744 9.7744 58.5476 0.5337651 CC(C)c1ccc(NC(=O)[C@@H]2CCCN2C(=O)CNC(=O)c2ccc3cc(F)ccc3n2)cc1 1 COc1ccc([C@H](C)NC(=O)[C@@H]2C[C@@H](O)CN2C(=O)CNC(=O)c2ccc3cc(F)ccc3n2)c(Cl)c1 0.5820948 0.5821 0.4894481 -8.8900 1.0000000 1.0000 []
 | 6.0827 6.0827 58.8230 0.5070764 CC(C)c1ccc(NC(=O)[C@@H]2C[C@@H](O)CN2C(=O)CNC(=O)c2ccc3cc(F)ccc3n2)cc1 1 COc1ccc([C@H](C)NC(=O)[C@@H]2C[C@@H](O)CN2C(=O)CNC(=O)c2ccc3cc(F)ccc3n2)c(Cl)c1 0.5045722 0.5046 0.5095930 -9.1000 1.0000000 1.0000 []
 | 9.7825 9.7825 56.5354 0.5181082 CC(C)c1ccccc1[C@H](C)NC(=O)[C@@H]1CCCN1C(=O)CNC(=O)c1ccc2cc(F)ccc2n1 1 COc1ccc([C@H](C)NC(=O)[C@@H]2C[C@@H](O)CN2C(=O)CNC(=O)c2ccc3cc(F)ccc3n2)c(Cl)c1 0.5218561 0.5219 0.5143871 -9.1500 1.0000000 1.0000 []
05:02:58 <INFO> Score: 0.36 Agent NLL: 5.70 Valid: 100% Step: 2
 | Agent Prior Target Score SMILES SMILES_state Input_SMILES QED QED (raw) maize maize (raw) Unwanted SMARTS Unwanted SMARTS (raw) matchting_patterns (Unwanted SMARTS)
 | 5.4934 5.4378 -5.4378 0.0000000 CC(=O)Nc1ccc(OCCCCC(=O)NN=Cc2cccc(C(F)(F)F)c2)cc1 1 O=C(CCCOc1ccc(Cl)cc1Cl)NN=Cc1cccc(C(F)(F)F)c1 0.0000000 0.0000 0.0000000 0.0000 0.0000000 0.0000 ['[#7;!n][#7;!n]']
 | 7.9787 7.9800 -7.9800 0.0000000 CC(C)(C)c1ccc(OCCCC(=O)NN=Cc2cccc(C(F)(F)F)c2)cc1 1 O=C(CCCOc1ccc(Cl)cc1Cl)NN=Cc1cccc(C(F)(F)F)c1 0.0000000 0.0000 0.0000000 0.0000 0.0000000 0.0000 ['[#7;!n][#7;!n]']
 | 5.7573 6.5016 54.9124 0.4797970 CC(C)C(NC(=O)[C@@H]1C[C@@H](F)CN1C(=O)CNC(=O)c1ccc2cc(F)ccc2n1)c1ccccc1 1 COc1ccc([C@H](C)NC(=O)[C@@H]2C[C@@H](O)CN2C(=O)CNC(=O)c2ccc3cc(F)ccc3n2)c(Cl)c1 0.5256310 0.5256 0.4379597 -8.3500 1.0000000 1.0000 []
 | 5.9656 7.8880 53.6861 0.4810476 CC(C)C[C@@H](NC(=O)[C@@H]1C[C@@H](F)CN1C(=O)CNC(=O)c1ccc2cc(F)ccc2n1)c1ccccc1 1 COc1ccc([C@H](C)NC(=O)[C@@H]2C[C@@H](O)CN2C(=O)CNC(=O)c2ccc3cc(F)ccc3n2)c(Cl)c1 0.4822348 0.4822 0.4798633 -8.7900 1.0000000 1.0000 []
 | 6.2207 12.2902 57.4146 0.5445687 CC(C)[C@H](NC(=O)[C@@H]1CCCN1C(=O)CNC(=O)c1ccc2cc(F)ccc2n1)c1ccccc1 1 COc1ccc([C@H](C)NC(=O)[C@@H]2C[C@@H](O)CN2C(=O)CNC(=O)c2ccc3cc(F)ccc3n2)c(Cl)c1 0.5451194 0.5451 0.5440186 -9.4600 1.0000000 1.0000 []
 | 4.5759 6.0827 58.8230 0.5070764 CC(C)c1ccc(NC(=O)[C@@H]2C[C@@H](O)CN2C(=O)CNC(=O)c2ccc3cc(F)ccc3n2)cc1 1 COc1ccc([C@H](C)NC(=O)[C@@H]2C[C@@H](O)CN2C(=O)CNC(=O)c2ccc3cc(F)ccc3n2)c(Cl)c1 0.5045722 0.5046 0.5095930 -9.1000 1.0000000 1.0000 []
 | 6.2986 8.3771 57.2570 0.5127669 CC(C)c1cccc(NC(=O)[C@@H]2C[C@@H](O)CN2C(=O)CNC(=O)c2ccc3cc(F)ccc3n2)c1 1 COc1ccc([C@H](C)NC(=O)[C@@H]2C[C@@H](O)CN2C(=O)CNC(=O)c2ccc3cc(F)ccc3n2)c(Cl)c1 0.5045722 0.5046 0.5210946 -9.2200 1.0000000 1.0000 []
 | 4.9579 9.7825 56.5354 0.5181082 CC(C)c1ccccc1[C@H](C)NC(=O)[C@@H]1CCCN1C(=O)CNC(=O)c1ccc2cc(F)ccc2n1 1 COc1ccc([C@H](C)NC(=O)[C@@H]2C[C@@H](O)CN2C(=O)CNC(=O)c2ccc3cc(F)ccc3n2)c(Cl)c1 0.5218561 0.5219 0.5143871 -9.1500 1.0000000 1.0000 []
 | 5.7641 4.7388 58.9357 0.4974574 CC(C)n1c(/C=C/c2cccnc2)nc2ccccc2c1=O 1 O=c1c2ccccc2nc(/C=C/c2cccnc2)n1CC1CCCCC1 0.7412193 0.7412 0.3338605 -7.2000 1.0000000 1.0000 []
 | 7.8259 12.6428 45.3729 0.4532474 CC(NC(=O)[C@@H]1CCCN1C(=O)CNC(=O)c1ccc2cc(F)ccc2n1)c1ccc(-c2ccccc2)cc1 1 COc1ccc([C@H](C)NC(=O)[C@@H]2C[C@@H](O)CN2C(=O)CNC(=O)c2ccc3cc(F)ccc3n2)c(Cl)c1 0.3686147 0.3686 0.5573117 -9.6000 1.0000000 1.0000 []
05:21:57 <INFO> Score: 0.36 Agent NLL: 6.22 Valid:  99% Step: 3
 | Agent Prior Target Score SMILES SMILES_state Input_SMILES QED QED (raw) maize maize (raw) Unwanted SMARTS Unwanted SMARTS (raw) matchting_patterns (Unwanted SMARTS)
 | 5.4595 5.4496 -5.4496 0.0000000 CC(=O)Nc1ccc(OCCCC(=O)NN=Cc2cccc(C(F)(F)F)c2)cc1 1 O=C(CCCOc1ccc(Cl)cc1Cl)NN=Cc1cccc(C(F)(F)F)c1 0.0000000 0.0000 0.0000000 0.0000 0.0000000 0.0000 ['[#7;!n][#7;!n]']
 | 7.2077 7.2138 -7.2138 0.0000000 CC(=O)Nc1cccc(OCCCCC(=O)NN=Cc2ccc(C(F)(F)F)cc2)c1 1 O=C(CCCOc1ccc(Cl)cc1Cl)NN=Cc1cccc(C(F)(F)F)c1 0.0000000 0.0000 0.0000000 0.0000 0.0000000 0.0000 ['[#7;!n][#7;!n]']
 | 8.0203 7.9800 -7.9800 0.0000000 CC(C)(C)c1ccc(OCCCC(=O)NN=Cc2cccc(C(F)(F)F)c2)cc1 1 O=C(CCCOc1ccc(Cl)cc1Cl)NN=Cc1cccc(C(F)(F)F)c1 0.0000000 0.0000 0.0000000 0.0000 0.0000000 0.0000 ['[#7;!n][#7;!n]']
 | 4.5787 9.9629 51.0574 0.4767211 CC(C)C[C@H](NC(=O)[C@@H]1CCCN1C(=O)CNC(=O)c1ccc2cc(F)ccc2n1)c1ccccc1 1 COc1ccc([C@H](C)NC(=O)[C@@H]2C[C@@H](O)CN2C(=O)CNC(=O)c2ccc3cc(F)ccc3n2)c(Cl)c1 0.4994466 0.4994 0.4550295 -8.5300 1.0000000 1.0000 []
 | 6.1234 11.6954 58.1407 0.5455952 CC(C)NC(=O)[C@@H]1CCCN1C(=O)CNC(=O)c1ccc2cc(F)ccc2n1 1 COc1ccc([C@H](C)NC(=O)[C@@H]2C[C@@H](O)CN2C(=O)CNC(=O)c2ccc3cc(F)ccc3n2)c(Cl)c1 0.8169615 0.8170 0.3643674 -7.5500 1.0000000 1.0000 []
 | 4.0875 9.7744 58.5476 0.5337651 CC(C)c1ccc(NC(=O)[C@@H]2CCCN2C(=O)CNC(=O)c2ccc3cc(F)ccc3n2)cc1 1 COc1ccc([C@H](C)NC(=O)[C@@H]2C[C@@H](O)CN2C(=O)CNC(=O)c2ccc3cc(F)ccc3n2)c(Cl)c1 0.5820948 0.5821 0.4894481 -8.8900 1.0000000 1.0000 []
 | 4.5618 12.5702 56.7488 0.5415545 CC(C)c1cccc(NC(=O)[C@@H]2CCCN2C(=O)CNC(=O)c2ccc3cc(F)ccc3n2)c1 1 COc1ccc([C@H](C)NC(=O)[C@@H]2C[C@@H](O)CN2C(=O)CNC(=O)c2ccc3cc(F)ccc3n2)c(Cl)c1 0.5820948 0.5821 0.5038376 -9.0400 1.0000000 1.0000 []
 | 6.0566 11.4917 57.2732 0.5372255 CC(C)c1ccccc1CNC(=O)[C@@H]1CCCN1C(=O)CNC(=O)c1ccc2cc(F)ccc2n1 1 COc1ccc([C@H](C)NC(=O)[C@@H]2C[C@@H](O)CN2C(=O)CNC(=O)c2ccc3cc(F)ccc3n2)c(Cl)c1 0.5458362 0.5458 0.5287506 -9.3000 1.0000000 1.0000 []
 | 3.6459 12.2195 51.4013 0.4970374 CC(NC(=O)[C@@H]1CCCN1C(=O)CNC(=O)c1ccc2cc(F)ccc2n1)c1ccc(F)cc1 1 COc1ccc([C@H](C)NC(=O)[C@@H]2C[C@@H](O)CN2C(=O)CNC(=O)c2ccc3cc(F)ccc3n2)c(Cl)c1 0.5841613 0.5842 0.4229075 -8.1900 1.0000000 1.0000 []
 | 4.9583 11.9950 61.2154 0.5719559 CC(NC(=O)[C@@H]1CCCN1C(=O)CNC(=O)c1ccc2cc(F)ccc2n1)c1ccccc1 1 COc1ccc([C@H](C)NC(=O)[C@@H]2C[C@@H](O)CN2C(=O)CNC(=O)c2ccc3cc(F)ccc3n2)c(Cl)c1 0.6066399 0.6066 0.5392548 -9.4100 1.0000000 1.0000 []
05:37:29 <INFO> Score: 0.36 Agent NLL: 6.32 Valid:  99% Step: 4
 | Agent Prior Target Score SMILES SMILES_state Input_SMILES QED QED (raw) maize maize (raw) Unwanted SMARTS Unwanted SMARTS (raw) matchting_patterns (Unwanted SMARTS)
 | 29.4032 29.6043 -29.6043 0.0000000 C2CN(Cc3cccnc3)C(c3ccccc3N)=NN2C(=O)c1Cc1ccccc1 0 O=c1c2ccccc2nc(/C=C/c2cccnc2)n1Cc1ccccc1 0.0000000 0.0000 0.0000000 0.0000 0.0000000 0.0000 None
 | 12.3349 14.0579 61.5197 0.5904501 CC(C)(C)NC(=O)c1nc(N2CCc3ccccc3C2)nc(N2CCc3ccccc3C2)n1 1 CCNC1CN(c2nc(N3CCc4ccccc4C3)nc(N3CCc4ccccc4C3)n2)CCO1 0.6690367 0.6690 0.5210946 -9.2200 1.0000000 1.0000 []
 | 6.9184 7.4093 -7.4093 0.0000000 CC(C)(C)c1ccc(OCCCC(=O)NN=Cc2cccc(Cl)c2)cc1 1 O=C(CCCOc1ccc(Cl)cc1Cl)NN=Cc1cccc(C(F)(F)F)c1 0.0000000 0.0000 0.0000000 0.0000 0.0000000 0.0000 ['[#7;!n][#7;!n]']
 | 5.3491 10.4933 52.6686 0.4934525 CC(C)C[C@@H](NC(=O)[C@@H]1CCCN1C(=O)CNC(=O)c1ccc2cc(F)ccc2n1)c1ccccc1 1 COc1ccc([C@H](C)NC(=O)[C@@H]2C[C@@H](O)CN2C(=O)CNC(=O)c2ccc3cc(F)ccc3n2)c(Cl)c1 0.4994466 0.4994 0.4875302 -8.8700 1.0000000 1.0000 []
 | 5.2260 11.6954 58.1407 0.5455952 CC(C)NC(=O)[C@@H]1CCCN1C(=O)CNC(=O)c1ccc2cc(F)ccc2n1 1 COc1ccc([C@H](C)NC(=O)[C@@H]2C[C@@H](O)CN2C(=O)CNC(=O)c2ccc3cc(F)ccc3n2)c(Cl)c1 0.8169615 0.8170 0.3643674 -7.5500 1.0000000 1.0000 []
 | 8.3635 14.4223 49.6360 0.5004560 CC(C)c1cc(NC(=O)[C@@H]2C[C@H](O)CN2C(=O)CNC(=O)c2ccc3cc(F)ccc3n2)ccc1F 1 COc1ccc([C@H](C)NC(=O)[C@@H]2C[C@@H](O)CN2C(=O)CNC(=O)c2ccc3cc(F)ccc3n2)c(Cl)c1 0.4859964 0.4860 0.5153458 -9.1600 1.0000000 1.0000 []
 | 3.7013 9.7744 58.5476 0.5337651 CC(C)c1ccc(NC(=O)[C@@H]2CCCN2C(=O)CNC(=O)c2ccc3cc(F)ccc3n2)cc1 1 COc1ccc([C@H](C)NC(=O)[C@@H]2C[C@@H](O)CN2C(=O)CNC(=O)c2ccc3cc(F)ccc3n2)c(Cl)c1 0.5820948 0.5821 0.4894481 -8.8900 1.0000000 1.0000 []
 | 3.3646 12.5702 56.7488 0.5415545 CC(C)c1cccc(NC(=O)[C@@H]2CCCN2C(=O)CNC(=O)c2ccc3cc(F)ccc3n2)c1 1 COc1ccc([C@H](C)NC(=O)[C@@H]2C[C@@H](O)CN2C(=O)CNC(=O)c2ccc3cc(F)ccc3n2)c(Cl)c1 0.5820948 0.5821 0.5038376 -9.0400 1.0000000 1.0000 []
 | 6.0629 11.4917 57.2732 0.5372255 CC(C)c1ccccc1CNC(=O)[C@@H]1CCCN1C(=O)CNC(=O)c1ccc2cc(F)ccc2n1 1 COc1ccc([C@H](C)NC(=O)[C@@H]2C[C@@H](O)CN2C(=O)CNC(=O)c2ccc3cc(F)ccc3n2)c(Cl)c1 0.5458362 0.5458 0.5287506 -9.3000 1.0000000 1.0000 []
 | 4.2112 12.1380 60.8286 0.5700520 CC(C)c1ccccc1NC(=O)[C@@H]1CCCN1C(=O)CNC(=O)c1ccc2cc(F)ccc2n1 1 COc1ccc([C@H](C)NC(=O)[C@@H]2C[C@@H](O)CN2C(=O)CNC(=O)c2ccc3cc(F)ccc3n2)c(Cl)c1 0.5820948 0.5821 0.5582582 -9.6100 1.0000000 1.0000 []
05:52:40 <INFO> Score: 0.36 Agent NLL: 6.64 Valid:  99% Step: 5
 | Agent Prior Target Score SMILES SMILES_state Input_SMILES QED QED (raw) maize maize (raw) Unwanted SMARTS Unwanted SMARTS (raw) matchting_patterns (Unwanted SMARTS)
 | 13.5772 16.4285 -16.4285 0.0000000 CC(=O)Nc1ncc(C#N)c(OCCCCC(=O)NN=Cc2cccnc2)n1 1 O=C(CCCOc1ccc(Cl)cc1Cl)NN=Cc1cccnc1F 0.0000000 0.0000 0.0000000 0.0000 0.0000000 0.0000 ['[#7;!n][#7;!n]']
 | 10.4453 12.0445 -12.0445 0.0000000 CC(C)(C)c1ccc(OCCCC(=O)NNC(=O)c2ccc(C(C)(C)C)cc2)cc1 1 O=C(CCCOc1ccc(Cl)cc1Cl)NN=Cc1cccc(C(F)(F)F)c1 0.0000000 0.0000 0.0000000 0.0000 0.0000000 0.0000 ['[#7;!n][#7;!n]']
 | 14.2489 16.6559 53.3110 0.5466165 CC(C)N(C)C[C@@H]1COCCN1c1nc(N2CCc3ccccc3C2)nc(N2CCc3ccccc3C2)n1 1 CCNC1CN(c2nc(N3CCc4ccccc4C3)nc(N3CCc4ccccc4C3)n2)CCO1 0.4961979 0.4962 0.6021581 -10.0800 1.0000000 1.0000 []
 | 5.0133 12.2902 57.4146 0.5445687 CC(C)[C@H](NC(=O)[C@@H]1CCCN1C(=O)CNC(=O)c1ccc2cc(F)ccc2n1)c1ccccc1 1 COc1ccc([C@H](C)NC(=O)[C@@H]2C[C@@H](O)CN2C(=O)CNC(=O)c2ccc3cc(F)ccc3n2)c(Cl)c1 0.5451194 0.5451 0.5440186 -9.4600 1.0000000 1.0000 []
 | 6.5004 14.9936 51.7108 0.5211283 CC(C)c1cc(NC(=O)[C@@H]2CCCN2C(=O)CNC(=O)c2ccc3cc(F)ccc3n2)ccc1F 1 COc1ccc([C@H](C)NC(=O)[C@@H]2C[C@@H](O)CN2C(=O)CNC(=O)c2ccc3cc(F)ccc3n2)c(Cl)c1 0.5581393 0.5581 0.4865715 -8.8600 1.0000000 1.0000 []
 | 3.6464 9.7744 58.5476 0.5337651 CC(C)c1ccc(NC(=O)[C@@H]2CCCN2C(=O)CNC(=O)c2ccc3cc(F)ccc3n2)cc1 1 COc1ccc([C@H](C)NC(=O)[C@@H]2C[C@@H](O)CN2C(=O)CNC(=O)c2ccc3cc(F)ccc3n2)c(Cl)c1 0.5820948 0.5821 0.4894481 -8.8900 1.0000000 1.0000 []
 | 2.9797 12.5702 56.7488 0.5415545 CC(C)c1cccc(NC(=O)[C@@H]2CCCN2C(=O)CNC(=O)c2ccc3cc(F)ccc3n2)c1 1 COc1ccc([C@H](C)NC(=O)[C@@H]2C[C@@H](O)CN2C(=O)CNC(=O)c2ccc3cc(F)ccc3n2)c(Cl)c1 0.5820948 0.5821 0.5038376 -9.0400 1.0000000 1.0000 []
 | 3.3384 12.1380 60.8286 0.5700520 CC(C)c1ccccc1NC(=O)[C@@H]1CCCN1C(=O)CNC(=O)c1ccc2cc(F)ccc2n1 1 COc1ccc([C@H](C)NC(=O)[C@@H]2C[C@@H](O)CN2C(=O)CNC(=O)c2ccc3cc(F)ccc3n2)c(Cl)c1 0.5820948 0.5821 0.5582582 -9.6100 1.0000000 1.0000 []
 | 14.6072 14.8445 50.8637 0.5133449 CC(C)n1c(/C=C/c2ccccn2)nc2ccccc2c1=O 1 O=c1c2ccccc2nc(/C=C/c2cccnc2)n1Cc1ccc(Cl)cc1 0.7412193 0.7412 0.3555263 -7.4500 1.0000000 1.0000 []
 | 6.3879 11.5629 53.3895 0.5074404 CC(NC(=O)C1CCCN1C(=O)CNC(=O)c1ccc2cc(F)ccc2n1)c1ccc(F)cc1 1 COc1ccc([C@H](C)NC(=O)[C@@H]2C[C@@H](O)CN2C(=O)CNC(=O)c2ccc3cc(F)ccc3n2)c(Cl)c1 0.5841613 0.5842 0.4407956 -8.3800 1.0000000 1.0000 []
06:10:18 <INFO> Score: 0.37 Agent NLL: 7.01 Valid:  99% Step: 6
 | Agent Prior Target Score SMILES SMILES_state Input_SMILES QED QED (raw) maize maize (raw) Unwanted SMARTS Unwanted SMARTS (raw) matchting_patterns (Unwanted SMARTS)
 | 15.6028 15.3163 -15.3163 0.0000000 CC(=O)NC1CN(c2nc(N3CCN(c4ncccn4)CC3)nc(N3CCc4ccccc4C3)n2)CCO1 1 CCNC1CN(c2nc(N3CCc4ccccc4C3)nc(N3CCc4ccccc4C3)n2)CCO1 0.0000000 0.0000 0.0000000 0.0000 0.0000000 0.0000 ['[#7;!n][C;!$(C(=[O,N])[N,O])][#8;!o]']
 | 6.2134 6.4865 -6.4865 0.0000000 CC(=O)Nc1ccc(OCCCCC(=O)NN=Cc2ccc(C(F)(F)F)cc2)cc1 1 O=C(CCCOc1ccc(Cl)cc1Cl)NN=Cc1cccc(C(F)(F)F)c1 0.0000000 0.0000 0.0000000 0.0000 0.0000000 0.0000 ['[#7;!n][#7;!n]']
 | 4.9649 4.9987 -4.9987 0.0000000 CC(C)(O)C#Cc1ccc2c(c1)NC(=O)CC(c1cccc(C(=O)NCCN3CCOCC3)c1)=N2 1 CN1CCN(C(=O)c2cccc(C3=Nc4ccc(C#Cc5ccccc5)cc4NC(=O)C3)c2)CC1 0.0000000 0.0000 0.0000000 0.0000 0.0000000 0.0000 ['C#C']
 | 8.0478 7.8169 -7.8169 0.0000000 CC(C)(O)C#Cc1ccc2c(c1)NC(=O)CC(c1cccc(C(N)=O)c1)=N2 1 CN1CCN(C(=O)c2cccc(C3=Nc4ccc(C#Cc5ccccc5)cc4NC(=O)C3)c2)CC1 0.0000000 0.0000 0.0000000 0.0000 0.0000000 0.0000 ['C#C']
 | 9.6375 15.3921 49.2122 0.5047212 CC(C)C(NC(=O)[C@@H]1CCCN1C(=O)CNC(=O)c1ccc2cc(F)ccc2n1)c1ccc(F)cc1 1 COc1ccc([C@H](C)NC(=O)[C@@H]2C[C@@H](O)CN2C(=O)CNC(=O)c2ccc3cc(F)ccc3n2)c(Cl)c1 0.5235480 0.5235 0.4865715 -8.8600 1.0000000 1.0000 []
 | 8.8483 9.0764 -9.0764 0.0000000 CC(C)CNC(=O)c1cccc(C2=Nc3ccc(C#Cc4ccccc4)cc3NC(=O)C2)c1 1 CN1CCN(C(=O)c2cccc(C3=Nc4ccc(C#Cc5ccccc5)cc4NC(=O)C3)c2)CC1 0.0000000 0.0000 0.0000000 0.0000 0.0000000 0.0000 ['C#C']
 | 10.5237 14.4537 62.9357 0.6046045 CC(C)Nc1nc(N2CCNCC2)nc(N2CCc3ccccc3C2)n1 1 CCNC1CN(c2nc(N3CCc4ccccc4C3)nc(N3CCc4ccccc4C3)n2)CCO1 0.8662833 0.8663 0.4219712 -8.1800 1.0000000 1.0000 []
 | 6.9811 7.4644 -7.4644 0.0000000 CC(C)c1ccc(OCCCC(=O)NN=Cc2cccnc2)cc1 1 O=C(CCCOc1ccc(Cl)cc1Cl)NN=Cc1cccnc1F 0.0000000 0.0000 0.0000000 0.0000 0.0000000 0.0000 ['[#7;!n][#7;!n]']
 | 3.2488 12.5702 56.7488 0.5415545 CC(C)c1cccc(NC(=O)[C@@H]2CCCN2C(=O)CNC(=O)c2ccc3cc(F)ccc3n2)c1 1 COc1ccc([C@H](C)NC(=O)[C@@H]2C[C@@H](O)CN2C(=O)CNC(=O)c2ccc3cc(F)ccc3n2)c(Cl)c1 0.5820948 0.5821 0.5038376 -9.0400 1.0000000 1.0000 []
 | 3.0921 12.1380 60.8286 0.5700520 CC(C)c1ccccc1NC(=O)[C@@H]1CCCN1C(=O)CNC(=O)c1ccc2cc(F)ccc2n1 1 COc1ccc([C@H](C)NC(=O)[C@@H]2C[C@@H](O)CN2C(=O)CNC(=O)c2ccc3cc(F)ccc3n2)c(Cl)c1 0.5820948 0.5821 0.5582582 -9.6100 1.0000000 1.0000 []
06:32:13 <INFO> Score: 0.38 Agent NLL: 7.15 Valid:  98% Step: 7
 | Agent Prior Target Score SMILES SMILES_state Input_SMILES QED QED (raw) maize maize (raw) Unwanted SMARTS Unwanted SMARTS (raw) matchting_patterns (Unwanted SMARTS)
 | 4.0272 5.5647 -5.5647 0.0000000 CC(=O)NNC(=O)CCCOc1ccc(Cl)cc1Cl 1 O=C(CCCOc1ccc(Cl)cc1Cl)NN=Cc1cccc(C(F)(F)F)c1 0.0000000 0.0000 0.0000000 0.0000 0.0000000 0.0000 ['[#7;!n][#7;!n]']
 | 7.7826 8.3831 -8.3831 0.0000000 CC(=O)Nc1ccc(OCCCCC(=O)NN=Cc2ccccc2)c(Cl)c1 1 O=C(CCCOc1ccc(Cl)cc1Cl)NN=Cc1cccc(C(F)(F)F)c1 0.0000000 0.0000 0.0000000 0.0000 0.0000000 0.0000 ['[#7;!n][#7;!n]']
 | 8.7766 9.6758 -9.6758 0.0000000 CC(=O)Nc1cccc(OCCCC(=O)NNC(=O)CCCOc2ccc(Cl)cc2Cl)c1 1 O=C(CCCOc1ccc(Cl)cc1Cl)NN=Cc1cccc(C(F)(F)F)c1 0.0000000 0.0000 0.0000000 0.0000 0.0000000 0.0000 ['[#7;!n][#7;!n]']
 | 5.0324 4.9987 -4.9987 0.0000000 CC(C)(O)C#Cc1ccc2c(c1)NC(=O)CC(c1cccc(C(=O)NCCN3CCOCC3)c1)=N2 1 CN1CCN(C(=O)c2cccc(C3=Nc4ccc(C#Cc5ccccc5)cc4NC(=O)C3)c2)CC1 0.0000000 0.0000 0.0000000 0.0000 0.0000000 0.0000 ['C#C']
 | 10.0980 19.0383 51.4302 0.5505354 CC(C)N1CC(NC(=O)[C@@H]2CCCN2C(=O)CNC(=O)c2ccc3cc(F)ccc3n2)C(C)(C)C1 1 COc1ccc([C@H](C)NC(=O)[C@@H]2C[C@@H](O)CN2C(=O)CNC(=O)c2ccc3cc(F)ccc3n2)c(Cl)c1 0.6578242 0.6578 0.4607451 -8.5900 1.0000000 1.0000 []
 | 4.0059 11.6954 58.1407 0.5455952 CC(C)NC(=O)[C@@H]1CCCN1C(=O)CNC(=O)c1ccc2cc(F)ccc2n1 1 COc1ccc([C@H](C)NC(=O)[C@@H]2C[C@@H](O)CN2C(=O)CNC(=O)c2ccc3cc(F)ccc3n2)c(Cl)c1 0.8169615 0.8170 0.3643674 -7.5500 1.0000000 1.0000 []
 | 5.5422 12.2902 57.4146 0.5445687 CC(C)[C@H](NC(=O)[C@@H]1CCCN1C(=O)CNC(=O)c1ccc2cc(F)ccc2n1)c1ccccc1 1 COc1ccc([C@H](C)NC(=O)[C@@H]2C[C@@H](O)CN2C(=O)CNC(=O)c2ccc3cc(F)ccc3n2)c(Cl)c1 0.5451194 0.5451 0.5440186 -9.4600 1.0000000 1.0000 []
 | 6.6845 16.8829 48.4924 0.5107443 CC(C)c1ccccc1NC(=O)[C@@H]1C[C@H](F)CN1C(=O)CNC(=O)c1ccc2cc(F)ccc2n1 1 COc1ccc([C@H](C)NC(=O)[C@@H]2C[C@@H](O)CN2C(=O)CNC(=O)c2ccc3cc(F)ccc3n2)c(Cl)c1 0.5615184 0.5615 0.4645613 -8.6300 1.0000000 1.0000 []
 | 8.9918 12.9066 46.0463 0.4605695 CC(C)n1c(/C=C/c2cccnc2)nc2cc(Cl)c(Cl)cc2c1=O 1 O=c1c2ccccc2nc(/C=C/c2cccnc2)n1CC1CCCCC1 0.6708894 0.6709 0.3161837 -6.9900 1.0000000 1.0000 []
 | 7.5732 18.6308 55.8416 0.5818155 CC(NC(=O)C1CCCCN1C(=O)CNC(=O)c1ccc2cc(Cl)ccc2n1)c1ccccc1 1 COc1ccc([C@H](C)NC(=O)[C@@H]2C[C@@H](O)CN2C(=O)CNC(=O)c2ccc3cc(F)ccc3n2)c(Cl)c1 0.5621602 0.5622 0.6021581 -10.0800 1.0000000 1.0000 []
06:51:42 <INFO> Score: 0.39 Agent NLL: 7.29 Valid:  99% Step: 8
 | Agent Prior Target Score SMILES SMILES_state Input_SMILES QED QED (raw) maize maize (raw) Unwanted SMARTS Unwanted SMARTS (raw) matchting_patterns (Unwanted SMARTS)
 | 13.4638 23.7485 36.0435 0.4671255 C/C(=C/c1nc2cc(F)ccc2c(=O)n1CC1CCCCC1)c1ccccc1 1 O=c1c2ccccc2nc(/C=C/c2cccnc2)n1CC1CCCCC1 0.5873542 0.5874 0.3715071 -7.6300 1.0000000 1.0000 []
 | 9.8896 10.8503 -10.8503 0.0000000 C=C(C)C#Cc1ccc2c(c1)NC(=O)CC(c1cccc(C(=O)NCCCN(C)C)c1)=N2 1 CN1CCN(C(=O)c2cccc(C3=Nc4ccc(C#Cc5ccccc5)cc4NC(=O)C3)c2)CC1 0.0000000 0.0000 0.0000000 0.0000 0.0000000 0.0000 ['C#C']
 | 5.8873 5.4378 -5.4378 0.0000000 CC(=O)Nc1ccc(OCCCCC(=O)NN=Cc2cccc(C(F)(F)F)c2)cc1 1 O=C(CCCOc1ccc(Cl)cc1Cl)NN=Cc1cccc(C(F)(F)F)c1 0.0000000 0.0000 0.0000000 0.0000 0.0000000 0.0000 ['[#7;!n][#7;!n]']
 | 6.1725 6.5042 -6.5042 0.0000000 CC(C)(C)NC(=O)c1cccc(C2=Nc3ccc(C#Cc4ccccc4)cc3NC(=O)C2)c1 1 CN1CCN(C(=O)c2cccc(C3=Nc4ccc(C#Cc5ccccc5)cc4NC(=O)C3)c2)CC1 0.0000000 0.0000 0.0000000 0.0000 0.0000000 0.0000 ['C#C']
 | 9.4545 11.6508 43.6415 0.4319711 CC(C)(C)c1ccc(OCCCOc2ccc(Cl)cc2Cl)cc1 1 O=C(CCCOc1ccc(Cl)cc1Cl)NN=Cc1cccc(C(F)(F)F)c1 0.5809740 0.5810 0.3211831 -7.0500 1.0000000 1.0000 []
 | 7.4772 10.0266 62.9807 0.5703701 CC(C)CCNC(=O)[C@@H]1CCCN1C(=O)CNC(=O)c1ccc2cc(F)ccc2n1 1 COc1ccc([C@H](C)NC(=O)[C@@H]2C[C@@H](O)CN2C(=O)CNC(=O)c2ccc3cc(F)ccc3n2)c(Cl)c1 0.7270945 0.7271 0.4474275 -8.4500 1.0000000 1.0000 []
 | 4.1084 11.6954 58.1407 0.5455952 CC(C)NC(=O)[C@@H]1CCCN1C(=O)CNC(=O)c1ccc2cc(F)ccc2n1 1 COc1ccc([C@H](C)NC(=O)[C@@H]2C[C@@H](O)CN2C(=O)CNC(=O)c2ccc3cc(F)ccc3n2)c(Cl)c1 0.8169615 0.8170 0.3643674 -7.5500 1.0000000 1.0000 []
 | 8.3008 8.1394 -8.1394 0.0000000 CC(C)c1ccc(OCCCC(=O)NN=Cc2cccc(C(F)(F)F)c2)cc1 1 O=C(CCCOc1ccc(Cl)cc1Cl)NN=Cc1cccc(C(F)(F)F)c1 0.0000000 0.0000 0.0000000 0.0000 0.0000000 0.0000 ['[#7;!n][#7;!n]']
 | 7.0119 7.4644 -7.4644 0.0000000 CC(C)c1ccc(OCCCC(=O)NN=Cc2cccnc2)cc1 1 O=C(CCCOc1ccc(Cl)cc1Cl)NN=Cc1cccnc1F 0.0000000 0.0000 0.0000000 0.0000 0.0000000 0.0000 ['[#7;!n][#7;!n]']
 | 3.0167 11.9950 61.2154 0.5719559 CC(NC(=O)[C@@H]1CCCN1C(=O)CNC(=O)c1ccc2cc(F)ccc2n1)c1ccccc1 1 COc1ccc([C@H](C)NC(=O)[C@@H]2C[C@@H](O)CN2C(=O)CNC(=O)c2ccc3cc(F)ccc3n2)c(Cl)c1 0.6066399 0.6066 0.5392548 -9.4100 1.0000000 1.0000 []
07:12:33 <INFO> Score: 0.38 Agent NLL: 7.40 Valid:  99% Step: 9
 | Agent Prior Target Score SMILES SMILES_state Input_SMILES QED QED (raw) maize maize (raw) Unwanted SMARTS Unwanted SMARTS (raw) matchting_patterns (Unwanted SMARTS)
 | 11.5504 17.1796 -17.1796 0.0000000 CC(=O)N1N=C(CCCOc2ccc(Cl)cc2Cl)CC1c1cccc(Cl)c1 1 O=C(CCCOc1ccc(Cl)cc1Cl)NN=Cc1cccc(C(F)(F)F)c1 0.0000000 0.0000 0.0000000 0.0000 0.0000000 0.0000 ['[#7;!n][#7;!n]']
 | 3.5713 5.5647 -5.5647 0.0000000 CC(=O)NNC(=O)CCCOc1ccc(Cl)cc1Cl 1 O=C(CCCOc1ccc(Cl)cc1Cl)NN=Cc1cccc(C(F)(F)F)c1 0.0000000 0.0000 0.0000000 0.0000 0.0000000 0.0000 ['[#7;!n][#7;!n]']
 | 10.6281 13.5657 -13.5657 0.0000000 CC(=O)Nc1ccc(OCCCC(=O)NNC(=O)c2ccc(C(F)(F)F)cc2)c(Cl)c1 1 O=C(CCCOc1ccc(Cl)cc1Cl)NN=Cc1cccc(C(F)(F)F)c1 0.0000000 0.0000 0.0000000 0.0000 0.0000000 0.0000 ['[#7;!n][#7;!n]']
 | 9.7057 10.7137 -10.7137 0.0000000 CC(=O)Nc1ccc(OCCCCC(=O)NNC(=O)c2cccc(C(F)(F)F)c2)c(Cl)c1 1 O=C(CCCOc1ccc(Cl)cc1Cl)NN=Cc1cccc(C(F)(F)F)c1 0.0000000 0.0000 0.0000000 0.0000 0.0000000 0.0000 ['[#7;!n][#7;!n]']
 | 9.1049 11.6467 -11.6467 0.0000000 CC(=O)Nc1cccc(OCCCC(=O)NNC(=O)c2ccc(C(F)(F)F)cc2)c1 1 O=C(CCCOc1ccc(Cl)cc1Cl)NN=Cc1cccc(C(F)(F)F)c1 0.0000000 0.0000 0.0000000 0.0000 0.0000000 0.0000 ['[#7;!n][#7;!n]']
 | 13.1329 19.7527 55.5504 0.5883052 CC(C)(C)NC(=O)c1nc(N2CCN(c3ccccn3)CC2)nc(N2CCc3ccccc3C2)n1 1 CCNC1CN(c2nc(N3CCc4ccccc4C3)nc(N3CCc4ccccc4C3)n2)CCO1 0.6199693 0.6200 0.5582582 -9.6100 1.0000000 1.0000 []
 | 19.7732 29.7905 -29.7905 0.0000000 CC(C)(C)OC(=O)N1CCC(c2nc(N3CCN(C4CCNCC4)CC3)nc(N3CCc4ccccc4C3)n2)CC1 1 CCNC1CN(c2nc(N3CCc4ccccc4C3)nc(N3CCc4ccccc4C3)n2)CCO1 0.0000000 0.0000 0.0000000 0.0000 0.0000000 0.0000 ['C(=[O,S])[O,S]']
 | 20.5825 23.7937 -23.7937 0.0000000 CC(C)(C)c1ccc(OCCCCC(=O)NNC(=O)C(COc2ccccc2Cl)c2ccccc2)cc1 1 O=C(CCCOc1ccc(Cl)cc1Cl)NN=Cc1cccc(C(F)(F)F)c1 0.0000000 0.0000 0.0000000 0.0000 0.0000000 0.0000 ['[#7;!n][#7;!n]']
 | 6.6737 12.3354 54.4145 0.5214837 CC(C)CNC(=O)[C@@H]1CCCN1C(=O)CNC(=O)c1ccc2cc(F)ccc2n1 1 COc1ccc([C@H](C)NC(=O)[C@@H]2C[C@@H](O)CN2C(=O)CNC(=O)c2ccc3cc(F)ccc3n2)c(Cl)c1 0.7744591 0.7745 0.3511421 -7.4000 1.0000000 1.0000 []
 | 5.7970 9.9629 51.0574 0.4767211 CC(C)C[C@H](NC(=O)[C@@H]1CCCN1C(=O)CNC(=O)c1ccc2cc(F)ccc2n1)c1ccccc1 1 COc1ccc([C@H](C)NC(=O)[C@@H]2C[C@@H](O)CN2C(=O)CNC(=O)c2ccc3cc(F)ccc3n2)c(Cl)c1 0.4994466 0.4994 0.4550295 -8.5300 1.0000000 1.0000 []
07:36:00 <INFO> Score: 0.39 Agent NLL: 7.73 Valid: 100% Step: 10
 | Agent Prior Target Score SMILES SMILES_state Input_SMILES QED QED (raw) maize maize (raw) Unwanted SMARTS Unwanted SMARTS (raw) matchting_patterns (Unwanted SMARTS)
 | 6.1790 8.7767 -8.7767 0.0000000 CC(=O)NNC(=O)CCCCOc1ccc(Cl)cc1Cl 1 O=C(CCCOc1ccc(Cl)cc1Cl)NN=Cc1cccc(C(F)(F)F)c1 0.0000000 0.0000 0.0000000 0.0000 0.0000000 0.0000 ['[#7;!n][#7;!n]']
 | 12.9693 15.1221 -15.1221 0.0000000 CC(=O)Nc1ccc(OCCCCC(=O)NN=C(c2ccccc2)c2ccccc2)cc1 1 O=C(CCCOc1ccc(Cl)cc1Cl)NN=Cc1cccc(C(F)(F)F)c1 0.0000000 0.0000 0.0000000 0.0000 0.0000000 0.0000 ['[#7;!n][#7;!n]']
 | 7.1603 10.3632 62.5777 0.5698507 CC(C)(C)CNC(=O)[C@@H]1CCCN1C(=O)CNC(=O)c1ccc2cc(F)ccc2n1 1 COc1ccc([C@H](C)NC(=O)[C@@H]2C[C@@H](O)CN2C(=O)CNC(=O)c2ccc3cc(F)ccc3n2)c(Cl)c1 0.7851864 0.7852 0.4135703 -8.0900 1.0000000 1.0000 []
 | 5.6033 6.7134 -6.7134 0.0000000 CC(C)(O)C#Cc1ccc2c(c1)NC(=O)CC(c1cccc(C#N)c1)=N2 1 CN1CCN(C(=O)c2cccc(C3=Nc4ccc(C#Cc5ccccc5)cc4NC(=O)C3)c2)CC1 0.0000000 0.0000 0.0000000 0.0000 0.0000000 0.0000 ['C#C']
 | 5.8417 9.9629 51.0574 0.4767211 CC(C)C[C@H](NC(=O)[C@@H]1CCCN1C(=O)CNC(=O)c1ccc2cc(F)ccc2n1)c1ccccc1 1 COc1ccc([C@H](C)NC(=O)[C@@H]2C[C@@H](O)CN2C(=O)CNC(=O)c2ccc3cc(F)ccc3n2)c(Cl)c1 0.4994466 0.4994 0.4550295 -8.5300 1.0000000 1.0000 []
 | 5.8921 14.9936 51.7108 0.5211283 CC(C)c1cc(NC(=O)[C@@H]2CCCN2C(=O)CNC(=O)c2ccc3cc(F)ccc3n2)ccc1F 1 COc1ccc([C@H](C)NC(=O)[C@@H]2C[C@@H](O)CN2C(=O)CNC(=O)c2ccc3cc(F)ccc3n2)c(Cl)c1 0.5581393 0.5581 0.4865715 -8.8600 1.0000000 1.0000 []
 | 14.3439 28.8621 35.0393 0.4992299 CC(C)c1cc(NC(=O)[C@H]2CCCN2C(=O)CNC(=O)c2ccc3cc(F)ccc3n2)cc(C(C)(C)O)c1 1 COc1ccc([C@H](C)NC(=O)[C@@H]2C[C@@H](O)CN2C(=O)CNC(=O)c2ccc3cc(F)ccc3n2)c(Cl)c1 0.4346981 0.4347 0.5733417 -9.7700 1.0000000 1.0000 []
 | 9.3862 14.5492 53.4518 0.5312575 CC(NC(=O)C1CCCN1C(=O)CNC(=O)c1ccc2cc(F)ccc2n1)c1ccccn1 1 COc1ccc([C@H](C)NC(=O)[C@@H]2C[C@@H](O)CN2C(=O)CNC(=O)c2ccc3cc(F)ccc3n2)c(Cl)c1 0.6013468 0.6013 0.4693374 -8.6800 1.0000000 1.0000 []
 | 6.1126 12.6428 45.3729 0.4532474 CC(NC(=O)[C@@H]1CCCN1C(=O)CNC(=O)c1ccc2cc(F)ccc2n1)c1ccc(-c2ccccc2)cc1 1 COc1ccc([C@H](C)NC(=O)[C@@H]2C[C@@H](O)CN2C(=O)CNC(=O)c2ccc3cc(F)ccc3n2)c(Cl)c1 0.3686147 0.3686 0.5573117 -9.6000 1.0000000 1.0000 []
 | 9.3520 10.0357 47.2322 0.4474050 CC(NC(=O)c1cc2c(=O)n3ccc(Cl)cc3nc2[nH]c1=N)c1ccccc1 1 C[C@H](NC(=O)c1cc2c(=O)n3ccccc3nc2[nH]c1=N)c1ccccc1 0.4660814 0.4661 0.4294770 -8.2600 1.0000000 1.0000 []
07:57:26 <INFO> Score: 0.41 Agent NLL: 7.52 Valid: 100% Step: 11
 | Agent Prior Target Score SMILES SMILES_state Input_SMILES QED QED (raw) maize maize (raw) Unwanted SMARTS Unwanted SMARTS (raw) matchting_patterns (Unwanted SMARTS)
 | 18.8594 25.4834 13.8448 0.3072515 C1=C(c2nc(N3CCCCCC3)nc(N3CCNc4ccccc4C3)n2)CNCC1 1 CCNC1CN(c2nc(N3CCc4ccccc4C3)nc(N3CCc4ccccc4C3)n2)CCO1 0.8132807 0.8133 0.1160774 -3.7100 1.0000000 1.0000 []
 | 11.5799 21.2148 -21.2148 0.0000000 CC(C)(C)OC(=O)N1Cc2cc(F)c(F)cc2C1c1c[nH]c2ccccc12 1 O=S(=O)(Cc1ccccc1)N1Cc2ccccc2C1c1c[nH]c2ccccc12 0.0000000 0.0000 0.0000000 0.0000 0.0000000 0.0000 ['C(=[O,S])[O,S]']
 | 6.3840 5.3420 -5.3420 0.0000000 CC(C)(O)C#Cc1ccc2c(c1)NC(=O)CC(c1cccc(C(=O)NCCO)c1)=N2 1 CN1CCN(C(=O)c2cccc(C3=Nc4ccc(C#Cc5ccccc5)cc4NC(=O)C3)c2)CC1 0.0000000 0.0000 0.0000000 0.0000 0.0000000 0.0000 ['C#C']
 | 6.3586 9.9441 65.8227 0.5919279 CC(C)Nc1nc(N2CCN(C)CC2)nc(N2CCc3ccccc3C2)n1 1 CCNC1CN(c2nc(N3CCc4ccccc4C3)nc(N3CCc4ccccc4C3)n2)CCO1 0.8868391 0.8868 0.3950871 -7.8900 1.0000000 1.0000 []
 | 9.1125 21.7367 52.1296 0.5770810 CC(C)c1cc(NC(=O)CNC(=O)c2ccc3cc(F)ccc3n2)ccc1Cl 1 COc1ccc([C@H](C)NC(=O)[C@@H]2C[C@@H](O)CN2C(=O)CNC(=O)c2ccc3cc(F)ccc3n2)c(Cl)c1 0.6622329 0.6622 0.5028782 -9.0300 1.0000000 1.0000 []
 | 4.3203 12.1380 60.8286 0.5700520 CC(C)c1ccccc1NC(=O)[C@@H]1CCCN1C(=O)CNC(=O)c1ccc2cc(F)ccc2n1 1 COc1ccc([C@H](C)NC(=O)[C@@H]2C[C@@H](O)CN2C(=O)CNC(=O)c2ccc3cc(F)ccc3n2)c(Cl)c1 0.5820948 0.5821 0.5582582 -9.6100 1.0000000 1.0000 []
 | 4.7935 15.1919 51.8308 0.5236153 CC(NC(=O)C1CCCCN1C(=O)CNC(=O)c1ccc2cc(F)ccc2n1)c1ccccc1 1 COc1ccc([C@H](C)NC(=O)[C@@H]2C[C@@H](O)CN2C(=O)CNC(=O)c2ccc3cc(F)ccc3n2)c(Cl)c1 0.5877600 0.5878 0.4664710 -8.6500 1.0000000 1.0000 []
 | 4.2600 15.2413 54.3138 0.5433992 CC(NC(=O)[C@@H]1CCCN1C(=O)CNC(=O)c1ccc2cc(Cl)ccc2n1)c1ccccc1 1 COc1ccc([C@H](C)NC(=O)[C@@H]2C[C@@H](O)CN2C(=O)CNC(=O)c2ccc3cc(F)ccc3n2)c(Cl)c1 0.5838439 0.5838 0.5057563 -9.0600 1.0000000 1.0000 []
 | 3.6696 11.9950 61.2154 0.5719559 CC(NC(=O)[C@@H]1CCCN1C(=O)CNC(=O)c1ccc2cc(F)ccc2n1)c1ccccc1 1 COc1ccc([C@H](C)NC(=O)[C@@H]2C[C@@H](O)CN2C(=O)CNC(=O)c2ccc3cc(F)ccc3n2)c(Cl)c1 0.6066399 0.6066 0.5392548 -9.4100 1.0000000 1.0000 []
 | 5.2827 20.9571 48.2674 0.5408161 CC(NC(=O)[C@H]1CCCN1C(=O)CNC(=O)c1ccc2cc(Cl)ccc2n1)c1ccccc1 1 COc1ccc([C@H](C)NC(=O)[C@@H]2C[C@@H](O)CN2C(=O)CNC(=O)c2ccc3cc(F)ccc3n2)c(Cl)c1 0.5838439 0.5838 0.5009594 -9.0100 1.0000000 1.0000 []
08:19:38 <INFO> Score: 0.42 Agent NLL: 7.81 Valid:  99% Step: 12
 | Agent Prior Target Score SMILES SMILES_state Input_SMILES QED QED (raw) maize maize (raw) Unwanted SMARTS Unwanted SMARTS (raw) matchting_patterns (Unwanted SMARTS)
 | 9.7919 11.4967 -11.4967 0.0000000 C/C(=N\NC(=O)CCCOc1ccc(Cl)cc1Cl)c1ccc(O)cc1 1 O=C(CCCOc1ccc(Cl)cc1Cl)NN=Cc1cccc(C(F)(F)F)c1 0.0000000 0.0000 0.0000000 0.0000 0.0000000 0.0000 ['[#7;!n][#7;!n]']
 | 11.7613 15.7520 63.1935 0.6167619 CC(=O)N1CCN(c2nc(N3CCNCC3)nc(N3CCc4ccccc4C3)n2)CC1 1 CCNC1CN(c2nc(N3CCc4ccccc4C3)nc(N3CCc4ccccc4C3)n2)CCO1 0.7666749 0.7667 0.4961624 -8.9600 1.0000000 1.0000 []
 | 3.7728 5.5647 -5.5647 0.0000000 CC(=O)NNC(=O)CCCOc1ccc(Cl)cc1Cl 1 O=C(CCCOc1ccc(Cl)cc1Cl)NN=Cc1cccc(C(F)(F)F)c1 0.0000000 0.0000 0.0000000 0.0000 0.0000000 0.0000 ['[#7;!n][#7;!n]']
 | 7.9601 7.6800 -7.6800 0.0000000 CC(=O)Nc1ccc(OCCCC(=O)NN=Cc2cccnc2)c(Cl)c1 1 O=C(CCCOc1ccc(Cl)cc1Cl)NN=Cc1cccnc1F 0.0000000 0.0000 0.0000000 0.0000 0.0000000 0.0000 ['[#7;!n][#7;!n]']
 | 8.7651 14.6714 49.6201 0.5022774 CC(C)CCNC(=O)[C@@H]1CCCN1C(=O)CNC(=O)c1ccc2cc(Cl)ccc2n1 1 COc1ccc([C@H](C)NC(=O)[C@@H]2C[C@@H](O)CN2C(=O)CNC(=O)c2ccc3cc(F)ccc3n2)c(Cl)c1 0.7061065 0.7061 0.3572869 -7.4700 1.0000000 1.0000 []
 | 8.5162 28.2912 31.6125 0.4679982 CC(C)CN(CC(C)(C)NC(=O)CNC(=O)c1ccc2cc(F)ccc2n1)C(=O)c1ccccc1 1 COc1ccc([C@H](C)NC(=O)[C@@H]2C[C@@H](O)CN2C(=O)CNC(=O)c2ccc3cc(F)ccc3n2)c(Cl)c1 0.4895148 0.4895 0.4474275 -8.4500 1.0000000 1.0000 []
 | 9.7847 21.7963 44.7462 0.5198631 CC(C)C[C@H](NC(=O)c1ccccc1)C(=O)NCC(=O)c1ccc2cc(Cl)ccc2n1 1 COc1ccc([C@H](C)NC(=O)[C@@H]2C[C@@H](O)CN2C(=O)CNC(=O)c2ccc3cc(F)ccc3n2)c(Cl)c1 0.5205484 0.5205 0.5191787 -9.2000 1.0000000 1.0000 []
 | 10.5020 25.9099 38.9539 0.5067485 CC(C)N(CC(=O)N1CCOCC1)C(=O)CNC(=O)c1ccc2cc(Cl)ccc2n1 1 COc1ccc([C@H](C)NC(=O)[C@@H]2C[C@@H](O)CN2C(=O)CNC(=O)c2ccc3cc(F)ccc3n2)c(Cl)c1 0.7498750 0.7499 0.3424491 -7.3000 1.0000000 1.0000 []
 | 6.1721 15.8879 52.4196 0.5336523 CC(C)NC(=O)[C@@H]1CCCN1C(=O)CNC(=O)c1ccc2cc(Cl)ccc2n1 1 COc1ccc([C@H](C)NC(=O)[C@@H]2C[C@@H](O)CN2C(=O)CNC(=O)c2ccc3cc(F)ccc3n2)c(Cl)c1 0.8010230 0.8010 0.3555263 -7.4500 1.0000000 1.0000 []
 | 12.5300 23.4021 50.1193 0.5743861 CC(C)c1cc(NC(=O)C2CCCN2C(=O)CNC(=O)c2ccc3cc(F)ccc3n2)ccn1 1 COc1ccc([C@H](C)NC(=O)[C@@H]2C[C@@H](O)CN2C(=O)CNC(=O)c2ccc3cc(F)ccc3n2)c(Cl)c1 0.5840603 0.5841 0.5648722 -9.6800 1.0000000 1.0000 []
08:43:04 <INFO> Score: 0.43 Agent NLL: 7.66 Valid: 100% Step: 13
 | Agent Prior Target Score SMILES SMILES_state Input_SMILES QED QED (raw) maize maize (raw) Unwanted SMARTS Unwanted SMARTS (raw) matchting_patterns (Unwanted SMARTS)
 | 12.6406 14.0161 -14.0161 0.0000000 O=C1CC(c2cccc(C(=S)NCCN3CCOCC3)c2)=Nc2ccc(C#Cc3ccccc3)cc2N1 1 CN1CCN(C(=O)c2cccc(C3=Nc4ccc(C#Cc5ccccc5)cc4NC(=O)C3)c2)CC1 0.0000000 0.0000 0.0000000 0.0000 0.0000000 0.0000 ['C#C']
 | 14.4640 16.4834 -16.4834 0.0000000 CC(=O)N(CCOc1ccc(Cl)cc1Cl)N=Cc1cccc(C(F)(F)F)c1 1 O=C(CCCOc1ccc(Cl)cc1Cl)NN=Cc1cccc(C(F)(F)F)c1 0.0000000 0.0000 0.0000000 0.0000 0.0000000 0.0000 ['[#7;!n][#7;!n]']
 | 12.3573 13.3436 -13.3436 0.0000000 CC(=O)Nc1cccc(OCCCCC(=O)NNC(=O)c2ccc(OC(F)(F)F)cc2)c1 1 O=C(CCCOc1ccc(Cl)cc1Cl)NN=Cc1cccc(C(F)(F)F)c1 0.0000000 0.0000 0.0000000 0.0000 0.0000000 0.0000 ['[#7;!n][#7;!n]']
 | 10.2747 22.3375 37.8628 0.4703151 CC(C)C[C@H](NC(=O)c1cscn1)C(=O)CNC(=O)c1ccc2cc(F)ccc2n1 1 COc1ccc([C@H](C)NC(=O)[C@@H]2C[C@@H](O)CN2C(=O)CNC(=O)c2ccc3cc(F)ccc3n2)c(Cl)c1 0.5744699 0.5745 0.3850442 -7.7800 1.0000000 1.0000 []
 | 5.4629 11.6954 58.1407 0.5455952 CC(C)NC(=O)[C@@H]1CCCN1C(=O)CNC(=O)c1ccc2cc(F)ccc2n1 1 COc1ccc([C@H](C)NC(=O)[C@@H]2C[C@@H](O)CN2C(=O)CNC(=O)c2ccc3cc(F)ccc3n2)c(Cl)c1 0.8169615 0.8170 0.3643674 -7.5500 1.0000000 1.0000 []
 | 7.9313 10.0077 38.2517 0.3770266 CC(C)NC(=O)c1cc2c(=O)n3ccccc3nc2[nH]c1=N 1 C[C@H](NC(=O)c1cc2c(=O)n3ccccc3nc2[nH]c1=N)c1ccccc1 0.6092498 0.6092 0.2333182 -5.9000 1.0000000 1.0000 []
 | 6.3671 9.9441 65.8227 0.5919279 CC(C)Nc1nc(N2CCN(C)CC2)nc(N2CCc3ccccc3C2)n1 1 CCNC1CN(c2nc(N3CCc4ccccc4C3)nc(N3CCc4ccccc4C3)n2)CCO1 0.8868391 0.8868 0.3950871 -7.8900 1.0000000 1.0000 []
 | 10.4840 12.5761 -12.5761 0.0000000 CC(Cc1ccccc1)=NNC(=O)CCCOc1ccc(Cl)cc1Cl 1 O=C(CCCOc1ccc(Cl)cc1Cl)NN=Cc1cccc(C(F)(F)F)c1 0.0000000 0.0000 0.0000000 0.0000 0.0000000 0.0000 ['[#7;!n][#7;!n]']
 | 7.7142 16.4335 56.0971 0.5666449 CC(NC(=O)[C@@H]1C[C@H](F)CN1C(=O)CNC(=O)c1ccc2cc(Cl)ccc2n1)c1ccccc1 1 COc1ccc([C@H](C)NC(=O)[C@@H]2C[C@@H](O)CN2C(=O)CNC(=O)c2ccc3cc(F)ccc3n2)c(Cl)c1 0.5627932 0.5628 0.5705230 -9.7400 1.0000000 1.0000 []
 | 9.3149 19.2316 42.0621 0.4788565 CC(NC(=O)[C@@H]1C[C@H](F)CN1C(=O)CNC(=O)c1ccc2cc(Cl)ccc2n1)c1ccncc1 1 COc1ccc([C@H](C)NC(=O)[C@@H]2C[C@@H](O)CN2C(=O)CNC(=O)c2ccc3cc(F)ccc3n2)c(Cl)c1 0.5607481 0.5607 0.4089243 -8.0400 1.0000000 1.0000 []
09:04:35 <INFO> Score: 0.43 Agent NLL: 7.82 Valid:  99% Step: 14
 | Agent Prior Target Score SMILES SMILES_state Input_SMILES QED QED (raw) maize maize (raw) Unwanted SMARTS Unwanted SMARTS (raw) matchting_patterns (Unwanted SMARTS)
 | 4.1393 5.5647 -5.5647 0.0000000 CC(=O)NNC(=O)CCCOc1ccc(Cl)cc1Cl 1 O=C(CCCOc1ccc(Cl)cc1Cl)NN=Cc1cccc(C(F)(F)F)c1 0.0000000 0.0000 0.0000000 0.0000 0.0000000 0.0000 ['[#7;!n][#7;!n]']
 | 15.4149 23.1089 28.6615 0.4044560 CC(C)(C)NC(=O)NCCCCCCCNc1nc(N2CCNCC2)nc(N2CCc3ccccc3C2)n1 1 CCNC1CN(c2nc(N3CCc4ccccc4C3)nc(N3CCc4ccccc4C3)n2)CCO1 0.3322694 0.3323 0.4923254 -8.9200 1.0000000 1.0000 []
 | 10.4590 15.7131 44.9533 0.4739564 CC(C)CS(=O)(=O)N1Cc2ccccc2C1c1c[nH]c2cc(Cl)ccc12 1 O=S(=O)(Cc1ccccc1)N1Cc2ccccc2C1c1c[nH]c2ccccc12 0.7030555 0.7031 0.3195120 -7.0300 1.0000000 1.0000 []
 | 6.6254 12.2902 57.4146 0.5445687 CC(C)[C@H](NC(=O)[C@@H]1CCCN1C(=O)CNC(=O)c1ccc2cc(F)ccc2n1)c1ccccc1 1 COc1ccc([C@H](C)NC(=O)[C@@H]2C[C@@H](O)CN2C(=O)CNC(=O)c2ccc3cc(F)ccc3n2)c(Cl)c1 0.5451194 0.5451 0.5440186 -9.4600 1.0000000 1.0000 []
 | 18.0543 23.5646 31.9228 0.4334951 CC(C)c1nccn1NC(=O)CCCOc1ccc(C(F)(F)F)cc1Cl 1 O=C(CCCOc1ccc(Cl)cc1Cl)NN=Cc1cccc(C(F)(F)F)c1 0.7035047 0.7035 0.2671169 -6.3700 1.0000000 1.0000 []
 | 8.6841 9.4286 56.2796 0.5133449 CC(C)n1c(/C=C/c2ccccn2)nc2ccccc2c1=O 1 O=c1c2ccccc2nc(/C=C/c2cccnc2)n1CC1CCCCC1 0.7412193 0.7412 0.3555263 -7.4500 1.0000000 1.0000 []
 | 5.4632 18.6308 55.8416 0.5818155 CC(NC(=O)C1CCCCN1C(=O)CNC(=O)c1ccc2cc(Cl)ccc2n1)c1ccccc1 1 COc1ccc([C@H](C)NC(=O)[C@@H]2C[C@@H](O)CN2C(=O)CNC(=O)c2ccc3cc(F)ccc3n2)c(Cl)c1 0.5621602 0.5622 0.6021581 -10.0800 1.0000000 1.0000 []
 | 5.0328 15.1919 51.8308 0.5236153 CC(NC(=O)C1CCCCN1C(=O)CNC(=O)c1ccc2cc(F)ccc2n1)c1ccccc1 1 COc1ccc([C@H](C)NC(=O)[C@@H]2C[C@@H](O)CN2C(=O)CNC(=O)c2ccc3cc(F)ccc3n2)c(Cl)c1 0.5877600 0.5878 0.4664710 -8.6500 1.0000000 1.0000 []
 | 4.5913 11.9950 61.2154 0.5719559 CC(NC(=O)[C@@H]1CCCN1C(=O)CNC(=O)c1ccc2cc(F)ccc2n1)c1ccccc1 1 COc1ccc([C@H](C)NC(=O)[C@@H]2C[C@@H](O)CN2C(=O)CNC(=O)c2ccc3cc(F)ccc3n2)c(Cl)c1 0.6066399 0.6066 0.5392548 -9.4100 1.0000000 1.0000 []
 | 5.1190 18.4034 47.3600 0.5137761 CC(NC(=O)[C@H]1CCCN1C(=O)CNC(=O)c1ccc2cc(F)ccc2n1)c1ccccc1 1 COc1ccc([C@H](C)NC(=O)[C@@H]2C[C@@H](O)CN2C(=O)CNC(=O)c2ccc3cc(F)ccc3n2)c(Cl)c1 0.6066399 0.6066 0.4351278 -8.3200 1.0000000 1.0000 []
09:23:44 <INFO> Score: 0.42 Agent NLL: 7.64 Valid:  99% Step: 15
 | Agent Prior Target Score SMILES SMILES_state Input_SMILES QED QED (raw) maize maize (raw) Unwanted SMARTS Unwanted SMARTS (raw) matchting_patterns (Unwanted SMARTS)
 | 8.1978 11.9286 39.3803 0.4008504 S=c1c2ccccc2nc(/C=C/c2ccccc2)n1Cc1ccccc1 1 O=c1c2ccccc2nc(/C=C/c2cccnc2)n1Cc1ccccc1 0.4192827 0.4193 0.3832284 -7.7600 1.0000000 1.0000 []
 | 14.3768 20.0428 35.5933 0.4346565 C=Cc1nc2cc(F)ccc2c(=O)n1Cc1ccccc1 1 O=c1c2ccccc2nc(/C=C/c2cccnc2)n1Cc1ccccc1 0.7379937 0.7380 0.2559998 -6.2200 1.0000000 1.0000 []
 | 6.6512 10.1650 30.0498 0.3141783 CC(=N)NC(=O)CCCOc1ccc(Cl)cc1Cl 1 O=C(CCCOc1ccc(Cl)cc1Cl)NN=Cc1cccc(C(F)(F)F)c1 0.4962219 0.4962 0.1989191 -5.3700 1.0000000 1.0000 []
 | 14.6159 16.2620 52.3436 0.5359806 CC(=O)Nc1ccc2[nH]c(C(=O)N3C[C@@]4(CCN(C5CCNC5)C4)c4ccccc43)cc2c1 1 NC(=O)c1ccc2cc(C(=O)N3C[C@]4(CCN(C5CCNC5)C4)c4ccccc43)[nH]c2c1 0.5812420 0.5812 0.4942437 -8.9400 1.0000000 1.0000 []
 | 8.0402 7.8340 -7.8340 0.0000000 CC(C)(O)C#Cc1ccc2c(c1)NC(=O)CC(c1cccc(C(=O)NCCN)c1)=N2 1 CN1CCN(C(=O)c2cccc(C3=Nc4ccc(C#Cc5ccccc5)cc4NC(=O)C3)c2)CC1 0.0000000 0.0000 0.0000000 0.0000 0.0000000 0.0000 ['C#C']
 | 6.4196 6.2540 -6.2540 0.0000000 CC(C)(O)C#Cc1ccc2c(c1)NC(=O)CC(c1cccc(C(=O)NCCN3CCCC3)c1)=N2 1 CN1CCN(C(=O)c2cccc(C3=Nc4ccc(C#Cc5ccccc5)cc4NC(=O)C3)c2)CC1 0.0000000 0.0000 0.0000000 0.0000 0.0000000 0.0000 ['C#C']
 | 5.5439 4.9987 -4.9987 0.0000000 CC(C)(O)C#Cc1ccc2c(c1)NC(=O)CC(c1cccc(C(=O)NCCN3CCOCC3)c1)=N2 1 CN1CCN(C(=O)c2cccc(C3=Nc4ccc(C#Cc5ccccc5)cc4NC(=O)C3)c2)CC1 0.0000000 0.0000 0.0000000 0.0000 0.0000000 0.0000 ['C#C']
 | 6.3264 12.3354 54.4145 0.5214837 CC(C)CNC(=O)[C@@H]1CCCN1C(=O)CNC(=O)c1ccc2cc(F)ccc2n1 1 COc1ccc([C@H](C)NC(=O)[C@@H]2C[C@@H](O)CN2C(=O)CNC(=O)c2ccc3cc(F)ccc3n2)c(Cl)c1 0.7744591 0.7745 0.3511421 -7.4000 1.0000000 1.0000 []
 | 6.9156 18.6419 46.0548 0.5054427 CC(C)C[C@H](NC(=O)[C@H]1CCCN1C(=O)CNC(=O)c1ccc2cc(F)ccc2n1)c1ccccc1 1 COc1ccc([C@H](C)NC(=O)[C@@H]2C[C@@H](O)CN2C(=O)CNC(=O)c2ccc3cc(F)ccc3n2)c(Cl)c1 0.4994466 0.4994 0.5115108 -9.1200 1.0000000 1.0000 []
 | 11.2764 11.9800 51.9659 0.4995777 CC(C)Cn1c(/C=C/c2ccccn2)nc2cc(F)ccc2c1=O 1 O=c1c2ccccc2nc(/C=C/c2cccnc2)n1CC1CCCCC1 0.7343520 0.7344 0.3398613 -7.2700 1.0000000 1.0000 []
09:46:01 <INFO> Score: 0.44 Agent NLL: 7.60 Valid:  99% Step: 16
 | Agent Prior Target Score SMILES SMILES_state Input_SMILES QED QED (raw) maize maize (raw) Unwanted SMARTS Unwanted SMARTS (raw) matchting_patterns (Unwanted SMARTS)
 | 11.0034 13.1351 53.2619 0.5187268 CC(C)CNC(=O)[C@@H]1C[C@@H](F)CN1C(=O)CNC(=O)c1ccc2cc(Cl)ccc2n1 1 COc1ccc([C@H](C)NC(=O)[C@@H]2C[C@@H](O)CN2C(=O)CNC(=O)c2ccc3cc(F)ccc3n2)c(Cl)c1 0.7295575 0.7296 0.3688229 -7.6000 1.0000000 1.0000 []
 | 7.3603 8.8772 58.2587 0.5244995 CC(C)CS(=O)(=O)N1Cc2ccccc2C1c1c[nH]c2ccccc12 1 O=S(=O)(Cc1ccccc1)N1Cc2ccccc2C1c1c[nH]c2ccccc12 0.7680731 0.7681 0.3581687 -7.4800 1.0000000 1.0000 []
 | 6.1910 11.6954 58.1407 0.5455952 CC(C)NC(=O)[C@@H]1CCCN1C(=O)CNC(=O)c1ccc2cc(F)ccc2n1 1 COc1ccc([C@H](C)NC(=O)[C@@H]2C[C@@H](O)CN2C(=O)CNC(=O)c2ccc3cc(F)ccc3n2)c(Cl)c1 0.8169615 0.8170 0.3643674 -7.5500 1.0000000 1.0000 []
 | 6.0334 12.1380 60.8286 0.5700520 CC(C)c1ccccc1NC(=O)[C@@H]1CCCN1C(=O)CNC(=O)c1ccc2cc(F)ccc2n1 1 COc1ccc([C@H](C)NC(=O)[C@@H]2C[C@@H](O)CN2C(=O)CNC(=O)c2ccc3cc(F)ccc3n2)c(Cl)c1 0.5820948 0.5821 0.5582582 -9.6100 1.0000000 1.0000 []
 | 14.7366 29.0112 44.1825 0.5718262 CC(c1ccccc1)N1CCN(C(=O)CNC(=O)c2ccc3cc(Cl)ccc3n2)CC1 1 COc1ccc([C@H](C)NC(=O)[C@@H]2C[C@@H](O)CN2C(=O)CNC(=O)c2ccc3cc(F)ccc3n2)c(Cl)c1 0.6641648 0.6642 0.4923254 -8.9200 1.0000000 1.0000 []
 | 7.9204 19.3217 43.0907 0.4875967 CC1=CN(S(=O)(=O)Cc2ccc([N+](=O)[O-])cc2)C(c2c[nH]c3ccccc23)C1 1 O=S(=O)(Cc1ccccc1)N1C=Cc2ccccc2C1c1c[nH]c2ccccc12 0.5138856 0.5139 0.4626526 -8.6100 1.0000000 1.0000 []
 | 7.6971 15.7391 65.4841 0.6345564 CC1CCCCN1c1nc(N2CCNCC2)nc(N2CCc3ccccc3C2)n1 1 CCNC1CN(c2nc(N3CCc4ccccc4C3)nc(N3CCc4ccccc4C3)n2)CCO1 0.8579367 0.8579 0.4693374 -8.6800 1.0000000 1.0000 []
 | 10.8600 13.5079 59.2566 0.5684722 CCC(=O)N(c1ccccc1)C1CCN(C(=O)C2CN(C3CCCCC3)CCO2)CC1 1 CCC(=O)N(c1ccccc1)C1CCN(C(=O)[C@@H](N)C2Cc3ccccc3C2)CC1 0.7222637 0.7223 0.4474275 -8.4500 1.0000000 1.0000 []
 | 5.1866 7.7452 65.8400 0.5748847 CCC(=O)N(c1ccccc1)C1CCN(C(=O)CC(N)Cc2ccc(C)cc2)CC1 1 CCC(=O)N(c1ccccc1)C1CCN(C(=O)[C@@H](N)C2Cc3ccccc3C2)CC1 0.7611789 0.7612 0.4341848 -8.3100 1.0000000 1.0000 []
 | 7.9260 16.6690 52.5824 0.5410269 CCC(=O)N(c1ccccc1)C1CCN(C(=O)CC(N)Cc2ccccc2OC)CC1 1 CCC(=O)N(c1ccccc1)C1CCN(C(=O)[C@@H](N)C2Cc3ccccc3C2)CC1 0.7061742 0.7062 0.4145013 -8.1000 1.0000000 1.0000 []
10:07:52 <INFO> Score: 0.44 Agent NLL: 7.70 Valid: 100% Step: 17
 | Agent Prior Target Score SMILES SMILES_state Input_SMILES QED QED (raw) maize maize (raw) Unwanted SMARTS Unwanted SMARTS (raw) matchting_patterns (Unwanted SMARTS)
 | 7.3207 14.2185 62.5043 0.5993968 Brc1nc(N2CCNCC2)nc(N2CCc3ccccc3C2)n1 1 CCNC1CN(c2nc(N3CCc4ccccc4C3)nc(N3CCc4ccccc4C3)n2)CCO1 0.8609591 0.8610 0.4172981 -8.1300 1.0000000 1.0000 []
 | 15.9015 20.0873 -20.0873 0.0000000 C/C(C#Cc1nc2ccccc2c(=O)n1CC1CCCCC1)=C/c1ccncc1 1 O=c1c2ccccc2nc(/C=C/c2cccnc2)n1CC1CCCCC1 0.0000000 0.0000 0.0000000 0.0000 0.0000000 0.0000 ['C#C']
 | 11.5146 15.6590 41.6304 0.4475734 C/C=C/c1nc2ccccc2c(=O)n1Cc1ccc(C)cc1 1 O=c1c2ccccc2nc(/C=C/c2cccnc2)n1Cc1ccc(Cl)cc1 0.7353731 0.7354 0.2724086 -6.4400 1.0000000 1.0000 []
 | 16.8332 29.2192 25.3341 0.4261976 CC(C)CN(CCOc1ccc(Cl)cc1Cl)C(=O)COc1ccc(Cl)cc1Cl 1 O=C(CCCOc1ccc(Cl)cc1Cl)NN=Cc1cccc(C(F)(F)F)c1 0.4402007 0.4402 0.4126399 -8.0800 1.0000000 1.0000 []
 | 7.1649 24.2125 46.5911 0.5531535 CC(C)CNC(=O)[C@H]1CCCN1C(=O)CNC(=O)c1ccc2cc(F)ccc2n1 1 COc1ccc([C@H](C)NC(=O)[C@@H]2C[C@@H](O)CN2C(=O)CNC(=O)c2ccc3cc(F)ccc3n2)c(Cl)c1 0.7744591 0.7745 0.3950871 -7.8900 1.0000000 1.0000 []
 | 7.0367 12.2902 57.4146 0.5445687 CC(C)[C@H](NC(=O)[C@@H]1CCCN1C(=O)CNC(=O)c1ccc2cc(F)ccc2n1)c1ccccc1 1 COc1ccc([C@H](C)NC(=O)[C@@H]2C[C@@H](O)CN2C(=O)CNC(=O)c2ccc3cc(F)ccc3n2)c(Cl)c1 0.5451194 0.5451 0.5440186 -9.4600 1.0000000 1.0000 []
 | 5.9875 12.1380 60.8286 0.5700520 CC(C)c1ccccc1NC(=O)[C@@H]1CCCN1C(=O)CNC(=O)c1ccc2cc(F)ccc2n1 1 COc1ccc([C@H](C)NC(=O)[C@@H]2C[C@@H](O)CN2C(=O)CNC(=O)c2ccc3cc(F)ccc3n2)c(Cl)c1 0.5820948 0.5821 0.5582582 -9.6100 1.0000000 1.0000 []
 | 15.4364 31.0214 29.7194 0.4745374 CC(CCOc1ccc(Cl)cc1)CC(=O)NCCc1cccnc1 1 O=C(CCCOc1ccc(Cl)cc1Cl)NN=Cc1cccnc1F 0.7490365 0.7490 0.3006339 -6.8000 1.0000000 1.0000 []
 | 8.2407 26.8318 30.9036 0.4510579 CC(NC(=O)[C@H]1CCCN1C(=O)CNC(=O)c1ccc2ccccc2n1)c1ccc(-c2ccccc2)cc1 1 COc1ccc([C@H](C)NC(=O)[C@@H]2C[C@@H](O)CN2C(=O)CNC(=O)c2ccc3cc(F)ccc3n2)c(Cl)c1 0.3861781 0.3862 0.5268377 -9.2800 1.0000000 1.0000 []
 | 18.2842 20.1260 23.3805 0.3398950 CC1(C)NC(=O)c2cccc(C3=Nc4ccc(/C=C/c5ccccc5)cc4NC(=O)C3)c2NC1=O 1 CN1CCN(C(=O)c2cccc(C3=Nc4ccc(C#Cc5ccccc5)cc4NC(=O)C3)c2)CC1 0.4865134 0.4865 0.2374623 -5.9600 1.0000000 1.0000 []
10:27:59 <INFO> Score: 0.45 Agent NLL: 7.57 Valid:  99% Step: 18
 | Agent Prior Target Score SMILES SMILES_state Input_SMILES QED QED (raw) maize maize (raw) Unwanted SMARTS Unwanted SMARTS (raw) matchting_patterns (Unwanted SMARTS)
 | 8.7003 18.5617 53.4894 0.5628993 CC(C)c1cc(NC(=O)C2CCCN2C(=O)CNC(=O)c2ccc3cc(F)ccc3n2)ccc1F 1 COc1ccc([C@H](C)NC(=O)[C@@H]2C[C@@H](O)CN2C(=O)CNC(=O)c2ccc3cc(F)ccc3n2)c(Cl)c1 0.5581393 0.5581 0.5676998 -9.7100 1.0000000 1.0000 []
 | 12.2532 32.2123 38.8323 0.5550360 CC(NC(=O)[C@H]1C[C@H](N(C)C)CN1C(=O)CNC(=O)c1ccc2cc(Cl)ccc2n1)c1ccccc1 1 COc1ccc([C@H](C)NC(=O)[C@@H]2C[C@@H](O)CN2C(=O)CNC(=O)c2ccc3cc(F)ccc3n2)c(Cl)c1 0.5123841 0.5124 0.6012384 -10.0700 1.0000000 1.0000 []
 | 17.6090 18.9102 35.0591 0.4216351 CC(NC(=O)c1cc2c(=O)n3ccc(F)cc3nc2n(CCCN(C)C)c1=N)c1ccccc1 1 C[C@H](NC(=O)c1cc2c(=O)n3ccccc3nc2[nH]c1=N)c1ccccc1 0.4130319 0.4130 0.4304175 -8.2700 1.0000000 1.0000 []
 | 10.7514 26.2445 35.3174 0.4809522 CC1CCN(c2nc(N3CCN(C)CC3)nc(N3CCN(c4ccncc4)CC3)n2)CC1 1 CCNC1CN(c2nc(N3CCc4ccccc4C3)nc(N3CCc4ccccc4C3)n2)CCO1 0.7090686 0.7091 0.3262238 -7.1100 1.0000000 1.0000 []
 | 11.0272 14.2522 51.2041 0.5113774 CCC(=O)N(c1ccccc1)C1CCN(C(=O)/C=C(\C)c2cccc3ccccc23)CC1 1 CCC(=O)N(c1ccccc1)C1CCN(C(=O)[C@@H](N)C2Cc3ccccc3C2)CC1 0.4927931 0.4928 0.5306626 -9.3200 1.0000000 1.0000 []
 | 6.6479 9.5717 52.8861 0.4879517 CCC(=O)N(c1ccccc1)C1CCN(C(=O)CC(N)C(C)C)CC1 1 CCC(=O)N(c1ccccc1)C1CCN(C(=O)[C@@H](N)C2Cc3ccccc3C2)CC1 0.8619567 0.8620 0.2762283 -6.4900 1.0000000 1.0000 []
 | 7.1405 10.9376 64.2090 0.5870826 CCC(=O)N(c1ccccc1)C1CCN(C(=O)CC(N)c2ccc(C#N)cc2)CC1 1 CCC(=O)N(c1ccccc1)C1CCN(C(=O)[C@@H](N)C2Cc3ccccc3C2)CC1 0.7990242 0.7990 0.4313586 -8.2800 1.0000000 1.0000 []
 | 3.8924 3.0015 71.5578 0.5824949 CCC(=O)N(c1ccccc1)C1CCN(C(=O)CC(N)c2ccc(C)cc2)CC1 1 CCC(=O)N(c1ccccc1)C1CCN(C(=O)[C@@H](N)C2Cc3ccccc3C2)CC1 0.8112739 0.8113 0.4182315 -8.1400 1.0000000 1.0000 []
 | 4.4821 4.8351 69.5375 0.5810365 CCC(=O)N(c1ccccc1)C1CCN(C(=O)CC(N)c2ccccc2Cl)CC1 1 CCC(=O)N(c1ccccc1)C1CCN(C(=O)[C@@H](N)C2Cc3ccccc3C2)CC1 0.7725207 0.7725 0.4370153 -8.3400 1.0000000 1.0000 []
 | 9.7753 9.0610 55.7828 0.5065923 CCC(=O)N(c1ccccc1)C1CCN(C(=O)C[C@@H](N)Cc2ccc(Cl)cc2Cl)CC1 1 CCC(=O)N(c1ccccc1)C1CCN(C(=O)[C@@H](N)C2Cc3ccccc3C2)CC1 0.6495675 0.6496 0.3950871 -7.8900 1.0000000 1.0000 []
10:45:54 <INFO> Score: 0.45 Agent NLL: 7.50 Valid:  99% Step: 19
 | Agent Prior Target Score SMILES SMILES_state Input_SMILES QED QED (raw) maize maize (raw) Unwanted SMARTS Unwanted SMARTS (raw) matchting_patterns (Unwanted SMARTS)
 | 6.5205 5.3420 -5.3420 0.0000000 CC(C)(O)C#Cc1ccc2c(c1)NC(=O)CC(c1cccc(C(=O)NCCO)c1)=N2 1 CN1CCN(C(=O)c2cccc(C3=Nc4ccc(C#Cc5ccccc5)cc4NC(=O)C3)c2)CC1 0.0000000 0.0000 0.0000000 0.0000 0.0000000 0.0000 ['C#C']
 | 5.4357 12.3354 54.4145 0.5214837 CC(C)CNC(=O)[C@@H]1CCCN1C(=O)CNC(=O)c1ccc2cc(F)ccc2n1 1 COc1ccc([C@H](C)NC(=O)[C@@H]2C[C@@H](O)CN2C(=O)CNC(=O)c2ccc3cc(F)ccc3n2)c(Cl)c1 0.7744591 0.7745 0.3511421 -7.4000 1.0000000 1.0000 []
 | 9.1738 22.4883 47.0030 0.5429011 CC(C)C[C@H](NC(=O)c1ccccc1)C(=O)NCC(=O)c1ccc2ccccc2n1 1 COc1ccc([C@H](C)NC(=O)[C@@H]2C[C@@H](O)CN2C(=O)CNC(=O)c2ccc3cc(F)ccc3n2)c(Cl)c1 0.5645827 0.5646 0.5220520 -9.2300 1.0000000 1.0000 []
 | 10.5174 36.6248 39.4376 0.5942374 CC(C)NC(=O)[C@H]1C[C@H](F)CN1C(=O)CNC(=O)c1ccc2ccccc2n1 1 COc1ccc([C@H](C)NC(=O)[C@@H]2C[C@@H](O)CN2C(=O)CNC(=O)c2ccc3cc(F)ccc3n2)c(Cl)c1 0.8132896 0.8133 0.4341848 -8.3100 1.0000000 1.0000 []
 | 7.9003 9.2873 53.0853 0.4872864 CC(C)n1c(/C=C/c2cccnc2)nc2cc(F)ccc2c1=O 1 O=c1c2ccccc2nc(/C=C/c2cccnc2)n1CC1CCCCC1 0.7412215 0.7412 0.3203470 -7.0400 1.0000000 1.0000 []
 | 18.3403 23.5848 40.3905 0.4998067 CC(CCOc1ccc(Cl)cc1Cl)NS(=O)(=O)c1ccc(C(F)(F)F)cc1 1 O=C(CCCOc1ccc(Cl)cc1Cl)NN=Cc1cccc(C(F)(F)F)c1 0.6457238 0.6457 0.3868632 -7.8000 1.0000000 1.0000 []
 | 20.2436 28.9388 21.5307 0.3942933 CC(c1c[nH]c2ccccc12)N1Cc2cc(Br)ccc2C1c1ccc(C#N)cc1 1 O=S(=O)(Cc1ccccc1)N1Cc2ccccc2C1c1c[nH]c2ccccc12 0.3953352 0.3953 0.3932542 -7.8700 1.0000000 1.0000 []
 | 16.6253 27.6628 43.2304 0.5538537 CC(c1cc(NCCN)nc(N2CCc3ccccc3C2)n1)N1CCN(c2ccncc2)CC1 1 CCNC1CN(c2nc(N3CCc4ccccc4C3)nc(N3CCc4ccccc4C3)n2)CCO1 0.5589801 0.5590 0.5487744 -9.5100 1.0000000 1.0000 []
 | 9.3872 12.3667 71.1537 0.6525031 CC1(C)CCN(c2nc(N3CCNCC3)nc(N3CCc4ccccc4C3)n2)CC1 1 CCNC1CN(c2nc(N3CCc4ccccc4C3)nc(N3CCc4ccccc4C3)n2)CCO1 0.8386479 0.8386 0.5076747 -9.0800 1.0000000 1.0000 []
 | 8.5398 17.7468 51.0229 0.5372637 CCC(=O)N(c1ccccc1)C1CCN(C(=O)CC(N)Cc2ccccc2O)CC1 1 CCC(=O)N(c1ccccc1)C1CCN(C(=O)[C@@H](N)C2Cc3ccccc3C2)CC1 0.7357218 0.7357 0.3923389 -7.8600 1.0000000 1.0000 []
11:05:36 <INFO> Score: 0.45 Agent NLL: 7.35 Valid:  99% Step: 20
 | Agent Prior Target Score SMILES SMILES_state Input_SMILES QED QED (raw) maize maize (raw) Unwanted SMARTS Unwanted SMARTS (raw) matchting_patterns (Unwanted SMARTS)
 | 9.6290 13.4093 53.7418 0.5246175 CC(C)CCS(=O)(=O)N1Cc2ccccc2C1c1c[nH]c2ccccc12 1 O=S(=O)(Cc1ccccc1)N1Cc2ccccc2C1c1c[nH]c2ccccc12 0.7233001 0.7233 0.3805109 -7.7300 1.0000000 1.0000 []
 | 8.0651 11.4875 48.7523 0.4706231 CC(C)n1c(/C=C/c2ccccc2)nc2cc(Cl)ccc2c1=O 1 O=c1c2ccccc2nc(/C=C/c2cccnc2)n1CC1CCCCC1 0.6932013 0.6932 0.3195120 -7.0300 1.0000000 1.0000 []
 | 6.3370 14.8482 64.7324 0.6217236 CC1CCN(c2nc(N3CCNCC3)nc(N3CCc4ccccc4C3)n2)CC1 1 CCNC1CN(c2nc(N3CCc4ccccc4C3)nc(N3CCc4ccccc4C3)n2)CCO1 0.8566450 0.8566 0.4512256 -8.4900 1.0000000 1.0000 []
 | 8.2982 15.3304 53.7566 0.5397421 CCC(=O)N(c1ccccc1)C1CCN(C(=O)CC(C)(C)c2ccccc2)CC1 1 CCC(=O)N(c1ccccc1)C1CCN(C(=O)[C@@H](N)C2Cc3ccccc3C2)CC1 0.7091897 0.7092 0.4107808 -8.0600 1.0000000 1.0000 []
 | 6.5185 9.5717 52.8861 0.4879517 CCC(=O)N(c1ccccc1)C1CCN(C(=O)CC(N)C(C)C)CC1 1 CCC(=O)N(c1ccccc1)C1CCN(C(=O)[C@@H](N)C2Cc3ccccc3C2)CC1 0.8619567 0.8620 0.2762283 -6.4900 1.0000000 1.0000 []
 | 12.1077 20.6885 31.5908 0.4084317 CCC(=O)N(c1ccccc1)C1CCN(C(=O)CC(N)CCc2cscn2)CC1 1 CCC(=O)N(c1ccccc1)C1CCN(C(=O)[C@@H](N)C2Cc3ccccc3C2)CC1 0.7191977 0.7192 0.2319480 -5.8800 1.0000000 1.0000 []
 | 6.1913 6.8376 64.4036 0.5565720 CCC(=O)N(c1ccccc1)C1CCN(C(=O)CC(N)c2ccc(Cl)c(Cl)c2)CC1 1 CCC(=O)N(c1ccccc1)C1CCN(C(=O)[C@@H](N)C2Cc3ccccc3C2)CC1 0.6894159 0.6894 0.4493258 -8.4700 1.0000000 1.0000 []
 | 4.6034 2.7466 67.1462 0.5460374 CCC(=O)N(c1ccccc1)C1CCN(C(=O)CC(N)c2ccc(Cl)cc2)CC1 1 CCC(=O)N(c1ccccc1)C1CCN(C(=O)[C@@H](N)C2Cc3ccccc3C2)CC1 0.7725207 0.7725 0.3859532 -7.7900 1.0000000 1.0000 []
 | 5.9626 7.5066 66.7857 0.5804086 CCC(=O)N(c1ccccc1)C1CCN(C(=O)CC(N)c2cccc(Cl)c2)CC1 1 CCC(=O)N(c1ccccc1)C1CCN(C(=O)[C@@H](N)C2Cc3ccccc3C2)CC1 0.7725207 0.7725 0.4360713 -8.3300 1.0000000 1.0000 []
 | 4.0047 4.4318 73.1464 0.6060801 CCC(=O)N(c1ccccc1)C1CCN(C(=O)CC(N)c2ccccc2)CC1 1 CCC(=O)N(c1ccccc1)C1CCN(C(=O)[C@@H](N)C2Cc3ccccc3C2)CC1 0.8351330 0.8351 0.4398499 -8.3700 1.0000000 1.0000 []
11:24:55 <INFO> Score: 0.46 Agent NLL: 7.31 Valid:  99% Step: 21
 | Agent Prior Target Score SMILES SMILES_state Input_SMILES QED QED (raw) maize maize (raw) Unwanted SMARTS Unwanted SMARTS (raw) matchting_patterns (Unwanted SMARTS)
 | 20.0513 33.2095 32.0618 0.5099320 CC(=O)N1CCN(c2ccccc2C(=O)NCCOc2ccc(Cl)cc2Cl)CC1 1 O=C(CCCOc1ccc(Cl)cc1Cl)NN=Cc1cccc(C(F)(F)F)c1 0.7050284 0.7050 0.3688229 -7.6000 1.0000000 1.0000 []
 | 8.3140 12.2511 42.6874 0.4292072 CC(C)(C)NC(=O)CCCOc1ccc(Cl)cc1Cl 1 O=C(CCCOc1ccc(Cl)cc1Cl)NN=Cc1cccc(C(F)(F)F)c1 0.8328544 0.8329 0.2211897 -5.7200 1.0000000 1.0000 []
 | 5.8121 4.9987 -4.9987 0.0000000 CC(C)(O)C#Cc1ccc2c(c1)NC(=O)CC(c1cccc(C(=O)NCCN3CCOCC3)c1)=N2 1 CN1CCN(C(=O)c2cccc(C3=Nc4ccc(C#Cc5ccccc5)cc4NC(=O)C3)c2)CC1 0.0000000 0.0000 0.0000000 0.0000 0.0000000 0.0000 ['C#C']
 | 12.7044 31.1792 33.0273 0.5016132 CC(C)CN(CCNC(=O)c1ccc2cc(F)ccc2n1)C(=O)CNC(=O)c1ccccc1 1 COc1ccc([C@H](C)NC(=O)[C@@H]2C[C@@H](O)CN2C(=O)CNC(=O)c2ccc3cc(F)ccc3n2)c(Cl)c1 0.5243488 0.5243 0.4798633 -8.7900 1.0000000 1.0000 []
 | 7.2328 12.2902 57.4146 0.5445687 CC(C)[C@H](NC(=O)[C@@H]1CCCN1C(=O)CNC(=O)c1ccc2cc(F)ccc2n1)c1ccccc1 1 COc1ccc([C@H](C)NC(=O)[C@@H]2C[C@@H](O)CN2C(=O)CNC(=O)c2ccc3cc(F)ccc3n2)c(Cl)c1 0.5451194 0.5451 0.5440186 -9.4600 1.0000000 1.0000 []
 | 10.7314 19.4942 39.6908 0.4623828 CC(C)n1c(/C=C/c2ccccn2)nc2cc(Cl)c(Cl)cc2c1=O 1 O=c1c2ccccc2nc(/C=C/c2cccnc2)n1CC1CCCCC1 0.6708894 0.6709 0.3186782 -7.0200 1.0000000 1.0000 []
 | 6.6970 8.9054 50.7885 0.4663586 CC(C)n1c(/C=C/c2ccncc2)nc2ccccc2c1=O 1 O=c1c2ccccc2nc(/C=C/c2cccnc2)n1CC1CCCCC1 0.7412193 0.7412 0.2934224 -6.7100 1.0000000 1.0000 []
 | 11.6447 24.5233 38.3296 0.4910387 CC1Cc2ccccc2C(c2c[nH]c3ccccc23)N1C 1 O=S(=O)(Cc1ccccc1)N1C=Cc2ccccc2C1c1c[nH]c2ccccc12 0.7076688 0.7077 0.3407230 -7.2800 1.0000000 1.0000 []
 | 12.0622 18.4461 47.7001 0.5167673 CCC(=O)N(c1ccccc1)C1CCN(C(=O)C(c2ccc(C)cc2)c2ccc(O)cc2)CC1 1 CCC(=O)N(c1ccccc1)C1CCN(C(=O)[C@@H](N)C2Cc3ccccc3C2)CC1 0.5499204 0.5499 0.4856129 -8.8500 1.0000000 1.0000 []
 | 14.1498 19.2613 49.3003 0.5356373 CCC(=O)N(c1ccccc1)C1CCN(C(=O)C2CCCC2c2ccccc2)CC1 1 CCC(=O)N(c1ccccc1)C1CCN(C(=O)[C@@H](N)C2Cc3ccccc3C2)CC1 0.7032094 0.7032 0.4079971 -8.0300 1.0000000 1.0000 []
11:44:53 <INFO> Score: 0.46 Agent NLL: 7.55 Valid:  99% Step: 22
 | Agent Prior Target Score SMILES SMILES_state Input_SMILES QED QED (raw) maize maize (raw) Unwanted SMARTS Unwanted SMARTS (raw) matchting_patterns (Unwanted SMARTS)
 | 6.8906 7.0025 -7.0025 0.0000000 CC(C)(O)C#Cc1ccc2c(c1)NC(=O)CC(c1cccc(C(=O)NCC3CC3)c1)=N2 1 CN1CCN(C(=O)c2cccc(C3=Nc4ccc(C#Cc5ccccc5)cc4NC(=O)C3)c2)CC1 0.0000000 0.0000 0.0000000 0.0000 0.0000000 0.0000 ['C#C']
 | 7.6788 10.0266 62.9807 0.5703701 CC(C)CCNC(=O)[C@@H]1CCCN1C(=O)CNC(=O)c1ccc2cc(F)ccc2n1 1 COc1ccc([C@H](C)NC(=O)[C@@H]2C[C@@H](O)CN2C(=O)CNC(=O)c2ccc3cc(F)ccc3n2)c(Cl)c1 0.7270945 0.7271 0.4474275 -8.4500 1.0000000 1.0000 []
 | 9.0563 9.6760 -9.6760 0.0000000 CC(C)COc1cc2c(cc1C#Cc1ccccc1)NC(=O)CC(c1cccc(C#N)c1)=N2 1 CN1CCN(C(=O)c2cccc(C3=Nc4ccc(C#Cc5ccccc5)cc4NC(=O)C3)c2)CC1 0.0000000 0.0000 0.0000000 0.0000 0.0000000 0.0000 ['C#C']
 | 7.1974 9.9629 51.0574 0.4767211 CC(C)C[C@H](NC(=O)[C@@H]1CCCN1C(=O)CNC(=O)c1ccc2cc(F)ccc2n1)c1ccccc1 1 COc1ccc([C@H](C)NC(=O)[C@@H]2C[C@@H](O)CN2C(=O)CNC(=O)c2ccc3cc(F)ccc3n2)c(Cl)c1 0.4994466 0.4994 0.4550295 -8.5300 1.0000000 1.0000 []
 | 10.4087 10.5223 54.5864 0.5086619 CC(C)NC(=O)[C@@H]1C[C@@H](O)CN1C(=O)CNC(=O)c1ccc2ccccc2n1 1 COc1ccc([C@H](C)NC(=O)[C@@H]2C[C@@H](O)CN2C(=O)CNC(=O)c2ccc3cc(F)ccc3n2)c(Cl)c1 0.6931057 0.6931 0.3733009 -7.6500 1.0000000 1.0000 []
 | 15.0801 44.9781 16.3052 0.4787758 CC(C)c1cc(NC(=O)c2ccccc2C(=O)NCC(=O)c2ccc3cc(F)ccc3n2)ccn1 1 COc1ccc([C@H](C)NC(=O)[C@@H]2C[C@@H](O)CN2C(=O)CNC(=O)c2ccc3cc(F)ccc3n2)c(Cl)c1 0.3795166 0.3795 0.6039954 -10.1000 1.0000000 1.0000 []
 | 7.5032 13.2113 49.6852 0.4913786 CCC(=O)N(c1ccccc1)C1CCN(C(=O)C2CCCCC2)CC1 1 CCC(=O)N(c1ccccc1)C1CCN(C(=O)[C@@H](N)C2Cc3ccccc3C2)CC1 0.8296181 0.8296 0.2910411 -6.6800 1.0000000 1.0000 []
 | 7.6871 12.8857 61.3882 0.5802646 CCC(=O)N(c1ccccc1)C1CCN(C(=O)CC(N)Cc2cccc(Cl)c2)CC1 1 CCC(=O)N(c1ccccc1)C1CCN(C(=O)[C@@H](N)C2Cc3ccccc3C2)CC1 0.7247847 0.7248 0.4645613 -8.6300 1.0000000 1.0000 []
 | 3.9985 3.0015 71.5578 0.5824949 CCC(=O)N(c1ccccc1)C1CCN(C(=O)CC(N)c2ccc(C)cc2)CC1 1 CCC(=O)N(c1ccccc1)C1CCN(C(=O)[C@@H](N)C2Cc3ccccc3C2)CC1 0.8112739 0.8113 0.4182315 -8.1400 1.0000000 1.0000 []
 | 4.6077 2.7466 67.1462 0.5460374 CCC(=O)N(c1ccccc1)C1CCN(C(=O)CC(N)c2ccc(Cl)cc2)CC1 1 CCC(=O)N(c1ccccc1)C1CCN(C(=O)[C@@H](N)C2Cc3ccccc3C2)CC1 0.7725207 0.7725 0.3859532 -7.7900 1.0000000 1.0000 []
12:02:45 <INFO> Score: 0.46 Agent NLL: 7.25 Valid: 100% Step: 23
 | Agent Prior Target Score SMILES SMILES_state Input_SMILES QED QED (raw) maize maize (raw) Unwanted SMARTS Unwanted SMARTS (raw) matchting_patterns (Unwanted SMARTS)
 | 7.9775 11.9286 39.3803 0.4008504 S=c1c2ccccc2nc(/C=C/c2ccccc2)n1Cc1ccccc1 1 O=c1c2ccccc2nc(/C=C/c2cccnc2)n1Cc1ccccc1 0.4192827 0.4193 0.3832284 -7.7600 1.0000000 1.0000 []
 | 16.2665 21.5601 32.8510 0.4250867 CC(=O)NCCNc1nc(N2CCN(CCO)CC2)nc(N2CCc3ccccc3C2)n1 1 CCNC1CN(c2nc(N3CCc4ccccc4C3)nc(N3CCc4ccccc4C3)n2)CCO1 0.4923162 0.4923 0.3670380 -7.5800 1.0000000 1.0000 []
 | 11.4221 18.1183 40.4567 0.4576167 CC(=O)c1nc2ccccc2c(=O)n1CC1CCCCC1 1 O=c1c2ccccc2nc(/C=C/c2cccnc2)n1CC1CCCCC1 0.8133666 0.8134 0.2574645 -6.2400 1.0000000 1.0000 []
 | 9.4049 16.4221 49.1600 0.5123609 CC(C)CNC(=O)[C@@H]1C[C@H](O)CN1C(=O)CNC(=O)c1ccc2cc(Cl)ccc2n1 1 COc1ccc([C@H](C)NC(=O)[C@@H]2C[C@@H](O)CN2C(=O)CNC(=O)c2ccc3cc(F)ccc3n2)c(Cl)c1 0.6376179 0.6376 0.4117100 -8.0700 1.0000000 1.0000 []
 | 18.0351 24.5726 33.6299 0.4547073 CC(C)COc1cc2c(cc1C#N)NC(=O)CC(c1cccc(C(=O)N3CCCC3)c1)=N2 1 CN1CCN(C(=O)c2cccc(C3=Nc4ccc(C#Cc5ccccc5)cc4NC(=O)C3)c2)CC1 0.7653968 0.7654 0.2701327 -6.4100 1.0000000 1.0000 []
 | 6.8726 10.0077 38.2517 0.3770266 CC(C)NC(=O)c1cc2c(=O)n3ccccc3nc2[nH]c1=N 1 C[C@H](NC(=O)c1cc2c(=O)n3ccccc3nc2[nH]c1=N)c1ccccc1 0.6092498 0.6092 0.2333182 -5.9000 1.0000000 1.0000 []
 | 10.9480 14.2787 47.3133 0.4811868 CCC(=O)N(c1ccccc1)C1CCN(C(=O)C(Cc2ccccc2)c2ccccc2)CC1 1 CCC(=O)N(c1ccccc1)C1CCN(C(=O)[C@@H](N)C2Cc3ccccc3C2)CC1 0.4903386 0.4903 0.4722058 -8.7100 1.0000000 1.0000 []
 | 9.5657 14.8033 56.5896 0.5577572 CCC(=O)N(c1ccccc1)C1CCN(C(=O)CC(N)CCc2c[nH]c3ccccc23)CC1 1 CCC(=O)N(c1ccccc1)C1CCN(C(=O)[C@@H](N)C2Cc3ccccc3C2)CC1 0.5425963 0.5426 0.5733417 -9.7700 1.0000000 1.0000 []
 | 5.8917 6.2936 66.0555 0.5652273 CCC(=O)N(c1ccccc1)C1CCN(C(=O)CC(N)Cc2ccc(Cl)cc2)CC1 1 CCC(=O)N(c1ccccc1)C1CCN(C(=O)[C@@H](N)C2Cc3ccccc3C2)CC1 0.7247847 0.7248 0.4407956 -8.3800 1.0000000 1.0000 []
 | 6.0800 6.5882 72.0340 0.6142357 CCC(=O)N(c1ccccc1)C1CCN(C(=O)CC(N)c2ccc(O)cc2)CC1 1 CCC(=O)N(c1ccccc1)C1CCN(C(=O)[C@@H](N)C2Cc3ccccc3C2)CC1 0.7862353 0.7862 0.4798633 -8.7900 1.0000000 1.0000 []
12:17:59 <INFO> Score: 0.47 Agent NLL: 7.28 Valid:  99% Step: 24
 | Agent Prior Target Score SMILES SMILES_state Input_SMILES QED QED (raw) maize maize (raw) Unwanted SMARTS Unwanted SMARTS (raw) matchting_patterns (Unwanted SMARTS)
 | 10.2759 24.2289 42.1794 0.5188147 CC(C)(C)NC(=O)c1cccc(C2=Nc3cc(N4CCOCC4)ccc3NC(=O)C2)c1 1 CN1CCN(C(=O)c2cccc(C3=Nc4ccc(C#Cc5ccccc5)cc4NC(=O)C3)c2)CC1 0.7960237 0.7960 0.3381415 -7.2500 1.0000000 1.0000 []
 | 10.6808 14.3960 62.8313 0.6033382 CC(C)CCNc1nc(N2CCN(C)CC2)nc(N2CCc3ccccc3C2)n1 1 CCNC1CN(c2nc(N3CCc4ccccc4C3)nc(N3CCc4ccccc4C3)n2)CCO1 0.8067294 0.8067 0.4512256 -8.4900 1.0000000 1.0000 []
 | 8.0782 28.4195 36.1274 0.5042724 CC(C)CNC(=O)[C@H]1CCCN1C(=O)CNC(=O)c1ccc2cc(Cl)ccc2n1 1 COc1ccc([C@H](C)NC(=O)[C@@H]2C[C@@H](O)CN2C(=O)CNC(=O)c2ccc3cc(F)ccc3n2)c(Cl)c1 0.7558592 0.7559 0.3364259 -7.2300 1.0000000 1.0000 []
 | 8.3338 21.9808 49.3178 0.5570202 CC(C)C[C@H](NC(=O)c1ccccc1)C(=O)CNC(=O)c1ccc2cc(F)ccc2n1 1 COc1ccc([C@H](C)NC(=O)[C@@H]2C[C@@H](O)CN2C(=O)CNC(=O)c2ccc3cc(F)ccc3n2)c(Cl)c1 0.5825887 0.5826 0.5325738 -9.3400 1.0000000 1.0000 []
 | 11.1801 11.1692 49.5971 0.4747375 CC(C)n1c(/C=C/c2ccccc2)nc2ccccc2c1=O 1 O=c1c2ccccc2nc(/C=C/c2cccnc2)n1Cc1ccccc1 0.7260712 0.7261 0.3104044 -6.9200 1.0000000 1.0000 []
 | 9.9266 13.8227 -13.8227 0.0000000 CC1(C)CC(=O)Nc2cc(C#Cc3ccccc3)ccc2N1 1 CN1CCN(C(=O)c2cccc(C3=Nc4ccc(C#Cc5ccccc5)cc4NC(=O)C3)c2)CC1 0.0000000 0.0000 0.0000000 0.0000 0.0000000 0.0000 ['C#C']
 | 5.2842 7.7452 65.8400 0.5748847 CCC(=O)N(c1ccccc1)C1CCN(C(=O)CC(N)Cc2ccc(C)cc2)CC1 1 CCC(=O)N(c1ccccc1)C1CCN(C(=O)[C@@H](N)C2Cc3ccccc3C2)CC1 0.7611789 0.7612 0.4341848 -8.3100 1.0000000 1.0000 []
 | 5.8715 6.2936 66.0555 0.5652273 CCC(=O)N(c1ccccc1)C1CCN(C(=O)CC(N)Cc2ccc(Cl)cc2)CC1 1 CCC(=O)N(c1ccccc1)C1CCN(C(=O)[C@@H](N)C2Cc3ccccc3C2)CC1 0.7247847 0.7248 0.4407956 -8.3800 1.0000000 1.0000 []
 | 3.9786 3.0015 71.5578 0.5824949 CCC(=O)N(c1ccccc1)C1CCN(C(=O)CC(N)c2ccc(C)cc2)CC1 1 CCC(=O)N(c1ccccc1)C1CCN(C(=O)[C@@H](N)C2Cc3ccccc3C2)CC1 0.8112739 0.8113 0.4182315 -8.1400 1.0000000 1.0000 []
 | 6.3803 6.3581 60.5485 0.5227079 CCC(=O)N(c1ccccc1)C1CCN(C(=O)CC(N)c2ccc(SC)cc2)CC1 1 CCC(=O)N(c1ccccc1)C1CCN(C(=O)[C@@H](N)C2Cc3ccccc3C2)CC1 0.6742609 0.6743 0.4052193 -8.0000 1.0000000 1.0000 []
12:37:51 <INFO> Score: 0.48 Agent NLL: 7.24 Valid: 100% Step: 25
 | Agent Prior Target Score SMILES SMILES_state Input_SMILES QED QED (raw) maize maize (raw) Unwanted SMARTS Unwanted SMARTS (raw) matchting_patterns (Unwanted SMARTS)
 | 13.0277 25.4897 24.1632 0.3879132 C=CCn1cc(C2c3ccccc3CN2S(=O)(=O)c2ccc(Br)cc2)c2ccccc21 1 O=S(=O)(Cc1ccccc1)N1Cc2ccccc2C1c1c[nH]c2ccccc12 0.3259195 0.3259 0.4616988 -8.6000 1.0000000 1.0000 []
 | 5.5246 12.3354 54.4145 0.5214837 CC(C)CNC(=O)[C@@H]1CCCN1C(=O)CNC(=O)c1ccc2cc(F)ccc2n1 1 COc1ccc([C@H](C)NC(=O)[C@@H]2C[C@@H](O)CN2C(=O)CNC(=O)c2ccc3cc(F)ccc3n2)c(Cl)c1 0.7744591 0.7745 0.3511421 -7.4000 1.0000000 1.0000 []
 | 8.6000 6.9696 53.9074 0.4756012 CC(C)Cn1c(/C=C/c2ccccc2)nc2ccccc2c1=O 1 O=c1c2ccccc2nc(/C=C/c2cccnc2)n1CC1CCCCC1 0.7229633 0.7230 0.3128741 -6.9500 1.0000000 1.0000 []
 | 5.3539 16.5528 51.2815 0.5299559 CC(C)N1CCN(C(=O)c2cccc(C3=Nc4ccccc4NC(=O)C3)c2)CC1 1 CN1CCN(C(=O)c2cccc(C3=Nc4ccc(C#Cc5ccccc5)cc4NC(=O)C3)c2)CC1 0.8744337 0.8744 0.3211831 -7.0500 1.0000000 1.0000 []
 | 8.7048 14.0900 60.0381 0.5791259 CC(C)c1nc(N2CCc3ccccc3C2)nc(N2CCc3ccccc3C2)n1 1 CCNC1CN(c2nc(N3CCc4ccccc4C3)nc(N3CCc4ccccc4C3)n2)CCO1 0.6785858 0.6786 0.4942437 -8.9400 1.0000000 1.0000 []
 | 7.8931 25.0484 48.0330 0.5709484 CC1CCN(C(=O)CNC(=O)c2ccc3cc(F)ccc3n2)C1C(=O)NCc1ccccc1 1 COc1ccc([C@H](C)NC(=O)[C@@H]2C[C@@H](O)CN2C(=O)CNC(=O)c2ccc3cc(F)ccc3n2)c(Cl)c1 0.6066507 0.6067 0.5373473 -9.3900 1.0000000 1.0000 []
 | 8.2458 11.1066 59.4734 0.5514062 CCC(=O)N(c1ccccc1)C1CCN(C(=O)C2CCCN(Cc3ccccc3)C2)CC1 1 CCC(=O)N(c1ccccc1)C1CCN(C(=O)[C@@H](N)C2Cc3ccccc3C2)CC1 0.6809926 0.6810 0.4464788 -8.4400 1.0000000 1.0000 []
 | 5.7858 9.2871 58.6145 0.5304809 CCC(=O)N(c1ccccc1)C1CCN(C(=O)CC(N)C2CCCCC2)CC1 1 CCC(=O)N(c1ccccc1)C1CCN(C(=O)[C@@H](N)C2Cc3ccccc3C2)CC1 0.8114876 0.8115 0.3467828 -7.3500 1.0000000 1.0000 []
 | 3.9619 3.0015 71.5578 0.5824949 CCC(=O)N(c1ccccc1)C1CCN(C(=O)CC(N)c2ccc(C)cc2)CC1 1 CCC(=O)N(c1ccccc1)C1CCN(C(=O)[C@@H](N)C2Cc3ccccc3C2)CC1 0.8112739 0.8113 0.4182315 -8.1400 1.0000000 1.0000 []
 | 6.9306 5.6816 55.2373 0.4759291 CCC(=O)N(c1ccccc1)C1CCN(C(=O)CC(N)c2ccc(OC)c(OC)c2)CC1 1 CCC(=O)N(c1ccccc1)C1CCN(C(=O)[C@@H](N)C2Cc3ccccc3C2)CC1 0.6801901 0.6802 0.3330076 -7.1900 1.0000000 1.0000 []
12:56:51 <INFO> Score: 0.49 Agent NLL: 7.18 Valid: 100% Step: 26
 | Agent Prior Target Score SMILES SMILES_state Input_SMILES QED QED (raw) maize maize (raw) Unwanted SMARTS Unwanted SMARTS (raw) matchting_patterns (Unwanted SMARTS)
 | 10.3207 25.3193 42.9367 0.5332501 CC(C)C[C@@H](NC(=O)[C@H]1CCCN1C(=O)CNC(=O)c1ccc2ccccc2n1)c1ccccc1 1 COc1ccc([C@H](C)NC(=O)[C@@H]2C[C@@H](O)CN2C(=O)CNC(=O)c2ccc3cc(F)ccc3n2)c(Cl)c1 0.5208724 0.5209 0.5459219 -9.4800 1.0000000 1.0000 []
 | 9.4902 9.1299 50.0497 0.4623409 CC(C)c1ccc(S(=O)(=O)N2Cc3ccccc3C2c2c[nH]c3ccccc23)cc1 1 O=S(=O)(Cc1ccccc1)N1Cc2ccccc2C1c1c[nH]c2ccccc12 0.4717422 0.4717 0.4531270 -8.5100 1.0000000 1.0000 []
 | 9.9609 12.8447 45.6153 0.4567191 CC(C)n1c(/C=C/c2cccnc2)nc2cc(F)c(F)cc2c1=O 1 O=c1c2ccccc2nc(/C=C/c2cccnc2)n1CC1CCCCC1 0.7345671 0.7346 0.2839663 -6.5900 1.0000000 1.0000 []
 | 11.5090 22.5197 49.0648 0.5592534 CC1=CC(c2c[nH]c3ccccc23)N(S(=O)(=O)c2ccc(Cl)cc2)C1 1 O=S(=O)(Cc1ccccc1)N1C=Cc2ccccc2C1c1c[nH]c2ccccc12 0.6873496 0.6873 0.4550295 -8.5300 1.0000000 1.0000 []
 | 6.0239 8.9724 61.4401 0.5500976 CC1=CN(S(=O)(=O)Cc2ccccc2)C(c2c[nH]c3ccccc23)C1 1 O=S(=O)(Cc1ccccc1)N1C=Cc2ccccc2C1c1c[nH]c2ccccc12 0.7588678 0.7589 0.3987616 -7.9300 1.0000000 1.0000 []
 | 8.4124 15.2018 49.9837 0.5092620 CC1=CN(S(=O)(=O)Cc2ccccc2)C(c2nc3ccccc3[nH]2)C1 1 O=S(=O)(Cc1ccccc1)N1C=Cc2ccccc2C1c1c[nH]c2ccccc12 0.7768147 0.7768 0.3338605 -7.2000 1.0000000 1.0000 []
 | 10.0742 17.3555 61.6660 0.6173558 CC1CCN(C(=O)[C@@H]2C[C@H](O)CN2C(=O)CNC(=O)c2ccc3cc(F)ccc3n2)CC1 1 COc1ccc([C@H](C)NC(=O)[C@@H]2C[C@@H](O)CN2C(=O)CNC(=O)c2ccc3cc(F)ccc3n2)c(Cl)c1 0.7437085 0.7437 0.5124698 -9.1300 1.0000000 1.0000 []
 | 8.5264 11.5571 59.8209 0.5576402 CCC(=O)N(c1ccccc1)C1CCN(C(=O)C(C)Cc2ccccc2)CC1 1 CCC(=O)N(c1ccccc1)C1CCN(C(=O)[C@@H](N)C2Cc3ccccc3C2)CC1 0.7518979 0.7519 0.4135703 -8.0900 1.0000000 1.0000 []
 | 5.2958 7.7452 65.8400 0.5748847 CCC(=O)N(c1ccccc1)C1CCN(C(=O)CC(N)Cc2ccc(C)cc2)CC1 1 CCC(=O)N(c1ccccc1)C1CCN(C(=O)[C@@H](N)C2Cc3ccccc3C2)CC1 0.7611789 0.7612 0.4341848 -8.3100 1.0000000 1.0000 []
 | 3.9339 3.0015 71.5578 0.5824949 CCC(=O)N(c1ccccc1)C1CCN(C(=O)CC(N)c2ccc(C)cc2)CC1 1 CCC(=O)N(c1ccccc1)C1CCN(C(=O)[C@@H](N)C2Cc3ccccc3C2)CC1 0.8112739 0.8113 0.4182315 -8.1400 1.0000000 1.0000 []
13:15:44 <INFO> Score: 0.48 Agent NLL: 7.31 Valid:  99% Step: 27
 | Agent Prior Target Score SMILES SMILES_state Input_SMILES QED QED (raw) maize maize (raw) Unwanted SMARTS Unwanted SMARTS (raw) matchting_patterns (Unwanted SMARTS)
 | 11.2595 12.3372 44.8776 0.4469905 CC(C)=CCn1c(/C=C/c2cccnc2)nc2ccc(F)cc2c1=O 1 O=c1c2ccccc2nc(/C=C/c2cccnc2)n1CC1CCCCC1 0.6754239 0.6754 0.2958149 -6.7400 1.0000000 1.0000 []
 | 9.3394 13.3694 56.2521 0.5439179 CC(C)CS(=O)(=O)N1Cc2ccccc2C1c1n[nH]c2ccccc12 1 O=S(=O)(Cc1ccccc1)N1Cc2ccccc2C1c1c[nH]c2ccccc12 0.7793506 0.7794 0.3796066 -7.7200 1.0000000 1.0000 []
 | 4.9274 16.5528 51.2815 0.5299559 CC(C)N1CCN(C(=O)c2cccc(C3=Nc4ccccc4NC(=O)C3)c2)CC1 1 CN1CCN(C(=O)c2cccc(C3=Nc4ccc(C#Cc5ccccc5)cc4NC(=O)C3)c2)CC1 0.8744337 0.8744 0.3211831 -7.0500 1.0000000 1.0000 []
 | 18.3951 30.8713 12.0381 0.3352302 CC(C)n1cc(NC(=O)[C@@H]2C[C@H](F)CN2C(=O)CNC(=O)c2ccc3cc(OCC(F)(F)F)ccc3n2)cn1 1 COc1ccc([C@H](C)NC(=O)[C@@H]2C[C@@H](O)CN2C(=O)CNC(=O)c2ccc3cc(F)ccc3n2)c(Cl)c1 0.4160150 0.4160 0.2701327 -6.4100 1.0000000 1.0000 []
 | 12.7267 27.9796 40.0887 0.5317843 CC1=CN(C(=O)Cn2ccnc2)C(c2c[nH]c3ccccc23)C1 1 O=S(=O)(Cc1ccccc1)N1C=Cc2ccccc2C1c1c[nH]c2ccccc12 0.8073658 0.8074 0.3502682 -7.3900 1.0000000 1.0000 []
 | 9.1293 22.3231 47.1480 0.5427434 CC1CCN(c2nc(N3CCN(C)CC3)nc(N3CCN(c4ccccn4)CC3)n2)CC1 1 CCNC1CN(c2nc(N3CCc4ccccc4C3)nc(N3CCc4ccccc4C3)n2)CCO1 0.7090686 0.7091 0.4154329 -8.1100 1.0000000 1.0000 []
 | 5.9219 6.2936 66.0555 0.5652273 CCC(=O)N(c1ccccc1)C1CCN(C(=O)CC(N)Cc2ccc(Cl)cc2)CC1 1 CCC(=O)N(c1ccccc1)C1CCN(C(=O)[C@@H](N)C2Cc3ccccc3C2)CC1 0.7247847 0.7248 0.4407956 -8.3800 1.0000000 1.0000 []
 | 6.2351 7.8717 56.9776 0.5066355 CCC(=O)N(c1ccccc1)C1CCN(C(=O)CC(N)Cc2ccc(OC)cc2)CC1 1 CCC(=O)N(c1ccccc1)C1CCN(C(=O)[C@@H](N)C2Cc3ccccc3C2)CC1 0.7061742 0.7062 0.3634790 -7.5400 1.0000000 1.0000 []
 | 3.9454 3.0015 71.5578 0.5824949 CCC(=O)N(c1ccccc1)C1CCN(C(=O)CC(N)c2ccc(C)cc2)CC1 1 CCC(=O)N(c1ccccc1)C1CCN(C(=O)[C@@H](N)C2Cc3ccccc3C2)CC1 0.8112739 0.8113 0.4182315 -8.1400 1.0000000 1.0000 []
 | 4.3423 2.7466 67.1462 0.5460374 CCC(=O)N(c1ccccc1)C1CCN(C(=O)CC(N)c2ccc(Cl)cc2)CC1 1 CCC(=O)N(c1ccccc1)C1CCN(C(=O)[C@@H](N)C2Cc3ccccc3C2)CC1 0.7725207 0.7725 0.3859532 -7.7900 1.0000000 1.0000 []
13:31:41 <INFO> Score: 0.48 Agent NLL: 7.05 Valid:  99% Step: 28
 | Agent Prior Target Score SMILES SMILES_state Input_SMILES QED QED (raw) maize maize (raw) Unwanted SMARTS Unwanted SMARTS (raw) matchting_patterns (Unwanted SMARTS)
 | 7.7345 18.6419 46.0548 0.5054427 CC(C)C[C@H](NC(=O)[C@H]1CCCN1C(=O)CNC(=O)c1ccc2cc(F)ccc2n1)c1ccccc1 1 COc1ccc([C@H](C)NC(=O)[C@@H]2C[C@@H](O)CN2C(=O)CNC(=O)c2ccc3cc(F)ccc3n2)c(Cl)c1 0.4994466 0.4994 0.5115108 -9.1200 1.0000000 1.0000 []
 | 10.6929 27.4671 44.0894 0.5590353 CC(C)n1cc(NC(=O)[C@@H]2CCCN2C(=O)CNC(=O)c2ccc3ccccc3n2)cn1 1 COc1ccc([C@H](C)NC(=O)[C@@H]2C[C@@H](O)CN2C(=O)CNC(=O)c2ccc3cc(F)ccc3n2)c(Cl)c1 0.6191013 0.6191 0.5047970 -9.0500 1.0000000 1.0000 []
 | 15.9242 25.8750 48.0733 0.5777212 CCC(=O)N(c1ccccc1)C1CCN(C(=O)C2Cc3ccc(-c4ccccc4)cc3C2O)CC1 1 CCC(=O)N(c1ccccc1)C1CCN(C(=O)[C@@H](N)C2Cc3ccccc3C2)CC1 0.5737022 0.5737 0.5817684 -9.8600 1.0000000 1.0000 []
 | 7.8392 11.6664 59.9576 0.5595626 CCC(=O)N(c1ccccc1)C1CCN(C(=O)CC(C)c2ccc(C)cc2)CC1 1 CCC(=O)N(c1ccccc1)C1CCN(C(=O)[C@@H](N)C2Cc3ccccc3C2)CC1 0.6998012 0.6998 0.4474275 -8.4500 1.0000000 1.0000 []
 | 8.5539 10.4505 53.3270 0.4982622 CCC(=O)N(c1ccccc1)C1CCN(C(=O)CC(C)c2ccc(OC)cc2)CC1 1 CCC(=O)N(c1ccccc1)C1CCN(C(=O)[C@@H](N)C2Cc3ccccc3C2)CC1 0.6715010 0.6715 0.3697168 -7.6100 1.0000000 1.0000 []
 | 6.2606 7.8717 56.9776 0.5066355 CCC(=O)N(c1ccccc1)C1CCN(C(=O)CC(N)Cc2ccc(OC)cc2)CC1 1 CCC(=O)N(c1ccccc1)C1CCN(C(=O)[C@@H](N)C2Cc3ccccc3C2)CC1 0.7061742 0.7062 0.3634790 -7.5400 1.0000000 1.0000 []
 | 3.9524 3.0015 71.5578 0.5824949 CCC(=O)N(c1ccccc1)C1CCN(C(=O)CC(N)c2ccc(C)cc2)CC1 1 CCC(=O)N(c1ccccc1)C1CCN(C(=O)[C@@H](N)C2Cc3ccccc3C2)CC1 0.8112739 0.8113 0.4182315 -8.1400 1.0000000 1.0000 []
 | 5.7696 6.8376 64.4036 0.5565720 CCC(=O)N(c1ccccc1)C1CCN(C(=O)CC(N)c2ccc(Cl)c(Cl)c2)CC1 1 CCC(=O)N(c1ccccc1)C1CCN(C(=O)[C@@H](N)C2Cc3ccccc3C2)CC1 0.6894159 0.6894 0.4493258 -8.4700 1.0000000 1.0000 []
 | 4.2983 2.7466 67.1462 0.5460374 CCC(=O)N(c1ccccc1)C1CCN(C(=O)CC(N)c2ccc(Cl)cc2)CC1 1 CCC(=O)N(c1ccccc1)C1CCN(C(=O)[C@@H](N)C2Cc3ccccc3C2)CC1 0.7725207 0.7725 0.3859532 -7.7900 1.0000000 1.0000 []
 | 4.3209 2.1276 62.8074 0.5073048 CCC(=O)N(c1ccccc1)C1CCN(C(=O)CC(N)c2ccc(OC)cc2)CC1 1 CCC(=O)N(c1ccccc1)C1CCN(C(=O)[C@@H](N)C2Cc3ccccc3C2)CC1 0.7591665 0.7592 0.3390009 -7.2600 1.0000000 1.0000 []
13:47:44 <INFO> Score: 0.49 Agent NLL: 7.17 Valid:  99% Step: 29
 | Agent Prior Target Score SMILES SMILES_state Input_SMILES QED QED (raw) maize maize (raw) Unwanted SMARTS Unwanted SMARTS (raw) matchting_patterns (Unwanted SMARTS)
 | 12.5844 14.6924 33.8789 0.3794634 S=c1c2ccccc2nc(/C=C/c2ccsc2)n1CC1CCCCC1 1 O=c1c2ccccc2nc(/C=C/c2cccnc2)n1CC1CCCCC1 0.4854525 0.4855 0.2966149 -6.7500 1.0000000 1.0000 []
 | 8.8322 13.8967 38.4101 0.4086466 C=CCn1cc(C2c3ccccc3CN2S(=O)(=O)Cc2ccccc2)c2ccccc21 1 O=S(=O)(Cc1ccccc1)N1Cc2ccccc2C1c1c[nH]c2ccccc12 0.3931243 0.3931 0.4247818 -8.2100 1.0000000 1.0000 []
 | 7.3448 21.9808 49.3178 0.5570202 CC(C)C[C@H](NC(=O)c1ccccc1)C(=O)CNC(=O)c1ccc2cc(F)ccc2n1 1 COc1ccc([C@H](C)NC(=O)[C@@H]2C[C@@H](O)CN2C(=O)CNC(=O)c2ccc3cc(F)ccc3n2)c(Cl)c1 0.5825887 0.5826 0.5325738 -9.3400 1.0000000 1.0000 []
 | 14.0402 17.8785 47.1543 0.5080689 CCC(=O)N(c1ccccc1)C1CCN(C(=O)C(C)c2ccc(OC)c(C)c2)CC1 1 CCC(=O)N(c1ccccc1)C1CCN(C(=O)[C@@H](N)C2Cc3ccccc3C2)CC1 0.7050012 0.7050 0.3661469 -7.5700 1.0000000 1.0000 []
 | 5.9594 6.2936 66.0555 0.5652273 CCC(=O)N(c1ccccc1)C1CCN(C(=O)CC(N)Cc2ccc(Cl)cc2)CC1 1 CCC(=O)N(c1ccccc1)C1CCN(C(=O)[C@@H](N)C2Cc3ccccc3C2)CC1 0.7247847 0.7248 0.4407956 -8.3800 1.0000000 1.0000 []
 | 3.9175 3.0015 71.5578 0.5824949 CCC(=O)N(c1ccccc1)C1CCN(C(=O)CC(N)c2ccc(C)cc2)CC1 1 CCC(=O)N(c1ccccc1)C1CCN(C(=O)[C@@H](N)C2Cc3ccccc3C2)CC1 0.8112739 0.8113 0.4182315 -8.1400 1.0000000 1.0000 []
 | 4.2170 2.7466 67.1462 0.5460374 CCC(=O)N(c1ccccc1)C1CCN(C(=O)CC(N)c2ccc(Cl)cc2)CC1 1 CCC(=O)N(c1ccccc1)C1CCN(C(=O)[C@@H](N)C2Cc3ccccc3C2)CC1 0.7725207 0.7725 0.3859532 -7.7900 1.0000000 1.0000 []
 | 4.6551 6.0483 69.6523 0.5914115 CCC(=O)N(c1ccccc1)C1CCN(C(=O)CC(N)c2ccc(S(C)(=O)=O)cc2)CC1 1 CCC(=O)N(c1ccccc1)C1CCN(C(=O)[C@@H](N)C2Cc3ccccc3C2)CC1 0.6889601 0.6890 0.5076747 -9.0800 1.0000000 1.0000 []
 | 6.8647 10.3620 59.8280 0.5483594 CCC(=O)N(c1ccccc1)C1CCN(C(=O)CC(N)c2cccc(Br)c2)CC1 1 CCC(=O)N(c1ccccc1)C1CCN(C(=O)[C@@H](N)C2Cc3ccccc3C2)CC1 0.7032272 0.7032 0.4275973 -8.2400 1.0000000 1.0000 []
 | 10.8194 21.1056 38.4021 0.4649035 CCC(=O)N(c1ccccc1)C1CCN(C(=O)CC(N)c2cccc(Nc3ccccc3)c2)CC1 1 CCC(=O)N(c1ccccc1)C1CCN(C(=O)[C@@H](N)C2Cc3ccccc3C2)CC1 0.4710485 0.4710 0.4588387 -8.5700 1.0000000 1.0000 []
14:06:16 <INFO> Score: 0.49 Agent NLL: 7.21 Valid:  99% Step: 30
 | Agent Prior Target Score SMILES SMILES_state Input_SMILES QED QED (raw) maize maize (raw) Unwanted SMARTS Unwanted SMARTS (raw) matchting_patterns (Unwanted SMARTS)
 | 8.7557 21.6739 44.5739 0.5175611 CC(C)C[C@@H](NC(=O)c1ccccc1)C(=O)CNC(=O)c1ccc2cc(F)ccc2n1 1 COc1ccc([C@H](C)NC(=O)[C@@H]2C[C@@H](O)CN2C(=O)CNC(=O)c2ccc3cc(F)ccc3n2)c(Cl)c1 0.5825887 0.5826 0.4597918 -8.5800 1.0000000 1.0000 []
 | 4.6958 16.5528 51.2815 0.5299559 CC(C)N1CCN(C(=O)c2cccc(C3=Nc4ccccc4NC(=O)C3)c2)CC1 1 CN1CCN(C(=O)c2cccc(C3=Nc4ccc(C#Cc5ccccc5)cc4NC(=O)C3)c2)CC1 0.8744337 0.8744 0.3211831 -7.0500 1.0000000 1.0000 []
 | 12.6198 19.6336 50.4763 0.5477336 CC(NC(=O)c1ccccc1)C1CCCN1C(=O)CNC(=O)c1ccc2cc(Cl)ccc2n1 1 COc1ccc([C@H](C)NC(=O)[C@@H]2C[C@@H](O)CN2C(=O)CNC(=O)c2ccc3cc(F)ccc3n2)c(Cl)c1 0.5843308 0.5843 0.5134286 -9.1400 1.0000000 1.0000 []
 | 14.1558 19.8148 45.5218 0.5104421 CCC(=O)N(c1ccccc1)C1CCN(C(=O)/C=C(\C)N2CCN(c3ccccc3)CC2)CC1 1 CCC(=O)N(c1ccccc1)C1CCN(C(=O)[C@@H](N)C2Cc3ccccc3C2)CC1 0.6080016 0.6080 0.4285368 -8.2500 1.0000000 1.0000 []
 | 9.5098 11.1807 52.1288 0.4946055 CCC(=O)N(c1ccccc1)C1CCN(C(=O)C2(c3ccccc3)CCC2)CC1 1 CCC(=O)N(c1ccccc1)C1CCN(C(=O)[C@@H](N)C2Cc3ccccc3C2)CC1 0.7518408 0.7518 0.3253809 -7.1000 1.0000000 1.0000 []
 | 3.8672 3.0015 71.5578 0.5824949 CCC(=O)N(c1ccccc1)C1CCN(C(=O)CC(N)c2ccc(C)cc2)CC1 1 CCC(=O)N(c1ccccc1)C1CCN(C(=O)[C@@H](N)C2Cc3ccccc3C2)CC1 0.8112739 0.8113 0.4182315 -8.1400 1.0000000 1.0000 []
 | 4.1264 2.7466 67.1462 0.5460374 CCC(=O)N(c1ccccc1)C1CCN(C(=O)CC(N)c2ccc(Cl)cc2)CC1 1 CCC(=O)N(c1ccccc1)C1CCN(C(=O)[C@@H](N)C2Cc3ccccc3C2)CC1 0.7725207 0.7725 0.3859532 -7.7900 1.0000000 1.0000 []
 | 4.1935 2.1276 62.8074 0.5073048 CCC(=O)N(c1ccccc1)C1CCN(C(=O)CC(N)c2ccc(OC)cc2)CC1 1 CCC(=O)N(c1ccccc1)C1CCN(C(=O)[C@@H](N)C2Cc3ccccc3C2)CC1 0.7591665 0.7592 0.3390009 -7.2600 1.0000000 1.0000 []
 | 4.6117 6.0483 69.6523 0.5914115 CCC(=O)N(c1ccccc1)C1CCN(C(=O)CC(N)c2ccc(S(C)(=O)=O)cc2)CC1 1 CCC(=O)N(c1ccccc1)C1CCN(C(=O)[C@@H](N)C2Cc3ccccc3C2)CC1 0.6889601 0.6890 0.5076747 -9.0800 1.0000000 1.0000 []
 | 3.2678 4.4318 73.1464 0.6060801 CCC(=O)N(c1ccccc1)C1CCN(C(=O)CC(N)c2ccccc2)CC1 1 CCC(=O)N(c1ccccc1)C1CCN(C(=O)[C@@H](N)C2Cc3ccccc3C2)CC1 0.8351330 0.8351 0.4398499 -8.3700 1.0000000 1.0000 []
14:25:27 <INFO> Score: 0.48 Agent NLL: 7.31 Valid:  99% Step: 31
 | Agent Prior Target Score SMILES SMILES_state Input_SMILES QED QED (raw) maize maize (raw) Unwanted SMARTS Unwanted SMARTS (raw) matchting_patterns (Unwanted SMARTS)
 | 21.1725 26.1228 -26.1228 0.0000000 C2CN(c3cccnc3)CC(Cn3c(/C=C/c4cccnc4)nc4c(Cl)cccc4c3=O)C2)C1 0 O=c1c2ccccc2nc(/C=C/c2cccnc2)n1CC1CCCCC1 0.0000000 0.0000 0.0000000 0.0000 0.0000000 0.0000 None
 | 4.6496 16.5528 51.2815 0.5299559 CC(C)N1CCN(C(=O)c2cccc(C3=Nc4ccccc4NC(=O)C3)c2)CC1 1 CN1CCN(C(=O)c2cccc(C3=Nc4ccc(C#Cc5ccccc5)cc4NC(=O)C3)c2)CC1 0.8744337 0.8744 0.3211831 -7.0500 1.0000000 1.0000 []
 | 7.4562 10.0636 56.7671 0.5221153 CC(C)S(=O)(=O)N1Cc2ccccc2C1c1c[nH]c2ccccc12 1 O=S(=O)(Cc1ccccc1)N1Cc2ccccc2C1c1c[nH]c2ccccc12 0.7880697 0.7881 0.3459141 -7.3400 1.0000000 1.0000 []
 | 9.5040 14.1650 59.7630 0.5775625 CC1CCCCN1c1nc(N2CCN(C)CC2)nc(N2CCc3ccccc3C2)n1 1 CCNC1CN(c2nc(N3CCc4ccccc4C3)nc(N3CCc4ccccc4C3)n2)CCO1 0.7750114 0.7750 0.4304175 -8.2700 1.0000000 1.0000 []
 | 9.6697 15.6834 51.0946 0.5217029 CC1CCN(c2nc(N3CCCNCC3)nc(N3CCc4ccccc4C3)n2)CC1 1 CCNC1CN(c2nc(N3CCc4ccccc4C3)nc(N3CCc4ccccc4C3)n2)CCO1 0.8386479 0.8386 0.3245390 -7.0900 1.0000000 1.0000 []
 | 12.2074 17.7475 52.3949 0.5479876 CCC(=O)N(c1ccccc1)C1CCN(C(=O)C2CCc3cc(F)ccc32)CC1 1 CCC(=O)N(c1ccccc1)C1CCN(C(=O)[C@@H](N)C2Cc3ccccc3C2)CC1 0.7762186 0.7762 0.3868632 -7.8000 1.0000000 1.0000 []
 | 8.0053 12.1429 60.9702 0.5711963 CCC(=O)N(c1ccccc1)C1CCN(C(=O)CC(N)c2ccc(C(C)(C)C)cc2)CC1 1 CCC(=O)N(c1ccccc1)C1CCN(C(=O)[C@@H](N)C2Cc3ccccc3C2)CC1 0.7081252 0.7081 0.4607451 -8.5900 1.0000000 1.0000 []
 | 4.0384 2.7466 67.1462 0.5460374 CCC(=O)N(c1ccccc1)C1CCN(C(=O)CC(N)c2ccc(Cl)cc2)CC1 1 CCC(=O)N(c1ccccc1)C1CCN(C(=O)[C@@H](N)C2Cc3ccccc3C2)CC1 0.7725207 0.7725 0.3859532 -7.7900 1.0000000 1.0000 []
 | 5.6436 9.2532 63.0782 0.5650888 CCC(=O)N(c1ccccc1)C1CCN(C(=O)CC(N)c2cccc(O)c2)CC1 1 CCC(=O)N(c1ccccc1)C1CCN(C(=O)[C@@H](N)C2Cc3ccccc3C2)CC1 0.7862353 0.7862 0.4061447 -8.0100 1.0000000 1.0000 []
 | 3.3190 4.8351 69.5375 0.5810365 CCC(=O)N(c1ccccc1)C1CCN(C(=O)CC(N)c2ccccc2Cl)CC1 1 CCC(=O)N(c1ccccc1)C1CCN(C(=O)[C@@H](N)C2Cc3ccccc3C2)CC1 0.7725207 0.7725 0.4370153 -8.3400 1.0000000 1.0000 []
14:42:30 <INFO> Score: 0.49 Agent NLL: 7.01 Valid:  99% Step: 32
 | Agent Prior Target Score SMILES SMILES_state Input_SMILES QED QED (raw) maize maize (raw) Unwanted SMARTS Unwanted SMARTS (raw) matchting_patterns (Unwanted SMARTS)
 | 8.9879 8.3226 42.7666 0.3991344 S=c1c2ccccc2nc(/C=C/c2ccncc2)n1Cc1ccccc1 1 O=c1c2ccccc2nc(/C=C/c2cccnc2)n1Cc1ccc(Cl)cc1 0.4605428 0.4605 0.3459141 -7.3400 1.0000000 1.0000 []
 | 14.8539 19.7152 28.9799 0.3804306 S=c1c2ccccc2nc(/C=C/c2ccncc2)n1CC1=CCCCC1 1 O=c1c2ccccc2nc(/C=C/c2cccnc2)n1CC1CCCCC1 0.4334967 0.4335 0.3338605 -7.2000 1.0000000 1.0000 []
 | 8.4612 16.7748 53.0099 0.5451927 CC(C)C[C@H](NC(=O)CNC(=O)c1ccc2cc(F)ccc2n1)c1ccccc1 1 COc1ccc([C@H](C)NC(=O)[C@@H]2C[C@@H](O)CN2C(=O)CNC(=O)c2ccc3cc(F)ccc3n2)c(Cl)c1 0.6371996 0.6372 0.4664710 -8.6500 1.0000000 1.0000 []
 | 8.8228 17.1302 45.4527 0.4889287 CC(C)N1CCN(C(=O)c2cccc(C3=Nc4ccc(Cl)cc4NC(=O)C3)c2)CC1 1 CN1CCN(C(=O)c2cccc(C3=Nc4ccc(C#Cc5ccccc5)cc4NC(=O)C3)c2)CC1 0.8102988 0.8103 0.2950162 -6.7300 1.0000000 1.0000 []
 | 10.9723 30.9463 42.2042 0.5714882 CC(C)NC(=O)[C@H]1C[C@H](F)CN1C(=O)CNC(=O)c1ccc2cc(F)ccc2n1 1 COc1ccc([C@H](C)NC(=O)[C@@H]2C[C@@H](O)CN2C(=O)CNC(=O)c2ccc3cc(F)ccc3n2)c(Cl)c1 0.7914863 0.7915 0.4126399 -8.0800 1.0000000 1.0000 []
 | 10.7661 15.4231 63.0487 0.6130611 CC(C)c1ccc2[nH]c(C(=O)N3C[C@@]4(CCN(C5CCNC5)C4)c4ccccc43)cc2c1 1 NC(=O)c1ccc2cc(C(=O)N3C[C@]4(CCN(C5CCNC5)C4)c4ccccc43)[nH]c2c1 0.6555322 0.6555 0.5733417 -9.7700 1.0000000 1.0000 []
 | 11.1978 14.4637 55.1050 0.5435061 CCC(=O)N(c1ccccc1)C1CCN(C(=O)/C=C/c2ccc3ccccc3c2)CC1 1 CCC(=O)N(c1ccccc1)C1CCN(C(=O)[C@@H](N)C2Cc3ccccc3C2)CC1 0.5345884 0.5346 0.5525726 -9.5500 1.0000000 1.0000 []
 | 8.9749 13.5350 53.8781 0.5266647 CCC(=O)N(c1ccccc1)C1CCN(C(=O)C2(C)Cc3ccccc3C2=O)CC1 1 CCC(=O)N(c1ccccc1)C1CCN(C(=O)[C@@H](N)C2Cc3ccccc3C2)CC1 0.7272265 0.7272 0.3814158 -7.7400 1.0000000 1.0000 []
 | 17.5629 24.1531 37.8729 0.4845779 CCC(=O)N(c1ccccc1)C1CCN(C(=O)CC(c2ccccc2)c2ccc(C)cc2)CC1 1 CCC(=O)N(c1ccccc1)C1CCN(C(=O)[C@@H](N)C2Cc3ccccc3C2)CC1 0.4424954 0.4425 0.5306626 -9.3200 1.0000000 1.0000 []
 | 6.4934 11.0405 55.9785 0.5235859 CCC(=O)N(c1ccccc1)C1CCN(C(=O)CC(C)c2ccccc2)CC1 1 CCC(=O)N(c1ccccc1)C1CCN(C(=O)[C@@H](N)C2Cc3ccccc3C2)CC1 0.7361428 0.7361 0.3724036 -7.6400 1.0000000 1.0000 []
15:00:07 <INFO> Score: 0.49 Agent NLL: 7.13 Valid:  99% Step: 33
 | Agent Prior Target Score SMILES SMILES_state Input_SMILES QED QED (raw) maize maize (raw) Unwanted SMARTS Unwanted SMARTS (raw) matchting_patterns (Unwanted SMARTS)
 | 11.8621 11.7924 48.0641 0.4676288 CC(=O)c1ccc(/C=C/c2nc3ccc(F)cc3c(=O)n2Cc2ccccc2)cc1 1 O=c1c2ccccc2nc(/C=C/c2cccnc2)n1Cc1ccccc1 0.4467822 0.4468 0.4894481 -8.8900 1.0000000 1.0000 []
 | 10.0136 12.1329 51.0970 0.4939835 CC(C)CNC(=O)[C@@H]1C[C@@H](O)CN1C(=O)CNC(=O)c1ccc2ccccc2n1 1 COc1ccc([C@H](C)NC(=O)[C@@H]2C[C@@H](O)CN2C(=O)CNC(=O)c2ccc3cc(F)ccc3n2)c(Cl)c1 0.6632232 0.6632 0.3679300 -7.5900 1.0000000 1.0000 []
 | 7.5261 9.9629 51.0574 0.4767211 CC(C)C[C@H](NC(=O)[C@@H]1CCCN1C(=O)CNC(=O)c1ccc2cc(F)ccc2n1)c1ccccc1 1 COc1ccc([C@H](C)NC(=O)[C@@H]2C[C@@H](O)CN2C(=O)CNC(=O)c2ccc3cc(F)ccc3n2)c(Cl)c1 0.4994466 0.4994 0.4550295 -8.5300 1.0000000 1.0000 []
 | 9.1121 14.1650 59.7630 0.5775625 CC1CCCCN1c1nc(N2CCN(C)CC2)nc(N2CCc3ccccc3C2)n1 1 CCNC1CN(c2nc(N3CCc4ccccc4C3)nc(N3CCc4ccccc4C3)n2)CCO1 0.7750114 0.7750 0.4304175 -8.2700 1.0000000 1.0000 []
 | 8.2333 11.0532 58.0017 0.5394915 CCC(=O)N(c1ccccc1)C1CCN(C(=O)C(C)c2ccc(C)cc2)CC1 1 CCC(=O)N(c1ccccc1)C1CCN(C(=O)[C@@H](N)C2Cc3ccccc3C2)CC1 0.7667177 0.7667 0.3796066 -7.7200 1.0000000 1.0000 []
 | 6.3874 9.4047 52.8926 0.4866976 CCC(=O)N(c1ccccc1)C1CCN(C(=O)CC(N)c2ccc(-c3ccccc3)cc2)CC1 1 CCC(=O)N(c1ccccc1)C1CCN(C(=O)[C@@H](N)C2Cc3ccccc3C2)CC1 0.5339398 0.5339 0.4436353 -8.4100 1.0000000 1.0000 []
 | 3.9605 2.7466 67.1462 0.5460374 CCC(=O)N(c1ccccc1)C1CCN(C(=O)CC(N)c2ccc(Cl)cc2)CC1 1 CCC(=O)N(c1ccccc1)C1CCN(C(=O)[C@@H](N)C2Cc3ccccc3C2)CC1 0.7725207 0.7725 0.3859532 -7.7900 1.0000000 1.0000 []
 | 6.2745 7.9652 51.8225 0.4670916 CCC(=O)N(c1ccccc1)C1CCN(C(=O)CC(N)c2ccc(Oc3ccccc3)cc2)CC1 1 CCC(=O)N(c1ccccc1)C1CCN(C(=O)[C@@H](N)C2Cc3ccccc3C2)CC1 0.4835154 0.4835 0.4512256 -8.4900 1.0000000 1.0000 []
 | 4.5976 6.0483 69.6523 0.5914115 CCC(=O)N(c1ccccc1)C1CCN(C(=O)CC(N)c2ccc(S(C)(=O)=O)cc2)CC1 1 CCC(=O)N(c1ccccc1)C1CCN(C(=O)[C@@H](N)C2Cc3ccccc3C2)CC1 0.6889601 0.6890 0.5076747 -9.0800 1.0000000 1.0000 []
 | 6.1840 7.4309 50.0867 0.4493560 CCC(=O)N(c1ccccc1)C1CCN(C(=O)CC(N)c2ccc([N+](=O)[O-])cc2)CC1 1 CCC(=O)N(c1ccccc1)C1CCN(C(=O)[C@@H](N)C2Cc3ccccc3C2)CC1 0.5409063 0.5409 0.3733009 -7.6500 1.0000000 1.0000 []
15:15:01 <INFO> Score: 0.48 Agent NLL: 7.43 Valid: 100% Step: 34
 | Agent Prior Target Score SMILES SMILES_state Input_SMILES QED QED (raw) maize maize (raw) Unwanted SMARTS Unwanted SMARTS (raw) matchting_patterns (Unwanted SMARTS)
 | 11.0603 13.5684 43.1717 0.4432820 S=c1c2ccccc2nc(/C=C/c2ccccn2)n1Cc1ccncc1 1 O=c1c2ccccc2nc(/C=C/c2cccnc2)n1Cc1ccc(Cl)cc1 0.4939120 0.4939 0.3978419 -7.9200 1.0000000 1.0000 []
 | 13.9511 29.4964 31.9746 0.4802422 CC(C)(O)CCc1ccc2c(c1)NC(=O)CC(c1cccc(C(=O)N3CCCCC3)c1)=N2 1 CN1CCN(C(=O)c2cccc(C3=Nc4ccc(C#Cc5ccccc5)cc4NC(=O)C3)c2)CC1 0.7294259 0.7294 0.3161837 -6.9900 1.0000000 1.0000 []
 | 8.9300 25.2241 32.0916 0.4477791 CC(C)COc1ccc2c(c1)NC(=O)CC(c1cccc(C(=O)N3CCOCC3)c1)=N2 1 CN1CCN(C(=O)c2cccc(C3=Nc4ccc(C#Cc5ccccc5)cc4NC(=O)C3)c2)CC1 0.7990934 0.7991 0.2509170 -6.1500 1.0000000 1.0000 []
 | 9.8792 12.9133 49.9420 0.4910570 CC1c2ccccc2C(c2c[nH]c3ccccc23)N1S(=O)(=O)c1ccccc1 1 O=S(=O)(Cc1ccccc1)N1Cc2ccccc2C1c1c[nH]c2ccccc12 0.5355320 0.5355 0.4502755 -8.4800 1.0000000 1.0000 []
 | 6.6240 8.2348 65.9274 0.5793923 CCC(=O)N(c1ccccc1)C1CCN(C(=O)C2Cc3ccccc3C2)CC1 1 CCC(=O)N(c1ccccc1)C1CCN(C(=O)[C@@H](N)C2Cc3ccccc3C2)CC1 0.8135314 0.8135 0.4126399 -8.0800 1.0000000 1.0000 []
 | 3.7680 3.0015 71.5578 0.5824949 CCC(=O)N(c1ccccc1)C1CCN(C(=O)CC(N)c2ccc(C)cc2)CC1 1 CCC(=O)N(c1ccccc1)C1CCN(C(=O)[C@@H](N)C2Cc3ccccc3C2)CC1 0.8112739 0.8113 0.4182315 -8.1400 1.0000000 1.0000 []
 | 5.3783 6.6211 67.3393 0.5778154 CCC(=O)N(c1ccccc1)C1CCN(C(=O)CC(N)c2ccc(F)cc2)CC1 1 CCC(=O)N(c1ccccc1)C1CCN(C(=O)[C@@H](N)C2Cc3ccccc3C2)CC1 0.8091090 0.8091 0.4126399 -8.0800 1.0000000 1.0000 []
 | 6.1529 7.4309 50.0867 0.4493560 CCC(=O)N(c1ccccc1)C1CCN(C(=O)CC(N)c2ccc([N+](=O)[O-])cc2)CC1 1 CCC(=O)N(c1ccccc1)C1CCN(C(=O)[C@@H](N)C2Cc3ccccc3C2)CC1 0.5409063 0.5409 0.3733009 -7.6500 1.0000000 1.0000 []
 | 4.7535 6.6979 62.0161 0.5368283 CCC(=O)N(c1ccccc1)C1CCN(C(=O)CC(N)c2cccc(OC)c2)CC1 1 CCC(=O)N(c1ccccc1)C1CCN(C(=O)[C@@H](N)C2Cc3ccccc3C2)CC1 0.7591665 0.7592 0.3796066 -7.7200 1.0000000 1.0000 []
 | 3.0424 4.4318 73.1464 0.6060801 CCC(=O)N(c1ccccc1)C1CCN(C(=O)CC(N)c2ccccc2)CC1 1 CCC(=O)N(c1ccccc1)C1CCN(C(=O)[C@@H](N)C2Cc3ccccc3C2)CC1 0.8351330 0.8351 0.4398499 -8.3700 1.0000000 1.0000 []
15:30:04 <INFO> Score: 0.50 Agent NLL: 6.90 Valid: 100% Step: 35
 | Agent Prior Target Score SMILES SMILES_state Input_SMILES QED QED (raw) maize maize (raw) Unwanted SMARTS Unwanted SMARTS (raw) matchting_patterns (Unwanted SMARTS)
 | 12.4619 22.1853 50.4499 0.5674625 CC(=O)Nc1ccc(S(=O)(=O)N2Cc3ccccc3C2C2=NCCN2)cc1 1 O=S(=O)(Cc1ccccc1)N1Cc2ccccc2C1c1c[nH]c2ccccc12 0.8422583 0.8423 0.3823218 -7.7500 1.0000000 1.0000 []
 | 4.5578 16.5528 51.2815 0.5299559 CC(C)N1CCN(C(=O)c2cccc(C3=Nc4ccccc4NC(=O)C3)c2)CC1 1 CN1CCN(C(=O)c2cccc(C3=Nc4ccc(C#Cc5ccccc5)cc4NC(=O)C3)c2)CC1 0.8744337 0.8744 0.3211831 -7.0500 1.0000000 1.0000 []
 | 7.7771 10.0636 56.7671 0.5221153 CC(C)S(=O)(=O)N1Cc2ccccc2C1c1c[nH]c2ccccc12 1 O=S(=O)(Cc1ccccc1)N1Cc2ccccc2C1c1c[nH]c2ccccc12 0.7880697 0.7881 0.3459141 -7.3400 1.0000000 1.0000 []
 | 7.8538 15.6529 61.5753 0.6033453 CC(NC(=O)CNC(=O)c1ccc2ccccc2n1)c1ccccc1 1 COc1ccc([C@H](C)NC(=O)[C@@H]2C[C@@H](O)CN2C(=O)CNC(=O)c2ccc3cc(F)ccc3n2)c(Cl)c1 0.7540859 0.7541 0.4827375 -8.8200 1.0000000 1.0000 []
 | 8.9553 7.7770 47.8786 0.4348092 CC(NC(=O)c1cc2c(=O)n3ccccc3nc2n(Cc2ccccc2)c1=N)c1ccccc1 1 C[C@H](NC(=O)c1cc2c(=O)n3ccccc3nc2[nH]c1=N)c1ccccc1 0.4011868 0.4012 0.4712494 -8.7000 1.0000000 1.0000 []
 | 12.7900 27.7052 41.0246 0.5369514 CC1CCC(NC(=O)[C@H]2C[C@H](O)CN2C(=O)CNC(=O)c2ccc3cc(F)ccc3n2)CC1 1 COc1ccc([C@H](C)NC(=O)[C@@H]2C[C@@H](O)CN2C(=O)CNC(=O)c2ccc3cc(F)ccc3n2)c(Cl)c1 0.6349498 0.6349 0.4540781 -8.5200 1.0000000 1.0000 []
 | 11.7272 38.4915 33.1637 0.5598061 CC1CCN(C(=O)CNC(=O)c2ccc3ccccc3n2)C1C(N)=O 1 COc1ccc([C@H](C)NC(=O)[C@@H]2C[C@@H](O)CN2C(=O)CNC(=O)c2ccc3cc(F)ccc3n2)c(Cl)c1 0.8538159 0.8538 0.3670380 -7.5800 1.0000000 1.0000 []
 | 5.8190 10.9376 64.2090 0.5870826 CCC(=O)N(c1ccccc1)C1CCN(C(=O)CC(N)c2ccc(C#N)cc2)CC1 1 CCC(=O)N(c1ccccc1)C1CCN(C(=O)[C@@H](N)C2Cc3ccccc3C2)CC1 0.7990242 0.7990 0.4313586 -8.2800 1.0000000 1.0000 []
 | 3.7564 3.0015 71.5578 0.5824949 CCC(=O)N(c1ccccc1)C1CCN(C(=O)CC(N)c2ccc(C)cc2)CC1 1 CCC(=O)N(c1ccccc1)C1CCN(C(=O)[C@@H](N)C2Cc3ccccc3C2)CC1 0.8112739 0.8113 0.4182315 -8.1400 1.0000000 1.0000 []
 | 5.7181 6.5882 72.0340 0.6142357 CCC(=O)N(c1ccccc1)C1CCN(C(=O)CC(N)c2ccc(O)cc2)CC1 1 CCC(=O)N(c1ccccc1)C1CCN(C(=O)[C@@H](N)C2Cc3ccccc3C2)CC1 0.7862353 0.7862 0.4798633 -8.7900 1.0000000 1.0000 []
15:43:41 <INFO> Score: 0.49 Agent NLL: 7.13 Valid:  99% Step: 36
 | Agent Prior Target Score SMILES SMILES_state Input_SMILES QED QED (raw) maize maize (raw) Unwanted SMARTS Unwanted SMARTS (raw) matchting_patterns (Unwanted SMARTS)
 | 11.7830 16.6924 54.8367 0.5588205 CC(C)(C)c1nc(N2CCc3ccccc3C2)nc(N2CCc3ccccc3C2)n1 1 CCNC1CN(c2nc(N3CCc4ccccc4C3)nc(N3CCc4ccccc4C3)n2)CCO1 0.6430644 0.6431 0.4856129 -8.8500 1.0000000 1.0000 []
 | 8.0436 18.6419 46.0548 0.5054427 CC(C)C[C@H](NC(=O)[C@H]1CCCN1C(=O)CNC(=O)c1ccc2cc(F)ccc2n1)c1ccccc1 1 COc1ccc([C@H](C)NC(=O)[C@@H]2C[C@@H](O)CN2C(=O)CNC(=O)c2ccc3cc(F)ccc3n2)c(Cl)c1 0.4994466 0.4994 0.5115108 -9.1200 1.0000000 1.0000 []
 | 7.5709 15.6529 61.5753 0.6033453 CC(NC(=O)CNC(=O)c1ccc2ccccc2n1)c1ccccc1 1 COc1ccc([C@H](C)NC(=O)[C@@H]2C[C@@H](O)CN2C(=O)CNC(=O)c2ccc3cc(F)ccc3n2)c(Cl)c1 0.7540859 0.7541 0.4827375 -8.8200 1.0000000 1.0000 []
 | 5.5580 6.0565 61.1775 0.5252651 CCC(=O)N(c1ccccc1)C1CCN(C(=O)CC(N)c2ccc(Br)cc2)CC1 1 CCC(=O)N(c1ccccc1)C1CCN(C(=O)[C@@H](N)C2Cc3ccccc3C2)CC1 0.7032272 0.7032 0.3923389 -7.8600 1.0000000 1.0000 []
 | 3.7460 3.0015 71.5578 0.5824949 CCC(=O)N(c1ccccc1)C1CCN(C(=O)CC(N)c2ccc(C)cc2)CC1 1 CCC(=O)N(c1ccccc1)C1CCN(C(=O)[C@@H](N)C2Cc3ccccc3C2)CC1 0.8112739 0.8113 0.4182315 -8.1400 1.0000000 1.0000 []
 | 3.8337 2.7466 67.1462 0.5460374 CCC(=O)N(c1ccccc1)C1CCN(C(=O)CC(N)c2ccc(Cl)cc2)CC1 1 CCC(=O)N(c1ccccc1)C1CCN(C(=O)[C@@H](N)C2Cc3ccccc3C2)CC1 0.7725207 0.7725 0.3859532 -7.7900 1.0000000 1.0000 []
 | 3.9936 2.1276 62.8074 0.5073048 CCC(=O)N(c1ccccc1)C1CCN(C(=O)CC(N)c2ccc(OC)cc2)CC1 1 CCC(=O)N(c1ccccc1)C1CCN(C(=O)[C@@H](N)C2Cc3ccccc3C2)CC1 0.7591665 0.7592 0.3390009 -7.2600 1.0000000 1.0000 []
 | 4.4745 6.0483 69.6523 0.5914115 CCC(=O)N(c1ccccc1)C1CCN(C(=O)CC(N)c2ccc(S(C)(=O)=O)cc2)CC1 1 CCC(=O)N(c1ccccc1)C1CCN(C(=O)[C@@H](N)C2Cc3ccccc3C2)CC1 0.6889601 0.6890 0.5076747 -9.0800 1.0000000 1.0000 []
 | 4.5806 8.8750 67.4226 0.5960749 CCC(=O)N(c1ccccc1)C1CCN(C(=O)CC(N)c2cccc(C)c2)CC1 1 CCC(=O)N(c1ccccc1)C1CCN(C(=O)[C@@H](N)C2Cc3ccccc3C2)CC1 0.8112739 0.8113 0.4379597 -8.3500 1.0000000 1.0000 []
 | 3.0881 4.8351 69.5375 0.5810365 CCC(=O)N(c1ccccc1)C1CCN(C(=O)CC(N)c2ccccc2Cl)CC1 1 CCC(=O)N(c1ccccc1)C1CCN(C(=O)[C@@H](N)C2Cc3ccccc3C2)CC1 0.7725207 0.7725 0.4370153 -8.3400 1.0000000 1.0000 []
15:59:59 <INFO> Score: 0.50 Agent NLL: 7.20 Valid:  99% Step: 37
 | Agent Prior Target Score SMILES SMILES_state Input_SMILES QED QED (raw) maize maize (raw) Unwanted SMARTS Unwanted SMARTS (raw) matchting_patterns (Unwanted SMARTS)
 | 9.7692 11.4371 43.7326 0.4310136 S=c1c2ccccc2nc(/C=C/c2ccccn2)n1CC1CCCCC1 1 O=c1c2ccccc2nc(/C=C/c2cccnc2)n1CC1CCCCC1 0.5411163 0.5411 0.3433138 -7.3100 1.0000000 1.0000 []
 | 11.6735 15.5125 46.0638 0.4810648 C=CCn1c(/C=C/c2ccccn2)nc2ccccc2c1=O 1 O=c1c2ccccc2nc(/C=C/c2cccnc2)n1Cc1ccccc1 0.6931738 0.6932 0.3338605 -7.2000 1.0000000 1.0000 []
 | 4.6063 16.5528 51.2815 0.5299559 CC(C)N1CCN(C(=O)c2cccc(C3=Nc4ccccc4NC(=O)C3)c2)CC1 1 CN1CCN(C(=O)c2cccc(C3=Nc4ccc(C#Cc5ccccc5)cc4NC(=O)C3)c2)CC1 0.8744337 0.8744 0.3211831 -7.0500 1.0000000 1.0000 []
 | 7.2690 21.4687 47.2262 0.5366787 CC(C)c1ccccc1NC(=O)[C@@H]1CCCN1C(=O)CNC(=O)c1ccc2ccccc2n1 1 COc1ccc([C@H](C)NC(=O)[C@@H]2C[C@@H](O)CN2C(=O)CNC(=O)c2ccc3cc(F)ccc3n2)c(Cl)c1 0.6062694 0.6063 0.4750760 -8.7400 1.0000000 1.0000 []
 | 10.7375 16.6901 43.9088 0.4734292 CC(C)c1ncc(C2c3ccccc3CN2S(=O)(=O)Cc2ccccc2)s1 1 O=S(=O)(Cc1ccccc1)N1Cc2ccccc2C1c1c[nH]c2ccccc12 0.6257813 0.6258 0.3581687 -7.4800 1.0000000 1.0000 []
 | 13.9704 21.8791 36.9006 0.4592165 Cc1ccn(S(=O)(=O)CCc2ccccc2)c1-c1c[nH]c2ccccc12 1 O=S(=O)(Cc1ccccc1)N1C=Cc2ccccc2C1c1c[nH]c2ccccc12 0.5717643 0.5718 0.3688229 -7.6000 1.0000000 1.0000 []
 | 22.5554 30.6674 32.5367 0.4937817 CC1Cc2ccccc2CN1c1nc(N2CCC(Nc3ccncc3)CC2)nc(N2CCc3ccccc3C2)n1 1 CCNC1CN(c2nc(N3CCc4ccccc4C3)nc(N3CCc4ccccc4C3)n2)CCO1 0.3907366 0.3907 0.6240017 -10.3200 1.0000000 1.0000 []
 | 12.4490 18.6182 44.9893 0.4969341 CCC(=O)N(c1ccccc1)C1CCN(C(=O)C(C)(C)Cc2cccc(O)c2)CC1 1 CCC(=O)N(c1ccccc1)C1CCN(C(=O)[C@@H](N)C2Cc3ccccc3C2)CC1 0.7708627 0.7709 0.3203470 -7.0400 1.0000000 1.0000 []
 | 8.4517 17.7468 51.0229 0.5372637 CCC(=O)N(c1ccccc1)C1CCN(C(=O)CC(N)Cc2ccccc2O)CC1 1 CCC(=O)N(c1ccccc1)C1CCN(C(=O)[C@@H](N)C2Cc3ccccc3C2)CC1 0.7357218 0.7357 0.3923389 -7.8600 1.0000000 1.0000 []
 | 5.5023 6.0565 61.1775 0.5252651 CCC(=O)N(c1ccccc1)C1CCN(C(=O)CC(N)c2ccc(Br)cc2)CC1 1 CCC(=O)N(c1ccccc1)C1CCN(C(=O)[C@@H](N)C2Cc3ccccc3C2)CC1 0.7032272 0.7032 0.3923389 -7.8600 1.0000000 1.0000 []
16:15:55 <INFO> Score: 0.49 Agent NLL: 7.09 Valid:  99% Step: 38
 | Agent Prior Target Score SMILES SMILES_state Input_SMILES QED QED (raw) maize maize (raw) Unwanted SMARTS Unwanted SMARTS (raw) matchting_patterns (Unwanted SMARTS)
 | 9.1201 26.5275 38.7286 0.5098131 CC(C)C[C@H](NC(=O)c1ccc2ccccc2n1)C(=O)CNC(=O)c1ccc2ccccc2n1 1 COc1ccc([C@H](C)NC(=O)[C@@H]2C[C@@H](O)CN2C(=O)CNC(=O)c2ccc3cc(F)ccc3n2)c(Cl)c1 0.4201682 0.4202 0.6185842 -10.2600 1.0000000 1.0000 []
 | 9.8928 34.5104 28.6723 0.4936147 CC(C)C[C@H](NC(=O)c1ccc2ccccc2n1)C(=O)CNC(=O)c1ccc2ccncc2c1 1 COc1ccc([C@H](C)NC(=O)[C@@H]2C[C@@H](O)CN2C(=O)CNC(=O)c2ccc3cc(F)ccc3n2)c(Cl)c1 0.4201682 0.4202 0.5798998 -9.8400 1.0000000 1.0000 []
 | 7.8595 12.1380 60.8286 0.5700520 CC(C)c1ccccc1NC(=O)[C@@H]1CCCN1C(=O)CNC(=O)c1ccc2cc(F)ccc2n1 1 COc1ccc([C@H](C)NC(=O)[C@@H]2C[C@@H](O)CN2C(=O)CNC(=O)c2ccc3cc(F)ccc3n2)c(Cl)c1 0.5820948 0.5821 0.5582582 -9.6100 1.0000000 1.0000 []
 | 10.9077 25.3748 38.0405 0.4954323 CC1=C(S(=O)(=O)Cc2ccccc2)C(c2c[nH]c3ccc(Br)cc23)C1 1 O=S(=O)(Cc1ccccc1)N1C=Cc2ccccc2C1c1c[nH]c2ccccc12 0.6270768 0.6271 0.3914244 -7.8500 1.0000000 1.0000 []
 | 8.2019 9.2871 58.6145 0.5304809 CCC(=O)N(c1ccccc1)C1CCN(C(=O)CC(N)C2CCCCC2)CC1 1 CCC(=O)N(c1ccccc1)C1CCN(C(=O)[C@@H](N)C2Cc3ccccc3C2)CC1 0.8114876 0.8115 0.3467828 -7.3500 1.0000000 1.0000 []
 | 7.2577 11.4851 59.0766 0.5512635 CCC(=O)N(c1ccccc1)C1CCN(C(=O)CC(N)c2cc(Cl)cc(Cl)c2)CC1 1 CCC(=O)N(c1ccccc1)C1CCN(C(=O)[C@@H](N)C2Cc3ccccc3C2)CC1 0.6894159 0.6894 0.4407956 -8.3800 1.0000000 1.0000 []
 | 4.5635 8.8750 67.4226 0.5960749 CCC(=O)N(c1ccccc1)C1CCN(C(=O)CC(N)c2cccc(C)c2)CC1 1 CCC(=O)N(c1ccccc1)C1CCN(C(=O)[C@@H](N)C2Cc3ccccc3C2)CC1 0.8112739 0.8113 0.4379597 -8.3500 1.0000000 1.0000 []
 | 4.3284 7.5066 66.7857 0.5804086 CCC(=O)N(c1ccccc1)C1CCN(C(=O)CC(N)c2cccc(Cl)c2)CC1 1 CCC(=O)N(c1ccccc1)C1CCN(C(=O)[C@@H](N)C2Cc3ccccc3C2)CC1 0.7725207 0.7725 0.4360713 -8.3300 1.0000000 1.0000 []
 | 4.6274 6.6979 62.0161 0.5368283 CCC(=O)N(c1ccccc1)C1CCN(C(=O)CC(N)c2cccc(OC)c2)CC1 1 CCC(=O)N(c1ccccc1)C1CCN(C(=O)[C@@H](N)C2Cc3ccccc3C2)CC1 0.7591665 0.7592 0.3796066 -7.7200 1.0000000 1.0000 []
 | 7.4868 13.6842 47.8743 0.4809262 CCC(=O)N(c1ccccc1)C1CCN(C(=O)CC(N)c2cccc([N+](=O)[O-])c2)CC1 1 CCC(=O)N(c1ccccc1)C1CCN(C(=O)[C@@H](N)C2Cc3ccccc3C2)CC1 0.5409063 0.5409 0.4275973 -8.2400 1.0000000 1.0000 []
16:32:05 <INFO> Score: 0.50 Agent NLL: 6.95 Valid:  99% Step: 39
 | Agent Prior Target Score SMILES SMILES_state Input_SMILES QED QED (raw) maize maize (raw) Unwanted SMARTS Unwanted SMARTS (raw) matchting_patterns (Unwanted SMARTS)
 | 5.4753 22.2413 41.4982 0.4979645 CC(C)CN1CCN(C(=O)c2cccc(C3=Nc4ccccc4NC(=O)C3)c2)CC1 1 CN1CCN(C(=O)c2cccc(C3=Nc4ccc(C#Cc5ccccc5)cc4NC(=O)C3)c2)CC1 0.8473872 0.8474 0.2926273 -6.7000 1.0000000 1.0000 []
 | 19.6683 22.1111 34.9006 0.4454041 CC(C)Cn1c(/C=C/n2cccc2)nc2ccccc2c1=O 1 O=c1c2ccccc2nc(/C=C/c2cccnc2)n1CC1CCCCC1 0.7385276 0.7385 0.2686221 -6.3900 1.0000000 1.0000 []
 | 11.3893 14.2298 62.8859 0.6024664 CCC(=O)N(c1ccccc1)C1CCN(C(=O)/C=C\c2cccc(O)c2)CC1 1 CCC(=O)N(c1ccccc1)C1CCN(C(=O)[C@@H](N)C2Cc3ccccc3C2)CC1 0.8043996 0.8044 0.4512256 -8.4900 1.0000000 1.0000 []
 | 5.9119 13.2113 49.6852 0.4913786 CCC(=O)N(c1ccccc1)C1CCN(C(=O)C2CCCCC2)CC1 1 CCC(=O)N(c1ccccc1)C1CCN(C(=O)[C@@H](N)C2Cc3ccccc3C2)CC1 0.8296181 0.8296 0.2910411 -6.6800 1.0000000 1.0000 []
 | 6.4454 8.2348 65.9274 0.5793923 CCC(=O)N(c1ccccc1)C1CCN(C(=O)C2Cc3ccccc3C2)CC1 1 CCC(=O)N(c1ccccc1)C1CCN(C(=O)[C@@H](N)C2Cc3ccccc3C2)CC1 0.8135314 0.8135 0.4126399 -8.0800 1.0000000 1.0000 []
 | 5.4157 10.9376 64.2090 0.5870826 CCC(=O)N(c1ccccc1)C1CCN(C(=O)CC(N)c2ccc(C#N)cc2)CC1 1 CCC(=O)N(c1ccccc1)C1CCN(C(=O)[C@@H](N)C2Cc3ccccc3C2)CC1 0.7990242 0.7990 0.4313586 -8.2800 1.0000000 1.0000 []
 | 4.5368 8.8750 67.4226 0.5960749 CCC(=O)N(c1ccccc1)C1CCN(C(=O)CC(N)c2cccc(C)c2)CC1 1 CCC(=O)N(c1ccccc1)C1CCN(C(=O)[C@@H](N)C2Cc3ccccc3C2)CC1 0.8112739 0.8113 0.4379597 -8.3500 1.0000000 1.0000 []
 | 7.3704 13.6842 47.8743 0.4809262 CCC(=O)N(c1ccccc1)C1CCN(C(=O)CC(N)c2cccc([N+](=O)[O-])c2)CC1 1 CCC(=O)N(c1ccccc1)C1CCN(C(=O)[C@@H](N)C2Cc3ccccc3C2)CC1 0.5409063 0.5409 0.4275973 -8.2400 1.0000000 1.0000 []
 | 2.9819 4.4318 73.1464 0.6060801 CCC(=O)N(c1ccccc1)C1CCN(C(=O)CC(N)c2ccccc2)CC1 1 CCC(=O)N(c1ccccc1)C1CCN(C(=O)[C@@H](N)C2Cc3ccccc3C2)CC1 0.8351330 0.8351 0.4398499 -8.3700 1.0000000 1.0000 []
 | 5.6761 12.5482 62.0112 0.5824949 CCC(=O)N(c1ccccc1)C1CCN(C(=O)CC(N)c2ccccc2C)CC1 1 CCC(=O)N(c1ccccc1)C1CCN(C(=O)[C@@H](N)C2Cc3ccccc3C2)CC1 0.8112739 0.8113 0.4182315 -8.1400 1.0000000 1.0000 []
16:48:04 <INFO> Score: 0.50 Agent NLL: 7.22 Valid: 100% Step: 40
 | Agent Prior Target Score SMILES SMILES_state Input_SMILES QED QED (raw) maize maize (raw) Unwanted SMARTS Unwanted SMARTS (raw) matchting_patterns (Unwanted SMARTS)
 | 14.0803 21.9586 33.2116 0.4310174 O=C1CC(c2ccccc2)=Nc2ccc(/C=C/c3ccc4cn[nH]c4c3)cc2N1 1 CN1CCN(C(=O)c2cccc(C3=Nc4ccc(C#Cc5ccccc5)cc4NC(=O)C3)c2)CC1 0.4813434 0.4813 0.3859532 -7.7900 1.0000000 1.0000 []
 | 4.6834 16.5528 51.2815 0.5299559 CC(C)N1CCN(C(=O)c2cccc(C3=Nc4ccccc4NC(=O)C3)c2)CC1 1 CN1CCN(C(=O)c2cccc(C3=Nc4ccc(C#Cc5ccccc5)cc4NC(=O)C3)c2)CC1 0.8744337 0.8744 0.3211831 -7.0500 1.0000000 1.0000 []
 | 20.1667 27.1489 23.4661 0.3954296 CC(C)NC(=O)c1cc2c(=O)n3ccccc3nc2nc1Nc1ncc(Br)s1 1 C[C@H](NC(=O)c1cc2c(=O)n3ccccc3nc2[nH]c1=N)c1ccccc1 0.4543111 0.4543 0.3441795 -7.3200 1.0000000 1.0000 []
 | 10.8799 20.0340 58.2447 0.6115523 CC(C)c1cccc2cc(C(=O)N3C[C@]4(CCN(C5CCNC5)C4)c4ccccc43)[nH]c12 1 NC(=O)c1ccc2cc(C(=O)N3C[C@]4(CCN(C5CCNC5)C4)c4ccccc43)[nH]c2c1 0.6555322 0.6555 0.5705230 -9.7400 1.0000000 1.0000 []
 | 13.0197 18.9558 40.4122 0.4638123 CCC(=O)N(c1ccccc1)C1CCN(C(=O)C(C)Cc2ccc([N+](=O)[O-])cc2)CC1 1 CCC(=O)N(c1ccccc1)C1CCN(C(=O)[C@@H](N)C2Cc3ccccc3C2)CC1 0.4933182 0.4933 0.4360713 -8.3300 1.0000000 1.0000 []
 | 5.2379 10.9376 64.2090 0.5870826 CCC(=O)N(c1ccccc1)C1CCN(C(=O)CC(N)c2ccc(C#N)cc2)CC1 1 CCC(=O)N(c1ccccc1)C1CCN(C(=O)[C@@H](N)C2Cc3ccccc3C2)CC1 0.7990242 0.7990 0.4313586 -8.2800 1.0000000 1.0000 []
 | 3.8389 3.0015 71.5578 0.5824949 CCC(=O)N(c1ccccc1)C1CCN(C(=O)CC(N)c2ccc(C)cc2)CC1 1 CCC(=O)N(c1ccccc1)C1CCN(C(=O)[C@@H](N)C2Cc3ccccc3C2)CC1 0.8112739 0.8113 0.4182315 -8.1400 1.0000000 1.0000 []
 | 4.0362 2.1276 62.8074 0.5073048 CCC(=O)N(c1ccccc1)C1CCN(C(=O)CC(N)c2ccc(OC)cc2)CC1 1 CCC(=O)N(c1ccccc1)C1CCN(C(=O)[C@@H](N)C2Cc3ccccc3C2)CC1 0.7591665 0.7592 0.3390009 -7.2600 1.0000000 1.0000 []
 | 4.3899 6.0483 69.6523 0.5914115 CCC(=O)N(c1ccccc1)C1CCN(C(=O)CC(N)c2ccc(S(C)(=O)=O)cc2)CC1 1 CCC(=O)N(c1ccccc1)C1CCN(C(=O)[C@@H](N)C2Cc3ccccc3C2)CC1 0.6889601 0.6890 0.5076747 -9.0800 1.0000000 1.0000 []
 | 3.0063 4.4318 73.1464 0.6060801 CCC(=O)N(c1ccccc1)C1CCN(C(=O)CC(N)c2ccccc2)CC1 1 CCC(=O)N(c1ccccc1)C1CCN(C(=O)[C@@H](N)C2Cc3ccccc3C2)CC1 0.8351330 0.8351 0.4398499 -8.3700 1.0000000 1.0000 []
17:04:16 <INFO> Score: 0.50 Agent NLL: 7.08 Valid: 100% Step: 41
 | Agent Prior Target Score SMILES SMILES_state Input_SMILES QED QED (raw) maize maize (raw) Unwanted SMARTS Unwanted SMARTS (raw) matchting_patterns (Unwanted SMARTS)
 | 10.4936 13.6057 52.6003 0.5172342 Brc1ccc(Nc2nc(NCCN3CCOCC3)nc(N3CCc4ccccc4C3)n2)cc1 1 CCNC1CN(c2nc(N3CCc4ccccc4C3)nc(N3CCc4ccccc4C3)n2)CCO1 0.4987596 0.4988 0.5363932 -9.3800 1.0000000 1.0000 []
 | 11.1835 18.6353 40.5061 0.4620425 S=c1c2ccccc2nc(/C=C/c2ccc3ccccc3n2)n1Cc1cccnc1 1 O=c1c2ccccc2nc(/C=C/c2cccnc2)n1Cc1ccccc1 0.3471522 0.3472 0.6149558 -10.2200 1.0000000 1.0000 []
 | 5.4126 22.2413 41.4982 0.4979645 CC(C)CN1CCN(C(=O)c2cccc(C3=Nc4ccccc4NC(=O)C3)c2)CC1 1 CN1CCN(C(=O)c2cccc(C3=Nc4ccc(C#Cc5ccccc5)cc4NC(=O)C3)c2)CC1 0.8473872 0.8474 0.2926273 -6.7000 1.0000000 1.0000 []
 | 4.6807 16.5528 51.2815 0.5299559 CC(C)N1CCN(C(=O)c2cccc(C3=Nc4ccccc4NC(=O)C3)c2)CC1 1 CN1CCN(C(=O)c2cccc(C3=Nc4ccc(C#Cc5ccccc5)cc4NC(=O)C3)c2)CC1 0.8744337 0.8744 0.3211831 -7.0500 1.0000000 1.0000 []
 | 15.8396 26.3629 44.3562 0.5524933 CC(C)NC(=O)[C@@H]1C[C@H](N)CN1C(=O)CNC(=O)c1ccc2cc(Cl)ccc2n1 1 COc1ccc([C@H](C)NC(=O)[C@@H]2C[C@@H](O)CN2C(=O)CNC(=O)c2ccc3cc(F)ccc3n2)c(Cl)c1 0.6722386 0.6722 0.4540781 -8.5200 1.0000000 1.0000 []
 | 9.8921 15.3072 47.4636 0.4903970 CC(C)S(=O)(=O)N1Cc2ccccc2C1c1c[nH]c2cc(F)ccc12 1 O=S(=O)(Cc1ccccc1)N1Cc2ccccc2C1c1c[nH]c2ccccc12 0.7706761 0.7707 0.3120496 -6.9400 1.0000000 1.0000 []
 | 15.6917 48.3047 27.0544 0.5887432 CC(C)[C@H](c1ccccc1)N(C)C(=O)CNC(=O)c1ccc2ncccc2c1 1 COc1ccc([C@H](C)NC(=O)[C@@H]2C[C@@H](O)CN2C(=O)CNC(=O)c2ccc3cc(F)ccc3n2)c(Cl)c1 0.7123693 0.7124 0.4865715 -8.8600 1.0000000 1.0000 []
 | 10.4114 12.2590 50.5454 0.4906594 CCC(=O)N(c1ccccc1)C1CCN(C(=O)/C=C(\C)c2ccc(OC)cc2)CC1 1 CCC(=O)N(c1ccccc1)C1CCN(C(=O)[C@@H](N)C2Cc3ccccc3C2)CC1 0.6623398 0.6623 0.3634790 -7.5400 1.0000000 1.0000 []
 | 12.1190 19.2437 54.7559 0.5781218 CCC(=O)N(c1ccccc1)C1CCN(C(=O)/C=C\c2ccccc2C)CC1 1 CCC(=O)N(c1ccccc1)C1CCN(C(=O)[C@@H](N)C2Cc3ccccc3C2)CC1 0.7239022 0.7239 0.4616988 -8.6000 1.0000000 1.0000 []
 | 8.3455 9.2871 58.6145 0.5304809 CCC(=O)N(c1ccccc1)C1CCN(C(=O)CC(N)C2CCCCC2)CC1 1 CCC(=O)N(c1ccccc1)C1CCN(C(=O)[C@@H](N)C2Cc3ccccc3C2)CC1 0.8114876 0.8115 0.3467828 -7.3500 1.0000000 1.0000 []
17:20:34 <INFO> Score: 0.50 Agent NLL: 7.04 Valid: 100% Step: 42
 | Agent Prior Target Score SMILES SMILES_state Input_SMILES QED QED (raw) maize maize (raw) Unwanted SMARTS Unwanted SMARTS (raw) matchting_patterns (Unwanted SMARTS)
 | 14.1681 36.2532 21.7233 0.4529410 CC(=O)N1CCN(C(=O)c2ccc(Cl)c(C3=Nc4ccccc4NC(=O)C3)c2)CC1 1 CN1CCN(C(=O)c2cccc(C3=Nc4ccc(C#Cc5ccccc5)cc4NC(=O)C3)c2)CC1 0.8036819 0.8037 0.2552696 -6.2100 1.0000000 1.0000 []
 | 14.0037 18.0109 56.3536 0.5809723 CCC(=O)N(c1ccccc1)C1CCN(C(=O)C2(NCc3ccccc3)CCC2)CC1 1 CCC(=O)N(c1ccccc1)C1CCN(C(=O)[C@@H](N)C2Cc3ccccc3C2)CC1 0.7340906 0.7341 0.4597918 -8.5800 1.0000000 1.0000 []
 | 9.1134 12.1470 51.2400 0.4952110 CCC(=O)N(c1ccccc1)C1CCN(C(=O)CC(C)(C)c2ccc(Cl)cc2)CC1 1 CCC(=O)N(c1ccccc1)C1CCN(C(=O)[C@@H](N)C2Cc3ccccc3C2)CC1 0.6164107 0.6164 0.3978419 -7.9200 1.0000000 1.0000 []
 | 9.0702 16.7759 61.3885 0.6106594 CCC(=O)N(c1ccccc1)C1CCN(C(=O)CC(N)Cc2ccc(C#N)cc2)CC1 1 CCC(=O)N(c1ccccc1)C1CCN(C(=O)[C@@H](N)C2Cc3ccccc3C2)CC1 0.7472436 0.7472 0.4990406 -8.9900 1.0000000 1.0000 []
 | 5.0928 6.6211 67.3393 0.5778154 CCC(=O)N(c1ccccc1)C1CCN(C(=O)CC(N)c2ccc(F)cc2)CC1 1 CCC(=O)N(c1ccccc1)C1CCN(C(=O)[C@@H](N)C2Cc3ccccc3C2)CC1 0.8091090 0.8091 0.4126399 -8.0800 1.0000000 1.0000 []
 | 4.1693 2.1276 62.8074 0.5073048 CCC(=O)N(c1ccccc1)C1CCN(C(=O)CC(N)c2ccc(OC)cc2)CC1 1 CCC(=O)N(c1ccccc1)C1CCN(C(=O)[C@@H](N)C2Cc3ccccc3C2)CC1 0.7591665 0.7592 0.3390009 -7.2600 1.0000000 1.0000 []
 | 5.7218 7.4309 50.0867 0.4493560 CCC(=O)N(c1ccccc1)C1CCN(C(=O)CC(N)c2ccc([N+](=O)[O-])cc2)CC1 1 CCC(=O)N(c1ccccc1)C1CCN(C(=O)[C@@H](N)C2Cc3ccccc3C2)CC1 0.5409063 0.5409 0.3733009 -7.6500 1.0000000 1.0000 []
 | 3.0983 4.4318 73.1464 0.6060801 CCC(=O)N(c1ccccc1)C1CCN(C(=O)CC(N)c2ccccc2)CC1 1 CCC(=O)N(c1ccccc1)C1CCN(C(=O)[C@@H](N)C2Cc3ccccc3C2)CC1 0.8351330 0.8351 0.4398499 -8.3700 1.0000000 1.0000 []
 | 3.2643 4.8351 69.5375 0.5810365 CCC(=O)N(c1ccccc1)C1CCN(C(=O)CC(N)c2ccccc2Cl)CC1 1 CCC(=O)N(c1ccccc1)C1CCN(C(=O)[C@@H](N)C2Cc3ccccc3C2)CC1 0.7725207 0.7725 0.4370153 -8.3400 1.0000000 1.0000 []
 | 5.9661 12.5897 52.8223 0.5110309 CCC(=O)N(c1ccccc1)C1CCN(C(=O)CC(N)c2ccccc2O)CC1 1 CCC(=O)N(c1ccccc1)C1CCN(C(=O)[C@@H](N)C2Cc3ccccc3C2)CC1 0.7862353 0.7862 0.3321558 -7.1800 1.0000000 1.0000 []
17:34:30 <INFO> Score: 0.50 Agent NLL: 7.04 Valid:  99% Step: 43
 | Agent Prior Target Score SMILES SMILES_state Input_SMILES QED QED (raw) maize maize (raw) Unwanted SMARTS Unwanted SMARTS (raw) matchting_patterns (Unwanted SMARTS)
 | 16.8407 37.2148 -37.2148 0.0000000 C4CCN(c1nc(N2CCNCC2)nc(N2CCc3ccccc3C2)n1)CC2 0 CCNC1CN(c2nc(N3CCc4ccccc4C3)nc(N3CCc4ccccc4C3)n2)CCO1 0.0000000 0.0000 0.0000000 0.0000 0.0000000 0.0000 None
 | 10.9290 11.7710 52.5171 0.5022508 CC(C)CS(=O)(=O)N1CCc2ccccc2C1c1c[nH]c2ccccc12 1 O=S(=O)(Cc1ccccc1)N1Cc2ccccc2C1c1c[nH]c2ccccc12 0.7536447 0.7536 0.3347146 -7.2100 1.0000000 1.0000 []
 | 8.5967 9.8811 49.8128 0.4663586 CC(C)n1c(/C=C/c2ccncc2)nc2ccccc2c1=O 1 O=c1c2ccccc2nc(/C=C/c2cccnc2)n1Cc1ccccc1 0.7412193 0.7412 0.2934224 -6.7100 1.0000000 1.0000 []
 | 11.7792 17.1002 38.7398 0.4362505 Cc1ccn(S(=O)(=O)Cc2ccccc2)c1-c1c[nH]c2cc(Cl)ccc12 1 O=S(=O)(Cc1ccccc1)N1C=Cc2ccccc2C1c1c[nH]c2ccccc12 0.5392983 0.5393 0.3528928 -7.4200 1.0000000 1.0000 []
 | 6.3321 8.2348 65.9274 0.5793923 CCC(=O)N(c1ccccc1)C1CCN(C(=O)C2Cc3ccccc3C2)CC1 1 CCC(=O)N(c1ccccc1)C1CCN(C(=O)[C@@H](N)C2Cc3ccccc3C2)CC1 0.8135314 0.8135 0.4126399 -8.0800 1.0000000 1.0000 []
 | 8.3754 19.1218 48.0264 0.5245949 CCC(=O)N(c1ccccc1)C1CCN(C(=O)CC(C)c2ccccc2C)CC1 1 CCC(=O)N(c1ccccc1)C1CCN(C(=O)[C@@H](N)C2Cc3ccccc3C2)CC1 0.6998012 0.6998 0.3932542 -7.8700 1.0000000 1.0000 []
 | 7.9799 9.5499 63.3518 0.5695444 CCC(=O)N(c1ccccc1)C1CCN(C(=O)CC(N)Cc2ccc(Br)cc2)CC1 1 CCC(=O)N(c1ccccc1)C1CCN(C(=O)[C@@H](N)C2Cc3ccccc3C2)CC1 0.6588749 0.6589 0.4923254 -8.9200 1.0000000 1.0000 []
 | 5.3169 6.8376 64.4036 0.5565720 CCC(=O)N(c1ccccc1)C1CCN(C(=O)CC(N)c2ccc(Cl)c(Cl)c2)CC1 1 CCC(=O)N(c1ccccc1)C1CCN(C(=O)[C@@H](N)C2Cc3ccccc3C2)CC1 0.6894159 0.6894 0.4493258 -8.4700 1.0000000 1.0000 []
 | 3.9439 2.7466 67.1462 0.5460374 CCC(=O)N(c1ccccc1)C1CCN(C(=O)CC(N)c2ccc(Cl)cc2)CC1 1 CCC(=O)N(c1ccccc1)C1CCN(C(=O)[C@@H](N)C2Cc3ccccc3C2)CC1 0.7725207 0.7725 0.3859532 -7.7900 1.0000000 1.0000 []
 | 4.3356 6.0483 69.6523 0.5914115 CCC(=O)N(c1ccccc1)C1CCN(C(=O)CC(N)c2ccc(S(C)(=O)=O)cc2)CC1 1 CCC(=O)N(c1ccccc1)C1CCN(C(=O)[C@@H](N)C2Cc3ccccc3C2)CC1 0.6889601 0.6890 0.5076747 -9.0800 1.0000000 1.0000 []
17:52:42 <INFO> Score: 0.51 Agent NLL: 7.22 Valid: 100% Step: 44
 | Agent Prior Target Score SMILES SMILES_state Input_SMILES QED QED (raw) maize maize (raw) Unwanted SMARTS Unwanted SMARTS (raw) matchting_patterns (Unwanted SMARTS)
 | 6.8687 11.2347 42.6667 0.4211049 S=c1c2ccccc2nc(/C=C/c2ccccc2)n1Cc1ccncc1 1 O=c1c2ccccc2nc(/C=C/c2cccnc2)n1Cc1ccccc1 0.4605428 0.4605 0.3850442 -7.7800 1.0000000 1.0000 []
 | 12.1305 27.1363 34.1143 0.4785209 CC(C)(O)CN1CCN(C(=O)c2cccc(C3=Nc4ccc(Cl)cc4NC(=O)C3)c2)CC1 1 CN1CCN(C(=O)c2cccc(C3=Nc4ccc(C#Cc5ccccc5)cc4NC(=O)C3)c2)CC1 0.7416096 0.7416 0.3087639 -6.9000 1.0000000 1.0000 []
 | 5.4491 25.2389 48.2081 0.5738045 CC(C)C[C@H](NC(=O)CNC(=O)c1ccc2ccccc2n1)c1ccccc1 1 COc1ccc([C@H](C)NC(=O)[C@@H]2C[C@@H](O)CN2C(=O)CNC(=O)c2ccc3cc(F)ccc3n2)c(Cl)c1 0.6585032 0.6585 0.5000000 -9.0000 1.0000000 1.0000 []
 | 4.6874 16.5528 51.2815 0.5299559 CC(C)N1CCN(C(=O)c2cccc(C3=Nc4ccccc4NC(=O)C3)c2)CC1 1 CN1CCN(C(=O)c2cccc(C3=Nc4ccc(C#Cc5ccccc5)cc4NC(=O)C3)c2)CC1 0.8744337 0.8744 0.3211831 -7.0500 1.0000000 1.0000 []
 | 6.3649 26.5204 47.6128 0.5791653 CC(C)[C@H](NC(=O)CNC(=O)c1ccc2ccccc2n1)c1ccccc1 1 COc1ccc([C@H](C)NC(=O)[C@@H]2C[C@@H](O)CN2C(=O)CNC(=O)c2ccc3cc(F)ccc3n2)c(Cl)c1 0.7060607 0.7061 0.4750760 -8.7400 1.0000000 1.0000 []
 | 6.7421 11.4851 59.0766 0.5512635 CCC(=O)N(c1ccccc1)C1CCN(C(=O)CC(N)c2cc(Cl)cc(Cl)c2)CC1 1 CCC(=O)N(c1ccccc1)C1CCN(C(=O)[C@@H](N)C2Cc3ccccc3C2)CC1 0.6894159 0.6894 0.4407956 -8.3800 1.0000000 1.0000 []
 | 5.3442 6.0565 61.1775 0.5252651 CCC(=O)N(c1ccccc1)C1CCN(C(=O)CC(N)c2ccc(Br)cc2)CC1 1 CCC(=O)N(c1ccccc1)C1CCN(C(=O)[C@@H](N)C2Cc3ccccc3C2)CC1 0.7032272 0.7032 0.3923389 -7.8600 1.0000000 1.0000 []
 | 4.8109 10.9376 64.2090 0.5870826 CCC(=O)N(c1ccccc1)C1CCN(C(=O)CC(N)c2ccc(C#N)cc2)CC1 1 CCC(=O)N(c1ccccc1)C1CCN(C(=O)[C@@H](N)C2Cc3ccccc3C2)CC1 0.7990242 0.7990 0.4313586 -8.2800 1.0000000 1.0000 []
 | 5.2986 6.8376 64.4036 0.5565720 CCC(=O)N(c1ccccc1)C1CCN(C(=O)CC(N)c2ccc(Cl)c(Cl)c2)CC1 1 CCC(=O)N(c1ccccc1)C1CCN(C(=O)[C@@H](N)C2Cc3ccccc3C2)CC1 0.6894159 0.6894 0.4493258 -8.4700 1.0000000 1.0000 []
 | 4.6252 8.8750 67.4226 0.5960749 CCC(=O)N(c1ccccc1)C1CCN(C(=O)CC(N)c2cccc(C)c2)CC1 1 CCC(=O)N(c1ccccc1)C1CCN(C(=O)[C@@H](N)C2Cc3ccccc3C2)CC1 0.8112739 0.8113 0.4379597 -8.3500 1.0000000 1.0000 []
18:08:29 <INFO> Score: 0.50 Agent NLL: 7.11 Valid:  99% Step: 45
 | Agent Prior Target Score SMILES SMILES_state Input_SMILES QED QED (raw) maize maize (raw) Unwanted SMARTS Unwanted SMARTS (raw) matchting_patterns (Unwanted SMARTS)
 | 9.2867 9.8296 45.5685 0.4327974 C/C=C/c1nc2ccccc2c(=O)n1Cc1ccccc1 1 O=c1c2ccccc2nc(/C=C/c2cccnc2)n1Cc1ccccc1 0.7337873 0.7338 0.2552696 -6.2100 1.0000000 1.0000 []
 | 4.6928 16.5528 51.2815 0.5299559 CC(C)N1CCN(C(=O)c2cccc(C3=Nc4ccccc4NC(=O)C3)c2)CC1 1 CN1CCN(C(=O)c2cccc(C3=Nc4ccc(C#Cc5ccccc5)cc4NC(=O)C3)c2)CC1 0.8744337 0.8744 0.3211831 -7.0500 1.0000000 1.0000 []
 | 11.3049 13.6897 46.9435 0.4736973 CC(C)Oc1ccc(S(=O)(=O)N2Cc3ccccc3C2c2c[nH]c3ccccc23)cc1 1 O=S(=O)(Cc1ccccc1)N1Cc2ccccc2C1c1c[nH]c2ccccc12 0.4685459 0.4685 0.4789054 -8.7800 1.0000000 1.0000 []
 | 14.1560 18.6257 38.0899 0.4430908 CC(C)c1ccc2nc(/C=C/c3ccccn3)n(Cc3ccccc3)c(=O)c2c1 1 O=c1c2ccccc2nc(/C=C/c2cccnc2)n1Cc1ccc(Cl)cc1 0.4812030 0.4812 0.4079971 -8.0300 1.0000000 1.0000 []
 | 8.1233 12.1034 55.0456 0.5246015 CCC(=O)N(c1ccccc1)C1CCN(C(=O)C(C)c2ccccc2Cl)CC1 1 CCC(=O)N(c1ccccc1)C1CCN(C(=O)[C@@H](N)C2Cc3ccccc3C2)CC1 0.7198302 0.7198 0.3823218 -7.7500 1.0000000 1.0000 []
 | 10.5194 9.2916 62.6805 0.5622821 CCC(=O)N(c1ccccc1)C1CCN(C(=O)C(N)Cc2ccc(Cl)cc2)CC1 1 CCC(=O)N(c1ccccc1)C1CCN(C(=O)[C@@H](N)C2Cc3ccccc3C2)CC1 0.7855960 0.7856 0.4024476 -7.9700 1.0000000 1.0000 []
 | 8.0348 11.5912 53.2154 0.5063013 CCC(=O)N(c1ccccc1)C1CCN(C(=O)C2(c3ccccc3)CCCC2)CC1 1 CCC(=O)N(c1ccccc1)C1CCN(C(=O)[C@@H](N)C2Cc3ccccc3C2)CC1 0.7087016 0.7087 0.3617051 -7.5200 1.0000000 1.0000 []
 | 5.2225 6.8376 64.4036 0.5565720 CCC(=O)N(c1ccccc1)C1CCN(C(=O)CC(N)c2ccc(Cl)c(Cl)c2)CC1 1 CCC(=O)N(c1ccccc1)C1CCN(C(=O)[C@@H](N)C2Cc3ccccc3C2)CC1 0.6894159 0.6894 0.4493258 -8.4700 1.0000000 1.0000 []
 | 4.0492 2.7466 67.1462 0.5460374 CCC(=O)N(c1ccccc1)C1CCN(C(=O)CC(N)c2ccc(Cl)cc2)CC1 1 CCC(=O)N(c1ccccc1)C1CCN(C(=O)[C@@H](N)C2Cc3ccccc3C2)CC1 0.7725207 0.7725 0.3859532 -7.7900 1.0000000 1.0000 []
 | 4.4953 7.5066 66.7857 0.5804086 CCC(=O)N(c1ccccc1)C1CCN(C(=O)CC(N)c2cccc(Cl)c2)CC1 1 CCC(=O)N(c1ccccc1)C1CCN(C(=O)[C@@H](N)C2Cc3ccccc3C2)CC1 0.7725207 0.7725 0.4360713 -8.3300 1.0000000 1.0000 []
18:24:17 <INFO> Score: 0.51 Agent NLL: 7.19 Valid: 100% Step: 46
 | Agent Prior Target Score SMILES SMILES_state Input_SMILES QED QED (raw) maize maize (raw) Unwanted SMARTS Unwanted SMARTS (raw) matchting_patterns (Unwanted SMARTS)
 | 7.4017 24.6284 35.4745 0.4695539 CC(C)COc1ccc2c(c1)NC(=O)CC(c1cccc(C(=O)N3CCCC3)c1)=N2 1 CN1CCN(C(=O)c2cccc(C3=Nc4ccc(C#Cc5ccccc5)cc4NC(=O)C3)c2)CC1 0.8004045 0.8004 0.2754618 -6.4800 1.0000000 1.0000 []
 | 5.3680 25.2389 48.2081 0.5738045 CC(C)C[C@H](NC(=O)CNC(=O)c1ccc2ccccc2n1)c1ccccc1 1 COc1ccc([C@H](C)NC(=O)[C@@H]2C[C@@H](O)CN2C(=O)CNC(=O)c2ccc3cc(F)ccc3n2)c(Cl)c1 0.6585032 0.6585 0.5000000 -9.0000 1.0000000 1.0000 []
 | 11.5576 18.8315 38.6853 0.4493496 CC(C)n1c(/C=C/c2ccncc2)nc2ccc(F)cc2c1=O 1 O=c1c2ccccc2nc(/C=C/c2cccnc2)n1Cc1ccc(Cl)cc1 0.7412215 0.7412 0.2724086 -6.4400 1.0000000 1.0000 []
 | 10.7040 13.3867 46.9490 0.4713724 CC(NC(=O)c1cc2c(=O)n3cccc(Cl)c3nc2nc1N)c1ccccc1 1 C[C@H](NC(=O)c1cc2c(=O)n3ccccc3nc2[nH]c1=N)c1ccccc1 0.5207727 0.5208 0.4266582 -8.2300 1.0000000 1.0000 []
 | 9.1847 14.5242 51.8190 0.5183067 CCC(=O)N(c1ccccc1)C1CCN(C(=O)CC(N)Cc2c(Cl)cccc2Cl)CC1 1 CCC(=O)N(c1ccccc1)C1CCN(C(=O)[C@@H](N)C2Cc3ccccc3C2)CC1 0.6495675 0.6496 0.4135703 -8.0900 1.0000000 1.0000 []
 | 8.3551 13.9406 64.2831 0.6111226 CCC(=O)N(c1ccccc1)C1CCN(C(=O)CC(N)c2cc(C)cc(C)c2)CC1 1 CCC(=O)N(c1ccccc1)C1CCN(C(=O)[C@@H](N)C2Cc3ccccc3C2)CC1 0.7829734 0.7830 0.4769904 -8.7600 1.0000000 1.0000 []
 | 4.6421 10.9376 64.2090 0.5870826 CCC(=O)N(c1ccccc1)C1CCN(C(=O)CC(N)c2ccc(C#N)cc2)CC1 1 CCC(=O)N(c1ccccc1)C1CCN(C(=O)[C@@H](N)C2Cc3ccccc3C2)CC1 0.7990242 0.7990 0.4313586 -8.2800 1.0000000 1.0000 []
 | 4.0780 2.7466 67.1462 0.5460374 CCC(=O)N(c1ccccc1)C1CCN(C(=O)CC(N)c2ccc(Cl)cc2)CC1 1 CCC(=O)N(c1ccccc1)C1CCN(C(=O)[C@@H](N)C2Cc3ccccc3C2)CC1 0.7725207 0.7725 0.3859532 -7.7900 1.0000000 1.0000 []
 | 4.2564 6.0483 69.6523 0.5914115 CCC(=O)N(c1ccccc1)C1CCN(C(=O)CC(N)c2ccc(S(C)(=O)=O)cc2)CC1 1 CCC(=O)N(c1ccccc1)C1CCN(C(=O)[C@@H](N)C2Cc3ccccc3C2)CC1 0.6889601 0.6890 0.5076747 -9.0800 1.0000000 1.0000 []
 | 4.6000 8.8750 67.4226 0.5960749 CCC(=O)N(c1ccccc1)C1CCN(C(=O)CC(N)c2cccc(C)c2)CC1 1 CCC(=O)N(c1ccccc1)C1CCN(C(=O)[C@@H](N)C2Cc3ccccc3C2)CC1 0.8112739 0.8113 0.4379597 -8.3500 1.0000000 1.0000 []
18:40:06 <INFO> Score: 0.50 Agent NLL: 7.45 Valid:  99% Step: 47
 | Agent Prior Target Score SMILES SMILES_state Input_SMILES QED QED (raw) maize maize (raw) Unwanted SMARTS Unwanted SMARTS (raw) matchting_patterns (Unwanted SMARTS)
 | 11.3904 14.4236 32.5337 0.3668544 S=c1c2ccccc2nc(/C=C/c2cccs2)n1Cc1ccccc1 1 O=c1c2ccccc2nc(/C=C/c2cccnc2)n1Cc1ccccc1 0.4125455 0.4125 0.3262238 -7.1100 1.0000000 1.0000 []
 | 4.7389 16.5528 51.2815 0.5299559 CC(C)N1CCN(C(=O)c2cccc(C3=Nc4ccccc4NC(=O)C3)c2)CC1 1 CN1CCN(C(=O)c2cccc(C3=Nc4ccc(C#Cc5ccccc5)cc4NC(=O)C3)c2)CC1 0.8744337 0.8744 0.3211831 -7.0500 1.0000000 1.0000 []
 | 10.0577 24.2198 35.7806 0.4687534 CC(C)Oc1cc2c(cc1C(F)(F)F)NC(=O)CC(c1cccc(C(=O)N3CCN(C)CC3)c1)=N2 1 CN1CCN(C(=O)c2cccc(C3=Nc4ccc(C#Cc5ccccc5)cc4NC(=O)C3)c2)CC1 0.6949432 0.6949 0.3161837 -6.9900 1.0000000 1.0000 []
 | 7.9718 22.6603 51.9508 0.5828995 CC(C)[C@H]1C[C@@H](O)CN1C(=O)CNC(=O)c1ccc2ccccc2n1 1 COc1ccc([C@H](C)NC(=O)[C@@H]2C[C@@H](O)CN2C(=O)CNC(=O)c2ccc3cc(F)ccc3n2)c(Cl)c1 0.8845096 0.8845 0.3841359 -7.7700 1.0000000 1.0000 []
 | 9.8546 13.6127 52.9406 0.5199477 CCC(=O)N(c1ccccc1)C1CCN(C(=O)/C=C/c2ccc(Br)cc2)CC1 1 CCC(=O)N(c1ccccc1)C1CCN(C(=O)[C@@H](N)C2Cc3ccccc3C2)CC1 0.6199573 0.6200 0.4360713 -8.3300 1.0000000 1.0000 []
 | 10.4026 16.9591 57.1227 0.5787642 CCC(=O)N(c1ccccc1)C1CCN(C(=O)C2(c3ccc(O)cc3)CCCCC2)CC1 1 CCC(=O)N(c1ccccc1)C1CCN(C(=O)[C@@H](N)C2Cc3ccccc3C2)CC1 0.7180897 0.7181 0.4664710 -8.6500 1.0000000 1.0000 []
 | 6.7011 11.0405 55.9785 0.5235859 CCC(=O)N(c1ccccc1)C1CCN(C(=O)CC(C)c2ccccc2)CC1 1 CCC(=O)N(c1ccccc1)C1CCN(C(=O)[C@@H](N)C2Cc3ccccc3C2)CC1 0.7361428 0.7361 0.3724036 -7.6400 1.0000000 1.0000 []
 | 4.4739 7.5066 66.7857 0.5804086 CCC(=O)N(c1ccccc1)C1CCN(C(=O)CC(N)c2cccc(Cl)c2)CC1 1 CCC(=O)N(c1ccccc1)C1CCN(C(=O)[C@@H](N)C2Cc3ccccc3C2)CC1 0.7725207 0.7725 0.4360713 -8.3300 1.0000000 1.0000 []
 | 5.2915 9.2532 63.0782 0.5650888 CCC(=O)N(c1ccccc1)C1CCN(C(=O)CC(N)c2cccc(O)c2)CC1 1 CCC(=O)N(c1ccccc1)C1CCN(C(=O)[C@@H](N)C2Cc3ccccc3C2)CC1 0.7862353 0.7862 0.4061447 -8.0100 1.0000000 1.0000 []
 | 5.4660 9.7544 57.9625 0.5290389 CCC(=O)N(c1ccccc1)C1CCN(C(=O)CC(N)c2ccccc2F)CC1 1 CCC(=O)N(c1ccccc1)C1CCN(C(=O)[C@@H](N)C2Cc3ccccc3C2)CC1 0.8091090 0.8091 0.3459141 -7.3400 1.0000000 1.0000 []
18:56:22 <INFO> Score: 0.50 Agent NLL: 7.26 Valid: 100% Step: 48
 | Agent Prior Target Score SMILES SMILES_state Input_SMILES QED QED (raw) maize maize (raw) Unwanted SMARTS Unwanted SMARTS (raw) matchting_patterns (Unwanted SMARTS)
 | 11.7706 24.4350 -24.4350 0.0000000 C#CCn1cc(C2c3ccccc3CN2S(=O)(=O)Cc2ccccc2)c2cccnc21 1 O=S(=O)(Cc1ccccc1)N1Cc2ccccc2C1c1c[nH]c2ccccc12 0.0000000 0.0000 0.0000000 0.0000 0.0000000 0.0000 ['C#C']
 | 9.1002 13.4572 38.3877 0.4050379 S=c1c2ccccc2nc(/C=C/c2ccncc2)n1Cc1ccccn1 1 O=c1c2ccccc2nc(/C=C/c2cccnc2)n1Cc1ccc(Cl)cc1 0.4939120 0.4939 0.3321558 -7.1800 1.0000000 1.0000 []
 | 9.9234 19.6431 35.9732 0.4345024 S=c1c2ccccc2nc(/C=C/c2ccc3ccccc3c2)n1Cc1ccncc1 1 O=c1c2ccccc2nc(/C=C/c2cccnc2)n1Cc1ccccc1 0.3184061 0.3184 0.5929294 -9.9800 1.0000000 1.0000 []
 | 7.4440 24.6284 35.4745 0.4695539 CC(C)COc1ccc2c(c1)NC(=O)CC(c1cccc(C(=O)N3CCCC3)c1)=N2 1 CN1CCN(C(=O)c2cccc(C3=Nc4ccc(C#Cc5ccccc5)cc4NC(=O)C3)c2)CC1 0.8004045 0.8004 0.2754618 -6.4800 1.0000000 1.0000 []
 | 9.6430 6.9696 53.9074 0.4756012 CC(C)Cn1c(/C=C/c2ccccc2)nc2ccccc2c1=O 1 O=c1c2ccccc2nc(/C=C/c2cccnc2)n1CC1CCCCC1 0.7229633 0.7230 0.3128741 -6.9500 1.0000000 1.0000 []
 | 4.5267 10.9376 64.2090 0.5870826 CCC(=O)N(c1ccccc1)C1CCN(C(=O)CC(N)c2ccc(C#N)cc2)CC1 1 CCC(=O)N(c1ccccc1)C1CCN(C(=O)[C@@H](N)C2Cc3ccccc3C2)CC1 0.7990242 0.7990 0.4313586 -8.2800 1.0000000 1.0000 []
 | 5.0464 6.6211 67.3393 0.5778154 CCC(=O)N(c1ccccc1)C1CCN(C(=O)CC(N)c2ccc(F)cc2)CC1 1 CCC(=O)N(c1ccccc1)C1CCN(C(=O)[C@@H](N)C2Cc3ccccc3C2)CC1 0.8091090 0.8091 0.4126399 -8.0800 1.0000000 1.0000 []
 | 4.2014 6.0483 69.6523 0.5914115 CCC(=O)N(c1ccccc1)C1CCN(C(=O)CC(N)c2ccc(S(C)(=O)=O)cc2)CC1 1 CCC(=O)N(c1ccccc1)C1CCN(C(=O)[C@@H](N)C2Cc3ccccc3C2)CC1 0.6889601 0.6890 0.5076747 -9.0800 1.0000000 1.0000 []
 | 5.2540 9.2532 63.0782 0.5650888 CCC(=O)N(c1ccccc1)C1CCN(C(=O)CC(N)c2cccc(O)c2)CC1 1 CCC(=O)N(c1ccccc1)C1CCN(C(=O)[C@@H](N)C2Cc3ccccc3C2)CC1 0.7862353 0.7862 0.4061447 -8.0100 1.0000000 1.0000 []
 | 4.8983 6.6979 62.0161 0.5368283 CCC(=O)N(c1ccccc1)C1CCN(C(=O)CC(N)c2cccc(OC)c2)CC1 1 CCC(=O)N(c1ccccc1)C1CCN(C(=O)[C@@H](N)C2Cc3ccccc3C2)CC1 0.7591665 0.7592 0.3796066 -7.7200 1.0000000 1.0000 []
19:12:27 <INFO> Score: 0.50 Agent NLL: 7.34 Valid:  98% Step: 49
 | Agent Prior Target Score SMILES SMILES_state Input_SMILES QED QED (raw) maize maize (raw) Unwanted SMARTS Unwanted SMARTS (raw) matchting_patterns (Unwanted SMARTS)
 | 7.3772 24.6284 35.4745 0.4695539 CC(C)COc1ccc2c(c1)NC(=O)CC(c1cccc(C(=O)N3CCCC3)c1)=N2 1 CN1CCN(C(=O)c2cccc(C3=Nc4ccc(C#Cc5ccccc5)cc4NC(=O)C3)c2)CC1 0.8004045 0.8004 0.2754618 -6.4800 1.0000000 1.0000 []
 | 4.8000 16.5528 51.2815 0.5299559 CC(C)N1CCN(C(=O)c2cccc(C3=Nc4ccccc4NC(=O)C3)c2)CC1 1 CN1CCN(C(=O)c2cccc(C3=Nc4ccc(C#Cc5ccccc5)cc4NC(=O)C3)c2)CC1 0.8744337 0.8744 0.3211831 -7.0500 1.0000000 1.0000 []
 | 6.5846 21.4687 47.2262 0.5366787 CC(C)c1ccccc1NC(=O)[C@@H]1CCCN1C(=O)CNC(=O)c1ccc2ccccc2n1 1 COc1ccc([C@H](C)NC(=O)[C@@H]2C[C@@H](O)CN2C(=O)CNC(=O)c2ccc3cc(F)ccc3n2)c(Cl)c1 0.6062694 0.6063 0.4750760 -8.7400 1.0000000 1.0000 []
 | 8.8925 15.6242 44.4747 0.4695224 CC(C)n1c(/C=C/c2ccncc2)nc2cccc(F)c2c1=O 1 O=c1c2ccccc2nc(/C=C/c2cccnc2)n1CC1CCCCC1 0.7412215 0.7412 0.2974163 -6.7600 1.0000000 1.0000 []
 | 9.9776 17.1778 44.9020 0.4849984 CC(NC(=O)c1cc2c(=O)n3ccccc3nc2nc1N1CCN(C)CC1)c1ccccc1 1 C[C@H](NC(=O)c1cc2c(=O)n3ccccc3nc2[nH]c1=N)c1ccccc1 0.4892119 0.4892 0.4808213 -8.8000 1.0000000 1.0000 []
 | 16.7845 25.2581 41.7765 0.5237083 CC1CCN(c2nc(NCCCN)cc(N3CCc4ccccc4C3)n2)CC1 1 CCNC1CN(c2nc(N3CCc4ccccc4C3)nc(N3CCc4ccccc4C3)n2)CCO1 0.7508977 0.7509 0.3652567 -7.5600 1.0000000 1.0000 []
 | 10.3662 16.9889 49.2916 0.5178166 CCC(=O)N(c1ccccc1)C1CCN(C(=O)C(c2cccc(F)c2)C(C)C)CC1 1 CCC(=O)N(c1ccccc1)C1CCN(C(=O)[C@@H](N)C2Cc3ccccc3C2)CC1 0.6724168 0.6724 0.3987616 -7.9300 1.0000000 1.0000 []
 | 8.3027 15.0891 56.4606 0.5589825 CCC(=O)N(c1ccccc1)C1CCN(C(=O)C2Cc3ccc(F)cc3C2)CC1 1 CCC(=O)N(c1ccccc1)C1CCN(C(=O)[C@@H](N)C2Cc3ccccc3C2)CC1 0.7872094 0.7872 0.3969229 -7.9100 1.0000000 1.0000 []
 | 8.2687 14.8276 53.3367 0.5325329 CCC(=O)N(c1ccccc1)C1CCN(C(=O)CC(N)Cc2cccc(Br)c2)CC1 1 CCC(=O)N(c1ccccc1)C1CCN(C(=O)[C@@H](N)C2Cc3ccccc3C2)CC1 0.6588749 0.6589 0.4304175 -8.2700 1.0000000 1.0000 []
 | 5.2532 6.0565 61.1775 0.5252651 CCC(=O)N(c1ccccc1)C1CCN(C(=O)CC(N)c2ccc(Br)cc2)CC1 1 CCC(=O)N(c1ccccc1)C1CCN(C(=O)[C@@H](N)C2Cc3ccccc3C2)CC1 0.7032272 0.7032 0.3923389 -7.8600 1.0000000 1.0000 []
19:28:01 <INFO> Score: 0.50 Agent NLL: 7.39 Valid:  99% Step: 50
 | Agent Prior Target Score SMILES SMILES_state Input_SMILES QED QED (raw) maize maize (raw) Unwanted SMARTS Unwanted SMARTS (raw) matchting_patterns (Unwanted SMARTS)
 | 7.1013 8.8791 47.4672 0.4402055 S=c1c2ccccc2nc(/C=C/c2cccnc2)n1Cc1cccnc1 1 O=c1c2ccccc2nc(/C=C/c2cccnc2)n1Cc1ccc(Cl)cc1 0.4939120 0.4939 0.3923389 -7.8600 1.0000000 1.0000 []
 | 13.6066 26.8208 23.9837 0.3969104 S=c1c2cnccc2nc(/C=C/c2ccncc2)n1-c1ccccn1 1 O=c1c2ccccc2nc(/C=C/c2cccnc2)n1Cc1ccccc1 0.5240189 0.5240 0.3006339 -6.8000 1.0000000 1.0000 []
 | 6.6475 18.7073 38.9945 0.4507948 CC(C)(C)NC(=O)c1cccc(C2=Nc3ccccc3NC(=O)C2)c1 1 CN1CCN(C(=O)c2cccc(C3=Nc4ccc(C#Cc5ccccc5)cc4NC(=O)C3)c2)CC1 0.8787146 0.8787 0.2312651 -5.8700 1.0000000 1.0000 []
 | 12.9191 20.6027 39.0926 0.4663692 CC(C)=CCn1c(/C=C/c2ccccn2)nc2ccc(F)cc2c1=O 1 O=c1c2ccccc2nc(/C=C/c2cccnc2)n1CC1CCCCC1 0.6754239 0.6754 0.3220203 -7.0600 1.0000000 1.0000 []
 | 7.2583 31.9322 43.8524 0.5920670 CC(C)C[C@H](NC(=O)CNC(=O)c1ccc2ccccc2n1)C(=O)N1CCCC1 1 COc1ccc([C@H](C)NC(=O)[C@@H]2C[C@@H](O)CN2C(=O)CNC(=O)c2ccc3cc(F)ccc3n2)c(Cl)c1 0.7499436 0.7499 0.4674262 -8.6600 1.0000000 1.0000 []
 | 11.4014 22.9092 39.6959 0.4891029 CC(C)N(C)c1ccc(/C=C/c2nc3ccccc3c(=O)n2Cc2cccnc2)cc1 1 O=c1c2ccccc2nc(/C=C/c2cccnc2)n1Cc1ccc(Cl)cc1 0.4557262 0.4557 0.5249240 -9.2600 1.0000000 1.0000 []
 | 13.4072 20.7505 34.1421 0.4288488 CC(C)N(CCn1c(/C=C/c2ccncc2)nc2ccccc2c1=O)C(C)C 1 O=c1c2ccccc2nc(/C=C/c2cccnc2)n1Cc1ccc(Cl)cc1 0.6233939 0.6234 0.2950162 -6.7300 1.0000000 1.0000 []
 | 10.6616 25.0395 43.9057 0.5386338 CC1CCN(c2nc(NCCc3ccncc3)nc(N3CCN(c4ccccc4)CC3)n2)CC1 1 CCNC1CN(c2nc(N3CCc4ccccc4C3)nc(N3CCc4ccccc4C3)n2)CCO1 0.5769317 0.5769 0.5028782 -9.0300 1.0000000 1.0000 []
 | 11.5382 22.6458 44.8078 0.5269808 CCC(=O)N(c1ccccc1)C1CCN(C(=O)C2Cc3ccc(Br)cc3C2=O)CC1 1 CCC(=O)N(c1ccccc1)C1CCN(C(=O)[C@@H](N)C2Cc3ccccc3C2)CC1 0.6300172 0.6300 0.4407956 -8.3800 1.0000000 1.0000 []
 | 11.5346 21.2516 47.3651 0.5360682 CCC(=O)N(c1ccccc1)C1CCN(C(=O)C2Cc3ccccc3C2c2ccncc2)CC1 1 CCC(=O)N(c1ccccc1)C1CCN(C(=O)[C@@H](N)C2Cc3ccccc3C2)CC1 0.5565888 0.5566 0.5163041 -9.1700 1.0000000 1.0000 []
19:41:28 <INFO> Score: 0.52 Agent NLL: 7.29 Valid: 100% Step: 51
 | Agent Prior Target Score SMILES SMILES_state Input_SMILES QED QED (raw) maize maize (raw) Unwanted SMARTS Unwanted SMARTS (raw) matchting_patterns (Unwanted SMARTS)
 | 8.5958 10.3603 40.8034 0.3997158 S=c1c2ccccc2nc(/C=C/c2cccnc2)n1-c1ccccc1 1 O=c1c2ccccc2nc(/C=C/c2cccnc2)n1Cc1ccc(Cl)cc1 0.4725026 0.4725 0.3381415 -7.2500 1.0000000 1.0000 []
 | 9.2053 18.6956 45.9835 0.5053056 CC(C)(O)c1ccc2nc(/C=C/c3cccnc3)n(CC3CCCCC3)c(=O)c2c1 1 O=c1c2ccccc2nc(/C=C/c2cccnc2)n1CC1CCCCC1 0.6662704 0.6663 0.3832284 -7.7600 1.0000000 1.0000 []
 | 10.7455 9.0194 46.9242 0.4370599 CC(C)Cn1c(/C=C/c2cccnc2)nc2ccc(Br)cc2c1=O 1 O=c1c2ccccc2nc(/C=C/c2cccnc2)n1CC1CCCCC1 0.6708455 0.6708 0.2847472 -6.6000 1.0000000 1.0000 []
 | 11.6752 14.5054 39.9617 0.4255244 CC(NC(=O)c1cc2c(=O)n3ccc(F)c(F)c3nc2n(C)c1=N)c1ccccc1 1 C[C@H](NC(=O)c1cc2c(=O)n3ccccc3nc2[nH]c1=N)c1ccccc1 0.5093041 0.5093 0.3555263 -7.4500 1.0000000 1.0000 []
 | 13.6949 22.1229 31.8985 0.4220427 CC(NC(=O)c1cc2c(=O)n3ccc(F)cc3nc2n(Cc2ccncc2)c1=N)c1ccccc1 1 C[C@H](NC(=O)c1cc2c(=O)n3ccccc3nc2[nH]c1=N)c1ccccc1 0.3865913 0.3866 0.4607451 -8.5900 1.0000000 1.0000 []
 | 10.9195 29.7135 44.6902 0.5812794 CCC(=O)N(c1ccccc1)C1CCN(C(=O)CC(N)Cc2ccccc2C#N)CC1 1 CCC(=O)N(c1ccccc1)C1CCN(C(=O)[C@@H](N)C2Cc3ccccc3C2)CC1 0.7472436 0.7472 0.4521761 -8.5000 1.0000000 1.0000 []
 | 6.0604 9.4047 52.8926 0.4866976 CCC(=O)N(c1ccccc1)C1CCN(C(=O)CC(N)c2ccc(-c3ccccc3)cc2)CC1 1 CCC(=O)N(c1ccccc1)C1CCN(C(=O)[C@@H](N)C2Cc3ccccc3C2)CC1 0.5339398 0.5339 0.4436353 -8.4100 1.0000000 1.0000 []
 | 4.7586 3.0015 71.5578 0.5824949 CCC(=O)N(c1ccccc1)C1CCN(C(=O)CC(N)c2ccc(C)cc2)CC1 1 CCC(=O)N(c1ccccc1)C1CCN(C(=O)[C@@H](N)C2Cc3ccccc3C2)CC1 0.8112739 0.8113 0.4182315 -8.1400 1.0000000 1.0000 []
 | 7.2748 8.6866 58.3491 0.5237161 CCC(=O)N(c1ccccc1)C1CCN(C(=O)CC(N)c2ccc(Cl)cc2Cl)CC1 1 CCC(=O)N(c1ccccc1)C1CCN(C(=O)[C@@H](N)C2Cc3ccccc3C2)CC1 0.6894159 0.6894 0.3978419 -7.9200 1.0000000 1.0000 []
 | 5.6971 7.9652 51.8225 0.4670916 CCC(=O)N(c1ccccc1)C1CCN(C(=O)CC(N)c2ccc(Oc3ccccc3)cc2)CC1 1 CCC(=O)N(c1ccccc1)C1CCN(C(=O)[C@@H](N)C2Cc3ccccc3C2)CC1 0.4835154 0.4835 0.4512256 -8.4900 1.0000000 1.0000 []
19:56:56 <INFO> Score: 0.51 Agent NLL: 7.35 Valid:  99% Step: 52
 | Agent Prior Target Score SMILES SMILES_state Input_SMILES QED QED (raw) maize maize (raw) Unwanted SMARTS Unwanted SMARTS (raw) matchting_patterns (Unwanted SMARTS)
 | 8.8407 16.8903 34.9404 0.4049270 S=c1c2ccccc2nc(/C=C/c2cncnc2)n1Cc1ccncc1 1 O=c1c2ccccc2nc(/C=C/c2cccnc2)n1Cc1ccc(Cl)cc1 0.5131759 0.5132 0.3195120 -7.0300 1.0000000 1.0000 []
 | 10.8922 16.1730 60.1450 0.5962346 CC(C)CCNc1nc(N2CCC(N)CC2)nc(N2CCc3ccccc3C2)n1 1 CCNC1CN(c2nc(N3CCc4ccccc4C3)nc(N3CCc4ccccc4C3)n2)CCO1 0.7780032 0.7780 0.4569335 -8.5500 1.0000000 1.0000 []
 | 10.1059 12.4266 49.9358 0.4872064 CC(C)c1ccc(/C=C/c2nc3ccccc3c(=O)n2Cc2ccncc2)cc1 1 O=c1c2ccccc2nc(/C=C/c2cccnc2)n1Cc1ccc(Cl)cc1 0.4812030 0.4812 0.4932846 -8.9300 1.0000000 1.0000 []
 | 6.9952 6.2936 66.0555 0.5652273 CCC(=O)N(c1ccccc1)C1CCN(C(=O)CC(N)Cc2ccc(Cl)cc2)CC1 1 CCC(=O)N(c1ccccc1)C1CCN(C(=O)[C@@H](N)C2Cc3ccccc3C2)CC1 0.7247847 0.7248 0.4407956 -8.3800 1.0000000 1.0000 []
 | 5.4017 11.4851 59.0766 0.5512635 CCC(=O)N(c1ccccc1)C1CCN(C(=O)CC(N)c2cc(Cl)cc(Cl)c2)CC1 1 CCC(=O)N(c1ccccc1)C1CCN(C(=O)[C@@H](N)C2Cc3ccccc3C2)CC1 0.6894159 0.6894 0.4407956 -8.3800 1.0000000 1.0000 []
 | 4.8396 6.8376 64.4036 0.5565720 CCC(=O)N(c1ccccc1)C1CCN(C(=O)CC(N)c2ccc(Cl)c(Cl)c2)CC1 1 CCC(=O)N(c1ccccc1)C1CCN(C(=O)[C@@H](N)C2Cc3ccccc3C2)CC1 0.6894159 0.6894 0.4493258 -8.4700 1.0000000 1.0000 []
 | 4.2940 2.7466 67.1462 0.5460374 CCC(=O)N(c1ccccc1)C1CCN(C(=O)CC(N)c2ccc(Cl)cc2)CC1 1 CCC(=O)N(c1ccccc1)C1CCN(C(=O)[C@@H](N)C2Cc3ccccc3C2)CC1 0.7725207 0.7725 0.3859532 -7.7900 1.0000000 1.0000 []
 | 6.3891 11.8201 61.7221 0.5745482 CCC(=O)N(c1ccccc1)C1CCN(C(=O)CC(N)c2cccc(C(F)(F)F)c2)CC1 1 CCC(=O)N(c1ccccc1)C1CCN(C(=O)[C@@H](N)C2Cc3ccccc3C2)CC1 0.7076659 0.7077 0.4664710 -8.6500 1.0000000 1.0000 []
 | 5.1275 9.2532 63.0782 0.5650888 CCC(=O)N(c1ccccc1)C1CCN(C(=O)CC(N)c2cccc(O)c2)CC1 1 CCC(=O)N(c1ccccc1)C1CCN(C(=O)[C@@H](N)C2Cc3ccccc3C2)CC1 0.7862353 0.7862 0.4061447 -8.0100 1.0000000 1.0000 []
 | 4.9775 6.6979 62.0161 0.5368283 CCC(=O)N(c1ccccc1)C1CCN(C(=O)CC(N)c2cccc(OC)c2)CC1 1 CCC(=O)N(c1ccccc1)C1CCN(C(=O)[C@@H](N)C2Cc3ccccc3C2)CC1 0.7591665 0.7592 0.3796066 -7.7200 1.0000000 1.0000 []
20:10:36 <INFO> Score: 0.51 Agent NLL: 7.35 Valid: 100% Step: 53
 | Agent Prior Target Score SMILES SMILES_state Input_SMILES QED QED (raw) maize maize (raw) Unwanted SMARTS Unwanted SMARTS (raw) matchting_patterns (Unwanted SMARTS)
 | 11.8793 18.6440 38.9012 0.4495724 C=C(C)c1ccc2c(c1)NC(=O)CC(c1cccc(C(=O)N3CCN(C)CC3)c1)=N2 1 CN1CCN(C(=O)c2cccc(C3=Nc4ccc(C#Cc5ccccc5)cc4NC(=O)C3)c2)CC1 0.8536427 0.8536 0.2367681 -5.9500 1.0000000 1.0000 []
 | 13.7040 13.1460 -13.1460 0.0000000 CC(C)(C)OC(=O)N1CCN(c2nc(N3CCCCC3)nc(N3CCc4ccccc4C3)n2)CC1 1 CCNC1CN(c2nc(N3CCc4ccccc4C3)nc(N3CCc4ccccc4C3)n2)CCO1 0.0000000 0.0000 0.0000000 0.0000 0.0000000 0.0000 ['C(=[O,S])[O,S]']
 | 7.0436 24.6284 35.4745 0.4695539 CC(C)COc1ccc2c(c1)NC(=O)CC(c1cccc(C(=O)N3CCCC3)c1)=N2 1 CN1CCN(C(=O)c2cccc(C3=Nc4ccc(C#Cc5ccccc5)cc4NC(=O)C3)c2)CC1 0.8004045 0.8004 0.2754618 -6.4800 1.0000000 1.0000 []
 | 6.7807 26.5204 47.6128 0.5791653 CC(C)[C@H](NC(=O)CNC(=O)c1ccc2ccccc2n1)c1ccccc1 1 COc1ccc([C@H](C)NC(=O)[C@@H]2C[C@@H](O)CN2C(=O)CNC(=O)c2ccc3cc(F)ccc3n2)c(Cl)c1 0.7060607 0.7061 0.4750760 -8.7400 1.0000000 1.0000 []
 | 14.8260 30.3601 40.7195 0.5553093 CC1CCN(S(=O)(=O)Cc2ccccc2)C(c2n[nH]c3ccc(F)cc23)C1 1 O=S(=O)(Cc1ccccc1)N1Cc2ccccc2C1c1c[nH]c2ccccc12 0.7356721 0.7357 0.4191656 -8.1500 1.0000000 1.0000 []
 | 9.2135 9.2390 58.2806 0.5274970 CCC(=O)N(c1ccccc1)C1CCN(C(=O)/C=C/c2ccc(O)cc2)CC1 1 CCC(=O)N(c1ccccc1)C1CCN(C(=O)[C@@H](N)C2Cc3ccccc3C2)CC1 0.8043996 0.8044 0.3459141 -7.3400 1.0000000 1.0000 []
 | 9.1516 16.1412 54.4834 0.5517547 CCC(=O)N(c1ccccc1)C1CCN(C(=O)C2CN(c3ccncc3)C2)CC1 1 CCC(=O)N(c1ccccc1)C1CCN(C(=O)[C@@H](N)C2Cc3ccccc3C2)CC1 0.7850795 0.7851 0.3877738 -7.8100 1.0000000 1.0000 []
 | 6.9053 13.9406 64.2831 0.6111226 CCC(=O)N(c1ccccc1)C1CCN(C(=O)CC(N)c2cc(C)cc(C)c2)CC1 1 CCC(=O)N(c1ccccc1)C1CCN(C(=O)[C@@H](N)C2Cc3ccccc3C2)CC1 0.7829734 0.7830 0.4769904 -8.7600 1.0000000 1.0000 []
 | 5.8795 8.4836 59.9821 0.5348884 CCC(=O)N(c1ccccc1)C1CCN(C(=O)CC(N)c2ccc(C(F)(F)F)cc2)CC1 1 CCC(=O)N(c1ccccc1)C1CCN(C(=O)[C@@H](N)C2Cc3ccccc3C2)CC1 0.7076659 0.7077 0.4042948 -7.9900 1.0000000 1.0000 []
 | 5.8206 17.3591 49.0052 0.5184712 CCC(=O)N(c1ccccc1)C1CCN(C(=O)CC(N)c2cccc(C#N)c2)CC1 1 CCC(=O)N(c1ccccc1)C1CCN(C(=O)[C@@H](N)C2Cc3ccccc3C2)CC1 0.7990242 0.7990 0.3364259 -7.2300 1.0000000 1.0000 []
20:24:05 <INFO> Score: 0.51 Agent NLL: 7.18 Valid: 100% Step: 54
 | Agent Prior Target Score SMILES SMILES_state Input_SMILES QED QED (raw) maize maize (raw) Unwanted SMARTS Unwanted SMARTS (raw) matchting_patterns (Unwanted SMARTS)
 | 6.0960 9.2213 44.2174 0.4174901 S=c1c2ccccc2nc(/C=C/c2cccnc2)n1Cc1ccncc1 1 O=c1c2ccccc2nc(/C=C/c2cccnc2)n1Cc1ccc(Cl)cc1 0.4939120 0.4939 0.3528928 -7.4200 1.0000000 1.0000 []
 | 12.3742 14.8273 44.9826 0.4672646 C/C(=C\c1nc2cc(F)ccc2c(=O)n1CC1CCCCC1)c1cccnc1 1 O=c1c2ccccc2nc(/C=C/c2cccnc2)n1CC1CCCCC1 0.6375727 0.6376 0.3424491 -7.3000 1.0000000 1.0000 []
 | 5.2965 25.2389 48.2081 0.5738045 CC(C)C[C@H](NC(=O)CNC(=O)c1ccc2ccccc2n1)c1ccccc1 1 COc1ccc([C@H](C)NC(=O)[C@@H]2C[C@@H](O)CN2C(=O)CNC(=O)c2ccc3cc(F)ccc3n2)c(Cl)c1 0.6585032 0.6585 0.5000000 -9.0000 1.0000000 1.0000 []
 | 9.3720 10.5594 51.4808 0.4846889 CC(C)Cn1c(/C=C/c2ccncc2)nc2c(Cl)cccc2c1=O 1 O=c1c2ccccc2nc(/C=C/c2cccnc2)n1CC1CCCCC1 0.7127382 0.7127 0.3296068 -7.1500 1.0000000 1.0000 []
 | 8.9984 10.0497 66.9883 0.6018595 CC(C)Nc1nc(N2CCN(c3ccccn3)CC2)nc(N2CCc3ccccc3C2)n1 1 CCNC1CN(c2nc(N3CCc4ccccc4C3)nc(N3CCc4ccccc4C3)n2)CCO1 0.6623746 0.6624 0.5468731 -9.4900 1.0000000 1.0000 []
 | 7.2241 9.8811 49.8128 0.4663586 CC(C)n1c(/C=C/c2ccncc2)nc2ccccc2c1=O 1 O=c1c2ccccc2nc(/C=C/c2cccnc2)n1Cc1ccccc1 0.7412193 0.7412 0.2934224 -6.7100 1.0000000 1.0000 []
 | 7.6962 11.9836 42.2249 0.4235036 CC(NC(=O)c1cc2c(=O)n3cc(F)ccc3nc2n(C)c1=N)c1ccccc1 1 C[C@H](NC(=O)c1cc2c(=O)n3ccccc3nc2[nH]c1=N)c1ccccc1 0.5250672 0.5251 0.3415855 -7.2900 1.0000000 1.0000 []
 | 11.3310 20.0853 50.0994 0.5483179 CCC(=O)N(c1ccccc1)C1CCN(C(=O)CC(N)Cc2ccc(C)c(Br)c2)CC1 1 CCC(=O)N(c1ccccc1)C1CCN(C(=O)[C@@H](N)C2Cc3ccccc3C2)CC1 0.6290486 0.6290 0.4779479 -8.7700 1.0000000 1.0000 []
 | 7.2717 16.8891 55.8146 0.5679977 CCC(=O)N(c1ccccc1)C1CCN(C(=O)CC(N)Cc2ccccc2C)CC1 1 CCC(=O)N(c1ccccc1)C1CCN(C(=O)[C@@H](N)C2Cc3ccccc3C2)CC1 0.7611789 0.7612 0.4238444 -8.2000 1.0000000 1.0000 []
 | 5.4995 13.9884 53.3636 0.5261875 CCC(=O)N(c1ccccc1)C1CCN(C(=O)CC(N)c2cc(F)cc(F)c2)CC1 1 CCC(=O)N(c1ccccc1)C1CCN(C(=O)[C@@H](N)C2Cc3ccccc3C2)CC1 0.7806999 0.7807 0.3546476 -7.4400 1.0000000 1.0000 []
20:38:40 <INFO> Score: 0.50 Agent NLL: 7.56 Valid:  98% Step: 55
 | Agent Prior Target Score SMILES SMILES_state Input_SMILES QED QED (raw) maize maize (raw) Unwanted SMARTS Unwanted SMARTS (raw) matchting_patterns (Unwanted SMARTS)
 | 18.4066 27.6642 -27.6642 0.0000000 C#CCCCS(=O)(=O)N1Cc2ccccc2C1c1c[nH]c2ccc(C#N)cc12 1 O=S(=O)(Cc1ccccc1)N1Cc2ccccc2C1c1c[nH]c2ccccc12 0.0000000 0.0000 0.0000000 0.0000 0.0000000 0.0000 ['C#C']
 | 13.8044 24.1974 -24.1974 0.0000000 CBrc1nc2ccccc2c(=O)n1Cc1cccnc1 0 O=c1c2ccccc2nc(/C=C/c2cccnc2)n1Cc1ccccc1 0.0000000 0.0000 0.0000000 0.0000 0.0000000 0.0000 None
 | 13.2000 22.4741 34.0564 0.4416445 CC(=O)c1nc2ccccc2c(=O)n1Cc1cccc(F)c1 1 O=c1c2ccccc2nc(/C=C/c2cccnc2)n1Cc1ccccc1 0.6983329 0.6983 0.2793078 -6.5300 1.0000000 1.0000 []
 | 13.6011 13.4590 43.7207 0.4467162 CC(C)(C)c1ccc(S(=O)(=O)N2CCc3ccccc3[C@H]2c2c[nH]c3ccccc23)cc1 1 O=S(=O)(Cc1ccccc1)N1Cc2ccccc2C1c1c[nH]c2ccccc12 0.4340125 0.4340 0.4597918 -8.5800 1.0000000 1.0000 []
 | 8.1258 11.9139 54.9631 0.5224765 CC(C)CS(=O)(=O)N1Cc2ccccc2C1c1c[nH]c2ncccc12 1 O=S(=O)(Cc1ccccc1)N1Cc2ccccc2C1c1c[nH]c2ccccc12 0.7793506 0.7794 0.3502682 -7.3900 1.0000000 1.0000 []
 | 7.6784 20.5964 49.7152 0.5493092 CC(C)NC(=O)[C@@H]1CCCN1C(=O)CNC(=O)c1ccc2ccccc2n1 1 COc1ccc([C@H](C)NC(=O)[C@@H]2C[C@@H](O)CN2C(=O)CNC(=O)c2ccc3cc(F)ccc3n2)c(Cl)c1 0.8362642 0.8363 0.3608196 -7.5100 1.0000000 1.0000 []
 | 9.0876 18.1006 48.8033 0.5226870 CC(C)NC(=O)[C@@H]1C[C@H](O)CN1C(=O)CNC(=O)c1ccc2ccccc2n1 1 COc1ccc([C@H](C)NC(=O)[C@@H]2C[C@@H](O)CN2C(=O)CNC(=O)c2ccc3cc(F)ccc3n2)c(Cl)c1 0.6931057 0.6931 0.3941703 -7.8800 1.0000000 1.0000 []
 | 8.8475 21.3689 39.2337 0.4734578 CC(C)c1ccccc1CNC(=O)c1cc2c(=O)n3ccccc3nc2n(C)c1=N 1 C[C@H](NC(=O)c1cc2c(=O)n3ccccc3nc2[nH]c1=N)c1ccccc1 0.5151642 0.5152 0.4351278 -8.3200 1.0000000 1.0000 []
 | 10.1838 14.6243 41.4282 0.4379104 CC(NC(=O)c1cc2c(=O)n3ccc(F)cc3nc2nc1N)c1ccccc1 1 C[C@H](NC(=O)c1cc2c(=O)n3ccccc3nc2[nH]c1=N)c1ccccc1 0.5340895 0.5341 0.3590513 -7.4900 1.0000000 1.0000 []
 | 9.4148 15.4950 57.3799 0.5693351 CC1(C)CC(c2c[nH]c3ccccc23)N(S(=O)(=O)Cc2ccccc2)C1 1 O=S(=O)(Cc1ccccc1)N1C=Cc2ccccc2C1c1c[nH]c2ccccc12 0.7385263 0.7385 0.4389045 -8.3600 1.0000000 1.0000 []
20:54:31 <INFO> Score: 0.51 Agent NLL: 7.41 Valid:  99% Step: 56
 | Agent Prior Target Score SMILES SMILES_state Input_SMILES QED QED (raw) maize maize (raw) Unwanted SMARTS Unwanted SMARTS (raw) matchting_patterns (Unwanted SMARTS)
 | 13.1888 17.6867 48.8079 0.5194894 CC(=O)NCCNc1nc(N2CCN(Cc3ccccc3)CC2)nc(N2CCc3ccccc3C2)n1 1 CCNC1CN(c2nc(N3CCc4ccccc4C3)nc(N3CCc4ccccc4C3)n2)CCO1 0.4691597 0.4692 0.5752182 -9.7900 1.0000000 1.0000 []
 | 8.8471 8.5671 50.5045 0.4614968 CC(C)=CCn1c(/C=C/c2cccnc2)nc2cc(Cl)ccc2c1=O 1 O=c1c2ccccc2nc(/C=C/c2cccnc2)n1CC1CCCCC1 0.6461617 0.6462 0.3296068 -7.1500 1.0000000 1.0000 []
 | 16.1523 26.4268 29.3362 0.4356486 CC(C)[n+]1cccc(/C=C/c2nc3ccc(F)cc3c(=O)n2Cc2ccccn2)c1 1 O=c1c2ccccc2nc(/C=C/c2cccnc2)n1Cc1ccc(Cl)cc1 0.4748517 0.4749 0.3996820 -7.9400 1.0000000 1.0000 []
 | 5.9625 4.7388 58.9357 0.4974574 CC(C)n1c(/C=C/c2cccnc2)nc2ccccc2c1=O 1 O=c1c2ccccc2nc(/C=C/c2cccnc2)n1CC1CCCCC1 0.7412193 0.7412 0.3338605 -7.2000 1.0000000 1.0000 []
 | 8.3773 14.4660 45.2279 0.4663586 CC(C)n1c(/C=C/c2ccncc2)nc2ccccc2c1=O 1 O=c1c2ccccc2nc(/C=C/c2cccnc2)n1Cc1ccc(Cl)cc1 0.7412193 0.7412 0.2934224 -6.7100 1.0000000 1.0000 []
 | 8.8860 14.8364 52.5547 0.5264930 CCC(=O)N(c1ccccc1)C1CCN(C(=O)C(C)c2cc(Cl)cc(Cl)c2)CC1 1 CCC(=O)N(c1ccccc1)C1CCN(C(=O)[C@@H](N)C2Cc3ccccc3C2)CC1 0.6221680 0.6222 0.4455307 -8.4300 1.0000000 1.0000 []
 | 11.6193 19.0916 44.4297 0.4962595 CCC(=O)N(c1ccccc1)C1CCN(C(=O)C2(c3ccccc3)Cc3ccccc32)CC1 1 CCC(=O)N(c1ccccc1)C1CCN(C(=O)[C@@H](N)C2Cc3ccccc3C2)CC1 0.5647552 0.5648 0.4360713 -8.3300 1.0000000 1.0000 []
 | 6.6059 13.9406 64.2831 0.6111226 CCC(=O)N(c1ccccc1)C1CCN(C(=O)CC(N)c2cc(C)cc(C)c2)CC1 1 CCC(=O)N(c1ccccc1)C1CCN(C(=O)[C@@H](N)C2Cc3ccccc3C2)CC1 0.7829734 0.7830 0.4769904 -8.7600 1.0000000 1.0000 []
 | 4.4166 2.7466 67.1462 0.5460374 CCC(=O)N(c1ccccc1)C1CCN(C(=O)CC(N)c2ccc(Cl)cc2)CC1 1 CCC(=O)N(c1ccccc1)C1CCN(C(=O)[C@@H](N)C2Cc3ccccc3C2)CC1 0.7725207 0.7725 0.3859532 -7.7900 1.0000000 1.0000 []
 | 5.2665 6.6211 67.3393 0.5778154 CCC(=O)N(c1ccccc1)C1CCN(C(=O)CC(N)c2ccc(F)cc2)CC1 1 CCC(=O)N(c1ccccc1)C1CCN(C(=O)[C@@H](N)C2Cc3ccccc3C2)CC1 0.8091090 0.8091 0.4126399 -8.0800 1.0000000 1.0000 []
21:08:11 <INFO> Score: 0.51 Agent NLL: 7.32 Valid:  99% Step: 57
 | Agent Prior Target Score SMILES SMILES_state Input_SMILES QED QED (raw) maize maize (raw) Unwanted SMARTS Unwanted SMARTS (raw) matchting_patterns (Unwanted SMARTS)
 | 6.0142 9.2213 44.2174 0.4174901 S=c1c2ccccc2nc(/C=C/c2cccnc2)n1Cc1ccncc1 1 O=c1c2ccccc2nc(/C=C/c2cccnc2)n1Cc1ccc(Cl)cc1 0.4939120 0.4939 0.3528928 -7.4200 1.0000000 1.0000 []
 | 10.4693 12.4643 48.9512 0.4798085 C=CCn1c(/C=C/c2cccnc2)nc2c(Cl)cccc2c1=O 1 O=c1c2ccccc2nc(/C=C/c2cccnc2)n1CC1CCCCC1 0.6860460 0.6860 0.3355697 -7.2200 1.0000000 1.0000 []
 | 9.3943 34.5104 28.6723 0.4936147 CC(C)C[C@H](NC(=O)c1ccc2ccccc2n1)C(=O)CNC(=O)c1ccc2ccncc2c1 1 COc1ccc([C@H](C)NC(=O)[C@@H]2C[C@@H](O)CN2C(=O)CNC(=O)c2ccc3cc(F)ccc3n2)c(Cl)c1 0.4201682 0.4202 0.5798998 -9.8400 1.0000000 1.0000 []
 | 10.2143 12.2592 48.5692 0.4752219 CC(C)Cn1c(/C=C/c2cccnc2)nc2cc(N)ccc2c1=O 1 O=c1c2ccccc2nc(/C=C/c2cccnc2)n1CC1CCCCC1 0.7491867 0.7492 0.3014414 -6.8100 1.0000000 1.0000 []
 | 8.2993 11.0152 50.4632 0.4802996 CC(C)n1c(/C=C/c2cccnc2)nc2cccc(F)c2c1=O 1 O=c1c2ccccc2nc(/C=C/c2cccnc2)n1Cc1ccccc1 0.7412215 0.7412 0.3112264 -6.9300 1.0000000 1.0000 []
 | 10.0099 15.7391 65.4841 0.6345564 CC1CCCCN1c1nc(N2CCNCC2)nc(N2CCc3ccccc3C2)n1 1 CCNC1CN(c2nc(N3CCc4ccccc4C3)nc(N3CCc4ccccc4C3)n2)CCO1 0.8579367 0.8579 0.4693374 -8.6800 1.0000000 1.0000 []
 | 12.5436 20.4184 44.6979 0.5087208 CC1CC(c2c[nH]c3cc(Cl)ccc23)N(S(=O)(=O)Cc2ccccc2)C1 1 O=S(=O)(Cc1ccccc1)N1Cc2ccccc2C1c1c[nH]c2ccccc12 0.7016832 0.7017 0.3688229 -7.6000 1.0000000 1.0000 []
 | 6.5090 13.9406 64.2831 0.6111226 CCC(=O)N(c1ccccc1)C1CCN(C(=O)CC(N)c2cc(C)cc(C)c2)CC1 1 CCC(=O)N(c1ccccc1)C1CCN(C(=O)[C@@H](N)C2Cc3ccccc3C2)CC1 0.7829734 0.7830 0.4769904 -8.7600 1.0000000 1.0000 []
 | 4.4040 10.9376 64.2090 0.5870826 CCC(=O)N(c1ccccc1)C1CCN(C(=O)CC(N)c2ccc(C#N)cc2)CC1 1 CCC(=O)N(c1ccccc1)C1CCN(C(=O)[C@@H](N)C2Cc3ccccc3C2)CC1 0.7990242 0.7990 0.4313586 -8.2800 1.0000000 1.0000 []
 | 5.1849 6.5882 72.0340 0.6142357 CCC(=O)N(c1ccccc1)C1CCN(C(=O)CC(N)c2ccc(O)cc2)CC1 1 CCC(=O)N(c1ccccc1)C1CCN(C(=O)[C@@H](N)C2Cc3ccccc3C2)CC1 0.7862353 0.7862 0.4798633 -8.7900 1.0000000 1.0000 []
21:21:00 <INFO> Score: 0.51 Agent NLL: 7.09 Valid:  99% Step: 58
 | Agent Prior Target Score SMILES SMILES_state Input_SMILES QED QED (raw) maize maize (raw) Unwanted SMARTS Unwanted SMARTS (raw) matchting_patterns (Unwanted SMARTS)
 | 13.5419 33.8077 37.5967 0.5578475 CC(C)C[C@H](NC(=O)CNC(=O)c1cccc2ccccc12)c1ccccc1 1 COc1ccc([C@H](C)NC(=O)[C@@H]2C[C@@H](O)CN2C(=O)CNC(=O)c2ccc3cc(F)ccc3n2)c(Cl)c1 0.6408270 0.6408 0.4856129 -8.8500 1.0000000 1.0000 []
 | 11.8144 22.6964 51.4494 0.5792636 CC(C)Cc1nc(N2CCN(C)CC2)nc(N2CCc3ccccc3C2)n1 1 CCNC1CN(c2nc(N3CCc4ccccc4C3)nc(N3CCc4ccccc4C3)n2)CCO1 0.8280610 0.8281 0.4052193 -8.0000 1.0000000 1.0000 []
 | 8.1518 10.0636 56.7671 0.5221153 CC(C)S(=O)(=O)N1Cc2ccccc2C1c1c[nH]c2ccccc12 1 O=S(=O)(Cc1ccccc1)N1Cc2ccccc2C1c1c[nH]c2ccccc12 0.7880697 0.7881 0.3459141 -7.3400 1.0000000 1.0000 []
 | 6.1294 6.7922 56.8823 0.4974574 CC(C)n1c(/C=C/c2cccnc2)nc2ccccc2c1=O 1 O=c1c2ccccc2nc(/C=C/c2cccnc2)n1Cc1ccccc1 0.7412193 0.7412 0.3338605 -7.2000 1.0000000 1.0000 []
 | 10.2774 21.1470 39.6341 0.4748516 CC(NC(=O)c1cc2c(=O)n3ccccc3nc2nc1N1CCC(CN)CC1)c1ccccc1 1 C[C@H](NC(=O)c1cc2c(=O)n3ccccc3nc2[nH]c1=N)c1ccccc1 0.4475333 0.4475 0.5038376 -9.0400 1.0000000 1.0000 []
 | 7.6433 19.4865 45.3809 0.5067766 CC1=C(c2c[nH]c3ccccc23)N(S(=O)(=O)Cc2ccccc2)CC1 1 O=S(=O)(Cc1ccccc1)N1C=Cc2ccccc2C1c1c[nH]c2ccccc12 0.7672880 0.7673 0.3347146 -7.2100 1.0000000 1.0000 []
 | 9.8523 17.6820 57.1917 0.5849509 CCC(=O)N(c1ccccc1)C1CCN(C(=O)C2(c3ccc(O)cc3)CC2)CC1 1 CCC(=O)N(c1ccccc1)C1CCN(C(=O)[C@@H](N)C2Cc3ccccc3C2)CC1 0.8405607 0.8406 0.4070706 -8.0200 1.0000000 1.0000 []
 | 5.1557 13.9884 53.3636 0.5261875 CCC(=O)N(c1ccccc1)C1CCN(C(=O)CC(N)c2cc(F)cc(F)c2)CC1 1 CCC(=O)N(c1ccccc1)C1CCN(C(=O)[C@@H](N)C2Cc3ccccc3C2)CC1 0.7806999 0.7807 0.3546476 -7.4400 1.0000000 1.0000 []
 | 5.4066 6.0565 61.1775 0.5252651 CCC(=O)N(c1ccccc1)C1CCN(C(=O)CC(N)c2ccc(Br)cc2)CC1 1 CCC(=O)N(c1ccccc1)C1CCN(C(=O)[C@@H](N)C2Cc3ccccc3C2)CC1 0.7032272 0.7032 0.3923389 -7.8600 1.0000000 1.0000 []
 | 5.9958 8.4836 59.9821 0.5348884 CCC(=O)N(c1ccccc1)C1CCN(C(=O)CC(N)c2ccc(C(F)(F)F)cc2)CC1 1 CCC(=O)N(c1ccccc1)C1CCN(C(=O)[C@@H](N)C2Cc3ccccc3C2)CC1 0.7076659 0.7077 0.4042948 -7.9900 1.0000000 1.0000 []
21:34:53 <INFO> Score: 0.51 Agent NLL: 7.05 Valid: 100% Step: 59
 | Agent Prior Target Score SMILES SMILES_state Input_SMILES QED QED (raw) maize maize (raw) Unwanted SMARTS Unwanted SMARTS (raw) matchting_patterns (Unwanted SMARTS)
 | 12.4652 20.2432 33.3094 0.4183798 S=c1c2ccccc2nc(/C=C/c2nccs2)n1Cc1cccnc1 1 O=c1c2ccccc2nc(/C=C/c2cccnc2)n1Cc1ccccc1 0.4875116 0.4875 0.3590513 -7.4900 1.0000000 1.0000 []
 | 5.3416 16.5528 51.2815 0.5299559 CC(C)N1CCN(C(=O)c2cccc(C3=Nc4ccccc4NC(=O)C3)c2)CC1 1 CN1CCN(C(=O)c2cccc(C3=Nc4ccc(C#Cc5ccccc5)cc4NC(=O)C3)c2)CC1 0.8744337 0.8744 0.3211831 -7.0500 1.0000000 1.0000 []
 | 6.3847 22.6603 51.9508 0.5828995 CC(C)[C@H]1C[C@@H](O)CN1C(=O)CNC(=O)c1ccc2ccccc2n1 1 COc1ccc([C@H](C)NC(=O)[C@@H]2C[C@@H](O)CN2C(=O)CNC(=O)c2ccc3cc(F)ccc3n2)c(Cl)c1 0.8845096 0.8845 0.3841359 -7.7700 1.0000000 1.0000 []
 | 7.2566 9.8811 49.8128 0.4663586 CC(C)n1c(/C=C/c2ccncc2)nc2ccccc2c1=O 1 O=c1c2ccccc2nc(/C=C/c2cccnc2)n1Cc1ccccc1 0.7412193 0.7412 0.2934224 -6.7100 1.0000000 1.0000 []
 | 7.2798 27.5557 44.0135 0.5591337 CC1=C(c2c[nH]c3ccccc23)N(S(=O)(=O)Cc2ccccc2)C1 1 O=S(=O)(Cc1ccccc1)N1C=Cc2ccccc2C1c1c[nH]c2ccccc12 0.7876355 0.7876 0.3969229 -7.9100 1.0000000 1.0000 []
 | 14.5100 29.9117 39.3596 0.5411824 CC1CCN(c2nc(NCCc3ccccn3)nc(N3CCN(c4ncccn4)CC3)n2)CC1 1 CCNC1CN(c2nc(N3CCc4ccccc4C3)nc(N3CCc4ccccc4C3)n2)CCO1 0.5651614 0.5652 0.5182207 -9.1900 1.0000000 1.0000 []
 | 7.3853 11.7314 57.6895 0.5423513 CCC(=O)N(c1ccccc1)C1CCN(C(=O)CC(N)c2c(Cl)cccc2Cl)CC1 1 CCC(=O)N(c1ccccc1)C1CCN(C(=O)[C@@H](N)C2Cc3ccccc3C2)CC1 0.6894159 0.6894 0.4266582 -8.2300 1.0000000 1.0000 []
 | 6.4525 13.9406 64.2831 0.6111226 CCC(=O)N(c1ccccc1)C1CCN(C(=O)CC(N)c2cc(C)cc(C)c2)CC1 1 CCC(=O)N(c1ccccc1)C1CCN(C(=O)[C@@H](N)C2Cc3ccccc3C2)CC1 0.7829734 0.7830 0.4769904 -8.7600 1.0000000 1.0000 []
 | 6.0705 8.9493 64.7270 0.5755958 CCC(=O)N(c1ccccc1)C1CCN(C(=O)CC(N)c2ccc(C)c(Cl)c2)CC1 1 CCC(=O)N(c1ccccc1)C1CCN(C(=O)[C@@H](N)C2Cc3ccccc3C2)CC1 0.7389114 0.7389 0.4483765 -8.4600 1.0000000 1.0000 []
 | 7.0102 5.7371 66.0065 0.5604969 CCC(=O)N(c1ccccc1)C1CCN(C(=O)CC(N)c2ccc(OC)c(Cl)c2)CC1 1 CCC(=O)N(c1ccccc1)C1CCN(C(=O)[C@@H](N)C2Cc3ccccc3C2)CC1 0.6962300 0.6962 0.4512256 -8.4900 1.0000000 1.0000 []
21:50:17 <INFO> Score: 0.51 Agent NLL: 7.36 Valid: 100% Step: 60
 | Agent Prior Target Score SMILES SMILES_state Input_SMILES QED QED (raw) maize maize (raw) Unwanted SMARTS Unwanted SMARTS (raw) matchting_patterns (Unwanted SMARTS)
 | 11.9496 19.7981 31.1798 0.3982650 S=c1c2ccccc2nc(/C=C/c2cocn2)n1Cc1cccnc1 1 O=c1c2ccccc2nc(/C=C/c2cccnc2)n1Cc1ccccc1 0.5137098 0.5137 0.3087639 -6.9000 1.0000000 1.0000 []
 | 17.7130 23.9394 -23.9394 0.0000000 CC(=O)Oc1ccc(-c2nc3ccccc3c(=O)n2Cc2cccnc2)cc1 1 O=c1c2ccccc2nc(/C=C/c2cccnc2)n1Cc1ccccc1 0.0000000 0.0000 0.0000000 0.0000 0.0000000 0.0000 ['C(=[O,S])[O,S]']
 | 7.5219 8.8705 55.2516 0.5009535 CC(C)(O)Cn1c(/C=C/c2cccnc2)nc2ccccc2c1=O 1 O=c1c2ccccc2nc(/C=C/c2cccnc2)n1CC1CCCCC1 0.8020939 0.8021 0.3128741 -6.9500 1.0000000 1.0000 []
 | 7.6074 25.7824 47.9935 0.5763749 CC(C)CCS(=O)(=O)N1CCC(c2c[nH]c3ccccc23)C1 1 O=S(=O)(Cc1ccccc1)N1Cc2ccccc2C1c1c[nH]c2ccccc12 0.9184500 0.9185 0.3617051 -7.5200 1.0000000 1.0000 []
 | 10.1852 45.1980 23.1660 0.5340940 CC(C)COc1ccc2c(c1)CC(c1cccc(C(=O)N3CCN(C)CC3)c1)=N2 1 CN1CCN(C(=O)c2cccc(C3=Nc4ccc(C#Cc5ccccc5)cc4NC(=O)C3)c2)CC1 0.7790765 0.7791 0.3661469 -7.5700 1.0000000 1.0000 []
 | 5.6142 4.7388 58.9357 0.4974574 CC(C)n1c(/C=C/c2cccnc2)nc2ccccc2c1=O 1 O=c1c2ccccc2nc(/C=C/c2cccnc2)n1CC1CCCCC1 0.7412193 0.7412 0.3338605 -7.2000 1.0000000 1.0000 []
 | 14.5813 23.0291 47.9406 0.5544512 CC1CC(c2cc3ccccc3[nH]2)N(S(=O)(=O)Cc2ccccc2)C1 1 O=S(=O)(Cc1ccccc1)N1C=Cc2ccccc2C1c1c[nH]c2ccccc12 0.7673832 0.7674 0.4006032 -7.9500 1.0000000 1.0000 []
 | 12.5318 18.0491 54.5668 0.5673119 CCC(=O)N(c1ccccc1)C1CCN(C(=O)C/C=C/c2ccccc2F)CC1 1 CCC(=O)N(c1ccccc1)C1CCN(C(=O)[C@@H](N)C2Cc3ccccc3C2)CC1 0.7147685 0.7148 0.4502755 -8.4800 1.0000000 1.0000 []
 | 8.2400 12.8857 61.3882 0.5802646 CCC(=O)N(c1ccccc1)C1CCN(C(=O)CC(N)Cc2cccc(Cl)c2)CC1 1 CCC(=O)N(c1ccccc1)C1CCN(C(=O)[C@@H](N)C2Cc3ccccc3C2)CC1 0.7247847 0.7248 0.4645613 -8.6300 1.0000000 1.0000 []
 | 4.8393 4.4318 73.1464 0.6060801 CCC(=O)N(c1ccccc1)C1CCN(C(=O)CC(N)c2ccccc2)CC1 1 CCC(=O)N(c1ccccc1)C1CCN(C(=O)[C@@H](N)C2Cc3ccccc3C2)CC1 0.8351330 0.8351 0.4398499 -8.3700 1.0000000 1.0000 []
22:03:39 <INFO> Score: 0.50 Agent NLL: 7.33 Valid:  99% Step: 61
 | Agent Prior Target Score SMILES SMILES_state Input_SMILES QED QED (raw) maize maize (raw) Unwanted SMARTS Unwanted SMARTS (raw) matchting_patterns (Unwanted SMARTS)
 | 7.0942 23.1867 49.0373 0.5642501 CC(C)CS(=O)(=O)N1CCC(c2c[nH]c3ccccc23)C1 1 O=S(=O)(Cc1ccccc1)N1Cc2ccccc2C1c1c[nH]c2ccccc12 0.9439492 0.9439 0.3372831 -7.2400 1.0000000 1.0000 []
 | 11.6493 30.3519 30.6186 0.4763320 CC(C)C[C@@H](NC(=O)c1ccc2ccccc2n1)[C@H](O)CNC(=O)c1ccc2ccccc2c1 1 COc1ccc([C@H](C)NC(=O)[C@@H]2C[C@@H](O)CN2C(=O)CNC(=O)c2ccc3cc(F)ccc3n2)c(Cl)c1 0.3689568 0.3690 0.6149558 -10.2200 1.0000000 1.0000 []
 | 5.0832 25.2389 48.2081 0.5738045 CC(C)C[C@H](NC(=O)CNC(=O)c1ccc2ccccc2n1)c1ccccc1 1 COc1ccc([C@H](C)NC(=O)[C@@H]2C[C@@H](O)CN2C(=O)CNC(=O)c2ccc3cc(F)ccc3n2)c(Cl)c1 0.6585032 0.6585 0.5000000 -9.0000 1.0000000 1.0000 []
 | 8.5252 16.3031 43.6353 0.4682686 CC(C)N1CCN(c2cncc(/C=C/c3nc4ccccc4c(=O)n3Cc3ccccc3)c2)CC1 1 O=c1c2ccccc2nc(/C=C/c2cccnc2)n1Cc1ccc(Cl)cc1 0.4184911 0.4185 0.5239669 -9.2500 1.0000000 1.0000 []
 | 10.0224 16.2253 36.3663 0.4108712 CC(C)NC(=O)c1cc2c(=O)n3ccccc3nc2nc1Nc1ccccc1 1 C[C@H](NC(=O)c1cc2c(=O)n3ccccc3nc2[nH]c1=N)c1ccccc1 0.5367278 0.5367 0.3145265 -6.9700 1.0000000 1.0000 []
 | 7.1686 7.7843 58.0786 0.5145535 CC(C)n1c(/C=C/c2cccnc2)nc2c(Cl)cccc2c1=O 1 O=c1c2ccccc2nc(/C=C/c2cccnc2)n1CC1CCCCC1 0.7248747 0.7249 0.3652567 -7.5600 1.0000000 1.0000 []
 | 28.4450 40.2212 9.4510 0.3880644 CC(O)CCNCc1ccc2nc(/C=C/c3cccnc3)n(Cc3ccccc3)c(=O)c2n1 1 O=c1c2ccccc2nc(/C=C/c2cccnc2)n1Cc1ccccc1 0.3874445 0.3874 0.3886853 -7.8200 1.0000000 1.0000 []
 | 8.0562 14.2001 56.8264 0.5548941 CC1=CC(c2c[nH]c3ccccc23)N(S(=O)(=O)Cc2ccccc2)C1 1 O=S(=O)(Cc1ccccc1)N1C=Cc2ccccc2C1c1c[nH]c2ccccc12 0.7216725 0.7217 0.4266582 -8.2300 1.0000000 1.0000 []
 | 11.6625 19.1729 53.5055 0.5677994 CC1CCN(c2nc(NCCc3cnc[nH]3)nc(N3CCc4ccccc4C3)n2)CC1 1 CCNC1CN(c2nc(N3CCc4ccccc4C3)nc(N3CCc4ccccc4C3)n2)CCO1 0.6362469 0.6362 0.5067154 -9.0700 1.0000000 1.0000 []
 | 9.4345 19.1600 52.7885 0.5620975 CC1CC(c2c[nH]c3ccc(F)cc23)N(S(=O)(=O)Cc2ccccc2)C1 1 O=S(=O)(Cc1ccccc1)N1C=Cc2ccccc2C1c1c[nH]c2ccccc12 0.7454471 0.7454 0.4238444 -8.2000 1.0000000 1.0000 []
22:18:44 <INFO> Score: 0.51 Agent NLL: 7.16 Valid:  99% Step: 62
 | Agent Prior Target Score SMILES SMILES_state Input_SMILES QED QED (raw) maize maize (raw) Unwanted SMARTS Unwanted SMARTS (raw) matchting_patterns (Unwanted SMARTS)
 | 11.0131 19.1228 37.8494 0.4450952 CC(=O)c1nc2ccccc2c(=O)n1Cc1cccnc1 1 O=c1c2ccccc2nc(/C=C/c2cccnc2)n1Cc1ccccc1 0.6881585 0.6882 0.2878839 -6.6400 1.0000000 1.0000 []
 | 6.9593 11.7710 52.5171 0.5022508 CC(C)CS(=O)(=O)N1CCc2ccccc2C1c1c[nH]c2ccccc12 1 O=S(=O)(Cc1ccccc1)N1Cc2ccccc2C1c1c[nH]c2ccccc12 0.7536447 0.7536 0.3347146 -7.2100 1.0000000 1.0000 []
 | 12.2013 27.5510 37.2575 0.5063163 CC(C)N(Cc1c[nH]c2ccccc12)S(=O)(=O)CCc1ccccc1 1 O=S(=O)(Cc1ccccc1)N1Cc2ccccc2C1c1c[nH]c2ccccc12 0.6967527 0.6968 0.3679300 -7.5900 1.0000000 1.0000 []
 | 6.1143 22.6603 51.9508 0.5828995 CC(C)[C@H]1C[C@@H](O)CN1C(=O)CNC(=O)c1ccc2ccccc2n1 1 COc1ccc([C@H](C)NC(=O)[C@@H]2C[C@@H](O)CN2C(=O)CNC(=O)c2ccc3cc(F)ccc3n2)c(Cl)c1 0.8845096 0.8845 0.3841359 -7.7700 1.0000000 1.0000 []
 | 10.9895 21.0749 53.3670 0.5815778 CC1(C)CC(c2n[nH]c3ccccc23)N(S(=O)(=O)Cc2ccccc2)C1 1 O=S(=O)(Cc1ccccc1)N1C=Cc2ccccc2C1c1c[nH]c2ccccc12 0.7591682 0.7592 0.4455307 -8.4300 1.0000000 1.0000 []
 | 9.1194 27.9064 47.8498 0.5918455 CC1=C(c2c[nH]c3ccccc23)C(NS(=O)(=O)Cc2ccccc2)C1 1 O=S(=O)(Cc1ccccc1)N1C=Cc2ccccc2C1c1c[nH]c2ccccc12 0.7328856 0.7329 0.4779479 -8.7700 1.0000000 1.0000 []
 | 9.1859 24.9318 32.6152 0.4495854 CC1CCC(C)N1S(=O)(=O)Cc1ccccc1 1 O=S(=O)(Cc1ccccc1)N1Cc2ccccc2C1c1c[nH]c2ccccc12 0.8291611 0.8292 0.2437730 -6.0500 1.0000000 1.0000 []
 | 7.8379 8.5489 59.9719 0.5353183 CCC(=O)N(c1ccccc1)C1CCN(C(=O)CCc2c[nH]c3ccccc23)CC1 1 CCC(=O)N(c1ccccc1)C1CCN(C(=O)[C@@H](N)C2Cc3ccccc3C2)CC1 0.6571534 0.6572 0.4360713 -8.3300 1.0000000 1.0000 []
 | 5.6017 16.1210 55.9262 0.5628683 CCC(=O)N(c1ccccc1)C1CCN(C(=O)CCc2ccc(C)c(Cl)c2)CC1 1 CCC(=O)N(c1ccccc1)C1CCN(C(=O)[C@@H](N)C2Cc3ccccc3C2)CC1 0.6682304 0.6682 0.4741191 -8.7300 1.0000000 1.0000 []
 | 4.2282 10.9880 59.4580 0.5503594 CCC(=O)N(c1ccccc1)C1CCN(C(=O)CCc2cccc(C)c2)CC1 1 CCC(=O)N(c1ccccc1)C1CCN(C(=O)[C@@H](N)C2Cc3ccccc3C2)CC1 0.7491946 0.7492 0.4042948 -7.9900 1.0000000 1.0000 []
22:32:37 <INFO> Score: 0.52 Agent NLL: 7.27 Valid: 100% Step: 63
 | Agent Prior Target Score SMILES SMILES_state Input_SMILES QED QED (raw) maize maize (raw) Unwanted SMARTS Unwanted SMARTS (raw) matchting_patterns (Unwanted SMARTS)
 | 7.5909 10.3603 40.8034 0.3997158 S=c1c2ccccc2nc(/C=C/c2cccnc2)n1-c1ccccc1 1 O=c1c2ccccc2nc(/C=C/c2cccnc2)n1Cc1ccc(Cl)cc1 0.4725026 0.4725 0.3381415 -7.2500 1.0000000 1.0000 []
 | 8.4374 10.4578 48.0211 0.4568667 CC(C)=CCn1c(/C=C/c2cccnc2)nc2ccccc2c1=O 1 O=c1c2ccccc2nc(/C=C/c2cccnc2)n1Cc1ccc(Cl)cc1 0.6850620 0.6851 0.3046836 -6.8500 1.0000000 1.0000 []
 | 11.0394 23.8835 42.2236 0.5164616 CC(C)C1Cc2ccccc2CN1S(=O)(=O)Cc1ccccc1 1 O=S(=O)(Cc1ccccc1)N1Cc2ccccc2C1c1c[nH]c2ccccc12 0.8593068 0.8593 0.3104044 -6.9200 1.0000000 1.0000 []
 | 17.5363 34.0217 21.5515 0.4341657 CC(C)CCN(C1Cc2ccccc2C1c1nccn1C)S(=O)(=O)Cc1ccccc1 1 O=S(=O)(Cc1ccccc1)N1C=Cc2ccccc2C1c1c[nH]c2ccccc12 0.5262880 0.5263 0.3581687 -7.4800 1.0000000 1.0000 []
 | 6.8279 24.6284 35.4745 0.4695539 CC(C)COc1ccc2c(c1)NC(=O)CC(c1cccc(C(=O)N3CCCC3)c1)=N2 1 CN1CCN(C(=O)c2cccc(C3=Nc4ccc(C#Cc5ccccc5)cc4NC(=O)C3)c2)CC1 0.8004045 0.8004 0.2754618 -6.4800 1.0000000 1.0000 []
 | 5.7996 6.7922 56.8823 0.4974574 CC(C)n1c(/C=C/c2cccnc2)nc2ccccc2c1=O 1 O=c1c2ccccc2nc(/C=C/c2cccnc2)n1Cc1ccccc1 0.7412193 0.7412 0.3338605 -7.2000 1.0000000 1.0000 []
 | 10.3323 25.7152 31.8654 0.4498485 CC1CCN(c2nc(NCCN)nc(N3CCNCC3)n2)CC1 1 CCNC1CN(c2nc(N3CCc4ccccc4C3)nc(N3CCc4ccccc4C3)n2)CCO1 0.6915405 0.6915 0.2926273 -6.7000 1.0000000 1.0000 []
 | 7.5231 10.9376 64.2090 0.5870826 CCC(=O)N(c1ccccc1)C1CCN(C(=O)CC(N)c2ccc(C#N)cc2)CC1 1 CCC(=O)N(c1ccccc1)C1CCN(C(=O)[C@@H](N)C2Cc3ccccc3C2)CC1 0.7990242 0.7990 0.4313586 -8.2800 1.0000000 1.0000 []
 | 8.5046 16.3129 52.3732 0.5366100 CCC(=O)N(c1ccccc1)C1CCN(C(=O)CCc2c(-c3ccccc3)noc2C)CC1 1 CCC(=O)N(c1ccccc1)C1CCN(C(=O)[C@@H](N)C2Cc3ccccc3C2)CC1 0.5123303 0.5123 0.5620403 -9.6500 1.0000000 1.0000 []
 | 9.3997 29.8444 41.1786 0.5548674 CCC(=O)N(c1ccccc1)C1CCN(C(=O)CCc2cc(F)cc(Cl)c2)CC1 1 CCC(=O)N(c1ccccc1)C1CCN(C(=O)[C@@H](N)C2Cc3ccccc3C2)CC1 0.6751983 0.6752 0.4559814 -8.5400 1.0000000 1.0000 []
22:47:24 <INFO> Score: 0.51 Agent NLL: 7.16 Valid:  99% Step: 64
 | Agent Prior Target Score SMILES SMILES_state Input_SMILES QED QED (raw) maize maize (raw) Unwanted SMARTS Unwanted SMARTS (raw) matchting_patterns (Unwanted SMARTS)
 | 12.5243 27.1952 42.4517 0.5441167 S=c1c2cccnc2nc(C2=CCNCC2)n1CC1CCCCC1 1 O=c1c2ccccc2nc(/C=C/c2cccnc2)n1CC1CCCCC1 0.8537418 0.8537 0.3467828 -7.3500 1.0000000 1.0000 []
 | 8.0078 10.0393 55.6688 0.5133449 CC(C)n1c(/C=C/c2ccccn2)nc2ccccc2c1=O 1 O=c1c2ccccc2nc(/C=C/c2cccnc2)n1Cc1ccccc1 0.7412193 0.7412 0.3555263 -7.4500 1.0000000 1.0000 []
 | 9.6656 10.4297 52.7184 0.4933445 CC(O)Cn1c(/C=C/c2cccnc2)nc2ccccc2c1=O 1 O=c1c2ccccc2nc(/C=C/c2cccnc2)n1CC1CCCCC1 0.8031045 0.8031 0.3030600 -6.8300 1.0000000 1.0000 []
 | 8.7877 6.6979 62.0161 0.5368283 CCC(=O)N(c1ccccc1)C1CCN(C(=O)CC(N)c2cccc(OC)c2)CC1 1 CCC(=O)N(c1ccccc1)C1CCN(C(=O)[C@@H](N)C2Cc3ccccc3C2)CC1 0.7591665 0.7592 0.3796066 -7.7200 1.0000000 1.0000 []
 | 5.3573 6.5718 55.6538 0.4861379 CCC(=O)N(c1ccccc1)C1CCN(C(=O)CCc2ccc(OC)cc2)CC1 1 CCC(=O)N(c1ccccc1)C1CCN(C(=O)[C@@H](N)C2Cc3ccccc3C2)CC1 0.7115038 0.7115 0.3321558 -7.1800 1.0000000 1.0000 []
 | 4.0648 8.8779 58.0217 0.5226536 CCC(=O)N(c1ccccc1)C1CCN(C(=O)CCc2cccc(F)c2)CC1 1 CCC(=O)N(c1ccccc1)C1CCN(C(=O)[C@@H](N)C2Cc3ccccc3C2)CC1 0.7515337 0.7515 0.3634790 -7.5400 1.0000000 1.0000 []
 | 6.9915 15.0401 43.3063 0.4558316 CCC(=O)N(c1ccccc1)C1CCN(C(=O)CCc2ccccc2-c2ccccc2)CC1 1 CCC(=O)N(c1ccccc1)C1CCN(C(=O)[C@@H](N)C2Cc3ccccc3C2)CC1 0.4713805 0.4714 0.4407956 -8.3800 1.0000000 1.0000 []
 | 4.5224 8.1732 59.0802 0.5254167 CCC(=O)N(c1ccccc1)C1CCN(C(=O)CCc2ccccc2Br)CC1 1 CCC(=O)N(c1ccccc1)C1CCN(C(=O)[C@@H](N)C2Cc3ccccc3C2)CC1 0.6427881 0.6428 0.4294770 -8.2600 1.0000000 1.0000 []
 | 3.6981 6.6323 64.0403 0.5521292 CCC(=O)N(c1ccccc1)C1CCN(C(=O)CCc2ccccc2Cl)CC1 1 CCC(=O)N(c1ccccc1)C1CCN(C(=O)[C@@H](N)C2Cc3ccccc3C2)CC1 0.7067128 0.7067 0.4313586 -8.2800 1.0000000 1.0000 []
 | 8.8568 24.3436 52.7856 0.6025717 CCC(=O)N(c1ccccc1)C1CCN(C(=O)C[C@@H](N)Cc2ccc(C)c(F)c2)CC1 1 CCC(=O)N(c1ccccc1)C1CCN(C(=O)[C@@H](N)C2Cc3ccccc3C2)CC1 0.7332198 0.7332 0.4952031 -8.9500 1.0000000 1.0000 []
23:00:51 <INFO> Score: 0.51 Agent NLL: 6.99 Valid:  99% Step: 65
 | Agent Prior Target Score SMILES SMILES_state Input_SMILES QED QED (raw) maize maize (raw) Unwanted SMARTS Unwanted SMARTS (raw) matchting_patterns (Unwanted SMARTS)
 | 17.6183 18.7462 -18.7462 0.0000000 CC(C)(C)OC(=O)N1C[C@H](O)C[C@H]1Cn1c(/C=C/c2cccnc2)nc2ccc(Cl)cc2c1=O 1 O=c1c2ccccc2nc(/C=C/c2cccnc2)n1Cc1ccccc1 0.0000000 0.0000 0.0000000 0.0000 0.0000000 0.0000 ['C(=[O,S])[O,S]']
 | 11.5838 14.3605 45.8362 0.4702862 CC(C)(C)S(=O)(=O)N1Cc2ccccc2C1c1c[nH]c2ccccc12 1 O=S(=O)(Cc1ccccc1)N1Cc2ccccc2C1c1c[nH]c2ccccc12 0.7496848 0.7497 0.2950162 -6.7300 1.0000000 1.0000 []
 | 4.9776 25.2389 48.2081 0.5738045 CC(C)C[C@H](NC(=O)CNC(=O)c1ccc2ccccc2n1)c1ccccc1 1 COc1ccc([C@H](C)NC(=O)[C@@H]2C[C@@H](O)CN2C(=O)CNC(=O)c2ccc3cc(F)ccc3n2)c(Cl)c1 0.6585032 0.6585 0.5000000 -9.0000 1.0000000 1.0000 []
 | 8.6103 14.0947 48.0766 0.4857131 CC(C)N1CCC(n2c(/C=C/c3cccnc3)nc3ccccc3c2=O)CC1 1 O=c1c2ccccc2nc(/C=C/c2cccnc2)n1CC1CCCCC1 0.6924019 0.6924 0.3407230 -7.2800 1.0000000 1.0000 []
 | 5.6426 16.5528 51.2815 0.5299559 CC(C)N1CCN(C(=O)c2cccc(C3=Nc4ccccc4NC(=O)C3)c2)CC1 1 CN1CCN(C(=O)c2cccc(C3=Nc4ccc(C#Cc5ccccc5)cc4NC(=O)C3)c2)CC1 0.8744337 0.8744 0.3211831 -7.0500 1.0000000 1.0000 []
 | 5.5533 4.7388 58.9357 0.4974574 CC(C)n1c(/C=C/c2cccnc2)nc2ccccc2c1=O 1 O=c1c2ccccc2nc(/C=C/c2cccnc2)n1CC1CCCCC1 0.7412193 0.7412 0.3338605 -7.2000 1.0000000 1.0000 []
 | 10.1107 18.9564 48.6234 0.5279668 CC(O)c1ccc2nc(/C=C/c3cccnc3)n(CC3CCCCC3)c(=O)c2c1 1 O=c1c2ccccc2nc(/C=C/c2cccnc2)n1CC1CCCCC1 0.6926342 0.6926 0.4024476 -7.9700 1.0000000 1.0000 []
 | 14.2313 23.8976 42.6728 0.5200811 CC(c1ccc2nc(/C=C/c3ccccn3)n(CC3CCCCC3)c(=O)c2c1)N1CCOCC1 1 O=c1c2ccccc2nc(/C=C/c2cccnc2)n1CC1CCCCC1 0.5238856 0.5239 0.5163041 -9.1700 1.0000000 1.0000 []
 | 16.7621 27.6075 48.8940 0.5976678 CC1(Nc2nc(N3CCNCC3)nc(N3CCc4ccccc4C3)n2)CCNC1 1 CCNC1CN(c2nc(N3CCc4ccccc4C3)nc(N3CCc4ccccc4C3)n2)CCO1 0.7089722 0.7090 0.5038376 -9.0400 1.0000000 1.0000 []
 | 10.6895 23.8225 47.6508 0.5583852 CC1CCN(S(=O)(=O)Cc2ccc(Cl)cc2)C(c2c[nH]c3ccccc23)C1 1 O=S(=O)(Cc1ccccc1)N1Cc2ccccc2C1c1c[nH]c2ccccc12 0.6576281 0.6576 0.4741191 -8.7300 1.0000000 1.0000 []
23:13:47 <INFO> Score: 0.51 Agent NLL: 7.05 Valid: 100% Step: 66
 | Agent Prior Target Score SMILES SMILES_state Input_SMILES QED QED (raw) maize maize (raw) Unwanted SMARTS Unwanted SMARTS (raw) matchting_patterns (Unwanted SMARTS)
 | 8.6291 10.2805 42.7600 0.4143789 S=c1c2ccccc2nc(/C=C/c2cccnc2)n1Cc1ccccn1 1 O=c1c2ccccc2nc(/C=C/c2cccnc2)n1Cc1ccc(Cl)cc1 0.4939120 0.4939 0.3476527 -7.3600 1.0000000 1.0000 []
 | 10.4121 9.8918 48.4858 0.4560748 CC(C)Cn1c(/C=C/c2cccnc2)nc2cc(Cl)c(Cl)cc2c1=O 1 O=c1c2ccccc2nc(/C=C/c2cccnc2)n1CC1CCCCC1 0.6510058 0.6510 0.3195120 -7.0300 1.0000000 1.0000 []
 | 8.5361 29.6013 48.2796 0.6084443 CC(C)NC(=O)[C@H]1CCCN1C(=O)CNC(=O)c1ccc2ccccc2n1 1 COc1ccc([C@H](C)NC(=O)[C@@H]2C[C@@H](O)CN2C(=O)CNC(=O)c2ccc3cc(F)ccc3n2)c(Cl)c1 0.8362642 0.8363 0.4426883 -8.4000 1.0000000 1.0000 []
 | 9.1309 10.7668 46.4970 0.4473735 CC(NC(=O)c1cc2c(=O)n3cc(Cl)ccc3nc2n(C)c1=N)c1ccccc1 1 C[C@H](NC(=O)c1cc2c(=O)n3ccccc3nc2[nH]c1=N)c1ccccc1 0.5113199 0.5113 0.3914244 -7.8500 1.0000000 1.0000 []
 | 11.4733 21.3773 45.6261 0.5234642 CC1CC(c2c[nH]c3c(Cl)cccc23)N(S(=O)(=O)Cc2ccccc2)C1 1 O=S(=O)(Cc1ccccc1)N1Cc2ccccc2C1c1c[nH]c2ccccc12 0.7016832 0.7017 0.3905106 -7.8400 1.0000000 1.0000 []
 | 8.9857 9.9446 55.7340 0.5131147 CCC(=O)N(c1ccccc1)C1CCN(C(=O)C(C)c2ccccc2)CC1 1 CCC(=O)N(c1ccccc1)C1CCN(C(=O)[C@@H](N)C2Cc3ccccc3C2)CC1 0.7967390 0.7967 0.3304554 -7.1600 1.0000000 1.0000 []
 | 8.5414 2.7466 67.1462 0.5460374 CCC(=O)N(c1ccccc1)C1CCN(C(=O)CC(N)c2ccc(Cl)cc2)CC1 1 CCC(=O)N(c1ccccc1)C1CCN(C(=O)[C@@H](N)C2Cc3ccccc3C2)CC1 0.7725207 0.7725 0.3859532 -7.7900 1.0000000 1.0000 []
 | 4.0477 8.5369 59.5969 0.5322952 CCC(=O)N(c1ccccc1)C1CCN(C(=O)CCc2ccc(Br)cc2)CC1 1 CCC(=O)N(c1ccccc1)C1CCN(C(=O)[C@@H](N)C2Cc3ccccc3C2)CC1 0.6427881 0.6428 0.4407956 -8.3800 1.0000000 1.0000 []
 | 4.8897 9.0913 61.5452 0.5518478 CCC(=O)N(c1ccccc1)C1CCN(C(=O)CCc2ccc(F)cc2)CC1 1 CCC(=O)N(c1ccccc1)C1CCN(C(=O)[C@@H](N)C2Cc3ccccc3C2)CC1 0.7515337 0.7515 0.4052193 -8.0000 1.0000000 1.0000 []
 | 5.0379 11.1333 61.3145 0.5659989 CCC(=O)N(c1ccccc1)C1CCN(C(=O)CCc2ccc(O)cc2)CC1 1 CCC(=O)N(c1ccccc1)C1CCN(C(=O)[C@@H](N)C2Cc3ccccc3C2)CC1 0.8300352 0.8300 0.3859532 -7.7900 1.0000000 1.0000 []
23:29:31 <INFO> Score: 0.51 Agent NLL: 7.21 Valid:  99% Step: 67
 | Agent Prior Target Score SMILES SMILES_state Input_SMILES QED QED (raw) maize maize (raw) Unwanted SMARTS Unwanted SMARTS (raw) matchting_patterns (Unwanted SMARTS)
 | 11.2208 16.7472 39.7187 0.4411404 CC(C)(C)c1ccc2nc(/C=C/c3cccnc3)n(Cc3ccccc3)c(=O)c2c1 1 O=c1c2ccccc2nc(/C=C/c2cccnc2)n1Cc1ccc(Cl)cc1 0.4705484 0.4705 0.4135703 -8.0900 1.0000000 1.0000 []
 | 5.5810 6.7922 56.8823 0.4974574 CC(C)n1c(/C=C/c2cccnc2)nc2ccccc2c1=O 1 O=c1c2ccccc2nc(/C=C/c2cccnc2)n1Cc1ccccc1 0.7412193 0.7412 0.3338605 -7.2000 1.0000000 1.0000 []
 | 17.5821 39.5558 30.2212 0.5451322 CC1CCC(S(=O)(=O)N2CCc3ccccc3C2c2c[nH]c3c(O)cccc23)CC1 1 O=S(=O)(Cc1ccccc1)N1Cc2ccccc2C1c1c[nH]c2ccccc12 0.6383650 0.6384 0.4655160 -8.6400 1.0000000 1.0000 []
 | 5.3944 14.6456 53.5310 0.5326298 CC1CCN(S(=O)(=O)Cc2ccccc2)C(c2c[nH]c3ccccc23)C1 1 O=S(=O)(Cc1ccccc1)N1C=Cc2ccccc2C1c1c[nH]c2ccccc12 0.7385263 0.7385 0.3841359 -7.7700 1.0000000 1.0000 []
 | 4.9324 17.9369 48.4499 0.5186469 CCC(=O)N(c1ccccc1)C1CCN(C(=O)CCc2cc(Cl)cc(Cl)c2)CC1 1 CCC(=O)N(c1ccccc1)C1CCN(C(=O)[C@@H](N)C2Cc3ccccc3C2)CC1 0.6155267 0.6155 0.4370153 -8.3400 1.0000000 1.0000 []
 | 4.0367 7.4508 65.0764 0.5666194 CCC(=O)N(c1ccccc1)C1CCN(C(=O)CCc2ccc(C)cc2)CC1 1 CCC(=O)N(c1ccccc1)C1CCN(C(=O)[C@@H](N)C2Cc3ccccc3C2)CC1 0.7491946 0.7492 0.4285368 -8.2500 1.0000000 1.0000 []
 | 5.0801 13.3790 55.8383 0.5407605 CCC(=O)N(c1ccccc1)C1CCN(C(=O)CCc2ccc(Cl)c(Cl)c2)CC1 1 CCC(=O)N(c1ccccc1)C1CCN(C(=O)[C@@H](N)C2Cc3ccccc3C2)CC1 0.6155267 0.6155 0.4750760 -8.7400 1.0000000 1.0000 []
 | 4.0487 6.4875 64.8005 0.5569375 CCC(=O)N(c1ccccc1)C1CCN(C(=O)CCc2ccc(Cl)cc2)CC1 1 CCC(=O)N(c1ccccc1)C1CCN(C(=O)[C@@H](N)C2Cc3ccccc3C2)CC1 0.7067128 0.7067 0.4389045 -8.3600 1.0000000 1.0000 []
 | 4.8753 9.0913 61.5452 0.5518478 CCC(=O)N(c1ccccc1)C1CCN(C(=O)CCc2ccc(F)cc2)CC1 1 CCC(=O)N(c1ccccc1)C1CCN(C(=O)[C@@H](N)C2Cc3ccccc3C2)CC1 0.7515337 0.7515 0.4052193 -8.0000 1.0000000 1.0000 []
 | 5.4385 5.8135 59.4931 0.5102078 CCC(=O)N(c1ccccc1)C1CCN(C(=O)CCc2ccc(OC)c(Cl)c2)CC1 1 CCC(=O)N(c1ccccc1)C1CCN(C(=O)[C@@H](N)C2Cc3ccccc3C2)CC1 0.6409342 0.6409 0.4061447 -8.0100 1.0000000 1.0000 []
23:42:01 <INFO> Score: 0.51 Agent NLL: 7.24 Valid:  99% Step: 68
 | Agent Prior Target Score SMILES SMILES_state Input_SMILES QED QED (raw) maize maize (raw) Unwanted SMARTS Unwanted SMARTS (raw) matchting_patterns (Unwanted SMARTS)
 | 13.3139 16.8355 -16.8355 0.0000000 CC(C)(C)OC(=O)N1CCN(c2cnc(/C=C/c3nc4ccccc4c(=O)n3Cc3ccccc3)cn2)CC1 1 O=c1c2ccccc2nc(/C=C/c2cccnc2)n1Cc1ccc(Cl)cc1 0.0000000 0.0000 0.0000000 0.0000 0.0000000 0.0000 ['C(=[O,S])[O,S]']
 | 8.7010 9.0989 51.5280 0.4736481 CC(C)Cn1c(/C=C/c2cccnc2)nc2cc(F)ccc2c1=O 1 O=c1c2ccccc2nc(/C=C/c2cccnc2)n1CC1CCCCC1 0.7343520 0.7344 0.3054973 -6.8600 1.0000000 1.0000 []
 | 6.5522 23.1003 49.9945 0.5710527 CC(C)N1CCN(c2ccc3c(c2)NC(=O)CC(c2cccc(C(=O)N4CCCC4)c2)=N3)CC1 1 CN1CCN(C(=O)c2cccc(C3=Nc4ccc(C#Cc5ccccc5)cc4NC(=O)C3)c2)CC1 0.7526995 0.7527 0.4332423 -8.3000 1.0000000 1.0000 []
 | 6.4309 21.4687 47.2262 0.5366787 CC(C)c1ccccc1NC(=O)[C@@H]1CCCN1C(=O)CNC(=O)c1ccc2ccccc2n1 1 COc1ccc([C@H](C)NC(=O)[C@@H]2C[C@@H](O)CN2C(=O)CNC(=O)c2ccc3cc(F)ccc3n2)c(Cl)c1 0.6062694 0.6063 0.4750760 -8.7400 1.0000000 1.0000 []
 | 9.5709 23.0029 52.4941 0.5898206 CC(C)c1ccccc1NC(=O)[C@@H]1C[C@H](F)CN1C(=O)CNC(=O)c1ccc2ccccc2n1 1 COc1ccc([C@H](C)NC(=O)[C@@H]2C[C@@H](O)CN2C(=O)CNC(=O)c2ccc3cc(F)ccc3n2)c(Cl)c1 0.5849020 0.5849 0.5947807 -10.0000 1.0000000 1.0000 []
 | 5.5222 6.7922 56.8823 0.4974574 CC(C)n1c(/C=C/c2cccnc2)nc2ccccc2c1=O 1 O=c1c2ccccc2nc(/C=C/c2cccnc2)n1Cc1ccccc1 0.7412193 0.7412 0.3338605 -7.2000 1.0000000 1.0000 []
 | 19.9111 32.9661 39.8225 0.5686606 CC1CCc2c(CNc3nc(N4CCN(CCO)CC4)nc(N4CCc5ccccc5C4)n3)cccc2C1 1 CCNC1CN(c2nc(N3CCc4ccccc4C3)nc(N3CCc4ccccc4C3)n2)CCO1 0.4983754 0.4984 0.6488580 -10.6000 1.0000000 1.0000 []
 | 7.4926 16.3129 52.3732 0.5366100 CCC(=O)N(c1ccccc1)C1CCN(C(=O)CCc2c(-c3ccccc3)noc2C)CC1 1 CCC(=O)N(c1ccccc1)C1CCN(C(=O)[C@@H](N)C2Cc3ccccc3C2)CC1 0.5123303 0.5123 0.5620403 -9.6500 1.0000000 1.0000 []
 | 4.9456 16.8178 49.1724 0.5155483 CCC(=O)N(c1ccccc1)C1CCN(C(=O)CCc2cc(F)cc(F)c2)CC1 1 CCC(=O)N(c1ccccc1)C1CCN(C(=O)[C@@H](N)C2Cc3ccccc3C2)CC1 0.7241486 0.7241 0.3670380 -7.5800 1.0000000 1.0000 []
 | 4.0622 8.5369 59.5969 0.5322952 CCC(=O)N(c1ccccc1)C1CCN(C(=O)CCc2ccc(Br)cc2)CC1 1 CCC(=O)N(c1ccccc1)C1CCN(C(=O)[C@@H](N)C2Cc3ccccc3C2)CC1 0.6427881 0.6428 0.4407956 -8.3800 1.0000000 1.0000 []
23:54:27 <INFO> Score: 0.51 Agent NLL: 6.90 Valid:  99% Step: 69
 | Agent Prior Target Score SMILES SMILES_state Input_SMILES QED QED (raw) maize maize (raw) Unwanted SMARTS Unwanted SMARTS (raw) matchting_patterns (Unwanted SMARTS)
 | 7.0541 6.3923 44.7610 0.3996353 S=c1c2ccccc2nc(/C=C/c2cccnc2)n1Cc1ccccc1 1 O=c1c2ccccc2nc(/C=C/c2cccnc2)n1Cc1ccccc1 0.4605428 0.4605 0.3467828 -7.3500 1.0000000 1.0000 []
 | 7.1662 7.0155 51.4635 0.4568667 CC(C)=CCn1c(/C=C/c2cccnc2)nc2ccccc2c1=O 1 O=c1c2ccccc2nc(/C=C/c2cccnc2)n1CC1CCCCC1 0.6850620 0.6851 0.3046836 -6.8500 1.0000000 1.0000 []
 | 7.0322 8.1825 49.5472 0.4510130 CC(C)Cn1c(/C=C/c2cccnc2)nc2ccc(F)cc2c1=O 1 O=c1c2ccccc2nc(/C=C/c2cccnc2)n1CC1CCCCC1 0.7343520 0.7344 0.2769962 -6.5000 1.0000000 1.0000 []
 | 8.3791 14.0453 60.5912 0.5830975 CC(C)c1nc(N2CCN(C)CC2)nc(N2CCc3ccccc3C2)n1 1 CCNC1CN(c2nc(N3CCc4ccccc4C3)nc(N3CCc4ccccc4C3)n2)CCO1 0.8448373 0.8448 0.4024476 -7.9700 1.0000000 1.0000 []
 | 10.9881 14.7030 52.2284 0.5229019 CC(C)c1nc(N2CCN(c3ccccn3)CC2)nc(N2CCc3ccccc3C2)n1 1 CCNC1CN(c2nc(N3CCc4ccccc4C3)nc(N3CCc4ccccc4C3)n2)CCO1 0.6479741 0.6480 0.4219712 -8.1800 1.0000000 1.0000 []
 | 9.4596 14.8445 50.8637 0.5133449 CC(C)n1c(/C=C/c2ccccn2)nc2ccccc2c1=O 1 O=c1c2ccccc2nc(/C=C/c2cccnc2)n1Cc1ccc(Cl)cc1 0.7412193 0.7412 0.3555263 -7.4500 1.0000000 1.0000 []
 | 5.9889 9.0857 54.5889 0.4974574 CC(C)n1c(/C=C/c2cccnc2)nc2ccccc2c1=O 1 O=c1c2ccccc2nc(/C=C/c2cccnc2)n1Cc1ccc(Cl)cc1 0.7412193 0.7412 0.3338605 -7.2000 1.0000000 1.0000 []
 | 11.4912 32.5868 39.6135 0.5640651 CC1=C(c2c[nH]c3ccc(F)cc23)C(S(=O)(=O)Cc2ccccc2)C1 1 O=S(=O)(Cc1ccccc1)N1C=Cc2ccccc2C1c1c[nH]c2ccccc12 0.7506750 0.7507 0.4238444 -8.2000 1.0000000 1.0000 []
 | 6.4790 19.4865 45.3809 0.5067766 CC1=C(c2c[nH]c3ccccc23)N(S(=O)(=O)Cc2ccccc2)CC1 1 O=S(=O)(Cc1ccccc1)N1C=Cc2ccccc2C1c1c[nH]c2ccccc12 0.7672880 0.7673 0.3347146 -7.2100 1.0000000 1.0000 []
 | 12.4754 46.2105 24.3648 0.5513690 CC1CCN(C(=O)CNC(=O)c2ccc3ccccc3n2)C1C(=O)NCC1CCOCC1 1 COc1ccc([C@H](C)NC(=O)[C@@H]2C[C@@H](O)CN2C(=O)CNC(=O)c2ccc3cc(F)ccc3n2)c(Cl)c1 0.7156800 0.7157 0.4247818 -8.2100 1.0000000 1.0000 []
00:06:37 <INFO> Score: 0.51 Agent NLL: 7.04 Valid:  99% Step: 70
 | Agent Prior Target Score SMILES SMILES_state Input_SMILES QED QED (raw) maize maize (raw) Unwanted SMARTS Unwanted SMARTS (raw) matchting_patterns (Unwanted SMARTS)
 | 10.8322 12.1485 49.7017 0.4832050 C/C(=C\c1nc2ccccc2c(=O)n1CC1CCCCC1)c1ccncc1 1 O=c1c2ccccc2nc(/C=C/c2cccnc2)n1CC1CCCCC1 0.6632835 0.6633 0.3520170 -7.4100 1.0000000 1.0000 []
 | 7.1130 7.0155 51.4635 0.4568667 CC(C)=CCn1c(/C=C/c2cccnc2)nc2ccccc2c1=O 1 O=c1c2ccccc2nc(/C=C/c2cccnc2)n1CC1CCCCC1 0.6850620 0.6851 0.3046836 -6.8500 1.0000000 1.0000 []
 | 6.9596 16.2877 50.1672 0.5191786 CC(C)CCS(=O)(=O)N1CCc2ccccc2C1c1c[nH]c2ccccc12 1 O=S(=O)(Cc1ccccc1)N1Cc2ccccc2C1c1c[nH]c2ccccc12 0.7066997 0.7067 0.3814158 -7.7400 1.0000000 1.0000 []
 | 11.2356 23.8360 32.3728 0.4391310 CC(C)N1CCN(C(=O)c2cccc(C3=Nc4ccc(C#N)cc4NC(=O)C3)c2)CC1 1 CN1CCN(C(=O)c2cccc(C3=Nc4ccc(C#Cc5ccccc5)cc4NC(=O)C3)c2)CC1 0.8338311 0.8338 0.2312651 -5.8700 1.0000000 1.0000 []
 | 5.9013 21.4687 47.2262 0.5366787 CC(C)c1ccccc1NC(=O)[C@@H]1CCCN1C(=O)CNC(=O)c1ccc2ccccc2n1 1 COc1ccc([C@H](C)NC(=O)[C@@H]2C[C@@H](O)CN2C(=O)CNC(=O)c2ccc3cc(F)ccc3n2)c(Cl)c1 0.6062694 0.6063 0.4750760 -8.7400 1.0000000 1.0000 []
 | 5.0893 4.7388 58.9357 0.4974574 CC(C)n1c(/C=C/c2cccnc2)nc2ccccc2c1=O 1 O=c1c2ccccc2nc(/C=C/c2cccnc2)n1CC1CCCCC1 0.7412193 0.7412 0.3338605 -7.2000 1.0000000 1.0000 []
 | 10.9810 12.3426 44.4086 0.4433685 CC/C=C/Cn1c(/C=C/c2cccnc2)nc2ccccc2c1=O 1 O=c1c2ccccc2nc(/C=C/c2cccnc2)n1CC1CCCCC1 0.6699407 0.6699 0.2934224 -6.7100 1.0000000 1.0000 []
 | 10.0057 18.1909 52.7086 0.5539026 CC1(C)C[C@@H](c2c[nH]c3ccccc23)N(S(=O)(=O)Cc2ccccc2)C1 1 O=S(=O)(Cc1ccccc1)N1C=Cc2ccccc2C1c1c[nH]c2ccccc12 0.7385263 0.7385 0.4154329 -8.1100 1.0000000 1.0000 []
 | 16.0029 35.5824 29.5441 0.5088011 CC1CC(Cn2ccc3ccncc32)N(S(=O)(=O)Cc2ccccc2)C1 1 O=S(=O)(Cc1ccccc1)N1C=Cc2ccccc2C1c1c[nH]c2ccccc12 0.6934850 0.6935 0.3733009 -7.6500 1.0000000 1.0000 []
 | 9.2659 19.9602 51.9883 0.5620975 CC1CC(c2c[nH]c3ccc(F)cc23)N(S(=O)(=O)Cc2ccccc2)C1 1 O=S(=O)(Cc1ccccc1)N1Cc2ccccc2C1c1c[nH]c2ccccc12 0.7454471 0.7454 0.4238444 -8.2000 1.0000000 1.0000 []
00:19:09 <INFO> Score: 0.52 Agent NLL: 6.92 Valid: 100% Step: 71
 | Agent Prior Target Score SMILES SMILES_state Input_SMILES QED QED (raw) maize maize (raw) Unwanted SMARTS Unwanted SMARTS (raw) matchting_patterns (Unwanted SMARTS)
 | 8.7592 11.7342 51.8421 0.4966896 CC(=O)n1c(/C=C/c2cccnc2)nc2ccccc2c1=O 1 O=c1c2ccccc2nc(/C=C/c2cccnc2)n1Cc1ccccc1 0.7277285 0.7277 0.3390009 -7.2600 1.0000000 1.0000 []
 | 7.0315 7.0155 51.4635 0.4568667 CC(C)=CCn1c(/C=C/c2cccnc2)nc2ccccc2c1=O 1 O=c1c2ccccc2nc(/C=C/c2cccnc2)n1CC1CCCCC1 0.6850620 0.6851 0.3046836 -6.8500 1.0000000 1.0000 []
 | 6.8504 24.6284 35.4745 0.4695539 CC(C)COc1ccc2c(c1)NC(=O)CC(c1cccc(C(=O)N3CCCC3)c1)=N2 1 CN1CCN(C(=O)c2cccc(C3=Nc4ccc(C#Cc5ccccc5)cc4NC(=O)C3)c2)CC1 0.8004045 0.8004 0.2754618 -6.4800 1.0000000 1.0000 []
 | 17.3995 44.8789 7.1090 0.4061556 CC(C)Sc1cc2c(cc1C(F)(F)F)NC(=O)CC(c1cccc(C(=O)N3CCNCC3)c1)=N2 1 CN1CCN(C(=O)c2cccc(C3=Nc4ccc(C#Cc5ccccc5)cc4NC(=O)C3)c2)CC1 0.6089644 0.6090 0.2708900 -6.4200 1.0000000 1.0000 []
 | 9.4569 24.3900 50.4831 0.5849466 CC(C)c1ccccc1[C@H]1C[C@@H](O)CN1C(=O)CNC(=O)c1ccc2ccccc2n1 1 COc1ccc([C@H](C)NC(=O)[C@@H]2C[C@@H](O)CN2C(=O)CNC(=O)c2ccc3cc(F)ccc3n2)c(Cl)c1 0.6664268 0.6664 0.5134286 -9.1400 1.0000000 1.0000 []
 | 8.4763 13.3867 46.9490 0.4713724 CC(NC(=O)c1cc2c(=O)n3cccc(Cl)c3nc2nc1N)c1ccccc1 1 C[C@H](NC(=O)c1cc2c(=O)n3ccccc3nc2[nH]c1=N)c1ccccc1 0.5207727 0.5208 0.4266582 -8.2300 1.0000000 1.0000 []
 | 10.1186 24.0986 52.1141 0.5954115 CC1CC(c2c[nH]c3ccccc23)N(S(=O)(=O)Cc2cccnc2)C1 1 O=S(=O)(Cc1ccccc1)N1Cc2ccccc2C1c1c[nH]c2ccccc12 0.7791029 0.7791 0.4550295 -8.5300 1.0000000 1.0000 []
 | 8.0425 21.8830 45.6827 0.5278570 CC1CCN(S(=O)(=O)Cc2ccccc2)C(c2c[nH]c3cc(F)ccc23)C1 1 O=S(=O)(Cc1ccccc1)N1Cc2ccccc2C1c1c[nH]c2ccccc12 0.7118440 0.7118 0.3914244 -7.8500 1.0000000 1.0000 []
 | 8.2057 21.7772 38.7094 0.4725519 CC1CCN(S(=O)(=O)Cc2ccccc2)C(c2c[nH]c3ccc(F)cc23)C1 1 O=S(=O)(Cc1ccccc1)N1Cc2ccccc2C1c1c[nH]c2ccccc12 0.7118440 0.7118 0.3136998 -6.9600 1.0000000 1.0000 []
 | 16.9279 17.7073 59.6158 0.6040867 CC1CN(c2nc(Nc3cccnc3)nc(N3CCc4ccccc4C3)n2)CC(C)N1 1 CCNC1CN(c2nc(N3CCc4ccccc4C3)nc(N3CCc4ccccc4C3)n2)CCO1 0.6719633 0.6720 0.5430665 -9.4500 1.0000000 1.0000 []
00:32:05 <INFO> Score: 0.51 Agent NLL: 6.83 Valid: 100% Step: 72
 | Agent Prior Target Score SMILES SMILES_state Input_SMILES QED QED (raw) maize maize (raw) Unwanted SMARTS Unwanted SMARTS (raw) matchting_patterns (Unwanted SMARTS)
 | 8.4553 9.3270 42.6592 0.4061429 S=c1c2ccccc2nc(/C=C/c2ccccn2)n1Cc1ccccc1 1 O=c1c2ccccc2nc(/C=C/c2cccnc2)n1Cc1ccccc1 0.4605428 0.4605 0.3581687 -7.4800 1.0000000 1.0000 []
 | 12.4470 17.3754 -17.3754 0.0000000 CC(C)(C)OC(=O)N1CCN(c2ccc(/C=C/c3nc4ccccc4c(=O)n3Cc3cccnc3)cn2)CC1 1 O=c1c2ccccc2nc(/C=C/c2cccnc2)n1Cc1ccc(Cl)cc1 0.0000000 0.0000 0.0000000 0.0000 0.0000000 0.0000 ['C(=[O,S])[O,S]']
 | 6.9792 17.1302 45.4527 0.4889287 CC(C)N1CCN(C(=O)c2cccc(C3=Nc4ccc(Cl)cc4NC(=O)C3)c2)CC1 1 CN1CCN(C(=O)c2cccc(C3=Nc4ccc(C#Cc5ccccc5)cc4NC(=O)C3)c2)CC1 0.8102988 0.8103 0.2950162 -6.7300 1.0000000 1.0000 []
 | 7.8981 28.9789 50.8707 0.6238254 CC(C)N1CCN(c2ccc3c(c2)CC(c2cccc(C(=O)N4CCCC4)c2)=N3)CC1 1 CN1CCN(C(=O)c2cccc(C3=Nc4ccc(C#Cc5ccccc5)cc4NC(=O)C3)c2)CC1 0.7523415 0.7523 0.5172626 -9.1800 1.0000000 1.0000 []
 | 10.0664 11.9980 40.0347 0.4065051 CC(C)NC(=O)c1cc2c(=O)n3ccccc3nc2n(C)c1=N 1 C[C@H](NC(=O)c1cc2c(=O)n3ccccc3nc2[nH]c1=N)c1ccccc1 0.6857999 0.6858 0.2409542 -6.0100 1.0000000 1.0000 []
 | 8.0568 13.2624 42.3830 0.4347298 CC(NC(=O)c1cc2c(=O)n3ccc(F)cc3nc2n(C)c1=N)c1ccccc1 1 C[C@H](NC(=O)c1cc2c(=O)n3ccccc3nc2[nH]c1=N)c1ccccc1 0.5250672 0.5251 0.3599350 -7.5000 1.0000000 1.0000 []
 | 7.9577 12.6742 59.9111 0.5670727 CC1CCN(c2nc(N3CCN(c4ccccn4)CC3)nc(N3CCc4ccccc4C3)n2)CC1 1 CCNC1CN(c2nc(N3CCc4ccccc4C3)nc(N3CCc4ccccc4C3)n2)CCO1 0.5750517 0.5751 0.5592044 -9.6200 1.0000000 1.0000 []
 | 4.7866 13.4891 56.0761 0.5434783 CCC(=O)N(c1ccccc1)C1CCN(C(=O)CCc2c(Cl)cccc2Cl)CC1 1 CCC(=O)N(c1ccccc1)C1CCN(C(=O)[C@@H](N)C2Cc3ccccc3C2)CC1 0.6155267 0.6155 0.4798633 -8.7900 1.0000000 1.0000 []
 | 5.0386 16.8178 49.1724 0.5155483 CCC(=O)N(c1ccccc1)C1CCN(C(=O)CCc2cc(F)cc(F)c2)CC1 1 CCC(=O)N(c1ccccc1)C1CCN(C(=O)[C@@H](N)C2Cc3ccccc3C2)CC1 0.7241486 0.7241 0.3670380 -7.5800 1.0000000 1.0000 []
 | 4.8144 9.0913 61.5452 0.5518478 CCC(=O)N(c1ccccc1)C1CCN(C(=O)CCc2ccc(F)cc2)CC1 1 CCC(=O)N(c1ccccc1)C1CCN(C(=O)[C@@H](N)C2Cc3ccccc3C2)CC1 0.7515337 0.7515 0.4052193 -8.0000 1.0000000 1.0000 []
00:44:54 <INFO> Score: 0.52 Agent NLL: 6.82 Valid: 100% Step: 73
 | Agent Prior Target Score SMILES SMILES_state Input_SMILES QED QED (raw) maize maize (raw) Unwanted SMARTS Unwanted SMARTS (raw) matchting_patterns (Unwanted SMARTS)
 | 9.1166 21.5085 45.9143 0.5267402 CC(C)(C)C1CC(c2c[nH]c3ccccc23)N(S(=O)(=O)Cc2ccccc2)C1 1 O=S(=O)(Cc1ccccc1)N1Cc2ccccc2C1c1c[nH]c2ccccc12 0.6663747 0.6664 0.4163653 -8.1200 1.0000000 1.0000 []
 | 11.3236 16.8773 53.7195 0.5515376 CC(C)CNC(=O)[C@@H]1CCCN1C(=O)CNC(=O)c1ccc2cc(Cl)ccc2n1 1 COc1ccc([C@H](C)NC(=O)[C@@H]2C[C@@H](O)CN2C(=O)CNC(=O)c2ccc3cc(F)ccc3n2)c(Cl)c1 0.7558592 0.7559 0.4024476 -7.9700 1.0000000 1.0000 []
 | 8.4608 16.7748 53.0099 0.5451927 CC(C)C[C@H](NC(=O)CNC(=O)c1ccc2cc(F)ccc2n1)c1ccccc1 1 COc1ccc([C@H](C)NC(=O)[C@@H]2C[C@@H](O)CN2C(=O)CNC(=O)c2ccc3cc(F)ccc3n2)c(Cl)c1 0.6371996 0.6372 0.4664710 -8.6500 1.0000000 1.0000 []
 | 12.0004 18.9688 40.3871 0.4637182 CC(C)OCCn1c(/C=C/c2cccnc2)nc2ccccc2c1=O 1 O=c1c2ccccc2nc(/C=C/c2cccnc2)n1Cc1ccc(Cl)cc1 0.6927563 0.6928 0.3104044 -6.9200 1.0000000 1.0000 []
 | 9.8562 32.0150 37.3691 0.5420632 CC1=C(c2c[nH]c3cc(F)ccc23)C(S(=O)(=O)Cc2ccccc2)C1 1 O=S(=O)(Cc1ccccc1)N1C=Cc2ccccc2C1c1c[nH]c2ccccc12 0.7506750 0.7507 0.3914244 -7.8500 1.0000000 1.0000 []
 | 10.2940 19.2570 42.6950 0.4839999 CC1CNCCN(c2nc(N3CCN(c4ccccn4)CC3)nc(N3CCc4ccccc4C3)n2)C1 1 CCNC1CN(c2nc(N3CCc4ccccc4C3)nc(N3CCc4ccccc4C3)n2)CCO1 0.5984704 0.5985 0.3914244 -7.8500 1.0000000 1.0000 []
 | 5.2290 15.5018 53.3819 0.5381535 CCC(=O)N(c1ccccc1)C1CCN(C(=O)CCc2ccc(C)c(F)c2)CC1 1 CCC(=O)N(c1ccccc1)C1CCN(C(=O)[C@@H](N)C2Cc3ccccc3C2)CC1 0.7212731 0.7213 0.4015250 -7.9600 1.0000000 1.0000 []
 | 3.9428 6.4875 64.8005 0.5569375 CCC(=O)N(c1ccccc1)C1CCN(C(=O)CCc2ccc(Cl)cc2)CC1 1 CCC(=O)N(c1ccccc1)C1CCN(C(=O)[C@@H](N)C2Cc3ccccc3C2)CC1 0.7067128 0.7067 0.4389045 -8.3600 1.0000000 1.0000 []
 | 4.9587 11.1333 61.3145 0.5659989 CCC(=O)N(c1ccccc1)C1CCN(C(=O)CCc2ccc(O)cc2)CC1 1 CCC(=O)N(c1ccccc1)C1CCN(C(=O)[C@@H](N)C2Cc3ccccc3C2)CC1 0.8300352 0.8300 0.3859532 -7.7900 1.0000000 1.0000 []
 | 4.8931 12.5373 58.9670 0.5586271 CCC(=O)N(c1ccccc1)C1CCN(C(=O)CCc2ccc(S(C)(=O)=O)cc2)CC1 1 CCC(=O)N(c1ccccc1)C1CCN(C(=O)[C@@H](N)C2Cc3ccccc3C2)CC1 0.6581981 0.6582 0.4741191 -8.7300 1.0000000 1.0000 []
00:56:21 <INFO> Score: 0.51 Agent NLL: 6.78 Valid: 100% Step: 74
 | Agent Prior Target Score SMILES SMILES_state Input_SMILES QED QED (raw) maize maize (raw) Unwanted SMARTS Unwanted SMARTS (raw) matchting_patterns (Unwanted SMARTS)
 | 8.2728 9.3270 42.6592 0.4061429 S=c1c2ccccc2nc(/C=C/c2ccccn2)n1Cc1ccccc1 1 O=c1c2ccccc2nc(/C=C/c2cccnc2)n1Cc1ccccc1 0.4605428 0.4605 0.3581687 -7.4800 1.0000000 1.0000 []
 | 9.3860 11.5714 45.2342 0.4437941 S=c1c2ccccc2nc(/C=C/c2ccncc2)n1Cc1cccnc1 1 O=c1c2ccccc2nc(/C=C/c2cccnc2)n1Cc1ccccc1 0.4939120 0.4939 0.3987616 -7.9300 1.0000000 1.0000 []
 | 7.3679 9.2213 44.2174 0.4174901 S=c1c2ccccc2nc(/C=C/c2cccnc2)n1Cc1ccncc1 1 O=c1c2ccccc2nc(/C=C/c2cccnc2)n1Cc1ccc(Cl)cc1 0.4939120 0.4939 0.3528928 -7.4200 1.0000000 1.0000 []
 | 7.9874 21.7636 52.6655 0.5814777 CC(C)CCS(=O)(=O)N1CCCC(c2c[nH]c3ccccc23)C1 1 O=S(=O)(Cc1ccccc1)N1Cc2ccccc2C1c1c[nH]c2ccccc12 0.9057474 0.9057 0.3733009 -7.6500 1.0000000 1.0000 []
 | 7.7561 22.2413 41.4982 0.4979645 CC(C)CN1CCN(C(=O)c2cccc(C3=Nc4ccccc4NC(=O)C3)c2)CC1 1 CN1CCN(C(=O)c2cccc(C3=Nc4ccc(C#Cc5ccccc5)cc4NC(=O)C3)c2)CC1 0.8473872 0.8474 0.2926273 -6.7000 1.0000000 1.0000 []
 | 10.1875 22.8151 45.7159 0.5353982 CC(C)C[C@H](NC(=O)CNC(=O)c1ccc2cc(Cl)ccc2n1)c1ccccc1 1 COc1ccc([C@H](C)NC(=O)[C@@H]2C[C@@H](O)CN2C(=O)CNC(=O)c2ccc3cc(F)ccc3n2)c(Cl)c1 0.6021665 0.6022 0.4760332 -8.7500 1.0000000 1.0000 []
 | 5.6694 25.2389 48.2081 0.5738045 CC(C)C[C@H](NC(=O)CNC(=O)c1ccc2ccccc2n1)c1ccccc1 1 COc1ccc([C@H](C)NC(=O)[C@@H]2C[C@@H](O)CN2C(=O)CNC(=O)c2ccc3cc(F)ccc3n2)c(Cl)c1 0.6585032 0.6585 0.5000000 -9.0000 1.0000000 1.0000 []
 | 8.8573 16.0430 46.2058 0.4863181 CC(O)c1nc2ccccc2c(=O)n1Cc1ccccc1 1 O=c1c2ccccc2nc(/C=C/c2cccnc2)n1Cc1ccccc1 0.8016689 0.8017 0.2950162 -6.7300 1.0000000 1.0000 []
 | 12.5067 25.6580 39.2588 0.5071624 CC1CCN(S(=O)(=O)Cc2ccccc2)C1c1c[nH]c2cccc(F)c12 1 O=S(=O)(Cc1ccccc1)N1C=Cc2ccccc2C1c1c[nH]c2ccccc12 0.7454471 0.7454 0.3450462 -7.3300 1.0000000 1.0000 []
 | 13.9569 37.2181 27.8704 0.5085040 CC1CC(CNC(C)(C)C)N(S(=O)(=O)Cc2ccccc2)C1 1 O=S(=O)(Cc1ccccc1)N1Cc2ccccc2C1c1c[nH]c2ccccc12 0.9056030 0.9056 0.2855295 -6.6100 1.0000000 1.0000 []
01:08:20 <INFO> Score: 0.51 Agent NLL: 6.92 Valid: 100% Step: 75
 | Agent Prior Target Score SMILES SMILES_state Input_SMILES QED QED (raw) maize maize (raw) Unwanted SMARTS Unwanted SMARTS (raw) matchting_patterns (Unwanted SMARTS)
 | 13.9031 16.2544 39.8166 0.4380547 S=c1c2ccccc2ncn1Cc1ccccc1Br 1 O=c1c2ccccc2nc(/C=C/c2cccnc2)n1Cc1ccccc1 0.6400075 0.6400 0.2998276 -6.7900 1.0000000 1.0000 []
 | 7.1804 24.6284 35.4745 0.4695539 CC(C)COc1ccc2c(c1)NC(=O)CC(c1cccc(C(=O)N3CCCC3)c1)=N2 1 CN1CCN(C(=O)c2cccc(C3=Nc4ccc(C#Cc5ccccc5)cc4NC(=O)C3)c2)CC1 0.8004045 0.8004 0.2754618 -6.4800 1.0000000 1.0000 []
 | 5.6385 25.2389 48.2081 0.5738045 CC(C)C[C@H](NC(=O)CNC(=O)c1ccc2ccccc2n1)c1ccccc1 1 COc1ccc([C@H](C)NC(=O)[C@@H]2C[C@@H](O)CN2C(=O)CNC(=O)c2ccc3cc(F)ccc3n2)c(Cl)c1 0.6585032 0.6585 0.5000000 -9.0000 1.0000000 1.0000 []
 | 11.2455 21.7574 34.2571 0.4376134 CC(C)[C@H]1CCC(C)N1S(=O)(=O)Cc1ccccc1 1 O=S(=O)(Cc1ccccc1)N1Cc2ccccc2C1c1c[nH]c2ccccc12 0.8504487 0.8504 0.2251817 -5.7800 1.0000000 1.0000 []
 | 7.1631 15.4950 57.3799 0.5693351 CC1(C)CC(c2c[nH]c3ccccc23)N(S(=O)(=O)Cc2ccccc2)C1 1 O=S(=O)(Cc1ccccc1)N1C=Cc2ccccc2C1c1c[nH]c2ccccc12 0.7385263 0.7385 0.4389045 -8.3600 1.0000000 1.0000 []
 | 10.9388 25.5626 32.5248 0.4538082 CC1CCC(N(c2ccccc2)S(=O)(=O)Cc2ccccc2)CC1 1 O=S(=O)(Cc1ccccc1)N1Cc2ccccc2C1c1c[nH]c2ccccc12 0.7953434 0.7953 0.2589345 -6.2600 1.0000000 1.0000 []
 | 11.1652 23.4165 45.3444 0.5371947 CC1CC(c2c[nH]c3c(O)cccc23)N(S(=O)(=O)Cc2ccccc2)C1 1 O=S(=O)(Cc1ccccc1)N1C=Cc2ccccc2C1c1c[nH]c2ccccc12 0.7338209 0.7338 0.3932542 -7.8700 1.0000000 1.0000 []
 | 8.0572 10.8950 49.8669 0.4747027 CC1c2ccccc2C(c2c[nH]c3ccccc23)N1S(=O)(=O)Cc1ccccc1 1 O=S(=O)(Cc1ccccc1)N1Cc2ccccc2C1c1c[nH]c2ccccc12 0.5123172 0.5123 0.4398499 -8.3700 1.0000000 1.0000 []
 | 3.8966 6.4875 64.8005 0.5569375 CCC(=O)N(c1ccccc1)C1CCN(C(=O)CCc2ccc(Cl)cc2)CC1 1 CCC(=O)N(c1ccccc1)C1CCN(C(=O)[C@@H](N)C2Cc3ccccc3C2)CC1 0.7067128 0.7067 0.4389045 -8.3600 1.0000000 1.0000 []
 | 7.5886 9.7855 49.8056 0.4655555 CCC(=O)N(c1ccccc1)C1CCN(C(=O)CCc2ccc(OC)c(OC)c2)CC1 1 CCC(=O)N(c1ccccc1)C1CCN(C(=O)[C@@H](N)C2Cc3ccccc3C2)CC1 0.6409800 0.6410 0.3381415 -7.2500 1.0000000 1.0000 []
01:18:46 <INFO> Score: 0.51 Agent NLL: 6.97 Valid:  99% Step: 76
 | Agent Prior Target Score SMILES SMILES_state Input_SMILES QED QED (raw) maize maize (raw) Unwanted SMARTS Unwanted SMARTS (raw) matchting_patterns (Unwanted SMARTS)
 | 7.3625 9.2213 44.2174 0.4174901 S=c1c2ccccc2nc(/C=C/c2cccnc2)n1Cc1ccncc1 1 O=c1c2ccccc2nc(/C=C/c2cccnc2)n1Cc1ccc(Cl)cc1 0.4939120 0.4939 0.3528928 -7.4200 1.0000000 1.0000 []
 | 10.2384 29.3964 33.7623 0.4934272 CC(C)CC1Cc2ccccc2CN1S(=O)(=O)Cc1ccccc1 1 O=S(=O)(Cc1ccccc1)N1Cc2ccccc2C1c1c[nH]c2ccccc12 0.8230497 0.8230 0.2958149 -6.7400 1.0000000 1.0000 []
 | 6.8014 23.0036 48.2836 0.5569312 CC(C)CCS(=O)(=O)N1CCC(c2c[nH]c3ccccc23)CC1 1 O=S(=O)(Cc1ccccc1)N1Cc2ccccc2C1c1c[nH]c2ccccc12 0.9057474 0.9057 0.3424491 -7.3000 1.0000000 1.0000 []
 | 8.2308 24.3900 50.4831 0.5849466 CC(C)c1ccccc1[C@H]1C[C@@H](O)CN1C(=O)CNC(=O)c1ccc2ccccc2n1 1 COc1ccc([C@H](C)NC(=O)[C@@H]2C[C@@H](O)CN2C(=O)CNC(=O)c2ccc3cc(F)ccc3n2)c(Cl)c1 0.6664268 0.6664 0.5134286 -9.1400 1.0000000 1.0000 []
 | 11.2618 25.2970 39.5977 0.5069901 CC1CC(c2c[nH]c3cc(Br)ccc23)N(S(=O)(=O)Cc2ccccc2)C1 1 O=S(=O)(Cc1ccccc1)N1Cc2ccccc2C1c1c[nH]c2ccccc12 0.6401567 0.6402 0.4015250 -7.9600 1.0000000 1.0000 []
 | 8.5173 6.5882 72.0340 0.6142357 CCC(=O)N(c1ccccc1)C1CCN(C(=O)CC(N)c2ccc(O)cc2)CC1 1 CCC(=O)N(c1ccccc1)C1CCN(C(=O)[C@@H](N)C2Cc3ccccc3C2)CC1 0.7862353 0.7862 0.4798633 -8.7900 1.0000000 1.0000 []
 | 6.2677 16.3129 52.3732 0.5366100 CCC(=O)N(c1ccccc1)C1CCN(C(=O)CCc2c(-c3ccccc3)noc2C)CC1 1 CCC(=O)N(c1ccccc1)C1CCN(C(=O)[C@@H](N)C2Cc3ccccc3C2)CC1 0.5123303 0.5123 0.5620403 -9.6500 1.0000000 1.0000 []
 | 4.5376 13.4891 56.0761 0.5434783 CCC(=O)N(c1ccccc1)C1CCN(C(=O)CCc2c(Cl)cccc2Cl)CC1 1 CCC(=O)N(c1ccccc1)C1CCN(C(=O)[C@@H](N)C2Cc3ccccc3C2)CC1 0.6155267 0.6155 0.4798633 -8.7900 1.0000000 1.0000 []
 | 6.6270 11.3400 52.1898 0.4963265 CCC(=O)N(c1ccccc1)C1CCN(C(=O)CCc2c(OC)ccc3ccccc23)CC1 1 CCC(=O)N(c1ccccc1)C1CCN(C(=O)[C@@H](N)C2Cc3ccccc3C2)CC1 0.5023175 0.5023 0.4904070 -8.9000 1.0000000 1.0000 []
 | 5.3085 12.9139 52.4346 0.5105354 CCC(=O)N(c1ccccc1)C1CCN(C(=O)CCc2ccc(F)c(F)c2)CC1 1 CCC(=O)N(c1ccccc1)C1CCN(C(=O)[C@@H](N)C2Cc3ccccc3C2)CC1 0.7241486 0.7241 0.3599350 -7.5000 1.0000000 1.0000 []
01:30:28 <INFO> Score: 0.51 Agent NLL: 7.00 Valid:  99% Step: 77
 | Agent Prior Target Score SMILES SMILES_state Input_SMILES QED QED (raw) maize maize (raw) Unwanted SMARTS Unwanted SMARTS (raw) matchting_patterns (Unwanted SMARTS)
 | 12.7686 18.0946 36.8046 0.4288994 C/C(=C/c1nc2cc(F)ccc2c(=O)n1Cc1ccccc1)c1cccnc1 1 O=c1c2ccccc2nc(/C=C/c2cccnc2)n1Cc1ccc(Cl)cc1 0.5291335 0.5291 0.3476527 -7.3600 1.0000000 1.0000 []
 | 7.8809 8.8705 55.2516 0.5009535 CC(C)(O)Cn1c(/C=C/c2cccnc2)nc2ccccc2c1=O 1 O=c1c2ccccc2nc(/C=C/c2cccnc2)n1CC1CCCCC1 0.8020939 0.8021 0.3128741 -6.9500 1.0000000 1.0000 []
 | 9.1123 44.8158 21.4850 0.5179752 CC(C)COc1ccc2c(c1)CC(c1cccc(C(=O)NCCN3CCCC3)c1)=N2 1 CN1CCN(C(=O)c2cccc(C3=Nc4ccc(C#Cc5ccccc5)cc4NC(=O)C3)c2)CC1 0.7152746 0.7153 0.3750983 -7.6700 1.0000000 1.0000 []
 | 6.1091 23.1003 49.9945 0.5710527 CC(C)N1CCN(c2ccc3c(c2)NC(=O)CC(c2cccc(C(=O)N4CCCC4)c2)=N3)CC1 1 CN1CCN(C(=O)c2cccc(C3=Nc4ccc(C#Cc5ccccc5)cc4NC(=O)C3)c2)CC1 0.7526995 0.7527 0.4332423 -8.3000 1.0000000 1.0000 []
 | 7.7096 19.4287 46.4500 0.5146771 CC(C)c1ccccc1NC(=O)[C@@H]1C[C@H](O)CN1C(=O)CNC(=O)c1ccc2ccccc2n1 1 COc1ccc([C@H](C)NC(=O)[C@@H]2C[C@@H](O)CN2C(=O)CNC(=O)c2ccc3cc(F)ccc3n2)c(Cl)c1 0.5237552 0.5238 0.5057563 -9.0600 1.0000000 1.0000 []
 | 5.2713 6.7922 56.8823 0.4974574 CC(C)n1c(/C=C/c2cccnc2)nc2ccccc2c1=O 1 O=c1c2ccccc2nc(/C=C/c2cccnc2)n1Cc1ccccc1 0.7412193 0.7412 0.3338605 -7.2000 1.0000000 1.0000 []
 | 11.2636 26.3013 50.3145 0.5985608 CC1CN(S(=O)(=O)Cc2ccccc2)CC1c1c[nH]c2ccccc12 1 O=S(=O)(Cc1ccccc1)N1Cc2ccccc2C1c1c[nH]c2ccccc12 0.7759930 0.7760 0.4616988 -8.6000 1.0000000 1.0000 []
 | 7.9129 3.0015 71.5578 0.5824949 CCC(=O)N(c1ccccc1)C1CCN(C(=O)CC(N)c2ccc(C)cc2)CC1 1 CCC(=O)N(c1ccccc1)C1CCN(C(=O)[C@@H](N)C2Cc3ccccc3C2)CC1 0.8112739 0.8113 0.4182315 -8.1400 1.0000000 1.0000 []
 | 3.9234 6.4875 64.8005 0.5569375 CCC(=O)N(c1ccccc1)C1CCN(C(=O)CCc2ccc(Cl)cc2)CC1 1 CCC(=O)N(c1ccccc1)C1CCN(C(=O)[C@@H](N)C2Cc3ccccc3C2)CC1 0.7067128 0.7067 0.4389045 -8.3600 1.0000000 1.0000 []
 | 4.4327 10.9880 59.4580 0.5503594 CCC(=O)N(c1ccccc1)C1CCN(C(=O)CCc2cccc(C)c2)CC1 1 CCC(=O)N(c1ccccc1)C1CCN(C(=O)[C@@H](N)C2Cc3ccccc3C2)CC1 0.7491946 0.7492 0.4042948 -7.9900 1.0000000 1.0000 []
01:43:55 <INFO> Score: 0.51 Agent NLL: 7.00 Valid:  99% Step: 78
 | Agent Prior Target Score SMILES SMILES_state Input_SMILES QED QED (raw) maize maize (raw) Unwanted SMARTS Unwanted SMARTS (raw) matchting_patterns (Unwanted SMARTS)
 | 6.7038 6.3923 44.7610 0.3996353 S=c1c2ccccc2nc(/C=C/c2cccnc2)n1Cc1ccccc1 1 O=c1c2ccccc2nc(/C=C/c2cccnc2)n1Cc1ccccc1 0.4605428 0.4605 0.3467828 -7.3500 1.0000000 1.0000 []
 | 9.7303 12.5418 39.5421 0.4069051 CC(C)(C)c1[nH]c2ccccc2c1C1c2ccccc2CN1S(=O)(=O)Cc1ccccc1 1 O=S(=O)(Cc1ccccc1)N1Cc2ccccc2C1c1c[nH]c2ccccc12 0.4259789 0.4260 0.3886853 -7.8200 1.0000000 1.0000 []
 | 15.5837 22.1077 40.2907 0.4874873 CC(C)C[C@@H](NC(=O)[C@H]1CCCN1C(=O)CNC(=O)c1ccc2cc(Cl)ccc2n1)c1ccccc1 1 COc1ccc([C@H](C)NC(=O)[C@@H]2C[C@@H](O)CN2C(=O)CNC(=O)c2ccc3cc(F)ccc3n2)c(Cl)c1 0.4698782 0.4699 0.5057563 -9.0600 1.0000000 1.0000 []
 | 8.4191 9.2873 53.0853 0.4872864 CC(C)n1c(/C=C/c2cccnc2)nc2cc(F)ccc2c1=O 1 O=c1c2ccccc2nc(/C=C/c2cccnc2)n1CC1CCCCC1 0.7412215 0.7412 0.3203470 -7.0400 1.0000000 1.0000 []
 | 6.8749 14.2001 56.8264 0.5548941 CC1=CC(c2c[nH]c3ccccc23)N(S(=O)(=O)Cc2ccccc2)C1 1 O=S(=O)(Cc1ccccc1)N1C=Cc2ccccc2C1c1c[nH]c2ccccc12 0.7216725 0.7217 0.4266582 -8.2300 1.0000000 1.0000 []
 | 7.9739 19.6475 53.1323 0.5685922 CC1CC(c2c[nH]c3ccccc23)N(S(=O)(=O)Cc2ccc(Cl)cc2)C1 1 O=S(=O)(Cc1ccccc1)N1Cc2ccccc2C1c1c[nH]c2ccccc12 0.7016832 0.7017 0.4607451 -8.5900 1.0000000 1.0000 []
 | 7.7792 12.4630 61.4028 0.5770768 CC1CCN(c2nc(N3CCCCC3)nc(N3CCc4ccccc4C3)n2)CC1 1 CCNC1CN(c2nc(N3CCc4ccccc4C3)nc(N3CCc4ccccc4C3)n2)CCO1 0.7944775 0.7945 0.4191656 -8.1500 1.0000000 1.0000 []
 | 11.4504 17.6149 60.4354 0.6097678 CCC(=O)N(c1ccccc1)C1CCN(C(=O)C(N)Cc2cccc(C)c2)CC1 1 CCC(=O)N(c1ccccc1)C1CCN(C(=O)[C@@H](N)C2Cc3ccccc3C2)CC1 0.8188389 0.8188 0.4540781 -8.5200 1.0000000 1.0000 []
 | 8.5253 15.1008 51.6987 0.5218712 CCC(=O)N(c1ccccc1)C1CCN(C(=O)CCc2ccc(N)cc2)CC1 1 CCC(=O)N(c1ccccc1)C1CCN(C(=O)[C@@H](N)C2Cc3ccccc3C2)CC1 0.7794881 0.7795 0.3493953 -7.3800 1.0000000 1.0000 []
 | 4.8866 11.1333 61.3145 0.5659989 CCC(=O)N(c1ccccc1)C1CCN(C(=O)CCc2ccc(O)cc2)CC1 1 CCC(=O)N(c1ccccc1)C1CCN(C(=O)[C@@H](N)C2Cc3ccccc3C2)CC1 0.8300352 0.8300 0.3859532 -7.7900 1.0000000 1.0000 []
01:54:13 <INFO> Score: 0.51 Agent NLL: 6.85 Valid:  99% Step: 79
 | Agent Prior Target Score SMILES SMILES_state Input_SMILES QED QED (raw) maize maize (raw) Unwanted SMARTS Unwanted SMARTS (raw) matchting_patterns (Unwanted SMARTS)
 | 11.8959 12.6753 -12.6753 0.0000000  0 O=c1c2ccccc2nc(/C=C/c2cccnc2)n1Cc1ccc(Cl)cc1 0.0000000 0.0000 0.0000000 0.0000 0.0000000 0.0000 None
 | 10.1102 14.1920 62.5308 0.5993968 Brc1nc(N2CCNCC2)nc(N2CCc3ccccc3C2)n1 1 CCNC1CN(c2nc(N3CCc4ccccc4C3)nc(N3CCc4ccccc4C3)n2)CCO1 0.8609591 0.8610 0.4172981 -8.1300 1.0000000 1.0000 []
 | 12.7804 13.6776 52.0049 0.5131451 CC(=O)N(c1ccccc1)C1CCN(C(=O)[C@H](N)Cc2cscn2)CC1 1 CCC(=O)N(c1ccccc1)C1CCN(C(=O)[C@@H](N)C2Cc3ccccc3C2)CC1 0.8711920 0.8712 0.3022501 -6.8200 1.0000000 1.0000 []
 | 10.3803 19.0645 38.5013 0.4497331 CC(C)c1ccc(N2CC[C@]3(C2)CN(C(=O)c2cc4ccc(F)cc4[nH]2)c2ccccc23)cn1 1 NC(=O)c1ccc2cc(C(=O)N3C[C@]4(CCN(C5CCNC5)C4)c4ccccc43)[nH]c2c1 0.4362744 0.4363 0.4636069 -8.6200 1.0000000 1.0000 []
 | 8.1693 11.7096 46.6029 0.4555667 CC(C)n1c(/C=C/c2cccnc2)nc2cc(Cl)ccc2c1=O 1 O=c1c2ccccc2nc(/C=C/c2cccnc2)n1Cc1ccc(Cl)cc1 0.7248747 0.7249 0.2863130 -6.6200 1.0000000 1.0000 []
 | 5.4119 6.7922 56.8823 0.4974574 CC(C)n1c(/C=C/c2cccnc2)nc2ccccc2c1=O 1 O=c1c2ccccc2nc(/C=C/c2cccnc2)n1Cc1ccccc1 0.7412193 0.7412 0.3338605 -7.2000 1.0000000 1.0000 []
 | 6.5332 18.1996 54.9611 0.5715683 CC1CC(c2c[nH]c3ccccc23)N(S(=O)(=O)Cc2ccccc2)C1 1 O=S(=O)(Cc1ccccc1)N1Cc2ccccc2C1c1c[nH]c2ccccc12 0.7673832 0.7674 0.4257199 -8.2200 1.0000000 1.0000 []
 | 14.6943 33.2747 36.4071 0.5443892 CC1CCCN(S(=O)(=O)CCc2ccccc2)C1c1c[nH]c2ncccc12 1 O=S(=O)(Cc1ccccc1)N1Cc2ccccc2C1c1c[nH]c2ccccc12 0.7263767 0.7264 0.4079971 -8.0300 1.0000000 1.0000 []
 | 6.0896 17.8501 50.3265 0.5326298 CC1CCN(S(=O)(=O)Cc2ccccc2)C(c2c[nH]c3ccccc23)C1 1 O=S(=O)(Cc1ccccc1)N1Cc2ccccc2C1c1c[nH]c2ccccc12 0.7385263 0.7385 0.3841359 -7.7700 1.0000000 1.0000 []
 | 14.2571 21.7641 49.1999 0.5544060 CC1CCN(c2cc(N3CCN(c4ccccc4)CC3)nc(N3CCc4ccccc4C3)n2)CC1 1 CCNC1CN(c2nc(N3CCc4ccccc4C3)nc(N3CCc4ccccc4C3)n2)CCO1 0.5572026 0.5572 0.5516235 -9.5400 1.0000000 1.0000 []
02:03:40 <INFO> Score: 0.51 Agent NLL: 6.74 Valid: 100% Step: 80
 | Agent Prior Target Score SMILES SMILES_state Input_SMILES QED QED (raw) maize maize (raw) Unwanted SMARTS Unwanted SMARTS (raw) matchting_patterns (Unwanted SMARTS)
 | 8.7756 10.2805 42.7600 0.4143789 S=c1c2ccccc2nc(/C=C/c2cccnc2)n1Cc1ccccn1 1 O=c1c2ccccc2nc(/C=C/c2cccnc2)n1Cc1ccc(Cl)cc1 0.4939120 0.4939 0.3476527 -7.3600 1.0000000 1.0000 []
 | 7.1924 16.7748 53.0099 0.5451927 CC(C)C[C@H](NC(=O)CNC(=O)c1ccc2cc(F)ccc2n1)c1ccccc1 1 COc1ccc([C@H](C)NC(=O)[C@@H]2C[C@@H](O)CN2C(=O)CNC(=O)c2ccc3cc(F)ccc3n2)c(Cl)c1 0.6371996 0.6372 0.4664710 -8.6500 1.0000000 1.0000 []
 | 9.6721 14.6488 40.7873 0.4330944 CC1(C)c2ccccc2C(c2c[nH]c3ccccc23)N1S(=O)(=O)Cc1ccccc1 1 O=S(=O)(Cc1ccccc1)N1Cc2ccccc2C1c1c[nH]c2ccccc12 0.4882926 0.4883 0.3841359 -7.7700 1.0000000 1.0000 []
 | 12.4265 16.9438 47.0879 0.5002476 CC1(C)c2ccccc2CN1S(=O)(=O)Cc1ccc(F)cc1 1 O=S(=O)(Cc1ccccc1)N1Cc2ccccc2C1c1c[nH]c2ccccc12 0.8692658 0.8693 0.2878839 -6.6400 1.0000000 1.0000 []
 | 10.2355 25.7962 37.0811 0.4912288 CC1=C(c2c[nH]c3ccc(Br)cc23)C(CSCc2ccccc2)N1 1 O=S(=O)(Cc1ccccc1)N1C=Cc2ccccc2C1c1c[nH]c2ccccc12 0.5874317 0.5874 0.4107808 -8.0600 1.0000000 1.0000 []
 | 4.4540 8.5369 59.5969 0.5322952 CCC(=O)N(c1ccccc1)C1CCN(C(=O)CCc2ccc(Br)cc2)CC1 1 CCC(=O)N(c1ccccc1)C1CCN(C(=O)[C@@H](N)C2Cc3ccccc3C2)CC1 0.6427881 0.6428 0.4407956 -8.3800 1.0000000 1.0000 []
 | 4.4706 8.8779 58.0217 0.5226536 CCC(=O)N(c1ccccc1)C1CCN(C(=O)CCc2cccc(F)c2)CC1 1 CCC(=O)N(c1ccccc1)C1CCN(C(=O)[C@@H](N)C2Cc3ccccc3C2)CC1 0.7515337 0.7515 0.3634790 -7.5400 1.0000000 1.0000 []
 | 4.7795 6.4074 57.8905 0.5023277 CCC(=O)N(c1ccccc1)C1CCN(C(=O)CCc2cccc(OC)c2)CC1 1 CCC(=O)N(c1ccccc1)C1CCN(C(=O)[C@@H](N)C2Cc3ccccc3C2)CC1 0.7115038 0.7115 0.3546476 -7.4400 1.0000000 1.0000 []
 | 4.2936 6.0820 64.6127 0.5523020 CCC(=O)N(c1ccccc1)C1CCN(C(=O)CCc2ccccc2)CC1 1 CCC(=O)N(c1ccccc1)C1CCN(C(=O)[C@@H](N)C2Cc3ccccc3C2)CC1 0.7756752 0.7757 0.3932542 -7.8700 1.0000000 1.0000 []
 | 4.8414 10.0357 60.6517 0.5522455 CCC(=O)N(c1ccccc1)C1CCN(C(=O)CCc2ccccc2C)CC1 1 CCC(=O)N(c1ccccc1)C1CCN(C(=O)[C@@H](N)C2Cc3ccccc3C2)CC1 0.7491946 0.7492 0.4070706 -8.0200 1.0000000 1.0000 []
02:17:05 <INFO> Score: 0.52 Agent NLL: 6.76 Valid: 100% Step: 81
 | Agent Prior Target Score SMILES SMILES_state Input_SMILES QED QED (raw) maize maize (raw) Unwanted SMARTS Unwanted SMARTS (raw) matchting_patterns (Unwanted SMARTS)
 | 6.7785 6.3923 44.7610 0.3996353 S=c1c2ccccc2nc(/C=C/c2cccnc2)n1Cc1ccccc1 1 O=c1c2ccccc2nc(/C=C/c2cccnc2)n1Cc1ccccc1 0.4605428 0.4605 0.3467828 -7.3500 1.0000000 1.0000 []
 | 11.7973 16.3895 44.3556 0.4745713 CC(C)=CCn1c(/C=C/c2ccccc2)nc2ccccc2c1=O 1 O=c1c2ccccc2nc(/C=C/c2cccnc2)n1Cc1ccccc1 0.6626760 0.6627 0.3398613 -7.2700 1.0000000 1.0000 []
 | 14.7301 19.2909 28.3432 0.3721411 CC(C)C[C@H](NC(=O)c1cc2c(=O)n3cc(C(F)(F)F)ccc3nc2n(C)c1=N)c1ccccc1 1 C[C@H](NC(=O)c1cc2c(=O)n3ccccc3nc2[nH]c1=N)c1ccccc1 0.4169400 0.4169 0.3321558 -7.1800 1.0000000 1.0000 []
 | 9.5339 9.0989 51.5280 0.4736481 CC(C)Cn1c(/C=C/c2cccnc2)nc2cc(F)ccc2c1=O 1 O=c1c2ccccc2nc(/C=C/c2cccnc2)n1CC1CCCCC1 0.7343520 0.7344 0.3054973 -6.8600 1.0000000 1.0000 []
 | 13.0758 22.0907 39.2586 0.4792915 CC1=CN(S(=O)(=O)Cc2ccccc2)C(c2c[nH]c3c(-c4ccncc4)cccc23)C1 1 O=S(=O)(Cc1ccccc1)N1C=Cc2ccccc2C1c1c[nH]c2ccccc12 0.4612106 0.4612 0.4980811 -8.9800 1.0000000 1.0000 []
 | 4.5120 8.5369 59.5969 0.5322952 CCC(=O)N(c1ccccc1)C1CCN(C(=O)CCc2ccc(Br)cc2)CC1 1 CCC(=O)N(c1ccccc1)C1CCN(C(=O)[C@@H](N)C2Cc3ccccc3C2)CC1 0.6427881 0.6428 0.4407956 -8.3800 1.0000000 1.0000 []
 | 3.8401 7.4508 65.0764 0.5666194 CCC(=O)N(c1ccccc1)C1CCN(C(=O)CCc2ccc(C)cc2)CC1 1 CCC(=O)N(c1ccccc1)C1CCN(C(=O)[C@@H](N)C2Cc3ccccc3C2)CC1 0.7491946 0.7492 0.4285368 -8.2500 1.0000000 1.0000 []
 | 4.0953 6.4875 64.8005 0.5569375 CCC(=O)N(c1ccccc1)C1CCN(C(=O)CCc2ccc(Cl)cc2)CC1 1 CCC(=O)N(c1ccccc1)C1CCN(C(=O)[C@@H](N)C2Cc3ccccc3C2)CC1 0.7067128 0.7067 0.4389045 -8.3600 1.0000000 1.0000 []
 | 4.9337 11.1333 61.3145 0.5659989 CCC(=O)N(c1ccccc1)C1CCN(C(=O)CCc2ccc(O)cc2)CC1 1 CCC(=O)N(c1ccccc1)C1CCN(C(=O)[C@@H](N)C2Cc3ccccc3C2)CC1 0.8300352 0.8300 0.3859532 -7.7900 1.0000000 1.0000 []
 | 4.9437 5.6658 63.7762 0.5425160 CCC(=O)N(c1ccccc1)C1CCN(C(=O)CCc2cccc(Br)c2)CC1 1 CCC(=O)N(c1ccccc1)C1CCN(C(=O)[C@@H](N)C2Cc3ccccc3C2)CC1 0.6427881 0.6428 0.4578860 -8.5600 1.0000000 1.0000 []
02:28:13 <INFO> Score: 0.51 Agent NLL: 6.79 Valid:  99% Step: 82
 | Agent Prior Target Score SMILES SMILES_state Input_SMILES QED QED (raw) maize maize (raw) Unwanted SMARTS Unwanted SMARTS (raw) matchting_patterns (Unwanted SMARTS)
 | 18.2496 23.6874 46.4566 0.5480000 O=c1c2ccccc2nc(/C=C/c2cccnc2)n1CC1=CCN(CC2CCNCC2)C1 1 O=c1c2ccccc2nc(/C=C/c2cccnc2)n1CC1CCCCC1 0.6123566 0.6124 0.4904070 -8.9000 1.0000000 1.0000 []
 | 8.4925 8.5671 50.5045 0.4614968 CC(C)=CCn1c(/C=C/c2cccnc2)nc2cc(Cl)ccc2c1=O 1 O=c1c2ccccc2nc(/C=C/c2cccnc2)n1CC1CCCCC1 0.6461617 0.6462 0.3296068 -7.1500 1.0000000 1.0000 []
 | 9.2856 24.8732 47.7188 0.5671250 CC(C)NC(=O)[C@H]1CCCN1C(=O)CNC(=O)c1ccc2cc(Cl)ccc2n1 1 COc1ccc([C@H](C)NC(=O)[C@@H]2C[C@@H](O)CN2C(=O)CNC(=O)c2ccc3cc(F)ccc3n2)c(Cl)c1 0.8010230 0.8010 0.4015250 -7.9600 1.0000000 1.0000 []
 | 7.6639 7.6291 51.7233 0.4636903 CC(C)n1c(/C=C/c2cccnc2)nc2ccc(Cl)cc2c1=O 1 O=c1c2ccccc2nc(/C=C/c2cccnc2)n1CC1CCCCC1 0.7248747 0.7249 0.2966149 -6.7500 1.0000000 1.0000 []
 | 7.2716 9.8811 49.8128 0.4663586 CC(C)n1c(/C=C/c2ccncc2)nc2ccccc2c1=O 1 O=c1c2ccccc2nc(/C=C/c2cccnc2)n1Cc1ccccc1 0.7412193 0.7412 0.2934224 -6.7100 1.0000000 1.0000 []
 | 11.8882 15.4038 48.5831 0.4998978 CC(NC(=O)CNC(=O)c1ccc2ccccc2n1)c1ccc(-c2ccccc2)cc1 1 COc1ccc([C@H](C)NC(=O)[C@@H]2C[C@@H](O)CN2C(=O)CNC(=O)c2ccc3cc(F)ccc3n2)c(Cl)c1 0.4922400 0.4922 0.5076747 -9.0800 1.0000000 1.0000 []
 | 8.3359 24.4232 42.9368 0.5262498 CC1CC(c2c[nH]c3cccc(F)c23)N(S(=O)(=O)Cc2ccccc2)C1 1 O=S(=O)(Cc1ccccc1)N1Cc2ccccc2C1c1c[nH]c2ccccc12 0.7454471 0.7454 0.3715071 -7.6300 1.0000000 1.0000 []
 | 9.2397 14.5242 51.8190 0.5183067 CCC(=O)N(c1ccccc1)C1CCN(C(=O)CC(N)Cc2c(Cl)cccc2Cl)CC1 1 CCC(=O)N(c1ccccc1)C1CCN(C(=O)[C@@H](N)C2Cc3ccccc3C2)CC1 0.6495675 0.6496 0.4135703 -8.0900 1.0000000 1.0000 []
 | 6.1387 4.4318 73.1464 0.6060801 CCC(=O)N(c1ccccc1)C1CCN(C(=O)CC(N)c2ccccc2)CC1 1 CCC(=O)N(c1ccccc1)C1CCN(C(=O)[C@@H](N)C2Cc3ccccc3C2)CC1 0.8351330 0.8351 0.4398499 -8.3700 1.0000000 1.0000 []
 | 5.7941 16.3129 52.3732 0.5366100 CCC(=O)N(c1ccccc1)C1CCN(C(=O)CCc2c(-c3ccccc3)noc2C)CC1 1 CCC(=O)N(c1ccccc1)C1CCN(C(=O)[C@@H](N)C2Cc3ccccc3C2)CC1 0.5123303 0.5123 0.5620403 -9.6500 1.0000000 1.0000 []
02:40:28 <INFO> Score: 0.51 Agent NLL: 6.91 Valid: 100% Step: 83
 | Agent Prior Target Score SMILES SMILES_state Input_SMILES QED QED (raw) maize maize (raw) Unwanted SMARTS Unwanted SMARTS (raw) matchting_patterns (Unwanted SMARTS)
 | 12.1917 21.8652 40.1474 0.4844741 CC(C)(C)OC[C@H]1CC[C@H](c2nc(N3CCc4ccccc4C3)nc(N3CCc4ccccc4C3)n2)CC1 1 CCNC1CN(c2nc(N3CCc4ccccc4C3)nc(N3CCc4ccccc4C3)n2)CCO1 0.4134494 0.4134 0.5676998 -9.7100 1.0000000 1.0000 []
 | 9.3048 28.5557 33.0498 0.4812924 CC(C)CNC(=O)c1ccc2ccccc2n1 1 COc1ccc([C@H](C)NC(=O)[C@@H]2C[C@@H](O)CN2C(=O)CNC(=O)c2ccc3cc(F)ccc3n2)c(Cl)c1 0.8770260 0.8770 0.2641225 -6.3300 1.0000000 1.0000 []
 | 11.9236 25.0250 35.3372 0.4715801 CC(C)C[C@H](NC(=O)CNC(=O)c1ccc2ccccc2n1)C(=O)NC1CC1 1 COc1ccc([C@H](C)NC(=O)[C@@H]2C[C@@H](O)CN2C(=O)CNC(=O)c2ccc3cc(F)ccc3n2)c(Cl)c1 0.6477684 0.6478 0.3433138 -7.3100 1.0000000 1.0000 []
 | 7.7661 6.4599 50.9668 0.4486459 CC(C)Cn1c(/C=C/c2cccnc2)nc2cc(Cl)ccc2c1=O 1 O=c1c2ccccc2nc(/C=C/c2cccnc2)n1CC1CCCCC1 0.7127382 0.7127 0.2824083 -6.5700 1.0000000 1.0000 []
 | 5.7202 16.5528 51.2815 0.5299559 CC(C)N1CCN(C(=O)c2cccc(C3=Nc4ccccc4NC(=O)C3)c2)CC1 1 CN1CCN(C(=O)c2cccc(C3=Nc4ccc(C#Cc5ccccc5)cc4NC(=O)C3)c2)CC1 0.8744337 0.8744 0.3211831 -7.0500 1.0000000 1.0000 []
 | 5.4045 28.9789 50.8707 0.6238254 CC(C)N1CCN(c2ccc3c(c2)CC(c2cccc(C(=O)N4CCCC4)c2)=N3)CC1 1 CN1CCN(C(=O)c2cccc(C3=Nc4ccc(C#Cc5ccccc5)cc4NC(=O)C3)c2)CC1 0.7523415 0.7523 0.5172626 -9.1800 1.0000000 1.0000 []
 | 7.3916 24.4673 46.1527 0.5517192 CC(C)c1ccccc1[C@H]1CCCN1C(=O)CNC(=O)c1ccc2cc(F)ccc2n1 1 COc1ccc([C@H](C)NC(=O)[C@@H]2C[C@@H](O)CN2C(=O)CNC(=O)c2ccc3cc(F)ccc3n2)c(Cl)c1 0.6579323 0.6579 0.4626526 -8.6100 1.0000000 1.0000 []
 | 5.7662 6.7922 56.8823 0.4974574 CC(C)n1c(/C=C/c2cccnc2)nc2ccccc2c1=O 1 O=c1c2ccccc2nc(/C=C/c2cccnc2)n1Cc1ccccc1 0.7412193 0.7412 0.3338605 -7.2000 1.0000000 1.0000 []
 | 7.1981 21.9519 50.8279 0.5685922 CC1CC(c2c[nH]c3ccccc23)N(S(=O)(=O)Cc2ccc(Cl)cc2)C1 1 O=S(=O)(Cc1ccccc1)N1Cc2ccccc2C1c1c[nH]c2ccccc12 0.7016832 0.7017 0.4607451 -8.5900 1.0000000 1.0000 []
 | 8.0608 22.0686 55.4087 0.6052915 CC1CN(S(=O)(=O)Cc2ccccc2)C(C)C1c1c[nH]c2ccccc12 1 O=S(=O)(Cc1ccccc1)N1Cc2ccccc2C1c1c[nH]c2ccccc12 0.7529784 0.7530 0.4865715 -8.8600 1.0000000 1.0000 []
02:53:03 <INFO> Score: 0.51 Agent NLL: 6.94 Valid:  99% Step: 84
 | Agent Prior Target Score SMILES SMILES_state Input_SMILES QED QED (raw) maize maize (raw) Unwanted SMARTS Unwanted SMARTS (raw) matchting_patterns (Unwanted SMARTS)
 | 8.8102 12.6651 47.6110 0.4709070 CC(C)=CCn1c(/C=C/c2ccccn2)nc2ccccc2c1=O 1 O=c1c2ccccc2nc(/C=C/c2cccnc2)n1CC1CCCCC1 0.6850620 0.6851 0.3236983 -7.0800 1.0000000 1.0000 []
 | 12.8188 18.5620 39.7498 0.4555614 CC(C)=CCn1c(/C=C/c2ccncc2)nc2cc(Cl)ccc2c1=O 1 O=c1c2ccccc2nc(/C=C/c2cccnc2)n1Cc1ccccc1 0.6461617 0.6462 0.3211831 -7.0500 1.0000000 1.0000 []
 | 5.6340 16.5528 51.2815 0.5299559 CC(C)N1CCN(C(=O)c2cccc(C3=Nc4ccccc4NC(=O)C3)c2)CC1 1 CN1CCN(C(=O)c2cccc(C3=Nc4ccc(C#Cc5ccccc5)cc4NC(=O)C3)c2)CC1 0.8744337 0.8744 0.3211831 -7.0500 1.0000000 1.0000 []
 | 22.7732 39.9150 -39.9150 0.0000000 CC1C)C(c2c[nH]c3ccccc23)C(Cc2ccccc2)N1S(=O)(=O)Cc1ccc(Cl)cc1 0 O=S(=O)(Cc1ccccc1)N1Cc2ccccc2C1c1c[nH]c2ccccc12 0.0000000 0.0000 0.0000000 0.0000 0.0000000 0.0000 None
 | 9.5561 16.1748 58.9729 0.5870919 CC1CCN(c2nc(NCCc3ccncc3)nc(N3CCc4ccccc4C3)n2)CC1 1 CCNC1CN(c2nc(N3CCc4ccccc4C3)nc(N3CCc4ccccc4C3)n2)CCO1 0.6403048 0.6403 0.5383012 -9.4000 1.0000000 1.0000 []
 | 9.8625 29.9141 45.2165 0.5869576 CC1CC(Cc2c[nH]c3ccccc23)N(S(=O)(=O)Cc2ccc(Cl)cc2)C1 1 O=S(=O)(Cc1ccccc1)N1Cc2ccccc2C1c1c[nH]c2ccccc12 0.6773423 0.6773 0.5086339 -9.0900 1.0000000 1.0000 []
 | 7.0756 11.7314 57.6895 0.5423513 CCC(=O)N(c1ccccc1)C1CCN(C(=O)CC(N)c2c(Cl)cccc2Cl)CC1 1 CCC(=O)N(c1ccccc1)C1CCN(C(=O)[C@@H](N)C2Cc3ccccc3C2)CC1 0.6894159 0.6894 0.4266582 -8.2300 1.0000000 1.0000 []
 | 6.4621 7.5066 66.7857 0.5804086 CCC(=O)N(c1ccccc1)C1CCN(C(=O)CC(N)c2cccc(Cl)c2)CC1 1 CCC(=O)N(c1ccccc1)C1CCN(C(=O)[C@@H](N)C2Cc3ccccc3C2)CC1 0.7725207 0.7725 0.4360713 -8.3300 1.0000000 1.0000 []
 | 5.5813 4.4318 73.1464 0.6060801 CCC(=O)N(c1ccccc1)C1CCN(C(=O)CC(N)c2ccccc2)CC1 1 CCC(=O)N(c1ccccc1)C1CCN(C(=O)[C@@H](N)C2Cc3ccccc3C2)CC1 0.8351330 0.8351 0.4398499 -8.3700 1.0000000 1.0000 []
 | 4.8673 13.4891 56.0761 0.5434783 CCC(=O)N(c1ccccc1)C1CCN(C(=O)CCc2c(Cl)cccc2Cl)CC1 1 CCC(=O)N(c1ccccc1)C1CCN(C(=O)[C@@H](N)C2Cc3ccccc3C2)CC1 0.6155267 0.6155 0.4798633 -8.7900 1.0000000 1.0000 []
03:05:29 <INFO> Score: 0.51 Agent NLL: 7.08 Valid:  99% Step: 85
 | Agent Prior Target Score SMILES SMILES_state Input_SMILES QED QED (raw) maize maize (raw) Unwanted SMARTS Unwanted SMARTS (raw) matchting_patterns (Unwanted SMARTS)
 | 11.7387 22.2135 35.9650 0.4545196 C/C(=C/c1nc2ccccc2c(=O)n1CCc1ccccn1)c1ccccc1 1 O=c1c2ccccc2nc(/C=C/c2cccnc2)n1Cc1ccccc1 0.5180740 0.5181 0.3987616 -7.9300 1.0000000 1.0000 []
 | 13.6952 16.8555 38.1974 0.4301002 CC(C)NC(=O)c1cccc(C2=Nc3ccc(Cl)cc3NC(=O)C2)c1 1 CN1CCN(C(=O)c2cccc(C3=Nc4ccc(C#Cc5ccccc5)cc4NC(=O)C3)c2)CC1 0.8749177 0.8749 0.2114327 -5.5700 1.0000000 1.0000 []
 | 7.3637 14.8445 50.8637 0.5133449 CC(C)n1c(/C=C/c2ccccn2)nc2ccccc2c1=O 1 O=c1c2ccccc2nc(/C=C/c2cccnc2)n1Cc1ccc(Cl)cc1 0.7412193 0.7412 0.3555263 -7.4500 1.0000000 1.0000 []
 | 8.2099 11.4614 43.0731 0.4260506 CC(NC(=O)c1cc2c(=O)n3cc(F)cc(F)c3nc2n(C)c1=N)c1ccccc1 1 C[C@H](NC(=O)c1cc2c(=O)n3ccccc3nc2[nH]c1=N)c1ccccc1 0.5093041 0.5093 0.3564062 -7.4600 1.0000000 1.0000 []
 | 10.4334 21.9112 43.7120 0.5126813 CC1CCN(S(=O)(=O)Cc2ccccc2)C(c2c[nH]c3c(Cl)cccc23)C1 1 O=S(=O)(Cc1ccccc1)N1C=Cc2ccccc2C1c1c[nH]c2ccccc12 0.6576281 0.6576 0.3996820 -7.9400 1.0000000 1.0000 []
 | 14.1841 38.7093 31.0502 0.5449962 CC1CN(S(=O)(=O)Cc2ccc(F)cc2)C(C)C1c1c[nH]c2ccc(F)cc12 1 O=S(=O)(Cc1ccccc1)N1Cc2ccccc2C1c1c[nH]c2ccccc12 0.7007780 0.7008 0.4238444 -8.2000 1.0000000 1.0000 []
 | 21.3695 37.8797 22.4854 0.4716021 CC1Cc2c(c[nH]c2-c2cccc3ccccc23)C(C(=O)Nc2ccncc2)C1 1 O=S(=O)(Cc1ccccc1)N1Cc2ccccc2C1c1c[nH]c2ccccc12 0.4898025 0.4898 0.4540781 -8.5200 1.0000000 1.0000 []
 | 19.2590 31.9239 -31.9239 0.0000000 CC3CCN(S(=O)(=O)Cc2ccccc2)C(c2c[nH]c3c(F)cccc23)C1 0 O=S(=O)(Cc1ccccc1)N1C=Cc2ccccc2C1c1c[nH]c2ccccc12 0.0000000 0.0000 0.0000000 0.0000 0.0000000 0.0000 None
 | 7.8849 12.8857 61.3882 0.5802646 CCC(=O)N(c1ccccc1)C1CCN(C(=O)CC(N)Cc2cccc(Cl)c2)CC1 1 CCC(=O)N(c1ccccc1)C1CCN(C(=O)[C@@H](N)C2Cc3ccccc3C2)CC1 0.7247847 0.7248 0.4645613 -8.6300 1.0000000 1.0000 []
 | 5.1461 4.4318 73.1464 0.6060801 CCC(=O)N(c1ccccc1)C1CCN(C(=O)CC(N)c2ccccc2)CC1 1 CCC(=O)N(c1ccccc1)C1CCN(C(=O)[C@@H](N)C2Cc3ccccc3C2)CC1 0.8351330 0.8351 0.4398499 -8.3700 1.0000000 1.0000 []
03:16:31 <INFO> Score: 0.51 Agent NLL: 6.92 Valid:  99% Step: 86
 | Agent Prior Target Score SMILES SMILES_state Input_SMILES QED QED (raw) maize maize (raw) Unwanted SMARTS Unwanted SMARTS (raw) matchting_patterns (Unwanted SMARTS)
 | 5.6432 4.7388 58.9357 0.4974574 CC(C)n1c(/C=C/c2cccnc2)nc2ccccc2c1=O 1 O=c1c2ccccc2nc(/C=C/c2cccnc2)n1CC1CCCCC1 0.7412193 0.7412 0.3338605 -7.2000 1.0000000 1.0000 []
 | 10.5568 38.2456 30.7842 0.5392953 CC(C)n1cc(NC(=O)CNC(=O)c2ccc3cc(Cl)ccc3n2)cn1 1 COc1ccc([C@H](C)NC(=O)[C@@H]2C[C@@H](O)CN2C(=O)CNC(=O)c2ccc3cc(F)ccc3n2)c(Cl)c1 0.7210224 0.7210 0.4033708 -7.9800 1.0000000 1.0000 []
 | 10.2247 32.0131 37.6873 0.5445344 CC1=C(c2c[nH]c3cc(F)ccc23)C(NS(=O)(=O)Cc2ccccc2)C1 1 O=S(=O)(Cc1ccccc1)N1C=Cc2ccccc2C1c1c[nH]c2ccccc12 0.7137560 0.7138 0.4154329 -8.1100 1.0000000 1.0000 []
 | 7.7181 12.1390 52.6773 0.5063778 CC1=CN(S(=O)(=O)Cc2ccccc2)C(c2c[nH]c3cc(F)ccc23)C1 1 O=S(=O)(Cc1ccccc1)N1C=Cc2ccccc2C1c1c[nH]c2ccccc12 0.7357278 0.7357 0.3485235 -7.3700 1.0000000 1.0000 []
 | 7.7659 13.8996 59.2611 0.5715683 CC1CC(c2c[nH]c3ccccc23)N(S(=O)(=O)Cc2ccccc2)C1 1 O=S(=O)(Cc1ccccc1)N1C=Cc2ccccc2C1c1c[nH]c2ccccc12 0.7673832 0.7674 0.4257199 -8.2200 1.0000000 1.0000 []
 | 6.8882 8.9493 64.7270 0.5755958 CCC(=O)N(c1ccccc1)C1CCN(C(=O)CC(N)c2ccc(C)c(Cl)c2)CC1 1 CCC(=O)N(c1ccccc1)C1CCN(C(=O)[C@@H](N)C2Cc3ccccc3C2)CC1 0.7389114 0.7389 0.4483765 -8.4600 1.0000000 1.0000 []
 | 4.8167 3.0015 71.5578 0.5824949 CCC(=O)N(c1ccccc1)C1CCN(C(=O)CC(N)c2ccc(C)cc2)CC1 1 CCC(=O)N(c1ccccc1)C1CCN(C(=O)[C@@H](N)C2Cc3ccccc3C2)CC1 0.8112739 0.8113 0.4182315 -8.1400 1.0000000 1.0000 []
 | 6.2840 16.3129 52.3732 0.5366100 CCC(=O)N(c1ccccc1)C1CCN(C(=O)CCc2c(-c3ccccc3)noc2C)CC1 1 CCC(=O)N(c1ccccc1)C1CCN(C(=O)[C@@H](N)C2Cc3ccccc3C2)CC1 0.5123303 0.5123 0.5620403 -9.6500 1.0000000 1.0000 []
 | 4.8678 8.5369 59.5969 0.5322952 CCC(=O)N(c1ccccc1)C1CCN(C(=O)CCc2ccc(Br)cc2)CC1 1 CCC(=O)N(c1ccccc1)C1CCN(C(=O)[C@@H](N)C2Cc3ccccc3C2)CC1 0.6427881 0.6428 0.4407956 -8.3800 1.0000000 1.0000 []
 | 11.0090 15.6795 46.3846 0.4848762 CCC(=O)N(c1ccccc1)C1CCN(C(=O)CCc2ccc(NS(C)(=O)=O)cc2)CC1 1 CCC(=O)N(c1ccccc1)C1CCN(C(=O)[C@@H](N)C2Cc3ccccc3C2)CC1 0.6580286 0.6580 0.3572869 -7.4700 1.0000000 1.0000 []
03:29:47 <INFO> Score: 0.51 Agent NLL: 7.16 Valid:  99% Step: 87
 | Agent Prior Target Score SMILES SMILES_state Input_SMILES QED QED (raw) maize maize (raw) Unwanted SMARTS Unwanted SMARTS (raw) matchting_patterns (Unwanted SMARTS)
 | 7.8501 28.2457 43.0308 0.5568476 CC(C)CNC(=O)CNC(=O)c1ccc2ccccc2n1 1 COc1ccc([C@H](C)NC(=O)[C@@H]2C[C@@H](O)CN2C(=O)CNC(=O)c2ccc3cc(F)ccc3n2)c(Cl)c1 0.8786783 0.8787 0.3528928 -7.4200 1.0000000 1.0000 []
 | 5.9068 22.8151 45.7159 0.5353982 CC(C)C[C@H](NC(=O)CNC(=O)c1ccc2cc(Cl)ccc2n1)c1ccccc1 1 COc1ccc([C@H](C)NC(=O)[C@@H]2C[C@@H](O)CN2C(=O)CNC(=O)c2ccc3cc(F)ccc3n2)c(Cl)c1 0.6021665 0.6022 0.4760332 -8.7500 1.0000000 1.0000 []
 | 7.4559 5.6817 56.2903 0.4841562 CC(C)Cn1c(/C=C/c2cccnc2)nc2ccccc2c1=O 1 O=c1c2ccccc2nc(/C=C/c2cccnc2)n1CC1CCCCC1 0.7394223 0.7394 0.3170140 -7.0000 1.0000000 1.0000 []
 | 10.1589 9.1133 47.9973 0.4461764 CC(C)Cn1c(/C=C/c2ccncc2)nc2cc(Cl)ccc2c1=O 1 O=c1c2ccccc2nc(/C=C/c2cccnc2)n1CC1CCCCC1 0.7127382 0.7127 0.2793078 -6.5300 1.0000000 1.0000 []
 | 5.8762 30.7843 42.6679 0.5738452 CC(C)N1CCN(c2ccc3c(c2)CC(c2cccc(C(=O)N4CCC4)c2)=N3)CC1 1 CN1CCN(C(=O)c2cccc(C3=Nc4ccc(C#Cc5ccccc5)cc4NC(=O)C3)c2)CC1 0.7821153 0.7821 0.4210355 -8.1700 1.0000000 1.0000 []
 | 5.4095 28.9789 50.8707 0.6238254 CC(C)N1CCN(c2ccc3c(c2)CC(c2cccc(C(=O)N4CCCC4)c2)=N3)CC1 1 CN1CCN(C(=O)c2cccc(C3=Nc4ccc(C#Cc5ccccc5)cc4NC(=O)C3)c2)CC1 0.7523415 0.7523 0.5172626 -9.1800 1.0000000 1.0000 []
 | 7.3518 22.6603 51.9508 0.5828995 CC(C)[C@H]1C[C@@H](O)CN1C(=O)CNC(=O)c1ccc2ccccc2n1 1 COc1ccc([C@H](C)NC(=O)[C@@H]2C[C@@H](O)CN2C(=O)CNC(=O)c2ccc3cc(F)ccc3n2)c(Cl)c1 0.8845096 0.8845 0.3841359 -7.7700 1.0000000 1.0000 []
 | 6.7074 6.7911 51.5214 0.4555667 CC(C)n1c(/C=C/c2cccnc2)nc2cc(Cl)ccc2c1=O 1 O=c1c2ccccc2nc(/C=C/c2cccnc2)n1CC1CCCCC1 0.7248747 0.7249 0.2863130 -6.6200 1.0000000 1.0000 []
 | 11.2899 15.9839 43.0805 0.4614407 CC(NC(=O)c1cc2c(=O)n3cc(F)ccc3nc2n(CC2CCCC2)c1=N)c1ccccc1 1 C[C@H](NC(=O)c1cc2c(=O)n3ccccc3nc2[nH]c1=N)c1ccccc1 0.4428413 0.4428 0.4808213 -8.8000 1.0000000 1.0000 []
 | 7.7613 11.2654 45.1311 0.4405975 CC(NC(=O)c1cc2c(=O)n3cccc(F)c3nc2n(C)c1=N)c1ccccc1 1 C[C@H](NC(=O)c1cc2c(=O)n3ccccc3nc2[nH]c1=N)c1ccccc1 0.5250672 0.5251 0.3697168 -7.6100 1.0000000 1.0000 []
03:42:25 <INFO> Score: 0.51 Agent NLL: 7.10 Valid:  99% Step: 88
 | Agent Prior Target Score SMILES SMILES_state Input_SMILES QED QED (raw) maize maize (raw) Unwanted SMARTS Unwanted SMARTS (raw) matchting_patterns (Unwanted SMARTS)
 | 19.0881 29.3849 40.1727 0.5434186 CC(C)CS(=O)(=O)N1CCC(c2c[nH]c3ccncc23)CC1 1 O=S(=O)(Cc1ccccc1)N1Cc2ccccc2C1c1c[nH]c2ccccc12 0.9413580 0.9414 0.3136998 -6.9600 1.0000000 1.0000 []
 | 5.6741 16.7748 53.0099 0.5451927 CC(C)C[C@H](NC(=O)CNC(=O)c1ccc2cc(F)ccc2n1)c1ccccc1 1 COc1ccc([C@H](C)NC(=O)[C@@H]2C[C@@H](O)CN2C(=O)CNC(=O)c2ccc3cc(F)ccc3n2)c(Cl)c1 0.6371996 0.6372 0.4664710 -8.6500 1.0000000 1.0000 []
 | 8.2628 8.6154 50.7887 0.4640943 CC(C)Cn1c(/C=C/c2ccccc2)nc2cc(Cl)ccc2c1=O 1 O=c1c2ccccc2nc(/C=C/c2cccnc2)n1CC1CCCCC1 0.6794134 0.6794 0.3170140 -7.0000 1.0000000 1.0000 []
 | 6.1647 23.1003 49.9945 0.5710527 CC(C)N1CCN(c2ccc3c(c2)NC(=O)CC(c2cccc(C(=O)N4CCCC4)c2)=N3)CC1 1 CN1CCN(C(=O)c2cccc(C3=Nc4ccc(C#Cc5ccccc5)cc4NC(=O)C3)c2)CC1 0.7526995 0.7527 0.4332423 -8.3000 1.0000000 1.0000 []
 | 5.6987 4.7388 58.9357 0.4974574 CC(C)n1c(/C=C/c2cccnc2)nc2ccccc2c1=O 1 O=c1c2ccccc2nc(/C=C/c2cccnc2)n1CC1CCCCC1 0.7412193 0.7412 0.3338605 -7.2000 1.0000000 1.0000 []
 | 14.0234 17.6342 51.5763 0.5407077 CCC(=O)N(c1ccccc1)C1CCN(C(=O)C(C)c2c(C)noc2C)CC1 1 CCC(=O)N(c1ccccc1)C1CCN(C(=O)[C@@H](N)C2Cc3ccccc3C2)CC1 0.7869695 0.7870 0.3715071 -7.6300 1.0000000 1.0000 []
 | 4.5511 7.4508 65.0764 0.5666194 CCC(=O)N(c1ccccc1)C1CCN(C(=O)CCc2ccc(C)cc2)CC1 1 CCC(=O)N(c1ccccc1)C1CCN(C(=O)[C@@H](N)C2Cc3ccccc3C2)CC1 0.7491946 0.7492 0.4285368 -8.2500 1.0000000 1.0000 []
 | 10.9628 17.4899 50.4584 0.5308461 CCC(=O)N(c1ccccc1)C1CCN(C(=O)CCn2ccc3cccc(F)c32)CC1 1 CCC(=O)N(c1ccccc1)C1CCN(C(=O)[C@@H](N)C2Cc3ccccc3C2)CC1 0.5837491 0.5837 0.4827375 -8.8200 1.0000000 1.0000 []
 | 17.8255 27.3003 -27.3003 0.0000000 CCC(=O)N(c1ccccc1)C1CCN(C(=O)C[C@@H](N)Cc2c1cccc(Cl)c2)CC1 0 CCC(=O)N(c1ccccc1)C1CCN(C(=O)[C@@H](N)C2Cc3ccccc3C2)CC1 0.0000000 0.0000 0.0000000 0.0000 0.0000000 0.0000 None
 | 3.2794 3.1612 66.7447 0.5461398 CCC(=O)N(c1ccccc1)C1CCN(C(=O)[C@@H](N)Cc2c(C)cc(O)cc2C)CC1 1 CCC(=O)N(c1ccccc1)C1CCN(C(=O)[C@@H](N)C2Cc3ccccc3C2)CC1 0.7462649 0.7463 0.3996820 -7.9400 1.0000000 1.0000 []
03:54:50 <INFO> Score: 0.51 Agent NLL: 7.00 Valid: 100% Step: 89
 | Agent Prior Target Score SMILES SMILES_state Input_SMILES QED QED (raw) maize maize (raw) Unwanted SMARTS Unwanted SMARTS (raw) matchting_patterns (Unwanted SMARTS)
 | 14.7571 14.2301 51.3432 0.5122915 C=C(C)CN(c1ccccc1)C1CCN(C(=O)[C@@H](N)Cc2ccc(O)cc2)CC1 1 CCC(=O)N(c1ccccc1)C1CCN(C(=O)[C@@H](N)C2Cc3ccccc3C2)CC1 0.7081340 0.7081 0.3706115 -7.6200 1.0000000 1.0000 []
 | 14.7532 13.7825 48.9699 0.4902528 CC(C)(C)CS(=O)(=O)N1Cc2ccccc2[C@@H]1c1c[nH]c2ccccc12 1 O=S(=O)(Cc1ccccc1)N1Cc2ccccc2C1c1c[nH]c2ccccc12 0.7425057 0.7425 0.3236983 -7.0800 1.0000000 1.0000 []
 | 7.4456 44.8159 21.4850 0.5179752 CC(C)COc1ccc2c(c1)CC(c1cccc(C(=O)NCCN3CCCC3)c1)=N2 1 CN1CCN(C(=O)c2cccc(C3=Nc4ccc(C#Cc5ccccc5)cc4NC(=O)C3)c2)CC1 0.7152746 0.7153 0.3750983 -7.6700 1.0000000 1.0000 []
 | 14.6862 17.7174 37.7508 0.4333452 CC(C)CS(=O)(=O)N1Cc2ccccc2[C@@H]1c1c[nH]c2cc(F)ccc12 1 O=S(=O)(Cc1ccccc1)N1Cc2ccccc2C1c1c[nH]c2ccccc12 0.7462600 0.7463 0.2516389 -6.1600 1.0000000 1.0000 []
 | 9.8262 14.3092 45.9306 0.4706231 CC(C)n1c(/C=C/c2ccccc2)nc2cc(Cl)ccc2c1=O 1 O=c1c2ccccc2nc(/C=C/c2cccnc2)n1Cc1ccccc1 0.6932013 0.6932 0.3195120 -7.0300 1.0000000 1.0000 []
 | 6.5611 9.4286 56.2796 0.5133449 CC(C)n1c(/C=C/c2ccccn2)nc2ccccc2c1=O 1 O=c1c2ccccc2nc(/C=C/c2cccnc2)n1CC1CCCCC1 0.7412193 0.7412 0.3555263 -7.4500 1.0000000 1.0000 []
 | 7.8104 13.6421 52.2207 0.5145535 CC(C)n1c(/C=C/c2cccnc2)nc2c(Cl)cccc2c1=O 1 O=c1c2ccccc2nc(/C=C/c2cccnc2)n1Cc1ccc(Cl)cc1 0.7248747 0.7249 0.3652567 -7.5600 1.0000000 1.0000 []
 | 5.8230 4.7388 58.9357 0.4974574 CC(C)n1c(/C=C/c2cccnc2)nc2ccccc2c1=O 1 O=c1c2ccccc2nc(/C=C/c2cccnc2)n1CC1CCCCC1 0.7412193 0.7412 0.3338605 -7.2000 1.0000000 1.0000 []
 | 10.3862 10.8125 48.7396 0.4652508 CC(NC(=O)c1cc2c(=O)n3ccccc3nc2nc1N)c1ccccc1 1 C[C@H](NC(=O)c1cc2c(=O)n3ccccc3nc2[nH]c1=N)c1ccccc1 0.5466055 0.5466 0.3960046 -7.9000 1.0000000 1.0000 []
 | 14.3279 32.2171 41.6992 0.5774707 CC1(C)CCN(c2nc(N3CCN(c4ccccn4)CC3)nc(N3CCc4ccccc4C3)n2)C1 1 CCNC1CN(c2nc(N3CCc4ccccc4C3)nc(N3CCc4ccccc4C3)n2)CCO1 0.5750517 0.5751 0.5798998 -9.8400 1.0000000 1.0000 []
04:06:28 <INFO> Score: 0.51 Agent NLL: 7.15 Valid: 100% Step: 90
 | Agent Prior Target Score SMILES SMILES_state Input_SMILES QED QED (raw) maize maize (raw) Unwanted SMARTS Unwanted SMARTS (raw) matchting_patterns (Unwanted SMARTS)
 | 5.0258 25.2389 48.2081 0.5738045 CC(C)C[C@H](NC(=O)CNC(=O)c1ccc2ccccc2n1)c1ccccc1 1 COc1ccc([C@H](C)NC(=O)[C@@H]2C[C@@H](O)CN2C(=O)CNC(=O)c2ccc3cc(F)ccc3n2)c(Cl)c1 0.6585032 0.6585 0.5000000 -9.0000 1.0000000 1.0000 []
 | 12.4121 15.2378 40.0108 0.4316302 CC(C)Cn1c(/C=C/c2ccc[n+]([O-])c2)nc2ccccc2c1=O 1 O=c1c2ccccc2nc(/C=C/c2cccnc2)n1Cc1ccc(Cl)cc1 0.5481784 0.5482 0.3398613 -7.2700 1.0000000 1.0000 []
 | 7.9534 7.5081 50.2604 0.4513163 CC(C)NC(=O)c1cc2c(=O)n3ccccc3nc2n(Cc2ccccc2)c1=N 1 C[C@H](NC(=O)c1cc2c(=O)n3ccccc3nc2[nH]c1=N)c1ccccc1 0.5265076 0.5265 0.3868632 -7.8000 1.0000000 1.0000 []
 | 6.0701 9.0857 54.5889 0.4974574 CC(C)n1c(/C=C/c2cccnc2)nc2ccccc2c1=O 1 O=c1c2ccccc2nc(/C=C/c2cccnc2)n1Cc1ccc(Cl)cc1 0.7412193 0.7412 0.3338605 -7.2000 1.0000000 1.0000 []
 | 9.6801 18.9614 49.1317 0.5319774 CC1=CN(S(=O)(=O)Cc2ccc(N)cc2)C(c2c[nH]c3ccccc23)C1 1 O=S(=O)(Cc1ccccc1)N1C=Cc2ccccc2C1c1c[nH]c2ccccc12 0.6858280 0.6858 0.4126399 -8.0800 1.0000000 1.0000 []
 | 7.1171 8.9493 64.7270 0.5755958 CCC(=O)N(c1ccccc1)C1CCN(C(=O)CC(N)c2ccc(C)c(Cl)c2)CC1 1 CCC(=O)N(c1ccccc1)C1CCN(C(=O)[C@@H](N)C2Cc3ccccc3C2)CC1 0.7389114 0.7389 0.4483765 -8.4600 1.0000000 1.0000 []
 | 6.1757 6.6211 67.3393 0.5778154 CCC(=O)N(c1ccccc1)C1CCN(C(=O)CC(N)c2ccc(F)cc2)CC1 1 CCC(=O)N(c1ccccc1)C1CCN(C(=O)[C@@H](N)C2Cc3ccccc3C2)CC1 0.8091090 0.8091 0.4126399 -8.0800 1.0000000 1.0000 []
 | 5.4024 6.5882 72.0340 0.6142357 CCC(=O)N(c1ccccc1)C1CCN(C(=O)CC(N)c2ccc(O)cc2)CC1 1 CCC(=O)N(c1ccccc1)C1CCN(C(=O)[C@@H](N)C2Cc3ccccc3C2)CC1 0.7862353 0.7862 0.4798633 -8.7900 1.0000000 1.0000 []
 | 5.5887 13.4891 56.0761 0.5434783 CCC(=O)N(c1ccccc1)C1CCN(C(=O)CCc2c(Cl)cccc2Cl)CC1 1 CCC(=O)N(c1ccccc1)C1CCN(C(=O)[C@@H](N)C2Cc3ccccc3C2)CC1 0.6155267 0.6155 0.4798633 -8.7900 1.0000000 1.0000 []
 | 6.8437 9.6469 54.8042 0.5035244 CCC(=O)N(c1ccccc1)C1CCN(C(=O)CCc2ccc(SC)cc2)CC1 1 CCC(=O)N(c1ccccc1)C1CCN(C(=O)[C@@H](N)C2Cc3ccccc3C2)CC1 0.6172070 0.6172 0.4107808 -8.0600 1.0000000 1.0000 []
04:20:04 <INFO> Score: 0.51 Agent NLL: 7.21 Valid: 100% Step: 91
 | Agent Prior Target Score SMILES SMILES_state Input_SMILES QED QED (raw) maize maize (raw) Unwanted SMARTS Unwanted SMARTS (raw) matchting_patterns (Unwanted SMARTS)
 | 10.8012 16.4292 -16.4292 0.0000000 C#Cc1cccn2c(=O)c3cc(C(=O)N[C@@H](C)c4ccccc4)c(N)nc3nc12 1 C[C@H](NC(=O)c1cc2c(=O)n3ccccc3nc2[nH]c1=N)c1ccccc1 0.0000000 0.0000 0.0000000 0.0000 0.0000000 0.0000 ['C#C']
 | 9.9965 12.3654 39.4795 0.4050379 S=c1c2ccccc2nc(/C=C/c2ccncc2)n1Cc1ccccn1 1 O=c1c2ccccc2nc(/C=C/c2cccnc2)n1Cc1ccccc1 0.4939120 0.4939 0.3321558 -7.1800 1.0000000 1.0000 []
 | 7.5559 19.8888 45.8933 0.5139231 CC(C)CNC(=O)CNC(=O)c1ccc2cc(F)ccc2n1 1 COc1ccc([C@H](C)NC(=O)[C@@H]2C[C@@H](O)CN2C(=O)CNC(=O)c2ccc3cc(F)ccc3n2)c(Cl)c1 0.8856480 0.8856 0.2982188 -6.7700 1.0000000 1.0000 []
 | 11.0098 32.2785 46.8273 0.6180136 CC(C)CNC(=O)[C@H]1CCCN1C(=O)CNC(=O)c1ccc2ccccc2n1 1 COc1ccc([C@H](C)NC(=O)[C@@H]2C[C@@H](O)CN2C(=O)CNC(=O)c2ccc3cc(F)ccc3n2)c(Cl)c1 0.7959368 0.7959 0.4798633 -8.7900 1.0000000 1.0000 []
 | 12.5660 15.5746 52.5106 0.5319161 CC(C)CNC(=O)c1cccc(/C=C/c2nc3ccccc3c(=O)n2CC2CCCCC2)c1 1 O=c1c2ccccc2nc(/C=C/c2cccnc2)n1CC1CCCCC1 0.5219100 0.5219 0.5421140 -9.4400 1.0000000 1.0000 []
 | 5.6282 16.7748 53.0099 0.5451927 CC(C)C[C@H](NC(=O)CNC(=O)c1ccc2cc(F)ccc2n1)c1ccccc1 1 COc1ccc([C@H](C)NC(=O)[C@@H]2C[C@@H](O)CN2C(=O)CNC(=O)c2ccc3cc(F)ccc3n2)c(Cl)c1 0.6371996 0.6372 0.4664710 -8.6500 1.0000000 1.0000 []
 | 12.1008 10.6220 47.2470 0.4521013 CC(C)Cn1c(/C=C/c2cccnc2)nc2cc(Br)ccc2c1=O 1 O=c1c2ccccc2nc(/C=C/c2cccnc2)n1CC1CCCCC1 0.6708455 0.6708 0.3046836 -6.8500 1.0000000 1.0000 []
 | 17.5832 28.7468 29.6131 0.4559373 CC(C)N1CCN(S(=O)(=O)Cc2ccccc2)C(c2c[nH]c3cccc(Br)c23)C1 1 O=S(=O)(Cc1ccccc1)N1C=Cc2ccccc2C1c1c[nH]c2ccccc12 0.5890706 0.5891 0.3528928 -7.4200 1.0000000 1.0000 []
 | 8.8565 12.8693 45.1240 0.4530726 CC(C)n1c(/C=C/c2ccncc2)nc2ccc(Cl)cc2c1=O 1 O=c1c2ccccc2nc(/C=C/c2cccnc2)n1Cc1ccccc1 0.7248747 0.7249 0.2831866 -6.5800 1.0000000 1.0000 []
 | 14.3305 26.6849 49.5278 0.5954115 CC1CC(c2c[nH]c3ccccc23)N(S(=O)(=O)Cc2cccnc2)C1 1 O=S(=O)(Cc1ccccc1)N1C=Cc2ccccc2C1c1c[nH]c2ccccc12 0.7791029 0.7791 0.4550295 -8.5300 1.0000000 1.0000 []
04:32:32 <INFO> Score: 0.51 Agent NLL: 7.00 Valid:  99% Step: 92
 | Agent Prior Target Score SMILES SMILES_state Input_SMILES QED QED (raw) maize maize (raw) Unwanted SMARTS Unwanted SMARTS (raw) matchting_patterns (Unwanted SMARTS)
 | 9.9985 10.9608 52.7827 0.4979956 CC(=O)N1CCC(n2c(/C=C/c3cccnc3)nc3ccccc3c2=O)CC1 1 O=c1c2ccccc2nc(/C=C/c2cccnc2)n1CC1CCCCC1 0.7062658 0.7063 0.3511421 -7.4000 1.0000000 1.0000 []
 | 9.2761 12.3795 46.3882 0.4591223 CC(C)=CCn1c(/C=C/c2cccnc2)nc2ccc(Cl)cc2c1=O 1 O=c1c2ccccc2nc(/C=C/c2cccnc2)n1Cc1ccccc1 0.6461617 0.6462 0.3262238 -7.1100 1.0000000 1.0000 []
 | 5.2906 22.8151 45.7159 0.5353982 CC(C)C[C@H](NC(=O)CNC(=O)c1ccc2cc(Cl)ccc2n1)c1ccccc1 1 COc1ccc([C@H](C)NC(=O)[C@@H]2C[C@@H](O)CN2C(=O)CNC(=O)c2ccc3cc(F)ccc3n2)c(Cl)c1 0.6021665 0.6022 0.4760332 -8.7500 1.0000000 1.0000 []
 | 5.0226 25.2389 48.2081 0.5738045 CC(C)C[C@H](NC(=O)CNC(=O)c1ccc2ccccc2n1)c1ccccc1 1 COc1ccc([C@H](C)NC(=O)[C@@H]2C[C@@H](O)CN2C(=O)CNC(=O)c2ccc3cc(F)ccc3n2)c(Cl)c1 0.6585032 0.6585 0.5000000 -9.0000 1.0000000 1.0000 []
 | 10.1915 20.9805 44.1700 0.5089889 CC(C)NC(=O)CNC(=O)CNC(=O)c1ccc2cc(Cl)ccc2n1 1 COc1ccc([C@H](C)NC(=O)[C@@H]2C[C@@H](O)CN2C(=O)CNC(=O)c2ccc3cc(F)ccc3n2)c(Cl)c1 0.7197680 0.7198 0.3599350 -7.5000 1.0000000 1.0000 []
 | 12.8784 17.8421 57.0046 0.5847398 CC(C)NS(=O)(=O)N1CCc2ccccc2[C@@H]1c1c[nH]c2ccccc12 1 O=S(=O)(Cc1ccccc1)N1Cc2ccccc2C1c1c[nH]c2ccccc12 0.7405706 0.7406 0.4616988 -8.6000 1.0000000 1.0000 []
 | 6.2649 9.0857 54.5889 0.4974574 CC(C)n1c(/C=C/c2cccnc2)nc2ccccc2c1=O 1 O=c1c2ccccc2nc(/C=C/c2cccnc2)n1Cc1ccc(Cl)cc1 0.7412193 0.7412 0.3338605 -7.2000 1.0000000 1.0000 []
 | 8.2134 7.7770 47.8786 0.4348092 CC(NC(=O)c1cc2c(=O)n3ccccc3nc2n(Cc2ccccc2)c1=N)c1ccccc1 1 C[C@H](NC(=O)c1cc2c(=O)n3ccccc3nc2[nH]c1=N)c1ccccc1 0.4011868 0.4012 0.4712494 -8.7000 1.0000000 1.0000 []
 | 4.9468 4.4318 73.1464 0.6060801 CCC(=O)N(c1ccccc1)C1CCN(C(=O)CC(N)c2ccccc2)CC1 1 CCC(=O)N(c1ccccc1)C1CCN(C(=O)[C@@H](N)C2Cc3ccccc3C2)CC1 0.8351330 0.8351 0.4398499 -8.3700 1.0000000 1.0000 []
 | 8.3583 10.9463 63.7046 0.5832099 CCC(=O)N(c1ccccc1)C1CCN(C(=O)CC2Cc3ccccc3C2)CC1 1 CCC(=O)N(c1ccccc1)C1CCN(C(=O)[C@@H](N)C2Cc3ccccc3C2)CC1 0.7666967 0.7667 0.4436353 -8.4100 1.0000000 1.0000 []
04:43:21 <INFO> Score: 0.51 Agent NLL: 6.97 Valid:  99% Step: 93
 | Agent Prior Target Score SMILES SMILES_state Input_SMILES QED QED (raw) maize maize (raw) Unwanted SMARTS Unwanted SMARTS (raw) matchting_patterns (Unwanted SMARTS)
 | 8.8578 8.8791 47.4672 0.4402055 S=c1c2ccccc2nc(/C=C/c2cccnc2)n1Cc1cccnc1 1 O=c1c2ccccc2nc(/C=C/c2cccnc2)n1Cc1ccc(Cl)cc1 0.4939120 0.4939 0.3923389 -7.8600 1.0000000 1.0000 []
 | 8.7858 9.5158 43.9230 0.4174901 S=c1c2ccccc2nc(/C=C/c2cccnc2)n1Cc1ccncc1 1 O=c1c2ccccc2nc(/C=C/c2cccnc2)n1Cc1ccccc1 0.4939120 0.4939 0.3528928 -7.4200 1.0000000 1.0000 []
 | 5.0174 25.2389 48.2081 0.5738045 CC(C)C[C@H](NC(=O)CNC(=O)c1ccc2ccccc2n1)c1ccccc1 1 COc1ccc([C@H](C)NC(=O)[C@@H]2C[C@@H](O)CN2C(=O)CNC(=O)c2ccc3cc(F)ccc3n2)c(Cl)c1 0.6585032 0.6585 0.5000000 -9.0000 1.0000000 1.0000 []
 | 7.4101 11.1693 49.5971 0.4747375 CC(C)n1c(/C=C/c2ccccc2)nc2ccccc2c1=O 1 O=c1c2ccccc2nc(/C=C/c2cccnc2)n1Cc1ccccc1 0.7260712 0.7261 0.3104044 -6.9200 1.0000000 1.0000 []
 | 11.6913 15.5667 52.2686 0.5299634 CC(O)c1cccc(/C=C/c2nc3ccccc3c(=O)n2Cc2ccco2)c1 1 O=c1c2ccccc2nc(/C=C/c2cccnc2)n1Cc1ccc(Cl)cc1 0.5682646 0.5683 0.4942437 -8.9400 1.0000000 1.0000 []
 | 12.4883 25.6232 34.1602 0.4670578 CC1=CN(S(=O)(=O)Cc2ccccn2)C(c2c[nH]c3ccc(Br)cc23)C1 1 O=S(=O)(Cc1ccccc1)N1C=Cc2ccccc2C1c1c[nH]c2ccccc12 0.6601283 0.6601 0.3304554 -7.1600 1.0000000 1.0000 []
 | 5.5513 2.7466 67.1462 0.5460374 CCC(=O)N(c1ccccc1)C1CCN(C(=O)CC(N)c2ccc(Cl)cc2)CC1 1 CCC(=O)N(c1ccccc1)C1CCN(C(=O)[C@@H](N)C2Cc3ccccc3C2)CC1 0.7725207 0.7725 0.3859532 -7.7900 1.0000000 1.0000 []
 | 5.0135 4.4318 73.1464 0.6060801 CCC(=O)N(c1ccccc1)C1CCN(C(=O)CC(N)c2ccccc2)CC1 1 CCC(=O)N(c1ccccc1)C1CCN(C(=O)[C@@H](N)C2Cc3ccccc3C2)CC1 0.8351330 0.8351 0.4398499 -8.3700 1.0000000 1.0000 []
 | 4.4340 6.4875 64.8005 0.5569375 CCC(=O)N(c1ccccc1)C1CCN(C(=O)CCc2ccc(Cl)cc2)CC1 1 CCC(=O)N(c1ccccc1)C1CCN(C(=O)[C@@H](N)C2Cc3ccccc3C2)CC1 0.7067128 0.7067 0.4389045 -8.3600 1.0000000 1.0000 []
 | 5.4672 9.0913 61.5452 0.5518478 CCC(=O)N(c1ccccc1)C1CCN(C(=O)CCc2ccc(F)cc2)CC1 1 CCC(=O)N(c1ccccc1)C1CCN(C(=O)[C@@H](N)C2Cc3ccccc3C2)CC1 0.7515337 0.7515 0.4052193 -8.0000 1.0000000 1.0000 []
04:55:53 <INFO> Score: 0.51 Agent NLL: 7.06 Valid:  99% Step: 94
 | Agent Prior Target Score SMILES SMILES_state Input_SMILES QED QED (raw) maize maize (raw) Unwanted SMARTS Unwanted SMARTS (raw) matchting_patterns (Unwanted SMARTS)
 | 9.9487 32.2705 31.1662 0.4955991 CC(=O)Nc1ccc2c(c1)CC(c1cccc(C(=O)Nc3cccc(C(F)(F)F)c3)c1)=N2 1 CN1CCN(C(=O)c2cccc(C3=Nc4ccc(C#Cc5ccccc5)cc4NC(=O)C3)c2)CC1 0.5584144 0.5584 0.4398499 -8.3700 1.0000000 1.0000 []
 | 11.8539 15.5714 52.1593 0.5291459 CC(C)(C)CS(=O)(=O)N1CCc2ccccc2C1c1c[nH]c2ccccc12 1 O=S(=O)(Cc1ccccc1)N1Cc2ccccc2C1c1c[nH]c2ccccc12 0.7254645 0.7255 0.3859532 -7.7900 1.0000000 1.0000 []
 | 14.0331 34.2042 12.5199 0.3650323 CC(C)CNS(=O)(=O)c1ccc2c(c1)NC(=O)CC(c1cccc(C(=O)NCC3CC3)c1)=N2 1 CN1CCN(C(=O)c2cccc(C3=Nc4ccc(C#Cc5ccccc5)cc4NC(=O)C3)c2)CC1 0.5513958 0.5514 0.2416569 -6.0200 1.0000000 1.0000 []
 | 5.5578 23.1003 49.9945 0.5710527 CC(C)N1CCN(c2ccc3c(c2)NC(=O)CC(c2cccc(C(=O)N4CCCC4)c2)=N3)CC1 1 CN1CCN(C(=O)c2cccc(C3=Nc4ccc(C#Cc5ccccc5)cc4NC(=O)C3)c2)CC1 0.7526995 0.7527 0.4332423 -8.3000 1.0000000 1.0000 []
 | 12.4954 17.6613 35.0827 0.4120627 CC(C)NC(=O)c1cc2c(=O)n3ccccc3nc2n(C(C)(C)C)c1=N 1 C[C@H](NC(=O)c1cc2c(=O)n3ccccc3nc2[nH]c1=N)c1ccccc1 0.6905025 0.6905 0.2459016 -6.0800 1.0000000 1.0000 []
 | 10.5515 14.2601 63.4481 0.6070956 CC(C)c1ccc(/C=C/c2nc3ccccc3c(=O)n2CC2CCNCC2)cc1 1 O=c1c2ccccc2nc(/C=C/c2cccnc2)n1CC1CCCCC1 0.6908060 0.6908 0.5335290 -9.3500 1.0000000 1.0000 []
 | 6.2315 7.5066 66.7857 0.5804086 CCC(=O)N(c1ccccc1)C1CCN(C(=O)CC(N)c2cccc(Cl)c2)CC1 1 CCC(=O)N(c1ccccc1)C1CCN(C(=O)[C@@H](N)C2Cc3ccccc3C2)CC1 0.7725207 0.7725 0.4360713 -8.3300 1.0000000 1.0000 []
 | 8.2949 9.7384 -9.7384 0.0000000 CCC(=O)N(c1ccccc1)C1CCN(C(=O)CCc2ccc3c(c2)OCO3)CC1 1 CCC(=O)N(c1ccccc1)C1CCN(C(=O)[C@@H](N)C2Cc3ccccc3C2)CC1 0.0000000 0.0000 0.0000000 0.0000 0.0000000 0.0000 ['[#8;!o][C;!$(C(=[O,N])[N,O])][#8;!o]']
 | 5.0919 8.8779 58.0217 0.5226536 CCC(=O)N(c1ccccc1)C1CCN(C(=O)CCc2cccc(F)c2)CC1 1 CCC(=O)N(c1ccccc1)C1CCN(C(=O)[C@@H](N)C2Cc3ccccc3C2)CC1 0.7515337 0.7515 0.3634790 -7.5400 1.0000000 1.0000 []
 | 4.8366 8.1732 59.0802 0.5254167 CCC(=O)N(c1ccccc1)C1CCN(C(=O)CCc2ccccc2Br)CC1 1 CCC(=O)N(c1ccccc1)C1CCN(C(=O)[C@@H](N)C2Cc3ccccc3C2)CC1 0.6427881 0.6428 0.4294770 -8.2600 1.0000000 1.0000 []
05:09:05 <INFO> Score: 0.51 Agent NLL: 7.06 Valid: 100% Step: 95
 | Agent Prior Target Score SMILES SMILES_state Input_SMILES QED QED (raw) maize maize (raw) Unwanted SMARTS Unwanted SMARTS (raw) matchting_patterns (Unwanted SMARTS)
 | 13.2354 26.5990 43.0662 0.5442592 C/C(=C\c1nc2ccc(F)cc2c(=O)n1CC1CCNCC1)c1ccncc1 1 O=c1c2ccccc2nc(/C=C/c2cccnc2)n1CC1CCCCC1 0.7550055 0.7550 0.3923389 -7.8600 1.0000000 1.0000 []
 | 9.4443 14.8951 48.5457 0.4956314 CC(C)(O)Cn1c(/C=C/c2ccccc2)nc2ccccc2c1=O 1 O=c1c2ccccc2nc(/C=C/c2cccnc2)n1CC1CCCCC1 0.8019613 0.8020 0.3063121 -6.8700 1.0000000 1.0000 []
 | 8.5107 16.0230 44.2531 0.4709070 CC(C)=CCn1c(/C=C/c2ccccn2)nc2ccccc2c1=O 1 O=c1c2ccccc2nc(/C=C/c2cccnc2)n1Cc1ccccc1 0.6850620 0.6851 0.3236983 -7.0800 1.0000000 1.0000 []
 | 5.9954 28.1631 40.3077 0.5349280 CC(C)CNC(=O)CNC(=O)c1ccc2cc(Cl)ccc2n1 1 COc1ccc([C@H](C)NC(=O)[C@@H]2C[C@@H](O)CN2C(=O)CNC(=O)c2ccc3cc(F)ccc3n2)c(Cl)c1 0.8886022 0.8886 0.3220203 -7.0600 1.0000000 1.0000 []
 | 5.4192 30.7843 42.6679 0.5738452 CC(C)N1CCN(c2ccc3c(c2)CC(c2cccc(C(=O)N4CCC4)c2)=N3)CC1 1 CN1CCN(C(=O)c2cccc(C3=Nc4ccc(C#Cc5ccccc5)cc4NC(=O)C3)c2)CC1 0.7821153 0.7821 0.4210355 -8.1700 1.0000000 1.0000 []
 | 5.4496 23.1003 49.9945 0.5710527 CC(C)N1CCN(c2ccc3c(c2)NC(=O)CC(c2cccc(C(=O)N4CCCC4)c2)=N3)CC1 1 CN1CCN(C(=O)c2cccc(C3=Nc4ccc(C#Cc5ccccc5)cc4NC(=O)C3)c2)CC1 0.7526995 0.7527 0.4332423 -8.3000 1.0000000 1.0000 []
 | 12.6625 15.7392 44.6716 0.4719595 CC1c2ccccc2C(c2c[nH]c3ccccc23)N1S(=O)(=O)c1ccccc1F 1 O=S(=O)(Cc1ccccc1)N1Cc2ccccc2C1c1c[nH]c2ccccc12 0.5108013 0.5108 0.4360713 -8.3300 1.0000000 1.0000 []
 | 12.4531 17.9679 45.3731 0.4948516 CCC(=O)N(c1ccccc1)C1CCN(C(=O)C2CC(c3ccccc3)=Nc3ccccc32)CC1 1 CCC(=O)N(c1ccccc1)C1CCN(C(=O)[C@@H](N)C2Cc3ccccc3C2)CC1 0.4832656 0.4833 0.5067154 -9.0700 1.0000000 1.0000 []
 | 4.7428 8.5369 59.5969 0.5322952 CCC(=O)N(c1ccccc1)C1CCN(C(=O)CCc2ccc(Br)cc2)CC1 1 CCC(=O)N(c1ccccc1)C1CCN(C(=O)[C@@H](N)C2Cc3ccccc3C2)CC1 0.6427881 0.6428 0.4407956 -8.3800 1.0000000 1.0000 []
 | 4.3573 6.4875 64.8005 0.5569375 CCC(=O)N(c1ccccc1)C1CCN(C(=O)CCc2ccc(Cl)cc2)CC1 1 CCC(=O)N(c1ccccc1)C1CCN(C(=O)[C@@H](N)C2Cc3ccccc3C2)CC1 0.7067128 0.7067 0.4389045 -8.3600 1.0000000 1.0000 []
05:20:19 <INFO> Score: 0.51 Agent NLL: 7.17 Valid: 100% Step: 96
 | Agent Prior Target Score SMILES SMILES_state Input_SMILES QED QED (raw) maize maize (raw) Unwanted SMARTS Unwanted SMARTS (raw) matchting_patterns (Unwanted SMARTS)
 | 6.7881 13.1320 47.6132 0.4745713 CC(C)=CCn1c(/C=C/c2ccccc2)nc2ccccc2c1=O 1 O=c1c2ccccc2nc(/C=C/c2cccnc2)n1CC1CCCCC1 0.6626760 0.6627 0.3398613 -7.2700 1.0000000 1.0000 []
 | 12.9405 16.5564 46.0132 0.4888245 CC(C)Cn1c(/C=C/c2ccccc2)nc2cc(N)ccc2c1=O 1 O=c1c2ccccc2nc(/C=C/c2cccnc2)n1CC1CCCCC1 0.7439663 0.7440 0.3211831 -7.0500 1.0000000 1.0000 []
 | 5.3526 23.1003 49.9945 0.5710527 CC(C)N1CCN(c2ccc3c(c2)NC(=O)CC(c2cccc(C(=O)N4CCCC4)c2)=N3)CC1 1 CN1CCN(C(=O)c2cccc(C3=Nc4ccc(C#Cc5ccccc5)cc4NC(=O)C3)c2)CC1 0.7526995 0.7527 0.4332423 -8.3000 1.0000000 1.0000 []
 | 7.0704 14.8445 50.8637 0.5133449 CC(C)n1c(/C=C/c2ccccn2)nc2ccccc2c1=O 1 O=c1c2ccccc2nc(/C=C/c2cccnc2)n1Cc1ccc(Cl)cc1 0.7412193 0.7412 0.3555263 -7.4500 1.0000000 1.0000 []
 | 10.5091 28.0714 39.2213 0.5257244 CC(c1ccncc1)n1cc(N2CCc3ccccc3C2)nc1N1CCc2ccccc2C1 1 CCNC1CN(c2nc(N3CCc4ccccc4C3)nc(N3CCc4ccccc4C3)n2)CCO1 0.4514446 0.4514 0.6122261 -10.1900 1.0000000 1.0000 []
 | 5.3201 4.4318 73.1464 0.6060801 CCC(=O)N(c1ccccc1)C1CCN(C(=O)CC(N)c2ccccc2)CC1 1 CCC(=O)N(c1ccccc1)C1CCN(C(=O)[C@@H](N)C2Cc3ccccc3C2)CC1 0.8351330 0.8351 0.4398499 -8.3700 1.0000000 1.0000 []
 | 5.5004 13.4891 56.0761 0.5434783 CCC(=O)N(c1ccccc1)C1CCN(C(=O)CCc2c(Cl)cccc2Cl)CC1 1 CCC(=O)N(c1ccccc1)C1CCN(C(=O)[C@@H](N)C2Cc3ccccc3C2)CC1 0.6155267 0.6155 0.4798633 -8.7900 1.0000000 1.0000 []
 | 4.6975 8.5369 59.5969 0.5322952 CCC(=O)N(c1ccccc1)C1CCN(C(=O)CCc2ccc(Br)cc2)CC1 1 CCC(=O)N(c1ccccc1)C1CCN(C(=O)[C@@H](N)C2Cc3ccccc3C2)CC1 0.6427881 0.6428 0.4407956 -8.3800 1.0000000 1.0000 []
 | 4.3262 7.4508 65.0764 0.5666194 CCC(=O)N(c1ccccc1)C1CCN(C(=O)CCc2ccc(C)cc2)CC1 1 CCC(=O)N(c1ccccc1)C1CCN(C(=O)[C@@H](N)C2Cc3ccccc3C2)CC1 0.7491946 0.7492 0.4285368 -8.2500 1.0000000 1.0000 []
 | 4.3151 11.1333 61.3145 0.5659989 CCC(=O)N(c1ccccc1)C1CCN(C(=O)CCc2ccc(O)cc2)CC1 1 CCC(=O)N(c1ccccc1)C1CCN(C(=O)[C@@H](N)C2Cc3ccccc3C2)CC1 0.8300352 0.8300 0.3859532 -7.7900 1.0000000 1.0000 []
05:33:18 <INFO> Score: 0.51 Agent NLL: 7.12 Valid: 100% Step: 97
 | Agent Prior Target Score SMILES SMILES_state Input_SMILES QED QED (raw) maize maize (raw) Unwanted SMARTS Unwanted SMARTS (raw) matchting_patterns (Unwanted SMARTS)
 | 9.5642 12.6811 52.9533 0.5127684 CC(=O)Nc1ccc(S(=O)(=O)N2Cc3ccccc3C2c2c[nH]c3ccccc23)cc1 1 O=S(=O)(Cc1ccccc1)N1Cc2ccccc2C1c1c[nH]c2ccccc12 0.5018092 0.5018 0.5239669 -9.2500 1.0000000 1.0000 []
 | 15.9602 40.5561 24.0460 0.5047035 CC(C)(C)CNC(=O)CNC(=O)CNC(=O)c1ccc2ccc(Cl)cc2n1 1 COc1ccc([C@H](C)NC(=O)[C@@H]2C[C@@H](O)CN2C(=O)CNC(=O)c2ccc3cc(F)ccc3n2)c(Cl)c1 0.7007986 0.7008 0.3634790 -7.5400 1.0000000 1.0000 []
 | 16.2995 17.4788 -17.4788 0.0000000 CC(C)(C)OC(=O)c1ccc(/C=C/c2nc3cc(Cl)ccc3c(=O)n2Cc2ccccc2)cc1 1 O=c1c2ccccc2nc(/C=C/c2cccnc2)n1Cc1ccc(Cl)cc1 0.0000000 0.0000 0.0000000 0.0000 0.0000000 0.0000 ['C(=[O,S])[O,S]']
 | 9.7624 14.2601 63.4481 0.6070956 CC(C)c1ccc(/C=C/c2nc3ccccc3c(=O)n2CC2CCNCC2)cc1 1 O=c1c2ccccc2nc(/C=C/c2cccnc2)n1CC1CCCCC1 0.6908060 0.6908 0.5335290 -9.3500 1.0000000 1.0000 []
 | 6.1215 2.7466 67.1462 0.5460374 CCC(=O)N(c1ccccc1)C1CCN(C(=O)CC(N)c2ccc(Cl)cc2)CC1 1 CCC(=O)N(c1ccccc1)C1CCN(C(=O)[C@@H](N)C2Cc3ccccc3C2)CC1 0.7725207 0.7725 0.3859532 -7.7900 1.0000000 1.0000 []
 | 4.2917 7.4508 65.0764 0.5666194 CCC(=O)N(c1ccccc1)C1CCN(C(=O)CCc2ccc(C)cc2)CC1 1 CCC(=O)N(c1ccccc1)C1CCN(C(=O)[C@@H](N)C2Cc3ccccc3C2)CC1 0.7491946 0.7492 0.4285368 -8.2500 1.0000000 1.0000 []
 | 4.2275 6.4875 64.8005 0.5569375 CCC(=O)N(c1ccccc1)C1CCN(C(=O)CCc2ccc(Cl)cc2)CC1 1 CCC(=O)N(c1ccccc1)C1CCN(C(=O)[C@@H](N)C2Cc3ccccc3C2)CC1 0.7067128 0.7067 0.4389045 -8.3600 1.0000000 1.0000 []
 | 4.8265 7.2126 61.2852 0.5351389 CCC(=O)N(c1ccccc1)C1CCN(C(=O)CCc2cccc(Cl)c2)CC1 1 CCC(=O)N(c1ccccc1)C1CCN(C(=O)[C@@H](N)C2Cc3ccccc3C2)CC1 0.7067128 0.7067 0.4052193 -8.0000 1.0000000 1.0000 []
 | 5.4343 10.0357 60.6517 0.5522455 CCC(=O)N(c1ccccc1)C1CCN(C(=O)CCc2ccccc2C)CC1 1 CCC(=O)N(c1ccccc1)C1CCN(C(=O)[C@@H](N)C2Cc3ccccc3C2)CC1 0.7491946 0.7492 0.4070706 -8.0200 1.0000000 1.0000 []
 | 4.5125 6.6323 64.0403 0.5521292 CCC(=O)N(c1ccccc1)C1CCN(C(=O)CCc2ccccc2Cl)CC1 1 CCC(=O)N(c1ccccc1)C1CCN(C(=O)[C@@H](N)C2Cc3ccccc3C2)CC1 0.7067128 0.7067 0.4313586 -8.2800 1.0000000 1.0000 []
05:42:10 <INFO> Score: 0.51 Agent NLL: 6.87 Valid: 100% Step: 98
 | Agent Prior Target Score SMILES SMILES_state Input_SMILES QED QED (raw) maize maize (raw) Unwanted SMARTS Unwanted SMARTS (raw) matchting_patterns (Unwanted SMARTS)
 | 8.7546 20.9331 38.3161 0.4628840 CC(C)CNC(=O)c1cccc(C2=Nc3ccccc3NC(=O)C2)c1 1 CN1CCN(C(=O)c2cccc(C3=Nc4ccc(C#Cc5ccccc5)cc4NC(=O)C3)c2)CC1 0.8970368 0.8970 0.2388549 -5.9800 1.0000000 1.0000 []
 | 5.4455 22.8151 45.7159 0.5353982 CC(C)C[C@H](NC(=O)CNC(=O)c1ccc2cc(Cl)ccc2n1)c1ccccc1 1 COc1ccc([C@H](C)NC(=O)[C@@H]2C[C@@H](O)CN2C(=O)CNC(=O)c2ccc3cc(F)ccc3n2)c(Cl)c1 0.6021665 0.6022 0.4760332 -8.7500 1.0000000 1.0000 []
 | 5.2074 25.2389 48.2081 0.5738045 CC(C)C[C@H](NC(=O)CNC(=O)c1ccc2ccccc2n1)c1ccccc1 1 COc1ccc([C@H](C)NC(=O)[C@@H]2C[C@@H](O)CN2C(=O)CNC(=O)c2ccc3cc(F)ccc3n2)c(Cl)c1 0.6585032 0.6585 0.5000000 -9.0000 1.0000000 1.0000 []
 | 10.4736 31.9465 46.5994 0.6136394 CC(C)[C@@H]1C[C@H](O)CN1C(=O)CNC(=O)c1ccc2ccccc2n1 1 COc1ccc([C@H](C)NC(=O)[C@@H]2C[C@@H](O)CN2C(=O)CNC(=O)c2ccc3cc(F)ccc3n2)c(Cl)c1 0.8845096 0.8845 0.4257199 -8.2200 1.0000000 1.0000 []
 | 7.2105 11.6819 47.0302 0.4586882 CC(C)n1c(/C=C/c2ccccn2)nc2cc(Cl)ccc2c1=O 1 O=c1c2ccccc2nc(/C=C/c2cccnc2)n1CC1CCCCC1 0.7248747 0.7249 0.2902499 -6.6700 1.0000000 1.0000 []
 | 7.8741 9.1694 48.4616 0.4502422 CC(NC(=O)c1cc2c(=O)n3ccccc3nc2n(C)c1=N)c1ccccc1 1 C[C@H](NC(=O)c1cc2c(=O)n3ccccc3nc2[nH]c1=N)c1ccccc1 0.5391462 0.5391 0.3759983 -7.6800 1.0000000 1.0000 []
 | 13.3382 25.5714 37.8683 0.4956230 CC1=CN(S(=O)(=O)Cc2ccccc2)C(c2c[nH]c3cccc(N)c23)C1 1 O=S(=O)(Cc1ccccc1)N1C=Cc2ccccc2C1c1c[nH]c2ccccc12 0.6858280 0.6858 0.3581687 -7.4800 1.0000000 1.0000 []
 | 9.9694 16.8038 45.4994 0.4867435 CC1=CN(S(=O)(=O)Cc2ccccc2)[C@H](c2c[nH]c3cc(F)ccc23)C1 1 O=S(=O)(Cc1ccccc1)N1C=Cc2ccccc2C1c1c[nH]c2ccccc12 0.7357278 0.7357 0.3220203 -7.0600 1.0000000 1.0000 []
 | 14.3354 22.0800 -22.0800 0.0000000 CC1c2ccccc2C(C2c3c[nH]c4c(O)cccc34)N1S(=O)(=O)Cc1ccccc1 0 O=S(=O)(Cc1ccccc1)N1Cc2ccccc2C1c1c[nH]c2ccccc12 0.0000000 0.0000 0.0000000 0.0000 0.0000000 0.0000 None
 | 7.3902 13.9406 64.2831 0.6111226 CCC(=O)N(c1ccccc1)C1CCN(C(=O)CC(N)c2cc(C)cc(C)c2)CC1 1 CCC(=O)N(c1ccccc1)C1CCN(C(=O)[C@@H](N)C2Cc3ccccc3C2)CC1 0.7829734 0.7830 0.4769904 -8.7600 1.0000000 1.0000 []
05:54:59 <INFO> Score: 0.51 Agent NLL: 7.12 Valid:  99% Step: 99
 | Agent Prior Target Score SMILES SMILES_state Input_SMILES QED QED (raw) maize maize (raw) Unwanted SMARTS Unwanted SMARTS (raw) matchting_patterns (Unwanted SMARTS)
 | 11.9628 13.4735 44.2912 0.4512868 O=c1c2ccccc2nc(/C=C/c2ccncc2)n1-c1ccccc1 1 O=c1c2ccccc2nc(/C=C/c2cccnc2)n1Cc1ccccc1 0.5728402 0.5728 0.3555263 -7.4500 1.0000000 1.0000 []
 | 13.9705 15.1015 43.2193 0.4556311 C/C(=C\c1nc2ccccc2c(=O)n1Cc1ccc(F)cc1)c1ccccn1 1 O=c1c2ccccc2nc(/C=C/c2cccnc2)n1Cc1ccccc1 0.5291335 0.5291 0.3923389 -7.8600 1.0000000 1.0000 []
 | 8.4212 31.4866 39.6183 0.5555071 CC(C)(C)CNC(=O)CNC(=O)c1ccc2cc(Cl)ccc2n1 1 COc1ccc([C@H](C)NC(=O)[C@@H]2C[C@@H](O)CN2C(=O)CNC(=O)c2ccc3cc(F)ccc3n2)c(Cl)c1 0.9033995 0.9034 0.3415855 -7.2900 1.0000000 1.0000 []
 | 5.0674 28.1631 40.3077 0.5349280 CC(C)CNC(=O)CNC(=O)c1ccc2cc(Cl)ccc2n1 1 COc1ccc([C@H](C)NC(=O)[C@@H]2C[C@@H](O)CN2C(=O)CNC(=O)c2ccc3cc(F)ccc3n2)c(Cl)c1 0.8886022 0.8886 0.3220203 -7.0600 1.0000000 1.0000 []
 | 7.5594 15.2814 56.9678 0.5644465 CC(C)C[C@@H](NC(=O)CNC(=O)c1ccc2cc(F)ccc2n1)c1ccccc1 1 COc1ccc([C@H](C)NC(=O)[C@@H]2C[C@@H](O)CN2C(=O)CNC(=O)c2ccc3cc(F)ccc3n2)c(Cl)c1 0.6371996 0.6372 0.5000000 -9.0000 1.0000000 1.0000 []
 | 5.3109 30.7843 42.6679 0.5738452 CC(C)N1CCN(c2ccc3c(c2)CC(c2cccc(C(=O)N4CCC4)c2)=N3)CC1 1 CN1CCN(C(=O)c2cccc(C3=Nc4ccc(C#Cc5ccccc5)cc4NC(=O)C3)c2)CC1 0.7821153 0.7821 0.4210355 -8.1700 1.0000000 1.0000 []
 | 9.9840 14.2731 59.0117 0.5725378 CC1CN(c2nc(N3CCN(c4ccccn4)CC3)nc(N3CCc4ccccc4C3)n2)CCN1 1 CCNC1CN(c2nc(N3CCc4ccccc4C3)nc(N3CCc4ccccc4C3)n2)CCO1 0.6143987 0.6144 0.5335290 -9.3500 1.0000000 1.0000 []
 | 4.1478 11.1333 61.3145 0.5659989 CCC(=O)N(c1ccccc1)C1CCN(C(=O)CCc2ccc(O)cc2)CC1 1 CCC(=O)N(c1ccccc1)C1CCN(C(=O)[C@@H](N)C2Cc3ccccc3C2)CC1 0.8300352 0.8300 0.3859532 -7.7900 1.0000000 1.0000 []
 | 4.6556 5.6658 63.7762 0.5425160 CCC(=O)N(c1ccccc1)C1CCN(C(=O)CCc2cccc(Br)c2)CC1 1 CCC(=O)N(c1ccccc1)C1CCN(C(=O)[C@@H](N)C2Cc3ccccc3C2)CC1 0.6427881 0.6428 0.4578860 -8.5600 1.0000000 1.0000 []
 | 8.3315 9.0717 58.0906 0.5247052 CCC(=O)N(c1ccccc1)C1CCN(C(=O)C[C@H](N)Cc2ccc(Cl)cc2Cl)CC1 1 CCC(=O)N(c1ccccc1)C1CCN(C(=O)[C@@H](N)C2Cc3ccccc3C2)CC1 0.6495675 0.6496 0.4238444 -8.2000 1.0000000 1.0000 []
06:05:35 <INFO> Score: 0.50 Agent NLL: 6.97 Valid: 100% Step: 100
 | Agent Prior Target Score SMILES SMILES_state Input_SMILES QED QED (raw) maize maize (raw) Unwanted SMARTS Unwanted SMARTS (raw) matchting_patterns (Unwanted SMARTS)
 | 11.3823 27.3718 43.0838 0.5504342 CC(=O)N1CCC(c2cc(N3CCc4ccccc4C3)nc(N3CCc4ccccc4C3)n2)CC1 1 CCNC1CN(c2nc(N3CCc4ccccc4C3)nc(N3CCc4ccccc4C3)n2)CCO1 0.5740453 0.5740 0.5277942 -9.2900 1.0000000 1.0000 []
 | 10.4327 9.8671 45.0858 0.4293195 CC(C)N(Cc1ccccn1)c1nc2ccccc2c(=O)n1Cc1ccccc1 1 O=c1c2ccccc2nc(/C=C/c2cccnc2)n1Cc1ccc(Cl)cc1 0.4985308 0.4985 0.3697168 -7.6100 1.0000000 1.0000 []
 | 10.6215 7.1238 -7.1238 0.0000000 CC(C)N1CCN(C(=O)c2cccc(C3=Nc4ccc(C#Cc5ccccc5)cc4NC(=O)C3)c2)CC1 1 CN1CCN(C(=O)c2cccc(C3=Nc4ccc(C#Cc5ccccc5)cc4NC(=O)C3)c2)CC1 0.0000000 0.0000 0.0000000 0.0000 0.0000000 0.0000 ['C#C']
 | 6.5521 16.5528 51.2815 0.5299559 CC(C)N1CCN(C(=O)c2cccc(C3=Nc4ccccc4NC(=O)C3)c2)CC1 1 CN1CCN(C(=O)c2cccc(C3=Nc4ccc(C#Cc5ccccc5)cc4NC(=O)C3)c2)CC1 0.8744337 0.8744 0.3211831 -7.0500 1.0000000 1.0000 []
 | 9.4603 13.0757 49.4100 0.4881694 CC(C)n1c(/C=C/c2ccncc2)nc2c(Cl)cccc2c1=O 1 O=c1c2ccccc2nc(/C=C/c2cccnc2)n1CC1CCCCC1 0.7248747 0.7249 0.3287594 -7.1400 1.0000000 1.0000 []
 | 8.0049 12.9772 44.5379 0.4493369 CC(C)n1c(/C=C/c2ccncc2)nc2cc(Cl)ccc2c1=O 1 O=c1c2ccccc2nc(/C=C/c2cccnc2)n1Cc1ccccc1 0.7248747 0.7249 0.2785360 -6.5200 1.0000000 1.0000 []
 | 8.1713 8.9630 46.3004 0.4317448 CC(NC(=O)c1cc2c(=O)n3cc(F)ccc3nc2[nH]c1=N)c1ccccc1 1 C[C@H](NC(=O)c1cc2c(=O)n3ccccc3nc2[nH]c1=N)c1ccccc1 0.4773329 0.4773 0.3905106 -7.8400 1.0000000 1.0000 []
 | 6.2580 9.3107 46.9053 0.4391874 CCC(=O)N(c1ccccc1)C1CCN(C(=O)CCc2ccc([N+](=O)[O-])cc2)CC1 1 CCC(=O)N(c1ccccc1)C1CCN(C(=O)[C@@H](N)C2Cc3ccccc3C2)CC1 0.5117697 0.5118 0.3768991 -7.6900 1.0000000 1.0000 []
 | 4.6114 5.6658 63.7762 0.5425160 CCC(=O)N(c1ccccc1)C1CCN(C(=O)CCc2cccc(Br)c2)CC1 1 CCC(=O)N(c1ccccc1)C1CCN(C(=O)[C@@H](N)C2Cc3ccccc3C2)CC1 0.6427881 0.6428 0.4578860 -8.5600 1.0000000 1.0000 []
 | 4.8355 8.8779 58.0217 0.5226536 CCC(=O)N(c1ccccc1)C1CCN(C(=O)CCc2cccc(F)c2)CC1 1 CCC(=O)N(c1ccccc1)C1CCN(C(=O)[C@@H](N)C2Cc3ccccc3C2)CC1 0.7515337 0.7515 0.3634790 -7.5400 1.0000000 1.0000 []
06:18:19 <INFO> Score: 0.51 Agent NLL: 7.02 Valid: 100% Step: 101
 | Agent Prior Target Score SMILES SMILES_state Input_SMILES QED QED (raw) maize maize (raw) Unwanted SMARTS Unwanted SMARTS (raw) matchting_patterns (Unwanted SMARTS)
 | 15.7577 23.6560 32.8770 0.4416643 CC(C)(C)CCc1ccc2c(c1)NC(=O)CC(c1cccc(C(=O)NCCN3CCCC3)c1)=N2 1 CN1CCN(C(=O)c2cccc(C3=Nc4ccc(C#Cc5ccccc5)cc4NC(=O)C3)c2)CC1 0.6137174 0.6137 0.3178455 -7.0100 1.0000000 1.0000 []
 | 5.2736 25.2389 48.2081 0.5738045 CC(C)C[C@H](NC(=O)CNC(=O)c1ccc2ccccc2n1)c1ccccc1 1 COc1ccc([C@H](C)NC(=O)[C@@H]2C[C@@H](O)CN2C(=O)CNC(=O)c2ccc3cc(F)ccc3n2)c(Cl)c1 0.6585032 0.6585 0.5000000 -9.0000 1.0000000 1.0000 []
 | 5.6284 28.9789 50.8707 0.6238254 CC(C)N1CCN(c2ccc3c(c2)CC(c2cccc(C(=O)N4CCCC4)c2)=N3)CC1 1 CN1CCN(C(=O)c2cccc(C3=Nc4ccc(C#Cc5ccccc5)cc4NC(=O)C3)c2)CC1 0.7523415 0.7523 0.5172626 -9.1800 1.0000000 1.0000 []
 | 13.6700 16.3032 46.2291 0.4885332 CC(O)Cn1c(/C=C/c2cccnc2)nc2ccc(Cl)cc2c1=O 1 O=c1c2ccccc2nc(/C=C/c2cccnc2)n1CC1CCCCC1 0.7917451 0.7917 0.3014414 -6.8100 1.0000000 1.0000 []
 | 5.2904 9.8867 62.1925 0.5631186 CC1CCN(c2nc(N3CCc4ccccc4C3)nc(N3CCc4ccccc4C3)n2)CC1 1 CCNC1CN(c2nc(N3CCc4ccccc4C3)nc(N3CCc4ccccc4C3)n2)CCO1 0.6074155 0.6074 0.5220520 -9.2300 1.0000000 1.0000 []
 | 10.1538 14.8370 50.9263 0.5137762 CCC(=O)N(c1ccccc1)C1CCN(C(=O)C(C)c2ccccc2O)CC1 1 CCC(=O)N(c1ccccc1)C1CCN(C(=O)[C@@H](N)C2Cc3ccccc3C2)CC1 0.8549122 0.8549 0.3087639 -6.9000 1.0000000 1.0000 []
 | 7.5678 11.4851 59.0766 0.5512635 CCC(=O)N(c1ccccc1)C1CCN(C(=O)CC(N)c2cc(Cl)cc(Cl)c2)CC1 1 CCC(=O)N(c1ccccc1)C1CCN(C(=O)[C@@H](N)C2Cc3ccccc3C2)CC1 0.6894159 0.6894 0.4407956 -8.3800 1.0000000 1.0000 []
 | 7.0887 8.8750 67.4226 0.5960749 CCC(=O)N(c1ccccc1)C1CCN(C(=O)CC(N)c2cccc(C)c2)CC1 1 CCC(=O)N(c1ccccc1)C1CCN(C(=O)[C@@H](N)C2Cc3ccccc3C2)CC1 0.8112739 0.8113 0.4379597 -8.3500 1.0000000 1.0000 []
 | 4.5381 8.5369 59.5969 0.5322952 CCC(=O)N(c1ccccc1)C1CCN(C(=O)CCc2ccc(Br)cc2)CC1 1 CCC(=O)N(c1ccccc1)C1CCN(C(=O)[C@@H](N)C2Cc3ccccc3C2)CC1 0.6427881 0.6428 0.4407956 -8.3800 1.0000000 1.0000 []
 | 4.0898 6.4875 64.8005 0.5569375 CCC(=O)N(c1ccccc1)C1CCN(C(=O)CCc2ccc(Cl)cc2)CC1 1 CCC(=O)N(c1ccccc1)C1CCN(C(=O)[C@@H](N)C2Cc3ccccc3C2)CC1 0.7067128 0.7067 0.4389045 -8.3600 1.0000000 1.0000 []
06:29:40 <INFO> Score: 0.51 Agent NLL: 6.87 Valid: 100% Step: 102
 | Agent Prior Target Score SMILES SMILES_state Input_SMILES QED QED (raw) maize maize (raw) Unwanted SMARTS Unwanted SMARTS (raw) matchting_patterns (Unwanted SMARTS)
 | 9.0332 8.8791 47.4672 0.4402055 S=c1c2ccccc2nc(/C=C/c2cccnc2)n1Cc1cccnc1 1 O=c1c2ccccc2nc(/C=C/c2cccnc2)n1Cc1ccc(Cl)cc1 0.4939120 0.4939 0.3923389 -7.8600 1.0000000 1.0000 []
 | 11.4891 23.8311 47.4525 0.5569025 CC(=O)Nc1ccc(/C=C/c2nc3cccc(Cl)c3c(=O)n2CC2CCNCC2)cc1 1 O=c1c2ccccc2nc(/C=C/c2cccnc2)n1CC1CCCCC1 0.6287251 0.6287 0.4932846 -8.9300 1.0000000 1.0000 []
 | 18.0982 23.5495 30.2156 0.4200403 CC(C)CNC(=O)c1cc2c(=O)n3ccccc3nc2nc1Nc1ccc(F)cc1 1 C[C@H](NC(=O)c1cc2c(=O)n3ccccc3nc2[nH]c1=N)c1ccccc1 0.4962609 0.4963 0.3555263 -7.4500 1.0000000 1.0000 []
 | 5.3580 30.7843 42.6679 0.5738452 CC(C)N1CCN(c2ccc3c(c2)CC(c2cccc(C(=O)N4CCC4)c2)=N3)CC1 1 CN1CCN(C(=O)c2cccc(C3=Nc4ccc(C#Cc5ccccc5)cc4NC(=O)C3)c2)CC1 0.7821153 0.7821 0.4210355 -8.1700 1.0000000 1.0000 []
 | 8.0902 8.0692 65.3435 0.5735367 CC(C)N1CCN(c2nc(N3CCc4ccccc4C3)nc(N3CCc4ccccc4C3)n2)CC1 1 CCNC1CN(c2nc(N3CCc4ccccc4C3)nc(N3CCc4ccccc4C3)n2)CCO1 0.5794337 0.5794 0.5676998 -9.7100 1.0000000 1.0000 []
 | 8.3054 31.5629 47.1178 0.6146929 CC(C)c1ccccc1NC(=O)CNC(=O)c1ccc2ccccc2n1 1 COc1ccc([C@H](C)NC(=O)[C@@H]2C[C@@H](O)CN2C(=O)CNC(=O)c2ccc3cc(F)ccc3n2)c(Cl)c1 0.7386888 0.7387 0.5115108 -9.1200 1.0000000 1.0000 []
 | 6.6152 9.4286 56.2796 0.5133449 CC(C)n1c(/C=C/c2ccccn2)nc2ccccc2c1=O 1 O=c1c2ccccc2nc(/C=C/c2cccnc2)n1CC1CCCCC1 0.7412193 0.7412 0.3555263 -7.4500 1.0000000 1.0000 []
 | 8.7847 17.2840 61.1560 0.6128124 CC(NC(=O)CNC(=O)c1ccc2ccccc2n1)c1ccc(Cl)cc1 1 COc1ccc([C@H](C)NC(=O)[C@@H]2C[C@@H](O)CN2C(=O)CNC(=O)c2ccc3cc(F)ccc3n2)c(Cl)c1 0.7246701 0.7247 0.5182207 -9.1900 1.0000000 1.0000 []
 | 11.7867 20.5032 45.3657 0.5146010 CC1=CN(S(=O)(=O)Cc2ccccc2)[C@@H](c2c[nH]c3cccc(F)c23)C1 1 O=S(=O)(Cc1ccccc1)N1C=Cc2ccccc2C1c1c[nH]c2ccccc12 0.7357278 0.7357 0.3599350 -7.5000 1.0000000 1.0000 []
 | 5.1860 9.8867 62.1925 0.5631186 CC1CCN(c2nc(N3CCc4ccccc4C3)nc(N3CCc4ccccc4C3)n2)CC1 1 CCNC1CN(c2nc(N3CCc4ccccc4C3)nc(N3CCc4ccccc4C3)n2)CCO1 0.6074155 0.6074 0.5220520 -9.2300 1.0000000 1.0000 []
06:29:41 <WARN> Maximum number of steps of 102 reached in stage 1. Terminating all stages.
06:29:41 <INFO> Peak main memory usage: 2648.777 MiB
06:29:41 <INFO> Finished REINVENT on 2025-09-01
