Agent,Prior,Target,Score,SMILES,SMILES_state,Input_SMILES,Scaffold,QED,QED (raw),TanimotoDistance,TanimotoDistance (raw),maize,maize (raw),Unwanted SMARTS,Unwanted SMARTS (raw),matchting_patterns (Unwanted SMARTS),step
4.0491,4.0491,82.5249,0.6763589,CC(C)C(NC(=O)[C@@H]1C[C@@H](O)CN1C(=O)CNC(=O)c1ccc2cc(F)ccc2n1)c1ccccc1,1,COc1ccc([C@H](C)NC(=O)[C@@H]2C[C@@H](O)CN2C(=O)CNC(=O)c2ccc3cc(F)ccc3n2)c(Cl)c1,O=C(NCC(=O)N1CCC[C@H]1C(=O)NCc1ccccc1)c1ccc2ccccc2n1,0.4695327,0.4695,0.7364865,0.7365,0.7779275,-9.9500,1.0000000,1.0000,[],1
4.5815,4.5815,87.7106,0.7210326,CC(NC(=O)[C@@H]1C[C@@H](O)CN1C(=O)CNC(=O)c1ccc2cc(F)ccc2n1)c1ccccc1,1,COc1ccc([C@H](C)NC(=O)[C@@H]2C[C@@H](O)CN2C(=O)CNC(=O)c2ccc3cc(F)ccc3n2)c(Cl)c1,O=C(NCC(=O)N1CCC[C@H]1C(=O)NCc1ccccc1)c1ccc2ccccc2n1,0.5163857,0.5164,0.7746479,0.7746,0.8219975,-10.4900,1.0000000,1.0000,[],1
4.2698,4.2698,80.8253,0.6648056,C[C@@H](NC(=O)[C@@H]1C[C@@H](O)CN1C(=O)CNC(=O)c1ccc2cc(F)ccc2n1)c1ccc(Cl)cc1,1,COc1ccc([C@H](C)NC(=O)[C@@H]2C[C@@H](O)CN2C(=O)CNC(=O)c2ccc3cc(F)ccc3n2)c(Cl)c1,O=C(NCC(=O)N1CCC[C@H]1C(=O)NCc1ccccc1)c1ccc2ccccc2n1,0.4834885,0.4835,0.8014184,0.8014,0.7100135,-9.2500,1.0000000,1.0000,[],1
2.9778,2.9778,83.8529,0.6783650,C[C@@H](NC(=O)[C@@H]1C[C@@H](O)CN1C(=O)CNC(=O)c1ccc2cc(F)ccc2n1)c1ccccc1,1,COc1ccc([C@H](C)NC(=O)[C@@H]2C[C@@H](O)CN2C(=O)CNC(=O)c2ccc3cc(F)ccc3n2)c(Cl)c1,O=C(NCC(=O)N1CCC[C@H]1C(=O)NCc1ccccc1)c1ccc2ccccc2n1,0.5163857,0.5164,0.7746479,0.7746,0.7275914,-9.4200,1.0000000,1.0000,[],1
3.4014,3.4014,80.4885,0.6553901,O=C(NCC(=O)N1C[C@H](O)C[C@H]1C(=O)NC1CCCCC1)c1ccc2cc(F)ccc2n1,1,COc1ccc([C@H](C)NC(=O)[C@@H]2C[C@@H](O)CN2C(=O)CNC(=O)c2ccc3cc(F)ccc3n2)c(Cl)c1,O=C(NCC(=O)N1CCC[C@H]1C(=O)NC1CCCCC1)c1ccc2ccccc2n1,0.6501268,0.6501,0.6184211,0.6184,0.6774209,-8.9500,1.0000000,1.0000,[],1
4.3193,4.3193,79.5056,0.6548825,O=C(NCC(=O)N1C[C@H](O)C[C@H]1C(=O)NCc1ccc(Cl)c(Cl)c1)c1ccc2cc(F)ccc2n1,1,COc1ccc([C@H](C)NC(=O)[C@@H]2C[C@@H](O)CN2C(=O)CNC(=O)c2ccc3cc(F)ccc3n2)c(Cl)c1,O=C(NCC(=O)N1CCC[C@H]1C(=O)NCc1ccccc1)c1ccc2ccccc2n1,0.4640416,0.4640,0.7114094,0.7114,0.7464290,-9.6100,1.0000000,1.0000,[],1
3.8934,3.8934,81.6967,0.6686721,O=C(NCC(=O)N1C[C@H](O)C[C@H]1C(=O)NCc1ccc(Cl)cc1)c1ccc2cc(F)ccc2n1,1,COc1ccc([C@H](C)NC(=O)[C@@H]2C[C@@H](O)CN2C(=O)CNC(=O)c2ccc3cc(F)ccc3n2)c(Cl)c1,O=C(NCC(=O)N1CCC[C@H]1C(=O)NCc1ccccc1)c1ccc2ccccc2n1,0.4955094,0.4955,0.7260274,0.7260,0.7454593,-9.6000,1.0000000,1.0000,[],1
3.2004,3.2004,77.2229,0.6283072,O=C(NCC(=O)N1C[C@H](O)C[C@H]1C(=O)NCc1cccc(Cl)c1)c1ccc2cc(F)ccc2n1,1,COc1ccc([C@H](C)NC(=O)[C@@H]2C[C@@H](O)CN2C(=O)CNC(=O)c2ccc3cc(F)ccc3n2)c(Cl)c1,O=C(NCC(=O)N1CCC[C@H]1C(=O)NCc1ccccc1)c1ccc2ccccc2n1,0.4955094,0.4955,0.7210884,0.7211,0.6604256,-8.8000,1.0000000,1.0000,[],1
4.2413,4.2413,70.9730,0.5876117,O=C(NCC(=O)N1C[C@H](O)C[C@H]1C(=O)N[C@@H](CO)c1cccc(Cl)c1)c1ccc2cc(F)ccc2n1,1,COc1ccc([C@H](C)NC(=O)[C@@H]2C[C@@H](O)CN2C(=O)CNC(=O)c2ccc3cc(F)ccc3n2)c(Cl)c1,O=C(NCC(=O)N1CCC[C@H]1C(=O)NCc1ccccc1)c1ccc2ccccc2n1,0.3782864,0.3783,0.7432432,0.7432,0.6511860,-8.7200,1.0000000,1.0000,[],1
4.0500,4.0500,76.3489,0.6281166,O=C(NCC(=O)N1CCC[C@H]1C(=O)NCc1ccc(Cl)c(Cl)c1)c1ccc2ccccc2n1,1,COc1ccc([C@H](C)NC(=O)[C@@H]2C[C@@H](O)CN2C(=O)CNC(=O)c2ccc3cc(F)ccc3n2)c(Cl)c1,O=C(NCC(=O)N1CCC[C@H]1C(=O)NCc1ccccc1)c1ccc2ccccc2n1,0.5586902,0.5587,0.5398773,0.5399,0.7183688,-9.3300,1.0000000,1.0000,[],1
3.1023,4.0491,82.5249,0.6763589,CC(C)C(NC(=O)[C@@H]1C[C@@H](O)CN1C(=O)CNC(=O)c1ccc2cc(F)ccc2n1)c1ccccc1,1,COc1ccc([C@H](C)NC(=O)[C@@H]2C[C@@H](O)CN2C(=O)CNC(=O)c2ccc3cc(F)ccc3n2)c(Cl)c1,O=C(NCC(=O)N1CCC[C@H]1C(=O)NCc1ccccc1)c1ccc2ccccc2n1,0.4695327,0.4695,0.7364865,0.7365,0.7779275,-9.9500,1.0000000,1.0000,[],2
2.8924,4.8186,81.6214,0.6753121,CC(NC(=O)[C@@H]1C[C@@H](O)CN1C(=O)CNC(=O)c1ccc2cc(F)ccc2n1)c1ccc(Cl)cc1,1,COc1ccc([C@H](C)NC(=O)[C@@H]2C[C@@H](O)CN2C(=O)CNC(=O)c2ccc3cc(F)ccc3n2)c(Cl)c1,O=C(NCC(=O)N1CCC[C@H]1C(=O)NCc1ccccc1)c1ccc2ccccc2n1,0.4834885,0.4835,0.8014184,0.8014,0.7326326,-9.4700,1.0000000,1.0000,[],2
3.6226,4.5815,-4.5815,0.0000000,CC(NC(=O)[C@@H]1C[C@@H](O)CN1C(=O)CNC(=O)c1ccc2cc(F)ccc2n1)c1ccccc1,1,COc1ccc([C@H](C)NC(=O)[C@@H]2C[C@@H](O)CN2C(=O)CNC(=O)c2ccc3cc(F)ccc3n2)c(Cl)c1,O=C(NCC(=O)N1CCC[C@H]1C(=O)NCc1ccccc1)c1ccc2ccccc2n1,0.5163857,0.5164,0.7746479,0.7746,0.8219975,-10.4900,1.0000000,1.0000,[],2
2.7703,4.2698,80.8253,0.6648056,C[C@@H](NC(=O)[C@@H]1C[C@@H](O)CN1C(=O)CNC(=O)c1ccc2cc(F)ccc2n1)c1ccc(Cl)cc1,1,COc1ccc([C@H](C)NC(=O)[C@@H]2C[C@@H](O)CN2C(=O)CNC(=O)c2ccc3cc(F)ccc3n2)c(Cl)c1,O=C(NCC(=O)N1CCC[C@H]1C(=O)NCc1ccccc1)c1ccc2ccccc2n1,0.4834885,0.4835,0.8014184,0.8014,0.7100135,-9.2500,1.0000000,1.0000,[],2
3.7133,2.9778,83.8529,0.6783650,C[C@@H](NC(=O)[C@@H]1C[C@@H](O)CN1C(=O)CNC(=O)c1ccc2cc(F)ccc2n1)c1ccccc1,1,COc1ccc([C@H](C)NC(=O)[C@@H]2C[C@@H](O)CN2C(=O)CNC(=O)c2ccc3cc(F)ccc3n2)c(Cl)c1,O=C(NCC(=O)N1CCC[C@H]1C(=O)NCc1ccccc1)c1ccc2ccccc2n1,0.5163857,0.5164,0.7746479,0.7746,0.7275914,-9.4200,1.0000000,1.0000,[],2
1.2976,4.3193,79.5056,0.6548825,O=C(NCC(=O)N1C[C@H](O)C[C@H]1C(=O)NCc1ccc(Cl)c(Cl)c1)c1ccc2cc(F)ccc2n1,1,COc1ccc([C@H](C)NC(=O)[C@@H]2C[C@@H](O)CN2C(=O)CNC(=O)c2ccc3cc(F)ccc3n2)c(Cl)c1,O=C(NCC(=O)N1CCC[C@H]1C(=O)NCc1ccccc1)c1ccc2ccccc2n1,0.4640416,0.4640,0.7114094,0.7114,0.7464290,-9.6100,1.0000000,1.0000,[],2
2.0121,3.8934,81.6967,0.6686721,O=C(NCC(=O)N1C[C@H](O)C[C@H]1C(=O)NCc1ccc(Cl)cc1)c1ccc2cc(F)ccc2n1,1,COc1ccc([C@H](C)NC(=O)[C@@H]2C[C@@H](O)CN2C(=O)CNC(=O)c2ccc3cc(F)ccc3n2)c(Cl)c1,O=C(NCC(=O)N1CCC[C@H]1C(=O)NCc1ccccc1)c1ccc2ccccc2n1,0.4955094,0.4955,0.7260274,0.7260,0.7454593,-9.6000,1.0000000,1.0000,[],2
3.6471,3.2004,77.2229,0.6283072,O=C(NCC(=O)N1C[C@H](O)C[C@H]1C(=O)NCc1cccc(Cl)c1)c1ccc2cc(F)ccc2n1,1,COc1ccc([C@H](C)NC(=O)[C@@H]2C[C@@H](O)CN2C(=O)CNC(=O)c2ccc3cc(F)ccc3n2)c(Cl)c1,O=C(NCC(=O)N1CCC[C@H]1C(=O)NCc1ccccc1)c1ccc2ccccc2n1,0.4955094,0.4955,0.7210884,0.7211,0.6604256,-8.8000,1.0000000,1.0000,[],2
2.9774,4.2413,70.9730,0.5876117,O=C(NCC(=O)N1C[C@H](O)C[C@H]1C(=O)N[C@@H](CO)c1cccc(Cl)c1)c1ccc2cc(F)ccc2n1,1,COc1ccc([C@H](C)NC(=O)[C@@H]2C[C@@H](O)CN2C(=O)CNC(=O)c2ccc3cc(F)ccc3n2)c(Cl)c1,O=C(NCC(=O)N1CCC[C@H]1C(=O)NCc1ccccc1)c1ccc2ccccc2n1,0.3782864,0.3783,0.7432432,0.7432,0.6511860,-8.7200,1.0000000,1.0000,[],2
3.7470,4.6734,74.2686,0.6167343,O=C(NCC(=O)N1C[C@H](O)C[C@H]1C(=O)N[C@H](CO)c1cccc(Cl)c1)c1ccc2cc(F)ccc2n1,1,COc1ccc([C@H](C)NC(=O)[C@@H]2C[C@@H](O)CN2C(=O)CNC(=O)c2ccc3cc(F)ccc3n2)c(Cl)c1,O=C(NCC(=O)N1CCC[C@H]1C(=O)NCc1ccccc1)c1ccc2ccccc2n1,0.3782864,0.3783,0.7432432,0.7432,0.7173324,-9.3200,1.0000000,1.0000,[],2
2.8158,4.0491,82.5249,0.6763589,CC(C)C(NC(=O)[C@@H]1C[C@@H](O)CN1C(=O)CNC(=O)c1ccc2cc(F)ccc2n1)c1ccccc1,1,COc1ccc([C@H](C)NC(=O)[C@@H]2C[C@@H](O)CN2C(=O)CNC(=O)c2ccc3cc(F)ccc3n2)c(Cl)c1,O=C(NCC(=O)N1CCC[C@H]1C(=O)NCc1ccccc1)c1ccc2ccccc2n1,0.4695327,0.4695,0.7364865,0.7365,0.7779275,-9.9500,1.0000000,1.0000,[],3
3.2003,4.8186,81.6214,0.6753121,CC(NC(=O)[C@@H]1C[C@@H](O)CN1C(=O)CNC(=O)c1ccc2cc(F)ccc2n1)c1ccc(Cl)cc1,1,COc1ccc([C@H](C)NC(=O)[C@@H]2C[C@@H](O)CN2C(=O)CNC(=O)c2ccc3cc(F)ccc3n2)c(Cl)c1,O=C(NCC(=O)N1CCC[C@H]1C(=O)NCc1ccccc1)c1ccc2ccccc2n1,0.4834885,0.4835,0.8014184,0.8014,0.7326326,-9.4700,1.0000000,1.0000,[],3
2.3348,4.5815,-4.5815,0.0000000,CC(NC(=O)[C@@H]1C[C@@H](O)CN1C(=O)CNC(=O)c1ccc2cc(F)ccc2n1)c1ccccc1,1,COc1ccc([C@H](C)NC(=O)[C@@H]2C[C@@H](O)CN2C(=O)CNC(=O)c2ccc3cc(F)ccc3n2)c(Cl)c1,O=C(NCC(=O)N1CCC[C@H]1C(=O)NCc1ccccc1)c1ccc2ccccc2n1,0.5163857,0.5164,0.7746479,0.7746,0.8219975,-10.4900,1.0000000,1.0000,[],3
4.1049,4.1297,72.0438,0.5951057,COc1ccc(CNC(=O)[C@@H]2C[C@@H](O)CN2C(=O)CNC(=O)c2ccc3cc(F)ccc3n2)cc1,1,COc1ccc([C@H](C)NC(=O)[C@@H]2C[C@@H](O)CN2C(=O)CNC(=O)c2ccc3cc(F)ccc3n2)c(Cl)c1,O=C(NCC(=O)N1CCC[C@H]1C(=O)NCc1ccccc1)c1ccc2ccccc2n1,0.4701237,0.4701,0.7832168,0.7832,0.5836347,-8.1600,1.0000000,1.0000,[],3
1.8012,2.9778,83.8529,0.6783650,C[C@@H](NC(=O)[C@@H]1C[C@@H](O)CN1C(=O)CNC(=O)c1ccc2cc(F)ccc2n1)c1ccccc1,1,COc1ccc([C@H](C)NC(=O)[C@@H]2C[C@@H](O)CN2C(=O)CNC(=O)c2ccc3cc(F)ccc3n2)c(Cl)c1,O=C(NCC(=O)N1CCC[C@H]1C(=O)NCc1ccccc1)c1ccc2ccccc2n1,0.5163857,0.5164,0.7746479,0.7746,0.7275914,-9.4200,1.0000000,1.0000,[],3
2.2311,4.3193,79.5056,0.6548825,O=C(NCC(=O)N1C[C@H](O)C[C@H]1C(=O)NCc1ccc(Cl)c(Cl)c1)c1ccc2cc(F)ccc2n1,1,COc1ccc([C@H](C)NC(=O)[C@@H]2C[C@@H](O)CN2C(=O)CNC(=O)c2ccc3cc(F)ccc3n2)c(Cl)c1,O=C(NCC(=O)N1CCC[C@H]1C(=O)NCc1ccccc1)c1ccc2ccccc2n1,0.4640416,0.4640,0.7114094,0.7114,0.7464290,-9.6100,1.0000000,1.0000,[],3
2.0539,3.8934,81.6967,0.6686721,O=C(NCC(=O)N1C[C@H](O)C[C@H]1C(=O)NCc1ccc(Cl)cc1)c1ccc2cc(F)ccc2n1,1,COc1ccc([C@H](C)NC(=O)[C@@H]2C[C@@H](O)CN2C(=O)CNC(=O)c2ccc3cc(F)ccc3n2)c(Cl)c1,O=C(NCC(=O)N1CCC[C@H]1C(=O)NCc1ccccc1)c1ccc2ccccc2n1,0.4955094,0.4955,0.7260274,0.7260,0.7454593,-9.6000,1.0000000,1.0000,[],3
2.8616,3.2004,77.2229,0.6283072,O=C(NCC(=O)N1C[C@H](O)C[C@H]1C(=O)NCc1cccc(Cl)c1)c1ccc2cc(F)ccc2n1,1,COc1ccc([C@H](C)NC(=O)[C@@H]2C[C@@H](O)CN2C(=O)CNC(=O)c2ccc3cc(F)ccc3n2)c(Cl)c1,O=C(NCC(=O)N1CCC[C@H]1C(=O)NCc1ccccc1)c1ccc2ccccc2n1,0.4955094,0.4955,0.7210884,0.7211,0.6604256,-8.8000,1.0000000,1.0000,[],3
1.9874,4.2413,70.9730,0.5876117,O=C(NCC(=O)N1C[C@H](O)C[C@H]1C(=O)N[C@@H](CO)c1cccc(Cl)c1)c1ccc2cc(F)ccc2n1,1,COc1ccc([C@H](C)NC(=O)[C@@H]2C[C@@H](O)CN2C(=O)CNC(=O)c2ccc3cc(F)ccc3n2)c(Cl)c1,O=C(NCC(=O)N1CCC[C@H]1C(=O)NCc1ccccc1)c1ccc2ccccc2n1,0.3782864,0.3783,0.7432432,0.7432,0.6511860,-8.7200,1.0000000,1.0000,[],3
2.8521,4.6734,74.2686,0.6167343,O=C(NCC(=O)N1C[C@H](O)C[C@H]1C(=O)N[C@H](CO)c1cccc(Cl)c1)c1ccc2cc(F)ccc2n1,1,COc1ccc([C@H](C)NC(=O)[C@@H]2C[C@@H](O)CN2C(=O)CNC(=O)c2ccc3cc(F)ccc3n2)c(Cl)c1,O=C(NCC(=O)N1CCC[C@H]1C(=O)NCc1ccccc1)c1ccc2ccccc2n1,0.3782864,0.3783,0.7432432,0.7432,0.7173324,-9.3200,1.0000000,1.0000,[],3
2.4751,4.0491,82.5249,0.6763589,CC(C)C(NC(=O)[C@@H]1C[C@@H](O)CN1C(=O)CNC(=O)c1ccc2cc(F)ccc2n1)c1ccccc1,1,COc1ccc([C@H](C)NC(=O)[C@@H]2C[C@@H](O)CN2C(=O)CNC(=O)c2ccc3cc(F)ccc3n2)c(Cl)c1,O=C(NCC(=O)N1CCC[C@H]1C(=O)NCc1ccccc1)c1ccc2ccccc2n1,0.4695327,0.4695,0.7364865,0.7365,0.7779275,-9.9500,1.0000000,1.0000,[],4
2.4402,4.8186,81.6214,0.6753121,CC(NC(=O)[C@@H]1C[C@@H](O)CN1C(=O)CNC(=O)c1ccc2cc(F)ccc2n1)c1ccc(Cl)cc1,1,COc1ccc([C@H](C)NC(=O)[C@@H]2C[C@@H](O)CN2C(=O)CNC(=O)c2ccc3cc(F)ccc3n2)c(Cl)c1,O=C(NCC(=O)N1CCC[C@H]1C(=O)NCc1ccccc1)c1ccc2ccccc2n1,0.4834885,0.4835,0.8014184,0.8014,0.7326326,-9.4700,1.0000000,1.0000,[],4
3.2523,4.5815,-4.5815,0.0000000,CC(NC(=O)[C@@H]1C[C@@H](O)CN1C(=O)CNC(=O)c1ccc2cc(F)ccc2n1)c1ccccc1,1,COc1ccc([C@H](C)NC(=O)[C@@H]2C[C@@H](O)CN2C(=O)CNC(=O)c2ccc3cc(F)ccc3n2)c(Cl)c1,O=C(NCC(=O)N1CCC[C@H]1C(=O)NCc1ccccc1)c1ccc2ccccc2n1,0.5163857,0.5164,0.7746479,0.7746,0.8219975,-10.4900,1.0000000,1.0000,[],4
3.9335,4.1297,72.0438,0.5951057,COc1ccc(CNC(=O)[C@@H]2C[C@@H](O)CN2C(=O)CNC(=O)c2ccc3cc(F)ccc3n2)cc1,1,COc1ccc([C@H](C)NC(=O)[C@@H]2C[C@@H](O)CN2C(=O)CNC(=O)c2ccc3cc(F)ccc3n2)c(Cl)c1,O=C(NCC(=O)N1CCC[C@H]1C(=O)NCc1ccccc1)c1ccc2ccccc2n1,0.4701237,0.4701,0.7832168,0.7832,0.5836347,-8.1600,1.0000000,1.0000,[],4
1.6645,2.9778,83.8529,0.6783650,C[C@@H](NC(=O)[C@@H]1C[C@@H](O)CN1C(=O)CNC(=O)c1ccc2cc(F)ccc2n1)c1ccccc1,1,COc1ccc([C@H](C)NC(=O)[C@@H]2C[C@@H](O)CN2C(=O)CNC(=O)c2ccc3cc(F)ccc3n2)c(Cl)c1,O=C(NCC(=O)N1CCC[C@H]1C(=O)NCc1ccccc1)c1ccc2ccccc2n1,0.5163857,0.5164,0.7746479,0.7746,0.7275914,-9.4200,1.0000000,1.0000,[],4
3.0804,4.3193,79.5056,0.6548825,O=C(NCC(=O)N1C[C@H](O)C[C@H]1C(=O)NCc1ccc(Cl)c(Cl)c1)c1ccc2cc(F)ccc2n1,1,COc1ccc([C@H](C)NC(=O)[C@@H]2C[C@@H](O)CN2C(=O)CNC(=O)c2ccc3cc(F)ccc3n2)c(Cl)c1,O=C(NCC(=O)N1CCC[C@H]1C(=O)NCc1ccccc1)c1ccc2ccccc2n1,0.4640416,0.4640,0.7114094,0.7114,0.7464290,-9.6100,1.0000000,1.0000,[],4
2.5953,3.8934,81.6967,0.6686721,O=C(NCC(=O)N1C[C@H](O)C[C@H]1C(=O)NCc1ccc(Cl)cc1)c1ccc2cc(F)ccc2n1,1,COc1ccc([C@H](C)NC(=O)[C@@H]2C[C@@H](O)CN2C(=O)CNC(=O)c2ccc3cc(F)ccc3n2)c(Cl)c1,O=C(NCC(=O)N1CCC[C@H]1C(=O)NCc1ccccc1)c1ccc2ccccc2n1,0.4955094,0.4955,0.7260274,0.7260,0.7454593,-9.6000,1.0000000,1.0000,[],4
2.3570,3.2004,77.2229,0.6283072,O=C(NCC(=O)N1C[C@H](O)C[C@H]1C(=O)NCc1cccc(Cl)c1)c1ccc2cc(F)ccc2n1,1,COc1ccc([C@H](C)NC(=O)[C@@H]2C[C@@H](O)CN2C(=O)CNC(=O)c2ccc3cc(F)ccc3n2)c(Cl)c1,O=C(NCC(=O)N1CCC[C@H]1C(=O)NCc1ccccc1)c1ccc2ccccc2n1,0.4955094,0.4955,0.7210884,0.7211,0.6604256,-8.8000,1.0000000,1.0000,[],4
1.8320,4.2413,70.9730,0.5876117,O=C(NCC(=O)N1C[C@H](O)C[C@H]1C(=O)N[C@@H](CO)c1cccc(Cl)c1)c1ccc2cc(F)ccc2n1,1,COc1ccc([C@H](C)NC(=O)[C@@H]2C[C@@H](O)CN2C(=O)CNC(=O)c2ccc3cc(F)ccc3n2)c(Cl)c1,O=C(NCC(=O)N1CCC[C@H]1C(=O)NCc1ccccc1)c1ccc2ccccc2n1,0.3782864,0.3783,0.7432432,0.7432,0.6511860,-8.7200,1.0000000,1.0000,[],4
2.1249,4.6734,74.2686,0.6167343,O=C(NCC(=O)N1C[C@H](O)C[C@H]1C(=O)N[C@H](CO)c1cccc(Cl)c1)c1ccc2cc(F)ccc2n1,1,COc1ccc([C@H](C)NC(=O)[C@@H]2C[C@@H](O)CN2C(=O)CNC(=O)c2ccc3cc(F)ccc3n2)c(Cl)c1,O=C(NCC(=O)N1CCC[C@H]1C(=O)NCc1ccccc1)c1ccc2ccccc2n1,0.3782864,0.3783,0.7432432,0.7432,0.7173324,-9.3200,1.0000000,1.0000,[],4
2.1589,4.0491,82.5249,0.6763589,CC(C)C(NC(=O)[C@@H]1C[C@@H](O)CN1C(=O)CNC(=O)c1ccc2cc(F)ccc2n1)c1ccccc1,1,COc1ccc([C@H](C)NC(=O)[C@@H]2C[C@@H](O)CN2C(=O)CNC(=O)c2ccc3cc(F)ccc3n2)c(Cl)c1,O=C(NCC(=O)N1CCC[C@H]1C(=O)NCc1ccccc1)c1ccc2ccccc2n1,0.4695327,0.4695,0.7364865,0.7365,0.7779275,-9.9500,1.0000000,1.0000,[],5
2.4705,4.8186,81.6214,0.6753121,CC(NC(=O)[C@@H]1C[C@@H](O)CN1C(=O)CNC(=O)c1ccc2cc(F)ccc2n1)c1ccc(Cl)cc1,1,COc1ccc([C@H](C)NC(=O)[C@@H]2C[C@@H](O)CN2C(=O)CNC(=O)c2ccc3cc(F)ccc3n2)c(Cl)c1,O=C(NCC(=O)N1CCC[C@H]1C(=O)NCc1ccccc1)c1ccc2ccccc2n1,0.4834885,0.4835,0.8014184,0.8014,0.7326326,-9.4700,1.0000000,1.0000,[],5
3.7849,4.1297,72.0438,0.5951057,COc1ccc(CNC(=O)[C@@H]2C[C@@H](O)CN2C(=O)CNC(=O)c2ccc3cc(F)ccc3n2)cc1,1,COc1ccc([C@H](C)NC(=O)[C@@H]2C[C@@H](O)CN2C(=O)CNC(=O)c2ccc3cc(F)ccc3n2)c(Cl)c1,O=C(NCC(=O)N1CCC[C@H]1C(=O)NCc1ccccc1)c1ccc2ccccc2n1,0.4701237,0.4701,0.7832168,0.7832,0.5836347,-8.1600,1.0000000,1.0000,[],5
4.2903,4.2698,80.8253,0.6648056,C[C@@H](NC(=O)[C@@H]1C[C@@H](O)CN1C(=O)CNC(=O)c1ccc2cc(F)ccc2n1)c1ccc(Cl)cc1,1,COc1ccc([C@H](C)NC(=O)[C@@H]2C[C@@H](O)CN2C(=O)CNC(=O)c2ccc3cc(F)ccc3n2)c(Cl)c1,O=C(NCC(=O)N1CCC[C@H]1C(=O)NCc1ccccc1)c1ccc2ccccc2n1,0.4834885,0.4835,0.8014184,0.8014,0.7100135,-9.2500,1.0000000,1.0000,[],5
1.8482,2.9778,83.8529,0.6783650,C[C@@H](NC(=O)[C@@H]1C[C@@H](O)CN1C(=O)CNC(=O)c1ccc2cc(F)ccc2n1)c1ccccc1,1,COc1ccc([C@H](C)NC(=O)[C@@H]2C[C@@H](O)CN2C(=O)CNC(=O)c2ccc3cc(F)ccc3n2)c(Cl)c1,O=C(NCC(=O)N1CCC[C@H]1C(=O)NCc1ccccc1)c1ccc2ccccc2n1,0.5163857,0.5164,0.7746479,0.7746,0.7275914,-9.4200,1.0000000,1.0000,[],5
2.4425,4.3193,79.5056,0.6548825,O=C(NCC(=O)N1C[C@H](O)C[C@H]1C(=O)NCc1ccc(Cl)c(Cl)c1)c1ccc2cc(F)ccc2n1,1,COc1ccc([C@H](C)NC(=O)[C@@H]2C[C@@H](O)CN2C(=O)CNC(=O)c2ccc3cc(F)ccc3n2)c(Cl)c1,O=C(NCC(=O)N1CCC[C@H]1C(=O)NCc1ccccc1)c1ccc2ccccc2n1,0.4640416,0.4640,0.7114094,0.7114,0.7464290,-9.6100,1.0000000,1.0000,[],5
2.3806,3.8934,81.6967,0.6686721,O=C(NCC(=O)N1C[C@H](O)C[C@H]1C(=O)NCc1ccc(Cl)cc1)c1ccc2cc(F)ccc2n1,1,COc1ccc([C@H](C)NC(=O)[C@@H]2C[C@@H](O)CN2C(=O)CNC(=O)c2ccc3cc(F)ccc3n2)c(Cl)c1,O=C(NCC(=O)N1CCC[C@H]1C(=O)NCc1ccccc1)c1ccc2ccccc2n1,0.4955094,0.4955,0.7260274,0.7260,0.7454593,-9.6000,1.0000000,1.0000,[],5
2.0275,3.2004,77.2229,0.6283072,O=C(NCC(=O)N1C[C@H](O)C[C@H]1C(=O)NCc1cccc(Cl)c1)c1ccc2cc(F)ccc2n1,1,COc1ccc([C@H](C)NC(=O)[C@@H]2C[C@@H](O)CN2C(=O)CNC(=O)c2ccc3cc(F)ccc3n2)c(Cl)c1,O=C(NCC(=O)N1CCC[C@H]1C(=O)NCc1ccccc1)c1ccc2ccccc2n1,0.4955094,0.4955,0.7210884,0.7211,0.6604256,-8.8000,1.0000000,1.0000,[],5
2.2846,4.2413,70.9730,0.5876117,O=C(NCC(=O)N1C[C@H](O)C[C@H]1C(=O)N[C@@H](CO)c1cccc(Cl)c1)c1ccc2cc(F)ccc2n1,1,COc1ccc([C@H](C)NC(=O)[C@@H]2C[C@@H](O)CN2C(=O)CNC(=O)c2ccc3cc(F)ccc3n2)c(Cl)c1,O=C(NCC(=O)N1CCC[C@H]1C(=O)NCc1ccccc1)c1ccc2ccccc2n1,0.3782864,0.3783,0.7432432,0.7432,0.6511860,-8.7200,1.0000000,1.0000,[],5
2.0189,4.6734,74.2686,0.6167343,O=C(NCC(=O)N1C[C@H](O)C[C@H]1C(=O)N[C@H](CO)c1cccc(Cl)c1)c1ccc2cc(F)ccc2n1,1,COc1ccc([C@H](C)NC(=O)[C@@H]2C[C@@H](O)CN2C(=O)CNC(=O)c2ccc3cc(F)ccc3n2)c(Cl)c1,O=C(NCC(=O)N1CCC[C@H]1C(=O)NCc1ccccc1)c1ccc2ccccc2n1,0.3782864,0.3783,0.7432432,0.7432,0.7173324,-9.3200,1.0000000,1.0000,[],5
4.4666,8.7137,77.1655,0.6709312,CC(C)C(NC(=O)[C@@H]1C[C@@H](O)CN1C(=O)CNC(=O)c1ccc2cc(F)ccc2n1)c1ccc(Cl)cc1,1,COc1ccc([C@H](C)NC(=O)[C@@H]2C[C@@H](O)CN2C(=O)CNC(=O)c2ccc3cc(F)ccc3n2)c(Cl)c1,O=C(NCC(=O)N1CCC[C@H]1C(=O)NCc1ccccc1)c1ccc2ccccc2n1,0.4374885,0.4375,0.7619048,0.7619,0.7796905,-9.9700,1.0000000,1.0000,[],6
2.2020,4.0491,82.5249,0.6763589,CC(C)C(NC(=O)[C@@H]1C[C@@H](O)CN1C(=O)CNC(=O)c1ccc2cc(F)ccc2n1)c1ccccc1,1,COc1ccc([C@H](C)NC(=O)[C@@H]2C[C@@H](O)CN2C(=O)CNC(=O)c2ccc3cc(F)ccc3n2)c(Cl)c1,O=C(NCC(=O)N1CCC[C@H]1C(=O)NCc1ccccc1)c1ccc2ccccc2n1,0.4695327,0.4695,0.7364865,0.7365,0.7779275,-9.9500,1.0000000,1.0000,[],6
2.2898,4.8186,81.6214,0.6753121,CC(NC(=O)[C@@H]1C[C@@H](O)CN1C(=O)CNC(=O)c1ccc2cc(F)ccc2n1)c1ccc(Cl)cc1,1,COc1ccc([C@H](C)NC(=O)[C@@H]2C[C@@H](O)CN2C(=O)CNC(=O)c2ccc3cc(F)ccc3n2)c(Cl)c1,O=C(NCC(=O)N1CCC[C@H]1C(=O)NCc1ccccc1)c1ccc2ccccc2n1,0.4834885,0.4835,0.8014184,0.8014,0.7326326,-9.4700,1.0000000,1.0000,[],6
3.4719,4.1297,72.0438,0.5951057,COc1ccc(CNC(=O)[C@@H]2C[C@@H](O)CN2C(=O)CNC(=O)c2ccc3cc(F)ccc3n2)cc1,1,COc1ccc([C@H](C)NC(=O)[C@@H]2C[C@@H](O)CN2C(=O)CNC(=O)c2ccc3cc(F)ccc3n2)c(Cl)c1,O=C(NCC(=O)N1CCC[C@H]1C(=O)NCc1ccccc1)c1ccc2ccccc2n1,0.4701237,0.4701,0.7832168,0.7832,0.5836347,-8.1600,1.0000000,1.0000,[],6
1.6939,4.2698,80.8253,0.6648056,C[C@@H](NC(=O)[C@@H]1C[C@@H](O)CN1C(=O)CNC(=O)c1ccc2cc(F)ccc2n1)c1ccc(Cl)cc1,1,COc1ccc([C@H](C)NC(=O)[C@@H]2C[C@@H](O)CN2C(=O)CNC(=O)c2ccc3cc(F)ccc3n2)c(Cl)c1,O=C(NCC(=O)N1CCC[C@H]1C(=O)NCc1ccccc1)c1ccc2ccccc2n1,0.4834885,0.4835,0.8014184,0.8014,0.7100135,-9.2500,1.0000000,1.0000,[],6
1.8975,4.3193,79.5056,0.6548825,O=C(NCC(=O)N1C[C@H](O)C[C@H]1C(=O)NCc1ccc(Cl)c(Cl)c1)c1ccc2cc(F)ccc2n1,1,COc1ccc([C@H](C)NC(=O)[C@@H]2C[C@@H](O)CN2C(=O)CNC(=O)c2ccc3cc(F)ccc3n2)c(Cl)c1,O=C(NCC(=O)N1CCC[C@H]1C(=O)NCc1ccccc1)c1ccc2ccccc2n1,0.4640416,0.4640,0.7114094,0.7114,0.7464290,-9.6100,1.0000000,1.0000,[],6
2.2045,3.8934,81.6967,0.6686721,O=C(NCC(=O)N1C[C@H](O)C[C@H]1C(=O)NCc1ccc(Cl)cc1)c1ccc2cc(F)ccc2n1,1,COc1ccc([C@H](C)NC(=O)[C@@H]2C[C@@H](O)CN2C(=O)CNC(=O)c2ccc3cc(F)ccc3n2)c(Cl)c1,O=C(NCC(=O)N1CCC[C@H]1C(=O)NCc1ccccc1)c1ccc2ccccc2n1,0.4955094,0.4955,0.7260274,0.7260,0.7454593,-9.6000,1.0000000,1.0000,[],6
2.4134,3.2004,77.2229,0.6283072,O=C(NCC(=O)N1C[C@H](O)C[C@H]1C(=O)NCc1cccc(Cl)c1)c1ccc2cc(F)ccc2n1,1,COc1ccc([C@H](C)NC(=O)[C@@H]2C[C@@H](O)CN2C(=O)CNC(=O)c2ccc3cc(F)ccc3n2)c(Cl)c1,O=C(NCC(=O)N1CCC[C@H]1C(=O)NCc1ccccc1)c1ccc2ccccc2n1,0.4955094,0.4955,0.7210884,0.7211,0.6604256,-8.8000,1.0000000,1.0000,[],6
2.7767,4.2413,70.9730,0.5876117,O=C(NCC(=O)N1C[C@H](O)C[C@H]1C(=O)N[C@@H](CO)c1cccc(Cl)c1)c1ccc2cc(F)ccc2n1,1,COc1ccc([C@H](C)NC(=O)[C@@H]2C[C@@H](O)CN2C(=O)CNC(=O)c2ccc3cc(F)ccc3n2)c(Cl)c1,O=C(NCC(=O)N1CCC[C@H]1C(=O)NCc1ccccc1)c1ccc2ccccc2n1,0.3782864,0.3783,0.7432432,0.7432,0.6511860,-8.7200,1.0000000,1.0000,[],6
2.3440,4.6734,74.2686,0.6167343,O=C(NCC(=O)N1C[C@H](O)C[C@H]1C(=O)N[C@H](CO)c1cccc(Cl)c1)c1ccc2cc(F)ccc2n1,1,COc1ccc([C@H](C)NC(=O)[C@@H]2C[C@@H](O)CN2C(=O)CNC(=O)c2ccc3cc(F)ccc3n2)c(Cl)c1,O=C(NCC(=O)N1CCC[C@H]1C(=O)NCc1ccccc1)c1ccc2ccccc2n1,0.3782864,0.3783,0.7432432,0.7432,0.7173324,-9.3200,1.0000000,1.0000,[],6
1.8690,8.7137,77.1655,0.6709312,CC(C)C(NC(=O)[C@@H]1C[C@@H](O)CN1C(=O)CNC(=O)c1ccc2cc(F)ccc2n1)c1ccc(Cl)cc1,1,COc1ccc([C@H](C)NC(=O)[C@@H]2C[C@@H](O)CN2C(=O)CNC(=O)c2ccc3cc(F)ccc3n2)c(Cl)c1,O=C(NCC(=O)N1CCC[C@H]1C(=O)NCc1ccccc1)c1ccc2ccccc2n1,0.4374885,0.4375,0.7619048,0.7619,0.7796905,-9.9700,1.0000000,1.0000,[],7
4.2784,4.0491,82.5249,0.6763589,CC(C)C(NC(=O)[C@@H]1C[C@@H](O)CN1C(=O)CNC(=O)c1ccc2cc(F)ccc2n1)c1ccccc1,1,COc1ccc([C@H](C)NC(=O)[C@@H]2C[C@@H](O)CN2C(=O)CNC(=O)c2ccc3cc(F)ccc3n2)c(Cl)c1,O=C(NCC(=O)N1CCC[C@H]1C(=O)NCc1ccccc1)c1ccc2ccccc2n1,0.4695327,0.4695,0.7364865,0.7365,0.7779275,-9.9500,1.0000000,1.0000,[],7
2.3270,4.8186,81.6214,0.6753121,CC(NC(=O)[C@@H]1C[C@@H](O)CN1C(=O)CNC(=O)c1ccc2cc(F)ccc2n1)c1ccc(Cl)cc1,1,COc1ccc([C@H](C)NC(=O)[C@@H]2C[C@@H](O)CN2C(=O)CNC(=O)c2ccc3cc(F)ccc3n2)c(Cl)c1,O=C(NCC(=O)N1CCC[C@H]1C(=O)NCc1ccccc1)c1ccc2ccccc2n1,0.4834885,0.4835,0.8014184,0.8014,0.7326326,-9.4700,1.0000000,1.0000,[],7
3.1151,4.1297,72.0438,0.5951057,COc1ccc(CNC(=O)[C@@H]2C[C@@H](O)CN2C(=O)CNC(=O)c2ccc3cc(F)ccc3n2)cc1,1,COc1ccc([C@H](C)NC(=O)[C@@H]2C[C@@H](O)CN2C(=O)CNC(=O)c2ccc3cc(F)ccc3n2)c(Cl)c1,O=C(NCC(=O)N1CCC[C@H]1C(=O)NCc1ccccc1)c1ccc2ccccc2n1,0.4701237,0.4701,0.7832168,0.7832,0.5836347,-8.1600,1.0000000,1.0000,[],7
1.6158,4.2698,80.8253,0.6648056,C[C@@H](NC(=O)[C@@H]1C[C@@H](O)CN1C(=O)CNC(=O)c1ccc2cc(F)ccc2n1)c1ccc(Cl)cc1,1,COc1ccc([C@H](C)NC(=O)[C@@H]2C[C@@H](O)CN2C(=O)CNC(=O)c2ccc3cc(F)ccc3n2)c(Cl)c1,O=C(NCC(=O)N1CCC[C@H]1C(=O)NCc1ccccc1)c1ccc2ccccc2n1,0.4834885,0.4835,0.8014184,0.8014,0.7100135,-9.2500,1.0000000,1.0000,[],7
1.9371,4.3193,79.5056,0.6548825,O=C(NCC(=O)N1C[C@H](O)C[C@H]1C(=O)NCc1ccc(Cl)c(Cl)c1)c1ccc2cc(F)ccc2n1,1,COc1ccc([C@H](C)NC(=O)[C@@H]2C[C@@H](O)CN2C(=O)CNC(=O)c2ccc3cc(F)ccc3n2)c(Cl)c1,O=C(NCC(=O)N1CCC[C@H]1C(=O)NCc1ccccc1)c1ccc2ccccc2n1,0.4640416,0.4640,0.7114094,0.7114,0.7464290,-9.6100,1.0000000,1.0000,[],7
2.2349,3.8934,81.6967,0.6686721,O=C(NCC(=O)N1C[C@H](O)C[C@H]1C(=O)NCc1ccc(Cl)cc1)c1ccc2cc(F)ccc2n1,1,COc1ccc([C@H](C)NC(=O)[C@@H]2C[C@@H](O)CN2C(=O)CNC(=O)c2ccc3cc(F)ccc3n2)c(Cl)c1,O=C(NCC(=O)N1CCC[C@H]1C(=O)NCc1ccccc1)c1ccc2ccccc2n1,0.4955094,0.4955,0.7260274,0.7260,0.7454593,-9.6000,1.0000000,1.0000,[],7
2.7806,3.2004,77.2229,0.6283072,O=C(NCC(=O)N1C[C@H](O)C[C@H]1C(=O)NCc1cccc(Cl)c1)c1ccc2cc(F)ccc2n1,1,COc1ccc([C@H](C)NC(=O)[C@@H]2C[C@@H](O)CN2C(=O)CNC(=O)c2ccc3cc(F)ccc3n2)c(Cl)c1,O=C(NCC(=O)N1CCC[C@H]1C(=O)NCc1ccccc1)c1ccc2ccccc2n1,0.4955094,0.4955,0.7210884,0.7211,0.6604256,-8.8000,1.0000000,1.0000,[],7
3.0569,4.2413,70.9730,0.5876117,O=C(NCC(=O)N1C[C@H](O)C[C@H]1C(=O)N[C@@H](CO)c1cccc(Cl)c1)c1ccc2cc(F)ccc2n1,1,COc1ccc([C@H](C)NC(=O)[C@@H]2C[C@@H](O)CN2C(=O)CNC(=O)c2ccc3cc(F)ccc3n2)c(Cl)c1,O=C(NCC(=O)N1CCC[C@H]1C(=O)NCc1ccccc1)c1ccc2ccccc2n1,0.3782864,0.3783,0.7432432,0.7432,0.6511860,-8.7200,1.0000000,1.0000,[],7
2.6072,4.6734,74.2686,0.6167343,O=C(NCC(=O)N1C[C@H](O)C[C@H]1C(=O)N[C@H](CO)c1cccc(Cl)c1)c1ccc2cc(F)ccc2n1,1,COc1ccc([C@H](C)NC(=O)[C@@H]2C[C@@H](O)CN2C(=O)CNC(=O)c2ccc3cc(F)ccc3n2)c(Cl)c1,O=C(NCC(=O)N1CCC[C@H]1C(=O)NCc1ccccc1)c1ccc2ccccc2n1,0.3782864,0.3783,0.7432432,0.7432,0.7173324,-9.3200,1.0000000,1.0000,[],7
1.7107,8.7137,77.1655,0.6709312,CC(C)C(NC(=O)[C@@H]1C[C@@H](O)CN1C(=O)CNC(=O)c1ccc2cc(F)ccc2n1)c1ccc(Cl)cc1,1,COc1ccc([C@H](C)NC(=O)[C@@H]2C[C@@H](O)CN2C(=O)CNC(=O)c2ccc3cc(F)ccc3n2)c(Cl)c1,O=C(NCC(=O)N1CCC[C@H]1C(=O)NCc1ccccc1)c1ccc2ccccc2n1,0.4374885,0.4375,0.7619048,0.7619,0.7796905,-9.9700,1.0000000,1.0000,[],8
3.7167,4.0491,82.5249,0.6763589,CC(C)C(NC(=O)[C@@H]1C[C@@H](O)CN1C(=O)CNC(=O)c1ccc2cc(F)ccc2n1)c1ccccc1,1,COc1ccc([C@H](C)NC(=O)[C@@H]2C[C@@H](O)CN2C(=O)CNC(=O)c2ccc3cc(F)ccc3n2)c(Cl)c1,O=C(NCC(=O)N1CCC[C@H]1C(=O)NCc1ccccc1)c1ccc2ccccc2n1,0.4695327,0.4695,0.7364865,0.7365,0.7779275,-9.9500,1.0000000,1.0000,[],8
2.6722,4.8186,81.6214,0.6753121,CC(NC(=O)[C@@H]1C[C@@H](O)CN1C(=O)CNC(=O)c1ccc2cc(F)ccc2n1)c1ccc(Cl)cc1,1,COc1ccc([C@H](C)NC(=O)[C@@H]2C[C@@H](O)CN2C(=O)CNC(=O)c2ccc3cc(F)ccc3n2)c(Cl)c1,O=C(NCC(=O)N1CCC[C@H]1C(=O)NCc1ccccc1)c1ccc2ccccc2n1,0.4834885,0.4835,0.8014184,0.8014,0.7326326,-9.4700,1.0000000,1.0000,[],8
2.9269,4.1297,72.0438,0.5951057,COc1ccc(CNC(=O)[C@@H]2C[C@@H](O)CN2C(=O)CNC(=O)c2ccc3cc(F)ccc3n2)cc1,1,COc1ccc([C@H](C)NC(=O)[C@@H]2C[C@@H](O)CN2C(=O)CNC(=O)c2ccc3cc(F)ccc3n2)c(Cl)c1,O=C(NCC(=O)N1CCC[C@H]1C(=O)NCc1ccccc1)c1ccc2ccccc2n1,0.4701237,0.4701,0.7832168,0.7832,0.5836347,-8.1600,1.0000000,1.0000,[],8
1.8997,4.2698,80.8253,0.6648056,C[C@@H](NC(=O)[C@@H]1C[C@@H](O)CN1C(=O)CNC(=O)c1ccc2cc(F)ccc2n1)c1ccc(Cl)cc1,1,COc1ccc([C@H](C)NC(=O)[C@@H]2C[C@@H](O)CN2C(=O)CNC(=O)c2ccc3cc(F)ccc3n2)c(Cl)c1,O=C(NCC(=O)N1CCC[C@H]1C(=O)NCc1ccccc1)c1ccc2ccccc2n1,0.4834885,0.4835,0.8014184,0.8014,0.7100135,-9.2500,1.0000000,1.0000,[],8
2.1888,4.3193,79.5056,0.6548825,O=C(NCC(=O)N1C[C@H](O)C[C@H]1C(=O)NCc1ccc(Cl)c(Cl)c1)c1ccc2cc(F)ccc2n1,1,COc1ccc([C@H](C)NC(=O)[C@@H]2C[C@@H](O)CN2C(=O)CNC(=O)c2ccc3cc(F)ccc3n2)c(Cl)c1,O=C(NCC(=O)N1CCC[C@H]1C(=O)NCc1ccccc1)c1ccc2ccccc2n1,0.4640416,0.4640,0.7114094,0.7114,0.7464290,-9.6100,1.0000000,1.0000,[],8
2.0942,3.8934,81.6967,0.6686721,O=C(NCC(=O)N1C[C@H](O)C[C@H]1C(=O)NCc1ccc(Cl)cc1)c1ccc2cc(F)ccc2n1,1,COc1ccc([C@H](C)NC(=O)[C@@H]2C[C@@H](O)CN2C(=O)CNC(=O)c2ccc3cc(F)ccc3n2)c(Cl)c1,O=C(NCC(=O)N1CCC[C@H]1C(=O)NCc1ccccc1)c1ccc2ccccc2n1,0.4955094,0.4955,0.7260274,0.7260,0.7454593,-9.6000,1.0000000,1.0000,[],8
2.6170,3.2004,77.2229,0.6283072,O=C(NCC(=O)N1C[C@H](O)C[C@H]1C(=O)NCc1cccc(Cl)c1)c1ccc2cc(F)ccc2n1,1,COc1ccc([C@H](C)NC(=O)[C@@H]2C[C@@H](O)CN2C(=O)CNC(=O)c2ccc3cc(F)ccc3n2)c(Cl)c1,O=C(NCC(=O)N1CCC[C@H]1C(=O)NCc1ccccc1)c1ccc2ccccc2n1,0.4955094,0.4955,0.7210884,0.7211,0.6604256,-8.8000,1.0000000,1.0000,[],8
2.8970,4.2413,70.9730,0.5876117,O=C(NCC(=O)N1C[C@H](O)C[C@H]1C(=O)N[C@@H](CO)c1cccc(Cl)c1)c1ccc2cc(F)ccc2n1,1,COc1ccc([C@H](C)NC(=O)[C@@H]2C[C@@H](O)CN2C(=O)CNC(=O)c2ccc3cc(F)ccc3n2)c(Cl)c1,O=C(NCC(=O)N1CCC[C@H]1C(=O)NCc1ccccc1)c1ccc2ccccc2n1,0.3782864,0.3783,0.7432432,0.7432,0.6511860,-8.7200,1.0000000,1.0000,[],8
2.4415,4.6734,74.2686,0.6167343,O=C(NCC(=O)N1C[C@H](O)C[C@H]1C(=O)N[C@H](CO)c1cccc(Cl)c1)c1ccc2cc(F)ccc2n1,1,COc1ccc([C@H](C)NC(=O)[C@@H]2C[C@@H](O)CN2C(=O)CNC(=O)c2ccc3cc(F)ccc3n2)c(Cl)c1,O=C(NCC(=O)N1CCC[C@H]1C(=O)NCc1ccccc1)c1ccc2ccccc2n1,0.3782864,0.3783,0.7432432,0.7432,0.7173324,-9.3200,1.0000000,1.0000,[],8
1.8108,8.7137,77.1655,0.6709312,CC(C)C(NC(=O)[C@@H]1C[C@@H](O)CN1C(=O)CNC(=O)c1ccc2cc(F)ccc2n1)c1ccc(Cl)cc1,1,COc1ccc([C@H](C)NC(=O)[C@@H]2C[C@@H](O)CN2C(=O)CNC(=O)c2ccc3cc(F)ccc3n2)c(Cl)c1,O=C(NCC(=O)N1CCC[C@H]1C(=O)NCc1ccccc1)c1ccc2ccccc2n1,0.4374885,0.4375,0.7619048,0.7619,0.7796905,-9.9700,1.0000000,1.0000,[],9
3.1786,4.0491,82.5249,0.6763589,CC(C)C(NC(=O)[C@@H]1C[C@@H](O)CN1C(=O)CNC(=O)c1ccc2cc(F)ccc2n1)c1ccccc1,1,COc1ccc([C@H](C)NC(=O)[C@@H]2C[C@@H](O)CN2C(=O)CNC(=O)c2ccc3cc(F)ccc3n2)c(Cl)c1,O=C(NCC(=O)N1CCC[C@H]1C(=O)NCc1ccccc1)c1ccc2ccccc2n1,0.4695327,0.4695,0.7364865,0.7365,0.7779275,-9.9500,1.0000000,1.0000,[],9
2.7998,4.8186,81.6214,0.6753121,CC(NC(=O)[C@@H]1C[C@@H](O)CN1C(=O)CNC(=O)c1ccc2cc(F)ccc2n1)c1ccc(Cl)cc1,1,COc1ccc([C@H](C)NC(=O)[C@@H]2C[C@@H](O)CN2C(=O)CNC(=O)c2ccc3cc(F)ccc3n2)c(Cl)c1,O=C(NCC(=O)N1CCC[C@H]1C(=O)NCc1ccccc1)c1ccc2ccccc2n1,0.4834885,0.4835,0.8014184,0.8014,0.7326326,-9.4700,1.0000000,1.0000,[],9
2.8027,4.1297,72.0438,0.5951057,COc1ccc(CNC(=O)[C@@H]2C[C@@H](O)CN2C(=O)CNC(=O)c2ccc3cc(F)ccc3n2)cc1,1,COc1ccc([C@H](C)NC(=O)[C@@H]2C[C@@H](O)CN2C(=O)CNC(=O)c2ccc3cc(F)ccc3n2)c(Cl)c1,O=C(NCC(=O)N1CCC[C@H]1C(=O)NCc1ccccc1)c1ccc2ccccc2n1,0.4701237,0.4701,0.7832168,0.7832,0.5836347,-8.1600,1.0000000,1.0000,[],9
2.2546,4.2698,80.8253,0.6648056,C[C@@H](NC(=O)[C@@H]1C[C@@H](O)CN1C(=O)CNC(=O)c1ccc2cc(F)ccc2n1)c1ccc(Cl)cc1,1,COc1ccc([C@H](C)NC(=O)[C@@H]2C[C@@H](O)CN2C(=O)CNC(=O)c2ccc3cc(F)ccc3n2)c(Cl)c1,O=C(NCC(=O)N1CCC[C@H]1C(=O)NCc1ccccc1)c1ccc2ccccc2n1,0.4834885,0.4835,0.8014184,0.8014,0.7100135,-9.2500,1.0000000,1.0000,[],9
2.5369,4.3193,79.5056,0.6548825,O=C(NCC(=O)N1C[C@H](O)C[C@H]1C(=O)NCc1ccc(Cl)c(Cl)c1)c1ccc2cc(F)ccc2n1,1,COc1ccc([C@H](C)NC(=O)[C@@H]2C[C@@H](O)CN2C(=O)CNC(=O)c2ccc3cc(F)ccc3n2)c(Cl)c1,O=C(NCC(=O)N1CCC[C@H]1C(=O)NCc1ccccc1)c1ccc2ccccc2n1,0.4640416,0.4640,0.7114094,0.7114,0.7464290,-9.6100,1.0000000,1.0000,[],9
2.0746,3.8934,81.6967,0.6686721,O=C(NCC(=O)N1C[C@H](O)C[C@H]1C(=O)NCc1ccc(Cl)cc1)c1ccc2cc(F)ccc2n1,1,COc1ccc([C@H](C)NC(=O)[C@@H]2C[C@@H](O)CN2C(=O)CNC(=O)c2ccc3cc(F)ccc3n2)c(Cl)c1,O=C(NCC(=O)N1CCC[C@H]1C(=O)NCc1ccccc1)c1ccc2ccccc2n1,0.4955094,0.4955,0.7260274,0.7260,0.7454593,-9.6000,1.0000000,1.0000,[],9
2.3613,3.2004,77.2229,0.6283072,O=C(NCC(=O)N1C[C@H](O)C[C@H]1C(=O)NCc1cccc(Cl)c1)c1ccc2cc(F)ccc2n1,1,COc1ccc([C@H](C)NC(=O)[C@@H]2C[C@@H](O)CN2C(=O)CNC(=O)c2ccc3cc(F)ccc3n2)c(Cl)c1,O=C(NCC(=O)N1CCC[C@H]1C(=O)NCc1ccccc1)c1ccc2ccccc2n1,0.4955094,0.4955,0.7210884,0.7211,0.6604256,-8.8000,1.0000000,1.0000,[],9
2.5779,4.2413,70.9730,0.5876117,O=C(NCC(=O)N1C[C@H](O)C[C@H]1C(=O)N[C@@H](CO)c1cccc(Cl)c1)c1ccc2cc(F)ccc2n1,1,COc1ccc([C@H](C)NC(=O)[C@@H]2C[C@@H](O)CN2C(=O)CNC(=O)c2ccc3cc(F)ccc3n2)c(Cl)c1,O=C(NCC(=O)N1CCC[C@H]1C(=O)NCc1ccccc1)c1ccc2ccccc2n1,0.3782864,0.3783,0.7432432,0.7432,0.6511860,-8.7200,1.0000000,1.0000,[],9
2.1650,4.6734,74.2686,0.6167343,O=C(NCC(=O)N1C[C@H](O)C[C@H]1C(=O)N[C@H](CO)c1cccc(Cl)c1)c1ccc2cc(F)ccc2n1,1,COc1ccc([C@H](C)NC(=O)[C@@H]2C[C@@H](O)CN2C(=O)CNC(=O)c2ccc3cc(F)ccc3n2)c(Cl)c1,O=C(NCC(=O)N1CCC[C@H]1C(=O)NCc1ccccc1)c1ccc2ccccc2n1,0.3782864,0.3783,0.7432432,0.7432,0.7173324,-9.3200,1.0000000,1.0000,[],9
2.0562,8.7137,77.1655,0.6709312,CC(C)C(NC(=O)[C@@H]1C[C@@H](O)CN1C(=O)CNC(=O)c1ccc2cc(F)ccc2n1)c1ccc(Cl)cc1,1,COc1ccc([C@H](C)NC(=O)[C@@H]2C[C@@H](O)CN2C(=O)CNC(=O)c2ccc3cc(F)ccc3n2)c(Cl)c1,O=C(NCC(=O)N1CCC[C@H]1C(=O)NCc1ccccc1)c1ccc2ccccc2n1,0.4374885,0.4375,0.7619048,0.7619,0.7796905,-9.9700,1.0000000,1.0000,[],10
2.9529,4.0491,82.5249,0.6763589,CC(C)C(NC(=O)[C@@H]1C[C@@H](O)CN1C(=O)CNC(=O)c1ccc2cc(F)ccc2n1)c1ccccc1,1,COc1ccc([C@H](C)NC(=O)[C@@H]2C[C@@H](O)CN2C(=O)CNC(=O)c2ccc3cc(F)ccc3n2)c(Cl)c1,O=C(NCC(=O)N1CCC[C@H]1C(=O)NCc1ccccc1)c1ccc2ccccc2n1,0.4695327,0.4695,0.7364865,0.7365,0.7779275,-9.9500,1.0000000,1.0000,[],10
2.5925,4.8186,81.6214,0.6753121,CC(NC(=O)[C@@H]1C[C@@H](O)CN1C(=O)CNC(=O)c1ccc2cc(F)ccc2n1)c1ccc(Cl)cc1,1,COc1ccc([C@H](C)NC(=O)[C@@H]2C[C@@H](O)CN2C(=O)CNC(=O)c2ccc3cc(F)ccc3n2)c(Cl)c1,O=C(NCC(=O)N1CCC[C@H]1C(=O)NCc1ccccc1)c1ccc2ccccc2n1,0.4834885,0.4835,0.8014184,0.8014,0.7326326,-9.4700,1.0000000,1.0000,[],10
2.6582,4.1297,72.0438,0.5951057,COc1ccc(CNC(=O)[C@@H]2C[C@@H](O)CN2C(=O)CNC(=O)c2ccc3cc(F)ccc3n2)cc1,1,COc1ccc([C@H](C)NC(=O)[C@@H]2C[C@@H](O)CN2C(=O)CNC(=O)c2ccc3cc(F)ccc3n2)c(Cl)c1,O=C(NCC(=O)N1CCC[C@H]1C(=O)NCc1ccccc1)c1ccc2ccccc2n1,0.4701237,0.4701,0.7832168,0.7832,0.5836347,-8.1600,1.0000000,1.0000,[],10
2.5434,4.2698,80.8253,0.6648056,C[C@@H](NC(=O)[C@@H]1C[C@@H](O)CN1C(=O)CNC(=O)c1ccc2cc(F)ccc2n1)c1ccc(Cl)cc1,1,COc1ccc([C@H](C)NC(=O)[C@@H]2C[C@@H](O)CN2C(=O)CNC(=O)c2ccc3cc(F)ccc3n2)c(Cl)c1,O=C(NCC(=O)N1CCC[C@H]1C(=O)NCc1ccccc1)c1ccc2ccccc2n1,0.4834885,0.4835,0.8014184,0.8014,0.7100135,-9.2500,1.0000000,1.0000,[],10
2.7842,4.3193,79.5056,0.6548825,O=C(NCC(=O)N1C[C@H](O)C[C@H]1C(=O)NCc1ccc(Cl)c(Cl)c1)c1ccc2cc(F)ccc2n1,1,COc1ccc([C@H](C)NC(=O)[C@@H]2C[C@@H](O)CN2C(=O)CNC(=O)c2ccc3cc(F)ccc3n2)c(Cl)c1,O=C(NCC(=O)N1CCC[C@H]1C(=O)NCc1ccccc1)c1ccc2ccccc2n1,0.4640416,0.4640,0.7114094,0.7114,0.7464290,-9.6100,1.0000000,1.0000,[],10
2.1741,3.8934,81.6967,0.6686721,O=C(NCC(=O)N1C[C@H](O)C[C@H]1C(=O)NCc1ccc(Cl)cc1)c1ccc2cc(F)ccc2n1,1,COc1ccc([C@H](C)NC(=O)[C@@H]2C[C@@H](O)CN2C(=O)CNC(=O)c2ccc3cc(F)ccc3n2)c(Cl)c1,O=C(NCC(=O)N1CCC[C@H]1C(=O)NCc1ccccc1)c1ccc2ccccc2n1,0.4955094,0.4955,0.7260274,0.7260,0.7454593,-9.6000,1.0000000,1.0000,[],10
2.1975,3.2004,77.2229,0.6283072,O=C(NCC(=O)N1C[C@H](O)C[C@H]1C(=O)NCc1cccc(Cl)c1)c1ccc2cc(F)ccc2n1,1,COc1ccc([C@H](C)NC(=O)[C@@H]2C[C@@H](O)CN2C(=O)CNC(=O)c2ccc3cc(F)ccc3n2)c(Cl)c1,O=C(NCC(=O)N1CCC[C@H]1C(=O)NCc1ccccc1)c1ccc2ccccc2n1,0.4955094,0.4955,0.7210884,0.7211,0.6604256,-8.8000,1.0000000,1.0000,[],10
2.3731,4.2413,70.9730,0.5876117,O=C(NCC(=O)N1C[C@H](O)C[C@H]1C(=O)N[C@@H](CO)c1cccc(Cl)c1)c1ccc2cc(F)ccc2n1,1,COc1ccc([C@H](C)NC(=O)[C@@H]2C[C@@H](O)CN2C(=O)CNC(=O)c2ccc3cc(F)ccc3n2)c(Cl)c1,O=C(NCC(=O)N1CCC[C@H]1C(=O)NCc1ccccc1)c1ccc2ccccc2n1,0.3782864,0.3783,0.7432432,0.7432,0.6511860,-8.7200,1.0000000,1.0000,[],10
2.0462,4.6734,74.2686,0.6167343,O=C(NCC(=O)N1C[C@H](O)C[C@H]1C(=O)N[C@H](CO)c1cccc(Cl)c1)c1ccc2cc(F)ccc2n1,1,COc1ccc([C@H](C)NC(=O)[C@@H]2C[C@@H](O)CN2C(=O)CNC(=O)c2ccc3cc(F)ccc3n2)c(Cl)c1,O=C(NCC(=O)N1CCC[C@H]1C(=O)NCc1ccccc1)c1ccc2ccccc2n1,0.3782864,0.3783,0.7432432,0.7432,0.7173324,-9.3200,1.0000000,1.0000,[],10
2.2753,8.7137,77.1655,0.6709312,CC(C)C(NC(=O)[C@@H]1C[C@@H](O)CN1C(=O)CNC(=O)c1ccc2cc(F)ccc2n1)c1ccc(Cl)cc1,1,COc1ccc([C@H](C)NC(=O)[C@@H]2C[C@@H](O)CN2C(=O)CNC(=O)c2ccc3cc(F)ccc3n2)c(Cl)c1,O=C(NCC(=O)N1CCC[C@H]1C(=O)NCc1ccccc1)c1ccc2ccccc2n1,0.4374885,0.4375,0.7619048,0.7619,0.7796905,-9.9700,1.0000000,1.0000,[],11
2.8303,4.0491,82.5249,0.6763589,CC(C)C(NC(=O)[C@@H]1C[C@@H](O)CN1C(=O)CNC(=O)c1ccc2cc(F)ccc2n1)c1ccccc1,1,COc1ccc([C@H](C)NC(=O)[C@@H]2C[C@@H](O)CN2C(=O)CNC(=O)c2ccc3cc(F)ccc3n2)c(Cl)c1,O=C(NCC(=O)N1CCC[C@H]1C(=O)NCc1ccccc1)c1ccc2ccccc2n1,0.4695327,0.4695,0.7364865,0.7365,0.7779275,-9.9500,1.0000000,1.0000,[],11
2.3479,4.8186,81.6214,0.6753121,CC(NC(=O)[C@@H]1C[C@@H](O)CN1C(=O)CNC(=O)c1ccc2cc(F)ccc2n1)c1ccc(Cl)cc1,1,COc1ccc([C@H](C)NC(=O)[C@@H]2C[C@@H](O)CN2C(=O)CNC(=O)c2ccc3cc(F)ccc3n2)c(Cl)c1,O=C(NCC(=O)N1CCC[C@H]1C(=O)NCc1ccccc1)c1ccc2ccccc2n1,0.4834885,0.4835,0.8014184,0.8014,0.7326326,-9.4700,1.0000000,1.0000,[],11
2.4888,4.1297,72.0438,0.5951057,COc1ccc(CNC(=O)[C@@H]2C[C@@H](O)CN2C(=O)CNC(=O)c2ccc3cc(F)ccc3n2)cc1,1,COc1ccc([C@H](C)NC(=O)[C@@H]2C[C@@H](O)CN2C(=O)CNC(=O)c2ccc3cc(F)ccc3n2)c(Cl)c1,O=C(NCC(=O)N1CCC[C@H]1C(=O)NCc1ccccc1)c1ccc2ccccc2n1,0.4701237,0.4701,0.7832168,0.7832,0.5836347,-8.1600,1.0000000,1.0000,[],11
2.7199,4.2698,80.8253,0.6648056,C[C@@H](NC(=O)[C@@H]1C[C@@H](O)CN1C(=O)CNC(=O)c1ccc2cc(F)ccc2n1)c1ccc(Cl)cc1,1,COc1ccc([C@H](C)NC(=O)[C@@H]2C[C@@H](O)CN2C(=O)CNC(=O)c2ccc3cc(F)ccc3n2)c(Cl)c1,O=C(NCC(=O)N1CCC[C@H]1C(=O)NCc1ccccc1)c1ccc2ccccc2n1,0.4834885,0.4835,0.8014184,0.8014,0.7100135,-9.2500,1.0000000,1.0000,[],11
2.7727,4.3193,79.5056,0.6548825,O=C(NCC(=O)N1C[C@H](O)C[C@H]1C(=O)NCc1ccc(Cl)c(Cl)c1)c1ccc2cc(F)ccc2n1,1,COc1ccc([C@H](C)NC(=O)[C@@H]2C[C@@H](O)CN2C(=O)CNC(=O)c2ccc3cc(F)ccc3n2)c(Cl)c1,O=C(NCC(=O)N1CCC[C@H]1C(=O)NCc1ccccc1)c1ccc2ccccc2n1,0.4640416,0.4640,0.7114094,0.7114,0.7464290,-9.6100,1.0000000,1.0000,[],11
2.2650,3.8934,81.6967,0.6686721,O=C(NCC(=O)N1C[C@H](O)C[C@H]1C(=O)NCc1ccc(Cl)cc1)c1ccc2cc(F)ccc2n1,1,COc1ccc([C@H](C)NC(=O)[C@@H]2C[C@@H](O)CN2C(=O)CNC(=O)c2ccc3cc(F)ccc3n2)c(Cl)c1,O=C(NCC(=O)N1CCC[C@H]1C(=O)NCc1ccccc1)c1ccc2ccccc2n1,0.4955094,0.4955,0.7260274,0.7260,0.7454593,-9.6000,1.0000000,1.0000,[],11
2.0821,3.2004,77.2229,0.6283072,O=C(NCC(=O)N1C[C@H](O)C[C@H]1C(=O)NCc1cccc(Cl)c1)c1ccc2cc(F)ccc2n1,1,COc1ccc([C@H](C)NC(=O)[C@@H]2C[C@@H](O)CN2C(=O)CNC(=O)c2ccc3cc(F)ccc3n2)c(Cl)c1,O=C(NCC(=O)N1CCC[C@H]1C(=O)NCc1ccccc1)c1ccc2ccccc2n1,0.4955094,0.4955,0.7210884,0.7211,0.6604256,-8.8000,1.0000000,1.0000,[],11
2.3605,4.2413,70.9730,0.5876117,O=C(NCC(=O)N1C[C@H](O)C[C@H]1C(=O)N[C@@H](CO)c1cccc(Cl)c1)c1ccc2cc(F)ccc2n1,1,COc1ccc([C@H](C)NC(=O)[C@@H]2C[C@@H](O)CN2C(=O)CNC(=O)c2ccc3cc(F)ccc3n2)c(Cl)c1,O=C(NCC(=O)N1CCC[C@H]1C(=O)NCc1ccccc1)c1ccc2ccccc2n1,0.3782864,0.3783,0.7432432,0.7432,0.6511860,-8.7200,1.0000000,1.0000,[],11
2.1616,4.6734,74.2686,0.6167343,O=C(NCC(=O)N1C[C@H](O)C[C@H]1C(=O)N[C@H](CO)c1cccc(Cl)c1)c1ccc2cc(F)ccc2n1,1,COc1ccc([C@H](C)NC(=O)[C@@H]2C[C@@H](O)CN2C(=O)CNC(=O)c2ccc3cc(F)ccc3n2)c(Cl)c1,O=C(NCC(=O)N1CCC[C@H]1C(=O)NCc1ccccc1)c1ccc2ccccc2n1,0.3782864,0.3783,0.7432432,0.7432,0.7173324,-9.3200,1.0000000,1.0000,[],11
2.2533,8.7137,77.1655,0.6709312,CC(C)C(NC(=O)[C@@H]1C[C@@H](O)CN1C(=O)CNC(=O)c1ccc2cc(F)ccc2n1)c1ccc(Cl)cc1,1,COc1ccc([C@H](C)NC(=O)[C@@H]2C[C@@H](O)CN2C(=O)CNC(=O)c2ccc3cc(F)ccc3n2)c(Cl)c1,O=C(NCC(=O)N1CCC[C@H]1C(=O)NCc1ccccc1)c1ccc2ccccc2n1,0.4374885,0.4375,0.7619048,0.7619,0.7796905,-9.9700,1.0000000,1.0000,[],12
2.6134,4.0491,82.5249,0.6763589,CC(C)C(NC(=O)[C@@H]1C[C@@H](O)CN1C(=O)CNC(=O)c1ccc2cc(F)ccc2n1)c1ccccc1,1,COc1ccc([C@H](C)NC(=O)[C@@H]2C[C@@H](O)CN2C(=O)CNC(=O)c2ccc3cc(F)ccc3n2)c(Cl)c1,O=C(NCC(=O)N1CCC[C@H]1C(=O)NCc1ccccc1)c1ccc2ccccc2n1,0.4695327,0.4695,0.7364865,0.7365,0.7779275,-9.9500,1.0000000,1.0000,[],12
2.3164,4.8186,81.6214,0.6753121,CC(NC(=O)[C@@H]1C[C@@H](O)CN1C(=O)CNC(=O)c1ccc2cc(F)ccc2n1)c1ccc(Cl)cc1,1,COc1ccc([C@H](C)NC(=O)[C@@H]2C[C@@H](O)CN2C(=O)CNC(=O)c2ccc3cc(F)ccc3n2)c(Cl)c1,O=C(NCC(=O)N1CCC[C@H]1C(=O)NCc1ccccc1)c1ccc2ccccc2n1,0.4834885,0.4835,0.8014184,0.8014,0.7326326,-9.4700,1.0000000,1.0000,[],12
2.3050,4.1297,72.0438,0.5951057,COc1ccc(CNC(=O)[C@@H]2C[C@@H](O)CN2C(=O)CNC(=O)c2ccc3cc(F)ccc3n2)cc1,1,COc1ccc([C@H](C)NC(=O)[C@@H]2C[C@@H](O)CN2C(=O)CNC(=O)c2ccc3cc(F)ccc3n2)c(Cl)c1,O=C(NCC(=O)N1CCC[C@H]1C(=O)NCc1ccccc1)c1ccc2ccccc2n1,0.4701237,0.4701,0.7832168,0.7832,0.5836347,-8.1600,1.0000000,1.0000,[],12
2.8053,4.2698,80.8253,0.6648056,C[C@@H](NC(=O)[C@@H]1C[C@@H](O)CN1C(=O)CNC(=O)c1ccc2cc(F)ccc2n1)c1ccc(Cl)cc1,1,COc1ccc([C@H](C)NC(=O)[C@@H]2C[C@@H](O)CN2C(=O)CNC(=O)c2ccc3cc(F)ccc3n2)c(Cl)c1,O=C(NCC(=O)N1CCC[C@H]1C(=O)NCc1ccccc1)c1ccc2ccccc2n1,0.4834885,0.4835,0.8014184,0.8014,0.7100135,-9.2500,1.0000000,1.0000,[],12
2.5903,4.3193,79.5056,0.6548825,O=C(NCC(=O)N1C[C@H](O)C[C@H]1C(=O)NCc1ccc(Cl)c(Cl)c1)c1ccc2cc(F)ccc2n1,1,COc1ccc([C@H](C)NC(=O)[C@@H]2C[C@@H](O)CN2C(=O)CNC(=O)c2ccc3cc(F)ccc3n2)c(Cl)c1,O=C(NCC(=O)N1CCC[C@H]1C(=O)NCc1ccccc1)c1ccc2ccccc2n1,0.4640416,0.4640,0.7114094,0.7114,0.7464290,-9.6100,1.0000000,1.0000,[],12
2.3780,3.8934,81.6967,0.6686721,O=C(NCC(=O)N1C[C@H](O)C[C@H]1C(=O)NCc1ccc(Cl)cc1)c1ccc2cc(F)ccc2n1,1,COc1ccc([C@H](C)NC(=O)[C@@H]2C[C@@H](O)CN2C(=O)CNC(=O)c2ccc3cc(F)ccc3n2)c(Cl)c1,O=C(NCC(=O)N1CCC[C@H]1C(=O)NCc1ccccc1)c1ccc2ccccc2n1,0.4955094,0.4955,0.7260274,0.7260,0.7454593,-9.6000,1.0000000,1.0000,[],12
2.0143,3.2004,77.2229,0.6283072,O=C(NCC(=O)N1C[C@H](O)C[C@H]1C(=O)NCc1cccc(Cl)c1)c1ccc2cc(F)ccc2n1,1,COc1ccc([C@H](C)NC(=O)[C@@H]2C[C@@H](O)CN2C(=O)CNC(=O)c2ccc3cc(F)ccc3n2)c(Cl)c1,O=C(NCC(=O)N1CCC[C@H]1C(=O)NCc1ccccc1)c1ccc2ccccc2n1,0.4955094,0.4955,0.7210884,0.7211,0.6604256,-8.8000,1.0000000,1.0000,[],12
2.4726,4.2413,70.9730,0.5876117,O=C(NCC(=O)N1C[C@H](O)C[C@H]1C(=O)N[C@@H](CO)c1cccc(Cl)c1)c1ccc2cc(F)ccc2n1,1,COc1ccc([C@H](C)NC(=O)[C@@H]2C[C@@H](O)CN2C(=O)CNC(=O)c2ccc3cc(F)ccc3n2)c(Cl)c1,O=C(NCC(=O)N1CCC[C@H]1C(=O)NCc1ccccc1)c1ccc2ccccc2n1,0.3782864,0.3783,0.7432432,0.7432,0.6511860,-8.7200,1.0000000,1.0000,[],12
2.4062,4.6734,74.2686,0.6167343,O=C(NCC(=O)N1C[C@H](O)C[C@H]1C(=O)N[C@H](CO)c1cccc(Cl)c1)c1ccc2cc(F)ccc2n1,1,COc1ccc([C@H](C)NC(=O)[C@@H]2C[C@@H](O)CN2C(=O)CNC(=O)c2ccc3cc(F)ccc3n2)c(Cl)c1,O=C(NCC(=O)N1CCC[C@H]1C(=O)NCc1ccccc1)c1ccc2ccccc2n1,0.3782864,0.3783,0.7432432,0.7432,0.7173324,-9.3200,1.0000000,1.0000,[],12
2.0974,8.7137,77.1655,0.6709312,CC(C)C(NC(=O)[C@@H]1C[C@@H](O)CN1C(=O)CNC(=O)c1ccc2cc(F)ccc2n1)c1ccc(Cl)cc1,1,COc1ccc([C@H](C)NC(=O)[C@@H]2C[C@@H](O)CN2C(=O)CNC(=O)c2ccc3cc(F)ccc3n2)c(Cl)c1,O=C(NCC(=O)N1CCC[C@H]1C(=O)NCc1ccccc1)c1ccc2ccccc2n1,0.4374885,0.4375,0.7619048,0.7619,0.7796905,-9.9700,1.0000000,1.0000,[],13
2.3581,4.0491,82.5249,0.6763589,CC(C)C(NC(=O)[C@@H]1C[C@@H](O)CN1C(=O)CNC(=O)c1ccc2cc(F)ccc2n1)c1ccccc1,1,COc1ccc([C@H](C)NC(=O)[C@@H]2C[C@@H](O)CN2C(=O)CNC(=O)c2ccc3cc(F)ccc3n2)c(Cl)c1,O=C(NCC(=O)N1CCC[C@H]1C(=O)NCc1ccccc1)c1ccc2ccccc2n1,0.4695327,0.4695,0.7364865,0.7365,0.7779275,-9.9500,1.0000000,1.0000,[],13
2.5002,4.8186,81.6214,0.6753121,CC(NC(=O)[C@@H]1C[C@@H](O)CN1C(=O)CNC(=O)c1ccc2cc(F)ccc2n1)c1ccc(Cl)cc1,1,COc1ccc([C@H](C)NC(=O)[C@@H]2C[C@@H](O)CN2C(=O)CNC(=O)c2ccc3cc(F)ccc3n2)c(Cl)c1,O=C(NCC(=O)N1CCC[C@H]1C(=O)NCc1ccccc1)c1ccc2ccccc2n1,0.4834885,0.4835,0.8014184,0.8014,0.7326326,-9.4700,1.0000000,1.0000,[],13
2.1679,4.1297,72.0438,0.5951057,COc1ccc(CNC(=O)[C@@H]2C[C@@H](O)CN2C(=O)CNC(=O)c2ccc3cc(F)ccc3n2)cc1,1,COc1ccc([C@H](C)NC(=O)[C@@H]2C[C@@H](O)CN2C(=O)CNC(=O)c2ccc3cc(F)ccc3n2)c(Cl)c1,O=C(NCC(=O)N1CCC[C@H]1C(=O)NCc1ccccc1)c1ccc2ccccc2n1,0.4701237,0.4701,0.7832168,0.7832,0.5836347,-8.1600,1.0000000,1.0000,[],13
2.8496,4.2698,80.8253,0.6648056,C[C@@H](NC(=O)[C@@H]1C[C@@H](O)CN1C(=O)CNC(=O)c1ccc2cc(F)ccc2n1)c1ccc(Cl)cc1,1,COc1ccc([C@H](C)NC(=O)[C@@H]2C[C@@H](O)CN2C(=O)CNC(=O)c2ccc3cc(F)ccc3n2)c(Cl)c1,O=C(NCC(=O)N1CCC[C@H]1C(=O)NCc1ccccc1)c1ccc2ccccc2n1,0.4834885,0.4835,0.8014184,0.8014,0.7100135,-9.2500,1.0000000,1.0000,[],13
2.3907,4.3193,79.5056,0.6548825,O=C(NCC(=O)N1C[C@H](O)C[C@H]1C(=O)NCc1ccc(Cl)c(Cl)c1)c1ccc2cc(F)ccc2n1,1,COc1ccc([C@H](C)NC(=O)[C@@H]2C[C@@H](O)CN2C(=O)CNC(=O)c2ccc3cc(F)ccc3n2)c(Cl)c1,O=C(NCC(=O)N1CCC[C@H]1C(=O)NCc1ccccc1)c1ccc2ccccc2n1,0.4640416,0.4640,0.7114094,0.7114,0.7464290,-9.6100,1.0000000,1.0000,[],13
2.4961,3.8934,81.6967,0.6686721,O=C(NCC(=O)N1C[C@H](O)C[C@H]1C(=O)NCc1ccc(Cl)cc1)c1ccc2cc(F)ccc2n1,1,COc1ccc([C@H](C)NC(=O)[C@@H]2C[C@@H](O)CN2C(=O)CNC(=O)c2ccc3cc(F)ccc3n2)c(Cl)c1,O=C(NCC(=O)N1CCC[C@H]1C(=O)NCc1ccccc1)c1ccc2ccccc2n1,0.4955094,0.4955,0.7260274,0.7260,0.7454593,-9.6000,1.0000000,1.0000,[],13
2.0024,3.2004,77.2229,0.6283072,O=C(NCC(=O)N1C[C@H](O)C[C@H]1C(=O)NCc1cccc(Cl)c1)c1ccc2cc(F)ccc2n1,1,COc1ccc([C@H](C)NC(=O)[C@@H]2C[C@@H](O)CN2C(=O)CNC(=O)c2ccc3cc(F)ccc3n2)c(Cl)c1,O=C(NCC(=O)N1CCC[C@H]1C(=O)NCc1ccccc1)c1ccc2ccccc2n1,0.4955094,0.4955,0.7210884,0.7211,0.6604256,-8.8000,1.0000000,1.0000,[],13
2.5574,4.2413,70.9730,0.5876117,O=C(NCC(=O)N1C[C@H](O)C[C@H]1C(=O)N[C@@H](CO)c1cccc(Cl)c1)c1ccc2cc(F)ccc2n1,1,COc1ccc([C@H](C)NC(=O)[C@@H]2C[C@@H](O)CN2C(=O)CNC(=O)c2ccc3cc(F)ccc3n2)c(Cl)c1,O=C(NCC(=O)N1CCC[C@H]1C(=O)NCc1ccccc1)c1ccc2ccccc2n1,0.3782864,0.3783,0.7432432,0.7432,0.6511860,-8.7200,1.0000000,1.0000,[],13
2.5972,4.6734,74.2686,0.6167343,O=C(NCC(=O)N1C[C@H](O)C[C@H]1C(=O)N[C@H](CO)c1cccc(Cl)c1)c1ccc2cc(F)ccc2n1,1,COc1ccc([C@H](C)NC(=O)[C@@H]2C[C@@H](O)CN2C(=O)CNC(=O)c2ccc3cc(F)ccc3n2)c(Cl)c1,O=C(NCC(=O)N1CCC[C@H]1C(=O)NCc1ccccc1)c1ccc2ccccc2n1,0.3782864,0.3783,0.7432432,0.7432,0.7173324,-9.3200,1.0000000,1.0000,[],13
2.0443,8.7137,77.1655,0.6709312,CC(C)C(NC(=O)[C@@H]1C[C@@H](O)CN1C(=O)CNC(=O)c1ccc2cc(F)ccc2n1)c1ccc(Cl)cc1,1,COc1ccc([C@H](C)NC(=O)[C@@H]2C[C@@H](O)CN2C(=O)CNC(=O)c2ccc3cc(F)ccc3n2)c(Cl)c1,O=C(NCC(=O)N1CCC[C@H]1C(=O)NCc1ccccc1)c1ccc2ccccc2n1,0.4374885,0.4375,0.7619048,0.7619,0.7796905,-9.9700,1.0000000,1.0000,[],14
2.2693,4.0491,82.5249,0.6763589,CC(C)C(NC(=O)[C@@H]1C[C@@H](O)CN1C(=O)CNC(=O)c1ccc2cc(F)ccc2n1)c1ccccc1,1,COc1ccc([C@H](C)NC(=O)[C@@H]2C[C@@H](O)CN2C(=O)CNC(=O)c2ccc3cc(F)ccc3n2)c(Cl)c1,O=C(NCC(=O)N1CCC[C@H]1C(=O)NCc1ccccc1)c1ccc2ccccc2n1,0.4695327,0.4695,0.7364865,0.7365,0.7779275,-9.9500,1.0000000,1.0000,[],14
2.6282,4.8186,81.6214,0.6753121,CC(NC(=O)[C@@H]1C[C@@H](O)CN1C(=O)CNC(=O)c1ccc2cc(F)ccc2n1)c1ccc(Cl)cc1,1,COc1ccc([C@H](C)NC(=O)[C@@H]2C[C@@H](O)CN2C(=O)CNC(=O)c2ccc3cc(F)ccc3n2)c(Cl)c1,O=C(NCC(=O)N1CCC[C@H]1C(=O)NCc1ccccc1)c1ccc2ccccc2n1,0.4834885,0.4835,0.8014184,0.8014,0.7326326,-9.4700,1.0000000,1.0000,[],14
2.1043,4.1297,72.0438,0.5951057,COc1ccc(CNC(=O)[C@@H]2C[C@@H](O)CN2C(=O)CNC(=O)c2ccc3cc(F)ccc3n2)cc1,1,COc1ccc([C@H](C)NC(=O)[C@@H]2C[C@@H](O)CN2C(=O)CNC(=O)c2ccc3cc(F)ccc3n2)c(Cl)c1,O=C(NCC(=O)N1CCC[C@H]1C(=O)NCc1ccccc1)c1ccc2ccccc2n1,0.4701237,0.4701,0.7832168,0.7832,0.5836347,-8.1600,1.0000000,1.0000,[],14
2.8533,4.2698,80.8253,0.6648056,C[C@@H](NC(=O)[C@@H]1C[C@@H](O)CN1C(=O)CNC(=O)c1ccc2cc(F)ccc2n1)c1ccc(Cl)cc1,1,COc1ccc([C@H](C)NC(=O)[C@@H]2C[C@@H](O)CN2C(=O)CNC(=O)c2ccc3cc(F)ccc3n2)c(Cl)c1,O=C(NCC(=O)N1CCC[C@H]1C(=O)NCc1ccccc1)c1ccc2ccccc2n1,0.4834885,0.4835,0.8014184,0.8014,0.7100135,-9.2500,1.0000000,1.0000,[],14
2.2350,4.3193,79.5056,0.6548825,O=C(NCC(=O)N1C[C@H](O)C[C@H]1C(=O)NCc1ccc(Cl)c(Cl)c1)c1ccc2cc(F)ccc2n1,1,COc1ccc([C@H](C)NC(=O)[C@@H]2C[C@@H](O)CN2C(=O)CNC(=O)c2ccc3cc(F)ccc3n2)c(Cl)c1,O=C(NCC(=O)N1CCC[C@H]1C(=O)NCc1ccccc1)c1ccc2ccccc2n1,0.4640416,0.4640,0.7114094,0.7114,0.7464290,-9.6100,1.0000000,1.0000,[],14
2.5471,3.8934,81.6967,0.6686721,O=C(NCC(=O)N1C[C@H](O)C[C@H]1C(=O)NCc1ccc(Cl)cc1)c1ccc2cc(F)ccc2n1,1,COc1ccc([C@H](C)NC(=O)[C@@H]2C[C@@H](O)CN2C(=O)CNC(=O)c2ccc3cc(F)ccc3n2)c(Cl)c1,O=C(NCC(=O)N1CCC[C@H]1C(=O)NCc1ccccc1)c1ccc2ccccc2n1,0.4955094,0.4955,0.7260274,0.7260,0.7454593,-9.6000,1.0000000,1.0000,[],14
2.0523,3.2004,77.2229,0.6283072,O=C(NCC(=O)N1C[C@H](O)C[C@H]1C(=O)NCc1cccc(Cl)c1)c1ccc2cc(F)ccc2n1,1,COc1ccc([C@H](C)NC(=O)[C@@H]2C[C@@H](O)CN2C(=O)CNC(=O)c2ccc3cc(F)ccc3n2)c(Cl)c1,O=C(NCC(=O)N1CCC[C@H]1C(=O)NCc1ccccc1)c1ccc2ccccc2n1,0.4955094,0.4955,0.7210884,0.7211,0.6604256,-8.8000,1.0000000,1.0000,[],14
2.5116,4.2413,70.9730,0.5876117,O=C(NCC(=O)N1C[C@H](O)C[C@H]1C(=O)N[C@@H](CO)c1cccc(Cl)c1)c1ccc2cc(F)ccc2n1,1,COc1ccc([C@H](C)NC(=O)[C@@H]2C[C@@H](O)CN2C(=O)CNC(=O)c2ccc3cc(F)ccc3n2)c(Cl)c1,O=C(NCC(=O)N1CCC[C@H]1C(=O)NCc1ccccc1)c1ccc2ccccc2n1,0.3782864,0.3783,0.7432432,0.7432,0.6511860,-8.7200,1.0000000,1.0000,[],14
2.6302,4.6734,74.2686,0.6167343,O=C(NCC(=O)N1C[C@H](O)C[C@H]1C(=O)N[C@H](CO)c1cccc(Cl)c1)c1ccc2cc(F)ccc2n1,1,COc1ccc([C@H](C)NC(=O)[C@@H]2C[C@@H](O)CN2C(=O)CNC(=O)c2ccc3cc(F)ccc3n2)c(Cl)c1,O=C(NCC(=O)N1CCC[C@H]1C(=O)NCc1ccccc1)c1ccc2ccccc2n1,0.3782864,0.3783,0.7432432,0.7432,0.7173324,-9.3200,1.0000000,1.0000,[],14
2.1207,8.7137,77.1655,0.6709312,CC(C)C(NC(=O)[C@@H]1C[C@@H](O)CN1C(=O)CNC(=O)c1ccc2cc(F)ccc2n1)c1ccc(Cl)cc1,1,COc1ccc([C@H](C)NC(=O)[C@@H]2C[C@@H](O)CN2C(=O)CNC(=O)c2ccc3cc(F)ccc3n2)c(Cl)c1,O=C(NCC(=O)N1CCC[C@H]1C(=O)NCc1ccccc1)c1ccc2ccccc2n1,0.4374885,0.4375,0.7619048,0.7619,0.7796905,-9.9700,1.0000000,1.0000,[],15
2.3413,4.0491,82.5249,0.6763589,CC(C)C(NC(=O)[C@@H]1C[C@@H](O)CN1C(=O)CNC(=O)c1ccc2cc(F)ccc2n1)c1ccccc1,1,COc1ccc([C@H](C)NC(=O)[C@@H]2C[C@@H](O)CN2C(=O)CNC(=O)c2ccc3cc(F)ccc3n2)c(Cl)c1,O=C(NCC(=O)N1CCC[C@H]1C(=O)NCc1ccccc1)c1ccc2ccccc2n1,0.4695327,0.4695,0.7364865,0.7365,0.7779275,-9.9500,1.0000000,1.0000,[],15
2.5163,4.8186,81.6214,0.6753121,CC(NC(=O)[C@@H]1C[C@@H](O)CN1C(=O)CNC(=O)c1ccc2cc(F)ccc2n1)c1ccc(Cl)cc1,1,COc1ccc([C@H](C)NC(=O)[C@@H]2C[C@@H](O)CN2C(=O)CNC(=O)c2ccc3cc(F)ccc3n2)c(Cl)c1,O=C(NCC(=O)N1CCC[C@H]1C(=O)NCc1ccccc1)c1ccc2ccccc2n1,0.4834885,0.4835,0.8014184,0.8014,0.7326326,-9.4700,1.0000000,1.0000,[],15
2.0838,4.1297,72.0438,0.5951057,COc1ccc(CNC(=O)[C@@H]2C[C@@H](O)CN2C(=O)CNC(=O)c2ccc3cc(F)ccc3n2)cc1,1,COc1ccc([C@H](C)NC(=O)[C@@H]2C[C@@H](O)CN2C(=O)CNC(=O)c2ccc3cc(F)ccc3n2)c(Cl)c1,O=C(NCC(=O)N1CCC[C@H]1C(=O)NCc1ccccc1)c1ccc2ccccc2n1,0.4701237,0.4701,0.7832168,0.7832,0.5836347,-8.1600,1.0000000,1.0000,[],15
2.8101,4.2698,80.8253,0.6648056,C[C@@H](NC(=O)[C@@H]1C[C@@H](O)CN1C(=O)CNC(=O)c1ccc2cc(F)ccc2n1)c1ccc(Cl)cc1,1,COc1ccc([C@H](C)NC(=O)[C@@H]2C[C@@H](O)CN2C(=O)CNC(=O)c2ccc3cc(F)ccc3n2)c(Cl)c1,O=C(NCC(=O)N1CCC[C@H]1C(=O)NCc1ccccc1)c1ccc2ccccc2n1,0.4834885,0.4835,0.8014184,0.8014,0.7100135,-9.2500,1.0000000,1.0000,[],15
2.1723,4.3193,79.5056,0.6548825,O=C(NCC(=O)N1C[C@H](O)C[C@H]1C(=O)NCc1ccc(Cl)c(Cl)c1)c1ccc2cc(F)ccc2n1,1,COc1ccc([C@H](C)NC(=O)[C@@H]2C[C@@H](O)CN2C(=O)CNC(=O)c2ccc3cc(F)ccc3n2)c(Cl)c1,O=C(NCC(=O)N1CCC[C@H]1C(=O)NCc1ccccc1)c1ccc2ccccc2n1,0.4640416,0.4640,0.7114094,0.7114,0.7464290,-9.6100,1.0000000,1.0000,[],15
2.4931,3.8934,81.6967,0.6686721,O=C(NCC(=O)N1C[C@H](O)C[C@H]1C(=O)NCc1ccc(Cl)cc1)c1ccc2cc(F)ccc2n1,1,COc1ccc([C@H](C)NC(=O)[C@@H]2C[C@@H](O)CN2C(=O)CNC(=O)c2ccc3cc(F)ccc3n2)c(Cl)c1,O=C(NCC(=O)N1CCC[C@H]1C(=O)NCc1ccccc1)c1ccc2ccccc2n1,0.4955094,0.4955,0.7260274,0.7260,0.7454593,-9.6000,1.0000000,1.0000,[],15
2.1821,3.2004,77.2229,0.6283072,O=C(NCC(=O)N1C[C@H](O)C[C@H]1C(=O)NCc1cccc(Cl)c1)c1ccc2cc(F)ccc2n1,1,COc1ccc([C@H](C)NC(=O)[C@@H]2C[C@@H](O)CN2C(=O)CNC(=O)c2ccc3cc(F)ccc3n2)c(Cl)c1,O=C(NCC(=O)N1CCC[C@H]1C(=O)NCc1ccccc1)c1ccc2ccccc2n1,0.4955094,0.4955,0.7210884,0.7211,0.6604256,-8.8000,1.0000000,1.0000,[],15
2.3791,4.2413,70.9730,0.5876117,O=C(NCC(=O)N1C[C@H](O)C[C@H]1C(=O)N[C@@H](CO)c1cccc(Cl)c1)c1ccc2cc(F)ccc2n1,1,COc1ccc([C@H](C)NC(=O)[C@@H]2C[C@@H](O)CN2C(=O)CNC(=O)c2ccc3cc(F)ccc3n2)c(Cl)c1,O=C(NCC(=O)N1CCC[C@H]1C(=O)NCc1ccccc1)c1ccc2ccccc2n1,0.3782864,0.3783,0.7432432,0.7432,0.6511860,-8.7200,1.0000000,1.0000,[],15
2.5260,4.6734,74.2686,0.6167343,O=C(NCC(=O)N1C[C@H](O)C[C@H]1C(=O)N[C@H](CO)c1cccc(Cl)c1)c1ccc2cc(F)ccc2n1,1,COc1ccc([C@H](C)NC(=O)[C@@H]2C[C@@H](O)CN2C(=O)CNC(=O)c2ccc3cc(F)ccc3n2)c(Cl)c1,O=C(NCC(=O)N1CCC[C@H]1C(=O)NCc1ccccc1)c1ccc2ccccc2n1,0.3782864,0.3783,0.7432432,0.7432,0.7173324,-9.3200,1.0000000,1.0000,[],15
2.2727,8.7137,77.1655,0.6709312,CC(C)C(NC(=O)[C@@H]1C[C@@H](O)CN1C(=O)CNC(=O)c1ccc2cc(F)ccc2n1)c1ccc(Cl)cc1,1,COc1ccc([C@H](C)NC(=O)[C@@H]2C[C@@H](O)CN2C(=O)CNC(=O)c2ccc3cc(F)ccc3n2)c(Cl)c1,O=C(NCC(=O)N1CCC[C@H]1C(=O)NCc1ccccc1)c1ccc2ccccc2n1,0.4374885,0.4375,0.7619048,0.7619,0.7796905,-9.9700,1.0000000,1.0000,[],16
2.5030,4.0491,82.5249,0.6763589,CC(C)C(NC(=O)[C@@H]1C[C@@H](O)CN1C(=O)CNC(=O)c1ccc2cc(F)ccc2n1)c1ccccc1,1,COc1ccc([C@H](C)NC(=O)[C@@H]2C[C@@H](O)CN2C(=O)CNC(=O)c2ccc3cc(F)ccc3n2)c(Cl)c1,O=C(NCC(=O)N1CCC[C@H]1C(=O)NCc1ccccc1)c1ccc2ccccc2n1,0.4695327,0.4695,0.7364865,0.7365,0.7779275,-9.9500,1.0000000,1.0000,[],16
2.2805,4.8186,81.6214,0.6753121,CC(NC(=O)[C@@H]1C[C@@H](O)CN1C(=O)CNC(=O)c1ccc2cc(F)ccc2n1)c1ccc(Cl)cc1,1,COc1ccc([C@H](C)NC(=O)[C@@H]2C[C@@H](O)CN2C(=O)CNC(=O)c2ccc3cc(F)ccc3n2)c(Cl)c1,O=C(NCC(=O)N1CCC[C@H]1C(=O)NCc1ccccc1)c1ccc2ccccc2n1,0.4834885,0.4835,0.8014184,0.8014,0.7326326,-9.4700,1.0000000,1.0000,[],16
2.0878,4.1297,72.0438,0.5951057,COc1ccc(CNC(=O)[C@@H]2C[C@@H](O)CN2C(=O)CNC(=O)c2ccc3cc(F)ccc3n2)cc1,1,COc1ccc([C@H](C)NC(=O)[C@@H]2C[C@@H](O)CN2C(=O)CNC(=O)c2ccc3cc(F)ccc3n2)c(Cl)c1,O=C(NCC(=O)N1CCC[C@H]1C(=O)NCc1ccccc1)c1ccc2ccccc2n1,0.4701237,0.4701,0.7832168,0.7832,0.5836347,-8.1600,1.0000000,1.0000,[],16
2.7199,4.2698,80.8253,0.6648056,C[C@@H](NC(=O)[C@@H]1C[C@@H](O)CN1C(=O)CNC(=O)c1ccc2cc(F)ccc2n1)c1ccc(Cl)cc1,1,COc1ccc([C@H](C)NC(=O)[C@@H]2C[C@@H](O)CN2C(=O)CNC(=O)c2ccc3cc(F)ccc3n2)c(Cl)c1,O=C(NCC(=O)N1CCC[C@H]1C(=O)NCc1ccccc1)c1ccc2ccccc2n1,0.4834885,0.4835,0.8014184,0.8014,0.7100135,-9.2500,1.0000000,1.0000,[],16
2.2259,4.3193,79.5056,0.6548825,O=C(NCC(=O)N1C[C@H](O)C[C@H]1C(=O)NCc1ccc(Cl)c(Cl)c1)c1ccc2cc(F)ccc2n1,1,COc1ccc([C@H](C)NC(=O)[C@@H]2C[C@@H](O)CN2C(=O)CNC(=O)c2ccc3cc(F)ccc3n2)c(Cl)c1,O=C(NCC(=O)N1CCC[C@H]1C(=O)NCc1ccccc1)c1ccc2ccccc2n1,0.4640416,0.4640,0.7114094,0.7114,0.7464290,-9.6100,1.0000000,1.0000,[],16
2.3465,3.8934,81.6967,0.6686721,O=C(NCC(=O)N1C[C@H](O)C[C@H]1C(=O)NCc1ccc(Cl)cc1)c1ccc2cc(F)ccc2n1,1,COc1ccc([C@H](C)NC(=O)[C@@H]2C[C@@H](O)CN2C(=O)CNC(=O)c2ccc3cc(F)ccc3n2)c(Cl)c1,O=C(NCC(=O)N1CCC[C@H]1C(=O)NCc1ccccc1)c1ccc2ccccc2n1,0.4955094,0.4955,0.7260274,0.7260,0.7454593,-9.6000,1.0000000,1.0000,[],16
2.3704,3.2004,77.2229,0.6283072,O=C(NCC(=O)N1C[C@H](O)C[C@H]1C(=O)NCc1cccc(Cl)c1)c1ccc2cc(F)ccc2n1,1,COc1ccc([C@H](C)NC(=O)[C@@H]2C[C@@H](O)CN2C(=O)CNC(=O)c2ccc3cc(F)ccc3n2)c(Cl)c1,O=C(NCC(=O)N1CCC[C@H]1C(=O)NCc1ccccc1)c1ccc2ccccc2n1,0.4955094,0.4955,0.7210884,0.7211,0.6604256,-8.8000,1.0000000,1.0000,[],16
2.2506,4.2413,70.9730,0.5876117,O=C(NCC(=O)N1C[C@H](O)C[C@H]1C(=O)N[C@@H](CO)c1cccc(Cl)c1)c1ccc2cc(F)ccc2n1,1,COc1ccc([C@H](C)NC(=O)[C@@H]2C[C@@H](O)CN2C(=O)CNC(=O)c2ccc3cc(F)ccc3n2)c(Cl)c1,O=C(NCC(=O)N1CCC[C@H]1C(=O)NCc1ccccc1)c1ccc2ccccc2n1,0.3782864,0.3783,0.7432432,0.7432,0.6511860,-8.7200,1.0000000,1.0000,[],16
2.3880,4.6734,74.2686,0.6167343,O=C(NCC(=O)N1C[C@H](O)C[C@H]1C(=O)N[C@H](CO)c1cccc(Cl)c1)c1ccc2cc(F)ccc2n1,1,COc1ccc([C@H](C)NC(=O)[C@@H]2C[C@@H](O)CN2C(=O)CNC(=O)c2ccc3cc(F)ccc3n2)c(Cl)c1,O=C(NCC(=O)N1CCC[C@H]1C(=O)NCc1ccccc1)c1ccc2ccccc2n1,0.3782864,0.3783,0.7432432,0.7432,0.7173324,-9.3200,1.0000000,1.0000,[],16
2.3348,8.7137,77.1655,0.6709312,CC(C)C(NC(=O)[C@@H]1C[C@@H](O)CN1C(=O)CNC(=O)c1ccc2cc(F)ccc2n1)c1ccc(Cl)cc1,1,COc1ccc([C@H](C)NC(=O)[C@@H]2C[C@@H](O)CN2C(=O)CNC(=O)c2ccc3cc(F)ccc3n2)c(Cl)c1,O=C(NCC(=O)N1CCC[C@H]1C(=O)NCc1ccccc1)c1ccc2ccccc2n1,0.4374885,0.4375,0.7619048,0.7619,0.7796905,-9.9700,1.0000000,1.0000,[],17
2.5692,4.0491,82.5249,0.6763589,CC(C)C(NC(=O)[C@@H]1C[C@@H](O)CN1C(=O)CNC(=O)c1ccc2cc(F)ccc2n1)c1ccccc1,1,COc1ccc([C@H](C)NC(=O)[C@@H]2C[C@@H](O)CN2C(=O)CNC(=O)c2ccc3cc(F)ccc3n2)c(Cl)c1,O=C(NCC(=O)N1CCC[C@H]1C(=O)NCc1ccccc1)c1ccc2ccccc2n1,0.4695327,0.4695,0.7364865,0.7365,0.7779275,-9.9500,1.0000000,1.0000,[],17
2.1961,4.8186,81.6214,0.6753121,CC(NC(=O)[C@@H]1C[C@@H](O)CN1C(=O)CNC(=O)c1ccc2cc(F)ccc2n1)c1ccc(Cl)cc1,1,COc1ccc([C@H](C)NC(=O)[C@@H]2C[C@@H](O)CN2C(=O)CNC(=O)c2ccc3cc(F)ccc3n2)c(Cl)c1,O=C(NCC(=O)N1CCC[C@H]1C(=O)NCc1ccccc1)c1ccc2ccccc2n1,0.4834885,0.4835,0.8014184,0.8014,0.7326326,-9.4700,1.0000000,1.0000,[],17
2.1152,4.1297,72.0438,0.5951057,COc1ccc(CNC(=O)[C@@H]2C[C@@H](O)CN2C(=O)CNC(=O)c2ccc3cc(F)ccc3n2)cc1,1,COc1ccc([C@H](C)NC(=O)[C@@H]2C[C@@H](O)CN2C(=O)CNC(=O)c2ccc3cc(F)ccc3n2)c(Cl)c1,O=C(NCC(=O)N1CCC[C@H]1C(=O)NCc1ccccc1)c1ccc2ccccc2n1,0.4701237,0.4701,0.7832168,0.7832,0.5836347,-8.1600,1.0000000,1.0000,[],17
2.6118,4.2698,80.8253,0.6648056,C[C@@H](NC(=O)[C@@H]1C[C@@H](O)CN1C(=O)CNC(=O)c1ccc2cc(F)ccc2n1)c1ccc(Cl)cc1,1,COc1ccc([C@H](C)NC(=O)[C@@H]2C[C@@H](O)CN2C(=O)CNC(=O)c2ccc3cc(F)ccc3n2)c(Cl)c1,O=C(NCC(=O)N1CCC[C@H]1C(=O)NCc1ccccc1)c1ccc2ccccc2n1,0.4834885,0.4835,0.8014184,0.8014,0.7100135,-9.2500,1.0000000,1.0000,[],17
2.3218,4.3193,79.5056,0.6548825,O=C(NCC(=O)N1C[C@H](O)C[C@H]1C(=O)NCc1ccc(Cl)c(Cl)c1)c1ccc2cc(F)ccc2n1,1,COc1ccc([C@H](C)NC(=O)[C@@H]2C[C@@H](O)CN2C(=O)CNC(=O)c2ccc3cc(F)ccc3n2)c(Cl)c1,O=C(NCC(=O)N1CCC[C@H]1C(=O)NCc1ccccc1)c1ccc2ccccc2n1,0.4640416,0.4640,0.7114094,0.7114,0.7464290,-9.6100,1.0000000,1.0000,[],17
2.1922,3.8934,81.6967,0.6686721,O=C(NCC(=O)N1C[C@H](O)C[C@H]1C(=O)NCc1ccc(Cl)cc1)c1ccc2cc(F)ccc2n1,1,COc1ccc([C@H](C)NC(=O)[C@@H]2C[C@@H](O)CN2C(=O)CNC(=O)c2ccc3cc(F)ccc3n2)c(Cl)c1,O=C(NCC(=O)N1CCC[C@H]1C(=O)NCc1ccccc1)c1ccc2ccccc2n1,0.4955094,0.4955,0.7260274,0.7260,0.7454593,-9.6000,1.0000000,1.0000,[],17
2.5357,3.2004,77.2229,0.6283072,O=C(NCC(=O)N1C[C@H](O)C[C@H]1C(=O)NCc1cccc(Cl)c1)c1ccc2cc(F)ccc2n1,1,COc1ccc([C@H](C)NC(=O)[C@@H]2C[C@@H](O)CN2C(=O)CNC(=O)c2ccc3cc(F)ccc3n2)c(Cl)c1,O=C(NCC(=O)N1CCC[C@H]1C(=O)NCc1ccccc1)c1ccc2ccccc2n1,0.4955094,0.4955,0.7210884,0.7211,0.6604256,-8.8000,1.0000000,1.0000,[],17
2.2019,4.2413,70.9730,0.5876117,O=C(NCC(=O)N1C[C@H](O)C[C@H]1C(=O)N[C@@H](CO)c1cccc(Cl)c1)c1ccc2cc(F)ccc2n1,1,COc1ccc([C@H](C)NC(=O)[C@@H]2C[C@@H](O)CN2C(=O)CNC(=O)c2ccc3cc(F)ccc3n2)c(Cl)c1,O=C(NCC(=O)N1CCC[C@H]1C(=O)NCc1ccccc1)c1ccc2ccccc2n1,0.3782864,0.3783,0.7432432,0.7432,0.6511860,-8.7200,1.0000000,1.0000,[],17
2.3023,4.6734,74.2686,0.6167343,O=C(NCC(=O)N1C[C@H](O)C[C@H]1C(=O)N[C@H](CO)c1cccc(Cl)c1)c1ccc2cc(F)ccc2n1,1,COc1ccc([C@H](C)NC(=O)[C@@H]2C[C@@H](O)CN2C(=O)CNC(=O)c2ccc3cc(F)ccc3n2)c(Cl)c1,O=C(NCC(=O)N1CCC[C@H]1C(=O)NCc1ccccc1)c1ccc2ccccc2n1,0.3782864,0.3783,0.7432432,0.7432,0.7173324,-9.3200,1.0000000,1.0000,[],17
2.2480,8.7137,77.1655,0.6709312,CC(C)C(NC(=O)[C@@H]1C[C@@H](O)CN1C(=O)CNC(=O)c1ccc2cc(F)ccc2n1)c1ccc(Cl)cc1,1,COc1ccc([C@H](C)NC(=O)[C@@H]2C[C@@H](O)CN2C(=O)CNC(=O)c2ccc3cc(F)ccc3n2)c(Cl)c1,O=C(NCC(=O)N1CCC[C@H]1C(=O)NCc1ccccc1)c1ccc2ccccc2n1,0.4374885,0.4375,0.7619048,0.7619,0.7796905,-9.9700,1.0000000,1.0000,[],18
2.4626,4.0491,82.5249,0.6763589,CC(C)C(NC(=O)[C@@H]1C[C@@H](O)CN1C(=O)CNC(=O)c1ccc2cc(F)ccc2n1)c1ccccc1,1,COc1ccc([C@H](C)NC(=O)[C@@H]2C[C@@H](O)CN2C(=O)CNC(=O)c2ccc3cc(F)ccc3n2)c(Cl)c1,O=C(NCC(=O)N1CCC[C@H]1C(=O)NCc1ccccc1)c1ccc2ccccc2n1,0.4695327,0.4695,0.7364865,0.7365,0.7779275,-9.9500,1.0000000,1.0000,[],18
2.3267,4.8186,81.6214,0.6753121,CC(NC(=O)[C@@H]1C[C@@H](O)CN1C(=O)CNC(=O)c1ccc2cc(F)ccc2n1)c1ccc(Cl)cc1,1,COc1ccc([C@H](C)NC(=O)[C@@H]2C[C@@H](O)CN2C(=O)CNC(=O)c2ccc3cc(F)ccc3n2)c(Cl)c1,O=C(NCC(=O)N1CCC[C@H]1C(=O)NCc1ccccc1)c1ccc2ccccc2n1,0.4834885,0.4835,0.8014184,0.8014,0.7326326,-9.4700,1.0000000,1.0000,[],18
2.1694,4.1297,72.0438,0.5951057,COc1ccc(CNC(=O)[C@@H]2C[C@@H](O)CN2C(=O)CNC(=O)c2ccc3cc(F)ccc3n2)cc1,1,COc1ccc([C@H](C)NC(=O)[C@@H]2C[C@@H](O)CN2C(=O)CNC(=O)c2ccc3cc(F)ccc3n2)c(Cl)c1,O=C(NCC(=O)N1CCC[C@H]1C(=O)NCc1ccccc1)c1ccc2ccccc2n1,0.4701237,0.4701,0.7832168,0.7832,0.5836347,-8.1600,1.0000000,1.0000,[],18
2.4919,4.2698,80.8253,0.6648056,C[C@@H](NC(=O)[C@@H]1C[C@@H](O)CN1C(=O)CNC(=O)c1ccc2cc(F)ccc2n1)c1ccc(Cl)cc1,1,COc1ccc([C@H](C)NC(=O)[C@@H]2C[C@@H](O)CN2C(=O)CNC(=O)c2ccc3cc(F)ccc3n2)c(Cl)c1,O=C(NCC(=O)N1CCC[C@H]1C(=O)NCc1ccccc1)c1ccc2ccccc2n1,0.4834885,0.4835,0.8014184,0.8014,0.7100135,-9.2500,1.0000000,1.0000,[],18
2.3835,4.3193,79.5056,0.6548825,O=C(NCC(=O)N1C[C@H](O)C[C@H]1C(=O)NCc1ccc(Cl)c(Cl)c1)c1ccc2cc(F)ccc2n1,1,COc1ccc([C@H](C)NC(=O)[C@@H]2C[C@@H](O)CN2C(=O)CNC(=O)c2ccc3cc(F)ccc3n2)c(Cl)c1,O=C(NCC(=O)N1CCC[C@H]1C(=O)NCc1ccccc1)c1ccc2ccccc2n1,0.4640416,0.4640,0.7114094,0.7114,0.7464290,-9.6100,1.0000000,1.0000,[],18
2.0465,3.8934,81.6967,0.6686721,O=C(NCC(=O)N1C[C@H](O)C[C@H]1C(=O)NCc1ccc(Cl)cc1)c1ccc2cc(F)ccc2n1,1,COc1ccc([C@H](C)NC(=O)[C@@H]2C[C@@H](O)CN2C(=O)CNC(=O)c2ccc3cc(F)ccc3n2)c(Cl)c1,O=C(NCC(=O)N1CCC[C@H]1C(=O)NCc1ccccc1)c1ccc2ccccc2n1,0.4955094,0.4955,0.7260274,0.7260,0.7454593,-9.6000,1.0000000,1.0000,[],18
2.6190,3.2004,77.2229,0.6283072,O=C(NCC(=O)N1C[C@H](O)C[C@H]1C(=O)NCc1cccc(Cl)c1)c1ccc2cc(F)ccc2n1,1,COc1ccc([C@H](C)NC(=O)[C@@H]2C[C@@H](O)CN2C(=O)CNC(=O)c2ccc3cc(F)ccc3n2)c(Cl)c1,O=C(NCC(=O)N1CCC[C@H]1C(=O)NCc1ccccc1)c1ccc2ccccc2n1,0.4955094,0.4955,0.7210884,0.7211,0.6604256,-8.8000,1.0000000,1.0000,[],18
2.2600,4.2413,70.9730,0.5876117,O=C(NCC(=O)N1C[C@H](O)C[C@H]1C(=O)N[C@@H](CO)c1cccc(Cl)c1)c1ccc2cc(F)ccc2n1,1,COc1ccc([C@H](C)NC(=O)[C@@H]2C[C@@H](O)CN2C(=O)CNC(=O)c2ccc3cc(F)ccc3n2)c(Cl)c1,O=C(NCC(=O)N1CCC[C@H]1C(=O)NCc1ccccc1)c1ccc2ccccc2n1,0.3782864,0.3783,0.7432432,0.7432,0.6511860,-8.7200,1.0000000,1.0000,[],18
2.3020,4.6734,74.2686,0.6167343,O=C(NCC(=O)N1C[C@H](O)C[C@H]1C(=O)N[C@H](CO)c1cccc(Cl)c1)c1ccc2cc(F)ccc2n1,1,COc1ccc([C@H](C)NC(=O)[C@@H]2C[C@@H](O)CN2C(=O)CNC(=O)c2ccc3cc(F)ccc3n2)c(Cl)c1,O=C(NCC(=O)N1CCC[C@H]1C(=O)NCc1ccccc1)c1ccc2ccccc2n1,0.3782864,0.3783,0.7432432,0.7432,0.7173324,-9.3200,1.0000000,1.0000,[],18
2.1643,8.7137,77.1655,0.6709312,CC(C)C(NC(=O)[C@@H]1C[C@@H](O)CN1C(=O)CNC(=O)c1ccc2cc(F)ccc2n1)c1ccc(Cl)cc1,1,COc1ccc([C@H](C)NC(=O)[C@@H]2C[C@@H](O)CN2C(=O)CNC(=O)c2ccc3cc(F)ccc3n2)c(Cl)c1,O=C(NCC(=O)N1CCC[C@H]1C(=O)NCc1ccccc1)c1ccc2ccccc2n1,0.4374885,0.4375,0.7619048,0.7619,0.7796905,-9.9700,1.0000000,1.0000,[],19
2.3354,4.0491,82.5249,0.6763589,CC(C)C(NC(=O)[C@@H]1C[C@@H](O)CN1C(=O)CNC(=O)c1ccc2cc(F)ccc2n1)c1ccccc1,1,COc1ccc([C@H](C)NC(=O)[C@@H]2C[C@@H](O)CN2C(=O)CNC(=O)c2ccc3cc(F)ccc3n2)c(Cl)c1,O=C(NCC(=O)N1CCC[C@H]1C(=O)NCc1ccccc1)c1ccc2ccccc2n1,0.4695327,0.4695,0.7364865,0.7365,0.7779275,-9.9500,1.0000000,1.0000,[],19
2.4674,4.8186,81.6214,0.6753121,CC(NC(=O)[C@@H]1C[C@@H](O)CN1C(=O)CNC(=O)c1ccc2cc(F)ccc2n1)c1ccc(Cl)cc1,1,COc1ccc([C@H](C)NC(=O)[C@@H]2C[C@@H](O)CN2C(=O)CNC(=O)c2ccc3cc(F)ccc3n2)c(Cl)c1,O=C(NCC(=O)N1CCC[C@H]1C(=O)NCc1ccccc1)c1ccc2ccccc2n1,0.4834885,0.4835,0.8014184,0.8014,0.7326326,-9.4700,1.0000000,1.0000,[],19
2.2408,4.1297,72.0438,0.5951057,COc1ccc(CNC(=O)[C@@H]2C[C@@H](O)CN2C(=O)CNC(=O)c2ccc3cc(F)ccc3n2)cc1,1,COc1ccc([C@H](C)NC(=O)[C@@H]2C[C@@H](O)CN2C(=O)CNC(=O)c2ccc3cc(F)ccc3n2)c(Cl)c1,O=C(NCC(=O)N1CCC[C@H]1C(=O)NCc1ccccc1)c1ccc2ccccc2n1,0.4701237,0.4701,0.7832168,0.7832,0.5836347,-8.1600,1.0000000,1.0000,[],19
2.3625,4.2698,80.8253,0.6648056,C[C@@H](NC(=O)[C@@H]1C[C@@H](O)CN1C(=O)CNC(=O)c1ccc2cc(F)ccc2n1)c1ccc(Cl)cc1,1,COc1ccc([C@H](C)NC(=O)[C@@H]2C[C@@H](O)CN2C(=O)CNC(=O)c2ccc3cc(F)ccc3n2)c(Cl)c1,O=C(NCC(=O)N1CCC[C@H]1C(=O)NCc1ccccc1)c1ccc2ccccc2n1,0.4834885,0.4835,0.8014184,0.8014,0.7100135,-9.2500,1.0000000,1.0000,[],19
2.2614,4.3193,79.5056,0.6548825,O=C(NCC(=O)N1C[C@H](O)C[C@H]1C(=O)NCc1ccc(Cl)c(Cl)c1)c1ccc2cc(F)ccc2n1,1,COc1ccc([C@H](C)NC(=O)[C@@H]2C[C@@H](O)CN2C(=O)CNC(=O)c2ccc3cc(F)ccc3n2)c(Cl)c1,O=C(NCC(=O)N1CCC[C@H]1C(=O)NCc1ccccc1)c1ccc2ccccc2n1,0.4640416,0.4640,0.7114094,0.7114,0.7464290,-9.6100,1.0000000,1.0000,[],19
2.0464,3.8934,81.6967,0.6686721,O=C(NCC(=O)N1C[C@H](O)C[C@H]1C(=O)NCc1ccc(Cl)cc1)c1ccc2cc(F)ccc2n1,1,COc1ccc([C@H](C)NC(=O)[C@@H]2C[C@@H](O)CN2C(=O)CNC(=O)c2ccc3cc(F)ccc3n2)c(Cl)c1,O=C(NCC(=O)N1CCC[C@H]1C(=O)NCc1ccccc1)c1ccc2ccccc2n1,0.4955094,0.4955,0.7260274,0.7260,0.7454593,-9.6000,1.0000000,1.0000,[],19
2.6183,3.2004,77.2229,0.6283072,O=C(NCC(=O)N1C[C@H](O)C[C@H]1C(=O)NCc1cccc(Cl)c1)c1ccc2cc(F)ccc2n1,1,COc1ccc([C@H](C)NC(=O)[C@@H]2C[C@@H](O)CN2C(=O)CNC(=O)c2ccc3cc(F)ccc3n2)c(Cl)c1,O=C(NCC(=O)N1CCC[C@H]1C(=O)NCc1ccccc1)c1ccc2ccccc2n1,0.4955094,0.4955,0.7210884,0.7211,0.6604256,-8.8000,1.0000000,1.0000,[],19
2.3960,4.2413,70.9730,0.5876117,O=C(NCC(=O)N1C[C@H](O)C[C@H]1C(=O)N[C@@H](CO)c1cccc(Cl)c1)c1ccc2cc(F)ccc2n1,1,COc1ccc([C@H](C)NC(=O)[C@@H]2C[C@@H](O)CN2C(=O)CNC(=O)c2ccc3cc(F)ccc3n2)c(Cl)c1,O=C(NCC(=O)N1CCC[C@H]1C(=O)NCc1ccccc1)c1ccc2ccccc2n1,0.3782864,0.3783,0.7432432,0.7432,0.6511860,-8.7200,1.0000000,1.0000,[],19
2.3702,4.6734,74.2686,0.6167343,O=C(NCC(=O)N1C[C@H](O)C[C@H]1C(=O)N[C@H](CO)c1cccc(Cl)c1)c1ccc2cc(F)ccc2n1,1,COc1ccc([C@H](C)NC(=O)[C@@H]2C[C@@H](O)CN2C(=O)CNC(=O)c2ccc3cc(F)ccc3n2)c(Cl)c1,O=C(NCC(=O)N1CCC[C@H]1C(=O)NCc1ccccc1)c1ccc2ccccc2n1,0.3782864,0.3783,0.7432432,0.7432,0.7173324,-9.3200,1.0000000,1.0000,[],19
2.1713,8.7137,77.1655,0.6709312,CC(C)C(NC(=O)[C@@H]1C[C@@H](O)CN1C(=O)CNC(=O)c1ccc2cc(F)ccc2n1)c1ccc(Cl)cc1,1,COc1ccc([C@H](C)NC(=O)[C@@H]2C[C@@H](O)CN2C(=O)CNC(=O)c2ccc3cc(F)ccc3n2)c(Cl)c1,O=C(NCC(=O)N1CCC[C@H]1C(=O)NCc1ccccc1)c1ccc2ccccc2n1,0.4374885,0.4375,0.7619048,0.7619,0.7796905,-9.9700,1.0000000,1.0000,[],20
2.2654,4.0491,82.5249,0.6763589,CC(C)C(NC(=O)[C@@H]1C[C@@H](O)CN1C(=O)CNC(=O)c1ccc2cc(F)ccc2n1)c1ccccc1,1,COc1ccc([C@H](C)NC(=O)[C@@H]2C[C@@H](O)CN2C(=O)CNC(=O)c2ccc3cc(F)ccc3n2)c(Cl)c1,O=C(NCC(=O)N1CCC[C@H]1C(=O)NCc1ccccc1)c1ccc2ccccc2n1,0.4695327,0.4695,0.7364865,0.7365,0.7779275,-9.9500,1.0000000,1.0000,[],20
2.4350,4.8186,81.6214,0.6753121,CC(NC(=O)[C@@H]1C[C@@H](O)CN1C(=O)CNC(=O)c1ccc2cc(F)ccc2n1)c1ccc(Cl)cc1,1,COc1ccc([C@H](C)NC(=O)[C@@H]2C[C@@H](O)CN2C(=O)CNC(=O)c2ccc3cc(F)ccc3n2)c(Cl)c1,O=C(NCC(=O)N1CCC[C@H]1C(=O)NCc1ccccc1)c1ccc2ccccc2n1,0.4834885,0.4835,0.8014184,0.8014,0.7326326,-9.4700,1.0000000,1.0000,[],20
2.3249,4.1297,72.0438,0.5951057,COc1ccc(CNC(=O)[C@@H]2C[C@@H](O)CN2C(=O)CNC(=O)c2ccc3cc(F)ccc3n2)cc1,1,COc1ccc([C@H](C)NC(=O)[C@@H]2C[C@@H](O)CN2C(=O)CNC(=O)c2ccc3cc(F)ccc3n2)c(Cl)c1,O=C(NCC(=O)N1CCC[C@H]1C(=O)NCc1ccccc1)c1ccc2ccccc2n1,0.4701237,0.4701,0.7832168,0.7832,0.5836347,-8.1600,1.0000000,1.0000,[],20
2.2378,4.2698,80.8253,0.6648056,C[C@@H](NC(=O)[C@@H]1C[C@@H](O)CN1C(=O)CNC(=O)c1ccc2cc(F)ccc2n1)c1ccc(Cl)cc1,1,COc1ccc([C@H](C)NC(=O)[C@@H]2C[C@@H](O)CN2C(=O)CNC(=O)c2ccc3cc(F)ccc3n2)c(Cl)c1,O=C(NCC(=O)N1CCC[C@H]1C(=O)NCc1ccccc1)c1ccc2ccccc2n1,0.4834885,0.4835,0.8014184,0.8014,0.7100135,-9.2500,1.0000000,1.0000,[],20
2.0793,4.3193,79.5056,0.6548825,O=C(NCC(=O)N1C[C@H](O)C[C@H]1C(=O)NCc1ccc(Cl)c(Cl)c1)c1ccc2cc(F)ccc2n1,1,COc1ccc([C@H](C)NC(=O)[C@@H]2C[C@@H](O)CN2C(=O)CNC(=O)c2ccc3cc(F)ccc3n2)c(Cl)c1,O=C(NCC(=O)N1CCC[C@H]1C(=O)NCc1ccccc1)c1ccc2ccccc2n1,0.4640416,0.4640,0.7114094,0.7114,0.7464290,-9.6100,1.0000000,1.0000,[],20
2.2080,3.8934,81.6967,0.6686721,O=C(NCC(=O)N1C[C@H](O)C[C@H]1C(=O)NCc1ccc(Cl)cc1)c1ccc2cc(F)ccc2n1,1,COc1ccc([C@H](C)NC(=O)[C@@H]2C[C@@H](O)CN2C(=O)CNC(=O)c2ccc3cc(F)ccc3n2)c(Cl)c1,O=C(NCC(=O)N1CCC[C@H]1C(=O)NCc1ccccc1)c1ccc2ccccc2n1,0.4955094,0.4955,0.7260274,0.7260,0.7454593,-9.6000,1.0000000,1.0000,[],20
2.5568,3.2004,77.2229,0.6283072,O=C(NCC(=O)N1C[C@H](O)C[C@H]1C(=O)NCc1cccc(Cl)c1)c1ccc2cc(F)ccc2n1,1,COc1ccc([C@H](C)NC(=O)[C@@H]2C[C@@H](O)CN2C(=O)CNC(=O)c2ccc3cc(F)ccc3n2)c(Cl)c1,O=C(NCC(=O)N1CCC[C@H]1C(=O)NCc1ccccc1)c1ccc2ccccc2n1,0.4955094,0.4955,0.7210884,0.7211,0.6604256,-8.8000,1.0000000,1.0000,[],20
2.5291,4.2413,70.9730,0.5876117,O=C(NCC(=O)N1C[C@H](O)C[C@H]1C(=O)N[C@@H](CO)c1cccc(Cl)c1)c1ccc2cc(F)ccc2n1,1,COc1ccc([C@H](C)NC(=O)[C@@H]2C[C@@H](O)CN2C(=O)CNC(=O)c2ccc3cc(F)ccc3n2)c(Cl)c1,O=C(NCC(=O)N1CCC[C@H]1C(=O)NCc1ccccc1)c1ccc2ccccc2n1,0.3782864,0.3783,0.7432432,0.7432,0.6511860,-8.7200,1.0000000,1.0000,[],20
2.4335,4.6734,74.2686,0.6167343,O=C(NCC(=O)N1C[C@H](O)C[C@H]1C(=O)N[C@H](CO)c1cccc(Cl)c1)c1ccc2cc(F)ccc2n1,1,COc1ccc([C@H](C)NC(=O)[C@@H]2C[C@@H](O)CN2C(=O)CNC(=O)c2ccc3cc(F)ccc3n2)c(Cl)c1,O=C(NCC(=O)N1CCC[C@H]1C(=O)NCc1ccccc1)c1ccc2ccccc2n1,0.3782864,0.3783,0.7432432,0.7432,0.7173324,-9.3200,1.0000000,1.0000,[],20
2.2775,8.7137,77.1655,0.6709312,CC(C)C(NC(=O)[C@@H]1C[C@@H](O)CN1C(=O)CNC(=O)c1ccc2cc(F)ccc2n1)c1ccc(Cl)cc1,1,COc1ccc([C@H](C)NC(=O)[C@@H]2C[C@@H](O)CN2C(=O)CNC(=O)c2ccc3cc(F)ccc3n2)c(Cl)c1,O=C(NCC(=O)N1CCC[C@H]1C(=O)NCc1ccccc1)c1ccc2ccccc2n1,0.4374885,0.4375,0.7619048,0.7619,0.7796905,-9.9700,1.0000000,1.0000,[],21
2.2771,4.0491,82.5249,0.6763589,CC(C)C(NC(=O)[C@@H]1C[C@@H](O)CN1C(=O)CNC(=O)c1ccc2cc(F)ccc2n1)c1ccccc1,1,COc1ccc([C@H](C)NC(=O)[C@@H]2C[C@@H](O)CN2C(=O)CNC(=O)c2ccc3cc(F)ccc3n2)c(Cl)c1,O=C(NCC(=O)N1CCC[C@H]1C(=O)NCc1ccccc1)c1ccc2ccccc2n1,0.4695327,0.4695,0.7364865,0.7365,0.7779275,-9.9500,1.0000000,1.0000,[],21
2.2615,4.8186,81.6214,0.6753121,CC(NC(=O)[C@@H]1C[C@@H](O)CN1C(=O)CNC(=O)c1ccc2cc(F)ccc2n1)c1ccc(Cl)cc1,1,COc1ccc([C@H](C)NC(=O)[C@@H]2C[C@@H](O)CN2C(=O)CNC(=O)c2ccc3cc(F)ccc3n2)c(Cl)c1,O=C(NCC(=O)N1CCC[C@H]1C(=O)NCc1ccccc1)c1ccc2ccccc2n1,0.4834885,0.4835,0.8014184,0.8014,0.7326326,-9.4700,1.0000000,1.0000,[],21
2.4238,4.1297,72.0438,0.5951057,COc1ccc(CNC(=O)[C@@H]2C[C@@H](O)CN2C(=O)CNC(=O)c2ccc3cc(F)ccc3n2)cc1,1,COc1ccc([C@H](C)NC(=O)[C@@H]2C[C@@H](O)CN2C(=O)CNC(=O)c2ccc3cc(F)ccc3n2)c(Cl)c1,O=C(NCC(=O)N1CCC[C@H]1C(=O)NCc1ccccc1)c1ccc2ccccc2n1,0.4701237,0.4701,0.7832168,0.7832,0.5836347,-8.1600,1.0000000,1.0000,[],21
2.1470,4.2698,80.8253,0.6648056,C[C@@H](NC(=O)[C@@H]1C[C@@H](O)CN1C(=O)CNC(=O)c1ccc2cc(F)ccc2n1)c1ccc(Cl)cc1,1,COc1ccc([C@H](C)NC(=O)[C@@H]2C[C@@H](O)CN2C(=O)CNC(=O)c2ccc3cc(F)ccc3n2)c(Cl)c1,O=C(NCC(=O)N1CCC[C@H]1C(=O)NCc1ccccc1)c1ccc2ccccc2n1,0.4834885,0.4835,0.8014184,0.8014,0.7100135,-9.2500,1.0000000,1.0000,[],21
2.0885,4.3193,79.5056,0.6548825,O=C(NCC(=O)N1C[C@H](O)C[C@H]1C(=O)NCc1ccc(Cl)c(Cl)c1)c1ccc2cc(F)ccc2n1,1,COc1ccc([C@H](C)NC(=O)[C@@H]2C[C@@H](O)CN2C(=O)CNC(=O)c2ccc3cc(F)ccc3n2)c(Cl)c1,O=C(NCC(=O)N1CCC[C@H]1C(=O)NCc1ccccc1)c1ccc2ccccc2n1,0.4640416,0.4640,0.7114094,0.7114,0.7464290,-9.6100,1.0000000,1.0000,[],21
2.2905,3.8934,81.6967,0.6686721,O=C(NCC(=O)N1C[C@H](O)C[C@H]1C(=O)NCc1ccc(Cl)cc1)c1ccc2cc(F)ccc2n1,1,COc1ccc([C@H](C)NC(=O)[C@@H]2C[C@@H](O)CN2C(=O)CNC(=O)c2ccc3cc(F)ccc3n2)c(Cl)c1,O=C(NCC(=O)N1CCC[C@H]1C(=O)NCc1ccccc1)c1ccc2ccccc2n1,0.4955094,0.4955,0.7260274,0.7260,0.7454593,-9.6000,1.0000000,1.0000,[],21
2.4448,3.2004,77.2229,0.6283072,O=C(NCC(=O)N1C[C@H](O)C[C@H]1C(=O)NCc1cccc(Cl)c1)c1ccc2cc(F)ccc2n1,1,COc1ccc([C@H](C)NC(=O)[C@@H]2C[C@@H](O)CN2C(=O)CNC(=O)c2ccc3cc(F)ccc3n2)c(Cl)c1,O=C(NCC(=O)N1CCC[C@H]1C(=O)NCc1ccccc1)c1ccc2ccccc2n1,0.4955094,0.4955,0.7210884,0.7211,0.6604256,-8.8000,1.0000000,1.0000,[],21
2.5746,4.2413,70.9730,0.5876117,O=C(NCC(=O)N1C[C@H](O)C[C@H]1C(=O)N[C@@H](CO)c1cccc(Cl)c1)c1ccc2cc(F)ccc2n1,1,COc1ccc([C@H](C)NC(=O)[C@@H]2C[C@@H](O)CN2C(=O)CNC(=O)c2ccc3cc(F)ccc3n2)c(Cl)c1,O=C(NCC(=O)N1CCC[C@H]1C(=O)NCc1ccccc1)c1ccc2ccccc2n1,0.3782864,0.3783,0.7432432,0.7432,0.6511860,-8.7200,1.0000000,1.0000,[],21
2.4268,4.6734,74.2686,0.6167343,O=C(NCC(=O)N1C[C@H](O)C[C@H]1C(=O)N[C@H](CO)c1cccc(Cl)c1)c1ccc2cc(F)ccc2n1,1,COc1ccc([C@H](C)NC(=O)[C@@H]2C[C@@H](O)CN2C(=O)CNC(=O)c2ccc3cc(F)ccc3n2)c(Cl)c1,O=C(NCC(=O)N1CCC[C@H]1C(=O)NCc1ccccc1)c1ccc2ccccc2n1,0.3782864,0.3783,0.7432432,0.7432,0.7173324,-9.3200,1.0000000,1.0000,[],21
2.4210,8.7137,77.1655,0.6709312,CC(C)C(NC(=O)[C@@H]1C[C@@H](O)CN1C(=O)CNC(=O)c1ccc2cc(F)ccc2n1)c1ccc(Cl)cc1,1,COc1ccc([C@H](C)NC(=O)[C@@H]2C[C@@H](O)CN2C(=O)CNC(=O)c2ccc3cc(F)ccc3n2)c(Cl)c1,O=C(NCC(=O)N1CCC[C@H]1C(=O)NCc1ccccc1)c1ccc2ccccc2n1,0.4374885,0.4375,0.7619048,0.7619,0.7796905,-9.9700,1.0000000,1.0000,[],22
2.3037,4.0491,82.5249,0.6763589,CC(C)C(NC(=O)[C@@H]1C[C@@H](O)CN1C(=O)CNC(=O)c1ccc2cc(F)ccc2n1)c1ccccc1,1,COc1ccc([C@H](C)NC(=O)[C@@H]2C[C@@H](O)CN2C(=O)CNC(=O)c2ccc3cc(F)ccc3n2)c(Cl)c1,O=C(NCC(=O)N1CCC[C@H]1C(=O)NCc1ccccc1)c1ccc2ccccc2n1,0.4695327,0.4695,0.7364865,0.7365,0.7779275,-9.9500,1.0000000,1.0000,[],22
2.1549,4.8186,81.6214,0.6753121,CC(NC(=O)[C@@H]1C[C@@H](O)CN1C(=O)CNC(=O)c1ccc2cc(F)ccc2n1)c1ccc(Cl)cc1,1,COc1ccc([C@H](C)NC(=O)[C@@H]2C[C@@H](O)CN2C(=O)CNC(=O)c2ccc3cc(F)ccc3n2)c(Cl)c1,O=C(NCC(=O)N1CCC[C@H]1C(=O)NCc1ccccc1)c1ccc2ccccc2n1,0.4834885,0.4835,0.8014184,0.8014,0.7326326,-9.4700,1.0000000,1.0000,[],22
2.5384,4.1297,72.0438,0.5951057,COc1ccc(CNC(=O)[C@@H]2C[C@@H](O)CN2C(=O)CNC(=O)c2ccc3cc(F)ccc3n2)cc1,1,COc1ccc([C@H](C)NC(=O)[C@@H]2C[C@@H](O)CN2C(=O)CNC(=O)c2ccc3cc(F)ccc3n2)c(Cl)c1,O=C(NCC(=O)N1CCC[C@H]1C(=O)NCc1ccccc1)c1ccc2ccccc2n1,0.4701237,0.4701,0.7832168,0.7832,0.5836347,-8.1600,1.0000000,1.0000,[],22
2.1088,4.2698,80.8253,0.6648056,C[C@@H](NC(=O)[C@@H]1C[C@@H](O)CN1C(=O)CNC(=O)c1ccc2cc(F)ccc2n1)c1ccc(Cl)cc1,1,COc1ccc([C@H](C)NC(=O)[C@@H]2C[C@@H](O)CN2C(=O)CNC(=O)c2ccc3cc(F)ccc3n2)c(Cl)c1,O=C(NCC(=O)N1CCC[C@H]1C(=O)NCc1ccccc1)c1ccc2ccccc2n1,0.4834885,0.4835,0.8014184,0.8014,0.7100135,-9.2500,1.0000000,1.0000,[],22
2.3037,4.3193,79.5056,0.6548825,O=C(NCC(=O)N1C[C@H](O)C[C@H]1C(=O)NCc1ccc(Cl)c(Cl)c1)c1ccc2cc(F)ccc2n1,1,COc1ccc([C@H](C)NC(=O)[C@@H]2C[C@@H](O)CN2C(=O)CNC(=O)c2ccc3cc(F)ccc3n2)c(Cl)c1,O=C(NCC(=O)N1CCC[C@H]1C(=O)NCc1ccccc1)c1ccc2ccccc2n1,0.4640416,0.4640,0.7114094,0.7114,0.7464290,-9.6100,1.0000000,1.0000,[],22
2.2181,3.8934,81.6967,0.6686721,O=C(NCC(=O)N1C[C@H](O)C[C@H]1C(=O)NCc1ccc(Cl)cc1)c1ccc2cc(F)ccc2n1,1,COc1ccc([C@H](C)NC(=O)[C@@H]2C[C@@H](O)CN2C(=O)CNC(=O)c2ccc3cc(F)ccc3n2)c(Cl)c1,O=C(NCC(=O)N1CCC[C@H]1C(=O)NCc1ccccc1)c1ccc2ccccc2n1,0.4955094,0.4955,0.7260274,0.7260,0.7454593,-9.6000,1.0000000,1.0000,[],22
2.3045,3.2004,77.2229,0.6283072,O=C(NCC(=O)N1C[C@H](O)C[C@H]1C(=O)NCc1cccc(Cl)c1)c1ccc2cc(F)ccc2n1,1,COc1ccc([C@H](C)NC(=O)[C@@H]2C[C@@H](O)CN2C(=O)CNC(=O)c2ccc3cc(F)ccc3n2)c(Cl)c1,O=C(NCC(=O)N1CCC[C@H]1C(=O)NCc1ccccc1)c1ccc2ccccc2n1,0.4955094,0.4955,0.7210884,0.7211,0.6604256,-8.8000,1.0000000,1.0000,[],22
2.5046,4.2413,70.9730,0.5876117,O=C(NCC(=O)N1C[C@H](O)C[C@H]1C(=O)N[C@@H](CO)c1cccc(Cl)c1)c1ccc2cc(F)ccc2n1,1,COc1ccc([C@H](C)NC(=O)[C@@H]2C[C@@H](O)CN2C(=O)CNC(=O)c2ccc3cc(F)ccc3n2)c(Cl)c1,O=C(NCC(=O)N1CCC[C@H]1C(=O)NCc1ccccc1)c1ccc2ccccc2n1,0.3782864,0.3783,0.7432432,0.7432,0.6511860,-8.7200,1.0000000,1.0000,[],22
2.3341,4.6734,74.2686,0.6167343,O=C(NCC(=O)N1C[C@H](O)C[C@H]1C(=O)N[C@H](CO)c1cccc(Cl)c1)c1ccc2cc(F)ccc2n1,1,COc1ccc([C@H](C)NC(=O)[C@@H]2C[C@@H](O)CN2C(=O)CNC(=O)c2ccc3cc(F)ccc3n2)c(Cl)c1,O=C(NCC(=O)N1CCC[C@H]1C(=O)NCc1ccccc1)c1ccc2ccccc2n1,0.3782864,0.3783,0.7432432,0.7432,0.7173324,-9.3200,1.0000000,1.0000,[],22
2.4942,8.7137,77.1655,0.6709312,CC(C)C(NC(=O)[C@@H]1C[C@@H](O)CN1C(=O)CNC(=O)c1ccc2cc(F)ccc2n1)c1ccc(Cl)cc1,1,COc1ccc([C@H](C)NC(=O)[C@@H]2C[C@@H](O)CN2C(=O)CNC(=O)c2ccc3cc(F)ccc3n2)c(Cl)c1,O=C(NCC(=O)N1CCC[C@H]1C(=O)NCc1ccccc1)c1ccc2ccccc2n1,0.4374885,0.4375,0.7619048,0.7619,0.7796905,-9.9700,1.0000000,1.0000,[],23
2.2465,4.0491,82.5249,0.6763589,CC(C)C(NC(=O)[C@@H]1C[C@@H](O)CN1C(=O)CNC(=O)c1ccc2cc(F)ccc2n1)c1ccccc1,1,COc1ccc([C@H](C)NC(=O)[C@@H]2C[C@@H](O)CN2C(=O)CNC(=O)c2ccc3cc(F)ccc3n2)c(Cl)c1,O=C(NCC(=O)N1CCC[C@H]1C(=O)NCc1ccccc1)c1ccc2ccccc2n1,0.4695327,0.4695,0.7364865,0.7365,0.7779275,-9.9500,1.0000000,1.0000,[],23
2.2260,4.8186,81.6214,0.6753121,CC(NC(=O)[C@@H]1C[C@@H](O)CN1C(=O)CNC(=O)c1ccc2cc(F)ccc2n1)c1ccc(Cl)cc1,1,COc1ccc([C@H](C)NC(=O)[C@@H]2C[C@@H](O)CN2C(=O)CNC(=O)c2ccc3cc(F)ccc3n2)c(Cl)c1,O=C(NCC(=O)N1CCC[C@H]1C(=O)NCc1ccccc1)c1ccc2ccccc2n1,0.4834885,0.4835,0.8014184,0.8014,0.7326326,-9.4700,1.0000000,1.0000,[],23
2.6412,4.1297,72.0438,0.5951057,COc1ccc(CNC(=O)[C@@H]2C[C@@H](O)CN2C(=O)CNC(=O)c2ccc3cc(F)ccc3n2)cc1,1,COc1ccc([C@H](C)NC(=O)[C@@H]2C[C@@H](O)CN2C(=O)CNC(=O)c2ccc3cc(F)ccc3n2)c(Cl)c1,O=C(NCC(=O)N1CCC[C@H]1C(=O)NCc1ccccc1)c1ccc2ccccc2n1,0.4701237,0.4701,0.7832168,0.7832,0.5836347,-8.1600,1.0000000,1.0000,[],23
2.1159,4.2698,80.8253,0.6648056,C[C@@H](NC(=O)[C@@H]1C[C@@H](O)CN1C(=O)CNC(=O)c1ccc2cc(F)ccc2n1)c1ccc(Cl)cc1,1,COc1ccc([C@H](C)NC(=O)[C@@H]2C[C@@H](O)CN2C(=O)CNC(=O)c2ccc3cc(F)ccc3n2)c(Cl)c1,O=C(NCC(=O)N1CCC[C@H]1C(=O)NCc1ccccc1)c1ccc2ccccc2n1,0.4834885,0.4835,0.8014184,0.8014,0.7100135,-9.2500,1.0000000,1.0000,[],23
2.4591,4.3193,79.5056,0.6548825,O=C(NCC(=O)N1C[C@H](O)C[C@H]1C(=O)NCc1ccc(Cl)c(Cl)c1)c1ccc2cc(F)ccc2n1,1,COc1ccc([C@H](C)NC(=O)[C@@H]2C[C@@H](O)CN2C(=O)CNC(=O)c2ccc3cc(F)ccc3n2)c(Cl)c1,O=C(NCC(=O)N1CCC[C@H]1C(=O)NCc1ccccc1)c1ccc2ccccc2n1,0.4640416,0.4640,0.7114094,0.7114,0.7464290,-9.6100,1.0000000,1.0000,[],23
2.2255,3.8934,81.6967,0.6686721,O=C(NCC(=O)N1C[C@H](O)C[C@H]1C(=O)NCc1ccc(Cl)cc1)c1ccc2cc(F)ccc2n1,1,COc1ccc([C@H](C)NC(=O)[C@@H]2C[C@@H](O)CN2C(=O)CNC(=O)c2ccc3cc(F)ccc3n2)c(Cl)c1,O=C(NCC(=O)N1CCC[C@H]1C(=O)NCc1ccccc1)c1ccc2ccccc2n1,0.4955094,0.4955,0.7260274,0.7260,0.7454593,-9.6000,1.0000000,1.0000,[],23
2.1968,3.2004,77.2229,0.6283072,O=C(NCC(=O)N1C[C@H](O)C[C@H]1C(=O)NCc1cccc(Cl)c1)c1ccc2cc(F)ccc2n1,1,COc1ccc([C@H](C)NC(=O)[C@@H]2C[C@@H](O)CN2C(=O)CNC(=O)c2ccc3cc(F)ccc3n2)c(Cl)c1,O=C(NCC(=O)N1CCC[C@H]1C(=O)NCc1ccccc1)c1ccc2ccccc2n1,0.4955094,0.4955,0.7210884,0.7211,0.6604256,-8.8000,1.0000000,1.0000,[],23
2.3844,4.2413,70.9730,0.5876117,O=C(NCC(=O)N1C[C@H](O)C[C@H]1C(=O)N[C@@H](CO)c1cccc(Cl)c1)c1ccc2cc(F)ccc2n1,1,COc1ccc([C@H](C)NC(=O)[C@@H]2C[C@@H](O)CN2C(=O)CNC(=O)c2ccc3cc(F)ccc3n2)c(Cl)c1,O=C(NCC(=O)N1CCC[C@H]1C(=O)NCc1ccccc1)c1ccc2ccccc2n1,0.3782864,0.3783,0.7432432,0.7432,0.6511860,-8.7200,1.0000000,1.0000,[],23
2.2234,4.6734,74.2686,0.6167343,O=C(NCC(=O)N1C[C@H](O)C[C@H]1C(=O)N[C@H](CO)c1cccc(Cl)c1)c1ccc2cc(F)ccc2n1,1,COc1ccc([C@H](C)NC(=O)[C@@H]2C[C@@H](O)CN2C(=O)CNC(=O)c2ccc3cc(F)ccc3n2)c(Cl)c1,O=C(NCC(=O)N1CCC[C@H]1C(=O)NCc1ccccc1)c1ccc2ccccc2n1,0.3782864,0.3783,0.7432432,0.7432,0.7173324,-9.3200,1.0000000,1.0000,[],23
2.4774,8.7137,77.1655,0.6709312,CC(C)C(NC(=O)[C@@H]1C[C@@H](O)CN1C(=O)CNC(=O)c1ccc2cc(F)ccc2n1)c1ccc(Cl)cc1,1,COc1ccc([C@H](C)NC(=O)[C@@H]2C[C@@H](O)CN2C(=O)CNC(=O)c2ccc3cc(F)ccc3n2)c(Cl)c1,O=C(NCC(=O)N1CCC[C@H]1C(=O)NCc1ccccc1)c1ccc2ccccc2n1,0.4374885,0.4375,0.7619048,0.7619,0.7796905,-9.9700,1.0000000,1.0000,[],24
2.1480,4.0491,82.5249,0.6763589,CC(C)C(NC(=O)[C@@H]1C[C@@H](O)CN1C(=O)CNC(=O)c1ccc2cc(F)ccc2n1)c1ccccc1,1,COc1ccc([C@H](C)NC(=O)[C@@H]2C[C@@H](O)CN2C(=O)CNC(=O)c2ccc3cc(F)ccc3n2)c(Cl)c1,O=C(NCC(=O)N1CCC[C@H]1C(=O)NCc1ccccc1)c1ccc2ccccc2n1,0.4695327,0.4695,0.7364865,0.7365,0.7779275,-9.9500,1.0000000,1.0000,[],24
2.3756,4.8186,81.6214,0.6753121,CC(NC(=O)[C@@H]1C[C@@H](O)CN1C(=O)CNC(=O)c1ccc2cc(F)ccc2n1)c1ccc(Cl)cc1,1,COc1ccc([C@H](C)NC(=O)[C@@H]2C[C@@H](O)CN2C(=O)CNC(=O)c2ccc3cc(F)ccc3n2)c(Cl)c1,O=C(NCC(=O)N1CCC[C@H]1C(=O)NCc1ccccc1)c1ccc2ccccc2n1,0.4834885,0.4835,0.8014184,0.8014,0.7326326,-9.4700,1.0000000,1.0000,[],24
2.7012,4.1297,72.0438,0.5951057,COc1ccc(CNC(=O)[C@@H]2C[C@@H](O)CN2C(=O)CNC(=O)c2ccc3cc(F)ccc3n2)cc1,1,COc1ccc([C@H](C)NC(=O)[C@@H]2C[C@@H](O)CN2C(=O)CNC(=O)c2ccc3cc(F)ccc3n2)c(Cl)c1,O=C(NCC(=O)N1CCC[C@H]1C(=O)NCc1ccccc1)c1ccc2ccccc2n1,0.4701237,0.4701,0.7832168,0.7832,0.5836347,-8.1600,1.0000000,1.0000,[],24
2.1313,4.2698,80.8253,0.6648056,C[C@@H](NC(=O)[C@@H]1C[C@@H](O)CN1C(=O)CNC(=O)c1ccc2cc(F)ccc2n1)c1ccc(Cl)cc1,1,COc1ccc([C@H](C)NC(=O)[C@@H]2C[C@@H](O)CN2C(=O)CNC(=O)c2ccc3cc(F)ccc3n2)c(Cl)c1,O=C(NCC(=O)N1CCC[C@H]1C(=O)NCc1ccccc1)c1ccc2ccccc2n1,0.4834885,0.4835,0.8014184,0.8014,0.7100135,-9.2500,1.0000000,1.0000,[],24
2.3947,4.3193,79.5056,0.6548825,O=C(NCC(=O)N1C[C@H](O)C[C@H]1C(=O)NCc1ccc(Cl)c(Cl)c1)c1ccc2cc(F)ccc2n1,1,COc1ccc([C@H](C)NC(=O)[C@@H]2C[C@@H](O)CN2C(=O)CNC(=O)c2ccc3cc(F)ccc3n2)c(Cl)c1,O=C(NCC(=O)N1CCC[C@H]1C(=O)NCc1ccccc1)c1ccc2ccccc2n1,0.4640416,0.4640,0.7114094,0.7114,0.7464290,-9.6100,1.0000000,1.0000,[],24
2.3681,3.8934,81.6967,0.6686721,O=C(NCC(=O)N1C[C@H](O)C[C@H]1C(=O)NCc1ccc(Cl)cc1)c1ccc2cc(F)ccc2n1,1,COc1ccc([C@H](C)NC(=O)[C@@H]2C[C@@H](O)CN2C(=O)CNC(=O)c2ccc3cc(F)ccc3n2)c(Cl)c1,O=C(NCC(=O)N1CCC[C@H]1C(=O)NCc1ccccc1)c1ccc2ccccc2n1,0.4955094,0.4955,0.7260274,0.7260,0.7454593,-9.6000,1.0000000,1.0000,[],24
2.1378,3.2004,77.2229,0.6283072,O=C(NCC(=O)N1C[C@H](O)C[C@H]1C(=O)NCc1cccc(Cl)c1)c1ccc2cc(F)ccc2n1,1,COc1ccc([C@H](C)NC(=O)[C@@H]2C[C@@H](O)CN2C(=O)CNC(=O)c2ccc3cc(F)ccc3n2)c(Cl)c1,O=C(NCC(=O)N1CCC[C@H]1C(=O)NCc1ccccc1)c1ccc2ccccc2n1,0.4955094,0.4955,0.7210884,0.7211,0.6604256,-8.8000,1.0000000,1.0000,[],24
2.3077,4.2413,70.9730,0.5876117,O=C(NCC(=O)N1C[C@H](O)C[C@H]1C(=O)N[C@@H](CO)c1cccc(Cl)c1)c1ccc2cc(F)ccc2n1,1,COc1ccc([C@H](C)NC(=O)[C@@H]2C[C@@H](O)CN2C(=O)CNC(=O)c2ccc3cc(F)ccc3n2)c(Cl)c1,O=C(NCC(=O)N1CCC[C@H]1C(=O)NCc1ccccc1)c1ccc2ccccc2n1,0.3782864,0.3783,0.7432432,0.7432,0.6511860,-8.7200,1.0000000,1.0000,[],24
2.1876,4.6734,74.2686,0.6167343,O=C(NCC(=O)N1C[C@H](O)C[C@H]1C(=O)N[C@H](CO)c1cccc(Cl)c1)c1ccc2cc(F)ccc2n1,1,COc1ccc([C@H](C)NC(=O)[C@@H]2C[C@@H](O)CN2C(=O)CNC(=O)c2ccc3cc(F)ccc3n2)c(Cl)c1,O=C(NCC(=O)N1CCC[C@H]1C(=O)NCc1ccccc1)c1ccc2ccccc2n1,0.3782864,0.3783,0.7432432,0.7432,0.7173324,-9.3200,1.0000000,1.0000,[],24
2.4351,8.7137,77.1655,0.6709312,CC(C)C(NC(=O)[C@@H]1C[C@@H](O)CN1C(=O)CNC(=O)c1ccc2cc(F)ccc2n1)c1ccc(Cl)cc1,1,COc1ccc([C@H](C)NC(=O)[C@@H]2C[C@@H](O)CN2C(=O)CNC(=O)c2ccc3cc(F)ccc3n2)c(Cl)c1,O=C(NCC(=O)N1CCC[C@H]1C(=O)NCc1ccccc1)c1ccc2ccccc2n1,0.4374885,0.4375,0.7619048,0.7619,0.7796905,-9.9700,1.0000000,1.0000,[],25
2.1038,4.0491,82.5249,0.6763589,CC(C)C(NC(=O)[C@@H]1C[C@@H](O)CN1C(=O)CNC(=O)c1ccc2cc(F)ccc2n1)c1ccccc1,1,COc1ccc([C@H](C)NC(=O)[C@@H]2C[C@@H](O)CN2C(=O)CNC(=O)c2ccc3cc(F)ccc3n2)c(Cl)c1,O=C(NCC(=O)N1CCC[C@H]1C(=O)NCc1ccccc1)c1ccc2ccccc2n1,0.4695327,0.4695,0.7364865,0.7365,0.7779275,-9.9500,1.0000000,1.0000,[],25
2.3754,4.8186,81.6214,0.6753121,CC(NC(=O)[C@@H]1C[C@@H](O)CN1C(=O)CNC(=O)c1ccc2cc(F)ccc2n1)c1ccc(Cl)cc1,1,COc1ccc([C@H](C)NC(=O)[C@@H]2C[C@@H](O)CN2C(=O)CNC(=O)c2ccc3cc(F)ccc3n2)c(Cl)c1,O=C(NCC(=O)N1CCC[C@H]1C(=O)NCc1ccccc1)c1ccc2ccccc2n1,0.4834885,0.4835,0.8014184,0.8014,0.7326326,-9.4700,1.0000000,1.0000,[],25
2.6900,4.1297,72.0438,0.5951057,COc1ccc(CNC(=O)[C@@H]2C[C@@H](O)CN2C(=O)CNC(=O)c2ccc3cc(F)ccc3n2)cc1,1,COc1ccc([C@H](C)NC(=O)[C@@H]2C[C@@H](O)CN2C(=O)CNC(=O)c2ccc3cc(F)ccc3n2)c(Cl)c1,O=C(NCC(=O)N1CCC[C@H]1C(=O)NCc1ccccc1)c1ccc2ccccc2n1,0.4701237,0.4701,0.7832168,0.7832,0.5836347,-8.1600,1.0000000,1.0000,[],25
2.1219,4.2698,80.8253,0.6648056,C[C@@H](NC(=O)[C@@H]1C[C@@H](O)CN1C(=O)CNC(=O)c1ccc2cc(F)ccc2n1)c1ccc(Cl)cc1,1,COc1ccc([C@H](C)NC(=O)[C@@H]2C[C@@H](O)CN2C(=O)CNC(=O)c2ccc3cc(F)ccc3n2)c(Cl)c1,O=C(NCC(=O)N1CCC[C@H]1C(=O)NCc1ccccc1)c1ccc2ccccc2n1,0.4834885,0.4835,0.8014184,0.8014,0.7100135,-9.2500,1.0000000,1.0000,[],25
2.3073,4.3193,79.5056,0.6548825,O=C(NCC(=O)N1C[C@H](O)C[C@H]1C(=O)NCc1ccc(Cl)c(Cl)c1)c1ccc2cc(F)ccc2n1,1,COc1ccc([C@H](C)NC(=O)[C@@H]2C[C@@H](O)CN2C(=O)CNC(=O)c2ccc3cc(F)ccc3n2)c(Cl)c1,O=C(NCC(=O)N1CCC[C@H]1C(=O)NCc1ccccc1)c1ccc2ccccc2n1,0.4640416,0.4640,0.7114094,0.7114,0.7464290,-9.6100,1.0000000,1.0000,[],25
2.4652,3.8934,81.6967,0.6686721,O=C(NCC(=O)N1C[C@H](O)C[C@H]1C(=O)NCc1ccc(Cl)cc1)c1ccc2cc(F)ccc2n1,1,COc1ccc([C@H](C)NC(=O)[C@@H]2C[C@@H](O)CN2C(=O)CNC(=O)c2ccc3cc(F)ccc3n2)c(Cl)c1,O=C(NCC(=O)N1CCC[C@H]1C(=O)NCc1ccccc1)c1ccc2ccccc2n1,0.4955094,0.4955,0.7260274,0.7260,0.7454593,-9.6000,1.0000000,1.0000,[],25
2.1337,3.2004,77.2229,0.6283072,O=C(NCC(=O)N1C[C@H](O)C[C@H]1C(=O)NCc1cccc(Cl)c1)c1ccc2cc(F)ccc2n1,1,COc1ccc([C@H](C)NC(=O)[C@@H]2C[C@@H](O)CN2C(=O)CNC(=O)c2ccc3cc(F)ccc3n2)c(Cl)c1,O=C(NCC(=O)N1CCC[C@H]1C(=O)NCc1ccccc1)c1ccc2ccccc2n1,0.4955094,0.4955,0.7210884,0.7211,0.6604256,-8.8000,1.0000000,1.0000,[],25
2.3283,4.2413,70.9730,0.5876117,O=C(NCC(=O)N1C[C@H](O)C[C@H]1C(=O)N[C@@H](CO)c1cccc(Cl)c1)c1ccc2cc(F)ccc2n1,1,COc1ccc([C@H](C)NC(=O)[C@@H]2C[C@@H](O)CN2C(=O)CNC(=O)c2ccc3cc(F)ccc3n2)c(Cl)c1,O=C(NCC(=O)N1CCC[C@H]1C(=O)NCc1ccccc1)c1ccc2ccccc2n1,0.3782864,0.3783,0.7432432,0.7432,0.6511860,-8.7200,1.0000000,1.0000,[],25
2.2660,4.6734,74.2686,0.6167343,O=C(NCC(=O)N1C[C@H](O)C[C@H]1C(=O)N[C@H](CO)c1cccc(Cl)c1)c1ccc2cc(F)ccc2n1,1,COc1ccc([C@H](C)NC(=O)[C@@H]2C[C@@H](O)CN2C(=O)CNC(=O)c2ccc3cc(F)ccc3n2)c(Cl)c1,O=C(NCC(=O)N1CCC[C@H]1C(=O)NCc1ccccc1)c1ccc2ccccc2n1,0.3782864,0.3783,0.7432432,0.7432,0.7173324,-9.3200,1.0000000,1.0000,[],25
2.4088,8.7137,77.1655,0.6709312,CC(C)C(NC(=O)[C@@H]1C[C@@H](O)CN1C(=O)CNC(=O)c1ccc2cc(F)ccc2n1)c1ccc(Cl)cc1,1,COc1ccc([C@H](C)NC(=O)[C@@H]2C[C@@H](O)CN2C(=O)CNC(=O)c2ccc3cc(F)ccc3n2)c(Cl)c1,O=C(NCC(=O)N1CCC[C@H]1C(=O)NCc1ccccc1)c1ccc2ccccc2n1,0.4374885,0.4375,0.7619048,0.7619,0.7796905,-9.9700,1.0000000,1.0000,[],26
2.1441,4.0491,82.5249,0.6763589,CC(C)C(NC(=O)[C@@H]1C[C@@H](O)CN1C(=O)CNC(=O)c1ccc2cc(F)ccc2n1)c1ccccc1,1,COc1ccc([C@H](C)NC(=O)[C@@H]2C[C@@H](O)CN2C(=O)CNC(=O)c2ccc3cc(F)ccc3n2)c(Cl)c1,O=C(NCC(=O)N1CCC[C@H]1C(=O)NCc1ccccc1)c1ccc2ccccc2n1,0.4695327,0.4695,0.7364865,0.7365,0.7779275,-9.9500,1.0000000,1.0000,[],26
2.2098,4.8186,81.6214,0.6753121,CC(NC(=O)[C@@H]1C[C@@H](O)CN1C(=O)CNC(=O)c1ccc2cc(F)ccc2n1)c1ccc(Cl)cc1,1,COc1ccc([C@H](C)NC(=O)[C@@H]2C[C@@H](O)CN2C(=O)CNC(=O)c2ccc3cc(F)ccc3n2)c(Cl)c1,O=C(NCC(=O)N1CCC[C@H]1C(=O)NCc1ccccc1)c1ccc2ccccc2n1,0.4834885,0.4835,0.8014184,0.8014,0.7326326,-9.4700,1.0000000,1.0000,[],26
2.6248,4.1297,72.0438,0.5951057,COc1ccc(CNC(=O)[C@@H]2C[C@@H](O)CN2C(=O)CNC(=O)c2ccc3cc(F)ccc3n2)cc1,1,COc1ccc([C@H](C)NC(=O)[C@@H]2C[C@@H](O)CN2C(=O)CNC(=O)c2ccc3cc(F)ccc3n2)c(Cl)c1,O=C(NCC(=O)N1CCC[C@H]1C(=O)NCc1ccccc1)c1ccc2ccccc2n1,0.4701237,0.4701,0.7832168,0.7832,0.5836347,-8.1600,1.0000000,1.0000,[],26
2.1046,4.2698,80.8253,0.6648056,C[C@@H](NC(=O)[C@@H]1C[C@@H](O)CN1C(=O)CNC(=O)c1ccc2cc(F)ccc2n1)c1ccc(Cl)cc1,1,COc1ccc([C@H](C)NC(=O)[C@@H]2C[C@@H](O)CN2C(=O)CNC(=O)c2ccc3cc(F)ccc3n2)c(Cl)c1,O=C(NCC(=O)N1CCC[C@H]1C(=O)NCc1ccccc1)c1ccc2ccccc2n1,0.4834885,0.4835,0.8014184,0.8014,0.7100135,-9.2500,1.0000000,1.0000,[],26
2.3527,4.3193,79.5056,0.6548825,O=C(NCC(=O)N1C[C@H](O)C[C@H]1C(=O)NCc1ccc(Cl)c(Cl)c1)c1ccc2cc(F)ccc2n1,1,COc1ccc([C@H](C)NC(=O)[C@@H]2C[C@@H](O)CN2C(=O)CNC(=O)c2ccc3cc(F)ccc3n2)c(Cl)c1,O=C(NCC(=O)N1CCC[C@H]1C(=O)NCc1ccccc1)c1ccc2ccccc2n1,0.4640416,0.4640,0.7114094,0.7114,0.7464290,-9.6100,1.0000000,1.0000,[],26
2.3371,3.8934,81.6967,0.6686721,O=C(NCC(=O)N1C[C@H](O)C[C@H]1C(=O)NCc1ccc(Cl)cc1)c1ccc2cc(F)ccc2n1,1,COc1ccc([C@H](C)NC(=O)[C@@H]2C[C@@H](O)CN2C(=O)CNC(=O)c2ccc3cc(F)ccc3n2)c(Cl)c1,O=C(NCC(=O)N1CCC[C@H]1C(=O)NCc1ccccc1)c1ccc2ccccc2n1,0.4955094,0.4955,0.7260274,0.7260,0.7454593,-9.6000,1.0000000,1.0000,[],26
2.1933,3.2004,77.2229,0.6283072,O=C(NCC(=O)N1C[C@H](O)C[C@H]1C(=O)NCc1cccc(Cl)c1)c1ccc2cc(F)ccc2n1,1,COc1ccc([C@H](C)NC(=O)[C@@H]2C[C@@H](O)CN2C(=O)CNC(=O)c2ccc3cc(F)ccc3n2)c(Cl)c1,O=C(NCC(=O)N1CCC[C@H]1C(=O)NCc1ccccc1)c1ccc2ccccc2n1,0.4955094,0.4955,0.7210884,0.7211,0.6604256,-8.8000,1.0000000,1.0000,[],26
2.4087,4.2413,70.9730,0.5876117,O=C(NCC(=O)N1C[C@H](O)C[C@H]1C(=O)N[C@@H](CO)c1cccc(Cl)c1)c1ccc2cc(F)ccc2n1,1,COc1ccc([C@H](C)NC(=O)[C@@H]2C[C@@H](O)CN2C(=O)CNC(=O)c2ccc3cc(F)ccc3n2)c(Cl)c1,O=C(NCC(=O)N1CCC[C@H]1C(=O)NCc1ccccc1)c1ccc2ccccc2n1,0.3782864,0.3783,0.7432432,0.7432,0.6511860,-8.7200,1.0000000,1.0000,[],26
2.4048,4.6734,74.2686,0.6167343,O=C(NCC(=O)N1C[C@H](O)C[C@H]1C(=O)N[C@H](CO)c1cccc(Cl)c1)c1ccc2cc(F)ccc2n1,1,COc1ccc([C@H](C)NC(=O)[C@@H]2C[C@@H](O)CN2C(=O)CNC(=O)c2ccc3cc(F)ccc3n2)c(Cl)c1,O=C(NCC(=O)N1CCC[C@H]1C(=O)NCc1ccccc1)c1ccc2ccccc2n1,0.3782864,0.3783,0.7432432,0.7432,0.7173324,-9.3200,1.0000000,1.0000,[],26
2.3638,8.7137,77.1655,0.6709312,CC(C)C(NC(=O)[C@@H]1C[C@@H](O)CN1C(=O)CNC(=O)c1ccc2cc(F)ccc2n1)c1ccc(Cl)cc1,1,COc1ccc([C@H](C)NC(=O)[C@@H]2C[C@@H](O)CN2C(=O)CNC(=O)c2ccc3cc(F)ccc3n2)c(Cl)c1,O=C(NCC(=O)N1CCC[C@H]1C(=O)NCc1ccccc1)c1ccc2ccccc2n1,0.4374885,0.4375,0.7619048,0.7619,0.7796905,-9.9700,1.0000000,1.0000,[],27
2.2120,4.0491,82.5249,0.6763589,CC(C)C(NC(=O)[C@@H]1C[C@@H](O)CN1C(=O)CNC(=O)c1ccc2cc(F)ccc2n1)c1ccccc1,1,COc1ccc([C@H](C)NC(=O)[C@@H]2C[C@@H](O)CN2C(=O)CNC(=O)c2ccc3cc(F)ccc3n2)c(Cl)c1,O=C(NCC(=O)N1CCC[C@H]1C(=O)NCc1ccccc1)c1ccc2ccccc2n1,0.4695327,0.4695,0.7364865,0.7365,0.7779275,-9.9500,1.0000000,1.0000,[],27
2.1271,4.8186,81.6214,0.6753121,CC(NC(=O)[C@@H]1C[C@@H](O)CN1C(=O)CNC(=O)c1ccc2cc(F)ccc2n1)c1ccc(Cl)cc1,1,COc1ccc([C@H](C)NC(=O)[C@@H]2C[C@@H](O)CN2C(=O)CNC(=O)c2ccc3cc(F)ccc3n2)c(Cl)c1,O=C(NCC(=O)N1CCC[C@H]1C(=O)NCc1ccccc1)c1ccc2ccccc2n1,0.4834885,0.4835,0.8014184,0.8014,0.7326326,-9.4700,1.0000000,1.0000,[],27
2.5583,4.1297,72.0438,0.5951057,COc1ccc(CNC(=O)[C@@H]2C[C@@H](O)CN2C(=O)CNC(=O)c2ccc3cc(F)ccc3n2)cc1,1,COc1ccc([C@H](C)NC(=O)[C@@H]2C[C@@H](O)CN2C(=O)CNC(=O)c2ccc3cc(F)ccc3n2)c(Cl)c1,O=C(NCC(=O)N1CCC[C@H]1C(=O)NCc1ccccc1)c1ccc2ccccc2n1,0.4701237,0.4701,0.7832168,0.7832,0.5836347,-8.1600,1.0000000,1.0000,[],27
2.1268,4.2698,80.8253,0.6648056,C[C@@H](NC(=O)[C@@H]1C[C@@H](O)CN1C(=O)CNC(=O)c1ccc2cc(F)ccc2n1)c1ccc(Cl)cc1,1,COc1ccc([C@H](C)NC(=O)[C@@H]2C[C@@H](O)CN2C(=O)CNC(=O)c2ccc3cc(F)ccc3n2)c(Cl)c1,O=C(NCC(=O)N1CCC[C@H]1C(=O)NCc1ccccc1)c1ccc2ccccc2n1,0.4834885,0.4835,0.8014184,0.8014,0.7100135,-9.2500,1.0000000,1.0000,[],27
2.3597,4.3193,79.5056,0.6548825,O=C(NCC(=O)N1C[C@H](O)C[C@H]1C(=O)NCc1ccc(Cl)c(Cl)c1)c1ccc2cc(F)ccc2n1,1,COc1ccc([C@H](C)NC(=O)[C@@H]2C[C@@H](O)CN2C(=O)CNC(=O)c2ccc3cc(F)ccc3n2)c(Cl)c1,O=C(NCC(=O)N1CCC[C@H]1C(=O)NCc1ccccc1)c1ccc2ccccc2n1,0.4640416,0.4640,0.7114094,0.7114,0.7464290,-9.6100,1.0000000,1.0000,[],27
2.1868,3.8934,81.6967,0.6686721,O=C(NCC(=O)N1C[C@H](O)C[C@H]1C(=O)NCc1ccc(Cl)cc1)c1ccc2cc(F)ccc2n1,1,COc1ccc([C@H](C)NC(=O)[C@@H]2C[C@@H](O)CN2C(=O)CNC(=O)c2ccc3cc(F)ccc3n2)c(Cl)c1,O=C(NCC(=O)N1CCC[C@H]1C(=O)NCc1ccccc1)c1ccc2ccccc2n1,0.4955094,0.4955,0.7260274,0.7260,0.7454593,-9.6000,1.0000000,1.0000,[],27
2.3097,3.2004,77.2229,0.6283072,O=C(NCC(=O)N1C[C@H](O)C[C@H]1C(=O)NCc1cccc(Cl)c1)c1ccc2cc(F)ccc2n1,1,COc1ccc([C@H](C)NC(=O)[C@@H]2C[C@@H](O)CN2C(=O)CNC(=O)c2ccc3cc(F)ccc3n2)c(Cl)c1,O=C(NCC(=O)N1CCC[C@H]1C(=O)NCc1ccccc1)c1ccc2ccccc2n1,0.4955094,0.4955,0.7210884,0.7211,0.6604256,-8.8000,1.0000000,1.0000,[],27
2.4548,4.2413,70.9730,0.5876117,O=C(NCC(=O)N1C[C@H](O)C[C@H]1C(=O)N[C@@H](CO)c1cccc(Cl)c1)c1ccc2cc(F)ccc2n1,1,COc1ccc([C@H](C)NC(=O)[C@@H]2C[C@@H](O)CN2C(=O)CNC(=O)c2ccc3cc(F)ccc3n2)c(Cl)c1,O=C(NCC(=O)N1CCC[C@H]1C(=O)NCc1ccccc1)c1ccc2ccccc2n1,0.3782864,0.3783,0.7432432,0.7432,0.6511860,-8.7200,1.0000000,1.0000,[],27
2.4806,4.6734,74.2686,0.6167343,O=C(NCC(=O)N1C[C@H](O)C[C@H]1C(=O)N[C@H](CO)c1cccc(Cl)c1)c1ccc2cc(F)ccc2n1,1,COc1ccc([C@H](C)NC(=O)[C@@H]2C[C@@H](O)CN2C(=O)CNC(=O)c2ccc3cc(F)ccc3n2)c(Cl)c1,O=C(NCC(=O)N1CCC[C@H]1C(=O)NCc1ccccc1)c1ccc2ccccc2n1,0.3782864,0.3783,0.7432432,0.7432,0.7173324,-9.3200,1.0000000,1.0000,[],27
2.2831,8.7137,77.1655,0.6709312,CC(C)C(NC(=O)[C@@H]1C[C@@H](O)CN1C(=O)CNC(=O)c1ccc2cc(F)ccc2n1)c1ccc(Cl)cc1,1,COc1ccc([C@H](C)NC(=O)[C@@H]2C[C@@H](O)CN2C(=O)CNC(=O)c2ccc3cc(F)ccc3n2)c(Cl)c1,O=C(NCC(=O)N1CCC[C@H]1C(=O)NCc1ccccc1)c1ccc2ccccc2n1,0.4374885,0.4375,0.7619048,0.7619,0.7796905,-9.9700,1.0000000,1.0000,[],28
2.2637,4.0491,82.5249,0.6763589,CC(C)C(NC(=O)[C@@H]1C[C@@H](O)CN1C(=O)CNC(=O)c1ccc2cc(F)ccc2n1)c1ccccc1,1,COc1ccc([C@H](C)NC(=O)[C@@H]2C[C@@H](O)CN2C(=O)CNC(=O)c2ccc3cc(F)ccc3n2)c(Cl)c1,O=C(NCC(=O)N1CCC[C@H]1C(=O)NCc1ccccc1)c1ccc2ccccc2n1,0.4695327,0.4695,0.7364865,0.7365,0.7779275,-9.9500,1.0000000,1.0000,[],28
2.2040,4.8186,81.6214,0.6753121,CC(NC(=O)[C@@H]1C[C@@H](O)CN1C(=O)CNC(=O)c1ccc2cc(F)ccc2n1)c1ccc(Cl)cc1,1,COc1ccc([C@H](C)NC(=O)[C@@H]2C[C@@H](O)CN2C(=O)CNC(=O)c2ccc3cc(F)ccc3n2)c(Cl)c1,O=C(NCC(=O)N1CCC[C@H]1C(=O)NCc1ccccc1)c1ccc2ccccc2n1,0.4834885,0.4835,0.8014184,0.8014,0.7326326,-9.4700,1.0000000,1.0000,[],28
2.5185,4.1297,72.0438,0.5951057,COc1ccc(CNC(=O)[C@@H]2C[C@@H](O)CN2C(=O)CNC(=O)c2ccc3cc(F)ccc3n2)cc1,1,COc1ccc([C@H](C)NC(=O)[C@@H]2C[C@@H](O)CN2C(=O)CNC(=O)c2ccc3cc(F)ccc3n2)c(Cl)c1,O=C(NCC(=O)N1CCC[C@H]1C(=O)NCc1ccccc1)c1ccc2ccccc2n1,0.4701237,0.4701,0.7832168,0.7832,0.5836347,-8.1600,1.0000000,1.0000,[],28
2.1950,4.2698,80.8253,0.6648056,C[C@@H](NC(=O)[C@@H]1C[C@@H](O)CN1C(=O)CNC(=O)c1ccc2cc(F)ccc2n1)c1ccc(Cl)cc1,1,COc1ccc([C@H](C)NC(=O)[C@@H]2C[C@@H](O)CN2C(=O)CNC(=O)c2ccc3cc(F)ccc3n2)c(Cl)c1,O=C(NCC(=O)N1CCC[C@H]1C(=O)NCc1ccccc1)c1ccc2ccccc2n1,0.4834885,0.4835,0.8014184,0.8014,0.7100135,-9.2500,1.0000000,1.0000,[],28
2.1985,4.3193,79.5056,0.6548825,O=C(NCC(=O)N1C[C@H](O)C[C@H]1C(=O)NCc1ccc(Cl)c(Cl)c1)c1ccc2cc(F)ccc2n1,1,COc1ccc([C@H](C)NC(=O)[C@@H]2C[C@@H](O)CN2C(=O)CNC(=O)c2ccc3cc(F)ccc3n2)c(Cl)c1,O=C(NCC(=O)N1CCC[C@H]1C(=O)NCc1ccccc1)c1ccc2ccccc2n1,0.4640416,0.4640,0.7114094,0.7114,0.7464290,-9.6100,1.0000000,1.0000,[],28
2.1896,3.8934,81.6967,0.6686721,O=C(NCC(=O)N1C[C@H](O)C[C@H]1C(=O)NCc1ccc(Cl)cc1)c1ccc2cc(F)ccc2n1,1,COc1ccc([C@H](C)NC(=O)[C@@H]2C[C@@H](O)CN2C(=O)CNC(=O)c2ccc3cc(F)ccc3n2)c(Cl)c1,O=C(NCC(=O)N1CCC[C@H]1C(=O)NCc1ccccc1)c1ccc2ccccc2n1,0.4955094,0.4955,0.7260274,0.7260,0.7454593,-9.6000,1.0000000,1.0000,[],28
2.4268,3.2004,77.2229,0.6283072,O=C(NCC(=O)N1C[C@H](O)C[C@H]1C(=O)NCc1cccc(Cl)c1)c1ccc2cc(F)ccc2n1,1,COc1ccc([C@H](C)NC(=O)[C@@H]2C[C@@H](O)CN2C(=O)CNC(=O)c2ccc3cc(F)ccc3n2)c(Cl)c1,O=C(NCC(=O)N1CCC[C@H]1C(=O)NCc1ccccc1)c1ccc2ccccc2n1,0.4955094,0.4955,0.7210884,0.7211,0.6604256,-8.8000,1.0000000,1.0000,[],28
2.4203,4.2413,70.9730,0.5876117,O=C(NCC(=O)N1C[C@H](O)C[C@H]1C(=O)N[C@@H](CO)c1cccc(Cl)c1)c1ccc2cc(F)ccc2n1,1,COc1ccc([C@H](C)NC(=O)[C@@H]2C[C@@H](O)CN2C(=O)CNC(=O)c2ccc3cc(F)ccc3n2)c(Cl)c1,O=C(NCC(=O)N1CCC[C@H]1C(=O)NCc1ccccc1)c1ccc2ccccc2n1,0.3782864,0.3783,0.7432432,0.7432,0.6511860,-8.7200,1.0000000,1.0000,[],28
2.4428,4.6734,74.2686,0.6167343,O=C(NCC(=O)N1C[C@H](O)C[C@H]1C(=O)N[C@H](CO)c1cccc(Cl)c1)c1ccc2cc(F)ccc2n1,1,COc1ccc([C@H](C)NC(=O)[C@@H]2C[C@@H](O)CN2C(=O)CNC(=O)c2ccc3cc(F)ccc3n2)c(Cl)c1,O=C(NCC(=O)N1CCC[C@H]1C(=O)NCc1ccccc1)c1ccc2ccccc2n1,0.3782864,0.3783,0.7432432,0.7432,0.7173324,-9.3200,1.0000000,1.0000,[],28
2.2197,8.7137,77.1655,0.6709312,CC(C)C(NC(=O)[C@@H]1C[C@@H](O)CN1C(=O)CNC(=O)c1ccc2cc(F)ccc2n1)c1ccc(Cl)cc1,1,COc1ccc([C@H](C)NC(=O)[C@@H]2C[C@@H](O)CN2C(=O)CNC(=O)c2ccc3cc(F)ccc3n2)c(Cl)c1,O=C(NCC(=O)N1CCC[C@H]1C(=O)NCc1ccccc1)c1ccc2ccccc2n1,0.4374885,0.4375,0.7619048,0.7619,0.7796905,-9.9700,1.0000000,1.0000,[],29
2.2983,4.0491,82.5249,0.6763589,CC(C)C(NC(=O)[C@@H]1C[C@@H](O)CN1C(=O)CNC(=O)c1ccc2cc(F)ccc2n1)c1ccccc1,1,COc1ccc([C@H](C)NC(=O)[C@@H]2C[C@@H](O)CN2C(=O)CNC(=O)c2ccc3cc(F)ccc3n2)c(Cl)c1,O=C(NCC(=O)N1CCC[C@H]1C(=O)NCc1ccccc1)c1ccc2ccccc2n1,0.4695327,0.4695,0.7364865,0.7365,0.7779275,-9.9500,1.0000000,1.0000,[],29
2.3391,4.8186,81.6214,0.6753121,CC(NC(=O)[C@@H]1C[C@@H](O)CN1C(=O)CNC(=O)c1ccc2cc(F)ccc2n1)c1ccc(Cl)cc1,1,COc1ccc([C@H](C)NC(=O)[C@@H]2C[C@@H](O)CN2C(=O)CNC(=O)c2ccc3cc(F)ccc3n2)c(Cl)c1,O=C(NCC(=O)N1CCC[C@H]1C(=O)NCc1ccccc1)c1ccc2ccccc2n1,0.4834885,0.4835,0.8014184,0.8014,0.7326326,-9.4700,1.0000000,1.0000,[],29
2.4772,4.1297,72.0438,0.5951057,COc1ccc(CNC(=O)[C@@H]2C[C@@H](O)CN2C(=O)CNC(=O)c2ccc3cc(F)ccc3n2)cc1,1,COc1ccc([C@H](C)NC(=O)[C@@H]2C[C@@H](O)CN2C(=O)CNC(=O)c2ccc3cc(F)ccc3n2)c(Cl)c1,O=C(NCC(=O)N1CCC[C@H]1C(=O)NCc1ccccc1)c1ccc2ccccc2n1,0.4701237,0.4701,0.7832168,0.7832,0.5836347,-8.1600,1.0000000,1.0000,[],29
2.2728,4.2698,80.8253,0.6648056,C[C@@H](NC(=O)[C@@H]1C[C@@H](O)CN1C(=O)CNC(=O)c1ccc2cc(F)ccc2n1)c1ccc(Cl)cc1,1,COc1ccc([C@H](C)NC(=O)[C@@H]2C[C@@H](O)CN2C(=O)CNC(=O)c2ccc3cc(F)ccc3n2)c(Cl)c1,O=C(NCC(=O)N1CCC[C@H]1C(=O)NCc1ccccc1)c1ccc2ccccc2n1,0.4834885,0.4835,0.8014184,0.8014,0.7100135,-9.2500,1.0000000,1.0000,[],29
2.1189,4.3193,79.5056,0.6548825,O=C(NCC(=O)N1C[C@H](O)C[C@H]1C(=O)NCc1ccc(Cl)c(Cl)c1)c1ccc2cc(F)ccc2n1,1,COc1ccc([C@H](C)NC(=O)[C@@H]2C[C@@H](O)CN2C(=O)CNC(=O)c2ccc3cc(F)ccc3n2)c(Cl)c1,O=C(NCC(=O)N1CCC[C@H]1C(=O)NCc1ccccc1)c1ccc2ccccc2n1,0.4640416,0.4640,0.7114094,0.7114,0.7464290,-9.6100,1.0000000,1.0000,[],29
2.2186,3.8934,81.6967,0.6686721,O=C(NCC(=O)N1C[C@H](O)C[C@H]1C(=O)NCc1ccc(Cl)cc1)c1ccc2cc(F)ccc2n1,1,COc1ccc([C@H](C)NC(=O)[C@@H]2C[C@@H](O)CN2C(=O)CNC(=O)c2ccc3cc(F)ccc3n2)c(Cl)c1,O=C(NCC(=O)N1CCC[C@H]1C(=O)NCc1ccccc1)c1ccc2ccccc2n1,0.4955094,0.4955,0.7260274,0.7260,0.7454593,-9.6000,1.0000000,1.0000,[],29
2.4926,3.2004,77.2229,0.6283072,O=C(NCC(=O)N1C[C@H](O)C[C@H]1C(=O)NCc1cccc(Cl)c1)c1ccc2cc(F)ccc2n1,1,COc1ccc([C@H](C)NC(=O)[C@@H]2C[C@@H](O)CN2C(=O)CNC(=O)c2ccc3cc(F)ccc3n2)c(Cl)c1,O=C(NCC(=O)N1CCC[C@H]1C(=O)NCc1ccccc1)c1ccc2ccccc2n1,0.4955094,0.4955,0.7210884,0.7211,0.6604256,-8.8000,1.0000000,1.0000,[],29
2.3452,4.2413,70.9730,0.5876117,O=C(NCC(=O)N1C[C@H](O)C[C@H]1C(=O)N[C@@H](CO)c1cccc(Cl)c1)c1ccc2cc(F)ccc2n1,1,COc1ccc([C@H](C)NC(=O)[C@@H]2C[C@@H](O)CN2C(=O)CNC(=O)c2ccc3cc(F)ccc3n2)c(Cl)c1,O=C(NCC(=O)N1CCC[C@H]1C(=O)NCc1ccccc1)c1ccc2ccccc2n1,0.3782864,0.3783,0.7432432,0.7432,0.6511860,-8.7200,1.0000000,1.0000,[],29
2.3474,4.6734,74.2686,0.6167343,O=C(NCC(=O)N1C[C@H](O)C[C@H]1C(=O)N[C@H](CO)c1cccc(Cl)c1)c1ccc2cc(F)ccc2n1,1,COc1ccc([C@H](C)NC(=O)[C@@H]2C[C@@H](O)CN2C(=O)CNC(=O)c2ccc3cc(F)ccc3n2)c(Cl)c1,O=C(NCC(=O)N1CCC[C@H]1C(=O)NCc1ccccc1)c1ccc2ccccc2n1,0.3782864,0.3783,0.7432432,0.7432,0.7173324,-9.3200,1.0000000,1.0000,[],29
2.2189,8.7137,77.1655,0.6709312,CC(C)C(NC(=O)[C@@H]1C[C@@H](O)CN1C(=O)CNC(=O)c1ccc2cc(F)ccc2n1)c1ccc(Cl)cc1,1,COc1ccc([C@H](C)NC(=O)[C@@H]2C[C@@H](O)CN2C(=O)CNC(=O)c2ccc3cc(F)ccc3n2)c(Cl)c1,O=C(NCC(=O)N1CCC[C@H]1C(=O)NCc1ccccc1)c1ccc2ccccc2n1,0.4374885,0.4375,0.7619048,0.7619,0.7796905,-9.9700,1.0000000,1.0000,[],30
2.3325,4.0491,82.5249,0.6763589,CC(C)C(NC(=O)[C@@H]1C[C@@H](O)CN1C(=O)CNC(=O)c1ccc2cc(F)ccc2n1)c1ccccc1,1,COc1ccc([C@H](C)NC(=O)[C@@H]2C[C@@H](O)CN2C(=O)CNC(=O)c2ccc3cc(F)ccc3n2)c(Cl)c1,O=C(NCC(=O)N1CCC[C@H]1C(=O)NCc1ccccc1)c1ccc2ccccc2n1,0.4695327,0.4695,0.7364865,0.7365,0.7779275,-9.9500,1.0000000,1.0000,[],30
2.3426,4.8186,81.6214,0.6753121,CC(NC(=O)[C@@H]1C[C@@H](O)CN1C(=O)CNC(=O)c1ccc2cc(F)ccc2n1)c1ccc(Cl)cc1,1,COc1ccc([C@H](C)NC(=O)[C@@H]2C[C@@H](O)CN2C(=O)CNC(=O)c2ccc3cc(F)ccc3n2)c(Cl)c1,O=C(NCC(=O)N1CCC[C@H]1C(=O)NCc1ccccc1)c1ccc2ccccc2n1,0.4834885,0.4835,0.8014184,0.8014,0.7326326,-9.4700,1.0000000,1.0000,[],30
2.4070,4.1297,72.0438,0.5951057,COc1ccc(CNC(=O)[C@@H]2C[C@@H](O)CN2C(=O)CNC(=O)c2ccc3cc(F)ccc3n2)cc1,1,COc1ccc([C@H](C)NC(=O)[C@@H]2C[C@@H](O)CN2C(=O)CNC(=O)c2ccc3cc(F)ccc3n2)c(Cl)c1,O=C(NCC(=O)N1CCC[C@H]1C(=O)NCc1ccccc1)c1ccc2ccccc2n1,0.4701237,0.4701,0.7832168,0.7832,0.5836347,-8.1600,1.0000000,1.0000,[],30
2.3166,4.2698,80.8253,0.6648056,C[C@@H](NC(=O)[C@@H]1C[C@@H](O)CN1C(=O)CNC(=O)c1ccc2cc(F)ccc2n1)c1ccc(Cl)cc1,1,COc1ccc([C@H](C)NC(=O)[C@@H]2C[C@@H](O)CN2C(=O)CNC(=O)c2ccc3cc(F)ccc3n2)c(Cl)c1,O=C(NCC(=O)N1CCC[C@H]1C(=O)NCc1ccccc1)c1ccc2ccccc2n1,0.4834885,0.4835,0.8014184,0.8014,0.7100135,-9.2500,1.0000000,1.0000,[],30
2.2723,4.3193,79.5056,0.6548825,O=C(NCC(=O)N1C[C@H](O)C[C@H]1C(=O)NCc1ccc(Cl)c(Cl)c1)c1ccc2cc(F)ccc2n1,1,COc1ccc([C@H](C)NC(=O)[C@@H]2C[C@@H](O)CN2C(=O)CNC(=O)c2ccc3cc(F)ccc3n2)c(Cl)c1,O=C(NCC(=O)N1CCC[C@H]1C(=O)NCc1ccccc1)c1ccc2ccccc2n1,0.4640416,0.4640,0.7114094,0.7114,0.7464290,-9.6100,1.0000000,1.0000,[],30
2.1375,3.8934,81.6967,0.6686721,O=C(NCC(=O)N1C[C@H](O)C[C@H]1C(=O)NCc1ccc(Cl)cc1)c1ccc2cc(F)ccc2n1,1,COc1ccc([C@H](C)NC(=O)[C@@H]2C[C@@H](O)CN2C(=O)CNC(=O)c2ccc3cc(F)ccc3n2)c(Cl)c1,O=C(NCC(=O)N1CCC[C@H]1C(=O)NCc1ccccc1)c1ccc2ccccc2n1,0.4955094,0.4955,0.7260274,0.7260,0.7454593,-9.6000,1.0000000,1.0000,[],30
2.4775,3.2004,77.2229,0.6283072,O=C(NCC(=O)N1C[C@H](O)C[C@H]1C(=O)NCc1cccc(Cl)c1)c1ccc2cc(F)ccc2n1,1,COc1ccc([C@H](C)NC(=O)[C@@H]2C[C@@H](O)CN2C(=O)CNC(=O)c2ccc3cc(F)ccc3n2)c(Cl)c1,O=C(NCC(=O)N1CCC[C@H]1C(=O)NCc1ccccc1)c1ccc2ccccc2n1,0.4955094,0.4955,0.7210884,0.7211,0.6604256,-8.8000,1.0000000,1.0000,[],30
2.3128,4.2413,70.9730,0.5876117,O=C(NCC(=O)N1C[C@H](O)C[C@H]1C(=O)N[C@@H](CO)c1cccc(Cl)c1)c1ccc2cc(F)ccc2n1,1,COc1ccc([C@H](C)NC(=O)[C@@H]2C[C@@H](O)CN2C(=O)CNC(=O)c2ccc3cc(F)ccc3n2)c(Cl)c1,O=C(NCC(=O)N1CCC[C@H]1C(=O)NCc1ccccc1)c1ccc2ccccc2n1,0.3782864,0.3783,0.7432432,0.7432,0.6511860,-8.7200,1.0000000,1.0000,[],30
2.2901,4.6734,74.2686,0.6167343,O=C(NCC(=O)N1C[C@H](O)C[C@H]1C(=O)N[C@H](CO)c1cccc(Cl)c1)c1ccc2cc(F)ccc2n1,1,COc1ccc([C@H](C)NC(=O)[C@@H]2C[C@@H](O)CN2C(=O)CNC(=O)c2ccc3cc(F)ccc3n2)c(Cl)c1,O=C(NCC(=O)N1CCC[C@H]1C(=O)NCc1ccccc1)c1ccc2ccccc2n1,0.3782864,0.3783,0.7432432,0.7432,0.7173324,-9.3200,1.0000000,1.0000,[],30
2.2586,8.7137,77.1655,0.6709312,CC(C)C(NC(=O)[C@@H]1C[C@@H](O)CN1C(=O)CNC(=O)c1ccc2cc(F)ccc2n1)c1ccc(Cl)cc1,1,COc1ccc([C@H](C)NC(=O)[C@@H]2C[C@@H](O)CN2C(=O)CNC(=O)c2ccc3cc(F)ccc3n2)c(Cl)c1,O=C(NCC(=O)N1CCC[C@H]1C(=O)NCc1ccccc1)c1ccc2ccccc2n1,0.4374885,0.4375,0.7619048,0.7619,0.7796905,-9.9700,1.0000000,1.0000,[],31
2.3527,4.0491,82.5249,0.6763589,CC(C)C(NC(=O)[C@@H]1C[C@@H](O)CN1C(=O)CNC(=O)c1ccc2cc(F)ccc2n1)c1ccccc1,1,COc1ccc([C@H](C)NC(=O)[C@@H]2C[C@@H](O)CN2C(=O)CNC(=O)c2ccc3cc(F)ccc3n2)c(Cl)c1,O=C(NCC(=O)N1CCC[C@H]1C(=O)NCc1ccccc1)c1ccc2ccccc2n1,0.4695327,0.4695,0.7364865,0.7365,0.7779275,-9.9500,1.0000000,1.0000,[],31
2.2407,4.8186,81.6214,0.6753121,CC(NC(=O)[C@@H]1C[C@@H](O)CN1C(=O)CNC(=O)c1ccc2cc(F)ccc2n1)c1ccc(Cl)cc1,1,COc1ccc([C@H](C)NC(=O)[C@@H]2C[C@@H](O)CN2C(=O)CNC(=O)c2ccc3cc(F)ccc3n2)c(Cl)c1,O=C(NCC(=O)N1CCC[C@H]1C(=O)NCc1ccccc1)c1ccc2ccccc2n1,0.4834885,0.4835,0.8014184,0.8014,0.7326326,-9.4700,1.0000000,1.0000,[],31
2.3203,4.1297,72.0438,0.5951057,COc1ccc(CNC(=O)[C@@H]2C[C@@H](O)CN2C(=O)CNC(=O)c2ccc3cc(F)ccc3n2)cc1,1,COc1ccc([C@H](C)NC(=O)[C@@H]2C[C@@H](O)CN2C(=O)CNC(=O)c2ccc3cc(F)ccc3n2)c(Cl)c1,O=C(NCC(=O)N1CCC[C@H]1C(=O)NCc1ccccc1)c1ccc2ccccc2n1,0.4701237,0.4701,0.7832168,0.7832,0.5836347,-8.1600,1.0000000,1.0000,[],31
2.3258,4.2698,80.8253,0.6648056,C[C@@H](NC(=O)[C@@H]1C[C@@H](O)CN1C(=O)CNC(=O)c1ccc2cc(F)ccc2n1)c1ccc(Cl)cc1,1,COc1ccc([C@H](C)NC(=O)[C@@H]2C[C@@H](O)CN2C(=O)CNC(=O)c2ccc3cc(F)ccc3n2)c(Cl)c1,O=C(NCC(=O)N1CCC[C@H]1C(=O)NCc1ccccc1)c1ccc2ccccc2n1,0.4834885,0.4835,0.8014184,0.8014,0.7100135,-9.2500,1.0000000,1.0000,[],31
2.3117,4.3193,79.5056,0.6548825,O=C(NCC(=O)N1C[C@H](O)C[C@H]1C(=O)NCc1ccc(Cl)c(Cl)c1)c1ccc2cc(F)ccc2n1,1,COc1ccc([C@H](C)NC(=O)[C@@H]2C[C@@H](O)CN2C(=O)CNC(=O)c2ccc3cc(F)ccc3n2)c(Cl)c1,O=C(NCC(=O)N1CCC[C@H]1C(=O)NCc1ccccc1)c1ccc2ccccc2n1,0.4640416,0.4640,0.7114094,0.7114,0.7464290,-9.6100,1.0000000,1.0000,[],31
2.2360,3.8934,81.6967,0.6686721,O=C(NCC(=O)N1C[C@H](O)C[C@H]1C(=O)NCc1ccc(Cl)cc1)c1ccc2cc(F)ccc2n1,1,COc1ccc([C@H](C)NC(=O)[C@@H]2C[C@@H](O)CN2C(=O)CNC(=O)c2ccc3cc(F)ccc3n2)c(Cl)c1,O=C(NCC(=O)N1CCC[C@H]1C(=O)NCc1ccccc1)c1ccc2ccccc2n1,0.4955094,0.4955,0.7260274,0.7260,0.7454593,-9.6000,1.0000000,1.0000,[],31
2.3731,3.2004,77.2229,0.6283072,O=C(NCC(=O)N1C[C@H](O)C[C@H]1C(=O)NCc1cccc(Cl)c1)c1ccc2cc(F)ccc2n1,1,COc1ccc([C@H](C)NC(=O)[C@@H]2C[C@@H](O)CN2C(=O)CNC(=O)c2ccc3cc(F)ccc3n2)c(Cl)c1,O=C(NCC(=O)N1CCC[C@H]1C(=O)NCc1ccccc1)c1ccc2ccccc2n1,0.4955094,0.4955,0.7210884,0.7211,0.6604256,-8.8000,1.0000000,1.0000,[],31
2.3507,4.2413,70.9730,0.5876117,O=C(NCC(=O)N1C[C@H](O)C[C@H]1C(=O)N[C@@H](CO)c1cccc(Cl)c1)c1ccc2cc(F)ccc2n1,1,COc1ccc([C@H](C)NC(=O)[C@@H]2C[C@@H](O)CN2C(=O)CNC(=O)c2ccc3cc(F)ccc3n2)c(Cl)c1,O=C(NCC(=O)N1CCC[C@H]1C(=O)NCc1ccccc1)c1ccc2ccccc2n1,0.3782864,0.3783,0.7432432,0.7432,0.6511860,-8.7200,1.0000000,1.0000,[],31
2.3078,4.6734,74.2686,0.6167343,O=C(NCC(=O)N1C[C@H](O)C[C@H]1C(=O)N[C@H](CO)c1cccc(Cl)c1)c1ccc2cc(F)ccc2n1,1,COc1ccc([C@H](C)NC(=O)[C@@H]2C[C@@H](O)CN2C(=O)CNC(=O)c2ccc3cc(F)ccc3n2)c(Cl)c1,O=C(NCC(=O)N1CCC[C@H]1C(=O)NCc1ccccc1)c1ccc2ccccc2n1,0.3782864,0.3783,0.7432432,0.7432,0.7173324,-9.3200,1.0000000,1.0000,[],31
2.3050,8.7137,77.1655,0.6709312,CC(C)C(NC(=O)[C@@H]1C[C@@H](O)CN1C(=O)CNC(=O)c1ccc2cc(F)ccc2n1)c1ccc(Cl)cc1,1,COc1ccc([C@H](C)NC(=O)[C@@H]2C[C@@H](O)CN2C(=O)CNC(=O)c2ccc3cc(F)ccc3n2)c(Cl)c1,O=C(NCC(=O)N1CCC[C@H]1C(=O)NCc1ccccc1)c1ccc2ccccc2n1,0.4374885,0.4375,0.7619048,0.7619,0.7796905,-9.9700,1.0000000,1.0000,[],32
2.3118,4.0491,82.5249,0.6763589,CC(C)C(NC(=O)[C@@H]1C[C@@H](O)CN1C(=O)CNC(=O)c1ccc2cc(F)ccc2n1)c1ccccc1,1,COc1ccc([C@H](C)NC(=O)[C@@H]2C[C@@H](O)CN2C(=O)CNC(=O)c2ccc3cc(F)ccc3n2)c(Cl)c1,O=C(NCC(=O)N1CCC[C@H]1C(=O)NCc1ccccc1)c1ccc2ccccc2n1,0.4695327,0.4695,0.7364865,0.7365,0.7779275,-9.9500,1.0000000,1.0000,[],32
2.1907,4.8186,81.6214,0.6753121,CC(NC(=O)[C@@H]1C[C@@H](O)CN1C(=O)CNC(=O)c1ccc2cc(F)ccc2n1)c1ccc(Cl)cc1,1,COc1ccc([C@H](C)NC(=O)[C@@H]2C[C@@H](O)CN2C(=O)CNC(=O)c2ccc3cc(F)ccc3n2)c(Cl)c1,O=C(NCC(=O)N1CCC[C@H]1C(=O)NCc1ccccc1)c1ccc2ccccc2n1,0.4834885,0.4835,0.8014184,0.8014,0.7326326,-9.4700,1.0000000,1.0000,[],32
2.2509,4.1297,72.0438,0.5951057,COc1ccc(CNC(=O)[C@@H]2C[C@@H](O)CN2C(=O)CNC(=O)c2ccc3cc(F)ccc3n2)cc1,1,COc1ccc([C@H](C)NC(=O)[C@@H]2C[C@@H](O)CN2C(=O)CNC(=O)c2ccc3cc(F)ccc3n2)c(Cl)c1,O=C(NCC(=O)N1CCC[C@H]1C(=O)NCc1ccccc1)c1ccc2ccccc2n1,0.4701237,0.4701,0.7832168,0.7832,0.5836347,-8.1600,1.0000000,1.0000,[],32
2.3297,4.2698,80.8253,0.6648056,C[C@@H](NC(=O)[C@@H]1C[C@@H](O)CN1C(=O)CNC(=O)c1ccc2cc(F)ccc2n1)c1ccc(Cl)cc1,1,COc1ccc([C@H](C)NC(=O)[C@@H]2C[C@@H](O)CN2C(=O)CNC(=O)c2ccc3cc(F)ccc3n2)c(Cl)c1,O=C(NCC(=O)N1CCC[C@H]1C(=O)NCc1ccccc1)c1ccc2ccccc2n1,0.4834885,0.4835,0.8014184,0.8014,0.7100135,-9.2500,1.0000000,1.0000,[],32
2.2746,4.3193,79.5056,0.6548825,O=C(NCC(=O)N1C[C@H](O)C[C@H]1C(=O)NCc1ccc(Cl)c(Cl)c1)c1ccc2cc(F)ccc2n1,1,COc1ccc([C@H](C)NC(=O)[C@@H]2C[C@@H](O)CN2C(=O)CNC(=O)c2ccc3cc(F)ccc3n2)c(Cl)c1,O=C(NCC(=O)N1CCC[C@H]1C(=O)NCc1ccccc1)c1ccc2ccccc2n1,0.4640416,0.4640,0.7114094,0.7114,0.7464290,-9.6100,1.0000000,1.0000,[],32
2.3943,3.8934,81.6967,0.6686721,O=C(NCC(=O)N1C[C@H](O)C[C@H]1C(=O)NCc1ccc(Cl)cc1)c1ccc2cc(F)ccc2n1,1,COc1ccc([C@H](C)NC(=O)[C@@H]2C[C@@H](O)CN2C(=O)CNC(=O)c2ccc3cc(F)ccc3n2)c(Cl)c1,O=C(NCC(=O)N1CCC[C@H]1C(=O)NCc1ccccc1)c1ccc2ccccc2n1,0.4955094,0.4955,0.7260274,0.7260,0.7454593,-9.6000,1.0000000,1.0000,[],32
2.2370,3.2004,77.2229,0.6283072,O=C(NCC(=O)N1C[C@H](O)C[C@H]1C(=O)NCc1cccc(Cl)c1)c1ccc2cc(F)ccc2n1,1,COc1ccc([C@H](C)NC(=O)[C@@H]2C[C@@H](O)CN2C(=O)CNC(=O)c2ccc3cc(F)ccc3n2)c(Cl)c1,O=C(NCC(=O)N1CCC[C@H]1C(=O)NCc1ccccc1)c1ccc2ccccc2n1,0.4955094,0.4955,0.7210884,0.7211,0.6604256,-8.8000,1.0000000,1.0000,[],32
2.4285,4.2413,70.9730,0.5876117,O=C(NCC(=O)N1C[C@H](O)C[C@H]1C(=O)N[C@@H](CO)c1cccc(Cl)c1)c1ccc2cc(F)ccc2n1,1,COc1ccc([C@H](C)NC(=O)[C@@H]2C[C@@H](O)CN2C(=O)CNC(=O)c2ccc3cc(F)ccc3n2)c(Cl)c1,O=C(NCC(=O)N1CCC[C@H]1C(=O)NCc1ccccc1)c1ccc2ccccc2n1,0.3782864,0.3783,0.7432432,0.7432,0.6511860,-8.7200,1.0000000,1.0000,[],32
2.3677,4.6734,74.2686,0.6167343,O=C(NCC(=O)N1C[C@H](O)C[C@H]1C(=O)N[C@H](CO)c1cccc(Cl)c1)c1ccc2cc(F)ccc2n1,1,COc1ccc([C@H](C)NC(=O)[C@@H]2C[C@@H](O)CN2C(=O)CNC(=O)c2ccc3cc(F)ccc3n2)c(Cl)c1,O=C(NCC(=O)N1CCC[C@H]1C(=O)NCc1ccccc1)c1ccc2ccccc2n1,0.3782864,0.3783,0.7432432,0.7432,0.7173324,-9.3200,1.0000000,1.0000,[],32
2.3330,8.7137,77.1655,0.6709312,CC(C)C(NC(=O)[C@@H]1C[C@@H](O)CN1C(=O)CNC(=O)c1ccc2cc(F)ccc2n1)c1ccc(Cl)cc1,1,COc1ccc([C@H](C)NC(=O)[C@@H]2C[C@@H](O)CN2C(=O)CNC(=O)c2ccc3cc(F)ccc3n2)c(Cl)c1,O=C(NCC(=O)N1CCC[C@H]1C(=O)NCc1ccccc1)c1ccc2ccccc2n1,0.4374885,0.4375,0.7619048,0.7619,0.7796905,-9.9700,1.0000000,1.0000,[],33
2.2271,4.0491,82.5249,0.6763589,CC(C)C(NC(=O)[C@@H]1C[C@@H](O)CN1C(=O)CNC(=O)c1ccc2cc(F)ccc2n1)c1ccccc1,1,COc1ccc([C@H](C)NC(=O)[C@@H]2C[C@@H](O)CN2C(=O)CNC(=O)c2ccc3cc(F)ccc3n2)c(Cl)c1,O=C(NCC(=O)N1CCC[C@H]1C(=O)NCc1ccccc1)c1ccc2ccccc2n1,0.4695327,0.4695,0.7364865,0.7365,0.7779275,-9.9500,1.0000000,1.0000,[],33
2.2587,4.8186,81.6214,0.6753121,CC(NC(=O)[C@@H]1C[C@@H](O)CN1C(=O)CNC(=O)c1ccc2cc(F)ccc2n1)c1ccc(Cl)cc1,1,COc1ccc([C@H](C)NC(=O)[C@@H]2C[C@@H](O)CN2C(=O)CNC(=O)c2ccc3cc(F)ccc3n2)c(Cl)c1,O=C(NCC(=O)N1CCC[C@H]1C(=O)NCc1ccccc1)c1ccc2ccccc2n1,0.4834885,0.4835,0.8014184,0.8014,0.7326326,-9.4700,1.0000000,1.0000,[],33
2.2254,4.1297,72.0438,0.5951057,COc1ccc(CNC(=O)[C@@H]2C[C@@H](O)CN2C(=O)CNC(=O)c2ccc3cc(F)ccc3n2)cc1,1,COc1ccc([C@H](C)NC(=O)[C@@H]2C[C@@H](O)CN2C(=O)CNC(=O)c2ccc3cc(F)ccc3n2)c(Cl)c1,O=C(NCC(=O)N1CCC[C@H]1C(=O)NCc1ccccc1)c1ccc2ccccc2n1,0.4701237,0.4701,0.7832168,0.7832,0.5836347,-8.1600,1.0000000,1.0000,[],33
2.3545,4.2698,80.8253,0.6648056,C[C@@H](NC(=O)[C@@H]1C[C@@H](O)CN1C(=O)CNC(=O)c1ccc2cc(F)ccc2n1)c1ccc(Cl)cc1,1,COc1ccc([C@H](C)NC(=O)[C@@H]2C[C@@H](O)CN2C(=O)CNC(=O)c2ccc3cc(F)ccc3n2)c(Cl)c1,O=C(NCC(=O)N1CCC[C@H]1C(=O)NCc1ccccc1)c1ccc2ccccc2n1,0.4834885,0.4835,0.8014184,0.8014,0.7100135,-9.2500,1.0000000,1.0000,[],33
2.4178,4.3193,79.5056,0.6548825,O=C(NCC(=O)N1C[C@H](O)C[C@H]1C(=O)NCc1ccc(Cl)c(Cl)c1)c1ccc2cc(F)ccc2n1,1,COc1ccc([C@H](C)NC(=O)[C@@H]2C[C@@H](O)CN2C(=O)CNC(=O)c2ccc3cc(F)ccc3n2)c(Cl)c1,O=C(NCC(=O)N1CCC[C@H]1C(=O)NCc1ccccc1)c1ccc2ccccc2n1,0.4640416,0.4640,0.7114094,0.7114,0.7464290,-9.6100,1.0000000,1.0000,[],33
2.2780,3.8934,81.6967,0.6686721,O=C(NCC(=O)N1C[C@H](O)C[C@H]1C(=O)NCc1ccc(Cl)cc1)c1ccc2cc(F)ccc2n1,1,COc1ccc([C@H](C)NC(=O)[C@@H]2C[C@@H](O)CN2C(=O)CNC(=O)c2ccc3cc(F)ccc3n2)c(Cl)c1,O=C(NCC(=O)N1CCC[C@H]1C(=O)NCc1ccccc1)c1ccc2ccccc2n1,0.4955094,0.4955,0.7260274,0.7260,0.7454593,-9.6000,1.0000000,1.0000,[],33
2.1549,3.2004,77.2229,0.6283072,O=C(NCC(=O)N1C[C@H](O)C[C@H]1C(=O)NCc1cccc(Cl)c1)c1ccc2cc(F)ccc2n1,1,COc1ccc([C@H](C)NC(=O)[C@@H]2C[C@@H](O)CN2C(=O)CNC(=O)c2ccc3cc(F)ccc3n2)c(Cl)c1,O=C(NCC(=O)N1CCC[C@H]1C(=O)NCc1ccccc1)c1ccc2ccccc2n1,0.4955094,0.4955,0.7210884,0.7211,0.6604256,-8.8000,1.0000000,1.0000,[],33
2.4655,4.2413,70.9730,0.5876117,O=C(NCC(=O)N1C[C@H](O)C[C@H]1C(=O)N[C@@H](CO)c1cccc(Cl)c1)c1ccc2cc(F)ccc2n1,1,COc1ccc([C@H](C)NC(=O)[C@@H]2C[C@@H](O)CN2C(=O)CNC(=O)c2ccc3cc(F)ccc3n2)c(Cl)c1,O=C(NCC(=O)N1CCC[C@H]1C(=O)NCc1ccccc1)c1ccc2ccccc2n1,0.3782864,0.3783,0.7432432,0.7432,0.6511860,-8.7200,1.0000000,1.0000,[],33
2.3925,4.6734,74.2686,0.6167343,O=C(NCC(=O)N1C[C@H](O)C[C@H]1C(=O)N[C@H](CO)c1cccc(Cl)c1)c1ccc2cc(F)ccc2n1,1,COc1ccc([C@H](C)NC(=O)[C@@H]2C[C@@H](O)CN2C(=O)CNC(=O)c2ccc3cc(F)ccc3n2)c(Cl)c1,O=C(NCC(=O)N1CCC[C@H]1C(=O)NCc1ccccc1)c1ccc2ccccc2n1,0.3782864,0.3783,0.7432432,0.7432,0.7173324,-9.3200,1.0000000,1.0000,[],33
2.3542,8.7137,77.1655,0.6709312,CC(C)C(NC(=O)[C@@H]1C[C@@H](O)CN1C(=O)CNC(=O)c1ccc2cc(F)ccc2n1)c1ccc(Cl)cc1,1,COc1ccc([C@H](C)NC(=O)[C@@H]2C[C@@H](O)CN2C(=O)CNC(=O)c2ccc3cc(F)ccc3n2)c(Cl)c1,O=C(NCC(=O)N1CCC[C@H]1C(=O)NCc1ccccc1)c1ccc2ccccc2n1,0.4374885,0.4375,0.7619048,0.7619,0.7796905,-9.9700,1.0000000,1.0000,[],34
2.1775,4.0491,82.5249,0.6763589,CC(C)C(NC(=O)[C@@H]1C[C@@H](O)CN1C(=O)CNC(=O)c1ccc2cc(F)ccc2n1)c1ccccc1,1,COc1ccc([C@H](C)NC(=O)[C@@H]2C[C@@H](O)CN2C(=O)CNC(=O)c2ccc3cc(F)ccc3n2)c(Cl)c1,O=C(NCC(=O)N1CCC[C@H]1C(=O)NCc1ccccc1)c1ccc2ccccc2n1,0.4695327,0.4695,0.7364865,0.7365,0.7779275,-9.9500,1.0000000,1.0000,[],34
2.3454,4.8186,81.6214,0.6753121,CC(NC(=O)[C@@H]1C[C@@H](O)CN1C(=O)CNC(=O)c1ccc2cc(F)ccc2n1)c1ccc(Cl)cc1,1,COc1ccc([C@H](C)NC(=O)[C@@H]2C[C@@H](O)CN2C(=O)CNC(=O)c2ccc3cc(F)ccc3n2)c(Cl)c1,O=C(NCC(=O)N1CCC[C@H]1C(=O)NCc1ccccc1)c1ccc2ccccc2n1,0.4834885,0.4835,0.8014184,0.8014,0.7326326,-9.4700,1.0000000,1.0000,[],34
2.2336,4.1297,72.0438,0.5951057,COc1ccc(CNC(=O)[C@@H]2C[C@@H](O)CN2C(=O)CNC(=O)c2ccc3cc(F)ccc3n2)cc1,1,COc1ccc([C@H](C)NC(=O)[C@@H]2C[C@@H](O)CN2C(=O)CNC(=O)c2ccc3cc(F)ccc3n2)c(Cl)c1,O=C(NCC(=O)N1CCC[C@H]1C(=O)NCc1ccccc1)c1ccc2ccccc2n1,0.4701237,0.4701,0.7832168,0.7832,0.5836347,-8.1600,1.0000000,1.0000,[],34
2.3872,4.2698,80.8253,0.6648056,C[C@@H](NC(=O)[C@@H]1C[C@@H](O)CN1C(=O)CNC(=O)c1ccc2cc(F)ccc2n1)c1ccc(Cl)cc1,1,COc1ccc([C@H](C)NC(=O)[C@@H]2C[C@@H](O)CN2C(=O)CNC(=O)c2ccc3cc(F)ccc3n2)c(Cl)c1,O=C(NCC(=O)N1CCC[C@H]1C(=O)NCc1ccccc1)c1ccc2ccccc2n1,0.4834885,0.4835,0.8014184,0.8014,0.7100135,-9.2500,1.0000000,1.0000,[],34
2.3422,4.3193,79.5056,0.6548825,O=C(NCC(=O)N1C[C@H](O)C[C@H]1C(=O)NCc1ccc(Cl)c(Cl)c1)c1ccc2cc(F)ccc2n1,1,COc1ccc([C@H](C)NC(=O)[C@@H]2C[C@@H](O)CN2C(=O)CNC(=O)c2ccc3cc(F)ccc3n2)c(Cl)c1,O=C(NCC(=O)N1CCC[C@H]1C(=O)NCc1ccccc1)c1ccc2ccccc2n1,0.4640416,0.4640,0.7114094,0.7114,0.7464290,-9.6100,1.0000000,1.0000,[],34
2.3089,3.8934,81.6967,0.6686721,O=C(NCC(=O)N1C[C@H](O)C[C@H]1C(=O)NCc1ccc(Cl)cc1)c1ccc2cc(F)ccc2n1,1,COc1ccc([C@H](C)NC(=O)[C@@H]2C[C@@H](O)CN2C(=O)CNC(=O)c2ccc3cc(F)ccc3n2)c(Cl)c1,O=C(NCC(=O)N1CCC[C@H]1C(=O)NCc1ccccc1)c1ccc2ccccc2n1,0.4955094,0.4955,0.7260274,0.7260,0.7454593,-9.6000,1.0000000,1.0000,[],34
2.1536,3.2004,77.2229,0.6283072,O=C(NCC(=O)N1C[C@H](O)C[C@H]1C(=O)NCc1cccc(Cl)c1)c1ccc2cc(F)ccc2n1,1,COc1ccc([C@H](C)NC(=O)[C@@H]2C[C@@H](O)CN2C(=O)CNC(=O)c2ccc3cc(F)ccc3n2)c(Cl)c1,O=C(NCC(=O)N1CCC[C@H]1C(=O)NCc1ccccc1)c1ccc2ccccc2n1,0.4955094,0.4955,0.7210884,0.7211,0.6604256,-8.8000,1.0000000,1.0000,[],34
2.4376,4.2413,70.9730,0.5876117,O=C(NCC(=O)N1C[C@H](O)C[C@H]1C(=O)N[C@@H](CO)c1cccc(Cl)c1)c1ccc2cc(F)ccc2n1,1,COc1ccc([C@H](C)NC(=O)[C@@H]2C[C@@H](O)CN2C(=O)CNC(=O)c2ccc3cc(F)ccc3n2)c(Cl)c1,O=C(NCC(=O)N1CCC[C@H]1C(=O)NCc1ccccc1)c1ccc2ccccc2n1,0.3782864,0.3783,0.7432432,0.7432,0.6511860,-8.7200,1.0000000,1.0000,[],34
2.3607,4.6734,74.2686,0.6167343,O=C(NCC(=O)N1C[C@H](O)C[C@H]1C(=O)N[C@H](CO)c1cccc(Cl)c1)c1ccc2cc(F)ccc2n1,1,COc1ccc([C@H](C)NC(=O)[C@@H]2C[C@@H](O)CN2C(=O)CNC(=O)c2ccc3cc(F)ccc3n2)c(Cl)c1,O=C(NCC(=O)N1CCC[C@H]1C(=O)NCc1ccccc1)c1ccc2ccccc2n1,0.3782864,0.3783,0.7432432,0.7432,0.7173324,-9.3200,1.0000000,1.0000,[],34
2.3840,8.7137,77.1655,0.6709312,CC(C)C(NC(=O)[C@@H]1C[C@@H](O)CN1C(=O)CNC(=O)c1ccc2cc(F)ccc2n1)c1ccc(Cl)cc1,1,COc1ccc([C@H](C)NC(=O)[C@@H]2C[C@@H](O)CN2C(=O)CNC(=O)c2ccc3cc(F)ccc3n2)c(Cl)c1,O=C(NCC(=O)N1CCC[C@H]1C(=O)NCc1ccccc1)c1ccc2ccccc2n1,0.4374885,0.4375,0.7619048,0.7619,0.7796905,-9.9700,1.0000000,1.0000,[],35
2.2006,4.0491,82.5249,0.6763589,CC(C)C(NC(=O)[C@@H]1C[C@@H](O)CN1C(=O)CNC(=O)c1ccc2cc(F)ccc2n1)c1ccccc1,1,COc1ccc([C@H](C)NC(=O)[C@@H]2C[C@@H](O)CN2C(=O)CNC(=O)c2ccc3cc(F)ccc3n2)c(Cl)c1,O=C(NCC(=O)N1CCC[C@H]1C(=O)NCc1ccccc1)c1ccc2ccccc2n1,0.4695327,0.4695,0.7364865,0.7365,0.7779275,-9.9500,1.0000000,1.0000,[],35
2.3111,4.8186,81.6214,0.6753121,CC(NC(=O)[C@@H]1C[C@@H](O)CN1C(=O)CNC(=O)c1ccc2cc(F)ccc2n1)c1ccc(Cl)cc1,1,COc1ccc([C@H](C)NC(=O)[C@@H]2C[C@@H](O)CN2C(=O)CNC(=O)c2ccc3cc(F)ccc3n2)c(Cl)c1,O=C(NCC(=O)N1CCC[C@H]1C(=O)NCc1ccccc1)c1ccc2ccccc2n1,0.4834885,0.4835,0.8014184,0.8014,0.7326326,-9.4700,1.0000000,1.0000,[],35
2.2495,4.1297,72.0438,0.5951057,COc1ccc(CNC(=O)[C@@H]2C[C@@H](O)CN2C(=O)CNC(=O)c2ccc3cc(F)ccc3n2)cc1,1,COc1ccc([C@H](C)NC(=O)[C@@H]2C[C@@H](O)CN2C(=O)CNC(=O)c2ccc3cc(F)ccc3n2)c(Cl)c1,O=C(NCC(=O)N1CCC[C@H]1C(=O)NCc1ccccc1)c1ccc2ccccc2n1,0.4701237,0.4701,0.7832168,0.7832,0.5836347,-8.1600,1.0000000,1.0000,[],35
2.3934,4.2698,80.8253,0.6648056,C[C@@H](NC(=O)[C@@H]1C[C@@H](O)CN1C(=O)CNC(=O)c1ccc2cc(F)ccc2n1)c1ccc(Cl)cc1,1,COc1ccc([C@H](C)NC(=O)[C@@H]2C[C@@H](O)CN2C(=O)CNC(=O)c2ccc3cc(F)ccc3n2)c(Cl)c1,O=C(NCC(=O)N1CCC[C@H]1C(=O)NCc1ccccc1)c1ccc2ccccc2n1,0.4834885,0.4835,0.8014184,0.8014,0.7100135,-9.2500,1.0000000,1.0000,[],35
2.2578,4.3193,79.5056,0.6548825,O=C(NCC(=O)N1C[C@H](O)C[C@H]1C(=O)NCc1ccc(Cl)c(Cl)c1)c1ccc2cc(F)ccc2n1,1,COc1ccc([C@H](C)NC(=O)[C@@H]2C[C@@H](O)CN2C(=O)CNC(=O)c2ccc3cc(F)ccc3n2)c(Cl)c1,O=C(NCC(=O)N1CCC[C@H]1C(=O)NCc1ccccc1)c1ccc2ccccc2n1,0.4640416,0.4640,0.7114094,0.7114,0.7464290,-9.6100,1.0000000,1.0000,[],35
2.3435,3.8934,81.6967,0.6686721,O=C(NCC(=O)N1C[C@H](O)C[C@H]1C(=O)NCc1ccc(Cl)cc1)c1ccc2cc(F)ccc2n1,1,COc1ccc([C@H](C)NC(=O)[C@@H]2C[C@@H](O)CN2C(=O)CNC(=O)c2ccc3cc(F)ccc3n2)c(Cl)c1,O=C(NCC(=O)N1CCC[C@H]1C(=O)NCc1ccccc1)c1ccc2ccccc2n1,0.4955094,0.4955,0.7260274,0.7260,0.7454593,-9.6000,1.0000000,1.0000,[],35
2.2423,3.2004,77.2229,0.6283072,O=C(NCC(=O)N1C[C@H](O)C[C@H]1C(=O)NCc1cccc(Cl)c1)c1ccc2cc(F)ccc2n1,1,COc1ccc([C@H](C)NC(=O)[C@@H]2C[C@@H](O)CN2C(=O)CNC(=O)c2ccc3cc(F)ccc3n2)c(Cl)c1,O=C(NCC(=O)N1CCC[C@H]1C(=O)NCc1ccccc1)c1ccc2ccccc2n1,0.4955094,0.4955,0.7210884,0.7211,0.6604256,-8.8000,1.0000000,1.0000,[],35
2.3830,4.2413,70.9730,0.5876117,O=C(NCC(=O)N1C[C@H](O)C[C@H]1C(=O)N[C@@H](CO)c1cccc(Cl)c1)c1ccc2cc(F)ccc2n1,1,COc1ccc([C@H](C)NC(=O)[C@@H]2C[C@@H](O)CN2C(=O)CNC(=O)c2ccc3cc(F)ccc3n2)c(Cl)c1,O=C(NCC(=O)N1CCC[C@H]1C(=O)NCc1ccccc1)c1ccc2ccccc2n1,0.3782864,0.3783,0.7432432,0.7432,0.6511860,-8.7200,1.0000000,1.0000,[],35
2.3159,4.6734,74.2686,0.6167343,O=C(NCC(=O)N1C[C@H](O)C[C@H]1C(=O)N[C@H](CO)c1cccc(Cl)c1)c1ccc2cc(F)ccc2n1,1,COc1ccc([C@H](C)NC(=O)[C@@H]2C[C@@H](O)CN2C(=O)CNC(=O)c2ccc3cc(F)ccc3n2)c(Cl)c1,O=C(NCC(=O)N1CCC[C@H]1C(=O)NCc1ccccc1)c1ccc2ccccc2n1,0.3782864,0.3783,0.7432432,0.7432,0.7173324,-9.3200,1.0000000,1.0000,[],35
2.3956,8.7137,77.1655,0.6709312,CC(C)C(NC(=O)[C@@H]1C[C@@H](O)CN1C(=O)CNC(=O)c1ccc2cc(F)ccc2n1)c1ccc(Cl)cc1,1,COc1ccc([C@H](C)NC(=O)[C@@H]2C[C@@H](O)CN2C(=O)CNC(=O)c2ccc3cc(F)ccc3n2)c(Cl)c1,O=C(NCC(=O)N1CCC[C@H]1C(=O)NCc1ccccc1)c1ccc2ccccc2n1,0.4374885,0.4375,0.7619048,0.7619,0.7796905,-9.9700,1.0000000,1.0000,[],36
2.2531,4.0491,82.5249,0.6763589,CC(C)C(NC(=O)[C@@H]1C[C@@H](O)CN1C(=O)CNC(=O)c1ccc2cc(F)ccc2n1)c1ccccc1,1,COc1ccc([C@H](C)NC(=O)[C@@H]2C[C@@H](O)CN2C(=O)CNC(=O)c2ccc3cc(F)ccc3n2)c(Cl)c1,O=C(NCC(=O)N1CCC[C@H]1C(=O)NCc1ccccc1)c1ccc2ccccc2n1,0.4695327,0.4695,0.7364865,0.7365,0.7779275,-9.9500,1.0000000,1.0000,[],36
2.2175,4.8186,81.6214,0.6753121,CC(NC(=O)[C@@H]1C[C@@H](O)CN1C(=O)CNC(=O)c1ccc2cc(F)ccc2n1)c1ccc(Cl)cc1,1,COc1ccc([C@H](C)NC(=O)[C@@H]2C[C@@H](O)CN2C(=O)CNC(=O)c2ccc3cc(F)ccc3n2)c(Cl)c1,O=C(NCC(=O)N1CCC[C@H]1C(=O)NCc1ccccc1)c1ccc2ccccc2n1,0.4834885,0.4835,0.8014184,0.8014,0.7326326,-9.4700,1.0000000,1.0000,[],36
2.2678,4.1297,72.0438,0.5951057,COc1ccc(CNC(=O)[C@@H]2C[C@@H](O)CN2C(=O)CNC(=O)c2ccc3cc(F)ccc3n2)cc1,1,COc1ccc([C@H](C)NC(=O)[C@@H]2C[C@@H](O)CN2C(=O)CNC(=O)c2ccc3cc(F)ccc3n2)c(Cl)c1,O=C(NCC(=O)N1CCC[C@H]1C(=O)NCc1ccccc1)c1ccc2ccccc2n1,0.4701237,0.4701,0.7832168,0.7832,0.5836347,-8.1600,1.0000000,1.0000,[],36
2.3708,4.2698,80.8253,0.6648056,C[C@@H](NC(=O)[C@@H]1C[C@@H](O)CN1C(=O)CNC(=O)c1ccc2cc(F)ccc2n1)c1ccc(Cl)cc1,1,COc1ccc([C@H](C)NC(=O)[C@@H]2C[C@@H](O)CN2C(=O)CNC(=O)c2ccc3cc(F)ccc3n2)c(Cl)c1,O=C(NCC(=O)N1CCC[C@H]1C(=O)NCc1ccccc1)c1ccc2ccccc2n1,0.4834885,0.4835,0.8014184,0.8014,0.7100135,-9.2500,1.0000000,1.0000,[],36
2.3395,4.3193,79.5056,0.6548825,O=C(NCC(=O)N1C[C@H](O)C[C@H]1C(=O)NCc1ccc(Cl)c(Cl)c1)c1ccc2cc(F)ccc2n1,1,COc1ccc([C@H](C)NC(=O)[C@@H]2C[C@@H](O)CN2C(=O)CNC(=O)c2ccc3cc(F)ccc3n2)c(Cl)c1,O=C(NCC(=O)N1CCC[C@H]1C(=O)NCc1ccccc1)c1ccc2ccccc2n1,0.4640416,0.4640,0.7114094,0.7114,0.7464290,-9.6100,1.0000000,1.0000,[],36
2.2136,3.8934,81.6967,0.6686721,O=C(NCC(=O)N1C[C@H](O)C[C@H]1C(=O)NCc1ccc(Cl)cc1)c1ccc2cc(F)ccc2n1,1,COc1ccc([C@H](C)NC(=O)[C@@H]2C[C@@H](O)CN2C(=O)CNC(=O)c2ccc3cc(F)ccc3n2)c(Cl)c1,O=C(NCC(=O)N1CCC[C@H]1C(=O)NCc1ccccc1)c1ccc2ccccc2n1,0.4955094,0.4955,0.7260274,0.7260,0.7454593,-9.6000,1.0000000,1.0000,[],36
2.3619,3.2004,77.2229,0.6283072,O=C(NCC(=O)N1C[C@H](O)C[C@H]1C(=O)NCc1cccc(Cl)c1)c1ccc2cc(F)ccc2n1,1,COc1ccc([C@H](C)NC(=O)[C@@H]2C[C@@H](O)CN2C(=O)CNC(=O)c2ccc3cc(F)ccc3n2)c(Cl)c1,O=C(NCC(=O)N1CCC[C@H]1C(=O)NCc1ccccc1)c1ccc2ccccc2n1,0.4955094,0.4955,0.7210884,0.7211,0.6604256,-8.8000,1.0000000,1.0000,[],36
2.3516,4.2413,70.9730,0.5876117,O=C(NCC(=O)N1C[C@H](O)C[C@H]1C(=O)N[C@@H](CO)c1cccc(Cl)c1)c1ccc2cc(F)ccc2n1,1,COc1ccc([C@H](C)NC(=O)[C@@H]2C[C@@H](O)CN2C(=O)CNC(=O)c2ccc3cc(F)ccc3n2)c(Cl)c1,O=C(NCC(=O)N1CCC[C@H]1C(=O)NCc1ccccc1)c1ccc2ccccc2n1,0.3782864,0.3783,0.7432432,0.7432,0.6511860,-8.7200,1.0000000,1.0000,[],36
2.3066,4.6734,74.2686,0.6167343,O=C(NCC(=O)N1C[C@H](O)C[C@H]1C(=O)N[C@H](CO)c1cccc(Cl)c1)c1ccc2cc(F)ccc2n1,1,COc1ccc([C@H](C)NC(=O)[C@@H]2C[C@@H](O)CN2C(=O)CNC(=O)c2ccc3cc(F)ccc3n2)c(Cl)c1,O=C(NCC(=O)N1CCC[C@H]1C(=O)NCc1ccccc1)c1ccc2ccccc2n1,0.3782864,0.3783,0.7432432,0.7432,0.7173324,-9.3200,1.0000000,1.0000,[],36
2.3401,8.7137,77.1655,0.6709312,CC(C)C(NC(=O)[C@@H]1C[C@@H](O)CN1C(=O)CNC(=O)c1ccc2cc(F)ccc2n1)c1ccc(Cl)cc1,1,COc1ccc([C@H](C)NC(=O)[C@@H]2C[C@@H](O)CN2C(=O)CNC(=O)c2ccc3cc(F)ccc3n2)c(Cl)c1,O=C(NCC(=O)N1CCC[C@H]1C(=O)NCc1ccccc1)c1ccc2ccccc2n1,0.4374885,0.4375,0.7619048,0.7619,0.7796905,-9.9700,1.0000000,1.0000,[],37
2.2706,4.0491,82.5249,0.6763589,CC(C)C(NC(=O)[C@@H]1C[C@@H](O)CN1C(=O)CNC(=O)c1ccc2cc(F)ccc2n1)c1ccccc1,1,COc1ccc([C@H](C)NC(=O)[C@@H]2C[C@@H](O)CN2C(=O)CNC(=O)c2ccc3cc(F)ccc3n2)c(Cl)c1,O=C(NCC(=O)N1CCC[C@H]1C(=O)NCc1ccccc1)c1ccc2ccccc2n1,0.4695327,0.4695,0.7364865,0.7365,0.7779275,-9.9500,1.0000000,1.0000,[],37
2.2046,4.8186,81.6214,0.6753121,CC(NC(=O)[C@@H]1C[C@@H](O)CN1C(=O)CNC(=O)c1ccc2cc(F)ccc2n1)c1ccc(Cl)cc1,1,COc1ccc([C@H](C)NC(=O)[C@@H]2C[C@@H](O)CN2C(=O)CNC(=O)c2ccc3cc(F)ccc3n2)c(Cl)c1,O=C(NCC(=O)N1CCC[C@H]1C(=O)NCc1ccccc1)c1ccc2ccccc2n1,0.4834885,0.4835,0.8014184,0.8014,0.7326326,-9.4700,1.0000000,1.0000,[],37
2.3004,4.1297,72.0438,0.5951057,COc1ccc(CNC(=O)[C@@H]2C[C@@H](O)CN2C(=O)CNC(=O)c2ccc3cc(F)ccc3n2)cc1,1,COc1ccc([C@H](C)NC(=O)[C@@H]2C[C@@H](O)CN2C(=O)CNC(=O)c2ccc3cc(F)ccc3n2)c(Cl)c1,O=C(NCC(=O)N1CCC[C@H]1C(=O)NCc1ccccc1)c1ccc2ccccc2n1,0.4701237,0.4701,0.7832168,0.7832,0.5836347,-8.1600,1.0000000,1.0000,[],37
2.3389,4.2698,80.8253,0.6648056,C[C@@H](NC(=O)[C@@H]1C[C@@H](O)CN1C(=O)CNC(=O)c1ccc2cc(F)ccc2n1)c1ccc(Cl)cc1,1,COc1ccc([C@H](C)NC(=O)[C@@H]2C[C@@H](O)CN2C(=O)CNC(=O)c2ccc3cc(F)ccc3n2)c(Cl)c1,O=C(NCC(=O)N1CCC[C@H]1C(=O)NCc1ccccc1)c1ccc2ccccc2n1,0.4834885,0.4835,0.8014184,0.8014,0.7100135,-9.2500,1.0000000,1.0000,[],37
2.2555,4.3193,79.5056,0.6548825,O=C(NCC(=O)N1C[C@H](O)C[C@H]1C(=O)NCc1ccc(Cl)c(Cl)c1)c1ccc2cc(F)ccc2n1,1,COc1ccc([C@H](C)NC(=O)[C@@H]2C[C@@H](O)CN2C(=O)CNC(=O)c2ccc3cc(F)ccc3n2)c(Cl)c1,O=C(NCC(=O)N1CCC[C@H]1C(=O)NCc1ccccc1)c1ccc2ccccc2n1,0.4640416,0.4640,0.7114094,0.7114,0.7464290,-9.6100,1.0000000,1.0000,[],37
2.2352,3.8934,81.6967,0.6686721,O=C(NCC(=O)N1C[C@H](O)C[C@H]1C(=O)NCc1ccc(Cl)cc1)c1ccc2cc(F)ccc2n1,1,COc1ccc([C@H](C)NC(=O)[C@@H]2C[C@@H](O)CN2C(=O)CNC(=O)c2ccc3cc(F)ccc3n2)c(Cl)c1,O=C(NCC(=O)N1CCC[C@H]1C(=O)NCc1ccccc1)c1ccc2ccccc2n1,0.4955094,0.4955,0.7260274,0.7260,0.7454593,-9.6000,1.0000000,1.0000,[],37
2.4373,3.2004,77.2229,0.6283072,O=C(NCC(=O)N1C[C@H](O)C[C@H]1C(=O)NCc1cccc(Cl)c1)c1ccc2cc(F)ccc2n1,1,COc1ccc([C@H](C)NC(=O)[C@@H]2C[C@@H](O)CN2C(=O)CNC(=O)c2ccc3cc(F)ccc3n2)c(Cl)c1,O=C(NCC(=O)N1CCC[C@H]1C(=O)NCc1ccccc1)c1ccc2ccccc2n1,0.4955094,0.4955,0.7210884,0.7211,0.6604256,-8.8000,1.0000000,1.0000,[],37
2.3590,4.2413,70.9730,0.5876117,O=C(NCC(=O)N1C[C@H](O)C[C@H]1C(=O)N[C@@H](CO)c1cccc(Cl)c1)c1ccc2cc(F)ccc2n1,1,COc1ccc([C@H](C)NC(=O)[C@@H]2C[C@@H](O)CN2C(=O)CNC(=O)c2ccc3cc(F)ccc3n2)c(Cl)c1,O=C(NCC(=O)N1CCC[C@H]1C(=O)NCc1ccccc1)c1ccc2ccccc2n1,0.3782864,0.3783,0.7432432,0.7432,0.6511860,-8.7200,1.0000000,1.0000,[],37
2.3364,4.6734,74.2686,0.6167343,O=C(NCC(=O)N1C[C@H](O)C[C@H]1C(=O)N[C@H](CO)c1cccc(Cl)c1)c1ccc2cc(F)ccc2n1,1,COc1ccc([C@H](C)NC(=O)[C@@H]2C[C@@H](O)CN2C(=O)CNC(=O)c2ccc3cc(F)ccc3n2)c(Cl)c1,O=C(NCC(=O)N1CCC[C@H]1C(=O)NCc1ccccc1)c1ccc2ccccc2n1,0.3782864,0.3783,0.7432432,0.7432,0.7173324,-9.3200,1.0000000,1.0000,[],37
2.2545,8.7137,77.1655,0.6709312,CC(C)C(NC(=O)[C@@H]1C[C@@H](O)CN1C(=O)CNC(=O)c1ccc2cc(F)ccc2n1)c1ccc(Cl)cc1,1,COc1ccc([C@H](C)NC(=O)[C@@H]2C[C@@H](O)CN2C(=O)CNC(=O)c2ccc3cc(F)ccc3n2)c(Cl)c1,O=C(NCC(=O)N1CCC[C@H]1C(=O)NCc1ccccc1)c1ccc2ccccc2n1,0.4374885,0.4375,0.7619048,0.7619,0.7796905,-9.9700,1.0000000,1.0000,[],38
2.2455,4.0491,82.5249,0.6763589,CC(C)C(NC(=O)[C@@H]1C[C@@H](O)CN1C(=O)CNC(=O)c1ccc2cc(F)ccc2n1)c1ccccc1,1,COc1ccc([C@H](C)NC(=O)[C@@H]2C[C@@H](O)CN2C(=O)CNC(=O)c2ccc3cc(F)ccc3n2)c(Cl)c1,O=C(NCC(=O)N1CCC[C@H]1C(=O)NCc1ccccc1)c1ccc2ccccc2n1,0.4695327,0.4695,0.7364865,0.7365,0.7779275,-9.9500,1.0000000,1.0000,[],38
2.2776,4.8186,81.6214,0.6753121,CC(NC(=O)[C@@H]1C[C@@H](O)CN1C(=O)CNC(=O)c1ccc2cc(F)ccc2n1)c1ccc(Cl)cc1,1,COc1ccc([C@H](C)NC(=O)[C@@H]2C[C@@H](O)CN2C(=O)CNC(=O)c2ccc3cc(F)ccc3n2)c(Cl)c1,O=C(NCC(=O)N1CCC[C@H]1C(=O)NCc1ccccc1)c1ccc2ccccc2n1,0.4834885,0.4835,0.8014184,0.8014,0.7326326,-9.4700,1.0000000,1.0000,[],38
2.3474,4.1297,72.0438,0.5951057,COc1ccc(CNC(=O)[C@@H]2C[C@@H](O)CN2C(=O)CNC(=O)c2ccc3cc(F)ccc3n2)cc1,1,COc1ccc([C@H](C)NC(=O)[C@@H]2C[C@@H](O)CN2C(=O)CNC(=O)c2ccc3cc(F)ccc3n2)c(Cl)c1,O=C(NCC(=O)N1CCC[C@H]1C(=O)NCc1ccccc1)c1ccc2ccccc2n1,0.4701237,0.4701,0.7832168,0.7832,0.5836347,-8.1600,1.0000000,1.0000,[],38
2.3086,4.2698,80.8253,0.6648056,C[C@@H](NC(=O)[C@@H]1C[C@@H](O)CN1C(=O)CNC(=O)c1ccc2cc(F)ccc2n1)c1ccc(Cl)cc1,1,COc1ccc([C@H](C)NC(=O)[C@@H]2C[C@@H](O)CN2C(=O)CNC(=O)c2ccc3cc(F)ccc3n2)c(Cl)c1,O=C(NCC(=O)N1CCC[C@H]1C(=O)NCc1ccccc1)c1ccc2ccccc2n1,0.4834885,0.4835,0.8014184,0.8014,0.7100135,-9.2500,1.0000000,1.0000,[],38
2.1838,4.3193,79.5056,0.6548825,O=C(NCC(=O)N1C[C@H](O)C[C@H]1C(=O)NCc1ccc(Cl)c(Cl)c1)c1ccc2cc(F)ccc2n1,1,COc1ccc([C@H](C)NC(=O)[C@@H]2C[C@@H](O)CN2C(=O)CNC(=O)c2ccc3cc(F)ccc3n2)c(Cl)c1,O=C(NCC(=O)N1CCC[C@H]1C(=O)NCc1ccccc1)c1ccc2ccccc2n1,0.4640416,0.4640,0.7114094,0.7114,0.7464290,-9.6100,1.0000000,1.0000,[],38
2.2486,3.8934,81.6967,0.6686721,O=C(NCC(=O)N1C[C@H](O)C[C@H]1C(=O)NCc1ccc(Cl)cc1)c1ccc2cc(F)ccc2n1,1,COc1ccc([C@H](C)NC(=O)[C@@H]2C[C@@H](O)CN2C(=O)CNC(=O)c2ccc3cc(F)ccc3n2)c(Cl)c1,O=C(NCC(=O)N1CCC[C@H]1C(=O)NCc1ccccc1)c1ccc2ccccc2n1,0.4955094,0.4955,0.7260274,0.7260,0.7454593,-9.6000,1.0000000,1.0000,[],38
2.4427,3.2004,77.2229,0.6283072,O=C(NCC(=O)N1C[C@H](O)C[C@H]1C(=O)NCc1cccc(Cl)c1)c1ccc2cc(F)ccc2n1,1,COc1ccc([C@H](C)NC(=O)[C@@H]2C[C@@H](O)CN2C(=O)CNC(=O)c2ccc3cc(F)ccc3n2)c(Cl)c1,O=C(NCC(=O)N1CCC[C@H]1C(=O)NCc1ccccc1)c1ccc2ccccc2n1,0.4955094,0.4955,0.7210884,0.7211,0.6604256,-8.8000,1.0000000,1.0000,[],38
2.3919,4.2413,70.9730,0.5876117,O=C(NCC(=O)N1C[C@H](O)C[C@H]1C(=O)N[C@@H](CO)c1cccc(Cl)c1)c1ccc2cc(F)ccc2n1,1,COc1ccc([C@H](C)NC(=O)[C@@H]2C[C@@H](O)CN2C(=O)CNC(=O)c2ccc3cc(F)ccc3n2)c(Cl)c1,O=C(NCC(=O)N1CCC[C@H]1C(=O)NCc1ccccc1)c1ccc2ccccc2n1,0.3782864,0.3783,0.7432432,0.7432,0.6511860,-8.7200,1.0000000,1.0000,[],38
2.3842,4.6734,74.2686,0.6167343,O=C(NCC(=O)N1C[C@H](O)C[C@H]1C(=O)N[C@H](CO)c1cccc(Cl)c1)c1ccc2cc(F)ccc2n1,1,COc1ccc([C@H](C)NC(=O)[C@@H]2C[C@@H](O)CN2C(=O)CNC(=O)c2ccc3cc(F)ccc3n2)c(Cl)c1,O=C(NCC(=O)N1CCC[C@H]1C(=O)NCc1ccccc1)c1ccc2ccccc2n1,0.3782864,0.3783,0.7432432,0.7432,0.7173324,-9.3200,1.0000000,1.0000,[],38
2.2293,8.7137,77.1655,0.6709312,CC(C)C(NC(=O)[C@@H]1C[C@@H](O)CN1C(=O)CNC(=O)c1ccc2cc(F)ccc2n1)c1ccc(Cl)cc1,1,COc1ccc([C@H](C)NC(=O)[C@@H]2C[C@@H](O)CN2C(=O)CNC(=O)c2ccc3cc(F)ccc3n2)c(Cl)c1,O=C(NCC(=O)N1CCC[C@H]1C(=O)NCc1ccccc1)c1ccc2ccccc2n1,0.4374885,0.4375,0.7619048,0.7619,0.7796905,-9.9700,1.0000000,1.0000,[],39
2.2351,4.0491,82.5249,0.6763589,CC(C)C(NC(=O)[C@@H]1C[C@@H](O)CN1C(=O)CNC(=O)c1ccc2cc(F)ccc2n1)c1ccccc1,1,COc1ccc([C@H](C)NC(=O)[C@@H]2C[C@@H](O)CN2C(=O)CNC(=O)c2ccc3cc(F)ccc3n2)c(Cl)c1,O=C(NCC(=O)N1CCC[C@H]1C(=O)NCc1ccccc1)c1ccc2ccccc2n1,0.4695327,0.4695,0.7364865,0.7365,0.7779275,-9.9500,1.0000000,1.0000,[],39
2.3028,4.8186,81.6214,0.6753121,CC(NC(=O)[C@@H]1C[C@@H](O)CN1C(=O)CNC(=O)c1ccc2cc(F)ccc2n1)c1ccc(Cl)cc1,1,COc1ccc([C@H](C)NC(=O)[C@@H]2C[C@@H](O)CN2C(=O)CNC(=O)c2ccc3cc(F)ccc3n2)c(Cl)c1,O=C(NCC(=O)N1CCC[C@H]1C(=O)NCc1ccccc1)c1ccc2ccccc2n1,0.4834885,0.4835,0.8014184,0.8014,0.7326326,-9.4700,1.0000000,1.0000,[],39
2.3936,4.1297,72.0438,0.5951057,COc1ccc(CNC(=O)[C@@H]2C[C@@H](O)CN2C(=O)CNC(=O)c2ccc3cc(F)ccc3n2)cc1,1,COc1ccc([C@H](C)NC(=O)[C@@H]2C[C@@H](O)CN2C(=O)CNC(=O)c2ccc3cc(F)ccc3n2)c(Cl)c1,O=C(NCC(=O)N1CCC[C@H]1C(=O)NCc1ccccc1)c1ccc2ccccc2n1,0.4701237,0.4701,0.7832168,0.7832,0.5836347,-8.1600,1.0000000,1.0000,[],39
2.2767,4.2698,80.8253,0.6648056,C[C@@H](NC(=O)[C@@H]1C[C@@H](O)CN1C(=O)CNC(=O)c1ccc2cc(F)ccc2n1)c1ccc(Cl)cc1,1,COc1ccc([C@H](C)NC(=O)[C@@H]2C[C@@H](O)CN2C(=O)CNC(=O)c2ccc3cc(F)ccc3n2)c(Cl)c1,O=C(NCC(=O)N1CCC[C@H]1C(=O)NCc1ccccc1)c1ccc2ccccc2n1,0.4834885,0.4835,0.8014184,0.8014,0.7100135,-9.2500,1.0000000,1.0000,[],39
2.2747,4.3193,79.5056,0.6548825,O=C(NCC(=O)N1C[C@H](O)C[C@H]1C(=O)NCc1ccc(Cl)c(Cl)c1)c1ccc2cc(F)ccc2n1,1,COc1ccc([C@H](C)NC(=O)[C@@H]2C[C@@H](O)CN2C(=O)CNC(=O)c2ccc3cc(F)ccc3n2)c(Cl)c1,O=C(NCC(=O)N1CCC[C@H]1C(=O)NCc1ccccc1)c1ccc2ccccc2n1,0.4640416,0.4640,0.7114094,0.7114,0.7464290,-9.6100,1.0000000,1.0000,[],39
2.1485,3.8934,81.6967,0.6686721,O=C(NCC(=O)N1C[C@H](O)C[C@H]1C(=O)NCc1ccc(Cl)cc1)c1ccc2cc(F)ccc2n1,1,COc1ccc([C@H](C)NC(=O)[C@@H]2C[C@@H](O)CN2C(=O)CNC(=O)c2ccc3cc(F)ccc3n2)c(Cl)c1,O=C(NCC(=O)N1CCC[C@H]1C(=O)NCc1ccccc1)c1ccc2ccccc2n1,0.4955094,0.4955,0.7260274,0.7260,0.7454593,-9.6000,1.0000000,1.0000,[],39
2.4016,3.2004,77.2229,0.6283072,O=C(NCC(=O)N1C[C@H](O)C[C@H]1C(=O)NCc1cccc(Cl)c1)c1ccc2cc(F)ccc2n1,1,COc1ccc([C@H](C)NC(=O)[C@@H]2C[C@@H](O)CN2C(=O)CNC(=O)c2ccc3cc(F)ccc3n2)c(Cl)c1,O=C(NCC(=O)N1CCC[C@H]1C(=O)NCc1ccccc1)c1ccc2ccccc2n1,0.4955094,0.4955,0.7210884,0.7211,0.6604256,-8.8000,1.0000000,1.0000,[],39
2.4174,4.2413,70.9730,0.5876117,O=C(NCC(=O)N1C[C@H](O)C[C@H]1C(=O)N[C@@H](CO)c1cccc(Cl)c1)c1ccc2cc(F)ccc2n1,1,COc1ccc([C@H](C)NC(=O)[C@@H]2C[C@@H](O)CN2C(=O)CNC(=O)c2ccc3cc(F)ccc3n2)c(Cl)c1,O=C(NCC(=O)N1CCC[C@H]1C(=O)NCc1ccccc1)c1ccc2ccccc2n1,0.3782864,0.3783,0.7432432,0.7432,0.6511860,-8.7200,1.0000000,1.0000,[],39
2.4138,4.6734,74.2686,0.6167343,O=C(NCC(=O)N1C[C@H](O)C[C@H]1C(=O)N[C@H](CO)c1cccc(Cl)c1)c1ccc2cc(F)ccc2n1,1,COc1ccc([C@H](C)NC(=O)[C@@H]2C[C@@H](O)CN2C(=O)CNC(=O)c2ccc3cc(F)ccc3n2)c(Cl)c1,O=C(NCC(=O)N1CCC[C@H]1C(=O)NCc1ccccc1)c1ccc2ccccc2n1,0.3782864,0.3783,0.7432432,0.7432,0.7173324,-9.3200,1.0000000,1.0000,[],39
2.2763,8.7137,77.1655,0.6709312,CC(C)C(NC(=O)[C@@H]1C[C@@H](O)CN1C(=O)CNC(=O)c1ccc2cc(F)ccc2n1)c1ccc(Cl)cc1,1,COc1ccc([C@H](C)NC(=O)[C@@H]2C[C@@H](O)CN2C(=O)CNC(=O)c2ccc3cc(F)ccc3n2)c(Cl)c1,O=C(NCC(=O)N1CCC[C@H]1C(=O)NCc1ccccc1)c1ccc2ccccc2n1,0.4374885,0.4375,0.7619048,0.7619,0.7796905,-9.9700,1.0000000,1.0000,[],40
2.2646,4.0491,82.5249,0.6763589,CC(C)C(NC(=O)[C@@H]1C[C@@H](O)CN1C(=O)CNC(=O)c1ccc2cc(F)ccc2n1)c1ccccc1,1,COc1ccc([C@H](C)NC(=O)[C@@H]2C[C@@H](O)CN2C(=O)CNC(=O)c2ccc3cc(F)ccc3n2)c(Cl)c1,O=C(NCC(=O)N1CCC[C@H]1C(=O)NCc1ccccc1)c1ccc2ccccc2n1,0.4695327,0.4695,0.7364865,0.7365,0.7779275,-9.9500,1.0000000,1.0000,[],40
2.2377,4.8186,81.6214,0.6753121,CC(NC(=O)[C@@H]1C[C@@H](O)CN1C(=O)CNC(=O)c1ccc2cc(F)ccc2n1)c1ccc(Cl)cc1,1,COc1ccc([C@H](C)NC(=O)[C@@H]2C[C@@H](O)CN2C(=O)CNC(=O)c2ccc3cc(F)ccc3n2)c(Cl)c1,O=C(NCC(=O)N1CCC[C@H]1C(=O)NCc1ccccc1)c1ccc2ccccc2n1,0.4834885,0.4835,0.8014184,0.8014,0.7326326,-9.4700,1.0000000,1.0000,[],40
2.4358,4.1297,72.0438,0.5951057,COc1ccc(CNC(=O)[C@@H]2C[C@@H](O)CN2C(=O)CNC(=O)c2ccc3cc(F)ccc3n2)cc1,1,COc1ccc([C@H](C)NC(=O)[C@@H]2C[C@@H](O)CN2C(=O)CNC(=O)c2ccc3cc(F)ccc3n2)c(Cl)c1,O=C(NCC(=O)N1CCC[C@H]1C(=O)NCc1ccccc1)c1ccc2ccccc2n1,0.4701237,0.4701,0.7832168,0.7832,0.5836347,-8.1600,1.0000000,1.0000,[],40
2.2454,4.2698,80.8253,0.6648056,C[C@@H](NC(=O)[C@@H]1C[C@@H](O)CN1C(=O)CNC(=O)c1ccc2cc(F)ccc2n1)c1ccc(Cl)cc1,1,COc1ccc([C@H](C)NC(=O)[C@@H]2C[C@@H](O)CN2C(=O)CNC(=O)c2ccc3cc(F)ccc3n2)c(Cl)c1,O=C(NCC(=O)N1CCC[C@H]1C(=O)NCc1ccccc1)c1ccc2ccccc2n1,0.4834885,0.4835,0.8014184,0.8014,0.7100135,-9.2500,1.0000000,1.0000,[],40
2.2461,4.3193,79.5056,0.6548825,O=C(NCC(=O)N1C[C@H](O)C[C@H]1C(=O)NCc1ccc(Cl)c(Cl)c1)c1ccc2cc(F)ccc2n1,1,COc1ccc([C@H](C)NC(=O)[C@@H]2C[C@@H](O)CN2C(=O)CNC(=O)c2ccc3cc(F)ccc3n2)c(Cl)c1,O=C(NCC(=O)N1CCC[C@H]1C(=O)NCc1ccccc1)c1ccc2ccccc2n1,0.4640416,0.4640,0.7114094,0.7114,0.7464290,-9.6100,1.0000000,1.0000,[],40
2.2330,3.8934,81.6967,0.6686721,O=C(NCC(=O)N1C[C@H](O)C[C@H]1C(=O)NCc1ccc(Cl)cc1)c1ccc2cc(F)ccc2n1,1,COc1ccc([C@H](C)NC(=O)[C@@H]2C[C@@H](O)CN2C(=O)CNC(=O)c2ccc3cc(F)ccc3n2)c(Cl)c1,O=C(NCC(=O)N1CCC[C@H]1C(=O)NCc1ccccc1)c1ccc2ccccc2n1,0.4955094,0.4955,0.7260274,0.7260,0.7454593,-9.6000,1.0000000,1.0000,[],40
2.3425,3.2004,77.2229,0.6283072,O=C(NCC(=O)N1C[C@H](O)C[C@H]1C(=O)NCc1cccc(Cl)c1)c1ccc2cc(F)ccc2n1,1,COc1ccc([C@H](C)NC(=O)[C@@H]2C[C@@H](O)CN2C(=O)CNC(=O)c2ccc3cc(F)ccc3n2)c(Cl)c1,O=C(NCC(=O)N1CCC[C@H]1C(=O)NCc1ccccc1)c1ccc2ccccc2n1,0.4955094,0.4955,0.7210884,0.7211,0.6604256,-8.8000,1.0000000,1.0000,[],40
2.4048,4.2413,70.9730,0.5876117,O=C(NCC(=O)N1C[C@H](O)C[C@H]1C(=O)N[C@@H](CO)c1cccc(Cl)c1)c1ccc2cc(F)ccc2n1,1,COc1ccc([C@H](C)NC(=O)[C@@H]2C[C@@H](O)CN2C(=O)CNC(=O)c2ccc3cc(F)ccc3n2)c(Cl)c1,O=C(NCC(=O)N1CCC[C@H]1C(=O)NCc1ccccc1)c1ccc2ccccc2n1,0.3782864,0.3783,0.7432432,0.7432,0.6511860,-8.7200,1.0000000,1.0000,[],40
2.3937,4.6734,74.2686,0.6167343,O=C(NCC(=O)N1C[C@H](O)C[C@H]1C(=O)N[C@H](CO)c1cccc(Cl)c1)c1ccc2cc(F)ccc2n1,1,COc1ccc([C@H](C)NC(=O)[C@@H]2C[C@@H](O)CN2C(=O)CNC(=O)c2ccc3cc(F)ccc3n2)c(Cl)c1,O=C(NCC(=O)N1CCC[C@H]1C(=O)NCc1ccccc1)c1ccc2ccccc2n1,0.3782864,0.3783,0.7432432,0.7432,0.7173324,-9.3200,1.0000000,1.0000,[],40
2.3351,8.7137,77.1655,0.6709312,CC(C)C(NC(=O)[C@@H]1C[C@@H](O)CN1C(=O)CNC(=O)c1ccc2cc(F)ccc2n1)c1ccc(Cl)cc1,1,COc1ccc([C@H](C)NC(=O)[C@@H]2C[C@@H](O)CN2C(=O)CNC(=O)c2ccc3cc(F)ccc3n2)c(Cl)c1,O=C(NCC(=O)N1CCC[C@H]1C(=O)NCc1ccccc1)c1ccc2ccccc2n1,0.4374885,0.4375,0.7619048,0.7619,0.7796905,-9.9700,1.0000000,1.0000,[],41
2.2806,4.0491,82.5249,0.6763589,CC(C)C(NC(=O)[C@@H]1C[C@@H](O)CN1C(=O)CNC(=O)c1ccc2cc(F)ccc2n1)c1ccccc1,1,COc1ccc([C@H](C)NC(=O)[C@@H]2C[C@@H](O)CN2C(=O)CNC(=O)c2ccc3cc(F)ccc3n2)c(Cl)c1,O=C(NCC(=O)N1CCC[C@H]1C(=O)NCc1ccccc1)c1ccc2ccccc2n1,0.4695327,0.4695,0.7364865,0.7365,0.7779275,-9.9500,1.0000000,1.0000,[],41
2.2030,4.8186,81.6214,0.6753121,CC(NC(=O)[C@@H]1C[C@@H](O)CN1C(=O)CNC(=O)c1ccc2cc(F)ccc2n1)c1ccc(Cl)cc1,1,COc1ccc([C@H](C)NC(=O)[C@@H]2C[C@@H](O)CN2C(=O)CNC(=O)c2ccc3cc(F)ccc3n2)c(Cl)c1,O=C(NCC(=O)N1CCC[C@H]1C(=O)NCc1ccccc1)c1ccc2ccccc2n1,0.4834885,0.4835,0.8014184,0.8014,0.7326326,-9.4700,1.0000000,1.0000,[],41
2.4697,4.1297,72.0438,0.5951057,COc1ccc(CNC(=O)[C@@H]2C[C@@H](O)CN2C(=O)CNC(=O)c2ccc3cc(F)ccc3n2)cc1,1,COc1ccc([C@H](C)NC(=O)[C@@H]2C[C@@H](O)CN2C(=O)CNC(=O)c2ccc3cc(F)ccc3n2)c(Cl)c1,O=C(NCC(=O)N1CCC[C@H]1C(=O)NCc1ccccc1)c1ccc2ccccc2n1,0.4701237,0.4701,0.7832168,0.7832,0.5836347,-8.1600,1.0000000,1.0000,[],41
2.2237,4.2698,80.8253,0.6648056,C[C@@H](NC(=O)[C@@H]1C[C@@H](O)CN1C(=O)CNC(=O)c1ccc2cc(F)ccc2n1)c1ccc(Cl)cc1,1,COc1ccc([C@H](C)NC(=O)[C@@H]2C[C@@H](O)CN2C(=O)CNC(=O)c2ccc3cc(F)ccc3n2)c(Cl)c1,O=C(NCC(=O)N1CCC[C@H]1C(=O)NCc1ccccc1)c1ccc2ccccc2n1,0.4834885,0.4835,0.8014184,0.8014,0.7100135,-9.2500,1.0000000,1.0000,[],41
2.2579,4.3193,79.5056,0.6548825,O=C(NCC(=O)N1C[C@H](O)C[C@H]1C(=O)NCc1ccc(Cl)c(Cl)c1)c1ccc2cc(F)ccc2n1,1,COc1ccc([C@H](C)NC(=O)[C@@H]2C[C@@H](O)CN2C(=O)CNC(=O)c2ccc3cc(F)ccc3n2)c(Cl)c1,O=C(NCC(=O)N1CCC[C@H]1C(=O)NCc1ccccc1)c1ccc2ccccc2n1,0.4640416,0.4640,0.7114094,0.7114,0.7464290,-9.6100,1.0000000,1.0000,[],41
2.3120,3.8934,81.6967,0.6686721,O=C(NCC(=O)N1C[C@H](O)C[C@H]1C(=O)NCc1ccc(Cl)cc1)c1ccc2cc(F)ccc2n1,1,COc1ccc([C@H](C)NC(=O)[C@@H]2C[C@@H](O)CN2C(=O)CNC(=O)c2ccc3cc(F)ccc3n2)c(Cl)c1,O=C(NCC(=O)N1CCC[C@H]1C(=O)NCc1ccccc1)c1ccc2ccccc2n1,0.4955094,0.4955,0.7260274,0.7260,0.7454593,-9.6000,1.0000000,1.0000,[],41
2.2834,3.2004,77.2229,0.6283072,O=C(NCC(=O)N1C[C@H](O)C[C@H]1C(=O)NCc1cccc(Cl)c1)c1ccc2cc(F)ccc2n1,1,COc1ccc([C@H](C)NC(=O)[C@@H]2C[C@@H](O)CN2C(=O)CNC(=O)c2ccc3cc(F)ccc3n2)c(Cl)c1,O=C(NCC(=O)N1CCC[C@H]1C(=O)NCc1ccccc1)c1ccc2ccccc2n1,0.4955094,0.4955,0.7210884,0.7211,0.6604256,-8.8000,1.0000000,1.0000,[],41
2.3711,4.2413,70.9730,0.5876117,O=C(NCC(=O)N1C[C@H](O)C[C@H]1C(=O)N[C@@H](CO)c1cccc(Cl)c1)c1ccc2cc(F)ccc2n1,1,COc1ccc([C@H](C)NC(=O)[C@@H]2C[C@@H](O)CN2C(=O)CNC(=O)c2ccc3cc(F)ccc3n2)c(Cl)c1,O=C(NCC(=O)N1CCC[C@H]1C(=O)NCc1ccccc1)c1ccc2ccccc2n1,0.3782864,0.3783,0.7432432,0.7432,0.6511860,-8.7200,1.0000000,1.0000,[],41
2.3413,4.6734,74.2686,0.6167343,O=C(NCC(=O)N1C[C@H](O)C[C@H]1C(=O)N[C@H](CO)c1cccc(Cl)c1)c1ccc2cc(F)ccc2n1,1,COc1ccc([C@H](C)NC(=O)[C@@H]2C[C@@H](O)CN2C(=O)CNC(=O)c2ccc3cc(F)ccc3n2)c(Cl)c1,O=C(NCC(=O)N1CCC[C@H]1C(=O)NCc1ccccc1)c1ccc2ccccc2n1,0.3782864,0.3783,0.7432432,0.7432,0.7173324,-9.3200,1.0000000,1.0000,[],41
2.3457,8.7137,77.1655,0.6709312,CC(C)C(NC(=O)[C@@H]1C[C@@H](O)CN1C(=O)CNC(=O)c1ccc2cc(F)ccc2n1)c1ccc(Cl)cc1,1,COc1ccc([C@H](C)NC(=O)[C@@H]2C[C@@H](O)CN2C(=O)CNC(=O)c2ccc3cc(F)ccc3n2)c(Cl)c1,O=C(NCC(=O)N1CCC[C@H]1C(=O)NCc1ccccc1)c1ccc2ccccc2n1,0.4374885,0.4375,0.7619048,0.7619,0.7796905,-9.9700,1.0000000,1.0000,[],42
2.2429,4.0491,82.5249,0.6763589,CC(C)C(NC(=O)[C@@H]1C[C@@H](O)CN1C(=O)CNC(=O)c1ccc2cc(F)ccc2n1)c1ccccc1,1,COc1ccc([C@H](C)NC(=O)[C@@H]2C[C@@H](O)CN2C(=O)CNC(=O)c2ccc3cc(F)ccc3n2)c(Cl)c1,O=C(NCC(=O)N1CCC[C@H]1C(=O)NCc1ccccc1)c1ccc2ccccc2n1,0.4695327,0.4695,0.7364865,0.7365,0.7779275,-9.9500,1.0000000,1.0000,[],42
2.2659,4.8186,81.6214,0.6753121,CC(NC(=O)[C@@H]1C[C@@H](O)CN1C(=O)CNC(=O)c1ccc2cc(F)ccc2n1)c1ccc(Cl)cc1,1,COc1ccc([C@H](C)NC(=O)[C@@H]2C[C@@H](O)CN2C(=O)CNC(=O)c2ccc3cc(F)ccc3n2)c(Cl)c1,O=C(NCC(=O)N1CCC[C@H]1C(=O)NCc1ccccc1)c1ccc2ccccc2n1,0.4834885,0.4835,0.8014184,0.8014,0.7326326,-9.4700,1.0000000,1.0000,[],42
2.4880,4.1297,72.0438,0.5951057,COc1ccc(CNC(=O)[C@@H]2C[C@@H](O)CN2C(=O)CNC(=O)c2ccc3cc(F)ccc3n2)cc1,1,COc1ccc([C@H](C)NC(=O)[C@@H]2C[C@@H](O)CN2C(=O)CNC(=O)c2ccc3cc(F)ccc3n2)c(Cl)c1,O=C(NCC(=O)N1CCC[C@H]1C(=O)NCc1ccccc1)c1ccc2ccccc2n1,0.4701237,0.4701,0.7832168,0.7832,0.5836347,-8.1600,1.0000000,1.0000,[],42
2.2115,4.2698,80.8253,0.6648056,C[C@@H](NC(=O)[C@@H]1C[C@@H](O)CN1C(=O)CNC(=O)c1ccc2cc(F)ccc2n1)c1ccc(Cl)cc1,1,COc1ccc([C@H](C)NC(=O)[C@@H]2C[C@@H](O)CN2C(=O)CNC(=O)c2ccc3cc(F)ccc3n2)c(Cl)c1,O=C(NCC(=O)N1CCC[C@H]1C(=O)NCc1ccccc1)c1ccc2ccccc2n1,0.4834885,0.4835,0.8014184,0.8014,0.7100135,-9.2500,1.0000000,1.0000,[],42
2.3731,4.3193,79.5056,0.6548825,O=C(NCC(=O)N1C[C@H](O)C[C@H]1C(=O)NCc1ccc(Cl)c(Cl)c1)c1ccc2cc(F)ccc2n1,1,COc1ccc([C@H](C)NC(=O)[C@@H]2C[C@@H](O)CN2C(=O)CNC(=O)c2ccc3cc(F)ccc3n2)c(Cl)c1,O=C(NCC(=O)N1CCC[C@H]1C(=O)NCc1ccccc1)c1ccc2ccccc2n1,0.4640416,0.4640,0.7114094,0.7114,0.7464290,-9.6100,1.0000000,1.0000,[],42
2.2609,3.8934,81.6967,0.6686721,O=C(NCC(=O)N1C[C@H](O)C[C@H]1C(=O)NCc1ccc(Cl)cc1)c1ccc2cc(F)ccc2n1,1,COc1ccc([C@H](C)NC(=O)[C@@H]2C[C@@H](O)CN2C(=O)CNC(=O)c2ccc3cc(F)ccc3n2)c(Cl)c1,O=C(NCC(=O)N1CCC[C@H]1C(=O)NCc1ccccc1)c1ccc2ccccc2n1,0.4955094,0.4955,0.7260274,0.7260,0.7454593,-9.6000,1.0000000,1.0000,[],42
2.2370,3.2004,77.2229,0.6283072,O=C(NCC(=O)N1C[C@H](O)C[C@H]1C(=O)NCc1cccc(Cl)c1)c1ccc2cc(F)ccc2n1,1,COc1ccc([C@H](C)NC(=O)[C@@H]2C[C@@H](O)CN2C(=O)CNC(=O)c2ccc3cc(F)ccc3n2)c(Cl)c1,O=C(NCC(=O)N1CCC[C@H]1C(=O)NCc1ccccc1)c1ccc2ccccc2n1,0.4955094,0.4955,0.7210884,0.7211,0.6604256,-8.8000,1.0000000,1.0000,[],42
2.3547,4.2413,70.9730,0.5876117,O=C(NCC(=O)N1C[C@H](O)C[C@H]1C(=O)N[C@@H](CO)c1cccc(Cl)c1)c1ccc2cc(F)ccc2n1,1,COc1ccc([C@H](C)NC(=O)[C@@H]2C[C@@H](O)CN2C(=O)CNC(=O)c2ccc3cc(F)ccc3n2)c(Cl)c1,O=C(NCC(=O)N1CCC[C@H]1C(=O)NCc1ccccc1)c1ccc2ccccc2n1,0.3782864,0.3783,0.7432432,0.7432,0.6511860,-8.7200,1.0000000,1.0000,[],42
2.3010,4.6734,74.2686,0.6167343,O=C(NCC(=O)N1C[C@H](O)C[C@H]1C(=O)N[C@H](CO)c1cccc(Cl)c1)c1ccc2cc(F)ccc2n1,1,COc1ccc([C@H](C)NC(=O)[C@@H]2C[C@@H](O)CN2C(=O)CNC(=O)c2ccc3cc(F)ccc3n2)c(Cl)c1,O=C(NCC(=O)N1CCC[C@H]1C(=O)NCc1ccccc1)c1ccc2ccccc2n1,0.3782864,0.3783,0.7432432,0.7432,0.7173324,-9.3200,1.0000000,1.0000,[],42
2.3312,8.7137,77.1655,0.6709312,CC(C)C(NC(=O)[C@@H]1C[C@@H](O)CN1C(=O)CNC(=O)c1ccc2cc(F)ccc2n1)c1ccc(Cl)cc1,1,COc1ccc([C@H](C)NC(=O)[C@@H]2C[C@@H](O)CN2C(=O)CNC(=O)c2ccc3cc(F)ccc3n2)c(Cl)c1,O=C(NCC(=O)N1CCC[C@H]1C(=O)NCc1ccccc1)c1ccc2ccccc2n1,0.4374885,0.4375,0.7619048,0.7619,0.7796905,-9.9700,1.0000000,1.0000,[],43
2.2142,4.0491,82.5249,0.6763589,CC(C)C(NC(=O)[C@@H]1C[C@@H](O)CN1C(=O)CNC(=O)c1ccc2cc(F)ccc2n1)c1ccccc1,1,COc1ccc([C@H](C)NC(=O)[C@@H]2C[C@@H](O)CN2C(=O)CNC(=O)c2ccc3cc(F)ccc3n2)c(Cl)c1,O=C(NCC(=O)N1CCC[C@H]1C(=O)NCc1ccccc1)c1ccc2ccccc2n1,0.4695327,0.4695,0.7364865,0.7365,0.7779275,-9.9500,1.0000000,1.0000,[],43
2.3179,4.8186,81.6214,0.6753121,CC(NC(=O)[C@@H]1C[C@@H](O)CN1C(=O)CNC(=O)c1ccc2cc(F)ccc2n1)c1ccc(Cl)cc1,1,COc1ccc([C@H](C)NC(=O)[C@@H]2C[C@@H](O)CN2C(=O)CNC(=O)c2ccc3cc(F)ccc3n2)c(Cl)c1,O=C(NCC(=O)N1CCC[C@H]1C(=O)NCc1ccccc1)c1ccc2ccccc2n1,0.4834885,0.4835,0.8014184,0.8014,0.7326326,-9.4700,1.0000000,1.0000,[],43
2.4822,4.1297,72.0438,0.5951057,COc1ccc(CNC(=O)[C@@H]2C[C@@H](O)CN2C(=O)CNC(=O)c2ccc3cc(F)ccc3n2)cc1,1,COc1ccc([C@H](C)NC(=O)[C@@H]2C[C@@H](O)CN2C(=O)CNC(=O)c2ccc3cc(F)ccc3n2)c(Cl)c1,O=C(NCC(=O)N1CCC[C@H]1C(=O)NCc1ccccc1)c1ccc2ccccc2n1,0.4701237,0.4701,0.7832168,0.7832,0.5836347,-8.1600,1.0000000,1.0000,[],43
2.1999,4.2698,80.8253,0.6648056,C[C@@H](NC(=O)[C@@H]1C[C@@H](O)CN1C(=O)CNC(=O)c1ccc2cc(F)ccc2n1)c1ccc(Cl)cc1,1,COc1ccc([C@H](C)NC(=O)[C@@H]2C[C@@H](O)CN2C(=O)CNC(=O)c2ccc3cc(F)ccc3n2)c(Cl)c1,O=C(NCC(=O)N1CCC[C@H]1C(=O)NCc1ccccc1)c1ccc2ccccc2n1,0.4834885,0.4835,0.8014184,0.8014,0.7100135,-9.2500,1.0000000,1.0000,[],43
2.3333,4.3193,79.5056,0.6548825,O=C(NCC(=O)N1C[C@H](O)C[C@H]1C(=O)NCc1ccc(Cl)c(Cl)c1)c1ccc2cc(F)ccc2n1,1,COc1ccc([C@H](C)NC(=O)[C@@H]2C[C@@H](O)CN2C(=O)CNC(=O)c2ccc3cc(F)ccc3n2)c(Cl)c1,O=C(NCC(=O)N1CCC[C@H]1C(=O)NCc1ccccc1)c1ccc2ccccc2n1,0.4640416,0.4640,0.7114094,0.7114,0.7464290,-9.6100,1.0000000,1.0000,[],43
2.3089,3.8934,81.6967,0.6686721,O=C(NCC(=O)N1C[C@H](O)C[C@H]1C(=O)NCc1ccc(Cl)cc1)c1ccc2cc(F)ccc2n1,1,COc1ccc([C@H](C)NC(=O)[C@@H]2C[C@@H](O)CN2C(=O)CNC(=O)c2ccc3cc(F)ccc3n2)c(Cl)c1,O=C(NCC(=O)N1CCC[C@H]1C(=O)NCc1ccccc1)c1ccc2ccccc2n1,0.4955094,0.4955,0.7260274,0.7260,0.7454593,-9.6000,1.0000000,1.0000,[],43
2.2185,3.2004,77.2229,0.6283072,O=C(NCC(=O)N1C[C@H](O)C[C@H]1C(=O)NCc1cccc(Cl)c1)c1ccc2cc(F)ccc2n1,1,COc1ccc([C@H](C)NC(=O)[C@@H]2C[C@@H](O)CN2C(=O)CNC(=O)c2ccc3cc(F)ccc3n2)c(Cl)c1,O=C(NCC(=O)N1CCC[C@H]1C(=O)NCc1ccccc1)c1ccc2ccccc2n1,0.4955094,0.4955,0.7210884,0.7211,0.6604256,-8.8000,1.0000000,1.0000,[],43
2.3741,4.2413,70.9730,0.5876117,O=C(NCC(=O)N1C[C@H](O)C[C@H]1C(=O)N[C@@H](CO)c1cccc(Cl)c1)c1ccc2cc(F)ccc2n1,1,COc1ccc([C@H](C)NC(=O)[C@@H]2C[C@@H](O)CN2C(=O)CNC(=O)c2ccc3cc(F)ccc3n2)c(Cl)c1,O=C(NCC(=O)N1CCC[C@H]1C(=O)NCc1ccccc1)c1ccc2ccccc2n1,0.3782864,0.3783,0.7432432,0.7432,0.6511860,-8.7200,1.0000000,1.0000,[],43
2.3008,4.6734,74.2686,0.6167343,O=C(NCC(=O)N1C[C@H](O)C[C@H]1C(=O)N[C@H](CO)c1cccc(Cl)c1)c1ccc2cc(F)ccc2n1,1,COc1ccc([C@H](C)NC(=O)[C@@H]2C[C@@H](O)CN2C(=O)CNC(=O)c2ccc3cc(F)ccc3n2)c(Cl)c1,O=C(NCC(=O)N1CCC[C@H]1C(=O)NCc1ccccc1)c1ccc2ccccc2n1,0.3782864,0.3783,0.7432432,0.7432,0.7173324,-9.3200,1.0000000,1.0000,[],43
2.3296,8.7137,77.1655,0.6709312,CC(C)C(NC(=O)[C@@H]1C[C@@H](O)CN1C(=O)CNC(=O)c1ccc2cc(F)ccc2n1)c1ccc(Cl)cc1,1,COc1ccc([C@H](C)NC(=O)[C@@H]2C[C@@H](O)CN2C(=O)CNC(=O)c2ccc3cc(F)ccc3n2)c(Cl)c1,O=C(NCC(=O)N1CCC[C@H]1C(=O)NCc1ccccc1)c1ccc2ccccc2n1,0.4374885,0.4375,0.7619048,0.7619,0.7796905,-9.9700,1.0000000,1.0000,[],44
2.2354,4.0491,82.5249,0.6763589,CC(C)C(NC(=O)[C@@H]1C[C@@H](O)CN1C(=O)CNC(=O)c1ccc2cc(F)ccc2n1)c1ccccc1,1,COc1ccc([C@H](C)NC(=O)[C@@H]2C[C@@H](O)CN2C(=O)CNC(=O)c2ccc3cc(F)ccc3n2)c(Cl)c1,O=C(NCC(=O)N1CCC[C@H]1C(=O)NCc1ccccc1)c1ccc2ccccc2n1,0.4695327,0.4695,0.7364865,0.7365,0.7779275,-9.9500,1.0000000,1.0000,[],44
2.2737,4.8186,81.6214,0.6753121,CC(NC(=O)[C@@H]1C[C@@H](O)CN1C(=O)CNC(=O)c1ccc2cc(F)ccc2n1)c1ccc(Cl)cc1,1,COc1ccc([C@H](C)NC(=O)[C@@H]2C[C@@H](O)CN2C(=O)CNC(=O)c2ccc3cc(F)ccc3n2)c(Cl)c1,O=C(NCC(=O)N1CCC[C@H]1C(=O)NCc1ccccc1)c1ccc2ccccc2n1,0.4834885,0.4835,0.8014184,0.8014,0.7326326,-9.4700,1.0000000,1.0000,[],44
2.4534,4.1297,72.0438,0.5951057,COc1ccc(CNC(=O)[C@@H]2C[C@@H](O)CN2C(=O)CNC(=O)c2ccc3cc(F)ccc3n2)cc1,1,COc1ccc([C@H](C)NC(=O)[C@@H]2C[C@@H](O)CN2C(=O)CNC(=O)c2ccc3cc(F)ccc3n2)c(Cl)c1,O=C(NCC(=O)N1CCC[C@H]1C(=O)NCc1ccccc1)c1ccc2ccccc2n1,0.4701237,0.4701,0.7832168,0.7832,0.5836347,-8.1600,1.0000000,1.0000,[],44
2.1884,4.2698,80.8253,0.6648056,C[C@@H](NC(=O)[C@@H]1C[C@@H](O)CN1C(=O)CNC(=O)c1ccc2cc(F)ccc2n1)c1ccc(Cl)cc1,1,COc1ccc([C@H](C)NC(=O)[C@@H]2C[C@@H](O)CN2C(=O)CNC(=O)c2ccc3cc(F)ccc3n2)c(Cl)c1,O=C(NCC(=O)N1CCC[C@H]1C(=O)NCc1ccccc1)c1ccc2ccccc2n1,0.4834885,0.4835,0.8014184,0.8014,0.7100135,-9.2500,1.0000000,1.0000,[],44
2.2824,4.3193,79.5056,0.6548825,O=C(NCC(=O)N1C[C@H](O)C[C@H]1C(=O)NCc1ccc(Cl)c(Cl)c1)c1ccc2cc(F)ccc2n1,1,COc1ccc([C@H](C)NC(=O)[C@@H]2C[C@@H](O)CN2C(=O)CNC(=O)c2ccc3cc(F)ccc3n2)c(Cl)c1,O=C(NCC(=O)N1CCC[C@H]1C(=O)NCc1ccccc1)c1ccc2ccccc2n1,0.4640416,0.4640,0.7114094,0.7114,0.7464290,-9.6100,1.0000000,1.0000,[],44
2.3235,3.8934,81.6967,0.6686721,O=C(NCC(=O)N1C[C@H](O)C[C@H]1C(=O)NCc1ccc(Cl)cc1)c1ccc2cc(F)ccc2n1,1,COc1ccc([C@H](C)NC(=O)[C@@H]2C[C@@H](O)CN2C(=O)CNC(=O)c2ccc3cc(F)ccc3n2)c(Cl)c1,O=C(NCC(=O)N1CCC[C@H]1C(=O)NCc1ccccc1)c1ccc2ccccc2n1,0.4955094,0.4955,0.7260274,0.7260,0.7454593,-9.6000,1.0000000,1.0000,[],44
2.2407,3.2004,77.2229,0.6283072,O=C(NCC(=O)N1C[C@H](O)C[C@H]1C(=O)NCc1cccc(Cl)c1)c1ccc2cc(F)ccc2n1,1,COc1ccc([C@H](C)NC(=O)[C@@H]2C[C@@H](O)CN2C(=O)CNC(=O)c2ccc3cc(F)ccc3n2)c(Cl)c1,O=C(NCC(=O)N1CCC[C@H]1C(=O)NCc1ccccc1)c1ccc2ccccc2n1,0.4955094,0.4955,0.7210884,0.7211,0.6604256,-8.8000,1.0000000,1.0000,[],44
2.4163,4.2413,70.9730,0.5876117,O=C(NCC(=O)N1C[C@H](O)C[C@H]1C(=O)N[C@@H](CO)c1cccc(Cl)c1)c1ccc2cc(F)ccc2n1,1,COc1ccc([C@H](C)NC(=O)[C@@H]2C[C@@H](O)CN2C(=O)CNC(=O)c2ccc3cc(F)ccc3n2)c(Cl)c1,O=C(NCC(=O)N1CCC[C@H]1C(=O)NCc1ccccc1)c1ccc2ccccc2n1,0.3782864,0.3783,0.7432432,0.7432,0.6511860,-8.7200,1.0000000,1.0000,[],44
2.3347,4.6734,74.2686,0.6167343,O=C(NCC(=O)N1C[C@H](O)C[C@H]1C(=O)N[C@H](CO)c1cccc(Cl)c1)c1ccc2cc(F)ccc2n1,1,COc1ccc([C@H](C)NC(=O)[C@@H]2C[C@@H](O)CN2C(=O)CNC(=O)c2ccc3cc(F)ccc3n2)c(Cl)c1,O=C(NCC(=O)N1CCC[C@H]1C(=O)NCc1ccccc1)c1ccc2ccccc2n1,0.3782864,0.3783,0.7432432,0.7432,0.7173324,-9.3200,1.0000000,1.0000,[],44
2.3309,8.7137,77.1655,0.6709312,CC(C)C(NC(=O)[C@@H]1C[C@@H](O)CN1C(=O)CNC(=O)c1ccc2cc(F)ccc2n1)c1ccc(Cl)cc1,1,COc1ccc([C@H](C)NC(=O)[C@@H]2C[C@@H](O)CN2C(=O)CNC(=O)c2ccc3cc(F)ccc3n2)c(Cl)c1,O=C(NCC(=O)N1CCC[C@H]1C(=O)NCc1ccccc1)c1ccc2ccccc2n1,0.4374885,0.4375,0.7619048,0.7619,0.7796905,-9.9700,1.0000000,1.0000,[],45
2.2729,4.0491,82.5249,0.6763589,CC(C)C(NC(=O)[C@@H]1C[C@@H](O)CN1C(=O)CNC(=O)c1ccc2cc(F)ccc2n1)c1ccccc1,1,COc1ccc([C@H](C)NC(=O)[C@@H]2C[C@@H](O)CN2C(=O)CNC(=O)c2ccc3cc(F)ccc3n2)c(Cl)c1,O=C(NCC(=O)N1CCC[C@H]1C(=O)NCc1ccccc1)c1ccc2ccccc2n1,0.4695327,0.4695,0.7364865,0.7365,0.7779275,-9.9500,1.0000000,1.0000,[],45
2.2180,4.8186,81.6214,0.6753121,CC(NC(=O)[C@@H]1C[C@@H](O)CN1C(=O)CNC(=O)c1ccc2cc(F)ccc2n1)c1ccc(Cl)cc1,1,COc1ccc([C@H](C)NC(=O)[C@@H]2C[C@@H](O)CN2C(=O)CNC(=O)c2ccc3cc(F)ccc3n2)c(Cl)c1,O=C(NCC(=O)N1CCC[C@H]1C(=O)NCc1ccccc1)c1ccc2ccccc2n1,0.4834885,0.4835,0.8014184,0.8014,0.7326326,-9.4700,1.0000000,1.0000,[],45
2.4183,4.1297,72.0438,0.5951057,COc1ccc(CNC(=O)[C@@H]2C[C@@H](O)CN2C(=O)CNC(=O)c2ccc3cc(F)ccc3n2)cc1,1,COc1ccc([C@H](C)NC(=O)[C@@H]2C[C@@H](O)CN2C(=O)CNC(=O)c2ccc3cc(F)ccc3n2)c(Cl)c1,O=C(NCC(=O)N1CCC[C@H]1C(=O)NCc1ccccc1)c1ccc2ccccc2n1,0.4701237,0.4701,0.7832168,0.7832,0.5836347,-8.1600,1.0000000,1.0000,[],45
2.1921,4.2698,80.8253,0.6648056,C[C@@H](NC(=O)[C@@H]1C[C@@H](O)CN1C(=O)CNC(=O)c1ccc2cc(F)ccc2n1)c1ccc(Cl)cc1,1,COc1ccc([C@H](C)NC(=O)[C@@H]2C[C@@H](O)CN2C(=O)CNC(=O)c2ccc3cc(F)ccc3n2)c(Cl)c1,O=C(NCC(=O)N1CCC[C@H]1C(=O)NCc1ccccc1)c1ccc2ccccc2n1,0.4834885,0.4835,0.8014184,0.8014,0.7100135,-9.2500,1.0000000,1.0000,[],45
2.3219,4.3193,79.5056,0.6548825,O=C(NCC(=O)N1C[C@H](O)C[C@H]1C(=O)NCc1ccc(Cl)c(Cl)c1)c1ccc2cc(F)ccc2n1,1,COc1ccc([C@H](C)NC(=O)[C@@H]2C[C@@H](O)CN2C(=O)CNC(=O)c2ccc3cc(F)ccc3n2)c(Cl)c1,O=C(NCC(=O)N1CCC[C@H]1C(=O)NCc1ccccc1)c1ccc2ccccc2n1,0.4640416,0.4640,0.7114094,0.7114,0.7464290,-9.6100,1.0000000,1.0000,[],45
2.2250,3.8934,81.6967,0.6686721,O=C(NCC(=O)N1C[C@H](O)C[C@H]1C(=O)NCc1ccc(Cl)cc1)c1ccc2cc(F)ccc2n1,1,COc1ccc([C@H](C)NC(=O)[C@@H]2C[C@@H](O)CN2C(=O)CNC(=O)c2ccc3cc(F)ccc3n2)c(Cl)c1,O=C(NCC(=O)N1CCC[C@H]1C(=O)NCc1ccccc1)c1ccc2ccccc2n1,0.4955094,0.4955,0.7260274,0.7260,0.7454593,-9.6000,1.0000000,1.0000,[],45
2.2923,3.2004,77.2229,0.6283072,O=C(NCC(=O)N1C[C@H](O)C[C@H]1C(=O)NCc1cccc(Cl)c1)c1ccc2cc(F)ccc2n1,1,COc1ccc([C@H](C)NC(=O)[C@@H]2C[C@@H](O)CN2C(=O)CNC(=O)c2ccc3cc(F)ccc3n2)c(Cl)c1,O=C(NCC(=O)N1CCC[C@H]1C(=O)NCc1ccccc1)c1ccc2ccccc2n1,0.4955094,0.4955,0.7210884,0.7211,0.6604256,-8.8000,1.0000000,1.0000,[],45
2.4432,4.2413,70.9730,0.5876117,O=C(NCC(=O)N1C[C@H](O)C[C@H]1C(=O)N[C@@H](CO)c1cccc(Cl)c1)c1ccc2cc(F)ccc2n1,1,COc1ccc([C@H](C)NC(=O)[C@@H]2C[C@@H](O)CN2C(=O)CNC(=O)c2ccc3cc(F)ccc3n2)c(Cl)c1,O=C(NCC(=O)N1CCC[C@H]1C(=O)NCc1ccccc1)c1ccc2ccccc2n1,0.3782864,0.3783,0.7432432,0.7432,0.6511860,-8.7200,1.0000000,1.0000,[],45
2.3650,4.6734,74.2686,0.6167343,O=C(NCC(=O)N1C[C@H](O)C[C@H]1C(=O)N[C@H](CO)c1cccc(Cl)c1)c1ccc2cc(F)ccc2n1,1,COc1ccc([C@H](C)NC(=O)[C@@H]2C[C@@H](O)CN2C(=O)CNC(=O)c2ccc3cc(F)ccc3n2)c(Cl)c1,O=C(NCC(=O)N1CCC[C@H]1C(=O)NCc1ccccc1)c1ccc2ccccc2n1,0.3782864,0.3783,0.7432432,0.7432,0.7173324,-9.3200,1.0000000,1.0000,[],45
2.3046,8.7137,77.1655,0.6709312,CC(C)C(NC(=O)[C@@H]1C[C@@H](O)CN1C(=O)CNC(=O)c1ccc2cc(F)ccc2n1)c1ccc(Cl)cc1,1,COc1ccc([C@H](C)NC(=O)[C@@H]2C[C@@H](O)CN2C(=O)CNC(=O)c2ccc3cc(F)ccc3n2)c(Cl)c1,O=C(NCC(=O)N1CCC[C@H]1C(=O)NCc1ccccc1)c1ccc2ccccc2n1,0.4374885,0.4375,0.7619048,0.7619,0.7796905,-9.9700,1.0000000,1.0000,[],46
2.2787,4.0491,82.5249,0.6763589,CC(C)C(NC(=O)[C@@H]1C[C@@H](O)CN1C(=O)CNC(=O)c1ccc2cc(F)ccc2n1)c1ccccc1,1,COc1ccc([C@H](C)NC(=O)[C@@H]2C[C@@H](O)CN2C(=O)CNC(=O)c2ccc3cc(F)ccc3n2)c(Cl)c1,O=C(NCC(=O)N1CCC[C@H]1C(=O)NCc1ccccc1)c1ccc2ccccc2n1,0.4695327,0.4695,0.7364865,0.7365,0.7779275,-9.9500,1.0000000,1.0000,[],46
2.2498,4.8186,81.6214,0.6753121,CC(NC(=O)[C@@H]1C[C@@H](O)CN1C(=O)CNC(=O)c1ccc2cc(F)ccc2n1)c1ccc(Cl)cc1,1,COc1ccc([C@H](C)NC(=O)[C@@H]2C[C@@H](O)CN2C(=O)CNC(=O)c2ccc3cc(F)ccc3n2)c(Cl)c1,O=C(NCC(=O)N1CCC[C@H]1C(=O)NCc1ccccc1)c1ccc2ccccc2n1,0.4834885,0.4835,0.8014184,0.8014,0.7326326,-9.4700,1.0000000,1.0000,[],46
2.3965,4.1297,72.0438,0.5951057,COc1ccc(CNC(=O)[C@@H]2C[C@@H](O)CN2C(=O)CNC(=O)c2ccc3cc(F)ccc3n2)cc1,1,COc1ccc([C@H](C)NC(=O)[C@@H]2C[C@@H](O)CN2C(=O)CNC(=O)c2ccc3cc(F)ccc3n2)c(Cl)c1,O=C(NCC(=O)N1CCC[C@H]1C(=O)NCc1ccccc1)c1ccc2ccccc2n1,0.4701237,0.4701,0.7832168,0.7832,0.5836347,-8.1600,1.0000000,1.0000,[],46
2.2228,4.2698,80.8253,0.6648056,C[C@@H](NC(=O)[C@@H]1C[C@@H](O)CN1C(=O)CNC(=O)c1ccc2cc(F)ccc2n1)c1ccc(Cl)cc1,1,COc1ccc([C@H](C)NC(=O)[C@@H]2C[C@@H](O)CN2C(=O)CNC(=O)c2ccc3cc(F)ccc3n2)c(Cl)c1,O=C(NCC(=O)N1CCC[C@H]1C(=O)NCc1ccccc1)c1ccc2ccccc2n1,0.4834885,0.4835,0.8014184,0.8014,0.7100135,-9.2500,1.0000000,1.0000,[],46
2.2493,4.3193,79.5056,0.6548825,O=C(NCC(=O)N1C[C@H](O)C[C@H]1C(=O)NCc1ccc(Cl)c(Cl)c1)c1ccc2cc(F)ccc2n1,1,COc1ccc([C@H](C)NC(=O)[C@@H]2C[C@@H](O)CN2C(=O)CNC(=O)c2ccc3cc(F)ccc3n2)c(Cl)c1,O=C(NCC(=O)N1CCC[C@H]1C(=O)NCc1ccccc1)c1ccc2ccccc2n1,0.4640416,0.4640,0.7114094,0.7114,0.7464290,-9.6100,1.0000000,1.0000,[],46
2.2379,3.8934,81.6967,0.6686721,O=C(NCC(=O)N1C[C@H](O)C[C@H]1C(=O)NCc1ccc(Cl)cc1)c1ccc2cc(F)ccc2n1,1,COc1ccc([C@H](C)NC(=O)[C@@H]2C[C@@H](O)CN2C(=O)CNC(=O)c2ccc3cc(F)ccc3n2)c(Cl)c1,O=C(NCC(=O)N1CCC[C@H]1C(=O)NCc1ccccc1)c1ccc2ccccc2n1,0.4955094,0.4955,0.7260274,0.7260,0.7454593,-9.6000,1.0000000,1.0000,[],46
2.3459,3.2004,77.2229,0.6283072,O=C(NCC(=O)N1C[C@H](O)C[C@H]1C(=O)NCc1cccc(Cl)c1)c1ccc2cc(F)ccc2n1,1,COc1ccc([C@H](C)NC(=O)[C@@H]2C[C@@H](O)CN2C(=O)CNC(=O)c2ccc3cc(F)ccc3n2)c(Cl)c1,O=C(NCC(=O)N1CCC[C@H]1C(=O)NCc1ccccc1)c1ccc2ccccc2n1,0.4955094,0.4955,0.7210884,0.7211,0.6604256,-8.8000,1.0000000,1.0000,[],46
2.4254,4.2413,70.9730,0.5876117,O=C(NCC(=O)N1C[C@H](O)C[C@H]1C(=O)N[C@@H](CO)c1cccc(Cl)c1)c1ccc2cc(F)ccc2n1,1,COc1ccc([C@H](C)NC(=O)[C@@H]2C[C@@H](O)CN2C(=O)CNC(=O)c2ccc3cc(F)ccc3n2)c(Cl)c1,O=C(NCC(=O)N1CCC[C@H]1C(=O)NCc1ccccc1)c1ccc2ccccc2n1,0.3782864,0.3783,0.7432432,0.7432,0.6511860,-8.7200,1.0000000,1.0000,[],46
2.3586,4.6734,74.2686,0.6167343,O=C(NCC(=O)N1C[C@H](O)C[C@H]1C(=O)N[C@H](CO)c1cccc(Cl)c1)c1ccc2cc(F)ccc2n1,1,COc1ccc([C@H](C)NC(=O)[C@@H]2C[C@@H](O)CN2C(=O)CNC(=O)c2ccc3cc(F)ccc3n2)c(Cl)c1,O=C(NCC(=O)N1CCC[C@H]1C(=O)NCc1ccccc1)c1ccc2ccccc2n1,0.3782864,0.3783,0.7432432,0.7432,0.7173324,-9.3200,1.0000000,1.0000,[],46
2.2836,8.7137,77.1655,0.6709312,CC(C)C(NC(=O)[C@@H]1C[C@@H](O)CN1C(=O)CNC(=O)c1ccc2cc(F)ccc2n1)c1ccc(Cl)cc1,1,COc1ccc([C@H](C)NC(=O)[C@@H]2C[C@@H](O)CN2C(=O)CNC(=O)c2ccc3cc(F)ccc3n2)c(Cl)c1,O=C(NCC(=O)N1CCC[C@H]1C(=O)NCc1ccccc1)c1ccc2ccccc2n1,0.4374885,0.4375,0.7619048,0.7619,0.7796905,-9.9700,1.0000000,1.0000,[],47
2.2625,4.0491,82.5249,0.6763589,CC(C)C(NC(=O)[C@@H]1C[C@@H](O)CN1C(=O)CNC(=O)c1ccc2cc(F)ccc2n1)c1ccccc1,1,COc1ccc([C@H](C)NC(=O)[C@@H]2C[C@@H](O)CN2C(=O)CNC(=O)c2ccc3cc(F)ccc3n2)c(Cl)c1,O=C(NCC(=O)N1CCC[C@H]1C(=O)NCc1ccccc1)c1ccc2ccccc2n1,0.4695327,0.4695,0.7364865,0.7365,0.7779275,-9.9500,1.0000000,1.0000,[],47
2.3056,4.8186,81.6214,0.6753121,CC(NC(=O)[C@@H]1C[C@@H](O)CN1C(=O)CNC(=O)c1ccc2cc(F)ccc2n1)c1ccc(Cl)cc1,1,COc1ccc([C@H](C)NC(=O)[C@@H]2C[C@@H](O)CN2C(=O)CNC(=O)c2ccc3cc(F)ccc3n2)c(Cl)c1,O=C(NCC(=O)N1CCC[C@H]1C(=O)NCc1ccccc1)c1ccc2ccccc2n1,0.4834885,0.4835,0.8014184,0.8014,0.7326326,-9.4700,1.0000000,1.0000,[],47
2.3802,4.1297,72.0438,0.5951057,COc1ccc(CNC(=O)[C@@H]2C[C@@H](O)CN2C(=O)CNC(=O)c2ccc3cc(F)ccc3n2)cc1,1,COc1ccc([C@H](C)NC(=O)[C@@H]2C[C@@H](O)CN2C(=O)CNC(=O)c2ccc3cc(F)ccc3n2)c(Cl)c1,O=C(NCC(=O)N1CCC[C@H]1C(=O)NCc1ccccc1)c1ccc2ccccc2n1,0.4701237,0.4701,0.7832168,0.7832,0.5836347,-8.1600,1.0000000,1.0000,[],47
2.2650,4.2698,80.8253,0.6648056,C[C@@H](NC(=O)[C@@H]1C[C@@H](O)CN1C(=O)CNC(=O)c1ccc2cc(F)ccc2n1)c1ccc(Cl)cc1,1,COc1ccc([C@H](C)NC(=O)[C@@H]2C[C@@H](O)CN2C(=O)CNC(=O)c2ccc3cc(F)ccc3n2)c(Cl)c1,O=C(NCC(=O)N1CCC[C@H]1C(=O)NCc1ccccc1)c1ccc2ccccc2n1,0.4834885,0.4835,0.8014184,0.8014,0.7100135,-9.2500,1.0000000,1.0000,[],47
2.2188,4.3193,79.5056,0.6548825,O=C(NCC(=O)N1C[C@H](O)C[C@H]1C(=O)NCc1ccc(Cl)c(Cl)c1)c1ccc2cc(F)ccc2n1,1,COc1ccc([C@H](C)NC(=O)[C@@H]2C[C@@H](O)CN2C(=O)CNC(=O)c2ccc3cc(F)ccc3n2)c(Cl)c1,O=C(NCC(=O)N1CCC[C@H]1C(=O)NCc1ccccc1)c1ccc2ccccc2n1,0.4640416,0.4640,0.7114094,0.7114,0.7464290,-9.6100,1.0000000,1.0000,[],47
2.2440,3.8934,81.6967,0.6686721,O=C(NCC(=O)N1C[C@H](O)C[C@H]1C(=O)NCc1ccc(Cl)cc1)c1ccc2cc(F)ccc2n1,1,COc1ccc([C@H](C)NC(=O)[C@@H]2C[C@@H](O)CN2C(=O)CNC(=O)c2ccc3cc(F)ccc3n2)c(Cl)c1,O=C(NCC(=O)N1CCC[C@H]1C(=O)NCc1ccccc1)c1ccc2ccccc2n1,0.4955094,0.4955,0.7260274,0.7260,0.7454593,-9.6000,1.0000000,1.0000,[],47
2.3841,3.2004,77.2229,0.6283072,O=C(NCC(=O)N1C[C@H](O)C[C@H]1C(=O)NCc1cccc(Cl)c1)c1ccc2cc(F)ccc2n1,1,COc1ccc([C@H](C)NC(=O)[C@@H]2C[C@@H](O)CN2C(=O)CNC(=O)c2ccc3cc(F)ccc3n2)c(Cl)c1,O=C(NCC(=O)N1CCC[C@H]1C(=O)NCc1ccccc1)c1ccc2ccccc2n1,0.4955094,0.4955,0.7210884,0.7211,0.6604256,-8.8000,1.0000000,1.0000,[],47
2.3845,4.2413,70.9730,0.5876117,O=C(NCC(=O)N1C[C@H](O)C[C@H]1C(=O)N[C@@H](CO)c1cccc(Cl)c1)c1ccc2cc(F)ccc2n1,1,COc1ccc([C@H](C)NC(=O)[C@@H]2C[C@@H](O)CN2C(=O)CNC(=O)c2ccc3cc(F)ccc3n2)c(Cl)c1,O=C(NCC(=O)N1CCC[C@H]1C(=O)NCc1ccccc1)c1ccc2ccccc2n1,0.3782864,0.3783,0.7432432,0.7432,0.6511860,-8.7200,1.0000000,1.0000,[],47
2.3351,4.6734,74.2686,0.6167343,O=C(NCC(=O)N1C[C@H](O)C[C@H]1C(=O)N[C@H](CO)c1cccc(Cl)c1)c1ccc2cc(F)ccc2n1,1,COc1ccc([C@H](C)NC(=O)[C@@H]2C[C@@H](O)CN2C(=O)CNC(=O)c2ccc3cc(F)ccc3n2)c(Cl)c1,O=C(NCC(=O)N1CCC[C@H]1C(=O)NCc1ccccc1)c1ccc2ccccc2n1,0.3782864,0.3783,0.7432432,0.7432,0.7173324,-9.3200,1.0000000,1.0000,[],47
2.2987,8.7137,77.1655,0.6709312,CC(C)C(NC(=O)[C@@H]1C[C@@H](O)CN1C(=O)CNC(=O)c1ccc2cc(F)ccc2n1)c1ccc(Cl)cc1,1,COc1ccc([C@H](C)NC(=O)[C@@H]2C[C@@H](O)CN2C(=O)CNC(=O)c2ccc3cc(F)ccc3n2)c(Cl)c1,O=C(NCC(=O)N1CCC[C@H]1C(=O)NCc1ccccc1)c1ccc2ccccc2n1,0.4374885,0.4375,0.7619048,0.7619,0.7796905,-9.9700,1.0000000,1.0000,[],48
2.2545,4.0491,82.5249,0.6763589,CC(C)C(NC(=O)[C@@H]1C[C@@H](O)CN1C(=O)CNC(=O)c1ccc2cc(F)ccc2n1)c1ccccc1,1,COc1ccc([C@H](C)NC(=O)[C@@H]2C[C@@H](O)CN2C(=O)CNC(=O)c2ccc3cc(F)ccc3n2)c(Cl)c1,O=C(NCC(=O)N1CCC[C@H]1C(=O)NCc1ccccc1)c1ccc2ccccc2n1,0.4695327,0.4695,0.7364865,0.7365,0.7779275,-9.9500,1.0000000,1.0000,[],48
2.2874,4.8186,81.6214,0.6753121,CC(NC(=O)[C@@H]1C[C@@H](O)CN1C(=O)CNC(=O)c1ccc2cc(F)ccc2n1)c1ccc(Cl)cc1,1,COc1ccc([C@H](C)NC(=O)[C@@H]2C[C@@H](O)CN2C(=O)CNC(=O)c2ccc3cc(F)ccc3n2)c(Cl)c1,O=C(NCC(=O)N1CCC[C@H]1C(=O)NCc1ccccc1)c1ccc2ccccc2n1,0.4834885,0.4835,0.8014184,0.8014,0.7326326,-9.4700,1.0000000,1.0000,[],48
2.3585,4.1297,72.0438,0.5951057,COc1ccc(CNC(=O)[C@@H]2C[C@@H](O)CN2C(=O)CNC(=O)c2ccc3cc(F)ccc3n2)cc1,1,COc1ccc([C@H](C)NC(=O)[C@@H]2C[C@@H](O)CN2C(=O)CNC(=O)c2ccc3cc(F)ccc3n2)c(Cl)c1,O=C(NCC(=O)N1CCC[C@H]1C(=O)NCc1ccccc1)c1ccc2ccccc2n1,0.4701237,0.4701,0.7832168,0.7832,0.5836347,-8.1600,1.0000000,1.0000,[],48
2.2944,4.2698,80.8253,0.6648056,C[C@@H](NC(=O)[C@@H]1C[C@@H](O)CN1C(=O)CNC(=O)c1ccc2cc(F)ccc2n1)c1ccc(Cl)cc1,1,COc1ccc([C@H](C)NC(=O)[C@@H]2C[C@@H](O)CN2C(=O)CNC(=O)c2ccc3cc(F)ccc3n2)c(Cl)c1,O=C(NCC(=O)N1CCC[C@H]1C(=O)NCc1ccccc1)c1ccc2ccccc2n1,0.4834885,0.4835,0.8014184,0.8014,0.7100135,-9.2500,1.0000000,1.0000,[],48
2.2895,4.3193,79.5056,0.6548825,O=C(NCC(=O)N1C[C@H](O)C[C@H]1C(=O)NCc1ccc(Cl)c(Cl)c1)c1ccc2cc(F)ccc2n1,1,COc1ccc([C@H](C)NC(=O)[C@@H]2C[C@@H](O)CN2C(=O)CNC(=O)c2ccc3cc(F)ccc3n2)c(Cl)c1,O=C(NCC(=O)N1CCC[C@H]1C(=O)NCc1ccccc1)c1ccc2ccccc2n1,0.4640416,0.4640,0.7114094,0.7114,0.7464290,-9.6100,1.0000000,1.0000,[],48
2.1930,3.8934,81.6967,0.6686721,O=C(NCC(=O)N1C[C@H](O)C[C@H]1C(=O)NCc1ccc(Cl)cc1)c1ccc2cc(F)ccc2n1,1,COc1ccc([C@H](C)NC(=O)[C@@H]2C[C@@H](O)CN2C(=O)CNC(=O)c2ccc3cc(F)ccc3n2)c(Cl)c1,O=C(NCC(=O)N1CCC[C@H]1C(=O)NCc1ccccc1)c1ccc2ccccc2n1,0.4955094,0.4955,0.7260274,0.7260,0.7454593,-9.6000,1.0000000,1.0000,[],48
2.3937,3.2004,77.2229,0.6283072,O=C(NCC(=O)N1C[C@H](O)C[C@H]1C(=O)NCc1cccc(Cl)c1)c1ccc2cc(F)ccc2n1,1,COc1ccc([C@H](C)NC(=O)[C@@H]2C[C@@H](O)CN2C(=O)CNC(=O)c2ccc3cc(F)ccc3n2)c(Cl)c1,O=C(NCC(=O)N1CCC[C@H]1C(=O)NCc1ccccc1)c1ccc2ccccc2n1,0.4955094,0.4955,0.7210884,0.7211,0.6604256,-8.8000,1.0000000,1.0000,[],48
2.3601,4.2413,70.9730,0.5876117,O=C(NCC(=O)N1C[C@H](O)C[C@H]1C(=O)N[C@@H](CO)c1cccc(Cl)c1)c1ccc2cc(F)ccc2n1,1,COc1ccc([C@H](C)NC(=O)[C@@H]2C[C@@H](O)CN2C(=O)CNC(=O)c2ccc3cc(F)ccc3n2)c(Cl)c1,O=C(NCC(=O)N1CCC[C@H]1C(=O)NCc1ccccc1)c1ccc2ccccc2n1,0.3782864,0.3783,0.7432432,0.7432,0.6511860,-8.7200,1.0000000,1.0000,[],48
2.3310,4.6734,74.2686,0.6167343,O=C(NCC(=O)N1C[C@H](O)C[C@H]1C(=O)N[C@H](CO)c1cccc(Cl)c1)c1ccc2cc(F)ccc2n1,1,COc1ccc([C@H](C)NC(=O)[C@@H]2C[C@@H](O)CN2C(=O)CNC(=O)c2ccc3cc(F)ccc3n2)c(Cl)c1,O=C(NCC(=O)N1CCC[C@H]1C(=O)NCc1ccccc1)c1ccc2ccccc2n1,0.3782864,0.3783,0.7432432,0.7432,0.7173324,-9.3200,1.0000000,1.0000,[],48
2.3274,8.7137,77.1655,0.6709312,CC(C)C(NC(=O)[C@@H]1C[C@@H](O)CN1C(=O)CNC(=O)c1ccc2cc(F)ccc2n1)c1ccc(Cl)cc1,1,COc1ccc([C@H](C)NC(=O)[C@@H]2C[C@@H](O)CN2C(=O)CNC(=O)c2ccc3cc(F)ccc3n2)c(Cl)c1,O=C(NCC(=O)N1CCC[C@H]1C(=O)NCc1ccccc1)c1ccc2ccccc2n1,0.4374885,0.4375,0.7619048,0.7619,0.7796905,-9.9700,1.0000000,1.0000,[],49
2.2535,4.0491,82.5249,0.6763589,CC(C)C(NC(=O)[C@@H]1C[C@@H](O)CN1C(=O)CNC(=O)c1ccc2cc(F)ccc2n1)c1ccccc1,1,COc1ccc([C@H](C)NC(=O)[C@@H]2C[C@@H](O)CN2C(=O)CNC(=O)c2ccc3cc(F)ccc3n2)c(Cl)c1,O=C(NCC(=O)N1CCC[C@H]1C(=O)NCc1ccccc1)c1ccc2ccccc2n1,0.4695327,0.4695,0.7364865,0.7365,0.7779275,-9.9500,1.0000000,1.0000,[],49
2.2284,4.8186,81.6214,0.6753121,CC(NC(=O)[C@@H]1C[C@@H](O)CN1C(=O)CNC(=O)c1ccc2cc(F)ccc2n1)c1ccc(Cl)cc1,1,COc1ccc([C@H](C)NC(=O)[C@@H]2C[C@@H](O)CN2C(=O)CNC(=O)c2ccc3cc(F)ccc3n2)c(Cl)c1,O=C(NCC(=O)N1CCC[C@H]1C(=O)NCc1ccccc1)c1ccc2ccccc2n1,0.4834885,0.4835,0.8014184,0.8014,0.7326326,-9.4700,1.0000000,1.0000,[],49
2.3362,4.1297,72.0438,0.5951057,COc1ccc(CNC(=O)[C@@H]2C[C@@H](O)CN2C(=O)CNC(=O)c2ccc3cc(F)ccc3n2)cc1,1,COc1ccc([C@H](C)NC(=O)[C@@H]2C[C@@H](O)CN2C(=O)CNC(=O)c2ccc3cc(F)ccc3n2)c(Cl)c1,O=C(NCC(=O)N1CCC[C@H]1C(=O)NCc1ccccc1)c1ccc2ccccc2n1,0.4701237,0.4701,0.7832168,0.7832,0.5836347,-8.1600,1.0000000,1.0000,[],49
2.3088,4.2698,80.8253,0.6648056,C[C@@H](NC(=O)[C@@H]1C[C@@H](O)CN1C(=O)CNC(=O)c1ccc2cc(F)ccc2n1)c1ccc(Cl)cc1,1,COc1ccc([C@H](C)NC(=O)[C@@H]2C[C@@H](O)CN2C(=O)CNC(=O)c2ccc3cc(F)ccc3n2)c(Cl)c1,O=C(NCC(=O)N1CCC[C@H]1C(=O)NCc1ccccc1)c1ccc2ccccc2n1,0.4834885,0.4835,0.8014184,0.8014,0.7100135,-9.2500,1.0000000,1.0000,[],49
2.2572,4.3193,79.5056,0.6548825,O=C(NCC(=O)N1C[C@H](O)C[C@H]1C(=O)NCc1ccc(Cl)c(Cl)c1)c1ccc2cc(F)ccc2n1,1,COc1ccc([C@H](C)NC(=O)[C@@H]2C[C@@H](O)CN2C(=O)CNC(=O)c2ccc3cc(F)ccc3n2)c(Cl)c1,O=C(NCC(=O)N1CCC[C@H]1C(=O)NCc1ccccc1)c1ccc2ccccc2n1,0.4640416,0.4640,0.7114094,0.7114,0.7464290,-9.6100,1.0000000,1.0000,[],49
2.2617,3.8934,81.6967,0.6686721,O=C(NCC(=O)N1C[C@H](O)C[C@H]1C(=O)NCc1ccc(Cl)cc1)c1ccc2cc(F)ccc2n1,1,COc1ccc([C@H](C)NC(=O)[C@@H]2C[C@@H](O)CN2C(=O)CNC(=O)c2ccc3cc(F)ccc3n2)c(Cl)c1,O=C(NCC(=O)N1CCC[C@H]1C(=O)NCc1ccccc1)c1ccc2ccccc2n1,0.4955094,0.4955,0.7260274,0.7260,0.7454593,-9.6000,1.0000000,1.0000,[],49
2.3653,3.2004,77.2229,0.6283072,O=C(NCC(=O)N1C[C@H](O)C[C@H]1C(=O)NCc1cccc(Cl)c1)c1ccc2cc(F)ccc2n1,1,COc1ccc([C@H](C)NC(=O)[C@@H]2C[C@@H](O)CN2C(=O)CNC(=O)c2ccc3cc(F)ccc3n2)c(Cl)c1,O=C(NCC(=O)N1CCC[C@H]1C(=O)NCc1ccccc1)c1ccc2ccccc2n1,0.4955094,0.4955,0.7210884,0.7211,0.6604256,-8.8000,1.0000000,1.0000,[],49
2.3659,4.2413,70.9730,0.5876117,O=C(NCC(=O)N1C[C@H](O)C[C@H]1C(=O)N[C@@H](CO)c1cccc(Cl)c1)c1ccc2cc(F)ccc2n1,1,COc1ccc([C@H](C)NC(=O)[C@@H]2C[C@@H](O)CN2C(=O)CNC(=O)c2ccc3cc(F)ccc3n2)c(Cl)c1,O=C(NCC(=O)N1CCC[C@H]1C(=O)NCc1ccccc1)c1ccc2ccccc2n1,0.3782864,0.3783,0.7432432,0.7432,0.6511860,-8.7200,1.0000000,1.0000,[],49
2.3525,4.6734,74.2686,0.6167343,O=C(NCC(=O)N1C[C@H](O)C[C@H]1C(=O)N[C@H](CO)c1cccc(Cl)c1)c1ccc2cc(F)ccc2n1,1,COc1ccc([C@H](C)NC(=O)[C@@H]2C[C@@H](O)CN2C(=O)CNC(=O)c2ccc3cc(F)ccc3n2)c(Cl)c1,O=C(NCC(=O)N1CCC[C@H]1C(=O)NCc1ccccc1)c1ccc2ccccc2n1,0.3782864,0.3783,0.7432432,0.7432,0.7173324,-9.3200,1.0000000,1.0000,[],49
2.3337,8.7137,77.1655,0.6709312,CC(C)C(NC(=O)[C@@H]1C[C@@H](O)CN1C(=O)CNC(=O)c1ccc2cc(F)ccc2n1)c1ccc(Cl)cc1,1,COc1ccc([C@H](C)NC(=O)[C@@H]2C[C@@H](O)CN2C(=O)CNC(=O)c2ccc3cc(F)ccc3n2)c(Cl)c1,O=C(NCC(=O)N1CCC[C@H]1C(=O)NCc1ccccc1)c1ccc2ccccc2n1,0.4374885,0.4375,0.7619048,0.7619,0.7796905,-9.9700,1.0000000,1.0000,[],50
2.2303,4.0491,82.5249,0.6763589,CC(C)C(NC(=O)[C@@H]1C[C@@H](O)CN1C(=O)CNC(=O)c1ccc2cc(F)ccc2n1)c1ccccc1,1,COc1ccc([C@H](C)NC(=O)[C@@H]2C[C@@H](O)CN2C(=O)CNC(=O)c2ccc3cc(F)ccc3n2)c(Cl)c1,O=C(NCC(=O)N1CCC[C@H]1C(=O)NCc1ccccc1)c1ccc2ccccc2n1,0.4695327,0.4695,0.7364865,0.7365,0.7779275,-9.9500,1.0000000,1.0000,[],50
2.2223,4.8186,81.6214,0.6753121,CC(NC(=O)[C@@H]1C[C@@H](O)CN1C(=O)CNC(=O)c1ccc2cc(F)ccc2n1)c1ccc(Cl)cc1,1,COc1ccc([C@H](C)NC(=O)[C@@H]2C[C@@H](O)CN2C(=O)CNC(=O)c2ccc3cc(F)ccc3n2)c(Cl)c1,O=C(NCC(=O)N1CCC[C@H]1C(=O)NCc1ccccc1)c1ccc2ccccc2n1,0.4834885,0.4835,0.8014184,0.8014,0.7326326,-9.4700,1.0000000,1.0000,[],50
2.3251,4.1297,72.0438,0.5951057,COc1ccc(CNC(=O)[C@@H]2C[C@@H](O)CN2C(=O)CNC(=O)c2ccc3cc(F)ccc3n2)cc1,1,COc1ccc([C@H](C)NC(=O)[C@@H]2C[C@@H](O)CN2C(=O)CNC(=O)c2ccc3cc(F)ccc3n2)c(Cl)c1,O=C(NCC(=O)N1CCC[C@H]1C(=O)NCc1ccccc1)c1ccc2ccccc2n1,0.4701237,0.4701,0.7832168,0.7832,0.5836347,-8.1600,1.0000000,1.0000,[],50
2.3184,4.2698,80.8253,0.6648056,C[C@@H](NC(=O)[C@@H]1C[C@@H](O)CN1C(=O)CNC(=O)c1ccc2cc(F)ccc2n1)c1ccc(Cl)cc1,1,COc1ccc([C@H](C)NC(=O)[C@@H]2C[C@@H](O)CN2C(=O)CNC(=O)c2ccc3cc(F)ccc3n2)c(Cl)c1,O=C(NCC(=O)N1CCC[C@H]1C(=O)NCc1ccccc1)c1ccc2ccccc2n1,0.4834885,0.4835,0.8014184,0.8014,0.7100135,-9.2500,1.0000000,1.0000,[],50
2.2708,4.3193,79.5056,0.6548825,O=C(NCC(=O)N1C[C@H](O)C[C@H]1C(=O)NCc1ccc(Cl)c(Cl)c1)c1ccc2cc(F)ccc2n1,1,COc1ccc([C@H](C)NC(=O)[C@@H]2C[C@@H](O)CN2C(=O)CNC(=O)c2ccc3cc(F)ccc3n2)c(Cl)c1,O=C(NCC(=O)N1CCC[C@H]1C(=O)NCc1ccccc1)c1ccc2ccccc2n1,0.4640416,0.4640,0.7114094,0.7114,0.7464290,-9.6100,1.0000000,1.0000,[],50
2.2776,3.8934,81.6967,0.6686721,O=C(NCC(=O)N1C[C@H](O)C[C@H]1C(=O)NCc1ccc(Cl)cc1)c1ccc2cc(F)ccc2n1,1,COc1ccc([C@H](C)NC(=O)[C@@H]2C[C@@H](O)CN2C(=O)CNC(=O)c2ccc3cc(F)ccc3n2)c(Cl)c1,O=C(NCC(=O)N1CCC[C@H]1C(=O)NCc1ccccc1)c1ccc2ccccc2n1,0.4955094,0.4955,0.7260274,0.7260,0.7454593,-9.6000,1.0000000,1.0000,[],50
2.3112,3.2004,77.2229,0.6283072,O=C(NCC(=O)N1C[C@H](O)C[C@H]1C(=O)NCc1cccc(Cl)c1)c1ccc2cc(F)ccc2n1,1,COc1ccc([C@H](C)NC(=O)[C@@H]2C[C@@H](O)CN2C(=O)CNC(=O)c2ccc3cc(F)ccc3n2)c(Cl)c1,O=C(NCC(=O)N1CCC[C@H]1C(=O)NCc1ccccc1)c1ccc2ccccc2n1,0.4955094,0.4955,0.7210884,0.7211,0.6604256,-8.8000,1.0000000,1.0000,[],50
2.3893,4.2413,70.9730,0.5876117,O=C(NCC(=O)N1C[C@H](O)C[C@H]1C(=O)N[C@@H](CO)c1cccc(Cl)c1)c1ccc2cc(F)ccc2n1,1,COc1ccc([C@H](C)NC(=O)[C@@H]2C[C@@H](O)CN2C(=O)CNC(=O)c2ccc3cc(F)ccc3n2)c(Cl)c1,O=C(NCC(=O)N1CCC[C@H]1C(=O)NCc1ccccc1)c1ccc2ccccc2n1,0.3782864,0.3783,0.7432432,0.7432,0.6511860,-8.7200,1.0000000,1.0000,[],50
2.3800,4.6734,74.2686,0.6167343,O=C(NCC(=O)N1C[C@H](O)C[C@H]1C(=O)N[C@H](CO)c1cccc(Cl)c1)c1ccc2cc(F)ccc2n1,1,COc1ccc([C@H](C)NC(=O)[C@@H]2C[C@@H](O)CN2C(=O)CNC(=O)c2ccc3cc(F)ccc3n2)c(Cl)c1,O=C(NCC(=O)N1CCC[C@H]1C(=O)NCc1ccccc1)c1ccc2ccccc2n1,0.3782864,0.3783,0.7432432,0.7432,0.7173324,-9.3200,1.0000000,1.0000,[],50
2.3187,8.7137,77.1655,0.6709312,CC(C)C(NC(=O)[C@@H]1C[C@@H](O)CN1C(=O)CNC(=O)c1ccc2cc(F)ccc2n1)c1ccc(Cl)cc1,1,COc1ccc([C@H](C)NC(=O)[C@@H]2C[C@@H](O)CN2C(=O)CNC(=O)c2ccc3cc(F)ccc3n2)c(Cl)c1,O=C(NCC(=O)N1CCC[C@H]1C(=O)NCc1ccccc1)c1ccc2ccccc2n1,0.4374885,0.4375,0.7619048,0.7619,0.7796905,-9.9700,1.0000000,1.0000,[],51
2.2041,4.0491,82.5249,0.6763589,CC(C)C(NC(=O)[C@@H]1C[C@@H](O)CN1C(=O)CNC(=O)c1ccc2cc(F)ccc2n1)c1ccccc1,1,COc1ccc([C@H](C)NC(=O)[C@@H]2C[C@@H](O)CN2C(=O)CNC(=O)c2ccc3cc(F)ccc3n2)c(Cl)c1,O=C(NCC(=O)N1CCC[C@H]1C(=O)NCc1ccccc1)c1ccc2ccccc2n1,0.4695327,0.4695,0.7364865,0.7365,0.7779275,-9.9500,1.0000000,1.0000,[],51
2.2680,4.8186,81.6214,0.6753121,CC(NC(=O)[C@@H]1C[C@@H](O)CN1C(=O)CNC(=O)c1ccc2cc(F)ccc2n1)c1ccc(Cl)cc1,1,COc1ccc([C@H](C)NC(=O)[C@@H]2C[C@@H](O)CN2C(=O)CNC(=O)c2ccc3cc(F)ccc3n2)c(Cl)c1,O=C(NCC(=O)N1CCC[C@H]1C(=O)NCc1ccccc1)c1ccc2ccccc2n1,0.4834885,0.4835,0.8014184,0.8014,0.7326326,-9.4700,1.0000000,1.0000,[],51
2.3279,4.1297,72.0438,0.5951057,COc1ccc(CNC(=O)[C@@H]2C[C@@H](O)CN2C(=O)CNC(=O)c2ccc3cc(F)ccc3n2)cc1,1,COc1ccc([C@H](C)NC(=O)[C@@H]2C[C@@H](O)CN2C(=O)CNC(=O)c2ccc3cc(F)ccc3n2)c(Cl)c1,O=C(NCC(=O)N1CCC[C@H]1C(=O)NCc1ccccc1)c1ccc2ccccc2n1,0.4701237,0.4701,0.7832168,0.7832,0.5836347,-8.1600,1.0000000,1.0000,[],51
2.3254,4.2698,80.8253,0.6648056,C[C@@H](NC(=O)[C@@H]1C[C@@H](O)CN1C(=O)CNC(=O)c1ccc2cc(F)ccc2n1)c1ccc(Cl)cc1,1,COc1ccc([C@H](C)NC(=O)[C@@H]2C[C@@H](O)CN2C(=O)CNC(=O)c2ccc3cc(F)ccc3n2)c(Cl)c1,O=C(NCC(=O)N1CCC[C@H]1C(=O)NCc1ccccc1)c1ccc2ccccc2n1,0.4834885,0.4835,0.8014184,0.8014,0.7100135,-9.2500,1.0000000,1.0000,[],51
2.3271,4.3193,79.5056,0.6548825,O=C(NCC(=O)N1C[C@H](O)C[C@H]1C(=O)NCc1ccc(Cl)c(Cl)c1)c1ccc2cc(F)ccc2n1,1,COc1ccc([C@H](C)NC(=O)[C@@H]2C[C@@H](O)CN2C(=O)CNC(=O)c2ccc3cc(F)ccc3n2)c(Cl)c1,O=C(NCC(=O)N1CCC[C@H]1C(=O)NCc1ccccc1)c1ccc2ccccc2n1,0.4640416,0.4640,0.7114094,0.7114,0.7464290,-9.6100,1.0000000,1.0000,[],51
2.2413,3.8934,81.6967,0.6686721,O=C(NCC(=O)N1C[C@H](O)C[C@H]1C(=O)NCc1ccc(Cl)cc1)c1ccc2cc(F)ccc2n1,1,COc1ccc([C@H](C)NC(=O)[C@@H]2C[C@@H](O)CN2C(=O)CNC(=O)c2ccc3cc(F)ccc3n2)c(Cl)c1,O=C(NCC(=O)N1CCC[C@H]1C(=O)NCc1ccccc1)c1ccc2ccccc2n1,0.4955094,0.4955,0.7260274,0.7260,0.7454593,-9.6000,1.0000000,1.0000,[],51
2.2627,3.2004,77.2229,0.6283072,O=C(NCC(=O)N1C[C@H](O)C[C@H]1C(=O)NCc1cccc(Cl)c1)c1ccc2cc(F)ccc2n1,1,COc1ccc([C@H](C)NC(=O)[C@@H]2C[C@@H](O)CN2C(=O)CNC(=O)c2ccc3cc(F)ccc3n2)c(Cl)c1,O=C(NCC(=O)N1CCC[C@H]1C(=O)NCc1ccccc1)c1ccc2ccccc2n1,0.4955094,0.4955,0.7210884,0.7211,0.6604256,-8.8000,1.0000000,1.0000,[],51
2.4020,4.2413,70.9730,0.5876117,O=C(NCC(=O)N1C[C@H](O)C[C@H]1C(=O)N[C@@H](CO)c1cccc(Cl)c1)c1ccc2cc(F)ccc2n1,1,COc1ccc([C@H](C)NC(=O)[C@@H]2C[C@@H](O)CN2C(=O)CNC(=O)c2ccc3cc(F)ccc3n2)c(Cl)c1,O=C(NCC(=O)N1CCC[C@H]1C(=O)NCc1ccccc1)c1ccc2ccccc2n1,0.3782864,0.3783,0.7432432,0.7432,0.6511860,-8.7200,1.0000000,1.0000,[],51
2.3841,4.6734,74.2686,0.6167343,O=C(NCC(=O)N1C[C@H](O)C[C@H]1C(=O)N[C@H](CO)c1cccc(Cl)c1)c1ccc2cc(F)ccc2n1,1,COc1ccc([C@H](C)NC(=O)[C@@H]2C[C@@H](O)CN2C(=O)CNC(=O)c2ccc3cc(F)ccc3n2)c(Cl)c1,O=C(NCC(=O)N1CCC[C@H]1C(=O)NCc1ccccc1)c1ccc2ccccc2n1,0.3782864,0.3783,0.7432432,0.7432,0.7173324,-9.3200,1.0000000,1.0000,[],51
2.3110,8.7137,77.1655,0.6709312,CC(C)C(NC(=O)[C@@H]1C[C@@H](O)CN1C(=O)CNC(=O)c1ccc2cc(F)ccc2n1)c1ccc(Cl)cc1,1,COc1ccc([C@H](C)NC(=O)[C@@H]2C[C@@H](O)CN2C(=O)CNC(=O)c2ccc3cc(F)ccc3n2)c(Cl)c1,O=C(NCC(=O)N1CCC[C@H]1C(=O)NCc1ccccc1)c1ccc2ccccc2n1,0.4374885,0.4375,0.7619048,0.7619,0.7796905,-9.9700,1.0000000,1.0000,[],52
2.2208,4.0491,82.5249,0.6763589,CC(C)C(NC(=O)[C@@H]1C[C@@H](O)CN1C(=O)CNC(=O)c1ccc2cc(F)ccc2n1)c1ccccc1,1,COc1ccc([C@H](C)NC(=O)[C@@H]2C[C@@H](O)CN2C(=O)CNC(=O)c2ccc3cc(F)ccc3n2)c(Cl)c1,O=C(NCC(=O)N1CCC[C@H]1C(=O)NCc1ccccc1)c1ccc2ccccc2n1,0.4695327,0.4695,0.7364865,0.7365,0.7779275,-9.9500,1.0000000,1.0000,[],52
2.2803,4.8186,81.6214,0.6753121,CC(NC(=O)[C@@H]1C[C@@H](O)CN1C(=O)CNC(=O)c1ccc2cc(F)ccc2n1)c1ccc(Cl)cc1,1,COc1ccc([C@H](C)NC(=O)[C@@H]2C[C@@H](O)CN2C(=O)CNC(=O)c2ccc3cc(F)ccc3n2)c(Cl)c1,O=C(NCC(=O)N1CCC[C@H]1C(=O)NCc1ccccc1)c1ccc2ccccc2n1,0.4834885,0.4835,0.8014184,0.8014,0.7326326,-9.4700,1.0000000,1.0000,[],52
2.3374,4.1297,72.0438,0.5951057,COc1ccc(CNC(=O)[C@@H]2C[C@@H](O)CN2C(=O)CNC(=O)c2ccc3cc(F)ccc3n2)cc1,1,COc1ccc([C@H](C)NC(=O)[C@@H]2C[C@@H](O)CN2C(=O)CNC(=O)c2ccc3cc(F)ccc3n2)c(Cl)c1,O=C(NCC(=O)N1CCC[C@H]1C(=O)NCc1ccccc1)c1ccc2ccccc2n1,0.4701237,0.4701,0.7832168,0.7832,0.5836347,-8.1600,1.0000000,1.0000,[],52
2.3223,4.2698,80.8253,0.6648056,C[C@@H](NC(=O)[C@@H]1C[C@@H](O)CN1C(=O)CNC(=O)c1ccc2cc(F)ccc2n1)c1ccc(Cl)cc1,1,COc1ccc([C@H](C)NC(=O)[C@@H]2C[C@@H](O)CN2C(=O)CNC(=O)c2ccc3cc(F)ccc3n2)c(Cl)c1,O=C(NCC(=O)N1CCC[C@H]1C(=O)NCc1ccccc1)c1ccc2ccccc2n1,0.4834885,0.4835,0.8014184,0.8014,0.7100135,-9.2500,1.0000000,1.0000,[],52
2.2845,4.3193,79.5056,0.6548825,O=C(NCC(=O)N1C[C@H](O)C[C@H]1C(=O)NCc1ccc(Cl)c(Cl)c1)c1ccc2cc(F)ccc2n1,1,COc1ccc([C@H](C)NC(=O)[C@@H]2C[C@@H](O)CN2C(=O)CNC(=O)c2ccc3cc(F)ccc3n2)c(Cl)c1,O=C(NCC(=O)N1CCC[C@H]1C(=O)NCc1ccccc1)c1ccc2ccccc2n1,0.4640416,0.4640,0.7114094,0.7114,0.7464290,-9.6100,1.0000000,1.0000,[],52
2.3019,3.8934,81.6967,0.6686721,O=C(NCC(=O)N1C[C@H](O)C[C@H]1C(=O)NCc1ccc(Cl)cc1)c1ccc2cc(F)ccc2n1,1,COc1ccc([C@H](C)NC(=O)[C@@H]2C[C@@H](O)CN2C(=O)CNC(=O)c2ccc3cc(F)ccc3n2)c(Cl)c1,O=C(NCC(=O)N1CCC[C@H]1C(=O)NCc1ccccc1)c1ccc2ccccc2n1,0.4955094,0.4955,0.7260274,0.7260,0.7454593,-9.6000,1.0000000,1.0000,[],52
2.2474,3.2004,77.2229,0.6283072,O=C(NCC(=O)N1C[C@H](O)C[C@H]1C(=O)NCc1cccc(Cl)c1)c1ccc2cc(F)ccc2n1,1,COc1ccc([C@H](C)NC(=O)[C@@H]2C[C@@H](O)CN2C(=O)CNC(=O)c2ccc3cc(F)ccc3n2)c(Cl)c1,O=C(NCC(=O)N1CCC[C@H]1C(=O)NCc1ccccc1)c1ccc2ccccc2n1,0.4955094,0.4955,0.7210884,0.7211,0.6604256,-8.8000,1.0000000,1.0000,[],52
2.3916,4.2413,70.9730,0.5876117,O=C(NCC(=O)N1C[C@H](O)C[C@H]1C(=O)N[C@@H](CO)c1cccc(Cl)c1)c1ccc2cc(F)ccc2n1,1,COc1ccc([C@H](C)NC(=O)[C@@H]2C[C@@H](O)CN2C(=O)CNC(=O)c2ccc3cc(F)ccc3n2)c(Cl)c1,O=C(NCC(=O)N1CCC[C@H]1C(=O)NCc1ccccc1)c1ccc2ccccc2n1,0.3782864,0.3783,0.7432432,0.7432,0.6511860,-8.7200,1.0000000,1.0000,[],52
2.3575,4.6734,74.2686,0.6167343,O=C(NCC(=O)N1C[C@H](O)C[C@H]1C(=O)N[C@H](CO)c1cccc(Cl)c1)c1ccc2cc(F)ccc2n1,1,COc1ccc([C@H](C)NC(=O)[C@@H]2C[C@@H](O)CN2C(=O)CNC(=O)c2ccc3cc(F)ccc3n2)c(Cl)c1,O=C(NCC(=O)N1CCC[C@H]1C(=O)NCc1ccccc1)c1ccc2ccccc2n1,0.3782864,0.3783,0.7432432,0.7432,0.7173324,-9.3200,1.0000000,1.0000,[],52
2.3186,8.7137,77.1655,0.6709312,CC(C)C(NC(=O)[C@@H]1C[C@@H](O)CN1C(=O)CNC(=O)c1ccc2cc(F)ccc2n1)c1ccc(Cl)cc1,1,COc1ccc([C@H](C)NC(=O)[C@@H]2C[C@@H](O)CN2C(=O)CNC(=O)c2ccc3cc(F)ccc3n2)c(Cl)c1,O=C(NCC(=O)N1CCC[C@H]1C(=O)NCc1ccccc1)c1ccc2ccccc2n1,0.4374885,0.4375,0.7619048,0.7619,0.7796905,-9.9700,1.0000000,1.0000,[],53
2.2683,4.0491,82.5249,0.6763589,CC(C)C(NC(=O)[C@@H]1C[C@@H](O)CN1C(=O)CNC(=O)c1ccc2cc(F)ccc2n1)c1ccccc1,1,COc1ccc([C@H](C)NC(=O)[C@@H]2C[C@@H](O)CN2C(=O)CNC(=O)c2ccc3cc(F)ccc3n2)c(Cl)c1,O=C(NCC(=O)N1CCC[C@H]1C(=O)NCc1ccccc1)c1ccc2ccccc2n1,0.4695327,0.4695,0.7364865,0.7365,0.7779275,-9.9500,1.0000000,1.0000,[],53
2.2412,4.8186,81.6214,0.6753121,CC(NC(=O)[C@@H]1C[C@@H](O)CN1C(=O)CNC(=O)c1ccc2cc(F)ccc2n1)c1ccc(Cl)cc1,1,COc1ccc([C@H](C)NC(=O)[C@@H]2C[C@@H](O)CN2C(=O)CNC(=O)c2ccc3cc(F)ccc3n2)c(Cl)c1,O=C(NCC(=O)N1CCC[C@H]1C(=O)NCc1ccccc1)c1ccc2ccccc2n1,0.4834885,0.4835,0.8014184,0.8014,0.7326326,-9.4700,1.0000000,1.0000,[],53
2.3454,4.1297,72.0438,0.5951057,COc1ccc(CNC(=O)[C@@H]2C[C@@H](O)CN2C(=O)CNC(=O)c2ccc3cc(F)ccc3n2)cc1,1,COc1ccc([C@H](C)NC(=O)[C@@H]2C[C@@H](O)CN2C(=O)CNC(=O)c2ccc3cc(F)ccc3n2)c(Cl)c1,O=C(NCC(=O)N1CCC[C@H]1C(=O)NCc1ccccc1)c1ccc2ccccc2n1,0.4701237,0.4701,0.7832168,0.7832,0.5836347,-8.1600,1.0000000,1.0000,[],53
2.3040,4.2698,80.8253,0.6648056,C[C@@H](NC(=O)[C@@H]1C[C@@H](O)CN1C(=O)CNC(=O)c1ccc2cc(F)ccc2n1)c1ccc(Cl)cc1,1,COc1ccc([C@H](C)NC(=O)[C@@H]2C[C@@H](O)CN2C(=O)CNC(=O)c2ccc3cc(F)ccc3n2)c(Cl)c1,O=C(NCC(=O)N1CCC[C@H]1C(=O)NCc1ccccc1)c1ccc2ccccc2n1,0.4834885,0.4835,0.8014184,0.8014,0.7100135,-9.2500,1.0000000,1.0000,[],53
2.3114,4.3193,79.5056,0.6548825,O=C(NCC(=O)N1C[C@H](O)C[C@H]1C(=O)NCc1ccc(Cl)c(Cl)c1)c1ccc2cc(F)ccc2n1,1,COc1ccc([C@H](C)NC(=O)[C@@H]2C[C@@H](O)CN2C(=O)CNC(=O)c2ccc3cc(F)ccc3n2)c(Cl)c1,O=C(NCC(=O)N1CCC[C@H]1C(=O)NCc1ccccc1)c1ccc2ccccc2n1,0.4640416,0.4640,0.7114094,0.7114,0.7464290,-9.6100,1.0000000,1.0000,[],53
2.2852,3.8934,81.6967,0.6686721,O=C(NCC(=O)N1C[C@H](O)C[C@H]1C(=O)NCc1ccc(Cl)cc1)c1ccc2cc(F)ccc2n1,1,COc1ccc([C@H](C)NC(=O)[C@@H]2C[C@@H](O)CN2C(=O)CNC(=O)c2ccc3cc(F)ccc3n2)c(Cl)c1,O=C(NCC(=O)N1CCC[C@H]1C(=O)NCc1ccccc1)c1ccc2ccccc2n1,0.4955094,0.4955,0.7260274,0.7260,0.7454593,-9.6000,1.0000000,1.0000,[],53
2.2684,3.2004,77.2229,0.6283072,O=C(NCC(=O)N1C[C@H](O)C[C@H]1C(=O)NCc1cccc(Cl)c1)c1ccc2cc(F)ccc2n1,1,COc1ccc([C@H](C)NC(=O)[C@@H]2C[C@@H](O)CN2C(=O)CNC(=O)c2ccc3cc(F)ccc3n2)c(Cl)c1,O=C(NCC(=O)N1CCC[C@H]1C(=O)NCc1ccccc1)c1ccc2ccccc2n1,0.4955094,0.4955,0.7210884,0.7211,0.6604256,-8.8000,1.0000000,1.0000,[],53
2.3790,4.2413,70.9730,0.5876117,O=C(NCC(=O)N1C[C@H](O)C[C@H]1C(=O)N[C@@H](CO)c1cccc(Cl)c1)c1ccc2cc(F)ccc2n1,1,COc1ccc([C@H](C)NC(=O)[C@@H]2C[C@@H](O)CN2C(=O)CNC(=O)c2ccc3cc(F)ccc3n2)c(Cl)c1,O=C(NCC(=O)N1CCC[C@H]1C(=O)NCc1ccccc1)c1ccc2ccccc2n1,0.3782864,0.3783,0.7432432,0.7432,0.6511860,-8.7200,1.0000000,1.0000,[],53
2.3287,4.6734,74.2686,0.6167343,O=C(NCC(=O)N1C[C@H](O)C[C@H]1C(=O)N[C@H](CO)c1cccc(Cl)c1)c1ccc2cc(F)ccc2n1,1,COc1ccc([C@H](C)NC(=O)[C@@H]2C[C@@H](O)CN2C(=O)CNC(=O)c2ccc3cc(F)ccc3n2)c(Cl)c1,O=C(NCC(=O)N1CCC[C@H]1C(=O)NCc1ccccc1)c1ccc2ccccc2n1,0.3782864,0.3783,0.7432432,0.7432,0.7173324,-9.3200,1.0000000,1.0000,[],53
2.3064,8.7137,77.1655,0.6709312,CC(C)C(NC(=O)[C@@H]1C[C@@H](O)CN1C(=O)CNC(=O)c1ccc2cc(F)ccc2n1)c1ccc(Cl)cc1,1,COc1ccc([C@H](C)NC(=O)[C@@H]2C[C@@H](O)CN2C(=O)CNC(=O)c2ccc3cc(F)ccc3n2)c(Cl)c1,O=C(NCC(=O)N1CCC[C@H]1C(=O)NCc1ccccc1)c1ccc2ccccc2n1,0.4374885,0.4375,0.7619048,0.7619,0.7796905,-9.9700,1.0000000,1.0000,[],54
2.2882,4.0491,82.5249,0.6763589,CC(C)C(NC(=O)[C@@H]1C[C@@H](O)CN1C(=O)CNC(=O)c1ccc2cc(F)ccc2n1)c1ccccc1,1,COc1ccc([C@H](C)NC(=O)[C@@H]2C[C@@H](O)CN2C(=O)CNC(=O)c2ccc3cc(F)ccc3n2)c(Cl)c1,O=C(NCC(=O)N1CCC[C@H]1C(=O)NCc1ccccc1)c1ccc2ccccc2n1,0.4695327,0.4695,0.7364865,0.7365,0.7779275,-9.9500,1.0000000,1.0000,[],54
2.2409,4.8186,81.6214,0.6753121,CC(NC(=O)[C@@H]1C[C@@H](O)CN1C(=O)CNC(=O)c1ccc2cc(F)ccc2n1)c1ccc(Cl)cc1,1,COc1ccc([C@H](C)NC(=O)[C@@H]2C[C@@H](O)CN2C(=O)CNC(=O)c2ccc3cc(F)ccc3n2)c(Cl)c1,O=C(NCC(=O)N1CCC[C@H]1C(=O)NCc1ccccc1)c1ccc2ccccc2n1,0.4834885,0.4835,0.8014184,0.8014,0.7326326,-9.4700,1.0000000,1.0000,[],54
2.3558,4.1297,72.0438,0.5951057,COc1ccc(CNC(=O)[C@@H]2C[C@@H](O)CN2C(=O)CNC(=O)c2ccc3cc(F)ccc3n2)cc1,1,COc1ccc([C@H](C)NC(=O)[C@@H]2C[C@@H](O)CN2C(=O)CNC(=O)c2ccc3cc(F)ccc3n2)c(Cl)c1,O=C(NCC(=O)N1CCC[C@H]1C(=O)NCc1ccccc1)c1ccc2ccccc2n1,0.4701237,0.4701,0.7832168,0.7832,0.5836347,-8.1600,1.0000000,1.0000,[],54
2.2807,4.2698,80.8253,0.6648056,C[C@@H](NC(=O)[C@@H]1C[C@@H](O)CN1C(=O)CNC(=O)c1ccc2cc(F)ccc2n1)c1ccc(Cl)cc1,1,COc1ccc([C@H](C)NC(=O)[C@@H]2C[C@@H](O)CN2C(=O)CNC(=O)c2ccc3cc(F)ccc3n2)c(Cl)c1,O=C(NCC(=O)N1CCC[C@H]1C(=O)NCc1ccccc1)c1ccc2ccccc2n1,0.4834885,0.4835,0.8014184,0.8014,0.7100135,-9.2500,1.0000000,1.0000,[],54
2.3232,4.3193,79.5056,0.6548825,O=C(NCC(=O)N1C[C@H](O)C[C@H]1C(=O)NCc1ccc(Cl)c(Cl)c1)c1ccc2cc(F)ccc2n1,1,COc1ccc([C@H](C)NC(=O)[C@@H]2C[C@@H](O)CN2C(=O)CNC(=O)c2ccc3cc(F)ccc3n2)c(Cl)c1,O=C(NCC(=O)N1CCC[C@H]1C(=O)NCc1ccccc1)c1ccc2ccccc2n1,0.4640416,0.4640,0.7114094,0.7114,0.7464290,-9.6100,1.0000000,1.0000,[],54
2.2534,3.8934,81.6967,0.6686721,O=C(NCC(=O)N1C[C@H](O)C[C@H]1C(=O)NCc1ccc(Cl)cc1)c1ccc2cc(F)ccc2n1,1,COc1ccc([C@H](C)NC(=O)[C@@H]2C[C@@H](O)CN2C(=O)CNC(=O)c2ccc3cc(F)ccc3n2)c(Cl)c1,O=C(NCC(=O)N1CCC[C@H]1C(=O)NCc1ccccc1)c1ccc2ccccc2n1,0.4955094,0.4955,0.7260274,0.7260,0.7454593,-9.6000,1.0000000,1.0000,[],54
2.2999,3.2004,77.2229,0.6283072,O=C(NCC(=O)N1C[C@H](O)C[C@H]1C(=O)NCc1cccc(Cl)c1)c1ccc2cc(F)ccc2n1,1,COc1ccc([C@H](C)NC(=O)[C@@H]2C[C@@H](O)CN2C(=O)CNC(=O)c2ccc3cc(F)ccc3n2)c(Cl)c1,O=C(NCC(=O)N1CCC[C@H]1C(=O)NCc1ccccc1)c1ccc2ccccc2n1,0.4955094,0.4955,0.7210884,0.7211,0.6604256,-8.8000,1.0000000,1.0000,[],54
2.3819,4.2413,70.9730,0.5876117,O=C(NCC(=O)N1C[C@H](O)C[C@H]1C(=O)N[C@@H](CO)c1cccc(Cl)c1)c1ccc2cc(F)ccc2n1,1,COc1ccc([C@H](C)NC(=O)[C@@H]2C[C@@H](O)CN2C(=O)CNC(=O)c2ccc3cc(F)ccc3n2)c(Cl)c1,O=C(NCC(=O)N1CCC[C@H]1C(=O)NCc1ccccc1)c1ccc2ccccc2n1,0.3782864,0.3783,0.7432432,0.7432,0.6511860,-8.7200,1.0000000,1.0000,[],54
2.3201,4.6734,74.2686,0.6167343,O=C(NCC(=O)N1C[C@H](O)C[C@H]1C(=O)N[C@H](CO)c1cccc(Cl)c1)c1ccc2cc(F)ccc2n1,1,COc1ccc([C@H](C)NC(=O)[C@@H]2C[C@@H](O)CN2C(=O)CNC(=O)c2ccc3cc(F)ccc3n2)c(Cl)c1,O=C(NCC(=O)N1CCC[C@H]1C(=O)NCc1ccccc1)c1ccc2ccccc2n1,0.3782864,0.3783,0.7432432,0.7432,0.7173324,-9.3200,1.0000000,1.0000,[],54
2.2800,8.7137,77.1655,0.6709312,CC(C)C(NC(=O)[C@@H]1C[C@@H](O)CN1C(=O)CNC(=O)c1ccc2cc(F)ccc2n1)c1ccc(Cl)cc1,1,COc1ccc([C@H](C)NC(=O)[C@@H]2C[C@@H](O)CN2C(=O)CNC(=O)c2ccc3cc(F)ccc3n2)c(Cl)c1,O=C(NCC(=O)N1CCC[C@H]1C(=O)NCc1ccccc1)c1ccc2ccccc2n1,0.4374885,0.4375,0.7619048,0.7619,0.7796905,-9.9700,1.0000000,1.0000,[],55
2.2701,4.0491,82.5249,0.6763589,CC(C)C(NC(=O)[C@@H]1C[C@@H](O)CN1C(=O)CNC(=O)c1ccc2cc(F)ccc2n1)c1ccccc1,1,COc1ccc([C@H](C)NC(=O)[C@@H]2C[C@@H](O)CN2C(=O)CNC(=O)c2ccc3cc(F)ccc3n2)c(Cl)c1,O=C(NCC(=O)N1CCC[C@H]1C(=O)NCc1ccccc1)c1ccc2ccccc2n1,0.4695327,0.4695,0.7364865,0.7365,0.7779275,-9.9500,1.0000000,1.0000,[],55
2.2845,4.8186,81.6214,0.6753121,CC(NC(=O)[C@@H]1C[C@@H](O)CN1C(=O)CNC(=O)c1ccc2cc(F)ccc2n1)c1ccc(Cl)cc1,1,COc1ccc([C@H](C)NC(=O)[C@@H]2C[C@@H](O)CN2C(=O)CNC(=O)c2ccc3cc(F)ccc3n2)c(Cl)c1,O=C(NCC(=O)N1CCC[C@H]1C(=O)NCc1ccccc1)c1ccc2ccccc2n1,0.4834885,0.4835,0.8014184,0.8014,0.7326326,-9.4700,1.0000000,1.0000,[],55
2.3724,4.1297,72.0438,0.5951057,COc1ccc(CNC(=O)[C@@H]2C[C@@H](O)CN2C(=O)CNC(=O)c2ccc3cc(F)ccc3n2)cc1,1,COc1ccc([C@H](C)NC(=O)[C@@H]2C[C@@H](O)CN2C(=O)CNC(=O)c2ccc3cc(F)ccc3n2)c(Cl)c1,O=C(NCC(=O)N1CCC[C@H]1C(=O)NCc1ccccc1)c1ccc2ccccc2n1,0.4701237,0.4701,0.7832168,0.7832,0.5836347,-8.1600,1.0000000,1.0000,[],55
2.2601,4.2698,80.8253,0.6648056,C[C@@H](NC(=O)[C@@H]1C[C@@H](O)CN1C(=O)CNC(=O)c1ccc2cc(F)ccc2n1)c1ccc(Cl)cc1,1,COc1ccc([C@H](C)NC(=O)[C@@H]2C[C@@H](O)CN2C(=O)CNC(=O)c2ccc3cc(F)ccc3n2)c(Cl)c1,O=C(NCC(=O)N1CCC[C@H]1C(=O)NCc1ccccc1)c1ccc2ccccc2n1,0.4834885,0.4835,0.8014184,0.8014,0.7100135,-9.2500,1.0000000,1.0000,[],55
2.2533,4.3193,79.5056,0.6548825,O=C(NCC(=O)N1C[C@H](O)C[C@H]1C(=O)NCc1ccc(Cl)c(Cl)c1)c1ccc2cc(F)ccc2n1,1,COc1ccc([C@H](C)NC(=O)[C@@H]2C[C@@H](O)CN2C(=O)CNC(=O)c2ccc3cc(F)ccc3n2)c(Cl)c1,O=C(NCC(=O)N1CCC[C@H]1C(=O)NCc1ccccc1)c1ccc2ccccc2n1,0.4640416,0.4640,0.7114094,0.7114,0.7464290,-9.6100,1.0000000,1.0000,[],55
2.2766,3.8934,81.6967,0.6686721,O=C(NCC(=O)N1C[C@H](O)C[C@H]1C(=O)NCc1ccc(Cl)cc1)c1ccc2cc(F)ccc2n1,1,COc1ccc([C@H](C)NC(=O)[C@@H]2C[C@@H](O)CN2C(=O)CNC(=O)c2ccc3cc(F)ccc3n2)c(Cl)c1,O=C(NCC(=O)N1CCC[C@H]1C(=O)NCc1ccccc1)c1ccc2ccccc2n1,0.4955094,0.4955,0.7260274,0.7260,0.7454593,-9.6000,1.0000000,1.0000,[],55
2.3221,3.2004,77.2229,0.6283072,O=C(NCC(=O)N1C[C@H](O)C[C@H]1C(=O)NCc1cccc(Cl)c1)c1ccc2cc(F)ccc2n1,1,COc1ccc([C@H](C)NC(=O)[C@@H]2C[C@@H](O)CN2C(=O)CNC(=O)c2ccc3cc(F)ccc3n2)c(Cl)c1,O=C(NCC(=O)N1CCC[C@H]1C(=O)NCc1ccccc1)c1ccc2ccccc2n1,0.4955094,0.4955,0.7210884,0.7211,0.6604256,-8.8000,1.0000000,1.0000,[],55
2.3992,4.2413,70.9730,0.5876117,O=C(NCC(=O)N1C[C@H](O)C[C@H]1C(=O)N[C@@H](CO)c1cccc(Cl)c1)c1ccc2cc(F)ccc2n1,1,COc1ccc([C@H](C)NC(=O)[C@@H]2C[C@@H](O)CN2C(=O)CNC(=O)c2ccc3cc(F)ccc3n2)c(Cl)c1,O=C(NCC(=O)N1CCC[C@H]1C(=O)NCc1ccccc1)c1ccc2ccccc2n1,0.3782864,0.3783,0.7432432,0.7432,0.6511860,-8.7200,1.0000000,1.0000,[],55
2.3343,4.6734,74.2686,0.6167343,O=C(NCC(=O)N1C[C@H](O)C[C@H]1C(=O)N[C@H](CO)c1cccc(Cl)c1)c1ccc2cc(F)ccc2n1,1,COc1ccc([C@H](C)NC(=O)[C@@H]2C[C@@H](O)CN2C(=O)CNC(=O)c2ccc3cc(F)ccc3n2)c(Cl)c1,O=C(NCC(=O)N1CCC[C@H]1C(=O)NCc1ccccc1)c1ccc2ccccc2n1,0.3782864,0.3783,0.7432432,0.7432,0.7173324,-9.3200,1.0000000,1.0000,[],55
2.2883,8.7137,77.1655,0.6709312,CC(C)C(NC(=O)[C@@H]1C[C@@H](O)CN1C(=O)CNC(=O)c1ccc2cc(F)ccc2n1)c1ccc(Cl)cc1,1,COc1ccc([C@H](C)NC(=O)[C@@H]2C[C@@H](O)CN2C(=O)CNC(=O)c2ccc3cc(F)ccc3n2)c(Cl)c1,O=C(NCC(=O)N1CCC[C@H]1C(=O)NCc1ccccc1)c1ccc2ccccc2n1,0.4374885,0.4375,0.7619048,0.7619,0.7796905,-9.9700,1.0000000,1.0000,[],56
2.2547,4.0491,82.5249,0.6763589,CC(C)C(NC(=O)[C@@H]1C[C@@H](O)CN1C(=O)CNC(=O)c1ccc2cc(F)ccc2n1)c1ccccc1,1,COc1ccc([C@H](C)NC(=O)[C@@H]2C[C@@H](O)CN2C(=O)CNC(=O)c2ccc3cc(F)ccc3n2)c(Cl)c1,O=C(NCC(=O)N1CCC[C@H]1C(=O)NCc1ccccc1)c1ccc2ccccc2n1,0.4695327,0.4695,0.7364865,0.7365,0.7779275,-9.9500,1.0000000,1.0000,[],56
2.2827,4.8186,81.6214,0.6753121,CC(NC(=O)[C@@H]1C[C@@H](O)CN1C(=O)CNC(=O)c1ccc2cc(F)ccc2n1)c1ccc(Cl)cc1,1,COc1ccc([C@H](C)NC(=O)[C@@H]2C[C@@H](O)CN2C(=O)CNC(=O)c2ccc3cc(F)ccc3n2)c(Cl)c1,O=C(NCC(=O)N1CCC[C@H]1C(=O)NCc1ccccc1)c1ccc2ccccc2n1,0.4834885,0.4835,0.8014184,0.8014,0.7326326,-9.4700,1.0000000,1.0000,[],56
2.3860,4.1297,72.0438,0.5951057,COc1ccc(CNC(=O)[C@@H]2C[C@@H](O)CN2C(=O)CNC(=O)c2ccc3cc(F)ccc3n2)cc1,1,COc1ccc([C@H](C)NC(=O)[C@@H]2C[C@@H](O)CN2C(=O)CNC(=O)c2ccc3cc(F)ccc3n2)c(Cl)c1,O=C(NCC(=O)N1CCC[C@H]1C(=O)NCc1ccccc1)c1ccc2ccccc2n1,0.4701237,0.4701,0.7832168,0.7832,0.5836347,-8.1600,1.0000000,1.0000,[],56
2.2409,4.2698,80.8253,0.6648056,C[C@@H](NC(=O)[C@@H]1C[C@@H](O)CN1C(=O)CNC(=O)c1ccc2cc(F)ccc2n1)c1ccc(Cl)cc1,1,COc1ccc([C@H](C)NC(=O)[C@@H]2C[C@@H](O)CN2C(=O)CNC(=O)c2ccc3cc(F)ccc3n2)c(Cl)c1,O=C(NCC(=O)N1CCC[C@H]1C(=O)NCc1ccccc1)c1ccc2ccccc2n1,0.4834885,0.4835,0.8014184,0.8014,0.7100135,-9.2500,1.0000000,1.0000,[],56
2.2750,4.3193,79.5056,0.6548825,O=C(NCC(=O)N1C[C@H](O)C[C@H]1C(=O)NCc1ccc(Cl)c(Cl)c1)c1ccc2cc(F)ccc2n1,1,COc1ccc([C@H](C)NC(=O)[C@@H]2C[C@@H](O)CN2C(=O)CNC(=O)c2ccc3cc(F)ccc3n2)c(Cl)c1,O=C(NCC(=O)N1CCC[C@H]1C(=O)NCc1ccccc1)c1ccc2ccccc2n1,0.4640416,0.4640,0.7114094,0.7114,0.7464290,-9.6100,1.0000000,1.0000,[],56
2.2208,3.8934,81.6967,0.6686721,O=C(NCC(=O)N1C[C@H](O)C[C@H]1C(=O)NCc1ccc(Cl)cc1)c1ccc2cc(F)ccc2n1,1,COc1ccc([C@H](C)NC(=O)[C@@H]2C[C@@H](O)CN2C(=O)CNC(=O)c2ccc3cc(F)ccc3n2)c(Cl)c1,O=C(NCC(=O)N1CCC[C@H]1C(=O)NCc1ccccc1)c1ccc2ccccc2n1,0.4955094,0.4955,0.7260274,0.7260,0.7454593,-9.6000,1.0000000,1.0000,[],56
2.3377,3.2004,77.2229,0.6283072,O=C(NCC(=O)N1C[C@H](O)C[C@H]1C(=O)NCc1cccc(Cl)c1)c1ccc2cc(F)ccc2n1,1,COc1ccc([C@H](C)NC(=O)[C@@H]2C[C@@H](O)CN2C(=O)CNC(=O)c2ccc3cc(F)ccc3n2)c(Cl)c1,O=C(NCC(=O)N1CCC[C@H]1C(=O)NCc1ccccc1)c1ccc2ccccc2n1,0.4955094,0.4955,0.7210884,0.7211,0.6604256,-8.8000,1.0000000,1.0000,[],56
2.4163,4.2413,70.9730,0.5876117,O=C(NCC(=O)N1C[C@H](O)C[C@H]1C(=O)N[C@@H](CO)c1cccc(Cl)c1)c1ccc2cc(F)ccc2n1,1,COc1ccc([C@H](C)NC(=O)[C@@H]2C[C@@H](O)CN2C(=O)CNC(=O)c2ccc3cc(F)ccc3n2)c(Cl)c1,O=C(NCC(=O)N1CCC[C@H]1C(=O)NCc1ccccc1)c1ccc2ccccc2n1,0.3782864,0.3783,0.7432432,0.7432,0.6511860,-8.7200,1.0000000,1.0000,[],56
2.3575,4.6734,74.2686,0.6167343,O=C(NCC(=O)N1C[C@H](O)C[C@H]1C(=O)N[C@H](CO)c1cccc(Cl)c1)c1ccc2cc(F)ccc2n1,1,COc1ccc([C@H](C)NC(=O)[C@@H]2C[C@@H](O)CN2C(=O)CNC(=O)c2ccc3cc(F)ccc3n2)c(Cl)c1,O=C(NCC(=O)N1CCC[C@H]1C(=O)NCc1ccccc1)c1ccc2ccccc2n1,0.3782864,0.3783,0.7432432,0.7432,0.7173324,-9.3200,1.0000000,1.0000,[],56
2.3246,8.7137,77.1655,0.6709312,CC(C)C(NC(=O)[C@@H]1C[C@@H](O)CN1C(=O)CNC(=O)c1ccc2cc(F)ccc2n1)c1ccc(Cl)cc1,1,COc1ccc([C@H](C)NC(=O)[C@@H]2C[C@@H](O)CN2C(=O)CNC(=O)c2ccc3cc(F)ccc3n2)c(Cl)c1,O=C(NCC(=O)N1CCC[C@H]1C(=O)NCc1ccccc1)c1ccc2ccccc2n1,0.4374885,0.4375,0.7619048,0.7619,0.7796905,-9.9700,1.0000000,1.0000,[],57
2.2541,4.0491,82.5249,0.6763589,CC(C)C(NC(=O)[C@@H]1C[C@@H](O)CN1C(=O)CNC(=O)c1ccc2cc(F)ccc2n1)c1ccccc1,1,COc1ccc([C@H](C)NC(=O)[C@@H]2C[C@@H](O)CN2C(=O)CNC(=O)c2ccc3cc(F)ccc3n2)c(Cl)c1,O=C(NCC(=O)N1CCC[C@H]1C(=O)NCc1ccccc1)c1ccc2ccccc2n1,0.4695327,0.4695,0.7364865,0.7365,0.7779275,-9.9500,1.0000000,1.0000,[],57
2.2425,4.8186,81.6214,0.6753121,CC(NC(=O)[C@@H]1C[C@@H](O)CN1C(=O)CNC(=O)c1ccc2cc(F)ccc2n1)c1ccc(Cl)cc1,1,COc1ccc([C@H](C)NC(=O)[C@@H]2C[C@@H](O)CN2C(=O)CNC(=O)c2ccc3cc(F)ccc3n2)c(Cl)c1,O=C(NCC(=O)N1CCC[C@H]1C(=O)NCc1ccccc1)c1ccc2ccccc2n1,0.4834885,0.4835,0.8014184,0.8014,0.7326326,-9.4700,1.0000000,1.0000,[],57
2.3991,4.1297,72.0438,0.5951057,COc1ccc(CNC(=O)[C@@H]2C[C@@H](O)CN2C(=O)CNC(=O)c2ccc3cc(F)ccc3n2)cc1,1,COc1ccc([C@H](C)NC(=O)[C@@H]2C[C@@H](O)CN2C(=O)CNC(=O)c2ccc3cc(F)ccc3n2)c(Cl)c1,O=C(NCC(=O)N1CCC[C@H]1C(=O)NCc1ccccc1)c1ccc2ccccc2n1,0.4701237,0.4701,0.7832168,0.7832,0.5836347,-8.1600,1.0000000,1.0000,[],57
2.2304,4.2698,80.8253,0.6648056,C[C@@H](NC(=O)[C@@H]1C[C@@H](O)CN1C(=O)CNC(=O)c1ccc2cc(F)ccc2n1)c1ccc(Cl)cc1,1,COc1ccc([C@H](C)NC(=O)[C@@H]2C[C@@H](O)CN2C(=O)CNC(=O)c2ccc3cc(F)ccc3n2)c(Cl)c1,O=C(NCC(=O)N1CCC[C@H]1C(=O)NCc1ccccc1)c1ccc2ccccc2n1,0.4834885,0.4835,0.8014184,0.8014,0.7100135,-9.2500,1.0000000,1.0000,[],57
2.2636,4.3193,79.5056,0.6548825,O=C(NCC(=O)N1C[C@H](O)C[C@H]1C(=O)NCc1ccc(Cl)c(Cl)c1)c1ccc2cc(F)ccc2n1,1,COc1ccc([C@H](C)NC(=O)[C@@H]2C[C@@H](O)CN2C(=O)CNC(=O)c2ccc3cc(F)ccc3n2)c(Cl)c1,O=C(NCC(=O)N1CCC[C@H]1C(=O)NCc1ccccc1)c1ccc2ccccc2n1,0.4640416,0.4640,0.7114094,0.7114,0.7464290,-9.6100,1.0000000,1.0000,[],57
2.2297,3.8934,81.6967,0.6686721,O=C(NCC(=O)N1C[C@H](O)C[C@H]1C(=O)NCc1ccc(Cl)cc1)c1ccc2cc(F)ccc2n1,1,COc1ccc([C@H](C)NC(=O)[C@@H]2C[C@@H](O)CN2C(=O)CNC(=O)c2ccc3cc(F)ccc3n2)c(Cl)c1,O=C(NCC(=O)N1CCC[C@H]1C(=O)NCc1ccccc1)c1ccc2ccccc2n1,0.4955094,0.4955,0.7260274,0.7260,0.7454593,-9.6000,1.0000000,1.0000,[],57
2.3452,3.2004,77.2229,0.6283072,O=C(NCC(=O)N1C[C@H](O)C[C@H]1C(=O)NCc1cccc(Cl)c1)c1ccc2cc(F)ccc2n1,1,COc1ccc([C@H](C)NC(=O)[C@@H]2C[C@@H](O)CN2C(=O)CNC(=O)c2ccc3cc(F)ccc3n2)c(Cl)c1,O=C(NCC(=O)N1CCC[C@H]1C(=O)NCc1ccccc1)c1ccc2ccccc2n1,0.4955094,0.4955,0.7210884,0.7211,0.6604256,-8.8000,1.0000000,1.0000,[],57
2.4105,4.2413,70.9730,0.5876117,O=C(NCC(=O)N1C[C@H](O)C[C@H]1C(=O)N[C@@H](CO)c1cccc(Cl)c1)c1ccc2cc(F)ccc2n1,1,COc1ccc([C@H](C)NC(=O)[C@@H]2C[C@@H](O)CN2C(=O)CNC(=O)c2ccc3cc(F)ccc3n2)c(Cl)c1,O=C(NCC(=O)N1CCC[C@H]1C(=O)NCc1ccccc1)c1ccc2ccccc2n1,0.3782864,0.3783,0.7432432,0.7432,0.6511860,-8.7200,1.0000000,1.0000,[],57
2.3632,4.6734,74.2686,0.6167343,O=C(NCC(=O)N1C[C@H](O)C[C@H]1C(=O)N[C@H](CO)c1cccc(Cl)c1)c1ccc2cc(F)ccc2n1,1,COc1ccc([C@H](C)NC(=O)[C@@H]2C[C@@H](O)CN2C(=O)CNC(=O)c2ccc3cc(F)ccc3n2)c(Cl)c1,O=C(NCC(=O)N1CCC[C@H]1C(=O)NCc1ccccc1)c1ccc2ccccc2n1,0.3782864,0.3783,0.7432432,0.7432,0.7173324,-9.3200,1.0000000,1.0000,[],57
2.3441,8.7137,77.1655,0.6709312,CC(C)C(NC(=O)[C@@H]1C[C@@H](O)CN1C(=O)CNC(=O)c1ccc2cc(F)ccc2n1)c1ccc(Cl)cc1,1,COc1ccc([C@H](C)NC(=O)[C@@H]2C[C@@H](O)CN2C(=O)CNC(=O)c2ccc3cc(F)ccc3n2)c(Cl)c1,O=C(NCC(=O)N1CCC[C@H]1C(=O)NCc1ccccc1)c1ccc2ccccc2n1,0.4374885,0.4375,0.7619048,0.7619,0.7796905,-9.9700,1.0000000,1.0000,[],58
2.2390,4.0491,82.5249,0.6763589,CC(C)C(NC(=O)[C@@H]1C[C@@H](O)CN1C(=O)CNC(=O)c1ccc2cc(F)ccc2n1)c1ccccc1,1,COc1ccc([C@H](C)NC(=O)[C@@H]2C[C@@H](O)CN2C(=O)CNC(=O)c2ccc3cc(F)ccc3n2)c(Cl)c1,O=C(NCC(=O)N1CCC[C@H]1C(=O)NCc1ccccc1)c1ccc2ccccc2n1,0.4695327,0.4695,0.7364865,0.7365,0.7779275,-9.9500,1.0000000,1.0000,[],58
2.2436,4.8186,81.6214,0.6753121,CC(NC(=O)[C@@H]1C[C@@H](O)CN1C(=O)CNC(=O)c1ccc2cc(F)ccc2n1)c1ccc(Cl)cc1,1,COc1ccc([C@H](C)NC(=O)[C@@H]2C[C@@H](O)CN2C(=O)CNC(=O)c2ccc3cc(F)ccc3n2)c(Cl)c1,O=C(NCC(=O)N1CCC[C@H]1C(=O)NCc1ccccc1)c1ccc2ccccc2n1,0.4834885,0.4835,0.8014184,0.8014,0.7326326,-9.4700,1.0000000,1.0000,[],58
2.4142,4.1297,72.0438,0.5951057,COc1ccc(CNC(=O)[C@@H]2C[C@@H](O)CN2C(=O)CNC(=O)c2ccc3cc(F)ccc3n2)cc1,1,COc1ccc([C@H](C)NC(=O)[C@@H]2C[C@@H](O)CN2C(=O)CNC(=O)c2ccc3cc(F)ccc3n2)c(Cl)c1,O=C(NCC(=O)N1CCC[C@H]1C(=O)NCc1ccccc1)c1ccc2ccccc2n1,0.4701237,0.4701,0.7832168,0.7832,0.5836347,-8.1600,1.0000000,1.0000,[],58
2.2360,4.2698,80.8253,0.6648056,C[C@@H](NC(=O)[C@@H]1C[C@@H](O)CN1C(=O)CNC(=O)c1ccc2cc(F)ccc2n1)c1ccc(Cl)cc1,1,COc1ccc([C@H](C)NC(=O)[C@@H]2C[C@@H](O)CN2C(=O)CNC(=O)c2ccc3cc(F)ccc3n2)c(Cl)c1,O=C(NCC(=O)N1CCC[C@H]1C(=O)NCc1ccccc1)c1ccc2ccccc2n1,0.4834885,0.4835,0.8014184,0.8014,0.7100135,-9.2500,1.0000000,1.0000,[],58
2.2477,4.3193,79.5056,0.6548825,O=C(NCC(=O)N1C[C@H](O)C[C@H]1C(=O)NCc1ccc(Cl)c(Cl)c1)c1ccc2cc(F)ccc2n1,1,COc1ccc([C@H](C)NC(=O)[C@@H]2C[C@@H](O)CN2C(=O)CNC(=O)c2ccc3cc(F)ccc3n2)c(Cl)c1,O=C(NCC(=O)N1CCC[C@H]1C(=O)NCc1ccccc1)c1ccc2ccccc2n1,0.4640416,0.4640,0.7114094,0.7114,0.7464290,-9.6100,1.0000000,1.0000,[],58
2.2627,3.8934,81.6967,0.6686721,O=C(NCC(=O)N1C[C@H](O)C[C@H]1C(=O)NCc1ccc(Cl)cc1)c1ccc2cc(F)ccc2n1,1,COc1ccc([C@H](C)NC(=O)[C@@H]2C[C@@H](O)CN2C(=O)CNC(=O)c2ccc3cc(F)ccc3n2)c(Cl)c1,O=C(NCC(=O)N1CCC[C@H]1C(=O)NCc1ccccc1)c1ccc2ccccc2n1,0.4955094,0.4955,0.7260274,0.7260,0.7454593,-9.6000,1.0000000,1.0000,[],58
2.3390,3.2004,77.2229,0.6283072,O=C(NCC(=O)N1C[C@H](O)C[C@H]1C(=O)NCc1cccc(Cl)c1)c1ccc2cc(F)ccc2n1,1,COc1ccc([C@H](C)NC(=O)[C@@H]2C[C@@H](O)CN2C(=O)CNC(=O)c2ccc3cc(F)ccc3n2)c(Cl)c1,O=C(NCC(=O)N1CCC[C@H]1C(=O)NCc1ccccc1)c1ccc2ccccc2n1,0.4955094,0.4955,0.7210884,0.7211,0.6604256,-8.8000,1.0000000,1.0000,[],58
2.3855,4.2413,70.9730,0.5876117,O=C(NCC(=O)N1C[C@H](O)C[C@H]1C(=O)N[C@@H](CO)c1cccc(Cl)c1)c1ccc2cc(F)ccc2n1,1,COc1ccc([C@H](C)NC(=O)[C@@H]2C[C@@H](O)CN2C(=O)CNC(=O)c2ccc3cc(F)ccc3n2)c(Cl)c1,O=C(NCC(=O)N1CCC[C@H]1C(=O)NCc1ccccc1)c1ccc2ccccc2n1,0.3782864,0.3783,0.7432432,0.7432,0.6511860,-8.7200,1.0000000,1.0000,[],58
2.3488,4.6734,74.2686,0.6167343,O=C(NCC(=O)N1C[C@H](O)C[C@H]1C(=O)N[C@H](CO)c1cccc(Cl)c1)c1ccc2cc(F)ccc2n1,1,COc1ccc([C@H](C)NC(=O)[C@@H]2C[C@@H](O)CN2C(=O)CNC(=O)c2ccc3cc(F)ccc3n2)c(Cl)c1,O=C(NCC(=O)N1CCC[C@H]1C(=O)NCc1ccccc1)c1ccc2ccccc2n1,0.3782864,0.3783,0.7432432,0.7432,0.7173324,-9.3200,1.0000000,1.0000,[],58
2.3361,8.7137,77.1655,0.6709312,CC(C)C(NC(=O)[C@@H]1C[C@@H](O)CN1C(=O)CNC(=O)c1ccc2cc(F)ccc2n1)c1ccc(Cl)cc1,1,COc1ccc([C@H](C)NC(=O)[C@@H]2C[C@@H](O)CN2C(=O)CNC(=O)c2ccc3cc(F)ccc3n2)c(Cl)c1,O=C(NCC(=O)N1CCC[C@H]1C(=O)NCc1ccccc1)c1ccc2ccccc2n1,0.4374885,0.4375,0.7619048,0.7619,0.7796905,-9.9700,1.0000000,1.0000,[],59
2.2151,4.0491,82.5249,0.6763589,CC(C)C(NC(=O)[C@@H]1C[C@@H](O)CN1C(=O)CNC(=O)c1ccc2cc(F)ccc2n1)c1ccccc1,1,COc1ccc([C@H](C)NC(=O)[C@@H]2C[C@@H](O)CN2C(=O)CNC(=O)c2ccc3cc(F)ccc3n2)c(Cl)c1,O=C(NCC(=O)N1CCC[C@H]1C(=O)NCc1ccccc1)c1ccc2ccccc2n1,0.4695327,0.4695,0.7364865,0.7365,0.7779275,-9.9500,1.0000000,1.0000,[],59
2.2741,4.8186,81.6214,0.6753121,CC(NC(=O)[C@@H]1C[C@@H](O)CN1C(=O)CNC(=O)c1ccc2cc(F)ccc2n1)c1ccc(Cl)cc1,1,COc1ccc([C@H](C)NC(=O)[C@@H]2C[C@@H](O)CN2C(=O)CNC(=O)c2ccc3cc(F)ccc3n2)c(Cl)c1,O=C(NCC(=O)N1CCC[C@H]1C(=O)NCc1ccccc1)c1ccc2ccccc2n1,0.4834885,0.4835,0.8014184,0.8014,0.7326326,-9.4700,1.0000000,1.0000,[],59
2.4233,4.1297,72.0438,0.5951057,COc1ccc(CNC(=O)[C@@H]2C[C@@H](O)CN2C(=O)CNC(=O)c2ccc3cc(F)ccc3n2)cc1,1,COc1ccc([C@H](C)NC(=O)[C@@H]2C[C@@H](O)CN2C(=O)CNC(=O)c2ccc3cc(F)ccc3n2)c(Cl)c1,O=C(NCC(=O)N1CCC[C@H]1C(=O)NCc1ccccc1)c1ccc2ccccc2n1,0.4701237,0.4701,0.7832168,0.7832,0.5836347,-8.1600,1.0000000,1.0000,[],59
2.2488,4.2698,80.8253,0.6648056,C[C@@H](NC(=O)[C@@H]1C[C@@H](O)CN1C(=O)CNC(=O)c1ccc2cc(F)ccc2n1)c1ccc(Cl)cc1,1,COc1ccc([C@H](C)NC(=O)[C@@H]2C[C@@H](O)CN2C(=O)CNC(=O)c2ccc3cc(F)ccc3n2)c(Cl)c1,O=C(NCC(=O)N1CCC[C@H]1C(=O)NCc1ccccc1)c1ccc2ccccc2n1,0.4834885,0.4835,0.8014184,0.8014,0.7100135,-9.2500,1.0000000,1.0000,[],59
2.3019,4.3193,79.5056,0.6548825,O=C(NCC(=O)N1C[C@H](O)C[C@H]1C(=O)NCc1ccc(Cl)c(Cl)c1)c1ccc2cc(F)ccc2n1,1,COc1ccc([C@H](C)NC(=O)[C@@H]2C[C@@H](O)CN2C(=O)CNC(=O)c2ccc3cc(F)ccc3n2)c(Cl)c1,O=C(NCC(=O)N1CCC[C@H]1C(=O)NCc1ccccc1)c1ccc2ccccc2n1,0.4640416,0.4640,0.7114094,0.7114,0.7464290,-9.6100,1.0000000,1.0000,[],59
2.2317,3.8934,81.6967,0.6686721,O=C(NCC(=O)N1C[C@H](O)C[C@H]1C(=O)NCc1ccc(Cl)cc1)c1ccc2cc(F)ccc2n1,1,COc1ccc([C@H](C)NC(=O)[C@@H]2C[C@@H](O)CN2C(=O)CNC(=O)c2ccc3cc(F)ccc3n2)c(Cl)c1,O=C(NCC(=O)N1CCC[C@H]1C(=O)NCc1ccccc1)c1ccc2ccccc2n1,0.4955094,0.4955,0.7260274,0.7260,0.7454593,-9.6000,1.0000000,1.0000,[],59
2.3218,3.2004,77.2229,0.6283072,O=C(NCC(=O)N1C[C@H](O)C[C@H]1C(=O)NCc1cccc(Cl)c1)c1ccc2cc(F)ccc2n1,1,COc1ccc([C@H](C)NC(=O)[C@@H]2C[C@@H](O)CN2C(=O)CNC(=O)c2ccc3cc(F)ccc3n2)c(Cl)c1,O=C(NCC(=O)N1CCC[C@H]1C(=O)NCc1ccccc1)c1ccc2ccccc2n1,0.4955094,0.4955,0.7210884,0.7211,0.6604256,-8.8000,1.0000000,1.0000,[],59
2.3681,4.2413,70.9730,0.5876117,O=C(NCC(=O)N1C[C@H](O)C[C@H]1C(=O)N[C@@H](CO)c1cccc(Cl)c1)c1ccc2cc(F)ccc2n1,1,COc1ccc([C@H](C)NC(=O)[C@@H]2C[C@@H](O)CN2C(=O)CNC(=O)c2ccc3cc(F)ccc3n2)c(Cl)c1,O=C(NCC(=O)N1CCC[C@H]1C(=O)NCc1ccccc1)c1ccc2ccccc2n1,0.3782864,0.3783,0.7432432,0.7432,0.6511860,-8.7200,1.0000000,1.0000,[],59
2.3376,4.6734,74.2686,0.6167343,O=C(NCC(=O)N1C[C@H](O)C[C@H]1C(=O)N[C@H](CO)c1cccc(Cl)c1)c1ccc2cc(F)ccc2n1,1,COc1ccc([C@H](C)NC(=O)[C@@H]2C[C@@H](O)CN2C(=O)CNC(=O)c2ccc3cc(F)ccc3n2)c(Cl)c1,O=C(NCC(=O)N1CCC[C@H]1C(=O)NCc1ccccc1)c1ccc2ccccc2n1,0.3782864,0.3783,0.7432432,0.7432,0.7173324,-9.3200,1.0000000,1.0000,[],59
2.3209,8.7137,77.1655,0.6709312,CC(C)C(NC(=O)[C@@H]1C[C@@H](O)CN1C(=O)CNC(=O)c1ccc2cc(F)ccc2n1)c1ccc(Cl)cc1,1,COc1ccc([C@H](C)NC(=O)[C@@H]2C[C@@H](O)CN2C(=O)CNC(=O)c2ccc3cc(F)ccc3n2)c(Cl)c1,O=C(NCC(=O)N1CCC[C@H]1C(=O)NCc1ccccc1)c1ccc2ccccc2n1,0.4374885,0.4375,0.7619048,0.7619,0.7796905,-9.9700,1.0000000,1.0000,[],60
2.2209,4.0491,82.5249,0.6763589,CC(C)C(NC(=O)[C@@H]1C[C@@H](O)CN1C(=O)CNC(=O)c1ccc2cc(F)ccc2n1)c1ccccc1,1,COc1ccc([C@H](C)NC(=O)[C@@H]2C[C@@H](O)CN2C(=O)CNC(=O)c2ccc3cc(F)ccc3n2)c(Cl)c1,O=C(NCC(=O)N1CCC[C@H]1C(=O)NCc1ccccc1)c1ccc2ccccc2n1,0.4695327,0.4695,0.7364865,0.7365,0.7779275,-9.9500,1.0000000,1.0000,[],60
2.2648,4.8186,81.6214,0.6753121,CC(NC(=O)[C@@H]1C[C@@H](O)CN1C(=O)CNC(=O)c1ccc2cc(F)ccc2n1)c1ccc(Cl)cc1,1,COc1ccc([C@H](C)NC(=O)[C@@H]2C[C@@H](O)CN2C(=O)CNC(=O)c2ccc3cc(F)ccc3n2)c(Cl)c1,O=C(NCC(=O)N1CCC[C@H]1C(=O)NCc1ccccc1)c1ccc2ccccc2n1,0.4834885,0.4835,0.8014184,0.8014,0.7326326,-9.4700,1.0000000,1.0000,[],60
2.4185,4.1297,72.0438,0.5951057,COc1ccc(CNC(=O)[C@@H]2C[C@@H](O)CN2C(=O)CNC(=O)c2ccc3cc(F)ccc3n2)cc1,1,COc1ccc([C@H](C)NC(=O)[C@@H]2C[C@@H](O)CN2C(=O)CNC(=O)c2ccc3cc(F)ccc3n2)c(Cl)c1,O=C(NCC(=O)N1CCC[C@H]1C(=O)NCc1ccccc1)c1ccc2ccccc2n1,0.4701237,0.4701,0.7832168,0.7832,0.5836347,-8.1600,1.0000000,1.0000,[],60
2.2575,4.2698,80.8253,0.6648056,C[C@@H](NC(=O)[C@@H]1C[C@@H](O)CN1C(=O)CNC(=O)c1ccc2cc(F)ccc2n1)c1ccc(Cl)cc1,1,COc1ccc([C@H](C)NC(=O)[C@@H]2C[C@@H](O)CN2C(=O)CNC(=O)c2ccc3cc(F)ccc3n2)c(Cl)c1,O=C(NCC(=O)N1CCC[C@H]1C(=O)NCc1ccccc1)c1ccc2ccccc2n1,0.4834885,0.4835,0.8014184,0.8014,0.7100135,-9.2500,1.0000000,1.0000,[],60
2.2780,4.3193,79.5056,0.6548825,O=C(NCC(=O)N1C[C@H](O)C[C@H]1C(=O)NCc1ccc(Cl)c(Cl)c1)c1ccc2cc(F)ccc2n1,1,COc1ccc([C@H](C)NC(=O)[C@@H]2C[C@@H](O)CN2C(=O)CNC(=O)c2ccc3cc(F)ccc3n2)c(Cl)c1,O=C(NCC(=O)N1CCC[C@H]1C(=O)NCc1ccccc1)c1ccc2ccccc2n1,0.4640416,0.4640,0.7114094,0.7114,0.7464290,-9.6100,1.0000000,1.0000,[],60
2.2769,3.8934,81.6967,0.6686721,O=C(NCC(=O)N1C[C@H](O)C[C@H]1C(=O)NCc1ccc(Cl)cc1)c1ccc2cc(F)ccc2n1,1,COc1ccc([C@H](C)NC(=O)[C@@H]2C[C@@H](O)CN2C(=O)CNC(=O)c2ccc3cc(F)ccc3n2)c(Cl)c1,O=C(NCC(=O)N1CCC[C@H]1C(=O)NCc1ccccc1)c1ccc2ccccc2n1,0.4955094,0.4955,0.7260274,0.7260,0.7454593,-9.6000,1.0000000,1.0000,[],60
2.3016,3.2004,77.2229,0.6283072,O=C(NCC(=O)N1C[C@H](O)C[C@H]1C(=O)NCc1cccc(Cl)c1)c1ccc2cc(F)ccc2n1,1,COc1ccc([C@H](C)NC(=O)[C@@H]2C[C@@H](O)CN2C(=O)CNC(=O)c2ccc3cc(F)ccc3n2)c(Cl)c1,O=C(NCC(=O)N1CCC[C@H]1C(=O)NCc1ccccc1)c1ccc2ccccc2n1,0.4955094,0.4955,0.7210884,0.7211,0.6604256,-8.8000,1.0000000,1.0000,[],60
2.3730,4.2413,70.9730,0.5876117,O=C(NCC(=O)N1C[C@H](O)C[C@H]1C(=O)N[C@@H](CO)c1cccc(Cl)c1)c1ccc2cc(F)ccc2n1,1,COc1ccc([C@H](C)NC(=O)[C@@H]2C[C@@H](O)CN2C(=O)CNC(=O)c2ccc3cc(F)ccc3n2)c(Cl)c1,O=C(NCC(=O)N1CCC[C@H]1C(=O)NCc1ccccc1)c1ccc2ccccc2n1,0.3782864,0.3783,0.7432432,0.7432,0.6511860,-8.7200,1.0000000,1.0000,[],60
2.3430,4.6734,74.2686,0.6167343,O=C(NCC(=O)N1C[C@H](O)C[C@H]1C(=O)N[C@H](CO)c1cccc(Cl)c1)c1ccc2cc(F)ccc2n1,1,COc1ccc([C@H](C)NC(=O)[C@@H]2C[C@@H](O)CN2C(=O)CNC(=O)c2ccc3cc(F)ccc3n2)c(Cl)c1,O=C(NCC(=O)N1CCC[C@H]1C(=O)NCc1ccccc1)c1ccc2ccccc2n1,0.3782864,0.3783,0.7432432,0.7432,0.7173324,-9.3200,1.0000000,1.0000,[],60
2.3088,8.7137,77.1655,0.6709312,CC(C)C(NC(=O)[C@@H]1C[C@@H](O)CN1C(=O)CNC(=O)c1ccc2cc(F)ccc2n1)c1ccc(Cl)cc1,1,COc1ccc([C@H](C)NC(=O)[C@@H]2C[C@@H](O)CN2C(=O)CNC(=O)c2ccc3cc(F)ccc3n2)c(Cl)c1,O=C(NCC(=O)N1CCC[C@H]1C(=O)NCc1ccccc1)c1ccc2ccccc2n1,0.4374885,0.4375,0.7619048,0.7619,0.7796905,-9.9700,1.0000000,1.0000,[],61
2.2480,4.0491,82.5249,0.6763589,CC(C)C(NC(=O)[C@@H]1C[C@@H](O)CN1C(=O)CNC(=O)c1ccc2cc(F)ccc2n1)c1ccccc1,1,COc1ccc([C@H](C)NC(=O)[C@@H]2C[C@@H](O)CN2C(=O)CNC(=O)c2ccc3cc(F)ccc3n2)c(Cl)c1,O=C(NCC(=O)N1CCC[C@H]1C(=O)NCc1ccccc1)c1ccc2ccccc2n1,0.4695327,0.4695,0.7364865,0.7365,0.7779275,-9.9500,1.0000000,1.0000,[],61
2.2301,4.8186,81.6214,0.6753121,CC(NC(=O)[C@@H]1C[C@@H](O)CN1C(=O)CNC(=O)c1ccc2cc(F)ccc2n1)c1ccc(Cl)cc1,1,COc1ccc([C@H](C)NC(=O)[C@@H]2C[C@@H](O)CN2C(=O)CNC(=O)c2ccc3cc(F)ccc3n2)c(Cl)c1,O=C(NCC(=O)N1CCC[C@H]1C(=O)NCc1ccccc1)c1ccc2ccccc2n1,0.4834885,0.4835,0.8014184,0.8014,0.7326326,-9.4700,1.0000000,1.0000,[],61
2.4025,4.1297,72.0438,0.5951057,COc1ccc(CNC(=O)[C@@H]2C[C@@H](O)CN2C(=O)CNC(=O)c2ccc3cc(F)ccc3n2)cc1,1,COc1ccc([C@H](C)NC(=O)[C@@H]2C[C@@H](O)CN2C(=O)CNC(=O)c2ccc3cc(F)ccc3n2)c(Cl)c1,O=C(NCC(=O)N1CCC[C@H]1C(=O)NCc1ccccc1)c1ccc2ccccc2n1,0.4701237,0.4701,0.7832168,0.7832,0.5836347,-8.1600,1.0000000,1.0000,[],61
2.2628,4.2698,80.8253,0.6648056,C[C@@H](NC(=O)[C@@H]1C[C@@H](O)CN1C(=O)CNC(=O)c1ccc2cc(F)ccc2n1)c1ccc(Cl)cc1,1,COc1ccc([C@H](C)NC(=O)[C@@H]2C[C@@H](O)CN2C(=O)CNC(=O)c2ccc3cc(F)ccc3n2)c(Cl)c1,O=C(NCC(=O)N1CCC[C@H]1C(=O)NCc1ccccc1)c1ccc2ccccc2n1,0.4834885,0.4835,0.8014184,0.8014,0.7100135,-9.2500,1.0000000,1.0000,[],61
2.2931,4.3193,79.5056,0.6548825,O=C(NCC(=O)N1C[C@H](O)C[C@H]1C(=O)NCc1ccc(Cl)c(Cl)c1)c1ccc2cc(F)ccc2n1,1,COc1ccc([C@H](C)NC(=O)[C@@H]2C[C@@H](O)CN2C(=O)CNC(=O)c2ccc3cc(F)ccc3n2)c(Cl)c1,O=C(NCC(=O)N1CCC[C@H]1C(=O)NCc1ccccc1)c1ccc2ccccc2n1,0.4640416,0.4640,0.7114094,0.7114,0.7464290,-9.6100,1.0000000,1.0000,[],61
2.2708,3.8934,81.6967,0.6686721,O=C(NCC(=O)N1C[C@H](O)C[C@H]1C(=O)NCc1ccc(Cl)cc1)c1ccc2cc(F)ccc2n1,1,COc1ccc([C@H](C)NC(=O)[C@@H]2C[C@@H](O)CN2C(=O)CNC(=O)c2ccc3cc(F)ccc3n2)c(Cl)c1,O=C(NCC(=O)N1CCC[C@H]1C(=O)NCc1ccccc1)c1ccc2ccccc2n1,0.4955094,0.4955,0.7260274,0.7260,0.7454593,-9.6000,1.0000000,1.0000,[],61
2.2871,3.2004,77.2229,0.6283072,O=C(NCC(=O)N1C[C@H](O)C[C@H]1C(=O)NCc1cccc(Cl)c1)c1ccc2cc(F)ccc2n1,1,COc1ccc([C@H](C)NC(=O)[C@@H]2C[C@@H](O)CN2C(=O)CNC(=O)c2ccc3cc(F)ccc3n2)c(Cl)c1,O=C(NCC(=O)N1CCC[C@H]1C(=O)NCc1ccccc1)c1ccc2ccccc2n1,0.4955094,0.4955,0.7210884,0.7211,0.6604256,-8.8000,1.0000000,1.0000,[],61
2.3935,4.2413,70.9730,0.5876117,O=C(NCC(=O)N1C[C@H](O)C[C@H]1C(=O)N[C@@H](CO)c1cccc(Cl)c1)c1ccc2cc(F)ccc2n1,1,COc1ccc([C@H](C)NC(=O)[C@@H]2C[C@@H](O)CN2C(=O)CNC(=O)c2ccc3cc(F)ccc3n2)c(Cl)c1,O=C(NCC(=O)N1CCC[C@H]1C(=O)NCc1ccccc1)c1ccc2ccccc2n1,0.3782864,0.3783,0.7432432,0.7432,0.6511860,-8.7200,1.0000000,1.0000,[],61
2.3585,4.6734,74.2686,0.6167343,O=C(NCC(=O)N1C[C@H](O)C[C@H]1C(=O)N[C@H](CO)c1cccc(Cl)c1)c1ccc2cc(F)ccc2n1,1,COc1ccc([C@H](C)NC(=O)[C@@H]2C[C@@H](O)CN2C(=O)CNC(=O)c2ccc3cc(F)ccc3n2)c(Cl)c1,O=C(NCC(=O)N1CCC[C@H]1C(=O)NCc1ccccc1)c1ccc2ccccc2n1,0.3782864,0.3783,0.7432432,0.7432,0.7173324,-9.3200,1.0000000,1.0000,[],61
2.2883,8.7137,77.1655,0.6709312,CC(C)C(NC(=O)[C@@H]1C[C@@H](O)CN1C(=O)CNC(=O)c1ccc2cc(F)ccc2n1)c1ccc(Cl)cc1,1,COc1ccc([C@H](C)NC(=O)[C@@H]2C[C@@H](O)CN2C(=O)CNC(=O)c2ccc3cc(F)ccc3n2)c(Cl)c1,O=C(NCC(=O)N1CCC[C@H]1C(=O)NCc1ccccc1)c1ccc2ccccc2n1,0.4374885,0.4375,0.7619048,0.7619,0.7796905,-9.9700,1.0000000,1.0000,[],62
2.2610,4.0491,82.5249,0.6763589,CC(C)C(NC(=O)[C@@H]1C[C@@H](O)CN1C(=O)CNC(=O)c1ccc2cc(F)ccc2n1)c1ccccc1,1,COc1ccc([C@H](C)NC(=O)[C@@H]2C[C@@H](O)CN2C(=O)CNC(=O)c2ccc3cc(F)ccc3n2)c(Cl)c1,O=C(NCC(=O)N1CCC[C@H]1C(=O)NCc1ccccc1)c1ccc2ccccc2n1,0.4695327,0.4695,0.7364865,0.7365,0.7779275,-9.9500,1.0000000,1.0000,[],62
2.2416,4.8186,81.6214,0.6753121,CC(NC(=O)[C@@H]1C[C@@H](O)CN1C(=O)CNC(=O)c1ccc2cc(F)ccc2n1)c1ccc(Cl)cc1,1,COc1ccc([C@H](C)NC(=O)[C@@H]2C[C@@H](O)CN2C(=O)CNC(=O)c2ccc3cc(F)ccc3n2)c(Cl)c1,O=C(NCC(=O)N1CCC[C@H]1C(=O)NCc1ccccc1)c1ccc2ccccc2n1,0.4834885,0.4835,0.8014184,0.8014,0.7326326,-9.4700,1.0000000,1.0000,[],62
2.3875,4.1297,72.0438,0.5951057,COc1ccc(CNC(=O)[C@@H]2C[C@@H](O)CN2C(=O)CNC(=O)c2ccc3cc(F)ccc3n2)cc1,1,COc1ccc([C@H](C)NC(=O)[C@@H]2C[C@@H](O)CN2C(=O)CNC(=O)c2ccc3cc(F)ccc3n2)c(Cl)c1,O=C(NCC(=O)N1CCC[C@H]1C(=O)NCc1ccccc1)c1ccc2ccccc2n1,0.4701237,0.4701,0.7832168,0.7832,0.5836347,-8.1600,1.0000000,1.0000,[],62
2.2735,4.2698,80.8253,0.6648056,C[C@@H](NC(=O)[C@@H]1C[C@@H](O)CN1C(=O)CNC(=O)c1ccc2cc(F)ccc2n1)c1ccc(Cl)cc1,1,COc1ccc([C@H](C)NC(=O)[C@@H]2C[C@@H](O)CN2C(=O)CNC(=O)c2ccc3cc(F)ccc3n2)c(Cl)c1,O=C(NCC(=O)N1CCC[C@H]1C(=O)NCc1ccccc1)c1ccc2ccccc2n1,0.4834885,0.4835,0.8014184,0.8014,0.7100135,-9.2500,1.0000000,1.0000,[],62
2.3022,4.3193,79.5056,0.6548825,O=C(NCC(=O)N1C[C@H](O)C[C@H]1C(=O)NCc1ccc(Cl)c(Cl)c1)c1ccc2cc(F)ccc2n1,1,COc1ccc([C@H](C)NC(=O)[C@@H]2C[C@@H](O)CN2C(=O)CNC(=O)c2ccc3cc(F)ccc3n2)c(Cl)c1,O=C(NCC(=O)N1CCC[C@H]1C(=O)NCc1ccccc1)c1ccc2ccccc2n1,0.4640416,0.4640,0.7114094,0.7114,0.7464290,-9.6100,1.0000000,1.0000,[],62
2.2527,3.8934,81.6967,0.6686721,O=C(NCC(=O)N1C[C@H](O)C[C@H]1C(=O)NCc1ccc(Cl)cc1)c1ccc2cc(F)ccc2n1,1,COc1ccc([C@H](C)NC(=O)[C@@H]2C[C@@H](O)CN2C(=O)CNC(=O)c2ccc3cc(F)ccc3n2)c(Cl)c1,O=C(NCC(=O)N1CCC[C@H]1C(=O)NCc1ccccc1)c1ccc2ccccc2n1,0.4955094,0.4955,0.7260274,0.7260,0.7454593,-9.6000,1.0000000,1.0000,[],62
2.2820,3.2004,77.2229,0.6283072,O=C(NCC(=O)N1C[C@H](O)C[C@H]1C(=O)NCc1cccc(Cl)c1)c1ccc2cc(F)ccc2n1,1,COc1ccc([C@H](C)NC(=O)[C@@H]2C[C@@H](O)CN2C(=O)CNC(=O)c2ccc3cc(F)ccc3n2)c(Cl)c1,O=C(NCC(=O)N1CCC[C@H]1C(=O)NCc1ccccc1)c1ccc2ccccc2n1,0.4955094,0.4955,0.7210884,0.7211,0.6604256,-8.8000,1.0000000,1.0000,[],62
2.4046,4.2413,70.9730,0.5876117,O=C(NCC(=O)N1C[C@H](O)C[C@H]1C(=O)N[C@@H](CO)c1cccc(Cl)c1)c1ccc2cc(F)ccc2n1,1,COc1ccc([C@H](C)NC(=O)[C@@H]2C[C@@H](O)CN2C(=O)CNC(=O)c2ccc3cc(F)ccc3n2)c(Cl)c1,O=C(NCC(=O)N1CCC[C@H]1C(=O)NCc1ccccc1)c1ccc2ccccc2n1,0.3782864,0.3783,0.7432432,0.7432,0.6511860,-8.7200,1.0000000,1.0000,[],62
2.3602,4.6734,74.2686,0.6167343,O=C(NCC(=O)N1C[C@H](O)C[C@H]1C(=O)N[C@H](CO)c1cccc(Cl)c1)c1ccc2cc(F)ccc2n1,1,COc1ccc([C@H](C)NC(=O)[C@@H]2C[C@@H](O)CN2C(=O)CNC(=O)c2ccc3cc(F)ccc3n2)c(Cl)c1,O=C(NCC(=O)N1CCC[C@H]1C(=O)NCc1ccccc1)c1ccc2ccccc2n1,0.3782864,0.3783,0.7432432,0.7432,0.7173324,-9.3200,1.0000000,1.0000,[],62
2.2766,8.7137,77.1655,0.6709312,CC(C)C(NC(=O)[C@@H]1C[C@@H](O)CN1C(=O)CNC(=O)c1ccc2cc(F)ccc2n1)c1ccc(Cl)cc1,1,COc1ccc([C@H](C)NC(=O)[C@@H]2C[C@@H](O)CN2C(=O)CNC(=O)c2ccc3cc(F)ccc3n2)c(Cl)c1,O=C(NCC(=O)N1CCC[C@H]1C(=O)NCc1ccccc1)c1ccc2ccccc2n1,0.4374885,0.4375,0.7619048,0.7619,0.7796905,-9.9700,1.0000000,1.0000,[],63
2.2625,4.0491,82.5249,0.6763589,CC(C)C(NC(=O)[C@@H]1C[C@@H](O)CN1C(=O)CNC(=O)c1ccc2cc(F)ccc2n1)c1ccccc1,1,COc1ccc([C@H](C)NC(=O)[C@@H]2C[C@@H](O)CN2C(=O)CNC(=O)c2ccc3cc(F)ccc3n2)c(Cl)c1,O=C(NCC(=O)N1CCC[C@H]1C(=O)NCc1ccccc1)c1ccc2ccccc2n1,0.4695327,0.4695,0.7364865,0.7365,0.7779275,-9.9500,1.0000000,1.0000,[],63
2.2748,4.8186,81.6214,0.6753121,CC(NC(=O)[C@@H]1C[C@@H](O)CN1C(=O)CNC(=O)c1ccc2cc(F)ccc2n1)c1ccc(Cl)cc1,1,COc1ccc([C@H](C)NC(=O)[C@@H]2C[C@@H](O)CN2C(=O)CNC(=O)c2ccc3cc(F)ccc3n2)c(Cl)c1,O=C(NCC(=O)N1CCC[C@H]1C(=O)NCc1ccccc1)c1ccc2ccccc2n1,0.4834885,0.4835,0.8014184,0.8014,0.7326326,-9.4700,1.0000000,1.0000,[],63
2.3745,4.1297,72.0438,0.5951057,COc1ccc(CNC(=O)[C@@H]2C[C@@H](O)CN2C(=O)CNC(=O)c2ccc3cc(F)ccc3n2)cc1,1,COc1ccc([C@H](C)NC(=O)[C@@H]2C[C@@H](O)CN2C(=O)CNC(=O)c2ccc3cc(F)ccc3n2)c(Cl)c1,O=C(NCC(=O)N1CCC[C@H]1C(=O)NCc1ccccc1)c1ccc2ccccc2n1,0.4701237,0.4701,0.7832168,0.7832,0.5836347,-8.1600,1.0000000,1.0000,[],63
2.2846,4.2698,80.8253,0.6648056,C[C@@H](NC(=O)[C@@H]1C[C@@H](O)CN1C(=O)CNC(=O)c1ccc2cc(F)ccc2n1)c1ccc(Cl)cc1,1,COc1ccc([C@H](C)NC(=O)[C@@H]2C[C@@H](O)CN2C(=O)CNC(=O)c2ccc3cc(F)ccc3n2)c(Cl)c1,O=C(NCC(=O)N1CCC[C@H]1C(=O)NCc1ccccc1)c1ccc2ccccc2n1,0.4834885,0.4835,0.8014184,0.8014,0.7100135,-9.2500,1.0000000,1.0000,[],63
2.2675,4.3193,79.5056,0.6548825,O=C(NCC(=O)N1C[C@H](O)C[C@H]1C(=O)NCc1ccc(Cl)c(Cl)c1)c1ccc2cc(F)ccc2n1,1,COc1ccc([C@H](C)NC(=O)[C@@H]2C[C@@H](O)CN2C(=O)CNC(=O)c2ccc3cc(F)ccc3n2)c(Cl)c1,O=C(NCC(=O)N1CCC[C@H]1C(=O)NCc1ccccc1)c1ccc2ccccc2n1,0.4640416,0.4640,0.7114094,0.7114,0.7464290,-9.6100,1.0000000,1.0000,[],63
2.2760,3.8934,81.6967,0.6686721,O=C(NCC(=O)N1C[C@H](O)C[C@H]1C(=O)NCc1ccc(Cl)cc1)c1ccc2cc(F)ccc2n1,1,COc1ccc([C@H](C)NC(=O)[C@@H]2C[C@@H](O)CN2C(=O)CNC(=O)c2ccc3cc(F)ccc3n2)c(Cl)c1,O=C(NCC(=O)N1CCC[C@H]1C(=O)NCc1ccccc1)c1ccc2ccccc2n1,0.4955094,0.4955,0.7260274,0.7260,0.7454593,-9.6000,1.0000000,1.0000,[],63
2.2909,3.2004,77.2229,0.6283072,O=C(NCC(=O)N1C[C@H](O)C[C@H]1C(=O)NCc1cccc(Cl)c1)c1ccc2cc(F)ccc2n1,1,COc1ccc([C@H](C)NC(=O)[C@@H]2C[C@@H](O)CN2C(=O)CNC(=O)c2ccc3cc(F)ccc3n2)c(Cl)c1,O=C(NCC(=O)N1CCC[C@H]1C(=O)NCc1ccccc1)c1ccc2ccccc2n1,0.4955094,0.4955,0.7210884,0.7211,0.6604256,-8.8000,1.0000000,1.0000,[],63
2.3973,4.2413,70.9730,0.5876117,O=C(NCC(=O)N1C[C@H](O)C[C@H]1C(=O)N[C@@H](CO)c1cccc(Cl)c1)c1ccc2cc(F)ccc2n1,1,COc1ccc([C@H](C)NC(=O)[C@@H]2C[C@@H](O)CN2C(=O)CNC(=O)c2ccc3cc(F)ccc3n2)c(Cl)c1,O=C(NCC(=O)N1CCC[C@H]1C(=O)NCc1ccccc1)c1ccc2ccccc2n1,0.3782864,0.3783,0.7432432,0.7432,0.6511860,-8.7200,1.0000000,1.0000,[],63
2.3440,4.6734,74.2686,0.6167343,O=C(NCC(=O)N1C[C@H](O)C[C@H]1C(=O)N[C@H](CO)c1cccc(Cl)c1)c1ccc2cc(F)ccc2n1,1,COc1ccc([C@H](C)NC(=O)[C@@H]2C[C@@H](O)CN2C(=O)CNC(=O)c2ccc3cc(F)ccc3n2)c(Cl)c1,O=C(NCC(=O)N1CCC[C@H]1C(=O)NCc1ccccc1)c1ccc2ccccc2n1,0.3782864,0.3783,0.7432432,0.7432,0.7173324,-9.3200,1.0000000,1.0000,[],63
2.2976,8.7137,77.1655,0.6709312,CC(C)C(NC(=O)[C@@H]1C[C@@H](O)CN1C(=O)CNC(=O)c1ccc2cc(F)ccc2n1)c1ccc(Cl)cc1,1,COc1ccc([C@H](C)NC(=O)[C@@H]2C[C@@H](O)CN2C(=O)CNC(=O)c2ccc3cc(F)ccc3n2)c(Cl)c1,O=C(NCC(=O)N1CCC[C@H]1C(=O)NCc1ccccc1)c1ccc2ccccc2n1,0.4374885,0.4375,0.7619048,0.7619,0.7796905,-9.9700,1.0000000,1.0000,[],64
2.2685,4.0491,82.5249,0.6763589,CC(C)C(NC(=O)[C@@H]1C[C@@H](O)CN1C(=O)CNC(=O)c1ccc2cc(F)ccc2n1)c1ccccc1,1,COc1ccc([C@H](C)NC(=O)[C@@H]2C[C@@H](O)CN2C(=O)CNC(=O)c2ccc3cc(F)ccc3n2)c(Cl)c1,O=C(NCC(=O)N1CCC[C@H]1C(=O)NCc1ccccc1)c1ccc2ccccc2n1,0.4695327,0.4695,0.7364865,0.7365,0.7779275,-9.9500,1.0000000,1.0000,[],64
2.2627,4.8186,81.6214,0.6753121,CC(NC(=O)[C@@H]1C[C@@H](O)CN1C(=O)CNC(=O)c1ccc2cc(F)ccc2n1)c1ccc(Cl)cc1,1,COc1ccc([C@H](C)NC(=O)[C@@H]2C[C@@H](O)CN2C(=O)CNC(=O)c2ccc3cc(F)ccc3n2)c(Cl)c1,O=C(NCC(=O)N1CCC[C@H]1C(=O)NCc1ccccc1)c1ccc2ccccc2n1,0.4834885,0.4835,0.8014184,0.8014,0.7326326,-9.4700,1.0000000,1.0000,[],64
2.3578,4.1297,72.0438,0.5951057,COc1ccc(CNC(=O)[C@@H]2C[C@@H](O)CN2C(=O)CNC(=O)c2ccc3cc(F)ccc3n2)cc1,1,COc1ccc([C@H](C)NC(=O)[C@@H]2C[C@@H](O)CN2C(=O)CNC(=O)c2ccc3cc(F)ccc3n2)c(Cl)c1,O=C(NCC(=O)N1CCC[C@H]1C(=O)NCc1ccccc1)c1ccc2ccccc2n1,0.4701237,0.4701,0.7832168,0.7832,0.5836347,-8.1600,1.0000000,1.0000,[],64
2.2843,4.2698,80.8253,0.6648056,C[C@@H](NC(=O)[C@@H]1C[C@@H](O)CN1C(=O)CNC(=O)c1ccc2cc(F)ccc2n1)c1ccc(Cl)cc1,1,COc1ccc([C@H](C)NC(=O)[C@@H]2C[C@@H](O)CN2C(=O)CNC(=O)c2ccc3cc(F)ccc3n2)c(Cl)c1,O=C(NCC(=O)N1CCC[C@H]1C(=O)NCc1ccccc1)c1ccc2ccccc2n1,0.4834885,0.4835,0.8014184,0.8014,0.7100135,-9.2500,1.0000000,1.0000,[],64
2.3100,4.3193,79.5056,0.6548825,O=C(NCC(=O)N1C[C@H](O)C[C@H]1C(=O)NCc1ccc(Cl)c(Cl)c1)c1ccc2cc(F)ccc2n1,1,COc1ccc([C@H](C)NC(=O)[C@@H]2C[C@@H](O)CN2C(=O)CNC(=O)c2ccc3cc(F)ccc3n2)c(Cl)c1,O=C(NCC(=O)N1CCC[C@H]1C(=O)NCc1ccccc1)c1ccc2ccccc2n1,0.4640416,0.4640,0.7114094,0.7114,0.7464290,-9.6100,1.0000000,1.0000,[],64
2.2349,3.8934,81.6967,0.6686721,O=C(NCC(=O)N1C[C@H](O)C[C@H]1C(=O)NCc1ccc(Cl)cc1)c1ccc2cc(F)ccc2n1,1,COc1ccc([C@H](C)NC(=O)[C@@H]2C[C@@H](O)CN2C(=O)CNC(=O)c2ccc3cc(F)ccc3n2)c(Cl)c1,O=C(NCC(=O)N1CCC[C@H]1C(=O)NCc1ccccc1)c1ccc2ccccc2n1,0.4955094,0.4955,0.7260274,0.7260,0.7454593,-9.6000,1.0000000,1.0000,[],64
2.3120,3.2004,77.2229,0.6283072,O=C(NCC(=O)N1C[C@H](O)C[C@H]1C(=O)NCc1cccc(Cl)c1)c1ccc2cc(F)ccc2n1,1,COc1ccc([C@H](C)NC(=O)[C@@H]2C[C@@H](O)CN2C(=O)CNC(=O)c2ccc3cc(F)ccc3n2)c(Cl)c1,O=C(NCC(=O)N1CCC[C@H]1C(=O)NCc1ccccc1)c1ccc2ccccc2n1,0.4955094,0.4955,0.7210884,0.7211,0.6604256,-8.8000,1.0000000,1.0000,[],64
2.3878,4.2413,70.9730,0.5876117,O=C(NCC(=O)N1C[C@H](O)C[C@H]1C(=O)N[C@@H](CO)c1cccc(Cl)c1)c1ccc2cc(F)ccc2n1,1,COc1ccc([C@H](C)NC(=O)[C@@H]2C[C@@H](O)CN2C(=O)CNC(=O)c2ccc3cc(F)ccc3n2)c(Cl)c1,O=C(NCC(=O)N1CCC[C@H]1C(=O)NCc1ccccc1)c1ccc2ccccc2n1,0.3782864,0.3783,0.7432432,0.7432,0.6511860,-8.7200,1.0000000,1.0000,[],64
2.3318,4.6734,74.2686,0.6167343,O=C(NCC(=O)N1C[C@H](O)C[C@H]1C(=O)N[C@H](CO)c1cccc(Cl)c1)c1ccc2cc(F)ccc2n1,1,COc1ccc([C@H](C)NC(=O)[C@@H]2C[C@@H](O)CN2C(=O)CNC(=O)c2ccc3cc(F)ccc3n2)c(Cl)c1,O=C(NCC(=O)N1CCC[C@H]1C(=O)NCc1ccccc1)c1ccc2ccccc2n1,0.3782864,0.3783,0.7432432,0.7432,0.7173324,-9.3200,1.0000000,1.0000,[],64
2.3216,8.7137,77.1655,0.6709312,CC(C)C(NC(=O)[C@@H]1C[C@@H](O)CN1C(=O)CNC(=O)c1ccc2cc(F)ccc2n1)c1ccc(Cl)cc1,1,COc1ccc([C@H](C)NC(=O)[C@@H]2C[C@@H](O)CN2C(=O)CNC(=O)c2ccc3cc(F)ccc3n2)c(Cl)c1,O=C(NCC(=O)N1CCC[C@H]1C(=O)NCc1ccccc1)c1ccc2ccccc2n1,0.4374885,0.4375,0.7619048,0.7619,0.7796905,-9.9700,1.0000000,1.0000,[],65
2.2638,4.0491,82.5249,0.6763589,CC(C)C(NC(=O)[C@@H]1C[C@@H](O)CN1C(=O)CNC(=O)c1ccc2cc(F)ccc2n1)c1ccccc1,1,COc1ccc([C@H](C)NC(=O)[C@@H]2C[C@@H](O)CN2C(=O)CNC(=O)c2ccc3cc(F)ccc3n2)c(Cl)c1,O=C(NCC(=O)N1CCC[C@H]1C(=O)NCc1ccccc1)c1ccc2ccccc2n1,0.4695327,0.4695,0.7364865,0.7365,0.7779275,-9.9500,1.0000000,1.0000,[],65
2.2462,4.8186,81.6214,0.6753121,CC(NC(=O)[C@@H]1C[C@@H](O)CN1C(=O)CNC(=O)c1ccc2cc(F)ccc2n1)c1ccc(Cl)cc1,1,COc1ccc([C@H](C)NC(=O)[C@@H]2C[C@@H](O)CN2C(=O)CNC(=O)c2ccc3cc(F)ccc3n2)c(Cl)c1,O=C(NCC(=O)N1CCC[C@H]1C(=O)NCc1ccccc1)c1ccc2ccccc2n1,0.4834885,0.4835,0.8014184,0.8014,0.7326326,-9.4700,1.0000000,1.0000,[],65
2.3451,4.1297,72.0438,0.5951057,COc1ccc(CNC(=O)[C@@H]2C[C@@H](O)CN2C(=O)CNC(=O)c2ccc3cc(F)ccc3n2)cc1,1,COc1ccc([C@H](C)NC(=O)[C@@H]2C[C@@H](O)CN2C(=O)CNC(=O)c2ccc3cc(F)ccc3n2)c(Cl)c1,O=C(NCC(=O)N1CCC[C@H]1C(=O)NCc1ccccc1)c1ccc2ccccc2n1,0.4701237,0.4701,0.7832168,0.7832,0.5836347,-8.1600,1.0000000,1.0000,[],65
2.2778,4.2698,80.8253,0.6648056,C[C@@H](NC(=O)[C@@H]1C[C@@H](O)CN1C(=O)CNC(=O)c1ccc2cc(F)ccc2n1)c1ccc(Cl)cc1,1,COc1ccc([C@H](C)NC(=O)[C@@H]2C[C@@H](O)CN2C(=O)CNC(=O)c2ccc3cc(F)ccc3n2)c(Cl)c1,O=C(NCC(=O)N1CCC[C@H]1C(=O)NCc1ccccc1)c1ccc2ccccc2n1,0.4834885,0.4835,0.8014184,0.8014,0.7100135,-9.2500,1.0000000,1.0000,[],65
2.2603,4.3193,79.5056,0.6548825,O=C(NCC(=O)N1C[C@H](O)C[C@H]1C(=O)NCc1ccc(Cl)c(Cl)c1)c1ccc2cc(F)ccc2n1,1,COc1ccc([C@H](C)NC(=O)[C@@H]2C[C@@H](O)CN2C(=O)CNC(=O)c2ccc3cc(F)ccc3n2)c(Cl)c1,O=C(NCC(=O)N1CCC[C@H]1C(=O)NCc1ccccc1)c1ccc2ccccc2n1,0.4640416,0.4640,0.7114094,0.7114,0.7464290,-9.6100,1.0000000,1.0000,[],65
2.2828,3.8934,81.6967,0.6686721,O=C(NCC(=O)N1C[C@H](O)C[C@H]1C(=O)NCc1ccc(Cl)cc1)c1ccc2cc(F)ccc2n1,1,COc1ccc([C@H](C)NC(=O)[C@@H]2C[C@@H](O)CN2C(=O)CNC(=O)c2ccc3cc(F)ccc3n2)c(Cl)c1,O=C(NCC(=O)N1CCC[C@H]1C(=O)NCc1ccccc1)c1ccc2ccccc2n1,0.4955094,0.4955,0.7260274,0.7260,0.7454593,-9.6000,1.0000000,1.0000,[],65
2.3268,3.2004,77.2229,0.6283072,O=C(NCC(=O)N1C[C@H](O)C[C@H]1C(=O)NCc1cccc(Cl)c1)c1ccc2cc(F)ccc2n1,1,COc1ccc([C@H](C)NC(=O)[C@@H]2C[C@@H](O)CN2C(=O)CNC(=O)c2ccc3cc(F)ccc3n2)c(Cl)c1,O=C(NCC(=O)N1CCC[C@H]1C(=O)NCc1ccccc1)c1ccc2ccccc2n1,0.4955094,0.4955,0.7210884,0.7211,0.6604256,-8.8000,1.0000000,1.0000,[],65
2.3874,4.2413,70.9730,0.5876117,O=C(NCC(=O)N1C[C@H](O)C[C@H]1C(=O)N[C@@H](CO)c1cccc(Cl)c1)c1ccc2cc(F)ccc2n1,1,COc1ccc([C@H](C)NC(=O)[C@@H]2C[C@@H](O)CN2C(=O)CNC(=O)c2ccc3cc(F)ccc3n2)c(Cl)c1,O=C(NCC(=O)N1CCC[C@H]1C(=O)NCc1ccccc1)c1ccc2ccccc2n1,0.3782864,0.3783,0.7432432,0.7432,0.6511860,-8.7200,1.0000000,1.0000,[],65
2.3349,4.6734,74.2686,0.6167343,O=C(NCC(=O)N1C[C@H](O)C[C@H]1C(=O)N[C@H](CO)c1cccc(Cl)c1)c1ccc2cc(F)ccc2n1,1,COc1ccc([C@H](C)NC(=O)[C@@H]2C[C@@H](O)CN2C(=O)CNC(=O)c2ccc3cc(F)ccc3n2)c(Cl)c1,O=C(NCC(=O)N1CCC[C@H]1C(=O)NCc1ccccc1)c1ccc2ccccc2n1,0.3782864,0.3783,0.7432432,0.7432,0.7173324,-9.3200,1.0000000,1.0000,[],65
2.3246,8.7137,77.1655,0.6709312,CC(C)C(NC(=O)[C@@H]1C[C@@H](O)CN1C(=O)CNC(=O)c1ccc2cc(F)ccc2n1)c1ccc(Cl)cc1,1,COc1ccc([C@H](C)NC(=O)[C@@H]2C[C@@H](O)CN2C(=O)CNC(=O)c2ccc3cc(F)ccc3n2)c(Cl)c1,O=C(NCC(=O)N1CCC[C@H]1C(=O)NCc1ccccc1)c1ccc2ccccc2n1,0.4374885,0.4375,0.7619048,0.7619,0.7796905,-9.9700,1.0000000,1.0000,[],66
2.2308,4.0491,82.5249,0.6763589,CC(C)C(NC(=O)[C@@H]1C[C@@H](O)CN1C(=O)CNC(=O)c1ccc2cc(F)ccc2n1)c1ccccc1,1,COc1ccc([C@H](C)NC(=O)[C@@H]2C[C@@H](O)CN2C(=O)CNC(=O)c2ccc3cc(F)ccc3n2)c(Cl)c1,O=C(NCC(=O)N1CCC[C@H]1C(=O)NCc1ccccc1)c1ccc2ccccc2n1,0.4695327,0.4695,0.7364865,0.7365,0.7779275,-9.9500,1.0000000,1.0000,[],66
2.2761,4.8186,81.6214,0.6753121,CC(NC(=O)[C@@H]1C[C@@H](O)CN1C(=O)CNC(=O)c1ccc2cc(F)ccc2n1)c1ccc(Cl)cc1,1,COc1ccc([C@H](C)NC(=O)[C@@H]2C[C@@H](O)CN2C(=O)CNC(=O)c2ccc3cc(F)ccc3n2)c(Cl)c1,O=C(NCC(=O)N1CCC[C@H]1C(=O)NCc1ccccc1)c1ccc2ccccc2n1,0.4834885,0.4835,0.8014184,0.8014,0.7326326,-9.4700,1.0000000,1.0000,[],66
2.3431,4.1297,72.0438,0.5951057,COc1ccc(CNC(=O)[C@@H]2C[C@@H](O)CN2C(=O)CNC(=O)c2ccc3cc(F)ccc3n2)cc1,1,COc1ccc([C@H](C)NC(=O)[C@@H]2C[C@@H](O)CN2C(=O)CNC(=O)c2ccc3cc(F)ccc3n2)c(Cl)c1,O=C(NCC(=O)N1CCC[C@H]1C(=O)NCc1ccccc1)c1ccc2ccccc2n1,0.4701237,0.4701,0.7832168,0.7832,0.5836347,-8.1600,1.0000000,1.0000,[],66
2.2737,4.2698,80.8253,0.6648056,C[C@@H](NC(=O)[C@@H]1C[C@@H](O)CN1C(=O)CNC(=O)c1ccc2cc(F)ccc2n1)c1ccc(Cl)cc1,1,COc1ccc([C@H](C)NC(=O)[C@@H]2C[C@@H](O)CN2C(=O)CNC(=O)c2ccc3cc(F)ccc3n2)c(Cl)c1,O=C(NCC(=O)N1CCC[C@H]1C(=O)NCc1ccccc1)c1ccc2ccccc2n1,0.4834885,0.4835,0.8014184,0.8014,0.7100135,-9.2500,1.0000000,1.0000,[],66
2.2964,4.3193,79.5056,0.6548825,O=C(NCC(=O)N1C[C@H](O)C[C@H]1C(=O)NCc1ccc(Cl)c(Cl)c1)c1ccc2cc(F)ccc2n1,1,COc1ccc([C@H](C)NC(=O)[C@@H]2C[C@@H](O)CN2C(=O)CNC(=O)c2ccc3cc(F)ccc3n2)c(Cl)c1,O=C(NCC(=O)N1CCC[C@H]1C(=O)NCc1ccccc1)c1ccc2ccccc2n1,0.4640416,0.4640,0.7114094,0.7114,0.7464290,-9.6100,1.0000000,1.0000,[],66
2.2319,3.8934,81.6967,0.6686721,O=C(NCC(=O)N1C[C@H](O)C[C@H]1C(=O)NCc1ccc(Cl)cc1)c1ccc2cc(F)ccc2n1,1,COc1ccc([C@H](C)NC(=O)[C@@H]2C[C@@H](O)CN2C(=O)CNC(=O)c2ccc3cc(F)ccc3n2)c(Cl)c1,O=C(NCC(=O)N1CCC[C@H]1C(=O)NCc1ccccc1)c1ccc2ccccc2n1,0.4955094,0.4955,0.7260274,0.7260,0.7454593,-9.6000,1.0000000,1.0000,[],66
2.3262,3.2004,77.2229,0.6283072,O=C(NCC(=O)N1C[C@H](O)C[C@H]1C(=O)NCc1cccc(Cl)c1)c1ccc2cc(F)ccc2n1,1,COc1ccc([C@H](C)NC(=O)[C@@H]2C[C@@H](O)CN2C(=O)CNC(=O)c2ccc3cc(F)ccc3n2)c(Cl)c1,O=C(NCC(=O)N1CCC[C@H]1C(=O)NCc1ccccc1)c1ccc2ccccc2n1,0.4955094,0.4955,0.7210884,0.7211,0.6604256,-8.8000,1.0000000,1.0000,[],66
2.3960,4.2413,70.9730,0.5876117,O=C(NCC(=O)N1C[C@H](O)C[C@H]1C(=O)N[C@@H](CO)c1cccc(Cl)c1)c1ccc2cc(F)ccc2n1,1,COc1ccc([C@H](C)NC(=O)[C@@H]2C[C@@H](O)CN2C(=O)CNC(=O)c2ccc3cc(F)ccc3n2)c(Cl)c1,O=C(NCC(=O)N1CCC[C@H]1C(=O)NCc1ccccc1)c1ccc2ccccc2n1,0.3782864,0.3783,0.7432432,0.7432,0.6511860,-8.7200,1.0000000,1.0000,[],66
2.3513,4.6734,74.2686,0.6167343,O=C(NCC(=O)N1C[C@H](O)C[C@H]1C(=O)N[C@H](CO)c1cccc(Cl)c1)c1ccc2cc(F)ccc2n1,1,COc1ccc([C@H](C)NC(=O)[C@@H]2C[C@@H](O)CN2C(=O)CNC(=O)c2ccc3cc(F)ccc3n2)c(Cl)c1,O=C(NCC(=O)N1CCC[C@H]1C(=O)NCc1ccccc1)c1ccc2ccccc2n1,0.3782864,0.3783,0.7432432,0.7432,0.7173324,-9.3200,1.0000000,1.0000,[],66
2.3341,8.7137,77.1655,0.6709312,CC(C)C(NC(=O)[C@@H]1C[C@@H](O)CN1C(=O)CNC(=O)c1ccc2cc(F)ccc2n1)c1ccc(Cl)cc1,1,COc1ccc([C@H](C)NC(=O)[C@@H]2C[C@@H](O)CN2C(=O)CNC(=O)c2ccc3cc(F)ccc3n2)c(Cl)c1,O=C(NCC(=O)N1CCC[C@H]1C(=O)NCc1ccccc1)c1ccc2ccccc2n1,0.4374885,0.4375,0.7619048,0.7619,0.7796905,-9.9700,1.0000000,1.0000,[],67
2.2269,4.0491,82.5249,0.6763589,CC(C)C(NC(=O)[C@@H]1C[C@@H](O)CN1C(=O)CNC(=O)c1ccc2cc(F)ccc2n1)c1ccccc1,1,COc1ccc([C@H](C)NC(=O)[C@@H]2C[C@@H](O)CN2C(=O)CNC(=O)c2ccc3cc(F)ccc3n2)c(Cl)c1,O=C(NCC(=O)N1CCC[C@H]1C(=O)NCc1ccccc1)c1ccc2ccccc2n1,0.4695327,0.4695,0.7364865,0.7365,0.7779275,-9.9500,1.0000000,1.0000,[],67
2.2694,4.8186,81.6214,0.6753121,CC(NC(=O)[C@@H]1C[C@@H](O)CN1C(=O)CNC(=O)c1ccc2cc(F)ccc2n1)c1ccc(Cl)cc1,1,COc1ccc([C@H](C)NC(=O)[C@@H]2C[C@@H](O)CN2C(=O)CNC(=O)c2ccc3cc(F)ccc3n2)c(Cl)c1,O=C(NCC(=O)N1CCC[C@H]1C(=O)NCc1ccccc1)c1ccc2ccccc2n1,0.4834885,0.4835,0.8014184,0.8014,0.7326326,-9.4700,1.0000000,1.0000,[],67
2.3507,4.1297,72.0438,0.5951057,COc1ccc(CNC(=O)[C@@H]2C[C@@H](O)CN2C(=O)CNC(=O)c2ccc3cc(F)ccc3n2)cc1,1,COc1ccc([C@H](C)NC(=O)[C@@H]2C[C@@H](O)CN2C(=O)CNC(=O)c2ccc3cc(F)ccc3n2)c(Cl)c1,O=C(NCC(=O)N1CCC[C@H]1C(=O)NCc1ccccc1)c1ccc2ccccc2n1,0.4701237,0.4701,0.7832168,0.7832,0.5836347,-8.1600,1.0000000,1.0000,[],67
2.2716,4.2698,80.8253,0.6648056,C[C@@H](NC(=O)[C@@H]1C[C@@H](O)CN1C(=O)CNC(=O)c1ccc2cc(F)ccc2n1)c1ccc(Cl)cc1,1,COc1ccc([C@H](C)NC(=O)[C@@H]2C[C@@H](O)CN2C(=O)CNC(=O)c2ccc3cc(F)ccc3n2)c(Cl)c1,O=C(NCC(=O)N1CCC[C@H]1C(=O)NCc1ccccc1)c1ccc2ccccc2n1,0.4834885,0.4835,0.8014184,0.8014,0.7100135,-9.2500,1.0000000,1.0000,[],67
2.2596,4.3193,79.5056,0.6548825,O=C(NCC(=O)N1C[C@H](O)C[C@H]1C(=O)NCc1ccc(Cl)c(Cl)c1)c1ccc2cc(F)ccc2n1,1,COc1ccc([C@H](C)NC(=O)[C@@H]2C[C@@H](O)CN2C(=O)CNC(=O)c2ccc3cc(F)ccc3n2)c(Cl)c1,O=C(NCC(=O)N1CCC[C@H]1C(=O)NCc1ccccc1)c1ccc2ccccc2n1,0.4640416,0.4640,0.7114094,0.7114,0.7464290,-9.6100,1.0000000,1.0000,[],67
2.2589,3.8934,81.6967,0.6686721,O=C(NCC(=O)N1C[C@H](O)C[C@H]1C(=O)NCc1ccc(Cl)cc1)c1ccc2cc(F)ccc2n1,1,COc1ccc([C@H](C)NC(=O)[C@@H]2C[C@@H](O)CN2C(=O)CNC(=O)c2ccc3cc(F)ccc3n2)c(Cl)c1,O=C(NCC(=O)N1CCC[C@H]1C(=O)NCc1ccccc1)c1ccc2ccccc2n1,0.4955094,0.4955,0.7260274,0.7260,0.7454593,-9.6000,1.0000000,1.0000,[],67
2.3191,3.2004,77.2229,0.6283072,O=C(NCC(=O)N1C[C@H](O)C[C@H]1C(=O)NCc1cccc(Cl)c1)c1ccc2cc(F)ccc2n1,1,COc1ccc([C@H](C)NC(=O)[C@@H]2C[C@@H](O)CN2C(=O)CNC(=O)c2ccc3cc(F)ccc3n2)c(Cl)c1,O=C(NCC(=O)N1CCC[C@H]1C(=O)NCc1ccccc1)c1ccc2ccccc2n1,0.4955094,0.4955,0.7210884,0.7211,0.6604256,-8.8000,1.0000000,1.0000,[],67
2.3987,4.2413,70.9730,0.5876117,O=C(NCC(=O)N1C[C@H](O)C[C@H]1C(=O)N[C@@H](CO)c1cccc(Cl)c1)c1ccc2cc(F)ccc2n1,1,COc1ccc([C@H](C)NC(=O)[C@@H]2C[C@@H](O)CN2C(=O)CNC(=O)c2ccc3cc(F)ccc3n2)c(Cl)c1,O=C(NCC(=O)N1CCC[C@H]1C(=O)NCc1ccccc1)c1ccc2ccccc2n1,0.3782864,0.3783,0.7432432,0.7432,0.6511860,-8.7200,1.0000000,1.0000,[],67
2.3619,4.6734,74.2686,0.6167343,O=C(NCC(=O)N1C[C@H](O)C[C@H]1C(=O)N[C@H](CO)c1cccc(Cl)c1)c1ccc2cc(F)ccc2n1,1,COc1ccc([C@H](C)NC(=O)[C@@H]2C[C@@H](O)CN2C(=O)CNC(=O)c2ccc3cc(F)ccc3n2)c(Cl)c1,O=C(NCC(=O)N1CCC[C@H]1C(=O)NCc1ccccc1)c1ccc2ccccc2n1,0.3782864,0.3783,0.7432432,0.7432,0.7173324,-9.3200,1.0000000,1.0000,[],67
2.3402,8.7137,77.1655,0.6709312,CC(C)C(NC(=O)[C@@H]1C[C@@H](O)CN1C(=O)CNC(=O)c1ccc2cc(F)ccc2n1)c1ccc(Cl)cc1,1,COc1ccc([C@H](C)NC(=O)[C@@H]2C[C@@H](O)CN2C(=O)CNC(=O)c2ccc3cc(F)ccc3n2)c(Cl)c1,O=C(NCC(=O)N1CCC[C@H]1C(=O)NCc1ccccc1)c1ccc2ccccc2n1,0.4374885,0.4375,0.7619048,0.7619,0.7796905,-9.9700,1.0000000,1.0000,[],68
2.2426,4.0491,82.5249,0.6763589,CC(C)C(NC(=O)[C@@H]1C[C@@H](O)CN1C(=O)CNC(=O)c1ccc2cc(F)ccc2n1)c1ccccc1,1,COc1ccc([C@H](C)NC(=O)[C@@H]2C[C@@H](O)CN2C(=O)CNC(=O)c2ccc3cc(F)ccc3n2)c(Cl)c1,O=C(NCC(=O)N1CCC[C@H]1C(=O)NCc1ccccc1)c1ccc2ccccc2n1,0.4695327,0.4695,0.7364865,0.7365,0.7779275,-9.9500,1.0000000,1.0000,[],68
2.2426,4.8186,81.6214,0.6753121,CC(NC(=O)[C@@H]1C[C@@H](O)CN1C(=O)CNC(=O)c1ccc2cc(F)ccc2n1)c1ccc(Cl)cc1,1,COc1ccc([C@H](C)NC(=O)[C@@H]2C[C@@H](O)CN2C(=O)CNC(=O)c2ccc3cc(F)ccc3n2)c(Cl)c1,O=C(NCC(=O)N1CCC[C@H]1C(=O)NCc1ccccc1)c1ccc2ccccc2n1,0.4834885,0.4835,0.8014184,0.8014,0.7326326,-9.4700,1.0000000,1.0000,[],68
2.3632,4.1297,72.0438,0.5951057,COc1ccc(CNC(=O)[C@@H]2C[C@@H](O)CN2C(=O)CNC(=O)c2ccc3cc(F)ccc3n2)cc1,1,COc1ccc([C@H](C)NC(=O)[C@@H]2C[C@@H](O)CN2C(=O)CNC(=O)c2ccc3cc(F)ccc3n2)c(Cl)c1,O=C(NCC(=O)N1CCC[C@H]1C(=O)NCc1ccccc1)c1ccc2ccccc2n1,0.4701237,0.4701,0.7832168,0.7832,0.5836347,-8.1600,1.0000000,1.0000,[],68
2.2695,4.2698,80.8253,0.6648056,C[C@@H](NC(=O)[C@@H]1C[C@@H](O)CN1C(=O)CNC(=O)c1ccc2cc(F)ccc2n1)c1ccc(Cl)cc1,1,COc1ccc([C@H](C)NC(=O)[C@@H]2C[C@@H](O)CN2C(=O)CNC(=O)c2ccc3cc(F)ccc3n2)c(Cl)c1,O=C(NCC(=O)N1CCC[C@H]1C(=O)NCc1ccccc1)c1ccc2ccccc2n1,0.4834885,0.4835,0.8014184,0.8014,0.7100135,-9.2500,1.0000000,1.0000,[],68
2.2782,4.3193,79.5056,0.6548825,O=C(NCC(=O)N1C[C@H](O)C[C@H]1C(=O)NCc1ccc(Cl)c(Cl)c1)c1ccc2cc(F)ccc2n1,1,COc1ccc([C@H](C)NC(=O)[C@@H]2C[C@@H](O)CN2C(=O)CNC(=O)c2ccc3cc(F)ccc3n2)c(Cl)c1,O=C(NCC(=O)N1CCC[C@H]1C(=O)NCc1ccccc1)c1ccc2ccccc2n1,0.4640416,0.4640,0.7114094,0.7114,0.7464290,-9.6100,1.0000000,1.0000,[],68
2.2485,3.8934,81.6967,0.6686721,O=C(NCC(=O)N1C[C@H](O)C[C@H]1C(=O)NCc1ccc(Cl)cc1)c1ccc2cc(F)ccc2n1,1,COc1ccc([C@H](C)NC(=O)[C@@H]2C[C@@H](O)CN2C(=O)CNC(=O)c2ccc3cc(F)ccc3n2)c(Cl)c1,O=C(NCC(=O)N1CCC[C@H]1C(=O)NCc1ccccc1)c1ccc2ccccc2n1,0.4955094,0.4955,0.7260274,0.7260,0.7454593,-9.6000,1.0000000,1.0000,[],68
2.3155,3.2004,77.2229,0.6283072,O=C(NCC(=O)N1C[C@H](O)C[C@H]1C(=O)NCc1cccc(Cl)c1)c1ccc2cc(F)ccc2n1,1,COc1ccc([C@H](C)NC(=O)[C@@H]2C[C@@H](O)CN2C(=O)CNC(=O)c2ccc3cc(F)ccc3n2)c(Cl)c1,O=C(NCC(=O)N1CCC[C@H]1C(=O)NCc1ccccc1)c1ccc2ccccc2n1,0.4955094,0.4955,0.7210884,0.7211,0.6604256,-8.8000,1.0000000,1.0000,[],68
2.3911,4.2413,70.9730,0.5876117,O=C(NCC(=O)N1C[C@H](O)C[C@H]1C(=O)N[C@@H](CO)c1cccc(Cl)c1)c1ccc2cc(F)ccc2n1,1,COc1ccc([C@H](C)NC(=O)[C@@H]2C[C@@H](O)CN2C(=O)CNC(=O)c2ccc3cc(F)ccc3n2)c(Cl)c1,O=C(NCC(=O)N1CCC[C@H]1C(=O)NCc1ccccc1)c1ccc2ccccc2n1,0.3782864,0.3783,0.7432432,0.7432,0.6511860,-8.7200,1.0000000,1.0000,[],68
2.3593,4.6734,74.2686,0.6167343,O=C(NCC(=O)N1C[C@H](O)C[C@H]1C(=O)N[C@H](CO)c1cccc(Cl)c1)c1ccc2cc(F)ccc2n1,1,COc1ccc([C@H](C)NC(=O)[C@@H]2C[C@@H](O)CN2C(=O)CNC(=O)c2ccc3cc(F)ccc3n2)c(Cl)c1,O=C(NCC(=O)N1CCC[C@H]1C(=O)NCc1ccccc1)c1ccc2ccccc2n1,0.3782864,0.3783,0.7432432,0.7432,0.7173324,-9.3200,1.0000000,1.0000,[],68
2.3149,8.7137,77.1655,0.6709312,CC(C)C(NC(=O)[C@@H]1C[C@@H](O)CN1C(=O)CNC(=O)c1ccc2cc(F)ccc2n1)c1ccc(Cl)cc1,1,COc1ccc([C@H](C)NC(=O)[C@@H]2C[C@@H](O)CN2C(=O)CNC(=O)c2ccc3cc(F)ccc3n2)c(Cl)c1,O=C(NCC(=O)N1CCC[C@H]1C(=O)NCc1ccccc1)c1ccc2ccccc2n1,0.4374885,0.4375,0.7619048,0.7619,0.7796905,-9.9700,1.0000000,1.0000,[],69
2.2428,4.0491,82.5249,0.6763589,CC(C)C(NC(=O)[C@@H]1C[C@@H](O)CN1C(=O)CNC(=O)c1ccc2cc(F)ccc2n1)c1ccccc1,1,COc1ccc([C@H](C)NC(=O)[C@@H]2C[C@@H](O)CN2C(=O)CNC(=O)c2ccc3cc(F)ccc3n2)c(Cl)c1,O=C(NCC(=O)N1CCC[C@H]1C(=O)NCc1ccccc1)c1ccc2ccccc2n1,0.4695327,0.4695,0.7364865,0.7365,0.7779275,-9.9500,1.0000000,1.0000,[],69
2.2613,4.8186,81.6214,0.6753121,CC(NC(=O)[C@@H]1C[C@@H](O)CN1C(=O)CNC(=O)c1ccc2cc(F)ccc2n1)c1ccc(Cl)cc1,1,COc1ccc([C@H](C)NC(=O)[C@@H]2C[C@@H](O)CN2C(=O)CNC(=O)c2ccc3cc(F)ccc3n2)c(Cl)c1,O=C(NCC(=O)N1CCC[C@H]1C(=O)NCc1ccccc1)c1ccc2ccccc2n1,0.4834885,0.4835,0.8014184,0.8014,0.7326326,-9.4700,1.0000000,1.0000,[],69
2.3806,4.1297,72.0438,0.5951057,COc1ccc(CNC(=O)[C@@H]2C[C@@H](O)CN2C(=O)CNC(=O)c2ccc3cc(F)ccc3n2)cc1,1,COc1ccc([C@H](C)NC(=O)[C@@H]2C[C@@H](O)CN2C(=O)CNC(=O)c2ccc3cc(F)ccc3n2)c(Cl)c1,O=C(NCC(=O)N1CCC[C@H]1C(=O)NCc1ccccc1)c1ccc2ccccc2n1,0.4701237,0.4701,0.7832168,0.7832,0.5836347,-8.1600,1.0000000,1.0000,[],69
2.2710,4.2698,80.8253,0.6648056,C[C@@H](NC(=O)[C@@H]1C[C@@H](O)CN1C(=O)CNC(=O)c1ccc2cc(F)ccc2n1)c1ccc(Cl)cc1,1,COc1ccc([C@H](C)NC(=O)[C@@H]2C[C@@H](O)CN2C(=O)CNC(=O)c2ccc3cc(F)ccc3n2)c(Cl)c1,O=C(NCC(=O)N1CCC[C@H]1C(=O)NCc1ccccc1)c1ccc2ccccc2n1,0.4834885,0.4835,0.8014184,0.8014,0.7100135,-9.2500,1.0000000,1.0000,[],69
2.2888,4.3193,79.5056,0.6548825,O=C(NCC(=O)N1C[C@H](O)C[C@H]1C(=O)NCc1ccc(Cl)c(Cl)c1)c1ccc2cc(F)ccc2n1,1,COc1ccc([C@H](C)NC(=O)[C@@H]2C[C@@H](O)CN2C(=O)CNC(=O)c2ccc3cc(F)ccc3n2)c(Cl)c1,O=C(NCC(=O)N1CCC[C@H]1C(=O)NCc1ccccc1)c1ccc2ccccc2n1,0.4640416,0.4640,0.7114094,0.7114,0.7464290,-9.6100,1.0000000,1.0000,[],69
2.2508,3.8934,81.6967,0.6686721,O=C(NCC(=O)N1C[C@H](O)C[C@H]1C(=O)NCc1ccc(Cl)cc1)c1ccc2cc(F)ccc2n1,1,COc1ccc([C@H](C)NC(=O)[C@@H]2C[C@@H](O)CN2C(=O)CNC(=O)c2ccc3cc(F)ccc3n2)c(Cl)c1,O=C(NCC(=O)N1CCC[C@H]1C(=O)NCc1ccccc1)c1ccc2ccccc2n1,0.4955094,0.4955,0.7260274,0.7260,0.7454593,-9.6000,1.0000000,1.0000,[],69
2.3115,3.2004,77.2229,0.6283072,O=C(NCC(=O)N1C[C@H](O)C[C@H]1C(=O)NCc1cccc(Cl)c1)c1ccc2cc(F)ccc2n1,1,COc1ccc([C@H](C)NC(=O)[C@@H]2C[C@@H](O)CN2C(=O)CNC(=O)c2ccc3cc(F)ccc3n2)c(Cl)c1,O=C(NCC(=O)N1CCC[C@H]1C(=O)NCc1ccccc1)c1ccc2ccccc2n1,0.4955094,0.4955,0.7210884,0.7211,0.6604256,-8.8000,1.0000000,1.0000,[],69
2.3795,4.2413,70.9730,0.5876117,O=C(NCC(=O)N1C[C@H](O)C[C@H]1C(=O)N[C@@H](CO)c1cccc(Cl)c1)c1ccc2cc(F)ccc2n1,1,COc1ccc([C@H](C)NC(=O)[C@@H]2C[C@@H](O)CN2C(=O)CNC(=O)c2ccc3cc(F)ccc3n2)c(Cl)c1,O=C(NCC(=O)N1CCC[C@H]1C(=O)NCc1ccccc1)c1ccc2ccccc2n1,0.3782864,0.3783,0.7432432,0.7432,0.6511860,-8.7200,1.0000000,1.0000,[],69
2.3468,4.6734,74.2686,0.6167343,O=C(NCC(=O)N1C[C@H](O)C[C@H]1C(=O)N[C@H](CO)c1cccc(Cl)c1)c1ccc2cc(F)ccc2n1,1,COc1ccc([C@H](C)NC(=O)[C@@H]2C[C@@H](O)CN2C(=O)CNC(=O)c2ccc3cc(F)ccc3n2)c(Cl)c1,O=C(NCC(=O)N1CCC[C@H]1C(=O)NCc1ccccc1)c1ccc2ccccc2n1,0.3782864,0.3783,0.7432432,0.7432,0.7173324,-9.3200,1.0000000,1.0000,[],69
2.2915,8.7137,77.1655,0.6709312,CC(C)C(NC(=O)[C@@H]1C[C@@H](O)CN1C(=O)CNC(=O)c1ccc2cc(F)ccc2n1)c1ccc(Cl)cc1,1,COc1ccc([C@H](C)NC(=O)[C@@H]2C[C@@H](O)CN2C(=O)CNC(=O)c2ccc3cc(F)ccc3n2)c(Cl)c1,O=C(NCC(=O)N1CCC[C@H]1C(=O)NCc1ccccc1)c1ccc2ccccc2n1,0.4374885,0.4375,0.7619048,0.7619,0.7796905,-9.9700,1.0000000,1.0000,[],70
2.2486,4.0491,82.5249,0.6763589,CC(C)C(NC(=O)[C@@H]1C[C@@H](O)CN1C(=O)CNC(=O)c1ccc2cc(F)ccc2n1)c1ccccc1,1,COc1ccc([C@H](C)NC(=O)[C@@H]2C[C@@H](O)CN2C(=O)CNC(=O)c2ccc3cc(F)ccc3n2)c(Cl)c1,O=C(NCC(=O)N1CCC[C@H]1C(=O)NCc1ccccc1)c1ccc2ccccc2n1,0.4695327,0.4695,0.7364865,0.7365,0.7779275,-9.9500,1.0000000,1.0000,[],70
2.2689,4.8186,81.6214,0.6753121,CC(NC(=O)[C@@H]1C[C@@H](O)CN1C(=O)CNC(=O)c1ccc2cc(F)ccc2n1)c1ccc(Cl)cc1,1,COc1ccc([C@H](C)NC(=O)[C@@H]2C[C@@H](O)CN2C(=O)CNC(=O)c2ccc3cc(F)ccc3n2)c(Cl)c1,O=C(NCC(=O)N1CCC[C@H]1C(=O)NCc1ccccc1)c1ccc2ccccc2n1,0.4834885,0.4835,0.8014184,0.8014,0.7326326,-9.4700,1.0000000,1.0000,[],70
2.3934,4.1297,72.0438,0.5951057,COc1ccc(CNC(=O)[C@@H]2C[C@@H](O)CN2C(=O)CNC(=O)c2ccc3cc(F)ccc3n2)cc1,1,COc1ccc([C@H](C)NC(=O)[C@@H]2C[C@@H](O)CN2C(=O)CNC(=O)c2ccc3cc(F)ccc3n2)c(Cl)c1,O=C(NCC(=O)N1CCC[C@H]1C(=O)NCc1ccccc1)c1ccc2ccccc2n1,0.4701237,0.4701,0.7832168,0.7832,0.5836347,-8.1600,1.0000000,1.0000,[],70
2.2682,4.2698,80.8253,0.6648056,C[C@@H](NC(=O)[C@@H]1C[C@@H](O)CN1C(=O)CNC(=O)c1ccc2cc(F)ccc2n1)c1ccc(Cl)cc1,1,COc1ccc([C@H](C)NC(=O)[C@@H]2C[C@@H](O)CN2C(=O)CNC(=O)c2ccc3cc(F)ccc3n2)c(Cl)c1,O=C(NCC(=O)N1CCC[C@H]1C(=O)NCc1ccccc1)c1ccc2ccccc2n1,0.4834885,0.4835,0.8014184,0.8014,0.7100135,-9.2500,1.0000000,1.0000,[],70
2.2761,4.3193,79.5056,0.6548825,O=C(NCC(=O)N1C[C@H](O)C[C@H]1C(=O)NCc1ccc(Cl)c(Cl)c1)c1ccc2cc(F)ccc2n1,1,COc1ccc([C@H](C)NC(=O)[C@@H]2C[C@@H](O)CN2C(=O)CNC(=O)c2ccc3cc(F)ccc3n2)c(Cl)c1,O=C(NCC(=O)N1CCC[C@H]1C(=O)NCc1ccccc1)c1ccc2ccccc2n1,0.4640416,0.4640,0.7114094,0.7114,0.7464290,-9.6100,1.0000000,1.0000,[],70
2.2743,3.8934,81.6967,0.6686721,O=C(NCC(=O)N1C[C@H](O)C[C@H]1C(=O)NCc1ccc(Cl)cc1)c1ccc2cc(F)ccc2n1,1,COc1ccc([C@H](C)NC(=O)[C@@H]2C[C@@H](O)CN2C(=O)CNC(=O)c2ccc3cc(F)ccc3n2)c(Cl)c1,O=C(NCC(=O)N1CCC[C@H]1C(=O)NCc1ccccc1)c1ccc2ccccc2n1,0.4955094,0.4955,0.7260274,0.7260,0.7454593,-9.6000,1.0000000,1.0000,[],70
2.3066,3.2004,77.2229,0.6283072,O=C(NCC(=O)N1C[C@H](O)C[C@H]1C(=O)NCc1cccc(Cl)c1)c1ccc2cc(F)ccc2n1,1,COc1ccc([C@H](C)NC(=O)[C@@H]2C[C@@H](O)CN2C(=O)CNC(=O)c2ccc3cc(F)ccc3n2)c(Cl)c1,O=C(NCC(=O)N1CCC[C@H]1C(=O)NCc1ccccc1)c1ccc2ccccc2n1,0.4955094,0.4955,0.7210884,0.7211,0.6604256,-8.8000,1.0000000,1.0000,[],70
2.3788,4.2413,70.9730,0.5876117,O=C(NCC(=O)N1C[C@H](O)C[C@H]1C(=O)N[C@@H](CO)c1cccc(Cl)c1)c1ccc2cc(F)ccc2n1,1,COc1ccc([C@H](C)NC(=O)[C@@H]2C[C@@H](O)CN2C(=O)CNC(=O)c2ccc3cc(F)ccc3n2)c(Cl)c1,O=C(NCC(=O)N1CCC[C@H]1C(=O)NCc1ccccc1)c1ccc2ccccc2n1,0.3782864,0.3783,0.7432432,0.7432,0.6511860,-8.7200,1.0000000,1.0000,[],70
2.3408,4.6734,74.2686,0.6167343,O=C(NCC(=O)N1C[C@H](O)C[C@H]1C(=O)N[C@H](CO)c1cccc(Cl)c1)c1ccc2cc(F)ccc2n1,1,COc1ccc([C@H](C)NC(=O)[C@@H]2C[C@@H](O)CN2C(=O)CNC(=O)c2ccc3cc(F)ccc3n2)c(Cl)c1,O=C(NCC(=O)N1CCC[C@H]1C(=O)NCc1ccccc1)c1ccc2ccccc2n1,0.3782864,0.3783,0.7432432,0.7432,0.7173324,-9.3200,1.0000000,1.0000,[],70
2.2931,8.7137,77.1655,0.6709312,CC(C)C(NC(=O)[C@@H]1C[C@@H](O)CN1C(=O)CNC(=O)c1ccc2cc(F)ccc2n1)c1ccc(Cl)cc1,1,COc1ccc([C@H](C)NC(=O)[C@@H]2C[C@@H](O)CN2C(=O)CNC(=O)c2ccc3cc(F)ccc3n2)c(Cl)c1,O=C(NCC(=O)N1CCC[C@H]1C(=O)NCc1ccccc1)c1ccc2ccccc2n1,0.4374885,0.4375,0.7619048,0.7619,0.7796905,-9.9700,1.0000000,1.0000,[],71
2.2645,4.0491,82.5249,0.6763589,CC(C)C(NC(=O)[C@@H]1C[C@@H](O)CN1C(=O)CNC(=O)c1ccc2cc(F)ccc2n1)c1ccccc1,1,COc1ccc([C@H](C)NC(=O)[C@@H]2C[C@@H](O)CN2C(=O)CNC(=O)c2ccc3cc(F)ccc3n2)c(Cl)c1,O=C(NCC(=O)N1CCC[C@H]1C(=O)NCc1ccccc1)c1ccc2ccccc2n1,0.4695327,0.4695,0.7364865,0.7365,0.7779275,-9.9500,1.0000000,1.0000,[],71
2.2404,4.8186,81.6214,0.6753121,CC(NC(=O)[C@@H]1C[C@@H](O)CN1C(=O)CNC(=O)c1ccc2cc(F)ccc2n1)c1ccc(Cl)cc1,1,COc1ccc([C@H](C)NC(=O)[C@@H]2C[C@@H](O)CN2C(=O)CNC(=O)c2ccc3cc(F)ccc3n2)c(Cl)c1,O=C(NCC(=O)N1CCC[C@H]1C(=O)NCc1ccccc1)c1ccc2ccccc2n1,0.4834885,0.4835,0.8014184,0.8014,0.7326326,-9.4700,1.0000000,1.0000,[],71
2.3974,4.1297,72.0438,0.5951057,COc1ccc(CNC(=O)[C@@H]2C[C@@H](O)CN2C(=O)CNC(=O)c2ccc3cc(F)ccc3n2)cc1,1,COc1ccc([C@H](C)NC(=O)[C@@H]2C[C@@H](O)CN2C(=O)CNC(=O)c2ccc3cc(F)ccc3n2)c(Cl)c1,O=C(NCC(=O)N1CCC[C@H]1C(=O)NCc1ccccc1)c1ccc2ccccc2n1,0.4701237,0.4701,0.7832168,0.7832,0.5836347,-8.1600,1.0000000,1.0000,[],71
2.2605,4.2698,80.8253,0.6648056,C[C@@H](NC(=O)[C@@H]1C[C@@H](O)CN1C(=O)CNC(=O)c1ccc2cc(F)ccc2n1)c1ccc(Cl)cc1,1,COc1ccc([C@H](C)NC(=O)[C@@H]2C[C@@H](O)CN2C(=O)CNC(=O)c2ccc3cc(F)ccc3n2)c(Cl)c1,O=C(NCC(=O)N1CCC[C@H]1C(=O)NCc1ccccc1)c1ccc2ccccc2n1,0.4834885,0.4835,0.8014184,0.8014,0.7100135,-9.2500,1.0000000,1.0000,[],71
2.3086,4.3193,79.5056,0.6548825,O=C(NCC(=O)N1C[C@H](O)C[C@H]1C(=O)NCc1ccc(Cl)c(Cl)c1)c1ccc2cc(F)ccc2n1,1,COc1ccc([C@H](C)NC(=O)[C@@H]2C[C@@H](O)CN2C(=O)CNC(=O)c2ccc3cc(F)ccc3n2)c(Cl)c1,O=C(NCC(=O)N1CCC[C@H]1C(=O)NCc1ccccc1)c1ccc2ccccc2n1,0.4640416,0.4640,0.7114094,0.7114,0.7464290,-9.6100,1.0000000,1.0000,[],71
2.2453,3.8934,81.6967,0.6686721,O=C(NCC(=O)N1C[C@H](O)C[C@H]1C(=O)NCc1ccc(Cl)cc1)c1ccc2cc(F)ccc2n1,1,COc1ccc([C@H](C)NC(=O)[C@@H]2C[C@@H](O)CN2C(=O)CNC(=O)c2ccc3cc(F)ccc3n2)c(Cl)c1,O=C(NCC(=O)N1CCC[C@H]1C(=O)NCc1ccccc1)c1ccc2ccccc2n1,0.4955094,0.4955,0.7260274,0.7260,0.7454593,-9.6000,1.0000000,1.0000,[],71
2.3026,3.2004,77.2229,0.6283072,O=C(NCC(=O)N1C[C@H](O)C[C@H]1C(=O)NCc1cccc(Cl)c1)c1ccc2cc(F)ccc2n1,1,COc1ccc([C@H](C)NC(=O)[C@@H]2C[C@@H](O)CN2C(=O)CNC(=O)c2ccc3cc(F)ccc3n2)c(Cl)c1,O=C(NCC(=O)N1CCC[C@H]1C(=O)NCc1ccccc1)c1ccc2ccccc2n1,0.4955094,0.4955,0.7210884,0.7211,0.6604256,-8.8000,1.0000000,1.0000,[],71
2.3913,4.2413,70.9730,0.5876117,O=C(NCC(=O)N1C[C@H](O)C[C@H]1C(=O)N[C@@H](CO)c1cccc(Cl)c1)c1ccc2cc(F)ccc2n1,1,COc1ccc([C@H](C)NC(=O)[C@@H]2C[C@@H](O)CN2C(=O)CNC(=O)c2ccc3cc(F)ccc3n2)c(Cl)c1,O=C(NCC(=O)N1CCC[C@H]1C(=O)NCc1ccccc1)c1ccc2ccccc2n1,0.3782864,0.3783,0.7432432,0.7432,0.6511860,-8.7200,1.0000000,1.0000,[],71
2.3466,4.6734,74.2686,0.6167343,O=C(NCC(=O)N1C[C@H](O)C[C@H]1C(=O)N[C@H](CO)c1cccc(Cl)c1)c1ccc2cc(F)ccc2n1,1,COc1ccc([C@H](C)NC(=O)[C@@H]2C[C@@H](O)CN2C(=O)CNC(=O)c2ccc3cc(F)ccc3n2)c(Cl)c1,O=C(NCC(=O)N1CCC[C@H]1C(=O)NCc1ccccc1)c1ccc2ccccc2n1,0.3782864,0.3783,0.7432432,0.7432,0.7173324,-9.3200,1.0000000,1.0000,[],71
2.2935,8.7137,77.1655,0.6709312,CC(C)C(NC(=O)[C@@H]1C[C@@H](O)CN1C(=O)CNC(=O)c1ccc2cc(F)ccc2n1)c1ccc(Cl)cc1,1,COc1ccc([C@H](C)NC(=O)[C@@H]2C[C@@H](O)CN2C(=O)CNC(=O)c2ccc3cc(F)ccc3n2)c(Cl)c1,O=C(NCC(=O)N1CCC[C@H]1C(=O)NCc1ccccc1)c1ccc2ccccc2n1,0.4374885,0.4375,0.7619048,0.7619,0.7796905,-9.9700,1.0000000,1.0000,[],72
2.2601,4.0491,82.5249,0.6763589,CC(C)C(NC(=O)[C@@H]1C[C@@H](O)CN1C(=O)CNC(=O)c1ccc2cc(F)ccc2n1)c1ccccc1,1,COc1ccc([C@H](C)NC(=O)[C@@H]2C[C@@H](O)CN2C(=O)CNC(=O)c2ccc3cc(F)ccc3n2)c(Cl)c1,O=C(NCC(=O)N1CCC[C@H]1C(=O)NCc1ccccc1)c1ccc2ccccc2n1,0.4695327,0.4695,0.7364865,0.7365,0.7779275,-9.9500,1.0000000,1.0000,[],72
2.2501,4.8186,81.6214,0.6753121,CC(NC(=O)[C@@H]1C[C@@H](O)CN1C(=O)CNC(=O)c1ccc2cc(F)ccc2n1)c1ccc(Cl)cc1,1,COc1ccc([C@H](C)NC(=O)[C@@H]2C[C@@H](O)CN2C(=O)CNC(=O)c2ccc3cc(F)ccc3n2)c(Cl)c1,O=C(NCC(=O)N1CCC[C@H]1C(=O)NCc1ccccc1)c1ccc2ccccc2n1,0.4834885,0.4835,0.8014184,0.8014,0.7326326,-9.4700,1.0000000,1.0000,[],72
2.4003,4.1297,72.0438,0.5951057,COc1ccc(CNC(=O)[C@@H]2C[C@@H](O)CN2C(=O)CNC(=O)c2ccc3cc(F)ccc3n2)cc1,1,COc1ccc([C@H](C)NC(=O)[C@@H]2C[C@@H](O)CN2C(=O)CNC(=O)c2ccc3cc(F)ccc3n2)c(Cl)c1,O=C(NCC(=O)N1CCC[C@H]1C(=O)NCc1ccccc1)c1ccc2ccccc2n1,0.4701237,0.4701,0.7832168,0.7832,0.5836347,-8.1600,1.0000000,1.0000,[],72
2.2589,4.2698,80.8253,0.6648056,C[C@@H](NC(=O)[C@@H]1C[C@@H](O)CN1C(=O)CNC(=O)c1ccc2cc(F)ccc2n1)c1ccc(Cl)cc1,1,COc1ccc([C@H](C)NC(=O)[C@@H]2C[C@@H](O)CN2C(=O)CNC(=O)c2ccc3cc(F)ccc3n2)c(Cl)c1,O=C(NCC(=O)N1CCC[C@H]1C(=O)NCc1ccccc1)c1ccc2ccccc2n1,0.4834885,0.4835,0.8014184,0.8014,0.7100135,-9.2500,1.0000000,1.0000,[],72
2.2613,4.3193,79.5056,0.6548825,O=C(NCC(=O)N1C[C@H](O)C[C@H]1C(=O)NCc1ccc(Cl)c(Cl)c1)c1ccc2cc(F)ccc2n1,1,COc1ccc([C@H](C)NC(=O)[C@@H]2C[C@@H](O)CN2C(=O)CNC(=O)c2ccc3cc(F)ccc3n2)c(Cl)c1,O=C(NCC(=O)N1CCC[C@H]1C(=O)NCc1ccccc1)c1ccc2ccccc2n1,0.4640416,0.4640,0.7114094,0.7114,0.7464290,-9.6100,1.0000000,1.0000,[],72
2.2798,3.8934,81.6967,0.6686721,O=C(NCC(=O)N1C[C@H](O)C[C@H]1C(=O)NCc1ccc(Cl)cc1)c1ccc2cc(F)ccc2n1,1,COc1ccc([C@H](C)NC(=O)[C@@H]2C[C@@H](O)CN2C(=O)CNC(=O)c2ccc3cc(F)ccc3n2)c(Cl)c1,O=C(NCC(=O)N1CCC[C@H]1C(=O)NCc1ccccc1)c1ccc2ccccc2n1,0.4955094,0.4955,0.7260274,0.7260,0.7454593,-9.6000,1.0000000,1.0000,[],72
2.2960,3.2004,77.2229,0.6283072,O=C(NCC(=O)N1C[C@H](O)C[C@H]1C(=O)NCc1cccc(Cl)c1)c1ccc2cc(F)ccc2n1,1,COc1ccc([C@H](C)NC(=O)[C@@H]2C[C@@H](O)CN2C(=O)CNC(=O)c2ccc3cc(F)ccc3n2)c(Cl)c1,O=C(NCC(=O)N1CCC[C@H]1C(=O)NCc1ccccc1)c1ccc2ccccc2n1,0.4955094,0.4955,0.7210884,0.7211,0.6604256,-8.8000,1.0000000,1.0000,[],72
2.4013,4.2413,70.9730,0.5876117,O=C(NCC(=O)N1C[C@H](O)C[C@H]1C(=O)N[C@@H](CO)c1cccc(Cl)c1)c1ccc2cc(F)ccc2n1,1,COc1ccc([C@H](C)NC(=O)[C@@H]2C[C@@H](O)CN2C(=O)CNC(=O)c2ccc3cc(F)ccc3n2)c(Cl)c1,O=C(NCC(=O)N1CCC[C@H]1C(=O)NCc1ccccc1)c1ccc2ccccc2n1,0.3782864,0.3783,0.7432432,0.7432,0.6511860,-8.7200,1.0000000,1.0000,[],72
2.3492,4.6734,74.2686,0.6167343,O=C(NCC(=O)N1C[C@H](O)C[C@H]1C(=O)N[C@H](CO)c1cccc(Cl)c1)c1ccc2cc(F)ccc2n1,1,COc1ccc([C@H](C)NC(=O)[C@@H]2C[C@@H](O)CN2C(=O)CNC(=O)c2ccc3cc(F)ccc3n2)c(Cl)c1,O=C(NCC(=O)N1CCC[C@H]1C(=O)NCc1ccccc1)c1ccc2ccccc2n1,0.3782864,0.3783,0.7432432,0.7432,0.7173324,-9.3200,1.0000000,1.0000,[],72
2.3028,8.7137,77.1655,0.6709312,CC(C)C(NC(=O)[C@@H]1C[C@@H](O)CN1C(=O)CNC(=O)c1ccc2cc(F)ccc2n1)c1ccc(Cl)cc1,1,COc1ccc([C@H](C)NC(=O)[C@@H]2C[C@@H](O)CN2C(=O)CNC(=O)c2ccc3cc(F)ccc3n2)c(Cl)c1,O=C(NCC(=O)N1CCC[C@H]1C(=O)NCc1ccccc1)c1ccc2ccccc2n1,0.4374885,0.4375,0.7619048,0.7619,0.7796905,-9.9700,1.0000000,1.0000,[],73
2.2441,4.0491,82.5249,0.6763589,CC(C)C(NC(=O)[C@@H]1C[C@@H](O)CN1C(=O)CNC(=O)c1ccc2cc(F)ccc2n1)c1ccccc1,1,COc1ccc([C@H](C)NC(=O)[C@@H]2C[C@@H](O)CN2C(=O)CNC(=O)c2ccc3cc(F)ccc3n2)c(Cl)c1,O=C(NCC(=O)N1CCC[C@H]1C(=O)NCc1ccccc1)c1ccc2ccccc2n1,0.4695327,0.4695,0.7364865,0.7365,0.7779275,-9.9500,1.0000000,1.0000,[],73
2.2693,4.8186,81.6214,0.6753121,CC(NC(=O)[C@@H]1C[C@@H](O)CN1C(=O)CNC(=O)c1ccc2cc(F)ccc2n1)c1ccc(Cl)cc1,1,COc1ccc([C@H](C)NC(=O)[C@@H]2C[C@@H](O)CN2C(=O)CNC(=O)c2ccc3cc(F)ccc3n2)c(Cl)c1,O=C(NCC(=O)N1CCC[C@H]1C(=O)NCc1ccccc1)c1ccc2ccccc2n1,0.4834885,0.4835,0.8014184,0.8014,0.7326326,-9.4700,1.0000000,1.0000,[],73
2.3979,4.1297,72.0438,0.5951057,COc1ccc(CNC(=O)[C@@H]2C[C@@H](O)CN2C(=O)CNC(=O)c2ccc3cc(F)ccc3n2)cc1,1,COc1ccc([C@H](C)NC(=O)[C@@H]2C[C@@H](O)CN2C(=O)CNC(=O)c2ccc3cc(F)ccc3n2)c(Cl)c1,O=C(NCC(=O)N1CCC[C@H]1C(=O)NCc1ccccc1)c1ccc2ccccc2n1,0.4701237,0.4701,0.7832168,0.7832,0.5836347,-8.1600,1.0000000,1.0000,[],73
2.2593,4.2698,80.8253,0.6648056,C[C@@H](NC(=O)[C@@H]1C[C@@H](O)CN1C(=O)CNC(=O)c1ccc2cc(F)ccc2n1)c1ccc(Cl)cc1,1,COc1ccc([C@H](C)NC(=O)[C@@H]2C[C@@H](O)CN2C(=O)CNC(=O)c2ccc3cc(F)ccc3n2)c(Cl)c1,O=C(NCC(=O)N1CCC[C@H]1C(=O)NCc1ccccc1)c1ccc2ccccc2n1,0.4834885,0.4835,0.8014184,0.8014,0.7100135,-9.2500,1.0000000,1.0000,[],73
2.3073,4.3193,79.5056,0.6548825,O=C(NCC(=O)N1C[C@H](O)C[C@H]1C(=O)NCc1ccc(Cl)c(Cl)c1)c1ccc2cc(F)ccc2n1,1,COc1ccc([C@H](C)NC(=O)[C@@H]2C[C@@H](O)CN2C(=O)CNC(=O)c2ccc3cc(F)ccc3n2)c(Cl)c1,O=C(NCC(=O)N1CCC[C@H]1C(=O)NCc1ccccc1)c1ccc2ccccc2n1,0.4640416,0.4640,0.7114094,0.7114,0.7464290,-9.6100,1.0000000,1.0000,[],73
2.2264,3.8934,81.6967,0.6686721,O=C(NCC(=O)N1C[C@H](O)C[C@H]1C(=O)NCc1ccc(Cl)cc1)c1ccc2cc(F)ccc2n1,1,COc1ccc([C@H](C)NC(=O)[C@@H]2C[C@@H](O)CN2C(=O)CNC(=O)c2ccc3cc(F)ccc3n2)c(Cl)c1,O=C(NCC(=O)N1CCC[C@H]1C(=O)NCc1ccccc1)c1ccc2ccccc2n1,0.4955094,0.4955,0.7260274,0.7260,0.7454593,-9.6000,1.0000000,1.0000,[],73
2.2993,3.2004,77.2229,0.6283072,O=C(NCC(=O)N1C[C@H](O)C[C@H]1C(=O)NCc1cccc(Cl)c1)c1ccc2cc(F)ccc2n1,1,COc1ccc([C@H](C)NC(=O)[C@@H]2C[C@@H](O)CN2C(=O)CNC(=O)c2ccc3cc(F)ccc3n2)c(Cl)c1,O=C(NCC(=O)N1CCC[C@H]1C(=O)NCc1ccccc1)c1ccc2ccccc2n1,0.4955094,0.4955,0.7210884,0.7211,0.6604256,-8.8000,1.0000000,1.0000,[],73
2.3998,4.2413,70.9730,0.5876117,O=C(NCC(=O)N1C[C@H](O)C[C@H]1C(=O)N[C@@H](CO)c1cccc(Cl)c1)c1ccc2cc(F)ccc2n1,1,COc1ccc([C@H](C)NC(=O)[C@@H]2C[C@@H](O)CN2C(=O)CNC(=O)c2ccc3cc(F)ccc3n2)c(Cl)c1,O=C(NCC(=O)N1CCC[C@H]1C(=O)NCc1ccccc1)c1ccc2ccccc2n1,0.3782864,0.3783,0.7432432,0.7432,0.6511860,-8.7200,1.0000000,1.0000,[],73
2.3451,4.6734,74.2686,0.6167343,O=C(NCC(=O)N1C[C@H](O)C[C@H]1C(=O)N[C@H](CO)c1cccc(Cl)c1)c1ccc2cc(F)ccc2n1,1,COc1ccc([C@H](C)NC(=O)[C@@H]2C[C@@H](O)CN2C(=O)CNC(=O)c2ccc3cc(F)ccc3n2)c(Cl)c1,O=C(NCC(=O)N1CCC[C@H]1C(=O)NCc1ccccc1)c1ccc2ccccc2n1,0.3782864,0.3783,0.7432432,0.7432,0.7173324,-9.3200,1.0000000,1.0000,[],73
2.3222,8.7137,77.1655,0.6709312,CC(C)C(NC(=O)[C@@H]1C[C@@H](O)CN1C(=O)CNC(=O)c1ccc2cc(F)ccc2n1)c1ccc(Cl)cc1,1,COc1ccc([C@H](C)NC(=O)[C@@H]2C[C@@H](O)CN2C(=O)CNC(=O)c2ccc3cc(F)ccc3n2)c(Cl)c1,O=C(NCC(=O)N1CCC[C@H]1C(=O)NCc1ccccc1)c1ccc2ccccc2n1,0.4374885,0.4375,0.7619048,0.7619,0.7796905,-9.9700,1.0000000,1.0000,[],74
2.2442,4.0491,82.5249,0.6763589,CC(C)C(NC(=O)[C@@H]1C[C@@H](O)CN1C(=O)CNC(=O)c1ccc2cc(F)ccc2n1)c1ccccc1,1,COc1ccc([C@H](C)NC(=O)[C@@H]2C[C@@H](O)CN2C(=O)CNC(=O)c2ccc3cc(F)ccc3n2)c(Cl)c1,O=C(NCC(=O)N1CCC[C@H]1C(=O)NCc1ccccc1)c1ccc2ccccc2n1,0.4695327,0.4695,0.7364865,0.7365,0.7779275,-9.9500,1.0000000,1.0000,[],74
2.2538,4.8186,81.6214,0.6753121,CC(NC(=O)[C@@H]1C[C@@H](O)CN1C(=O)CNC(=O)c1ccc2cc(F)ccc2n1)c1ccc(Cl)cc1,1,COc1ccc([C@H](C)NC(=O)[C@@H]2C[C@@H](O)CN2C(=O)CNC(=O)c2ccc3cc(F)ccc3n2)c(Cl)c1,O=C(NCC(=O)N1CCC[C@H]1C(=O)NCc1ccccc1)c1ccc2ccccc2n1,0.4834885,0.4835,0.8014184,0.8014,0.7326326,-9.4700,1.0000000,1.0000,[],74
2.3887,4.1297,72.0438,0.5951057,COc1ccc(CNC(=O)[C@@H]2C[C@@H](O)CN2C(=O)CNC(=O)c2ccc3cc(F)ccc3n2)cc1,1,COc1ccc([C@H](C)NC(=O)[C@@H]2C[C@@H](O)CN2C(=O)CNC(=O)c2ccc3cc(F)ccc3n2)c(Cl)c1,O=C(NCC(=O)N1CCC[C@H]1C(=O)NCc1ccccc1)c1ccc2ccccc2n1,0.4701237,0.4701,0.7832168,0.7832,0.5836347,-8.1600,1.0000000,1.0000,[],74
2.2572,4.2698,80.8253,0.6648056,C[C@@H](NC(=O)[C@@H]1C[C@@H](O)CN1C(=O)CNC(=O)c1ccc2cc(F)ccc2n1)c1ccc(Cl)cc1,1,COc1ccc([C@H](C)NC(=O)[C@@H]2C[C@@H](O)CN2C(=O)CNC(=O)c2ccc3cc(F)ccc3n2)c(Cl)c1,O=C(NCC(=O)N1CCC[C@H]1C(=O)NCc1ccccc1)c1ccc2ccccc2n1,0.4834885,0.4835,0.8014184,0.8014,0.7100135,-9.2500,1.0000000,1.0000,[],74
2.2519,4.3193,79.5056,0.6548825,O=C(NCC(=O)N1C[C@H](O)C[C@H]1C(=O)NCc1ccc(Cl)c(Cl)c1)c1ccc2cc(F)ccc2n1,1,COc1ccc([C@H](C)NC(=O)[C@@H]2C[C@@H](O)CN2C(=O)CNC(=O)c2ccc3cc(F)ccc3n2)c(Cl)c1,O=C(NCC(=O)N1CCC[C@H]1C(=O)NCc1ccccc1)c1ccc2ccccc2n1,0.4640416,0.4640,0.7114094,0.7114,0.7464290,-9.6100,1.0000000,1.0000,[],74
2.2885,3.8934,81.6967,0.6686721,O=C(NCC(=O)N1C[C@H](O)C[C@H]1C(=O)NCc1ccc(Cl)cc1)c1ccc2cc(F)ccc2n1,1,COc1ccc([C@H](C)NC(=O)[C@@H]2C[C@@H](O)CN2C(=O)CNC(=O)c2ccc3cc(F)ccc3n2)c(Cl)c1,O=C(NCC(=O)N1CCC[C@H]1C(=O)NCc1ccccc1)c1ccc2ccccc2n1,0.4955094,0.4955,0.7260274,0.7260,0.7454593,-9.6000,1.0000000,1.0000,[],74
2.3118,3.2004,77.2229,0.6283072,O=C(NCC(=O)N1C[C@H](O)C[C@H]1C(=O)NCc1cccc(Cl)c1)c1ccc2cc(F)ccc2n1,1,COc1ccc([C@H](C)NC(=O)[C@@H]2C[C@@H](O)CN2C(=O)CNC(=O)c2ccc3cc(F)ccc3n2)c(Cl)c1,O=C(NCC(=O)N1CCC[C@H]1C(=O)NCc1ccccc1)c1ccc2ccccc2n1,0.4955094,0.4955,0.7210884,0.7211,0.6604256,-8.8000,1.0000000,1.0000,[],74
2.3914,4.2413,70.9730,0.5876117,O=C(NCC(=O)N1C[C@H](O)C[C@H]1C(=O)N[C@@H](CO)c1cccc(Cl)c1)c1ccc2cc(F)ccc2n1,1,COc1ccc([C@H](C)NC(=O)[C@@H]2C[C@@H](O)CN2C(=O)CNC(=O)c2ccc3cc(F)ccc3n2)c(Cl)c1,O=C(NCC(=O)N1CCC[C@H]1C(=O)NCc1ccccc1)c1ccc2ccccc2n1,0.3782864,0.3783,0.7432432,0.7432,0.6511860,-8.7200,1.0000000,1.0000,[],74
2.3392,4.6734,74.2686,0.6167343,O=C(NCC(=O)N1C[C@H](O)C[C@H]1C(=O)N[C@H](CO)c1cccc(Cl)c1)c1ccc2cc(F)ccc2n1,1,COc1ccc([C@H](C)NC(=O)[C@@H]2C[C@@H](O)CN2C(=O)CNC(=O)c2ccc3cc(F)ccc3n2)c(Cl)c1,O=C(NCC(=O)N1CCC[C@H]1C(=O)NCc1ccccc1)c1ccc2ccccc2n1,0.3782864,0.3783,0.7432432,0.7432,0.7173324,-9.3200,1.0000000,1.0000,[],74
2.3317,8.7137,77.1655,0.6709312,CC(C)C(NC(=O)[C@@H]1C[C@@H](O)CN1C(=O)CNC(=O)c1ccc2cc(F)ccc2n1)c1ccc(Cl)cc1,1,COc1ccc([C@H](C)NC(=O)[C@@H]2C[C@@H](O)CN2C(=O)CNC(=O)c2ccc3cc(F)ccc3n2)c(Cl)c1,O=C(NCC(=O)N1CCC[C@H]1C(=O)NCc1ccccc1)c1ccc2ccccc2n1,0.4374885,0.4375,0.7619048,0.7619,0.7796905,-9.9700,1.0000000,1.0000,[],75
2.2387,4.0491,82.5249,0.6763589,CC(C)C(NC(=O)[C@@H]1C[C@@H](O)CN1C(=O)CNC(=O)c1ccc2cc(F)ccc2n1)c1ccccc1,1,COc1ccc([C@H](C)NC(=O)[C@@H]2C[C@@H](O)CN2C(=O)CNC(=O)c2ccc3cc(F)ccc3n2)c(Cl)c1,O=C(NCC(=O)N1CCC[C@H]1C(=O)NCc1ccccc1)c1ccc2ccccc2n1,0.4695327,0.4695,0.7364865,0.7365,0.7779275,-9.9500,1.0000000,1.0000,[],75
2.2492,4.8186,81.6214,0.6753121,CC(NC(=O)[C@@H]1C[C@@H](O)CN1C(=O)CNC(=O)c1ccc2cc(F)ccc2n1)c1ccc(Cl)cc1,1,COc1ccc([C@H](C)NC(=O)[C@@H]2C[C@@H](O)CN2C(=O)CNC(=O)c2ccc3cc(F)ccc3n2)c(Cl)c1,O=C(NCC(=O)N1CCC[C@H]1C(=O)NCc1ccccc1)c1ccc2ccccc2n1,0.4834885,0.4835,0.8014184,0.8014,0.7326326,-9.4700,1.0000000,1.0000,[],75
2.3770,4.1297,72.0438,0.5951057,COc1ccc(CNC(=O)[C@@H]2C[C@@H](O)CN2C(=O)CNC(=O)c2ccc3cc(F)ccc3n2)cc1,1,COc1ccc([C@H](C)NC(=O)[C@@H]2C[C@@H](O)CN2C(=O)CNC(=O)c2ccc3cc(F)ccc3n2)c(Cl)c1,O=C(NCC(=O)N1CCC[C@H]1C(=O)NCc1ccccc1)c1ccc2ccccc2n1,0.4701237,0.4701,0.7832168,0.7832,0.5836347,-8.1600,1.0000000,1.0000,[],75
2.2577,4.2698,80.8253,0.6648056,C[C@@H](NC(=O)[C@@H]1C[C@@H](O)CN1C(=O)CNC(=O)c1ccc2cc(F)ccc2n1)c1ccc(Cl)cc1,1,COc1ccc([C@H](C)NC(=O)[C@@H]2C[C@@H](O)CN2C(=O)CNC(=O)c2ccc3cc(F)ccc3n2)c(Cl)c1,O=C(NCC(=O)N1CCC[C@H]1C(=O)NCc1ccccc1)c1ccc2ccccc2n1,0.4834885,0.4835,0.8014184,0.8014,0.7100135,-9.2500,1.0000000,1.0000,[],75
2.3201,4.3193,79.5056,0.6548825,O=C(NCC(=O)N1C[C@H](O)C[C@H]1C(=O)NCc1ccc(Cl)c(Cl)c1)c1ccc2cc(F)ccc2n1,1,COc1ccc([C@H](C)NC(=O)[C@@H]2C[C@@H](O)CN2C(=O)CNC(=O)c2ccc3cc(F)ccc3n2)c(Cl)c1,O=C(NCC(=O)N1CCC[C@H]1C(=O)NCc1ccccc1)c1ccc2ccccc2n1,0.4640416,0.4640,0.7114094,0.7114,0.7464290,-9.6100,1.0000000,1.0000,[],75
2.2232,3.8934,81.6967,0.6686721,O=C(NCC(=O)N1C[C@H](O)C[C@H]1C(=O)NCc1ccc(Cl)cc1)c1ccc2cc(F)ccc2n1,1,COc1ccc([C@H](C)NC(=O)[C@@H]2C[C@@H](O)CN2C(=O)CNC(=O)c2ccc3cc(F)ccc3n2)c(Cl)c1,O=C(NCC(=O)N1CCC[C@H]1C(=O)NCc1ccccc1)c1ccc2ccccc2n1,0.4955094,0.4955,0.7260274,0.7260,0.7454593,-9.6000,1.0000000,1.0000,[],75
2.3228,3.2004,77.2229,0.6283072,O=C(NCC(=O)N1C[C@H](O)C[C@H]1C(=O)NCc1cccc(Cl)c1)c1ccc2cc(F)ccc2n1,1,COc1ccc([C@H](C)NC(=O)[C@@H]2C[C@@H](O)CN2C(=O)CNC(=O)c2ccc3cc(F)ccc3n2)c(Cl)c1,O=C(NCC(=O)N1CCC[C@H]1C(=O)NCc1ccccc1)c1ccc2ccccc2n1,0.4955094,0.4955,0.7210884,0.7211,0.6604256,-8.8000,1.0000000,1.0000,[],75
2.3879,4.2413,70.9730,0.5876117,O=C(NCC(=O)N1C[C@H](O)C[C@H]1C(=O)N[C@@H](CO)c1cccc(Cl)c1)c1ccc2cc(F)ccc2n1,1,COc1ccc([C@H](C)NC(=O)[C@@H]2C[C@@H](O)CN2C(=O)CNC(=O)c2ccc3cc(F)ccc3n2)c(Cl)c1,O=C(NCC(=O)N1CCC[C@H]1C(=O)NCc1ccccc1)c1ccc2ccccc2n1,0.3782864,0.3783,0.7432432,0.7432,0.6511860,-8.7200,1.0000000,1.0000,[],75
2.3423,4.6734,74.2686,0.6167343,O=C(NCC(=O)N1C[C@H](O)C[C@H]1C(=O)N[C@H](CO)c1cccc(Cl)c1)c1ccc2cc(F)ccc2n1,1,COc1ccc([C@H](C)NC(=O)[C@@H]2C[C@@H](O)CN2C(=O)CNC(=O)c2ccc3cc(F)ccc3n2)c(Cl)c1,O=C(NCC(=O)N1CCC[C@H]1C(=O)NCc1ccccc1)c1ccc2ccccc2n1,0.3782864,0.3783,0.7432432,0.7432,0.7173324,-9.3200,1.0000000,1.0000,[],75
2.3177,8.7137,77.1655,0.6709312,CC(C)C(NC(=O)[C@@H]1C[C@@H](O)CN1C(=O)CNC(=O)c1ccc2cc(F)ccc2n1)c1ccc(Cl)cc1,1,COc1ccc([C@H](C)NC(=O)[C@@H]2C[C@@H](O)CN2C(=O)CNC(=O)c2ccc3cc(F)ccc3n2)c(Cl)c1,O=C(NCC(=O)N1CCC[C@H]1C(=O)NCc1ccccc1)c1ccc2ccccc2n1,0.4374885,0.4375,0.7619048,0.7619,0.7796905,-9.9700,1.0000000,1.0000,[],76
2.2329,4.0491,82.5249,0.6763589,CC(C)C(NC(=O)[C@@H]1C[C@@H](O)CN1C(=O)CNC(=O)c1ccc2cc(F)ccc2n1)c1ccccc1,1,COc1ccc([C@H](C)NC(=O)[C@@H]2C[C@@H](O)CN2C(=O)CNC(=O)c2ccc3cc(F)ccc3n2)c(Cl)c1,O=C(NCC(=O)N1CCC[C@H]1C(=O)NCc1ccccc1)c1ccc2ccccc2n1,0.4695327,0.4695,0.7364865,0.7365,0.7779275,-9.9500,1.0000000,1.0000,[],76
2.2721,4.8186,81.6214,0.6753121,CC(NC(=O)[C@@H]1C[C@@H](O)CN1C(=O)CNC(=O)c1ccc2cc(F)ccc2n1)c1ccc(Cl)cc1,1,COc1ccc([C@H](C)NC(=O)[C@@H]2C[C@@H](O)CN2C(=O)CNC(=O)c2ccc3cc(F)ccc3n2)c(Cl)c1,O=C(NCC(=O)N1CCC[C@H]1C(=O)NCc1ccccc1)c1ccc2ccccc2n1,0.4834885,0.4835,0.8014184,0.8014,0.7326326,-9.4700,1.0000000,1.0000,[],76
2.3714,4.1297,72.0438,0.5951057,COc1ccc(CNC(=O)[C@@H]2C[C@@H](O)CN2C(=O)CNC(=O)c2ccc3cc(F)ccc3n2)cc1,1,COc1ccc([C@H](C)NC(=O)[C@@H]2C[C@@H](O)CN2C(=O)CNC(=O)c2ccc3cc(F)ccc3n2)c(Cl)c1,O=C(NCC(=O)N1CCC[C@H]1C(=O)NCc1ccccc1)c1ccc2ccccc2n1,0.4701237,0.4701,0.7832168,0.7832,0.5836347,-8.1600,1.0000000,1.0000,[],76
2.2662,4.2698,80.8253,0.6648056,C[C@@H](NC(=O)[C@@H]1C[C@@H](O)CN1C(=O)CNC(=O)c1ccc2cc(F)ccc2n1)c1ccc(Cl)cc1,1,COc1ccc([C@H](C)NC(=O)[C@@H]2C[C@@H](O)CN2C(=O)CNC(=O)c2ccc3cc(F)ccc3n2)c(Cl)c1,O=C(NCC(=O)N1CCC[C@H]1C(=O)NCc1ccccc1)c1ccc2ccccc2n1,0.4834885,0.4835,0.8014184,0.8014,0.7100135,-9.2500,1.0000000,1.0000,[],76
2.2367,4.3193,79.5056,0.6548825,O=C(NCC(=O)N1C[C@H](O)C[C@H]1C(=O)NCc1ccc(Cl)c(Cl)c1)c1ccc2cc(F)ccc2n1,1,COc1ccc([C@H](C)NC(=O)[C@@H]2C[C@@H](O)CN2C(=O)CNC(=O)c2ccc3cc(F)ccc3n2)c(Cl)c1,O=C(NCC(=O)N1CCC[C@H]1C(=O)NCc1ccccc1)c1ccc2ccccc2n1,0.4640416,0.4640,0.7114094,0.7114,0.7464290,-9.6100,1.0000000,1.0000,[],76
2.2944,3.8934,81.6967,0.6686721,O=C(NCC(=O)N1C[C@H](O)C[C@H]1C(=O)NCc1ccc(Cl)cc1)c1ccc2cc(F)ccc2n1,1,COc1ccc([C@H](C)NC(=O)[C@@H]2C[C@@H](O)CN2C(=O)CNC(=O)c2ccc3cc(F)ccc3n2)c(Cl)c1,O=C(NCC(=O)N1CCC[C@H]1C(=O)NCc1ccccc1)c1ccc2ccccc2n1,0.4955094,0.4955,0.7260274,0.7260,0.7454593,-9.6000,1.0000000,1.0000,[],76
2.3197,3.2004,77.2229,0.6283072,O=C(NCC(=O)N1C[C@H](O)C[C@H]1C(=O)NCc1cccc(Cl)c1)c1ccc2cc(F)ccc2n1,1,COc1ccc([C@H](C)NC(=O)[C@@H]2C[C@@H](O)CN2C(=O)CNC(=O)c2ccc3cc(F)ccc3n2)c(Cl)c1,O=C(NCC(=O)N1CCC[C@H]1C(=O)NCc1ccccc1)c1ccc2ccccc2n1,0.4955094,0.4955,0.7210884,0.7211,0.6604256,-8.8000,1.0000000,1.0000,[],76
2.3885,4.2413,70.9730,0.5876117,O=C(NCC(=O)N1C[C@H](O)C[C@H]1C(=O)N[C@@H](CO)c1cccc(Cl)c1)c1ccc2cc(F)ccc2n1,1,COc1ccc([C@H](C)NC(=O)[C@@H]2C[C@@H](O)CN2C(=O)CNC(=O)c2ccc3cc(F)ccc3n2)c(Cl)c1,O=C(NCC(=O)N1CCC[C@H]1C(=O)NCc1ccccc1)c1ccc2ccccc2n1,0.3782864,0.3783,0.7432432,0.7432,0.6511860,-8.7200,1.0000000,1.0000,[],76
2.3484,4.6734,74.2686,0.6167343,O=C(NCC(=O)N1C[C@H](O)C[C@H]1C(=O)N[C@H](CO)c1cccc(Cl)c1)c1ccc2cc(F)ccc2n1,1,COc1ccc([C@H](C)NC(=O)[C@@H]2C[C@@H](O)CN2C(=O)CNC(=O)c2ccc3cc(F)ccc3n2)c(Cl)c1,O=C(NCC(=O)N1CCC[C@H]1C(=O)NCc1ccccc1)c1ccc2ccccc2n1,0.3782864,0.3783,0.7432432,0.7432,0.7173324,-9.3200,1.0000000,1.0000,[],76
2.3174,8.7137,77.1655,0.6709312,CC(C)C(NC(=O)[C@@H]1C[C@@H](O)CN1C(=O)CNC(=O)c1ccc2cc(F)ccc2n1)c1ccc(Cl)cc1,1,COc1ccc([C@H](C)NC(=O)[C@@H]2C[C@@H](O)CN2C(=O)CNC(=O)c2ccc3cc(F)ccc3n2)c(Cl)c1,O=C(NCC(=O)N1CCC[C@H]1C(=O)NCc1ccccc1)c1ccc2ccccc2n1,0.4374885,0.4375,0.7619048,0.7619,0.7796905,-9.9700,1.0000000,1.0000,[],77
2.2457,4.0491,82.5249,0.6763589,CC(C)C(NC(=O)[C@@H]1C[C@@H](O)CN1C(=O)CNC(=O)c1ccc2cc(F)ccc2n1)c1ccccc1,1,COc1ccc([C@H](C)NC(=O)[C@@H]2C[C@@H](O)CN2C(=O)CNC(=O)c2ccc3cc(F)ccc3n2)c(Cl)c1,O=C(NCC(=O)N1CCC[C@H]1C(=O)NCc1ccccc1)c1ccc2ccccc2n1,0.4695327,0.4695,0.7364865,0.7365,0.7779275,-9.9500,1.0000000,1.0000,[],77
2.2562,4.8186,81.6214,0.6753121,CC(NC(=O)[C@@H]1C[C@@H](O)CN1C(=O)CNC(=O)c1ccc2cc(F)ccc2n1)c1ccc(Cl)cc1,1,COc1ccc([C@H](C)NC(=O)[C@@H]2C[C@@H](O)CN2C(=O)CNC(=O)c2ccc3cc(F)ccc3n2)c(Cl)c1,O=C(NCC(=O)N1CCC[C@H]1C(=O)NCc1ccccc1)c1ccc2ccccc2n1,0.4834885,0.4835,0.8014184,0.8014,0.7326326,-9.4700,1.0000000,1.0000,[],77
2.3646,4.1297,72.0438,0.5951057,COc1ccc(CNC(=O)[C@@H]2C[C@@H](O)CN2C(=O)CNC(=O)c2ccc3cc(F)ccc3n2)cc1,1,COc1ccc([C@H](C)NC(=O)[C@@H]2C[C@@H](O)CN2C(=O)CNC(=O)c2ccc3cc(F)ccc3n2)c(Cl)c1,O=C(NCC(=O)N1CCC[C@H]1C(=O)NCc1ccccc1)c1ccc2ccccc2n1,0.4701237,0.4701,0.7832168,0.7832,0.5836347,-8.1600,1.0000000,1.0000,[],77
2.2719,4.2698,80.8253,0.6648056,C[C@@H](NC(=O)[C@@H]1C[C@@H](O)CN1C(=O)CNC(=O)c1ccc2cc(F)ccc2n1)c1ccc(Cl)cc1,1,COc1ccc([C@H](C)NC(=O)[C@@H]2C[C@@H](O)CN2C(=O)CNC(=O)c2ccc3cc(F)ccc3n2)c(Cl)c1,O=C(NCC(=O)N1CCC[C@H]1C(=O)NCc1ccccc1)c1ccc2ccccc2n1,0.4834885,0.4835,0.8014184,0.8014,0.7100135,-9.2500,1.0000000,1.0000,[],77
2.3257,4.3193,79.5056,0.6548825,O=C(NCC(=O)N1C[C@H](O)C[C@H]1C(=O)NCc1ccc(Cl)c(Cl)c1)c1ccc2cc(F)ccc2n1,1,COc1ccc([C@H](C)NC(=O)[C@@H]2C[C@@H](O)CN2C(=O)CNC(=O)c2ccc3cc(F)ccc3n2)c(Cl)c1,O=C(NCC(=O)N1CCC[C@H]1C(=O)NCc1ccccc1)c1ccc2ccccc2n1,0.4640416,0.4640,0.7114094,0.7114,0.7464290,-9.6100,1.0000000,1.0000,[],77
2.2021,3.8934,81.6967,0.6686721,O=C(NCC(=O)N1C[C@H](O)C[C@H]1C(=O)NCc1ccc(Cl)cc1)c1ccc2cc(F)ccc2n1,1,COc1ccc([C@H](C)NC(=O)[C@@H]2C[C@@H](O)CN2C(=O)CNC(=O)c2ccc3cc(F)ccc3n2)c(Cl)c1,O=C(NCC(=O)N1CCC[C@H]1C(=O)NCc1ccccc1)c1ccc2ccccc2n1,0.4955094,0.4955,0.7260274,0.7260,0.7454593,-9.6000,1.0000000,1.0000,[],77
2.3166,3.2004,77.2229,0.6283072,O=C(NCC(=O)N1C[C@H](O)C[C@H]1C(=O)NCc1cccc(Cl)c1)c1ccc2cc(F)ccc2n1,1,COc1ccc([C@H](C)NC(=O)[C@@H]2C[C@@H](O)CN2C(=O)CNC(=O)c2ccc3cc(F)ccc3n2)c(Cl)c1,O=C(NCC(=O)N1CCC[C@H]1C(=O)NCc1ccccc1)c1ccc2ccccc2n1,0.4955094,0.4955,0.7210884,0.7211,0.6604256,-8.8000,1.0000000,1.0000,[],77
2.3929,4.2413,70.9730,0.5876117,O=C(NCC(=O)N1C[C@H](O)C[C@H]1C(=O)N[C@@H](CO)c1cccc(Cl)c1)c1ccc2cc(F)ccc2n1,1,COc1ccc([C@H](C)NC(=O)[C@@H]2C[C@@H](O)CN2C(=O)CNC(=O)c2ccc3cc(F)ccc3n2)c(Cl)c1,O=C(NCC(=O)N1CCC[C@H]1C(=O)NCc1ccccc1)c1ccc2ccccc2n1,0.3782864,0.3783,0.7432432,0.7432,0.6511860,-8.7200,1.0000000,1.0000,[],77
2.3578,4.6734,74.2686,0.6167343,O=C(NCC(=O)N1C[C@H](O)C[C@H]1C(=O)N[C@H](CO)c1cccc(Cl)c1)c1ccc2cc(F)ccc2n1,1,COc1ccc([C@H](C)NC(=O)[C@@H]2C[C@@H](O)CN2C(=O)CNC(=O)c2ccc3cc(F)ccc3n2)c(Cl)c1,O=C(NCC(=O)N1CCC[C@H]1C(=O)NCc1ccccc1)c1ccc2ccccc2n1,0.3782864,0.3783,0.7432432,0.7432,0.7173324,-9.3200,1.0000000,1.0000,[],77
2.3076,8.7137,77.1655,0.6709312,CC(C)C(NC(=O)[C@@H]1C[C@@H](O)CN1C(=O)CNC(=O)c1ccc2cc(F)ccc2n1)c1ccc(Cl)cc1,1,COc1ccc([C@H](C)NC(=O)[C@@H]2C[C@@H](O)CN2C(=O)CNC(=O)c2ccc3cc(F)ccc3n2)c(Cl)c1,O=C(NCC(=O)N1CCC[C@H]1C(=O)NCc1ccccc1)c1ccc2ccccc2n1,0.4374885,0.4375,0.7619048,0.7619,0.7796905,-9.9700,1.0000000,1.0000,[],78
2.2587,4.0491,82.5249,0.6763589,CC(C)C(NC(=O)[C@@H]1C[C@@H](O)CN1C(=O)CNC(=O)c1ccc2cc(F)ccc2n1)c1ccccc1,1,COc1ccc([C@H](C)NC(=O)[C@@H]2C[C@@H](O)CN2C(=O)CNC(=O)c2ccc3cc(F)ccc3n2)c(Cl)c1,O=C(NCC(=O)N1CCC[C@H]1C(=O)NCc1ccccc1)c1ccc2ccccc2n1,0.4695327,0.4695,0.7364865,0.7365,0.7779275,-9.9500,1.0000000,1.0000,[],78
2.2505,4.8186,81.6214,0.6753121,CC(NC(=O)[C@@H]1C[C@@H](O)CN1C(=O)CNC(=O)c1ccc2cc(F)ccc2n1)c1ccc(Cl)cc1,1,COc1ccc([C@H](C)NC(=O)[C@@H]2C[C@@H](O)CN2C(=O)CNC(=O)c2ccc3cc(F)ccc3n2)c(Cl)c1,O=C(NCC(=O)N1CCC[C@H]1C(=O)NCc1ccccc1)c1ccc2ccccc2n1,0.4834885,0.4835,0.8014184,0.8014,0.7326326,-9.4700,1.0000000,1.0000,[],78
2.3645,4.1297,72.0438,0.5951057,COc1ccc(CNC(=O)[C@@H]2C[C@@H](O)CN2C(=O)CNC(=O)c2ccc3cc(F)ccc3n2)cc1,1,COc1ccc([C@H](C)NC(=O)[C@@H]2C[C@@H](O)CN2C(=O)CNC(=O)c2ccc3cc(F)ccc3n2)c(Cl)c1,O=C(NCC(=O)N1CCC[C@H]1C(=O)NCc1ccccc1)c1ccc2ccccc2n1,0.4701237,0.4701,0.7832168,0.7832,0.5836347,-8.1600,1.0000000,1.0000,[],78
2.2776,4.2698,80.8253,0.6648056,C[C@@H](NC(=O)[C@@H]1C[C@@H](O)CN1C(=O)CNC(=O)c1ccc2cc(F)ccc2n1)c1ccc(Cl)cc1,1,COc1ccc([C@H](C)NC(=O)[C@@H]2C[C@@H](O)CN2C(=O)CNC(=O)c2ccc3cc(F)ccc3n2)c(Cl)c1,O=C(NCC(=O)N1CCC[C@H]1C(=O)NCc1ccccc1)c1ccc2ccccc2n1,0.4834885,0.4835,0.8014184,0.8014,0.7100135,-9.2500,1.0000000,1.0000,[],78
2.2128,4.3193,79.5056,0.6548825,O=C(NCC(=O)N1C[C@H](O)C[C@H]1C(=O)NCc1ccc(Cl)c(Cl)c1)c1ccc2cc(F)ccc2n1,1,COc1ccc([C@H](C)NC(=O)[C@@H]2C[C@@H](O)CN2C(=O)CNC(=O)c2ccc3cc(F)ccc3n2)c(Cl)c1,O=C(NCC(=O)N1CCC[C@H]1C(=O)NCc1ccccc1)c1ccc2ccccc2n1,0.4640416,0.4640,0.7114094,0.7114,0.7464290,-9.6100,1.0000000,1.0000,[],78
2.3227,3.8934,81.6967,0.6686721,O=C(NCC(=O)N1C[C@H](O)C[C@H]1C(=O)NCc1ccc(Cl)cc1)c1ccc2cc(F)ccc2n1,1,COc1ccc([C@H](C)NC(=O)[C@@H]2C[C@@H](O)CN2C(=O)CNC(=O)c2ccc3cc(F)ccc3n2)c(Cl)c1,O=C(NCC(=O)N1CCC[C@H]1C(=O)NCc1ccccc1)c1ccc2ccccc2n1,0.4955094,0.4955,0.7260274,0.7260,0.7454593,-9.6000,1.0000000,1.0000,[],78
2.3102,3.2004,77.2229,0.6283072,O=C(NCC(=O)N1C[C@H](O)C[C@H]1C(=O)NCc1cccc(Cl)c1)c1ccc2cc(F)ccc2n1,1,COc1ccc([C@H](C)NC(=O)[C@@H]2C[C@@H](O)CN2C(=O)CNC(=O)c2ccc3cc(F)ccc3n2)c(Cl)c1,O=C(NCC(=O)N1CCC[C@H]1C(=O)NCc1ccccc1)c1ccc2ccccc2n1,0.4955094,0.4955,0.7210884,0.7211,0.6604256,-8.8000,1.0000000,1.0000,[],78
2.3894,4.2413,70.9730,0.5876117,O=C(NCC(=O)N1C[C@H](O)C[C@H]1C(=O)N[C@@H](CO)c1cccc(Cl)c1)c1ccc2cc(F)ccc2n1,1,COc1ccc([C@H](C)NC(=O)[C@@H]2C[C@@H](O)CN2C(=O)CNC(=O)c2ccc3cc(F)ccc3n2)c(Cl)c1,O=C(NCC(=O)N1CCC[C@H]1C(=O)NCc1ccccc1)c1ccc2ccccc2n1,0.3782864,0.3783,0.7432432,0.7432,0.6511860,-8.7200,1.0000000,1.0000,[],78
2.3544,4.6734,74.2686,0.6167343,O=C(NCC(=O)N1C[C@H](O)C[C@H]1C(=O)N[C@H](CO)c1cccc(Cl)c1)c1ccc2cc(F)ccc2n1,1,COc1ccc([C@H](C)NC(=O)[C@@H]2C[C@@H](O)CN2C(=O)CNC(=O)c2ccc3cc(F)ccc3n2)c(Cl)c1,O=C(NCC(=O)N1CCC[C@H]1C(=O)NCc1ccccc1)c1ccc2ccccc2n1,0.3782864,0.3783,0.7432432,0.7432,0.7173324,-9.3200,1.0000000,1.0000,[],78
2.3007,8.7137,77.1655,0.6709312,CC(C)C(NC(=O)[C@@H]1C[C@@H](O)CN1C(=O)CNC(=O)c1ccc2cc(F)ccc2n1)c1ccc(Cl)cc1,1,COc1ccc([C@H](C)NC(=O)[C@@H]2C[C@@H](O)CN2C(=O)CNC(=O)c2ccc3cc(F)ccc3n2)c(Cl)c1,O=C(NCC(=O)N1CCC[C@H]1C(=O)NCc1ccccc1)c1ccc2ccccc2n1,0.4374885,0.4375,0.7619048,0.7619,0.7796905,-9.9700,1.0000000,1.0000,[],79
2.2505,4.0491,82.5249,0.6763589,CC(C)C(NC(=O)[C@@H]1C[C@@H](O)CN1C(=O)CNC(=O)c1ccc2cc(F)ccc2n1)c1ccccc1,1,COc1ccc([C@H](C)NC(=O)[C@@H]2C[C@@H](O)CN2C(=O)CNC(=O)c2ccc3cc(F)ccc3n2)c(Cl)c1,O=C(NCC(=O)N1CCC[C@H]1C(=O)NCc1ccccc1)c1ccc2ccccc2n1,0.4695327,0.4695,0.7364865,0.7365,0.7779275,-9.9500,1.0000000,1.0000,[],79
2.2628,4.8186,81.6214,0.6753121,CC(NC(=O)[C@@H]1C[C@@H](O)CN1C(=O)CNC(=O)c1ccc2cc(F)ccc2n1)c1ccc(Cl)cc1,1,COc1ccc([C@H](C)NC(=O)[C@@H]2C[C@@H](O)CN2C(=O)CNC(=O)c2ccc3cc(F)ccc3n2)c(Cl)c1,O=C(NCC(=O)N1CCC[C@H]1C(=O)NCc1ccccc1)c1ccc2ccccc2n1,0.4834885,0.4835,0.8014184,0.8014,0.7326326,-9.4700,1.0000000,1.0000,[],79
2.3650,4.1297,72.0438,0.5951057,COc1ccc(CNC(=O)[C@@H]2C[C@@H](O)CN2C(=O)CNC(=O)c2ccc3cc(F)ccc3n2)cc1,1,COc1ccc([C@H](C)NC(=O)[C@@H]2C[C@@H](O)CN2C(=O)CNC(=O)c2ccc3cc(F)ccc3n2)c(Cl)c1,O=C(NCC(=O)N1CCC[C@H]1C(=O)NCc1ccccc1)c1ccc2ccccc2n1,0.4701237,0.4701,0.7832168,0.7832,0.5836347,-8.1600,1.0000000,1.0000,[],79
2.2784,4.2698,80.8253,0.6648056,C[C@@H](NC(=O)[C@@H]1C[C@@H](O)CN1C(=O)CNC(=O)c1ccc2cc(F)ccc2n1)c1ccc(Cl)cc1,1,COc1ccc([C@H](C)NC(=O)[C@@H]2C[C@@H](O)CN2C(=O)CNC(=O)c2ccc3cc(F)ccc3n2)c(Cl)c1,O=C(NCC(=O)N1CCC[C@H]1C(=O)NCc1ccccc1)c1ccc2ccccc2n1,0.4834885,0.4835,0.8014184,0.8014,0.7100135,-9.2500,1.0000000,1.0000,[],79
2.3772,4.3193,79.5056,0.6548825,O=C(NCC(=O)N1C[C@H](O)C[C@H]1C(=O)NCc1ccc(Cl)c(Cl)c1)c1ccc2cc(F)ccc2n1,1,COc1ccc([C@H](C)NC(=O)[C@@H]2C[C@@H](O)CN2C(=O)CNC(=O)c2ccc3cc(F)ccc3n2)c(Cl)c1,O=C(NCC(=O)N1CCC[C@H]1C(=O)NCc1ccccc1)c1ccc2ccccc2n1,0.4640416,0.4640,0.7114094,0.7114,0.7464290,-9.6100,1.0000000,1.0000,[],79
2.1756,3.8934,81.6967,0.6686721,O=C(NCC(=O)N1C[C@H](O)C[C@H]1C(=O)NCc1ccc(Cl)cc1)c1ccc2cc(F)ccc2n1,1,COc1ccc([C@H](C)NC(=O)[C@@H]2C[C@@H](O)CN2C(=O)CNC(=O)c2ccc3cc(F)ccc3n2)c(Cl)c1,O=C(NCC(=O)N1CCC[C@H]1C(=O)NCc1ccccc1)c1ccc2ccccc2n1,0.4955094,0.4955,0.7260274,0.7260,0.7454593,-9.6000,1.0000000,1.0000,[],79
2.3086,3.2004,77.2229,0.6283072,O=C(NCC(=O)N1C[C@H](O)C[C@H]1C(=O)NCc1cccc(Cl)c1)c1ccc2cc(F)ccc2n1,1,COc1ccc([C@H](C)NC(=O)[C@@H]2C[C@@H](O)CN2C(=O)CNC(=O)c2ccc3cc(F)ccc3n2)c(Cl)c1,O=C(NCC(=O)N1CCC[C@H]1C(=O)NCc1ccccc1)c1ccc2ccccc2n1,0.4955094,0.4955,0.7210884,0.7211,0.6604256,-8.8000,1.0000000,1.0000,[],79
2.3863,4.2413,70.9730,0.5876117,O=C(NCC(=O)N1C[C@H](O)C[C@H]1C(=O)N[C@@H](CO)c1cccc(Cl)c1)c1ccc2cc(F)ccc2n1,1,COc1ccc([C@H](C)NC(=O)[C@@H]2C[C@@H](O)CN2C(=O)CNC(=O)c2ccc3cc(F)ccc3n2)c(Cl)c1,O=C(NCC(=O)N1CCC[C@H]1C(=O)NCc1ccccc1)c1ccc2ccccc2n1,0.3782864,0.3783,0.7432432,0.7432,0.6511860,-8.7200,1.0000000,1.0000,[],79
2.3493,4.6734,74.2686,0.6167343,O=C(NCC(=O)N1C[C@H](O)C[C@H]1C(=O)N[C@H](CO)c1cccc(Cl)c1)c1ccc2cc(F)ccc2n1,1,COc1ccc([C@H](C)NC(=O)[C@@H]2C[C@@H](O)CN2C(=O)CNC(=O)c2ccc3cc(F)ccc3n2)c(Cl)c1,O=C(NCC(=O)N1CCC[C@H]1C(=O)NCc1ccccc1)c1ccc2ccccc2n1,0.3782864,0.3783,0.7432432,0.7432,0.7173324,-9.3200,1.0000000,1.0000,[],79
2.2978,8.7137,77.1655,0.6709312,CC(C)C(NC(=O)[C@@H]1C[C@@H](O)CN1C(=O)CNC(=O)c1ccc2cc(F)ccc2n1)c1ccc(Cl)cc1,1,COc1ccc([C@H](C)NC(=O)[C@@H]2C[C@@H](O)CN2C(=O)CNC(=O)c2ccc3cc(F)ccc3n2)c(Cl)c1,O=C(NCC(=O)N1CCC[C@H]1C(=O)NCc1ccccc1)c1ccc2ccccc2n1,0.4374885,0.4375,0.7619048,0.7619,0.7796905,-9.9700,1.0000000,1.0000,[],80
2.2533,4.0491,82.5249,0.6763589,CC(C)C(NC(=O)[C@@H]1C[C@@H](O)CN1C(=O)CNC(=O)c1ccc2cc(F)ccc2n1)c1ccccc1,1,COc1ccc([C@H](C)NC(=O)[C@@H]2C[C@@H](O)CN2C(=O)CNC(=O)c2ccc3cc(F)ccc3n2)c(Cl)c1,O=C(NCC(=O)N1CCC[C@H]1C(=O)NCc1ccccc1)c1ccc2ccccc2n1,0.4695327,0.4695,0.7364865,0.7365,0.7779275,-9.9500,1.0000000,1.0000,[],80
2.2640,4.8186,81.6214,0.6753121,CC(NC(=O)[C@@H]1C[C@@H](O)CN1C(=O)CNC(=O)c1ccc2cc(F)ccc2n1)c1ccc(Cl)cc1,1,COc1ccc([C@H](C)NC(=O)[C@@H]2C[C@@H](O)CN2C(=O)CNC(=O)c2ccc3cc(F)ccc3n2)c(Cl)c1,O=C(NCC(=O)N1CCC[C@H]1C(=O)NCc1ccccc1)c1ccc2ccccc2n1,0.4834885,0.4835,0.8014184,0.8014,0.7326326,-9.4700,1.0000000,1.0000,[],80
2.3713,4.1297,72.0438,0.5951057,COc1ccc(CNC(=O)[C@@H]2C[C@@H](O)CN2C(=O)CNC(=O)c2ccc3cc(F)ccc3n2)cc1,1,COc1ccc([C@H](C)NC(=O)[C@@H]2C[C@@H](O)CN2C(=O)CNC(=O)c2ccc3cc(F)ccc3n2)c(Cl)c1,O=C(NCC(=O)N1CCC[C@H]1C(=O)NCc1ccccc1)c1ccc2ccccc2n1,0.4701237,0.4701,0.7832168,0.7832,0.5836347,-8.1600,1.0000000,1.0000,[],80
2.2765,4.2698,80.8253,0.6648056,C[C@@H](NC(=O)[C@@H]1C[C@@H](O)CN1C(=O)CNC(=O)c1ccc2cc(F)ccc2n1)c1ccc(Cl)cc1,1,COc1ccc([C@H](C)NC(=O)[C@@H]2C[C@@H](O)CN2C(=O)CNC(=O)c2ccc3cc(F)ccc3n2)c(Cl)c1,O=C(NCC(=O)N1CCC[C@H]1C(=O)NCc1ccccc1)c1ccc2ccccc2n1,0.4834885,0.4835,0.8014184,0.8014,0.7100135,-9.2500,1.0000000,1.0000,[],80
2.1976,4.3193,79.5056,0.6548825,O=C(NCC(=O)N1C[C@H](O)C[C@H]1C(=O)NCc1ccc(Cl)c(Cl)c1)c1ccc2cc(F)ccc2n1,1,COc1ccc([C@H](C)NC(=O)[C@@H]2C[C@@H](O)CN2C(=O)CNC(=O)c2ccc3cc(F)ccc3n2)c(Cl)c1,O=C(NCC(=O)N1CCC[C@H]1C(=O)NCc1ccccc1)c1ccc2ccccc2n1,0.4640416,0.4640,0.7114094,0.7114,0.7464290,-9.6100,1.0000000,1.0000,[],80
2.3620,3.8934,81.6967,0.6686721,O=C(NCC(=O)N1C[C@H](O)C[C@H]1C(=O)NCc1ccc(Cl)cc1)c1ccc2cc(F)ccc2n1,1,COc1ccc([C@H](C)NC(=O)[C@@H]2C[C@@H](O)CN2C(=O)CNC(=O)c2ccc3cc(F)ccc3n2)c(Cl)c1,O=C(NCC(=O)N1CCC[C@H]1C(=O)NCc1ccccc1)c1ccc2ccccc2n1,0.4955094,0.4955,0.7260274,0.7260,0.7454593,-9.6000,1.0000000,1.0000,[],80
2.3024,3.2004,77.2229,0.6283072,O=C(NCC(=O)N1C[C@H](O)C[C@H]1C(=O)NCc1cccc(Cl)c1)c1ccc2cc(F)ccc2n1,1,COc1ccc([C@H](C)NC(=O)[C@@H]2C[C@@H](O)CN2C(=O)CNC(=O)c2ccc3cc(F)ccc3n2)c(Cl)c1,O=C(NCC(=O)N1CCC[C@H]1C(=O)NCc1ccccc1)c1ccc2ccccc2n1,0.4955094,0.4955,0.7210884,0.7211,0.6604256,-8.8000,1.0000000,1.0000,[],80
2.3838,4.2413,70.9730,0.5876117,O=C(NCC(=O)N1C[C@H](O)C[C@H]1C(=O)N[C@@H](CO)c1cccc(Cl)c1)c1ccc2cc(F)ccc2n1,1,COc1ccc([C@H](C)NC(=O)[C@@H]2C[C@@H](O)CN2C(=O)CNC(=O)c2ccc3cc(F)ccc3n2)c(Cl)c1,O=C(NCC(=O)N1CCC[C@H]1C(=O)NCc1ccccc1)c1ccc2ccccc2n1,0.3782864,0.3783,0.7432432,0.7432,0.6511860,-8.7200,1.0000000,1.0000,[],80
2.3414,4.6734,74.2686,0.6167343,O=C(NCC(=O)N1C[C@H](O)C[C@H]1C(=O)N[C@H](CO)c1cccc(Cl)c1)c1ccc2cc(F)ccc2n1,1,COc1ccc([C@H](C)NC(=O)[C@@H]2C[C@@H](O)CN2C(=O)CNC(=O)c2ccc3cc(F)ccc3n2)c(Cl)c1,O=C(NCC(=O)N1CCC[C@H]1C(=O)NCc1ccccc1)c1ccc2ccccc2n1,0.3782864,0.3783,0.7432432,0.7432,0.7173324,-9.3200,1.0000000,1.0000,[],80
2.3184,8.7137,77.1655,0.6709312,CC(C)C(NC(=O)[C@@H]1C[C@@H](O)CN1C(=O)CNC(=O)c1ccc2cc(F)ccc2n1)c1ccc(Cl)cc1,1,COc1ccc([C@H](C)NC(=O)[C@@H]2C[C@@H](O)CN2C(=O)CNC(=O)c2ccc3cc(F)ccc3n2)c(Cl)c1,O=C(NCC(=O)N1CCC[C@H]1C(=O)NCc1ccccc1)c1ccc2ccccc2n1,0.4374885,0.4375,0.7619048,0.7619,0.7796905,-9.9700,1.0000000,1.0000,[],81
2.2529,4.0491,82.5249,0.6763589,CC(C)C(NC(=O)[C@@H]1C[C@@H](O)CN1C(=O)CNC(=O)c1ccc2cc(F)ccc2n1)c1ccccc1,1,COc1ccc([C@H](C)NC(=O)[C@@H]2C[C@@H](O)CN2C(=O)CNC(=O)c2ccc3cc(F)ccc3n2)c(Cl)c1,O=C(NCC(=O)N1CCC[C@H]1C(=O)NCc1ccccc1)c1ccc2ccccc2n1,0.4695327,0.4695,0.7364865,0.7365,0.7779275,-9.9500,1.0000000,1.0000,[],81
2.2423,4.8186,81.6214,0.6753121,CC(NC(=O)[C@@H]1C[C@@H](O)CN1C(=O)CNC(=O)c1ccc2cc(F)ccc2n1)c1ccc(Cl)cc1,1,COc1ccc([C@H](C)NC(=O)[C@@H]2C[C@@H](O)CN2C(=O)CNC(=O)c2ccc3cc(F)ccc3n2)c(Cl)c1,O=C(NCC(=O)N1CCC[C@H]1C(=O)NCc1ccccc1)c1ccc2ccccc2n1,0.4834885,0.4835,0.8014184,0.8014,0.7326326,-9.4700,1.0000000,1.0000,[],81
2.3722,4.1297,72.0438,0.5951057,COc1ccc(CNC(=O)[C@@H]2C[C@@H](O)CN2C(=O)CNC(=O)c2ccc3cc(F)ccc3n2)cc1,1,COc1ccc([C@H](C)NC(=O)[C@@H]2C[C@@H](O)CN2C(=O)CNC(=O)c2ccc3cc(F)ccc3n2)c(Cl)c1,O=C(NCC(=O)N1CCC[C@H]1C(=O)NCc1ccccc1)c1ccc2ccccc2n1,0.4701237,0.4701,0.7832168,0.7832,0.5836347,-8.1600,1.0000000,1.0000,[],81
2.2674,4.2698,80.8253,0.6648056,C[C@@H](NC(=O)[C@@H]1C[C@@H](O)CN1C(=O)CNC(=O)c1ccc2cc(F)ccc2n1)c1ccc(Cl)cc1,1,COc1ccc([C@H](C)NC(=O)[C@@H]2C[C@@H](O)CN2C(=O)CNC(=O)c2ccc3cc(F)ccc3n2)c(Cl)c1,O=C(NCC(=O)N1CCC[C@H]1C(=O)NCc1ccccc1)c1ccc2ccccc2n1,0.4834885,0.4835,0.8014184,0.8014,0.7100135,-9.2500,1.0000000,1.0000,[],81
2.3887,4.3193,79.5056,0.6548825,O=C(NCC(=O)N1C[C@H](O)C[C@H]1C(=O)NCc1ccc(Cl)c(Cl)c1)c1ccc2cc(F)ccc2n1,1,COc1ccc([C@H](C)NC(=O)[C@@H]2C[C@@H](O)CN2C(=O)CNC(=O)c2ccc3cc(F)ccc3n2)c(Cl)c1,O=C(NCC(=O)N1CCC[C@H]1C(=O)NCc1ccccc1)c1ccc2ccccc2n1,0.4640416,0.4640,0.7114094,0.7114,0.7464290,-9.6100,1.0000000,1.0000,[],81
2.1714,3.8934,81.6967,0.6686721,O=C(NCC(=O)N1C[C@H](O)C[C@H]1C(=O)NCc1ccc(Cl)cc1)c1ccc2cc(F)ccc2n1,1,COc1ccc([C@H](C)NC(=O)[C@@H]2C[C@@H](O)CN2C(=O)CNC(=O)c2ccc3cc(F)ccc3n2)c(Cl)c1,O=C(NCC(=O)N1CCC[C@H]1C(=O)NCc1ccccc1)c1ccc2ccccc2n1,0.4955094,0.4955,0.7260274,0.7260,0.7454593,-9.6000,1.0000000,1.0000,[],81
2.3040,3.2004,77.2229,0.6283072,O=C(NCC(=O)N1C[C@H](O)C[C@H]1C(=O)NCc1cccc(Cl)c1)c1ccc2cc(F)ccc2n1,1,COc1ccc([C@H](C)NC(=O)[C@@H]2C[C@@H](O)CN2C(=O)CNC(=O)c2ccc3cc(F)ccc3n2)c(Cl)c1,O=C(NCC(=O)N1CCC[C@H]1C(=O)NCc1ccccc1)c1ccc2ccccc2n1,0.4955094,0.4955,0.7210884,0.7211,0.6604256,-8.8000,1.0000000,1.0000,[],81
2.3928,4.2413,70.9730,0.5876117,O=C(NCC(=O)N1C[C@H](O)C[C@H]1C(=O)N[C@@H](CO)c1cccc(Cl)c1)c1ccc2cc(F)ccc2n1,1,COc1ccc([C@H](C)NC(=O)[C@@H]2C[C@@H](O)CN2C(=O)CNC(=O)c2ccc3cc(F)ccc3n2)c(Cl)c1,O=C(NCC(=O)N1CCC[C@H]1C(=O)NCc1ccccc1)c1ccc2ccccc2n1,0.3782864,0.3783,0.7432432,0.7432,0.6511860,-8.7200,1.0000000,1.0000,[],81
2.3477,4.6734,74.2686,0.6167343,O=C(NCC(=O)N1C[C@H](O)C[C@H]1C(=O)N[C@H](CO)c1cccc(Cl)c1)c1ccc2cc(F)ccc2n1,1,COc1ccc([C@H](C)NC(=O)[C@@H]2C[C@@H](O)CN2C(=O)CNC(=O)c2ccc3cc(F)ccc3n2)c(Cl)c1,O=C(NCC(=O)N1CCC[C@H]1C(=O)NCc1ccccc1)c1ccc2ccccc2n1,0.3782864,0.3783,0.7432432,0.7432,0.7173324,-9.3200,1.0000000,1.0000,[],81
2.3099,8.7137,77.1655,0.6709312,CC(C)C(NC(=O)[C@@H]1C[C@@H](O)CN1C(=O)CNC(=O)c1ccc2cc(F)ccc2n1)c1ccc(Cl)cc1,1,COc1ccc([C@H](C)NC(=O)[C@@H]2C[C@@H](O)CN2C(=O)CNC(=O)c2ccc3cc(F)ccc3n2)c(Cl)c1,O=C(NCC(=O)N1CCC[C@H]1C(=O)NCc1ccccc1)c1ccc2ccccc2n1,0.4374885,0.4375,0.7619048,0.7619,0.7796905,-9.9700,1.0000000,1.0000,[],82
2.2409,4.0491,82.5249,0.6763589,CC(C)C(NC(=O)[C@@H]1C[C@@H](O)CN1C(=O)CNC(=O)c1ccc2cc(F)ccc2n1)c1ccccc1,1,COc1ccc([C@H](C)NC(=O)[C@@H]2C[C@@H](O)CN2C(=O)CNC(=O)c2ccc3cc(F)ccc3n2)c(Cl)c1,O=C(NCC(=O)N1CCC[C@H]1C(=O)NCc1ccccc1)c1ccc2ccccc2n1,0.4695327,0.4695,0.7364865,0.7365,0.7779275,-9.9500,1.0000000,1.0000,[],82
2.2699,4.8186,81.6214,0.6753121,CC(NC(=O)[C@@H]1C[C@@H](O)CN1C(=O)CNC(=O)c1ccc2cc(F)ccc2n1)c1ccc(Cl)cc1,1,COc1ccc([C@H](C)NC(=O)[C@@H]2C[C@@H](O)CN2C(=O)CNC(=O)c2ccc3cc(F)ccc3n2)c(Cl)c1,O=C(NCC(=O)N1CCC[C@H]1C(=O)NCc1ccccc1)c1ccc2ccccc2n1,0.4834885,0.4835,0.8014184,0.8014,0.7326326,-9.4700,1.0000000,1.0000,[],82
2.3821,4.1297,72.0438,0.5951057,COc1ccc(CNC(=O)[C@@H]2C[C@@H](O)CN2C(=O)CNC(=O)c2ccc3cc(F)ccc3n2)cc1,1,COc1ccc([C@H](C)NC(=O)[C@@H]2C[C@@H](O)CN2C(=O)CNC(=O)c2ccc3cc(F)ccc3n2)c(Cl)c1,O=C(NCC(=O)N1CCC[C@H]1C(=O)NCc1ccccc1)c1ccc2ccccc2n1,0.4701237,0.4701,0.7832168,0.7832,0.5836347,-8.1600,1.0000000,1.0000,[],82
2.2655,4.2698,80.8253,0.6648056,C[C@@H](NC(=O)[C@@H]1C[C@@H](O)CN1C(=O)CNC(=O)c1ccc2cc(F)ccc2n1)c1ccc(Cl)cc1,1,COc1ccc([C@H](C)NC(=O)[C@@H]2C[C@@H](O)CN2C(=O)CNC(=O)c2ccc3cc(F)ccc3n2)c(Cl)c1,O=C(NCC(=O)N1CCC[C@H]1C(=O)NCc1ccccc1)c1ccc2ccccc2n1,0.4834885,0.4835,0.8014184,0.8014,0.7100135,-9.2500,1.0000000,1.0000,[],82
2.2053,4.3193,79.5056,0.6548825,O=C(NCC(=O)N1C[C@H](O)C[C@H]1C(=O)NCc1ccc(Cl)c(Cl)c1)c1ccc2cc(F)ccc2n1,1,COc1ccc([C@H](C)NC(=O)[C@@H]2C[C@@H](O)CN2C(=O)CNC(=O)c2ccc3cc(F)ccc3n2)c(Cl)c1,O=C(NCC(=O)N1CCC[C@H]1C(=O)NCc1ccccc1)c1ccc2ccccc2n1,0.4640416,0.4640,0.7114094,0.7114,0.7464290,-9.6100,1.0000000,1.0000,[],82
2.3350,3.8934,81.6967,0.6686721,O=C(NCC(=O)N1C[C@H](O)C[C@H]1C(=O)NCc1ccc(Cl)cc1)c1ccc2cc(F)ccc2n1,1,COc1ccc([C@H](C)NC(=O)[C@@H]2C[C@@H](O)CN2C(=O)CNC(=O)c2ccc3cc(F)ccc3n2)c(Cl)c1,O=C(NCC(=O)N1CCC[C@H]1C(=O)NCc1ccccc1)c1ccc2ccccc2n1,0.4955094,0.4955,0.7260274,0.7260,0.7454593,-9.6000,1.0000000,1.0000,[],82
2.3001,3.2004,77.2229,0.6283072,O=C(NCC(=O)N1C[C@H](O)C[C@H]1C(=O)NCc1cccc(Cl)c1)c1ccc2cc(F)ccc2n1,1,COc1ccc([C@H](C)NC(=O)[C@@H]2C[C@@H](O)CN2C(=O)CNC(=O)c2ccc3cc(F)ccc3n2)c(Cl)c1,O=C(NCC(=O)N1CCC[C@H]1C(=O)NCc1ccccc1)c1ccc2ccccc2n1,0.4955094,0.4955,0.7210884,0.7211,0.6604256,-8.8000,1.0000000,1.0000,[],82
2.3953,4.2413,70.9730,0.5876117,O=C(NCC(=O)N1C[C@H](O)C[C@H]1C(=O)N[C@@H](CO)c1cccc(Cl)c1)c1ccc2cc(F)ccc2n1,1,COc1ccc([C@H](C)NC(=O)[C@@H]2C[C@@H](O)CN2C(=O)CNC(=O)c2ccc3cc(F)ccc3n2)c(Cl)c1,O=C(NCC(=O)N1CCC[C@H]1C(=O)NCc1ccccc1)c1ccc2ccccc2n1,0.3782864,0.3783,0.7432432,0.7432,0.6511860,-8.7200,1.0000000,1.0000,[],82
2.3465,4.6734,74.2686,0.6167343,O=C(NCC(=O)N1C[C@H](O)C[C@H]1C(=O)N[C@H](CO)c1cccc(Cl)c1)c1ccc2cc(F)ccc2n1,1,COc1ccc([C@H](C)NC(=O)[C@@H]2C[C@@H](O)CN2C(=O)CNC(=O)c2ccc3cc(F)ccc3n2)c(Cl)c1,O=C(NCC(=O)N1CCC[C@H]1C(=O)NCc1ccccc1)c1ccc2ccccc2n1,0.3782864,0.3783,0.7432432,0.7432,0.7173324,-9.3200,1.0000000,1.0000,[],82
2.3233,8.7137,77.1655,0.6709312,CC(C)C(NC(=O)[C@@H]1C[C@@H](O)CN1C(=O)CNC(=O)c1ccc2cc(F)ccc2n1)c1ccc(Cl)cc1,1,COc1ccc([C@H](C)NC(=O)[C@@H]2C[C@@H](O)CN2C(=O)CNC(=O)c2ccc3cc(F)ccc3n2)c(Cl)c1,O=C(NCC(=O)N1CCC[C@H]1C(=O)NCc1ccccc1)c1ccc2ccccc2n1,0.4374885,0.4375,0.7619048,0.7619,0.7796905,-9.9700,1.0000000,1.0000,[],83
2.2434,4.0491,82.5249,0.6763589,CC(C)C(NC(=O)[C@@H]1C[C@@H](O)CN1C(=O)CNC(=O)c1ccc2cc(F)ccc2n1)c1ccccc1,1,COc1ccc([C@H](C)NC(=O)[C@@H]2C[C@@H](O)CN2C(=O)CNC(=O)c2ccc3cc(F)ccc3n2)c(Cl)c1,O=C(NCC(=O)N1CCC[C@H]1C(=O)NCc1ccccc1)c1ccc2ccccc2n1,0.4695327,0.4695,0.7364865,0.7365,0.7779275,-9.9500,1.0000000,1.0000,[],83
2.2506,4.8186,81.6214,0.6753121,CC(NC(=O)[C@@H]1C[C@@H](O)CN1C(=O)CNC(=O)c1ccc2cc(F)ccc2n1)c1ccc(Cl)cc1,1,COc1ccc([C@H](C)NC(=O)[C@@H]2C[C@@H](O)CN2C(=O)CNC(=O)c2ccc3cc(F)ccc3n2)c(Cl)c1,O=C(NCC(=O)N1CCC[C@H]1C(=O)NCc1ccccc1)c1ccc2ccccc2n1,0.4834885,0.4835,0.8014184,0.8014,0.7326326,-9.4700,1.0000000,1.0000,[],83
2.3829,4.1297,72.0438,0.5951057,COc1ccc(CNC(=O)[C@@H]2C[C@@H](O)CN2C(=O)CNC(=O)c2ccc3cc(F)ccc3n2)cc1,1,COc1ccc([C@H](C)NC(=O)[C@@H]2C[C@@H](O)CN2C(=O)CNC(=O)c2ccc3cc(F)ccc3n2)c(Cl)c1,O=C(NCC(=O)N1CCC[C@H]1C(=O)NCc1ccccc1)c1ccc2ccccc2n1,0.4701237,0.4701,0.7832168,0.7832,0.5836347,-8.1600,1.0000000,1.0000,[],83
2.2580,4.2698,80.8253,0.6648056,C[C@@H](NC(=O)[C@@H]1C[C@@H](O)CN1C(=O)CNC(=O)c1ccc2cc(F)ccc2n1)c1ccc(Cl)cc1,1,COc1ccc([C@H](C)NC(=O)[C@@H]2C[C@@H](O)CN2C(=O)CNC(=O)c2ccc3cc(F)ccc3n2)c(Cl)c1,O=C(NCC(=O)N1CCC[C@H]1C(=O)NCc1ccccc1)c1ccc2ccccc2n1,0.4834885,0.4835,0.8014184,0.8014,0.7100135,-9.2500,1.0000000,1.0000,[],83
2.3253,4.3193,79.5056,0.6548825,O=C(NCC(=O)N1C[C@H](O)C[C@H]1C(=O)NCc1ccc(Cl)c(Cl)c1)c1ccc2cc(F)ccc2n1,1,COc1ccc([C@H](C)NC(=O)[C@@H]2C[C@@H](O)CN2C(=O)CNC(=O)c2ccc3cc(F)ccc3n2)c(Cl)c1,O=C(NCC(=O)N1CCC[C@H]1C(=O)NCc1ccccc1)c1ccc2ccccc2n1,0.4640416,0.4640,0.7114094,0.7114,0.7464290,-9.6100,1.0000000,1.0000,[],83
2.2111,3.8934,81.6967,0.6686721,O=C(NCC(=O)N1C[C@H](O)C[C@H]1C(=O)NCc1ccc(Cl)cc1)c1ccc2cc(F)ccc2n1,1,COc1ccc([C@H](C)NC(=O)[C@@H]2C[C@@H](O)CN2C(=O)CNC(=O)c2ccc3cc(F)ccc3n2)c(Cl)c1,O=C(NCC(=O)N1CCC[C@H]1C(=O)NCc1ccccc1)c1ccc2ccccc2n1,0.4955094,0.4955,0.7260274,0.7260,0.7454593,-9.6000,1.0000000,1.0000,[],83
2.3110,3.2004,77.2229,0.6283072,O=C(NCC(=O)N1C[C@H](O)C[C@H]1C(=O)NCc1cccc(Cl)c1)c1ccc2cc(F)ccc2n1,1,COc1ccc([C@H](C)NC(=O)[C@@H]2C[C@@H](O)CN2C(=O)CNC(=O)c2ccc3cc(F)ccc3n2)c(Cl)c1,O=C(NCC(=O)N1CCC[C@H]1C(=O)NCc1ccccc1)c1ccc2ccccc2n1,0.4955094,0.4955,0.7210884,0.7211,0.6604256,-8.8000,1.0000000,1.0000,[],83
2.3967,4.2413,70.9730,0.5876117,O=C(NCC(=O)N1C[C@H](O)C[C@H]1C(=O)N[C@@H](CO)c1cccc(Cl)c1)c1ccc2cc(F)ccc2n1,1,COc1ccc([C@H](C)NC(=O)[C@@H]2C[C@@H](O)CN2C(=O)CNC(=O)c2ccc3cc(F)ccc3n2)c(Cl)c1,O=C(NCC(=O)N1CCC[C@H]1C(=O)NCc1ccccc1)c1ccc2ccccc2n1,0.3782864,0.3783,0.7432432,0.7432,0.6511860,-8.7200,1.0000000,1.0000,[],83
2.3489,4.6734,74.2686,0.6167343,O=C(NCC(=O)N1C[C@H](O)C[C@H]1C(=O)N[C@H](CO)c1cccc(Cl)c1)c1ccc2cc(F)ccc2n1,1,COc1ccc([C@H](C)NC(=O)[C@@H]2C[C@@H](O)CN2C(=O)CNC(=O)c2ccc3cc(F)ccc3n2)c(Cl)c1,O=C(NCC(=O)N1CCC[C@H]1C(=O)NCc1ccccc1)c1ccc2ccccc2n1,0.3782864,0.3783,0.7432432,0.7432,0.7173324,-9.3200,1.0000000,1.0000,[],83
2.3151,8.7137,77.1655,0.6709312,CC(C)C(NC(=O)[C@@H]1C[C@@H](O)CN1C(=O)CNC(=O)c1ccc2cc(F)ccc2n1)c1ccc(Cl)cc1,1,COc1ccc([C@H](C)NC(=O)[C@@H]2C[C@@H](O)CN2C(=O)CNC(=O)c2ccc3cc(F)ccc3n2)c(Cl)c1,O=C(NCC(=O)N1CCC[C@H]1C(=O)NCc1ccccc1)c1ccc2ccccc2n1,0.4374885,0.4375,0.7619048,0.7619,0.7796905,-9.9700,1.0000000,1.0000,[],84
2.2415,4.0491,82.5249,0.6763589,CC(C)C(NC(=O)[C@@H]1C[C@@H](O)CN1C(=O)CNC(=O)c1ccc2cc(F)ccc2n1)c1ccccc1,1,COc1ccc([C@H](C)NC(=O)[C@@H]2C[C@@H](O)CN2C(=O)CNC(=O)c2ccc3cc(F)ccc3n2)c(Cl)c1,O=C(NCC(=O)N1CCC[C@H]1C(=O)NCc1ccccc1)c1ccc2ccccc2n1,0.4695327,0.4695,0.7364865,0.7365,0.7779275,-9.9500,1.0000000,1.0000,[],84
2.2591,4.8186,81.6214,0.6753121,CC(NC(=O)[C@@H]1C[C@@H](O)CN1C(=O)CNC(=O)c1ccc2cc(F)ccc2n1)c1ccc(Cl)cc1,1,COc1ccc([C@H](C)NC(=O)[C@@H]2C[C@@H](O)CN2C(=O)CNC(=O)c2ccc3cc(F)ccc3n2)c(Cl)c1,O=C(NCC(=O)N1CCC[C@H]1C(=O)NCc1ccccc1)c1ccc2ccccc2n1,0.4834885,0.4835,0.8014184,0.8014,0.7326326,-9.4700,1.0000000,1.0000,[],84
2.3864,4.1297,72.0438,0.5951057,COc1ccc(CNC(=O)[C@@H]2C[C@@H](O)CN2C(=O)CNC(=O)c2ccc3cc(F)ccc3n2)cc1,1,COc1ccc([C@H](C)NC(=O)[C@@H]2C[C@@H](O)CN2C(=O)CNC(=O)c2ccc3cc(F)ccc3n2)c(Cl)c1,O=C(NCC(=O)N1CCC[C@H]1C(=O)NCc1ccccc1)c1ccc2ccccc2n1,0.4701237,0.4701,0.7832168,0.7832,0.5836347,-8.1600,1.0000000,1.0000,[],84
2.2573,4.2698,80.8253,0.6648056,C[C@@H](NC(=O)[C@@H]1C[C@@H](O)CN1C(=O)CNC(=O)c1ccc2cc(F)ccc2n1)c1ccc(Cl)cc1,1,COc1ccc([C@H](C)NC(=O)[C@@H]2C[C@@H](O)CN2C(=O)CNC(=O)c2ccc3cc(F)ccc3n2)c(Cl)c1,O=C(NCC(=O)N1CCC[C@H]1C(=O)NCc1ccccc1)c1ccc2ccccc2n1,0.4834885,0.4835,0.8014184,0.8014,0.7100135,-9.2500,1.0000000,1.0000,[],84
2.2757,4.3193,79.5056,0.6548825,O=C(NCC(=O)N1C[C@H](O)C[C@H]1C(=O)NCc1ccc(Cl)c(Cl)c1)c1ccc2cc(F)ccc2n1,1,COc1ccc([C@H](C)NC(=O)[C@@H]2C[C@@H](O)CN2C(=O)CNC(=O)c2ccc3cc(F)ccc3n2)c(Cl)c1,O=C(NCC(=O)N1CCC[C@H]1C(=O)NCc1ccccc1)c1ccc2ccccc2n1,0.4640416,0.4640,0.7114094,0.7114,0.7464290,-9.6100,1.0000000,1.0000,[],84
2.2581,3.8934,81.6967,0.6686721,O=C(NCC(=O)N1C[C@H](O)C[C@H]1C(=O)NCc1ccc(Cl)cc1)c1ccc2cc(F)ccc2n1,1,COc1ccc([C@H](C)NC(=O)[C@@H]2C[C@@H](O)CN2C(=O)CNC(=O)c2ccc3cc(F)ccc3n2)c(Cl)c1,O=C(NCC(=O)N1CCC[C@H]1C(=O)NCc1ccccc1)c1ccc2ccccc2n1,0.4955094,0.4955,0.7260274,0.7260,0.7454593,-9.6000,1.0000000,1.0000,[],84
2.3186,3.2004,77.2229,0.6283072,O=C(NCC(=O)N1C[C@H](O)C[C@H]1C(=O)NCc1cccc(Cl)c1)c1ccc2cc(F)ccc2n1,1,COc1ccc([C@H](C)NC(=O)[C@@H]2C[C@@H](O)CN2C(=O)CNC(=O)c2ccc3cc(F)ccc3n2)c(Cl)c1,O=C(NCC(=O)N1CCC[C@H]1C(=O)NCc1ccccc1)c1ccc2ccccc2n1,0.4955094,0.4955,0.7210884,0.7211,0.6604256,-8.8000,1.0000000,1.0000,[],84
2.3905,4.2413,70.9730,0.5876117,O=C(NCC(=O)N1C[C@H](O)C[C@H]1C(=O)N[C@@H](CO)c1cccc(Cl)c1)c1ccc2cc(F)ccc2n1,1,COc1ccc([C@H](C)NC(=O)[C@@H]2C[C@@H](O)CN2C(=O)CNC(=O)c2ccc3cc(F)ccc3n2)c(Cl)c1,O=C(NCC(=O)N1CCC[C@H]1C(=O)NCc1ccccc1)c1ccc2ccccc2n1,0.3782864,0.3783,0.7432432,0.7432,0.6511860,-8.7200,1.0000000,1.0000,[],84
2.3446,4.6734,74.2686,0.6167343,O=C(NCC(=O)N1C[C@H](O)C[C@H]1C(=O)N[C@H](CO)c1cccc(Cl)c1)c1ccc2cc(F)ccc2n1,1,COc1ccc([C@H](C)NC(=O)[C@@H]2C[C@@H](O)CN2C(=O)CNC(=O)c2ccc3cc(F)ccc3n2)c(Cl)c1,O=C(NCC(=O)N1CCC[C@H]1C(=O)NCc1ccccc1)c1ccc2ccccc2n1,0.3782864,0.3783,0.7432432,0.7432,0.7173324,-9.3200,1.0000000,1.0000,[],84
2.3086,8.7137,77.1655,0.6709312,CC(C)C(NC(=O)[C@@H]1C[C@@H](O)CN1C(=O)CNC(=O)c1ccc2cc(F)ccc2n1)c1ccc(Cl)cc1,1,COc1ccc([C@H](C)NC(=O)[C@@H]2C[C@@H](O)CN2C(=O)CNC(=O)c2ccc3cc(F)ccc3n2)c(Cl)c1,O=C(NCC(=O)N1CCC[C@H]1C(=O)NCc1ccccc1)c1ccc2ccccc2n1,0.4374885,0.4375,0.7619048,0.7619,0.7796905,-9.9700,1.0000000,1.0000,[],85
2.2453,4.0491,82.5249,0.6763589,CC(C)C(NC(=O)[C@@H]1C[C@@H](O)CN1C(=O)CNC(=O)c1ccc2cc(F)ccc2n1)c1ccccc1,1,COc1ccc([C@H](C)NC(=O)[C@@H]2C[C@@H](O)CN2C(=O)CNC(=O)c2ccc3cc(F)ccc3n2)c(Cl)c1,O=C(NCC(=O)N1CCC[C@H]1C(=O)NCc1ccccc1)c1ccc2ccccc2n1,0.4695327,0.4695,0.7364865,0.7365,0.7779275,-9.9500,1.0000000,1.0000,[],85
2.2603,4.8186,81.6214,0.6753121,CC(NC(=O)[C@@H]1C[C@@H](O)CN1C(=O)CNC(=O)c1ccc2cc(F)ccc2n1)c1ccc(Cl)cc1,1,COc1ccc([C@H](C)NC(=O)[C@@H]2C[C@@H](O)CN2C(=O)CNC(=O)c2ccc3cc(F)ccc3n2)c(Cl)c1,O=C(NCC(=O)N1CCC[C@H]1C(=O)NCc1ccccc1)c1ccc2ccccc2n1,0.4834885,0.4835,0.8014184,0.8014,0.7326326,-9.4700,1.0000000,1.0000,[],85
2.3877,4.1297,72.0438,0.5951057,COc1ccc(CNC(=O)[C@@H]2C[C@@H](O)CN2C(=O)CNC(=O)c2ccc3cc(F)ccc3n2)cc1,1,COc1ccc([C@H](C)NC(=O)[C@@H]2C[C@@H](O)CN2C(=O)CNC(=O)c2ccc3cc(F)ccc3n2)c(Cl)c1,O=C(NCC(=O)N1CCC[C@H]1C(=O)NCc1ccccc1)c1ccc2ccccc2n1,0.4701237,0.4701,0.7832168,0.7832,0.5836347,-8.1600,1.0000000,1.0000,[],85
2.2602,4.2698,80.8253,0.6648056,C[C@@H](NC(=O)[C@@H]1C[C@@H](O)CN1C(=O)CNC(=O)c1ccc2cc(F)ccc2n1)c1ccc(Cl)cc1,1,COc1ccc([C@H](C)NC(=O)[C@@H]2C[C@@H](O)CN2C(=O)CNC(=O)c2ccc3cc(F)ccc3n2)c(Cl)c1,O=C(NCC(=O)N1CCC[C@H]1C(=O)NCc1ccccc1)c1ccc2ccccc2n1,0.4834885,0.4835,0.8014184,0.8014,0.7100135,-9.2500,1.0000000,1.0000,[],85
2.2467,4.3193,79.5056,0.6548825,O=C(NCC(=O)N1C[C@H](O)C[C@H]1C(=O)NCc1ccc(Cl)c(Cl)c1)c1ccc2cc(F)ccc2n1,1,COc1ccc([C@H](C)NC(=O)[C@@H]2C[C@@H](O)CN2C(=O)CNC(=O)c2ccc3cc(F)ccc3n2)c(Cl)c1,O=C(NCC(=O)N1CCC[C@H]1C(=O)NCc1ccccc1)c1ccc2ccccc2n1,0.4640416,0.4640,0.7114094,0.7114,0.7464290,-9.6100,1.0000000,1.0000,[],85
2.2867,3.8934,81.6967,0.6686721,O=C(NCC(=O)N1C[C@H](O)C[C@H]1C(=O)NCc1ccc(Cl)cc1)c1ccc2cc(F)ccc2n1,1,COc1ccc([C@H](C)NC(=O)[C@@H]2C[C@@H](O)CN2C(=O)CNC(=O)c2ccc3cc(F)ccc3n2)c(Cl)c1,O=C(NCC(=O)N1CCC[C@H]1C(=O)NCc1ccccc1)c1ccc2ccccc2n1,0.4955094,0.4955,0.7260274,0.7260,0.7454593,-9.6000,1.0000000,1.0000,[],85
2.3204,3.2004,77.2229,0.6283072,O=C(NCC(=O)N1C[C@H](O)C[C@H]1C(=O)NCc1cccc(Cl)c1)c1ccc2cc(F)ccc2n1,1,COc1ccc([C@H](C)NC(=O)[C@@H]2C[C@@H](O)CN2C(=O)CNC(=O)c2ccc3cc(F)ccc3n2)c(Cl)c1,O=C(NCC(=O)N1CCC[C@H]1C(=O)NCc1ccccc1)c1ccc2ccccc2n1,0.4955094,0.4955,0.7210884,0.7211,0.6604256,-8.8000,1.0000000,1.0000,[],85
2.3869,4.2413,70.9730,0.5876117,O=C(NCC(=O)N1C[C@H](O)C[C@H]1C(=O)N[C@@H](CO)c1cccc(Cl)c1)c1ccc2cc(F)ccc2n1,1,COc1ccc([C@H](C)NC(=O)[C@@H]2C[C@@H](O)CN2C(=O)CNC(=O)c2ccc3cc(F)ccc3n2)c(Cl)c1,O=C(NCC(=O)N1CCC[C@H]1C(=O)NCc1ccccc1)c1ccc2ccccc2n1,0.3782864,0.3783,0.7432432,0.7432,0.6511860,-8.7200,1.0000000,1.0000,[],85
2.3439,4.6734,74.2686,0.6167343,O=C(NCC(=O)N1C[C@H](O)C[C@H]1C(=O)N[C@H](CO)c1cccc(Cl)c1)c1ccc2cc(F)ccc2n1,1,COc1ccc([C@H](C)NC(=O)[C@@H]2C[C@@H](O)CN2C(=O)CNC(=O)c2ccc3cc(F)ccc3n2)c(Cl)c1,O=C(NCC(=O)N1CCC[C@H]1C(=O)NCc1ccccc1)c1ccc2ccccc2n1,0.3782864,0.3783,0.7432432,0.7432,0.7173324,-9.3200,1.0000000,1.0000,[],85
2.3119,8.7137,77.1655,0.6709312,CC(C)C(NC(=O)[C@@H]1C[C@@H](O)CN1C(=O)CNC(=O)c1ccc2cc(F)ccc2n1)c1ccc(Cl)cc1,1,COc1ccc([C@H](C)NC(=O)[C@@H]2C[C@@H](O)CN2C(=O)CNC(=O)c2ccc3cc(F)ccc3n2)c(Cl)c1,O=C(NCC(=O)N1CCC[C@H]1C(=O)NCc1ccccc1)c1ccc2ccccc2n1,0.4374885,0.4375,0.7619048,0.7619,0.7796905,-9.9700,1.0000000,1.0000,[],86
2.2512,4.0491,82.5249,0.6763589,CC(C)C(NC(=O)[C@@H]1C[C@@H](O)CN1C(=O)CNC(=O)c1ccc2cc(F)ccc2n1)c1ccccc1,1,COc1ccc([C@H](C)NC(=O)[C@@H]2C[C@@H](O)CN2C(=O)CNC(=O)c2ccc3cc(F)ccc3n2)c(Cl)c1,O=C(NCC(=O)N1CCC[C@H]1C(=O)NCc1ccccc1)c1ccc2ccccc2n1,0.4695327,0.4695,0.7364865,0.7365,0.7779275,-9.9500,1.0000000,1.0000,[],86
2.2482,4.8186,81.6214,0.6753121,CC(NC(=O)[C@@H]1C[C@@H](O)CN1C(=O)CNC(=O)c1ccc2cc(F)ccc2n1)c1ccc(Cl)cc1,1,COc1ccc([C@H](C)NC(=O)[C@@H]2C[C@@H](O)CN2C(=O)CNC(=O)c2ccc3cc(F)ccc3n2)c(Cl)c1,O=C(NCC(=O)N1CCC[C@H]1C(=O)NCc1ccccc1)c1ccc2ccccc2n1,0.4834885,0.4835,0.8014184,0.8014,0.7326326,-9.4700,1.0000000,1.0000,[],86
2.3839,4.1297,72.0438,0.5951057,COc1ccc(CNC(=O)[C@@H]2C[C@@H](O)CN2C(=O)CNC(=O)c2ccc3cc(F)ccc3n2)cc1,1,COc1ccc([C@H](C)NC(=O)[C@@H]2C[C@@H](O)CN2C(=O)CNC(=O)c2ccc3cc(F)ccc3n2)c(Cl)c1,O=C(NCC(=O)N1CCC[C@H]1C(=O)NCc1ccccc1)c1ccc2ccccc2n1,0.4701237,0.4701,0.7832168,0.7832,0.5836347,-8.1600,1.0000000,1.0000,[],86
2.2632,4.2698,80.8253,0.6648056,C[C@@H](NC(=O)[C@@H]1C[C@@H](O)CN1C(=O)CNC(=O)c1ccc2cc(F)ccc2n1)c1ccc(Cl)cc1,1,COc1ccc([C@H](C)NC(=O)[C@@H]2C[C@@H](O)CN2C(=O)CNC(=O)c2ccc3cc(F)ccc3n2)c(Cl)c1,O=C(NCC(=O)N1CCC[C@H]1C(=O)NCc1ccccc1)c1ccc2ccccc2n1,0.4834885,0.4835,0.8014184,0.8014,0.7100135,-9.2500,1.0000000,1.0000,[],86
2.3411,4.3193,79.5056,0.6548825,O=C(NCC(=O)N1C[C@H](O)C[C@H]1C(=O)NCc1ccc(Cl)c(Cl)c1)c1ccc2cc(F)ccc2n1,1,COc1ccc([C@H](C)NC(=O)[C@@H]2C[C@@H](O)CN2C(=O)CNC(=O)c2ccc3cc(F)ccc3n2)c(Cl)c1,O=C(NCC(=O)N1CCC[C@H]1C(=O)NCc1ccccc1)c1ccc2ccccc2n1,0.4640416,0.4640,0.7114094,0.7114,0.7464290,-9.6100,1.0000000,1.0000,[],86
2.1952,3.8934,81.6967,0.6686721,O=C(NCC(=O)N1C[C@H](O)C[C@H]1C(=O)NCc1ccc(Cl)cc1)c1ccc2cc(F)ccc2n1,1,COc1ccc([C@H](C)NC(=O)[C@@H]2C[C@@H](O)CN2C(=O)CNC(=O)c2ccc3cc(F)ccc3n2)c(Cl)c1,O=C(NCC(=O)N1CCC[C@H]1C(=O)NCc1ccccc1)c1ccc2ccccc2n1,0.4955094,0.4955,0.7260274,0.7260,0.7454593,-9.6000,1.0000000,1.0000,[],86
2.3171,3.2004,77.2229,0.6283072,O=C(NCC(=O)N1C[C@H](O)C[C@H]1C(=O)NCc1cccc(Cl)c1)c1ccc2cc(F)ccc2n1,1,COc1ccc([C@H](C)NC(=O)[C@@H]2C[C@@H](O)CN2C(=O)CNC(=O)c2ccc3cc(F)ccc3n2)c(Cl)c1,O=C(NCC(=O)N1CCC[C@H]1C(=O)NCc1ccccc1)c1ccc2ccccc2n1,0.4955094,0.4955,0.7210884,0.7211,0.6604256,-8.8000,1.0000000,1.0000,[],86
2.3900,4.2413,70.9730,0.5876117,O=C(NCC(=O)N1C[C@H](O)C[C@H]1C(=O)N[C@@H](CO)c1cccc(Cl)c1)c1ccc2cc(F)ccc2n1,1,COc1ccc([C@H](C)NC(=O)[C@@H]2C[C@@H](O)CN2C(=O)CNC(=O)c2ccc3cc(F)ccc3n2)c(Cl)c1,O=C(NCC(=O)N1CCC[C@H]1C(=O)NCc1ccccc1)c1ccc2ccccc2n1,0.3782864,0.3783,0.7432432,0.7432,0.6511860,-8.7200,1.0000000,1.0000,[],86
2.3500,4.6734,74.2686,0.6167343,O=C(NCC(=O)N1C[C@H](O)C[C@H]1C(=O)N[C@H](CO)c1cccc(Cl)c1)c1ccc2cc(F)ccc2n1,1,COc1ccc([C@H](C)NC(=O)[C@@H]2C[C@@H](O)CN2C(=O)CNC(=O)c2ccc3cc(F)ccc3n2)c(Cl)c1,O=C(NCC(=O)N1CCC[C@H]1C(=O)NCc1ccccc1)c1ccc2ccccc2n1,0.3782864,0.3783,0.7432432,0.7432,0.7173324,-9.3200,1.0000000,1.0000,[],86
2.2989,8.7137,77.1655,0.6709312,CC(C)C(NC(=O)[C@@H]1C[C@@H](O)CN1C(=O)CNC(=O)c1ccc2cc(F)ccc2n1)c1ccc(Cl)cc1,1,COc1ccc([C@H](C)NC(=O)[C@@H]2C[C@@H](O)CN2C(=O)CNC(=O)c2ccc3cc(F)ccc3n2)c(Cl)c1,O=C(NCC(=O)N1CCC[C@H]1C(=O)NCc1ccccc1)c1ccc2ccccc2n1,0.4374885,0.4375,0.7619048,0.7619,0.7796905,-9.9700,1.0000000,1.0000,[],87
2.2470,4.0491,82.5249,0.6763589,CC(C)C(NC(=O)[C@@H]1C[C@@H](O)CN1C(=O)CNC(=O)c1ccc2cc(F)ccc2n1)c1ccccc1,1,COc1ccc([C@H](C)NC(=O)[C@@H]2C[C@@H](O)CN2C(=O)CNC(=O)c2ccc3cc(F)ccc3n2)c(Cl)c1,O=C(NCC(=O)N1CCC[C@H]1C(=O)NCc1ccccc1)c1ccc2ccccc2n1,0.4695327,0.4695,0.7364865,0.7365,0.7779275,-9.9500,1.0000000,1.0000,[],87
2.2671,4.8186,81.6214,0.6753121,CC(NC(=O)[C@@H]1C[C@@H](O)CN1C(=O)CNC(=O)c1ccc2cc(F)ccc2n1)c1ccc(Cl)cc1,1,COc1ccc([C@H](C)NC(=O)[C@@H]2C[C@@H](O)CN2C(=O)CNC(=O)c2ccc3cc(F)ccc3n2)c(Cl)c1,O=C(NCC(=O)N1CCC[C@H]1C(=O)NCc1ccccc1)c1ccc2ccccc2n1,0.4834885,0.4835,0.8014184,0.8014,0.7326326,-9.4700,1.0000000,1.0000,[],87
2.3827,4.1297,72.0438,0.5951057,COc1ccc(CNC(=O)[C@@H]2C[C@@H](O)CN2C(=O)CNC(=O)c2ccc3cc(F)ccc3n2)cc1,1,COc1ccc([C@H](C)NC(=O)[C@@H]2C[C@@H](O)CN2C(=O)CNC(=O)c2ccc3cc(F)ccc3n2)c(Cl)c1,O=C(NCC(=O)N1CCC[C@H]1C(=O)NCc1ccccc1)c1ccc2ccccc2n1,0.4701237,0.4701,0.7832168,0.7832,0.5836347,-8.1600,1.0000000,1.0000,[],87
2.2693,4.2698,80.8253,0.6648056,C[C@@H](NC(=O)[C@@H]1C[C@@H](O)CN1C(=O)CNC(=O)c1ccc2cc(F)ccc2n1)c1ccc(Cl)cc1,1,COc1ccc([C@H](C)NC(=O)[C@@H]2C[C@@H](O)CN2C(=O)CNC(=O)c2ccc3cc(F)ccc3n2)c(Cl)c1,O=C(NCC(=O)N1CCC[C@H]1C(=O)NCc1ccccc1)c1ccc2ccccc2n1,0.4834885,0.4835,0.8014184,0.8014,0.7100135,-9.2500,1.0000000,1.0000,[],87
2.2068,4.3193,79.5056,0.6548825,O=C(NCC(=O)N1C[C@H](O)C[C@H]1C(=O)NCc1ccc(Cl)c(Cl)c1)c1ccc2cc(F)ccc2n1,1,COc1ccc([C@H](C)NC(=O)[C@@H]2C[C@@H](O)CN2C(=O)CNC(=O)c2ccc3cc(F)ccc3n2)c(Cl)c1,O=C(NCC(=O)N1CCC[C@H]1C(=O)NCc1ccccc1)c1ccc2ccccc2n1,0.4640416,0.4640,0.7114094,0.7114,0.7464290,-9.6100,1.0000000,1.0000,[],87
2.3297,3.8934,81.6967,0.6686721,O=C(NCC(=O)N1C[C@H](O)C[C@H]1C(=O)NCc1ccc(Cl)cc1)c1ccc2cc(F)ccc2n1,1,COc1ccc([C@H](C)NC(=O)[C@@H]2C[C@@H](O)CN2C(=O)CNC(=O)c2ccc3cc(F)ccc3n2)c(Cl)c1,O=C(NCC(=O)N1CCC[C@H]1C(=O)NCc1ccccc1)c1ccc2ccccc2n1,0.4955094,0.4955,0.7260274,0.7260,0.7454593,-9.6000,1.0000000,1.0000,[],87
2.3073,3.2004,77.2229,0.6283072,O=C(NCC(=O)N1C[C@H](O)C[C@H]1C(=O)NCc1cccc(Cl)c1)c1ccc2cc(F)ccc2n1,1,COc1ccc([C@H](C)NC(=O)[C@@H]2C[C@@H](O)CN2C(=O)CNC(=O)c2ccc3cc(F)ccc3n2)c(Cl)c1,O=C(NCC(=O)N1CCC[C@H]1C(=O)NCc1ccccc1)c1ccc2ccccc2n1,0.4955094,0.4955,0.7210884,0.7211,0.6604256,-8.8000,1.0000000,1.0000,[],87
2.3903,4.2413,70.9730,0.5876117,O=C(NCC(=O)N1C[C@H](O)C[C@H]1C(=O)N[C@@H](CO)c1cccc(Cl)c1)c1ccc2cc(F)ccc2n1,1,COc1ccc([C@H](C)NC(=O)[C@@H]2C[C@@H](O)CN2C(=O)CNC(=O)c2ccc3cc(F)ccc3n2)c(Cl)c1,O=C(NCC(=O)N1CCC[C@H]1C(=O)NCc1ccccc1)c1ccc2ccccc2n1,0.3782864,0.3783,0.7432432,0.7432,0.6511860,-8.7200,1.0000000,1.0000,[],87
2.3498,4.6734,74.2686,0.6167343,O=C(NCC(=O)N1C[C@H](O)C[C@H]1C(=O)N[C@H](CO)c1cccc(Cl)c1)c1ccc2cc(F)ccc2n1,1,COc1ccc([C@H](C)NC(=O)[C@@H]2C[C@@H](O)CN2C(=O)CNC(=O)c2ccc3cc(F)ccc3n2)c(Cl)c1,O=C(NCC(=O)N1CCC[C@H]1C(=O)NCc1ccccc1)c1ccc2ccccc2n1,0.3782864,0.3783,0.7432432,0.7432,0.7173324,-9.3200,1.0000000,1.0000,[],87
2.3146,8.7137,77.1655,0.6709312,CC(C)C(NC(=O)[C@@H]1C[C@@H](O)CN1C(=O)CNC(=O)c1ccc2cc(F)ccc2n1)c1ccc(Cl)cc1,1,COc1ccc([C@H](C)NC(=O)[C@@H]2C[C@@H](O)CN2C(=O)CNC(=O)c2ccc3cc(F)ccc3n2)c(Cl)c1,O=C(NCC(=O)N1CCC[C@H]1C(=O)NCc1ccccc1)c1ccc2ccccc2n1,0.4374885,0.4375,0.7619048,0.7619,0.7796905,-9.9700,1.0000000,1.0000,[],88
2.2511,4.0491,82.5249,0.6763589,CC(C)C(NC(=O)[C@@H]1C[C@@H](O)CN1C(=O)CNC(=O)c1ccc2cc(F)ccc2n1)c1ccccc1,1,COc1ccc([C@H](C)NC(=O)[C@@H]2C[C@@H](O)CN2C(=O)CNC(=O)c2ccc3cc(F)ccc3n2)c(Cl)c1,O=C(NCC(=O)N1CCC[C@H]1C(=O)NCc1ccccc1)c1ccc2ccccc2n1,0.4695327,0.4695,0.7364865,0.7365,0.7779275,-9.9500,1.0000000,1.0000,[],88
2.2457,4.8186,81.6214,0.6753121,CC(NC(=O)[C@@H]1C[C@@H](O)CN1C(=O)CNC(=O)c1ccc2cc(F)ccc2n1)c1ccc(Cl)cc1,1,COc1ccc([C@H](C)NC(=O)[C@@H]2C[C@@H](O)CN2C(=O)CNC(=O)c2ccc3cc(F)ccc3n2)c(Cl)c1,O=C(NCC(=O)N1CCC[C@H]1C(=O)NCc1ccccc1)c1ccc2ccccc2n1,0.4834885,0.4835,0.8014184,0.8014,0.7326326,-9.4700,1.0000000,1.0000,[],88
2.3736,4.1297,72.0438,0.5951057,COc1ccc(CNC(=O)[C@@H]2C[C@@H](O)CN2C(=O)CNC(=O)c2ccc3cc(F)ccc3n2)cc1,1,COc1ccc([C@H](C)NC(=O)[C@@H]2C[C@@H](O)CN2C(=O)CNC(=O)c2ccc3cc(F)ccc3n2)c(Cl)c1,O=C(NCC(=O)N1CCC[C@H]1C(=O)NCc1ccccc1)c1ccc2ccccc2n1,0.4701237,0.4701,0.7832168,0.7832,0.5836347,-8.1600,1.0000000,1.0000,[],88
2.2673,4.2698,80.8253,0.6648056,C[C@@H](NC(=O)[C@@H]1C[C@@H](O)CN1C(=O)CNC(=O)c1ccc2cc(F)ccc2n1)c1ccc(Cl)cc1,1,COc1ccc([C@H](C)NC(=O)[C@@H]2C[C@@H](O)CN2C(=O)CNC(=O)c2ccc3cc(F)ccc3n2)c(Cl)c1,O=C(NCC(=O)N1CCC[C@H]1C(=O)NCc1ccccc1)c1ccc2ccccc2n1,0.4834885,0.4835,0.8014184,0.8014,0.7100135,-9.2500,1.0000000,1.0000,[],88
2.3602,4.3193,79.5056,0.6548825,O=C(NCC(=O)N1C[C@H](O)C[C@H]1C(=O)NCc1ccc(Cl)c(Cl)c1)c1ccc2cc(F)ccc2n1,1,COc1ccc([C@H](C)NC(=O)[C@@H]2C[C@@H](O)CN2C(=O)CNC(=O)c2ccc3cc(F)ccc3n2)c(Cl)c1,O=C(NCC(=O)N1CCC[C@H]1C(=O)NCc1ccccc1)c1ccc2ccccc2n1,0.4640416,0.4640,0.7114094,0.7114,0.7464290,-9.6100,1.0000000,1.0000,[],88
2.1902,3.8934,81.6967,0.6686721,O=C(NCC(=O)N1C[C@H](O)C[C@H]1C(=O)NCc1ccc(Cl)cc1)c1ccc2cc(F)ccc2n1,1,COc1ccc([C@H](C)NC(=O)[C@@H]2C[C@@H](O)CN2C(=O)CNC(=O)c2ccc3cc(F)ccc3n2)c(Cl)c1,O=C(NCC(=O)N1CCC[C@H]1C(=O)NCc1ccccc1)c1ccc2ccccc2n1,0.4955094,0.4955,0.7260274,0.7260,0.7454593,-9.6000,1.0000000,1.0000,[],88
2.3069,3.2004,77.2229,0.6283072,O=C(NCC(=O)N1C[C@H](O)C[C@H]1C(=O)NCc1cccc(Cl)c1)c1ccc2cc(F)ccc2n1,1,COc1ccc([C@H](C)NC(=O)[C@@H]2C[C@@H](O)CN2C(=O)CNC(=O)c2ccc3cc(F)ccc3n2)c(Cl)c1,O=C(NCC(=O)N1CCC[C@H]1C(=O)NCc1ccccc1)c1ccc2ccccc2n1,0.4955094,0.4955,0.7210884,0.7211,0.6604256,-8.8000,1.0000000,1.0000,[],88
2.3913,4.2413,70.9730,0.5876117,O=C(NCC(=O)N1C[C@H](O)C[C@H]1C(=O)N[C@@H](CO)c1cccc(Cl)c1)c1ccc2cc(F)ccc2n1,1,COc1ccc([C@H](C)NC(=O)[C@@H]2C[C@@H](O)CN2C(=O)CNC(=O)c2ccc3cc(F)ccc3n2)c(Cl)c1,O=C(NCC(=O)N1CCC[C@H]1C(=O)NCc1ccccc1)c1ccc2ccccc2n1,0.3782864,0.3783,0.7432432,0.7432,0.6511860,-8.7200,1.0000000,1.0000,[],88
2.3515,4.6734,74.2686,0.6167343,O=C(NCC(=O)N1C[C@H](O)C[C@H]1C(=O)N[C@H](CO)c1cccc(Cl)c1)c1ccc2cc(F)ccc2n1,1,COc1ccc([C@H](C)NC(=O)[C@@H]2C[C@@H](O)CN2C(=O)CNC(=O)c2ccc3cc(F)ccc3n2)c(Cl)c1,O=C(NCC(=O)N1CCC[C@H]1C(=O)NCc1ccccc1)c1ccc2ccccc2n1,0.3782864,0.3783,0.7432432,0.7432,0.7173324,-9.3200,1.0000000,1.0000,[],88
2.3082,8.7137,77.1655,0.6709312,CC(C)C(NC(=O)[C@@H]1C[C@@H](O)CN1C(=O)CNC(=O)c1ccc2cc(F)ccc2n1)c1ccc(Cl)cc1,1,COc1ccc([C@H](C)NC(=O)[C@@H]2C[C@@H](O)CN2C(=O)CNC(=O)c2ccc3cc(F)ccc3n2)c(Cl)c1,O=C(NCC(=O)N1CCC[C@H]1C(=O)NCc1ccccc1)c1ccc2ccccc2n1,0.4374885,0.4375,0.7619048,0.7619,0.7796905,-9.9700,1.0000000,1.0000,[],89
2.2448,4.0491,82.5249,0.6763589,CC(C)C(NC(=O)[C@@H]1C[C@@H](O)CN1C(=O)CNC(=O)c1ccc2cc(F)ccc2n1)c1ccccc1,1,COc1ccc([C@H](C)NC(=O)[C@@H]2C[C@@H](O)CN2C(=O)CNC(=O)c2ccc3cc(F)ccc3n2)c(Cl)c1,O=C(NCC(=O)N1CCC[C@H]1C(=O)NCc1ccccc1)c1ccc2ccccc2n1,0.4695327,0.4695,0.7364865,0.7365,0.7779275,-9.9500,1.0000000,1.0000,[],89
2.2657,4.8186,81.6214,0.6753121,CC(NC(=O)[C@@H]1C[C@@H](O)CN1C(=O)CNC(=O)c1ccc2cc(F)ccc2n1)c1ccc(Cl)cc1,1,COc1ccc([C@H](C)NC(=O)[C@@H]2C[C@@H](O)CN2C(=O)CNC(=O)c2ccc3cc(F)ccc3n2)c(Cl)c1,O=C(NCC(=O)N1CCC[C@H]1C(=O)NCc1ccccc1)c1ccc2ccccc2n1,0.4834885,0.4835,0.8014184,0.8014,0.7326326,-9.4700,1.0000000,1.0000,[],89
2.3722,4.1297,72.0438,0.5951057,COc1ccc(CNC(=O)[C@@H]2C[C@@H](O)CN2C(=O)CNC(=O)c2ccc3cc(F)ccc3n2)cc1,1,COc1ccc([C@H](C)NC(=O)[C@@H]2C[C@@H](O)CN2C(=O)CNC(=O)c2ccc3cc(F)ccc3n2)c(Cl)c1,O=C(NCC(=O)N1CCC[C@H]1C(=O)NCc1ccccc1)c1ccc2ccccc2n1,0.4701237,0.4701,0.7832168,0.7832,0.5836347,-8.1600,1.0000000,1.0000,[],89
2.2710,4.2698,80.8253,0.6648056,C[C@@H](NC(=O)[C@@H]1C[C@@H](O)CN1C(=O)CNC(=O)c1ccc2cc(F)ccc2n1)c1ccc(Cl)cc1,1,COc1ccc([C@H](C)NC(=O)[C@@H]2C[C@@H](O)CN2C(=O)CNC(=O)c2ccc3cc(F)ccc3n2)c(Cl)c1,O=C(NCC(=O)N1CCC[C@H]1C(=O)NCc1ccccc1)c1ccc2ccccc2n1,0.4834885,0.4835,0.8014184,0.8014,0.7100135,-9.2500,1.0000000,1.0000,[],89
2.2380,4.3193,79.5056,0.6548825,O=C(NCC(=O)N1C[C@H](O)C[C@H]1C(=O)NCc1ccc(Cl)c(Cl)c1)c1ccc2cc(F)ccc2n1,1,COc1ccc([C@H](C)NC(=O)[C@@H]2C[C@@H](O)CN2C(=O)CNC(=O)c2ccc3cc(F)ccc3n2)c(Cl)c1,O=C(NCC(=O)N1CCC[C@H]1C(=O)NCc1ccccc1)c1ccc2ccccc2n1,0.4640416,0.4640,0.7114094,0.7114,0.7464290,-9.6100,1.0000000,1.0000,[],89
2.3110,3.8934,81.6967,0.6686721,O=C(NCC(=O)N1C[C@H](O)C[C@H]1C(=O)NCc1ccc(Cl)cc1)c1ccc2cc(F)ccc2n1,1,COc1ccc([C@H](C)NC(=O)[C@@H]2C[C@@H](O)CN2C(=O)CNC(=O)c2ccc3cc(F)ccc3n2)c(Cl)c1,O=C(NCC(=O)N1CCC[C@H]1C(=O)NCc1ccccc1)c1ccc2ccccc2n1,0.4955094,0.4955,0.7260274,0.7260,0.7454593,-9.6000,1.0000000,1.0000,[],89
2.3025,3.2004,77.2229,0.6283072,O=C(NCC(=O)N1C[C@H](O)C[C@H]1C(=O)NCc1cccc(Cl)c1)c1ccc2cc(F)ccc2n1,1,COc1ccc([C@H](C)NC(=O)[C@@H]2C[C@@H](O)CN2C(=O)CNC(=O)c2ccc3cc(F)ccc3n2)c(Cl)c1,O=C(NCC(=O)N1CCC[C@H]1C(=O)NCc1ccccc1)c1ccc2ccccc2n1,0.4955094,0.4955,0.7210884,0.7211,0.6604256,-8.8000,1.0000000,1.0000,[],89
2.3873,4.2413,70.9730,0.5876117,O=C(NCC(=O)N1C[C@H](O)C[C@H]1C(=O)N[C@@H](CO)c1cccc(Cl)c1)c1ccc2cc(F)ccc2n1,1,COc1ccc([C@H](C)NC(=O)[C@@H]2C[C@@H](O)CN2C(=O)CNC(=O)c2ccc3cc(F)ccc3n2)c(Cl)c1,O=C(NCC(=O)N1CCC[C@H]1C(=O)NCc1ccccc1)c1ccc2ccccc2n1,0.3782864,0.3783,0.7432432,0.7432,0.6511860,-8.7200,1.0000000,1.0000,[],89
2.3440,4.6734,74.2686,0.6167343,O=C(NCC(=O)N1C[C@H](O)C[C@H]1C(=O)N[C@H](CO)c1cccc(Cl)c1)c1ccc2cc(F)ccc2n1,1,COc1ccc([C@H](C)NC(=O)[C@@H]2C[C@@H](O)CN2C(=O)CNC(=O)c2ccc3cc(F)ccc3n2)c(Cl)c1,O=C(NCC(=O)N1CCC[C@H]1C(=O)NCc1ccccc1)c1ccc2ccccc2n1,0.3782864,0.3783,0.7432432,0.7432,0.7173324,-9.3200,1.0000000,1.0000,[],89
2.3170,8.7137,77.1655,0.6709312,CC(C)C(NC(=O)[C@@H]1C[C@@H](O)CN1C(=O)CNC(=O)c1ccc2cc(F)ccc2n1)c1ccc(Cl)cc1,1,COc1ccc([C@H](C)NC(=O)[C@@H]2C[C@@H](O)CN2C(=O)CNC(=O)c2ccc3cc(F)ccc3n2)c(Cl)c1,O=C(NCC(=O)N1CCC[C@H]1C(=O)NCc1ccccc1)c1ccc2ccccc2n1,0.4374885,0.4375,0.7619048,0.7619,0.7796905,-9.9700,1.0000000,1.0000,[],90
2.2467,4.0491,82.5249,0.6763589,CC(C)C(NC(=O)[C@@H]1C[C@@H](O)CN1C(=O)CNC(=O)c1ccc2cc(F)ccc2n1)c1ccccc1,1,COc1ccc([C@H](C)NC(=O)[C@@H]2C[C@@H](O)CN2C(=O)CNC(=O)c2ccc3cc(F)ccc3n2)c(Cl)c1,O=C(NCC(=O)N1CCC[C@H]1C(=O)NCc1ccccc1)c1ccc2ccccc2n1,0.4695327,0.4695,0.7364865,0.7365,0.7779275,-9.9500,1.0000000,1.0000,[],90
2.2563,4.8186,81.6214,0.6753121,CC(NC(=O)[C@@H]1C[C@@H](O)CN1C(=O)CNC(=O)c1ccc2cc(F)ccc2n1)c1ccc(Cl)cc1,1,COc1ccc([C@H](C)NC(=O)[C@@H]2C[C@@H](O)CN2C(=O)CNC(=O)c2ccc3cc(F)ccc3n2)c(Cl)c1,O=C(NCC(=O)N1CCC[C@H]1C(=O)NCc1ccccc1)c1ccc2ccccc2n1,0.4834885,0.4835,0.8014184,0.8014,0.7326326,-9.4700,1.0000000,1.0000,[],90
2.3681,4.1297,72.0438,0.5951057,COc1ccc(CNC(=O)[C@@H]2C[C@@H](O)CN2C(=O)CNC(=O)c2ccc3cc(F)ccc3n2)cc1,1,COc1ccc([C@H](C)NC(=O)[C@@H]2C[C@@H](O)CN2C(=O)CNC(=O)c2ccc3cc(F)ccc3n2)c(Cl)c1,O=C(NCC(=O)N1CCC[C@H]1C(=O)NCc1ccccc1)c1ccc2ccccc2n1,0.4701237,0.4701,0.7832168,0.7832,0.5836347,-8.1600,1.0000000,1.0000,[],90
2.2695,4.2698,80.8253,0.6648056,C[C@@H](NC(=O)[C@@H]1C[C@@H](O)CN1C(=O)CNC(=O)c1ccc2cc(F)ccc2n1)c1ccc(Cl)cc1,1,COc1ccc([C@H](C)NC(=O)[C@@H]2C[C@@H](O)CN2C(=O)CNC(=O)c2ccc3cc(F)ccc3n2)c(Cl)c1,O=C(NCC(=O)N1CCC[C@H]1C(=O)NCc1ccccc1)c1ccc2ccccc2n1,0.4834885,0.4835,0.8014184,0.8014,0.7100135,-9.2500,1.0000000,1.0000,[],90
2.3021,4.3193,79.5056,0.6548825,O=C(NCC(=O)N1C[C@H](O)C[C@H]1C(=O)NCc1ccc(Cl)c(Cl)c1)c1ccc2cc(F)ccc2n1,1,COc1ccc([C@H](C)NC(=O)[C@@H]2C[C@@H](O)CN2C(=O)CNC(=O)c2ccc3cc(F)ccc3n2)c(Cl)c1,O=C(NCC(=O)N1CCC[C@H]1C(=O)NCc1ccccc1)c1ccc2ccccc2n1,0.4640416,0.4640,0.7114094,0.7114,0.7464290,-9.6100,1.0000000,1.0000,[],90
2.2447,3.8934,81.6967,0.6686721,O=C(NCC(=O)N1C[C@H](O)C[C@H]1C(=O)NCc1ccc(Cl)cc1)c1ccc2cc(F)ccc2n1,1,COc1ccc([C@H](C)NC(=O)[C@@H]2C[C@@H](O)CN2C(=O)CNC(=O)c2ccc3cc(F)ccc3n2)c(Cl)c1,O=C(NCC(=O)N1CCC[C@H]1C(=O)NCc1ccccc1)c1ccc2ccccc2n1,0.4955094,0.4955,0.7260274,0.7260,0.7454593,-9.6000,1.0000000,1.0000,[],90
2.3051,3.2004,77.2229,0.6283072,O=C(NCC(=O)N1C[C@H](O)C[C@H]1C(=O)NCc1cccc(Cl)c1)c1ccc2cc(F)ccc2n1,1,COc1ccc([C@H](C)NC(=O)[C@@H]2C[C@@H](O)CN2C(=O)CNC(=O)c2ccc3cc(F)ccc3n2)c(Cl)c1,O=C(NCC(=O)N1CCC[C@H]1C(=O)NCc1ccccc1)c1ccc2ccccc2n1,0.4955094,0.4955,0.7210884,0.7211,0.6604256,-8.8000,1.0000000,1.0000,[],90
2.3900,4.2413,70.9730,0.5876117,O=C(NCC(=O)N1C[C@H](O)C[C@H]1C(=O)N[C@@H](CO)c1cccc(Cl)c1)c1ccc2cc(F)ccc2n1,1,COc1ccc([C@H](C)NC(=O)[C@@H]2C[C@@H](O)CN2C(=O)CNC(=O)c2ccc3cc(F)ccc3n2)c(Cl)c1,O=C(NCC(=O)N1CCC[C@H]1C(=O)NCc1ccccc1)c1ccc2ccccc2n1,0.3782864,0.3783,0.7432432,0.7432,0.6511860,-8.7200,1.0000000,1.0000,[],90
2.3450,4.6734,74.2686,0.6167343,O=C(NCC(=O)N1C[C@H](O)C[C@H]1C(=O)N[C@H](CO)c1cccc(Cl)c1)c1ccc2cc(F)ccc2n1,1,COc1ccc([C@H](C)NC(=O)[C@@H]2C[C@@H](O)CN2C(=O)CNC(=O)c2ccc3cc(F)ccc3n2)c(Cl)c1,O=C(NCC(=O)N1CCC[C@H]1C(=O)NCc1ccccc1)c1ccc2ccccc2n1,0.3782864,0.3783,0.7432432,0.7432,0.7173324,-9.3200,1.0000000,1.0000,[],90
2.3164,8.7137,77.1655,0.6709312,CC(C)C(NC(=O)[C@@H]1C[C@@H](O)CN1C(=O)CNC(=O)c1ccc2cc(F)ccc2n1)c1ccc(Cl)cc1,1,COc1ccc([C@H](C)NC(=O)[C@@H]2C[C@@H](O)CN2C(=O)CNC(=O)c2ccc3cc(F)ccc3n2)c(Cl)c1,O=C(NCC(=O)N1CCC[C@H]1C(=O)NCc1ccccc1)c1ccc2ccccc2n1,0.4374885,0.4375,0.7619048,0.7619,0.7796905,-9.9700,1.0000000,1.0000,[],91
2.2468,4.0491,82.5249,0.6763589,CC(C)C(NC(=O)[C@@H]1C[C@@H](O)CN1C(=O)CNC(=O)c1ccc2cc(F)ccc2n1)c1ccccc1,1,COc1ccc([C@H](C)NC(=O)[C@@H]2C[C@@H](O)CN2C(=O)CNC(=O)c2ccc3cc(F)ccc3n2)c(Cl)c1,O=C(NCC(=O)N1CCC[C@H]1C(=O)NCc1ccccc1)c1ccc2ccccc2n1,0.4695327,0.4695,0.7364865,0.7365,0.7779275,-9.9500,1.0000000,1.0000,[],91
2.2556,4.8186,81.6214,0.6753121,CC(NC(=O)[C@@H]1C[C@@H](O)CN1C(=O)CNC(=O)c1ccc2cc(F)ccc2n1)c1ccc(Cl)cc1,1,COc1ccc([C@H](C)NC(=O)[C@@H]2C[C@@H](O)CN2C(=O)CNC(=O)c2ccc3cc(F)ccc3n2)c(Cl)c1,O=C(NCC(=O)N1CCC[C@H]1C(=O)NCc1ccccc1)c1ccc2ccccc2n1,0.4834885,0.4835,0.8014184,0.8014,0.7326326,-9.4700,1.0000000,1.0000,[],91
2.3684,4.1297,72.0438,0.5951057,COc1ccc(CNC(=O)[C@@H]2C[C@@H](O)CN2C(=O)CNC(=O)c2ccc3cc(F)ccc3n2)cc1,1,COc1ccc([C@H](C)NC(=O)[C@@H]2C[C@@H](O)CN2C(=O)CNC(=O)c2ccc3cc(F)ccc3n2)c(Cl)c1,O=C(NCC(=O)N1CCC[C@H]1C(=O)NCc1ccccc1)c1ccc2ccccc2n1,0.4701237,0.4701,0.7832168,0.7832,0.5836347,-8.1600,1.0000000,1.0000,[],91
2.2689,4.2698,80.8253,0.6648056,C[C@@H](NC(=O)[C@@H]1C[C@@H](O)CN1C(=O)CNC(=O)c1ccc2cc(F)ccc2n1)c1ccc(Cl)cc1,1,COc1ccc([C@H](C)NC(=O)[C@@H]2C[C@@H](O)CN2C(=O)CNC(=O)c2ccc3cc(F)ccc3n2)c(Cl)c1,O=C(NCC(=O)N1CCC[C@H]1C(=O)NCc1ccccc1)c1ccc2ccccc2n1,0.4834885,0.4835,0.8014184,0.8014,0.7100135,-9.2500,1.0000000,1.0000,[],91
2.3019,4.3193,79.5056,0.6548825,O=C(NCC(=O)N1C[C@H](O)C[C@H]1C(=O)NCc1ccc(Cl)c(Cl)c1)c1ccc2cc(F)ccc2n1,1,COc1ccc([C@H](C)NC(=O)[C@@H]2C[C@@H](O)CN2C(=O)CNC(=O)c2ccc3cc(F)ccc3n2)c(Cl)c1,O=C(NCC(=O)N1CCC[C@H]1C(=O)NCc1ccccc1)c1ccc2ccccc2n1,0.4640416,0.4640,0.7114094,0.7114,0.7464290,-9.6100,1.0000000,1.0000,[],91
2.2376,3.8934,81.6967,0.6686721,O=C(NCC(=O)N1C[C@H](O)C[C@H]1C(=O)NCc1ccc(Cl)cc1)c1ccc2cc(F)ccc2n1,1,COc1ccc([C@H](C)NC(=O)[C@@H]2C[C@@H](O)CN2C(=O)CNC(=O)c2ccc3cc(F)ccc3n2)c(Cl)c1,O=C(NCC(=O)N1CCC[C@H]1C(=O)NCc1ccccc1)c1ccc2ccccc2n1,0.4955094,0.4955,0.7260274,0.7260,0.7454593,-9.6000,1.0000000,1.0000,[],91
2.3083,3.2004,77.2229,0.6283072,O=C(NCC(=O)N1C[C@H](O)C[C@H]1C(=O)NCc1cccc(Cl)c1)c1ccc2cc(F)ccc2n1,1,COc1ccc([C@H](C)NC(=O)[C@@H]2C[C@@H](O)CN2C(=O)CNC(=O)c2ccc3cc(F)ccc3n2)c(Cl)c1,O=C(NCC(=O)N1CCC[C@H]1C(=O)NCc1ccccc1)c1ccc2ccccc2n1,0.4955094,0.4955,0.7210884,0.7211,0.6604256,-8.8000,1.0000000,1.0000,[],91
2.3938,4.2413,70.9730,0.5876117,O=C(NCC(=O)N1C[C@H](O)C[C@H]1C(=O)N[C@@H](CO)c1cccc(Cl)c1)c1ccc2cc(F)ccc2n1,1,COc1ccc([C@H](C)NC(=O)[C@@H]2C[C@@H](O)CN2C(=O)CNC(=O)c2ccc3cc(F)ccc3n2)c(Cl)c1,O=C(NCC(=O)N1CCC[C@H]1C(=O)NCc1ccccc1)c1ccc2ccccc2n1,0.3782864,0.3783,0.7432432,0.7432,0.6511860,-8.7200,1.0000000,1.0000,[],91
2.3477,4.6734,74.2686,0.6167343,O=C(NCC(=O)N1C[C@H](O)C[C@H]1C(=O)N[C@H](CO)c1cccc(Cl)c1)c1ccc2cc(F)ccc2n1,1,COc1ccc([C@H](C)NC(=O)[C@@H]2C[C@@H](O)CN2C(=O)CNC(=O)c2ccc3cc(F)ccc3n2)c(Cl)c1,O=C(NCC(=O)N1CCC[C@H]1C(=O)NCc1ccccc1)c1ccc2ccccc2n1,0.3782864,0.3783,0.7432432,0.7432,0.7173324,-9.3200,1.0000000,1.0000,[],91
2.3075,8.7137,77.1655,0.6709312,CC(C)C(NC(=O)[C@@H]1C[C@@H](O)CN1C(=O)CNC(=O)c1ccc2cc(F)ccc2n1)c1ccc(Cl)cc1,1,COc1ccc([C@H](C)NC(=O)[C@@H]2C[C@@H](O)CN2C(=O)CNC(=O)c2ccc3cc(F)ccc3n2)c(Cl)c1,O=C(NCC(=O)N1CCC[C@H]1C(=O)NCc1ccccc1)c1ccc2ccccc2n1,0.4374885,0.4375,0.7619048,0.7619,0.7796905,-9.9700,1.0000000,1.0000,[],92
2.2450,4.0491,82.5249,0.6763589,CC(C)C(NC(=O)[C@@H]1C[C@@H](O)CN1C(=O)CNC(=O)c1ccc2cc(F)ccc2n1)c1ccccc1,1,COc1ccc([C@H](C)NC(=O)[C@@H]2C[C@@H](O)CN2C(=O)CNC(=O)c2ccc3cc(F)ccc3n2)c(Cl)c1,O=C(NCC(=O)N1CCC[C@H]1C(=O)NCc1ccccc1)c1ccc2ccccc2n1,0.4695327,0.4695,0.7364865,0.7365,0.7779275,-9.9500,1.0000000,1.0000,[],92
2.2645,4.8186,81.6214,0.6753121,CC(NC(=O)[C@@H]1C[C@@H](O)CN1C(=O)CNC(=O)c1ccc2cc(F)ccc2n1)c1ccc(Cl)cc1,1,COc1ccc([C@H](C)NC(=O)[C@@H]2C[C@@H](O)CN2C(=O)CNC(=O)c2ccc3cc(F)ccc3n2)c(Cl)c1,O=C(NCC(=O)N1CCC[C@H]1C(=O)NCc1ccccc1)c1ccc2ccccc2n1,0.4834885,0.4835,0.8014184,0.8014,0.7326326,-9.4700,1.0000000,1.0000,[],92
2.3731,4.1297,72.0438,0.5951057,COc1ccc(CNC(=O)[C@@H]2C[C@@H](O)CN2C(=O)CNC(=O)c2ccc3cc(F)ccc3n2)cc1,1,COc1ccc([C@H](C)NC(=O)[C@@H]2C[C@@H](O)CN2C(=O)CNC(=O)c2ccc3cc(F)ccc3n2)c(Cl)c1,O=C(NCC(=O)N1CCC[C@H]1C(=O)NCc1ccccc1)c1ccc2ccccc2n1,0.4701237,0.4701,0.7832168,0.7832,0.5836347,-8.1600,1.0000000,1.0000,[],92
2.2696,4.2698,80.8253,0.6648056,C[C@@H](NC(=O)[C@@H]1C[C@@H](O)CN1C(=O)CNC(=O)c1ccc2cc(F)ccc2n1)c1ccc(Cl)cc1,1,COc1ccc([C@H](C)NC(=O)[C@@H]2C[C@@H](O)CN2C(=O)CNC(=O)c2ccc3cc(F)ccc3n2)c(Cl)c1,O=C(NCC(=O)N1CCC[C@H]1C(=O)NCc1ccccc1)c1ccc2ccccc2n1,0.4834885,0.4835,0.8014184,0.8014,0.7100135,-9.2500,1.0000000,1.0000,[],92
2.2345,4.3193,79.5056,0.6548825,O=C(NCC(=O)N1C[C@H](O)C[C@H]1C(=O)NCc1ccc(Cl)c(Cl)c1)c1ccc2cc(F)ccc2n1,1,COc1ccc([C@H](C)NC(=O)[C@@H]2C[C@@H](O)CN2C(=O)CNC(=O)c2ccc3cc(F)ccc3n2)c(Cl)c1,O=C(NCC(=O)N1CCC[C@H]1C(=O)NCc1ccccc1)c1ccc2ccccc2n1,0.4640416,0.4640,0.7114094,0.7114,0.7464290,-9.6100,1.0000000,1.0000,[],92
2.2985,3.8934,81.6967,0.6686721,O=C(NCC(=O)N1C[C@H](O)C[C@H]1C(=O)NCc1ccc(Cl)cc1)c1ccc2cc(F)ccc2n1,1,COc1ccc([C@H](C)NC(=O)[C@@H]2C[C@@H](O)CN2C(=O)CNC(=O)c2ccc3cc(F)ccc3n2)c(Cl)c1,O=C(NCC(=O)N1CCC[C@H]1C(=O)NCc1ccccc1)c1ccc2ccccc2n1,0.4955094,0.4955,0.7260274,0.7260,0.7454593,-9.6000,1.0000000,1.0000,[],92
2.3115,3.2004,77.2229,0.6283072,O=C(NCC(=O)N1C[C@H](O)C[C@H]1C(=O)NCc1cccc(Cl)c1)c1ccc2cc(F)ccc2n1,1,COc1ccc([C@H](C)NC(=O)[C@@H]2C[C@@H](O)CN2C(=O)CNC(=O)c2ccc3cc(F)ccc3n2)c(Cl)c1,O=C(NCC(=O)N1CCC[C@H]1C(=O)NCc1ccccc1)c1ccc2ccccc2n1,0.4955094,0.4955,0.7210884,0.7211,0.6604256,-8.8000,1.0000000,1.0000,[],92
2.3936,4.2413,70.9730,0.5876117,O=C(NCC(=O)N1C[C@H](O)C[C@H]1C(=O)N[C@@H](CO)c1cccc(Cl)c1)c1ccc2cc(F)ccc2n1,1,COc1ccc([C@H](C)NC(=O)[C@@H]2C[C@@H](O)CN2C(=O)CNC(=O)c2ccc3cc(F)ccc3n2)c(Cl)c1,O=C(NCC(=O)N1CCC[C@H]1C(=O)NCc1ccccc1)c1ccc2ccccc2n1,0.3782864,0.3783,0.7432432,0.7432,0.6511860,-8.7200,1.0000000,1.0000,[],92
2.3475,4.6734,74.2686,0.6167343,O=C(NCC(=O)N1C[C@H](O)C[C@H]1C(=O)N[C@H](CO)c1cccc(Cl)c1)c1ccc2cc(F)ccc2n1,1,COc1ccc([C@H](C)NC(=O)[C@@H]2C[C@@H](O)CN2C(=O)CNC(=O)c2ccc3cc(F)ccc3n2)c(Cl)c1,O=C(NCC(=O)N1CCC[C@H]1C(=O)NCc1ccccc1)c1ccc2ccccc2n1,0.3782864,0.3783,0.7432432,0.7432,0.7173324,-9.3200,1.0000000,1.0000,[],92
2.3139,8.7137,77.1655,0.6709312,CC(C)C(NC(=O)[C@@H]1C[C@@H](O)CN1C(=O)CNC(=O)c1ccc2cc(F)ccc2n1)c1ccc(Cl)cc1,1,COc1ccc([C@H](C)NC(=O)[C@@H]2C[C@@H](O)CN2C(=O)CNC(=O)c2ccc3cc(F)ccc3n2)c(Cl)c1,O=C(NCC(=O)N1CCC[C@H]1C(=O)NCc1ccccc1)c1ccc2ccccc2n1,0.4374885,0.4375,0.7619048,0.7619,0.7796905,-9.9700,1.0000000,1.0000,[],93
2.2494,4.0491,82.5249,0.6763589,CC(C)C(NC(=O)[C@@H]1C[C@@H](O)CN1C(=O)CNC(=O)c1ccc2cc(F)ccc2n1)c1ccccc1,1,COc1ccc([C@H](C)NC(=O)[C@@H]2C[C@@H](O)CN2C(=O)CNC(=O)c2ccc3cc(F)ccc3n2)c(Cl)c1,O=C(NCC(=O)N1CCC[C@H]1C(=O)NCc1ccccc1)c1ccc2ccccc2n1,0.4695327,0.4695,0.7364865,0.7365,0.7779275,-9.9500,1.0000000,1.0000,[],93
2.2476,4.8186,81.6214,0.6753121,CC(NC(=O)[C@@H]1C[C@@H](O)CN1C(=O)CNC(=O)c1ccc2cc(F)ccc2n1)c1ccc(Cl)cc1,1,COc1ccc([C@H](C)NC(=O)[C@@H]2C[C@@H](O)CN2C(=O)CNC(=O)c2ccc3cc(F)ccc3n2)c(Cl)c1,O=C(NCC(=O)N1CCC[C@H]1C(=O)NCc1ccccc1)c1ccc2ccccc2n1,0.4834885,0.4835,0.8014184,0.8014,0.7326326,-9.4700,1.0000000,1.0000,[],93
2.3747,4.1297,72.0438,0.5951057,COc1ccc(CNC(=O)[C@@H]2C[C@@H](O)CN2C(=O)CNC(=O)c2ccc3cc(F)ccc3n2)cc1,1,COc1ccc([C@H](C)NC(=O)[C@@H]2C[C@@H](O)CN2C(=O)CNC(=O)c2ccc3cc(F)ccc3n2)c(Cl)c1,O=C(NCC(=O)N1CCC[C@H]1C(=O)NCc1ccccc1)c1ccc2ccccc2n1,0.4701237,0.4701,0.7832168,0.7832,0.5836347,-8.1600,1.0000000,1.0000,[],93
2.2657,4.2698,80.8253,0.6648056,C[C@@H](NC(=O)[C@@H]1C[C@@H](O)CN1C(=O)CNC(=O)c1ccc2cc(F)ccc2n1)c1ccc(Cl)cc1,1,COc1ccc([C@H](C)NC(=O)[C@@H]2C[C@@H](O)CN2C(=O)CNC(=O)c2ccc3cc(F)ccc3n2)c(Cl)c1,O=C(NCC(=O)N1CCC[C@H]1C(=O)NCc1ccccc1)c1ccc2ccccc2n1,0.4834885,0.4835,0.8014184,0.8014,0.7100135,-9.2500,1.0000000,1.0000,[],93
2.3367,4.3193,79.5056,0.6548825,O=C(NCC(=O)N1C[C@H](O)C[C@H]1C(=O)NCc1ccc(Cl)c(Cl)c1)c1ccc2cc(F)ccc2n1,1,COc1ccc([C@H](C)NC(=O)[C@@H]2C[C@@H](O)CN2C(=O)CNC(=O)c2ccc3cc(F)ccc3n2)c(Cl)c1,O=C(NCC(=O)N1CCC[C@H]1C(=O)NCc1ccccc1)c1ccc2ccccc2n1,0.4640416,0.4640,0.7114094,0.7114,0.7464290,-9.6100,1.0000000,1.0000,[],93
2.2013,3.8934,81.6967,0.6686721,O=C(NCC(=O)N1C[C@H](O)C[C@H]1C(=O)NCc1ccc(Cl)cc1)c1ccc2cc(F)ccc2n1,1,COc1ccc([C@H](C)NC(=O)[C@@H]2C[C@@H](O)CN2C(=O)CNC(=O)c2ccc3cc(F)ccc3n2)c(Cl)c1,O=C(NCC(=O)N1CCC[C@H]1C(=O)NCc1ccccc1)c1ccc2ccccc2n1,0.4955094,0.4955,0.7260274,0.7260,0.7454593,-9.6000,1.0000000,1.0000,[],93
2.3182,3.2004,77.2229,0.6283072,O=C(NCC(=O)N1C[C@H](O)C[C@H]1C(=O)NCc1cccc(Cl)c1)c1ccc2cc(F)ccc2n1,1,COc1ccc([C@H](C)NC(=O)[C@@H]2C[C@@H](O)CN2C(=O)CNC(=O)c2ccc3cc(F)ccc3n2)c(Cl)c1,O=C(NCC(=O)N1CCC[C@H]1C(=O)NCc1ccccc1)c1ccc2ccccc2n1,0.4955094,0.4955,0.7210884,0.7211,0.6604256,-8.8000,1.0000000,1.0000,[],93
2.3928,4.2413,70.9730,0.5876117,O=C(NCC(=O)N1C[C@H](O)C[C@H]1C(=O)N[C@@H](CO)c1cccc(Cl)c1)c1ccc2cc(F)ccc2n1,1,COc1ccc([C@H](C)NC(=O)[C@@H]2C[C@@H](O)CN2C(=O)CNC(=O)c2ccc3cc(F)ccc3n2)c(Cl)c1,O=C(NCC(=O)N1CCC[C@H]1C(=O)NCc1ccccc1)c1ccc2ccccc2n1,0.3782864,0.3783,0.7432432,0.7432,0.6511860,-8.7200,1.0000000,1.0000,[],93
2.3494,4.6734,74.2686,0.6167343,O=C(NCC(=O)N1C[C@H](O)C[C@H]1C(=O)N[C@H](CO)c1cccc(Cl)c1)c1ccc2cc(F)ccc2n1,1,COc1ccc([C@H](C)NC(=O)[C@@H]2C[C@@H](O)CN2C(=O)CNC(=O)c2ccc3cc(F)ccc3n2)c(Cl)c1,O=C(NCC(=O)N1CCC[C@H]1C(=O)NCc1ccccc1)c1ccc2ccccc2n1,0.3782864,0.3783,0.7432432,0.7432,0.7173324,-9.3200,1.0000000,1.0000,[],93
2.3045,8.7137,77.1655,0.6709312,CC(C)C(NC(=O)[C@@H]1C[C@@H](O)CN1C(=O)CNC(=O)c1ccc2cc(F)ccc2n1)c1ccc(Cl)cc1,1,COc1ccc([C@H](C)NC(=O)[C@@H]2C[C@@H](O)CN2C(=O)CNC(=O)c2ccc3cc(F)ccc3n2)c(Cl)c1,O=C(NCC(=O)N1CCC[C@H]1C(=O)NCc1ccccc1)c1ccc2ccccc2n1,0.4374885,0.4375,0.7619048,0.7619,0.7796905,-9.9700,1.0000000,1.0000,[],94
2.2457,4.0491,82.5249,0.6763589,CC(C)C(NC(=O)[C@@H]1C[C@@H](O)CN1C(=O)CNC(=O)c1ccc2cc(F)ccc2n1)c1ccccc1,1,COc1ccc([C@H](C)NC(=O)[C@@H]2C[C@@H](O)CN2C(=O)CNC(=O)c2ccc3cc(F)ccc3n2)c(Cl)c1,O=C(NCC(=O)N1CCC[C@H]1C(=O)NCc1ccccc1)c1ccc2ccccc2n1,0.4695327,0.4695,0.7364865,0.7365,0.7779275,-9.9500,1.0000000,1.0000,[],94
2.2653,4.8186,81.6214,0.6753121,CC(NC(=O)[C@@H]1C[C@@H](O)CN1C(=O)CNC(=O)c1ccc2cc(F)ccc2n1)c1ccc(Cl)cc1,1,COc1ccc([C@H](C)NC(=O)[C@@H]2C[C@@H](O)CN2C(=O)CNC(=O)c2ccc3cc(F)ccc3n2)c(Cl)c1,O=C(NCC(=O)N1CCC[C@H]1C(=O)NCc1ccccc1)c1ccc2ccccc2n1,0.4834885,0.4835,0.8014184,0.8014,0.7326326,-9.4700,1.0000000,1.0000,[],94
2.3820,4.1297,72.0438,0.5951057,COc1ccc(CNC(=O)[C@@H]2C[C@@H](O)CN2C(=O)CNC(=O)c2ccc3cc(F)ccc3n2)cc1,1,COc1ccc([C@H](C)NC(=O)[C@@H]2C[C@@H](O)CN2C(=O)CNC(=O)c2ccc3cc(F)ccc3n2)c(Cl)c1,O=C(NCC(=O)N1CCC[C@H]1C(=O)NCc1ccccc1)c1ccc2ccccc2n1,0.4701237,0.4701,0.7832168,0.7832,0.5836347,-8.1600,1.0000000,1.0000,[],94
2.2673,4.2698,80.8253,0.6648056,C[C@@H](NC(=O)[C@@H]1C[C@@H](O)CN1C(=O)CNC(=O)c1ccc2cc(F)ccc2n1)c1ccc(Cl)cc1,1,COc1ccc([C@H](C)NC(=O)[C@@H]2C[C@@H](O)CN2C(=O)CNC(=O)c2ccc3cc(F)ccc3n2)c(Cl)c1,O=C(NCC(=O)N1CCC[C@H]1C(=O)NCc1ccccc1)c1ccc2ccccc2n1,0.4834885,0.4835,0.8014184,0.8014,0.7100135,-9.2500,1.0000000,1.0000,[],94
2.2333,4.3193,79.5056,0.6548825,O=C(NCC(=O)N1C[C@H](O)C[C@H]1C(=O)NCc1ccc(Cl)c(Cl)c1)c1ccc2cc(F)ccc2n1,1,COc1ccc([C@H](C)NC(=O)[C@@H]2C[C@@H](O)CN2C(=O)CNC(=O)c2ccc3cc(F)ccc3n2)c(Cl)c1,O=C(NCC(=O)N1CCC[C@H]1C(=O)NCc1ccccc1)c1ccc2ccccc2n1,0.4640416,0.4640,0.7114094,0.7114,0.7464290,-9.6100,1.0000000,1.0000,[],94
2.3011,3.8934,81.6967,0.6686721,O=C(NCC(=O)N1C[C@H](O)C[C@H]1C(=O)NCc1ccc(Cl)cc1)c1ccc2cc(F)ccc2n1,1,COc1ccc([C@H](C)NC(=O)[C@@H]2C[C@@H](O)CN2C(=O)CNC(=O)c2ccc3cc(F)ccc3n2)c(Cl)c1,O=C(NCC(=O)N1CCC[C@H]1C(=O)NCc1ccccc1)c1ccc2ccccc2n1,0.4955094,0.4955,0.7260274,0.7260,0.7454593,-9.6000,1.0000000,1.0000,[],94
2.3148,3.2004,77.2229,0.6283072,O=C(NCC(=O)N1C[C@H](O)C[C@H]1C(=O)NCc1cccc(Cl)c1)c1ccc2cc(F)ccc2n1,1,COc1ccc([C@H](C)NC(=O)[C@@H]2C[C@@H](O)CN2C(=O)CNC(=O)c2ccc3cc(F)ccc3n2)c(Cl)c1,O=C(NCC(=O)N1CCC[C@H]1C(=O)NCc1ccccc1)c1ccc2ccccc2n1,0.4955094,0.4955,0.7210884,0.7211,0.6604256,-8.8000,1.0000000,1.0000,[],94
2.3868,4.2413,70.9730,0.5876117,O=C(NCC(=O)N1C[C@H](O)C[C@H]1C(=O)N[C@@H](CO)c1cccc(Cl)c1)c1ccc2cc(F)ccc2n1,1,COc1ccc([C@H](C)NC(=O)[C@@H]2C[C@@H](O)CN2C(=O)CNC(=O)c2ccc3cc(F)ccc3n2)c(Cl)c1,O=C(NCC(=O)N1CCC[C@H]1C(=O)NCc1ccccc1)c1ccc2ccccc2n1,0.3782864,0.3783,0.7432432,0.7432,0.6511860,-8.7200,1.0000000,1.0000,[],94
2.3445,4.6734,74.2686,0.6167343,O=C(NCC(=O)N1C[C@H](O)C[C@H]1C(=O)N[C@H](CO)c1cccc(Cl)c1)c1ccc2cc(F)ccc2n1,1,COc1ccc([C@H](C)NC(=O)[C@@H]2C[C@@H](O)CN2C(=O)CNC(=O)c2ccc3cc(F)ccc3n2)c(Cl)c1,O=C(NCC(=O)N1CCC[C@H]1C(=O)NCc1ccccc1)c1ccc2ccccc2n1,0.3782864,0.3783,0.7432432,0.7432,0.7173324,-9.3200,1.0000000,1.0000,[],94
2.3131,8.7137,77.1655,0.6709312,CC(C)C(NC(=O)[C@@H]1C[C@@H](O)CN1C(=O)CNC(=O)c1ccc2cc(F)ccc2n1)c1ccc(Cl)cc1,1,COc1ccc([C@H](C)NC(=O)[C@@H]2C[C@@H](O)CN2C(=O)CNC(=O)c2ccc3cc(F)ccc3n2)c(Cl)c1,O=C(NCC(=O)N1CCC[C@H]1C(=O)NCc1ccccc1)c1ccc2ccccc2n1,0.4374885,0.4375,0.7619048,0.7619,0.7796905,-9.9700,1.0000000,1.0000,[],95
2.2483,4.0491,82.5249,0.6763589,CC(C)C(NC(=O)[C@@H]1C[C@@H](O)CN1C(=O)CNC(=O)c1ccc2cc(F)ccc2n1)c1ccccc1,1,COc1ccc([C@H](C)NC(=O)[C@@H]2C[C@@H](O)CN2C(=O)CNC(=O)c2ccc3cc(F)ccc3n2)c(Cl)c1,O=C(NCC(=O)N1CCC[C@H]1C(=O)NCc1ccccc1)c1ccc2ccccc2n1,0.4695327,0.4695,0.7364865,0.7365,0.7779275,-9.9500,1.0000000,1.0000,[],95
2.2508,4.8186,81.6214,0.6753121,CC(NC(=O)[C@@H]1C[C@@H](O)CN1C(=O)CNC(=O)c1ccc2cc(F)ccc2n1)c1ccc(Cl)cc1,1,COc1ccc([C@H](C)NC(=O)[C@@H]2C[C@@H](O)CN2C(=O)CNC(=O)c2ccc3cc(F)ccc3n2)c(Cl)c1,O=C(NCC(=O)N1CCC[C@H]1C(=O)NCc1ccccc1)c1ccc2ccccc2n1,0.4834885,0.4835,0.8014184,0.8014,0.7326326,-9.4700,1.0000000,1.0000,[],95
2.3825,4.1297,72.0438,0.5951057,COc1ccc(CNC(=O)[C@@H]2C[C@@H](O)CN2C(=O)CNC(=O)c2ccc3cc(F)ccc3n2)cc1,1,COc1ccc([C@H](C)NC(=O)[C@@H]2C[C@@H](O)CN2C(=O)CNC(=O)c2ccc3cc(F)ccc3n2)c(Cl)c1,O=C(NCC(=O)N1CCC[C@H]1C(=O)NCc1ccccc1)c1ccc2ccccc2n1,0.4701237,0.4701,0.7832168,0.7832,0.5836347,-8.1600,1.0000000,1.0000,[],95
2.2639,4.2698,80.8253,0.6648056,C[C@@H](NC(=O)[C@@H]1C[C@@H](O)CN1C(=O)CNC(=O)c1ccc2cc(F)ccc2n1)c1ccc(Cl)cc1,1,COc1ccc([C@H](C)NC(=O)[C@@H]2C[C@@H](O)CN2C(=O)CNC(=O)c2ccc3cc(F)ccc3n2)c(Cl)c1,O=C(NCC(=O)N1CCC[C@H]1C(=O)NCc1ccccc1)c1ccc2ccccc2n1,0.4834885,0.4835,0.8014184,0.8014,0.7100135,-9.2500,1.0000000,1.0000,[],95
2.3090,4.3193,79.5056,0.6548825,O=C(NCC(=O)N1C[C@H](O)C[C@H]1C(=O)NCc1ccc(Cl)c(Cl)c1)c1ccc2cc(F)ccc2n1,1,COc1ccc([C@H](C)NC(=O)[C@@H]2C[C@@H](O)CN2C(=O)CNC(=O)c2ccc3cc(F)ccc3n2)c(Cl)c1,O=C(NCC(=O)N1CCC[C@H]1C(=O)NCc1ccccc1)c1ccc2ccccc2n1,0.4640416,0.4640,0.7114094,0.7114,0.7464290,-9.6100,1.0000000,1.0000,[],95
2.2298,3.8934,81.6967,0.6686721,O=C(NCC(=O)N1C[C@H](O)C[C@H]1C(=O)NCc1ccc(Cl)cc1)c1ccc2cc(F)ccc2n1,1,COc1ccc([C@H](C)NC(=O)[C@@H]2C[C@@H](O)CN2C(=O)CNC(=O)c2ccc3cc(F)ccc3n2)c(Cl)c1,O=C(NCC(=O)N1CCC[C@H]1C(=O)NCc1ccccc1)c1ccc2ccccc2n1,0.4955094,0.4955,0.7260274,0.7260,0.7454593,-9.6000,1.0000000,1.0000,[],95
2.3123,3.2004,77.2229,0.6283072,O=C(NCC(=O)N1C[C@H](O)C[C@H]1C(=O)NCc1cccc(Cl)c1)c1ccc2cc(F)ccc2n1,1,COc1ccc([C@H](C)NC(=O)[C@@H]2C[C@@H](O)CN2C(=O)CNC(=O)c2ccc3cc(F)ccc3n2)c(Cl)c1,O=C(NCC(=O)N1CCC[C@H]1C(=O)NCc1ccccc1)c1ccc2ccccc2n1,0.4955094,0.4955,0.7210884,0.7211,0.6604256,-8.8000,1.0000000,1.0000,[],95
2.3887,4.2413,70.9730,0.5876117,O=C(NCC(=O)N1C[C@H](O)C[C@H]1C(=O)N[C@@H](CO)c1cccc(Cl)c1)c1ccc2cc(F)ccc2n1,1,COc1ccc([C@H](C)NC(=O)[C@@H]2C[C@@H](O)CN2C(=O)CNC(=O)c2ccc3cc(F)ccc3n2)c(Cl)c1,O=C(NCC(=O)N1CCC[C@H]1C(=O)NCc1ccccc1)c1ccc2ccccc2n1,0.3782864,0.3783,0.7432432,0.7432,0.6511860,-8.7200,1.0000000,1.0000,[],95
2.3481,4.6734,74.2686,0.6167343,O=C(NCC(=O)N1C[C@H](O)C[C@H]1C(=O)N[C@H](CO)c1cccc(Cl)c1)c1ccc2cc(F)ccc2n1,1,COc1ccc([C@H](C)NC(=O)[C@@H]2C[C@@H](O)CN2C(=O)CNC(=O)c2ccc3cc(F)ccc3n2)c(Cl)c1,O=C(NCC(=O)N1CCC[C@H]1C(=O)NCc1ccccc1)c1ccc2ccccc2n1,0.3782864,0.3783,0.7432432,0.7432,0.7173324,-9.3200,1.0000000,1.0000,[],95
2.3112,8.7137,77.1655,0.6709312,CC(C)C(NC(=O)[C@@H]1C[C@@H](O)CN1C(=O)CNC(=O)c1ccc2cc(F)ccc2n1)c1ccc(Cl)cc1,1,COc1ccc([C@H](C)NC(=O)[C@@H]2C[C@@H](O)CN2C(=O)CNC(=O)c2ccc3cc(F)ccc3n2)c(Cl)c1,O=C(NCC(=O)N1CCC[C@H]1C(=O)NCc1ccccc1)c1ccc2ccccc2n1,0.4374885,0.4375,0.7619048,0.7619,0.7796905,-9.9700,1.0000000,1.0000,[],96
2.2452,4.0491,82.5249,0.6763589,CC(C)C(NC(=O)[C@@H]1C[C@@H](O)CN1C(=O)CNC(=O)c1ccc2cc(F)ccc2n1)c1ccccc1,1,COc1ccc([C@H](C)NC(=O)[C@@H]2C[C@@H](O)CN2C(=O)CNC(=O)c2ccc3cc(F)ccc3n2)c(Cl)c1,O=C(NCC(=O)N1CCC[C@H]1C(=O)NCc1ccccc1)c1ccc2ccccc2n1,0.4695327,0.4695,0.7364865,0.7365,0.7779275,-9.9500,1.0000000,1.0000,[],96
2.2584,4.8186,81.6214,0.6753121,CC(NC(=O)[C@@H]1C[C@@H](O)CN1C(=O)CNC(=O)c1ccc2cc(F)ccc2n1)c1ccc(Cl)cc1,1,COc1ccc([C@H](C)NC(=O)[C@@H]2C[C@@H](O)CN2C(=O)CNC(=O)c2ccc3cc(F)ccc3n2)c(Cl)c1,O=C(NCC(=O)N1CCC[C@H]1C(=O)NCc1ccccc1)c1ccc2ccccc2n1,0.4834885,0.4835,0.8014184,0.8014,0.7326326,-9.4700,1.0000000,1.0000,[],96
2.3825,4.1297,72.0438,0.5951057,COc1ccc(CNC(=O)[C@@H]2C[C@@H](O)CN2C(=O)CNC(=O)c2ccc3cc(F)ccc3n2)cc1,1,COc1ccc([C@H](C)NC(=O)[C@@H]2C[C@@H](O)CN2C(=O)CNC(=O)c2ccc3cc(F)ccc3n2)c(Cl)c1,O=C(NCC(=O)N1CCC[C@H]1C(=O)NCc1ccccc1)c1ccc2ccccc2n1,0.4701237,0.4701,0.7832168,0.7832,0.5836347,-8.1600,1.0000000,1.0000,[],96
2.2625,4.2698,80.8253,0.6648056,C[C@@H](NC(=O)[C@@H]1C[C@@H](O)CN1C(=O)CNC(=O)c1ccc2cc(F)ccc2n1)c1ccc(Cl)cc1,1,COc1ccc([C@H](C)NC(=O)[C@@H]2C[C@@H](O)CN2C(=O)CNC(=O)c2ccc3cc(F)ccc3n2)c(Cl)c1,O=C(NCC(=O)N1CCC[C@H]1C(=O)NCc1ccccc1)c1ccc2ccccc2n1,0.4834885,0.4835,0.8014184,0.8014,0.7100135,-9.2500,1.0000000,1.0000,[],96
2.2820,4.3193,79.5056,0.6548825,O=C(NCC(=O)N1C[C@H](O)C[C@H]1C(=O)NCc1ccc(Cl)c(Cl)c1)c1ccc2cc(F)ccc2n1,1,COc1ccc([C@H](C)NC(=O)[C@@H]2C[C@@H](O)CN2C(=O)CNC(=O)c2ccc3cc(F)ccc3n2)c(Cl)c1,O=C(NCC(=O)N1CCC[C@H]1C(=O)NCc1ccccc1)c1ccc2ccccc2n1,0.4640416,0.4640,0.7114094,0.7114,0.7464290,-9.6100,1.0000000,1.0000,[],96
2.2570,3.8934,81.6967,0.6686721,O=C(NCC(=O)N1C[C@H](O)C[C@H]1C(=O)NCc1ccc(Cl)cc1)c1ccc2cc(F)ccc2n1,1,COc1ccc([C@H](C)NC(=O)[C@@H]2C[C@@H](O)CN2C(=O)CNC(=O)c2ccc3cc(F)ccc3n2)c(Cl)c1,O=C(NCC(=O)N1CCC[C@H]1C(=O)NCc1ccccc1)c1ccc2ccccc2n1,0.4955094,0.4955,0.7260274,0.7260,0.7454593,-9.6000,1.0000000,1.0000,[],96
2.3060,3.2004,77.2229,0.6283072,O=C(NCC(=O)N1C[C@H](O)C[C@H]1C(=O)NCc1cccc(Cl)c1)c1ccc2cc(F)ccc2n1,1,COc1ccc([C@H](C)NC(=O)[C@@H]2C[C@@H](O)CN2C(=O)CNC(=O)c2ccc3cc(F)ccc3n2)c(Cl)c1,O=C(NCC(=O)N1CCC[C@H]1C(=O)NCc1ccccc1)c1ccc2ccccc2n1,0.4955094,0.4955,0.7210884,0.7211,0.6604256,-8.8000,1.0000000,1.0000,[],96
2.3907,4.2413,70.9730,0.5876117,O=C(NCC(=O)N1C[C@H](O)C[C@H]1C(=O)N[C@@H](CO)c1cccc(Cl)c1)c1ccc2cc(F)ccc2n1,1,COc1ccc([C@H](C)NC(=O)[C@@H]2C[C@@H](O)CN2C(=O)CNC(=O)c2ccc3cc(F)ccc3n2)c(Cl)c1,O=C(NCC(=O)N1CCC[C@H]1C(=O)NCc1ccccc1)c1ccc2ccccc2n1,0.3782864,0.3783,0.7432432,0.7432,0.6511860,-8.7200,1.0000000,1.0000,[],96
2.3494,4.6734,74.2686,0.6167343,O=C(NCC(=O)N1C[C@H](O)C[C@H]1C(=O)N[C@H](CO)c1cccc(Cl)c1)c1ccc2cc(F)ccc2n1,1,COc1ccc([C@H](C)NC(=O)[C@@H]2C[C@@H](O)CN2C(=O)CNC(=O)c2ccc3cc(F)ccc3n2)c(Cl)c1,O=C(NCC(=O)N1CCC[C@H]1C(=O)NCc1ccccc1)c1ccc2ccccc2n1,0.3782864,0.3783,0.7432432,0.7432,0.7173324,-9.3200,1.0000000,1.0000,[],96
2.3107,8.7137,77.1655,0.6709312,CC(C)C(NC(=O)[C@@H]1C[C@@H](O)CN1C(=O)CNC(=O)c1ccc2cc(F)ccc2n1)c1ccc(Cl)cc1,1,COc1ccc([C@H](C)NC(=O)[C@@H]2C[C@@H](O)CN2C(=O)CNC(=O)c2ccc3cc(F)ccc3n2)c(Cl)c1,O=C(NCC(=O)N1CCC[C@H]1C(=O)NCc1ccccc1)c1ccc2ccccc2n1,0.4374885,0.4375,0.7619048,0.7619,0.7796905,-9.9700,1.0000000,1.0000,[],97
2.2453,4.0491,82.5249,0.6763589,CC(C)C(NC(=O)[C@@H]1C[C@@H](O)CN1C(=O)CNC(=O)c1ccc2cc(F)ccc2n1)c1ccccc1,1,COc1ccc([C@H](C)NC(=O)[C@@H]2C[C@@H](O)CN2C(=O)CNC(=O)c2ccc3cc(F)ccc3n2)c(Cl)c1,O=C(NCC(=O)N1CCC[C@H]1C(=O)NCc1ccccc1)c1ccc2ccccc2n1,0.4695327,0.4695,0.7364865,0.7365,0.7779275,-9.9500,1.0000000,1.0000,[],97
2.2603,4.8186,81.6214,0.6753121,CC(NC(=O)[C@@H]1C[C@@H](O)CN1C(=O)CNC(=O)c1ccc2cc(F)ccc2n1)c1ccc(Cl)cc1,1,COc1ccc([C@H](C)NC(=O)[C@@H]2C[C@@H](O)CN2C(=O)CNC(=O)c2ccc3cc(F)ccc3n2)c(Cl)c1,O=C(NCC(=O)N1CCC[C@H]1C(=O)NCc1ccccc1)c1ccc2ccccc2n1,0.4834885,0.4835,0.8014184,0.8014,0.7326326,-9.4700,1.0000000,1.0000,[],97
2.3810,4.1297,72.0438,0.5951057,COc1ccc(CNC(=O)[C@@H]2C[C@@H](O)CN2C(=O)CNC(=O)c2ccc3cc(F)ccc3n2)cc1,1,COc1ccc([C@H](C)NC(=O)[C@@H]2C[C@@H](O)CN2C(=O)CNC(=O)c2ccc3cc(F)ccc3n2)c(Cl)c1,O=C(NCC(=O)N1CCC[C@H]1C(=O)NCc1ccccc1)c1ccc2ccccc2n1,0.4701237,0.4701,0.7832168,0.7832,0.5836347,-8.1600,1.0000000,1.0000,[],97
2.2627,4.2698,80.8253,0.6648056,C[C@@H](NC(=O)[C@@H]1C[C@@H](O)CN1C(=O)CNC(=O)c1ccc2cc(F)ccc2n1)c1ccc(Cl)cc1,1,COc1ccc([C@H](C)NC(=O)[C@@H]2C[C@@H](O)CN2C(=O)CNC(=O)c2ccc3cc(F)ccc3n2)c(Cl)c1,O=C(NCC(=O)N1CCC[C@H]1C(=O)NCc1ccccc1)c1ccc2ccccc2n1,0.4834885,0.4835,0.8014184,0.8014,0.7100135,-9.2500,1.0000000,1.0000,[],97
2.2606,4.3193,79.5056,0.6548825,O=C(NCC(=O)N1C[C@H](O)C[C@H]1C(=O)NCc1ccc(Cl)c(Cl)c1)c1ccc2cc(F)ccc2n1,1,COc1ccc([C@H](C)NC(=O)[C@@H]2C[C@@H](O)CN2C(=O)CNC(=O)c2ccc3cc(F)ccc3n2)c(Cl)c1,O=C(NCC(=O)N1CCC[C@H]1C(=O)NCc1ccccc1)c1ccc2ccccc2n1,0.4640416,0.4640,0.7114094,0.7114,0.7464290,-9.6100,1.0000000,1.0000,[],97
2.2805,3.8934,81.6967,0.6686721,O=C(NCC(=O)N1C[C@H](O)C[C@H]1C(=O)NCc1ccc(Cl)cc1)c1ccc2cc(F)ccc2n1,1,COc1ccc([C@H](C)NC(=O)[C@@H]2C[C@@H](O)CN2C(=O)CNC(=O)c2ccc3cc(F)ccc3n2)c(Cl)c1,O=C(NCC(=O)N1CCC[C@H]1C(=O)NCc1ccccc1)c1ccc2ccccc2n1,0.4955094,0.4955,0.7260274,0.7260,0.7454593,-9.6000,1.0000000,1.0000,[],97
2.3035,3.2004,77.2229,0.6283072,O=C(NCC(=O)N1C[C@H](O)C[C@H]1C(=O)NCc1cccc(Cl)c1)c1ccc2cc(F)ccc2n1,1,COc1ccc([C@H](C)NC(=O)[C@@H]2C[C@@H](O)CN2C(=O)CNC(=O)c2ccc3cc(F)ccc3n2)c(Cl)c1,O=C(NCC(=O)N1CCC[C@H]1C(=O)NCc1ccccc1)c1ccc2ccccc2n1,0.4955094,0.4955,0.7210884,0.7211,0.6604256,-8.8000,1.0000000,1.0000,[],97
2.3916,4.2413,70.9730,0.5876117,O=C(NCC(=O)N1C[C@H](O)C[C@H]1C(=O)N[C@@H](CO)c1cccc(Cl)c1)c1ccc2cc(F)ccc2n1,1,COc1ccc([C@H](C)NC(=O)[C@@H]2C[C@@H](O)CN2C(=O)CNC(=O)c2ccc3cc(F)ccc3n2)c(Cl)c1,O=C(NCC(=O)N1CCC[C@H]1C(=O)NCc1ccccc1)c1ccc2ccccc2n1,0.3782864,0.3783,0.7432432,0.7432,0.6511860,-8.7200,1.0000000,1.0000,[],97
2.3483,4.6734,74.2686,0.6167343,O=C(NCC(=O)N1C[C@H](O)C[C@H]1C(=O)N[C@H](CO)c1cccc(Cl)c1)c1ccc2cc(F)ccc2n1,1,COc1ccc([C@H](C)NC(=O)[C@@H]2C[C@@H](O)CN2C(=O)CNC(=O)c2ccc3cc(F)ccc3n2)c(Cl)c1,O=C(NCC(=O)N1CCC[C@H]1C(=O)NCc1ccccc1)c1ccc2ccccc2n1,0.3782864,0.3783,0.7432432,0.7432,0.7173324,-9.3200,1.0000000,1.0000,[],97
2.3154,8.7137,77.1655,0.6709312,CC(C)C(NC(=O)[C@@H]1C[C@@H](O)CN1C(=O)CNC(=O)c1ccc2cc(F)ccc2n1)c1ccc(Cl)cc1,1,COc1ccc([C@H](C)NC(=O)[C@@H]2C[C@@H](O)CN2C(=O)CNC(=O)c2ccc3cc(F)ccc3n2)c(Cl)c1,O=C(NCC(=O)N1CCC[C@H]1C(=O)NCc1ccccc1)c1ccc2ccccc2n1,0.4374885,0.4375,0.7619048,0.7619,0.7796905,-9.9700,1.0000000,1.0000,[],98
2.2481,4.0491,82.5249,0.6763589,CC(C)C(NC(=O)[C@@H]1C[C@@H](O)CN1C(=O)CNC(=O)c1ccc2cc(F)ccc2n1)c1ccccc1,1,COc1ccc([C@H](C)NC(=O)[C@@H]2C[C@@H](O)CN2C(=O)CNC(=O)c2ccc3cc(F)ccc3n2)c(Cl)c1,O=C(NCC(=O)N1CCC[C@H]1C(=O)NCc1ccccc1)c1ccc2ccccc2n1,0.4695327,0.4695,0.7364865,0.7365,0.7779275,-9.9500,1.0000000,1.0000,[],98
2.2505,4.8186,81.6214,0.6753121,CC(NC(=O)[C@@H]1C[C@@H](O)CN1C(=O)CNC(=O)c1ccc2cc(F)ccc2n1)c1ccc(Cl)cc1,1,COc1ccc([C@H](C)NC(=O)[C@@H]2C[C@@H](O)CN2C(=O)CNC(=O)c2ccc3cc(F)ccc3n2)c(Cl)c1,O=C(NCC(=O)N1CCC[C@H]1C(=O)NCc1ccccc1)c1ccc2ccccc2n1,0.4834885,0.4835,0.8014184,0.8014,0.7326326,-9.4700,1.0000000,1.0000,[],98
2.3775,4.1297,72.0438,0.5951057,COc1ccc(CNC(=O)[C@@H]2C[C@@H](O)CN2C(=O)CNC(=O)c2ccc3cc(F)ccc3n2)cc1,1,COc1ccc([C@H](C)NC(=O)[C@@H]2C[C@@H](O)CN2C(=O)CNC(=O)c2ccc3cc(F)ccc3n2)c(Cl)c1,O=C(NCC(=O)N1CCC[C@H]1C(=O)NCc1ccccc1)c1ccc2ccccc2n1,0.4701237,0.4701,0.7832168,0.7832,0.5836347,-8.1600,1.0000000,1.0000,[],98
2.2638,4.2698,80.8253,0.6648056,C[C@@H](NC(=O)[C@@H]1C[C@@H](O)CN1C(=O)CNC(=O)c1ccc2cc(F)ccc2n1)c1ccc(Cl)cc1,1,COc1ccc([C@H](C)NC(=O)[C@@H]2C[C@@H](O)CN2C(=O)CNC(=O)c2ccc3cc(F)ccc3n2)c(Cl)c1,O=C(NCC(=O)N1CCC[C@H]1C(=O)NCc1ccccc1)c1ccc2ccccc2n1,0.4834885,0.4835,0.8014184,0.8014,0.7100135,-9.2500,1.0000000,1.0000,[],98
2.3242,4.3193,79.5056,0.6548825,O=C(NCC(=O)N1C[C@H](O)C[C@H]1C(=O)NCc1ccc(Cl)c(Cl)c1)c1ccc2cc(F)ccc2n1,1,COc1ccc([C@H](C)NC(=O)[C@@H]2C[C@@H](O)CN2C(=O)CNC(=O)c2ccc3cc(F)ccc3n2)c(Cl)c1,O=C(NCC(=O)N1CCC[C@H]1C(=O)NCc1ccccc1)c1ccc2ccccc2n1,0.4640416,0.4640,0.7114094,0.7114,0.7464290,-9.6100,1.0000000,1.0000,[],98
2.2212,3.8934,81.6967,0.6686721,O=C(NCC(=O)N1C[C@H](O)C[C@H]1C(=O)NCc1ccc(Cl)cc1)c1ccc2cc(F)ccc2n1,1,COc1ccc([C@H](C)NC(=O)[C@@H]2C[C@@H](O)CN2C(=O)CNC(=O)c2ccc3cc(F)ccc3n2)c(Cl)c1,O=C(NCC(=O)N1CCC[C@H]1C(=O)NCc1ccccc1)c1ccc2ccccc2n1,0.4955094,0.4955,0.7260274,0.7260,0.7454593,-9.6000,1.0000000,1.0000,[],98
2.3072,3.2004,77.2229,0.6283072,O=C(NCC(=O)N1C[C@H](O)C[C@H]1C(=O)NCc1cccc(Cl)c1)c1ccc2cc(F)ccc2n1,1,COc1ccc([C@H](C)NC(=O)[C@@H]2C[C@@H](O)CN2C(=O)CNC(=O)c2ccc3cc(F)ccc3n2)c(Cl)c1,O=C(NCC(=O)N1CCC[C@H]1C(=O)NCc1ccccc1)c1ccc2ccccc2n1,0.4955094,0.4955,0.7210884,0.7211,0.6604256,-8.8000,1.0000000,1.0000,[],98
2.3919,4.2413,70.9730,0.5876117,O=C(NCC(=O)N1C[C@H](O)C[C@H]1C(=O)N[C@@H](CO)c1cccc(Cl)c1)c1ccc2cc(F)ccc2n1,1,COc1ccc([C@H](C)NC(=O)[C@@H]2C[C@@H](O)CN2C(=O)CNC(=O)c2ccc3cc(F)ccc3n2)c(Cl)c1,O=C(NCC(=O)N1CCC[C@H]1C(=O)NCc1ccccc1)c1ccc2ccccc2n1,0.3782864,0.3783,0.7432432,0.7432,0.6511860,-8.7200,1.0000000,1.0000,[],98
2.3470,4.6734,74.2686,0.6167343,O=C(NCC(=O)N1C[C@H](O)C[C@H]1C(=O)N[C@H](CO)c1cccc(Cl)c1)c1ccc2cc(F)ccc2n1,1,COc1ccc([C@H](C)NC(=O)[C@@H]2C[C@@H](O)CN2C(=O)CNC(=O)c2ccc3cc(F)ccc3n2)c(Cl)c1,O=C(NCC(=O)N1CCC[C@H]1C(=O)NCc1ccccc1)c1ccc2ccccc2n1,0.3782864,0.3783,0.7432432,0.7432,0.7173324,-9.3200,1.0000000,1.0000,[],98
2.3055,8.7137,77.1655,0.6709312,CC(C)C(NC(=O)[C@@H]1C[C@@H](O)CN1C(=O)CNC(=O)c1ccc2cc(F)ccc2n1)c1ccc(Cl)cc1,1,COc1ccc([C@H](C)NC(=O)[C@@H]2C[C@@H](O)CN2C(=O)CNC(=O)c2ccc3cc(F)ccc3n2)c(Cl)c1,O=C(NCC(=O)N1CCC[C@H]1C(=O)NCc1ccccc1)c1ccc2ccccc2n1,0.4374885,0.4375,0.7619048,0.7619,0.7796905,-9.9700,1.0000000,1.0000,[],99
2.2449,4.0491,82.5249,0.6763589,CC(C)C(NC(=O)[C@@H]1C[C@@H](O)CN1C(=O)CNC(=O)c1ccc2cc(F)ccc2n1)c1ccccc1,1,COc1ccc([C@H](C)NC(=O)[C@@H]2C[C@@H](O)CN2C(=O)CNC(=O)c2ccc3cc(F)ccc3n2)c(Cl)c1,O=C(NCC(=O)N1CCC[C@H]1C(=O)NCc1ccccc1)c1ccc2ccccc2n1,0.4695327,0.4695,0.7364865,0.7365,0.7779275,-9.9500,1.0000000,1.0000,[],99
2.2656,4.8186,81.6214,0.6753121,CC(NC(=O)[C@@H]1C[C@@H](O)CN1C(=O)CNC(=O)c1ccc2cc(F)ccc2n1)c1ccc(Cl)cc1,1,COc1ccc([C@H](C)NC(=O)[C@@H]2C[C@@H](O)CN2C(=O)CNC(=O)c2ccc3cc(F)ccc3n2)c(Cl)c1,O=C(NCC(=O)N1CCC[C@H]1C(=O)NCc1ccccc1)c1ccc2ccccc2n1,0.4834885,0.4835,0.8014184,0.8014,0.7326326,-9.4700,1.0000000,1.0000,[],99
2.3782,4.1297,72.0438,0.5951057,COc1ccc(CNC(=O)[C@@H]2C[C@@H](O)CN2C(=O)CNC(=O)c2ccc3cc(F)ccc3n2)cc1,1,COc1ccc([C@H](C)NC(=O)[C@@H]2C[C@@H](O)CN2C(=O)CNC(=O)c2ccc3cc(F)ccc3n2)c(Cl)c1,O=C(NCC(=O)N1CCC[C@H]1C(=O)NCc1ccccc1)c1ccc2ccccc2n1,0.4701237,0.4701,0.7832168,0.7832,0.5836347,-8.1600,1.0000000,1.0000,[],99
2.2695,4.2698,80.8253,0.6648056,C[C@@H](NC(=O)[C@@H]1C[C@@H](O)CN1C(=O)CNC(=O)c1ccc2cc(F)ccc2n1)c1ccc(Cl)cc1,1,COc1ccc([C@H](C)NC(=O)[C@@H]2C[C@@H](O)CN2C(=O)CNC(=O)c2ccc3cc(F)ccc3n2)c(Cl)c1,O=C(NCC(=O)N1CCC[C@H]1C(=O)NCc1ccccc1)c1ccc2ccccc2n1,0.4834885,0.4835,0.8014184,0.8014,0.7100135,-9.2500,1.0000000,1.0000,[],99
2.2400,4.3193,79.5056,0.6548825,O=C(NCC(=O)N1C[C@H](O)C[C@H]1C(=O)NCc1ccc(Cl)c(Cl)c1)c1ccc2cc(F)ccc2n1,1,COc1ccc([C@H](C)NC(=O)[C@@H]2C[C@@H](O)CN2C(=O)CNC(=O)c2ccc3cc(F)ccc3n2)c(Cl)c1,O=C(NCC(=O)N1CCC[C@H]1C(=O)NCc1ccccc1)c1ccc2ccccc2n1,0.4640416,0.4640,0.7114094,0.7114,0.7464290,-9.6100,1.0000000,1.0000,[],99
2.2997,3.8934,81.6967,0.6686721,O=C(NCC(=O)N1C[C@H](O)C[C@H]1C(=O)NCc1ccc(Cl)cc1)c1ccc2cc(F)ccc2n1,1,COc1ccc([C@H](C)NC(=O)[C@@H]2C[C@@H](O)CN2C(=O)CNC(=O)c2ccc3cc(F)ccc3n2)c(Cl)c1,O=C(NCC(=O)N1CCC[C@H]1C(=O)NCc1ccccc1)c1ccc2ccccc2n1,0.4955094,0.4955,0.7260274,0.7260,0.7454593,-9.6000,1.0000000,1.0000,[],99
2.3085,3.2004,77.2229,0.6283072,O=C(NCC(=O)N1C[C@H](O)C[C@H]1C(=O)NCc1cccc(Cl)c1)c1ccc2cc(F)ccc2n1,1,COc1ccc([C@H](C)NC(=O)[C@@H]2C[C@@H](O)CN2C(=O)CNC(=O)c2ccc3cc(F)ccc3n2)c(Cl)c1,O=C(NCC(=O)N1CCC[C@H]1C(=O)NCc1ccccc1)c1ccc2ccccc2n1,0.4955094,0.4955,0.7210884,0.7211,0.6604256,-8.8000,1.0000000,1.0000,[],99
2.3894,4.2413,70.9730,0.5876117,O=C(NCC(=O)N1C[C@H](O)C[C@H]1C(=O)N[C@@H](CO)c1cccc(Cl)c1)c1ccc2cc(F)ccc2n1,1,COc1ccc([C@H](C)NC(=O)[C@@H]2C[C@@H](O)CN2C(=O)CNC(=O)c2ccc3cc(F)ccc3n2)c(Cl)c1,O=C(NCC(=O)N1CCC[C@H]1C(=O)NCc1ccccc1)c1ccc2ccccc2n1,0.3782864,0.3783,0.7432432,0.7432,0.6511860,-8.7200,1.0000000,1.0000,[],99
2.3426,4.6734,74.2686,0.6167343,O=C(NCC(=O)N1C[C@H](O)C[C@H]1C(=O)N[C@H](CO)c1cccc(Cl)c1)c1ccc2cc(F)ccc2n1,1,COc1ccc([C@H](C)NC(=O)[C@@H]2C[C@@H](O)CN2C(=O)CNC(=O)c2ccc3cc(F)ccc3n2)c(Cl)c1,O=C(NCC(=O)N1CCC[C@H]1C(=O)NCc1ccccc1)c1ccc2ccccc2n1,0.3782864,0.3783,0.7432432,0.7432,0.7173324,-9.3200,1.0000000,1.0000,[],99
2.3132,8.7137,77.1655,0.6709312,CC(C)C(NC(=O)[C@@H]1C[C@@H](O)CN1C(=O)CNC(=O)c1ccc2cc(F)ccc2n1)c1ccc(Cl)cc1,1,COc1ccc([C@H](C)NC(=O)[C@@H]2C[C@@H](O)CN2C(=O)CNC(=O)c2ccc3cc(F)ccc3n2)c(Cl)c1,O=C(NCC(=O)N1CCC[C@H]1C(=O)NCc1ccccc1)c1ccc2ccccc2n1,0.4374885,0.4375,0.7619048,0.7619,0.7796905,-9.9700,1.0000000,1.0000,[],100
2.2498,4.0491,82.5249,0.6763589,CC(C)C(NC(=O)[C@@H]1C[C@@H](O)CN1C(=O)CNC(=O)c1ccc2cc(F)ccc2n1)c1ccccc1,1,COc1ccc([C@H](C)NC(=O)[C@@H]2C[C@@H](O)CN2C(=O)CNC(=O)c2ccc3cc(F)ccc3n2)c(Cl)c1,O=C(NCC(=O)N1CCC[C@H]1C(=O)NCc1ccccc1)c1ccc2ccccc2n1,0.4695327,0.4695,0.7364865,0.7365,0.7779275,-9.9500,1.0000000,1.0000,[],100
2.2476,4.8186,81.6214,0.6753121,CC(NC(=O)[C@@H]1C[C@@H](O)CN1C(=O)CNC(=O)c1ccc2cc(F)ccc2n1)c1ccc(Cl)cc1,1,COc1ccc([C@H](C)NC(=O)[C@@H]2C[C@@H](O)CN2C(=O)CNC(=O)c2ccc3cc(F)ccc3n2)c(Cl)c1,O=C(NCC(=O)N1CCC[C@H]1C(=O)NCc1ccccc1)c1ccc2ccccc2n1,0.4834885,0.4835,0.8014184,0.8014,0.7326326,-9.4700,1.0000000,1.0000,[],100
2.3732,4.1297,72.0438,0.5951057,COc1ccc(CNC(=O)[C@@H]2C[C@@H](O)CN2C(=O)CNC(=O)c2ccc3cc(F)ccc3n2)cc1,1,COc1ccc([C@H](C)NC(=O)[C@@H]2C[C@@H](O)CN2C(=O)CNC(=O)c2ccc3cc(F)ccc3n2)c(Cl)c1,O=C(NCC(=O)N1CCC[C@H]1C(=O)NCc1ccccc1)c1ccc2ccccc2n1,0.4701237,0.4701,0.7832168,0.7832,0.5836347,-8.1600,1.0000000,1.0000,[],100
2.2683,4.2698,80.8253,0.6648056,C[C@@H](NC(=O)[C@@H]1C[C@@H](O)CN1C(=O)CNC(=O)c1ccc2cc(F)ccc2n1)c1ccc(Cl)cc1,1,COc1ccc([C@H](C)NC(=O)[C@@H]2C[C@@H](O)CN2C(=O)CNC(=O)c2ccc3cc(F)ccc3n2)c(Cl)c1,O=C(NCC(=O)N1CCC[C@H]1C(=O)NCc1ccccc1)c1ccc2ccccc2n1,0.4834885,0.4835,0.8014184,0.8014,0.7100135,-9.2500,1.0000000,1.0000,[],100
2.3204,4.3193,79.5056,0.6548825,O=C(NCC(=O)N1C[C@H](O)C[C@H]1C(=O)NCc1ccc(Cl)c(Cl)c1)c1ccc2cc(F)ccc2n1,1,COc1ccc([C@H](C)NC(=O)[C@@H]2C[C@@H](O)CN2C(=O)CNC(=O)c2ccc3cc(F)ccc3n2)c(Cl)c1,O=C(NCC(=O)N1CCC[C@H]1C(=O)NCc1ccccc1)c1ccc2ccccc2n1,0.4640416,0.4640,0.7114094,0.7114,0.7464290,-9.6100,1.0000000,1.0000,[],100
2.2196,3.8934,81.6967,0.6686721,O=C(NCC(=O)N1C[C@H](O)C[C@H]1C(=O)NCc1ccc(Cl)cc1)c1ccc2cc(F)ccc2n1,1,COc1ccc([C@H](C)NC(=O)[C@@H]2C[C@@H](O)CN2C(=O)CNC(=O)c2ccc3cc(F)ccc3n2)c(Cl)c1,O=C(NCC(=O)N1CCC[C@H]1C(=O)NCc1ccccc1)c1ccc2ccccc2n1,0.4955094,0.4955,0.7260274,0.7260,0.7454593,-9.6000,1.0000000,1.0000,[],100
2.3141,3.2004,77.2229,0.6283072,O=C(NCC(=O)N1C[C@H](O)C[C@H]1C(=O)NCc1cccc(Cl)c1)c1ccc2cc(F)ccc2n1,1,COc1ccc([C@H](C)NC(=O)[C@@H]2C[C@@H](O)CN2C(=O)CNC(=O)c2ccc3cc(F)ccc3n2)c(Cl)c1,O=C(NCC(=O)N1CCC[C@H]1C(=O)NCc1ccccc1)c1ccc2ccccc2n1,0.4955094,0.4955,0.7210884,0.7211,0.6604256,-8.8000,1.0000000,1.0000,[],100
2.3928,4.2413,70.9730,0.5876117,O=C(NCC(=O)N1C[C@H](O)C[C@H]1C(=O)N[C@@H](CO)c1cccc(Cl)c1)c1ccc2cc(F)ccc2n1,1,COc1ccc([C@H](C)NC(=O)[C@@H]2C[C@@H](O)CN2C(=O)CNC(=O)c2ccc3cc(F)ccc3n2)c(Cl)c1,O=C(NCC(=O)N1CCC[C@H]1C(=O)NCc1ccccc1)c1ccc2ccccc2n1,0.3782864,0.3783,0.7432432,0.7432,0.6511860,-8.7200,1.0000000,1.0000,[],100
2.3475,4.6734,74.2686,0.6167343,O=C(NCC(=O)N1C[C@H](O)C[C@H]1C(=O)N[C@H](CO)c1cccc(Cl)c1)c1ccc2cc(F)ccc2n1,1,COc1ccc([C@H](C)NC(=O)[C@@H]2C[C@@H](O)CN2C(=O)CNC(=O)c2ccc3cc(F)ccc3n2)c(Cl)c1,O=C(NCC(=O)N1CCC[C@H]1C(=O)NCc1ccccc1)c1ccc2ccccc2n1,0.3782864,0.3783,0.7432432,0.7432,0.7173324,-9.3200,1.0000000,1.0000,[],100
2.3065,8.7137,77.1655,0.6709312,CC(C)C(NC(=O)[C@@H]1C[C@@H](O)CN1C(=O)CNC(=O)c1ccc2cc(F)ccc2n1)c1ccc(Cl)cc1,1,COc1ccc([C@H](C)NC(=O)[C@@H]2C[C@@H](O)CN2C(=O)CNC(=O)c2ccc3cc(F)ccc3n2)c(Cl)c1,O=C(NCC(=O)N1CCC[C@H]1C(=O)NCc1ccccc1)c1ccc2ccccc2n1,0.4374885,0.4375,0.7619048,0.7619,0.7796905,-9.9700,1.0000000,1.0000,[],101
2.2452,4.0491,82.5249,0.6763589,CC(C)C(NC(=O)[C@@H]1C[C@@H](O)CN1C(=O)CNC(=O)c1ccc2cc(F)ccc2n1)c1ccccc1,1,COc1ccc([C@H](C)NC(=O)[C@@H]2C[C@@H](O)CN2C(=O)CNC(=O)c2ccc3cc(F)ccc3n2)c(Cl)c1,O=C(NCC(=O)N1CCC[C@H]1C(=O)NCc1ccccc1)c1ccc2ccccc2n1,0.4695327,0.4695,0.7364865,0.7365,0.7779275,-9.9500,1.0000000,1.0000,[],101
2.2644,4.8186,81.6214,0.6753121,CC(NC(=O)[C@@H]1C[C@@H](O)CN1C(=O)CNC(=O)c1ccc2cc(F)ccc2n1)c1ccc(Cl)cc1,1,COc1ccc([C@H](C)NC(=O)[C@@H]2C[C@@H](O)CN2C(=O)CNC(=O)c2ccc3cc(F)ccc3n2)c(Cl)c1,O=C(NCC(=O)N1CCC[C@H]1C(=O)NCc1ccccc1)c1ccc2ccccc2n1,0.4834885,0.4835,0.8014184,0.8014,0.7326326,-9.4700,1.0000000,1.0000,[],101
2.3739,4.1297,72.0438,0.5951057,COc1ccc(CNC(=O)[C@@H]2C[C@@H](O)CN2C(=O)CNC(=O)c2ccc3cc(F)ccc3n2)cc1,1,COc1ccc([C@H](C)NC(=O)[C@@H]2C[C@@H](O)CN2C(=O)CNC(=O)c2ccc3cc(F)ccc3n2)c(Cl)c1,O=C(NCC(=O)N1CCC[C@H]1C(=O)NCc1ccccc1)c1ccc2ccccc2n1,0.4701237,0.4701,0.7832168,0.7832,0.5836347,-8.1600,1.0000000,1.0000,[],101
2.2707,4.2698,80.8253,0.6648056,C[C@@H](NC(=O)[C@@H]1C[C@@H](O)CN1C(=O)CNC(=O)c1ccc2cc(F)ccc2n1)c1ccc(Cl)cc1,1,COc1ccc([C@H](C)NC(=O)[C@@H]2C[C@@H](O)CN2C(=O)CNC(=O)c2ccc3cc(F)ccc3n2)c(Cl)c1,O=C(NCC(=O)N1CCC[C@H]1C(=O)NCc1ccccc1)c1ccc2ccccc2n1,0.4834885,0.4835,0.8014184,0.8014,0.7100135,-9.2500,1.0000000,1.0000,[],101
2.2549,4.3193,79.5056,0.6548825,O=C(NCC(=O)N1C[C@H](O)C[C@H]1C(=O)NCc1ccc(Cl)c(Cl)c1)c1ccc2cc(F)ccc2n1,1,COc1ccc([C@H](C)NC(=O)[C@@H]2C[C@@H](O)CN2C(=O)CNC(=O)c2ccc3cc(F)ccc3n2)c(Cl)c1,O=C(NCC(=O)N1CCC[C@H]1C(=O)NCc1ccccc1)c1ccc2ccccc2n1,0.4640416,0.4640,0.7114094,0.7114,0.7464290,-9.6100,1.0000000,1.0000,[],101
2.2768,3.8934,81.6967,0.6686721,O=C(NCC(=O)N1C[C@H](O)C[C@H]1C(=O)NCc1ccc(Cl)cc1)c1ccc2cc(F)ccc2n1,1,COc1ccc([C@H](C)NC(=O)[C@@H]2C[C@@H](O)CN2C(=O)CNC(=O)c2ccc3cc(F)ccc3n2)c(Cl)c1,O=C(NCC(=O)N1CCC[C@H]1C(=O)NCc1ccccc1)c1ccc2ccccc2n1,0.4955094,0.4955,0.7260274,0.7260,0.7454593,-9.6000,1.0000000,1.0000,[],101
2.3121,3.2004,77.2229,0.6283072,O=C(NCC(=O)N1C[C@H](O)C[C@H]1C(=O)NCc1cccc(Cl)c1)c1ccc2cc(F)ccc2n1,1,COc1ccc([C@H](C)NC(=O)[C@@H]2C[C@@H](O)CN2C(=O)CNC(=O)c2ccc3cc(F)ccc3n2)c(Cl)c1,O=C(NCC(=O)N1CCC[C@H]1C(=O)NCc1ccccc1)c1ccc2ccccc2n1,0.4955094,0.4955,0.7210884,0.7211,0.6604256,-8.8000,1.0000000,1.0000,[],101
2.3915,4.2413,70.9730,0.5876117,O=C(NCC(=O)N1C[C@H](O)C[C@H]1C(=O)N[C@@H](CO)c1cccc(Cl)c1)c1ccc2cc(F)ccc2n1,1,COc1ccc([C@H](C)NC(=O)[C@@H]2C[C@@H](O)CN2C(=O)CNC(=O)c2ccc3cc(F)ccc3n2)c(Cl)c1,O=C(NCC(=O)N1CCC[C@H]1C(=O)NCc1ccccc1)c1ccc2ccccc2n1,0.3782864,0.3783,0.7432432,0.7432,0.6511860,-8.7200,1.0000000,1.0000,[],101
2.3475,4.6734,74.2686,0.6167343,O=C(NCC(=O)N1C[C@H](O)C[C@H]1C(=O)N[C@H](CO)c1cccc(Cl)c1)c1ccc2cc(F)ccc2n1,1,COc1ccc([C@H](C)NC(=O)[C@@H]2C[C@@H](O)CN2C(=O)CNC(=O)c2ccc3cc(F)ccc3n2)c(Cl)c1,O=C(NCC(=O)N1CCC[C@H]1C(=O)NCc1ccccc1)c1ccc2ccccc2n1,0.3782864,0.3783,0.7432432,0.7432,0.7173324,-9.3200,1.0000000,1.0000,[],101
