00:24:40 <INFO> Started REINVENT 4.6.22 (C) AstraZeneca 2017, 2023 on 2025-08-31
00:24:40 <INFO> Command line: /home/a/miniconda3/envs/reinvent4/bin/reinvent --log-filename reinvent.log -f toml config.toml
00:24:40 <INFO> Reading run configuration from /home/a/REINVENT4/ReinventStudies/pleaseWork/justMol2Mol_3/graph-dock-jdo12w/node-reinvent/config.toml using format toml
00:24:40 <INFO> User a on host l4-redo
00:24:40 <INFO> Python version 3.10.18
00:24:40 <INFO> PyTorch version 2.7.1+cu128, git e2d141dbde55c2a4370fac5165b0561b6af4798b
00:24:40 <INFO> PyTorch compiled with CUDA version 12.8
00:24:40 <INFO> RDKit version 2025.03.5
00:24:40 <INFO> Platform Linux-6.1.0-38-cloud-amd64-x86_64-with-glibc2.36
00:24:40 <INFO> CUDA driver version 570.86.10
00:24:40 <INFO> Number of PyTorch CUDA devices 1
00:24:40 <WARN> 'use_cuda' is deprecated, use 'device' instead
00:24:41 <INFO> Using CUDA device:0 NVIDIA L4
00:24:41 <INFO> GPU memory: 22381 MiB free, 22574 MiB total
00:24:41 <INFO> Writing TensorBoard summary to /home/a/REINVENT4/ReinventStudies/pleaseWork/justMol2Mol_3/graph-dock-jdo12w/node-reinvent/tb_logs
00:24:41 <INFO> Writing JSON config file to /home/a/REINVENT4/ReinventStudies/pleaseWork/justMol2Mol_3/graph-dock-jdo12w/node-reinvent/justmol2mol_3_staged_learning.json
00:24:41 <INFO> Starting 1 stage of Reinforcement Learning
00:24:41 <ERRO> /home/a/REINVENT4/ReinventStudies/priors/mol2mol_similarity.prior has invalid hash:
{ 'comments': [],
  'creation_date': 0,
  'date_format': 'UNIX epoch',
  'hash_id': '3c6a77904318ad22c299806d686463f5',
  'hash_id_format': 'xxhash.xxh3_128_hex 3.4.1',
  'model_id': '595a7122492447e0b10b11b6cf47b2ae',
  'model_id_format': 'uuid.uuid4 3.10.12',
  'origina_data_source': 'ChEMBL 28',
  'updates': []}
00:24:41 <INFO> Number of network parameters: 17,462,400
00:24:41 <INFO> Network architecture:
EncoderDecoder(
  (encoder): Encoder(
    (layers): ModuleList(
      (0-5): 6 x EncoderLayer(
        (self_attn): MultiHeadedAttention(
          (linears): ModuleList(
            (0-3): 4 x Linear(in_features=256, out_features=256, bias=True)
          )
          (dropout): Dropout(p=0.1, inplace=False)
        )
        (feed_forward): PositionwiseFeedForward(
          (w_1): Linear(in_features=256, out_features=2048, bias=True)
          (w_2): Linear(in_features=2048, out_features=256, bias=True)
          (dropout): Dropout(p=0.1, inplace=False)
        )
        (sublayer): ModuleList(
          (0-1): 2 x SublayerConnection(
            (norm): LayerNorm()
            (dropout): Dropout(p=0.1, inplace=False)
          )
        )
      )
    )
    (norm): LayerNorm()
  )
  (decoder): Decoder(
    (layers): ModuleList(
      (0-5): 6 x DecoderLayer(
        (self_attn): MultiHeadedAttention(
          (linears): ModuleList(
            (0-3): 4 x Linear(in_features=256, out_features=256, bias=True)
          )
          (dropout): Dropout(p=0.1, inplace=False)
        )
        (src_attn): MultiHeadedAttention(
          (linears): ModuleList(
            (0-3): 4 x Linear(in_features=256, out_features=256, bias=True)
          )
          (dropout): Dropout(p=0.1, inplace=False)
        )
        (feed_forward): PositionwiseFeedForward(
          (w_1): Linear(in_features=256, out_features=2048, bias=True)
          (w_2): Linear(in_features=2048, out_features=256, bias=True)
          (dropout): Dropout(p=0.1, inplace=False)
        )
        (sublayer): ModuleList(
          (0-2): 3 x SublayerConnection(
            (norm): LayerNorm()
            (dropout): Dropout(p=0.1, inplace=False)
          )
        )
      )
    )
    (norm): LayerNorm()
  )
  (src_embed): Sequential(
    (0): Embeddings(
      (lut): Embedding(128, 256)
    )
    (1): PositionalEncoding(
      (dropout): Dropout(p=0.1, inplace=False)
    )
  )
  (tgt_embed): Sequential(
    (0): Embeddings(
      (lut): Embedding(128, 256)
    )
    (1): PositionalEncoding(
      (dropout): Dropout(p=0.1, inplace=False)
    )
  )
  (generator): Generator(
    (proj): Linear(in_features=256, out_features=128, bias=True)
  )
)
00:24:41 <ERRO> /home/a/REINVENT4/ReinventStudies/priors/mol2mol_similarity.prior has invalid hash:
{ 'comments': [],
  'creation_date': 0,
  'date_format': 'UNIX epoch',
  'hash_id': '3c6a77904318ad22c299806d686463f5',
  'hash_id_format': 'xxhash.xxh3_128_hex 3.4.1',
  'model_id': '595a7122492447e0b10b11b6cf47b2ae',
  'model_id_format': 'uuid.uuid4 3.10.12',
  'origina_data_source': 'ChEMBL 28',
  'updates': []}
00:24:41 <INFO> Number of network parameters: 17,462,400
00:24:41 <INFO> Network architecture:
EncoderDecoder(
  (encoder): Encoder(
    (layers): ModuleList(
      (0-5): 6 x EncoderLayer(
        (self_attn): MultiHeadedAttention(
          (linears): ModuleList(
            (0-3): 4 x Linear(in_features=256, out_features=256, bias=True)
          )
          (dropout): Dropout(p=0.1, inplace=False)
        )
        (feed_forward): PositionwiseFeedForward(
          (w_1): Linear(in_features=256, out_features=2048, bias=True)
          (w_2): Linear(in_features=2048, out_features=256, bias=True)
          (dropout): Dropout(p=0.1, inplace=False)
        )
        (sublayer): ModuleList(
          (0-1): 2 x SublayerConnection(
            (norm): LayerNorm()
            (dropout): Dropout(p=0.1, inplace=False)
          )
        )
      )
    )
    (norm): LayerNorm()
  )
  (decoder): Decoder(
    (layers): ModuleList(
      (0-5): 6 x DecoderLayer(
        (self_attn): MultiHeadedAttention(
          (linears): ModuleList(
            (0-3): 4 x Linear(in_features=256, out_features=256, bias=True)
          )
          (dropout): Dropout(p=0.1, inplace=False)
        )
        (src_attn): MultiHeadedAttention(
          (linears): ModuleList(
            (0-3): 4 x Linear(in_features=256, out_features=256, bias=True)
          )
          (dropout): Dropout(p=0.1, inplace=False)
        )
        (feed_forward): PositionwiseFeedForward(
          (w_1): Linear(in_features=256, out_features=2048, bias=True)
          (w_2): Linear(in_features=2048, out_features=256, bias=True)
          (dropout): Dropout(p=0.1, inplace=False)
        )
        (sublayer): ModuleList(
          (0-2): 3 x SublayerConnection(
            (norm): LayerNorm()
            (dropout): Dropout(p=0.1, inplace=False)
          )
        )
      )
    )
    (norm): LayerNorm()
  )
  (src_embed): Sequential(
    (0): Embeddings(
      (lut): Embedding(128, 256)
    )
    (1): PositionalEncoding(
      (dropout): Dropout(p=0.1, inplace=False)
    )
  )
  (tgt_embed): Sequential(
    (0): Embeddings(
      (lut): Embedding(128, 256)
    )
    (1): PositionalEncoding(
      (dropout): Dropout(p=0.1, inplace=False)
    )
  )
  (generator): Generator(
    (proj): Linear(in_features=256, out_features=128, bias=True)
  )
)
00:24:41 <INFO> Using generator Mol2Mol
00:24:41 <INFO> Prior read from /home/a/REINVENT4/ReinventStudies/priors/mol2mol_similarity.prior
00:24:41 <INFO> Agent read from /home/a/REINVENT4/ReinventStudies/priors/mol2mol_similarity.prior
00:24:41 <INFO> Input molecules/fragments read from file /home/a/REINVENT4/ReinventStudies/mols/Rad51/cam833.smi
00:24:41 <WARN> randomize_smiles was set to True but the model was not trained with randomized SMILES.  Setting randomize_smiles to False.
00:24:41 <INFO> Using reward strategy dap
00:24:41 <INFO> Using diversity filter IdenticalMurckoScaffold
00:24:41 <INFO> Diversity filter memories are retained between stages
00:24:41 <INFO> Registered scoring component ROCSSimilarity
00:24:41 <INFO> Registered scoring component GroupCount
00:24:41 <INFO> Registered scoring component FragmentQed
00:24:41 <INFO> Registered scoring component FragmentSlogP
00:24:41 <INFO> Registered scoring component FragmentMolecularWeight
00:24:41 <INFO> Registered scoring component FragmentTPSA
00:24:41 <INFO> Registered scoring component FragmentDistanceMatrix
00:24:41 <INFO> Registered scoring component FragmentNumAtomStereoCenters
00:24:41 <INFO> Registered scoring component FragmentHBondAcceptors
00:24:41 <INFO> Registered scoring component FragmentHBondDonors
00:24:41 <INFO> Registered scoring component FragmentNumRotBond
00:24:41 <INFO> Registered scoring component FragmentCsp3
00:24:41 <INFO> Registered scoring component Fragmentnumsp
00:24:41 <INFO> Registered scoring component Fragmentnumsp2
00:24:41 <INFO> Registered scoring component Fragmentnumsp3
00:24:41 <INFO> Registered scoring component FragmentEffectiveLength
00:24:41 <INFO> Registered scoring component FragmentGraphLength
00:24:41 <INFO> Registered scoring component FragmentLengthRatio
00:24:41 <INFO> Registered scoring component FragmentNumHeavyAtoms
00:24:41 <INFO> Registered scoring component FragmentNumHeteroAtoms
00:24:41 <INFO> Registered scoring component FragmentNumRings
00:24:41 <INFO> Registered scoring component FragmentNumAromaticRings
00:24:41 <INFO> Registered scoring component FragmentNumAliphaticRings
00:24:41 <INFO> Registered scoring component FragmentSlogP
00:24:41 <INFO> Registered scoring component MatchingSubstructure
00:24:41 <INFO> Registered scoring component MolVolume
00:24:41 <INFO> Registered scoring component Qed
00:24:41 <INFO> Registered scoring component LargestRingSize
00:24:41 <INFO> Registered scoring component MolecularWeight
00:24:41 <INFO> Registered scoring component GraphLength
00:24:41 <INFO> Registered scoring component NumAtomStereoCenters
00:24:41 <INFO> Registered scoring component HBondAcceptors
00:24:41 <INFO> Registered scoring component HBondDonors
00:24:41 <INFO> Registered scoring component NumRotBond
00:24:41 <INFO> Registered scoring component Csp3
00:24:41 <INFO> Registered scoring component numsp
00:24:41 <INFO> Registered scoring component numsp2
00:24:41 <INFO> Registered scoring component numsp3
00:24:41 <INFO> Registered scoring component NumHeavyAtoms
00:24:41 <INFO> Registered scoring component NumHeteroAtoms
00:24:41 <INFO> Registered scoring component NumRings
00:24:41 <INFO> Registered scoring component NumAromaticRings
00:24:41 <INFO> Registered scoring component NumAliphaticRings
00:24:41 <INFO> Registered scoring component SlogP
00:24:41 <INFO> Registered scoring component LargestRingSize
00:24:41 <INFO> Registered scoring component PMI
00:24:42 <INFO> Registered scoring component RDKitDescriptors
00:24:42 <INFO> Registered scoring component TanimotoSimilarity
00:24:42 <INFO> Registered scoring component TanimotoDistance
00:24:42 <INFO> Registered scoring component TPSA
00:24:42 <INFO> Registered scoring component SAScore
00:24:42 <INFO> Registered scoring component Cazp
00:24:42 <INFO> Registered scoring component ChemProp
00:24:42 <INFO> Registered scoring component CustomAlerts
00:24:42 <INFO> Registered scoring component DockStream
00:24:42 <INFO> Registered scoring component ExternalProcess
00:24:42 <INFO> Registered scoring component REST
00:24:42 <INFO> Registered scoring component Icolos
00:24:42 <INFO> Registered scoring component Maize
00:24:42 <INFO> Registered scoring component MMP
00:24:42 <INFO> Registered scoring component Qptuna
00:24:42 <INFO> Registered scoring component ReactionFilter
00:24:42 <INFO> Registered scoring component RingPrecedence
00:24:42 <INFO> Creating filter component custom_alerts
00:24:42 <INFO> Creating scoring component QED
00:24:42 <INFO> Creating scoring component TanimotoDistance
00:24:42 <INFO> Creating scoring component ExternalProcess
00:24:42 <INFO> Writing tabular data for stage to justmol2mol_3_1.csv
00:24:42 <INFO> Starting stage 1 <<<
00:24:42 <INFO> Current GPU memory usage: 403 MiB used, 22171 MiB free
00:26:02 <INFO> Score: 0.66 Agent NLL: 3.90 Valid: 100% Step: 1
 | Agent Prior Target Score SMILES SMILES_state Input_SMILES Scaffold QED QED (raw) TanimotoDistance TanimotoDistance (raw) maize maize (raw) Unwanted SMARTS Unwanted SMARTS (raw) matchting_patterns (Unwanted SMARTS)
 | 4.0491 4.0491 82.5249 0.6763589 CC(C)C(NC(=O)[C@@H]1C[C@@H](O)CN1C(=O)CNC(=O)c1ccc2cc(F)ccc2n1)c1ccccc1 1 COc1ccc([C@H](C)NC(=O)[C@@H]2C[C@@H](O)CN2C(=O)CNC(=O)c2ccc3cc(F)ccc3n2)c(Cl)c1 O=C(NCC(=O)N1CCC[C@H]1C(=O)NCc1ccccc1)c1ccc2ccccc2n1 0.4695327 0.4695 0.7364865 0.7365 0.7779275 -9.9500 1.0000000 1.0000 []
 | 4.5815 4.5815 87.7106 0.7210326 CC(NC(=O)[C@@H]1C[C@@H](O)CN1C(=O)CNC(=O)c1ccc2cc(F)ccc2n1)c1ccccc1 1 COc1ccc([C@H](C)NC(=O)[C@@H]2C[C@@H](O)CN2C(=O)CNC(=O)c2ccc3cc(F)ccc3n2)c(Cl)c1 O=C(NCC(=O)N1CCC[C@H]1C(=O)NCc1ccccc1)c1ccc2ccccc2n1 0.5163857 0.5164 0.7746479 0.7746 0.8219975 -10.4900 1.0000000 1.0000 []
 | 4.2698 4.2698 80.8253 0.6648056 C[C@@H](NC(=O)[C@@H]1C[C@@H](O)CN1C(=O)CNC(=O)c1ccc2cc(F)ccc2n1)c1ccc(Cl)cc1 1 COc1ccc([C@H](C)NC(=O)[C@@H]2C[C@@H](O)CN2C(=O)CNC(=O)c2ccc3cc(F)ccc3n2)c(Cl)c1 O=C(NCC(=O)N1CCC[C@H]1C(=O)NCc1ccccc1)c1ccc2ccccc2n1 0.4834885 0.4835 0.8014184 0.8014 0.7100135 -9.2500 1.0000000 1.0000 []
 | 2.9778 2.9778 83.8529 0.6783650 C[C@@H](NC(=O)[C@@H]1C[C@@H](O)CN1C(=O)CNC(=O)c1ccc2cc(F)ccc2n1)c1ccccc1 1 COc1ccc([C@H](C)NC(=O)[C@@H]2C[C@@H](O)CN2C(=O)CNC(=O)c2ccc3cc(F)ccc3n2)c(Cl)c1 O=C(NCC(=O)N1CCC[C@H]1C(=O)NCc1ccccc1)c1ccc2ccccc2n1 0.5163857 0.5164 0.7746479 0.7746 0.7275914 -9.4200 1.0000000 1.0000 []
 | 3.4014 3.4014 80.4885 0.6553901 O=C(NCC(=O)N1C[C@H](O)C[C@H]1C(=O)NC1CCCCC1)c1ccc2cc(F)ccc2n1 1 COc1ccc([C@H](C)NC(=O)[C@@H]2C[C@@H](O)CN2C(=O)CNC(=O)c2ccc3cc(F)ccc3n2)c(Cl)c1 O=C(NCC(=O)N1CCC[C@H]1C(=O)NC1CCCCC1)c1ccc2ccccc2n1 0.6501268 0.6501 0.6184211 0.6184 0.6774209 -8.9500 1.0000000 1.0000 []
 | 4.3193 4.3193 79.5056 0.6548825 O=C(NCC(=O)N1C[C@H](O)C[C@H]1C(=O)NCc1ccc(Cl)c(Cl)c1)c1ccc2cc(F)ccc2n1 1 COc1ccc([C@H](C)NC(=O)[C@@H]2C[C@@H](O)CN2C(=O)CNC(=O)c2ccc3cc(F)ccc3n2)c(Cl)c1 O=C(NCC(=O)N1CCC[C@H]1C(=O)NCc1ccccc1)c1ccc2ccccc2n1 0.4640416 0.4640 0.7114094 0.7114 0.7464290 -9.6100 1.0000000 1.0000 []
 | 3.8934 3.8934 81.6967 0.6686721 O=C(NCC(=O)N1C[C@H](O)C[C@H]1C(=O)NCc1ccc(Cl)cc1)c1ccc2cc(F)ccc2n1 1 COc1ccc([C@H](C)NC(=O)[C@@H]2C[C@@H](O)CN2C(=O)CNC(=O)c2ccc3cc(F)ccc3n2)c(Cl)c1 O=C(NCC(=O)N1CCC[C@H]1C(=O)NCc1ccccc1)c1ccc2ccccc2n1 0.4955094 0.4955 0.7260274 0.7260 0.7454593 -9.6000 1.0000000 1.0000 []
 | 3.2004 3.2004 77.2229 0.6283072 O=C(NCC(=O)N1C[C@H](O)C[C@H]1C(=O)NCc1cccc(Cl)c1)c1ccc2cc(F)ccc2n1 1 COc1ccc([C@H](C)NC(=O)[C@@H]2C[C@@H](O)CN2C(=O)CNC(=O)c2ccc3cc(F)ccc3n2)c(Cl)c1 O=C(NCC(=O)N1CCC[C@H]1C(=O)NCc1ccccc1)c1ccc2ccccc2n1 0.4955094 0.4955 0.7210884 0.7211 0.6604256 -8.8000 1.0000000 1.0000 []
 | 4.2413 4.2413 70.9730 0.5876117 O=C(NCC(=O)N1C[C@H](O)C[C@H]1C(=O)N[C@@H](CO)c1cccc(Cl)c1)c1ccc2cc(F)ccc2n1 1 COc1ccc([C@H](C)NC(=O)[C@@H]2C[C@@H](O)CN2C(=O)CNC(=O)c2ccc3cc(F)ccc3n2)c(Cl)c1 O=C(NCC(=O)N1CCC[C@H]1C(=O)NCc1ccccc1)c1ccc2ccccc2n1 0.3782864 0.3783 0.7432432 0.7432 0.6511860 -8.7200 1.0000000 1.0000 []
 | 4.0500 4.0500 76.3489 0.6281166 O=C(NCC(=O)N1CCC[C@H]1C(=O)NCc1ccc(Cl)c(Cl)c1)c1ccc2ccccc2n1 1 COc1ccc([C@H](C)NC(=O)[C@@H]2C[C@@H](O)CN2C(=O)CNC(=O)c2ccc3cc(F)ccc3n2)c(Cl)c1 O=C(NCC(=O)N1CCC[C@H]1C(=O)NCc1ccccc1)c1ccc2ccccc2n1 0.5586902 0.5587 0.5398773 0.5399 0.7183688 -9.3300 1.0000000 1.0000 []
00:26:32 <INFO> Score: 0.59 Agent NLL: 2.98 Valid: 100% Step: 2
 | Agent Prior Target Score SMILES SMILES_state Input_SMILES Scaffold QED QED (raw) TanimotoDistance TanimotoDistance (raw) maize maize (raw) Unwanted SMARTS Unwanted SMARTS (raw) matchting_patterns (Unwanted SMARTS)
 | 3.1023 4.0491 82.5249 0.6763589 CC(C)C(NC(=O)[C@@H]1C[C@@H](O)CN1C(=O)CNC(=O)c1ccc2cc(F)ccc2n1)c1ccccc1 1 COc1ccc([C@H](C)NC(=O)[C@@H]2C[C@@H](O)CN2C(=O)CNC(=O)c2ccc3cc(F)ccc3n2)c(Cl)c1 O=C(NCC(=O)N1CCC[C@H]1C(=O)NCc1ccccc1)c1ccc2ccccc2n1 0.4695327 0.4695 0.7364865 0.7365 0.7779275 -9.9500 1.0000000 1.0000 []
 | 2.8924 4.8186 81.6214 0.6753121 CC(NC(=O)[C@@H]1C[C@@H](O)CN1C(=O)CNC(=O)c1ccc2cc(F)ccc2n1)c1ccc(Cl)cc1 1 COc1ccc([C@H](C)NC(=O)[C@@H]2C[C@@H](O)CN2C(=O)CNC(=O)c2ccc3cc(F)ccc3n2)c(Cl)c1 O=C(NCC(=O)N1CCC[C@H]1C(=O)NCc1ccccc1)c1ccc2ccccc2n1 0.4834885 0.4835 0.8014184 0.8014 0.7326326 -9.4700 1.0000000 1.0000 []
 | 3.6226 4.5815 -4.5815 0.0000000 CC(NC(=O)[C@@H]1C[C@@H](O)CN1C(=O)CNC(=O)c1ccc2cc(F)ccc2n1)c1ccccc1 1 COc1ccc([C@H](C)NC(=O)[C@@H]2C[C@@H](O)CN2C(=O)CNC(=O)c2ccc3cc(F)ccc3n2)c(Cl)c1 O=C(NCC(=O)N1CCC[C@H]1C(=O)NCc1ccccc1)c1ccc2ccccc2n1 0.5163857 0.5164 0.7746479 0.7746 0.8219975 -10.4900 1.0000000 1.0000 []
 | 2.7703 4.2698 80.8253 0.6648056 C[C@@H](NC(=O)[C@@H]1C[C@@H](O)CN1C(=O)CNC(=O)c1ccc2cc(F)ccc2n1)c1ccc(Cl)cc1 1 COc1ccc([C@H](C)NC(=O)[C@@H]2C[C@@H](O)CN2C(=O)CNC(=O)c2ccc3cc(F)ccc3n2)c(Cl)c1 O=C(NCC(=O)N1CCC[C@H]1C(=O)NCc1ccccc1)c1ccc2ccccc2n1 0.4834885 0.4835 0.8014184 0.8014 0.7100135 -9.2500 1.0000000 1.0000 []
 | 3.7133 2.9778 83.8529 0.6783650 C[C@@H](NC(=O)[C@@H]1C[C@@H](O)CN1C(=O)CNC(=O)c1ccc2cc(F)ccc2n1)c1ccccc1 1 COc1ccc([C@H](C)NC(=O)[C@@H]2C[C@@H](O)CN2C(=O)CNC(=O)c2ccc3cc(F)ccc3n2)c(Cl)c1 O=C(NCC(=O)N1CCC[C@H]1C(=O)NCc1ccccc1)c1ccc2ccccc2n1 0.5163857 0.5164 0.7746479 0.7746 0.7275914 -9.4200 1.0000000 1.0000 []
 | 1.2976 4.3193 79.5056 0.6548825 O=C(NCC(=O)N1C[C@H](O)C[C@H]1C(=O)NCc1ccc(Cl)c(Cl)c1)c1ccc2cc(F)ccc2n1 1 COc1ccc([C@H](C)NC(=O)[C@@H]2C[C@@H](O)CN2C(=O)CNC(=O)c2ccc3cc(F)ccc3n2)c(Cl)c1 O=C(NCC(=O)N1CCC[C@H]1C(=O)NCc1ccccc1)c1ccc2ccccc2n1 0.4640416 0.4640 0.7114094 0.7114 0.7464290 -9.6100 1.0000000 1.0000 []
 | 2.0121 3.8934 81.6967 0.6686721 O=C(NCC(=O)N1C[C@H](O)C[C@H]1C(=O)NCc1ccc(Cl)cc1)c1ccc2cc(F)ccc2n1 1 COc1ccc([C@H](C)NC(=O)[C@@H]2C[C@@H](O)CN2C(=O)CNC(=O)c2ccc3cc(F)ccc3n2)c(Cl)c1 O=C(NCC(=O)N1CCC[C@H]1C(=O)NCc1ccccc1)c1ccc2ccccc2n1 0.4955094 0.4955 0.7260274 0.7260 0.7454593 -9.6000 1.0000000 1.0000 []
 | 3.6471 3.2004 77.2229 0.6283072 O=C(NCC(=O)N1C[C@H](O)C[C@H]1C(=O)NCc1cccc(Cl)c1)c1ccc2cc(F)ccc2n1 1 COc1ccc([C@H](C)NC(=O)[C@@H]2C[C@@H](O)CN2C(=O)CNC(=O)c2ccc3cc(F)ccc3n2)c(Cl)c1 O=C(NCC(=O)N1CCC[C@H]1C(=O)NCc1ccccc1)c1ccc2ccccc2n1 0.4955094 0.4955 0.7210884 0.7211 0.6604256 -8.8000 1.0000000 1.0000 []
 | 2.9774 4.2413 70.9730 0.5876117 O=C(NCC(=O)N1C[C@H](O)C[C@H]1C(=O)N[C@@H](CO)c1cccc(Cl)c1)c1ccc2cc(F)ccc2n1 1 COc1ccc([C@H](C)NC(=O)[C@@H]2C[C@@H](O)CN2C(=O)CNC(=O)c2ccc3cc(F)ccc3n2)c(Cl)c1 O=C(NCC(=O)N1CCC[C@H]1C(=O)NCc1ccccc1)c1ccc2ccccc2n1 0.3782864 0.3783 0.7432432 0.7432 0.6511860 -8.7200 1.0000000 1.0000 []
 | 3.7470 4.6734 74.2686 0.6167343 O=C(NCC(=O)N1C[C@H](O)C[C@H]1C(=O)N[C@H](CO)c1cccc(Cl)c1)c1ccc2cc(F)ccc2n1 1 COc1ccc([C@H](C)NC(=O)[C@@H]2C[C@@H](O)CN2C(=O)CNC(=O)c2ccc3cc(F)ccc3n2)c(Cl)c1 O=C(NCC(=O)N1CCC[C@H]1C(=O)NCc1ccccc1)c1ccc2ccccc2n1 0.3782864 0.3783 0.7432432 0.7432 0.7173324 -9.3200 1.0000000 1.0000 []
00:26:58 <INFO> Score: 0.58 Agent NLL: 2.62 Valid: 100% Step: 3
 | Agent Prior Target Score SMILES SMILES_state Input_SMILES Scaffold QED QED (raw) TanimotoDistance TanimotoDistance (raw) maize maize (raw) Unwanted SMARTS Unwanted SMARTS (raw) matchting_patterns (Unwanted SMARTS)
 | 2.8158 4.0491 82.5249 0.6763589 CC(C)C(NC(=O)[C@@H]1C[C@@H](O)CN1C(=O)CNC(=O)c1ccc2cc(F)ccc2n1)c1ccccc1 1 COc1ccc([C@H](C)NC(=O)[C@@H]2C[C@@H](O)CN2C(=O)CNC(=O)c2ccc3cc(F)ccc3n2)c(Cl)c1 O=C(NCC(=O)N1CCC[C@H]1C(=O)NCc1ccccc1)c1ccc2ccccc2n1 0.4695327 0.4695 0.7364865 0.7365 0.7779275 -9.9500 1.0000000 1.0000 []
 | 3.2003 4.8186 81.6214 0.6753121 CC(NC(=O)[C@@H]1C[C@@H](O)CN1C(=O)CNC(=O)c1ccc2cc(F)ccc2n1)c1ccc(Cl)cc1 1 COc1ccc([C@H](C)NC(=O)[C@@H]2C[C@@H](O)CN2C(=O)CNC(=O)c2ccc3cc(F)ccc3n2)c(Cl)c1 O=C(NCC(=O)N1CCC[C@H]1C(=O)NCc1ccccc1)c1ccc2ccccc2n1 0.4834885 0.4835 0.8014184 0.8014 0.7326326 -9.4700 1.0000000 1.0000 []
 | 2.3348 4.5815 -4.5815 0.0000000 CC(NC(=O)[C@@H]1C[C@@H](O)CN1C(=O)CNC(=O)c1ccc2cc(F)ccc2n1)c1ccccc1 1 COc1ccc([C@H](C)NC(=O)[C@@H]2C[C@@H](O)CN2C(=O)CNC(=O)c2ccc3cc(F)ccc3n2)c(Cl)c1 O=C(NCC(=O)N1CCC[C@H]1C(=O)NCc1ccccc1)c1ccc2ccccc2n1 0.5163857 0.5164 0.7746479 0.7746 0.8219975 -10.4900 1.0000000 1.0000 []
 | 4.1049 4.1297 72.0438 0.5951057 COc1ccc(CNC(=O)[C@@H]2C[C@@H](O)CN2C(=O)CNC(=O)c2ccc3cc(F)ccc3n2)cc1 1 COc1ccc([C@H](C)NC(=O)[C@@H]2C[C@@H](O)CN2C(=O)CNC(=O)c2ccc3cc(F)ccc3n2)c(Cl)c1 O=C(NCC(=O)N1CCC[C@H]1C(=O)NCc1ccccc1)c1ccc2ccccc2n1 0.4701237 0.4701 0.7832168 0.7832 0.5836347 -8.1600 1.0000000 1.0000 []
 | 1.8012 2.9778 83.8529 0.6783650 C[C@@H](NC(=O)[C@@H]1C[C@@H](O)CN1C(=O)CNC(=O)c1ccc2cc(F)ccc2n1)c1ccccc1 1 COc1ccc([C@H](C)NC(=O)[C@@H]2C[C@@H](O)CN2C(=O)CNC(=O)c2ccc3cc(F)ccc3n2)c(Cl)c1 O=C(NCC(=O)N1CCC[C@H]1C(=O)NCc1ccccc1)c1ccc2ccccc2n1 0.5163857 0.5164 0.7746479 0.7746 0.7275914 -9.4200 1.0000000 1.0000 []
 | 2.2311 4.3193 79.5056 0.6548825 O=C(NCC(=O)N1C[C@H](O)C[C@H]1C(=O)NCc1ccc(Cl)c(Cl)c1)c1ccc2cc(F)ccc2n1 1 COc1ccc([C@H](C)NC(=O)[C@@H]2C[C@@H](O)CN2C(=O)CNC(=O)c2ccc3cc(F)ccc3n2)c(Cl)c1 O=C(NCC(=O)N1CCC[C@H]1C(=O)NCc1ccccc1)c1ccc2ccccc2n1 0.4640416 0.4640 0.7114094 0.7114 0.7464290 -9.6100 1.0000000 1.0000 []
 | 2.0539 3.8934 81.6967 0.6686721 O=C(NCC(=O)N1C[C@H](O)C[C@H]1C(=O)NCc1ccc(Cl)cc1)c1ccc2cc(F)ccc2n1 1 COc1ccc([C@H](C)NC(=O)[C@@H]2C[C@@H](O)CN2C(=O)CNC(=O)c2ccc3cc(F)ccc3n2)c(Cl)c1 O=C(NCC(=O)N1CCC[C@H]1C(=O)NCc1ccccc1)c1ccc2ccccc2n1 0.4955094 0.4955 0.7260274 0.7260 0.7454593 -9.6000 1.0000000 1.0000 []
 | 2.8616 3.2004 77.2229 0.6283072 O=C(NCC(=O)N1C[C@H](O)C[C@H]1C(=O)NCc1cccc(Cl)c1)c1ccc2cc(F)ccc2n1 1 COc1ccc([C@H](C)NC(=O)[C@@H]2C[C@@H](O)CN2C(=O)CNC(=O)c2ccc3cc(F)ccc3n2)c(Cl)c1 O=C(NCC(=O)N1CCC[C@H]1C(=O)NCc1ccccc1)c1ccc2ccccc2n1 0.4955094 0.4955 0.7210884 0.7211 0.6604256 -8.8000 1.0000000 1.0000 []
 | 1.9874 4.2413 70.9730 0.5876117 O=C(NCC(=O)N1C[C@H](O)C[C@H]1C(=O)N[C@@H](CO)c1cccc(Cl)c1)c1ccc2cc(F)ccc2n1 1 COc1ccc([C@H](C)NC(=O)[C@@H]2C[C@@H](O)CN2C(=O)CNC(=O)c2ccc3cc(F)ccc3n2)c(Cl)c1 O=C(NCC(=O)N1CCC[C@H]1C(=O)NCc1ccccc1)c1ccc2ccccc2n1 0.3782864 0.3783 0.7432432 0.7432 0.6511860 -8.7200 1.0000000 1.0000 []
 | 2.8521 4.6734 74.2686 0.6167343 O=C(NCC(=O)N1C[C@H](O)C[C@H]1C(=O)N[C@H](CO)c1cccc(Cl)c1)c1ccc2cc(F)ccc2n1 1 COc1ccc([C@H](C)NC(=O)[C@@H]2C[C@@H](O)CN2C(=O)CNC(=O)c2ccc3cc(F)ccc3n2)c(Cl)c1 O=C(NCC(=O)N1CCC[C@H]1C(=O)NCc1ccccc1)c1ccc2ccccc2n1 0.3782864 0.3783 0.7432432 0.7432 0.7173324 -9.3200 1.0000000 1.0000 []
00:26:59 <INFO> Score: 0.58 Agent NLL: 2.58 Valid: 100% Step: 4
 | Agent Prior Target Score SMILES SMILES_state Input_SMILES Scaffold QED QED (raw) TanimotoDistance TanimotoDistance (raw) maize maize (raw) Unwanted SMARTS Unwanted SMARTS (raw) matchting_patterns (Unwanted SMARTS)
 | 2.4751 4.0491 82.5249 0.6763589 CC(C)C(NC(=O)[C@@H]1C[C@@H](O)CN1C(=O)CNC(=O)c1ccc2cc(F)ccc2n1)c1ccccc1 1 COc1ccc([C@H](C)NC(=O)[C@@H]2C[C@@H](O)CN2C(=O)CNC(=O)c2ccc3cc(F)ccc3n2)c(Cl)c1 O=C(NCC(=O)N1CCC[C@H]1C(=O)NCc1ccccc1)c1ccc2ccccc2n1 0.4695327 0.4695 0.7364865 0.7365 0.7779275 -9.9500 1.0000000 1.0000 []
 | 2.4402 4.8186 81.6214 0.6753121 CC(NC(=O)[C@@H]1C[C@@H](O)CN1C(=O)CNC(=O)c1ccc2cc(F)ccc2n1)c1ccc(Cl)cc1 1 COc1ccc([C@H](C)NC(=O)[C@@H]2C[C@@H](O)CN2C(=O)CNC(=O)c2ccc3cc(F)ccc3n2)c(Cl)c1 O=C(NCC(=O)N1CCC[C@H]1C(=O)NCc1ccccc1)c1ccc2ccccc2n1 0.4834885 0.4835 0.8014184 0.8014 0.7326326 -9.4700 1.0000000 1.0000 []
 | 3.2523 4.5815 -4.5815 0.0000000 CC(NC(=O)[C@@H]1C[C@@H](O)CN1C(=O)CNC(=O)c1ccc2cc(F)ccc2n1)c1ccccc1 1 COc1ccc([C@H](C)NC(=O)[C@@H]2C[C@@H](O)CN2C(=O)CNC(=O)c2ccc3cc(F)ccc3n2)c(Cl)c1 O=C(NCC(=O)N1CCC[C@H]1C(=O)NCc1ccccc1)c1ccc2ccccc2n1 0.5163857 0.5164 0.7746479 0.7746 0.8219975 -10.4900 1.0000000 1.0000 []
 | 3.9335 4.1297 72.0438 0.5951057 COc1ccc(CNC(=O)[C@@H]2C[C@@H](O)CN2C(=O)CNC(=O)c2ccc3cc(F)ccc3n2)cc1 1 COc1ccc([C@H](C)NC(=O)[C@@H]2C[C@@H](O)CN2C(=O)CNC(=O)c2ccc3cc(F)ccc3n2)c(Cl)c1 O=C(NCC(=O)N1CCC[C@H]1C(=O)NCc1ccccc1)c1ccc2ccccc2n1 0.4701237 0.4701 0.7832168 0.7832 0.5836347 -8.1600 1.0000000 1.0000 []
 | 1.6645 2.9778 83.8529 0.6783650 C[C@@H](NC(=O)[C@@H]1C[C@@H](O)CN1C(=O)CNC(=O)c1ccc2cc(F)ccc2n1)c1ccccc1 1 COc1ccc([C@H](C)NC(=O)[C@@H]2C[C@@H](O)CN2C(=O)CNC(=O)c2ccc3cc(F)ccc3n2)c(Cl)c1 O=C(NCC(=O)N1CCC[C@H]1C(=O)NCc1ccccc1)c1ccc2ccccc2n1 0.5163857 0.5164 0.7746479 0.7746 0.7275914 -9.4200 1.0000000 1.0000 []
 | 3.0804 4.3193 79.5056 0.6548825 O=C(NCC(=O)N1C[C@H](O)C[C@H]1C(=O)NCc1ccc(Cl)c(Cl)c1)c1ccc2cc(F)ccc2n1 1 COc1ccc([C@H](C)NC(=O)[C@@H]2C[C@@H](O)CN2C(=O)CNC(=O)c2ccc3cc(F)ccc3n2)c(Cl)c1 O=C(NCC(=O)N1CCC[C@H]1C(=O)NCc1ccccc1)c1ccc2ccccc2n1 0.4640416 0.4640 0.7114094 0.7114 0.7464290 -9.6100 1.0000000 1.0000 []
 | 2.5953 3.8934 81.6967 0.6686721 O=C(NCC(=O)N1C[C@H](O)C[C@H]1C(=O)NCc1ccc(Cl)cc1)c1ccc2cc(F)ccc2n1 1 COc1ccc([C@H](C)NC(=O)[C@@H]2C[C@@H](O)CN2C(=O)CNC(=O)c2ccc3cc(F)ccc3n2)c(Cl)c1 O=C(NCC(=O)N1CCC[C@H]1C(=O)NCc1ccccc1)c1ccc2ccccc2n1 0.4955094 0.4955 0.7260274 0.7260 0.7454593 -9.6000 1.0000000 1.0000 []
 | 2.3570 3.2004 77.2229 0.6283072 O=C(NCC(=O)N1C[C@H](O)C[C@H]1C(=O)NCc1cccc(Cl)c1)c1ccc2cc(F)ccc2n1 1 COc1ccc([C@H](C)NC(=O)[C@@H]2C[C@@H](O)CN2C(=O)CNC(=O)c2ccc3cc(F)ccc3n2)c(Cl)c1 O=C(NCC(=O)N1CCC[C@H]1C(=O)NCc1ccccc1)c1ccc2ccccc2n1 0.4955094 0.4955 0.7210884 0.7211 0.6604256 -8.8000 1.0000000 1.0000 []
 | 1.8320 4.2413 70.9730 0.5876117 O=C(NCC(=O)N1C[C@H](O)C[C@H]1C(=O)N[C@@H](CO)c1cccc(Cl)c1)c1ccc2cc(F)ccc2n1 1 COc1ccc([C@H](C)NC(=O)[C@@H]2C[C@@H](O)CN2C(=O)CNC(=O)c2ccc3cc(F)ccc3n2)c(Cl)c1 O=C(NCC(=O)N1CCC[C@H]1C(=O)NCc1ccccc1)c1ccc2ccccc2n1 0.3782864 0.3783 0.7432432 0.7432 0.6511860 -8.7200 1.0000000 1.0000 []
 | 2.1249 4.6734 74.2686 0.6167343 O=C(NCC(=O)N1C[C@H](O)C[C@H]1C(=O)N[C@H](CO)c1cccc(Cl)c1)c1ccc2cc(F)ccc2n1 1 COc1ccc([C@H](C)NC(=O)[C@@H]2C[C@@H](O)CN2C(=O)CNC(=O)c2ccc3cc(F)ccc3n2)c(Cl)c1 O=C(NCC(=O)N1CCC[C@H]1C(=O)NCc1ccccc1)c1ccc2ccccc2n1 0.3782864 0.3783 0.7432432 0.7432 0.7173324 -9.3200 1.0000000 1.0000 []
00:27:00 <INFO> Score: 0.64 Agent NLL: 2.57 Valid: 100% Step: 5
 | Agent Prior Target Score SMILES SMILES_state Input_SMILES Scaffold QED QED (raw) TanimotoDistance TanimotoDistance (raw) maize maize (raw) Unwanted SMARTS Unwanted SMARTS (raw) matchting_patterns (Unwanted SMARTS)
 | 2.1589 4.0491 82.5249 0.6763589 CC(C)C(NC(=O)[C@@H]1C[C@@H](O)CN1C(=O)CNC(=O)c1ccc2cc(F)ccc2n1)c1ccccc1 1 COc1ccc([C@H](C)NC(=O)[C@@H]2C[C@@H](O)CN2C(=O)CNC(=O)c2ccc3cc(F)ccc3n2)c(Cl)c1 O=C(NCC(=O)N1CCC[C@H]1C(=O)NCc1ccccc1)c1ccc2ccccc2n1 0.4695327 0.4695 0.7364865 0.7365 0.7779275 -9.9500 1.0000000 1.0000 []
 | 2.4705 4.8186 81.6214 0.6753121 CC(NC(=O)[C@@H]1C[C@@H](O)CN1C(=O)CNC(=O)c1ccc2cc(F)ccc2n1)c1ccc(Cl)cc1 1 COc1ccc([C@H](C)NC(=O)[C@@H]2C[C@@H](O)CN2C(=O)CNC(=O)c2ccc3cc(F)ccc3n2)c(Cl)c1 O=C(NCC(=O)N1CCC[C@H]1C(=O)NCc1ccccc1)c1ccc2ccccc2n1 0.4834885 0.4835 0.8014184 0.8014 0.7326326 -9.4700 1.0000000 1.0000 []
 | 3.7849 4.1297 72.0438 0.5951057 COc1ccc(CNC(=O)[C@@H]2C[C@@H](O)CN2C(=O)CNC(=O)c2ccc3cc(F)ccc3n2)cc1 1 COc1ccc([C@H](C)NC(=O)[C@@H]2C[C@@H](O)CN2C(=O)CNC(=O)c2ccc3cc(F)ccc3n2)c(Cl)c1 O=C(NCC(=O)N1CCC[C@H]1C(=O)NCc1ccccc1)c1ccc2ccccc2n1 0.4701237 0.4701 0.7832168 0.7832 0.5836347 -8.1600 1.0000000 1.0000 []
 | 4.2903 4.2698 80.8253 0.6648056 C[C@@H](NC(=O)[C@@H]1C[C@@H](O)CN1C(=O)CNC(=O)c1ccc2cc(F)ccc2n1)c1ccc(Cl)cc1 1 COc1ccc([C@H](C)NC(=O)[C@@H]2C[C@@H](O)CN2C(=O)CNC(=O)c2ccc3cc(F)ccc3n2)c(Cl)c1 O=C(NCC(=O)N1CCC[C@H]1C(=O)NCc1ccccc1)c1ccc2ccccc2n1 0.4834885 0.4835 0.8014184 0.8014 0.7100135 -9.2500 1.0000000 1.0000 []
 | 1.8482 2.9778 83.8529 0.6783650 C[C@@H](NC(=O)[C@@H]1C[C@@H](O)CN1C(=O)CNC(=O)c1ccc2cc(F)ccc2n1)c1ccccc1 1 COc1ccc([C@H](C)NC(=O)[C@@H]2C[C@@H](O)CN2C(=O)CNC(=O)c2ccc3cc(F)ccc3n2)c(Cl)c1 O=C(NCC(=O)N1CCC[C@H]1C(=O)NCc1ccccc1)c1ccc2ccccc2n1 0.5163857 0.5164 0.7746479 0.7746 0.7275914 -9.4200 1.0000000 1.0000 []
 | 2.4425 4.3193 79.5056 0.6548825 O=C(NCC(=O)N1C[C@H](O)C[C@H]1C(=O)NCc1ccc(Cl)c(Cl)c1)c1ccc2cc(F)ccc2n1 1 COc1ccc([C@H](C)NC(=O)[C@@H]2C[C@@H](O)CN2C(=O)CNC(=O)c2ccc3cc(F)ccc3n2)c(Cl)c1 O=C(NCC(=O)N1CCC[C@H]1C(=O)NCc1ccccc1)c1ccc2ccccc2n1 0.4640416 0.4640 0.7114094 0.7114 0.7464290 -9.6100 1.0000000 1.0000 []
 | 2.3806 3.8934 81.6967 0.6686721 O=C(NCC(=O)N1C[C@H](O)C[C@H]1C(=O)NCc1ccc(Cl)cc1)c1ccc2cc(F)ccc2n1 1 COc1ccc([C@H](C)NC(=O)[C@@H]2C[C@@H](O)CN2C(=O)CNC(=O)c2ccc3cc(F)ccc3n2)c(Cl)c1 O=C(NCC(=O)N1CCC[C@H]1C(=O)NCc1ccccc1)c1ccc2ccccc2n1 0.4955094 0.4955 0.7260274 0.7260 0.7454593 -9.6000 1.0000000 1.0000 []
 | 2.0275 3.2004 77.2229 0.6283072 O=C(NCC(=O)N1C[C@H](O)C[C@H]1C(=O)NCc1cccc(Cl)c1)c1ccc2cc(F)ccc2n1 1 COc1ccc([C@H](C)NC(=O)[C@@H]2C[C@@H](O)CN2C(=O)CNC(=O)c2ccc3cc(F)ccc3n2)c(Cl)c1 O=C(NCC(=O)N1CCC[C@H]1C(=O)NCc1ccccc1)c1ccc2ccccc2n1 0.4955094 0.4955 0.7210884 0.7211 0.6604256 -8.8000 1.0000000 1.0000 []
 | 2.2846 4.2413 70.9730 0.5876117 O=C(NCC(=O)N1C[C@H](O)C[C@H]1C(=O)N[C@@H](CO)c1cccc(Cl)c1)c1ccc2cc(F)ccc2n1 1 COc1ccc([C@H](C)NC(=O)[C@@H]2C[C@@H](O)CN2C(=O)CNC(=O)c2ccc3cc(F)ccc3n2)c(Cl)c1 O=C(NCC(=O)N1CCC[C@H]1C(=O)NCc1ccccc1)c1ccc2ccccc2n1 0.3782864 0.3783 0.7432432 0.7432 0.6511860 -8.7200 1.0000000 1.0000 []
 | 2.0189 4.6734 74.2686 0.6167343 O=C(NCC(=O)N1C[C@H](O)C[C@H]1C(=O)N[C@H](CO)c1cccc(Cl)c1)c1ccc2cc(F)ccc2n1 1 COc1ccc([C@H](C)NC(=O)[C@@H]2C[C@@H](O)CN2C(=O)CNC(=O)c2ccc3cc(F)ccc3n2)c(Cl)c1 O=C(NCC(=O)N1CCC[C@H]1C(=O)NCc1ccccc1)c1ccc2ccccc2n1 0.3782864 0.3783 0.7432432 0.7432 0.7173324 -9.3200 1.0000000 1.0000 []
00:27:22 <INFO> Score: 0.64 Agent NLL: 2.58 Valid: 100% Step: 6
 | Agent Prior Target Score SMILES SMILES_state Input_SMILES Scaffold QED QED (raw) TanimotoDistance TanimotoDistance (raw) maize maize (raw) Unwanted SMARTS Unwanted SMARTS (raw) matchting_patterns (Unwanted SMARTS)
 | 4.4666 8.7137 77.1655 0.6709312 CC(C)C(NC(=O)[C@@H]1C[C@@H](O)CN1C(=O)CNC(=O)c1ccc2cc(F)ccc2n1)c1ccc(Cl)cc1 1 COc1ccc([C@H](C)NC(=O)[C@@H]2C[C@@H](O)CN2C(=O)CNC(=O)c2ccc3cc(F)ccc3n2)c(Cl)c1 O=C(NCC(=O)N1CCC[C@H]1C(=O)NCc1ccccc1)c1ccc2ccccc2n1 0.4374885 0.4375 0.7619048 0.7619 0.7796905 -9.9700 1.0000000 1.0000 []
 | 2.2020 4.0491 82.5249 0.6763589 CC(C)C(NC(=O)[C@@H]1C[C@@H](O)CN1C(=O)CNC(=O)c1ccc2cc(F)ccc2n1)c1ccccc1 1 COc1ccc([C@H](C)NC(=O)[C@@H]2C[C@@H](O)CN2C(=O)CNC(=O)c2ccc3cc(F)ccc3n2)c(Cl)c1 O=C(NCC(=O)N1CCC[C@H]1C(=O)NCc1ccccc1)c1ccc2ccccc2n1 0.4695327 0.4695 0.7364865 0.7365 0.7779275 -9.9500 1.0000000 1.0000 []
 | 2.2898 4.8186 81.6214 0.6753121 CC(NC(=O)[C@@H]1C[C@@H](O)CN1C(=O)CNC(=O)c1ccc2cc(F)ccc2n1)c1ccc(Cl)cc1 1 COc1ccc([C@H](C)NC(=O)[C@@H]2C[C@@H](O)CN2C(=O)CNC(=O)c2ccc3cc(F)ccc3n2)c(Cl)c1 O=C(NCC(=O)N1CCC[C@H]1C(=O)NCc1ccccc1)c1ccc2ccccc2n1 0.4834885 0.4835 0.8014184 0.8014 0.7326326 -9.4700 1.0000000 1.0000 []
 | 3.4719 4.1297 72.0438 0.5951057 COc1ccc(CNC(=O)[C@@H]2C[C@@H](O)CN2C(=O)CNC(=O)c2ccc3cc(F)ccc3n2)cc1 1 COc1ccc([C@H](C)NC(=O)[C@@H]2C[C@@H](O)CN2C(=O)CNC(=O)c2ccc3cc(F)ccc3n2)c(Cl)c1 O=C(NCC(=O)N1CCC[C@H]1C(=O)NCc1ccccc1)c1ccc2ccccc2n1 0.4701237 0.4701 0.7832168 0.7832 0.5836347 -8.1600 1.0000000 1.0000 []
 | 1.6939 4.2698 80.8253 0.6648056 C[C@@H](NC(=O)[C@@H]1C[C@@H](O)CN1C(=O)CNC(=O)c1ccc2cc(F)ccc2n1)c1ccc(Cl)cc1 1 COc1ccc([C@H](C)NC(=O)[C@@H]2C[C@@H](O)CN2C(=O)CNC(=O)c2ccc3cc(F)ccc3n2)c(Cl)c1 O=C(NCC(=O)N1CCC[C@H]1C(=O)NCc1ccccc1)c1ccc2ccccc2n1 0.4834885 0.4835 0.8014184 0.8014 0.7100135 -9.2500 1.0000000 1.0000 []
 | 1.8975 4.3193 79.5056 0.6548825 O=C(NCC(=O)N1C[C@H](O)C[C@H]1C(=O)NCc1ccc(Cl)c(Cl)c1)c1ccc2cc(F)ccc2n1 1 COc1ccc([C@H](C)NC(=O)[C@@H]2C[C@@H](O)CN2C(=O)CNC(=O)c2ccc3cc(F)ccc3n2)c(Cl)c1 O=C(NCC(=O)N1CCC[C@H]1C(=O)NCc1ccccc1)c1ccc2ccccc2n1 0.4640416 0.4640 0.7114094 0.7114 0.7464290 -9.6100 1.0000000 1.0000 []
 | 2.2045 3.8934 81.6967 0.6686721 O=C(NCC(=O)N1C[C@H](O)C[C@H]1C(=O)NCc1ccc(Cl)cc1)c1ccc2cc(F)ccc2n1 1 COc1ccc([C@H](C)NC(=O)[C@@H]2C[C@@H](O)CN2C(=O)CNC(=O)c2ccc3cc(F)ccc3n2)c(Cl)c1 O=C(NCC(=O)N1CCC[C@H]1C(=O)NCc1ccccc1)c1ccc2ccccc2n1 0.4955094 0.4955 0.7260274 0.7260 0.7454593 -9.6000 1.0000000 1.0000 []
 | 2.4134 3.2004 77.2229 0.6283072 O=C(NCC(=O)N1C[C@H](O)C[C@H]1C(=O)NCc1cccc(Cl)c1)c1ccc2cc(F)ccc2n1 1 COc1ccc([C@H](C)NC(=O)[C@@H]2C[C@@H](O)CN2C(=O)CNC(=O)c2ccc3cc(F)ccc3n2)c(Cl)c1 O=C(NCC(=O)N1CCC[C@H]1C(=O)NCc1ccccc1)c1ccc2ccccc2n1 0.4955094 0.4955 0.7210884 0.7211 0.6604256 -8.8000 1.0000000 1.0000 []
 | 2.7767 4.2413 70.9730 0.5876117 O=C(NCC(=O)N1C[C@H](O)C[C@H]1C(=O)N[C@@H](CO)c1cccc(Cl)c1)c1ccc2cc(F)ccc2n1 1 COc1ccc([C@H](C)NC(=O)[C@@H]2C[C@@H](O)CN2C(=O)CNC(=O)c2ccc3cc(F)ccc3n2)c(Cl)c1 O=C(NCC(=O)N1CCC[C@H]1C(=O)NCc1ccccc1)c1ccc2ccccc2n1 0.3782864 0.3783 0.7432432 0.7432 0.6511860 -8.7200 1.0000000 1.0000 []
 | 2.3440 4.6734 74.2686 0.6167343 O=C(NCC(=O)N1C[C@H](O)C[C@H]1C(=O)N[C@H](CO)c1cccc(Cl)c1)c1ccc2cc(F)ccc2n1 1 COc1ccc([C@H](C)NC(=O)[C@@H]2C[C@@H](O)CN2C(=O)CNC(=O)c2ccc3cc(F)ccc3n2)c(Cl)c1 O=C(NCC(=O)N1CCC[C@H]1C(=O)NCc1ccccc1)c1ccc2ccccc2n1 0.3782864 0.3783 0.7432432 0.7432 0.7173324 -9.3200 1.0000000 1.0000 []
00:27:24 <INFO> Score: 0.64 Agent NLL: 2.58 Valid: 100% Step: 7
 | Agent Prior Target Score SMILES SMILES_state Input_SMILES Scaffold QED QED (raw) TanimotoDistance TanimotoDistance (raw) maize maize (raw) Unwanted SMARTS Unwanted SMARTS (raw) matchting_patterns (Unwanted SMARTS)
 | 1.8690 8.7137 77.1655 0.6709312 CC(C)C(NC(=O)[C@@H]1C[C@@H](O)CN1C(=O)CNC(=O)c1ccc2cc(F)ccc2n1)c1ccc(Cl)cc1 1 COc1ccc([C@H](C)NC(=O)[C@@H]2C[C@@H](O)CN2C(=O)CNC(=O)c2ccc3cc(F)ccc3n2)c(Cl)c1 O=C(NCC(=O)N1CCC[C@H]1C(=O)NCc1ccccc1)c1ccc2ccccc2n1 0.4374885 0.4375 0.7619048 0.7619 0.7796905 -9.9700 1.0000000 1.0000 []
 | 4.2784 4.0491 82.5249 0.6763589 CC(C)C(NC(=O)[C@@H]1C[C@@H](O)CN1C(=O)CNC(=O)c1ccc2cc(F)ccc2n1)c1ccccc1 1 COc1ccc([C@H](C)NC(=O)[C@@H]2C[C@@H](O)CN2C(=O)CNC(=O)c2ccc3cc(F)ccc3n2)c(Cl)c1 O=C(NCC(=O)N1CCC[C@H]1C(=O)NCc1ccccc1)c1ccc2ccccc2n1 0.4695327 0.4695 0.7364865 0.7365 0.7779275 -9.9500 1.0000000 1.0000 []
 | 2.3270 4.8186 81.6214 0.6753121 CC(NC(=O)[C@@H]1C[C@@H](O)CN1C(=O)CNC(=O)c1ccc2cc(F)ccc2n1)c1ccc(Cl)cc1 1 COc1ccc([C@H](C)NC(=O)[C@@H]2C[C@@H](O)CN2C(=O)CNC(=O)c2ccc3cc(F)ccc3n2)c(Cl)c1 O=C(NCC(=O)N1CCC[C@H]1C(=O)NCc1ccccc1)c1ccc2ccccc2n1 0.4834885 0.4835 0.8014184 0.8014 0.7326326 -9.4700 1.0000000 1.0000 []
 | 3.1151 4.1297 72.0438 0.5951057 COc1ccc(CNC(=O)[C@@H]2C[C@@H](O)CN2C(=O)CNC(=O)c2ccc3cc(F)ccc3n2)cc1 1 COc1ccc([C@H](C)NC(=O)[C@@H]2C[C@@H](O)CN2C(=O)CNC(=O)c2ccc3cc(F)ccc3n2)c(Cl)c1 O=C(NCC(=O)N1CCC[C@H]1C(=O)NCc1ccccc1)c1ccc2ccccc2n1 0.4701237 0.4701 0.7832168 0.7832 0.5836347 -8.1600 1.0000000 1.0000 []
 | 1.6158 4.2698 80.8253 0.6648056 C[C@@H](NC(=O)[C@@H]1C[C@@H](O)CN1C(=O)CNC(=O)c1ccc2cc(F)ccc2n1)c1ccc(Cl)cc1 1 COc1ccc([C@H](C)NC(=O)[C@@H]2C[C@@H](O)CN2C(=O)CNC(=O)c2ccc3cc(F)ccc3n2)c(Cl)c1 O=C(NCC(=O)N1CCC[C@H]1C(=O)NCc1ccccc1)c1ccc2ccccc2n1 0.4834885 0.4835 0.8014184 0.8014 0.7100135 -9.2500 1.0000000 1.0000 []
 | 1.9371 4.3193 79.5056 0.6548825 O=C(NCC(=O)N1C[C@H](O)C[C@H]1C(=O)NCc1ccc(Cl)c(Cl)c1)c1ccc2cc(F)ccc2n1 1 COc1ccc([C@H](C)NC(=O)[C@@H]2C[C@@H](O)CN2C(=O)CNC(=O)c2ccc3cc(F)ccc3n2)c(Cl)c1 O=C(NCC(=O)N1CCC[C@H]1C(=O)NCc1ccccc1)c1ccc2ccccc2n1 0.4640416 0.4640 0.7114094 0.7114 0.7464290 -9.6100 1.0000000 1.0000 []
 | 2.2349 3.8934 81.6967 0.6686721 O=C(NCC(=O)N1C[C@H](O)C[C@H]1C(=O)NCc1ccc(Cl)cc1)c1ccc2cc(F)ccc2n1 1 COc1ccc([C@H](C)NC(=O)[C@@H]2C[C@@H](O)CN2C(=O)CNC(=O)c2ccc3cc(F)ccc3n2)c(Cl)c1 O=C(NCC(=O)N1CCC[C@H]1C(=O)NCc1ccccc1)c1ccc2ccccc2n1 0.4955094 0.4955 0.7260274 0.7260 0.7454593 -9.6000 1.0000000 1.0000 []
 | 2.7806 3.2004 77.2229 0.6283072 O=C(NCC(=O)N1C[C@H](O)C[C@H]1C(=O)NCc1cccc(Cl)c1)c1ccc2cc(F)ccc2n1 1 COc1ccc([C@H](C)NC(=O)[C@@H]2C[C@@H](O)CN2C(=O)CNC(=O)c2ccc3cc(F)ccc3n2)c(Cl)c1 O=C(NCC(=O)N1CCC[C@H]1C(=O)NCc1ccccc1)c1ccc2ccccc2n1 0.4955094 0.4955 0.7210884 0.7211 0.6604256 -8.8000 1.0000000 1.0000 []
 | 3.0569 4.2413 70.9730 0.5876117 O=C(NCC(=O)N1C[C@H](O)C[C@H]1C(=O)N[C@@H](CO)c1cccc(Cl)c1)c1ccc2cc(F)ccc2n1 1 COc1ccc([C@H](C)NC(=O)[C@@H]2C[C@@H](O)CN2C(=O)CNC(=O)c2ccc3cc(F)ccc3n2)c(Cl)c1 O=C(NCC(=O)N1CCC[C@H]1C(=O)NCc1ccccc1)c1ccc2ccccc2n1 0.3782864 0.3783 0.7432432 0.7432 0.6511860 -8.7200 1.0000000 1.0000 []
 | 2.6072 4.6734 74.2686 0.6167343 O=C(NCC(=O)N1C[C@H](O)C[C@H]1C(=O)N[C@H](CO)c1cccc(Cl)c1)c1ccc2cc(F)ccc2n1 1 COc1ccc([C@H](C)NC(=O)[C@@H]2C[C@@H](O)CN2C(=O)CNC(=O)c2ccc3cc(F)ccc3n2)c(Cl)c1 O=C(NCC(=O)N1CCC[C@H]1C(=O)NCc1ccccc1)c1ccc2ccccc2n1 0.3782864 0.3783 0.7432432 0.7432 0.7173324 -9.3200 1.0000000 1.0000 []
00:27:25 <INFO> Score: 0.64 Agent NLL: 2.52 Valid: 100% Step: 8
 | Agent Prior Target Score SMILES SMILES_state Input_SMILES Scaffold QED QED (raw) TanimotoDistance TanimotoDistance (raw) maize maize (raw) Unwanted SMARTS Unwanted SMARTS (raw) matchting_patterns (Unwanted SMARTS)
 | 1.7107 8.7137 77.1655 0.6709312 CC(C)C(NC(=O)[C@@H]1C[C@@H](O)CN1C(=O)CNC(=O)c1ccc2cc(F)ccc2n1)c1ccc(Cl)cc1 1 COc1ccc([C@H](C)NC(=O)[C@@H]2C[C@@H](O)CN2C(=O)CNC(=O)c2ccc3cc(F)ccc3n2)c(Cl)c1 O=C(NCC(=O)N1CCC[C@H]1C(=O)NCc1ccccc1)c1ccc2ccccc2n1 0.4374885 0.4375 0.7619048 0.7619 0.7796905 -9.9700 1.0000000 1.0000 []
 | 3.7167 4.0491 82.5249 0.6763589 CC(C)C(NC(=O)[C@@H]1C[C@@H](O)CN1C(=O)CNC(=O)c1ccc2cc(F)ccc2n1)c1ccccc1 1 COc1ccc([C@H](C)NC(=O)[C@@H]2C[C@@H](O)CN2C(=O)CNC(=O)c2ccc3cc(F)ccc3n2)c(Cl)c1 O=C(NCC(=O)N1CCC[C@H]1C(=O)NCc1ccccc1)c1ccc2ccccc2n1 0.4695327 0.4695 0.7364865 0.7365 0.7779275 -9.9500 1.0000000 1.0000 []
 | 2.6722 4.8186 81.6214 0.6753121 CC(NC(=O)[C@@H]1C[C@@H](O)CN1C(=O)CNC(=O)c1ccc2cc(F)ccc2n1)c1ccc(Cl)cc1 1 COc1ccc([C@H](C)NC(=O)[C@@H]2C[C@@H](O)CN2C(=O)CNC(=O)c2ccc3cc(F)ccc3n2)c(Cl)c1 O=C(NCC(=O)N1CCC[C@H]1C(=O)NCc1ccccc1)c1ccc2ccccc2n1 0.4834885 0.4835 0.8014184 0.8014 0.7326326 -9.4700 1.0000000 1.0000 []
 | 2.9269 4.1297 72.0438 0.5951057 COc1ccc(CNC(=O)[C@@H]2C[C@@H](O)CN2C(=O)CNC(=O)c2ccc3cc(F)ccc3n2)cc1 1 COc1ccc([C@H](C)NC(=O)[C@@H]2C[C@@H](O)CN2C(=O)CNC(=O)c2ccc3cc(F)ccc3n2)c(Cl)c1 O=C(NCC(=O)N1CCC[C@H]1C(=O)NCc1ccccc1)c1ccc2ccccc2n1 0.4701237 0.4701 0.7832168 0.7832 0.5836347 -8.1600 1.0000000 1.0000 []
 | 1.8997 4.2698 80.8253 0.6648056 C[C@@H](NC(=O)[C@@H]1C[C@@H](O)CN1C(=O)CNC(=O)c1ccc2cc(F)ccc2n1)c1ccc(Cl)cc1 1 COc1ccc([C@H](C)NC(=O)[C@@H]2C[C@@H](O)CN2C(=O)CNC(=O)c2ccc3cc(F)ccc3n2)c(Cl)c1 O=C(NCC(=O)N1CCC[C@H]1C(=O)NCc1ccccc1)c1ccc2ccccc2n1 0.4834885 0.4835 0.8014184 0.8014 0.7100135 -9.2500 1.0000000 1.0000 []
 | 2.1888 4.3193 79.5056 0.6548825 O=C(NCC(=O)N1C[C@H](O)C[C@H]1C(=O)NCc1ccc(Cl)c(Cl)c1)c1ccc2cc(F)ccc2n1 1 COc1ccc([C@H](C)NC(=O)[C@@H]2C[C@@H](O)CN2C(=O)CNC(=O)c2ccc3cc(F)ccc3n2)c(Cl)c1 O=C(NCC(=O)N1CCC[C@H]1C(=O)NCc1ccccc1)c1ccc2ccccc2n1 0.4640416 0.4640 0.7114094 0.7114 0.7464290 -9.6100 1.0000000 1.0000 []
 | 2.0942 3.8934 81.6967 0.6686721 O=C(NCC(=O)N1C[C@H](O)C[C@H]1C(=O)NCc1ccc(Cl)cc1)c1ccc2cc(F)ccc2n1 1 COc1ccc([C@H](C)NC(=O)[C@@H]2C[C@@H](O)CN2C(=O)CNC(=O)c2ccc3cc(F)ccc3n2)c(Cl)c1 O=C(NCC(=O)N1CCC[C@H]1C(=O)NCc1ccccc1)c1ccc2ccccc2n1 0.4955094 0.4955 0.7260274 0.7260 0.7454593 -9.6000 1.0000000 1.0000 []
 | 2.6170 3.2004 77.2229 0.6283072 O=C(NCC(=O)N1C[C@H](O)C[C@H]1C(=O)NCc1cccc(Cl)c1)c1ccc2cc(F)ccc2n1 1 COc1ccc([C@H](C)NC(=O)[C@@H]2C[C@@H](O)CN2C(=O)CNC(=O)c2ccc3cc(F)ccc3n2)c(Cl)c1 O=C(NCC(=O)N1CCC[C@H]1C(=O)NCc1ccccc1)c1ccc2ccccc2n1 0.4955094 0.4955 0.7210884 0.7211 0.6604256 -8.8000 1.0000000 1.0000 []
 | 2.8970 4.2413 70.9730 0.5876117 O=C(NCC(=O)N1C[C@H](O)C[C@H]1C(=O)N[C@@H](CO)c1cccc(Cl)c1)c1ccc2cc(F)ccc2n1 1 COc1ccc([C@H](C)NC(=O)[C@@H]2C[C@@H](O)CN2C(=O)CNC(=O)c2ccc3cc(F)ccc3n2)c(Cl)c1 O=C(NCC(=O)N1CCC[C@H]1C(=O)NCc1ccccc1)c1ccc2ccccc2n1 0.3782864 0.3783 0.7432432 0.7432 0.6511860 -8.7200 1.0000000 1.0000 []
 | 2.4415 4.6734 74.2686 0.6167343 O=C(NCC(=O)N1C[C@H](O)C[C@H]1C(=O)N[C@H](CO)c1cccc(Cl)c1)c1ccc2cc(F)ccc2n1 1 COc1ccc([C@H](C)NC(=O)[C@@H]2C[C@@H](O)CN2C(=O)CNC(=O)c2ccc3cc(F)ccc3n2)c(Cl)c1 O=C(NCC(=O)N1CCC[C@H]1C(=O)NCc1ccccc1)c1ccc2ccccc2n1 0.3782864 0.3783 0.7432432 0.7432 0.7173324 -9.3200 1.0000000 1.0000 []
00:27:26 <INFO> Score: 0.64 Agent NLL: 2.46 Valid: 100% Step: 9
 | Agent Prior Target Score SMILES SMILES_state Input_SMILES Scaffold QED QED (raw) TanimotoDistance TanimotoDistance (raw) maize maize (raw) Unwanted SMARTS Unwanted SMARTS (raw) matchting_patterns (Unwanted SMARTS)
 | 1.8108 8.7137 77.1655 0.6709312 CC(C)C(NC(=O)[C@@H]1C[C@@H](O)CN1C(=O)CNC(=O)c1ccc2cc(F)ccc2n1)c1ccc(Cl)cc1 1 COc1ccc([C@H](C)NC(=O)[C@@H]2C[C@@H](O)CN2C(=O)CNC(=O)c2ccc3cc(F)ccc3n2)c(Cl)c1 O=C(NCC(=O)N1CCC[C@H]1C(=O)NCc1ccccc1)c1ccc2ccccc2n1 0.4374885 0.4375 0.7619048 0.7619 0.7796905 -9.9700 1.0000000 1.0000 []
 | 3.1786 4.0491 82.5249 0.6763589 CC(C)C(NC(=O)[C@@H]1C[C@@H](O)CN1C(=O)CNC(=O)c1ccc2cc(F)ccc2n1)c1ccccc1 1 COc1ccc([C@H](C)NC(=O)[C@@H]2C[C@@H](O)CN2C(=O)CNC(=O)c2ccc3cc(F)ccc3n2)c(Cl)c1 O=C(NCC(=O)N1CCC[C@H]1C(=O)NCc1ccccc1)c1ccc2ccccc2n1 0.4695327 0.4695 0.7364865 0.7365 0.7779275 -9.9500 1.0000000 1.0000 []
 | 2.7998 4.8186 81.6214 0.6753121 CC(NC(=O)[C@@H]1C[C@@H](O)CN1C(=O)CNC(=O)c1ccc2cc(F)ccc2n1)c1ccc(Cl)cc1 1 COc1ccc([C@H](C)NC(=O)[C@@H]2C[C@@H](O)CN2C(=O)CNC(=O)c2ccc3cc(F)ccc3n2)c(Cl)c1 O=C(NCC(=O)N1CCC[C@H]1C(=O)NCc1ccccc1)c1ccc2ccccc2n1 0.4834885 0.4835 0.8014184 0.8014 0.7326326 -9.4700 1.0000000 1.0000 []
 | 2.8027 4.1297 72.0438 0.5951057 COc1ccc(CNC(=O)[C@@H]2C[C@@H](O)CN2C(=O)CNC(=O)c2ccc3cc(F)ccc3n2)cc1 1 COc1ccc([C@H](C)NC(=O)[C@@H]2C[C@@H](O)CN2C(=O)CNC(=O)c2ccc3cc(F)ccc3n2)c(Cl)c1 O=C(NCC(=O)N1CCC[C@H]1C(=O)NCc1ccccc1)c1ccc2ccccc2n1 0.4701237 0.4701 0.7832168 0.7832 0.5836347 -8.1600 1.0000000 1.0000 []
 | 2.2546 4.2698 80.8253 0.6648056 C[C@@H](NC(=O)[C@@H]1C[C@@H](O)CN1C(=O)CNC(=O)c1ccc2cc(F)ccc2n1)c1ccc(Cl)cc1 1 COc1ccc([C@H](C)NC(=O)[C@@H]2C[C@@H](O)CN2C(=O)CNC(=O)c2ccc3cc(F)ccc3n2)c(Cl)c1 O=C(NCC(=O)N1CCC[C@H]1C(=O)NCc1ccccc1)c1ccc2ccccc2n1 0.4834885 0.4835 0.8014184 0.8014 0.7100135 -9.2500 1.0000000 1.0000 []
 | 2.5369 4.3193 79.5056 0.6548825 O=C(NCC(=O)N1C[C@H](O)C[C@H]1C(=O)NCc1ccc(Cl)c(Cl)c1)c1ccc2cc(F)ccc2n1 1 COc1ccc([C@H](C)NC(=O)[C@@H]2C[C@@H](O)CN2C(=O)CNC(=O)c2ccc3cc(F)ccc3n2)c(Cl)c1 O=C(NCC(=O)N1CCC[C@H]1C(=O)NCc1ccccc1)c1ccc2ccccc2n1 0.4640416 0.4640 0.7114094 0.7114 0.7464290 -9.6100 1.0000000 1.0000 []
 | 2.0746 3.8934 81.6967 0.6686721 O=C(NCC(=O)N1C[C@H](O)C[C@H]1C(=O)NCc1ccc(Cl)cc1)c1ccc2cc(F)ccc2n1 1 COc1ccc([C@H](C)NC(=O)[C@@H]2C[C@@H](O)CN2C(=O)CNC(=O)c2ccc3cc(F)ccc3n2)c(Cl)c1 O=C(NCC(=O)N1CCC[C@H]1C(=O)NCc1ccccc1)c1ccc2ccccc2n1 0.4955094 0.4955 0.7260274 0.7260 0.7454593 -9.6000 1.0000000 1.0000 []
 | 2.3613 3.2004 77.2229 0.6283072 O=C(NCC(=O)N1C[C@H](O)C[C@H]1C(=O)NCc1cccc(Cl)c1)c1ccc2cc(F)ccc2n1 1 COc1ccc([C@H](C)NC(=O)[C@@H]2C[C@@H](O)CN2C(=O)CNC(=O)c2ccc3cc(F)ccc3n2)c(Cl)c1 O=C(NCC(=O)N1CCC[C@H]1C(=O)NCc1ccccc1)c1ccc2ccccc2n1 0.4955094 0.4955 0.7210884 0.7211 0.6604256 -8.8000 1.0000000 1.0000 []
 | 2.5779 4.2413 70.9730 0.5876117 O=C(NCC(=O)N1C[C@H](O)C[C@H]1C(=O)N[C@@H](CO)c1cccc(Cl)c1)c1ccc2cc(F)ccc2n1 1 COc1ccc([C@H](C)NC(=O)[C@@H]2C[C@@H](O)CN2C(=O)CNC(=O)c2ccc3cc(F)ccc3n2)c(Cl)c1 O=C(NCC(=O)N1CCC[C@H]1C(=O)NCc1ccccc1)c1ccc2ccccc2n1 0.3782864 0.3783 0.7432432 0.7432 0.6511860 -8.7200 1.0000000 1.0000 []
 | 2.1650 4.6734 74.2686 0.6167343 O=C(NCC(=O)N1C[C@H](O)C[C@H]1C(=O)N[C@H](CO)c1cccc(Cl)c1)c1ccc2cc(F)ccc2n1 1 COc1ccc([C@H](C)NC(=O)[C@@H]2C[C@@H](O)CN2C(=O)CNC(=O)c2ccc3cc(F)ccc3n2)c(Cl)c1 O=C(NCC(=O)N1CCC[C@H]1C(=O)NCc1ccccc1)c1ccc2ccccc2n1 0.3782864 0.3783 0.7432432 0.7432 0.7173324 -9.3200 1.0000000 1.0000 []
00:27:28 <INFO> Score: 0.64 Agent NLL: 2.44 Valid: 100% Step: 10
 | Agent Prior Target Score SMILES SMILES_state Input_SMILES Scaffold QED QED (raw) TanimotoDistance TanimotoDistance (raw) maize maize (raw) Unwanted SMARTS Unwanted SMARTS (raw) matchting_patterns (Unwanted SMARTS)
 | 2.0562 8.7137 77.1655 0.6709312 CC(C)C(NC(=O)[C@@H]1C[C@@H](O)CN1C(=O)CNC(=O)c1ccc2cc(F)ccc2n1)c1ccc(Cl)cc1 1 COc1ccc([C@H](C)NC(=O)[C@@H]2C[C@@H](O)CN2C(=O)CNC(=O)c2ccc3cc(F)ccc3n2)c(Cl)c1 O=C(NCC(=O)N1CCC[C@H]1C(=O)NCc1ccccc1)c1ccc2ccccc2n1 0.4374885 0.4375 0.7619048 0.7619 0.7796905 -9.9700 1.0000000 1.0000 []
 | 2.9529 4.0491 82.5249 0.6763589 CC(C)C(NC(=O)[C@@H]1C[C@@H](O)CN1C(=O)CNC(=O)c1ccc2cc(F)ccc2n1)c1ccccc1 1 COc1ccc([C@H](C)NC(=O)[C@@H]2C[C@@H](O)CN2C(=O)CNC(=O)c2ccc3cc(F)ccc3n2)c(Cl)c1 O=C(NCC(=O)N1CCC[C@H]1C(=O)NCc1ccccc1)c1ccc2ccccc2n1 0.4695327 0.4695 0.7364865 0.7365 0.7779275 -9.9500 1.0000000 1.0000 []
 | 2.5925 4.8186 81.6214 0.6753121 CC(NC(=O)[C@@H]1C[C@@H](O)CN1C(=O)CNC(=O)c1ccc2cc(F)ccc2n1)c1ccc(Cl)cc1 1 COc1ccc([C@H](C)NC(=O)[C@@H]2C[C@@H](O)CN2C(=O)CNC(=O)c2ccc3cc(F)ccc3n2)c(Cl)c1 O=C(NCC(=O)N1CCC[C@H]1C(=O)NCc1ccccc1)c1ccc2ccccc2n1 0.4834885 0.4835 0.8014184 0.8014 0.7326326 -9.4700 1.0000000 1.0000 []
 | 2.6582 4.1297 72.0438 0.5951057 COc1ccc(CNC(=O)[C@@H]2C[C@@H](O)CN2C(=O)CNC(=O)c2ccc3cc(F)ccc3n2)cc1 1 COc1ccc([C@H](C)NC(=O)[C@@H]2C[C@@H](O)CN2C(=O)CNC(=O)c2ccc3cc(F)ccc3n2)c(Cl)c1 O=C(NCC(=O)N1CCC[C@H]1C(=O)NCc1ccccc1)c1ccc2ccccc2n1 0.4701237 0.4701 0.7832168 0.7832 0.5836347 -8.1600 1.0000000 1.0000 []
 | 2.5434 4.2698 80.8253 0.6648056 C[C@@H](NC(=O)[C@@H]1C[C@@H](O)CN1C(=O)CNC(=O)c1ccc2cc(F)ccc2n1)c1ccc(Cl)cc1 1 COc1ccc([C@H](C)NC(=O)[C@@H]2C[C@@H](O)CN2C(=O)CNC(=O)c2ccc3cc(F)ccc3n2)c(Cl)c1 O=C(NCC(=O)N1CCC[C@H]1C(=O)NCc1ccccc1)c1ccc2ccccc2n1 0.4834885 0.4835 0.8014184 0.8014 0.7100135 -9.2500 1.0000000 1.0000 []
 | 2.7842 4.3193 79.5056 0.6548825 O=C(NCC(=O)N1C[C@H](O)C[C@H]1C(=O)NCc1ccc(Cl)c(Cl)c1)c1ccc2cc(F)ccc2n1 1 COc1ccc([C@H](C)NC(=O)[C@@H]2C[C@@H](O)CN2C(=O)CNC(=O)c2ccc3cc(F)ccc3n2)c(Cl)c1 O=C(NCC(=O)N1CCC[C@H]1C(=O)NCc1ccccc1)c1ccc2ccccc2n1 0.4640416 0.4640 0.7114094 0.7114 0.7464290 -9.6100 1.0000000 1.0000 []
 | 2.1741 3.8934 81.6967 0.6686721 O=C(NCC(=O)N1C[C@H](O)C[C@H]1C(=O)NCc1ccc(Cl)cc1)c1ccc2cc(F)ccc2n1 1 COc1ccc([C@H](C)NC(=O)[C@@H]2C[C@@H](O)CN2C(=O)CNC(=O)c2ccc3cc(F)ccc3n2)c(Cl)c1 O=C(NCC(=O)N1CCC[C@H]1C(=O)NCc1ccccc1)c1ccc2ccccc2n1 0.4955094 0.4955 0.7260274 0.7260 0.7454593 -9.6000 1.0000000 1.0000 []
 | 2.1975 3.2004 77.2229 0.6283072 O=C(NCC(=O)N1C[C@H](O)C[C@H]1C(=O)NCc1cccc(Cl)c1)c1ccc2cc(F)ccc2n1 1 COc1ccc([C@H](C)NC(=O)[C@@H]2C[C@@H](O)CN2C(=O)CNC(=O)c2ccc3cc(F)ccc3n2)c(Cl)c1 O=C(NCC(=O)N1CCC[C@H]1C(=O)NCc1ccccc1)c1ccc2ccccc2n1 0.4955094 0.4955 0.7210884 0.7211 0.6604256 -8.8000 1.0000000 1.0000 []
 | 2.3731 4.2413 70.9730 0.5876117 O=C(NCC(=O)N1C[C@H](O)C[C@H]1C(=O)N[C@@H](CO)c1cccc(Cl)c1)c1ccc2cc(F)ccc2n1 1 COc1ccc([C@H](C)NC(=O)[C@@H]2C[C@@H](O)CN2C(=O)CNC(=O)c2ccc3cc(F)ccc3n2)c(Cl)c1 O=C(NCC(=O)N1CCC[C@H]1C(=O)NCc1ccccc1)c1ccc2ccccc2n1 0.3782864 0.3783 0.7432432 0.7432 0.6511860 -8.7200 1.0000000 1.0000 []
 | 2.0462 4.6734 74.2686 0.6167343 O=C(NCC(=O)N1C[C@H](O)C[C@H]1C(=O)N[C@H](CO)c1cccc(Cl)c1)c1ccc2cc(F)ccc2n1 1 COc1ccc([C@H](C)NC(=O)[C@@H]2C[C@@H](O)CN2C(=O)CNC(=O)c2ccc3cc(F)ccc3n2)c(Cl)c1 O=C(NCC(=O)N1CCC[C@H]1C(=O)NCc1ccccc1)c1ccc2ccccc2n1 0.3782864 0.3783 0.7432432 0.7432 0.7173324 -9.3200 1.0000000 1.0000 []
00:27:29 <INFO> Score: 0.64 Agent NLL: 2.43 Valid: 100% Step: 11
 | Agent Prior Target Score SMILES SMILES_state Input_SMILES Scaffold QED QED (raw) TanimotoDistance TanimotoDistance (raw) maize maize (raw) Unwanted SMARTS Unwanted SMARTS (raw) matchting_patterns (Unwanted SMARTS)
 | 2.2753 8.7137 77.1655 0.6709312 CC(C)C(NC(=O)[C@@H]1C[C@@H](O)CN1C(=O)CNC(=O)c1ccc2cc(F)ccc2n1)c1ccc(Cl)cc1 1 COc1ccc([C@H](C)NC(=O)[C@@H]2C[C@@H](O)CN2C(=O)CNC(=O)c2ccc3cc(F)ccc3n2)c(Cl)c1 O=C(NCC(=O)N1CCC[C@H]1C(=O)NCc1ccccc1)c1ccc2ccccc2n1 0.4374885 0.4375 0.7619048 0.7619 0.7796905 -9.9700 1.0000000 1.0000 []
 | 2.8303 4.0491 82.5249 0.6763589 CC(C)C(NC(=O)[C@@H]1C[C@@H](O)CN1C(=O)CNC(=O)c1ccc2cc(F)ccc2n1)c1ccccc1 1 COc1ccc([C@H](C)NC(=O)[C@@H]2C[C@@H](O)CN2C(=O)CNC(=O)c2ccc3cc(F)ccc3n2)c(Cl)c1 O=C(NCC(=O)N1CCC[C@H]1C(=O)NCc1ccccc1)c1ccc2ccccc2n1 0.4695327 0.4695 0.7364865 0.7365 0.7779275 -9.9500 1.0000000 1.0000 []
 | 2.3479 4.8186 81.6214 0.6753121 CC(NC(=O)[C@@H]1C[C@@H](O)CN1C(=O)CNC(=O)c1ccc2cc(F)ccc2n1)c1ccc(Cl)cc1 1 COc1ccc([C@H](C)NC(=O)[C@@H]2C[C@@H](O)CN2C(=O)CNC(=O)c2ccc3cc(F)ccc3n2)c(Cl)c1 O=C(NCC(=O)N1CCC[C@H]1C(=O)NCc1ccccc1)c1ccc2ccccc2n1 0.4834885 0.4835 0.8014184 0.8014 0.7326326 -9.4700 1.0000000 1.0000 []
 | 2.4888 4.1297 72.0438 0.5951057 COc1ccc(CNC(=O)[C@@H]2C[C@@H](O)CN2C(=O)CNC(=O)c2ccc3cc(F)ccc3n2)cc1 1 COc1ccc([C@H](C)NC(=O)[C@@H]2C[C@@H](O)CN2C(=O)CNC(=O)c2ccc3cc(F)ccc3n2)c(Cl)c1 O=C(NCC(=O)N1CCC[C@H]1C(=O)NCc1ccccc1)c1ccc2ccccc2n1 0.4701237 0.4701 0.7832168 0.7832 0.5836347 -8.1600 1.0000000 1.0000 []
 | 2.7199 4.2698 80.8253 0.6648056 C[C@@H](NC(=O)[C@@H]1C[C@@H](O)CN1C(=O)CNC(=O)c1ccc2cc(F)ccc2n1)c1ccc(Cl)cc1 1 COc1ccc([C@H](C)NC(=O)[C@@H]2C[C@@H](O)CN2C(=O)CNC(=O)c2ccc3cc(F)ccc3n2)c(Cl)c1 O=C(NCC(=O)N1CCC[C@H]1C(=O)NCc1ccccc1)c1ccc2ccccc2n1 0.4834885 0.4835 0.8014184 0.8014 0.7100135 -9.2500 1.0000000 1.0000 []
 | 2.7727 4.3193 79.5056 0.6548825 O=C(NCC(=O)N1C[C@H](O)C[C@H]1C(=O)NCc1ccc(Cl)c(Cl)c1)c1ccc2cc(F)ccc2n1 1 COc1ccc([C@H](C)NC(=O)[C@@H]2C[C@@H](O)CN2C(=O)CNC(=O)c2ccc3cc(F)ccc3n2)c(Cl)c1 O=C(NCC(=O)N1CCC[C@H]1C(=O)NCc1ccccc1)c1ccc2ccccc2n1 0.4640416 0.4640 0.7114094 0.7114 0.7464290 -9.6100 1.0000000 1.0000 []
 | 2.2650 3.8934 81.6967 0.6686721 O=C(NCC(=O)N1C[C@H](O)C[C@H]1C(=O)NCc1ccc(Cl)cc1)c1ccc2cc(F)ccc2n1 1 COc1ccc([C@H](C)NC(=O)[C@@H]2C[C@@H](O)CN2C(=O)CNC(=O)c2ccc3cc(F)ccc3n2)c(Cl)c1 O=C(NCC(=O)N1CCC[C@H]1C(=O)NCc1ccccc1)c1ccc2ccccc2n1 0.4955094 0.4955 0.7260274 0.7260 0.7454593 -9.6000 1.0000000 1.0000 []
 | 2.0821 3.2004 77.2229 0.6283072 O=C(NCC(=O)N1C[C@H](O)C[C@H]1C(=O)NCc1cccc(Cl)c1)c1ccc2cc(F)ccc2n1 1 COc1ccc([C@H](C)NC(=O)[C@@H]2C[C@@H](O)CN2C(=O)CNC(=O)c2ccc3cc(F)ccc3n2)c(Cl)c1 O=C(NCC(=O)N1CCC[C@H]1C(=O)NCc1ccccc1)c1ccc2ccccc2n1 0.4955094 0.4955 0.7210884 0.7211 0.6604256 -8.8000 1.0000000 1.0000 []
 | 2.3605 4.2413 70.9730 0.5876117 O=C(NCC(=O)N1C[C@H](O)C[C@H]1C(=O)N[C@@H](CO)c1cccc(Cl)c1)c1ccc2cc(F)ccc2n1 1 COc1ccc([C@H](C)NC(=O)[C@@H]2C[C@@H](O)CN2C(=O)CNC(=O)c2ccc3cc(F)ccc3n2)c(Cl)c1 O=C(NCC(=O)N1CCC[C@H]1C(=O)NCc1ccccc1)c1ccc2ccccc2n1 0.3782864 0.3783 0.7432432 0.7432 0.6511860 -8.7200 1.0000000 1.0000 []
 | 2.1616 4.6734 74.2686 0.6167343 O=C(NCC(=O)N1C[C@H](O)C[C@H]1C(=O)N[C@H](CO)c1cccc(Cl)c1)c1ccc2cc(F)ccc2n1 1 COc1ccc([C@H](C)NC(=O)[C@@H]2C[C@@H](O)CN2C(=O)CNC(=O)c2ccc3cc(F)ccc3n2)c(Cl)c1 O=C(NCC(=O)N1CCC[C@H]1C(=O)NCc1ccccc1)c1ccc2ccccc2n1 0.3782864 0.3783 0.7432432 0.7432 0.7173324 -9.3200 1.0000000 1.0000 []
00:27:31 <INFO> Score: 0.64 Agent NLL: 2.42 Valid: 100% Step: 12
 | Agent Prior Target Score SMILES SMILES_state Input_SMILES Scaffold QED QED (raw) TanimotoDistance TanimotoDistance (raw) maize maize (raw) Unwanted SMARTS Unwanted SMARTS (raw) matchting_patterns (Unwanted SMARTS)
 | 2.2533 8.7137 77.1655 0.6709312 CC(C)C(NC(=O)[C@@H]1C[C@@H](O)CN1C(=O)CNC(=O)c1ccc2cc(F)ccc2n1)c1ccc(Cl)cc1 1 COc1ccc([C@H](C)NC(=O)[C@@H]2C[C@@H](O)CN2C(=O)CNC(=O)c2ccc3cc(F)ccc3n2)c(Cl)c1 O=C(NCC(=O)N1CCC[C@H]1C(=O)NCc1ccccc1)c1ccc2ccccc2n1 0.4374885 0.4375 0.7619048 0.7619 0.7796905 -9.9700 1.0000000 1.0000 []
 | 2.6134 4.0491 82.5249 0.6763589 CC(C)C(NC(=O)[C@@H]1C[C@@H](O)CN1C(=O)CNC(=O)c1ccc2cc(F)ccc2n1)c1ccccc1 1 COc1ccc([C@H](C)NC(=O)[C@@H]2C[C@@H](O)CN2C(=O)CNC(=O)c2ccc3cc(F)ccc3n2)c(Cl)c1 O=C(NCC(=O)N1CCC[C@H]1C(=O)NCc1ccccc1)c1ccc2ccccc2n1 0.4695327 0.4695 0.7364865 0.7365 0.7779275 -9.9500 1.0000000 1.0000 []
 | 2.3164 4.8186 81.6214 0.6753121 CC(NC(=O)[C@@H]1C[C@@H](O)CN1C(=O)CNC(=O)c1ccc2cc(F)ccc2n1)c1ccc(Cl)cc1 1 COc1ccc([C@H](C)NC(=O)[C@@H]2C[C@@H](O)CN2C(=O)CNC(=O)c2ccc3cc(F)ccc3n2)c(Cl)c1 O=C(NCC(=O)N1CCC[C@H]1C(=O)NCc1ccccc1)c1ccc2ccccc2n1 0.4834885 0.4835 0.8014184 0.8014 0.7326326 -9.4700 1.0000000 1.0000 []
 | 2.3050 4.1297 72.0438 0.5951057 COc1ccc(CNC(=O)[C@@H]2C[C@@H](O)CN2C(=O)CNC(=O)c2ccc3cc(F)ccc3n2)cc1 1 COc1ccc([C@H](C)NC(=O)[C@@H]2C[C@@H](O)CN2C(=O)CNC(=O)c2ccc3cc(F)ccc3n2)c(Cl)c1 O=C(NCC(=O)N1CCC[C@H]1C(=O)NCc1ccccc1)c1ccc2ccccc2n1 0.4701237 0.4701 0.7832168 0.7832 0.5836347 -8.1600 1.0000000 1.0000 []
 | 2.8053 4.2698 80.8253 0.6648056 C[C@@H](NC(=O)[C@@H]1C[C@@H](O)CN1C(=O)CNC(=O)c1ccc2cc(F)ccc2n1)c1ccc(Cl)cc1 1 COc1ccc([C@H](C)NC(=O)[C@@H]2C[C@@H](O)CN2C(=O)CNC(=O)c2ccc3cc(F)ccc3n2)c(Cl)c1 O=C(NCC(=O)N1CCC[C@H]1C(=O)NCc1ccccc1)c1ccc2ccccc2n1 0.4834885 0.4835 0.8014184 0.8014 0.7100135 -9.2500 1.0000000 1.0000 []
 | 2.5903 4.3193 79.5056 0.6548825 O=C(NCC(=O)N1C[C@H](O)C[C@H]1C(=O)NCc1ccc(Cl)c(Cl)c1)c1ccc2cc(F)ccc2n1 1 COc1ccc([C@H](C)NC(=O)[C@@H]2C[C@@H](O)CN2C(=O)CNC(=O)c2ccc3cc(F)ccc3n2)c(Cl)c1 O=C(NCC(=O)N1CCC[C@H]1C(=O)NCc1ccccc1)c1ccc2ccccc2n1 0.4640416 0.4640 0.7114094 0.7114 0.7464290 -9.6100 1.0000000 1.0000 []
 | 2.3780 3.8934 81.6967 0.6686721 O=C(NCC(=O)N1C[C@H](O)C[C@H]1C(=O)NCc1ccc(Cl)cc1)c1ccc2cc(F)ccc2n1 1 COc1ccc([C@H](C)NC(=O)[C@@H]2C[C@@H](O)CN2C(=O)CNC(=O)c2ccc3cc(F)ccc3n2)c(Cl)c1 O=C(NCC(=O)N1CCC[C@H]1C(=O)NCc1ccccc1)c1ccc2ccccc2n1 0.4955094 0.4955 0.7260274 0.7260 0.7454593 -9.6000 1.0000000 1.0000 []
 | 2.0143 3.2004 77.2229 0.6283072 O=C(NCC(=O)N1C[C@H](O)C[C@H]1C(=O)NCc1cccc(Cl)c1)c1ccc2cc(F)ccc2n1 1 COc1ccc([C@H](C)NC(=O)[C@@H]2C[C@@H](O)CN2C(=O)CNC(=O)c2ccc3cc(F)ccc3n2)c(Cl)c1 O=C(NCC(=O)N1CCC[C@H]1C(=O)NCc1ccccc1)c1ccc2ccccc2n1 0.4955094 0.4955 0.7210884 0.7211 0.6604256 -8.8000 1.0000000 1.0000 []
 | 2.4726 4.2413 70.9730 0.5876117 O=C(NCC(=O)N1C[C@H](O)C[C@H]1C(=O)N[C@@H](CO)c1cccc(Cl)c1)c1ccc2cc(F)ccc2n1 1 COc1ccc([C@H](C)NC(=O)[C@@H]2C[C@@H](O)CN2C(=O)CNC(=O)c2ccc3cc(F)ccc3n2)c(Cl)c1 O=C(NCC(=O)N1CCC[C@H]1C(=O)NCc1ccccc1)c1ccc2ccccc2n1 0.3782864 0.3783 0.7432432 0.7432 0.6511860 -8.7200 1.0000000 1.0000 []
 | 2.4062 4.6734 74.2686 0.6167343 O=C(NCC(=O)N1C[C@H](O)C[C@H]1C(=O)N[C@H](CO)c1cccc(Cl)c1)c1ccc2cc(F)ccc2n1 1 COc1ccc([C@H](C)NC(=O)[C@@H]2C[C@@H](O)CN2C(=O)CNC(=O)c2ccc3cc(F)ccc3n2)c(Cl)c1 O=C(NCC(=O)N1CCC[C@H]1C(=O)NCc1ccccc1)c1ccc2ccccc2n1 0.3782864 0.3783 0.7432432 0.7432 0.7173324 -9.3200 1.0000000 1.0000 []
00:27:32 <INFO> Score: 0.64 Agent NLL: 2.40 Valid: 100% Step: 13
 | Agent Prior Target Score SMILES SMILES_state Input_SMILES Scaffold QED QED (raw) TanimotoDistance TanimotoDistance (raw) maize maize (raw) Unwanted SMARTS Unwanted SMARTS (raw) matchting_patterns (Unwanted SMARTS)
 | 2.0974 8.7137 77.1655 0.6709312 CC(C)C(NC(=O)[C@@H]1C[C@@H](O)CN1C(=O)CNC(=O)c1ccc2cc(F)ccc2n1)c1ccc(Cl)cc1 1 COc1ccc([C@H](C)NC(=O)[C@@H]2C[C@@H](O)CN2C(=O)CNC(=O)c2ccc3cc(F)ccc3n2)c(Cl)c1 O=C(NCC(=O)N1CCC[C@H]1C(=O)NCc1ccccc1)c1ccc2ccccc2n1 0.4374885 0.4375 0.7619048 0.7619 0.7796905 -9.9700 1.0000000 1.0000 []
 | 2.3581 4.0491 82.5249 0.6763589 CC(C)C(NC(=O)[C@@H]1C[C@@H](O)CN1C(=O)CNC(=O)c1ccc2cc(F)ccc2n1)c1ccccc1 1 COc1ccc([C@H](C)NC(=O)[C@@H]2C[C@@H](O)CN2C(=O)CNC(=O)c2ccc3cc(F)ccc3n2)c(Cl)c1 O=C(NCC(=O)N1CCC[C@H]1C(=O)NCc1ccccc1)c1ccc2ccccc2n1 0.4695327 0.4695 0.7364865 0.7365 0.7779275 -9.9500 1.0000000 1.0000 []
 | 2.5002 4.8186 81.6214 0.6753121 CC(NC(=O)[C@@H]1C[C@@H](O)CN1C(=O)CNC(=O)c1ccc2cc(F)ccc2n1)c1ccc(Cl)cc1 1 COc1ccc([C@H](C)NC(=O)[C@@H]2C[C@@H](O)CN2C(=O)CNC(=O)c2ccc3cc(F)ccc3n2)c(Cl)c1 O=C(NCC(=O)N1CCC[C@H]1C(=O)NCc1ccccc1)c1ccc2ccccc2n1 0.4834885 0.4835 0.8014184 0.8014 0.7326326 -9.4700 1.0000000 1.0000 []
 | 2.1679 4.1297 72.0438 0.5951057 COc1ccc(CNC(=O)[C@@H]2C[C@@H](O)CN2C(=O)CNC(=O)c2ccc3cc(F)ccc3n2)cc1 1 COc1ccc([C@H](C)NC(=O)[C@@H]2C[C@@H](O)CN2C(=O)CNC(=O)c2ccc3cc(F)ccc3n2)c(Cl)c1 O=C(NCC(=O)N1CCC[C@H]1C(=O)NCc1ccccc1)c1ccc2ccccc2n1 0.4701237 0.4701 0.7832168 0.7832 0.5836347 -8.1600 1.0000000 1.0000 []
 | 2.8496 4.2698 80.8253 0.6648056 C[C@@H](NC(=O)[C@@H]1C[C@@H](O)CN1C(=O)CNC(=O)c1ccc2cc(F)ccc2n1)c1ccc(Cl)cc1 1 COc1ccc([C@H](C)NC(=O)[C@@H]2C[C@@H](O)CN2C(=O)CNC(=O)c2ccc3cc(F)ccc3n2)c(Cl)c1 O=C(NCC(=O)N1CCC[C@H]1C(=O)NCc1ccccc1)c1ccc2ccccc2n1 0.4834885 0.4835 0.8014184 0.8014 0.7100135 -9.2500 1.0000000 1.0000 []
 | 2.3907 4.3193 79.5056 0.6548825 O=C(NCC(=O)N1C[C@H](O)C[C@H]1C(=O)NCc1ccc(Cl)c(Cl)c1)c1ccc2cc(F)ccc2n1 1 COc1ccc([C@H](C)NC(=O)[C@@H]2C[C@@H](O)CN2C(=O)CNC(=O)c2ccc3cc(F)ccc3n2)c(Cl)c1 O=C(NCC(=O)N1CCC[C@H]1C(=O)NCc1ccccc1)c1ccc2ccccc2n1 0.4640416 0.4640 0.7114094 0.7114 0.7464290 -9.6100 1.0000000 1.0000 []
 | 2.4961 3.8934 81.6967 0.6686721 O=C(NCC(=O)N1C[C@H](O)C[C@H]1C(=O)NCc1ccc(Cl)cc1)c1ccc2cc(F)ccc2n1 1 COc1ccc([C@H](C)NC(=O)[C@@H]2C[C@@H](O)CN2C(=O)CNC(=O)c2ccc3cc(F)ccc3n2)c(Cl)c1 O=C(NCC(=O)N1CCC[C@H]1C(=O)NCc1ccccc1)c1ccc2ccccc2n1 0.4955094 0.4955 0.7260274 0.7260 0.7454593 -9.6000 1.0000000 1.0000 []
 | 2.0024 3.2004 77.2229 0.6283072 O=C(NCC(=O)N1C[C@H](O)C[C@H]1C(=O)NCc1cccc(Cl)c1)c1ccc2cc(F)ccc2n1 1 COc1ccc([C@H](C)NC(=O)[C@@H]2C[C@@H](O)CN2C(=O)CNC(=O)c2ccc3cc(F)ccc3n2)c(Cl)c1 O=C(NCC(=O)N1CCC[C@H]1C(=O)NCc1ccccc1)c1ccc2ccccc2n1 0.4955094 0.4955 0.7210884 0.7211 0.6604256 -8.8000 1.0000000 1.0000 []
 | 2.5574 4.2413 70.9730 0.5876117 O=C(NCC(=O)N1C[C@H](O)C[C@H]1C(=O)N[C@@H](CO)c1cccc(Cl)c1)c1ccc2cc(F)ccc2n1 1 COc1ccc([C@H](C)NC(=O)[C@@H]2C[C@@H](O)CN2C(=O)CNC(=O)c2ccc3cc(F)ccc3n2)c(Cl)c1 O=C(NCC(=O)N1CCC[C@H]1C(=O)NCc1ccccc1)c1ccc2ccccc2n1 0.3782864 0.3783 0.7432432 0.7432 0.6511860 -8.7200 1.0000000 1.0000 []
 | 2.5972 4.6734 74.2686 0.6167343 O=C(NCC(=O)N1C[C@H](O)C[C@H]1C(=O)N[C@H](CO)c1cccc(Cl)c1)c1ccc2cc(F)ccc2n1 1 COc1ccc([C@H](C)NC(=O)[C@@H]2C[C@@H](O)CN2C(=O)CNC(=O)c2ccc3cc(F)ccc3n2)c(Cl)c1 O=C(NCC(=O)N1CCC[C@H]1C(=O)NCc1ccccc1)c1ccc2ccccc2n1 0.3782864 0.3783 0.7432432 0.7432 0.7173324 -9.3200 1.0000000 1.0000 []
00:27:33 <INFO> Score: 0.64 Agent NLL: 2.39 Valid: 100% Step: 14
 | Agent Prior Target Score SMILES SMILES_state Input_SMILES Scaffold QED QED (raw) TanimotoDistance TanimotoDistance (raw) maize maize (raw) Unwanted SMARTS Unwanted SMARTS (raw) matchting_patterns (Unwanted SMARTS)
 | 2.0443 8.7137 77.1655 0.6709312 CC(C)C(NC(=O)[C@@H]1C[C@@H](O)CN1C(=O)CNC(=O)c1ccc2cc(F)ccc2n1)c1ccc(Cl)cc1 1 COc1ccc([C@H](C)NC(=O)[C@@H]2C[C@@H](O)CN2C(=O)CNC(=O)c2ccc3cc(F)ccc3n2)c(Cl)c1 O=C(NCC(=O)N1CCC[C@H]1C(=O)NCc1ccccc1)c1ccc2ccccc2n1 0.4374885 0.4375 0.7619048 0.7619 0.7796905 -9.9700 1.0000000 1.0000 []
 | 2.2693 4.0491 82.5249 0.6763589 CC(C)C(NC(=O)[C@@H]1C[C@@H](O)CN1C(=O)CNC(=O)c1ccc2cc(F)ccc2n1)c1ccccc1 1 COc1ccc([C@H](C)NC(=O)[C@@H]2C[C@@H](O)CN2C(=O)CNC(=O)c2ccc3cc(F)ccc3n2)c(Cl)c1 O=C(NCC(=O)N1CCC[C@H]1C(=O)NCc1ccccc1)c1ccc2ccccc2n1 0.4695327 0.4695 0.7364865 0.7365 0.7779275 -9.9500 1.0000000 1.0000 []
 | 2.6282 4.8186 81.6214 0.6753121 CC(NC(=O)[C@@H]1C[C@@H](O)CN1C(=O)CNC(=O)c1ccc2cc(F)ccc2n1)c1ccc(Cl)cc1 1 COc1ccc([C@H](C)NC(=O)[C@@H]2C[C@@H](O)CN2C(=O)CNC(=O)c2ccc3cc(F)ccc3n2)c(Cl)c1 O=C(NCC(=O)N1CCC[C@H]1C(=O)NCc1ccccc1)c1ccc2ccccc2n1 0.4834885 0.4835 0.8014184 0.8014 0.7326326 -9.4700 1.0000000 1.0000 []
 | 2.1043 4.1297 72.0438 0.5951057 COc1ccc(CNC(=O)[C@@H]2C[C@@H](O)CN2C(=O)CNC(=O)c2ccc3cc(F)ccc3n2)cc1 1 COc1ccc([C@H](C)NC(=O)[C@@H]2C[C@@H](O)CN2C(=O)CNC(=O)c2ccc3cc(F)ccc3n2)c(Cl)c1 O=C(NCC(=O)N1CCC[C@H]1C(=O)NCc1ccccc1)c1ccc2ccccc2n1 0.4701237 0.4701 0.7832168 0.7832 0.5836347 -8.1600 1.0000000 1.0000 []
 | 2.8533 4.2698 80.8253 0.6648056 C[C@@H](NC(=O)[C@@H]1C[C@@H](O)CN1C(=O)CNC(=O)c1ccc2cc(F)ccc2n1)c1ccc(Cl)cc1 1 COc1ccc([C@H](C)NC(=O)[C@@H]2C[C@@H](O)CN2C(=O)CNC(=O)c2ccc3cc(F)ccc3n2)c(Cl)c1 O=C(NCC(=O)N1CCC[C@H]1C(=O)NCc1ccccc1)c1ccc2ccccc2n1 0.4834885 0.4835 0.8014184 0.8014 0.7100135 -9.2500 1.0000000 1.0000 []
 | 2.2350 4.3193 79.5056 0.6548825 O=C(NCC(=O)N1C[C@H](O)C[C@H]1C(=O)NCc1ccc(Cl)c(Cl)c1)c1ccc2cc(F)ccc2n1 1 COc1ccc([C@H](C)NC(=O)[C@@H]2C[C@@H](O)CN2C(=O)CNC(=O)c2ccc3cc(F)ccc3n2)c(Cl)c1 O=C(NCC(=O)N1CCC[C@H]1C(=O)NCc1ccccc1)c1ccc2ccccc2n1 0.4640416 0.4640 0.7114094 0.7114 0.7464290 -9.6100 1.0000000 1.0000 []
 | 2.5471 3.8934 81.6967 0.6686721 O=C(NCC(=O)N1C[C@H](O)C[C@H]1C(=O)NCc1ccc(Cl)cc1)c1ccc2cc(F)ccc2n1 1 COc1ccc([C@H](C)NC(=O)[C@@H]2C[C@@H](O)CN2C(=O)CNC(=O)c2ccc3cc(F)ccc3n2)c(Cl)c1 O=C(NCC(=O)N1CCC[C@H]1C(=O)NCc1ccccc1)c1ccc2ccccc2n1 0.4955094 0.4955 0.7260274 0.7260 0.7454593 -9.6000 1.0000000 1.0000 []
 | 2.0523 3.2004 77.2229 0.6283072 O=C(NCC(=O)N1C[C@H](O)C[C@H]1C(=O)NCc1cccc(Cl)c1)c1ccc2cc(F)ccc2n1 1 COc1ccc([C@H](C)NC(=O)[C@@H]2C[C@@H](O)CN2C(=O)CNC(=O)c2ccc3cc(F)ccc3n2)c(Cl)c1 O=C(NCC(=O)N1CCC[C@H]1C(=O)NCc1ccccc1)c1ccc2ccccc2n1 0.4955094 0.4955 0.7210884 0.7211 0.6604256 -8.8000 1.0000000 1.0000 []
 | 2.5116 4.2413 70.9730 0.5876117 O=C(NCC(=O)N1C[C@H](O)C[C@H]1C(=O)N[C@@H](CO)c1cccc(Cl)c1)c1ccc2cc(F)ccc2n1 1 COc1ccc([C@H](C)NC(=O)[C@@H]2C[C@@H](O)CN2C(=O)CNC(=O)c2ccc3cc(F)ccc3n2)c(Cl)c1 O=C(NCC(=O)N1CCC[C@H]1C(=O)NCc1ccccc1)c1ccc2ccccc2n1 0.3782864 0.3783 0.7432432 0.7432 0.6511860 -8.7200 1.0000000 1.0000 []
 | 2.6302 4.6734 74.2686 0.6167343 O=C(NCC(=O)N1C[C@H](O)C[C@H]1C(=O)N[C@H](CO)c1cccc(Cl)c1)c1ccc2cc(F)ccc2n1 1 COc1ccc([C@H](C)NC(=O)[C@@H]2C[C@@H](O)CN2C(=O)CNC(=O)c2ccc3cc(F)ccc3n2)c(Cl)c1 O=C(NCC(=O)N1CCC[C@H]1C(=O)NCc1ccccc1)c1ccc2ccccc2n1 0.3782864 0.3783 0.7432432 0.7432 0.7173324 -9.3200 1.0000000 1.0000 []
00:27:35 <INFO> Score: 0.64 Agent NLL: 2.36 Valid: 100% Step: 15
 | Agent Prior Target Score SMILES SMILES_state Input_SMILES Scaffold QED QED (raw) TanimotoDistance TanimotoDistance (raw) maize maize (raw) Unwanted SMARTS Unwanted SMARTS (raw) matchting_patterns (Unwanted SMARTS)
 | 2.1207 8.7137 77.1655 0.6709312 CC(C)C(NC(=O)[C@@H]1C[C@@H](O)CN1C(=O)CNC(=O)c1ccc2cc(F)ccc2n1)c1ccc(Cl)cc1 1 COc1ccc([C@H](C)NC(=O)[C@@H]2C[C@@H](O)CN2C(=O)CNC(=O)c2ccc3cc(F)ccc3n2)c(Cl)c1 O=C(NCC(=O)N1CCC[C@H]1C(=O)NCc1ccccc1)c1ccc2ccccc2n1 0.4374885 0.4375 0.7619048 0.7619 0.7796905 -9.9700 1.0000000 1.0000 []
 | 2.3413 4.0491 82.5249 0.6763589 CC(C)C(NC(=O)[C@@H]1C[C@@H](O)CN1C(=O)CNC(=O)c1ccc2cc(F)ccc2n1)c1ccccc1 1 COc1ccc([C@H](C)NC(=O)[C@@H]2C[C@@H](O)CN2C(=O)CNC(=O)c2ccc3cc(F)ccc3n2)c(Cl)c1 O=C(NCC(=O)N1CCC[C@H]1C(=O)NCc1ccccc1)c1ccc2ccccc2n1 0.4695327 0.4695 0.7364865 0.7365 0.7779275 -9.9500 1.0000000 1.0000 []
 | 2.5163 4.8186 81.6214 0.6753121 CC(NC(=O)[C@@H]1C[C@@H](O)CN1C(=O)CNC(=O)c1ccc2cc(F)ccc2n1)c1ccc(Cl)cc1 1 COc1ccc([C@H](C)NC(=O)[C@@H]2C[C@@H](O)CN2C(=O)CNC(=O)c2ccc3cc(F)ccc3n2)c(Cl)c1 O=C(NCC(=O)N1CCC[C@H]1C(=O)NCc1ccccc1)c1ccc2ccccc2n1 0.4834885 0.4835 0.8014184 0.8014 0.7326326 -9.4700 1.0000000 1.0000 []
 | 2.0838 4.1297 72.0438 0.5951057 COc1ccc(CNC(=O)[C@@H]2C[C@@H](O)CN2C(=O)CNC(=O)c2ccc3cc(F)ccc3n2)cc1 1 COc1ccc([C@H](C)NC(=O)[C@@H]2C[C@@H](O)CN2C(=O)CNC(=O)c2ccc3cc(F)ccc3n2)c(Cl)c1 O=C(NCC(=O)N1CCC[C@H]1C(=O)NCc1ccccc1)c1ccc2ccccc2n1 0.4701237 0.4701 0.7832168 0.7832 0.5836347 -8.1600 1.0000000 1.0000 []
 | 2.8101 4.2698 80.8253 0.6648056 C[C@@H](NC(=O)[C@@H]1C[C@@H](O)CN1C(=O)CNC(=O)c1ccc2cc(F)ccc2n1)c1ccc(Cl)cc1 1 COc1ccc([C@H](C)NC(=O)[C@@H]2C[C@@H](O)CN2C(=O)CNC(=O)c2ccc3cc(F)ccc3n2)c(Cl)c1 O=C(NCC(=O)N1CCC[C@H]1C(=O)NCc1ccccc1)c1ccc2ccccc2n1 0.4834885 0.4835 0.8014184 0.8014 0.7100135 -9.2500 1.0000000 1.0000 []
 | 2.1723 4.3193 79.5056 0.6548825 O=C(NCC(=O)N1C[C@H](O)C[C@H]1C(=O)NCc1ccc(Cl)c(Cl)c1)c1ccc2cc(F)ccc2n1 1 COc1ccc([C@H](C)NC(=O)[C@@H]2C[C@@H](O)CN2C(=O)CNC(=O)c2ccc3cc(F)ccc3n2)c(Cl)c1 O=C(NCC(=O)N1CCC[C@H]1C(=O)NCc1ccccc1)c1ccc2ccccc2n1 0.4640416 0.4640 0.7114094 0.7114 0.7464290 -9.6100 1.0000000 1.0000 []
 | 2.4931 3.8934 81.6967 0.6686721 O=C(NCC(=O)N1C[C@H](O)C[C@H]1C(=O)NCc1ccc(Cl)cc1)c1ccc2cc(F)ccc2n1 1 COc1ccc([C@H](C)NC(=O)[C@@H]2C[C@@H](O)CN2C(=O)CNC(=O)c2ccc3cc(F)ccc3n2)c(Cl)c1 O=C(NCC(=O)N1CCC[C@H]1C(=O)NCc1ccccc1)c1ccc2ccccc2n1 0.4955094 0.4955 0.7260274 0.7260 0.7454593 -9.6000 1.0000000 1.0000 []
 | 2.1821 3.2004 77.2229 0.6283072 O=C(NCC(=O)N1C[C@H](O)C[C@H]1C(=O)NCc1cccc(Cl)c1)c1ccc2cc(F)ccc2n1 1 COc1ccc([C@H](C)NC(=O)[C@@H]2C[C@@H](O)CN2C(=O)CNC(=O)c2ccc3cc(F)ccc3n2)c(Cl)c1 O=C(NCC(=O)N1CCC[C@H]1C(=O)NCc1ccccc1)c1ccc2ccccc2n1 0.4955094 0.4955 0.7210884 0.7211 0.6604256 -8.8000 1.0000000 1.0000 []
 | 2.3791 4.2413 70.9730 0.5876117 O=C(NCC(=O)N1C[C@H](O)C[C@H]1C(=O)N[C@@H](CO)c1cccc(Cl)c1)c1ccc2cc(F)ccc2n1 1 COc1ccc([C@H](C)NC(=O)[C@@H]2C[C@@H](O)CN2C(=O)CNC(=O)c2ccc3cc(F)ccc3n2)c(Cl)c1 O=C(NCC(=O)N1CCC[C@H]1C(=O)NCc1ccccc1)c1ccc2ccccc2n1 0.3782864 0.3783 0.7432432 0.7432 0.6511860 -8.7200 1.0000000 1.0000 []
 | 2.5260 4.6734 74.2686 0.6167343 O=C(NCC(=O)N1C[C@H](O)C[C@H]1C(=O)N[C@H](CO)c1cccc(Cl)c1)c1ccc2cc(F)ccc2n1 1 COc1ccc([C@H](C)NC(=O)[C@@H]2C[C@@H](O)CN2C(=O)CNC(=O)c2ccc3cc(F)ccc3n2)c(Cl)c1 O=C(NCC(=O)N1CCC[C@H]1C(=O)NCc1ccccc1)c1ccc2ccccc2n1 0.3782864 0.3783 0.7432432 0.7432 0.7173324 -9.3200 1.0000000 1.0000 []
00:27:36 <INFO> Score: 0.64 Agent NLL: 2.34 Valid: 100% Step: 16
 | Agent Prior Target Score SMILES SMILES_state Input_SMILES Scaffold QED QED (raw) TanimotoDistance TanimotoDistance (raw) maize maize (raw) Unwanted SMARTS Unwanted SMARTS (raw) matchting_patterns (Unwanted SMARTS)
 | 2.2727 8.7137 77.1655 0.6709312 CC(C)C(NC(=O)[C@@H]1C[C@@H](O)CN1C(=O)CNC(=O)c1ccc2cc(F)ccc2n1)c1ccc(Cl)cc1 1 COc1ccc([C@H](C)NC(=O)[C@@H]2C[C@@H](O)CN2C(=O)CNC(=O)c2ccc3cc(F)ccc3n2)c(Cl)c1 O=C(NCC(=O)N1CCC[C@H]1C(=O)NCc1ccccc1)c1ccc2ccccc2n1 0.4374885 0.4375 0.7619048 0.7619 0.7796905 -9.9700 1.0000000 1.0000 []
 | 2.5030 4.0491 82.5249 0.6763589 CC(C)C(NC(=O)[C@@H]1C[C@@H](O)CN1C(=O)CNC(=O)c1ccc2cc(F)ccc2n1)c1ccccc1 1 COc1ccc([C@H](C)NC(=O)[C@@H]2C[C@@H](O)CN2C(=O)CNC(=O)c2ccc3cc(F)ccc3n2)c(Cl)c1 O=C(NCC(=O)N1CCC[C@H]1C(=O)NCc1ccccc1)c1ccc2ccccc2n1 0.4695327 0.4695 0.7364865 0.7365 0.7779275 -9.9500 1.0000000 1.0000 []
 | 2.2805 4.8186 81.6214 0.6753121 CC(NC(=O)[C@@H]1C[C@@H](O)CN1C(=O)CNC(=O)c1ccc2cc(F)ccc2n1)c1ccc(Cl)cc1 1 COc1ccc([C@H](C)NC(=O)[C@@H]2C[C@@H](O)CN2C(=O)CNC(=O)c2ccc3cc(F)ccc3n2)c(Cl)c1 O=C(NCC(=O)N1CCC[C@H]1C(=O)NCc1ccccc1)c1ccc2ccccc2n1 0.4834885 0.4835 0.8014184 0.8014 0.7326326 -9.4700 1.0000000 1.0000 []
 | 2.0878 4.1297 72.0438 0.5951057 COc1ccc(CNC(=O)[C@@H]2C[C@@H](O)CN2C(=O)CNC(=O)c2ccc3cc(F)ccc3n2)cc1 1 COc1ccc([C@H](C)NC(=O)[C@@H]2C[C@@H](O)CN2C(=O)CNC(=O)c2ccc3cc(F)ccc3n2)c(Cl)c1 O=C(NCC(=O)N1CCC[C@H]1C(=O)NCc1ccccc1)c1ccc2ccccc2n1 0.4701237 0.4701 0.7832168 0.7832 0.5836347 -8.1600 1.0000000 1.0000 []
 | 2.7199 4.2698 80.8253 0.6648056 C[C@@H](NC(=O)[C@@H]1C[C@@H](O)CN1C(=O)CNC(=O)c1ccc2cc(F)ccc2n1)c1ccc(Cl)cc1 1 COc1ccc([C@H](C)NC(=O)[C@@H]2C[C@@H](O)CN2C(=O)CNC(=O)c2ccc3cc(F)ccc3n2)c(Cl)c1 O=C(NCC(=O)N1CCC[C@H]1C(=O)NCc1ccccc1)c1ccc2ccccc2n1 0.4834885 0.4835 0.8014184 0.8014 0.7100135 -9.2500 1.0000000 1.0000 []
 | 2.2259 4.3193 79.5056 0.6548825 O=C(NCC(=O)N1C[C@H](O)C[C@H]1C(=O)NCc1ccc(Cl)c(Cl)c1)c1ccc2cc(F)ccc2n1 1 COc1ccc([C@H](C)NC(=O)[C@@H]2C[C@@H](O)CN2C(=O)CNC(=O)c2ccc3cc(F)ccc3n2)c(Cl)c1 O=C(NCC(=O)N1CCC[C@H]1C(=O)NCc1ccccc1)c1ccc2ccccc2n1 0.4640416 0.4640 0.7114094 0.7114 0.7464290 -9.6100 1.0000000 1.0000 []
 | 2.3465 3.8934 81.6967 0.6686721 O=C(NCC(=O)N1C[C@H](O)C[C@H]1C(=O)NCc1ccc(Cl)cc1)c1ccc2cc(F)ccc2n1 1 COc1ccc([C@H](C)NC(=O)[C@@H]2C[C@@H](O)CN2C(=O)CNC(=O)c2ccc3cc(F)ccc3n2)c(Cl)c1 O=C(NCC(=O)N1CCC[C@H]1C(=O)NCc1ccccc1)c1ccc2ccccc2n1 0.4955094 0.4955 0.7260274 0.7260 0.7454593 -9.6000 1.0000000 1.0000 []
 | 2.3704 3.2004 77.2229 0.6283072 O=C(NCC(=O)N1C[C@H](O)C[C@H]1C(=O)NCc1cccc(Cl)c1)c1ccc2cc(F)ccc2n1 1 COc1ccc([C@H](C)NC(=O)[C@@H]2C[C@@H](O)CN2C(=O)CNC(=O)c2ccc3cc(F)ccc3n2)c(Cl)c1 O=C(NCC(=O)N1CCC[C@H]1C(=O)NCc1ccccc1)c1ccc2ccccc2n1 0.4955094 0.4955 0.7210884 0.7211 0.6604256 -8.8000 1.0000000 1.0000 []
 | 2.2506 4.2413 70.9730 0.5876117 O=C(NCC(=O)N1C[C@H](O)C[C@H]1C(=O)N[C@@H](CO)c1cccc(Cl)c1)c1ccc2cc(F)ccc2n1 1 COc1ccc([C@H](C)NC(=O)[C@@H]2C[C@@H](O)CN2C(=O)CNC(=O)c2ccc3cc(F)ccc3n2)c(Cl)c1 O=C(NCC(=O)N1CCC[C@H]1C(=O)NCc1ccccc1)c1ccc2ccccc2n1 0.3782864 0.3783 0.7432432 0.7432 0.6511860 -8.7200 1.0000000 1.0000 []
 | 2.3880 4.6734 74.2686 0.6167343 O=C(NCC(=O)N1C[C@H](O)C[C@H]1C(=O)N[C@H](CO)c1cccc(Cl)c1)c1ccc2cc(F)ccc2n1 1 COc1ccc([C@H](C)NC(=O)[C@@H]2C[C@@H](O)CN2C(=O)CNC(=O)c2ccc3cc(F)ccc3n2)c(Cl)c1 O=C(NCC(=O)N1CCC[C@H]1C(=O)NCc1ccccc1)c1ccc2ccccc2n1 0.3782864 0.3783 0.7432432 0.7432 0.7173324 -9.3200 1.0000000 1.0000 []
00:27:37 <INFO> Score: 0.64 Agent NLL: 2.34 Valid: 100% Step: 17
 | Agent Prior Target Score SMILES SMILES_state Input_SMILES Scaffold QED QED (raw) TanimotoDistance TanimotoDistance (raw) maize maize (raw) Unwanted SMARTS Unwanted SMARTS (raw) matchting_patterns (Unwanted SMARTS)
 | 2.3348 8.7137 77.1655 0.6709312 CC(C)C(NC(=O)[C@@H]1C[C@@H](O)CN1C(=O)CNC(=O)c1ccc2cc(F)ccc2n1)c1ccc(Cl)cc1 1 COc1ccc([C@H](C)NC(=O)[C@@H]2C[C@@H](O)CN2C(=O)CNC(=O)c2ccc3cc(F)ccc3n2)c(Cl)c1 O=C(NCC(=O)N1CCC[C@H]1C(=O)NCc1ccccc1)c1ccc2ccccc2n1 0.4374885 0.4375 0.7619048 0.7619 0.7796905 -9.9700 1.0000000 1.0000 []
 | 2.5692 4.0491 82.5249 0.6763589 CC(C)C(NC(=O)[C@@H]1C[C@@H](O)CN1C(=O)CNC(=O)c1ccc2cc(F)ccc2n1)c1ccccc1 1 COc1ccc([C@H](C)NC(=O)[C@@H]2C[C@@H](O)CN2C(=O)CNC(=O)c2ccc3cc(F)ccc3n2)c(Cl)c1 O=C(NCC(=O)N1CCC[C@H]1C(=O)NCc1ccccc1)c1ccc2ccccc2n1 0.4695327 0.4695 0.7364865 0.7365 0.7779275 -9.9500 1.0000000 1.0000 []
 | 2.1961 4.8186 81.6214 0.6753121 CC(NC(=O)[C@@H]1C[C@@H](O)CN1C(=O)CNC(=O)c1ccc2cc(F)ccc2n1)c1ccc(Cl)cc1 1 COc1ccc([C@H](C)NC(=O)[C@@H]2C[C@@H](O)CN2C(=O)CNC(=O)c2ccc3cc(F)ccc3n2)c(Cl)c1 O=C(NCC(=O)N1CCC[C@H]1C(=O)NCc1ccccc1)c1ccc2ccccc2n1 0.4834885 0.4835 0.8014184 0.8014 0.7326326 -9.4700 1.0000000 1.0000 []
 | 2.1152 4.1297 72.0438 0.5951057 COc1ccc(CNC(=O)[C@@H]2C[C@@H](O)CN2C(=O)CNC(=O)c2ccc3cc(F)ccc3n2)cc1 1 COc1ccc([C@H](C)NC(=O)[C@@H]2C[C@@H](O)CN2C(=O)CNC(=O)c2ccc3cc(F)ccc3n2)c(Cl)c1 O=C(NCC(=O)N1CCC[C@H]1C(=O)NCc1ccccc1)c1ccc2ccccc2n1 0.4701237 0.4701 0.7832168 0.7832 0.5836347 -8.1600 1.0000000 1.0000 []
 | 2.6118 4.2698 80.8253 0.6648056 C[C@@H](NC(=O)[C@@H]1C[C@@H](O)CN1C(=O)CNC(=O)c1ccc2cc(F)ccc2n1)c1ccc(Cl)cc1 1 COc1ccc([C@H](C)NC(=O)[C@@H]2C[C@@H](O)CN2C(=O)CNC(=O)c2ccc3cc(F)ccc3n2)c(Cl)c1 O=C(NCC(=O)N1CCC[C@H]1C(=O)NCc1ccccc1)c1ccc2ccccc2n1 0.4834885 0.4835 0.8014184 0.8014 0.7100135 -9.2500 1.0000000 1.0000 []
 | 2.3218 4.3193 79.5056 0.6548825 O=C(NCC(=O)N1C[C@H](O)C[C@H]1C(=O)NCc1ccc(Cl)c(Cl)c1)c1ccc2cc(F)ccc2n1 1 COc1ccc([C@H](C)NC(=O)[C@@H]2C[C@@H](O)CN2C(=O)CNC(=O)c2ccc3cc(F)ccc3n2)c(Cl)c1 O=C(NCC(=O)N1CCC[C@H]1C(=O)NCc1ccccc1)c1ccc2ccccc2n1 0.4640416 0.4640 0.7114094 0.7114 0.7464290 -9.6100 1.0000000 1.0000 []
 | 2.1922 3.8934 81.6967 0.6686721 O=C(NCC(=O)N1C[C@H](O)C[C@H]1C(=O)NCc1ccc(Cl)cc1)c1ccc2cc(F)ccc2n1 1 COc1ccc([C@H](C)NC(=O)[C@@H]2C[C@@H](O)CN2C(=O)CNC(=O)c2ccc3cc(F)ccc3n2)c(Cl)c1 O=C(NCC(=O)N1CCC[C@H]1C(=O)NCc1ccccc1)c1ccc2ccccc2n1 0.4955094 0.4955 0.7260274 0.7260 0.7454593 -9.6000 1.0000000 1.0000 []
 | 2.5357 3.2004 77.2229 0.6283072 O=C(NCC(=O)N1C[C@H](O)C[C@H]1C(=O)NCc1cccc(Cl)c1)c1ccc2cc(F)ccc2n1 1 COc1ccc([C@H](C)NC(=O)[C@@H]2C[C@@H](O)CN2C(=O)CNC(=O)c2ccc3cc(F)ccc3n2)c(Cl)c1 O=C(NCC(=O)N1CCC[C@H]1C(=O)NCc1ccccc1)c1ccc2ccccc2n1 0.4955094 0.4955 0.7210884 0.7211 0.6604256 -8.8000 1.0000000 1.0000 []
 | 2.2019 4.2413 70.9730 0.5876117 O=C(NCC(=O)N1C[C@H](O)C[C@H]1C(=O)N[C@@H](CO)c1cccc(Cl)c1)c1ccc2cc(F)ccc2n1 1 COc1ccc([C@H](C)NC(=O)[C@@H]2C[C@@H](O)CN2C(=O)CNC(=O)c2ccc3cc(F)ccc3n2)c(Cl)c1 O=C(NCC(=O)N1CCC[C@H]1C(=O)NCc1ccccc1)c1ccc2ccccc2n1 0.3782864 0.3783 0.7432432 0.7432 0.6511860 -8.7200 1.0000000 1.0000 []
 | 2.3023 4.6734 74.2686 0.6167343 O=C(NCC(=O)N1C[C@H](O)C[C@H]1C(=O)N[C@H](CO)c1cccc(Cl)c1)c1ccc2cc(F)ccc2n1 1 COc1ccc([C@H](C)NC(=O)[C@@H]2C[C@@H](O)CN2C(=O)CNC(=O)c2ccc3cc(F)ccc3n2)c(Cl)c1 O=C(NCC(=O)N1CCC[C@H]1C(=O)NCc1ccccc1)c1ccc2ccccc2n1 0.3782864 0.3783 0.7432432 0.7432 0.7173324 -9.3200 1.0000000 1.0000 []
00:27:39 <INFO> Score: 0.64 Agent NLL: 2.33 Valid: 100% Step: 18
 | Agent Prior Target Score SMILES SMILES_state Input_SMILES Scaffold QED QED (raw) TanimotoDistance TanimotoDistance (raw) maize maize (raw) Unwanted SMARTS Unwanted SMARTS (raw) matchting_patterns (Unwanted SMARTS)
 | 2.2480 8.7137 77.1655 0.6709312 CC(C)C(NC(=O)[C@@H]1C[C@@H](O)CN1C(=O)CNC(=O)c1ccc2cc(F)ccc2n1)c1ccc(Cl)cc1 1 COc1ccc([C@H](C)NC(=O)[C@@H]2C[C@@H](O)CN2C(=O)CNC(=O)c2ccc3cc(F)ccc3n2)c(Cl)c1 O=C(NCC(=O)N1CCC[C@H]1C(=O)NCc1ccccc1)c1ccc2ccccc2n1 0.4374885 0.4375 0.7619048 0.7619 0.7796905 -9.9700 1.0000000 1.0000 []
 | 2.4626 4.0491 82.5249 0.6763589 CC(C)C(NC(=O)[C@@H]1C[C@@H](O)CN1C(=O)CNC(=O)c1ccc2cc(F)ccc2n1)c1ccccc1 1 COc1ccc([C@H](C)NC(=O)[C@@H]2C[C@@H](O)CN2C(=O)CNC(=O)c2ccc3cc(F)ccc3n2)c(Cl)c1 O=C(NCC(=O)N1CCC[C@H]1C(=O)NCc1ccccc1)c1ccc2ccccc2n1 0.4695327 0.4695 0.7364865 0.7365 0.7779275 -9.9500 1.0000000 1.0000 []
 | 2.3267 4.8186 81.6214 0.6753121 CC(NC(=O)[C@@H]1C[C@@H](O)CN1C(=O)CNC(=O)c1ccc2cc(F)ccc2n1)c1ccc(Cl)cc1 1 COc1ccc([C@H](C)NC(=O)[C@@H]2C[C@@H](O)CN2C(=O)CNC(=O)c2ccc3cc(F)ccc3n2)c(Cl)c1 O=C(NCC(=O)N1CCC[C@H]1C(=O)NCc1ccccc1)c1ccc2ccccc2n1 0.4834885 0.4835 0.8014184 0.8014 0.7326326 -9.4700 1.0000000 1.0000 []
 | 2.1694 4.1297 72.0438 0.5951057 COc1ccc(CNC(=O)[C@@H]2C[C@@H](O)CN2C(=O)CNC(=O)c2ccc3cc(F)ccc3n2)cc1 1 COc1ccc([C@H](C)NC(=O)[C@@H]2C[C@@H](O)CN2C(=O)CNC(=O)c2ccc3cc(F)ccc3n2)c(Cl)c1 O=C(NCC(=O)N1CCC[C@H]1C(=O)NCc1ccccc1)c1ccc2ccccc2n1 0.4701237 0.4701 0.7832168 0.7832 0.5836347 -8.1600 1.0000000 1.0000 []
 | 2.4919 4.2698 80.8253 0.6648056 C[C@@H](NC(=O)[C@@H]1C[C@@H](O)CN1C(=O)CNC(=O)c1ccc2cc(F)ccc2n1)c1ccc(Cl)cc1 1 COc1ccc([C@H](C)NC(=O)[C@@H]2C[C@@H](O)CN2C(=O)CNC(=O)c2ccc3cc(F)ccc3n2)c(Cl)c1 O=C(NCC(=O)N1CCC[C@H]1C(=O)NCc1ccccc1)c1ccc2ccccc2n1 0.4834885 0.4835 0.8014184 0.8014 0.7100135 -9.2500 1.0000000 1.0000 []
 | 2.3835 4.3193 79.5056 0.6548825 O=C(NCC(=O)N1C[C@H](O)C[C@H]1C(=O)NCc1ccc(Cl)c(Cl)c1)c1ccc2cc(F)ccc2n1 1 COc1ccc([C@H](C)NC(=O)[C@@H]2C[C@@H](O)CN2C(=O)CNC(=O)c2ccc3cc(F)ccc3n2)c(Cl)c1 O=C(NCC(=O)N1CCC[C@H]1C(=O)NCc1ccccc1)c1ccc2ccccc2n1 0.4640416 0.4640 0.7114094 0.7114 0.7464290 -9.6100 1.0000000 1.0000 []
 | 2.0465 3.8934 81.6967 0.6686721 O=C(NCC(=O)N1C[C@H](O)C[C@H]1C(=O)NCc1ccc(Cl)cc1)c1ccc2cc(F)ccc2n1 1 COc1ccc([C@H](C)NC(=O)[C@@H]2C[C@@H](O)CN2C(=O)CNC(=O)c2ccc3cc(F)ccc3n2)c(Cl)c1 O=C(NCC(=O)N1CCC[C@H]1C(=O)NCc1ccccc1)c1ccc2ccccc2n1 0.4955094 0.4955 0.7260274 0.7260 0.7454593 -9.6000 1.0000000 1.0000 []
 | 2.6190 3.2004 77.2229 0.6283072 O=C(NCC(=O)N1C[C@H](O)C[C@H]1C(=O)NCc1cccc(Cl)c1)c1ccc2cc(F)ccc2n1 1 COc1ccc([C@H](C)NC(=O)[C@@H]2C[C@@H](O)CN2C(=O)CNC(=O)c2ccc3cc(F)ccc3n2)c(Cl)c1 O=C(NCC(=O)N1CCC[C@H]1C(=O)NCc1ccccc1)c1ccc2ccccc2n1 0.4955094 0.4955 0.7210884 0.7211 0.6604256 -8.8000 1.0000000 1.0000 []
 | 2.2600 4.2413 70.9730 0.5876117 O=C(NCC(=O)N1C[C@H](O)C[C@H]1C(=O)N[C@@H](CO)c1cccc(Cl)c1)c1ccc2cc(F)ccc2n1 1 COc1ccc([C@H](C)NC(=O)[C@@H]2C[C@@H](O)CN2C(=O)CNC(=O)c2ccc3cc(F)ccc3n2)c(Cl)c1 O=C(NCC(=O)N1CCC[C@H]1C(=O)NCc1ccccc1)c1ccc2ccccc2n1 0.3782864 0.3783 0.7432432 0.7432 0.6511860 -8.7200 1.0000000 1.0000 []
 | 2.3020 4.6734 74.2686 0.6167343 O=C(NCC(=O)N1C[C@H](O)C[C@H]1C(=O)N[C@H](CO)c1cccc(Cl)c1)c1ccc2cc(F)ccc2n1 1 COc1ccc([C@H](C)NC(=O)[C@@H]2C[C@@H](O)CN2C(=O)CNC(=O)c2ccc3cc(F)ccc3n2)c(Cl)c1 O=C(NCC(=O)N1CCC[C@H]1C(=O)NCc1ccccc1)c1ccc2ccccc2n1 0.3782864 0.3783 0.7432432 0.7432 0.7173324 -9.3200 1.0000000 1.0000 []
00:27:40 <INFO> Score: 0.64 Agent NLL: 2.33 Valid: 100% Step: 19
 | Agent Prior Target Score SMILES SMILES_state Input_SMILES Scaffold QED QED (raw) TanimotoDistance TanimotoDistance (raw) maize maize (raw) Unwanted SMARTS Unwanted SMARTS (raw) matchting_patterns (Unwanted SMARTS)
 | 2.1643 8.7137 77.1655 0.6709312 CC(C)C(NC(=O)[C@@H]1C[C@@H](O)CN1C(=O)CNC(=O)c1ccc2cc(F)ccc2n1)c1ccc(Cl)cc1 1 COc1ccc([C@H](C)NC(=O)[C@@H]2C[C@@H](O)CN2C(=O)CNC(=O)c2ccc3cc(F)ccc3n2)c(Cl)c1 O=C(NCC(=O)N1CCC[C@H]1C(=O)NCc1ccccc1)c1ccc2ccccc2n1 0.4374885 0.4375 0.7619048 0.7619 0.7796905 -9.9700 1.0000000 1.0000 []
 | 2.3354 4.0491 82.5249 0.6763589 CC(C)C(NC(=O)[C@@H]1C[C@@H](O)CN1C(=O)CNC(=O)c1ccc2cc(F)ccc2n1)c1ccccc1 1 COc1ccc([C@H](C)NC(=O)[C@@H]2C[C@@H](O)CN2C(=O)CNC(=O)c2ccc3cc(F)ccc3n2)c(Cl)c1 O=C(NCC(=O)N1CCC[C@H]1C(=O)NCc1ccccc1)c1ccc2ccccc2n1 0.4695327 0.4695 0.7364865 0.7365 0.7779275 -9.9500 1.0000000 1.0000 []
 | 2.4674 4.8186 81.6214 0.6753121 CC(NC(=O)[C@@H]1C[C@@H](O)CN1C(=O)CNC(=O)c1ccc2cc(F)ccc2n1)c1ccc(Cl)cc1 1 COc1ccc([C@H](C)NC(=O)[C@@H]2C[C@@H](O)CN2C(=O)CNC(=O)c2ccc3cc(F)ccc3n2)c(Cl)c1 O=C(NCC(=O)N1CCC[C@H]1C(=O)NCc1ccccc1)c1ccc2ccccc2n1 0.4834885 0.4835 0.8014184 0.8014 0.7326326 -9.4700 1.0000000 1.0000 []
 | 2.2408 4.1297 72.0438 0.5951057 COc1ccc(CNC(=O)[C@@H]2C[C@@H](O)CN2C(=O)CNC(=O)c2ccc3cc(F)ccc3n2)cc1 1 COc1ccc([C@H](C)NC(=O)[C@@H]2C[C@@H](O)CN2C(=O)CNC(=O)c2ccc3cc(F)ccc3n2)c(Cl)c1 O=C(NCC(=O)N1CCC[C@H]1C(=O)NCc1ccccc1)c1ccc2ccccc2n1 0.4701237 0.4701 0.7832168 0.7832 0.5836347 -8.1600 1.0000000 1.0000 []
 | 2.3625 4.2698 80.8253 0.6648056 C[C@@H](NC(=O)[C@@H]1C[C@@H](O)CN1C(=O)CNC(=O)c1ccc2cc(F)ccc2n1)c1ccc(Cl)cc1 1 COc1ccc([C@H](C)NC(=O)[C@@H]2C[C@@H](O)CN2C(=O)CNC(=O)c2ccc3cc(F)ccc3n2)c(Cl)c1 O=C(NCC(=O)N1CCC[C@H]1C(=O)NCc1ccccc1)c1ccc2ccccc2n1 0.4834885 0.4835 0.8014184 0.8014 0.7100135 -9.2500 1.0000000 1.0000 []
 | 2.2614 4.3193 79.5056 0.6548825 O=C(NCC(=O)N1C[C@H](O)C[C@H]1C(=O)NCc1ccc(Cl)c(Cl)c1)c1ccc2cc(F)ccc2n1 1 COc1ccc([C@H](C)NC(=O)[C@@H]2C[C@@H](O)CN2C(=O)CNC(=O)c2ccc3cc(F)ccc3n2)c(Cl)c1 O=C(NCC(=O)N1CCC[C@H]1C(=O)NCc1ccccc1)c1ccc2ccccc2n1 0.4640416 0.4640 0.7114094 0.7114 0.7464290 -9.6100 1.0000000 1.0000 []
 | 2.0464 3.8934 81.6967 0.6686721 O=C(NCC(=O)N1C[C@H](O)C[C@H]1C(=O)NCc1ccc(Cl)cc1)c1ccc2cc(F)ccc2n1 1 COc1ccc([C@H](C)NC(=O)[C@@H]2C[C@@H](O)CN2C(=O)CNC(=O)c2ccc3cc(F)ccc3n2)c(Cl)c1 O=C(NCC(=O)N1CCC[C@H]1C(=O)NCc1ccccc1)c1ccc2ccccc2n1 0.4955094 0.4955 0.7260274 0.7260 0.7454593 -9.6000 1.0000000 1.0000 []
 | 2.6183 3.2004 77.2229 0.6283072 O=C(NCC(=O)N1C[C@H](O)C[C@H]1C(=O)NCc1cccc(Cl)c1)c1ccc2cc(F)ccc2n1 1 COc1ccc([C@H](C)NC(=O)[C@@H]2C[C@@H](O)CN2C(=O)CNC(=O)c2ccc3cc(F)ccc3n2)c(Cl)c1 O=C(NCC(=O)N1CCC[C@H]1C(=O)NCc1ccccc1)c1ccc2ccccc2n1 0.4955094 0.4955 0.7210884 0.7211 0.6604256 -8.8000 1.0000000 1.0000 []
 | 2.3960 4.2413 70.9730 0.5876117 O=C(NCC(=O)N1C[C@H](O)C[C@H]1C(=O)N[C@@H](CO)c1cccc(Cl)c1)c1ccc2cc(F)ccc2n1 1 COc1ccc([C@H](C)NC(=O)[C@@H]2C[C@@H](O)CN2C(=O)CNC(=O)c2ccc3cc(F)ccc3n2)c(Cl)c1 O=C(NCC(=O)N1CCC[C@H]1C(=O)NCc1ccccc1)c1ccc2ccccc2n1 0.3782864 0.3783 0.7432432 0.7432 0.6511860 -8.7200 1.0000000 1.0000 []
 | 2.3702 4.6734 74.2686 0.6167343 O=C(NCC(=O)N1C[C@H](O)C[C@H]1C(=O)N[C@H](CO)c1cccc(Cl)c1)c1ccc2cc(F)ccc2n1 1 COc1ccc([C@H](C)NC(=O)[C@@H]2C[C@@H](O)CN2C(=O)CNC(=O)c2ccc3cc(F)ccc3n2)c(Cl)c1 O=C(NCC(=O)N1CCC[C@H]1C(=O)NCc1ccccc1)c1ccc2ccccc2n1 0.3782864 0.3783 0.7432432 0.7432 0.7173324 -9.3200 1.0000000 1.0000 []
00:27:41 <INFO> Score: 0.64 Agent NLL: 2.32 Valid: 100% Step: 20
 | Agent Prior Target Score SMILES SMILES_state Input_SMILES Scaffold QED QED (raw) TanimotoDistance TanimotoDistance (raw) maize maize (raw) Unwanted SMARTS Unwanted SMARTS (raw) matchting_patterns (Unwanted SMARTS)
 | 2.1713 8.7137 77.1655 0.6709312 CC(C)C(NC(=O)[C@@H]1C[C@@H](O)CN1C(=O)CNC(=O)c1ccc2cc(F)ccc2n1)c1ccc(Cl)cc1 1 COc1ccc([C@H](C)NC(=O)[C@@H]2C[C@@H](O)CN2C(=O)CNC(=O)c2ccc3cc(F)ccc3n2)c(Cl)c1 O=C(NCC(=O)N1CCC[C@H]1C(=O)NCc1ccccc1)c1ccc2ccccc2n1 0.4374885 0.4375 0.7619048 0.7619 0.7796905 -9.9700 1.0000000 1.0000 []
 | 2.2654 4.0491 82.5249 0.6763589 CC(C)C(NC(=O)[C@@H]1C[C@@H](O)CN1C(=O)CNC(=O)c1ccc2cc(F)ccc2n1)c1ccccc1 1 COc1ccc([C@H](C)NC(=O)[C@@H]2C[C@@H](O)CN2C(=O)CNC(=O)c2ccc3cc(F)ccc3n2)c(Cl)c1 O=C(NCC(=O)N1CCC[C@H]1C(=O)NCc1ccccc1)c1ccc2ccccc2n1 0.4695327 0.4695 0.7364865 0.7365 0.7779275 -9.9500 1.0000000 1.0000 []
 | 2.4350 4.8186 81.6214 0.6753121 CC(NC(=O)[C@@H]1C[C@@H](O)CN1C(=O)CNC(=O)c1ccc2cc(F)ccc2n1)c1ccc(Cl)cc1 1 COc1ccc([C@H](C)NC(=O)[C@@H]2C[C@@H](O)CN2C(=O)CNC(=O)c2ccc3cc(F)ccc3n2)c(Cl)c1 O=C(NCC(=O)N1CCC[C@H]1C(=O)NCc1ccccc1)c1ccc2ccccc2n1 0.4834885 0.4835 0.8014184 0.8014 0.7326326 -9.4700 1.0000000 1.0000 []
 | 2.3249 4.1297 72.0438 0.5951057 COc1ccc(CNC(=O)[C@@H]2C[C@@H](O)CN2C(=O)CNC(=O)c2ccc3cc(F)ccc3n2)cc1 1 COc1ccc([C@H](C)NC(=O)[C@@H]2C[C@@H](O)CN2C(=O)CNC(=O)c2ccc3cc(F)ccc3n2)c(Cl)c1 O=C(NCC(=O)N1CCC[C@H]1C(=O)NCc1ccccc1)c1ccc2ccccc2n1 0.4701237 0.4701 0.7832168 0.7832 0.5836347 -8.1600 1.0000000 1.0000 []
 | 2.2378 4.2698 80.8253 0.6648056 C[C@@H](NC(=O)[C@@H]1C[C@@H](O)CN1C(=O)CNC(=O)c1ccc2cc(F)ccc2n1)c1ccc(Cl)cc1 1 COc1ccc([C@H](C)NC(=O)[C@@H]2C[C@@H](O)CN2C(=O)CNC(=O)c2ccc3cc(F)ccc3n2)c(Cl)c1 O=C(NCC(=O)N1CCC[C@H]1C(=O)NCc1ccccc1)c1ccc2ccccc2n1 0.4834885 0.4835 0.8014184 0.8014 0.7100135 -9.2500 1.0000000 1.0000 []
 | 2.0793 4.3193 79.5056 0.6548825 O=C(NCC(=O)N1C[C@H](O)C[C@H]1C(=O)NCc1ccc(Cl)c(Cl)c1)c1ccc2cc(F)ccc2n1 1 COc1ccc([C@H](C)NC(=O)[C@@H]2C[C@@H](O)CN2C(=O)CNC(=O)c2ccc3cc(F)ccc3n2)c(Cl)c1 O=C(NCC(=O)N1CCC[C@H]1C(=O)NCc1ccccc1)c1ccc2ccccc2n1 0.4640416 0.4640 0.7114094 0.7114 0.7464290 -9.6100 1.0000000 1.0000 []
 | 2.2080 3.8934 81.6967 0.6686721 O=C(NCC(=O)N1C[C@H](O)C[C@H]1C(=O)NCc1ccc(Cl)cc1)c1ccc2cc(F)ccc2n1 1 COc1ccc([C@H](C)NC(=O)[C@@H]2C[C@@H](O)CN2C(=O)CNC(=O)c2ccc3cc(F)ccc3n2)c(Cl)c1 O=C(NCC(=O)N1CCC[C@H]1C(=O)NCc1ccccc1)c1ccc2ccccc2n1 0.4955094 0.4955 0.7260274 0.7260 0.7454593 -9.6000 1.0000000 1.0000 []
 | 2.5568 3.2004 77.2229 0.6283072 O=C(NCC(=O)N1C[C@H](O)C[C@H]1C(=O)NCc1cccc(Cl)c1)c1ccc2cc(F)ccc2n1 1 COc1ccc([C@H](C)NC(=O)[C@@H]2C[C@@H](O)CN2C(=O)CNC(=O)c2ccc3cc(F)ccc3n2)c(Cl)c1 O=C(NCC(=O)N1CCC[C@H]1C(=O)NCc1ccccc1)c1ccc2ccccc2n1 0.4955094 0.4955 0.7210884 0.7211 0.6604256 -8.8000 1.0000000 1.0000 []
 | 2.5291 4.2413 70.9730 0.5876117 O=C(NCC(=O)N1C[C@H](O)C[C@H]1C(=O)N[C@@H](CO)c1cccc(Cl)c1)c1ccc2cc(F)ccc2n1 1 COc1ccc([C@H](C)NC(=O)[C@@H]2C[C@@H](O)CN2C(=O)CNC(=O)c2ccc3cc(F)ccc3n2)c(Cl)c1 O=C(NCC(=O)N1CCC[C@H]1C(=O)NCc1ccccc1)c1ccc2ccccc2n1 0.3782864 0.3783 0.7432432 0.7432 0.6511860 -8.7200 1.0000000 1.0000 []
 | 2.4335 4.6734 74.2686 0.6167343 O=C(NCC(=O)N1C[C@H](O)C[C@H]1C(=O)N[C@H](CO)c1cccc(Cl)c1)c1ccc2cc(F)ccc2n1 1 COc1ccc([C@H](C)NC(=O)[C@@H]2C[C@@H](O)CN2C(=O)CNC(=O)c2ccc3cc(F)ccc3n2)c(Cl)c1 O=C(NCC(=O)N1CCC[C@H]1C(=O)NCc1ccccc1)c1ccc2ccccc2n1 0.3782864 0.3783 0.7432432 0.7432 0.7173324 -9.3200 1.0000000 1.0000 []
00:27:43 <INFO> Score: 0.64 Agent NLL: 2.32 Valid: 100% Step: 21
 | Agent Prior Target Score SMILES SMILES_state Input_SMILES Scaffold QED QED (raw) TanimotoDistance TanimotoDistance (raw) maize maize (raw) Unwanted SMARTS Unwanted SMARTS (raw) matchting_patterns (Unwanted SMARTS)
 | 2.2775 8.7137 77.1655 0.6709312 CC(C)C(NC(=O)[C@@H]1C[C@@H](O)CN1C(=O)CNC(=O)c1ccc2cc(F)ccc2n1)c1ccc(Cl)cc1 1 COc1ccc([C@H](C)NC(=O)[C@@H]2C[C@@H](O)CN2C(=O)CNC(=O)c2ccc3cc(F)ccc3n2)c(Cl)c1 O=C(NCC(=O)N1CCC[C@H]1C(=O)NCc1ccccc1)c1ccc2ccccc2n1 0.4374885 0.4375 0.7619048 0.7619 0.7796905 -9.9700 1.0000000 1.0000 []
 | 2.2771 4.0491 82.5249 0.6763589 CC(C)C(NC(=O)[C@@H]1C[C@@H](O)CN1C(=O)CNC(=O)c1ccc2cc(F)ccc2n1)c1ccccc1 1 COc1ccc([C@H](C)NC(=O)[C@@H]2C[C@@H](O)CN2C(=O)CNC(=O)c2ccc3cc(F)ccc3n2)c(Cl)c1 O=C(NCC(=O)N1CCC[C@H]1C(=O)NCc1ccccc1)c1ccc2ccccc2n1 0.4695327 0.4695 0.7364865 0.7365 0.7779275 -9.9500 1.0000000 1.0000 []
 | 2.2615 4.8186 81.6214 0.6753121 CC(NC(=O)[C@@H]1C[C@@H](O)CN1C(=O)CNC(=O)c1ccc2cc(F)ccc2n1)c1ccc(Cl)cc1 1 COc1ccc([C@H](C)NC(=O)[C@@H]2C[C@@H](O)CN2C(=O)CNC(=O)c2ccc3cc(F)ccc3n2)c(Cl)c1 O=C(NCC(=O)N1CCC[C@H]1C(=O)NCc1ccccc1)c1ccc2ccccc2n1 0.4834885 0.4835 0.8014184 0.8014 0.7326326 -9.4700 1.0000000 1.0000 []
 | 2.4238 4.1297 72.0438 0.5951057 COc1ccc(CNC(=O)[C@@H]2C[C@@H](O)CN2C(=O)CNC(=O)c2ccc3cc(F)ccc3n2)cc1 1 COc1ccc([C@H](C)NC(=O)[C@@H]2C[C@@H](O)CN2C(=O)CNC(=O)c2ccc3cc(F)ccc3n2)c(Cl)c1 O=C(NCC(=O)N1CCC[C@H]1C(=O)NCc1ccccc1)c1ccc2ccccc2n1 0.4701237 0.4701 0.7832168 0.7832 0.5836347 -8.1600 1.0000000 1.0000 []
 | 2.1470 4.2698 80.8253 0.6648056 C[C@@H](NC(=O)[C@@H]1C[C@@H](O)CN1C(=O)CNC(=O)c1ccc2cc(F)ccc2n1)c1ccc(Cl)cc1 1 COc1ccc([C@H](C)NC(=O)[C@@H]2C[C@@H](O)CN2C(=O)CNC(=O)c2ccc3cc(F)ccc3n2)c(Cl)c1 O=C(NCC(=O)N1CCC[C@H]1C(=O)NCc1ccccc1)c1ccc2ccccc2n1 0.4834885 0.4835 0.8014184 0.8014 0.7100135 -9.2500 1.0000000 1.0000 []
 | 2.0885 4.3193 79.5056 0.6548825 O=C(NCC(=O)N1C[C@H](O)C[C@H]1C(=O)NCc1ccc(Cl)c(Cl)c1)c1ccc2cc(F)ccc2n1 1 COc1ccc([C@H](C)NC(=O)[C@@H]2C[C@@H](O)CN2C(=O)CNC(=O)c2ccc3cc(F)ccc3n2)c(Cl)c1 O=C(NCC(=O)N1CCC[C@H]1C(=O)NCc1ccccc1)c1ccc2ccccc2n1 0.4640416 0.4640 0.7114094 0.7114 0.7464290 -9.6100 1.0000000 1.0000 []
 | 2.2905 3.8934 81.6967 0.6686721 O=C(NCC(=O)N1C[C@H](O)C[C@H]1C(=O)NCc1ccc(Cl)cc1)c1ccc2cc(F)ccc2n1 1 COc1ccc([C@H](C)NC(=O)[C@@H]2C[C@@H](O)CN2C(=O)CNC(=O)c2ccc3cc(F)ccc3n2)c(Cl)c1 O=C(NCC(=O)N1CCC[C@H]1C(=O)NCc1ccccc1)c1ccc2ccccc2n1 0.4955094 0.4955 0.7260274 0.7260 0.7454593 -9.6000 1.0000000 1.0000 []
 | 2.4448 3.2004 77.2229 0.6283072 O=C(NCC(=O)N1C[C@H](O)C[C@H]1C(=O)NCc1cccc(Cl)c1)c1ccc2cc(F)ccc2n1 1 COc1ccc([C@H](C)NC(=O)[C@@H]2C[C@@H](O)CN2C(=O)CNC(=O)c2ccc3cc(F)ccc3n2)c(Cl)c1 O=C(NCC(=O)N1CCC[C@H]1C(=O)NCc1ccccc1)c1ccc2ccccc2n1 0.4955094 0.4955 0.7210884 0.7211 0.6604256 -8.8000 1.0000000 1.0000 []
 | 2.5746 4.2413 70.9730 0.5876117 O=C(NCC(=O)N1C[C@H](O)C[C@H]1C(=O)N[C@@H](CO)c1cccc(Cl)c1)c1ccc2cc(F)ccc2n1 1 COc1ccc([C@H](C)NC(=O)[C@@H]2C[C@@H](O)CN2C(=O)CNC(=O)c2ccc3cc(F)ccc3n2)c(Cl)c1 O=C(NCC(=O)N1CCC[C@H]1C(=O)NCc1ccccc1)c1ccc2ccccc2n1 0.3782864 0.3783 0.7432432 0.7432 0.6511860 -8.7200 1.0000000 1.0000 []
 | 2.4268 4.6734 74.2686 0.6167343 O=C(NCC(=O)N1C[C@H](O)C[C@H]1C(=O)N[C@H](CO)c1cccc(Cl)c1)c1ccc2cc(F)ccc2n1 1 COc1ccc([C@H](C)NC(=O)[C@@H]2C[C@@H](O)CN2C(=O)CNC(=O)c2ccc3cc(F)ccc3n2)c(Cl)c1 O=C(NCC(=O)N1CCC[C@H]1C(=O)NCc1ccccc1)c1ccc2ccccc2n1 0.3782864 0.3783 0.7432432 0.7432 0.7173324 -9.3200 1.0000000 1.0000 []
00:27:44 <INFO> Score: 0.64 Agent NLL: 2.32 Valid: 100% Step: 22
 | Agent Prior Target Score SMILES SMILES_state Input_SMILES Scaffold QED QED (raw) TanimotoDistance TanimotoDistance (raw) maize maize (raw) Unwanted SMARTS Unwanted SMARTS (raw) matchting_patterns (Unwanted SMARTS)
 | 2.4210 8.7137 77.1655 0.6709312 CC(C)C(NC(=O)[C@@H]1C[C@@H](O)CN1C(=O)CNC(=O)c1ccc2cc(F)ccc2n1)c1ccc(Cl)cc1 1 COc1ccc([C@H](C)NC(=O)[C@@H]2C[C@@H](O)CN2C(=O)CNC(=O)c2ccc3cc(F)ccc3n2)c(Cl)c1 O=C(NCC(=O)N1CCC[C@H]1C(=O)NCc1ccccc1)c1ccc2ccccc2n1 0.4374885 0.4375 0.7619048 0.7619 0.7796905 -9.9700 1.0000000 1.0000 []
 | 2.3037 4.0491 82.5249 0.6763589 CC(C)C(NC(=O)[C@@H]1C[C@@H](O)CN1C(=O)CNC(=O)c1ccc2cc(F)ccc2n1)c1ccccc1 1 COc1ccc([C@H](C)NC(=O)[C@@H]2C[C@@H](O)CN2C(=O)CNC(=O)c2ccc3cc(F)ccc3n2)c(Cl)c1 O=C(NCC(=O)N1CCC[C@H]1C(=O)NCc1ccccc1)c1ccc2ccccc2n1 0.4695327 0.4695 0.7364865 0.7365 0.7779275 -9.9500 1.0000000 1.0000 []
 | 2.1549 4.8186 81.6214 0.6753121 CC(NC(=O)[C@@H]1C[C@@H](O)CN1C(=O)CNC(=O)c1ccc2cc(F)ccc2n1)c1ccc(Cl)cc1 1 COc1ccc([C@H](C)NC(=O)[C@@H]2C[C@@H](O)CN2C(=O)CNC(=O)c2ccc3cc(F)ccc3n2)c(Cl)c1 O=C(NCC(=O)N1CCC[C@H]1C(=O)NCc1ccccc1)c1ccc2ccccc2n1 0.4834885 0.4835 0.8014184 0.8014 0.7326326 -9.4700 1.0000000 1.0000 []
 | 2.5384 4.1297 72.0438 0.5951057 COc1ccc(CNC(=O)[C@@H]2C[C@@H](O)CN2C(=O)CNC(=O)c2ccc3cc(F)ccc3n2)cc1 1 COc1ccc([C@H](C)NC(=O)[C@@H]2C[C@@H](O)CN2C(=O)CNC(=O)c2ccc3cc(F)ccc3n2)c(Cl)c1 O=C(NCC(=O)N1CCC[C@H]1C(=O)NCc1ccccc1)c1ccc2ccccc2n1 0.4701237 0.4701 0.7832168 0.7832 0.5836347 -8.1600 1.0000000 1.0000 []
 | 2.1088 4.2698 80.8253 0.6648056 C[C@@H](NC(=O)[C@@H]1C[C@@H](O)CN1C(=O)CNC(=O)c1ccc2cc(F)ccc2n1)c1ccc(Cl)cc1 1 COc1ccc([C@H](C)NC(=O)[C@@H]2C[C@@H](O)CN2C(=O)CNC(=O)c2ccc3cc(F)ccc3n2)c(Cl)c1 O=C(NCC(=O)N1CCC[C@H]1C(=O)NCc1ccccc1)c1ccc2ccccc2n1 0.4834885 0.4835 0.8014184 0.8014 0.7100135 -9.2500 1.0000000 1.0000 []
 | 2.3037 4.3193 79.5056 0.6548825 O=C(NCC(=O)N1C[C@H](O)C[C@H]1C(=O)NCc1ccc(Cl)c(Cl)c1)c1ccc2cc(F)ccc2n1 1 COc1ccc([C@H](C)NC(=O)[C@@H]2C[C@@H](O)CN2C(=O)CNC(=O)c2ccc3cc(F)ccc3n2)c(Cl)c1 O=C(NCC(=O)N1CCC[C@H]1C(=O)NCc1ccccc1)c1ccc2ccccc2n1 0.4640416 0.4640 0.7114094 0.7114 0.7464290 -9.6100 1.0000000 1.0000 []
 | 2.2181 3.8934 81.6967 0.6686721 O=C(NCC(=O)N1C[C@H](O)C[C@H]1C(=O)NCc1ccc(Cl)cc1)c1ccc2cc(F)ccc2n1 1 COc1ccc([C@H](C)NC(=O)[C@@H]2C[C@@H](O)CN2C(=O)CNC(=O)c2ccc3cc(F)ccc3n2)c(Cl)c1 O=C(NCC(=O)N1CCC[C@H]1C(=O)NCc1ccccc1)c1ccc2ccccc2n1 0.4955094 0.4955 0.7260274 0.7260 0.7454593 -9.6000 1.0000000 1.0000 []
 | 2.3045 3.2004 77.2229 0.6283072 O=C(NCC(=O)N1C[C@H](O)C[C@H]1C(=O)NCc1cccc(Cl)c1)c1ccc2cc(F)ccc2n1 1 COc1ccc([C@H](C)NC(=O)[C@@H]2C[C@@H](O)CN2C(=O)CNC(=O)c2ccc3cc(F)ccc3n2)c(Cl)c1 O=C(NCC(=O)N1CCC[C@H]1C(=O)NCc1ccccc1)c1ccc2ccccc2n1 0.4955094 0.4955 0.7210884 0.7211 0.6604256 -8.8000 1.0000000 1.0000 []
 | 2.5046 4.2413 70.9730 0.5876117 O=C(NCC(=O)N1C[C@H](O)C[C@H]1C(=O)N[C@@H](CO)c1cccc(Cl)c1)c1ccc2cc(F)ccc2n1 1 COc1ccc([C@H](C)NC(=O)[C@@H]2C[C@@H](O)CN2C(=O)CNC(=O)c2ccc3cc(F)ccc3n2)c(Cl)c1 O=C(NCC(=O)N1CCC[C@H]1C(=O)NCc1ccccc1)c1ccc2ccccc2n1 0.3782864 0.3783 0.7432432 0.7432 0.6511860 -8.7200 1.0000000 1.0000 []
 | 2.3341 4.6734 74.2686 0.6167343 O=C(NCC(=O)N1C[C@H](O)C[C@H]1C(=O)N[C@H](CO)c1cccc(Cl)c1)c1ccc2cc(F)ccc2n1 1 COc1ccc([C@H](C)NC(=O)[C@@H]2C[C@@H](O)CN2C(=O)CNC(=O)c2ccc3cc(F)ccc3n2)c(Cl)c1 O=C(NCC(=O)N1CCC[C@H]1C(=O)NCc1ccccc1)c1ccc2ccccc2n1 0.3782864 0.3783 0.7432432 0.7432 0.7173324 -9.3200 1.0000000 1.0000 []
00:27:45 <INFO> Score: 0.64 Agent NLL: 2.32 Valid: 100% Step: 23
 | Agent Prior Target Score SMILES SMILES_state Input_SMILES Scaffold QED QED (raw) TanimotoDistance TanimotoDistance (raw) maize maize (raw) Unwanted SMARTS Unwanted SMARTS (raw) matchting_patterns (Unwanted SMARTS)
 | 2.4942 8.7137 77.1655 0.6709312 CC(C)C(NC(=O)[C@@H]1C[C@@H](O)CN1C(=O)CNC(=O)c1ccc2cc(F)ccc2n1)c1ccc(Cl)cc1 1 COc1ccc([C@H](C)NC(=O)[C@@H]2C[C@@H](O)CN2C(=O)CNC(=O)c2ccc3cc(F)ccc3n2)c(Cl)c1 O=C(NCC(=O)N1CCC[C@H]1C(=O)NCc1ccccc1)c1ccc2ccccc2n1 0.4374885 0.4375 0.7619048 0.7619 0.7796905 -9.9700 1.0000000 1.0000 []
 | 2.2465 4.0491 82.5249 0.6763589 CC(C)C(NC(=O)[C@@H]1C[C@@H](O)CN1C(=O)CNC(=O)c1ccc2cc(F)ccc2n1)c1ccccc1 1 COc1ccc([C@H](C)NC(=O)[C@@H]2C[C@@H](O)CN2C(=O)CNC(=O)c2ccc3cc(F)ccc3n2)c(Cl)c1 O=C(NCC(=O)N1CCC[C@H]1C(=O)NCc1ccccc1)c1ccc2ccccc2n1 0.4695327 0.4695 0.7364865 0.7365 0.7779275 -9.9500 1.0000000 1.0000 []
 | 2.2260 4.8186 81.6214 0.6753121 CC(NC(=O)[C@@H]1C[C@@H](O)CN1C(=O)CNC(=O)c1ccc2cc(F)ccc2n1)c1ccc(Cl)cc1 1 COc1ccc([C@H](C)NC(=O)[C@@H]2C[C@@H](O)CN2C(=O)CNC(=O)c2ccc3cc(F)ccc3n2)c(Cl)c1 O=C(NCC(=O)N1CCC[C@H]1C(=O)NCc1ccccc1)c1ccc2ccccc2n1 0.4834885 0.4835 0.8014184 0.8014 0.7326326 -9.4700 1.0000000 1.0000 []
 | 2.6412 4.1297 72.0438 0.5951057 COc1ccc(CNC(=O)[C@@H]2C[C@@H](O)CN2C(=O)CNC(=O)c2ccc3cc(F)ccc3n2)cc1 1 COc1ccc([C@H](C)NC(=O)[C@@H]2C[C@@H](O)CN2C(=O)CNC(=O)c2ccc3cc(F)ccc3n2)c(Cl)c1 O=C(NCC(=O)N1CCC[C@H]1C(=O)NCc1ccccc1)c1ccc2ccccc2n1 0.4701237 0.4701 0.7832168 0.7832 0.5836347 -8.1600 1.0000000 1.0000 []
 | 2.1159 4.2698 80.8253 0.6648056 C[C@@H](NC(=O)[C@@H]1C[C@@H](O)CN1C(=O)CNC(=O)c1ccc2cc(F)ccc2n1)c1ccc(Cl)cc1 1 COc1ccc([C@H](C)NC(=O)[C@@H]2C[C@@H](O)CN2C(=O)CNC(=O)c2ccc3cc(F)ccc3n2)c(Cl)c1 O=C(NCC(=O)N1CCC[C@H]1C(=O)NCc1ccccc1)c1ccc2ccccc2n1 0.4834885 0.4835 0.8014184 0.8014 0.7100135 -9.2500 1.0000000 1.0000 []
 | 2.4591 4.3193 79.5056 0.6548825 O=C(NCC(=O)N1C[C@H](O)C[C@H]1C(=O)NCc1ccc(Cl)c(Cl)c1)c1ccc2cc(F)ccc2n1 1 COc1ccc([C@H](C)NC(=O)[C@@H]2C[C@@H](O)CN2C(=O)CNC(=O)c2ccc3cc(F)ccc3n2)c(Cl)c1 O=C(NCC(=O)N1CCC[C@H]1C(=O)NCc1ccccc1)c1ccc2ccccc2n1 0.4640416 0.4640 0.7114094 0.7114 0.7464290 -9.6100 1.0000000 1.0000 []
 | 2.2255 3.8934 81.6967 0.6686721 O=C(NCC(=O)N1C[C@H](O)C[C@H]1C(=O)NCc1ccc(Cl)cc1)c1ccc2cc(F)ccc2n1 1 COc1ccc([C@H](C)NC(=O)[C@@H]2C[C@@H](O)CN2C(=O)CNC(=O)c2ccc3cc(F)ccc3n2)c(Cl)c1 O=C(NCC(=O)N1CCC[C@H]1C(=O)NCc1ccccc1)c1ccc2ccccc2n1 0.4955094 0.4955 0.7260274 0.7260 0.7454593 -9.6000 1.0000000 1.0000 []
 | 2.1968 3.2004 77.2229 0.6283072 O=C(NCC(=O)N1C[C@H](O)C[C@H]1C(=O)NCc1cccc(Cl)c1)c1ccc2cc(F)ccc2n1 1 COc1ccc([C@H](C)NC(=O)[C@@H]2C[C@@H](O)CN2C(=O)CNC(=O)c2ccc3cc(F)ccc3n2)c(Cl)c1 O=C(NCC(=O)N1CCC[C@H]1C(=O)NCc1ccccc1)c1ccc2ccccc2n1 0.4955094 0.4955 0.7210884 0.7211 0.6604256 -8.8000 1.0000000 1.0000 []
 | 2.3844 4.2413 70.9730 0.5876117 O=C(NCC(=O)N1C[C@H](O)C[C@H]1C(=O)N[C@@H](CO)c1cccc(Cl)c1)c1ccc2cc(F)ccc2n1 1 COc1ccc([C@H](C)NC(=O)[C@@H]2C[C@@H](O)CN2C(=O)CNC(=O)c2ccc3cc(F)ccc3n2)c(Cl)c1 O=C(NCC(=O)N1CCC[C@H]1C(=O)NCc1ccccc1)c1ccc2ccccc2n1 0.3782864 0.3783 0.7432432 0.7432 0.6511860 -8.7200 1.0000000 1.0000 []
 | 2.2234 4.6734 74.2686 0.6167343 O=C(NCC(=O)N1C[C@H](O)C[C@H]1C(=O)N[C@H](CO)c1cccc(Cl)c1)c1ccc2cc(F)ccc2n1 1 COc1ccc([C@H](C)NC(=O)[C@@H]2C[C@@H](O)CN2C(=O)CNC(=O)c2ccc3cc(F)ccc3n2)c(Cl)c1 O=C(NCC(=O)N1CCC[C@H]1C(=O)NCc1ccccc1)c1ccc2ccccc2n1 0.3782864 0.3783 0.7432432 0.7432 0.7173324 -9.3200 1.0000000 1.0000 []
00:27:47 <INFO> Score: 0.64 Agent NLL: 2.32 Valid: 100% Step: 24
 | Agent Prior Target Score SMILES SMILES_state Input_SMILES Scaffold QED QED (raw) TanimotoDistance TanimotoDistance (raw) maize maize (raw) Unwanted SMARTS Unwanted SMARTS (raw) matchting_patterns (Unwanted SMARTS)
 | 2.4774 8.7137 77.1655 0.6709312 CC(C)C(NC(=O)[C@@H]1C[C@@H](O)CN1C(=O)CNC(=O)c1ccc2cc(F)ccc2n1)c1ccc(Cl)cc1 1 COc1ccc([C@H](C)NC(=O)[C@@H]2C[C@@H](O)CN2C(=O)CNC(=O)c2ccc3cc(F)ccc3n2)c(Cl)c1 O=C(NCC(=O)N1CCC[C@H]1C(=O)NCc1ccccc1)c1ccc2ccccc2n1 0.4374885 0.4375 0.7619048 0.7619 0.7796905 -9.9700 1.0000000 1.0000 []
 | 2.1480 4.0491 82.5249 0.6763589 CC(C)C(NC(=O)[C@@H]1C[C@@H](O)CN1C(=O)CNC(=O)c1ccc2cc(F)ccc2n1)c1ccccc1 1 COc1ccc([C@H](C)NC(=O)[C@@H]2C[C@@H](O)CN2C(=O)CNC(=O)c2ccc3cc(F)ccc3n2)c(Cl)c1 O=C(NCC(=O)N1CCC[C@H]1C(=O)NCc1ccccc1)c1ccc2ccccc2n1 0.4695327 0.4695 0.7364865 0.7365 0.7779275 -9.9500 1.0000000 1.0000 []
 | 2.3756 4.8186 81.6214 0.6753121 CC(NC(=O)[C@@H]1C[C@@H](O)CN1C(=O)CNC(=O)c1ccc2cc(F)ccc2n1)c1ccc(Cl)cc1 1 COc1ccc([C@H](C)NC(=O)[C@@H]2C[C@@H](O)CN2C(=O)CNC(=O)c2ccc3cc(F)ccc3n2)c(Cl)c1 O=C(NCC(=O)N1CCC[C@H]1C(=O)NCc1ccccc1)c1ccc2ccccc2n1 0.4834885 0.4835 0.8014184 0.8014 0.7326326 -9.4700 1.0000000 1.0000 []
 | 2.7012 4.1297 72.0438 0.5951057 COc1ccc(CNC(=O)[C@@H]2C[C@@H](O)CN2C(=O)CNC(=O)c2ccc3cc(F)ccc3n2)cc1 1 COc1ccc([C@H](C)NC(=O)[C@@H]2C[C@@H](O)CN2C(=O)CNC(=O)c2ccc3cc(F)ccc3n2)c(Cl)c1 O=C(NCC(=O)N1CCC[C@H]1C(=O)NCc1ccccc1)c1ccc2ccccc2n1 0.4701237 0.4701 0.7832168 0.7832 0.5836347 -8.1600 1.0000000 1.0000 []
 | 2.1313 4.2698 80.8253 0.6648056 C[C@@H](NC(=O)[C@@H]1C[C@@H](O)CN1C(=O)CNC(=O)c1ccc2cc(F)ccc2n1)c1ccc(Cl)cc1 1 COc1ccc([C@H](C)NC(=O)[C@@H]2C[C@@H](O)CN2C(=O)CNC(=O)c2ccc3cc(F)ccc3n2)c(Cl)c1 O=C(NCC(=O)N1CCC[C@H]1C(=O)NCc1ccccc1)c1ccc2ccccc2n1 0.4834885 0.4835 0.8014184 0.8014 0.7100135 -9.2500 1.0000000 1.0000 []
 | 2.3947 4.3193 79.5056 0.6548825 O=C(NCC(=O)N1C[C@H](O)C[C@H]1C(=O)NCc1ccc(Cl)c(Cl)c1)c1ccc2cc(F)ccc2n1 1 COc1ccc([C@H](C)NC(=O)[C@@H]2C[C@@H](O)CN2C(=O)CNC(=O)c2ccc3cc(F)ccc3n2)c(Cl)c1 O=C(NCC(=O)N1CCC[C@H]1C(=O)NCc1ccccc1)c1ccc2ccccc2n1 0.4640416 0.4640 0.7114094 0.7114 0.7464290 -9.6100 1.0000000 1.0000 []
 | 2.3681 3.8934 81.6967 0.6686721 O=C(NCC(=O)N1C[C@H](O)C[C@H]1C(=O)NCc1ccc(Cl)cc1)c1ccc2cc(F)ccc2n1 1 COc1ccc([C@H](C)NC(=O)[C@@H]2C[C@@H](O)CN2C(=O)CNC(=O)c2ccc3cc(F)ccc3n2)c(Cl)c1 O=C(NCC(=O)N1CCC[C@H]1C(=O)NCc1ccccc1)c1ccc2ccccc2n1 0.4955094 0.4955 0.7260274 0.7260 0.7454593 -9.6000 1.0000000 1.0000 []
 | 2.1378 3.2004 77.2229 0.6283072 O=C(NCC(=O)N1C[C@H](O)C[C@H]1C(=O)NCc1cccc(Cl)c1)c1ccc2cc(F)ccc2n1 1 COc1ccc([C@H](C)NC(=O)[C@@H]2C[C@@H](O)CN2C(=O)CNC(=O)c2ccc3cc(F)ccc3n2)c(Cl)c1 O=C(NCC(=O)N1CCC[C@H]1C(=O)NCc1ccccc1)c1ccc2ccccc2n1 0.4955094 0.4955 0.7210884 0.7211 0.6604256 -8.8000 1.0000000 1.0000 []
 | 2.3077 4.2413 70.9730 0.5876117 O=C(NCC(=O)N1C[C@H](O)C[C@H]1C(=O)N[C@@H](CO)c1cccc(Cl)c1)c1ccc2cc(F)ccc2n1 1 COc1ccc([C@H](C)NC(=O)[C@@H]2C[C@@H](O)CN2C(=O)CNC(=O)c2ccc3cc(F)ccc3n2)c(Cl)c1 O=C(NCC(=O)N1CCC[C@H]1C(=O)NCc1ccccc1)c1ccc2ccccc2n1 0.3782864 0.3783 0.7432432 0.7432 0.6511860 -8.7200 1.0000000 1.0000 []
 | 2.1876 4.6734 74.2686 0.6167343 O=C(NCC(=O)N1C[C@H](O)C[C@H]1C(=O)N[C@H](CO)c1cccc(Cl)c1)c1ccc2cc(F)ccc2n1 1 COc1ccc([C@H](C)NC(=O)[C@@H]2C[C@@H](O)CN2C(=O)CNC(=O)c2ccc3cc(F)ccc3n2)c(Cl)c1 O=C(NCC(=O)N1CCC[C@H]1C(=O)NCc1ccccc1)c1ccc2ccccc2n1 0.3782864 0.3783 0.7432432 0.7432 0.7173324 -9.3200 1.0000000 1.0000 []
00:27:48 <INFO> Score: 0.64 Agent NLL: 2.32 Valid: 100% Step: 25
 | Agent Prior Target Score SMILES SMILES_state Input_SMILES Scaffold QED QED (raw) TanimotoDistance TanimotoDistance (raw) maize maize (raw) Unwanted SMARTS Unwanted SMARTS (raw) matchting_patterns (Unwanted SMARTS)
 | 2.4351 8.7137 77.1655 0.6709312 CC(C)C(NC(=O)[C@@H]1C[C@@H](O)CN1C(=O)CNC(=O)c1ccc2cc(F)ccc2n1)c1ccc(Cl)cc1 1 COc1ccc([C@H](C)NC(=O)[C@@H]2C[C@@H](O)CN2C(=O)CNC(=O)c2ccc3cc(F)ccc3n2)c(Cl)c1 O=C(NCC(=O)N1CCC[C@H]1C(=O)NCc1ccccc1)c1ccc2ccccc2n1 0.4374885 0.4375 0.7619048 0.7619 0.7796905 -9.9700 1.0000000 1.0000 []
 | 2.1038 4.0491 82.5249 0.6763589 CC(C)C(NC(=O)[C@@H]1C[C@@H](O)CN1C(=O)CNC(=O)c1ccc2cc(F)ccc2n1)c1ccccc1 1 COc1ccc([C@H](C)NC(=O)[C@@H]2C[C@@H](O)CN2C(=O)CNC(=O)c2ccc3cc(F)ccc3n2)c(Cl)c1 O=C(NCC(=O)N1CCC[C@H]1C(=O)NCc1ccccc1)c1ccc2ccccc2n1 0.4695327 0.4695 0.7364865 0.7365 0.7779275 -9.9500 1.0000000 1.0000 []
 | 2.3754 4.8186 81.6214 0.6753121 CC(NC(=O)[C@@H]1C[C@@H](O)CN1C(=O)CNC(=O)c1ccc2cc(F)ccc2n1)c1ccc(Cl)cc1 1 COc1ccc([C@H](C)NC(=O)[C@@H]2C[C@@H](O)CN2C(=O)CNC(=O)c2ccc3cc(F)ccc3n2)c(Cl)c1 O=C(NCC(=O)N1CCC[C@H]1C(=O)NCc1ccccc1)c1ccc2ccccc2n1 0.4834885 0.4835 0.8014184 0.8014 0.7326326 -9.4700 1.0000000 1.0000 []
 | 2.6900 4.1297 72.0438 0.5951057 COc1ccc(CNC(=O)[C@@H]2C[C@@H](O)CN2C(=O)CNC(=O)c2ccc3cc(F)ccc3n2)cc1 1 COc1ccc([C@H](C)NC(=O)[C@@H]2C[C@@H](O)CN2C(=O)CNC(=O)c2ccc3cc(F)ccc3n2)c(Cl)c1 O=C(NCC(=O)N1CCC[C@H]1C(=O)NCc1ccccc1)c1ccc2ccccc2n1 0.4701237 0.4701 0.7832168 0.7832 0.5836347 -8.1600 1.0000000 1.0000 []
 | 2.1219 4.2698 80.8253 0.6648056 C[C@@H](NC(=O)[C@@H]1C[C@@H](O)CN1C(=O)CNC(=O)c1ccc2cc(F)ccc2n1)c1ccc(Cl)cc1 1 COc1ccc([C@H](C)NC(=O)[C@@H]2C[C@@H](O)CN2C(=O)CNC(=O)c2ccc3cc(F)ccc3n2)c(Cl)c1 O=C(NCC(=O)N1CCC[C@H]1C(=O)NCc1ccccc1)c1ccc2ccccc2n1 0.4834885 0.4835 0.8014184 0.8014 0.7100135 -9.2500 1.0000000 1.0000 []
 | 2.3073 4.3193 79.5056 0.6548825 O=C(NCC(=O)N1C[C@H](O)C[C@H]1C(=O)NCc1ccc(Cl)c(Cl)c1)c1ccc2cc(F)ccc2n1 1 COc1ccc([C@H](C)NC(=O)[C@@H]2C[C@@H](O)CN2C(=O)CNC(=O)c2ccc3cc(F)ccc3n2)c(Cl)c1 O=C(NCC(=O)N1CCC[C@H]1C(=O)NCc1ccccc1)c1ccc2ccccc2n1 0.4640416 0.4640 0.7114094 0.7114 0.7464290 -9.6100 1.0000000 1.0000 []
 | 2.4652 3.8934 81.6967 0.6686721 O=C(NCC(=O)N1C[C@H](O)C[C@H]1C(=O)NCc1ccc(Cl)cc1)c1ccc2cc(F)ccc2n1 1 COc1ccc([C@H](C)NC(=O)[C@@H]2C[C@@H](O)CN2C(=O)CNC(=O)c2ccc3cc(F)ccc3n2)c(Cl)c1 O=C(NCC(=O)N1CCC[C@H]1C(=O)NCc1ccccc1)c1ccc2ccccc2n1 0.4955094 0.4955 0.7260274 0.7260 0.7454593 -9.6000 1.0000000 1.0000 []
 | 2.1337 3.2004 77.2229 0.6283072 O=C(NCC(=O)N1C[C@H](O)C[C@H]1C(=O)NCc1cccc(Cl)c1)c1ccc2cc(F)ccc2n1 1 COc1ccc([C@H](C)NC(=O)[C@@H]2C[C@@H](O)CN2C(=O)CNC(=O)c2ccc3cc(F)ccc3n2)c(Cl)c1 O=C(NCC(=O)N1CCC[C@H]1C(=O)NCc1ccccc1)c1ccc2ccccc2n1 0.4955094 0.4955 0.7210884 0.7211 0.6604256 -8.8000 1.0000000 1.0000 []
 | 2.3283 4.2413 70.9730 0.5876117 O=C(NCC(=O)N1C[C@H](O)C[C@H]1C(=O)N[C@@H](CO)c1cccc(Cl)c1)c1ccc2cc(F)ccc2n1 1 COc1ccc([C@H](C)NC(=O)[C@@H]2C[C@@H](O)CN2C(=O)CNC(=O)c2ccc3cc(F)ccc3n2)c(Cl)c1 O=C(NCC(=O)N1CCC[C@H]1C(=O)NCc1ccccc1)c1ccc2ccccc2n1 0.3782864 0.3783 0.7432432 0.7432 0.6511860 -8.7200 1.0000000 1.0000 []
 | 2.2660 4.6734 74.2686 0.6167343 O=C(NCC(=O)N1C[C@H](O)C[C@H]1C(=O)N[C@H](CO)c1cccc(Cl)c1)c1ccc2cc(F)ccc2n1 1 COc1ccc([C@H](C)NC(=O)[C@@H]2C[C@@H](O)CN2C(=O)CNC(=O)c2ccc3cc(F)ccc3n2)c(Cl)c1 O=C(NCC(=O)N1CCC[C@H]1C(=O)NCc1ccccc1)c1ccc2ccccc2n1 0.3782864 0.3783 0.7432432 0.7432 0.7173324 -9.3200 1.0000000 1.0000 []
00:27:50 <INFO> Score: 0.64 Agent NLL: 2.32 Valid: 100% Step: 26
 | Agent Prior Target Score SMILES SMILES_state Input_SMILES Scaffold QED QED (raw) TanimotoDistance TanimotoDistance (raw) maize maize (raw) Unwanted SMARTS Unwanted SMARTS (raw) matchting_patterns (Unwanted SMARTS)
 | 2.4088 8.7137 77.1655 0.6709312 CC(C)C(NC(=O)[C@@H]1C[C@@H](O)CN1C(=O)CNC(=O)c1ccc2cc(F)ccc2n1)c1ccc(Cl)cc1 1 COc1ccc([C@H](C)NC(=O)[C@@H]2C[C@@H](O)CN2C(=O)CNC(=O)c2ccc3cc(F)ccc3n2)c(Cl)c1 O=C(NCC(=O)N1CCC[C@H]1C(=O)NCc1ccccc1)c1ccc2ccccc2n1 0.4374885 0.4375 0.7619048 0.7619 0.7796905 -9.9700 1.0000000 1.0000 []
 | 2.1441 4.0491 82.5249 0.6763589 CC(C)C(NC(=O)[C@@H]1C[C@@H](O)CN1C(=O)CNC(=O)c1ccc2cc(F)ccc2n1)c1ccccc1 1 COc1ccc([C@H](C)NC(=O)[C@@H]2C[C@@H](O)CN2C(=O)CNC(=O)c2ccc3cc(F)ccc3n2)c(Cl)c1 O=C(NCC(=O)N1CCC[C@H]1C(=O)NCc1ccccc1)c1ccc2ccccc2n1 0.4695327 0.4695 0.7364865 0.7365 0.7779275 -9.9500 1.0000000 1.0000 []
 | 2.2098 4.8186 81.6214 0.6753121 CC(NC(=O)[C@@H]1C[C@@H](O)CN1C(=O)CNC(=O)c1ccc2cc(F)ccc2n1)c1ccc(Cl)cc1 1 COc1ccc([C@H](C)NC(=O)[C@@H]2C[C@@H](O)CN2C(=O)CNC(=O)c2ccc3cc(F)ccc3n2)c(Cl)c1 O=C(NCC(=O)N1CCC[C@H]1C(=O)NCc1ccccc1)c1ccc2ccccc2n1 0.4834885 0.4835 0.8014184 0.8014 0.7326326 -9.4700 1.0000000 1.0000 []
 | 2.6248 4.1297 72.0438 0.5951057 COc1ccc(CNC(=O)[C@@H]2C[C@@H](O)CN2C(=O)CNC(=O)c2ccc3cc(F)ccc3n2)cc1 1 COc1ccc([C@H](C)NC(=O)[C@@H]2C[C@@H](O)CN2C(=O)CNC(=O)c2ccc3cc(F)ccc3n2)c(Cl)c1 O=C(NCC(=O)N1CCC[C@H]1C(=O)NCc1ccccc1)c1ccc2ccccc2n1 0.4701237 0.4701 0.7832168 0.7832 0.5836347 -8.1600 1.0000000 1.0000 []
 | 2.1046 4.2698 80.8253 0.6648056 C[C@@H](NC(=O)[C@@H]1C[C@@H](O)CN1C(=O)CNC(=O)c1ccc2cc(F)ccc2n1)c1ccc(Cl)cc1 1 COc1ccc([C@H](C)NC(=O)[C@@H]2C[C@@H](O)CN2C(=O)CNC(=O)c2ccc3cc(F)ccc3n2)c(Cl)c1 O=C(NCC(=O)N1CCC[C@H]1C(=O)NCc1ccccc1)c1ccc2ccccc2n1 0.4834885 0.4835 0.8014184 0.8014 0.7100135 -9.2500 1.0000000 1.0000 []
 | 2.3527 4.3193 79.5056 0.6548825 O=C(NCC(=O)N1C[C@H](O)C[C@H]1C(=O)NCc1ccc(Cl)c(Cl)c1)c1ccc2cc(F)ccc2n1 1 COc1ccc([C@H](C)NC(=O)[C@@H]2C[C@@H](O)CN2C(=O)CNC(=O)c2ccc3cc(F)ccc3n2)c(Cl)c1 O=C(NCC(=O)N1CCC[C@H]1C(=O)NCc1ccccc1)c1ccc2ccccc2n1 0.4640416 0.4640 0.7114094 0.7114 0.7464290 -9.6100 1.0000000 1.0000 []
 | 2.3371 3.8934 81.6967 0.6686721 O=C(NCC(=O)N1C[C@H](O)C[C@H]1C(=O)NCc1ccc(Cl)cc1)c1ccc2cc(F)ccc2n1 1 COc1ccc([C@H](C)NC(=O)[C@@H]2C[C@@H](O)CN2C(=O)CNC(=O)c2ccc3cc(F)ccc3n2)c(Cl)c1 O=C(NCC(=O)N1CCC[C@H]1C(=O)NCc1ccccc1)c1ccc2ccccc2n1 0.4955094 0.4955 0.7260274 0.7260 0.7454593 -9.6000 1.0000000 1.0000 []
 | 2.1933 3.2004 77.2229 0.6283072 O=C(NCC(=O)N1C[C@H](O)C[C@H]1C(=O)NCc1cccc(Cl)c1)c1ccc2cc(F)ccc2n1 1 COc1ccc([C@H](C)NC(=O)[C@@H]2C[C@@H](O)CN2C(=O)CNC(=O)c2ccc3cc(F)ccc3n2)c(Cl)c1 O=C(NCC(=O)N1CCC[C@H]1C(=O)NCc1ccccc1)c1ccc2ccccc2n1 0.4955094 0.4955 0.7210884 0.7211 0.6604256 -8.8000 1.0000000 1.0000 []
 | 2.4087 4.2413 70.9730 0.5876117 O=C(NCC(=O)N1C[C@H](O)C[C@H]1C(=O)N[C@@H](CO)c1cccc(Cl)c1)c1ccc2cc(F)ccc2n1 1 COc1ccc([C@H](C)NC(=O)[C@@H]2C[C@@H](O)CN2C(=O)CNC(=O)c2ccc3cc(F)ccc3n2)c(Cl)c1 O=C(NCC(=O)N1CCC[C@H]1C(=O)NCc1ccccc1)c1ccc2ccccc2n1 0.3782864 0.3783 0.7432432 0.7432 0.6511860 -8.7200 1.0000000 1.0000 []
 | 2.4048 4.6734 74.2686 0.6167343 O=C(NCC(=O)N1C[C@H](O)C[C@H]1C(=O)N[C@H](CO)c1cccc(Cl)c1)c1ccc2cc(F)ccc2n1 1 COc1ccc([C@H](C)NC(=O)[C@@H]2C[C@@H](O)CN2C(=O)CNC(=O)c2ccc3cc(F)ccc3n2)c(Cl)c1 O=C(NCC(=O)N1CCC[C@H]1C(=O)NCc1ccccc1)c1ccc2ccccc2n1 0.3782864 0.3783 0.7432432 0.7432 0.7173324 -9.3200 1.0000000 1.0000 []
00:27:51 <INFO> Score: 0.64 Agent NLL: 2.32 Valid: 100% Step: 27
 | Agent Prior Target Score SMILES SMILES_state Input_SMILES Scaffold QED QED (raw) TanimotoDistance TanimotoDistance (raw) maize maize (raw) Unwanted SMARTS Unwanted SMARTS (raw) matchting_patterns (Unwanted SMARTS)
 | 2.3638 8.7137 77.1655 0.6709312 CC(C)C(NC(=O)[C@@H]1C[C@@H](O)CN1C(=O)CNC(=O)c1ccc2cc(F)ccc2n1)c1ccc(Cl)cc1 1 COc1ccc([C@H](C)NC(=O)[C@@H]2C[C@@H](O)CN2C(=O)CNC(=O)c2ccc3cc(F)ccc3n2)c(Cl)c1 O=C(NCC(=O)N1CCC[C@H]1C(=O)NCc1ccccc1)c1ccc2ccccc2n1 0.4374885 0.4375 0.7619048 0.7619 0.7796905 -9.9700 1.0000000 1.0000 []
 | 2.2120 4.0491 82.5249 0.6763589 CC(C)C(NC(=O)[C@@H]1C[C@@H](O)CN1C(=O)CNC(=O)c1ccc2cc(F)ccc2n1)c1ccccc1 1 COc1ccc([C@H](C)NC(=O)[C@@H]2C[C@@H](O)CN2C(=O)CNC(=O)c2ccc3cc(F)ccc3n2)c(Cl)c1 O=C(NCC(=O)N1CCC[C@H]1C(=O)NCc1ccccc1)c1ccc2ccccc2n1 0.4695327 0.4695 0.7364865 0.7365 0.7779275 -9.9500 1.0000000 1.0000 []
 | 2.1271 4.8186 81.6214 0.6753121 CC(NC(=O)[C@@H]1C[C@@H](O)CN1C(=O)CNC(=O)c1ccc2cc(F)ccc2n1)c1ccc(Cl)cc1 1 COc1ccc([C@H](C)NC(=O)[C@@H]2C[C@@H](O)CN2C(=O)CNC(=O)c2ccc3cc(F)ccc3n2)c(Cl)c1 O=C(NCC(=O)N1CCC[C@H]1C(=O)NCc1ccccc1)c1ccc2ccccc2n1 0.4834885 0.4835 0.8014184 0.8014 0.7326326 -9.4700 1.0000000 1.0000 []
 | 2.5583 4.1297 72.0438 0.5951057 COc1ccc(CNC(=O)[C@@H]2C[C@@H](O)CN2C(=O)CNC(=O)c2ccc3cc(F)ccc3n2)cc1 1 COc1ccc([C@H](C)NC(=O)[C@@H]2C[C@@H](O)CN2C(=O)CNC(=O)c2ccc3cc(F)ccc3n2)c(Cl)c1 O=C(NCC(=O)N1CCC[C@H]1C(=O)NCc1ccccc1)c1ccc2ccccc2n1 0.4701237 0.4701 0.7832168 0.7832 0.5836347 -8.1600 1.0000000 1.0000 []
 | 2.1268 4.2698 80.8253 0.6648056 C[C@@H](NC(=O)[C@@H]1C[C@@H](O)CN1C(=O)CNC(=O)c1ccc2cc(F)ccc2n1)c1ccc(Cl)cc1 1 COc1ccc([C@H](C)NC(=O)[C@@H]2C[C@@H](O)CN2C(=O)CNC(=O)c2ccc3cc(F)ccc3n2)c(Cl)c1 O=C(NCC(=O)N1CCC[C@H]1C(=O)NCc1ccccc1)c1ccc2ccccc2n1 0.4834885 0.4835 0.8014184 0.8014 0.7100135 -9.2500 1.0000000 1.0000 []
 | 2.3597 4.3193 79.5056 0.6548825 O=C(NCC(=O)N1C[C@H](O)C[C@H]1C(=O)NCc1ccc(Cl)c(Cl)c1)c1ccc2cc(F)ccc2n1 1 COc1ccc([C@H](C)NC(=O)[C@@H]2C[C@@H](O)CN2C(=O)CNC(=O)c2ccc3cc(F)ccc3n2)c(Cl)c1 O=C(NCC(=O)N1CCC[C@H]1C(=O)NCc1ccccc1)c1ccc2ccccc2n1 0.4640416 0.4640 0.7114094 0.7114 0.7464290 -9.6100 1.0000000 1.0000 []
 | 2.1868 3.8934 81.6967 0.6686721 O=C(NCC(=O)N1C[C@H](O)C[C@H]1C(=O)NCc1ccc(Cl)cc1)c1ccc2cc(F)ccc2n1 1 COc1ccc([C@H](C)NC(=O)[C@@H]2C[C@@H](O)CN2C(=O)CNC(=O)c2ccc3cc(F)ccc3n2)c(Cl)c1 O=C(NCC(=O)N1CCC[C@H]1C(=O)NCc1ccccc1)c1ccc2ccccc2n1 0.4955094 0.4955 0.7260274 0.7260 0.7454593 -9.6000 1.0000000 1.0000 []
 | 2.3097 3.2004 77.2229 0.6283072 O=C(NCC(=O)N1C[C@H](O)C[C@H]1C(=O)NCc1cccc(Cl)c1)c1ccc2cc(F)ccc2n1 1 COc1ccc([C@H](C)NC(=O)[C@@H]2C[C@@H](O)CN2C(=O)CNC(=O)c2ccc3cc(F)ccc3n2)c(Cl)c1 O=C(NCC(=O)N1CCC[C@H]1C(=O)NCc1ccccc1)c1ccc2ccccc2n1 0.4955094 0.4955 0.7210884 0.7211 0.6604256 -8.8000 1.0000000 1.0000 []
 | 2.4548 4.2413 70.9730 0.5876117 O=C(NCC(=O)N1C[C@H](O)C[C@H]1C(=O)N[C@@H](CO)c1cccc(Cl)c1)c1ccc2cc(F)ccc2n1 1 COc1ccc([C@H](C)NC(=O)[C@@H]2C[C@@H](O)CN2C(=O)CNC(=O)c2ccc3cc(F)ccc3n2)c(Cl)c1 O=C(NCC(=O)N1CCC[C@H]1C(=O)NCc1ccccc1)c1ccc2ccccc2n1 0.3782864 0.3783 0.7432432 0.7432 0.6511860 -8.7200 1.0000000 1.0000 []
 | 2.4806 4.6734 74.2686 0.6167343 O=C(NCC(=O)N1C[C@H](O)C[C@H]1C(=O)N[C@H](CO)c1cccc(Cl)c1)c1ccc2cc(F)ccc2n1 1 COc1ccc([C@H](C)NC(=O)[C@@H]2C[C@@H](O)CN2C(=O)CNC(=O)c2ccc3cc(F)ccc3n2)c(Cl)c1 O=C(NCC(=O)N1CCC[C@H]1C(=O)NCc1ccccc1)c1ccc2ccccc2n1 0.3782864 0.3783 0.7432432 0.7432 0.7173324 -9.3200 1.0000000 1.0000 []
00:27:52 <INFO> Score: 0.64 Agent NLL: 2.31 Valid: 100% Step: 28
 | Agent Prior Target Score SMILES SMILES_state Input_SMILES Scaffold QED QED (raw) TanimotoDistance TanimotoDistance (raw) maize maize (raw) Unwanted SMARTS Unwanted SMARTS (raw) matchting_patterns (Unwanted SMARTS)
 | 2.2831 8.7137 77.1655 0.6709312 CC(C)C(NC(=O)[C@@H]1C[C@@H](O)CN1C(=O)CNC(=O)c1ccc2cc(F)ccc2n1)c1ccc(Cl)cc1 1 COc1ccc([C@H](C)NC(=O)[C@@H]2C[C@@H](O)CN2C(=O)CNC(=O)c2ccc3cc(F)ccc3n2)c(Cl)c1 O=C(NCC(=O)N1CCC[C@H]1C(=O)NCc1ccccc1)c1ccc2ccccc2n1 0.4374885 0.4375 0.7619048 0.7619 0.7796905 -9.9700 1.0000000 1.0000 []
 | 2.2637 4.0491 82.5249 0.6763589 CC(C)C(NC(=O)[C@@H]1C[C@@H](O)CN1C(=O)CNC(=O)c1ccc2cc(F)ccc2n1)c1ccccc1 1 COc1ccc([C@H](C)NC(=O)[C@@H]2C[C@@H](O)CN2C(=O)CNC(=O)c2ccc3cc(F)ccc3n2)c(Cl)c1 O=C(NCC(=O)N1CCC[C@H]1C(=O)NCc1ccccc1)c1ccc2ccccc2n1 0.4695327 0.4695 0.7364865 0.7365 0.7779275 -9.9500 1.0000000 1.0000 []
 | 2.2040 4.8186 81.6214 0.6753121 CC(NC(=O)[C@@H]1C[C@@H](O)CN1C(=O)CNC(=O)c1ccc2cc(F)ccc2n1)c1ccc(Cl)cc1 1 COc1ccc([C@H](C)NC(=O)[C@@H]2C[C@@H](O)CN2C(=O)CNC(=O)c2ccc3cc(F)ccc3n2)c(Cl)c1 O=C(NCC(=O)N1CCC[C@H]1C(=O)NCc1ccccc1)c1ccc2ccccc2n1 0.4834885 0.4835 0.8014184 0.8014 0.7326326 -9.4700 1.0000000 1.0000 []
 | 2.5185 4.1297 72.0438 0.5951057 COc1ccc(CNC(=O)[C@@H]2C[C@@H](O)CN2C(=O)CNC(=O)c2ccc3cc(F)ccc3n2)cc1 1 COc1ccc([C@H](C)NC(=O)[C@@H]2C[C@@H](O)CN2C(=O)CNC(=O)c2ccc3cc(F)ccc3n2)c(Cl)c1 O=C(NCC(=O)N1CCC[C@H]1C(=O)NCc1ccccc1)c1ccc2ccccc2n1 0.4701237 0.4701 0.7832168 0.7832 0.5836347 -8.1600 1.0000000 1.0000 []
 | 2.1950 4.2698 80.8253 0.6648056 C[C@@H](NC(=O)[C@@H]1C[C@@H](O)CN1C(=O)CNC(=O)c1ccc2cc(F)ccc2n1)c1ccc(Cl)cc1 1 COc1ccc([C@H](C)NC(=O)[C@@H]2C[C@@H](O)CN2C(=O)CNC(=O)c2ccc3cc(F)ccc3n2)c(Cl)c1 O=C(NCC(=O)N1CCC[C@H]1C(=O)NCc1ccccc1)c1ccc2ccccc2n1 0.4834885 0.4835 0.8014184 0.8014 0.7100135 -9.2500 1.0000000 1.0000 []
 | 2.1985 4.3193 79.5056 0.6548825 O=C(NCC(=O)N1C[C@H](O)C[C@H]1C(=O)NCc1ccc(Cl)c(Cl)c1)c1ccc2cc(F)ccc2n1 1 COc1ccc([C@H](C)NC(=O)[C@@H]2C[C@@H](O)CN2C(=O)CNC(=O)c2ccc3cc(F)ccc3n2)c(Cl)c1 O=C(NCC(=O)N1CCC[C@H]1C(=O)NCc1ccccc1)c1ccc2ccccc2n1 0.4640416 0.4640 0.7114094 0.7114 0.7464290 -9.6100 1.0000000 1.0000 []
 | 2.1896 3.8934 81.6967 0.6686721 O=C(NCC(=O)N1C[C@H](O)C[C@H]1C(=O)NCc1ccc(Cl)cc1)c1ccc2cc(F)ccc2n1 1 COc1ccc([C@H](C)NC(=O)[C@@H]2C[C@@H](O)CN2C(=O)CNC(=O)c2ccc3cc(F)ccc3n2)c(Cl)c1 O=C(NCC(=O)N1CCC[C@H]1C(=O)NCc1ccccc1)c1ccc2ccccc2n1 0.4955094 0.4955 0.7260274 0.7260 0.7454593 -9.6000 1.0000000 1.0000 []
 | 2.4268 3.2004 77.2229 0.6283072 O=C(NCC(=O)N1C[C@H](O)C[C@H]1C(=O)NCc1cccc(Cl)c1)c1ccc2cc(F)ccc2n1 1 COc1ccc([C@H](C)NC(=O)[C@@H]2C[C@@H](O)CN2C(=O)CNC(=O)c2ccc3cc(F)ccc3n2)c(Cl)c1 O=C(NCC(=O)N1CCC[C@H]1C(=O)NCc1ccccc1)c1ccc2ccccc2n1 0.4955094 0.4955 0.7210884 0.7211 0.6604256 -8.8000 1.0000000 1.0000 []
 | 2.4203 4.2413 70.9730 0.5876117 O=C(NCC(=O)N1C[C@H](O)C[C@H]1C(=O)N[C@@H](CO)c1cccc(Cl)c1)c1ccc2cc(F)ccc2n1 1 COc1ccc([C@H](C)NC(=O)[C@@H]2C[C@@H](O)CN2C(=O)CNC(=O)c2ccc3cc(F)ccc3n2)c(Cl)c1 O=C(NCC(=O)N1CCC[C@H]1C(=O)NCc1ccccc1)c1ccc2ccccc2n1 0.3782864 0.3783 0.7432432 0.7432 0.6511860 -8.7200 1.0000000 1.0000 []
 | 2.4428 4.6734 74.2686 0.6167343 O=C(NCC(=O)N1C[C@H](O)C[C@H]1C(=O)N[C@H](CO)c1cccc(Cl)c1)c1ccc2cc(F)ccc2n1 1 COc1ccc([C@H](C)NC(=O)[C@@H]2C[C@@H](O)CN2C(=O)CNC(=O)c2ccc3cc(F)ccc3n2)c(Cl)c1 O=C(NCC(=O)N1CCC[C@H]1C(=O)NCc1ccccc1)c1ccc2ccccc2n1 0.3782864 0.3783 0.7432432 0.7432 0.7173324 -9.3200 1.0000000 1.0000 []
00:27:54 <INFO> Score: 0.64 Agent NLL: 2.31 Valid: 100% Step: 29
 | Agent Prior Target Score SMILES SMILES_state Input_SMILES Scaffold QED QED (raw) TanimotoDistance TanimotoDistance (raw) maize maize (raw) Unwanted SMARTS Unwanted SMARTS (raw) matchting_patterns (Unwanted SMARTS)
 | 2.2197 8.7137 77.1655 0.6709312 CC(C)C(NC(=O)[C@@H]1C[C@@H](O)CN1C(=O)CNC(=O)c1ccc2cc(F)ccc2n1)c1ccc(Cl)cc1 1 COc1ccc([C@H](C)NC(=O)[C@@H]2C[C@@H](O)CN2C(=O)CNC(=O)c2ccc3cc(F)ccc3n2)c(Cl)c1 O=C(NCC(=O)N1CCC[C@H]1C(=O)NCc1ccccc1)c1ccc2ccccc2n1 0.4374885 0.4375 0.7619048 0.7619 0.7796905 -9.9700 1.0000000 1.0000 []
 | 2.2983 4.0491 82.5249 0.6763589 CC(C)C(NC(=O)[C@@H]1C[C@@H](O)CN1C(=O)CNC(=O)c1ccc2cc(F)ccc2n1)c1ccccc1 1 COc1ccc([C@H](C)NC(=O)[C@@H]2C[C@@H](O)CN2C(=O)CNC(=O)c2ccc3cc(F)ccc3n2)c(Cl)c1 O=C(NCC(=O)N1CCC[C@H]1C(=O)NCc1ccccc1)c1ccc2ccccc2n1 0.4695327 0.4695 0.7364865 0.7365 0.7779275 -9.9500 1.0000000 1.0000 []
 | 2.3391 4.8186 81.6214 0.6753121 CC(NC(=O)[C@@H]1C[C@@H](O)CN1C(=O)CNC(=O)c1ccc2cc(F)ccc2n1)c1ccc(Cl)cc1 1 COc1ccc([C@H](C)NC(=O)[C@@H]2C[C@@H](O)CN2C(=O)CNC(=O)c2ccc3cc(F)ccc3n2)c(Cl)c1 O=C(NCC(=O)N1CCC[C@H]1C(=O)NCc1ccccc1)c1ccc2ccccc2n1 0.4834885 0.4835 0.8014184 0.8014 0.7326326 -9.4700 1.0000000 1.0000 []
 | 2.4772 4.1297 72.0438 0.5951057 COc1ccc(CNC(=O)[C@@H]2C[C@@H](O)CN2C(=O)CNC(=O)c2ccc3cc(F)ccc3n2)cc1 1 COc1ccc([C@H](C)NC(=O)[C@@H]2C[C@@H](O)CN2C(=O)CNC(=O)c2ccc3cc(F)ccc3n2)c(Cl)c1 O=C(NCC(=O)N1CCC[C@H]1C(=O)NCc1ccccc1)c1ccc2ccccc2n1 0.4701237 0.4701 0.7832168 0.7832 0.5836347 -8.1600 1.0000000 1.0000 []
 | 2.2728 4.2698 80.8253 0.6648056 C[C@@H](NC(=O)[C@@H]1C[C@@H](O)CN1C(=O)CNC(=O)c1ccc2cc(F)ccc2n1)c1ccc(Cl)cc1 1 COc1ccc([C@H](C)NC(=O)[C@@H]2C[C@@H](O)CN2C(=O)CNC(=O)c2ccc3cc(F)ccc3n2)c(Cl)c1 O=C(NCC(=O)N1CCC[C@H]1C(=O)NCc1ccccc1)c1ccc2ccccc2n1 0.4834885 0.4835 0.8014184 0.8014 0.7100135 -9.2500 1.0000000 1.0000 []
 | 2.1189 4.3193 79.5056 0.6548825 O=C(NCC(=O)N1C[C@H](O)C[C@H]1C(=O)NCc1ccc(Cl)c(Cl)c1)c1ccc2cc(F)ccc2n1 1 COc1ccc([C@H](C)NC(=O)[C@@H]2C[C@@H](O)CN2C(=O)CNC(=O)c2ccc3cc(F)ccc3n2)c(Cl)c1 O=C(NCC(=O)N1CCC[C@H]1C(=O)NCc1ccccc1)c1ccc2ccccc2n1 0.4640416 0.4640 0.7114094 0.7114 0.7464290 -9.6100 1.0000000 1.0000 []
 | 2.2186 3.8934 81.6967 0.6686721 O=C(NCC(=O)N1C[C@H](O)C[C@H]1C(=O)NCc1ccc(Cl)cc1)c1ccc2cc(F)ccc2n1 1 COc1ccc([C@H](C)NC(=O)[C@@H]2C[C@@H](O)CN2C(=O)CNC(=O)c2ccc3cc(F)ccc3n2)c(Cl)c1 O=C(NCC(=O)N1CCC[C@H]1C(=O)NCc1ccccc1)c1ccc2ccccc2n1 0.4955094 0.4955 0.7260274 0.7260 0.7454593 -9.6000 1.0000000 1.0000 []
 | 2.4926 3.2004 77.2229 0.6283072 O=C(NCC(=O)N1C[C@H](O)C[C@H]1C(=O)NCc1cccc(Cl)c1)c1ccc2cc(F)ccc2n1 1 COc1ccc([C@H](C)NC(=O)[C@@H]2C[C@@H](O)CN2C(=O)CNC(=O)c2ccc3cc(F)ccc3n2)c(Cl)c1 O=C(NCC(=O)N1CCC[C@H]1C(=O)NCc1ccccc1)c1ccc2ccccc2n1 0.4955094 0.4955 0.7210884 0.7211 0.6604256 -8.8000 1.0000000 1.0000 []
 | 2.3452 4.2413 70.9730 0.5876117 O=C(NCC(=O)N1C[C@H](O)C[C@H]1C(=O)N[C@@H](CO)c1cccc(Cl)c1)c1ccc2cc(F)ccc2n1 1 COc1ccc([C@H](C)NC(=O)[C@@H]2C[C@@H](O)CN2C(=O)CNC(=O)c2ccc3cc(F)ccc3n2)c(Cl)c1 O=C(NCC(=O)N1CCC[C@H]1C(=O)NCc1ccccc1)c1ccc2ccccc2n1 0.3782864 0.3783 0.7432432 0.7432 0.6511860 -8.7200 1.0000000 1.0000 []
 | 2.3474 4.6734 74.2686 0.6167343 O=C(NCC(=O)N1C[C@H](O)C[C@H]1C(=O)N[C@H](CO)c1cccc(Cl)c1)c1ccc2cc(F)ccc2n1 1 COc1ccc([C@H](C)NC(=O)[C@@H]2C[C@@H](O)CN2C(=O)CNC(=O)c2ccc3cc(F)ccc3n2)c(Cl)c1 O=C(NCC(=O)N1CCC[C@H]1C(=O)NCc1ccccc1)c1ccc2ccccc2n1 0.3782864 0.3783 0.7432432 0.7432 0.7173324 -9.3200 1.0000000 1.0000 []
00:27:55 <INFO> Score: 0.64 Agent NLL: 2.31 Valid: 100% Step: 30
 | Agent Prior Target Score SMILES SMILES_state Input_SMILES Scaffold QED QED (raw) TanimotoDistance TanimotoDistance (raw) maize maize (raw) Unwanted SMARTS Unwanted SMARTS (raw) matchting_patterns (Unwanted SMARTS)
 | 2.2189 8.7137 77.1655 0.6709312 CC(C)C(NC(=O)[C@@H]1C[C@@H](O)CN1C(=O)CNC(=O)c1ccc2cc(F)ccc2n1)c1ccc(Cl)cc1 1 COc1ccc([C@H](C)NC(=O)[C@@H]2C[C@@H](O)CN2C(=O)CNC(=O)c2ccc3cc(F)ccc3n2)c(Cl)c1 O=C(NCC(=O)N1CCC[C@H]1C(=O)NCc1ccccc1)c1ccc2ccccc2n1 0.4374885 0.4375 0.7619048 0.7619 0.7796905 -9.9700 1.0000000 1.0000 []
 | 2.3325 4.0491 82.5249 0.6763589 CC(C)C(NC(=O)[C@@H]1C[C@@H](O)CN1C(=O)CNC(=O)c1ccc2cc(F)ccc2n1)c1ccccc1 1 COc1ccc([C@H](C)NC(=O)[C@@H]2C[C@@H](O)CN2C(=O)CNC(=O)c2ccc3cc(F)ccc3n2)c(Cl)c1 O=C(NCC(=O)N1CCC[C@H]1C(=O)NCc1ccccc1)c1ccc2ccccc2n1 0.4695327 0.4695 0.7364865 0.7365 0.7779275 -9.9500 1.0000000 1.0000 []
 | 2.3426 4.8186 81.6214 0.6753121 CC(NC(=O)[C@@H]1C[C@@H](O)CN1C(=O)CNC(=O)c1ccc2cc(F)ccc2n1)c1ccc(Cl)cc1 1 COc1ccc([C@H](C)NC(=O)[C@@H]2C[C@@H](O)CN2C(=O)CNC(=O)c2ccc3cc(F)ccc3n2)c(Cl)c1 O=C(NCC(=O)N1CCC[C@H]1C(=O)NCc1ccccc1)c1ccc2ccccc2n1 0.4834885 0.4835 0.8014184 0.8014 0.7326326 -9.4700 1.0000000 1.0000 []
 | 2.4070 4.1297 72.0438 0.5951057 COc1ccc(CNC(=O)[C@@H]2C[C@@H](O)CN2C(=O)CNC(=O)c2ccc3cc(F)ccc3n2)cc1 1 COc1ccc([C@H](C)NC(=O)[C@@H]2C[C@@H](O)CN2C(=O)CNC(=O)c2ccc3cc(F)ccc3n2)c(Cl)c1 O=C(NCC(=O)N1CCC[C@H]1C(=O)NCc1ccccc1)c1ccc2ccccc2n1 0.4701237 0.4701 0.7832168 0.7832 0.5836347 -8.1600 1.0000000 1.0000 []
 | 2.3166 4.2698 80.8253 0.6648056 C[C@@H](NC(=O)[C@@H]1C[C@@H](O)CN1C(=O)CNC(=O)c1ccc2cc(F)ccc2n1)c1ccc(Cl)cc1 1 COc1ccc([C@H](C)NC(=O)[C@@H]2C[C@@H](O)CN2C(=O)CNC(=O)c2ccc3cc(F)ccc3n2)c(Cl)c1 O=C(NCC(=O)N1CCC[C@H]1C(=O)NCc1ccccc1)c1ccc2ccccc2n1 0.4834885 0.4835 0.8014184 0.8014 0.7100135 -9.2500 1.0000000 1.0000 []
 | 2.2723 4.3193 79.5056 0.6548825 O=C(NCC(=O)N1C[C@H](O)C[C@H]1C(=O)NCc1ccc(Cl)c(Cl)c1)c1ccc2cc(F)ccc2n1 1 COc1ccc([C@H](C)NC(=O)[C@@H]2C[C@@H](O)CN2C(=O)CNC(=O)c2ccc3cc(F)ccc3n2)c(Cl)c1 O=C(NCC(=O)N1CCC[C@H]1C(=O)NCc1ccccc1)c1ccc2ccccc2n1 0.4640416 0.4640 0.7114094 0.7114 0.7464290 -9.6100 1.0000000 1.0000 []
 | 2.1375 3.8934 81.6967 0.6686721 O=C(NCC(=O)N1C[C@H](O)C[C@H]1C(=O)NCc1ccc(Cl)cc1)c1ccc2cc(F)ccc2n1 1 COc1ccc([C@H](C)NC(=O)[C@@H]2C[C@@H](O)CN2C(=O)CNC(=O)c2ccc3cc(F)ccc3n2)c(Cl)c1 O=C(NCC(=O)N1CCC[C@H]1C(=O)NCc1ccccc1)c1ccc2ccccc2n1 0.4955094 0.4955 0.7260274 0.7260 0.7454593 -9.6000 1.0000000 1.0000 []
 | 2.4775 3.2004 77.2229 0.6283072 O=C(NCC(=O)N1C[C@H](O)C[C@H]1C(=O)NCc1cccc(Cl)c1)c1ccc2cc(F)ccc2n1 1 COc1ccc([C@H](C)NC(=O)[C@@H]2C[C@@H](O)CN2C(=O)CNC(=O)c2ccc3cc(F)ccc3n2)c(Cl)c1 O=C(NCC(=O)N1CCC[C@H]1C(=O)NCc1ccccc1)c1ccc2ccccc2n1 0.4955094 0.4955 0.7210884 0.7211 0.6604256 -8.8000 1.0000000 1.0000 []
 | 2.3128 4.2413 70.9730 0.5876117 O=C(NCC(=O)N1C[C@H](O)C[C@H]1C(=O)N[C@@H](CO)c1cccc(Cl)c1)c1ccc2cc(F)ccc2n1 1 COc1ccc([C@H](C)NC(=O)[C@@H]2C[C@@H](O)CN2C(=O)CNC(=O)c2ccc3cc(F)ccc3n2)c(Cl)c1 O=C(NCC(=O)N1CCC[C@H]1C(=O)NCc1ccccc1)c1ccc2ccccc2n1 0.3782864 0.3783 0.7432432 0.7432 0.6511860 -8.7200 1.0000000 1.0000 []
 | 2.2901 4.6734 74.2686 0.6167343 O=C(NCC(=O)N1C[C@H](O)C[C@H]1C(=O)N[C@H](CO)c1cccc(Cl)c1)c1ccc2cc(F)ccc2n1 1 COc1ccc([C@H](C)NC(=O)[C@@H]2C[C@@H](O)CN2C(=O)CNC(=O)c2ccc3cc(F)ccc3n2)c(Cl)c1 O=C(NCC(=O)N1CCC[C@H]1C(=O)NCc1ccccc1)c1ccc2ccccc2n1 0.3782864 0.3783 0.7432432 0.7432 0.7173324 -9.3200 1.0000000 1.0000 []
00:27:57 <INFO> Score: 0.64 Agent NLL: 2.31 Valid: 100% Step: 31
 | Agent Prior Target Score SMILES SMILES_state Input_SMILES Scaffold QED QED (raw) TanimotoDistance TanimotoDistance (raw) maize maize (raw) Unwanted SMARTS Unwanted SMARTS (raw) matchting_patterns (Unwanted SMARTS)
 | 2.2586 8.7137 77.1655 0.6709312 CC(C)C(NC(=O)[C@@H]1C[C@@H](O)CN1C(=O)CNC(=O)c1ccc2cc(F)ccc2n1)c1ccc(Cl)cc1 1 COc1ccc([C@H](C)NC(=O)[C@@H]2C[C@@H](O)CN2C(=O)CNC(=O)c2ccc3cc(F)ccc3n2)c(Cl)c1 O=C(NCC(=O)N1CCC[C@H]1C(=O)NCc1ccccc1)c1ccc2ccccc2n1 0.4374885 0.4375 0.7619048 0.7619 0.7796905 -9.9700 1.0000000 1.0000 []
 | 2.3527 4.0491 82.5249 0.6763589 CC(C)C(NC(=O)[C@@H]1C[C@@H](O)CN1C(=O)CNC(=O)c1ccc2cc(F)ccc2n1)c1ccccc1 1 COc1ccc([C@H](C)NC(=O)[C@@H]2C[C@@H](O)CN2C(=O)CNC(=O)c2ccc3cc(F)ccc3n2)c(Cl)c1 O=C(NCC(=O)N1CCC[C@H]1C(=O)NCc1ccccc1)c1ccc2ccccc2n1 0.4695327 0.4695 0.7364865 0.7365 0.7779275 -9.9500 1.0000000 1.0000 []
 | 2.2407 4.8186 81.6214 0.6753121 CC(NC(=O)[C@@H]1C[C@@H](O)CN1C(=O)CNC(=O)c1ccc2cc(F)ccc2n1)c1ccc(Cl)cc1 1 COc1ccc([C@H](C)NC(=O)[C@@H]2C[C@@H](O)CN2C(=O)CNC(=O)c2ccc3cc(F)ccc3n2)c(Cl)c1 O=C(NCC(=O)N1CCC[C@H]1C(=O)NCc1ccccc1)c1ccc2ccccc2n1 0.4834885 0.4835 0.8014184 0.8014 0.7326326 -9.4700 1.0000000 1.0000 []
 | 2.3203 4.1297 72.0438 0.5951057 COc1ccc(CNC(=O)[C@@H]2C[C@@H](O)CN2C(=O)CNC(=O)c2ccc3cc(F)ccc3n2)cc1 1 COc1ccc([C@H](C)NC(=O)[C@@H]2C[C@@H](O)CN2C(=O)CNC(=O)c2ccc3cc(F)ccc3n2)c(Cl)c1 O=C(NCC(=O)N1CCC[C@H]1C(=O)NCc1ccccc1)c1ccc2ccccc2n1 0.4701237 0.4701 0.7832168 0.7832 0.5836347 -8.1600 1.0000000 1.0000 []
 | 2.3258 4.2698 80.8253 0.6648056 C[C@@H](NC(=O)[C@@H]1C[C@@H](O)CN1C(=O)CNC(=O)c1ccc2cc(F)ccc2n1)c1ccc(Cl)cc1 1 COc1ccc([C@H](C)NC(=O)[C@@H]2C[C@@H](O)CN2C(=O)CNC(=O)c2ccc3cc(F)ccc3n2)c(Cl)c1 O=C(NCC(=O)N1CCC[C@H]1C(=O)NCc1ccccc1)c1ccc2ccccc2n1 0.4834885 0.4835 0.8014184 0.8014 0.7100135 -9.2500 1.0000000 1.0000 []
 | 2.3117 4.3193 79.5056 0.6548825 O=C(NCC(=O)N1C[C@H](O)C[C@H]1C(=O)NCc1ccc(Cl)c(Cl)c1)c1ccc2cc(F)ccc2n1 1 COc1ccc([C@H](C)NC(=O)[C@@H]2C[C@@H](O)CN2C(=O)CNC(=O)c2ccc3cc(F)ccc3n2)c(Cl)c1 O=C(NCC(=O)N1CCC[C@H]1C(=O)NCc1ccccc1)c1ccc2ccccc2n1 0.4640416 0.4640 0.7114094 0.7114 0.7464290 -9.6100 1.0000000 1.0000 []
 | 2.2360 3.8934 81.6967 0.6686721 O=C(NCC(=O)N1C[C@H](O)C[C@H]1C(=O)NCc1ccc(Cl)cc1)c1ccc2cc(F)ccc2n1 1 COc1ccc([C@H](C)NC(=O)[C@@H]2C[C@@H](O)CN2C(=O)CNC(=O)c2ccc3cc(F)ccc3n2)c(Cl)c1 O=C(NCC(=O)N1CCC[C@H]1C(=O)NCc1ccccc1)c1ccc2ccccc2n1 0.4955094 0.4955 0.7260274 0.7260 0.7454593 -9.6000 1.0000000 1.0000 []
 | 2.3731 3.2004 77.2229 0.6283072 O=C(NCC(=O)N1C[C@H](O)C[C@H]1C(=O)NCc1cccc(Cl)c1)c1ccc2cc(F)ccc2n1 1 COc1ccc([C@H](C)NC(=O)[C@@H]2C[C@@H](O)CN2C(=O)CNC(=O)c2ccc3cc(F)ccc3n2)c(Cl)c1 O=C(NCC(=O)N1CCC[C@H]1C(=O)NCc1ccccc1)c1ccc2ccccc2n1 0.4955094 0.4955 0.7210884 0.7211 0.6604256 -8.8000 1.0000000 1.0000 []
 | 2.3507 4.2413 70.9730 0.5876117 O=C(NCC(=O)N1C[C@H](O)C[C@H]1C(=O)N[C@@H](CO)c1cccc(Cl)c1)c1ccc2cc(F)ccc2n1 1 COc1ccc([C@H](C)NC(=O)[C@@H]2C[C@@H](O)CN2C(=O)CNC(=O)c2ccc3cc(F)ccc3n2)c(Cl)c1 O=C(NCC(=O)N1CCC[C@H]1C(=O)NCc1ccccc1)c1ccc2ccccc2n1 0.3782864 0.3783 0.7432432 0.7432 0.6511860 -8.7200 1.0000000 1.0000 []
 | 2.3078 4.6734 74.2686 0.6167343 O=C(NCC(=O)N1C[C@H](O)C[C@H]1C(=O)N[C@H](CO)c1cccc(Cl)c1)c1ccc2cc(F)ccc2n1 1 COc1ccc([C@H](C)NC(=O)[C@@H]2C[C@@H](O)CN2C(=O)CNC(=O)c2ccc3cc(F)ccc3n2)c(Cl)c1 O=C(NCC(=O)N1CCC[C@H]1C(=O)NCc1ccccc1)c1ccc2ccccc2n1 0.3782864 0.3783 0.7432432 0.7432 0.7173324 -9.3200 1.0000000 1.0000 []
00:27:58 <INFO> Score: 0.64 Agent NLL: 2.31 Valid: 100% Step: 32
 | Agent Prior Target Score SMILES SMILES_state Input_SMILES Scaffold QED QED (raw) TanimotoDistance TanimotoDistance (raw) maize maize (raw) Unwanted SMARTS Unwanted SMARTS (raw) matchting_patterns (Unwanted SMARTS)
 | 2.3050 8.7137 77.1655 0.6709312 CC(C)C(NC(=O)[C@@H]1C[C@@H](O)CN1C(=O)CNC(=O)c1ccc2cc(F)ccc2n1)c1ccc(Cl)cc1 1 COc1ccc([C@H](C)NC(=O)[C@@H]2C[C@@H](O)CN2C(=O)CNC(=O)c2ccc3cc(F)ccc3n2)c(Cl)c1 O=C(NCC(=O)N1CCC[C@H]1C(=O)NCc1ccccc1)c1ccc2ccccc2n1 0.4374885 0.4375 0.7619048 0.7619 0.7796905 -9.9700 1.0000000 1.0000 []
 | 2.3118 4.0491 82.5249 0.6763589 CC(C)C(NC(=O)[C@@H]1C[C@@H](O)CN1C(=O)CNC(=O)c1ccc2cc(F)ccc2n1)c1ccccc1 1 COc1ccc([C@H](C)NC(=O)[C@@H]2C[C@@H](O)CN2C(=O)CNC(=O)c2ccc3cc(F)ccc3n2)c(Cl)c1 O=C(NCC(=O)N1CCC[C@H]1C(=O)NCc1ccccc1)c1ccc2ccccc2n1 0.4695327 0.4695 0.7364865 0.7365 0.7779275 -9.9500 1.0000000 1.0000 []
 | 2.1907 4.8186 81.6214 0.6753121 CC(NC(=O)[C@@H]1C[C@@H](O)CN1C(=O)CNC(=O)c1ccc2cc(F)ccc2n1)c1ccc(Cl)cc1 1 COc1ccc([C@H](C)NC(=O)[C@@H]2C[C@@H](O)CN2C(=O)CNC(=O)c2ccc3cc(F)ccc3n2)c(Cl)c1 O=C(NCC(=O)N1CCC[C@H]1C(=O)NCc1ccccc1)c1ccc2ccccc2n1 0.4834885 0.4835 0.8014184 0.8014 0.7326326 -9.4700 1.0000000 1.0000 []
 | 2.2509 4.1297 72.0438 0.5951057 COc1ccc(CNC(=O)[C@@H]2C[C@@H](O)CN2C(=O)CNC(=O)c2ccc3cc(F)ccc3n2)cc1 1 COc1ccc([C@H](C)NC(=O)[C@@H]2C[C@@H](O)CN2C(=O)CNC(=O)c2ccc3cc(F)ccc3n2)c(Cl)c1 O=C(NCC(=O)N1CCC[C@H]1C(=O)NCc1ccccc1)c1ccc2ccccc2n1 0.4701237 0.4701 0.7832168 0.7832 0.5836347 -8.1600 1.0000000 1.0000 []
 | 2.3297 4.2698 80.8253 0.6648056 C[C@@H](NC(=O)[C@@H]1C[C@@H](O)CN1C(=O)CNC(=O)c1ccc2cc(F)ccc2n1)c1ccc(Cl)cc1 1 COc1ccc([C@H](C)NC(=O)[C@@H]2C[C@@H](O)CN2C(=O)CNC(=O)c2ccc3cc(F)ccc3n2)c(Cl)c1 O=C(NCC(=O)N1CCC[C@H]1C(=O)NCc1ccccc1)c1ccc2ccccc2n1 0.4834885 0.4835 0.8014184 0.8014 0.7100135 -9.2500 1.0000000 1.0000 []
 | 2.2746 4.3193 79.5056 0.6548825 O=C(NCC(=O)N1C[C@H](O)C[C@H]1C(=O)NCc1ccc(Cl)c(Cl)c1)c1ccc2cc(F)ccc2n1 1 COc1ccc([C@H](C)NC(=O)[C@@H]2C[C@@H](O)CN2C(=O)CNC(=O)c2ccc3cc(F)ccc3n2)c(Cl)c1 O=C(NCC(=O)N1CCC[C@H]1C(=O)NCc1ccccc1)c1ccc2ccccc2n1 0.4640416 0.4640 0.7114094 0.7114 0.7464290 -9.6100 1.0000000 1.0000 []
 | 2.3943 3.8934 81.6967 0.6686721 O=C(NCC(=O)N1C[C@H](O)C[C@H]1C(=O)NCc1ccc(Cl)cc1)c1ccc2cc(F)ccc2n1 1 COc1ccc([C@H](C)NC(=O)[C@@H]2C[C@@H](O)CN2C(=O)CNC(=O)c2ccc3cc(F)ccc3n2)c(Cl)c1 O=C(NCC(=O)N1CCC[C@H]1C(=O)NCc1ccccc1)c1ccc2ccccc2n1 0.4955094 0.4955 0.7260274 0.7260 0.7454593 -9.6000 1.0000000 1.0000 []
 | 2.2370 3.2004 77.2229 0.6283072 O=C(NCC(=O)N1C[C@H](O)C[C@H]1C(=O)NCc1cccc(Cl)c1)c1ccc2cc(F)ccc2n1 1 COc1ccc([C@H](C)NC(=O)[C@@H]2C[C@@H](O)CN2C(=O)CNC(=O)c2ccc3cc(F)ccc3n2)c(Cl)c1 O=C(NCC(=O)N1CCC[C@H]1C(=O)NCc1ccccc1)c1ccc2ccccc2n1 0.4955094 0.4955 0.7210884 0.7211 0.6604256 -8.8000 1.0000000 1.0000 []
 | 2.4285 4.2413 70.9730 0.5876117 O=C(NCC(=O)N1C[C@H](O)C[C@H]1C(=O)N[C@@H](CO)c1cccc(Cl)c1)c1ccc2cc(F)ccc2n1 1 COc1ccc([C@H](C)NC(=O)[C@@H]2C[C@@H](O)CN2C(=O)CNC(=O)c2ccc3cc(F)ccc3n2)c(Cl)c1 O=C(NCC(=O)N1CCC[C@H]1C(=O)NCc1ccccc1)c1ccc2ccccc2n1 0.3782864 0.3783 0.7432432 0.7432 0.6511860 -8.7200 1.0000000 1.0000 []
 | 2.3677 4.6734 74.2686 0.6167343 O=C(NCC(=O)N1C[C@H](O)C[C@H]1C(=O)N[C@H](CO)c1cccc(Cl)c1)c1ccc2cc(F)ccc2n1 1 COc1ccc([C@H](C)NC(=O)[C@@H]2C[C@@H](O)CN2C(=O)CNC(=O)c2ccc3cc(F)ccc3n2)c(Cl)c1 O=C(NCC(=O)N1CCC[C@H]1C(=O)NCc1ccccc1)c1ccc2ccccc2n1 0.3782864 0.3783 0.7432432 0.7432 0.7173324 -9.3200 1.0000000 1.0000 []
00:28:00 <INFO> Score: 0.64 Agent NLL: 2.31 Valid: 100% Step: 33
 | Agent Prior Target Score SMILES SMILES_state Input_SMILES Scaffold QED QED (raw) TanimotoDistance TanimotoDistance (raw) maize maize (raw) Unwanted SMARTS Unwanted SMARTS (raw) matchting_patterns (Unwanted SMARTS)
 | 2.3330 8.7137 77.1655 0.6709312 CC(C)C(NC(=O)[C@@H]1C[C@@H](O)CN1C(=O)CNC(=O)c1ccc2cc(F)ccc2n1)c1ccc(Cl)cc1 1 COc1ccc([C@H](C)NC(=O)[C@@H]2C[C@@H](O)CN2C(=O)CNC(=O)c2ccc3cc(F)ccc3n2)c(Cl)c1 O=C(NCC(=O)N1CCC[C@H]1C(=O)NCc1ccccc1)c1ccc2ccccc2n1 0.4374885 0.4375 0.7619048 0.7619 0.7796905 -9.9700 1.0000000 1.0000 []
 | 2.2271 4.0491 82.5249 0.6763589 CC(C)C(NC(=O)[C@@H]1C[C@@H](O)CN1C(=O)CNC(=O)c1ccc2cc(F)ccc2n1)c1ccccc1 1 COc1ccc([C@H](C)NC(=O)[C@@H]2C[C@@H](O)CN2C(=O)CNC(=O)c2ccc3cc(F)ccc3n2)c(Cl)c1 O=C(NCC(=O)N1CCC[C@H]1C(=O)NCc1ccccc1)c1ccc2ccccc2n1 0.4695327 0.4695 0.7364865 0.7365 0.7779275 -9.9500 1.0000000 1.0000 []
 | 2.2587 4.8186 81.6214 0.6753121 CC(NC(=O)[C@@H]1C[C@@H](O)CN1C(=O)CNC(=O)c1ccc2cc(F)ccc2n1)c1ccc(Cl)cc1 1 COc1ccc([C@H](C)NC(=O)[C@@H]2C[C@@H](O)CN2C(=O)CNC(=O)c2ccc3cc(F)ccc3n2)c(Cl)c1 O=C(NCC(=O)N1CCC[C@H]1C(=O)NCc1ccccc1)c1ccc2ccccc2n1 0.4834885 0.4835 0.8014184 0.8014 0.7326326 -9.4700 1.0000000 1.0000 []
 | 2.2254 4.1297 72.0438 0.5951057 COc1ccc(CNC(=O)[C@@H]2C[C@@H](O)CN2C(=O)CNC(=O)c2ccc3cc(F)ccc3n2)cc1 1 COc1ccc([C@H](C)NC(=O)[C@@H]2C[C@@H](O)CN2C(=O)CNC(=O)c2ccc3cc(F)ccc3n2)c(Cl)c1 O=C(NCC(=O)N1CCC[C@H]1C(=O)NCc1ccccc1)c1ccc2ccccc2n1 0.4701237 0.4701 0.7832168 0.7832 0.5836347 -8.1600 1.0000000 1.0000 []
 | 2.3545 4.2698 80.8253 0.6648056 C[C@@H](NC(=O)[C@@H]1C[C@@H](O)CN1C(=O)CNC(=O)c1ccc2cc(F)ccc2n1)c1ccc(Cl)cc1 1 COc1ccc([C@H](C)NC(=O)[C@@H]2C[C@@H](O)CN2C(=O)CNC(=O)c2ccc3cc(F)ccc3n2)c(Cl)c1 O=C(NCC(=O)N1CCC[C@H]1C(=O)NCc1ccccc1)c1ccc2ccccc2n1 0.4834885 0.4835 0.8014184 0.8014 0.7100135 -9.2500 1.0000000 1.0000 []
 | 2.4178 4.3193 79.5056 0.6548825 O=C(NCC(=O)N1C[C@H](O)C[C@H]1C(=O)NCc1ccc(Cl)c(Cl)c1)c1ccc2cc(F)ccc2n1 1 COc1ccc([C@H](C)NC(=O)[C@@H]2C[C@@H](O)CN2C(=O)CNC(=O)c2ccc3cc(F)ccc3n2)c(Cl)c1 O=C(NCC(=O)N1CCC[C@H]1C(=O)NCc1ccccc1)c1ccc2ccccc2n1 0.4640416 0.4640 0.7114094 0.7114 0.7464290 -9.6100 1.0000000 1.0000 []
 | 2.2780 3.8934 81.6967 0.6686721 O=C(NCC(=O)N1C[C@H](O)C[C@H]1C(=O)NCc1ccc(Cl)cc1)c1ccc2cc(F)ccc2n1 1 COc1ccc([C@H](C)NC(=O)[C@@H]2C[C@@H](O)CN2C(=O)CNC(=O)c2ccc3cc(F)ccc3n2)c(Cl)c1 O=C(NCC(=O)N1CCC[C@H]1C(=O)NCc1ccccc1)c1ccc2ccccc2n1 0.4955094 0.4955 0.7260274 0.7260 0.7454593 -9.6000 1.0000000 1.0000 []
 | 2.1549 3.2004 77.2229 0.6283072 O=C(NCC(=O)N1C[C@H](O)C[C@H]1C(=O)NCc1cccc(Cl)c1)c1ccc2cc(F)ccc2n1 1 COc1ccc([C@H](C)NC(=O)[C@@H]2C[C@@H](O)CN2C(=O)CNC(=O)c2ccc3cc(F)ccc3n2)c(Cl)c1 O=C(NCC(=O)N1CCC[C@H]1C(=O)NCc1ccccc1)c1ccc2ccccc2n1 0.4955094 0.4955 0.7210884 0.7211 0.6604256 -8.8000 1.0000000 1.0000 []
 | 2.4655 4.2413 70.9730 0.5876117 O=C(NCC(=O)N1C[C@H](O)C[C@H]1C(=O)N[C@@H](CO)c1cccc(Cl)c1)c1ccc2cc(F)ccc2n1 1 COc1ccc([C@H](C)NC(=O)[C@@H]2C[C@@H](O)CN2C(=O)CNC(=O)c2ccc3cc(F)ccc3n2)c(Cl)c1 O=C(NCC(=O)N1CCC[C@H]1C(=O)NCc1ccccc1)c1ccc2ccccc2n1 0.3782864 0.3783 0.7432432 0.7432 0.6511860 -8.7200 1.0000000 1.0000 []
 | 2.3925 4.6734 74.2686 0.6167343 O=C(NCC(=O)N1C[C@H](O)C[C@H]1C(=O)N[C@H](CO)c1cccc(Cl)c1)c1ccc2cc(F)ccc2n1 1 COc1ccc([C@H](C)NC(=O)[C@@H]2C[C@@H](O)CN2C(=O)CNC(=O)c2ccc3cc(F)ccc3n2)c(Cl)c1 O=C(NCC(=O)N1CCC[C@H]1C(=O)NCc1ccccc1)c1ccc2ccccc2n1 0.3782864 0.3783 0.7432432 0.7432 0.7173324 -9.3200 1.0000000 1.0000 []
00:28:01 <INFO> Score: 0.64 Agent NLL: 2.31 Valid: 100% Step: 34
 | Agent Prior Target Score SMILES SMILES_state Input_SMILES Scaffold QED QED (raw) TanimotoDistance TanimotoDistance (raw) maize maize (raw) Unwanted SMARTS Unwanted SMARTS (raw) matchting_patterns (Unwanted SMARTS)
 | 2.3542 8.7137 77.1655 0.6709312 CC(C)C(NC(=O)[C@@H]1C[C@@H](O)CN1C(=O)CNC(=O)c1ccc2cc(F)ccc2n1)c1ccc(Cl)cc1 1 COc1ccc([C@H](C)NC(=O)[C@@H]2C[C@@H](O)CN2C(=O)CNC(=O)c2ccc3cc(F)ccc3n2)c(Cl)c1 O=C(NCC(=O)N1CCC[C@H]1C(=O)NCc1ccccc1)c1ccc2ccccc2n1 0.4374885 0.4375 0.7619048 0.7619 0.7796905 -9.9700 1.0000000 1.0000 []
 | 2.1775 4.0491 82.5249 0.6763589 CC(C)C(NC(=O)[C@@H]1C[C@@H](O)CN1C(=O)CNC(=O)c1ccc2cc(F)ccc2n1)c1ccccc1 1 COc1ccc([C@H](C)NC(=O)[C@@H]2C[C@@H](O)CN2C(=O)CNC(=O)c2ccc3cc(F)ccc3n2)c(Cl)c1 O=C(NCC(=O)N1CCC[C@H]1C(=O)NCc1ccccc1)c1ccc2ccccc2n1 0.4695327 0.4695 0.7364865 0.7365 0.7779275 -9.9500 1.0000000 1.0000 []
 | 2.3454 4.8186 81.6214 0.6753121 CC(NC(=O)[C@@H]1C[C@@H](O)CN1C(=O)CNC(=O)c1ccc2cc(F)ccc2n1)c1ccc(Cl)cc1 1 COc1ccc([C@H](C)NC(=O)[C@@H]2C[C@@H](O)CN2C(=O)CNC(=O)c2ccc3cc(F)ccc3n2)c(Cl)c1 O=C(NCC(=O)N1CCC[C@H]1C(=O)NCc1ccccc1)c1ccc2ccccc2n1 0.4834885 0.4835 0.8014184 0.8014 0.7326326 -9.4700 1.0000000 1.0000 []
 | 2.2336 4.1297 72.0438 0.5951057 COc1ccc(CNC(=O)[C@@H]2C[C@@H](O)CN2C(=O)CNC(=O)c2ccc3cc(F)ccc3n2)cc1 1 COc1ccc([C@H](C)NC(=O)[C@@H]2C[C@@H](O)CN2C(=O)CNC(=O)c2ccc3cc(F)ccc3n2)c(Cl)c1 O=C(NCC(=O)N1CCC[C@H]1C(=O)NCc1ccccc1)c1ccc2ccccc2n1 0.4701237 0.4701 0.7832168 0.7832 0.5836347 -8.1600 1.0000000 1.0000 []
 | 2.3872 4.2698 80.8253 0.6648056 C[C@@H](NC(=O)[C@@H]1C[C@@H](O)CN1C(=O)CNC(=O)c1ccc2cc(F)ccc2n1)c1ccc(Cl)cc1 1 COc1ccc([C@H](C)NC(=O)[C@@H]2C[C@@H](O)CN2C(=O)CNC(=O)c2ccc3cc(F)ccc3n2)c(Cl)c1 O=C(NCC(=O)N1CCC[C@H]1C(=O)NCc1ccccc1)c1ccc2ccccc2n1 0.4834885 0.4835 0.8014184 0.8014 0.7100135 -9.2500 1.0000000 1.0000 []
 | 2.3422 4.3193 79.5056 0.6548825 O=C(NCC(=O)N1C[C@H](O)C[C@H]1C(=O)NCc1ccc(Cl)c(Cl)c1)c1ccc2cc(F)ccc2n1 1 COc1ccc([C@H](C)NC(=O)[C@@H]2C[C@@H](O)CN2C(=O)CNC(=O)c2ccc3cc(F)ccc3n2)c(Cl)c1 O=C(NCC(=O)N1CCC[C@H]1C(=O)NCc1ccccc1)c1ccc2ccccc2n1 0.4640416 0.4640 0.7114094 0.7114 0.7464290 -9.6100 1.0000000 1.0000 []
 | 2.3089 3.8934 81.6967 0.6686721 O=C(NCC(=O)N1C[C@H](O)C[C@H]1C(=O)NCc1ccc(Cl)cc1)c1ccc2cc(F)ccc2n1 1 COc1ccc([C@H](C)NC(=O)[C@@H]2C[C@@H](O)CN2C(=O)CNC(=O)c2ccc3cc(F)ccc3n2)c(Cl)c1 O=C(NCC(=O)N1CCC[C@H]1C(=O)NCc1ccccc1)c1ccc2ccccc2n1 0.4955094 0.4955 0.7260274 0.7260 0.7454593 -9.6000 1.0000000 1.0000 []
 | 2.1536 3.2004 77.2229 0.6283072 O=C(NCC(=O)N1C[C@H](O)C[C@H]1C(=O)NCc1cccc(Cl)c1)c1ccc2cc(F)ccc2n1 1 COc1ccc([C@H](C)NC(=O)[C@@H]2C[C@@H](O)CN2C(=O)CNC(=O)c2ccc3cc(F)ccc3n2)c(Cl)c1 O=C(NCC(=O)N1CCC[C@H]1C(=O)NCc1ccccc1)c1ccc2ccccc2n1 0.4955094 0.4955 0.7210884 0.7211 0.6604256 -8.8000 1.0000000 1.0000 []
 | 2.4376 4.2413 70.9730 0.5876117 O=C(NCC(=O)N1C[C@H](O)C[C@H]1C(=O)N[C@@H](CO)c1cccc(Cl)c1)c1ccc2cc(F)ccc2n1 1 COc1ccc([C@H](C)NC(=O)[C@@H]2C[C@@H](O)CN2C(=O)CNC(=O)c2ccc3cc(F)ccc3n2)c(Cl)c1 O=C(NCC(=O)N1CCC[C@H]1C(=O)NCc1ccccc1)c1ccc2ccccc2n1 0.3782864 0.3783 0.7432432 0.7432 0.6511860 -8.7200 1.0000000 1.0000 []
 | 2.3607 4.6734 74.2686 0.6167343 O=C(NCC(=O)N1C[C@H](O)C[C@H]1C(=O)N[C@H](CO)c1cccc(Cl)c1)c1ccc2cc(F)ccc2n1 1 COc1ccc([C@H](C)NC(=O)[C@@H]2C[C@@H](O)CN2C(=O)CNC(=O)c2ccc3cc(F)ccc3n2)c(Cl)c1 O=C(NCC(=O)N1CCC[C@H]1C(=O)NCc1ccccc1)c1ccc2ccccc2n1 0.3782864 0.3783 0.7432432 0.7432 0.7173324 -9.3200 1.0000000 1.0000 []
00:28:02 <INFO> Score: 0.64 Agent NLL: 2.31 Valid: 100% Step: 35
 | Agent Prior Target Score SMILES SMILES_state Input_SMILES Scaffold QED QED (raw) TanimotoDistance TanimotoDistance (raw) maize maize (raw) Unwanted SMARTS Unwanted SMARTS (raw) matchting_patterns (Unwanted SMARTS)
 | 2.3840 8.7137 77.1655 0.6709312 CC(C)C(NC(=O)[C@@H]1C[C@@H](O)CN1C(=O)CNC(=O)c1ccc2cc(F)ccc2n1)c1ccc(Cl)cc1 1 COc1ccc([C@H](C)NC(=O)[C@@H]2C[C@@H](O)CN2C(=O)CNC(=O)c2ccc3cc(F)ccc3n2)c(Cl)c1 O=C(NCC(=O)N1CCC[C@H]1C(=O)NCc1ccccc1)c1ccc2ccccc2n1 0.4374885 0.4375 0.7619048 0.7619 0.7796905 -9.9700 1.0000000 1.0000 []
 | 2.2006 4.0491 82.5249 0.6763589 CC(C)C(NC(=O)[C@@H]1C[C@@H](O)CN1C(=O)CNC(=O)c1ccc2cc(F)ccc2n1)c1ccccc1 1 COc1ccc([C@H](C)NC(=O)[C@@H]2C[C@@H](O)CN2C(=O)CNC(=O)c2ccc3cc(F)ccc3n2)c(Cl)c1 O=C(NCC(=O)N1CCC[C@H]1C(=O)NCc1ccccc1)c1ccc2ccccc2n1 0.4695327 0.4695 0.7364865 0.7365 0.7779275 -9.9500 1.0000000 1.0000 []
 | 2.3111 4.8186 81.6214 0.6753121 CC(NC(=O)[C@@H]1C[C@@H](O)CN1C(=O)CNC(=O)c1ccc2cc(F)ccc2n1)c1ccc(Cl)cc1 1 COc1ccc([C@H](C)NC(=O)[C@@H]2C[C@@H](O)CN2C(=O)CNC(=O)c2ccc3cc(F)ccc3n2)c(Cl)c1 O=C(NCC(=O)N1CCC[C@H]1C(=O)NCc1ccccc1)c1ccc2ccccc2n1 0.4834885 0.4835 0.8014184 0.8014 0.7326326 -9.4700 1.0000000 1.0000 []
 | 2.2495 4.1297 72.0438 0.5951057 COc1ccc(CNC(=O)[C@@H]2C[C@@H](O)CN2C(=O)CNC(=O)c2ccc3cc(F)ccc3n2)cc1 1 COc1ccc([C@H](C)NC(=O)[C@@H]2C[C@@H](O)CN2C(=O)CNC(=O)c2ccc3cc(F)ccc3n2)c(Cl)c1 O=C(NCC(=O)N1CCC[C@H]1C(=O)NCc1ccccc1)c1ccc2ccccc2n1 0.4701237 0.4701 0.7832168 0.7832 0.5836347 -8.1600 1.0000000 1.0000 []
 | 2.3934 4.2698 80.8253 0.6648056 C[C@@H](NC(=O)[C@@H]1C[C@@H](O)CN1C(=O)CNC(=O)c1ccc2cc(F)ccc2n1)c1ccc(Cl)cc1 1 COc1ccc([C@H](C)NC(=O)[C@@H]2C[C@@H](O)CN2C(=O)CNC(=O)c2ccc3cc(F)ccc3n2)c(Cl)c1 O=C(NCC(=O)N1CCC[C@H]1C(=O)NCc1ccccc1)c1ccc2ccccc2n1 0.4834885 0.4835 0.8014184 0.8014 0.7100135 -9.2500 1.0000000 1.0000 []
 | 2.2578 4.3193 79.5056 0.6548825 O=C(NCC(=O)N1C[C@H](O)C[C@H]1C(=O)NCc1ccc(Cl)c(Cl)c1)c1ccc2cc(F)ccc2n1 1 COc1ccc([C@H](C)NC(=O)[C@@H]2C[C@@H](O)CN2C(=O)CNC(=O)c2ccc3cc(F)ccc3n2)c(Cl)c1 O=C(NCC(=O)N1CCC[C@H]1C(=O)NCc1ccccc1)c1ccc2ccccc2n1 0.4640416 0.4640 0.7114094 0.7114 0.7464290 -9.6100 1.0000000 1.0000 []
 | 2.3435 3.8934 81.6967 0.6686721 O=C(NCC(=O)N1C[C@H](O)C[C@H]1C(=O)NCc1ccc(Cl)cc1)c1ccc2cc(F)ccc2n1 1 COc1ccc([C@H](C)NC(=O)[C@@H]2C[C@@H](O)CN2C(=O)CNC(=O)c2ccc3cc(F)ccc3n2)c(Cl)c1 O=C(NCC(=O)N1CCC[C@H]1C(=O)NCc1ccccc1)c1ccc2ccccc2n1 0.4955094 0.4955 0.7260274 0.7260 0.7454593 -9.6000 1.0000000 1.0000 []
 | 2.2423 3.2004 77.2229 0.6283072 O=C(NCC(=O)N1C[C@H](O)C[C@H]1C(=O)NCc1cccc(Cl)c1)c1ccc2cc(F)ccc2n1 1 COc1ccc([C@H](C)NC(=O)[C@@H]2C[C@@H](O)CN2C(=O)CNC(=O)c2ccc3cc(F)ccc3n2)c(Cl)c1 O=C(NCC(=O)N1CCC[C@H]1C(=O)NCc1ccccc1)c1ccc2ccccc2n1 0.4955094 0.4955 0.7210884 0.7211 0.6604256 -8.8000 1.0000000 1.0000 []
 | 2.3830 4.2413 70.9730 0.5876117 O=C(NCC(=O)N1C[C@H](O)C[C@H]1C(=O)N[C@@H](CO)c1cccc(Cl)c1)c1ccc2cc(F)ccc2n1 1 COc1ccc([C@H](C)NC(=O)[C@@H]2C[C@@H](O)CN2C(=O)CNC(=O)c2ccc3cc(F)ccc3n2)c(Cl)c1 O=C(NCC(=O)N1CCC[C@H]1C(=O)NCc1ccccc1)c1ccc2ccccc2n1 0.3782864 0.3783 0.7432432 0.7432 0.6511860 -8.7200 1.0000000 1.0000 []
 | 2.3159 4.6734 74.2686 0.6167343 O=C(NCC(=O)N1C[C@H](O)C[C@H]1C(=O)N[C@H](CO)c1cccc(Cl)c1)c1ccc2cc(F)ccc2n1 1 COc1ccc([C@H](C)NC(=O)[C@@H]2C[C@@H](O)CN2C(=O)CNC(=O)c2ccc3cc(F)ccc3n2)c(Cl)c1 O=C(NCC(=O)N1CCC[C@H]1C(=O)NCc1ccccc1)c1ccc2ccccc2n1 0.3782864 0.3783 0.7432432 0.7432 0.7173324 -9.3200 1.0000000 1.0000 []
00:28:04 <INFO> Score: 0.64 Agent NLL: 2.31 Valid: 100% Step: 36
 | Agent Prior Target Score SMILES SMILES_state Input_SMILES Scaffold QED QED (raw) TanimotoDistance TanimotoDistance (raw) maize maize (raw) Unwanted SMARTS Unwanted SMARTS (raw) matchting_patterns (Unwanted SMARTS)
 | 2.3956 8.7137 77.1655 0.6709312 CC(C)C(NC(=O)[C@@H]1C[C@@H](O)CN1C(=O)CNC(=O)c1ccc2cc(F)ccc2n1)c1ccc(Cl)cc1 1 COc1ccc([C@H](C)NC(=O)[C@@H]2C[C@@H](O)CN2C(=O)CNC(=O)c2ccc3cc(F)ccc3n2)c(Cl)c1 O=C(NCC(=O)N1CCC[C@H]1C(=O)NCc1ccccc1)c1ccc2ccccc2n1 0.4374885 0.4375 0.7619048 0.7619 0.7796905 -9.9700 1.0000000 1.0000 []
 | 2.2531 4.0491 82.5249 0.6763589 CC(C)C(NC(=O)[C@@H]1C[C@@H](O)CN1C(=O)CNC(=O)c1ccc2cc(F)ccc2n1)c1ccccc1 1 COc1ccc([C@H](C)NC(=O)[C@@H]2C[C@@H](O)CN2C(=O)CNC(=O)c2ccc3cc(F)ccc3n2)c(Cl)c1 O=C(NCC(=O)N1CCC[C@H]1C(=O)NCc1ccccc1)c1ccc2ccccc2n1 0.4695327 0.4695 0.7364865 0.7365 0.7779275 -9.9500 1.0000000 1.0000 []
 | 2.2175 4.8186 81.6214 0.6753121 CC(NC(=O)[C@@H]1C[C@@H](O)CN1C(=O)CNC(=O)c1ccc2cc(F)ccc2n1)c1ccc(Cl)cc1 1 COc1ccc([C@H](C)NC(=O)[C@@H]2C[C@@H](O)CN2C(=O)CNC(=O)c2ccc3cc(F)ccc3n2)c(Cl)c1 O=C(NCC(=O)N1CCC[C@H]1C(=O)NCc1ccccc1)c1ccc2ccccc2n1 0.4834885 0.4835 0.8014184 0.8014 0.7326326 -9.4700 1.0000000 1.0000 []
 | 2.2678 4.1297 72.0438 0.5951057 COc1ccc(CNC(=O)[C@@H]2C[C@@H](O)CN2C(=O)CNC(=O)c2ccc3cc(F)ccc3n2)cc1 1 COc1ccc([C@H](C)NC(=O)[C@@H]2C[C@@H](O)CN2C(=O)CNC(=O)c2ccc3cc(F)ccc3n2)c(Cl)c1 O=C(NCC(=O)N1CCC[C@H]1C(=O)NCc1ccccc1)c1ccc2ccccc2n1 0.4701237 0.4701 0.7832168 0.7832 0.5836347 -8.1600 1.0000000 1.0000 []
 | 2.3708 4.2698 80.8253 0.6648056 C[C@@H](NC(=O)[C@@H]1C[C@@H](O)CN1C(=O)CNC(=O)c1ccc2cc(F)ccc2n1)c1ccc(Cl)cc1 1 COc1ccc([C@H](C)NC(=O)[C@@H]2C[C@@H](O)CN2C(=O)CNC(=O)c2ccc3cc(F)ccc3n2)c(Cl)c1 O=C(NCC(=O)N1CCC[C@H]1C(=O)NCc1ccccc1)c1ccc2ccccc2n1 0.4834885 0.4835 0.8014184 0.8014 0.7100135 -9.2500 1.0000000 1.0000 []
 | 2.3395 4.3193 79.5056 0.6548825 O=C(NCC(=O)N1C[C@H](O)C[C@H]1C(=O)NCc1ccc(Cl)c(Cl)c1)c1ccc2cc(F)ccc2n1 1 COc1ccc([C@H](C)NC(=O)[C@@H]2C[C@@H](O)CN2C(=O)CNC(=O)c2ccc3cc(F)ccc3n2)c(Cl)c1 O=C(NCC(=O)N1CCC[C@H]1C(=O)NCc1ccccc1)c1ccc2ccccc2n1 0.4640416 0.4640 0.7114094 0.7114 0.7464290 -9.6100 1.0000000 1.0000 []
 | 2.2136 3.8934 81.6967 0.6686721 O=C(NCC(=O)N1C[C@H](O)C[C@H]1C(=O)NCc1ccc(Cl)cc1)c1ccc2cc(F)ccc2n1 1 COc1ccc([C@H](C)NC(=O)[C@@H]2C[C@@H](O)CN2C(=O)CNC(=O)c2ccc3cc(F)ccc3n2)c(Cl)c1 O=C(NCC(=O)N1CCC[C@H]1C(=O)NCc1ccccc1)c1ccc2ccccc2n1 0.4955094 0.4955 0.7260274 0.7260 0.7454593 -9.6000 1.0000000 1.0000 []
 | 2.3619 3.2004 77.2229 0.6283072 O=C(NCC(=O)N1C[C@H](O)C[C@H]1C(=O)NCc1cccc(Cl)c1)c1ccc2cc(F)ccc2n1 1 COc1ccc([C@H](C)NC(=O)[C@@H]2C[C@@H](O)CN2C(=O)CNC(=O)c2ccc3cc(F)ccc3n2)c(Cl)c1 O=C(NCC(=O)N1CCC[C@H]1C(=O)NCc1ccccc1)c1ccc2ccccc2n1 0.4955094 0.4955 0.7210884 0.7211 0.6604256 -8.8000 1.0000000 1.0000 []
 | 2.3516 4.2413 70.9730 0.5876117 O=C(NCC(=O)N1C[C@H](O)C[C@H]1C(=O)N[C@@H](CO)c1cccc(Cl)c1)c1ccc2cc(F)ccc2n1 1 COc1ccc([C@H](C)NC(=O)[C@@H]2C[C@@H](O)CN2C(=O)CNC(=O)c2ccc3cc(F)ccc3n2)c(Cl)c1 O=C(NCC(=O)N1CCC[C@H]1C(=O)NCc1ccccc1)c1ccc2ccccc2n1 0.3782864 0.3783 0.7432432 0.7432 0.6511860 -8.7200 1.0000000 1.0000 []
 | 2.3066 4.6734 74.2686 0.6167343 O=C(NCC(=O)N1C[C@H](O)C[C@H]1C(=O)N[C@H](CO)c1cccc(Cl)c1)c1ccc2cc(F)ccc2n1 1 COc1ccc([C@H](C)NC(=O)[C@@H]2C[C@@H](O)CN2C(=O)CNC(=O)c2ccc3cc(F)ccc3n2)c(Cl)c1 O=C(NCC(=O)N1CCC[C@H]1C(=O)NCc1ccccc1)c1ccc2ccccc2n1 0.3782864 0.3783 0.7432432 0.7432 0.7173324 -9.3200 1.0000000 1.0000 []
00:28:05 <INFO> Score: 0.64 Agent NLL: 2.31 Valid: 100% Step: 37
 | Agent Prior Target Score SMILES SMILES_state Input_SMILES Scaffold QED QED (raw) TanimotoDistance TanimotoDistance (raw) maize maize (raw) Unwanted SMARTS Unwanted SMARTS (raw) matchting_patterns (Unwanted SMARTS)
 | 2.3401 8.7137 77.1655 0.6709312 CC(C)C(NC(=O)[C@@H]1C[C@@H](O)CN1C(=O)CNC(=O)c1ccc2cc(F)ccc2n1)c1ccc(Cl)cc1 1 COc1ccc([C@H](C)NC(=O)[C@@H]2C[C@@H](O)CN2C(=O)CNC(=O)c2ccc3cc(F)ccc3n2)c(Cl)c1 O=C(NCC(=O)N1CCC[C@H]1C(=O)NCc1ccccc1)c1ccc2ccccc2n1 0.4374885 0.4375 0.7619048 0.7619 0.7796905 -9.9700 1.0000000 1.0000 []
 | 2.2706 4.0491 82.5249 0.6763589 CC(C)C(NC(=O)[C@@H]1C[C@@H](O)CN1C(=O)CNC(=O)c1ccc2cc(F)ccc2n1)c1ccccc1 1 COc1ccc([C@H](C)NC(=O)[C@@H]2C[C@@H](O)CN2C(=O)CNC(=O)c2ccc3cc(F)ccc3n2)c(Cl)c1 O=C(NCC(=O)N1CCC[C@H]1C(=O)NCc1ccccc1)c1ccc2ccccc2n1 0.4695327 0.4695 0.7364865 0.7365 0.7779275 -9.9500 1.0000000 1.0000 []
 | 2.2046 4.8186 81.6214 0.6753121 CC(NC(=O)[C@@H]1C[C@@H](O)CN1C(=O)CNC(=O)c1ccc2cc(F)ccc2n1)c1ccc(Cl)cc1 1 COc1ccc([C@H](C)NC(=O)[C@@H]2C[C@@H](O)CN2C(=O)CNC(=O)c2ccc3cc(F)ccc3n2)c(Cl)c1 O=C(NCC(=O)N1CCC[C@H]1C(=O)NCc1ccccc1)c1ccc2ccccc2n1 0.4834885 0.4835 0.8014184 0.8014 0.7326326 -9.4700 1.0000000 1.0000 []
 | 2.3004 4.1297 72.0438 0.5951057 COc1ccc(CNC(=O)[C@@H]2C[C@@H](O)CN2C(=O)CNC(=O)c2ccc3cc(F)ccc3n2)cc1 1 COc1ccc([C@H](C)NC(=O)[C@@H]2C[C@@H](O)CN2C(=O)CNC(=O)c2ccc3cc(F)ccc3n2)c(Cl)c1 O=C(NCC(=O)N1CCC[C@H]1C(=O)NCc1ccccc1)c1ccc2ccccc2n1 0.4701237 0.4701 0.7832168 0.7832 0.5836347 -8.1600 1.0000000 1.0000 []
 | 2.3389 4.2698 80.8253 0.6648056 C[C@@H](NC(=O)[C@@H]1C[C@@H](O)CN1C(=O)CNC(=O)c1ccc2cc(F)ccc2n1)c1ccc(Cl)cc1 1 COc1ccc([C@H](C)NC(=O)[C@@H]2C[C@@H](O)CN2C(=O)CNC(=O)c2ccc3cc(F)ccc3n2)c(Cl)c1 O=C(NCC(=O)N1CCC[C@H]1C(=O)NCc1ccccc1)c1ccc2ccccc2n1 0.4834885 0.4835 0.8014184 0.8014 0.7100135 -9.2500 1.0000000 1.0000 []
 | 2.2555 4.3193 79.5056 0.6548825 O=C(NCC(=O)N1C[C@H](O)C[C@H]1C(=O)NCc1ccc(Cl)c(Cl)c1)c1ccc2cc(F)ccc2n1 1 COc1ccc([C@H](C)NC(=O)[C@@H]2C[C@@H](O)CN2C(=O)CNC(=O)c2ccc3cc(F)ccc3n2)c(Cl)c1 O=C(NCC(=O)N1CCC[C@H]1C(=O)NCc1ccccc1)c1ccc2ccccc2n1 0.4640416 0.4640 0.7114094 0.7114 0.7464290 -9.6100 1.0000000 1.0000 []
 | 2.2352 3.8934 81.6967 0.6686721 O=C(NCC(=O)N1C[C@H](O)C[C@H]1C(=O)NCc1ccc(Cl)cc1)c1ccc2cc(F)ccc2n1 1 COc1ccc([C@H](C)NC(=O)[C@@H]2C[C@@H](O)CN2C(=O)CNC(=O)c2ccc3cc(F)ccc3n2)c(Cl)c1 O=C(NCC(=O)N1CCC[C@H]1C(=O)NCc1ccccc1)c1ccc2ccccc2n1 0.4955094 0.4955 0.7260274 0.7260 0.7454593 -9.6000 1.0000000 1.0000 []
 | 2.4373 3.2004 77.2229 0.6283072 O=C(NCC(=O)N1C[C@H](O)C[C@H]1C(=O)NCc1cccc(Cl)c1)c1ccc2cc(F)ccc2n1 1 COc1ccc([C@H](C)NC(=O)[C@@H]2C[C@@H](O)CN2C(=O)CNC(=O)c2ccc3cc(F)ccc3n2)c(Cl)c1 O=C(NCC(=O)N1CCC[C@H]1C(=O)NCc1ccccc1)c1ccc2ccccc2n1 0.4955094 0.4955 0.7210884 0.7211 0.6604256 -8.8000 1.0000000 1.0000 []
 | 2.3590 4.2413 70.9730 0.5876117 O=C(NCC(=O)N1C[C@H](O)C[C@H]1C(=O)N[C@@H](CO)c1cccc(Cl)c1)c1ccc2cc(F)ccc2n1 1 COc1ccc([C@H](C)NC(=O)[C@@H]2C[C@@H](O)CN2C(=O)CNC(=O)c2ccc3cc(F)ccc3n2)c(Cl)c1 O=C(NCC(=O)N1CCC[C@H]1C(=O)NCc1ccccc1)c1ccc2ccccc2n1 0.3782864 0.3783 0.7432432 0.7432 0.6511860 -8.7200 1.0000000 1.0000 []
 | 2.3364 4.6734 74.2686 0.6167343 O=C(NCC(=O)N1C[C@H](O)C[C@H]1C(=O)N[C@H](CO)c1cccc(Cl)c1)c1ccc2cc(F)ccc2n1 1 COc1ccc([C@H](C)NC(=O)[C@@H]2C[C@@H](O)CN2C(=O)CNC(=O)c2ccc3cc(F)ccc3n2)c(Cl)c1 O=C(NCC(=O)N1CCC[C@H]1C(=O)NCc1ccccc1)c1ccc2ccccc2n1 0.3782864 0.3783 0.7432432 0.7432 0.7173324 -9.3200 1.0000000 1.0000 []
00:28:07 <INFO> Score: 0.64 Agent NLL: 2.31 Valid: 100% Step: 38
 | Agent Prior Target Score SMILES SMILES_state Input_SMILES Scaffold QED QED (raw) TanimotoDistance TanimotoDistance (raw) maize maize (raw) Unwanted SMARTS Unwanted SMARTS (raw) matchting_patterns (Unwanted SMARTS)
 | 2.2545 8.7137 77.1655 0.6709312 CC(C)C(NC(=O)[C@@H]1C[C@@H](O)CN1C(=O)CNC(=O)c1ccc2cc(F)ccc2n1)c1ccc(Cl)cc1 1 COc1ccc([C@H](C)NC(=O)[C@@H]2C[C@@H](O)CN2C(=O)CNC(=O)c2ccc3cc(F)ccc3n2)c(Cl)c1 O=C(NCC(=O)N1CCC[C@H]1C(=O)NCc1ccccc1)c1ccc2ccccc2n1 0.4374885 0.4375 0.7619048 0.7619 0.7796905 -9.9700 1.0000000 1.0000 []
 | 2.2455 4.0491 82.5249 0.6763589 CC(C)C(NC(=O)[C@@H]1C[C@@H](O)CN1C(=O)CNC(=O)c1ccc2cc(F)ccc2n1)c1ccccc1 1 COc1ccc([C@H](C)NC(=O)[C@@H]2C[C@@H](O)CN2C(=O)CNC(=O)c2ccc3cc(F)ccc3n2)c(Cl)c1 O=C(NCC(=O)N1CCC[C@H]1C(=O)NCc1ccccc1)c1ccc2ccccc2n1 0.4695327 0.4695 0.7364865 0.7365 0.7779275 -9.9500 1.0000000 1.0000 []
 | 2.2776 4.8186 81.6214 0.6753121 CC(NC(=O)[C@@H]1C[C@@H](O)CN1C(=O)CNC(=O)c1ccc2cc(F)ccc2n1)c1ccc(Cl)cc1 1 COc1ccc([C@H](C)NC(=O)[C@@H]2C[C@@H](O)CN2C(=O)CNC(=O)c2ccc3cc(F)ccc3n2)c(Cl)c1 O=C(NCC(=O)N1CCC[C@H]1C(=O)NCc1ccccc1)c1ccc2ccccc2n1 0.4834885 0.4835 0.8014184 0.8014 0.7326326 -9.4700 1.0000000 1.0000 []
 | 2.3474 4.1297 72.0438 0.5951057 COc1ccc(CNC(=O)[C@@H]2C[C@@H](O)CN2C(=O)CNC(=O)c2ccc3cc(F)ccc3n2)cc1 1 COc1ccc([C@H](C)NC(=O)[C@@H]2C[C@@H](O)CN2C(=O)CNC(=O)c2ccc3cc(F)ccc3n2)c(Cl)c1 O=C(NCC(=O)N1CCC[C@H]1C(=O)NCc1ccccc1)c1ccc2ccccc2n1 0.4701237 0.4701 0.7832168 0.7832 0.5836347 -8.1600 1.0000000 1.0000 []
 | 2.3086 4.2698 80.8253 0.6648056 C[C@@H](NC(=O)[C@@H]1C[C@@H](O)CN1C(=O)CNC(=O)c1ccc2cc(F)ccc2n1)c1ccc(Cl)cc1 1 COc1ccc([C@H](C)NC(=O)[C@@H]2C[C@@H](O)CN2C(=O)CNC(=O)c2ccc3cc(F)ccc3n2)c(Cl)c1 O=C(NCC(=O)N1CCC[C@H]1C(=O)NCc1ccccc1)c1ccc2ccccc2n1 0.4834885 0.4835 0.8014184 0.8014 0.7100135 -9.2500 1.0000000 1.0000 []
 | 2.1838 4.3193 79.5056 0.6548825 O=C(NCC(=O)N1C[C@H](O)C[C@H]1C(=O)NCc1ccc(Cl)c(Cl)c1)c1ccc2cc(F)ccc2n1 1 COc1ccc([C@H](C)NC(=O)[C@@H]2C[C@@H](O)CN2C(=O)CNC(=O)c2ccc3cc(F)ccc3n2)c(Cl)c1 O=C(NCC(=O)N1CCC[C@H]1C(=O)NCc1ccccc1)c1ccc2ccccc2n1 0.4640416 0.4640 0.7114094 0.7114 0.7464290 -9.6100 1.0000000 1.0000 []
 | 2.2486 3.8934 81.6967 0.6686721 O=C(NCC(=O)N1C[C@H](O)C[C@H]1C(=O)NCc1ccc(Cl)cc1)c1ccc2cc(F)ccc2n1 1 COc1ccc([C@H](C)NC(=O)[C@@H]2C[C@@H](O)CN2C(=O)CNC(=O)c2ccc3cc(F)ccc3n2)c(Cl)c1 O=C(NCC(=O)N1CCC[C@H]1C(=O)NCc1ccccc1)c1ccc2ccccc2n1 0.4955094 0.4955 0.7260274 0.7260 0.7454593 -9.6000 1.0000000 1.0000 []
 | 2.4427 3.2004 77.2229 0.6283072 O=C(NCC(=O)N1C[C@H](O)C[C@H]1C(=O)NCc1cccc(Cl)c1)c1ccc2cc(F)ccc2n1 1 COc1ccc([C@H](C)NC(=O)[C@@H]2C[C@@H](O)CN2C(=O)CNC(=O)c2ccc3cc(F)ccc3n2)c(Cl)c1 O=C(NCC(=O)N1CCC[C@H]1C(=O)NCc1ccccc1)c1ccc2ccccc2n1 0.4955094 0.4955 0.7210884 0.7211 0.6604256 -8.8000 1.0000000 1.0000 []
 | 2.3919 4.2413 70.9730 0.5876117 O=C(NCC(=O)N1C[C@H](O)C[C@H]1C(=O)N[C@@H](CO)c1cccc(Cl)c1)c1ccc2cc(F)ccc2n1 1 COc1ccc([C@H](C)NC(=O)[C@@H]2C[C@@H](O)CN2C(=O)CNC(=O)c2ccc3cc(F)ccc3n2)c(Cl)c1 O=C(NCC(=O)N1CCC[C@H]1C(=O)NCc1ccccc1)c1ccc2ccccc2n1 0.3782864 0.3783 0.7432432 0.7432 0.6511860 -8.7200 1.0000000 1.0000 []
 | 2.3842 4.6734 74.2686 0.6167343 O=C(NCC(=O)N1C[C@H](O)C[C@H]1C(=O)N[C@H](CO)c1cccc(Cl)c1)c1ccc2cc(F)ccc2n1 1 COc1ccc([C@H](C)NC(=O)[C@@H]2C[C@@H](O)CN2C(=O)CNC(=O)c2ccc3cc(F)ccc3n2)c(Cl)c1 O=C(NCC(=O)N1CCC[C@H]1C(=O)NCc1ccccc1)c1ccc2ccccc2n1 0.3782864 0.3783 0.7432432 0.7432 0.7173324 -9.3200 1.0000000 1.0000 []
00:28:08 <INFO> Score: 0.64 Agent NLL: 2.31 Valid: 100% Step: 39
 | Agent Prior Target Score SMILES SMILES_state Input_SMILES Scaffold QED QED (raw) TanimotoDistance TanimotoDistance (raw) maize maize (raw) Unwanted SMARTS Unwanted SMARTS (raw) matchting_patterns (Unwanted SMARTS)
 | 2.2293 8.7137 77.1655 0.6709312 CC(C)C(NC(=O)[C@@H]1C[C@@H](O)CN1C(=O)CNC(=O)c1ccc2cc(F)ccc2n1)c1ccc(Cl)cc1 1 COc1ccc([C@H](C)NC(=O)[C@@H]2C[C@@H](O)CN2C(=O)CNC(=O)c2ccc3cc(F)ccc3n2)c(Cl)c1 O=C(NCC(=O)N1CCC[C@H]1C(=O)NCc1ccccc1)c1ccc2ccccc2n1 0.4374885 0.4375 0.7619048 0.7619 0.7796905 -9.9700 1.0000000 1.0000 []
 | 2.2351 4.0491 82.5249 0.6763589 CC(C)C(NC(=O)[C@@H]1C[C@@H](O)CN1C(=O)CNC(=O)c1ccc2cc(F)ccc2n1)c1ccccc1 1 COc1ccc([C@H](C)NC(=O)[C@@H]2C[C@@H](O)CN2C(=O)CNC(=O)c2ccc3cc(F)ccc3n2)c(Cl)c1 O=C(NCC(=O)N1CCC[C@H]1C(=O)NCc1ccccc1)c1ccc2ccccc2n1 0.4695327 0.4695 0.7364865 0.7365 0.7779275 -9.9500 1.0000000 1.0000 []
 | 2.3028 4.8186 81.6214 0.6753121 CC(NC(=O)[C@@H]1C[C@@H](O)CN1C(=O)CNC(=O)c1ccc2cc(F)ccc2n1)c1ccc(Cl)cc1 1 COc1ccc([C@H](C)NC(=O)[C@@H]2C[C@@H](O)CN2C(=O)CNC(=O)c2ccc3cc(F)ccc3n2)c(Cl)c1 O=C(NCC(=O)N1CCC[C@H]1C(=O)NCc1ccccc1)c1ccc2ccccc2n1 0.4834885 0.4835 0.8014184 0.8014 0.7326326 -9.4700 1.0000000 1.0000 []
 | 2.3936 4.1297 72.0438 0.5951057 COc1ccc(CNC(=O)[C@@H]2C[C@@H](O)CN2C(=O)CNC(=O)c2ccc3cc(F)ccc3n2)cc1 1 COc1ccc([C@H](C)NC(=O)[C@@H]2C[C@@H](O)CN2C(=O)CNC(=O)c2ccc3cc(F)ccc3n2)c(Cl)c1 O=C(NCC(=O)N1CCC[C@H]1C(=O)NCc1ccccc1)c1ccc2ccccc2n1 0.4701237 0.4701 0.7832168 0.7832 0.5836347 -8.1600 1.0000000 1.0000 []
 | 2.2767 4.2698 80.8253 0.6648056 C[C@@H](NC(=O)[C@@H]1C[C@@H](O)CN1C(=O)CNC(=O)c1ccc2cc(F)ccc2n1)c1ccc(Cl)cc1 1 COc1ccc([C@H](C)NC(=O)[C@@H]2C[C@@H](O)CN2C(=O)CNC(=O)c2ccc3cc(F)ccc3n2)c(Cl)c1 O=C(NCC(=O)N1CCC[C@H]1C(=O)NCc1ccccc1)c1ccc2ccccc2n1 0.4834885 0.4835 0.8014184 0.8014 0.7100135 -9.2500 1.0000000 1.0000 []
 | 2.2747 4.3193 79.5056 0.6548825 O=C(NCC(=O)N1C[C@H](O)C[C@H]1C(=O)NCc1ccc(Cl)c(Cl)c1)c1ccc2cc(F)ccc2n1 1 COc1ccc([C@H](C)NC(=O)[C@@H]2C[C@@H](O)CN2C(=O)CNC(=O)c2ccc3cc(F)ccc3n2)c(Cl)c1 O=C(NCC(=O)N1CCC[C@H]1C(=O)NCc1ccccc1)c1ccc2ccccc2n1 0.4640416 0.4640 0.7114094 0.7114 0.7464290 -9.6100 1.0000000 1.0000 []
 | 2.1485 3.8934 81.6967 0.6686721 O=C(NCC(=O)N1C[C@H](O)C[C@H]1C(=O)NCc1ccc(Cl)cc1)c1ccc2cc(F)ccc2n1 1 COc1ccc([C@H](C)NC(=O)[C@@H]2C[C@@H](O)CN2C(=O)CNC(=O)c2ccc3cc(F)ccc3n2)c(Cl)c1 O=C(NCC(=O)N1CCC[C@H]1C(=O)NCc1ccccc1)c1ccc2ccccc2n1 0.4955094 0.4955 0.7260274 0.7260 0.7454593 -9.6000 1.0000000 1.0000 []
 | 2.4016 3.2004 77.2229 0.6283072 O=C(NCC(=O)N1C[C@H](O)C[C@H]1C(=O)NCc1cccc(Cl)c1)c1ccc2cc(F)ccc2n1 1 COc1ccc([C@H](C)NC(=O)[C@@H]2C[C@@H](O)CN2C(=O)CNC(=O)c2ccc3cc(F)ccc3n2)c(Cl)c1 O=C(NCC(=O)N1CCC[C@H]1C(=O)NCc1ccccc1)c1ccc2ccccc2n1 0.4955094 0.4955 0.7210884 0.7211 0.6604256 -8.8000 1.0000000 1.0000 []
 | 2.4174 4.2413 70.9730 0.5876117 O=C(NCC(=O)N1C[C@H](O)C[C@H]1C(=O)N[C@@H](CO)c1cccc(Cl)c1)c1ccc2cc(F)ccc2n1 1 COc1ccc([C@H](C)NC(=O)[C@@H]2C[C@@H](O)CN2C(=O)CNC(=O)c2ccc3cc(F)ccc3n2)c(Cl)c1 O=C(NCC(=O)N1CCC[C@H]1C(=O)NCc1ccccc1)c1ccc2ccccc2n1 0.3782864 0.3783 0.7432432 0.7432 0.6511860 -8.7200 1.0000000 1.0000 []
 | 2.4138 4.6734 74.2686 0.6167343 O=C(NCC(=O)N1C[C@H](O)C[C@H]1C(=O)N[C@H](CO)c1cccc(Cl)c1)c1ccc2cc(F)ccc2n1 1 COc1ccc([C@H](C)NC(=O)[C@@H]2C[C@@H](O)CN2C(=O)CNC(=O)c2ccc3cc(F)ccc3n2)c(Cl)c1 O=C(NCC(=O)N1CCC[C@H]1C(=O)NCc1ccccc1)c1ccc2ccccc2n1 0.3782864 0.3783 0.7432432 0.7432 0.7173324 -9.3200 1.0000000 1.0000 []
00:28:10 <INFO> Score: 0.64 Agent NLL: 2.31 Valid: 100% Step: 40
 | Agent Prior Target Score SMILES SMILES_state Input_SMILES Scaffold QED QED (raw) TanimotoDistance TanimotoDistance (raw) maize maize (raw) Unwanted SMARTS Unwanted SMARTS (raw) matchting_patterns (Unwanted SMARTS)
 | 2.2763 8.7137 77.1655 0.6709312 CC(C)C(NC(=O)[C@@H]1C[C@@H](O)CN1C(=O)CNC(=O)c1ccc2cc(F)ccc2n1)c1ccc(Cl)cc1 1 COc1ccc([C@H](C)NC(=O)[C@@H]2C[C@@H](O)CN2C(=O)CNC(=O)c2ccc3cc(F)ccc3n2)c(Cl)c1 O=C(NCC(=O)N1CCC[C@H]1C(=O)NCc1ccccc1)c1ccc2ccccc2n1 0.4374885 0.4375 0.7619048 0.7619 0.7796905 -9.9700 1.0000000 1.0000 []
 | 2.2646 4.0491 82.5249 0.6763589 CC(C)C(NC(=O)[C@@H]1C[C@@H](O)CN1C(=O)CNC(=O)c1ccc2cc(F)ccc2n1)c1ccccc1 1 COc1ccc([C@H](C)NC(=O)[C@@H]2C[C@@H](O)CN2C(=O)CNC(=O)c2ccc3cc(F)ccc3n2)c(Cl)c1 O=C(NCC(=O)N1CCC[C@H]1C(=O)NCc1ccccc1)c1ccc2ccccc2n1 0.4695327 0.4695 0.7364865 0.7365 0.7779275 -9.9500 1.0000000 1.0000 []
 | 2.2377 4.8186 81.6214 0.6753121 CC(NC(=O)[C@@H]1C[C@@H](O)CN1C(=O)CNC(=O)c1ccc2cc(F)ccc2n1)c1ccc(Cl)cc1 1 COc1ccc([C@H](C)NC(=O)[C@@H]2C[C@@H](O)CN2C(=O)CNC(=O)c2ccc3cc(F)ccc3n2)c(Cl)c1 O=C(NCC(=O)N1CCC[C@H]1C(=O)NCc1ccccc1)c1ccc2ccccc2n1 0.4834885 0.4835 0.8014184 0.8014 0.7326326 -9.4700 1.0000000 1.0000 []
 | 2.4358 4.1297 72.0438 0.5951057 COc1ccc(CNC(=O)[C@@H]2C[C@@H](O)CN2C(=O)CNC(=O)c2ccc3cc(F)ccc3n2)cc1 1 COc1ccc([C@H](C)NC(=O)[C@@H]2C[C@@H](O)CN2C(=O)CNC(=O)c2ccc3cc(F)ccc3n2)c(Cl)c1 O=C(NCC(=O)N1CCC[C@H]1C(=O)NCc1ccccc1)c1ccc2ccccc2n1 0.4701237 0.4701 0.7832168 0.7832 0.5836347 -8.1600 1.0000000 1.0000 []
 | 2.2454 4.2698 80.8253 0.6648056 C[C@@H](NC(=O)[C@@H]1C[C@@H](O)CN1C(=O)CNC(=O)c1ccc2cc(F)ccc2n1)c1ccc(Cl)cc1 1 COc1ccc([C@H](C)NC(=O)[C@@H]2C[C@@H](O)CN2C(=O)CNC(=O)c2ccc3cc(F)ccc3n2)c(Cl)c1 O=C(NCC(=O)N1CCC[C@H]1C(=O)NCc1ccccc1)c1ccc2ccccc2n1 0.4834885 0.4835 0.8014184 0.8014 0.7100135 -9.2500 1.0000000 1.0000 []
 | 2.2461 4.3193 79.5056 0.6548825 O=C(NCC(=O)N1C[C@H](O)C[C@H]1C(=O)NCc1ccc(Cl)c(Cl)c1)c1ccc2cc(F)ccc2n1 1 COc1ccc([C@H](C)NC(=O)[C@@H]2C[C@@H](O)CN2C(=O)CNC(=O)c2ccc3cc(F)ccc3n2)c(Cl)c1 O=C(NCC(=O)N1CCC[C@H]1C(=O)NCc1ccccc1)c1ccc2ccccc2n1 0.4640416 0.4640 0.7114094 0.7114 0.7464290 -9.6100 1.0000000 1.0000 []
 | 2.2330 3.8934 81.6967 0.6686721 O=C(NCC(=O)N1C[C@H](O)C[C@H]1C(=O)NCc1ccc(Cl)cc1)c1ccc2cc(F)ccc2n1 1 COc1ccc([C@H](C)NC(=O)[C@@H]2C[C@@H](O)CN2C(=O)CNC(=O)c2ccc3cc(F)ccc3n2)c(Cl)c1 O=C(NCC(=O)N1CCC[C@H]1C(=O)NCc1ccccc1)c1ccc2ccccc2n1 0.4955094 0.4955 0.7260274 0.7260 0.7454593 -9.6000 1.0000000 1.0000 []
 | 2.3425 3.2004 77.2229 0.6283072 O=C(NCC(=O)N1C[C@H](O)C[C@H]1C(=O)NCc1cccc(Cl)c1)c1ccc2cc(F)ccc2n1 1 COc1ccc([C@H](C)NC(=O)[C@@H]2C[C@@H](O)CN2C(=O)CNC(=O)c2ccc3cc(F)ccc3n2)c(Cl)c1 O=C(NCC(=O)N1CCC[C@H]1C(=O)NCc1ccccc1)c1ccc2ccccc2n1 0.4955094 0.4955 0.7210884 0.7211 0.6604256 -8.8000 1.0000000 1.0000 []
 | 2.4048 4.2413 70.9730 0.5876117 O=C(NCC(=O)N1C[C@H](O)C[C@H]1C(=O)N[C@@H](CO)c1cccc(Cl)c1)c1ccc2cc(F)ccc2n1 1 COc1ccc([C@H](C)NC(=O)[C@@H]2C[C@@H](O)CN2C(=O)CNC(=O)c2ccc3cc(F)ccc3n2)c(Cl)c1 O=C(NCC(=O)N1CCC[C@H]1C(=O)NCc1ccccc1)c1ccc2ccccc2n1 0.3782864 0.3783 0.7432432 0.7432 0.6511860 -8.7200 1.0000000 1.0000 []
 | 2.3937 4.6734 74.2686 0.6167343 O=C(NCC(=O)N1C[C@H](O)C[C@H]1C(=O)N[C@H](CO)c1cccc(Cl)c1)c1ccc2cc(F)ccc2n1 1 COc1ccc([C@H](C)NC(=O)[C@@H]2C[C@@H](O)CN2C(=O)CNC(=O)c2ccc3cc(F)ccc3n2)c(Cl)c1 O=C(NCC(=O)N1CCC[C@H]1C(=O)NCc1ccccc1)c1ccc2ccccc2n1 0.3782864 0.3783 0.7432432 0.7432 0.7173324 -9.3200 1.0000000 1.0000 []
00:28:11 <INFO> Score: 0.64 Agent NLL: 2.31 Valid: 100% Step: 41
 | Agent Prior Target Score SMILES SMILES_state Input_SMILES Scaffold QED QED (raw) TanimotoDistance TanimotoDistance (raw) maize maize (raw) Unwanted SMARTS Unwanted SMARTS (raw) matchting_patterns (Unwanted SMARTS)
 | 2.3351 8.7137 77.1655 0.6709312 CC(C)C(NC(=O)[C@@H]1C[C@@H](O)CN1C(=O)CNC(=O)c1ccc2cc(F)ccc2n1)c1ccc(Cl)cc1 1 COc1ccc([C@H](C)NC(=O)[C@@H]2C[C@@H](O)CN2C(=O)CNC(=O)c2ccc3cc(F)ccc3n2)c(Cl)c1 O=C(NCC(=O)N1CCC[C@H]1C(=O)NCc1ccccc1)c1ccc2ccccc2n1 0.4374885 0.4375 0.7619048 0.7619 0.7796905 -9.9700 1.0000000 1.0000 []
 | 2.2806 4.0491 82.5249 0.6763589 CC(C)C(NC(=O)[C@@H]1C[C@@H](O)CN1C(=O)CNC(=O)c1ccc2cc(F)ccc2n1)c1ccccc1 1 COc1ccc([C@H](C)NC(=O)[C@@H]2C[C@@H](O)CN2C(=O)CNC(=O)c2ccc3cc(F)ccc3n2)c(Cl)c1 O=C(NCC(=O)N1CCC[C@H]1C(=O)NCc1ccccc1)c1ccc2ccccc2n1 0.4695327 0.4695 0.7364865 0.7365 0.7779275 -9.9500 1.0000000 1.0000 []
 | 2.2030 4.8186 81.6214 0.6753121 CC(NC(=O)[C@@H]1C[C@@H](O)CN1C(=O)CNC(=O)c1ccc2cc(F)ccc2n1)c1ccc(Cl)cc1 1 COc1ccc([C@H](C)NC(=O)[C@@H]2C[C@@H](O)CN2C(=O)CNC(=O)c2ccc3cc(F)ccc3n2)c(Cl)c1 O=C(NCC(=O)N1CCC[C@H]1C(=O)NCc1ccccc1)c1ccc2ccccc2n1 0.4834885 0.4835 0.8014184 0.8014 0.7326326 -9.4700 1.0000000 1.0000 []
 | 2.4697 4.1297 72.0438 0.5951057 COc1ccc(CNC(=O)[C@@H]2C[C@@H](O)CN2C(=O)CNC(=O)c2ccc3cc(F)ccc3n2)cc1 1 COc1ccc([C@H](C)NC(=O)[C@@H]2C[C@@H](O)CN2C(=O)CNC(=O)c2ccc3cc(F)ccc3n2)c(Cl)c1 O=C(NCC(=O)N1CCC[C@H]1C(=O)NCc1ccccc1)c1ccc2ccccc2n1 0.4701237 0.4701 0.7832168 0.7832 0.5836347 -8.1600 1.0000000 1.0000 []
 | 2.2237 4.2698 80.8253 0.6648056 C[C@@H](NC(=O)[C@@H]1C[C@@H](O)CN1C(=O)CNC(=O)c1ccc2cc(F)ccc2n1)c1ccc(Cl)cc1 1 COc1ccc([C@H](C)NC(=O)[C@@H]2C[C@@H](O)CN2C(=O)CNC(=O)c2ccc3cc(F)ccc3n2)c(Cl)c1 O=C(NCC(=O)N1CCC[C@H]1C(=O)NCc1ccccc1)c1ccc2ccccc2n1 0.4834885 0.4835 0.8014184 0.8014 0.7100135 -9.2500 1.0000000 1.0000 []
 | 2.2579 4.3193 79.5056 0.6548825 O=C(NCC(=O)N1C[C@H](O)C[C@H]1C(=O)NCc1ccc(Cl)c(Cl)c1)c1ccc2cc(F)ccc2n1 1 COc1ccc([C@H](C)NC(=O)[C@@H]2C[C@@H](O)CN2C(=O)CNC(=O)c2ccc3cc(F)ccc3n2)c(Cl)c1 O=C(NCC(=O)N1CCC[C@H]1C(=O)NCc1ccccc1)c1ccc2ccccc2n1 0.4640416 0.4640 0.7114094 0.7114 0.7464290 -9.6100 1.0000000 1.0000 []
 | 2.3120 3.8934 81.6967 0.6686721 O=C(NCC(=O)N1C[C@H](O)C[C@H]1C(=O)NCc1ccc(Cl)cc1)c1ccc2cc(F)ccc2n1 1 COc1ccc([C@H](C)NC(=O)[C@@H]2C[C@@H](O)CN2C(=O)CNC(=O)c2ccc3cc(F)ccc3n2)c(Cl)c1 O=C(NCC(=O)N1CCC[C@H]1C(=O)NCc1ccccc1)c1ccc2ccccc2n1 0.4955094 0.4955 0.7260274 0.7260 0.7454593 -9.6000 1.0000000 1.0000 []
 | 2.2834 3.2004 77.2229 0.6283072 O=C(NCC(=O)N1C[C@H](O)C[C@H]1C(=O)NCc1cccc(Cl)c1)c1ccc2cc(F)ccc2n1 1 COc1ccc([C@H](C)NC(=O)[C@@H]2C[C@@H](O)CN2C(=O)CNC(=O)c2ccc3cc(F)ccc3n2)c(Cl)c1 O=C(NCC(=O)N1CCC[C@H]1C(=O)NCc1ccccc1)c1ccc2ccccc2n1 0.4955094 0.4955 0.7210884 0.7211 0.6604256 -8.8000 1.0000000 1.0000 []
 | 2.3711 4.2413 70.9730 0.5876117 O=C(NCC(=O)N1C[C@H](O)C[C@H]1C(=O)N[C@@H](CO)c1cccc(Cl)c1)c1ccc2cc(F)ccc2n1 1 COc1ccc([C@H](C)NC(=O)[C@@H]2C[C@@H](O)CN2C(=O)CNC(=O)c2ccc3cc(F)ccc3n2)c(Cl)c1 O=C(NCC(=O)N1CCC[C@H]1C(=O)NCc1ccccc1)c1ccc2ccccc2n1 0.3782864 0.3783 0.7432432 0.7432 0.6511860 -8.7200 1.0000000 1.0000 []
 | 2.3413 4.6734 74.2686 0.6167343 O=C(NCC(=O)N1C[C@H](O)C[C@H]1C(=O)N[C@H](CO)c1cccc(Cl)c1)c1ccc2cc(F)ccc2n1 1 COc1ccc([C@H](C)NC(=O)[C@@H]2C[C@@H](O)CN2C(=O)CNC(=O)c2ccc3cc(F)ccc3n2)c(Cl)c1 O=C(NCC(=O)N1CCC[C@H]1C(=O)NCc1ccccc1)c1ccc2ccccc2n1 0.3782864 0.3783 0.7432432 0.7432 0.7173324 -9.3200 1.0000000 1.0000 []
00:28:12 <INFO> Score: 0.64 Agent NLL: 2.31 Valid: 100% Step: 42
 | Agent Prior Target Score SMILES SMILES_state Input_SMILES Scaffold QED QED (raw) TanimotoDistance TanimotoDistance (raw) maize maize (raw) Unwanted SMARTS Unwanted SMARTS (raw) matchting_patterns (Unwanted SMARTS)
 | 2.3457 8.7137 77.1655 0.6709312 CC(C)C(NC(=O)[C@@H]1C[C@@H](O)CN1C(=O)CNC(=O)c1ccc2cc(F)ccc2n1)c1ccc(Cl)cc1 1 COc1ccc([C@H](C)NC(=O)[C@@H]2C[C@@H](O)CN2C(=O)CNC(=O)c2ccc3cc(F)ccc3n2)c(Cl)c1 O=C(NCC(=O)N1CCC[C@H]1C(=O)NCc1ccccc1)c1ccc2ccccc2n1 0.4374885 0.4375 0.7619048 0.7619 0.7796905 -9.9700 1.0000000 1.0000 []
 | 2.2429 4.0491 82.5249 0.6763589 CC(C)C(NC(=O)[C@@H]1C[C@@H](O)CN1C(=O)CNC(=O)c1ccc2cc(F)ccc2n1)c1ccccc1 1 COc1ccc([C@H](C)NC(=O)[C@@H]2C[C@@H](O)CN2C(=O)CNC(=O)c2ccc3cc(F)ccc3n2)c(Cl)c1 O=C(NCC(=O)N1CCC[C@H]1C(=O)NCc1ccccc1)c1ccc2ccccc2n1 0.4695327 0.4695 0.7364865 0.7365 0.7779275 -9.9500 1.0000000 1.0000 []
 | 2.2659 4.8186 81.6214 0.6753121 CC(NC(=O)[C@@H]1C[C@@H](O)CN1C(=O)CNC(=O)c1ccc2cc(F)ccc2n1)c1ccc(Cl)cc1 1 COc1ccc([C@H](C)NC(=O)[C@@H]2C[C@@H](O)CN2C(=O)CNC(=O)c2ccc3cc(F)ccc3n2)c(Cl)c1 O=C(NCC(=O)N1CCC[C@H]1C(=O)NCc1ccccc1)c1ccc2ccccc2n1 0.4834885 0.4835 0.8014184 0.8014 0.7326326 -9.4700 1.0000000 1.0000 []
 | 2.4880 4.1297 72.0438 0.5951057 COc1ccc(CNC(=O)[C@@H]2C[C@@H](O)CN2C(=O)CNC(=O)c2ccc3cc(F)ccc3n2)cc1 1 COc1ccc([C@H](C)NC(=O)[C@@H]2C[C@@H](O)CN2C(=O)CNC(=O)c2ccc3cc(F)ccc3n2)c(Cl)c1 O=C(NCC(=O)N1CCC[C@H]1C(=O)NCc1ccccc1)c1ccc2ccccc2n1 0.4701237 0.4701 0.7832168 0.7832 0.5836347 -8.1600 1.0000000 1.0000 []
 | 2.2115 4.2698 80.8253 0.6648056 C[C@@H](NC(=O)[C@@H]1C[C@@H](O)CN1C(=O)CNC(=O)c1ccc2cc(F)ccc2n1)c1ccc(Cl)cc1 1 COc1ccc([C@H](C)NC(=O)[C@@H]2C[C@@H](O)CN2C(=O)CNC(=O)c2ccc3cc(F)ccc3n2)c(Cl)c1 O=C(NCC(=O)N1CCC[C@H]1C(=O)NCc1ccccc1)c1ccc2ccccc2n1 0.4834885 0.4835 0.8014184 0.8014 0.7100135 -9.2500 1.0000000 1.0000 []
 | 2.3731 4.3193 79.5056 0.6548825 O=C(NCC(=O)N1C[C@H](O)C[C@H]1C(=O)NCc1ccc(Cl)c(Cl)c1)c1ccc2cc(F)ccc2n1 1 COc1ccc([C@H](C)NC(=O)[C@@H]2C[C@@H](O)CN2C(=O)CNC(=O)c2ccc3cc(F)ccc3n2)c(Cl)c1 O=C(NCC(=O)N1CCC[C@H]1C(=O)NCc1ccccc1)c1ccc2ccccc2n1 0.4640416 0.4640 0.7114094 0.7114 0.7464290 -9.6100 1.0000000 1.0000 []
 | 2.2609 3.8934 81.6967 0.6686721 O=C(NCC(=O)N1C[C@H](O)C[C@H]1C(=O)NCc1ccc(Cl)cc1)c1ccc2cc(F)ccc2n1 1 COc1ccc([C@H](C)NC(=O)[C@@H]2C[C@@H](O)CN2C(=O)CNC(=O)c2ccc3cc(F)ccc3n2)c(Cl)c1 O=C(NCC(=O)N1CCC[C@H]1C(=O)NCc1ccccc1)c1ccc2ccccc2n1 0.4955094 0.4955 0.7260274 0.7260 0.7454593 -9.6000 1.0000000 1.0000 []
 | 2.2370 3.2004 77.2229 0.6283072 O=C(NCC(=O)N1C[C@H](O)C[C@H]1C(=O)NCc1cccc(Cl)c1)c1ccc2cc(F)ccc2n1 1 COc1ccc([C@H](C)NC(=O)[C@@H]2C[C@@H](O)CN2C(=O)CNC(=O)c2ccc3cc(F)ccc3n2)c(Cl)c1 O=C(NCC(=O)N1CCC[C@H]1C(=O)NCc1ccccc1)c1ccc2ccccc2n1 0.4955094 0.4955 0.7210884 0.7211 0.6604256 -8.8000 1.0000000 1.0000 []
 | 2.3547 4.2413 70.9730 0.5876117 O=C(NCC(=O)N1C[C@H](O)C[C@H]1C(=O)N[C@@H](CO)c1cccc(Cl)c1)c1ccc2cc(F)ccc2n1 1 COc1ccc([C@H](C)NC(=O)[C@@H]2C[C@@H](O)CN2C(=O)CNC(=O)c2ccc3cc(F)ccc3n2)c(Cl)c1 O=C(NCC(=O)N1CCC[C@H]1C(=O)NCc1ccccc1)c1ccc2ccccc2n1 0.3782864 0.3783 0.7432432 0.7432 0.6511860 -8.7200 1.0000000 1.0000 []
 | 2.3010 4.6734 74.2686 0.6167343 O=C(NCC(=O)N1C[C@H](O)C[C@H]1C(=O)N[C@H](CO)c1cccc(Cl)c1)c1ccc2cc(F)ccc2n1 1 COc1ccc([C@H](C)NC(=O)[C@@H]2C[C@@H](O)CN2C(=O)CNC(=O)c2ccc3cc(F)ccc3n2)c(Cl)c1 O=C(NCC(=O)N1CCC[C@H]1C(=O)NCc1ccccc1)c1ccc2ccccc2n1 0.3782864 0.3783 0.7432432 0.7432 0.7173324 -9.3200 1.0000000 1.0000 []
00:28:14 <INFO> Score: 0.64 Agent NLL: 2.31 Valid: 100% Step: 43
 | Agent Prior Target Score SMILES SMILES_state Input_SMILES Scaffold QED QED (raw) TanimotoDistance TanimotoDistance (raw) maize maize (raw) Unwanted SMARTS Unwanted SMARTS (raw) matchting_patterns (Unwanted SMARTS)
 | 2.3312 8.7137 77.1655 0.6709312 CC(C)C(NC(=O)[C@@H]1C[C@@H](O)CN1C(=O)CNC(=O)c1ccc2cc(F)ccc2n1)c1ccc(Cl)cc1 1 COc1ccc([C@H](C)NC(=O)[C@@H]2C[C@@H](O)CN2C(=O)CNC(=O)c2ccc3cc(F)ccc3n2)c(Cl)c1 O=C(NCC(=O)N1CCC[C@H]1C(=O)NCc1ccccc1)c1ccc2ccccc2n1 0.4374885 0.4375 0.7619048 0.7619 0.7796905 -9.9700 1.0000000 1.0000 []
 | 2.2142 4.0491 82.5249 0.6763589 CC(C)C(NC(=O)[C@@H]1C[C@@H](O)CN1C(=O)CNC(=O)c1ccc2cc(F)ccc2n1)c1ccccc1 1 COc1ccc([C@H](C)NC(=O)[C@@H]2C[C@@H](O)CN2C(=O)CNC(=O)c2ccc3cc(F)ccc3n2)c(Cl)c1 O=C(NCC(=O)N1CCC[C@H]1C(=O)NCc1ccccc1)c1ccc2ccccc2n1 0.4695327 0.4695 0.7364865 0.7365 0.7779275 -9.9500 1.0000000 1.0000 []
 | 2.3179 4.8186 81.6214 0.6753121 CC(NC(=O)[C@@H]1C[C@@H](O)CN1C(=O)CNC(=O)c1ccc2cc(F)ccc2n1)c1ccc(Cl)cc1 1 COc1ccc([C@H](C)NC(=O)[C@@H]2C[C@@H](O)CN2C(=O)CNC(=O)c2ccc3cc(F)ccc3n2)c(Cl)c1 O=C(NCC(=O)N1CCC[C@H]1C(=O)NCc1ccccc1)c1ccc2ccccc2n1 0.4834885 0.4835 0.8014184 0.8014 0.7326326 -9.4700 1.0000000 1.0000 []
 | 2.4822 4.1297 72.0438 0.5951057 COc1ccc(CNC(=O)[C@@H]2C[C@@H](O)CN2C(=O)CNC(=O)c2ccc3cc(F)ccc3n2)cc1 1 COc1ccc([C@H](C)NC(=O)[C@@H]2C[C@@H](O)CN2C(=O)CNC(=O)c2ccc3cc(F)ccc3n2)c(Cl)c1 O=C(NCC(=O)N1CCC[C@H]1C(=O)NCc1ccccc1)c1ccc2ccccc2n1 0.4701237 0.4701 0.7832168 0.7832 0.5836347 -8.1600 1.0000000 1.0000 []
 | 2.1999 4.2698 80.8253 0.6648056 C[C@@H](NC(=O)[C@@H]1C[C@@H](O)CN1C(=O)CNC(=O)c1ccc2cc(F)ccc2n1)c1ccc(Cl)cc1 1 COc1ccc([C@H](C)NC(=O)[C@@H]2C[C@@H](O)CN2C(=O)CNC(=O)c2ccc3cc(F)ccc3n2)c(Cl)c1 O=C(NCC(=O)N1CCC[C@H]1C(=O)NCc1ccccc1)c1ccc2ccccc2n1 0.4834885 0.4835 0.8014184 0.8014 0.7100135 -9.2500 1.0000000 1.0000 []
 | 2.3333 4.3193 79.5056 0.6548825 O=C(NCC(=O)N1C[C@H](O)C[C@H]1C(=O)NCc1ccc(Cl)c(Cl)c1)c1ccc2cc(F)ccc2n1 1 COc1ccc([C@H](C)NC(=O)[C@@H]2C[C@@H](O)CN2C(=O)CNC(=O)c2ccc3cc(F)ccc3n2)c(Cl)c1 O=C(NCC(=O)N1CCC[C@H]1C(=O)NCc1ccccc1)c1ccc2ccccc2n1 0.4640416 0.4640 0.7114094 0.7114 0.7464290 -9.6100 1.0000000 1.0000 []
 | 2.3089 3.8934 81.6967 0.6686721 O=C(NCC(=O)N1C[C@H](O)C[C@H]1C(=O)NCc1ccc(Cl)cc1)c1ccc2cc(F)ccc2n1 1 COc1ccc([C@H](C)NC(=O)[C@@H]2C[C@@H](O)CN2C(=O)CNC(=O)c2ccc3cc(F)ccc3n2)c(Cl)c1 O=C(NCC(=O)N1CCC[C@H]1C(=O)NCc1ccccc1)c1ccc2ccccc2n1 0.4955094 0.4955 0.7260274 0.7260 0.7454593 -9.6000 1.0000000 1.0000 []
 | 2.2185 3.2004 77.2229 0.6283072 O=C(NCC(=O)N1C[C@H](O)C[C@H]1C(=O)NCc1cccc(Cl)c1)c1ccc2cc(F)ccc2n1 1 COc1ccc([C@H](C)NC(=O)[C@@H]2C[C@@H](O)CN2C(=O)CNC(=O)c2ccc3cc(F)ccc3n2)c(Cl)c1 O=C(NCC(=O)N1CCC[C@H]1C(=O)NCc1ccccc1)c1ccc2ccccc2n1 0.4955094 0.4955 0.7210884 0.7211 0.6604256 -8.8000 1.0000000 1.0000 []
 | 2.3741 4.2413 70.9730 0.5876117 O=C(NCC(=O)N1C[C@H](O)C[C@H]1C(=O)N[C@@H](CO)c1cccc(Cl)c1)c1ccc2cc(F)ccc2n1 1 COc1ccc([C@H](C)NC(=O)[C@@H]2C[C@@H](O)CN2C(=O)CNC(=O)c2ccc3cc(F)ccc3n2)c(Cl)c1 O=C(NCC(=O)N1CCC[C@H]1C(=O)NCc1ccccc1)c1ccc2ccccc2n1 0.3782864 0.3783 0.7432432 0.7432 0.6511860 -8.7200 1.0000000 1.0000 []
 | 2.3008 4.6734 74.2686 0.6167343 O=C(NCC(=O)N1C[C@H](O)C[C@H]1C(=O)N[C@H](CO)c1cccc(Cl)c1)c1ccc2cc(F)ccc2n1 1 COc1ccc([C@H](C)NC(=O)[C@@H]2C[C@@H](O)CN2C(=O)CNC(=O)c2ccc3cc(F)ccc3n2)c(Cl)c1 O=C(NCC(=O)N1CCC[C@H]1C(=O)NCc1ccccc1)c1ccc2ccccc2n1 0.3782864 0.3783 0.7432432 0.7432 0.7173324 -9.3200 1.0000000 1.0000 []
00:28:15 <INFO> Score: 0.64 Agent NLL: 2.31 Valid: 100% Step: 44
 | Agent Prior Target Score SMILES SMILES_state Input_SMILES Scaffold QED QED (raw) TanimotoDistance TanimotoDistance (raw) maize maize (raw) Unwanted SMARTS Unwanted SMARTS (raw) matchting_patterns (Unwanted SMARTS)
 | 2.3296 8.7137 77.1655 0.6709312 CC(C)C(NC(=O)[C@@H]1C[C@@H](O)CN1C(=O)CNC(=O)c1ccc2cc(F)ccc2n1)c1ccc(Cl)cc1 1 COc1ccc([C@H](C)NC(=O)[C@@H]2C[C@@H](O)CN2C(=O)CNC(=O)c2ccc3cc(F)ccc3n2)c(Cl)c1 O=C(NCC(=O)N1CCC[C@H]1C(=O)NCc1ccccc1)c1ccc2ccccc2n1 0.4374885 0.4375 0.7619048 0.7619 0.7796905 -9.9700 1.0000000 1.0000 []
 | 2.2354 4.0491 82.5249 0.6763589 CC(C)C(NC(=O)[C@@H]1C[C@@H](O)CN1C(=O)CNC(=O)c1ccc2cc(F)ccc2n1)c1ccccc1 1 COc1ccc([C@H](C)NC(=O)[C@@H]2C[C@@H](O)CN2C(=O)CNC(=O)c2ccc3cc(F)ccc3n2)c(Cl)c1 O=C(NCC(=O)N1CCC[C@H]1C(=O)NCc1ccccc1)c1ccc2ccccc2n1 0.4695327 0.4695 0.7364865 0.7365 0.7779275 -9.9500 1.0000000 1.0000 []
 | 2.2737 4.8186 81.6214 0.6753121 CC(NC(=O)[C@@H]1C[C@@H](O)CN1C(=O)CNC(=O)c1ccc2cc(F)ccc2n1)c1ccc(Cl)cc1 1 COc1ccc([C@H](C)NC(=O)[C@@H]2C[C@@H](O)CN2C(=O)CNC(=O)c2ccc3cc(F)ccc3n2)c(Cl)c1 O=C(NCC(=O)N1CCC[C@H]1C(=O)NCc1ccccc1)c1ccc2ccccc2n1 0.4834885 0.4835 0.8014184 0.8014 0.7326326 -9.4700 1.0000000 1.0000 []
 | 2.4534 4.1297 72.0438 0.5951057 COc1ccc(CNC(=O)[C@@H]2C[C@@H](O)CN2C(=O)CNC(=O)c2ccc3cc(F)ccc3n2)cc1 1 COc1ccc([C@H](C)NC(=O)[C@@H]2C[C@@H](O)CN2C(=O)CNC(=O)c2ccc3cc(F)ccc3n2)c(Cl)c1 O=C(NCC(=O)N1CCC[C@H]1C(=O)NCc1ccccc1)c1ccc2ccccc2n1 0.4701237 0.4701 0.7832168 0.7832 0.5836347 -8.1600 1.0000000 1.0000 []
 | 2.1884 4.2698 80.8253 0.6648056 C[C@@H](NC(=O)[C@@H]1C[C@@H](O)CN1C(=O)CNC(=O)c1ccc2cc(F)ccc2n1)c1ccc(Cl)cc1 1 COc1ccc([C@H](C)NC(=O)[C@@H]2C[C@@H](O)CN2C(=O)CNC(=O)c2ccc3cc(F)ccc3n2)c(Cl)c1 O=C(NCC(=O)N1CCC[C@H]1C(=O)NCc1ccccc1)c1ccc2ccccc2n1 0.4834885 0.4835 0.8014184 0.8014 0.7100135 -9.2500 1.0000000 1.0000 []
 | 2.2824 4.3193 79.5056 0.6548825 O=C(NCC(=O)N1C[C@H](O)C[C@H]1C(=O)NCc1ccc(Cl)c(Cl)c1)c1ccc2cc(F)ccc2n1 1 COc1ccc([C@H](C)NC(=O)[C@@H]2C[C@@H](O)CN2C(=O)CNC(=O)c2ccc3cc(F)ccc3n2)c(Cl)c1 O=C(NCC(=O)N1CCC[C@H]1C(=O)NCc1ccccc1)c1ccc2ccccc2n1 0.4640416 0.4640 0.7114094 0.7114 0.7464290 -9.6100 1.0000000 1.0000 []
 | 2.3235 3.8934 81.6967 0.6686721 O=C(NCC(=O)N1C[C@H](O)C[C@H]1C(=O)NCc1ccc(Cl)cc1)c1ccc2cc(F)ccc2n1 1 COc1ccc([C@H](C)NC(=O)[C@@H]2C[C@@H](O)CN2C(=O)CNC(=O)c2ccc3cc(F)ccc3n2)c(Cl)c1 O=C(NCC(=O)N1CCC[C@H]1C(=O)NCc1ccccc1)c1ccc2ccccc2n1 0.4955094 0.4955 0.7260274 0.7260 0.7454593 -9.6000 1.0000000 1.0000 []
 | 2.2407 3.2004 77.2229 0.6283072 O=C(NCC(=O)N1C[C@H](O)C[C@H]1C(=O)NCc1cccc(Cl)c1)c1ccc2cc(F)ccc2n1 1 COc1ccc([C@H](C)NC(=O)[C@@H]2C[C@@H](O)CN2C(=O)CNC(=O)c2ccc3cc(F)ccc3n2)c(Cl)c1 O=C(NCC(=O)N1CCC[C@H]1C(=O)NCc1ccccc1)c1ccc2ccccc2n1 0.4955094 0.4955 0.7210884 0.7211 0.6604256 -8.8000 1.0000000 1.0000 []
 | 2.4163 4.2413 70.9730 0.5876117 O=C(NCC(=O)N1C[C@H](O)C[C@H]1C(=O)N[C@@H](CO)c1cccc(Cl)c1)c1ccc2cc(F)ccc2n1 1 COc1ccc([C@H](C)NC(=O)[C@@H]2C[C@@H](O)CN2C(=O)CNC(=O)c2ccc3cc(F)ccc3n2)c(Cl)c1 O=C(NCC(=O)N1CCC[C@H]1C(=O)NCc1ccccc1)c1ccc2ccccc2n1 0.3782864 0.3783 0.7432432 0.7432 0.6511860 -8.7200 1.0000000 1.0000 []
 | 2.3347 4.6734 74.2686 0.6167343 O=C(NCC(=O)N1C[C@H](O)C[C@H]1C(=O)N[C@H](CO)c1cccc(Cl)c1)c1ccc2cc(F)ccc2n1 1 COc1ccc([C@H](C)NC(=O)[C@@H]2C[C@@H](O)CN2C(=O)CNC(=O)c2ccc3cc(F)ccc3n2)c(Cl)c1 O=C(NCC(=O)N1CCC[C@H]1C(=O)NCc1ccccc1)c1ccc2ccccc2n1 0.3782864 0.3783 0.7432432 0.7432 0.7173324 -9.3200 1.0000000 1.0000 []
00:28:16 <INFO> Score: 0.64 Agent NLL: 2.31 Valid: 100% Step: 45
 | Agent Prior Target Score SMILES SMILES_state Input_SMILES Scaffold QED QED (raw) TanimotoDistance TanimotoDistance (raw) maize maize (raw) Unwanted SMARTS Unwanted SMARTS (raw) matchting_patterns (Unwanted SMARTS)
 | 2.3309 8.7137 77.1655 0.6709312 CC(C)C(NC(=O)[C@@H]1C[C@@H](O)CN1C(=O)CNC(=O)c1ccc2cc(F)ccc2n1)c1ccc(Cl)cc1 1 COc1ccc([C@H](C)NC(=O)[C@@H]2C[C@@H](O)CN2C(=O)CNC(=O)c2ccc3cc(F)ccc3n2)c(Cl)c1 O=C(NCC(=O)N1CCC[C@H]1C(=O)NCc1ccccc1)c1ccc2ccccc2n1 0.4374885 0.4375 0.7619048 0.7619 0.7796905 -9.9700 1.0000000 1.0000 []
 | 2.2729 4.0491 82.5249 0.6763589 CC(C)C(NC(=O)[C@@H]1C[C@@H](O)CN1C(=O)CNC(=O)c1ccc2cc(F)ccc2n1)c1ccccc1 1 COc1ccc([C@H](C)NC(=O)[C@@H]2C[C@@H](O)CN2C(=O)CNC(=O)c2ccc3cc(F)ccc3n2)c(Cl)c1 O=C(NCC(=O)N1CCC[C@H]1C(=O)NCc1ccccc1)c1ccc2ccccc2n1 0.4695327 0.4695 0.7364865 0.7365 0.7779275 -9.9500 1.0000000 1.0000 []
 | 2.2180 4.8186 81.6214 0.6753121 CC(NC(=O)[C@@H]1C[C@@H](O)CN1C(=O)CNC(=O)c1ccc2cc(F)ccc2n1)c1ccc(Cl)cc1 1 COc1ccc([C@H](C)NC(=O)[C@@H]2C[C@@H](O)CN2C(=O)CNC(=O)c2ccc3cc(F)ccc3n2)c(Cl)c1 O=C(NCC(=O)N1CCC[C@H]1C(=O)NCc1ccccc1)c1ccc2ccccc2n1 0.4834885 0.4835 0.8014184 0.8014 0.7326326 -9.4700 1.0000000 1.0000 []
 | 2.4183 4.1297 72.0438 0.5951057 COc1ccc(CNC(=O)[C@@H]2C[C@@H](O)CN2C(=O)CNC(=O)c2ccc3cc(F)ccc3n2)cc1 1 COc1ccc([C@H](C)NC(=O)[C@@H]2C[C@@H](O)CN2C(=O)CNC(=O)c2ccc3cc(F)ccc3n2)c(Cl)c1 O=C(NCC(=O)N1CCC[C@H]1C(=O)NCc1ccccc1)c1ccc2ccccc2n1 0.4701237 0.4701 0.7832168 0.7832 0.5836347 -8.1600 1.0000000 1.0000 []
 | 2.1921 4.2698 80.8253 0.6648056 C[C@@H](NC(=O)[C@@H]1C[C@@H](O)CN1C(=O)CNC(=O)c1ccc2cc(F)ccc2n1)c1ccc(Cl)cc1 1 COc1ccc([C@H](C)NC(=O)[C@@H]2C[C@@H](O)CN2C(=O)CNC(=O)c2ccc3cc(F)ccc3n2)c(Cl)c1 O=C(NCC(=O)N1CCC[C@H]1C(=O)NCc1ccccc1)c1ccc2ccccc2n1 0.4834885 0.4835 0.8014184 0.8014 0.7100135 -9.2500 1.0000000 1.0000 []
 | 2.3219 4.3193 79.5056 0.6548825 O=C(NCC(=O)N1C[C@H](O)C[C@H]1C(=O)NCc1ccc(Cl)c(Cl)c1)c1ccc2cc(F)ccc2n1 1 COc1ccc([C@H](C)NC(=O)[C@@H]2C[C@@H](O)CN2C(=O)CNC(=O)c2ccc3cc(F)ccc3n2)c(Cl)c1 O=C(NCC(=O)N1CCC[C@H]1C(=O)NCc1ccccc1)c1ccc2ccccc2n1 0.4640416 0.4640 0.7114094 0.7114 0.7464290 -9.6100 1.0000000 1.0000 []
 | 2.2250 3.8934 81.6967 0.6686721 O=C(NCC(=O)N1C[C@H](O)C[C@H]1C(=O)NCc1ccc(Cl)cc1)c1ccc2cc(F)ccc2n1 1 COc1ccc([C@H](C)NC(=O)[C@@H]2C[C@@H](O)CN2C(=O)CNC(=O)c2ccc3cc(F)ccc3n2)c(Cl)c1 O=C(NCC(=O)N1CCC[C@H]1C(=O)NCc1ccccc1)c1ccc2ccccc2n1 0.4955094 0.4955 0.7260274 0.7260 0.7454593 -9.6000 1.0000000 1.0000 []
 | 2.2923 3.2004 77.2229 0.6283072 O=C(NCC(=O)N1C[C@H](O)C[C@H]1C(=O)NCc1cccc(Cl)c1)c1ccc2cc(F)ccc2n1 1 COc1ccc([C@H](C)NC(=O)[C@@H]2C[C@@H](O)CN2C(=O)CNC(=O)c2ccc3cc(F)ccc3n2)c(Cl)c1 O=C(NCC(=O)N1CCC[C@H]1C(=O)NCc1ccccc1)c1ccc2ccccc2n1 0.4955094 0.4955 0.7210884 0.7211 0.6604256 -8.8000 1.0000000 1.0000 []
 | 2.4432 4.2413 70.9730 0.5876117 O=C(NCC(=O)N1C[C@H](O)C[C@H]1C(=O)N[C@@H](CO)c1cccc(Cl)c1)c1ccc2cc(F)ccc2n1 1 COc1ccc([C@H](C)NC(=O)[C@@H]2C[C@@H](O)CN2C(=O)CNC(=O)c2ccc3cc(F)ccc3n2)c(Cl)c1 O=C(NCC(=O)N1CCC[C@H]1C(=O)NCc1ccccc1)c1ccc2ccccc2n1 0.3782864 0.3783 0.7432432 0.7432 0.6511860 -8.7200 1.0000000 1.0000 []
 | 2.3650 4.6734 74.2686 0.6167343 O=C(NCC(=O)N1C[C@H](O)C[C@H]1C(=O)N[C@H](CO)c1cccc(Cl)c1)c1ccc2cc(F)ccc2n1 1 COc1ccc([C@H](C)NC(=O)[C@@H]2C[C@@H](O)CN2C(=O)CNC(=O)c2ccc3cc(F)ccc3n2)c(Cl)c1 O=C(NCC(=O)N1CCC[C@H]1C(=O)NCc1ccccc1)c1ccc2ccccc2n1 0.3782864 0.3783 0.7432432 0.7432 0.7173324 -9.3200 1.0000000 1.0000 []
00:28:18 <INFO> Score: 0.64 Agent NLL: 2.31 Valid: 100% Step: 46
 | Agent Prior Target Score SMILES SMILES_state Input_SMILES Scaffold QED QED (raw) TanimotoDistance TanimotoDistance (raw) maize maize (raw) Unwanted SMARTS Unwanted SMARTS (raw) matchting_patterns (Unwanted SMARTS)
 | 2.3046 8.7137 77.1655 0.6709312 CC(C)C(NC(=O)[C@@H]1C[C@@H](O)CN1C(=O)CNC(=O)c1ccc2cc(F)ccc2n1)c1ccc(Cl)cc1 1 COc1ccc([C@H](C)NC(=O)[C@@H]2C[C@@H](O)CN2C(=O)CNC(=O)c2ccc3cc(F)ccc3n2)c(Cl)c1 O=C(NCC(=O)N1CCC[C@H]1C(=O)NCc1ccccc1)c1ccc2ccccc2n1 0.4374885 0.4375 0.7619048 0.7619 0.7796905 -9.9700 1.0000000 1.0000 []
 | 2.2787 4.0491 82.5249 0.6763589 CC(C)C(NC(=O)[C@@H]1C[C@@H](O)CN1C(=O)CNC(=O)c1ccc2cc(F)ccc2n1)c1ccccc1 1 COc1ccc([C@H](C)NC(=O)[C@@H]2C[C@@H](O)CN2C(=O)CNC(=O)c2ccc3cc(F)ccc3n2)c(Cl)c1 O=C(NCC(=O)N1CCC[C@H]1C(=O)NCc1ccccc1)c1ccc2ccccc2n1 0.4695327 0.4695 0.7364865 0.7365 0.7779275 -9.9500 1.0000000 1.0000 []
 | 2.2498 4.8186 81.6214 0.6753121 CC(NC(=O)[C@@H]1C[C@@H](O)CN1C(=O)CNC(=O)c1ccc2cc(F)ccc2n1)c1ccc(Cl)cc1 1 COc1ccc([C@H](C)NC(=O)[C@@H]2C[C@@H](O)CN2C(=O)CNC(=O)c2ccc3cc(F)ccc3n2)c(Cl)c1 O=C(NCC(=O)N1CCC[C@H]1C(=O)NCc1ccccc1)c1ccc2ccccc2n1 0.4834885 0.4835 0.8014184 0.8014 0.7326326 -9.4700 1.0000000 1.0000 []
 | 2.3965 4.1297 72.0438 0.5951057 COc1ccc(CNC(=O)[C@@H]2C[C@@H](O)CN2C(=O)CNC(=O)c2ccc3cc(F)ccc3n2)cc1 1 COc1ccc([C@H](C)NC(=O)[C@@H]2C[C@@H](O)CN2C(=O)CNC(=O)c2ccc3cc(F)ccc3n2)c(Cl)c1 O=C(NCC(=O)N1CCC[C@H]1C(=O)NCc1ccccc1)c1ccc2ccccc2n1 0.4701237 0.4701 0.7832168 0.7832 0.5836347 -8.1600 1.0000000 1.0000 []
 | 2.2228 4.2698 80.8253 0.6648056 C[C@@H](NC(=O)[C@@H]1C[C@@H](O)CN1C(=O)CNC(=O)c1ccc2cc(F)ccc2n1)c1ccc(Cl)cc1 1 COc1ccc([C@H](C)NC(=O)[C@@H]2C[C@@H](O)CN2C(=O)CNC(=O)c2ccc3cc(F)ccc3n2)c(Cl)c1 O=C(NCC(=O)N1CCC[C@H]1C(=O)NCc1ccccc1)c1ccc2ccccc2n1 0.4834885 0.4835 0.8014184 0.8014 0.7100135 -9.2500 1.0000000 1.0000 []
 | 2.2493 4.3193 79.5056 0.6548825 O=C(NCC(=O)N1C[C@H](O)C[C@H]1C(=O)NCc1ccc(Cl)c(Cl)c1)c1ccc2cc(F)ccc2n1 1 COc1ccc([C@H](C)NC(=O)[C@@H]2C[C@@H](O)CN2C(=O)CNC(=O)c2ccc3cc(F)ccc3n2)c(Cl)c1 O=C(NCC(=O)N1CCC[C@H]1C(=O)NCc1ccccc1)c1ccc2ccccc2n1 0.4640416 0.4640 0.7114094 0.7114 0.7464290 -9.6100 1.0000000 1.0000 []
 | 2.2379 3.8934 81.6967 0.6686721 O=C(NCC(=O)N1C[C@H](O)C[C@H]1C(=O)NCc1ccc(Cl)cc1)c1ccc2cc(F)ccc2n1 1 COc1ccc([C@H](C)NC(=O)[C@@H]2C[C@@H](O)CN2C(=O)CNC(=O)c2ccc3cc(F)ccc3n2)c(Cl)c1 O=C(NCC(=O)N1CCC[C@H]1C(=O)NCc1ccccc1)c1ccc2ccccc2n1 0.4955094 0.4955 0.7260274 0.7260 0.7454593 -9.6000 1.0000000 1.0000 []
 | 2.3459 3.2004 77.2229 0.6283072 O=C(NCC(=O)N1C[C@H](O)C[C@H]1C(=O)NCc1cccc(Cl)c1)c1ccc2cc(F)ccc2n1 1 COc1ccc([C@H](C)NC(=O)[C@@H]2C[C@@H](O)CN2C(=O)CNC(=O)c2ccc3cc(F)ccc3n2)c(Cl)c1 O=C(NCC(=O)N1CCC[C@H]1C(=O)NCc1ccccc1)c1ccc2ccccc2n1 0.4955094 0.4955 0.7210884 0.7211 0.6604256 -8.8000 1.0000000 1.0000 []
 | 2.4254 4.2413 70.9730 0.5876117 O=C(NCC(=O)N1C[C@H](O)C[C@H]1C(=O)N[C@@H](CO)c1cccc(Cl)c1)c1ccc2cc(F)ccc2n1 1 COc1ccc([C@H](C)NC(=O)[C@@H]2C[C@@H](O)CN2C(=O)CNC(=O)c2ccc3cc(F)ccc3n2)c(Cl)c1 O=C(NCC(=O)N1CCC[C@H]1C(=O)NCc1ccccc1)c1ccc2ccccc2n1 0.3782864 0.3783 0.7432432 0.7432 0.6511860 -8.7200 1.0000000 1.0000 []
 | 2.3586 4.6734 74.2686 0.6167343 O=C(NCC(=O)N1C[C@H](O)C[C@H]1C(=O)N[C@H](CO)c1cccc(Cl)c1)c1ccc2cc(F)ccc2n1 1 COc1ccc([C@H](C)NC(=O)[C@@H]2C[C@@H](O)CN2C(=O)CNC(=O)c2ccc3cc(F)ccc3n2)c(Cl)c1 O=C(NCC(=O)N1CCC[C@H]1C(=O)NCc1ccccc1)c1ccc2ccccc2n1 0.3782864 0.3783 0.7432432 0.7432 0.7173324 -9.3200 1.0000000 1.0000 []
00:28:19 <INFO> Score: 0.64 Agent NLL: 2.31 Valid: 100% Step: 47
 | Agent Prior Target Score SMILES SMILES_state Input_SMILES Scaffold QED QED (raw) TanimotoDistance TanimotoDistance (raw) maize maize (raw) Unwanted SMARTS Unwanted SMARTS (raw) matchting_patterns (Unwanted SMARTS)
 | 2.2836 8.7137 77.1655 0.6709312 CC(C)C(NC(=O)[C@@H]1C[C@@H](O)CN1C(=O)CNC(=O)c1ccc2cc(F)ccc2n1)c1ccc(Cl)cc1 1 COc1ccc([C@H](C)NC(=O)[C@@H]2C[C@@H](O)CN2C(=O)CNC(=O)c2ccc3cc(F)ccc3n2)c(Cl)c1 O=C(NCC(=O)N1CCC[C@H]1C(=O)NCc1ccccc1)c1ccc2ccccc2n1 0.4374885 0.4375 0.7619048 0.7619 0.7796905 -9.9700 1.0000000 1.0000 []
 | 2.2625 4.0491 82.5249 0.6763589 CC(C)C(NC(=O)[C@@H]1C[C@@H](O)CN1C(=O)CNC(=O)c1ccc2cc(F)ccc2n1)c1ccccc1 1 COc1ccc([C@H](C)NC(=O)[C@@H]2C[C@@H](O)CN2C(=O)CNC(=O)c2ccc3cc(F)ccc3n2)c(Cl)c1 O=C(NCC(=O)N1CCC[C@H]1C(=O)NCc1ccccc1)c1ccc2ccccc2n1 0.4695327 0.4695 0.7364865 0.7365 0.7779275 -9.9500 1.0000000 1.0000 []
 | 2.3056 4.8186 81.6214 0.6753121 CC(NC(=O)[C@@H]1C[C@@H](O)CN1C(=O)CNC(=O)c1ccc2cc(F)ccc2n1)c1ccc(Cl)cc1 1 COc1ccc([C@H](C)NC(=O)[C@@H]2C[C@@H](O)CN2C(=O)CNC(=O)c2ccc3cc(F)ccc3n2)c(Cl)c1 O=C(NCC(=O)N1CCC[C@H]1C(=O)NCc1ccccc1)c1ccc2ccccc2n1 0.4834885 0.4835 0.8014184 0.8014 0.7326326 -9.4700 1.0000000 1.0000 []
 | 2.3802 4.1297 72.0438 0.5951057 COc1ccc(CNC(=O)[C@@H]2C[C@@H](O)CN2C(=O)CNC(=O)c2ccc3cc(F)ccc3n2)cc1 1 COc1ccc([C@H](C)NC(=O)[C@@H]2C[C@@H](O)CN2C(=O)CNC(=O)c2ccc3cc(F)ccc3n2)c(Cl)c1 O=C(NCC(=O)N1CCC[C@H]1C(=O)NCc1ccccc1)c1ccc2ccccc2n1 0.4701237 0.4701 0.7832168 0.7832 0.5836347 -8.1600 1.0000000 1.0000 []
 | 2.2650 4.2698 80.8253 0.6648056 C[C@@H](NC(=O)[C@@H]1C[C@@H](O)CN1C(=O)CNC(=O)c1ccc2cc(F)ccc2n1)c1ccc(Cl)cc1 1 COc1ccc([C@H](C)NC(=O)[C@@H]2C[C@@H](O)CN2C(=O)CNC(=O)c2ccc3cc(F)ccc3n2)c(Cl)c1 O=C(NCC(=O)N1CCC[C@H]1C(=O)NCc1ccccc1)c1ccc2ccccc2n1 0.4834885 0.4835 0.8014184 0.8014 0.7100135 -9.2500 1.0000000 1.0000 []
 | 2.2188 4.3193 79.5056 0.6548825 O=C(NCC(=O)N1C[C@H](O)C[C@H]1C(=O)NCc1ccc(Cl)c(Cl)c1)c1ccc2cc(F)ccc2n1 1 COc1ccc([C@H](C)NC(=O)[C@@H]2C[C@@H](O)CN2C(=O)CNC(=O)c2ccc3cc(F)ccc3n2)c(Cl)c1 O=C(NCC(=O)N1CCC[C@H]1C(=O)NCc1ccccc1)c1ccc2ccccc2n1 0.4640416 0.4640 0.7114094 0.7114 0.7464290 -9.6100 1.0000000 1.0000 []
 | 2.2440 3.8934 81.6967 0.6686721 O=C(NCC(=O)N1C[C@H](O)C[C@H]1C(=O)NCc1ccc(Cl)cc1)c1ccc2cc(F)ccc2n1 1 COc1ccc([C@H](C)NC(=O)[C@@H]2C[C@@H](O)CN2C(=O)CNC(=O)c2ccc3cc(F)ccc3n2)c(Cl)c1 O=C(NCC(=O)N1CCC[C@H]1C(=O)NCc1ccccc1)c1ccc2ccccc2n1 0.4955094 0.4955 0.7260274 0.7260 0.7454593 -9.6000 1.0000000 1.0000 []
 | 2.3841 3.2004 77.2229 0.6283072 O=C(NCC(=O)N1C[C@H](O)C[C@H]1C(=O)NCc1cccc(Cl)c1)c1ccc2cc(F)ccc2n1 1 COc1ccc([C@H](C)NC(=O)[C@@H]2C[C@@H](O)CN2C(=O)CNC(=O)c2ccc3cc(F)ccc3n2)c(Cl)c1 O=C(NCC(=O)N1CCC[C@H]1C(=O)NCc1ccccc1)c1ccc2ccccc2n1 0.4955094 0.4955 0.7210884 0.7211 0.6604256 -8.8000 1.0000000 1.0000 []
 | 2.3845 4.2413 70.9730 0.5876117 O=C(NCC(=O)N1C[C@H](O)C[C@H]1C(=O)N[C@@H](CO)c1cccc(Cl)c1)c1ccc2cc(F)ccc2n1 1 COc1ccc([C@H](C)NC(=O)[C@@H]2C[C@@H](O)CN2C(=O)CNC(=O)c2ccc3cc(F)ccc3n2)c(Cl)c1 O=C(NCC(=O)N1CCC[C@H]1C(=O)NCc1ccccc1)c1ccc2ccccc2n1 0.3782864 0.3783 0.7432432 0.7432 0.6511860 -8.7200 1.0000000 1.0000 []
 | 2.3351 4.6734 74.2686 0.6167343 O=C(NCC(=O)N1C[C@H](O)C[C@H]1C(=O)N[C@H](CO)c1cccc(Cl)c1)c1ccc2cc(F)ccc2n1 1 COc1ccc([C@H](C)NC(=O)[C@@H]2C[C@@H](O)CN2C(=O)CNC(=O)c2ccc3cc(F)ccc3n2)c(Cl)c1 O=C(NCC(=O)N1CCC[C@H]1C(=O)NCc1ccccc1)c1ccc2ccccc2n1 0.3782864 0.3783 0.7432432 0.7432 0.7173324 -9.3200 1.0000000 1.0000 []
00:28:21 <INFO> Score: 0.64 Agent NLL: 2.31 Valid: 100% Step: 48
 | Agent Prior Target Score SMILES SMILES_state Input_SMILES Scaffold QED QED (raw) TanimotoDistance TanimotoDistance (raw) maize maize (raw) Unwanted SMARTS Unwanted SMARTS (raw) matchting_patterns (Unwanted SMARTS)
 | 2.2987 8.7137 77.1655 0.6709312 CC(C)C(NC(=O)[C@@H]1C[C@@H](O)CN1C(=O)CNC(=O)c1ccc2cc(F)ccc2n1)c1ccc(Cl)cc1 1 COc1ccc([C@H](C)NC(=O)[C@@H]2C[C@@H](O)CN2C(=O)CNC(=O)c2ccc3cc(F)ccc3n2)c(Cl)c1 O=C(NCC(=O)N1CCC[C@H]1C(=O)NCc1ccccc1)c1ccc2ccccc2n1 0.4374885 0.4375 0.7619048 0.7619 0.7796905 -9.9700 1.0000000 1.0000 []
 | 2.2545 4.0491 82.5249 0.6763589 CC(C)C(NC(=O)[C@@H]1C[C@@H](O)CN1C(=O)CNC(=O)c1ccc2cc(F)ccc2n1)c1ccccc1 1 COc1ccc([C@H](C)NC(=O)[C@@H]2C[C@@H](O)CN2C(=O)CNC(=O)c2ccc3cc(F)ccc3n2)c(Cl)c1 O=C(NCC(=O)N1CCC[C@H]1C(=O)NCc1ccccc1)c1ccc2ccccc2n1 0.4695327 0.4695 0.7364865 0.7365 0.7779275 -9.9500 1.0000000 1.0000 []
 | 2.2874 4.8186 81.6214 0.6753121 CC(NC(=O)[C@@H]1C[C@@H](O)CN1C(=O)CNC(=O)c1ccc2cc(F)ccc2n1)c1ccc(Cl)cc1 1 COc1ccc([C@H](C)NC(=O)[C@@H]2C[C@@H](O)CN2C(=O)CNC(=O)c2ccc3cc(F)ccc3n2)c(Cl)c1 O=C(NCC(=O)N1CCC[C@H]1C(=O)NCc1ccccc1)c1ccc2ccccc2n1 0.4834885 0.4835 0.8014184 0.8014 0.7326326 -9.4700 1.0000000 1.0000 []
 | 2.3585 4.1297 72.0438 0.5951057 COc1ccc(CNC(=O)[C@@H]2C[C@@H](O)CN2C(=O)CNC(=O)c2ccc3cc(F)ccc3n2)cc1 1 COc1ccc([C@H](C)NC(=O)[C@@H]2C[C@@H](O)CN2C(=O)CNC(=O)c2ccc3cc(F)ccc3n2)c(Cl)c1 O=C(NCC(=O)N1CCC[C@H]1C(=O)NCc1ccccc1)c1ccc2ccccc2n1 0.4701237 0.4701 0.7832168 0.7832 0.5836347 -8.1600 1.0000000 1.0000 []
 | 2.2944 4.2698 80.8253 0.6648056 C[C@@H](NC(=O)[C@@H]1C[C@@H](O)CN1C(=O)CNC(=O)c1ccc2cc(F)ccc2n1)c1ccc(Cl)cc1 1 COc1ccc([C@H](C)NC(=O)[C@@H]2C[C@@H](O)CN2C(=O)CNC(=O)c2ccc3cc(F)ccc3n2)c(Cl)c1 O=C(NCC(=O)N1CCC[C@H]1C(=O)NCc1ccccc1)c1ccc2ccccc2n1 0.4834885 0.4835 0.8014184 0.8014 0.7100135 -9.2500 1.0000000 1.0000 []
 | 2.2895 4.3193 79.5056 0.6548825 O=C(NCC(=O)N1C[C@H](O)C[C@H]1C(=O)NCc1ccc(Cl)c(Cl)c1)c1ccc2cc(F)ccc2n1 1 COc1ccc([C@H](C)NC(=O)[C@@H]2C[C@@H](O)CN2C(=O)CNC(=O)c2ccc3cc(F)ccc3n2)c(Cl)c1 O=C(NCC(=O)N1CCC[C@H]1C(=O)NCc1ccccc1)c1ccc2ccccc2n1 0.4640416 0.4640 0.7114094 0.7114 0.7464290 -9.6100 1.0000000 1.0000 []
 | 2.1930 3.8934 81.6967 0.6686721 O=C(NCC(=O)N1C[C@H](O)C[C@H]1C(=O)NCc1ccc(Cl)cc1)c1ccc2cc(F)ccc2n1 1 COc1ccc([C@H](C)NC(=O)[C@@H]2C[C@@H](O)CN2C(=O)CNC(=O)c2ccc3cc(F)ccc3n2)c(Cl)c1 O=C(NCC(=O)N1CCC[C@H]1C(=O)NCc1ccccc1)c1ccc2ccccc2n1 0.4955094 0.4955 0.7260274 0.7260 0.7454593 -9.6000 1.0000000 1.0000 []
 | 2.3937 3.2004 77.2229 0.6283072 O=C(NCC(=O)N1C[C@H](O)C[C@H]1C(=O)NCc1cccc(Cl)c1)c1ccc2cc(F)ccc2n1 1 COc1ccc([C@H](C)NC(=O)[C@@H]2C[C@@H](O)CN2C(=O)CNC(=O)c2ccc3cc(F)ccc3n2)c(Cl)c1 O=C(NCC(=O)N1CCC[C@H]1C(=O)NCc1ccccc1)c1ccc2ccccc2n1 0.4955094 0.4955 0.7210884 0.7211 0.6604256 -8.8000 1.0000000 1.0000 []
 | 2.3601 4.2413 70.9730 0.5876117 O=C(NCC(=O)N1C[C@H](O)C[C@H]1C(=O)N[C@@H](CO)c1cccc(Cl)c1)c1ccc2cc(F)ccc2n1 1 COc1ccc([C@H](C)NC(=O)[C@@H]2C[C@@H](O)CN2C(=O)CNC(=O)c2ccc3cc(F)ccc3n2)c(Cl)c1 O=C(NCC(=O)N1CCC[C@H]1C(=O)NCc1ccccc1)c1ccc2ccccc2n1 0.3782864 0.3783 0.7432432 0.7432 0.6511860 -8.7200 1.0000000 1.0000 []
 | 2.3310 4.6734 74.2686 0.6167343 O=C(NCC(=O)N1C[C@H](O)C[C@H]1C(=O)N[C@H](CO)c1cccc(Cl)c1)c1ccc2cc(F)ccc2n1 1 COc1ccc([C@H](C)NC(=O)[C@@H]2C[C@@H](O)CN2C(=O)CNC(=O)c2ccc3cc(F)ccc3n2)c(Cl)c1 O=C(NCC(=O)N1CCC[C@H]1C(=O)NCc1ccccc1)c1ccc2ccccc2n1 0.3782864 0.3783 0.7432432 0.7432 0.7173324 -9.3200 1.0000000 1.0000 []
00:28:22 <INFO> Score: 0.64 Agent NLL: 2.31 Valid: 100% Step: 49
 | Agent Prior Target Score SMILES SMILES_state Input_SMILES Scaffold QED QED (raw) TanimotoDistance TanimotoDistance (raw) maize maize (raw) Unwanted SMARTS Unwanted SMARTS (raw) matchting_patterns (Unwanted SMARTS)
 | 2.3274 8.7137 77.1655 0.6709312 CC(C)C(NC(=O)[C@@H]1C[C@@H](O)CN1C(=O)CNC(=O)c1ccc2cc(F)ccc2n1)c1ccc(Cl)cc1 1 COc1ccc([C@H](C)NC(=O)[C@@H]2C[C@@H](O)CN2C(=O)CNC(=O)c2ccc3cc(F)ccc3n2)c(Cl)c1 O=C(NCC(=O)N1CCC[C@H]1C(=O)NCc1ccccc1)c1ccc2ccccc2n1 0.4374885 0.4375 0.7619048 0.7619 0.7796905 -9.9700 1.0000000 1.0000 []
 | 2.2535 4.0491 82.5249 0.6763589 CC(C)C(NC(=O)[C@@H]1C[C@@H](O)CN1C(=O)CNC(=O)c1ccc2cc(F)ccc2n1)c1ccccc1 1 COc1ccc([C@H](C)NC(=O)[C@@H]2C[C@@H](O)CN2C(=O)CNC(=O)c2ccc3cc(F)ccc3n2)c(Cl)c1 O=C(NCC(=O)N1CCC[C@H]1C(=O)NCc1ccccc1)c1ccc2ccccc2n1 0.4695327 0.4695 0.7364865 0.7365 0.7779275 -9.9500 1.0000000 1.0000 []
 | 2.2284 4.8186 81.6214 0.6753121 CC(NC(=O)[C@@H]1C[C@@H](O)CN1C(=O)CNC(=O)c1ccc2cc(F)ccc2n1)c1ccc(Cl)cc1 1 COc1ccc([C@H](C)NC(=O)[C@@H]2C[C@@H](O)CN2C(=O)CNC(=O)c2ccc3cc(F)ccc3n2)c(Cl)c1 O=C(NCC(=O)N1CCC[C@H]1C(=O)NCc1ccccc1)c1ccc2ccccc2n1 0.4834885 0.4835 0.8014184 0.8014 0.7326326 -9.4700 1.0000000 1.0000 []
 | 2.3362 4.1297 72.0438 0.5951057 COc1ccc(CNC(=O)[C@@H]2C[C@@H](O)CN2C(=O)CNC(=O)c2ccc3cc(F)ccc3n2)cc1 1 COc1ccc([C@H](C)NC(=O)[C@@H]2C[C@@H](O)CN2C(=O)CNC(=O)c2ccc3cc(F)ccc3n2)c(Cl)c1 O=C(NCC(=O)N1CCC[C@H]1C(=O)NCc1ccccc1)c1ccc2ccccc2n1 0.4701237 0.4701 0.7832168 0.7832 0.5836347 -8.1600 1.0000000 1.0000 []
 | 2.3088 4.2698 80.8253 0.6648056 C[C@@H](NC(=O)[C@@H]1C[C@@H](O)CN1C(=O)CNC(=O)c1ccc2cc(F)ccc2n1)c1ccc(Cl)cc1 1 COc1ccc([C@H](C)NC(=O)[C@@H]2C[C@@H](O)CN2C(=O)CNC(=O)c2ccc3cc(F)ccc3n2)c(Cl)c1 O=C(NCC(=O)N1CCC[C@H]1C(=O)NCc1ccccc1)c1ccc2ccccc2n1 0.4834885 0.4835 0.8014184 0.8014 0.7100135 -9.2500 1.0000000 1.0000 []
 | 2.2572 4.3193 79.5056 0.6548825 O=C(NCC(=O)N1C[C@H](O)C[C@H]1C(=O)NCc1ccc(Cl)c(Cl)c1)c1ccc2cc(F)ccc2n1 1 COc1ccc([C@H](C)NC(=O)[C@@H]2C[C@@H](O)CN2C(=O)CNC(=O)c2ccc3cc(F)ccc3n2)c(Cl)c1 O=C(NCC(=O)N1CCC[C@H]1C(=O)NCc1ccccc1)c1ccc2ccccc2n1 0.4640416 0.4640 0.7114094 0.7114 0.7464290 -9.6100 1.0000000 1.0000 []
 | 2.2617 3.8934 81.6967 0.6686721 O=C(NCC(=O)N1C[C@H](O)C[C@H]1C(=O)NCc1ccc(Cl)cc1)c1ccc2cc(F)ccc2n1 1 COc1ccc([C@H](C)NC(=O)[C@@H]2C[C@@H](O)CN2C(=O)CNC(=O)c2ccc3cc(F)ccc3n2)c(Cl)c1 O=C(NCC(=O)N1CCC[C@H]1C(=O)NCc1ccccc1)c1ccc2ccccc2n1 0.4955094 0.4955 0.7260274 0.7260 0.7454593 -9.6000 1.0000000 1.0000 []
 | 2.3653 3.2004 77.2229 0.6283072 O=C(NCC(=O)N1C[C@H](O)C[C@H]1C(=O)NCc1cccc(Cl)c1)c1ccc2cc(F)ccc2n1 1 COc1ccc([C@H](C)NC(=O)[C@@H]2C[C@@H](O)CN2C(=O)CNC(=O)c2ccc3cc(F)ccc3n2)c(Cl)c1 O=C(NCC(=O)N1CCC[C@H]1C(=O)NCc1ccccc1)c1ccc2ccccc2n1 0.4955094 0.4955 0.7210884 0.7211 0.6604256 -8.8000 1.0000000 1.0000 []
 | 2.3659 4.2413 70.9730 0.5876117 O=C(NCC(=O)N1C[C@H](O)C[C@H]1C(=O)N[C@@H](CO)c1cccc(Cl)c1)c1ccc2cc(F)ccc2n1 1 COc1ccc([C@H](C)NC(=O)[C@@H]2C[C@@H](O)CN2C(=O)CNC(=O)c2ccc3cc(F)ccc3n2)c(Cl)c1 O=C(NCC(=O)N1CCC[C@H]1C(=O)NCc1ccccc1)c1ccc2ccccc2n1 0.3782864 0.3783 0.7432432 0.7432 0.6511860 -8.7200 1.0000000 1.0000 []
 | 2.3525 4.6734 74.2686 0.6167343 O=C(NCC(=O)N1C[C@H](O)C[C@H]1C(=O)N[C@H](CO)c1cccc(Cl)c1)c1ccc2cc(F)ccc2n1 1 COc1ccc([C@H](C)NC(=O)[C@@H]2C[C@@H](O)CN2C(=O)CNC(=O)c2ccc3cc(F)ccc3n2)c(Cl)c1 O=C(NCC(=O)N1CCC[C@H]1C(=O)NCc1ccccc1)c1ccc2ccccc2n1 0.3782864 0.3783 0.7432432 0.7432 0.7173324 -9.3200 1.0000000 1.0000 []
00:28:23 <INFO> Score: 0.64 Agent NLL: 2.31 Valid: 100% Step: 50
 | Agent Prior Target Score SMILES SMILES_state Input_SMILES Scaffold QED QED (raw) TanimotoDistance TanimotoDistance (raw) maize maize (raw) Unwanted SMARTS Unwanted SMARTS (raw) matchting_patterns (Unwanted SMARTS)
 | 2.3337 8.7137 77.1655 0.6709312 CC(C)C(NC(=O)[C@@H]1C[C@@H](O)CN1C(=O)CNC(=O)c1ccc2cc(F)ccc2n1)c1ccc(Cl)cc1 1 COc1ccc([C@H](C)NC(=O)[C@@H]2C[C@@H](O)CN2C(=O)CNC(=O)c2ccc3cc(F)ccc3n2)c(Cl)c1 O=C(NCC(=O)N1CCC[C@H]1C(=O)NCc1ccccc1)c1ccc2ccccc2n1 0.4374885 0.4375 0.7619048 0.7619 0.7796905 -9.9700 1.0000000 1.0000 []
 | 2.2303 4.0491 82.5249 0.6763589 CC(C)C(NC(=O)[C@@H]1C[C@@H](O)CN1C(=O)CNC(=O)c1ccc2cc(F)ccc2n1)c1ccccc1 1 COc1ccc([C@H](C)NC(=O)[C@@H]2C[C@@H](O)CN2C(=O)CNC(=O)c2ccc3cc(F)ccc3n2)c(Cl)c1 O=C(NCC(=O)N1CCC[C@H]1C(=O)NCc1ccccc1)c1ccc2ccccc2n1 0.4695327 0.4695 0.7364865 0.7365 0.7779275 -9.9500 1.0000000 1.0000 []
 | 2.2223 4.8186 81.6214 0.6753121 CC(NC(=O)[C@@H]1C[C@@H](O)CN1C(=O)CNC(=O)c1ccc2cc(F)ccc2n1)c1ccc(Cl)cc1 1 COc1ccc([C@H](C)NC(=O)[C@@H]2C[C@@H](O)CN2C(=O)CNC(=O)c2ccc3cc(F)ccc3n2)c(Cl)c1 O=C(NCC(=O)N1CCC[C@H]1C(=O)NCc1ccccc1)c1ccc2ccccc2n1 0.4834885 0.4835 0.8014184 0.8014 0.7326326 -9.4700 1.0000000 1.0000 []
 | 2.3251 4.1297 72.0438 0.5951057 COc1ccc(CNC(=O)[C@@H]2C[C@@H](O)CN2C(=O)CNC(=O)c2ccc3cc(F)ccc3n2)cc1 1 COc1ccc([C@H](C)NC(=O)[C@@H]2C[C@@H](O)CN2C(=O)CNC(=O)c2ccc3cc(F)ccc3n2)c(Cl)c1 O=C(NCC(=O)N1CCC[C@H]1C(=O)NCc1ccccc1)c1ccc2ccccc2n1 0.4701237 0.4701 0.7832168 0.7832 0.5836347 -8.1600 1.0000000 1.0000 []
 | 2.3184 4.2698 80.8253 0.6648056 C[C@@H](NC(=O)[C@@H]1C[C@@H](O)CN1C(=O)CNC(=O)c1ccc2cc(F)ccc2n1)c1ccc(Cl)cc1 1 COc1ccc([C@H](C)NC(=O)[C@@H]2C[C@@H](O)CN2C(=O)CNC(=O)c2ccc3cc(F)ccc3n2)c(Cl)c1 O=C(NCC(=O)N1CCC[C@H]1C(=O)NCc1ccccc1)c1ccc2ccccc2n1 0.4834885 0.4835 0.8014184 0.8014 0.7100135 -9.2500 1.0000000 1.0000 []
 | 2.2708 4.3193 79.5056 0.6548825 O=C(NCC(=O)N1C[C@H](O)C[C@H]1C(=O)NCc1ccc(Cl)c(Cl)c1)c1ccc2cc(F)ccc2n1 1 COc1ccc([C@H](C)NC(=O)[C@@H]2C[C@@H](O)CN2C(=O)CNC(=O)c2ccc3cc(F)ccc3n2)c(Cl)c1 O=C(NCC(=O)N1CCC[C@H]1C(=O)NCc1ccccc1)c1ccc2ccccc2n1 0.4640416 0.4640 0.7114094 0.7114 0.7464290 -9.6100 1.0000000 1.0000 []
 | 2.2776 3.8934 81.6967 0.6686721 O=C(NCC(=O)N1C[C@H](O)C[C@H]1C(=O)NCc1ccc(Cl)cc1)c1ccc2cc(F)ccc2n1 1 COc1ccc([C@H](C)NC(=O)[C@@H]2C[C@@H](O)CN2C(=O)CNC(=O)c2ccc3cc(F)ccc3n2)c(Cl)c1 O=C(NCC(=O)N1CCC[C@H]1C(=O)NCc1ccccc1)c1ccc2ccccc2n1 0.4955094 0.4955 0.7260274 0.7260 0.7454593 -9.6000 1.0000000 1.0000 []
 | 2.3112 3.2004 77.2229 0.6283072 O=C(NCC(=O)N1C[C@H](O)C[C@H]1C(=O)NCc1cccc(Cl)c1)c1ccc2cc(F)ccc2n1 1 COc1ccc([C@H](C)NC(=O)[C@@H]2C[C@@H](O)CN2C(=O)CNC(=O)c2ccc3cc(F)ccc3n2)c(Cl)c1 O=C(NCC(=O)N1CCC[C@H]1C(=O)NCc1ccccc1)c1ccc2ccccc2n1 0.4955094 0.4955 0.7210884 0.7211 0.6604256 -8.8000 1.0000000 1.0000 []
 | 2.3893 4.2413 70.9730 0.5876117 O=C(NCC(=O)N1C[C@H](O)C[C@H]1C(=O)N[C@@H](CO)c1cccc(Cl)c1)c1ccc2cc(F)ccc2n1 1 COc1ccc([C@H](C)NC(=O)[C@@H]2C[C@@H](O)CN2C(=O)CNC(=O)c2ccc3cc(F)ccc3n2)c(Cl)c1 O=C(NCC(=O)N1CCC[C@H]1C(=O)NCc1ccccc1)c1ccc2ccccc2n1 0.3782864 0.3783 0.7432432 0.7432 0.6511860 -8.7200 1.0000000 1.0000 []
 | 2.3800 4.6734 74.2686 0.6167343 O=C(NCC(=O)N1C[C@H](O)C[C@H]1C(=O)N[C@H](CO)c1cccc(Cl)c1)c1ccc2cc(F)ccc2n1 1 COc1ccc([C@H](C)NC(=O)[C@@H]2C[C@@H](O)CN2C(=O)CNC(=O)c2ccc3cc(F)ccc3n2)c(Cl)c1 O=C(NCC(=O)N1CCC[C@H]1C(=O)NCc1ccccc1)c1ccc2ccccc2n1 0.3782864 0.3783 0.7432432 0.7432 0.7173324 -9.3200 1.0000000 1.0000 []
00:28:25 <INFO> Score: 0.64 Agent NLL: 2.31 Valid: 100% Step: 51
 | Agent Prior Target Score SMILES SMILES_state Input_SMILES Scaffold QED QED (raw) TanimotoDistance TanimotoDistance (raw) maize maize (raw) Unwanted SMARTS Unwanted SMARTS (raw) matchting_patterns (Unwanted SMARTS)
 | 2.3187 8.7137 77.1655 0.6709312 CC(C)C(NC(=O)[C@@H]1C[C@@H](O)CN1C(=O)CNC(=O)c1ccc2cc(F)ccc2n1)c1ccc(Cl)cc1 1 COc1ccc([C@H](C)NC(=O)[C@@H]2C[C@@H](O)CN2C(=O)CNC(=O)c2ccc3cc(F)ccc3n2)c(Cl)c1 O=C(NCC(=O)N1CCC[C@H]1C(=O)NCc1ccccc1)c1ccc2ccccc2n1 0.4374885 0.4375 0.7619048 0.7619 0.7796905 -9.9700 1.0000000 1.0000 []
 | 2.2041 4.0491 82.5249 0.6763589 CC(C)C(NC(=O)[C@@H]1C[C@@H](O)CN1C(=O)CNC(=O)c1ccc2cc(F)ccc2n1)c1ccccc1 1 COc1ccc([C@H](C)NC(=O)[C@@H]2C[C@@H](O)CN2C(=O)CNC(=O)c2ccc3cc(F)ccc3n2)c(Cl)c1 O=C(NCC(=O)N1CCC[C@H]1C(=O)NCc1ccccc1)c1ccc2ccccc2n1 0.4695327 0.4695 0.7364865 0.7365 0.7779275 -9.9500 1.0000000 1.0000 []
 | 2.2680 4.8186 81.6214 0.6753121 CC(NC(=O)[C@@H]1C[C@@H](O)CN1C(=O)CNC(=O)c1ccc2cc(F)ccc2n1)c1ccc(Cl)cc1 1 COc1ccc([C@H](C)NC(=O)[C@@H]2C[C@@H](O)CN2C(=O)CNC(=O)c2ccc3cc(F)ccc3n2)c(Cl)c1 O=C(NCC(=O)N1CCC[C@H]1C(=O)NCc1ccccc1)c1ccc2ccccc2n1 0.4834885 0.4835 0.8014184 0.8014 0.7326326 -9.4700 1.0000000 1.0000 []
 | 2.3279 4.1297 72.0438 0.5951057 COc1ccc(CNC(=O)[C@@H]2C[C@@H](O)CN2C(=O)CNC(=O)c2ccc3cc(F)ccc3n2)cc1 1 COc1ccc([C@H](C)NC(=O)[C@@H]2C[C@@H](O)CN2C(=O)CNC(=O)c2ccc3cc(F)ccc3n2)c(Cl)c1 O=C(NCC(=O)N1CCC[C@H]1C(=O)NCc1ccccc1)c1ccc2ccccc2n1 0.4701237 0.4701 0.7832168 0.7832 0.5836347 -8.1600 1.0000000 1.0000 []
 | 2.3254 4.2698 80.8253 0.6648056 C[C@@H](NC(=O)[C@@H]1C[C@@H](O)CN1C(=O)CNC(=O)c1ccc2cc(F)ccc2n1)c1ccc(Cl)cc1 1 COc1ccc([C@H](C)NC(=O)[C@@H]2C[C@@H](O)CN2C(=O)CNC(=O)c2ccc3cc(F)ccc3n2)c(Cl)c1 O=C(NCC(=O)N1CCC[C@H]1C(=O)NCc1ccccc1)c1ccc2ccccc2n1 0.4834885 0.4835 0.8014184 0.8014 0.7100135 -9.2500 1.0000000 1.0000 []
 | 2.3271 4.3193 79.5056 0.6548825 O=C(NCC(=O)N1C[C@H](O)C[C@H]1C(=O)NCc1ccc(Cl)c(Cl)c1)c1ccc2cc(F)ccc2n1 1 COc1ccc([C@H](C)NC(=O)[C@@H]2C[C@@H](O)CN2C(=O)CNC(=O)c2ccc3cc(F)ccc3n2)c(Cl)c1 O=C(NCC(=O)N1CCC[C@H]1C(=O)NCc1ccccc1)c1ccc2ccccc2n1 0.4640416 0.4640 0.7114094 0.7114 0.7464290 -9.6100 1.0000000 1.0000 []
 | 2.2413 3.8934 81.6967 0.6686721 O=C(NCC(=O)N1C[C@H](O)C[C@H]1C(=O)NCc1ccc(Cl)cc1)c1ccc2cc(F)ccc2n1 1 COc1ccc([C@H](C)NC(=O)[C@@H]2C[C@@H](O)CN2C(=O)CNC(=O)c2ccc3cc(F)ccc3n2)c(Cl)c1 O=C(NCC(=O)N1CCC[C@H]1C(=O)NCc1ccccc1)c1ccc2ccccc2n1 0.4955094 0.4955 0.7260274 0.7260 0.7454593 -9.6000 1.0000000 1.0000 []
 | 2.2627 3.2004 77.2229 0.6283072 O=C(NCC(=O)N1C[C@H](O)C[C@H]1C(=O)NCc1cccc(Cl)c1)c1ccc2cc(F)ccc2n1 1 COc1ccc([C@H](C)NC(=O)[C@@H]2C[C@@H](O)CN2C(=O)CNC(=O)c2ccc3cc(F)ccc3n2)c(Cl)c1 O=C(NCC(=O)N1CCC[C@H]1C(=O)NCc1ccccc1)c1ccc2ccccc2n1 0.4955094 0.4955 0.7210884 0.7211 0.6604256 -8.8000 1.0000000 1.0000 []
 | 2.4020 4.2413 70.9730 0.5876117 O=C(NCC(=O)N1C[C@H](O)C[C@H]1C(=O)N[C@@H](CO)c1cccc(Cl)c1)c1ccc2cc(F)ccc2n1 1 COc1ccc([C@H](C)NC(=O)[C@@H]2C[C@@H](O)CN2C(=O)CNC(=O)c2ccc3cc(F)ccc3n2)c(Cl)c1 O=C(NCC(=O)N1CCC[C@H]1C(=O)NCc1ccccc1)c1ccc2ccccc2n1 0.3782864 0.3783 0.7432432 0.7432 0.6511860 -8.7200 1.0000000 1.0000 []
 | 2.3841 4.6734 74.2686 0.6167343 O=C(NCC(=O)N1C[C@H](O)C[C@H]1C(=O)N[C@H](CO)c1cccc(Cl)c1)c1ccc2cc(F)ccc2n1 1 COc1ccc([C@H](C)NC(=O)[C@@H]2C[C@@H](O)CN2C(=O)CNC(=O)c2ccc3cc(F)ccc3n2)c(Cl)c1 O=C(NCC(=O)N1CCC[C@H]1C(=O)NCc1ccccc1)c1ccc2ccccc2n1 0.3782864 0.3783 0.7432432 0.7432 0.7173324 -9.3200 1.0000000 1.0000 []
00:28:26 <INFO> Score: 0.64 Agent NLL: 2.31 Valid: 100% Step: 52
 | Agent Prior Target Score SMILES SMILES_state Input_SMILES Scaffold QED QED (raw) TanimotoDistance TanimotoDistance (raw) maize maize (raw) Unwanted SMARTS Unwanted SMARTS (raw) matchting_patterns (Unwanted SMARTS)
 | 2.3110 8.7137 77.1655 0.6709312 CC(C)C(NC(=O)[C@@H]1C[C@@H](O)CN1C(=O)CNC(=O)c1ccc2cc(F)ccc2n1)c1ccc(Cl)cc1 1 COc1ccc([C@H](C)NC(=O)[C@@H]2C[C@@H](O)CN2C(=O)CNC(=O)c2ccc3cc(F)ccc3n2)c(Cl)c1 O=C(NCC(=O)N1CCC[C@H]1C(=O)NCc1ccccc1)c1ccc2ccccc2n1 0.4374885 0.4375 0.7619048 0.7619 0.7796905 -9.9700 1.0000000 1.0000 []
 | 2.2208 4.0491 82.5249 0.6763589 CC(C)C(NC(=O)[C@@H]1C[C@@H](O)CN1C(=O)CNC(=O)c1ccc2cc(F)ccc2n1)c1ccccc1 1 COc1ccc([C@H](C)NC(=O)[C@@H]2C[C@@H](O)CN2C(=O)CNC(=O)c2ccc3cc(F)ccc3n2)c(Cl)c1 O=C(NCC(=O)N1CCC[C@H]1C(=O)NCc1ccccc1)c1ccc2ccccc2n1 0.4695327 0.4695 0.7364865 0.7365 0.7779275 -9.9500 1.0000000 1.0000 []
 | 2.2803 4.8186 81.6214 0.6753121 CC(NC(=O)[C@@H]1C[C@@H](O)CN1C(=O)CNC(=O)c1ccc2cc(F)ccc2n1)c1ccc(Cl)cc1 1 COc1ccc([C@H](C)NC(=O)[C@@H]2C[C@@H](O)CN2C(=O)CNC(=O)c2ccc3cc(F)ccc3n2)c(Cl)c1 O=C(NCC(=O)N1CCC[C@H]1C(=O)NCc1ccccc1)c1ccc2ccccc2n1 0.4834885 0.4835 0.8014184 0.8014 0.7326326 -9.4700 1.0000000 1.0000 []
 | 2.3374 4.1297 72.0438 0.5951057 COc1ccc(CNC(=O)[C@@H]2C[C@@H](O)CN2C(=O)CNC(=O)c2ccc3cc(F)ccc3n2)cc1 1 COc1ccc([C@H](C)NC(=O)[C@@H]2C[C@@H](O)CN2C(=O)CNC(=O)c2ccc3cc(F)ccc3n2)c(Cl)c1 O=C(NCC(=O)N1CCC[C@H]1C(=O)NCc1ccccc1)c1ccc2ccccc2n1 0.4701237 0.4701 0.7832168 0.7832 0.5836347 -8.1600 1.0000000 1.0000 []
 | 2.3223 4.2698 80.8253 0.6648056 C[C@@H](NC(=O)[C@@H]1C[C@@H](O)CN1C(=O)CNC(=O)c1ccc2cc(F)ccc2n1)c1ccc(Cl)cc1 1 COc1ccc([C@H](C)NC(=O)[C@@H]2C[C@@H](O)CN2C(=O)CNC(=O)c2ccc3cc(F)ccc3n2)c(Cl)c1 O=C(NCC(=O)N1CCC[C@H]1C(=O)NCc1ccccc1)c1ccc2ccccc2n1 0.4834885 0.4835 0.8014184 0.8014 0.7100135 -9.2500 1.0000000 1.0000 []
 | 2.2845 4.3193 79.5056 0.6548825 O=C(NCC(=O)N1C[C@H](O)C[C@H]1C(=O)NCc1ccc(Cl)c(Cl)c1)c1ccc2cc(F)ccc2n1 1 COc1ccc([C@H](C)NC(=O)[C@@H]2C[C@@H](O)CN2C(=O)CNC(=O)c2ccc3cc(F)ccc3n2)c(Cl)c1 O=C(NCC(=O)N1CCC[C@H]1C(=O)NCc1ccccc1)c1ccc2ccccc2n1 0.4640416 0.4640 0.7114094 0.7114 0.7464290 -9.6100 1.0000000 1.0000 []
 | 2.3019 3.8934 81.6967 0.6686721 O=C(NCC(=O)N1C[C@H](O)C[C@H]1C(=O)NCc1ccc(Cl)cc1)c1ccc2cc(F)ccc2n1 1 COc1ccc([C@H](C)NC(=O)[C@@H]2C[C@@H](O)CN2C(=O)CNC(=O)c2ccc3cc(F)ccc3n2)c(Cl)c1 O=C(NCC(=O)N1CCC[C@H]1C(=O)NCc1ccccc1)c1ccc2ccccc2n1 0.4955094 0.4955 0.7260274 0.7260 0.7454593 -9.6000 1.0000000 1.0000 []
 | 2.2474 3.2004 77.2229 0.6283072 O=C(NCC(=O)N1C[C@H](O)C[C@H]1C(=O)NCc1cccc(Cl)c1)c1ccc2cc(F)ccc2n1 1 COc1ccc([C@H](C)NC(=O)[C@@H]2C[C@@H](O)CN2C(=O)CNC(=O)c2ccc3cc(F)ccc3n2)c(Cl)c1 O=C(NCC(=O)N1CCC[C@H]1C(=O)NCc1ccccc1)c1ccc2ccccc2n1 0.4955094 0.4955 0.7210884 0.7211 0.6604256 -8.8000 1.0000000 1.0000 []
 | 2.3916 4.2413 70.9730 0.5876117 O=C(NCC(=O)N1C[C@H](O)C[C@H]1C(=O)N[C@@H](CO)c1cccc(Cl)c1)c1ccc2cc(F)ccc2n1 1 COc1ccc([C@H](C)NC(=O)[C@@H]2C[C@@H](O)CN2C(=O)CNC(=O)c2ccc3cc(F)ccc3n2)c(Cl)c1 O=C(NCC(=O)N1CCC[C@H]1C(=O)NCc1ccccc1)c1ccc2ccccc2n1 0.3782864 0.3783 0.7432432 0.7432 0.6511860 -8.7200 1.0000000 1.0000 []
 | 2.3575 4.6734 74.2686 0.6167343 O=C(NCC(=O)N1C[C@H](O)C[C@H]1C(=O)N[C@H](CO)c1cccc(Cl)c1)c1ccc2cc(F)ccc2n1 1 COc1ccc([C@H](C)NC(=O)[C@@H]2C[C@@H](O)CN2C(=O)CNC(=O)c2ccc3cc(F)ccc3n2)c(Cl)c1 O=C(NCC(=O)N1CCC[C@H]1C(=O)NCc1ccccc1)c1ccc2ccccc2n1 0.3782864 0.3783 0.7432432 0.7432 0.7173324 -9.3200 1.0000000 1.0000 []
00:28:27 <INFO> Score: 0.64 Agent NLL: 2.31 Valid: 100% Step: 53
 | Agent Prior Target Score SMILES SMILES_state Input_SMILES Scaffold QED QED (raw) TanimotoDistance TanimotoDistance (raw) maize maize (raw) Unwanted SMARTS Unwanted SMARTS (raw) matchting_patterns (Unwanted SMARTS)
 | 2.3186 8.7137 77.1655 0.6709312 CC(C)C(NC(=O)[C@@H]1C[C@@H](O)CN1C(=O)CNC(=O)c1ccc2cc(F)ccc2n1)c1ccc(Cl)cc1 1 COc1ccc([C@H](C)NC(=O)[C@@H]2C[C@@H](O)CN2C(=O)CNC(=O)c2ccc3cc(F)ccc3n2)c(Cl)c1 O=C(NCC(=O)N1CCC[C@H]1C(=O)NCc1ccccc1)c1ccc2ccccc2n1 0.4374885 0.4375 0.7619048 0.7619 0.7796905 -9.9700 1.0000000 1.0000 []
 | 2.2683 4.0491 82.5249 0.6763589 CC(C)C(NC(=O)[C@@H]1C[C@@H](O)CN1C(=O)CNC(=O)c1ccc2cc(F)ccc2n1)c1ccccc1 1 COc1ccc([C@H](C)NC(=O)[C@@H]2C[C@@H](O)CN2C(=O)CNC(=O)c2ccc3cc(F)ccc3n2)c(Cl)c1 O=C(NCC(=O)N1CCC[C@H]1C(=O)NCc1ccccc1)c1ccc2ccccc2n1 0.4695327 0.4695 0.7364865 0.7365 0.7779275 -9.9500 1.0000000 1.0000 []
 | 2.2412 4.8186 81.6214 0.6753121 CC(NC(=O)[C@@H]1C[C@@H](O)CN1C(=O)CNC(=O)c1ccc2cc(F)ccc2n1)c1ccc(Cl)cc1 1 COc1ccc([C@H](C)NC(=O)[C@@H]2C[C@@H](O)CN2C(=O)CNC(=O)c2ccc3cc(F)ccc3n2)c(Cl)c1 O=C(NCC(=O)N1CCC[C@H]1C(=O)NCc1ccccc1)c1ccc2ccccc2n1 0.4834885 0.4835 0.8014184 0.8014 0.7326326 -9.4700 1.0000000 1.0000 []
 | 2.3454 4.1297 72.0438 0.5951057 COc1ccc(CNC(=O)[C@@H]2C[C@@H](O)CN2C(=O)CNC(=O)c2ccc3cc(F)ccc3n2)cc1 1 COc1ccc([C@H](C)NC(=O)[C@@H]2C[C@@H](O)CN2C(=O)CNC(=O)c2ccc3cc(F)ccc3n2)c(Cl)c1 O=C(NCC(=O)N1CCC[C@H]1C(=O)NCc1ccccc1)c1ccc2ccccc2n1 0.4701237 0.4701 0.7832168 0.7832 0.5836347 -8.1600 1.0000000 1.0000 []
 | 2.3040 4.2698 80.8253 0.6648056 C[C@@H](NC(=O)[C@@H]1C[C@@H](O)CN1C(=O)CNC(=O)c1ccc2cc(F)ccc2n1)c1ccc(Cl)cc1 1 COc1ccc([C@H](C)NC(=O)[C@@H]2C[C@@H](O)CN2C(=O)CNC(=O)c2ccc3cc(F)ccc3n2)c(Cl)c1 O=C(NCC(=O)N1CCC[C@H]1C(=O)NCc1ccccc1)c1ccc2ccccc2n1 0.4834885 0.4835 0.8014184 0.8014 0.7100135 -9.2500 1.0000000 1.0000 []
 | 2.3114 4.3193 79.5056 0.6548825 O=C(NCC(=O)N1C[C@H](O)C[C@H]1C(=O)NCc1ccc(Cl)c(Cl)c1)c1ccc2cc(F)ccc2n1 1 COc1ccc([C@H](C)NC(=O)[C@@H]2C[C@@H](O)CN2C(=O)CNC(=O)c2ccc3cc(F)ccc3n2)c(Cl)c1 O=C(NCC(=O)N1CCC[C@H]1C(=O)NCc1ccccc1)c1ccc2ccccc2n1 0.4640416 0.4640 0.7114094 0.7114 0.7464290 -9.6100 1.0000000 1.0000 []
 | 2.2852 3.8934 81.6967 0.6686721 O=C(NCC(=O)N1C[C@H](O)C[C@H]1C(=O)NCc1ccc(Cl)cc1)c1ccc2cc(F)ccc2n1 1 COc1ccc([C@H](C)NC(=O)[C@@H]2C[C@@H](O)CN2C(=O)CNC(=O)c2ccc3cc(F)ccc3n2)c(Cl)c1 O=C(NCC(=O)N1CCC[C@H]1C(=O)NCc1ccccc1)c1ccc2ccccc2n1 0.4955094 0.4955 0.7260274 0.7260 0.7454593 -9.6000 1.0000000 1.0000 []
 | 2.2684 3.2004 77.2229 0.6283072 O=C(NCC(=O)N1C[C@H](O)C[C@H]1C(=O)NCc1cccc(Cl)c1)c1ccc2cc(F)ccc2n1 1 COc1ccc([C@H](C)NC(=O)[C@@H]2C[C@@H](O)CN2C(=O)CNC(=O)c2ccc3cc(F)ccc3n2)c(Cl)c1 O=C(NCC(=O)N1CCC[C@H]1C(=O)NCc1ccccc1)c1ccc2ccccc2n1 0.4955094 0.4955 0.7210884 0.7211 0.6604256 -8.8000 1.0000000 1.0000 []
 | 2.3790 4.2413 70.9730 0.5876117 O=C(NCC(=O)N1C[C@H](O)C[C@H]1C(=O)N[C@@H](CO)c1cccc(Cl)c1)c1ccc2cc(F)ccc2n1 1 COc1ccc([C@H](C)NC(=O)[C@@H]2C[C@@H](O)CN2C(=O)CNC(=O)c2ccc3cc(F)ccc3n2)c(Cl)c1 O=C(NCC(=O)N1CCC[C@H]1C(=O)NCc1ccccc1)c1ccc2ccccc2n1 0.3782864 0.3783 0.7432432 0.7432 0.6511860 -8.7200 1.0000000 1.0000 []
 | 2.3287 4.6734 74.2686 0.6167343 O=C(NCC(=O)N1C[C@H](O)C[C@H]1C(=O)N[C@H](CO)c1cccc(Cl)c1)c1ccc2cc(F)ccc2n1 1 COc1ccc([C@H](C)NC(=O)[C@@H]2C[C@@H](O)CN2C(=O)CNC(=O)c2ccc3cc(F)ccc3n2)c(Cl)c1 O=C(NCC(=O)N1CCC[C@H]1C(=O)NCc1ccccc1)c1ccc2ccccc2n1 0.3782864 0.3783 0.7432432 0.7432 0.7173324 -9.3200 1.0000000 1.0000 []
00:28:29 <INFO> Score: 0.64 Agent NLL: 2.31 Valid: 100% Step: 54
 | Agent Prior Target Score SMILES SMILES_state Input_SMILES Scaffold QED QED (raw) TanimotoDistance TanimotoDistance (raw) maize maize (raw) Unwanted SMARTS Unwanted SMARTS (raw) matchting_patterns (Unwanted SMARTS)
 | 2.3064 8.7137 77.1655 0.6709312 CC(C)C(NC(=O)[C@@H]1C[C@@H](O)CN1C(=O)CNC(=O)c1ccc2cc(F)ccc2n1)c1ccc(Cl)cc1 1 COc1ccc([C@H](C)NC(=O)[C@@H]2C[C@@H](O)CN2C(=O)CNC(=O)c2ccc3cc(F)ccc3n2)c(Cl)c1 O=C(NCC(=O)N1CCC[C@H]1C(=O)NCc1ccccc1)c1ccc2ccccc2n1 0.4374885 0.4375 0.7619048 0.7619 0.7796905 -9.9700 1.0000000 1.0000 []
 | 2.2882 4.0491 82.5249 0.6763589 CC(C)C(NC(=O)[C@@H]1C[C@@H](O)CN1C(=O)CNC(=O)c1ccc2cc(F)ccc2n1)c1ccccc1 1 COc1ccc([C@H](C)NC(=O)[C@@H]2C[C@@H](O)CN2C(=O)CNC(=O)c2ccc3cc(F)ccc3n2)c(Cl)c1 O=C(NCC(=O)N1CCC[C@H]1C(=O)NCc1ccccc1)c1ccc2ccccc2n1 0.4695327 0.4695 0.7364865 0.7365 0.7779275 -9.9500 1.0000000 1.0000 []
 | 2.2409 4.8186 81.6214 0.6753121 CC(NC(=O)[C@@H]1C[C@@H](O)CN1C(=O)CNC(=O)c1ccc2cc(F)ccc2n1)c1ccc(Cl)cc1 1 COc1ccc([C@H](C)NC(=O)[C@@H]2C[C@@H](O)CN2C(=O)CNC(=O)c2ccc3cc(F)ccc3n2)c(Cl)c1 O=C(NCC(=O)N1CCC[C@H]1C(=O)NCc1ccccc1)c1ccc2ccccc2n1 0.4834885 0.4835 0.8014184 0.8014 0.7326326 -9.4700 1.0000000 1.0000 []
 | 2.3558 4.1297 72.0438 0.5951057 COc1ccc(CNC(=O)[C@@H]2C[C@@H](O)CN2C(=O)CNC(=O)c2ccc3cc(F)ccc3n2)cc1 1 COc1ccc([C@H](C)NC(=O)[C@@H]2C[C@@H](O)CN2C(=O)CNC(=O)c2ccc3cc(F)ccc3n2)c(Cl)c1 O=C(NCC(=O)N1CCC[C@H]1C(=O)NCc1ccccc1)c1ccc2ccccc2n1 0.4701237 0.4701 0.7832168 0.7832 0.5836347 -8.1600 1.0000000 1.0000 []
 | 2.2807 4.2698 80.8253 0.6648056 C[C@@H](NC(=O)[C@@H]1C[C@@H](O)CN1C(=O)CNC(=O)c1ccc2cc(F)ccc2n1)c1ccc(Cl)cc1 1 COc1ccc([C@H](C)NC(=O)[C@@H]2C[C@@H](O)CN2C(=O)CNC(=O)c2ccc3cc(F)ccc3n2)c(Cl)c1 O=C(NCC(=O)N1CCC[C@H]1C(=O)NCc1ccccc1)c1ccc2ccccc2n1 0.4834885 0.4835 0.8014184 0.8014 0.7100135 -9.2500 1.0000000 1.0000 []
 | 2.3232 4.3193 79.5056 0.6548825 O=C(NCC(=O)N1C[C@H](O)C[C@H]1C(=O)NCc1ccc(Cl)c(Cl)c1)c1ccc2cc(F)ccc2n1 1 COc1ccc([C@H](C)NC(=O)[C@@H]2C[C@@H](O)CN2C(=O)CNC(=O)c2ccc3cc(F)ccc3n2)c(Cl)c1 O=C(NCC(=O)N1CCC[C@H]1C(=O)NCc1ccccc1)c1ccc2ccccc2n1 0.4640416 0.4640 0.7114094 0.7114 0.7464290 -9.6100 1.0000000 1.0000 []
 | 2.2534 3.8934 81.6967 0.6686721 O=C(NCC(=O)N1C[C@H](O)C[C@H]1C(=O)NCc1ccc(Cl)cc1)c1ccc2cc(F)ccc2n1 1 COc1ccc([C@H](C)NC(=O)[C@@H]2C[C@@H](O)CN2C(=O)CNC(=O)c2ccc3cc(F)ccc3n2)c(Cl)c1 O=C(NCC(=O)N1CCC[C@H]1C(=O)NCc1ccccc1)c1ccc2ccccc2n1 0.4955094 0.4955 0.7260274 0.7260 0.7454593 -9.6000 1.0000000 1.0000 []
 | 2.2999 3.2004 77.2229 0.6283072 O=C(NCC(=O)N1C[C@H](O)C[C@H]1C(=O)NCc1cccc(Cl)c1)c1ccc2cc(F)ccc2n1 1 COc1ccc([C@H](C)NC(=O)[C@@H]2C[C@@H](O)CN2C(=O)CNC(=O)c2ccc3cc(F)ccc3n2)c(Cl)c1 O=C(NCC(=O)N1CCC[C@H]1C(=O)NCc1ccccc1)c1ccc2ccccc2n1 0.4955094 0.4955 0.7210884 0.7211 0.6604256 -8.8000 1.0000000 1.0000 []
 | 2.3819 4.2413 70.9730 0.5876117 O=C(NCC(=O)N1C[C@H](O)C[C@H]1C(=O)N[C@@H](CO)c1cccc(Cl)c1)c1ccc2cc(F)ccc2n1 1 COc1ccc([C@H](C)NC(=O)[C@@H]2C[C@@H](O)CN2C(=O)CNC(=O)c2ccc3cc(F)ccc3n2)c(Cl)c1 O=C(NCC(=O)N1CCC[C@H]1C(=O)NCc1ccccc1)c1ccc2ccccc2n1 0.3782864 0.3783 0.7432432 0.7432 0.6511860 -8.7200 1.0000000 1.0000 []
 | 2.3201 4.6734 74.2686 0.6167343 O=C(NCC(=O)N1C[C@H](O)C[C@H]1C(=O)N[C@H](CO)c1cccc(Cl)c1)c1ccc2cc(F)ccc2n1 1 COc1ccc([C@H](C)NC(=O)[C@@H]2C[C@@H](O)CN2C(=O)CNC(=O)c2ccc3cc(F)ccc3n2)c(Cl)c1 O=C(NCC(=O)N1CCC[C@H]1C(=O)NCc1ccccc1)c1ccc2ccccc2n1 0.3782864 0.3783 0.7432432 0.7432 0.7173324 -9.3200 1.0000000 1.0000 []
00:28:30 <INFO> Score: 0.64 Agent NLL: 2.31 Valid: 100% Step: 55
 | Agent Prior Target Score SMILES SMILES_state Input_SMILES Scaffold QED QED (raw) TanimotoDistance TanimotoDistance (raw) maize maize (raw) Unwanted SMARTS Unwanted SMARTS (raw) matchting_patterns (Unwanted SMARTS)
 | 2.2800 8.7137 77.1655 0.6709312 CC(C)C(NC(=O)[C@@H]1C[C@@H](O)CN1C(=O)CNC(=O)c1ccc2cc(F)ccc2n1)c1ccc(Cl)cc1 1 COc1ccc([C@H](C)NC(=O)[C@@H]2C[C@@H](O)CN2C(=O)CNC(=O)c2ccc3cc(F)ccc3n2)c(Cl)c1 O=C(NCC(=O)N1CCC[C@H]1C(=O)NCc1ccccc1)c1ccc2ccccc2n1 0.4374885 0.4375 0.7619048 0.7619 0.7796905 -9.9700 1.0000000 1.0000 []
 | 2.2701 4.0491 82.5249 0.6763589 CC(C)C(NC(=O)[C@@H]1C[C@@H](O)CN1C(=O)CNC(=O)c1ccc2cc(F)ccc2n1)c1ccccc1 1 COc1ccc([C@H](C)NC(=O)[C@@H]2C[C@@H](O)CN2C(=O)CNC(=O)c2ccc3cc(F)ccc3n2)c(Cl)c1 O=C(NCC(=O)N1CCC[C@H]1C(=O)NCc1ccccc1)c1ccc2ccccc2n1 0.4695327 0.4695 0.7364865 0.7365 0.7779275 -9.9500 1.0000000 1.0000 []
 | 2.2845 4.8186 81.6214 0.6753121 CC(NC(=O)[C@@H]1C[C@@H](O)CN1C(=O)CNC(=O)c1ccc2cc(F)ccc2n1)c1ccc(Cl)cc1 1 COc1ccc([C@H](C)NC(=O)[C@@H]2C[C@@H](O)CN2C(=O)CNC(=O)c2ccc3cc(F)ccc3n2)c(Cl)c1 O=C(NCC(=O)N1CCC[C@H]1C(=O)NCc1ccccc1)c1ccc2ccccc2n1 0.4834885 0.4835 0.8014184 0.8014 0.7326326 -9.4700 1.0000000 1.0000 []
 | 2.3724 4.1297 72.0438 0.5951057 COc1ccc(CNC(=O)[C@@H]2C[C@@H](O)CN2C(=O)CNC(=O)c2ccc3cc(F)ccc3n2)cc1 1 COc1ccc([C@H](C)NC(=O)[C@@H]2C[C@@H](O)CN2C(=O)CNC(=O)c2ccc3cc(F)ccc3n2)c(Cl)c1 O=C(NCC(=O)N1CCC[C@H]1C(=O)NCc1ccccc1)c1ccc2ccccc2n1 0.4701237 0.4701 0.7832168 0.7832 0.5836347 -8.1600 1.0000000 1.0000 []
 | 2.2601 4.2698 80.8253 0.6648056 C[C@@H](NC(=O)[C@@H]1C[C@@H](O)CN1C(=O)CNC(=O)c1ccc2cc(F)ccc2n1)c1ccc(Cl)cc1 1 COc1ccc([C@H](C)NC(=O)[C@@H]2C[C@@H](O)CN2C(=O)CNC(=O)c2ccc3cc(F)ccc3n2)c(Cl)c1 O=C(NCC(=O)N1CCC[C@H]1C(=O)NCc1ccccc1)c1ccc2ccccc2n1 0.4834885 0.4835 0.8014184 0.8014 0.7100135 -9.2500 1.0000000 1.0000 []
 | 2.2533 4.3193 79.5056 0.6548825 O=C(NCC(=O)N1C[C@H](O)C[C@H]1C(=O)NCc1ccc(Cl)c(Cl)c1)c1ccc2cc(F)ccc2n1 1 COc1ccc([C@H](C)NC(=O)[C@@H]2C[C@@H](O)CN2C(=O)CNC(=O)c2ccc3cc(F)ccc3n2)c(Cl)c1 O=C(NCC(=O)N1CCC[C@H]1C(=O)NCc1ccccc1)c1ccc2ccccc2n1 0.4640416 0.4640 0.7114094 0.7114 0.7464290 -9.6100 1.0000000 1.0000 []
 | 2.2766 3.8934 81.6967 0.6686721 O=C(NCC(=O)N1C[C@H](O)C[C@H]1C(=O)NCc1ccc(Cl)cc1)c1ccc2cc(F)ccc2n1 1 COc1ccc([C@H](C)NC(=O)[C@@H]2C[C@@H](O)CN2C(=O)CNC(=O)c2ccc3cc(F)ccc3n2)c(Cl)c1 O=C(NCC(=O)N1CCC[C@H]1C(=O)NCc1ccccc1)c1ccc2ccccc2n1 0.4955094 0.4955 0.7260274 0.7260 0.7454593 -9.6000 1.0000000 1.0000 []
 | 2.3221 3.2004 77.2229 0.6283072 O=C(NCC(=O)N1C[C@H](O)C[C@H]1C(=O)NCc1cccc(Cl)c1)c1ccc2cc(F)ccc2n1 1 COc1ccc([C@H](C)NC(=O)[C@@H]2C[C@@H](O)CN2C(=O)CNC(=O)c2ccc3cc(F)ccc3n2)c(Cl)c1 O=C(NCC(=O)N1CCC[C@H]1C(=O)NCc1ccccc1)c1ccc2ccccc2n1 0.4955094 0.4955 0.7210884 0.7211 0.6604256 -8.8000 1.0000000 1.0000 []
 | 2.3992 4.2413 70.9730 0.5876117 O=C(NCC(=O)N1C[C@H](O)C[C@H]1C(=O)N[C@@H](CO)c1cccc(Cl)c1)c1ccc2cc(F)ccc2n1 1 COc1ccc([C@H](C)NC(=O)[C@@H]2C[C@@H](O)CN2C(=O)CNC(=O)c2ccc3cc(F)ccc3n2)c(Cl)c1 O=C(NCC(=O)N1CCC[C@H]1C(=O)NCc1ccccc1)c1ccc2ccccc2n1 0.3782864 0.3783 0.7432432 0.7432 0.6511860 -8.7200 1.0000000 1.0000 []
 | 2.3343 4.6734 74.2686 0.6167343 O=C(NCC(=O)N1C[C@H](O)C[C@H]1C(=O)N[C@H](CO)c1cccc(Cl)c1)c1ccc2cc(F)ccc2n1 1 COc1ccc([C@H](C)NC(=O)[C@@H]2C[C@@H](O)CN2C(=O)CNC(=O)c2ccc3cc(F)ccc3n2)c(Cl)c1 O=C(NCC(=O)N1CCC[C@H]1C(=O)NCc1ccccc1)c1ccc2ccccc2n1 0.3782864 0.3783 0.7432432 0.7432 0.7173324 -9.3200 1.0000000 1.0000 []
00:28:31 <INFO> Score: 0.64 Agent NLL: 2.31 Valid: 100% Step: 56
 | Agent Prior Target Score SMILES SMILES_state Input_SMILES Scaffold QED QED (raw) TanimotoDistance TanimotoDistance (raw) maize maize (raw) Unwanted SMARTS Unwanted SMARTS (raw) matchting_patterns (Unwanted SMARTS)
 | 2.2883 8.7137 77.1655 0.6709312 CC(C)C(NC(=O)[C@@H]1C[C@@H](O)CN1C(=O)CNC(=O)c1ccc2cc(F)ccc2n1)c1ccc(Cl)cc1 1 COc1ccc([C@H](C)NC(=O)[C@@H]2C[C@@H](O)CN2C(=O)CNC(=O)c2ccc3cc(F)ccc3n2)c(Cl)c1 O=C(NCC(=O)N1CCC[C@H]1C(=O)NCc1ccccc1)c1ccc2ccccc2n1 0.4374885 0.4375 0.7619048 0.7619 0.7796905 -9.9700 1.0000000 1.0000 []
 | 2.2547 4.0491 82.5249 0.6763589 CC(C)C(NC(=O)[C@@H]1C[C@@H](O)CN1C(=O)CNC(=O)c1ccc2cc(F)ccc2n1)c1ccccc1 1 COc1ccc([C@H](C)NC(=O)[C@@H]2C[C@@H](O)CN2C(=O)CNC(=O)c2ccc3cc(F)ccc3n2)c(Cl)c1 O=C(NCC(=O)N1CCC[C@H]1C(=O)NCc1ccccc1)c1ccc2ccccc2n1 0.4695327 0.4695 0.7364865 0.7365 0.7779275 -9.9500 1.0000000 1.0000 []
 | 2.2827 4.8186 81.6214 0.6753121 CC(NC(=O)[C@@H]1C[C@@H](O)CN1C(=O)CNC(=O)c1ccc2cc(F)ccc2n1)c1ccc(Cl)cc1 1 COc1ccc([C@H](C)NC(=O)[C@@H]2C[C@@H](O)CN2C(=O)CNC(=O)c2ccc3cc(F)ccc3n2)c(Cl)c1 O=C(NCC(=O)N1CCC[C@H]1C(=O)NCc1ccccc1)c1ccc2ccccc2n1 0.4834885 0.4835 0.8014184 0.8014 0.7326326 -9.4700 1.0000000 1.0000 []
 | 2.3860 4.1297 72.0438 0.5951057 COc1ccc(CNC(=O)[C@@H]2C[C@@H](O)CN2C(=O)CNC(=O)c2ccc3cc(F)ccc3n2)cc1 1 COc1ccc([C@H](C)NC(=O)[C@@H]2C[C@@H](O)CN2C(=O)CNC(=O)c2ccc3cc(F)ccc3n2)c(Cl)c1 O=C(NCC(=O)N1CCC[C@H]1C(=O)NCc1ccccc1)c1ccc2ccccc2n1 0.4701237 0.4701 0.7832168 0.7832 0.5836347 -8.1600 1.0000000 1.0000 []
 | 2.2409 4.2698 80.8253 0.6648056 C[C@@H](NC(=O)[C@@H]1C[C@@H](O)CN1C(=O)CNC(=O)c1ccc2cc(F)ccc2n1)c1ccc(Cl)cc1 1 COc1ccc([C@H](C)NC(=O)[C@@H]2C[C@@H](O)CN2C(=O)CNC(=O)c2ccc3cc(F)ccc3n2)c(Cl)c1 O=C(NCC(=O)N1CCC[C@H]1C(=O)NCc1ccccc1)c1ccc2ccccc2n1 0.4834885 0.4835 0.8014184 0.8014 0.7100135 -9.2500 1.0000000 1.0000 []
 | 2.2750 4.3193 79.5056 0.6548825 O=C(NCC(=O)N1C[C@H](O)C[C@H]1C(=O)NCc1ccc(Cl)c(Cl)c1)c1ccc2cc(F)ccc2n1 1 COc1ccc([C@H](C)NC(=O)[C@@H]2C[C@@H](O)CN2C(=O)CNC(=O)c2ccc3cc(F)ccc3n2)c(Cl)c1 O=C(NCC(=O)N1CCC[C@H]1C(=O)NCc1ccccc1)c1ccc2ccccc2n1 0.4640416 0.4640 0.7114094 0.7114 0.7464290 -9.6100 1.0000000 1.0000 []
 | 2.2208 3.8934 81.6967 0.6686721 O=C(NCC(=O)N1C[C@H](O)C[C@H]1C(=O)NCc1ccc(Cl)cc1)c1ccc2cc(F)ccc2n1 1 COc1ccc([C@H](C)NC(=O)[C@@H]2C[C@@H](O)CN2C(=O)CNC(=O)c2ccc3cc(F)ccc3n2)c(Cl)c1 O=C(NCC(=O)N1CCC[C@H]1C(=O)NCc1ccccc1)c1ccc2ccccc2n1 0.4955094 0.4955 0.7260274 0.7260 0.7454593 -9.6000 1.0000000 1.0000 []
 | 2.3377 3.2004 77.2229 0.6283072 O=C(NCC(=O)N1C[C@H](O)C[C@H]1C(=O)NCc1cccc(Cl)c1)c1ccc2cc(F)ccc2n1 1 COc1ccc([C@H](C)NC(=O)[C@@H]2C[C@@H](O)CN2C(=O)CNC(=O)c2ccc3cc(F)ccc3n2)c(Cl)c1 O=C(NCC(=O)N1CCC[C@H]1C(=O)NCc1ccccc1)c1ccc2ccccc2n1 0.4955094 0.4955 0.7210884 0.7211 0.6604256 -8.8000 1.0000000 1.0000 []
 | 2.4163 4.2413 70.9730 0.5876117 O=C(NCC(=O)N1C[C@H](O)C[C@H]1C(=O)N[C@@H](CO)c1cccc(Cl)c1)c1ccc2cc(F)ccc2n1 1 COc1ccc([C@H](C)NC(=O)[C@@H]2C[C@@H](O)CN2C(=O)CNC(=O)c2ccc3cc(F)ccc3n2)c(Cl)c1 O=C(NCC(=O)N1CCC[C@H]1C(=O)NCc1ccccc1)c1ccc2ccccc2n1 0.3782864 0.3783 0.7432432 0.7432 0.6511860 -8.7200 1.0000000 1.0000 []
 | 2.3575 4.6734 74.2686 0.6167343 O=C(NCC(=O)N1C[C@H](O)C[C@H]1C(=O)N[C@H](CO)c1cccc(Cl)c1)c1ccc2cc(F)ccc2n1 1 COc1ccc([C@H](C)NC(=O)[C@@H]2C[C@@H](O)CN2C(=O)CNC(=O)c2ccc3cc(F)ccc3n2)c(Cl)c1 O=C(NCC(=O)N1CCC[C@H]1C(=O)NCc1ccccc1)c1ccc2ccccc2n1 0.3782864 0.3783 0.7432432 0.7432 0.7173324 -9.3200 1.0000000 1.0000 []
00:28:33 <INFO> Score: 0.64 Agent NLL: 2.31 Valid: 100% Step: 57
 | Agent Prior Target Score SMILES SMILES_state Input_SMILES Scaffold QED QED (raw) TanimotoDistance TanimotoDistance (raw) maize maize (raw) Unwanted SMARTS Unwanted SMARTS (raw) matchting_patterns (Unwanted SMARTS)
 | 2.3246 8.7137 77.1655 0.6709312 CC(C)C(NC(=O)[C@@H]1C[C@@H](O)CN1C(=O)CNC(=O)c1ccc2cc(F)ccc2n1)c1ccc(Cl)cc1 1 COc1ccc([C@H](C)NC(=O)[C@@H]2C[C@@H](O)CN2C(=O)CNC(=O)c2ccc3cc(F)ccc3n2)c(Cl)c1 O=C(NCC(=O)N1CCC[C@H]1C(=O)NCc1ccccc1)c1ccc2ccccc2n1 0.4374885 0.4375 0.7619048 0.7619 0.7796905 -9.9700 1.0000000 1.0000 []
 | 2.2541 4.0491 82.5249 0.6763589 CC(C)C(NC(=O)[C@@H]1C[C@@H](O)CN1C(=O)CNC(=O)c1ccc2cc(F)ccc2n1)c1ccccc1 1 COc1ccc([C@H](C)NC(=O)[C@@H]2C[C@@H](O)CN2C(=O)CNC(=O)c2ccc3cc(F)ccc3n2)c(Cl)c1 O=C(NCC(=O)N1CCC[C@H]1C(=O)NCc1ccccc1)c1ccc2ccccc2n1 0.4695327 0.4695 0.7364865 0.7365 0.7779275 -9.9500 1.0000000 1.0000 []
 | 2.2425 4.8186 81.6214 0.6753121 CC(NC(=O)[C@@H]1C[C@@H](O)CN1C(=O)CNC(=O)c1ccc2cc(F)ccc2n1)c1ccc(Cl)cc1 1 COc1ccc([C@H](C)NC(=O)[C@@H]2C[C@@H](O)CN2C(=O)CNC(=O)c2ccc3cc(F)ccc3n2)c(Cl)c1 O=C(NCC(=O)N1CCC[C@H]1C(=O)NCc1ccccc1)c1ccc2ccccc2n1 0.4834885 0.4835 0.8014184 0.8014 0.7326326 -9.4700 1.0000000 1.0000 []
 | 2.3991 4.1297 72.0438 0.5951057 COc1ccc(CNC(=O)[C@@H]2C[C@@H](O)CN2C(=O)CNC(=O)c2ccc3cc(F)ccc3n2)cc1 1 COc1ccc([C@H](C)NC(=O)[C@@H]2C[C@@H](O)CN2C(=O)CNC(=O)c2ccc3cc(F)ccc3n2)c(Cl)c1 O=C(NCC(=O)N1CCC[C@H]1C(=O)NCc1ccccc1)c1ccc2ccccc2n1 0.4701237 0.4701 0.7832168 0.7832 0.5836347 -8.1600 1.0000000 1.0000 []
 | 2.2304 4.2698 80.8253 0.6648056 C[C@@H](NC(=O)[C@@H]1C[C@@H](O)CN1C(=O)CNC(=O)c1ccc2cc(F)ccc2n1)c1ccc(Cl)cc1 1 COc1ccc([C@H](C)NC(=O)[C@@H]2C[C@@H](O)CN2C(=O)CNC(=O)c2ccc3cc(F)ccc3n2)c(Cl)c1 O=C(NCC(=O)N1CCC[C@H]1C(=O)NCc1ccccc1)c1ccc2ccccc2n1 0.4834885 0.4835 0.8014184 0.8014 0.7100135 -9.2500 1.0000000 1.0000 []
 | 2.2636 4.3193 79.5056 0.6548825 O=C(NCC(=O)N1C[C@H](O)C[C@H]1C(=O)NCc1ccc(Cl)c(Cl)c1)c1ccc2cc(F)ccc2n1 1 COc1ccc([C@H](C)NC(=O)[C@@H]2C[C@@H](O)CN2C(=O)CNC(=O)c2ccc3cc(F)ccc3n2)c(Cl)c1 O=C(NCC(=O)N1CCC[C@H]1C(=O)NCc1ccccc1)c1ccc2ccccc2n1 0.4640416 0.4640 0.7114094 0.7114 0.7464290 -9.6100 1.0000000 1.0000 []
 | 2.2297 3.8934 81.6967 0.6686721 O=C(NCC(=O)N1C[C@H](O)C[C@H]1C(=O)NCc1ccc(Cl)cc1)c1ccc2cc(F)ccc2n1 1 COc1ccc([C@H](C)NC(=O)[C@@H]2C[C@@H](O)CN2C(=O)CNC(=O)c2ccc3cc(F)ccc3n2)c(Cl)c1 O=C(NCC(=O)N1CCC[C@H]1C(=O)NCc1ccccc1)c1ccc2ccccc2n1 0.4955094 0.4955 0.7260274 0.7260 0.7454593 -9.6000 1.0000000 1.0000 []
 | 2.3452 3.2004 77.2229 0.6283072 O=C(NCC(=O)N1C[C@H](O)C[C@H]1C(=O)NCc1cccc(Cl)c1)c1ccc2cc(F)ccc2n1 1 COc1ccc([C@H](C)NC(=O)[C@@H]2C[C@@H](O)CN2C(=O)CNC(=O)c2ccc3cc(F)ccc3n2)c(Cl)c1 O=C(NCC(=O)N1CCC[C@H]1C(=O)NCc1ccccc1)c1ccc2ccccc2n1 0.4955094 0.4955 0.7210884 0.7211 0.6604256 -8.8000 1.0000000 1.0000 []
 | 2.4105 4.2413 70.9730 0.5876117 O=C(NCC(=O)N1C[C@H](O)C[C@H]1C(=O)N[C@@H](CO)c1cccc(Cl)c1)c1ccc2cc(F)ccc2n1 1 COc1ccc([C@H](C)NC(=O)[C@@H]2C[C@@H](O)CN2C(=O)CNC(=O)c2ccc3cc(F)ccc3n2)c(Cl)c1 O=C(NCC(=O)N1CCC[C@H]1C(=O)NCc1ccccc1)c1ccc2ccccc2n1 0.3782864 0.3783 0.7432432 0.7432 0.6511860 -8.7200 1.0000000 1.0000 []
 | 2.3632 4.6734 74.2686 0.6167343 O=C(NCC(=O)N1C[C@H](O)C[C@H]1C(=O)N[C@H](CO)c1cccc(Cl)c1)c1ccc2cc(F)ccc2n1 1 COc1ccc([C@H](C)NC(=O)[C@@H]2C[C@@H](O)CN2C(=O)CNC(=O)c2ccc3cc(F)ccc3n2)c(Cl)c1 O=C(NCC(=O)N1CCC[C@H]1C(=O)NCc1ccccc1)c1ccc2ccccc2n1 0.3782864 0.3783 0.7432432 0.7432 0.7173324 -9.3200 1.0000000 1.0000 []
00:28:34 <INFO> Score: 0.64 Agent NLL: 2.31 Valid: 100% Step: 58
 | Agent Prior Target Score SMILES SMILES_state Input_SMILES Scaffold QED QED (raw) TanimotoDistance TanimotoDistance (raw) maize maize (raw) Unwanted SMARTS Unwanted SMARTS (raw) matchting_patterns (Unwanted SMARTS)
 | 2.3441 8.7137 77.1655 0.6709312 CC(C)C(NC(=O)[C@@H]1C[C@@H](O)CN1C(=O)CNC(=O)c1ccc2cc(F)ccc2n1)c1ccc(Cl)cc1 1 COc1ccc([C@H](C)NC(=O)[C@@H]2C[C@@H](O)CN2C(=O)CNC(=O)c2ccc3cc(F)ccc3n2)c(Cl)c1 O=C(NCC(=O)N1CCC[C@H]1C(=O)NCc1ccccc1)c1ccc2ccccc2n1 0.4374885 0.4375 0.7619048 0.7619 0.7796905 -9.9700 1.0000000 1.0000 []
 | 2.2390 4.0491 82.5249 0.6763589 CC(C)C(NC(=O)[C@@H]1C[C@@H](O)CN1C(=O)CNC(=O)c1ccc2cc(F)ccc2n1)c1ccccc1 1 COc1ccc([C@H](C)NC(=O)[C@@H]2C[C@@H](O)CN2C(=O)CNC(=O)c2ccc3cc(F)ccc3n2)c(Cl)c1 O=C(NCC(=O)N1CCC[C@H]1C(=O)NCc1ccccc1)c1ccc2ccccc2n1 0.4695327 0.4695 0.7364865 0.7365 0.7779275 -9.9500 1.0000000 1.0000 []
 | 2.2436 4.8186 81.6214 0.6753121 CC(NC(=O)[C@@H]1C[C@@H](O)CN1C(=O)CNC(=O)c1ccc2cc(F)ccc2n1)c1ccc(Cl)cc1 1 COc1ccc([C@H](C)NC(=O)[C@@H]2C[C@@H](O)CN2C(=O)CNC(=O)c2ccc3cc(F)ccc3n2)c(Cl)c1 O=C(NCC(=O)N1CCC[C@H]1C(=O)NCc1ccccc1)c1ccc2ccccc2n1 0.4834885 0.4835 0.8014184 0.8014 0.7326326 -9.4700 1.0000000 1.0000 []
 | 2.4142 4.1297 72.0438 0.5951057 COc1ccc(CNC(=O)[C@@H]2C[C@@H](O)CN2C(=O)CNC(=O)c2ccc3cc(F)ccc3n2)cc1 1 COc1ccc([C@H](C)NC(=O)[C@@H]2C[C@@H](O)CN2C(=O)CNC(=O)c2ccc3cc(F)ccc3n2)c(Cl)c1 O=C(NCC(=O)N1CCC[C@H]1C(=O)NCc1ccccc1)c1ccc2ccccc2n1 0.4701237 0.4701 0.7832168 0.7832 0.5836347 -8.1600 1.0000000 1.0000 []
 | 2.2360 4.2698 80.8253 0.6648056 C[C@@H](NC(=O)[C@@H]1C[C@@H](O)CN1C(=O)CNC(=O)c1ccc2cc(F)ccc2n1)c1ccc(Cl)cc1 1 COc1ccc([C@H](C)NC(=O)[C@@H]2C[C@@H](O)CN2C(=O)CNC(=O)c2ccc3cc(F)ccc3n2)c(Cl)c1 O=C(NCC(=O)N1CCC[C@H]1C(=O)NCc1ccccc1)c1ccc2ccccc2n1 0.4834885 0.4835 0.8014184 0.8014 0.7100135 -9.2500 1.0000000 1.0000 []
 | 2.2477 4.3193 79.5056 0.6548825 O=C(NCC(=O)N1C[C@H](O)C[C@H]1C(=O)NCc1ccc(Cl)c(Cl)c1)c1ccc2cc(F)ccc2n1 1 COc1ccc([C@H](C)NC(=O)[C@@H]2C[C@@H](O)CN2C(=O)CNC(=O)c2ccc3cc(F)ccc3n2)c(Cl)c1 O=C(NCC(=O)N1CCC[C@H]1C(=O)NCc1ccccc1)c1ccc2ccccc2n1 0.4640416 0.4640 0.7114094 0.7114 0.7464290 -9.6100 1.0000000 1.0000 []
 | 2.2627 3.8934 81.6967 0.6686721 O=C(NCC(=O)N1C[C@H](O)C[C@H]1C(=O)NCc1ccc(Cl)cc1)c1ccc2cc(F)ccc2n1 1 COc1ccc([C@H](C)NC(=O)[C@@H]2C[C@@H](O)CN2C(=O)CNC(=O)c2ccc3cc(F)ccc3n2)c(Cl)c1 O=C(NCC(=O)N1CCC[C@H]1C(=O)NCc1ccccc1)c1ccc2ccccc2n1 0.4955094 0.4955 0.7260274 0.7260 0.7454593 -9.6000 1.0000000 1.0000 []
 | 2.3390 3.2004 77.2229 0.6283072 O=C(NCC(=O)N1C[C@H](O)C[C@H]1C(=O)NCc1cccc(Cl)c1)c1ccc2cc(F)ccc2n1 1 COc1ccc([C@H](C)NC(=O)[C@@H]2C[C@@H](O)CN2C(=O)CNC(=O)c2ccc3cc(F)ccc3n2)c(Cl)c1 O=C(NCC(=O)N1CCC[C@H]1C(=O)NCc1ccccc1)c1ccc2ccccc2n1 0.4955094 0.4955 0.7210884 0.7211 0.6604256 -8.8000 1.0000000 1.0000 []
 | 2.3855 4.2413 70.9730 0.5876117 O=C(NCC(=O)N1C[C@H](O)C[C@H]1C(=O)N[C@@H](CO)c1cccc(Cl)c1)c1ccc2cc(F)ccc2n1 1 COc1ccc([C@H](C)NC(=O)[C@@H]2C[C@@H](O)CN2C(=O)CNC(=O)c2ccc3cc(F)ccc3n2)c(Cl)c1 O=C(NCC(=O)N1CCC[C@H]1C(=O)NCc1ccccc1)c1ccc2ccccc2n1 0.3782864 0.3783 0.7432432 0.7432 0.6511860 -8.7200 1.0000000 1.0000 []
 | 2.3488 4.6734 74.2686 0.6167343 O=C(NCC(=O)N1C[C@H](O)C[C@H]1C(=O)N[C@H](CO)c1cccc(Cl)c1)c1ccc2cc(F)ccc2n1 1 COc1ccc([C@H](C)NC(=O)[C@@H]2C[C@@H](O)CN2C(=O)CNC(=O)c2ccc3cc(F)ccc3n2)c(Cl)c1 O=C(NCC(=O)N1CCC[C@H]1C(=O)NCc1ccccc1)c1ccc2ccccc2n1 0.3782864 0.3783 0.7432432 0.7432 0.7173324 -9.3200 1.0000000 1.0000 []
00:28:36 <INFO> Score: 0.64 Agent NLL: 2.31 Valid: 100% Step: 59
 | Agent Prior Target Score SMILES SMILES_state Input_SMILES Scaffold QED QED (raw) TanimotoDistance TanimotoDistance (raw) maize maize (raw) Unwanted SMARTS Unwanted SMARTS (raw) matchting_patterns (Unwanted SMARTS)
 | 2.3361 8.7137 77.1655 0.6709312 CC(C)C(NC(=O)[C@@H]1C[C@@H](O)CN1C(=O)CNC(=O)c1ccc2cc(F)ccc2n1)c1ccc(Cl)cc1 1 COc1ccc([C@H](C)NC(=O)[C@@H]2C[C@@H](O)CN2C(=O)CNC(=O)c2ccc3cc(F)ccc3n2)c(Cl)c1 O=C(NCC(=O)N1CCC[C@H]1C(=O)NCc1ccccc1)c1ccc2ccccc2n1 0.4374885 0.4375 0.7619048 0.7619 0.7796905 -9.9700 1.0000000 1.0000 []
 | 2.2151 4.0491 82.5249 0.6763589 CC(C)C(NC(=O)[C@@H]1C[C@@H](O)CN1C(=O)CNC(=O)c1ccc2cc(F)ccc2n1)c1ccccc1 1 COc1ccc([C@H](C)NC(=O)[C@@H]2C[C@@H](O)CN2C(=O)CNC(=O)c2ccc3cc(F)ccc3n2)c(Cl)c1 O=C(NCC(=O)N1CCC[C@H]1C(=O)NCc1ccccc1)c1ccc2ccccc2n1 0.4695327 0.4695 0.7364865 0.7365 0.7779275 -9.9500 1.0000000 1.0000 []
 | 2.2741 4.8186 81.6214 0.6753121 CC(NC(=O)[C@@H]1C[C@@H](O)CN1C(=O)CNC(=O)c1ccc2cc(F)ccc2n1)c1ccc(Cl)cc1 1 COc1ccc([C@H](C)NC(=O)[C@@H]2C[C@@H](O)CN2C(=O)CNC(=O)c2ccc3cc(F)ccc3n2)c(Cl)c1 O=C(NCC(=O)N1CCC[C@H]1C(=O)NCc1ccccc1)c1ccc2ccccc2n1 0.4834885 0.4835 0.8014184 0.8014 0.7326326 -9.4700 1.0000000 1.0000 []
 | 2.4233 4.1297 72.0438 0.5951057 COc1ccc(CNC(=O)[C@@H]2C[C@@H](O)CN2C(=O)CNC(=O)c2ccc3cc(F)ccc3n2)cc1 1 COc1ccc([C@H](C)NC(=O)[C@@H]2C[C@@H](O)CN2C(=O)CNC(=O)c2ccc3cc(F)ccc3n2)c(Cl)c1 O=C(NCC(=O)N1CCC[C@H]1C(=O)NCc1ccccc1)c1ccc2ccccc2n1 0.4701237 0.4701 0.7832168 0.7832 0.5836347 -8.1600 1.0000000 1.0000 []
 | 2.2488 4.2698 80.8253 0.6648056 C[C@@H](NC(=O)[C@@H]1C[C@@H](O)CN1C(=O)CNC(=O)c1ccc2cc(F)ccc2n1)c1ccc(Cl)cc1 1 COc1ccc([C@H](C)NC(=O)[C@@H]2C[C@@H](O)CN2C(=O)CNC(=O)c2ccc3cc(F)ccc3n2)c(Cl)c1 O=C(NCC(=O)N1CCC[C@H]1C(=O)NCc1ccccc1)c1ccc2ccccc2n1 0.4834885 0.4835 0.8014184 0.8014 0.7100135 -9.2500 1.0000000 1.0000 []
 | 2.3019 4.3193 79.5056 0.6548825 O=C(NCC(=O)N1C[C@H](O)C[C@H]1C(=O)NCc1ccc(Cl)c(Cl)c1)c1ccc2cc(F)ccc2n1 1 COc1ccc([C@H](C)NC(=O)[C@@H]2C[C@@H](O)CN2C(=O)CNC(=O)c2ccc3cc(F)ccc3n2)c(Cl)c1 O=C(NCC(=O)N1CCC[C@H]1C(=O)NCc1ccccc1)c1ccc2ccccc2n1 0.4640416 0.4640 0.7114094 0.7114 0.7464290 -9.6100 1.0000000 1.0000 []
 | 2.2317 3.8934 81.6967 0.6686721 O=C(NCC(=O)N1C[C@H](O)C[C@H]1C(=O)NCc1ccc(Cl)cc1)c1ccc2cc(F)ccc2n1 1 COc1ccc([C@H](C)NC(=O)[C@@H]2C[C@@H](O)CN2C(=O)CNC(=O)c2ccc3cc(F)ccc3n2)c(Cl)c1 O=C(NCC(=O)N1CCC[C@H]1C(=O)NCc1ccccc1)c1ccc2ccccc2n1 0.4955094 0.4955 0.7260274 0.7260 0.7454593 -9.6000 1.0000000 1.0000 []
 | 2.3218 3.2004 77.2229 0.6283072 O=C(NCC(=O)N1C[C@H](O)C[C@H]1C(=O)NCc1cccc(Cl)c1)c1ccc2cc(F)ccc2n1 1 COc1ccc([C@H](C)NC(=O)[C@@H]2C[C@@H](O)CN2C(=O)CNC(=O)c2ccc3cc(F)ccc3n2)c(Cl)c1 O=C(NCC(=O)N1CCC[C@H]1C(=O)NCc1ccccc1)c1ccc2ccccc2n1 0.4955094 0.4955 0.7210884 0.7211 0.6604256 -8.8000 1.0000000 1.0000 []
 | 2.3681 4.2413 70.9730 0.5876117 O=C(NCC(=O)N1C[C@H](O)C[C@H]1C(=O)N[C@@H](CO)c1cccc(Cl)c1)c1ccc2cc(F)ccc2n1 1 COc1ccc([C@H](C)NC(=O)[C@@H]2C[C@@H](O)CN2C(=O)CNC(=O)c2ccc3cc(F)ccc3n2)c(Cl)c1 O=C(NCC(=O)N1CCC[C@H]1C(=O)NCc1ccccc1)c1ccc2ccccc2n1 0.3782864 0.3783 0.7432432 0.7432 0.6511860 -8.7200 1.0000000 1.0000 []
 | 2.3376 4.6734 74.2686 0.6167343 O=C(NCC(=O)N1C[C@H](O)C[C@H]1C(=O)N[C@H](CO)c1cccc(Cl)c1)c1ccc2cc(F)ccc2n1 1 COc1ccc([C@H](C)NC(=O)[C@@H]2C[C@@H](O)CN2C(=O)CNC(=O)c2ccc3cc(F)ccc3n2)c(Cl)c1 O=C(NCC(=O)N1CCC[C@H]1C(=O)NCc1ccccc1)c1ccc2ccccc2n1 0.3782864 0.3783 0.7432432 0.7432 0.7173324 -9.3200 1.0000000 1.0000 []
00:28:37 <INFO> Score: 0.64 Agent NLL: 2.31 Valid: 100% Step: 60
 | Agent Prior Target Score SMILES SMILES_state Input_SMILES Scaffold QED QED (raw) TanimotoDistance TanimotoDistance (raw) maize maize (raw) Unwanted SMARTS Unwanted SMARTS (raw) matchting_patterns (Unwanted SMARTS)
 | 2.3209 8.7137 77.1655 0.6709312 CC(C)C(NC(=O)[C@@H]1C[C@@H](O)CN1C(=O)CNC(=O)c1ccc2cc(F)ccc2n1)c1ccc(Cl)cc1 1 COc1ccc([C@H](C)NC(=O)[C@@H]2C[C@@H](O)CN2C(=O)CNC(=O)c2ccc3cc(F)ccc3n2)c(Cl)c1 O=C(NCC(=O)N1CCC[C@H]1C(=O)NCc1ccccc1)c1ccc2ccccc2n1 0.4374885 0.4375 0.7619048 0.7619 0.7796905 -9.9700 1.0000000 1.0000 []
 | 2.2209 4.0491 82.5249 0.6763589 CC(C)C(NC(=O)[C@@H]1C[C@@H](O)CN1C(=O)CNC(=O)c1ccc2cc(F)ccc2n1)c1ccccc1 1 COc1ccc([C@H](C)NC(=O)[C@@H]2C[C@@H](O)CN2C(=O)CNC(=O)c2ccc3cc(F)ccc3n2)c(Cl)c1 O=C(NCC(=O)N1CCC[C@H]1C(=O)NCc1ccccc1)c1ccc2ccccc2n1 0.4695327 0.4695 0.7364865 0.7365 0.7779275 -9.9500 1.0000000 1.0000 []
 | 2.2648 4.8186 81.6214 0.6753121 CC(NC(=O)[C@@H]1C[C@@H](O)CN1C(=O)CNC(=O)c1ccc2cc(F)ccc2n1)c1ccc(Cl)cc1 1 COc1ccc([C@H](C)NC(=O)[C@@H]2C[C@@H](O)CN2C(=O)CNC(=O)c2ccc3cc(F)ccc3n2)c(Cl)c1 O=C(NCC(=O)N1CCC[C@H]1C(=O)NCc1ccccc1)c1ccc2ccccc2n1 0.4834885 0.4835 0.8014184 0.8014 0.7326326 -9.4700 1.0000000 1.0000 []
 | 2.4185 4.1297 72.0438 0.5951057 COc1ccc(CNC(=O)[C@@H]2C[C@@H](O)CN2C(=O)CNC(=O)c2ccc3cc(F)ccc3n2)cc1 1 COc1ccc([C@H](C)NC(=O)[C@@H]2C[C@@H](O)CN2C(=O)CNC(=O)c2ccc3cc(F)ccc3n2)c(Cl)c1 O=C(NCC(=O)N1CCC[C@H]1C(=O)NCc1ccccc1)c1ccc2ccccc2n1 0.4701237 0.4701 0.7832168 0.7832 0.5836347 -8.1600 1.0000000 1.0000 []
 | 2.2575 4.2698 80.8253 0.6648056 C[C@@H](NC(=O)[C@@H]1C[C@@H](O)CN1C(=O)CNC(=O)c1ccc2cc(F)ccc2n1)c1ccc(Cl)cc1 1 COc1ccc([C@H](C)NC(=O)[C@@H]2C[C@@H](O)CN2C(=O)CNC(=O)c2ccc3cc(F)ccc3n2)c(Cl)c1 O=C(NCC(=O)N1CCC[C@H]1C(=O)NCc1ccccc1)c1ccc2ccccc2n1 0.4834885 0.4835 0.8014184 0.8014 0.7100135 -9.2500 1.0000000 1.0000 []
 | 2.2780 4.3193 79.5056 0.6548825 O=C(NCC(=O)N1C[C@H](O)C[C@H]1C(=O)NCc1ccc(Cl)c(Cl)c1)c1ccc2cc(F)ccc2n1 1 COc1ccc([C@H](C)NC(=O)[C@@H]2C[C@@H](O)CN2C(=O)CNC(=O)c2ccc3cc(F)ccc3n2)c(Cl)c1 O=C(NCC(=O)N1CCC[C@H]1C(=O)NCc1ccccc1)c1ccc2ccccc2n1 0.4640416 0.4640 0.7114094 0.7114 0.7464290 -9.6100 1.0000000 1.0000 []
 | 2.2769 3.8934 81.6967 0.6686721 O=C(NCC(=O)N1C[C@H](O)C[C@H]1C(=O)NCc1ccc(Cl)cc1)c1ccc2cc(F)ccc2n1 1 COc1ccc([C@H](C)NC(=O)[C@@H]2C[C@@H](O)CN2C(=O)CNC(=O)c2ccc3cc(F)ccc3n2)c(Cl)c1 O=C(NCC(=O)N1CCC[C@H]1C(=O)NCc1ccccc1)c1ccc2ccccc2n1 0.4955094 0.4955 0.7260274 0.7260 0.7454593 -9.6000 1.0000000 1.0000 []
 | 2.3016 3.2004 77.2229 0.6283072 O=C(NCC(=O)N1C[C@H](O)C[C@H]1C(=O)NCc1cccc(Cl)c1)c1ccc2cc(F)ccc2n1 1 COc1ccc([C@H](C)NC(=O)[C@@H]2C[C@@H](O)CN2C(=O)CNC(=O)c2ccc3cc(F)ccc3n2)c(Cl)c1 O=C(NCC(=O)N1CCC[C@H]1C(=O)NCc1ccccc1)c1ccc2ccccc2n1 0.4955094 0.4955 0.7210884 0.7211 0.6604256 -8.8000 1.0000000 1.0000 []
 | 2.3730 4.2413 70.9730 0.5876117 O=C(NCC(=O)N1C[C@H](O)C[C@H]1C(=O)N[C@@H](CO)c1cccc(Cl)c1)c1ccc2cc(F)ccc2n1 1 COc1ccc([C@H](C)NC(=O)[C@@H]2C[C@@H](O)CN2C(=O)CNC(=O)c2ccc3cc(F)ccc3n2)c(Cl)c1 O=C(NCC(=O)N1CCC[C@H]1C(=O)NCc1ccccc1)c1ccc2ccccc2n1 0.3782864 0.3783 0.7432432 0.7432 0.6511860 -8.7200 1.0000000 1.0000 []
 | 2.3430 4.6734 74.2686 0.6167343 O=C(NCC(=O)N1C[C@H](O)C[C@H]1C(=O)N[C@H](CO)c1cccc(Cl)c1)c1ccc2cc(F)ccc2n1 1 COc1ccc([C@H](C)NC(=O)[C@@H]2C[C@@H](O)CN2C(=O)CNC(=O)c2ccc3cc(F)ccc3n2)c(Cl)c1 O=C(NCC(=O)N1CCC[C@H]1C(=O)NCc1ccccc1)c1ccc2ccccc2n1 0.3782864 0.3783 0.7432432 0.7432 0.7173324 -9.3200 1.0000000 1.0000 []
00:28:38 <INFO> Score: 0.64 Agent NLL: 2.31 Valid: 100% Step: 61
 | Agent Prior Target Score SMILES SMILES_state Input_SMILES Scaffold QED QED (raw) TanimotoDistance TanimotoDistance (raw) maize maize (raw) Unwanted SMARTS Unwanted SMARTS (raw) matchting_patterns (Unwanted SMARTS)
 | 2.3088 8.7137 77.1655 0.6709312 CC(C)C(NC(=O)[C@@H]1C[C@@H](O)CN1C(=O)CNC(=O)c1ccc2cc(F)ccc2n1)c1ccc(Cl)cc1 1 COc1ccc([C@H](C)NC(=O)[C@@H]2C[C@@H](O)CN2C(=O)CNC(=O)c2ccc3cc(F)ccc3n2)c(Cl)c1 O=C(NCC(=O)N1CCC[C@H]1C(=O)NCc1ccccc1)c1ccc2ccccc2n1 0.4374885 0.4375 0.7619048 0.7619 0.7796905 -9.9700 1.0000000 1.0000 []
 | 2.2480 4.0491 82.5249 0.6763589 CC(C)C(NC(=O)[C@@H]1C[C@@H](O)CN1C(=O)CNC(=O)c1ccc2cc(F)ccc2n1)c1ccccc1 1 COc1ccc([C@H](C)NC(=O)[C@@H]2C[C@@H](O)CN2C(=O)CNC(=O)c2ccc3cc(F)ccc3n2)c(Cl)c1 O=C(NCC(=O)N1CCC[C@H]1C(=O)NCc1ccccc1)c1ccc2ccccc2n1 0.4695327 0.4695 0.7364865 0.7365 0.7779275 -9.9500 1.0000000 1.0000 []
 | 2.2301 4.8186 81.6214 0.6753121 CC(NC(=O)[C@@H]1C[C@@H](O)CN1C(=O)CNC(=O)c1ccc2cc(F)ccc2n1)c1ccc(Cl)cc1 1 COc1ccc([C@H](C)NC(=O)[C@@H]2C[C@@H](O)CN2C(=O)CNC(=O)c2ccc3cc(F)ccc3n2)c(Cl)c1 O=C(NCC(=O)N1CCC[C@H]1C(=O)NCc1ccccc1)c1ccc2ccccc2n1 0.4834885 0.4835 0.8014184 0.8014 0.7326326 -9.4700 1.0000000 1.0000 []
 | 2.4025 4.1297 72.0438 0.5951057 COc1ccc(CNC(=O)[C@@H]2C[C@@H](O)CN2C(=O)CNC(=O)c2ccc3cc(F)ccc3n2)cc1 1 COc1ccc([C@H](C)NC(=O)[C@@H]2C[C@@H](O)CN2C(=O)CNC(=O)c2ccc3cc(F)ccc3n2)c(Cl)c1 O=C(NCC(=O)N1CCC[C@H]1C(=O)NCc1ccccc1)c1ccc2ccccc2n1 0.4701237 0.4701 0.7832168 0.7832 0.5836347 -8.1600 1.0000000 1.0000 []
 | 2.2628 4.2698 80.8253 0.6648056 C[C@@H](NC(=O)[C@@H]1C[C@@H](O)CN1C(=O)CNC(=O)c1ccc2cc(F)ccc2n1)c1ccc(Cl)cc1 1 COc1ccc([C@H](C)NC(=O)[C@@H]2C[C@@H](O)CN2C(=O)CNC(=O)c2ccc3cc(F)ccc3n2)c(Cl)c1 O=C(NCC(=O)N1CCC[C@H]1C(=O)NCc1ccccc1)c1ccc2ccccc2n1 0.4834885 0.4835 0.8014184 0.8014 0.7100135 -9.2500 1.0000000 1.0000 []
 | 2.2931 4.3193 79.5056 0.6548825 O=C(NCC(=O)N1C[C@H](O)C[C@H]1C(=O)NCc1ccc(Cl)c(Cl)c1)c1ccc2cc(F)ccc2n1 1 COc1ccc([C@H](C)NC(=O)[C@@H]2C[C@@H](O)CN2C(=O)CNC(=O)c2ccc3cc(F)ccc3n2)c(Cl)c1 O=C(NCC(=O)N1CCC[C@H]1C(=O)NCc1ccccc1)c1ccc2ccccc2n1 0.4640416 0.4640 0.7114094 0.7114 0.7464290 -9.6100 1.0000000 1.0000 []
 | 2.2708 3.8934 81.6967 0.6686721 O=C(NCC(=O)N1C[C@H](O)C[C@H]1C(=O)NCc1ccc(Cl)cc1)c1ccc2cc(F)ccc2n1 1 COc1ccc([C@H](C)NC(=O)[C@@H]2C[C@@H](O)CN2C(=O)CNC(=O)c2ccc3cc(F)ccc3n2)c(Cl)c1 O=C(NCC(=O)N1CCC[C@H]1C(=O)NCc1ccccc1)c1ccc2ccccc2n1 0.4955094 0.4955 0.7260274 0.7260 0.7454593 -9.6000 1.0000000 1.0000 []
 | 2.2871 3.2004 77.2229 0.6283072 O=C(NCC(=O)N1C[C@H](O)C[C@H]1C(=O)NCc1cccc(Cl)c1)c1ccc2cc(F)ccc2n1 1 COc1ccc([C@H](C)NC(=O)[C@@H]2C[C@@H](O)CN2C(=O)CNC(=O)c2ccc3cc(F)ccc3n2)c(Cl)c1 O=C(NCC(=O)N1CCC[C@H]1C(=O)NCc1ccccc1)c1ccc2ccccc2n1 0.4955094 0.4955 0.7210884 0.7211 0.6604256 -8.8000 1.0000000 1.0000 []
 | 2.3935 4.2413 70.9730 0.5876117 O=C(NCC(=O)N1C[C@H](O)C[C@H]1C(=O)N[C@@H](CO)c1cccc(Cl)c1)c1ccc2cc(F)ccc2n1 1 COc1ccc([C@H](C)NC(=O)[C@@H]2C[C@@H](O)CN2C(=O)CNC(=O)c2ccc3cc(F)ccc3n2)c(Cl)c1 O=C(NCC(=O)N1CCC[C@H]1C(=O)NCc1ccccc1)c1ccc2ccccc2n1 0.3782864 0.3783 0.7432432 0.7432 0.6511860 -8.7200 1.0000000 1.0000 []
 | 2.3585 4.6734 74.2686 0.6167343 O=C(NCC(=O)N1C[C@H](O)C[C@H]1C(=O)N[C@H](CO)c1cccc(Cl)c1)c1ccc2cc(F)ccc2n1 1 COc1ccc([C@H](C)NC(=O)[C@@H]2C[C@@H](O)CN2C(=O)CNC(=O)c2ccc3cc(F)ccc3n2)c(Cl)c1 O=C(NCC(=O)N1CCC[C@H]1C(=O)NCc1ccccc1)c1ccc2ccccc2n1 0.3782864 0.3783 0.7432432 0.7432 0.7173324 -9.3200 1.0000000 1.0000 []
00:28:40 <INFO> Score: 0.64 Agent NLL: 2.31 Valid: 100% Step: 62
 | Agent Prior Target Score SMILES SMILES_state Input_SMILES Scaffold QED QED (raw) TanimotoDistance TanimotoDistance (raw) maize maize (raw) Unwanted SMARTS Unwanted SMARTS (raw) matchting_patterns (Unwanted SMARTS)
 | 2.2883 8.7137 77.1655 0.6709312 CC(C)C(NC(=O)[C@@H]1C[C@@H](O)CN1C(=O)CNC(=O)c1ccc2cc(F)ccc2n1)c1ccc(Cl)cc1 1 COc1ccc([C@H](C)NC(=O)[C@@H]2C[C@@H](O)CN2C(=O)CNC(=O)c2ccc3cc(F)ccc3n2)c(Cl)c1 O=C(NCC(=O)N1CCC[C@H]1C(=O)NCc1ccccc1)c1ccc2ccccc2n1 0.4374885 0.4375 0.7619048 0.7619 0.7796905 -9.9700 1.0000000 1.0000 []
 | 2.2610 4.0491 82.5249 0.6763589 CC(C)C(NC(=O)[C@@H]1C[C@@H](O)CN1C(=O)CNC(=O)c1ccc2cc(F)ccc2n1)c1ccccc1 1 COc1ccc([C@H](C)NC(=O)[C@@H]2C[C@@H](O)CN2C(=O)CNC(=O)c2ccc3cc(F)ccc3n2)c(Cl)c1 O=C(NCC(=O)N1CCC[C@H]1C(=O)NCc1ccccc1)c1ccc2ccccc2n1 0.4695327 0.4695 0.7364865 0.7365 0.7779275 -9.9500 1.0000000 1.0000 []
 | 2.2416 4.8186 81.6214 0.6753121 CC(NC(=O)[C@@H]1C[C@@H](O)CN1C(=O)CNC(=O)c1ccc2cc(F)ccc2n1)c1ccc(Cl)cc1 1 COc1ccc([C@H](C)NC(=O)[C@@H]2C[C@@H](O)CN2C(=O)CNC(=O)c2ccc3cc(F)ccc3n2)c(Cl)c1 O=C(NCC(=O)N1CCC[C@H]1C(=O)NCc1ccccc1)c1ccc2ccccc2n1 0.4834885 0.4835 0.8014184 0.8014 0.7326326 -9.4700 1.0000000 1.0000 []
 | 2.3875 4.1297 72.0438 0.5951057 COc1ccc(CNC(=O)[C@@H]2C[C@@H](O)CN2C(=O)CNC(=O)c2ccc3cc(F)ccc3n2)cc1 1 COc1ccc([C@H](C)NC(=O)[C@@H]2C[C@@H](O)CN2C(=O)CNC(=O)c2ccc3cc(F)ccc3n2)c(Cl)c1 O=C(NCC(=O)N1CCC[C@H]1C(=O)NCc1ccccc1)c1ccc2ccccc2n1 0.4701237 0.4701 0.7832168 0.7832 0.5836347 -8.1600 1.0000000 1.0000 []
 | 2.2735 4.2698 80.8253 0.6648056 C[C@@H](NC(=O)[C@@H]1C[C@@H](O)CN1C(=O)CNC(=O)c1ccc2cc(F)ccc2n1)c1ccc(Cl)cc1 1 COc1ccc([C@H](C)NC(=O)[C@@H]2C[C@@H](O)CN2C(=O)CNC(=O)c2ccc3cc(F)ccc3n2)c(Cl)c1 O=C(NCC(=O)N1CCC[C@H]1C(=O)NCc1ccccc1)c1ccc2ccccc2n1 0.4834885 0.4835 0.8014184 0.8014 0.7100135 -9.2500 1.0000000 1.0000 []
 | 2.3022 4.3193 79.5056 0.6548825 O=C(NCC(=O)N1C[C@H](O)C[C@H]1C(=O)NCc1ccc(Cl)c(Cl)c1)c1ccc2cc(F)ccc2n1 1 COc1ccc([C@H](C)NC(=O)[C@@H]2C[C@@H](O)CN2C(=O)CNC(=O)c2ccc3cc(F)ccc3n2)c(Cl)c1 O=C(NCC(=O)N1CCC[C@H]1C(=O)NCc1ccccc1)c1ccc2ccccc2n1 0.4640416 0.4640 0.7114094 0.7114 0.7464290 -9.6100 1.0000000 1.0000 []
 | 2.2527 3.8934 81.6967 0.6686721 O=C(NCC(=O)N1C[C@H](O)C[C@H]1C(=O)NCc1ccc(Cl)cc1)c1ccc2cc(F)ccc2n1 1 COc1ccc([C@H](C)NC(=O)[C@@H]2C[C@@H](O)CN2C(=O)CNC(=O)c2ccc3cc(F)ccc3n2)c(Cl)c1 O=C(NCC(=O)N1CCC[C@H]1C(=O)NCc1ccccc1)c1ccc2ccccc2n1 0.4955094 0.4955 0.7260274 0.7260 0.7454593 -9.6000 1.0000000 1.0000 []
 | 2.2820 3.2004 77.2229 0.6283072 O=C(NCC(=O)N1C[C@H](O)C[C@H]1C(=O)NCc1cccc(Cl)c1)c1ccc2cc(F)ccc2n1 1 COc1ccc([C@H](C)NC(=O)[C@@H]2C[C@@H](O)CN2C(=O)CNC(=O)c2ccc3cc(F)ccc3n2)c(Cl)c1 O=C(NCC(=O)N1CCC[C@H]1C(=O)NCc1ccccc1)c1ccc2ccccc2n1 0.4955094 0.4955 0.7210884 0.7211 0.6604256 -8.8000 1.0000000 1.0000 []
 | 2.4046 4.2413 70.9730 0.5876117 O=C(NCC(=O)N1C[C@H](O)C[C@H]1C(=O)N[C@@H](CO)c1cccc(Cl)c1)c1ccc2cc(F)ccc2n1 1 COc1ccc([C@H](C)NC(=O)[C@@H]2C[C@@H](O)CN2C(=O)CNC(=O)c2ccc3cc(F)ccc3n2)c(Cl)c1 O=C(NCC(=O)N1CCC[C@H]1C(=O)NCc1ccccc1)c1ccc2ccccc2n1 0.3782864 0.3783 0.7432432 0.7432 0.6511860 -8.7200 1.0000000 1.0000 []
 | 2.3602 4.6734 74.2686 0.6167343 O=C(NCC(=O)N1C[C@H](O)C[C@H]1C(=O)N[C@H](CO)c1cccc(Cl)c1)c1ccc2cc(F)ccc2n1 1 COc1ccc([C@H](C)NC(=O)[C@@H]2C[C@@H](O)CN2C(=O)CNC(=O)c2ccc3cc(F)ccc3n2)c(Cl)c1 O=C(NCC(=O)N1CCC[C@H]1C(=O)NCc1ccccc1)c1ccc2ccccc2n1 0.3782864 0.3783 0.7432432 0.7432 0.7173324 -9.3200 1.0000000 1.0000 []
00:28:41 <INFO> Score: 0.64 Agent NLL: 2.30 Valid: 100% Step: 63
 | Agent Prior Target Score SMILES SMILES_state Input_SMILES Scaffold QED QED (raw) TanimotoDistance TanimotoDistance (raw) maize maize (raw) Unwanted SMARTS Unwanted SMARTS (raw) matchting_patterns (Unwanted SMARTS)
 | 2.2766 8.7137 77.1655 0.6709312 CC(C)C(NC(=O)[C@@H]1C[C@@H](O)CN1C(=O)CNC(=O)c1ccc2cc(F)ccc2n1)c1ccc(Cl)cc1 1 COc1ccc([C@H](C)NC(=O)[C@@H]2C[C@@H](O)CN2C(=O)CNC(=O)c2ccc3cc(F)ccc3n2)c(Cl)c1 O=C(NCC(=O)N1CCC[C@H]1C(=O)NCc1ccccc1)c1ccc2ccccc2n1 0.4374885 0.4375 0.7619048 0.7619 0.7796905 -9.9700 1.0000000 1.0000 []
 | 2.2625 4.0491 82.5249 0.6763589 CC(C)C(NC(=O)[C@@H]1C[C@@H](O)CN1C(=O)CNC(=O)c1ccc2cc(F)ccc2n1)c1ccccc1 1 COc1ccc([C@H](C)NC(=O)[C@@H]2C[C@@H](O)CN2C(=O)CNC(=O)c2ccc3cc(F)ccc3n2)c(Cl)c1 O=C(NCC(=O)N1CCC[C@H]1C(=O)NCc1ccccc1)c1ccc2ccccc2n1 0.4695327 0.4695 0.7364865 0.7365 0.7779275 -9.9500 1.0000000 1.0000 []
 | 2.2748 4.8186 81.6214 0.6753121 CC(NC(=O)[C@@H]1C[C@@H](O)CN1C(=O)CNC(=O)c1ccc2cc(F)ccc2n1)c1ccc(Cl)cc1 1 COc1ccc([C@H](C)NC(=O)[C@@H]2C[C@@H](O)CN2C(=O)CNC(=O)c2ccc3cc(F)ccc3n2)c(Cl)c1 O=C(NCC(=O)N1CCC[C@H]1C(=O)NCc1ccccc1)c1ccc2ccccc2n1 0.4834885 0.4835 0.8014184 0.8014 0.7326326 -9.4700 1.0000000 1.0000 []
 | 2.3745 4.1297 72.0438 0.5951057 COc1ccc(CNC(=O)[C@@H]2C[C@@H](O)CN2C(=O)CNC(=O)c2ccc3cc(F)ccc3n2)cc1 1 COc1ccc([C@H](C)NC(=O)[C@@H]2C[C@@H](O)CN2C(=O)CNC(=O)c2ccc3cc(F)ccc3n2)c(Cl)c1 O=C(NCC(=O)N1CCC[C@H]1C(=O)NCc1ccccc1)c1ccc2ccccc2n1 0.4701237 0.4701 0.7832168 0.7832 0.5836347 -8.1600 1.0000000 1.0000 []
 | 2.2846 4.2698 80.8253 0.6648056 C[C@@H](NC(=O)[C@@H]1C[C@@H](O)CN1C(=O)CNC(=O)c1ccc2cc(F)ccc2n1)c1ccc(Cl)cc1 1 COc1ccc([C@H](C)NC(=O)[C@@H]2C[C@@H](O)CN2C(=O)CNC(=O)c2ccc3cc(F)ccc3n2)c(Cl)c1 O=C(NCC(=O)N1CCC[C@H]1C(=O)NCc1ccccc1)c1ccc2ccccc2n1 0.4834885 0.4835 0.8014184 0.8014 0.7100135 -9.2500 1.0000000 1.0000 []
 | 2.2675 4.3193 79.5056 0.6548825 O=C(NCC(=O)N1C[C@H](O)C[C@H]1C(=O)NCc1ccc(Cl)c(Cl)c1)c1ccc2cc(F)ccc2n1 1 COc1ccc([C@H](C)NC(=O)[C@@H]2C[C@@H](O)CN2C(=O)CNC(=O)c2ccc3cc(F)ccc3n2)c(Cl)c1 O=C(NCC(=O)N1CCC[C@H]1C(=O)NCc1ccccc1)c1ccc2ccccc2n1 0.4640416 0.4640 0.7114094 0.7114 0.7464290 -9.6100 1.0000000 1.0000 []
 | 2.2760 3.8934 81.6967 0.6686721 O=C(NCC(=O)N1C[C@H](O)C[C@H]1C(=O)NCc1ccc(Cl)cc1)c1ccc2cc(F)ccc2n1 1 COc1ccc([C@H](C)NC(=O)[C@@H]2C[C@@H](O)CN2C(=O)CNC(=O)c2ccc3cc(F)ccc3n2)c(Cl)c1 O=C(NCC(=O)N1CCC[C@H]1C(=O)NCc1ccccc1)c1ccc2ccccc2n1 0.4955094 0.4955 0.7260274 0.7260 0.7454593 -9.6000 1.0000000 1.0000 []
 | 2.2909 3.2004 77.2229 0.6283072 O=C(NCC(=O)N1C[C@H](O)C[C@H]1C(=O)NCc1cccc(Cl)c1)c1ccc2cc(F)ccc2n1 1 COc1ccc([C@H](C)NC(=O)[C@@H]2C[C@@H](O)CN2C(=O)CNC(=O)c2ccc3cc(F)ccc3n2)c(Cl)c1 O=C(NCC(=O)N1CCC[C@H]1C(=O)NCc1ccccc1)c1ccc2ccccc2n1 0.4955094 0.4955 0.7210884 0.7211 0.6604256 -8.8000 1.0000000 1.0000 []
 | 2.3973 4.2413 70.9730 0.5876117 O=C(NCC(=O)N1C[C@H](O)C[C@H]1C(=O)N[C@@H](CO)c1cccc(Cl)c1)c1ccc2cc(F)ccc2n1 1 COc1ccc([C@H](C)NC(=O)[C@@H]2C[C@@H](O)CN2C(=O)CNC(=O)c2ccc3cc(F)ccc3n2)c(Cl)c1 O=C(NCC(=O)N1CCC[C@H]1C(=O)NCc1ccccc1)c1ccc2ccccc2n1 0.3782864 0.3783 0.7432432 0.7432 0.6511860 -8.7200 1.0000000 1.0000 []
 | 2.3440 4.6734 74.2686 0.6167343 O=C(NCC(=O)N1C[C@H](O)C[C@H]1C(=O)N[C@H](CO)c1cccc(Cl)c1)c1ccc2cc(F)ccc2n1 1 COc1ccc([C@H](C)NC(=O)[C@@H]2C[C@@H](O)CN2C(=O)CNC(=O)c2ccc3cc(F)ccc3n2)c(Cl)c1 O=C(NCC(=O)N1CCC[C@H]1C(=O)NCc1ccccc1)c1ccc2ccccc2n1 0.3782864 0.3783 0.7432432 0.7432 0.7173324 -9.3200 1.0000000 1.0000 []
00:28:42 <INFO> Score: 0.64 Agent NLL: 2.30 Valid: 100% Step: 64
 | Agent Prior Target Score SMILES SMILES_state Input_SMILES Scaffold QED QED (raw) TanimotoDistance TanimotoDistance (raw) maize maize (raw) Unwanted SMARTS Unwanted SMARTS (raw) matchting_patterns (Unwanted SMARTS)
 | 2.2976 8.7137 77.1655 0.6709312 CC(C)C(NC(=O)[C@@H]1C[C@@H](O)CN1C(=O)CNC(=O)c1ccc2cc(F)ccc2n1)c1ccc(Cl)cc1 1 COc1ccc([C@H](C)NC(=O)[C@@H]2C[C@@H](O)CN2C(=O)CNC(=O)c2ccc3cc(F)ccc3n2)c(Cl)c1 O=C(NCC(=O)N1CCC[C@H]1C(=O)NCc1ccccc1)c1ccc2ccccc2n1 0.4374885 0.4375 0.7619048 0.7619 0.7796905 -9.9700 1.0000000 1.0000 []
 | 2.2685 4.0491 82.5249 0.6763589 CC(C)C(NC(=O)[C@@H]1C[C@@H](O)CN1C(=O)CNC(=O)c1ccc2cc(F)ccc2n1)c1ccccc1 1 COc1ccc([C@H](C)NC(=O)[C@@H]2C[C@@H](O)CN2C(=O)CNC(=O)c2ccc3cc(F)ccc3n2)c(Cl)c1 O=C(NCC(=O)N1CCC[C@H]1C(=O)NCc1ccccc1)c1ccc2ccccc2n1 0.4695327 0.4695 0.7364865 0.7365 0.7779275 -9.9500 1.0000000 1.0000 []
 | 2.2627 4.8186 81.6214 0.6753121 CC(NC(=O)[C@@H]1C[C@@H](O)CN1C(=O)CNC(=O)c1ccc2cc(F)ccc2n1)c1ccc(Cl)cc1 1 COc1ccc([C@H](C)NC(=O)[C@@H]2C[C@@H](O)CN2C(=O)CNC(=O)c2ccc3cc(F)ccc3n2)c(Cl)c1 O=C(NCC(=O)N1CCC[C@H]1C(=O)NCc1ccccc1)c1ccc2ccccc2n1 0.4834885 0.4835 0.8014184 0.8014 0.7326326 -9.4700 1.0000000 1.0000 []
 | 2.3578 4.1297 72.0438 0.5951057 COc1ccc(CNC(=O)[C@@H]2C[C@@H](O)CN2C(=O)CNC(=O)c2ccc3cc(F)ccc3n2)cc1 1 COc1ccc([C@H](C)NC(=O)[C@@H]2C[C@@H](O)CN2C(=O)CNC(=O)c2ccc3cc(F)ccc3n2)c(Cl)c1 O=C(NCC(=O)N1CCC[C@H]1C(=O)NCc1ccccc1)c1ccc2ccccc2n1 0.4701237 0.4701 0.7832168 0.7832 0.5836347 -8.1600 1.0000000 1.0000 []
 | 2.2843 4.2698 80.8253 0.6648056 C[C@@H](NC(=O)[C@@H]1C[C@@H](O)CN1C(=O)CNC(=O)c1ccc2cc(F)ccc2n1)c1ccc(Cl)cc1 1 COc1ccc([C@H](C)NC(=O)[C@@H]2C[C@@H](O)CN2C(=O)CNC(=O)c2ccc3cc(F)ccc3n2)c(Cl)c1 O=C(NCC(=O)N1CCC[C@H]1C(=O)NCc1ccccc1)c1ccc2ccccc2n1 0.4834885 0.4835 0.8014184 0.8014 0.7100135 -9.2500 1.0000000 1.0000 []
 | 2.3100 4.3193 79.5056 0.6548825 O=C(NCC(=O)N1C[C@H](O)C[C@H]1C(=O)NCc1ccc(Cl)c(Cl)c1)c1ccc2cc(F)ccc2n1 1 COc1ccc([C@H](C)NC(=O)[C@@H]2C[C@@H](O)CN2C(=O)CNC(=O)c2ccc3cc(F)ccc3n2)c(Cl)c1 O=C(NCC(=O)N1CCC[C@H]1C(=O)NCc1ccccc1)c1ccc2ccccc2n1 0.4640416 0.4640 0.7114094 0.7114 0.7464290 -9.6100 1.0000000 1.0000 []
 | 2.2349 3.8934 81.6967 0.6686721 O=C(NCC(=O)N1C[C@H](O)C[C@H]1C(=O)NCc1ccc(Cl)cc1)c1ccc2cc(F)ccc2n1 1 COc1ccc([C@H](C)NC(=O)[C@@H]2C[C@@H](O)CN2C(=O)CNC(=O)c2ccc3cc(F)ccc3n2)c(Cl)c1 O=C(NCC(=O)N1CCC[C@H]1C(=O)NCc1ccccc1)c1ccc2ccccc2n1 0.4955094 0.4955 0.7260274 0.7260 0.7454593 -9.6000 1.0000000 1.0000 []
 | 2.3120 3.2004 77.2229 0.6283072 O=C(NCC(=O)N1C[C@H](O)C[C@H]1C(=O)NCc1cccc(Cl)c1)c1ccc2cc(F)ccc2n1 1 COc1ccc([C@H](C)NC(=O)[C@@H]2C[C@@H](O)CN2C(=O)CNC(=O)c2ccc3cc(F)ccc3n2)c(Cl)c1 O=C(NCC(=O)N1CCC[C@H]1C(=O)NCc1ccccc1)c1ccc2ccccc2n1 0.4955094 0.4955 0.7210884 0.7211 0.6604256 -8.8000 1.0000000 1.0000 []
 | 2.3878 4.2413 70.9730 0.5876117 O=C(NCC(=O)N1C[C@H](O)C[C@H]1C(=O)N[C@@H](CO)c1cccc(Cl)c1)c1ccc2cc(F)ccc2n1 1 COc1ccc([C@H](C)NC(=O)[C@@H]2C[C@@H](O)CN2C(=O)CNC(=O)c2ccc3cc(F)ccc3n2)c(Cl)c1 O=C(NCC(=O)N1CCC[C@H]1C(=O)NCc1ccccc1)c1ccc2ccccc2n1 0.3782864 0.3783 0.7432432 0.7432 0.6511860 -8.7200 1.0000000 1.0000 []
 | 2.3318 4.6734 74.2686 0.6167343 O=C(NCC(=O)N1C[C@H](O)C[C@H]1C(=O)N[C@H](CO)c1cccc(Cl)c1)c1ccc2cc(F)ccc2n1 1 COc1ccc([C@H](C)NC(=O)[C@@H]2C[C@@H](O)CN2C(=O)CNC(=O)c2ccc3cc(F)ccc3n2)c(Cl)c1 O=C(NCC(=O)N1CCC[C@H]1C(=O)NCc1ccccc1)c1ccc2ccccc2n1 0.3782864 0.3783 0.7432432 0.7432 0.7173324 -9.3200 1.0000000 1.0000 []
00:28:44 <INFO> Score: 0.64 Agent NLL: 2.30 Valid: 100% Step: 65
 | Agent Prior Target Score SMILES SMILES_state Input_SMILES Scaffold QED QED (raw) TanimotoDistance TanimotoDistance (raw) maize maize (raw) Unwanted SMARTS Unwanted SMARTS (raw) matchting_patterns (Unwanted SMARTS)
 | 2.3216 8.7137 77.1655 0.6709312 CC(C)C(NC(=O)[C@@H]1C[C@@H](O)CN1C(=O)CNC(=O)c1ccc2cc(F)ccc2n1)c1ccc(Cl)cc1 1 COc1ccc([C@H](C)NC(=O)[C@@H]2C[C@@H](O)CN2C(=O)CNC(=O)c2ccc3cc(F)ccc3n2)c(Cl)c1 O=C(NCC(=O)N1CCC[C@H]1C(=O)NCc1ccccc1)c1ccc2ccccc2n1 0.4374885 0.4375 0.7619048 0.7619 0.7796905 -9.9700 1.0000000 1.0000 []
 | 2.2638 4.0491 82.5249 0.6763589 CC(C)C(NC(=O)[C@@H]1C[C@@H](O)CN1C(=O)CNC(=O)c1ccc2cc(F)ccc2n1)c1ccccc1 1 COc1ccc([C@H](C)NC(=O)[C@@H]2C[C@@H](O)CN2C(=O)CNC(=O)c2ccc3cc(F)ccc3n2)c(Cl)c1 O=C(NCC(=O)N1CCC[C@H]1C(=O)NCc1ccccc1)c1ccc2ccccc2n1 0.4695327 0.4695 0.7364865 0.7365 0.7779275 -9.9500 1.0000000 1.0000 []
 | 2.2462 4.8186 81.6214 0.6753121 CC(NC(=O)[C@@H]1C[C@@H](O)CN1C(=O)CNC(=O)c1ccc2cc(F)ccc2n1)c1ccc(Cl)cc1 1 COc1ccc([C@H](C)NC(=O)[C@@H]2C[C@@H](O)CN2C(=O)CNC(=O)c2ccc3cc(F)ccc3n2)c(Cl)c1 O=C(NCC(=O)N1CCC[C@H]1C(=O)NCc1ccccc1)c1ccc2ccccc2n1 0.4834885 0.4835 0.8014184 0.8014 0.7326326 -9.4700 1.0000000 1.0000 []
 | 2.3451 4.1297 72.0438 0.5951057 COc1ccc(CNC(=O)[C@@H]2C[C@@H](O)CN2C(=O)CNC(=O)c2ccc3cc(F)ccc3n2)cc1 1 COc1ccc([C@H](C)NC(=O)[C@@H]2C[C@@H](O)CN2C(=O)CNC(=O)c2ccc3cc(F)ccc3n2)c(Cl)c1 O=C(NCC(=O)N1CCC[C@H]1C(=O)NCc1ccccc1)c1ccc2ccccc2n1 0.4701237 0.4701 0.7832168 0.7832 0.5836347 -8.1600 1.0000000 1.0000 []
 | 2.2778 4.2698 80.8253 0.6648056 C[C@@H](NC(=O)[C@@H]1C[C@@H](O)CN1C(=O)CNC(=O)c1ccc2cc(F)ccc2n1)c1ccc(Cl)cc1 1 COc1ccc([C@H](C)NC(=O)[C@@H]2C[C@@H](O)CN2C(=O)CNC(=O)c2ccc3cc(F)ccc3n2)c(Cl)c1 O=C(NCC(=O)N1CCC[C@H]1C(=O)NCc1ccccc1)c1ccc2ccccc2n1 0.4834885 0.4835 0.8014184 0.8014 0.7100135 -9.2500 1.0000000 1.0000 []
 | 2.2603 4.3193 79.5056 0.6548825 O=C(NCC(=O)N1C[C@H](O)C[C@H]1C(=O)NCc1ccc(Cl)c(Cl)c1)c1ccc2cc(F)ccc2n1 1 COc1ccc([C@H](C)NC(=O)[C@@H]2C[C@@H](O)CN2C(=O)CNC(=O)c2ccc3cc(F)ccc3n2)c(Cl)c1 O=C(NCC(=O)N1CCC[C@H]1C(=O)NCc1ccccc1)c1ccc2ccccc2n1 0.4640416 0.4640 0.7114094 0.7114 0.7464290 -9.6100 1.0000000 1.0000 []
 | 2.2828 3.8934 81.6967 0.6686721 O=C(NCC(=O)N1C[C@H](O)C[C@H]1C(=O)NCc1ccc(Cl)cc1)c1ccc2cc(F)ccc2n1 1 COc1ccc([C@H](C)NC(=O)[C@@H]2C[C@@H](O)CN2C(=O)CNC(=O)c2ccc3cc(F)ccc3n2)c(Cl)c1 O=C(NCC(=O)N1CCC[C@H]1C(=O)NCc1ccccc1)c1ccc2ccccc2n1 0.4955094 0.4955 0.7260274 0.7260 0.7454593 -9.6000 1.0000000 1.0000 []
 | 2.3268 3.2004 77.2229 0.6283072 O=C(NCC(=O)N1C[C@H](O)C[C@H]1C(=O)NCc1cccc(Cl)c1)c1ccc2cc(F)ccc2n1 1 COc1ccc([C@H](C)NC(=O)[C@@H]2C[C@@H](O)CN2C(=O)CNC(=O)c2ccc3cc(F)ccc3n2)c(Cl)c1 O=C(NCC(=O)N1CCC[C@H]1C(=O)NCc1ccccc1)c1ccc2ccccc2n1 0.4955094 0.4955 0.7210884 0.7211 0.6604256 -8.8000 1.0000000 1.0000 []
 | 2.3874 4.2413 70.9730 0.5876117 O=C(NCC(=O)N1C[C@H](O)C[C@H]1C(=O)N[C@@H](CO)c1cccc(Cl)c1)c1ccc2cc(F)ccc2n1 1 COc1ccc([C@H](C)NC(=O)[C@@H]2C[C@@H](O)CN2C(=O)CNC(=O)c2ccc3cc(F)ccc3n2)c(Cl)c1 O=C(NCC(=O)N1CCC[C@H]1C(=O)NCc1ccccc1)c1ccc2ccccc2n1 0.3782864 0.3783 0.7432432 0.7432 0.6511860 -8.7200 1.0000000 1.0000 []
 | 2.3349 4.6734 74.2686 0.6167343 O=C(NCC(=O)N1C[C@H](O)C[C@H]1C(=O)N[C@H](CO)c1cccc(Cl)c1)c1ccc2cc(F)ccc2n1 1 COc1ccc([C@H](C)NC(=O)[C@@H]2C[C@@H](O)CN2C(=O)CNC(=O)c2ccc3cc(F)ccc3n2)c(Cl)c1 O=C(NCC(=O)N1CCC[C@H]1C(=O)NCc1ccccc1)c1ccc2ccccc2n1 0.3782864 0.3783 0.7432432 0.7432 0.7173324 -9.3200 1.0000000 1.0000 []
00:28:45 <INFO> Score: 0.64 Agent NLL: 2.31 Valid: 100% Step: 66
 | Agent Prior Target Score SMILES SMILES_state Input_SMILES Scaffold QED QED (raw) TanimotoDistance TanimotoDistance (raw) maize maize (raw) Unwanted SMARTS Unwanted SMARTS (raw) matchting_patterns (Unwanted SMARTS)
 | 2.3246 8.7137 77.1655 0.6709312 CC(C)C(NC(=O)[C@@H]1C[C@@H](O)CN1C(=O)CNC(=O)c1ccc2cc(F)ccc2n1)c1ccc(Cl)cc1 1 COc1ccc([C@H](C)NC(=O)[C@@H]2C[C@@H](O)CN2C(=O)CNC(=O)c2ccc3cc(F)ccc3n2)c(Cl)c1 O=C(NCC(=O)N1CCC[C@H]1C(=O)NCc1ccccc1)c1ccc2ccccc2n1 0.4374885 0.4375 0.7619048 0.7619 0.7796905 -9.9700 1.0000000 1.0000 []
 | 2.2308 4.0491 82.5249 0.6763589 CC(C)C(NC(=O)[C@@H]1C[C@@H](O)CN1C(=O)CNC(=O)c1ccc2cc(F)ccc2n1)c1ccccc1 1 COc1ccc([C@H](C)NC(=O)[C@@H]2C[C@@H](O)CN2C(=O)CNC(=O)c2ccc3cc(F)ccc3n2)c(Cl)c1 O=C(NCC(=O)N1CCC[C@H]1C(=O)NCc1ccccc1)c1ccc2ccccc2n1 0.4695327 0.4695 0.7364865 0.7365 0.7779275 -9.9500 1.0000000 1.0000 []
 | 2.2761 4.8186 81.6214 0.6753121 CC(NC(=O)[C@@H]1C[C@@H](O)CN1C(=O)CNC(=O)c1ccc2cc(F)ccc2n1)c1ccc(Cl)cc1 1 COc1ccc([C@H](C)NC(=O)[C@@H]2C[C@@H](O)CN2C(=O)CNC(=O)c2ccc3cc(F)ccc3n2)c(Cl)c1 O=C(NCC(=O)N1CCC[C@H]1C(=O)NCc1ccccc1)c1ccc2ccccc2n1 0.4834885 0.4835 0.8014184 0.8014 0.7326326 -9.4700 1.0000000 1.0000 []
 | 2.3431 4.1297 72.0438 0.5951057 COc1ccc(CNC(=O)[C@@H]2C[C@@H](O)CN2C(=O)CNC(=O)c2ccc3cc(F)ccc3n2)cc1 1 COc1ccc([C@H](C)NC(=O)[C@@H]2C[C@@H](O)CN2C(=O)CNC(=O)c2ccc3cc(F)ccc3n2)c(Cl)c1 O=C(NCC(=O)N1CCC[C@H]1C(=O)NCc1ccccc1)c1ccc2ccccc2n1 0.4701237 0.4701 0.7832168 0.7832 0.5836347 -8.1600 1.0000000 1.0000 []
 | 2.2737 4.2698 80.8253 0.6648056 C[C@@H](NC(=O)[C@@H]1C[C@@H](O)CN1C(=O)CNC(=O)c1ccc2cc(F)ccc2n1)c1ccc(Cl)cc1 1 COc1ccc([C@H](C)NC(=O)[C@@H]2C[C@@H](O)CN2C(=O)CNC(=O)c2ccc3cc(F)ccc3n2)c(Cl)c1 O=C(NCC(=O)N1CCC[C@H]1C(=O)NCc1ccccc1)c1ccc2ccccc2n1 0.4834885 0.4835 0.8014184 0.8014 0.7100135 -9.2500 1.0000000 1.0000 []
 | 2.2964 4.3193 79.5056 0.6548825 O=C(NCC(=O)N1C[C@H](O)C[C@H]1C(=O)NCc1ccc(Cl)c(Cl)c1)c1ccc2cc(F)ccc2n1 1 COc1ccc([C@H](C)NC(=O)[C@@H]2C[C@@H](O)CN2C(=O)CNC(=O)c2ccc3cc(F)ccc3n2)c(Cl)c1 O=C(NCC(=O)N1CCC[C@H]1C(=O)NCc1ccccc1)c1ccc2ccccc2n1 0.4640416 0.4640 0.7114094 0.7114 0.7464290 -9.6100 1.0000000 1.0000 []
 | 2.2319 3.8934 81.6967 0.6686721 O=C(NCC(=O)N1C[C@H](O)C[C@H]1C(=O)NCc1ccc(Cl)cc1)c1ccc2cc(F)ccc2n1 1 COc1ccc([C@H](C)NC(=O)[C@@H]2C[C@@H](O)CN2C(=O)CNC(=O)c2ccc3cc(F)ccc3n2)c(Cl)c1 O=C(NCC(=O)N1CCC[C@H]1C(=O)NCc1ccccc1)c1ccc2ccccc2n1 0.4955094 0.4955 0.7260274 0.7260 0.7454593 -9.6000 1.0000000 1.0000 []
 | 2.3262 3.2004 77.2229 0.6283072 O=C(NCC(=O)N1C[C@H](O)C[C@H]1C(=O)NCc1cccc(Cl)c1)c1ccc2cc(F)ccc2n1 1 COc1ccc([C@H](C)NC(=O)[C@@H]2C[C@@H](O)CN2C(=O)CNC(=O)c2ccc3cc(F)ccc3n2)c(Cl)c1 O=C(NCC(=O)N1CCC[C@H]1C(=O)NCc1ccccc1)c1ccc2ccccc2n1 0.4955094 0.4955 0.7210884 0.7211 0.6604256 -8.8000 1.0000000 1.0000 []
 | 2.3960 4.2413 70.9730 0.5876117 O=C(NCC(=O)N1C[C@H](O)C[C@H]1C(=O)N[C@@H](CO)c1cccc(Cl)c1)c1ccc2cc(F)ccc2n1 1 COc1ccc([C@H](C)NC(=O)[C@@H]2C[C@@H](O)CN2C(=O)CNC(=O)c2ccc3cc(F)ccc3n2)c(Cl)c1 O=C(NCC(=O)N1CCC[C@H]1C(=O)NCc1ccccc1)c1ccc2ccccc2n1 0.3782864 0.3783 0.7432432 0.7432 0.6511860 -8.7200 1.0000000 1.0000 []
 | 2.3513 4.6734 74.2686 0.6167343 O=C(NCC(=O)N1C[C@H](O)C[C@H]1C(=O)N[C@H](CO)c1cccc(Cl)c1)c1ccc2cc(F)ccc2n1 1 COc1ccc([C@H](C)NC(=O)[C@@H]2C[C@@H](O)CN2C(=O)CNC(=O)c2ccc3cc(F)ccc3n2)c(Cl)c1 O=C(NCC(=O)N1CCC[C@H]1C(=O)NCc1ccccc1)c1ccc2ccccc2n1 0.3782864 0.3783 0.7432432 0.7432 0.7173324 -9.3200 1.0000000 1.0000 []
00:28:46 <INFO> Score: 0.64 Agent NLL: 2.31 Valid: 100% Step: 67
 | Agent Prior Target Score SMILES SMILES_state Input_SMILES Scaffold QED QED (raw) TanimotoDistance TanimotoDistance (raw) maize maize (raw) Unwanted SMARTS Unwanted SMARTS (raw) matchting_patterns (Unwanted SMARTS)
 | 2.3341 8.7137 77.1655 0.6709312 CC(C)C(NC(=O)[C@@H]1C[C@@H](O)CN1C(=O)CNC(=O)c1ccc2cc(F)ccc2n1)c1ccc(Cl)cc1 1 COc1ccc([C@H](C)NC(=O)[C@@H]2C[C@@H](O)CN2C(=O)CNC(=O)c2ccc3cc(F)ccc3n2)c(Cl)c1 O=C(NCC(=O)N1CCC[C@H]1C(=O)NCc1ccccc1)c1ccc2ccccc2n1 0.4374885 0.4375 0.7619048 0.7619 0.7796905 -9.9700 1.0000000 1.0000 []
 | 2.2269 4.0491 82.5249 0.6763589 CC(C)C(NC(=O)[C@@H]1C[C@@H](O)CN1C(=O)CNC(=O)c1ccc2cc(F)ccc2n1)c1ccccc1 1 COc1ccc([C@H](C)NC(=O)[C@@H]2C[C@@H](O)CN2C(=O)CNC(=O)c2ccc3cc(F)ccc3n2)c(Cl)c1 O=C(NCC(=O)N1CCC[C@H]1C(=O)NCc1ccccc1)c1ccc2ccccc2n1 0.4695327 0.4695 0.7364865 0.7365 0.7779275 -9.9500 1.0000000 1.0000 []
 | 2.2694 4.8186 81.6214 0.6753121 CC(NC(=O)[C@@H]1C[C@@H](O)CN1C(=O)CNC(=O)c1ccc2cc(F)ccc2n1)c1ccc(Cl)cc1 1 COc1ccc([C@H](C)NC(=O)[C@@H]2C[C@@H](O)CN2C(=O)CNC(=O)c2ccc3cc(F)ccc3n2)c(Cl)c1 O=C(NCC(=O)N1CCC[C@H]1C(=O)NCc1ccccc1)c1ccc2ccccc2n1 0.4834885 0.4835 0.8014184 0.8014 0.7326326 -9.4700 1.0000000 1.0000 []
 | 2.3507 4.1297 72.0438 0.5951057 COc1ccc(CNC(=O)[C@@H]2C[C@@H](O)CN2C(=O)CNC(=O)c2ccc3cc(F)ccc3n2)cc1 1 COc1ccc([C@H](C)NC(=O)[C@@H]2C[C@@H](O)CN2C(=O)CNC(=O)c2ccc3cc(F)ccc3n2)c(Cl)c1 O=C(NCC(=O)N1CCC[C@H]1C(=O)NCc1ccccc1)c1ccc2ccccc2n1 0.4701237 0.4701 0.7832168 0.7832 0.5836347 -8.1600 1.0000000 1.0000 []
 | 2.2716 4.2698 80.8253 0.6648056 C[C@@H](NC(=O)[C@@H]1C[C@@H](O)CN1C(=O)CNC(=O)c1ccc2cc(F)ccc2n1)c1ccc(Cl)cc1 1 COc1ccc([C@H](C)NC(=O)[C@@H]2C[C@@H](O)CN2C(=O)CNC(=O)c2ccc3cc(F)ccc3n2)c(Cl)c1 O=C(NCC(=O)N1CCC[C@H]1C(=O)NCc1ccccc1)c1ccc2ccccc2n1 0.4834885 0.4835 0.8014184 0.8014 0.7100135 -9.2500 1.0000000 1.0000 []
 | 2.2596 4.3193 79.5056 0.6548825 O=C(NCC(=O)N1C[C@H](O)C[C@H]1C(=O)NCc1ccc(Cl)c(Cl)c1)c1ccc2cc(F)ccc2n1 1 COc1ccc([C@H](C)NC(=O)[C@@H]2C[C@@H](O)CN2C(=O)CNC(=O)c2ccc3cc(F)ccc3n2)c(Cl)c1 O=C(NCC(=O)N1CCC[C@H]1C(=O)NCc1ccccc1)c1ccc2ccccc2n1 0.4640416 0.4640 0.7114094 0.7114 0.7464290 -9.6100 1.0000000 1.0000 []
 | 2.2589 3.8934 81.6967 0.6686721 O=C(NCC(=O)N1C[C@H](O)C[C@H]1C(=O)NCc1ccc(Cl)cc1)c1ccc2cc(F)ccc2n1 1 COc1ccc([C@H](C)NC(=O)[C@@H]2C[C@@H](O)CN2C(=O)CNC(=O)c2ccc3cc(F)ccc3n2)c(Cl)c1 O=C(NCC(=O)N1CCC[C@H]1C(=O)NCc1ccccc1)c1ccc2ccccc2n1 0.4955094 0.4955 0.7260274 0.7260 0.7454593 -9.6000 1.0000000 1.0000 []
 | 2.3191 3.2004 77.2229 0.6283072 O=C(NCC(=O)N1C[C@H](O)C[C@H]1C(=O)NCc1cccc(Cl)c1)c1ccc2cc(F)ccc2n1 1 COc1ccc([C@H](C)NC(=O)[C@@H]2C[C@@H](O)CN2C(=O)CNC(=O)c2ccc3cc(F)ccc3n2)c(Cl)c1 O=C(NCC(=O)N1CCC[C@H]1C(=O)NCc1ccccc1)c1ccc2ccccc2n1 0.4955094 0.4955 0.7210884 0.7211 0.6604256 -8.8000 1.0000000 1.0000 []
 | 2.3987 4.2413 70.9730 0.5876117 O=C(NCC(=O)N1C[C@H](O)C[C@H]1C(=O)N[C@@H](CO)c1cccc(Cl)c1)c1ccc2cc(F)ccc2n1 1 COc1ccc([C@H](C)NC(=O)[C@@H]2C[C@@H](O)CN2C(=O)CNC(=O)c2ccc3cc(F)ccc3n2)c(Cl)c1 O=C(NCC(=O)N1CCC[C@H]1C(=O)NCc1ccccc1)c1ccc2ccccc2n1 0.3782864 0.3783 0.7432432 0.7432 0.6511860 -8.7200 1.0000000 1.0000 []
 | 2.3619 4.6734 74.2686 0.6167343 O=C(NCC(=O)N1C[C@H](O)C[C@H]1C(=O)N[C@H](CO)c1cccc(Cl)c1)c1ccc2cc(F)ccc2n1 1 COc1ccc([C@H](C)NC(=O)[C@@H]2C[C@@H](O)CN2C(=O)CNC(=O)c2ccc3cc(F)ccc3n2)c(Cl)c1 O=C(NCC(=O)N1CCC[C@H]1C(=O)NCc1ccccc1)c1ccc2ccccc2n1 0.3782864 0.3783 0.7432432 0.7432 0.7173324 -9.3200 1.0000000 1.0000 []
00:28:48 <INFO> Score: 0.64 Agent NLL: 2.31 Valid: 100% Step: 68
 | Agent Prior Target Score SMILES SMILES_state Input_SMILES Scaffold QED QED (raw) TanimotoDistance TanimotoDistance (raw) maize maize (raw) Unwanted SMARTS Unwanted SMARTS (raw) matchting_patterns (Unwanted SMARTS)
 | 2.3402 8.7137 77.1655 0.6709312 CC(C)C(NC(=O)[C@@H]1C[C@@H](O)CN1C(=O)CNC(=O)c1ccc2cc(F)ccc2n1)c1ccc(Cl)cc1 1 COc1ccc([C@H](C)NC(=O)[C@@H]2C[C@@H](O)CN2C(=O)CNC(=O)c2ccc3cc(F)ccc3n2)c(Cl)c1 O=C(NCC(=O)N1CCC[C@H]1C(=O)NCc1ccccc1)c1ccc2ccccc2n1 0.4374885 0.4375 0.7619048 0.7619 0.7796905 -9.9700 1.0000000 1.0000 []
 | 2.2426 4.0491 82.5249 0.6763589 CC(C)C(NC(=O)[C@@H]1C[C@@H](O)CN1C(=O)CNC(=O)c1ccc2cc(F)ccc2n1)c1ccccc1 1 COc1ccc([C@H](C)NC(=O)[C@@H]2C[C@@H](O)CN2C(=O)CNC(=O)c2ccc3cc(F)ccc3n2)c(Cl)c1 O=C(NCC(=O)N1CCC[C@H]1C(=O)NCc1ccccc1)c1ccc2ccccc2n1 0.4695327 0.4695 0.7364865 0.7365 0.7779275 -9.9500 1.0000000 1.0000 []
 | 2.2426 4.8186 81.6214 0.6753121 CC(NC(=O)[C@@H]1C[C@@H](O)CN1C(=O)CNC(=O)c1ccc2cc(F)ccc2n1)c1ccc(Cl)cc1 1 COc1ccc([C@H](C)NC(=O)[C@@H]2C[C@@H](O)CN2C(=O)CNC(=O)c2ccc3cc(F)ccc3n2)c(Cl)c1 O=C(NCC(=O)N1CCC[C@H]1C(=O)NCc1ccccc1)c1ccc2ccccc2n1 0.4834885 0.4835 0.8014184 0.8014 0.7326326 -9.4700 1.0000000 1.0000 []
 | 2.3632 4.1297 72.0438 0.5951057 COc1ccc(CNC(=O)[C@@H]2C[C@@H](O)CN2C(=O)CNC(=O)c2ccc3cc(F)ccc3n2)cc1 1 COc1ccc([C@H](C)NC(=O)[C@@H]2C[C@@H](O)CN2C(=O)CNC(=O)c2ccc3cc(F)ccc3n2)c(Cl)c1 O=C(NCC(=O)N1CCC[C@H]1C(=O)NCc1ccccc1)c1ccc2ccccc2n1 0.4701237 0.4701 0.7832168 0.7832 0.5836347 -8.1600 1.0000000 1.0000 []
 | 2.2695 4.2698 80.8253 0.6648056 C[C@@H](NC(=O)[C@@H]1C[C@@H](O)CN1C(=O)CNC(=O)c1ccc2cc(F)ccc2n1)c1ccc(Cl)cc1 1 COc1ccc([C@H](C)NC(=O)[C@@H]2C[C@@H](O)CN2C(=O)CNC(=O)c2ccc3cc(F)ccc3n2)c(Cl)c1 O=C(NCC(=O)N1CCC[C@H]1C(=O)NCc1ccccc1)c1ccc2ccccc2n1 0.4834885 0.4835 0.8014184 0.8014 0.7100135 -9.2500 1.0000000 1.0000 []
 | 2.2782 4.3193 79.5056 0.6548825 O=C(NCC(=O)N1C[C@H](O)C[C@H]1C(=O)NCc1ccc(Cl)c(Cl)c1)c1ccc2cc(F)ccc2n1 1 COc1ccc([C@H](C)NC(=O)[C@@H]2C[C@@H](O)CN2C(=O)CNC(=O)c2ccc3cc(F)ccc3n2)c(Cl)c1 O=C(NCC(=O)N1CCC[C@H]1C(=O)NCc1ccccc1)c1ccc2ccccc2n1 0.4640416 0.4640 0.7114094 0.7114 0.7464290 -9.6100 1.0000000 1.0000 []
 | 2.2485 3.8934 81.6967 0.6686721 O=C(NCC(=O)N1C[C@H](O)C[C@H]1C(=O)NCc1ccc(Cl)cc1)c1ccc2cc(F)ccc2n1 1 COc1ccc([C@H](C)NC(=O)[C@@H]2C[C@@H](O)CN2C(=O)CNC(=O)c2ccc3cc(F)ccc3n2)c(Cl)c1 O=C(NCC(=O)N1CCC[C@H]1C(=O)NCc1ccccc1)c1ccc2ccccc2n1 0.4955094 0.4955 0.7260274 0.7260 0.7454593 -9.6000 1.0000000 1.0000 []
 | 2.3155 3.2004 77.2229 0.6283072 O=C(NCC(=O)N1C[C@H](O)C[C@H]1C(=O)NCc1cccc(Cl)c1)c1ccc2cc(F)ccc2n1 1 COc1ccc([C@H](C)NC(=O)[C@@H]2C[C@@H](O)CN2C(=O)CNC(=O)c2ccc3cc(F)ccc3n2)c(Cl)c1 O=C(NCC(=O)N1CCC[C@H]1C(=O)NCc1ccccc1)c1ccc2ccccc2n1 0.4955094 0.4955 0.7210884 0.7211 0.6604256 -8.8000 1.0000000 1.0000 []
 | 2.3911 4.2413 70.9730 0.5876117 O=C(NCC(=O)N1C[C@H](O)C[C@H]1C(=O)N[C@@H](CO)c1cccc(Cl)c1)c1ccc2cc(F)ccc2n1 1 COc1ccc([C@H](C)NC(=O)[C@@H]2C[C@@H](O)CN2C(=O)CNC(=O)c2ccc3cc(F)ccc3n2)c(Cl)c1 O=C(NCC(=O)N1CCC[C@H]1C(=O)NCc1ccccc1)c1ccc2ccccc2n1 0.3782864 0.3783 0.7432432 0.7432 0.6511860 -8.7200 1.0000000 1.0000 []
 | 2.3593 4.6734 74.2686 0.6167343 O=C(NCC(=O)N1C[C@H](O)C[C@H]1C(=O)N[C@H](CO)c1cccc(Cl)c1)c1ccc2cc(F)ccc2n1 1 COc1ccc([C@H](C)NC(=O)[C@@H]2C[C@@H](O)CN2C(=O)CNC(=O)c2ccc3cc(F)ccc3n2)c(Cl)c1 O=C(NCC(=O)N1CCC[C@H]1C(=O)NCc1ccccc1)c1ccc2ccccc2n1 0.3782864 0.3783 0.7432432 0.7432 0.7173324 -9.3200 1.0000000 1.0000 []
00:28:49 <INFO> Score: 0.64 Agent NLL: 2.30 Valid: 100% Step: 69
 | Agent Prior Target Score SMILES SMILES_state Input_SMILES Scaffold QED QED (raw) TanimotoDistance TanimotoDistance (raw) maize maize (raw) Unwanted SMARTS Unwanted SMARTS (raw) matchting_patterns (Unwanted SMARTS)
 | 2.3149 8.7137 77.1655 0.6709312 CC(C)C(NC(=O)[C@@H]1C[C@@H](O)CN1C(=O)CNC(=O)c1ccc2cc(F)ccc2n1)c1ccc(Cl)cc1 1 COc1ccc([C@H](C)NC(=O)[C@@H]2C[C@@H](O)CN2C(=O)CNC(=O)c2ccc3cc(F)ccc3n2)c(Cl)c1 O=C(NCC(=O)N1CCC[C@H]1C(=O)NCc1ccccc1)c1ccc2ccccc2n1 0.4374885 0.4375 0.7619048 0.7619 0.7796905 -9.9700 1.0000000 1.0000 []
 | 2.2428 4.0491 82.5249 0.6763589 CC(C)C(NC(=O)[C@@H]1C[C@@H](O)CN1C(=O)CNC(=O)c1ccc2cc(F)ccc2n1)c1ccccc1 1 COc1ccc([C@H](C)NC(=O)[C@@H]2C[C@@H](O)CN2C(=O)CNC(=O)c2ccc3cc(F)ccc3n2)c(Cl)c1 O=C(NCC(=O)N1CCC[C@H]1C(=O)NCc1ccccc1)c1ccc2ccccc2n1 0.4695327 0.4695 0.7364865 0.7365 0.7779275 -9.9500 1.0000000 1.0000 []
 | 2.2613 4.8186 81.6214 0.6753121 CC(NC(=O)[C@@H]1C[C@@H](O)CN1C(=O)CNC(=O)c1ccc2cc(F)ccc2n1)c1ccc(Cl)cc1 1 COc1ccc([C@H](C)NC(=O)[C@@H]2C[C@@H](O)CN2C(=O)CNC(=O)c2ccc3cc(F)ccc3n2)c(Cl)c1 O=C(NCC(=O)N1CCC[C@H]1C(=O)NCc1ccccc1)c1ccc2ccccc2n1 0.4834885 0.4835 0.8014184 0.8014 0.7326326 -9.4700 1.0000000 1.0000 []
 | 2.3806 4.1297 72.0438 0.5951057 COc1ccc(CNC(=O)[C@@H]2C[C@@H](O)CN2C(=O)CNC(=O)c2ccc3cc(F)ccc3n2)cc1 1 COc1ccc([C@H](C)NC(=O)[C@@H]2C[C@@H](O)CN2C(=O)CNC(=O)c2ccc3cc(F)ccc3n2)c(Cl)c1 O=C(NCC(=O)N1CCC[C@H]1C(=O)NCc1ccccc1)c1ccc2ccccc2n1 0.4701237 0.4701 0.7832168 0.7832 0.5836347 -8.1600 1.0000000 1.0000 []
 | 2.2710 4.2698 80.8253 0.6648056 C[C@@H](NC(=O)[C@@H]1C[C@@H](O)CN1C(=O)CNC(=O)c1ccc2cc(F)ccc2n1)c1ccc(Cl)cc1 1 COc1ccc([C@H](C)NC(=O)[C@@H]2C[C@@H](O)CN2C(=O)CNC(=O)c2ccc3cc(F)ccc3n2)c(Cl)c1 O=C(NCC(=O)N1CCC[C@H]1C(=O)NCc1ccccc1)c1ccc2ccccc2n1 0.4834885 0.4835 0.8014184 0.8014 0.7100135 -9.2500 1.0000000 1.0000 []
 | 2.2888 4.3193 79.5056 0.6548825 O=C(NCC(=O)N1C[C@H](O)C[C@H]1C(=O)NCc1ccc(Cl)c(Cl)c1)c1ccc2cc(F)ccc2n1 1 COc1ccc([C@H](C)NC(=O)[C@@H]2C[C@@H](O)CN2C(=O)CNC(=O)c2ccc3cc(F)ccc3n2)c(Cl)c1 O=C(NCC(=O)N1CCC[C@H]1C(=O)NCc1ccccc1)c1ccc2ccccc2n1 0.4640416 0.4640 0.7114094 0.7114 0.7464290 -9.6100 1.0000000 1.0000 []
 | 2.2508 3.8934 81.6967 0.6686721 O=C(NCC(=O)N1C[C@H](O)C[C@H]1C(=O)NCc1ccc(Cl)cc1)c1ccc2cc(F)ccc2n1 1 COc1ccc([C@H](C)NC(=O)[C@@H]2C[C@@H](O)CN2C(=O)CNC(=O)c2ccc3cc(F)ccc3n2)c(Cl)c1 O=C(NCC(=O)N1CCC[C@H]1C(=O)NCc1ccccc1)c1ccc2ccccc2n1 0.4955094 0.4955 0.7260274 0.7260 0.7454593 -9.6000 1.0000000 1.0000 []
 | 2.3115 3.2004 77.2229 0.6283072 O=C(NCC(=O)N1C[C@H](O)C[C@H]1C(=O)NCc1cccc(Cl)c1)c1ccc2cc(F)ccc2n1 1 COc1ccc([C@H](C)NC(=O)[C@@H]2C[C@@H](O)CN2C(=O)CNC(=O)c2ccc3cc(F)ccc3n2)c(Cl)c1 O=C(NCC(=O)N1CCC[C@H]1C(=O)NCc1ccccc1)c1ccc2ccccc2n1 0.4955094 0.4955 0.7210884 0.7211 0.6604256 -8.8000 1.0000000 1.0000 []
 | 2.3795 4.2413 70.9730 0.5876117 O=C(NCC(=O)N1C[C@H](O)C[C@H]1C(=O)N[C@@H](CO)c1cccc(Cl)c1)c1ccc2cc(F)ccc2n1 1 COc1ccc([C@H](C)NC(=O)[C@@H]2C[C@@H](O)CN2C(=O)CNC(=O)c2ccc3cc(F)ccc3n2)c(Cl)c1 O=C(NCC(=O)N1CCC[C@H]1C(=O)NCc1ccccc1)c1ccc2ccccc2n1 0.3782864 0.3783 0.7432432 0.7432 0.6511860 -8.7200 1.0000000 1.0000 []
 | 2.3468 4.6734 74.2686 0.6167343 O=C(NCC(=O)N1C[C@H](O)C[C@H]1C(=O)N[C@H](CO)c1cccc(Cl)c1)c1ccc2cc(F)ccc2n1 1 COc1ccc([C@H](C)NC(=O)[C@@H]2C[C@@H](O)CN2C(=O)CNC(=O)c2ccc3cc(F)ccc3n2)c(Cl)c1 O=C(NCC(=O)N1CCC[C@H]1C(=O)NCc1ccccc1)c1ccc2ccccc2n1 0.3782864 0.3783 0.7432432 0.7432 0.7173324 -9.3200 1.0000000 1.0000 []
00:28:51 <INFO> Score: 0.64 Agent NLL: 2.30 Valid: 100% Step: 70
 | Agent Prior Target Score SMILES SMILES_state Input_SMILES Scaffold QED QED (raw) TanimotoDistance TanimotoDistance (raw) maize maize (raw) Unwanted SMARTS Unwanted SMARTS (raw) matchting_patterns (Unwanted SMARTS)
 | 2.2915 8.7137 77.1655 0.6709312 CC(C)C(NC(=O)[C@@H]1C[C@@H](O)CN1C(=O)CNC(=O)c1ccc2cc(F)ccc2n1)c1ccc(Cl)cc1 1 COc1ccc([C@H](C)NC(=O)[C@@H]2C[C@@H](O)CN2C(=O)CNC(=O)c2ccc3cc(F)ccc3n2)c(Cl)c1 O=C(NCC(=O)N1CCC[C@H]1C(=O)NCc1ccccc1)c1ccc2ccccc2n1 0.4374885 0.4375 0.7619048 0.7619 0.7796905 -9.9700 1.0000000 1.0000 []
 | 2.2486 4.0491 82.5249 0.6763589 CC(C)C(NC(=O)[C@@H]1C[C@@H](O)CN1C(=O)CNC(=O)c1ccc2cc(F)ccc2n1)c1ccccc1 1 COc1ccc([C@H](C)NC(=O)[C@@H]2C[C@@H](O)CN2C(=O)CNC(=O)c2ccc3cc(F)ccc3n2)c(Cl)c1 O=C(NCC(=O)N1CCC[C@H]1C(=O)NCc1ccccc1)c1ccc2ccccc2n1 0.4695327 0.4695 0.7364865 0.7365 0.7779275 -9.9500 1.0000000 1.0000 []
 | 2.2689 4.8186 81.6214 0.6753121 CC(NC(=O)[C@@H]1C[C@@H](O)CN1C(=O)CNC(=O)c1ccc2cc(F)ccc2n1)c1ccc(Cl)cc1 1 COc1ccc([C@H](C)NC(=O)[C@@H]2C[C@@H](O)CN2C(=O)CNC(=O)c2ccc3cc(F)ccc3n2)c(Cl)c1 O=C(NCC(=O)N1CCC[C@H]1C(=O)NCc1ccccc1)c1ccc2ccccc2n1 0.4834885 0.4835 0.8014184 0.8014 0.7326326 -9.4700 1.0000000 1.0000 []
 | 2.3934 4.1297 72.0438 0.5951057 COc1ccc(CNC(=O)[C@@H]2C[C@@H](O)CN2C(=O)CNC(=O)c2ccc3cc(F)ccc3n2)cc1 1 COc1ccc([C@H](C)NC(=O)[C@@H]2C[C@@H](O)CN2C(=O)CNC(=O)c2ccc3cc(F)ccc3n2)c(Cl)c1 O=C(NCC(=O)N1CCC[C@H]1C(=O)NCc1ccccc1)c1ccc2ccccc2n1 0.4701237 0.4701 0.7832168 0.7832 0.5836347 -8.1600 1.0000000 1.0000 []
 | 2.2682 4.2698 80.8253 0.6648056 C[C@@H](NC(=O)[C@@H]1C[C@@H](O)CN1C(=O)CNC(=O)c1ccc2cc(F)ccc2n1)c1ccc(Cl)cc1 1 COc1ccc([C@H](C)NC(=O)[C@@H]2C[C@@H](O)CN2C(=O)CNC(=O)c2ccc3cc(F)ccc3n2)c(Cl)c1 O=C(NCC(=O)N1CCC[C@H]1C(=O)NCc1ccccc1)c1ccc2ccccc2n1 0.4834885 0.4835 0.8014184 0.8014 0.7100135 -9.2500 1.0000000 1.0000 []
 | 2.2761 4.3193 79.5056 0.6548825 O=C(NCC(=O)N1C[C@H](O)C[C@H]1C(=O)NCc1ccc(Cl)c(Cl)c1)c1ccc2cc(F)ccc2n1 1 COc1ccc([C@H](C)NC(=O)[C@@H]2C[C@@H](O)CN2C(=O)CNC(=O)c2ccc3cc(F)ccc3n2)c(Cl)c1 O=C(NCC(=O)N1CCC[C@H]1C(=O)NCc1ccccc1)c1ccc2ccccc2n1 0.4640416 0.4640 0.7114094 0.7114 0.7464290 -9.6100 1.0000000 1.0000 []
 | 2.2743 3.8934 81.6967 0.6686721 O=C(NCC(=O)N1C[C@H](O)C[C@H]1C(=O)NCc1ccc(Cl)cc1)c1ccc2cc(F)ccc2n1 1 COc1ccc([C@H](C)NC(=O)[C@@H]2C[C@@H](O)CN2C(=O)CNC(=O)c2ccc3cc(F)ccc3n2)c(Cl)c1 O=C(NCC(=O)N1CCC[C@H]1C(=O)NCc1ccccc1)c1ccc2ccccc2n1 0.4955094 0.4955 0.7260274 0.7260 0.7454593 -9.6000 1.0000000 1.0000 []
 | 2.3066 3.2004 77.2229 0.6283072 O=C(NCC(=O)N1C[C@H](O)C[C@H]1C(=O)NCc1cccc(Cl)c1)c1ccc2cc(F)ccc2n1 1 COc1ccc([C@H](C)NC(=O)[C@@H]2C[C@@H](O)CN2C(=O)CNC(=O)c2ccc3cc(F)ccc3n2)c(Cl)c1 O=C(NCC(=O)N1CCC[C@H]1C(=O)NCc1ccccc1)c1ccc2ccccc2n1 0.4955094 0.4955 0.7210884 0.7211 0.6604256 -8.8000 1.0000000 1.0000 []
 | 2.3788 4.2413 70.9730 0.5876117 O=C(NCC(=O)N1C[C@H](O)C[C@H]1C(=O)N[C@@H](CO)c1cccc(Cl)c1)c1ccc2cc(F)ccc2n1 1 COc1ccc([C@H](C)NC(=O)[C@@H]2C[C@@H](O)CN2C(=O)CNC(=O)c2ccc3cc(F)ccc3n2)c(Cl)c1 O=C(NCC(=O)N1CCC[C@H]1C(=O)NCc1ccccc1)c1ccc2ccccc2n1 0.3782864 0.3783 0.7432432 0.7432 0.6511860 -8.7200 1.0000000 1.0000 []
 | 2.3408 4.6734 74.2686 0.6167343 O=C(NCC(=O)N1C[C@H](O)C[C@H]1C(=O)N[C@H](CO)c1cccc(Cl)c1)c1ccc2cc(F)ccc2n1 1 COc1ccc([C@H](C)NC(=O)[C@@H]2C[C@@H](O)CN2C(=O)CNC(=O)c2ccc3cc(F)ccc3n2)c(Cl)c1 O=C(NCC(=O)N1CCC[C@H]1C(=O)NCc1ccccc1)c1ccc2ccccc2n1 0.3782864 0.3783 0.7432432 0.7432 0.7173324 -9.3200 1.0000000 1.0000 []
00:28:52 <INFO> Score: 0.64 Agent NLL: 2.31 Valid: 100% Step: 71
 | Agent Prior Target Score SMILES SMILES_state Input_SMILES Scaffold QED QED (raw) TanimotoDistance TanimotoDistance (raw) maize maize (raw) Unwanted SMARTS Unwanted SMARTS (raw) matchting_patterns (Unwanted SMARTS)
 | 2.2931 8.7137 77.1655 0.6709312 CC(C)C(NC(=O)[C@@H]1C[C@@H](O)CN1C(=O)CNC(=O)c1ccc2cc(F)ccc2n1)c1ccc(Cl)cc1 1 COc1ccc([C@H](C)NC(=O)[C@@H]2C[C@@H](O)CN2C(=O)CNC(=O)c2ccc3cc(F)ccc3n2)c(Cl)c1 O=C(NCC(=O)N1CCC[C@H]1C(=O)NCc1ccccc1)c1ccc2ccccc2n1 0.4374885 0.4375 0.7619048 0.7619 0.7796905 -9.9700 1.0000000 1.0000 []
 | 2.2645 4.0491 82.5249 0.6763589 CC(C)C(NC(=O)[C@@H]1C[C@@H](O)CN1C(=O)CNC(=O)c1ccc2cc(F)ccc2n1)c1ccccc1 1 COc1ccc([C@H](C)NC(=O)[C@@H]2C[C@@H](O)CN2C(=O)CNC(=O)c2ccc3cc(F)ccc3n2)c(Cl)c1 O=C(NCC(=O)N1CCC[C@H]1C(=O)NCc1ccccc1)c1ccc2ccccc2n1 0.4695327 0.4695 0.7364865 0.7365 0.7779275 -9.9500 1.0000000 1.0000 []
 | 2.2404 4.8186 81.6214 0.6753121 CC(NC(=O)[C@@H]1C[C@@H](O)CN1C(=O)CNC(=O)c1ccc2cc(F)ccc2n1)c1ccc(Cl)cc1 1 COc1ccc([C@H](C)NC(=O)[C@@H]2C[C@@H](O)CN2C(=O)CNC(=O)c2ccc3cc(F)ccc3n2)c(Cl)c1 O=C(NCC(=O)N1CCC[C@H]1C(=O)NCc1ccccc1)c1ccc2ccccc2n1 0.4834885 0.4835 0.8014184 0.8014 0.7326326 -9.4700 1.0000000 1.0000 []
 | 2.3974 4.1297 72.0438 0.5951057 COc1ccc(CNC(=O)[C@@H]2C[C@@H](O)CN2C(=O)CNC(=O)c2ccc3cc(F)ccc3n2)cc1 1 COc1ccc([C@H](C)NC(=O)[C@@H]2C[C@@H](O)CN2C(=O)CNC(=O)c2ccc3cc(F)ccc3n2)c(Cl)c1 O=C(NCC(=O)N1CCC[C@H]1C(=O)NCc1ccccc1)c1ccc2ccccc2n1 0.4701237 0.4701 0.7832168 0.7832 0.5836347 -8.1600 1.0000000 1.0000 []
 | 2.2605 4.2698 80.8253 0.6648056 C[C@@H](NC(=O)[C@@H]1C[C@@H](O)CN1C(=O)CNC(=O)c1ccc2cc(F)ccc2n1)c1ccc(Cl)cc1 1 COc1ccc([C@H](C)NC(=O)[C@@H]2C[C@@H](O)CN2C(=O)CNC(=O)c2ccc3cc(F)ccc3n2)c(Cl)c1 O=C(NCC(=O)N1CCC[C@H]1C(=O)NCc1ccccc1)c1ccc2ccccc2n1 0.4834885 0.4835 0.8014184 0.8014 0.7100135 -9.2500 1.0000000 1.0000 []
 | 2.3086 4.3193 79.5056 0.6548825 O=C(NCC(=O)N1C[C@H](O)C[C@H]1C(=O)NCc1ccc(Cl)c(Cl)c1)c1ccc2cc(F)ccc2n1 1 COc1ccc([C@H](C)NC(=O)[C@@H]2C[C@@H](O)CN2C(=O)CNC(=O)c2ccc3cc(F)ccc3n2)c(Cl)c1 O=C(NCC(=O)N1CCC[C@H]1C(=O)NCc1ccccc1)c1ccc2ccccc2n1 0.4640416 0.4640 0.7114094 0.7114 0.7464290 -9.6100 1.0000000 1.0000 []
 | 2.2453 3.8934 81.6967 0.6686721 O=C(NCC(=O)N1C[C@H](O)C[C@H]1C(=O)NCc1ccc(Cl)cc1)c1ccc2cc(F)ccc2n1 1 COc1ccc([C@H](C)NC(=O)[C@@H]2C[C@@H](O)CN2C(=O)CNC(=O)c2ccc3cc(F)ccc3n2)c(Cl)c1 O=C(NCC(=O)N1CCC[C@H]1C(=O)NCc1ccccc1)c1ccc2ccccc2n1 0.4955094 0.4955 0.7260274 0.7260 0.7454593 -9.6000 1.0000000 1.0000 []
 | 2.3026 3.2004 77.2229 0.6283072 O=C(NCC(=O)N1C[C@H](O)C[C@H]1C(=O)NCc1cccc(Cl)c1)c1ccc2cc(F)ccc2n1 1 COc1ccc([C@H](C)NC(=O)[C@@H]2C[C@@H](O)CN2C(=O)CNC(=O)c2ccc3cc(F)ccc3n2)c(Cl)c1 O=C(NCC(=O)N1CCC[C@H]1C(=O)NCc1ccccc1)c1ccc2ccccc2n1 0.4955094 0.4955 0.7210884 0.7211 0.6604256 -8.8000 1.0000000 1.0000 []
 | 2.3913 4.2413 70.9730 0.5876117 O=C(NCC(=O)N1C[C@H](O)C[C@H]1C(=O)N[C@@H](CO)c1cccc(Cl)c1)c1ccc2cc(F)ccc2n1 1 COc1ccc([C@H](C)NC(=O)[C@@H]2C[C@@H](O)CN2C(=O)CNC(=O)c2ccc3cc(F)ccc3n2)c(Cl)c1 O=C(NCC(=O)N1CCC[C@H]1C(=O)NCc1ccccc1)c1ccc2ccccc2n1 0.3782864 0.3783 0.7432432 0.7432 0.6511860 -8.7200 1.0000000 1.0000 []
 | 2.3466 4.6734 74.2686 0.6167343 O=C(NCC(=O)N1C[C@H](O)C[C@H]1C(=O)N[C@H](CO)c1cccc(Cl)c1)c1ccc2cc(F)ccc2n1 1 COc1ccc([C@H](C)NC(=O)[C@@H]2C[C@@H](O)CN2C(=O)CNC(=O)c2ccc3cc(F)ccc3n2)c(Cl)c1 O=C(NCC(=O)N1CCC[C@H]1C(=O)NCc1ccccc1)c1ccc2ccccc2n1 0.3782864 0.3783 0.7432432 0.7432 0.7173324 -9.3200 1.0000000 1.0000 []
00:28:54 <INFO> Score: 0.64 Agent NLL: 2.31 Valid: 100% Step: 72
 | Agent Prior Target Score SMILES SMILES_state Input_SMILES Scaffold QED QED (raw) TanimotoDistance TanimotoDistance (raw) maize maize (raw) Unwanted SMARTS Unwanted SMARTS (raw) matchting_patterns (Unwanted SMARTS)
 | 2.2935 8.7137 77.1655 0.6709312 CC(C)C(NC(=O)[C@@H]1C[C@@H](O)CN1C(=O)CNC(=O)c1ccc2cc(F)ccc2n1)c1ccc(Cl)cc1 1 COc1ccc([C@H](C)NC(=O)[C@@H]2C[C@@H](O)CN2C(=O)CNC(=O)c2ccc3cc(F)ccc3n2)c(Cl)c1 O=C(NCC(=O)N1CCC[C@H]1C(=O)NCc1ccccc1)c1ccc2ccccc2n1 0.4374885 0.4375 0.7619048 0.7619 0.7796905 -9.9700 1.0000000 1.0000 []
 | 2.2601 4.0491 82.5249 0.6763589 CC(C)C(NC(=O)[C@@H]1C[C@@H](O)CN1C(=O)CNC(=O)c1ccc2cc(F)ccc2n1)c1ccccc1 1 COc1ccc([C@H](C)NC(=O)[C@@H]2C[C@@H](O)CN2C(=O)CNC(=O)c2ccc3cc(F)ccc3n2)c(Cl)c1 O=C(NCC(=O)N1CCC[C@H]1C(=O)NCc1ccccc1)c1ccc2ccccc2n1 0.4695327 0.4695 0.7364865 0.7365 0.7779275 -9.9500 1.0000000 1.0000 []
 | 2.2501 4.8186 81.6214 0.6753121 CC(NC(=O)[C@@H]1C[C@@H](O)CN1C(=O)CNC(=O)c1ccc2cc(F)ccc2n1)c1ccc(Cl)cc1 1 COc1ccc([C@H](C)NC(=O)[C@@H]2C[C@@H](O)CN2C(=O)CNC(=O)c2ccc3cc(F)ccc3n2)c(Cl)c1 O=C(NCC(=O)N1CCC[C@H]1C(=O)NCc1ccccc1)c1ccc2ccccc2n1 0.4834885 0.4835 0.8014184 0.8014 0.7326326 -9.4700 1.0000000 1.0000 []
 | 2.4003 4.1297 72.0438 0.5951057 COc1ccc(CNC(=O)[C@@H]2C[C@@H](O)CN2C(=O)CNC(=O)c2ccc3cc(F)ccc3n2)cc1 1 COc1ccc([C@H](C)NC(=O)[C@@H]2C[C@@H](O)CN2C(=O)CNC(=O)c2ccc3cc(F)ccc3n2)c(Cl)c1 O=C(NCC(=O)N1CCC[C@H]1C(=O)NCc1ccccc1)c1ccc2ccccc2n1 0.4701237 0.4701 0.7832168 0.7832 0.5836347 -8.1600 1.0000000 1.0000 []
 | 2.2589 4.2698 80.8253 0.6648056 C[C@@H](NC(=O)[C@@H]1C[C@@H](O)CN1C(=O)CNC(=O)c1ccc2cc(F)ccc2n1)c1ccc(Cl)cc1 1 COc1ccc([C@H](C)NC(=O)[C@@H]2C[C@@H](O)CN2C(=O)CNC(=O)c2ccc3cc(F)ccc3n2)c(Cl)c1 O=C(NCC(=O)N1CCC[C@H]1C(=O)NCc1ccccc1)c1ccc2ccccc2n1 0.4834885 0.4835 0.8014184 0.8014 0.7100135 -9.2500 1.0000000 1.0000 []
 | 2.2613 4.3193 79.5056 0.6548825 O=C(NCC(=O)N1C[C@H](O)C[C@H]1C(=O)NCc1ccc(Cl)c(Cl)c1)c1ccc2cc(F)ccc2n1 1 COc1ccc([C@H](C)NC(=O)[C@@H]2C[C@@H](O)CN2C(=O)CNC(=O)c2ccc3cc(F)ccc3n2)c(Cl)c1 O=C(NCC(=O)N1CCC[C@H]1C(=O)NCc1ccccc1)c1ccc2ccccc2n1 0.4640416 0.4640 0.7114094 0.7114 0.7464290 -9.6100 1.0000000 1.0000 []
 | 2.2798 3.8934 81.6967 0.6686721 O=C(NCC(=O)N1C[C@H](O)C[C@H]1C(=O)NCc1ccc(Cl)cc1)c1ccc2cc(F)ccc2n1 1 COc1ccc([C@H](C)NC(=O)[C@@H]2C[C@@H](O)CN2C(=O)CNC(=O)c2ccc3cc(F)ccc3n2)c(Cl)c1 O=C(NCC(=O)N1CCC[C@H]1C(=O)NCc1ccccc1)c1ccc2ccccc2n1 0.4955094 0.4955 0.7260274 0.7260 0.7454593 -9.6000 1.0000000 1.0000 []
 | 2.2960 3.2004 77.2229 0.6283072 O=C(NCC(=O)N1C[C@H](O)C[C@H]1C(=O)NCc1cccc(Cl)c1)c1ccc2cc(F)ccc2n1 1 COc1ccc([C@H](C)NC(=O)[C@@H]2C[C@@H](O)CN2C(=O)CNC(=O)c2ccc3cc(F)ccc3n2)c(Cl)c1 O=C(NCC(=O)N1CCC[C@H]1C(=O)NCc1ccccc1)c1ccc2ccccc2n1 0.4955094 0.4955 0.7210884 0.7211 0.6604256 -8.8000 1.0000000 1.0000 []
 | 2.4013 4.2413 70.9730 0.5876117 O=C(NCC(=O)N1C[C@H](O)C[C@H]1C(=O)N[C@@H](CO)c1cccc(Cl)c1)c1ccc2cc(F)ccc2n1 1 COc1ccc([C@H](C)NC(=O)[C@@H]2C[C@@H](O)CN2C(=O)CNC(=O)c2ccc3cc(F)ccc3n2)c(Cl)c1 O=C(NCC(=O)N1CCC[C@H]1C(=O)NCc1ccccc1)c1ccc2ccccc2n1 0.3782864 0.3783 0.7432432 0.7432 0.6511860 -8.7200 1.0000000 1.0000 []
 | 2.3492 4.6734 74.2686 0.6167343 O=C(NCC(=O)N1C[C@H](O)C[C@H]1C(=O)N[C@H](CO)c1cccc(Cl)c1)c1ccc2cc(F)ccc2n1 1 COc1ccc([C@H](C)NC(=O)[C@@H]2C[C@@H](O)CN2C(=O)CNC(=O)c2ccc3cc(F)ccc3n2)c(Cl)c1 O=C(NCC(=O)N1CCC[C@H]1C(=O)NCc1ccccc1)c1ccc2ccccc2n1 0.3782864 0.3783 0.7432432 0.7432 0.7173324 -9.3200 1.0000000 1.0000 []
00:28:55 <INFO> Score: 0.64 Agent NLL: 2.31 Valid: 100% Step: 73
 | Agent Prior Target Score SMILES SMILES_state Input_SMILES Scaffold QED QED (raw) TanimotoDistance TanimotoDistance (raw) maize maize (raw) Unwanted SMARTS Unwanted SMARTS (raw) matchting_patterns (Unwanted SMARTS)
 | 2.3028 8.7137 77.1655 0.6709312 CC(C)C(NC(=O)[C@@H]1C[C@@H](O)CN1C(=O)CNC(=O)c1ccc2cc(F)ccc2n1)c1ccc(Cl)cc1 1 COc1ccc([C@H](C)NC(=O)[C@@H]2C[C@@H](O)CN2C(=O)CNC(=O)c2ccc3cc(F)ccc3n2)c(Cl)c1 O=C(NCC(=O)N1CCC[C@H]1C(=O)NCc1ccccc1)c1ccc2ccccc2n1 0.4374885 0.4375 0.7619048 0.7619 0.7796905 -9.9700 1.0000000 1.0000 []
 | 2.2441 4.0491 82.5249 0.6763589 CC(C)C(NC(=O)[C@@H]1C[C@@H](O)CN1C(=O)CNC(=O)c1ccc2cc(F)ccc2n1)c1ccccc1 1 COc1ccc([C@H](C)NC(=O)[C@@H]2C[C@@H](O)CN2C(=O)CNC(=O)c2ccc3cc(F)ccc3n2)c(Cl)c1 O=C(NCC(=O)N1CCC[C@H]1C(=O)NCc1ccccc1)c1ccc2ccccc2n1 0.4695327 0.4695 0.7364865 0.7365 0.7779275 -9.9500 1.0000000 1.0000 []
 | 2.2693 4.8186 81.6214 0.6753121 CC(NC(=O)[C@@H]1C[C@@H](O)CN1C(=O)CNC(=O)c1ccc2cc(F)ccc2n1)c1ccc(Cl)cc1 1 COc1ccc([C@H](C)NC(=O)[C@@H]2C[C@@H](O)CN2C(=O)CNC(=O)c2ccc3cc(F)ccc3n2)c(Cl)c1 O=C(NCC(=O)N1CCC[C@H]1C(=O)NCc1ccccc1)c1ccc2ccccc2n1 0.4834885 0.4835 0.8014184 0.8014 0.7326326 -9.4700 1.0000000 1.0000 []
 | 2.3979 4.1297 72.0438 0.5951057 COc1ccc(CNC(=O)[C@@H]2C[C@@H](O)CN2C(=O)CNC(=O)c2ccc3cc(F)ccc3n2)cc1 1 COc1ccc([C@H](C)NC(=O)[C@@H]2C[C@@H](O)CN2C(=O)CNC(=O)c2ccc3cc(F)ccc3n2)c(Cl)c1 O=C(NCC(=O)N1CCC[C@H]1C(=O)NCc1ccccc1)c1ccc2ccccc2n1 0.4701237 0.4701 0.7832168 0.7832 0.5836347 -8.1600 1.0000000 1.0000 []
 | 2.2593 4.2698 80.8253 0.6648056 C[C@@H](NC(=O)[C@@H]1C[C@@H](O)CN1C(=O)CNC(=O)c1ccc2cc(F)ccc2n1)c1ccc(Cl)cc1 1 COc1ccc([C@H](C)NC(=O)[C@@H]2C[C@@H](O)CN2C(=O)CNC(=O)c2ccc3cc(F)ccc3n2)c(Cl)c1 O=C(NCC(=O)N1CCC[C@H]1C(=O)NCc1ccccc1)c1ccc2ccccc2n1 0.4834885 0.4835 0.8014184 0.8014 0.7100135 -9.2500 1.0000000 1.0000 []
 | 2.3073 4.3193 79.5056 0.6548825 O=C(NCC(=O)N1C[C@H](O)C[C@H]1C(=O)NCc1ccc(Cl)c(Cl)c1)c1ccc2cc(F)ccc2n1 1 COc1ccc([C@H](C)NC(=O)[C@@H]2C[C@@H](O)CN2C(=O)CNC(=O)c2ccc3cc(F)ccc3n2)c(Cl)c1 O=C(NCC(=O)N1CCC[C@H]1C(=O)NCc1ccccc1)c1ccc2ccccc2n1 0.4640416 0.4640 0.7114094 0.7114 0.7464290 -9.6100 1.0000000 1.0000 []
 | 2.2264 3.8934 81.6967 0.6686721 O=C(NCC(=O)N1C[C@H](O)C[C@H]1C(=O)NCc1ccc(Cl)cc1)c1ccc2cc(F)ccc2n1 1 COc1ccc([C@H](C)NC(=O)[C@@H]2C[C@@H](O)CN2C(=O)CNC(=O)c2ccc3cc(F)ccc3n2)c(Cl)c1 O=C(NCC(=O)N1CCC[C@H]1C(=O)NCc1ccccc1)c1ccc2ccccc2n1 0.4955094 0.4955 0.7260274 0.7260 0.7454593 -9.6000 1.0000000 1.0000 []
 | 2.2993 3.2004 77.2229 0.6283072 O=C(NCC(=O)N1C[C@H](O)C[C@H]1C(=O)NCc1cccc(Cl)c1)c1ccc2cc(F)ccc2n1 1 COc1ccc([C@H](C)NC(=O)[C@@H]2C[C@@H](O)CN2C(=O)CNC(=O)c2ccc3cc(F)ccc3n2)c(Cl)c1 O=C(NCC(=O)N1CCC[C@H]1C(=O)NCc1ccccc1)c1ccc2ccccc2n1 0.4955094 0.4955 0.7210884 0.7211 0.6604256 -8.8000 1.0000000 1.0000 []
 | 2.3998 4.2413 70.9730 0.5876117 O=C(NCC(=O)N1C[C@H](O)C[C@H]1C(=O)N[C@@H](CO)c1cccc(Cl)c1)c1ccc2cc(F)ccc2n1 1 COc1ccc([C@H](C)NC(=O)[C@@H]2C[C@@H](O)CN2C(=O)CNC(=O)c2ccc3cc(F)ccc3n2)c(Cl)c1 O=C(NCC(=O)N1CCC[C@H]1C(=O)NCc1ccccc1)c1ccc2ccccc2n1 0.3782864 0.3783 0.7432432 0.7432 0.6511860 -8.7200 1.0000000 1.0000 []
 | 2.3451 4.6734 74.2686 0.6167343 O=C(NCC(=O)N1C[C@H](O)C[C@H]1C(=O)N[C@H](CO)c1cccc(Cl)c1)c1ccc2cc(F)ccc2n1 1 COc1ccc([C@H](C)NC(=O)[C@@H]2C[C@@H](O)CN2C(=O)CNC(=O)c2ccc3cc(F)ccc3n2)c(Cl)c1 O=C(NCC(=O)N1CCC[C@H]1C(=O)NCc1ccccc1)c1ccc2ccccc2n1 0.3782864 0.3783 0.7432432 0.7432 0.7173324 -9.3200 1.0000000 1.0000 []
00:28:56 <INFO> Score: 0.64 Agent NLL: 2.30 Valid: 100% Step: 74
 | Agent Prior Target Score SMILES SMILES_state Input_SMILES Scaffold QED QED (raw) TanimotoDistance TanimotoDistance (raw) maize maize (raw) Unwanted SMARTS Unwanted SMARTS (raw) matchting_patterns (Unwanted SMARTS)
 | 2.3222 8.7137 77.1655 0.6709312 CC(C)C(NC(=O)[C@@H]1C[C@@H](O)CN1C(=O)CNC(=O)c1ccc2cc(F)ccc2n1)c1ccc(Cl)cc1 1 COc1ccc([C@H](C)NC(=O)[C@@H]2C[C@@H](O)CN2C(=O)CNC(=O)c2ccc3cc(F)ccc3n2)c(Cl)c1 O=C(NCC(=O)N1CCC[C@H]1C(=O)NCc1ccccc1)c1ccc2ccccc2n1 0.4374885 0.4375 0.7619048 0.7619 0.7796905 -9.9700 1.0000000 1.0000 []
 | 2.2442 4.0491 82.5249 0.6763589 CC(C)C(NC(=O)[C@@H]1C[C@@H](O)CN1C(=O)CNC(=O)c1ccc2cc(F)ccc2n1)c1ccccc1 1 COc1ccc([C@H](C)NC(=O)[C@@H]2C[C@@H](O)CN2C(=O)CNC(=O)c2ccc3cc(F)ccc3n2)c(Cl)c1 O=C(NCC(=O)N1CCC[C@H]1C(=O)NCc1ccccc1)c1ccc2ccccc2n1 0.4695327 0.4695 0.7364865 0.7365 0.7779275 -9.9500 1.0000000 1.0000 []
 | 2.2538 4.8186 81.6214 0.6753121 CC(NC(=O)[C@@H]1C[C@@H](O)CN1C(=O)CNC(=O)c1ccc2cc(F)ccc2n1)c1ccc(Cl)cc1 1 COc1ccc([C@H](C)NC(=O)[C@@H]2C[C@@H](O)CN2C(=O)CNC(=O)c2ccc3cc(F)ccc3n2)c(Cl)c1 O=C(NCC(=O)N1CCC[C@H]1C(=O)NCc1ccccc1)c1ccc2ccccc2n1 0.4834885 0.4835 0.8014184 0.8014 0.7326326 -9.4700 1.0000000 1.0000 []
 | 2.3887 4.1297 72.0438 0.5951057 COc1ccc(CNC(=O)[C@@H]2C[C@@H](O)CN2C(=O)CNC(=O)c2ccc3cc(F)ccc3n2)cc1 1 COc1ccc([C@H](C)NC(=O)[C@@H]2C[C@@H](O)CN2C(=O)CNC(=O)c2ccc3cc(F)ccc3n2)c(Cl)c1 O=C(NCC(=O)N1CCC[C@H]1C(=O)NCc1ccccc1)c1ccc2ccccc2n1 0.4701237 0.4701 0.7832168 0.7832 0.5836347 -8.1600 1.0000000 1.0000 []
 | 2.2572 4.2698 80.8253 0.6648056 C[C@@H](NC(=O)[C@@H]1C[C@@H](O)CN1C(=O)CNC(=O)c1ccc2cc(F)ccc2n1)c1ccc(Cl)cc1 1 COc1ccc([C@H](C)NC(=O)[C@@H]2C[C@@H](O)CN2C(=O)CNC(=O)c2ccc3cc(F)ccc3n2)c(Cl)c1 O=C(NCC(=O)N1CCC[C@H]1C(=O)NCc1ccccc1)c1ccc2ccccc2n1 0.4834885 0.4835 0.8014184 0.8014 0.7100135 -9.2500 1.0000000 1.0000 []
 | 2.2519 4.3193 79.5056 0.6548825 O=C(NCC(=O)N1C[C@H](O)C[C@H]1C(=O)NCc1ccc(Cl)c(Cl)c1)c1ccc2cc(F)ccc2n1 1 COc1ccc([C@H](C)NC(=O)[C@@H]2C[C@@H](O)CN2C(=O)CNC(=O)c2ccc3cc(F)ccc3n2)c(Cl)c1 O=C(NCC(=O)N1CCC[C@H]1C(=O)NCc1ccccc1)c1ccc2ccccc2n1 0.4640416 0.4640 0.7114094 0.7114 0.7464290 -9.6100 1.0000000 1.0000 []
 | 2.2885 3.8934 81.6967 0.6686721 O=C(NCC(=O)N1C[C@H](O)C[C@H]1C(=O)NCc1ccc(Cl)cc1)c1ccc2cc(F)ccc2n1 1 COc1ccc([C@H](C)NC(=O)[C@@H]2C[C@@H](O)CN2C(=O)CNC(=O)c2ccc3cc(F)ccc3n2)c(Cl)c1 O=C(NCC(=O)N1CCC[C@H]1C(=O)NCc1ccccc1)c1ccc2ccccc2n1 0.4955094 0.4955 0.7260274 0.7260 0.7454593 -9.6000 1.0000000 1.0000 []
 | 2.3118 3.2004 77.2229 0.6283072 O=C(NCC(=O)N1C[C@H](O)C[C@H]1C(=O)NCc1cccc(Cl)c1)c1ccc2cc(F)ccc2n1 1 COc1ccc([C@H](C)NC(=O)[C@@H]2C[C@@H](O)CN2C(=O)CNC(=O)c2ccc3cc(F)ccc3n2)c(Cl)c1 O=C(NCC(=O)N1CCC[C@H]1C(=O)NCc1ccccc1)c1ccc2ccccc2n1 0.4955094 0.4955 0.7210884 0.7211 0.6604256 -8.8000 1.0000000 1.0000 []
 | 2.3914 4.2413 70.9730 0.5876117 O=C(NCC(=O)N1C[C@H](O)C[C@H]1C(=O)N[C@@H](CO)c1cccc(Cl)c1)c1ccc2cc(F)ccc2n1 1 COc1ccc([C@H](C)NC(=O)[C@@H]2C[C@@H](O)CN2C(=O)CNC(=O)c2ccc3cc(F)ccc3n2)c(Cl)c1 O=C(NCC(=O)N1CCC[C@H]1C(=O)NCc1ccccc1)c1ccc2ccccc2n1 0.3782864 0.3783 0.7432432 0.7432 0.6511860 -8.7200 1.0000000 1.0000 []
 | 2.3392 4.6734 74.2686 0.6167343 O=C(NCC(=O)N1C[C@H](O)C[C@H]1C(=O)N[C@H](CO)c1cccc(Cl)c1)c1ccc2cc(F)ccc2n1 1 COc1ccc([C@H](C)NC(=O)[C@@H]2C[C@@H](O)CN2C(=O)CNC(=O)c2ccc3cc(F)ccc3n2)c(Cl)c1 O=C(NCC(=O)N1CCC[C@H]1C(=O)NCc1ccccc1)c1ccc2ccccc2n1 0.3782864 0.3783 0.7432432 0.7432 0.7173324 -9.3200 1.0000000 1.0000 []
00:28:58 <INFO> Score: 0.64 Agent NLL: 2.31 Valid: 100% Step: 75
 | Agent Prior Target Score SMILES SMILES_state Input_SMILES Scaffold QED QED (raw) TanimotoDistance TanimotoDistance (raw) maize maize (raw) Unwanted SMARTS Unwanted SMARTS (raw) matchting_patterns (Unwanted SMARTS)
 | 2.3317 8.7137 77.1655 0.6709312 CC(C)C(NC(=O)[C@@H]1C[C@@H](O)CN1C(=O)CNC(=O)c1ccc2cc(F)ccc2n1)c1ccc(Cl)cc1 1 COc1ccc([C@H](C)NC(=O)[C@@H]2C[C@@H](O)CN2C(=O)CNC(=O)c2ccc3cc(F)ccc3n2)c(Cl)c1 O=C(NCC(=O)N1CCC[C@H]1C(=O)NCc1ccccc1)c1ccc2ccccc2n1 0.4374885 0.4375 0.7619048 0.7619 0.7796905 -9.9700 1.0000000 1.0000 []
 | 2.2387 4.0491 82.5249 0.6763589 CC(C)C(NC(=O)[C@@H]1C[C@@H](O)CN1C(=O)CNC(=O)c1ccc2cc(F)ccc2n1)c1ccccc1 1 COc1ccc([C@H](C)NC(=O)[C@@H]2C[C@@H](O)CN2C(=O)CNC(=O)c2ccc3cc(F)ccc3n2)c(Cl)c1 O=C(NCC(=O)N1CCC[C@H]1C(=O)NCc1ccccc1)c1ccc2ccccc2n1 0.4695327 0.4695 0.7364865 0.7365 0.7779275 -9.9500 1.0000000 1.0000 []
 | 2.2492 4.8186 81.6214 0.6753121 CC(NC(=O)[C@@H]1C[C@@H](O)CN1C(=O)CNC(=O)c1ccc2cc(F)ccc2n1)c1ccc(Cl)cc1 1 COc1ccc([C@H](C)NC(=O)[C@@H]2C[C@@H](O)CN2C(=O)CNC(=O)c2ccc3cc(F)ccc3n2)c(Cl)c1 O=C(NCC(=O)N1CCC[C@H]1C(=O)NCc1ccccc1)c1ccc2ccccc2n1 0.4834885 0.4835 0.8014184 0.8014 0.7326326 -9.4700 1.0000000 1.0000 []
 | 2.3770 4.1297 72.0438 0.5951057 COc1ccc(CNC(=O)[C@@H]2C[C@@H](O)CN2C(=O)CNC(=O)c2ccc3cc(F)ccc3n2)cc1 1 COc1ccc([C@H](C)NC(=O)[C@@H]2C[C@@H](O)CN2C(=O)CNC(=O)c2ccc3cc(F)ccc3n2)c(Cl)c1 O=C(NCC(=O)N1CCC[C@H]1C(=O)NCc1ccccc1)c1ccc2ccccc2n1 0.4701237 0.4701 0.7832168 0.7832 0.5836347 -8.1600 1.0000000 1.0000 []
 | 2.2577 4.2698 80.8253 0.6648056 C[C@@H](NC(=O)[C@@H]1C[C@@H](O)CN1C(=O)CNC(=O)c1ccc2cc(F)ccc2n1)c1ccc(Cl)cc1 1 COc1ccc([C@H](C)NC(=O)[C@@H]2C[C@@H](O)CN2C(=O)CNC(=O)c2ccc3cc(F)ccc3n2)c(Cl)c1 O=C(NCC(=O)N1CCC[C@H]1C(=O)NCc1ccccc1)c1ccc2ccccc2n1 0.4834885 0.4835 0.8014184 0.8014 0.7100135 -9.2500 1.0000000 1.0000 []
 | 2.3201 4.3193 79.5056 0.6548825 O=C(NCC(=O)N1C[C@H](O)C[C@H]1C(=O)NCc1ccc(Cl)c(Cl)c1)c1ccc2cc(F)ccc2n1 1 COc1ccc([C@H](C)NC(=O)[C@@H]2C[C@@H](O)CN2C(=O)CNC(=O)c2ccc3cc(F)ccc3n2)c(Cl)c1 O=C(NCC(=O)N1CCC[C@H]1C(=O)NCc1ccccc1)c1ccc2ccccc2n1 0.4640416 0.4640 0.7114094 0.7114 0.7464290 -9.6100 1.0000000 1.0000 []
 | 2.2232 3.8934 81.6967 0.6686721 O=C(NCC(=O)N1C[C@H](O)C[C@H]1C(=O)NCc1ccc(Cl)cc1)c1ccc2cc(F)ccc2n1 1 COc1ccc([C@H](C)NC(=O)[C@@H]2C[C@@H](O)CN2C(=O)CNC(=O)c2ccc3cc(F)ccc3n2)c(Cl)c1 O=C(NCC(=O)N1CCC[C@H]1C(=O)NCc1ccccc1)c1ccc2ccccc2n1 0.4955094 0.4955 0.7260274 0.7260 0.7454593 -9.6000 1.0000000 1.0000 []
 | 2.3228 3.2004 77.2229 0.6283072 O=C(NCC(=O)N1C[C@H](O)C[C@H]1C(=O)NCc1cccc(Cl)c1)c1ccc2cc(F)ccc2n1 1 COc1ccc([C@H](C)NC(=O)[C@@H]2C[C@@H](O)CN2C(=O)CNC(=O)c2ccc3cc(F)ccc3n2)c(Cl)c1 O=C(NCC(=O)N1CCC[C@H]1C(=O)NCc1ccccc1)c1ccc2ccccc2n1 0.4955094 0.4955 0.7210884 0.7211 0.6604256 -8.8000 1.0000000 1.0000 []
 | 2.3879 4.2413 70.9730 0.5876117 O=C(NCC(=O)N1C[C@H](O)C[C@H]1C(=O)N[C@@H](CO)c1cccc(Cl)c1)c1ccc2cc(F)ccc2n1 1 COc1ccc([C@H](C)NC(=O)[C@@H]2C[C@@H](O)CN2C(=O)CNC(=O)c2ccc3cc(F)ccc3n2)c(Cl)c1 O=C(NCC(=O)N1CCC[C@H]1C(=O)NCc1ccccc1)c1ccc2ccccc2n1 0.3782864 0.3783 0.7432432 0.7432 0.6511860 -8.7200 1.0000000 1.0000 []
 | 2.3423 4.6734 74.2686 0.6167343 O=C(NCC(=O)N1C[C@H](O)C[C@H]1C(=O)N[C@H](CO)c1cccc(Cl)c1)c1ccc2cc(F)ccc2n1 1 COc1ccc([C@H](C)NC(=O)[C@@H]2C[C@@H](O)CN2C(=O)CNC(=O)c2ccc3cc(F)ccc3n2)c(Cl)c1 O=C(NCC(=O)N1CCC[C@H]1C(=O)NCc1ccccc1)c1ccc2ccccc2n1 0.3782864 0.3783 0.7432432 0.7432 0.7173324 -9.3200 1.0000000 1.0000 []
00:28:59 <INFO> Score: 0.64 Agent NLL: 2.30 Valid: 100% Step: 76
 | Agent Prior Target Score SMILES SMILES_state Input_SMILES Scaffold QED QED (raw) TanimotoDistance TanimotoDistance (raw) maize maize (raw) Unwanted SMARTS Unwanted SMARTS (raw) matchting_patterns (Unwanted SMARTS)
 | 2.3177 8.7137 77.1655 0.6709312 CC(C)C(NC(=O)[C@@H]1C[C@@H](O)CN1C(=O)CNC(=O)c1ccc2cc(F)ccc2n1)c1ccc(Cl)cc1 1 COc1ccc([C@H](C)NC(=O)[C@@H]2C[C@@H](O)CN2C(=O)CNC(=O)c2ccc3cc(F)ccc3n2)c(Cl)c1 O=C(NCC(=O)N1CCC[C@H]1C(=O)NCc1ccccc1)c1ccc2ccccc2n1 0.4374885 0.4375 0.7619048 0.7619 0.7796905 -9.9700 1.0000000 1.0000 []
 | 2.2329 4.0491 82.5249 0.6763589 CC(C)C(NC(=O)[C@@H]1C[C@@H](O)CN1C(=O)CNC(=O)c1ccc2cc(F)ccc2n1)c1ccccc1 1 COc1ccc([C@H](C)NC(=O)[C@@H]2C[C@@H](O)CN2C(=O)CNC(=O)c2ccc3cc(F)ccc3n2)c(Cl)c1 O=C(NCC(=O)N1CCC[C@H]1C(=O)NCc1ccccc1)c1ccc2ccccc2n1 0.4695327 0.4695 0.7364865 0.7365 0.7779275 -9.9500 1.0000000 1.0000 []
 | 2.2721 4.8186 81.6214 0.6753121 CC(NC(=O)[C@@H]1C[C@@H](O)CN1C(=O)CNC(=O)c1ccc2cc(F)ccc2n1)c1ccc(Cl)cc1 1 COc1ccc([C@H](C)NC(=O)[C@@H]2C[C@@H](O)CN2C(=O)CNC(=O)c2ccc3cc(F)ccc3n2)c(Cl)c1 O=C(NCC(=O)N1CCC[C@H]1C(=O)NCc1ccccc1)c1ccc2ccccc2n1 0.4834885 0.4835 0.8014184 0.8014 0.7326326 -9.4700 1.0000000 1.0000 []
 | 2.3714 4.1297 72.0438 0.5951057 COc1ccc(CNC(=O)[C@@H]2C[C@@H](O)CN2C(=O)CNC(=O)c2ccc3cc(F)ccc3n2)cc1 1 COc1ccc([C@H](C)NC(=O)[C@@H]2C[C@@H](O)CN2C(=O)CNC(=O)c2ccc3cc(F)ccc3n2)c(Cl)c1 O=C(NCC(=O)N1CCC[C@H]1C(=O)NCc1ccccc1)c1ccc2ccccc2n1 0.4701237 0.4701 0.7832168 0.7832 0.5836347 -8.1600 1.0000000 1.0000 []
 | 2.2662 4.2698 80.8253 0.6648056 C[C@@H](NC(=O)[C@@H]1C[C@@H](O)CN1C(=O)CNC(=O)c1ccc2cc(F)ccc2n1)c1ccc(Cl)cc1 1 COc1ccc([C@H](C)NC(=O)[C@@H]2C[C@@H](O)CN2C(=O)CNC(=O)c2ccc3cc(F)ccc3n2)c(Cl)c1 O=C(NCC(=O)N1CCC[C@H]1C(=O)NCc1ccccc1)c1ccc2ccccc2n1 0.4834885 0.4835 0.8014184 0.8014 0.7100135 -9.2500 1.0000000 1.0000 []
 | 2.2367 4.3193 79.5056 0.6548825 O=C(NCC(=O)N1C[C@H](O)C[C@H]1C(=O)NCc1ccc(Cl)c(Cl)c1)c1ccc2cc(F)ccc2n1 1 COc1ccc([C@H](C)NC(=O)[C@@H]2C[C@@H](O)CN2C(=O)CNC(=O)c2ccc3cc(F)ccc3n2)c(Cl)c1 O=C(NCC(=O)N1CCC[C@H]1C(=O)NCc1ccccc1)c1ccc2ccccc2n1 0.4640416 0.4640 0.7114094 0.7114 0.7464290 -9.6100 1.0000000 1.0000 []
 | 2.2944 3.8934 81.6967 0.6686721 O=C(NCC(=O)N1C[C@H](O)C[C@H]1C(=O)NCc1ccc(Cl)cc1)c1ccc2cc(F)ccc2n1 1 COc1ccc([C@H](C)NC(=O)[C@@H]2C[C@@H](O)CN2C(=O)CNC(=O)c2ccc3cc(F)ccc3n2)c(Cl)c1 O=C(NCC(=O)N1CCC[C@H]1C(=O)NCc1ccccc1)c1ccc2ccccc2n1 0.4955094 0.4955 0.7260274 0.7260 0.7454593 -9.6000 1.0000000 1.0000 []
 | 2.3197 3.2004 77.2229 0.6283072 O=C(NCC(=O)N1C[C@H](O)C[C@H]1C(=O)NCc1cccc(Cl)c1)c1ccc2cc(F)ccc2n1 1 COc1ccc([C@H](C)NC(=O)[C@@H]2C[C@@H](O)CN2C(=O)CNC(=O)c2ccc3cc(F)ccc3n2)c(Cl)c1 O=C(NCC(=O)N1CCC[C@H]1C(=O)NCc1ccccc1)c1ccc2ccccc2n1 0.4955094 0.4955 0.7210884 0.7211 0.6604256 -8.8000 1.0000000 1.0000 []
 | 2.3885 4.2413 70.9730 0.5876117 O=C(NCC(=O)N1C[C@H](O)C[C@H]1C(=O)N[C@@H](CO)c1cccc(Cl)c1)c1ccc2cc(F)ccc2n1 1 COc1ccc([C@H](C)NC(=O)[C@@H]2C[C@@H](O)CN2C(=O)CNC(=O)c2ccc3cc(F)ccc3n2)c(Cl)c1 O=C(NCC(=O)N1CCC[C@H]1C(=O)NCc1ccccc1)c1ccc2ccccc2n1 0.3782864 0.3783 0.7432432 0.7432 0.6511860 -8.7200 1.0000000 1.0000 []
 | 2.3484 4.6734 74.2686 0.6167343 O=C(NCC(=O)N1C[C@H](O)C[C@H]1C(=O)N[C@H](CO)c1cccc(Cl)c1)c1ccc2cc(F)ccc2n1 1 COc1ccc([C@H](C)NC(=O)[C@@H]2C[C@@H](O)CN2C(=O)CNC(=O)c2ccc3cc(F)ccc3n2)c(Cl)c1 O=C(NCC(=O)N1CCC[C@H]1C(=O)NCc1ccccc1)c1ccc2ccccc2n1 0.3782864 0.3783 0.7432432 0.7432 0.7173324 -9.3200 1.0000000 1.0000 []
00:29:00 <INFO> Score: 0.64 Agent NLL: 2.31 Valid: 100% Step: 77
 | Agent Prior Target Score SMILES SMILES_state Input_SMILES Scaffold QED QED (raw) TanimotoDistance TanimotoDistance (raw) maize maize (raw) Unwanted SMARTS Unwanted SMARTS (raw) matchting_patterns (Unwanted SMARTS)
 | 2.3174 8.7137 77.1655 0.6709312 CC(C)C(NC(=O)[C@@H]1C[C@@H](O)CN1C(=O)CNC(=O)c1ccc2cc(F)ccc2n1)c1ccc(Cl)cc1 1 COc1ccc([C@H](C)NC(=O)[C@@H]2C[C@@H](O)CN2C(=O)CNC(=O)c2ccc3cc(F)ccc3n2)c(Cl)c1 O=C(NCC(=O)N1CCC[C@H]1C(=O)NCc1ccccc1)c1ccc2ccccc2n1 0.4374885 0.4375 0.7619048 0.7619 0.7796905 -9.9700 1.0000000 1.0000 []
 | 2.2457 4.0491 82.5249 0.6763589 CC(C)C(NC(=O)[C@@H]1C[C@@H](O)CN1C(=O)CNC(=O)c1ccc2cc(F)ccc2n1)c1ccccc1 1 COc1ccc([C@H](C)NC(=O)[C@@H]2C[C@@H](O)CN2C(=O)CNC(=O)c2ccc3cc(F)ccc3n2)c(Cl)c1 O=C(NCC(=O)N1CCC[C@H]1C(=O)NCc1ccccc1)c1ccc2ccccc2n1 0.4695327 0.4695 0.7364865 0.7365 0.7779275 -9.9500 1.0000000 1.0000 []
 | 2.2562 4.8186 81.6214 0.6753121 CC(NC(=O)[C@@H]1C[C@@H](O)CN1C(=O)CNC(=O)c1ccc2cc(F)ccc2n1)c1ccc(Cl)cc1 1 COc1ccc([C@H](C)NC(=O)[C@@H]2C[C@@H](O)CN2C(=O)CNC(=O)c2ccc3cc(F)ccc3n2)c(Cl)c1 O=C(NCC(=O)N1CCC[C@H]1C(=O)NCc1ccccc1)c1ccc2ccccc2n1 0.4834885 0.4835 0.8014184 0.8014 0.7326326 -9.4700 1.0000000 1.0000 []
 | 2.3646 4.1297 72.0438 0.5951057 COc1ccc(CNC(=O)[C@@H]2C[C@@H](O)CN2C(=O)CNC(=O)c2ccc3cc(F)ccc3n2)cc1 1 COc1ccc([C@H](C)NC(=O)[C@@H]2C[C@@H](O)CN2C(=O)CNC(=O)c2ccc3cc(F)ccc3n2)c(Cl)c1 O=C(NCC(=O)N1CCC[C@H]1C(=O)NCc1ccccc1)c1ccc2ccccc2n1 0.4701237 0.4701 0.7832168 0.7832 0.5836347 -8.1600 1.0000000 1.0000 []
 | 2.2719 4.2698 80.8253 0.6648056 C[C@@H](NC(=O)[C@@H]1C[C@@H](O)CN1C(=O)CNC(=O)c1ccc2cc(F)ccc2n1)c1ccc(Cl)cc1 1 COc1ccc([C@H](C)NC(=O)[C@@H]2C[C@@H](O)CN2C(=O)CNC(=O)c2ccc3cc(F)ccc3n2)c(Cl)c1 O=C(NCC(=O)N1CCC[C@H]1C(=O)NCc1ccccc1)c1ccc2ccccc2n1 0.4834885 0.4835 0.8014184 0.8014 0.7100135 -9.2500 1.0000000 1.0000 []
 | 2.3257 4.3193 79.5056 0.6548825 O=C(NCC(=O)N1C[C@H](O)C[C@H]1C(=O)NCc1ccc(Cl)c(Cl)c1)c1ccc2cc(F)ccc2n1 1 COc1ccc([C@H](C)NC(=O)[C@@H]2C[C@@H](O)CN2C(=O)CNC(=O)c2ccc3cc(F)ccc3n2)c(Cl)c1 O=C(NCC(=O)N1CCC[C@H]1C(=O)NCc1ccccc1)c1ccc2ccccc2n1 0.4640416 0.4640 0.7114094 0.7114 0.7464290 -9.6100 1.0000000 1.0000 []
 | 2.2021 3.8934 81.6967 0.6686721 O=C(NCC(=O)N1C[C@H](O)C[C@H]1C(=O)NCc1ccc(Cl)cc1)c1ccc2cc(F)ccc2n1 1 COc1ccc([C@H](C)NC(=O)[C@@H]2C[C@@H](O)CN2C(=O)CNC(=O)c2ccc3cc(F)ccc3n2)c(Cl)c1 O=C(NCC(=O)N1CCC[C@H]1C(=O)NCc1ccccc1)c1ccc2ccccc2n1 0.4955094 0.4955 0.7260274 0.7260 0.7454593 -9.6000 1.0000000 1.0000 []
 | 2.3166 3.2004 77.2229 0.6283072 O=C(NCC(=O)N1C[C@H](O)C[C@H]1C(=O)NCc1cccc(Cl)c1)c1ccc2cc(F)ccc2n1 1 COc1ccc([C@H](C)NC(=O)[C@@H]2C[C@@H](O)CN2C(=O)CNC(=O)c2ccc3cc(F)ccc3n2)c(Cl)c1 O=C(NCC(=O)N1CCC[C@H]1C(=O)NCc1ccccc1)c1ccc2ccccc2n1 0.4955094 0.4955 0.7210884 0.7211 0.6604256 -8.8000 1.0000000 1.0000 []
 | 2.3929 4.2413 70.9730 0.5876117 O=C(NCC(=O)N1C[C@H](O)C[C@H]1C(=O)N[C@@H](CO)c1cccc(Cl)c1)c1ccc2cc(F)ccc2n1 1 COc1ccc([C@H](C)NC(=O)[C@@H]2C[C@@H](O)CN2C(=O)CNC(=O)c2ccc3cc(F)ccc3n2)c(Cl)c1 O=C(NCC(=O)N1CCC[C@H]1C(=O)NCc1ccccc1)c1ccc2ccccc2n1 0.3782864 0.3783 0.7432432 0.7432 0.6511860 -8.7200 1.0000000 1.0000 []
 | 2.3578 4.6734 74.2686 0.6167343 O=C(NCC(=O)N1C[C@H](O)C[C@H]1C(=O)N[C@H](CO)c1cccc(Cl)c1)c1ccc2cc(F)ccc2n1 1 COc1ccc([C@H](C)NC(=O)[C@@H]2C[C@@H](O)CN2C(=O)CNC(=O)c2ccc3cc(F)ccc3n2)c(Cl)c1 O=C(NCC(=O)N1CCC[C@H]1C(=O)NCc1ccccc1)c1ccc2ccccc2n1 0.3782864 0.3783 0.7432432 0.7432 0.7173324 -9.3200 1.0000000 1.0000 []
00:29:02 <INFO> Score: 0.64 Agent NLL: 2.30 Valid: 100% Step: 78
 | Agent Prior Target Score SMILES SMILES_state Input_SMILES Scaffold QED QED (raw) TanimotoDistance TanimotoDistance (raw) maize maize (raw) Unwanted SMARTS Unwanted SMARTS (raw) matchting_patterns (Unwanted SMARTS)
 | 2.3076 8.7137 77.1655 0.6709312 CC(C)C(NC(=O)[C@@H]1C[C@@H](O)CN1C(=O)CNC(=O)c1ccc2cc(F)ccc2n1)c1ccc(Cl)cc1 1 COc1ccc([C@H](C)NC(=O)[C@@H]2C[C@@H](O)CN2C(=O)CNC(=O)c2ccc3cc(F)ccc3n2)c(Cl)c1 O=C(NCC(=O)N1CCC[C@H]1C(=O)NCc1ccccc1)c1ccc2ccccc2n1 0.4374885 0.4375 0.7619048 0.7619 0.7796905 -9.9700 1.0000000 1.0000 []
 | 2.2587 4.0491 82.5249 0.6763589 CC(C)C(NC(=O)[C@@H]1C[C@@H](O)CN1C(=O)CNC(=O)c1ccc2cc(F)ccc2n1)c1ccccc1 1 COc1ccc([C@H](C)NC(=O)[C@@H]2C[C@@H](O)CN2C(=O)CNC(=O)c2ccc3cc(F)ccc3n2)c(Cl)c1 O=C(NCC(=O)N1CCC[C@H]1C(=O)NCc1ccccc1)c1ccc2ccccc2n1 0.4695327 0.4695 0.7364865 0.7365 0.7779275 -9.9500 1.0000000 1.0000 []
 | 2.2505 4.8186 81.6214 0.6753121 CC(NC(=O)[C@@H]1C[C@@H](O)CN1C(=O)CNC(=O)c1ccc2cc(F)ccc2n1)c1ccc(Cl)cc1 1 COc1ccc([C@H](C)NC(=O)[C@@H]2C[C@@H](O)CN2C(=O)CNC(=O)c2ccc3cc(F)ccc3n2)c(Cl)c1 O=C(NCC(=O)N1CCC[C@H]1C(=O)NCc1ccccc1)c1ccc2ccccc2n1 0.4834885 0.4835 0.8014184 0.8014 0.7326326 -9.4700 1.0000000 1.0000 []
 | 2.3645 4.1297 72.0438 0.5951057 COc1ccc(CNC(=O)[C@@H]2C[C@@H](O)CN2C(=O)CNC(=O)c2ccc3cc(F)ccc3n2)cc1 1 COc1ccc([C@H](C)NC(=O)[C@@H]2C[C@@H](O)CN2C(=O)CNC(=O)c2ccc3cc(F)ccc3n2)c(Cl)c1 O=C(NCC(=O)N1CCC[C@H]1C(=O)NCc1ccccc1)c1ccc2ccccc2n1 0.4701237 0.4701 0.7832168 0.7832 0.5836347 -8.1600 1.0000000 1.0000 []
 | 2.2776 4.2698 80.8253 0.6648056 C[C@@H](NC(=O)[C@@H]1C[C@@H](O)CN1C(=O)CNC(=O)c1ccc2cc(F)ccc2n1)c1ccc(Cl)cc1 1 COc1ccc([C@H](C)NC(=O)[C@@H]2C[C@@H](O)CN2C(=O)CNC(=O)c2ccc3cc(F)ccc3n2)c(Cl)c1 O=C(NCC(=O)N1CCC[C@H]1C(=O)NCc1ccccc1)c1ccc2ccccc2n1 0.4834885 0.4835 0.8014184 0.8014 0.7100135 -9.2500 1.0000000 1.0000 []
 | 2.2128 4.3193 79.5056 0.6548825 O=C(NCC(=O)N1C[C@H](O)C[C@H]1C(=O)NCc1ccc(Cl)c(Cl)c1)c1ccc2cc(F)ccc2n1 1 COc1ccc([C@H](C)NC(=O)[C@@H]2C[C@@H](O)CN2C(=O)CNC(=O)c2ccc3cc(F)ccc3n2)c(Cl)c1 O=C(NCC(=O)N1CCC[C@H]1C(=O)NCc1ccccc1)c1ccc2ccccc2n1 0.4640416 0.4640 0.7114094 0.7114 0.7464290 -9.6100 1.0000000 1.0000 []
 | 2.3227 3.8934 81.6967 0.6686721 O=C(NCC(=O)N1C[C@H](O)C[C@H]1C(=O)NCc1ccc(Cl)cc1)c1ccc2cc(F)ccc2n1 1 COc1ccc([C@H](C)NC(=O)[C@@H]2C[C@@H](O)CN2C(=O)CNC(=O)c2ccc3cc(F)ccc3n2)c(Cl)c1 O=C(NCC(=O)N1CCC[C@H]1C(=O)NCc1ccccc1)c1ccc2ccccc2n1 0.4955094 0.4955 0.7260274 0.7260 0.7454593 -9.6000 1.0000000 1.0000 []
 | 2.3102 3.2004 77.2229 0.6283072 O=C(NCC(=O)N1C[C@H](O)C[C@H]1C(=O)NCc1cccc(Cl)c1)c1ccc2cc(F)ccc2n1 1 COc1ccc([C@H](C)NC(=O)[C@@H]2C[C@@H](O)CN2C(=O)CNC(=O)c2ccc3cc(F)ccc3n2)c(Cl)c1 O=C(NCC(=O)N1CCC[C@H]1C(=O)NCc1ccccc1)c1ccc2ccccc2n1 0.4955094 0.4955 0.7210884 0.7211 0.6604256 -8.8000 1.0000000 1.0000 []
 | 2.3894 4.2413 70.9730 0.5876117 O=C(NCC(=O)N1C[C@H](O)C[C@H]1C(=O)N[C@@H](CO)c1cccc(Cl)c1)c1ccc2cc(F)ccc2n1 1 COc1ccc([C@H](C)NC(=O)[C@@H]2C[C@@H](O)CN2C(=O)CNC(=O)c2ccc3cc(F)ccc3n2)c(Cl)c1 O=C(NCC(=O)N1CCC[C@H]1C(=O)NCc1ccccc1)c1ccc2ccccc2n1 0.3782864 0.3783 0.7432432 0.7432 0.6511860 -8.7200 1.0000000 1.0000 []
 | 2.3544 4.6734 74.2686 0.6167343 O=C(NCC(=O)N1C[C@H](O)C[C@H]1C(=O)N[C@H](CO)c1cccc(Cl)c1)c1ccc2cc(F)ccc2n1 1 COc1ccc([C@H](C)NC(=O)[C@@H]2C[C@@H](O)CN2C(=O)CNC(=O)c2ccc3cc(F)ccc3n2)c(Cl)c1 O=C(NCC(=O)N1CCC[C@H]1C(=O)NCc1ccccc1)c1ccc2ccccc2n1 0.3782864 0.3783 0.7432432 0.7432 0.7173324 -9.3200 1.0000000 1.0000 []
00:29:03 <INFO> Score: 0.64 Agent NLL: 2.31 Valid: 100% Step: 79
 | Agent Prior Target Score SMILES SMILES_state Input_SMILES Scaffold QED QED (raw) TanimotoDistance TanimotoDistance (raw) maize maize (raw) Unwanted SMARTS Unwanted SMARTS (raw) matchting_patterns (Unwanted SMARTS)
 | 2.3007 8.7137 77.1655 0.6709312 CC(C)C(NC(=O)[C@@H]1C[C@@H](O)CN1C(=O)CNC(=O)c1ccc2cc(F)ccc2n1)c1ccc(Cl)cc1 1 COc1ccc([C@H](C)NC(=O)[C@@H]2C[C@@H](O)CN2C(=O)CNC(=O)c2ccc3cc(F)ccc3n2)c(Cl)c1 O=C(NCC(=O)N1CCC[C@H]1C(=O)NCc1ccccc1)c1ccc2ccccc2n1 0.4374885 0.4375 0.7619048 0.7619 0.7796905 -9.9700 1.0000000 1.0000 []
 | 2.2505 4.0491 82.5249 0.6763589 CC(C)C(NC(=O)[C@@H]1C[C@@H](O)CN1C(=O)CNC(=O)c1ccc2cc(F)ccc2n1)c1ccccc1 1 COc1ccc([C@H](C)NC(=O)[C@@H]2C[C@@H](O)CN2C(=O)CNC(=O)c2ccc3cc(F)ccc3n2)c(Cl)c1 O=C(NCC(=O)N1CCC[C@H]1C(=O)NCc1ccccc1)c1ccc2ccccc2n1 0.4695327 0.4695 0.7364865 0.7365 0.7779275 -9.9500 1.0000000 1.0000 []
 | 2.2628 4.8186 81.6214 0.6753121 CC(NC(=O)[C@@H]1C[C@@H](O)CN1C(=O)CNC(=O)c1ccc2cc(F)ccc2n1)c1ccc(Cl)cc1 1 COc1ccc([C@H](C)NC(=O)[C@@H]2C[C@@H](O)CN2C(=O)CNC(=O)c2ccc3cc(F)ccc3n2)c(Cl)c1 O=C(NCC(=O)N1CCC[C@H]1C(=O)NCc1ccccc1)c1ccc2ccccc2n1 0.4834885 0.4835 0.8014184 0.8014 0.7326326 -9.4700 1.0000000 1.0000 []
 | 2.3650 4.1297 72.0438 0.5951057 COc1ccc(CNC(=O)[C@@H]2C[C@@H](O)CN2C(=O)CNC(=O)c2ccc3cc(F)ccc3n2)cc1 1 COc1ccc([C@H](C)NC(=O)[C@@H]2C[C@@H](O)CN2C(=O)CNC(=O)c2ccc3cc(F)ccc3n2)c(Cl)c1 O=C(NCC(=O)N1CCC[C@H]1C(=O)NCc1ccccc1)c1ccc2ccccc2n1 0.4701237 0.4701 0.7832168 0.7832 0.5836347 -8.1600 1.0000000 1.0000 []
 | 2.2784 4.2698 80.8253 0.6648056 C[C@@H](NC(=O)[C@@H]1C[C@@H](O)CN1C(=O)CNC(=O)c1ccc2cc(F)ccc2n1)c1ccc(Cl)cc1 1 COc1ccc([C@H](C)NC(=O)[C@@H]2C[C@@H](O)CN2C(=O)CNC(=O)c2ccc3cc(F)ccc3n2)c(Cl)c1 O=C(NCC(=O)N1CCC[C@H]1C(=O)NCc1ccccc1)c1ccc2ccccc2n1 0.4834885 0.4835 0.8014184 0.8014 0.7100135 -9.2500 1.0000000 1.0000 []
 | 2.3772 4.3193 79.5056 0.6548825 O=C(NCC(=O)N1C[C@H](O)C[C@H]1C(=O)NCc1ccc(Cl)c(Cl)c1)c1ccc2cc(F)ccc2n1 1 COc1ccc([C@H](C)NC(=O)[C@@H]2C[C@@H](O)CN2C(=O)CNC(=O)c2ccc3cc(F)ccc3n2)c(Cl)c1 O=C(NCC(=O)N1CCC[C@H]1C(=O)NCc1ccccc1)c1ccc2ccccc2n1 0.4640416 0.4640 0.7114094 0.7114 0.7464290 -9.6100 1.0000000 1.0000 []
 | 2.1756 3.8934 81.6967 0.6686721 O=C(NCC(=O)N1C[C@H](O)C[C@H]1C(=O)NCc1ccc(Cl)cc1)c1ccc2cc(F)ccc2n1 1 COc1ccc([C@H](C)NC(=O)[C@@H]2C[C@@H](O)CN2C(=O)CNC(=O)c2ccc3cc(F)ccc3n2)c(Cl)c1 O=C(NCC(=O)N1CCC[C@H]1C(=O)NCc1ccccc1)c1ccc2ccccc2n1 0.4955094 0.4955 0.7260274 0.7260 0.7454593 -9.6000 1.0000000 1.0000 []
 | 2.3086 3.2004 77.2229 0.6283072 O=C(NCC(=O)N1C[C@H](O)C[C@H]1C(=O)NCc1cccc(Cl)c1)c1ccc2cc(F)ccc2n1 1 COc1ccc([C@H](C)NC(=O)[C@@H]2C[C@@H](O)CN2C(=O)CNC(=O)c2ccc3cc(F)ccc3n2)c(Cl)c1 O=C(NCC(=O)N1CCC[C@H]1C(=O)NCc1ccccc1)c1ccc2ccccc2n1 0.4955094 0.4955 0.7210884 0.7211 0.6604256 -8.8000 1.0000000 1.0000 []
 | 2.3863 4.2413 70.9730 0.5876117 O=C(NCC(=O)N1C[C@H](O)C[C@H]1C(=O)N[C@@H](CO)c1cccc(Cl)c1)c1ccc2cc(F)ccc2n1 1 COc1ccc([C@H](C)NC(=O)[C@@H]2C[C@@H](O)CN2C(=O)CNC(=O)c2ccc3cc(F)ccc3n2)c(Cl)c1 O=C(NCC(=O)N1CCC[C@H]1C(=O)NCc1ccccc1)c1ccc2ccccc2n1 0.3782864 0.3783 0.7432432 0.7432 0.6511860 -8.7200 1.0000000 1.0000 []
 | 2.3493 4.6734 74.2686 0.6167343 O=C(NCC(=O)N1C[C@H](O)C[C@H]1C(=O)N[C@H](CO)c1cccc(Cl)c1)c1ccc2cc(F)ccc2n1 1 COc1ccc([C@H](C)NC(=O)[C@@H]2C[C@@H](O)CN2C(=O)CNC(=O)c2ccc3cc(F)ccc3n2)c(Cl)c1 O=C(NCC(=O)N1CCC[C@H]1C(=O)NCc1ccccc1)c1ccc2ccccc2n1 0.3782864 0.3783 0.7432432 0.7432 0.7173324 -9.3200 1.0000000 1.0000 []
00:29:05 <INFO> Score: 0.64 Agent NLL: 2.31 Valid: 100% Step: 80
 | Agent Prior Target Score SMILES SMILES_state Input_SMILES Scaffold QED QED (raw) TanimotoDistance TanimotoDistance (raw) maize maize (raw) Unwanted SMARTS Unwanted SMARTS (raw) matchting_patterns (Unwanted SMARTS)
 | 2.2978 8.7137 77.1655 0.6709312 CC(C)C(NC(=O)[C@@H]1C[C@@H](O)CN1C(=O)CNC(=O)c1ccc2cc(F)ccc2n1)c1ccc(Cl)cc1 1 COc1ccc([C@H](C)NC(=O)[C@@H]2C[C@@H](O)CN2C(=O)CNC(=O)c2ccc3cc(F)ccc3n2)c(Cl)c1 O=C(NCC(=O)N1CCC[C@H]1C(=O)NCc1ccccc1)c1ccc2ccccc2n1 0.4374885 0.4375 0.7619048 0.7619 0.7796905 -9.9700 1.0000000 1.0000 []
 | 2.2533 4.0491 82.5249 0.6763589 CC(C)C(NC(=O)[C@@H]1C[C@@H](O)CN1C(=O)CNC(=O)c1ccc2cc(F)ccc2n1)c1ccccc1 1 COc1ccc([C@H](C)NC(=O)[C@@H]2C[C@@H](O)CN2C(=O)CNC(=O)c2ccc3cc(F)ccc3n2)c(Cl)c1 O=C(NCC(=O)N1CCC[C@H]1C(=O)NCc1ccccc1)c1ccc2ccccc2n1 0.4695327 0.4695 0.7364865 0.7365 0.7779275 -9.9500 1.0000000 1.0000 []
 | 2.2640 4.8186 81.6214 0.6753121 CC(NC(=O)[C@@H]1C[C@@H](O)CN1C(=O)CNC(=O)c1ccc2cc(F)ccc2n1)c1ccc(Cl)cc1 1 COc1ccc([C@H](C)NC(=O)[C@@H]2C[C@@H](O)CN2C(=O)CNC(=O)c2ccc3cc(F)ccc3n2)c(Cl)c1 O=C(NCC(=O)N1CCC[C@H]1C(=O)NCc1ccccc1)c1ccc2ccccc2n1 0.4834885 0.4835 0.8014184 0.8014 0.7326326 -9.4700 1.0000000 1.0000 []
 | 2.3713 4.1297 72.0438 0.5951057 COc1ccc(CNC(=O)[C@@H]2C[C@@H](O)CN2C(=O)CNC(=O)c2ccc3cc(F)ccc3n2)cc1 1 COc1ccc([C@H](C)NC(=O)[C@@H]2C[C@@H](O)CN2C(=O)CNC(=O)c2ccc3cc(F)ccc3n2)c(Cl)c1 O=C(NCC(=O)N1CCC[C@H]1C(=O)NCc1ccccc1)c1ccc2ccccc2n1 0.4701237 0.4701 0.7832168 0.7832 0.5836347 -8.1600 1.0000000 1.0000 []
 | 2.2765 4.2698 80.8253 0.6648056 C[C@@H](NC(=O)[C@@H]1C[C@@H](O)CN1C(=O)CNC(=O)c1ccc2cc(F)ccc2n1)c1ccc(Cl)cc1 1 COc1ccc([C@H](C)NC(=O)[C@@H]2C[C@@H](O)CN2C(=O)CNC(=O)c2ccc3cc(F)ccc3n2)c(Cl)c1 O=C(NCC(=O)N1CCC[C@H]1C(=O)NCc1ccccc1)c1ccc2ccccc2n1 0.4834885 0.4835 0.8014184 0.8014 0.7100135 -9.2500 1.0000000 1.0000 []
 | 2.1976 4.3193 79.5056 0.6548825 O=C(NCC(=O)N1C[C@H](O)C[C@H]1C(=O)NCc1ccc(Cl)c(Cl)c1)c1ccc2cc(F)ccc2n1 1 COc1ccc([C@H](C)NC(=O)[C@@H]2C[C@@H](O)CN2C(=O)CNC(=O)c2ccc3cc(F)ccc3n2)c(Cl)c1 O=C(NCC(=O)N1CCC[C@H]1C(=O)NCc1ccccc1)c1ccc2ccccc2n1 0.4640416 0.4640 0.7114094 0.7114 0.7464290 -9.6100 1.0000000 1.0000 []
 | 2.3620 3.8934 81.6967 0.6686721 O=C(NCC(=O)N1C[C@H](O)C[C@H]1C(=O)NCc1ccc(Cl)cc1)c1ccc2cc(F)ccc2n1 1 COc1ccc([C@H](C)NC(=O)[C@@H]2C[C@@H](O)CN2C(=O)CNC(=O)c2ccc3cc(F)ccc3n2)c(Cl)c1 O=C(NCC(=O)N1CCC[C@H]1C(=O)NCc1ccccc1)c1ccc2ccccc2n1 0.4955094 0.4955 0.7260274 0.7260 0.7454593 -9.6000 1.0000000 1.0000 []
 | 2.3024 3.2004 77.2229 0.6283072 O=C(NCC(=O)N1C[C@H](O)C[C@H]1C(=O)NCc1cccc(Cl)c1)c1ccc2cc(F)ccc2n1 1 COc1ccc([C@H](C)NC(=O)[C@@H]2C[C@@H](O)CN2C(=O)CNC(=O)c2ccc3cc(F)ccc3n2)c(Cl)c1 O=C(NCC(=O)N1CCC[C@H]1C(=O)NCc1ccccc1)c1ccc2ccccc2n1 0.4955094 0.4955 0.7210884 0.7211 0.6604256 -8.8000 1.0000000 1.0000 []
 | 2.3838 4.2413 70.9730 0.5876117 O=C(NCC(=O)N1C[C@H](O)C[C@H]1C(=O)N[C@@H](CO)c1cccc(Cl)c1)c1ccc2cc(F)ccc2n1 1 COc1ccc([C@H](C)NC(=O)[C@@H]2C[C@@H](O)CN2C(=O)CNC(=O)c2ccc3cc(F)ccc3n2)c(Cl)c1 O=C(NCC(=O)N1CCC[C@H]1C(=O)NCc1ccccc1)c1ccc2ccccc2n1 0.3782864 0.3783 0.7432432 0.7432 0.6511860 -8.7200 1.0000000 1.0000 []
 | 2.3414 4.6734 74.2686 0.6167343 O=C(NCC(=O)N1C[C@H](O)C[C@H]1C(=O)N[C@H](CO)c1cccc(Cl)c1)c1ccc2cc(F)ccc2n1 1 COc1ccc([C@H](C)NC(=O)[C@@H]2C[C@@H](O)CN2C(=O)CNC(=O)c2ccc3cc(F)ccc3n2)c(Cl)c1 O=C(NCC(=O)N1CCC[C@H]1C(=O)NCc1ccccc1)c1ccc2ccccc2n1 0.3782864 0.3783 0.7432432 0.7432 0.7173324 -9.3200 1.0000000 1.0000 []
00:29:06 <INFO> Score: 0.64 Agent NLL: 2.31 Valid: 100% Step: 81
 | Agent Prior Target Score SMILES SMILES_state Input_SMILES Scaffold QED QED (raw) TanimotoDistance TanimotoDistance (raw) maize maize (raw) Unwanted SMARTS Unwanted SMARTS (raw) matchting_patterns (Unwanted SMARTS)
 | 2.3184 8.7137 77.1655 0.6709312 CC(C)C(NC(=O)[C@@H]1C[C@@H](O)CN1C(=O)CNC(=O)c1ccc2cc(F)ccc2n1)c1ccc(Cl)cc1 1 COc1ccc([C@H](C)NC(=O)[C@@H]2C[C@@H](O)CN2C(=O)CNC(=O)c2ccc3cc(F)ccc3n2)c(Cl)c1 O=C(NCC(=O)N1CCC[C@H]1C(=O)NCc1ccccc1)c1ccc2ccccc2n1 0.4374885 0.4375 0.7619048 0.7619 0.7796905 -9.9700 1.0000000 1.0000 []
 | 2.2529 4.0491 82.5249 0.6763589 CC(C)C(NC(=O)[C@@H]1C[C@@H](O)CN1C(=O)CNC(=O)c1ccc2cc(F)ccc2n1)c1ccccc1 1 COc1ccc([C@H](C)NC(=O)[C@@H]2C[C@@H](O)CN2C(=O)CNC(=O)c2ccc3cc(F)ccc3n2)c(Cl)c1 O=C(NCC(=O)N1CCC[C@H]1C(=O)NCc1ccccc1)c1ccc2ccccc2n1 0.4695327 0.4695 0.7364865 0.7365 0.7779275 -9.9500 1.0000000 1.0000 []
 | 2.2423 4.8186 81.6214 0.6753121 CC(NC(=O)[C@@H]1C[C@@H](O)CN1C(=O)CNC(=O)c1ccc2cc(F)ccc2n1)c1ccc(Cl)cc1 1 COc1ccc([C@H](C)NC(=O)[C@@H]2C[C@@H](O)CN2C(=O)CNC(=O)c2ccc3cc(F)ccc3n2)c(Cl)c1 O=C(NCC(=O)N1CCC[C@H]1C(=O)NCc1ccccc1)c1ccc2ccccc2n1 0.4834885 0.4835 0.8014184 0.8014 0.7326326 -9.4700 1.0000000 1.0000 []
 | 2.3722 4.1297 72.0438 0.5951057 COc1ccc(CNC(=O)[C@@H]2C[C@@H](O)CN2C(=O)CNC(=O)c2ccc3cc(F)ccc3n2)cc1 1 COc1ccc([C@H](C)NC(=O)[C@@H]2C[C@@H](O)CN2C(=O)CNC(=O)c2ccc3cc(F)ccc3n2)c(Cl)c1 O=C(NCC(=O)N1CCC[C@H]1C(=O)NCc1ccccc1)c1ccc2ccccc2n1 0.4701237 0.4701 0.7832168 0.7832 0.5836347 -8.1600 1.0000000 1.0000 []
 | 2.2674 4.2698 80.8253 0.6648056 C[C@@H](NC(=O)[C@@H]1C[C@@H](O)CN1C(=O)CNC(=O)c1ccc2cc(F)ccc2n1)c1ccc(Cl)cc1 1 COc1ccc([C@H](C)NC(=O)[C@@H]2C[C@@H](O)CN2C(=O)CNC(=O)c2ccc3cc(F)ccc3n2)c(Cl)c1 O=C(NCC(=O)N1CCC[C@H]1C(=O)NCc1ccccc1)c1ccc2ccccc2n1 0.4834885 0.4835 0.8014184 0.8014 0.7100135 -9.2500 1.0000000 1.0000 []
 | 2.3887 4.3193 79.5056 0.6548825 O=C(NCC(=O)N1C[C@H](O)C[C@H]1C(=O)NCc1ccc(Cl)c(Cl)c1)c1ccc2cc(F)ccc2n1 1 COc1ccc([C@H](C)NC(=O)[C@@H]2C[C@@H](O)CN2C(=O)CNC(=O)c2ccc3cc(F)ccc3n2)c(Cl)c1 O=C(NCC(=O)N1CCC[C@H]1C(=O)NCc1ccccc1)c1ccc2ccccc2n1 0.4640416 0.4640 0.7114094 0.7114 0.7464290 -9.6100 1.0000000 1.0000 []
 | 2.1714 3.8934 81.6967 0.6686721 O=C(NCC(=O)N1C[C@H](O)C[C@H]1C(=O)NCc1ccc(Cl)cc1)c1ccc2cc(F)ccc2n1 1 COc1ccc([C@H](C)NC(=O)[C@@H]2C[C@@H](O)CN2C(=O)CNC(=O)c2ccc3cc(F)ccc3n2)c(Cl)c1 O=C(NCC(=O)N1CCC[C@H]1C(=O)NCc1ccccc1)c1ccc2ccccc2n1 0.4955094 0.4955 0.7260274 0.7260 0.7454593 -9.6000 1.0000000 1.0000 []
 | 2.3040 3.2004 77.2229 0.6283072 O=C(NCC(=O)N1C[C@H](O)C[C@H]1C(=O)NCc1cccc(Cl)c1)c1ccc2cc(F)ccc2n1 1 COc1ccc([C@H](C)NC(=O)[C@@H]2C[C@@H](O)CN2C(=O)CNC(=O)c2ccc3cc(F)ccc3n2)c(Cl)c1 O=C(NCC(=O)N1CCC[C@H]1C(=O)NCc1ccccc1)c1ccc2ccccc2n1 0.4955094 0.4955 0.7210884 0.7211 0.6604256 -8.8000 1.0000000 1.0000 []
 | 2.3928 4.2413 70.9730 0.5876117 O=C(NCC(=O)N1C[C@H](O)C[C@H]1C(=O)N[C@@H](CO)c1cccc(Cl)c1)c1ccc2cc(F)ccc2n1 1 COc1ccc([C@H](C)NC(=O)[C@@H]2C[C@@H](O)CN2C(=O)CNC(=O)c2ccc3cc(F)ccc3n2)c(Cl)c1 O=C(NCC(=O)N1CCC[C@H]1C(=O)NCc1ccccc1)c1ccc2ccccc2n1 0.3782864 0.3783 0.7432432 0.7432 0.6511860 -8.7200 1.0000000 1.0000 []
 | 2.3477 4.6734 74.2686 0.6167343 O=C(NCC(=O)N1C[C@H](O)C[C@H]1C(=O)N[C@H](CO)c1cccc(Cl)c1)c1ccc2cc(F)ccc2n1 1 COc1ccc([C@H](C)NC(=O)[C@@H]2C[C@@H](O)CN2C(=O)CNC(=O)c2ccc3cc(F)ccc3n2)c(Cl)c1 O=C(NCC(=O)N1CCC[C@H]1C(=O)NCc1ccccc1)c1ccc2ccccc2n1 0.3782864 0.3783 0.7432432 0.7432 0.7173324 -9.3200 1.0000000 1.0000 []
00:29:07 <INFO> Score: 0.64 Agent NLL: 2.31 Valid: 100% Step: 82
 | Agent Prior Target Score SMILES SMILES_state Input_SMILES Scaffold QED QED (raw) TanimotoDistance TanimotoDistance (raw) maize maize (raw) Unwanted SMARTS Unwanted SMARTS (raw) matchting_patterns (Unwanted SMARTS)
 | 2.3099 8.7137 77.1655 0.6709312 CC(C)C(NC(=O)[C@@H]1C[C@@H](O)CN1C(=O)CNC(=O)c1ccc2cc(F)ccc2n1)c1ccc(Cl)cc1 1 COc1ccc([C@H](C)NC(=O)[C@@H]2C[C@@H](O)CN2C(=O)CNC(=O)c2ccc3cc(F)ccc3n2)c(Cl)c1 O=C(NCC(=O)N1CCC[C@H]1C(=O)NCc1ccccc1)c1ccc2ccccc2n1 0.4374885 0.4375 0.7619048 0.7619 0.7796905 -9.9700 1.0000000 1.0000 []
 | 2.2409 4.0491 82.5249 0.6763589 CC(C)C(NC(=O)[C@@H]1C[C@@H](O)CN1C(=O)CNC(=O)c1ccc2cc(F)ccc2n1)c1ccccc1 1 COc1ccc([C@H](C)NC(=O)[C@@H]2C[C@@H](O)CN2C(=O)CNC(=O)c2ccc3cc(F)ccc3n2)c(Cl)c1 O=C(NCC(=O)N1CCC[C@H]1C(=O)NCc1ccccc1)c1ccc2ccccc2n1 0.4695327 0.4695 0.7364865 0.7365 0.7779275 -9.9500 1.0000000 1.0000 []
 | 2.2699 4.8186 81.6214 0.6753121 CC(NC(=O)[C@@H]1C[C@@H](O)CN1C(=O)CNC(=O)c1ccc2cc(F)ccc2n1)c1ccc(Cl)cc1 1 COc1ccc([C@H](C)NC(=O)[C@@H]2C[C@@H](O)CN2C(=O)CNC(=O)c2ccc3cc(F)ccc3n2)c(Cl)c1 O=C(NCC(=O)N1CCC[C@H]1C(=O)NCc1ccccc1)c1ccc2ccccc2n1 0.4834885 0.4835 0.8014184 0.8014 0.7326326 -9.4700 1.0000000 1.0000 []
 | 2.3821 4.1297 72.0438 0.5951057 COc1ccc(CNC(=O)[C@@H]2C[C@@H](O)CN2C(=O)CNC(=O)c2ccc3cc(F)ccc3n2)cc1 1 COc1ccc([C@H](C)NC(=O)[C@@H]2C[C@@H](O)CN2C(=O)CNC(=O)c2ccc3cc(F)ccc3n2)c(Cl)c1 O=C(NCC(=O)N1CCC[C@H]1C(=O)NCc1ccccc1)c1ccc2ccccc2n1 0.4701237 0.4701 0.7832168 0.7832 0.5836347 -8.1600 1.0000000 1.0000 []
 | 2.2655 4.2698 80.8253 0.6648056 C[C@@H](NC(=O)[C@@H]1C[C@@H](O)CN1C(=O)CNC(=O)c1ccc2cc(F)ccc2n1)c1ccc(Cl)cc1 1 COc1ccc([C@H](C)NC(=O)[C@@H]2C[C@@H](O)CN2C(=O)CNC(=O)c2ccc3cc(F)ccc3n2)c(Cl)c1 O=C(NCC(=O)N1CCC[C@H]1C(=O)NCc1ccccc1)c1ccc2ccccc2n1 0.4834885 0.4835 0.8014184 0.8014 0.7100135 -9.2500 1.0000000 1.0000 []
 | 2.2053 4.3193 79.5056 0.6548825 O=C(NCC(=O)N1C[C@H](O)C[C@H]1C(=O)NCc1ccc(Cl)c(Cl)c1)c1ccc2cc(F)ccc2n1 1 COc1ccc([C@H](C)NC(=O)[C@@H]2C[C@@H](O)CN2C(=O)CNC(=O)c2ccc3cc(F)ccc3n2)c(Cl)c1 O=C(NCC(=O)N1CCC[C@H]1C(=O)NCc1ccccc1)c1ccc2ccccc2n1 0.4640416 0.4640 0.7114094 0.7114 0.7464290 -9.6100 1.0000000 1.0000 []
 | 2.3350 3.8934 81.6967 0.6686721 O=C(NCC(=O)N1C[C@H](O)C[C@H]1C(=O)NCc1ccc(Cl)cc1)c1ccc2cc(F)ccc2n1 1 COc1ccc([C@H](C)NC(=O)[C@@H]2C[C@@H](O)CN2C(=O)CNC(=O)c2ccc3cc(F)ccc3n2)c(Cl)c1 O=C(NCC(=O)N1CCC[C@H]1C(=O)NCc1ccccc1)c1ccc2ccccc2n1 0.4955094 0.4955 0.7260274 0.7260 0.7454593 -9.6000 1.0000000 1.0000 []
 | 2.3001 3.2004 77.2229 0.6283072 O=C(NCC(=O)N1C[C@H](O)C[C@H]1C(=O)NCc1cccc(Cl)c1)c1ccc2cc(F)ccc2n1 1 COc1ccc([C@H](C)NC(=O)[C@@H]2C[C@@H](O)CN2C(=O)CNC(=O)c2ccc3cc(F)ccc3n2)c(Cl)c1 O=C(NCC(=O)N1CCC[C@H]1C(=O)NCc1ccccc1)c1ccc2ccccc2n1 0.4955094 0.4955 0.7210884 0.7211 0.6604256 -8.8000 1.0000000 1.0000 []
 | 2.3953 4.2413 70.9730 0.5876117 O=C(NCC(=O)N1C[C@H](O)C[C@H]1C(=O)N[C@@H](CO)c1cccc(Cl)c1)c1ccc2cc(F)ccc2n1 1 COc1ccc([C@H](C)NC(=O)[C@@H]2C[C@@H](O)CN2C(=O)CNC(=O)c2ccc3cc(F)ccc3n2)c(Cl)c1 O=C(NCC(=O)N1CCC[C@H]1C(=O)NCc1ccccc1)c1ccc2ccccc2n1 0.3782864 0.3783 0.7432432 0.7432 0.6511860 -8.7200 1.0000000 1.0000 []
 | 2.3465 4.6734 74.2686 0.6167343 O=C(NCC(=O)N1C[C@H](O)C[C@H]1C(=O)N[C@H](CO)c1cccc(Cl)c1)c1ccc2cc(F)ccc2n1 1 COc1ccc([C@H](C)NC(=O)[C@@H]2C[C@@H](O)CN2C(=O)CNC(=O)c2ccc3cc(F)ccc3n2)c(Cl)c1 O=C(NCC(=O)N1CCC[C@H]1C(=O)NCc1ccccc1)c1ccc2ccccc2n1 0.3782864 0.3783 0.7432432 0.7432 0.7173324 -9.3200 1.0000000 1.0000 []
00:29:09 <INFO> Score: 0.64 Agent NLL: 2.31 Valid: 100% Step: 83
 | Agent Prior Target Score SMILES SMILES_state Input_SMILES Scaffold QED QED (raw) TanimotoDistance TanimotoDistance (raw) maize maize (raw) Unwanted SMARTS Unwanted SMARTS (raw) matchting_patterns (Unwanted SMARTS)
 | 2.3233 8.7137 77.1655 0.6709312 CC(C)C(NC(=O)[C@@H]1C[C@@H](O)CN1C(=O)CNC(=O)c1ccc2cc(F)ccc2n1)c1ccc(Cl)cc1 1 COc1ccc([C@H](C)NC(=O)[C@@H]2C[C@@H](O)CN2C(=O)CNC(=O)c2ccc3cc(F)ccc3n2)c(Cl)c1 O=C(NCC(=O)N1CCC[C@H]1C(=O)NCc1ccccc1)c1ccc2ccccc2n1 0.4374885 0.4375 0.7619048 0.7619 0.7796905 -9.9700 1.0000000 1.0000 []
 | 2.2434 4.0491 82.5249 0.6763589 CC(C)C(NC(=O)[C@@H]1C[C@@H](O)CN1C(=O)CNC(=O)c1ccc2cc(F)ccc2n1)c1ccccc1 1 COc1ccc([C@H](C)NC(=O)[C@@H]2C[C@@H](O)CN2C(=O)CNC(=O)c2ccc3cc(F)ccc3n2)c(Cl)c1 O=C(NCC(=O)N1CCC[C@H]1C(=O)NCc1ccccc1)c1ccc2ccccc2n1 0.4695327 0.4695 0.7364865 0.7365 0.7779275 -9.9500 1.0000000 1.0000 []
 | 2.2506 4.8186 81.6214 0.6753121 CC(NC(=O)[C@@H]1C[C@@H](O)CN1C(=O)CNC(=O)c1ccc2cc(F)ccc2n1)c1ccc(Cl)cc1 1 COc1ccc([C@H](C)NC(=O)[C@@H]2C[C@@H](O)CN2C(=O)CNC(=O)c2ccc3cc(F)ccc3n2)c(Cl)c1 O=C(NCC(=O)N1CCC[C@H]1C(=O)NCc1ccccc1)c1ccc2ccccc2n1 0.4834885 0.4835 0.8014184 0.8014 0.7326326 -9.4700 1.0000000 1.0000 []
 | 2.3829 4.1297 72.0438 0.5951057 COc1ccc(CNC(=O)[C@@H]2C[C@@H](O)CN2C(=O)CNC(=O)c2ccc3cc(F)ccc3n2)cc1 1 COc1ccc([C@H](C)NC(=O)[C@@H]2C[C@@H](O)CN2C(=O)CNC(=O)c2ccc3cc(F)ccc3n2)c(Cl)c1 O=C(NCC(=O)N1CCC[C@H]1C(=O)NCc1ccccc1)c1ccc2ccccc2n1 0.4701237 0.4701 0.7832168 0.7832 0.5836347 -8.1600 1.0000000 1.0000 []
 | 2.2580 4.2698 80.8253 0.6648056 C[C@@H](NC(=O)[C@@H]1C[C@@H](O)CN1C(=O)CNC(=O)c1ccc2cc(F)ccc2n1)c1ccc(Cl)cc1 1 COc1ccc([C@H](C)NC(=O)[C@@H]2C[C@@H](O)CN2C(=O)CNC(=O)c2ccc3cc(F)ccc3n2)c(Cl)c1 O=C(NCC(=O)N1CCC[C@H]1C(=O)NCc1ccccc1)c1ccc2ccccc2n1 0.4834885 0.4835 0.8014184 0.8014 0.7100135 -9.2500 1.0000000 1.0000 []
 | 2.3253 4.3193 79.5056 0.6548825 O=C(NCC(=O)N1C[C@H](O)C[C@H]1C(=O)NCc1ccc(Cl)c(Cl)c1)c1ccc2cc(F)ccc2n1 1 COc1ccc([C@H](C)NC(=O)[C@@H]2C[C@@H](O)CN2C(=O)CNC(=O)c2ccc3cc(F)ccc3n2)c(Cl)c1 O=C(NCC(=O)N1CCC[C@H]1C(=O)NCc1ccccc1)c1ccc2ccccc2n1 0.4640416 0.4640 0.7114094 0.7114 0.7464290 -9.6100 1.0000000 1.0000 []
 | 2.2111 3.8934 81.6967 0.6686721 O=C(NCC(=O)N1C[C@H](O)C[C@H]1C(=O)NCc1ccc(Cl)cc1)c1ccc2cc(F)ccc2n1 1 COc1ccc([C@H](C)NC(=O)[C@@H]2C[C@@H](O)CN2C(=O)CNC(=O)c2ccc3cc(F)ccc3n2)c(Cl)c1 O=C(NCC(=O)N1CCC[C@H]1C(=O)NCc1ccccc1)c1ccc2ccccc2n1 0.4955094 0.4955 0.7260274 0.7260 0.7454593 -9.6000 1.0000000 1.0000 []
 | 2.3110 3.2004 77.2229 0.6283072 O=C(NCC(=O)N1C[C@H](O)C[C@H]1C(=O)NCc1cccc(Cl)c1)c1ccc2cc(F)ccc2n1 1 COc1ccc([C@H](C)NC(=O)[C@@H]2C[C@@H](O)CN2C(=O)CNC(=O)c2ccc3cc(F)ccc3n2)c(Cl)c1 O=C(NCC(=O)N1CCC[C@H]1C(=O)NCc1ccccc1)c1ccc2ccccc2n1 0.4955094 0.4955 0.7210884 0.7211 0.6604256 -8.8000 1.0000000 1.0000 []
 | 2.3967 4.2413 70.9730 0.5876117 O=C(NCC(=O)N1C[C@H](O)C[C@H]1C(=O)N[C@@H](CO)c1cccc(Cl)c1)c1ccc2cc(F)ccc2n1 1 COc1ccc([C@H](C)NC(=O)[C@@H]2C[C@@H](O)CN2C(=O)CNC(=O)c2ccc3cc(F)ccc3n2)c(Cl)c1 O=C(NCC(=O)N1CCC[C@H]1C(=O)NCc1ccccc1)c1ccc2ccccc2n1 0.3782864 0.3783 0.7432432 0.7432 0.6511860 -8.7200 1.0000000 1.0000 []
 | 2.3489 4.6734 74.2686 0.6167343 O=C(NCC(=O)N1C[C@H](O)C[C@H]1C(=O)N[C@H](CO)c1cccc(Cl)c1)c1ccc2cc(F)ccc2n1 1 COc1ccc([C@H](C)NC(=O)[C@@H]2C[C@@H](O)CN2C(=O)CNC(=O)c2ccc3cc(F)ccc3n2)c(Cl)c1 O=C(NCC(=O)N1CCC[C@H]1C(=O)NCc1ccccc1)c1ccc2ccccc2n1 0.3782864 0.3783 0.7432432 0.7432 0.7173324 -9.3200 1.0000000 1.0000 []
00:29:10 <INFO> Score: 0.64 Agent NLL: 2.30 Valid: 100% Step: 84
 | Agent Prior Target Score SMILES SMILES_state Input_SMILES Scaffold QED QED (raw) TanimotoDistance TanimotoDistance (raw) maize maize (raw) Unwanted SMARTS Unwanted SMARTS (raw) matchting_patterns (Unwanted SMARTS)
 | 2.3151 8.7137 77.1655 0.6709312 CC(C)C(NC(=O)[C@@H]1C[C@@H](O)CN1C(=O)CNC(=O)c1ccc2cc(F)ccc2n1)c1ccc(Cl)cc1 1 COc1ccc([C@H](C)NC(=O)[C@@H]2C[C@@H](O)CN2C(=O)CNC(=O)c2ccc3cc(F)ccc3n2)c(Cl)c1 O=C(NCC(=O)N1CCC[C@H]1C(=O)NCc1ccccc1)c1ccc2ccccc2n1 0.4374885 0.4375 0.7619048 0.7619 0.7796905 -9.9700 1.0000000 1.0000 []
 | 2.2415 4.0491 82.5249 0.6763589 CC(C)C(NC(=O)[C@@H]1C[C@@H](O)CN1C(=O)CNC(=O)c1ccc2cc(F)ccc2n1)c1ccccc1 1 COc1ccc([C@H](C)NC(=O)[C@@H]2C[C@@H](O)CN2C(=O)CNC(=O)c2ccc3cc(F)ccc3n2)c(Cl)c1 O=C(NCC(=O)N1CCC[C@H]1C(=O)NCc1ccccc1)c1ccc2ccccc2n1 0.4695327 0.4695 0.7364865 0.7365 0.7779275 -9.9500 1.0000000 1.0000 []
 | 2.2591 4.8186 81.6214 0.6753121 CC(NC(=O)[C@@H]1C[C@@H](O)CN1C(=O)CNC(=O)c1ccc2cc(F)ccc2n1)c1ccc(Cl)cc1 1 COc1ccc([C@H](C)NC(=O)[C@@H]2C[C@@H](O)CN2C(=O)CNC(=O)c2ccc3cc(F)ccc3n2)c(Cl)c1 O=C(NCC(=O)N1CCC[C@H]1C(=O)NCc1ccccc1)c1ccc2ccccc2n1 0.4834885 0.4835 0.8014184 0.8014 0.7326326 -9.4700 1.0000000 1.0000 []
 | 2.3864 4.1297 72.0438 0.5951057 COc1ccc(CNC(=O)[C@@H]2C[C@@H](O)CN2C(=O)CNC(=O)c2ccc3cc(F)ccc3n2)cc1 1 COc1ccc([C@H](C)NC(=O)[C@@H]2C[C@@H](O)CN2C(=O)CNC(=O)c2ccc3cc(F)ccc3n2)c(Cl)c1 O=C(NCC(=O)N1CCC[C@H]1C(=O)NCc1ccccc1)c1ccc2ccccc2n1 0.4701237 0.4701 0.7832168 0.7832 0.5836347 -8.1600 1.0000000 1.0000 []
 | 2.2573 4.2698 80.8253 0.6648056 C[C@@H](NC(=O)[C@@H]1C[C@@H](O)CN1C(=O)CNC(=O)c1ccc2cc(F)ccc2n1)c1ccc(Cl)cc1 1 COc1ccc([C@H](C)NC(=O)[C@@H]2C[C@@H](O)CN2C(=O)CNC(=O)c2ccc3cc(F)ccc3n2)c(Cl)c1 O=C(NCC(=O)N1CCC[C@H]1C(=O)NCc1ccccc1)c1ccc2ccccc2n1 0.4834885 0.4835 0.8014184 0.8014 0.7100135 -9.2500 1.0000000 1.0000 []
 | 2.2757 4.3193 79.5056 0.6548825 O=C(NCC(=O)N1C[C@H](O)C[C@H]1C(=O)NCc1ccc(Cl)c(Cl)c1)c1ccc2cc(F)ccc2n1 1 COc1ccc([C@H](C)NC(=O)[C@@H]2C[C@@H](O)CN2C(=O)CNC(=O)c2ccc3cc(F)ccc3n2)c(Cl)c1 O=C(NCC(=O)N1CCC[C@H]1C(=O)NCc1ccccc1)c1ccc2ccccc2n1 0.4640416 0.4640 0.7114094 0.7114 0.7464290 -9.6100 1.0000000 1.0000 []
 | 2.2581 3.8934 81.6967 0.6686721 O=C(NCC(=O)N1C[C@H](O)C[C@H]1C(=O)NCc1ccc(Cl)cc1)c1ccc2cc(F)ccc2n1 1 COc1ccc([C@H](C)NC(=O)[C@@H]2C[C@@H](O)CN2C(=O)CNC(=O)c2ccc3cc(F)ccc3n2)c(Cl)c1 O=C(NCC(=O)N1CCC[C@H]1C(=O)NCc1ccccc1)c1ccc2ccccc2n1 0.4955094 0.4955 0.7260274 0.7260 0.7454593 -9.6000 1.0000000 1.0000 []
 | 2.3186 3.2004 77.2229 0.6283072 O=C(NCC(=O)N1C[C@H](O)C[C@H]1C(=O)NCc1cccc(Cl)c1)c1ccc2cc(F)ccc2n1 1 COc1ccc([C@H](C)NC(=O)[C@@H]2C[C@@H](O)CN2C(=O)CNC(=O)c2ccc3cc(F)ccc3n2)c(Cl)c1 O=C(NCC(=O)N1CCC[C@H]1C(=O)NCc1ccccc1)c1ccc2ccccc2n1 0.4955094 0.4955 0.7210884 0.7211 0.6604256 -8.8000 1.0000000 1.0000 []
 | 2.3905 4.2413 70.9730 0.5876117 O=C(NCC(=O)N1C[C@H](O)C[C@H]1C(=O)N[C@@H](CO)c1cccc(Cl)c1)c1ccc2cc(F)ccc2n1 1 COc1ccc([C@H](C)NC(=O)[C@@H]2C[C@@H](O)CN2C(=O)CNC(=O)c2ccc3cc(F)ccc3n2)c(Cl)c1 O=C(NCC(=O)N1CCC[C@H]1C(=O)NCc1ccccc1)c1ccc2ccccc2n1 0.3782864 0.3783 0.7432432 0.7432 0.6511860 -8.7200 1.0000000 1.0000 []
 | 2.3446 4.6734 74.2686 0.6167343 O=C(NCC(=O)N1C[C@H](O)C[C@H]1C(=O)N[C@H](CO)c1cccc(Cl)c1)c1ccc2cc(F)ccc2n1 1 COc1ccc([C@H](C)NC(=O)[C@@H]2C[C@@H](O)CN2C(=O)CNC(=O)c2ccc3cc(F)ccc3n2)c(Cl)c1 O=C(NCC(=O)N1CCC[C@H]1C(=O)NCc1ccccc1)c1ccc2ccccc2n1 0.3782864 0.3783 0.7432432 0.7432 0.7173324 -9.3200 1.0000000 1.0000 []
00:29:11 <INFO> Score: 0.64 Agent NLL: 2.30 Valid: 100% Step: 85
 | Agent Prior Target Score SMILES SMILES_state Input_SMILES Scaffold QED QED (raw) TanimotoDistance TanimotoDistance (raw) maize maize (raw) Unwanted SMARTS Unwanted SMARTS (raw) matchting_patterns (Unwanted SMARTS)
 | 2.3086 8.7137 77.1655 0.6709312 CC(C)C(NC(=O)[C@@H]1C[C@@H](O)CN1C(=O)CNC(=O)c1ccc2cc(F)ccc2n1)c1ccc(Cl)cc1 1 COc1ccc([C@H](C)NC(=O)[C@@H]2C[C@@H](O)CN2C(=O)CNC(=O)c2ccc3cc(F)ccc3n2)c(Cl)c1 O=C(NCC(=O)N1CCC[C@H]1C(=O)NCc1ccccc1)c1ccc2ccccc2n1 0.4374885 0.4375 0.7619048 0.7619 0.7796905 -9.9700 1.0000000 1.0000 []
 | 2.2453 4.0491 82.5249 0.6763589 CC(C)C(NC(=O)[C@@H]1C[C@@H](O)CN1C(=O)CNC(=O)c1ccc2cc(F)ccc2n1)c1ccccc1 1 COc1ccc([C@H](C)NC(=O)[C@@H]2C[C@@H](O)CN2C(=O)CNC(=O)c2ccc3cc(F)ccc3n2)c(Cl)c1 O=C(NCC(=O)N1CCC[C@H]1C(=O)NCc1ccccc1)c1ccc2ccccc2n1 0.4695327 0.4695 0.7364865 0.7365 0.7779275 -9.9500 1.0000000 1.0000 []
 | 2.2603 4.8186 81.6214 0.6753121 CC(NC(=O)[C@@H]1C[C@@H](O)CN1C(=O)CNC(=O)c1ccc2cc(F)ccc2n1)c1ccc(Cl)cc1 1 COc1ccc([C@H](C)NC(=O)[C@@H]2C[C@@H](O)CN2C(=O)CNC(=O)c2ccc3cc(F)ccc3n2)c(Cl)c1 O=C(NCC(=O)N1CCC[C@H]1C(=O)NCc1ccccc1)c1ccc2ccccc2n1 0.4834885 0.4835 0.8014184 0.8014 0.7326326 -9.4700 1.0000000 1.0000 []
 | 2.3877 4.1297 72.0438 0.5951057 COc1ccc(CNC(=O)[C@@H]2C[C@@H](O)CN2C(=O)CNC(=O)c2ccc3cc(F)ccc3n2)cc1 1 COc1ccc([C@H](C)NC(=O)[C@@H]2C[C@@H](O)CN2C(=O)CNC(=O)c2ccc3cc(F)ccc3n2)c(Cl)c1 O=C(NCC(=O)N1CCC[C@H]1C(=O)NCc1ccccc1)c1ccc2ccccc2n1 0.4701237 0.4701 0.7832168 0.7832 0.5836347 -8.1600 1.0000000 1.0000 []
 | 2.2602 4.2698 80.8253 0.6648056 C[C@@H](NC(=O)[C@@H]1C[C@@H](O)CN1C(=O)CNC(=O)c1ccc2cc(F)ccc2n1)c1ccc(Cl)cc1 1 COc1ccc([C@H](C)NC(=O)[C@@H]2C[C@@H](O)CN2C(=O)CNC(=O)c2ccc3cc(F)ccc3n2)c(Cl)c1 O=C(NCC(=O)N1CCC[C@H]1C(=O)NCc1ccccc1)c1ccc2ccccc2n1 0.4834885 0.4835 0.8014184 0.8014 0.7100135 -9.2500 1.0000000 1.0000 []
 | 2.2467 4.3193 79.5056 0.6548825 O=C(NCC(=O)N1C[C@H](O)C[C@H]1C(=O)NCc1ccc(Cl)c(Cl)c1)c1ccc2cc(F)ccc2n1 1 COc1ccc([C@H](C)NC(=O)[C@@H]2C[C@@H](O)CN2C(=O)CNC(=O)c2ccc3cc(F)ccc3n2)c(Cl)c1 O=C(NCC(=O)N1CCC[C@H]1C(=O)NCc1ccccc1)c1ccc2ccccc2n1 0.4640416 0.4640 0.7114094 0.7114 0.7464290 -9.6100 1.0000000 1.0000 []
 | 2.2867 3.8934 81.6967 0.6686721 O=C(NCC(=O)N1C[C@H](O)C[C@H]1C(=O)NCc1ccc(Cl)cc1)c1ccc2cc(F)ccc2n1 1 COc1ccc([C@H](C)NC(=O)[C@@H]2C[C@@H](O)CN2C(=O)CNC(=O)c2ccc3cc(F)ccc3n2)c(Cl)c1 O=C(NCC(=O)N1CCC[C@H]1C(=O)NCc1ccccc1)c1ccc2ccccc2n1 0.4955094 0.4955 0.7260274 0.7260 0.7454593 -9.6000 1.0000000 1.0000 []
 | 2.3204 3.2004 77.2229 0.6283072 O=C(NCC(=O)N1C[C@H](O)C[C@H]1C(=O)NCc1cccc(Cl)c1)c1ccc2cc(F)ccc2n1 1 COc1ccc([C@H](C)NC(=O)[C@@H]2C[C@@H](O)CN2C(=O)CNC(=O)c2ccc3cc(F)ccc3n2)c(Cl)c1 O=C(NCC(=O)N1CCC[C@H]1C(=O)NCc1ccccc1)c1ccc2ccccc2n1 0.4955094 0.4955 0.7210884 0.7211 0.6604256 -8.8000 1.0000000 1.0000 []
 | 2.3869 4.2413 70.9730 0.5876117 O=C(NCC(=O)N1C[C@H](O)C[C@H]1C(=O)N[C@@H](CO)c1cccc(Cl)c1)c1ccc2cc(F)ccc2n1 1 COc1ccc([C@H](C)NC(=O)[C@@H]2C[C@@H](O)CN2C(=O)CNC(=O)c2ccc3cc(F)ccc3n2)c(Cl)c1 O=C(NCC(=O)N1CCC[C@H]1C(=O)NCc1ccccc1)c1ccc2ccccc2n1 0.3782864 0.3783 0.7432432 0.7432 0.6511860 -8.7200 1.0000000 1.0000 []
 | 2.3439 4.6734 74.2686 0.6167343 O=C(NCC(=O)N1C[C@H](O)C[C@H]1C(=O)N[C@H](CO)c1cccc(Cl)c1)c1ccc2cc(F)ccc2n1 1 COc1ccc([C@H](C)NC(=O)[C@@H]2C[C@@H](O)CN2C(=O)CNC(=O)c2ccc3cc(F)ccc3n2)c(Cl)c1 O=C(NCC(=O)N1CCC[C@H]1C(=O)NCc1ccccc1)c1ccc2ccccc2n1 0.3782864 0.3783 0.7432432 0.7432 0.7173324 -9.3200 1.0000000 1.0000 []
00:29:13 <INFO> Score: 0.64 Agent NLL: 2.31 Valid: 100% Step: 86
 | Agent Prior Target Score SMILES SMILES_state Input_SMILES Scaffold QED QED (raw) TanimotoDistance TanimotoDistance (raw) maize maize (raw) Unwanted SMARTS Unwanted SMARTS (raw) matchting_patterns (Unwanted SMARTS)
 | 2.3119 8.7137 77.1655 0.6709312 CC(C)C(NC(=O)[C@@H]1C[C@@H](O)CN1C(=O)CNC(=O)c1ccc2cc(F)ccc2n1)c1ccc(Cl)cc1 1 COc1ccc([C@H](C)NC(=O)[C@@H]2C[C@@H](O)CN2C(=O)CNC(=O)c2ccc3cc(F)ccc3n2)c(Cl)c1 O=C(NCC(=O)N1CCC[C@H]1C(=O)NCc1ccccc1)c1ccc2ccccc2n1 0.4374885 0.4375 0.7619048 0.7619 0.7796905 -9.9700 1.0000000 1.0000 []
 | 2.2512 4.0491 82.5249 0.6763589 CC(C)C(NC(=O)[C@@H]1C[C@@H](O)CN1C(=O)CNC(=O)c1ccc2cc(F)ccc2n1)c1ccccc1 1 COc1ccc([C@H](C)NC(=O)[C@@H]2C[C@@H](O)CN2C(=O)CNC(=O)c2ccc3cc(F)ccc3n2)c(Cl)c1 O=C(NCC(=O)N1CCC[C@H]1C(=O)NCc1ccccc1)c1ccc2ccccc2n1 0.4695327 0.4695 0.7364865 0.7365 0.7779275 -9.9500 1.0000000 1.0000 []
 | 2.2482 4.8186 81.6214 0.6753121 CC(NC(=O)[C@@H]1C[C@@H](O)CN1C(=O)CNC(=O)c1ccc2cc(F)ccc2n1)c1ccc(Cl)cc1 1 COc1ccc([C@H](C)NC(=O)[C@@H]2C[C@@H](O)CN2C(=O)CNC(=O)c2ccc3cc(F)ccc3n2)c(Cl)c1 O=C(NCC(=O)N1CCC[C@H]1C(=O)NCc1ccccc1)c1ccc2ccccc2n1 0.4834885 0.4835 0.8014184 0.8014 0.7326326 -9.4700 1.0000000 1.0000 []
 | 2.3839 4.1297 72.0438 0.5951057 COc1ccc(CNC(=O)[C@@H]2C[C@@H](O)CN2C(=O)CNC(=O)c2ccc3cc(F)ccc3n2)cc1 1 COc1ccc([C@H](C)NC(=O)[C@@H]2C[C@@H](O)CN2C(=O)CNC(=O)c2ccc3cc(F)ccc3n2)c(Cl)c1 O=C(NCC(=O)N1CCC[C@H]1C(=O)NCc1ccccc1)c1ccc2ccccc2n1 0.4701237 0.4701 0.7832168 0.7832 0.5836347 -8.1600 1.0000000 1.0000 []
 | 2.2632 4.2698 80.8253 0.6648056 C[C@@H](NC(=O)[C@@H]1C[C@@H](O)CN1C(=O)CNC(=O)c1ccc2cc(F)ccc2n1)c1ccc(Cl)cc1 1 COc1ccc([C@H](C)NC(=O)[C@@H]2C[C@@H](O)CN2C(=O)CNC(=O)c2ccc3cc(F)ccc3n2)c(Cl)c1 O=C(NCC(=O)N1CCC[C@H]1C(=O)NCc1ccccc1)c1ccc2ccccc2n1 0.4834885 0.4835 0.8014184 0.8014 0.7100135 -9.2500 1.0000000 1.0000 []
 | 2.3411 4.3193 79.5056 0.6548825 O=C(NCC(=O)N1C[C@H](O)C[C@H]1C(=O)NCc1ccc(Cl)c(Cl)c1)c1ccc2cc(F)ccc2n1 1 COc1ccc([C@H](C)NC(=O)[C@@H]2C[C@@H](O)CN2C(=O)CNC(=O)c2ccc3cc(F)ccc3n2)c(Cl)c1 O=C(NCC(=O)N1CCC[C@H]1C(=O)NCc1ccccc1)c1ccc2ccccc2n1 0.4640416 0.4640 0.7114094 0.7114 0.7464290 -9.6100 1.0000000 1.0000 []
 | 2.1952 3.8934 81.6967 0.6686721 O=C(NCC(=O)N1C[C@H](O)C[C@H]1C(=O)NCc1ccc(Cl)cc1)c1ccc2cc(F)ccc2n1 1 COc1ccc([C@H](C)NC(=O)[C@@H]2C[C@@H](O)CN2C(=O)CNC(=O)c2ccc3cc(F)ccc3n2)c(Cl)c1 O=C(NCC(=O)N1CCC[C@H]1C(=O)NCc1ccccc1)c1ccc2ccccc2n1 0.4955094 0.4955 0.7260274 0.7260 0.7454593 -9.6000 1.0000000 1.0000 []
 | 2.3171 3.2004 77.2229 0.6283072 O=C(NCC(=O)N1C[C@H](O)C[C@H]1C(=O)NCc1cccc(Cl)c1)c1ccc2cc(F)ccc2n1 1 COc1ccc([C@H](C)NC(=O)[C@@H]2C[C@@H](O)CN2C(=O)CNC(=O)c2ccc3cc(F)ccc3n2)c(Cl)c1 O=C(NCC(=O)N1CCC[C@H]1C(=O)NCc1ccccc1)c1ccc2ccccc2n1 0.4955094 0.4955 0.7210884 0.7211 0.6604256 -8.8000 1.0000000 1.0000 []
 | 2.3900 4.2413 70.9730 0.5876117 O=C(NCC(=O)N1C[C@H](O)C[C@H]1C(=O)N[C@@H](CO)c1cccc(Cl)c1)c1ccc2cc(F)ccc2n1 1 COc1ccc([C@H](C)NC(=O)[C@@H]2C[C@@H](O)CN2C(=O)CNC(=O)c2ccc3cc(F)ccc3n2)c(Cl)c1 O=C(NCC(=O)N1CCC[C@H]1C(=O)NCc1ccccc1)c1ccc2ccccc2n1 0.3782864 0.3783 0.7432432 0.7432 0.6511860 -8.7200 1.0000000 1.0000 []
 | 2.3500 4.6734 74.2686 0.6167343 O=C(NCC(=O)N1C[C@H](O)C[C@H]1C(=O)N[C@H](CO)c1cccc(Cl)c1)c1ccc2cc(F)ccc2n1 1 COc1ccc([C@H](C)NC(=O)[C@@H]2C[C@@H](O)CN2C(=O)CNC(=O)c2ccc3cc(F)ccc3n2)c(Cl)c1 O=C(NCC(=O)N1CCC[C@H]1C(=O)NCc1ccccc1)c1ccc2ccccc2n1 0.3782864 0.3783 0.7432432 0.7432 0.7173324 -9.3200 1.0000000 1.0000 []
00:29:14 <INFO> Score: 0.64 Agent NLL: 2.30 Valid: 100% Step: 87
 | Agent Prior Target Score SMILES SMILES_state Input_SMILES Scaffold QED QED (raw) TanimotoDistance TanimotoDistance (raw) maize maize (raw) Unwanted SMARTS Unwanted SMARTS (raw) matchting_patterns (Unwanted SMARTS)
 | 2.2989 8.7137 77.1655 0.6709312 CC(C)C(NC(=O)[C@@H]1C[C@@H](O)CN1C(=O)CNC(=O)c1ccc2cc(F)ccc2n1)c1ccc(Cl)cc1 1 COc1ccc([C@H](C)NC(=O)[C@@H]2C[C@@H](O)CN2C(=O)CNC(=O)c2ccc3cc(F)ccc3n2)c(Cl)c1 O=C(NCC(=O)N1CCC[C@H]1C(=O)NCc1ccccc1)c1ccc2ccccc2n1 0.4374885 0.4375 0.7619048 0.7619 0.7796905 -9.9700 1.0000000 1.0000 []
 | 2.2470 4.0491 82.5249 0.6763589 CC(C)C(NC(=O)[C@@H]1C[C@@H](O)CN1C(=O)CNC(=O)c1ccc2cc(F)ccc2n1)c1ccccc1 1 COc1ccc([C@H](C)NC(=O)[C@@H]2C[C@@H](O)CN2C(=O)CNC(=O)c2ccc3cc(F)ccc3n2)c(Cl)c1 O=C(NCC(=O)N1CCC[C@H]1C(=O)NCc1ccccc1)c1ccc2ccccc2n1 0.4695327 0.4695 0.7364865 0.7365 0.7779275 -9.9500 1.0000000 1.0000 []
 | 2.2671 4.8186 81.6214 0.6753121 CC(NC(=O)[C@@H]1C[C@@H](O)CN1C(=O)CNC(=O)c1ccc2cc(F)ccc2n1)c1ccc(Cl)cc1 1 COc1ccc([C@H](C)NC(=O)[C@@H]2C[C@@H](O)CN2C(=O)CNC(=O)c2ccc3cc(F)ccc3n2)c(Cl)c1 O=C(NCC(=O)N1CCC[C@H]1C(=O)NCc1ccccc1)c1ccc2ccccc2n1 0.4834885 0.4835 0.8014184 0.8014 0.7326326 -9.4700 1.0000000 1.0000 []
 | 2.3827 4.1297 72.0438 0.5951057 COc1ccc(CNC(=O)[C@@H]2C[C@@H](O)CN2C(=O)CNC(=O)c2ccc3cc(F)ccc3n2)cc1 1 COc1ccc([C@H](C)NC(=O)[C@@H]2C[C@@H](O)CN2C(=O)CNC(=O)c2ccc3cc(F)ccc3n2)c(Cl)c1 O=C(NCC(=O)N1CCC[C@H]1C(=O)NCc1ccccc1)c1ccc2ccccc2n1 0.4701237 0.4701 0.7832168 0.7832 0.5836347 -8.1600 1.0000000 1.0000 []
 | 2.2693 4.2698 80.8253 0.6648056 C[C@@H](NC(=O)[C@@H]1C[C@@H](O)CN1C(=O)CNC(=O)c1ccc2cc(F)ccc2n1)c1ccc(Cl)cc1 1 COc1ccc([C@H](C)NC(=O)[C@@H]2C[C@@H](O)CN2C(=O)CNC(=O)c2ccc3cc(F)ccc3n2)c(Cl)c1 O=C(NCC(=O)N1CCC[C@H]1C(=O)NCc1ccccc1)c1ccc2ccccc2n1 0.4834885 0.4835 0.8014184 0.8014 0.7100135 -9.2500 1.0000000 1.0000 []
 | 2.2068 4.3193 79.5056 0.6548825 O=C(NCC(=O)N1C[C@H](O)C[C@H]1C(=O)NCc1ccc(Cl)c(Cl)c1)c1ccc2cc(F)ccc2n1 1 COc1ccc([C@H](C)NC(=O)[C@@H]2C[C@@H](O)CN2C(=O)CNC(=O)c2ccc3cc(F)ccc3n2)c(Cl)c1 O=C(NCC(=O)N1CCC[C@H]1C(=O)NCc1ccccc1)c1ccc2ccccc2n1 0.4640416 0.4640 0.7114094 0.7114 0.7464290 -9.6100 1.0000000 1.0000 []
 | 2.3297 3.8934 81.6967 0.6686721 O=C(NCC(=O)N1C[C@H](O)C[C@H]1C(=O)NCc1ccc(Cl)cc1)c1ccc2cc(F)ccc2n1 1 COc1ccc([C@H](C)NC(=O)[C@@H]2C[C@@H](O)CN2C(=O)CNC(=O)c2ccc3cc(F)ccc3n2)c(Cl)c1 O=C(NCC(=O)N1CCC[C@H]1C(=O)NCc1ccccc1)c1ccc2ccccc2n1 0.4955094 0.4955 0.7260274 0.7260 0.7454593 -9.6000 1.0000000 1.0000 []
 | 2.3073 3.2004 77.2229 0.6283072 O=C(NCC(=O)N1C[C@H](O)C[C@H]1C(=O)NCc1cccc(Cl)c1)c1ccc2cc(F)ccc2n1 1 COc1ccc([C@H](C)NC(=O)[C@@H]2C[C@@H](O)CN2C(=O)CNC(=O)c2ccc3cc(F)ccc3n2)c(Cl)c1 O=C(NCC(=O)N1CCC[C@H]1C(=O)NCc1ccccc1)c1ccc2ccccc2n1 0.4955094 0.4955 0.7210884 0.7211 0.6604256 -8.8000 1.0000000 1.0000 []
 | 2.3903 4.2413 70.9730 0.5876117 O=C(NCC(=O)N1C[C@H](O)C[C@H]1C(=O)N[C@@H](CO)c1cccc(Cl)c1)c1ccc2cc(F)ccc2n1 1 COc1ccc([C@H](C)NC(=O)[C@@H]2C[C@@H](O)CN2C(=O)CNC(=O)c2ccc3cc(F)ccc3n2)c(Cl)c1 O=C(NCC(=O)N1CCC[C@H]1C(=O)NCc1ccccc1)c1ccc2ccccc2n1 0.3782864 0.3783 0.7432432 0.7432 0.6511860 -8.7200 1.0000000 1.0000 []
 | 2.3498 4.6734 74.2686 0.6167343 O=C(NCC(=O)N1C[C@H](O)C[C@H]1C(=O)N[C@H](CO)c1cccc(Cl)c1)c1ccc2cc(F)ccc2n1 1 COc1ccc([C@H](C)NC(=O)[C@@H]2C[C@@H](O)CN2C(=O)CNC(=O)c2ccc3cc(F)ccc3n2)c(Cl)c1 O=C(NCC(=O)N1CCC[C@H]1C(=O)NCc1ccccc1)c1ccc2ccccc2n1 0.3782864 0.3783 0.7432432 0.7432 0.7173324 -9.3200 1.0000000 1.0000 []
00:29:15 <INFO> Score: 0.64 Agent NLL: 2.31 Valid: 100% Step: 88
 | Agent Prior Target Score SMILES SMILES_state Input_SMILES Scaffold QED QED (raw) TanimotoDistance TanimotoDistance (raw) maize maize (raw) Unwanted SMARTS Unwanted SMARTS (raw) matchting_patterns (Unwanted SMARTS)
 | 2.3146 8.7137 77.1655 0.6709312 CC(C)C(NC(=O)[C@@H]1C[C@@H](O)CN1C(=O)CNC(=O)c1ccc2cc(F)ccc2n1)c1ccc(Cl)cc1 1 COc1ccc([C@H](C)NC(=O)[C@@H]2C[C@@H](O)CN2C(=O)CNC(=O)c2ccc3cc(F)ccc3n2)c(Cl)c1 O=C(NCC(=O)N1CCC[C@H]1C(=O)NCc1ccccc1)c1ccc2ccccc2n1 0.4374885 0.4375 0.7619048 0.7619 0.7796905 -9.9700 1.0000000 1.0000 []
 | 2.2511 4.0491 82.5249 0.6763589 CC(C)C(NC(=O)[C@@H]1C[C@@H](O)CN1C(=O)CNC(=O)c1ccc2cc(F)ccc2n1)c1ccccc1 1 COc1ccc([C@H](C)NC(=O)[C@@H]2C[C@@H](O)CN2C(=O)CNC(=O)c2ccc3cc(F)ccc3n2)c(Cl)c1 O=C(NCC(=O)N1CCC[C@H]1C(=O)NCc1ccccc1)c1ccc2ccccc2n1 0.4695327 0.4695 0.7364865 0.7365 0.7779275 -9.9500 1.0000000 1.0000 []
 | 2.2457 4.8186 81.6214 0.6753121 CC(NC(=O)[C@@H]1C[C@@H](O)CN1C(=O)CNC(=O)c1ccc2cc(F)ccc2n1)c1ccc(Cl)cc1 1 COc1ccc([C@H](C)NC(=O)[C@@H]2C[C@@H](O)CN2C(=O)CNC(=O)c2ccc3cc(F)ccc3n2)c(Cl)c1 O=C(NCC(=O)N1CCC[C@H]1C(=O)NCc1ccccc1)c1ccc2ccccc2n1 0.4834885 0.4835 0.8014184 0.8014 0.7326326 -9.4700 1.0000000 1.0000 []
 | 2.3736 4.1297 72.0438 0.5951057 COc1ccc(CNC(=O)[C@@H]2C[C@@H](O)CN2C(=O)CNC(=O)c2ccc3cc(F)ccc3n2)cc1 1 COc1ccc([C@H](C)NC(=O)[C@@H]2C[C@@H](O)CN2C(=O)CNC(=O)c2ccc3cc(F)ccc3n2)c(Cl)c1 O=C(NCC(=O)N1CCC[C@H]1C(=O)NCc1ccccc1)c1ccc2ccccc2n1 0.4701237 0.4701 0.7832168 0.7832 0.5836347 -8.1600 1.0000000 1.0000 []
 | 2.2673 4.2698 80.8253 0.6648056 C[C@@H](NC(=O)[C@@H]1C[C@@H](O)CN1C(=O)CNC(=O)c1ccc2cc(F)ccc2n1)c1ccc(Cl)cc1 1 COc1ccc([C@H](C)NC(=O)[C@@H]2C[C@@H](O)CN2C(=O)CNC(=O)c2ccc3cc(F)ccc3n2)c(Cl)c1 O=C(NCC(=O)N1CCC[C@H]1C(=O)NCc1ccccc1)c1ccc2ccccc2n1 0.4834885 0.4835 0.8014184 0.8014 0.7100135 -9.2500 1.0000000 1.0000 []
 | 2.3602 4.3193 79.5056 0.6548825 O=C(NCC(=O)N1C[C@H](O)C[C@H]1C(=O)NCc1ccc(Cl)c(Cl)c1)c1ccc2cc(F)ccc2n1 1 COc1ccc([C@H](C)NC(=O)[C@@H]2C[C@@H](O)CN2C(=O)CNC(=O)c2ccc3cc(F)ccc3n2)c(Cl)c1 O=C(NCC(=O)N1CCC[C@H]1C(=O)NCc1ccccc1)c1ccc2ccccc2n1 0.4640416 0.4640 0.7114094 0.7114 0.7464290 -9.6100 1.0000000 1.0000 []
 | 2.1902 3.8934 81.6967 0.6686721 O=C(NCC(=O)N1C[C@H](O)C[C@H]1C(=O)NCc1ccc(Cl)cc1)c1ccc2cc(F)ccc2n1 1 COc1ccc([C@H](C)NC(=O)[C@@H]2C[C@@H](O)CN2C(=O)CNC(=O)c2ccc3cc(F)ccc3n2)c(Cl)c1 O=C(NCC(=O)N1CCC[C@H]1C(=O)NCc1ccccc1)c1ccc2ccccc2n1 0.4955094 0.4955 0.7260274 0.7260 0.7454593 -9.6000 1.0000000 1.0000 []
 | 2.3069 3.2004 77.2229 0.6283072 O=C(NCC(=O)N1C[C@H](O)C[C@H]1C(=O)NCc1cccc(Cl)c1)c1ccc2cc(F)ccc2n1 1 COc1ccc([C@H](C)NC(=O)[C@@H]2C[C@@H](O)CN2C(=O)CNC(=O)c2ccc3cc(F)ccc3n2)c(Cl)c1 O=C(NCC(=O)N1CCC[C@H]1C(=O)NCc1ccccc1)c1ccc2ccccc2n1 0.4955094 0.4955 0.7210884 0.7211 0.6604256 -8.8000 1.0000000 1.0000 []
 | 2.3913 4.2413 70.9730 0.5876117 O=C(NCC(=O)N1C[C@H](O)C[C@H]1C(=O)N[C@@H](CO)c1cccc(Cl)c1)c1ccc2cc(F)ccc2n1 1 COc1ccc([C@H](C)NC(=O)[C@@H]2C[C@@H](O)CN2C(=O)CNC(=O)c2ccc3cc(F)ccc3n2)c(Cl)c1 O=C(NCC(=O)N1CCC[C@H]1C(=O)NCc1ccccc1)c1ccc2ccccc2n1 0.3782864 0.3783 0.7432432 0.7432 0.6511860 -8.7200 1.0000000 1.0000 []
 | 2.3515 4.6734 74.2686 0.6167343 O=C(NCC(=O)N1C[C@H](O)C[C@H]1C(=O)N[C@H](CO)c1cccc(Cl)c1)c1ccc2cc(F)ccc2n1 1 COc1ccc([C@H](C)NC(=O)[C@@H]2C[C@@H](O)CN2C(=O)CNC(=O)c2ccc3cc(F)ccc3n2)c(Cl)c1 O=C(NCC(=O)N1CCC[C@H]1C(=O)NCc1ccccc1)c1ccc2ccccc2n1 0.3782864 0.3783 0.7432432 0.7432 0.7173324 -9.3200 1.0000000 1.0000 []
00:29:17 <INFO> Score: 0.64 Agent NLL: 2.30 Valid: 100% Step: 89
 | Agent Prior Target Score SMILES SMILES_state Input_SMILES Scaffold QED QED (raw) TanimotoDistance TanimotoDistance (raw) maize maize (raw) Unwanted SMARTS Unwanted SMARTS (raw) matchting_patterns (Unwanted SMARTS)
 | 2.3082 8.7137 77.1655 0.6709312 CC(C)C(NC(=O)[C@@H]1C[C@@H](O)CN1C(=O)CNC(=O)c1ccc2cc(F)ccc2n1)c1ccc(Cl)cc1 1 COc1ccc([C@H](C)NC(=O)[C@@H]2C[C@@H](O)CN2C(=O)CNC(=O)c2ccc3cc(F)ccc3n2)c(Cl)c1 O=C(NCC(=O)N1CCC[C@H]1C(=O)NCc1ccccc1)c1ccc2ccccc2n1 0.4374885 0.4375 0.7619048 0.7619 0.7796905 -9.9700 1.0000000 1.0000 []
 | 2.2448 4.0491 82.5249 0.6763589 CC(C)C(NC(=O)[C@@H]1C[C@@H](O)CN1C(=O)CNC(=O)c1ccc2cc(F)ccc2n1)c1ccccc1 1 COc1ccc([C@H](C)NC(=O)[C@@H]2C[C@@H](O)CN2C(=O)CNC(=O)c2ccc3cc(F)ccc3n2)c(Cl)c1 O=C(NCC(=O)N1CCC[C@H]1C(=O)NCc1ccccc1)c1ccc2ccccc2n1 0.4695327 0.4695 0.7364865 0.7365 0.7779275 -9.9500 1.0000000 1.0000 []
 | 2.2657 4.8186 81.6214 0.6753121 CC(NC(=O)[C@@H]1C[C@@H](O)CN1C(=O)CNC(=O)c1ccc2cc(F)ccc2n1)c1ccc(Cl)cc1 1 COc1ccc([C@H](C)NC(=O)[C@@H]2C[C@@H](O)CN2C(=O)CNC(=O)c2ccc3cc(F)ccc3n2)c(Cl)c1 O=C(NCC(=O)N1CCC[C@H]1C(=O)NCc1ccccc1)c1ccc2ccccc2n1 0.4834885 0.4835 0.8014184 0.8014 0.7326326 -9.4700 1.0000000 1.0000 []
 | 2.3722 4.1297 72.0438 0.5951057 COc1ccc(CNC(=O)[C@@H]2C[C@@H](O)CN2C(=O)CNC(=O)c2ccc3cc(F)ccc3n2)cc1 1 COc1ccc([C@H](C)NC(=O)[C@@H]2C[C@@H](O)CN2C(=O)CNC(=O)c2ccc3cc(F)ccc3n2)c(Cl)c1 O=C(NCC(=O)N1CCC[C@H]1C(=O)NCc1ccccc1)c1ccc2ccccc2n1 0.4701237 0.4701 0.7832168 0.7832 0.5836347 -8.1600 1.0000000 1.0000 []
 | 2.2710 4.2698 80.8253 0.6648056 C[C@@H](NC(=O)[C@@H]1C[C@@H](O)CN1C(=O)CNC(=O)c1ccc2cc(F)ccc2n1)c1ccc(Cl)cc1 1 COc1ccc([C@H](C)NC(=O)[C@@H]2C[C@@H](O)CN2C(=O)CNC(=O)c2ccc3cc(F)ccc3n2)c(Cl)c1 O=C(NCC(=O)N1CCC[C@H]1C(=O)NCc1ccccc1)c1ccc2ccccc2n1 0.4834885 0.4835 0.8014184 0.8014 0.7100135 -9.2500 1.0000000 1.0000 []
 | 2.2380 4.3193 79.5056 0.6548825 O=C(NCC(=O)N1C[C@H](O)C[C@H]1C(=O)NCc1ccc(Cl)c(Cl)c1)c1ccc2cc(F)ccc2n1 1 COc1ccc([C@H](C)NC(=O)[C@@H]2C[C@@H](O)CN2C(=O)CNC(=O)c2ccc3cc(F)ccc3n2)c(Cl)c1 O=C(NCC(=O)N1CCC[C@H]1C(=O)NCc1ccccc1)c1ccc2ccccc2n1 0.4640416 0.4640 0.7114094 0.7114 0.7464290 -9.6100 1.0000000 1.0000 []
 | 2.3110 3.8934 81.6967 0.6686721 O=C(NCC(=O)N1C[C@H](O)C[C@H]1C(=O)NCc1ccc(Cl)cc1)c1ccc2cc(F)ccc2n1 1 COc1ccc([C@H](C)NC(=O)[C@@H]2C[C@@H](O)CN2C(=O)CNC(=O)c2ccc3cc(F)ccc3n2)c(Cl)c1 O=C(NCC(=O)N1CCC[C@H]1C(=O)NCc1ccccc1)c1ccc2ccccc2n1 0.4955094 0.4955 0.7260274 0.7260 0.7454593 -9.6000 1.0000000 1.0000 []
 | 2.3025 3.2004 77.2229 0.6283072 O=C(NCC(=O)N1C[C@H](O)C[C@H]1C(=O)NCc1cccc(Cl)c1)c1ccc2cc(F)ccc2n1 1 COc1ccc([C@H](C)NC(=O)[C@@H]2C[C@@H](O)CN2C(=O)CNC(=O)c2ccc3cc(F)ccc3n2)c(Cl)c1 O=C(NCC(=O)N1CCC[C@H]1C(=O)NCc1ccccc1)c1ccc2ccccc2n1 0.4955094 0.4955 0.7210884 0.7211 0.6604256 -8.8000 1.0000000 1.0000 []
 | 2.3873 4.2413 70.9730 0.5876117 O=C(NCC(=O)N1C[C@H](O)C[C@H]1C(=O)N[C@@H](CO)c1cccc(Cl)c1)c1ccc2cc(F)ccc2n1 1 COc1ccc([C@H](C)NC(=O)[C@@H]2C[C@@H](O)CN2C(=O)CNC(=O)c2ccc3cc(F)ccc3n2)c(Cl)c1 O=C(NCC(=O)N1CCC[C@H]1C(=O)NCc1ccccc1)c1ccc2ccccc2n1 0.3782864 0.3783 0.7432432 0.7432 0.6511860 -8.7200 1.0000000 1.0000 []
 | 2.3440 4.6734 74.2686 0.6167343 O=C(NCC(=O)N1C[C@H](O)C[C@H]1C(=O)N[C@H](CO)c1cccc(Cl)c1)c1ccc2cc(F)ccc2n1 1 COc1ccc([C@H](C)NC(=O)[C@@H]2C[C@@H](O)CN2C(=O)CNC(=O)c2ccc3cc(F)ccc3n2)c(Cl)c1 O=C(NCC(=O)N1CCC[C@H]1C(=O)NCc1ccccc1)c1ccc2ccccc2n1 0.3782864 0.3783 0.7432432 0.7432 0.7173324 -9.3200 1.0000000 1.0000 []
00:29:18 <INFO> Score: 0.64 Agent NLL: 2.30 Valid: 100% Step: 90
 | Agent Prior Target Score SMILES SMILES_state Input_SMILES Scaffold QED QED (raw) TanimotoDistance TanimotoDistance (raw) maize maize (raw) Unwanted SMARTS Unwanted SMARTS (raw) matchting_patterns (Unwanted SMARTS)
 | 2.3170 8.7137 77.1655 0.6709312 CC(C)C(NC(=O)[C@@H]1C[C@@H](O)CN1C(=O)CNC(=O)c1ccc2cc(F)ccc2n1)c1ccc(Cl)cc1 1 COc1ccc([C@H](C)NC(=O)[C@@H]2C[C@@H](O)CN2C(=O)CNC(=O)c2ccc3cc(F)ccc3n2)c(Cl)c1 O=C(NCC(=O)N1CCC[C@H]1C(=O)NCc1ccccc1)c1ccc2ccccc2n1 0.4374885 0.4375 0.7619048 0.7619 0.7796905 -9.9700 1.0000000 1.0000 []
 | 2.2467 4.0491 82.5249 0.6763589 CC(C)C(NC(=O)[C@@H]1C[C@@H](O)CN1C(=O)CNC(=O)c1ccc2cc(F)ccc2n1)c1ccccc1 1 COc1ccc([C@H](C)NC(=O)[C@@H]2C[C@@H](O)CN2C(=O)CNC(=O)c2ccc3cc(F)ccc3n2)c(Cl)c1 O=C(NCC(=O)N1CCC[C@H]1C(=O)NCc1ccccc1)c1ccc2ccccc2n1 0.4695327 0.4695 0.7364865 0.7365 0.7779275 -9.9500 1.0000000 1.0000 []
 | 2.2563 4.8186 81.6214 0.6753121 CC(NC(=O)[C@@H]1C[C@@H](O)CN1C(=O)CNC(=O)c1ccc2cc(F)ccc2n1)c1ccc(Cl)cc1 1 COc1ccc([C@H](C)NC(=O)[C@@H]2C[C@@H](O)CN2C(=O)CNC(=O)c2ccc3cc(F)ccc3n2)c(Cl)c1 O=C(NCC(=O)N1CCC[C@H]1C(=O)NCc1ccccc1)c1ccc2ccccc2n1 0.4834885 0.4835 0.8014184 0.8014 0.7326326 -9.4700 1.0000000 1.0000 []
 | 2.3681 4.1297 72.0438 0.5951057 COc1ccc(CNC(=O)[C@@H]2C[C@@H](O)CN2C(=O)CNC(=O)c2ccc3cc(F)ccc3n2)cc1 1 COc1ccc([C@H](C)NC(=O)[C@@H]2C[C@@H](O)CN2C(=O)CNC(=O)c2ccc3cc(F)ccc3n2)c(Cl)c1 O=C(NCC(=O)N1CCC[C@H]1C(=O)NCc1ccccc1)c1ccc2ccccc2n1 0.4701237 0.4701 0.7832168 0.7832 0.5836347 -8.1600 1.0000000 1.0000 []
 | 2.2695 4.2698 80.8253 0.6648056 C[C@@H](NC(=O)[C@@H]1C[C@@H](O)CN1C(=O)CNC(=O)c1ccc2cc(F)ccc2n1)c1ccc(Cl)cc1 1 COc1ccc([C@H](C)NC(=O)[C@@H]2C[C@@H](O)CN2C(=O)CNC(=O)c2ccc3cc(F)ccc3n2)c(Cl)c1 O=C(NCC(=O)N1CCC[C@H]1C(=O)NCc1ccccc1)c1ccc2ccccc2n1 0.4834885 0.4835 0.8014184 0.8014 0.7100135 -9.2500 1.0000000 1.0000 []
 | 2.3021 4.3193 79.5056 0.6548825 O=C(NCC(=O)N1C[C@H](O)C[C@H]1C(=O)NCc1ccc(Cl)c(Cl)c1)c1ccc2cc(F)ccc2n1 1 COc1ccc([C@H](C)NC(=O)[C@@H]2C[C@@H](O)CN2C(=O)CNC(=O)c2ccc3cc(F)ccc3n2)c(Cl)c1 O=C(NCC(=O)N1CCC[C@H]1C(=O)NCc1ccccc1)c1ccc2ccccc2n1 0.4640416 0.4640 0.7114094 0.7114 0.7464290 -9.6100 1.0000000 1.0000 []
 | 2.2447 3.8934 81.6967 0.6686721 O=C(NCC(=O)N1C[C@H](O)C[C@H]1C(=O)NCc1ccc(Cl)cc1)c1ccc2cc(F)ccc2n1 1 COc1ccc([C@H](C)NC(=O)[C@@H]2C[C@@H](O)CN2C(=O)CNC(=O)c2ccc3cc(F)ccc3n2)c(Cl)c1 O=C(NCC(=O)N1CCC[C@H]1C(=O)NCc1ccccc1)c1ccc2ccccc2n1 0.4955094 0.4955 0.7260274 0.7260 0.7454593 -9.6000 1.0000000 1.0000 []
 | 2.3051 3.2004 77.2229 0.6283072 O=C(NCC(=O)N1C[C@H](O)C[C@H]1C(=O)NCc1cccc(Cl)c1)c1ccc2cc(F)ccc2n1 1 COc1ccc([C@H](C)NC(=O)[C@@H]2C[C@@H](O)CN2C(=O)CNC(=O)c2ccc3cc(F)ccc3n2)c(Cl)c1 O=C(NCC(=O)N1CCC[C@H]1C(=O)NCc1ccccc1)c1ccc2ccccc2n1 0.4955094 0.4955 0.7210884 0.7211 0.6604256 -8.8000 1.0000000 1.0000 []
 | 2.3900 4.2413 70.9730 0.5876117 O=C(NCC(=O)N1C[C@H](O)C[C@H]1C(=O)N[C@@H](CO)c1cccc(Cl)c1)c1ccc2cc(F)ccc2n1 1 COc1ccc([C@H](C)NC(=O)[C@@H]2C[C@@H](O)CN2C(=O)CNC(=O)c2ccc3cc(F)ccc3n2)c(Cl)c1 O=C(NCC(=O)N1CCC[C@H]1C(=O)NCc1ccccc1)c1ccc2ccccc2n1 0.3782864 0.3783 0.7432432 0.7432 0.6511860 -8.7200 1.0000000 1.0000 []
 | 2.3450 4.6734 74.2686 0.6167343 O=C(NCC(=O)N1C[C@H](O)C[C@H]1C(=O)N[C@H](CO)c1cccc(Cl)c1)c1ccc2cc(F)ccc2n1 1 COc1ccc([C@H](C)NC(=O)[C@@H]2C[C@@H](O)CN2C(=O)CNC(=O)c2ccc3cc(F)ccc3n2)c(Cl)c1 O=C(NCC(=O)N1CCC[C@H]1C(=O)NCc1ccccc1)c1ccc2ccccc2n1 0.3782864 0.3783 0.7432432 0.7432 0.7173324 -9.3200 1.0000000 1.0000 []
00:29:20 <INFO> Score: 0.64 Agent NLL: 2.30 Valid: 100% Step: 91
 | Agent Prior Target Score SMILES SMILES_state Input_SMILES Scaffold QED QED (raw) TanimotoDistance TanimotoDistance (raw) maize maize (raw) Unwanted SMARTS Unwanted SMARTS (raw) matchting_patterns (Unwanted SMARTS)
 | 2.3164 8.7137 77.1655 0.6709312 CC(C)C(NC(=O)[C@@H]1C[C@@H](O)CN1C(=O)CNC(=O)c1ccc2cc(F)ccc2n1)c1ccc(Cl)cc1 1 COc1ccc([C@H](C)NC(=O)[C@@H]2C[C@@H](O)CN2C(=O)CNC(=O)c2ccc3cc(F)ccc3n2)c(Cl)c1 O=C(NCC(=O)N1CCC[C@H]1C(=O)NCc1ccccc1)c1ccc2ccccc2n1 0.4374885 0.4375 0.7619048 0.7619 0.7796905 -9.9700 1.0000000 1.0000 []
 | 2.2468 4.0491 82.5249 0.6763589 CC(C)C(NC(=O)[C@@H]1C[C@@H](O)CN1C(=O)CNC(=O)c1ccc2cc(F)ccc2n1)c1ccccc1 1 COc1ccc([C@H](C)NC(=O)[C@@H]2C[C@@H](O)CN2C(=O)CNC(=O)c2ccc3cc(F)ccc3n2)c(Cl)c1 O=C(NCC(=O)N1CCC[C@H]1C(=O)NCc1ccccc1)c1ccc2ccccc2n1 0.4695327 0.4695 0.7364865 0.7365 0.7779275 -9.9500 1.0000000 1.0000 []
 | 2.2556 4.8186 81.6214 0.6753121 CC(NC(=O)[C@@H]1C[C@@H](O)CN1C(=O)CNC(=O)c1ccc2cc(F)ccc2n1)c1ccc(Cl)cc1 1 COc1ccc([C@H](C)NC(=O)[C@@H]2C[C@@H](O)CN2C(=O)CNC(=O)c2ccc3cc(F)ccc3n2)c(Cl)c1 O=C(NCC(=O)N1CCC[C@H]1C(=O)NCc1ccccc1)c1ccc2ccccc2n1 0.4834885 0.4835 0.8014184 0.8014 0.7326326 -9.4700 1.0000000 1.0000 []
 | 2.3684 4.1297 72.0438 0.5951057 COc1ccc(CNC(=O)[C@@H]2C[C@@H](O)CN2C(=O)CNC(=O)c2ccc3cc(F)ccc3n2)cc1 1 COc1ccc([C@H](C)NC(=O)[C@@H]2C[C@@H](O)CN2C(=O)CNC(=O)c2ccc3cc(F)ccc3n2)c(Cl)c1 O=C(NCC(=O)N1CCC[C@H]1C(=O)NCc1ccccc1)c1ccc2ccccc2n1 0.4701237 0.4701 0.7832168 0.7832 0.5836347 -8.1600 1.0000000 1.0000 []
 | 2.2689 4.2698 80.8253 0.6648056 C[C@@H](NC(=O)[C@@H]1C[C@@H](O)CN1C(=O)CNC(=O)c1ccc2cc(F)ccc2n1)c1ccc(Cl)cc1 1 COc1ccc([C@H](C)NC(=O)[C@@H]2C[C@@H](O)CN2C(=O)CNC(=O)c2ccc3cc(F)ccc3n2)c(Cl)c1 O=C(NCC(=O)N1CCC[C@H]1C(=O)NCc1ccccc1)c1ccc2ccccc2n1 0.4834885 0.4835 0.8014184 0.8014 0.7100135 -9.2500 1.0000000 1.0000 []
 | 2.3019 4.3193 79.5056 0.6548825 O=C(NCC(=O)N1C[C@H](O)C[C@H]1C(=O)NCc1ccc(Cl)c(Cl)c1)c1ccc2cc(F)ccc2n1 1 COc1ccc([C@H](C)NC(=O)[C@@H]2C[C@@H](O)CN2C(=O)CNC(=O)c2ccc3cc(F)ccc3n2)c(Cl)c1 O=C(NCC(=O)N1CCC[C@H]1C(=O)NCc1ccccc1)c1ccc2ccccc2n1 0.4640416 0.4640 0.7114094 0.7114 0.7464290 -9.6100 1.0000000 1.0000 []
 | 2.2376 3.8934 81.6967 0.6686721 O=C(NCC(=O)N1C[C@H](O)C[C@H]1C(=O)NCc1ccc(Cl)cc1)c1ccc2cc(F)ccc2n1 1 COc1ccc([C@H](C)NC(=O)[C@@H]2C[C@@H](O)CN2C(=O)CNC(=O)c2ccc3cc(F)ccc3n2)c(Cl)c1 O=C(NCC(=O)N1CCC[C@H]1C(=O)NCc1ccccc1)c1ccc2ccccc2n1 0.4955094 0.4955 0.7260274 0.7260 0.7454593 -9.6000 1.0000000 1.0000 []
 | 2.3083 3.2004 77.2229 0.6283072 O=C(NCC(=O)N1C[C@H](O)C[C@H]1C(=O)NCc1cccc(Cl)c1)c1ccc2cc(F)ccc2n1 1 COc1ccc([C@H](C)NC(=O)[C@@H]2C[C@@H](O)CN2C(=O)CNC(=O)c2ccc3cc(F)ccc3n2)c(Cl)c1 O=C(NCC(=O)N1CCC[C@H]1C(=O)NCc1ccccc1)c1ccc2ccccc2n1 0.4955094 0.4955 0.7210884 0.7211 0.6604256 -8.8000 1.0000000 1.0000 []
 | 2.3938 4.2413 70.9730 0.5876117 O=C(NCC(=O)N1C[C@H](O)C[C@H]1C(=O)N[C@@H](CO)c1cccc(Cl)c1)c1ccc2cc(F)ccc2n1 1 COc1ccc([C@H](C)NC(=O)[C@@H]2C[C@@H](O)CN2C(=O)CNC(=O)c2ccc3cc(F)ccc3n2)c(Cl)c1 O=C(NCC(=O)N1CCC[C@H]1C(=O)NCc1ccccc1)c1ccc2ccccc2n1 0.3782864 0.3783 0.7432432 0.7432 0.6511860 -8.7200 1.0000000 1.0000 []
 | 2.3477 4.6734 74.2686 0.6167343 O=C(NCC(=O)N1C[C@H](O)C[C@H]1C(=O)N[C@H](CO)c1cccc(Cl)c1)c1ccc2cc(F)ccc2n1 1 COc1ccc([C@H](C)NC(=O)[C@@H]2C[C@@H](O)CN2C(=O)CNC(=O)c2ccc3cc(F)ccc3n2)c(Cl)c1 O=C(NCC(=O)N1CCC[C@H]1C(=O)NCc1ccccc1)c1ccc2ccccc2n1 0.3782864 0.3783 0.7432432 0.7432 0.7173324 -9.3200 1.0000000 1.0000 []
00:29:21 <INFO> Score: 0.64 Agent NLL: 2.30 Valid: 100% Step: 92
 | Agent Prior Target Score SMILES SMILES_state Input_SMILES Scaffold QED QED (raw) TanimotoDistance TanimotoDistance (raw) maize maize (raw) Unwanted SMARTS Unwanted SMARTS (raw) matchting_patterns (Unwanted SMARTS)
 | 2.3075 8.7137 77.1655 0.6709312 CC(C)C(NC(=O)[C@@H]1C[C@@H](O)CN1C(=O)CNC(=O)c1ccc2cc(F)ccc2n1)c1ccc(Cl)cc1 1 COc1ccc([C@H](C)NC(=O)[C@@H]2C[C@@H](O)CN2C(=O)CNC(=O)c2ccc3cc(F)ccc3n2)c(Cl)c1 O=C(NCC(=O)N1CCC[C@H]1C(=O)NCc1ccccc1)c1ccc2ccccc2n1 0.4374885 0.4375 0.7619048 0.7619 0.7796905 -9.9700 1.0000000 1.0000 []
 | 2.2450 4.0491 82.5249 0.6763589 CC(C)C(NC(=O)[C@@H]1C[C@@H](O)CN1C(=O)CNC(=O)c1ccc2cc(F)ccc2n1)c1ccccc1 1 COc1ccc([C@H](C)NC(=O)[C@@H]2C[C@@H](O)CN2C(=O)CNC(=O)c2ccc3cc(F)ccc3n2)c(Cl)c1 O=C(NCC(=O)N1CCC[C@H]1C(=O)NCc1ccccc1)c1ccc2ccccc2n1 0.4695327 0.4695 0.7364865 0.7365 0.7779275 -9.9500 1.0000000 1.0000 []
 | 2.2645 4.8186 81.6214 0.6753121 CC(NC(=O)[C@@H]1C[C@@H](O)CN1C(=O)CNC(=O)c1ccc2cc(F)ccc2n1)c1ccc(Cl)cc1 1 COc1ccc([C@H](C)NC(=O)[C@@H]2C[C@@H](O)CN2C(=O)CNC(=O)c2ccc3cc(F)ccc3n2)c(Cl)c1 O=C(NCC(=O)N1CCC[C@H]1C(=O)NCc1ccccc1)c1ccc2ccccc2n1 0.4834885 0.4835 0.8014184 0.8014 0.7326326 -9.4700 1.0000000 1.0000 []
 | 2.3731 4.1297 72.0438 0.5951057 COc1ccc(CNC(=O)[C@@H]2C[C@@H](O)CN2C(=O)CNC(=O)c2ccc3cc(F)ccc3n2)cc1 1 COc1ccc([C@H](C)NC(=O)[C@@H]2C[C@@H](O)CN2C(=O)CNC(=O)c2ccc3cc(F)ccc3n2)c(Cl)c1 O=C(NCC(=O)N1CCC[C@H]1C(=O)NCc1ccccc1)c1ccc2ccccc2n1 0.4701237 0.4701 0.7832168 0.7832 0.5836347 -8.1600 1.0000000 1.0000 []
 | 2.2696 4.2698 80.8253 0.6648056 C[C@@H](NC(=O)[C@@H]1C[C@@H](O)CN1C(=O)CNC(=O)c1ccc2cc(F)ccc2n1)c1ccc(Cl)cc1 1 COc1ccc([C@H](C)NC(=O)[C@@H]2C[C@@H](O)CN2C(=O)CNC(=O)c2ccc3cc(F)ccc3n2)c(Cl)c1 O=C(NCC(=O)N1CCC[C@H]1C(=O)NCc1ccccc1)c1ccc2ccccc2n1 0.4834885 0.4835 0.8014184 0.8014 0.7100135 -9.2500 1.0000000 1.0000 []
 | 2.2345 4.3193 79.5056 0.6548825 O=C(NCC(=O)N1C[C@H](O)C[C@H]1C(=O)NCc1ccc(Cl)c(Cl)c1)c1ccc2cc(F)ccc2n1 1 COc1ccc([C@H](C)NC(=O)[C@@H]2C[C@@H](O)CN2C(=O)CNC(=O)c2ccc3cc(F)ccc3n2)c(Cl)c1 O=C(NCC(=O)N1CCC[C@H]1C(=O)NCc1ccccc1)c1ccc2ccccc2n1 0.4640416 0.4640 0.7114094 0.7114 0.7464290 -9.6100 1.0000000 1.0000 []
 | 2.2985 3.8934 81.6967 0.6686721 O=C(NCC(=O)N1C[C@H](O)C[C@H]1C(=O)NCc1ccc(Cl)cc1)c1ccc2cc(F)ccc2n1 1 COc1ccc([C@H](C)NC(=O)[C@@H]2C[C@@H](O)CN2C(=O)CNC(=O)c2ccc3cc(F)ccc3n2)c(Cl)c1 O=C(NCC(=O)N1CCC[C@H]1C(=O)NCc1ccccc1)c1ccc2ccccc2n1 0.4955094 0.4955 0.7260274 0.7260 0.7454593 -9.6000 1.0000000 1.0000 []
 | 2.3115 3.2004 77.2229 0.6283072 O=C(NCC(=O)N1C[C@H](O)C[C@H]1C(=O)NCc1cccc(Cl)c1)c1ccc2cc(F)ccc2n1 1 COc1ccc([C@H](C)NC(=O)[C@@H]2C[C@@H](O)CN2C(=O)CNC(=O)c2ccc3cc(F)ccc3n2)c(Cl)c1 O=C(NCC(=O)N1CCC[C@H]1C(=O)NCc1ccccc1)c1ccc2ccccc2n1 0.4955094 0.4955 0.7210884 0.7211 0.6604256 -8.8000 1.0000000 1.0000 []
 | 2.3936 4.2413 70.9730 0.5876117 O=C(NCC(=O)N1C[C@H](O)C[C@H]1C(=O)N[C@@H](CO)c1cccc(Cl)c1)c1ccc2cc(F)ccc2n1 1 COc1ccc([C@H](C)NC(=O)[C@@H]2C[C@@H](O)CN2C(=O)CNC(=O)c2ccc3cc(F)ccc3n2)c(Cl)c1 O=C(NCC(=O)N1CCC[C@H]1C(=O)NCc1ccccc1)c1ccc2ccccc2n1 0.3782864 0.3783 0.7432432 0.7432 0.6511860 -8.7200 1.0000000 1.0000 []
 | 2.3475 4.6734 74.2686 0.6167343 O=C(NCC(=O)N1C[C@H](O)C[C@H]1C(=O)N[C@H](CO)c1cccc(Cl)c1)c1ccc2cc(F)ccc2n1 1 COc1ccc([C@H](C)NC(=O)[C@@H]2C[C@@H](O)CN2C(=O)CNC(=O)c2ccc3cc(F)ccc3n2)c(Cl)c1 O=C(NCC(=O)N1CCC[C@H]1C(=O)NCc1ccccc1)c1ccc2ccccc2n1 0.3782864 0.3783 0.7432432 0.7432 0.7173324 -9.3200 1.0000000 1.0000 []
00:29:23 <INFO> Score: 0.64 Agent NLL: 2.30 Valid: 100% Step: 93
 | Agent Prior Target Score SMILES SMILES_state Input_SMILES Scaffold QED QED (raw) TanimotoDistance TanimotoDistance (raw) maize maize (raw) Unwanted SMARTS Unwanted SMARTS (raw) matchting_patterns (Unwanted SMARTS)
 | 2.3139 8.7137 77.1655 0.6709312 CC(C)C(NC(=O)[C@@H]1C[C@@H](O)CN1C(=O)CNC(=O)c1ccc2cc(F)ccc2n1)c1ccc(Cl)cc1 1 COc1ccc([C@H](C)NC(=O)[C@@H]2C[C@@H](O)CN2C(=O)CNC(=O)c2ccc3cc(F)ccc3n2)c(Cl)c1 O=C(NCC(=O)N1CCC[C@H]1C(=O)NCc1ccccc1)c1ccc2ccccc2n1 0.4374885 0.4375 0.7619048 0.7619 0.7796905 -9.9700 1.0000000 1.0000 []
 | 2.2494 4.0491 82.5249 0.6763589 CC(C)C(NC(=O)[C@@H]1C[C@@H](O)CN1C(=O)CNC(=O)c1ccc2cc(F)ccc2n1)c1ccccc1 1 COc1ccc([C@H](C)NC(=O)[C@@H]2C[C@@H](O)CN2C(=O)CNC(=O)c2ccc3cc(F)ccc3n2)c(Cl)c1 O=C(NCC(=O)N1CCC[C@H]1C(=O)NCc1ccccc1)c1ccc2ccccc2n1 0.4695327 0.4695 0.7364865 0.7365 0.7779275 -9.9500 1.0000000 1.0000 []
 | 2.2476 4.8186 81.6214 0.6753121 CC(NC(=O)[C@@H]1C[C@@H](O)CN1C(=O)CNC(=O)c1ccc2cc(F)ccc2n1)c1ccc(Cl)cc1 1 COc1ccc([C@H](C)NC(=O)[C@@H]2C[C@@H](O)CN2C(=O)CNC(=O)c2ccc3cc(F)ccc3n2)c(Cl)c1 O=C(NCC(=O)N1CCC[C@H]1C(=O)NCc1ccccc1)c1ccc2ccccc2n1 0.4834885 0.4835 0.8014184 0.8014 0.7326326 -9.4700 1.0000000 1.0000 []
 | 2.3747 4.1297 72.0438 0.5951057 COc1ccc(CNC(=O)[C@@H]2C[C@@H](O)CN2C(=O)CNC(=O)c2ccc3cc(F)ccc3n2)cc1 1 COc1ccc([C@H](C)NC(=O)[C@@H]2C[C@@H](O)CN2C(=O)CNC(=O)c2ccc3cc(F)ccc3n2)c(Cl)c1 O=C(NCC(=O)N1CCC[C@H]1C(=O)NCc1ccccc1)c1ccc2ccccc2n1 0.4701237 0.4701 0.7832168 0.7832 0.5836347 -8.1600 1.0000000 1.0000 []
 | 2.2657 4.2698 80.8253 0.6648056 C[C@@H](NC(=O)[C@@H]1C[C@@H](O)CN1C(=O)CNC(=O)c1ccc2cc(F)ccc2n1)c1ccc(Cl)cc1 1 COc1ccc([C@H](C)NC(=O)[C@@H]2C[C@@H](O)CN2C(=O)CNC(=O)c2ccc3cc(F)ccc3n2)c(Cl)c1 O=C(NCC(=O)N1CCC[C@H]1C(=O)NCc1ccccc1)c1ccc2ccccc2n1 0.4834885 0.4835 0.8014184 0.8014 0.7100135 -9.2500 1.0000000 1.0000 []
 | 2.3367 4.3193 79.5056 0.6548825 O=C(NCC(=O)N1C[C@H](O)C[C@H]1C(=O)NCc1ccc(Cl)c(Cl)c1)c1ccc2cc(F)ccc2n1 1 COc1ccc([C@H](C)NC(=O)[C@@H]2C[C@@H](O)CN2C(=O)CNC(=O)c2ccc3cc(F)ccc3n2)c(Cl)c1 O=C(NCC(=O)N1CCC[C@H]1C(=O)NCc1ccccc1)c1ccc2ccccc2n1 0.4640416 0.4640 0.7114094 0.7114 0.7464290 -9.6100 1.0000000 1.0000 []
 | 2.2013 3.8934 81.6967 0.6686721 O=C(NCC(=O)N1C[C@H](O)C[C@H]1C(=O)NCc1ccc(Cl)cc1)c1ccc2cc(F)ccc2n1 1 COc1ccc([C@H](C)NC(=O)[C@@H]2C[C@@H](O)CN2C(=O)CNC(=O)c2ccc3cc(F)ccc3n2)c(Cl)c1 O=C(NCC(=O)N1CCC[C@H]1C(=O)NCc1ccccc1)c1ccc2ccccc2n1 0.4955094 0.4955 0.7260274 0.7260 0.7454593 -9.6000 1.0000000 1.0000 []
 | 2.3182 3.2004 77.2229 0.6283072 O=C(NCC(=O)N1C[C@H](O)C[C@H]1C(=O)NCc1cccc(Cl)c1)c1ccc2cc(F)ccc2n1 1 COc1ccc([C@H](C)NC(=O)[C@@H]2C[C@@H](O)CN2C(=O)CNC(=O)c2ccc3cc(F)ccc3n2)c(Cl)c1 O=C(NCC(=O)N1CCC[C@H]1C(=O)NCc1ccccc1)c1ccc2ccccc2n1 0.4955094 0.4955 0.7210884 0.7211 0.6604256 -8.8000 1.0000000 1.0000 []
 | 2.3928 4.2413 70.9730 0.5876117 O=C(NCC(=O)N1C[C@H](O)C[C@H]1C(=O)N[C@@H](CO)c1cccc(Cl)c1)c1ccc2cc(F)ccc2n1 1 COc1ccc([C@H](C)NC(=O)[C@@H]2C[C@@H](O)CN2C(=O)CNC(=O)c2ccc3cc(F)ccc3n2)c(Cl)c1 O=C(NCC(=O)N1CCC[C@H]1C(=O)NCc1ccccc1)c1ccc2ccccc2n1 0.3782864 0.3783 0.7432432 0.7432 0.6511860 -8.7200 1.0000000 1.0000 []
 | 2.3494 4.6734 74.2686 0.6167343 O=C(NCC(=O)N1C[C@H](O)C[C@H]1C(=O)N[C@H](CO)c1cccc(Cl)c1)c1ccc2cc(F)ccc2n1 1 COc1ccc([C@H](C)NC(=O)[C@@H]2C[C@@H](O)CN2C(=O)CNC(=O)c2ccc3cc(F)ccc3n2)c(Cl)c1 O=C(NCC(=O)N1CCC[C@H]1C(=O)NCc1ccccc1)c1ccc2ccccc2n1 0.3782864 0.3783 0.7432432 0.7432 0.7173324 -9.3200 1.0000000 1.0000 []
00:29:24 <INFO> Score: 0.64 Agent NLL: 2.30 Valid: 100% Step: 94
 | Agent Prior Target Score SMILES SMILES_state Input_SMILES Scaffold QED QED (raw) TanimotoDistance TanimotoDistance (raw) maize maize (raw) Unwanted SMARTS Unwanted SMARTS (raw) matchting_patterns (Unwanted SMARTS)
 | 2.3045 8.7137 77.1655 0.6709312 CC(C)C(NC(=O)[C@@H]1C[C@@H](O)CN1C(=O)CNC(=O)c1ccc2cc(F)ccc2n1)c1ccc(Cl)cc1 1 COc1ccc([C@H](C)NC(=O)[C@@H]2C[C@@H](O)CN2C(=O)CNC(=O)c2ccc3cc(F)ccc3n2)c(Cl)c1 O=C(NCC(=O)N1CCC[C@H]1C(=O)NCc1ccccc1)c1ccc2ccccc2n1 0.4374885 0.4375 0.7619048 0.7619 0.7796905 -9.9700 1.0000000 1.0000 []
 | 2.2457 4.0491 82.5249 0.6763589 CC(C)C(NC(=O)[C@@H]1C[C@@H](O)CN1C(=O)CNC(=O)c1ccc2cc(F)ccc2n1)c1ccccc1 1 COc1ccc([C@H](C)NC(=O)[C@@H]2C[C@@H](O)CN2C(=O)CNC(=O)c2ccc3cc(F)ccc3n2)c(Cl)c1 O=C(NCC(=O)N1CCC[C@H]1C(=O)NCc1ccccc1)c1ccc2ccccc2n1 0.4695327 0.4695 0.7364865 0.7365 0.7779275 -9.9500 1.0000000 1.0000 []
 | 2.2653 4.8186 81.6214 0.6753121 CC(NC(=O)[C@@H]1C[C@@H](O)CN1C(=O)CNC(=O)c1ccc2cc(F)ccc2n1)c1ccc(Cl)cc1 1 COc1ccc([C@H](C)NC(=O)[C@@H]2C[C@@H](O)CN2C(=O)CNC(=O)c2ccc3cc(F)ccc3n2)c(Cl)c1 O=C(NCC(=O)N1CCC[C@H]1C(=O)NCc1ccccc1)c1ccc2ccccc2n1 0.4834885 0.4835 0.8014184 0.8014 0.7326326 -9.4700 1.0000000 1.0000 []
 | 2.3820 4.1297 72.0438 0.5951057 COc1ccc(CNC(=O)[C@@H]2C[C@@H](O)CN2C(=O)CNC(=O)c2ccc3cc(F)ccc3n2)cc1 1 COc1ccc([C@H](C)NC(=O)[C@@H]2C[C@@H](O)CN2C(=O)CNC(=O)c2ccc3cc(F)ccc3n2)c(Cl)c1 O=C(NCC(=O)N1CCC[C@H]1C(=O)NCc1ccccc1)c1ccc2ccccc2n1 0.4701237 0.4701 0.7832168 0.7832 0.5836347 -8.1600 1.0000000 1.0000 []
 | 2.2673 4.2698 80.8253 0.6648056 C[C@@H](NC(=O)[C@@H]1C[C@@H](O)CN1C(=O)CNC(=O)c1ccc2cc(F)ccc2n1)c1ccc(Cl)cc1 1 COc1ccc([C@H](C)NC(=O)[C@@H]2C[C@@H](O)CN2C(=O)CNC(=O)c2ccc3cc(F)ccc3n2)c(Cl)c1 O=C(NCC(=O)N1CCC[C@H]1C(=O)NCc1ccccc1)c1ccc2ccccc2n1 0.4834885 0.4835 0.8014184 0.8014 0.7100135 -9.2500 1.0000000 1.0000 []
 | 2.2333 4.3193 79.5056 0.6548825 O=C(NCC(=O)N1C[C@H](O)C[C@H]1C(=O)NCc1ccc(Cl)c(Cl)c1)c1ccc2cc(F)ccc2n1 1 COc1ccc([C@H](C)NC(=O)[C@@H]2C[C@@H](O)CN2C(=O)CNC(=O)c2ccc3cc(F)ccc3n2)c(Cl)c1 O=C(NCC(=O)N1CCC[C@H]1C(=O)NCc1ccccc1)c1ccc2ccccc2n1 0.4640416 0.4640 0.7114094 0.7114 0.7464290 -9.6100 1.0000000 1.0000 []
 | 2.3011 3.8934 81.6967 0.6686721 O=C(NCC(=O)N1C[C@H](O)C[C@H]1C(=O)NCc1ccc(Cl)cc1)c1ccc2cc(F)ccc2n1 1 COc1ccc([C@H](C)NC(=O)[C@@H]2C[C@@H](O)CN2C(=O)CNC(=O)c2ccc3cc(F)ccc3n2)c(Cl)c1 O=C(NCC(=O)N1CCC[C@H]1C(=O)NCc1ccccc1)c1ccc2ccccc2n1 0.4955094 0.4955 0.7260274 0.7260 0.7454593 -9.6000 1.0000000 1.0000 []
 | 2.3148 3.2004 77.2229 0.6283072 O=C(NCC(=O)N1C[C@H](O)C[C@H]1C(=O)NCc1cccc(Cl)c1)c1ccc2cc(F)ccc2n1 1 COc1ccc([C@H](C)NC(=O)[C@@H]2C[C@@H](O)CN2C(=O)CNC(=O)c2ccc3cc(F)ccc3n2)c(Cl)c1 O=C(NCC(=O)N1CCC[C@H]1C(=O)NCc1ccccc1)c1ccc2ccccc2n1 0.4955094 0.4955 0.7210884 0.7211 0.6604256 -8.8000 1.0000000 1.0000 []
 | 2.3868 4.2413 70.9730 0.5876117 O=C(NCC(=O)N1C[C@H](O)C[C@H]1C(=O)N[C@@H](CO)c1cccc(Cl)c1)c1ccc2cc(F)ccc2n1 1 COc1ccc([C@H](C)NC(=O)[C@@H]2C[C@@H](O)CN2C(=O)CNC(=O)c2ccc3cc(F)ccc3n2)c(Cl)c1 O=C(NCC(=O)N1CCC[C@H]1C(=O)NCc1ccccc1)c1ccc2ccccc2n1 0.3782864 0.3783 0.7432432 0.7432 0.6511860 -8.7200 1.0000000 1.0000 []
 | 2.3445 4.6734 74.2686 0.6167343 O=C(NCC(=O)N1C[C@H](O)C[C@H]1C(=O)N[C@H](CO)c1cccc(Cl)c1)c1ccc2cc(F)ccc2n1 1 COc1ccc([C@H](C)NC(=O)[C@@H]2C[C@@H](O)CN2C(=O)CNC(=O)c2ccc3cc(F)ccc3n2)c(Cl)c1 O=C(NCC(=O)N1CCC[C@H]1C(=O)NCc1ccccc1)c1ccc2ccccc2n1 0.3782864 0.3783 0.7432432 0.7432 0.7173324 -9.3200 1.0000000 1.0000 []
00:29:25 <INFO> Score: 0.64 Agent NLL: 2.30 Valid: 100% Step: 95
 | Agent Prior Target Score SMILES SMILES_state Input_SMILES Scaffold QED QED (raw) TanimotoDistance TanimotoDistance (raw) maize maize (raw) Unwanted SMARTS Unwanted SMARTS (raw) matchting_patterns (Unwanted SMARTS)
 | 2.3131 8.7137 77.1655 0.6709312 CC(C)C(NC(=O)[C@@H]1C[C@@H](O)CN1C(=O)CNC(=O)c1ccc2cc(F)ccc2n1)c1ccc(Cl)cc1 1 COc1ccc([C@H](C)NC(=O)[C@@H]2C[C@@H](O)CN2C(=O)CNC(=O)c2ccc3cc(F)ccc3n2)c(Cl)c1 O=C(NCC(=O)N1CCC[C@H]1C(=O)NCc1ccccc1)c1ccc2ccccc2n1 0.4374885 0.4375 0.7619048 0.7619 0.7796905 -9.9700 1.0000000 1.0000 []
 | 2.2483 4.0491 82.5249 0.6763589 CC(C)C(NC(=O)[C@@H]1C[C@@H](O)CN1C(=O)CNC(=O)c1ccc2cc(F)ccc2n1)c1ccccc1 1 COc1ccc([C@H](C)NC(=O)[C@@H]2C[C@@H](O)CN2C(=O)CNC(=O)c2ccc3cc(F)ccc3n2)c(Cl)c1 O=C(NCC(=O)N1CCC[C@H]1C(=O)NCc1ccccc1)c1ccc2ccccc2n1 0.4695327 0.4695 0.7364865 0.7365 0.7779275 -9.9500 1.0000000 1.0000 []
 | 2.2508 4.8186 81.6214 0.6753121 CC(NC(=O)[C@@H]1C[C@@H](O)CN1C(=O)CNC(=O)c1ccc2cc(F)ccc2n1)c1ccc(Cl)cc1 1 COc1ccc([C@H](C)NC(=O)[C@@H]2C[C@@H](O)CN2C(=O)CNC(=O)c2ccc3cc(F)ccc3n2)c(Cl)c1 O=C(NCC(=O)N1CCC[C@H]1C(=O)NCc1ccccc1)c1ccc2ccccc2n1 0.4834885 0.4835 0.8014184 0.8014 0.7326326 -9.4700 1.0000000 1.0000 []
 | 2.3825 4.1297 72.0438 0.5951057 COc1ccc(CNC(=O)[C@@H]2C[C@@H](O)CN2C(=O)CNC(=O)c2ccc3cc(F)ccc3n2)cc1 1 COc1ccc([C@H](C)NC(=O)[C@@H]2C[C@@H](O)CN2C(=O)CNC(=O)c2ccc3cc(F)ccc3n2)c(Cl)c1 O=C(NCC(=O)N1CCC[C@H]1C(=O)NCc1ccccc1)c1ccc2ccccc2n1 0.4701237 0.4701 0.7832168 0.7832 0.5836347 -8.1600 1.0000000 1.0000 []
 | 2.2639 4.2698 80.8253 0.6648056 C[C@@H](NC(=O)[C@@H]1C[C@@H](O)CN1C(=O)CNC(=O)c1ccc2cc(F)ccc2n1)c1ccc(Cl)cc1 1 COc1ccc([C@H](C)NC(=O)[C@@H]2C[C@@H](O)CN2C(=O)CNC(=O)c2ccc3cc(F)ccc3n2)c(Cl)c1 O=C(NCC(=O)N1CCC[C@H]1C(=O)NCc1ccccc1)c1ccc2ccccc2n1 0.4834885 0.4835 0.8014184 0.8014 0.7100135 -9.2500 1.0000000 1.0000 []
 | 2.3090 4.3193 79.5056 0.6548825 O=C(NCC(=O)N1C[C@H](O)C[C@H]1C(=O)NCc1ccc(Cl)c(Cl)c1)c1ccc2cc(F)ccc2n1 1 COc1ccc([C@H](C)NC(=O)[C@@H]2C[C@@H](O)CN2C(=O)CNC(=O)c2ccc3cc(F)ccc3n2)c(Cl)c1 O=C(NCC(=O)N1CCC[C@H]1C(=O)NCc1ccccc1)c1ccc2ccccc2n1 0.4640416 0.4640 0.7114094 0.7114 0.7464290 -9.6100 1.0000000 1.0000 []
 | 2.2298 3.8934 81.6967 0.6686721 O=C(NCC(=O)N1C[C@H](O)C[C@H]1C(=O)NCc1ccc(Cl)cc1)c1ccc2cc(F)ccc2n1 1 COc1ccc([C@H](C)NC(=O)[C@@H]2C[C@@H](O)CN2C(=O)CNC(=O)c2ccc3cc(F)ccc3n2)c(Cl)c1 O=C(NCC(=O)N1CCC[C@H]1C(=O)NCc1ccccc1)c1ccc2ccccc2n1 0.4955094 0.4955 0.7260274 0.7260 0.7454593 -9.6000 1.0000000 1.0000 []
 | 2.3123 3.2004 77.2229 0.6283072 O=C(NCC(=O)N1C[C@H](O)C[C@H]1C(=O)NCc1cccc(Cl)c1)c1ccc2cc(F)ccc2n1 1 COc1ccc([C@H](C)NC(=O)[C@@H]2C[C@@H](O)CN2C(=O)CNC(=O)c2ccc3cc(F)ccc3n2)c(Cl)c1 O=C(NCC(=O)N1CCC[C@H]1C(=O)NCc1ccccc1)c1ccc2ccccc2n1 0.4955094 0.4955 0.7210884 0.7211 0.6604256 -8.8000 1.0000000 1.0000 []
 | 2.3887 4.2413 70.9730 0.5876117 O=C(NCC(=O)N1C[C@H](O)C[C@H]1C(=O)N[C@@H](CO)c1cccc(Cl)c1)c1ccc2cc(F)ccc2n1 1 COc1ccc([C@H](C)NC(=O)[C@@H]2C[C@@H](O)CN2C(=O)CNC(=O)c2ccc3cc(F)ccc3n2)c(Cl)c1 O=C(NCC(=O)N1CCC[C@H]1C(=O)NCc1ccccc1)c1ccc2ccccc2n1 0.3782864 0.3783 0.7432432 0.7432 0.6511860 -8.7200 1.0000000 1.0000 []
 | 2.3481 4.6734 74.2686 0.6167343 O=C(NCC(=O)N1C[C@H](O)C[C@H]1C(=O)N[C@H](CO)c1cccc(Cl)c1)c1ccc2cc(F)ccc2n1 1 COc1ccc([C@H](C)NC(=O)[C@@H]2C[C@@H](O)CN2C(=O)CNC(=O)c2ccc3cc(F)ccc3n2)c(Cl)c1 O=C(NCC(=O)N1CCC[C@H]1C(=O)NCc1ccccc1)c1ccc2ccccc2n1 0.3782864 0.3783 0.7432432 0.7432 0.7173324 -9.3200 1.0000000 1.0000 []
00:29:27 <INFO> Score: 0.64 Agent NLL: 2.30 Valid: 100% Step: 96
 | Agent Prior Target Score SMILES SMILES_state Input_SMILES Scaffold QED QED (raw) TanimotoDistance TanimotoDistance (raw) maize maize (raw) Unwanted SMARTS Unwanted SMARTS (raw) matchting_patterns (Unwanted SMARTS)
 | 2.3112 8.7137 77.1655 0.6709312 CC(C)C(NC(=O)[C@@H]1C[C@@H](O)CN1C(=O)CNC(=O)c1ccc2cc(F)ccc2n1)c1ccc(Cl)cc1 1 COc1ccc([C@H](C)NC(=O)[C@@H]2C[C@@H](O)CN2C(=O)CNC(=O)c2ccc3cc(F)ccc3n2)c(Cl)c1 O=C(NCC(=O)N1CCC[C@H]1C(=O)NCc1ccccc1)c1ccc2ccccc2n1 0.4374885 0.4375 0.7619048 0.7619 0.7796905 -9.9700 1.0000000 1.0000 []
 | 2.2452 4.0491 82.5249 0.6763589 CC(C)C(NC(=O)[C@@H]1C[C@@H](O)CN1C(=O)CNC(=O)c1ccc2cc(F)ccc2n1)c1ccccc1 1 COc1ccc([C@H](C)NC(=O)[C@@H]2C[C@@H](O)CN2C(=O)CNC(=O)c2ccc3cc(F)ccc3n2)c(Cl)c1 O=C(NCC(=O)N1CCC[C@H]1C(=O)NCc1ccccc1)c1ccc2ccccc2n1 0.4695327 0.4695 0.7364865 0.7365 0.7779275 -9.9500 1.0000000 1.0000 []
 | 2.2584 4.8186 81.6214 0.6753121 CC(NC(=O)[C@@H]1C[C@@H](O)CN1C(=O)CNC(=O)c1ccc2cc(F)ccc2n1)c1ccc(Cl)cc1 1 COc1ccc([C@H](C)NC(=O)[C@@H]2C[C@@H](O)CN2C(=O)CNC(=O)c2ccc3cc(F)ccc3n2)c(Cl)c1 O=C(NCC(=O)N1CCC[C@H]1C(=O)NCc1ccccc1)c1ccc2ccccc2n1 0.4834885 0.4835 0.8014184 0.8014 0.7326326 -9.4700 1.0000000 1.0000 []
 | 2.3825 4.1297 72.0438 0.5951057 COc1ccc(CNC(=O)[C@@H]2C[C@@H](O)CN2C(=O)CNC(=O)c2ccc3cc(F)ccc3n2)cc1 1 COc1ccc([C@H](C)NC(=O)[C@@H]2C[C@@H](O)CN2C(=O)CNC(=O)c2ccc3cc(F)ccc3n2)c(Cl)c1 O=C(NCC(=O)N1CCC[C@H]1C(=O)NCc1ccccc1)c1ccc2ccccc2n1 0.4701237 0.4701 0.7832168 0.7832 0.5836347 -8.1600 1.0000000 1.0000 []
 | 2.2625 4.2698 80.8253 0.6648056 C[C@@H](NC(=O)[C@@H]1C[C@@H](O)CN1C(=O)CNC(=O)c1ccc2cc(F)ccc2n1)c1ccc(Cl)cc1 1 COc1ccc([C@H](C)NC(=O)[C@@H]2C[C@@H](O)CN2C(=O)CNC(=O)c2ccc3cc(F)ccc3n2)c(Cl)c1 O=C(NCC(=O)N1CCC[C@H]1C(=O)NCc1ccccc1)c1ccc2ccccc2n1 0.4834885 0.4835 0.8014184 0.8014 0.7100135 -9.2500 1.0000000 1.0000 []
 | 2.2820 4.3193 79.5056 0.6548825 O=C(NCC(=O)N1C[C@H](O)C[C@H]1C(=O)NCc1ccc(Cl)c(Cl)c1)c1ccc2cc(F)ccc2n1 1 COc1ccc([C@H](C)NC(=O)[C@@H]2C[C@@H](O)CN2C(=O)CNC(=O)c2ccc3cc(F)ccc3n2)c(Cl)c1 O=C(NCC(=O)N1CCC[C@H]1C(=O)NCc1ccccc1)c1ccc2ccccc2n1 0.4640416 0.4640 0.7114094 0.7114 0.7464290 -9.6100 1.0000000 1.0000 []
 | 2.2570 3.8934 81.6967 0.6686721 O=C(NCC(=O)N1C[C@H](O)C[C@H]1C(=O)NCc1ccc(Cl)cc1)c1ccc2cc(F)ccc2n1 1 COc1ccc([C@H](C)NC(=O)[C@@H]2C[C@@H](O)CN2C(=O)CNC(=O)c2ccc3cc(F)ccc3n2)c(Cl)c1 O=C(NCC(=O)N1CCC[C@H]1C(=O)NCc1ccccc1)c1ccc2ccccc2n1 0.4955094 0.4955 0.7260274 0.7260 0.7454593 -9.6000 1.0000000 1.0000 []
 | 2.3060 3.2004 77.2229 0.6283072 O=C(NCC(=O)N1C[C@H](O)C[C@H]1C(=O)NCc1cccc(Cl)c1)c1ccc2cc(F)ccc2n1 1 COc1ccc([C@H](C)NC(=O)[C@@H]2C[C@@H](O)CN2C(=O)CNC(=O)c2ccc3cc(F)ccc3n2)c(Cl)c1 O=C(NCC(=O)N1CCC[C@H]1C(=O)NCc1ccccc1)c1ccc2ccccc2n1 0.4955094 0.4955 0.7210884 0.7211 0.6604256 -8.8000 1.0000000 1.0000 []
 | 2.3907 4.2413 70.9730 0.5876117 O=C(NCC(=O)N1C[C@H](O)C[C@H]1C(=O)N[C@@H](CO)c1cccc(Cl)c1)c1ccc2cc(F)ccc2n1 1 COc1ccc([C@H](C)NC(=O)[C@@H]2C[C@@H](O)CN2C(=O)CNC(=O)c2ccc3cc(F)ccc3n2)c(Cl)c1 O=C(NCC(=O)N1CCC[C@H]1C(=O)NCc1ccccc1)c1ccc2ccccc2n1 0.3782864 0.3783 0.7432432 0.7432 0.6511860 -8.7200 1.0000000 1.0000 []
 | 2.3494 4.6734 74.2686 0.6167343 O=C(NCC(=O)N1C[C@H](O)C[C@H]1C(=O)N[C@H](CO)c1cccc(Cl)c1)c1ccc2cc(F)ccc2n1 1 COc1ccc([C@H](C)NC(=O)[C@@H]2C[C@@H](O)CN2C(=O)CNC(=O)c2ccc3cc(F)ccc3n2)c(Cl)c1 O=C(NCC(=O)N1CCC[C@H]1C(=O)NCc1ccccc1)c1ccc2ccccc2n1 0.3782864 0.3783 0.7432432 0.7432 0.7173324 -9.3200 1.0000000 1.0000 []
00:29:28 <INFO> Score: 0.64 Agent NLL: 2.30 Valid: 100% Step: 97
 | Agent Prior Target Score SMILES SMILES_state Input_SMILES Scaffold QED QED (raw) TanimotoDistance TanimotoDistance (raw) maize maize (raw) Unwanted SMARTS Unwanted SMARTS (raw) matchting_patterns (Unwanted SMARTS)
 | 2.3107 8.7137 77.1655 0.6709312 CC(C)C(NC(=O)[C@@H]1C[C@@H](O)CN1C(=O)CNC(=O)c1ccc2cc(F)ccc2n1)c1ccc(Cl)cc1 1 COc1ccc([C@H](C)NC(=O)[C@@H]2C[C@@H](O)CN2C(=O)CNC(=O)c2ccc3cc(F)ccc3n2)c(Cl)c1 O=C(NCC(=O)N1CCC[C@H]1C(=O)NCc1ccccc1)c1ccc2ccccc2n1 0.4374885 0.4375 0.7619048 0.7619 0.7796905 -9.9700 1.0000000 1.0000 []
 | 2.2453 4.0491 82.5249 0.6763589 CC(C)C(NC(=O)[C@@H]1C[C@@H](O)CN1C(=O)CNC(=O)c1ccc2cc(F)ccc2n1)c1ccccc1 1 COc1ccc([C@H](C)NC(=O)[C@@H]2C[C@@H](O)CN2C(=O)CNC(=O)c2ccc3cc(F)ccc3n2)c(Cl)c1 O=C(NCC(=O)N1CCC[C@H]1C(=O)NCc1ccccc1)c1ccc2ccccc2n1 0.4695327 0.4695 0.7364865 0.7365 0.7779275 -9.9500 1.0000000 1.0000 []
 | 2.2603 4.8186 81.6214 0.6753121 CC(NC(=O)[C@@H]1C[C@@H](O)CN1C(=O)CNC(=O)c1ccc2cc(F)ccc2n1)c1ccc(Cl)cc1 1 COc1ccc([C@H](C)NC(=O)[C@@H]2C[C@@H](O)CN2C(=O)CNC(=O)c2ccc3cc(F)ccc3n2)c(Cl)c1 O=C(NCC(=O)N1CCC[C@H]1C(=O)NCc1ccccc1)c1ccc2ccccc2n1 0.4834885 0.4835 0.8014184 0.8014 0.7326326 -9.4700 1.0000000 1.0000 []
 | 2.3810 4.1297 72.0438 0.5951057 COc1ccc(CNC(=O)[C@@H]2C[C@@H](O)CN2C(=O)CNC(=O)c2ccc3cc(F)ccc3n2)cc1 1 COc1ccc([C@H](C)NC(=O)[C@@H]2C[C@@H](O)CN2C(=O)CNC(=O)c2ccc3cc(F)ccc3n2)c(Cl)c1 O=C(NCC(=O)N1CCC[C@H]1C(=O)NCc1ccccc1)c1ccc2ccccc2n1 0.4701237 0.4701 0.7832168 0.7832 0.5836347 -8.1600 1.0000000 1.0000 []
 | 2.2627 4.2698 80.8253 0.6648056 C[C@@H](NC(=O)[C@@H]1C[C@@H](O)CN1C(=O)CNC(=O)c1ccc2cc(F)ccc2n1)c1ccc(Cl)cc1 1 COc1ccc([C@H](C)NC(=O)[C@@H]2C[C@@H](O)CN2C(=O)CNC(=O)c2ccc3cc(F)ccc3n2)c(Cl)c1 O=C(NCC(=O)N1CCC[C@H]1C(=O)NCc1ccccc1)c1ccc2ccccc2n1 0.4834885 0.4835 0.8014184 0.8014 0.7100135 -9.2500 1.0000000 1.0000 []
 | 2.2606 4.3193 79.5056 0.6548825 O=C(NCC(=O)N1C[C@H](O)C[C@H]1C(=O)NCc1ccc(Cl)c(Cl)c1)c1ccc2cc(F)ccc2n1 1 COc1ccc([C@H](C)NC(=O)[C@@H]2C[C@@H](O)CN2C(=O)CNC(=O)c2ccc3cc(F)ccc3n2)c(Cl)c1 O=C(NCC(=O)N1CCC[C@H]1C(=O)NCc1ccccc1)c1ccc2ccccc2n1 0.4640416 0.4640 0.7114094 0.7114 0.7464290 -9.6100 1.0000000 1.0000 []
 | 2.2805 3.8934 81.6967 0.6686721 O=C(NCC(=O)N1C[C@H](O)C[C@H]1C(=O)NCc1ccc(Cl)cc1)c1ccc2cc(F)ccc2n1 1 COc1ccc([C@H](C)NC(=O)[C@@H]2C[C@@H](O)CN2C(=O)CNC(=O)c2ccc3cc(F)ccc3n2)c(Cl)c1 O=C(NCC(=O)N1CCC[C@H]1C(=O)NCc1ccccc1)c1ccc2ccccc2n1 0.4955094 0.4955 0.7260274 0.7260 0.7454593 -9.6000 1.0000000 1.0000 []
 | 2.3035 3.2004 77.2229 0.6283072 O=C(NCC(=O)N1C[C@H](O)C[C@H]1C(=O)NCc1cccc(Cl)c1)c1ccc2cc(F)ccc2n1 1 COc1ccc([C@H](C)NC(=O)[C@@H]2C[C@@H](O)CN2C(=O)CNC(=O)c2ccc3cc(F)ccc3n2)c(Cl)c1 O=C(NCC(=O)N1CCC[C@H]1C(=O)NCc1ccccc1)c1ccc2ccccc2n1 0.4955094 0.4955 0.7210884 0.7211 0.6604256 -8.8000 1.0000000 1.0000 []
 | 2.3916 4.2413 70.9730 0.5876117 O=C(NCC(=O)N1C[C@H](O)C[C@H]1C(=O)N[C@@H](CO)c1cccc(Cl)c1)c1ccc2cc(F)ccc2n1 1 COc1ccc([C@H](C)NC(=O)[C@@H]2C[C@@H](O)CN2C(=O)CNC(=O)c2ccc3cc(F)ccc3n2)c(Cl)c1 O=C(NCC(=O)N1CCC[C@H]1C(=O)NCc1ccccc1)c1ccc2ccccc2n1 0.3782864 0.3783 0.7432432 0.7432 0.6511860 -8.7200 1.0000000 1.0000 []
 | 2.3483 4.6734 74.2686 0.6167343 O=C(NCC(=O)N1C[C@H](O)C[C@H]1C(=O)N[C@H](CO)c1cccc(Cl)c1)c1ccc2cc(F)ccc2n1 1 COc1ccc([C@H](C)NC(=O)[C@@H]2C[C@@H](O)CN2C(=O)CNC(=O)c2ccc3cc(F)ccc3n2)c(Cl)c1 O=C(NCC(=O)N1CCC[C@H]1C(=O)NCc1ccccc1)c1ccc2ccccc2n1 0.3782864 0.3783 0.7432432 0.7432 0.7173324 -9.3200 1.0000000 1.0000 []
00:29:30 <INFO> Score: 0.64 Agent NLL: 2.30 Valid: 100% Step: 98
 | Agent Prior Target Score SMILES SMILES_state Input_SMILES Scaffold QED QED (raw) TanimotoDistance TanimotoDistance (raw) maize maize (raw) Unwanted SMARTS Unwanted SMARTS (raw) matchting_patterns (Unwanted SMARTS)
 | 2.3154 8.7137 77.1655 0.6709312 CC(C)C(NC(=O)[C@@H]1C[C@@H](O)CN1C(=O)CNC(=O)c1ccc2cc(F)ccc2n1)c1ccc(Cl)cc1 1 COc1ccc([C@H](C)NC(=O)[C@@H]2C[C@@H](O)CN2C(=O)CNC(=O)c2ccc3cc(F)ccc3n2)c(Cl)c1 O=C(NCC(=O)N1CCC[C@H]1C(=O)NCc1ccccc1)c1ccc2ccccc2n1 0.4374885 0.4375 0.7619048 0.7619 0.7796905 -9.9700 1.0000000 1.0000 []
 | 2.2481 4.0491 82.5249 0.6763589 CC(C)C(NC(=O)[C@@H]1C[C@@H](O)CN1C(=O)CNC(=O)c1ccc2cc(F)ccc2n1)c1ccccc1 1 COc1ccc([C@H](C)NC(=O)[C@@H]2C[C@@H](O)CN2C(=O)CNC(=O)c2ccc3cc(F)ccc3n2)c(Cl)c1 O=C(NCC(=O)N1CCC[C@H]1C(=O)NCc1ccccc1)c1ccc2ccccc2n1 0.4695327 0.4695 0.7364865 0.7365 0.7779275 -9.9500 1.0000000 1.0000 []
 | 2.2505 4.8186 81.6214 0.6753121 CC(NC(=O)[C@@H]1C[C@@H](O)CN1C(=O)CNC(=O)c1ccc2cc(F)ccc2n1)c1ccc(Cl)cc1 1 COc1ccc([C@H](C)NC(=O)[C@@H]2C[C@@H](O)CN2C(=O)CNC(=O)c2ccc3cc(F)ccc3n2)c(Cl)c1 O=C(NCC(=O)N1CCC[C@H]1C(=O)NCc1ccccc1)c1ccc2ccccc2n1 0.4834885 0.4835 0.8014184 0.8014 0.7326326 -9.4700 1.0000000 1.0000 []
 | 2.3775 4.1297 72.0438 0.5951057 COc1ccc(CNC(=O)[C@@H]2C[C@@H](O)CN2C(=O)CNC(=O)c2ccc3cc(F)ccc3n2)cc1 1 COc1ccc([C@H](C)NC(=O)[C@@H]2C[C@@H](O)CN2C(=O)CNC(=O)c2ccc3cc(F)ccc3n2)c(Cl)c1 O=C(NCC(=O)N1CCC[C@H]1C(=O)NCc1ccccc1)c1ccc2ccccc2n1 0.4701237 0.4701 0.7832168 0.7832 0.5836347 -8.1600 1.0000000 1.0000 []
 | 2.2638 4.2698 80.8253 0.6648056 C[C@@H](NC(=O)[C@@H]1C[C@@H](O)CN1C(=O)CNC(=O)c1ccc2cc(F)ccc2n1)c1ccc(Cl)cc1 1 COc1ccc([C@H](C)NC(=O)[C@@H]2C[C@@H](O)CN2C(=O)CNC(=O)c2ccc3cc(F)ccc3n2)c(Cl)c1 O=C(NCC(=O)N1CCC[C@H]1C(=O)NCc1ccccc1)c1ccc2ccccc2n1 0.4834885 0.4835 0.8014184 0.8014 0.7100135 -9.2500 1.0000000 1.0000 []
 | 2.3242 4.3193 79.5056 0.6548825 O=C(NCC(=O)N1C[C@H](O)C[C@H]1C(=O)NCc1ccc(Cl)c(Cl)c1)c1ccc2cc(F)ccc2n1 1 COc1ccc([C@H](C)NC(=O)[C@@H]2C[C@@H](O)CN2C(=O)CNC(=O)c2ccc3cc(F)ccc3n2)c(Cl)c1 O=C(NCC(=O)N1CCC[C@H]1C(=O)NCc1ccccc1)c1ccc2ccccc2n1 0.4640416 0.4640 0.7114094 0.7114 0.7464290 -9.6100 1.0000000 1.0000 []
 | 2.2212 3.8934 81.6967 0.6686721 O=C(NCC(=O)N1C[C@H](O)C[C@H]1C(=O)NCc1ccc(Cl)cc1)c1ccc2cc(F)ccc2n1 1 COc1ccc([C@H](C)NC(=O)[C@@H]2C[C@@H](O)CN2C(=O)CNC(=O)c2ccc3cc(F)ccc3n2)c(Cl)c1 O=C(NCC(=O)N1CCC[C@H]1C(=O)NCc1ccccc1)c1ccc2ccccc2n1 0.4955094 0.4955 0.7260274 0.7260 0.7454593 -9.6000 1.0000000 1.0000 []
 | 2.3072 3.2004 77.2229 0.6283072 O=C(NCC(=O)N1C[C@H](O)C[C@H]1C(=O)NCc1cccc(Cl)c1)c1ccc2cc(F)ccc2n1 1 COc1ccc([C@H](C)NC(=O)[C@@H]2C[C@@H](O)CN2C(=O)CNC(=O)c2ccc3cc(F)ccc3n2)c(Cl)c1 O=C(NCC(=O)N1CCC[C@H]1C(=O)NCc1ccccc1)c1ccc2ccccc2n1 0.4955094 0.4955 0.7210884 0.7211 0.6604256 -8.8000 1.0000000 1.0000 []
 | 2.3919 4.2413 70.9730 0.5876117 O=C(NCC(=O)N1C[C@H](O)C[C@H]1C(=O)N[C@@H](CO)c1cccc(Cl)c1)c1ccc2cc(F)ccc2n1 1 COc1ccc([C@H](C)NC(=O)[C@@H]2C[C@@H](O)CN2C(=O)CNC(=O)c2ccc3cc(F)ccc3n2)c(Cl)c1 O=C(NCC(=O)N1CCC[C@H]1C(=O)NCc1ccccc1)c1ccc2ccccc2n1 0.3782864 0.3783 0.7432432 0.7432 0.6511860 -8.7200 1.0000000 1.0000 []
 | 2.3470 4.6734 74.2686 0.6167343 O=C(NCC(=O)N1C[C@H](O)C[C@H]1C(=O)N[C@H](CO)c1cccc(Cl)c1)c1ccc2cc(F)ccc2n1 1 COc1ccc([C@H](C)NC(=O)[C@@H]2C[C@@H](O)CN2C(=O)CNC(=O)c2ccc3cc(F)ccc3n2)c(Cl)c1 O=C(NCC(=O)N1CCC[C@H]1C(=O)NCc1ccccc1)c1ccc2ccccc2n1 0.3782864 0.3783 0.7432432 0.7432 0.7173324 -9.3200 1.0000000 1.0000 []
00:29:31 <INFO> Score: 0.64 Agent NLL: 2.30 Valid: 100% Step: 99
 | Agent Prior Target Score SMILES SMILES_state Input_SMILES Scaffold QED QED (raw) TanimotoDistance TanimotoDistance (raw) maize maize (raw) Unwanted SMARTS Unwanted SMARTS (raw) matchting_patterns (Unwanted SMARTS)
 | 2.3055 8.7137 77.1655 0.6709312 CC(C)C(NC(=O)[C@@H]1C[C@@H](O)CN1C(=O)CNC(=O)c1ccc2cc(F)ccc2n1)c1ccc(Cl)cc1 1 COc1ccc([C@H](C)NC(=O)[C@@H]2C[C@@H](O)CN2C(=O)CNC(=O)c2ccc3cc(F)ccc3n2)c(Cl)c1 O=C(NCC(=O)N1CCC[C@H]1C(=O)NCc1ccccc1)c1ccc2ccccc2n1 0.4374885 0.4375 0.7619048 0.7619 0.7796905 -9.9700 1.0000000 1.0000 []
 | 2.2449 4.0491 82.5249 0.6763589 CC(C)C(NC(=O)[C@@H]1C[C@@H](O)CN1C(=O)CNC(=O)c1ccc2cc(F)ccc2n1)c1ccccc1 1 COc1ccc([C@H](C)NC(=O)[C@@H]2C[C@@H](O)CN2C(=O)CNC(=O)c2ccc3cc(F)ccc3n2)c(Cl)c1 O=C(NCC(=O)N1CCC[C@H]1C(=O)NCc1ccccc1)c1ccc2ccccc2n1 0.4695327 0.4695 0.7364865 0.7365 0.7779275 -9.9500 1.0000000 1.0000 []
 | 2.2656 4.8186 81.6214 0.6753121 CC(NC(=O)[C@@H]1C[C@@H](O)CN1C(=O)CNC(=O)c1ccc2cc(F)ccc2n1)c1ccc(Cl)cc1 1 COc1ccc([C@H](C)NC(=O)[C@@H]2C[C@@H](O)CN2C(=O)CNC(=O)c2ccc3cc(F)ccc3n2)c(Cl)c1 O=C(NCC(=O)N1CCC[C@H]1C(=O)NCc1ccccc1)c1ccc2ccccc2n1 0.4834885 0.4835 0.8014184 0.8014 0.7326326 -9.4700 1.0000000 1.0000 []
 | 2.3782 4.1297 72.0438 0.5951057 COc1ccc(CNC(=O)[C@@H]2C[C@@H](O)CN2C(=O)CNC(=O)c2ccc3cc(F)ccc3n2)cc1 1 COc1ccc([C@H](C)NC(=O)[C@@H]2C[C@@H](O)CN2C(=O)CNC(=O)c2ccc3cc(F)ccc3n2)c(Cl)c1 O=C(NCC(=O)N1CCC[C@H]1C(=O)NCc1ccccc1)c1ccc2ccccc2n1 0.4701237 0.4701 0.7832168 0.7832 0.5836347 -8.1600 1.0000000 1.0000 []
 | 2.2695 4.2698 80.8253 0.6648056 C[C@@H](NC(=O)[C@@H]1C[C@@H](O)CN1C(=O)CNC(=O)c1ccc2cc(F)ccc2n1)c1ccc(Cl)cc1 1 COc1ccc([C@H](C)NC(=O)[C@@H]2C[C@@H](O)CN2C(=O)CNC(=O)c2ccc3cc(F)ccc3n2)c(Cl)c1 O=C(NCC(=O)N1CCC[C@H]1C(=O)NCc1ccccc1)c1ccc2ccccc2n1 0.4834885 0.4835 0.8014184 0.8014 0.7100135 -9.2500 1.0000000 1.0000 []
 | 2.2400 4.3193 79.5056 0.6548825 O=C(NCC(=O)N1C[C@H](O)C[C@H]1C(=O)NCc1ccc(Cl)c(Cl)c1)c1ccc2cc(F)ccc2n1 1 COc1ccc([C@H](C)NC(=O)[C@@H]2C[C@@H](O)CN2C(=O)CNC(=O)c2ccc3cc(F)ccc3n2)c(Cl)c1 O=C(NCC(=O)N1CCC[C@H]1C(=O)NCc1ccccc1)c1ccc2ccccc2n1 0.4640416 0.4640 0.7114094 0.7114 0.7464290 -9.6100 1.0000000 1.0000 []
 | 2.2997 3.8934 81.6967 0.6686721 O=C(NCC(=O)N1C[C@H](O)C[C@H]1C(=O)NCc1ccc(Cl)cc1)c1ccc2cc(F)ccc2n1 1 COc1ccc([C@H](C)NC(=O)[C@@H]2C[C@@H](O)CN2C(=O)CNC(=O)c2ccc3cc(F)ccc3n2)c(Cl)c1 O=C(NCC(=O)N1CCC[C@H]1C(=O)NCc1ccccc1)c1ccc2ccccc2n1 0.4955094 0.4955 0.7260274 0.7260 0.7454593 -9.6000 1.0000000 1.0000 []
 | 2.3085 3.2004 77.2229 0.6283072 O=C(NCC(=O)N1C[C@H](O)C[C@H]1C(=O)NCc1cccc(Cl)c1)c1ccc2cc(F)ccc2n1 1 COc1ccc([C@H](C)NC(=O)[C@@H]2C[C@@H](O)CN2C(=O)CNC(=O)c2ccc3cc(F)ccc3n2)c(Cl)c1 O=C(NCC(=O)N1CCC[C@H]1C(=O)NCc1ccccc1)c1ccc2ccccc2n1 0.4955094 0.4955 0.7210884 0.7211 0.6604256 -8.8000 1.0000000 1.0000 []
 | 2.3894 4.2413 70.9730 0.5876117 O=C(NCC(=O)N1C[C@H](O)C[C@H]1C(=O)N[C@@H](CO)c1cccc(Cl)c1)c1ccc2cc(F)ccc2n1 1 COc1ccc([C@H](C)NC(=O)[C@@H]2C[C@@H](O)CN2C(=O)CNC(=O)c2ccc3cc(F)ccc3n2)c(Cl)c1 O=C(NCC(=O)N1CCC[C@H]1C(=O)NCc1ccccc1)c1ccc2ccccc2n1 0.3782864 0.3783 0.7432432 0.7432 0.6511860 -8.7200 1.0000000 1.0000 []
 | 2.3426 4.6734 74.2686 0.6167343 O=C(NCC(=O)N1C[C@H](O)C[C@H]1C(=O)N[C@H](CO)c1cccc(Cl)c1)c1ccc2cc(F)ccc2n1 1 COc1ccc([C@H](C)NC(=O)[C@@H]2C[C@@H](O)CN2C(=O)CNC(=O)c2ccc3cc(F)ccc3n2)c(Cl)c1 O=C(NCC(=O)N1CCC[C@H]1C(=O)NCc1ccccc1)c1ccc2ccccc2n1 0.3782864 0.3783 0.7432432 0.7432 0.7173324 -9.3200 1.0000000 1.0000 []
00:29:33 <INFO> Score: 0.64 Agent NLL: 2.30 Valid: 100% Step: 100
 | Agent Prior Target Score SMILES SMILES_state Input_SMILES Scaffold QED QED (raw) TanimotoDistance TanimotoDistance (raw) maize maize (raw) Unwanted SMARTS Unwanted SMARTS (raw) matchting_patterns (Unwanted SMARTS)
 | 2.3132 8.7137 77.1655 0.6709312 CC(C)C(NC(=O)[C@@H]1C[C@@H](O)CN1C(=O)CNC(=O)c1ccc2cc(F)ccc2n1)c1ccc(Cl)cc1 1 COc1ccc([C@H](C)NC(=O)[C@@H]2C[C@@H](O)CN2C(=O)CNC(=O)c2ccc3cc(F)ccc3n2)c(Cl)c1 O=C(NCC(=O)N1CCC[C@H]1C(=O)NCc1ccccc1)c1ccc2ccccc2n1 0.4374885 0.4375 0.7619048 0.7619 0.7796905 -9.9700 1.0000000 1.0000 []
 | 2.2498 4.0491 82.5249 0.6763589 CC(C)C(NC(=O)[C@@H]1C[C@@H](O)CN1C(=O)CNC(=O)c1ccc2cc(F)ccc2n1)c1ccccc1 1 COc1ccc([C@H](C)NC(=O)[C@@H]2C[C@@H](O)CN2C(=O)CNC(=O)c2ccc3cc(F)ccc3n2)c(Cl)c1 O=C(NCC(=O)N1CCC[C@H]1C(=O)NCc1ccccc1)c1ccc2ccccc2n1 0.4695327 0.4695 0.7364865 0.7365 0.7779275 -9.9500 1.0000000 1.0000 []
 | 2.2476 4.8186 81.6214 0.6753121 CC(NC(=O)[C@@H]1C[C@@H](O)CN1C(=O)CNC(=O)c1ccc2cc(F)ccc2n1)c1ccc(Cl)cc1 1 COc1ccc([C@H](C)NC(=O)[C@@H]2C[C@@H](O)CN2C(=O)CNC(=O)c2ccc3cc(F)ccc3n2)c(Cl)c1 O=C(NCC(=O)N1CCC[C@H]1C(=O)NCc1ccccc1)c1ccc2ccccc2n1 0.4834885 0.4835 0.8014184 0.8014 0.7326326 -9.4700 1.0000000 1.0000 []
 | 2.3732 4.1297 72.0438 0.5951057 COc1ccc(CNC(=O)[C@@H]2C[C@@H](O)CN2C(=O)CNC(=O)c2ccc3cc(F)ccc3n2)cc1 1 COc1ccc([C@H](C)NC(=O)[C@@H]2C[C@@H](O)CN2C(=O)CNC(=O)c2ccc3cc(F)ccc3n2)c(Cl)c1 O=C(NCC(=O)N1CCC[C@H]1C(=O)NCc1ccccc1)c1ccc2ccccc2n1 0.4701237 0.4701 0.7832168 0.7832 0.5836347 -8.1600 1.0000000 1.0000 []
 | 2.2683 4.2698 80.8253 0.6648056 C[C@@H](NC(=O)[C@@H]1C[C@@H](O)CN1C(=O)CNC(=O)c1ccc2cc(F)ccc2n1)c1ccc(Cl)cc1 1 COc1ccc([C@H](C)NC(=O)[C@@H]2C[C@@H](O)CN2C(=O)CNC(=O)c2ccc3cc(F)ccc3n2)c(Cl)c1 O=C(NCC(=O)N1CCC[C@H]1C(=O)NCc1ccccc1)c1ccc2ccccc2n1 0.4834885 0.4835 0.8014184 0.8014 0.7100135 -9.2500 1.0000000 1.0000 []
 | 2.3204 4.3193 79.5056 0.6548825 O=C(NCC(=O)N1C[C@H](O)C[C@H]1C(=O)NCc1ccc(Cl)c(Cl)c1)c1ccc2cc(F)ccc2n1 1 COc1ccc([C@H](C)NC(=O)[C@@H]2C[C@@H](O)CN2C(=O)CNC(=O)c2ccc3cc(F)ccc3n2)c(Cl)c1 O=C(NCC(=O)N1CCC[C@H]1C(=O)NCc1ccccc1)c1ccc2ccccc2n1 0.4640416 0.4640 0.7114094 0.7114 0.7464290 -9.6100 1.0000000 1.0000 []
 | 2.2196 3.8934 81.6967 0.6686721 O=C(NCC(=O)N1C[C@H](O)C[C@H]1C(=O)NCc1ccc(Cl)cc1)c1ccc2cc(F)ccc2n1 1 COc1ccc([C@H](C)NC(=O)[C@@H]2C[C@@H](O)CN2C(=O)CNC(=O)c2ccc3cc(F)ccc3n2)c(Cl)c1 O=C(NCC(=O)N1CCC[C@H]1C(=O)NCc1ccccc1)c1ccc2ccccc2n1 0.4955094 0.4955 0.7260274 0.7260 0.7454593 -9.6000 1.0000000 1.0000 []
 | 2.3141 3.2004 77.2229 0.6283072 O=C(NCC(=O)N1C[C@H](O)C[C@H]1C(=O)NCc1cccc(Cl)c1)c1ccc2cc(F)ccc2n1 1 COc1ccc([C@H](C)NC(=O)[C@@H]2C[C@@H](O)CN2C(=O)CNC(=O)c2ccc3cc(F)ccc3n2)c(Cl)c1 O=C(NCC(=O)N1CCC[C@H]1C(=O)NCc1ccccc1)c1ccc2ccccc2n1 0.4955094 0.4955 0.7210884 0.7211 0.6604256 -8.8000 1.0000000 1.0000 []
 | 2.3928 4.2413 70.9730 0.5876117 O=C(NCC(=O)N1C[C@H](O)C[C@H]1C(=O)N[C@@H](CO)c1cccc(Cl)c1)c1ccc2cc(F)ccc2n1 1 COc1ccc([C@H](C)NC(=O)[C@@H]2C[C@@H](O)CN2C(=O)CNC(=O)c2ccc3cc(F)ccc3n2)c(Cl)c1 O=C(NCC(=O)N1CCC[C@H]1C(=O)NCc1ccccc1)c1ccc2ccccc2n1 0.3782864 0.3783 0.7432432 0.7432 0.6511860 -8.7200 1.0000000 1.0000 []
 | 2.3475 4.6734 74.2686 0.6167343 O=C(NCC(=O)N1C[C@H](O)C[C@H]1C(=O)N[C@H](CO)c1cccc(Cl)c1)c1ccc2cc(F)ccc2n1 1 COc1ccc([C@H](C)NC(=O)[C@@H]2C[C@@H](O)CN2C(=O)CNC(=O)c2ccc3cc(F)ccc3n2)c(Cl)c1 O=C(NCC(=O)N1CCC[C@H]1C(=O)NCc1ccccc1)c1ccc2ccccc2n1 0.3782864 0.3783 0.7432432 0.7432 0.7173324 -9.3200 1.0000000 1.0000 []
00:29:34 <INFO> Score: 0.64 Agent NLL: 2.30 Valid: 100% Step: 101
 | Agent Prior Target Score SMILES SMILES_state Input_SMILES Scaffold QED QED (raw) TanimotoDistance TanimotoDistance (raw) maize maize (raw) Unwanted SMARTS Unwanted SMARTS (raw) matchting_patterns (Unwanted SMARTS)
 | 2.3065 8.7137 77.1655 0.6709312 CC(C)C(NC(=O)[C@@H]1C[C@@H](O)CN1C(=O)CNC(=O)c1ccc2cc(F)ccc2n1)c1ccc(Cl)cc1 1 COc1ccc([C@H](C)NC(=O)[C@@H]2C[C@@H](O)CN2C(=O)CNC(=O)c2ccc3cc(F)ccc3n2)c(Cl)c1 O=C(NCC(=O)N1CCC[C@H]1C(=O)NCc1ccccc1)c1ccc2ccccc2n1 0.4374885 0.4375 0.7619048 0.7619 0.7796905 -9.9700 1.0000000 1.0000 []
 | 2.2452 4.0491 82.5249 0.6763589 CC(C)C(NC(=O)[C@@H]1C[C@@H](O)CN1C(=O)CNC(=O)c1ccc2cc(F)ccc2n1)c1ccccc1 1 COc1ccc([C@H](C)NC(=O)[C@@H]2C[C@@H](O)CN2C(=O)CNC(=O)c2ccc3cc(F)ccc3n2)c(Cl)c1 O=C(NCC(=O)N1CCC[C@H]1C(=O)NCc1ccccc1)c1ccc2ccccc2n1 0.4695327 0.4695 0.7364865 0.7365 0.7779275 -9.9500 1.0000000 1.0000 []
 | 2.2644 4.8186 81.6214 0.6753121 CC(NC(=O)[C@@H]1C[C@@H](O)CN1C(=O)CNC(=O)c1ccc2cc(F)ccc2n1)c1ccc(Cl)cc1 1 COc1ccc([C@H](C)NC(=O)[C@@H]2C[C@@H](O)CN2C(=O)CNC(=O)c2ccc3cc(F)ccc3n2)c(Cl)c1 O=C(NCC(=O)N1CCC[C@H]1C(=O)NCc1ccccc1)c1ccc2ccccc2n1 0.4834885 0.4835 0.8014184 0.8014 0.7326326 -9.4700 1.0000000 1.0000 []
 | 2.3739 4.1297 72.0438 0.5951057 COc1ccc(CNC(=O)[C@@H]2C[C@@H](O)CN2C(=O)CNC(=O)c2ccc3cc(F)ccc3n2)cc1 1 COc1ccc([C@H](C)NC(=O)[C@@H]2C[C@@H](O)CN2C(=O)CNC(=O)c2ccc3cc(F)ccc3n2)c(Cl)c1 O=C(NCC(=O)N1CCC[C@H]1C(=O)NCc1ccccc1)c1ccc2ccccc2n1 0.4701237 0.4701 0.7832168 0.7832 0.5836347 -8.1600 1.0000000 1.0000 []
 | 2.2707 4.2698 80.8253 0.6648056 C[C@@H](NC(=O)[C@@H]1C[C@@H](O)CN1C(=O)CNC(=O)c1ccc2cc(F)ccc2n1)c1ccc(Cl)cc1 1 COc1ccc([C@H](C)NC(=O)[C@@H]2C[C@@H](O)CN2C(=O)CNC(=O)c2ccc3cc(F)ccc3n2)c(Cl)c1 O=C(NCC(=O)N1CCC[C@H]1C(=O)NCc1ccccc1)c1ccc2ccccc2n1 0.4834885 0.4835 0.8014184 0.8014 0.7100135 -9.2500 1.0000000 1.0000 []
 | 2.2549 4.3193 79.5056 0.6548825 O=C(NCC(=O)N1C[C@H](O)C[C@H]1C(=O)NCc1ccc(Cl)c(Cl)c1)c1ccc2cc(F)ccc2n1 1 COc1ccc([C@H](C)NC(=O)[C@@H]2C[C@@H](O)CN2C(=O)CNC(=O)c2ccc3cc(F)ccc3n2)c(Cl)c1 O=C(NCC(=O)N1CCC[C@H]1C(=O)NCc1ccccc1)c1ccc2ccccc2n1 0.4640416 0.4640 0.7114094 0.7114 0.7464290 -9.6100 1.0000000 1.0000 []
 | 2.2768 3.8934 81.6967 0.6686721 O=C(NCC(=O)N1C[C@H](O)C[C@H]1C(=O)NCc1ccc(Cl)cc1)c1ccc2cc(F)ccc2n1 1 COc1ccc([C@H](C)NC(=O)[C@@H]2C[C@@H](O)CN2C(=O)CNC(=O)c2ccc3cc(F)ccc3n2)c(Cl)c1 O=C(NCC(=O)N1CCC[C@H]1C(=O)NCc1ccccc1)c1ccc2ccccc2n1 0.4955094 0.4955 0.7260274 0.7260 0.7454593 -9.6000 1.0000000 1.0000 []
 | 2.3121 3.2004 77.2229 0.6283072 O=C(NCC(=O)N1C[C@H](O)C[C@H]1C(=O)NCc1cccc(Cl)c1)c1ccc2cc(F)ccc2n1 1 COc1ccc([C@H](C)NC(=O)[C@@H]2C[C@@H](O)CN2C(=O)CNC(=O)c2ccc3cc(F)ccc3n2)c(Cl)c1 O=C(NCC(=O)N1CCC[C@H]1C(=O)NCc1ccccc1)c1ccc2ccccc2n1 0.4955094 0.4955 0.7210884 0.7211 0.6604256 -8.8000 1.0000000 1.0000 []
 | 2.3915 4.2413 70.9730 0.5876117 O=C(NCC(=O)N1C[C@H](O)C[C@H]1C(=O)N[C@@H](CO)c1cccc(Cl)c1)c1ccc2cc(F)ccc2n1 1 COc1ccc([C@H](C)NC(=O)[C@@H]2C[C@@H](O)CN2C(=O)CNC(=O)c2ccc3cc(F)ccc3n2)c(Cl)c1 O=C(NCC(=O)N1CCC[C@H]1C(=O)NCc1ccccc1)c1ccc2ccccc2n1 0.3782864 0.3783 0.7432432 0.7432 0.6511860 -8.7200 1.0000000 1.0000 []
 | 2.3475 4.6734 74.2686 0.6167343 O=C(NCC(=O)N1C[C@H](O)C[C@H]1C(=O)N[C@H](CO)c1cccc(Cl)c1)c1ccc2cc(F)ccc2n1 1 COc1ccc([C@H](C)NC(=O)[C@@H]2C[C@@H](O)CN2C(=O)CNC(=O)c2ccc3cc(F)ccc3n2)c(Cl)c1 O=C(NCC(=O)N1CCC[C@H]1C(=O)NCc1ccccc1)c1ccc2ccccc2n1 0.3782864 0.3783 0.7432432 0.7432 0.7173324 -9.3200 1.0000000 1.0000 []
00:29:35 <CRIT> Received exception ('Signal 2'): saving checkpoint and then terminate
