18:32:56 <INFO> Started REINVENT 4.6.22 (C) AstraZeneca 2017, 2023 on 2025-08-27
18:32:56 <INFO> Command line: /home/a/miniconda3/envs/reinvent4/bin/reinvent --log-filename reinvent.log -f toml config.toml
18:32:56 <INFO> Reading run configuration from /home/a/REINVENT4/ReinventStudies/tmp/graph-dock-ohms0l/node-reinvent/config.toml using format toml
18:32:56 <INFO> User a on host l4-redo
18:32:56 <INFO> Python version 3.10.18
18:32:56 <INFO> PyTorch version 2.7.1+cu128, git e2d141dbde55c2a4370fac5165b0561b6af4798b
18:32:56 <INFO> PyTorch compiled with CUDA version 12.8
18:32:56 <INFO> RDKit version 2025.03.5
18:32:56 <INFO> Platform Linux-6.1.0-38-cloud-amd64-x86_64-with-glibc2.36
18:32:56 <INFO> CUDA driver version 570.86.10
18:32:56 <INFO> Number of PyTorch CUDA devices 1
18:32:56 <WARN> 'use_cuda' is deprecated, use 'device' instead
18:32:56 <INFO> Using CUDA device:0 NVIDIA L4
18:32:56 <INFO> GPU memory: 21698 MiB free, 22574 MiB total
18:32:56 <INFO> Writing TensorBoard summary to /home/a/REINVENT4/ReinventStudies/tmp/graph-dock-ohms0l/node-reinvent/tb_logs
18:32:56 <INFO> Writing JSON config file to /home/a/REINVENT4/ReinventStudies/tmp/graph-dock-ohms0l/node-reinvent/_staged_learning.json
18:32:56 <INFO> Starting 1 stage of Reinforcement Learning
18:32:56 <INFO> /home/a/REINVENT4/ReinventStudies/priors/reinvent.prior has valid hash:
{ 'comments': [],
  'creation_date': 0,
  'date_format': 'UNIX epoch',
  'hash_id': '173568c36e1fc3d95cab289c7d31ce0b',
  'hash_id_format': 'xxhash.xxh3_128_hex 3.4.1',
  'model_id': '55d68f8a81c04f5a86304ebe1723a0ea',
  'model_id_format': 'uuid.uuid4 3.10.12',
  'origina_data_source': 'ChEMBL 25',
  'updates': []}
18:32:56 <INFO> Number of network parameters: 5,805,602
18:32:56 <INFO> Network architecture:
RNN(
  (_embedding): Embedding(34, 256)
  (_rnn): LSTM(256, 512, num_layers=3, batch_first=True)
  (_linear): Linear(in_features=512, out_features=34, bias=True)
)
18:32:56 <INFO> /home/a/REINVENT4/ReinventStudies/priors/reinvent.prior has valid hash:
{ 'comments': [],
  'creation_date': 0,
  'date_format': 'UNIX epoch',
  'hash_id': '173568c36e1fc3d95cab289c7d31ce0b',
  'hash_id_format': 'xxhash.xxh3_128_hex 3.4.1',
  'model_id': '55d68f8a81c04f5a86304ebe1723a0ea',
  'model_id_format': 'uuid.uuid4 3.10.12',
  'origina_data_source': 'ChEMBL 25',
  'updates': []}
18:32:56 <INFO> Number of network parameters: 5,805,602
18:32:56 <INFO> Network architecture:
RNN(
  (_embedding): Embedding(34, 256)
  (_rnn): LSTM(256, 512, num_layers=3, batch_first=True)
  (_linear): Linear(in_features=512, out_features=34, bias=True)
)
18:32:56 <INFO> Using generator Reinvent
18:32:56 <INFO> Prior read from /home/a/REINVENT4/ReinventStudies/priors/reinvent.prior
18:32:56 <INFO> Agent read from /home/a/REINVENT4/ReinventStudies/priors/reinvent.prior
18:32:56 <INFO> Using reward strategy dap
18:32:56 <INFO> Diversity filter memories are retained between stages
18:32:56 <INFO> No SMILES for inception. Populating from first sampled batch.
18:32:56 <INFO> Global SMILES deduplication for inception memory
18:32:56 <INFO> Using inception memory
18:32:56 <INFO> Registered scoring component ROCSSimilarity
18:32:56 <INFO> Registered scoring component GroupCount
18:32:56 <INFO> Registered scoring component FragmentQed
18:32:56 <INFO> Registered scoring component FragmentSlogP
18:32:56 <INFO> Registered scoring component FragmentMolecularWeight
18:32:56 <INFO> Registered scoring component FragmentTPSA
18:32:56 <INFO> Registered scoring component FragmentDistanceMatrix
18:32:56 <INFO> Registered scoring component FragmentNumAtomStereoCenters
18:32:56 <INFO> Registered scoring component FragmentHBondAcceptors
18:32:56 <INFO> Registered scoring component FragmentHBondDonors
18:32:56 <INFO> Registered scoring component FragmentNumRotBond
18:32:56 <INFO> Registered scoring component FragmentCsp3
18:32:56 <INFO> Registered scoring component Fragmentnumsp
18:32:56 <INFO> Registered scoring component Fragmentnumsp2
18:32:56 <INFO> Registered scoring component Fragmentnumsp3
18:32:56 <INFO> Registered scoring component FragmentEffectiveLength
18:32:56 <INFO> Registered scoring component FragmentGraphLength
18:32:56 <INFO> Registered scoring component FragmentLengthRatio
18:32:56 <INFO> Registered scoring component FragmentNumHeavyAtoms
18:32:56 <INFO> Registered scoring component FragmentNumHeteroAtoms
18:32:56 <INFO> Registered scoring component FragmentNumRings
18:32:56 <INFO> Registered scoring component FragmentNumAromaticRings
18:32:56 <INFO> Registered scoring component FragmentNumAliphaticRings
18:32:56 <INFO> Registered scoring component FragmentSlogP
18:32:56 <INFO> Registered scoring component MatchingSubstructure
18:32:56 <INFO> Registered scoring component MolVolume
18:32:56 <INFO> Registered scoring component Qed
18:32:56 <INFO> Registered scoring component LargestRingSize
18:32:56 <INFO> Registered scoring component MolecularWeight
18:32:56 <INFO> Registered scoring component GraphLength
18:32:56 <INFO> Registered scoring component NumAtomStereoCenters
18:32:56 <INFO> Registered scoring component HBondAcceptors
18:32:56 <INFO> Registered scoring component HBondDonors
18:32:56 <INFO> Registered scoring component NumRotBond
18:32:56 <INFO> Registered scoring component Csp3
18:32:56 <INFO> Registered scoring component numsp
18:32:56 <INFO> Registered scoring component numsp2
18:32:56 <INFO> Registered scoring component numsp3
18:32:56 <INFO> Registered scoring component NumHeavyAtoms
18:32:56 <INFO> Registered scoring component NumHeteroAtoms
18:32:56 <INFO> Registered scoring component NumRings
18:32:56 <INFO> Registered scoring component NumAromaticRings
18:32:56 <INFO> Registered scoring component NumAliphaticRings
18:32:56 <INFO> Registered scoring component SlogP
18:32:56 <INFO> Registered scoring component LargestRingSize
18:32:56 <INFO> Registered scoring component PMI
18:32:56 <INFO> Registered scoring component RDKitDescriptors
18:32:56 <INFO> Registered scoring component TanimotoSimilarity
18:32:56 <INFO> Registered scoring component TanimotoDistance
18:32:56 <INFO> Registered scoring component TPSA
18:32:56 <INFO> Registered scoring component SAScore
18:32:56 <INFO> Registered scoring component Cazp
18:32:57 <INFO> Registered scoring component ChemProp
18:32:57 <INFO> Registered scoring component CustomAlerts
18:32:57 <INFO> Registered scoring component DockStream
18:32:57 <INFO> Registered scoring component ExternalProcess
18:32:57 <INFO> Registered scoring component REST
18:32:57 <INFO> Registered scoring component Icolos
18:32:57 <INFO> Registered scoring component Maize
18:32:57 <INFO> Registered scoring component MMP
18:32:57 <INFO> Registered scoring component Qptuna
18:32:57 <INFO> Registered scoring component ReactionFilter
18:32:57 <INFO> Registered scoring component RingPrecedence
18:32:57 <INFO> Creating scoring component QED
18:32:57 <INFO> Creating scoring component ExternalProcess
18:32:57 <INFO> Writing tabular data for stage to staged_learning_1.csv
18:32:57 <INFO> Starting stage 1 <<<
18:32:57 <INFO> Current GPU memory usage: 1000 MiB used, 21574 MiB free
18:33:24 <INFO> Score: 0.51 Agent NLL: 26.64 Valid: 100% Step: 1
 | Agent Prior Target Score SMILES SMILES_state QED QED (raw) maize maize (raw)
 | 26.2800 26.2800 12.2910 0.3013354 CCN(CCO)C(=O)c1ccc(-c2cccc(O)c2)s1 1 0.8897993 0.8898 0.1020489 -5.8000
 | 24.8523 24.8523 64.6566 0.6992882 COc1cccc(NC(=O)CN2CCN(C(=O)c3ccc(Br)cc3)CC2)c1 1 0.7897509 0.7898 0.6191876 -7.8800
 | 26.5645 26.5645 38.4763 0.5081314 CCCSc1ccccc1C(=O)N1CCc2ccccc21 1 0.7800020 0.7800 0.3310217 -6.9500
 | 28.8435 28.8435 38.2278 0.5239950 N#Cc1cc(C(=O)c2ccccc2)ccc1-c1ccc(O)c(F)c1 1 0.7325824 0.7326 0.3747985 -7.1000
18:35:40 <INFO> Score: 0.34 Agent NLL: 39.65 Valid: 100% Step: 2
 | Agent Prior Target Score SMILES SMILES_state QED QED (raw) maize maize (raw)
 | 75.1603 73.5441 -52.8210 0.1618990 COc1ccc(Oc2cc(C)cc3c(CC(NS(=O)(=O)NC(CC(=O)O)C(=O)O)C(=O)N4CCCC4C(=O)NC4CCCCC(N)C4O)cnc(O)c23)cc1 1 0.1000848 0.1001 0.2618909 -6.6900
 | 32.3731 32.4774 11.4554 0.3432248 CCC1C(C)N(C(C)=O)c2ccccc2C1(O)c1ccc(F)cc1 1 0.9101859 0.9102 0.1294277 -6.0100
 | 23.5739 24.3304 39.9681 0.5023318 Cn1cc(-c2ccc(O)c3ccccc23)cn1 1 0.6897287 0.6897 0.3658500 -7.0700
 | 27.4987 27.5200 15.5020 0.3361095 Cc1[nH]c(SC2CCCC2)nc(=NC2CC2)c1Cl 1 0.8631814 0.8632 0.1308759 -6.0200
18:36:19 <INFO> Score: 0.53 Agent NLL: 26.93 Valid: 100% Step: 3
 | Agent Prior Target Score SMILES SMILES_state QED QED (raw) maize maize (raw)
 | 31.3254 30.7554 7.1101 0.2958241 CC(C)CS(=O)(=O)c1ccc(OCC(O)CNC(C)C)c(N)c1 1 0.5859634 0.5860 0.1493470 -6.1400
 | 24.5243 24.7811 33.2719 0.4535389 O=C(C=Cc1cccc(Cl)c1)NC1CC(CO)C(O)C(O)C1O 1 0.4925600 0.4926 0.4176091 -7.2400
 | 23.5410 24.6985 64.0437 0.6932988 CC(C)c1ccc(-c2nc(CN3CCN(c4ccccc4Cl)CC3)co2)cc1 1 0.5753490 0.5753 0.8354289 -8.7700
 | 28.3211 27.7932 58.2110 0.6719075 CN1CCN(C(=O)c2ccc(NC(=O)c3cc(C(C)(C)C)nn3Cc3ccccc3)cc2)CC1 1 0.6289047 0.6289 0.7178507 -8.2300
18:36:59 <INFO> Score: 0.38 Agent NLL: 23.14 Valid: 100% Step: 4
 | Agent Prior Target Score SMILES SMILES_state QED QED (raw) maize maize (raw)
 | 21.7169 21.3562 -8.3756 0.1014111 CNC(=O)C1CC(SC2=C(C(=O)O)N3C(=O)C(C(C)O)C3C2C)CN1 1 0.4755789 0.4756 0.0216246 -4.5200
 | 22.0861 21.6680 59.9542 0.6376733 CC(=O)SCC(=O)c1ccc(NS(=O)(=O)c2cc(Cl)cc(Cl)c2)cc1 1 0.7096106 0.7096 0.5730288 -7.7300
 | 20.3640 23.3097 37.3261 0.4737171 COc1ccc(Br)cc1C(=O)N1CCN(CCc2ccccc2)CC1 1 0.7668727 0.7669 0.2926273 -6.8100
 | 28.3809 29.1087 11.6837 0.3186905 N#Cc1ccc(-n2c(-c3ccc(F)cc3)c(C#N)c3ccccc32)cc1 1 0.5058958 0.5059 0.2007600 -6.4200
18:37:24 <INFO> Score: 0.39 Agent NLL: 26.86 Valid: 100% Step: 5
 | Agent Prior Target Score SMILES SMILES_state QED QED (raw) maize maize (raw)
 | 30.1921 29.6873 6.6060 0.2835409 CCC1=CCC(C(C)C)c2cc3cc(C)oc3cc21 1 0.6718183 0.6718 0.1196684 -5.9400
 | 26.8165 28.0251 47.3897 0.5891781 Cc1ccccc1NC(=O)C(CC(=O)c1cccnc1)N1CCOCC1 1 0.8070858 0.8071 0.4301040 -7.2800
 | 21.4208 23.6903 36.6424 0.4713494 Cc1cccc(S(=O)(=O)c2ccc(C(C)(C)C)cc2)c1 1 0.8325144 0.8325 0.2668666 -6.7100
 | 29.0006 31.9642 -4.2917 0.2161912 CC(Oc1cc(-c2ccc(-n3ccnc3)cc2C#N)c[nH]c1=N)C(F)(F)F 1 0.7327685 0.7328 0.0637836 -5.4000
18:37:48 <INFO> Score: 0.45 Agent NLL: 22.32 Valid: 100% Step: 6
 | Agent Prior Target Score SMILES SMILES_state QED QED (raw) maize maize (raw)
 | 26.1210 27.1214 27.3797 0.4257895 O=C(OCCc1ccccc1)C1(C(=O)c2ccccc2)CCCC1 1 0.4542998 0.4543 0.3990683 -7.1800
 | 23.0512 25.1078 31.9098 0.4454507 N#Cc1c(SCCc2ccccc2)[nH]c(N2CCCC2)nc1=N 1 0.6541594 0.6542 0.3033302 -6.8500
 | 12.4976 14.7621 5.3988 0.1575071 NCCc1ccccc1 1 0.6245074 0.6245 0.0397249 -5.0100
 | 27.6088 27.3372 71.2989 0.7705945 Cc1ccccc1C(=O)N1CCCC(c2noc(Cc3ccccc3)n2)C1 1 0.7049568 0.7050 0.8423437 -8.8100
18:38:26 <INFO> Score: 0.35 Agent NLL: 20.54 Valid: 100% Step: 7
 | Agent Prior Target Score SMILES SMILES_state QED QED (raw) maize maize (raw)
 | 28.6672 30.7516 53.0420 0.6546372 COC(=O)C1=C(c2ccccc2)CCN(CC(=O)C=Cc2ccccc2)C1 1 0.5825626 0.5826 0.7356288 -8.3000
 | 20.7184 21.4422 8.0660 0.2305331 O=C(NC1CCCCC1)C1CCS(=O)(=O)C1 1 0.7848843 0.7849 0.0677113 -5.4500
 | 17.7388 22.5388 -9.1127 0.1048912 COCCOC(=O)CSc1ccccc1 1 0.4218689 0.4219 0.0260796 -4.6700
 | 15.0182 18.2568 34.3816 0.4112372 c1ccc(OCCCNCCOc2ccccc2)cc1 1 0.7107926 0.7108 0.2379259 -6.5900
18:39:08 <INFO> Score: 0.49 Agent NLL: 24.62 Valid: 100% Step: 8
 | Agent Prior Target Score SMILES SMILES_state QED QED (raw) maize maize (raw)
 | 28.2768 26.7740 17.2400 0.3438589 COc1ccc(CC(=NC(=O)CCc2ccccc2)C(=O)NN)cc1 1 0.3481973 0.3482 0.3395745 -6.9800
 | 26.0127 29.1744 30.0683 0.4628334 COC(=O)Cn1c(-c2ccccc2)cc2c(CN3CCN(C)CC3)c(O)ccc21 1 0.6757262 0.6757 0.3170141 -6.9000
 | 18.2333 21.7660 32.0358 0.4203267 O=C(c1cccc(F)c1)N1CCN(c2ccc(O)cc2)CC1 1 0.9264859 0.9265 0.1906932 -6.3700
 | 25.9720 26.9428 67.1527 0.7351211 Cc1ccccc1CCNC(=O)CC(N)Cc1ccccc1F 1 0.8254654 0.8255 0.6546646 -8.0000
18:39:47 <INFO> Score: 0.26 Agent NLL: 26.79 Valid: 100% Step: 9
 | Agent Prior Target Score SMILES SMILES_state QED QED (raw) maize maize (raw)
 | 40.7590 41.2089 -25.4385 0.1232063 C=C1C(=O)OC2C(C)=CCC(C(C)C)C(=C)C2(C)C1CC(O)C=C(C)C 1 0.4375666 0.4376 0.0346914 -4.9000
 | 7.9285 19.1600 9.2471 0.2219308 N#Cc1ccc(C(=O)c2ccccc2)cc1 1 0.7102713 0.7103 0.0693443 -5.4700
 | 26.1961 29.1110 -3.0012 0.2039831 CCN(CC)CC(=O)N1c2ccccc2N=C2CCCC(=O)C2C1c1ccc(Cl)cc1 1 0.6445841 0.6446 0.0645518 -5.4100
 | 32.2701 32.2171 33.0212 0.5096746 Cc1ccc(CNc2ccc3c(C#Cc4ccc(F)cc4)[nH]nc3c2)cc1 1 0.5065788 0.5066 0.5127894 -7.5400
18:40:16 <INFO> Score: 0.59 Agent NLL: 20.37 Valid: 100% Step: 10
 | Agent Prior Target Score SMILES SMILES_state QED QED (raw) maize maize (raw)
 | 21.6152 22.9396 48.1986 0.5557676 O=C(c1ccccc1)N1CCN(Cc2cnc3ccccc3n2)CC1 1 0.7396333 0.7396 0.4176091 -7.2400
 | 20.5136 21.0247 56.7990 0.6079977 O=C(C=Cc1ccc(C(F)(F)F)cc1)N1CCC(Cc2ccccc2)CC1 1 0.6747811 0.6748 0.5478239 -7.6500
 | 14.6992 18.7031 72.4116 0.7118330 O=C(OCC1CCN(CCc2ccccc2)CC1)c1ccccc1 1 0.7574329 0.7574 0.6689783 -8.0500
 | 24.6457 28.4860 35.7655 0.5019650 CCc1cc(OCCCCOc2ccccc2)ccc1C(C)=O 1 0.4975730 0.4976 0.5063957 -7.5200
18:40:28 <INFO> Score: 0.31 Agent NLL: 12.60 Valid: 100% Step: 11
 | Agent Prior Target Score SMILES SMILES_state QED QED (raw) maize maize (raw)
 | 20.3817 24.6331 -10.2051 0.1127190 CC=CCN=c1[nH]cccc1C#N 1 0.6744053 0.6744 0.0188397 -4.4100
 | 2.8977 24.4512 40.5896 0.5081314 CCCSc1ccccc1C(=O)N1CCc2ccccc21 1 0.7800020 0.7800 0.3310217 -6.9500
 | 6.7710 27.3874 11.1835 0.3013354 CCN(CCO)C(=O)c1ccc(-c2cccc(O)c2)s1 1 0.8897993 0.8898 0.1020489 -5.8000
 | 20.3620 38.1962 1.7370 0.3119777 CCN(CCO)C(=O)c1ccccc1-c1ccc(-c2ccc(Cl)cc2)cc1 1 0.6446571 0.6447 0.1509796 -6.1500
18:41:09 <INFO> Score: 0.42 Agent NLL: 16.24 Valid: 100% Step: 12
 | Agent Prior Target Score SMILES SMILES_state QED QED (raw) maize maize (raw)
 | 10.7276 25.8935 21.3819 0.3693392 CCCS(=O)(=O)c1ccccc1C(=O)c1ccccc1 1 0.7943483 0.7943 0.1717275 -6.2700
 | 28.5237 36.8407 20.9606 0.4515726 CNC(=O)C(CC(C)C)NC(=O)C#Cc1ccc(C#CC=CC#Cc2ccccc2CO)cc1 1 0.6107871 0.6108 0.3338606 -6.9600
 | 12.5002 24.4137 50.1868 0.5828165 COc1ccccc1NC(=O)CN1CCN(C(=O)c2ccc(Br)cc2)CC1 1 0.7897509 0.7898 0.4301040 -7.2800
 | 13.2010 24.4548 11.9477 0.2843945 N#Cc1cc(-c2ccccc2)ccc1-c1ccc(O)cc1 1 0.7399836 0.7400 0.1093000 -5.8600
18:41:32 <INFO> Score: 0.40 Agent NLL: 22.28 Valid: 100% Step: 13
 | Agent Prior Target Score SMILES SMILES_state QED QED (raw) maize maize (raw)
 | 14.4013 22.2295 -5.8445 0.1280076 CCSC1CCCCC1=O 1 0.6128473 0.6128 0.0267374 -4.6900
 | 28.6340 28.9547 31.4714 0.4720783 CNC(=O)c1cccc(-n2cnc3c([nH]c4ccccc43)c2=O)c1 1 0.5946074 0.5946 0.3747985 -7.1000
 | 26.2282 25.1904 21.6914 0.3662641 COc1ccc(C(C(=O)N=NC(N)=O)c2ccccc2)cc1 1 0.8789381 0.8789 0.1526266 -6.1600
 | 19.8552 23.3420 56.7083 0.6253935 CC(NCc1cccc(Cn2ccnc2)c1)c1ccccc1 1 0.7487338 0.7487 0.5223714 -7.5700
18:41:39 <INFO> Score: 0.41 Agent NLL: 7.92 Valid: 100% Step: 14
 | Agent Prior Target Score SMILES SMILES_state QED QED (raw) maize maize (raw)
 | 2.3750 24.4512 40.5896 0.5081314 CCCSc1ccccc1C(=O)N1CCc2ccccc21 1 0.7800020 0.7800 0.3310217 -6.9500
 | 12.6144 21.9293 10.1440 0.2505728 Cc1ccc(-c2ccc(O)cc2)c(C)c1 1 0.7407426 0.7407 0.0847619 -5.6400
 | 8.7685 18.4021 40.5742 0.4607527 CC(C)(C)c1ccc(S(=O)(=O)c2ccccc2)cc1 1 0.8340243 0.8340 0.2545406 -6.6600
18:42:06 <INFO> Score: 0.28 Agent NLL: 20.88 Valid: 100% Step: 15
 | Agent Prior Target Score SMILES SMILES_state QED QED (raw) maize maize (raw)
 | 26.0645 30.9936 18.1350 0.3838168 O=C([O-])C1=C(c2cccc(C[n+]3ccccc3)c2)CC2C(C(=O)CO)C(=O)N12 1 0.4059534 0.4060 0.3628873 -7.0600
 | 2.3360 24.4512 40.5896 0.5081314 CCCSc1ccccc1C(=O)N1CCc2ccccc21 1 0.7800020 0.7800 0.3310217 -6.9500
 | 31.1497 36.7860 -30.7355 0.0472694 C=CC1=C(C(=O)OCC)CC2=C(C#N)C(=O)C(C#N)C2=CO1 1 0.7364689 0.7365 0.0030339 -2.9700
 | 23.9575 30.0778 -4.4534 0.2001908 CC(C)CC(C=CC1CC(CSCCO)OC1=O)CC(C)C 1 0.3751271 0.3751 0.1068341 -5.8400
18:42:30 <INFO> Score: 0.31 Agent NLL: 19.21 Valid: 100% Step: 16
 | Agent Prior Target Score SMILES SMILES_state QED QED (raw) maize maize (raw)
 | 20.9362 31.3876 35.0482 0.5190297 CCCNc1ccc(C(=O)N2CCC(F)(c3ccc(C#N)cc3)CC2)cc1 1 0.8497787 0.8498 0.3170141 -6.9000
 | 17.0029 24.8151 31.2323 0.4378700 CCN(Cc1ccccc1)C1CCC(C#N)(c2ccccc2)CC1 1 0.7827191 0.7827 0.2449540 -6.6200
 | 12.4793 22.2778 -9.5411 0.0995054 COCCOC(=O)C(C#N)=Cc1ccccc1 1 0.3352581 0.3353 0.0295334 -4.7700
 | 26.4045 26.7547 -2.8734 0.1865726 CS(=O)(=O)CCN1CCOCC2(CCN(Cc3ccc(C#N)cc3)C2)C1 1 0.7658097 0.7658 0.0454543 -5.1200
18:42:44 <INFO> Score: 0.59 Agent NLL: 17.67 Valid: 100% Step: 17
 | Agent Prior Target Score SMILES SMILES_state QED QED (raw) maize maize (raw)
 | 33.0396 36.3190 50.5384 0.6785732 CCOC(=O)CC1CC2C(c3ccccc3)C(c3ccccc3)NC(=O)N2C1 1 0.8035575 0.8036 0.5730288 -7.7300
 | 2.3024 24.4512 40.5896 0.5081314 CCCSc1ccccc1C(=O)N1CCc2ccccc21 1 0.7800020 0.7800 0.3310217 -6.9500
18:43:30 <INFO> Score: 0.35 Agent NLL: 13.83 Valid: 100% Step: 18
 | Agent Prior Target Score SMILES SMILES_state QED QED (raw) maize maize (raw)
 | 22.4296 33.0292 2.2622 0.2757140 C#CCN=c1cc(CO)cc(N=c2cc(C3CC3)[nH][nH]2)[nH]1 1 0.6141862 0.6142 0.1237707 -5.9700
 | 15.0228 20.6030 11.9223 0.2541044 CC(C)=CCCC(C)=CCC=C(C)C=Cc1cc(O)ccc1O 1 0.3604626 0.3605 0.1791283 -6.3100
 | 13.9932 23.6782 18.7289 0.3313062 CCN(CC)C(=O)Cn1cc(-c2ccccc2)nc1-c1ccccc1 1 0.6814078 0.6814 0.1610838 -6.2100
 | 3.8610 30.4272 36.6441 0.5239950 N#Cc1cc(C(=O)c2ccccc2)ccc1-c1ccc(O)c(F)c1 1 0.7325824 0.7326 0.3747985 -7.1000
18:44:44 <INFO> Score: 0.28 Agent NLL: 20.95 Valid: 100% Step: 19
 | Agent Prior Target Score SMILES SMILES_state QED QED (raw) maize maize (raw)
 | 2.4455 24.4512 40.5896 0.5081314 CCCSc1ccccc1C(=O)N1CCc2ccccc21 1 0.7800020 0.7800 0.3310217 -6.9500
 | 28.9156 41.1026 -39.9632 0.0089016 CC(C)CC(NC(=O)C(CC(C)C)C(=O)C(O)=NO)C(=O)NC1CCCCC(N)C1O 1 0.0725345 0.0725 0.0010924 -2.1700
 | 34.7366 40.2819 -18.4726 0.1703852 CCCC(=O)Oc1ccccc1C(=O)OCC=CC#CC=COC(C)=O 1 0.3230797 0.3231 0.0898574 -5.6900
 | 17.6825 20.2418 33.8798 0.4228255 O=C(OCc1ccc(CO)cc1)c1ccccc1 1 0.8379385 0.8379 0.2133586 -6.4800
18:45:14 <INFO> Score: 0.45 Agent NLL: 18.76 Valid: 100% Step: 20
 | Agent Prior Target Score SMILES SMILES_state QED QED (raw) maize maize (raw)
 | 8.9479 20.6013 4.1144 0.1930910 CCCSc1ccc(NC(C)=O)cc1 1 0.7717453 0.7717 0.0483115 -5.1700
 | 26.7203 41.8787 26.2393 0.5321718 CCN(CCO)C(=O)C(COCc1ccccc1)NC(=O)c1ccc(-c2cccc(C#N)c2)s1 1 0.4404415 0.4404 0.6430068 -7.9600
 | 11.9980 45.7944 9.5704 0.4325373 CCN(CCO)C(=O)c1ccccc1-c1ccc(-c2ccc(O)c(F)c2)c(C#N)c1 1 0.6451630 0.6452 0.2899865 -6.8000
 | 27.3744 29.0117 53.0705 0.6412668 CN1CCN(Cc2noc(CN(C)Cc3cccc(C(F)(F)F)c3)n2)CC1 1 0.7639275 0.7639 0.5383012 -7.6200
18:45:33 <INFO> Score: 0.45 Agent NLL: 11.73 Valid: 100% Step: 21
 | Agent Prior Target Score SMILES SMILES_state QED QED (raw) maize maize (raw)
 | 19.3474 20.4935 42.9316 0.4955087 O=C(O)CN1C(=O)C(=Cc2ccccc2OCc2ccccc2)SC1=S 1 0.6059161 0.6059 0.4052193 -7.2000
 | 2.8938 24.4512 40.5896 0.5081314 CCCSc1ccccc1C(=O)N1CCc2ccccc21 1 0.7800020 0.7800 0.3310217 -6.9500
 | 12.5331 25.0521 22.6902 0.3729871 CCN(CC)C(=O)c1ccc(-c2ccc(O)c(F)c2)cc1 1 0.9315176 0.9315 0.1493470 -6.1400
 | 12.1428 19.3495 32.2941 0.4034654 Cc1cccc(NC(=O)Cc2ccccc2)c1 1 0.8536452 0.8536 0.1906932 -6.3700
18:45:55 <INFO> Score: 0.47 Agent NLL: 12.55 Valid: 100% Step: 22
 | Agent Prior Target Score SMILES SMILES_state QED QED (raw) maize maize (raw)
 | 18.1458 30.0008 50.0717 0.6255666 COc1cccc(NC(=O)c2cccc(C(=O)CSC(C)=O)c2)c1 1 0.8138858 0.8139 0.4808213 -7.4400
 | 3.4995 30.4272 36.6441 0.5239950 N#Cc1cc(C(=O)c2ccccc2)ccc1-c1ccc(O)c(F)c1 1 0.7325824 0.7326 0.3747985 -7.1000
 | 15.7420 23.6963 2.0849 0.2014151 OCCN=c1nc(-c2ccc(O)cc2)cc[nH]1 1 0.7259955 0.7260 0.0558792 -5.2900
 | 12.8303 24.6565 44.3034 0.5387486 Cc1ccccc1NC(=O)CN1CCN(C(=O)c2ccc(Br)cc2)CC1 1 0.8334933 0.8335 0.3482332 -7.0100
18:46:17 <INFO> Score: 0.48 Agent NLL: 11.56 Valid: 100% Step: 23
 | Agent Prior Target Score SMILES SMILES_state QED QED (raw) maize maize (raw)
 | 3.4055 30.4272 36.6441 0.5239950 N#Cc1cc(C(=O)c2ccccc2)ccc1-c1ccc(O)c(F)c1 1 0.7325824 0.7326 0.3747985 -7.1000
 | 20.3616 23.9940 25.0596 0.3832318 N#Cc1cccc(C(=O)NCC=CCN2CCN(c3ccccc3OCCF)CC2)c1 1 0.6294692 0.6295 0.2333182 -6.5700
 | 6.2953 21.1904 69.9242 0.7118330 O=C(OCC1CCN(CCc2ccccc2)CC1)c1ccccc1 1 0.7574329 0.7574 0.6689783 -8.0500
 | 16.1712 19.6744 21.0559 0.3182056 Brc1ccc(CSCc2ccccc2)cc1 1 0.7736706 0.7737 0.1308759 -6.0200
18:46:27 <INFO> Score: 0.50 Agent NLL: 9.13 Valid: 100% Step: 24
 | Agent Prior Target Score SMILES SMILES_state QED QED (raw) maize maize (raw)
 | 15.4950 26.3494 22.8523 0.3843879 CCCSc1ccc(NC(=O)c2cccc(F)c2)cc1 1 0.8162441 0.8162 0.1810170 -6.3200
 | 3.7356 24.4512 40.5896 0.5081314 CCCSc1ccccc1C(=O)N1CCc2ccccc21 1 0.7800020 0.7800 0.3310217 -6.9500
 | 3.9800 32.2692 51.5243 0.6546372 COC(=O)C1=C(c2ccccc2)CCN(CC(=O)C=Cc2ccccc2)C1 1 0.5825626 0.5826 0.7356288 -8.3000
 | 13.3067 30.3851 28.6843 0.4614794 Cn1cncc1-c1ccc(O)c2ccccc12 1 0.6897287 0.6897 0.3087638 -6.8700
18:46:56 <INFO> Score: 0.48 Agent NLL: 12.08 Valid: 100% Step: 25
 | Agent Prior Target Score SMILES SMILES_state QED QED (raw) maize maize (raw)
 | 20.0981 36.9895 20.4638 0.4488535 CCCSc1ccccc1C(=O)N1CCC(F)(F)CC1Cc1ccccc1 1 0.5932999 0.5933 0.3395745 -6.9800
 | 14.7942 34.4476 31.0759 0.5119024 CCN(CCNC(=O)c1ccc(NC(=O)c2cc(C(C)(C)C)nn2Cc2ccccc2)cc1)c1ccccc1 1 0.2779554 0.2780 0.9427556 -9.6900
 | 6.1767 24.2794 24.9978 0.3849788 CCSc1ccccc1C(=O)N1CCc2ccccc21 1 0.7935100 0.7935 0.1867761 -6.3500
 | 7.2359 23.9436 50.6569 0.5828165 COc1ccccc1NC(=O)CN1CCN(C(=O)c2ccc(Br)cc2)CC1 1 0.7897509 0.7898 0.4301040 -7.2800
18:47:15 <INFO> Score: 0.37 Agent NLL: 17.72 Valid: 100% Step: 26
 | Agent Prior Target Score SMILES SMILES_state QED QED (raw) maize maize (raw)
 | 14.2643 27.1376 5.7813 0.2571791 CCN(CCO)C(=O)C(=O)c1c[nH]c2ccccc12 1 0.6262200 0.6262 0.1056195 -5.8300
 | 14.4530 23.4778 20.3821 0.3426550 COc1ccc(C(=O)C(Br)=Cc2ccc(F)cc2)cc1 1 0.6093797 0.6094 0.1926753 -6.3800
 | 33.9121 39.8192 10.0653 0.3897225 Cc1oc2c(OC3CC(O)C(O)C(CO)O3)cccc2c1-c1cnn(C)c1 1 0.6321821 0.6322 0.2402530 -6.6000
 | 8.2522 33.2794 30.5416 0.4986016 N#Cc1cc(C(=O)c2ccc(F)cc2)ccc1-c1ccc(O)c(F)c1 1 0.7198901 0.7199 0.3453354 -7.0000
18:47:32 <INFO> Score: 0.26 Agent NLL: 17.42 Valid:  75% Step: 27
 | Agent Prior Target Score SMILES SMILES_state QED QED (raw) maize maize (raw)
 | 19.4211 26.1540 42.8554 0.5391363 CCN(CC)C(=O)Oc1cccc(NC(=O)c2cccc(Cl)c2)c1 1 0.8706266 0.8706 0.3338606 -6.9600
 | 26.5166 31.2676 4.7648 0.2815031 CCOC(=O)Cc1c(-c2ccccc2)ccc(C(C)=O)c1C 1 0.6191272 0.6191 0.1279931 -6.0000
 | 7.4626 41.3968 -41.3968 0.0000000 N#Cc2cc(C(=O)c2ccccc2)ccc1-c1ccc(O)c(F)c1 0 0.0000000 0.0000 0.0000000 0.0000
 | 16.2691 21.5663 5.1001 0.2083307 O=C(O)c1ccc(-c2ccc(Br)cc2)[nH]1 1 0.8767764 0.8768 0.0495014 -5.1900
18:47:47 <INFO> Score: 0.44 Agent NLL: 11.77 Valid: 100% Step: 28
 | Agent Prior Target Score SMILES SMILES_state QED QED (raw) maize maize (raw)
 | 14.4673 26.6812 33.6217 0.4711160 CC(=O)c1cccc(C(=O)C=Cc2ccc(F)cc2)c1 1 0.6217212 0.6217 0.3569932 -7.0400
 | 7.8981 25.2562 34.9977 0.4707341 CCCSc1ccccc1C(=O)N1CCCc2ccccc21 1 0.7572450 0.7572 0.2926273 -6.8100
 | 7.7559 24.3619 36.2739 0.4737171 COc1ccc(Br)cc1C(=O)N1CCN(CCc2ccccc2)CC1 1 0.7668727 0.7669 0.2926273 -6.8100
 | 16.9779 20.6539 24.8889 0.3558033 CC(=O)Nc1ccc(SCC(=O)N2CCOCC2)cc1 1 0.8569460 0.8569 0.1477292 -6.1300
18:48:21 <INFO> Score: 0.54 Agent NLL: 16.76 Valid: 100% Step: 29
 | Agent Prior Target Score SMILES SMILES_state QED QED (raw) maize maize (raw)
 | 8.9899 24.8458 42.3161 0.5247022 CCOc1ccccc1NC(=O)CN1CCN(C(=O)c2ccc(Br)cc2)CC1 1 0.7404737 0.7405 0.3718058 -7.0900
 | 16.6518 36.0659 47.6705 0.6541905 Cc1ccccc1C(=O)c1ccccc1C(=O)C1CCN(CCOc2ccccc2)CC1 1 0.4637445 0.4637 0.9228472 -9.4400
 | 13.1300 22.1016 25.1517 0.3691664 O=C(c1ccc(Br)cc1)N1CCN(c2ccccc2Cl)CC1 1 0.7852498 0.7852 0.1735547 -6.2800
 | 28.2881 33.9029 42.7176 0.5985974 O=C(O)CCC(c1ccccc1Cl)N1CCN(C(=O)c2ccc(-c3ccccc3)cc2)CC1 1 0.5123481 0.5123 0.6993661 -8.1600
18:48:57 <INFO> Score: 0.57 Agent NLL: 17.05 Valid: 100% Step: 30
 | Agent Prior Target Score SMILES SMILES_state QED QED (raw) maize maize (raw)
 | 22.5594 32.6335 32.3379 0.5075886 CC(C)c1ccc(C(C)CNC(=O)CCN=c2cccc[nH]2)cc1 1 0.8056727 0.8057 0.3197901 -6.9100
 | 13.6007 29.0184 73.9899 0.8047517 Cc1ccccc1C(=O)N1CC2CN(CCc3ccccc3)C(=O)C2C1 1 0.8524225 0.8524 0.7597469 -8.4000
 | 12.8224 24.5464 41.8668 0.5188526 Cn1ccnc1C(c1ccccc1)N1CCN(C(=O)c2ccccc2)CC1 1 0.7182741 0.7183 0.3747985 -7.1000
 | 19.2099 21.6585 33.6330 0.4319656 CC(C)=CCCC(C)=CCOc1ccc(-c2ccccc2)cc1 1 0.5358314 0.5358 0.3482332 -7.0100
18:49:09 <INFO> Score: 0.40 Agent NLL: 8.59 Valid: 100% Step: 31
 | Agent Prior Target Score SMILES SMILES_state QED QED (raw) maize maize (raw)
 | 7.6956 24.2597 -16.0269 0.0643187 CCCSc1ccccc1C(=O)N1CCCCCC1 1 0.7685685 0.7686 0.0053826 -3.4200
 | 4.7470 25.2562 34.9977 0.4707341 CCCSc1ccccc1C(=O)N1CCCc2ccccc21 1 0.7572450 0.7572 0.2926273 -6.8100
 | 17.7752 28.5970 10.3115 0.3039727 CN1CCC(n2cc(C#N)c(-c3ccc(F)cc3)c2)CC1 1 0.8453739 0.8454 0.1093000 -5.8600
 | 4.1340 26.6651 71.9710 0.7705945 Cc1ccccc1C(=O)N1CCCC(c2noc(Cc3ccccc3)n2)C1 1 0.7049568 0.7050 0.8423437 -8.8100
18:49:42 <INFO> Score: 0.53 Agent NLL: 16.40 Valid: 100% Step: 32
 | Agent Prior Target Score SMILES SMILES_state QED QED (raw) maize maize (raw)
 | 3.9618 26.6651 71.9710 0.7705945 Cc1ccccc1C(=O)N1CCCC(c2noc(Cc3ccccc3)n2)C1 1 0.7049568 0.7050 0.8423437 -8.8100
 | 35.1585 47.6942 33.4787 0.6341635 CC1=C(CC(=O)N=c2[nH]ccs2)C(=O)C(CN2CCOCC2)CC1=Cc1ccc(C#CCn2cccc2)cc1 1 0.4784028 0.4784 0.8406374 -8.8000
 | 13.3237 17.9692 41.7263 0.4663712 O=C(c1ccccc1)N1CCN(Cc2ccccc2)CC1 1 0.8626890 0.8627 0.2521211 -6.6500
 | 13.1643 17.2460 12.3054 0.2308703 O=C(C=Cc1ccccc1)c1ccco1 1 0.5597250 0.5597 0.0952273 -5.7400
18:51:06 <INFO> Score: 0.48 Agent NLL: 27.91 Valid: 100% Step: 33
 | Agent Prior Target Score SMILES SMILES_state QED QED (raw) maize maize (raw)
 | 26.4731 34.3534 30.0628 0.5032517 CC(=O)OC(C)C1=CC(=O)C(CO)(CC=Cc2ccccc2)OC1=O 1 0.7919640 0.7920 0.3197901 -6.9100
 | 23.0893 43.1995 42.2162 0.6673099 Cc1ccc(F)cc1C(=O)c1ccccc1C(=O)C1CCN(Cc2ccccc2O)CC1 1 0.5475768 0.5476 0.8132238 -8.6500
 | 12.1844 23.1056 17.2744 0.3154690 Cn1cc(-c2ccccc2)cc1-c1ccc(O)cc1 1 0.7274541 0.7275 0.1368068 -6.0600
 | 49.8856 63.7388 -10.2650 0.4177636 C=C1C2CCC3C(CCC4(COC(=O)C=Cc5ccccc5)OC(C)(C)C(O)CC34C)(CC3(C)C1CCC(OC(C)=O)C3O)C2O 1 0.2237147 0.2237 0.7801296 -8.4900
18:51:50 <INFO> Score: 0.46 Agent NLL: 21.29 Valid: 100% Step: 34
 | Agent Prior Target Score SMILES SMILES_state QED QED (raw) maize maize (raw)
 | 25.3446 32.7501 39.4253 0.5638701 CC(C(=O)NCCc1ccc(NS(C)(=O)=O)cc1)c1ccc(CC(C)(C)Cc2ccccc2)cc1 1 0.3797863 0.3798 0.8371800 -8.7800
 | 13.1543 20.1012 33.0811 0.4154861 COc1ccc(NC(=O)Cc2ccc(Br)cc2)cc1 1 0.9339315 0.9339 0.1848409 -6.3400
 | 12.6909 22.1629 60.8788 0.6487632 O=C(OCc1ccccc1)C1CCN(CCc2ccccc2)CC1 1 0.7595256 0.7595 0.5541534 -7.6700
 | 33.9748 34.4645 -8.8804 0.1998756 N=c1cncc(SCC2CC(CO)C(O)C(O)C2O)[nH]1 1 0.3826021 0.3826 0.1044173 -5.8200
18:52:32 <INFO> Score: 0.44 Agent NLL: 21.19 Valid: 100% Step: 35
 | Agent Prior Target Score SMILES SMILES_state QED QED (raw) maize maize (raw)
 | 33.0479 32.6958 2.6339 0.2760133 C=C1CCCC(C)(C)C1C=CC=CC(=O)N1CCCCC1=O 1 0.4483598 0.4484 0.1699157 -6.2600
 | 10.2593 25.1244 32.8569 0.4529789 CCCSc1ccc(NC(=O)Cc2ccccc2)cc1 1 0.7984800 0.7985 0.2569757 -6.6700
 | 8.7744 20.5778 38.4064 0.4608138 Cc1ccccc1C(=O)N1CCN(c2ccc(F)cc2)CC1 1 0.8503614 0.8504 0.2497166 -6.6400
 | 32.6719 40.2920 33.5913 0.5772131 CCCCc1ccc(C#Cc2ccc(C(=O)N3CC(O)C(COC)C3)c(C)n2)c(C)c1 1 0.7266297 0.7266 0.4585211 -7.3700
18:54:18 <INFO> Score: 0.56 Agent NLL: 14.56 Valid: 100% Step: 36
 | Agent Prior Target Score SMILES SMILES_state QED QED (raw) maize maize (raw)
 | 13.8896 27.7420 65.1266 0.7255354 CCC(=O)c1ccc(S(=O)(=O)c2ccc(C(C)(C)C)cc2)cc1 1 0.7802945 0.7803 0.6746191 -8.0700
 | 4.5675 25.2562 34.9977 0.4707341 CCCSc1ccccc1C(=O)N1CCCc2ccccc21 1 0.7572450 0.7572 0.2926273 -6.8100
 | 37.0109 42.6846 -2.5658 0.3134278 NC(CCC(=O)OCc1ccccc1)C(=O)N1CCCC1C(=O)NC(Cc1ccccc1)C(=O)NC(CC(=O)O)C(=O)CO 1 0.1618266 0.1618 0.6070510 -7.8400
 | 2.7918 21.1904 69.9242 0.7118330 O=C(OCC1CCN(CCc2ccccc2)CC1)c1ccccc1 1 0.7574329 0.7574 0.6689783 -8.0500
18:54:50 <INFO> Score: 0.57 Agent NLL: 9.75 Valid: 100% Step: 37
 | Agent Prior Target Score SMILES SMILES_state QED QED (raw) maize maize (raw)
 | 19.1540 30.7000 41.5084 0.5641280 CC(C)c1ccc(C(C)C)c(NC(=O)N=c2[nH]cccc2O)c1 1 0.7974584 0.7975 0.3990683 -7.1800
 | 5.3547 33.6704 44.0662 0.6073178 CCOC(=O)C1=C(c2ccccc2)CCN(CC(=O)C=Cc2ccccc2)C1 1 0.5422369 0.5422 0.6802099 -8.0900
 | 3.6942 26.6651 71.9710 0.7705945 Cc1ccccc1C(=O)N1CCCC(c2noc(Cc3ccccc3)n2)C1 1 0.7049568 0.7050 0.8423437 -8.8100
 | 10.7781 21.5044 22.8397 0.3464378 O=C(C=Cc1ccc(F)cc1)OCC(=O)c1ccccc1 1 0.4806214 0.4806 0.2497166 -6.6400
18:56:26 <INFO> Score: 0.35 Agent NLL: 17.00 Valid: 100% Step: 38
 | Agent Prior Target Score SMILES SMILES_state QED QED (raw) maize maize (raw)
 | 3.9146 24.4512 40.5896 0.5081314 CCCSc1ccccc1C(=O)N1CCc2ccccc21 1 0.7800020 0.7800 0.3310217 -6.9500
 | 10.7147 19.4007 -4.5284 0.1161898 C=C(C(=O)OCC)C(=O)c1ccccc1 1 0.2475055 0.2475 0.0545446 -5.2700
 | 10.4254 24.6379 46.2045 0.5534560 O=C(OCC1CCN(c2ccccc2)CC1)c1ccccc1 1 0.8043687 0.8044 0.3808123 -7.1200
 | 42.9403 54.7270 -27.5298 0.2124783 CCN(CC)CCOCCN1CCCN(Cc2ccc(C(=O)Nc3cccc(C(O)C4CCC(C(C)(C)C)CC4)c3)cc2)CC1 1 0.2295382 0.2295 0.1966863 -6.4000
18:59:33 <INFO> Score: 0.36 Agent NLL: 26.47 Valid: 100% Step: 39
 | Agent Prior Target Score SMILES SMILES_state QED QED (raw) maize maize (raw)
 | 38.7095 58.3741 -20.8900 0.2928447 Cc1[nH]c(=N)ccc1C#CC#CC#CC=CCOC(=O)C=Cc1cccc(C(C)C)nc1=O 1 0.4271670 0.4272 0.2007600 -6.4200
 | 10.8351 20.1735 3.9879 0.1887616 CON=CCC(=O)c1ccccc1C 1 0.4154751 0.4155 0.0857595 -5.6500
 | 53.6128 70.0902 -38.5001 0.2467980 CC1(C)CC(=O)C2(C(=O)O)CCC(OC3C(OC(=O)C=Cc4ccccc4)CC(OC(=O)C=Cc4ccco4)C(O)C3O)CC(O)(CO)C12 1 0.1385767 0.1386 0.4395347 -7.3100
 | 2.7128 21.1904 69.9242 0.7118330 O=C(OCC1CCN(CCc2ccccc2)CC1)c1ccccc1 1 0.7574329 0.7574 0.6689783 -8.0500
19:00:04 <INFO> Score: 0.58 Agent NLL: 16.87 Valid: 100% Step: 40
 | Agent Prior Target Score SMILES SMILES_state QED QED (raw) maize maize (raw)
 | 19.1217 32.9132 47.0131 0.6244244 CNC(=O)c1ccncc1N=c1cccc(-c2ccc(O)cc2)[nH]1 1 0.6917958 0.6918 0.5636140 -7.7000
 | 3.4162 26.6651 71.9710 0.7705945 Cc1ccccc1C(=O)N1CCCC(c2noc(Cc3ccccc3)n2)C1 1 0.7049568 0.7050 0.8423437 -8.8100
 | 17.6174 24.1417 29.2742 0.4173121 CC(=O)c1ccccc1OCC(=O)Oc1ccccc1 1 0.4760131 0.4760 0.3658500 -7.0700
 | 27.3214 40.2335 26.6264 0.5223424 Cc1nn(Cc2ccccc2Cl)cc1C=C1C(=O)N(CCc2ccccc2)C(=S)N(CC(=O)O)C1=O 1 0.2759822 0.2760 0.9886200 -10.9900
19:00:24 <INFO> Score: 0.25 Agent NLL: 14.49 Valid: 100% Step: 41
 | Agent Prior Target Score SMILES SMILES_state QED QED (raw) maize maize (raw)
 | 21.7714 30.3332 -4.3724 0.2028189 CC1=C(CO)C(=O)OC(C(C)C(C)(CO)CO)C1 1 0.6148042 0.6148 0.0669083 -5.4400
 | 11.6235 22.7691 0.3094 0.1803007 CCCSSCC=Cc1ccc(Cl)cc1Cl 1 0.4801023 0.4801 0.0677113 -5.4500
 | 12.1728 22.5180 19.4033 0.3275102 Cn1cc(-c2nc(Cc3ccccc3)no2)cn1 1 0.7027799 0.7028 0.1526266 -6.1600
 | 12.3876 21.2064 16.4133 0.2939035 O=C(C=Cc1ccc(F)cc1)OCC(=O)N1CCCC1 1 0.6244679 0.6245 0.1383246 -6.0700
19:01:15 <INFO> Score: 0.39 Agent NLL: 13.09 Valid: 100% Step: 42
 | Agent Prior Target Score SMILES SMILES_state QED QED (raw) maize maize (raw)
 | 6.5549 33.9892 3.8763 0.2958241 CC(C)CS(=O)(=O)c1ccc(OCC(O)CNC(C)C)c(N)c1 1 0.5859634 0.5860 0.1493470 -6.1400
 | 18.3135 26.1249 58.4669 0.6608730 CC(O)(c1ccccc1)c1ccccc1C(=O)c1ccccc1 1 0.7343095 0.7343 0.5947807 -7.8000
 | 20.8162 43.0367 0.1156 0.3371274 CCOC(=O)C=Cc1ccccc1C(=O)c1ccccc1C=CC(=O)CC(=O)C=Cc1ccccc1OC 1 0.1338659 0.1339 0.8490205 -8.8500
 | 6.6834 22.7623 8.9700 0.2479092 Cc1ccccc1C(=O)N1CCN(c2ccccc2Cl)CC1 1 0.8451433 0.8451 0.0727202 -5.5100
19:01:47 <INFO> Score: 0.31 Agent NLL: 15.47 Valid: 100% Step: 43
 | Agent Prior Target Score SMILES SMILES_state QED QED (raw) maize maize (raw)
 | 24.0514 38.9509 -25.5790 0.1044678 CC(C)C1COCC(COc2ccc(F)cc2)CN1C(=O)c1ccccc1C(C)(C)C 1 0.6486351 0.6486 0.0168254 -4.3200
 | 17.9387 33.3119 14.9609 0.3771315 CCOC(CSc1ccccc1)Cn1cncc1-c1ccc(F)cc1 1 0.5379867 0.5380 0.2643712 -6.7000
 | 13.0555 16.7778 0.7178 0.1366849 CCC(=O)c1ccc(OC)cc1 1 0.6405002 0.6405 0.0291690 -4.7600
 | 6.8539 21.0584 59.6327 0.6303989 Cc1ccccc1C(=O)N1CCN(CCc2ccccc2)CC1 1 0.8667056 0.8667 0.4585211 -7.3700
19:02:05 <INFO> Score: 0.56 Agent NLL: 7.26 Valid: 100% Step: 44
 | Agent Prior Target Score SMILES SMILES_state QED QED (raw) maize maize (raw)
 | 8.9902 21.0815 53.3640 0.5816054 COc1ccccc1C(=O)N1CCN(CCc2ccccc2)CC1 1 0.8476365 0.8476 0.3990683 -7.1800
 | 3.2633 26.6651 71.9710 0.7705945 Cc1ccccc1C(=O)N1CCCC(c2noc(Cc3ccccc3)n2)C1 1 0.7049568 0.7050 0.8423437 -8.8100
 | 6.7677 25.0836 53.7548 0.6159250 O=C(Cc1ccccc1)OCC1CCN(c2ccccc2)CC1 1 0.7889910 0.7890 0.4808213 -7.4400
 | 10.0103 18.0546 18.9507 0.2891042 O=C(C=Cc1ccccc1C(F)(F)F)c1ccccc1 1 0.5910885 0.5911 0.1414022 -6.0900
19:02:30 <INFO> Score: 0.39 Agent NLL: 17.07 Valid: 100% Step: 45
 | Agent Prior Target Score SMILES SMILES_state QED QED (raw) maize maize (raw)
 | 13.9776 22.7404 12.4005 0.2745380 CC(C)CN1CCN(Cc2cccc(C#N)c2)CC1 1 0.8290817 0.8291 0.0909091 -5.7000
 | 15.2776 19.1803 10.9221 0.2351752 CCN(CC)Cc1c[nH]c2ccccc12 1 0.8071328 0.8071 0.0685233 -5.4600
 | 10.7175 22.2952 51.9383 0.5799486 Cc1ccccc1CCNC(=O)C1CCC(=O)N(C2CC2)C1 1 0.9046131 0.9046 0.3718058 -7.0900
 | 28.3208 37.5484 20.8723 0.4564119 CC(C)CC(C)(c1ccccc1)c1ccccc1C(=O)CCCC(=O)O 1 0.6083003 0.6083 0.3424490 -6.9900
19:02:47 <INFO> Score: 0.33 Agent NLL: 11.69 Valid: 100% Step: 46
 | Agent Prior Target Score SMILES SMILES_state QED QED (raw) maize maize (raw)
 | 12.4370 19.9884 -4.4969 0.1210273 C#CCCOC(=O)c1ccccc1 1 0.3969734 0.3970 0.0368982 -4.9500
 | 11.2039 30.0888 52.2324 0.6431346 CC(=O)CCc1ccccc1C(=O)N1CCc2ccccc21 1 0.8659909 0.8660 0.4776286 -7.4300
 | 6.9377 20.9335 12.6153 0.2620996 O=C(c1ccccc1)N1CCN(c2ccccc2Cl)CC1 1 0.8494041 0.8494 0.0808758 -5.6000
 | 16.1828 19.3558 19.2436 0.3015582 Cc1ccc(C(=O)CSc2ccccc2)cc1 1 0.5958156 0.5958 0.1526266 -6.1600
19:03:55 <INFO> Score: 0.45 Agent NLL: 21.55 Valid: 100% Step: 47
 | Agent Prior Target Score SMILES SMILES_state QED QED (raw) maize maize (raw)
 | 16.1554 28.1516 56.6397 0.6624318 Cc1ccc(C#CCOc2ccccc2C(=O)c2ccccc2)cc1 1 0.5148786 0.5149 0.8522707 -8.8700
 | 44.9916 61.2784 -58.6834 0.0202735 CC(=O)OC1CC2(C)OC3C(COC(=O)CO)=CCC4C(C)(C)CCCC4(C)C3CCC2(C(=O)CO)OC1(C)C 1 0.3667330 0.3667 0.0011207 -2.1900
 | 6.0107 25.0836 53.7548 0.6159250 O=C(Cc1ccccc1)OCC1CCN(c2ccccc2)CC1 1 0.7889910 0.7890 0.4808213 -7.4400
 | 19.0528 18.4116 47.2080 0.5126528 O=C(O)CCc1ccc(OCc2ccc(Br)cc2)cc1 1 0.8664248 0.8664 0.3033302 -6.8500
19:04:10 <INFO> Score: 0.45 Agent NLL: 9.49 Valid: 100% Step: 48
 | Agent Prior Target Score SMILES SMILES_state QED QED (raw) maize maize (raw)
 | 11.4422 28.0682 19.0210 0.3678842 CC(=O)c1ccccc1C(=O)C=Cc1cccc(F)c1 1 0.6217212 0.6217 0.2176840 -6.5000
 | 15.7072 25.7645 11.2586 0.2892427 CCN(CC)C(=O)c1ccccc1-c1ccccn1 1 0.8388934 0.8389 0.0997282 -5.7800
 | 7.1486 30.4416 17.3130 0.3730827 CCN(CCO)C(=O)c1ccc(-c2ccc(O)c(F)c2)cc1 1 0.8924486 0.8924 0.1559649 -6.1800
 | 3.6691 26.6651 71.9710 0.7705945 Cc1ccccc1C(=O)N1CCCC(c2noc(Cc3ccccc3)n2)C1 1 0.7049568 0.7050 0.8423437 -8.8100
19:04:34 <INFO> Score: 0.54 Agent NLL: 8.65 Valid: 100% Step: 49
 | Agent Prior Target Score SMILES SMILES_state QED QED (raw) maize maize (raw)
 | 18.0286 30.5531 45.3435 0.5929416 CC(C)S(=O)(=O)c1ccc(OCC(O)CNCCc2ccc(NS(C)(=O)=O)cc2)cc1 1 0.4045220 0.4045 0.8691241 -8.9800
 | 7.6748 20.7038 32.0049 0.4117866 Cc1ccccc1C(=O)N1CC(=O)Nc2ccccc21 1 0.8621251 0.8621 0.1966863 -6.4000
 | 5.1806 25.0836 53.7548 0.6159250 O=C(Cc1ccccc1)OCC1CCN(c2ccccc2)CC1 1 0.7889910 0.7890 0.4808213 -7.4400
 | 3.7213 24.6379 46.2045 0.5534560 O=C(OCC1CCN(c2ccccc2)CC1)c1ccccc1 1 0.8043687 0.8044 0.3808123 -7.1200
19:05:01 <INFO> Score: 0.56 Agent NLL: 16.48 Valid: 100% Step: 50
 | Agent Prior Target Score SMILES SMILES_state QED QED (raw) maize maize (raw)
 | 6.7770 43.1995 42.2162 0.6673099 Cc1ccc(F)cc1C(=O)c1ccccc1C(=O)C1CCN(Cc2ccccc2O)CC1 1 0.5475768 0.5476 0.8132238 -8.6500
 | 21.0020 26.5765 11.6279 0.2984719 Cc1ccccc1-n1c(CN(C)C)ccc1-c1ccc(F)cc1 1 0.6806865 0.6807 0.1308759 -6.0200
 | 23.4921 34.1128 47.6581 0.6388353 CC(CC(=NC(=O)C=Cc1ccccc1)C(N)=O)C(=O)NCc1ccccc1 1 0.5456906 0.5457 0.7478790 -8.3500
 | 14.6514 27.8399 55.4339 0.6505765 O=C(OCc1ccc(CO)cc1)c1ccnc2ccccc12 1 0.7509569 0.7510 0.5636140 -7.7000
19:05:34 <INFO> Score: 0.53 Agent NLL: 13.21 Valid: 100% Step: 51
 | Agent Prior Target Score SMILES SMILES_state QED QED (raw) maize maize (raw)
 | 23.8958 26.3922 51.6716 0.6098731 NC(=O)CNC(=O)C(Cc1ccccc1)=NC(=O)CCc1ccccc1 1 0.7034417 0.7034 0.5287507 -7.5900
 | 9.2371 25.1223 13.2301 0.2996281 CN(CCO)C(=O)c1ccc(-c2cccc(O)c2)s1 1 0.9002165 0.9002 0.0997282 -5.7800
 | 16.0957 29.5252 54.2254 0.6543021 CS(=O)(=O)c1ccccc1-c1ccc(NC(=O)C(=N)c2ccccc2)cc1 1 0.6627748 0.6628 0.6459377 -7.9700
 | 3.6111 24.6379 46.2045 0.5534560 O=C(OCC1CCN(c2ccccc2)CC1)c1ccccc1 1 0.8043687 0.8044 0.3808123 -7.1200
19:05:57 <INFO> Score: 0.51 Agent NLL: 11.25 Valid:  75% Step: 52
 | Agent Prior Target Score SMILES SMILES_state QED QED (raw) maize maize (raw)
 | 10.3714 24.8865 63.7948 0.6928225 CN1CCN(Cc2ccc(NC(=O)c3cc(C(C)(C)C)nn3Cc3ccccc3)cc2)CC1 1 0.6170280 0.6170 0.7779274 -8.4800
 | 5.4203 24.9141 64.5948 0.6992882 COc1cccc(NC(=O)CN2CCN(C(=O)c3ccc(Br)cc3)CC2)c1 1 0.7897509 0.7898 0.6191876 -7.8800
 | 25.8746 44.4998 -44.4998 0.0000000 Cc1[nH]c(SCCC)c(C#N)c(OCC=CC)n1 0 0.0000000 0.0000 0.0000000 0.0000
 | 3.3416 21.0584 59.6327 0.6303989 Cc1ccccc1C(=O)N1CCN(CCc2ccccc2)CC1 1 0.8667056 0.8667 0.4585211 -7.3700
19:06:27 <INFO> Score: 0.45 Agent NLL: 15.38 Valid: 100% Step: 53
 | Agent Prior Target Score SMILES SMILES_state QED QED (raw) maize maize (raw)
 | 12.7083 31.7550 25.1221 0.4443522 COc1ccc(C(c2ccccc2)c2ccccc2C(=O)c2ccccc2)cc1 1 0.2989721 0.2990 0.6604257 -8.0200
 | 6.8286 22.4923 -3.1825 0.1508582 Cn1cncc1-c1ccc(O)cc1 1 0.7153402 0.7153 0.0318145 -4.8300
 | 19.1647 23.9116 79.0797 0.8046201 CN1CCN(C(=O)c2ccc(C(=O)Nc3ccc(C(C)(C)C)cc3)cc2)CC1 1 0.8861113 0.8861 0.7306232 -8.2800
 | 22.8131 33.7754 18.0954 0.4052403 O=C1NC(C=Cc2ccccc2)C(C(O)CO)N1Cc1ccccc1 1 0.7543948 0.7544 0.2176840 -6.5000
19:08:46 <INFO> Score: 0.57 Agent NLL: 14.67 Valid: 100% Step: 54
 | Agent Prior Target Score SMILES SMILES_state QED QED (raw) maize maize (raw)
 | 37.4854 50.0712 -8.1878 0.3272141 CC(=CCCC(C)=CCC=Cc1ccccc1C(=O)O)CC=CC(O)CC(O)CC(C)CCC(C)C 1 0.1910360 0.1910 0.5604653 -7.6900
 | 10.8632 28.8754 60.9801 0.7019957 CC(C(=O)c1ccccc1)N1CCN(C(=O)c2ccc(-c3ccccc3)cc2)CC1 1 0.5989681 0.5990 0.8227450 -8.7000
 | 3.1598 21.0584 59.6327 0.6303989 Cc1ccccc1C(=O)N1CCN(CCc2ccccc2)CC1 1 0.8667056 0.8667 0.4585211 -7.3700
 | 7.1661 25.4127 52.8332 0.6112957 Cc1ccccc1C(=O)c1ccccc1C(=O)c1ccccc1 1 0.6667360 0.6667 0.5604653 -7.6900
19:11:06 <INFO> Score: 0.37 Agent NLL: 22.86 Valid: 100% Step: 55
 | Agent Prior Target Score SMILES SMILES_state QED QED (raw) maize maize (raw)
 | 22.4672 35.6281 34.3789 0.5469298 N#Cc1cc(F)ccc1-c1ccc(C(=O)c2ccccc2)cc1CO 1 0.7326175 0.7326 0.4083062 -7.2100
 | 23.4993 34.6196 31.5680 0.5170912 CC(=O)N=c1cc2cc(C)c(-c3ccc(C(=O)NC(C)C)c(F)c3)cc2c[nH]1 1 0.7249639 0.7250 0.3688229 -7.0800
 | 34.7412 51.8777 -27.7719 0.1883268 CCOC(C)(C)C(C)CCC=CC=CC#CC#CC=CC=CC=CC(O)CC=CCCO 1 0.2087329 0.2087 0.1699157 -6.2600
 | 10.7219 24.7649 5.3509 0.2352791 COc1ccc(F)cc1C(=O)c1ccc(F)cc1 1 0.7795137 0.7795 0.0710138 -5.4900
19:11:40 <INFO> Score: 0.48 Agent NLL: 18.30 Valid: 100% Step: 56
 | Agent Prior Target Score SMILES SMILES_state QED QED (raw) maize maize (raw)
 | 6.1796 28.9190 52.7032 0.6376733 CC(=O)SCC(=O)c1ccc(NS(=O)(=O)c2cc(Cl)cc(Cl)c2)cc1 1 0.7096106 0.7096 0.5730288 -7.7300
 | 31.2669 39.0332 40.3477 0.6201636 CC(C)N(CC(=O)Nc1ccc(C#N)cc1)C1CCC(CC(N)=O)CC1 1 0.7842525 0.7843 0.4904070 -7.4700
 | 23.1097 34.1214 17.5233 0.4034741 CCC(=O)N=c1nc(CC)[nH]cc1C(=O)C=Cc1ccc(F)cc1 1 0.6775828 0.6776 0.2402530 -6.6000
 | 12.6497 22.5201 8.4220 0.2417346 CSc1ccc(-c2ccccc2)cc1C#N 1 0.7225354 0.7225 0.0808758 -5.6000
19:12:10 <INFO> Score: 0.51 Agent NLL: 15.14 Valid: 100% Step: 57
 | Agent Prior Target Score SMILES SMILES_state QED QED (raw) maize maize (raw)
 | 6.0272 30.7000 41.5084 0.5641280 CC(C)c1ccc(C(C)C)c(NC(=O)N=c2[nH]cccc2O)c1 1 0.7974584 0.7975 0.3990683 -7.1800
 | 10.9086 24.2338 27.7274 0.4059469 CCCOc1ccccc1C(=O)N1CCc2ccccc21 1 0.8552882 0.8553 0.1926753 -6.3800
 | 27.8084 37.5904 31.9800 0.5435192 CCOC(=O)c1ccc(NC(=O)C(CC(=O)Nc2ccc(Cl)cc2)SCc2ccc(C)cc2)cc1 1 0.3220808 0.3221 0.9172019 -9.3800
 | 15.8013 26.6270 43.2574 0.5459717 Cc1cccc(NC(=O)c2cccc(OCC(=O)O)c2)c1 1 0.8852836 0.8853 0.3367115 -6.9700
19:14:34 <INFO> Score: 0.33 Agent NLL: 24.10 Valid: 100% Step: 58
 | Agent Prior Target Score SMILES SMILES_state QED QED (raw) maize maize (raw)
 | 55.7349 75.4443 -67.3354 0.0633505 C=C1C(C)CCC(CCCC)C2C(=C)C(CCC(C)=CC(O)Cc3ccccc3)C(C)(CCc3ccoc3)COC12 1 0.2637966 0.2638 0.0152135 -4.2400
 | 10.2690 17.7104 20.1190 0.2955428 CN1CCN(S(=O)(=O)c2ccc(Br)cc2)CC1 1 0.8269826 0.8270 0.1056195 -5.8300
 | 19.8062 32.3141 30.2228 0.4885694 CNC(=O)c1ncc(-c2ccc(NC(=O)c3cccc(C(F)(F)F)c3)cc2)[nH]1 1 0.6368757 0.6369 0.3747985 -7.1000
 | 10.5874 22.9422 36.5742 0.4649720 Cc1ccccc1NC(=O)C(=O)C(C#N)c1ccccc1 1 0.8741401 0.8741 0.2473276 -6.6300
19:14:57 <INFO> Score: 0.52 Agent NLL: 14.32 Valid: 100% Step: 59
 | Agent Prior Target Score SMILES SMILES_state QED QED (raw) maize maize (raw)
 | 25.5776 40.3435 5.8303 0.3607331 CC(=O)NC(CCN1CCC(Nc2ccc(C#N)cc2)CC1)C(C)C 1 0.7992164 0.7992 0.1628199 -6.2200
 | 23.7531 40.3543 1.3187 0.3255699 CCN(Cc1ccccc1)Cc1ccccc1-c1ccc(NCc2ccccc2Oc2ccc(C(=O)C(=O)O)cc2)cc1 1 0.1101619 0.1102 0.9621817 -10.0300
 | 4.5242 24.9141 64.5948 0.6992882 COc1cccc(NC(=O)CN2CCN(C(=O)c3ccc(Br)cc3)CC2)c1 1 0.7897509 0.7898 0.6191876 -7.8800
 | 3.4280 21.1904 69.9242 0.7118330 O=C(OCC1CCN(CCc2ccccc2)CC1)c1ccccc1 1 0.7574329 0.7574 0.6689783 -8.0500
19:15:42 <INFO> Score: 0.52 Agent NLL: 18.87 Valid: 100% Step: 60
 | Agent Prior Target Score SMILES SMILES_state QED QED (raw) maize maize (raw)
 | 20.8145 24.0630 34.7281 0.4593053 O=C(C=NC(=O)CCc1ccccc1)N=c1[nH]ccs1 1 0.8695999 0.8696 0.2425959 -6.6100
 | 14.6952 28.8179 48.8221 0.6065624 CNC(=O)c1cccc(N=c2cccc(-c3ccncc3)[nH]2)c1 1 0.7807287 0.7807 0.4712494 -7.4100
 | 22.6353 39.6557 34.2675 0.5775251 Cc1ccccc1C1C(c2ccccc2)C(c2cccnc2)=NN1C(=O)CN1CCN(C(=O)c2ccccc2)CC1 1 0.3463136 0.3463 0.9631018 -10.0500
 | 17.3463 28.2564 26.5786 0.4283988 Oc1ccc(-c2nccs2)c2ccccc12 1 0.6877052 0.6877 0.2668666 -6.7100
19:16:15 <INFO> Score: 0.33 Agent NLL: 15.41 Valid: 100% Step: 61
 | Agent Prior Target Score SMILES SMILES_state QED QED (raw) maize maize (raw)
 | 22.0397 35.5064 -27.8593 0.0597431 CC(C)=CCC1C(=O)C(C)(C)C(=O)C(CC=C(C)C)(C(=O)C=Cc2ccccc2)C(=O)C1C 1 0.2230846 0.2231 0.0159995 -4.2800
 | 15.1493 22.6382 16.7078 0.3073907 Cn1c(=O)cc(N)n(Cc2ccccc2Cl)c1=O 1 0.8744054 0.8744 0.1080609 -5.8500
 | 16.5120 21.1290 49.7718 0.5539127 O=C(c1ccccc1F)N1CCN(CCc2ccccc2)CC1 1 0.8665686 0.8666 0.3540623 -7.0300
 | 7.9501 20.4947 31.4547 0.4058545 NC(=O)c1cccc(C(=O)c2ccccc2)c1 1 0.8121366 0.8121 0.2028204 -6.4300
19:16:50 <INFO> Score: 0.43 Agent NLL: 13.65 Valid: 100% Step: 62
 | Agent Prior Target Score SMILES SMILES_state QED QED (raw) maize maize (raw)
 | 6.5211 19.1559 15.4615 0.2704479 CC(=O)N1CCN(CCc2ccccc2)CC1 1 0.7860877 0.7861 0.0930457 -5.7200
 | 19.7558 52.9260 8.1392 0.4770718 CC(CS(=O)(=O)c1ccc(N2CCN(C(=O)C=Cc3ccc(F)cc3)CC2)cc1)(C(=O)N1CCc2ccccc21)C(F)(F)F 1 0.2680706 0.2681 0.8490205 -8.8500
 | 11.9380 23.9069 20.5518 0.3473338 CNC(=O)CN1CCN(C(=O)c2ccc(Br)cc2)CC1 1 0.8916322 0.8916 0.1353033 -6.0500
 | 16.3805 26.5366 51.9602 0.6132560 CC(C)(C)c1ccc(Nc2ccc(-c3ccc(C#N)cc3)nc2)cc1 1 0.6748163 0.6748 0.5573116 -7.6800
19:17:00 <INFO> Score: 0.32 Agent NLL: 8.92 Valid:  75% Step: 63
 | Agent Prior Target Score SMILES SMILES_state QED QED (raw) maize maize (raw)
 | 9.4711 23.6501 13.0035 0.2863563 CC(C)C(=O)c1ccccc1C(=O)c1ccccc1 1 0.7763708 0.7764 0.1056195 -5.8300
 | 7.4817 47.6303 -47.6303 0.0000000 CCC(=O)c1ccc(S(=O)(=O)c2ccc(C(C)(C)C)cc2)ccc1 0 0.0000000 0.0000 0.0000000 0.0000
 | 13.3169 24.1840 24.8891 0.3833841 CCN(Cc1ccccc1)CC1CCC(N)CC1 1 0.8650369 0.8650 0.1699157 -6.2600
 | 5.4247 33.6704 44.0662 0.6073178 CCOC(=O)C1=C(c2ccccc2)CCN(CC(=O)C=Cc2ccccc2)C1 1 0.5422369 0.5422 0.6802099 -8.0900
19:17:32 <INFO> Score: 0.47 Agent NLL: 18.05 Valid: 100% Step: 64
 | Agent Prior Target Score SMILES SMILES_state QED QED (raw) maize maize (raw)
 | 6.1122 25.0521 22.6902 0.3729871 CCN(CC)C(=O)c1ccc(-c2ccc(O)c(F)c2)cc1 1 0.9315176 0.9315 0.1493470 -6.1400
 | 18.7384 27.5651 11.4920 0.3051341 CCN=c1cc[nH]cc1-c1ccc(Br)cc1 1 0.8715081 0.8715 0.1068341 -5.8400
 | 29.3047 40.8563 46.5942 0.6832064 CCc1ccc(-c2ccc(C(=O)N3CCC(N(C)C(=O)c4cccnc4)CC3)cc2C#N)cc1 1 0.5686284 0.5686 0.8208717 -8.6900
 | 18.0473 25.4474 39.9331 0.5107853 Cc1cccc(CN=c2[nH]c(=NC3CC3)n3cc[nH]c3c2C(N)=O)c1 1 0.6537768 0.6538 0.3990683 -7.1800
19:17:32 <INFO> Score: 0.48 Agent NLL: 5.16 Valid: 100% Step: 65
 | Agent Prior Target Score SMILES SMILES_state QED QED (raw) maize maize (raw)
 | 6.3567 19.1559 15.4615 0.2704479 CC(=O)N1CCN(CCc2ccccc2)CC1 1 0.7860877 0.7861 0.0930457 -5.7200
 | 3.3438 28.4367 57.5675 0.6719075 CN1CCN(C(=O)c2ccc(NC(=O)c3cc(C(C)(C)C)nn3Cc3ccccc3)cc2)CC1 1 0.6289047 0.6289 0.7178507 -8.2300
 | 5.7676 29.8133 34.4852 0.5023318 Cn1cc(-c2ccc(O)c3ccccc23)cn1 1 0.6897287 0.6897 0.3658500 -7.0700
19:18:08 <INFO> Score: 0.62 Agent NLL: 17.82 Valid: 100% Step: 66
 | Agent Prior Target Score SMILES SMILES_state QED QED (raw) maize maize (raw)
 | 5.0333 28.8754 60.9801 0.7019957 CC(C(=O)c1ccccc1)N1CCN(C(=O)c2ccc(-c3ccccc3)cc2)CC1 1 0.5989681 0.5990 0.8227450 -8.7000
 | 15.6546 20.3869 57.1313 0.6056108 CN1CCN(C(=O)CCNS(=O)(=O)c2ccc(Br)cc2)CC1 1 0.8111097 0.8111 0.4521761 -7.3500
 | 24.7694 38.8335 50.0777 0.6946187 CNC(=O)c1ccc(C2C(=O)CC(c3ccccc3)CN2C(=O)c2ccc(F)cc2)cc1 1 0.6770529 0.6771 0.7126403 -8.2100
 | 25.8105 27.7959 32.9474 0.4745565 O=C(C=CC(=O)c1ccccc1)C=Cc1cccc(C(F)(F)F)c1 1 0.5867232 0.5867 0.3838333 -7.1300
19:18:25 <INFO> Score: 0.58 Agent NLL: 9.33 Valid: 100% Step: 67
 | Agent Prior Target Score SMILES SMILES_state QED QED (raw) maize maize (raw)
 | 7.7783 29.0835 52.5387 0.6376733 CC(=O)SCC(=O)c1ccc(NS(=O)(=O)c2cc(Cl)cc(Cl)c2)cc1 1 0.7096106 0.7096 0.5730288 -7.7300
 | 7.0858 31.3876 35.0482 0.5190297 CCCNc1ccc(C(=O)N2CCC(F)(c3ccc(C#N)cc3)CC2)cc1 1 0.8497787 0.8498 0.3170141 -6.9000
 | 11.1120 21.1721 49.7572 0.5541350 CN(C)c1ccc(C(=O)N2CCN(CCc3ccccc3)CC2)cc1 1 0.8393208 0.8393 0.3658500 -7.0700
 | 11.3538 22.9027 53.3208 0.5954963 Cc1ccc(NS(=O)(=O)c2ccc(C)c(C(=O)N3CCN(C)CC3)c2)cc1 1 0.8751209 0.8751 0.4052193 -7.2000
19:18:44 <INFO> Score: 0.43 Agent NLL: 13.94 Valid: 100% Step: 68
 | Agent Prior Target Score SMILES SMILES_state QED QED (raw) maize maize (raw)
 | 17.3766 44.6066 25.5093 0.5477807 CC(C(=O)c1cccc(F)c1)N1CCN(C(=O)c2ccc(-c3ccc(Cl)cc3)c(Cl)c2)CC1 1 0.4274115 0.4274 0.7020488 -8.1700
 | 12.9448 20.4437 -4.5079 0.1244990 CCOC(=O)CSc1ccccc1N 1 0.4694399 0.4694 0.0330181 -4.8600
 | 3.5674 28.4367 57.5675 0.6719075 CN1CCN(C(=O)c2ccc(NC(=O)c3cc(C(C)(C)C)nn3Cc3ccccc3)cc2)CC1 1 0.6289047 0.6289 0.7178507 -8.2300
 | 21.8540 27.0870 20.3754 0.3708000 Cc1ccc2c(C(=O)NCCCO)cccc2c1 1 0.8091815 0.8092 0.1699157 -6.2600
19:19:07 <INFO> Score: 0.52 Agent NLL: 11.53 Valid: 100% Step: 69
 | Agent Prior Target Score SMILES SMILES_state QED QED (raw) maize maize (raw)
 | 10.5826 20.5896 16.6526 0.2909544 CC(=O)SC(=S)NCCc1ccccc1 1 0.8200807 0.8201 0.1032270 -5.8100
 | 27.4296 37.1583 12.6099 0.3888145 CC(C#CC=CC(=O)CC(=O)OCc1ccccc1)(c1ccccc1)c1ccccc1 1 0.2319490 0.2319 0.6517668 -7.9900
 | 3.5997 28.4367 57.5675 0.6719075 CN1CCN(C(=O)c2ccc(NC(=O)c3cc(C(C)(C)C)nn3Cc3ccccc3)cc2)CC1 1 0.6289047 0.6289 0.7178507 -8.2300
 | 4.4886 21.1904 69.9242 0.7118330 O=C(OCC1CCN(CCc2ccccc2)CC1)c1ccccc1 1 0.7574329 0.7574 0.6689783 -8.0500
19:19:35 <INFO> Score: 0.47 Agent NLL: 11.95 Valid:  75% Step: 70
 | Agent Prior Target Score SMILES SMILES_state QED QED (raw) maize maize (raw)
 | 3.8442 28.9190 52.7032 0.6376733 CC(=O)SCC(=O)c1ccc(NS(=O)(=O)c2cc(Cl)cc(Cl)c2)cc1 1 0.7096106 0.7096 0.5730288 -7.7300
 | 23.2483 53.1408 -53.1408 0.0000000 CC(NC1CCc2ccccc21)C(=O)N1CCN(C(=O)c2ccc(-c3ccc(C(F)(F)F)cc3)on2)CC1 0 0.0000000 0.0000 0.0000000 0.0000
 | 5.4734 29.4326 54.9622 0.6593343 CN1CCN(C(=O)c2cccc(NC(=O)c3cc(C(C)(C)C)nn3Cc3ccccc3)c2)CC1 1 0.6289047 0.6289 0.6912362 -8.1300
 | 15.2527 37.0894 37.2364 0.5806703 CNS(=O)(=O)c1cccc(NC(=O)C(CC(=O)Nc2ccc(Cl)cc2)c2ccccc2)c1 1 0.4614936 0.4615 0.7306232 -8.2800
19:19:53 <INFO> Score: 0.29 Agent NLL: 23.89 Valid:  75% Step: 71
 | Agent Prior Target Score SMILES SMILES_state QED QED (raw) maize maize (raw)
 | 54.0428 68.3762 -68.3762 0.0000000 CCOC(=O)C1C=C2C(C(=O)C(CO)=C(OC)C2(CCC(=O)c2ccccc2)(C)c2ccccc2)C=C(C)CC1 0 0.0000000 0.0000 0.0000000 0.0000
 | 11.2652 21.3694 37.6340 0.4609638 CN1CCN(Cc2ccc(N=c3[nH]cc(C(F)(F)F)cc3Cl)cc2)CC1 1 0.8758914 0.8759 0.2425959 -6.6100
 | 19.0783 24.5294 18.3664 0.3351230 CN1CCN(c2nccc(N(C)c3ccc(F)cc3)n2)CC1 1 0.8677236 0.8677 0.1294277 -6.0100
 | 11.1896 19.6133 24.5061 0.3446827 Cc1ccccc1NC(=O)c1ccccn1 1 0.8310306 0.8310 0.1429625 -6.1000
19:20:12 <INFO> Score: 0.46 Agent NLL: 10.13 Valid: 100% Step: 72
 | Agent Prior Target Score SMILES SMILES_state QED QED (raw) maize maize (raw)
 | 3.8648 28.9190 52.7032 0.6376733 CC(=O)SCC(=O)c1ccc(NS(=O)(=O)c2cc(Cl)cc(Cl)c2)cc1 1 0.7096106 0.7096 0.5730288 -7.7300
 | 14.0623 31.8935 0.1947 0.2506894 CC(CSc1ccccc1)(C(=O)c1ccccc1)C(O)=NO 1 0.2109245 0.2109 0.2979511 -6.8300
 | 10.1962 21.5799 12.2738 0.2644819 CNC(=O)c1cccc(Oc2ccccc2)c1 1 0.8751498 0.8751 0.0799299 -5.5900
 | 12.4143 26.1860 64.0326 0.7048328 CNCc1cccc(C(=O)Nc2ccc(C(C)(C)C)cc2)c1 1 0.8964834 0.8965 0.5541534 -7.6700
19:20:53 <INFO> Score: 0.58 Agent NLL: 13.84 Valid: 100% Step: 73
 | Agent Prior Target Score SMILES SMILES_state QED QED (raw) maize maize (raw)
 | 4.9168 37.8736 39.4394 0.6040074 CC(C(=O)c1ccccc1)N1CCN(C(=O)c2ccc(-c3ccc(Cl)cc3)c(Cl)c2)CC1 1 0.4530146 0.4530 0.8053270 -8.6100
 | 7.4516 28.6915 47.9377 0.5986656 CCOc1cccc(NC(=O)CN2CCN(C(=O)c3ccc(Br)cc3)CC2)c1 1 0.7404737 0.7405 0.4840152 -7.4500
 | 30.2141 40.9184 39.6560 0.6294875 CN1CCN(C=c2ccc(C(=O)O)cc2=CNN=c2[nH]c3ccccc3[nH]2)CC1 1 0.4694764 0.4695 0.8440350 -8.8200
 | 12.7776 27.5724 33.8341 0.4797386 CNC(=O)c1ccc(-c2ccc(NC(=O)c3cccc(F)c3)cc2)s1 1 0.7388399 0.7388 0.3115007 -6.8800
19:20:53 <INFO> Score: 0.38 Agent NLL: 7.85 Valid:  75% Step: 74
 | Agent Prior Target Score SMILES SMILES_state QED QED (raw) maize maize (raw)
 | 16.4957 41.3720 -41.3720 0.0000000 CCOS(=O)(=O)c1cccc(NS(=O)(=O)c2ccccc2)cc1 0 0.0000000 0.0000 0.0000000 0.0000
 | 4.8642 23.4345 36.8982 0.4713494 Cc1cccc(S(=O)(=O)c2ccc(C(C)(C)C)cc2)c1 1 0.8325144 0.8325 0.2668666 -6.7100
 | 5.0593 24.1715 44.7883 0.5387486 Cc1ccccc1NC(=O)CN1CCN(C(=O)c2ccc(Br)cc2)CC1 1 0.8334933 0.8335 0.3482332 -7.0100
 | 4.9868 24.5464 41.8668 0.5188526 Cn1ccnc1C(c1ccccc1)N1CCN(C(=O)c2ccccc2)CC1 1 0.7182741 0.7183 0.3747985 -7.1000
19:21:11 <INFO> Score: 0.55 Agent NLL: 12.47 Valid: 100% Step: 75
 | Agent Prior Target Score SMILES SMILES_state QED QED (raw) maize maize (raw)
 | 8.3560 22.7263 50.7205 0.5738028 CN1CCN(C(=O)c2ccc(=O)n(Cc3ccccc3)c2)CC1 1 0.8577934 0.8578 0.3838333 -7.1300
 | 16.6520 23.6162 9.2581 0.2568301 CN1CCN(c2cnn(-c3ccc(F)cc3)c(=O)c2Cl)CC1 1 0.8449203 0.8449 0.0780686 -5.5700
 | 18.9894 30.8997 51.8985 0.6468613 NC(Cn1cc(-c2ccc(NC(=O)c3cccc(C(F)(F)F)c3)cc2)nn1)c1ccccc1 1 0.4359621 0.4360 0.9597843 -9.9800
 | 5.8993 21.1904 69.9242 0.7118330 O=C(OCC1CCN(CCc2ccccc2)CC1)c1ccccc1 1 0.7574329 0.7574 0.6689783 -8.0500
19:21:51 <INFO> Score: 0.42 Agent NLL: 13.45 Valid: 100% Step: 76
 | Agent Prior Target Score SMILES SMILES_state QED QED (raw) maize maize (raw)
 | 24.1215 43.0567 -14.6427 0.2219847 CC(=O)SC(C(=O)c1ccccc1)=C(CCN1CCOCC1)N(C=O)Cc1ccc(C(F)(F)F)cc1 1 0.2557526 0.2558 0.1926753 -6.3800
 | 11.3499 18.3270 12.0179 0.2370696 CN1CCC(C(=O)c2ccccc2)CC1 1 0.6867991 0.6868 0.0818318 -5.6100
 | 11.2096 25.7677 45.4045 0.5560326 CNC(=O)c1cccc(N=c2ccc(-c3cccnc3)c[nH]2)c1 1 0.7807287 0.7807 0.3960047 -7.1700
 | 7.1200 22.1629 60.8788 0.6487632 O=C(OCc1ccccc1)C1CCN(CCc2ccccc2)CC1 1 0.7595256 0.7595 0.5541534 -7.6700
19:22:13 <INFO> Score: 0.59 Agent NLL: 8.90 Valid: 100% Step: 77
 | Agent Prior Target Score SMILES SMILES_state QED QED (raw) maize maize (raw)
 | 3.8604 28.9190 52.7032 0.6376733 CC(=O)SCC(=O)c1ccc(NS(=O)(=O)c2cc(Cl)cc(Cl)c2)cc1 1 0.7096106 0.7096 0.5730288 -7.7300
 | 10.5948 27.7502 61.9450 0.7007436 CN1CCN(C(=O)c2cccc(C(=O)Nc3ccc(C(C)(C)C)cc3)c2)CC1 1 0.8861113 0.8861 0.5541534 -7.6700
 | 11.0941 29.7168 30.7092 0.4720783 CNC(=O)c1cccc(-n2cnc3c([nH]c4ccccc43)c2=O)c1 1 0.5946074 0.5946 0.3747985 -7.1000
 | 10.0641 31.8034 39.9644 0.5606861 CNS(=O)(=O)c1cccc(NC(=O)c2cccc(OCC(=O)O)c2)c1 1 0.6808961 0.6809 0.4616988 -7.3800
19:22:25 <INFO> Score: 0.42 Agent NLL: 9.28 Valid: 100% Step: 78
 | Agent Prior Target Score SMILES SMILES_state QED QED (raw) maize maize (raw)
 | 4.5800 23.4345 36.8982 0.4713494 Cc1cccc(S(=O)(=O)c2ccc(C(C)(C)C)cc2)c1 1 0.8325144 0.8325 0.2668666 -6.7100
 | 12.9404 21.6471 6.5350 0.2201729 Cn1[nH]c(=Nc2ccccc2)ccc1=O 1 0.7332193 0.7332 0.0661141 -5.4300
 | 4.1874 24.5464 41.8668 0.5188526 Cn1ccnc1C(c1ccccc1)N1CCN(C(=O)c2ccccc2)CC1 1 0.7182741 0.7183 0.3747985 -7.1000
 | 15.4189 28.1531 33.8017 0.4840222 N#Cc1cc(F)cc(-c2ccc(NC(=O)c3ccncc3)cc2)c1 1 0.7934017 0.7934 0.2952824 -6.8200
19:23:08 <INFO> Score: 0.56 Agent NLL: 15.65 Valid: 100% Step: 79
 | Agent Prior Target Score SMILES SMILES_state QED QED (raw) maize maize (raw)
 | 8.4854 22.6601 6.4759 0.2276250 CC(=O)SCC(=O)c1ccc(C#N)cc1 1 0.7296209 0.7296 0.0710138 -5.4900
 | 26.4320 44.8200 34.1928 0.6172869 CC(C(=O)N=c1ccc(C(=O)Nc2cccnc2)c[nH]1)C(=O)c1cccc(F)c1 1 0.5145238 0.5145 0.7405742 -8.3200
 | 11.9292 26.1295 60.8456 0.6794932 CCOc1ccccc1NC(=O)CNc1ccc(C(=O)N2CCOCC2)cc1 1 0.7683252 0.7683 0.6009317 -7.8200
 | 15.7416 34.9035 58.9031 0.7328642 CC(C)(C)c1ccc(NC(=O)c2ccc(=NC(=O)c3cccc(C#N)c3)[nH]c2)cc1 1 0.6923850 0.6924 0.7757099 -8.4700
19:23:20 <INFO> Score: 0.53 Agent NLL: 9.72 Valid: 100% Step: 80
 | Agent Prior Target Score SMILES SMILES_state QED QED (raw) maize maize (raw)
 | 7.0281 36.9542 49.9032 0.6785732 CCOC(=O)CC1CC2C(c3ccccc3)C(c3ccccc3)NC(=O)N2C1 1 0.8035575 0.8036 0.5730288 -7.7300
 | 14.9258 27.1321 16.2280 0.3387510 Cc1c(CN2CCN(C)CC2)cccc1-n1cccc1 1 0.8481116 0.8481 0.1353033 -6.0500
 | 13.0016 25.4164 33.5405 0.4606009 CN1CCN(Cc2ncccc2Cc2ccccc2)CC1 1 0.8577819 0.8578 0.2473276 -6.6300
 | 3.9162 21.0584 59.6327 0.6303989 Cc1ccccc1C(=O)N1CCN(CCc2ccccc2)CC1 1 0.8667056 0.8667 0.4585211 -7.3700
19:23:20 <INFO> Score: 0.61 Agent NLL: 4.68 Valid: 100% Step: 81
 | Agent Prior Target Score SMILES SMILES_state QED QED (raw) maize maize (raw)
 | 4.0296 28.9190 52.7032 0.6376733 CC(=O)SCC(=O)c1ccc(NS(=O)(=O)c2cc(Cl)cc(Cl)c2)cc1 1 0.7096106 0.7096 0.5730288 -7.7300
 | 4.8507 28.8179 48.8221 0.6065624 CNC(=O)c1cccc(N=c2cccc(-c3ccncc3)[nH]2)c1 1 0.7807287 0.7807 0.4712494 -7.4100
 | 5.2412 22.2952 51.9383 0.5799486 Cc1ccccc1CCNC(=O)C1CCC(=O)N(C2CC2)C1 1 0.9046131 0.9046 0.3718058 -7.0900
 | 4.5825 21.7941 56.0296 0.6079977 O=C(C=Cc1ccc(C(F)(F)F)cc1)N1CCC(Cc2ccccc2)CC1 1 0.6747811 0.6748 0.5478239 -7.6500
19:23:37 <INFO> Score: 0.44 Agent NLL: 10.53 Valid: 100% Step: 82
 | Agent Prior Target Score SMILES SMILES_state QED QED (raw) maize maize (raw)
 | 16.6488 24.8107 -2.2185 0.1765013 CC(=O)SC(=S)C=Cc1ccccc1 1 0.5642777 0.5643 0.0552081 -5.2800
 | 4.0034 28.9190 52.7032 0.6376733 CC(=O)SCC(=O)c1ccc(NS(=O)(=O)c2cc(Cl)cc(Cl)c2)cc1 1 0.7096106 0.7096 0.5730288 -7.7300
 | 17.4950 37.1668 15.1164 0.4084624 CC(C=CC(=O)N=c1[nH]ccs1)(C(=O)c1ccccc1)C(F)(F)F 1 0.6745771 0.6746 0.2473276 -6.6300
 | 3.9750 24.5464 41.8668 0.5188526 Cn1ccnc1C(c1ccccc1)N1CCN(C(=O)c2ccccc2)CC1 1 0.7182741 0.7183 0.3747985 -7.1000
19:24:01 <INFO> Score: 0.55 Agent NLL: 8.63 Valid: 100% Step: 83
 | Agent Prior Target Score SMILES SMILES_state QED QED (raw) maize maize (raw)
 | 6.3775 29.0835 52.5387 0.6376733 CC(=O)SCC(=O)c1ccc(NS(=O)(=O)c2cc(Cl)cc(Cl)c2)cc1 1 0.7096106 0.7096 0.5730288 -7.7300
 | 3.6014 28.8754 60.9801 0.7019957 CC(C(=O)c1ccccc1)N1CCN(C(=O)c2ccc(-c3ccccc3)cc2)CC1 1 0.5989681 0.5990 0.8227450 -8.7000
 | 19.3955 25.9763 36.8971 0.4911980 CCOC(=O)c1cc[nH]c(=NC(=O)Cc2ccccc2)c1 1 0.8710425 0.8710 0.2769962 -6.7500
 | 5.1282 28.2177 20.0599 0.3771693 Cn1ccnc1C(c1ccccc1)N1CCN(C(=O)c2cccnc2)CC1 1 0.7158820 0.7159 0.1987153 -6.4100
19:24:22 <INFO> Score: 0.60 Agent NLL: 13.35 Valid: 100% Step: 84
 | Agent Prior Target Score SMILES SMILES_state QED QED (raw) maize maize (raw)
 | 5.2307 26.6314 76.3600 0.8046201 CN1CCN(C(=O)c2ccc(C(=O)Nc3ccc(C(C)(C)C)cc3)cc2)CC1 1 0.8861113 0.8861 0.7306232 -8.2800
 | 4.5209 28.8179 48.8221 0.6065624 CNC(=O)c1cccc(N=c2cccc(-c3ccncc3)[nH]2)c1 1 0.7807287 0.7807 0.4712494 -7.4100
 | 30.1293 38.9021 34.5692 0.5739945 O=C(CC(SCc1ccccc1)C(=O)Nc1ccc(Cl)cc1)NCCOc1ccccc1 1 0.3810233 0.3810 0.8646967 -8.9500
 | 13.5020 33.5104 17.3494 0.3973424 O=C(OCc1ccc(CO)cc1)c1ccnc2ncnn12 1 0.7180638 0.7181 0.2198704 -6.5100
19:24:49 <INFO> Score: 0.65 Agent NLL: 8.09 Valid: 100% Step: 85
 | Agent Prior Target Score SMILES SMILES_state QED QED (raw) maize maize (raw)
 | 3.2634 28.8754 60.9801 0.7019957 CC(C(=O)c1ccccc1)N1CCN(C(=O)c2ccc(-c3ccccc3)cc2)CC1 1 0.5989681 0.5990 0.8227450 -8.7000
 | 5.2272 26.6314 76.3600 0.8046201 CN1CCN(C(=O)c2ccc(C(=O)Nc3ccc(C(C)(C)C)cc3)cc2)CC1 1 0.8861113 0.8861 0.7306232 -8.2800
 | 13.8738 35.6731 51.5277 0.6812564 CC(C)(C)c1ccc(NC(=O)c2ccc(=NC(=O)C=Cc3cccnc3)[nH]c2)cc1 1 0.6465275 0.6465 0.7178507 -8.2300
 | 9.9850 19.9251 33.8003 0.4197295 O=C(O)CCc1ccc(OCc2ccccc2F)cc1 1 0.8775294 0.8775 0.2007600 -6.4200
19:25:18 <INFO> Score: 0.51 Agent NLL: 7.60 Valid: 100% Step: 86
 | Agent Prior Target Score SMILES SMILES_state QED QED (raw) maize maize (raw)
 | 3.1620 28.8754 60.9801 0.7019957 CC(C(=O)c1ccccc1)N1CCN(C(=O)c2ccc(-c3ccccc3)cc2)CC1 1 0.5989681 0.5990 0.8227450 -8.7000
 | 12.5964 17.1101 0.6352 0.1386351 CN1C(=O)CN=C(c2ccccc2)c2ccccc21 1 0.7650423 0.7650 0.0251224 -4.6400
 | 10.4820 30.9140 29.2375 0.4699338 O=C(C=Cc1ccc(C(=O)c2ccccc2)cc1)NC1CC(CO)C(O)C(O)C1O 1 0.3482422 0.3482 0.6341499 -7.9300
 | 4.1556 21.1904 69.9242 0.7118330 O=C(OCC1CCN(CCc2ccccc2)CC1)c1ccccc1 1 0.7574329 0.7574 0.6689783 -8.0500
19:25:54 <INFO> Score: 0.50 Agent NLL: 9.53 Valid: 100% Step: 87
 | Agent Prior Target Score SMILES SMILES_state QED QED (raw) maize maize (raw)
 | 3.0653 28.8754 60.9801 0.7019957 CC(C(=O)c1ccccc1)N1CCN(C(=O)c2ccc(-c3ccccc3)cc2)CC1 1 0.5989681 0.5990 0.8227450 -8.7000
 | 9.8783 39.9136 26.4455 0.5184307 CCOC(=O)C=Cc1cccc(C(=O)N=c2ccc(C(=O)Nc3ccc(C(C)(C)C)cc3)c[nH]2)c1 1 0.3951286 0.3951 0.6802099 -8.0900
 | 12.6054 24.9734 28.5050 0.4178001 CCOc1ccc(Br)cc1C(=O)N1CCCc2ccccc21 1 0.8099586 0.8100 0.2155134 -6.4900
 | 12.5777 20.4794 26.7886 0.3692813 O=C(c1ccccc1F)N1CCN(c2ccc(Cl)cc2)CC1 1 0.8465696 0.8466 0.1610838 -6.2100
19:26:15 <INFO> Score: 0.64 Agent NLL: 7.21 Valid: 100% Step: 88
 | Agent Prior Target Score SMILES SMILES_state QED QED (raw) maize maize (raw)
 | 3.7391 28.9190 52.7032 0.6376733 CC(=O)SCC(=O)c1ccc(NS(=O)(=O)c2cc(Cl)cc(Cl)c2)cc1 1 0.7096106 0.7096 0.5730288 -7.7300
 | 12.2607 24.1928 52.5279 0.5993810 CNC(=O)c1ccc(N=c2[nH]c(-c3ccc(O)cc3)cs2)cc1 1 0.6919728 0.6920 0.5191787 -7.5600
 | 8.1052 26.9766 66.3723 0.7292878 COc1cccc(NC(=O)c2ccc(C(=O)Nc3ccc(C(C)(C)C)cc3)cc2)c1 1 0.5923047 0.5923 0.8979511 -9.2000
 | 4.7210 22.2952 51.9383 0.5799486 Cc1ccccc1CCNC(=O)C1CCC(=O)N(C2CC2)C1 1 0.9046131 0.9046 0.3718058 -7.0900
19:26:29 <INFO> Score: 0.56 Agent NLL: 10.84 Valid: 100% Step: 89
 | Agent Prior Target Score SMILES SMILES_state QED QED (raw) maize maize (raw)
 | 4.2431 29.4096 64.6859 0.7351211 Cc1ccccc1CCNC(=O)CC(N)Cc1ccccc1F 1 0.8254654 0.8255 0.6546646 -8.0000
 | 16.8378 28.8587 26.2462 0.4305071 N#Cc1cccc(=NC(=O)C=Cc2cccnc2)[nH]1 1 0.8181767 0.8182 0.2265237 -6.5400
 | 17.4131 22.3261 34.2222 0.4417831 O=C(O)c1ccc(C(=O)NNC(=O)c2ccncc2)cc1 1 0.7245329 0.7245 0.2693768 -6.7200
 | 4.8547 22.1629 60.8788 0.6487632 O=C(OCc1ccccc1)C1CCN(CCc2ccccc2)CC1 1 0.7595256 0.7595 0.5541534 -7.6700
19:26:49 <INFO> Score: 0.61 Agent NLL: 12.99 Valid: 100% Step: 90
 | Agent Prior Target Score SMILES SMILES_state QED QED (raw) maize maize (raw)
 | 29.7485 43.9926 20.8480 0.5065676 CC(C(=O)c1cccc(F)c1)C(c1ccc(C(=O)c2ccccc2)cc1)c1ccco1 1 0.3347030 0.3347 0.7666819 -8.4300
 | 4.0087 33.6704 44.0662 0.6073178 CCOC(=O)C1=C(c2ccccc2)CCN(CC(=O)C=Cc2ccccc2)C1 1 0.5422369 0.5422 0.6802099 -8.0900
 | 4.1107 25.7677 45.4045 0.5560326 CNC(=O)c1cccc(N=c2ccc(-c3cccnc3)c[nH]2)c1 1 0.7807287 0.7807 0.3960047 -7.1700
 | 14.0744 38.5371 58.6561 0.7593222 CNS(=O)(=O)c1cccc(NC(=O)c2cccc(C(=O)CSC(C)=O)c2)c1 1 0.6831117 0.6831 0.8440350 -8.8200
19:27:06 <INFO> Score: 0.59 Agent NLL: 9.34 Valid: 100% Step: 91
 | Agent Prior Target Score SMILES SMILES_state QED QED (raw) maize maize (raw)
 | 3.8314 25.7677 45.4045 0.5560326 CNC(=O)c1cccc(N=c2ccc(-c3cccnc3)c[nH]2)c1 1 0.7807287 0.7807 0.3960047 -7.1700
 | 13.6324 31.3261 37.0109 0.5338827 Cc1[nH]c(SC2CCCC2)nc1Cc1ccccc1Cl 1 0.8610637 0.8611 0.3310217 -6.9500
 | 4.8004 22.2952 51.9383 0.5799486 Cc1ccccc1CCNC(=O)C1CCC(=O)N(C2CC2)C1 1 0.9046131 0.9046 0.3718058 -7.0900
 | 15.1125 28.1076 59.7120 0.6860908 NC(=O)c1cccc(NC(=O)c2ccc(NC(=O)c3ccncc3)cc2)c1 1 0.6487701 0.6488 0.7255584 -8.2600
19:27:13 <INFO> Score: 0.54 Agent NLL: 7.87 Valid: 100% Step: 92
 | Agent Prior Target Score SMILES SMILES_state QED QED (raw) maize maize (raw)
 | 3.8202 28.9190 52.7032 0.6376733 CC(=O)SCC(=O)c1ccc(NS(=O)(=O)c2cc(Cl)cc(Cl)c2)cc1 1 0.7096106 0.7096 0.5730288 -7.7300
 | 17.4657 25.8977 -10.6859 0.1188422 CCN(CCO)c1cncc(Cl)n1 1 0.7882804 0.7883 0.0179168 -4.3700
 | 5.4652 26.6314 76.3600 0.8046201 CN1CCN(C(=O)c2ccc(C(=O)Nc3ccc(C(C)(C)C)cc3)cc2)CC1 1 0.8861113 0.8861 0.7306232 -8.2800
 | 4.7481 22.2952 51.9383 0.5799486 Cc1ccccc1CCNC(=O)C1CCC(=O)N(C2CC2)C1 1 0.9046131 0.9046 0.3718058 -7.0900
19:27:58 <INFO> Score: 0.57 Agent NLL: 13.72 Valid: 100% Step: 93
 | Agent Prior Target Score SMILES SMILES_state QED QED (raw) maize maize (raw)
 | 14.9233 42.8483 12.6717 0.4337501 CC(C(=O)c1cccc(F)c1)C(N)CC(=O)N1CCOC(C(F)(F)F)C1 1 0.6314431 0.6314 0.2979511 -6.8300
 | 10.9981 32.2330 46.5094 0.6151752 CN(Cc1ccccc1)C1CCN(C(=O)c2ccc(-c3ccc(Cl)cc3)c(Cl)c2)CC1 1 0.4466042 0.4466 0.8473734 -8.8400
 | 19.2842 23.3000 51.4258 0.5837949 O=C(O)CC(NC(=O)CNC(=O)c1cccc(C(F)(F)F)c1)c1ccccc1 1 0.6730240 0.6730 0.5063957 -7.5200
 | 9.6723 31.9659 50.5114 0.6443536 O=C(OCc1ccc(CO)cc1)c1ccnn1CCc1ccccc1 1 0.6738299 0.6738 0.6161667 -7.8700
19:28:40 <INFO> Score: 0.39 Agent NLL: 13.65 Valid: 100% Step: 94
 | Agent Prior Target Score SMILES SMILES_state QED QED (raw) maize maize (raw)
 | 17.7090 52.1312 -3.6116 0.3790597 CN(C)C(=O)c1ccc(NC(=O)C(C)(Cc2ccccc2)C(=O)c2cccc(C=Cc3ccc(F)cc3)c2)cc1 1 0.1464453 0.1464 0.9811603 -10.5900
 | 15.5327 30.5598 -16.8499 0.1071087 CCOC(=O)C1C(=N)n2cccc2Nc2ccccc21 1 0.8236487 0.8236 0.0139286 -4.1700
 | 3.3614 25.7677 45.4045 0.5560326 CNC(=O)c1cccc(N=c2ccc(-c3cccnc3)c[nH]2)c1 1 0.7807287 0.7807 0.3960047 -7.1700
 | 18.0108 27.9782 39.4511 0.5267913 O=C(Nc1cccc(CN2CC(F)CC(C(=O)O)C2)c1)c1cccc(C(F)(F)F)c1 1 0.7062214 0.7062 0.3929490 -7.1600
19:29:18 <INFO> Score: 0.57 Agent NLL: 15.17 Valid: 100% Step: 95
 | Agent Prior Target Score SMILES SMILES_state QED QED (raw) maize maize (raw)
 | 3.3521 25.7677 45.4045 0.5560326 CNC(=O)c1cccc(N=c2ccc(-c3cccnc3)c[nH]2)c1 1 0.7807287 0.7807 0.3960047 -7.1700
 | 24.3223 38.1206 20.1493 0.4552335 COC(=O)C(=Cc1cccc(OCc2ccccc2)c1)C(=O)Nc1ccccc1C(=O)N1CCOCC1 1 0.2180304 0.2180 0.9504986 -9.8100
 | 4.3655 22.2952 51.9383 0.5799486 Cc1ccccc1CCNC(=O)C1CCC(=O)N(C2CC2)C1 1 0.9046131 0.9046 0.3718058 -7.0900
 | 28.6262 41.4987 46.2107 0.6852303 CN1CCN(CC(N=c2ccc(C(=O)N=c3[nH]cc(F)s3)c[nH]2)c2ccccc2)CC1 1 0.6382846 0.6383 0.7356288 -8.3000
19:30:02 <INFO> Score: 0.55 Agent NLL: 12.83 Valid: 100% Step: 96
 | Agent Prior Target Score SMILES SMILES_state QED QED (raw) maize maize (raw)
 | 13.6135 39.2443 39.8188 0.6176801 Cc1cc(C(C)C(=O)NCc2cccc(C(F)(F)F)c2)ccc1NCCc1ccccc1 1 0.4451716 0.4452 0.8570375 -8.9000
 | 17.7115 35.4671 39.8360 0.5883058 N#CCOc1ccccc1N1CCN(CC=CCNC(=O)C=Cc2cccnc2)CC1 1 0.4987375 0.4987 0.6939598 -8.1400
 | 11.0126 18.0954 24.9680 0.3364322 O=C(O)c1ccc(C(=O)c2ccccc2)cc1 1 0.8182685 0.8183 0.1383246 -6.0700
 | 8.9950 32.3580 49.5725 0.6400820 CC(C)(C)c1ccc(NC(=O)c2ccc(=NC(=O)c3cccc(F)c3)[nH]c2)cc1 1 0.6924274 0.6924 0.5916938 -7.7900
19:30:34 <INFO> Score: 0.60 Agent NLL: 7.45 Valid: 100% Step: 97
 | Agent Prior Target Score SMILES SMILES_state QED QED (raw) maize maize (raw)
 | 11.3845 27.5950 56.7076 0.6586136 CN1CCN(Cc2ccc(NC(=O)c3cccc(C(=O)Nc4ccc(C(C)(C)C)cc4)c3)cc2)CC1 1 0.5025202 0.5025 0.8631930 -8.9400
 | 9.3625 37.5477 39.7388 0.6038010 CNS(=O)(=O)c1cccc(NC(=O)c2cccc(N=c3ccc(-c4cccnc4)c[nH]3)c2)c1 1 0.4093136 0.4093 0.8907000 -9.1400
 | 4.2431 24.1715 44.7883 0.5387486 Cc1ccccc1NC(=O)CN1CCN(C(=O)c2ccc(Br)cc2)CC1 1 0.8334933 0.8335 0.3482332 -7.0100
 | 4.8183 34.7615 41.8589 0.5985974 O=C(O)CCC(c1ccccc1Cl)N1CCN(C(=O)c2ccc(-c3ccccc3)cc2)CC1 1 0.5123481 0.5123 0.6993661 -8.1600
19:30:51 <INFO> Score: 0.63 Agent NLL: 8.33 Valid: 100% Step: 98
 | Agent Prior Target Score SMILES SMILES_state QED QED (raw) maize maize (raw)
 | 8.2226 20.3869 57.1313 0.6056108 CN1CCN(C(=O)CCNS(=O)(=O)c2ccc(Br)cc2)CC1 1 0.8111097 0.8111 0.4521761 -7.3500
 | 5.6542 28.7916 53.2906 0.6412668 CN1CCN(Cc2noc(CN(C)Cc3cccc(C(F)(F)F)c3)n2)CC1 1 0.7639275 0.7639 0.5383012 -7.6200
 | 11.4404 26.6556 49.6838 0.5964015 CNCc1cccc(N=c2ccc(-c3cccnc3)c[nH]2)c1 1 0.7757434 0.7757 0.4585211 -7.3700
 | 7.9988 31.7274 56.3930 0.6884401 CC(=O)SCC(=O)c1cccc(C(=O)Nc2ccccc2C)c1 1 0.8504215 0.8504 0.5573116 -7.6800
19:31:05 <INFO> Score: 0.64 Agent NLL: 7.06 Valid: 100% Step: 99
 | Agent Prior Target Score SMILES SMILES_state QED QED (raw) maize maize (raw)
 | 7.1638 25.3761 54.6742 0.6253935 CC(NCc1cccc(Cn2ccnc2)c1)c1ccccc1 1 0.7487338 0.7487 0.5223714 -7.5700
 | 9.6851 28.4506 71.7331 0.7826849 Cc1ccccc1CCNC(=O)C1CCN(C(=O)c2cccnc2)CC1 1 0.9005980 0.9006 0.6802099 -8.0900
 | 6.2807 21.5362 41.8889 0.4955087 O=C(O)CN1C(=O)C(=Cc2ccccc2OCc2ccccc2)SC1=S 1 0.6059161 0.6059 0.4052193 -7.2000
 | 5.1006 31.9659 50.5114 0.6443536 O=C(OCc1ccc(CO)cc1)c1ccnn1CCc1ccccc1 1 0.6738299 0.6738 0.6161667 -7.8700
19:31:35 <INFO> Score: 0.61 Agent NLL: 8.38 Valid: 100% Step: 100
 | Agent Prior Target Score SMILES SMILES_state QED QED (raw) maize maize (raw)
 | 19.0925 30.4109 35.7075 0.5165499 CC(C=CC=Cc1ccccc1)=CC(=O)c1ccccc1C(=O)O 1 0.4734158 0.4734 0.5636140 -7.7000
 | 3.4433 22.7263 50.7205 0.5738028 CN1CCN(C(=O)c2ccc(=O)n(Cc3ccccc3)c2)CC1 1 0.8577934 0.8578 0.3838333 -7.1300
 | 6.0854 28.1076 59.7120 0.6860908 NC(=O)c1cccc(NC(=O)c2ccc(NC(=O)c3ccncc3)cc2)c1 1 0.6487701 0.6488 0.7255584 -8.2600
 | 4.8973 22.1629 60.8788 0.6487632 O=C(OCc1ccccc1)C1CCN(CCc2ccccc2)CC1 1 0.7595256 0.7595 0.5541534 -7.6700
19:32:05 <INFO> Score: 0.58 Agent NLL: 11.26 Valid: 100% Step: 101
 | Agent Prior Target Score SMILES SMILES_state QED QED (raw) maize maize (raw)
 | 15.5321 41.2145 30.4297 0.5597200 CCN(CCO)C(=O)C(CO)NC(=O)c1cccc(C(=O)c2ccccc2)c1 1 0.5558529 0.5559 0.5636140 -7.7000
 | 9.2702 32.9385 38.9448 0.5615880 CCN(CCO)C(=O)c1cccc(N=c2ccc(-c3cccnc3)c[nH]2)c1 1 0.7073758 0.7074 0.4458466 -7.3300
 | 4.3335 51.7487 28.8257 0.6294875 CN1CCN(C=c2ccc(C(=O)O)cc2=CNN=c2[nH]c3ccccc3[nH]2)CC1 1 0.4694764 0.4695 0.8440350 -8.8200
 | 15.8896 27.1344 47.3928 0.5822433 O=C(OCc1ccccc1F)C1(c2ccccc2)CCN(CCc2ccccc2)CC1 1 0.4983863 0.4984 0.6802099 -8.0900
19:32:24 <INFO> Score: 0.42 Agent NLL: 12.18 Valid: 100% Step: 102
 | Agent Prior Target Score SMILES SMILES_state QED QED (raw) maize maize (raw)
 | 3.6600 22.7263 50.7205 0.5738028 CN1CCN(C(=O)c2ccc(=O)n(Cc3ccccc3)c2)CC1 1 0.8577934 0.8578 0.3838333 -7.1300
 | 17.1294 30.5786 -8.1571 0.1751676 CN=c1ccc(C#CC(=O)c2cccnc2)c[nH]1 1 0.5976720 0.5977 0.0513387 -5.2200
 | 10.1398 19.7567 5.2782 0.1955851 O=C(O)CN1C(=O)C(=Cc2ccccc2O)SC1=S 1 0.6523358 0.6523 0.0586408 -5.3300
 | 17.7752 31.6238 63.2827 0.7414569 CN(C(=O)c1cccnc1)C1CCN(C(=O)c2cccc3ccccc23)CC1 1 0.7047014 0.7047 0.7801296 -8.4900
19:32:56 <INFO> Score: 0.54 Agent NLL: 12.24 Valid: 100% Step: 103
 | Agent Prior Target Score SMILES SMILES_state QED QED (raw) maize maize (raw)
 | 18.4100 43.7319 26.9984 0.5525804 CC(C)(C)c1ccc(NC(=O)c2ccc(=NC(=O)C(C)(C)C(C#N)C#N)[nH]c2)cc1 1 0.8082173 0.8082 0.3778008 -7.1100
 | 17.7152 26.7860 63.0464 0.7018156 CN1CCN(CCN=c2cc(N3CCOCC3)[nH]c3ccccc23)CC1 1 0.8939264 0.8939 0.5509906 -7.6600
 | 8.4070 18.8266 16.3411 0.2747472 Cc1cccc(NC(=O)c2ccccc2)c1 1 0.8112788 0.8113 0.0930457 -5.7200
 | 4.4274 21.0584 59.6327 0.6303989 Cc1ccccc1C(=O)N1CCN(CCc2ccccc2)CC1 1 0.8667056 0.8667 0.4585211 -7.3700
19:33:11 <INFO> Score: 0.46 Agent NLL: 12.22 Valid: 100% Step: 104
 | Agent Prior Target Score SMILES SMILES_state QED QED (raw) maize maize (raw)
 | 9.9795 26.2227 33.6630 0.4678571 CNCc1cccc(NC(=O)c2cccc(F)c2)c1 1 0.8850215 0.8850 0.2473276 -6.6300
 | 18.8928 28.6972 11.0468 0.3105006 NC(=O)c1c(N)ccc(-c2ccc(Cl)cc2)c1-c1ccc(F)cc1 1 0.6893547 0.6894 0.1398563 -6.0800
 | 15.2803 33.5896 31.3904 0.5076568 O=C(OCc1ccc(CO)cc1)c1ccnn1-c1ccccc1Cl 1 0.7219057 0.7219 0.3569932 -7.0400
 | 4.7129 23.6457 47.4926 0.5557676 O=C(c1ccccc1)N1CCN(Cc2cnc3ccccc3n2)CC1 1 0.7396333 0.7396 0.4176091 -7.2400
19:33:19 <INFO> Score: 0.53 Agent NLL: 7.45 Valid: 100% Step: 105
 | Agent Prior Target Score SMILES SMILES_state QED QED (raw) maize maize (raw)
 | 14.1367 25.7070 31.6561 0.4481493 CC(C)(C)C(=O)N=c1ccc(C(=O)c2ccccc2)c[nH]1 1 0.8607893 0.8608 0.2333182 -6.5700
 | 4.1470 51.7487 28.8257 0.6294875 CN1CCN(C=c2ccc(C(=O)O)cc2=CNN=c2[nH]c3ccccc3[nH]2)CC1 1 0.4694764 0.4695 0.8440350 -8.8200
 | 4.6414 28.8179 48.8221 0.6065624 CNC(=O)c1cccc(N=c2cccc(-c3ccncc3)[nH]2)c1 1 0.7807287 0.7807 0.4712494 -7.4100
 | 6.8559 19.9251 33.8003 0.4197295 O=C(O)CCc1ccc(OCc2ccccc2F)cc1 1 0.8775294 0.8775 0.2007600 -6.4200
19:33:28 <INFO> Score: 0.54 Agent NLL: 8.29 Valid: 100% Step: 106
 | Agent Prior Target Score SMILES SMILES_state QED QED (raw) maize maize (raw)
 | 17.2306 29.0296 29.8181 0.4597482 CC(=O)c1cccc(C(=O)N2CCN(C)c3ccccc32)c1 1 0.7995138 0.7995 0.2643712 -6.7000
 | 4.1174 51.7487 28.8257 0.6294875 CN1CCN(C=c2ccc(C(=O)O)cc2=CNN=c2[nH]c3ccccc3[nH]2)CC1 1 0.4694764 0.4695 0.8440350 -8.8200
 | 5.9887 27.1344 47.3928 0.5822433 O=C(OCc1ccccc1F)C1(c2ccccc2)CCN(CCc2ccccc2)CC1 1 0.4983863 0.4984 0.6802099 -8.0900
 | 5.8231 24.6927 36.5905 0.4787755 O=C(OCc1ccccc1F)c1ccnc2ccccc12 1 0.6865918 0.6866 0.3338606 -6.9600
19:34:12 <INFO> Score: 0.54 Agent NLL: 10.34 Valid: 100% Step: 107
 | Agent Prior Target Score SMILES SMILES_state QED QED (raw) maize maize (raw)
 | 7.0320 43.7293 41.1888 0.6634227 CC(C(=O)N=c1ccc(C(=O)N=c2ccc(F)c[nH]2)c[nH]1)C(=O)c1cccc(F)c1 1 0.5089989 0.5090 0.8646967 -8.9500
 | 21.1530 62.2821 -7.9653 0.4243500 Cc1nn(C)c(C)c1NC(=O)c1ncc(NC(=O)c2ccc(=NC(=O)C(C)C(=O)c3cccc(F)c3)[nH]c2)c2ccccc12 1 0.1867121 0.1867 0.9644416 -10.0800
 | 9.2539 18.5417 37.6844 0.4392663 CN1CCN(CCOc2ccccc2-c2ccccc2)CC1 1 0.8434344 0.8434 0.2287729 -6.5500
 | 3.9233 21.0584 59.6327 0.6303989 Cc1ccccc1C(=O)N1CCN(CCc2ccccc2)CC1 1 0.8667056 0.8667 0.4585211 -7.3700
19:35:09 <INFO> Score: 0.59 Agent NLL: 17.06 Valid: 100% Step: 108
 | Agent Prior Target Score SMILES SMILES_state QED QED (raw) maize maize (raw)
 | 19.8796 52.1185 34.8870 0.6797300 CC(C(=O)N=c1ccc(C(=O)N(C)Cc2ccccc2)c[nH]1)C(CF)c1cccc(F)c1 1 0.6008525 0.6009 0.7689623 -8.4400
 | 34.9072 57.7202 23.0575 0.6310759 CCC(=O)c1c[nH]c(=NC(=O)C(C)CC(=O)C(CC(=O)c2ccccc2)c2cccnc2)s1 1 0.4545120 0.4545 0.8762293 -9.0300
 | 5.0786 33.6704 44.0662 0.6073178 CCOC(=O)C1=C(c2ccccc2)CCN(CC(=O)C=Cc2ccccc2)C1 1 0.5422369 0.5422 0.6802099 -8.0900
 | 8.3928 18.5417 37.6844 0.4392663 CN1CCN(CCOc2ccccc2-c2ccccc2)CC1 1 0.8434344 0.8434 0.2287729 -6.5500
19:35:38 <INFO> Score: 0.58 Agent NLL: 14.77 Valid: 100% Step: 109
 | Agent Prior Target Score SMILES SMILES_state QED QED (raw) maize maize (raw)
 | 11.3861 25.6424 66.1084 0.7168026 CC(C)(C)c1ccc(NC(=O)c2cnc(=NCCc3ccccc3)[nH]c2)cc1 1 0.7056822 0.7057 0.7280983 -8.2700
 | 18.8685 32.1690 5.1259 0.2913664 CCOC(=O)c1ccc(C#CC(=O)CSc2ccccc2)cc1 1 0.4789392 0.4789 0.1772550 -6.3000
 | 4.7212 28.8179 48.8221 0.6065624 CNC(=O)c1cccc(N=c2cccc(-c3ccncc3)[nH]2)c1 1 0.7807287 0.7807 0.4712494 -7.4100
 | 24.1181 50.4205 37.8924 0.6899444 O=C(OCc1ccccc1F)c1cccc(N=C2NC3SCCC(=O)C3C2c2ccccc2)c1 1 0.5119490 0.5119 0.9298255 -9.5200
19:35:50 <INFO> Score: 0.54 Agent NLL: 9.41 Valid: 100% Step: 110
 | Agent Prior Target Score SMILES SMILES_state QED QED (raw) maize maize (raw)
 | 20.5578 27.8385 8.6214 0.2848430 CN1CCN(CC=CC(=O)N(C)c2ccccc2)CC1 1 0.7770318 0.7770 0.1044173 -5.8200
 | 4.2172 24.8865 63.7948 0.6928225 CN1CCN(Cc2ccc(NC(=O)c3cc(C(C)(C)C)nn3Cc3ccccc3)cc2)CC1 1 0.6170280 0.6170 0.7779274 -8.4800
 | 3.4459 21.0584 59.6327 0.6303989 Cc1ccccc1C(=O)N1CCN(CCc2ccccc2)CC1 1 0.8667056 0.8667 0.4585211 -7.3700
19:36:12 <INFO> Score: 0.49 Agent NLL: 5.82 Valid: 100% Step: 111
 | Agent Prior Target Score SMILES SMILES_state QED QED (raw) maize maize (raw)
 | 6.3128 18.0756 17.9957 0.2818072 CN1CCN(CC(=O)c2ccccc2)CC1 1 0.7102336 0.7102 0.1118158 -5.8800
 | 6.0270 40.4565 38.6407 0.6179470 Cc1ccc(F)cc1C(=O)c1ccccc1C(=O)C1CCN(CCOc2ccccc2)CC1 1 0.4393602 0.4394 0.8691241 -8.9800
 | 7.3000 21.1127 28.9144 0.3908372 Cc1ccccc1C(=O)N1CCc2ccccc21 1 0.7455159 0.7455 0.2048966 -6.4400
 | 3.6247 27.4709 55.8029 0.6505765 O=C(OCc1ccc(CO)cc1)c1ccnc2ccccc12 1 0.7509569 0.7510 0.5636140 -7.7000
19:36:35 <INFO> Score: 0.49 Agent NLL: 10.14 Valid: 100% Step: 112
 | Agent Prior Target Score SMILES SMILES_state QED QED (raw) maize maize (raw)
 | 5.4511 60.0709 21.1020 0.6341635 CC1=C(CC(=O)N=c2[nH]ccs2)C(=O)C(CN2CCOCC2)CC1=Cc1ccc(C#CCn2cccc2)cc1 1 0.4784028 0.4784 0.8406374 -8.8000
 | 9.5848 29.5398 17.9659 0.3711379 CCNc1ccc(C(=O)N2CCC(F)(c3ccc(C#N)cc3)CC2)cc1 1 0.9024858 0.9025 0.1526266 -6.1600
 | 17.0904 33.4946 15.9449 0.3862455 N#CC=CCN1CCC(NC(=O)c2cccc(C(F)(F)F)c2)CC1 1 0.8595884 0.8596 0.1735547 -6.2800
 | 8.4265 20.8273 50.7819 0.5594473 O=C(C=Cc1cccnc1)N1CCC(Cc2ccccc2)CC1 1 0.8090233 0.8090 0.3868632 -7.1400
19:37:08 <INFO> Score: 0.64 Agent NLL: 8.25 Valid: 100% Step: 113
 | Agent Prior Target Score SMILES SMILES_state QED QED (raw) maize maize (raw)
 | 12.1754 36.8526 46.1109 0.6481529 Cc1cc(C(C)C(=O)N=c2ccc(C(=O)N(C)C)c[nH]2)ccc1Cl 1 0.9290676 0.9291 0.4521761 -7.3500
 | 10.7085 31.0631 42.2828 0.5730151 CC(C)(C)c1ccc(NC(=O)c2ccc(=NCc3cccnc3)[nH]c2)cc1 1 0.7364556 0.7365 0.4458466 -7.3300
 | 6.4513 25.8080 63.3101 0.6962350 CN1CCN(Cc2ccc(NC(=O)c3cccc(C(C)(C)C)c3)cc2)CC1 1 0.8900033 0.8900 0.5446532 -7.6400
 | 3.6486 27.4709 55.8029 0.6505765 O=C(OCc1ccc(CO)cc1)c1ccnc2ccccc12 1 0.7509569 0.7510 0.5636140 -7.7000
19:37:27 <INFO> Score: 0.64 Agent NLL: 6.80 Valid: 100% Step: 114
 | Agent Prior Target Score SMILES SMILES_state QED QED (raw) maize maize (raw)
 | 6.6159 44.6066 25.5093 0.5477807 CC(C(=O)c1cccc(F)c1)N1CCN(C(=O)c2ccc(-c3ccc(Cl)cc3)c(Cl)c2)CC1 1 0.4274115 0.4274 0.7020488 -8.1700
 | 5.6983 32.6552 61.1515 0.7328642 CC(C)(C)c1ccc(NC(=O)c2ccc(=NC(=O)c3cccc(C#N)c3)[nH]c2)cc1 1 0.6923850 0.6924 0.7757099 -8.4700
 | 4.6500 29.6603 54.6422 0.6586136 CN1CCN(Cc2ccc(NC(=O)c3cccc(C(=O)Nc4ccc(C(C)(C)C)cc4)c3)cc2)CC1 1 0.5025202 0.5025 0.8631930 -8.9400
 | 10.2239 27.3624 51.2684 0.6143034 CS(=O)(=O)Nc1ccc(CCNCC(O)COc2ccc(S(C)(=O)=O)cc2)cc1 1 0.4444753 0.4445 0.8490205 -8.8500
19:37:48 <INFO> Score: 0.56 Agent NLL: 10.08 Valid: 100% Step: 115
 | Agent Prior Target Score SMILES SMILES_state QED QED (raw) maize maize (raw)
 | 5.8569 20.7400 56.7781 0.6056108 CN1CCN(C(=O)CCNS(=O)(=O)c2ccc(Br)cc2)CC1 1 0.8111097 0.8111 0.4521761 -7.3500
 | 5.4527 18.5417 37.6844 0.4392663 CN1CCN(CCOc2ccccc2-c2ccccc2)CC1 1 0.8434344 0.8434 0.2287729 -6.5500
 | 23.6522 40.5981 33.4229 0.5782891 CN1CCN(CN=c2cc3c(ccn3-c3cccc(NC(=O)c4cccc(C(F)(F)F)c4)c3)c[nH]2)CC1 1 0.4217067 0.4217 0.7930116 -8.5500
 | 5.3742 32.9132 47.0131 0.6244244 CNC(=O)c1ccncc1N=c1cccc(-c2ccc(O)cc2)[nH]1 1 0.6917958 0.6918 0.5636140 -7.7000
19:38:02 <INFO> Score: 0.56 Agent NLL: 8.88 Valid: 100% Step: 116
 | Agent Prior Target Score SMILES SMILES_state QED QED (raw) maize maize (raw)
 | 5.8566 30.1840 48.3128 0.6132560 CC(C)(C)c1ccc(Nc2ccc(-c3ccc(C#N)cc3)nc2)cc1 1 0.6748163 0.6748 0.5573116 -7.6800
 | 5.6669 60.0709 21.1020 0.6341635 CC1=C(CC(=O)N=c2[nH]ccs2)C(=O)C(CN2CCOCC2)CC1=Cc1ccc(C#CCn2cccc2)cc1 1 0.4784028 0.4784 0.8406374 -8.8000
 | 14.6047 29.6536 47.2103 0.6004992 CNC(=O)c1ccnc(N2CCC(COc3ccc(C#N)cc3)CC2)c1 1 0.8967008 0.8967 0.4021400 -7.1900
 | 9.3971 21.5850 31.0030 0.4108439 O=C(C=Cc1cccnc1)N1CCc2ccccc21 1 0.7676915 0.7677 0.2198704 -6.5100
19:38:26 <INFO> Score: 0.63 Agent NLL: 8.69 Valid: 100% Step: 117
 | Agent Prior Target Score SMILES SMILES_state QED QED (raw) maize maize (raw)
 | 5.4893 33.3832 48.5473 0.6400820 CC(C)(C)c1ccc(NC(=O)c2ccc(=NC(=O)c3cccc(F)c3)[nH]c2)cc1 1 0.6924274 0.6924 0.5916938 -7.7900
 | 9.3482 28.8457 54.4422 0.6506868 CCOC(=O)c1ccc(NC(=O)c2cccc(C(=O)Nc3ccc(C(C)(C)C)cc3)c2)cc1 1 0.4802161 0.4802 0.8816726 -9.0700
 | 15.5782 31.9037 39.8744 0.5607662 Cc1ccccc1C(=O)N1CC(N(C)Cc2ccccc2)CC1=O 1 0.8128424 0.8128 0.3868632 -7.1400
 | 4.3516 27.4709 55.8029 0.6505765 O=C(OCc1ccc(CO)cc1)c1ccnc2ccccc12 1 0.7509569 0.7510 0.5636140 -7.7000
19:38:50 <INFO> Score: 0.60 Agent NLL: 11.68 Valid: 100% Step: 118
 | Agent Prior Target Score SMILES SMILES_state QED QED (raw) maize maize (raw)
 | 7.3404 51.1062 35.8992 0.6797300 CC(C(=O)N=c1ccc(C(=O)N(C)Cc2ccccc2)c[nH]1)C(CF)c1cccc(F)c1 1 0.6008525 0.6009 0.7689623 -8.4400
 | 19.9795 40.0222 18.2374 0.4551530 CC(C(=O)c1cccc(F)c1)C(c1ccccc1)C(c1ccccc1)N1CCN(C)CC1 1 0.4679685 0.4680 0.4426884 -7.3200
 | 14.4638 34.4707 39.4689 0.5776533 CCN(CCO)C(=O)c1ccc(-c2ccc(NC(=O)c3cccc(Cl)c3)cc2)cn1 1 0.5987374 0.5987 0.5573116 -7.6800
 | 4.9466 25.8080 63.3101 0.6962350 CN1CCN(Cc2ccc(NC(=O)c3cccc(C(C)(C)C)c3)cc2)CC1 1 0.8900033 0.8900 0.5446532 -7.6400
19:39:18 <INFO> Score: 0.56 Agent NLL: 11.00 Valid: 100% Step: 119
 | Agent Prior Target Score SMILES SMILES_state QED QED (raw) maize maize (raw)
 | 23.4938 50.9406 25.7010 0.5987620 CC(=O)CC(C)C(Cc1ccccc1)C(N=c1ccc(C(=O)N(C)C)c[nH]1)c1ccccc1 1 0.5146141 0.5146 0.6966696 -8.1500
 | 5.4442 33.3832 48.5473 0.6400820 CC(C)(C)c1ccc(NC(=O)c2ccc(=NC(=O)c3cccc(F)c3)[nH]c2)cc1 1 0.6924274 0.6924 0.5916938 -7.7900
 | 11.2497 33.5174 11.7150 0.3533783 CCOC(=O)C1=C(c2ccccc2)CCN(CC(=O)O)C1c1cccnc1 1 0.7920787 0.7921 0.1576564 -6.1900
 | 3.8220 21.0584 59.6327 0.6303989 Cc1ccccc1C(=O)N1CCN(CCc2ccccc2)CC1 1 0.8667056 0.8667 0.4585211 -7.3700
19:39:42 <INFO> Score: 0.51 Agent NLL: 13.25 Valid: 100% Step: 120
 | Agent Prior Target Score SMILES SMILES_state QED QED (raw) maize maize (raw)
 | 13.3840 28.7414 18.9106 0.3722808 CC(C(=O)N=c1ccc(C#N)c[nH]1)c1cccc(F)c1 1 0.9080526 0.9081 0.1526266 -6.1600
 | 12.4698 26.1390 56.6791 0.6470162 CC(C)(C)c1ccc(NCC(N)Cc2ccccc2)cc1 1 0.8706562 0.8707 0.4808213 -7.4400
 | 10.4543 23.4672 36.0841 0.4652445 COc1ccccc1C(=O)N1CCN(Cc2cccnc2)CC1 1 0.8667923 0.8668 0.2497166 -6.6400
 | 16.6907 32.9429 37.7634 0.5523936 Cc1ccccc1C(=O)N1CCOC(C(=O)N=c2cco[nH]2)C1 1 0.8910484 0.8910 0.3424490 -6.9900
19:40:13 <INFO> Score: 0.53 Agent NLL: 13.09 Valid: 100% Step: 121
 | Agent Prior Target Score SMILES SMILES_state QED QED (raw) maize maize (raw)
 | 9.9460 25.2914 40.0891 0.5107853 Cc1cccc(CN=c2[nH]c(=NC3CC3)n3cc[nH]c3c2C(N)=O)c1 1 0.6537768 0.6538 0.3990683 -7.1800
 | 3.7715 26.6651 71.9710 0.7705945 Cc1ccccc1C(=O)N1CCCC(c2noc(Cc3ccccc3)n2)C1 1 0.7049568 0.7050 0.8423437 -8.8100
 | 20.7758 22.7764 16.7783 0.3090204 Cc1ccccc1NC(=O)c1cc(F)ccc1F 1 0.8637917 0.8638 0.1105517 -5.8700
 | 17.8593 49.2993 17.7867 0.5241098 CC(C)(C)c1ccc(NC(=O)c2ccc(=NC(=O)c3cccc(C=CC(=O)C(N)=O)c3)[nH]c2)cc1 1 0.3759682 0.3760 0.7306232 -8.2800
19:40:30 <INFO> Score: 0.63 Agent NLL: 7.57 Valid: 100% Step: 122
 | Agent Prior Target Score SMILES SMILES_state QED QED (raw) maize maize (raw)
 | 10.0046 28.8293 43.2324 0.5629822 Cc1cc(C(C)C(=O)N=c2ccc(C#N)c[nH]2)ccc1Cl 1 0.9255360 0.9255 0.3424490 -6.9900
 | 5.8620 26.1249 58.4669 0.6608730 CC(O)(c1ccccc1)c1ccccc1C(=O)c1ccccc1 1 0.7343095 0.7343 0.5947807 -7.8000
 | 5.9432 41.2145 30.4297 0.5597200 CCN(CCO)C(=O)C(CO)NC(=O)c1cccc(C(=O)c2ccccc2)c1 1 0.5558529 0.5559 0.5636140 -7.7000
 | 8.4848 23.5302 70.0542 0.7311282 CN1CCN(c2ccc(NC(=O)c3cccc(C(C)(C)C)c3)cc2)CC1 1 0.9081694 0.9082 0.5885999 -7.7800
19:40:45 <INFO> Score: 0.58 Agent NLL: 11.00 Valid: 100% Step: 123
 | Agent Prior Target Score SMILES SMILES_state QED QED (raw) maize maize (raw)
 | 20.1484 39.5642 23.9373 0.4961053 CNC(=O)c1ccc(C2C(c3ccccc3)C(c3ccccc3)CN2C=O)cc1 1 0.6727359 0.6727 0.3658500 -7.0700
 | 5.9045 32.2692 51.5243 0.6546372 COC(=O)C1=C(c2ccccc2)CCN(CC(=O)C=Cc2ccccc2)C1 1 0.5825626 0.5826 0.7356288 -8.3000
 | 6.1774 28.1076 59.7120 0.6860908 NC(=O)c1cccc(NC(=O)c2ccc(NC(=O)c3ccncc3)cc2)c1 1 0.6487701 0.6488 0.7255584 -8.2600
 | 11.7577 35.8273 27.6505 0.4959205 O=C(OCc1ccc(CO)cc1)c1ccccc1-c1ccccc1CO 1 0.6668165 0.6668 0.3688229 -7.0800
19:41:17 <INFO> Score: 0.47 Agent NLL: 12.69 Valid: 100% Step: 124
 | Agent Prior Target Score SMILES SMILES_state QED QED (raw) maize maize (raw)
 | 12.5417 21.8720 19.7405 0.3250978 CCOC(=O)C1C(=N)Oc2ccccc2C1c1ccccc1 1 0.8831785 0.8832 0.1196684 -5.9400
 | 11.0341 28.1123 -2.3703 0.2011097 CNC(=O)c1ccncc1N=c1ccc(C(F)(F)F)c[nH]1 1 0.8897975 0.8898 0.0454543 -5.1200
 | 9.0526 35.0807 53.1827 0.6895581 Cc1ccccc1C(=O)N1CC(N(Cc2ccccc2)Cc2ccccc2)CC1=O 1 0.5766295 0.5766 0.8246028 -8.7100
 | 18.1474 25.2687 60.9235 0.6733767 Cc1cccc(=NCN2CCN(C(=O)c3ccccc3)CC2)[nH]1 1 0.9368222 0.9368 0.4840152 -7.4500
19:41:39 <INFO> Score: 0.61 Agent NLL: 8.08 Valid: 100% Step: 125
 | Agent Prior Target Score SMILES SMILES_state QED QED (raw) maize maize (raw)
 | 9.7072 35.5714 26.2335 0.4828509 CCN(CCO)C(=O)c1ccc(-c2ccc(NC(=O)c3cccc(F)c3)cc2)cn1 1 0.6270612 0.6271 0.3718058 -7.0900
 | 5.4018 36.9542 49.9032 0.6785732 CCOC(=O)CC1CC2C(c3ccccc3)C(c3ccccc3)NC(=O)N2C1 1 0.8035575 0.8036 0.5730288 -7.7300
 | 10.7953 25.4489 71.3578 0.7563020 Cc1ccccc1C(=O)N1CCC(C(=O)N2CCc3ccccc32)CC1 1 0.8341137 0.8341 0.6857491 -8.1100
 | 6.4047 19.5220 49.1175 0.5362465 Cc1ccccc1C(=O)N1CCN(Cc2ccccc2)CC1 1 0.8687054 0.8687 0.3310217 -6.9500
19:41:49 <INFO> Score: 0.61 Agent NLL: 4.44 Valid: 100% Step: 126
 | Agent Prior Target Score SMILES SMILES_state QED QED (raw) maize maize (raw)
 | 3.6669 26.1295 60.8456 0.6794932 CCOc1ccccc1NC(=O)CNc1ccc(C(=O)N2CCOCC2)cc1 1 0.7683252 0.7683 0.6009317 -7.8200
 | 6.1533 19.6024 22.1700 0.3263475 COc1ccccc1C(=O)N1CCN(Cc2ccccc2)CC1 1 0.8701911 0.8702 0.1223900 -5.9600
 | 3.9982 26.6651 71.9710 0.7705945 Cc1ccccc1C(=O)N1CCCC(c2noc(Cc3ccccc3)n2)C1 1 0.7049568 0.7050 0.8423437 -8.8100
 | 3.9340 22.1629 60.8788 0.6487632 O=C(OCc1ccccc1)C1CCN(CCc2ccccc2)CC1 1 0.7595256 0.7595 0.5541534 -7.6700
19:42:16 <INFO> Score: 0.47 Agent NLL: 12.85 Valid: 100% Step: 127
 | Agent Prior Target Score SMILES SMILES_state QED QED (raw) maize maize (raw)
 | 10.9487 23.5013 30.5376 0.4221785 Cc1ccc(=NC(=O)C(C)c2ccccc2)[nH]c1 1 0.8610853 0.8611 0.2069885 -6.4500
 | 21.2290 44.7601 18.3942 0.4933927 CC(CC(C(=O)N=c1ccc(C(=O)O)c[nH]1)c1ccccc1)N1CC(F)(F)C1 1 0.7954388 0.7954 0.3060403 -6.8600
 | 13.3059 27.7260 5.9626 0.2631923 CCOc1cccc(NC(=O)C2CCC(=O)N(C3CC3)C2)c1 1 0.9084982 0.9085 0.0762469 -5.5500
 | 5.9083 27.6298 62.0654 0.7007436 CN1CCN(C(=O)c2cccc(C(=O)Nc3ccc(C(C)(C)C)cc3)c2)CC1 1 0.8861113 0.8861 0.5541534 -7.6700
19:42:53 <INFO> Score: 0.49 Agent NLL: 10.97 Valid: 100% Step: 128
 | Agent Prior Target Score SMILES SMILES_state QED QED (raw) maize maize (raw)
 | 7.6859 26.7560 20.1628 0.3665535 CC(=O)c1ccccc1C(=O)N1CCc2ccccc21 1 0.7824109 0.7824 0.1717275 -6.2700
 | 21.3701 43.0791 31.5204 0.5828084 CCCC(NC(=O)CCc1ccccc1)C(=O)N=c1ccc(C(=O)Nc2ccc(C(C)(C)C)cc2)c[nH]1 1 0.3888880 0.3889 0.8734279 -9.0100
 | 9.2964 25.7447 14.4796 0.3142524 CNC(=O)c1ccnc(N2CCC(CO)CC2)c1 1 0.8252347 0.8252 0.1196684 -5.9400
 | 5.5451 28.1076 59.7120 0.6860908 NC(=O)c1cccc(NC(=O)c2ccc(NC(=O)c3ccncc3)cc2)c1 1 0.6487701 0.6488 0.7255584 -8.2600
19:43:35 <INFO> Score: 0.62 Agent NLL: 13.24 Valid: 100% Step: 129
 | Agent Prior Target Score SMILES SMILES_state QED QED (raw) maize maize (raw)
 | 5.5422 28.9190 52.7032 0.6376733 CC(=O)SCC(=O)c1ccc(NS(=O)(=O)c2cc(Cl)cc(Cl)c2)cc1 1 0.7096106 0.7096 0.5730288 -7.7300
 | 25.8968 57.3703 18.5963 0.5934890 CCC(CC(C)c1ccccc1)C(CC(=O)N1CCOC(C(F)(F)F)C1)NC(=O)c1ccc(F)cc1 1 0.4665003 0.4665 0.7550461 -8.3800
 | 14.8449 50.3440 23.5962 0.5776579 CCN(CCO)C(=O)c1cccc(N=C(NS(=O)(=O)c2ccc(C)c(C#N)c2)c2ccccc2)c1 1 0.3701834 0.3702 0.9014144 -9.2300
 | 6.6861 34.1557 49.5950 0.6543021 CS(=O)(=O)c1ccccc1-c1ccc(NC(=O)C(=N)c2ccccc2)cc1 1 0.6627748 0.6628 0.6459377 -7.9700
19:43:53 <INFO> Score: 0.61 Agent NLL: 6.64 Valid: 100% Step: 130
 | Agent Prior Target Score SMILES SMILES_state QED QED (raw) maize maize (raw)
 | 8.6735 24.2794 24.9978 0.3849788 CCSc1ccccc1C(=O)N1CCc2ccccc21 1 0.7935100 0.7935 0.1867761 -6.3500
 | 4.7779 26.6314 76.3600 0.8046201 CN1CCN(C(=O)c2ccc(C(=O)Nc3ccc(C(C)(C)C)cc3)cc2)CC1 1 0.8861113 0.8861 0.7306232 -8.2800
 | 5.3569 40.4565 38.6407 0.6179470 Cc1ccc(F)cc1C(=O)c1ccccc1C(=O)C1CCN(CCOc2ccccc2)CC1 1 0.4393602 0.4394 0.8691241 -8.9800
 | 7.7667 26.1901 55.6046 0.6390212 Cc1cccc(NC(=O)c2ccc(C(=O)Nc3ccc(C(C)(C)C)cc3)cc2)c1 1 0.5954774 0.5955 0.6857491 -8.1100
19:44:19 <INFO> Score: 0.59 Agent NLL: 9.10 Valid: 100% Step: 131
 | Agent Prior Target Score SMILES SMILES_state QED QED (raw) maize maize (raw)
 | 4.0005 25.6424 66.1084 0.7168026 CC(C)(C)c1ccc(NC(=O)c2cnc(=NCCc3ccccc3)[nH]c2)cc1 1 0.7056822 0.7057 0.7280983 -8.2700
 | 5.0399 28.6915 47.9377 0.5986656 CCOc1cccc(NC(=O)CN2CCN(C(=O)c3ccc(Br)cc3)CC2)c1 1 0.7404737 0.7405 0.4840152 -7.4500
 | 14.2209 33.5560 29.9065 0.4958008 Cc1ccccc1C(=O)N1CC2CC(CN(C(=O)c3cccc(F)c3)C2)C1 1 0.8176669 0.8177 0.3006339 -6.8400
 | 13.1208 28.1654 41.5901 0.5449648 Cc1ccccc1C(=O)N1CCC(C(c2ccccc2)N2CCN(C)CC2)CC1 1 0.7923903 0.7924 0.3747985 -7.1000
19:44:44 <INFO> Score: 0.58 Agent NLL: 8.72 Valid: 100% Step: 132
 | Agent Prior Target Score SMILES SMILES_state QED QED (raw) maize maize (raw)
 | 8.7215 35.3146 32.1697 0.5272216 CCN(CCO)C(=O)c1cccc(N=c2cccc(-c3ccncc3)[nH]2)c1 1 0.7073758 0.7074 0.3929490 -7.1600
 | 4.7925 28.6915 47.9377 0.5986656 CCOc1cccc(NC(=O)CN2CCN(C(=O)c3ccc(Br)cc3)CC2)c1 1 0.7404737 0.7405 0.4840152 -7.4500
 | 13.4874 26.1493 72.9371 0.7741125 Cc1cccc(C(=O)N2Cc3ccccc3CC2C(=O)Nc2ccc(Cl)cc2)c1 1 0.6776427 0.6776 0.8843158 -9.0900
 | 7.8656 21.5850 31.0030 0.4108439 O=C(C=Cc1cccnc1)N1CCc2ccccc21 1 0.7676915 0.7677 0.2198704 -6.5100
19:45:04 <INFO> Score: 0.62 Agent NLL: 6.72 Valid: 100% Step: 133
 | Agent Prior Target Score SMILES SMILES_state QED QED (raw) maize maize (raw)
 | 12.1292 23.8756 47.9842 0.5614049 CC(NC(=O)CC(N)Cc1ccccc1F)c1ccccc1 1 0.8614880 0.8615 0.3658500 -7.0700
 | 3.3432 28.8179 48.8221 0.6065624 CNC(=O)c1cccc(N=c2cccc(-c3ccncc3)[nH]2)c1 1 0.7807287 0.7807 0.4712494 -7.4100
 | 7.4339 25.6071 58.8842 0.6600887 Cc1cccc(C(=O)N2CCC(C(=O)N3CCc4ccccc43)CC2)c1 1 0.8341137 0.8341 0.5223714 -7.5700
 | 3.9605 22.1629 60.8788 0.6487632 O=C(OCc1ccccc1)C1CCN(CCc2ccccc2)CC1 1 0.7595256 0.7595 0.5541534 -7.6700
19:45:16 <INFO> Score: 0.57 Agent NLL: 8.79 Valid: 100% Step: 134
 | Agent Prior Target Score SMILES SMILES_state QED QED (raw) maize maize (raw)
 | 5.2833 51.1062 35.8992 0.6797300 CC(C(=O)N=c1ccc(C(=O)N(C)Cc2ccccc2)c[nH]1)C(CF)c1cccc(F)c1 1 0.6008525 0.6009 0.7689623 -8.4400
 | 5.9410 26.8189 63.0135 0.7018156 CN1CCN(CCN=c2cc(N3CCOCC3)[nH]c3ccccc23)CC1 1 0.8939264 0.8939 0.5509906 -7.6600
 | 5.3864 27.9329 48.4065 0.5964015 CNCc1cccc(N=c2ccc(-c3cccnc3)c[nH]2)c1 1 0.7757434 0.7757 0.4585211 -7.3700
 | 18.5512 30.4900 7.5594 0.2972606 COCc1ccc(C(=O)N=c2[nH]cc(F)s2)cc1C#N 1 0.9387340 0.9387 0.0941309 -5.7300
19:45:47 <INFO> Score: 0.69 Agent NLL: 8.62 Valid: 100% Step: 135
 | Agent Prior Target Score SMILES SMILES_state QED QED (raw) maize maize (raw)
 | 4.0591 27.6298 62.0654 0.7007436 CN1CCN(C(=O)c2cccc(C(=O)Nc3ccc(C(C)(C)C)cc3)c2)CC1 1 0.8861113 0.8861 0.5541534 -7.6700
 | 5.0669 24.8865 63.7948 0.6928225 CN1CCN(Cc2ccc(NC(=O)c3cc(C(C)(C)C)nn3Cc3ccccc3)cc2)CC1 1 0.6170280 0.6170 0.7779274 -8.4800
 | 3.7243 28.8179 48.8221 0.6065624 CNC(=O)c1cccc(N=c2cccc(-c3ccncc3)[nH]2)c1 1 0.7807287 0.7807 0.4712494 -7.4100
 | 21.6100 51.7380 44.0736 0.7485286 Cc1ccccc1C(=O)N1CCC(C(N2CC(F)CC(C(=O)N=c3ccc(C#N)c[nH]3)C2)C(C)(C)C)CC1 1 0.6537579 0.6538 0.8570375 -8.9000
19:46:28 <INFO> Score: 0.48 Agent NLL: 15.33 Valid: 100% Step: 136
 | Agent Prior Target Score SMILES SMILES_state QED QED (raw) maize maize (raw)
 | 12.9924 29.9770 43.9072 0.5772202 CN1CCN(Cc2ccc(NC(=O)c3coc(C(C)(C)C)c3)cc2)CC1 1 0.9107097 0.9107 0.3658500 -7.0700
 | 16.2402 34.0314 49.4297 0.6520402 CNS(=O)(=O)c1cccc(C(=O)N2CCC(N(C)C(=O)c3ccccc3)CC2)c1 1 0.8089558 0.8090 0.5255619 -7.5800
 | 23.3498 30.4000 -24.4431 0.0465381 NC(=O)CNC(=O)C(N)CC(=O)NCCS(=O)(=O)O 1 0.2854922 0.2855 0.0075862 -3.6900
 | 8.7248 34.6517 45.7882 0.6284365 NC(c1ccccc1)c1cccc(NC(=O)c2ccc(NC(=O)c3ccncc3)cc2)c1 1 0.4218388 0.4218 0.9362164 -9.6000
19:46:43 <INFO> Score: 0.62 Agent NLL: 11.18 Valid: 100% Step: 137
 | Agent Prior Target Score SMILES SMILES_state QED QED (raw) maize maize (raw)
 | 5.4717 51.1062 35.8992 0.6797300 CC(C(=O)N=c1ccc(C(=O)N(C)Cc2ccccc2)c[nH]1)C(CF)c1cccc(F)c1 1 0.6008525 0.6009 0.7689623 -8.4400
 | 5.8622 32.2330 46.5094 0.6151752 CN(Cc1ccccc1)C1CCN(C(=O)c2ccc(-c3ccc(Cl)cc3)c(Cl)c2)CC1 1 0.4466042 0.4466 0.8473734 -8.8400
 | 10.4490 30.6372 63.5548 0.7358744 Cc1ccccc1NC(=O)c1ccc(=NC(=O)c2cccc(F)c2)[nH]c1 1 0.7598661 0.7599 0.7126403 -8.2100
 | 22.9312 26.0049 31.2494 0.4472988 O=C(Nc1ccccc1-c1ccco1)c1ccccn1 1 0.7860285 0.7860 0.2545406 -6.6600
19:46:59 <INFO> Score: 0.67 Agent NLL: 8.42 Valid: 100% Step: 138
 | Agent Prior Target Score SMILES SMILES_state QED QED (raw) maize maize (raw)
 | 18.9910 30.6976 66.7712 0.7614751 CN1CCN(C(=O)c2cccc(OCC(=O)Nc3ccc(Cl)c(C(F)(F)F)c3)c2)CC1 1 0.7453707 0.7454 0.7779274 -8.4800
 | 5.9033 40.4565 38.6407 0.6179470 Cc1ccc(F)cc1C(=O)c1ccccc1C(=O)C1CCN(CCOc2ccccc2)CC1 1 0.4393602 0.4394 0.8691241 -8.9800
 | 4.5484 30.8997 51.8985 0.6468613 NC(Cn1cc(-c2ccc(NC(=O)c3cccc(C(F)(F)F)c3)cc2)nn1)c1ccccc1 1 0.4359621 0.4360 0.9597843 -9.9800
 | 4.2292 22.1629 60.8788 0.6487632 O=C(OCc1ccccc1)C1CCN(CCc2ccccc2)CC1 1 0.7595256 0.7595 0.5541534 -7.6700
19:47:22 <INFO> Score: 0.49 Agent NLL: 10.74 Valid: 100% Step: 139
 | Agent Prior Target Score SMILES SMILES_state QED QED (raw) maize maize (raw)
 | 12.0459 40.5089 19.2772 0.4670788 CN1CCN(c2ccc(NC(=O)c3cccc(C(=O)Nc4ccc(C(=O)Nc5ccc(C(C)(C)C)cc5)cc4)c3)cc2)CC1 1 0.2290966 0.2291 0.9522733 -9.8400
 | 18.3276 28.2368 12.2908 0.3166217 Cc1cccc(N2CCN(Cn3c(C)ccc3C)CC2)c1 1 0.8568365 0.8568 0.1169993 -5.9200
 | 5.4952 26.1901 55.6046 0.6390212 Cc1cccc(NC(=O)c2ccc(C(=O)Nc3ccc(C(C)(C)C)cc3)cc2)c1 1 0.5954774 0.5955 0.6857491 -8.1100
 | 7.0787 24.1715 44.7883 0.5387486 Cc1ccccc1NC(=O)CN1CCN(C(=O)c2ccc(Br)cc2)CC1 1 0.8334933 0.8335 0.3482332 -7.0100
19:47:46 <INFO> Score: 0.65 Agent NLL: 8.28 Valid: 100% Step: 140
 | Agent Prior Target Score SMILES SMILES_state QED QED (raw) maize maize (raw)
 | 5.7260 28.8754 60.9801 0.7019957 CC(C(=O)c1ccccc1)N1CCN(C(=O)c2ccc(-c3ccccc3)cc2)CC1 1 0.5989681 0.5990 0.8227450 -8.7000
 | 16.0369 45.9258 34.6543 0.6295318 CN1CCN(CCN=c2ccc(C(=O)N=c3[nH]cc(F)s3)c[nH]2)c2cc(Cl)ccc21 1 0.6463650 0.6464 0.6131369 -7.8600
 | 3.8814 28.8179 48.8221 0.6065624 CNC(=O)c1cccc(N=c2cccc(-c3ccncc3)[nH]2)c1 1 0.7807287 0.7807 0.4712494 -7.4100
 | 7.4793 24.4913 58.9001 0.6514956 Cc1cccc(NC(=O)c2ccc(NC(=O)c3ccncc3)cc2)c1 1 0.7615964 0.7616 0.5573116 -7.6800
19:48:12 <INFO> Score: 0.42 Agent NLL: 17.28 Valid:  75% Step: 141
 | Agent Prior Target Score SMILES SMILES_state QED QED (raw) maize maize (raw)
 | 4.2787 26.6314 76.3600 0.8046201 CN1CCN(C(=O)c2ccc(C(=O)Nc3ccc(C(C)(C)C)cc3)cc2)CC1 1 0.8861113 0.8861 0.7306232 -8.2800
 | 17.9701 35.8191 31.3510 0.5247661 CN1CCN(CCN=c2cccc3c([nH]c4cc(F)ccc43)c2C#N)CC1 1 0.7777713 0.7778 0.3540623 -7.0300
 | 20.6463 39.9224 -39.9224 0.0000000 COc1ccc(CCNC(=O)CN2CCN(C(=O)c3ccc([N+](=O)[O-])cc3)CC2)ccc1 0 0.0000000 0.0000 0.0000000 0.0000
 | 26.2304 61.7507 -14.6053 0.3683237 CS(=O)(=O)c1ccccc1-c1ccccc1C(SCCOc1ccccc1Cl)C1CCN(CCOc2ccccc2)CC1 1 0.1385851 0.1386 0.9789100 -10.5000
19:48:13 <INFO> Score: 0.70 Agent NLL: 6.03 Valid: 100% Step: 142
 | Agent Prior Target Score SMILES SMILES_state QED QED (raw) maize maize (raw)
 | 5.1022 25.6424 66.1084 0.7168026 CC(C)(C)c1ccc(NC(=O)c2cnc(=NCCc3ccccc3)[nH]c2)cc1 1 0.7056822 0.7057 0.7280983 -8.2700
 | 8.9927 41.2145 30.4297 0.5597200 CCN(CCO)C(=O)C(CO)NC(=O)c1cccc(C(=O)c2ccccc2)c1 1 0.5558529 0.5559 0.5636140 -7.7000
 | 4.8226 26.9766 66.3723 0.7292878 COc1cccc(NC(=O)c2ccc(C(=O)Nc3ccc(C(C)(C)C)cc3)cc2)c1 1 0.5923047 0.5923 0.8979511 -9.2000
 | 5.1959 28.4506 71.7331 0.7826849 Cc1ccccc1CCNC(=O)C1CCN(C(=O)c2cccnc2)CC1 1 0.9005980 0.9006 0.6802099 -8.0900
19:48:43 <INFO> Score: 0.69 Agent NLL: 11.40 Valid: 100% Step: 143
 | Agent Prior Target Score SMILES SMILES_state QED QED (raw) maize maize (raw)
 | 9.2590 39.9737 39.4072 0.6201636 CC(C)N(CC(=O)Nc1ccc(C#N)cc1)C1CCC(CC(N)=O)CC1 1 0.7842525 0.7843 0.4904070 -7.4700
 | 12.2705 25.4033 66.0684 0.7146225 CN1CCN(Cc2ccc(NC(=O)c3cc(-c4ccc(Cl)cc4)ccn3)cc2)CC1 1 0.6641227 0.6641 0.7689623 -8.4400
 | 11.4001 32.8229 49.5854 0.6438143 Cc1cccc(NC(=O)c2ccc(=NC(=O)Nc3ccc(C(C)(C)C)cc3)[nH]c2)c1 1 0.5753428 0.5753 0.7204345 -8.2400
 | 12.6668 28.0447 72.9603 0.7891009 Cc1ccccc1CCNC(=O)CN1CCN(C(=O)c2ccc(Cl)cc2)CC1 1 0.8121755 0.8122 0.7666819 -8.4300
19:50:28 <INFO> Score: 0.54 Agent NLL: 16.41 Valid: 100% Step: 144
 | Agent Prior Target Score SMILES SMILES_state QED QED (raw) maize maize (raw)
 | 10.2489 25.1222 55.9844 0.6336451 CN1CCN(C(=O)c2ccc(OCC(=O)Nc3ccc(F)cc3)cc2)CC1 1 0.8756546 0.8757 0.4585211 -7.3700
 | 22.0967 70.7905 -23.4995 0.3694607 Cc1ccccc1C(=O)N1CCC(C(C(C)CC(C)C)N2CC(O)CC(CO)C2)C(=O)N(C(=O)OCc2ccccc2)C1 1 0.4460236 0.4460 0.3060403 -6.8600
 | 6.1393 21.7941 56.0296 0.6079977 O=C(C=Cc1ccc(C(F)(F)F)cc1)N1CCC(Cc2ccccc2)CC1 1 0.6747811 0.6748 0.5478239 -7.6500
 | 27.1530 42.4226 27.2027 0.5439478 O=C(O)CC(C#Cc1cccnc1)N=c1cccc(-c2ccc(O)cc2)[nH]1 1 0.6236414 0.6236 0.4744380 -7.4200
19:51:10 <INFO> Score: 0.66 Agent NLL: 9.78 Valid: 100% Step: 145
 | Agent Prior Target Score SMILES SMILES_state QED QED (raw) maize maize (raw)
 | 10.5110 30.7083 53.7894 0.6601384 CC(C)(C)c1ccc(NC(=O)c2ccc(=NC(=O)Nc3ccc(Cl)cc3)[nH]c2)cc1 1 0.5308779 0.5309 0.8208717 -8.6900
 | 10.1470 34.7957 41.6234 0.5970247 CN(CCc1ccccc1)C1CCN(C(=O)c2ccc(-c3ccc(Cl)cc3)c(Cl)c2)CC1 1 0.4166615 0.4167 0.8554631 -8.8900
 | 9.8168 39.0235 50.1523 0.6966864 CN1CCN(C(=O)c2ccc(NC(=O)c3cc(C(C)(C)C)nn3Cc3cccc(C#N)c3)cc2)CC1 1 0.5954321 0.5954 0.8151591 -8.6600
 | 8.6258 29.1430 57.8831 0.6798915 Cc1cccc(NC(=O)c2ccc(NC(=O)c3ccnc4ccccc34)cc2)c1 1 0.5197069 0.5197 0.8894484 -9.1300
19:51:20 <INFO> Score: 0.65 Agent NLL: 6.33 Valid: 100% Step: 146
 | Agent Prior Target Score SMILES SMILES_state QED QED (raw) maize maize (raw)
 | 4.1664 28.9190 52.7032 0.6376733 CC(=O)SCC(=O)c1ccc(NS(=O)(=O)c2cc(Cl)cc(Cl)c2)cc1 1 0.7096106 0.7096 0.5730288 -7.7300
 | 11.8205 30.4008 49.6827 0.6256530 CCNCc1cccc(N=c2ccc(-c3cccnc3)c[nH]2)c1 1 0.7586302 0.7586 0.5159848 -7.5500
 | 3.8602 25.4033 66.0684 0.7146225 CN1CCN(Cc2ccc(NC(=O)c3cc(-c4ccc(Cl)cc4)ccn3)cc2)CC1 1 0.6641227 0.6641 0.7689623 -8.4400
 | 5.4627 25.0229 53.0409 0.6098731 NC(=O)CNC(=O)C(Cc1ccccc1)=NC(=O)CCc1ccccc1 1 0.7034417 0.7034 0.5287507 -7.5900
19:52:08 <INFO> Score: 0.62 Agent NLL: 9.24 Valid: 100% Step: 147
 | Agent Prior Target Score SMILES SMILES_state QED QED (raw) maize maize (raw)
 | 7.6167 33.8956 51.9693 0.6708200 CC(=O)SCC(=O)c1cccc(NS(=O)(=O)c2cc(Cl)cc(Cl)c2)c1 1 0.7096106 0.7096 0.6341499 -7.9300
 | 7.7470 32.8441 50.5363 0.6514096 CN1CCN(C(=O)c2ccc(NC(=O)c3cccc(C(=O)Nc4ccc(C(C)(C)C)cc4)c3)cc2)CC1 1 0.5256058 0.5256 0.8073247 -8.6200
 | 9.3212 35.7561 47.1672 0.6478379 COc1cccc(NC(=O)c2cccc(N=c3cccc(-c4ccncc4)[nH]3)c2)c1 1 0.5185845 0.5186 0.8093067 -8.6300
 | 12.2652 44.0225 22.4351 0.5192002 Cc1ccc(F)cc1C(=O)c1ccccc1C(=O)C1CCN(Cc2cccc(C(F)(F)F)c2)CC1 1 0.2975803 0.2976 0.9058692 -9.2700
19:52:32 <WARN> Found 1 of 4 smilies incompatible with the prior for the inception filter
19:52:32 <INFO> Score: 0.66 Agent NLL: 13.46 Valid: 100% Step: 148
 | Agent Prior Target Score SMILES SMILES_state QED QED (raw) maize maize (raw)
 | 19.1564 23.9514 63.9051 0.6863788 O=C(Cc1ccccc1)Nc1cccc(OCc2ccccc2)c1 1 0.7293519 0.7294 0.6459377 -7.9700
 | 6.1487 26.1249 58.4669 0.6608730 CC(O)(c1ccccc1)c1ccccc1C(=O)c1ccccc1 1 0.7343095 0.7343 0.5947807 -7.8000
 | 11.0333 19.0468 54.4027 0.5738244 CN1CCN(c2ccc(NC(=O)c3ccc(Cl)cc3)cc2)CC1 1 0.9377242 0.9377 0.3511421 -7.0200
 | 17.5128 36.3087 55.0064 0.7133986 O=C(Nc1ccc([SH](=O)=O)cc1)c1cnc(=NCCc2ccccc2)[nH]c1 1 0.5653155 0.5653 0.9002718 -9.2200
19:53:07 <INFO> Score: 0.64 Agent NLL: 10.13 Valid: 100% Step: 149
 | Agent Prior Target Score SMILES SMILES_state QED QED (raw) maize maize (raw)
 | 16.9916 32.5475 35.5499 0.5320110 CC(NOC(=O)C=Cc1cccnc1)c1cccc(F)c1 1 0.6777528 0.6778 0.4176091 -7.2400
 | 12.4519 44.7854 28.3966 0.5717339 CN1CCN(CCC(=O)N=c2ccc(C(=O)N=c3[nH]cc(F)s3)c[nH]2)c2cc(Cl)ccc21 1 0.6072429 0.6072 0.5383012 -7.6200
 | 5.3320 25.4489 71.3578 0.7563020 Cc1ccccc1C(=O)N1CCC(C(=O)N2CCc3ccccc32)CC1 1 0.8341137 0.8341 0.6857491 -8.1100
 | 5.7428 28.8091 60.5830 0.6983762 Cc1ccccc1NC(=O)c1ccc(NC(=O)c2ccnc3ccccc23)cc1 1 0.5197069 0.5197 0.9384700 -9.6300
19:53:14 <INFO> Score: 0.57 Agent NLL: 9.70 Valid: 100% Step: 150
 | Agent Prior Target Score SMILES SMILES_state QED QED (raw) maize maize (raw)
 | 4.4674 28.9190 52.7032 0.6376733 CC(=O)SCC(=O)c1ccc(NS(=O)(=O)c2cc(Cl)cc(Cl)c2)cc1 1 0.7096106 0.7096 0.5730288 -7.7300
 | 5.2592 28.8754 60.9801 0.7019957 CC(C(=O)c1ccccc1)N1CCN(C(=O)c2ccc(-c3ccccc3)cc2)CC1 1 0.5989681 0.5990 0.8227450 -8.7000
 | 5.0539 28.7916 53.2906 0.6412668 CN1CCN(Cc2noc(CN(C)Cc3cccc(C(F)(F)F)c3)n2)CC1 1 0.7639275 0.7639 0.5383012 -7.6200
 | 24.0320 28.4856 8.0021 0.2850603 Cc1cccc2c1cc(C)c1cc(O)c(O)cc12 1 0.4584321 0.4584 0.1772550 -6.3000
19:54:03 <INFO> Score: 0.56 Agent NLL: 14.41 Valid: 100% Step: 151
 | Agent Prior Target Score SMILES SMILES_state QED QED (raw) maize maize (raw)
 | 24.0047 35.4576 31.4402 0.5226392 CC(=CCCC(C)CC(=O)N=c1[nH]ccs1)C(=O)Nc1ccc(Cl)cc1 1 0.6792454 0.6792 0.4021400 -7.1900
 | 16.5223 33.3320 37.5057 0.5534192 CC(C)OC(=O)c1ccc(NC(=O)c2coc(-c3ccc(Cl)cc3)c2)cc1 1 0.5972683 0.5973 0.5127894 -7.5400
 | 7.5841 32.3363 49.9733 0.6430437 CN1CCN(C(=O)c2ccc(NC(=O)c3csc(-c4ccc(Cl)cc4)c3)cc2)CC1 1 0.6401625 0.6402 0.6459377 -7.9700
 | 9.5339 34.8895 31.1131 0.5156454 CS(=O)(=O)c1ccccc1-c1ccc(NC(=O)C(CC(=O)Nc2ccc(Cl)cc2)c2ccccc2)cc1 1 0.2840050 0.2840 0.9362164 -9.6000
19:54:19 <INFO> Score: 0.45 Agent NLL: 15.26 Valid: 100% Step: 152
 | Agent Prior Target Score SMILES SMILES_state QED QED (raw) maize maize (raw)
 | 16.9618 26.7967 37.8316 0.5049088 CC(C(=O)N=Cc1ccccc1)C(=O)Nc1ccccc1 1 0.6912068 0.6912 0.3688229 -7.0800
 | 15.9126 35.8585 35.5844 0.5581472 CC(O)(c1ccccc1)c1ccccc1C(=O)c1c[nH]cc1C(=O)c1ccccc1 1 0.4637183 0.4637 0.6718050 -8.0600
 | 13.0938 34.5435 25.8727 0.4720016 CS(=O)(=O)c1ccccc1-c1ccccc1-c1ccccc1-c1ccccc1 1 0.4264888 0.4265 0.5223714 -7.5700
 | 15.0792 19.5294 13.9789 0.2617835 Cc1ccc(NNC(=O)c2ccncc2)cc1 1 0.7898154 0.7898 0.0867679 -5.6600
19:54:56 <INFO> Score: 0.62 Agent NLL: 8.58 Valid: 100% Step: 153
 | Agent Prior Target Score SMILES SMILES_state QED QED (raw) maize maize (raw)
 | 15.4524 43.4977 46.4582 0.7027804 CC(=O)CC(C)C(Cc1ccccc1)C(=O)N=c1ccc(C(=O)NCc2ccccc2)c[nH]1 1 0.5262825 0.5263 0.9384700 -9.6300
 | 8.0524 26.3279 63.1673 0.6991813 CC(=O)c1cccc(NC(=O)c2ccc(NC(=O)c3ccncc3)cc2)c1 1 0.6785551 0.6786 0.7204345 -8.2400
 | 5.9279 35.3146 32.1697 0.5272216 CCN(CCO)C(=O)c1cccc(N=c2cccc(-c3ccncc3)[nH]2)c1 1 0.7073758 0.7074 0.3929490 -7.1600
 | 4.8759 24.8164 45.7588 0.5513687 COc1cccc(NC(=O)c2ccc(NC(=O)c3ccncc3)cc2)c1 1 0.7389579 0.7390 0.4114002 -7.2200
19:55:06 <INFO> Score: 0.62 Agent NLL: 6.05 Valid: 100% Step: 154
 | Agent Prior Target Score SMILES SMILES_state QED QED (raw) maize maize (raw)
 | 10.8593 21.8135 48.8562 0.5521068 CC(c1ccccc1)N1CCN(C(=O)c2ccc(Cl)cc2)CC1 1 0.8538592 0.8539 0.3569932 -7.0400
 | 3.8528 24.4913 58.9001 0.6514956 Cc1cccc(NC(=O)c2ccc(NC(=O)c3ccncc3)cc2)c1 1 0.7615964 0.7616 0.5573116 -7.6800
 | 4.9009 25.0229 53.0409 0.6098731 NC(=O)CNC(=O)C(Cc1ccccc1)=NC(=O)CCc1ccccc1 1 0.7034417 0.7034 0.5287507 -7.5900
 | 4.5675 22.1629 60.8788 0.6487632 O=C(OCc1ccccc1)C1CCN(CCc2ccccc2)CC1 1 0.7595256 0.7595 0.5541534 -7.6700
19:55:26 <INFO> Score: 0.64 Agent NLL: 8.81 Valid: 100% Step: 155
 | Agent Prior Target Score SMILES SMILES_state QED QED (raw) maize maize (raw)
 | 5.7286 31.2765 44.6201 0.5929416 CC(C)S(=O)(=O)c1ccc(OCC(O)CNCCc2ccc(NS(C)(=O)=O)cc2)cc1 1 0.4045220 0.4045 0.8691241 -8.9800
 | 7.8456 24.4512 40.5896 0.5081314 CCCSc1ccccc1C(=O)N1CCc2ccccc21 1 0.7800020 0.7800 0.3310217 -6.9500
 | 5.0896 30.6372 63.5548 0.7358744 Cc1ccccc1NC(=O)c1ccc(=NC(=O)c2cccc(F)c2)[nH]c1 1 0.7598661 0.7599 0.7126403 -8.2100
 | 16.5874 38.2010 52.5108 0.7086855 CC(C)(C)c1ccc(S(=O)(=O)c2ccc(C=CC(=O)N3CCC(C(=O)N4CCOCC4)CC3)cc2)cc1 1 0.5537602 0.5538 0.9069542 -9.2800
19:55:45 <INFO> Score: 0.68 Agent NLL: 6.91 Valid: 100% Step: 156
 | Agent Prior Target Score SMILES SMILES_state QED QED (raw) maize maize (raw)
 | 5.3811 36.9542 49.9032 0.6785732 CCOC(=O)CC1CC2C(c3ccccc3)C(c3ccccc3)NC(=O)N2C1 1 0.8035575 0.8036 0.5730288 -7.7300
 | 4.5600 28.9937 59.6228 0.6923171 CN1CCN(C(=O)c2ccc(NC(=O)c3cc(-c4ccc(Cl)cc4)ccn3)cc2)CC1 1 0.6725735 0.6726 0.7126403 -8.2100
 | 5.9168 31.4729 48.5997 0.6255666 COc1cccc(NC(=O)c2cccc(C(=O)CSC(C)=O)c2)c1 1 0.8138858 0.8139 0.4808213 -7.4400
 | 11.7670 30.9805 63.6776 0.7395159 Cc1ccccc1NC(=O)c1ccc(=NC(=O)c2cccc(C(F)(F)F)c2)[nH]c1 1 0.6878146 0.6878 0.7951035 -8.5600
19:56:30 <INFO> Score: 0.43 Agent NLL: 11.11 Valid: 100% Step: 157
 | Agent Prior Target Score SMILES SMILES_state QED QED (raw) maize maize (raw)
 | 9.8041 54.7667 17.4507 0.5641977 CC(=O)CCC(C)C(Cc1ccccc1)C(N=c1ccc(C(=O)N(C)C)c[nH]1)c1ccccc1 1 0.4534144 0.4534 0.7020488 -8.1700
 | 11.3306 26.3587 22.8436 0.3843933 CC(C(=O)N=c1ccc(C(F)(F)F)c[nH]1)c1ccccc1 1 0.9074945 0.9075 0.1628199 -6.2200
 | 19.1043 27.3557 -12.8985 0.1129466 CCOCCOC(=O)c1ccccc1N=C=S 1 0.3373216 0.3373 0.0378183 -4.9700
 | 4.1825 24.4913 58.9001 0.6514956 Cc1cccc(NC(=O)c2ccc(NC(=O)c3ccncc3)cc2)c1 1 0.7615964 0.7616 0.5573116 -7.6800
19:57:00 <INFO> Score: 0.64 Agent NLL: 11.80 Valid: 100% Step: 158
 | Agent Prior Target Score SMILES SMILES_state QED QED (raw) maize maize (raw)
 | 18.0248 35.2664 51.4115 0.6771709 CC(C)N(C(=O)c1cnccn1)C1CCN(C(=O)c2cccc3ccccc23)CC1 1 0.6660289 0.6660 0.6884992 -8.1200
 | 18.8011 37.7157 29.0549 0.5216449 CC(C)(C)c1ccc(NC(=O)C(c2ccccc2)c2ccccc2C(C)(O)c2ccccc2)cc1 1 0.3230432 0.3230 0.8423437 -8.8100
 | 5.6265 27.7420 65.1266 0.7255354 CCC(=O)c1ccc(S(=O)(=O)c2ccc(C(C)(C)C)cc2)cc1 1 0.7802945 0.7803 0.6746191 -8.0700
 | 4.7611 34.1557 49.5950 0.6543021 CS(=O)(=O)c1ccccc1-c1ccc(NC(=O)C(=N)c2ccccc2)cc1 1 0.6627748 0.6628 0.6459377 -7.9700
19:57:10 <INFO> Score: 0.61 Agent NLL: 8.88 Valid: 100% Step: 159
 | Agent Prior Target Score SMILES SMILES_state QED QED (raw) maize maize (raw)
 | 4.9632 33.8956 51.9693 0.6708200 CC(=O)SCC(=O)c1cccc(NS(=O)(=O)c2cc(Cl)cc(Cl)c2)c1 1 0.7096106 0.7096 0.6341499 -7.9300
 | 12.2522 31.5826 20.7138 0.4085659 CC(C)S(=O)(=O)c1ccccc1-c1ccccc1-c1ccccc1 1 0.6557934 0.6558 0.2545406 -6.6600
 | 12.9155 24.3486 50.1713 0.5821860 Cc1ccccc1CC(=O)Nc1ccc(C(C)(C)C)cc1 1 0.8830412 0.8830 0.3838333 -7.1300
 | 5.3760 28.4506 71.7331 0.7826849 Cc1ccccc1CCNC(=O)C1CCN(C(=O)c2cccnc2)CC1 1 0.9005980 0.9006 0.6802099 -8.0900
19:57:28 <INFO> Score: 0.57 Agent NLL: 9.83 Valid: 100% Step: 160
 | Agent Prior Target Score SMILES SMILES_state QED QED (raw) maize maize (raw)
 | 21.3814 32.6172 0.4899 0.2586494 CC(=O)C1C(=O)N2C(C(=O)[O-])C(=C[n+]3cccc(C(N)=O)c3)CSC12 1 0.3814174 0.3814 0.1753972 -6.2900
 | 4.8337 32.2692 51.5243 0.6546372 COC(=O)C1=C(c2ccccc2)CCN(CC(=O)C=Cc2ccccc2)C1 1 0.5825626 0.5826 0.7356288 -8.3000
 | 4.1465 25.4489 71.3578 0.7563020 Cc1ccccc1C(=O)N1CCC(C(=O)N2CCc3ccccc32)CC1 1 0.8341137 0.8341 0.6857491 -8.1100
 | 8.9735 25.3022 51.5608 0.6004921 O=C(c1ccccc1F)N1CCC(C(=O)N2CCc3ccccc32)CC1 1 0.8323076 0.8323 0.4332422 -7.2900
19:57:50 <INFO> Score: 0.63 Agent NLL: 5.47 Valid: 100% Step: 161
 | Agent Prior Target Score SMILES SMILES_state QED QED (raw) maize maize (raw)
 | 8.9726 38.3595 23.7115 0.4849294 CC(c1ccccc1)S(=O)(=O)c1ccc(OCC(O)CNCCc2ccc(NS(C)(=O)=O)cc2)cc1 1 0.2891658 0.2892 0.8132238 -8.6500
 | 5.2673 60.0709 21.1020 0.6341635 CC1=C(CC(=O)N=c2[nH]ccs2)C(=O)C(CN2CCOCC2)CC1=Cc1ccc(C#CCn2cccc2)cc1 1 0.4784028 0.4784 0.8406374 -8.8000
 | 4.0976 30.6976 66.7712 0.7614751 CN1CCN(C(=O)c2cccc(OCC(=O)Nc3ccc(Cl)c(C(F)(F)F)c3)c2)CC1 1 0.7453707 0.7454 0.7779274 -8.4800
 | 3.5355 22.1629 60.8788 0.6487632 O=C(OCc1ccccc1)C1CCN(CCc2ccccc2)CC1 1 0.7595256 0.7595 0.5541534 -7.6700
19:58:15 <INFO> Score: 0.68 Agent NLL: 10.03 Valid: 100% Step: 162
 | Agent Prior Target Score SMILES SMILES_state QED QED (raw) maize maize (raw)
 | 15.9509 40.8959 40.1945 0.6335184 CC(C(=O)C=Cc1ccc(F)cc1)C(C)C(=O)N=c1ccc(C#N)c[nH]1 1 0.8402879 0.8403 0.4776286 -7.4300
 | 5.3439 31.3117 57.3055 0.6923218 CC(=O)SCC(=O)c1cccc(C(=O)Nc2cccc(C)c2)c1 1 0.8504215 0.8504 0.5636140 -7.7000
 | 5.3759 28.9169 60.4753 0.6983762 Cc1ccccc1NC(=O)c1ccc(NC(=O)c2ccnc3ccccc23)cc1 1 0.5197069 0.5197 0.9384700 -9.6300
 | 13.4538 33.1439 55.6559 0.6937483 N#Cc1ccc(=NC(=O)c2cccc(C(N)c3ccccc3)c2)[nH]c1 1 0.7735251 0.7735 0.6221992 -7.8900
19:58:29 <INFO> Score: 0.64 Agent NLL: 7.83 Valid: 100% Step: 163
 | Agent Prior Target Score SMILES SMILES_state QED QED (raw) maize maize (raw)
 | 9.1431 35.6495 51.5514 0.6812564 CC(C)(C)c1ccc(NC(=O)c2ccc(=NC(=O)C=Cc3cccnc3)[nH]c2)cc1 1 0.6465275 0.6465 0.7178507 -8.2300
 | 7.6030 28.3769 66.8193 0.7437202 CC(O)(c1ccccc1)c1ccccc1C(=O)N1CCc2ccccc21 1 0.7761556 0.7762 0.7126403 -8.2100
 | 11.1158 21.2779 34.2781 0.4340318 Cc1ccc(NS(=O)(=O)c2cccc(C(=O)N3CCN(C)CC3)c2)cc1 1 0.8918856 0.8919 0.2112194 -6.4700
 | 3.4589 28.8091 60.5830 0.6983762 Cc1ccccc1NC(=O)c1ccc(NC(=O)c2ccnc3ccccc23)cc1 1 0.5197069 0.5197 0.9384700 -9.6300
19:58:43 <INFO> Score: 0.71 Agent NLL: 6.52 Valid: 100% Step: 164
 | Agent Prior Target Score SMILES SMILES_state QED QED (raw) maize maize (raw)
 | 4.3930 26.1390 56.6791 0.6470162 CC(C)(C)c1ccc(NCC(N)Cc2ccccc2)cc1 1 0.8706562 0.8707 0.4808213 -7.4400
 | 11.1988 34.7342 69.3639 0.8132665 Cc1ccccc1C(=O)N1CCC(C(=O)N2CCC(C(=O)N3CCc4ccccc43)CC2)CC1 1 0.7036713 0.7037 0.9399309 -9.6500
 | 4.9964 28.9169 60.4753 0.6983762 Cc1ccccc1NC(=O)c1ccc(NC(=O)c2ccnc3ccccc23)cc1 1 0.5197069 0.5197 0.9384700 -9.6300
 | 5.4933 31.7274 56.3930 0.6884401 CC(=O)SCC(=O)c1cccc(C(=O)Nc2ccccc2C)c1 1 0.8504215 0.8504 0.5573116 -7.6800
19:59:24 <INFO> Score: 0.62 Agent NLL: 10.78 Valid: 100% Step: 165
 | Agent Prior Target Score SMILES SMILES_state QED QED (raw) maize maize (raw)
 | 15.9937 54.2473 18.3801 0.5674009 CC(C(=O)N=c1ccc(C(=O)N(C)Cc2ccccc2)c[nH]1)C(CF)NCc1cccc(C(F)(F)F)c1 1 0.4115265 0.4115 0.7823160 -8.5000
 | 14.7534 29.8261 46.8198 0.5987964 COc1ccc(-c2csc(C(=O)Nc3ccc(CN4CCN(C)CC4)cc3)c2)cc1Cl 1 0.5627844 0.5628 0.6371127 -7.9400
 | 7.9168 39.6236 39.4394 0.6176801 Cc1cc(C(C)C(=O)NCc2cccc(C(F)(F)F)c2)ccc1NCCc1ccccc1 1 0.4451716 0.4452 0.8570375 -8.9000
 | 4.4711 31.7274 56.3930 0.6884401 CC(=O)SCC(=O)c1cccc(C(=O)Nc2ccccc2C)c1 1 0.8504215 0.8504 0.5573116 -7.6800
19:59:50 <INFO> Score: 0.64 Agent NLL: 9.41 Valid: 100% Step: 166
 | Agent Prior Target Score SMILES SMILES_state QED QED (raw) maize maize (raw)
 | 4.2572 34.6270 53.9902 0.6923218 CC(=O)SCC(=O)c1cccc(C(=O)Nc2cccc(C)c2)c1 1 0.8504215 0.8504 0.5636140 -7.7000
 | 4.0009 26.1390 56.6791 0.6470162 CC(C)(C)c1ccc(NCC(N)Cc2ccccc2)cc1 1 0.8706562 0.8707 0.4808213 -7.4400
 | 9.3122 25.1918 32.8618 0.4535440 CCC(=O)c1cccc(NC(=O)c2cccc(C(F)(F)F)c2)c1 1 0.8397582 0.8398 0.2449540 -6.6200
 | 20.0792 46.4774 49.3287 0.7484852 Cc1ccccc1C(=O)N1CCC2C(=O)CN(Cc3ccccn3)CC2C1 1 0.8410102 0.8410 0.6661394 -8.0400
19:59:50 <INFO> Score: 0.69 Agent NLL: 4.35 Valid: 100% Step: 167
 | Agent Prior Target Score SMILES SMILES_state QED QED (raw) maize maize (raw)
 | 3.6030 34.6270 53.9902 0.6923218 CC(=O)SCC(=O)c1cccc(C(=O)Nc2cccc(C)c2)c1 1 0.8504215 0.8504 0.5636140 -7.7000
 | 4.5751 34.1557 49.5950 0.6543021 CS(=O)(=O)c1ccccc1-c1ccc(NC(=O)C(=N)c2ccccc2)cc1 1 0.6627748 0.6628 0.6459377 -7.9700
 | 5.0772 25.6072 58.8842 0.6600887 Cc1cccc(C(=O)N2CCC(C(=O)N3CCc4ccccc43)CC2)c1 1 0.8341137 0.8341 0.5223714 -7.5700
 | 4.1487 26.6651 71.9710 0.7705945 Cc1ccccc1C(=O)N1CCCC(c2noc(Cc3ccccc3)n2)C1 1 0.7049568 0.7050 0.8423437 -8.8100
20:00:17 <INFO> Score: 0.67 Agent NLL: 11.95 Valid: 100% Step: 168
 | Agent Prior Target Score SMILES SMILES_state QED QED (raw) maize maize (raw)
 | 3.6534 26.1390 56.6791 0.6470162 CC(C)(C)c1ccc(NCC(N)Cc2ccccc2)cc1 1 0.8706562 0.8707 0.4808213 -7.4400
 | 15.4878 36.2939 45.4207 0.6383955 CC(C)S(=O)(=O)c1ccccc1-c1ccc(SCCc2ccccc2)nc1 1 0.5099205 0.5099 0.7992400 -8.5800
 | 19.6713 43.4053 40.4985 0.6554986 CCCC(=O)Nc1cccc(CN2CC(=O)C(N3CCC(O)CC3)C2)c1 1 0.8077622 0.8078 0.5319368 -7.6000
 | 8.9991 29.7367 66.8135 0.7542980 Cc1ccc(F)cc1C(=O)N1CCCC(c2noc(Cc3ccccc3)n2)C1 1 0.6839505 0.6840 0.8318810 -8.7500
20:00:49 <INFO> Score: 0.62 Agent NLL: 12.56 Valid: 100% Step: 169
 | Agent Prior Target Score SMILES SMILES_state QED QED (raw) maize maize (raw)
 | 10.1491 24.2212 67.2759 0.7148208 CC(C)(C)c1ccc(NC2=NCCN2Cc2ccccc2)cc1 1 0.9168459 0.9168 0.5573116 -7.6800
 | 13.4910 24.8913 43.2538 0.5323836 CN1CCC(N(C(=O)c2cccc3ccccc23)c2ccccc2)CC1 1 0.6941661 0.6942 0.4083062 -7.2100
 | 3.5434 27.6298 62.0654 0.7007436 CN1CCN(C(=O)c2cccc(C(=O)Nc3ccc(C(C)(C)C)cc3)c2)CC1 1 0.8861113 0.8861 0.5541534 -7.6700
 | 23.0393 38.6616 29.8984 0.5356245 NC(CC(=O)Nc1ccccc1)C(=O)Nc1cccc(NC(=O)c2cccc(C(F)(F)F)c2)c1 1 0.4134153 0.4134 0.6939598 -8.1400
20:01:08 <INFO> Score: 0.71 Agent NLL: 9.29 Valid: 100% Step: 170
 | Agent Prior Target Score SMILES SMILES_state QED QED (raw) maize maize (raw)
 | 5.1007 25.8080 63.3101 0.6962350 CN1CCN(Cc2ccc(NC(=O)c3cccc(C(C)(C)C)c3)cc2)CC1 1 0.8900033 0.8900 0.5446532 -7.6400
 | 5.9488 26.2939 63.9247 0.7048328 CNCc1cccc(C(=O)Nc2ccc(C(C)(C)C)cc2)c1 1 0.8964834 0.8965 0.5541534 -7.6700
 | 13.3235 30.1654 56.9046 0.6802345 CS(=O)(=O)c1ccccc1-c1ccc(Cl)c(C(=O)N=c2ccc(C#N)c[nH]2)c1 1 0.7131284 0.7131 0.6488579 -7.9800
 | 12.7822 25.9766 69.2419 0.7438947 Cc1cccnc1-c1cccc(C(=O)Nc2ccc(C(C)(C)C)cc2)c1 1 0.6710858 0.6711 0.8246028 -8.7100
20:01:26 <INFO> Score: 0.60 Agent NLL: 10.10 Valid: 100% Step: 171
 | Agent Prior Target Score SMILES SMILES_state QED QED (raw) maize maize (raw)
 | 6.7581 30.0888 52.2324 0.6431346 CC(=O)CCc1ccccc1C(=O)N1CCc2ccccc21 1 0.8659909 0.8660 0.4776286 -7.4300
 | 11.9497 30.6711 56.9000 0.6841485 CN(C(=O)c1cccs1)C1CCN(C(=O)c2cccc3ccccc23)CC1 1 0.6825517 0.6826 0.6857491 -8.1100
 | 5.0728 32.9132 47.0131 0.6244244 CNC(=O)c1ccncc1N=c1cccc(-c2ccc(O)cc2)[nH]1 1 0.6917958 0.6918 0.5636140 -7.7000
 | 16.6363 24.3473 32.0935 0.4409441 Cc1ccccc1C(=O)N1CCCC1Cn1cccn1 1 0.8583284 0.8583 0.2265237 -6.5400
20:02:14 <INFO> Score: 0.42 Agent NLL: 14.98 Valid: 100% Step: 172
 | Agent Prior Target Score SMILES SMILES_state QED QED (raw) maize maize (raw)
 | 20.5831 52.5892 -10.5005 0.3288179 CCCC(C=CC=CC(=O)N=c1[nH]ccs1)C(=O)N=c1ccc(C#N)c[nH]1 1 0.5910812 0.5911 0.1829211 -6.3300
 | 13.6927 31.0830 0.4571 0.2464070 CS(=O)(=O)c1ccccc1-c1ccc(C(F)(F)C(F)(F)F)cc1 1 0.7686186 0.7686 0.0789942 -5.5800
 | 7.8030 29.3586 74.1254 0.8084687 Cc1ccccc1CCNC(=O)C1CCN(C(=O)c2cccc3ccccc23)CC1 1 0.6918155 0.6918 0.9447919 -9.7200
 | 17.8294 26.7711 13.2531 0.3126885 NCc1cccc(C(=O)N=c2cc[nH][nH]2)c1 1 0.6839146 0.6839 0.1429625 -6.1000
20:02:36 <INFO> Score: 0.59 Agent NLL: 9.69 Valid: 100% Step: 173
 | Agent Prior Target Score SMILES SMILES_state QED QED (raw) maize maize (raw)
 | 12.5252 19.1668 42.1577 0.4790981 CN1CCN(C2=CC(=O)c3ccccc3C2=O)CC1 1 0.7567165 0.7567 0.3033302 -6.8500
 | 6.0162 27.9268 69.7161 0.7628355 CC(=O)c1cccc(C(=O)Nc2ccc(CN3CCN(C)CC3)cc2)c1 1 0.8418511 0.8419 0.6912362 -8.1300
 | 4.0754 30.8997 51.8985 0.6468613 NC(Cn1cc(-c2ccc(NC(=O)c3cccc(C(F)(F)F)c3)cc2)nn1)c1ccccc1 1 0.4359621 0.4360 0.9597843 -9.9800
 | 16.1461 29.8444 31.3919 0.4784088 CC(=O)CC(=O)C(CC(=O)c1ccccc1)C(=O)c1ccccc1 1 0.5521695 0.5522 0.4145013 -7.2300
20:02:55 <INFO> Score: 0.65 Agent NLL: 10.96 Valid: 100% Step: 174
 | Agent Prior Target Score SMILES SMILES_state QED QED (raw) maize maize (raw)
 | 5.0693 40.7597 46.9498 0.6852303 CN1CCN(CC(N=c2ccc(C(=O)N=c3[nH]cc(F)s3)c[nH]2)c2ccccc2)CC1 1 0.6382846 0.6383 0.7356288 -8.3000
 | 11.7240 29.3792 54.2945 0.6537005 CN1CCN(CCN=c2cc3c(ccn3Cc3ccccc3)c[nH]2)CC1 1 0.7667601 0.7668 0.5573116 -7.6800
 | 7.5227 27.5950 56.7076 0.6586136 CN1CCN(Cc2ccc(NC(=O)c3cccc(C(=O)Nc4ccc(C(C)(C)C)cc4)c3)cc2)CC1 1 0.5025202 0.5025 0.8631930 -8.9400
 | 19.5311 28.9841 45.6392 0.5829941 Cc1cccc(NC(=O)CN2Cc3ccccc3NC2=O)c1 1 0.9141388 0.9141 0.3718058 -7.0900
20:03:12 <INFO> Score: 0.60 Agent NLL: 8.75 Valid: 100% Step: 175
 | Agent Prior Target Score SMILES SMILES_state QED QED (raw) maize maize (raw)
 | 12.6811 39.4514 36.2911 0.5917382 CC(C)(C)c1ccc(NC(=O)c2ccc(=NC(=S)Nc3ccc(C(C)(C)C)cc3)[nH]c2)cc1 1 0.4100769 0.4101 0.8538741 -8.8800
 | 7.7140 30.1840 48.3128 0.6132560 CC(C)(C)c1ccc(Nc2ccc(-c3ccc(C#N)cc3)nc2)cc1 1 0.6748163 0.6748 0.5573116 -7.6800
 | 5.8644 33.6704 44.0662 0.6073178 CCOC(=O)C1=C(c2ccccc2)CCN(CC(=O)C=Cc2ccccc2)C1 1 0.5422369 0.5422 0.6802099 -8.0900
20:03:21 <INFO> Score: 0.62 Agent NLL: 9.11 Valid: 100% Step: 176
 | Agent Prior Target Score SMILES SMILES_state QED QED (raw) maize maize (raw)
 | 7.0887 27.7502 61.9450 0.7007436 CN1CCN(C(=O)c2cccc(C(=O)Nc3ccc(C(C)(C)C)cc3)c2)CC1 1 0.8861113 0.8861 0.5541534 -7.6700
 | 3.9735 25.8080 63.3101 0.6962350 CN1CCN(Cc2ccc(NC(=O)c3cccc(C(C)(C)C)c3)cc2)CC1 1 0.8900033 0.8900 0.5446532 -7.6400
 | 5.0796 29.7367 66.8135 0.7542980 Cc1ccc(F)cc1C(=O)N1CCCC(c2noc(Cc3ccccc3)n2)C1 1 0.6839505 0.6840 0.8318810 -8.7500
 | 20.3117 19.0236 25.0192 0.3440845 O=C(C(c1ccccc1)c1ccccc1)N1CCOCC1 1 0.8654109 0.8654 0.1368068 -6.0600
20:03:48 <INFO> Score: 0.52 Agent NLL: 10.78 Valid: 100% Step: 177
 | Agent Prior Target Score SMILES SMILES_state QED QED (raw) maize maize (raw)
 | 7.8338 23.0900 8.6263 0.2477832 CNCc1cccc(Cn2ccnc2)c1 1 0.8148088 0.8148 0.0753508 -5.5400
 | 6.6060 30.8014 59.7804 0.7076699 Cc1cccc(NC(=O)c2ccc(=NC(=O)c3cccc(C(F)(F)F)c3)[nH]c2)c1 1 0.6878146 0.6878 0.7280983 -8.2700
 | 5.8508 21.0584 59.6327 0.6303989 Cc1ccccc1C(=O)N1CCN(CCc2ccccc2)CC1 1 0.8667056 0.8667 0.4585211 -7.3700
 | 22.8205 39.4450 23.2365 0.4896991 NC(c1ccccc1-c1ccccc1)C(C(=O)Nc1ccc(Cl)cc1)c1ccccc1 1 0.3729434 0.3729 0.6430068 -7.9600
20:04:04 <INFO> Score: 0.50 Agent NLL: 9.40 Valid:  75% Step: 178
 | Agent Prior Target Score SMILES SMILES_state QED QED (raw) maize maize (raw)
 | 7.6610 24.6616 61.3424 0.6719065 CN(Cc1ccccc1)C1CCN(C(=O)c2ccc(-c3ccccc3)cc2)CC1 1 0.6116417 0.6116 0.7381092 -8.3100
 | 20.5303 56.3954 -56.3954 0.0000000 CN1CCN(C=c2ccc(C=Nc3ccc(C(=O)N4CCCC(c5ccccc5)C4)cc3)cc2)CC1 0 0.0000000 0.0000 0.0000000 0.0000
 | 5.2323 28.7916 53.2906 0.6412668 CN1CCN(Cc2noc(CN(C)Cc3cccc(C(F)(F)F)c3)n2)CC1 1 0.7639275 0.7639 0.5383012 -7.6200
 | 4.1595 29.1374 59.3280 0.6911360 CNCc1cccc(C(=O)Nc2ccc(CN3CCN(C)CC3)cc2)c1 1 0.8381688 0.8382 0.5698960 -7.7200
20:04:30 <INFO> Score: 0.64 Agent NLL: 10.67 Valid: 100% Step: 179
 | Agent Prior Target Score SMILES SMILES_state QED QED (raw) maize maize (raw)
 | 7.3237 26.1456 68.4767 0.7392373 CC(=O)c1cccc(NC(=O)c2cccc(C(C)=O)c2)c1 1 0.8740729 0.8741 0.6252016 -7.9000
 | 8.8694 26.6300 54.2835 0.6321368 CCN(Cc1ccccc1)C1CCN(C(=O)c2ccc(-c3ccccc3)cc2)CC1 1 0.5488228 0.5488 0.7280983 -8.2700
 | 16.2069 31.5071 36.2000 0.5289620 CNc1ccc(-c2ccc(CN=c3ccc(C#N)c[nH]3)cc2)cc1 1 0.7710404 0.7710 0.3628873 -7.0600
 | 10.2937 28.5544 58.3150 0.6786676 NC(=O)c1cccc(NC(=O)c2ccc(NC(=O)c3ccc(F)cc3)cc2)c1 1 0.6348072 0.6348 0.7255584 -8.2600
20:04:44 <INFO> Score: 0.42 Agent NLL: 11.49 Valid: 100% Step: 180
 | Agent Prior Target Score SMILES SMILES_state QED QED (raw) maize maize (raw)
 | 14.2636 29.6376 37.3987 0.5237215 CC(=O)c1ccc(C#CCOc2cccc(C(C)(C)C)c2)cc1 1 0.6108652 0.6109 0.4490094 -7.3400
 | 11.4777 27.9382 33.9309 0.4833524 CN1CCN(CCN=c2cc(N(C)C)c3ccccc3[nH]2)CC1 1 0.9266560 0.9267 0.2521211 -6.6500
 | 12.3237 18.8894 5.6743 0.1919033 CS(=O)(=O)CCc1ccccc1 1 0.7086829 0.7087 0.0519652 -5.2300
 | 7.8922 17.2903 42.4052 0.4663712 O=C(c1ccccc1)N1CCN(Cc2ccccc2)CC1 1 0.8626890 0.8627 0.2521211 -6.6500
20:04:51 <INFO> Score: 0.46 Agent NLL: 7.53 Valid: 100% Step: 181
 | Agent Prior Target Score SMILES SMILES_state QED QED (raw) maize maize (raw)
 | 5.5694 35.4869 51.7139 0.6812564 CC(C)(C)c1ccc(NC(=O)c2ccc(=NC(=O)C=Cc3cccnc3)[nH]c2)cc1 1 0.6465275 0.6465 0.7178507 -8.2300
 | 7.7344 24.7287 7.2210 0.2496071 CCNCc1cccc(Cn2ccnc2)c1 1 0.8268486 0.8268 0.0753508 -5.5400
 | 12.1536 19.2424 0.5176 0.1543744 CS(=O)(=O)c1ccc(F)cc1 1 0.5999127 0.5999 0.0397249 -5.0100
 | 4.6427 30.6372 63.5548 0.7358744 Cc1ccccc1NC(=O)c1ccc(=NC(=O)c2cccc(F)c2)[nH]c1 1 0.7598661 0.7599 0.7126403 -8.2100
20:05:09 <INFO> Score: 0.72 Agent NLL: 6.11 Valid: 100% Step: 182
 | Agent Prior Target Score SMILES SMILES_state QED QED (raw) maize maize (raw)
 | 4.9967 33.3832 48.5473 0.6400820 CC(C)(C)c1ccc(NC(=O)c2ccc(=NC(=O)c3cccc(F)c3)[nH]c2)cc1 1 0.6924274 0.6924 0.5916938 -7.7900
 | 3.6047 25.8080 63.3101 0.6962350 CN1CCN(Cc2ccc(NC(=O)c3cccc(C(C)(C)C)c3)cc2)CC1 1 0.8900033 0.8900 0.5446532 -7.6400
 | 11.9329 32.3056 67.4453 0.7793044 Cc1cccc(NC(=O)c2cccc(=NC(=O)c3cccc(F)c3)[nH]2)c1 1 0.7598661 0.7599 0.7992400 -8.5800
 | 3.9190 26.6651 71.9710 0.7705945 Cc1ccccc1C(=O)N1CCCC(c2noc(Cc3ccccc3)n2)C1 1 0.7049568 0.7050 0.8423437 -8.8100
20:05:25 <INFO> Score: 0.62 Agent NLL: 10.47 Valid: 100% Step: 183
 | Agent Prior Target Score SMILES SMILES_state QED QED (raw) maize maize (raw)
 | 20.0396 37.3540 41.4447 0.6156148 Cc1cc(=O)c2ccc(NCN3CCN(C)CC3)c(C#N)c2[nH]1 1 0.8941526 0.8942 0.4238445 -7.2600
 | 6.3731 32.9132 47.0131 0.6244244 CNC(=O)c1ccncc1N=c1cccc(-c2ccc(O)cc2)[nH]1 1 0.6917958 0.6918 0.5636140 -7.7000
 | 6.1121 30.9805 63.6776 0.7395159 Cc1ccccc1NC(=O)c1ccc(=NC(=O)c2cccc(C(F)(F)F)c2)[nH]c1 1 0.6878146 0.6878 0.7951035 -8.5600
 | 9.3463 18.1276 43.6727 0.4828146 O=C(c1ccccc1)N1CCN(CCc2ccccc2)CC1 1 0.8653677 0.8654 0.2693768 -6.7200
20:06:06 <INFO> Score: 0.56 Agent NLL: 12.45 Valid: 100% Step: 184
 | Agent Prior Target Score SMILES SMILES_state QED QED (raw) maize maize (raw)
 | 18.8844 50.0354 -19.6527 0.2373652 CC(C(=O)Nc1ccc(CCNCC(O)COc2ccc(S(=O)(=O)c3ccc(Br)cc3)cc2)cc1)(C(F)(F)F)C(F)(F)F 1 0.1604542 0.1605 0.3511421 -7.0200
 | 8.8314 34.2242 53.4416 0.6848887 CC(=O)c1cccc(C(=O)Nc2ccc(C(=O)Nc3ccc(C(C)(C)C)cc3)cc2)c1 1 0.5266335 0.5266 0.8907000 -9.1400
 | 5.8167 24.6616 61.3424 0.6719065 CN(Cc1ccccc1)C1CCN(C(=O)c2ccc(-c3ccccc3)cc2)CC1 1 0.6116417 0.6116 0.7381092 -8.3100
 | 16.2557 27.3401 54.8358 0.6419997 CN1CCN(C(=O)c2cccc(OCc3cccc(C(F)(F)F)c3)c2)CC1 1 0.8139161 0.8139 0.5063957 -7.5200
20:06:06 <INFO> Score: 0.69 Agent NLL: 6.15 Valid: 100% Step: 185
 | Agent Prior Target Score SMILES SMILES_state QED QED (raw) maize maize (raw)
 | 4.0672 29.1374 59.3280 0.6911360 CNCc1cccc(C(=O)Nc2ccc(CN3CCN(C)CC3)cc2)c1 1 0.8381688 0.8382 0.5698960 -7.7200
 | 6.8027 39.6236 39.4394 0.6176801 Cc1cc(C(C)C(=O)NCc2cccc(C(F)(F)F)c2)ccc1NCCc1ccccc1 1 0.4451716 0.4452 0.8570375 -8.9000
 | 8.8260 28.0624 75.4216 0.8084687 Cc1ccccc1CCNC(=O)C1CCN(C(=O)c2cccc3ccccc23)CC1 1 0.6918155 0.6918 0.9447919 -9.7200
 | 4.9146 30.8997 51.8985 0.6468613 NC(Cn1cc(-c2ccc(NC(=O)c3cccc(C(F)(F)F)c3)cc2)nn1)c1ccccc1 1 0.4359621 0.4360 0.9597843 -9.9800
20:06:25 <INFO> Score: 0.65 Agent NLL: 7.87 Valid: 100% Step: 186
 | Agent Prior Target Score SMILES SMILES_state QED QED (raw) maize maize (raw)
 | 8.9823 27.6745 52.3898 0.6255022 CC(C)(C)c1ccc(NC(=O)c2ccc(OCC(=O)Nc3ccc(F)cc3)cc2)cc1 1 0.5616049 0.5616 0.6966696 -8.1500
 | 10.6963 31.4171 42.8763 0.5804168 CC(C)c1ccc(C(C)C)c(NC(=O)N=c2ccc(C#N)c[nH]2)c1 1 0.8846448 0.8846 0.3808123 -7.1200
 | 3.9306 25.4489 71.3578 0.7563020 Cc1ccccc1C(=O)N1CCC(C(=O)N2CCc3ccccc32)CC1 1 0.8341137 0.8341 0.6857491 -8.1100
20:06:44 <INFO> Score: 0.73 Agent NLL: 6.56 Valid: 100% Step: 187
 | Agent Prior Target Score SMILES SMILES_state QED QED (raw) maize maize (raw)
 | 9.3497 22.6733 77.5285 0.7828261 Cc1cccc(NC(=O)CN2CCN(C(=O)c3ccccc3)CC2)c1 1 0.9319683 0.9320 0.6575510 -8.0100
 | 3.2884 24.4913 58.9001 0.6514956 Cc1cccc(NC(=O)c2ccc(NC(=O)c3ccncc3)cc2)c1 1 0.7615964 0.7616 0.5573116 -7.6800
 | 3.8294 25.4489 71.3578 0.7563020 Cc1ccccc1C(=O)N1CCC(C(=O)N2CCc3ccccc32)CC1 1 0.8341137 0.8341 0.6857491 -8.1100
 | 9.7694 26.9304 67.3850 0.7368385 Cc1ccsc1C(=O)N1CCCC(c2noc(Cc3ccccc3)n2)C1 1 0.6979199 0.6979 0.7779274 -8.4800
20:06:54 <INFO> Score: 0.59 Agent NLL: 7.08 Valid: 100% Step: 188
 | Agent Prior Target Score SMILES SMILES_state QED QED (raw) maize maize (raw)
 | 7.3759 27.9329 48.4065 0.5964015 CNCc1cccc(N=c2ccc(-c3cccnc3)c[nH]2)c1 1 0.7757434 0.7757 0.4585211 -7.3700
 | 5.3555 62.7564 33.0552 0.7485286 Cc1ccccc1C(=O)N1CCC(C(N2CC(F)CC(C(=O)N=c3ccc(C#N)c[nH]3)C2)C(C)(C)C)CC1 1 0.6537579 0.6538 0.8570375 -8.9000
 | 5.8333 21.1127 28.9144 0.3908372 Cc1ccccc1C(=O)N1CCc2ccccc21 1 0.7455159 0.7455 0.2048966 -6.4400
 | 9.7371 22.5797 57.4411 0.6251623 O=C(c1ccccc1)N1CCC(C(=O)N2CCc3ccccc32)CC1 1 0.8464998 0.8465 0.4616988 -7.3800
20:07:09 <INFO> Score: 0.70 Agent NLL: 7.56 Valid: 100% Step: 189
 | Agent Prior Target Score SMILES SMILES_state QED QED (raw) maize maize (raw)
 | 16.9541 37.4680 48.7879 0.6738736 Cc1ccc(F)cc1C(=O)N1CCC2(CN(Cc3ccccn3)CC2c2ccccc2)C1 1 0.6052456 0.6052 0.7502833 -8.3600
 | 3.0499 24.4913 58.9001 0.6514956 Cc1cccc(NC(=O)c2ccc(NC(=O)c3ccncc3)cc2)c1 1 0.7615964 0.7616 0.5573116 -7.6800
 | 6.2819 35.0807 53.1827 0.6895581 Cc1ccccc1C(=O)N1CC(N(Cc2ccccc2)Cc2ccccc2)CC1=O 1 0.5766295 0.5766 0.8246028 -8.7100
 | 3.9466 26.6651 71.9710 0.7705945 Cc1ccccc1C(=O)N1CCCC(c2noc(Cc3ccccc3)n2)C1 1 0.7049568 0.7050 0.8423437 -8.8100
20:07:20 <INFO> Score: 0.69 Agent NLL: 5.18 Valid: 100% Step: 190
 | Agent Prior Target Score SMILES SMILES_state QED QED (raw) maize maize (raw)
 | 4.0478 29.7367 66.8135 0.7542980 Cc1ccc(F)cc1C(=O)N1CCCC(c2noc(Cc3ccccc3)n2)C1 1 0.6839505 0.6840 0.8318810 -8.7500
 | 3.1721 24.4913 58.9001 0.6514956 Cc1cccc(NC(=O)c2ccc(NC(=O)c3ccncc3)cc2)c1 1 0.7615964 0.7616 0.5573116 -7.6800
 | 9.1655 25.5214 62.7347 0.6895006 Cc1cccc(NC(=O)c2ccc(NCCc3ccccc3)cc2)c1 1 0.6746119 0.6746 0.7047178 -8.1800
 | 4.3460 22.1629 60.8788 0.6487632 O=C(OCc1ccccc1)C1CCN(CCc2ccccc2)CC1 1 0.7595256 0.7595 0.5541534 -7.6700
20:07:50 <INFO> Score: 0.62 Agent NLL: 6.33 Valid: 100% Step: 191
 | Agent Prior Target Score SMILES SMILES_state QED QED (raw) maize maize (raw)
 | 6.8194 33.7867 48.7434 0.6447659 CNS(=O)(=O)c1cccc(NC(=O)c2cccc(C(=O)Nc3ccc(C(C)(C)C)cc3)c2)c1 1 0.5019159 0.5019 0.8282724 -8.7300
 | 3.1037 24.4913 58.9001 0.6514956 Cc1cccc(NC(=O)c2ccc(NC(=O)c3ccncc3)cc2)c1 1 0.7615964 0.7616 0.5573116 -7.6800
 | 4.2915 27.4454 65.7089 0.7277681 Cc1cccc(NC(=O)c2cccc(C(=O)Nc3ccc(C(C)(C)C)cc3)c2)c1 1 0.5954774 0.5955 0.8894484 -9.1300
 | 11.0926 33.8380 26.2080 0.4691096 Cc1ccccc1C(=O)N1CCC2CCc3ccccc3N21 1 0.8018601 0.8019 0.2744417 -6.7400
20:08:12 <INFO> Score: 0.67 Agent NLL: 9.59 Valid: 100% Step: 192
 | Agent Prior Target Score SMILES SMILES_state QED QED (raw) maize maize (raw)
 | 4.2741 26.2939 63.9247 0.7048328 CNCc1cccc(C(=O)Nc2ccc(C(C)(C)C)cc2)c1 1 0.8964834 0.8965 0.5541534 -7.6700
 | 4.6320 22.6733 77.5285 0.7828261 Cc1cccc(NC(=O)CN2CCN(C(=O)c3ccccc3)CC2)c1 1 0.9319683 0.9320 0.6575510 -8.0100
 | 16.9155 38.3188 51.4393 0.7012350 COc1cccc(C(=O)N2CCC(c3cccc(C(=O)Nc4cccc(C)c4)c3)CC2)c1 1 0.6018152 0.6018 0.8170789 -8.6700
 | 12.5260 25.4134 35.6203 0.4768257 N#Cc1ccc(=NC(=O)c2ccccc2)[nH]c1N1CCOCC1 1 0.9104832 0.9105 0.2497166 -6.6400
20:08:36 <INFO> Score: 0.65 Agent NLL: 6.96 Valid: 100% Step: 193
 | Agent Prior Target Score SMILES SMILES_state QED QED (raw) maize maize (raw)
 | 4.5782 28.5967 61.5276 0.7040961 CC(=O)c1cccc(NC(=O)c2cccc(C(=O)Nc3ccc(C(C)(C)C)cc3)c2)c1 1 0.5266335 0.5266 0.9413592 -9.6700
 | 9.2294 22.7848 44.2038 0.5233477 CC(C)(C)c1ccc(C(=O)N=c2ccc(C#N)c[nH]2)cc1 1 0.8715741 0.8716 0.3142508 -6.8900
 | 10.0640 28.1443 48.4851 0.5986669 CC(C)(C)c1ccc(NC(=O)c2cccc(OCC(=O)O)c2)cc1 1 0.8777776 0.8778 0.4083062 -7.2100
 | 3.9617 26.6651 71.9710 0.7705945 Cc1ccccc1C(=O)N1CCCC(c2noc(Cc3ccccc3)n2)C1 1 0.7049568 0.7050 0.8423437 -8.8100
20:09:00 <INFO> Score: 0.68 Agent NLL: 6.85 Valid: 100% Step: 194
 | Agent Prior Target Score SMILES SMILES_state QED QED (raw) maize maize (raw)
 | 7.0575 27.0244 48.0327 0.5863831 CC(C)(C)c1ccc(NC(=O)c2ccc(C(=O)Nc3ccc(C(C)(C)C)cc3)cc2)cc1 1 0.4807323 0.4807 0.7152529 -8.2200
 | 4.2811 28.9937 59.6228 0.6923171 CN1CCN(C(=O)c2ccc(NC(=O)c3cc(-c4ccc(Cl)cc4)ccn3)cc2)CC1 1 0.6725735 0.6726 0.7126403 -8.2100
 | 4.0892 25.4033 66.0684 0.7146225 CN1CCN(Cc2ccc(NC(=O)c3cc(-c4ccc(Cl)cc4)ccn3)cc2)CC1 1 0.6641227 0.6641 0.7689623 -8.4400
 | 11.9560 24.2540 68.7102 0.7262830 Cc1cccc(NC(=O)c2ccc(N3CCN(C)CC3)cc2)c1C 1 0.9411589 0.9412 0.5604653 -7.6900
20:09:37 <INFO> Score: 0.67 Agent NLL: 8.21 Valid: 100% Step: 195
 | Agent Prior Target Score SMILES SMILES_state QED QED (raw) maize maize (raw)
 | 8.2085 30.5428 47.4674 0.6094553 CCOC(=O)c1cccc(NC(=O)c2cccc(C(=O)Nc3ccc(C(C)(C)C)cc3)c2)c1 1 0.4802161 0.4802 0.7734763 -8.4600
 | 7.4623 30.6543 52.7562 0.6516445 Cc1ccc(F)cc1C(=O)N1Cc2ccccc2CC1C(=O)Nc1ccc(Cl)cc1 1 0.6457911 0.6458 0.6575510 -8.0100
 | 5.3807 33.3049 55.0719 0.6904436 Cc1cccc(NC(=O)c2cccc(N=c3cccc(-c4ccncc4)[nH]3)c2)c1 1 0.5302004 0.5302 0.8991174 -9.2100
 | 11.7880 36.3066 55.6258 0.7182221 CN1CCN(Cc2cccc(NC(=O)c3cccc(C(=O)OCc4ccccc4F)c3)c2)CC1 1 0.5351067 0.5351 0.9640002 -10.0700
20:09:50 <INFO> Score: 0.72 Agent NLL: 4.80 Valid: 100% Step: 196
 | Agent Prior Target Score SMILES SMILES_state QED QED (raw) maize maize (raw)
 | 4.0998 24.6985 64.0437 0.6932988 CC(C)c1ccc(-c2nc(CN3CCN(c4ccccc4Cl)CC3)co2)cc1 1 0.5753490 0.5753 0.8354289 -8.7700
 | 6.1337 27.5874 64.2508 0.7174861 COc1cccc(NC(=O)c2cccc(C(=O)Nc3ccc(C(C)(C)C)cc3)c2)c1 1 0.5923047 0.5923 0.8691241 -8.9800
 | 3.6748 22.6733 77.5285 0.7828261 Cc1cccc(NC(=O)CN2CCN(C(=O)c3ccccc3)CC2)c1 1 0.9319683 0.9320 0.6575510 -8.0100
 | 5.2850 33.3049 55.0719 0.6904436 Cc1cccc(NC(=O)c2cccc(N=c3cccc(-c4ccncc4)[nH]3)c2)c1 1 0.5302004 0.5302 0.8991174 -9.2100
20:10:07 <INFO> Score: 0.58 Agent NLL: 6.53 Valid: 100% Step: 197
 | Agent Prior Target Score SMILES SMILES_state QED QED (raw) maize maize (raw)
 | 10.4589 30.0457 44.2268 0.5802538 CC(C)c1ccc(-c2ccc(C(=O)N=c3ccc(C#N)c[nH]3)cc2)cc1 1 0.7660249 0.7660 0.4395347 -7.3100
 | 7.2460 34.0297 48.8935 0.6478379 COc1cccc(NC(=O)c2cccc(N=c3cccc(-c4ccncc4)[nH]3)c2)c1 1 0.5185845 0.5186 0.8093067 -8.6300
 | 4.8055 35.8371 47.1264 0.6481529 Cc1cc(C(C)C(=O)N=c2ccc(C(=O)N(C)C)c[nH]2)ccc1Cl 1 0.9290676 0.9291 0.4521761 -7.3500
 | 3.5957 23.0395 35.3535 0.4561959 Cc1cccc(NC(=O)c2ccc(N3CCN(C)CC3)cc2)c1 1 0.9465332 0.9465 0.2198704 -6.5100
20:10:28 <INFO> Score: 0.59 Agent NLL: 9.55 Valid: 100% Step: 198
 | Agent Prior Target Score SMILES SMILES_state QED QED (raw) maize maize (raw)
 | 18.6516 27.0164 0.1896 0.2125465 CC(=O)c1cnccc1Oc1ccccc1F 1 0.7611680 0.7612 0.0593509 -5.3400
 | 4.6649 28.8754 60.9801 0.7019957 CC(C(=O)c1ccccc1)N1CCN(C(=O)c2ccc(-c3ccccc3)cc2)CC1 1 0.5989681 0.5990 0.8227450 -8.7000
 | 8.9843 29.6764 58.2737 0.6871105 CC(C(=O)c1ccccc1)N1CCN(C(=O)c2cccc3ccccc23)CC1 1 0.6529991 0.6530 0.7230037 -8.2500
 | 5.8840 27.6128 71.0233 0.7705945 Cc1cccc(C(=O)N2CCCC(c3noc(Cc4ccccc4)n3)C2)c1 1 0.7049568 0.7050 0.8423437 -8.8100
20:10:49 <INFO> Score: 0.71 Agent NLL: 9.18 Valid: 100% Step: 199
 | Agent Prior Target Score SMILES SMILES_state QED QED (raw) maize maize (raw)
 | 14.3858 19.7367 71.0263 0.7090857 c1ccc(CCN2CCC(COCc3ccccc3)CC2)cc1 1 0.7613310 0.7613 0.6604257 -8.0200
 | 14.3319 37.9672 47.1118 0.6646799 CC(=O)c1cccc(NC(=O)c2cccc(C(=O)Nc3ccc(C)c(C(C)(C)C)c3)c2)c1 1 0.4895038 0.4895 0.9025453 -9.2400
 | 3.8367 25.4033 66.0684 0.7146225 CN1CCN(Cc2ccc(NC(=O)c3cc(-c4ccc(Cl)cc4)ccn3)cc2)CC1 1 0.6641227 0.6641 0.7689623 -8.4400
 | 4.1549 29.7367 66.8135 0.7542980 Cc1ccc(F)cc1C(=O)N1CCCC(c2noc(Cc3ccccc3)n2)C1 1 0.6839505 0.6840 0.8318810 -8.7500
20:11:02 <INFO> Score: 0.67 Agent NLL: 8.40 Valid: 100% Step: 200
 | Agent Prior Target Score SMILES SMILES_state QED QED (raw) maize maize (raw)
 | 5.3241 27.6128 71.0233 0.7705945 Cc1cccc(C(=O)N2CCCC(c3noc(Cc4ccccc4)n3)C2)c1 1 0.7049568 0.7050 0.8423437 -8.8100
 | 4.1061 26.1493 72.9371 0.7741125 Cc1cccc(C(=O)N2Cc3ccccc3CC2C(=O)Nc2ccc(Cl)cc2)c1 1 0.6776427 0.6776 0.8843158 -9.0900
 | 15.7842 27.8400 32.6167 0.4723177 Cc1ccccc1CC(=O)N(Cc1ccccc1)Cc1ccccn1 1 0.6797300 0.6797 0.3281950 -6.9400
20:11:38 <INFO> Score: 0.62 Agent NLL: 11.80 Valid: 100% Step: 201
 | Agent Prior Target Score SMILES SMILES_state QED QED (raw) maize maize (raw)
 | 10.0386 33.6427 51.0300 0.6615056 CC(C)(C)c1ccc(S(=O)(=O)c2ccc(C=CC(=O)N3CCN(C(=O)c4ccccc4)CC3)cc2)cc1 1 0.4561610 0.4562 0.9592876 -9.9700
 | 15.8946 35.1871 42.9507 0.6104511 Cc1ccc(F)cc1C(=O)N1CCC2C(C(=O)N3CCOCC3)CCC21 1 0.8127229 0.8127 0.4585211 -7.3700
 | 15.6537 23.2526 28.2511 0.4023722 Cc1ccccc1CC(=O)OCc1ccccc1 1 0.7665175 0.7665 0.2112194 -6.4700
 | 5.5945 29.3586 74.1254 0.8084687 Cc1ccccc1CCNC(=O)C1CCN(C(=O)c2cccc3ccccc23)CC1 1 0.6918155 0.6918 0.9447919 -9.7200
20:11:38 <INFO> Score: 0.64 Agent NLL: 5.27 Valid: 100% Step: 202
 | Agent Prior Target Score SMILES SMILES_state QED QED (raw) maize maize (raw)
 | 4.1609 24.9286 69.6937 0.7392373 CC(=O)c1cccc(NC(=O)c2cccc(C(C)=O)c2)c1 1 0.8740729 0.8741 0.6252016 -7.9000
 | 7.6431 26.7560 20.1628 0.3665535 CC(=O)c1ccccc1C(=O)N1CCc2ccccc21 1 0.7824109 0.7824 0.1717275 -6.2700
 | 4.2456 27.6128 71.0233 0.7705945 Cc1cccc(C(=O)N2CCCC(c3noc(Cc4ccccc4)n3)C2)c1 1 0.7049568 0.7050 0.8423437 -8.8100
 | 5.0488 28.5544 58.3150 0.6786676 NC(=O)c1cccc(NC(=O)c2ccc(NC(=O)c3ccc(F)cc3)cc2)c1 1 0.6348072 0.6348 0.7255584 -8.2600
20:11:51 <INFO> Score: 0.72 Agent NLL: 5.25 Valid: 100% Step: 203
 | Agent Prior Target Score SMILES SMILES_state QED QED (raw) maize maize (raw)
 | 3.7096 29.6764 58.2737 0.6871105 CC(C(=O)c1ccccc1)N1CCN(C(=O)c2cccc3ccccc23)CC1 1 0.6529991 0.6530 0.7230037 -8.2500
 | 3.8750 27.6128 71.0233 0.7705945 Cc1cccc(C(=O)N2CCCC(c3noc(Cc4ccccc4)n3)C2)c1 1 0.7049568 0.7050 0.8423437 -8.8100
 | 8.1565 32.0607 62.2068 0.7364650 Cc1cccc(F)c1C(=O)N1CCCC(c2noc(Cc3ccccc3)n2)C1 1 0.6839505 0.6840 0.7930116 -8.5500
 | 5.2632 25.5214 62.7347 0.6895006 Cc1cccc(NC(=O)c2ccc(NCCc3ccccc3)cc2)c1 1 0.6746119 0.6746 0.7047178 -8.1800
20:12:19 <INFO> Score: 0.75 Agent NLL: 9.09 Valid: 100% Step: 204
 | Agent Prior Target Score SMILES SMILES_state QED QED (raw) maize maize (raw)
 | 13.5589 34.0676 52.1382 0.6734831 Cc1cccc(NC(=O)c2cccc(CNc3ccc(C(C)(C)C)cc3)c2)c1 1 0.5632240 0.5632 0.8053270 -8.6100
 | 8.0277 31.9070 76.9003 0.8500568 CNS(=O)(=O)c1cccc(C(=O)N2CCC(C(=O)N3CCc4ccccc43)CC2)c1 1 0.8090284 0.8090 0.8931659 -9.1600
 | 7.7227 26.0413 73.0451 0.7741125 Cc1cccc(C(=O)N2Cc3ccccc3CC2C(=O)Nc2ccc(Cl)cc2)c1 1 0.6776427 0.6776 0.8843158 -9.0900
 | 7.0503 30.1878 59.8914 0.7037439 Cc1cccc(NC(=O)c2ccc(=NC(=O)c3cccc(F)c3)[nH]c2)c1 1 0.7598661 0.7599 0.6517668 -7.9900
20:12:36 <INFO> Score: 0.55 Agent NLL: 8.28 Valid: 100% Step: 205
 | Agent Prior Target Score SMILES SMILES_state QED QED (raw) maize maize (raw)
 | 7.0120 29.3050 24.3282 0.4190100 Cc1cccc(C(=O)N2CCC2c2ccccc2)c1 1 0.7985128 0.7985 0.2198704 -6.5100
 | 7.6163 32.0607 62.2068 0.7364650 Cc1cccc(F)c1C(=O)N1CCCC(c2noc(Cc3ccccc3)n2)C1 1 0.6839505 0.6840 0.7930116 -8.5500
 | 7.3503 21.6662 55.5705 0.6034115 Cc1ccccc1CCNC(=O)Cc1ccccc1 1 0.8718811 0.8719 0.4176091 -7.2400
 | 11.1569 19.9588 34.5609 0.4259348 O=C(C=Cc1ccccc1)N1CCc2ccccc21 1 0.7478299 0.7478 0.2425959 -6.6100
20:13:04 <INFO> Score: 0.49 Agent NLL: 11.53 Valid: 100% Step: 206
 | Agent Prior Target Score SMILES SMILES_state QED QED (raw) maize maize (raw)
 | 12.5917 33.0020 52.0404 0.6643934 CC(=O)c1cccc(OCC(=O)Nc2ccc(C)c(C#N)c2)c1 1 0.8608186 0.8608 0.5127894 -7.5400
 | 15.8852 33.3787 37.6282 0.5547413 CC(C)c1ccc(-c2ccc(C3=NC(=O)C(C#N)C3c3ccccc3)cc2)cc1 1 0.5820096 0.5820 0.5287507 -7.5900
 | 7.2688 30.5755 45.7753 0.5964906 COc1cccc(NC(=O)c2ccc(=NC(=O)c3cccc(F)c3)[nH]c2)c1 1 0.7449324 0.7449 0.4776286 -7.4300
 | 10.3702 25.8125 -4.8789 0.1635437 Cc1cccc(C(=O)N2CC(=O)Nc3ccccc3C2)c1 1 0.8725464 0.8725 0.0306534 -4.8000
20:13:24 <INFO> Score: 0.72 Agent NLL: 4.83 Valid: 100% Step: 207
 | Agent Prior Target Score SMILES SMILES_state QED QED (raw) maize maize (raw)
 | 3.9314 24.9286 69.6937 0.7392373 CC(=O)c1cccc(NC(=O)c2cccc(C(C)=O)c2)c1 1 0.8740729 0.8741 0.6252016 -7.9000
 | 4.3006 24.6985 64.0437 0.6932988 CC(C)c1ccc(-c2nc(CN3CCN(c4ccccc4Cl)CC3)co2)cc1 1 0.5753490 0.5753 0.8354289 -8.7700
 | 4.1912 29.6603 54.6422 0.6586136 CN1CCN(Cc2ccc(NC(=O)c3cccc(C(=O)Nc4ccc(C(C)(C)C)cc4)c3)cc2)CC1 1 0.5025202 0.5025 0.8631930 -8.9400
 | 6.8982 43.4301 56.1755 0.7781684 Cc1ccc(F)cc1C(=O)N1CCC2C(=O)CN(Cc3ccccn3)CC2C1 1 0.8204017 0.8204 0.7381092 -8.3100
20:13:38 <INFO> Score: 0.72 Agent NLL: 5.35 Valid: 100% Step: 208
 | Agent Prior Target Score SMILES SMILES_state QED QED (raw) maize maize (raw)
 | 9.5547 36.0924 53.1495 0.6972026 Cc1ccc(NC(=O)c2cccc(CNc3ccc(C(C)(C)C)cc3)c2)cc1C 1 0.5277834 0.5278 0.9210057 -9.4200
 | 4.4308 29.6603 54.6422 0.6586136 CN1CCN(Cc2ccc(NC(=O)c3cccc(C(=O)Nc4ccc(C(C)(C)C)cc4)c3)cc2)CC1 1 0.5025202 0.5025 0.8631930 -8.9400
 | 3.7811 30.8013 59.7804 0.7076699 Cc1cccc(NC(=O)c2ccc(=NC(=O)c3cccc(C(F)(F)F)c3)[nH]c2)c1 1 0.6878146 0.6878 0.7280983 -8.2700
 | 3.6472 29.3586 74.1254 0.8084687 Cc1ccccc1CCNC(=O)C1CCN(C(=O)c2cccc3ccccc23)CC1 1 0.6918155 0.6918 0.9447919 -9.7200
20:13:49 <INFO> Score: 0.68 Agent NLL: 5.68 Valid: 100% Step: 209
 | Agent Prior Target Score SMILES SMILES_state QED QED (raw) maize maize (raw)
 | 4.1225 34.6270 53.9902 0.6923218 CC(=O)SCC(=O)c1cccc(C(=O)Nc2cccc(C)c2)c1 1 0.8504215 0.8504 0.5636140 -7.7000
 | 5.3252 29.5936 54.9041 0.6601384 CC(C)(C)c1ccc(NC(=O)c2ccc(=NC(=O)Nc3ccc(Cl)cc3)[nH]c2)cc1 1 0.5308779 0.5309 0.8208717 -8.6900
 | 10.1392 29.3043 55.2771 0.6607917 CNC(=O)c1cccnc1N=c1cccc(-c2ccc(O)cc2)[nH]1 1 0.6917958 0.6918 0.6311771 -7.9200
 | 3.1188 30.8013 59.7804 0.7076699 Cc1cccc(NC(=O)c2ccc(=NC(=O)c3cccc(C(F)(F)F)c3)[nH]c2)c1 1 0.6878146 0.6878 0.7280983 -8.2700
20:14:28 <INFO> Score: 0.53 Agent NLL: 13.73 Valid: 100% Step: 210
 | Agent Prior Target Score SMILES SMILES_state QED QED (raw) maize maize (raw)
 | 12.5651 35.2487 59.1051 0.7371387 Cc1cccc(NC(=O)c2cccc(CNC(C)C(=O)c3ccccc3)c2)c1 1 0.5956650 0.5957 0.9122131 -9.3300
 | 6.9341 25.2160 4.0714 0.2288077 CNS(=O)(=O)c1cccc(C(=O)N2CCC2)c1 1 0.8508528 0.8509 0.0615300 -5.3700
 | 16.4840 26.8142 46.1139 0.5697505 Cc1ccccc1C(=O)N1C=CC(=O)C(OCc2ccccc2)C1c1ccccc1 1 0.6176543 0.6177 0.5255619 -7.5800
 | 18.9301 38.7638 34.0595 0.5689319 Cc1ccccc1CCNC(=O)c1ccc(CC(C(=O)N2CCc3ccccc32)c2ccccc2)cc1 1 0.3365696 0.3366 0.9617136 -10.0200
20:14:48 <INFO> Score: 0.59 Agent NLL: 10.99 Valid: 100% Step: 211
 | Agent Prior Target Score SMILES SMILES_state QED QED (raw) maize maize (raw)
 | 17.0031 25.2726 2.0652 0.2135770 CN(CCc1ccccn1)C(=O)c1ccoc1 1 0.8065208 0.8065 0.0565579 -5.3000
 | 13.4259 37.6871 52.7232 0.7063308 CNS(=O)(=O)c1cccc(C#CCNC(=O)c2ccnc3ccccc23)c1 1 0.6781996 0.6782 0.7356288 -8.3000
 | 4.6145 30.1878 59.8914 0.7037439 Cc1cccc(NC(=O)c2ccc(=NC(=O)c3cccc(F)c3)[nH]c2)c1 1 0.7598661 0.7599 0.6517668 -7.9900
 | 8.9167 30.9284 61.7597 0.7241257 Cc1ccc(NC(=O)c2cccc(C(=O)OCc3ccccc3F)c2)cc1C 1 0.6330743 0.6331 0.8282724 -8.7300
20:15:07 <INFO> Score: 0.65 Agent NLL: 6.77 Valid: 100% Step: 212
 | Agent Prior Target Score SMILES SMILES_state QED QED (raw) maize maize (raw)
 | 9.6265 48.3571 29.1892 0.6058306 CCCc1ccc(-c2ccc(C(=O)N3CCC(N(C)C(=O)c4cccnc4)CC3)cc2C#N)cc1 1 0.5150294 0.5150 0.7126403 -8.2100
 | 5.0760 43.1995 42.2162 0.6673099 Cc1ccc(F)cc1C(=O)c1ccccc1C(=O)C1CCN(Cc2ccccc2O)CC1 1 0.5475768 0.5476 0.8132238 -8.6500
 | 5.6030 28.5544 58.3150 0.6786676 NC(=O)c1cccc(NC(=O)c2ccc(NC(=O)c3ccc(F)cc3)cc2)c1 1 0.6348072 0.6348 0.7255584 -8.2600
20:15:33 <INFO> Score: 0.61 Agent NLL: 7.90 Valid: 100% Step: 213
 | Agent Prior Target Score SMILES SMILES_state QED QED (raw) maize maize (raw)
 | 4.0823 29.5936 54.9041 0.6601384 CC(C)(C)c1ccc(NC(=O)c2ccc(=NC(=O)Nc3ccc(Cl)cc3)[nH]c2)cc1 1 0.5308779 0.5309 0.8208717 -8.6900
 | 12.6290 31.3992 28.9777 0.4716947 CC(C)c1ccc(-c2ccc(CCC(=O)N(CCc3ccccc3)Cc3ccccc3)cc2)cc1 1 0.2370837 0.2371 0.9384700 -9.6300
 | 2.6938 30.8013 59.7804 0.7076699 Cc1cccc(NC(=O)c2ccc(=NC(=O)c3cccc(C(F)(F)F)c3)[nH]c2)c1 1 0.6878146 0.6878 0.7280983 -8.2700
 | 12.1933 29.3047 45.0577 0.5809561 Cc1ccccc1C(=O)N1CCC2(C1)C(=O)NCN2c1ccccc1 1 0.9151004 0.9151 0.3688229 -7.0800
20:15:46 <INFO> Score: 0.69 Agent NLL: 6.41 Valid: 100% Step: 214
 | Agent Prior Target Score SMILES SMILES_state QED QED (raw) maize maize (raw)
 | 6.6968 30.0888 52.2324 0.6431346 CC(=O)CCc1ccccc1C(=O)N1CCc2ccccc21 1 0.8659909 0.8660 0.4776286 -7.4300
 | 3.7490 34.6270 53.9902 0.6923218 CC(=O)SCC(=O)c1cccc(C(=O)Nc2cccc(C)c2)c1 1 0.8504215 0.8504 0.5636140 -7.7000
 | 3.1687 30.1878 59.8914 0.7037439 Cc1cccc(NC(=O)c2ccc(=NC(=O)c3cccc(F)c3)[nH]c2)c1 1 0.7598661 0.7599 0.6517668 -7.9900
 | 12.0194 26.0605 68.0287 0.7350722 O=C(c1ccccc1Cl)N1CCCC(c2noc(Cc3ccccc3)n2)C1 1 0.6743310 0.6743 0.8012848 -8.5900
20:16:13 <INFO> Score: 0.60 Agent NLL: 10.20 Valid: 100% Step: 215
 | Agent Prior Target Score SMILES SMILES_state QED QED (raw) maize maize (raw)
 | 3.6502 34.6270 53.9902 0.6923218 CC(=O)SCC(=O)c1cccc(C(=O)Nc2cccc(C)c2)c1 1 0.8504215 0.8504 0.5636140 -7.7000
 | 20.7668 38.7135 7.3857 0.3601498 CCOC(=O)CC1CC2C=C(c3ccccc3)N(Cc3ccccc3)C(=O)C2C1c1ccccc1 1 0.3986341 0.3986 0.3253808 -6.9300
 | 11.0094 34.9152 48.1305 0.6487945 CNc1ccc(CCNC(=O)CC(N)Cc2ccccc2F)cc1 1 0.6969165 0.6969 0.6039953 -7.8300
 | 5.3717 35.0807 53.1827 0.6895581 Cc1ccccc1C(=O)N1CC(N(Cc2ccccc2)Cc2ccccc2)CC1=O 1 0.5766295 0.5766 0.8246028 -8.7100
20:16:25 <INFO> Score: 0.73 Agent NLL: 6.67 Valid: 100% Step: 216
 | Agent Prior Target Score SMILES SMILES_state QED QED (raw) maize maize (raw)
 | 14.1580 35.3049 63.2370 0.7698584 CC(C)C(C)(C)c1ccc(NC2=NCCN2Cc2ccccc2)cc1 1 0.8410203 0.8410 0.7047178 -8.1800
 | 3.7913 25.4033 66.0684 0.7146225 CN1CCN(Cc2ccc(NC(=O)c3cc(-c4ccc(Cl)cc4)ccn3)cc2)CC1 1 0.6641227 0.6641 0.7689623 -8.4400
 | 4.6831 24.8865 63.7948 0.6928225 CN1CCN(Cc2ccc(NC(=O)c3cc(C(C)(C)C)nn3Cc3ccccc3)cc2)CC1 1 0.6170280 0.6170 0.7779274 -8.4800
 | 4.0455 25.4489 71.3578 0.7563020 Cc1ccccc1C(=O)N1CCC(C(=O)N2CCc3ccccc32)CC1 1 0.8341137 0.8341 0.6857491 -8.1100
20:16:37 <INFO> Score: 0.70 Agent NLL: 6.18 Valid: 100% Step: 217
 | Agent Prior Target Score SMILES SMILES_state QED QED (raw) maize maize (raw)
 | 3.4546 34.6270 53.9902 0.6923218 CC(=O)SCC(=O)c1cccc(C(=O)Nc2cccc(C)c2)c1 1 0.8504215 0.8504 0.5636140 -7.7000
 | 5.5705 37.9672 47.1118 0.6646799 CC(=O)c1cccc(NC(=O)c2cccc(C(=O)Nc3ccc(C)c(C(C)(C)C)c3)c2)c1 1 0.4895038 0.4895 0.9025453 -9.2400
 | 4.0602 28.9937 59.6228 0.6923171 CN1CCN(C(=O)c2ccc(NC(=O)c3cc(-c4ccc(Cl)cc4)ccn3)cc2)CC1 1 0.6725735 0.6726 0.7126403 -8.2100
 | 11.6511 36.5918 56.9844 0.7310642 CC(Nc1ccc(C(=O)N2CCN(C)CC2)cc1)c1cc(-c2ccc(Cl)cc2)ccn1 1 0.6159711 0.6160 0.8676622 -8.9700
20:16:57 <INFO> Score: 0.70 Agent NLL: 5.63 Valid: 100% Step: 218
 | Agent Prior Target Score SMILES SMILES_state QED QED (raw) maize maize (raw)
 | 3.9086 25.4033 66.0684 0.7146225 CN1CCN(Cc2ccc(NC(=O)c3cc(-c4ccc(Cl)cc4)ccn3)cc2)CC1 1 0.6641227 0.6641 0.7689623 -8.4400
 | 8.3374 27.6325 59.5078 0.6807832 Cc1cccc(NC(=O)c2ccc(=NC(=O)Nc3ccc(Cl)cc3)[nH]c2)c1 1 0.6300267 0.6300 0.7356288 -8.3000
 | 2.8081 30.1878 59.8914 0.7037439 Cc1cccc(NC(=O)c2ccc(=NC(=O)c3cccc(F)c3)[nH]c2)c1 1 0.7598661 0.7599 0.6517668 -7.9900
 | 7.4838 37.8439 49.8843 0.6853763 Cc1ccccc1C(=O)c1ccccc1C(=O)C1CCN(Cc2ccccc2O)CC1 1 0.5762565 0.5763 0.8151591 -8.6600
20:17:09 <INFO> Score: 0.54 Agent NLL: 9.52 Valid: 100% Step: 219
 | Agent Prior Target Score SMILES SMILES_state QED QED (raw) maize maize (raw)
 | 13.9854 22.9925 9.0635 0.2504375 CC(=O)SCC(=O)c1cccc(Br)c1 1 0.7939686 0.7940 0.0789942 -5.5800
 | 6.9021 26.1295 60.8456 0.6794932 CCOc1ccccc1NC(=O)CNc1ccc(C(=O)N2CCOCC2)cc1 1 0.7683252 0.7683 0.6009317 -7.8200
 | 14.2518 23.0191 43.2834 0.5179882 CN(C(=O)Nc1ccc(C(C)(C)C)cc1)c1ccccc1 1 0.8538141 0.8538 0.3142508 -6.8900
 | 2.9260 30.1878 59.8914 0.7037439 Cc1cccc(NC(=O)c2ccc(=NC(=O)c3cccc(F)c3)[nH]c2)c1 1 0.7598661 0.7599 0.6517668 -7.9900
20:17:18 <INFO> Score: 0.70 Agent NLL: 6.26 Valid: 100% Step: 220
 | Agent Prior Target Score SMILES SMILES_state QED QED (raw) maize maize (raw)
 | 3.4090 34.6270 53.9902 0.6923218 CC(=O)SCC(=O)c1cccc(C(=O)Nc2cccc(C)c2)c1 1 0.8504215 0.8504 0.5636140 -7.7000
 | 4.1967 39.0235 50.1523 0.6966864 CN1CCN(C(=O)c2ccc(NC(=O)c3cc(C(C)(C)C)nn3Cc3cccc(C#N)c3)cc2)CC1 1 0.5954321 0.5954 0.8151591 -8.6600
 | 4.4687 43.1995 42.2162 0.6673099 Cc1ccc(F)cc1C(=O)c1ccccc1C(=O)C1CCN(Cc2ccccc2O)CC1 1 0.5475768 0.5476 0.8132238 -8.6500
 | 12.9693 27.6596 65.5923 0.7285304 Cc1ccccc1C(=O)N1CCC(c2cccc(C(=O)O)c2)CC1 1 0.9364786 0.9365 0.5667578 -7.7100
20:17:18 <INFO> Score: 0.50 Agent NLL: 5.91 Valid:  75% Step: 221
 | Agent Prior Target Score SMILES SMILES_state QED QED (raw) maize maize (raw)
 | 3.3784 34.6270 53.9902 0.6923218 CC(=O)SCC(=O)c1cccc(C(=O)Nc2cccc(C)c2)c1 1 0.8504215 0.8504 0.5636140 -7.7000
 | 5.2354 25.1222 55.9844 0.6336451 CN1CCN(C(=O)c2ccc(OCC(=O)Nc3ccc(F)cc3)cc2)CC1 1 0.8756546 0.8757 0.4585211 -7.3700
 | 4.1354 35.0807 53.1827 0.6895581 Cc1ccccc1C(=O)N1CC(N(Cc2ccccc2)Cc2ccccc2)CC1=O 1 0.5766295 0.5766 0.8246028 -8.7100
 | 10.8722 45.0354 -45.0354 0.0000000 Cc1ccccc1NC(=O)c1cc(=NC(=O)c2cccc(F)c2)[nH]c1 0 0.0000000 0.0000 0.0000000 0.0000
20:17:18 <INFO> Score: 0.69 Agent NLL: 5.45 Valid: 100% Step: 222
 | Agent Prior Target Score SMILES SMILES_state QED QED (raw) maize maize (raw)
 | 4.5743 25.6424 66.1084 0.7168026 CC(C)(C)c1ccc(NC(=O)c2cnc(=NCCc3ccccc3)[nH]c2)cc1 1 0.7056822 0.7057 0.7280983 -8.2700
 | 5.6426 26.1295 60.8456 0.6794932 CCOc1ccccc1NC(=O)CNc1ccc(C(=O)N2CCOCC2)cc1 1 0.7683252 0.7683 0.6009317 -7.8200
 | 4.1460 24.8865 63.7948 0.6928225 CN1CCN(Cc2ccc(NC(=O)c3cc(C(C)(C)C)nn3Cc3ccccc3)cc2)CC1 1 0.6170280 0.6170 0.7779274 -8.4800
 | 7.4510 28.1076 59.7120 0.6860908 NC(=O)c1cccc(NC(=O)c2ccc(NC(=O)c3ccncc3)cc2)c1 1 0.6487701 0.6488 0.7255584 -8.2600
20:17:27 <INFO> Score: 0.71 Agent NLL: 7.95 Valid: 100% Step: 223
 | Agent Prior Target Score SMILES SMILES_state QED QED (raw) maize maize (raw)
 | 4.2302 24.2212 67.2759 0.7148208 CC(C)(C)c1ccc(NC2=NCCN2Cc2ccccc2)cc1 1 0.9168459 0.9168 0.5573116 -7.6800
 | 18.3328 32.8476 55.8266 0.6927668 CC(O)(c1ccccc1)c1ncccc1C(=O)N1CCc2ccccc21 1 0.7905858 0.7906 0.6070510 -7.8400
 | 4.2555 30.6372 63.5548 0.7358744 Cc1ccccc1NC(=O)c1ccc(=NC(=O)c2cccc(F)c2)[nH]c1 1 0.7598661 0.7599 0.7126403 -8.2100
 | 4.9812 21.1904 69.9242 0.7118330 O=C(OCC1CCN(CCc2ccccc2)CC1)c1ccccc1 1 0.7574329 0.7574 0.6689783 -8.0500
20:18:09 <INFO> Score: 0.55 Agent NLL: 8.82 Valid: 100% Step: 224
 | Agent Prior Target Score SMILES SMILES_state QED QED (raw) maize maize (raw)
 | 6.4307 19.5319 51.0183 0.5511731 CN1CCN(C(=O)c2ccc(C(=O)c3ccccc3)cc2)CC1 1 0.8170711 0.8171 0.3718058 -7.0900
 | 4.5068 25.4033 66.0684 0.7146225 CN1CCN(Cc2ccc(NC(=O)c3cc(-c4ccc(Cl)cc4)ccn3)cc2)CC1 1 0.6641227 0.6641 0.7689623 -8.4400
 | 16.7299 52.9214 7.2476 0.4700705 CNc1ccc(C#CCc2ccc(C#CC=CC#CC=CC#CC#CC(=O)O)cc2)cc1 1 0.7350010 0.7350 0.3006339 -6.8400
 | 7.6264 22.4826 34.4557 0.4448306 Cc1ccccc1CCNC(=O)c1cccnc1 1 0.8910346 0.8910 0.2220724 -6.5200
20:18:20 <INFO> Score: 0.61 Agent NLL: 6.01 Valid: 100% Step: 225
 | Agent Prior Target Score SMILES SMILES_state QED QED (raw) maize maize (raw)
 | 3.3327 34.6270 53.9902 0.6923218 CC(=O)SCC(=O)c1cccc(C(=O)Nc2cccc(C)c2)c1 1 0.8504215 0.8504 0.5636140 -7.7000
 | 10.0999 29.3321 22.2464 0.4029573 CCOc1ccccc1C(=O)N1CCC(c2cccc(C(=O)O)c2)CC1 1 0.8876755 0.8877 0.1829211 -6.3300
 | 4.2328 25.4033 66.0684 0.7146225 CN1CCN(Cc2ccc(NC(=O)c3cc(-c4ccc(Cl)cc4)ccn3)cc2)CC1 1 0.6641227 0.6641 0.7689623 -8.4400
 | 6.3793 32.9132 47.0131 0.6244244 CNC(=O)c1ccncc1N=c1cccc(-c2ccc(O)cc2)[nH]1 1 0.6917958 0.6918 0.5636140 -7.7000
20:18:32 <INFO> Score: 0.68 Agent NLL: 4.93 Valid: 100% Step: 226
 | Agent Prior Target Score SMILES SMILES_state QED QED (raw) maize maize (raw)
 | 3.3347 34.6270 53.9902 0.6923218 CC(=O)SCC(=O)c1cccc(C(=O)Nc2cccc(C)c2)c1 1 0.8504215 0.8504 0.5636140 -7.7000
 | 3.8516 24.8865 63.7948 0.6928225 CN1CCN(Cc2ccc(NC(=O)c3cc(C(C)(C)C)nn3Cc3ccccc3)cc2)CC1 1 0.6170280 0.6170 0.7779274 -8.4800
 | 7.5478 31.0702 51.3313 0.6437613 COc1cccc(NC(=O)c2cccc(C(=O)CC(=O)c3ccccc3)c2)c1 1 0.4919947 0.4920 0.8423437 -8.8100
 | 4.9781 22.4945 65.3620 0.6863788 O=C(Cc1ccccc1)Nc1cccc(OCc2ccccc2)c1 1 0.7293519 0.7294 0.6459377 -7.9700
20:18:51 <INFO> Score: 0.67 Agent NLL: 8.20 Valid: 100% Step: 227
 | Agent Prior Target Score SMILES SMILES_state QED QED (raw) maize maize (raw)
 | 4.1657 25.1222 55.9844 0.6336451 CN1CCN(C(=O)c2ccc(OCC(=O)Nc3ccc(F)cc3)cc2)CC1 1 0.8756546 0.8757 0.4585211 -7.3700
 | 7.7015 37.7784 54.3020 0.7193777 CN1CCN(C(=O)c2cccc(NC(=O)c3cc(C(C)(C)C)nn3Cc3cccc(C#N)c3)c2)CC1 1 0.5954321 0.5954 0.8691241 -8.9800
 | 5.0411 26.8189 63.0135 0.7018156 CN1CCN(CCN=c2cc(N3CCOCC3)[nH]c3ccccc23)CC1 1 0.8939264 0.8939 0.5509906 -7.6600
 | 15.8973 33.1244 45.4152 0.6135904 Cc1cccc(=O)cc1CC(=O)Nc1ccccc1C 1 0.9291097 0.9291 0.4052193 -7.2000
20:19:14 <INFO> Score: 0.66 Agent NLL: 7.60 Valid: 100% Step: 228
 | Agent Prior Target Score SMILES SMILES_state QED QED (raw) maize maize (raw)
 | 3.9890 39.0235 50.1523 0.6966864 CN1CCN(C(=O)c2ccc(NC(=O)c3cc(C(C)(C)C)nn3Cc3cccc(C#N)c3)cc2)CC1 1 0.5954321 0.5954 0.8151591 -8.6600
 | 4.7910 30.8635 55.3288 0.6733767 Cc1cccc(=NCN2CCN(C(=O)c3ccccc3)CC2)[nH]1 1 0.9368222 0.9368 0.4840152 -7.4500
 | 4.5642 28.1076 59.7120 0.6860908 NC(=O)c1cccc(NC(=O)c2ccc(NC(=O)c3ccncc3)cc2)c1 1 0.6487701 0.6488 0.7255584 -8.2600
 | 17.0423 34.7005 38.7171 0.5735752 O=C(CCc1ccccc1)N=C(C(=O)N=c1cccc[nH]1)C(=O)c1ccccc1 1 0.4017036 0.4017 0.8189831 -8.6800
20:19:22 <INFO> Score: 0.61 Agent NLL: 5.37 Valid: 100% Step: 229
 | Agent Prior Target Score SMILES SMILES_state QED QED (raw) maize maize (raw)
 | 3.5248 34.6270 53.9902 0.6923218 CC(=O)SCC(=O)c1cccc(C(=O)Nc2cccc(C)c2)c1 1 0.8504215 0.8504 0.5636140 -7.7000
 | 8.0823 27.5769 13.8225 0.3234325 CC(=O)SCC(=O)c1cccc(C(N)=O)c1 1 0.7992961 0.7993 0.1308759 -6.0200
 | 4.5963 30.6976 66.7712 0.7614751 CN1CCN(C(=O)c2cccc(OCC(=O)Nc3ccc(Cl)c(C(F)(F)F)c3)c2)CC1 1 0.7453707 0.7454 0.7779274 -8.4800
 | 5.2829 29.3043 55.2771 0.6607917 CNC(=O)c1cccnc1N=c1cccc(-c2ccc(O)cc2)[nH]1 1 0.6917958 0.6918 0.6311771 -7.9200
20:19:23 <INFO> Score: 0.72 Agent NLL: 5.22 Valid: 100% Step: 230
 | Agent Prior Target Score SMILES SMILES_state QED QED (raw) maize maize (raw)
 | 5.6701 33.0020 52.0404 0.6643934 CC(=O)c1cccc(OCC(=O)Nc2ccc(C)c(C#N)c2)c1 1 0.8608186 0.8608 0.5127894 -7.5400
 | 5.6144 39.8532 50.8586 0.7086855 CC(C)(C)c1ccc(S(=O)(=O)c2ccc(C=CC(=O)N3CCC(C(=O)N4CCOCC4)CC3)cc2)cc1 1 0.5537602 0.5538 0.9069542 -9.2800
 | 3.9111 26.6314 76.3600 0.8046201 CN1CCN(C(=O)c2ccc(C(=O)Nc3ccc(C(C)(C)C)cc3)cc2)CC1 1 0.8861113 0.8861 0.7306232 -8.2800
 | 5.6967 51.7173 36.5956 0.6899444 O=C(OCc1ccccc1F)c1cccc(N=C2NC3SCCC(=O)C3C2c2ccccc2)c1 1 0.5119490 0.5119 0.9298255 -9.5200
20:19:43 <INFO> Score: 0.73 Agent NLL: 6.30 Valid: 100% Step: 231
 | Agent Prior Target Score SMILES SMILES_state QED QED (raw) maize maize (raw)
 | 7.3106 31.1487 54.6475 0.6702824 CC(=O)c1cccc(NC(=O)c2cccc(C(=O)OCc3ccccc3F)c2)c1 1 0.4908870 0.4909 0.9152381 -9.3600
 | 3.7984 26.1295 60.8456 0.6794932 CCOc1ccccc1NC(=O)CNc1ccc(C(=O)N2CCOCC2)cc1 1 0.7683252 0.7683 0.6009317 -7.8200
 | 3.5790 26.6314 76.3600 0.8046201 CN1CCN(C(=O)c2ccc(C(=O)Nc3ccc(C(C)(C)C)cc3)cc2)CC1 1 0.8861113 0.8861 0.7306232 -8.2800
 | 10.4960 33.0713 66.5521 0.7783079 Cc1ccccc1CCNC(=O)CC(C)C(=O)c1ccccc1 1 0.7948874 0.7949 0.7620741 -8.4100
20:20:09 <INFO> Score: 0.74 Agent NLL: 8.99 Valid: 100% Step: 232
 | Agent Prior Target Score SMILES SMILES_state QED QED (raw) maize maize (raw)
 | 20.0093 37.1666 55.2612 0.7220921 CC(=O)C1=C(c2ccccc2)CCN(CC#Cc2ccccc2)C1c1ccccc1 1 0.5453114 0.5453 0.9561821 -9.9100
 | 8.3139 34.6178 68.2187 0.8034097 CC(C)(C)c1ccc(S(=O)(=O)c2ccc(C=CC(=O)N3CCC(O)CC3)cc2)cc1 1 0.7531376 0.7531 0.8570375 -8.9000
 | 3.9288 30.6976 66.7712 0.7614751 CN1CCN(C(=O)c2cccc(OCC(=O)Nc3ccc(Cl)c(C(F)(F)F)c3)c2)CC1 1 0.7453707 0.7454 0.7779274 -8.4800
 | 3.7085 37.8439 49.8843 0.6853763 Cc1ccccc1C(=O)c1ccccc1C(=O)C1CCN(Cc2ccccc2O)CC1 1 0.5762565 0.5763 0.8151591 -8.6600
20:20:10 <INFO> Score: 0.65 Agent NLL: 6.71 Valid: 100% Step: 233
 | Agent Prior Target Score SMILES SMILES_state QED QED (raw) maize maize (raw)
 | 3.7005 28.5967 61.5276 0.7040961 CC(=O)c1cccc(NC(=O)c2cccc(C(=O)Nc3ccc(C(C)(C)C)cc3)c2)c1 1 0.5266335 0.5266 0.9413592 -9.6700
 | 4.2245 37.7784 54.3020 0.7193777 CN1CCN(C(=O)c2cccc(NC(=O)c3cc(C(C)(C)C)nn3Cc3cccc(C#N)c3)c2)CC1 1 0.5954321 0.5954 0.8691241 -8.9800
 | 12.2184 31.3261 37.0109 0.5338827 Cc1[nH]c(SC2CCCC2)nc1Cc1ccccc1Cl 1 0.8610637 0.8611 0.3310217 -6.9500
20:20:10 <INFO> Score: 0.72 Agent NLL: 4.45 Valid: 100% Step: 234
 | Agent Prior Target Score SMILES SMILES_state QED QED (raw) maize maize (raw)
 | 4.4760 24.2212 67.2759 0.7148208 CC(C)(C)c1ccc(NC2=NCCN2Cc2ccccc2)cc1 1 0.9168459 0.9168 0.5573116 -7.6800
 | 4.6114 27.4454 65.7089 0.7277681 Cc1cccc(NC(=O)c2cccc(C(=O)Nc3ccc(C(C)(C)C)cc3)c2)c1 1 0.5954774 0.5955 0.8894484 -9.1300
 | 3.5689 37.8439 49.8843 0.6853763 Cc1ccccc1C(=O)c1ccccc1C(=O)C1CCN(Cc2ccccc2O)CC1 1 0.5762565 0.5763 0.8151591 -8.6600
 | 5.1479 29.4096 64.6859 0.7351211 Cc1ccccc1CCNC(=O)CC(N)Cc1ccccc1F 1 0.8254654 0.8255 0.6546646 -8.0000
20:20:24 <INFO> Score: 0.74 Agent NLL: 6.89 Valid: 100% Step: 235
 | Agent Prior Target Score SMILES SMILES_state QED QED (raw) maize maize (raw)
 | 7.9581 35.4869 51.7139 0.6812564 CC(C)(C)c1ccc(NC(=O)c2ccc(=NC(=O)C=Cc3cccnc3)[nH]c2)cc1 1 0.6465275 0.6465 0.7178507 -8.2300
 | 7.1329 35.3049 63.2370 0.7698584 CC(C)C(C)(C)c1ccc(NC2=NCCN2Cc2ccccc2)cc1 1 0.8410203 0.8410 0.7047178 -8.1800
 | 8.0234 27.3931 64.4931 0.7178610 COc1cccc(C(=O)N2CCCC(c3noc(Cc4ccccc4)n3)C2)c1 1 0.6782843 0.6783 0.7597469 -8.4000
 | 4.4467 29.3586 74.1254 0.8084687 Cc1ccccc1CCNC(=O)C1CCN(C(=O)c2cccc3ccccc23)CC1 1 0.6918155 0.6918 0.9447919 -9.7200
20:20:37 <INFO> Score: 0.71 Agent NLL: 6.43 Valid: 100% Step: 236
 | Agent Prior Target Score SMILES SMILES_state QED QED (raw) maize maize (raw)
 | 2.7595 28.5967 61.5276 0.7040961 CC(=O)c1cccc(NC(=O)c2cccc(C(=O)Nc3ccc(C(C)(C)C)cc3)c2)c1 1 0.5266335 0.5266 0.9413592 -9.6700
 | 3.8532 25.4033 66.0684 0.7146225 CN1CCN(Cc2ccc(NC(=O)c3cc(-c4ccc(Cl)cc4)ccn3)cc2)CC1 1 0.6641227 0.6641 0.7689623 -8.4400
 | 12.6899 35.9891 55.5581 0.7152128 O=C(OCc1ccccc1F)c1cccc(N=C2NNNC2c2ccccc2)c1 1 0.5810644 0.5811 0.8803316 -9.0600
20:20:51 <INFO> Score: 0.56 Agent NLL: 7.72 Valid:  75% Step: 237
 | Agent Prior Target Score SMILES SMILES_state QED QED (raw) maize maize (raw)
 | 5.6989 27.7420 65.1266 0.7255354 CCC(=O)c1ccc(S(=O)(=O)c2ccc(C(C)(C)C)cc2)cc1 1 0.7802945 0.7803 0.6746191 -8.0700
 | 3.8221 31.1234 69.4105 0.7854207 CN1CCN(C(=O)c2cccc(NC(=O)c3cc(-c4ccc(Cl)cc4)ccn3)c2)CC1 1 0.6725735 0.6726 0.9172019 -9.3800
 | 3.8372 37.7784 54.3020 0.7193777 CN1CCN(C(=O)c2cccc(NC(=O)c3cc(C(C)(C)C)nn3Cc3cccc(C#N)c3)c2)CC1 1 0.5954321 0.5954 0.8691241 -8.9800
 | 17.5157 39.5328 -39.5328 0.0000000 c1cccc(CCNCCc2ccccc1)cc2 0 0.0000000 0.0000 0.0000000 0.0000
20:21:05 <INFO> Score: 0.76 Agent NLL: 5.47 Valid: 100% Step: 238
 | Agent Prior Target Score SMILES SMILES_state QED QED (raw) maize maize (raw)
 | 2.8947 24.2212 67.2759 0.7148208 CC(C)(C)c1ccc(NC2=NCCN2Cc2ccccc2)cc1 1 0.9168459 0.9168 0.5573116 -7.6800
 | 9.2649 30.7994 64.5386 0.7448283 CNc1ccc(C(=O)N2CCCC(c3noc(Cc4ccccc4)n3)C2)cc1 1 0.7347487 0.7347 0.7550461 -8.3800
 | 4.2438 29.3586 74.1254 0.8084687 Cc1ccccc1CCNC(=O)C1CCN(C(=O)c2cccc3ccccc23)CC1 1 0.6918155 0.6918 0.9447919 -9.7200
20:21:22 <INFO> Score: 0.67 Agent NLL: 4.95 Valid: 100% Step: 239
 | Agent Prior Target Score SMILES SMILES_state QED QED (raw) maize maize (raw)
 | 2.7699 24.2212 67.2759 0.7148208 CC(C)(C)c1ccc(NC2=NCCN2Cc2ccccc2)cc1 1 0.9168459 0.9168 0.5573116 -7.6800
 | 4.9553 24.6985 64.0437 0.6932988 CC(C)c1ccc(-c2nc(CN3CCN(c4ccccc4Cl)CC3)co2)cc1 1 0.5753490 0.5753 0.8354289 -8.7700
 | 5.6723 43.1995 42.2162 0.6673099 Cc1ccc(F)cc1C(=O)c1ccccc1C(=O)C1CCN(Cc2ccccc2O)CC1 1 0.5475768 0.5476 0.8132238 -8.6500
 | 6.3924 29.7775 49.2129 0.6171130 Cc1ccc(NC(=O)c2cccc(C(=O)Nc3ccc(C(C)(C)C)cc3)c2)cc1C 1 0.5553467 0.5553 0.6857491 -8.1100
20:21:53 <INFO> Score: 0.58 Agent NLL: 11.28 Valid: 100% Step: 240
 | Agent Prior Target Score SMILES SMILES_state QED QED (raw) maize maize (raw)
 | 4.3090 35.3049 63.2370 0.7698584 CC(C)C(C)(C)c1ccc(NC2=NCCN2Cc2ccccc2)cc1 1 0.8410203 0.8410 0.7047178 -8.1800
 | 18.7915 39.8867 -16.4622 0.1830038 CC(C)=CCN1C(=O)C(CC(=O)N=c2ccc(C#N)c[nH]2)N(C)C(=O)c2cccnc21 1 0.7550182 0.7550 0.0443571 -5.1000
 | 18.2121 32.3188 52.9125 0.6658692 Cc1cccc(C#CCN2CCC(c3ccccc3)CC2=O)c1 1 0.7737513 0.7738 0.5730288 -7.7300
 | 3.7998 25.5214 62.7347 0.6895006 Cc1cccc(NC(=O)c2ccc(NCCc3ccccc3)cc2)c1 1 0.6746119 0.6746 0.7047178 -8.1800
20:21:53 <INFO> Score: 0.68 Agent NLL: 5.70 Valid: 100% Step: 241
 | Agent Prior Target Score SMILES SMILES_state QED QED (raw) maize maize (raw)
 | 5.7348 30.0888 52.2324 0.6431346 CC(=O)CCc1ccccc1C(=O)N1CCc2ccccc21 1 0.8659909 0.8660 0.4776286 -7.4300
 | 4.0966 26.3279 63.1673 0.6991813 CC(=O)c1cccc(NC(=O)c2ccc(NC(=O)c3ccncc3)cc2)c1 1 0.6785551 0.6786 0.7204345 -8.2400
 | 3.7107 25.5214 62.7347 0.6895006 Cc1cccc(NC(=O)c2ccc(NCCc3ccccc3)cc2)c1 1 0.6746119 0.6746 0.7047178 -8.1800
 | 9.2421 28.9169 60.4753 0.6983762 Cc1ccccc1NC(=O)c1ccc(NC(=O)c2ccnc3ccccc23)cc1 1 0.5197069 0.5197 0.9384700 -9.6300
20:22:09 <INFO> Score: 0.70 Agent NLL: 12.05 Valid: 100% Step: 242
 | Agent Prior Target Score SMILES SMILES_state QED QED (raw) maize maize (raw)
 | 2.7553 24.2212 67.2759 0.7148208 CC(C)(C)c1ccc(NC2=NCCN2Cc2ccccc2)cc1 1 0.9168459 0.9168 0.5573116 -7.6800
 | 10.6997 27.3737 71.9272 0.7757887 CC(O)(c1ccccc1)C1CCN(C(=O)c2ccc(-c3ccccc3)cc2)CC1 1 0.6776163 0.6776 0.8881842 -9.1200
 | 30.2986 36.9215 31.5263 0.5347487 CC(=CC(=O)N1CCc2ccccc21)c1cccc(F)c1C 1 0.7629599 0.7630 0.3747985 -7.1000
 | 4.4603 33.0713 66.5521 0.7783079 Cc1ccccc1CCNC(=O)CC(C)C(=O)c1ccccc1 1 0.7948874 0.7949 0.7620741 -8.4100
20:22:28 <INFO> Score: 0.69 Agent NLL: 7.49 Valid: 100% Step: 243
 | Agent Prior Target Score SMILES SMILES_state QED QED (raw) maize maize (raw)
 | 4.6030 24.6985 64.0437 0.6932988 CC(C)c1ccc(-c2nc(CN3CCN(c4ccccc4Cl)CC3)co2)cc1 1 0.5753490 0.5753 0.8354289 -8.7700
 | 9.9829 24.5817 72.2038 0.7561368 CC(c1ccccc1)N1CCN(C(=O)c2cccc3ccccc23)CC1 1 0.7047477 0.7047 0.8112732 -8.6400
 | 10.7860 23.1032 51.7898 0.5851016 CN(C(=O)c1ccccc1)C1CCN(C(=O)c2ccccc2)CC1 1 0.8712171 0.8712 0.3929490 -7.1600
 | 4.5757 37.7784 54.3020 0.7193777 CN1CCN(C(=O)c2cccc(NC(=O)c3cc(C(C)(C)C)nn3Cc3cccc(C#N)c3)c2)CC1 1 0.5954321 0.5954 0.8691241 -8.9800
20:22:28 <INFO> Score: 0.71 Agent NLL: 4.65 Valid: 100% Step: 244
 | Agent Prior Target Score SMILES SMILES_state QED QED (raw) maize maize (raw)
 | 2.9823 24.2212 67.2759 0.7148208 CC(C)(C)c1ccc(NC2=NCCN2Cc2ccccc2)cc1 1 0.9168459 0.9168 0.5573116 -7.6800
 | 5.2681 26.8189 63.0135 0.7018156 CN1CCN(CCN=c2cc(N3CCOCC3)[nH]c3ccccc23)CC1 1 0.8939264 0.8939 0.5509906 -7.6600
 | 6.1622 38.3958 58.7975 0.7593222 CNS(=O)(=O)c1cccc(NC(=O)c2cccc(C(=O)CSC(C)=O)c2)c1 1 0.6831117 0.6831 0.8440350 -8.8200
 | 4.1835 24.4913 58.9001 0.6514956 Cc1cccc(NC(=O)c2ccc(NC(=O)c3ccncc3)cc2)c1 1 0.7615964 0.7616 0.5573116 -7.6800
20:22:28 <INFO> Score: 0.71 Agent NLL: 4.72 Valid: 100% Step: 245
 | Agent Prior Target Score SMILES SMILES_state QED QED (raw) maize maize (raw)
 | 5.1129 23.5302 70.0542 0.7311282 CN1CCN(c2ccc(NC(=O)c3cccc(C(C)(C)C)c3)cc2)CC1 1 0.9081694 0.9082 0.5885999 -7.7800
 | 5.6744 28.1516 56.6397 0.6624318 Cc1ccc(C#CCOc2ccccc2C(=O)c2ccccc2)cc1 1 0.5148786 0.5149 0.8522707 -8.8700
 | 3.8484 24.4913 58.9001 0.6514956 Cc1cccc(NC(=O)c2ccc(NC(=O)c3ccncc3)cc2)c1 1 0.7615964 0.7616 0.5573116 -7.6800
 | 4.2580 28.4506 71.7331 0.7826849 Cc1ccccc1CCNC(=O)C1CCN(C(=O)c2cccnc2)CC1 1 0.9005980 0.9006 0.6802099 -8.0900
20:22:44 <INFO> Score: 0.74 Agent NLL: 6.38 Valid: 100% Step: 246
 | Agent Prior Target Score SMILES SMILES_state QED QED (raw) maize maize (raw)
 | 6.7156 32.1590 57.9653 0.7040961 CC(=O)c1cccc(NC(=O)c2ccc(NC(=O)c3cccc(C(C)(C)C)c3)cc2)c1 1 0.5266335 0.5266 0.9413592 -9.6700
 | 3.7321 27.4454 65.7089 0.7277681 Cc1cccc(NC(=O)c2cccc(C(=O)Nc3ccc(C(C)(C)C)cc3)c2)c1 1 0.5954774 0.5955 0.8894484 -9.1300
 | 10.9101 39.3073 56.4988 0.7484852 Cc1ccccc1C(=O)N1CCC2C(=O)CN(Cc3ccccn3)CC2C1 1 0.8410102 0.8410 0.6661394 -8.0400
 | 4.1485 28.4506 71.7331 0.7826849 Cc1ccccc1CCNC(=O)C1CCN(C(=O)c2cccnc2)CC1 1 0.9005980 0.9006 0.6802099 -8.0900
20:23:02 <INFO> Score: 0.62 Agent NLL: 7.61 Valid: 100% Step: 247
 | Agent Prior Target Score SMILES SMILES_state QED QED (raw) maize maize (raw)
 | 5.0140 32.2817 56.3924 0.6927668 CC(O)(c1ccccc1)c1ncccc1C(=O)N1CCc2ccccc21 1 0.7905858 0.7906 0.6070510 -7.8400
 | 15.0048 21.4061 10.1921 0.2468610 Cc1ccc(C(=O)N2CCC(=O)CC2)cc1 1 0.7189597 0.7190 0.0847619 -5.6400
 | 4.7906 36.6089 57.7449 0.7371387 Cc1cccc(NC(=O)c2cccc(CNC(C)C(=O)c3ccccc3)c2)c1 1 0.5956650 0.5957 0.9122131 -9.3300
 | 5.6332 26.4305 74.6234 0.7894838 Cc1ccccc1CCNC(=O)CN1CCN(C(=O)c2ccccc2)CC1 1 0.8530864 0.8531 0.7306232 -8.2800
20:23:22 <INFO> Score: 0.65 Agent NLL: 4.72 Valid: 100% Step: 248
 | Agent Prior Target Score SMILES SMILES_state QED QED (raw) maize maize (raw)
 | 6.2787 37.6983 22.1332 0.4674336 CC(=O)c1cccc(NC(=O)c2ccc(NC(=O)c3cccc(C(=O)Nc4ccc(C(C)(C)C)cc4)c3)cc2)c1 1 0.2237759 0.2238 0.9763974 -10.4100
 | 3.9493 29.6764 58.2737 0.6871105 CC(C(=O)c1ccccc1)N1CCN(C(=O)c2cccc3ccccc23)CC1 1 0.6529991 0.6530 0.7230037 -8.2500
 | 4.5651 23.5302 70.0542 0.7311282 CN1CCN(c2ccc(NC(=O)c3cccc(C(C)(C)C)c3)cc2)CC1 1 0.9081694 0.9082 0.5885999 -7.7800
 | 4.0908 30.8013 59.7804 0.7076699 Cc1cccc(NC(=O)c2ccc(=NC(=O)c3cccc(C(F)(F)F)c3)[nH]c2)c1 1 0.6878146 0.6878 0.7280983 -8.2700
20:23:55 <INFO> Score: 0.64 Agent NLL: 9.85 Valid: 100% Step: 249
 | Agent Prior Target Score SMILES SMILES_state QED QED (raw) maize maize (raw)
 | 4.0722 28.3769 66.8193 0.7437202 CC(O)(c1ccccc1)c1ccccc1C(=O)N1CCc2ccccc21 1 0.7761556 0.7762 0.7126403 -8.2100
 | 13.6969 44.9300 42.3521 0.6818914 CC(O)(c1ccccn1)c1ccccc1C(=O)C1CCN(Cc2ccccc2O)CC1 1 0.5910900 0.5911 0.7866415 -8.5200
 | 3.9297 37.7784 54.3020 0.7193777 CN1CCN(C(=O)c2cccc(NC(=O)c3cc(C(C)(C)C)nn3Cc3cccc(C#N)c3)c2)CC1 1 0.5954321 0.5954 0.8691241 -8.9800
 | 17.7011 77.3032 -24.4461 0.4129464 Cc1cccc(NC(=O)c2cccc(CNC(C)C(C(=O)Nc3ccc(C)c(C)c3)(c3ccccc3Cl)C(F)(F)F)c2)c1 1 0.1798718 0.1799 0.9480348 -9.7700
20:24:21 <INFO> Score: 0.72 Agent NLL: 5.51 Valid: 100% Step: 250
 | Agent Prior Target Score SMILES SMILES_state QED QED (raw) maize maize (raw)
 | 4.2347 24.2212 67.2759 0.7148208 CC(C)(C)c1ccc(NC2=NCCN2Cc2ccccc2)cc1 1 0.9168459 0.9168 0.5573116 -7.6800
 | 8.5029 34.2872 51.5631 0.6707054 Cc1cccc(C(=O)N2CC(N(Cc3ccccc3)Cc3ccccc3)CC2=O)c1 1 0.5766295 0.5766 0.7801296 -8.4900
 | 4.0905 26.7012 76.3070 0.8047517 Cc1ccccc1C(=O)N1CC2CN(CCc3ccccc3)C(=O)C2C1 1 0.8524225 0.8524 0.7597469 -8.4000
 | 5.1999 35.4618 53.7315 0.6968226 Cc1ccccc1NC(=O)c1cccc(CNC(C)C(=O)c2ccccc2)c1 1 0.5956650 0.5957 0.8151591 -8.6600
20:24:21 <INFO> Score: 0.72 Agent NLL: 4.26 Valid: 100% Step: 251
 | Agent Prior Target Score SMILES SMILES_state QED QED (raw) maize maize (raw)
 | 5.3940 26.3279 63.1673 0.6991813 CC(=O)c1cccc(NC(=O)c2ccc(NC(=O)c3ccncc3)cc2)c1 1 0.6785551 0.6786 0.7204345 -8.2400
 | 5.1767 24.4913 58.9001 0.6514956 Cc1cccc(NC(=O)c2ccc(NC(=O)c3ccncc3)cc2)c1 1 0.7615964 0.7616 0.5573116 -7.6800
 | 2.7822 36.6089 57.7449 0.7371387 Cc1cccc(NC(=O)c2cccc(CNC(C)C(=O)c3ccccc3)c2)c1 1 0.5956650 0.5957 0.9122131 -9.3300
 | 3.6684 26.7012 76.3070 0.8047517 Cc1ccccc1C(=O)N1CC2CN(CCc3ccccc3)C(=O)C2C1 1 0.8524225 0.8524 0.7597469 -8.4000
20:24:40 <INFO> Score: 0.72 Agent NLL: 6.99 Valid: 100% Step: 252
 | Agent Prior Target Score SMILES SMILES_state QED QED (raw) maize maize (raw)
 | 6.7402 29.4326 54.9622 0.6593343 CN1CCN(C(=O)c2cccc(NC(=O)c3cc(C(C)(C)C)nn3Cc3ccccc3)c2)CC1 1 0.6289047 0.6289 0.6912362 -8.1300
 | 3.6472 23.5302 70.0542 0.7311282 CN1CCN(c2ccc(NC(=O)c3cccc(C(C)(C)C)c3)cc2)CC1 1 0.9081694 0.9082 0.5885999 -7.7800
 | 2.7363 36.6089 57.7449 0.7371387 Cc1cccc(NC(=O)c2cccc(CNC(C)C(=O)c3ccccc3)c2)c1 1 0.5956650 0.5957 0.9122131 -9.3300
 | 14.8290 35.7100 58.1561 0.7333293 Cc1cccc(C(=O)N=c2ccc(C(=O)Nc3cccc(C(N)=O)c3)c[nH]2)c1 1 0.6507048 0.6507 0.8264453 -8.7200
20:24:40 <INFO> Score: 0.70 Agent NLL: 5.87 Valid: 100% Step: 253
 | Agent Prior Target Score SMILES SMILES_state QED QED (raw) maize maize (raw)
 | 6.0293 25.6424 66.1084 0.7168026 CC(C)(C)c1ccc(NC(=O)c2cnc(=NCCc3ccccc3)[nH]c2)cc1 1 0.7056822 0.7057 0.7280983 -8.2700
 | 4.0145 28.3769 66.8193 0.7437202 CC(O)(c1ccccc1)c1ccccc1C(=O)N1CCc2ccccc21 1 0.7761556 0.7762 0.7126403 -8.2100
 | 5.9613 25.4033 66.0684 0.7146225 CN1CCN(Cc2ccc(NC(=O)c3cc(-c4ccc(Cl)cc4)ccn3)cc2)CC1 1 0.6641227 0.6641 0.7689623 -8.4400
 | 7.4822 31.0702 51.3313 0.6437613 COc1cccc(NC(=O)c2cccc(C(=O)CC(=O)c3ccccc3)c2)c1 1 0.4919947 0.4920 0.8423437 -8.8100
20:24:51 <INFO> Score: 0.76 Agent NLL: 5.61 Valid: 100% Step: 254
 | Agent Prior Target Score SMILES SMILES_state QED QED (raw) maize maize (raw)
 | 10.9601 31.7306 63.2933 0.7423745 CC(=O)SCC(=O)c1cccc(C(=O)Nc2ccc(C)c(C)c2)c1 1 0.8344918 0.8345 0.6604257 -8.0200
 | 2.9331 26.7012 76.3070 0.8047517 Cc1ccccc1C(=O)N1CC2CN(CCc3ccccc3)C(=O)C2C1 1 0.8524225 0.8524 0.7597469 -8.4000
 | 4.9067 27.6596 65.5923 0.7285304 Cc1ccccc1C(=O)N1CCC(c2cccc(C(=O)O)c2)CC1 1 0.9364786 0.9365 0.5667578 -7.7100
 | 3.6362 26.6651 71.9710 0.7705945 Cc1ccccc1C(=O)N1CCCC(c2noc(Cc3ccccc3)n2)C1 1 0.7049568 0.7050 0.8423437 -8.8100
20:25:00 <INFO> Score: 0.71 Agent NLL: 5.51 Valid: 100% Step: 255
 | Agent Prior Target Score SMILES SMILES_state QED QED (raw) maize maize (raw)
 | 5.0141 39.0235 50.1523 0.6966864 CN1CCN(C(=O)c2ccc(NC(=O)c3cc(C(C)(C)C)nn3Cc3cccc(C#N)c3)cc2)CC1 1 0.5954321 0.5954 0.8151591 -8.6600
 | 3.9376 27.6298 62.0654 0.7007436 CN1CCN(C(=O)c2cccc(C(=O)Nc3ccc(C(C)(C)C)cc3)c2)CC1 1 0.8861113 0.8861 0.5541534 -7.6700
 | 3.6305 27.6128 71.0233 0.7705945 Cc1cccc(C(=O)N2CCCC(c3noc(Cc4ccccc4)n3)C2)c1 1 0.7049568 0.7050 0.8423437 -8.8100
 | 9.4762 25.2677 63.2801 0.6917796 O=C(O)c1cccc(C2CCN(C(=O)c3ccccc3)CC2)c1 1 0.9450298 0.9450 0.5063957 -7.5200
20:25:18 <INFO> Score: 0.70 Agent NLL: 11.44 Valid: 100% Step: 256
 | Agent Prior Target Score SMILES SMILES_state QED QED (raw) maize maize (raw)
 | 28.5185 58.6813 17.0976 0.5920222 CSc1ccc(C=c2c3c(cccc4c(C(=O)Nc5cccc(C)c5)cnc43)c(=O)n2C)cc1 1 0.3829499 0.3829 0.9152381 -9.3600
 | 7.7077 30.6543 52.7562 0.6516445 Cc1ccc(F)cc1C(=O)N1Cc2ccccc2CC1C(=O)Nc1ccc(Cl)cc1 1 0.6457911 0.6458 0.6575510 -8.0100
 | 3.1214 27.6128 71.0233 0.7705945 Cc1cccc(C(=O)N2CCCC(c3noc(Cc4ccccc4)n3)C2)c1 1 0.7049568 0.7050 0.8423437 -8.8100
 | 6.4192 26.0413 73.0451 0.7741125 Cc1cccc(C(=O)N2Cc3ccccc3CC2C(=O)Nc2ccc(Cl)cc2)c1 1 0.6776427 0.6776 0.8843158 -9.0900
20:25:45 <INFO> Score: 0.68 Agent NLL: 7.95 Valid: 100% Step: 257
 | Agent Prior Target Score SMILES SMILES_state QED QED (raw) maize maize (raw)
 | 13.6713 42.5051 26.0062 0.5352444 CC(c1ccccc1)C(c1ccccc1)C(N=c1ccc(C(=O)N(C)C)c[nH]1)c1ccccc1 1 0.3725626 0.3726 0.7689623 -8.4400
 | 4.5277 27.6596 65.5923 0.7285304 Cc1ccccc1C(=O)N1CCC(c2cccc(C(=O)O)c2)CC1 1 0.9364786 0.9365 0.5667578 -7.7100
 | 4.1565 39.7930 56.0131 0.7484852 Cc1ccccc1C(=O)N1CCC2C(=O)CN(Cc3ccccn3)CC2C1 1 0.8410102 0.8410 0.6661394 -8.0400
 | 9.4602 30.4169 60.3678 0.7092557 Cc1ccccc1NC(=O)c1ccc(=NC(=O)c2cccc(Cl)c2)[nH]c1 1 0.7365356 0.7365 0.6829861 -8.1000
20:26:04 <INFO> Score: 0.66 Agent NLL: 9.69 Valid: 100% Step: 258
 | Agent Prior Target Score SMILES SMILES_state QED QED (raw) maize maize (raw)
 | 6.0609 22.6733 77.5285 0.7828261 Cc1cccc(NC(=O)CN2CCN(C(=O)c3ccccc3)CC2)c1 1 0.9319683 0.9320 0.6575510 -8.0100
 | 3.7790 36.6089 57.7449 0.7371387 Cc1cccc(NC(=O)c2cccc(CNC(C)C(=O)c3ccccc3)c2)c1 1 0.5956650 0.5957 0.9122131 -9.3300
 | 21.2779 45.5777 28.2316 0.5766351 Cc1ccccc1C(c1ccccc1)N1CC2CN(C(=O)c3cnccn3)CC(=O)N2C1=O 1 0.6213703 0.6214 0.5351205 -7.6100
 | 7.6487 27.8334 42.0546 0.5460000 Cc1ccsc1C(=O)N1CCC(c2cccc(C(=O)O)c2)CC1 1 0.9322239 0.9322 0.3197901 -6.9100
20:26:22 <INFO> Score: 0.71 Agent NLL: 6.59 Valid: 100% Step: 259
 | Agent Prior Target Score SMILES SMILES_state QED QED (raw) maize maize (raw)
 | 5.0779 37.1666 55.2612 0.7220921 CC(=O)C1=C(c2ccccc2)CCN(CC#Cc2ccccc2)C1c1ccccc1 1 0.5453114 0.5453 0.9561821 -9.9100
 | 4.6060 24.2212 67.2759 0.7148208 CC(C)(C)c1ccc(NC2=NCCN2Cc2ccccc2)cc1 1 0.9168459 0.9168 0.5573116 -7.6800
 | 2.4747 27.6128 71.0233 0.7705945 Cc1cccc(C(=O)N2CCCC(c3noc(Cc4ccccc4)n3)C2)c1 1 0.7049568 0.7050 0.8423437 -8.8100
 | 14.1979 45.9045 35.3120 0.6345038 Cc1ccccc1CCC(=O)c1ccccc1C(=O)C1CCN(Cc2ccccc2O)CC1 1 0.4616879 0.4617 0.8720069 -9.0000
20:26:22 <INFO> Score: 0.73 Agent NLL: 4.87 Valid: 100% Step: 260
 | Agent Prior Target Score SMILES SMILES_state QED QED (raw) maize maize (raw)
 | 4.5019 39.0235 50.1523 0.6966864 CN1CCN(C(=O)c2ccc(NC(=O)c3cc(C(C)(C)C)nn3Cc3cccc(C#N)c3)cc2)CC1 1 0.5954321 0.5954 0.8151591 -8.6600
 | 6.1339 26.8189 63.0135 0.7018156 CN1CCN(CCN=c2cc(N3CCOCC3)[nH]c3ccccc23)CC1 1 0.8939264 0.8939 0.5509906 -7.6600
 | 3.6972 36.6089 57.7449 0.7371387 Cc1cccc(NC(=O)c2cccc(CNC(C)C(=O)c3ccccc3)c2)c1 1 0.5956650 0.5957 0.9122131 -9.3300
 | 5.1645 26.4305 74.6235 0.7894838 Cc1ccccc1CCNC(=O)CN1CCN(C(=O)c2ccccc2)CC1 1 0.8530864 0.8531 0.7306232 -8.2800
20:26:54 <INFO> Score: 0.72 Agent NLL: 7.64 Valid: 100% Step: 261
 | Agent Prior Target Score SMILES SMILES_state QED QED (raw) maize maize (raw)
 | 9.7838 39.3517 56.0677 0.7454645 CNS(=O)(=O)c1cccc(C(c2ccccc2)N2CCC(C(=O)N3CCc4ccccc43)CC2)c1 1 0.5686450 0.5686 0.9772658 -10.4400
 | 5.3823 41.8627 47.6538 0.6993476 Cc1cccc(C(=O)N2CCC(c3cccc(C(=O)O)c3)CC2=O)c1 1 0.8726447 0.8726 0.5604653 -7.6900
 | 10.3080 44.8401 43.4156 0.6894975 Cc1cccc(NC(=O)c2cccc(CNC(C(=O)c3ccccc3)C(C)C)c2)c1 1 0.5082128 0.5082 0.9354482 -9.5900
 | 5.1023 25.4489 71.3578 0.7563020 Cc1ccccc1C(=O)N1CCC(C(=O)N2CCc3ccccc32)CC1 1 0.8341137 0.8341 0.6857491 -8.1100
20:26:54 <INFO> Score: 0.73 Agent NLL: 4.56 Valid: 100% Step: 262
 | Agent Prior Target Score SMILES SMILES_state QED QED (raw) maize maize (raw)
 | 4.2051 26.3279 63.1673 0.6991813 CC(=O)c1cccc(NC(=O)c2ccc(NC(=O)c3ccncc3)cc2)c1 1 0.6785551 0.6786 0.7204345 -8.2400
 | 5.4121 24.5817 72.2038 0.7561368 CC(c1ccccc1)N1CCN(C(=O)c2cccc3ccccc23)CC1 1 0.7047477 0.7047 0.8112732 -8.6400
 | 4.1473 29.7367 66.8135 0.7542980 Cc1ccc(F)cc1C(=O)N1CCCC(c2noc(Cc3ccccc3)n2)C1 1 0.6839505 0.6840 0.8318810 -8.7500
 | 4.4589 35.9891 55.5581 0.7152128 O=C(OCc1ccccc1F)c1cccc(N=C2NNNC2c2ccccc2)c1 1 0.5810644 0.5811 0.8803316 -9.0600
20:26:54 <INFO> Score: 0.69 Agent NLL: 5.41 Valid: 100% Step: 263
 | Agent Prior Target Score SMILES SMILES_state QED QED (raw) maize maize (raw)
 | 8.0164 28.8179 48.8221 0.6065624 CNC(=O)c1cccc(N=c2cccc(-c3ccncc3)[nH]2)c1 1 0.7807287 0.7807 0.4712494 -7.4100
 | 4.7021 29.1430 57.8831 0.6798915 Cc1cccc(NC(=O)c2ccc(NC(=O)c3ccnc4ccccc34)cc2)c1 1 0.5197069 0.5197 0.8894484 -9.1300
 | 3.6251 36.6089 57.7449 0.7371387 Cc1cccc(NC(=O)c2cccc(CNC(C)C(=O)c3ccccc3)c2)c1 1 0.5956650 0.5957 0.9122131 -9.3300
 | 5.2886 30.9805 63.6776 0.7395159 Cc1ccccc1NC(=O)c1ccc(=NC(=O)c2cccc(C(F)(F)F)c2)[nH]c1 1 0.6878146 0.6878 0.7951035 -8.5600
20:26:54 <INFO> Score: 0.74 Agent NLL: 5.04 Valid: 100% Step: 264
 | Agent Prior Target Score SMILES SMILES_state QED QED (raw) maize maize (raw)
 | 3.8239 26.3279 63.1673 0.6991813 CC(=O)c1cccc(NC(=O)c2ccc(NC(=O)c3ccncc3)cc2)c1 1 0.6785551 0.6786 0.7204345 -8.2400
 | 7.3651 27.1776 71.4585 0.7705945 Cc1cccc(C(=O)N2CCCC(c3noc(Cc4ccccc4)n3)C2)c1 1 0.7049568 0.7050 0.8423437 -8.8100
 | 4.8122 33.3049 55.0719 0.6904436 Cc1cccc(NC(=O)c2cccc(N=c3cccc(-c4ccncc4)[nH]3)c2)c1 1 0.5302004 0.5302 0.8991174 -9.2100
 | 4.1604 26.4305 74.6234 0.7894838 Cc1ccccc1CCNC(=O)CN1CCN(C(=O)c2ccccc2)CC1 1 0.8530864 0.8531 0.7306232 -8.2800
20:26:54 <INFO> Score: 0.72 Agent NLL: 4.62 Valid: 100% Step: 265
 | Agent Prior Target Score SMILES SMILES_state QED QED (raw) maize maize (raw)
 | 5.6505 32.6552 61.1515 0.7328642 CC(C)(C)c1ccc(NC(=O)c2ccc(=NC(=O)c3cccc(C#N)c3)[nH]c2)cc1 1 0.6923850 0.6924 0.7757099 -8.4700
 | 4.8921 28.9937 59.6228 0.6923171 CN1CCN(C(=O)c2ccc(NC(=O)c3cc(-c4ccc(Cl)cc4)ccn3)cc2)CC1 1 0.6725735 0.6726 0.7126403 -8.2100
 | 3.9188 25.5214 62.7347 0.6895006 Cc1cccc(NC(=O)c2ccc(NCCc3ccccc3)cc2)c1 1 0.6746119 0.6746 0.7047178 -8.1800
 | 3.9997 26.6651 71.9710 0.7705945 Cc1ccccc1C(=O)N1CCCC(c2noc(Cc3ccccc3)n2)C1 1 0.7049568 0.7050 0.8423437 -8.8100
20:27:13 <INFO> Score: 0.66 Agent NLL: 7.63 Valid: 100% Step: 266
 | Agent Prior Target Score SMILES SMILES_state QED QED (raw) maize maize (raw)
 | 16.7645 24.9960 40.3876 0.5108095 CC(=O)C(CC(=O)Nc1cccc(C)c1)c1ccccc1 1 0.9080128 0.9080 0.2873597 -6.7900
 | 6.3842 32.6091 52.0103 0.6610885 CC(C)(C)c1ccc(NC(=O)c2ccc(=NC(=O)c3cccc(C(F)(F)F)c3)[nH]c2)cc1 1 0.5770208 0.5770 0.7574043 -8.3900
 | 3.5008 33.3049 55.0719 0.6904436 Cc1cccc(NC(=O)c2cccc(N=c3cccc(-c4ccncc4)[nH]3)c2)c1 1 0.5302004 0.5302 0.8991174 -9.2100
 | 3.8756 26.4305 74.6235 0.7894838 Cc1ccccc1CCNC(=O)CN1CCN(C(=O)c2ccccc2)CC1 1 0.8530864 0.8531 0.7306232 -8.2800
20:27:29 <INFO> Score: 0.69 Agent NLL: 5.82 Valid: 100% Step: 267
 | Agent Prior Target Score SMILES SMILES_state QED QED (raw) maize maize (raw)
 | 9.6591 41.8150 46.2749 0.6882021 CC(Nc1ccc(C(=O)N2CCN(C)CC2)cc1)c1cc(-c2ccc(Cl)c(Cl)c2)ccn1 1 0.5274476 0.5274 0.8979511 -9.2000
 | 4.6318 28.9937 59.6228 0.6923171 CN1CCN(C(=O)c2ccc(NC(=O)c3cc(-c4ccc(Cl)cc4)ccn3)cc2)CC1 1 0.6725735 0.6726 0.7126403 -8.2100
 | 3.1655 33.3049 55.0719 0.6904436 Cc1cccc(NC(=O)c2cccc(N=c3cccc(-c4ccncc4)[nH]3)c2)c1 1 0.5302004 0.5302 0.8991174 -9.2100
20:27:39 <INFO> Score: 0.74 Agent NLL: 5.33 Valid: 100% Step: 268
 | Agent Prior Target Score SMILES SMILES_state QED QED (raw) maize maize (raw)
 | 3.7105 25.4033 66.0684 0.7146225 CN1CCN(Cc2ccc(NC(=O)c3cc(-c4ccc(Cl)cc4)ccn3)cc2)CC1 1 0.6641227 0.6641 0.7689623 -8.4400
 | 8.6938 28.7199 70.3383 0.7738920 CNS(=O)(=O)c1cccc(NC(=O)c2cccc(C(C)=O)c2)c1 1 0.8197233 0.8197 0.7306232 -8.2800
 | 3.5805 24.2541 68.7102 0.7262830 Cc1cccc(NC(=O)c2ccc(N3CCN(C)CC3)cc2)c1C 1 0.9411589 0.9412 0.5604653 -7.6900
20:27:58 <INFO> Score: 0.71 Agent NLL: 5.08 Valid: 100% Step: 269
 | Agent Prior Target Score SMILES SMILES_state QED QED (raw) maize maize (raw)
 | 4.6059 28.9937 59.6228 0.6923171 CN1CCN(C(=O)c2ccc(NC(=O)c3cc(-c4ccc(Cl)cc4)ccn3)cc2)CC1 1 0.6725735 0.6726 0.7126403 -8.2100
 | 5.7942 30.7994 64.5386 0.7448283 CNc1ccc(C(=O)N2CCCC(c3noc(Cc4ccccc4)n3)C2)cc1 1 0.7347487 0.7347 0.7550461 -8.3800
 | 5.5494 27.5874 64.2508 0.7174861 COc1cccc(NC(=O)c2cccc(C(=O)Nc3ccc(C(C)(C)C)cc3)c2)c1 1 0.5923047 0.5923 0.8691241 -8.9800
 | 4.3541 32.4654 54.7098 0.6810566 Cc1ccccc1NC(=O)c1cccc(N=c2cccc(-c3ccncc3)[nH]2)c1 1 0.5302004 0.5302 0.8748354 -9.0200
20:28:35 <INFO> Score: 0.68 Agent NLL: 7.35 Valid: 100% Step: 270
 | Agent Prior Target Score SMILES SMILES_state QED QED (raw) maize maize (raw)
 | 12.7866 41.4797 28.5101 0.5467948 Cc1ccccc1-c1ccccc1NC(=O)c1cccc(CNC(C)C(=O)c2ccccc2)c1 1 0.3121699 0.3122 0.9577621 -9.9400
 | 6.1988 32.7587 66.8636 0.7782992 Cc1ccccc1NC(=O)c1cccc(=NC(=O)c2cccc(F)c2)[nH]1 1 0.7598661 0.7599 0.7971795 -8.5700
 | 6.1200 27.4049 64.9810 0.7217650 Cc1ccccc1NC(=O)c1cccc(C(=O)Nc2ccc(C(C)(C)C)cc2)c1 1 0.5954774 0.5955 0.8748354 -9.0200
 | 4.2850 28.1076 59.7120 0.6860908 NC(=O)c1cccc(NC(=O)c2ccc(NC(=O)c3ccncc3)cc2)c1 1 0.6487701 0.6488 0.7255584 -8.2600
20:28:48 <INFO> Score: 0.72 Agent NLL: 5.26 Valid: 100% Step: 271
 | Agent Prior Target Score SMILES SMILES_state QED QED (raw) maize maize (raw)
 | 3.7016 24.2212 67.2759 0.7148208 CC(C)(C)c1ccc(NC2=NCCN2Cc2ccccc2)cc1 1 0.9168459 0.9168 0.5573116 -7.6800
 | 7.6669 37.8439 49.8843 0.6853763 Cc1ccccc1C(=O)c1ccccc1C(=O)C1CCN(Cc2ccccc2O)CC1 1 0.5762565 0.5763 0.8151591 -8.6600
 | 5.1493 33.0713 66.5521 0.7783079 Cc1ccccc1CCNC(=O)CC(C)C(=O)c1ccccc1 1 0.7948874 0.7949 0.7620741 -8.4100
 | 4.5323 31.2122 58.9874 0.7046838 Cc1ccccc1NC(=O)c1cccc(CNc2ccc(C(C)(C)C)cc2)c1 1 0.5632240 0.5632 0.8816726 -9.0700
20:29:01 <INFO> Score: 0.74 Agent NLL: 5.31 Valid: 100% Step: 272
 | Agent Prior Target Score SMILES SMILES_state QED QED (raw) maize maize (raw)
 | 5.9248 31.9241 65.4393 0.7606516 CC(C)(C)c1ccc(NC(=O)c2ccc(=NC(=O)c3cccc(Cl)c3)[nH]c2)cc1 1 0.6435098 0.6435 0.8991174 -9.2100
 | 5.3021 28.9937 59.6228 0.6923171 CN1CCN(C(=O)c2ccc(NC(=O)c3cc(-c4ccc(Cl)cc4)ccn3)cc2)CC1 1 0.6725735 0.6726 0.7126403 -8.2100
 | 4.4574 32.3056 67.4453 0.7793044 Cc1cccc(NC(=O)c2cccc(=NC(=O)c3cccc(F)c3)[nH]2)c1 1 0.7598661 0.7599 0.7992400 -8.5800
 | 5.5577 21.1904 69.9242 0.7118330 O=C(OCC1CCN(CCc2ccccc2)CC1)c1ccccc1 1 0.7574329 0.7574 0.6689783 -8.0500
20:29:01 <INFO> Score: 0.74 Agent NLL: 4.16 Valid: 100% Step: 273
 | Agent Prior Target Score SMILES SMILES_state QED QED (raw) maize maize (raw)
 | 3.5996 38.3958 58.7975 0.7593222 CNS(=O)(=O)c1cccc(NC(=O)c2cccc(C(=O)CSC(C)=O)c2)c1 1 0.6831117 0.6831 0.8440350 -8.8200
 | 5.7588 29.7367 66.8135 0.7542980 Cc1ccc(F)cc1C(=O)N1CCCC(c2noc(Cc3ccccc3)n2)C1 1 0.6839505 0.6840 0.8318810 -8.7500
 | 3.9288 32.2168 53.9890 0.6734831 Cc1cccc(NC(=O)c2cccc(CNc3ccc(C(C)(C)C)cc3)c2)c1 1 0.5632240 0.5632 0.8053270 -8.6100
 | 3.3347 26.4305 74.6234 0.7894838 Cc1ccccc1CCNC(=O)CN1CCN(C(=O)c2ccccc2)CC1 1 0.8530864 0.8531 0.7306232 -8.2800
20:29:01 <INFO> Score: 0.76 Agent NLL: 5.05 Valid: 100% Step: 274
 | Agent Prior Target Score SMILES SMILES_state QED QED (raw) maize maize (raw)
 | 4.4004 32.6552 61.1515 0.7328642 CC(C)(C)c1ccc(NC(=O)c2ccc(=NC(=O)c3cccc(C#N)c3)[nH]c2)cc1 1 0.6923850 0.6924 0.7757099 -8.4700
 | 4.5647 31.9070 76.9003 0.8500568 CNS(=O)(=O)c1cccc(C(=O)N2CCC(C(=O)N3CCc4ccccc43)CC2)c1 1 0.8090284 0.8090 0.8931659 -9.1600
 | 6.8115 26.1493 72.9371 0.7741125 Cc1cccc(C(=O)N2Cc3ccccc3CC2C(=O)Nc2ccc(Cl)cc2)c1 1 0.6776427 0.6776 0.8843158 -9.0900
 | 4.4412 33.3049 55.0719 0.6904436 Cc1cccc(NC(=O)c2cccc(N=c3cccc(-c4ccncc4)[nH]3)c2)c1 1 0.5302004 0.5302 0.8991174 -9.2100
20:29:02 <INFO> Score: 0.52 Agent NLL: 6.01 Valid:  67% Step: 275
 | Agent Prior Target Score SMILES SMILES_state QED QED (raw) maize maize (raw)
 | 4.2761 35.3049 63.2370 0.7698584 CC(C)C(C)(C)c1ccc(NC2=NCCN2Cc2ccccc2)cc1 1 0.8410203 0.8410 0.7047178 -8.1800
 | 10.9105 46.1817 -46.1817 0.0000000 Cc1cccc(NC(=O)c2cccc(N=c3cccc(-c4ccncc4)[nH]3)c2)cc1 0 0.0000000 0.0000 0.0000000 0.0000
 | 2.8460 32.7587 66.8636 0.7782992 Cc1ccccc1NC(=O)c1cccc(=NC(=O)c2cccc(F)c2)[nH]1 1 0.7598661 0.7599 0.7971795 -8.5700
20:29:02 <INFO> Score: 0.73 Agent NLL: 4.97 Valid: 100% Step: 276
 | Agent Prior Target Score SMILES SMILES_state QED QED (raw) maize maize (raw)
 | 5.9697 35.4700 59.5539 0.7423745 CC(=O)SCC(=O)c1cccc(C(=O)Nc2ccc(C)c(C)c2)c1 1 0.8344918 0.8345 0.6604257 -8.0200
 | 4.0915 35.3049 63.2370 0.7698584 CC(C)C(C)(C)c1ccc(NC2=NCCN2Cc2ccccc2)cc1 1 0.8410203 0.8410 0.7047178 -8.1800
 | 4.8438 28.9937 59.6228 0.6923171 CN1CCN(C(=O)c2ccc(NC(=O)c3cc(-c4ccc(Cl)cc4)ccn3)cc2)CC1 1 0.6725735 0.6726 0.7126403 -8.2100
20:29:15 <INFO> Score: 0.72 Agent NLL: 7.13 Valid: 100% Step: 277
 | Agent Prior Target Score SMILES SMILES_state QED QED (raw) maize maize (raw)
 | 3.7754 24.9286 69.6937 0.7392373 CC(=O)c1cccc(NC(=O)c2cccc(C(C)=O)c2)c1 1 0.8740729 0.8741 0.6252016 -7.9000
 | 3.4956 35.4618 53.7315 0.6968226 Cc1ccccc1NC(=O)c1cccc(CNC(C)C(=O)c2ccccc2)c1 1 0.5956650 0.5957 0.8151591 -8.6600
 | 14.1239 36.0028 57.8962 0.7335855 N#Cc1ccc(=NC(=O)c2cccc(CN3CCCC(c4ccccc4)C3)c2)[nH]c1 1 0.7242665 0.7243 0.7430243 -8.3300
20:29:16 <INFO> Score: 0.73 Agent NLL: 5.56 Valid: 100% Step: 278
 | Agent Prior Target Score SMILES SMILES_state QED QED (raw) maize maize (raw)
 | 8.6165 37.9710 52.4393 0.7063308 CNS(=O)(=O)c1cccc(C#CCNC(=O)c2ccnc3ccccc23)c1 1 0.6781996 0.6782 0.7356288 -8.3000
 | 4.4482 38.3958 58.7975 0.7593222 CNS(=O)(=O)c1cccc(NC(=O)c2cccc(C(=O)CSC(C)=O)c2)c1 1 0.6831117 0.6831 0.8440350 -8.8200
 | 5.9683 30.8014 59.7804 0.7076699 Cc1cccc(NC(=O)c2ccc(=NC(=O)c3cccc(C(F)(F)F)c3)[nH]c2)c1 1 0.6878146 0.6878 0.7280983 -8.2700
 | 3.2175 36.6089 57.7449 0.7371387 Cc1cccc(NC(=O)c2cccc(CNC(C)C(=O)c3ccccc3)c2)c1 1 0.5956650 0.5957 0.9122131 -9.3300
20:29:30 <INFO> Score: 0.73 Agent NLL: 8.45 Valid: 100% Step: 279
 | Agent Prior Target Score SMILES SMILES_state QED QED (raw) maize maize (raw)
 | 16.8091 39.5222 52.4170 0.7182750 Cc1ccc(NC(=O)c2cccc(-c3ccn(CN4CCN(C)CC4)c3)c2)cc1C 1 0.6943499 0.6943 0.7430243 -8.3300
 | 7.4639 29.1374 59.3280 0.6911360 CNCc1cccc(C(=O)Nc2ccc(CN3CCN(C)CC3)cc2)c1 1 0.8381688 0.8382 0.5698960 -7.7200
 | 4.4854 38.3958 58.7975 0.7593222 CNS(=O)(=O)c1cccc(NC(=O)c2cccc(C(=O)CSC(C)=O)c2)c1 1 0.6831117 0.6831 0.8440350 -8.8200
 | 5.0544 25.4489 71.3578 0.7563020 Cc1ccccc1C(=O)N1CCC(C(=O)N2CCc3ccccc32)CC1 1 0.8341137 0.8341 0.6857491 -8.1100
20:29:30 <INFO> Score: 0.74 Agent NLL: 5.41 Valid: 100% Step: 280
 | Agent Prior Target Score SMILES SMILES_state QED QED (raw) maize maize (raw)
 | 4.4485 25.8080 63.3101 0.6962350 CN1CCN(Cc2ccc(NC(=O)c3cccc(C(C)(C)C)c3)cc2)CC1 1 0.8900033 0.8900 0.5446532 -7.6400
 | 4.3461 38.3958 58.7975 0.7593222 CNS(=O)(=O)c1cccc(NC(=O)c2cccc(C(=O)CSC(C)=O)c2)c1 1 0.6831117 0.6831 0.8440350 -8.8200
 | 8.6014 32.1649 61.7013 0.7333293 Cc1cccc(C(=O)N=c2ccc(C(=O)Nc3cccc(C(N)=O)c3)c[nH]2)c1 1 0.6507048 0.6507 0.8264453 -8.7200
 | 4.2267 33.0713 66.5521 0.7783079 Cc1ccccc1CCNC(=O)CC(C)C(=O)c1ccccc1 1 0.7948874 0.7949 0.7620741 -8.4100
20:29:50 <INFO> Score: 0.70 Agent NLL: 6.00 Valid: 100% Step: 281
 | Agent Prior Target Score SMILES SMILES_state QED QED (raw) maize maize (raw)
 | 3.3436 24.6985 64.0437 0.6932988 CC(C)c1ccc(-c2nc(CN3CCN(c4ccccc4Cl)CC3)co2)cc1 1 0.5753490 0.5753 0.8354289 -8.7700
 | 7.3425 27.4628 64.9762 0.7221801 CN(C(=O)c1ccccc1)C1CCN(C(=O)c2cccc3ccccc23)CC1 1 0.6907447 0.6907 0.7550461 -8.3800
 | 8.1444 27.0861 62.0438 0.6963275 Cc1ccsc1C(=O)N1CCC(C(=O)N2CCc3ccccc32)CC1 1 0.8281350 0.8281 0.5854987 -7.7700
 | 5.1870 51.7173 36.5956 0.6899444 O=C(OCc1ccccc1F)c1cccc(N=C2NC3SCCC(=O)C3C2c2ccccc2)c1 1 0.5119490 0.5119 0.9298255 -9.5200
20:30:17 <INFO> Score: 0.76 Agent NLL: 6.98 Valid: 100% Step: 282
 | Agent Prior Target Score SMILES SMILES_state QED QED (raw) maize maize (raw)
 | 5.0273 32.6552 61.1515 0.7328642 CC(C)(C)c1ccc(NC(=O)c2ccc(=NC(=O)c3cccc(C#N)c3)[nH]c2)cc1 1 0.6923850 0.6924 0.7757099 -8.4700
 | 12.3019 55.5251 48.8182 0.8151817 Cc1cccc(C(=O)N2CCC(C(=O)N3CC(F)CC(C(=O)N=c4ccc(C#N)c[nH]4)C3)CC2)c1 1 0.7318288 0.7318 0.9080282 -9.2900
 | 3.6182 27.4454 65.7089 0.7277681 Cc1cccc(NC(=O)c2cccc(C(=O)Nc3ccc(C(C)(C)C)cc3)c2)c1 1 0.5954774 0.5955 0.8894484 -9.1300
20:30:17 <INFO> Score: 0.55 Agent NLL: 7.96 Valid:  75% Step: 283
 | Agent Prior Target Score SMILES SMILES_state QED QED (raw) maize maize (raw)
 | 18.8229 48.8729 -48.8729 0.0000000 CC(=O)c1cccc(C#Cc2ccc(N3CCN(C(=O)c4cccc(C#N)c4)CC3)c2)c1 0 0.0000000 0.0000 0.0000000 0.0000
 | 3.6083 27.4454 65.7089 0.7277681 Cc1cccc(NC(=O)c2cccc(C(=O)Nc3ccc(C(C)(C)C)cc3)c2)c1 1 0.5954774 0.5955 0.8894484 -9.1300
 | 4.6827 25.4489 71.3578 0.7563020 Cc1ccccc1C(=O)N1CCC(C(=O)N2CCc3ccccc32)CC1 1 0.8341137 0.8341 0.6857491 -8.1100
 | 4.7177 21.1904 69.9242 0.7118330 O=C(OCC1CCN(CCc2ccccc2)CC1)c1ccccc1 1 0.7574329 0.7574 0.6689783 -8.0500
20:30:33 <INFO> Score: 0.63 Agent NLL: 6.66 Valid: 100% Step: 284
 | Agent Prior Target Score SMILES SMILES_state QED QED (raw) maize maize (raw)
 | 9.6910 27.4792 39.6234 0.5242388 CN1CCN(Cc2ccc(NC(=O)c3ccc(C=O)cc3)cc2)CC1 1 0.8519657 0.8520 0.3225791 -6.9200
 | 4.7881 26.8189 63.0135 0.7018156 CN1CCN(CCN=c2cc(N3CCOCC3)[nH]c3ccccc23)CC1 1 0.8939264 0.8939 0.5509906 -7.6600
 | 6.4451 23.3544 46.9274 0.5490765 CNS(=O)(=O)c1cccc(C(=O)c2ccccc2)c1 1 0.8657562 0.8658 0.3482332 -7.0100
 | 5.7227 32.0607 62.2068 0.7364650 Cc1cccc(F)c1C(=O)N1CCCC(c2noc(Cc3ccccc3)n2)C1 1 0.6839505 0.6840 0.7930116 -8.5500
20:31:04 <INFO> Score: 0.72 Agent NLL: 6.59 Valid: 100% Step: 285
 | Agent Prior Target Score SMILES SMILES_state QED QED (raw) maize maize (raw)
 | 9.7992 38.3935 43.7753 0.6419440 Cc1ccc(NC(=O)c2cccc(C(=O)Nc3ccc(CN4CCN(C)CC4)cc3)c2)cc1C(C)(C)C 1 0.4681100 0.4681 0.8803316 -9.0600
 | 4.4395 38.3957 58.7975 0.7593222 CNS(=O)(=O)c1cccc(NC(=O)c2cccc(C(=O)CSC(C)=O)c2)c1 1 0.6831117 0.6831 0.8440350 -8.8200
 | 3.8639 27.6128 71.0233 0.7705945 Cc1cccc(C(=O)N2CCCC(c3noc(Cc4ccccc4)n3)C2)c1 1 0.7049568 0.7050 0.8423437 -8.8100
 | 8.2455 26.9066 65.7496 0.7238766 O=C(c1cccc(F)c1)N1CCCC(c2noc(Cc3ccccc3)n2)C1 1 0.7052223 0.7052 0.7430243 -8.3300
20:31:04 <INFO> Score: 0.76 Agent NLL: 4.99 Valid: 100% Step: 286
 | Agent Prior Target Score SMILES SMILES_state QED QED (raw) maize maize (raw)
 | 4.9394 41.2683 47.6429 0.6946187 CNC(=O)c1ccc(C2C(=O)CC(c3ccccc3)CN2C(=O)c2ccc(F)cc2)cc1 1 0.6770529 0.6771 0.7126403 -8.2100
 | 4.0137 31.9070 76.9003 0.8500568 CNS(=O)(=O)c1cccc(C(=O)N2CCC(C(=O)N3CCc4ccccc43)CC2)c1 1 0.8090284 0.8090 0.8931659 -9.1600
 | 6.0069 62.7564 33.0552 0.7485286 Cc1ccccc1C(=O)N1CCC(C(N2CC(F)CC(C(=O)N=c3ccc(C#N)c[nH]3)C2)C(C)(C)C)CC1 1 0.6537579 0.6538 0.8570375 -8.9000
20:31:35 <INFO> Score: 0.72 Agent NLL: 10.16 Valid: 100% Step: 287
 | Agent Prior Target Score SMILES SMILES_state QED QED (raw) maize maize (raw)
 | 4.0256 26.6314 76.3600 0.8046201 CN1CCN(C(=O)c2ccc(C(=O)Nc3ccc(C(C)(C)C)cc3)cc2)CC1 1 0.8861113 0.8861 0.7306232 -8.2800
 | 12.1592 38.5331 47.2637 0.6702870 Cc1ccc(NC(=O)c2cccc(C(=O)Nc3cccc(CN4CCN(C)CC4)c3)c2)cc1C(C)(C)C 1 0.4681100 0.4681 0.9597843 -9.9800
 | 12.1122 38.9473 50.2952 0.6972065 Cc1cccc(COc2cccc(C(=O)N3CCC(C(=O)N4CCc5ccccc54)CC3)c2)c1 1 0.5442403 0.5442 0.8931659 -9.1600
 | 12.3482 29.0145 61.1822 0.7046614 N#Cc1ccc(=NC(=O)c2cccc(NC(=O)Cc3ccccc3)c2)[nH]c1 1 0.7518600 0.7519 0.6604257 -8.0200
20:31:42 <INFO> Score: 0.53 Agent NLL: 8.05 Valid: 100% Step: 288
 | Agent Prior Target Score SMILES SMILES_state QED QED (raw) maize maize (raw)
 | 8.5460 30.0888 52.2324 0.6431346 CC(=O)CCc1ccccc1C(=O)N1CCc2ccccc21 1 0.8659909 0.8660 0.4776286 -7.4300
 | 3.4736 24.6985 64.0437 0.6932988 CC(C)c1ccc(-c2nc(CN3CCN(c4ccccc4Cl)CC3)co2)cc1 1 0.5753490 0.5753 0.8354289 -8.7700
 | 12.1212 24.4864 9.1079 0.2624554 Cc1ccccc1C(=O)N1CCC(C#N)CC1 1 0.7403119 0.7403 0.0930457 -5.7200
20:31:55 <INFO> Score: 0.66 Agent NLL: 7.26 Valid: 100% Step: 289
 | Agent Prior Target Score SMILES SMILES_state QED QED (raw) maize maize (raw)
 | 5.3021 38.3935 43.7753 0.6419440 Cc1ccc(NC(=O)c2cccc(C(=O)Nc3ccc(CN4CCN(C)CC4)cc3)c2)cc1C(C)(C)C 1 0.4681100 0.4681 0.8803316 -9.0600
 | 12.5634 42.4651 39.1230 0.6374071 CNC(=O)c1ccc(C2C(=O)CC(C(=O)c3ccccc3)C2c2ccccc2)cc1 1 0.6498509 0.6499 0.6252016 -7.9000
 | 4.2105 25.6072 58.8842 0.6600887 Cc1cccc(C(=O)N2CCC(C(=O)N3CCc4ccccc43)CC2)c1 1 0.8341137 0.8341 0.5223714 -7.5700
 | 6.9632 22.4945 65.3620 0.6863788 O=C(Cc1ccccc1)Nc1cccc(OCc2ccccc2)c1 1 0.7293519 0.7294 0.6459377 -7.9700
20:31:55 <INFO> Score: 0.71 Agent NLL: 5.58 Valid: 100% Step: 290
 | Agent Prior Target Score SMILES SMILES_state QED QED (raw) maize maize (raw)
 | 4.6531 26.8189 63.0135 0.7018156 CN1CCN(CCN=c2cc(N3CCOCC3)[nH]c3ccccc23)CC1 1 0.8939264 0.8939 0.5509906 -7.6600
 | 5.3875 30.9805 63.6776 0.7395159 Cc1ccccc1NC(=O)c1ccc(=NC(=O)c2cccc(C(F)(F)F)c2)[nH]c1 1 0.6878146 0.6878 0.7951035 -8.5600
 | 5.3061 35.4618 53.7315 0.6968226 Cc1ccccc1NC(=O)c1cccc(CNC(C)C(=O)c2ccccc2)c1 1 0.5956650 0.5957 0.8151591 -8.6600
 | 6.9633 35.1154 53.6844 0.6937483 N#Cc1ccc(=NC(=O)c2cccc(C(N)c3ccccc3)c2)[nH]c1 1 0.7735251 0.7735 0.6221992 -7.8900
20:32:13 <INFO> Score: 0.71 Agent NLL: 5.44 Valid: 100% Step: 291
 | Agent Prior Target Score SMILES SMILES_state QED QED (raw) maize maize (raw)
 | 3.7425 24.6985 64.0437 0.6932988 CC(C)c1ccc(-c2nc(CN3CCN(c4ccccc4Cl)CC3)co2)cc1 1 0.5753490 0.5753 0.8354289 -8.7700
 | 5.1612 24.5817 72.2038 0.7561368 CC(c1ccccc1)N1CCN(C(=O)c2cccc3ccccc23)CC1 1 0.7047477 0.7047 0.8112732 -8.6400
 | 8.1754 26.9671 58.7403 0.6695892 Cc1cccc(CCNC(=O)CN2CCN(C(=O)c3ccccc3)CC2)c1 1 0.8530864 0.8531 0.5255619 -7.5800
 | 4.6874 32.0607 62.2068 0.7364650 Cc1cccc(F)c1C(=O)N1CCCC(c2noc(Cc3ccccc3)n2)C1 1 0.6839505 0.6840 0.7930116 -8.5500
20:32:30 <INFO> Score: 0.72 Agent NLL: 6.75 Valid: 100% Step: 292
 | Agent Prior Target Score SMILES SMILES_state QED QED (raw) maize maize (raw)
 | 4.5056 35.4700 59.5539 0.7423745 CC(=O)SCC(=O)c1cccc(C(=O)Nc2ccc(C)c(C)c2)c1 1 0.8344918 0.8345 0.6604257 -8.0200
 | 9.3046 34.2917 61.1910 0.7459586 CC(=O)c1cccc(C(=O)Nc2ccc(C)c(C(C)(C)C)c2)c1 1 0.8317970 0.8318 0.6689783 -8.0500
 | 6.5496 32.1533 60.7291 0.7256440 Cc1cccc(F)c1C(=O)N1CCC(C(=O)N2CCc3ccccc32)CC1 1 0.8151857 0.8152 0.6459377 -7.9700
 | 6.6333 32.2168 53.9890 0.6734831 Cc1cccc(NC(=O)c2cccc(CNc3ccc(C(C)(C)C)cc3)c2)c1 1 0.5632240 0.5632 0.8053270 -8.6100
20:32:42 <INFO> Score: 0.74 Agent NLL: 5.25 Valid: 100% Step: 293
 | Agent Prior Target Score SMILES SMILES_state QED QED (raw) maize maize (raw)
 | 3.8879 26.6314 76.3600 0.8046201 CN1CCN(C(=O)c2ccc(C(=O)Nc3ccc(C(C)(C)C)cc3)cc2)CC1 1 0.8861113 0.8861 0.7306232 -8.2800
 | 3.8098 24.2541 68.7102 0.7262830 Cc1cccc(NC(=O)c2ccc(N3CCN(C)CC3)cc2)c1C 1 0.9411589 0.9412 0.5604653 -7.6900
 | 6.4286 39.7930 56.0131 0.7484852 Cc1ccccc1C(=O)N1CCC2C(=O)CN(Cc3ccccn3)CC2C1 1 0.8410102 0.8410 0.6661394 -8.0400
 | 6.8613 25.8687 63.4854 0.6980795 O=C(c1cccc(F)c1)N1CCC(C(=O)N2CCc3ccccc32)CC1 1 0.8323076 0.8323 0.5854987 -7.7700
20:32:58 <INFO> Score: 0.58 Agent NLL: 8.20 Valid: 100% Step: 294
 | Agent Prior Target Score SMILES SMILES_state QED QED (raw) maize maize (raw)
 | 6.9205 35.0957 51.5822 0.6771709 CC(C)N(C(=O)c1cnccn1)C1CCN(C(=O)c2cccc3ccccc23)CC1 1 0.6660289 0.6660 0.6884992 -8.1200
 | 11.6905 20.3846 8.1387 0.2228383 CNS(=O)(=O)CCc1ccccc1 1 0.7785208 0.7785 0.0637836 -5.4000
 | 10.0073 39.7597 49.8620 0.7001692 Cc1cccc(NC(=O)c2cccc(CNC(C)C(=O)c3cccc(Cl)c3)c2)c1 1 0.5258424 0.5258 0.9322886 -9.5500
 | 4.1751 21.1904 69.9242 0.7118330 O=C(OCC1CCN(CCc2ccccc2)CC1)c1ccccc1 1 0.7574329 0.7574 0.6689783 -8.0500
20:32:58 <INFO> Score: 0.72 Agent NLL: 4.63 Valid: 100% Step: 295
 | Agent Prior Target Score SMILES SMILES_state QED QED (raw) maize maize (raw)
 | 4.4393 26.3279 63.1673 0.6991813 CC(=O)c1cccc(NC(=O)c2ccc(NC(=O)c3ccncc3)cc2)c1 1 0.6785551 0.6786 0.7204345 -8.2400
 | 4.2364 25.6072 58.8842 0.6600887 Cc1cccc(C(=O)N2CCC(C(=O)N3CCc4ccccc43)CC2)c1 1 0.8341137 0.8341 0.5223714 -7.5700
 | 4.7674 22.6733 77.5285 0.7828261 Cc1cccc(NC(=O)CN2CCN(C(=O)c3ccccc3)CC2)c1 1 0.9319683 0.9320 0.6575510 -8.0100
 | 5.0906 30.9805 63.6776 0.7395159 Cc1ccccc1NC(=O)c1ccc(=NC(=O)c2cccc(C(F)(F)F)c2)[nH]c1 1 0.6878146 0.6878 0.7951035 -8.5600
20:32:58 <INFO> Score: 0.72 Agent NLL: 5.15 Valid: 100% Step: 296
 | Agent Prior Target Score SMILES SMILES_state QED QED (raw) maize maize (raw)
 | 5.0104 39.8532 50.8586 0.7086855 CC(C)(C)c1ccc(S(=O)(=O)c2ccc(C=CC(=O)N3CCC(C(=O)N4CCOCC4)CC3)cc2)cc1 1 0.5537602 0.5538 0.9069542 -9.2800
 | 3.7489 24.6985 64.0437 0.6932988 CC(C)c1ccc(-c2nc(CN3CCN(c4ccccc4Cl)CC3)co2)cc1 1 0.5753490 0.5753 0.8354289 -8.7700
 | 5.9948 27.3931 64.4931 0.7178610 COc1cccc(C(=O)N2CCCC(c3noc(Cc4ccccc4)n3)C2)c1 1 0.6782843 0.6783 0.7597469 -8.4000
 | 5.8532 62.7564 33.0552 0.7485286 Cc1ccccc1C(=O)N1CCC(C(N2CC(F)CC(C(=O)N=c3ccc(C#N)c[nH]3)C2)C(C)(C)C)CC1 1 0.6537579 0.6538 0.8570375 -8.9000
20:32:58 <INFO> Score: 0.76 Agent NLL: 4.83 Valid: 100% Step: 297
 | Agent Prior Target Score SMILES SMILES_state QED QED (raw) maize maize (raw)
 | 4.2975 26.8189 63.0135 0.7018156 CN1CCN(CCN=c2cc(N3CCOCC3)[nH]c3ccccc23)CC1 1 0.8939264 0.8939 0.5509906 -7.6600
 | 3.9690 31.9070 76.9003 0.8500568 CNS(=O)(=O)c1cccc(C(=O)N2CCC(C(=O)N3CCc4ccccc43)CC2)c1 1 0.8090284 0.8090 0.8931659 -9.1600
 | 6.7706 30.1654 56.9046 0.6802345 CS(=O)(=O)c1ccccc1-c1ccc(Cl)c(C(=O)N=c2ccc(C#N)c[nH]2)c1 1 0.7131284 0.7131 0.6488579 -7.9800
 | 4.2655 29.3586 74.1254 0.8084687 Cc1ccccc1CCNC(=O)C1CCN(C(=O)c2cccc3ccccc23)CC1 1 0.6918155 0.6918 0.9447919 -9.7200
20:33:41 <INFO> Score: 0.71 Agent NLL: 8.94 Valid: 100% Step: 298
 | Agent Prior Target Score SMILES SMILES_state QED QED (raw) maize maize (raw)
 | 4.0836 26.6314 76.3600 0.8046201 CN1CCN(C(=O)c2ccc(C(=O)Nc3ccc(C(C)(C)C)cc3)cc2)CC1 1 0.8861113 0.8861 0.7306232 -8.2800
 | 17.3516 35.6913 43.1493 0.6159423 Cc1cc(NC(=O)c2cccc(C(=O)Nc3ccc(CCN4CCN(C)CC4)cc3)c2)ccc1Cl 1 0.4919238 0.4919 0.7712271 -8.4500
 | 4.4576 24.8865 63.7948 0.6928225 CN1CCN(Cc2ccc(NC(=O)c3cc(C(C)(C)C)nn3Cc3ccccc3)cc2)CC1 1 0.6170280 0.6170 0.7779274 -8.4800
 | 9.8600 70.9218 19.8825 0.7094084 CNS(=O)(=O)c1cccc(C(=O)N2CCC(C(N3CC(F)CC(C(=O)N=c4ccc(C#N)c[nH]4)C3)C(C)(C)C)C2)c1 1 0.5350138 0.5350 0.9406490 -9.6600
20:33:50 <INFO> Score: 0.70 Agent NLL: 7.10 Valid: 100% Step: 299
 | Agent Prior Target Score SMILES SMILES_state QED QED (raw) maize maize (raw)
 | 4.8139 31.9241 65.4393 0.7606516 CC(C)(C)c1ccc(NC(=O)c2ccc(=NC(=O)c3cccc(Cl)c3)[nH]c2)cc1 1 0.6435098 0.6435 0.8991174 -9.2100
 | 15.6461 37.5098 26.4436 0.4996357 Cc1cccc(C(C)C(c2ccccc2)N2CCc3ccccc32)c1 1 0.5762038 0.5762 0.4332422 -7.2900
 | 4.3099 24.2541 68.7102 0.7262830 Cc1cccc(NC(=O)c2ccc(N3CCN(C)CC3)cc2)c1C 1 0.9411589 0.9412 0.5604653 -7.6900
 | 3.6340 29.3586 74.1254 0.8084687 Cc1ccccc1CCNC(=O)C1CCN(C(=O)c2cccc3ccccc23)CC1 1 0.6918155 0.6918 0.9447919 -9.7200
20:34:00 <INFO> Score: 0.60 Agent NLL: 7.78 Valid: 100% Step: 300
 | Agent Prior Target Score SMILES SMILES_state QED QED (raw) maize maize (raw)
 | 4.2322 37.1666 55.2612 0.7220921 CC(=O)C1=C(c2ccccc2)CCN(CC#Cc2ccccc2)C1c1ccccc1 1 0.5453114 0.5453 0.9561821 -9.9100
 | 10.9480 27.4327 50.3413 0.6076101 CC(=O)C=Cc1ccc(S(=O)(=O)c2ccc(C(C)(C)C)cc2)cc1 1 0.7729646 0.7730 0.4776286 -7.4300
 | 12.3017 28.7847 17.4015 0.3608299 CNS(=O)(=O)c1cccc(-c2ccc(Cl)cc2)c1-c1ccccc1 1 0.7423054 0.7423 0.1753972 -6.2900
 | 3.6226 30.4169 60.3678 0.7092557 Cc1ccccc1NC(=O)c1ccc(=NC(=O)c2cccc(Cl)c2)[nH]c1 1 0.7365356 0.7365 0.6829861 -8.1000
20:34:00 <INFO> Score: 0.70 Agent NLL: 4.80 Valid: 100% Step: 301
 | Agent Prior Target Score SMILES SMILES_state QED QED (raw) maize maize (raw)
 | 3.5586 35.4700 59.5539 0.7423745 CC(=O)SCC(=O)c1cccc(C(=O)Nc2ccc(C)c(C)c2)c1 1 0.8344918 0.8345 0.6604257 -8.0200
 | 6.6914 29.6764 58.2737 0.6871105 CC(C(=O)c1ccccc1)N1CCN(C(=O)c2cccc3ccccc23)CC1 1 0.6529991 0.6530 0.7230037 -8.2500
 | 3.8526 24.6985 64.0437 0.6932988 CC(C)c1ccc(-c2nc(CN3CCN(c4ccccc4Cl)CC3)co2)cc1 1 0.5753490 0.5753 0.8354289 -8.7700
 | 5.1087 32.2168 53.9890 0.6734831 Cc1cccc(NC(=O)c2cccc(CNc3ccc(C(C)(C)C)cc3)c2)c1 1 0.5632240 0.5632 0.8053270 -8.6100
20:34:00 <INFO> Score: 0.72 Agent NLL: 5.45 Valid: 100% Step: 302
 | Agent Prior Target Score SMILES SMILES_state QED QED (raw) maize maize (raw)
 | 4.6422 26.3279 63.1673 0.6991813 CC(=O)c1cccc(NC(=O)c2ccc(NC(=O)c3ccncc3)cc2)c1 1 0.6785551 0.6786 0.7204345 -8.2400
 | 6.8542 27.4454 65.7089 0.7277681 Cc1cccc(NC(=O)c2cccc(C(=O)Nc3ccc(C(C)(C)C)cc3)c2)c1 1 0.5954774 0.5955 0.8894484 -9.1300
 | 4.8519 29.4096 64.6859 0.7351211 Cc1ccccc1CCNC(=O)CC(N)Cc1ccccc1F 1 0.8254654 0.8255 0.6546646 -8.0000
20:34:01 <WARN> Maximum number of steps of 302 reached in stage 1. Terminating all stages.
20:34:01 <INFO> Peak main memory usage: 2071.258 MiB
20:34:01 <INFO> Finished REINVENT on 2025-08-27
